Name,p1_head,p1_neck,p1_body,p1_r_arm_up,p1_r_arm_low,p1_r_hand,p1_l_arm_up,p1_l_arm_low,p1_l_hand,p1_r_leg_up,p1_r_leg_low,p1_r_foot,p1_l_leg_up,p1_l_leg_low,p1_l_foot,p1_main_weapon,p1_sub_weapon,p1_special_1,p1_special_2,p1_special_3,p1_special_4,p1_special_5,p1_special_6,p1_special_7,p1_special_8,p1_special_9,p1_special_10,p2_head,p2_neck,p2_body,p2_r_arm_up,p2_r_arm_low,p2_r_hand,p2_l_arm_up,p2_l_arm_low,p2_l_hand,p2_r_leg_up,p2_r_leg_low,p2_r_foot,p2_l_leg_up,p2_l_leg_low,p2_l_foot,p2_main_weapon,p2_sub_weapon,p2_special_1,p2_special_2,p2_special_3,p2_special_4,p2_special_5,p2_special_6,p2_special_7,p2_special_8,p2_special_9,p2_special_10,p3_head,p3_neck,p3_body,p3_r_arm_up,p3_r_arm_low,p3_r_hand,p3_l_arm_up,p3_l_arm_low,p3_l_hand,p3_r_leg_up,p3_r_leg_low,p3_r_foot,p3_l_leg_up,p3_l_leg_low,p3_l_foot,p3_main_weapon,p3_sub_weapon,p3_special_1,p3_special_2,p3_special_3,p3_special_4,p3_special_5,p3_special_6,p3_special_7,p3_special_8,p3_special_9,p3_special_10,p4_head,p4_neck,p4_body,p4_r_arm_up,p4_r_arm_low,p4_r_hand,p4_l_arm_up,p4_l_arm_low,p4_l_hand,p4_r_leg_up,p4_r_leg_low,p4_r_foot,p4_l_leg_up,p4_l_leg_low,p4_l_foot,p4_main_weapon,p4_sub_weapon,p4_special_1,p4_special_2,p4_special_3,p4_special_4,p4_special_5,p4_special_6,p4_special_7,p4_special_8,p4_special_9,p4_special_10,effect_1,effect_2,effect_3,effect_4,effect_5,effect_6,effect_7,effect_8,frame_property,animation_property,sound_effect
CityBow/0,"rodhinbar,head,9,-483.4,-4,0,6,1,1,0","rodhinbar,neck,-4,-440.4,2,0,9,1,1,0","rodhinbar,body,-8.8,-340.4,-6.5,0,6,1,1,0","rodhinbar,arm_up,-73,-362.4,-12.4,0,5,1,1,0","rodhinbar,arm_low,-50.8,-285.2,54,0,4,1,1,0","rodhinbar,fist,10.8,-247.6,53,0,5,1,1,0","rodhinbar,arm_up,56,-355.6,19.8,1,26,1,1,0","rodhinbar,arm_low,85.2,-278.4,14.3,1,16,1,1,0","rodhinbar,fist,98.8,-223.6,29.7,1,18,1,1,0","rodhinbar,leg_up,-41,-198.4,-14.2,0,8,1,1,0","rodhinbar,leg_low,-65,-76.4,-6,0,10,1,1,0","rodhinbar,foot,-46.8,-13.4,-4.1,0,13,1,1,0","rodhinbar,leg_up,26,-194.4,11.7,0,12,1,1,0","rodhinbar,leg_low,32,-75.4,-1,0,13,1,1,0","rodhinbar,foot,56.2,-16.4,-1,0,15,1,1,0",,,"rodhinbar,turban,-33.6,-464.8,-6,0,4,1,1,0",,,,,,,,,,,,,,,,,,,,,,,,,,,,,,,,,,,,,,,,,,,,,,,,,,,,,,,,,,,,,,,,,,,,,,,,,,,,,,,,,,,,,,,,,,,,,,,,,,,,,
CityBow/1,"rodhinbar,head,15,-477.4,-7,0,6,1,1,0","rodhinbar,neck,4,-436.4,2,0,9,1,1,0","rodhinbar,body,-8.8,-334.4,-4.5,0,6,1,1,0","rodhinbar,arm_up,-67,-354.4,-12.4,0,5,1,1,0","rodhinbar,arm_low,-44.8,-313.2,88,0,4,1,1,0","rodhinbar,fist,29.2,-315.2,83,0,5,1,1,0","rodhinbar,arm_up,58,-349.6,19.8,1,26,1,1,0","rodhinbar,arm_low,87.2,-272.4,14.3,1,16,1,1,0","rodhinbar,fist,100.8,-217.6,29.7,1,18,1,1,0","rodhinbar,leg_up,-41,-194.4,-14.2,0,8,1,1,0","rodhinbar,leg_low,-65,-76.4,-8,0,10,1,1,0","rodhinbar,foot,-46.8,-13.4,-2.1,0,13,1,1,0","rodhinbar,leg_up,28,-190.4,10.7,0,12,1,1,0","rodhinbar,leg_low,32,-75.4,-1,0,13,1,1,0","rodhinbar,foot,56.2,-16.4,-1,0,15,1,1,0",,,"rodhinbar,turban,-29.6,-458.8,-7,0,4,1,1,0",,,,,,,,,,,,,,,,,,,,,,,,,,,,,,,,,,,,,,,,,,,,,,,,,,,,,,,,,,,,,,,,,,,,,,,,,,,,,,,,,,,,,,,,,,,,,,,,,,,,,
CityBow/2,"rodhinbar,head,15,-473.4,-10,0,6,1,1,0","rodhinbar,neck,4,-434.4,2,0,9,1,1,0","rodhinbar,body,-8.8,-330.4,-6.5,0,6,1,1,0","rodhinbar,arm_up,-41,-352.4,14,0,5,1,1,0","rodhinbar,arm_low,3.6,-334.6,130,0,4,1,1,0","rodhinbar,fist,45.6,-374.6,122,0,5,1,1,0","rodhinbar,arm_up,62,-343.6,19.8,1,26,1,1,0","rodhinbar,arm_low,79.2,-266.4,6.3,1,16,1,1,0","rodhinbar,fist,88.8,-205.6,26.7,1,18,1,1,0","rodhinbar,leg_up,-41,-194.4,-16.2,0,8,1,1,0","rodhinbar,leg_low,-65,-76.4,-8,0,10,1,1,0","rodhinbar,foot,-46.8,-13.4,-2.1,0,13,1,1,0","rodhinbar,leg_up,28,-186.4,12.7,0,12,1,1,0","rodhinbar,leg_low,32,-75.4,-3,0,13,1,1,0","rodhinbar,foot,56.2,-16.4,-3,0,15,1,1,0",,,"rodhinbar,turban,-29.6,-458.8,-10,0,4,1,1,0",,,,,,,,,,,,,,,,,,,,,,,,,,,,,,,,,,,,,,,,,,,,,,,,,,,,,,,,,,,,,,,,,,,,,,,,,,,,,,,,,,,,,,,,,,,,,,,,,,,,,
CityBow/3,"rodhinbar,head,41,-463.4,-22,0,6,1,1,0","rodhinbar,neck,24,-428.4,-5,0,9,1,1,0","rodhinbar,body,1.2,-324.4,-12.5,0,6,1,1,0","rodhinbar,arm_up,-27,-348.4,14,0,5,1,1,0","rodhinbar,arm_low,17.6,-330.6,130,0,4,1,1,0","rodhinbar,fist,59.6,-370.6,122,0,5,1,1,0","rodhinbar,arm_up,58,-343.6,10.8,1,26,1,1,0","rodhinbar,arm_low,79.2,-254.4,6.3,1,16,1,1,0","rodhinbar,fist,88.8,-193.6,26.7,1,18,1,1,0","rodhinbar,leg_up,-41,-194.4,-16.2,0,8,1,1,0","rodhinbar,leg_low,-65,-76.4,-8,0,10,1,1,0","rodhinbar,foot,-46.8,-13.4,-2.1,0,13,1,1,0","rodhinbar,leg_up,30,-182.4,21.7,0,12,1,1,0","rodhinbar,leg_low,36,-75.4,-9,0,13,1,1,0","rodhinbar,foot,56.2,-16.4,-3,0,15,1,1,0",,,"rodhinbar,turban,-1.6,-454.8,1,0,4,1,1,0",,,,,,,,,,,,,,,,,,,,,,,,,,,,,,,,,,,,,,,,,,,,,,,,,,,,,,,,,,,,,,,,,,,,,,,,,,,,,,,,,,,,,,,,,,,,,,,,,,,play_time_mod_1.2,,
CityBow/4,"rodhinbar,head,77,-441.4,-27,0,6,1,1,0","rodhinbar,neck,54,-412.4,-16,0,9,1,1,0","rodhinbar,body,11.2,-310.4,-21.5,0,6,1,1,0","rodhinbar,arm_up,-7,-338.4,10,0,5,1,1,0","rodhinbar,arm_low,37.6,-320.6,126,0,4,1,1,0","rodhinbar,fist,81.6,-354.6,118,0,5,1,1,0","rodhinbar,arm_up,58,-343.6,10.8,1,26,1,1,0","rodhinbar,arm_low,79.2,-254.4,6.3,1,16,1,1,0","rodhinbar,fist,88.8,-187.6,24.7,1,18,1,1,0","rodhinbar,leg_up,-41,-194.4,-16.2,0,8,1,1,0","rodhinbar,leg_low,-65,-76.4,-8,0,10,1,1,0","rodhinbar,foot,-46.8,-13.4,-2.1,0,13,1,1,0","rodhinbar,leg_up,38,-182.4,26.7,0,12,1,1,0","rodhinbar,leg_low,38,-75.4,-9,0,13,1,1,0","rodhinbar,foot,56.2,-16.4,-3,0,15,1,1,0",,,"rodhinbar,turban,40.4,-432.8,0,0,4,1,1,0",,,,,,,,,,,,,,,,,,,,,,,,,,,,,,,,,,,,,,,,,,,,,,,,,,,,,,,,,,,,,,,,,,,,,,,,,,,,,,,,,,,,,,,,,,,,,,,,,,,"play_time_mod_1.5,hold",,
CityIdle/0,"rodhinbar,head,13,-483.4,-4,0,6,1,1,0","rodhinbar,neck,-2,-440.4,2,0,9,1,1,0","rodhinbar,body,-10.8,-340.4,-5.5,0,6,1,1,0","rodhinbar,arm_up,-73,-362.4,-14.4,0,5,1,1,0","rodhinbar,arm_low,-83.8,-286.4,2.2,0,4,1,1,0","rodhinbar,fist,-76.8,-214,-2.2,0,5,1,1,0","rodhinbar,arm_up,54,-351.6,13.8,1,26,1,1,0","rodhinbar,arm_low,79.2,-270.4,12.3,1,16,1,1,0","rodhinbar,fist,92.8,-209.6,27.7,1,18,1,1,0","rodhinbar,leg_up,-41,-194.4,-14.2,0,8,1,1,0","rodhinbar,leg_low,-65,-76.4,-6,0,10,1,1,0","rodhinbar,foot,-46.8,-13.4,-4.1,0,13,1,1,0","rodhinbar,leg_up,28,-194.4,11.7,0,12,1,1,0","rodhinbar,leg_low,32,-75.4,-1,0,13,1,1,0","rodhinbar,foot,56.2,-16.4,-1,0,15,1,1,0",,,"rodhinbar,turban,-31.6,-460.8,-1,0,4,1,1,0",,,,,,,,,,,,,,,,,,,,,,,,,,,,,,,,,,,,,,,,,,,,,,,,,,,,,,,,,,,,,,,,,,,,,,,,,,,,,,,,,,,,,,,,,,,,,,,,,,,,,
CityIdle/1,"rodhinbar,head,3,-483.4,-2,0,6,1,1,0","rodhinbar,neck,-4,-440.4,2,0,9,1,1,0","rodhinbar,body,-12.8,-340.4,-3.5,0,6,1,1,0","rodhinbar,arm_up,-75,-358.4,-12.4,0,5,1,1,0","rodhinbar,arm_low,-85.8,-282.4,2.2,0,4,1,1,0","rodhinbar,fist,-78.8,-210,-2.2,0,5,1,1,0","rodhinbar,arm_up,50,-351.6,13.8,1,26,1,1,0","rodhinbar,arm_low,73.2,-270.4,12.3,1,16,1,1,0","rodhinbar,fist,86.8,-207.6,22.7,1,18,1,1,0","rodhinbar,leg_up,-41,-194.4,-14.2,0,8,1,1,0","rodhinbar,leg_low,-65,-76.4,-6,0,10,1,1,0","rodhinbar,foot,-46.8,-13.4,-4.1,0,13,1,1,0","rodhinbar,leg_up,28,-194.4,9.7,0,12,1,1,0","rodhinbar,leg_low,32,-75.4,-1,0,13,1,1,0","rodhinbar,foot,56.2,-16.4,-1,0,15,1,1,0",,,"rodhinbar,turban,-37.6,-460.8,0,0,4,1,1,0",,,,,,,,,,,,,,,,,,,,,,,,,,,,,,,,,,,,,,,,,,,,,,,,,,,,,,,,,,,,,,,,,,,,,,,,,,,,,,,,,,,,,,,,,,,,,,,,,,,play_time_mod_1.3,,
CityIdle/2,"rodhinbar,head,-1,-483.4,0,0,6,1,1,0","rodhinbar,neck,-4,-440.4,2,0,9,1,1,0","rodhinbar,body,-12.8,-340.4,-1.5,0,6,1,1,0","rodhinbar,arm_up,-79,-358.4,-12.4,0,5,1,1,0","rodhinbar,arm_low,-89.8,-282.4,2.2,0,4,1,1,0","rodhinbar,fist,-82.8,-210,-2.2,0,5,1,1,0","rodhinbar,arm_up,46,-355.6,13.8,1,26,1,1,0","rodhinbar,arm_low,69.2,-276.4,12.3,1,16,1,1,0","rodhinbar,fist,82.8,-211.6,27.7,1,18,1,1,0","rodhinbar,leg_up,-41,-194.4,-14.2,0,8,1,1,0","rodhinbar,leg_low,-65,-76.4,-6,0,10,1,1,0","rodhinbar,foot,-46.8,-13.4,-4.1,0,13,1,1,0","rodhinbar,leg_up,28,-194.4,9.7,0,12,1,1,0","rodhinbar,leg_low,32,-75.4,-1,0,13,1,1,0","rodhinbar,foot,56.2,-16.4,-1,0,15,1,1,0",,,"rodhinbar,turban,-41.6,-460.8,4,0,4,1,1,0",,,,,,,,,,,,,,,,,,,,,,,,,,,,,,,,,,,,,,,,,,,,,,,,,,,,,,,,,,,,,,,,,,,,,,,,,,,,,,,,,,,,,,,,,,,,,,,,,,,play_time_mod_1.6,,
CityIdle/3,"rodhinbar,head,3,-483.4,-2,0,6,1,1,0","rodhinbar,neck,-4,-440.4,2,0,9,1,1,0","rodhinbar,body,-12.8,-340.4,-3.5,0,6,1,1,0","rodhinbar,arm_up,-75,-358.4,-12.4,0,5,1,1,0","rodhinbar,arm_low,-85.8,-282.4,2.2,0,4,1,1,0","rodhinbar,fist,-78.8,-210,-2.2,0,5,1,1,0","rodhinbar,arm_up,50,-351.6,13.8,1,26,1,1,0","rodhinbar,arm_low,73.2,-270.4,12.3,1,16,1,1,0","rodhinbar,fist,86.8,-207.6,22.7,1,18,1,1,0","rodhinbar,leg_up,-41,-194.4,-14.2,0,8,1,1,0","rodhinbar,leg_low,-65,-76.4,-6,0,10,1,1,0","rodhinbar,foot,-46.8,-13.4,-4.1,0,13,1,1,0","rodhinbar,leg_up,28,-194.4,9.7,0,12,1,1,0","rodhinbar,leg_low,32,-75.4,-1,0,13,1,1,0","rodhinbar,foot,56.2,-16.4,-1,0,15,1,1,0",,,"rodhinbar,turban,-37.6,-460.8,0,0,4,1,1,0",,,,,,,,,,,,,,,,,,,,,,,,,,,,,,,,,,,,,,,,,,,,,,,,,,,,,,,,,,,,,,,,,,,,,,,,,,,,,,,,,,,,,,,,,,,,,,,,,,,play_time_mod_1.9,,
CityIdle/4,"rodhinbar,head,13,-483.4,-4,0,6,1,1,0","rodhinbar,neck,-2,-440.4,2,0,9,1,1,0","rodhinbar,body,-10.8,-340.4,-5.5,0,6,1,1,0","rodhinbar,arm_up,-73,-362.4,-14.4,0,5,1,1,0","rodhinbar,arm_low,-83.8,-286.4,2.2,0,4,1,1,0","rodhinbar,fist,-76.8,-214,-2.2,0,5,1,1,0","rodhinbar,arm_up,54,-351.6,13.8,1,26,1,1,0","rodhinbar,arm_low,79.2,-270.4,12.3,1,16,1,1,0","rodhinbar,fist,92.8,-209.6,27.7,1,18,1,1,0","rodhinbar,leg_up,-41,-194.4,-14.2,0,8,1,1,0","rodhinbar,leg_low,-65,-76.4,-6,0,10,1,1,0","rodhinbar,foot,-46.8,-13.4,-4.1,0,13,1,1,0","rodhinbar,leg_up,28,-194.4,11.7,0,12,1,1,0","rodhinbar,leg_low,32,-75.4,-1,0,13,1,1,0","rodhinbar,foot,56.2,-16.4,-1,0,15,1,1,0",,,"rodhinbar,turban,-31.6,-460.8,-1,0,4,1,1,0",,,,,,,,,,,,,,,,,,,,,,,,,,,,,,,,,,,,,,,,,,,,,,,,,,,,,,,,,,,,,,,,,,,,,,,,,,,,,,,,,,,,,,,,,,,,,,,,,,,play_time_mod_1.6,,
CityIdle/5,"rodhinbar,head,15,-481.4,-5,0,6,1,1,0","rodhinbar,neck,4,-442.4,2,0,9,1,1,0","rodhinbar,body,-8.8,-338.4,-4.5,0,6,1,1,0","rodhinbar,arm_up,-69,-360.4,-12.4,0,5,1,1,0","rodhinbar,arm_low,-79.8,-284.4,2.2,0,4,1,1,0","rodhinbar,fist,-72.8,-212,-2.2,0,5,1,1,0","rodhinbar,arm_up,56,-347.6,13.8,1,26,1,1,0","rodhinbar,arm_low,79.2,-264.4,12.3,1,16,1,1,0","rodhinbar,fist,94.8,-201.6,27.7,1,18,1,1,0","rodhinbar,leg_up,-41,-194.4,-14.2,0,8,1,1,0","rodhinbar,leg_low,-65,-76.4,-6,0,10,1,1,0","rodhinbar,foot,-46.8,-13.4,-4.1,0,13,1,1,0","rodhinbar,leg_up,28,-194.4,10.7,0,12,1,1,0","rodhinbar,leg_low,32,-75.4,-1,0,13,1,1,0","rodhinbar,foot,56.2,-16.4,-1,0,15,1,1,0",,,"rodhinbar,turban,-27.6,-458.8,0,0,4,1,1,0",,,,,,,,,,,,,,,,,,,,,,,,,,,,,,,,,,,,,,,,,,,,,,,,,,,,,,,,,,,,,,,,,,,,,,,,,,,,,,,,,,,,,,,,,,,,,,,,,,,play_time_mod_1.2,,
CitySurprise/0,"rodhinbar,head,7,-483.4,-4,0,6,1,1,0","rodhinbar,neck,-4,-440.4,2,0,9,1,1,0","rodhinbar,body,-8.8,-340.4,-1.5,0,6,1,1,0","rodhinbar,arm_up,-79,-358.4,-12.4,0,5,1,1,0","rodhinbar,arm_low,-73.8,-282.4,23.2,0,4,1,1,0","rodhinbar,fist,-46.8,-216,10.8,0,5,1,1,0","rodhinbar,arm_up,56,-355.6,19.8,1,26,1,1,0","rodhinbar,arm_low,85.2,-278.4,14.3,1,16,1,1,0","rodhinbar,fist,98.8,-223.6,29.7,1,18,1,1,0","rodhinbar,leg_up,-41,-198.4,-14.2,0,8,1,1,0","rodhinbar,leg_low,-65,-76.4,-6,0,10,1,1,0","rodhinbar,foot,-46.8,-13.4,-4.1,0,13,1,1,0","rodhinbar,leg_up,32,-194.4,9.7,0,12,1,1,0","rodhinbar,leg_low,32,-75.4,-1,0,13,1,1,0","rodhinbar,foot,56.2,-16.4,-1,0,15,1,1,0",,,"rodhinbar,turban,-41.6,-464.8,-4,0,4,1,1,0",,,,,,,,,,,,,,,,,,,,,,,,,,,,,,,,,,,,,,,,,,,,,,,,,,,,,,,,,,,,,,,,,,,,,,,,,,,,,,,,,,,,,,,,,,,,,,,,,,,,,
CitySurprise/1,"rodhinbar,head,21,-483.4,-7,0,6,1,1,0","rodhinbar,neck,10,-440.4,-1,0,9,1,1,0","rodhinbar,body,-2.8,-340.4,-4.5,0,6,1,1,0","rodhinbar,arm_up,-63,-358.4,-4.4,0,5,1,1,0","rodhinbar,arm_low,-35.8,-292.4,55.2,0,4,1,1,0","rodhinbar,fist,13.2,-246,23.8,0,5,1,1,0","rodhinbar,arm_up,58,-355.6,13.8,1,26,1,1,0","rodhinbar,arm_low,93.2,-278.4,21.3,1,16,1,1,0","rodhinbar,fist,116.8,-219.6,32.7,1,18,1,1,0","rodhinbar,leg_up,-41,-198.4,-14.2,0,8,1,1,0","rodhinbar,leg_low,-65,-76.4,-6,0,10,1,1,0","rodhinbar,foot,-46.8,-13.4,-4.1,0,13,1,1,0","rodhinbar,leg_up,32,-194.4,9.7,0,12,1,1,0","rodhinbar,leg_low,32,-75.4,-1,0,13,1,1,0","rodhinbar,foot,56.2,-16.4,-1,0,15,1,1,0",,,"rodhinbar,turban,-27.6,-464.8,-7,0,4,1,1,0",,,,,,,,,,,,,,,,,,,,,,,,,,,,,,,,,,,,,,,,,,,,,,,,,,,,,,,,,,,,,,,,,,,,,,,,,,,,,,,,,,,,,,,,,,,,,,,,,,,,,
CitySurprise/2,"rodhinbar,head,33,-479.4,-11,0,6,1,1,0","rodhinbar,neck,22,-436.4,-5,0,9,1,1,0","rodhinbar,body,-0.8,-338.4,-10.5,0,6,1,1,0","rodhinbar,arm_up,-53,-362.4,-4.4,0,5,1,1,0","rodhinbar,arm_low,-15.8,-312.4,75.2,0,4,1,1,0","rodhinbar,fist,47.2,-304,76,0,5,1,1,0","rodhinbar,arm_up,46,-359.6,13.8,1,26,1,1,0","rodhinbar,arm_low,79.2,-278.4,21.3,1,16,1,1,0","rodhinbar,fist,104.8,-215.6,32.7,1,18,1,1,0","rodhinbar,leg_up,-41,-198.4,-14.2,0,8,1,1,0","rodhinbar,leg_low,-65,-76.4,-6,0,10,1,1,0","rodhinbar,foot,-46.8,-13.4,-4.1,0,13,1,1,0","rodhinbar,leg_up,32,-194.4,9.7,0,12,1,1,0","rodhinbar,leg_low,32,-75.4,-1,0,13,1,1,0","rodhinbar,foot,56.2,-16.4,-1,0,15,1,1,0",,,"rodhinbar,turban,-15.6,-464.8,-11,0,4,1,1,0",,,,,,,,,,,,,,,,,,,,,,,,,,,,,,,,,,,,,,,,,,,,,,,,,,,,,,,,,,,,,,,,,,,,,,,,,,,,,,,,,,,,,,,,,,,,,,,,,,,play_time_mod_0.7,,
CitySurprise/3,"rodhinbar,head,39,-479.4,-13,0,6,1,1,0","rodhinbar,neck,28,-436.4,-7,0,9,1,1,0","rodhinbar,body,3.2,-338.4,-12.5,0,6,1,1,0","rodhinbar,arm_up,-37,-362.4,6.6,0,5,1,1,0","rodhinbar,arm_low,12.2,-334.4,109,0,4,1,1,0","rodhinbar,fist,72,-360.4,103,0,5,1,1,0","rodhinbar,arm_up,68,-347.6,6.8,1,26,1,1,0","rodhinbar,arm_low,79.2,-264.4,3.3,1,16,1,1,0","rodhinbar,fist,80.8,-203.6,10.7,1,18,1,1,0","rodhinbar,leg_up,-41,-198.4,-14.2,0,8,1,1,0","rodhinbar,leg_low,-65,-76.4,-6,0,10,1,1,0","rodhinbar,foot,-46.8,-13.4,-4.1,0,13,1,1,0","rodhinbar,leg_up,32,-194.4,9.7,0,12,1,1,0","rodhinbar,leg_low,32,-75.4,-1,0,13,1,1,0","rodhinbar,foot,56.2,-16.4,-1,0,15,1,1,0",,,"rodhinbar,turban,-11.6,-468.8,-13,0,4,1,1,0",,,,,,,,,,,,,,,,,,,,,,,,,,,,,,,,,,,,,,,,,,,,,,,,,,,,,,,,,,,,,,,,,,,,,,,,,,,,,,,,,,,,,,,,,,,,,,,,,,,play_time_mod_0.8,,
CitySurprise/4,"rodhinbar,head,43,-479.4,-15,0,6,1,1,0","rodhinbar,neck,32,-436.4,-9,0,9,1,1,0","rodhinbar,body,3.2,-338.4,-14.5,0,6,1,1,0","rodhinbar,arm_up,-7,-372.4,32.6,0,5,1,1,0","rodhinbar,arm_low,42.2,-366.4,134,0,4,1,1,0","rodhinbar,fist,82,-406.4,110,0,5,1,1,0","rodhinbar,arm_up,68,-347.6,6.8,1,26,1,1,0","rodhinbar,arm_low,79.2,-260.4,0.3,1,16,1,1,0","rodhinbar,fist,76.8,-199.6,7.7,1,18,1,1,0","rodhinbar,leg_up,-41,-198.4,-14.2,0,8,1,1,0","rodhinbar,leg_low,-65,-76.4,-6,0,10,1,1,0","rodhinbar,foot,-46.8,-13.4,-4.1,0,13,1,1,0","rodhinbar,leg_up,32,-194.4,9.7,0,12,1,1,0","rodhinbar,leg_low,32,-75.4,-1,0,13,1,1,0","rodhinbar,foot,56.2,-16.4,-1,0,15,1,1,0",,,"rodhinbar,turban,-5.6,-464.8,-3,0,4,1,1,0",,,,,,,,,,,,,,,,,,,,,,,,,,,,,,,,,,,,,,,,,,,,,,,,,,,,,,,,,,,,,,,,,,,,,,,,,,,,,,,,,,,,,,,,,,,,,,,,,,,play_time_mod_0.6,,
CitySurprise/5,"rodhinbar,head,43,-479.4,-17,0,6,1,1,0","rodhinbar,neck,32,-436.4,-9,0,9,1,1,0","rodhinbar,body,3.2,-338.4,-14.5,0,6,1,1,0","rodhinbar,arm_up,-7,-372.4,32.6,0,5,1,1,0","rodhinbar,arm_low,38.2,-376.4,150,0,4,1,1,0","rodhinbar,fist,68,-430.4,122,0,5,1,1,0","rodhinbar,arm_up,64,-347.6,4.8,1,26,1,1,0","rodhinbar,arm_low,75.2,-260.4,0.3,1,16,1,1,0","rodhinbar,fist,72.8,-199.6,7.7,1,18,1,1,0","rodhinbar,leg_up,-41,-198.4,-14.2,0,8,1,1,0","rodhinbar,leg_low,-65,-76.4,-6,0,10,1,1,0","rodhinbar,foot,-46.8,-13.4,-4.1,0,13,1,1,0","rodhinbar,leg_up,32,-194.4,9.7,0,12,1,1,0","rodhinbar,leg_low,32,-75.4,-1,0,13,1,1,0","rodhinbar,foot,56.2,-16.4,-1,0,15,1,1,0",,,"rodhinbar,turban,-1.6,-468.8,1,0,4,1,1,0",,,,,,,,,,,,,,,,,,,,,,,,,,,,,,,,,,,,,,,,,,,,,,,,,,,,,,,,,,,,,,,,,,,,,,,,,,,,,,,,,,,,,,,,,,,,,,,,,,,hold,,
CityTalk/0,"rodhinbar,head,7,-483.4,-4,0,6,1,1,0","rodhinbar,neck,-4,-440.4,2,0,9,1,1,0","rodhinbar,body,-8.8,-340.4,-1.5,0,6,1,1,0","rodhinbar,arm_up,-79,-358.4,-12.4,0,5,1,1,0","rodhinbar,arm_low,-73.8,-282.4,23.2,0,4,1,1,0","rodhinbar,fist,-46.8,-216,10.8,0,5,1,1,0","rodhinbar,arm_up,56,-355.6,19.8,1,26,1,1,0","rodhinbar,arm_low,85.2,-278.4,14.3,1,16,1,1,0","rodhinbar,fist,98.8,-223.6,29.7,1,18,1,1,0","rodhinbar,leg_up,-43,-190.4,-14.2,0,8,1,1,0","rodhinbar,leg_low,-65,-76.4,-6,0,10,1,1,0","rodhinbar,foot,-46.8,-13.4,-4.1,0,13,1,1,0","rodhinbar,leg_up,32,-194.4,9.7,0,12,1,1,0","rodhinbar,leg_low,32,-75.4,-1,0,13,1,1,0","rodhinbar,foot,56.2,-16.4,-1,0,15,1,1,0",,,"rodhinbar,turban,-41.6,-464.8,-4,0,4,1,1,0",,,,,,,,,,,,,,,,,,,,,,,,,,,,,,,,,,,,,,,,,,,,,,,,,,,,,,,,,,,,,,,,,,,,,,,,,,,,,,,,,,,,,,,,,,,,,,,,,,,,,
CityTalk/1,"rodhinbar,head,15,-477.4,-7,0,6,1,1,0","rodhinbar,neck,4,-438.4,2,0,9,1,1,0","rodhinbar,body,-8.8,-334.4,-4.5,0,6,1,1,0","rodhinbar,arm_up,-73,-348.4,-12.4,0,5,1,1,0","rodhinbar,arm_low,-50.8,-307.2,94,0,4,1,1,0","rodhinbar,fist,21.2,-317.2,89,0,5,1,1,0","rodhinbar,arm_up,62,-345.6,19.8,1,26,1,1,0","rodhinbar,arm_low,91.2,-268.4,14.3,1,16,1,1,0","rodhinbar,fist,104.8,-213.6,29.7,1,18,1,1,0","rodhinbar,leg_up,-41,-194.4,-14.2,0,8,1,1,0","rodhinbar,leg_low,-65,-76.4,-8,0,10,1,1,0","rodhinbar,foot,-46.8,-13.4,-2.1,0,13,1,1,0","rodhinbar,leg_up,28,-192.4,11.7,0,12,1,1,0","rodhinbar,leg_low,32,-75.4,-1,0,13,1,1,0","rodhinbar,foot,56.2,-16.4,-1,0,15,1,1,0",,,"rodhinbar,turban,-29.6,-458.8,-7,0,4,1,1,0",,,,,,,,,,,,,,,,,,,,,,,,,,,,,,,,,,,,,,,,,,,,,,,,,,,,,,,,,,,,,,,,,,,,,,,,,,,,,,,,,,,,,,,,,,,,,,,,,,,,,
CityTalk/2,"rodhinbar,head,15,-473.4,-10,0,6,1,1,0","rodhinbar,neck,4,-434.4,2,0,9,1,1,0","rodhinbar,body,-8.8,-330.4,-6.5,0,6,1,1,0","rodhinbar,arm_up,-29,-358.4,37,0,5,1,1,0","rodhinbar,arm_low,45.6,-334.6,107,0,4,1,1,0","rodhinbar,fist,117.6,-358.6,99,0,5,1,1,0","rodhinbar,arm_up,62,-343.6,19.8,1,26,1,1,0","rodhinbar,arm_low,87.2,-266.4,14.3,1,16,1,1,0","rodhinbar,fist,102.8,-205.6,26.7,1,18,1,1,0","rodhinbar,leg_up,-41,-190.4,-16.2,0,8,1,1,0","rodhinbar,leg_low,-65,-76.4,-8,0,10,1,1,0","rodhinbar,foot,-46.8,-13.4,-2.1,0,13,1,1,0","rodhinbar,leg_up,28,-188.4,12.7,0,12,1,1,0","rodhinbar,leg_low,32,-75.4,-3,0,13,1,1,0","rodhinbar,foot,56.2,-16.4,-3,0,15,1,1,0",,,"rodhinbar,turban,-29.6,-458.8,-10,0,4,1,1,0",,,,,,,,,,,,,,,,,,,,,,,,,,,,,,,,,,,,,,,,,,,,,,,,,,,,,,,,,,,,,,,,,,,,,,,,,,,,,,,,,,,,,,,,,,,,,,,,,,,,,
CityTalk/3,"rodhinbar,head,19,-473.4,-5,0,6,1,1,0","rodhinbar,neck,4,-434.4,2,0,9,1,1,0","rodhinbar,body,-8.8,-330.4,-4.5,0,6,1,1,0","rodhinbar,arm_up,-21,-362.4,42,0,5,1,1,0","rodhinbar,arm_low,53.6,-346.6,113,0,4,1,1,0","rodhinbar,twopoint,135.6,-382.6,97,0,5,1,1,0","rodhinbar,arm_up,62,-343.6,19.8,1,26,1,1,0","rodhinbar,arm_low,89.2,-266.4,13.3,1,16,1,1,0","rodhinbar,fist,102.8,-203.6,24.7,1,18,1,1,0","rodhinbar,leg_up,-37,-192.4,-20.2,0,8,1,1,0","rodhinbar,leg_low,-65,-76.4,-8,0,10,1,1,0","rodhinbar,foot,-46.8,-13.4,-2.1,0,13,1,1,0","rodhinbar,leg_up,28,-190.4,10.7,0,12,1,1,0","rodhinbar,leg_low,32,-75.4,-3,0,13,1,1,0","rodhinbar,foot,56.2,-16.4,-3,0,15,1,1,0",,,"rodhinbar,turban,-19.6,-454.8,0,0,4,1,1,0",,,,,,,,,,,,,,,,,,,,,,,,,,,,,,,,,,,,,,,,,,,,,,,,,,,,,,,,,,,,,,,,,,,,,,,,,,,,,,,,,,,,,,,,,,,,,,,,,,,,,
CityTalk/4,"rodhinbar,head,13,-481.4,5,0,6,1,1,0","rodhinbar,neck,4,-434.4,2,0,9,1,1,0","rodhinbar,body,-8.8,-330.4,-2.5,0,6,1,1,0","rodhinbar,arm_up,-11,-384.4,67,0,5,1,1,0","rodhinbar,arm_low,77.6,-366.6,96,0,4,1,1,0","rodhinbar,twopoint,161.6,-382.6,83,0,5,1,1,0","rodhinbar,arm_up,62,-343.6,19.8,1,26,1,1,0","rodhinbar,arm_low,95.2,-266.4,17.3,1,16,1,1,0","rodhinbar,fist,114.8,-203.6,28.7,1,18,1,1,0","rodhinbar,leg_up,-37,-192.4,-20.2,0,8,1,1,0","rodhinbar,leg_low,-65,-76.4,-8,0,10,1,1,0","rodhinbar,foot,-46.8,-13.4,-2.1,0,13,1,1,0","rodhinbar,leg_up,28,-190.4,10.7,0,12,1,1,0","rodhinbar,leg_low,32,-75.4,-3,0,13,1,1,0","rodhinbar,foot,56.2,-16.4,-3,0,15,1,1,0",,,"rodhinbar,turban,-25.6,-456.8,3,0,4,1,1,0",,,,,,,,,,,,,,,,,,,,,,,,,,,,,,,,,,,,,,,,,,,,,,,,,,,,,,,,,,,,,,,,,,,,,,,,,,,,,,,,,,,,,,,,,,,,,,,,,,,"play_time_mod_1.5,hold",,
CityWalk/0,"rodhinbar,head,15,-465.4,-4,0,6,1,1,0","rodhinbar,neck,4,-418.4,-1,0,9,1,1,0","rodhinbar,body,-8.8,-318.4,-4.5,0,6,1,1,0","rodhinbar,arm_up,-79,-344.4,-24.4,0,5,1,1,0","rodhinbar,arm_low,-101.8,-270.4,-3.8,0,4,1,1,0","rodhinbar,fist,-102.8,-194,-11.2,0,5,1,1,0","rodhinbar,arm_up,56,-339.6,20.8,1,39,1,1,0","rodhinbar,arm_low,89.2,-274.4,24.3,1,29,1,1,0","rodhinbar,fist,120.8,-205.6,39.7,1,31,1,1,0","rodhinbar,leg_up,-11,-194.4,12.8,0,8,1,1,0","rodhinbar,leg_low,-3,-76.4,-5,0,10,1,1,0","rodhinbar,foot,13.2,-13.4,-4.1,0,13,1,1,0","rodhinbar,leg_up,10,-198.4,6.7,0,12,1,1,0","rodhinbar,leg_low,4,-83.4,-7,0,13,1,1,0","rodhinbar,foot,22.2,-22.4,-6,0,15,1,1,0",,,"rodhinbar,turban,-29.6,-444.8,-5,0,4,1,1,0",,,,,,,,,,,,,,,,,,,,,,,,,,,,,,,,,,,,,,,,,,,,,,,,,,,,,,,,,,,,,,,,,,,,,,,,,,,,,,,,,,,,,,,,,,,,,,,,,,,,,
CityWalk/1,"rodhinbar,head,15,-473.4,-2,0,6,1,1,0","rodhinbar,neck,4,-430.4,0,0,9,1,1,0","rodhinbar,body,-6.8,-326.4,-5.5,0,6,1,1,0","rodhinbar,arm_up,-75,-348.4,-21.4,0,5,1,1,0","rodhinbar,arm_low,-87.8,-268.4,10.2,0,4,1,1,0","rodhinbar,fist,-72.8,-196,0.8,0,5,1,1,0","rodhinbar,arm_up,52,-341.6,13.8,1,27,1,1,0","rodhinbar,arm_low,75.2,-268.4,12.3,1,25,1,1,0","rodhinbar,fist,84.8,-195.6,21.7,1,27,1,1,0","rodhinbar,leg_up,-31,-194.4,-2.2,0,8,1,1,0","rodhinbar,leg_low,-47,-76.4,-6,0,10,1,1,0","rodhinbar,foot,-28.8,-13.4,-4.1,0,13,1,1,0","rodhinbar,leg_up,36,-194.4,30.7,0,12,1,1,0","rodhinbar,leg_low,36,-95.4,-20,0,13,1,1,0","rodhinbar,foot,36.2,-34.4,-18,0,15,1,1,0",,,"rodhinbar,turban,-29.6,-448.8,-2,0,4,1,1,0",,,,,,,,,,,,,,,,,,,,,,,,,,,,,,,,,,,,,,,,,,,,,,,,,,,,,,,,,,,,,,,,,,,,,,,,,,,,,,,,,,,,,,,,,,,,,,,,,,,,,
CityWalk/2,"rodhinbar,head,21,-473.4,-4,0,6,1,1,0","rodhinbar,neck,10,-430.4,-2,0,9,1,1,0","rodhinbar,body,-2.8,-326.4,-7.5,0,6,1,1,0","rodhinbar,arm_up,-65,-348.4,-14.4,0,5,1,1,0","rodhinbar,arm_low,-67.8,-268.4,15.2,0,4,1,1,0","rodhinbar,fist,-44.8,-196,8.8,0,5,1,1,0","rodhinbar,arm_up,52,-337.6,1.8,1,27,1,1,0","rodhinbar,arm_low,65.2,-254.4,6.3,1,25,1,1,0","rodhinbar,fist,72.8,-185.6,16.7,1,27,1,1,0","rodhinbar,leg_up,-35,-194.4,-17.2,0,8,1,1,0","rodhinbar,leg_low,-65,-76.4,-8,0,10,1,1,0","rodhinbar,foot,-50.8,-13.4,-4.1,0,13,1,1,0","rodhinbar,leg_up,46,-194.4,34.7,0,12,1,1,0","rodhinbar,leg_low,80,-95.4,8,0,13,1,1,0","rodhinbar,foot,108.2,-38.4,-11,0,15,1,1,0",,,"rodhinbar,turban,-23.6,-450.8,-4,0,4,1,1,0",,,,,,,,,,,,,,,,,,,,,,,,,,,,,,,,,,,,,,,,,,,,,,,,,,,,,,,,,,,,,,,,,,,,,,,,,,,,,,,,,,,,,,,,,,,,,,,,,,,,,
CityWalk/3,"rodhinbar,head,25,-463.4,-2,0,6,1,1,0","rodhinbar,neck,14,-428.4,2,0,9,1,1,0","rodhinbar,body,-0.8,-320.4,-7.5,0,6,1,1,0","rodhinbar,arm_up,-51,-340.4,-1.4,0,5,1,1,0","rodhinbar,arm_low,-35.8,-266.4,27.2,0,4,1,1,0","rodhinbar,fist,3.2,-202,18.8,0,5,1,1,0","rodhinbar,arm_up,46,-329.6,-9.2,1,27,1,1,0","rodhinbar,arm_low,49.2,-268.4,1.3,1,25,1,1,0","rodhinbar,fist,50.8,-195.6,7.7,1,27,1,1,0","rodhinbar,leg_up,-43,-190.4,-32.2,0,8,1,1,0","rodhinbar,leg_low,-105,-86.4,-27,0,10,1,1,0","rodhinbar,foot,-112.8,-21.4,-27.1,0,13,1,1,0","rodhinbar,leg_up,48,-184.4,26.7,0,12,1,1,0","rodhinbar,leg_low,82,-67.4,13,0,13,1,1,0","rodhinbar,foot,120.2,-12.4,1,0,15,1,1,0",,,"rodhinbar,turban,-19.6,-440.8,-5,0,4,1,1,0",,,,,,,,,,,,,,,,,,,,,,,,,,,,,,,,,,,,,,,,,,,,,,,,,,,,,,,,,,,,,,,,,,,,,,,,,,,,,,,,,,,,,,,,,,,,,,,,,,,,,
CityWalk/4,"rodhinbar,head,15,-469.4,-5,0,6,1,1,0","rodhinbar,neck,4,-434.4,2,0,9,1,1,0","rodhinbar,body,-4.8,-326.4,-3.5,0,6,1,1,0","rodhinbar,arm_up,-69,-346.4,-20.4,0,5,1,1,0","rodhinbar,arm_low,-81.8,-268.4,4.2,0,4,1,1,0","rodhinbar,fist,-68.8,-192,-1.2,0,5,1,1,0","rodhinbar,arm_up,52,-335.6,9.8,1,37,1,1,0","rodhinbar,arm_low,75.2,-264.4,17.3,1,27,1,1,0","rodhinbar,fist,94.8,-199.6,32.7,1,29,1,1,0","rodhinbar,leg_up,-13,-200.4,3.8,0,8,1,1,0","rodhinbar,leg_low,-47,-86.4,-24,0,10,1,1,0","rodhinbar,foot,-48.8,-23.4,-19.1,0,13,1,1,0","rodhinbar,leg_up,34,-184.4,14.7,0,12,1,1,0","rodhinbar,leg_low,46,-67.4,0,0,13,1,1,0","rodhinbar,foot,74.2,-12.4,1,0,15,1,1,0",,,"rodhinbar,turban,-29.6,-448.8,-3,0,4,1,1,0",,,,,,,,,,,,,,,,,,,,,,,,,,,,,,,,,,,,,,,,,,,,,,,,,,,,,,,,,,,,,,,,,,,,,,,,,,,,,,,,,,,,,,,,,,,,,,,,,,,,,
CityWalk/5,"rodhinbar,head,13,-473.4,-5,0,6,1,1,0","rodhinbar,neck,12,-434.4,2,0,9,1,1,0","rodhinbar,body,-6.8,-330.4,-2.5,0,6,1,1,0","rodhinbar,arm_up,-77,-354.4,-27.4,0,5,1,1,0","rodhinbar,arm_low,-101.8,-282.4,-6.8,0,4,1,1,0","rodhinbar,fist,-106.8,-210,-14.2,0,5,1,1,0","rodhinbar,arm_up,60,-345.6,20.8,1,26,1,1,0","rodhinbar,arm_low,95.2,-264.4,20.3,1,16,1,1,0","rodhinbar,fist,114.8,-197.6,30.7,1,18,1,1,0","rodhinbar,leg_up,-3,-200.4,20.8,0,8,1,1,0","rodhinbar,leg_low,-1,-90.4,-10,0,10,1,1,0","rodhinbar,foot,6,-29.6,-12.1,0,13,1,1,0","rodhinbar,leg_up,6,-194.4,-14.3,0,12,1,1,0","rodhinbar,leg_low,-32,-83.4,-19,0,13,1,1,0","rodhinbar,foot,-21.8,-20.4,-8,0,15,1,1,0",,,"rodhinbar,turban,-31.6,-450.8,-1,0,4,1,1,0",,,,,,,,,,,,,,,,,,,,,,,,,,,,,,,,,,,,,,,,,,,,,,,,,,,,,,,,,,,,,,,,,,,,,,,,,,,,,,,,,,,,,,,,,,,,,,,,,,,,,
CityWalk/6,"rodhinbar,head,17,-469.4,-7,0,6,1,1,0","rodhinbar,neck,6,-430.4,2,0,9,1,1,0","rodhinbar,body,-6.8,-324.4,-4.5,0,6,1,1,0","rodhinbar,arm_up,-77,-348.4,-27.4,0,5,1,1,0","rodhinbar,arm_low,-107.8,-276.4,-18.8,0,4,1,1,0","rodhinbar,fist,-128.8,-204,-25.2,0,5,1,1,0","rodhinbar,arm_up,60,-339.6,26.8,1,26,1,1,0","rodhinbar,arm_low,105.2,-268.4,29.3,1,16,1,1,0","rodhinbar,fist,136.8,-209.6,43.7,1,18,1,1,0","rodhinbar,leg_up,1,-202.4,34.8,0,8,1,1,0","rodhinbar,leg_low,39,-98.4,14,0,10,1,1,0","rodhinbar,foot,76,-37.6,-9.1,0,13,1,1,0","rodhinbar,leg_up,2,-188.4,-12.3,0,12,1,1,0","rodhinbar,leg_low,-42,-75.4,-24,0,13,1,1,0","rodhinbar,foot,-41.8,-20.4,-8,0,15,1,1,0",,,"rodhinbar,turban,-27.6,-450.8,-7,0,4,1,1,0",,,,,,,,,,,,,,,,,,,,,,,,,,,,,,,,,,,,,,,,,,,,,,,,,,,,,,,,,,,,,,,,,,,,,,,,,,,,,,,,,,,,,,,,,,,,,,,,,,,,,
CityWalk/7,"rodhinbar,head,25,-463.4,-5,0,6,1,1,0","rodhinbar,neck,12,-422.4,5,0,9,1,1,0","rodhinbar,body,-0.8,-318.4,-5.5,0,6,1,1,0","rodhinbar,arm_up,-75,-348.4,-38.4,0,5,1,1,0","rodhinbar,arm_low,-127.8,-270.4,-23.8,0,4,1,1,0","rodhinbar,fist,-156.8,-202,-32.2,0,5,1,1,0","rodhinbar,arm_up,68,-337.6,28.8,1,39,1,1,0","rodhinbar,arm_low,123.2,-272.4,40.3,1,29,1,1,0","rodhinbar,fist,168.8,-217.6,54.7,1,31,1,1,0","rodhinbar,leg_up,9,-186.4,26.8,0,8,1,1,0","rodhinbar,leg_low,49,-72.4,17,0,10,1,1,0","rodhinbar,foot,92,-19.6,8.9,0,13,1,1,0","rodhinbar,leg_up,-20,-188.4,-25.3,0,12,1,1,0","rodhinbar,leg_low,-72,-83.4,-27,0,13,1,1,0","rodhinbar,foot,-75.8,-20.4,-19,0,15,1,1,0",,,"rodhinbar,turban,-19.6,-440.8,-3,0,4,1,1,0",,,,,,,,,,,,,,,,,,,,,,,,,,,,,,,,,,,,,,,,,,,,,,,,,,,,,,,,,,,,,,,,,,,,,,,,,,,,,,,,,,,,,,,,,,,,,,,,,,,,,
CityWalk/8,"rodhinbar,head,19,-463.4,-3,0,6,1,1,0","rodhinbar,neck,6,-422.4,7,0,9,1,1,0","rodhinbar,body,-4.8,-318.4,-5.5,0,6,1,1,0","rodhinbar,arm_up,-75,-348.4,-33.4,0,5,1,1,0","rodhinbar,arm_low,-121.8,-270.4,-23.8,0,4,1,1,0","rodhinbar,fist,-144.8,-202,-23.2,0,5,1,1,0","rodhinbar,arm_up,68,-329.6,21.8,1,39,1,1,0","rodhinbar,arm_low,109.2,-258.4,32.3,1,29,1,1,0","rodhinbar,fist,144.8,-201.6,44.7,1,31,1,1,0","rodhinbar,leg_up,-3,-186.4,18.8,0,8,1,1,0","rodhinbar,leg_low,21,-72.4,7,0,10,1,1,0","rodhinbar,foot,52,-13.6,1.9,0,13,1,1,0","rodhinbar,leg_up,4,-194.4,-11.3,0,12,1,1,0","rodhinbar,leg_low,-50,-101.4,-41,0,13,1,1,0","rodhinbar,foot,-63.8,-44.4,-31,0,15,1,1,0",,,"rodhinbar,turban,-21.6,-440.8,1,0,4,1,1,0",,,,,,,,,,,,,,,,,,,,,,,,,,,,,,,,,,,,,,,,,,,,,,,,,,,,,,,,,,,,,,,,,,,,,,,,,,,,,,,,,,,,,,,,,,,,,,,,,,,,,
dbspecial/0,"rodhinbar,head,3,-477.4,0,0,6,1,1,0","rodhinbar,neck,-4,-434.4,2,0,9,1,1,0","rodhinbar,body,-12.8,-330.4,-5.5,0,6,1,1,0","rodhinbar,arm_up,-45,-348.4,24,0,5,1,1,0","rodhinbar,arm_low,12.2,-310.4,93.2,0,4,1,1,0","rodhinbar,fist,85.2,-310,70.8,0,5,1,1,0","rodhinbar,arm_up,56,-341.6,24,1,26,1,1,0","rodhinbar,arm_low,92,-287.6,24.3,1,25,1,1,0","rodhinbar,fist,119.2,-226.4,41.7,1,26,1,1,0","rodhinbar,leg_up,-55,-186.4,-23.2,0,8,1,1,0","rodhinbar,leg_low,-97,-76.4,-16,0,10,1,1,0","rodhinbar,foot,-86.8,-13.4,-4.1,0,13,1,1,0","rodhinbar,leg_up,36,-194.4,22.7,0,12,1,1,0","rodhinbar,leg_low,50,-75.4,-1,0,13,1,1,0","rodhinbar,foot,78.2,-16.4,-1,0,15,1,1,0","rodhinbar,sword_base,-9.6,-261.2,-51,0,14,1,1,0","rodhinbar,bow_base,107.6,-260.4,118,0,27,1,1,0","rodhinbar,turban,-37.6,-454.8,0,0,4,1,1,0",,,,,,,,,"rodhinbar,quiver,-14.8,-219.2,-63,0,24,1,1,0",,,,,,,,,,,,,,,,,,,,,,,,,,,,,,,,,,,,,,,,,,,,,,,,,,,,,,,,,,,,,,,,,,,,,,,,,,,,,,,,,,,,,,,,,,,,
dbspecial/1,"rodhinbar,head,9,-425.4,-9,0,6,1,1,0","rodhinbar,neck,-4,-386.4,2,0,9,1,1,0","rodhinbar,body,-12.8,-282.4,-5.5,0,6,1,1,0","rodhinbar,arm_up,-31,-306.4,39,0,5,1,1,0","rodhinbar,arm_low,44.2,-274.4,93.2,0,4,1,1,0","rodhinbar,fist,111.2,-268,70.8,0,5,1,1,0","rodhinbar,arm_up,62,-315.6,52,1,26,1,1,0","rodhinbar,arm_low,128,-273.6,51.3,1,25,1,1,0","rodhinbar,fist,183.2,-228.4,63.7,1,26,1,1,0","rodhinbar,leg_up,-49,-132.4,-18.2,0,8,1,1,0","rodhinbar,leg_low,-105,-52.4,-40.5,0,10,1,1,0","rodhinbar,foot,-118,-8.8,-12,0,13,1,1,0","rodhinbar,leg_up,42,-162.4,42.2,0,12,1,1,0","rodhinbar,leg_low,60,-69.4,-13.8,0,13,1,1,0","rodhinbar,foot,74.4,-13.2,-1,0,16,1,1,0","rodhinbar,sword_base,6.4,-227.2,-51,0,14,1,1,0","rodhinbar,bow_base,167.6,-266.4,135,0,27,1,1,0","rodhinbar,turban,-37.6,-410.8,-9,0,4,1,1,0",,,,,,,,,"rodhinbar,quiver,-2.8,-185.2,-63,0,24,1,1,0",,,,,,,,,,,,,,,,,,,,,,,,,,,,,,,,,,,,,,,,,,,,,,,,,,,,,,,,,,,,,,,,,,,,,,,,,,,,,,,,,,,,,,,,,,,,
dbspecial/2,"rodhinbar,head,15,-369.4,-7,0,6,1,1,0","rodhinbar,neck,0,-330.4,2,0,9,1,1,0","rodhinbar,body,-12.8,-226.4,-5.5,0,6,1,1,0","rodhinbar,arm_up,-15,-272.4,62,0,5,1,1,0","rodhinbar,arm_low,68.2,-254.4,96.2,0,4,1,1,0","rodhinbar,fist,139.2,-264,73.8,0,5,1,1,0","rodhinbar,arm_up,70,-283.6,89,1,30,1,1,0","rodhinbar,arm_low,162,-287.6,90.3,1,29,1,1,0","rodhinbar,fist,236,-288.4,103.7,1,26,1,1,0","rodhinbar,leg_up,-49,-76.4,-17.2,0,8,1,1,0","rodhinbar,leg_low,-117,-26.4,-96.5,0,10,1,1,0","rodhinbar,foot,-184.8,-11.4,-131.1,0,13,1,1,0","rodhinbar,leg_up,54,-122.4,73.2,0,12,1,1,0","rodhinbar,leg_low,98,-63.4,7.2,0,13,1,1,0","rodhinbar,foot,132.2,-10.4,3,0,16,1,1,0","rodhinbar,sword_base,6.4,-171.2,-51,0,14,1,1,0","rodhinbar,bow_base,205.6,-306.8,178,0,27,1,1,0","rodhinbar,turban,-33.6,-354.8,-13,0,4,1,1,0","rodhinbar,arrow,197.2,-154,-154,0,7,1,1,0",,,,,,,,"rodhinbar,quiver,-2.8,-133.2,-63,0,24,1,1,0",,,,,,,,,,,,,,,,,,,,,,,,,,,,,,,,,,,,,,,,,,,,,,,,,,,,,,,,,,,,,,,,,,,,,,,,,,,,,,,,,,,,,,,,,,play_time_mod_1.2,,
dbspecial/3,"rodhinbar,head,19,-361.4,-12,0,6,1,1,0","rodhinbar,neck,0,-326.4,2,0,9,1,1,0","rodhinbar,body,-8.8,-222.4,-8.5,0,6,1,1,0","rodhinbar,arm_up,-5,-290.4,88,0,5,1,1,0","rodhinbar,arm_low,96.2,-290.4,97.2,0,4,1,1,0","rodhinbar,fist,155.2,-298.4,82.8,0,5,1,1,0","rodhinbar,arm_up,70,-279.6,89,1,30,1,1,0","rodhinbar,arm_low,162,-283.6,86.3,1,29,1,1,0","rodhinbar,fist,236,-282.4,105.7,1,26,1,1,0","rodhinbar,leg_up,-49,-76.4,-17.2,0,8,1,1,0","rodhinbar,leg_low,-117,-26.4,-96.5,0,10,1,1,0","rodhinbar,foot,-184.8,-11.4,-131.1,0,13,1,1,0","rodhinbar,leg_up,54,-122.4,73.2,0,12,1,1,0","rodhinbar,leg_low,98,-63.4,7.2,0,13,1,1,0","rodhinbar,foot,132.2,-10.4,3,0,16,1,1,0","rodhinbar,sword_base,2.4,-167.2,-57,0,14,1,1,0","rodhinbar,bow_draw_1,283.6,-310.8,180,0,27,1,1,0","rodhinbar,turban,-33.6,-350.8,-14,0,4,1,1,0",,,,,,,,,"rodhinbar,quiver,-2.8,-129.2,-63,0,24,1,1,0",,,,,,,,,,,,,,,,,,,,,,,,,,,,,,,,,,,,,,,,,,,,,,,,,,,,,,,,,,,,,,,,,,,,,,,,,,,,,,,,,,,,,,,,,,play_time_mod_2,,
dbspecial/4,"rodhinbar,head,27,-363.4,-15,0,6,1,1,0","rodhinbar,neck,0,-328.4,2,0,9,1,1,0","rodhinbar,body,-8.8,-224.4,-8.5,0,6,1,1,0","rodhinbar,arm_up,-9,-292.4,86,0,5,1,1,0","rodhinbar,arm_low,52.2,-294.4,97.2,0,5,1,1,0","rodhinbar,fist,115.2,-304.4,82.8,0,5,1,1,0","rodhinbar,arm_up,70,-281.6,89,1,30,1,1,0","rodhinbar,arm_low,162,-285.6,85.3,1,29,1,1,0","rodhinbar,fist,236,-282.4,94.7,1,26,1,1,0","rodhinbar,leg_up,-49,-76.4,-17.2,0,8,1,1,0","rodhinbar,leg_low,-117,-26.4,-96.5,0,10,1,1,0","rodhinbar,foot,-184.8,-11.4,-131.1,0,13,1,1,0","rodhinbar,leg_up,54,-122.4,73.2,0,12,1,1,0","rodhinbar,leg_low,98,-63.4,7.2,0,13,1,1,0","rodhinbar,foot,132.2,-10.4,3,0,16,1,1,0","rodhinbar,sword_base,2.4,-169.2,-57,0,14,1,1,0","rodhinbar,bow_draw_2,257.6,-316.8,178,0,27,1,1,0","rodhinbar,turban,-25.6,-356.8,-20,0,4,1,1,0",,,,,,,,,"rodhinbar,quiver,-2.8,-131.2,-63,0,24,1,1,0",,,,,,,,,,,,,,,,,,,,,,,,,,,,,,,,,,,,,,,,,,,,,,,,,,,,,,,,,,,,,,,,,,,,,,,,,,,,,,,,,,,,,,,,,,play_time_mod_0.7,,
dbspecial/5,"rodhinbar,head,27,-365.4,-13,0,6,1,1,0","rodhinbar,neck,13.6,-321.2,-5,0,9,1,1,0","rodhinbar,body,-8.8,-224.4,-8.5,0,6,1,1,0","rodhinbar,arm_up,-79,-284.4,-72,0,5,0.8,0.8,0","rodhinbar,arm_low,-39.8,-284.4,97.2,0,5,1,1,0","rodhinbar,fist,45.2,-298.4,82.8,0,5,1,1,0","rodhinbar,arm_up,70,-281.6,89,1,30,1,1,0","rodhinbar,arm_low,162,-285.6,85.3,1,29,1,1,0","rodhinbar,fist,236,-282.4,94.7,1,26,1,1,0","rodhinbar,leg_up,-49,-76.4,-17.2,0,8,1,1,0","rodhinbar,leg_low,-117,-26.4,-96.5,0,10,1,1,0","rodhinbar,foot,-184.8,-11.4,-131.1,0,13,1,1,0","rodhinbar,leg_up,54,-122.4,73.2,0,12,1,1,0","rodhinbar,leg_low,98,-63.4,7.2,0,13,1,1,0","rodhinbar,foot,132.2,-10.4,3,0,16,1,1,0","rodhinbar,sword_base,2.4,-169.2,-57,0,14,1,1,0","rodhinbar,bow_draw_3,193.6,-312.8,180,0,27,1,1,0","rodhinbar,turban,-25.6,-358.8,-25,0,4,1,1,0",,,,,,,,,"rodhinbar,quiver,-2.8,-131.2,-63,0,24,1,1,0",,,,,,,,,,,,,,,,,,,,,,,,,,,,,,,,,,,,,,,,,,,,,,,,,,,,,,,,,,,,,,,,,,,,,,,,,,,,,,,,,,,,,,,,,,play_time_mod_0.7,,
dbspecial/6,"rodhinbar,head,27,-365.4,-13,0,6,1,1,0","rodhinbar,neck,13.6,-321.2,-5,0,9,1,1,0","rodhinbar,body,-8.8,-224.4,-8.5,0,6,1,1,0","rodhinbar,arm_up,-79,-284.4,-78,0,5,0.8,0.8,0","rodhinbar,arm_low,-39.8,-286.4,94.2,0,5,1,1,0","rodhinbar,fist,45.2,-294.4,79.8,0,5,1,1,0","rodhinbar,arm_up,70,-281.6,89,1,30,1,1,0","rodhinbar,arm_low,162,-285.6,85.3,1,29,1,1,0","rodhinbar,fist,236,-278.4,92.7,1,26,1,1,0","rodhinbar,leg_up,-49,-76.4,-17.2,0,8,1,1,0","rodhinbar,leg_low,-117,-26.4,-96.5,0,10,1,1,0","rodhinbar,foot,-184.8,-11.4,-131.1,0,13,1,1,0","rodhinbar,leg_up,54,-122.4,73.2,0,12,1,1,0","rodhinbar,leg_low,98,-63.4,7.2,0,13,1,1,0","rodhinbar,foot,132.2,-10.4,3,0,16,1,1,0","rodhinbar,sword_base,2.4,-169.2,-57,0,14,1,1,0","rodhinbar,bow_draw_3,189.6,-312.8,178,0,27,1,1,0","rodhinbar,turban,-25.6,-358.8,-25,0,4,1,1,0",,,,,,,,,"rodhinbar,quiver,-2.8,-131.2,-63,0,24,1,1,0",,,,,,,,,,,,,,,,,,,,,,,,,,,,,,,,,,,,,,,,,,,,,,,,,,,,,,,,,,,,,,,,,,,,,,,,,,,,,,,,,,,,,,,,,,,,
dbspecial/7,"rodhinbar,head,27,-365.4,-13,0,6,1,1,0","rodhinbar,neck,13.6,-321.2,-5,0,9,1,1,0","rodhinbar,body,-8.8,-224.4,-8.5,0,6,1,1,0","rodhinbar,arm_up,-79,-284.4,-72,0,5,0.8,0.8,0","rodhinbar,arm_low,-39.8,-284.4,97.2,0,5,1,1,0","rodhinbar,fist,45.2,-298.4,82.8,0,5,1,1,0","rodhinbar,arm_up,70,-281.6,89,1,30,1,1,0","rodhinbar,arm_low,162,-285.6,85.3,1,29,1,1,0","rodhinbar,fist,236,-282.4,94.7,1,26,1,1,0","rodhinbar,leg_up,-49,-76.4,-17.2,0,8,1,1,0","rodhinbar,leg_low,-117,-26.4,-96.5,0,10,1,1,0","rodhinbar,foot,-184.8,-11.4,-131.1,0,13,1,1,0","rodhinbar,leg_up,54,-122.4,73.2,0,12,1,1,0","rodhinbar,leg_low,98,-63.4,7.2,0,13,1,1,0","rodhinbar,foot,132.2,-10.4,3,0,16,1,1,0","rodhinbar,sword_base,2.4,-169.2,-57,0,14,1,1,0","rodhinbar,bow_draw_3,193.6,-312.8,180,0,27,1,1,0","rodhinbar,turban,-25.6,-358.8,-25,0,4,1,1,0",,,,,,,,,"rodhinbar,quiver,-2.8,-131.2,-63,0,24,1,1,0",,,,,,,,,,,,,,,,,,,,,,,,,,,,,,,,,,,,,,,,,,,,,,,,,,,,,,,,,,,,,,,,,,,,,,,,,,,,,,,,,,,,,,,,,,,,
dbspecial/8,"rodhinbar,head,27,-365.4,-13,0,6,1,1,0","rodhinbar,neck,13.6,-321.2,-5,0,9,1,1,0","rodhinbar,body,-8.8,-224.4,-8.5,0,6,1,1,0","rodhinbar,arm_up,-79,-284.4,-78,0,5,0.8,0.8,0","rodhinbar,arm_low,-39.8,-286.4,94.2,0,5,1,1,0","rodhinbar,fist,45.2,-294.4,79.8,0,5,1,1,0","rodhinbar,arm_up,70,-281.6,89,1,30,1,1,0","rodhinbar,arm_low,162,-285.6,85.3,1,29,1,1,0","rodhinbar,fist,236,-278.4,92.7,1,26,1,1,0","rodhinbar,leg_up,-49,-76.4,-17.2,0,8,1,1,0","rodhinbar,leg_low,-117,-26.4,-96.5,0,10,1,1,0","rodhinbar,foot,-184.8,-11.4,-131.1,0,13,1,1,0","rodhinbar,leg_up,54,-122.4,73.2,0,12,1,1,0","rodhinbar,leg_low,98,-63.4,7.2,0,13,1,1,0","rodhinbar,foot,132.2,-10.4,3,0,16,1,1,0","rodhinbar,sword_base,2.4,-169.2,-57,0,14,1,1,0","rodhinbar,bow_draw_3,189.6,-312.8,178,0,27,1,1,0","rodhinbar,turban,-25.6,-358.8,-25,0,4,1,1,0",,,,,,,,,"rodhinbar,quiver,-2.8,-131.2,-63,0,24,1,1,0",,,,,,,,,,,,,,,,,,,,,,,,,,,,,,,,,,,,,,,,,,,,,,,,,,,,,,,,,,,,,,,,,,,,,,,,,,,,,,,,,,,,,,,,,,,,
dbspecial/9,"rodhinbar,head,27,-365.4,-13,0,6,1,1,0","rodhinbar,neck,13.6,-321.2,-5,0,9,1,1,0","rodhinbar,body,-8.8,-224.4,-8.5,0,6,1,1,0","rodhinbar,arm_up,-79,-284.4,-72,0,5,0.8,0.8,0","rodhinbar,arm_low,-39.8,-284.4,97.2,0,5,1,1,0","rodhinbar,fist,45.2,-298.4,82.8,0,5,1,1,0","rodhinbar,arm_up,70,-281.6,89,1,30,1,1,0","rodhinbar,arm_low,162,-285.6,85.3,1,29,1,1,0","rodhinbar,fist,236,-282.4,94.7,1,26,1,1,0","rodhinbar,leg_up,-49,-76.4,-17.2,0,8,1,1,0","rodhinbar,leg_low,-117,-26.4,-96.5,0,10,1,1,0","rodhinbar,foot,-184.8,-11.4,-131.1,0,13,1,1,0","rodhinbar,leg_up,54,-122.4,73.2,0,12,1,1,0","rodhinbar,leg_low,98,-63.4,7.2,0,13,1,1,0","rodhinbar,foot,132.2,-10.4,3,0,16,1,1,0","rodhinbar,sword_base,2.4,-169.2,-57,0,14,1,1,0","rodhinbar,bow_draw_3,193.6,-312.8,180,0,27,1,1,0","rodhinbar,turban,-25.6,-358.8,-25,0,4,1,1,0",,,,,,,,,"rodhinbar,quiver,-2.8,-131.2,-63,0,24,1,1,0",,,,,,,,,,,,,,,,,,,,,,,,,,,,,,,,,,,,,,,,,,,,,,,,,,,,,,,,,,,,,,,,,,,,,,,,,,,,,,,,,,,,,,,,,,,,
dbspecial/10,"rodhinbar,head,27,-365.4,-13,0,6,1,1,0","rodhinbar,neck,13.6,-321.2,-5,0,9,1,1,0","rodhinbar,body,-8.8,-224.4,-8.5,0,6,1,1,0","rodhinbar,arm_up,-79,-284.4,-78,0,5,0.8,0.8,0","rodhinbar,arm_low,-39.8,-286.4,94.2,0,5,1,1,0","rodhinbar,fist,45.2,-294.4,79.8,0,5,1,1,0","rodhinbar,arm_up,70,-281.6,89,1,30,1,1,0","rodhinbar,arm_low,162,-285.6,85.3,1,29,1,1,0","rodhinbar,fist,236,-278.4,92.7,1,26,1,1,0","rodhinbar,leg_up,-49,-76.4,-17.2,0,8,1,1,0","rodhinbar,leg_low,-117,-26.4,-96.5,0,10,1,1,0","rodhinbar,foot,-184.8,-11.4,-131.1,0,13,1,1,0","rodhinbar,leg_up,54,-122.4,73.2,0,12,1,1,0","rodhinbar,leg_low,98,-63.4,7.2,0,13,1,1,0","rodhinbar,foot,132.2,-10.4,3,0,16,1,1,0","rodhinbar,sword_base,2.4,-169.2,-57,0,14,1,1,0","rodhinbar,bow_draw_3,189.6,-312.8,178,0,27,1,1,0","rodhinbar,turban,-25.6,-358.8,-25,0,4,1,1,0",,,,,,,,,"rodhinbar,quiver,-2.8,-131.2,-63,0,24,1,1,0",,,,,,,,,,,,,,,,,,,,,,,,,,,,,,,,,,,,,,,,,,,,,,,,,,,,,,,,,,,,,,,,,,,,,,,,,,,,,,,,,,,,,,,,,,hold,,
dbspecial/11,"rodhinbar,head,33,-367.4,-8,0,6,1,1,0","rodhinbar,neck,21.6,-323.2,-5,0,9,1,1,0","rodhinbar,body,-0.8,-226.4,-6.5,0,6,1,1,0","rodhinbar,arm_up,-71,-286.4,-72,0,5,0.8,0.8,0","rodhinbar,arm_low,-61.8,-284.4,97.2,0,5,1,1,0","rodhinbar,fist,-10.8,-292.4,82.8,0,5,1,1,0","rodhinbar,arm_up,78,-283.6,89,1,30,1,1,0","rodhinbar,arm_low,170,-287.6,85.3,1,29,1,1,0","rodhinbar,fist,244,-284.4,94.7,1,26,1,1,0","rodhinbar,leg_up,-49,-76.4,-21.2,0,8,1,1,0","rodhinbar,leg_low,-117,-34.4,-93.5,0,10,1,1,0","rodhinbar,foot,-184.8,-17.4,-135.1,0,13,1,1,0","rodhinbar,leg_up,54,-122.4,69.2,0,12,1,1,0","rodhinbar,leg_low,98,-63.4,7.2,0,13,1,1,0","rodhinbar,foot,132.2,-10.4,3,0,16,1,1,0","rodhinbar,sword_base,10.4,-171.2,-57,0,14,1,1,0","rodhinbar,bow_draw_2,257.6,-314.8,180,0,27,1,1,0","rodhinbar,turban_speed1,-47.6,-368.8,23,0,4,1,1,0",,,,,,,,,"rodhinbar,quiver,5.2,-133.2,-63,0,24,1,1,0",,,,,,,,,,,,,,,,,,,,,,,,,,,,,,,,,,,,,,,,,,,,,,,,,,,,,,,,,,,,,,,,,,,,,,,,,,,,,,,,,,,,,,,,,,play_time_mod_0.5,,"bow_big_loose,1000,1"
dbspecial/12,"rodhinbar,head,31,-365.4,-8,0,6,1,1,0","rodhinbar,neck,19.6,-321.2,-5,0,9,1,1,0","rodhinbar,body,-2.8,-224.4,-6.5,0,6,1,1,0","rodhinbar,arm_up,-91,-276.4,-69,0,5,1,1,0","rodhinbar,arm_low,-99.8,-294.4,141.2,0,2,1,1,0","rodhinbar,fist,-60.8,-354.4,135.8,0,3,1,1,0","rodhinbar,arm_up,76,-281.6,89,1,30,1,1,0","rodhinbar,arm_low,168,-285.6,85.3,1,29,1,1,0","rodhinbar,fist,242,-282.4,94.7,1,26,1,1,0","rodhinbar,leg_up,-49,-76.4,-21.2,0,8,1,1,0","rodhinbar,leg_low,-117,-34.4,-93.5,0,10,1,1,0","rodhinbar,foot,-184.8,-17.4,-135.1,0,13,1,1,0","rodhinbar,leg_up,54,-122.4,69.2,0,12,1,1,0","rodhinbar,leg_low,98,-63.4,7.2,0,13,1,1,0","rodhinbar,foot,132.2,-10.4,3,0,16,1,1,0","rodhinbar,sword_base,8.4,-169.2,-57,0,14,1,1,0","rodhinbar,bow_draw_1,287.6,-314.8,180,0,27,1,1,0","rodhinbar,turban_speed2,-49.6,-368.8,17,0,4,1,1,0",,,,,,,,,"rodhinbar,quiver,3.2,-131.2,-63,0,24,1,1,0",,,,,,,,,,,,,,,,,,,,,,,,,,,,,,,,,,,,,,,,,,,,,,,,,,,,,,,,,,,,,,,,,,,,,,,,,,,,,,,,,,,,,,,,,,play_time_mod_0.5,,"pierce,1000,1"
dbspecial/13,"rodhinbar,head,27,-365.4,-3,0,6,1,1,0","rodhinbar,neck,19.6,-321.2,-5,0,9,1,1,0","rodhinbar,body,-2.8,-224.4,-6.5,0,6,1,1,0","rodhinbar,arm_up,-101,-276.4,-72,0,5,1,1,0","rodhinbar,arm_low,-131.8,-300.4,162.2,0,2,1,1,0","rodhinbar,fist,-105.6,-374.4,154.8,0,3,1,1,0","rodhinbar,arm_up,76,-279.6,78,1,30,1,1,0","rodhinbar,arm_low,162,-267.6,81.3,1,29,1,1,0","rodhinbar,fist,236,-252.4,88.7,1,26,1,1,0","rodhinbar,leg_up,-49,-76.4,-21.2,0,8,1,1,0","rodhinbar,leg_low,-117,-34.4,-93.5,0,10,1,1,0","rodhinbar,foot,-184.8,-17.4,-135.1,0,13,1,1,0","rodhinbar,leg_up,54,-122.4,69.2,0,12,1,1,0","rodhinbar,leg_low,98,-63.4,7.2,0,13,1,1,0","rodhinbar,foot,132.2,-10.4,3,0,16,1,1,0","rodhinbar,sword_base,8.4,-169.2,-57,0,14,1,1,0","rodhinbar,bow_base,207.6,-280.8,165,0,27,1,1,0","rodhinbar,turban_speed1,-49.6,-350.8,43,0,4,1,1,0",,,,,,,,,"rodhinbar,quiver,3.2,-131.2,-63,0,24,1,1,0",,,,,,,,,,,,,,,,,,,,,,,,,,,,,,,,,,,,,,,,,,,,,,,,,,,,,,,,,,,,,,,,,,,,,,,,,,,,,,,,,,"rodhinbar_arrow,speed,399.6,-312,-91,0,0,1,1,1","crash_enemy,base,205.6,-309.6,90,0,0,1,1,0",,,,,,,play_time_mod_0.5,,
dbspecial/14,"rodhinbar,head,25,-365.4,-1,0,6,1,1,0","rodhinbar,neck,19.6,-321.2,-5,0,9,1,1,0","rodhinbar,body,-2.8,-224.4,-8.5,0,6,1,1,0","rodhinbar,arm_up,-101,-276.4,-72,0,5,1,1,0","rodhinbar,arm_low,-173.8,-260.4,-73,0,2,1,1,0","rodhinbar,fist,-223.6,-240,-79,0,3,1,1,0","rodhinbar,arm_up,76,-275.6,78,1,30,1,1,0","rodhinbar,arm_low,162,-263.6,78.3,1,29,1,1,0","rodhinbar,fist,236,-244.4,88.7,1,26,1,1,0","rodhinbar,leg_up,-49,-76.4,-21.2,0,8,1,1,0","rodhinbar,leg_low,-117,-34.4,-93.5,0,10,1,1,0","rodhinbar,foot,-184.8,-17.4,-135.1,0,13,1,1,0","rodhinbar,leg_up,54,-122.4,69.2,0,12,1,1,0","rodhinbar,leg_low,98,-63.4,7.2,0,13,1,1,0","rodhinbar,foot,132.2,-10.4,3,0,16,1,1,0","rodhinbar,sword_base,8.4,-169.2,-59,0,14,1,1,0","rodhinbar,bow_base,207.6,-274.8,163,0,27,1,1,0","rodhinbar,turban_speed1,-49.6,-348.8,41,0,4,1,1,0",,,,,,,,,"rodhinbar,quiver,3.2,-131.2,-65,0,24,1,1,0",,,,,,,,,,,,,,,,,,,,,,,,,,,,,,,,,,,,,,,,,,,,,,,,,,,,,,,,,,,,,,,,,,,,,,,,,,,,,,,,,,,,,,,,,,stoppable,,
dbspecial/15,"rodhinbar,head,21,-359.4,-8,0,6,1,1,0","rodhinbar,neck,9.6,-315.2,-5,0,9,1,1,0","rodhinbar,body,-8.8,-222.4,-4.5,0,6,1,1,0","rodhinbar,arm_up,-97,-262.4,-66,0,5,1,1,0","rodhinbar,arm_low,-171.6,-216.8,-40,0,5,1,1,0","rodhinbar,fist,-214.4,-160,-43,0,6,1,1,0","rodhinbar,arm_up,70,-267.6,64,1,30,1,1,0","rodhinbar,arm_low,150,-229.6,59.3,1,29,1,1,0","rodhinbar,fist,214,-188.4,68.7,1,31,1,1,0","rodhinbar,leg_up,-49,-76.4,-21.2,0,8,1,1,0","rodhinbar,leg_low,-117,-34.4,-93.5,0,10,1,1,0","rodhinbar,foot,-184.8,-17.4,-135.1,0,13,1,1,0","rodhinbar,leg_up,54,-122.4,69.2,0,12,1,1,0","rodhinbar,leg_low,98,-63.4,7.2,0,13,1,1,0","rodhinbar,foot,132.2,-10.4,3,0,16,1,1,0","rodhinbar,sword_base,2.4,-167.2,-55,0,14,1,1,0","rodhinbar,bow_base,199.6,-228.8,149,0,34,1,1,0","rodhinbar,turban_speed1,-41.6,-338.8,64,0,4,1,1,0",,,,,,,,,"rodhinbar,quiver,-2.8,-129.2,-61,0,24,1,1,0",,,,,,,,,,,,,,,,,,,,,,,,,,,,,,,,,,,,,,,,,,,,,,,,,,,,,,,,,,,,,,,,,,,,,,,,,,,,,,,,,,,,,,,,,,stoppable,,
dbspecial/16,"rodhinbar,head,11,-395.4,-1,0,6,1,1,0","rodhinbar,neck,2,-352.4,2,0,9,1,1,0","rodhinbar,body,-16.8,-250.4,-7.5,0,6,1,1,0","rodhinbar,arm_up,-73,-270.4,-17,0,5,1,1,0","rodhinbar,arm_low,-67.8,-184.4,31.2,0,4,1,1,0","rodhinbar,fist,-22.8,-124,23.8,0,5,1,1,0","rodhinbar,arm_up,44,-255.6,9,1,26,1,1,0","rodhinbar,arm_low,66,-181.6,29,1,25,1,1,0","rodhinbar,fist,85.2,-132.4,38.7,1,26,1,1,0","rodhinbar,leg_up,-61,-116.4,-19.2,0,8,1,1,0","rodhinbar,leg_low,-145,-54.4,-79,0,10,1,1,0","rodhinbar,foot,-184.8,-21.4,-51.1,0,13,1,1,0","rodhinbar,leg_up,48,-152.4,70.7,0,12,1,1,0","rodhinbar,leg_low,78,-75.4,-12,0,13,1,1,0","rodhinbar,foot,90.2,-16.4,-1,0,15,1,1,0","rodhinbar,sword_base,-27.6,-181.2,-54,0,14,1,1,0","rodhinbar,bow_base,81.6,-168.4,115,0,27,1,1,0","rodhinbar,turban,-19.6,-372.8,16,0,4,1,1,0",,,,,,,,,"rodhinbar,quiver,-12.8,-153.2,-66,0,24,1,1,0",,,,,,,,,,,,,,,,,,,,,,,,,,,,,,,,,,,,,,,,,,,,,,,,,,,,,,,,,,,,,,,,,,,,,,,,,,,,,,,,,,,,,,,,,,"play_time_mod_0.5,stoppable",,
dbspecial/17,"rodhinbar,head,25,-431.4,-6,0,6,1,1,0","rodhinbar,neck,14,-388.4,-1,0,9,1,1,0","rodhinbar,body,-4.8,-286.4,-10.5,0,6,1,1,0","rodhinbar,arm_up,-61,-306.4,-17,0,5,1,1,0","rodhinbar,arm_low,-37.8,-238.4,56.2,0,4,1,1,0","rodhinbar,fist,27.2,-202,51.8,0,5,1,1,0","rodhinbar,arm_up,56,-291.6,9,1,26,1,1,0","rodhinbar,arm_low,82,-229.6,22.3,1,25,1,1,0","rodhinbar,fist,97.2,-170.4,38.7,1,26,1,1,0","rodhinbar,leg_up,-55,-154.4,-25.2,0,8,1,1,0","rodhinbar,leg_low,-129,-72.4,-51,0,10,1,1,0","rodhinbar,foot,-150.8,-21.4,-36.1,0,13,1,1,0","rodhinbar,leg_up,44,-178.4,56.7,0,12,1,1,0","rodhinbar,leg_low,70,-75.4,-8,0,13,1,1,0","rodhinbar,foot,90.2,-16.4,-1,0,15,1,1,0","rodhinbar,sword_base,-11.6,-215.2,-54,0,14,1,1,0","rodhinbar,bow_base,93.6,-204.4,115,0,27,1,1,0","rodhinbar,turban,-17.6,-410.8,3,0,4,1,1,0",,,,,,,,,"rodhinbar,quiver,-0.8,-189.2,-66,0,24,1,1,0",,,,,,,,,,,,,,,,,,,,,,,,,,,,,,,,,,,,,,,,,,,,,,,,,,,,,,,,,,,,,,,,,,,,,,,,,,,,,,,,,,,,,,,,,,"play_time_mod_0.5,stoppable",,
dbspecial/18,"rodhinbar,head,19,-459.4,-3,0,6,1,1,0","rodhinbar,neck,12,-416.4,-1,0,9,1,1,0","rodhinbar,body,-6.8,-314.4,-10.5,0,6,1,1,0","rodhinbar,arm_up,-51,-334.4,-2,0,5,1,1,0","rodhinbar,arm_low,-13.8,-276.4,75.2,0,4,1,1,0","rodhinbar,fist,61.2,-256,69.8,0,5,1,1,0","rodhinbar,arm_up,54,-319.6,9,1,26,1,1,0","rodhinbar,arm_low,80,-253.6,18.3,1,25,1,1,0","rodhinbar,fist,95.2,-198.4,38.7,1,26,1,1,0","rodhinbar,leg_up,-55,-176.4,-36.2,0,8,1,1,0","rodhinbar,leg_low,-119,-76.4,-31,0,10,1,1,0","rodhinbar,foot,-124.8,-19.4,-17.1,0,13,1,1,0","rodhinbar,leg_up,36,-184.4,40.7,0,12,1,1,0","rodhinbar,leg_low,58,-75.4,-5,0,13,1,1,0","rodhinbar,foot,78.2,-16.4,-1,0,15,1,1,0","rodhinbar,sword_base,-15.6,-239.2,-54,0,14,1,1,0","rodhinbar,bow_base,91.6,-232.4,115,0,27,1,1,0","rodhinbar,turban,-39.6,-450.8,-27,0,4,1,1,0",,,,,,,,,"rodhinbar,quiver,-2.8,-217.2,-66,0,24,1,1,0",,,,,,,,,,,,,,,,,,,,,,,,,,,,,,,,,,,,,,,,,,,,,,,,,,,,,,,,,,,,,,,,,,,,,,,,,,,,,,,,,,,,,,,,,,"play_time_mod_0.5,stoppable",,
Default/0,"rodhinbar,head,13,-495.4,-0.5,0,5,1,1,0","rodhinbar,neck,4,-450.4,-3,0,9,1,1,0","rodhinbar,body,-2.8,-344.4,-1.5,0,6,1,1,0","rodhinbar,arm_up,-109,-394.4,-75,0,4,1,1,0","rodhinbar,arm_low,-207.2,-378.8,-82,0,3,1,1,0","rodhinbar,fist,-286.4,-367.2,-96,0,5,1,1,0","rodhinbar,arm_up,86,-395.4,79,1,13,1,1,0","rodhinbar,arm_low,181.2,-386,85,1,13,1,1,0","rodhinbar,fist,260.8,-375.6,66,0,18,1,1,0","rodhinbar,leg_up,-33,-192.4,-17.2,0,8,1,1,0","rodhinbar,leg_low,-65,-76.4,-11,0,10,1,1,0","rodhinbar,foot,-48.8,-11.4,-4.6,0,13,1,1,0","rodhinbar,leg_up,46,-188.4,23.7,0,12,1,1,0","rodhinbar,leg_low,66,-71.4,6.5,0,13,1,1,0","rodhinbar,foot,102.2,-14.4,3.5,0,15,1,1,0",,,"rodhinbar,turban,-32.4,-474,2,0,4,1,1,0",,,,,,,,,,,,,,,,,,,,,,,,,,,,,,,,,,,,,,,,,,,,,,,,,,,,,,,,,,,,,,,,,,,,,,,,,,,,,,,,,,,,,,,,,,,,,,,,,,,,,
dfspecial/0,"rodhinbar,head,3,-477.4,0,0,6,1,1,0","rodhinbar,neck,-4,-434.4,2,0,9,1,1,0","rodhinbar,body,-12.8,-330.4,-5.5,0,6,1,1,0","rodhinbar,arm_up,-45,-348.4,24,0,5,1,1,0","rodhinbar,arm_low,12.2,-310.4,93.2,0,4,1,1,0","rodhinbar,fist,85.2,-310,70.8,0,5,1,1,0","rodhinbar,arm_up,56,-341.6,24,1,26,1,1,0","rodhinbar,arm_low,92,-287.6,24.3,1,25,1,1,0","rodhinbar,fist,119.2,-226.4,41.7,1,26,1,1,0","rodhinbar,leg_up,-55,-186.4,-23.2,0,8,1,1,0","rodhinbar,leg_low,-97,-76.4,-16,0,10,1,1,0","rodhinbar,foot,-86.8,-13.4,-4.1,0,13,1,1,0","rodhinbar,leg_up,36,-194.4,22.7,0,12,1,1,0","rodhinbar,leg_low,50,-75.4,-1,0,13,1,1,0","rodhinbar,foot,78.2,-16.4,-1,0,15,1,1,0","rodhinbar,sword_base,-9.6,-261.2,-51,0,14,1,1,0","rodhinbar,bow_base,107.6,-260.4,118,0,27,1,1,0","rodhinbar,turban,-37.6,-454.8,0,0,4,1,1,0",,,,,,,,,"rodhinbar,quiver,-2.8,-237.2,-63,0,24,1,1,0",,,,,,,,,,,,,,,,,,,,,,,,,,,,,,,,,,,,,,,,,,,,,,,,,,,,,,,,,,,,,,,,,,,,,,,,,,,,,,,,,,,,,,,,,,,,
dfspecial/1,"rodhinbar,head,9,-473.4,-9,0,6,1,1,0","rodhinbar,neck,-4,-434.4,2,0,9,1,1,0","rodhinbar,body,-12.8,-330.4,-5.5,0,6,1,1,0","rodhinbar,arm_up,-31,-354.4,39,0,5,1,1,0","rodhinbar,arm_low,44.2,-322.4,93.2,0,4,1,1,0","rodhinbar,fist,111.2,-316,70.8,0,5,1,1,0","rodhinbar,arm_up,62,-363.6,52,1,26,1,1,0","rodhinbar,arm_low,128,-321.6,51.3,1,25,1,1,0","rodhinbar,fist,183.2,-276.4,63.7,1,26,1,1,0","rodhinbar,leg_up,-55,-186.4,-28.2,0,8,1,1,0","rodhinbar,leg_low,-103,-76.4,-20,0,10,1,1,0","rodhinbar,foot,-98.8,-13.4,-9.1,0,13,1,1,0","rodhinbar,leg_up,42,-190.4,26.7,0,12,1,1,0","rodhinbar,leg_low,64,-81.4,1,0,13,1,1,0","rodhinbar,foot,92.2,-20.4,-7,0,15,1,1,0","rodhinbar,sword_base,-9.6,-259.2,-51,0,14,1,1,0","rodhinbar,bow_base,167.6,-314.4,135,0,27,1,1,0","rodhinbar,turban,-37.6,-458.8,-9,0,4,1,1,0",,,,,,,,,"rodhinbar,quiver,-2.8,-237.2,-63,0,24,1,1,0",,,,,,,,,,,,,,,,,,,,,,,,,,,,,,,,,,,,,,,,,,,,,,,,,,,,,,,,,,,,,,,,,,,,,,,,,,,,,,,,,,,,,,,,,,,,
dfspecial/2,"rodhinbar,head,15,-473.4,-7,0,6,1,1,0","rodhinbar,neck,0,-434.4,2,0,9,1,1,0","rodhinbar,body,-12.8,-330.4,-5.5,0,6,1,1,0","rodhinbar,arm_up,-15,-376.4,62,0,5,1,1,0","rodhinbar,arm_low,68.2,-358.4,96.2,0,4,1,1,0","rodhinbar,fist,139.2,-368,73.8,0,5,1,1,0","rodhinbar,arm_up,70,-387.6,89,1,30,1,1,0","rodhinbar,arm_low,162,-391.6,90.3,1,29,1,1,0","rodhinbar,fist,236,-392.4,103.7,1,26,1,1,0","rodhinbar,leg_up,-55,-186.4,-28.2,0,8,1,1,0","rodhinbar,leg_low,-103,-76.4,-20,0,10,1,1,0","rodhinbar,foot,-98.8,-13.4,-9.1,0,13,1,1,0","rodhinbar,leg_up,42,-190.4,26.7,0,12,1,1,0","rodhinbar,leg_low,64,-81.4,1,0,13,1,1,0","rodhinbar,foot,92.2,-20.4,-7,0,15,1,1,0","rodhinbar,sword_base,-5.6,-261.2,-51,0,14,1,1,0","rodhinbar,bow_base,205.6,-410.8,178,0,27,1,1,0","rodhinbar,turban,-37.6,-458.8,-13,0,4,1,1,0","rodhinbar,arrow,197.2,-258,-154,0,7,1,1,0","rodhinbar,arrow,178.8,-241.2,-166,0,8,1,1,0","rodhinbar,arrow,156.4,-244.4,-175,0,6,1,1,0","rodhinbar,arrow,166.8,-238,-170,0,8,1,1,0","rodhinbar,arrow,130.4,-235.2,176,0,6,1,1,0","rodhinbar,arrow,184,-248,-155,0,8,1,1,0",,,"rodhinbar,quiver,-2.8,-237.2,-66,0,24,1,1,0",,,,,,,,,,,,,,,,,,,,,,,,,,,,,,,,,,,,,,,,,,,,,,,,,,,,,,,,,,,,,,,,,,,,,,,,,,,,,,,,,,,,,,,,,,,,
dfspecial/3,"rodhinbar,head,19,-469.4,-12,0,6,1,1,0","rodhinbar,neck,0,-434.4,2,0,9,1,1,0","rodhinbar,body,-8.8,-330.4,-8.5,0,6,1,1,0","rodhinbar,arm_up,-5,-398.4,88,0,5,1,1,0","rodhinbar,arm_low,96.2,-398.4,97.2,0,4,1,1,0","rodhinbar,fist,155.2,-406.4,82.8,0,5,1,1,0","rodhinbar,arm_up,70,-387.6,89,1,30,1,1,0","rodhinbar,arm_low,162,-391.6,86.3,1,29,1,1,0","rodhinbar,fist,236,-390.4,105.7,1,26,1,1,0","rodhinbar,leg_up,-59,-186.4,-28.2,0,8,1,1,0","rodhinbar,leg_low,-107,-76.4,-17,0,10,1,1,0","rodhinbar,foot,-98.8,-13.4,-9.1,0,13,1,1,0","rodhinbar,leg_up,42,-190.4,33.7,0,12,1,1,0","rodhinbar,leg_low,68,-81.4,-1,0,13,1,1,0","rodhinbar,foot,92.2,-20.4,-7,0,15,1,1,0","rodhinbar,sword_base,-11.6,-261.2,-57,0,14,1,1,0","rodhinbar,bow_draw_1,283.6,-418.8,180,0,27,1,1,0","rodhinbar,turban,-33.6,-458.8,-14,0,4,1,1,0",,"rodhinbar,arrow,190.8,-293.2,-166,0,8,1,1,0","rodhinbar,arrow,160.4,-290.4,-180,0,6,1,1,0","rodhinbar,arrow,174.8,-292.8,-177,0,8,1,1,0","rodhinbar,arrow,142.4,-285.2,176,0,6,1,1,0","rodhinbar,arrow,180,-290,-170,0,8,1,1,0",,,"rodhinbar,quiver,-2.8,-237.2,-66,0,24,1,1,0",,,,,,,,,,,,,,,,,,,,,,,,,,,,,,,,,,,,,,,,,,,,,,,,,,,,,,,,,,,,,,,,,,,,,,,,,,,,,,,,,,,,,,,,,,play_time_mod_2,,
dfspecial/4,"rodhinbar,head,27,-471.4,-13,0,6,1,1,0","rodhinbar,neck,13.6,-427.2,-5,0,9,1,1,0","rodhinbar,body,-8.8,-330.4,-8.5,0,6,1,1,0","rodhinbar,arm_up,-79,-390.4,-72,0,5,0.8,0.8,0","rodhinbar,arm_low,-39.8,-390.4,97.2,0,5,1,1,0","rodhinbar,fist,45.2,-404.4,82.8,0,5,1,1,0","rodhinbar,arm_up,70,-387.6,89,1,30,1,1,0","rodhinbar,arm_low,162,-391.6,85.3,1,29,1,1,0","rodhinbar,fist,236,-388.4,94.7,1,26,1,1,0","rodhinbar,leg_up,-59,-186.4,-28.2,0,8,1,1,0","rodhinbar,leg_low,-107,-76.4,-17,0,10,1,1,0","rodhinbar,foot,-98.8,-13.4,-9.1,0,13,1,1,0","rodhinbar,leg_up,42,-190.4,33.7,0,12,1,1,0","rodhinbar,leg_low,68,-81.4,-1,0,13,1,1,0","rodhinbar,foot,92.2,-20.4,-7,0,15,1,1,0","rodhinbar,sword_base,-11.6,-261.2,-57,0,14,1,1,0","rodhinbar,bow_draw_3,193.6,-418.8,180,0,27,1,1,0","rodhinbar,turban,-29.6,-460.8,-20,0,4,1,1,0",,"rodhinbar,arrow,84.8,-297.2,-161,0,6,1,1,0","rodhinbar,arrow,51.2,-287.6,-175,0,6,1,1,0","rodhinbar,arrow,69.2,-286.8,-169,0,8,1,1,0","rodhinbar,arrow,28.8,-282,176,0,6,1,1,0","rodhinbar,arrow,78.4,-288,-166,0,8,1,1,0",,,"rodhinbar,quiver,-2.8,-237.2,-66,0,24,1,1,0",,,,,,,,,,,,,,,,,,,,,,,,,,,,,,,,,,,,,,,,,,,,,,,,,,,,,,,,,,,,,,,,,,,,,,,,,,,,,,,,,,,,,,,,,,play_time_mod_0.7,,
dfspecial/5,"rodhinbar,head,25,-471.4,-8,0,6,1,1,0","rodhinbar,neck,13.6,-427.2,-5,0,9,1,1,0","rodhinbar,body,-8.8,-330.4,-6.5,0,6,1,1,0","rodhinbar,arm_up,-83,-390.4,-72,0,5,0.8,0.8,0","rodhinbar,arm_low,-73.8,-388.4,97.2,0,5,1,1,0","rodhinbar,fist,-18.8,-396.4,82.8,0,5,1,1,0","rodhinbar,arm_up,70,-387.6,89,1,30,1,1,0","rodhinbar,arm_low,162,-391.6,85.3,1,29,1,1,0","rodhinbar,fist,236,-388.4,94.7,1,26,1,1,0","rodhinbar,leg_up,-63,-186.4,-28.2,0,8,1,1,0","rodhinbar,leg_low,-113,-76.4,-21,0,10,1,1,0","rodhinbar,foot,-110.8,-13.4,-13.1,0,13,1,1,0","rodhinbar,leg_up,46,-194.4,36.7,0,12,1,1,0","rodhinbar,leg_low,68,-81.4,-4,0,13,1,1,0","rodhinbar,foot,92.2,-20.4,-11,0,15,1,1,0","rodhinbar,sword_base,-11.6,-261.2,-57,0,14,1,1,0","rodhinbar,bow_draw_1,281.6,-420.8,180,0,27,1,1,0","rodhinbar,turban_speed2,-55.6,-474.8,17,0,4,1,1,0",,"rodhinbar,arrow,44.8,-283.2,-161,0,6,1,1,0","rodhinbar,arrow,-7.2,-276.4,-177,0,6,1,1,0","rodhinbar,arrow,20,-276.4,-169,0,6,1,1,0","rodhinbar,arrow,-30.4,-279.6,176,0,6,1,1,0","rodhinbar,arrow,32.8,-278.8,-165,0,8,1,1,0",,,"rodhinbar,quiver,-2.8,-237.2,-66,0,24,1,1,0",,,,,,,,,,,,,,,,,,,,,,,,,,,,,,,,,,,,,,,,,,,,,,,,,,,,,,,,,,,,,,,,,,,,,,,,,,,,,,,,,,,,,,,,,,play_time_mod_0.3,,"bow_small_loose,1000,1"
dfspecial/6,"rodhinbar,head,25,-471.4,-8,0,6,1,1,0","rodhinbar,neck,13.6,-427.2,-5,0,9,1,1,0","rodhinbar,body,-8.8,-330.4,-6.5,0,6,1,1,0","rodhinbar,arm_up,-53,-366.4,10,0,5,0.8,0.8,0","rodhinbar,arm_low,4.2,-342.4,97.2,0,5,1,1,0","rodhinbar,fist,59.2,-350.4,82.8,0,5,1,1,0","rodhinbar,arm_up,70,-385.6,78,1,30,1,1,0","rodhinbar,arm_low,156,-373.6,81.3,1,29,1,1,0","rodhinbar,fist,230,-358.4,88.7,1,26,1,1,0","rodhinbar,leg_up,-63,-186.4,-28.2,0,8,1,1,0","rodhinbar,leg_low,-113,-76.4,-21,0,10,1,1,0","rodhinbar,foot,-110.8,-13.4,-13.1,0,13,1,1,0","rodhinbar,leg_up,46,-194.4,36.7,0,12,1,1,0","rodhinbar,leg_low,68,-81.4,-4,0,13,1,1,0","rodhinbar,foot,92.2,-20.4,-11,0,15,1,1,0","rodhinbar,sword_base,-11.6,-261.2,-57,0,14,1,1,0","rodhinbar,bow_base,201.6,-386.8,165,0,27,1,1,0","rodhinbar,turban_speed1,-51.6,-460.8,41,0,4,1,1,0",,"rodhinbar,arrow,122.8,-237.2,-161,0,6,1,1,0","rodhinbar,arrow,69.6,-220,-175,0,6,1,1,0","rodhinbar,arrow,96.4,-239.2,-164,0,8,1,1,0","rodhinbar,arrow,39.6,-235.2,176,0,6,1,1,0","rodhinbar,arrow,84.4,-244,-168,0,8,1,1,0",,,"rodhinbar,quiver,-2.8,-237.2,-66,0,24,1,1,0",,,,,,,,,,,,,,,,,,,,,,,,,,,,,,,,,,,,,,,,,,,,,,,,,,,,,,,,,,,,,,,,,,,,,,,,,,,,,,,,,,"rodhinbar_arrow,speed,393.6,-418,-91,0,0,1,1,1",,,,,,,,play_time_mod_0.3,,"pierce_small,1000,1"
dfspecial/7,"rodhinbar,head,19,-469.4,-12,0,6,1,1,0","rodhinbar,neck,0,-434.4,2,0,9,1,1,0","rodhinbar,body,-8.8,-330.4,-8.5,0,6,1,1,0","rodhinbar,arm_up,-5,-398.4,88,0,5,1,1,0","rodhinbar,arm_low,96.2,-398.4,97.2,0,4,1,1,0","rodhinbar,fist,155.2,-406.4,82.8,0,5,1,1,0","rodhinbar,arm_up,70,-387.6,89,1,30,1,1,0","rodhinbar,arm_low,162,-391.6,86.3,1,29,1,1,0","rodhinbar,fist,236,-390.4,105.7,1,26,1,1,0","rodhinbar,leg_up,-59,-186.4,-28.2,0,8,1,1,0","rodhinbar,leg_low,-107,-76.4,-17,0,10,1,1,0","rodhinbar,foot,-98.8,-13.4,-9.1,0,13,1,1,0","rodhinbar,leg_up,42,-190.4,33.7,0,12,1,1,0","rodhinbar,leg_low,68,-81.4,-1,0,13,1,1,0","rodhinbar,foot,92.2,-20.4,-7,0,15,1,1,0","rodhinbar,sword_base,-11.6,-261.2,-57,0,14,1,1,0","rodhinbar,bow_draw_1,283.6,-418.8,180,0,27,1,1,0","rodhinbar,turban,-33.6,-458.8,-14,0,4,1,1,0",,"rodhinbar,arrow,207.6,-282.4,-161,0,6,1,1,0","rodhinbar,arrow,166.8,-274.8,-177,0,6,1,1,0",,"rodhinbar,arrow,140.8,-279.6,176,0,6,1,1,0","rodhinbar,arrow,187.2,-288,-168,0,8,1,1,0",,,"rodhinbar,quiver,-2.8,-237.2,-64,0,24,1,1,0",,,,,,,,,,,,,,,,,,,,,,,,,,,,,,,,,,,,,,,,,,,,,,,,,,,,,,,,,,,,,,,,,,,,,,,,,,,,,,,,,,,,,,,,,,play_time_mod_0.3,,
dfspecial/8,"rodhinbar,head,27,-471.4,-13,0,6,1,1,0","rodhinbar,neck,13.6,-427.2,-5,0,9,1,1,0","rodhinbar,body,-8.8,-330.4,-8.5,0,6,1,1,0","rodhinbar,arm_up,-79,-390.4,-72,0,5,0.8,0.8,0","rodhinbar,arm_low,-39.8,-390.4,97.2,0,5,1,1,0","rodhinbar,fist,45.2,-404.4,82.8,0,5,1,1,0","rodhinbar,arm_up,70,-387.6,89,1,30,1,1,0","rodhinbar,arm_low,162,-391.6,85.3,1,29,1,1,0","rodhinbar,fist,236,-388.4,94.7,1,26,1,1,0","rodhinbar,leg_up,-59,-186.4,-28.2,0,8,1,1,0","rodhinbar,leg_low,-107,-76.4,-17,0,10,1,1,0","rodhinbar,foot,-98.8,-13.4,-9.1,0,13,1,1,0","rodhinbar,leg_up,42,-190.4,33.7,0,12,1,1,0","rodhinbar,leg_low,68,-81.4,-1,0,13,1,1,0","rodhinbar,foot,92.2,-20.4,-7,0,15,1,1,0","rodhinbar,sword_base,-11.6,-261.2,-57,0,14,1,1,0","rodhinbar,bow_draw_3,193.6,-418.8,180,0,27,1,1,0","rodhinbar,turban,-29.6,-460.8,-20,0,4,1,1,0",,"rodhinbar,arrow,88.8,-285.6,-161,0,6,1,1,0","rodhinbar,arrow,48.8,-272,-177,0,6,1,1,0",,"rodhinbar,arrow,19.2,-276.4,176,0,6,1,1,0","rodhinbar,arrow,68.4,-272,-168,0,8,1,1,0",,,"rodhinbar,quiver,-2.8,-237.2,-64,0,24,1,1,0",,,,,,,,,,,,,,,,,,,,,,,,,,,,,,,,,,,,,,,,,,,,,,,,,,,,,,,,,,,,,,,,,,,,,,,,,,,,,,,,,,,,,,,,,,play_time_mod_0.3,,"bow_small_loose,1000,1"
dfspecial/9,"rodhinbar,head,25,-471.4,-8,0,6,1,1,0","rodhinbar,neck,13.6,-427.2,-5,0,9,1,1,0","rodhinbar,body,-8.8,-330.4,-6.5,0,6,1,1,0","rodhinbar,arm_up,-83,-390.4,-72,0,5,0.8,0.8,0","rodhinbar,arm_low,-73.8,-388.4,97.2,0,5,1,1,0","rodhinbar,fist,-18.8,-396.4,82.8,0,5,1,1,0","rodhinbar,arm_up,70,-385.6,78,1,30,1,1,0","rodhinbar,arm_low,156,-373.6,81.3,1,29,1,1,0","rodhinbar,fist,230,-358.4,88.7,1,26,1,1,0","rodhinbar,leg_up,-63,-186.4,-28.2,0,8,1,1,0","rodhinbar,leg_low,-113,-76.4,-21,0,10,1,1,0","rodhinbar,foot,-110.8,-13.4,-13.1,0,13,1,1,0","rodhinbar,leg_up,46,-194.4,36.7,0,12,1,1,0","rodhinbar,leg_low,68,-81.4,-4,0,13,1,1,0","rodhinbar,foot,92.2,-20.4,-11,0,15,1,1,0","rodhinbar,sword_base,-11.6,-261.2,-57,0,14,1,1,0","rodhinbar,bow_base,201.6,-386.8,165,0,27,1,1,0","rodhinbar,turban_speed1,-51.6,-460.8,41,0,4,1,1,0",,"rodhinbar,arrow,44.8,-283.2,-161,0,6,1,1,0","rodhinbar,arrow,-9.6,-260.4,-177,0,6,1,1,0",,"rodhinbar,arrow,-46,-277.2,176,0,6,1,1,0","rodhinbar,arrow,10.4,-290.4,-170,0,6,1,1,0",,,"rodhinbar,quiver,-2.8,-237.2,-69,0,24,1,1,0",,,,,,,,,,,,,,,,,,,,,,,,,,,,,,,,,,,,,,,,,,,,,,,,,,,,,,,,,,,,,,,,,,,,,,,,,,,,,,,,,,"rodhinbar_arrow,speed,393.6,-418,-91,0,0,1,1,1",,,,,,,,play_time_mod_0.3,,"pierce_small,1000,1"
dfspecial/10,"rodhinbar,head,19,-469.4,-12,0,6,1,1,0","rodhinbar,neck,0,-434.4,2,0,9,1,1,0","rodhinbar,body,-8.8,-330.4,-8.5,0,6,1,1,0","rodhinbar,arm_up,-5,-398.4,88,0,5,1,1,0","rodhinbar,arm_low,96.2,-398.4,97.2,0,4,1,1,0","rodhinbar,fist,155.2,-406.4,82.8,0,5,1,1,0","rodhinbar,arm_up,70,-387.6,89,1,30,1,1,0","rodhinbar,arm_low,162,-391.6,86.3,1,29,1,1,0","rodhinbar,fist,236,-390.4,105.7,1,26,1,1,0","rodhinbar,leg_up,-59,-186.4,-28.2,0,8,1,1,0","rodhinbar,leg_low,-107,-76.4,-17,0,10,1,1,0","rodhinbar,foot,-98.8,-13.4,-9.1,0,13,1,1,0","rodhinbar,leg_up,42,-190.4,33.7,0,12,1,1,0","rodhinbar,leg_low,68,-81.4,-1,0,13,1,1,0","rodhinbar,foot,92.2,-20.4,-7,0,15,1,1,0","rodhinbar,sword_base,-11.6,-261.2,-57,0,14,1,1,0","rodhinbar,bow_draw_1,283.6,-418.8,180,0,27,1,1,0","rodhinbar,turban,-33.6,-458.8,-14,0,4,1,1,0",,"rodhinbar,arrow,207.6,-282.4,-161,0,6,1,1,0",,,"rodhinbar,arrow,147.6,-283.2,176,0,6,1,1,0","rodhinbar,arrow,177.6,-289.6,-170,0,6,1,1,0",,,"rodhinbar,quiver,-2.8,-237.2,-64,0,24,1,1,0",,,,,,,,,,,,,,,,,,,,,,,,,,,,,,,,,,,,,,,,,,,,,,,,,,,,,,,,,,,,,,,,,,,,,,,,,,,,,,,,,,,,,,,,,,play_time_mod_0.3,,
dfspecial/11,"rodhinbar,head,27,-471.4,-13,0,6,1,1,0","rodhinbar,neck,13.6,-427.2,-5,0,9,1,1,0","rodhinbar,body,-8.8,-330.4,-8.5,0,6,1,1,0","rodhinbar,arm_up,-79,-390.4,-72,0,5,0.8,0.8,0","rodhinbar,arm_low,-39.8,-390.4,97.2,0,5,1,1,0","rodhinbar,fist,45.2,-404.4,82.8,0,5,1,1,0","rodhinbar,arm_up,70,-387.6,89,1,30,1,1,0","rodhinbar,arm_low,162,-391.6,85.3,1,29,1,1,0","rodhinbar,fist,236,-388.4,94.7,1,26,1,1,0","rodhinbar,leg_up,-59,-186.4,-28.2,0,8,1,1,0","rodhinbar,leg_low,-107,-76.4,-17,0,10,1,1,0","rodhinbar,foot,-98.8,-13.4,-9.1,0,13,1,1,0","rodhinbar,leg_up,42,-190.4,33.7,0,12,1,1,0","rodhinbar,leg_low,68,-81.4,-1,0,13,1,1,0","rodhinbar,foot,92.2,-20.4,-7,0,15,1,1,0","rodhinbar,sword_base,-11.6,-261.2,-57,0,14,1,1,0","rodhinbar,bow_draw_3,193.6,-418.8,180,0,27,1,1,0","rodhinbar,turban,-29.6,-460.8,-20,0,4,1,1,0",,"rodhinbar,arrow,88.8,-285.6,-161,0,6,1,1,0",,,"rodhinbar,arrow,36,-274.4,176,0,6,1,1,0","rodhinbar,arrow,62.8,-276,-171,0,6,1,1,0",,,"rodhinbar,quiver,-2.8,-237.2,-64,0,24,1,1,0",,,,,,,,,,,,,,,,,,,,,,,,,,,,,,,,,,,,,,,,,,,,,,,,,,,,,,,,,,,,,,,,,,,,,,,,,,,,,,,,,,,,,,,,,,play_time_mod_0.3,,"bow_small_loose,1000,1"
dfspecial/12,"rodhinbar,head,25,-471.4,-8,0,6,1,1,0","rodhinbar,neck,13.6,-427.2,-5,0,9,1,1,0","rodhinbar,body,-8.8,-330.4,-6.5,0,6,1,1,0","rodhinbar,arm_up,-83,-390.4,-72,0,5,0.8,0.8,0","rodhinbar,arm_low,-73.8,-388.4,97.2,0,5,1,1,0","rodhinbar,fist,-18.8,-396.4,82.8,0,5,1,1,0","rodhinbar,arm_up,70,-385.6,78,1,30,1,1,0","rodhinbar,arm_low,156,-373.6,81.3,1,29,1,1,0","rodhinbar,fist,230,-358.4,88.7,1,26,1,1,0","rodhinbar,leg_up,-63,-186.4,-28.2,0,8,1,1,0","rodhinbar,leg_low,-113,-76.4,-21,0,10,1,1,0","rodhinbar,foot,-110.8,-13.4,-13.1,0,13,1,1,0","rodhinbar,leg_up,46,-194.4,36.7,0,12,1,1,0","rodhinbar,leg_low,68,-81.4,-4,0,13,1,1,0","rodhinbar,foot,92.2,-20.4,-11,0,15,1,1,0","rodhinbar,sword_base,-11.6,-261.2,-57,0,14,1,1,0","rodhinbar,bow_base,201.6,-386.8,165,0,27,1,1,0","rodhinbar,turban_speed1,-51.6,-460.8,41,0,4,1,1,0",,"rodhinbar,arrow,44.8,-283.2,-161,0,6,1,1,0",,,"rodhinbar,arrow,-31.2,-271.2,176,0,6,1,1,0","rodhinbar,arrow,5.2,-288,-171,0,6,1,1,0",,,"rodhinbar,quiver,-2.8,-237.2,-69,0,24,1,1,0",,,,,,,,,,,,,,,,,,,,,,,,,,,,,,,,,,,,,,,,,,,,,,,,,,,,,,,,,,,,,,,,,,,,,,,,,,,,,,,,,,"rodhinbar_arrow,speed,393.6,-418,-91,0,0,1,1,1",,,,,,,,play_time_mod_0.5,,"pierce_small,1000,1"
dfspecial/13,"rodhinbar,head,19,-469.4,-12,0,6,1,1,0","rodhinbar,neck,0,-434.4,2,0,9,1,1,0","rodhinbar,body,-8.8,-330.4,-8.5,0,6,1,1,0","rodhinbar,arm_up,-5,-398.4,88,0,5,1,1,0","rodhinbar,arm_low,96.2,-398.4,97.2,0,4,1,1,0","rodhinbar,fist,155.2,-406.4,82.8,0,5,1,1,0","rodhinbar,arm_up,70,-387.6,89,1,30,1,1,0","rodhinbar,arm_low,162,-391.6,86.3,1,29,1,1,0","rodhinbar,fist,236,-390.4,105.7,1,26,1,1,0","rodhinbar,leg_up,-59,-186.4,-28.2,0,8,1,1,0","rodhinbar,leg_low,-107,-76.4,-17,0,10,1,1,0","rodhinbar,foot,-98.8,-13.4,-9.1,0,13,1,1,0","rodhinbar,leg_up,42,-190.4,33.7,0,12,1,1,0","rodhinbar,leg_low,68,-81.4,-1,0,13,1,1,0","rodhinbar,foot,92.2,-20.4,-7,0,15,1,1,0","rodhinbar,sword_base,-11.6,-261.2,-57,0,14,1,1,0","rodhinbar,bow_draw_1,283.6,-418.8,180,0,27,1,1,0","rodhinbar,turban,-33.6,-458.8,-14,0,4,1,1,0",,,,,"rodhinbar,arrow,151.2,-291.6,176,0,6,1,1,0","rodhinbar,arrow,192,-283.6,-171,0,6,1,1,0",,,"rodhinbar,quiver,-2.8,-237.2,-64,0,24,1,1,0",,,,,,,,,,,,,,,,,,,,,,,,,,,,,,,,,,,,,,,,,,,,,,,,,,,,,,,,,,,,,,,,,,,,,,,,,,,,,,,,,,,,,,,,,,play_time_mod_0.5,,
dfspecial/14,"rodhinbar,head,27,-471.4,-13,0,6,1,1,0","rodhinbar,neck,13.6,-427.2,-5,0,9,1,1,0","rodhinbar,body,-8.8,-330.4,-8.5,0,6,1,1,0","rodhinbar,arm_up,-79,-390.4,-72,0,5,0.8,0.8,0","rodhinbar,arm_low,-39.8,-390.4,97.2,0,5,1,1,0","rodhinbar,fist,45.2,-404.4,82.8,0,5,1,1,0","rodhinbar,arm_up,70,-387.6,89,1,30,1,1,0","rodhinbar,arm_low,162,-391.6,85.3,1,29,1,1,0","rodhinbar,fist,236,-388.4,94.7,1,26,1,1,0","rodhinbar,leg_up,-59,-186.4,-28.2,0,8,1,1,0","rodhinbar,leg_low,-107,-76.4,-17,0,10,1,1,0","rodhinbar,foot,-98.8,-13.4,-9.1,0,13,1,1,0","rodhinbar,leg_up,42,-190.4,33.7,0,12,1,1,0","rodhinbar,leg_low,68,-81.4,-1,0,13,1,1,0","rodhinbar,foot,92.2,-20.4,-7,0,15,1,1,0","rodhinbar,sword_base,-11.6,-261.2,-57,0,14,1,1,0","rodhinbar,bow_draw_3,193.6,-418.8,180,0,27,1,1,0","rodhinbar,turban,-29.6,-460.8,-20,0,4,1,1,0",,,,,"rodhinbar,arrow,23.6,-275.6,176,0,6,1,1,0","rodhinbar,arrow,65.2,-283.2,-171,0,6,1,1,0",,,"rodhinbar,quiver,-2.8,-237.2,-64,0,24,1,1,0",,,,,,,,,,,,,,,,,,,,,,,,,,,,,,,,,,,,,,,,,,,,,,,,,,,,,,,,,,,,,,,,,,,,,,,,,,,,,,,,,,,,,,,,,,play_time_mod_0.5,,"bow_small_loose,1000,1"
dfspecial/15,"rodhinbar,head,25,-471.4,-8,0,6,1,1,0","rodhinbar,neck,13.6,-427.2,-5,0,9,1,1,0","rodhinbar,body,-8.8,-330.4,-6.5,0,6,1,1,0","rodhinbar,arm_up,-83,-390.4,-72,0,5,0.8,0.8,0","rodhinbar,arm_low,-73.8,-388.4,97.2,0,5,1,1,0","rodhinbar,fist,-18.8,-396.4,82.8,0,5,1,1,0","rodhinbar,arm_up,70,-385.6,78,1,30,1,1,0","rodhinbar,arm_low,156,-373.6,81.3,1,29,1,1,0","rodhinbar,fist,230,-358.4,88.7,1,26,1,1,0","rodhinbar,leg_up,-63,-186.4,-28.2,0,8,1,1,0","rodhinbar,leg_low,-113,-76.4,-21,0,10,1,1,0","rodhinbar,foot,-110.8,-13.4,-13.1,0,13,1,1,0","rodhinbar,leg_up,46,-194.4,36.7,0,12,1,1,0","rodhinbar,leg_low,68,-81.4,-4,0,13,1,1,0","rodhinbar,foot,92.2,-20.4,-11,0,15,1,1,0","rodhinbar,sword_base,-11.6,-261.2,-57,0,14,1,1,0","rodhinbar,bow_base,201.6,-386.8,165,0,27,1,1,0","rodhinbar,turban_speed1,-51.6,-460.8,41,0,4,1,1,0",,,,,"rodhinbar,arrow,-31.2,-271.2,176,0,6,1,1,0","rodhinbar,arrow,12.4,-274,-171,0,6,1,1,0",,,"rodhinbar,quiver,-2.8,-237.2,-69,0,24,1,1,0",,,,,,,,,,,,,,,,,,,,,,,,,,,,,,,,,,,,,,,,,,,,,,,,,,,,,,,,,,,,,,,,,,,,,,,,,,,,,,,,,,"rodhinbar_arrow,speed,393.6,-418,-91,0,0,1,1,1",,,,,,,,play_time_mod_0.5,,"pierce_small,1000,1"
dfspecial/16,"rodhinbar,head,19,-469.4,-12,0,6,1,1,0","rodhinbar,neck,0,-434.4,2,0,9,1,1,0","rodhinbar,body,-8.8,-330.4,-8.5,0,6,1,1,0","rodhinbar,arm_up,-5,-398.4,88,0,5,1,1,0","rodhinbar,arm_low,96.2,-398.4,97.2,0,4,1,1,0","rodhinbar,fist,155.2,-406.4,82.8,0,5,1,1,0","rodhinbar,arm_up,70,-387.6,89,1,30,1,1,0","rodhinbar,arm_low,162,-391.6,86.3,1,29,1,1,0","rodhinbar,fist,236,-390.4,105.7,1,26,1,1,0","rodhinbar,leg_up,-59,-186.4,-28.2,0,8,1,1,0","rodhinbar,leg_low,-107,-76.4,-17,0,10,1,1,0","rodhinbar,foot,-98.8,-13.4,-9.1,0,13,1,1,0","rodhinbar,leg_up,42,-190.4,33.7,0,12,1,1,0","rodhinbar,leg_low,68,-81.4,-1,0,13,1,1,0","rodhinbar,foot,92.2,-20.4,-7,0,15,1,1,0","rodhinbar,sword_base,-11.6,-261.2,-57,0,14,1,1,0","rodhinbar,bow_draw_1,283.6,-418.8,180,0,27,1,1,0","rodhinbar,turban,-33.6,-458.8,-14,0,4,1,1,0",,,,,,"rodhinbar,arrow,178.8,-260.4,-171,0,6,1,1,0",,,"rodhinbar,quiver,-2.8,-237.2,-64,0,24,1,1,0",,,,,,,,,,,,,,,,,,,,,,,,,,,,,,,,,,,,,,,,,,,,,,,,,,,,,,,,,,,,,,,,,,,,,,,,,,,,,,,,,,,,,,,,,,play_time_mod_0.5,,
dfspecial/17,"rodhinbar,head,27,-471.4,-13,0,6,1,1,0","rodhinbar,neck,13.6,-427.2,-5,0,9,1,1,0","rodhinbar,body,-8.8,-330.4,-8.5,0,6,1,1,0","rodhinbar,arm_up,-79,-390.4,-72,0,5,0.8,0.8,0","rodhinbar,arm_low,-39.8,-390.4,97.2,0,5,1,1,0","rodhinbar,fist,45.2,-404.4,82.8,0,5,1,1,0","rodhinbar,arm_up,70,-387.6,89,1,30,1,1,0","rodhinbar,arm_low,162,-391.6,85.3,1,29,1,1,0","rodhinbar,fist,236,-388.4,94.7,1,26,1,1,0","rodhinbar,leg_up,-59,-186.4,-28.2,0,8,1,1,0","rodhinbar,leg_low,-107,-76.4,-17,0,10,1,1,0","rodhinbar,foot,-98.8,-13.4,-9.1,0,13,1,1,0","rodhinbar,leg_up,42,-190.4,33.7,0,12,1,1,0","rodhinbar,leg_low,68,-81.4,-1,0,13,1,1,0","rodhinbar,foot,92.2,-20.4,-7,0,15,1,1,0","rodhinbar,sword_base,-11.6,-261.2,-57,0,14,1,1,0","rodhinbar,bow_draw_3,193.6,-418.8,180,0,27,1,1,0","rodhinbar,turban,-29.6,-460.8,-20,0,4,1,1,0",,,,,,"rodhinbar,arrow,55.2,-271.6,-171,0,6,1,1,0",,,"rodhinbar,quiver,-2.8,-237.2,-64,0,24,1,1,0",,,,,,,,,,,,,,,,,,,,,,,,,,,,,,,,,,,,,,,,,,,,,,,,,,,,,,,,,,,,,,,,,,,,,,,,,,,,,,,,,,,,,,,,,,play_time_mod_0.5,,"bow_small_loose,1000,1"
dfspecial/18,"rodhinbar,head,25,-471.4,-8,0,6,1,1,0","rodhinbar,neck,13.6,-427.2,-5,0,9,1,1,0","rodhinbar,body,-8.8,-330.4,-6.5,0,6,1,1,0","rodhinbar,arm_up,-83,-390.4,-72,0,5,0.8,0.8,0","rodhinbar,arm_low,-73.8,-388.4,97.2,0,5,1,1,0","rodhinbar,fist,-18.8,-396.4,82.8,0,5,1,1,0","rodhinbar,arm_up,70,-385.6,78,1,30,1,1,0","rodhinbar,arm_low,156,-373.6,81.3,1,29,1,1,0","rodhinbar,fist,230,-358.4,88.7,1,26,1,1,0","rodhinbar,leg_up,-63,-186.4,-28.2,0,8,1,1,0","rodhinbar,leg_low,-113,-76.4,-21,0,10,1,1,0","rodhinbar,foot,-110.8,-13.4,-13.1,0,13,1,1,0","rodhinbar,leg_up,46,-194.4,36.7,0,12,1,1,0","rodhinbar,leg_low,68,-81.4,-4,0,13,1,1,0","rodhinbar,foot,92.2,-20.4,-11,0,15,1,1,0","rodhinbar,sword_base,-11.6,-261.2,-57,0,14,1,1,0","rodhinbar,bow_base,201.6,-386.8,165,0,27,1,1,0","rodhinbar,turban_speed1,-51.6,-460.8,41,0,4,1,1,0",,,,,,"rodhinbar,arrow,12.4,-274,-171,0,6,1,1,0",,,"rodhinbar,quiver,-2.8,-237.2,-69,0,24,1,1,0",,,,,,,,,,,,,,,,,,,,,,,,,,,,,,,,,,,,,,,,,,,,,,,,,,,,,,,,,,,,,,,,,,,,,,,,,,,,,,,,,,"rodhinbar_arrow,speed,393.6,-418,-91,0,0,1,1,1",,,,,,,,,,"pierce_small,1000,1"
dfspecial/19,"rodhinbar,head,19,-469.4,-12,0,6,1,1,0","rodhinbar,neck,0,-434.4,2,0,9,1,1,0","rodhinbar,body,-8.8,-330.4,-8.5,0,6,1,1,0","rodhinbar,arm_up,-5,-398.4,88,0,5,1,1,0","rodhinbar,arm_low,96.2,-398.4,97.2,0,4,1,1,0","rodhinbar,fist,155.2,-406.4,82.8,0,5,1,1,0","rodhinbar,arm_up,70,-387.6,89,1,30,1,1,0","rodhinbar,arm_low,162,-391.6,86.3,1,29,1,1,0","rodhinbar,fist,236,-390.4,105.7,1,26,1,1,0","rodhinbar,leg_up,-59,-186.4,-28.2,0,8,1,1,0","rodhinbar,leg_low,-107,-76.4,-17,0,10,1,1,0","rodhinbar,foot,-98.8,-13.4,-9.1,0,13,1,1,0","rodhinbar,leg_up,42,-190.4,33.7,0,12,1,1,0","rodhinbar,leg_low,68,-81.4,-1,0,13,1,1,0","rodhinbar,foot,92.2,-20.4,-7,0,15,1,1,0","rodhinbar,sword_base,-11.6,-261.2,-57,0,14,1,1,0","rodhinbar,bow_draw_1,283.6,-418.8,180,0,27,1,1,0","rodhinbar,turban,-33.6,-458.8,-14,0,4,1,1,0",,,,,,,,,"rodhinbar,quiver,-2.8,-237.2,-64,0,24,1,1,0",,,,,,,,,,,,,,,,,,,,,,,,,,,,,,,,,,,,,,,,,,,,,,,,,,,,,,,,,,,,,,,,,,,,,,,,,,,,,,,,,,,,,,,,,,,,"bow_small_loose,1000,1"
dfspecial/20,"rodhinbar,head,27,-471.4,-13,0,6,1,1,0","rodhinbar,neck,13.6,-427.2,-5,0,9,1,1,0","rodhinbar,body,-8.8,-330.4,-8.5,0,6,1,1,0","rodhinbar,arm_up,-79,-390.4,-72,0,5,0.8,0.8,0","rodhinbar,arm_low,-39.8,-390.4,97.2,0,5,1,1,0","rodhinbar,fist,45.2,-404.4,82.8,0,5,1,1,0","rodhinbar,arm_up,70,-387.6,89,1,30,1,1,0","rodhinbar,arm_low,162,-391.6,85.3,1,29,1,1,0","rodhinbar,fist,236,-388.4,94.7,1,26,1,1,0","rodhinbar,leg_up,-59,-186.4,-28.2,0,8,1,1,0","rodhinbar,leg_low,-107,-76.4,-17,0,10,1,1,0","rodhinbar,foot,-98.8,-13.4,-9.1,0,13,1,1,0","rodhinbar,leg_up,42,-190.4,33.7,0,12,1,1,0","rodhinbar,leg_low,68,-81.4,-1,0,13,1,1,0","rodhinbar,foot,92.2,-20.4,-7,0,15,1,1,0","rodhinbar,sword_base,-11.6,-261.2,-57,0,14,1,1,0","rodhinbar,bow_draw_3,193.6,-418.8,180,0,27,1,1,0","rodhinbar,turban,-29.6,-460.8,-20,0,4,1,1,0",,,,,,,,,"rodhinbar,quiver,-2.8,-237.2,-64,0,24,1,1,0",,,,,,,,,,,,,,,,,,,,,,,,,,,,,,,,,,,,,,,,,,,,,,,,,,,,,,,,,,,,,,,,,,,,,,,,,,,,,,,,,,,,,,,,,,,,"pierce_small,1000,1"
dfspecial/21,"rodhinbar,head,25,-471.4,-8,0,6,1,1,0","rodhinbar,neck,13.6,-427.2,-5,0,9,1,1,0","rodhinbar,body,-8.8,-330.4,-6.5,0,6,1,1,0","rodhinbar,arm_up,-97,-382.4,-69,0,5,1,1,0","rodhinbar,arm_low,-105.8,-400.4,141.2,0,2,1,1,0","rodhinbar,fist,-66.8,-460.4,135.8,0,3,1,1,0","rodhinbar,arm_up,70,-385.6,78,1,30,1,1,0","rodhinbar,arm_low,156,-373.6,81.3,1,29,1,1,0","rodhinbar,fist,230,-358.4,88.7,1,26,1,1,0","rodhinbar,leg_up,-63,-186.4,-28.2,0,8,1,1,0","rodhinbar,leg_low,-113,-76.4,-21,0,10,1,1,0","rodhinbar,foot,-110.8,-13.4,-13.1,0,13,1,1,0","rodhinbar,leg_up,46,-194.4,36.7,0,12,1,1,0","rodhinbar,leg_low,68,-81.4,-4,0,13,1,1,0","rodhinbar,foot,92.2,-20.4,-11,0,15,1,1,0","rodhinbar,sword_base,-11.6,-261.2,-57,0,14,1,1,0","rodhinbar,bow_base,201.6,-386.8,165,0,27,1,1,0","rodhinbar,turban_speed1,-51.6,-460.8,41,0,4,1,1,0",,,,,,,,,"rodhinbar,quiver,-2.8,-237.2,-69,0,24,1,1,0",,,,,,,,,,,,,,,,,,,,,,,,,,,,,,,,,,,,,,,,,,,,,,,,,,,,,,,,,,,,,,,,,,,,,,,,,,,,,,,,,,"rodhinbar_arrow,speed,393.6,-418,-91,0,0,1,1,1",,,,,,,,play_time_mod_0.5,,
dfspecial/22,"rodhinbar,head,25,-471.4,-11,0,6,1,1,0","rodhinbar,neck,9.6,-427.2,-8,0,9,1,1,0","rodhinbar,body,-8.8,-330.4,-8.5,0,6,1,1,0","rodhinbar,arm_up,-97,-382.4,-69,0,5,1,1,0","rodhinbar,arm_low,-141.8,-404.4,-167,0,2,1,1,0","rodhinbar,fist,-157.6,-485.2,-174,0,3,1,1,0","rodhinbar,arm_up,70,-385.6,78,1,30,1,1,0","rodhinbar,arm_low,156,-373.6,81.3,1,29,1,1,0","rodhinbar,fist,230,-358.4,88.7,1,26,1,1,0","rodhinbar,leg_up,-63,-186.4,-28.2,0,8,1,1,0","rodhinbar,leg_low,-113,-76.4,-21,0,10,1,1,0","rodhinbar,foot,-110.8,-13.4,-13.1,0,13,1,1,0","rodhinbar,leg_up,46,-194.4,36.7,0,12,1,1,0","rodhinbar,leg_low,68,-81.4,-4,0,13,1,1,0","rodhinbar,foot,92.2,-20.4,-11,0,15,1,1,0","rodhinbar,sword_base,-11.6,-261.2,-59,0,14,1,1,0","rodhinbar,bow_base,201.6,-386.8,161,0,27,1,1,0","rodhinbar,turban_speed1,-47.6,-464.8,35,0,4,1,1,0",,,,,,,,,"rodhinbar,quiver,-2.8,-237.2,-71,0,24,1,1,0",,,,,,,,,,,,,,,,,,,,,,,,,,,,,,,,,,,,,,,,,,,,,,,,,,,,,,,,,,,,,,,,,,,,,,,,,,,,,,,,,,,,,,,,,,stoppable,,
dfspecial/23,"rodhinbar,head,25,-471.4,-8,0,6,1,1,0","rodhinbar,neck,13.6,-427.2,-5,0,9,1,1,0","rodhinbar,body,-8.8,-330.4,-6.5,0,6,1,1,0","rodhinbar,arm_up,-107,-382.4,-72,0,5,1,1,0","rodhinbar,arm_low,-179.8,-366.4,-73,0,2,1,1,0","rodhinbar,fist,-229.6,-346,-79,0,3,1,1,0","rodhinbar,arm_up,70,-387.6,89,1,30,1,1,0","rodhinbar,arm_low,162,-391.6,85.3,1,29,1,1,0","rodhinbar,fist,236,-388.4,94.7,1,26,1,1,0","rodhinbar,leg_up,-63,-186.4,-28.2,0,8,1,1,0","rodhinbar,leg_low,-113,-76.4,-21,0,10,1,1,0","rodhinbar,foot,-110.8,-13.4,-13.1,0,13,1,1,0","rodhinbar,leg_up,46,-194.4,36.7,0,12,1,1,0","rodhinbar,leg_low,68,-81.4,-4,0,13,1,1,0","rodhinbar,foot,92.2,-20.4,-11,0,15,1,1,0","rodhinbar,sword_base,-11.6,-261.2,-57,0,14,1,1,0","rodhinbar,bow_base,199.6,-420.8,180,0,27,1,1,0","rodhinbar,turban_speed2,-55.6,-474.8,17,0,4,1,1,0",,,,,,,,,"rodhinbar,quiver,-2.8,-237.2,-69,0,24,1,1,0",,,,,,,,,,,,,,,,,,,,,,,,,,,,,,,,,,,,,,,,,,,,,,,,,,,,,,,,,,,,,,,,,,,,,,,,,,,,,,,,,,,,,,,,,,stoppable,,
dfspecial/24,"rodhinbar,head,21,-467.4,-8,0,6,1,1,0","rodhinbar,neck,9.6,-423.2,-5,0,9,1,1,0","rodhinbar,body,-8.8,-330.4,-4.5,0,6,1,1,0","rodhinbar,arm_up,-97,-370.4,-66,0,5,1,1,0","rodhinbar,arm_low,-171.6,-324.8,-40,0,5,1,1,0","rodhinbar,fist,-214.4,-268,-43,0,6,1,1,0","rodhinbar,arm_up,70,-375.6,64,1,30,1,1,0","rodhinbar,arm_low,150,-337.6,59.3,1,29,1,1,0","rodhinbar,fist,214,-296.4,68.7,1,31,1,1,0","rodhinbar,leg_up,-55,-186.4,-28.2,0,8,1,1,0","rodhinbar,leg_low,-103,-76.4,-20,0,10,1,1,0","rodhinbar,foot,-98.8,-13.4,-9.1,0,13,1,1,0","rodhinbar,leg_up,42,-190.4,26.7,0,12,1,1,0","rodhinbar,leg_low,64,-81.4,1,0,13,1,1,0","rodhinbar,foot,92.2,-20.4,-7,0,15,1,1,0","rodhinbar,sword_base,-11.6,-267.2,-55,0,14,1,1,0","rodhinbar,bow_base,199.6,-336.8,149,0,34,1,1,0","rodhinbar,turban_speed1,-41.6,-446.8,64,0,4,1,1,0",,,,,,,,,"rodhinbar,quiver,-2.8,-237.2,-61,0,24,1,1,0",,,,,,,,,,,,,,,,,,,,,,,,,,,,,,,,,,,,,,,,,,,,,,,,,,,,,,,,,,,,,,,,,,,,,,,,,,,,,,,,,,,,,,,,,,"play_time_mod_0.5,stoppable",,
Die/0,"rodhinbar,hurt,-109,-459.4,48,0,6,1,1,0","rodhinbar,neck,-86,-424.4,32,0,9,1,1,0","rodhinbar,body,-50.8,-326.4,23.5,0,6,1,1,0","rodhinbar,arm_up,-129,-314.4,-4,0,5,1,1,0","rodhinbar,arm_low,-117.8,-240.4,25.2,0,4,1,1,0","rodhinbar,fist,-73.6,-184,24.8,0,5,1,1,0","rodhinbar,arm_up,4,-377.6,59,1,18,1,1,0","rodhinbar,arm_low,90.8,-338.8,67.7,0,25,1,1,0","rodhinbar,fist,157.6,-304.4,73.7,1,36,1,1,0","rodhinbar,leg_up,-35,-200.4,-8.2,0,8,1,1,0","rodhinbar,leg_low,-65,-98.4,-16,0,10,1,1,0","rodhinbar,foot,-54.8,-35.4,-4.1,0,13,1,1,0","rodhinbar,leg_up,40,-202.4,29.7,0,12,1,1,0","rodhinbar,leg_low,66,-87.4,5,0,13,1,1,0","rodhinbar,foot,100.2,-28.4,-10,0,15,1,1,0","rodhinbar,sword_base,-19.6,-271.2,-41,0,14,1,1,0","rodhinbar,bow_base,136.4,-343.2,147,0,40,1,1,0","rodhinbar,turban_speed2,-175.6,-414.8,25,0,4,1,1,0",,,,,,,,,"rodhinbar,quiver,-14.8,-249.2,-53,0,24,1,1,0",,,,,,,,,,,,,,,,,,,,,,,,,,,,,,,,,,,,,,,,,,,,,,,,,,,,,,,,,,,,,,,,,,,,,,,,,,,,,,,,,,,,,,,,,,,,
Die/1,"rodhinbar,hurt,-151,-443.4,48,0,6,1,1,0","rodhinbar,neck,-128,-408.4,32,0,9,1,1,0","rodhinbar,body,-72.8,-326.4,36.5,0,6,1,1,0","rodhinbar,arm_up,-157,-292.4,-13,0,5,1,1,0","rodhinbar,arm_low,-157.8,-200.4,18.2,0,4,1,1,0","rodhinbar,fist,-127.6,-138,24.8,0,5,1,1,0","rodhinbar,arm_up,-36,-379.6,72,1,26,1,1,0","rodhinbar,arm_low,50.8,-360.8,84.7,0,25,1,1,0","rodhinbar,fist,117.6,-340.4,81.7,1,36,1,1,0","rodhinbar,leg_up,-19,-200.4,15.8,0,8,1,1,0","rodhinbar,leg_low,-21,-92.4,-16,0,10,1,1,0","rodhinbar,foot,-10.8,-29.4,-4.1,0,13,1,1,0","rodhinbar,leg_up,50,-232.4,45.7,0,12,1,1,0","rodhinbar,leg_low,90.4,-132.4,5,0,13,1,1,0","rodhinbar,foot,114.4,-69.2,-10,0,15,1,1,0","rodhinbar,sword_base,-25.6,-269.2,-30,0,14,1,1,0","rodhinbar,bow_base,92.4,-369.2,152,0,40,1,1,0","rodhinbar,turban_speed1,-229.6,-408.8,6,0,4,1,1,0",,,,,,,,,"rodhinbar,quiver,-18.8,-255.2,-49,0,24,1,1,0",,,,,,,,,,,,,,,,,,,,,,,,,,,,,,,,,,,,,,,,,,,,,,,,,,,,,,,,,,,,,,,,,,,,,,,,,,,,,,,,,,,,,,,,,,,,
Die/2,"rodhinbar,hurt,-157,-441.4,48,0,6,1,1,0","rodhinbar,neck,-134,-406.4,32,0,9,1,1,0","rodhinbar,body,-76.8,-326.4,40.5,0,6,1,1,0","rodhinbar,arm_up,-161,-292.4,-4,0,5,1,1,0","rodhinbar,arm_low,-149.8,-200.4,26.2,0,4,1,1,0","rodhinbar,fist,-111.6,-148,30.8,0,5,1,1,0","rodhinbar,arm_up,-36,-393.6,84,1,26,1,1,0","rodhinbar,arm_low,50.8,-392.8,93.7,0,25,1,1,0","rodhinbar,fist,117.6,-390.4,96.7,1,36,1,1,0","rodhinbar,leg_up,-5,-212.4,30.8,0,8,1,1,0","rodhinbar,leg_low,27,-104.4,9,0,10,1,1,0","rodhinbar,foot,58.4,-45.2,-4.1,0,13,1,1,0","rodhinbar,leg_up,58,-288.4,100,0,12,1,1,0","rodhinbar,leg_low,138.4,-242.4,27,0,13,1,1,0","rodhinbar,foot,184.8,-199.6,34,0,15,1,1,0","rodhinbar,sword_base,-25.6,-273.2,-26,0,14,1,1,0","rodhinbar,bow_base,94.4,-425.2,165,0,40,1,1,0","rodhinbar,turban_speed2,-235.6,-410.8,6,0,4,1,1,0",,,,,,,,,"rodhinbar,quiver,-18.8,-261.2,-38,0,24,1,1,0",,,,,,,,,,,,,,,,,,,,,,,,,,,,,,,,,,,,,,,,,,,,,,,,,,,,,,,,,,,,,,,,,,,,,,,,,,,,,,,,,,,,,,,,,,,,
Die/3,"rodhinbar,hurt,-175,-417.4,60,0,6,1,1,0","rodhinbar,neck,-146,-382.4,32,0,9,1,1,0","rodhinbar,body,-76.8,-318.4,51.5,0,6,1,1,0","rodhinbar,arm_up,-161,-266.4,1,0,5,1,1,0","rodhinbar,arm_low,-137.8,-182.4,39.2,0,4,1,1,0","rodhinbar,fist,-85.6,-136,45.8,0,5,1,1,0","rodhinbar,arm_up,-46,-397.6,101,1,26,1,1,0","rodhinbar,arm_low,42.8,-414.8,105.7,0,25,1,1,0","rodhinbar,fist,107.6,-428.4,104.7,1,36,1,1,0","rodhinbar,leg_up,5,-216.4,38.8,0,8,1,1,0","rodhinbar,leg_low,49,-112.4,17,0,10,1,1,0","rodhinbar,foot,90.4,-59.2,17.9,0,13,1,1,0","rodhinbar,leg_up,58,-288.4,100,0,12,1,1,0","rodhinbar,leg_low,150.4,-246.4,38,0,13,1,1,0","rodhinbar,foot,210.8,-217.6,39,0,15,1,1,0","rodhinbar,sword_base,-11.6,-271.2,-8,0,14,1,1,0","rodhinbar,bow_base,74.4,-455.2,-177,0,40,1,1,0","rodhinbar,turban_speed1,-243.6,-380.8,1,0,4,1,1,0",,,,,,,,,"rodhinbar,quiver,-14.8,-255.2,-28,0,24,1,1,0",,,,,,,,,,,,,,,,,,,,,,,,,,,,,,,,,,,,,,,,,,,,,,,,,,,,,,,,,,,,,,,,,,,,,,,,,,,,,,,,,,,,,,,,,,hold,,
Die/4,"rodhinbar,hurt,-197,-395.4,70,0,6,1,1,0","rodhinbar,neck,-162,-368.4,39,0,9,1,1,0","rodhinbar,body,-90.8,-306.4,58.5,0,6,1,1,0","rodhinbar,arm_up,-167,-248.4,14,0,5,1,1,0","rodhinbar,arm_low,-127.8,-172.4,50.2,0,4,1,1,0","rodhinbar,fist,-75.6,-140,58.8,0,5,1,1,0","rodhinbar,arm_up,-64,-393.6,108,1,26,1,1,0","rodhinbar,arm_low,16.8,-422.8,107.7,0,25,1,1,0","rodhinbar,fist,85.6,-442.4,111.7,1,36,1,1,0","rodhinbar,leg_up,5,-216.4,45.8,0,8,1,1,0","rodhinbar,leg_low,67,-116.4,24,0,10,1,1,0","rodhinbar,foot,114.4,-69.2,24.9,0,13,1,1,0","rodhinbar,leg_up,58,-288.4,107,0,12,1,1,0","rodhinbar,leg_low,150.4,-246.4,45,0,13,1,1,0","rodhinbar,foot,210.8,-217.6,46,0,15,1,1,0","rodhinbar,sword_base,-11.6,-271.2,-1,0,14,1,1,0","rodhinbar,bow_base,48.4,-469.2,-170,0,40,1,1,0","rodhinbar,turban_speed2,-265.6,-352.8,2,0,4,1,1,0",,,,,,,,,"rodhinbar,quiver,-14.8,-255.2,-21,0,24,1,1,0",,,,,,,,,,,,,,,,,,,,,,,,,,,,,,,,,,,,,,,,,,,,,,,,,,,,,,,,,,,,,,,,,,,,,,,,,,,,,,,,,,,,,,,,,,,,
Die/5,"rodhinbar,hurt,-238.6,-204.4,107,0,6,1,1,0","rodhinbar,neck,-187.6,-203.4,110,0,9,1,1,0","rodhinbar,body,-90.8,-186.4,79.5,0,6,1,1,0","rodhinbar,arm_up,-107.6,-161.6,112,0,5,1,1,0","rodhinbar,arm_low,-33.6,-213.6,143,0,4,1,1,0","rodhinbar,fist,-1.6,-270,141,0,5,1,1,0","rodhinbar,arm_up,-128.8,-236.6,108,1,26,1,1,0","rodhinbar,arm_low,-44,-261.8,112.7,0,25,1,1,0","rodhinbar,fist,20.8,-285.4,111.7,1,36,1,1,0","rodhinbar,leg_up,15,-144.4,55.8,0,8,1,1,0","rodhinbar,leg_low,91,-62.4,36,0,10,1,1,0","rodhinbar,foot,152.4,-29.2,35.9,0,13,1,1,0","rodhinbar,leg_up,58,-208.4,107,0,12,1,1,0","rodhinbar,leg_low,150.4,-166.4,45,0,13,1,1,0","rodhinbar,foot,210.8,-137.6,46,0,15,1,1,0","rodhinbar,sword_base,-11.6,-191.2,-1,0,14,1,1,0","rodhinbar,bow_base,-16.4,-312.2,-170,0,40,1,1,0","rodhinbar,turban_speed1,-204,-141.6,167,0,4,1,1,0",,,,,,,,,"rodhinbar,quiver,-14.8,-175.2,-21,0,24,1,1,0",,,,,,,,,,,,,,,,,,,,,,,,,,,,,,,,,,,,,,,,,,,,,,,,,,,,,,,,,,,,,,,,,,,,,,,,,,,,,,,,,,,,,,,,,,,,
Die/6,"rodhinbar,hurt,-234.6,-140.4,88,0,6,1,1,0","rodhinbar,neck,-195.6,-133.4,106,0,9,1,1,0","rodhinbar,body,-90.8,-116.4,79.5,0,6,1,1,0","rodhinbar,arm_up,-107.6,-91.6,112,0,5,1,1,0","rodhinbar,arm_low,-33.6,-143.6,143,0,4,1,1,0","rodhinbar,fist,-1.6,-200,141,0,5,1,1,0","rodhinbar,arm_up,-128.8,-166.6,102,1,26,1,1,0","rodhinbar,arm_low,-44,-187.8,112.7,0,25,1,1,0","rodhinbar,fist,20.8,-209.4,113.7,1,36,1,1,0","rodhinbar,leg_up,23,-86.4,83.8,0,8,1,1,0","rodhinbar,leg_low,123,-36.4,56,0,10,1,1,0","rodhinbar,foot,192.8,-26,47.9,0,13,1,1,0","rodhinbar,leg_up,58,-150.4,118,0,12,1,1,0","rodhinbar,leg_low,154.4,-140.4,61,0,13,1,1,0","rodhinbar,foot,216.8,-133.6,60,0,15,1,1,0","rodhinbar,sword_base,-11.6,-119.2,-32,0,14,1,1,0","rodhinbar,bow_base,-22.4,-216.2,-139,0,40,1,1,0","rodhinbar,turban,-216,-113.6,135,0,4,1,1,0",,,,,,,,,"rodhinbar,quiver,-14.8,-105.2,-49,0,24,1,1,0",,,,,,,,,,,,,,,,,,,,,,,,,,,,,,,,,,,,,,,,,,,,,,,,,,,,,,,,,,,,,,,,,,,,,,,,,,,,,,,,,,,,,,,,,,,,
Die/7,"rodhinbar,close,-232.6,-84.4,104,0,6,1,1,0","rodhinbar,neck,-189.6,-89.4,113,0,9,1,1,0","rodhinbar,body,-90.8,-70.4,79.5,0,6,1,1,0","rodhinbar,arm_up,-107.6,-25.6,86,0,5,1,1,0","rodhinbar,arm_low,-21.6,-37.6,119,0,4,1,1,0","rodhinbar,fist,44.4,-82,118,0,5,1,1,0","rodhinbar,arm_up,-98.8,-116.6,83,1,26,1,1,0","rodhinbar,arm_low,-44,-125.8,112.7,0,25,1,1,0","rodhinbar,fist,20.8,-147.4,113.7,1,36,1,1,0","rodhinbar,leg_up,23,-32.4,69.8,0,8,1,1,0","rodhinbar,leg_low,123,21.6,46,0,10,1,1,0","rodhinbar,foot,180.8,52,47.9,0,13,1,1,0","rodhinbar,leg_up,58,-94.4,92,0,12,1,1,0","rodhinbar,leg_low,168.4,-64.4,61,0,13,1,1,0","rodhinbar,foot,230.8,-57.6,60,0,15,1,1,0","rodhinbar,sword_base,-11.6,-73.2,-48,0,14,1,1,0","rodhinbar,bow_base,-22.4,-128.2,-117,0,40,1,1,0","rodhinbar,turban,-204,-53.6,126,0,4,1,1,0",,,,,,,,,"rodhinbar,quiver,-14.8,-59.2,-70,0,24,1,1,0",,,,,,,,,,,,,,,,,,,,,,,,,,,,,,,,,,,,,,,,,,,,,,,,,,,,,,,,,,,,,,,,,,,,,,,,,,,,,,,,,,,,,,,,,,,,
Die/8,"rodhinbar,close,-240.6,-64.4,100,0,6,1,1,0","rodhinbar,neck,-189.6,-69.4,111,0,9,1,1,0","rodhinbar,body,-90.8,-56.4,87.5,0,6,1,1,0","rodhinbar,arm_up,-107.6,-1.6,82,0,5,1,1,0","rodhinbar,arm_low,-13.6,10.4,90,0,4,1,1,0","rodhinbar,fist,58.4,6,84,0,5,1,1,0","rodhinbar,arm_up,-98.8,-104.6,83,1,26,1,1,0","rodhinbar,arm_low,-24,-107.8,96.7,0,25,1,1,0","rodhinbar,fist,67.2,-96,109.7,1,36,1,1,0","rodhinbar,leg_up,47,-32.4,77.8,0,8,1,1,0","rodhinbar,leg_low,159,-8.4,81,0,10,1,1,0","rodhinbar,foot,227.2,-22,67.9,0,13,1,1,0","rodhinbar,leg_up,58,-76.4,82,0,12,1,1,0","rodhinbar,leg_low,168.4,-42.4,70,0,13,1,1,0","rodhinbar,foot,230.8,-45.6,80,0,15,1,1,0","rodhinbar,sword_base,-11.6,-63.2,-50,0,14,1,1,0","rodhinbar,bow_base,-22.4,-76.2,-94,0,40,1,1,0","rodhinbar,turban,-208,-9.6,93,0,4,1,1,0",,,,,,,,,"rodhinbar,quiver,-14.8,-53.2,-72,0,24,1,1,0",,,,,,,,,,,,,,,,,,,,,,,,,,,,,,,,,,,,,,,,,,,,,,,,,,,,,,,,,,,,,,,,,,,,,,,,,,,,,,,,,,,,,,,,,,,,
fstrong/0,"rodhinbar,head,3,-477.4,0,0,6,1,1,0","rodhinbar,neck,-4,-434.4,2,0,9,1,1,0","rodhinbar,body,-12.8,-330.4,-5.5,0,6,1,1,0","rodhinbar,arm_up,-45,-348.4,24,0,5,1,1,0","rodhinbar,arm_low,12.2,-310.4,93.2,0,4,1,1,0","rodhinbar,fist,85.2,-310,70.8,0,5,1,1,0","rodhinbar,arm_up,56,-341.6,24,1,26,1,1,0","rodhinbar,arm_low,92,-287.6,24.3,1,25,1,1,0","rodhinbar,fist,119.2,-226.4,41.7,1,26,1,1,0","rodhinbar,leg_up,-55,-186.4,-23.2,0,8,1,1,0","rodhinbar,leg_low,-97,-76.4,-16,0,10,1,1,0","rodhinbar,foot,-86.8,-13.4,-4.1,0,13,1,1,0","rodhinbar,leg_up,36,-194.4,22.7,0,12,1,1,0","rodhinbar,leg_low,50,-75.4,-1,0,13,1,1,0","rodhinbar,foot,78.2,-16.4,-1,0,15,1,1,0","rodhinbar,sword_base,-9.6,-261.2,-51,0,14,1,1,0","rodhinbar,bow_base,107.6,-260.4,118,0,27,1,1,0","rodhinbar,turban,-37.6,-454.8,0,0,4,1,1,0",,,,,,,,,"rodhinbar,quiver,-2.8,-237.2,-63,0,24,1,1,0",,,,,,,,,,,,,,,,,,,,,,,,,,,,,,,,,,,,,,,,,,,,,,,,,,,,,,,,,,,,,,,,,,,,,,,,,,,,,,,,,,,,,,,,,,,,
fstrong/1,"rodhinbar,head,9,-473.4,-9,0,6,1,1,0","rodhinbar,neck,-4,-434.4,2,0,9,1,1,0","rodhinbar,body,-12.8,-330.4,-5.5,0,6,1,1,0","rodhinbar,arm_up,-31,-354.4,39,0,5,1,1,0","rodhinbar,arm_low,44.2,-322.4,93.2,0,4,1,1,0","rodhinbar,fist,111.2,-316,70.8,0,5,1,1,0","rodhinbar,arm_up,62,-363.6,52,1,26,1,1,0","rodhinbar,arm_low,128,-321.6,51.3,1,25,1,1,0","rodhinbar,fist,183.2,-276.4,63.7,1,26,1,1,0","rodhinbar,leg_up,-55,-186.4,-28.2,0,8,1,1,0","rodhinbar,leg_low,-103,-76.4,-20,0,10,1,1,0","rodhinbar,foot,-98.8,-13.4,-9.1,0,13,1,1,0","rodhinbar,leg_up,42,-190.4,26.7,0,12,1,1,0","rodhinbar,leg_low,64,-81.4,1,0,13,1,1,0","rodhinbar,foot,92.2,-20.4,-7,0,15,1,1,0","rodhinbar,sword_base,-9.6,-259.2,-51,0,14,1,1,0","rodhinbar,bow_base,167.6,-314.4,135,0,27,1,1,0","rodhinbar,turban,-37.6,-458.8,-9,0,4,1,1,0",,,,,,,,,"rodhinbar,quiver,-2.8,-237.2,-63,0,24,1,1,0",,,,,,,,,,,,,,,,,,,,,,,,,,,,,,,,,,,,,,,,,,,,,,,,,,,,,,,,,,,,,,,,,,,,,,,,,,,,,,,,,,,,,,,,,,,,
fstrong/2,"rodhinbar,head,15,-473.4,-7,0,6,1,1,0","rodhinbar,neck,0,-434.4,2,0,9,1,1,0","rodhinbar,body,-12.8,-330.4,-5.5,0,6,1,1,0","rodhinbar,arm_up,-15,-376.4,62,0,5,1,1,0","rodhinbar,arm_low,68.2,-358.4,96.2,0,4,1,1,0","rodhinbar,fist,139.2,-368,73.8,0,5,1,1,0","rodhinbar,arm_up,70,-387.6,89,1,30,1,1,0","rodhinbar,arm_low,162,-391.6,90.3,1,29,1,1,0","rodhinbar,fist,236,-392.4,103.7,1,26,1,1,0","rodhinbar,leg_up,-55,-186.4,-28.2,0,8,1,1,0","rodhinbar,leg_low,-103,-76.4,-20,0,10,1,1,0","rodhinbar,foot,-98.8,-13.4,-9.1,0,13,1,1,0","rodhinbar,leg_up,42,-190.4,26.7,0,12,1,1,0","rodhinbar,leg_low,64,-81.4,1,0,13,1,1,0","rodhinbar,foot,92.2,-20.4,-7,0,15,1,1,0","rodhinbar,sword_base,-5.6,-261.2,-51,0,14,1,1,0","rodhinbar,bow_base,205.6,-410.8,178,0,27,1,1,0","rodhinbar,turban,-33.6,-458.8,-13,0,4,1,1,0","rodhinbar,arrow,197.2,-258,-154,0,7,1,1,0",,,,,,,,"rodhinbar,quiver,-2.8,-237.2,-63,0,24,1,1,0",,,,,,,,,,,,,,,,,,,,,,,,,,,,,,,,,,,,,,,,,,,,,,,,,,,,,,,,,,,,,,,,,,,,,,,,,,,,,,,,,,,,,,,,,,,,
fstrong/3,"rodhinbar,head,19,-469.4,-12,0,6,1,1,0","rodhinbar,neck,0,-434.4,2,0,9,1,1,0","rodhinbar,body,-8.8,-330.4,-8.5,0,6,1,1,0","rodhinbar,arm_up,-5,-398.4,88,0,5,1,1,0","rodhinbar,arm_low,96.2,-398.4,97.2,0,4,1,1,0","rodhinbar,fist,155.2,-406.4,82.8,0,5,1,1,0","rodhinbar,arm_up,70,-387.6,89,1,30,1,1,0","rodhinbar,arm_low,162,-391.6,86.3,1,29,1,1,0","rodhinbar,fist,236,-390.4,105.7,1,26,1,1,0","rodhinbar,leg_up,-59,-186.4,-28.2,0,8,1,1,0","rodhinbar,leg_low,-107,-76.4,-17,0,10,1,1,0","rodhinbar,foot,-98.8,-13.4,-9.1,0,13,1,1,0","rodhinbar,leg_up,42,-190.4,33.7,0,12,1,1,0","rodhinbar,leg_low,68,-81.4,-1,0,13,1,1,0","rodhinbar,foot,92.2,-20.4,-7,0,15,1,1,0","rodhinbar,sword_base,-11.6,-261.2,-57,0,14,1,1,0","rodhinbar,bow_draw_1,283.6,-418.8,180,0,27,1,1,0","rodhinbar,turban,-31.6,-458.8,-14,0,4,1,1,0",,,,,,,,,"rodhinbar,quiver,-2.8,-237.2,-66,0,24,1,1,0",,,,,,,,,,,,,,,,,,,,,,,,,,,,,,,,,,,,,,,,,,,,,,,,,,,,,,,,,,,,,,,,,,,,,,,,,,,,,,,,,,,,,,,,,,play_time_mod_2,,
fstrong/4,"rodhinbar,head,27,-469.4,-15,0,6,1,1,0","rodhinbar,neck,0,-434.4,2,0,9,1,1,0","rodhinbar,body,-8.8,-330.4,-8.5,0,6,1,1,0","rodhinbar,arm_up,-9,-398.4,86,0,5,1,1,0","rodhinbar,arm_low,52.2,-400.4,97.2,0,5,1,1,0","rodhinbar,fist,115.2,-410.4,82.8,0,5,1,1,0","rodhinbar,arm_up,70,-387.6,89,1,30,1,1,0","rodhinbar,arm_low,162,-391.6,85.3,1,29,1,1,0","rodhinbar,fist,236,-388.4,94.7,1,26,1,1,0","rodhinbar,leg_up,-59,-186.4,-28.2,0,8,1,1,0","rodhinbar,leg_low,-107,-76.4,-17,0,10,1,1,0","rodhinbar,foot,-98.8,-13.4,-9.1,0,13,1,1,0","rodhinbar,leg_up,42,-190.4,33.7,0,12,1,1,0","rodhinbar,leg_low,68,-81.4,-1,0,13,1,1,0","rodhinbar,foot,92.2,-20.4,-7,0,15,1,1,0","rodhinbar,sword_base,-9.6,-261.2,-57,0,14,1,1,0","rodhinbar,bow_draw_2,257.6,-422.8,178,0,27,1,1,0","rodhinbar,turban,-25.6,-462.8,-20,0,4,1,1,0",,,,,,,,,"rodhinbar,quiver,-2.8,-237.2,-66,0,24,1,1,0",,,,,,,,,,,,,,,,,,,,,,,,,,,,,,,,,,,,,,,,,,,,,,,,,,,,,,,,,,,,,,,,,,,,,,,,,,,,,,,,,,,,,,,,,,play_time_mod_0.7,,
fstrong/5,"rodhinbar,head,27,-471.4,-13,0,6,1,1,0","rodhinbar,neck,13.6,-427.2,-5,0,9,1,1,0","rodhinbar,body,-8.8,-330.4,-8.5,0,6,1,1,0","rodhinbar,arm_up,-79,-390.4,-72,0,5,0.8,0.8,0","rodhinbar,arm_low,-39.8,-390.4,97.2,0,5,1,1,0","rodhinbar,fist,45.2,-404.4,82.8,0,5,1,1,0","rodhinbar,arm_up,70,-387.6,89,1,30,1,1,0","rodhinbar,arm_low,162,-391.6,85.3,1,29,1,1,0","rodhinbar,fist,236,-388.4,94.7,1,26,1,1,0","rodhinbar,leg_up,-59,-186.4,-28.2,0,8,1,1,0","rodhinbar,leg_low,-107,-76.4,-17,0,10,1,1,0","rodhinbar,foot,-98.8,-13.4,-9.1,0,13,1,1,0","rodhinbar,leg_up,42,-190.4,33.7,0,12,1,1,0","rodhinbar,leg_low,68,-81.4,-1,0,13,1,1,0","rodhinbar,foot,92.2,-20.4,-7,0,15,1,1,0","rodhinbar,sword_base,-11.6,-261.2,-57,0,14,1,1,0","rodhinbar,bow_draw_3,193.6,-418.8,180,0,27,1,1,0","rodhinbar,turban,-19.6,-462.8,-11,0,4,1,1,0",,,,,,,,,"rodhinbar,quiver,-2.8,-237.2,-66,0,24,1,1,0",,,,,,,,,,,,,,,,,,,,,,,,,,,,,,,,,,,,,,,,,,,,,,,,,,,,,,,,,,,,,,,,,,,,,,,,,,,,,,,,,,,,,,,,,,"play_time_mod_0.7,hold",,
fstrong/6,"rodhinbar,head,25,-471.4,-8,0,6,1,1,0","rodhinbar,neck,13.6,-427.2,-5,0,9,1,1,0","rodhinbar,body,-8.8,-330.4,-6.5,0,6,1,1,0","rodhinbar,arm_up,-79,-390.4,-72,0,5,0.8,0.8,0","rodhinbar,arm_low,-69.8,-388.4,97.2,0,5,1,1,0","rodhinbar,fist,-18.8,-396.4,82.8,0,5,1,1,0","rodhinbar,arm_up,70,-387.6,89,1,30,1,1,0","rodhinbar,arm_low,162,-391.6,85.3,1,29,1,1,0","rodhinbar,fist,236,-388.4,94.7,1,26,1,1,0","rodhinbar,leg_up,-63,-186.4,-28.2,0,8,1,1,0","rodhinbar,leg_low,-113,-76.4,-21,0,10,1,1,0","rodhinbar,foot,-110.8,-13.4,-13.1,0,13,1,1,0","rodhinbar,leg_up,46,-194.4,36.7,0,12,1,1,0","rodhinbar,leg_low,68,-81.4,-4,0,13,1,1,0","rodhinbar,foot,92.2,-20.4,-11,0,15,1,1,0","rodhinbar,sword_base,-11.6,-261.2,-57,0,14,1,1,0","rodhinbar,bow_draw_2,249.6,-418.8,180,0,27,1,1,0","rodhinbar,turban_speed1,-49.6,-464.8,37,0,4,1,1,0",,,,,,,,,"rodhinbar,quiver,-2.8,-237.2,-66,0,24,1,1,0",,,,,,,,,,,,,,,,,,,,,,,,,,,,,,,,,,,,,,,,,,,,,,,,,,,,,,,,,,,,,,,,,,,,,,,,,,,,,,,,,,,,,,,,,,play_time_mod_0.5,,"bow_small_loose,1000,1"
fstrong/7,"rodhinbar,head,25,-471.4,-8,0,6,1,1,0","rodhinbar,neck,13.6,-427.2,-5,0,9,1,1,0","rodhinbar,body,-8.8,-330.4,-6.5,0,6,1,1,0","rodhinbar,arm_up,-97,-382.4,-69,0,5,1,1,0","rodhinbar,arm_low,-105.8,-400.4,141.2,0,2,1,1,0","rodhinbar,fist,-66.8,-460.4,135.8,0,3,1,1,0","rodhinbar,arm_up,70,-387.6,89,1,30,1,1,0","rodhinbar,arm_low,162,-391.6,85.3,1,29,1,1,0","rodhinbar,fist,236,-388.4,94.7,1,26,1,1,0","rodhinbar,leg_up,-63,-186.4,-28.2,0,8,1,1,0","rodhinbar,leg_low,-113,-76.4,-21,0,10,1,1,0","rodhinbar,foot,-110.8,-13.4,-13.1,0,13,1,1,0","rodhinbar,leg_up,46,-194.4,36.7,0,12,1,1,0","rodhinbar,leg_low,68,-81.4,-4,0,13,1,1,0","rodhinbar,foot,92.2,-20.4,-11,0,15,1,1,0","rodhinbar,sword_base,-11.6,-261.2,-57,0,14,1,1,0","rodhinbar,bow_draw_1,281.6,-420.8,180,0,27,1,1,0","rodhinbar,turban_speed2,-55.6,-478.8,14,0,4,1,1,0",,,,,,,,,"rodhinbar,quiver,-2.8,-237.2,-66,0,24,1,1,0",,,,,,,,,,,,,,,,,,,,,,,,,,,,,,,,,,,,,,,,,,,,,,,,,,,,,,,,,,,,,,,,,,,,,,,,,,,,,,,,,,,,,,,,,,play_time_mod_0.5,,"pierce_small,1000,1"
fstrong/8,"rodhinbar,head,25,-471.4,-8,0,6,1,1,0","rodhinbar,neck,13.6,-427.2,-5,0,9,1,1,0","rodhinbar,body,-8.8,-330.4,-6.5,0,6,1,1,0","rodhinbar,arm_up,-103,-390.4,-81,0,5,1,1,0","rodhinbar,arm_low,-146.4,-420,-167,0,2,1,1,0","rodhinbar,fist,-158.4,-491.6,176,0,3,1,1,0","rodhinbar,arm_up,70,-385.6,78,1,30,1,1,0","rodhinbar,arm_low,156,-373.6,81.3,1,29,1,1,0","rodhinbar,fist,230,-358.4,88.7,1,26,1,1,0","rodhinbar,leg_up,-63,-186.4,-28.2,0,8,1,1,0","rodhinbar,leg_low,-113,-76.4,-21,0,10,1,1,0","rodhinbar,foot,-110.8,-13.4,-13.1,0,13,1,1,0","rodhinbar,leg_up,46,-194.4,36.7,0,12,1,1,0","rodhinbar,leg_low,68,-81.4,-4,0,13,1,1,0","rodhinbar,foot,92.2,-20.4,-11,0,15,1,1,0","rodhinbar,sword_base,-11.6,-261.2,-57,0,14,1,1,0","rodhinbar,bow_base,201.6,-386.8,165,0,27,1,1,0","rodhinbar,turban_speed1,-51.6,-460.8,41,0,4,1,1,0",,,,,,,,,"rodhinbar,quiver,-2.8,-237.2,-66,0,24,1,1,0",,,,,,,,,,,,,,,,,,,,,,,,,,,,,,,,,,,,,,,,,,,,,,,,,,,,,,,,,,,,,,,,,,,,,,,,,,,,,,,,,,"rodhinbar_arrow,speed,393.6,-418,-91,0,0,1,1,1",,,,,,,,"play_time_mod_0.5,stoppable",,
fstrong/9,"rodhinbar,head,25,-463.4,-10,0,6,1,1,0","rodhinbar,neck,13.6,-419.2,-7,0,9,1,1,0","rodhinbar,body,-8.8,-326.4,-8.5,0,6,1,1,0","rodhinbar,arm_up,-103,-382.4,-72,0,5,1,1,0","rodhinbar,arm_low,-175.8,-366.4,-73,0,2,1,1,0","rodhinbar,fist,-225.6,-346,-79,0,3,1,1,0","rodhinbar,arm_up,74,-377.6,73,1,30,1,1,0","rodhinbar,arm_low,160,-355.6,72.3,1,29,1,1,0","rodhinbar,fist,234,-334.4,82.7,1,26,1,1,0","rodhinbar,leg_up,-57,-186.4,-24.2,0,8,1,1,0","rodhinbar,leg_low,-105,-76.4,-26,0,10,1,1,0","rodhinbar,foot,-102.8,-13.4,-18.1,0,13,1,1,0","rodhinbar,leg_up,46,-194.4,36.7,0,12,1,1,0","rodhinbar,leg_low,68,-81.4,-4,0,13,1,1,0","rodhinbar,foot,92.2,-20.4,-11,0,15,1,1,0","rodhinbar,sword_base,-7.6,-261.2,-57,0,14,1,1,0","rodhinbar,bow_base,211.6,-368.8,161,0,27,1,1,0","rodhinbar,turban,-27.6,-452.8,-18,0,4,1,1,0",,,,,,,,,"rodhinbar,quiver,1.2,-237.2,-66,0,24,1,1,0",,,,,,,,,,,,,,,,,,,,,,,,,,,,,,,,,,,,,,,,,,,,,,,,,,,,,,,,,,,,,,,,,,,,,,,,,,,,,,,,,,,,,,,,,,stoppable,,
fstrong/10,"rodhinbar,head,21,-467.4,-8,0,6,1,1,0","rodhinbar,neck,9.6,-423.2,-5,0,9,1,1,0","rodhinbar,body,-8.8,-330.4,-4.5,0,6,1,1,0","rodhinbar,arm_up,-97,-370.4,-66,0,5,1,1,0","rodhinbar,arm_low,-171.6,-324.8,-40,0,5,1,1,0","rodhinbar,fist,-214.4,-268,-43,0,6,1,1,0","rodhinbar,arm_up,70,-375.6,64,1,30,1,1,0","rodhinbar,arm_low,150,-337.6,59.3,1,29,1,1,0","rodhinbar,fist,214,-296.4,68.7,1,31,1,1,0","rodhinbar,leg_up,-55,-186.4,-28.2,0,8,1,1,0","rodhinbar,leg_low,-103,-76.4,-20,0,10,1,1,0","rodhinbar,foot,-98.8,-13.4,-9.1,0,13,1,1,0","rodhinbar,leg_up,42,-190.4,26.7,0,12,1,1,0","rodhinbar,leg_low,64,-81.4,1,0,13,1,1,0","rodhinbar,foot,92.2,-20.4,-7,0,15,1,1,0","rodhinbar,sword_base,-11.6,-267.2,-55,0,14,1,1,0","rodhinbar,bow_base,199.6,-336.8,149,0,34,1,1,0","rodhinbar,turban,-25.6,-452.8,-7,0,4,1,1,0",,,,,,,,,"rodhinbar,quiver,-2.8,-237.2,-61,0,24,1,1,0",,,,,,,,,,,,,,,,,,,,,,,,,,,,,,,,,,,,,,,,,,,,,,,,,,,,,,,,,,,,,,,,,,,,,,,,,,,,,,,,,,,,,,,,,,"play_time_mod_0.5,stoppable",,
gbspecial/0,"rodhinbar,head,3,-477.4,0,0,6,1,1,0","rodhinbar,neck,-4,-434.4,2,0,9,1,1,0","rodhinbar,body,-12.8,-330.4,-5.5,0,6,1,1,0","rodhinbar,arm_up,-45,-348.4,24,0,5,1,1,0","rodhinbar,arm_low,12.2,-310.4,93.2,0,4,1,1,0","rodhinbar,fist,85.2,-310,70.8,0,5,1,1,0","rodhinbar,arm_up,56,-341.6,24,1,26,1,1,0","rodhinbar,arm_low,92,-287.6,24.3,1,25,1,1,0","rodhinbar,fist,119.2,-226.4,41.7,1,26,1,1,0","rodhinbar,leg_up,-55,-186.4,-23.2,0,8,1,1,0","rodhinbar,leg_low,-97,-76.4,-16,0,10,1,1,0","rodhinbar,foot,-86.8,-13.4,-4.1,0,13,1,1,0","rodhinbar,leg_up,36,-194.4,22.7,0,12,1,1,0","rodhinbar,leg_low,50,-75.4,-1,0,13,1,1,0","rodhinbar,foot,78.2,-16.4,-1,0,15,1,1,0","rodhinbar,sword_base,-9.6,-261.2,-51,0,14,1,1,0","rodhinbar,bow_base,107.6,-260.4,118,0,27,1,1,0","rodhinbar,turban,-37.6,-454.8,0,0,4,1,1,0",,,,,,,,,"rodhinbar,quiver,-14.8,-219.2,-63,0,24,1,1,0",,,,,,,,,,,,,,,,,,,,,,,,,,,,,,,,,,,,,,,,,,,,,,,,,,,,,,,,,,,,,,,,,,,,,,,,,,,,,,,,,,,,,,,,,,,,
gbspecial/1,"rodhinbar,head,27,-459.4,-3,0,6,1,1,0","rodhinbar,neck,20,-416.4,-1,0,9,1,1,0","rodhinbar,body,-6.8,-314.4,-10.5,0,6,1,1,0","rodhinbar,arm_up,-51,-334.4,-2,0,5,1,1,0","rodhinbar,arm_low,-13.8,-276.4,75.2,0,4,1,1,0","rodhinbar,fist,61.2,-256,69.8,0,5,1,1,0","rodhinbar,arm_up,46,-321.6,-4,1,26,1,1,0","rodhinbar,arm_low,62,-273.6,25.3,1,25,1,1,0","rodhinbar,fist,95.2,-198.4,38.7,1,26,1,1,0","rodhinbar,leg_up,-55,-176.4,-36.2,0,8,1,1,0","rodhinbar,leg_low,-119,-76.4,-31,0,10,1,1,0","rodhinbar,foot,-124.8,-19.4,-17.1,0,13,1,1,0","rodhinbar,leg_up,36,-184.4,40.7,0,12,1,1,0","rodhinbar,leg_low,58,-75.4,-5,0,13,1,1,0","rodhinbar,foot,78.2,-16.4,-1,0,15,1,1,0","rodhinbar,sword_base,-11.6,-247.2,-54,0,14,1,1,0","rodhinbar,bow_base,91.6,-232.4,115,0,27,1,1,0","rodhinbar,turban,-31.6,-450.8,-27,0,4,1,1,0",,,,,,,,,"rodhinbar,quiver,-2.8,-217.2,-66,0,24,1,1,0",,,,,,,,,,,,,,,,,,,,,,,,,,,,,,,,,,,,,,,,,,,,,,,,,,,,,,,,,,,,,,,,,,,,,,,,,,,,,,,,,,,,,,,,,,,,
gbspecial/2,"rodhinbar,head,17,-427.4,-6,0,6,1,1,0","rodhinbar,neck,6,-384.4,-1,0,9,1,1,0","rodhinbar,body,-12.8,-286.4,-6.5,0,6,1,1,0","rodhinbar,arm_up,-45,-306.4,24,0,5,1,1,0","rodhinbar,arm_low,14.2,-254.4,75.2,0,4,1,1,0","rodhinbar,fist,91.2,-244,69.8,0,5,1,1,0","rodhinbar,arm_up,56,-291.6,9,1,26,1,1,0","rodhinbar,arm_low,76,-235.6,25.3,1,25,1,1,0","rodhinbar,fist,97.2,-170.4,38.7,1,26,1,1,0","rodhinbar,leg_up,-55,-154.4,-25.2,0,8,1,1,0","rodhinbar,leg_low,-129,-72.4,-51,0,10,1,1,0","rodhinbar,foot,-150.8,-21.4,-36.1,0,13,1,1,0","rodhinbar,leg_up,44,-178.4,56.7,0,12,1,1,0","rodhinbar,leg_low,70,-75.4,-8,0,13,1,1,0","rodhinbar,foot,90.2,-16.4,-1,0,15,1,1,0","rodhinbar,sword_base,-3.6,-211.2,-54,0,14,1,1,0","rodhinbar,bow_base,93.6,-204.4,115,0,27,1,1,0","rodhinbar,turban_speed1,-63.6,-446.8,-4,0,4,1,1,0",,,,,,,,,"rodhinbar,quiver,-0.8,-189.2,-66,0,24,1,1,0",,,,,,,,,,,,,,,,,,,,,,,,,,,,,,,,,,,,,,,,,,,,,,,,,,,,,,,,,,,,,,,,,,,,,,,,,,,,,,,,,,,,,,,,,,,,
gbspecial/3,"rodhinbar,head,-17,-463.4,-9,0,6,1,1,0","rodhinbar,neck,-32,-416.4,-8,0,9,1,1,0","rodhinbar,body,-44.8,-324.4,-2.5,0,6,1,1,0","rodhinbar,arm_up,-77,-348.4,29,0,5,1,1,0","rodhinbar,arm_low,-11.8,-300.4,75.2,0,4,1,1,0","rodhinbar,fist,65.2,-290,69.8,0,5,1,1,0","rodhinbar,arm_up,32,-351.6,47,1,26,1,1,0","rodhinbar,arm_low,112.8,-274.4,47.3,1,25,1,1,0","rodhinbar,fist,148,-233.6,45.7,1,26,1,1,0","rodhinbar,leg_up,-55,-190.4,3.8,0,8,1,1,0","rodhinbar,leg_low,-49.2,-79.2,6,0,10,1,1,0","rodhinbar,foot,-21.6,-14.4,-21.1,0,13,1,1,0","rodhinbar,leg_up,36,-214.4,56.7,0,12,1,1,0","rodhinbar,leg_low,82,-123.4,10,0,13,1,1,0","rodhinbar,foot,109.6,-70.4,-1,0,15,1,1,0","rodhinbar,sword_base,-3.6,-235.2,-54,0,14,1,1,0","rodhinbar,bow_base,148.8,-276,128,0,27,1,1,0","rodhinbar,turban_speed1,-83.6,-448.8,50,0,4,1,1,0","rodhinbar,arrow,133.2,-196,-150,0,7,1,1,0","rodhinbar,arrow,164.4,-219.6,-127,0,7,1,1,0","rodhinbar,arrow,105.2,-168,-165,0,7,1,1,0",,,,,,"rodhinbar,quiver,-20.8,-227.2,-59,0,24,1,1,0",,,,,,,,,,,,,,,,,,,,,,,,,,,,,,,,,,,,,,,,,,,,,,,,,,,,,,,,,,,,,,,,,,,,,,,,,,,,,,,,,,,,,,,,,,play_time_mod_1.2,,
gbspecial/4,"rodhinbar,head,-45,-485.4,-9,0,6,1,1,0","rodhinbar,neck,-60,-438.4,-8,0,9,1,1,0","rodhinbar,body,-64.8,-344.4,1.5,0,6,1,1,0","rodhinbar,arm_up,-73,-380.4,72,0,5,1,1,0","rodhinbar,arm_low,14.6,-352.4,79.2,0,4,1,1,0","rodhinbar,fist,89.6,-344,69.8,0,5,1,1,0","rodhinbar,arm_up,20,-379.6,56,1,26,1,1,0","rodhinbar,arm_low,100.8,-332.4,58.3,1,25,1,1,0","rodhinbar,fist,156,-289.2,68.7,1,26,1,1,0","rodhinbar,leg_up,-61,-202.4,11.8,0,8,1,1,0","rodhinbar,leg_low,-45.2,-95.2,8,0,10,1,1,0","rodhinbar,foot,-11.6,-36.4,-12.1,0,13,1,1,0","rodhinbar,leg_up,24,-226.4,59.7,0,12,1,1,0","rodhinbar,leg_low,78,-139.4,13,0,13,1,1,0","rodhinbar,foot,117.6,-86.4,2,0,15,1,1,0","rodhinbar,sword_base,-31.6,-247.2,-50,0,14,1,1,0","rodhinbar,bow_draw_1,216.8,-306.8,162,0,27,1,1,0","rodhinbar,turban,-78.4,-466.8,21,0,4,1,1,0",,"rodhinbar,arrow,222.4,-331.8,-98,0,7,1,1,0","rodhinbar,arrow,202,-276.8,-117,0,7,1,1,0",,,,,,"rodhinbar,quiver,-32.8,-239.2,-59,0,24,1,1,0",,,,,,,,,,,,,,,,,,,,,,,,,,,,,,,,,,,,,,,,,,,,,,,,,,,,,,,,,,,,,,,,,,,,,,,,,,,,,,,,,,,,,,,,,,,,
gbspecial/5,"rodhinbar,head,-75,-493.4,-9,0,6,1,1,0","rodhinbar,neck,-90,-446.4,-8,0,9,1,1,0","rodhinbar,body,-78.8,-352.4,4.5,0,6,1,1,0","rodhinbar,arm_up,-103,-410.4,77,0,5,1,1,0","rodhinbar,arm_low,-47.4,-402.4,83.2,0,4,1,1,0","rodhinbar,fist,23.6,-390,55.8,0,5,1,1,0","rodhinbar,arm_up,12,-387.6,56,1,26,1,1,0","rodhinbar,arm_low,86.8,-344.4,67.3,1,25,1,1,0","rodhinbar,fist,148,-309.2,74.7,1,26,1,1,0","rodhinbar,leg_up,-69,-210.4,11.8,0,8,1,1,0","rodhinbar,leg_low,-53.2,-103.2,0,0,10,1,1,0","rodhinbar,foot,-31.6,-44.4,-12.1,0,13,1,1,0","rodhinbar,leg_up,16,-242.4,68.7,0,12,1,1,0","rodhinbar,leg_low,64,-163.4,2,0,13,1,1,0","rodhinbar,foot,87.6,-104.4,-11,0,15,1,1,0","rodhinbar,sword_base,-23.6,-255.2,-54,0,14,1,1,0","rodhinbar,bow_draw_2,176.8,-338.8,161,0,27,1,1,0","rodhinbar,turban,-108.4,-474.8,24,0,4,1,1,0",,"rodhinbar,arrow,162.4,-369.8,-98,0,7,1,1,0","rodhinbar,arrow,142,-314.8,-117,0,7,1,1,0",,,,,,"rodhinbar,quiver,-40.8,-247.2,-59,0,24,1,1,0",,,,,,,,,,,,,,,,,,,,,,,,,,,,,,,,,,,,,,,,,,,,,,,,,,,,,,,,,,,,,,,,,,,,,,,,,,,,,,,,,,,,,,,,,,play_time_mod_0.7,,
gbspecial/6,"rodhinbar,head,-75,-493.4,-14,0,6,1,1,0","rodhinbar,neck,-90,-446.4,-8,0,9,1,1,0","rodhinbar,body,-78.8,-352.4,4.5,0,6,1,1,0","rodhinbar,arm_up,-134.8,-421.2,-95,0,5,0.9,0.9,0","rodhinbar,arm_low,-99.2,-427,84.2,0,4,1,1,0","rodhinbar,fist,-24,-418.6,65.8,0,5,1,1,0","rodhinbar,arm_up,12,-387.6,56,1,26,1,1,0","rodhinbar,arm_low,86.8,-344.4,67.3,1,25,1,1,0","rodhinbar,fist,148,-309.2,74.7,1,26,1,1,0","rodhinbar,leg_up,-63,-210.4,22.8,0,8,1,1,0","rodhinbar,leg_low,-39.2,-103.2,3,0,10,1,1,0","rodhinbar,foot,-7.6,-40.4,-12.1,0,13,1,1,0","rodhinbar,leg_up,16,-242.4,71.7,0,12,1,1,0","rodhinbar,leg_low,70,-167.4,8,0,13,1,1,0","rodhinbar,foot,99.6,-106.4,-6,0,15,1,1,0","rodhinbar,sword_base,-23.6,-255.2,-56,0,14,1,1,0","rodhinbar,bow_draw_3,114,-364,158,0,27,1,1,0","rodhinbar,turban,-112.4,-476.8,9,0,4,1,1,0",,"rodhinbar,arrow,116.4,-395.8,-100,0,7,1,1,0","rodhinbar,arrow,96,-340.8,-119,0,7,1,1,0",,,,,,"rodhinbar,quiver,-40.8,-247.2,-61,0,24,1,1,0",,,,,,,,,,,,,,,,,,,,,,,,,,,,,,,,,,,,,,,,,,,,,,,,,,,,,,,,,,,,,,,,,,,,,,,,,,,,,,,,,,,,,,,,,,play_time_mod_0.7,,
gbspecial/7,"rodhinbar,head,-69,-493.4,-18,0,6,1,1,0","rodhinbar,neck,-90,-446.4,-8,0,9,1,1,0","rodhinbar,body,-78.8,-352.4,6.5,0,6,1,1,0","rodhinbar,arm_up,-134.8,-421.2,-95,0,5,0.9,0.9,0","rodhinbar,arm_low,-131.2,-423,84.2,0,4,1,1,0","rodhinbar,fist,-54,-412.6,65.8,0,5,1,1,0","rodhinbar,arm_up,12,-387.6,56,1,26,1,1,0","rodhinbar,arm_low,86.8,-344.4,67.3,1,25,1,1,0","rodhinbar,fist,148,-309.2,74.7,1,26,1,1,0","rodhinbar,leg_up,-63,-210.4,19.8,0,8,1,1,0","rodhinbar,leg_low,-45.2,-103.2,-3,0,10,1,1,0","rodhinbar,foot,-23.6,-40.4,-15.1,0,13,1,1,0","rodhinbar,leg_up,16,-242.4,75.7,0,12,1,1,0","rodhinbar,leg_low,84,-167.4,16,0,13,1,1,0","rodhinbar,foot,121.6,-116.4,-6,0,15,1,1,0","rodhinbar,sword_base,-27.6,-259.2,-54,0,14,1,1,0","rodhinbar,bow_draw_2,178.4,-341.2,161,0,27,1,1,0","rodhinbar,turban,-116.4,-482.8,-5,0,4,1,1,0",,"rodhinbar,arrow,172.4,-371.8,-100,0,7,1,1,0","rodhinbar,arrow,152,-316.8,-119,0,7,1,1,0",,,,,,"rodhinbar,quiver,-44.8,-251.2,-59,0,24,1,1,0",,,,,,,,,,,,,,,,,,,,,,,,,,,,,,,,,,,,,,,,,,,,,,,,,,,,,,,,,,,,,,,,,,,,,,,,,,,,,,,,,,,,,,,,,,,,"bow_small_loose,1000,1"
gbspecial/8,"rodhinbar,head,-69,-493.4,-17,0,6,1,1,0","rodhinbar,neck,-90,-446.4,-8,0,9,1,1,0","rodhinbar,body,-78.8,-352.4,6.5,0,6,1,1,0","rodhinbar,arm_up,-184.8,-417.2,-95,0,5,1,1,0","rodhinbar,arm_low,-248,-456,-140,0,4,1,1,0","rodhinbar,fist,-292.8,-504.4,-150,0,5,1,1,0","rodhinbar,arm_up,12,-383.6,53,1,26,1,1,0","rodhinbar,arm_low,86.8,-344.4,62.3,1,25,1,1,0","rodhinbar,fist,148,-305.2,69.7,1,26,1,1,0","rodhinbar,leg_up,-63,-210.4,19.8,0,8,1,1,0","rodhinbar,leg_low,-49.2,-103.2,-6,0,10,1,1,0","rodhinbar,foot,-29.6,-40.4,-15.1,0,13,1,1,0","rodhinbar,leg_up,16,-242.4,78.7,0,12,1,1,0","rodhinbar,leg_low,84,-173.4,23,0,13,1,1,0","rodhinbar,foot,125.6,-126.4,-2,0,15,1,1,0","rodhinbar,sword_base,-27.6,-259.2,-54,0,14,1,1,0","rodhinbar,bow_draw_1,206.4,-333.2,165,0,27,1,1,0","rodhinbar,turban,-116.4,-482.8,-13,0,4,1,1,0",,"rodhinbar,arrow,220.4,-363.8,-97,0,7,1,1,0","rodhinbar,arrow,200,-308.8,-116,0,7,1,1,0",,,,,,"rodhinbar,quiver,-44.8,-251.2,-59,0,24,1,1,0",,,,,,,,,,,,,,,,,,,,,,,,,,,,,,,,,,,,,,,,,,,,,,,,,,,,,,,,,,,,,,,,,,,,,,,,,,,,,,,,,,,,,,,,,,,,"pierce,1000,1"
gbspecial/9,"rodhinbar,head,-63,-495.4,-11,0,6,1,1,0","rodhinbar,neck,-90,-446.4,-8,0,9,1,1,0","rodhinbar,body,-78.8,-352.4,3.5,0,6,1,1,0","rodhinbar,arm_up,-184.8,-417.2,-95,0,5,1,1,0","rodhinbar,arm_low,-272,-438,-111,0,4,1,1,0","rodhinbar,fist,-338.4,-468.8,-135,0,5,1,1,0","rodhinbar,arm_up,8,-383.6,57,1,26,1,1,0","rodhinbar,arm_low,86.8,-344.4,66.3,1,25,1,1,0","rodhinbar,fist,148,-309.2,78.7,1,26,1,1,0","rodhinbar,leg_up,-67,-214.4,15.8,0,8,1,1,0","rodhinbar,leg_low,-63.2,-103.2,-10,0,10,1,1,0","rodhinbar,foot,-51.6,-40.4,-18.1,0,13,1,1,0","rodhinbar,leg_up,16,-236.4,68.7,0,12,1,1,0","rodhinbar,leg_low,86,-163.4,23,0,13,1,1,0","rodhinbar,foot,129.6,-114.4,-5,0,15,1,1,0","rodhinbar,sword_base,-27.6,-259.2,-54,0,14,1,1,0","rodhinbar,bow_base,130.8,-352,163,0,27,1,1,0","rodhinbar,turban,-116.4,-482.8,-17,0,4,1,1,0",,,,,,,,,"rodhinbar,quiver,-44.8,-251.2,-59,0,24,1,1,0",,,,,,,,,,,,,,,,,,,,,,,,,,,,,,,,,,,,,,,,,,,,,,,,,,,,,,,,,,,,,,,,,,,,,,,,,,,,,,,,,,"rodhinbar_arrow,speed,288.8,-303.2,-105,0,0,1,1,1","rodhinbar_arrow,speed,272,-264.8,-112,0,0,1,1,0","rodhinbar_arrow,speed,304.8,-349.2,-99,0,0,1,1,0",,,,,,,,
gbspecial/10,"rodhinbar,head,-55,-495.4,-3,0,6,1,1,0","rodhinbar,neck,-68,-446.4,-1,0,9,1,1,0","rodhinbar,body,-70.8,-352.4,-3.5,0,6,1,1,0","rodhinbar,arm_up,-172.8,-403.2,-78,0,5,1,1,0","rodhinbar,arm_low,-262.8,-382.8,-68,0,4,1,1,0","rodhinbar,fist,-316.8,-353.6,-64,0,5,1,1,0","rodhinbar,arm_up,10,-383.6,52,1,26,1,1,0","rodhinbar,arm_low,94.8,-336.4,59.3,1,25,1,1,0","rodhinbar,fist,152,-297.2,68.7,1,26,1,1,0","rodhinbar,leg_up,-89,-218.4,-9.2,0,8,1,1,0","rodhinbar,leg_low,-115.2,-103.2,-10,0,10,1,1,0","rodhinbar,foot,-103.6,-40.4,-18.1,0,13,1,1,0","rodhinbar,leg_up,2,-226.4,51.7,0,12,1,1,0","rodhinbar,leg_low,58,-127.4,23,0,13,1,1,0","rodhinbar,foot,102,-77.2,0,0,15,1,1,0","rodhinbar,sword_base,-39.6,-259.2,-54,0,14,1,1,0","rodhinbar,bow_base,138.8,-340,145,0,27,1,1,0","rodhinbar,turban_speed1,-128.4,-504.8,16,0,4,1,1,0",,,,,,,,,"rodhinbar,quiver,-56.8,-251.2,-59,0,24,1,1,0",,,,,,,,,,,,,,,,,,,,,,,,,,,,,,,,,,,,,,,,,,,,,,,,,,,,,,,,,,,,,,,,,,,,,,,,,,,,,,,,,,,,,,,,,,,,
gbspecial/11,"rodhinbar,head,-27,-453.4,-3,0,6,1,1,0","rodhinbar,neck,-40,-404.4,-13,0,9,1,1,0","rodhinbar,body,-62.8,-316.4,-11.5,0,6,1,1,0","rodhinbar,arm_up,-160.8,-361.2,-63,0,5,1,1,0","rodhinbar,arm_low,-240,-311.6,-48,0,4,1,1,0","rodhinbar,fist,-284.4,-258,-48,0,5,1,1,0","rodhinbar,arm_up,10,-351.6,39,1,26,1,1,0","rodhinbar,arm_low,80.8,-290.4,51.3,1,25,1,1,0","rodhinbar,fist,132,-247.2,58.7,1,26,1,1,0","rodhinbar,leg_up,-89,-182.4,-9.2,0,8,1,1,0","rodhinbar,leg_low,-115.2,-67.2,-10,0,10,1,1,0","rodhinbar,foot,-97.6,-4.4,-5.1,0,13,1,1,0","rodhinbar,leg_up,2,-190.4,43.7,0,12,1,1,0","rodhinbar,leg_low,58,-91.4,23,0,13,1,1,0","rodhinbar,foot,102,-41.2,0,0,15,1,1,0","rodhinbar,sword_base,-33.6,-223.2,-54,0,14,1,1,0","rodhinbar,bow_base,122.8,-292,140,0,27,1,1,0","rodhinbar,turban_speed2,-108.4,-446.8,27,0,4,1,1,0",,,,,,,,,"rodhinbar,quiver,-50.8,-215.2,-59,0,24,1,1,0",,,,,,,,,,,,,,,,,,,,,,,,,,,,,,,,,,,,,,,,,,,,,,,,,,,,,,,,,,,,,,,,,,,,,,,,,,,,,,,,,,,,,,,,,,stoppable,,
gbspecial/12,"rodhinbar,head,5,-447.4,-9,0,6,1,1,0","rodhinbar,neck,-8,-404.4,-19,0,9,1,1,0","rodhinbar,body,-32.8,-310.4,-11.5,0,6,1,1,0","rodhinbar,arm_up,-106.8,-345.2,-46,0,5,1,1,0","rodhinbar,arm_low,-155.6,-275.6,-21,0,4,1,1,0","rodhinbar,fist,-172.8,-214,-27,0,5,1,1,0","rodhinbar,arm_up,38,-341.6,27,1,26,1,1,0","rodhinbar,arm_low,94.8,-256.4,36.3,1,25,1,1,0","rodhinbar,fist,126,-205.2,47.7,1,26,1,1,0","rodhinbar,leg_up,-77,-182.4,-28.2,0,8,1,1,0","rodhinbar,leg_low,-125.2,-67.2,-17,0,10,1,1,0","rodhinbar,foot,-119.6,-8.4,-18.1,0,13,1,1,0","rodhinbar,leg_up,18,-178.4,38.7,0,12,1,1,0","rodhinbar,leg_low,70,-69.4,16,0,13,1,1,0","rodhinbar,foot,102,-13.2,0,0,15,1,1,0","rodhinbar,sword_base,-19.6,-223.2,-58,0,14,1,1,0","rodhinbar,bow_base,114.8,-244,129,0,27,1,1,0","rodhinbar,turban_speed1,-62.4,-436.8,42,0,4,1,1,0",,,,,,,,,"rodhinbar,quiver,-36.8,-215.2,-63,0,24,1,1,0",,,,,,,,,,,,,,,,,,,,,,,,,,,,,,,,,,,,,,,,,,,,,,,,,,,,,,,,,,,,,,,,,,,,,,,,,,,,,,,,,,,,,,,,,,"play_time_mod_0.5,stoppable",,
gbspecial/13,"rodhinbar,head,19,-459.4,-3,0,6,1,1,0","rodhinbar,neck,12,-416.4,-1,0,9,1,1,0","rodhinbar,body,-6.8,-314.4,-10.5,0,6,1,1,0","rodhinbar,arm_up,-51,-334.4,-2,0,5,1,1,0","rodhinbar,arm_low,-13.8,-276.4,75.2,0,4,1,1,0","rodhinbar,fist,61.2,-256,69.8,0,5,1,1,0","rodhinbar,arm_up,54,-319.6,9,1,26,1,1,0","rodhinbar,arm_low,80,-253.6,18.3,1,25,1,1,0","rodhinbar,fist,95.2,-198.4,38.7,1,26,1,1,0","rodhinbar,leg_up,-55,-176.4,-36.2,0,8,1,1,0","rodhinbar,leg_low,-119,-76.4,-31,0,10,1,1,0","rodhinbar,foot,-124.8,-19.4,-17.1,0,13,1,1,0","rodhinbar,leg_up,36,-184.4,40.7,0,12,1,1,0","rodhinbar,leg_low,58,-75.4,-5,0,13,1,1,0","rodhinbar,foot,78.2,-16.4,-1,0,15,1,1,0","rodhinbar,sword_base,-15.6,-239.2,-57,0,14,1,1,0","rodhinbar,bow_base,91.6,-232.4,115,0,27,1,1,0","rodhinbar,turban,-39.6,-450.8,-27,0,4,1,1,0",,,,,,,,,"rodhinbar,quiver,-2.8,-217.2,-69,0,24,1,1,0",,,,,,,,,,,,,,,,,,,,,,,,,,,,,,,,,,,,,,,,,,,,,,,,,,,,,,,,,,,,,,,,,,,,,,,,,,,,,,,,,,,,,,,,,,"play_time_mod_0.5,stoppable",,
gduspecial/0,"rodhinbar,head,3,-477.4,0,0,6,1,1,0","rodhinbar,neck,-4,-434.4,2,0,9,1,1,0","rodhinbar,body,-12.8,-330.4,-5.5,0,6,1,1,0","rodhinbar,arm_up,-45,-348.4,24,0,5,1,1,0","rodhinbar,arm_low,12.2,-310.4,93.2,0,4,1,1,0","rodhinbar,fist,85.2,-310,70.8,0,5,1,1,0","rodhinbar,arm_up,56,-341.6,24,1,18,1,1,0","rodhinbar,arm_low,94,-283.6,28,1,25,1,1,0","rodhinbar,fist,119.2,-226.4,41.7,1,26,1,1,0","rodhinbar,leg_up,-55,-186.4,-23.2,0,8,1,1,0","rodhinbar,leg_low,-97,-76.4,-16,0,10,1,1,0","rodhinbar,foot,-86.8,-13.4,-4.1,0,13,1,1,0","rodhinbar,leg_up,36,-194.4,22.7,0,12,1,1,0","rodhinbar,leg_low,50,-75.4,-1,0,13,1,1,0","rodhinbar,foot,78.2,-16.4,-1,0,15,1,1,0","rodhinbar,sword_base,-9.6,-263.2,-51,0,14,1,1,0","rodhinbar,bow_base,107.6,-260.4,118,0,27,1,1,0","rodhinbar,turban,-37.6,-454.8,0,0,4,1,1,0",,,,,,,,,"rodhinbar,quiver,-2.8,-237.2,-63,0,24,1,1,0",,,,,,,,,,,,,,,,,,,,,,,,,,,,,,,,,,,,,,,,,,,,,,,,,,,,,,,,,,,,,,,,,,,,,,,,,,,,,,,,,,,,,,,,,,,,
gduspecial/1,"rodhinbar,head,9,-473.4,-9,0,6,1,1,0","rodhinbar,neck,-4,-434.4,2,0,9,1,1,0","rodhinbar,body,-12.8,-330.4,-5.5,0,6,1,1,0","rodhinbar,arm_up,-31,-354.4,39,0,5,1,1,0","rodhinbar,arm_low,44.2,-322.4,93.2,0,4,1,1,0","rodhinbar,fist,111.2,-320,70.8,0,5,1,1,0","rodhinbar,arm_up,62,-387.6,83,1,26,1,1,0","rodhinbar,arm_low,142,-381.6,82.3,1,25,1,1,0","rodhinbar,fist,206.4,-372.8,97.7,1,26,1,1,0","rodhinbar,leg_up,-55,-186.4,-28.2,0,8,1,1,0","rodhinbar,leg_low,-103,-76.4,-20,0,10,1,1,0","rodhinbar,foot,-98.8,-13.4,-9.1,0,13,1,1,0","rodhinbar,leg_up,42,-190.4,26.7,0,12,1,1,0","rodhinbar,leg_low,64,-81.4,1,0,13,1,1,0","rodhinbar,foot,92.2,-20.4,-7,0,15,1,1,0","rodhinbar,sword_base,2.4,-263.2,-51,0,14,1,1,0","rodhinbar,bow_base,182,-398,167,0,27,1,1,0","rodhinbar,turban,-37.6,-458.8,-9,0,4,1,1,0",,,,,,,,,"rodhinbar,quiver,-2.8,-237.2,-63,0,24,1,1,0",,,,,,,,,,,,,,,,,,,,,,,,,,,,,,,,,,,,,,,,,,,,,,,,,,,,,,,,,,,,,,,,,,,,,,,,,,,,,,,,,,,,,,,,,,,,
gduspecial/2,"rodhinbar,head,3,-473.4,8,0,6,1,1,0","rodhinbar,neck,-2,-428.4,2,0,9,1,1,0","rodhinbar,body,-12.8,-330.4,-5.5,0,6,1,1,0","rodhinbar,arm_up,-15,-376.4,62,0,5,1,1,0","rodhinbar,arm_low,68.2,-358.4,96.2,0,4,1,1,0","rodhinbar,fist,139.2,-368,73.8,0,5,1,1,0","rodhinbar,arm_up,70,-409.6,127,1,30,1,1,0","rodhinbar,arm_low,136,-471.6,134.3,1,29,1,1,0","rodhinbar,fist,182.4,-527.6,156.7,1,26,1,1,0","rodhinbar,leg_up,-55,-186.4,-28.2,0,8,1,1,0","rodhinbar,leg_low,-103,-76.4,-20,0,10,1,1,0","rodhinbar,foot,-98.8,-13.4,-9.1,0,13,1,1,0","rodhinbar,leg_up,42,-190.4,26.7,0,12,1,1,0","rodhinbar,leg_low,64,-81.4,1,0,13,1,1,0","rodhinbar,foot,92.2,-20.4,-7,0,15,1,1,0","rodhinbar,sword_base,-5.6,-259.2,-54,0,14,1,1,0","rodhinbar,bow_base,142.4,-526.8,-133,0,27,1,1,0","rodhinbar,turban,-41.6,-440.8,7,0,4,1,1,0","rodhinbar,arrow,197.2,-258,-154,0,7,1,1,0","rodhinbar,arrow,170.4,-252,-168,0,8,1,1,0","rodhinbar,arrow,187.2,-244.8,-159,0,7,1,1,0","rodhinbar,arrow,158,-239.6,-173,0,7,1,1,0","rodhinbar,arrow,182.8,-247.2,-164,0,8,1,1,0",,,,"rodhinbar,quiver,-2.8,-237.2,-66,0,24,1,1,0",,,,,,,,,,,,,,,,,,,,,,,,,,,,,,,,,,,,,,,,,,,,,,,,,,,,,,,,,,,,,,,,,,,,,,,,,,,,,,,,,,,,,,,,,,,,
gduspecial/3,"rodhinbar,head,-49,-469.4,27,0,8,1,1,0","rodhinbar,neck,-38,-426.4,16,0,11,1,1,0","rodhinbar,body,-28.8,-330.4,4.5,0,6,1,1,0","rodhinbar,arm_up,-53,-422.4,135,0,5,1,1,0","rodhinbar,arm_low,11.6,-479.6,144,0,4,1,1,0","rodhinbar,fist,46,-523.2,137,0,5,1,1,0","rodhinbar,arm_up,44,-431.6,150,1,30,1,1,0","rodhinbar,arm_low,76.4,-513.6,159.3,1,29,1,1,0","rodhinbar,fist,108.8,-583.2,165.7,1,26,1,1,0","rodhinbar,leg_up,-59,-186.4,-28.2,0,8,1,1,0","rodhinbar,leg_low,-107,-76.4,-17,0,10,1,1,0","rodhinbar,foot,-98.8,-13.4,-9.1,0,13,1,1,0","rodhinbar,leg_up,42,-190.4,33.7,0,12,1,1,0","rodhinbar,leg_low,68,-81.4,-1,0,13,1,1,0","rodhinbar,foot,92.2,-20.4,-7,0,15,1,1,0","rodhinbar,sword_base,-13.6,-267.2,-57,0,14,1,1,0","rodhinbar,bow_draw_1,99.6,-642.4,-111,0,27,1,1,0","rodhinbar,turban,-85.6,-428.8,19,0,6,1,1,0","rodhinbar,arrow,116.4,-641.6,-19,0,7,1,1,0","rodhinbar,arrow,89.6,-635.6,-19,0,8,1,1,0","rodhinbar,arrow,106.4,-628.4,-19,0,7,1,1,0","rodhinbar,arrow,77.2,-623.2,-19,0,7,1,1,0","rodhinbar,arrow,102,-630.8,-19,0,8,1,1,0",,,,"rodhinbar,quiver,-2.8,-237.2,-66,0,24,1,1,0",,,,,,,,,,,,,,,,,,,,,,,,,,,,,,,,,,,,,,,,,,,,,,,,,,,,,,,,,,,,,,,,,,,,,,,,,,,,,,,,,,,,,,,,,,play_time_mod_2,,
gduspecial/4,"rodhinbar,head,-49,-469.4,27,0,8,1,1,0","rodhinbar,neck,-38,-426.4,16,0,11,1,1,0","rodhinbar,body,-28.8,-330.4,4.5,0,6,1,1,0","rodhinbar,arm_up,-59,-410.4,135,0,5,1,1,0","rodhinbar,arm_low,-22.4,-443.6,137,0,5,1,1,0","rodhinbar,fist,16,-483.2,120,0,5,1,1,0","rodhinbar,arm_up,44,-431.6,150,1,30,1,1,0","rodhinbar,arm_low,76.4,-513.6,159.3,1,29,1,1,0","rodhinbar,fist,108.8,-583.2,165.7,1,26,1,1,0","rodhinbar,leg_up,-59,-186.4,-28.2,0,8,1,1,0","rodhinbar,leg_low,-107,-76.4,-17,0,10,1,1,0","rodhinbar,foot,-98.8,-13.4,-9.1,0,13,1,1,0","rodhinbar,leg_up,42,-190.4,33.7,0,12,1,1,0","rodhinbar,leg_low,68,-81.4,-1,0,13,1,1,0","rodhinbar,foot,92.2,-20.4,-7,0,15,1,1,0","rodhinbar,sword_base,-13.6,-267.2,-57,0,14,1,1,0","rodhinbar,bow_draw_2,85.6,-619.6,-116,0,27,1,1,0","rodhinbar,turban,-91.6,-428.8,12,0,6,1,1,0","rodhinbar,arrow,97.2,-604.8,-22,0,7,1,1,0","rodhinbar,arrow,70.4,-598.8,-22,0,8,1,1,0","rodhinbar,arrow,87.2,-591.6,-22,0,7,1,1,0","rodhinbar,arrow,58,-586.4,-22,0,7,1,1,0","rodhinbar,arrow,82.8,-594,-22,0,8,1,1,0",,,,"rodhinbar,quiver,-2.8,-237.2,-66,0,24,1,1,0",,,,,,,,,,,,,,,,,,,,,,,,,,,,,,,,,,,,,,,,,,,,,,,,,,,,,,,,,,,,,,,,,,,,,,,,,,,,,,,,,,,,,,,,,,,,
gduspecial/5,"rodhinbar,head,-49,-469.4,27,0,8,1,1,0","rodhinbar,neck,-38,-426.4,16,0,11,1,1,0","rodhinbar,body,-28.8,-330.4,4.5,0,6,1,1,0","rodhinbar,arm_up,-99.2,-366,-47,0,5,1,1,0","rodhinbar,arm_low,-76.4,-385.6,131,0,5,1,1,0","rodhinbar,fist,-16,-441.2,120,0,5,1,1,0","rodhinbar,arm_up,44,-431.6,150,1,30,1,1,0","rodhinbar,arm_low,76.4,-509.6,157.3,1,29,1,1,0","rodhinbar,fist,112.8,-583.2,168.7,1,26,1,1,0","rodhinbar,leg_up,-59,-186.4,-28.2,0,8,1,1,0","rodhinbar,leg_low,-107,-76.4,-17,0,10,1,1,0","rodhinbar,foot,-98.8,-13.4,-9.1,0,13,1,1,0","rodhinbar,leg_up,42,-190.4,33.7,0,12,1,1,0","rodhinbar,leg_low,68,-81.4,-1,0,13,1,1,0","rodhinbar,foot,92.2,-20.4,-7,0,15,1,1,0","rodhinbar,sword_base,-13.6,-267.2,-57,0,14,1,1,0","rodhinbar,bow_draw_3,61.6,-564.8,-120,0,27,1,1,0","rodhinbar,turban,-91.6,-428.8,12,0,6,1,1,0","rodhinbar,arrow,69.2,-552.8,-25,0,7,1,1,0","rodhinbar,arrow,42.4,-546.8,-25,0,8,1,1,0","rodhinbar,arrow,59.2,-539.6,-25,0,7,1,1,0","rodhinbar,arrow,30,-534.4,-25,0,7,1,1,0","rodhinbar,arrow,54.8,-542,-25,0,8,1,1,0",,,,"rodhinbar,quiver,-2.8,-237.2,-66,0,24,1,1,0",,,,,,,,,,,,,,,,,,,,,,,,,,,,,,,,,,,,,,,,,,,,,,,,,,,,,,,,,,,,,,,,,,,,,,,,,,,,,,,,,,,,,,,,,,play_time_mod_2,,
gduspecial/6,"rodhinbar,head,-49,-469.4,27,0,8,1,1,0","rodhinbar,neck,-38,-426.4,16,0,11,1,1,0","rodhinbar,body,-28.8,-330.4,4.5,0,6,1,1,0","rodhinbar,arm_up,-109.2,-348,-47,0,5,1,1,0","rodhinbar,arm_low,-118.4,-361.6,153,0,5,1,1,0","rodhinbar,fist,-87.2,-430,141,0,5,1,1,0","rodhinbar,arm_up,44,-431.6,150,1,30,1,1,0","rodhinbar,arm_low,80.4,-513.6,156.3,1,29,1,1,0","rodhinbar,fist,114.8,-579.2,163.7,1,26,1,1,0","rodhinbar,leg_up,-63,-186.4,-28.2,0,8,1,1,0","rodhinbar,leg_low,-113,-76.4,-21,0,10,1,1,0","rodhinbar,foot,-110.8,-13.4,-13.1,0,13,1,1,0","rodhinbar,leg_up,46,-194.4,36.7,0,12,1,1,0","rodhinbar,leg_low,68,-81.4,-4,0,13,1,1,0","rodhinbar,foot,92.2,-20.4,-11,0,15,1,1,0","rodhinbar,sword_base,-13.6,-267.2,-57,0,14,1,1,0","rodhinbar,bow_draw_2,83.6,-608,-121,0,27,1,1,0","rodhinbar,turban_speed1,-125.2,-445.6,25,0,6,1,1,0","rodhinbar,arrow,109.2,-626.8,-26,0,7,1,1,0","rodhinbar,arrow,82.4,-620.8,-26,0,8,1,1,0","rodhinbar,arrow,99.2,-613.6,-26,0,7,1,1,0","rodhinbar,arrow,70,-608.4,-26,0,7,1,1,0","rodhinbar,arrow,94.8,-616,-26,0,8,1,1,0",,,,"rodhinbar,quiver,-2.8,-237.2,-66,0,24,1,1,0",,,,,,,,,,,,,,,,,,,,,,,,,,,,,,,,,,,,,,,,,,,,,,,,,,,,,,,,,,,,,,,,,,,,,,,,,,,,,,,,,,,,,,,,,,play_time_mod_0.5,,"bow_big_loose,1000,1"
gduspecial/7,"rodhinbar,head,-49,-469.4,27,0,8,1,1,0","rodhinbar,neck,-38,-426.4,16,0,11,1,1,0","rodhinbar,body,-28.8,-330.4,4.5,0,6,1,1,0","rodhinbar,arm_up,-117.2,-350,-47,0,5,1,1,0","rodhinbar,arm_low,-171.6,-359.2,-153,0,5,1,1,0","rodhinbar,fist,-204.4,-430,-169,0,7,1,1,0","rodhinbar,arm_up,42,-427.6,152,1,30,1,1,0","rodhinbar,arm_low,76.4,-513.6,159.3,1,29,1,1,0","rodhinbar,fist,108.8,-583.2,165.7,1,26,1,1,0","rodhinbar,leg_up,-63,-186.4,-28.2,0,8,1,1,0","rodhinbar,leg_low,-113,-76.4,-21,0,10,1,1,0","rodhinbar,foot,-110.8,-13.4,-13.1,0,13,1,1,0","rodhinbar,leg_up,46,-194.4,36.7,0,12,1,1,0","rodhinbar,leg_low,68,-81.4,-4,0,13,1,1,0","rodhinbar,foot,92.2,-20.4,-11,0,15,1,1,0","rodhinbar,sword_base,-13.6,-267.2,-57,0,14,1,1,0","rodhinbar,bow_draw_1,92,-628,-114,0,27,1,1,0","rodhinbar,turban_speed2,-125.6,-456.8,21,0,6,1,1,0","rodhinbar,arrow,118.8,-652.4,-22,0,7,1,1,0","rodhinbar,arrow,92,-646.4,-22,0,8,1,1,0","rodhinbar,arrow,108.8,-639.2,-22,0,7,1,1,0","rodhinbar,arrow,79.6,-634,-22,0,7,1,1,0","rodhinbar,arrow,104.4,-641.6,-22,0,8,1,1,0",,,,"rodhinbar,quiver,-2.8,-237.2,-66,0,24,1,1,0",,,,,,,,,,,,,,,,,,,,,,,,,,,,,,,,,,,,,,,,,,,,,,,,,,,,,,,,,,,,,,,,,,,,,,,,,,,,,,,,,,,,,,,,,,play_time_mod_0.5,,"pierce,1000,1"
gduspecial/8,"rodhinbar,head,-49,-471.4,30,0,8,1,1,0","rodhinbar,neck,-38,-426.4,19,0,11,1,1,0","rodhinbar,body,-28.8,-330.4,4.5,0,6,1,1,0","rodhinbar,arm_up,-133,-364.4,-60,0,5,1,1,0","rodhinbar,arm_low,-207.8,-358.4,-96,0,2,1,1,0","rodhinbar,fist,-292.8,-361.2,-97,0,3,1,1,0","rodhinbar,arm_up,40,-431.6,146,1,30,1,1,0","rodhinbar,arm_low,78.4,-509.6,153.3,1,29,1,1,0","rodhinbar,fist,118.8,-579.2,165.7,1,26,1,1,0","rodhinbar,leg_up,-63,-186.4,-28.2,0,8,1,1,0","rodhinbar,leg_low,-113,-76.4,-21,0,10,1,1,0","rodhinbar,foot,-110.8,-13.4,-13.1,0,13,1,1,0","rodhinbar,leg_up,46,-194.4,36.7,0,12,1,1,0","rodhinbar,leg_low,68,-81.4,-4,0,13,1,1,0","rodhinbar,foot,92.2,-20.4,-11,0,15,1,1,0","rodhinbar,sword_base,-13.6,-267.2,-57,0,14,1,1,0","rodhinbar,bow_base,71.2,-566.8,-119,0,27,1,1,0","rodhinbar,turban_speed1,-113.6,-436.8,43,0,6,1,1,0",,,,,,,,,"rodhinbar,quiver,-2.8,-237.2,-66,0,24,1,1,0",,,,,,,,,,,,,,,,,,,,,,,,,,,,,,,,,,,,,,,,,,,,,,,,,,,,,,,,,,,,,,,,,,,,,,,,,,,,,,,,,,"rodhinbar_arrow,speed,132,-721.6,-25,0,0,1,1,1","rodhinbar_arrow,speed,158.2,-737,-22,0,0,1,1,1","rodhinbar_arrow,speed,175,-729.8,-22,0,0,1,1,1","rodhinbar_arrow,speed,145.8,-724.6,-22,0,0,1,1,1","rodhinbar_arrow,speed,183.2,-705.2,-25,0,0,1,1,1","rodhinbar_arrow,speed,112.4,-728.8,-23,0,0,1,1,1","rodhinbar_arrow,speed,192.8,-680.4,-23,0,0,1,1,1","rodhinbar_arrow,speed,210,-688,-24,0,0,1,1,1",play_time_mod_0.5,,
gduspecial/9,"rodhinbar,head,-43,-471.4,26,0,8,1,1,0","rodhinbar,neck,-32,-426.4,15,0,11,1,1,0","rodhinbar,body,-24.8,-330.4,1.5,0,6,1,1,0","rodhinbar,arm_up,-129,-356.4,-63,0,5,1,1,0","rodhinbar,arm_low,-207.8,-322.4,-67,0,2,1,1,0","rodhinbar,fist,-265.6,-292,-65,0,3,1,1,0","rodhinbar,arm_up,44,-425.6,135,1,30,1,1,0","rodhinbar,arm_low,102.4,-497.6,146.3,1,29,1,1,0","rodhinbar,fist,146.8,-563.2,161.7,1,26,1,1,0","rodhinbar,leg_up,-63,-186.4,-28.2,0,8,1,1,0","rodhinbar,leg_low,-113,-76.4,-21,0,10,1,1,0","rodhinbar,foot,-110.8,-13.4,-13.1,0,13,1,1,0","rodhinbar,leg_up,46,-194.4,36.7,0,12,1,1,0","rodhinbar,leg_low,68,-81.4,-4,0,13,1,1,0","rodhinbar,foot,92.2,-20.4,-11,0,15,1,1,0","rodhinbar,sword_base,-13.6,-267.2,-57,0,14,1,1,0","rodhinbar,bow_base,103.2,-546.8,-125,0,27,1,1,0","rodhinbar,turban_speed1,-103.6,-424.8,61,0,6,1,1,0",,,,,,,,,"rodhinbar,quiver,-2.8,-237.2,-66,0,24,1,1,0",,,,,,,,,,,,,,,,,,,,,,,,,,,,,,,,,,,,,,,,,,,,,,,,,,,,,,,,,,,,,,,,,,,,,,,,,,,,,,,,,,,,,,,,,,stoppable,,
gduspecial/10,"rodhinbar,head,19,-475.4,5,0,6,1,1,0","rodhinbar,neck,5.6,-435.2,-12,0,9,1,1,0","rodhinbar,body,-8.8,-330.4,-4.5,0,6,1,1,0","rodhinbar,arm_up,-91,-358.4,-46,0,5,1,1,0","rodhinbar,arm_low,-143.6,-292.8,-23,0,5,1,1,0","rodhinbar,fist,-168.4,-216,-26,0,6,1,1,0","rodhinbar,arm_up,70,-375.6,77,1,30,1,1,0","rodhinbar,arm_low,152,-353.6,68.3,1,29,1,1,0","rodhinbar,fist,220,-322.4,76.7,1,31,1,1,0","rodhinbar,leg_up,-55,-186.4,-28.2,0,8,1,1,0","rodhinbar,leg_low,-103,-76.4,-20,0,10,1,1,0","rodhinbar,foot,-98.8,-13.4,-9.1,0,13,1,1,0","rodhinbar,leg_up,42,-190.4,26.7,0,12,1,1,0","rodhinbar,leg_low,64,-81.4,1,0,13,1,1,0","rodhinbar,foot,92.2,-20.4,-7,0,15,1,1,0","rodhinbar,sword_base,-9.6,-259.2,-51,0,14,1,1,0","rodhinbar,bow_base,191.6,-350.8,154,0,34,1,1,0","rodhinbar,turban_speed1,-45.6,-444.8,66,0,4,1,1,0",,,,,,,,,"rodhinbar,quiver,-2.8,-237.2,-61,0,24,1,1,0",,,,,,,,,,,,,,,,,,,,,,,,,,,,,,,,,,,,,,,,,,,,,,,,,,,,,,,,,,,,,,,,,,,,,,,,,,,,,,,,,,,,,,,,,,"play_time_mod_0.5,stoppable",,
Idle/0,"rodhinbar,head,13,-487,0,0,6,1,1,0","rodhinbar,neck,-4,-430.4,2,0,9,1,1,0","rodhinbar,body,-12.8,-330.4,-5.5,0,6,1,1,0","rodhinbar,arm_up,-51,-348.4,17,0,5,1,1,0","rodhinbar,arm_low,-3.8,-300.4,87.2,0,4,1,1,0","rodhinbar,fist,69.2,-300,80.8,0,5,1,1,0","rodhinbar,arm_up,46,-339.6,9,1,26,1,1,0","rodhinbar,arm_low,68,-281.6,21.3,1,25,1,1,0","rodhinbar,fist,87.2,-218.4,38.7,1,26,1,1,0","rodhinbar,leg_up,-55,-186.4,-23.2,0,8,1,1,0","rodhinbar,leg_low,-97,-76.4,-16,0,10,1,1,0","rodhinbar,foot,-90,-6,-7.1,0,13,1,1,0","rodhinbar,leg_up,36,-194.4,22.7,0,12,1,1,0","rodhinbar,leg_low,50,-75.4,-1,0,13,1,1,0","rodhinbar,foot,76,-7,-1,0,15,1,1,0","rodhinbar,sword_base,-7.6,-265.2,-51,0,14,1,1,0","rodhinbar,bow_base,83.6,-252.4,115,0,27,1,1,0","rodhinbar,turban,-33,-445,1,0,4,1,1,0",,,,,,,,,"rodhinbar,quiver,-2.8,-237.2,-63,0,24,1,1,0",,,,,,,,,,,,,,,,,,,,,,,,,,,,,,,,,,,,,,,,,,,,,,,,,,,,,,,,,,,,,,,,,,,,,,,,,,,,,,,,,,,,,,,,,,,,
Idle/1,"rodhinbar,head,27,-491,-7,0,6,1,1,0","rodhinbar,neck,8,-430.4,-5,0,9,1,1,0","rodhinbar,body,-8.8,-334.4,-8.5,0,6,1,1,0","rodhinbar,arm_up,-55,-358,1,0,5,1,1,0","rodhinbar,arm_low,-13,-293,67.2,0,4,1,1,0","rodhinbar,fist,59,-271,61.8,0,5,1,1,0","rodhinbar,arm_up,46,-339.6,6,1,26,1,1,0","rodhinbar,arm_low,68,-281.6,21.3,1,25,1,1,0","rodhinbar,fist,87.2,-218.4,35.7,1,26,1,1,0","rodhinbar,leg_up,-55,-186.4,-23.2,0,8,1,1,0","rodhinbar,leg_low,-98,-76,-19,0,11,1,1,0","rodhinbar,foot,-90,-6,-7.1,0,13,1,1,0","rodhinbar,leg_up,36,-194.4,22.7,0,12,1,1,0","rodhinbar,leg_low,50,-75.4,-1,0,13,1,1,0","rodhinbar,foot,76,-7,-1,0,15,1,1,0","rodhinbar,sword_base,-9.6,-263.2,-53,0,14,1,1,0","rodhinbar,bow_base,83.6,-252.4,112,0,27,1,1,0","rodhinbar,turban,-23,-455,-6,0,4,1,1,0",,,,,,,,,"rodhinbar,quiver,-2.8,-237.2,-65,0,24,1,1,0",,,,,,,,,,,,,,,,,,,,,,,,,,,,,,,,,,,,,,,,,,,,,,,,,,,,,,,,,,,,,,,,,,,,,,,,,,,,,,,,,,,,,,,,,,play_time_mod_1.2,,
Idle/2,"rodhinbar,head,47,-484,-11,0,6,1,1,0","rodhinbar,neck,30,-442,-11,0,9,1,1,0","rodhinbar,body,1.2,-330.4,-11.5,0,6,1,1,0","rodhinbar,arm_up,-44,-353,-11,0,5,1,1,0","rodhinbar,arm_low,12,-288,72.2,0,4,1,1,0","rodhinbar,fist,89.2,-274,74.8,0,5,1,1,0","rodhinbar,arm_up,56,-339.6,3,1,26,1,1,0","rodhinbar,arm_low,76,-285.6,27.3,1,25,1,1,0","rodhinbar,fist,97.2,-218.4,32.7,1,26,1,1,0","rodhinbar,leg_up,-55,-186.4,-26.2,0,8,1,1,0","rodhinbar,leg_low,-97,-76.4,-14,0,10,1,1,0","rodhinbar,foot,-91,-6,-8.1,0,13,1,1,0","rodhinbar,leg_up,40,-194.4,25.7,0,12,1,1,0","rodhinbar,leg_low,50,-75.4,-4,0,13,1,1,0","rodhinbar,foot,75,-7,-2,0,15,1,1,0","rodhinbar,sword_base,-3.6,-263.2,-56,0,14,1,1,0","rodhinbar,bow_base,93.6,-252.4,109,0,27,1,1,0","rodhinbar,turban,-8,-450,-18,0,4,1,1,0",,,,,,,,,"rodhinbar,quiver,3.2,-237.2,-68,0,24,1,1,0",,,,,,,,,,,,,,,,,,,,,,,,,,,,,,,,,,,,,,,,,,,,,,,,,,,,,,,,,,,,,,,,,,,,,,,,,,,,,,,,,,,,,,,,,,play_time_mod_1.5,,
Idle/3,"rodhinbar,head,53,-467.4,-9,0,6,1,1,0","rodhinbar,neck,40,-424.4,-11,0,9,1,1,0","rodhinbar,body,9.2,-330.4,-9.5,0,6,1,1,0","rodhinbar,arm_up,-31,-348.4,-4,0,5,1,1,0","rodhinbar,arm_low,10.2,-278.4,63.2,0,4,1,1,0","rodhinbar,fist,85.2,-258,70.8,0,5,1,1,0","rodhinbar,arm_up,60,-329.6,-1,1,26,1,1,0","rodhinbar,arm_low,80,-285.6,27.3,1,25,1,1,0","rodhinbar,fist,101.2,-208.4,28.7,1,26,1,1,0","rodhinbar,leg_up,-55,-186.4,-29.2,0,8,1,1,0","rodhinbar,leg_low,-97,-76.4,-14,0,10,1,1,0","rodhinbar,foot,-91,-6,-8.1,0,13,1,1,0","rodhinbar,leg_up,40,-194.4,29.7,0,12,1,1,0","rodhinbar,leg_low,56,-75.4,-4,0,13,1,1,0","rodhinbar,foot,75,-7,-2,0,15,1,1,0","rodhinbar,sword_base,-3.6,-271.2,-60,0,14,1,1,0","rodhinbar,bow_base,97.6,-242.4,105,0,27,1,1,0","rodhinbar,turban,0.4,-456.8,-20,0,4,1,1,0",,,,,,,,,"rodhinbar,quiver,3.2,-237.2,-70,0,24,1,1,0",,,,,,,,,,,,,,,,,,,,,,,,,,,,,,,,,,,,,,,,,,,,,,,,,,,,,,,,,,,,,,,,,,,,,,,,,,,,,,,,,,,,,,,,,,play_time_mod_1.8,,
Idle/4,"rodhinbar,head,55,-467.4,-12,0,6,1,1,0","rodhinbar,neck,34,-428.4,-22,0,9,1,1,0","rodhinbar,body,9.2,-328.4,-11.5,0,6,1,1,0","rodhinbar,arm_up,-27,-348.4,-4,0,5,1,1,0","rodhinbar,arm_low,10.2,-278.4,58.2,0,4,1,1,0","rodhinbar,fist,85.2,-250,59.8,0,5,1,1,0","rodhinbar,arm_up,64,-329.6,-4,1,26,1,1,0","rodhinbar,arm_low,76,-285.6,27.3,1,25,1,1,0","rodhinbar,fist,105.2,-208.4,25.7,1,26,1,1,0","rodhinbar,leg_up,-55,-186.4,-29.2,0,8,1,1,0","rodhinbar,leg_low,-97,-76.4,-14,0,10,1,1,0","rodhinbar,foot,-91,-6,-8.1,0,13,1,1,0","rodhinbar,leg_up,40,-194.4,29.7,0,12,1,1,0","rodhinbar,leg_low,56,-75.4,-4,0,13,1,1,0","rodhinbar,foot,75,-7,-2,0,15,1,1,0","rodhinbar,sword_base,0.4,-271.2,-62,0,14,1,1,0","rodhinbar,bow_base,101.6,-242.4,102,0,27,1,1,0","rodhinbar,turban,-1.6,-460.8,-29,0,4,1,1,0",,,,,,,,,"rodhinbar,quiver,3.2,-237.2,-71,0,24,1,1,0",,,,,,,,,,,,,,,,,,,,,,,,,,,,,,,,,,,,,,,,,,,,,,,,,,,,,,,,,,,,,,,,,,,,,,,,,,,,,,,,,,,,,,,,,,play_time_mod_1.5,,
Idle/5,"rodhinbar,head,53,-467.4,-9,0,6,1,1,0","rodhinbar,neck,40,-428.4,-11,0,9,1,1,0","rodhinbar,body,9.2,-330.4,-9.5,0,6,1,1,0","rodhinbar,arm_up,-31,-348.4,-4,0,5,1,1,0","rodhinbar,arm_low,10.2,-278.4,63.2,0,4,1,1,0","rodhinbar,fist,85.2,-258,70.8,0,5,1,1,0","rodhinbar,arm_up,60,-329.6,-1,1,26,1,1,0","rodhinbar,arm_low,78,-281.6,25.3,1,25,1,1,0","rodhinbar,fist,101.2,-208.4,28.7,1,26,1,1,0","rodhinbar,leg_up,-55,-186.4,-29.2,0,8,1,1,0","rodhinbar,leg_low,-97,-76.4,-14,0,10,1,1,0","rodhinbar,foot,-91,-6,-8.1,0,13,1,1,0","rodhinbar,leg_up,40,-194.4,29.7,0,12,1,1,0","rodhinbar,leg_low,56,-75.4,-4,0,13,1,1,0","rodhinbar,foot,75,-7,-2,0,15,1,1,0","rodhinbar,sword_base,-1.6,-267.2,-60,0,14,1,1,0","rodhinbar,bow_base,97.6,-242.4,105,0,27,1,1,0","rodhinbar,turban,0.4,-456.8,-20,0,4,1,1,0",,,,,,,,,"rodhinbar,quiver,3.2,-237.2,-70,0,24,1,1,0",,,,,,,,,,,,,,,,,,,,,,,,,,,,,,,,,,,,,,,,,,,,,,,,,,,,,,,,,,,,,,,,,,,,,,,,,,,,,,,,,,,,,,,,,,play_time_mod_1.2,,
Idle/6,"rodhinbar,head,47,-465.4,-13,0,6,1,1,0","rodhinbar,neck,30,-432.4,-11,0,9,1,1,0","rodhinbar,body,1.2,-330.4,-11.5,0,6,1,1,0","rodhinbar,arm_up,-37,-348.4,5,0,5,1,1,0","rodhinbar,arm_low,14.2,-288.4,72.2,0,4,1,1,0","rodhinbar,fist,89.2,-274,74.8,0,5,1,1,0","rodhinbar,arm_up,56,-339.6,3,1,26,1,1,0","rodhinbar,arm_low,74,-281.6,25.3,1,25,1,1,0","rodhinbar,fist,97.2,-218.4,32.7,1,26,1,1,0","rodhinbar,leg_up,-55,-186.4,-26.2,0,8,1,1,0","rodhinbar,leg_low,-97,-76.4,-14,0,10,1,1,0","rodhinbar,foot,-90,-6,-7.1,0,13,1,1,0","rodhinbar,leg_up,40,-194.4,25.7,0,12,1,1,0","rodhinbar,leg_low,50,-75.4,-4,0,13,1,1,0","rodhinbar,foot,76,-7,-1,0,15,1,1,0","rodhinbar,sword_base,0.4,-263.2,-56,0,14,1,1,0","rodhinbar,bow_base,93.6,-252.4,109,0,27,1,1,0","rodhinbar,turban,-5.6,-458.8,-21,0,4,1,1,0",,,,,,,,,"rodhinbar,quiver,3.2,-237.2,-68,0,24,1,1,0",,,,,,,,,,,,,,,,,,,,,,,,,,,,,,,,,,,,,,,,,,,,,,,,,,,,,,,,,,,,,,,,,,,,,,,,,,,,,,,,,,,,,,,,,,,,
Idle/7,"rodhinbar,head,19,-477.4,-7,0,6,1,1,0","rodhinbar,neck,8,-430.4,-5,0,9,1,1,0","rodhinbar,body,-8.8,-334.4,-8.5,0,6,1,1,0","rodhinbar,arm_up,-47,-348.4,11,0,5,1,1,0","rodhinbar,arm_low,0.2,-296.4,78.2,0,4,1,1,0","rodhinbar,fist,75.2,-292,70.8,0,5,1,1,0","rodhinbar,arm_up,46,-339.6,6,1,26,1,1,0","rodhinbar,arm_low,70,-277.6,17.3,1,25,1,1,0","rodhinbar,fist,87.2,-218.4,35.7,1,26,1,1,0","rodhinbar,leg_up,-55,-186.4,-23.2,0,8,1,1,0","rodhinbar,leg_low,-97,-76.4,-16,0,10,1,1,0","rodhinbar,foot,-90,-6,-7.1,0,13,1,1,0","rodhinbar,leg_up,36,-194.4,22.7,0,12,1,1,0","rodhinbar,leg_low,50,-75.4,-1,0,13,1,1,0","rodhinbar,foot,76,-7,-1,0,15,1,1,0","rodhinbar,sword_base,-7.6,-263.2,-53,0,14,1,1,0","rodhinbar,bow_base,83.6,-252.4,112,0,27,1,1,0","rodhinbar,turban,-25.6,-458.8,-12,0,4,1,1,0",,,,,,,,,"rodhinbar,quiver,-2.8,-237.2,-65,0,24,1,1,0",,,,,,,,,,,,,,,,,,,,,,,,,,,,,,,,,,,,,,,,,,,,,,,,,,,,,,,,,,,,,,,,,,,,,,,,,,,,,,,,,,,,,,,,,,,,
Knockdown/0,"rodhinbar,head,-63,-473.4,35,0,6,1,1,0","rodhinbar,neck,-48,-434.4,34,0,9,1,1,0","rodhinbar,body,-30.8,-334.4,14.5,0,6,1,1,0","rodhinbar,arm_up,-101,-332.4,-4,0,5,1,1,0","rodhinbar,arm_low,-79.8,-244.4,32.2,0,4,1,1,0","rodhinbar,fist,-33.6,-184,35.8,0,5,1,1,0","rodhinbar,arm_up,18,-377.6,39,1,26,1,1,0","rodhinbar,arm_low,73.2,-304.4,29.9,1,25,1,1,0","rodhinbar,fist,109.2,-240.4,59.7,1,26,1,1,0","rodhinbar,leg_up,-35,-196.4,-4.2,0,8,1,1,0","rodhinbar,leg_low,-49,-86.4,-4,0,10,1,1,0","rodhinbar,foot,-34.8,-17.4,-17.1,0,13,1,1,0","rodhinbar,leg_up,52,-204.4,34.7,0,12,1,1,0","rodhinbar,leg_low,86,-97.4,7,0,13,1,1,0","rodhinbar,foot,120.2,-34.4,-7,0,15,1,1,0","rodhinbar,sword_base,-9.6,-275.2,-45,0,14,1,1,0","rodhinbar,bow_base,83.6,-278.4,132,0,27,1,1,0","rodhinbar,turban_speed1,-135.6,-446.8,25,0,4,1,1,0",,,,,,,,,"rodhinbar,quiver,-2.8,-251.2,-57,0,24,1,1,0",,,,,,,,,,,,,,,,,,,,,,,,,,,,,,,,,,,,,,,,,,,,,,,,,,,,,,,,,,,,,,,,,,,,,,,,,,,,,,,,,,,,,,,,,,,play_time_mod_0.5,
Knockdown/1,"rodhinbar,hurt,-113,-479.4,55,0,6,1,1,0","rodhinbar,neck,-86,-444.4,41,0,9,1,1,0","rodhinbar,body,-52.8,-348.4,22.5,0,6,1,1,0","rodhinbar,arm_up,-123,-330.4,10,0,5,1,1,0","rodhinbar,arm_low,-81.8,-250.4,46.2,0,4,1,1,0","rodhinbar,fist,-25.6,-208,48.8,0,5,1,1,0","rodhinbar,arm_up,8,-385.6,48,1,26,1,1,0","rodhinbar,arm_low,73.2,-330.4,39.9,1,25,1,1,0","rodhinbar,fist,119.2,-278.4,68.7,1,26,1,1,0","rodhinbar,leg_up,-39,-206.4,8.8,0,8,1,1,0","rodhinbar,leg_low,-31,-96.4,-4,0,10,1,1,0","rodhinbar,foot,-6.8,-31.4,-17.1,0,13,1,1,0","rodhinbar,leg_up,44,-222.4,41.7,0,12,1,1,0","rodhinbar,leg_low,88,-119.4,16,0,13,1,1,0","rodhinbar,foot,124.2,-64.4,-7,0,15,1,1,0","rodhinbar,sword_base,-29.6,-299.2,-39,0,14,1,1,0","rodhinbar,bow_base,93.6,-316.4,141,0,27,1,1,0","rodhinbar,turban_speed2,-169.6,-422.8,42,0,4,1,1,0",,,,,,,,,"rodhinbar,quiver,-12.8,-269.2,-50,0,24,1,1,0",,,,,,,,,,,,,,,,,,,,,,,,,,,,,,,,,,,,,,,,,,,,,,,,,,,,,,,,,,,,,,,,,,,,,,,,,,,,,,,,,,,,,,,,,,,play_time_mod_0.5,
Knockdown/2,"rodhinbar,hurt,-153,-457.4,67,0,6,1,1,0","rodhinbar,neck,-126,-422.4,53,0,9,1,1,0","rodhinbar,body,-62.8,-348.4,38.5,0,6,1,1,0","rodhinbar,arm_up,-139,-312.4,-3,0,5,1,1,0","rodhinbar,arm_low,-131.8,-226.4,18.2,0,4,1,1,0","rodhinbar,fist,-103.2,-160.8,17.8,0,5,1,1,0","rodhinbar,arm_up,-12,-399.6,76,1,26,1,1,0","rodhinbar,arm_low,73.2,-378.4,74.9,1,21,1,1,0","rodhinbar,fist,136,-360.4,90.7,1,26,1,1,0","rodhinbar,leg_up,16.8,-214.4,33.8,0,8,1,1,0","rodhinbar,leg_low,38.4,-126.8,-4,0,10,1,1,0","rodhinbar,foot,54.8,-61.6,-17.1,0,13,1,1,0","rodhinbar,leg_up,68,-260.4,55.7,0,12,1,1,0","rodhinbar,leg_low,110.4,-198,16,0,13,1,1,0","rodhinbar,foot,142.4,-142.4,-7,0,15,1,1,0","rodhinbar,sword_base,-27.6,-309.2,-32,0,14,1,1,0","rodhinbar,bow_base,114.8,-407.6,160,0,27,1,1,0","rodhinbar,turban_speed1,-211.6,-394.8,45,0,4,1,1,0",,,,,,,,,"rodhinbar,quiver,-8.8,-281.2,-43,0,19,1,1,0",,,,,,,,,,,,,,,,,,,,,,,,,,,,,,,,,,,,,,,,,,,,,,,,,,,,,,,,,,,,,,,,,,,,,,,,,,,,,,,,,,,,,,,,,,hold,play_time_mod_0.5,
Knockdown/3,"rodhinbar,hurt,-219.8,-265.8,98,0,6,1,1,0","rodhinbar,neck,-180.8,-254.8,77,0,9,1,1,0","rodhinbar,body,-81.4,-219.8,72.5,0,6,1,1,0","rodhinbar,arm_up,-149.6,-130.8,1,0,5,1,1,0","rodhinbar,arm_low,-125.6,-52.8,39.2,0,4,1,1,0","rodhinbar,fist,-76.8,-11.6,52.8,0,5,1,1,0","rodhinbar,arm_up,-84.6,-281.2,106,1,22,1,1,0","rodhinbar,arm_low,1.2,-314.4,112.9,1,21,1,1,0","rodhinbar,fist,68.4,-325.6,103.7,1,26,1,1,0","rodhinbar,leg_up,34.2,-151.8,53.8,0,8,1,1,0","rodhinbar,leg_low,105.2,-82.4,45,0,10,1,1,0","rodhinbar,foot,169.2,-53.2,40,0,13,1,1,0","rodhinbar,leg_up,77.4,-223.8,94.7,0,12,1,1,0","rodhinbar,leg_low,174.8,-183.6,52,0,13,1,1,0","rodhinbar,foot,240,-163.6,26,0,15,1,1,0","rodhinbar,sword_base,-38.2,-220.6,-18,0,14,1,1,0","rodhinbar,bow_base,21.2,-356.8,-173,0,27,1,1,0","rodhinbar,turban_speed2,-268.4,-205,11,0,4,1,1,0",,,,,,,,,"rodhinbar,quiver,-11.4,-198.6,-29,0,19,1,1,0",,,,,,,,,,,,,,,,,,,,,,,,,,,,,,,,,,,,,,,,,,,,,,,,,,,,,,,,,,,,,,,,,,,,,,,,,,,,,,,,,,,,,,,,,,,play_time_mod_0.5,
Knockdown/4,"rodhinbar,hurt,-219.8,-259.8,106,0,6,1,1,0","rodhinbar,neck,-180.8,-254.8,81,0,9,1,1,0","rodhinbar,body,-81.4,-219.8,76.5,0,6,1,1,0","rodhinbar,arm_up,-133.6,-132.8,15,0,5,1,1,0","rodhinbar,arm_low,-99.6,-62.8,43.2,0,4,1,1,0","rodhinbar,fist,-50.8,-25.6,56.8,0,5,1,1,0","rodhinbar,arm_up,-84.6,-281.2,110,1,22,1,1,0","rodhinbar,arm_low,1.2,-314.4,107.9,1,21,1,1,0","rodhinbar,fist,68.4,-325.6,107.7,1,26,1,1,0","rodhinbar,leg_up,34.2,-155.8,61.8,0,8,1,1,0","rodhinbar,leg_low,113.2,-100.4,49,0,10,1,1,0","rodhinbar,foot,175.2,-79.2,44,0,13,1,1,0","rodhinbar,leg_up,77.4,-247.8,98.7,0,12,1,1,0","rodhinbar,leg_low,174.8,-217.6,56,0,13,1,1,0","rodhinbar,foot,242,-201.6,30,0,15,1,1,0","rodhinbar,sword_base,-40.2,-210.6,3,0,14,1,1,0","rodhinbar,bow_base,13.2,-350.8,-164,0,27,1,1,0","rodhinbar,turban_speed1,-262.4,-197,8,0,4,1,1,0",,,,,,,,,"rodhinbar,quiver,-11.4,-198.6,-7,0,19,1,1,0",,,,,,,,,,,,,,,,,,,,,,,,,,,,,,,,,,,,,,,,,,,,,,,,,,,,,,,,,,,,,,,,,,,,,,,,,,,,,,,,,,,,,,,,,,,play_time_mod_0.5,
Knockdown/5,"rodhinbar,hurt,-231.2,-119,106,0,6,1,1,0","rodhinbar,neck,-192.2,-124,81,0,9,1,1,0","rodhinbar,body,-92.8,-89,76.5,0,6,1,1,0","rodhinbar,arm_up,-113,-28,56,0,5,1,1,0","rodhinbar,arm_low,-38.2,7,79,0,4,1,1,0","rodhinbar,fist,31.8,16,74.8,0,5,1,1,0","rodhinbar,arm_up,-96,-150.4,120,1,22,1,1,0","rodhinbar,arm_low,-20.2,-201.6,126.9,1,21,1,1,0","rodhinbar,fist,37,-234.8,125.7,1,26,1,1,0","rodhinbar,leg_up,42.8,-59,98,0,8,1,1,0","rodhinbar,leg_low,148.8,-88.8,114,0,10,1,1,0","rodhinbar,foot,207.2,-129.6,79,0,12,1,1,0","rodhinbar,leg_up,66,-123,113.7,0,12,1,1,0","rodhinbar,leg_low,163.4,-126.8,74,0,13,1,1,0","rodhinbar,foot,229.2,-128.4,30,0,15,1,1,0","rodhinbar,sword_base,-31.6,-81.8,24,0,14,1,1,0","rodhinbar,bow_base,-10.2,-228,-147,0,27,1,1,0","rodhinbar,turban_speed2,-273.8,-54.2,8,0,4,1,1,0",,,,,,,,,"rodhinbar,quiver,-8.8,-85.8,17,0,19,1,1,0",,,,,,,,,,,,,,,,,,,,,,,,,,,,,,,,,,,,,,,,,,,,,,,,,,,,,,,,,,,,,,,,,,,,,,,,,,,,,,,,,,,,,,,,,,,play_time_mod_0.5,
Knockdown/6,"rodhinbar,hurt,-225.2,-107,67,0,6,1,1,0","rodhinbar,neck,-194.2,-84,73,0,9,1,1,0","rodhinbar,body,-96.8,-61,79.5,0,6,1,1,0","rodhinbar,arm_up,-125,10,50,0,5,1,1,0","rodhinbar,arm_low,-50.2,15,122,0,4,1,1,0","rodhinbar,fist,17.6,-21.6,106.8,0,5,1,1,0","rodhinbar,arm_up,-96,-130.4,120,1,22,1,1,0","rodhinbar,arm_low,-20.2,-167.6,108.9,1,21,1,1,0","rodhinbar,fist,51,-190.8,119.7,1,26,1,1,0","rodhinbar,leg_up,36.8,-33,92,0,8,1,1,0","rodhinbar,leg_low,156.8,-32.8,92,0,10,1,1,0","rodhinbar,foot,219.2,-55.6,66,0,12,1,1,0","rodhinbar,leg_up,66,-95,99.7,0,12,1,1,0","rodhinbar,leg_low,175.4,-108.8,101,0,13,1,1,0","rodhinbar,foot,231.2,-142.4,81,0,15,1,1,0","rodhinbar,sword_base,2.4,-71.8,59,0,14,1,1,0","rodhinbar,bow_base,7.8,-198,-162,0,27,1,1,0","rodhinbar,turban_speed1,-293.8,-50.2,8,0,4,1,1,0",,,,,,,,,"rodhinbar,quiver,-16.8,-63.8,62,0,19,1,1,0",,,,,,,,,,,,,,,,,,,,,,,,,,,,,,,,,,,,,,,,,,,,,,,,,,,,,,,,,,,,,,,,,,,,,,,,,,,,,,,,,,,,,,,,,,,play_time_mod_0.5,
Knockdown/7,"rodhinbar,close,-227.2,-69,67,0,6,1,1,0","rodhinbar,neck,-190.2,-50,73,0,9,1,1,0","rodhinbar,body,-96.8,-63,96.5,0,6,1,1,0","rodhinbar,arm_up,-101,4,71,0,5,1,1,0","rodhinbar,arm_low,-24.2,-3,122,0,4,1,1,0","rodhinbar,fist,31.6,-37.6,106.8,0,5,1,1,0","rodhinbar,arm_up,-112,-116.4,112,1,22,1,1,0","rodhinbar,arm_low,-20.2,-133.6,108.9,1,21,1,1,0","rodhinbar,fist,51,-156.8,119.7,1,26,1,1,0","rodhinbar,leg_up,36.8,-39,101,0,8,1,1,0","rodhinbar,leg_low,156.8,-36.8,77,0,10,1,1,0","rodhinbar,foot,223.2,-43.6,66,0,12,1,1,0","rodhinbar,leg_up,66,-99,86.7,0,12,1,1,0","rodhinbar,leg_low,175.4,-76.8,67,0,13,1,1,0","rodhinbar,foot,231.2,-70.4,81,0,15,1,1,0","rodhinbar,sword_base,10.4,-51.8,55,0,14,1,1,0","rodhinbar,bow_base,13.8,-148,-140,0,27,1,1,0","rodhinbar,turban_speed2,-293.8,-22.2,8,0,4,1,1,0",,,,,,,,,"rodhinbar,quiver,-16.8,-77.8,56,0,19,1,1,0",,,,,,,,,,,,,,,,,,,,,,,,,,,,,,,,,,,,,,,,,,,,,,,,,,,,,,,,,,,,,,,,,,,,,,,,,,,,,,,,,,,,,,,,,,,play_time_mod_0.5,
Knockdown/8,"rodhinbar,close,-247.2,-49,108,0,6,1,1,0","rodhinbar,neck,-206.2,-44,94,0,9,1,1,0","rodhinbar,body,-108.8,-53,94.5,0,6,1,1,0","rodhinbar,arm_up,-111,6,86,0,5,1,1,0","rodhinbar,arm_low,-16.2,7,99,0,4,1,1,0","rodhinbar,fist,45.6,-5.6,91.8,0,5,1,1,0","rodhinbar,arm_up,-118,-100.4,101,1,22,1,1,0","rodhinbar,arm_low,-20.2,-109.6,106.9,1,21,1,1,0","rodhinbar,fist,51,-122.8,119.7,1,26,1,1,0","rodhinbar,leg_up,36.8,-23,85,0,8,1,1,0","rodhinbar,leg_low,156.8,-10.8,86,0,10,1,1,0","rodhinbar,foot,221.2,-33.6,86,0,12,1,1,0","rodhinbar,leg_up,46,-109,108.7,0,12,1,1,0","rodhinbar,leg_low,125.4,-62.8,26,0,13,1,1,0","rodhinbar,foot,170.4,-5.2,1,0,15,1,1,0","rodhinbar,sword_base,2.4,-65.8,59,0,14,1,1,0","rodhinbar,bow_base,1.8,-106,-112,0,27,1,1,0","rodhinbar,turban_speed1,-283.6,9.6,-2,0,4,1,1,0",,,,,,,,,"rodhinbar,quiver,-16.8,-57.8,62,0,19,1,1,0",,,,,,,,,,,,,,,,,,,,,,,,,,,,,,,,,,,,,,,,,,,,,,,,,,,,,,,,,,,,,,,,,,,,,,,,,,,,,,,,,,,,,,,,,,,play_time_mod_0.5,
Run/0,"rodhinbar,head,59,-459.4,-14,0,6,1,1,0","rodhinbar,neck,38,-422.4,-16,0,9,1,1,0","rodhinbar,body,1.2,-324.4,-17.5,0,6,1,1,0","rodhinbar,arm_up,-15,-348.4,16,0,5,1,1,0","rodhinbar,arm_low,38.8,-303.2,90,0,4,1,1,0","rodhinbar,fist,100,-300.8,54,0,5,1,1,0","rodhinbar,arm_up,70,-329.6,9.8,1,39,1,1,0","rodhinbar,arm_low,85.2,-258.4,11.3,1,29,1,1,0","rodhinbar,fist,94.8,-193.6,20.7,1,31,1,1,0","rodhinbar,leg_up,-41,-194.4,-12,0,8,1,1,0","rodhinbar,leg_low,-63,-76.4,-5,0,10,1,1,0","rodhinbar,foot,-46.8,-13.4,-4.1,0,13,1,1,0","rodhinbar,leg_up,20,-194.4,26.7,0,12,1,1,0","rodhinbar,leg_low,4,-99.4,-28,0,13,1,1,0","rodhinbar,foot,-1.8,-38.4,-18,0,15,1,1,0","rodhinbar,sword_base,-17.6,-239.2,-43,0,14,1,1,0","rodhinbar,bow_base,100,-236,111,0,37,1,1,0","rodhinbar,turban_speed1,-13.6,-476.8,10,0,4,1,1,0",,,,,,,,,"rodhinbar,quiver,-8.8,-233.2,-57,0,15,1,1,0",,,,,,,,,,,,,,,,,,,,,,,,,,,,,,,,,,,,,,,,,,,,,,,,,,,,,,,,,,,,,,,,,,,,,,,,,,,,,,,,,,,,,,,,,,,play_time_mod_0.9,
Run/1,"rodhinbar,head,75,-449.4,-18,0,6,1,1,0","rodhinbar,neck,54,-412.4,-20,0,9,1,1,0","rodhinbar,body,11.2,-320.4,-20.5,0,6,1,1,0","rodhinbar,arm_up,-7,-348.4,10,0,5,1,1,0","rodhinbar,arm_low,46.8,-303.2,84,0,4,1,1,0","rodhinbar,fist,108,-292.8,48,0,5,1,1,0","rodhinbar,arm_up,70,-313.6,-9.2,1,39,1,1,0","rodhinbar,arm_low,79.2,-260.4,-2.7,1,29,1,1,0","rodhinbar,fist,70.8,-189.6,9.7,1,31,1,1,0","rodhinbar,leg_up,-47,-194.4,-25,0,8,1,1,0","rodhinbar,leg_low,-89,-82.4,-15,0,10,1,1,0","rodhinbar,foot,-76.8,-19.4,-16.1,0,13,1,1,0","rodhinbar,leg_up,30,-194.4,44.7,0,12,1,1,0","rodhinbar,leg_low,48,-93.4,-12,0,13,1,1,0","rodhinbar,foot,57.6,-32,-15,0,15,1,1,0","rodhinbar,sword_base,-17.6,-239.2,-47,0,14,1,1,0","rodhinbar,bow_base,62,-220,101,0,37,1,1,0","rodhinbar,turban_speed2,0.4,-468.8,6,0,4,1,1,0",,,,,,,,,"rodhinbar,quiver,-8.8,-233.2,-61,0,15,1,1,0",,,,,,,,,,,,,,,,,,,,,,,,,,,,,,,,,,,,,,,,,,,,,,,,,,,,,,,,,,,,,,,,,,,,,,,,,,,,,,,,,,,,,,,,,,,play_time_mod_0.9,
Run/2,"rodhinbar,head,85,-431.4,-14,0,6,1,1,0","rodhinbar,neck,64,-394.4,-20,0,9,1,1,0","rodhinbar,body,13.2,-304.4,-23.5,0,6,1,1,0","rodhinbar,arm_up,-3,-330.4,5,0,5,1,1,0","rodhinbar,arm_low,50.8,-275.2,81,0,4,1,1,0","rodhinbar,fist,114,-260.8,45,0,5,1,1,0","rodhinbar,arm_up,60,-303.6,-24.2,1,39,1,1,0","rodhinbar,arm_low,59.2,-250.4,-11.7,1,29,1,1,0","rodhinbar,fist,48.8,-179.6,0.7,1,31,1,1,0","rodhinbar,leg_up,-53,-184.4,-33,0,8,1,1,0","rodhinbar,leg_low,-139,-118.4,-63,0,10,1,1,0","rodhinbar,foot,-186.8,-75.2,-85.1,0,13,1,1,0","rodhinbar,leg_up,44,-178.4,34.7,0,12,1,1,0","rodhinbar,leg_low,92,-73.4,17,0,13,1,1,0","rodhinbar,foot,133.6,-18.8,-1,0,15,1,1,0","rodhinbar,sword_base,-17.6,-229.2,-51,0,14,1,1,0","rodhinbar,bow_base,42,-210,92,0,37,1,1,0","rodhinbar,turban_speed1,10.4,-464.8,-9,0,4,1,1,0",,,,,,,,,"rodhinbar,quiver,-8.8,-223.2,-65,0,15,1,1,0",,,,,,,,,,,,,,,,,,,,,,,,,,,,,,,,,,,,,,,,,,,,,,,,,,,,,,,,,,,,,,,,,,,,,,,,,,,,,,,,,,,,,,,,,,,play_time_mod_0.9,
Run/3,"rodhinbar,head,75,-447.4,-11,0,6,1,1,0","rodhinbar,neck,54,-412.4,-20,0,9,1,1,0","rodhinbar,body,11.2,-320.4,-20.5,0,6,1,1,0","rodhinbar,arm_up,-7,-348.4,10,0,5,1,1,0","rodhinbar,arm_low,46.8,-303.2,84,0,4,1,1,0","rodhinbar,fist,108,-292.8,48,0,5,1,1,0","rodhinbar,arm_up,70,-313.6,-9.2,1,39,1,1,0","rodhinbar,arm_low,79.2,-260.4,-2.7,1,29,1,1,0","rodhinbar,fist,70.8,-189.6,9.7,1,31,1,1,0","rodhinbar,leg_up,-31,-200.4,-5,0,8,1,1,0","rodhinbar,leg_low,-69,-96.4,-28,0,10,1,1,0","rodhinbar,foot,-70.8,-39.4,-31.1,0,13,1,1,0","rodhinbar,leg_up,30,-194.4,18.7,0,12,1,1,0","rodhinbar,leg_low,50,-73.4,5,0,13,1,1,0","rodhinbar,foot,81.6,-14,-2,0,15,1,1,0","rodhinbar,sword_base,-17.6,-239.2,-47,0,14,1,1,0","rodhinbar,bow_base,62,-220,101,0,37,1,1,0","rodhinbar,turban_speed2,0.4,-470.8,-3,0,4,1,1,0",,,,,,,,,"rodhinbar,quiver,-8.8,-233.2,-61,0,15,1,1,0",,,,,,,,,,,,,,,,,,,,,,,,,,,,,,,,,,,,,,,,,,,,,,,,,,,,,,,,,,,,,,,,,,,,,,,,,,,,,,,,,,,,,,,,,,,play_time_mod_0.9,
Run/4,"rodhinbar,head,47,-457.4,-7,0,6,1,1,0","rodhinbar,neck,34,-420.4,-5,0,9,1,1,0","rodhinbar,body,3.2,-324.4,-13.5,0,6,1,1,0","rodhinbar,arm_up,-27,-348.4,16,0,5,1,1,0","rodhinbar,arm_low,26.8,-303.2,90,0,4,1,1,0","rodhinbar,fist,90,-300.8,54,0,5,1,1,0","rodhinbar,arm_up,64,-329.6,9.8,1,39,1,1,0","rodhinbar,arm_low,85.2,-280.4,6.3,1,29,1,1,0","rodhinbar,fist,94.8,-209.6,25.7,1,31,1,1,0","rodhinbar,leg_up,-13,-202.4,13,0,8,1,1,0","rodhinbar,leg_low,-21,-96.4,-13,0,10,1,1,0","rodhinbar,foot,-10.8,-31.4,-20.1,0,11,1,1,0","rodhinbar,leg_up,20,-194.4,6.7,0,12,1,1,0","rodhinbar,leg_low,8,-75.4,-10,0,13,1,1,0","rodhinbar,foot,21.6,-14,-2,0,15,1,1,0","rodhinbar,sword_base,-17.6,-239.2,-50,0,14,1,1,0","rodhinbar,bow_base,90,-248,109,0,37,1,1,0","rodhinbar,turban_speed1,-25.6,-476.8,-2,0,4,1,1,0",,,,,,,,,"rodhinbar,quiver,-8.8,-233.2,-55,0,15,1,1,0",,,,,,,,,,,,,,,,,,,,,,,,,,,,,,,,,,,,,,,,,,,,,,,,,,,,,,,,,,,,,,,,,,,,,,,,,,,,,,,,,,,,,,,,,,,play_time_mod_0.9,
Run/5,"rodhinbar,head,55,-457.4,-5,0,6,1,1,0","rodhinbar,neck,42,-420.4,-3,0,9,1,1,0","rodhinbar,body,9.2,-320.4,-15.5,0,6,1,1,0","rodhinbar,arm_up,-13,-344.4,18,0,5,1,1,0","rodhinbar,arm_low,40.8,-299.2,92,0,4,1,1,0","rodhinbar,fist,104,-296.8,56,0,5,1,1,0","rodhinbar,arm_up,84,-325.6,19.8,1,39,1,1,0","rodhinbar,arm_low,111.2,-276.4,22.3,1,29,1,1,0","rodhinbar,fist,140.8,-209.6,32.7,1,31,1,1,0","rodhinbar,leg_up,9,-208.4,29,0,8,1,1,0","rodhinbar,leg_low,49,-96.4,15,0,10,1,1,0","rodhinbar,foot,89.2,-37.4,-9.1,0,11,1,1,0","rodhinbar,leg_up,-2,-188.4,-8.3,0,12,1,1,0","rodhinbar,leg_low,-30,-75.4,-14,0,13,1,1,0","rodhinbar,foot,-16.4,-14,-6,0,15,1,1,0","rodhinbar,sword_base,-17.6,-239.2,-57,0,14,1,1,0","rodhinbar,bow_base,136,-248,116,0,37,1,1,0","rodhinbar,turban_speed2,-21.6,-472.8,0,0,4,1,1,0",,,,,,,,,"rodhinbar,quiver,-8.8,-233.2,-68,0,15,1,1,0",,,,,,,,,,,,,,,,,,,,,,,,,,,,,,,,,,,,,,,,,,,,,,,,,,,,,,,,,,,,,,,,,,,,,,,,,,,,,,,,,,,,,,,,,,,play_time_mod_0.9,
Run/6,"rodhinbar,head,91,-431.4,-16,0,6,1,1,0","rodhinbar,neck,70,-392.4,-16,0,9,1,1,0","rodhinbar,body,31.2,-298.4,-18.5,0,6,1,1,0","rodhinbar,arm_up,7,-324.4,12,0,5,1,1,0","rodhinbar,arm_low,60.8,-279.2,86,0,4,1,1,0","rodhinbar,fist,124,-270.8,50,0,5,1,1,0","rodhinbar,arm_up,112,-307.6,32.8,1,39,1,1,0","rodhinbar,arm_low,147.2,-258.4,49.3,1,29,1,1,0","rodhinbar,fist,196.8,-213.6,59.7,1,31,1,1,0","rodhinbar,leg_up,29,-184.4,36,0,8,1,1,0","rodhinbar,leg_low,75,-72.4,15,0,10,1,1,0","rodhinbar,foot,117.2,-17.4,-1.1,0,11,1,1,0","rodhinbar,leg_up,-14,-176.4,-38.3,0,12,1,1,0","rodhinbar,leg_low,-106,-115.4,-69,0,13,1,1,0","rodhinbar,foot,-158.4,-74,-89,0,15,1,1,0","rodhinbar,sword_base,0.4,-223.2,-60,0,14,1,1,0","rodhinbar,bow_base,176,-254,139,0,37,1,1,0","rodhinbar,turban_speed1,14.4,-460.8,-13,0,4,1,1,0",,,,,,,,,"rodhinbar,quiver,9.2,-217.2,-74,0,15,1,1,0",,,,,,,,,,,,,,,,,,,,,,,,,,,,,,,,,,,,,,,,,,,,,,,,,,,,,,,,,,,,,,,,,,,,,,,,,,,,,,,,,,,,,,,,,,,play_time_mod_0.9,
Run/7,"rodhinbar,head,71,-449.4,-5,0,6,1,1,0","rodhinbar,neck,58,-408.4,-3,0,9,1,1,0","rodhinbar,body,19.2,-314.4,-18.5,0,6,1,1,0","rodhinbar,arm_up,-5,-344.4,15,0,5,1,1,0","rodhinbar,arm_low,48.8,-299.2,89,0,4,1,1,0","rodhinbar,fist,112,-292.8,53,0,5,1,1,0","rodhinbar,arm_up,84,-325.6,19.8,1,39,1,1,0","rodhinbar,arm_low,111.2,-276.4,22.3,1,29,1,1,0","rodhinbar,fist,140.8,-209.6,32.7,1,31,1,1,0","rodhinbar,leg_up,5,-190.4,19,0,8,1,1,0","rodhinbar,leg_low,23,-72.4,5,0,10,1,1,0","rodhinbar,foot,51.2,-11.4,-1.1,0,11,1,1,0","rodhinbar,leg_up,-8,-188.4,-8.3,0,12,1,1,0","rodhinbar,leg_low,-56,-87.4,-32,0,13,1,1,0","rodhinbar,foot,-62.4,-30,-25,0,15,1,1,0","rodhinbar,sword_base,-17.6,-239.2,-47,0,14,1,1,0","rodhinbar,bow_base,136,-248,116,0,37,1,1,0","rodhinbar,turban_speed2,-5.6,-464.8,0,0,4,1,1,0",,,,,,,,,"rodhinbar,quiver,-8.8,-233.2,-61,0,15,1,1,0",,,,,,,,,,,,,,,,,,,,,,,,,,,,,,,,,,,,,,,,,,,,,,,,,,,,,,,,,,,,,,,,,,,,,,,,,,,,,,,,,,,,,,,,,,,play_time_mod_0.9,
Run/8,"rodhinbar,head,59,-449.4,-8,0,6,1,1,0","rodhinbar,neck,46,-408.4,-6,0,9,1,1,0","rodhinbar,body,9.2,-314.4,-16.5,0,6,1,1,0","rodhinbar,arm_up,-9,-344.4,12,0,5,1,1,0","rodhinbar,arm_low,44.8,-299.2,86,0,4,1,1,0","rodhinbar,fist,108,-290.8,50,0,5,1,1,0","rodhinbar,arm_up,80,-319.6,11.8,1,39,1,1,0","rodhinbar,arm_low,101.2,-258.4,16.3,1,29,1,1,0","rodhinbar,fist,120.8,-189.6,25.7,1,31,1,1,0","rodhinbar,leg_up,-7,-190.4,14,0,8,1,1,0","rodhinbar,leg_low,-1,-72.4,-1,0,10,1,1,0","rodhinbar,foot,27.2,-11.4,-1.1,0,11,1,1,0","rodhinbar,leg_up,6,-188.4,14.7,0,12,1,1,0","rodhinbar,leg_low,-18,-121.4,-39,0,13,1,1,0","rodhinbar,foot,-36.4,-60,-38,0,15,1,1,0","rodhinbar,sword_base,-17.6,-239.2,-45,0,14,1,1,0","rodhinbar,bow_base,112,-226,112,0,37,1,1,0","rodhinbar,turban_speed2,-17.6,-468.8,-3,0,4,1,1,0",,,,,,,,,"rodhinbar,quiver,-8.8,-233.2,-58,0,15,1,1,0",,,,,,,,,,,,,,,,,,,,,,,,,,,,,,,,,,,,,,,,,,,,,,,,,,,,,,,,,,,,,,,,,,,,,,,,,,,,,,,,,,,,,,,,,,,play_time_mod_0.9,
Standup/0,"rodhinbar,head,-217.6,-151.6,45,0,6,1,1,0","rodhinbar,neck,-196.8,-127.2,74,0,9,1,1,0","rodhinbar,body,-100.8,-81,68.5,0,6,1,1,0","rodhinbar,arm_up,-147,-12,39,0,5,1,1,0","rodhinbar,arm_low,-83.6,23.2,87,0,4,1,1,0","rodhinbar,fist,-8.4,18,80.8,0,5,1,1,0","rodhinbar,arm_up,-118,-100.4,101,1,22,1,1,0","rodhinbar,arm_low,-20.2,-109.6,106.9,1,21,1,1,0","rodhinbar,fist,51,-122.8,119.7,1,26,1,1,0","rodhinbar,leg_up,36.8,-23,85,0,8,1,1,0","rodhinbar,leg_low,156.8,-10.8,86,0,10,1,1,0","rodhinbar,foot,221.2,-33.6,86,0,12,1,1,0","rodhinbar,leg_up,46,-109,108.7,0,12,1,1,0","rodhinbar,leg_low,125.4,-62.8,26,0,13,1,1,0","rodhinbar,foot,170.4,-5.2,1,0,15,1,1,0","rodhinbar,sword_base,2.4,-65.8,59,0,14,1,1,0","rodhinbar,bow_base,1.8,-106,-112,0,27,1,1,0","rodhinbar,turban_speed1,-258,-81.6,81,0,4,1,1,0",,,,,,,,,"rodhinbar,quiver,-16.8,-57.8,62,0,19,1,1,0",,,,,,,,,,,,,,,,,,,,,,,,,,,,,,,,,,,,,,,,,,,,,,,,,,,,,,,,,,,,,,,,,,,,,,,,,,,,,,,,,,,,,,,,,,,,
Standup/1,"rodhinbar,head,-16.8,-270.6,-10,0,6,1,1,0","rodhinbar,neck,-26,-232.2,7,0,9,1,1,0","rodhinbar,body,-20.8,-135,7.5,0,6,1,1,0","rodhinbar,arm_up,-98.4,-142.4,-18,0,5,1,1,0","rodhinbar,arm_low,-99.6,-56.8,21,0,4,1,1,0","rodhinbar,fist,-69.2,6.8,13,0,5,1,1,0","rodhinbar,arm_up,45.2,-182.4,62,1,22,1,1,0","rodhinbar,arm_low,142.8,-171.6,87.9,1,21,1,1,0","rodhinbar,fist,214,-170.8,101.7,1,26,1,1,0","rodhinbar,leg_up,12.8,-31,75,0,8,1,1,0","rodhinbar,leg_low,130.8,-10.8,86,0,10,1,1,0","rodhinbar,foot,197.2,-33.6,75,0,12,1,1,0","rodhinbar,leg_up,72,-101,108.7,0,12,1,1,0","rodhinbar,leg_low,153.4,-56.8,30,0,13,1,1,0","rodhinbar,foot,196.4,-11.2,1,0,15,1,1,0","rodhinbar,sword_base,18.4,-93.8,-57,0,14,1,1,0","rodhinbar,bow_base,178.8,-182,-167,0,27,1,1,0","rodhinbar,turban_speed1,-83.6,-250.4,52,0,4,1,1,0",,,,,,,,,"rodhinbar,quiver,-0.8,-85.8,-57,0,19,1,1,0",,,,,,,,,,,,,,,,,,,,,,,,,,,,,,,,,,,,,,,,,,,,,,,,,,,,,,,,,,,,,,,,,,,,,,,,,,,,,,,,,,,,,,,,,,,,
Standup/2,"rodhinbar,head,-16.8,-300.6,-10,0,6,1,1,0","rodhinbar,neck,-26,-262.2,7,0,9,1,1,0","rodhinbar,body,-20.8,-165,7.5,0,6,1,1,0","rodhinbar,arm_up,-98.4,-172.4,-18,0,5,1,1,0","rodhinbar,arm_low,-99.6,-86.8,21,0,4,1,1,0","rodhinbar,fist,-69.2,-23.2,13,0,5,1,1,0","rodhinbar,arm_up,45.2,-212.4,62,1,22,1,1,0","rodhinbar,arm_low,142.8,-195.6,83.9,1,21,1,1,0","rodhinbar,fist,210,-190.8,98.7,1,26,1,1,0","rodhinbar,leg_up,14.8,-67,60,0,8,1,1,0","rodhinbar,leg_low,116.8,-14.8,66,0,10,1,1,0","rodhinbar,foot,177.2,-19.6,75,0,12,1,1,0","rodhinbar,leg_up,72,-95,97.7,0,12,1,1,0","rodhinbar,leg_low,123.4,-50.8,1,0,13,1,1,0","rodhinbar,foot,138.4,-11.2,1,0,15,1,1,0","rodhinbar,sword_base,18.4,-109.8,-51,0,14,1,1,0","rodhinbar,bow_base,178.8,-182,176,0,27,1,1,0","rodhinbar,turban_speed2,-67.6,-274.4,86,0,4,1,1,0",,,,,,,,,"rodhinbar,quiver,-0.8,-101.8,-51,0,19,1,1,0",,,,,,,,,,,,,,,,,,,,,,,,,,,,,,,,,,,,,,,,,,,,,,,,,,,,,,,,,,,,,,,,,,,,,,,,,,,,,,,,,,,,,,,,,,,,
Standup/3,"rodhinbar,head,5.2,-358.6,-14,0,6,1,1,0","rodhinbar,neck,-4,-320.2,3,0,9,1,1,0","rodhinbar,body,-14.8,-217,-3.5,0,6,1,1,0","rodhinbar,arm_up,-86.4,-232.4,-22,0,5,1,1,0","rodhinbar,arm_low,-101.6,-146.8,6,0,4,1,1,0","rodhinbar,fist,-87.2,-83.2,-4,0,5,1,1,0","rodhinbar,arm_up,45.2,-266.4,58,1,22,1,1,0","rodhinbar,arm_low,136.8,-227.6,71.9,1,21,1,1,0","rodhinbar,fist,202,-204.8,88.7,1,26,1,1,0","rodhinbar,leg_up,-1.2,-103,41,0,8,1,1,0","rodhinbar,leg_low,-28,-28.4,-45,0,10,1,1,0","rodhinbar,foot,-38,12.8,-2,0,12,1,1,0","rodhinbar,leg_up,58,-119,77.7,0,12,1,1,0","rodhinbar,leg_low,95.4,-54.8,-5,0,13,1,1,0","rodhinbar,foot,118.4,0.8,1,0,15,1,1,0","rodhinbar,sword_base,18.4,-109.8,-51,0,14,1,1,0","rodhinbar,bow_base,176.8,-214,161,0,27,1,1,0","rodhinbar,turban,-42.8,-344.8,-14,0,4,1,1,0",,,,,,,,,"rodhinbar,quiver,-0.8,-101.8,-51,0,19,1,1,0",,,,,,,,,,,,,,,,,,,,,,,,,,,,,,,,,,,,,,,,,,,,,,,,,,,,,,,,,,,,,,,,,,,,,,,,,,,,,,,,,,,,,,,,,,,,
Standup/4,"rodhinbar,head,17.2,-426.6,-14,0,6,1,1,0","rodhinbar,neck,8,-388.2,3,0,9,1,1,0","rodhinbar,body,-2.8,-285,-3.5,0,6,1,1,0","rodhinbar,arm_up,-60.4,-300.4,-5,0,5,1,1,0","rodhinbar,arm_low,-43.6,-214.8,26,0,4,1,1,0","rodhinbar,fist,-12,-151.2,13,0,5,1,1,0","rodhinbar,arm_up,57.2,-320.4,38,1,22,1,1,0","rodhinbar,arm_low,138.8,-259.6,59.9,1,21,1,1,0","rodhinbar,fist,204,-224.8,76.7,1,26,1,1,0","rodhinbar,leg_up,-13.2,-151,-1,0,8,1,1,0","rodhinbar,leg_low,-38,-62.4,-25,0,10,1,1,0","rodhinbar,foot,-38,-7.2,-2,0,12,1,1,0","rodhinbar,leg_up,60,-165,43.7,0,12,1,1,0","rodhinbar,leg_low,89.4,-74.8,-5,0,13,1,1,0","rodhinbar,foot,110.4,-13.2,-4,0,15,1,1,0","rodhinbar,sword_base,30.4,-177.8,-51,0,14,1,1,0","rodhinbar,bow_base,178.8,-234,149,0,27,1,1,0","rodhinbar,turban,-30.8,-412.8,-14,0,4,1,1,0",,,,,,,,,"rodhinbar,quiver,11.2,-169.8,-51,0,19,1,1,0",,,,,,,,,,,,,,,,,,,,,,,,,,,,,,,,,,,,,,,,,,,,,,,,,,,,,,,,,,,,,,,,,,,,,,,,,,,,,,,,,,,,,,,,,,,,
Standup/5,"rodhinbar,head,37.2,-446.6,-9,0,6,1,1,0","rodhinbar,neck,28,-408.2,8,0,9,1,1,0","rodhinbar,body,9.2,-307,-5.5,0,6,1,1,0","rodhinbar,arm_up,-26.4,-320.4,16,0,5,1,1,0","rodhinbar,arm_low,24.4,-254.8,65,0,4,1,1,0","rodhinbar,fist,86,-218,30,0,5,1,1,0","rodhinbar,arm_up,65.2,-336.4,23,1,22,1,1,0","rodhinbar,arm_low,122.8,-259.6,37.9,1,21,1,1,0","rodhinbar,fist,162,-204.8,54.7,1,26,1,1,0","rodhinbar,leg_up,-29.2,-169,-23,0,8,1,1,0","rodhinbar,leg_low,-80,-68.4,-25,0,10,1,1,0","rodhinbar,foot,-80,-13.2,-2,0,12,1,1,0","rodhinbar,leg_up,46,-179,26.7,0,12,1,1,0","rodhinbar,leg_low,71.4,-76.8,7,0,13,1,1,0","rodhinbar,foot,104.4,-15.2,1,0,15,1,1,0","rodhinbar,sword_base,30.4,-197.8,-51,0,14,1,1,0","rodhinbar,bow_base,142.8,-240,132,0,27,1,1,0","rodhinbar,turban,-10.8,-432.8,-9,0,4,1,1,0",,,,,,,,,"rodhinbar,quiver,11.2,-189.8,-51,0,19,1,1,0",,,,,,,,,,,,,,,,,,,,,,,,,,,,,,,,,,,,,,,,,,,,,,,,,,,,,,,,,,,,,,,,,,,,,,,,,,,,,,,,,,,,,,,,,,,,
Standup/6,"rodhinbar,head,41,-473.4,-13,0,6,1,1,0","rodhinbar,neck,30,-436.4,-11,0,9,1,1,0","rodhinbar,body,1.2,-330.4,-11.5,0,6,1,1,0","rodhinbar,arm_up,-37,-348.4,5,0,5,1,1,0","rodhinbar,arm_low,14.2,-288.4,72.2,0,4,1,1,0","rodhinbar,fist,89.2,-274,74.8,0,5,1,1,0","rodhinbar,arm_up,56,-339.6,3,1,18,1,1,0","rodhinbar,arm_low,82,-297.6,50.3,1,25,1,1,0","rodhinbar,fist,97.2,-218.4,32.7,1,26,1,1,0","rodhinbar,leg_up,-55,-186.4,-26.2,0,8,1,1,0","rodhinbar,leg_low,-97,-76.4,-14,0,10,1,1,0","rodhinbar,foot,-86.8,-13.4,-7.1,0,13,1,1,0","rodhinbar,leg_up,40,-194.4,25.7,0,12,1,1,0","rodhinbar,leg_low,50,-75.4,-4,0,13,1,1,0","rodhinbar,foot,74.2,-16.4,-4,0,15,1,1,0","rodhinbar,sword_base,12.4,-275.2,-56,0,14,1,1,0","rodhinbar,bow_base,93.6,-252.4,109,0,27,1,1,0","rodhinbar,turban,-11.6,-466.8,-21,0,4,1,1,0",,,,,,,,,"rodhinbar,quiver,3.2,-237.2,-68,0,24,1,1,0",,,,,,,,,,,,,,,,,,,,,,,,,,,,,,,,,,,,,,,,,,,,,,,,,,,,,,,,,,,,,,,,,,,,,,,,,,,,,,,,,,,,,,,,,,,,
strong1/0,"rodhinbar,head,11,-483.4,0,0,6,1,1,0","rodhinbar,neck,0,-438.4,2,0,9,1,1,0","rodhinbar,body,-8.8,-334.4,-3.5,0,6,1,1,0","rodhinbar,arm_up,-31,-350.4,33.6,0,5,1,1,0","rodhinbar,arm_low,38.2,-304.4,86.2,0,4,1,1,0","rodhinbar,fist,81.2,-322.4,-176.2,1,5,1,1,0","rodhinbar,arm_up,58,-351.6,23.8,1,21,1,1,0","rodhinbar,arm_low,91.2,-274.4,16.3,1,16,1,1,0","rodhinbar,fist,110.8,-211.6,31.7,1,18,1,1,0","rodhinbar,leg_up,-55,-186.4,-23.2,0,8,1,1,0","rodhinbar,leg_low,-97,-76.4,-16,0,10,1,1,0","rodhinbar,foot,-86.8,-13.4,-4.1,0,13,1,1,0","rodhinbar,leg_up,36,-194.4,22.7,0,12,1,1,0","rodhinbar,leg_low,50,-75.4,-1,0,13,1,1,0","rodhinbar,foot,78.2,-16.4,-1,0,15,1,1,0","rodhinbar,sword_base,-6.8,-253.6,-62,0,14,1,1,0","rodhinbar,bow_base,112,-248,108,0,19,1,1,0","rodhinbar,turban,-33.6,-462.8,0,0,4,1,1,0",,,,,,,,,"rodhinbar,quiver,-6.8,-241.2,-67,0,15,1,1,0",,,,,,,,,,,,,,,,,,,,,,,,,,,,,,,,,,,,,,,,,,,,,,,,,,,,,,,,,,,,,,,,,,,,,,,,,,,,,,,,,,,,,,,,,,,,"sword_unsheathe,500,5"
strong1/1,"rodhinbar,head,3.4,-483.6,2,0,6,1,1,0","rodhinbar,neck,-1.6,-438.8,0,0,9,1,1,0","rodhinbar,body,-16.4,-334.8,-2.5,0,6,1,1,0","rodhinbar,arm_up,-20.6,-406.8,97,0,5,1,1,0","rodhinbar,arm_low,65.6,-415.2,105,0,4,1,1,0","rodhinbar,fist,130.8,-412,68,1,5,1,1,0","rodhinbar,arm_up,40.4,-358,26.8,1,21,1,1,0","rodhinbar,arm_low,73.6,-280.8,19.3,1,16,1,1,0","rodhinbar,fist,93.2,-218,34.7,1,18,1,1,0","rodhinbar,leg_up,-55,-186.4,-26.2,0,8,1,1,0","rodhinbar,leg_low,-97,-76.4,-14,0,10,1,1,0","rodhinbar,foot,-86.8,-13.4,-7.1,0,13,1,1,0","rodhinbar,leg_up,40,-194.4,20.7,0,12,1,1,0","rodhinbar,leg_low,54,-75.4,0,0,13,1,1,0","rodhinbar,foot,74.2,-16.4,-2,0,15,1,1,0","rodhinbar,sword_base,50.8,-336,-46,0,14,1,1,0","rodhinbar,bow_base,92.4,-248.4,111,0,19,1,1,0","rodhinbar,turban,-45.2,-459.2,-6,0,4,1,1,0",,,,,,,,,"rodhinbar,quiver,-18.4,-241.6,-67,0,15,1,1,0",,,,,,,,,,,,,,,,,,,,,,,,,,,,,,,,,,,,,,,,,,,,,,,,,,,,,,,,,,,,,,,,,,,,,,,,,,,,,,,,,,,,,,,,,,play_time_mod_1.2,,
strong1/2,"rodhinbar,head,-0.6,-487.6,4,0,6,1,1,0","rodhinbar,neck,-5.6,-442.8,2,0,9,1,1,0","rodhinbar,body,-20.4,-334.8,-0.5,0,6,1,1,0","rodhinbar,arm_up,-20.6,-410.8,103,0,5,1,1,0","rodhinbar,arm_low,81.6,-429.2,105,0,4,1,1,0","rodhinbar,fist,148.8,-446,82,1,5,1,1,0","rodhinbar,arm_up,40.4,-358,26.8,1,21,1,1,0","rodhinbar,arm_low,73.6,-280.8,19.3,1,16,1,1,0","rodhinbar,fist,93.2,-218,34.7,1,18,1,1,0","rodhinbar,leg_up,-55,-186.4,-26.2,0,8,1,1,0","rodhinbar,leg_low,-97,-76.4,-14,0,10,1,1,0","rodhinbar,foot,-86.8,-13.4,-7.1,0,13,1,1,0","rodhinbar,leg_up,40,-194.4,25.7,0,12,1,1,0","rodhinbar,leg_low,50,-75.4,-4,0,13,1,1,0","rodhinbar,foot,74.2,-16.4,-4,0,15,1,1,0","rodhinbar,sword_base,76.8,-368,-46,0,14,1,1,0","rodhinbar,bow_base,92.4,-248.4,111,0,19,1,1,0","rodhinbar,turban,-55.2,-463.2,-15,0,4,1,1,0",,,,,,,,,"rodhinbar,quiver,-18.4,-241.6,-67,0,15,1,1,0",,,,,,,,,,,,,,,,,,,,,,,,,,,,,,,,,,,,,,,,,,,,,,,,,,,,,,,,,,,,,,,,,,,,,,,,,,,,,,,,,,,,,,,,,,play_time_mod_1.2,,
strong1/3,"rodhinbar,head,23.8,-473.4,-9,0,6,1,1,0","rodhinbar,neck,18.8,-428.4,-3,0,9,1,1,0","rodhinbar,body,-2,-328.4,-9.5,0,6,1,1,0","rodhinbar,arm_up,3.8,-384.4,66,0,5,1,1,0","rodhinbar,arm_low,92,-366.8,103,0,4,0.9,0.9,0","rodhinbar,fist,153.2,-383.6,110,0,5,0.9,0.9,0","rodhinbar,arm_up,46.8,-351.6,24.8,1,21,1,1,0","rodhinbar,arm_low,74,-280.4,14.3,1,16,1,1,0","rodhinbar,fist,95.6,-211.6,38.7,1,18,1,1,0","rodhinbar,leg_up,-59,-186.4,-29.2,0,8,1,1,0","rodhinbar,leg_low,-107,-76.4,-23,0,10,1,1,0","rodhinbar,foot,-100.8,-13.4,-11.1,0,13,1,1,0","rodhinbar,leg_up,40,-194.4,35.7,0,12,1,1,0","rodhinbar,leg_low,72,-81.4,6,0,13,1,1,0","rodhinbar,foot,104.2,-20.4,-6,0,15,1,1,0","rodhinbar,sword_base,133.6,-470.8,-164,1,14,0.9,0.9,0","rodhinbar,bow_base,100.8,-246,115,0,19,1,1,0","rodhinbar,turban,-22.8,-456.8,-10,0,4,1,1,0",,,,,,,,,"rodhinbar,quiver,-6,-235.2,-74,0,15,1,1,0",,,,,,,,,,,,,,,,,,,,,,,,,,,,,,,,,,,,,,,,,,,,,,,,,,,,,,,,,,,,,,,,,,,,,,,,,,,,,,,,,,,,,,,,,,play_time_mod_2,,
strong1/4,"rodhinbar,head,43.8,-467.4,-14,0,6,1,1,0","rodhinbar,neck,30.8,-426.4,-6,0,9,1,1,0","rodhinbar,body,2,-324.4,-12.5,0,6,1,1,0","rodhinbar,arm_up,13.8,-378.4,62,0,5,1,1,0","rodhinbar,arm_low,92,-356.8,98,0,4,0.9,0.9,0","rodhinbar,fist,153.2,-367.6,99,0,5,0.9,0.9,0","rodhinbar,arm_up,60.8,-325.6,4.8,1,21,1,1,0","rodhinbar,arm_low,72,-258.4,0.3,1,16,1,1,0","rodhinbar,fist,79.6,-199.6,25.7,1,18,1,1,0","rodhinbar,leg_up,-59,-186.4,-29.2,0,8,1,1,0","rodhinbar,leg_low,-107,-76.4,-23,0,10,1,1,0","rodhinbar,foot,-100.8,-13.4,-11.1,0,13,1,1,0","rodhinbar,leg_up,40,-194.4,35.7,0,12,1,1,0","rodhinbar,leg_low,78,-81.4,9,0,13,1,1,0","rodhinbar,foot,108.2,-24.4,-13,0,15,1,1,0","rodhinbar,sword_swing,119.6,-458.8,-176,1,14,0.9,0.9,1","rodhinbar,bow_base,84.8,-234,102,0,19,1,1,0","rodhinbar,turban_speed1,-26.8,-472.8,23,0,4,1,1,0",,,,,,,,,"rodhinbar,quiver,-6,-235.2,-74,0,15,1,1,0",,,,,,,,,,,,,,,,,,,,,,,,,,,,,,,,,,,,,,,,,,,,,,,,,,,,,,,,,,,,,,,,,,,,,,,,,,,,,,,,,,,,,,,,,,play_time_mod_0.3,,
strong1/5,"rodhinbar,head,57.8,-459.4,-18,0,6,1,1,0","rodhinbar,neck,38.8,-422.4,-26,0,9,1,1,0","rodhinbar,body,12,-320.4,-10.5,0,6,1,1,0","rodhinbar,arm_up,27.8,-372.4,65,0,5,1,1,0","rodhinbar,arm_low,124,-342.8,90,0,4,1,1,0","rodhinbar,fist,197.2,-333.6,61,0,5,1,1,0","rodhinbar,arm_up,66.8,-325.6,1.8,1,21,1,1,0","rodhinbar,arm_low,82,-258.4,8.3,1,16,1,1,0","rodhinbar,fist,85.6,-199.6,22.7,1,18,1,1,0","rodhinbar,leg_up,-53,-186.4,-33.2,0,8,1,1,0","rodhinbar,leg_low,-113,-82.4,-25,0,10,1,1,0","rodhinbar,foot,-114.8,-17.4,-19.1,0,13,1,1,0","rodhinbar,leg_up,52,-190.4,35.7,0,12,1,1,0","rodhinbar,leg_low,80,-81.4,3,0,13,1,1,0","rodhinbar,foot,108.2,-18.4,-11,0,15,1,1,0","rodhinbar,sword_swing,248.4,-429.2,136,1,14,1,1,1","rodhinbar,bow_base,90.8,-234,99,0,19,1,1,0","rodhinbar,turban_speed2,-18.8,-476.8,10,0,4,1,1,0",,,,,,,,,"rodhinbar,quiver,-6,-235.2,-77,0,15,1,1,0",,,,,,,,,,,,,,,,,,,,,,,,,,,,,,,,,,,,,,,,,,,,,,,,,,,,,,,,,,,,,,,,,,,,,,,,,,,,,,,,,,,,,,,,,,play_time_mod_0.3,,"swing_flat_small,1000,1"
strong1/6,"rodhinbar,head,71.8,-453.4,-21,0,6,1,1,0","rodhinbar,neck,52.8,-416.4,-26,0,9,1,1,0","rodhinbar,body,14,-320.4,-17.5,0,6,1,1,0","rodhinbar,arm_up,21.8,-358.4,50,0,5,1,1,0","rodhinbar,arm_low,100,-304.8,70,0,4,1,1,0","rodhinbar,fist,161.2,-267.6,34,0,5,1,1,0","rodhinbar,arm_up,72.8,-325.6,-1.2,1,21,1,1,0","rodhinbar,arm_low,86,-258.4,10.3,1,16,1,1,0","rodhinbar,fist,89.6,-199.6,22.7,1,18,1,1,0","rodhinbar,leg_up,-53,-186.4,-33.2,0,8,1,1,0","rodhinbar,leg_low,-113,-82.4,-25,0,10,1,1,0","rodhinbar,foot,-114.8,-17.4,-19.1,0,13,1,1,0","rodhinbar,leg_up,52,-190.4,35.7,0,12,1,1,0","rodhinbar,leg_low,80,-81.4,3,0,13,1,1,0","rodhinbar,foot,108.2,-18.4,-11,0,15,1,1,0","rodhinbar,sword_swing,234.4,-349.2,118,1,14,1.1,1.1,1","rodhinbar,bow_base,94.8,-234,99,0,19,1,1,0","rodhinbar,turban_speed1,-4.8,-474.8,4,0,4,1,1,0",,,,,,,,,"rodhinbar,quiver,-6,-235.2,-77,0,15,1,1,0",,,,,,,,,,,,,,,,,,,,,,,,,,,,,,,,,,,,,,,,,,,,,,,,,,,,,,,,,,,,,,,,,,,,,,,,,,,,,,,,,,,,,,,,,,play_time_mod_0.3,,
strong1/7,"rodhinbar,head,79.8,-453.4,-18,0,6,1,1,0","rodhinbar,neck,58.8,-416.4,-21,0,9,1,1,0","rodhinbar,body,18,-320.4,-17.5,0,6,1,1,0","rodhinbar,arm_up,1.8,-350.4,24,0,5,1,1,0","rodhinbar,arm_low,26.8,-284.8,24,0,4,1,1,0","rodhinbar,fist,46.4,-252.8,20,0,3,1,1,0","rodhinbar,arm_up,66.8,-325.6,1.8,1,21,1,1,0","rodhinbar,arm_low,82,-258.4,10.3,1,16,1,1,0","rodhinbar,fist,85.6,-199.6,26.7,1,18,1,1,0","rodhinbar,leg_up,-53,-190.4,-37.2,0,8,1,1,0","rodhinbar,leg_low,-119,-88.4,-29,0,10,1,1,0","rodhinbar,foot,-126.8,-23.4,-26.1,0,13,1,1,0","rodhinbar,leg_up,58,-190.4,39.7,0,12,1,1,0","rodhinbar,leg_low,86,-81.4,-1,0,13,1,1,0","rodhinbar,foot,108.2,-18.4,-11,0,15,1,1,0","rodhinbar,sword_stab,189.6,-299.2,110,1,5,1.1,1.1,1","rodhinbar,bow_base,90.8,-234,103,0,19,1,1,0","rodhinbar,turban_speed2,1.2,-474.8,4,0,4,1,1,0",,,,,,,,,"rodhinbar,quiver,-4,-235.2,-79,0,15,1,1,0",,,,,,,,,,,,,,,,,,,,,,,,,,,,,,,,,,,,,,,,,,,,,,,,,,,,,,,,,,,,,,,,,,,,,,,,,,,,,,,,,,,,,,,,,,play_time_mod_0.2,,
strong1/8,"rodhinbar,head,75.8,-453.4,-12,0,6,1,1,0","rodhinbar,neck,54.8,-416.4,-18,0,9,1,1,0","rodhinbar,body,18,-320.4,-17.5,0,6,1,1,0","rodhinbar,arm_up,-46.2,-350.4,-30,0,5,1,1,0","rodhinbar,arm_low,-76.8,-267.6,-5,0,4,1,1,0","rodhinbar,fist,-72,-198.4,1,0,6,1,1,0","rodhinbar,arm_up,66.8,-325.6,1.8,1,21,1,1,0","rodhinbar,arm_low,82,-258.4,12.3,1,16,1,1,0","rodhinbar,fist,85.6,-199.6,25.7,1,18,1,1,0","rodhinbar,leg_up,-53,-190.4,-37.2,0,8,1,1,0","rodhinbar,leg_low,-119,-88.4,-29,0,10,1,1,0","rodhinbar,foot,-126.8,-23.4,-26.1,0,13,1,1,0","rodhinbar,leg_up,58,-190.4,39.7,0,12,1,1,0","rodhinbar,leg_low,86,-81.4,-1,0,13,1,1,0","rodhinbar,foot,108.2,-18.4,-11,0,15,1,1,0","rodhinbar,sword_stab,66.4,-189.6,86,1,7,1,1,1","rodhinbar,bow_base,90.8,-234,102,0,19,1,1,0","rodhinbar,turban_speed2,-4.8,-468.8,4,0,4,1,1,0",,,,,,,,,"rodhinbar,quiver,-4,-235.2,-79,0,15,1,1,0",,,,,,,,,,,,,,,,,,,,,,,,,,,,,,,,,,,,,,,,,,,,,,,,,,,,,,,,,,,,,,,,,,,,,,,,,,,,,,,,,,,,,,,,,,,,
strong1/9,"rodhinbar,head,61.8,-457.4,-5,0,6,1,1,0","rodhinbar,neck,46.8,-420.4,-14,0,9,1,1,0","rodhinbar,body,18,-320.4,-12.5,0,6,1,1,0","rodhinbar,arm_up,-52.2,-346.4,-37,0,5,1,1,0","rodhinbar,arm_low,-102.8,-267.6,-22,0,4,1,1,0","rodhinbar,fist,-120,-198.4,-22,0,6,1,1,0","rodhinbar,arm_up,66.8,-325.6,1.8,1,21,1,1,0","rodhinbar,arm_low,82,-258.4,10.3,1,16,1,1,0","rodhinbar,fist,85.6,-199.6,27.7,1,18,1,1,0","rodhinbar,leg_up,-53,-190.4,-37.2,0,8,1,1,0","rodhinbar,leg_low,-119,-88.4,-29,0,10,1,1,0","rodhinbar,foot,-126.8,-23.4,-26.1,0,13,1,1,0","rodhinbar,leg_up,58,-190.4,39.7,0,12,1,1,0","rodhinbar,leg_low,86,-81.4,-1,0,13,1,1,0","rodhinbar,foot,108.2,-18.4,-11,0,15,1,1,0","rodhinbar,sword_base,-33.6,-159.6,69,1,7,1,1,0","rodhinbar,bow_base,90.8,-234,104,0,19,1,1,0","rodhinbar,turban_speed1,-16.8,-446.8,37,0,4,1,1,0",,,,,,,,,"rodhinbar,quiver,-4,-235.2,-79,0,15,1,1,0",,,,,,,,,,,,,,,,,,,,,,,,,,,,,,,,,,,,,,,,,,,,,,,,,,,,,,,,,,,,,,,,,,,,,,,,,,,,,,,,,,,,,,,,,,"stoppable,play_time_mod_1.5",,
strong1/10,"rodhinbar,head,67.8,-453.4,-7,0,6,1,1,0","rodhinbar,neck,52.8,-416.4,-16,0,9,1,1,0","rodhinbar,body,18,-320.4,-16.5,0,6,1,1,0","rodhinbar,arm_up,-50.2,-352.4,-39,0,5,1,1,0","rodhinbar,arm_low,-92.8,-273.6,-14,0,4,1,1,0","rodhinbar,fist,-110,-200.4,-28,0,6,1,1,0","rodhinbar,arm_up,70.8,-325.6,-3.2,1,21,1,1,0","rodhinbar,arm_low,76,-258.4,6.3,1,16,1,1,0","rodhinbar,fist,79.6,-199.6,22.7,1,18,1,1,0","rodhinbar,leg_up,-47,-190.4,-31.2,0,8,1,1,0","rodhinbar,leg_low,-109,-88.4,-27,0,10,1,1,0","rodhinbar,foot,-114.8,-23.4,-25.1,0,13,1,1,0","rodhinbar,leg_up,58,-190.4,39.7,0,12,1,1,0","rodhinbar,leg_low,86,-81.4,-1,0,13,1,1,0","rodhinbar,foot,108.2,-18.4,-11,0,15,1,1,0","rodhinbar,sword_base,-19.6,-155.6,64,1,7,1,1,0","rodhinbar,bow_base,84.8,-234,102,0,19,1,1,0","rodhinbar,turban_speed1,-0.8,-434.8,53,0,4,1,1,0",,,,,,,,,"rodhinbar,quiver,-4,-235.2,-82,0,15,1,1,0",,,,,,,,,,,,,,,,,,,,,,,,,,,,,,,,,,,,,,,,,,,,,,,,,,,,,,,,,,,,,,,,,,,,,,,,,,,,,,,,,,,,,,,,,,,,
strong1/11,"rodhinbar,head,39.8,-463.4,-5,0,6,1,1,0","rodhinbar,neck,24.8,-426.4,-8,0,9,1,1,0","rodhinbar,body,4,-326.4,-5.5,0,6,1,1,0","rodhinbar,arm_up,-40.2,-340.4,0,0,5,1,1,0","rodhinbar,arm_low,-18.8,-263.6,36,0,4,1,1,0","rodhinbar,fist,30,-210,34,0,6,1,1,0","rodhinbar,arm_up,58.8,-325.6,1.8,1,21,1,1,0","rodhinbar,arm_low,74,-258.4,9.3,1,16,1,1,0","rodhinbar,fist,77.6,-199.6,27.7,1,18,1,1,0","rodhinbar,leg_up,-41,-190.4,-26.2,0,8,1,1,0","rodhinbar,leg_low,-95,-88.4,-23,0,10,1,1,0","rodhinbar,foot,-92.8,-23.4,-23.1,0,13,1,1,0","rodhinbar,leg_up,54,-190.4,26.7,0,12,1,1,0","rodhinbar,leg_low,72,-81.4,-1,0,13,1,1,0","rodhinbar,foot,94.2,-18.4,-11,0,15,1,1,0","rodhinbar,sword_base,117.6,-250,118,1,7,1,1,0","rodhinbar,bow_base,82.8,-234,104,0,19,1,1,0","rodhinbar,turban,-10.8,-446.8,-10,0,4,1,1,0",,,,,,,,,"rodhinbar,quiver,-4,-235.2,-79,0,15,1,1,0",,,,,,,,,,,,,,,,,,,,,,,,,,,,,,,,,,,,,,,,,,,,,,,,,,,,,,,,,,,,,,,,,,,,,,,,,,,,,,,,,,,,,,,,,,"play_time_mod_1.5,stoppable",,
strong1/12,"rodhinbar,head,13.4,-483.6,-6,0,6,1,1,0","rodhinbar,neck,6.4,-442.8,-10,0,9,1,1,0","rodhinbar,body,-6.4,-334.8,-7.5,0,6,1,1,0","rodhinbar,arm_up,-6.6,-402.8,100,0,5,1,1,0","rodhinbar,arm_low,95.6,-409.2,102,0,4,1,1,0","rodhinbar,fist,158.8,-416,79,1,5,1,1,0","rodhinbar,arm_up,40.4,-358,26.8,1,21,1,1,0","rodhinbar,arm_low,73.6,-280.8,19.3,1,16,1,1,0","rodhinbar,fist,93.2,-218,34.7,1,18,1,1,0","rodhinbar,leg_up,-55,-186.4,-26.2,0,8,1,1,0","rodhinbar,leg_low,-97,-76.4,-14,0,10,1,1,0","rodhinbar,foot,-86.8,-13.4,-7.1,0,13,1,1,0","rodhinbar,leg_up,40,-194.4,25.7,0,12,1,1,0","rodhinbar,leg_low,50,-75.4,-4,0,13,1,1,0","rodhinbar,foot,74.2,-16.4,-4,0,15,1,1,0","rodhinbar,sword_base,86.8,-338,-49,0,14,1,1,0","rodhinbar,bow_base,92.4,-248.4,111,0,19,1,1,0","rodhinbar,turban,-29.2,-463.2,-3,0,4,1,1,0",,,,,,,,,"rodhinbar,quiver,-18.4,-241.6,-67,0,15,1,1,0",,,,,,,,,,,,,,,,,,,,,,,,,,,,,,,,,,,,,,,,,,,,,,,,,,,,,,,,,,,,,,,,,,,,,,,,,,,,,,,,,,,,,,,,,,stoppable,,"sword_sheathe,500,5"
strong1/13,"rodhinbar,head,19.4,-479.6,-10,0,6,1,1,0","rodhinbar,neck,12.4,-438.8,-16,0,9,1,1,0","rodhinbar,body,-4.4,-334.8,-6.5,0,6,1,1,0","rodhinbar,arm_up,-4.6,-400.8,85,0,5,1,1,0","rodhinbar,arm_low,81.6,-389.2,91,0,4,1,1,0","rodhinbar,fist,134.8,-376,60,1,5,1,1,0","rodhinbar,arm_up,40.4,-358,26.8,1,21,1,1,0","rodhinbar,arm_low,73.6,-280.8,19.3,1,16,1,1,0","rodhinbar,fist,93.2,-218,34.7,1,18,1,1,0","rodhinbar,leg_up,-55,-186.4,-26.2,0,8,1,1,0","rodhinbar,leg_low,-97,-76.4,-14,0,10,1,1,0","rodhinbar,foot,-86.8,-13.4,-7.1,0,13,1,1,0","rodhinbar,leg_up,40,-194.4,20.7,0,12,1,1,0","rodhinbar,leg_low,54,-75.4,0,0,13,1,1,0","rodhinbar,foot,74.2,-16.4,-2,0,15,1,1,0","rodhinbar,sword_base,52.8,-312,-51,0,14,1,1,0","rodhinbar,bow_base,92.4,-248.4,111,0,19,1,1,0","rodhinbar,turban,-29.2,-463.2,-15,0,4,1,1,0",,,,,,,,,"rodhinbar,quiver,-18.4,-241.6,-67,0,15,1,1,0",,,,,,,,,,,,,,,,,,,,,,,,,,,,,,,,,,,,,,,,,,,,,,,,,,,,,,,,,,,,,,,,,,,,,,,,,,,,,,,,,,,,,,,,,,stoppable,,
strong1/14,"rodhinbar,head,19,-477.4,-7,0,6,1,1,0","rodhinbar,neck,8,-430.4,-5,0,9,1,1,0","rodhinbar,body,-8.8,-334.4,-8.5,0,6,1,1,0","rodhinbar,arm_up,-47,-348.4,11,0,5,1,1,0","rodhinbar,arm_low,0.2,-310.4,98.2,0,4,1,1,0","rodhinbar,fist,75.2,-326,95.8,0,5,1,1,0","rodhinbar,arm_up,46,-339.6,6,1,18,1,1,0","rodhinbar,arm_low,68,-281.6,17.3,1,25,1,1,0","rodhinbar,fist,87.2,-218.4,35.7,1,26,1,1,0","rodhinbar,leg_up,-55,-186.4,-23.2,0,8,1,1,0","rodhinbar,leg_low,-97,-76.4,-16,0,10,1,1,0","rodhinbar,foot,-86.8,-13.4,-4.1,0,13,1,1,0","rodhinbar,leg_up,36,-194.4,22.7,0,12,1,1,0","rodhinbar,leg_low,50,-75.4,-1,0,13,1,1,0","rodhinbar,foot,78.2,-16.4,-1,0,15,1,1,0","rodhinbar,sword_base,-9.6,-263.2,-53,0,14,1,1,0","rodhinbar,bow_base,83.6,-252.4,112,0,27,1,1,0","rodhinbar,turban,-25.6,-458.8,-12,0,4,1,1,0",,,,,,,,,"rodhinbar,quiver,-2.8,-237.2,-65,0,24,1,1,0",,,,,,,,,,,,,,,,,,,,,,,,,,,,,,,,,,,,,,,,,,,,,,,,,,,,,,,,,,,,,,,,,,,,,,,,,,,,,,,,,,,,,,,,,,"play_time_mod_0.5,stoppable",,
strong2/0,"rodhinbar,head,41.8,-459.4,-5,0,6,1,1,0","rodhinbar,neck,28.8,-414.4,-11,0,9,1,1,0","rodhinbar,body,8,-320.4,-9.5,0,6,1,1,0","rodhinbar,arm_up,-58.2,-342.4,-26,0,5,1,1,0","rodhinbar,arm_low,-76.8,-265.6,5,0,4,1,1,0","rodhinbar,fist,-66,-192.4,-1,0,6,1,1,0","rodhinbar,arm_up,66.8,-325.6,1.8,1,21,1,1,0","rodhinbar,arm_low,78,-258.4,6.3,1,16,1,1,0","rodhinbar,fist,85.6,-199.6,27.7,1,18,1,1,0","rodhinbar,leg_up,-53,-180.4,-25.2,0,8,1,1,0","rodhinbar,leg_low,-119,-80.4,-35,0,10,1,1,0","rodhinbar,foot,-126.8,-23.4,-26.1,0,13,1,1,0","rodhinbar,leg_up,64,-182.4,40.7,0,12,1,1,0","rodhinbar,leg_low,86,-73.4,-4,0,13,1,1,0","rodhinbar,foot,108.2,-14.4,-5,0,15,1,1,0","rodhinbar,sword_base,28.4,-201.6,94,1,7,1,1,0","rodhinbar,bow_base,90.8,-234,104,0,19,1,1,0","rodhinbar,turban_speed1,-10.8,-430.8,82,0,4,1,1,0",,,,,,,,,"rodhinbar,quiver,-4,-235.2,-79,0,15,1,1,0",,,,,,,,,,,,,,,,,,,,,,,,,,,,,,,,,,,,,,,,,,,,,,,,,,,,,,,,,,,,,,,,,,,,,,,,,,,,,,,,,,,,,,,,,,,,
strong2/1,"rodhinbar,head,63.8,-445.4,-11,0,6,1,1,0","rodhinbar,neck,48.8,-414.4,-16,0,9,1,1,0","rodhinbar,body,18,-310.4,-16.5,0,6,1,1,0","rodhinbar,arm_up,-34.2,-336.4,-21,0,5,1,1,0","rodhinbar,arm_low,-38.8,-257.6,24,0,3,1,1,0","rodhinbar,fist,-16,-196.4,-1,0,5,1,1,0","rodhinbar,arm_up,66.8,-325.6,1.8,1,21,1,1,0","rodhinbar,arm_low,82,-258.4,20.3,1,16,1,1,0","rodhinbar,fist,93.6,-199.6,14,1,18,1,1,0","rodhinbar,leg_up,-53,-180.4,-37.2,0,8,1,1,0","rodhinbar,leg_low,-129,-80.4,-35,0,10,1,1,0","rodhinbar,foot,-140.8,-23.4,-32.1,0,13,1,1,0","rodhinbar,leg_up,60,-182.4,50.7,0,12,1,1,0","rodhinbar,leg_low,96,-73.4,0,0,13,1,1,0","rodhinbar,foot,126.2,-14.4,-3,0,15,1,1,0","rodhinbar,sword_stab,128.4,-207.6,92,1,6,1,1,1","rodhinbar,bow_base,90.8,-234,101,0,19,1,1,0","rodhinbar,turban_speed2,-18.8,-450.8,26,0,4,1,1,0",,,,,,,,,"rodhinbar,quiver,-4,-235.2,-83,0,15,1,1,0",,,,,,,,,,,,,,,,,,,,,,,,,,,,,,,,,,,,,,,,,,,,,,,,,,,,,,,,,,,,,,,,,,,,,,,,,,,,,,,,,,,,,,,,,,play_time_mod_0.2,,
strong2/2,"rodhinbar,head,75.8,-445.4,-7,0,6,1,1,0","rodhinbar,neck,58.8,-408.4,-14,0,9,1,1,0","rodhinbar,body,26,-310.4,-13.5,0,6,1,1,0","rodhinbar,arm_up,-0.2,-334.4,14,0,5,1,1,0","rodhinbar,arm_low,21.2,-261.6,24,0,3,1,1,0","rodhinbar,fist,44,-200.4,-1,0,5,1,1,0","rodhinbar,arm_up,66.8,-325.6,1.8,1,21,1,1,0",,"rodhinbar,fist,93.6,-199.6,14,1,18,1,1,0","rodhinbar,leg_up,-53,-180.4,-40.2,0,8,1,1,0","rodhinbar,leg_low,-129,-86.4,-40,0,10,1,1,0","rodhinbar,foot,-148.8,-25.4,-43.1,0,13,1,1,0","rodhinbar,leg_up,60,-182.4,50.7,0,12,1,1,0","rodhinbar,leg_low,96,-73.4,6,0,13,1,1,0","rodhinbar,foot,130.2,-14.4,-3,0,15,1,1,0","rodhinbar,sword_stab,188.4,-211.6,92,1,6,1,1,1","rodhinbar,bow_base,90.8,-234,101,0,19,1,1,0","rodhinbar,turban_speed1,-6.8,-456.8,10,0,4,1,1,0",,,,,,,,,"rodhinbar,quiver,8,-235.2,-83,0,15,1,1,0",,,,,,,,,,,,,,,,,,,,,,,,,,,,,,,,,,,,,,,,,,,,,,,,,,,,,,,,,,,,,,,,,,,,,,,,,,,,,,,,,,,,,,,,,,play_time_mod_0.2,,"pierce,1000,1"
strong2/3,"rodhinbar,head,95.8,-443.4,-14,0,6,1,1,0","rodhinbar,neck,78.8,-406.4,-14,0,9,1,1,0","rodhinbar,body,32,-310.4,-20.5,0,6,1,1,0","rodhinbar,arm_up,33.8,-346.4,41,0,5,1,1,0","rodhinbar,arm_low,77.2,-275.6,33,0,3,1,1,0","rodhinbar,fist,112,-214.4,1,0,5,1,1,0","rodhinbar,arm_up,66.8,-325.6,1.8,1,21,1,1,0",,"rodhinbar,fist,93.6,-199.6,14,1,18,1,1,0","rodhinbar,leg_up,-53,-180.4,-40.2,0,8,1,1,0","rodhinbar,leg_low,-129,-86.4,-40,0,10,1,1,0","rodhinbar,foot,-148.8,-25.4,-43.1,0,13,1,1,0","rodhinbar,leg_up,60,-182.4,50.7,0,12,1,1,0","rodhinbar,leg_low,96,-73.4,6,0,13,1,1,0","rodhinbar,foot,130.2,-14.4,-3,0,15,1,1,0","rodhinbar,sword_stab,256.4,-231.6,94,1,6,1,1,1","rodhinbar,bow_base,90.8,-234,99,0,19,1,1,0","rodhinbar,turban_speed2,19.2,-456.8,8,0,4,1,1,0",,,,,,,,,"rodhinbar,quiver,-4,-235.2,-86,0,15,1,1,0",,,,,,,,,,,,,,,,,,,,,,,,,,,,,,,,,,,,,,,,,,,,,,,,,,,,,,,,,,,,,,,,,,,,,,,,,,,,,,,,,,,,,,,,,,play_time_mod_0.2,,
strong2/4,"rodhinbar,head,105.8,-437.4,-14,0,6,1,1,0","rodhinbar,neck,88.8,-400.4,-14,0,9,1,1,0","rodhinbar,body,38,-306.4,-23.5,0,6,1,1,0","rodhinbar,arm_up,53.8,-350.4,49,0,5,1,1,0","rodhinbar,arm_low,123.2,-285.6,51,0,3,1,1,0","rodhinbar,fist,170,-242.4,2,0,5,1,1,0","rodhinbar,arm_up,66.8,-325.6,1.8,1,21,1,1,0","rodhinbar,arm_low,82,-258.4,19.3,1,16,1,1,0","rodhinbar,fist,93.6,-199.6,14,1,18,1,1,0","rodhinbar,leg_up,-47,-180.4,-33.2,0,8,1,1,0","rodhinbar,leg_low,-123,-86.4,-43,0,10,1,1,0","rodhinbar,foot,-148.8,-25.4,-56.1,0,13,1,1,0","rodhinbar,leg_up,72,-180.4,46.7,0,12,1,1,0","rodhinbar,leg_low,104,-75.4,1,0,13,1,1,0","rodhinbar,foot,130.2,-14.4,-3,0,15,1,1,0","rodhinbar,sword_stab,314.4,-257.6,95,1,6,1,1,1","rodhinbar,bow_base,90.8,-238,101,0,19,1,1,0","rodhinbar,turban_speed1,29.2,-450.8,8,0,4,1,1,0",,,,,,,,,"rodhinbar,quiver,6,-231.2,-84,0,15,1,1,0",,,,,,,,,,,,,,,,,,,,,,,,,,,,,,,,,,,,,,,,,,,,,,,,,,,,,,,,,,,,,,,,,,,,,,,,,,,,,,,,,,,,,,,,,,,,
strong2/5,"rodhinbar,head,101.8,-437.4,-11,0,6,1,1,0","rodhinbar,neck,88.8,-400.4,-14,0,9,1,1,0","rodhinbar,body,38,-306.4,-23.5,0,6,1,1,0","rodhinbar,arm_up,57.8,-350.4,49,0,5,1,1,0","rodhinbar,arm_low,127.2,-285.6,51,0,3,1,1,0","rodhinbar,fist,174,-242.4,9,0,5,1,1,0","rodhinbar,arm_up,66.8,-325.6,1.8,1,21,1,1,0","rodhinbar,arm_low,82,-258.4,23.3,1,16,1,1,0","rodhinbar,fist,93.6,-199.6,11,1,18,1,1,0","rodhinbar,leg_up,-47,-180.4,-30.2,0,8,1,1,0","rodhinbar,leg_low,-123,-86.4,-43,0,10,1,1,0","rodhinbar,foot,-148.8,-25.4,-56.1,0,13,1,1,0","rodhinbar,leg_up,72,-180.4,46.7,0,12,1,1,0","rodhinbar,leg_low,104,-75.4,1,0,13,1,1,0","rodhinbar,foot,130.2,-14.4,-3,0,15,1,1,0","rodhinbar,sword_base,276.4,-251.6,95,1,6,1,1,1","rodhinbar,bow_base,90.8,-238,103,0,19,1,1,0","rodhinbar,turban_speed2,25.2,-450.8,11,0,4,1,1,0",,,,,,,,,"rodhinbar,quiver,2,-231.2,-85,0,15,1,1,0",,,,,,,,,,,,,,,,,,,,,,,,,,,,,,,,,,,,,,,,,,,,,,,,,,,,,,,,,,,,,,,,,,,,,,,,,,,,,,,,,,,,,,,,,,"play_time_mod_1.5,stoppable",,
strong2/6,"rodhinbar,head,119.8,-425.4,-16,0,6,1,1,0","rodhinbar,neck,100.8,-394.4,-24,0,9,1,1,0","rodhinbar,body,42,-300.4,-28.5,0,6,1,1,0","rodhinbar,arm_up,67.8,-350.4,52,0,5,1,1,0","rodhinbar,arm_low,135.2,-289.6,51,0,3,1,1,0","rodhinbar,fist,182,-246.4,9,0,5,1,1,0","rodhinbar,arm_up,66.8,-325.6,1.8,1,21,1,1,0","rodhinbar,arm_low,82,-248.4,23.3,1,16,1,1,0","rodhinbar,fist,93.6,-189.6,11,1,18,1,1,0","rodhinbar,leg_up,-41,-186.4,-28.2,0,8,1,1,0","rodhinbar,leg_low,-109,-92.4,-41,0,10,1,1,0","rodhinbar,foot,-128.8,-27.4,-59.1,0,13,1,1,0","rodhinbar,leg_up,72,-180.4,41.7,0,12,1,1,0","rodhinbar,leg_low,104,-71.4,3,0,13,1,1,0","rodhinbar,foot,130.2,-14.4,-3,0,15,1,1,0","rodhinbar,sword_base,284.4,-255.6,95,1,6,1,1,1","rodhinbar,bow_base,90.8,-228,103,0,19,1,1,0","rodhinbar,turban_speed1,43.2,-436.8,11,0,4,1,1,0",,,,,,,,,"rodhinbar,quiver,8,-227.2,-85,0,15,1,1,0",,,,,,,,,,,,,,,,,,,,,,,,,,,,,,,,,,,,,,,,,,,,,,,,,,,,,,,,,,,,,,,,,,,,,,,,,,,,,,,,,,,,,,,,,,stoppable,,
strong2/7,"rodhinbar,head,61.8,-441.4,-6,0,6,1,1,0","rodhinbar,neck,48.8,-404.4,-9,0,9,1,1,0","rodhinbar,body,18,-306.4,-14.5,0,6,1,1,0","rodhinbar,arm_up,23.8,-344.4,41,0,5,1,1,0","rodhinbar,arm_low,87.2,-279.6,58,0,3,1,1,0","rodhinbar,fist,140,-246.4,27,0,5,1,1,0","rodhinbar,arm_up,60.8,-313.6,-17.2,1,21,1,1,0","rodhinbar,arm_low,68,-258.4,23.3,1,16,1,1,0","rodhinbar,fist,79.6,-199.6,11,1,18,1,1,0","rodhinbar,leg_up,-37,-184.4,-31.2,0,8,1,1,0","rodhinbar,leg_low,-105,-82.4,-33,0,10,1,1,0","rodhinbar,foot,-116.8,-15.4,-42.1,0,13,1,1,0","rodhinbar,leg_up,64,-180.4,36.7,0,12,1,1,0","rodhinbar,leg_low,90,-75.4,1,0,13,1,1,0","rodhinbar,foot,110.2,-14.4,-3,0,15,1,1,0","rodhinbar,sword_base,232.4,-291.6,116,1,6,1,1,0","rodhinbar,bow_base,76.8,-238,103,0,19,1,1,0","rodhinbar,turban_speed1,-12.8,-430.8,37,0,4,1,1,0",,,,,,,,,"rodhinbar,quiver,2,-231.2,-78,0,15,1,1,0",,,,,,,,,,,,,,,,,,,,,,,,,,,,,,,,,,,,,,,,,,,,,,,,,,,,,,,,,,,,,,,,,,,,,,,,,,,,,,,,,,,,,,,,,,stoppable,,
strong2/8,"rodhinbar,head,51.8,-451.4,-3,0,6,1,1,0","rodhinbar,neck,38.8,-412.4,-9,0,9,1,1,0","rodhinbar,body,16,-310.4,-10.5,0,6,1,1,0","rodhinbar,arm_up,7.8,-346.4,47,0,5,1,1,0","rodhinbar,arm_low,87.2,-289.6,71,0,3,1,1,0","rodhinbar,fist,150,-264.4,38,0,5,1,1,0","rodhinbar,arm_up,66.8,-329.6,1.8,1,21,1,1,0","rodhinbar,arm_low,82,-258.4,31.3,1,16,1,1,0","rodhinbar,fist,93.6,-203.6,11,1,18,1,1,0","rodhinbar,leg_up,-31,-184.4,-25.2,0,8,1,1,0","rodhinbar,leg_low,-89,-82.4,-27,0,10,1,1,0","rodhinbar,foot,-94.8,-15.4,-27.1,0,13,1,1,0","rodhinbar,leg_up,64,-180.4,36.7,0,12,1,1,0","rodhinbar,leg_low,90,-75.4,1,0,13,1,1,0","rodhinbar,foot,110.2,-14.4,-3,0,15,1,1,0","rodhinbar,sword_base,208.4,-345.6,149,1,6,1,1,0","rodhinbar,bow_base,90.8,-242,103,0,19,1,1,0","rodhinbar,turban,0.4,-434.4,-16,0,4,1,1,0",,,,,,,,,"rodhinbar,quiver,2,-235.2,-78,0,15,1,1,0",,,,,,,,,,,,,,,,,,,,,,,,,,,,,,,,,,,,,,,,,,,,,,,,,,,,,,,,,,,,,,,,,,,,,,,,,,,,,,,,,,,,,,,,,,stoppable,,
strong2/9,"rodhinbar,head,33.8,-469.4,-5,0,6,1,1,0","rodhinbar,neck,24.8,-426.4,-8,0,9,1,1,0","rodhinbar,body,4,-326.4,-5.5,0,6,1,1,0","rodhinbar,arm_up,-2.2,-366.4,52,0,5,1,1,0","rodhinbar,arm_low,77.2,-329.6,90,0,3,1,1,0","rodhinbar,fist,140,-326.4,68,0,5,1,1,0","rodhinbar,arm_up,58.8,-325.6,1.8,1,21,1,1,0","rodhinbar,arm_low,68,-258.4,14.3,1,16,1,1,0","rodhinbar,fist,77.6,-199.6,27.7,1,18,1,1,0","rodhinbar,leg_up,-41,-190.4,-26.2,0,8,1,1,0","rodhinbar,leg_low,-95,-88.4,-23,0,10,1,1,0","rodhinbar,foot,-92.8,-23.4,-23.1,0,13,1,1,0","rodhinbar,leg_up,54,-190.4,26.7,0,12,1,1,0","rodhinbar,leg_low,72,-81.4,-1,0,13,1,1,0","rodhinbar,foot,94.2,-18.4,-11,0,15,1,1,0","rodhinbar,sword_base,178.4,-413.6,162,1,6,1,1,0","rodhinbar,bow_base,82.8,-234,104,0,19,1,1,0","rodhinbar,turban,-16.8,-452.8,-10,0,4,1,1,0",,,,,,,,,"rodhinbar,quiver,-4,-235.2,-79,0,15,1,1,0",,,,,,,,,,,,,,,,,,,,,,,,,,,,,,,,,,,,,,,,,,,,,,,,,,,,,,,,,,,,,,,,,,,,,,,,,,,,,,,,,,,,,,,,,,"stoppable,play_time_mod_0.5",,
strong2/10,"rodhinbar,head,13.4,-483.6,-6,0,6,1,1,0","rodhinbar,neck,6.4,-442.8,-10,0,9,1,1,0","rodhinbar,body,-6.4,-334.8,-7.5,0,6,1,1,0","rodhinbar,arm_up,-6.6,-402.8,100,0,5,1,1,0","rodhinbar,arm_low,95.6,-409.2,102,0,4,1,1,0","rodhinbar,fist,158.8,-416,79,1,5,1,1,0","rodhinbar,arm_up,40.4,-358,26.8,1,21,1,1,0","rodhinbar,arm_low,73.6,-280.8,19.3,1,16,1,1,0","rodhinbar,fist,93.2,-218,34.7,1,18,1,1,0","rodhinbar,leg_up,-55,-186.4,-26.2,0,8,1,1,0","rodhinbar,leg_low,-97,-76.4,-14,0,10,1,1,0","rodhinbar,foot,-86.8,-13.4,-7.1,0,13,1,1,0","rodhinbar,leg_up,40,-194.4,25.7,0,12,1,1,0","rodhinbar,leg_low,50,-75.4,-4,0,13,1,1,0","rodhinbar,foot,74.2,-16.4,-4,0,15,1,1,0","rodhinbar,sword_base,86.8,-338,-49,0,14,1,1,0","rodhinbar,bow_base,92.4,-248.4,111,0,19,1,1,0","rodhinbar,turban,-29.2,-463.2,-3,0,4,1,1,0",,,,,,,,,"rodhinbar,quiver,-18.4,-241.6,-67,0,15,1,1,0",,,,,,,,,,,,,,,,,,,,,,,,,,,,,,,,,,,,,,,,,,,,,,,,,,,,,,,,,,,,,,,,,,,,,,,,,,,,,,,,,,,,,,,,,,stoppable,,"sword_sheathe,500,5"
strong2/11,"rodhinbar,head,19.4,-479.6,-10,0,6,1,1,0","rodhinbar,neck,12.4,-438.8,-16,0,9,1,1,0","rodhinbar,body,-4.4,-334.8,-6.5,0,6,1,1,0","rodhinbar,arm_up,-4.6,-400.8,85,0,5,1,1,0","rodhinbar,arm_low,81.6,-389.2,91,0,4,1,1,0","rodhinbar,fist,134.8,-376,60,1,5,1,1,0","rodhinbar,arm_up,40.4,-358,26.8,1,21,1,1,0","rodhinbar,arm_low,73.6,-280.8,19.3,1,16,1,1,0","rodhinbar,fist,93.2,-218,34.7,1,18,1,1,0","rodhinbar,leg_up,-55,-186.4,-26.2,0,8,1,1,0","rodhinbar,leg_low,-97,-76.4,-14,0,10,1,1,0","rodhinbar,foot,-86.8,-13.4,-7.1,0,13,1,1,0","rodhinbar,leg_up,40,-194.4,20.7,0,12,1,1,0","rodhinbar,leg_low,54,-75.4,0,0,13,1,1,0","rodhinbar,foot,74.2,-16.4,-2,0,15,1,1,0","rodhinbar,sword_base,52.8,-312,-51,0,14,1,1,0","rodhinbar,bow_base,92.4,-248.4,111,0,19,1,1,0","rodhinbar,turban,-25.2,-465.2,-10,0,4,1,1,0",,,,,,,,,"rodhinbar,quiver,-18.4,-241.6,-67,0,15,1,1,0",,,,,,,,,,,,,,,,,,,,,,,,,,,,,,,,,,,,,,,,,,,,,,,,,,,,,,,,,,,,,,,,,,,,,,,,,,,,,,,,,,,,,,,,,,stoppable,,
strong2/12,"rodhinbar,head,19,-477.4,-7,0,6,1,1,0","rodhinbar,neck,8,-430.4,-5,0,9,1,1,0","rodhinbar,body,-8.8,-334.4,-8.5,0,6,1,1,0","rodhinbar,arm_up,-47,-348.4,11,0,5,1,1,0","rodhinbar,arm_low,0.2,-310.4,98.2,0,4,1,1,0","rodhinbar,fist,75.2,-326,95.8,0,5,1,1,0","rodhinbar,arm_up,46,-339.6,6,1,18,1,1,0","rodhinbar,arm_low,68,-281.6,17.3,1,25,1,1,0","rodhinbar,fist,87.2,-218.4,35.7,1,26,1,1,0","rodhinbar,leg_up,-55,-186.4,-23.2,0,8,1,1,0","rodhinbar,leg_low,-97,-76.4,-16,0,10,1,1,0","rodhinbar,foot,-86.8,-13.4,-4.1,0,13,1,1,0","rodhinbar,leg_up,36,-194.4,22.7,0,12,1,1,0","rodhinbar,leg_low,50,-75.4,-1,0,13,1,1,0","rodhinbar,foot,78.2,-16.4,-1,0,15,1,1,0","rodhinbar,sword_base,-9.6,-263.2,-53,0,14,1,1,0","rodhinbar,bow_base,83.6,-252.4,112,0,27,1,1,0","rodhinbar,turban,-29.6,-462.8,-12,0,4,1,1,0",,,,,,,,,"rodhinbar,quiver,-2.8,-237.2,-65,0,24,1,1,0",,,,,,,,,,,,,,,,,,,,,,,,,,,,,,,,,,,,,,,,,,,,,,,,,,,,,,,,,,,,,,,,,,,,,,,,,,,,,,,,,,,,,,,,,,"play_time_mod_0.5,stoppable",,
strong3/0,"rodhinbar,head,33.8,-469.4,-5,0,6,1,1,0","rodhinbar,neck,24.8,-426.4,-8,0,9,1,1,0","rodhinbar,body,4,-326.4,-5.5,0,6,1,1,0","rodhinbar,arm_up,-2.2,-366.4,52,0,5,1,1,0","rodhinbar,arm_low,77.2,-329.6,90,0,3,1,1,0","rodhinbar,fist,140,-326.4,68,0,5,1,1,0","rodhinbar,arm_up,58.8,-325.6,1.8,1,21,1,1,0","rodhinbar,arm_low,68,-258.4,14.3,1,16,1,1,0","rodhinbar,fist,77.6,-199.6,27.7,1,18,1,1,0","rodhinbar,leg_up,-41,-190.4,-26.2,0,8,1,1,0","rodhinbar,leg_low,-95,-88.4,-23,0,10,1,1,0","rodhinbar,foot,-92.8,-23.4,-23.1,0,13,1,1,0","rodhinbar,leg_up,54,-190.4,26.7,0,12,1,1,0","rodhinbar,leg_low,72,-81.4,-1,0,13,1,1,0","rodhinbar,foot,94.2,-18.4,-11,0,15,1,1,0","rodhinbar,sword_base,178.4,-413.6,162,1,6,1,1,0","rodhinbar,bow_base,82.8,-234,104,0,19,1,1,0","rodhinbar,turban,-16.8,-452.8,-10,0,4,1,1,0",,,,,,,,,"rodhinbar,quiver,-4,-235.2,-79,0,15,1,1,0",,,,,,,,,,,,,,,,,,,,,,,,,,,,,,,,,,,,,,,,,,,,,,,,,,,,,,,,,,,,,,,,,,,,,,,,,,,,,,,,,,,,,,,,,,play_time_mod_1.2,,
strong3/1,"rodhinbar,head,17.8,-469.4,2,0,6,1,1,0","rodhinbar,neck,2.8,-426.4,0,0,9,1,1,0","rodhinbar,body,-2,-326.4,1.5,0,6,1,1,0","rodhinbar,arm_up,-2.2,-378.4,73,0,5,1,1,0","rodhinbar,arm_low,77.2,-381.6,116,0,3,1,1,0","rodhinbar,fist,141.6,-415.6,108,0,5,1,1,0","rodhinbar,arm_up,54.8,-331.6,16.8,1,21,1,1,0","rodhinbar,arm_low,80,-262.4,17.3,1,16,1,1,0","rodhinbar,fist,89.6,-203.6,30.7,1,18,1,1,0","rodhinbar,leg_up,-41,-190.4,-26.2,0,8,1,1,0","rodhinbar,leg_low,-95,-88.4,-23,0,10,1,1,0","rodhinbar,foot,-92.8,-23.4,-23.1,0,13,1,1,0","rodhinbar,leg_up,54,-190.4,26.7,0,12,1,1,0","rodhinbar,leg_low,72,-81.4,-1,0,13,1,1,0","rodhinbar,foot,94.2,-18.4,-11,0,15,1,1,0","rodhinbar,sword_base,106.4,-502.8,-155,1,6,1,1,0","rodhinbar,bow_base,94.8,-238,114,0,19,1,1,0","rodhinbar,turban,-30.8,-448.8,-3,0,4,1,1,0",,,,,,,,,"rodhinbar,quiver,-4,-235.2,-71,0,15,1,1,0",,,,,,,,,,,,,,,,,,,,,,,,,,,,,,,,,,,,,,,,,,,,,,,,,,,,,,,,,,,,,,,,,,,,,,,,,,,,,,,,,,,,,,,,,,play_time_mod_0.5,,
strong3/2,"rodhinbar,head,13.8,-473.4,5,0,6,1,1,0","rodhinbar,neck,2.8,-426.4,0,0,9,1,1,0","rodhinbar,body,-2,-326.4,1.5,0,6,1,1,0","rodhinbar,arm_up,-8.2,-384.4,85,0,5,1,1,0","rodhinbar,arm_low,77.2,-403.6,123,0,3,1,1,0","rodhinbar,fist,133.6,-445.6,112,0,5,1,1,0","rodhinbar,arm_up,46.8,-331.6,2.8,1,21,1,1,0","rodhinbar,arm_low,70,-262.4,22.3,1,16,1,1,0","rodhinbar,fist,89.6,-203.6,33.7,1,18,1,1,0","rodhinbar,leg_up,-41,-190.4,-26.2,0,8,1,1,0","rodhinbar,leg_low,-95,-88.4,-23,0,10,1,1,0","rodhinbar,foot,-92.8,-23.4,-23.1,0,13,1,1,0","rodhinbar,leg_up,60,-190.4,32.7,0,12,1,1,0","rodhinbar,leg_low,88,-75.4,5,0,13,1,1,0","rodhinbar,foot,112.2,-16.4,-4,0,15,1,1,0","rodhinbar,sword_base,98.4,-532.8,-151,1,6,1,1,0","rodhinbar,bow_base,84.8,-238,118,0,19,1,1,0","rodhinbar,turban,-30.8,-448.8,3,0,4,1,1,0",,,,,,,,,"rodhinbar,quiver,-4,-235.2,-69,0,15,1,1,0",,,,,,,,,,,,,,,,,,,,,,,,,,,,,,,,,,,,,,,,,,,,,,,,,,,,,,,,,,,,,,,,,,,,,,,,,,,,,,,,,,,,,,,,,,,,
strong3/3,"rodhinbar,head,67.8,-445.4,-16,0,6,1,1,0","rodhinbar,neck,48.8,-414.4,-16,0,9,1,1,0","rodhinbar,body,18,-310.4,-16.5,0,6,1,1,0","rodhinbar,arm_up,21.8,-350.4,50,0,5,1,1,0","rodhinbar,arm_low,96.8,-297.2,69,0,3,1,1,0","rodhinbar,fist,156.4,-259.2,21,0,5,1,1,0","rodhinbar,arm_up,78.8,-309.6,1.8,1,21,1,1,0","rodhinbar,arm_low,94,-244.4,15.3,1,16,1,1,0","rodhinbar,fist,105.6,-183.6,14,1,18,1,1,0","rodhinbar,leg_up,-53,-180.4,-37.2,0,8,1,1,0","rodhinbar,leg_low,-129,-80.4,-35,0,10,1,1,0","rodhinbar,foot,-140.8,-23.4,-32.1,0,13,1,1,0","rodhinbar,leg_up,60,-182.4,50.7,0,12,1,1,0","rodhinbar,leg_low,96,-73.4,0,0,13,1,1,0","rodhinbar,foot,126.2,-14.4,-3,0,15,1,1,0","rodhinbar,sword_swing,237.6,-337.2,113,1,6,1.1,1.1,1","rodhinbar,bow_base,102.8,-218,101,0,19,1,1,0","rodhinbar,turban_speed2,-18.8,-454.8,22,0,4,1,1,0",,,,,,,,,"rodhinbar,quiver,-4,-235.2,-83,0,15,1,1,0",,,,,,,,,,,,,,,,,,,,,,,,,,,,,,,,,,,,,,,,,,,,,,,,,,,,,,,,,,,,,,,,,,,,,,,,,,,,,,,,,,,,,,,,,,play_time_mod_0.5,,"swing_flat_small,1000,1"
strong3/4,"rodhinbar,head,91.8,-427.4,-16,0,6,1,1,0","rodhinbar,neck,68.8,-392.4,-21,0,9,1,1,0","rodhinbar,body,26,-298.4,-22.5,0,6,1,1,0","rodhinbar,arm_up,33.8,-338.4,36,0,5,1,1,0","rodhinbar,arm_low,80.8,-269.2,45,0,3,1,1,0","rodhinbar,fist,118.8,-218,13,0,5,1,1,0","rodhinbar,arm_up,92.8,-291.6,1.8,1,21,1,1,0","rodhinbar,arm_low,108,-222.4,15,1,17,1,1,0","rodhinbar,fist,119.6,-165.6,14,1,18,1,1,0","rodhinbar,leg_up,-53,-180.4,-40.2,0,8,1,1,0","rodhinbar,leg_low,-129,-86.4,-40,0,10,1,1,0","rodhinbar,foot,-148.8,-25.4,-43.1,0,13,1,1,0","rodhinbar,leg_up,60,-176.4,44.7,0,12,1,1,0","rodhinbar,leg_low,96,-73.4,6,0,13,1,1,0","rodhinbar,foot,130.2,-14.4,-3,0,15,1,1,0","rodhinbar,sword_swing,231.6,-254.4,92,1,6,1.1,1.1,1","rodhinbar,bow_base,116.8,-200,101,0,19,1,1,0","rodhinbar,turban_speed1,11.2,-444.8,4,0,4,1,1,0",,,,,,,,,"rodhinbar,quiver,-4,-223.2,-79,0,15,1,1,0",,,,,,,,,,,,,,,,,,,,,,,,,,,,,,,,,,,,,,,,,,,,,,,,,,,,,,,,,,,,,,,,,,,,,,,,,,,,,,,,,,,,,,,,,,play_time_mod_0.2,,
strong3/5,"rodhinbar,head,107.8,-391.4,-16,0,6,1,1,0","rodhinbar,neck,84.8,-356.4,-21,0,9,1,1,0","rodhinbar,body,24,-276.4,-31.5,0,6,1,1,0","rodhinbar,arm_up,33.8,-318.4,27,0,5,1,1,0","rodhinbar,arm_low,64.8,-233.2,21,0,3,1,1,0","rodhinbar,fist,82.8,-166,-13,0,5,1,1,0","rodhinbar,arm_up,100.8,-257.6,1.8,1,21,1,1,0","rodhinbar,arm_low,116,-186.4,11,1,16,1,1,0","rodhinbar,fist,127.6,-131.6,14,1,18,1,1,0","rodhinbar,leg_up,-53,-162.4,-36.2,0,8,1,1,0","rodhinbar,leg_low,-135,-84.4,-53,0,10,1,1,0","rodhinbar,foot,-158.8,-31.4,-50.1,0,13,1,1,0","rodhinbar,leg_up,60,-160.4,40.7,0,12,1,1,0","rodhinbar,leg_low,96,-73.4,6,0,13,1,1,0","rodhinbar,foot,130.2,-14.4,-3,0,15,1,1,0","rodhinbar,sword_swing,200.8,-154,67,1,6,1.1,1.1,1","rodhinbar,bow_base,124.8,-166,101,0,19,1,1,0","rodhinbar,turban_speed2,23.2,-410.8,4,0,4,1,1,0",,,,,,,,,"rodhinbar,quiver,-4,-223.2,-79,0,15,1,1,0",,,,,,,,,,,,,,,,,,,,,,,,,,,,,,,,,,,,,,,,,,,,,,,,,,,,,,,,,,,,,,,,,,,,,,,,,,,,,,,,,,,,,,,,,,,,
strong3/6,"rodhinbar,head,119.8,-383.4,-21,0,6,1,1,0","rodhinbar,neck,96.8,-348.4,-29,0,9,1,1,0","rodhinbar,body,30,-264.4,-34.5,0,6,1,1,0","rodhinbar,arm_up,39.8,-298.4,17,0,5,1,1,0","rodhinbar,arm_low,60.8,-213.2,16,0,3,1,1,0","rodhinbar,fist,78.8,-138,-15,0,5,1,1,0","rodhinbar,arm_up,96.8,-241.6,-2.2,1,21,1,1,0","rodhinbar,arm_low,112,-174.4,13,1,16,1,1,0","rodhinbar,fist,123.6,-115.6,10,1,18,1,1,0","rodhinbar,leg_up,-53,-162.4,-36.2,0,8,1,1,0","rodhinbar,leg_low,-135,-84.4,-53,0,10,1,1,0","rodhinbar,foot,-158.8,-31.4,-50.1,0,13,1,1,0","rodhinbar,leg_up,60,-160.4,40.7,0,12,1,1,0","rodhinbar,leg_low,96,-73.4,6,0,13,1,1,0","rodhinbar,foot,130.2,-14.4,-3,0,15,1,1,0","rodhinbar,sword_base,178.8,-76,56,1,6,1.1,1.1,1","rodhinbar,bow_base,120.8,-150,97,0,19,1,1,0","rodhinbar,turban_speed1,43.2,-404.8,5,0,4,1,1,0",,,,,,,,,"rodhinbar,quiver,0,-223.2,-82,0,15,1,1,0",,,,,,,,,,,,,,,,,,,,,,,,,,,,,,,,,,,,,,,,,,,,,,,,,,,,,,,,,,,,,,,,,,,,,,,,,,,,,,,,,,,,,,,,,,"stoppable,play_time_mod_1.5",,
strong3/7,"rodhinbar,head,123.8,-377.4,-27,0,6,1,1,0","rodhinbar,neck,96.8,-348.4,-29,0,9,1,1,0","rodhinbar,body,30,-264.4,-34.5,0,6,1,1,0","rodhinbar,arm_up,31.8,-294.4,11,0,5,1,1,0","rodhinbar,arm_low,44.8,-209.2,14,0,3,1,1,0","rodhinbar,fist,62.8,-134,-17,0,5,1,1,0","rodhinbar,arm_up,92.8,-241.6,-12.2,1,21,1,1,0","rodhinbar,arm_low,104,-170.4,15,1,16,1,1,0","rodhinbar,fist,107.6,-115.6,10,1,18,1,1,0","rodhinbar,leg_up,-53,-162.4,-36.2,0,8,1,1,0","rodhinbar,leg_low,-135,-84.4,-53,0,10,1,1,0","rodhinbar,foot,-158.8,-31.4,-50.1,0,13,1,1,0","rodhinbar,leg_up,60,-160.4,40.7,0,12,1,1,0","rodhinbar,leg_low,96,-73.4,6,0,13,1,1,0","rodhinbar,foot,130.2,-14.4,-3,0,15,1,1,0","rodhinbar,sword_base,162.8,-72,54,1,6,1.1,1.1,1","rodhinbar,bow_base,104.8,-150,97,0,19,1,1,0","rodhinbar,turban_speed1,51.2,-404.8,-2,0,4,1,1,0",,,,,,,,,"rodhinbar,quiver,4,-213.2,-84,0,15,1,1,0",,,,,,,,,,,,,,,,,,,,,,,,,,,,,,,,,,,,,,,,,,,,,,,,,,,,,,,,,,,,,,,,,,,,,,,,,,,,,,,,,,,,,,,,,,stoppable,,
strong3/8,"rodhinbar,head,51.8,-451.4,-3,0,6,1,1,0","rodhinbar,neck,38.8,-412.4,-9,0,9,1,1,0","rodhinbar,body,16,-310.4,-10.5,0,6,1,1,0","rodhinbar,arm_up,7.8,-346.4,47,0,5,1,1,0","rodhinbar,arm_low,87.2,-289.6,71,0,3,1,1,0","rodhinbar,fist,150,-264.4,38,0,5,1,1,0","rodhinbar,arm_up,66.8,-329.6,1.8,1,21,1,1,0","rodhinbar,arm_low,76,-258.4,22.3,1,16,1,1,0","rodhinbar,fist,93.6,-203.6,11,1,18,1,1,0","rodhinbar,leg_up,-31,-184.4,-25.2,0,8,1,1,0","rodhinbar,leg_low,-89,-82.4,-27,0,10,1,1,0","rodhinbar,foot,-94.8,-15.4,-27.1,0,13,1,1,0","rodhinbar,leg_up,64,-180.4,36.7,0,12,1,1,0","rodhinbar,leg_low,90,-75.4,1,0,13,1,1,0","rodhinbar,foot,110.2,-14.4,-3,0,15,1,1,0","rodhinbar,sword_base,208.4,-345.6,149,1,6,1,1,0","rodhinbar,bow_base,90.8,-242,103,0,19,1,1,0","rodhinbar,turban,0.4,-434.4,-16,0,4,1,1,0",,,,,,,,,"rodhinbar,quiver,2,-235.2,-76,0,15,1,1,0",,,,,,,,,,,,,,,,,,,,,,,,,,,,,,,,,,,,,,,,,,,,,,,,,,,,,,,,,,,,,,,,,,,,,,,,,,,,,,,,,,,,,,,,,,stoppable,,
strong3/9,"rodhinbar,head,33.8,-469.4,-5,0,6,1,1,0","rodhinbar,neck,24.8,-426.4,-8,0,9,1,1,0","rodhinbar,body,4,-326.4,-5.5,0,6,1,1,0","rodhinbar,arm_up,-2.2,-366.4,52,0,5,1,1,0","rodhinbar,arm_low,77.2,-329.6,90,0,3,1,1,0","rodhinbar,fist,140,-326.4,68,0,5,1,1,0","rodhinbar,arm_up,58.8,-325.6,1.8,1,21,1,1,0","rodhinbar,arm_low,68,-258.4,14.3,1,16,1,1,0","rodhinbar,fist,77.6,-199.6,27.7,1,18,1,1,0","rodhinbar,leg_up,-41,-190.4,-26.2,0,8,1,1,0","rodhinbar,leg_low,-95,-88.4,-23,0,10,1,1,0","rodhinbar,foot,-92.8,-23.4,-23.1,0,13,1,1,0","rodhinbar,leg_up,54,-190.4,26.7,0,12,1,1,0","rodhinbar,leg_low,72,-81.4,-1,0,13,1,1,0","rodhinbar,foot,94.2,-18.4,-11,0,15,1,1,0","rodhinbar,sword_base,178.4,-413.6,162,1,6,1,1,0","rodhinbar,bow_base,82.8,-234,104,0,19,1,1,0","rodhinbar,turban,-16.8,-452.8,-10,0,4,1,1,0",,,,,,,,,"rodhinbar,quiver,-4,-235.2,-79,0,15,1,1,0",,,,,,,,,,,,,,,,,,,,,,,,,,,,,,,,,,,,,,,,,,,,,,,,,,,,,,,,,,,,,,,,,,,,,,,,,,,,,,,,,,,,,,,,,,stoppable,,
strong3/10,"rodhinbar,head,13.4,-483.6,-6,0,6,1,1,0","rodhinbar,neck,6.4,-442.8,-10,0,9,1,1,0","rodhinbar,body,-6.4,-334.8,-7.5,0,6,1,1,0","rodhinbar,arm_up,-6.6,-402.8,100,0,5,1,1,0","rodhinbar,arm_low,95.6,-409.2,102,0,4,1,1,0","rodhinbar,fist,158.8,-416,79,1,5,1,1,0","rodhinbar,arm_up,40.4,-358,26.8,1,21,1,1,0","rodhinbar,arm_low,73.6,-280.8,19.3,1,16,1,1,0","rodhinbar,fist,93.2,-218,34.7,1,18,1,1,0","rodhinbar,leg_up,-55,-186.4,-26.2,0,8,1,1,0","rodhinbar,leg_low,-97,-76.4,-14,0,10,1,1,0","rodhinbar,foot,-86.8,-13.4,-7.1,0,13,1,1,0","rodhinbar,leg_up,40,-194.4,25.7,0,12,1,1,0","rodhinbar,leg_low,50,-75.4,-4,0,13,1,1,0","rodhinbar,foot,74.2,-16.4,-4,0,15,1,1,0","rodhinbar,sword_base,86.8,-338,-49,0,14,1,1,0","rodhinbar,bow_base,92.4,-248.4,111,0,19,1,1,0","rodhinbar,turban,-29.2,-463.2,-3,0,4,1,1,0",,,,,,,,,"rodhinbar,quiver,-18.4,-241.6,-67,0,15,1,1,0",,,,,,,,,,,,,,,,,,,,,,,,,,,,,,,,,,,,,,,,,,,,,,,,,,,,,,,,,,,,,,,,,,,,,,,,,,,,,,,,,,,,,,,,,,stoppable,,"sword_sheathe,500,5"
strong3/11,"rodhinbar,head,19.4,-479.6,-10,0,6,1,1,0","rodhinbar,neck,12.4,-438.8,-16,0,9,1,1,0","rodhinbar,body,-4.4,-334.8,-6.5,0,6,1,1,0","rodhinbar,arm_up,-4.6,-400.8,85,0,5,1,1,0","rodhinbar,arm_low,81.6,-389.2,91,0,4,1,1,0","rodhinbar,fist,134.8,-376,60,1,5,1,1,0","rodhinbar,arm_up,40.4,-358,26.8,1,21,1,1,0","rodhinbar,arm_low,73.6,-280.8,19.3,1,16,1,1,0","rodhinbar,fist,93.2,-218,34.7,1,18,1,1,0","rodhinbar,leg_up,-55,-186.4,-26.2,0,8,1,1,0","rodhinbar,leg_low,-97,-76.4,-14,0,10,1,1,0","rodhinbar,foot,-86.8,-13.4,-7.1,0,13,1,1,0","rodhinbar,leg_up,40,-194.4,20.7,0,12,1,1,0","rodhinbar,leg_low,54,-75.4,0,0,13,1,1,0","rodhinbar,foot,74.2,-16.4,-2,0,15,1,1,0","rodhinbar,sword_base,52.8,-312,-51,0,14,1,1,0","rodhinbar,bow_base,92.4,-248.4,111,0,19,1,1,0","rodhinbar,turban,-25.2,-465.2,-10,0,4,1,1,0",,,,,,,,,"rodhinbar,quiver,-18.4,-241.6,-67,0,15,1,1,0",,,,,,,,,,,,,,,,,,,,,,,,,,,,,,,,,,,,,,,,,,,,,,,,,,,,,,,,,,,,,,,,,,,,,,,,,,,,,,,,,,,,,,,,,,stoppable,,
strong3/12,"rodhinbar,head,19,-477.4,-7,0,6,1,1,0","rodhinbar,neck,8,-430.4,-5,0,9,1,1,0","rodhinbar,body,-8.8,-334.4,-8.5,0,6,1,1,0","rodhinbar,arm_up,-47,-348.4,11,0,5,1,1,0","rodhinbar,arm_low,0.2,-310.4,98.2,0,4,1,1,0","rodhinbar,fist,75.2,-326,95.8,0,5,1,1,0","rodhinbar,arm_up,46,-339.6,6,1,18,1,1,0","rodhinbar,arm_low,68,-281.6,17.3,1,25,1,1,0","rodhinbar,fist,87.2,-218.4,35.7,1,26,1,1,0","rodhinbar,leg_up,-55,-186.4,-23.2,0,8,1,1,0","rodhinbar,leg_low,-97,-76.4,-16,0,10,1,1,0","rodhinbar,foot,-86.8,-13.4,-4.1,0,13,1,1,0","rodhinbar,leg_up,36,-194.4,22.7,0,12,1,1,0","rodhinbar,leg_low,50,-75.4,-1,0,13,1,1,0","rodhinbar,foot,78.2,-16.4,-1,0,15,1,1,0","rodhinbar,sword_base,-9.6,-263.2,-53,0,14,1,1,0","rodhinbar,bow_base,83.6,-252.4,112,0,27,1,1,0","rodhinbar,turban,-29.6,-462.8,-12,0,4,1,1,0",,,,,,,,,"rodhinbar,quiver,-2.8,-237.2,-65,0,24,1,1,0",,,,,,,,,,,,,,,,,,,,,,,,,,,,,,,,,,,,,,,,,,,,,,,,,,,,,,,,,,,,,,,,,,,,,,,,,,,,,,,,,,,,,,,,,,"play_time_mod_0.5,stoppable",,
UseItem/0,"rodhinbar,head,3,-473.4,0,0,6,1,1,0","rodhinbar,neck,-4,-430.4,2,0,9,1,1,0","rodhinbar,body,-12.8,-330.4,-5.5,0,6,1,1,0","rodhinbar,arm_up,-83,-360.4,-31,0,5,1,1,0","rodhinbar,arm_low,-93.2,-284,21,0,4,1,1,0","rodhinbar,fist,-61.6,-223.6,24,0,5,1,1,0","rodhinbar,arm_up,46,-339.6,9,1,26,1,1,0","rodhinbar,arm_low,68,-281.6,21.3,1,25,1,1,0","rodhinbar,fist,87.2,-218.4,38.7,1,26,1,1,0","rodhinbar,leg_up,-55,-186.4,-23.2,0,8,1,1,0","rodhinbar,leg_low,-97,-76.4,-16,0,10,1,1,0","rodhinbar,foot,-86.8,-13.4,-4.1,0,13,1,1,0","rodhinbar,leg_up,36,-194.4,22.7,0,12,1,1,0","rodhinbar,leg_low,50,-75.4,-1,0,13,1,1,0","rodhinbar,foot,78.2,-16.4,-1,0,15,1,1,0","rodhinbar,sword_base,-7.6,-265.2,-51,0,14,1,1,0","rodhinbar,bow_base,83.6,-252.4,115,0,27,1,1,0","rodhinbar,turban,-37.6,-450.8,0,0,4,1,1,0",,,,,,,,,"rodhinbar,quiver,-2.8,-237.2,-63,0,24,1,1,0",,,,,,,,,,,,,,,,,,,,,,,,,,,,,,,,,,,,,,,,,,,,,,,,,,,,,,,,,,,,,,,,,,,,,,,,,,,,,,,,,,,,,,,,,,play_time_mod_0.8,,
UseItem/1,"rodhinbar,head,15,-473.4,-4,0,6,1,1,0","rodhinbar,neck,2,-430.4,2,0,9,1,1,0","rodhinbar,body,-8.8,-326.4,-7.5,0,6,1,1,0","rodhinbar,arm_up,-89,-360.4,-40,0,5,1,1,0","rodhinbar,arm_low,-95.2,-292,39,0,4,1,1,0","rodhinbar,fist,-43.6,-237.6,29,0,9,1,1,0","rodhinbar,arm_up,46,-339.6,9,1,26,1,1,0","rodhinbar,arm_low,68,-281.6,21.3,1,25,1,1,0","rodhinbar,fist,87.2,-214.4,35.7,1,26,1,1,0","rodhinbar,leg_up,-55,-186.4,-23.2,0,8,1,1,0","rodhinbar,leg_low,-97,-76.4,-16,0,10,1,1,0","rodhinbar,foot,-86.8,-13.4,-4.1,0,13,1,1,0","rodhinbar,leg_up,36,-194.4,22.7,0,12,1,1,0","rodhinbar,leg_low,50,-75.4,-1,0,13,1,1,0","rodhinbar,foot,78.2,-16.4,-1,0,15,1,1,0","rodhinbar,sword_base,-7.6,-265.2,-53,0,14,1,1,0","rodhinbar,bow_base,83.6,-248.4,111,0,27,1,1,0","rodhinbar,turban,-31.6,-454.8,-2,0,4,1,1,0",,,,,,,,,"rodhinbar,quiver,-2.8,-237.2,-65,0,24,1,1,0",,,,,,,,,,,,,,,,,,,,,,,,,,,,,,,,,,,,,,,,,,,,,,,,,,,,,,,,,,,,,,,,,,,,,,,,,,,,,,,,,,,,,,,,,,play_time_mod_0.5,,
UseItem/2,"rodhinbar,head,21,-473.4,-7,0,6,1,1,0","rodhinbar,neck,2,-430.4,2,0,9,1,1,0","rodhinbar,body,-8.8,-326.4,-7.5,0,6,1,1,0","rodhinbar,arm_up,-89,-362.4,-48,0,5,1,1,0","rodhinbar,arm_low,-97.2,-302,41,0,4,1,1,0","rodhinbar,fist,-35.6,-251.6,29,0,9,1,1,0","rodhinbar,arm_up,46,-335.6,3,1,26,1,1,0","rodhinbar,arm_low,72,-273.6,27.3,1,25,1,1,0","rodhinbar,fist,97.2,-214.4,35.7,1,26,1,1,0","rodhinbar,leg_up,-55,-186.4,-23.2,0,8,1,1,0","rodhinbar,leg_low,-97,-76.4,-16,0,10,1,1,0","rodhinbar,foot,-86.8,-13.4,-4.1,0,13,1,1,0","rodhinbar,leg_up,36,-194.4,22.7,0,12,1,1,0","rodhinbar,leg_low,50,-75.4,-1,0,13,1,1,0","rodhinbar,foot,78.2,-16.4,-1,0,15,1,1,0","rodhinbar,sword_base,-7.6,-265.2,-53,0,14,1,1,0","rodhinbar,bow_base,93.6,-248.4,111,0,27,1,1,0","rodhinbar,turban,-27.6,-456.8,-6,0,4,1,1,0",,,,,,,,,"rodhinbar,quiver,-2.8,-237.2,-65,0,24,1,1,0",,,,,,,,,,,,,,,,,,,,,,,,,,,,,,,,,,,,,,,,,,,,,,,,,,,,,,,,,,,,,,,,,,,,,,,,,,,,,,,,,,,,,,,,,,play_time_mod_1.2,,
UseItem/3,"rodhinbar,head,21,-473.4,-7,0,6,1,1,0","rodhinbar,neck,2,-430.4,2,0,9,1,1,0","rodhinbar,body,-8.8,-326.4,-7.5,0,6,1,1,0","rodhinbar,arm_up,-103,-370.4,-63,0,5,1,1,0","rodhinbar,arm_low,-127.2,-318,22,0,4,1,1,0","rodhinbar,fist,-100.4,-272,21,0,5,1,1,0","rodhinbar,arm_up,46,-335.6,3,1,26,1,1,0","rodhinbar,arm_low,72,-273.6,27.3,1,25,1,1,0","rodhinbar,fist,97.2,-214.4,35.7,1,26,1,1,0","rodhinbar,leg_up,-55,-186.4,-23.2,0,8,1,1,0","rodhinbar,leg_low,-97,-76.4,-16,0,10,1,1,0","rodhinbar,foot,-86.8,-13.4,-4.1,0,13,1,1,0","rodhinbar,leg_up,36,-194.4,22.7,0,12,1,1,0","rodhinbar,leg_low,50,-75.4,-1,0,13,1,1,0","rodhinbar,foot,78.2,-16.4,-1,0,15,1,1,0","rodhinbar,sword_base,-7.6,-265.2,-52,0,14,1,1,0","rodhinbar,bow_base,93.6,-248.4,111,0,27,1,1,0","rodhinbar,turban,-27.6,-456.8,-6,0,4,1,1,0",,,,,,,,,"rodhinbar,quiver,-2.8,-237.2,-64,0,24,1,1,0",,,,,,,,,,,,,,,,,,,,,,,,,,,,,,,,,,,,,,,,,,,,,,,,,,,,,,,,,,,,,,,,,,,,,,,,"item,template,-91.2,-275.6,-55,0,0,1,1,0",,,,,,,,,,,,,,,,,,,,
UseItem/4,"rodhinbar,head,5,-479.4,-2,0,6,1,1,0","rodhinbar,neck,-2,-430.4,11,0,9,1,1,0","rodhinbar,body,-18.8,-326.4,-4.5,0,6,1,1,0","rodhinbar,arm_up,-95,-356.4,-37,0,5,1,1,0","rodhinbar,arm_low,-91.2,-290,45,0,4,1,1,0","rodhinbar,fist,-32.4,-252,40,0,5,1,1,0","rodhinbar,arm_up,40,-335.6,13,1,26,1,1,0","rodhinbar,arm_low,66,-273.6,30.3,1,25,1,1,0","rodhinbar,fist,91.2,-214.4,38.7,1,26,1,1,0","rodhinbar,leg_up,-55,-186.4,-23.2,0,8,1,1,0","rodhinbar,leg_low,-97,-76.4,-16,0,10,1,1,0","rodhinbar,foot,-86.8,-13.4,-4.1,0,13,1,1,0","rodhinbar,leg_up,36,-190.4,22.7,0,12,1,1,0","rodhinbar,leg_low,50,-75.4,-1,0,13,1,1,0","rodhinbar,foot,78.2,-16.4,-1,0,15,1,1,0","rodhinbar,sword_base,-7.6,-265.2,-49,0,14,1,1,0","rodhinbar,bow_base,87.6,-248.4,114,0,27,1,1,0","rodhinbar,turban,-39.6,-458.8,3,0,4,1,1,0",,,,,,,,,"rodhinbar,quiver,-2.8,-237.2,-61,0,24,1,1,0",,,,,,,,,,,,,,,,,,,,,,,,,,,,,,,,,,,,,,,,,,,,,,,,,,,,,,,,,,,,,,,,,,,,,,,,"item,template,-8.4,-274,-60,0,0,1,1,0",,,,,,,,,,,,,,,,,,,,
UseItem/5,"rodhinbar,head,11,-475.4,-4,0,6,1,1,0","rodhinbar,neck,4,-426.4,9,0,9,1,1,0","rodhinbar,body,-14.8,-322.4,-5.5,0,6,1,1,0","rodhinbar,arm_up,-25,-352.4,38,0,5,1,1,0","rodhinbar,arm_low,25.4,-293,45,0,4,1,1,0","rodhinbar,fist,84.2,-255,40,0,5,1,1,0","rodhinbar,arm_up,36,-329.6,-1,1,26,1,1,0","rodhinbar,arm_low,52,-269.6,27.3,1,25,1,1,0","rodhinbar,fist,77.2,-206.4,34.7,1,26,1,1,0","rodhinbar,leg_up,-55,-186.4,-23.2,0,8,1,1,0","rodhinbar,leg_low,-97,-76.4,-16,0,10,1,1,0","rodhinbar,foot,-86.8,-13.4,-4.1,0,13,1,1,0","rodhinbar,leg_up,42,-190.4,26.7,0,12,1,1,0","rodhinbar,leg_low,54,-75.4,-4,0,13,1,1,0","rodhinbar,foot,78.2,-16.4,-1,0,15,1,1,0","rodhinbar,sword_base,-7.6,-265.2,-51,0,14,1,1,0","rodhinbar,bow_base,73.6,-244.4,111,0,27,1,1,0","rodhinbar,turban,-37.6,-454.8,-1,0,4,1,1,0",,,,,,,,,"rodhinbar,quiver,-2.8,-237.2,-63,0,24,1,1,0",,,,,,,,,,,,,,,,,,,,,,,,,,,,,,,,,,,,,,,,,,,,,,,,,,,,,,,,,,,,,,,,,,,,,,,,"item,template,105.6,-290.4,-27,0,0,1,1,0",,,,,,,,,,,,,,,,,,play_time_mod_0.7,,
UseItem/6,"rodhinbar,head,17,-471.4,-13,0,6,1,1,0","rodhinbar,neck,8,-422.4,6,0,9,1,1,0","rodhinbar,body,-10.8,-322.4,-9.5,0,6,1,1,0","rodhinbar,arm_up,-19,-358.4,54,0,5,1,1,0","rodhinbar,arm_low,59.4,-319,76,0,4,1,1,0","rodhinbar,fist,124,-295.2,38,0,5,1,1,0","rodhinbar,arm_up,36,-329.6,-6,1,26,1,1,0","rodhinbar,arm_low,48,-269.6,24.3,1,25,1,1,0","rodhinbar,fist,71.2,-206.4,31.7,1,26,1,1,0","rodhinbar,leg_up,-55,-186.4,-23.2,0,8,1,1,0","rodhinbar,leg_low,-97,-76.4,-16,0,10,1,1,0","rodhinbar,foot,-86.8,-13.4,-4.1,0,13,1,1,0","rodhinbar,leg_up,46,-186.4,30.7,0,12,1,1,0","rodhinbar,leg_low,58,-75.4,-6,0,13,1,1,0","rodhinbar,foot,78.2,-16.4,-1,0,15,1,1,0","rodhinbar,sword_base,-7.6,-261.2,-53,0,14,1,1,0","rodhinbar,bow_base,67.6,-244.4,108,0,27,1,1,0","rodhinbar,turban,-37.6,-460.8,-20,0,4,1,1,0",,,,,,,,,"rodhinbar,quiver,-2.8,-233.2,-65,0,24,1,1,0",,,,,,,,,,,,,,,,,,,,,,,,,,,,,,,,,,,,,,,,,,,,,,,,,,,,,,,,,,,,,,,,,,,,,,,,"item,template,219.6,-338.4,-31,0,0,1,1,0",,,,,,,,,,,,,,,,,,play_time_mod_0.3,,
UseItem/7,"rodhinbar,head,17,-471.4,-8,0,6,1,1,0","rodhinbar,neck,8,-422.4,6,0,9,1,1,0","rodhinbar,body,-10.8,-322.4,-9.5,0,6,1,1,0","rodhinbar,arm_up,-15,-366.4,63,0,5,1,1,0","rodhinbar,arm_low,67.4,-335,76,0,4,1,1,0","rodhinbar,fist,138,-311.2,44,0,5,1,1,0","rodhinbar,arm_up,36,-329.6,-6,1,26,1,1,0","rodhinbar,arm_low,48,-269.6,24.3,1,25,1,1,0","rodhinbar,fist,71.2,-206.4,31.7,1,26,1,1,0","rodhinbar,leg_up,-55,-186.4,-23.2,0,8,1,1,0","rodhinbar,leg_low,-97,-76.4,-16,0,10,1,1,0","rodhinbar,foot,-86.8,-13.4,-4.1,0,13,1,1,0","rodhinbar,leg_up,46,-186.4,30.7,0,12,1,1,0","rodhinbar,leg_low,58,-75.4,-6,0,13,1,1,0","rodhinbar,foot,78.2,-16.4,-1,0,15,1,1,0","rodhinbar,sword_base,-7.6,-261.2,-53,0,14,1,1,0","rodhinbar,bow_base,67.6,-244.4,108,0,27,1,1,0","rodhinbar,turban,-37.6,-460.8,-16,0,4,1,1,0",,,,,,,,,"rodhinbar,quiver,-2.8,-233.2,-65,0,24,1,1,0",,,,,,,,,,,,,,,,,,,,,,,,,,,,,,,,,,,,,,,,,,,,,,,,,,,,,,,,,,,,,,,,,,,,,,,,"item,template,273.6,-399.6,-35,0,0,1,1,0",,,,,,,,,,,,,,,,,,,,
UseItem/8,"rodhinbar,head,17,-471.4,-3,0,6,1,1,0","rodhinbar,neck,8,-422.4,6,0,9,1,1,0","rodhinbar,body,-10.8,-322.4,-9.5,0,6,1,1,0","rodhinbar,arm_up,-11,-372.4,72,0,5,1,1,0","rodhinbar,arm_low,79.4,-351,79,0,4,1,1,0","rodhinbar,fist,146,-331.2,40,0,5,1,1,0","rodhinbar,arm_up,36,-329.6,-9,1,26,1,1,0","rodhinbar,arm_low,44,-269.6,21.3,1,25,1,1,0","rodhinbar,fist,67.2,-206.4,28.7,1,26,1,1,0","rodhinbar,leg_up,-55,-186.4,-23.2,0,8,1,1,0","rodhinbar,leg_low,-97,-76.4,-16,0,10,1,1,0","rodhinbar,foot,-86.8,-13.4,-4.1,0,13,1,1,0","rodhinbar,leg_up,46,-186.4,30.7,0,12,1,1,0","rodhinbar,leg_low,58,-75.4,-6,0,13,1,1,0","rodhinbar,foot,78.2,-16.4,-1,0,15,1,1,0","rodhinbar,sword_base,-7.6,-261.2,-53,0,14,1,1,0","rodhinbar,bow_base,63.6,-244.4,105,0,27,1,1,0","rodhinbar,turban,-35.6,-452.8,-10,0,4,1,1,0",,,,,,,,,"rodhinbar,quiver,-2.8,-233.2,-65,0,24,1,1,0",,,,,,,,,,,,,,,,,,,,,,,,,,,,,,,,,,,,,,,,,,,,,,,,,,,,,,,,,,,,,,,,,,,,,,,,"item,template,312,-460.8,-36,0,0,1,1,0",,,,,,,,,,,,,,,,,,play_time_mod_1.5,,
UseItem/9,"rodhinbar,head,17,-471.4,2,0,6,1,1,0","rodhinbar,neck,8,-422.4,6,0,9,1,1,0","rodhinbar,body,-10.8,-322.4,-9.5,0,6,1,1,0","rodhinbar,arm_up,-7,-380.4,88,0,5,1,1,0","rodhinbar,arm_low,93.4,-371,86,0,4,1,1,0","rodhinbar,fist,160,-353.6,46,0,5,1,1,0","rodhinbar,arm_up,36,-329.6,-9,1,26,1,1,0","rodhinbar,arm_low,44,-269.6,21.3,1,25,1,1,0","rodhinbar,fist,67.2,-206.4,28.7,1,26,1,1,0","rodhinbar,leg_up,-55,-186.4,-23.2,0,8,1,1,0","rodhinbar,leg_low,-97,-76.4,-16,0,10,1,1,0","rodhinbar,foot,-86.8,-13.4,-4.1,0,13,1,1,0","rodhinbar,leg_up,46,-186.4,30.7,0,12,1,1,0","rodhinbar,leg_low,58,-75.4,-6,0,13,1,1,0","rodhinbar,foot,78.2,-16.4,-1,0,15,1,1,0","rodhinbar,sword_base,-7.6,-261.2,-53,0,14,1,1,0","rodhinbar,bow_base,63.6,-244.4,112,0,27,1,1,0","rodhinbar,turban,-35.6,-448.8,-3,0,4,1,1,0",,,,,,,,,"rodhinbar,quiver,-2.8,-233.2,-65,0,24,1,1,0",,,,,,,,,,,,,,,,,,,,,,,,,,,,,,,,,,,,,,,,,,,,,,,,,,,,,,,,,,,,,,,,,,,,,,,,"item,template,346,-496.8,-42,0,0,1,1,0",,,,,,,,,,"use_item,base,318.2,-476.4,0,0,0,1,1,0",,,,,,,,,,
UseItem/10,"rodhinbar,head,17,-471.4,-3,0,6,1,1,0","rodhinbar,neck,8,-422.4,6,0,9,1,1,0","rodhinbar,body,-10.8,-322.4,-9.5,0,6,1,1,0","rodhinbar,arm_up,-11,-372.4,72,0,5,1,1,0","rodhinbar,arm_low,79.4,-351,79,0,4,1,1,0","rodhinbar,fist,146,-331.2,40,0,5,1,1,0","rodhinbar,arm_up,36,-329.6,-9,1,26,1,1,0","rodhinbar,arm_low,44,-269.6,21.3,1,25,1,1,0","rodhinbar,fist,67.2,-206.4,28.7,1,26,1,1,0","rodhinbar,leg_up,-55,-186.4,-23.2,0,8,1,1,0","rodhinbar,leg_low,-97,-76.4,-16,0,10,1,1,0","rodhinbar,foot,-86.8,-13.4,-4.1,0,13,1,1,0","rodhinbar,leg_up,46,-186.4,30.7,0,12,1,1,0","rodhinbar,leg_low,58,-75.4,-6,0,13,1,1,0","rodhinbar,foot,78.2,-16.4,-1,0,15,1,1,0","rodhinbar,sword_base,-7.6,-261.2,-53,0,14,1,1,0","rodhinbar,bow_base,63.6,-244.4,105,0,27,1,1,0","rodhinbar,turban,-35.6,-452.8,-10,0,4,1,1,0",,,,,,,,,"rodhinbar,quiver,-2.8,-233.2,-65,0,24,1,1,0",,,,,,,,,,,,,,,,,,,,,,,,,,,,,,,,,,,,,,,,,,,,,,,,,,,,,,,,,,,,,,,,,,,,,,,,"item,template,382,-548.8,-40,0,0,1,1,0",,,,,,,,,,,,,,,,,,,,
Walk/0,"rodhinbar,head,15,-465.4,-4,0,6,1,1,0","rodhinbar,neck,4,-418.4,-1,0,9,1,1,0","rodhinbar,body,-8.8,-318.4,-4.5,0,6,1,1,0","rodhinbar,arm_up,-35,-346.4,24,0,5,1,1,0","rodhinbar,arm_low,26.8,-297.2,85,0,4,1,1,0","rodhinbar,fist,92,-286.8,52,0,5,1,1,0","rodhinbar,arm_up,64,-327.6,21.8,1,39,1,1,0","rodhinbar,arm_low,105.2,-266.4,31.3,1,29,1,1,0","rodhinbar,fist,138.8,-209.6,44.7,1,31,1,1,0","rodhinbar,leg_up,-11,-194.4,12.8,0,8,1,1,0","rodhinbar,leg_low,-3,-76.4,-5,0,10,1,1,0","rodhinbar,foot,13.2,-13.4,-4.1,0,13,1,1,0","rodhinbar,leg_up,10,-198.4,6.7,0,12,1,1,0","rodhinbar,leg_low,4,-83.4,-7,0,13,1,1,0","rodhinbar,foot,22.2,-22.4,-6,0,15,1,1,0","rodhinbar,sword_base,-17.6,-239.2,-43,0,14,1,1,0","rodhinbar,bow_base,120,-246,124,0,37,1,1,0","rodhinbar,turban,-29.6,-444.8,-5,0,4,1,1,0",,,,,,,,,"rodhinbar,quiver,-8.8,-233.2,-57,0,15,1,1,0",,,,,,,,,,,,,,,,,,,,,,,,,,,,,,,,,,,,,,,,,,,,,,,,,,,,,,,,,,,,,,,,,,,,,,,,,,,,,,,,,,,,,,,,,,,,
Walk/1,"rodhinbar,head,15,-473.4,-2,0,6,1,1,0","rodhinbar,neck,4,-430.4,0,0,9,1,1,0","rodhinbar,body,-6.8,-326.4,-5.5,0,6,1,1,0","rodhinbar,arm_up,-29,-356.4,27,0,5,1,1,0","rodhinbar,arm_low,36.8,-305.2,86,0,4,1,1,0","rodhinbar,fist,98,-298.8,55,0,5,1,1,0","rodhinbar,arm_up,64,-329.6,18.8,1,39,1,1,0","rodhinbar,arm_low,105.2,-268.4,28.3,1,29,1,1,0","rodhinbar,fist,138.8,-205.6,38.7,1,31,1,1,0","rodhinbar,leg_up,-31,-194.4,-2.2,0,8,1,1,0","rodhinbar,leg_low,-47,-76.4,-6,0,10,1,1,0","rodhinbar,foot,-28.8,-13.4,-4.1,0,13,1,1,0","rodhinbar,leg_up,36,-194.4,30.7,0,12,1,1,0","rodhinbar,leg_low,36,-95.4,-20,0,13,1,1,0","rodhinbar,foot,36.2,-34.4,-18,0,15,1,1,0","rodhinbar,sword_base,-17.6,-235.2,-46,0,14,1,1,0","rodhinbar,bow_base,120,-242,118,0,37,1,1,0","rodhinbar,turban,-29.6,-448.8,-2,0,4,1,1,0",,,,,,,,,"rodhinbar,quiver,-8.8,-229.2,-60,0,15,1,1,0",,,,,,,,,,,,,,,,,,,,,,,,,,,,,,,,,,,,,,,,,,,,,,,,,,,,,,,,,,,,,,,,,,,,,,,,,,,,,,,,,,,,,,,,,,,,
Walk/2,"rodhinbar,head,21,-473.4,-4,0,6,1,1,0","rodhinbar,neck,10,-430.4,-2,0,9,1,1,0","rodhinbar,body,-2.8,-326.4,-7.5,0,6,1,1,0","rodhinbar,arm_up,-23,-356.4,26,0,5,1,1,0","rodhinbar,arm_low,36.8,-309.2,83,0,4,1,1,0","rodhinbar,fist,96,-298.8,51,0,5,1,1,0","rodhinbar,arm_up,64,-331.6,18.8,1,39,1,1,0","rodhinbar,arm_low,101.2,-258.4,23.3,1,29,1,1,0","rodhinbar,fist,122.8,-201.6,34.7,1,31,1,1,0","rodhinbar,leg_up,-35,-194.4,-17.2,0,8,1,1,0","rodhinbar,leg_low,-65,-76.4,-8,0,10,1,1,0","rodhinbar,foot,-50.8,-13.4,-4.1,0,13,1,1,0","rodhinbar,leg_up,46,-194.4,34.7,0,12,1,1,0","rodhinbar,leg_low,80,-95.4,8,0,13,1,1,0","rodhinbar,foot,108.2,-38.4,-11,0,15,1,1,0","rodhinbar,sword_base,-17.6,-239.2,-50,0,14,1,1,0","rodhinbar,bow_base,110,-238,115,0,37,1,1,0","rodhinbar,turban,-23.6,-450.8,-4,0,4,1,1,0",,,,,,,,,"rodhinbar,quiver,-8.8,-233.2,-66,0,15,1,1,0",,,,,,,,,,,,,,,,,,,,,,,,,,,,,,,,,,,,,,,,,,,,,,,,,,,,,,,,,,,,,,,,,,,,,,,,,,,,,,,,,,,,,,,,,,,,
Walk/3,"rodhinbar,head,25,-463.4,-2,0,6,1,1,0","rodhinbar,neck,14,-428.4,2,0,9,1,1,0","rodhinbar,body,-0.8,-320.4,-7.5,0,6,1,1,0","rodhinbar,arm_up,-27,-344.4,22,0,5,1,1,0","rodhinbar,arm_low,38.8,-299.2,88,0,4,1,1,0","rodhinbar,fist,98,-294.8,52,0,5,1,1,0","rodhinbar,arm_up,66,-325.6,15.8,1,39,1,1,0","rodhinbar,arm_low,103.2,-252.4,20.3,1,29,1,1,0","rodhinbar,fist,124.8,-195.6,31.7,1,31,1,1,0","rodhinbar,leg_up,-43,-190.4,-32.2,0,8,1,1,0","rodhinbar,leg_low,-105,-86.4,-27,0,10,1,1,0","rodhinbar,foot,-112.8,-21.4,-27.1,0,13,1,1,0","rodhinbar,leg_up,48,-184.4,26.7,0,12,1,1,0","rodhinbar,leg_low,82,-67.4,13,0,13,1,1,0","rodhinbar,foot,120.2,-12.4,1,0,15,1,1,0","rodhinbar,sword_base,-11.6,-233.2,-43,0,14,1,1,0","rodhinbar,bow_base,112,-232,112,0,37,1,1,0","rodhinbar,turban,-19.6,-440.8,-5,0,4,1,1,0",,,,,,,,,"rodhinbar,quiver,-2.8,-227.2,-57,0,15,1,1,0",,,,,,,,,,,,,,,,,,,,,,,,,,,,,,,,,,,,,,,,,,,,,,,,,,,,,,,,,,,,,,,,,,,,,,,,,,,,,,,,,,,,,,,,,,,,
Walk/4,"rodhinbar,head,15,-469.4,-5,0,6,1,1,0","rodhinbar,neck,4,-434.4,2,0,9,1,1,0","rodhinbar,body,-4.8,-326.4,-3.5,0,6,1,1,0","rodhinbar,arm_up,-39,-348.4,17,0,5,1,1,0","rodhinbar,arm_low,26.8,-301.2,90,0,4,1,1,0","rodhinbar,fist,94,-290.8,48,0,5,1,1,0","rodhinbar,arm_up,62,-337.6,21.8,1,39,1,1,0","rodhinbar,arm_low,99.2,-264.4,26.3,1,29,1,1,0","rodhinbar,fist,120.8,-207.6,37.7,1,31,1,1,0","rodhinbar,leg_up,-13,-200.4,3.8,0,8,1,1,0","rodhinbar,leg_low,-47,-86.4,-24,0,10,1,1,0","rodhinbar,foot,-48.8,-23.4,-19.1,0,13,1,1,0","rodhinbar,leg_up,34,-184.4,14.7,0,12,1,1,0","rodhinbar,leg_low,46,-67.4,0,0,13,1,1,0","rodhinbar,foot,74.2,-12.4,1,0,15,1,1,0","rodhinbar,sword_base,-5.6,-235.2,-46,0,14,1,1,0","rodhinbar,bow_base,108,-244,118,0,37,1,1,0","rodhinbar,turban,-29.6,-448.8,-3,0,4,1,1,0",,,,,,,,,"rodhinbar,quiver,3.2,-229.2,-60,0,15,1,1,0",,,,,,,,,,,,,,,,,,,,,,,,,,,,,,,,,,,,,,,,,,,,,,,,,,,,,,,,,,,,,,,,,,,,,,,,,,,,,,,,,,,,,,,,,,,,
Walk/5,"rodhinbar,head,13,-473.4,-5,0,6,1,1,0","rodhinbar,neck,12,-434.4,2,0,9,1,1,0","rodhinbar,body,-6.8,-330.4,-2.5,0,6,1,1,0","rodhinbar,arm_up,-43,-350.4,14,0,5,1,1,0","rodhinbar,arm_low,16.8,-299.2,83,0,4,1,1,0","rodhinbar,fist,86,-288.8,58,0,5,1,1,0","rodhinbar,arm_up,60,-341.6,18.8,1,39,1,1,0","rodhinbar,arm_low,97.2,-268.4,23.3,1,29,1,1,0","rodhinbar,fist,118.8,-211.6,34.7,1,31,1,1,0","rodhinbar,leg_up,-3,-200.4,20.8,0,8,1,1,0","rodhinbar,leg_low,-1,-90.4,-10,0,10,1,1,0","rodhinbar,foot,6,-29.6,-12.1,0,13,1,1,0","rodhinbar,leg_up,6,-194.4,-14.3,0,12,1,1,0","rodhinbar,leg_low,-32,-83.4,-19,0,13,1,1,0","rodhinbar,foot,-21.8,-20.4,-8,0,15,1,1,0","rodhinbar,sword_base,-13.6,-245.2,-50,0,14,1,1,0","rodhinbar,bow_base,106,-248,115,0,37,1,1,0","rodhinbar,turban,-31.6,-450.8,-1,0,4,1,1,0",,,,,,,,,"rodhinbar,quiver,-4.8,-239.2,-66,0,15,1,1,0",,,,,,,,,,,,,,,,,,,,,,,,,,,,,,,,,,,,,,,,,,,,,,,,,,,,,,,,,,,,,,,,,,,,,,,,,,,,,,,,,,,,,,,,,,,,
Walk/6,"rodhinbar,head,17,-469.4,-7,0,6,1,1,0","rodhinbar,neck,6,-430.4,2,0,9,1,1,0","rodhinbar,body,-6.8,-324.4,-4.5,0,6,1,1,0","rodhinbar,arm_up,-41,-344.4,14,0,5,1,1,0","rodhinbar,arm_low,24.8,-293.2,80,0,4,1,1,0","rodhinbar,fist,90,-280.8,47,0,5,1,1,0","rodhinbar,arm_up,62,-335.6,21.8,1,39,1,1,0","rodhinbar,arm_low,99.2,-262.4,26.3,1,29,1,1,0","rodhinbar,fist,120.8,-205.6,37.7,1,31,1,1,0","rodhinbar,leg_up,1,-202.4,34.8,0,8,1,1,0","rodhinbar,leg_low,39,-98.4,14,0,10,1,1,0","rodhinbar,foot,76,-37.6,-9.1,0,13,1,1,0","rodhinbar,leg_up,2,-188.4,-12.3,0,12,1,1,0","rodhinbar,leg_low,-42,-75.4,-24,0,13,1,1,0","rodhinbar,foot,-41.8,-20.4,-8,0,15,1,1,0","rodhinbar,sword_base,-11.6,-239.2,-50,0,14,1,1,0","rodhinbar,bow_base,108,-242,118,0,37,1,1,0","rodhinbar,turban,-27.6,-450.8,-7,0,4,1,1,0",,,,,,,,,"rodhinbar,quiver,-10.8,-237.2,-68,0,15,1,1,0",,,,,,,,,,,,,,,,,,,,,,,,,,,,,,,,,,,,,,,,,,,,,,,,,,,,,,,,,,,,,,,,,,,,,,,,,,,,,,,,,,,,,,,,,,,,
Walk/7,"rodhinbar,head,25,-463.4,-5,0,6,1,1,0","rodhinbar,neck,12,-422.4,5,0,9,1,1,0","rodhinbar,body,-0.8,-318.4,-5.5,0,6,1,1,0","rodhinbar,arm_up,-37,-340.4,14,0,5,1,1,0","rodhinbar,arm_low,28.8,-289.2,80,0,4,1,1,0","rodhinbar,fist,94,-276.8,47,0,5,1,1,0","rodhinbar,arm_up,66,-331.6,21.8,1,39,1,1,0","rodhinbar,arm_low,103.2,-258.4,26.3,1,29,1,1,0","rodhinbar,fist,124.8,-201.6,37.7,1,31,1,1,0","rodhinbar,leg_up,9,-186.4,26.8,0,8,1,1,0","rodhinbar,leg_low,49,-72.4,17,0,10,1,1,0","rodhinbar,foot,92,-19.6,8.9,0,13,1,1,0","rodhinbar,leg_up,-20,-188.4,-25.3,0,12,1,1,0","rodhinbar,leg_low,-72,-83.4,-27,0,13,1,1,0","rodhinbar,foot,-75.8,-20.4,-19,0,15,1,1,0","rodhinbar,sword_base,-7.6,-235.2,-50,0,14,1,1,0","rodhinbar,bow_base,112,-238,118,0,37,1,1,0","rodhinbar,turban,-19.6,-440.8,-3,0,4,1,1,0",,,,,,,,,"rodhinbar,quiver,-6.8,-233.2,-68,0,15,1,1,0",,,,,,,,,,,,,,,,,,,,,,,,,,,,,,,,,,,,,,,,,,,,,,,,,,,,,,,,,,,,,,,,,,,,,,,,,,,,,,,,,,,,,,,,,,,,
Walk/8,"rodhinbar,head,19,-463.4,-3,0,6,1,1,0","rodhinbar,neck,6,-422.4,7,0,9,1,1,0","rodhinbar,body,-4.8,-318.4,-5.5,0,6,1,1,0","rodhinbar,arm_up,-31,-346.4,26,0,5,1,1,0","rodhinbar,arm_low,28.8,-299.2,83,0,4,1,1,0","rodhinbar,fist,96,-288.8,51,0,5,1,1,0","rodhinbar,arm_up,60,-331.6,18.8,1,39,1,1,0","rodhinbar,arm_low,97.2,-258.4,23.3,1,29,1,1,0","rodhinbar,fist,118.8,-201.6,34.7,1,31,1,1,0","rodhinbar,leg_up,-3,-186.4,18.8,0,8,1,1,0","rodhinbar,leg_low,21,-72.4,7,0,10,1,1,0","rodhinbar,foot,52,-13.6,1.9,0,13,1,1,0","rodhinbar,leg_up,4,-194.4,-11.3,0,12,1,1,0","rodhinbar,leg_low,-50,-101.4,-41,0,13,1,1,0","rodhinbar,foot,-63.8,-44.4,-31,0,15,1,1,0","rodhinbar,sword_base,-21.6,-233.2,-50,0,14,1,1,0","rodhinbar,bow_base,106,-238,115,0,37,1,1,0","rodhinbar,turban,-21.6,-440.8,1,0,4,1,1,0",,,,,,,,,"rodhinbar,quiver,-12.8,-227.2,-66,0,15,1,1,0",,,,,,,,,,,,,,,,,,,,,,,,,,,,,,,,,,,,,,,,,,,,,,,,,,,,,,,,,,,,,,,,,,,,,,,,,,,,,,,,,,,,,,,,,,,,
weak1/0,"rodhinbar,head,3,-477.4,0,0,6,1,1,0","rodhinbar,neck,-4,-434.4,2,0,9,1,1,0","rodhinbar,body,-12.8,-330.4,-5.5,0,6,1,1,0","rodhinbar,arm_up,-65,-348.4,-7,0,5,1,1,0","rodhinbar,arm_low,-33.8,-278.4,59,0,4,1,1,0","rodhinbar,fist,31.2,-248,67.8,0,5,1,1,0","rodhinbar,arm_up,60,-339.6,26,1,18,1,1,0","rodhinbar,arm_low,78,-271.6,2,1,17,1,1,0","rodhinbar,fist,79.2,-208.4,19.7,1,26,1,1,0","rodhinbar,leg_up,-55,-186.4,-23.2,0,8,1,1,0","rodhinbar,leg_low,-97,-76.4,-16,0,10,1,1,0","rodhinbar,foot,-86.8,-13.4,-4.1,0,13,1,1,0","rodhinbar,leg_up,36,-194.4,22.7,0,12,1,1,0","rodhinbar,leg_low,50,-75.4,-1,0,13,1,1,0","rodhinbar,foot,78.2,-16.4,-1,0,15,1,1,0","rodhinbar,sword_base,-7.6,-265.2,-51,0,14,1,1,0","rodhinbar,bow_base,77.6,-234.4,103,0,27,1,1,0","rodhinbar,turban,-37.6,-454.8,0,0,4,1,1,0",,,,,,,,,"rodhinbar,quiver,-2.8,-237.2,-63,0,24,1,1,0",,,,,,,,,,,,,,,,,,,,,,,,,,,,,,,,,,,,,,,,,,,,,,,,,,,,,,,,,,,,,,,,,,,,,,,,,,,,,,,,,,,,,,,,,,,,
weak1/1,"rodhinbar,head,17,-477.4,-9,0,6,1,1,0","rodhinbar,neck,8,-430.4,2,0,9,1,1,0","rodhinbar,body,-6.8,-330.4,-9.5,0,6,1,1,0","rodhinbar,arm_up,-83,-358.4,-34,0,5,1,1,0","rodhinbar,arm_low,-97.8,-278.4,23,0,4,1,1,0","rodhinbar,fist,-69.2,-211.2,14,0,5,1,1,0","rodhinbar,arm_up,56,-339.6,16,1,18,1,1,0","rodhinbar,arm_low,28,-293.6,-74,1,5,1,1,0","rodhinbar,fist,-39.2,-288,-76,1,2,1,1,0","rodhinbar,leg_up,-59,-186.4,-27.2,0,8,1,1,0","rodhinbar,leg_low,-97,-76.4,-16,0,10,1,1,0","rodhinbar,foot,-86.8,-13.4,-4.1,0,13,1,1,0","rodhinbar,leg_up,40,-194.4,27.7,0,12,1,1,0","rodhinbar,leg_low,56,-81.4,-5,0,13,1,1,0","rodhinbar,foot,78.2,-18.4,-10,0,15,1,1,0","rodhinbar,sword_base,-7.6,-267.2,-54,0,14,1,1,0","rodhinbar,bow_base,-5.6,-308,8,0,3,1,1,0","rodhinbar,turban,-29.6,-462.8,-8,0,4,1,1,0",,,,,,,,,"rodhinbar,quiver,-2.8,-237.2,-66,0,24,1,1,0",,,,,,,,,,,,,,,,,,,,,,,,,,,,,,,,,,,,,,,,,,,,,,,,,,,,,,,,,,,,,,,,,,,,,,,,,,,,,,,,,,,,,,,,,,,,
weak1/2,"rodhinbar,head,41,-467.4,-14,0,6,1,1,0","rodhinbar,neck,32,-420.4,2,0,9,1,1,0","rodhinbar,body,-0.8,-326.4,-12.5,0,6,1,1,0","rodhinbar,arm_up,-77,-362.4,-42,0,5,1,1,0","rodhinbar,arm_low,-99.8,-282.4,11,0,4,1,1,0","rodhinbar,fist,-83.2,-215.2,9,0,5,1,1,0","rodhinbar,arm_up,62,-333.6,12,1,18,1,1,0","rodhinbar,arm_low,24,-289.6,-86,1,5,1,1,0","rodhinbar,fist,-51.2,-288,-81,1,2,1,1,0","rodhinbar,leg_up,-59,-186.4,-27.2,0,8,1,1,0","rodhinbar,leg_low,-101,-76.4,-20,0,10,1,1,0","rodhinbar,foot,-98.8,-17.4,-12.1,0,13,1,1,0","rodhinbar,leg_up,40,-190.4,23.7,0,12,1,1,0","rodhinbar,leg_low,56,-75.4,2,0,13,1,1,0","rodhinbar,foot,84.2,-12.4,-6,0,15,1,1,0","rodhinbar,sword_base,-13.6,-269.2,-57,0,14,1,1,0","rodhinbar,bow_base,-9.6,-308,5,0,3,1,1,0","rodhinbar,turban,-11.6,-456.8,-22,0,4,1,1,0",,,,,,,,,"rodhinbar,quiver,-2.8,-237.2,-69,0,24,1,1,0",,,,,,,,,,,,,,,,,,,,,,,,,,,,,,,,,,,,,,,,,,,,,,,,,,,,,,,,,,,,,,,,,,,,,,,,,,,,,,,,,,,,,,,,,,play_time_mod_0.5,,
weak1/3,"rodhinbar,head,51,-465.4,-14,0,6,1,1,0","rodhinbar,neck,42,-420.4,2,0,9,1,1,0","rodhinbar,body,9.2,-326.4,-15.5,0,6,1,1,0","rodhinbar,arm_up,-65,-360.4,-42,0,5,1,1,0","rodhinbar,arm_low,-97.8,-280.4,0,0,4,1,1,0","rodhinbar,fist,-93.2,-213.2,-10,0,5,1,1,0","rodhinbar,arm_up,98,-337.6,31,1,18,1,1,0","rodhinbar,arm_low,78,-293.6,-86,1,5,1,1,1","rodhinbar,fist,2.8,-292,-81,1,2,1,1,0","rodhinbar,leg_up,-61,-186.4,-27.2,0,8,1,1,0","rodhinbar,leg_low,-119,-78.4,-27,0,10,1,1,0","rodhinbar,foot,-126.8,-15.4,-22.1,0,13,1,1,0","rodhinbar,leg_up,40,-190.4,23.7,0,12,1,1,0","rodhinbar,leg_low,62,-75.4,6,0,13,1,1,0","rodhinbar,foot,94.2,-16.4,-6,0,15,1,1,0","rodhinbar,sword_base,6.4,-265.2,-54,0,14,1,1,0","rodhinbar,bow_base,46.4,-312,2,0,3,1,1,0","rodhinbar,turban_speed1,-17.6,-490.8,-6,0,4,1,1,0",,,,,,,,,"rodhinbar,quiver,7.2,-237.2,-66,0,24,1,1,0",,,,,,,,,,,,,,,,,,,,,,,,,,,,,,,,,,,,,,,,,,,,,,,,,,,,,,,,,,,,,,,,,,,,,,,,,,,,,,,,,,,,,,,,,,play_time_mod_0.5,,"swing_bulk_small,1000,1"
weak1/4,"rodhinbar,head,57,-463.4,-14,0,6,1,1,0","rodhinbar,neck,44,-420.4,2,0,9,1,1,0","rodhinbar,body,11.2,-326.4,-15.5,0,6,1,1,0","rodhinbar,arm_up,-69,-364.4,-50,0,5,1,1,0","rodhinbar,arm_low,-109.8,-288.4,-9,0,4,1,1,0","rodhinbar,fist,-117.2,-219.2,-15,0,5,1,1,0","rodhinbar,arm_up,120,-361.6,80,1,18,1.1,1.1,0","rodhinbar,arm_low,164,-355.6,-86,1,5,1.1,1.1,1","rodhinbar,fist,80.8,-356,-81,1,2,1,1,0","rodhinbar,leg_up,-59,-186.4,-27.2,0,8,1,1,0","rodhinbar,leg_low,-123,-78.4,-31,0,10,1,1,0","rodhinbar,foot,-124.8,-15.4,-22.1,0,13,1,1,0","rodhinbar,leg_up,42,-190.4,23.7,0,12,1,1,0","rodhinbar,leg_low,64,-75.4,0,0,13,1,1,0","rodhinbar,foot,90.2,-16.4,-10,0,15,1,1,0","rodhinbar,sword_base,2.4,-259.2,-56,0,14,1,1,0","rodhinbar,bow_base,112.4,-362,2,0,3,1,1,0","rodhinbar,turban_speed2,-11.6,-488.8,-6,0,4,1,1,0",,,,,,,,,"rodhinbar,quiver,9.2,-237.2,-68,0,24,1,1,0",,,,,,,,,,,,,,,,,,,,,,,,,,,,,,,,,,,,,,,,,,,,,,,,,,,,,,,,,,,,,,,,,,,,,,,,,,,,,,,,,,,,,,,,,,,,
weak1/5,"rodhinbar,head,79,-459.4,-14,0,6,1,1,0","rodhinbar,neck,58,-422.4,-22,0,9,1,1,0","rodhinbar,body,19.2,-326.4,-18.5,0,6,1,1,0","rodhinbar,arm_up,-53,-372.4,-56,0,5,1,1,0","rodhinbar,arm_low,-113.8,-308.4,-22,0,4,1,1,0","rodhinbar,fist,-131.2,-241.2,-20,0,5,1,1,0","rodhinbar,arm_up,134,-371.6,79,1,18,1.1,1.1,0","rodhinbar,arm_low,184,-365.6,-92,1,5,1,1,1","rodhinbar,fist,100.8,-372,-81,1,2,1,1,0","rodhinbar,leg_up,-51,-186.4,-36.2,0,8,1,1,0","rodhinbar,leg_low,-123,-86.4,-31,0,10,1,1,0","rodhinbar,foot,-128.8,-21.4,-36.1,0,13,1,1,0","rodhinbar,leg_up,48,-190.4,30.7,0,12,1,1,0","rodhinbar,leg_low,68,-75.4,-5,0,13,1,1,0","rodhinbar,foot,90.2,-16.4,-10,0,15,1,1,0","rodhinbar,sword_base,2.4,-259.2,-56,0,14,1,1,0","rodhinbar,bow_base,132.4,-384,2,0,3,1,1,0","rodhinbar,turban_speed1,2.4,-466.8,17,0,4,1,1,0",,,,,,,,,"rodhinbar,quiver,9.2,-237.2,-68,0,24,1,1,0",,,,,,,,,,,,,,,,,,,,,,,,,,,,,,,,,,,,,,,,,,,,,,,,,,,,,,,,,,,,,,,,,,,,,,,,,,,,,,,,,,,,,,,,,,"stoppable,play_time_mod_1.5",,
weak1/6,"rodhinbar,head,75,-463.4,-7,0,6,1,1,0","rodhinbar,neck,58,-422.4,-22,0,9,1,1,0","rodhinbar,body,19.2,-326.4,-18.5,0,6,1,1,0","rodhinbar,arm_up,-47,-372.4,-53,0,5,1,1,0","rodhinbar,arm_low,-95.8,-308.4,-15,0,4,1,1,0","rodhinbar,fist,-103.2,-241.2,-13,0,5,1,1,0","rodhinbar,arm_up,146,-381.6,92,1,18,1.1,1.1,0","rodhinbar,arm_low,184,-381.6,-77,1,5,1,1,1","rodhinbar,fist,108.8,-372,-66,1,2,1,1,0","rodhinbar,leg_up,-51,-186.4,-36.2,0,8,1,1,0","rodhinbar,leg_low,-123,-86.4,-31,0,10,1,1,0","rodhinbar,foot,-128.8,-21.4,-36.1,0,13,1,1,0","rodhinbar,leg_up,48,-190.4,30.7,0,12,1,1,0","rodhinbar,leg_low,68,-75.4,-5,0,13,1,1,0","rodhinbar,foot,90.2,-16.4,-10,0,15,1,1,0","rodhinbar,sword_base,2.4,-259.2,-56,0,14,1,1,0","rodhinbar,bow_base,144.4,-384,9,0,3,1,1,0","rodhinbar,turban_speed1,2.4,-466.8,23,0,4,1,1,0",,,,,,,,,"rodhinbar,quiver,9.2,-237.2,-68,0,24,1,1,0",,,,,,,,,,,,,,,,,,,,,,,,,,,,,,,,,,,,,,,,,,,,,,,,,,,,,,,,,,,,,,,,,,,,,,,,,,,,,,,,,,,,,,,,,,stoppable,,
weak1/7,"rodhinbar,head,33,-463.4,-7,0,6,1,1,0","rodhinbar,neck,24,-416.4,9,0,9,1,1,0","rodhinbar,body,1.2,-326.4,-9.5,0,6,1,1,0","rodhinbar,arm_up,-79,-356.4,-40,0,5,1,1,0","rodhinbar,arm_low,-101.8,-280.4,10,0,4,1,1,0","rodhinbar,fist,-83.2,-217.2,2,0,5,1,1,0","rodhinbar,arm_up,102,-347.6,55,1,18,1,1,0","rodhinbar,arm_low,104,-303.6,-48,1,5,1,1,0","rodhinbar,fist,44.8,-256,-41,1,2,1,1,0","rodhinbar,leg_up,-53,-186.4,-20.2,0,8,1,1,0","rodhinbar,leg_low,-107,-78.4,-24,0,10,1,1,0","rodhinbar,foot,-106.8,-15.4,-22.1,0,13,1,1,0","rodhinbar,leg_up,48,-190.4,28.7,0,12,1,1,0","rodhinbar,leg_low,64,-75.4,0,0,13,1,1,0","rodhinbar,foot,90.2,-16.4,-10,0,15,1,1,0","rodhinbar,sword_base,4.4,-263.2,-53,0,14,1,1,0","rodhinbar,bow_base,76.4,-274,32,0,3,1,1,0","rodhinbar,turban_speed1,-39.6,-448.8,43,0,4,1,1,0",,,,,,,,,"rodhinbar,quiver,9.2,-237.2,-65,0,24,1,1,0",,,,,,,,,,,,,,,,,,,,,,,,,,,,,,,,,,,,,,,,,,,,,,,,,,,,,,,,,,,,,,,,,,,,,,,,,,,,,,,,,,,,,,,,,,"stoppable,play_time_mod_0.7",,
weak1/8,"rodhinbar,head,11,-463.4,0,0,6,1,1,0","rodhinbar,neck,8,-416.4,13,0,9,1,1,0","rodhinbar,body,-10.8,-326.4,-4.5,0,6,1,1,0","rodhinbar,arm_up,-85,-346.4,-24,0,5,1,1,0","rodhinbar,arm_low,-67.8,-282.4,54,0,4,1,1,0","rodhinbar,fist,-8.8,-247.2,49,0,5,1,1,0","rodhinbar,arm_up,72,-337.6,39,1,18,1,1,0","rodhinbar,arm_low,100,-269.6,-12,1,18,1,1,0","rodhinbar,fist,80.8,-204,-9,1,15,1,1,0","rodhinbar,leg_up,-49,-186.4,-16.2,0,8,1,1,0","rodhinbar,leg_low,-93,-78.4,-23,0,10,1,1,0","rodhinbar,foot,-92.8,-15.4,-19.1,0,13,1,1,0","rodhinbar,leg_up,38,-190.4,22.7,0,12,1,1,0","rodhinbar,leg_low,56,-75.4,5,0,13,1,1,0","rodhinbar,foot,90.2,-16.4,1,0,15,1,1,0","rodhinbar,sword_base,0.4,-257.2,-49,0,14,1,1,0","rodhinbar,bow_base,84.4,-240,82,0,16,1,1,0","rodhinbar,turban,-39.6,-440.8,-3,0,4,1,1,0",,,,,,,,,"rodhinbar,quiver,5.2,-237.2,-61,0,24,1,1,0",,,,,,,,,,,,,,,,,,,,,,,,,,,,,,,,,,,,,,,,,,,,,,,,,,,,,,,,,,,,,,,,,,,,,,,,,,,,,,,,,,,,,,,,,,"play_time_mod_1.2,stoppable",,
weak1/9,"rodhinbar,head,3,-477.4,0,0,6,1,1,0","rodhinbar,neck,-4,-434.4,2,0,9,1,1,0","rodhinbar,body,-12.8,-330.4,-5.5,0,6,1,1,0","rodhinbar,arm_up,-51,-348.4,17,0,5,1,1,0","rodhinbar,arm_low,-3.8,-300.4,87.2,0,4,1,1,0","rodhinbar,fist,69.2,-300,80.8,0,5,1,1,0","rodhinbar,arm_up,46,-339.6,9,1,26,1,1,0","rodhinbar,arm_low,68,-289.6,17.3,1,25,1,1,0","rodhinbar,fist,87.2,-218.4,38.7,1,26,1,1,0","rodhinbar,leg_up,-55,-186.4,-23.2,0,8,1,1,0","rodhinbar,leg_low,-97,-76.4,-16,0,10,1,1,0","rodhinbar,foot,-86.8,-13.4,-4.1,0,13,1,1,0","rodhinbar,leg_up,36,-194.4,22.7,0,12,1,1,0","rodhinbar,leg_low,50,-75.4,-1,0,13,1,1,0","rodhinbar,foot,78.2,-16.4,-1,0,15,1,1,0","rodhinbar,sword_base,-9.6,-261.2,-51,0,14,1,1,0","rodhinbar,bow_base,83.6,-252.4,115,0,27,1,1,0","rodhinbar,turban,-37.6,-454.8,0,0,4,1,1,0",,,,,,,,,"rodhinbar,quiver,-2.8,-237.2,-63,0,24,1,1,0",,,,,,,,,,,,,,,,,,,,,,,,,,,,,,,,,,,,,,,,,,,,,,,,,,,,,,,,,,,,,,,,,,,,,,,,,,,,,,,,,,,,,,,,,,"play_time_mod_0.5,stoppable",,
weak1strong2/0,"rodhinbar,head,13,-467.4,12,0,9,1,1,0","rodhinbar,neck,16,-426.4,7,0,12,1,1,0","rodhinbar,body,7.2,-326.4,1.5,0,6,1,1,0","rodhinbar,arm_up,-13,-426.4,141,0,5,1,1,0","rodhinbar,arm_low,40.8,-501.2,159,0,4,1,1,0","rodhinbar,fist,62,-580,152,0,1,1,1,0","rodhinbar,arm_up,68,-429.6,166,1,18,1,1,0","rodhinbar,arm_low,74.4,-525.2,-177,1,5,1,1,0","rodhinbar,fist,69.2,-598,-153,1,2,1,1,0","rodhinbar,leg_up,-17,-178.4,-17.2,0,8,1,1,0","rodhinbar,leg_low,-55,-74.4,-19,0,10,1,1,0","rodhinbar,foot,-46.8,-15.4,-11.1,0,13,1,1,0","rodhinbar,leg_up,86,-184.4,37.7,0,12,1,1,0","rodhinbar,leg_low,106,-75.4,2,0,13,1,1,0","rodhinbar,foot,136.2,-16.4,2,0,15,1,1,0","rodhinbar,sword_base,-13.6,-243.2,-54,0,14,1,1,0","rodhinbar,bow_base,6,-676.8,9,1,3,1,1,0","rodhinbar,turban_speed2,-65.6,-460.8,17,0,7,1,1,0",,,,,,,,,"rodhinbar,quiver,5.2,-227.2,-60,0,24,1,1,0",,,,,,,,,,,,,,,,,,,,,,,,,,,,,,,,,,,,,,,,,,,,,,,,,,,,,,,,,,,,,,,,,,,,,,,,,,,,,,,,,,,,,,,,,,,,
weak1strong2/1,"rodhinbar,head,41,-457.4,-3,0,9,1,1,0","rodhinbar,neck,42,-418.4,7,0,12,1,1,0","rodhinbar,body,21.2,-314.4,-11.5,0,6,1,1,0","rodhinbar,arm_up,23,-408.4,120,0,5,1,1,0","rodhinbar,arm_low,104.8,-454.4,130,0,4,1,1,0","rodhinbar,fist,170,-498.4,91,0,1,1,1,0","rodhinbar,arm_up,104,-401.6,143,1,18,1,1,0","rodhinbar,arm_low,154.8,-485.2,145,1,5,1,1,0","rodhinbar,fist,191.2,-526.8,158,1,2,1,1,0","rodhinbar,leg_up,-27,-178.4,-26.2,0,8,1,1,0","rodhinbar,leg_low,-75,-74.4,-25,0,10,1,1,0","rodhinbar,foot,-66.8,-15.4,-11.1,0,13,1,1,0","rodhinbar,leg_up,76,-176.4,37.7,0,12,1,1,0","rodhinbar,leg_low,96,-75.4,-3,0,13,1,1,0","rodhinbar,foot,120.2,-16.4,-1,0,15,1,1,0","rodhinbar,sword_base,-11.6,-245.2,-58,0,14,1,1,0","rodhinbar,bow_smash,132,-614,-23,1,3,1,1,1","rodhinbar,turban_speed1,-35.6,-468.8,1,0,7,1,1,0",,,,,,,,,"rodhinbar,quiver,7.2,-223.2,-67,0,24,1,1,0",,,,,,,,,,,,,,,,,,,,,,,,,,,,,,,,,,,,,,,,,,,,,,,,,,,,,,,,,,,,,,,,,,,,,,,,,,,,,,,,,,,,,,,,,,play_time_mod_0.5,,"swing_bulk,1000,1"
weak1strong2/2,"rodhinbar,head,131,-405.4,-20,0,9,1,1,0","rodhinbar,neck,114.4,-380.4,-26,0,12,1,1,0","rodhinbar,body,49.2,-286.4,-31.5,0,6,1,1,0","rodhinbar,arm_up,84.2,-356.2,88,0,5,1,1,0","rodhinbar,arm_low,177.2,-343.2,84,0,4,1,1,0","rodhinbar,fist,234.8,-339.6,69,0,1,1,1,0","rodhinbar,arm_up,161.2,-325.4,82,1,18,1,1,0","rodhinbar,arm_low,236.8,-334,108,1,5,1,1,0","rodhinbar,fist,274.4,-339.6,114,1,2,1,1,0","rodhinbar,leg_up,-27,-178.4,-26.2,0,8,1,1,0","rodhinbar,leg_low,-75,-74.4,-25,0,10,1,1,0","rodhinbar,foot,-66.8,-15.4,-11.1,0,13,1,1,0","rodhinbar,leg_up,66,-164.4,50.7,0,12,1,1,0","rodhinbar,leg_low,96,-75.4,-3,0,13,1,1,0","rodhinbar,foot,120.2,-16.4,-1,0,15,1,1,0","rodhinbar,sword_base,8.4,-223.2,-77,0,14,1,1,0","rodhinbar,bow_smash,329.2,-439.6,-81,1,3,1,1,1","rodhinbar,turban_speed2,56.4,-428.8,-8,0,7,1,1,0",,,,,,,,,"rodhinbar,quiver,7.2,-219.2,-74,0,24,1,1,0",,,,,,,,,,,,,,,,,,,,,,,,,,,,,,,,,,,,,,,,,,,,,,,,,,,,,,,,,,,,,,,,,,,,,,,,,,,,,,,,,,,,,,,,,,play_time_mod_0.3,,
weak1strong2/3,"rodhinbar,head,165,-349.4,-38,0,9,1,1,0","rodhinbar,neck,136.4,-330.4,-43,0,12,1,1,0","rodhinbar,body,53.2,-260.4,-45.5,0,6,1,1,0","rodhinbar,arm_up,84.2,-290.2,26,0,5,1,1,0","rodhinbar,arm_low,122.8,-205.2,30,0,4,1,1,0","rodhinbar,fist,159.2,-134,13,0,1,1,1,0","rodhinbar,arm_up,151.2,-213.6,28,1,18,1,1,0","rodhinbar,arm_low,198.8,-147.6,35,1,5,1,1,0","rodhinbar,fist,229.2,-110,50,1,2,1,1,0","rodhinbar,leg_up,-27,-172.4,-26.2,0,8,1,1,0","rodhinbar,leg_low,-75,-74.4,-25,0,10,1,1,0","rodhinbar,foot,-66.8,-15.4,-11.1,0,13,1,1,0","rodhinbar,leg_up,66,-156.4,50.7,0,12,1,1,0","rodhinbar,leg_low,102,-63.4,0,0,13,1,1,0","rodhinbar,foot,130.2,-12.4,-1,0,15,1,1,0","rodhinbar,sword_base,8.4,-229.2,-83,0,14,1,1,0","rodhinbar,bow_smash,267.2,-185.2,-107,1,3,1,1,1","rodhinbar,turban_speed1,102.4,-388.8,-10,0,7,1,1,0",,,,,,,,,"rodhinbar,quiver,7.2,-219.2,-81,0,24,1,1,0",,,,,,,,,,,,,,,,,,,,,,,,,,,,,,,,,,,,,,,,,,,,,,,,,,,,,,,,,,,,,,,,,,,,,,,,,,,,,,,,,,,,,,,,,,,,
weak1strong2/4,"rodhinbar,head,161,-341.4,-48,0,9,1,1,0","rodhinbar,neck,136.4,-330.4,-43,0,12,1,1,0","rodhinbar,body,53.2,-260.4,-45.5,0,6,1,1,0","rodhinbar,arm_up,84.2,-292.2,22,0,5,1,1,0","rodhinbar,arm_low,114.8,-203.2,24,0,4,1,1,0","rodhinbar,fist,149.2,-130,10,0,1,1,1,0","rodhinbar,arm_up,151.2,-213.6,28,1,18,1,1,0","rodhinbar,arm_low,198.8,-147.6,35,1,5,1,1,0","rodhinbar,fist,225.2,-104,42,1,2,1,1,0","rodhinbar,leg_up,-27,-172.4,-26.2,0,8,1,1,0","rodhinbar,leg_low,-75,-74.4,-25,0,10,1,1,0","rodhinbar,foot,-66.8,-15.4,-11.1,0,13,1,1,0","rodhinbar,leg_up,66,-156.4,50.7,0,12,1,1,0","rodhinbar,leg_low,102,-63.4,0,0,13,1,1,0","rodhinbar,foot,130.2,-12.4,-1,0,15,1,1,0","rodhinbar,sword_base,8.4,-229.2,-83,0,14,1,1,0","rodhinbar,bow_base,267.2,-141.2,-115,1,3,1,1,1","rodhinbar,turban_speed1,98.4,-366.8,12,0,7,1,1,0",,,,,,,,,"rodhinbar,quiver,7.2,-219.2,-81,0,24,1,1,0",,,,,,,,,,,,,,,,,,,,,,,,,,,,,,,,,,,,,,,,,,,,,,,,,,,,,,,,,,,,,,,,,,,,,,,,,,,,,,,,,,,,,,,,,,"stoppable,play_time_mod_1.5",,
weak1strong2/5,"rodhinbar,head,167,-335.4,-55,0,9,1,1,0","rodhinbar,neck,132.4,-322.4,-56,0,12,1,1,0","rodhinbar,body,53.2,-260.4,-48.5,0,6,1,1,0","rodhinbar,arm_up,88.2,-292.2,20,0,5,1,1,0","rodhinbar,arm_low,116.8,-199.2,18,0,4,1,1,0","rodhinbar,fist,141.2,-122,6,0,1,1,1,0","rodhinbar,arm_up,155.2,-213.6,21,1,18,1,1,0","rodhinbar,arm_low,198.8,-141.6,24,1,5,1,1,0","rodhinbar,fist,217.2,-90,30,1,2,1,1,0","rodhinbar,leg_up,-27,-172.4,-26.2,0,8,1,1,0","rodhinbar,leg_low,-75,-74.4,-25,0,10,1,1,0","rodhinbar,foot,-66.8,-15.4,-11.1,0,13,1,1,0","rodhinbar,leg_up,66,-156.4,50.7,0,12,1,1,0","rodhinbar,leg_low,102,-63.4,0,0,13,1,1,0","rodhinbar,foot,130.2,-12.4,-1,0,15,1,1,0","rodhinbar,sword_base,8.4,-229.2,-86,0,14,1,1,0","rodhinbar,bow_base,267.2,-125.2,-119,1,3,1,1,1","rodhinbar,turban_speed1,110.4,-366.8,13,0,7,1,1,0",,,,,,,,,"rodhinbar,quiver,7.2,-219.2,-84,0,24,1,1,0",,,,,,,,,,,,,,,,,,,,,,,,,,,,,,,,,,,,,,,,,,,,,,,,,,,,,,,,,,,,,,,,,,,,,,,,,,,,,,,,,,,,,,,,,,stoppable,,
weak1strong2/6,"rodhinbar,head,89,-433.4,-9,0,9,1,1,0","rodhinbar,neck,68.4,-402.4,-43,0,12,1,1,0","rodhinbar,body,27.2,-304.4,-19.5,0,6,1,1,0","rodhinbar,arm_up,18.2,-336.2,22,0,5,1,1,0","rodhinbar,arm_low,64.8,-259.2,44,0,4,1,1,0","rodhinbar,fist,107.6,-213.2,27,0,1,1,1,0","rodhinbar,arm_up,112,-322.4,28,1,18,1,1,0","rodhinbar,arm_low,159.6,-256.4,35,1,5,1,1,0","rodhinbar,fist,186,-212.8,42,1,2,1,1,0","rodhinbar,leg_up,-27,-182.4,-26.2,0,8,1,1,0","rodhinbar,leg_low,-75,-74.4,-25,0,10,1,1,0","rodhinbar,foot,-66.8,-15.4,-11.1,0,13,1,1,0","rodhinbar,leg_up,56,-174.4,22.7,0,12,1,1,0","rodhinbar,leg_low,72,-63.4,0,0,13,1,1,0","rodhinbar,foot,94.2,-12.4,-1,0,15,1,1,0","rodhinbar,sword_base,8.4,-255.2,-83,0,14,1,1,0","rodhinbar,bow_base,180.8,-260.4,-48,1,3,1,1,0","rodhinbar,turban,34.4,-422.8,-18,0,5,1,1,0",,,,,,,,,"rodhinbar,quiver,7.2,-245.2,-81,0,24,1,1,0",,,,,,,,,,,,,,,,,,,,,,,,,,,,,,,,,,,,,,,,,,,,,,,,,,,,,,,,,,,,,,,,,,,,,,,,,,,,,,,,,,,,,,,,,,stoppable,,
weak1strong2/7,"rodhinbar,head,35,-465.4,-4,0,8,1,1,0","rodhinbar,neck,24,-424.4,-18,0,11,1,1,0","rodhinbar,body,9.2,-324.4,-5.5,0,6,1,1,0","rodhinbar,arm_up,7,-358.4,52,0,5,1,1,0","rodhinbar,arm_low,80.4,-332.4,96,0,4,1,1,0","rodhinbar,fist,150.4,-344,86,0,5,1,1,0","rodhinbar,arm_up,94,-361.6,57,1,29,1,1,0","rodhinbar,arm_low,160.4,-323.6,57,1,16,1,1,0","rodhinbar,fist,220.8,-281.6,66,1,17,1,1,0","rodhinbar,leg_up,-25,-178.4,-16.2,0,8,1,1,0","rodhinbar,leg_low,-57,-74.4,-18,0,10,1,1,0","rodhinbar,foot,-54.8,-13.4,-11.1,0,13,1,1,0","rodhinbar,leg_up,46,-176.4,7.7,0,12,1,1,0","rodhinbar,leg_low,52,-67.4,-2,0,13,1,1,0","rodhinbar,foot,78.2,-12.4,2,0,15,1,1,0","rodhinbar,sword_base,-17.6,-249.2,-60,0,14,1,1,0","rodhinbar,bow_base,195.6,-320.4,149,0,20,1,1,0","rodhinbar,turban,-5.6,-442.8,3,0,6,1,1,0",,,,,,,,,"rodhinbar,quiver,1.2,-233.2,-66,0,24,1,1,0",,,,,,,,,,,,,,,,,,,,,,,,,,,,,,,,,,,,,,,,,,,,,,,,,,,,,,,,,,,,,,,,,,,,,,,,,,,,,,,,,,,,,,,,,,stoppable,,
weak1strong2/8,"rodhinbar,head,29,-465.4,-4,0,8,1,1,0","rodhinbar,neck,18,-424.4,-18,0,11,1,1,0","rodhinbar,body,3.2,-324.4,-5.5,0,6,1,1,0","rodhinbar,arm_up,-15,-352.4,30,0,5,1,1,0","rodhinbar,arm_low,48.4,-304.4,83,0,4,1,1,0","rodhinbar,fist,116.4,-304,82,0,5,1,1,0","rodhinbar,arm_up,70,-343.6,26,1,29,1,1,0","rodhinbar,arm_low,112.4,-281.6,30,1,16,1,1,0","rodhinbar,fist,140.8,-231.6,45,1,17,1,1,0","rodhinbar,leg_up,-39,-178.4,-23.2,0,8,1,1,0","rodhinbar,leg_low,-83,-74.4,-18,0,10,1,1,0","rodhinbar,foot,-82.8,-13.4,-11.1,0,13,1,1,0","rodhinbar,leg_up,48,-176.4,16.7,0,12,1,1,0","rodhinbar,leg_low,60,-67.4,-2,0,13,1,1,0","rodhinbar,foot,84.2,-12.4,2,0,15,1,1,0","rodhinbar,sword_base,-23.6,-249.2,-60,0,14,1,1,0","rodhinbar,bow_base,136.4,-266.4,130,0,20,1,1,0","rodhinbar,turban,-11.6,-442.8,3,0,6,1,1,0",,,,,,,,,"rodhinbar,quiver,-4.8,-233.2,-66,0,24,1,1,0",,,,,,,,,,,,,,,,,,,,,,,,,,,,,,,,,,,,,,,,,,,,,,,,,,,,,,,,,,,,,,,,,,,,,,,,,,,,,,,,,,,,,,,,,,"play_time_mod_0.5,stoppable",,
weak1strong/0,"rodhinbar,head,43,-463.4,-12,0,6,1,1,0","rodhinbar,neck,34,-416.4,6,0,9,1,1,0","rodhinbar,body,1.2,-326.4,-9.5,0,6,1,1,0","rodhinbar,arm_up,-65,-352.4,-21,0,5,1,1,0","rodhinbar,arm_low,-67.8,-276.4,23,0,4,1,1,0","rodhinbar,fist,-37.2,-217.2,25,0,5,1,1,0","rodhinbar,arm_up,88,-341.6,35,1,18,1,1,0","rodhinbar,arm_low,86,-271.6,-44,1,5,1,1,0","rodhinbar,fist,28.8,-222,-37,1,2,1,1,0","rodhinbar,leg_up,-57,-186.4,-25.2,0,8,1,1,0","rodhinbar,leg_low,-107,-78.4,-24,0,10,1,1,0","rodhinbar,foot,-106.8,-15.4,-22.1,0,13,1,1,0","rodhinbar,leg_up,48,-190.4,28.7,0,12,1,1,0","rodhinbar,leg_low,64,-75.4,0,0,13,1,1,0","rodhinbar,foot,90.2,-16.4,-10,0,15,1,1,0","rodhinbar,sword_base,18.4,-251.2,-56,0,14,1,1,0","rodhinbar,bow_base,40.4,-276,46,0,3,1,1,0","rodhinbar,turban_speed2,-21.6,-446.8,59,0,4,1,1,0",,,,,,,,,"rodhinbar,quiver,9.2,-237.2,-65,0,24,1,1,0",,,,,,,,,,,,,,,,,,,,,,,,,,,,,,,,,,,,,,,,,,,,,,,,,,,,,,,,,,,,,,,,,,,,,,,,,,,,,,,,,,,,,,,,,,,,
weak1strong/1,"rodhinbar,head,43,-461.4,-17,0,6,1,1,0","rodhinbar,neck,34,-416.4,6,0,9,1,1,0","rodhinbar,body,7.2,-326.4,-9.5,0,6,1,1,0","rodhinbar,arm_up,-33,-346.4,3,0,5,1,1,0","rodhinbar,arm_low,-15.8,-276.4,23,0,4,1,1,0","rodhinbar,fist,12.8,-213.2,-4,0,1,1,1,0","rodhinbar,arm_up,76,-341.6,31,1,18,1,1,0","rodhinbar,arm_low,92,-263.6,-8,1,5,1,1,0","rodhinbar,fist,78.8,-192,6,1,2,1,1,0","rodhinbar,leg_up,-57,-186.4,-31.2,0,8,1,1,0","rodhinbar,leg_low,-111,-78.4,-24,0,10,1,1,0","rodhinbar,foot,-110.8,-15.4,-22.1,0,13,1,1,0","rodhinbar,leg_up,48,-190.4,28.7,0,12,1,1,0","rodhinbar,leg_low,68,-75.4,0,0,13,1,1,0","rodhinbar,foot,96.2,-16.4,-3,0,15,1,1,0","rodhinbar,sword_base,18.4,-251.2,-58,0,14,1,1,0","rodhinbar,bow_base,28.4,-252,79,0,3,1,1,0","rodhinbar,turban,-5.6,-446.8,-9,0,4,1,1,0",,,,,,,,,"rodhinbar,quiver,9.2,-237.2,-67,0,24,1,1,0",,,,,,,,,,,,,,,,,,,,,,,,,,,,,,,,,,,,,,,,,,,,,,,,,,,,,,,,,,,,,,,,,,,,,,,,,,,,,,,,,,,,,,,,,,,,
weak1strong/2,"rodhinbar,head,75,-449.4,-7,0,6,1,1,0","rodhinbar,neck,60,-408.4,-8,0,9,1,1,0","rodhinbar,body,21.2,-318.4,-16.5,0,6,1,1,0","rodhinbar,arm_up,3,-342.4,16,0,5,1,1,0","rodhinbar,arm_low,28.2,-270.4,23,0,4,1,1,0","rodhinbar,fist,58.8,-203.2,-1,0,1,1,1,0","rodhinbar,arm_up,88,-337.6,36,1,18,1,1,0","rodhinbar,arm_low,104,-257.6,-28,1,5,1,1,0","rodhinbar,fist,58.8,-200,-22,1,2,1,1,0","rodhinbar,leg_up,-49,-186.4,-35.2,0,8,1,1,0","rodhinbar,leg_low,-111,-82.4,-28,0,10,1,1,0","rodhinbar,foot,-116.8,-19.4,-28.1,0,13,1,1,0","rodhinbar,leg_up,52,-190.4,24.7,0,12,1,1,0","rodhinbar,leg_low,64,-75.4,-8,0,13,1,1,0","rodhinbar,foot,80.2,-16.4,-7,0,15,1,1,0","rodhinbar,sword_base,4.4,-237.2,-66,0,21,1,1,0","rodhinbar,bow_base,20.4,-264,81,0,3,1,1,0","rodhinbar,turban,22.4,-436.8,-15,0,4,1,1,0",,,,,,,,,"rodhinbar,quiver,9.2,-219.2,-72,0,24,1,1,0",,,,,,,,,,,,,,,,,,,,,,,,,,,,,,,,,,,,,,,,,,,,,,,,,,,,,,,,,,,,,,,,,,,,,,,,,,,,,,,,,,,,,,,,,,play_time_mod_1.5,,
weak1strong/3,"rodhinbar,head,75,-441.4,-9,0,6,1,1,0","rodhinbar,neck,60,-400.4,-10,0,9,1,1,0","rodhinbar,body,21.2,-312.4,-18.5,0,6,1,1,0","rodhinbar,arm_up,-3,-342.4,7,0,5,1,1,0","rodhinbar,arm_low,10.2,-270.4,10,0,4,1,1,0","rodhinbar,fist,26.8,-203.2,-7,0,1,1,1,0","rodhinbar,arm_up,84,-335.6,25,1,18,1,1,0","rodhinbar,arm_low,90,-251.6,-32,1,5,1,1,0","rodhinbar,fist,58.8,-200,-22,1,2,1,1,0","rodhinbar,leg_up,-53,-176.4,-37.2,0,8,1,1,0","rodhinbar,leg_low,-115,-82.4,-28,0,10,1,1,0","rodhinbar,foot,-116.8,-19.4,-28.1,0,13,1,1,0","rodhinbar,leg_up,56,-184.4,30.7,0,12,1,1,0","rodhinbar,leg_low,64,-75.4,-9,0,13,1,1,0","rodhinbar,foot,80.2,-16.4,-7,0,15,1,1,0","rodhinbar,sword_base,4.4,-237.2,-72,0,14,1,1,0","rodhinbar,bow_base,-1.6,-274,67,0,3,1,1,0","rodhinbar,turban,22.4,-428.8,-17,0,4,1,1,0",,,,,,,,,"rodhinbar,quiver,9.2,-219.2,-75,0,24,1,1,0",,,,,,,,,,,,,,,,,,,,,,,,,,,,,,,,,,,,,,,,,,,,,,,,,,,,,,,,,,,,,,,,,,,,,,,,,,,,,,,,,,,,,,,,,,,,
weak1strong/4,"rodhinbar,head,107,-443.4,-15,0,6,1,1,0","rodhinbar,neck,86,-406.4,-16,0,9,1,1,0","rodhinbar,body,35.2,-316.4,-24.5,0,6,1,1,0","rodhinbar,arm_up,41,-344.4,35,0,5,1,1,0","rodhinbar,arm_low,96.2,-266.4,37,0,4,1,1,0","rodhinbar,fist,138,-200.8,13,0,1,1,1,0","rodhinbar,arm_up,112,-335.6,32,1,18,1,1,0","rodhinbar,arm_low,158.4,-259.6,21,1,5,1,1,0","rodhinbar,fist,178.4,-198.8,25,1,2,1,1,0","rodhinbar,leg_up,-49,-186.4,-40.2,0,8,1,1,0","rodhinbar,leg_low,-117,-86.4,-32,0,10,1,1,0","rodhinbar,foot,-126.8,-23.4,-32.1,0,13,1,1,0","rodhinbar,leg_up,52,-190.4,37.7,0,12,1,1,0","rodhinbar,leg_low,64,-75.4,-8,0,13,1,1,0","rodhinbar,foot,80.2,-16.4,-7,0,15,1,1,0","rodhinbar,sword_base,10.4,-245.2,-74,0,14,1,1,0","rodhinbar,bow_base,78.8,-221.6,110,0,3,1,1,0","rodhinbar,turban_speed1,36.4,-462.8,-7,0,4,1,1,0",,,,,,,,,"rodhinbar,quiver,15.2,-227.2,-80,0,24,1,1,0",,,,,,,,,,,,,,,,,,,,,,,,,,,,,,,,,,,,,,,,,,,,,,,,,,,,,,,,,,,,,,,,,,,,,,,,,,,,,,,,,,,,,,,,,,play_time_mod_0.6,,
weak1strong/5,"rodhinbar,head,93,-455.4,-9,0,6,1,1,0","rodhinbar,neck,78,-412.4,-11,0,9,1,1,0","rodhinbar,body,41.2,-326.4,-16.5,0,6,1,1,0","rodhinbar,arm_up,63,-376.4,68,0,5,1,1,0","rodhinbar,arm_low,154.8,-337.2,70,0,4,1,1,0","rodhinbar,fist,220,-330,96,0,1,1,1,0","rodhinbar,arm_up,144,-345.6,58,1,18,1,1,0","rodhinbar,arm_low,226.8,-320,81,1,5,1,1,0","rodhinbar,fist,274.8,-317.6,123,1,2,1,1,0","rodhinbar,leg_up,-29,-186.4,-32.2,0,8,1,1,0","rodhinbar,leg_low,-103,-86.4,-37,0,10,1,1,0","rodhinbar,foot,-116.8,-23.4,-32.1,0,13,1,1,0","rodhinbar,leg_up,62,-190.4,37.7,0,12,1,1,0","rodhinbar,leg_low,70,-75.4,-13,0,13,1,1,0","rodhinbar,foot,78.2,-16.4,-7,0,15,1,1,0","rodhinbar,sword_base,4.4,-245.2,-66,0,14,1,1,0","rodhinbar,bow_smash,308,-220,-106,0,3,1,1,1","rodhinbar,turban_speed2,14.4,-474.8,-1,0,4,1,1,0",,,,,,,,,"rodhinbar,quiver,9.2,-227.2,-72,0,24,1,1,0",,,,,,,,,,,,,,,,,,,,,,,,,,,,,,,,,,,,,,,,,,,,,,,,,,,,,,,,,,,,,,,,,,,,,,,,,,,,,,,,,,,,,,,,,,play_time_mod_0.5,,"swing_bulk,1000,1"
weak1strong/6,"rodhinbar,head,75,-465.4,-2,0,9,1,1,0","rodhinbar,neck,64,-418.4,-4,0,12,1,1,0","rodhinbar,body,41.2,-324.4,-12.5,0,6,1,1,0","rodhinbar,arm_up,53,-398.4,97,0,5,1,1,0","rodhinbar,arm_low,152.8,-409.2,99,0,4,1,1,0","rodhinbar,fist,230.4,-429.2,99,0,1,1,1,0","rodhinbar,arm_up,136,-387.6,103,1,18,1,1,0","rodhinbar,arm_low,221.6,-426.4,113,1,5,1,1,0","rodhinbar,fist,278.8,-450,128,1,2,1,1,0","rodhinbar,leg_up,-13,-186.4,-27.2,0,8,1,1,0","rodhinbar,leg_low,-75,-88.4,-34,0,10,1,1,0","rodhinbar,foot,-90.8,-23.4,-32.1,0,13,1,1,0","rodhinbar,leg_up,66,-190.4,31.7,0,12,1,1,0","rodhinbar,leg_low,72,-75.4,-17,0,13,1,1,0","rodhinbar,foot,80.2,-16.4,-7,0,15,1,1,0","rodhinbar,sword_base,4.4,-243.2,-66,0,14,1,1,0","rodhinbar,bow_smash,360,-383.6,-74,0,3,1,1,1","rodhinbar,turban_speed1,-3.6,-474.8,6,0,7,1,1,0",,,,,,,,,"rodhinbar,quiver,9.2,-225.2,-72,0,24,1,1,0",,,,,,,,,,,,,,,,,,,,,,,,,,,,,,,,,,,,,,,,,,,,,,,,,,,,,,,,,,,,,,,,,,,,,,,,,,,,,,,,,,,,,,,,,,play_time_mod_0.2,,
weak1strong/7,"rodhinbar,head,27,-467.4,5,0,9,1,1,0","rodhinbar,neck,30,-416.4,0,0,12,1,1,0","rodhinbar,body,17.2,-326.4,-1.5,0,6,1,1,0","rodhinbar,arm_up,9,-410.4,128,0,5,1,1,0","rodhinbar,arm_low,82.8,-463.2,133,0,4,1,1,0","rodhinbar,fist,132,-514,128,0,1,1,1,0","rodhinbar,arm_up,94,-399.6,121,1,18,1,1,0","rodhinbar,arm_low,146.4,-461.2,152,1,5,1,1,0","rodhinbar,fist,171.2,-526,-177,1,2,1,1,0","rodhinbar,leg_up,-19,-178.4,-19.2,0,8,1,1,0","rodhinbar,leg_low,-65,-78.4,-23,0,10,1,1,0","rodhinbar,foot,-66.8,-17.4,-14.1,0,13,1,1,0","rodhinbar,leg_up,72,-190.4,35.7,0,12,1,1,0","rodhinbar,leg_low,94,-87.4,-5,0,13,1,1,0","rodhinbar,foot,118.2,-28.4,-1,0,15,1,1,0","rodhinbar,sword_base,-1.6,-245.2,-62,0,14,1,1,0","rodhinbar,bow_smash,250,-485.2,-56,0,3,1,1,1","rodhinbar,turban_speed2,-51.6,-466.8,12,0,7,1,1,0",,,,,,,,,"rodhinbar,quiver,3.2,-227.2,-68,0,24,1,1,0",,,,,,,,,,,,,,,,,,,,,,,,,,,,,,,,,,,,,,,,,,,,,,,,,,,,,,,,,,,,,,,,,,,,,,,,,,,,,,,,,,,,,,,,,,play_time_mod_0.3,,
weak1strong/8,"rodhinbar,head,11,-465.4,9,0,9,1,1,0","rodhinbar,neck,14,-424.4,4,0,12,1,1,0","rodhinbar,body,5.2,-324.4,-1.5,0,6,1,1,0","rodhinbar,arm_up,-9,-424.4,133,0,5,1,1,0","rodhinbar,arm_low,50.8,-491.2,149,0,4,1,1,0","rodhinbar,fist,90,-562,142,0,1,1,1,0","rodhinbar,arm_up,64,-405.6,155,1,18,1,1,0","rodhinbar,arm_low,90.4,-503.2,171,1,5,1,1,0","rodhinbar,fist,101.2,-570,-171,1,2,1,1,0","rodhinbar,leg_up,-19,-178.4,-14.2,0,8,1,1,0","rodhinbar,leg_low,-59,-74.4,-23,0,10,1,1,0","rodhinbar,foot,-60.8,-13.4,-20.1,0,13,1,1,0","rodhinbar,leg_up,78,-176.4,28.7,0,12,1,1,0","rodhinbar,leg_low,94,-67.4,-5,0,13,1,1,0","rodhinbar,foot,118.2,-12.4,-1,0,15,1,1,0","rodhinbar,sword_base,-15.6,-241.2,-55,0,14,1,1,0","rodhinbar,bow_smash,206,-608.8,-21,0,3,1,1,1","rodhinbar,turban_speed1,-67.6,-466.8,11,0,7,1,1,0",,,,,,,,,"rodhinbar,quiver,3.2,-225.2,-61,0,24,1,1,0",,,,,,,,,,,,,,,,,,,,,,,,,,,,,,,,,,,,,,,,,,,,,,,,,,,,,,,,,,,,,,,,,,,,,,,,,,,,,,,,,,,,,,,,,,,,
weak1strong/9,"rodhinbar,head,13,-467.4,12,0,9,1,1,0","rodhinbar,neck,16,-426.4,7,0,12,1,1,0","rodhinbar,body,7.2,-326.4,1.5,0,6,1,1,0","rodhinbar,arm_up,-13,-426.4,141,0,5,1,1,0","rodhinbar,arm_low,40.8,-501.2,159,0,4,1,1,0","rodhinbar,fist,62,-580,152,0,1,1,1,0","rodhinbar,arm_up,62,-413.6,158,1,18,1,1,0","rodhinbar,arm_low,86.4,-509.2,172,1,5,1,1,0","rodhinbar,fist,91.2,-586,-159,1,2,1,1,0","rodhinbar,leg_up,-17,-178.4,-11.2,0,8,1,1,0","rodhinbar,leg_low,-49,-74.4,-14,0,10,1,1,0","rodhinbar,foot,-36.8,-13.4,-11.1,0,13,1,1,0","rodhinbar,leg_up,80,-176.4,31.7,0,12,1,1,0","rodhinbar,leg_low,96,-67.4,-2,0,13,1,1,0","rodhinbar,foot,120.2,-12.4,2,0,15,1,1,0","rodhinbar,sword_base,-13.6,-243.2,-54,0,14,1,1,0","rodhinbar,bow_base,128,-632.8,-3,0,3,1,1,1","rodhinbar,turban_speed2,-65.6,-460.8,17,0,7,1,1,0",,,,,,,,,"rodhinbar,quiver,5.2,-227.2,-60,0,24,1,1,0",,,,,,,,,,,,,,,,,,,,,,,,,,,,,,,,,,,,,,,,,,,,,,,,,,,,,,,,,,,,,,,,,,,,,,,,,,,,,,,,,,,,,,,,,,"play_time_mod_1.5,stoppable",,
weak1strong/10,"rodhinbar,head,-9,-471.4,14,0,9,1,1,0","rodhinbar,neck,-6,-430.4,9,0,12,1,1,0","rodhinbar,body,3.2,-322.4,2.5,0,6,1,1,0","rodhinbar,arm_up,-21,-420.4,147,0,5,1,1,0","rodhinbar,arm_low,30.8,-499.2,162,0,4,1,1,0","rodhinbar,fist,46,-578,158,0,1,1,1,0","rodhinbar,arm_up,60,-417.6,163,1,18,1,1,0","rodhinbar,arm_low,66.4,-515.2,-174,1,5,1,1,0","rodhinbar,fist,51.2,-594,-149,1,2,1,1,0","rodhinbar,leg_up,-17,-178.4,-11.2,0,8,1,1,0","rodhinbar,leg_low,-49,-74.4,-14,0,10,1,1,0","rodhinbar,foot,-36.8,-13.4,-11.1,0,13,1,1,0","rodhinbar,leg_up,88,-180.4,37.7,0,12,1,1,0","rodhinbar,leg_low,104,-71.4,-10,0,13,1,1,0","rodhinbar,foot,120.2,-12.4,2,0,15,1,1,0","rodhinbar,sword_base,-13.6,-243.2,-50,0,14,1,1,0","rodhinbar,bow_base,80,-638.8,16,0,3,1,1,0","rodhinbar,turban_speed2,-87.6,-464.8,19,0,7,1,1,0",,,,,,,,,"rodhinbar,quiver,5.2,-227.2,-56,0,24,1,1,0",,,,,,,,,,,,,,,,,,,,,,,,,,,,,,,,,,,,,,,,,,,,,,,,,,,,,,,,,,,,,,,,,,,,,,,,,,,,,,,,,,,,,,,,,,stoppable,,
weak1strong/11,"rodhinbar,head,25,-469.4,0,0,9,1,1,0","rodhinbar,neck,16,-432.4,-19,0,12,1,1,0","rodhinbar,body,9.2,-322.4,-5.5,0,6,1,1,0","rodhinbar,arm_up,7,-396.4,83,0,5,1,1,0","rodhinbar,arm_low,76.4,-424.4,149,0,4,1,1,0","rodhinbar,fist,107.2,-484.8,139,0,1,1,1,0","rodhinbar,arm_up,86,-389.6,81,1,29,1,1,0","rodhinbar,arm_low,156.4,-417.6,146,1,16,1,1,0","rodhinbar,fist,191.6,-484.8,174,1,13,1,1,0","rodhinbar,leg_up,-25,-178.4,-16.2,0,8,1,1,0","rodhinbar,leg_low,-57,-74.4,-18,0,10,1,1,0","rodhinbar,foot,-54.8,-13.4,-11.1,0,13,1,1,0","rodhinbar,leg_up,68,-176.4,23.7,0,12,1,1,0","rodhinbar,leg_low,82,-67.4,-2,0,13,1,1,0","rodhinbar,foot,104.2,-12.4,2,0,15,1,1,0","rodhinbar,sword_base,-17.6,-247.2,-59,0,14,1,1,0","rodhinbar,bow_base,182.4,-460.4,-116,0,14,1,1,0","rodhinbar,turban_speed1,-45.6,-450.8,50,0,7,1,1,0",,,,,,,,,"rodhinbar,quiver,1.2,-231.2,-65,0,24,1,1,0",,,,,,,,,,,,,,,,,,,,,,,,,,,,,,,,,,,,,,,,,,,,,,,,,,,,,,,,,,,,,,,,,,,,,,,,,,,,,,,,,,,,,,,,,,stoppable,,
weak1strong/12,"rodhinbar,head,35,-465.4,-4,0,8,1,1,0","rodhinbar,neck,24,-424.4,-18,0,11,1,1,0","rodhinbar,body,9.2,-324.4,-5.5,0,6,1,1,0","rodhinbar,arm_up,7,-358.4,52,0,5,1,1,0","rodhinbar,arm_low,80.4,-332.4,96,0,4,1,1,0","rodhinbar,fist,150.4,-344,86,0,5,1,1,0","rodhinbar,arm_up,94,-361.6,57,1,29,1,1,0","rodhinbar,arm_low,160.4,-323.6,57,1,16,1,1,0","rodhinbar,fist,220.8,-281.6,66,1,17,1,1,0","rodhinbar,leg_up,-25,-178.4,-16.2,0,8,1,1,0","rodhinbar,leg_low,-57,-74.4,-18,0,10,1,1,0","rodhinbar,foot,-54.8,-13.4,-11.1,0,13,1,1,0","rodhinbar,leg_up,46,-176.4,7.7,0,12,1,1,0","rodhinbar,leg_low,52,-67.4,-2,0,13,1,1,0","rodhinbar,foot,78.2,-12.4,2,0,15,1,1,0","rodhinbar,sword_base,-17.6,-249.2,-60,0,14,1,1,0","rodhinbar,bow_base,195.6,-320.4,149,0,20,1,1,0","rodhinbar,turban,-5.6,-442.8,3,0,6,1,1,0",,,,,,,,,"rodhinbar,quiver,1.2,-233.2,-66,0,24,1,1,0",,,,,,,,,,,,,,,,,,,,,,,,,,,,,,,,,,,,,,,,,,,,,,,,,,,,,,,,,,,,,,,,,,,,,,,,,,,,,,,,,,,,,,,,,,stoppable,,
weak1strong/13,"rodhinbar,head,29,-465.4,-4,0,8,1,1,0","rodhinbar,neck,18,-424.4,-18,0,11,1,1,0","rodhinbar,body,3.2,-324.4,-5.5,0,6,1,1,0","rodhinbar,arm_up,-15,-352.4,30,0,5,1,1,0","rodhinbar,arm_low,48.4,-304.4,83,0,4,1,1,0","rodhinbar,fist,116.4,-304,82,0,5,1,1,0","rodhinbar,arm_up,70,-343.6,26,1,29,1,1,0","rodhinbar,arm_low,112.4,-281.6,30,1,16,1,1,0","rodhinbar,fist,140.8,-231.6,45,1,17,1,1,0","rodhinbar,leg_up,-39,-178.4,-23.2,0,8,1,1,0","rodhinbar,leg_low,-83,-74.4,-18,0,10,1,1,0","rodhinbar,foot,-82.8,-13.4,-11.1,0,13,1,1,0","rodhinbar,leg_up,48,-176.4,16.7,0,12,1,1,0","rodhinbar,leg_low,60,-67.4,-2,0,13,1,1,0","rodhinbar,foot,84.2,-12.4,2,0,15,1,1,0","rodhinbar,sword_base,-23.6,-249.2,-60,0,14,1,1,0","rodhinbar,bow_base,136.4,-266.4,130,0,20,1,1,0","rodhinbar,turban,-11.6,-442.8,3,0,6,1,1,0",,,,,,,,,"rodhinbar,quiver,-4.8,-233.2,-66,0,24,1,1,0",,,,,,,,,,,,,,,,,,,,,,,,,,,,,,,,,,,,,,,,,,,,,,,,,,,,,,,,,,,,,,,,,,,,,,,,,,,,,,,,,,,,,,,,,,"play_time_mod_0.5,stoppable",,
weak2/0,"rodhinbar,head,33,-463.4,-7,0,6,1,1,0","rodhinbar,neck,24,-416.4,9,0,9,1,1,0","rodhinbar,body,1.2,-326.4,-9.5,0,6,1,1,0","rodhinbar,arm_up,-79,-356.4,-40,0,5,1,1,0","rodhinbar,arm_low,-101.8,-280.4,10,0,4,1,1,0","rodhinbar,fist,-83.2,-217.2,2,0,5,1,1,0","rodhinbar,arm_up,102,-347.6,55,1,18,1,1,0","rodhinbar,arm_low,104,-303.6,-48,1,5,1,1,0","rodhinbar,fist,44.8,-256,-41,1,2,1,1,0","rodhinbar,leg_up,-53,-186.4,-20.2,0,8,1,1,0","rodhinbar,leg_low,-107,-78.4,-24,0,10,1,1,0","rodhinbar,foot,-106.8,-15.4,-22.1,0,13,1,1,0","rodhinbar,leg_up,48,-190.4,28.7,0,12,1,1,0","rodhinbar,leg_low,64,-75.4,0,0,13,1,1,0","rodhinbar,foot,90.2,-16.4,-10,0,15,1,1,0","rodhinbar,sword_base,2.4,-261.2,-53,0,14,1,1,0","rodhinbar,bow_base,76.4,-274,32,0,3,1,1,0","rodhinbar,turban_speed1,-41.6,-454.8,35,0,4,1,1,0",,,,,,,,,"rodhinbar,quiver,9.2,-237.2,-65,0,24,1,1,0",,,,,,,,,,,,,,,,,,,,,,,,,,,,,,,,,,,,,,,,,,,,,,,,,,,,,,,,,,,,,,,,,,,,,,,,,,,,,,,,,,,,,,,,,,,,
weak2/1,"rodhinbar,head,11,-463.4,0,0,6,1,1,0","rodhinbar,neck,8,-416.4,13,0,9,1,1,0","rodhinbar,body,-10.8,-326.4,-4.5,0,6,1,1,0","rodhinbar,arm_up,-85,-346.4,-24,0,5,1,1,0","rodhinbar,arm_low,-67.8,-282.4,54,0,4,1,1,0","rodhinbar,fist,-8.8,-247.2,49,0,5,1,1,0","rodhinbar,arm_up,72,-337.6,39,1,18,1,1,0","rodhinbar,arm_low,92,-269.6,-12,1,18,1,1,0","rodhinbar,fist,72.8,-204,-9,1,15,1,1,0","rodhinbar,leg_up,-49,-186.4,-16.2,0,8,1,1,0","rodhinbar,leg_low,-93,-78.4,-23,0,10,1,1,0","rodhinbar,foot,-92.8,-15.4,-19.1,0,13,1,1,0","rodhinbar,leg_up,38,-190.4,22.7,0,12,1,1,0","rodhinbar,leg_low,56,-75.4,5,0,13,1,1,0","rodhinbar,foot,90.2,-16.4,1,0,15,1,1,0","rodhinbar,sword_base,-3.6,-263.2,-49,0,14,1,1,0","rodhinbar,bow_base,76.4,-240,82,0,16,1,1,0","rodhinbar,turban,-39.6,-440.8,-3,0,4,1,1,0",,,,,,,,,"rodhinbar,quiver,5.2,-237.2,-61,0,24,1,1,0",,,,,,,,,,,,,,,,,,,,,,,,,,,,,,,,,,,,,,,,,,,,,,,,,,,,,,,,,,,,,,,,,,,,,,,,,,,,,,,,,,,,,,,,,,,,
weak2/2,"rodhinbar,head,31,-465.4,-8,0,6,1,1,0","rodhinbar,neck,16,-426.4,-18,0,9,1,1,0","rodhinbar,body,-2.8,-326.4,-7.5,0,6,1,1,0","rodhinbar,arm_up,-17,-350.4,35,0,5,1,1,0","rodhinbar,arm_low,54.2,-302.4,85,0,4,1,1,0","rodhinbar,fist,111.2,-292.8,41,0,5,1,1,0","rodhinbar,arm_up,54,-335.6,9,1,26,1,1,0","rodhinbar,arm_low,76,-285.6,17.3,1,25,1,1,0","rodhinbar,fist,95.2,-218.4,38.7,1,26,1,1,0","rodhinbar,leg_up,-45,-186.4,-25.2,0,8,1,1,0","rodhinbar,leg_low,-99,-78.4,-23,0,10,1,1,0","rodhinbar,foot,-100.8,-15.4,-21.1,0,13,1,1,0","rodhinbar,leg_up,38,-190.4,27.7,0,12,1,1,0","rodhinbar,leg_low,62,-75.4,2,0,13,1,1,0","rodhinbar,foot,92.2,-16.4,-4,0,15,1,1,0","rodhinbar,sword_base,-1.6,-261.2,-49,0,14,1,1,0","rodhinbar,bow_base,91.6,-252.4,115,0,27,1,1,0","rodhinbar,turban,-23.6,-450.8,-14,0,4,1,1,0",,,,,,,,,"rodhinbar,quiver,5.2,-237.2,-61,0,24,1,1,0",,,,,,,,,,,,,,,,,,,,,,,,,,,,,,,,,,,,,,,,,,,,,,,,,,,,,,,,,,,,,,,,,,,,,,,,,,,,,,,,,,,,,,,,,,,,
weak2/3,"rodhinbar,head,15,-469.4,-3,0,6,1,1,0","rodhinbar,neck,4,-436.4,-29,0,9,1,1,0","rodhinbar,body,-10.8,-328.4,-4.5,0,6,1,1,0","rodhinbar,arm_up,-15,-376.4,62,0,5,1,1,0","rodhinbar,arm_low,68.2,-358.4,96.2,0,4,1,1,0","rodhinbar,fist,139.2,-368,73.8,0,5,1,1,0","rodhinbar,arm_up,48,-331.6,9,1,26,1,1,0","rodhinbar,arm_low,70,-281.6,17.3,1,25,1,1,0","rodhinbar,fist,95.2,-218.4,38.7,1,26,1,1,0","rodhinbar,leg_up,-45,-186.4,-18.2,0,8,1,1,0","rodhinbar,leg_low,-99,-78.4,-30,0,10,1,1,0","rodhinbar,foot,-106.8,-15.4,-26.1,0,13,1,1,0","rodhinbar,leg_up,38,-190.4,36.7,0,12,1,1,0","rodhinbar,leg_low,70,-81.4,10,0,13,1,1,0","rodhinbar,foot,102.2,-20.4,-14,0,15,1,1,0","rodhinbar,sword_base,2.4,-253.2,-46,0,14,1,1,0","rodhinbar,bow_base,91.6,-252.4,115,0,27,1,1,0","rodhinbar,turban,-39.6,-452.8,-14,0,4,1,1,0",,"rodhinbar,arrow,197.6,-263.2,-153,0,7,1,1,0",,,,,,,"rodhinbar,quiver,5.2,-237.2,-59,0,24,1,1,0",,,,,,,,,,,,,,,,,,,,,,,,,,,,,,,,,,,,,,,,,,,,,,,,,,,,,,,,,,,,,,,,,,,,,,,,,,,,,,,,,,,,,,,,,,,,
weak2/4,"rodhinbar,head,9,-469.4,0,0,6,1,1,0","rodhinbar,neck,4,-430.4,-33,0,9,1,1,0","rodhinbar,body,-10.8,-328.4,-4.5,0,6,1,1,0","rodhinbar,arm_up,-81,-348.4,-26,0,5,1,1,0","rodhinbar,arm_low,-72,-289.6,62,0,4,1,1,0","rodhinbar,fist,-4,-253.2,42.8,0,5,1,1,0","rodhinbar,arm_up,48,-331.6,9,1,26,1,1,0","rodhinbar,arm_low,70,-281.6,17.3,1,25,1,1,0","rodhinbar,fist,79.2,-214.4,38.7,1,26,1,1,0","rodhinbar,leg_up,-45,-186.4,-18.2,0,8,1,1,0","rodhinbar,leg_low,-99,-78.4,-30,0,10,1,1,0","rodhinbar,foot,-106.8,-15.4,-26.1,0,13,1,1,0","rodhinbar,leg_up,48,-186.4,30.7,0,12,1,1,0","rodhinbar,leg_low,76,-77.4,5,0,13,1,1,0","rodhinbar,foot,108.2,-18.4,-7,0,15,1,1,0","rodhinbar,sword_base,-3.6,-251.2,-47,0,14,1,1,0","rodhinbar,bow_base,63.6,-248.4,106,0,27,1,1,0","rodhinbar,turban,-43.6,-448.8,-12,0,4,1,1,0",,"rodhinbar,arrow,105.6,-253.2,-88,0,6,1,1,0",,,,,,,"rodhinbar,quiver,5.2,-237.2,-59,0,24,1,1,0",,,,,,,,,,,,,,,,,,,,,,,,,,,,,,,,,,,,,,,,,,,,,,,,,,,,,,,,,,,,,,,,,,,,,,,,,,,,,,,,,,,,,,,,,,,,
weak2/5,"rodhinbar,head,-3,-463.4,1,0,6,1,1,0","rodhinbar,neck,-8,-424.4,-28,0,9,1,1,0","rodhinbar,body,-18.8,-320.4,-0.5,0,6,1,1,0","rodhinbar,arm_up,-107,-346.4,-44,0,5,1,1,0","rodhinbar,arm_low,-108,-289.6,48,0,4,1,1,0","rodhinbar,fist,-60,-253.2,42.8,0,5,1,1,0","rodhinbar,arm_up,34,-331.6,16,1,26,1,1,0","rodhinbar,arm_low,64,-281.6,28.3,1,25,1,1,0","rodhinbar,fist,87.2,-214.4,45.7,1,26,1,1,0","rodhinbar,leg_up,-45,-186.4,-18.2,0,8,1,1,0","rodhinbar,leg_low,-99,-78.4,-30,0,10,1,1,0","rodhinbar,foot,-106.8,-15.4,-26.1,0,13,1,1,0","rodhinbar,leg_up,48,-186.4,30.7,0,12,1,1,0","rodhinbar,leg_low,76,-77.4,5,0,13,1,1,0","rodhinbar,foot,108.2,-18.4,-7,0,15,1,1,0","rodhinbar,sword_base,-3.6,-251.2,-47,0,14,1,1,0","rodhinbar,bow_base,63.6,-248.4,112,0,27,1,1,0","rodhinbar,turban,-51.6,-438.8,-3,0,4,1,1,0",,"rodhinbar,arrow,49.6,-253.2,-88,0,6,1,1,0",,,,,,,"rodhinbar,quiver,5.2,-237.2,-59,0,24,1,1,0",,,,,,,,,,,,,,,,,,,,,,,,,,,,,,,,,,,,,,,,,,,,,,,,,,,,,,,,,,,,,,,,,,,,,,,,,,,,,,,,,,,,,,,,,,,,
weak2/6,"rodhinbar,head,61,-471.4,-12,0,6,1,1,0","rodhinbar,neck,48.8,-437.2,-12,0,9,1,1,0","rodhinbar,body,11.2,-338.4,-15.5,0,6,1,1,0","rodhinbar,arm_up,-21,-358.4,8,0,5,1,1,0","rodhinbar,arm_low,16.6,-303,62,0,4,1,1,0","rodhinbar,fist,84.6,-266.6,42.8,0,5,1,1,0","rodhinbar,arm_up,48,-339.6,-28,1,18,1,1,0","rodhinbar,arm_low,52,-293.6,52.3,1,25,1,1,0","rodhinbar,fist,67.2,-214.4,34.7,1,26,1,1,0","rodhinbar,leg_up,-45,-194.4,-26.2,0,8,1,1,0","rodhinbar,leg_low,-109,-88.4,-30,0,10,1,1,0","rodhinbar,foot,-120.8,-19.4,-34.1,0,13,1,1,0","rodhinbar,leg_up,52,-186.4,34.7,0,12,1,1,0","rodhinbar,leg_low,82,-81.4,1,0,13,1,1,0","rodhinbar,foot,108.2,-18.4,-7,0,15,1,1,0","rodhinbar,sword_base,4.4,-241.2,-47,0,14,1,1,0","rodhinbar,bow_base,51.6,-248.4,102,0,27,1,1,0","rodhinbar,turban_speed1,-14.8,-487.2,6,0,4,1,1,0",,"rodhinbar,arrow_speed,164.8,-272,-83,0,6,1,1,1",,,,,,,"rodhinbar,quiver,5.2,-237.2,-59,0,24,1,1,0",,,,,,,,,,,,,,,,,,,,,,,,,,,,,,,,,,,,,,,,,,,,,,,,,,,,,,,,,,,,,,,,,,,,,,,,,,,,,,,,,,,,,,,,,,play_time_mod_0.3,,"pierce,1000,1"
weak2/7,"rodhinbar,head,83,-455.4,-12,0,6,1,1,0","rodhinbar,neck,70.8,-421.2,-12,0,9,1,1,0","rodhinbar,body,25.2,-324.4,-19.5,0,6,1,1,0","rodhinbar,arm_up,47,-370.4,58,0,5,1,1,0","rodhinbar,arm_low,132.6,-327,72,0,4,1,1,0","rodhinbar,fist,210.6,-304.6,63.8,0,5,1,1,0","rodhinbar,arm_up,48,-339.6,-28,1,18,1,1,0",,"rodhinbar,fist,59.2,-214.4,29.7,1,26,1,1,0","rodhinbar,leg_up,-45,-190.4,-34.2,0,8,1,1,0","rodhinbar,leg_low,-119,-96.4,-37,0,10,1,1,0","rodhinbar,foot,-134.8,-33.4,-44.1,0,13,1,1,0","rodhinbar,leg_up,52,-186.4,34.7,0,12,1,1,0","rodhinbar,leg_low,82,-81.4,1,0,13,1,1,0","rodhinbar,foot,108.2,-18.4,-7,0,15,1,1,0","rodhinbar,sword_base,18.4,-245.2,-47,0,14,1,1,0","rodhinbar,bow_base,43.6,-248.4,97,0,27,1,1,0","rodhinbar,turban_speed2,3.2,-471.2,6,0,4,1,1,0",,"rodhinbar,arrow_speed,301.2,-315.6,-83,0,6,1,1,1",,,,,,,"rodhinbar,quiver,5.2,-237.2,-59,0,24,1,1,0",,,,,,,,,,,,,,,,,,,,,,,,,,,,,,,,,,,,,,,,,,,,,,,,,,,,,,,,,,,,,,,,,,,,,,,,,,,,,,,,,,,,,,,,,,,,
weak2/8,"rodhinbar,head,91,-449.4,-14,0,6,1,1,0","rodhinbar,neck,78.8,-415.2,-14,0,9,1,1,0","rodhinbar,body,29.2,-320.4,-22.5,0,6,1,1,0","rodhinbar,arm_up,55,-368.4,62,0,5,1,1,0","rodhinbar,arm_low,144.6,-323,75,0,4,1,1,0","rodhinbar,fist,220.6,-304.6,63.8,0,5,1,1,0","rodhinbar,arm_up,48,-339.6,-28,1,18,1,1,0",,"rodhinbar,fist,61.2,-214.4,25.7,1,26,1,1,0","rodhinbar,leg_up,-43,-190.4,-33.2,0,8,1,1,0","rodhinbar,leg_low,-119,-96.4,-37,0,10,1,1,0","rodhinbar,foot,-134.8,-33.4,-44.1,0,13,1,1,0","rodhinbar,leg_up,60,-186.4,34.7,0,12,1,1,0","rodhinbar,leg_low,82,-81.4,1,0,13,1,1,0","rodhinbar,foot,108.2,-18.4,-7,0,15,1,1,0","rodhinbar,sword_base,18.4,-245.2,-56,0,14,1,1,0","rodhinbar,bow_base,45.6,-248.4,93,0,27,1,1,0","rodhinbar,turban_speed1,11.2,-469.2,-2,0,4,1,1,0",,"rodhinbar,arrow,349.2,-328.4,-78,0,6,1,1,1",,,,,,,"rodhinbar,quiver,5.2,-237.2,-68,0,24,1,1,0",,,,,,,,,,,,,,,,,,,,,,,,,,,,,,,,,,,,,,,,,,,,,,,,,,,,,,,,,,,,,,,,,,,,,,,,,,,,,,,,,,,,,,,,,,"play_time_mod_1.5,stoppable",,
weak2/9,"rodhinbar,head,91,-449.4,-9,0,6,1,1,0","rodhinbar,neck,78.8,-415.2,-14,0,9,1,1,0","rodhinbar,body,29.2,-320.4,-22.5,0,6,1,1,0","rodhinbar,arm_up,55,-370.4,66,0,5,1,1,0","rodhinbar,arm_low,144.6,-341,82,0,4,1,1,0","rodhinbar,fist,220.6,-326.6,66.8,0,5,1,1,0","rodhinbar,arm_up,48,-339.6,-28,1,18,1,1,0",,"rodhinbar,fist,61.2,-214.4,25.7,1,26,1,1,0","rodhinbar,leg_up,-43,-190.4,-33.2,0,8,1,1,0","rodhinbar,leg_low,-119,-96.4,-37,0,10,1,1,0","rodhinbar,foot,-134.8,-33.4,-44.1,0,13,1,1,0","rodhinbar,leg_up,60,-186.4,34.7,0,12,1,1,0","rodhinbar,leg_low,82,-81.4,1,0,13,1,1,0","rodhinbar,foot,108.2,-18.4,-7,0,15,1,1,0","rodhinbar,sword_base,18.4,-241.2,-54,0,14,1,1,0","rodhinbar,bow_base,45.6,-248.4,96,0,27,1,1,0","rodhinbar,turban_speed2,11.2,-449.2,22,0,4,1,1,0",,"rodhinbar,arrow,349.2,-354.4,-76,0,6,1,1,1",,,,,,,"rodhinbar,quiver,5.2,-233.2,-66,0,24,1,1,0",,,,,,,,,,,,,,,,,,,,,,,,,,,,,,,,,,,,,,,,,,,,,,,,,,,,,,,,,,,,,,,,,,,,,,,,,,,,,,,,,,,,,,,,,,stoppable,,
weak2/10,"rodhinbar,head,15,-469.4,-3,0,6,1,1,0","rodhinbar,neck,4,-436.4,-29,0,9,1,1,0","rodhinbar,body,-10.8,-328.4,-4.5,0,6,1,1,0","rodhinbar,arm_up,-15,-376.4,62,0,5,1,1,0","rodhinbar,arm_low,68.2,-358.4,96.2,0,4,1,1,0","rodhinbar,fist,139.2,-368,73.8,0,5,1,1,0","rodhinbar,arm_up,54,-335.6,9,1,26,1,1,0","rodhinbar,arm_low,68,-279.6,17.3,1,25,1,1,0","rodhinbar,fist,65.2,-218.4,32.7,1,26,1,1,0","rodhinbar,leg_up,-45,-186.4,-18.2,0,8,1,1,0","rodhinbar,leg_low,-99,-78.4,-30,0,10,1,1,0","rodhinbar,foot,-106.8,-15.4,-26.1,0,13,1,1,0","rodhinbar,leg_up,44,-188.4,36.7,0,12,1,1,0","rodhinbar,leg_low,72,-81.4,0,0,13,1,1,0","rodhinbar,foot,102.2,-20.4,-14,0,15,1,1,0","rodhinbar,sword_base,10.4,-269.2,-47,0,14,1,1,0","rodhinbar,bow_base,61.6,-252.4,109,0,27,1,1,0","rodhinbar,turban,-39.6,-452.8,-14,0,4,1,1,0",,"rodhinbar,arrow,197.6,-263.2,-153,0,7,1,1,0",,,,,,,"rodhinbar,quiver,5.2,-237.2,-60,0,24,1,1,0",,,,,,,,,,,,,,,,,,,,,,,,,,,,,,,,,,,,,,,,,,,,,,,,,,,,,,,,,,,,,,,,,,,,,,,,,,,,,,,,,,,,,,,,,,stoppable,,
weak2/11,"rodhinbar,head,31,-465.4,-8,0,6,1,1,0","rodhinbar,neck,16,-426.4,-18,0,9,1,1,0","rodhinbar,body,-2.8,-326.4,-7.5,0,6,1,1,0","rodhinbar,arm_up,-17,-350.4,35,0,5,1,1,0","rodhinbar,arm_low,54.2,-302.4,85,0,4,1,1,0","rodhinbar,fist,111.2,-292.8,41,0,5,1,1,0","rodhinbar,arm_up,54,-335.6,9,1,26,1,1,0","rodhinbar,arm_low,76,-285.6,17.3,1,25,1,1,0","rodhinbar,fist,95.2,-218.4,38.7,1,26,1,1,0","rodhinbar,leg_up,-45,-186.4,-25.2,0,8,1,1,0","rodhinbar,leg_low,-99,-78.4,-23,0,10,1,1,0","rodhinbar,foot,-100.8,-15.4,-21.1,0,13,1,1,0","rodhinbar,leg_up,38,-190.4,27.7,0,12,1,1,0","rodhinbar,leg_low,62,-75.4,2,0,13,1,1,0","rodhinbar,foot,92.2,-16.4,-4,0,15,1,1,0","rodhinbar,sword_base,-1.6,-259.2,-49,0,14,1,1,0","rodhinbar,bow_base,91.6,-252.4,115,0,27,1,1,0","rodhinbar,turban,-23.6,-450.8,-14,0,4,1,1,0",,,,,,,,,"rodhinbar,quiver,5.2,-237.2,-61,0,24,1,1,0",,,,,,,,,,,,,,,,,,,,,,,,,,,,,,,,,,,,,,,,,,,,,,,,,,,,,,,,,,,,,,,,,,,,,,,,,,,,,,,,,,,,,,,,,,"stoppable,play_time_mod_1.5",,
weak2/12,"rodhinbar,head,3,-477.4,0,0,6,1,1,0","rodhinbar,neck,-4,-434.4,2,0,9,1,1,0","rodhinbar,body,-12.8,-330.4,-5.5,0,6,1,1,0","rodhinbar,arm_up,-51,-348.4,17,0,5,1,1,0","rodhinbar,arm_low,-3.8,-300.4,87.2,0,4,1,1,0","rodhinbar,fist,69.2,-300,80.8,0,5,1,1,0","rodhinbar,arm_up,46,-339.6,9,1,26,1,1,0","rodhinbar,arm_low,68,-289.6,17.3,1,25,1,1,0","rodhinbar,fist,87.2,-218.4,38.7,1,26,1,1,0","rodhinbar,leg_up,-55,-186.4,-23.2,0,8,1,1,0","rodhinbar,leg_low,-97,-76.4,-16,0,10,1,1,0","rodhinbar,foot,-86.8,-13.4,-4.1,0,13,1,1,0","rodhinbar,leg_up,36,-194.4,22.7,0,12,1,1,0","rodhinbar,leg_low,50,-75.4,-1,0,13,1,1,0","rodhinbar,foot,78.2,-16.4,-1,0,15,1,1,0","rodhinbar,sword_base,-9.6,-261.2,-51,0,14,1,1,0","rodhinbar,bow_base,83.6,-252.4,115,0,27,1,1,0","rodhinbar,turban,-37.6,-454.8,0,0,4,1,1,0",,,,,,,,,"rodhinbar,quiver,-2.8,-237.2,-63,0,24,1,1,0",,,,,,,,,,,,,,,,,,,,,,,,,,,,,,,,,,,,,,,,,,,,,,,,,,,,,,,,,,,,,,,,,,,,,,,,,,,,,,,,,,,,,,,,,,"play_time_mod_0.5,stoppable",,
weak2special1/0,"rodhinbar,head,53,-455.4,-11,0,6,1,1,0","rodhinbar,neck,40.8,-421.2,-14,0,9,1,1,0","rodhinbar,body,11.2,-320.4,-10.5,0,6,1,1,0","rodhinbar,arm_up,15,-366.4,58,0,5,1,1,0","rodhinbar,arm_low,100.6,-323,75,0,4,1,1,0","rodhinbar,fist,172.8,-307.2,63.8,0,5,1,1,0","rodhinbar,arm_up,102,-339.6,41,1,18,1,1,0","rodhinbar,arm_low,163.6,-300,70,1,17,1,1,0","rodhinbar,fist,215.6,-285.6,93,1,26,1,1,0","rodhinbar,leg_up,-43,-190.4,-33.2,0,8,1,1,0","rodhinbar,leg_low,-109,-88.4,-30,0,10,1,1,0","rodhinbar,foot,-120.8,-19.4,-34.1,0,13,1,1,0","rodhinbar,leg_up,60,-186.4,34.7,0,12,1,1,0","rodhinbar,leg_low,82,-81.4,1,0,13,1,1,0","rodhinbar,foot,108.2,-18.4,-7,0,15,1,1,0","rodhinbar,sword_base,18.4,-245.2,-56,0,14,1,1,0","rodhinbar,bow_base,192.8,-324,157,0,27,1,1,0","rodhinbar,turban_speed1,-18.8,-445.2,40,0,4,1,1,0",,"rodhinbar,arrow,295.2,-314.4,-82,0,6,1,1,0",,,,,,,"rodhinbar,quiver,5.2,-237.2,-68,0,24,1,1,0",,,,,,,,,,,,,,,,,,,,,,,,,,,,,,,,,,,,,,,,,,,,,,,,,,,,,,,,,,,,,,,,,,,,,,,,,,,,,,,,,,,,,,,,,,play_time_mod_0.5,,
weak2special1/1,"rodhinbar,head,33,-453.4,-11,0,6,1,1,0","rodhinbar,neck,20.8,-419.2,-14,0,9,1,1,0","rodhinbar,body,-0.8,-320.4,-6.5,0,6,1,1,0","rodhinbar,arm_up,1,-384.4,87,0,5,1,1,0","rodhinbar,arm_low,98.8,-381.6,94,0,4,1,1,0","rodhinbar,fist,168.4,-391.2,93,0,5,1,1,0","rodhinbar,arm_up,102,-371.6,82,1,18,1,1,0","rodhinbar,arm_low,181.2,-370.8,87,1,17,1,1,0","rodhinbar,fist,253.6,-362.4,93,1,26,1,1,0","rodhinbar,leg_up,-57,-182.4,-39.2,0,8,1,1,0","rodhinbar,leg_low,-123,-96.4,-36,0,10,1,1,0","rodhinbar,foot,-140.8,-31.4,-41.1,0,13,1,1,0","rodhinbar,leg_up,62,-178.4,33.7,0,12,1,1,0","rodhinbar,leg_low,94,-77.4,5,0,13,1,1,0","rodhinbar,foot,124.2,-18.4,-7,0,15,1,1,0","rodhinbar,sword_base,4.4,-241.2,-50,0,14,1,1,0","rodhinbar,bow_draw_1,289.6,-405.6,179,0,28,1,1,0","rodhinbar,turban,-8.8,-437.2,1,0,4,1,1,0",,,,,,,,,"rodhinbar,quiver,1.2,-221.2,-73,0,24,1,1,0",,,,,,,,,,,,,,,,,,,,,,,,,,,,,,,,,,,,,,,,,,,,,,,,,,,,,,,,,,,,,,,,,,,,,,,,,,,,,,,,,,,,,,,,,,play_time_mod_0.3,,
weak2special1/2,"rodhinbar,head,33,-453.4,-16,0,6,1,1,0","rodhinbar,neck,20.8,-419.2,-14,0,9,1,1,0","rodhinbar,body,-0.8,-320.4,-9.5,0,6,1,1,0","rodhinbar,arm_up,-9,-388.4,96,0,5,1,1,0","rodhinbar,arm_low,10.8,-383.6,94,0,4,1,1,0","rodhinbar,fist,67.2,-396.8,87,0,5,1,1,0","rodhinbar,arm_up,102,-371.6,82,1,18,1,1,0","rodhinbar,arm_low,181.2,-370.8,86,1,17,1,1,0","rodhinbar,fist,253.6,-362.4,93,1,26,1,1,0","rodhinbar,leg_up,-51,-174.4,-29.2,0,8,1,1,0","rodhinbar,leg_low,-121,-86.4,-48,0,10,1,1,0","rodhinbar,foot,-140.8,-31.4,-47.1,0,13,1,1,0","rodhinbar,leg_up,62,-178.4,39.7,0,12,1,1,0","rodhinbar,leg_low,98,-77.4,1,0,13,1,1,0","rodhinbar,foot,128.2,-18.4,-2,0,15,1,1,0","rodhinbar,sword_base,4.4,-241.2,-53,0,14,1,1,0","rodhinbar,bow_draw_3,199.6,-405.6,179,0,28,1,1,0","rodhinbar,turban,-12.8,-441.2,-9,0,4,1,1,0",,,,,,,,,"rodhinbar,quiver,1.2,-221.2,-75,0,24,1,1,0",,,,,,,,,,,,,,,,,,,,,,,,,,,,,,,,,,,,,,,,,,,,,,,,,,,,,,,,,,,,,,,,,,,,,,,,,,,,,,,,,,,,,,,,,,play_time_mod_0.3,,
weak2special1/3,"rodhinbar,head,33,-453.4,-16,0,6,1,1,0","rodhinbar,neck,20.8,-419.2,-14,0,9,1,1,0","rodhinbar,body,-0.8,-320.4,-9.5,0,6,1,1,0","rodhinbar,arm_up,-79,-380.4,-72,0,5,0.8,0.8,0","rodhinbar,arm_low,-69.8,-378.4,97.2,0,5,1,1,0","rodhinbar,fist,-18.8,-386.4,82.8,0,6,1,1,0","rodhinbar,arm_up,102,-371.6,82,1,18,1,1,0","rodhinbar,arm_low,181.2,-370.8,86,1,17,1,1,0","rodhinbar,fist,253.6,-362.4,93,1,26,1,1,0","rodhinbar,leg_up,-51,-174.4,-29.2,0,8,1,1,0","rodhinbar,leg_low,-121,-86.4,-48,0,10,1,1,0","rodhinbar,foot,-140.8,-31.4,-47.1,0,13,1,1,0","rodhinbar,leg_up,62,-178.4,39.7,0,12,1,1,0","rodhinbar,leg_low,98,-77.4,1,0,13,1,1,0","rodhinbar,foot,128.2,-18.4,-2,0,15,1,1,0","rodhinbar,sword_base,4.4,-241.2,-53,0,14,1,1,0","rodhinbar,bow_draw_1,299.2,-392.8,180,0,28,1,1,0","rodhinbar,turban,-12.8,-441.2,-9,0,4,1,1,0",,,,,,,,,"rodhinbar,quiver,1.2,-221.2,-75,0,24,1,1,0",,,,,,,,,,,,,,,,,,,,,,,,,,,,,,,,,,,,,,,,,,,,,,,,,,,,,,,,,,,,,,,,,,,,,,,,,,,,,,,,,,,,,,,,,,play_time_mod_0.3,,"bow_small_loose,1000,1"
weak2special1/4,"rodhinbar,head,33,-453.4,-11,0,6,1,1,0","rodhinbar,neck,20.8,-419.2,-14,0,9,1,1,0","rodhinbar,body,-0.8,-320.4,-9.5,0,6,1,1,0","rodhinbar,arm_up,-79,-380.4,-72,0,5,0.8,0.8,0","rodhinbar,arm_low,-69.8,-378.4,97.2,0,5,1,1,0","rodhinbar,fist,-12.8,-382.4,75.8,0,6,1,1,0","rodhinbar,arm_up,102,-371.6,82,1,18,1,1,0","rodhinbar,arm_low,181.2,-370.8,86,1,17,1,1,0","rodhinbar,fist,253.6,-362.4,93,1,26,1,1,0","rodhinbar,leg_up,-51,-174.4,-29.2,0,8,1,1,0","rodhinbar,leg_low,-121,-86.4,-48,0,10,1,1,0","rodhinbar,foot,-140.8,-31.4,-47.1,0,13,1,1,0","rodhinbar,leg_up,62,-178.4,39.7,0,12,1,1,0","rodhinbar,leg_low,98,-77.4,1,0,13,1,1,0","rodhinbar,foot,128.2,-18.4,-2,0,15,1,1,0","rodhinbar,sword_base,4.4,-241.2,-53,0,14,1,1,0","rodhinbar,bow_base,225.2,-388.8,176,0,28,1,1,0","rodhinbar,turban_speed2,-36.8,-441.2,44,0,4,1,1,0",,,,,,,,,"rodhinbar,quiver,1.2,-221.2,-75,0,24,1,1,0",,,,,,,,,,,,,,,,,,,,,,,,,,,,,,,,,,,,,,,,,,,,,,,,,,,,,,,,,,,,,,,,,,,,,,,,,,,,,,,,,,"rodhinbar_arrow,speed,398,-397.6,-90,0,0,1,1,0",,,,,,,,stoppable,,"pierce_small,1000,1"
weak2special1/5,"rodhinbar,head,27,-457.4,-6,0,6,1,1,0","rodhinbar,neck,18.8,-421.2,-14,0,9,1,1,0","rodhinbar,body,-0.8,-320.4,-7.5,0,6,1,1,0","rodhinbar,arm_up,-16.8,-355.2,43,0,5,1,1,0","rodhinbar,arm_low,28.8,-314.8,52,0,5,1,1,0","rodhinbar,fist,90.8,-272.8,54,0,6,1,1,0","rodhinbar,arm_up,98,-371.6,77,1,18,1,1,0","rodhinbar,arm_low,181.2,-362.8,83,1,17,1,1,0","rodhinbar,fist,253.6,-350.4,90,1,26,1,1,0","rodhinbar,leg_up,-45,-178.4,-17.2,0,8,1,1,0","rodhinbar,leg_low,-103,-86.4,-38,0,10,1,1,0","rodhinbar,foot,-114.8,-21.4,-34.1,0,13,1,1,0","rodhinbar,leg_up,62,-178.4,39.7,0,12,1,1,0","rodhinbar,leg_low,98,-77.4,1,0,13,1,1,0","rodhinbar,foot,128.2,-18.4,-2,0,15,1,1,0","rodhinbar,sword_base,4.4,-241.2,-53,0,14,1,1,0","rodhinbar,bow_base,225.2,-366.8,172,0,28,1,1,0","rodhinbar,turban_speed1,-34.8,-433.2,69,0,4,1,1,0",,,,,,,,,"rodhinbar,quiver,1.2,-221.2,-75,0,24,1,1,0",,,,,,,,,,,,,,,,,,,,,,,,,,,,,,,,,,,,,,,,,,,,,,,,,,,,,,,,,,,,,,,,,,,,,,,,,,,,,,,,,,,,,,,,,,stoppable,,
weak2special1/6,"rodhinbar,head,3,-477.4,0,0,6,1,1,0","rodhinbar,neck,-4,-434.4,2,0,9,1,1,0","rodhinbar,body,-12.8,-330.4,-5.5,0,6,1,1,0","rodhinbar,arm_up,-51,-348.4,17,0,5,1,1,0","rodhinbar,arm_low,-3.8,-300.4,87.2,0,4,1,1,0","rodhinbar,fist,69.2,-300,80.8,0,5,1,1,0","rodhinbar,arm_up,46,-339.6,9,1,26,1,1,0","rodhinbar,arm_low,68,-289.6,17.3,1,25,1,1,0","rodhinbar,fist,87.2,-218.4,38.7,1,26,1,1,0","rodhinbar,leg_up,-55,-186.4,-23.2,0,8,1,1,0","rodhinbar,leg_low,-97,-76.4,-16,0,10,1,1,0","rodhinbar,foot,-86.8,-13.4,-4.1,0,13,1,1,0","rodhinbar,leg_up,36,-194.4,22.7,0,12,1,1,0","rodhinbar,leg_low,50,-75.4,-1,0,13,1,1,0","rodhinbar,foot,78.2,-16.4,-1,0,15,1,1,0","rodhinbar,sword_base,-9.6,-261.2,-51,0,14,1,1,0","rodhinbar,bow_base,83.6,-252.4,115,0,27,1,1,0","rodhinbar,turban,-37.6,-454.8,0,0,4,1,1,0",,,,,,,,,"rodhinbar,quiver,-2.8,-237.2,-63,0,24,1,1,0",,,,,,,,,,,,,,,,,,,,,,,,,,,,,,,,,,,,,,,,,,,,,,,,,,,,,,,,,,,,,,,,,,,,,,,,,,,,,,,,,,,,,,,,,,"play_time_mod_0.5,stoppable",,
weak2special2/0,"rodhinbar,head,27,-457.4,-6,0,6,1,1,0","rodhinbar,neck,18.8,-421.2,-14,0,9,1,1,0","rodhinbar,body,-0.8,-320.4,-7.5,0,6,1,1,0","rodhinbar,arm_up,-2.8,-365.2,60,0,5,1,1,0","rodhinbar,arm_low,84.8,-322.8,76,0,5,1,1,0","rodhinbar,fist,146,-297.6,61,0,6,1,1,0","rodhinbar,arm_up,98,-373.6,86,1,18,1,1,0","rodhinbar,arm_low,181.2,-376.8,92,1,17,1,1,0","rodhinbar,fist,253.6,-376.4,101,1,26,1,1,0","rodhinbar,leg_up,-45,-178.4,-17.2,0,8,1,1,0","rodhinbar,leg_low,-103,-86.4,-38,0,10,1,1,0","rodhinbar,foot,-114.8,-21.4,-34.1,0,13,1,1,0","rodhinbar,leg_up,62,-178.4,39.7,0,12,1,1,0","rodhinbar,leg_low,98,-77.4,1,0,13,1,1,0","rodhinbar,foot,128.2,-18.4,-2,0,15,1,1,0","rodhinbar,sword_base,4.4,-241.2,-53,0,14,1,1,0","rodhinbar,bow_base,225.2,-384.8,180,0,28,1,1,0","rodhinbar,turban_speed1,-34.8,-433.2,69,0,4,1,1,0",,"rodhinbar,arrow,90.8,-240.8,130,0,26,1,1,0","rodhinbar,arrow,86.4,-233.6,141,0,27,1,1,0","rodhinbar,arrow,97.2,-231.6,131,0,27,1,1,0",,,,,"rodhinbar,quiver,1.2,-221.2,-67,0,24,1,1,0",,,,,,,,,,,,,,,,,,,,,,,,,,,,,,,,,,,,,,,,,,,,,,,,,,,,,,,,,,,,,,,,,,,,,,,,,,,,,,,,,,,,,,,,,,play_time_mod_0.5,,
weak2special2/1,"rodhinbar,head,33,-453.4,-11,0,6,1,1,0","rodhinbar,neck,20.8,-419.2,-14,0,9,1,1,0","rodhinbar,body,-0.8,-320.4,-6.5,0,6,1,1,0","rodhinbar,arm_up,1,-384.4,87,0,5,1,1,0","rodhinbar,arm_low,98.8,-381.6,94,0,4,1,1,0","rodhinbar,fist,168.4,-391.2,93,0,5,1,1,0","rodhinbar,arm_up,102,-371.6,82,1,18,1,1,0","rodhinbar,arm_low,181.2,-370.8,87,1,17,1,1,0","rodhinbar,fist,253.6,-362.4,93,1,26,1,1,0","rodhinbar,leg_up,-57,-182.4,-39.2,0,8,1,1,0","rodhinbar,leg_low,-123,-96.4,-36,0,10,1,1,0","rodhinbar,foot,-140.8,-31.4,-41.1,0,13,1,1,0","rodhinbar,leg_up,62,-178.4,33.7,0,12,1,1,0","rodhinbar,leg_low,94,-77.4,5,0,13,1,1,0","rodhinbar,foot,124.2,-18.4,-7,0,15,1,1,0","rodhinbar,sword_base,4.4,-241.2,-50,0,14,1,1,0","rodhinbar,bow_draw_1,289.6,-405.6,179,0,28,1,1,0","rodhinbar,turban,-8.8,-437.2,1,0,4,1,1,0",,,"rodhinbar,arrow,181.4,-290.6,-175,0,6,1,1,0","rodhinbar,arrow,148.2,-294.6,166,0,6,1,1,0",,,,,"rodhinbar,quiver,1.2,-221.2,-73,0,24,1,1,0",,,,,,,,,,,,,,,,,,,,,,,,,,,,,,,,,,,,,,,,,,,,,,,,,,,,,,,,,,,,,,,,,,,,,,,,,,,,,,,,,,,,,,,,,,play_time_mod_0.3,,
weak2special2/2,"rodhinbar,head,33,-453.4,-16,0,6,1,1,0","rodhinbar,neck,20.8,-419.2,-14,0,9,1,1,0","rodhinbar,body,-0.8,-320.4,-9.5,0,6,1,1,0","rodhinbar,arm_up,-9,-388.4,96,0,5,1,1,0","rodhinbar,arm_low,10.8,-383.6,94,0,4,1,1,0","rodhinbar,fist,67.2,-396.8,87,0,5,1,1,0","rodhinbar,arm_up,102,-371.6,82,1,18,1,1,0","rodhinbar,arm_low,181.2,-370.8,86,1,17,1,1,0","rodhinbar,fist,253.6,-362.4,93,1,26,1,1,0","rodhinbar,leg_up,-51,-174.4,-29.2,0,8,1,1,0","rodhinbar,leg_low,-121,-86.4,-48,0,10,1,1,0","rodhinbar,foot,-140.8,-31.4,-47.1,0,13,1,1,0","rodhinbar,leg_up,62,-178.4,39.7,0,12,1,1,0","rodhinbar,leg_low,98,-77.4,1,0,13,1,1,0","rodhinbar,foot,128.2,-18.4,-2,0,15,1,1,0","rodhinbar,sword_base,4.4,-241.2,-53,0,14,1,1,0","rodhinbar,bow_draw_3,199.6,-405.6,179,0,28,1,1,0","rodhinbar,turban,-12.8,-441.2,-9,0,4,1,1,0",,,"rodhinbar,arrow,79.8,-298.4,-175,0,6,1,1,0","rodhinbar,arrow,46.6,-302.4,166,0,6,1,1,0",,,,,"rodhinbar,quiver,1.2,-221.2,-75,0,24,1,1,0",,,,,,,,,,,,,,,,,,,,,,,,,,,,,,,,,,,,,,,,,,,,,,,,,,,,,,,,,,,,,,,,,,,,,,,,,,,,,,,,,,,,,,,,,,play_time_mod_0.3,,
weak2special2/3,"rodhinbar,head,33,-453.4,-16,0,6,1,1,0","rodhinbar,neck,20.8,-419.2,-14,0,9,1,1,0","rodhinbar,body,-0.8,-320.4,-9.5,0,6,1,1,0","rodhinbar,arm_up,-71,-380.4,-72,0,5,0.8,0.8,0","rodhinbar,arm_low,-51.8,-378.4,94.2,0,5,1,1,0","rodhinbar,fist,37.2,-386.4,84.8,0,4,1,1,0","rodhinbar,arm_up,102,-371.6,82,1,18,1,1,0","rodhinbar,arm_low,181.2,-370.8,86,1,17,1,1,0","rodhinbar,fist,253.6,-362.4,93,1,26,1,1,0","rodhinbar,leg_up,-51,-174.4,-29.2,0,8,1,1,0","rodhinbar,leg_low,-121,-86.4,-48,0,10,1,1,0","rodhinbar,foot,-140.8,-31.4,-47.1,0,13,1,1,0","rodhinbar,leg_up,62,-178.4,39.7,0,12,1,1,0","rodhinbar,leg_low,98,-77.4,1,0,13,1,1,0","rodhinbar,foot,128.2,-18.4,-2,0,15,1,1,0","rodhinbar,sword_base,4.4,-241.2,-53,0,14,1,1,0","rodhinbar,bow_draw_1,299.2,-392.8,180,0,28,1,1,0","rodhinbar,turban,-12.8,-441.2,-9,0,4,1,1,0",,,"rodhinbar,arrow,67.8,-290.4,-172,0,5,1,1,0","rodhinbar,arrow,34.6,-294.4,169,0,5,1,1,0",,,,,"rodhinbar,quiver,1.2,-221.2,-75,0,24,1,1,0",,,,,,,,,,,,,,,,,,,,,,,,,,,,,,,,,,,,,,,,,,,,,,,,,,,,,,,,,,,,,,,,,,,,,,,,,,,,,,,,,,,,,,,,,,play_time_mod_0.3,,"bow_small_loose,1000,1"
weak2special2/4,"rodhinbar,head,33,-453.4,-11,0,6,1,1,0","rodhinbar,neck,20.8,-419.2,-14,0,9,1,1,0","rodhinbar,body,-0.8,-320.4,-9.5,0,6,1,1,0","rodhinbar,arm_up,-71,-386.4,-66,0,5,0.8,0.8,0","rodhinbar,arm_low,-39.8,-378.4,96.2,0,5,1,1,0","rodhinbar,fist,37.2,-392.4,92.8,0,4,1,1,0","rodhinbar,arm_up,102,-371.6,82,1,18,1,1,0","rodhinbar,arm_low,181.2,-370.8,86,1,17,1,1,0","rodhinbar,fist,253.6,-362.4,93,1,26,1,1,0","rodhinbar,leg_up,-51,-174.4,-29.2,0,8,1,1,0","rodhinbar,leg_low,-121,-86.4,-48,0,10,1,1,0","rodhinbar,foot,-140.8,-31.4,-47.1,0,13,1,1,0","rodhinbar,leg_up,62,-178.4,39.7,0,12,1,1,0","rodhinbar,leg_low,98,-77.4,1,0,13,1,1,0","rodhinbar,foot,128.2,-18.4,-2,0,15,1,1,0","rodhinbar,sword_base,4.4,-241.2,-53,0,14,1,1,0","rodhinbar,bow_base,225.2,-388.8,176,0,28,1,1,0","rodhinbar,turban_speed2,-36.8,-441.2,44,0,4,1,1,0",,,"rodhinbar,arrow,67.8,-296.4,-166,0,5,1,1,0","rodhinbar,arrow,34.6,-300.4,175,0,5,1,1,0",,,,,"rodhinbar,quiver,1.2,-221.2,-75,0,24,1,1,0",,,,,,,,,,,,,,,,,,,,,,,,,,,,,,,,,,,,,,,,,,,,,,,,,,,,,,,,,,,,,,,,,,,,,,,,,,,,,,,,,,"rodhinbar_arrow,speed,398,-397.6,-90,0,0,1,1,0",,,,,,,,play_time_mod_0.3,,"pierce_small,1000,1"
weak2special2/5,"rodhinbar,head,33,-453.4,-11,0,6,1,1,0","rodhinbar,neck,20.8,-419.2,-14,0,9,1,1,0","rodhinbar,body,-0.8,-320.4,-6.5,0,6,1,1,0","rodhinbar,arm_up,1,-384.4,87,0,5,1,1,0","rodhinbar,arm_low,98.8,-381.6,94,0,4,1,1,0","rodhinbar,fist,168.4,-391.2,93,0,5,1,1,0","rodhinbar,arm_up,102,-371.6,82,1,18,1,1,0","rodhinbar,arm_low,181.2,-370.8,87,1,17,1,1,0","rodhinbar,fist,253.6,-362.4,93,1,26,1,1,0","rodhinbar,leg_up,-57,-182.4,-39.2,0,8,1,1,0","rodhinbar,leg_low,-123,-96.4,-36,0,10,1,1,0","rodhinbar,foot,-140.8,-31.4,-41.1,0,13,1,1,0","rodhinbar,leg_up,62,-178.4,33.7,0,12,1,1,0","rodhinbar,leg_low,94,-77.4,5,0,13,1,1,0","rodhinbar,foot,124.2,-18.4,-7,0,15,1,1,0","rodhinbar,sword_base,4.4,-241.2,-50,0,14,1,1,0","rodhinbar,bow_draw_1,289.6,-405.6,179,0,28,1,1,0","rodhinbar,turban_speed1,-32.8,-435.2,54,0,4,1,1,0",,,"rodhinbar,arrow,181.4,-290.6,-175,0,6,1,1,0",,,,,,"rodhinbar,quiver,1.2,-221.2,-73,0,24,1,1,0",,,,,,,,,,,,,,,,,,,,,,,,,,,,,,,,,,,,,,,,,,,,,,,,,,,,,,,,,,,,,,,,,,,,,,,,,,,,,,,,,,,,,,,,,,play_time_mod_0.3,,
weak2special2/6,"rodhinbar,head,33,-453.4,-16,0,6,1,1,0","rodhinbar,neck,20.8,-419.2,-14,0,9,1,1,0","rodhinbar,body,-0.8,-320.4,-9.5,0,6,1,1,0","rodhinbar,arm_up,-9,-388.4,96,0,5,1,1,0","rodhinbar,arm_low,10.8,-383.6,94,0,4,1,1,0","rodhinbar,fist,67.2,-396.8,87,0,5,1,1,0","rodhinbar,arm_up,102,-371.6,82,1,18,1,1,0","rodhinbar,arm_low,181.2,-370.8,86,1,17,1,1,0","rodhinbar,fist,253.6,-362.4,93,1,26,1,1,0","rodhinbar,leg_up,-51,-174.4,-29.2,0,8,1,1,0","rodhinbar,leg_low,-121,-86.4,-48,0,10,1,1,0","rodhinbar,foot,-140.8,-31.4,-47.1,0,13,1,1,0","rodhinbar,leg_up,62,-178.4,39.7,0,12,1,1,0","rodhinbar,leg_low,98,-77.4,1,0,13,1,1,0","rodhinbar,foot,128.2,-18.4,-2,0,15,1,1,0","rodhinbar,sword_base,4.4,-241.2,-53,0,14,1,1,0","rodhinbar,bow_draw_3,199.6,-405.6,179,0,28,1,1,0","rodhinbar,turban_speed2,-32.8,-441.2,61,0,4,1,1,0",,,"rodhinbar,arrow,79.8,-298.4,-175,0,6,1,1,0",,,,,,"rodhinbar,quiver,1.2,-221.2,-75,0,24,1,1,0",,,,,,,,,,,,,,,,,,,,,,,,,,,,,,,,,,,,,,,,,,,,,,,,,,,,,,,,,,,,,,,,,,,,,,,,,,,,,,,,,,,,,,,,,,play_time_mod_0.3,,
weak2special2/7,"rodhinbar,head,33,-453.4,-16,0,6,1,1,0","rodhinbar,neck,20.8,-419.2,-14,0,9,1,1,0","rodhinbar,body,-0.8,-320.4,-9.5,0,6,1,1,0","rodhinbar,arm_up,-71,-380.4,-72,0,5,0.8,0.8,0","rodhinbar,arm_low,-51.8,-378.4,94.2,0,5,1,1,0","rodhinbar,fist,37.2,-386.4,84.8,0,4,1,1,0","rodhinbar,arm_up,102,-371.6,82,1,18,1,1,0","rodhinbar,arm_low,181.2,-370.8,86,1,17,1,1,0","rodhinbar,fist,253.6,-362.4,93,1,26,1,1,0","rodhinbar,leg_up,-51,-174.4,-29.2,0,8,1,1,0","rodhinbar,leg_low,-121,-86.4,-48,0,10,1,1,0","rodhinbar,foot,-140.8,-31.4,-47.1,0,13,1,1,0","rodhinbar,leg_up,62,-178.4,39.7,0,12,1,1,0","rodhinbar,leg_low,98,-77.4,1,0,13,1,1,0","rodhinbar,foot,128.2,-18.4,-2,0,15,1,1,0","rodhinbar,sword_base,4.4,-241.2,-53,0,14,1,1,0","rodhinbar,bow_draw_1,299.2,-392.8,180,0,28,1,1,0","rodhinbar,turban_speed1,-32.8,-439.2,54,0,4,1,1,0",,,"rodhinbar,arrow,67.8,-290.4,-172,0,5,1,1,0",,,,,,"rodhinbar,quiver,1.2,-221.2,-75,0,24,1,1,0",,,,,,,,,,,,,,,,,,,,,,,,,,,,,,,,,,,,,,,,,,,,,,,,,,,,,,,,,,,,,,,,,,,,,,,,,,,,,,,,,,,,,,,,,,play_time_mod_0.3,,"bow_small_loose,1000,1"
weak2special2/8,"rodhinbar,head,33,-453.4,-11,0,6,1,1,0","rodhinbar,neck,20.8,-419.2,-14,0,9,1,1,0","rodhinbar,body,-0.8,-320.4,-9.5,0,6,1,1,0","rodhinbar,arm_up,-71,-386.4,-66,0,5,0.8,0.8,0","rodhinbar,arm_low,-39.8,-378.4,96.2,0,5,1,1,0","rodhinbar,fist,37.2,-392.4,92.8,0,4,1,1,0","rodhinbar,arm_up,102,-371.6,82,1,18,1,1,0","rodhinbar,arm_low,181.2,-370.8,86,1,17,1,1,0","rodhinbar,fist,253.6,-362.4,93,1,26,1,1,0","rodhinbar,leg_up,-51,-174.4,-29.2,0,8,1,1,0","rodhinbar,leg_low,-121,-86.4,-48,0,10,1,1,0","rodhinbar,foot,-140.8,-31.4,-47.1,0,13,1,1,0","rodhinbar,leg_up,62,-178.4,39.7,0,12,1,1,0","rodhinbar,leg_low,98,-77.4,1,0,13,1,1,0","rodhinbar,foot,128.2,-18.4,-2,0,15,1,1,0","rodhinbar,sword_base,4.4,-241.2,-53,0,14,1,1,0","rodhinbar,bow_base,225.2,-388.8,176,0,28,1,1,0","rodhinbar,turban_speed2,-36.8,-441.2,44,0,4,1,1,0",,,"rodhinbar,arrow,67.8,-296.4,-166,0,5,1,1,0",,,,,,"rodhinbar,quiver,1.2,-221.2,-75,0,24,1,1,0",,,,,,,,,,,,,,,,,,,,,,,,,,,,,,,,,,,,,,,,,,,,,,,,,,,,,,,,,,,,,,,,,,,,,,,,,,,,,,,,,,"rodhinbar_arrow,speed,398,-397.6,-90,0,0,1,1,0",,,,,,,,play_time_mod_0.3,,"pierce_small,1000,1"
weak2special2/9,"rodhinbar,head,33,-453.4,-11,0,6,1,1,0","rodhinbar,neck,20.8,-419.2,-14,0,9,1,1,0","rodhinbar,body,-0.8,-320.4,-6.5,0,6,1,1,0","rodhinbar,arm_up,1,-384.4,87,0,5,1,1,0","rodhinbar,arm_low,98.8,-381.6,94,0,4,1,1,0","rodhinbar,fist,168.4,-391.2,93,0,5,1,1,0","rodhinbar,arm_up,102,-371.6,82,1,18,1,1,0","rodhinbar,arm_low,181.2,-370.8,87,1,17,1,1,0","rodhinbar,fist,253.6,-362.4,93,1,26,1,1,0","rodhinbar,leg_up,-57,-182.4,-39.2,0,8,1,1,0","rodhinbar,leg_low,-123,-96.4,-36,0,10,1,1,0","rodhinbar,foot,-140.8,-31.4,-41.1,0,13,1,1,0","rodhinbar,leg_up,62,-178.4,33.7,0,12,1,1,0","rodhinbar,leg_low,94,-77.4,5,0,13,1,1,0","rodhinbar,foot,124.2,-18.4,-7,0,15,1,1,0","rodhinbar,sword_base,4.4,-241.2,-50,0,14,1,1,0","rodhinbar,bow_draw_1,289.6,-405.6,179,0,28,1,1,0","rodhinbar,turban_speed1,-32.8,-435.2,54,0,4,1,1,0",,,,,,,,,"rodhinbar,quiver,1.2,-221.2,-73,0,24,1,1,0",,,,,,,,,,,,,,,,,,,,,,,,,,,,,,,,,,,,,,,,,,,,,,,,,,,,,,,,,,,,,,,,,,,,,,,,,,,,,,,,,,,,,,,,,,play_time_mod_0.3,,
weak2special2/10,"rodhinbar,head,33,-453.4,-16,0,6,1,1,0","rodhinbar,neck,20.8,-419.2,-14,0,9,1,1,0","rodhinbar,body,-0.8,-320.4,-9.5,0,6,1,1,0","rodhinbar,arm_up,-9,-388.4,96,0,5,1,1,0","rodhinbar,arm_low,10.8,-383.6,94,0,4,1,1,0","rodhinbar,fist,67.2,-396.8,87,0,5,1,1,0","rodhinbar,arm_up,102,-371.6,82,1,18,1,1,0","rodhinbar,arm_low,181.2,-370.8,86,1,17,1,1,0","rodhinbar,fist,253.6,-362.4,93,1,26,1,1,0","rodhinbar,leg_up,-51,-174.4,-29.2,0,8,1,1,0","rodhinbar,leg_low,-121,-86.4,-48,0,10,1,1,0","rodhinbar,foot,-140.8,-31.4,-47.1,0,13,1,1,0","rodhinbar,leg_up,62,-178.4,39.7,0,12,1,1,0","rodhinbar,leg_low,98,-77.4,1,0,13,1,1,0","rodhinbar,foot,128.2,-18.4,-2,0,15,1,1,0","rodhinbar,sword_base,4.4,-241.2,-53,0,14,1,1,0","rodhinbar,bow_draw_3,199.6,-405.6,179,0,28,1,1,0","rodhinbar,turban_speed2,-32.8,-441.2,61,0,4,1,1,0",,,,,,,,,"rodhinbar,quiver,1.2,-221.2,-75,0,24,1,1,0",,,,,,,,,,,,,,,,,,,,,,,,,,,,,,,,,,,,,,,,,,,,,,,,,,,,,,,,,,,,,,,,,,,,,,,,,,,,,,,,,,,,,,,,,,play_time_mod_0.3,,
weak2special2/11,"rodhinbar,head,33,-453.4,-16,0,6,1,1,0","rodhinbar,neck,20.8,-419.2,-14,0,9,1,1,0","rodhinbar,body,-0.8,-320.4,-9.5,0,6,1,1,0","rodhinbar,arm_up,-71,-380.4,-72,0,5,0.8,0.8,0","rodhinbar,arm_low,-51.8,-378.4,94.2,0,5,1,1,0","rodhinbar,fist,37.2,-386.4,84.8,0,4,1,1,0","rodhinbar,arm_up,102,-371.6,82,1,18,1,1,0","rodhinbar,arm_low,181.2,-370.8,86,1,17,1,1,0","rodhinbar,fist,253.6,-362.4,93,1,26,1,1,0","rodhinbar,leg_up,-51,-174.4,-29.2,0,8,1,1,0","rodhinbar,leg_low,-121,-86.4,-48,0,10,1,1,0","rodhinbar,foot,-140.8,-31.4,-47.1,0,13,1,1,0","rodhinbar,leg_up,62,-178.4,39.7,0,12,1,1,0","rodhinbar,leg_low,98,-77.4,1,0,13,1,1,0","rodhinbar,foot,128.2,-18.4,-2,0,15,1,1,0","rodhinbar,sword_base,4.4,-241.2,-53,0,14,1,1,0","rodhinbar,bow_draw_1,299.2,-392.8,180,0,28,1,1,0","rodhinbar,turban_speed1,-32.8,-439.2,54,0,4,1,1,0",,,,,,,,,"rodhinbar,quiver,1.2,-221.2,-75,0,24,1,1,0",,,,,,,,,,,,,,,,,,,,,,,,,,,,,,,,,,,,,,,,,,,,,,,,,,,,,,,,,,,,,,,,,,,,,,,,,,,,,,,,,,,,,,,,,,play_time_mod_0.3,,"bow_small_loose,1000,1"
weak2special2/12,"rodhinbar,head,33,-453.4,-11,0,6,1,1,0","rodhinbar,neck,20.8,-419.2,-14,0,9,1,1,0","rodhinbar,body,-0.8,-320.4,-9.5,0,6,1,1,0","rodhinbar,arm_up,-71,-386.4,-66,0,5,0.8,0.8,0","rodhinbar,arm_low,-39.8,-378.4,96.2,0,5,1,1,0","rodhinbar,fist,37.2,-392.4,92.8,0,4,1,1,0","rodhinbar,arm_up,102,-371.6,82,1,18,1,1,0","rodhinbar,arm_low,181.2,-370.8,86,1,17,1,1,0","rodhinbar,fist,253.6,-362.4,93,1,26,1,1,0","rodhinbar,leg_up,-51,-174.4,-29.2,0,8,1,1,0","rodhinbar,leg_low,-121,-86.4,-48,0,10,1,1,0","rodhinbar,foot,-140.8,-31.4,-47.1,0,13,1,1,0","rodhinbar,leg_up,62,-178.4,39.7,0,12,1,1,0","rodhinbar,leg_low,98,-77.4,1,0,13,1,1,0","rodhinbar,foot,128.2,-18.4,-2,0,15,1,1,0","rodhinbar,sword_base,4.4,-241.2,-53,0,14,1,1,0","rodhinbar,bow_base,225.2,-388.8,176,0,28,1,1,0","rodhinbar,turban_speed2,-36.8,-441.2,44,0,4,1,1,0",,,,,,,,,"rodhinbar,quiver,1.2,-221.2,-75,0,24,1,1,0",,,,,,,,,,,,,,,,,,,,,,,,,,,,,,,,,,,,,,,,,,,,,,,,,,,,,,,,,,,,,,,,,,,,,,,,,,,,,,,,,,"rodhinbar_arrow,speed,398,-397.6,-90,0,0,1,1,0",,,,,,,,stoppable,,"pierce_small,1000,1"
weak2special2/13,"rodhinbar,head,27,-457.4,-6,0,6,1,1,0","rodhinbar,neck,18.8,-421.2,-14,0,9,1,1,0","rodhinbar,body,-0.8,-320.4,-7.5,0,6,1,1,0","rodhinbar,arm_up,-26.8,-341.2,28,0,5,1,1,0","rodhinbar,arm_low,10.8,-282.8,42,0,5,1,1,0","rodhinbar,fist,52.8,-240,43,0,6,1,1,0","rodhinbar,arm_up,98,-371.6,77,1,18,1,1,0","rodhinbar,arm_low,181.2,-362.8,83,1,17,1,1,0","rodhinbar,fist,253.6,-350.4,90,1,26,1,1,0","rodhinbar,leg_up,-45,-178.4,-17.2,0,8,1,1,0","rodhinbar,leg_low,-103,-86.4,-38,0,10,1,1,0","rodhinbar,foot,-114.8,-21.4,-34.1,0,13,1,1,0","rodhinbar,leg_up,62,-178.4,39.7,0,12,1,1,0","rodhinbar,leg_low,98,-77.4,1,0,13,1,1,0","rodhinbar,foot,128.2,-18.4,-2,0,15,1,1,0","rodhinbar,sword_base,4.4,-241.2,-53,0,14,1,1,0","rodhinbar,bow_base,225.2,-366.8,172,0,28,1,1,0","rodhinbar,turban_speed1,-34.8,-433.2,69,0,4,1,1,0",,,,,,,,,"rodhinbar,quiver,1.2,-221.2,-75,0,24,1,1,0",,,,,,,,,,,,,,,,,,,,,,,,,,,,,,,,,,,,,,,,,,,,,,,,,,,,,,,,,,,,,,,,,,,,,,,,,,,,,,,,,,,,,,,,,,stoppable,,
weak2special2/14,"rodhinbar,head,3,-477.4,0,0,6,1,1,0","rodhinbar,neck,-4,-434.4,2,0,9,1,1,0","rodhinbar,body,-12.8,-330.4,-5.5,0,6,1,1,0","rodhinbar,arm_up,-51,-348.4,17,0,5,1,1,0","rodhinbar,arm_low,-3.8,-300.4,87.2,0,4,1,1,0","rodhinbar,fist,69.2,-300,80.8,0,5,1,1,0","rodhinbar,arm_up,46,-339.6,9,1,26,1,1,0","rodhinbar,arm_low,68,-289.6,17.3,1,25,1,1,0","rodhinbar,fist,87.2,-218.4,38.7,1,26,1,1,0","rodhinbar,leg_up,-55,-186.4,-23.2,0,8,1,1,0","rodhinbar,leg_low,-97,-76.4,-16,0,10,1,1,0","rodhinbar,foot,-86.8,-13.4,-4.1,0,13,1,1,0","rodhinbar,leg_up,36,-194.4,22.7,0,12,1,1,0","rodhinbar,leg_low,50,-75.4,-1,0,13,1,1,0","rodhinbar,foot,78.2,-16.4,-1,0,15,1,1,0","rodhinbar,sword_base,-9.6,-261.2,-51,0,14,1,1,0","rodhinbar,bow_base,83.6,-252.4,115,0,27,1,1,0","rodhinbar,turban,-37.6,-454.8,0,0,4,1,1,0",,,,,,,,,"rodhinbar,quiver,-2.8,-237.2,-63,0,24,1,1,0",,,,,,,,,,,,,,,,,,,,,,,,,,,,,,,,,,,,,,,,,,,,,,,,,,,,,,,,,,,,,,,,,,,,,,,,,,,,,,,,,,,,,,,,,,"play_time_mod_0.5,stoppable",,
weak2strong2/0,"rodhinbar,head,-15,-461.4,-5,0,6,1,1,0","rodhinbar,neck,-26,-426.4,7,0,9,1,1,0","rodhinbar,body,-34.8,-322.4,-1.5,0,6,1,1,0","rodhinbar,arm_up,-77,-340.4,18,0,5,1,1,0","rodhinbar,arm_low,-24,-304,103,0,4,1,1,0","rodhinbar,fist,48,-326.8,100,0,5,1,1,0","rodhinbar,arm_up,24,-347.6,27,1,26,1,1,0","rodhinbar,arm_low,60,-289.6,26.3,1,25,1,1,0","rodhinbar,fist,67.2,-236.4,92.7,1,26,1,1,0","rodhinbar,leg_up,-51,-186.4,-11.2,0,8,1,1,0","rodhinbar,leg_low,-85,-72.4,-18,0,10,1,1,0","rodhinbar,foot,-78.8,-11.4,-7.1,0,13,1,1,0","rodhinbar,leg_up,54,-212.4,72.7,0,12,1,1,0","rodhinbar,leg_low,112,-127.6,6,0,13,1,1,0","rodhinbar,foot,139.2,-71.6,8,0,15,1,1,0","rodhinbar,sword_base,-27.6,-257.2,-48,0,14,1,1,0","rodhinbar,bow_base,53.6,-272.4,125,0,27,1,1,0","rodhinbar,turban,-67.6,-446.8,-14,0,4,1,1,0",,,,,,,,,"rodhinbar,quiver,-28.8,-239.2,-64,0,24,1,1,0",,,,,,,,,,,,,,,,,,,,,,,,,,,,,,,,,,,,,,,,,,,,,,,,,,,,,,,,,,,,,,,,,,,,,,,,,,,,,,,,,,,,,,,,,,,,
weak2strong2/1,"rodhinbar,head,13,-461.4,-13,0,6,1,1,0","rodhinbar,neck,2,-422.4,2,0,9,1,1,0","rodhinbar,body,-14.8,-322.4,-3.5,0,6,1,1,0","rodhinbar,arm_up,-19,-358.4,63,0,5,1,1,0","rodhinbar,arm_low,70.8,-341.6,103,0,4,1,1,0","rodhinbar,fist,97.6,-364,-143,0,5,1,1,0","rodhinbar,arm_up,44,-329.6,12,1,26,1,1,0","rodhinbar,arm_low,62,-271.6,8.3,1,25,1,1,0","rodhinbar,fist,67.2,-236.4,31,1,26,1,1,0","rodhinbar,leg_up,-51,-186.4,-16.2,0,8,1,1,0","rodhinbar,leg_low,-85,-72.4,-18,0,10,1,1,0","rodhinbar,foot,-78.8,-11.4,-7.1,0,13,1,1,0","rodhinbar,leg_up,50,-182.4,41.7,0,12,1,1,0","rodhinbar,leg_low,84,-87.6,8,0,13,1,1,0","rodhinbar,foot,119.6,-30.8,6,0,15,1,1,0","rodhinbar,sword_base,18.8,-304,-55,0,14,1,1,0","rodhinbar,bow_base,53.6,-256.4,117,0,27,1,1,0","rodhinbar,turban,-35.6,-448.8,-14,0,4,1,1,0",,,,,,,,,"rodhinbar,quiver,-12.8,-239.2,-64,0,24,1,1,0",,,,,,,,,,,,,,,,,,,,,,,,,,,,,,,,,,,,,,,,,,,,,,,,,,,,,,,,,,,,,,,,,,,,,,,,,,,,,,,,,,,,,,,,,,play_time_mod_0.6,,"sword_unsheathe,500,5"
weak2strong2/2,"rodhinbar,head,43,-457.4,-13,0,6,1,1,0","rodhinbar,neck,32,-418.4,2,0,9,1,1,0","rodhinbar,body,3.2,-322.4,-13.5,0,6,1,1,0","rodhinbar,arm_up,13,-370.4,66,0,5,1,1,0","rodhinbar,arm_low,88.8,-379.6,131,0,4,1,1,0","rodhinbar,fist,137.6,-420,107,0,5,1,1,0","rodhinbar,arm_up,72,-299.6,12,1,26,1,1,0","rodhinbar,arm_low,96,-237.6,13.3,1,26,1,1,0","rodhinbar,fist,105.2,-190.4,31,1,26,1,1,0","rodhinbar,leg_up,-49,-182.4,-18.2,0,8,1,1,0","rodhinbar,leg_low,-85,-72.4,-18,0,10,1,1,0","rodhinbar,foot,-78.8,-11.4,-7.1,0,13,1,1,0","rodhinbar,leg_up,54,-178.4,30.7,0,12,1,1,0","rodhinbar,leg_low,76,-69.6,1,0,13,1,1,0","rodhinbar,foot,99.6,-16.8,6,0,15,1,1,0","rodhinbar,sword_base,114.8,-514,-163,1,14,1,1,0","rodhinbar,bow_base,91.6,-210.4,117,0,27,1,1,0","rodhinbar,turban_speed1,-29.6,-446.8,38,0,4,1,1,0",,,,,,,,,"rodhinbar,quiver,-4.8,-239.2,-67,0,24,1,1,0",,,,,,,,,,,,,,,,,,,,,,,,,,,,,,,,,,,,,,,,,,,,,,,,,,,,,,,,,,,,,,,,,,,,,,,,,,,,,,,,,,,,,,,,,,,,
weak2strong2/3,"rodhinbar,head,73,-443.4,-18,0,6,1,1,0","rodhinbar,neck,50,-404.4,-14,0,9,1,1,0","rodhinbar,body,11.2,-306.4,-20.5,0,6,1,1,0","rodhinbar,arm_up,23,-346.4,47,0,5,1,1,0","rodhinbar,arm_low,94.8,-305.6,85,0,4,1,1,0","rodhinbar,fist,168.8,-304,77,0,5,1,1,0","rodhinbar,arm_up,94,-295.6,7,1,26,1,1,0","rodhinbar,arm_low,112,-217.6,13.3,1,26,1,1,0","rodhinbar,fist,121.2,-170.4,31,1,26,1,1,0","rodhinbar,leg_up,-61,-180.4,-29.2,0,8,1,1,0","rodhinbar,leg_low,-113,-76.4,-26,0,10,1,1,0","rodhinbar,foot,-114.8,-13.4,-21.1,0,13,1,1,0","rodhinbar,leg_up,48,-170.4,40.7,0,12,1,1,0","rodhinbar,leg_low,76,-69.6,-4,0,13,1,1,0","rodhinbar,foot,99.6,-16.8,6,0,15,1,1,0","rodhinbar,sword_swing,201.2,-407.2,143,1,14,1,1,1","rodhinbar,bow_base,107.6,-190.4,117,0,27,1,1,0","rodhinbar,turban_speed2,-3.6,-456.8,13,0,4,1,1,0",,,,,,,,,"rodhinbar,quiver,-2.8,-225.2,-73,0,24,1,1,0",,,,,,,,,,,,,,,,,,,,,,,,,,,,,,,,,,,,,,,,,,,,,,,,,,,,,,,,,,,,,,,,,,,,,,,,,,,,,,,,,,,,,,,,,,play_time_mod_0.5,,"swing_flat_small,1000,1"
weak2strong2/4,"rodhinbar,head,93,-421.4,-23,0,6,1,1,0","rodhinbar,neck,68,-390.4,-20,0,9,1,1,0","rodhinbar,body,17.2,-298.4,-25.5,0,6,1,1,0","rodhinbar,arm_up,27,-332.4,30,0,5,1,1,0","rodhinbar,arm_low,90.8,-257.6,55,0,4,1,1,0","rodhinbar,fist,146.8,-222,32,0,5,1,1,0","rodhinbar,arm_up,88,-281.6,7,1,26,1,1,0","rodhinbar,arm_low,106,-203.6,13.3,1,26,1,1,0","rodhinbar,fist,115.2,-156.4,31,1,26,1,1,0","rodhinbar,leg_up,-61,-180.4,-36.2,0,8,1,1,0","rodhinbar,leg_low,-119,-82.4,-26,0,10,1,1,0","rodhinbar,foot,-124.8,-19.4,-29.1,0,13,1,1,0","rodhinbar,leg_up,48,-170.4,40.7,0,12,1,1,0","rodhinbar,leg_low,76,-69.6,-4,0,13,1,1,0","rodhinbar,foot,99.6,-16.8,6,0,15,1,1,0","rodhinbar,sword_swing,209.2,-299.2,126,1,14,1,1,1","rodhinbar,bow_base,101.6,-176.4,117,0,27,1,1,0","rodhinbar,turban_speed1,24.4,-450.8,-4,0,4,1,1,0",,,,,,,,,"rodhinbar,quiver,5.2,-223.2,-74,0,24,1,1,0",,,,,,,,,,,,,,,,,,,,,,,,,,,,,,,,,,,,,,,,,,,,,,,,,,,,,,,,,,,,,,,,,,,,,,,,,,,,,,,,,,,,,,,,,,play_time_mod_0.3,,
weak2strong2/5,"rodhinbar,head,105,-405.4,-23,0,6,1,1,0","rodhinbar,neck,80,-374.4,-20,0,9,1,1,0","rodhinbar,body,29.2,-290.4,-29.5,0,6,1,1,0","rodhinbar,arm_up,13,-318.4,-4,0,5,1,1,0","rodhinbar,arm_low,2.8,-235.6,-5,0,4,1,1,0","rodhinbar,fist,-1.2,-171.6,-24,0,5,1,1,0","rodhinbar,arm_up,96,-273.6,-6,1,26,1,1,0","rodhinbar,arm_low,114,-191.6,13.3,1,26,1,1,0","rodhinbar,fist,123.2,-144.4,31,1,26,1,1,0","rodhinbar,leg_up,-49,-180.4,-40.2,0,8,1,1,0","rodhinbar,leg_low,-121,-86.4,-36,0,10,1,1,0","rodhinbar,foot,-136.8,-25.4,-41.1,0,13,1,1,0","rodhinbar,leg_up,48,-170.4,40.7,0,12,1,1,0","rodhinbar,leg_low,76,-69.6,-4,0,13,1,1,0","rodhinbar,foot,99.6,-16.8,6,0,15,1,1,0","rodhinbar,sword_swing,100.4,-138,56,1,8,1,1,1","rodhinbar,bow_base,109.6,-164.4,117,0,27,1,1,0","rodhinbar,turban_speed1,36.4,-434.8,-4,0,4,1,1,0",,,,,,,,,"rodhinbar,quiver,5.2,-219.2,-78,0,24,1,1,0",,,,,,,,,,,,,,,,,,,,,,,,,,,,,,,,,,,,,,,,,,,,,,,,,,,,,,,,,,,,,,,,,,,,,,,,,,,,,,,,,,,,,,,,,,play_time_mod_0.3,,
weak2strong2/6,"rodhinbar,head,107,-399.4,-31,0,6,1,1,0","rodhinbar,neck,84,-374.4,-32,0,9,1,1,0","rodhinbar,body,29.2,-290.4,-29.5,0,6,1,1,0","rodhinbar,arm_up,-11,-322.4,-28,0,5,1,1,0","rodhinbar,arm_low,-43.2,-239.6,-10,0,4,1,1,0","rodhinbar,fist,-53.2,-175.6,-33,0,5,1,1,0","rodhinbar,arm_up,90,-273.6,-13,1,26,1,1,0","rodhinbar,arm_low,98,-191.6,16.3,1,26,1,1,0","rodhinbar,fist,109.2,-126.4,29,1,26,1,1,0","rodhinbar,leg_up,-53,-174.4,-29.2,0,8,1,1,0","rodhinbar,leg_low,-133,-90.4,-51,0,10,1,1,0","rodhinbar,foot,-162.8,-37.4,-51.1,0,13,1,1,0","rodhinbar,leg_up,48,-170.4,40.7,0,12,1,1,0","rodhinbar,leg_low,82,-69.6,5,0,13,1,1,0","rodhinbar,foot,113.6,-16.8,6,0,15,1,1,0","rodhinbar,sword_base,22.4,-108,49,1,8,1,1,1","rodhinbar,bow_base,109.6,-164.4,121,0,27,1,1,0","rodhinbar,turban_speed2,34.4,-414.8,21,0,4,1,1,0",,,,,,,,,"rodhinbar,quiver,5.2,-219.2,-78,0,24,1,1,0",,,,,,,,,,,,,,,,,,,,,,,,,,,,,,,,,,,,,,,,,,,,,,,,,,,,,,,,,,,,,,,,,,,,,,,,,,,,,,,,,,,,,,,,,,"stoppable,play_time_mod_1.5",,
weak2strong2/7,"rodhinbar,head,107,-399.4,-23,0,6,1,1,0","rodhinbar,neck,84,-374.4,-32,0,9,1,1,0","rodhinbar,body,29.2,-290.4,-29.5,0,6,1,1,0","rodhinbar,arm_up,-9,-328.4,-40,0,5,1,1,0","rodhinbar,arm_low,-61.2,-253.6,-28,0,4,1,1,0","rodhinbar,fist,-93.2,-189.6,-37,0,5,1,1,0","rodhinbar,arm_up,90,-279.6,-8,1,26,1,1,0","rodhinbar,arm_low,104,-203.6,21.3,1,26,1,1,0","rodhinbar,fist,123.2,-144.4,32,1,28,1,1,0","rodhinbar,leg_up,-49,-182.4,-18.2,0,8,1,1,0","rodhinbar,leg_low,-115,-94.4,-41,0,10,1,1,0","rodhinbar,foot,-136.8,-31.4,-46.1,0,13,1,1,0","rodhinbar,leg_up,48,-170.4,40.7,0,12,1,1,0","rodhinbar,leg_low,82,-69.6,5,0,13,1,1,0","rodhinbar,foot,113.6,-16.8,6,0,15,1,1,0","rodhinbar,sword_base,-17.6,-122,50,1,8,1,1,0","rodhinbar,bow_base,123.6,-182.4,124,0,29,1,1,0","rodhinbar,turban_speed1,42.4,-400.8,44,0,4,1,1,0",,,,,,,,,"rodhinbar,quiver,5.2,-219.2,-78,0,24,1,1,0",,,,,,,,,,,,,,,,,,,,,,,,,,,,,,,,,,,,,,,,,,,,,,,,,,,,,,,,,,,,,,,,,,,,,,,,,,,,,,,,,,,,,,,,,,stoppable,,
weak2strong2/8,"rodhinbar,head,85,-429.4,-16,0,6,1,1,0","rodhinbar,neck,64,-396.4,-28,0,9,1,1,0","rodhinbar,body,17.2,-296.4,-20.5,0,6,1,1,0","rodhinbar,arm_up,-33,-334.4,-23,0,5,1,1,0","rodhinbar,arm_low,-37.2,-253.6,16,0,3,1,1,0","rodhinbar,fist,-13.2,-192,16,0,4,1,1,0","rodhinbar,arm_up,86,-299.6,1,1,26,1,1,0","rodhinbar,arm_low,100,-209.6,21.3,1,26,1,1,0","rodhinbar,fist,119.2,-150.4,32,1,28,1,1,0","rodhinbar,leg_up,-43,-182.4,-15.2,0,8,1,1,0","rodhinbar,leg_low,-105,-94.4,-39,0,10,1,1,0","rodhinbar,foot,-118.8,-25.4,-40.1,0,13,1,1,0","rodhinbar,leg_up,48,-170.4,40.7,0,12,1,1,0","rodhinbar,leg_low,82,-69.6,5,0,13,1,1,0","rodhinbar,foot,113.6,-16.8,6,0,15,1,1,0","rodhinbar,sword_base,81.2,-224,113,1,5,1,1,0","rodhinbar,bow_base,119.6,-188.4,124,0,29,1,1,0","rodhinbar,turban,34.4,-420.8,-26,0,4,1,1,0",,,,,,,,,"rodhinbar,quiver,5.2,-221.2,-74,0,24,1,1,0",,,,,,,,,,,,,,,,,,,,,,,,,,,,,,,,,,,,,,,,,,,,,,,,,,,,,,,,,,,,,,,,,,,,,,,,,,,,,,,,,,,,,,,,,,stoppable,,
weak2strong2/9,"rodhinbar,head,51.8,-451.4,-3,0,6,1,1,0","rodhinbar,neck,38.8,-412.4,-9,0,9,1,1,0","rodhinbar,body,16,-310.4,-10.5,0,6,1,1,0","rodhinbar,arm_up,7.8,-346.4,47,0,5,1,1,0","rodhinbar,arm_low,87.2,-289.6,71,0,3,1,1,0","rodhinbar,fist,150,-264.4,38,0,5,1,1,0","rodhinbar,arm_up,66.8,-329.6,1.8,1,21,1,1,0","rodhinbar,arm_low,82,-258.4,31.3,1,16,1,1,0","rodhinbar,fist,93.6,-203.6,11,1,18,1,1,0","rodhinbar,leg_up,-31,-184.4,-25.2,0,8,1,1,0","rodhinbar,leg_low,-89,-82.4,-27,0,10,1,1,0","rodhinbar,foot,-94.8,-15.4,-27.1,0,13,1,1,0","rodhinbar,leg_up,66,-176.4,30.7,0,12,1,1,0","rodhinbar,leg_low,92,-69.6,5,0,13,1,1,0","rodhinbar,foot,123.6,-16.8,6,0,15,1,1,0","rodhinbar,sword_base,208.4,-345.6,149,1,6,1,1,0","rodhinbar,bow_base,90.8,-242,103,0,19,1,1,0","rodhinbar,turban,0.4,-434.4,-16,0,4,1,1,0",,,,,,,,,"rodhinbar,quiver,2,-235.2,-78,0,15,1,1,0",,,,,,,,,,,,,,,,,,,,,,,,,,,,,,,,,,,,,,,,,,,,,,,,,,,,,,,,,,,,,,,,,,,,,,,,,,,,,,,,,,,,,,,,,,stoppable,,
weak2strong2/10,"rodhinbar,head,13.4,-483.6,-6,0,6,1,1,0","rodhinbar,neck,6.4,-442.8,-10,0,9,1,1,0","rodhinbar,body,-6.4,-334.8,-7.5,0,6,1,1,0","rodhinbar,arm_up,-6.6,-402.8,100,0,5,1,1,0","rodhinbar,arm_low,95.6,-409.2,102,0,4,1,1,0","rodhinbar,fist,158.8,-416,79,1,5,1,1,0","rodhinbar,arm_up,40.4,-358,26.8,1,21,1,1,0","rodhinbar,arm_low,73.6,-280.8,19.3,1,16,1,1,0","rodhinbar,fist,93.2,-218,34.7,1,18,1,1,0","rodhinbar,leg_up,-55,-186.4,-26.2,0,8,1,1,0","rodhinbar,leg_low,-97,-76.4,-14,0,10,1,1,0","rodhinbar,foot,-86.8,-13.4,-7.1,0,13,1,1,0","rodhinbar,leg_up,52,-194.4,25.7,0,12,1,1,0","rodhinbar,leg_low,74,-75.4,3,0,13,1,1,0","rodhinbar,foot,102.2,-16.4,-1,0,15,1,1,0","rodhinbar,sword_base,86.8,-338,-49,0,14,1,1,0","rodhinbar,bow_base,92.4,-248.4,111,0,19,1,1,0","rodhinbar,turban,-29.2,-463.2,-3,0,4,1,1,0",,,,,,,,,"rodhinbar,quiver,-18.4,-241.6,-67,0,15,1,1,0",,,,,,,,,,,,,,,,,,,,,,,,,,,,,,,,,,,,,,,,,,,,,,,,,,,,,,,,,,,,,,,,,,,,,,,,,,,,,,,,,,,,,,,,,,stoppable,,"sword_sheathe,500,5"
weak2strong2/11,"rodhinbar,head,19.4,-479.6,-10,0,6,1,1,0","rodhinbar,neck,12.4,-438.8,-16,0,9,1,1,0","rodhinbar,body,-4.4,-334.8,-6.5,0,6,1,1,0","rodhinbar,arm_up,-4.6,-400.8,85,0,5,1,1,0","rodhinbar,arm_low,81.6,-389.2,91,0,4,1,1,0","rodhinbar,fist,134.8,-376,60,1,5,1,1,0","rodhinbar,arm_up,40.4,-358,26.8,1,21,1,1,0","rodhinbar,arm_low,73.6,-280.8,19.3,1,16,1,1,0","rodhinbar,fist,93.2,-218,34.7,1,18,1,1,0","rodhinbar,leg_up,-55,-186.4,-26.2,0,8,1,1,0","rodhinbar,leg_low,-97,-76.4,-14,0,10,1,1,0","rodhinbar,foot,-86.8,-13.4,-7.1,0,13,1,1,0","rodhinbar,leg_up,40,-194.4,20.7,0,12,1,1,0","rodhinbar,leg_low,54,-75.4,0,0,13,1,1,0","rodhinbar,foot,74.2,-16.4,-2,0,15,1,1,0","rodhinbar,sword_base,52.8,-312,-51,0,14,1,1,0","rodhinbar,bow_base,92.4,-248.4,111,0,19,1,1,0","rodhinbar,turban,-25.2,-465.2,-10,0,4,1,1,0",,,,,,,,,"rodhinbar,quiver,-18.4,-241.6,-67,0,15,1,1,0",,,,,,,,,,,,,,,,,,,,,,,,,,,,,,,,,,,,,,,,,,,,,,,,,,,,,,,,,,,,,,,,,,,,,,,,,,,,,,,,,,,,,,,,,,stoppable,,
weak2strong2/12,"rodhinbar,head,19,-477.4,-7,0,6,1,1,0","rodhinbar,neck,8,-430.4,-5,0,9,1,1,0","rodhinbar,body,-8.8,-334.4,-8.5,0,6,1,1,0","rodhinbar,arm_up,-47,-348.4,11,0,5,1,1,0","rodhinbar,arm_low,0.2,-310.4,98.2,0,4,1,1,0","rodhinbar,fist,75.2,-326,95.8,0,5,1,1,0","rodhinbar,arm_up,46,-339.6,6,1,18,1,1,0","rodhinbar,arm_low,68,-281.6,17.3,1,25,1,1,0","rodhinbar,fist,87.2,-218.4,35.7,1,26,1,1,0","rodhinbar,leg_up,-55,-186.4,-23.2,0,8,1,1,0","rodhinbar,leg_low,-97,-76.4,-16,0,10,1,1,0","rodhinbar,foot,-86.8,-13.4,-4.1,0,13,1,1,0","rodhinbar,leg_up,36,-194.4,22.7,0,12,1,1,0","rodhinbar,leg_low,50,-75.4,-1,0,13,1,1,0","rodhinbar,foot,78.2,-16.4,-1,0,15,1,1,0","rodhinbar,sword_base,-9.6,-263.2,-53,0,14,1,1,0","rodhinbar,bow_base,83.6,-252.4,112,0,27,1,1,0","rodhinbar,turban,-29.6,-462.8,-12,0,4,1,1,0",,,,,,,,,"rodhinbar,quiver,-2.8,-237.2,-65,0,24,1,1,0",,,,,,,,,,,,,,,,,,,,,,,,,,,,,,,,,,,,,,,,,,,,,,,,,,,,,,,,,,,,,,,,,,,,,,,,,,,,,,,,,,,,,,,,,,"play_time_mod_0.5,stoppable",,
weak2strong/0,"rodhinbar,head,5,-465.4,-8,0,6,1,1,0","rodhinbar,neck,-10,-420.4,-18,0,9,1,1,0","rodhinbar,body,-14.8,-322.4,1.5,0,6,1,1,0","rodhinbar,arm_up,-43,-344.4,35,0,5,1,1,0","rodhinbar,arm_low,22.2,-296.4,77,0,4,1,1,0","rodhinbar,fist,81.2,-274.8,41,0,5,1,1,0","rodhinbar,arm_up,36,-339.6,12,1,18,1,1,0","rodhinbar,arm_low,64,-275.6,17.3,1,25,1,1,0","rodhinbar,fist,77.2,-218.4,41.7,1,26,1,1,0","rodhinbar,leg_up,-45,-186.4,-25.2,0,8,1,1,0","rodhinbar,leg_low,-99,-78.4,-23,0,10,1,1,0","rodhinbar,foot,-100.8,-15.4,-21.1,0,13,1,1,0","rodhinbar,leg_up,40,-190.4,32.7,0,12,1,1,0","rodhinbar,leg_low,62,-79.4,-3,0,13,1,1,0","rodhinbar,foot,82.2,-16.4,-7,0,15,1,1,0","rodhinbar,sword_base,-3.6,-257.2,-49,0,14,1,1,0","rodhinbar,bow_base,73.6,-252.4,118,0,27,1,1,0","rodhinbar,turban,-49.6,-454.8,-14,0,4,1,1,0",,,,,,,,,"rodhinbar,quiver,5.2,-237.2,-61,0,24,1,1,0",,,,,,,,,,,,,,,,,,,,,,,,,,,,,,,,,,,,,,,,,,,,,,,,,,,,,,,,,,,,,,,,,,,,,,,,,,,,,,,,,,,,,,,,,,,,
weak2strong/1,"rodhinbar,head,-7,-465.4,-3,0,6,1,1,0","rodhinbar,neck,-10,-420.4,-18,0,9,1,1,0","rodhinbar,body,-20.8,-318.4,1.5,0,6,1,1,0","rodhinbar,arm_up,-69,-332.4,10,0,5,1,1,0","rodhinbar,arm_low,-29.8,-270.4,62,0,4,1,1,0","rodhinbar,fist,21.2,-236.8,26,0,5,1,1,0","rodhinbar,arm_up,36,-335.6,20,1,26,1,1,0","rodhinbar,arm_low,62,-279.6,24.3,1,25,1,1,0","rodhinbar,fist,71.2,-218.4,45.7,1,26,1,1,0","rodhinbar,leg_up,-45,-186.4,-25.2,0,8,1,1,0","rodhinbar,leg_low,-99,-78.4,-23,0,10,1,1,0","rodhinbar,foot,-100.8,-15.4,-21.1,0,13,1,1,0","rodhinbar,leg_up,48,-194.4,38.7,0,12,1,1,0","rodhinbar,leg_low,72,-85.4,-3,0,13,1,1,0","rodhinbar,foot,92.2,-22.4,-12,0,15,1,1,0","rodhinbar,sword_base,-17.6,-257.2,-45,0,14,1,1,0","rodhinbar,bow_base,67.6,-252.4,122,0,27,1,1,0","rodhinbar,turban,-61.6,-446.8,-11,0,4,1,1,0",,,,,,,,,"rodhinbar,quiver,-2.8,-233.2,-57,0,24,1,1,0",,,,,,,,,,,,,,,,,,,,,,,,,,,,,,,,,,,,,,,,,,,,,,,,,,,,,,,,,,,,,,,,,,,,,,,,,,,,,,,,,,,,,,,,,,play_time_mod_0.6,,
weak2strong/2,"rodhinbar,head,-9,-463.4,0,0,6,1,1,0","rodhinbar,neck,-14,-420.4,-16,0,9,1,1,0","rodhinbar,body,-32.8,-318.4,-3.5,0,6,1,1,0","rodhinbar,arm_up,-87,-330.4,-9,0,5,1,1,0","rodhinbar,arm_low,-63.8,-262.4,53,0,4,1,1,0","rodhinbar,fist,-6.8,-218.8,36,0,5,1,1,0","rodhinbar,arm_up,24,-339.6,16,1,25,1,1,0","rodhinbar,arm_low,52,-269.6,22.3,1,25,1,1,0","rodhinbar,fist,65.2,-218.4,45.7,1,26,1,1,0","rodhinbar,leg_up,-57,-186.4,-13.2,0,8,1,1,0","rodhinbar,leg_low,-95,-78.4,-16,0,10,1,1,0","rodhinbar,foot,-84.8,-11.4,-16.1,0,13,1,1,0","rodhinbar,leg_up,40,-202.4,53.7,0,12,1,1,0","rodhinbar,leg_low,82,-111.4,7,0,13,1,1,0","rodhinbar,foot,112.2,-52.4,-7,0,15,1,1,0","rodhinbar,sword_base,-25.6,-249.2,-46,0,14,1,1,0","rodhinbar,bow_base,63.6,-252.4,125,0,27,1,1,0","rodhinbar,turban,-63.6,-444.8,-8,0,4,1,1,0",,,,,,,,,"rodhinbar,quiver,-8.8,-229.2,-58,0,24,1,1,0",,,,,,,,,,,,,,,,,,,,,,,,,,,,,,,,,,,,,,,,,,,,,,,,,,,,,,,,,,,,,,,,,,,,,,,,,,,,,,,,,,,,,,,,,,play_time_mod_0.6,,
weak2strong/3,"rodhinbar,head,-19,-451.4,-6,0,6,1,1,0","rodhinbar,neck,-28,-416.4,-2,0,9,1,1,0","rodhinbar,body,-42.8,-312.4,-1.5,0,6,1,1,0","rodhinbar,arm_up,-109,-326.4,-19,0,5,1,1,0","rodhinbar,arm_low,-95.8,-258.4,44,0,4,1,1,0","rodhinbar,fist,-42.8,-208.8,33,0,5,1,1,0","rodhinbar,arm_up,24,-337.6,30,1,26,1,1,0","rodhinbar,arm_low,64,-275.6,33.3,1,25,1,1,0","rodhinbar,fist,67.2,-220.4,94.7,1,26,1,1,0","rodhinbar,leg_up,-57,-186.4,-13.2,0,8,1,1,0","rodhinbar,leg_low,-89,-78.4,-14,0,10,1,1,0","rodhinbar,foot,-76.8,-11.4,-5.1,0,13,1,1,0","rodhinbar,leg_up,40,-218.4,84.7,0,12,1,1,0","rodhinbar,leg_low,104,-145.4,17,0,13,1,1,0","rodhinbar,foot,144,-98.4,20,0,15,1,1,0","rodhinbar,sword_base,-37.6,-245.2,-47,0,14,1,1,0","rodhinbar,bow_base,63.6,-262.4,130,0,27,1,1,0","rodhinbar,turban,-69.6,-434.8,-8,0,4,1,1,0",,,,,,,,,"rodhinbar,quiver,-30.8,-221.2,-59,0,24,1,1,0",,,,,,,,,,,,,,,,,,,,,,,,,,,,,,,,,,,,,,,,,,,,,,,,,,,,,,,,,,,,,,,,,,,,,,,,,,,,,,,,,,,,,,,,,,play_time_mod_0.5,,
weak2strong/4,"rodhinbar,head,-25,-463.4,-9,0,6,1,1,0","rodhinbar,neck,-34,-428.4,-5,0,9,1,1,0","rodhinbar,body,-44.8,-316.4,-3.5,0,6,1,1,0","rodhinbar,arm_up,-123,-340.4,-36,0,5,1,1,0","rodhinbar,arm_low,-137.8,-266.4,15,0,4,1,1,0","rodhinbar,fist,-110.8,-200.8,14,0,5,1,1,0","rodhinbar,arm_up,10,-351.6,36,1,26,1,1,0","rodhinbar,arm_low,64,-279.6,22.3,1,25,1,1,0","rodhinbar,fist,63.2,-238.4,113.7,1,26,1,1,0","rodhinbar,leg_up,-57,-186.4,-13.2,0,8,1,1,0","rodhinbar,leg_low,-89,-78.4,-14,0,10,1,1,0","rodhinbar,foot,-76.8,-11.4,-5.1,0,13,1,1,0","rodhinbar,leg_up,20,-244.4,115.7,0,12,1,1,0","rodhinbar,leg_low,112,-253.6,78,0,13,1,1,0","rodhinbar,foot,163.6,-269.2,95,0,15,1,1,0","rodhinbar,sword_base,-45.6,-259.2,-47,0,14,1,1,0","rodhinbar,bow_base,61.6,-276.4,130,0,27,1,1,0","rodhinbar,turban,-63.6,-442.8,4,0,4,1,1,0",,,,,,,,,"rodhinbar,quiver,-40.8,-229.2,-61,0,24,1,1,0",,,,,,,,,,,,,,,,,,,,,,,,,,,,,,,,,,,,,,,,,,,,,,,,,,,,,,,,,,,,,,,,,,,,,,,,,,,,,,,,,,,,,,,,,,play_time_mod_2,,
weak2strong/5,"rodhinbar,head,-53,-455.4,-2,0,6,1,1,0","rodhinbar,neck,-64,-424.4,10,0,9,1,1,0","rodhinbar,body,-50.8,-322.4,8.5,0,6,1,1,0","rodhinbar,arm_up,-139,-340.4,-40,0,5,1,1,0","rodhinbar,arm_low,-155.8,-266.4,21,0,4,1,1,0","rodhinbar,fist,-122.8,-196.8,19,0,5,1,1,0","rodhinbar,arm_up,6,-345.6,33,1,26,1,1,0","rodhinbar,arm_low,58,-275.6,29.3,1,25,1,1,0",,"rodhinbar,leg_up,-57,-186.4,-5.2,0,8,1,1,0","rodhinbar,leg_low,-83,-72.4,-14,0,10,1,1,0","rodhinbar,foot,-76.8,-11.4,-5.1,0,13,1,1,0","rodhinbar,leg_up,48,-246.4,89.7,0,12,1,1,0","rodhinbar,leg_low,158,-237.6,82,0,13,1,1,0","rodhinbar,stomp_kick,219.6,-261.2,97,0,15,1.1,1.1,1","rodhinbar,sword_base,-53.6,-255.2,-45,0,14,1,1,0","rodhinbar,bow_base,61.6,-282.4,136,0,27,1,1,0","rodhinbar,turban,-79.6,-430.8,28,0,4,1,1,0",,,,,,,,,"rodhinbar,quiver,-40.8,-229.2,-61,0,24,1,1,0",,,,,,,,,,,,,,,,,,,,,,,,,,,,,,,,,,,,,,,,,,,,,,,,,,,,,,,,,,,,,,,,,,,,,,,,,,,,,,,,,,,,,,,,,,play_time_mod_0.3,,"swing_bulk_small,1000,1"
weak2strong/6,"rodhinbar,head,-53,-455.4,-9,0,6,1,1,0","rodhinbar,neck,-64,-424.4,10,0,9,1,1,0","rodhinbar,body,-46.8,-322.4,12.5,0,6,1,1,0","rodhinbar,arm_up,-143,-340.4,-40,0,5,1,1,0","rodhinbar,arm_low,-167.8,-266.4,8,0,4,1,1,0","rodhinbar,fist,-146.8,-196.8,4,0,5,1,1,0","rodhinbar,arm_up,12,-345.6,24,1,26,1,1,0","rodhinbar,arm_low,64,-275.6,33.3,1,25,1,1,0",,"rodhinbar,leg_up,-53,-186.4,-15.2,0,8,1,1,0","rodhinbar,leg_low,-89,-72.4,-16,0,10,1,1,0","rodhinbar,foot,-78.8,-11.4,-7.1,0,13,1,1,0","rodhinbar,leg_up,60,-246.4,89.7,0,12,1,1,0","rodhinbar,leg_low,178,-237.6,87,0,13,1,1,0","rodhinbar,stomp_kick,241.6,-263.2,90,0,15,1.1,1.1,1","rodhinbar,sword_base,-51.6,-253.2,-45,0,14,1,1,0","rodhinbar,bow_base,61.6,-282.4,141,0,27,1,1,0","rodhinbar,turban,-85.6,-438.8,26,0,4,1,1,0",,,,,,,,,"rodhinbar,quiver,-40.8,-229.2,-61,0,24,1,1,0",,,,,,,,,,,,,,,,,,,,,,,,,,,,,,,,,,,,,,,,,,,,,,,,,,,,,,,,,,,,,,,,,,,,,,,,,,,,,,,,,,,,,,,,,,stoppable,,
weak2strong/7,"rodhinbar,head,-71,-459.4,-2,0,6,1,1,0","rodhinbar,neck,-82,-424.4,10,0,9,1,1,0","rodhinbar,body,-52.8,-322.4,17.5,0,6,1,1,0","rodhinbar,arm_up,-143,-322.4,-24,0,5,1,1,0","rodhinbar,arm_low,-151.8,-242.4,14,0,4,1,1,0","rodhinbar,fist,-130.8,-178.8,10,0,5,1,1,0","rodhinbar,arm_up,2,-349.6,38,1,26,1,1,0","rodhinbar,arm_low,60,-285.6,42.3,1,25,1,1,0",,"rodhinbar,leg_up,-49,-186.4,-20.2,0,8,1,1,0","rodhinbar,leg_low,-89,-72.4,-16,0,10,1,1,0","rodhinbar,foot,-78.8,-11.4,-7.1,0,13,1,1,0","rodhinbar,leg_up,60,-246.4,89.7,0,12,1,1,0","rodhinbar,leg_low,170,-233.6,80,0,13,1,1,0","rodhinbar,foot,231.6,-251.2,87,0,15,1,1,1","rodhinbar,sword_base,-51.6,-259.2,-45,0,14,1,1,0","rodhinbar,bow_base,53.6,-286.4,140,0,27,1,1,0","rodhinbar,turban,-105.6,-434.8,21,0,4,1,1,0",,,,,,,,,"rodhinbar,quiver,-40.8,-229.2,-61,0,24,1,1,0",,,,,,,,,,,,,,,,,,,,,,,,,,,,,,,,,,,,,,,,,,,,,,,,,,,,,,,,,,,,,,,,,,,,,,,,,,,,,,,,,,,,,,,,,,"play_time_mod_1.5,stoppable",,
weak2strong/8,"rodhinbar,head,-15,-461.4,-5,0,6,1,1,0","rodhinbar,neck,-26,-426.4,7,0,9,1,1,0","rodhinbar,body,-34.8,-322.4,-1.5,0,6,1,1,0","rodhinbar,arm_up,-117,-344.4,-31,0,5,1,1,0","rodhinbar,arm_low,-139.8,-262.4,4,0,4,1,1,0","rodhinbar,fist,-124.8,-188.8,-1,0,5,1,1,0","rodhinbar,arm_up,24,-347.6,27,1,26,1,1,0","rodhinbar,arm_low,60,-289.6,26.3,1,25,1,1,0","rodhinbar,fist,67.2,-236.4,92.7,1,26,1,1,0","rodhinbar,leg_up,-51,-186.4,-11.2,0,8,1,1,0","rodhinbar,leg_low,-85,-72.4,-18,0,10,1,1,0","rodhinbar,foot,-78.8,-11.4,-7.1,0,13,1,1,0","rodhinbar,leg_up,54,-222.4,77.7,0,12,1,1,0","rodhinbar,leg_low,124,-147.6,29,0,13,1,1,0","rodhinbar,foot,171.2,-105.6,30,0,15,1,1,0","rodhinbar,sword_base,-27.6,-257.2,-48,0,14,1,1,0","rodhinbar,bow_base,53.6,-272.4,125,0,27,1,1,0","rodhinbar,turban,-67.6,-446.8,-14,0,4,1,1,0",,,,,,,,,"rodhinbar,quiver,-28.8,-239.2,-64,0,24,1,1,0",,,,,,,,,,,,,,,,,,,,,,,,,,,,,,,,,,,,,,,,,,,,,,,,,,,,,,,,,,,,,,,,,,,,,,,,,,,,,,,,,,,,,,,,,,stoppable,,
weak2strong/9,"rodhinbar,head,13,-461.4,-13,0,6,1,1,0","rodhinbar,neck,2,-422.4,2,0,9,1,1,0","rodhinbar,body,-14.8,-322.4,-3.5,0,6,1,1,0","rodhinbar,arm_up,-91,-344.4,-31,0,5,1,1,0","rodhinbar,arm_low,-121.8,-266.4,-7,0,4,1,1,0","rodhinbar,fist,-126.8,-188.8,-18,0,5,1,1,0","rodhinbar,arm_up,44,-329.6,12,1,26,1,1,0","rodhinbar,arm_low,62,-271.6,8.3,1,25,1,1,0","rodhinbar,fist,67.2,-236.4,31,1,26,1,1,0","rodhinbar,leg_up,-51,-186.4,-16.2,0,8,1,1,0","rodhinbar,leg_low,-85,-72.4,-18,0,10,1,1,0","rodhinbar,foot,-78.8,-11.4,-7.1,0,13,1,1,0","rodhinbar,leg_up,50,-182.4,41.7,0,12,1,1,0","rodhinbar,leg_low,84,-87.6,8,0,13,1,1,0","rodhinbar,foot,119.6,-30.8,6,0,15,1,1,0","rodhinbar,sword_base,-11.6,-257.2,-48,0,14,1,1,0","rodhinbar,bow_base,53.6,-256.4,117,0,27,1,1,0","rodhinbar,turban,-35.6,-448.8,-14,0,4,1,1,0",,,,,,,,,"rodhinbar,quiver,-12.8,-239.2,-64,0,24,1,1,0",,,,,,,,,,,,,,,,,,,,,,,,,,,,,,,,,,,,,,,,,,,,,,,,,,,,,,,,,,,,,,,,,,,,,,,,,,,,,,,,,,,,,,,,,,"play_time_mod_0.5,stoppable",,
Damaged/0,"rodhinbar,head,37,-467.4,-10,0,6,1,1,0","rodhinbar,neck,30,-424.4,-8,0,9,1,1,0","rodhinbar,body,-0.8,-328.4,-11.5,0,6,1,1,0","rodhinbar,arm_up,-37,-350.4,2,0,5,1,1,0","rodhinbar,arm_low,-5.8,-286.4,53.2,0,4,1,1,0","rodhinbar,fist,57.2,-250,49.8,0,5,1,1,0","rodhinbar,arm_up,56,-333.6,-1,1,26,1,1,0","rodhinbar,arm_low,80,-265.6,14.3,1,25,1,1,0","rodhinbar,fist,89.2,-212.4,28.7,1,26,1,1,0","rodhinbar,leg_up,-55,-186.4,-26.2,0,8,1,1,0","rodhinbar,leg_low,-101,-76.4,-20,0,10,1,1,0","rodhinbar,foot,-100.8,-15.4,-14.1,0,13,1,1,0","rodhinbar,leg_up,36,-194.4,22.7,0,12,1,1,0","rodhinbar,leg_low,50,-75.4,-1,0,13,1,1,0","rodhinbar,foot,78.2,-16.4,-1,0,15,1,1,0","rodhinbar,sword_base,-5.6,-267.2,-56,0,14,1,1,0","rodhinbar,bow_base,73.6,-248.4,110,0,27,1,1,0","rodhinbar,turban,-11.6,-454.8,-16,0,4,1,1,0",,,,,,,,,"rodhinbar,quiver,-2.8,-237.2,-68,0,24,1,1,0",,,,,,,,,,,,,,,,,,,,,,,,,,,,,,,,,,,,,,,,,,,,,,,,,,,,,,,,,,,,,,,,,,,,,,,,,,,,,,,,,,,,,,,,,,,,
Damaged/1,"rodhinbar,hurt,69,-451.4,-21,0,6,1,1,0","rodhinbar,neck,52,-410.4,-8,0,9,1,1,0","rodhinbar,body,5.2,-322.4,-23.5,0,6,1,1,0","rodhinbar,arm_up,-33,-350.4,-9,0,5,1,1,0","rodhinbar,arm_low,-15.8,-274.4,36.2,0,4,1,1,0","rodhinbar,fist,27.2,-224,36.8,0,5,1,1,0","rodhinbar,arm_up,64,-317.6,-5,1,26,1,1,0","rodhinbar,arm_low,74,-253.6,10.3,1,25,1,1,0","rodhinbar,fist,87.2,-196.4,24.7,1,26,1,1,0","rodhinbar,leg_up,-63,-186.4,-33.2,0,8,1,1,0","rodhinbar,leg_low,-113,-82.4,-25,0,10,1,1,0","rodhinbar,foot,-116.8,-19.4,-24.1,0,13,1,1,0","rodhinbar,leg_up,32,-190.4,34.7,0,12,1,1,0","rodhinbar,leg_low,50,-75.4,-1,0,13,1,1,0","rodhinbar,foot,78.2,-16.4,-1,0,15,1,1,0","rodhinbar,sword_base,-1.6,-257.2,-56,0,14,1,1,0","rodhinbar,bow_base,81.6,-232.4,106,0,27,1,1,0","rodhinbar,turban,20.4,-446.8,-20,0,4,1,1,0",,,,,,,,,"rodhinbar,quiver,-2.8,-235.2,-76,0,24,1,1,0",,,,,,,,,,,,,,,,,,,,,,,,,,,,,,,,,,,,,,,,,,,,,,,,,,,,,,,,,,,,,,,,,,,,,,,,,,,,,,,,,,,,,,,,,,,,
Damaged/2,"rodhinbar,hurt,109,-413.4,-48,0,6,1,1,0","rodhinbar,neck,81.6,-384.4,-25,0,9,1,1,0","rodhinbar,body,21.2,-308.4,-33.5,0,6,1,1,0","rodhinbar,arm_up,-17,-344.4,-34,0,5,1,1,0","rodhinbar,arm_low,-37.8,-260.4,8.2,0,4,1,1,0","rodhinbar,fist,-18.8,-192,3.8,0,5,1,1,0","rodhinbar,arm_up,80,-295.6,-16,1,26,1,1,0",,"rodhinbar,fist,73.2,-190.4,14.7,1,26,1,1,0","rodhinbar,leg_up,-63,-186.4,-33.2,0,8,1,1,0","rodhinbar,leg_low,-113,-82.4,-25,0,10,1,1,0","rodhinbar,foot,-116.8,-19.4,-24.1,0,13,1,1,0","rodhinbar,leg_up,26,-184.4,45.7,0,12,1,1,0","rodhinbar,leg_low,50,-75.4,-1,0,13,1,1,0","rodhinbar,foot,78.2,-16.4,-1,0,15,1,1,0","rodhinbar,sword_base,-1.6,-249.2,-64,0,14,1,1,0","rodhinbar,bow_base,67.6,-226.4,96,0,27,1,1,0","rodhinbar,turban,74.4,-418.8,-12,0,4,1,1,0",,,,,,,,,"rodhinbar,quiver,3.2,-225.2,-76,0,24,1,1,0",,,,,,,,,,,,,,,,,,,,,,,,,,,,,,,,,,,,,,,,,,,,,,,,,,,,,,,,,,,,,,,,,,,,,,,,,,,,,,,,,,,,,,,,,,hold,,
Damaged/3,"rodhinbar,close,109,-425.4,-23,0,6,1,1,0","rodhinbar,neck,81.6,-384.4,-25,0,9,1,1,0","rodhinbar,body,21.2,-308.4,-33.5,0,6,1,1,0","rodhinbar,arm_up,-17,-344.4,-34,0,5,1,1,0","rodhinbar,arm_low,-37.8,-260.4,8.2,0,4,1,1,0","rodhinbar,fist,-18.8,-192,3.8,0,5,1,1,0","rodhinbar,arm_up,80,-295.6,-16,1,26,1,1,0",,"rodhinbar,fist,73.2,-190.4,14.7,1,26,1,1,0","rodhinbar,leg_up,-63,-186.4,-33.2,0,8,1,1,0","rodhinbar,leg_low,-113,-82.4,-25,0,10,1,1,0","rodhinbar,foot,-116.8,-19.4,-24.1,0,13,1,1,0","rodhinbar,leg_up,26,-184.4,45.7,0,12,1,1,0","rodhinbar,leg_low,50,-75.4,-1,0,13,1,1,0","rodhinbar,foot,78.2,-16.4,-1,0,15,1,1,0","rodhinbar,sword_base,-1.6,-249.2,-64,0,14,1,1,0","rodhinbar,bow_base,67.6,-226.4,96,0,27,1,1,0","rodhinbar,turban,68.4,-418.8,-4,0,4,1,1,0",,,,,,,,,"rodhinbar,quiver,3.2,-225.2,-76,0,24,1,1,0",,,,,,,,,,,,,,,,,,,,,,,,,,,,,,,,,,,,,,,,,,,,,,,,,,,,,,,,,,,,,,,,,,,,,,,,,,,,,,,,,,,,,,,,,,,,
Damaged/4,"rodhinbar,head,37,-467.4,-10,0,6,1,1,0","rodhinbar,neck,30,-424.4,-8,0,9,1,1,0","rodhinbar,body,-0.8,-328.4,-11.5,0,6,1,1,0","rodhinbar,arm_up,-37,-350.4,2,0,5,1,1,0","rodhinbar,arm_low,-5.8,-286.4,53.2,0,4,1,1,0","rodhinbar,fist,57.2,-250,49.8,0,5,1,1,0","rodhinbar,arm_up,56,-333.6,-1,1,26,1,1,0","rodhinbar,arm_low,72,-271.6,19.3,1,25,1,1,0","rodhinbar,fist,89.2,-212.4,28.7,1,26,1,1,0","rodhinbar,leg_up,-55,-186.4,-26.2,0,8,1,1,0","rodhinbar,leg_low,-101,-76.4,-20,0,10,1,1,0","rodhinbar,foot,-100.8,-15.4,-14.1,0,13,1,1,0","rodhinbar,leg_up,36,-194.4,22.7,0,12,1,1,0","rodhinbar,leg_low,50,-75.4,-1,0,13,1,1,0","rodhinbar,foot,78.2,-16.4,-1,0,15,1,1,0","rodhinbar,sword_base,-17.6,-265.2,-56,0,14,1,1,0","rodhinbar,bow_base,73.6,-248.4,110,0,27,1,1,0","rodhinbar,turban,-11.6,-454.8,-16,0,4,1,1,0",,,,,,,,,"rodhinbar,quiver,-2.8,-237.2,-68,0,24,1,1,0",,,,,,,,,,,,,,,,,,,,,,,,,,,,,,,,,,,,,,,,,,,,,,,,,,,,,,,,,,,,,,,,,,,,,,,,,,,,,,,,,,,,,,,,,,,,
Damaged/5,"rodhinbar,head,3,-477.4,0,0,6,1,1,0","rodhinbar,neck,-4,-434.4,2,0,9,1,1,0","rodhinbar,body,-12.8,-330.4,-5.5,0,6,1,1,0","rodhinbar,arm_up,-51,-348.4,17,0,5,1,1,0","rodhinbar,arm_low,-3.8,-300.4,87.2,0,4,1,1,0","rodhinbar,fist,69.2,-300,80.8,0,5,1,1,0","rodhinbar,arm_up,46,-339.6,9,1,26,1,1,0","rodhinbar,arm_low,68,-271.6,22.3,1,25,1,1,0","rodhinbar,fist,87.2,-218.4,38.7,1,26,1,1,0","rodhinbar,leg_up,-55,-186.4,-23.2,0,8,1,1,0","rodhinbar,leg_low,-97,-76.4,-16,0,10,1,1,0","rodhinbar,foot,-86.8,-13.4,-4.1,0,13,1,1,0","rodhinbar,leg_up,36,-194.4,22.7,0,12,1,1,0","rodhinbar,leg_low,50,-75.4,-1,0,13,1,1,0","rodhinbar,foot,78.2,-16.4,-1,0,15,1,1,0","rodhinbar,sword_base,-11.6,-259.2,-51,0,14,1,1,0","rodhinbar,bow_base,83.6,-252.4,115,0,27,1,1,0","rodhinbar,turban,-37.6,-454.8,0,0,4,1,1,0",,,,,,,,,"rodhinbar,quiver,-2.8,-237.2,-63,0,24,1,1,0",,,,,,,,,,,,,,,,,,,,,,,,,,,,,,,,,,,,,,,,,,,,,,,,,,,,,,,,,,,,,,,,,,,,,,,,,,,,,,,,,,,,,,,,,,,,
Spirit/0,"rodhinbar,head,13,-495.4,-0.5,0,5,1,1,0","rodhinbar,neck,4,-450.4,-3,0,9,1,1,0","rodhinbar,body,-2.8,-344.4,-1.5,0,6,1,1,0","rodhinbar,arm_up,-109,-394.4,-75,0,4,1,1,0","rodhinbar,arm_low,-207.2,-378.8,-82,0,3,1,1,0","rodhinbar,fist,-286.4,-367.2,-96,0,5,1,1,0","rodhinbar,arm_up,86,-395.4,79,1,13,1,1,0","rodhinbar,arm_low,181.2,-386,85,1,13,1,1,0","rodhinbar,fist,260.8,-375.6,66,0,18,1,1,0","rodhinbar,leg_up,-33,-192.4,-17.2,0,8,1,1,0","rodhinbar,leg_low,-65,-76.4,-11,0,10,1,1,0","rodhinbar,foot,-48.8,-11.4,-4.6,0,13,1,1,0","rodhinbar,leg_up,46,-188.4,23.7,0,12,1,1,0","rodhinbar,leg_low,66,-71.4,6.5,0,13,1,1,0","rodhinbar,foot,102.2,-14.4,3.5,0,15,1,1,0",,,"rodhinbar,turban,-32.4,-474,2,0,4,1,1,0",,,,,,,,,,,,,,,,,,,,,,,,,,,,,,,,,,,,,,,,,,,,,,,,,,,,,,,,,,,,,,,,,,,,,,,,,,,,,,,,,,,,,,,,,,,,,,,,,,,,,
