Name,p1_head,p1_neck,p1_body,p1_r_arm_up,p1_r_arm_low,p1_r_hand,p1_l_arm_up,p1_l_arm_low,p1_l_hand,p1_r_leg_up,p1_r_leg_low,p1_r_foot,p1_l_leg_up,p1_l_leg_low,p1_l_foot,p1_main_weapon,p1_sub_weapon,p1_special_1,p1_special_2,p1_special_3,p1_special_4,p1_special_5,p1_special_6,p1_special_7,p1_special_8,p1_special_9,p1_special_10,p2_head,p2_neck,p2_body,p2_r_arm_up,p2_r_arm_low,p2_r_hand,p2_l_arm_up,p2_l_arm_low,p2_l_hand,p2_r_leg_up,p2_r_leg_low,p2_r_foot,p2_l_leg_up,p2_l_leg_low,p2_l_foot,p2_main_weapon,p2_sub_weapon,p2_special_1,p2_special_2,p2_special_3,p2_special_4,p2_special_5,p2_special_6,p2_special_7,p2_special_8,p2_special_9,p2_special_10,p3_head,p3_neck,p3_body,p3_r_arm_up,p3_r_arm_low,p3_r_hand,p3_l_arm_up,p3_l_arm_low,p3_l_hand,p3_r_leg_up,p3_r_leg_low,p3_r_foot,p3_l_leg_up,p3_l_leg_low,p3_l_foot,p3_main_weapon,p3_sub_weapon,p3_special_1,p3_special_2,p3_special_3,p3_special_4,p3_special_5,p3_special_6,p3_special_7,p3_special_8,p3_special_9,p3_special_10,p4_head,p4_neck,p4_body,p4_r_arm_up,p4_r_arm_low,p4_r_hand,p4_l_arm_up,p4_l_arm_low,p4_l_hand,p4_r_leg_up,p4_r_leg_low,p4_r_foot,p4_l_leg_up,p4_l_leg_low,p4_l_foot,p4_main_weapon,p4_sub_weapon,p4_special_1,p4_special_2,p4_special_3,p4_special_4,p4_special_5,p4_special_6,p4_special_7,p4_special_8,p4_special_9,p4_special_10,effect_1,effect_2,effect_3,effect_4,effect_5,effect_6,effect_7,effect_8,frame_property,animation_property,sound_effect
EXCLUDE_Bow/0,"nayedien,head,21,-517.4,-2,0,7,1,1,0","nayedien,neck_city,14,-454.4,0,0,10,1,1,0","nayedien,body_city,13.2,-322.4,0,0,9,1,1,0",,"nayedien,arm_low_city,-29.2,-289.6,19,1,8,1,1,0","noble,fist,11.2,-240.4,48,0,8,1,1,0",,"nayedien,arm_low_city,69.2,-286,-28,0,7,1,1,0","noble,fist,18.4,-233.2,-51,1,9,1,1,0","nayedien,leg_up_city,-19,-180.4,0.8,0,11,1,1,0","nayedien,leg_low_city,-21,-70.4,-2,0,11,1,1,0","nayedien,foot_city,-24.8,-1.4,-5.6,0,14,1,1,0","nayedien,leg_up_city,42,-182.4,3.7,0,15,1,1,0","nayedien,leg_low_city,50,-69.4,3.5,0,14,1,1,0","nayedien,foot_city,56.2,-4.4,10.5,0,16,1,1,0",,,"nayedien,cloak_below_city,3.6,-176,-8,0,20,1,1,0","nayedien,cloak_city,12.4,-337.6,1,0,17,1,1,0","nayedien,shoulder_city,-32.8,-390.4,3,0,8,1,1,0","nayedien,shoulder_strap_city,16.8,-407.2,-13,0,9,1,1,0","nayedien,shoulder_inner_city,67.6,-395.6,-9,0,8,1,1,0","nayedien,cloak_up_city,-61,-344.4,-12,0,6,1,1,0","nayedien,cloak_up_back_city,92,-339.4,23,1,6,1,1,0","nayedien,hair_back,-6.8,-300,0,0,23,1,1,0","nayedien,hair_outer,-133.2,-318.8,-1,0,23,1,1,0","nayedien,hair_inner,112.8,-309.2,-2,0,23,1,1,0",,,,,,,,,,,,,,,,,,,,,,,,,,,,,,,,,,,,,,,,,,,,,,,,,,,,,,,,,,,,,,,,,,,,,,,,,,,,,,,,,,,,,,,,,,,,
EXCLUDE_Bow/1,"nayedien,head,41,-509.4,-4,0,7,1,1,0","nayedien,neck_city,36,-444.4,0,0,10,1,1,0","nayedien,body_city,23.2,-316.4,-5,0,9,1,1,0",,"nayedien,arm_low_city,-23.2,-285.6,19,1,8,1,1,0","noble,fist,17.2,-236.4,48,0,8,1,1,0",,"nayedien,arm_low_city,77.2,-278,-32,0,7,1,1,0","noble,fist,24.4,-229.2,-51,1,9,1,1,0","nayedien,leg_up_city,-19,-180.4,0.8,0,11,1,1,0","nayedien,leg_low_city,-21,-70.4,-2,0,11,1,1,0","nayedien,foot_city,-24.8,-1.4,-5.6,0,14,1,1,0","nayedien,leg_up_city,42,-182.4,3.7,0,15,1,1,0","nayedien,leg_low_city,50,-69.4,3.5,0,14,1,1,0","nayedien,foot_city,56.2,-4.4,10.5,0,16,1,1,0",,,"nayedien,cloak_below_city,5.6,-172,-6,0,20,1,1,0","nayedien,cloak_city,42.4,-331.6,1,0,17,1,1,0","nayedien,shoulder_city,-12.8,-384.4,5,0,8,1,1,0","nayedien,shoulder_strap_city,36.8,-401.2,-11,0,9,1,1,0","nayedien,shoulder_inner_city,87.6,-389.6,-7,0,8,1,1,0","nayedien,cloak_up_city,-39,-340.4,-10,0,6,1,1,0","nayedien,cloak_up_back_city,110,-329.4,18,1,6,1,1,0","nayedien,hair_back,3.2,-296,-2,0,24,1,1,0","nayedien,hair_outer,-119.2,-322.8,-6,0,23,1,1,0","nayedien,hair_inner,130.8,-293.2,-2,0,23,1,1,0",,,,,,,,,,,,,,,,,,,,,,,,,,,,,,,,,,,,,,,,,,,,,,,,,,,,,,,,,,,,,,,,,,,,,,,,,,,,,,,,,,,,,,,,,,,,
EXCLUDE_Bow/2,"nayedien,head,57,-503.4,-6,0,7,1,1,0","nayedien,neck_city,50,-444.4,-2,0,10,1,1,0","nayedien,body_city,25.2,-316.4,-8,0,9,1,1,0",,"nayedien,arm_low_city,-19.2,-281.6,19,1,8,1,1,0","noble,fist,21.2,-232.4,48,0,8,1,1,0",,"nayedien,arm_low_city,79.2,-276,-30,0,7,1,1,0","noble,fist,26.4,-227.2,-49,1,9,1,1,0","nayedien,leg_up_city,-19,-180.4,0.8,0,11,1,1,0","nayedien,leg_low_city,-21,-70.4,-2,0,11,1,1,0","nayedien,foot_city,-24.8,-1.4,-5.6,0,14,1,1,0","nayedien,leg_up_city,42,-182.4,3.7,0,15,1,1,0","nayedien,leg_low_city,50,-69.4,3.5,0,14,1,1,0","nayedien,foot_city,56.2,-4.4,10.5,0,16,1,1,0",,,"nayedien,cloak_below_city,5.6,-170,-5,0,20,1,1,0","nayedien,cloak_city,42.4,-331.6,1,0,17,1,1,0","nayedien,shoulder_city,-2.8,-384.4,3,0,8,1,1,0","nayedien,shoulder_strap_city,46.8,-401.2,-13,0,9,1,1,0","nayedien,shoulder_inner_city,97.6,-389.6,-9,0,8,1,1,0","nayedien,cloak_up_city,-29,-338.4,-10,0,6,1,1,0","nayedien,cloak_up_back_city,114,-323.4,9,1,6,1,1,0","nayedien,hair_back,13.2,-282,-1,0,23,1,1,0","nayedien,hair_outer,-105.2,-316.8,-3,0,23,1,1,0","nayedien,hair_inner,142.8,-281.2,-4,0,23,1,1,0",,,,,,,,,,,,,,,,,,,,,,,,,,,,,,,,,,,,,,,,,,,,,,,,,,,,,,,,,,,,,,,,,,,,,,,,,,,,,,,,,,,,,,,,,,,,
EXCLUDE_Bow/3,"nayedien,head,63,-503.4,-7,0,7,1,1,0","nayedien,neck_city,56,-444.4,-5,0,10,1,1,0","nayedien,body_city,29.2,-316.4,-11,0,9,1,1,0",,"nayedien,arm_low_city,-11.2,-285.6,19,1,8,1,1,0","noble,fist,29.2,-236.4,48,0,8,1,1,0",,"nayedien,arm_low_city,91.2,-274,-36,0,7,1,1,0","noble,fist,36.4,-231.2,-51,1,9,1,1,0","nayedien,leg_up_city,-19,-180.4,0.8,0,11,1,1,0","nayedien,leg_low_city,-21,-70.4,-2,0,11,1,1,0","nayedien,foot_city,-24.8,-1.4,-5.6,0,14,1,1,0","nayedien,leg_up_city,42,-182.4,3.7,0,15,1,1,0","nayedien,leg_low_city,50,-69.4,3.5,0,14,1,1,0","nayedien,foot_city,56.2,-4.4,10.5,0,16,1,1,0",,,"nayedien,cloak_below_city,7.6,-170,-3,0,20,1,1,0","nayedien,cloak_city,46.4,-325.6,-2,0,17,1,1,0","nayedien,shoulder_city,1.2,-384.4,-3,0,8,1,1,0","nayedien,shoulder_strap_city,46.8,-401.2,-13,0,9,1,1,0","nayedien,shoulder_inner_city,105.6,-381.6,-10,0,8,1,1,0","nayedien,cloak_up_city,-23,-336.4,-7,0,8,1,1,0","nayedien,cloak_up_back_city,120,-315.4,8,1,6,1,1,0","nayedien,hair_back,5.2,-284,-5,0,23,1,1,0","nayedien,hair_outer,-89.2,-314.8,0,0,23,1,1,0","nayedien,hair_inner,140.8,-287.2,-3,0,23,1,1,0",,,,,,,,,,,,,,,,,,,,,,,,,,,,,,,,,,,,,,,,,,,,,,,,,,,,,,,,,,,,,,,,,,,,,,,,,,,,,,,,,,,,,,,,,,,,
EXCLUDE_Bow/4,"nayedien,head,75,-501.4,-10,0,7,1,1,0","nayedien,neck_city,62,-444.4,-5,0,10,1,1,0","nayedien,body_city,33.2,-316.4,-13,0,9,1,1,0",,"nayedien,arm_low_city,-5.2,-281.6,19,1,8,1,1,0","noble,fist,35.2,-232.4,48,0,8,1,1,0",,"nayedien,arm_low_city,97.2,-272,-35,0,7,1,1,0","noble,fist,42.4,-227.2,-51,1,9,1,1,0","nayedien,leg_up_city,-19,-180.4,0.8,0,11,1,1,0","nayedien,leg_low_city,-21,-70.4,-2,0,11,1,1,0","nayedien,foot_city,-24.8,-1.4,-5.6,0,14,1,1,0","nayedien,leg_up_city,42,-182.4,3.7,0,15,1,1,0","nayedien,leg_low_city,50,-69.4,3.5,0,14,1,1,0","nayedien,foot_city,56.2,-4.4,10.5,0,16,1,1,0",,,"nayedien,cloak_below_city,7.6,-170,-1,0,20,1,1,0","nayedien,cloak_city,50.4,-321.6,-2,0,17,1,1,0","nayedien,shoulder_city,5.2,-386.4,-1,0,8,1,1,0","nayedien,shoulder_strap_city,46.8,-401.2,-13,0,9,1,1,0","nayedien,shoulder_inner_city,107.6,-373.6,-14,0,8,1,1,0","nayedien,cloak_up_city,-17,-334.4,-3,0,6,1,1,0","nayedien,cloak_up_back_city,120,-307.4,6,1,6,1,1,0","nayedien,hair_back,5.2,-276,-4,0,23,1,1,0","nayedien,hair_outer,-83.2,-312.8,1,0,23,1,1,0","nayedien,hair_inner,134.8,-273.2,-10,0,23,1,1,0",,,,,,,,,,,,,,,,,,,,,,,,,,,,,,,,,,,,,,,,,,,,,,,,,,,,,,,,,,,,,,,,,,,,,,,,,,,,,,,,,,,,,,,,,,,,
EXCLUDE_Bow/5,"nayedien,head,99,-483.4,-18,0,7,1,1,0","nayedien,neck_city,76,-432.4,-5,0,10,1,1,0","nayedien,body_city,39.2,-306.4,-17,0,9,1,1,0",,"nayedien,arm_low_city,0.8,-271.6,19,1,8,1,1,0","noble,fist,43.2,-224.4,51,0,8,1,1,0",,"nayedien,arm_low_city,103.2,-264,-33,0,7,1,1,0","noble,fist,46.4,-219.2,-49,1,9,1,1,0","nayedien,leg_up_city,-19,-180.4,0.8,0,11,1,1,0","nayedien,leg_low_city,-21,-70.4,-2,0,11,1,1,0","nayedien,foot_city,-24.8,-1.4,-5.6,0,14,1,1,0","nayedien,leg_up_city,42,-182.4,3.7,0,15,1,1,0","nayedien,leg_low_city,50,-69.4,3.5,0,14,1,1,0","nayedien,foot_city,56.2,-4.4,10.5,0,16,1,1,0",,,"nayedien,cloak_below_city,7.6,-164,-3,0,20,1,1,0","nayedien,cloak_city,46.4,-325.6,-2,0,17,1,1,0","nayedien,shoulder_city,19.2,-380.4,1,0,8,1,1,0","nayedien,shoulder_strap_city,60.8,-395.2,-18,0,9,1,1,0","nayedien,shoulder_inner_city,119.6,-359.6,-15,0,8,1,1,0","nayedien,cloak_up_city,1,-326.4,1,0,6,1,1,0","nayedien,cloak_up_back_city,130,-295.4,6,1,6,1,1,0","nayedien,hair_back,17.2,-272,-3,0,23,1,1,0","nayedien,hair_outer,-57.2,-304.8,1,0,23,1,1,0","nayedien,hair_inner,138.8,-257.2,-8,0,23,1,1,0",,,,,,,,,,,,,,,,,,,,,,,,,,,,,,,,,,,,,,,,,,,,,,,,,,,,,,,,,,,,,,,,,,,,,,,,,,,,,,,,,,,,,,,,,,"hold,play_time_mod_2",,
EXCLUDE_Idle/0,"nayedien,head,21,-523.4,0,0,7,1,1,0","nayedien,neck_city,14,-460.4,0,0,10,1,1,0","nayedien,body_city,13.2,-326.4,0,0,9,1,1,0",,"nayedien,arm_low_city,-29.2,-297.6,19,1,8,1,1,0","noble,fist,11.2,-248.4,44,0,8,1,1,0",,"nayedien,arm_low_city,73.2,-294,-26,0,7,1,1,0","noble,fist,24.4,-247.2,-51,1,9,1,1,0","nayedien,leg_up_city,-19,-180.4,0.8,0,11,1,1,0","nayedien,leg_low_city,-23,-70.4,-1,0,11,1,1,0","nayedien,foot_city,-24.8,-1.4,-5.6,0,14,1,1,0","nayedien,leg_up_city,42,-182.4,3.7,0,15,1,1,0","nayedien,leg_low_city,52,-69.4,3.5,0,14,1,1,0","nayedien,foot_city,58.2,-4.4,10.5,0,16,1,1,0",,,"nayedien,cloak_below_city,9.6,-180,-4,0,20,1,1,0","nayedien,cloak_city,12.4,-341.6,1,0,17,1,1,0","nayedien,shoulder_city,-32.8,-398.4,5,0,8,1,1,0","nayedien,shoulder_strap_city,16.8,-415.2,-11,0,9,1,1,0","nayedien,shoulder_inner_city,67.6,-403.6,-7,0,8,1,1,0","nayedien,cloak_up_city,-53,-354.4,-6,0,6,1,1,0","nayedien,cloak_up_back_city,84,-341.4,13,1,6,1,1,0","nayedien,hair_back,-10.8,-318,4,0,24,1,1,0","nayedien,hair_outer,-117.2,-326.8,1,0,23,1,1,0","nayedien,hair_inner,110.8,-317.2,0,0,23,1,1,0",,,,,,,,,,,,,,,,,,,,,,,,,,,,,,,,,,,,,,,,,,,,,,,,,,,,,,,,,,,,,,,,,,,,,,,,,,,,,,,,,,,,,,,,,,,,
EXCLUDE_Idle/1,"nayedien,head,21,-521.4,-1,0,7,1,1,0","nayedien,neck_city,14,-458.4,0,0,10,1,1,0","nayedien,body_city,13.2,-326.4,0,0,9,1,1,0",,"nayedien,arm_low_city,-29.2,-293.6,19,1,8,1,1,0","noble,fist,11.2,-244.4,44,0,8,1,1,0",,"nayedien,arm_low_city,73.2,-290,-26,0,7,1,1,0","noble,fist,24.4,-243.2,-51,1,9,1,1,0","nayedien,leg_up_city,-19,-180.4,0.8,0,11,1,1,0","nayedien,leg_low_city,-23,-70.4,-1,0,11,1,1,0","nayedien,foot_city,-24.8,-1.4,-5.6,0,14,1,1,0","nayedien,leg_up_city,42,-182.4,3.7,0,15,1,1,0","nayedien,leg_low_city,52,-69.4,3.5,0,14,1,1,0","nayedien,foot_city,58.2,-4.4,10.5,0,16,1,1,0",,,"nayedien,cloak_below_city,7.6,-180,-6,0,20,1,1,0","nayedien,cloak_city,12.4,-341.6,1,0,17,1,1,0","nayedien,shoulder_city,-32.8,-396.4,3,0,8,1,1,0","nayedien,shoulder_strap_city,16.8,-415.2,-14,0,9,1,1,0","nayedien,shoulder_inner_city,67.6,-401.6,-9,0,8,1,1,0","nayedien,cloak_up_city,-55,-352.4,-10,0,6,1,1,0","nayedien,cloak_up_back_city,84,-339.4,15,1,6,1,1,0","nayedien,hair_back,-10.8,-314,2,0,24,1,1,0","nayedien,hair_outer,-119.2,-322.8,2,0,23,1,1,0","nayedien,hair_inner,106.8,-313.2,-2,0,23,1,1,0",,,,,,,,,,,,,,,,,,,,,,,,,,,,,,,,,,,,,,,,,,,,,,,,,,,,,,,,,,,,,,,,,,,,,,,,,,,,,,,,,,,,,,,,,,play_time_mod_1.2,,
EXCLUDE_Idle/2,"nayedien,head,21,-517.4,-2,0,7,1,1,0","nayedien,neck_city,14,-454.4,0,0,10,1,1,0","nayedien,body_city,13.2,-322.4,0,0,9,1,1,0",,"nayedien,arm_low_city,-29.2,-289.6,19,1,8,1,1,0","noble,fist,11.2,-240.4,48,0,8,1,1,0",,"nayedien,arm_low_city,73.2,-286,-26,0,7,1,1,0","noble,fist,24.4,-239.2,-51,1,9,1,1,0","nayedien,leg_up_city,-19,-180.4,0.8,0,11,1,1,0","nayedien,leg_low_city,-23,-70.4,-1,0,11,1,1,0","nayedien,foot_city,-24.8,-1.4,-5.6,0,14,1,1,0","nayedien,leg_up_city,42,-182.4,3.7,0,15,1,1,0","nayedien,leg_low_city,52,-69.4,3.5,0,14,1,1,0","nayedien,foot_city,58.2,-4.4,10.5,0,16,1,1,0",,,"nayedien,cloak_below_city,3.6,-176,-8,0,20,1,1,0","nayedien,cloak_city,12.4,-337.6,1,0,17,1,1,0","nayedien,shoulder_city,-32.8,-390.4,3,0,8,1,1,0","nayedien,shoulder_strap_city,16.8,-409.2,-13,0,9,1,1,0","nayedien,shoulder_inner_city,67.6,-395.6,-9,0,8,1,1,0","nayedien,cloak_up_city,-57,-348.4,-14,0,6,1,1,0","nayedien,cloak_up_back_city,90,-339.4,20,1,6,1,1,0","nayedien,hair_back,-12.8,-314,0,0,24,1,1,0","nayedien,hair_outer,-115.2,-322.8,3,0,23,1,1,0","nayedien,hair_inner,100.8,-311.2,-4,0,23,1,1,0",,,,,,,,,,,,,,,,,,,,,,,,,,,,,,,,,,,,,,,,,,,,,,,,,,,,,,,,,,,,,,,,,,,,,,,,,,,,,,,,,,,,,,,,,,play_time_mod_1.5,,
EXCLUDE_Idle/3,"nayedien,head,21,-515.4,-3,0,7,1,1,0","nayedien,neck_city,14,-452.4,0,0,10,1,1,0","nayedien,body_city,13.2,-320.4,0,0,9,1,1,0",,"nayedien,arm_low_city,-29.2,-287.6,19,1,8,1,1,0","noble,fist,11.2,-238.4,48,0,8,1,1,0",,"nayedien,arm_low_city,73.2,-284,-26,0,7,1,1,0","noble,fist,24.4,-237.2,-51,1,9,1,1,0","nayedien,leg_up_city,-19,-180.4,0.8,0,11,1,1,0","nayedien,leg_low_city,-23,-70.4,-1,0,11,1,1,0","nayedien,foot_city,-24.8,-1.4,-5.6,0,14,1,1,0","nayedien,leg_up_city,42,-182.4,3.7,0,15,1,1,0","nayedien,leg_low_city,52,-69.4,3.5,0,14,1,1,0","nayedien,foot_city,58.2,-4.4,10.5,0,16,1,1,0",,,"nayedien,cloak_below_city,-0.4,-174,-12,0,20,1,1,0","nayedien,cloak_city,12.4,-335.6,1,0,17,1,1,0","nayedien,shoulder_city,-32.8,-388.4,3,0,8,1,1,0","nayedien,shoulder_strap_city,16.8,-405.2,-13,0,9,1,1,0","nayedien,shoulder_inner_city,67.6,-393.6,-9,0,8,1,1,0","nayedien,cloak_up_city,-61,-346.4,-16,0,6,1,1,0","nayedien,cloak_up_back_city,92,-337.4,24,1,6,1,1,0","nayedien,hair_back,-22.8,-310,1,0,25,1,1,0","nayedien,hair_outer,-117.2,-318.8,3,0,23,1,1,0","nayedien,hair_inner,96.8,-305.2,-5,0,23,1,1,0",,,,,,,,,,,,,,,,,,,,,,,,,,,,,,,,,,,,,,,,,,,,,,,,,,,,,,,,,,,,,,,,,,,,,,,,,,,,,,,,,,,,,,,,,,play_time_mod_1.5,,
EXCLUDE_Idle/4,"nayedien,head,21,-511.4,-5,0,7,1,1,0","nayedien,neck_city,14,-448.4,0,0,10,1,1,0","nayedien,body_city,13.2,-318.4,0,0,9,1,1,0",,"nayedien,arm_low_city,-29.2,-285.6,19,1,8,1,1,0","noble,fist,13.2,-236.4,52,0,8,1,1,0",,"nayedien,arm_low_city,73.2,-282,-26,0,7,1,1,0","noble,fist,24.4,-235.2,-51,1,9,1,1,0","nayedien,leg_up_city,-19,-180.4,0.8,0,11,1,1,0","nayedien,leg_low_city,-23,-70.4,-1,0,11,1,1,0","nayedien,foot_city,-24.8,-1.4,-5.6,0,14,1,1,0","nayedien,leg_up_city,42,-182.4,3.7,0,15,1,1,0","nayedien,leg_low_city,52,-69.4,3.5,0,14,1,1,0","nayedien,foot_city,58.2,-4.4,10.5,0,16,1,1,0",,,"nayedien,cloak_below_city,-4.4,-176,-14,0,20,1,1,0","nayedien,cloak_city,12.4,-333.6,1,0,17,1,1,0","nayedien,shoulder_city,-32.8,-384.4,1,0,8,1,1,0","nayedien,shoulder_strap_city,12.8,-403.2,-13,0,9,1,1,0","nayedien,shoulder_inner_city,69.6,-389.6,-5,0,8,1,1,0","nayedien,cloak_up_city,-61,-344.4,-18,0,6,1,1,0","nayedien,cloak_up_back_city,96,-335.4,24,1,6,1,1,0","nayedien,hair_back,-20.8,-306,0,0,24,1,1,0","nayedien,hair_outer,-119.2,-316.8,4,0,23,1,1,0","nayedien,hair_inner,92.8,-297.2,-5,0,23,1,1,0",,,,,,,,,,,,,,,,,,,,,,,,,,,,,,,,,,,,,,,,,,,,,,,,,,,,,,,,,,,,,,,,,,,,,,,,,,,,,,,,,,,,,,,,,,play_time_mod_1.5,,
EXCLUDE_Idle/5,"nayedien,head,21,-515.4,-3,0,7,1,1,0","nayedien,neck_city,14,-452.4,0,0,10,1,1,0","nayedien,body_city,13.2,-320.4,0,0,9,1,1,0",,"nayedien,arm_low_city,-29.2,-287.6,19,1,8,1,1,0","noble,fist,11.2,-238.4,48,0,8,1,1,0",,"nayedien,arm_low_city,73.2,-284,-26,0,7,1,1,0","noble,fist,24.4,-237.2,-51,1,9,1,1,0","nayedien,leg_up_city,-19,-180.4,0.8,0,11,1,1,0","nayedien,leg_low_city,-23,-70.4,-1,0,11,1,1,0","nayedien,foot_city,-24.8,-1.4,-5.6,0,14,1,1,0","nayedien,leg_up_city,42,-182.4,3.7,0,15,1,1,0","nayedien,leg_low_city,52,-69.4,3.5,0,14,1,1,0","nayedien,foot_city,58.2,-4.4,10.5,0,16,1,1,0",,,"nayedien,cloak_below_city,-0.4,-174,-12,0,20,1,1,0","nayedien,cloak_city,12.4,-335.6,1,0,17,1,1,0","nayedien,shoulder_city,-32.8,-388.4,3,0,8,1,1,0","nayedien,shoulder_strap_city,16.8,-405.2,-13,0,9,1,1,0","nayedien,shoulder_inner_city,67.6,-393.6,-9,0,8,1,1,0","nayedien,cloak_up_city,-61,-346.4,-16,0,6,1,1,0","nayedien,cloak_up_back_city,92,-337.4,24,1,6,1,1,0","nayedien,hair_back,-22.8,-310,1,0,25,1,1,0","nayedien,hair_outer,-117.2,-318.8,3,0,23,1,1,0","nayedien,hair_inner,96.8,-305.2,-5,0,23,1,1,0",,,,,,,,,,,,,,,,,,,,,,,,,,,,,,,,,,,,,,,,,,,,,,,,,,,,,,,,,,,,,,,,,,,,,,,,,,,,,,,,,,,,,,,,,,play_time_mod_1.2,,
EXCLUDE_Idle/6,"nayedien,head,21,-517.4,-2,0,7,1,1,0","nayedien,neck_city,14,-454.4,0,0,10,1,1,0","nayedien,body_city,13.2,-322.4,0,0,9,1,1,0",,"nayedien,arm_low_city,-29.2,-289.6,19,1,8,1,1,0","noble,fist,11.2,-240.4,48,0,8,1,1,0",,"nayedien,arm_low_city,73.2,-286,-26,0,7,1,1,0","noble,fist,24.4,-239.2,-51,1,9,1,1,0","nayedien,leg_up_city,-19,-180.4,0.8,0,11,1,1,0","nayedien,leg_low_city,-23,-70.4,-1,0,11,1,1,0","nayedien,foot_city,-24.8,-1.4,-5.6,0,14,1,1,0","nayedien,leg_up_city,42,-182.4,3.7,0,15,1,1,0","nayedien,leg_low_city,52,-69.4,3.5,0,14,1,1,0","nayedien,foot_city,58.2,-4.4,10.5,0,16,1,1,0",,,"nayedien,cloak_below_city,3.6,-176,-8,0,20,1,1,0","nayedien,cloak_city,12.4,-337.6,1,0,17,1,1,0","nayedien,shoulder_city,-32.8,-390.4,3,0,8,1,1,0","nayedien,shoulder_strap_city,16.8,-407.2,-13,0,9,1,1,0","nayedien,shoulder_inner_city,67.6,-395.6,-9,0,8,1,1,0","nayedien,cloak_up_city,-57,-348.4,-14,0,6,1,1,0","nayedien,cloak_up_back_city,90,-339.4,20,1,6,1,1,0","nayedien,hair_back,-12.8,-314,0,0,24,1,1,0","nayedien,hair_outer,-115.2,-322.8,3,0,23,1,1,0","nayedien,hair_inner,100.8,-311.2,-4,0,23,1,1,0",,,,,,,,,,,,,,,,,,,,,,,,,,,,,,,,,,,,,,,,,,,,,,,,,,,,,,,,,,,,,,,,,,,,,,,,,,,,,,,,,,,,,,,,,,,,
EXCLUDE_Idle/7,"nayedien,head,21,-521.4,-1,0,7,1,1,0","nayedien,neck_city,14,-458.4,0,0,10,1,1,0","nayedien,body_city,13.2,-326.4,0,0,9,1,1,0",,"nayedien,arm_low_city,-29.2,-293.6,19,1,8,1,1,0","noble,fist,11.2,-244.4,44,0,8,1,1,0",,"nayedien,arm_low_city,73.2,-290,-26,0,7,1,1,0","noble,fist,24.4,-243.2,-51,1,9,1,1,0","nayedien,leg_up_city,-19,-180.4,0.8,0,11,1,1,0","nayedien,leg_low_city,-23,-70.4,-1,0,11,1,1,0","nayedien,foot_city,-24.8,-1.4,-5.6,0,14,1,1,0","nayedien,leg_up_city,42,-182.4,3.7,0,15,1,1,0","nayedien,leg_low_city,52,-69.4,3.5,0,14,1,1,0","nayedien,foot_city,58.2,-4.4,10.5,0,16,1,1,0",,,"nayedien,cloak_below_city,7.6,-180,-6,0,20,1,1,0","nayedien,cloak_city,12.4,-341.6,1,0,17,1,1,0","nayedien,shoulder_city,-32.8,-396.4,3,0,8,1,1,0","nayedien,shoulder_strap_city,16.8,-415.2,-14,0,9,1,1,0","nayedien,shoulder_inner_city,67.6,-401.6,-9,0,8,1,1,0","nayedien,cloak_up_city,-55,-352.4,-10,0,6,1,1,0","nayedien,cloak_up_back_city,84,-339.4,15,1,6,1,1,0","nayedien,hair_back,-10.8,-314,2,0,24,1,1,0","nayedien,hair_outer,-119.2,-322.8,2,0,23,1,1,0","nayedien,hair_inner,106.8,-313.2,-2,0,23,1,1,0",,,,,,,,,,,,,,,,,,,,,,,,,,,,,,,,,,,,,,,,,,,,,,,,,,,,,,,,,,,,,,,,,,,,,,,,,,,,,,,,,,,,,,,,,,,,
EXCLUDE_Kneel/0,"nayedien,head,37,-503.4,-4,0,7,1,1,0","nayedien,neck_city,32,-440.4,-3,0,10,1,1,0","nayedien,body_city,29.2,-310.4,0,0,9,1,1,0",,"nayedien,arm_low_city,-11.2,-289.6,19,1,8,1,1,0","noble,fist,29.2,-240.4,48,0,8,1,1,0",,"nayedien,arm_low_city,97.2,-276,-19,0,7,1,1,0","noble,fist,56.4,-215.2,-38,1,9,1,1,0","nayedien,leg_up_city,-13,-180.4,-4.2,0,11,1,1,0","nayedien,leg_low_city,-23,-70.4,-9,0,11,1,1,0","nayedien,foot_city,-34.8,-1.4,-9.6,0,14,1,1,0","nayedien,leg_up_city,72,-182.4,11.7,0,15,1,1,0","nayedien,leg_low_city,88,-69.4,3.5,0,14,1,1,0","nayedien,foot_city,96.2,-0.4,10.5,0,16,1,1,0",,,"nayedien,cloak_below_city,19.6,-170,-3,0,20,1,1,0","nayedien,cloak_city,26.4,-321.6,1,0,17,1,1,0","nayedien,shoulder_city,-18.8,-374.4,3,0,8,1,1,0","nayedien,shoulder_strap_city,30.8,-397.2,-13,0,9,1,1,0","nayedien,shoulder_inner_city,85.6,-379.6,-11,0,8,1,1,0","nayedien,cloak_up_city,-43,-332.4,-14,0,6,1,1,0","nayedien,cloak_up_back_city,106,-323.4,23,1,6,1,1,0","nayedien,hair_back,11.2,-254,-2,0,24,1,1,0","nayedien,hair_outer,-113.2,-324.8,-6,0,23,1,1,0","nayedien,hair_inner,126.8,-293.2,-2,0,23,1,1,0",,,,,,,,,,,,,,,,,,,,,,,,,,,,,,,,,,,,,,,,,,,,,,,,,,,,,,,,,,,,,,,,,,,,,,,,,,,,,,,,,,,,,,,,,,,,
EXCLUDE_Kneel/1,"nayedien,head,39,-491.4,-2,0,7,1,1,0","nayedien,neck_city,38,-428.4,-3,0,10,1,1,0","nayedien,body_city,35.2,-300.4,1,0,9,1,1,0",,"nayedien,arm_low_city,-15.2,-255.6,2,1,8,1,1,0","noble,fist,7.2,-204.4,27,0,8,1,1,0",,"nayedien,arm_low_city,105.2,-276,-6,0,7,1,1,0","noble,fist,74.4,-203.2,-21,1,9,1,1,0","nayedien,leg_up_city,-9,-168.4,-18.2,0,11,1,1,0","nayedien,leg_low_city,-35,-70.4,-15,0,11,1,1,0","nayedien,foot_city,-50.8,-7.4,-12.6,0,14,1,1,0","nayedien,leg_up_city,84,-182.4,21.7,0,15,1,1,0","nayedien,leg_low_city,100,-69.4,-5.5,0,14,1,1,0","nayedien,foot_city,96.2,-0.4,10.5,0,16,1,1,0",,,"nayedien,cloak_below_city,17.6,-158,-19,0,20,1,1,0","nayedien,cloak_city,28.4,-309.6,-3,0,17,1,1,0","nayedien,shoulder_city,-16.8,-362.4,-1,0,8,1,1,0","nayedien,shoulder_strap_city,32.8,-387.2,-14,0,9,1,1,0","nayedien,shoulder_inner_city,87.6,-367.6,-15,0,8,1,1,0","nayedien,cloak_up_city,-47,-316.4,-16,0,6,1,1,0","nayedien,cloak_up_back_city,118,-313.4,34,1,6,1,1,0","nayedien,hair_back,1.2,-238,-2,0,24,1,1,0","nayedien,hair_outer,-117.2,-308.8,-6,0,23,1,1,0","nayedien,hair_inner,122.8,-277.2,-2,0,23,1,1,0",,,,,,,,,,,,,,,,,,,,,,,,,,,,,,,,,,,,,,,,,,,,,,,,,,,,,,,,,,,,,,,,,,,,,,,,,,,,,,,,,,,,,,,,,,play_time_mod_0.7,,
EXCLUDE_Kneel/2,"nayedien,head,57,-461.4,-6,0,7,1,1,0","nayedien,neck_city,50,-398.4,-7,0,10,1,1,0","nayedien,body_city,35.2,-270.4,-4,0,9,1,1,0",,"nayedien,arm_low_city,-47.2,-243.6,-18,1,8,1,1,0","noble,fist,-46.8,-178.4,0,0,8,1,1,0","nayedien,arm_up_city,103.6,-307.2,27,0,8,1,1,0","nayedien,arm_low_city,121.2,-238,13,0,7,1,1,0","noble,open,114.4,-157.2,-10,1,9,1,1,0","nayedien,leg_up_city,-11,-152.4,-18.2,0,11,1,1,0","nayedien,leg_low_city,-55,-70.4,-45,0,11,1,1,0","nayedien,foot_city,-94.8,-15.4,-29.6,0,14,1,1,0","nayedien,leg_up_city,94,-148.4,50.7,0,15,1,1,0","nayedien,leg_low_city,112,-69.4,-22.5,0,14,1,1,0","nayedien,foot_city,96.2,-4.4,0.5,0,16,1,1,0",,,"nayedien,cloak_below_city,5.6,-152,-33,0,20,1,1,0","nayedien,cloak_city,36.4,-279.6,-3,0,17,1,1,0","nayedien,shoulder_city,-8.8,-332.4,-1,0,8,1,1,0","nayedien,shoulder_strap_city,40.8,-357.2,-17,0,9,1,1,0","nayedien,shoulder_inner_city,105.6,-337.6,-4,0,8,1,1,0","nayedien,cloak_up_city,-49,-296.4,-32,0,6,1,1,0","nayedien,cloak_up_back_city,142,-285.4,42,1,6,1,1,0","nayedien,hair_back,-18.8,-232,-14,0,24,1,1,0","nayedien,hair_outer,-129.2,-304.8,-18,0,23,1,1,0","nayedien,hair_inner,110.8,-263.2,-8,0,23,1,1,0",,,,,,,,,,,,,,,,,,,,,,,,,,,,,,,,,,,,,,,,,,,,,,,,,,,,,,,,,,,,,,,,,,,,,,,,,,,,,,,,,,,,,,,,,,play_time_mod_0.6,,
EXCLUDE_Kneel/3,"nayedien,head,69,-415.4,-6,0,7,1,1,0","nayedien,neck_city,62,-352.4,-7,0,10,1,1,0","nayedien,body_city,35.2,-232.4,-9,0,9,1,1,0","nayedien,arm_up_city,-23.6,-260.4,-25,0,8,1,1,0","nayedien,arm_low_city,-47.2,-185.6,-21,1,7,1,1,0","noble,fist,-56.8,-114.4,-9,0,6,1,1,0","nayedien,arm_up_city,103.6,-251.2,13,0,8,1,1,0","nayedien,arm_low_city,125.2,-166,22,0,7,1,1,0","noble,open,130.4,-89.2,0,1,9,1,1,0","nayedien,leg_up_city,-23,-112.4,-16.2,0,11,1,1,0","nayedien,leg_low_city,-81,-38.4,-63,0,11,1,1,0","nayedien,foot_city,-130.8,-5.4,-46.6,0,14,1,1,0","nayedien,leg_up_city,90,-126.4,70.7,0,15,1,1,0","nayedien,leg_low_city,114,-65.4,-20.5,0,14,1,1,0","nayedien,foot_city,102.2,-4.4,2.5,0,16,1,1,0",,,"nayedien,cloak_below_city,5.6,-172,-165,0,20,1,1,0","nayedien,cloak_wide_city,42.4,-271.6,-1,0,17,1,1,0","nayedien,shoulder_city,-0.8,-302.4,-14,0,8,1,1,0","nayedien,shoulder_strap_city,48.8,-319.2,-17,0,9,1,1,0","nayedien,shoulder_inner_city,113.6,-299.6,-4,0,8,1,1,0","nayedien,cloak_up_city,-59,-298.4,-72,0,6,1,1,0","nayedien,cloak_up_back_city,154,-273.4,60,1,6,1,1,0","nayedien,hair_back,-28.8,-202,-22,0,24,1,1,0","nayedien,hair_outer,-121.2,-284.8,-33,0,23,1,1,0","nayedien,hair_inner,102.8,-203.2,-21,0,23,1,1,0",,,,,,,,,,,,,,,,,,,,,,,,,,,,,,,,,,,,,,,,,,,,,,,,,,,,,,,,,,,,,,,,,,,,,,,,,,,,,,,,,,,,,,,,,,play_time_mod_0.5,,
EXCLUDE_Kneel/4,"nayedien,head,69,-377.4,-9,0,7,1,1,0","nayedien,neck_city,62,-314.4,-7,0,10,1,1,0","nayedien,body_city,35.2,-192.4,-9,0,9,1,1,0","nayedien,arm_up_city,-27.6,-254.4,-15,0,8,1,1,0","nayedien,arm_low_city,-53.2,-163.6,-18,1,7,1,1,0","noble,fist,-58.8,-98.4,-9,0,6,1,1,0","nayedien,arm_up_city,101.6,-235.2,20,0,8,1,1,0","nayedien,arm_low_city,127.2,-150,21,0,7,1,1,0","noble,open,130.4,-73.2,0,1,9,1,1,0","nayedien,leg_up_city,-17,-64.4,-2.2,0,11,1,1,0","nayedien,leg_low_city,-79,-18.4,-95,0,11,1,1,0","nayedien,foot_city,-130.8,-9.4,-60.6,0,14,1,1,0","nayedien,leg_up_city,90,-98.4,98,0,15,1,1,0","nayedien,leg_low_city,114,-53.4,-15.5,0,14,1,1,0","nayedien,foot_city,106.2,3.6,-0.5,0,16,1,1,0",,,"nayedien,cloak_below_city,-2.4,-132,-134,0,20,0.9,0.9,0","nayedien,cloak_wide_city,42.4,-247.6,-1,0,17,1,1,0","nayedien,shoulder_city,-0.8,-270.4,-28,0,8,1,1,0","nayedien,shoulder_strap_city,48.8,-281.2,-17,0,9,1,1,0","nayedien,shoulder_inner_city,113.6,-261.6,11,0,8,1,1,0","nayedien,cloak_up_city,-71,-264.4,-78,0,6,1,1,0","nayedien,cloak_up_back_city,160,-245.4,74,1,6,1,1,0","nayedien,hair_back,-40.8,-178,-23,0,24,1,1,0","nayedien,hair_outer,-133.2,-260.8,-34,0,23,1,1,0","nayedien,hair_inner,90.8,-179.2,-22,0,23,1,1,0",,,,,,,,,,,,,,,,,,,,,,,,,,,,,,,,,,,,,,,,,,,,,,,,,,,,,,,,,,,,,,,,,,,,,,,,,,,,,,,,,,,,,,,,,,,,
EXCLUDE_Kneel/5,"nayedien,head,51,-377.4,-2,0,7,1,1,0","nayedien,neck_city,50,-314.4,-2,0,10,1,1,0","nayedien,body_city,27.2,-186.4,-5,0,9,1,1,0","nayedien,arm_up_city,-27.6,-232.4,-35,0,8,1,1,0","nayedien,arm_low_city,-49.2,-147.6,-3,1,7,1,1,0","noble,fist,-32.8,-90.4,21,0,6,1,1,0","nayedien,arm_up_city,101.6,-225.2,20,0,8,1,1,0","nayedien,arm_low_city,129.2,-144,24,0,7,1,1,0","noble,open,130.4,-67.2,-19,1,9,1,1,0","nayedien,leg_up_city,-17,-64.4,-2.2,0,11,1,1,0","nayedien,leg_low_city,-79,-18.4,-95,0,11,1,1,0","nayedien,foot_city,-130.8,-9.4,-60.6,0,14,1,1,0","nayedien,leg_up_city,90,-98.4,98,0,15,1,1,0","nayedien,leg_low_city,114,-53.4,-15.5,0,14,1,1,0","nayedien,foot_city,106.2,3.6,-0.5,0,16,1,1,0",,,"nayedien,cloak_below_city,-12.4,-76,-30,0,20,0.9,0.9,0","nayedien,cloak_wide_city,42.4,-247.6,-1,0,17,1,1,0","nayedien,shoulder_city,-10.8,-260.4,-12,0,8,1,1,0","nayedien,shoulder_strap_city,48.8,-277.2,-8,0,9,1,1,0","nayedien,shoulder_inner_city,105.6,-261.6,8,0,8,1,1,0","nayedien,cloak_up_city,-75,-240.4,-68,0,6,1,1,0","nayedien,cloak_up_back_city,160,-217.4,60,1,6,1,1,0","nayedien,hair_back,-26.8,-164,-18,0,24,1,1,0","nayedien,hair_outer,-125.2,-230.8,-28,0,23,1,1,0","nayedien,hair_inner,104.8,-165.2,-17,0,23,1,1,0",,,,,,,,,,,,,,,,,,,,,,,,,,,,,,,,,,,,,,,,,,,,,,,,,,,,,,,,,,,,,,,,,,,,,,,,,,,,,,,,,,,,,,,,,,,,
EXCLUDE_Kneel/6,"nayedien,head,25,-373.4,6,0,7,1,1,0","nayedien,neck_city,30,-310.4,4,0,10,1,1,0","nayedien,body_city,25.2,-182.4,-2,0,9,1,1,0","nayedien,arm_up_city,-35.6,-232.4,-23,0,8,1,1,0","nayedien,arm_low_city,-43.2,-119.6,10,1,7,1,1,0","noble,fist,-12.8,-70.4,39,0,6,1,1,0","nayedien,arm_up_city,93.6,-225.2,26,0,8,1,1,0","nayedien,arm_low_city,125.2,-140,24,0,7,1,1,0","noble,open,122.4,-67.2,-22,1,9,1,1,0","nayedien,leg_up_city,-13,-64.4,-2.2,0,11,1,1,0","nayedien,leg_low_city,-79,-18.4,-95,0,11,1,1,0","nayedien,foot_city,-130.8,-9.4,-60.6,0,14,1,1,0","nayedien,leg_up_city,90,-94.4,103,0,15,1,1,0","nayedien,leg_low_city,114,-53.4,-15.5,0,14,1,1,0","nayedien,foot_city,106.2,3.6,-0.5,0,16,1,1,0",,,"nayedien,cloak_below_city,7.6,-34,-14,0,20,0.9,0.9,0","nayedien,cloak_wide_city,30.4,-207.6,-1,0,17,1,1,0","nayedien,shoulder_city,-28.8,-250.4,-6,0,8,1,1,0","nayedien,shoulder_strap_city,36.8,-269.2,-8,0,9,1,1,0","nayedien,shoulder_inner_city,89.6,-253.6,-7,0,8,1,1,0","nayedien,cloak_up_city,-75,-204.4,-27,0,6,1,1,0","nayedien,cloak_up_back_city,122,-189.4,23,1,6,1,1,0","nayedien,hair_back,-18.8,-154,-12,0,24,1,1,0","nayedien,hair_outer,-127.2,-196.8,-20,0,23,1,1,0","nayedien,hair_inner,112.8,-167.2,-11,0,23,1,1,0",,,,,,,,,,,,,,,,,,,,,,,,,,,,,,,,,,,,,,,,,,,,,,,,,,,,,,,,,,,,,,,,,,,,,,,,,,,,,,,,,,,,,,,,,,hold,,
EXCLUDE_KneelAsk/0,"nayedien,head,17,-377.4,9,0,7,1,1,0","nayedien,neck_city,22,-310.4,4,0,10,1,1,0","nayedien,body_city,21.2,-182.4,0,0,9,1,1,0","nayedien,arm_up_city,-35.6,-232.4,-23,0,8,1,1,0","nayedien,arm_low_city,-35.2,-119.6,26,1,7,1,1,0","noble,open,13.2,-76.4,54,0,6,1,1,0","nayedien,arm_up_city,93.6,-225.2,26,0,8,1,1,0","nayedien,arm_low_city,125.2,-140,26,0,7,1,1,0","noble,open,126.4,-67.2,-20,1,9,1,1,0","nayedien,leg_up_city,-13,-64.4,-2.2,0,11,1,1,0","nayedien,leg_low_city,-79,-18.4,-95,0,11,1,1,0","nayedien,foot_city,-130.8,-9.4,-60.6,0,14,1,1,0","nayedien,leg_up_city,90,-94.4,103,0,15,1,1,0","nayedien,leg_low_city,114,-53.4,-15.5,0,14,1,1,0","nayedien,foot_city,106.2,3.6,-0.5,0,16,1,1,0",,,"nayedien,cloak_below_city,7.6,-34,-14,0,20,0.9,0.9,0","nayedien,cloak_wide_city,30.4,-187.6,1,0,17,1,1,0","nayedien,shoulder_city,-28.8,-246.4,-3,0,8,1,1,0","nayedien,shoulder_strap_city,32.8,-271.2,-3,0,9,1,1,0","nayedien,shoulder_inner_city,85.6,-253.6,-4,0,8,1,1,0","nayedien,cloak_up_city,-73,-194.4,-21,0,6,1,1,0","nayedien,cloak_up_back_city,118,-189.4,19,1,6,1,1,0","nayedien,hair_back,-14.8,-158,-10,0,24,1,1,0","nayedien,hair_outer,-123.2,-200.8,-18,0,23,1,1,0","nayedien,hair_inner,112.8,-175.2,-9,0,23,1,1,0",,,,,,,,,,,,,,,,,,,,,,,,,,,,,,,,,,,,,,,,,,,,,,,,,,,,,,,,,,,,,,,,,,,,,,,,,,,,,,,,,,,,,,,,,,,,
EXCLUDE_KneelAsk/1,"nayedien,head,1,-377.4,11,0,7,1,1,0","nayedien,neck_city,10,-310.4,9,0,10,1,1,0","nayedien,body_city,15.2,-182.4,2,0,9,1,1,0","nayedien,arm_up_city,-51.6,-200.4,-4,0,8,1,1,0","nayedien,arm_low_city,-27.2,-129.6,68,1,7,1,1,0","noble,open,41.2,-126.4,92,0,6,1,1,0","nayedien,arm_up_city,85.6,-225.2,33,0,8,1,1,0","nayedien,arm_low_city,125.2,-140,26,0,7,1,1,0","noble,open,126.4,-67.2,-20,1,9,1,1,0","nayedien,leg_up_city,-13,-64.4,-2.2,0,11,1,1,0","nayedien,leg_low_city,-79,-18.4,-95,0,11,1,1,0","nayedien,foot_city,-130.8,-9.4,-60.6,0,14,1,1,0","nayedien,leg_up_city,90,-94.4,103,0,15,1,1,0","nayedien,leg_low_city,114,-53.4,-15.5,0,14,1,1,0","nayedien,foot_city,106.2,3.6,-0.5,0,16,1,1,0",,,"nayedien,cloak_below_city,9.6,-38,-10,0,20,0.9,0.9,0","nayedien,cloak_wide_city,16.4,-203.6,-4,0,17,1,1,0","nayedien,shoulder_city,-42.8,-246.4,-1,0,8,1,1,0","nayedien,shoulder_strap_city,18.8,-271.2,-1,0,9,1,1,0","nayedien,shoulder_inner_city,71.6,-253.6,-2,0,8,1,1,0","nayedien,cloak_up_city,-79,-192.4,-16,0,6,1,1,0","nayedien,cloak_up_back_city,108,-193.4,28,1,6,1,1,0","nayedien,hair_back,-14.8,-154,-5,0,24,1,1,0","nayedien,hair_outer,-123.2,-196.8,-13,0,23,1,1,0","nayedien,hair_inner,108.8,-185.2,-3,0,23,1,1,0",,,,,,,,,,,,,,,,,,,,,,,,,,,,,,,,,,,,,,,,,,,,,,,,,,,,,,,,,,,,,,,,,,,,,,,,,,,,,,,,,,,,,,,,,,,,
EXCLUDE_KneelAsk/2,"nayedien,head,-3,-377.4,14,0,7,1,1,0","nayedien,neck_city,10,-310.4,9,0,10,1,1,0","nayedien,body_city,15.2,-182.4,2,0,9,1,1,0","nayedien,arm_up_city,-51.6,-200.4,-4,0,8,1,1,0","nayedien,arm_low_city,-27.2,-147.6,78,1,7,1,1,0","noble,open,41.2,-150.4,82,0,6,1,1,0","nayedien,arm_up_city,85.6,-225.2,33,0,8,1,1,0","nayedien,arm_low_city,125.2,-140,26,0,7,1,1,0","noble,open,126.4,-67.2,-20,1,9,1,1,0","nayedien,leg_up_city,-13,-64.4,-2.2,0,11,1,1,0","nayedien,leg_low_city,-79,-18.4,-95,0,11,1,1,0","nayedien,foot_city,-130.8,-9.4,-60.6,0,14,1,1,0","nayedien,leg_up_city,90,-94.4,103,0,15,1,1,0","nayedien,leg_low_city,114,-53.4,-15.5,0,14,1,1,0","nayedien,foot_city,106.2,3.6,-0.5,0,16,1,1,0",,,"nayedien,cloak_below_city,9.6,-38,-7,0,20,0.9,0.9,0","nayedien,cloak_wide_city,16.4,-203.6,-4,0,17,1,1,0","nayedien,shoulder_city,-42.8,-246.4,-1,0,8,1,1,0","nayedien,shoulder_strap_city,18.8,-271.2,-1,0,9,1,1,0","nayedien,shoulder_inner_city,71.6,-253.6,-2,0,8,1,1,0","nayedien,cloak_up_city,-79,-192.4,-18,0,6,1,1,0","nayedien,cloak_up_back_city,108,-193.4,28,1,6,1,1,0","nayedien,hair_back,-8.8,-150,-2,0,24,1,1,0","nayedien,hair_outer,-117.2,-192.8,-10,0,23,1,1,0","nayedien,hair_inner,110.8,-189.2,0,0,23,1,1,0",,,,,,,,,,,,,,,,,,,,,,,,,,,,,,,,,,,,,,,,,,,,,,,,,,,,,,,,,,,,,,,,,,,,,,,,,,,,,,,,,,,,,,,,,,,,
EXCLUDE_KneelAsk/3,"nayedien,head,-9,-379.4,17,0,7,1,1,0","nayedien,neck_city,10,-310.4,9,0,10,1,1,0","nayedien,body_city,15.2,-182.4,2,0,9,1,1,0","nayedien,arm_up_city,-51.6,-200.4,-4,0,8,1,1,0","nayedien,arm_low_city,-27.2,-161.6,96,1,7,1,1,0","noble,twopoint,41.2,-186.4,100,0,6,1,1,0","nayedien,arm_up_city,85.6,-225.2,33,0,8,1,1,0","nayedien,arm_low_city,125.2,-140,26,0,7,1,1,0","noble,open,126.4,-67.2,-20,1,9,1,1,0","nayedien,leg_up_city,-13,-64.4,-2.2,0,11,1,1,0","nayedien,leg_low_city,-79,-18.4,-95,0,11,1,1,0","nayedien,foot_city,-130.8,-9.4,-60.6,0,14,1,1,0","nayedien,leg_up_city,90,-94.4,103,0,15,1,1,0","nayedien,leg_low_city,114,-53.4,-15.5,0,14,1,1,0","nayedien,foot_city,106.2,3.6,-0.5,0,16,1,1,0",,,"nayedien,cloak_below_city,11.6,-36,-4,0,20,0.9,0.9,0","nayedien,cloak_wide_city,16.4,-203.6,-4,0,17,1,1,0","nayedien,shoulder_city,-42.8,-246.4,-1,0,8,1,1,0","nayedien,shoulder_strap_city,18.8,-271.2,-1,0,9,1,1,0","nayedien,shoulder_inner_city,71.6,-253.6,-2,0,8,1,1,0","nayedien,cloak_up_city,-83,-192.4,-20,0,6,1,1,0","nayedien,cloak_up_back_city,108,-193.4,28,1,6,1,1,0","nayedien,hair_back,-8.8,-148,-1,0,24,1,1,0","nayedien,hair_outer,-107.2,-186.8,-7,0,23,1,1,0","nayedien,hair_inner,110.8,-197.2,1,0,23,1,1,0",,,,,,,,,,,,,,,,,,,,,,,,,,,,,,,,,,,,,,,,,,,,,,,,,,,,,,,,,,,,,,,,,,,,,,,,,,,,,,,,,,,,,,,,,,hold,,
EXCLUDE_KneelUp/0,"nayedien,head,51,-377.4,-2,0,7,1,1,0","nayedien,neck_city,50,-314.4,-2,0,10,1,1,0","nayedien,body_city,27.2,-186.4,-5,0,9,1,1,0","nayedien,arm_up_city,-27.6,-232.4,-35,0,8,1,1,0","nayedien,arm_low_city,-37.2,-159.6,26,1,7,1,1,0","noble,fist,5.2,-104.4,28,0,6,1,1,0","nayedien,arm_up_city,95.6,-225.2,24,0,8,1,1,0","nayedien,arm_low_city,125.2,-144,28,0,7,1,1,0","noble,open,130.4,-67.2,-19,1,9,1,1,0","nayedien,leg_up_city,-17,-64.4,-2.2,0,11,1,1,0","nayedien,leg_low_city,-79,-18.4,-95,0,11,1,1,0","nayedien,foot_city,-130.8,-9.4,-60.6,0,14,1,1,0","nayedien,leg_up_city,90,-98.4,98,0,15,1,1,0","nayedien,leg_low_city,114,-53.4,-15.5,0,14,1,1,0","nayedien,foot_city,106.2,3.6,-0.5,0,16,1,1,0",,,"nayedien,cloak_below_city,3.6,-64,-12,0,20,0.9,0.9,0","nayedien,cloak_wide_city,42.4,-247.6,-1,0,17,1,1,0","nayedien,shoulder_city,-10.8,-260.4,-12,0,8,1,1,0","nayedien,shoulder_strap_city,48.8,-277.2,-8,0,9,1,1,0","nayedien,shoulder_inner_city,105.6,-261.6,8,0,8,1,1,0","nayedien,cloak_up_city,-57,-228.4,-40,0,6,1,1,0","nayedien,cloak_up_back_city,136,-209.4,34,1,6,1,1,0","nayedien,hair_back,-22.8,-182,-15,0,24,1,1,0","nayedien,hair_outer,-109.2,-226.8,-25,0,23,1,1,0","nayedien,hair_inner,86.8,-177.2,-25,0,23,1,1,0",,,,,,,,,,,,,,,,,,,,,,,,,,,,,,,,,,,,,,,,,,,,,,,,,,,,,,,,,,,,,,,,,,,,,,,,,,,,,,,,,,,,,,,,,,,,
EXCLUDE_KneelUp/1,"nayedien,head,69,-415.4,-6,0,7,1,1,0","nayedien,neck_city,62,-352.4,-7,0,10,1,1,0","nayedien,body_city,35.2,-232.4,-9,0,9,1,1,0","nayedien,arm_up_city,-23.6,-260.4,-25,0,8,1,1,0","nayedien,arm_low_city,-47.2,-185.6,-21,1,7,1,1,0","noble,fist,-56.8,-114.4,-9,0,6,1,1,0","nayedien,arm_up_city,103.6,-251.2,13,0,8,1,1,0","nayedien,arm_low_city,125.2,-166,22,0,7,1,1,0","noble,open,130.4,-89.2,0,1,9,1,1,0","nayedien,leg_up_city,-23,-112.4,-16.2,0,11,1,1,0","nayedien,leg_low_city,-81,-38.4,-63,0,11,1,1,0","nayedien,foot_city,-130.8,-5.4,-46.6,0,14,1,1,0","nayedien,leg_up_city,90,-126.4,70.7,0,15,1,1,0","nayedien,leg_low_city,114,-65.4,-20.5,0,14,1,1,0","nayedien,foot_city,102.2,-4.4,2.5,0,16,1,1,0",,,"nayedien,cloak_below_city,-4.4,-92,-16,0,20,0.9,0.9,0","nayedien,cloak_wide_city,42.4,-271.6,-1,0,17,1,1,0","nayedien,shoulder_city,-0.8,-302.4,-14,0,8,1,1,0","nayedien,shoulder_strap_city,48.8,-319.2,-17,0,9,1,1,0","nayedien,shoulder_inner_city,113.6,-299.6,-4,0,8,1,1,0","nayedien,cloak_up_city,-45,-266.4,-35,0,6,1,1,0","nayedien,cloak_up_back_city,132,-247.4,21,1,6,1,1,0","nayedien,hair_back,-12.8,-192,-12,0,24,1,1,0","nayedien,hair_outer,-105.2,-266.8,-23,0,23,1,1,0","nayedien,hair_inner,112.8,-205.2,-18,0,23,1,1,0",,,,,,,,,,,,,,,,,,,,,,,,,,,,,,,,,,,,,,,,,,,,,,,,,,,,,,,,,,,,,,,,,,,,,,,,,,,,,,,,,,,,,,,,,,,,
EXCLUDE_KneelUp/2,"nayedien,head,57,-461.4,-6,0,7,1,1,0","nayedien,neck_city,50,-398.4,-7,0,10,1,1,0","nayedien,body_city,35.2,-270.4,-4,0,9,1,1,0",,"nayedien,arm_low_city,-47.2,-243.6,-18,1,8,1,1,0","noble,fist,-46.8,-178.4,0,0,8,1,1,0","nayedien,arm_up_city,103.6,-307.2,27,0,8,1,1,0","nayedien,arm_low_city,121.2,-238,13,0,7,1,1,0","noble,open,114.4,-157.2,-10,1,9,1,1,0","nayedien,leg_up_city,-11,-152.4,-18.2,0,11,1,1,0","nayedien,leg_low_city,-55,-70.4,-45,0,11,1,1,0","nayedien,foot_city,-94.8,-15.4,-29.6,0,14,1,1,0","nayedien,leg_up_city,94,-148.4,50.7,0,15,1,1,0","nayedien,leg_low_city,112,-69.4,-22.5,0,14,1,1,0","nayedien,foot_city,96.2,-4.4,0.5,0,16,1,1,0",,,"nayedien,cloak_below_city,15.6,-124,-12,0,20,0.9,0.9,0","nayedien,cloak_city,36.4,-279.6,-3,0,17,1,1,0","nayedien,shoulder_city,-8.8,-332.4,-1,0,8,1,1,0","nayedien,shoulder_strap_city,40.8,-357.2,-17,0,9,1,1,0","nayedien,shoulder_inner_city,105.6,-337.6,-4,0,8,1,1,0","nayedien,cloak_up_city,-49,-296.4,-32,0,6,1,1,0","nayedien,cloak_up_back_city,132,-285.4,32,1,6,1,1,0","nayedien,hair_back,-18.8,-250,-14,0,24,1,1,0","nayedien,hair_outer,-121.2,-288.8,-14,0,23,1,1,0","nayedien,hair_inner,122.8,-247.2,-9,0,23,1,1,0",,,,,,,,,,,,,,,,,,,,,,,,,,,,,,,,,,,,,,,,,,,,,,,,,,,,,,,,,,,,,,,,,,,,,,,,,,,,,,,,,,,,,,,,,,,,
EXCLUDE_KneelUp/3,"nayedien,head,35,-491.4,-2,0,7,1,1,0","nayedien,neck_city,34,-428.4,-3,0,10,1,1,0","nayedien,body_city,31.2,-300.4,1,0,9,1,1,0",,"nayedien,arm_low_city,-19.2,-255.6,2,1,8,1,1,0","noble,fist,3.2,-204.4,27,0,8,1,1,0",,"nayedien,arm_low_city,101.2,-276,-6,0,7,1,1,0","noble,fist,70.4,-203.2,-21,1,9,1,1,0","nayedien,leg_up_city,-13,-168.4,-18.2,0,11,1,1,0","nayedien,leg_low_city,-39,-70.4,-15,0,11,1,1,0","nayedien,foot_city,-54.8,-7.4,-12.6,0,14,1,1,0","nayedien,leg_up_city,80,-182.4,21.7,0,15,1,1,0","nayedien,leg_low_city,96,-69.4,-5.5,0,14,1,1,0","nayedien,foot_city,92.2,-0.4,10.5,0,16,1,1,0",,,"nayedien,cloak_below_city,11.6,-150,-9,0,20,0.9,0.9,0","nayedien,cloak_city,24.4,-309.6,-3,0,17,1,1,0","nayedien,shoulder_city,-20.8,-362.4,-1,0,8,1,1,0","nayedien,shoulder_strap_city,28.8,-387.2,-14,0,9,1,1,0","nayedien,shoulder_inner_city,83.6,-367.6,-15,0,8,1,1,0","nayedien,cloak_up_city,-51,-316.4,-16,0,6,1,1,0","nayedien,cloak_up_back_city,114,-313.4,34,1,6,1,1,0","nayedien,hair_back,-8.8,-272,0,0,24,1,1,0","nayedien,hair_outer,-111.2,-300.8,-2,0,23,1,1,0","nayedien,hair_inner,108.8,-289.2,-2,0,23,1,1,0",,,,,,,,,,,,,,,,,,,,,,,,,,,,,,,,,,,,,,,,,,,,,,,,,,,,,,,,,,,,,,,,,,,,,,,,,,,,,,,,,,,,,,,,,,,,
EXCLUDE_KneelUp/4,"nayedien,head,33,-503.4,-4,0,7,1,1,0","nayedien,neck_city,28,-440.4,-3,0,10,1,1,0","nayedien,body_city,25.2,-310.4,0,0,9,1,1,0",,"nayedien,arm_low_city,-15.2,-289.6,19,1,8,1,1,0","noble,fist,25.2,-240.4,48,0,8,1,1,0","nayedien,arm_up_city,99.6,-307.2,27,0,8,1,1,0","nayedien,arm_low_city,93.2,-276,-19,0,7,1,1,0","noble,fist,52.4,-215.2,-38,1,9,1,1,0","nayedien,leg_up_city,-17,-180.4,-4.2,0,11,1,1,0","nayedien,leg_low_city,-27,-70.4,-9,0,11,1,1,0","nayedien,foot_city,-38.8,-1.4,-9.6,0,14,1,1,0","nayedien,leg_up_city,64,-182.4,5.7,0,15,1,1,0","nayedien,leg_low_city,74,-69.4,3.5,0,14,1,1,0","nayedien,foot_city,80.2,-0.4,10.5,0,16,1,1,0",,,"nayedien,cloak_below_city,13.6,-166,-7,0,20,1,1,0","nayedien,cloak_city,22.4,-321.6,1,0,17,1,1,0","nayedien,shoulder_city,-22.8,-374.4,3,0,8,1,1,0","nayedien,shoulder_strap_city,26.8,-397.2,-13,0,9,1,1,0","nayedien,shoulder_inner_city,81.6,-379.6,-11,0,8,1,1,0","nayedien,cloak_up_city,-47,-332.4,-14,0,6,1,1,0","nayedien,cloak_up_back_city,102,-323.4,23,1,6,1,1,0","nayedien,hair_back,-2.8,-302,-2,0,24,1,1,0","nayedien,hair_outer,-103.2,-308.8,4,0,23,1,1,0","nayedien,hair_inner,110.8,-289.2,-3,0,23,1,1,0",,,,,,,,,,,,,,,,,,,,,,,,,,,,,,,,,,,,,,,,,,,,,,,,,,,,,,,,,,,,,,,,,,,,,,,,,,,,,,,,,,,,,,,,,,play_time_mod_0.7,,
EXCLUDE_Surprise/0,"nayedien,angry,15,-517.4,-7,0,7,1,1,0","nayedien,neck_city,10,-458.4,-3,0,10,1,1,0","nayedien,body_city,9.2,-326.4,2,0,9,1,1,0",,"nayedien,arm_low_city,-13.2,-369.6,139,1,8,1,1,0","noble,open,27.2,-444.4,143,0,3,1,1,0",,"nayedien,arm_low_city,59.2,-298,-72,0,7,1,1,0","noble,open,-19.2,-292.8,-87,1,9,1,1,0","nayedien,leg_up_city,-19,-180.4,0.8,0,11,1,1,0","nayedien,leg_low_city,-23,-70.4,-1,0,11,1,1,0","nayedien,foot_city,-24.8,-1.4,-5.6,0,14,1,1,0","nayedien,leg_up_city,42,-182.4,3.7,0,15,1,1,0","nayedien,leg_low_city,52,-69.4,3.5,0,14,1,1,0","nayedien,foot_city,58.2,-4.4,10.5,0,16,1,1,0",,,"nayedien,cloak_below_city,1.6,-180,-7,0,20,1,1,0","nayedien,cloak_city,12.4,-341.6,1,0,17,1,1,0","nayedien,shoulder_city,-36.8,-396.4,9,0,8,1,1,0","nayedien,shoulder_strap_city,16.8,-413.2,-6,0,9,1,1,0","nayedien,shoulder_inner_city,67.6,-401.6,-9,0,8,1,1,0","nayedien,cloak_up_city,-55,-342.4,1,0,6,1,1,0","nayedien,cloak_up_back_city,100,-339.4,30,1,6,1,1,0","nayedien,hair_back,-28.8,-294,-4,0,24,1,1,0","nayedien,hair_outer,-139.2,-346.8,-7,0,23,1,1,0","nayedien,hair_inner,90.8,-307.2,-1,0,23,1,1,0",,,,,,,,,,,,,,,,,,,,,,,,,,,,,,,,,,,,,,,,,,,,,,,,,,,,,,,,,,,,,,,,,,,,,,,,,,,,,,,,,,,,,,,,,,,play_time_mod_0.7,
EXCLUDE_Surprise/1,"nayedien,angry,15,-521.4,-5,0,7,1,1,0","nayedien,neck_city,10,-458.4,-3,0,10,1,1,0","nayedien,body_city,9.2,-326.4,2,0,9,1,1,0",,"nayedien,arm_low_city,-13.2,-361.6,124,1,8,1,1,0","noble,open,41.2,-416.4,130,0,3,1,1,0",,"nayedien,arm_low_city,59.2,-294,-71,0,7,1,1,0","noble,open,-19.2,-274.8,-51,1,9,1,1,0","nayedien,leg_up_city,-19,-180.4,0.8,0,11,1,1,0","nayedien,leg_low_city,-23,-70.4,-1,0,11,1,1,0","nayedien,foot_city,-24.8,-1.4,-5.6,0,14,1,1,0","nayedien,leg_up_city,42,-182.4,3.7,0,15,1,1,0","nayedien,leg_low_city,52,-69.4,3.5,0,14,1,1,0","nayedien,foot_city,58.2,-4.4,10.5,0,16,1,1,0",,,"nayedien,cloak_below_city,-2.4,-180,-12,0,20,1,1,0","nayedien,cloak_city,12.4,-341.6,1,0,17,1,1,0","nayedien,shoulder_city,-36.8,-396.4,9,0,8,1,1,0","nayedien,shoulder_strap_city,16.8,-415.2,-7,0,9,1,1,0","nayedien,shoulder_inner_city,67.6,-401.6,-9,0,8,1,1,0","nayedien,cloak_up_city,-65,-344.4,-9,0,6,1,1,0","nayedien,cloak_up_back_city,100,-339.4,27,1,6,1,1,0","nayedien,hair_back,-26.8,-296,-4,0,24,1,1,0","nayedien,hair_outer,-135.2,-342.8,-4,0,23,1,1,0","nayedien,hair_inner,92.8,-303.2,-5,0,23,1,1,0",,,,,,,,,,,,,,,,,,,,,,,,,,,,,,,,,,,,,,,,,,,,,,,,,,,,,,,,,,,,,,,,,,,,,,,,,,,,,,,,,,,,,,,,,,,play_time_mod_0.7,
EXCLUDE_Surprise/2,"nayedien,angry,15,-521.4,-3,0,7,1,1,0","nayedien,neck_city,10,-458.4,-3,0,10,1,1,0","nayedien,body_city,9.2,-326.4,2,0,9,1,1,0",,"nayedien,arm_low_city,-15.2,-327.6,100,1,8,1,1,0","noble,open,49.2,-358.4,113,0,3,1,1,0",,"nayedien,arm_low_city,71.2,-286,-28,0,7,1,1,0","noble,open,9.6,-234,-59,1,9,1,1,0","nayedien,leg_up_city,-19,-180.4,0.8,0,11,1,1,0","nayedien,leg_low_city,-23,-70.4,-1,0,11,1,1,0","nayedien,foot_city,-24.8,-1.4,-5.6,0,14,1,1,0","nayedien,leg_up_city,42,-182.4,3.7,0,15,1,1,0","nayedien,leg_low_city,52,-69.4,3.5,0,14,1,1,0","nayedien,foot_city,58.2,-4.4,10.5,0,16,1,1,0",,,"nayedien,cloak_below_city,1.6,-180,-9,0,20,1,1,0","nayedien,cloak_city,12.4,-341.6,1,0,17,1,1,0","nayedien,shoulder_city,-36.8,-396.4,9,0,8,1,1,0","nayedien,shoulder_strap_city,22.8,-417.2,-2,0,9,1,1,0","nayedien,shoulder_inner_city,67.6,-401.6,-9,0,8,1,1,0","nayedien,cloak_up_city,-69,-346.4,-15,0,6,1,1,0","nayedien,cloak_up_back_city,102,-337.4,28,1,6,1,1,0","nayedien,hair_back,-30.8,-300,2,0,24,1,1,0","nayedien,hair_outer,-135.2,-334.8,-3,0,23,1,1,0","nayedien,hair_inner,98.8,-315.2,-2,0,23,1,1,0",,,,,,,,,,,,,,,,,,,,,,,,,,,,,,,,,,,,,,,,,,,,,,,,,,,,,,,,,,,,,,,,,,,,,,,,,,,,,,,,,,,,,,,,,,,play_time_mod_0.7,
EXCLUDE_Surprise/3,"nayedien,head,13,-525.4,2,0,7,1,1,0","nayedien,neck_city,14,-458.4,0,0,10,1,1,0","nayedien,body_city,13.2,-326.4,2,0,9,1,1,0",,"nayedien,arm_low_city,-21.2,-297.6,50,1,8,1,1,0","noble,open,39.2,-272.4,62,0,8,1,1,0",,"nayedien,arm_low_city,79.2,-290,-11,0,7,1,1,0","noble,open,47.6,-206.4,-11,1,9,1,1,0","nayedien,leg_up_city,-19,-180.4,0.8,0,11,1,1,0","nayedien,leg_low_city,-23,-70.4,-1,0,11,1,1,0","nayedien,foot_city,-24.8,-1.4,-5.6,0,14,1,1,0","nayedien,leg_up_city,42,-182.4,3.7,0,15,1,1,0","nayedien,leg_low_city,52,-69.4,3.5,0,14,1,1,0","nayedien,foot_city,58.2,-4.4,10.5,0,16,1,1,0",,,"nayedien,cloak_below_city,9.6,-180,-6,0,20,1,1,0","nayedien,cloak_city,12.4,-341.6,1,0,17,1,1,0","nayedien,shoulder_city,-36.8,-396.4,9,0,8,1,1,0","nayedien,shoulder_strap_city,24.8,-417.2,0,0,9,1,1,0","nayedien,shoulder_inner_city,67.6,-401.6,-9,0,8,1,1,0","nayedien,cloak_up_city,-69,-348.4,-15,0,6,1,1,0","nayedien,cloak_up_back_city,88,-339.4,19,1,6,1,1,0","nayedien,hair_back,-10.8,-300,5,0,24,1,1,0","nayedien,hair_outer,-121.2,-326.8,0,0,23,1,1,0","nayedien,hair_inner,114.8,-323.2,4,0,23,1,1,0",,,,,,,,,,,,,,,,,,,,,,,,,,,,,,,,,,,,,,,,,,,,,,,,,,,,,,,,,,,,,,,,,,,,,,,,,,,,,,,,,,,,,,,,,,,play_time_mod_0.7,
EXCLUDE_Surprise/4,"nayedien,head,21,-523.4,0,0,7,1,1,0","nayedien,neck_city,14,-460.4,0,0,10,1,1,0","nayedien,body_city,13.2,-326.4,0,0,9,1,1,0",,"nayedien,arm_low_city,-29.2,-297.6,19,1,8,1,1,0","noble,fist,11.2,-248.4,44,0,8,1,1,0",,"nayedien,arm_low_city,85.2,-294,-9,0,7,1,1,0","noble,fist,54.4,-227.2,-31,1,9,1,1,0","nayedien,leg_up_city,-19,-180.4,0.8,0,11,1,1,0","nayedien,leg_low_city,-23,-70.4,-1,0,11,1,1,0","nayedien,foot_city,-24.8,-1.4,-5.6,0,14,1,1,0","nayedien,leg_up_city,42,-182.4,3.7,0,15,1,1,0","nayedien,leg_low_city,52,-69.4,3.5,0,14,1,1,0","nayedien,foot_city,58.2,-4.4,10.5,0,16,1,1,0",,,"nayedien,cloak_below_city,9.6,-180,-4,0,20,1,1,0","nayedien,cloak_city,12.4,-341.6,1,0,17,1,1,0","nayedien,shoulder_city,-32.8,-398.4,5,0,8,1,1,0","nayedien,shoulder_strap_city,16.8,-415.2,-9,0,9,1,1,0","nayedien,shoulder_inner_city,67.6,-403.6,-7,0,8,1,1,0","nayedien,cloak_up_city,-57,-346.4,-6,0,6,1,1,0","nayedien,cloak_up_back_city,86,-345.4,14,1,6,1,1,0","nayedien,hair_back,-0.8,-296,4,0,23,1,1,0","nayedien,hair_outer,-115.2,-324.8,3,0,23,1,1,0","nayedien,hair_inner,122.8,-311.2,2,0,23,1,1,0",,,,,,,,,,,,,,,,,,,,,,,,,,,,,,,,,,,,,,,,,,,,,,,,,,,,,,,,,,,,,,,,,,,,,,,,,,,,,,,,,,,,,,,,,,"hold,play_time_mod_1.5",play_time_mod_0.7,
EXCLUDE_Talk/0,"nayedien,head,21,-523.4,0,0,7,1,1,0","nayedien,neck_city,14,-460.4,0,0,10,1,1,0","nayedien,body_city,13.2,-326.4,0,0,9,1,1,0",,"nayedien,arm_low_city,-29.2,-297.6,19,1,8,1,1,0","noble,fist,11.2,-248.4,44,0,8,1,1,0",,"nayedien,arm_low_city,85.2,-294,-9,0,7,1,1,0","noble,fist,54.4,-227.2,-31,1,9,1,1,0","nayedien,leg_up_city,-19,-180.4,0.8,0,11,1,1,0","nayedien,leg_low_city,-23,-70.4,-1,0,11,1,1,0","nayedien,foot_city,-24.8,-1.4,-5.6,0,14,1,1,0","nayedien,leg_up_city,42,-182.4,3.7,0,15,1,1,0","nayedien,leg_low_city,52,-69.4,3.5,0,14,1,1,0","nayedien,foot_city,58.2,-4.4,10.5,0,16,1,1,0",,,"nayedien,cloak_below_city,9.6,-180,-4,0,20,1,1,0","nayedien,cloak_city,12.4,-341.6,1,0,17,1,1,0","nayedien,shoulder_city,-32.8,-398.4,5,0,8,1,1,0","nayedien,shoulder_strap_city,16.8,-415.2,-11,0,9,1,1,0","nayedien,shoulder_inner_city,67.6,-403.6,-7,0,8,1,1,0","nayedien,cloak_up_city,-53,-346.4,-3,0,6,1,1,0","nayedien,cloak_up_back_city,84,-341.4,13,1,6,1,1,0","nayedien,hair_back,-14.8,-308,4,0,24,1,1,0","nayedien,hair_outer,-115.2,-324.8,1,0,23,1,1,0","nayedien,hair_inner,126.8,-313.2,2,0,23,1,1,0",,,,,,,,,,,,,,,,,,,,,,,,,,,,,,,,,,,,,,,,,,,,,,,,,,,,,,,,,,,,,,,,,,,,,,,,,,,,,,,,,,,,,,,,,,,play_time_mod_0.7,
EXCLUDE_Talk/1,"nayedien,head,21,-521.4,-1,0,7,1,1,0","nayedien,neck_city,14,-458.4,0,0,10,1,1,0","nayedien,body_city,13.2,-326.4,0,0,9,1,1,0",,"nayedien,arm_low_city,-21.2,-293.6,39,1,8,1,1,0","noble,open,37.2,-254.4,49,0,8,1,1,0",,"nayedien,arm_low_city,97.2,-290,26,0,7,1,1,0","noble,open,113.6,-206.4,10,1,9,1,1,0","nayedien,leg_up_city,-19,-180.4,0.8,0,11,1,1,0","nayedien,leg_low_city,-23,-70.4,-1,0,11,1,1,0","nayedien,foot_city,-24.8,-1.4,-5.6,0,14,1,1,0","nayedien,leg_up_city,42,-182.4,3.7,0,15,1,1,0","nayedien,leg_low_city,52,-69.4,3.5,0,14,1,1,0","nayedien,foot_city,58.2,-4.4,10.5,0,16,1,1,0",,,"nayedien,cloak_below_city,9.6,-180,-6,0,20,1,1,0","nayedien,cloak_city,12.4,-341.6,1,0,17,1,1,0","nayedien,shoulder_city,-32.8,-396.4,3,0,8,1,1,0","nayedien,shoulder_strap_city,16.8,-413.2,-13,0,9,1,1,0","nayedien,shoulder_inner_city,67.6,-401.6,-9,0,8,1,1,0","nayedien,cloak_up_city,-59,-348.4,-10,0,6,1,1,0","nayedien,cloak_up_back_city,84,-339.4,15,1,6,1,1,0","nayedien,hair_back,-12.8,-312,2,0,24,1,1,0","nayedien,hair_outer,-119.2,-326.8,0,0,23,1,1,0","nayedien,hair_inner,104.8,-321.2,0,0,23,1,1,0",,,,,,,,,,,,,,,,,,,,,,,,,,,,,,,,,,,,,,,,,,,,,,,,,,,,,,,,,,,,,,,,,,,,,,,,,,,,,,,,,,,,,,,,,,,play_time_mod_0.7,
EXCLUDE_Talk/2,"nayedien,head,21,-517.4,-2,0,7,1,1,0","nayedien,neck_city,14,-454.4,0,0,10,1,1,0","nayedien,body_city,13.2,-322.4,0,0,9,1,1,0",,"nayedien,arm_low_city,-21.2,-299.6,77,1,8,1,1,0","noble,twopoint,57.2,-308.4,102,0,4,1,1,0",,"nayedien,arm_low_city,105.2,-290,22,0,7,1,1,0","noble,open,119.6,-204.4,10,0,9,1,1,0","nayedien,leg_up_city,-19,-180.4,0.8,0,11,1,1,0","nayedien,leg_low_city,-23,-70.4,-1,0,11,1,1,0","nayedien,foot_city,-24.8,-1.4,-5.6,0,14,1,1,0","nayedien,leg_up_city,42,-182.4,3.7,0,15,1,1,0","nayedien,leg_low_city,52,-69.4,3.5,0,14,1,1,0","nayedien,foot_city,58.2,-4.4,10.5,0,16,1,1,0",,,"nayedien,cloak_below_city,3.6,-176,-8,0,20,1,1,0","nayedien,cloak_city,12.4,-337.6,1,0,17,1,1,0","nayedien,shoulder_city,-32.8,-390.4,3,0,8,1,1,0","nayedien,shoulder_strap_city,16.8,-407.2,-13,0,9,1,1,0","nayedien,shoulder_inner_city,67.6,-395.6,-9,0,8,1,1,0","nayedien,cloak_up_city,-61,-344.4,-14,0,6,1,1,0","nayedien,cloak_up_back_city,92,-339.4,23,1,6,1,1,0","nayedien,hair_back,-30.8,-320,3,0,24,1,1,0","nayedien,hair_outer,-125.2,-334.8,-4,0,23,1,1,0","nayedien,hair_inner,100.8,-319.2,0,0,23,1,1,0",,,,,,,,,,,,,,,,,,,,,,,,,,,,,,,,,,,,,,,,,,,,,,,,,,,,,,,,,,,,,,,,,,,,,,,,,,,,,,,,,,,,,,,,,,,play_time_mod_0.7,
EXCLUDE_Talk/3,"nayedien,head,21,-515.4,-3,0,7,1,1,0","nayedien,neck_city,14,-452.4,0,0,10,1,1,0","nayedien,body_city,13.2,-320.4,0,0,9,1,1,0",,"nayedien,arm_low_city,-17.2,-317.6,102,1,8,1,1,0","noble,twopoint,61.2,-360.4,126,0,4,1,1,0",,"nayedien,arm_low_city,109.2,-290,28,0,7,1,1,0","noble,open,137.6,-206.4,25,0,9,1,1,0","nayedien,leg_up_city,-19,-180.4,0.8,0,11,1,1,0","nayedien,leg_low_city,-23,-70.4,-1,0,11,1,1,0","nayedien,foot_city,-24.8,-1.4,-5.6,0,14,1,1,0","nayedien,leg_up_city,42,-182.4,3.7,0,15,1,1,0","nayedien,leg_low_city,52,-69.4,3.5,0,14,1,1,0","nayedien,foot_city,58.2,-4.4,10.5,0,16,1,1,0",,,"nayedien,cloak_below_city,-0.4,-174,-12,0,20,1,1,0","nayedien,cloak_city,12.4,-335.6,1,0,17,1,1,0","nayedien,shoulder_city,-32.8,-388.4,3,0,8,1,1,0","nayedien,shoulder_strap_city,16.8,-405.2,-13,0,9,1,1,0","nayedien,shoulder_inner_city,67.6,-393.6,-9,0,8,1,1,0","nayedien,cloak_up_city,-61,-346.4,-16,0,6,1,1,0","nayedien,cloak_up_back_city,92,-337.4,24,1,6,1,1,0","nayedien,hair_back,-16.8,-316,2,0,24,1,1,0","nayedien,hair_outer,-127.2,-332.8,-3,0,23,1,1,0","nayedien,hair_inner,98.8,-313.2,-2,0,23,1,1,0",,,,,,,,,,,,,,,,,,,,,,,,,,,,,,,,,,,,,,,,,,,,,,,,,,,,,,,,,,,,,,,,,,,,,,,,,,,,,,,,,,,,,,,,,,,play_time_mod_0.7,
EXCLUDE_Talk/4,"nayedien,head,21,-515.4,0,0,7,1,1,0","nayedien,neck_city,14,-452.4,0,0,10,1,1,0","nayedien,body_city,13.2,-320.4,0,0,9,1,1,0",,"nayedien,arm_low_city,-11.2,-333.6,116,1,8,1,1,0","noble,twopoint,47.2,-390.4,140,0,4,1,1,0",,"nayedien,arm_low_city,115.2,-290,33,0,7,1,1,0","noble,open,155.6,-218.4,49,0,9,1,1,0","nayedien,leg_up_city,-19,-180.4,0.8,0,11,1,1,0","nayedien,leg_low_city,-23,-70.4,-1,0,11,1,1,0","nayedien,foot_city,-24.8,-1.4,-5.6,0,14,1,1,0","nayedien,leg_up_city,42,-182.4,3.7,0,15,1,1,0","nayedien,leg_low_city,52,-69.4,3.5,0,14,1,1,0","nayedien,foot_city,58.2,-4.4,10.5,0,16,1,1,0",,,"nayedien,cloak_below_city,5.6,-178,-5,0,20,1,1,0","nayedien,cloak_city,12.4,-335.6,1,0,17,1,1,0","nayedien,shoulder_city,-32.8,-388.4,3,0,8,1,1,0","nayedien,shoulder_strap_city,16.8,-405.2,-13,0,9,1,1,0","nayedien,shoulder_inner_city,67.6,-393.6,-9,0,8,1,1,0","nayedien,cloak_up_city,-61,-346.4,-16,0,6,1,1,0","nayedien,cloak_up_back_city,92,-337.4,24,1,6,1,1,0","nayedien,hair_back,-10.8,-314,3,0,24,1,1,0","nayedien,hair_outer,-115.2,-328.8,-3,0,23,1,1,0","nayedien,hair_inner,112.8,-309.2,0,0,23,1,1,0",,,,,,,,,,,,,,,,,,,,,,,,,,,,,,,,,,,,,,,,,,,,,,,,,,,,,,,,,,,,,,,,,,,,,,,,,,,,,,,,,,,,,,,,,,"hold,play_time_mod_1.5",play_time_mod_0.7,
EXCLUDE_Walk/0,"nayedien,head,19,-523.4,0,0,7,1,1,0","nayedien,neck_city,20,-460.4,4,0,10,1,1,0","nayedien,body_city,15.2,-326.4,-2,0,9,1,1,0",,"nayedien,arm_low_city,-23.2,-297.6,19,1,8,1,1,0","noble,fist,17.2,-252.4,47,0,8,1,1,0",,"nayedien,arm_low_city,65.2,-288,-28,0,9,1,1,0","noble,fist,20.4,-249.2,-47,1,9,1,1,0","nayedien,leg_up_city,-9,-184.4,6.8,0,11,1,1,0","nayedien,leg_low_city,-9,-70.4,-5,0,11,1,1,0","nayedien,lift_1_city,-20.8,-9.4,-25.6,0,14,1,1,0","nayedien,leg_up_city,48,-186.4,5.7,0,15,1,1,0","nayedien,leg_low_city,56,-69.4,1.5,0,14,1,1,0","nayedien,foot_city,60.2,-4.4,14.5,0,16,1,1,0",,,"nayedien,cloak_below_city,7.6,-180,-6,0,20,1,1,0","nayedien,cloak_city,14.4,-341.6,-1,0,17,1,1,0","nayedien,shoulder_city,-30.8,-398.4,3,0,8,1,1,0","nayedien,shoulder_strap_city,18.8,-415.2,-13,0,9,1,1,0","nayedien,shoulder_inner_city,69.6,-403.6,-9,0,8,1,1,0","nayedien,cloak_up_city,-51,-354.4,-8,0,6,1,1,0","nayedien,cloak_up_back_city,86,-341.4,11,1,6,1,1,0","nayedien,hair_back,-8.8,-302,1,0,24,1,1,0","nayedien,hair_outer,-113.2,-322.8,3,0,23,1,1,0","nayedien,hair_inner,116.8,-309.2,-1,0,23,1,1,0",,,,,,,,,,,,,,,,,,,,,,,,,,,,,,,,,,,,,,,,,,,,,,,,,,,,,,,,,,,,,,,,,,,,,,,,,,,,,,,,,,,,,,,,,,,,
EXCLUDE_Walk/1,"nayedien,head,23,-519.4,0,0,7,1,1,0","nayedien,neck_city,24,-456.4,1,0,10,1,1,0","nayedien,body_city,19.2,-322.4,-2,0,9,1,1,0",,"nayedien,arm_low_city,-19.2,-293.6,19,1,8,1,1,0","noble,fist,21.2,-248.4,47,0,8,1,1,0",,"nayedien,arm_low_city,71.2,-284,-28,0,9,1,1,0","noble,fist,24.4,-243.2,-53,1,9,1,1,0","nayedien,leg_up_city,-7,-194.4,18.8,0,11,1,1,0","nayedien,leg_low_city,19,-84.4,4,0,11,1,1,0","nayedien,lift_2_city,13.2,-21.4,-23.6,0,14,1,1,0","nayedien,leg_up_city,40,-186.4,-9.3,0,15,1,1,0","nayedien,leg_low_city,26,-75.4,-7.5,0,14,1,1,0","nayedien,foot_city,12.2,-6.4,4.5,0,16,1,1,0",,,"nayedien,cloak_below_city,-0.4,-174,-12,0,20,1,1,0","nayedien,cloak_city,18.4,-337.6,-1,0,17,1,1,0","nayedien,shoulder_city,-26.8,-394.4,3,0,8,1,1,0","nayedien,shoulder_strap_city,22.8,-411.2,-13,0,9,1,1,0","nayedien,shoulder_inner_city,73.6,-399.6,-9,0,8,1,1,0","nayedien,cloak_up_city,-51,-350.4,-11,0,6,1,1,0","nayedien,cloak_up_back_city,84,-337.4,8,1,6,1,1,0","nayedien,hair_back,-6.8,-304,2,0,24,1,1,0","nayedien,hair_outer,-125.2,-326.8,-4,0,23,1,1,0","nayedien,hair_inner,114.8,-309.2,-5,0,23,1,1,0",,,,,,,,,,,,,,,,,,,,,,,,,,,,,,,,,,,,,,,,,,,,,,,,,,,,,,,,,,,,,,,,,,,,,,,,,,,,,,,,,,,,,,,,,,,,
EXCLUDE_Walk/2,"nayedien,head,29,-513.4,-2,0,7,1,1,0","nayedien,neck_city,26,-450.4,-4,0,10,1,1,0","nayedien,body_city,19.2,-316.4,-5,0,9,1,1,0",,"nayedien,arm_low_city,-17.2,-287.6,17,1,8,1,1,0","noble,fist,21.2,-240.4,46,0,8,1,1,0",,"nayedien,arm_low_city,71.2,-280,-26,0,9,1,1,0","noble,fist,26.4,-237.2,-47,1,9,1,1,0","nayedien,leg_up_city,-1,-190.4,19.8,0,11,1,1,0","nayedien,leg_low_city,25,-76.4,8,0,11,1,1,0","nayedien,lift_1_city,27.2,-11.4,-15.6,0,14,1,1,0","nayedien,leg_up_city,34,-186.4,-15.3,0,15,1,1,0","nayedien,leg_low_city,4,-75.4,-14.5,0,14,1,1,0","nayedien,foot_city,-5.8,-14.4,2.5,0,16,1,1,0",,,"nayedien,cloak_below_city,-4.4,-168,-14,0,20,1,1,0","nayedien,cloak_city,18.4,-331.6,-3,0,17,1,1,0","nayedien,shoulder_city,-26.8,-388.4,1,0,8,1,1,0","nayedien,shoulder_strap_city,22.8,-405.2,-15,0,9,1,1,0","nayedien,shoulder_inner_city,77.6,-385.6,-16,0,8,1,1,0","nayedien,cloak_up_city,-51,-348.4,-15,0,6,1,1,0","nayedien,cloak_up_back_city,80,-331.4,3,1,6,1,1,0","nayedien,hair_back,-20.8,-314,-4,0,24,1,1,0","nayedien,hair_outer,-131.2,-326.8,-6,0,23,1,1,0","nayedien,hair_inner,96.8,-303.2,-13,0,23,1,1,0",,,,,,,,,,,,,,,,,,,,,,,,,,,,,,,,,,,,,,,,,,,,,,,,,,,,,,,,,,,,,,,,,,,,,,,,,,,,,,,,,,,,,,,,,,,,
EXCLUDE_Walk/3,"nayedien,head,29,-509.4,-1,0,7,1,1,0","nayedien,neck_city,30,-446.4,-6,0,10,1,1,0","nayedien,body_city,19.2,-312.4,-7,0,9,1,1,0",,"nayedien,arm_low_city,-19.2,-277.6,17,1,8,1,1,0","noble,fist,17.2,-234.4,48,0,8,1,1,0",,"nayedien,arm_low_city,71.2,-270,-28,0,9,1,1,0","noble,fist,24.4,-229.2,-53,1,9,1,1,0","nayedien,leg_up_city,3,-186.4,17.8,0,11,1,1,0","nayedien,leg_low_city,33,-70.4,13,0,11,1,1,0","nayedien,foot_city,51.2,-1.4,12.4,0,14,1,1,0","nayedien,leg_up_city,30,-186.4,-19.3,0,15,1,1,0","nayedien,leg_low_city,-10,-75.4,-19.5,0,14,1,1,0","nayedien,foot_city,-23.8,-14.4,2.5,0,16,1,1,0",,,"nayedien,cloak_below_city,-0.4,-170,-8,0,20,1,1,0","nayedien,cloak_city,18.4,-327.6,-5,0,17,1,1,0","nayedien,shoulder_city,-26.8,-384.4,-1,0,8,1,1,0","nayedien,shoulder_strap_city,22.8,-401.2,-17,0,9,1,1,0","nayedien,shoulder_inner_city,77.6,-381.6,-18,0,8,1,1,0","nayedien,cloak_up_city,-51,-344.4,-17,0,6,1,1,0","nayedien,cloak_up_back_city,80,-327.4,1,1,6,1,1,0","nayedien,hair_back,-2.8,-292,4,0,24,1,1,0","nayedien,hair_outer,-129.2,-312.8,-3,0,23,1,1,0","nayedien,hair_inner,110.8,-299.2,-5,0,23,1,1,0",,,,,,,,,,,,,,,,,,,,,,,,,,,,,,,,,,,,,,,,,,,,,,,,,,,,,,,,,,,,,,,,,,,,,,,,,,,,,,,,,,,,,,,,,,,,
EXCLUDE_Walk/4,"nayedien,head,29,-513.4,-2,0,7,1,1,0","nayedien,neck_city,26,-450.4,-4,0,10,1,1,0","nayedien,body_city,19.2,-316.4,-5,0,9,1,1,0",,"nayedien,arm_low_city,-17.2,-287.6,17,1,8,1,1,0","noble,fist,21.2,-240.4,46,0,8,1,1,0",,"nayedien,arm_low_city,71.2,-278,-26,0,9,1,1,0","noble,fist,26.4,-237.2,-47,1,9,1,1,0","nayedien,leg_up_city,-1,-186.4,11.8,0,11,1,1,0","nayedien,leg_low_city,17,-70.4,8,0,11,1,1,0","nayedien,foot_city,25.2,-1.4,12.4,0,14,1,1,0","nayedien,leg_up_city,42,-188.4,-10.3,0,15,1,1,0","nayedien,leg_low_city,12,-79.4,-26.5,0,14,1,1,0","nayedien,lift_1_city,-11.8,-34.4,-30.5,0,16,1,1,0",,,"nayedien,cloak_below_city,5.6,-168,-4,0,20,1,1,0","nayedien,cloak_city,18.4,-331.6,-3,0,17,1,1,0","nayedien,shoulder_city,-26.8,-388.4,1,0,8,1,1,0","nayedien,shoulder_strap_city,22.8,-405.2,-15,0,9,1,1,0","nayedien,shoulder_inner_city,77.6,-385.6,-16,0,8,1,1,0","nayedien,cloak_up_city,-43,-348.4,-7,0,6,1,1,0","nayedien,cloak_up_back_city,88,-337.4,10,1,6,1,1,0","nayedien,hair_back,-4.8,-296,6,0,24,1,1,0","nayedien,hair_outer,-117.2,-314.8,1,0,23,1,1,0","nayedien,hair_inner,120.8,-299.2,0,0,23,1,1,0",,,,,,,,,,,,,,,,,,,,,,,,,,,,,,,,,,,,,,,,,,,,,,,,,,,,,,,,,,,,,,,,,,,,,,,,,,,,,,,,,,,,,,,,,,,,
EXCLUDE_Walk/5,"nayedien,head,23,-515.4,-1,0,7,1,1,0","nayedien,neck_city,20,-452.4,-1,0,10,1,1,0","nayedien,body_city,17.2,-318.4,-2,0,9,1,1,0",,"nayedien,arm_low_city,-27.2,-289.6,20,1,8,1,1,0","noble,fist,11.2,-242.4,47,0,8,1,1,0",,"nayedien,arm_low_city,65.2,-282,-23,0,9,1,1,0","noble,fist,20.4,-235.2,-44,1,9,1,1,0","nayedien,leg_up_city,-15,-190.4,5.8,0,11,1,1,0","nayedien,leg_low_city,-9,-74.4,0,0,11,1,1,0","nayedien,foot_city,-2.8,-1.4,6.4,0,14,1,1,0","nayedien,leg_up_city,46,-188.4,8.7,0,15,1,1,0","nayedien,leg_low_city,48,-79.4,-2.5,0,14,1,1,0","nayedien,lift_1_city,38.2,-16.4,-23.5,0,16,1,1,0",,,"nayedien,cloak_below_city,11.6,-164,1,0,20,1,1,0","nayedien,cloak_city,12.4,-333.6,0,0,17,1,1,0","nayedien,shoulder_city,-32.8,-390.4,4,0,8,1,1,0","nayedien,shoulder_strap_city,16.8,-407.2,-12,0,9,1,1,0","nayedien,shoulder_inner_city,71.6,-387.6,-13,0,8,1,1,0","nayedien,cloak_up_city,-43,-350.4,3,0,6,1,1,0","nayedien,cloak_up_back_city,88,-343.4,20,1,6,1,1,0","nayedien,hair_back,-6.8,-296,8,0,24,1,1,0","nayedien,hair_outer,-111.2,-314.8,3,0,23,1,1,0","nayedien,hair_inner,124.8,-301.2,3,0,23,1,1,0",,,,,,,,,,,,,,,,,,,,,,,,,,,,,,,,,,,,,,,,,,,,,,,,,,,,,,,,,,,,,,,,,,,,,,,,,,,,,,,,,,,,,,,,,,,,
EXCLUDE_Walk/6,"nayedien,head,23,-515.4,0,0,7,1,1,0","nayedien,neck_city,20,-452.4,-1,0,10,1,1,0","nayedien,body_city,17.2,-318.4,0,0,9,1,1,0",,"nayedien,arm_low_city,-27.2,-289.6,20,1,8,1,1,0","noble,fist,13.2,-244.4,48,0,8,1,1,0",,"nayedien,arm_low_city,65.2,-282,-21,0,9,1,1,0","noble,fist,20.4,-235.2,-44,1,9,1,1,0","nayedien,leg_up_city,-15,-190.4,-3.2,0,11,1,1,0","nayedien,leg_low_city,-23,-74.4,-3,0,11,1,1,0","nayedien,foot_city,-22.8,-1.4,6.4,0,14,1,1,0","nayedien,leg_up_city,54,-188.4,14.7,0,15,1,1,0","nayedien,leg_low_city,74,-79.4,8.5,0,14,1,1,0","nayedien,foot_city,84.2,-10.4,9.5,0,16,1,1,0",,,"nayedien,cloak_below_city,9.6,-166,-3,0,20,1,1,0","nayedien,cloak_city,12.4,-333.6,0,0,17,1,1,0","nayedien,shoulder_city,-32.8,-390.4,4,0,8,1,1,0","nayedien,shoulder_strap_city,16.8,-407.2,-12,0,9,1,1,0","nayedien,shoulder_inner_city,71.6,-387.6,-13,0,8,1,1,0","nayedien,cloak_up_city,-47,-350.4,0,0,6,1,1,0","nayedien,cloak_up_back_city,82,-343.4,17,1,6,1,1,0","nayedien,hair_back,1.2,-294,6,0,24,1,1,0","nayedien,hair_outer,-107.2,-306.8,6,0,23,1,1,0","nayedien,hair_inner,132.8,-305.2,6,0,23,1,1,0",,,,,,,,,,,,,,,,,,,,,,,,,,,,,,,,,,,,,,,,,,,,,,,,,,,,,,,,,,,,,,,,,,,,,,,,,,,,,,,,,,,,,,,,,,,,
EXCLUDE_Worry/0,"nayedien,head,21,-521.4,0,0,7,1,1,0","nayedien,neck_city,14,-458.4,0,0,10,1,1,0","nayedien,body_city,13.2,-326.4,0,0,9,1,1,0",,"nayedien,arm_low_city,-29.2,-297.6,19,1,8,1,1,0","noble,fist,11.2,-248.4,44,0,8,1,1,0",,"nayedien,arm_low_city,85.2,-294,-9,0,7,1,1,0","noble,fist,54.4,-227.2,-31,1,9,1,1,0","nayedien,leg_up_city,-19,-180.4,0.8,0,11,1,1,0","nayedien,leg_low_city,-23,-70.4,-1,0,11,1,1,0","nayedien,foot_city,-24.8,-1.4,-5.6,0,14,1,1,0","nayedien,leg_up_city,42,-182.4,3.7,0,15,1,1,0","nayedien,leg_low_city,52,-69.4,3.5,0,14,1,1,0","nayedien,foot_city,58.2,-4.4,10.5,0,16,1,1,0",,,"nayedien,cloak_below_city,9.6,-180,-4,0,20,1,1,0","nayedien,cloak_city,12.4,-341.6,1,0,17,1,1,0","nayedien,shoulder_city,-32.8,-398.4,5,0,8,1,1,0","nayedien,shoulder_strap_city,16.8,-415.2,-11,0,9,1,1,0","nayedien,shoulder_inner_city,67.6,-403.6,-7,0,8,1,1,0","nayedien,cloak_up_city,-57,-348.4,-9,0,6,1,1,0","nayedien,cloak_up_back_city,84,-341.4,13,1,6,1,1,0","nayedien,hair_back,-12.8,-300,0,0,24,1,1,0","nayedien,hair_outer,-99.2,-322.8,7,0,23,1,1,0","nayedien,hair_inner,102.8,-299.2,-8,0,23,1,1,0",,,,,,,,,,,,,,,,,,,,,,,,,,,,,,,,,,,,,,,,,,,,,,,,,,,,,,,,,,,,,,,,,,,,,,,,,,,,,,,,,,,,,,,,,,,play_time_mod_0.7,
EXCLUDE_Worry/1,"nayedien,head,19,-519.4,0,0,7,1,1,0","nayedien,neck_city,14,-452.4,0,0,10,1,1,0","nayedien,body_city,13.2,-326.4,0,0,9,1,1,0",,"nayedien,arm_low_city,-21.2,-291.6,46,1,8,1,1,0","noble,open,45.2,-260.4,68,0,5,1,1,0",,"nayedien,arm_low_city,79.2,-290,-11,0,7,1,1,0","noble,open,43.6,-206.4,-20,1,9,1,1,0","nayedien,leg_up_city,-19,-180.4,0.8,0,11,1,1,0","nayedien,leg_low_city,-23,-70.4,-1,0,11,1,1,0","nayedien,foot_city,-24.8,-1.4,-5.6,0,14,1,1,0","nayedien,leg_up_city,42,-182.4,3.7,0,15,1,1,0","nayedien,leg_low_city,52,-69.4,3.5,0,14,1,1,0","nayedien,foot_city,58.2,-4.4,10.5,0,16,1,1,0",,,"nayedien,cloak_below_city,9.6,-180,-6,0,20,1,1,0","nayedien,cloak_city,12.4,-341.6,1,0,17,1,1,0","nayedien,shoulder_city,-36.8,-396.4,9,0,8,1,1,0","nayedien,shoulder_strap_city,16.8,-413.2,-13,0,9,1,1,0","nayedien,shoulder_inner_city,67.6,-401.6,-9,0,8,1,1,0","nayedien,cloak_up_city,-65,-348.4,-15,0,6,1,1,0","nayedien,cloak_up_back_city,88,-339.4,19,1,6,1,1,0","nayedien,hair_back,-16.8,-300,-2,0,24,1,1,0","nayedien,hair_outer,-103.2,-322.8,5,0,23,1,1,0","nayedien,hair_inner,98.8,-299.2,-10,0,23,1,1,0",,,,,,,,,,,,,,,,,,,,,,,,,,,,,,,,,,,,,,,,,,,,,,,,,,,,,,,,,,,,,,,,,,,,,,,,,,,,,,,,,,,,,,,,,,,play_time_mod_0.7,
EXCLUDE_Worry/2,"nayedien,head,19,-521.4,-5,0,7,1,1,0","nayedien,neck_city,14,-458.4,-5,0,10,1,1,0","nayedien,body_city,13.2,-326.4,0,0,9,1,1,0",,"nayedien,arm_low_city,-11.2,-285.6,46,1,8,1,1,0","noble,fist,55.2,-254.4,65,0,5,1,1,0",,"nayedien,arm_low_city,75.2,-294,-14,0,7,1,1,0","noble,fist,39.6,-212.4,-25,1,9,1,1,0","nayedien,leg_up_city,-19,-180.4,0.8,0,11,1,1,0","nayedien,leg_low_city,-23,-70.4,-1,0,11,1,1,0","nayedien,foot_city,-24.8,-1.4,-5.6,0,14,1,1,0","nayedien,leg_up_city,42,-182.4,3.7,0,15,1,1,0","nayedien,leg_low_city,52,-69.4,3.5,0,14,1,1,0","nayedien,foot_city,58.2,-4.4,10.5,0,16,1,1,0",,,"nayedien,cloak_below_city,1.6,-180,-9,0,20,1,1,0","nayedien,cloak_city,12.4,-341.6,1,0,17,1,1,0","nayedien,shoulder_city,-36.8,-396.4,9,0,8,1,1,0","nayedien,shoulder_strap_city,16.8,-413.2,-13,0,9,1,1,0","nayedien,shoulder_inner_city,67.6,-401.6,-9,0,8,1,1,0","nayedien,cloak_up_city,-73,-346.4,-19,0,6,1,1,0","nayedien,cloak_up_back_city,92,-339.4,24,1,6,1,1,0","nayedien,hair_back,-34.8,-310,-4,0,24,1,1,0","nayedien,hair_outer,-121.2,-332.8,3,0,23,1,1,0","nayedien,hair_inner,80.8,-299.2,-12,0,23,1,1,0",,,,,,,,,,,,,,,,,,,,,,,,,,,,,,,,,,,,,,,,,,,,,,,,,,,,,,,,,,,,,,,,,,,,,,,,,,,,,,,,,,,,,,,,,,,play_time_mod_0.7,
EXCLUDE_Worry/3,"nayedien,head,23,-521.4,-9,0,7,1,1,0","nayedien,neck_city,14,-458.4,-5,0,10,1,1,0","nayedien,body_city,13.2,-326.4,0,0,9,1,1,0",,"nayedien,arm_low_city,-11.2,-285.6,46,1,8,1,1,0","noble,fist,55.2,-254.4,71,0,5,1,1,0",,"nayedien,arm_low_city,75.2,-294,-18,0,7,1,1,0","noble,fist,35.6,-216.4,-32,1,9,1,1,0","nayedien,leg_up_city,-19,-180.4,0.8,0,11,1,1,0","nayedien,leg_low_city,-23,-70.4,-1,0,11,1,1,0","nayedien,foot_city,-24.8,-1.4,-5.6,0,14,1,1,0","nayedien,leg_up_city,42,-182.4,3.7,0,15,1,1,0","nayedien,leg_low_city,52,-69.4,3.5,0,14,1,1,0","nayedien,foot_city,58.2,-4.4,10.5,0,16,1,1,0",,,"nayedien,cloak_below_city,1.6,-180,-6,0,20,1,1,0","nayedien,cloak_city,16.4,-341.6,1,0,17,1,1,0","nayedien,shoulder_city,-36.8,-396.4,9,0,8,1,1,0","nayedien,shoulder_strap_city,16.8,-413.2,-13,0,9,1,1,0","nayedien,shoulder_inner_city,67.6,-401.6,-9,0,8,1,1,0","nayedien,cloak_up_city,-67,-346.4,-12,0,6,1,1,0","nayedien,cloak_up_back_city,88,-339.4,20,1,6,1,1,0","nayedien,hair_back,-42.8,-306,-5,0,24,1,1,0","nayedien,hair_outer,-129.2,-328.8,2,0,23,1,1,0","nayedien,hair_inner,72.8,-295.2,-13,0,23,1,1,0",,,,,,,,,,,,,,,,,,,,,,,,,,,,,,,,,,,,,,,,,,,,,,,,,,,,,,,,,,,,,,,,,,,,,,,,,,,,,,,,,,,,,,,,,,,play_time_mod_0.7,
EXCLUDE_Worry/4,"nayedien,head,33,-517.4,-11,0,7,1,1,0","nayedien,neck_city,20,-454.4,-7,0,10,1,1,0","nayedien,body_city,13.2,-322.4,-4,0,9,1,1,0",,"nayedien,arm_low_city,-7.2,-285.6,40,1,8,1,1,0","noble,fist,55.2,-250.4,66,0,5,1,1,0",,"nayedien,arm_low_city,75.2,-290,-18,0,7,1,1,0","noble,fist,29.6,-222.4,-38,1,9,1,1,0","nayedien,leg_up_city,-19,-180.4,0.8,0,11,1,1,0","nayedien,leg_low_city,-23,-70.4,-1,0,11,1,1,0","nayedien,foot_city,-24.8,-1.4,-5.6,0,14,1,1,0","nayedien,leg_up_city,42,-182.4,3.7,0,15,1,1,0","nayedien,leg_low_city,52,-69.4,3.5,0,14,1,1,0","nayedien,foot_city,58.2,-4.4,10.5,0,16,1,1,0",,,"nayedien,cloak_below_city,5.6,-180,-3,0,20,1,1,0","nayedien,cloak_city,22.4,-337.6,-1,0,17,1,1,0","nayedien,shoulder_city,-30.8,-392.4,7,0,8,1,1,0","nayedien,shoulder_strap_city,22.8,-409.2,-15,0,9,1,1,0","nayedien,shoulder_inner_city,67.6,-401.6,-9,0,8,1,1,0","nayedien,cloak_up_city,-61,-346.4,-16,0,6,1,1,0","nayedien,cloak_up_back_city,94,-335.4,17,1,6,1,1,0","nayedien,hair_back,-30.8,-306,-4,0,24,1,1,0","nayedien,hair_outer,-117.2,-328.8,3,0,23,1,1,0","nayedien,hair_inner,84.8,-295.2,-12,0,23,1,1,0",,,,,,,,,,,,,,,,,,,,,,,,,,,,,,,,,,,,,,,,,,,,,,,,,,,,,,,,,,,,,,,,,,,,,,,,,,,,,,,,,,,,,,,,,,"play_time_mod_1.5,hold",play_time_mod_0.7,
Default/0,"nayedien,head,17,-521.4,0,0,7,1,1,0","nayedien,neck,10,-458.4,0,0,10,1,1,0","nayedien,body,9.2,-324.4,0,0,9,1,1,0",,"nayedien,arm_low,-152.8,-343.2,-50,0,12,1,1,0","noble,open,-218,-311.2,-68,0,13,1,1,0",,"nayedien,arm_low,163.2,-342,57,1,14,1,1,0","noble,open,246,-310.8,66,1,15,1,1,0","nayedien,leg_up,-39,-172.4,-15.2,1,11,1,1,0","nayedien,leg_low,-67,-68.4,-16,1,11,1,1,0","nayedien,foot,-88.8,-3.4,-31.6,1,14,1,1,0","nayedien,leg_up,60,-176.4,18.7,0,15,1,1,0","nayedien,leg_low,100,-67.4,17.5,0,14,1,1,0","nayedien,foot,122.2,-6.4,26.5,0,16,1,1,0",,,"nayedien,cloak_below,7.6,-184,-3,0,20,1,1,0","nayedien,cloak,14.4,-365.6,4,0,17,1,1,0","nayedien,shoulder,-40.8,-396.4,-3,0,8,1,1,0","nayedien,shoulder_strap,18.8,-413.2,-9,0,9,1,1,0","nayedien,shoulder_inner,67.6,-397.6,0,0,8,1,1,0","nayedien,cloak_up,-89,-374.4,-51,0,6,1,1,0","nayedien,cloak_up_back,112,-363.4,52,1,7,1,1,0","nayedien,hair_back,-16.8,-308,3,0,24,1,1,0","nayedien,hair_outer,-123.2,-316.8,3,0,23,1,1,0","nayedien,hair_inner,110.8,-313.2,-1,0,23,1,1,0",,,,,,,,,,,,,,,,,,,,,,,,,,,,,,,,,,,,,,,,,,,,,,,,,,,,,,,,,,,,,,,,,,,,,,,,,,,,,,,,,,,,,,,,,,,,
Die/0,"nayedien,angry,61,-475.4,-7,0,7,1,1,0","nayedien,neck,48,-422.4,-3,0,10,1,1,0","nayedien,body,29.2,-290.4,-8,0,9,1,1,0",,"nayedien,arm_low,-58.8,-281.2,57,0,12,1,1,0","noble,open,0.4,-243.2,80,0,8,1,1,0",,"nayedien,arm_low,117.2,-260,-42,1,14,1,1,0","noble,open,73.6,-222.8,-75,1,8,1,1,0","nayedien,leg_up,-25,-166.4,2,0,11,1,1,0","nayedien,leg_low,-29.6,-69.6,-14,0,11,1,1,0","nayedien,foot,-44.4,-7.2,-14,0,14,1,1,0","nayedien,leg_up,80,-172.4,35.7,0,15,1,1,0","nayedien,leg_low,128,-67.4,12.5,0,14,1,1,0","nayedien,foot,150.2,-6.4,28.5,0,16,1,1,0",,,"nayedien,cloak_below,-6.4,-150,-15,0,20,1,1,0","nayedien,cloak,48.4,-307.6,9,0,17,1,1,0","nayedien,shoulder,-10.8,-358.4,3,0,8,1,1,0","nayedien,shoulder_strap,52.8,-377.2,-3,0,9,1,1,0","nayedien,shoulder_inner,97.6,-363.6,-9,0,8,1,1,0","nayedien,cloak_up,-49,-322.4,-30,0,6,1,1,0","nayedien,cloak_up_back,136,-317.4,42,1,7,1,1,0","nayedien,hair_back,-16.8,-286,-11,0,24,1,1,0","nayedien,hair_outer,-111.2,-308.8,-12,0,23,1,1,0","nayedien,hair_inner,102.8,-263.2,-19,0,23,1,1,0",,,,,,,,,,,,,,,,,,,,,,,,,,,,,,,,,,,,,,,,,,,,,,,,,,,,,,,,,,,,,,,,,,,,,,,,,,,,,,,,,,,,,,,,,,,,
Die/1,"nayedien,angry,109,-469.4,-19,0,7,1,1,0","nayedien,neck,80,-422.4,-7,0,10,1,1,0","nayedien,body,51.2,-290.4,-15,0,9,1,1,0",,"nayedien,arm_low,-18.8,-287.2,65,0,12,1,1,0","noble,open,38.4,-285.2,91,0,8,1,1,0",,"nayedien,arm_low,143.2,-256,-42,1,14,1,1,0","noble,open,99.6,-218.8,-75,1,8,1,1,0","nayedien,leg_up,-15,-166.4,-5,0,11,1,1,0","nayedien,leg_low,-35.6,-69.6,-22,0,11,1,1,0","nayedien,foot,-58.4,-7.2,-20,0,14,1,1,0","nayedien,leg_up,80,-162.4,24.7,0,15,1,1,0","nayedien,leg_low,100,-67.4,-1.5,0,14,1,1,0","nayedien,foot,110.2,-6.4,28.5,0,16,1,1,0",,,"nayedien,cloak_below,-0.4,-150,-26,0,20,1,1,0","nayedien,cloak,82.4,-301.6,9,0,17,1,1,0","nayedien,shoulder,21.2,-362.4,-7,0,8,1,1,0","nayedien,shoulder_strap,86.8,-373.2,-3,0,9,1,1,0","nayedien,shoulder_inner,131.6,-361.6,0,0,8,1,1,0","nayedien,cloak_up,-31,-332.4,-47,0,6,1,1,0","nayedien,cloak_up_back,176,-311.4,50,1,7,1,1,0","nayedien,hair_back,-14.8,-300,-15,0,24,1,1,0","nayedien,hair_outer,-85.2,-326.8,-17,0,23,1,1,0","nayedien,hair_inner,116.8,-243.2,-26,0,23,1,1,0",,,,,,,,,,,,,,,,,,,,,,,,,,,,,,,,,,,,,,,,,,,,,,,,,,,,,,,,,,,,,,,,,,,,,,,,,,,,,,,,,,,,,,,,,,,,
Die/2,"nayedien,angry,139,-423.4,-19,0,7,1,1,0","nayedien,neck,110,-376.4,-7,0,10,1,1,0","nayedien,body,81.2,-244.4,-15,0,9,1,1,0",,"nayedien,arm_low,37.2,-243.2,91,1,7,1,1,0","noble,open,108.4,-267.2,105,0,6,1,1,0",,"nayedien,arm_low,181.2,-202,-14,1,14,1,1,0","noble,open,168,-122,-25,1,8,1,1,0","nayedien,leg_up,22.8,-138.8,-15,0,11,1,1,0","nayedien,leg_low,-25.2,-51.2,-40,0,11,1,1,0","nayedien,foot,-58.4,-7.2,-38,0,14,1,1,0","nayedien,leg_up,98,-120.4,24.7,0,15,1,1,0","nayedien,leg_low,88,-29.4,-39,0,14,1,1,0","nayedien,foot,42.8,11.6,-44,0,16,1,1,0",,,"nayedien,cloak_below,29.6,-104,-26,0,20,1,1,0","nayedien,cloak,112.4,-255.6,9,0,17,1,1,0","nayedien,shoulder,57.2,-316.4,-22,0,8,1,1,0","nayedien,shoulder_strap,116.8,-325.2,-3,0,9,1,1,0","nayedien,shoulder_inner,161.6,-311.6,-9,0,8,1,1,0","nayedien,cloak_up,-1,-302.4,-61,0,6,1,1,0","nayedien,cloak_up_back,204,-263.4,45,1,7,1,1,0","nayedien,hair_back,-28.8,-270,-27,0,24,1,1,0","nayedien,hair_outer,-111.2,-316.8,-33,0,23,1,1,0","nayedien,hair_inner,128.8,-217.2,-31,0,23,1,1,0",,,,,,,,,,,,,,,,,,,,,,,,,,,,,,,,,,,,,,,,,,,,,,,,,,,,,,,,,,,,,,,,,,,,,,,,,,,,,,,,,,,,,,,,,,,,
Die/3,"nayedien,angry,175,-375.4,-31,0,7,1,1,0","nayedien,neck,138,-322.4,-27,0,10,1,1,0","nayedien,body,103.2,-202.4,-15,0,9,1,1,0",,"nayedien,arm_low,59.2,-223.2,71,1,7,1,1,0","noble,open,136.4,-231.2,108,0,6,1,1,0","nayedien,arm_up,184,-246,62,0,15,1,1,0","nayedien,arm_low,250,-172,26,1,14,1,1,0","noble,open,288,-98,9,1,8,1,1,0","nayedien,leg_up,33.6,-82.8,-18,0,11,1,1,0","nayedien,leg_low,-33.6,-24.8,-78,0,11,1,1,0","nayedien,foot,-90.4,-3.2,-48,0,14,1,1,0","nayedien,leg_up,120,-68.4,24.7,0,15,1,1,0","nayedien,leg_low,96,2.6,-82,0,14,1,1,0","nayedien,foot,42.8,11.6,-98,0,16,1,1,0",,,"nayedien,cloak_below,59.6,-80,-21,0,20,1,1,0","nayedien,cloak,134.4,-223.6,9,0,17,1,1,0","nayedien,shoulder,77.2,-284.4,-22,0,8,1,1,0","nayedien,shoulder_strap,138.8,-283.2,-5,0,9,1,1,0","nayedien,shoulder_inner,183.6,-269.6,-16,0,8,1,1,0","nayedien,cloak_up,19,-284.4,-73,0,6,1,1,0","nayedien,cloak_up_back,232,-235.4,64,1,7,1,1,0","nayedien,hair_back,21.2,-250,-37,0,23,1,1,0","nayedien,hair_outer,-57.2,-320.8,-46,0,23,1,1,0","nayedien,hair_inner,132.8,-171.2,-41,0,23,1,1,0",,,,,,,,,,,,,,,,,,,,,,,,,,,,,,,,,,,,,,,,,,,,,,,,,,,,,,,,,,,,,,,,,,,,,,,,,,,,,,,,,,,,,,,,,,hold,,
Die/4,"nayedien,angry,257,-293.4,-37,0,7,1,1,0","nayedien,neck,202,-248.4,-56,0,10,1,1,0","nayedien,body,133.2,-156.4,-37,0,9,1,1,0",,"nayedien,arm_low,119.2,-167.2,77,1,7,1,1,0","noble,open,190.4,-179.2,99,0,6,1,1,0","nayedien,arm_up,269.2,-172.4,79,0,14,1,1,0","nayedien,arm_low,348,-139.2,58,1,14,1,1,0","noble,open,418.8,-112.8,67,1,8,1,1,0","nayedien,leg_up,41.6,-62.8,-26,0,11,1,1,0","nayedien,leg_low,-33.6,-12.8,-87,0,11,1,1,0","nayedien,foot,-90.4,-3.2,-48,0,14,1,1,0","nayedien,leg_up,108,-50.4,20.7,0,15,1,1,0","nayedien,leg_low,80,2.6,-82,0,14,1,1,0","nayedien,foot,26.8,11.6,-98,0,16,1,1,0",,,"nayedien,cloak_below,45.6,-58,-38,0,20,0.9,0.9,0","nayedien,cloak,194.4,-181.6,6,0,17,1,1,0","nayedien,shoulder,139.2,-232.4,-33,0,8,1,1,0","nayedien,shoulder_strap,198.8,-237.2,-11,0,9,1,1,0","nayedien,shoulder_inner,261.6,-197.6,18,0,8,1,1,0","nayedien,cloak_up,81,-220.4,-68,0,6,1,1,0","nayedien,cloak_up_back,308,-179.4,72,1,7,1,1,0","nayedien,hair_back,67.2,-176,-51,0,23,1,1,0","nayedien,hair_outer,6.8,-268.8,-57,0,23,1,1,0","nayedien,hair_inner,200.8,-95.2,-54,0,23,1,1,0",,,,,,,,,,,,,,,,,,,,,,,,,,,,,,,,,,,,,,,,,,,,,,,,,,,,,,,,,,,,,,,,,,,,,,,,,,,,,,,,,,,,,,,,,,,,
Die/5,"nayedien,angry,326.2,-216,-41,0,7,1,1,0","nayedien,neck,272.4,-178.8,-56,0,10,1,1,0","nayedien,body,161.2,-118.4,-62,0,9,1,1,0",,"nayedien,arm_low,159.2,-139.2,70,1,7,1,1,0","noble,open,232.8,-132.8,77,0,6,1,1,0","nayedien,arm_up,300.8,-96.8,71,0,15,1,1,0","nayedien,arm_low,381.6,-57.6,58,1,14,1,1,0","noble,open,452.4,-31.2,67,1,8,1,1,0","nayedien,leg_up,45.6,-62.8,-26,0,11,1,1,0","nayedien,leg_low,-33.6,-12.8,-87,0,11,1,1,0","nayedien,foot,-90.4,-3.2,-66,0,14,1,1,0","nayedien,leg_up,108,-50.4,20.7,0,15,1,1,0","nayedien,leg_low,80,2.6,-82,0,14,1,1,0","nayedien,foot,26.8,11.6,-98,0,16,1,1,0",,,"nayedien,cloak_below,55.6,-50,-50,0,20,1,1,0","nayedien,cloak,233,-133.8,-12,0,17,1,1,0","nayedien,shoulder,204,-184.6,-50,0,8,1,1,0","nayedien,shoulder_strap,245.6,-159.4,-68,0,9,1,1,0","nayedien,shoulder_inner,296.8,-115.8,18,0,8,1,1,0","nayedien,cloak_up,141.6,-204.6,-90,0,6,1,1,0","nayedien,cloak_up_back,372.4,-94.4,91,1,7,1,1,0","nayedien,hair_back,114.4,-136.6,-62,0,24,1,1,0","nayedien,hair_outer,46,-217.4,-63,0,23,1,1,0","nayedien,hair_inner,190,-25.8,-77,0,23,1,1,0",,,,,,,,,,,,,,,,,,,,,,,,,,,,,,,,,,,,,,,,,,,,,,,,,,,,,,,,,,,,,,,,,,,,,,,,,,,,,,,,,,,,,,,,,,,,
Die/6,"nayedien,angry,345.4,-126,-49,0,7,1,1,0","nayedien,neck,295.2,-90,-67,0,10,1,1,0","nayedien,body,165.2,-80.4,-89,0,9,1,1,0",,"nayedien,arm_low,159.2,-89.2,33,1,7,1,1,0","noble,open,225.6,-48.4,72,0,6,1,1,0","nayedien,arm_up,298.8,-32.8,92,0,15,1,1,0","nayedien,arm_low,383.8,-2,58,1,14,1,1,0","noble,open,454.6,22.4,67,1,8,1,1,0","nayedien,leg_up,51.6,-66.8,-33,0,11,1,1,0","nayedien,leg_low,-35.6,-12.8,-87,0,11,1,1,0","nayedien,foot,-92.4,-3.2,-69,0,14,1,1,0","nayedien,leg_up,90,-50.4,20.7,0,15,1,1,0","nayedien,leg_low,62,2.6,-82,0,14,1,1,0","nayedien,foot,8.8,11.6,-98,0,16,1,1,0",,,"nayedien,cloak_below,55.6,-44,-47,0,20,1,1,0","nayedien,cloak,243,-69.8,-19,0,17,1,1,0","nayedien,shoulder,220,-126.6,-69,0,8,1,1,0","nayedien,shoulder_strap,257.6,-89.4,-89,0,9,1,1,0","nayedien,shoulder_inner,308.8,-45.8,-3,0,8,1,1,0","nayedien,cloak_up,163.6,-154.6,-98,0,6,1,1,0","nayedien,cloak_up_back,386.4,-12.4,93,1,7,1,1,0","nayedien,hair_back,167.6,-94.6,-82,0,23,1,1,0","nayedien,hair_outer,129.2,-167.4,-73,0,23,1,1,0","nayedien,hair_inner,192,13.2,-81,0,23,1,1,0",,,,,,,,,,,,,,,,,,,,,,,,,,,,,,,,,,,,,,,,,,,,,,,,,,,,,,,,,,,,,,,,,,,,,,,,,,,,,,,,,,,,,,,,,,,,
Die/7,"nayedien,angry,345.4,-96,-60,0,7,1,1,0","nayedien,neck,281.2,-66,-76,0,10,1,1,0","nayedien,body,155.2,-66.4,-97,0,9,1,1,0",,"nayedien,arm_low,159.2,-65.2,21,1,7,1,1,0","noble,open,217.6,-6.4,63,0,6,1,1,0","nayedien,arm_up,298.8,-2.8,92,0,15,1,1,0","nayedien,arm_low,383.8,2,84,1,14,1,1,0","noble,open,454.6,6.4,68,1,8,1,1,0","nayedien,leg_up,49.6,-62.8,-31,0,11,1,1,0","nayedien,leg_low,-37.6,-12.8,-87,0,11,1,1,0","nayedien,foot,-94.4,-3.2,-69,0,14,1,1,0","nayedien,leg_up,80,-50.4,18.7,0,15,1,1,0","nayedien,leg_low,52,2.6,-84,0,14,1,1,0","nayedien,foot,-1.2,11.6,-100,0,16,1,1,0",,,"nayedien,cloak_below,61.6,-40,-45,0,20,1,1,0","nayedien,cloak,243,-69.8,-19,0,17,1,1,0","nayedien,shoulder,220,-108.6,-67,0,8,1,1,0","nayedien,shoulder_strap,245.6,-45.4,-74,0,9,1,1,0","nayedien,shoulder_inner,286.8,-19.8,42,0,6,1,1,0","nayedien,cloak_up,163.6,-118.6,-85,0,6,1,1,0","nayedien,cloak_up_back,382.4,-2.4,86,1,7,1,1,0","nayedien,hair_back,167.6,-70.6,-82,0,23,1,1,0","nayedien,hair_outer,113.2,-143.4,-67,0,23,1,1,0","nayedien,hair_inner,192,27.2,-91,0,23,1,1,0",,,,,,,,,,,,,,,,,,,,,,,,,,,,,,,,,,,,,,,,,,,,,,,,,,,,,,,,,,,,,,,,,,,,,,,,,,,,,,,,,,,,,,,,,,,,
Die/8,"nayedien,angry,345.4,-86,-86,0,7,1,1,0","nayedien,neck,281.2,-66,-76,0,10,1,1,0","nayedien,body,155.2,-66.4,-101,0,9,1,1,0",,"nayedien,arm_low,155.2,-51.2,12,1,7,1,1,0","noble,open,211.6,5.6,72,0,6,1,1,0","nayedien,arm_up,298.8,-2.8,92,0,15,1,1,0","nayedien,arm_low,383.8,2,84,1,14,1,1,0","noble,open,454.6,6.4,68,1,8,1,1,0","nayedien,leg_up,51.6,-62.8,-31,0,11,1,1,0","nayedien,leg_low,-37.6,-12.8,-87,0,11,1,1,0","nayedien,foot,-94.4,-3.2,-69,0,14,1,1,0","nayedien,leg_up,78,-50.4,17.7,0,15,1,1,0","nayedien,leg_low,50,2.6,-85,0,14,1,1,0","nayedien,foot,-3.2,11.6,-101,0,16,1,1,0",,,"nayedien,cloak_below,61.6,-40,-45,0,20,1,1,0","nayedien,cloak,243,-69.8,-19,0,17,1,1,0","nayedien,shoulder,224,-112.6,-72,0,8,1,1,0","nayedien,shoulder_strap,245.6,-45.4,-74,0,9,1,1,0","nayedien,shoulder_inner,294.8,-17.8,44,0,6,1,1,0","nayedien,cloak_up,169.6,-112.6,-72,0,6,1,1,0","nayedien,cloak_up_back,382.4,5.6,73,1,7,1,1,0","nayedien,hair_back,161.6,-52.6,-56,0,24,0.9,0.9,0","nayedien,hair_outer,149.2,-103.4,-49,0,23,1,1,0","nayedien,hair_inner,192,27.2,-91,0,23,1,1,0",,,,,,,,,,,,,,,,,,,,,,,,,,,,,,,,,,,,,,,,,,,,,,,,,,,,,,,,,,,,,,,,,,,,,,,,,,,,,,,,,,,,,,,,,,,,
Idle/0,"nayedien,head,9.8,-512.2,-2,0,9,1,1,0","nayedien,neck,3.2,-445.6,14,0,10,1,1,0","nayedien,body,5.2,-316.4,0,0,9,1,1,0",,"nayedien,arm_low,-102.4,-267.6,-19,1,9,1,1,0","noble,open,-109.2,-185.6,-4,0,8,1,1,0",,"nayedien,arm_low,89.2,-282,16,1,15,1,1,0","noble,open,125.6,-201.2,16,1,16,1,1,0","nayedien,leg_up,-42,-186.4,-19,0,11,1,1,0","nayedien,leg_low,-74.8,-73.6,-13,0,11,1,1,0","nayedien,foot,-86.8,-9.6,-7,0,14,1,1,0","nayedien,leg_up,55.6,-188.4,18,0,15,1,1,0","nayedien,leg_low,81.2,-82.8,11,0,14,1,1,0","nayedien,foot,95.6,-13.2,15,0,16,1,1,0",,,"nayedien,cloak_below,0.8,-174.4,0,0,20,1,1,0","nayedien,cloak_wide,5.6,-327.2,-3,0,17,1.1,1.1,0","nayedien,shoulder,-50.8,-386,0,0,8,1,1,0","nayedien,shoulder_strap,17.6,-410.4,-4,0,9,1,1,0","nayedien,shoulder_inner,67.6,-385.6,75,1,8,1,1,0","nayedien,cloak_up,-79.2,-341.6,-14,0,6,1,1,0","nayedien,cloak_up_back,95.2,-328.4,21,1,12,0.9,0.9,0","nayedien,hair_back,-31,-311,-3,0,24,1,1,0","nayedien,hair_outer,-155.8,-342.2,-14,0,23,1,1,0","nayedien,hair_inner,84,-299.6,-7,0,23,1,1,0",,,,,,,,,,,,,,,,,,,,,,,,,,,,,,,,,,,,,,,,,,,,,,,,,,,,,,,,,,,,,,,,,,,,,,,,,,,,,,,,,,,,,,,,,,play_time_mod_0.8,,
Idle/1,"nayedien,head,9.8,-508.2,-2,0,9,1,1,0","nayedien,neck,5.2,-441.6,14,0,10,1,1,0","nayedien,body,5.2,-312.4,0,0,9,1,1,0",,"nayedien,arm_low,-102.4,-263.6,-19,1,9,1,1,0","noble,open,-107.2,-179.6,-2,0,8,1,1,0",,"nayedien,arm_low,89.2,-276,16,1,15,1,1,0","noble,open,123.6,-195.2,16,1,16,1,1,0","nayedien,leg_up,-44,-186.4,-18,0,11,1,1,0","nayedien,leg_low,-74.8,-73.6,-12,0,11,1,1,0","nayedien,foot,-88.8,-9.6,-15,0,14,1,1,0","nayedien,leg_up,57.6,-182.4,26,0,15,1,1,0","nayedien,leg_low,87.2,-78.8,3,0,14,1,1,0","nayedien,foot,95.6,-13.2,10,0,16,1,1,0",,,"nayedien,cloak_below,0.8,-170.4,-2,0,20,1,1,0","nayedien,cloak_wide,-2.4,-315.2,-4,0,17,1.1,1.1,0","nayedien,shoulder,-50.8,-384,0,0,8,1,1,0","nayedien,shoulder_strap,17.6,-406.4,-3,0,9,1,1,0","nayedien,shoulder_inner,65.6,-381.6,72,1,8,1,1,0","nayedien,cloak_up,-79.2,-337.6,-14,0,6,1,1,0","nayedien,cloak_up_back,95.2,-322.4,21,1,12,0.9,0.9,0","nayedien,hair_back,-31,-305,-4,0,24,1,1,0","nayedien,hair_outer,-157.8,-334.2,-13,0,23,1,1,0","nayedien,hair_inner,80,-301.6,-9,0,23,1,1,0",,,,,,,,,,,,,,,,,,,,,,,,,,,,,,,,,,,,,,,,,,,,,,,,,,,,,,,,,,,,,,,,,,,,,,,,,,,,,,,,,,,,,,,,,,play_time_mod_1.2,,
Idle/2,"nayedien,head,11.8,-504.2,-2,0,9,1,1,0","nayedien,neck,9.2,-437.6,-6,0,10,1,1,0","nayedien,body,5.2,-308.4,0,0,9,1,1,0",,"nayedien,arm_low,-102.4,-259.6,-19,1,9,1,1,0","noble,open,-105.2,-175.6,-1,0,8,1,1,0",,"nayedien,arm_low,89.2,-270,15,1,15,1,1,0","noble,open,123.6,-187.2,15,1,16,1,1,0","nayedien,leg_up,-44,-182.4,-18,0,11,1,1,0","nayedien,leg_low,-74.8,-73.6,-12,0,11,1,1,0","nayedien,foot,-88.8,-9.6,-17,0,14,1,1,0","nayedien,leg_up,57.6,-182.4,32,0,15,1,1,0","nayedien,leg_low,91.2,-78.8,1,0,14,1,1,0","nayedien,foot,95.6,-13.2,8,0,16,1,1,0",,,"nayedien,cloak_below,0.8,-166.4,-6,0,20,1,1,0","nayedien,cloak_wide,5.6,-313.2,2,0,17,1.1,1.1,0","nayedien,shoulder,-50.8,-380,0,0,8,1,1,0","nayedien,shoulder_strap,13.6,-402.4,-5,0,9,1,1,0","nayedien,shoulder_inner,65.6,-377.6,68,1,8,1,1,0","nayedien,cloak_up,-77.2,-333.6,-13,0,6,1,1,0","nayedien,cloak_up_back,95.2,-318.4,25,1,12,0.9,0.9,0","nayedien,hair_back,-29,-297,-4,0,24,1,1,0","nayedien,hair_outer,-151.8,-324.2,-10,0,23,1,1,0","nayedien,hair_inner,84,-297.6,-6,0,23,1,1,0",,,,,,,,,,,,,,,,,,,,,,,,,,,,,,,,,,,,,,,,,,,,,,,,,,,,,,,,,,,,,,,,,,,,,,,,,,,,,,,,,,,,,,,,,,play_time_mod_1.5,,
Idle/3,"nayedien,head,13.8,-500.2,-3,0,9,1,1,0","nayedien,neck,8.8,-430.4,4,0,10,1,1,0","nayedien,body,5.2,-304.4,0,0,9,1,1,0",,"nayedien,arm_low,-102.4,-255.6,-19,1,9,1,1,0","noble,open,-103.2,-173.6,2,0,9,1,1,0",,"nayedien,arm_low,89.2,-268,12,1,15,1,1,0","noble,open,117.6,-185.2,11,1,16,1,1,0","nayedien,leg_up,-44,-178.4,-18,0,11,1,1,0","nayedien,leg_low,-74.8,-73.6,-14,0,11,1,1,0","nayedien,foot,-92.8,-9.6,-23,0,14,1,1,0","nayedien,leg_up,61.6,-178.4,34,0,15,1,1,0","nayedien,leg_low,93.2,-78.8,-2,0,14,1,1,0","nayedien,foot,95.6,-13.2,11,0,16,1,1,0",,,"nayedien,cloak_below,-1.2,-162.4,-9,0,20,1,1,0","nayedien,cloak_wide,5.6,-307.2,4,0,17,1.1,1.1,0","nayedien,shoulder,-50.8,-376,0,0,8,1,1,0","nayedien,shoulder_strap,21.6,-398.4,0,0,9,1,1,0","nayedien,shoulder_inner,65.6,-373.6,70,1,8,1,1,0","nayedien,cloak_up,-77.2,-329.6,-10,0,6,1,1,0","nayedien,cloak_up_back,93.2,-314.4,24,1,12,0.9,0.9,0","nayedien,hair_back,-27,-287,-2,0,24,1,1,0","nayedien,hair_outer,-151.8,-318.2,-8,0,23,1,1,0","nayedien,hair_inner,88,-289.6,-5,0,23,1,1,0",,,,,,,,,,,,,,,,,,,,,,,,,,,,,,,,,,,,,,,,,,,,,,,,,,,,,,,,,,,,,,,,,,,,,,,,,,,,,,,,,,,,,,,,,,play_time_mod_1.8,,
Idle/4,"nayedien,head,11.8,-504.2,-2,0,9,1,1,0","nayedien,neck,9.2,-437.6,-6,0,10,1,1,0","nayedien,body,5.2,-308.4,0,0,9,1,1,0",,"nayedien,arm_low,-102.4,-259.6,-19,1,9,1,1,0","noble,open,-105.2,-175.6,-1,0,8,1,1,0",,"nayedien,arm_low,89.2,-270,15,1,15,1,1,0","noble,open,123.6,-187.2,15,1,16,1,1,0","nayedien,leg_up,-44,-182.4,-18,0,11,1,1,0","nayedien,leg_low,-74.8,-73.6,-12,0,11,1,1,0","nayedien,foot,-88.8,-9.6,-17,0,14,1,1,0","nayedien,leg_up,57.6,-182.4,32,0,15,1,1,0","nayedien,leg_low,91.2,-78.8,1,0,14,1,1,0","nayedien,foot,95.6,-13.2,8,0,16,1,1,0",,,"nayedien,cloak_below,0.8,-166.4,-6,0,20,1,1,0","nayedien,cloak_wide,5.6,-313.2,2,0,17,1.1,1.1,0","nayedien,shoulder,-50.8,-380,0,0,8,1,1,0","nayedien,shoulder_strap,13.6,-402.4,-5,0,9,1,1,0","nayedien,shoulder_inner,65.6,-377.6,68,1,8,1,1,0","nayedien,cloak_up,-77.2,-333.6,-13,0,6,1,1,0","nayedien,cloak_up_back,95.2,-318.4,25,1,12,0.9,0.9,0","nayedien,hair_back,-29,-297,-4,0,24,1,1,0","nayedien,hair_outer,-151.8,-324.2,-10,0,23,1,1,0","nayedien,hair_inner,84,-297.6,-6,0,23,1,1,0",,,,,,,,,,,,,,,,,,,,,,,,,,,,,,,,,,,,,,,,,,,,,,,,,,,,,,,,,,,,,,,,,,,,,,,,,,,,,,,,,,,,,,,,,,play_time_mod_1.5,,
Idle/5,"nayedien,head,9.8,-508.2,-2,0,9,1,1,0","nayedien,neck,5.2,-441.6,14,0,10,1,1,0","nayedien,body,5.2,-312.4,0,0,9,1,1,0",,"nayedien,arm_low,-102.4,-263.6,-19,1,9,1,1,0","noble,open,-107.2,-179.6,-2,0,8,1,1,0",,"nayedien,arm_low,89.2,-276,16,1,15,1,1,0","noble,open,123.6,-195.2,16,1,16,1,1,0","nayedien,leg_up,-44,-186.4,-18,0,11,1,1,0","nayedien,leg_low,-74.8,-73.6,-12,0,11,1,1,0","nayedien,foot,-88.8,-9.6,-15,0,14,1,1,0","nayedien,leg_up,57.6,-182.4,26,0,15,1,1,0","nayedien,leg_low,87.2,-78.8,3,0,14,1,1,0","nayedien,foot,95.6,-13.2,10,0,16,1,1,0",,,"nayedien,cloak_below,0.8,-170.4,-2,0,20,1,1,0","nayedien,cloak_wide,-2.4,-315.2,-4,0,17,1.1,1.1,0","nayedien,shoulder,-50.8,-384,0,0,8,1,1,0","nayedien,shoulder_strap,17.6,-406.4,-3,0,9,1,1,0","nayedien,shoulder_inner,65.6,-381.6,72,1,8,1,1,0","nayedien,cloak_up,-79.2,-337.6,-14,0,6,1,1,0","nayedien,cloak_up_back,95.2,-322.4,21,1,12,0.9,0.9,0","nayedien,hair_back,-31,-305,-4,0,24,1,1,0","nayedien,hair_outer,-157.8,-334.2,-13,0,23,1,1,0","nayedien,hair_inner,80,-301.6,-9,0,23,1,1,0",,,,,,,,,,,,,,,,,,,,,,,,,,,,,,,,,,,,,,,,,,,,,,,,,,,,,,,,,,,,,,,,,,,,,,,,,,,,,,,,,,,,,,,,,,,,
Knockdown/0,"nayedien,angry,-17,-501.4,9,0,7,1,1,0","nayedien,neck,-18,-440.4,16,0,10,1,1,0","nayedien,body,-4.8,-306.4,6,0,9,1,1,0",,"nayedien,arm_low,-120.8,-271.2,-13,0,12,1,1,0","noble,fist,-156.8,-203.6,-33,0,13,1,1,0",,"nayedien,arm_low,157.2,-294,40,1,14,1,1,0","noble,fist,216.4,-252.8,63,1,15,1,1,0","nayedien,leg_up,-43,-176.4,-23.2,1,11,1,1,0","nayedien,leg_low,-59,-68.4,6,1,11,1,1,0","nayedien,foot,-58.8,-3.4,-11.6,1,14,1,1,0","nayedien,leg_up,70,-176.4,31.7,0,15,1,1,0","nayedien,leg_low,128,-67.4,24.5,0,14,1,1,0","nayedien,foot,156.2,-6.4,26.5,0,16,1,1,0",,,"nayedien,cloak_below,13.6,-156,8,0,20,1,1,0","nayedien,cloak,2.4,-339.6,8,0,17,1,1,0","nayedien,shoulder,-66.8,-380.4,3,0,8,1,1,0","nayedien,shoulder_strap,-3.2,-399.2,-3,0,9,1,1,0","nayedien,shoulder_inner,47.6,-391.6,5,0,8,1,1,0","nayedien,cloak_up,-107,-340.4,-29,0,6,1,1,0","nayedien,cloak_up_back,102,-339.4,49,1,7,1,1,0","nayedien,hair_back,-18.8,-316,13,0,24,1,1,0","nayedien,hair_outer,-121.2,-276.8,13,0,23,1,1,0","nayedien,hair_inner,98.8,-311.2,8,0,23,1,1,0",,,,,,,,,,,,,,,,,,,,,,,,,,,,,,,,,,,,,,,,,,,,,,,,,,,,,,,,,,,,,,,,,,,,,,,,,,,,,,,,,,,,,,,,,,,play_time_mod_0.5,
Knockdown/1,"nayedien,angry,-120.2,-473.4,44,0,7,1,1,0","nayedien,neck,-85.2,-441.6,38,0,10,1,1,0","nayedien,body,-28.8,-324.4,26,0,9,1,1,0",,"nayedien,arm_low,-50.8,-265.2,49,0,8,1,1,0","noble,fist,-10.4,-209.2,36,0,9,1,1,0",,"nayedien,arm_low,94.4,-362.8,49,1,14,1,1,0","noble,fist,157.6,-329.2,73,1,15,1,1,0","nayedien,leg_up,-29,-192.4,2.8,0,11,1,1,0","nayedien,leg_low,-27,-94.4,0,0,11,1,1,0","nayedien,foot,-30.8,-29.4,-19.6,0,14,1,1,0","nayedien,leg_up,74,-226.4,45.7,0,15,1,1,0","nayedien,leg_low,138,-139.2,31.5,0,14,1,1,0","nayedien,foot,162,-81.6,13.5,0,16,1,1,0",,,"nayedien,cloak_below,13.6,-192,22,0,20,1,1,0","nayedien,cloak,-31.6,-369.6,23,0,17,1,1,0","nayedien,shoulder,-106.8,-368.4,19,0,8,1,1,0","nayedien,shoulder_strap,-3.2,-415.2,-3,0,9,1,1,0","nayedien,shoulder_inner,-8.4,-415.6,32,0,8,1,1,0","nayedien,cloak_up,-92.8,-313.6,30,0,6,1,1,0","nayedien,cloak_up_back,56,-383.4,65,1,7,1,1,0","nayedien,hair_back,31.2,-331.6,67,0,23,1,1,0","nayedien,hair_outer,-18.4,-255.2,72,0,23,1,1,0","nayedien,hair_inner,88.8,-434.4,70,0,23,1,1,0",,,,,,,,,,,,,,,,,,,,,,,,,,,,,,,,,,,,,,,,,,,,,,,,,,,,,,,,,,,,,,,,,,,,,,,,,,,,,,,,,,,,,,,,,,,play_time_mod_0.5,
Knockdown/2,"nayedien,angry,-154.2,-483.4,51,0,7,1,1,0","nayedien,neck,-107.2,-453.6,38,0,10,1,1,0","nayedien,body,-58.8,-336.4,36,0,9,1,1,0",,"nayedien,arm_low,-78.8,-281.2,46,0,8,1,1,0","noble,fist,-32.4,-221.2,36,0,9,1,1,0",,"nayedien,arm_low,78.4,-400.8,66,1,14,1,1,0","noble,fist,149.6,-381.2,73,1,15,1,1,0","nayedien,leg_up,-27,-214.4,25.8,0,11,1,1,0","nayedien,leg_low,8.8,-117.6,14,0,11,1,1,0","nayedien,foot,13.2,-54.4,-11.6,0,14,1,1,0","nayedien,leg_up,58,-260.4,55.7,0,15,1,1,0","nayedien,leg_low,134.4,-189.6,40.5,0,14,1,1,0","nayedien,foot,162.4,-132.4,1.5,0,16,1,1,0",,,"nayedien,cloak_below,41.6,-228,63,0,20,1,1,0","nayedien,cloak,-53.6,-381.6,23,0,17,1,1,0","nayedien,shoulder,-128.8,-366.4,31,0,8,1,1,0","nayedien,shoulder_strap,-25.2,-427.2,-3,0,9,1,1,0","nayedien,shoulder_inner,-30.4,-429.6,32,0,8,1,1,0","nayedien,cloak_up,-114.8,-315.6,30,0,6,1,1,0","nayedien,cloak_up_back,34,-413.4,78,1,7,1,1,0","nayedien,hair_back,25.2,-363.6,75,0,23,1,1,0","nayedien,hair_outer,-24.4,-287.2,80,0,23,1,1,0","nayedien,hair_inner,82.8,-466.4,78,0,23,1,1,0",,,,,,,,,,,,,,,,,,,,,,,,,,,,,,,,,,,,,,,,,,,,,,,,,,,,,,,,,,,,,,,,,,,,,,,,,,,,,,,,,,,,,,,,,,hold,play_time_mod_0.5,
Knockdown/3,"nayedien,angry,-246,-314,115,0,8,1,1,0","nayedien,neck,-192.8,-338,93,0,10,1,1,0","nayedien,body,-76.8,-284.4,65,0,9,1,1,0",,"nayedien,arm_low,-49.2,-290.4,107,0,8,1,1,0","noble,fist,22.4,-301.6,116,0,9,1,1,0",,"nayedien,arm_low,8,-416.8,91,1,14,1,1,0","noble,fist,75.6,-428.8,97,1,15,1,1,0","nayedien,leg_up,3,-196.4,40.8,0,11,1,1,0","nayedien,leg_low,56.8,-105.6,23,0,11,1,1,0","nayedien,foot,81.2,-44,8.4,0,14,1,1,0","nayedien,leg_up,58,-266.4,73.7,0,15,1,1,0","nayedien,leg_low,148.4,-205.6,38.5,0,14,1,1,0","nayedien,foot,177.6,-146.4,12.5,0,16,1,1,0",,,"nayedien,cloak_below,51.6,-240,87,0,20,1,1,0","nayedien,cloak,-103.6,-312.8,107,0,17,1,1,0","nayedien,shoulder,-132.4,-282,110,0,8,1.1,1.1,0","nayedien,shoulder_strap,-144.8,-343.2,74,0,9,1,1,0","nayedien,shoulder_inner,-123.6,-380.4,83,0,8,1,1,0","nayedien,cloak_up,-87.6,-279.2,113,0,6,1,1,0","nayedien,cloak_up_back,-46.4,-416.8,118,1,7,1,1,0","nayedien,hair_back,-30.8,-373.6,140,0,23,1,1,0","nayedien,hair_outer,-2.8,-328.6,138,0,23,1,1,0","nayedien,hair_inner,-110,-458,117,0,23,1,1,0",,,,,,,,,,,,,,,,,,,,,,,,,,,,,,,,,,,,,,,,,,,,,,,,,,,,,,,,,,,,,,,,,,,,,,,,,,,,,,,,,,,,,,,,,,,play_time_mod_0.5,
Knockdown/4,"nayedien,angry,-252,-208,120,0,8,1,1,0","nayedien,neck,-192.8,-242,93,0,10,1,1,0","nayedien,body,-80.8,-182.4,72,0,9,1,1,0","nayedien,arm_up,-97.6,-261.2,127,0,14,1,1,0","nayedien,arm_low,-41.2,-220.4,116,0,8,1,1,0","noble,fist,14.4,-239.6,126,0,9,1,1,0",,"nayedien,arm_low,-16,-304.8,106,1,14,1,1,0","noble,fist,45.6,-336.8,101,1,15,1,1,0","nayedien,leg_up,19,-118.4,78.8,0,11,1,1,0","nayedien,leg_low,116.8,-72.4,51,0,11,1,1,0","nayedien,foot,160.8,-22.8,29.4,0,14,1,1,0","nayedien,leg_up,58,-176.4,98.7,0,15,1,1,0","nayedien,leg_low,156.4,-163.6,72.5,0,14,1,1,0","nayedien,foot,205.2,-134,39.5,0,16,1,1,0",,,"nayedien,cloak_below,35.6,-178,114,0,20,1,1,0","nayedien,cloak,-99.6,-240.8,101,0,17,1,1,0","nayedien,shoulder,-130.4,-168,107,0,8,1.1,1.1,0","nayedien,shoulder_strap,-154.8,-241.2,90,0,9,1,1,0","nayedien,shoulder_inner,-149.6,-290.4,105,0,8,1,1,0","nayedien,cloak_up,-95.6,-181.2,142,0,6,1,1,0","nayedien,cloak_up_back,-110.4,-340.8,148,1,7,1,1,0","nayedien,hair_back,-75.6,-303.6,145,0,24,1,1,0","nayedien,hair_outer,-23.2,-256.4,149,0,23,1,1,0","nayedien,hair_inner,-149.6,-393.2,140,0,23,1,1,0",,,,,,,,,,,,,,,,,,,,,,,,,,,,,,,,,,,,,,,,,,,,,,,,,,,,,,,,,,,,,,,,,,,,,,,,,,,,,,,,,,,,,,,,,,,play_time_mod_0.5,
Knockdown/5,"nayedien,angry,-260,-64,120,0,8,1,1,0","nayedien,neck,-202.8,-78,95,0,10,1,1,0","nayedien,body,-80.8,-66.4,82,0,9,1,1,0","nayedien,arm_up,-113.6,-147.6,146,0,14,1,1,0","nayedien,arm_low,-47.2,-94.4,143,0,8,1,1,0","noble,fist,4.4,-141.6,131,0,9,1,1,0",,"nayedien,arm_low,-52,-202.8,115,1,14,1,1,0","noble,fist,9.6,-240.8,110,1,15,1,1,0","nayedien,leg_up,19,-32.4,84.8,0,11,1,1,0","nayedien,leg_low,126.8,-14.4,77,0,11,1,1,0","nayedien,foot,186.4,-8,87,0,14,1,1,0","nayedien,leg_up,58,-96.4,98.7,0,15,1,1,0","nayedien,leg_low,156.4,-83.6,72.5,0,14,1,1,0","nayedien,foot,205.2,-54,39.5,0,16,1,1,0",,,"nayedien,cloak_below,35.6,-98,114,0,20,1,1,0","nayedien,cloak,-99.6,-160.8,101,0,17,1,1,0","nayedien,shoulder,-138.4,-36,116,0,8,1.1,1.1,0","nayedien,shoulder_strap,-158,-94.4,91,0,9,1,1,0","nayedien,shoulder_inner,-159.6,-154.4,111,0,8,1,1,0","nayedien,cloak_up,-95.6,-49.2,139,0,6,1,1,0","nayedien,cloak_up_back,-124.4,-224.8,159,1,7,1,1,0","nayedien,hair_back,-63,-221,151,0,24,1,1,0","nayedien,hair_outer,-41.4,-139.4,159,0,23,1,1,0","nayedien,hair_inner,-169.6,-275.8,150,0,23,1,1,0",,,,,,,,,,,,,,,,,,,,,,,,,,,,,,,,,,,,,,,,,,,,,,,,,,,,,,,,,,,,,,,,,,,,,,,,,,,,,,,,,,,,,,,,,,,play_time_mod_0.5,
Knockdown/6,"nayedien,angry,-260,-64,119,0,8,1,1,0","nayedien,neck,-202.8,-78,95,0,10,1,1,0","nayedien,body,-80.8,-58.4,83,0,9,1,1,0","nayedien,arm_up,-123.6,-113.6,138,0,14,1,1,0","nayedien,arm_low,-35.2,-50.4,128,0,8,1,1,0","noble,fist,22.4,-79.6,123,0,9,1,1,0",,"nayedien,arm_low,-54,-160.8,105,1,14,1,1,0","noble,fist,9.6,-192.8,110,1,15,1,1,0","nayedien,leg_up,19,-24.4,94.8,0,11,1,1,0","nayedien,leg_low,126.8,-14.4,73,0,11,1,1,0","nayedien,foot,186.4,-2,87,0,14,1,1,0","nayedien,leg_up,58,-82.4,92.7,0,15,1,1,0","nayedien,leg_low,156.4,-65.6,70.5,0,14,1,1,0","nayedien,foot,205.2,-38,37.5,0,16,1,1,0",,,"nayedien,cloak_below,35.6,-68,106,0,20,1,1,0","nayedien,cloak,-99.6,-120.8,101,0,17,1,1,0","nayedien,shoulder,-138.4,-32,113,0,8,1.1,1.1,0","nayedien,shoulder_strap,-158,-94.4,98,0,9,1,1,0","nayedien,shoulder_inner,-151.6,-140.4,96,0,8,1,1,0","nayedien,cloak_up,-89.6,-41.2,118,0,6,1,1,0","nayedien,cloak_up_back,-92.4,-180.8,121,1,7,1,1,0","nayedien,hair_back,-45.6,-153.6,137,0,24,1,1,0","nayedien,hair_outer,-9.2,-86.4,139,0,23,1,1,0","nayedien,hair_inner,-171.6,-219.2,135,0,23,1,1,0",,,,,,,,,,,,,,,,,,,,,,,,,,,,,,,,,,,,,,,,,,,,,,,,,,,,,,,,,,,,,,,,,,,,,,,,,,,,,,,,,,,,,,,,,,,play_time_mod_0.5,
Knockdown/7,"nayedien,angry,-260,-64,116,0,8,1,1,0","nayedien,neck,-202.8,-78,95,0,10,1,1,0","nayedien,body,-80.8,-58.4,83,0,9,1,1,0",,"nayedien,arm_low,-27.2,-24.4,107,0,8,1,1,0","noble,fist,46.4,-39.6,117,0,9,1,1,0",,"nayedien,arm_low,-42,-128.8,103,1,14,1,1,0","noble,fist,23.6,-152.8,93,1,15,1,1,0","nayedien,leg_up,19,-24.4,94.8,0,11,1,1,0","nayedien,leg_low,126.8,-14.4,73,0,11,1,1,0","nayedien,foot,186.4,-2,87,0,14,1,1,0","nayedien,leg_up,58,-78.4,81.7,0,15,1,1,0","nayedien,leg_low,156.4,-53.6,68.5,0,14,1,1,0","nayedien,foot,205.2,-20,37.5,0,16,1,1,0",,,"nayedien,cloak_below,35.6,-56,96,0,20,1,1,0","nayedien,cloak,-99.6,-108.8,101,0,17,1,1,0","nayedien,shoulder,-142.4,-28,101,0,8,1.1,1.1,0","nayedien,shoulder_strap,-158,-94.4,98,0,9,1,1,0","nayedien,shoulder_inner,-147.6,-138.4,87,0,8,1,1,0","nayedien,cloak_up,-95.6,-27.2,112,0,6,1,1,0","nayedien,cloak_up_back,-76.4,-170.8,113,1,7,1,1,0","nayedien,hair_back,-79.6,-65.6,101,0,24,1,1,0","nayedien,hair_outer,-23.2,-6.4,107,0,23,1,1,0","nayedien,hair_inner,-124.6,-176.4,98,0,23,1,1,0",,,,,,,,,,,,,,,,,,,,,,,,,,,,,,,,,,,,,,,,,,,,,,,,,,,,,,,,,,,,,,,,,,,,,,,,,,,,,,,,,,,,,,,,,,,play_time_mod_0.5,
Knockdown/8,"nayedien,angry,-260,-60,102,0,8,1,1,0","nayedien,neck,-202.8,-78,95,0,10,1,1,0","nayedien,body,-80.8,-58.4,83,0,9,1,1,0",,"nayedien,arm_low,-19.2,-4.4,91,0,8,1,1,0","noble,fist,42.4,2.4,95,0,9,1,1,0",,"nayedien,arm_low,-82,-108.8,82,1,14,1,1,0","noble,fist,25.6,-92.8,77,1,15,1,1,0","nayedien,leg_up,19,-24.4,94.8,0,11,1,1,0","nayedien,leg_low,126.8,-14.4,73,0,11,1,1,0","nayedien,foot,186.4,-2,87,0,14,1,1,0","nayedien,leg_up,58,-70.4,77.7,0,15,1,1,0","nayedien,leg_low,156.4,-31.6,61.5,0,14,1,1,0","nayedien,foot,208,3.2,37.5,0,16,1,1,0",,,"nayedien,cloak_below,31.6,-38,81,0,20,1,1,0","nayedien,cloak,-89.6,-54.8,90,0,17,1,1,0","nayedien,shoulder,-140.4,-16,94,0,8,1.1,1.1,0","nayedien,shoulder_strap,-158,-94.4,98,0,9,1,1,0","nayedien,shoulder_inner,-143.6,-116.4,64,0,8,1,1,0","nayedien,cloak_up,-91.6,10.8,84,0,6,1,1,0","nayedien,cloak_up_back,-58.4,-106.4,76,1,7,1,1,0","nayedien,hair_back,-87.6,-35.6,85,0,23,0.9,0.9,0","nayedien,hair_outer,-49.2,15.6,107,0,23,1,1,0","nayedien,hair_inner,-81.6,-105.2,60,0,23,1,1,0",,,,,,,,,,,,,,,,,,,,,,,,,,,,,,,,,,,,,,,,,,,,,,,,,,,,,,,,,,,,,,,,,,,,,,,,,,,,,,,,,,,,,,,,,,play_time_mod_5,play_time_mod_0.5,
Run/0,"nayedien,head,126.8,-445,-12,0,7,1,1,0","nayedien,neck,104,-392.4,-19,0,10,1,1,0","nayedien,body,53.2,-272.4,-22,0,9,1,1,0","nayedien,arm_up,6,-328.8,-4,0,9,1,1,0","nayedien,arm_low,34.4,-252.4,36,1,7,1,1,0","noble,open,94.8,-209.6,66,0,8,1,1,0","nayedien,arm_up,146.8,-254.8,36,0,15,1,1,0","nayedien,arm_low,139.6,-279.2,-158,1,6,1,1,0","noble,fist,108,-333.6,-154,1,5,1,1,0","nayedien,leg_up,-27,-176.4,-29.2,1,11,1,1,0","nayedien,leg_low,-81,-68.4,-23,0,11,1,1,0","nayedien,foot,-98.8,-3.4,0.4,0,14,1,1,0","nayedien,leg_up,76,-166.4,64.7,0,15,1,1,0","nayedien,leg_low,111.2,-99.6,-16,0,16,1,1,0","nayedien,foot,91.6,-34.8,-21.5,0,16,1,1,0",,,"nayedien,cloak_below,-17.6,-267.6,-144,0,20,0.9,0.9,0","nayedien,cloak_wide,90,-396.8,176,0,17,1,1,0","nayedien,shoulder,46.4,-354,-34,0,8,1,1,0","nayedien,shoulder_strap,102,-348.4,-26,0,9,1,1,0","nayedien,shoulder_inner,136.8,-350.4,108,0,8,1,1,0","nayedien,cloak_up,-16.4,-354.4,-104,1,9,1,1,0","nayedien,cloak_up_back,136,-407.6,-36,1,19,1,1,0","nayedien,hair_back,-39.4,-299.6,-46,0,24,1,1,0","nayedien,hair_outer,-109.8,-358.8,-49,0,8,1,1,0","nayedien,hair_inner,70.2,-292.8,-74,0,23,1,1,0",,,,,,,,,,,,,,,,,,,,,,,,,,,,,,,,,,,,,,,,,,,,,,,,,,,,,,,,,,,,,,,,,,,,,,,,,,,,,,,,,,,,,,,,,,,,
Run/1,"nayedien,head,131.4,-435,-13,0,7,1,1,0","nayedien,neck,116,-376.4,-18,0,10,1,1,0","nayedien,body,53.2,-262.4,-28,0,9,1,1,0","nayedien,arm_up,28,-324.8,15,0,9,1,1,0","nayedien,arm_low,82.4,-260.4,51,1,4,1,1,0","noble,open,158.8,-233.6,80,0,5,1,1,0","nayedien,arm_up,146.8,-240.8,34,0,15,1,1,0","nayedien,arm_low,139.6,-265.2,-160,1,6,1,1,0","noble,fist,106,-319.6,-160,1,5,1,1,0","nayedien,leg_up,-43,-168.4,-40.2,1,11,1,1,0","nayedien,leg_low,-135.6,-117.6,-83,0,12,1,1,0","nayedien,foot,-196.8,-108,-77,0,14,1,1,0","nayedien,leg_up,40,-152.4,41.7,0,15,1,1,0","nayedien,leg_low,106,-63.4,29.5,0,16,1,1,0","nayedien,foot,135.6,-8.4,24.5,0,18,1,1,0",,,"nayedien,cloak_below,-13.6,-261.6,-150,0,20,0.9,0.9,0","nayedien,cloak_wide,96,-388.8,170,0,17,1,1,0","nayedien,shoulder,52.4,-344,-40,0,8,1,1,0","nayedien,shoulder_strap,113.2,-331.2,-26,0,9,1,1,0","nayedien,shoulder_inner,142.8,-340.4,102,0,8,1,1,0","nayedien,cloak_up,-10.4,-354.4,-119,1,9,1,1,0","nayedien,cloak_up_back,142,-397.6,-42,1,19,1,1,0","nayedien,hair_back,-42.8,-305.6,-52,0,24,1,1,0","nayedien,hair_outer,-109.8,-364.8,-52,0,8,1,1,0","nayedien,hair_inner,70.2,-292.8,-77,0,23,1,1,0",,,,,,,,,,,,,,,,,,,,,,,,,,,,,,,,,,,,,,,,,,,,,,,,,,,,,,,,,,,,,,,,,,,,,,,,,,,,,,,,,,,,,,,,,,,,
Run/2,"nayedien,head,111,-449.4,-8,0,7,1,1,0","nayedien,neck,94,-394.4,-12,0,10,1,1,0","nayedien,body,45.2,-274.4,-24,0,9,1,1,0","nayedien,arm_up,10,-334.8,6,0,9,1,1,0","nayedien,arm_low,46.4,-260.4,33,1,7,1,1,0","noble,open,108.8,-211.6,58,0,8,1,1,0","nayedien,arm_up,140.8,-254.8,30,0,15,1,1,0","nayedien,arm_low,133.6,-281.2,-164,1,6,1,1,0","noble,fist,106,-335.6,-164,1,5,1,1,0","nayedien,leg_up,-21,-176.4,-0.2,1,11,1,1,0","nayedien,leg_low,-63,-88.4,-48,0,11,1,1,0","nayedien,foot,-112.8,-46.4,-47.6,0,14,1,1,0","nayedien,leg_up,52,-164.4,16.7,0,15,1,1,0","nayedien,leg_low,70,-57.4,4.5,0,14,1,1,0","nayedien,foot,73.6,7.6,6.5,0,16,1,1,0",,,"nayedien,cloak_below,-23.6,-271.6,-156,1,20,0.9,0.9,0","nayedien,cloak_wide,72,-390.8,177,0,17,1,1,0","nayedien,shoulder,42.4,-352,-37,0,8,1,1,0","nayedien,shoulder_strap,101.2,-343.2,-26,0,9,1,1,0","nayedien,shoulder_inner,136.8,-350.4,108,0,8,1,1,0","nayedien,cloak_up,-18.4,-360.4,-115,1,9,1,1,0","nayedien,cloak_up_back,136,-407.6,-36,1,19,1,1,0","nayedien,hair_back,-53.2,-308,-49,0,24,1,1,0","nayedien,hair_outer,-125.8,-360.8,-51,0,8,1,1,0","nayedien,hair_inner,62.2,-306.8,-74,0,23,1,1,0",,,,,,,,,,,,,,,,,,,,,,,,,,,,,,,,,,,,,,,,,,,,,,,,,,,,,,,,,,,,,,,,,,,,,,,,,,,,,,,,,,,,,,,,,,,,
Run/3,"nayedien,head,109.4,-456.2,-3,0,7,1,1,0","nayedien,neck,96,-404.4,-15,0,10,1,1,0","nayedien,body,53.2,-278.4,-22,0,9,1,1,0","nayedien,arm_up,8,-340.8,-8,0,9,1,1,0","nayedien,arm_low,22.4,-258.4,19,1,7,1,1,0","noble,open,70.8,-187.6,36,0,8,1,1,0","nayedien,arm_up,138.8,-258.8,27,0,15,1,1,0","nayedien,arm_low,131.6,-285.2,-167,1,6,1,1,0","noble,fist,104,-339.6,-167,1,5,1,1,0","nayedien,leg_up,5,-182.4,26.8,1,11,1,1,0","nayedien,leg_low,5,-88.4,-24,0,11,1,1,0","nayedien,foot,-16.8,-36.8,-28.6,0,12,1,1,0","nayedien,leg_up,34,-168.4,-27,0,15,1,1,0","nayedien,leg_low,-16,-69.4,-26,0,14,1,1,0","nayedien,foot,-38.4,-12,-2.5,0,16,1,1,0",,,"nayedien,cloak_below,-25.6,-265.6,-151,1,20,0.8,0.8,0","nayedien,cloak_wide,76,-388.8,-180,0,17,1,1,0","nayedien,shoulder,46.4,-358,-34,0,8,1,1,0","nayedien,shoulder_strap,103.2,-351.2,-24,0,9,1,1,0","nayedien,shoulder_inner,136.8,-350.4,108,0,8,1,1,0","nayedien,cloak_up,-12.4,-358.4,-112,1,9,1,1,0","nayedien,cloak_up_back,134,-407.6,-36,1,19,1,1,0","nayedien,hair_back,-52.8,-300.8,-45,0,24,1,1,0","nayedien,hair_outer,-121.8,-354.8,-47,0,8,1,1,0","nayedien,hair_inner,76.2,-296.8,-66,0,23,1,1,0",,,,,,,,,,,,,,,,,,,,,,,,,,,,,,,,,,,,,,,,,,,,,,,,,,,,,,,,,,,,,,,,,,,,,,,,,,,,,,,,,,,,,,,,,,,,
Run/4,"nayedien,head,115,-441.4,-3,0,7,1,1,0","nayedien,neck,102,-388.4,-18,0,10,1,1,0","nayedien,body,51.2,-268.4,-24,0,9,1,1,0","nayedien,arm_up,-2,-340.8,-25,0,9,1,1,0","nayedien,arm_low,-11.6,-256.4,2,1,9,1,1,0","noble,open,10.8,-177.6,15,0,9,1,1,0","nayedien,arm_up,132.8,-254.8,24,0,15,1,1,0","nayedien,arm_low,125.6,-281.2,-170,1,6,1,1,0","noble,fist,106,-335.6,-170,1,5,1,1,0","nayedien,leg_up,11,-176.4,31.8,1,11,1,1,0","nayedien,leg_low,49,-74.4,10,0,11,1,1,0","nayedien,foot,56.8,-7.2,-1.6,0,14,1,1,0","nayedien,leg_up,26,-168.4,-35,0,15,1,1,0","nayedien,leg_low,-36,-69.4,-32,0,14,1,1,0","nayedien,foot,-62.4,-14,-14.5,0,16,1,1,0",,,"nayedien,cloak_below,-15.6,-263.6,-140,0,20,0.9,0.9,0","nayedien,cloak_wide,76,-380.8,-175,0,17,1,1,0","nayedien,shoulder,46.4,-348,-29,0,8,1,1,0","nayedien,shoulder_strap,103.2,-345.2,-26,0,9,1,1,0","nayedien,shoulder_inner,136.8,-340.4,113,0,8,1,1,0","nayedien,cloak_up,-16.4,-348.4,-112,1,9,1,1,0","nayedien,cloak_up_back,134,-397.6,-31,1,19,1,1,0","nayedien,hair_back,-38.8,-288.8,-48,0,24,1,1,0","nayedien,hair_outer,-115.8,-336.8,-47,0,8,1,1,0","nayedien,hair_inner,80.2,-288.8,-66,0,23,1,1,0",,,,,,,,,,,,,,,,,,,,,,,,,,,,,,,,,,,,,,,,,,,,,,,,,,,,,,,,,,,,,,,,,,,,,,,,,,,,,,,,,,,,,,,,,,,,
Run/5,"nayedien,head,129.6,-434,-4,0,7,1,1,0","nayedien,neck,110,-378.4,-19,0,10,1,1,0","nayedien,body,57.2,-258.4,-24,0,9,1,1,0","nayedien,arm_up,-6,-340.8,-48,0,9,1,1,0","nayedien,arm_low,-63.6,-272.4,-40,1,9,1,1,0","noble,open,-102.4,-195.2,-29,0,8,1,1,0","nayedien,arm_up,144.8,-254.8,30,0,15,1,1,0","nayedien,arm_low,131.6,-271.2,-155,1,6,1,1,0","noble,fist,100,-319.6,-152,1,5,1,1,0","nayedien,leg_up,23,-174.4,43.8,1,11,1,1,0","nayedien,leg_low,87,-74.4,20,0,11,1,1,0","nayedien,foot,110.8,-1.2,14.4,0,14,1,1,0","nayedien,leg_up,26,-168.4,-35,0,15,1,1,0","nayedien,leg_low,-44,-93.4,-53,0,14,1,1,0","nayedien,foot,-92,-62,-47.5,0,16,1,1,0",,,"nayedien,cloak_below,-5.6,-265.6,-148,0,20,0.9,0.9,0","nayedien,cloak_wide,82,-370.8,-174,0,17,1,1,0","nayedien,shoulder,52.4,-344,-28,0,8,1,1,0","nayedien,shoulder_strap,109.2,-333.2,-26,0,9,1,1,0","nayedien,shoulder_inner,142.8,-330.4,114,0,8,1,1,0","nayedien,cloak_up,-10.4,-340.4,-108,1,9,1,1,0","nayedien,cloak_up_back,140,-387.6,-30,1,19,1,1,0","nayedien,hair_back,-18.8,-284.8,-52,0,24,1,1,0","nayedien,hair_outer,-105.8,-322.8,-44,0,8,1,1,0","nayedien,hair_inner,96.4,-272,-64,0,23,1,1,0",,,,,,,,,,,,,,,,,,,,,,,,,,,,,,,,,,,,,,,,,,,,,,,,,,,,,,,,,,,,,,,,,,,,,,,,,,,,,,,,,,,,,,,,,,,,
Run/6,"nayedien,head,105.8,-443.8,-4,0,7,1,1,0","nayedien,neck,88,-388.4,-9,0,10,1,1,0","nayedien,body,45.2,-264.4,-20,0,9,1,1,0","nayedien,arm_up,-12,-340.8,-33,0,9,1,1,0","nayedien,arm_low,-39.6,-252.4,-10,1,7,1,1,0","noble,open,-31.2,-167.6,10,0,8,1,1,0","nayedien,arm_up,132.8,-244.8,35,0,15,1,1,0","nayedien,arm_low,125.6,-269.2,-159,1,6,1,1,0","noble,fist,94,-323.6,-157,1,5,1,1,0","nayedien,leg_up,1,-170.4,20.8,1,11,1,1,0","nayedien,leg_low,29,-70.4,11,0,11,1,1,0","nayedien,foot,44.8,-1.2,7.4,0,14,1,1,0","nayedien,leg_up,34,-168.4,-8,0,15,1,1,0","nayedien,leg_low,-16,-105.4,-70,0,14,1,1,0","nayedien,foot,-62,-80,-47.5,0,16,1,1,0",,,"nayedien,cloak_below,-25.6,-261.6,-153,1,20,0.9,0.9,0","nayedien,cloak_wide,76,-386.8,-175,0,17,1,1,0","nayedien,shoulder,46.4,-352,-35,0,8,1,1,0","nayedien,shoulder_strap,93.2,-339.2,-26,0,9,1,1,0","nayedien,shoulder_inner,134.8,-348.4,121,0,8,1,1,0","nayedien,cloak_up,-16.4,-352.4,-108,1,9,1,1,0","nayedien,cloak_up_back,134,-397.6,-31,1,19,1,1,0","nayedien,hair_back,-50.4,-302.4,-44,0,24,1,1,0","nayedien,hair_outer,-121.8,-340.8,-43,0,8,1,1,0","nayedien,hair_inner,96,-271.2,-50,0,23,1,1,0",,,,,,,,,,,,,,,,,,,,,,,,,,,,,,,,,,,,,,,,,,,,,,,,,,,,,,,,,,,,,,,,,,,,,,,,,,,,,,,,,,,,,,,,,,,,
Run/7,"nayedien,head,92.2,-455.6,-6,0,7,1,1,0","nayedien,neck,78,-400.4,-9,0,10,1,1,0","nayedien,body,43.2,-272.4,-16,0,9,1,1,0","nayedien,arm_up,-16,-340.8,-17,0,9,1,1,0","nayedien,arm_low,-19.6,-250.4,6,1,7,1,1,0","noble,open,12.8,-171.6,27,0,8,1,1,0","nayedien,arm_up,130.8,-254.8,37,0,15,1,1,0","nayedien,arm_low,123.6,-277.2,-157,1,6,1,1,0","noble,fist,88,-333.6,-157,1,5,1,1,0","nayedien,leg_up,-7,-170.4,0.8,1,11,1,1,0","nayedien,leg_low,-9,-70.4,-1,0,11,1,1,0","nayedien,foot,-7.2,-1.2,9.4,0,14,1,1,0","nayedien,leg_up,54,-174.4,8,0,15,1,1,0","nayedien,leg_low,16,-105.4,-68,0,14,1,1,0","nayedien,foot,-26,-84,-53.5,0,16,1,1,0",,,"nayedien,cloak_below,-25.6,-255.6,-138,1,20,0.9,0.9,0","nayedien,cloak_wide,56,-386.8,-177,0,17,1,1,0","nayedien,shoulder,20.4,-354,-29,0,8,1,1,0","nayedien,shoulder_strap,85.2,-351.2,-13,0,9,1,1,0","nayedien,shoulder_inner,118.8,-358.4,113,0,8,1,1,0","nayedien,cloak_up,-38.4,-360.4,-122,1,9,1,1,0","nayedien,cloak_up_back,116,-405.6,-31,1,19,1,1,0","nayedien,hair_back,-56,-306.2,-42,0,24,1,1,0","nayedien,hair_outer,-139.8,-340.8,-42,0,8,1,1,0","nayedien,hair_inner,82.4,-276.4,-47,0,23,1,1,0",,,,,,,,,,,,,,,,,,,,,,,,,,,,,,,,,,,,,,,,,,,,,,,,,,,,,,,,,,,,,,,,,,,,,,,,,,,,,,,,,,,,,,,,,,,,
Run/8,"nayedien,head,82.4,-461.2,0,0,7,1,1,0","nayedien,neck,74,-406.4,-13,0,10,1,1,0","nayedien,body,45.2,-276.4,-13,0,9,1,1,0","nayedien,arm_up,-10,-340.8,-8,0,9,1,1,0","nayedien,arm_low,4.4,-254.4,19,1,7,1,1,0","noble,open,50.8,-185.6,36,0,8,1,1,0","nayedien,arm_up,128.8,-264.8,37,0,15,1,1,0","nayedien,arm_low,121.6,-291.2,-157,1,6,1,1,0","noble,fist,86,-347.6,-157,1,5,1,1,0","nayedien,leg_up,-15,-170.4,-14.2,1,11,1,1,0","nayedien,leg_low,-39,-70.4,-13,0,11,1,1,0","nayedien,foot,-49.2,-1.2,-3.6,0,14,1,1,0","nayedien,leg_up,68,-178.4,29,0,15,1,1,0","nayedien,leg_low,62,-99.4,-47,0,14,1,1,0","nayedien,foot,20.8,-60.8,-49.5,0,16,1,1,0",,,"nayedien,cloak_below,-1.6,-253.6,-151,0,20,0.9,0.9,0","nayedien,cloak_wide,50,-386.8,-173,0,17,1,1,0","nayedien,shoulder,14.4,-354,-25,0,8,1,1,0","nayedien,shoulder_strap,83.2,-353.2,-15,0,9,1,1,0","nayedien,shoulder_inner,114.8,-358.4,113,0,8,1,1,0","nayedien,cloak_up,-38.4,-354.4,-110,1,9,1,1,0","nayedien,cloak_up_back,112,-405.6,-31,1,19,1,1,0","nayedien,hair_back,-59.8,-301.8,-40,0,24,1,1,0","nayedien,hair_outer,-141.8,-336.8,-40,0,8,1,1,0","nayedien,hair_inner,82.4,-278.4,-47,0,23,1,1,0",,,,,,,,,,,,,,,,,,,,,,,,,,,,,,,,,,,,,,,,,,,,,,,,,,,,,,,,,,,,,,,,,,,,,,,,,,,,,,,,,,,,,,,,,,,,
Standup/0,"nayedien,head,-250,-122,75,0,8,1,1,0","nayedien,neck,-190.8,-112,83,0,10,1,1,0","nayedien,body,-76.8,-70.4,69,0,9,1,1,0",,"nayedien,arm_low,-35.2,-0.4,97,0,8,1,1,0","noble,fist,32.4,4.4,95,0,9,1,1,0",,"nayedien,arm_low,-82,-108.8,82,1,14,1,1,0","noble,fist,25.6,-92.8,77,1,15,1,1,0","nayedien,leg_up,19,-24.4,94.8,0,11,1,1,0","nayedien,leg_low,126.8,-14.4,73,0,11,1,1,0","nayedien,foot,186.4,-2,87,0,14,1,1,0","nayedien,leg_up,58,-84.4,98.7,0,15,1,1,0","nayedien,leg_low,156.4,-59.6,48.5,0,14,1,1,0","nayedien,foot,204,-10.8,31.5,0,16,1,1,0",,,"nayedien,cloak_below,31.6,-46,84,0,20,1,1,0","nayedien,cloak,-89.6,-54.8,90,0,17,1,1,0","nayedien,shoulder,-146.4,-38,67,0,8,1.1,1.1,0","nayedien,shoulder_strap,-158,-110.4,85,0,9,1,1,0","nayedien,shoulder_inner,-125.6,-144.4,64,0,8,1,1,0","nayedien,cloak_up,-105.6,-3.2,71,0,6,1,1,0","nayedien,cloak_up_back,-40.4,-134.4,76,1,7,1,1,0","nayedien,hair_back,-87.6,-59.6,70,0,22,1,1,0","nayedien,hair_outer,-121.2,23.6,95,0,23,1,1,0","nayedien,hair_inner,-137.6,-163.2,85,0,23,1,1,0",,,,,,,,,,,,,,,,,,,,,,,,,,,,,,,,,,,,,,,,,,,,,,,,,,,,,,,,,,,,,,,,,,,,,,,,,,,,,,,,,,,,,,,,,,play_time_mod_1.3,,
Standup/1,"nayedien,head,-153.8,-260,44,0,8,1,1,0","nayedien,neck,-115.2,-218.8,34,0,10,1,1,0","nayedien,body,-32.8,-120.4,41,0,9,1,1,0",,"nayedien,arm_low,-89.2,-56.4,29,0,8,1,1,0","noble,fist,-80.4,9.6,4,0,9,1,1,0",,"nayedien,arm_low,45.6,-142.8,73,1,14,1,1,0","noble,fist,112.4,-134.8,77,1,15,1,1,0","nayedien,leg_up,31,-26.4,80.8,0,11,1,1,0","nayedien,leg_low,126.8,-14.4,86,0,11,1,1,0","nayedien,foot,196.4,-10,87,0,14,1,1,0","nayedien,leg_up,58,-84.4,98.7,0,15,1,1,0","nayedien,leg_low,156.4,-59.6,48.5,0,14,1,1,0","nayedien,foot,204,-10.8,31.5,0,16,1,1,0",,,"nayedien,cloak_below,45.6,-36,46,0,20,1,1,0","nayedien,cloak,-36.4,-142.2,57,0,17,1,1,0","nayedien,shoulder,-101.2,-131.4,43,0,8,1.1,1.1,0","nayedien,shoulder_strap,-80.8,-195.8,38,0,9,1,1,0","nayedien,shoulder_inner,-32.4,-213.8,42,0,8,1,1,0","nayedien,cloak_up,-110.4,-72.6,9,0,6,1,1,0","nayedien,cloak_up_back,22.8,-183.8,52,1,7,1,1,0","nayedien,hair_back,-85.4,-113.6,31,0,22,1,1,0","nayedien,hair_outer,-191.6,-75.6,31,0,23,1,1,0","nayedien,hair_inner,34,-180,29,0,23,1,1,0",,,,,,,,,,,,,,,,,,,,,,,,,,,,,,,,,,,,,,,,,,,,,,,,,,,,,,,,,,,,,,,,,,,,,,,,,,,,,,,,,,,,,,,,,,,,
Standup/2,"nayedien,head,11.4,-327,13,0,8,1,1,0","nayedien,neck,29.2,-258.8,-5,0,10,1,1,0","nayedien,body,17.2,-130.4,-4,0,9,1,1,0",,"nayedien,arm_low,-59.2,-98.4,-3,0,8,1,1,0","noble,fist,-76.8,-27.2,-7,0,9,1,1,0",,"nayedien,arm_low,104.2,-150.8,48,1,14,1,1,0","noble,fist,164.4,-104.4,28,1,15,1,1,0","nayedien,leg_up,31,-26.4,80.8,0,11,1,1,0","nayedien,leg_low,126.8,-14.4,86,0,11,1,1,0","nayedien,foot,196.4,-10,87,0,14,1,1,0","nayedien,leg_up,58,-84.4,98.7,0,15,1,1,0","nayedien,leg_low,156.4,-59.6,48.5,0,14,1,1,0","nayedien,foot,204,-10.8,31.5,0,16,1,1,0",,,"nayedien,cloak_below,39.6,-36,41,0,20,1,1,0","nayedien,cloak,59.8,-145.4,28,0,17,1,1,0","nayedien,shoulder,-29,-202.6,-11,0,8,1.1,1.1,0","nayedien,shoulder_strap,37.4,-223,-2,0,9,1,1,0","nayedien,shoulder_inner,99.8,-217,17,0,8,1,1,0","nayedien,cloak_up,-51.2,-160.8,-7,0,6,1,1,0","nayedien,cloak_up_back,137,-157,25,1,7,1,1,0","nayedien,hair_back,11.6,-163.2,6,0,22,1,1,0","nayedien,hair_outer,-112.4,-159.6,5,0,23,1,1,0","nayedien,hair_inner,144.4,-174,6,0,23,1,1,0",,,,,,,,,,,,,,,,,,,,,,,,,,,,,,,,,,,,,,,,,,,,,,,,,,,,,,,,,,,,,,,,,,,,,,,,,,,,,,,,,,,,,,,,,,,,
Standup/3,"nayedien,head,55.4,-405,-3,0,8,1,1,0","nayedien,neck,49.2,-318.8,-5,0,10,1,1,0","nayedien,body,29.2,-208.4,-11,0,9,1,1,0",,"nayedien,arm_low,-55.2,-168.4,-13,0,8,1,1,0","noble,fist,-80.8,-97.2,-7,0,9,1,1,0",,"nayedien,arm_low,120.2,-194.8,11,1,14,1,1,0","noble,fist,148.4,-128.4,17,1,15,1,1,0","nayedien,leg_up,11,-102.4,45.8,0,11,1,1,0","nayedien,leg_low,14.8,-14.4,-43,0,11,1,1,0","nayedien,foot,-26,19.2,-45,0,14,1,1,0","nayedien,leg_up,58,-94.4,96.7,0,15,1,1,0","nayedien,leg_low,138.4,-51.6,24.5,0,14,1,1,0","nayedien,foot,166,1.2,26.5,0,16,1,1,0",,,"nayedien,cloak_below,35.6,-50,11,0,20,1,1,0","nayedien,cloak,79.8,-215.4,28,0,17,1,1,0","nayedien,shoulder,-13,-272.6,-11,0,8,1.1,1.1,0","nayedien,shoulder_strap,57.4,-295,-11,0,9,1,1,0","nayedien,shoulder_inner,111.8,-279,-3,0,8,1,1,0","nayedien,cloak_up,-43.2,-234.8,-21,0,6,1,1,0","nayedien,cloak_up_back,133,-211,17,1,7,1,1,0","nayedien,hair_back,21.6,-231.2,-5,0,22,1,1,0","nayedien,hair_outer,-104.4,-243.6,-1,0,23,1,1,0","nayedien,hair_inner,162.4,-252,2,0,23,1,1,0",,,,,,,,,,,,,,,,,,,,,,,,,,,,,,,,,,,,,,,,,,,,,,,,,,,,,,,,,,,,,,,,,,,,,,,,,,,,,,,,,,,,,,,,,,,,
Standup/4,"nayedien,head,45.4,-467,-3,0,8,1,1,0","nayedien,neck,39.2,-380.8,-5,0,10,1,1,0","nayedien,body,19.2,-270.4,-11,0,9,1,1,0",,"nayedien,arm_low,-79.2,-248.4,-19,0,8,1,1,0","noble,fist,-108.8,-185.2,-10,0,9,1,1,0",,"nayedien,arm_low,116.2,-256.8,11,1,14,1,1,0","noble,fist,138.4,-190.4,17,1,15,1,1,0","nayedien,leg_up,-15,-158.4,20.8,0,11,1,1,0","nayedien,leg_low,-25.2,-56.4,-34,0,11,1,1,0","nayedien,foot,-60.8,-12.8,-39,0,14,1,1,0","nayedien,leg_up,60,-154.4,47,0,15,1,1,0","nayedien,leg_low,103.2,-59.6,6,0,14,1,1,0","nayedien,foot,117.2,5.6,17.5,0,16,1,1,0",,,"nayedien,cloak_below,11.6,-112,5,0,20,1,1,0","nayedien,cloak,69.8,-277.4,28,0,17,1,1,0","nayedien,shoulder,-23,-334.6,-11,0,8,1.1,1.1,0","nayedien,shoulder_strap,47.4,-361,-9,0,9,1,1,0","nayedien,shoulder_inner,101.8,-341,-3,0,8,1,1,0","nayedien,cloak_up,-63.2,-296.8,-35,0,6,1,1,0","nayedien,cloak_up_back,139,-273,28,1,7,1,1,0","nayedien,hair_back,17.6,-295.2,3,0,22,1,1,0","nayedien,hair_outer,-86.4,-317.6,4,0,23,1,1,0","nayedien,hair_inner,154.4,-298,-1,0,23,1,1,0",,,,,,,,,,,,,,,,,,,,,,,,,,,,,,,,,,,,,,,,,,,,,,,,,,,,,,,,,,,,,,,,,,,,,,,,,,,,,,,,,,,,,,,,,,,,
Standup/5,"nayedien,head,47.4,-497,-3,0,8,1,1,0","nayedien,neck,41.2,-410.8,-5,0,10,1,1,0","nayedien,body,21.2,-300.4,-11,0,9,1,1,0",,"nayedien,arm_low,-77.2,-278.4,-19,0,8,1,1,0","noble,fist,-106.8,-215.2,-10,0,9,1,1,0",,"nayedien,arm_low,118.2,-286.8,11,1,14,1,1,0","noble,fist,140.4,-220.4,17,1,15,1,1,0","nayedien,leg_up,-33,-166.4,-5.2,0,11,1,1,0","nayedien,leg_low,-59.2,-60.4,-20,0,11,1,1,0","nayedien,foot,-74.8,-2.8,-7,0,14,1,1,0","nayedien,leg_up,66,-174.4,28,0,15,1,1,0","nayedien,leg_low,105.2,-63.6,11,0,14,1,1,0","nayedien,foot,119.2,1.6,17.5,0,16,1,1,0",,,"nayedien,cloak_below,-2.4,-142,-8,0,20,1,1,0","nayedien,cloak,71.8,-307.4,28,0,17,1,1,0","nayedien,shoulder,-21,-364.6,-11,0,8,1.1,1.1,0","nayedien,shoulder_strap,49.4,-387,-10,0,9,1,1,0","nayedien,shoulder_inner,103.8,-371,-3,0,8,1,1,0","nayedien,cloak_up,-67.2,-334.8,-40,0,6,1,1,0","nayedien,cloak_up_back,141,-307,28,1,7,1,1,0","nayedien,hair_back,21.6,-327.2,7,0,22,1,1,0","nayedien,hair_outer,-102.4,-333.6,0,0,23,1,1,0","nayedien,hair_inner,160.4,-328,2,0,23,1,1,0",,,,,,,,,,,,,,,,,,,,,,,,,,,,,,,,,,,,,,,,,,,,,,,,,,,,,,,,,,,,,,,,,,,,,,,,,,,,,,,,,,,,,,,,,,,,
Standup/6,"nayedien,head,21.4,-495,1,0,8,1,1,0","nayedien,neck,21.2,-430.8,-5,0,10,1,1,0","nayedien,body,9.2,-304.4,-1,0,9,1,1,0",,"nayedien,arm_low,-91.2,-286.4,-19,0,8,1,1,0","noble,open,-124.8,-215.2,-12,0,9,1,1,0",,"nayedien,arm_low,118.2,-286.8,11,1,14,1,1,0","noble,open,150.4,-210.4,21,1,15,1,1,0","nayedien,leg_up,-41,-166.4,-13.2,0,11,1,1,0","nayedien,leg_low,-71.2,-60.4,-14,0,11,1,1,0","nayedien,foot,-84.8,-8.8,-7,0,14,1,1,0","nayedien,leg_up,66,-174.4,25,0,15,1,1,0","nayedien,leg_low,99.2,-63.6,11,0,14,1,1,0","nayedien,foot,113.2,-4.4,15.5,0,16,1,1,0",,,"nayedien,cloak_below,5.6,-142,-2,0,20,1,1,0","nayedien,cloak,19.8,-321.4,-4,0,17,1,1,0","nayedien,shoulder,-39,-370.6,-3,0,8,1.1,1.1,0","nayedien,shoulder_strap,21.4,-395,0,0,9,1,1,0","nayedien,shoulder_inner,79.8,-377,3,0,8,1,1,0","nayedien,cloak_up,-79.2,-334.8,-31,0,6,1,1,0","nayedien,cloak_up_back,117,-307,23,1,7,1,1,0","nayedien,hair_back,-12.4,-313.2,-6,0,22,1,1,0","nayedien,hair_outer,-120.4,-337.6,5,0,23,1,1,0","nayedien,hair_inner,124.4,-334,-1,0,23,1,1,0",,,,,,,,,,,,,,,,,,,,,,,,,,,,,,,,,,,,,,,,,,,,,,,,,,,,,,,,,,,,,,,,,,,,,,,,,,,,,,,,,,,,,,,,,,,,
UseItem/0,"nayedien,head,5.8,-512.2,3,0,9,1,1,0","nayedien,neck,3.2,-445.6,14,0,10,1,1,0","nayedien,body,5.2,-316.4,0,0,9,1,1,0",,"nayedien,arm_low,-94.4,-283.6,16,1,9,1,1,0","noble,open,-51.2,-223.6,39,0,11,1,1,0",,"nayedien,arm_low,89.2,-282,13,1,15,1,1,0","noble,open,115.6,-203.2,8,1,16,1,1,0","nayedien,leg_up,-42,-186.4,-19,0,11,1,1,0","nayedien,leg_low,-74.8,-73.6,-13,0,11,1,1,0","nayedien,foot,-86.8,-9.6,-7,0,14,1,1,0","nayedien,leg_up,55.6,-188.4,18,0,15,1,1,0","nayedien,leg_low,81.2,-82.8,11,0,14,1,1,0","nayedien,foot,95.6,-13.2,15,0,16,1,1,0",,,"nayedien,cloak_below,0.8,-174.4,2,0,20,1,1,0","nayedien,cloak_wide,5.6,-327.2,-3,0,17,1.1,1.1,0","nayedien,shoulder,-50.8,-386,0,0,8,1,1,0","nayedien,shoulder_strap,17.6,-410.4,-4,0,9,1,1,0","nayedien,shoulder_inner,67.6,-385.6,72,1,8,1,1,0","nayedien,cloak_up,-81.2,-341.6,-15,0,6,1,1,0","nayedien,cloak_up_back,97.2,-326.4,24,1,12,0.9,0.9,0","nayedien,hair_back,-35,-315,0,0,24,1,1,0","nayedien,hair_outer,-131.8,-328.2,-6,0,23,1,1,0","nayedien,hair_inner,88,-313.6,-5,0,23,1,1,0",,,,,,,,,,,,,,,,,,,,,,,,,,,,,,,,,,,,,,,,,,,,,,,,,,,,,,,,,,,,,,,,,,,,,,,,,,,,,,,,,,,,,,,,,,play_time_mod_0.8,,
UseItem/1,"nayedien,head,5.8,-512.2,5,0,9,1,1,0","nayedien,neck,3.2,-445.6,14,0,10,1,1,0","nayedien,body,5.2,-316.4,0,0,9,1,1,0",,"nayedien,arm_low,-94.4,-287.6,31,1,11,1,1,0","noble,open,-39.2,-241.6,45,0,12,1,1,0",,"nayedien,arm_low,85.2,-282,11,1,15,1,1,0","noble,open,111.6,-203.2,6,1,16,1,1,0","nayedien,leg_up,-42,-186.4,-19,0,11,1,1,0","nayedien,leg_low,-74.8,-73.6,-13,0,11,1,1,0","nayedien,foot,-86.8,-9.6,-7,0,14,1,1,0","nayedien,leg_up,55.6,-188.4,18,0,15,1,1,0","nayedien,leg_low,81.2,-82.8,11,0,14,1,1,0","nayedien,foot,95.6,-13.2,15,0,16,1,1,0",,,"nayedien,cloak_below,2.8,-174.4,4,0,20,1,1,0","nayedien,cloak_wide,5.6,-327.2,-3,0,17,1.1,1.1,0","nayedien,shoulder,-50.8,-386,-2,0,8,1,1,0","nayedien,shoulder_strap,17.6,-410.4,-6,0,9,1,1,0","nayedien,shoulder_inner,67.6,-383.6,69,1,8,1,1,0","nayedien,cloak_up,-89.2,-341.6,-22,0,6,1,1,0","nayedien,cloak_up_back,93.2,-324.4,19,1,12,0.9,0.9,0","nayedien,hair_back,-31,-315,0,0,24,1,1,0","nayedien,hair_outer,-125.8,-322.2,-3,0,23,1,1,0","nayedien,hair_inner,96,-309.6,-4,0,23,1,1,0",,,,,,,,,,,,,,,,,,,,,,,,,,,,,,,,,,,,,,,,,,,,,,,,,,,,,,,,,,,,,,,,,,,,,,,,,,,,,,,,,,,,,,,,,,play_time_mod_0.5,,
UseItem/2,"nayedien,head,5.8,-512.2,3,0,9,1,1,0","nayedien,neck,3.2,-445.6,14,0,10,1,1,0","nayedien,body,5.2,-316.4,0,0,9,1,1,0",,"nayedien,arm_low,-94.4,-287.6,27,1,11,1,1,0","noble,open,-45.2,-241.6,45,0,12,1,1,0",,"nayedien,arm_low,77.2,-272,-14,1,9,1,1,0","noble,open,67.6,-193.2,-17,1,9,1,1,0","nayedien,leg_up,-42,-186.4,-19,0,11,1,1,0","nayedien,leg_low,-74.8,-73.6,-13,0,11,1,1,0","nayedien,foot,-86.8,-9.6,-7,0,14,1,1,0","nayedien,leg_up,55.6,-188.4,18,0,15,1,1,0","nayedien,leg_low,81.2,-82.8,11,0,14,1,1,0","nayedien,foot,95.6,-13.2,15,0,16,1,1,0",,,"nayedien,cloak_below,0.8,-174.4,0,0,20,1,1,0","nayedien,cloak_wide,5.6,-327.2,-3,0,17,1.1,1.1,0","nayedien,shoulder,-50.8,-386,-3,0,8,1,1,0","nayedien,shoulder_strap,17.6,-410.4,-6,0,9,1,1,0","nayedien,shoulder_inner,65.6,-385.6,67,1,7,1,1,0","nayedien,cloak_up,-89.2,-341.6,-25,0,5,1,1,0","nayedien,cloak_up_back,91.2,-320.4,15,1,8,0.9,0.9,0","nayedien,hair_back,-37,-317,-2,0,24,1,1,0","nayedien,hair_outer,-131.8,-326.2,-5,0,23,1,1,0","nayedien,hair_inner,90,-311.6,-5,0,23,1,1,0",,,,,,,,,,,,,,,,,,,,,,,,,,,,,,,,,,,,,,,,,,,,,,,,,,,,,,,,,,,,,,,,,,,,,,,,,,,,,,,,,,,,,,,,,,play_time_mod_1.2,,
UseItem/3,"nayedien,head,9.8,-512.2,1,0,9,1,1,0","nayedien,neck,7.2,-445.6,12,0,10,1,1,0","nayedien,body,5.2,-316.4,-2,0,9,1,1,0",,"nayedien,arm_low,-94.4,-289.6,-26,1,11,1,1,0","noble,open,-112.4,-204,-16,0,12,1,1,0",,"nayedien,arm_low,71.2,-272,-27,1,9,1,1,0","noble,open,49.6,-203.2,-27,1,9,1,1,0","nayedien,leg_up,-42,-186.4,-19,0,11,1,1,0","nayedien,leg_low,-74.8,-73.6,-13,0,11,1,1,0","nayedien,foot,-86.8,-9.6,-7,0,14,1,1,0","nayedien,leg_up,55.6,-188.4,18,0,15,1,1,0","nayedien,leg_low,81.2,-82.8,11,0,14,1,1,0","nayedien,foot,95.6,-13.2,15,0,16,1,1,0",,,"nayedien,cloak_below,0.8,-174.4,0,0,20,1,1,0","nayedien,cloak_wide,5.6,-327.2,-3,0,17,1.1,1.1,0","nayedien,shoulder,-50.8,-386,0,0,8,1,1,0","nayedien,shoulder_strap,17.6,-410.4,-6,0,9,1,1,0","nayedien,shoulder_inner,65.6,-385.6,67,1,7,1,1,0","nayedien,cloak_up,-91.2,-337.6,-22,0,5,1,1,0","nayedien,cloak_up_back,89.2,-314.4,11,1,8,0.9,0.9,0","nayedien,hair_back,-41,-315,-4,0,23,1,1,0","nayedien,hair_outer,-121.8,-324.2,-1,0,23,1,1,0","nayedien,hair_inner,88,-303.6,-9,0,23,1,1,0",,,,,,,,,,,,,,,,,,,,,,,,,,,,,,,,,,,,,,,,,,,,,,,,,,,,,,,,,,,,,,,,,,,,,,,,"item,template,-90,-210,-55,0,0,1,1,0",,,,,,,,,,,,,,,,,,,,
UseItem/4,"nayedien,head,9.8,-512.2,-2,0,9,1,1,0","nayedien,neck,7.2,-445.6,12,0,10,1,1,0","nayedien,body,5.2,-316.4,-2,0,9,1,1,0",,"nayedien,arm_low,-84.4,-281.6,-1,1,11,1,1,0","noble,open,-54.4,-208,30,0,8,1,1,0",,"nayedien,arm_low,67.2,-264,-33,1,9,1,1,0","noble,open,39.6,-203.2,-29,1,9,1,1,0","nayedien,leg_up,-42,-186.4,-19,0,11,1,1,0","nayedien,leg_low,-74.8,-73.6,-13,0,11,1,1,0","nayedien,foot,-86.8,-9.6,-7,0,14,1,1,0","nayedien,leg_up,55.6,-188.4,18,0,15,1,1,0","nayedien,leg_low,81.2,-82.8,11,0,14,1,1,0","nayedien,foot,95.6,-13.2,15,0,16,1,1,0",,,"nayedien,cloak_below,0.8,-174.4,0,0,20,1,1,0","nayedien,cloak_wide,-4.4,-327.2,-7,0,17,1.1,1.1,0","nayedien,shoulder,-48.8,-384,2,0,8,1,1,0","nayedien,shoulder_strap,17.6,-410.4,-6,0,9,1,1,0","nayedien,shoulder_inner,65.6,-383.6,66,1,7,1,1,0","nayedien,cloak_up,-85.2,-335.6,-16,0,5,1,1,0","nayedien,cloak_up_back,85.2,-306.4,8,1,8,0.9,0.9,0","nayedien,hair_back,-47,-313,-3,0,24,1,1,0","nayedien,hair_outer,-129.8,-326.2,-2,0,23,1,1,0","nayedien,hair_inner,74,-301.6,-11,0,23,1,1,0",,,,,,,,,,,,,,,,,,,,,,,,,,,,,,,,,,,,,,,,,,,,,,,,,,,,,,,,,,,,,,,,,,,,,,,,"item,template,-18,-228,-40,0,0,1,1,0",,,,,,,,,,,,,,,,,,,,
UseItem/5,"nayedien,head,9.8,-512.2,-4,0,9,1,1,0","nayedien,neck,7.2,-445.6,12,0,10,1,1,0","nayedien,body,5.2,-316.4,-2,0,9,1,1,0",,"nayedien,arm_low,-68.4,-275.6,17,1,8,1,1,0","noble,open,-20.4,-218,54,0,7,1,1,0",,"nayedien,arm_low,67.2,-264,-37,1,9,1,1,0","noble,open,27.6,-203.2,-45,1,9,1,1,0","nayedien,leg_up,-42,-186.4,-19,0,11,1,1,0","nayedien,leg_low,-74.8,-73.6,-13,0,11,1,1,0","nayedien,foot,-86.8,-9.6,-7,0,14,1,1,0","nayedien,leg_up,55.6,-188.4,18,0,15,1,1,0","nayedien,leg_low,81.2,-82.8,11,0,14,1,1,0","nayedien,foot,95.6,-13.2,15,0,16,1,1,0",,,"nayedien,cloak_below,0.8,-174.4,2,0,20,1,1,0","nayedien,cloak_wide,-4.4,-327.2,-7,0,17,1.1,1.1,0","nayedien,shoulder,-50.8,-384,0,0,8,1,1,0","nayedien,shoulder_strap,17.6,-410.4,-6,0,9,1,1,0","nayedien,shoulder_inner,65.6,-385.6,67,1,7,1,1,0","nayedien,cloak_up,-79.2,-331.6,-9,0,5,1,1,0","nayedien,cloak_up_back,89.2,-306.4,10,1,8,0.9,0.9,0","nayedien,hair_back,-41,-313,-1,0,24,1,1,0","nayedien,hair_outer,-129.8,-332.2,-3,0,23,1,1,0","nayedien,hair_inner,68,-297.6,-13,0,23,1,1,0",,,,,,,,,,,,,,,,,,,,,,,,,,,,,,,,,,,,,,,,,,,,,,,,,,,,,,,,,,,,,,,,,,,,,,,,"item,template,8,-254,-17,0,0,1,1,0",,,,,,,,,,,,,,,,,,play_time_mod_0.7,,
UseItem/6,"nayedien,head,9.8,-512.2,-6,0,9,1,1,0","nayedien,neck,7.2,-445.6,12,0,10,1,1,0","nayedien,body,5.2,-316.4,-2,0,9,1,1,0",,"nayedien,arm_low,-62.4,-271.6,27,1,8,1,1,0","noble,open,-8.4,-228,60,0,7,1,1,0",,"nayedien,arm_low,63.2,-266,-47,1,9,1,1,0","noble,open,15.6,-223.2,-69,1,9,1,1,0","nayedien,leg_up,-42,-186.4,-19,0,11,1,1,0","nayedien,leg_low,-74.8,-73.6,-13,0,11,1,1,0","nayedien,foot,-86.8,-9.6,-7,0,14,1,1,0","nayedien,leg_up,55.6,-188.4,18,0,15,1,1,0","nayedien,leg_low,81.2,-82.8,11,0,14,1,1,0","nayedien,foot,95.6,-13.2,15,0,16,1,1,0",,,"nayedien,cloak_below,0.8,-174.4,2,0,20,1,1,0","nayedien,cloak_wide,-0.4,-321.2,-5,0,17,1.1,1.1,0","nayedien,shoulder,-50.8,-384,0,0,8,1,1,0","nayedien,shoulder_strap,17.6,-410.4,-6,0,9,1,1,0","nayedien,shoulder_inner,65.6,-387.6,71,1,7,1,1,0","nayedien,cloak_up,-79.2,-331.6,-9,0,5,1,1,0","nayedien,cloak_up_back,93.2,-310.4,12,1,8,0.9,0.9,0","nayedien,hair_back,-43,-313,-2,0,24,1,1,0","nayedien,hair_outer,-131.8,-342.2,-5,0,23,1,1,0","nayedien,hair_inner,58,-303.6,-16,0,23,1,1,0",,,,,,,,,,,,,,,,,,,,,,,,,,,,,,,,,,,,,,,,,,,,,,,,,,,,,,,,,,,,,,,,,,,,,,,,"item,template,16,-266,0,0,0,1,1,0",,,,,,,,,,,,,,,,,,play_time_mod_0.3,,
UseItem/7,"nayedien,head,9.8,-512.2,-4,0,9,1,1,0","nayedien,neck,7.2,-445.6,12,0,10,1,1,0","nayedien,body,5.2,-316.4,-2,0,9,1,1,0",,"nayedien,arm_low,-76.4,-261.6,22,1,8,1,1,0","noble,open,-34.4,-212,41,0,7,1,1,0",,"nayedien,arm_low,71.2,-256,-30,1,9,1,1,0","noble,open,37.2,-194.4,-38,1,9,1,1,0","nayedien,leg_up,-42,-186.4,-19,0,11,1,1,0","nayedien,leg_low,-74.8,-73.6,-13,0,11,1,1,0","nayedien,foot,-86.8,-9.6,-7,0,14,1,1,0","nayedien,leg_up,55.6,-188.4,18,0,15,1,1,0","nayedien,leg_low,81.2,-82.8,11,0,14,1,1,0","nayedien,foot,95.6,-13.2,15,0,16,1,1,0",,,"nayedien,cloak_below,0.8,-174.4,2,0,20,1,1,0","nayedien,cloak_wide,-0.4,-321.2,-5,0,17,1.1,1.1,0","nayedien,shoulder,-50.8,-384,-1,0,8,1,1,0","nayedien,shoulder_strap,17.6,-410.4,-6,0,9,1,1,0","nayedien,shoulder_inner,63.6,-387.6,69,1,7,1,1,0","nayedien,cloak_up,-83.2,-335.6,-15,0,5,1,1,0","nayedien,cloak_up_back,99.2,-310.4,21,1,8,0.9,0.9,0","nayedien,hair_back,-39,-313,0,0,24,1,1,0","nayedien,hair_outer,-129.8,-332.2,-3,0,23,1,1,0","nayedien,hair_inner,70,-295.6,-14,0,23,1,1,0",,,,,,,,,,,,,,,,,,,,,,,,,,,,,,,,,,,,,,,,,,,,,,,,,,,,,,,,,,,,,,,,,,,,,,,,"item,template,16,-280,0,0,0,1,1,0",,,,,,,,,,,,,,,,,,,,
UseItem/8,"nayedien,head,5.8,-514.2,1,0,9,1,1,0","nayedien,neck,7.2,-445.6,12,0,10,1,1,0","nayedien,body,5.2,-316.4,0,0,9,1,1,0",,"nayedien,arm_low,-94.4,-261.6,4,1,8,1,1,0","noble,open,-58.4,-202,47,0,7,1,1,0",,"nayedien,arm_low,91.2,-262,-13,1,9,1,1,0","noble,open,73.2,-194.4,-38,1,9,1,1,0","nayedien,leg_up,-42,-186.4,-19,0,11,1,1,0","nayedien,leg_low,-74.8,-73.6,-13,0,11,1,1,0","nayedien,foot,-86.8,-9.6,-7,0,14,1,1,0","nayedien,leg_up,55.6,-188.4,18,0,15,1,1,0","nayedien,leg_low,81.2,-82.8,11,0,14,1,1,0","nayedien,foot,95.6,-13.2,15,0,16,1,1,0",,,"nayedien,cloak_below,0.8,-174.4,-2,0,20,1,1,0","nayedien,cloak_wide,5.6,-319.2,-3,0,17,1.1,1.1,0","nayedien,shoulder,-50.8,-386,-6,0,8,1,1,0","nayedien,shoulder_strap,17.6,-410.4,-6,0,9,1,1,0","nayedien,shoulder_inner,63.6,-387.6,71,1,7,1,1,0","nayedien,cloak_up,-95.2,-339.6,-28,0,5,1,1,0","nayedien,cloak_up_back,107.2,-322.4,38,1,8,0.9,0.9,0","nayedien,hair_back,-41,-311,1,0,24,1,1,0","nayedien,hair_outer,-133.8,-324.2,-2,0,23,1,1,0","nayedien,hair_inner,86,-309.6,-5,0,23,1,1,0",,,,,,,,,,,,,,,,,,,,,,,,,,,,,,,,,,,,,,,,,,,,,,,,,,,,,,,,,,,,,,,,,,,,,,,,"item,template,16,-326,0,0,0,1,1,0",,,,,,,,,,,,,,,,,,play_time_mod_1.5,,
UseItem/9,"nayedien,head,5.8,-514.2,3,0,9,1,1,0","nayedien,neck,7.2,-445.6,12,0,10,1,1,0","nayedien,body,5.2,-316.4,0,0,9,1,1,0","nayedien,arm_up,-72.4,-352.8,-25,0,9,1,1,0","nayedien,arm_low,-118.4,-265.6,-34,1,8,1,1,0","noble,open,-142.4,-192,-22,0,7,1,1,0","nayedien,arm_up,65.2,-350.4,48,0,10,1,1,0","nayedien,arm_low,113.2,-264,14,1,9,1,1,0","noble,open,141.2,-198.4,18,1,9,1,1,0","nayedien,leg_up,-42,-186.4,-19,0,11,1,1,0","nayedien,leg_low,-74.8,-73.6,-13,0,11,1,1,0","nayedien,foot,-86.8,-9.6,-7,0,14,1,1,0","nayedien,leg_up,55.6,-188.4,18,0,15,1,1,0","nayedien,leg_low,81.2,-82.8,11,0,14,1,1,0","nayedien,foot,95.6,-13.2,15,0,16,1,1,0",,,"nayedien,cloak_below,0.8,-174.4,-2,0,20,1,1,0","nayedien,cloak_wide,5.6,-319.2,-3,0,17,1.1,1.1,0","nayedien,shoulder,-50.8,-386,-8,0,8,1,1,0","nayedien,shoulder_strap,17.6,-410.4,-6,0,9,1,1,0","nayedien,shoulder_inner,63.6,-387.6,71,1,7,1,1,0","nayedien,cloak_up,-109.2,-351.6,-47,0,5,1.1,1.1,0","nayedien,cloak_up_back,115.2,-332.4,56,1,8,0.9,0.9,0","nayedien,hair_back,-33,-309,3,0,24,1,1,0","nayedien,hair_outer,-127.8,-324.2,-1,0,23,1,1,0","nayedien,hair_inner,92,-309.6,-3,0,23,1,1,0",,,,,,,,,,,,,,,,,,,,,,,,,,,,,,,,,,,,,,,,,,,,,,,,,,,,,,,,,,,,,,,,,,,,,,,,"item,template,16,-388,0,0,0,1,1,0",,,,,,,,,,"use_item,base,10,-382.8,0,0,0,1,1,0",,,,,,,,,,
UseItem/10,"nayedien,head,1.8,-514.2,4,0,9,1,1,0","nayedien,neck,7.2,-445.6,12,0,10,1,1,0","nayedien,body,5.2,-316.4,0,0,9,1,1,0","nayedien,arm_up,-68.4,-352.8,-23,0,9,1,1,0","nayedien,arm_low,-110.4,-265.6,-31,1,8,1,1,0","noble,open,-134.4,-192,-19,0,7,1,1,0","nayedien,arm_up,65.2,-350.4,48,0,10,1,1,0","nayedien,arm_low,107.2,-264,11,1,9,1,1,0","noble,open,135.2,-198.4,14,1,9,1,1,0","nayedien,leg_up,-42,-186.4,-19,0,11,1,1,0","nayedien,leg_low,-74.8,-73.6,-13,0,11,1,1,0","nayedien,foot,-86.8,-9.6,-7,0,14,1,1,0","nayedien,leg_up,55.6,-188.4,18,0,15,1,1,0","nayedien,leg_low,81.2,-82.8,11,0,14,1,1,0","nayedien,foot,95.6,-13.2,15,0,16,1,1,0",,,"nayedien,cloak_below,0.8,-174.4,-2,0,20,1,1,0","nayedien,cloak_wide,5.6,-319.2,-3,0,17,1.1,1.1,0","nayedien,shoulder,-50.8,-386,-5,0,8,1,1,0","nayedien,shoulder_strap,17.6,-410.4,-6,0,9,1,1,0","nayedien,shoulder_inner,61.6,-387.6,69,1,7,1,1,0","nayedien,cloak_up,-99.2,-335.6,-28,0,5,1,1,0","nayedien,cloak_up_back,105.2,-324.4,45,1,8,0.9,0.9,0","nayedien,hair_back,-29,-307,4,0,24,1,1,0","nayedien,hair_outer,-123.8,-322.2,0,0,23,1,1,0","nayedien,hair_inner,96,-307.6,-2,0,23,1,1,0",,,,,,,,,,,,,,,,,,,,,,,,,,,,,,,,,,,,,,,,,,,,,,,,,,,,,,,,,,,,,,,,,,,,,,,,"item,template,16,-420,0,0,0,1,1,0",,,,,,,,,,,,,,,,,,,,
Walk/0,"nayedien,head,21.8,-508.2,-2,0,8,1,1,0","nayedien,neck,15.2,-441.6,14,0,10,1,1,0","nayedien,body,9.2,-312.4,-2,0,9,1,1,0","nayedien,arm_up,-64.4,-356.4,-34,0,10,1,1,0","nayedien,arm_low,-102.4,-267.6,-22,1,9,1,1,0","noble,open,-107.2,-197.6,-6,0,8,1,1,0",,"nayedien,arm_low,93.2,-282,12,1,15,1,1,0","noble,open,123.6,-205.2,16,1,16,1,1,0","nayedien,leg_up,-28,-186.4,-2,0,11,1,1,0","nayedien,leg_low,-42.8,-73.6,-14,0,11,1,1,0","nayedien,foot,-62.8,-17.6,-27,0,14,1,1,0","nayedien,leg_up,47.6,-192.4,9,0,15,1,1,0","nayedien,leg_low,61.2,-82.8,3,0,14,1,1,0","nayedien,foot,67.6,-17.2,5,0,16,1,1,0",,,"nayedien,cloak_below,4.8,-170.4,0,0,20,1,1,0","nayedien,cloak_wide,15.6,-301.2,169,0,17,1,1,0","nayedien,shoulder,-40.8,-382,-3,0,8,1,1,0","nayedien,shoulder_strap,25.6,-404.4,-4,0,9,1,1,0","nayedien,shoulder_inner,73.6,-377.6,72,1,8,1,1,0","nayedien,cloak_up,-87.2,-345.6,-36,0,6,1,1,0","nayedien,cloak_up_back,109.2,-322.4,33,1,12,0.9,0.9,0","nayedien,hair_back,-49,-321,-4,0,24,1,1,0","nayedien,hair_outer,-147.8,-326.2,-11,0,23,1,1,0","nayedien,hair_inner,84,-295.6,-14,0,23,1,1,0",,,,,,,,,,,,,,,,,,,,,,,,,,,,,,,,,,,,,,,,,,,,,,,,,,,,,,,,,,,,,,,,,,,,,,,,,,,,,,,,,,,,,,,,,,,,
Walk/1,"nayedien,head,19.8,-508.2,-2,0,8,1,1,0","nayedien,neck,15.2,-445.6,-1,0,10,1,1,0","nayedien,body,9.2,-316.4,-2,0,9,1,1,0",,"nayedien,arm_low,-80.4,-269.6,-5,1,9,1,1,0","noble,open,-67.2,-197.6,5,0,8,1,1,0",,"nayedien,arm_low,93.2,-282,-2,1,15,1,1,0","noble,open,103.6,-205.2,2,1,16,1,1,0","nayedien,leg_up,-16,-190.4,12,0,11,1,1,0","nayedien,leg_low,-24.8,-85.6,-21,0,11,1,1,0","nayedien,foot,-52.8,-31.6,-41,0,14,1,1,0","nayedien,leg_up,45.6,-192.4,-1,0,15,1,1,0","nayedien,leg_low,39.2,-82.8,-5,0,14,1,1,0","nayedien,foot,39.6,-17.2,8,0,16,1,1,0",,,"nayedien,cloak_below,0.8,-174.4,-6,0,20,1,1,0","nayedien,cloak_wide,7.6,-305.2,165,0,17,1,1,0","nayedien,shoulder,-42.8,-382,-2,0,8,1,1,0","nayedien,shoulder_strap,25.6,-406.4,-6,0,9,1,1,0","nayedien,shoulder_inner,75.6,-381.6,70,1,8,1,1,0","nayedien,cloak_up,-87.2,-345.6,-31,0,6,1,1,0","nayedien,cloak_up_back,109.2,-322.4,30,1,12,0.9,0.9,0","nayedien,hair_back,-45,-311,-6,0,24,1,1,0","nayedien,hair_outer,-155.8,-336.2,-16,0,23,1,1,0","nayedien,hair_inner,60,-295.6,-26,0,23,1,1,0",,,,,,,,,,,,,,,,,,,,,,,,,,,,,,,,,,,,,,,,,,,,,,,,,,,,,,,,,,,,,,,,,,,,,,,,,,,,,,,,,,,,,,,,,,,,
Walk/2,"nayedien,head,21.8,-508.2,-4,0,8,1,1,0","nayedien,neck,15.2,-445.6,-2,0,10,1,1,0","nayedien,body,5.2,-316.4,-4,0,9,1,1,0",,"nayedien,arm_low,-64.4,-271.6,7,1,9,1,1,0","noble,open,-35.2,-201.6,17,0,8,1,1,0",,"nayedien,arm_low,75.2,-282,-13,1,20,1,1,0","noble,open,67.6,-205.2,-11,1,21,1,1,0","nayedien,leg_up,-14,-190.4,26,0,11,1,1,0","nayedien,leg_low,5.2,-91.6,-1,0,11,1,1,0","nayedien,foot,-8.8,-15.6,-27,0,14,1,1,0","nayedien,leg_up,29.6,-192.4,-11,0,15,1,1,0","nayedien,leg_low,7.2,-82.8,-9,0,14,1,1,0","nayedien,foot,-0.4,-17.2,8,0,16,1,1,0",,,"nayedien,cloak_below,-13.2,-176.4,-12,0,20,1,1,0","nayedien,cloak_wide,1.6,-327.2,1,0,21,1,1,0","nayedien,shoulder,-42.8,-382,-1,0,8,1,1,0","nayedien,shoulder_strap,23.6,-406.4,-8,0,9,1,1,0","nayedien,shoulder_inner,69.6,-379.6,65,1,8,1,1,0","nayedien,cloak_up,-81.2,-335.6,-22,0,6,1,1,0","nayedien,cloak_up_back,99.2,-310.4,23,1,12,0.9,0.9,0","nayedien,hair_back,-53,-323,-9,0,24,1,1,0","nayedien,hair_outer,-155.8,-346.2,-18,0,23,1,1,0","nayedien,hair_inner,62,-295.6,-22,0,23,1,1,0",,,,,,,,,,,,,,,,,,,,,,,,,,,,,,,,,,,,,,,,,,,,,,,,,,,,,,,,,,,,,,,,,,,,,,,,,,,,,,,,,,,,,,,,,,,,
Walk/3,"nayedien,head,23.8,-504.2,-4,0,8,1,1,0","nayedien,neck,11.2,-445.6,9,0,10,1,1,0","nayedien,body,5.2,-314.4,-4,0,9,1,1,0",,"nayedien,arm_low,-56.4,-267.6,14,1,9,1,1,0","noble,open,-21.2,-205.6,24,0,8,1,1,0",,"nayedien,arm_low,71.2,-282,-18,1,20,1,1,0","noble,open,55.6,-207.2,-18,1,21,1,1,0","nayedien,leg_up,-8,-190.4,29,0,11,1,1,0","nayedien,leg_low,35.2,-87.6,19,0,11,1,1,0","nayedien,foot,55.2,-15.6,10,0,14,1,1,0","nayedien,leg_up,21.6,-194.4,-22,0,15,1,1,0","nayedien,leg_low,-22.8,-82.8,-21,0,14,1,1,0","nayedien,foot,-30.4,-17.2,13,0,16,1,1,0",,,"nayedien,cloak_below,-23.2,-174.4,-12,0,20,1,1,0","nayedien,cloak,3.6,-325.2,2,0,21,1,1,0","nayedien,shoulder,-42.8,-378,-1,0,8,1,1,0","nayedien,shoulder_strap,23.6,-402.4,-8,0,9,1,1,0","nayedien,shoulder_inner,71.6,-379.6,69,1,8,1,1,0","nayedien,cloak_up,-75.2,-329.6,-15,0,6,1,1,0","nayedien,cloak_up_back,95.2,-308.4,7,1,12,0.9,0.9,0","nayedien,hair_back,-43,-319,-5,0,24,1,1,0","nayedien,hair_outer,-157.8,-338.2,-16,0,23,1,1,0","nayedien,hair_inner,58,-299.6,-24,0,23,1,1,0",,,,,,,,,,,,,,,,,,,,,,,,,,,,,,,,,,,,,,,,,,,,,,,,,,,,,,,,,,,,,,,,,,,,,,,,,,,,,,,,,,,,,,,,,,,,
Walk/4,"nayedien,head,21.8,-508.2,-4,0,8,1,1,0","nayedien,neck,15.2,-445.6,-1,0,10,1,1,0","nayedien,body,5.2,-316.4,-4,0,9,1,1,0",,"nayedien,arm_low,-64.4,-271.6,7,1,9,1,1,0","noble,open,-35.2,-201.6,17,0,8,1,1,0",,"nayedien,arm_low,75.2,-282,-13,1,20,1,1,0","noble,open,67.6,-205.2,-11,1,21,1,1,0","nayedien,leg_up,-8,-188.4,16,0,11,1,1,0","nayedien,leg_low,17.2,-83.6,10,0,11,1,1,0","nayedien,foot,29.2,-15.6,10,0,14,1,1,0","nayedien,leg_up,37.6,-194.4,-4,0,15,1,1,0","nayedien,leg_low,7.2,-94.8,-29,0,14,1,1,0","nayedien,foot,-24.4,-41.2,-35,0,16,1,1,0",,,"nayedien,cloak_below,-9.2,-172.4,-12,0,20,1,1,0","nayedien,cloak,3.6,-325.2,2,0,21,1,1,0","nayedien,shoulder,-40.8,-382,2,0,8,1,1,0","nayedien,shoulder_strap,23.6,-406.4,-8,0,9,1,1,0","nayedien,shoulder_inner,71.6,-379.6,68,1,8,1,1,0","nayedien,cloak_up,-65.2,-329.6,-5,0,6,1,1,0","nayedien,cloak_up_back,99.2,-314.4,18,1,12,0.9,0.9,0","nayedien,hair_back,-41,-319,-3,0,24,1,1,0","nayedien,hair_outer,-153.8,-334.2,-13,0,23,1,1,0","nayedien,hair_inner,62,-299.6,-23,0,23,1,1,0",,,,,,,,,,,,,,,,,,,,,,,,,,,,,,,,,,,,,,,,,,,,,,,,,,,,,,,,,,,,,,,,,,,,,,,,,,,,,,,,,,,,,,,,,,,,
Walk/5,"nayedien,head,21.8,-508.2,-2,0,8,1,1,0","nayedien,neck,17.2,-445.6,14,0,10,1,1,0","nayedien,body,11.2,-316.4,-2,0,9,1,1,0",,"nayedien,arm_low,-84.4,-267.6,-6,1,9,1,1,0","noble,open,-71.2,-197.6,5,0,8,1,1,0",,"nayedien,arm_low,93.2,-282,2,1,15,1,1,0","noble,open,109.6,-205.2,9,1,16,1,1,0","nayedien,leg_up,-18,-188.4,0,0,11,1,1,0","nayedien,leg_low,-18.8,-87.6,-1,0,11,1,1,0","nayedien,foot,-22.8,-15.6,0,0,14,1,1,0","nayedien,leg_up,47.6,-194.4,16,0,15,1,1,0","nayedien,leg_low,43.2,-94.8,-21,0,14,1,1,0","nayedien,foot,23.6,-47.2,-22,0,16,1,1,0",,,"nayedien,cloak_below,6.8,-174.4,0,0,20,1,1,0","nayedien,cloak,7.6,-325.2,2,0,21,1,1,0","nayedien,shoulder,-38.8,-382,-2,0,8,1,1,0","nayedien,shoulder_strap,29.6,-406.4,-6,0,9,1,1,0","nayedien,shoulder_inner,77.6,-383.6,74,1,8,1,1,0","nayedien,cloak_up,-75.2,-333.6,-19,0,6,1,1,0","nayedien,cloak_up_back,111.2,-320.4,22,1,12,0.9,0.9,0","nayedien,hair_back,-37,-309,0,0,24,1,1,0","nayedien,hair_outer,-145.8,-328.2,-10,0,23,1,1,0","nayedien,hair_inner,58,-301.6,-27,0,23,1,1,0",,,,,,,,,,,,,,,,,,,,,,,,,,,,,,,,,,,,,,,,,,,,,,,,,,,,,,,,,,,,,,,,,,,,,,,,,,,,,,,,,,,,,,,,,,,,
Walk/6,"nayedien,head,25.8,-508.2,-5,0,8,1,1,0","nayedien,neck,17.2,-445.6,14,0,10,1,1,0","nayedien,body,11.2,-316.4,-2,0,9,1,1,0",,"nayedien,arm_low,-90.4,-267.6,-17,1,9,1,1,0","noble,open,-93.2,-197.6,-11,0,8,1,1,0","nayedien,arm_up,67.6,-361,28,0,16,1,1,0","nayedien,arm_low,99.2,-282,8,1,15,1,1,0","noble,open,123.6,-199.2,9,1,16,1,1,0","nayedien,leg_up,-24,-188.4,-7,0,11,1,1,0","nayedien,leg_low,-36.8,-87.6,-4,0,11,1,1,0","nayedien,foot,-40.8,-15.6,-4,0,14,1,1,0","nayedien,leg_up,59.6,-194.4,28,0,15,1,1,0","nayedien,leg_low,73.2,-100.8,-11,0,14,1,1,0","nayedien,foot,61.6,-35.2,-12,0,16,1,1,0",,,"nayedien,cloak_below,12.8,-174.4,9,0,20,1,1,0","nayedien,cloak,7.6,-325.2,2,0,21,1,1,0","nayedien,shoulder,-38.8,-382,-4,0,8,1,1,0","nayedien,shoulder_strap,29.6,-406.4,-6,0,9,1,1,0","nayedien,shoulder_inner,77.6,-383.6,74,1,8,1,1,0","nayedien,cloak_up,-81.2,-335.6,-25,0,6,1,1,0","nayedien,cloak_up_back,115.2,-320.4,31,1,12,0.9,0.9,0","nayedien,hair_back,-27,-305,2,0,24,1,1,0","nayedien,hair_outer,-143.8,-328.2,-8,0,23,1,1,0","nayedien,hair_inner,58,-301.6,-26,0,23,1,1,0",,,,,,,,,,,,,,,,,,,,,,,,,,,,,,,,,,,,,,,,,,,,,,,,,,,,,,,,,,,,,,,,,,,,,,,,,,,,,,,,,,,,,,,,,,,,
Walk/7,"nayedien,head,29.8,-504.2,-5,0,8,1,1,0","nayedien,neck,21.2,-441.6,3,0,10,1,1,0","nayedien,body,13.2,-312.4,-5,0,9,1,1,0","nayedien,arm_up,-64.4,-356.4,-34,0,10,1,1,0","nayedien,arm_low,-114.4,-275.6,-37,1,9,1,1,0","noble,open,-139.2,-205.6,-21,0,8,1,1,0",,"nayedien,arm_low,103.2,-282,18,1,15,1,1,0","noble,open,141.6,-207.2,22,1,16,1,1,0","nayedien,leg_up,-38,-188.4,-17,0,11,1,1,0","nayedien,leg_low,-68.8,-87.6,-15,0,11,1,1,0","nayedien,foot,-82.8,-15.6,-8,0,14,1,1,0","nayedien,leg_up,49.6,-194.4,24,0,15,1,1,0","nayedien,leg_low,93.2,-82.8,19,0,14,1,1,0","nayedien,foot,113.6,-15.2,14,0,16,1,1,0",,,"nayedien,cloak_below,12.8,-174.4,6,0,20,1,1,0","nayedien,cloak,13.6,-329.2,0,0,21,1,1,0","nayedien,shoulder,-36.8,-380,-8,0,8,1,1,0","nayedien,shoulder_strap,31.6,-404.4,-6,0,9,1,1,0","nayedien,shoulder_inner,79.6,-381.6,76,1,8,1,1,0","nayedien,cloak_up,-85.2,-353.6,-46,0,6,1,1,0","nayedien,cloak_up_back,121.2,-322.4,37,1,12,0.9,0.9,0","nayedien,hair_back,-23,-315,-4,0,24,1,1,0","nayedien,hair_outer,-137.8,-328.2,-9,0,23,1,1,0","nayedien,hair_inner,62,-301.6,-25,0,23,1,1,0",,,,,,,,,,,,,,,,,,,,,,,,,,,,,,,,,,,,,,,,,,,,,,,,,,,,,,,,,,,,,,,,,,,,,,,,,,,,,,,,,,,,,,,,,,,,
weak1End/0,"nayedien,head,53.6,-486,-11,0,7,1,1,0","nayedien,neck,44.8,-418.8,-15,0,10,1,1,0","nayedien,body,19.2,-294.4,-4,0,9,1,1,0","nayedien,arm_up,-31.4,-347.2,-2,0,9,1,1,0","nayedien,arm_low,5.6,-277.6,44,1,8,1,1,0","noble,open,78,-242,71,0,7,1,1,0","nayedien,arm_up,112,-358.8,51,0,10,1,1,0","nayedien,arm_low,180,-282,45,0,8,1,1,0","noble,open,234,-226,63,1,7,1,1,0","nayedien,leg_up,-45,-170.4,-29.2,1,11,1,1,0","nayedien,leg_low,-85,-72.4,-17,1,11,1,1,0","nayedien,foot,-102.8,-7.4,-6,1,14,1,1,0","nayedien,leg_up,82,-156.4,31.7,0,13,1,1,0","nayedien,leg_low,130,-63.4,22.5,0,14,1,1,0","nayedien,foot,155.2,2.4,26,0,16,1,1,0",,,"nayedien,cloak_below,-9.2,-168.4,-33,1,20,0.9,0.9,0","nayedien,cloak_wide,38.4,-376,-12,0,17,1,1,0","nayedien,shoulder,-20.8,-384.8,-26,0,8,1,1,0","nayedien,shoulder_strap,66.8,-387.2,3,1,9,1,1,0","nayedien,shoulder_inner,109.6,-389.6,35,0,8,1,1,0","nayedien,cloak_up,-70,-358,-67,1,8,1,1,0","nayedien,cloak_up_back,166,-360,65,1,11,1,1,0","nayedien,hair_back,-52.4,-270.8,-7,0,24,1,1,0","nayedien,hair_outer,-127.2,-310.8,-9,0,9,1,1,0","nayedien,hair_inner,77.2,-252.8,-23,0,23,1,1,0",,,,,,,,,,,,,,,,,,,,,,,,,,,,,,,,,,,,,,,,,,,,,"nayedien,spear,272.8,-198.8,65,0,9,1,1,0",,,,,,,,,,,,,,,,,,,,,,,,,,,,,,,,,,,,,,,,,,,,,,,"weapon_summon2,1000,1"
weak1End/1,"nayedien,head,49.6,-486,-10,0,7,1,1,0","nayedien,neck,44.8,-418.8,-15,0,10,1,1,0","nayedien,body,13.2,-294.4,-2,0,9,1,1,0","nayedien,arm_up,-35.4,-347.2,-2,0,9,1,1,0","nayedien,arm_low,1.6,-277.6,44,1,8,1,1,0","noble,open,74,-240,73,0,7,1,1,0","nayedien,arm_up,124,-354.8,61,0,10,1,1,0","nayedien,arm_low,140,-284,-8,0,8,1,1,0","noble,open,108.6,-226.4,-37,1,5,1,1,0","nayedien,leg_up,-45,-170.4,-29.2,1,11,1,1,0","nayedien,leg_low,-87,-72.4,-20,1,11,1,1,0","nayedien,foot,-106.8,-7.4,-9,1,14,1,1,0","nayedien,leg_up,74,-156.4,30.7,0,13,1,1,0","nayedien,leg_low,120,-63.4,18.5,0,14,1,1,0","nayedien,foot,145.2,2.4,26,0,16,1,1,0",,,"nayedien,cloak_below,0.8,-158.4,-23,1,20,0.9,0.9,0","nayedien,cloak_wide,30.4,-364,-11,0,17,1,1,0","nayedien,shoulder,-20.8,-374.8,-10,0,8,1,1,0","nayedien,shoulder_strap,66.8,-387.2,3,1,9,1,1,0","nayedien,shoulder_inner,103.6,-387.6,24,0,8,1,1,0","nayedien,cloak_up,-70,-336,-57,1,8,1,1,0","nayedien,cloak_up_back,160,-348,51,1,8,1,1,0","nayedien,hair_back,-56.4,-276.8,-7,0,24,1,1,0","nayedien,hair_outer,-137.2,-302.8,-7,0,9,1,1,0","nayedien,hair_inner,83.2,-252.8,-20,0,23,1,1,0",,,,,,,,,,,,,,,,,,,,,,,,,,,,,,,,,,,,,,,,,,,,,"nayedien,spear,109.8,-246,24,0,7,1,1,0",,,,,,,,,,,,,,,,,,,,,,,,,,,,,,,,,,,,,,,,,,,,,play_time_mod_0.5,,
weak1End/2,"nayedien,head,28.4,-490.8,-6,0,7,1,1,0","nayedien,neck,20.8,-428.8,5,0,10,1,1,0","nayedien,body,9.2,-300.4,0,0,9,1,1,0","nayedien,arm_up,-45.4,-345.2,5,0,9,1,1,0","nayedien,arm_low,-6.4,-279.6,45,1,8,1,1,0","noble,fist,56,-249.6,65,0,4,1,1,0","nayedien,arm_up,110,-346.8,65,0,9,1,1,0","nayedien,arm_low,140,-314,-51,0,8,1,1,0","noble,open,75.6,-292,-75,1,4,1,1,0","nayedien,leg_up,-43,-172.4,-22.2,1,11,1,1,0","nayedien,leg_low,-83,-72.4,-20,1,11,1,1,0","nayedien,foot,-106.8,-7.4,-18,1,14,1,1,0","nayedien,leg_up,66,-184.4,27.7,0,13,1,1,0","nayedien,leg_low,108,-79.4,13.5,0,14,1,1,0","nayedien,foot,123.2,-11.6,11,0,16,1,1,0",,,"nayedien,cloak_below,-5.2,-162.4,-20,1,20,0.9,0.9,0","nayedien,cloak_wide,36,-339.6,12,0,19,1,1,0","nayedien,shoulder,-46.8,-372.8,-9,0,8,1,1,0","nayedien,shoulder_strap,30.8,-391.2,8,1,9,1,1,0","nayedien,shoulder_inner,87.6,-395.6,29,0,8,1,1,0","nayedien,cloak_up,-85.2,-321.6,-22,0,7,1,1,0","nayedien,cloak_up_back,144,-350,44,1,6,1,1,0","nayedien,hair_back,-40.4,-281.6,-7,0,24,1,1,0","nayedien,hair_outer,-160,-304,-10,0,22,1,1,0","nayedien,hair_inner,76.4,-291.2,-10,0,23,1,1,0",,,,,,,,,,,,,,,,,,,,,,,,,,,,,,,,,,,,,,,,,,,,,"nayedien,spear,74,-284,-7,0,5,1,1,0",,,,,,,,,,,,,,,,,,,,,,,,,,,,,,,,,,,,,,,,,,,,,play_time_mod_0.5,,
weak1End/3,"nayedien,head,24.4,-494.8,-4,0,7,1,1,0","nayedien,neck,20.8,-428.8,5,0,10,1,1,0","nayedien,body,5.2,-302.4,0,0,9,1,1,0","nayedien,arm_up,-45.4,-345.2,5,0,9,1,1,0","nayedien,arm_low,-22.4,-279.6,45,1,8,1,1,0","noble,open,36,-249.6,65,0,4,1,1,0","nayedien,arm_up,110,-346.8,65,0,9,1,1,0","nayedien,arm_low,146,-306,-43,0,8,1,1,0","noble,open,85.6,-276,-68,1,4,1,1,0","nayedien,leg_up,-43,-172.4,-21.2,1,11,1,1,0","nayedien,leg_low,-79,-72.4,-19,1,11,1,1,0","nayedien,foot,-94.8,-5.4,-6,1,14,1,1,0","nayedien,leg_up,62,-184.4,25.7,0,13,1,1,0","nayedien,leg_low,100,-79.4,15.5,0,14,1,1,0","nayedien,foot,117.2,-11.6,11,0,16,1,1,0",,,"nayedien,cloak_below,-3.2,-158.4,-17,1,20,0.9,0.9,0","nayedien,cloak_wide,36,-339.6,12,0,19,1,1,0","nayedien,shoulder,-46.8,-372.8,-9,0,8,1,1,0","nayedien,shoulder_strap,30.8,-391.2,8,1,9,1,1,0","nayedien,shoulder_inner,87.6,-395.6,29,0,8,1,1,0","nayedien,cloak_up,-85.2,-325.6,-20,0,7,1,1,0","nayedien,cloak_up_back,148,-346,47,1,6,1,1,0","nayedien,hair_back,-40.4,-281.6,-8,0,24,1,1,0","nayedien,hair_outer,-160,-308,-9,0,22,1,1,0","nayedien,hair_inner,74.4,-291.2,-12,0,23,1,1,0",,,,,,,,,,,,,,,,,,,,,,,,,,,,,,,,,,,,,,,,,,,,,"nayedien,spear_appear_1,72,-272,-6,0,5,1,1,0",,,,,,,,,,,,,,,,,,,,,,,,,,,,,,,,,,,,,,,,,,,,,play_time_mod_0.5,,
weak1End/4,"nayedien,head,18.4,-494.8,-2,0,7,1,1,0","nayedien,neck,12.8,-428.8,5,0,10,1,1,0","nayedien,body,5.2,-306.4,0,0,9,1,1,0","nayedien,arm_up,-59.4,-337.2,-16,0,9,1,1,0","nayedien,arm_low,-50.4,-257.6,33,1,8,1,1,0","noble,open,12.8,-211.4,65,0,4,1,1,0","nayedien,arm_up,100,-344.8,55,0,11,1,1,0","nayedien,arm_low,124,-268,2,0,8,1,1,0","noble,open,102.6,-190,-31,1,4,1,1,0","nayedien,leg_up,-43,-176.4,-18.2,1,11,1,1,0","nayedien,leg_low,-75,-72.4,-15,1,11,1,1,0","nayedien,foot,-88.8,-5.4,-6,1,14,1,1,0","nayedien,leg_up,56,-184.4,22.7,0,13,1,1,0","nayedien,leg_low,94,-79.4,17.5,0,14,1,1,0","nayedien,foot,111.2,-11.6,9,0,16,1,1,0",,,"nayedien,cloak_below,-3.2,-158.4,-17,1,20,0.9,0.9,0","nayedien,cloak_wide,36,-339.6,12,0,19,1,1,0","nayedien,shoulder,-46.8,-372.8,-9,0,8,1,1,0","nayedien,shoulder_strap,30.8,-391.2,8,1,9,1,1,0","nayedien,shoulder_inner,79.6,-387.6,16,0,8,1,1,0","nayedien,cloak_up,-77.2,-325.6,-14,0,7,1,1,0","nayedien,cloak_up_back,140,-324,39,1,6,1,1,0","nayedien,hair_back,-40.4,-285.6,-8,0,24,1,1,0","nayedien,hair_outer,-156,-314,-11,0,22,1,1,0","nayedien,hair_inner,70.4,-297.2,-7,0,23,1,1,0",,,,,,,,,,,,,,,,,,,,,,,,,,,,,,,,,,,,,,,,,,,,,"nayedien,spear_appear_2,72,-262,-6,0,5,1,1,0",,,,,,,,,,,,,,,,,,,,,,,,,,,,,,,,,,,,,,,,,,,,,play_time_mod_0.5,,
weak1End/5,"nayedien,head,14.4,-500.8,-1,0,7,1,1,0","nayedien,neck,12.8,-428.8,5,0,10,1,1,0","nayedien,body,3.2,-310.4,0,0,9,1,1,0","nayedien,arm_up,-59.4,-337.2,-16,0,9,1,1,0","nayedien,arm_low,-76.4,-263.6,10,1,8,1,1,0","noble,open,-41.2,-185.2,27,0,4,1,1,0","nayedien,arm_up,82,-344.8,43,0,11,1,1,0","nayedien,arm_low,112,-264,-1,1,8,1,1,0","noble,open,118.6,-186,-7,1,4,1,1,0","nayedien,leg_up,-43,-176.4,-18.2,1,11,1,1,0","nayedien,leg_low,-75,-72.4,-15,1,11,1,1,0","nayedien,foot,-88.8,-5.4,-6,1,14,1,1,0","nayedien,leg_up,56,-184.4,22.7,0,13,1,1,0","nayedien,leg_low,94,-79.4,17.5,0,14,1,1,0","nayedien,foot,111.2,-11.6,9,0,16,1,1,0",,,"nayedien,cloak_below,-3.2,-158.4,-10,1,20,0.9,0.9,0","nayedien,cloak_wide,20,-317.6,9,0,19,1,1,0","nayedien,shoulder,-46.8,-378.8,-5,0,8,1,1,0","nayedien,shoulder_strap,30.8,-391.2,8,1,9,1,1,0","nayedien,shoulder_inner,73.6,-391.6,11,0,8,1,1,0","nayedien,cloak_up,-81.2,-333.6,-18,0,7,1,1,0","nayedien,cloak_up_back,118,-326,26,1,6,1,1,0","nayedien,hair_back,-40.4,-293.6,-8,0,24,1,1,0","nayedien,hair_outer,-150,-328,-11,0,22,1,1,0","nayedien,hair_inner,90.4,-299.2,-2,0,23,1,1,0",,,,,,,,,,,,,,,,,,,,,,,,,,,,,,,,,,,,,,,,,,,,,"nayedien,spear_appear_3,72,-240,-6,0,5,1,1,0",,,,,,,,,,,,,,,,,,,,,,,,,,,,,,,,,,,,,,,,,,,,,play_time_mod_0.5,,
weak1strong/0,"nayedien,head,62.4,-486.8,-4,0,7,1,1,0","nayedien,neck,52.8,-420.8,5,0,10,1,1,0","nayedien,body,31.2,-294.4,-8,0,9,1,1,0","nayedien,arm_up,-15.4,-333.2,13,0,9,1,1,0","nayedien,arm_low,-10.4,-243.6,-6,1,8,1,1,0","noble,fist,-2,-169.6,4,0,8,1,1,0","nayedien,arm_up,126,-350.8,5,1,9,1,1,0","nayedien,arm_low,150,-256,25,0,8,1,1,0","noble,fist,164.4,-200.4,25,1,7,1,1,0","nayedien,leg_up,-43,-160.4,-37.2,1,11,1,1,0","nayedien,leg_low,-69,-66.4,8,1,11,1,1,0","nayedien,foot,-68.8,-7.4,-3,1,14,1,1,0","nayedien,leg_up,84,-156.4,42.7,0,13,1,1,0","nayedien,leg_low,148,-69.4,36.5,0,14,1,1,0","nayedien,foot,181.2,-5.6,17,0,16,1,1,0",,,"nayedien,cloak_below,18.4,-159.2,-7,1,20,1,1,0","nayedien,cloak_wide,44,-363.6,5,0,19,1,1,0","nayedien,shoulder,-20.8,-372.8,-16,0,8,1,1,0","nayedien,shoulder_strap,58.8,-389.2,2,1,9,1,1,0","nayedien,shoulder_inner,125.6,-393.6,35,0,8,1,1,0","nayedien,cloak_up,-75.2,-335.6,-41,0,7,1,1,0","nayedien,cloak_up_back,178,-366,64,1,16,1,1,0","nayedien,hair_back,-46.4,-265.6,-6,0,24,1,1,0","nayedien,hair_outer,-139.2,-307.6,-17,0,22,1,1,0","nayedien,hair_inner,74.4,-273.2,-34,0,23,1,1,0",,,,,,,,,,,,,,,,,,,,,,,,,,,,,,,,,,,,,,,,,,,,,"nayedien,spear,88,-180,99,0,10,0.8,0.8,0",,,,,,,,,,,,,,,,,,,,,,,,,,,,,,,,,,,,,,,,,,,,,play_time_mod_0.5,,
weak1strong/1,"nayedien,head,40.4,-474.8,-5,0,7,1,1,0","nayedien,neck,27.2,-430.8,7,0,10,1,1,0","nayedien,body,23.2,-296.4,-3,0,9,1,1,0","nayedien,arm_up,-59.4,-343.2,-10,0,8,1,1,0","nayedien,arm_low,-108.4,-249.6,-27,0,8,1,1,0","noble,fist,-149.6,-180,-14,0,8,1,1,0","nayedien,arm_up,87.8,-342,21,0,8,1,1,0","nayedien,arm_low,104,-244,12,0,8,1,1,0","noble,fist,109.2,-176.8,13,1,7,1,1,0","nayedien,leg_up,-25,-172.4,-28.2,1,11,1,1,0","nayedien,leg_low,-67,-72.4,-19,1,11,1,1,0","nayedien,foot,-80.8,-7.4,-3,1,14,1,1,0","nayedien,leg_up,72,-192.4,20.7,0,13,1,1,0","nayedien,leg_low,116,-79.4,16.5,0,14,1,1,0","nayedien,foot,133.2,-11.6,3,0,16,1,1,0",,,"nayedien,cloak_below,45.6,-150,5,1,20,1,1,0","nayedien,cloak_wide,34,-339.6,-8,0,17,1,1,0","nayedien,shoulder,-30.8,-368.8,-11,0,8,1,1,0","nayedien,shoulder_strap,42.8,-387.2,4,1,9,1,1,0","nayedien,shoulder_inner,83.6,-377.6,13,0,8,1,1,0","nayedien,cloak_up,-91.2,-327.6,-41,0,7,1,1,0","nayedien,cloak_up_back,152,-334,59,1,7,1,1,0","nayedien,hair_back,-34.4,-245.6,6,0,24,1,1,0","nayedien,hair_outer,-127.2,-287.6,-5,0,22,1,1,0","nayedien,hair_inner,86.4,-253.2,-22,0,23,1,1,0",,,,,,,,,,,,,,,,,,,,,,,,,,,,,,,,,,,,,,,,,,,,,"nayedien,spear_stab,28,-176,91,0,10,1,1,1",,,,,,,,,,,,,,,,,,,,,,,,,,,,,,,,,,,,,,,,,,,,,play_time_mod_0.1,,
weak1strong/2,"nayedien,head,42.4,-474.8,-8,0,7,1,1,0","nayedien,neck,27.2,-430.8,7,0,10,1,1,0","nayedien,body,23.2,-296.4,-1,0,9,1,1,0","nayedien,arm_up,-37.4,-345.2,5,0,9,1,1,0","nayedien,arm_low,-28.4,-239.6,14,0,8,1.1,1.1,0","noble,fist,-20.8,-165.6,25,0,8,1,1,0","nayedien,arm_up,90,-340.8,37,0,9,1,1,0","nayedien,arm_low,128,-278,34,0,8,1,1,0","noble,fist,156.8,-215.2,26,1,7,1,1,0","nayedien,leg_up,-25,-172.4,-28.2,1,11,1,1,0","nayedien,leg_low,-67,-72.4,-19,1,11,1,1,0","nayedien,foot,-80.8,-7.4,-3,1,14,1,1,0","nayedien,leg_up,68,-184.4,29.7,0,13,1,1,0","nayedien,leg_low,116,-79.4,16.5,0,14,1,1,0","nayedien,foot,133.2,-11.6,3,0,16,1,1,0",,,"nayedien,cloak_below,41.6,-148,16,1,20,1,1,0","nayedien,cloak_wide,34,-393.6,180,0,17,1,1,0","nayedien,shoulder,-42.8,-394.8,-33,0,8,1,1,0","nayedien,shoulder_strap,38.8,-385.2,2,1,9,1,1,0","nayedien,shoulder_inner,91.6,-385.6,32,0,8,1,1,0","nayedien,cloak_up,-105.2,-407.6,-104,0,7,1,1,0","nayedien,cloak_up_back,164,-400,126,1,7,1,1,0","nayedien,hair_back,-48.4,-247.6,3,0,24,1,1,0","nayedien,hair_outer,-141.2,-289.6,-8,0,22,1,1,0","nayedien,hair_inner,72.4,-255.2,-25,0,23,1,1,0",,,,,,,,,,,,,,,,,,,,,,,,,,,,,,,,,,,,,,,,,,,,,"nayedien,spear_stab,136,-206,106,0,10,1,1,1",,,,,,,,,,,,,,,,,,,,,,,,,,,,,,,,,,,,,,,,,,,,,play_time_mod_0.1,,"pierce,1000,1"
weak1strong/3,"nayedien,head,36.4,-482.8,-8,0,7,1,1,0","nayedien,neck,23.2,-430.8,7,0,10,1,1,0","nayedien,body,15.2,-296.4,5,0,9,1,1,0","nayedien,arm_up,-33.4,-325.2,30,0,9,1,1,0","nayedien,arm_low,7.6,-235.6,31,0,8,1,1,0","noble,fist,37.2,-165.6,33,0,8,1,1,0","nayedien,arm_up,92,-350.8,55,0,9,1,1,0","nayedien,arm_low,158,-294,54,0,8,1,1,0","noble,fist,205.2,-246,48,1,7,1,1,0","nayedien,leg_up,-29,-172.4,-26.2,1,11,1,1,0","nayedien,leg_low,-69,-72.4,-20,1,11,1,1,0","nayedien,foot,-84.8,-7.4,-3,1,14,1,1,0","nayedien,leg_up,78,-184.4,20.7,0,13,1,1,0","nayedien,leg_low,112,-79.4,16.5,0,14,1,1,0","nayedien,foot,129.2,-11.6,3,0,16,1,1,0",,,"nayedien,cloak_below,27.6,-162,-6,1,20,1,1,0","nayedien,cloak_wide,18,-389.6,-169,0,18,1,1,0","nayedien,shoulder,-46.8,-394.8,-33,0,8,1,1,0","nayedien,shoulder_strap,32.8,-389.2,7,1,9,1,1,0","nayedien,shoulder_inner,87.6,-385.6,32,0,8,1,1,0","nayedien,cloak_up,-103.2,-417.6,-114,0,7,1,1,0","nayedien,cloak_up_back,146,-406,138,1,21,1,1,0","nayedien,hair_back,-60.4,-265.6,-3,0,24,1,1,0","nayedien,hair_outer,-153.2,-307.6,-14,0,22,1,1,0","nayedien,hair_inner,60.4,-273.2,-31,0,23,1,1,0",,,,,,,,,,,,,,,,,,,,,,,,,,,,,,,,,,,,,,,,,,,,,"nayedien,spear_stab,204,-246,120,0,10,1,1,1",,,,,,,,,,,,,,,,,,,,,,,,,,,,,,,,,,,,,,,,,,,,,play_time_mod_0.1,,
weak1strong/4,"nayedien,head,-17.6,-484.8,3,0,7,1,1,0","nayedien,neck,-27.2,-432.8,31,0,10,1,1,0","nayedien,body,-0.8,-296.4,12,0,9,1,1,0","nayedien,arm_up,-47.4,-321.2,57,0,9,1,1,0","nayedien,arm_low,35.6,-259.6,57,0,8,1,1,0","noble,fist,88,-205.6,57,0,8,1,1,0","nayedien,arm_up,72,-358.8,75,0,9,1,1,0","nayedien,arm_low,142,-332,72,0,8,1,1,0","noble,fist,205.6,-299.6,67,1,7,1,1,0","nayedien,leg_up,-37,-172.4,-29.2,1,11,1,1,0","nayedien,leg_low,-81,-72.4,-20,1,11,1,1,0","nayedien,foot,-96.8,-7.4,-3,1,14,1,1,0","nayedien,leg_up,72,-184.4,25.7,0,13,1,1,0","nayedien,leg_low,116,-79.4,21.5,0,14,1,1,0","nayedien,foot,135.2,-11.6,11,0,16,1,1,0",,,"nayedien,cloak_below,-39.2,-222.4,-144,1,20,1,1,0","nayedien,cloak_wide,-34,-437.6,-165,0,17,1,1,0","nayedien,shoulder,-80.8,-378.8,-23,0,8,1,1,0","nayedien,shoulder_strap,2.8,-387.2,15,1,9,1,1,0","nayedien,shoulder_inner,49.6,-383.6,36,0,8,1,1,0","nayedien,cloak_up,-141.2,-379.6,-114,1,7,1,1,0","nayedien,cloak_up_back,86,-452,170,0,21,1,1,0","nayedien,hair_back,-112.4,-273.6,-10,0,24,1,1,0","nayedien,hair_outer,-205.2,-315.6,-21,0,22,1,1,0","nayedien,hair_inner,8.4,-281.2,-38,0,23,1,1,0",,,,,,,,,,,,,,,,,,,,,,,,,,,,,,,,,,,,,,,,,,,,,"nayedien,spear_stab,226,-306,127,0,10,1.1,1.1,1",,,,,,,,,,,,,,,,,,,,,,,,,,,,,,,,,,,,,,,,,,,,,,,
weak1strong/5,"nayedien,head,-21.6,-484.8,6,0,7,1,1,0","nayedien,neck,-27.2,-432.8,31,0,10,1,1,0","nayedien,body,-0.8,-296.4,12,0,9,1,1,0","nayedien,arm_up,-39.4,-325.2,69,0,9,1,1,0","nayedien,arm_low,49.6,-279.6,66,0,8,1,1,0","noble,fist,114,-237.6,63,0,8,1,1,0","nayedien,arm_up,76,-362.8,71,0,9,1,1,0","nayedien,arm_low,152,-342,82,0,8,1,1,0","noble,fist,213.6,-313.6,59,1,7,1,1,0","nayedien,leg_up,-37,-172.4,-29.2,1,11,1,1,0","nayedien,leg_low,-81,-72.4,-20,1,11,1,1,0","nayedien,foot,-96.8,-7.4,-3,1,14,1,1,0","nayedien,leg_up,72,-184.4,25.7,0,13,1,1,0","nayedien,leg_low,116,-79.4,21.5,0,14,1,1,0","nayedien,foot,135.2,-11.6,11,0,16,1,1,0",,,"nayedien,cloak_below,-45.2,-250.4,-135,1,20,1,1,0","nayedien,cloak_wide,-34,-437.6,-165,0,17,1,1,0","nayedien,shoulder,-80.8,-378.8,-23,0,8,1,1,0","nayedien,shoulder_strap,2.8,-387.2,15,1,9,1,1,0","nayedien,shoulder_inner,53.6,-399.6,51,0,8,1,1,0","nayedien,cloak_up,-143.2,-385.6,-117,1,7,1,1,0","nayedien,cloak_up_back,70,-466,-176,0,21,1,1,0","nayedien,hair_back,-120.4,-281.6,-14,0,24,1,1,0","nayedien,hair_outer,-213.2,-323.6,-25,0,22,1,1,0","nayedien,hair_inner,0.4,-289.2,-42,0,23,1,1,0",,,,,,,,,,,,,,,,,,,,,,,,,,,,,,,,,,,,,,,,,,,,,"nayedien,spear,268,-348,128,0,10,1,1,1",,,,,,,,,,,,,,,,,,,,,,,,,,,,,,,,,,,,,,,,,,,,,"play_time_mod_1.5,stoppable",,
weak1strong/6,"nayedien,head,-25.6,-484.8,9,0,7,1,1,0","nayedien,neck,-27.2,-432.8,31,0,10,1,1,0","nayedien,body,-0.8,-296.4,12,0,9,1,1,0","nayedien,arm_up,-33.4,-325.2,74,0,9,1,1,0","nayedien,arm_low,61.6,-287.6,72,0,8,1,1,0","noble,fist,130,-247.6,58,0,8,1,1,0","nayedien,arm_up,82,-362.8,75,0,9,1,1,0","nayedien,arm_low,152,-352,89,0,8,1,1,0","noble,fist,217.6,-327.6,67,1,7,1,1,0","nayedien,leg_up,-37,-172.4,-29.2,1,11,1,1,0","nayedien,leg_low,-81,-72.4,-20,1,11,1,1,0","nayedien,foot,-96.8,-7.4,-3,1,14,1,1,0","nayedien,leg_up,72,-184.4,25.7,0,13,1,1,0","nayedien,leg_low,116,-79.4,21.5,0,14,1,1,0","nayedien,foot,135.2,-11.6,11,0,16,1,1,0",,,"nayedien,cloak_below,-35.2,-228.4,-136,1,20,1,1,0","nayedien,cloak_wide,-34,-429.6,-158,0,17,1,1,0","nayedien,shoulder,-80.8,-378.8,-23,0,8,1,1,0","nayedien,shoulder_strap,2.8,-387.2,15,1,9,1,1,0","nayedien,shoulder_inner,53.6,-399.6,51,0,8,1,1,0","nayedien,cloak_up,-143.2,-375.6,-104,1,7,1,1,0","nayedien,cloak_up_back,84,-458,168,0,21,1,1,0","nayedien,hair_back,-128.4,-301.6,-23,0,24,1,1,0","nayedien,hair_outer,-221.2,-343.6,-34,0,22,1,1,0","nayedien,hair_inner,-7.6,-309.2,-51,0,23,1,1,0",,,,,,,,,,,,,,,,,,,,,,,,,,,,,,,,,,,,,,,,,,,,,"nayedien,spear,274,-354,129,0,10,1,1,0",,,,,,,,,,,,,,,,,,,,,,,,,,,,,,,,,,,,,,,,,,,,,stoppable,,
weak1strong/7,"nayedien,head,14.4,-484.8,-4,0,7,1,1,0","nayedien,neck,16.8,-428.8,19,0,10,1,1,0","nayedien,body,9.2,-296.4,0,0,9,1,1,0","nayedien,arm_up,-25.4,-327.2,52,0,9,1,1,0","nayedien,arm_low,31.6,-259.6,31,1,8,1,1,0","noble,fist,94,-209.6,49,0,8,1,1,0","nayedien,arm_up,98,-352.8,65,0,9,1,1,0","nayedien,arm_low,134,-342,66,0,8,1,1,0","noble,fist,199.6,-293.6,57,1,7,1,1,0","nayedien,leg_up,-33,-172.4,-26.2,1,11,1,1,0","nayedien,leg_low,-75,-72.4,-20,1,11,1,1,0","nayedien,foot,-92.8,-7.4,-3,1,14,1,1,0","nayedien,leg_up,70,-184.4,25.7,0,13,1,1,0","nayedien,leg_low,114,-79.4,21.5,0,14,1,1,0","nayedien,foot,133.2,-11.6,11,0,16,1,1,0",,,"nayedien,cloak_below,-23.2,-232.4,-170,1,20,1,1,0","nayedien,cloak_wide,-8,-391.6,-165,0,19,1,1,0","nayedien,shoulder,-52.8,-378.8,-23,0,8,1,1,0","nayedien,shoulder_strap,26.8,-389.2,9,1,9,1,1,0","nayedien,shoulder_inner,81.6,-399.6,51,0,8,1,1,0","nayedien,cloak_up,-123.2,-351.6,-60,0,7,1,1,0","nayedien,cloak_up_back,144,-416,119,1,21,1,1,0","nayedien,hair_back,-112.4,-273.6,-12,0,24,1,1,0","nayedien,hair_outer,-205.2,-315.6,-23,0,22,1,1,0","nayedien,hair_inner,8.4,-281.2,-40,0,23,1,1,0",,,,,,,,,,,,,,,,,,,,,,,,,,,,,,,,,,,,,,,,,,,,,"nayedien,spear,192,-274,123,0,10,0.9,0.9,0",,,,,,,,,,,,,,,,,,,,,,,,,,,,,,,,,,,,,,,,,,,,,"stoppable,play_time_mod_1.5",,
weak1strongstrong/0,"nayedien,head,40.6,-476.2,1,0,7,1,1,0","nayedien,neck,31.2,-420,-1,0,10,1,1,0","nayedien,body,15.2,-286.4,-3,0,9,1,1,0",,"nayedien,arm_low,-59.2,-259.2,-7,0,9,1,1,0","noble,fist,-78,-195.2,-6,0,4,1,1,0",,"nayedien,arm_low,117.2,-263.2,9,1,11,1,1,0","noble,open_back,148,-196.8,23,1,10,1,1,0","nayedien,leg_up,-43,-166.4,-23.2,1,11,1,1,0","nayedien,leg_low,-81,-72.4,-22,1,11,1,1,0","nayedien,foot,-98.8,-7.4,-9,1,14,1,1,0","nayedien,leg_up,60,-184.4,27.7,0,13,1,1,0","nayedien,leg_low,104,-79.4,19.5,0,14,1,1,0","nayedien,foot,125.2,-11.6,8,0,16,1,1,0",,,"nayedien,cloak_below,4.8,-147.2,-16,1,20,1,1,0","nayedien,cloak_wide,22.4,-307.6,-5,0,17,1,1,0","nayedien,shoulder,-16.8,-364.8,-14,0,8,1,1,0","nayedien,shoulder_strap,46.8,-375.2,0,0,9,1,1,0","nayedien,shoulder_inner,91.6,-365.6,8,0,8,1,1,0","nayedien,cloak_up,-60.4,-326.4,-28,0,7,1,1,0","nayedien,cloak_up_back,119.2,-314,25,1,7,1,1,0","nayedien,hair_back,-9.4,-272.4,-1,0,24,1,1,0","nayedien,hair_outer,-108.2,-274.6,-1,0,22,1,1,0","nayedien,hair_inner,109.2,-276.2,-8,0,23,1,1,0",,,,,,,,,,,,,,,,,,,,,,,,,,,,,,,,,,,,,,,,,,,,,"nayedien,spear,114.4,-171.6,88,0,5,1,1,0",,,,,,,,,,,,,,,,,,,,,,,,,,,,,,,,,,,,,,,,,,,,,play_time_mod_0.5,,
weak1strongstrong/1,"nayedien,head,38.6,-476.2,3,0,7,1,1,0","nayedien,neck,33.2,-420,-1,0,10,1,1,0","nayedien,body,17.2,-286.4,-3,0,9,1,1,0",,"nayedien,arm_low,-43.2,-251.2,22,1,9,1,1,0","noble,fist,4.4,-198,37,0,4,1,1,0",,"nayedien,arm_low,117.2,-271.2,-52,0,11,1,1,0","noble,open_back,64,-240,-67,1,3,1,1,0","nayedien,leg_up,-41,-164.4,-23.2,1,11,1,1,0","nayedien,leg_low,-79,-72.4,-22,1,11,1,1,0","nayedien,foot,-96.8,-7.4,-9,1,14,1,1,0","nayedien,leg_up,62,-184.4,27.7,0,13,1,1,0","nayedien,leg_low,106,-79.4,19.5,0,14,1,1,0","nayedien,foot,127.2,-11.6,8,0,16,1,1,0",,,"nayedien,cloak_below,6.8,-147.2,-16,1,20,1,1,0","nayedien,cloak_wide,24.4,-311.6,1,0,17,1,1,0","nayedien,shoulder,-14.8,-364.8,-14,0,8,1,1,0","nayedien,shoulder_strap,48.8,-375.2,0,0,9,1,1,0","nayedien,shoulder_inner,93.6,-365.6,8,0,8,1,1,0","nayedien,cloak_up,-66.4,-328.4,-36,0,7,1,1,0","nayedien,cloak_up_back,135.2,-314,37,1,7,1,1,0","nayedien,hair_back,-7.4,-272.4,-1,0,24,1,1,0","nayedien,hair_outer,-102.2,-270.6,2,0,22,1,1,0","nayedien,hair_inner,129.2,-266.2,-6,0,23,1,1,0",,,,,,,,,,,,,,,,,,,,,,,,,,,,,,,,,,,,,,,,,,,,,"nayedien,spear,56.4,-235.2,133,0,5,1,1,0",,,,,,,,,,,,,,,,,,,,,,,,,,,,,,,,,,,,,,,,,,,,,play_time_mod_0.5,,
weak1strongstrong/2,"nayedien,head,28.6,-478.2,5,0,7,1,1,0","nayedien,neck,23.2,-414,6,0,10,1,1,0","nayedien,body,17.2,-286.4,-1,0,9,1,1,0",,"nayedien,arm_low,-39.2,-245.2,24,1,9,1,1,0","noble,fist,4.4,-194,37,0,4,1,1,0",,"nayedien,arm_low,145.2,-275.2,-44,0,11,1,1,0","noble,open_back,90,-240,-67,1,3,1,1,0","nayedien,leg_up,-41,-164.4,-31.2,1,11,1,1,0","nayedien,leg_low,-95,-72.4,-27,1,11,1,1,0","nayedien,foot,-118.8,-7.4,-15,1,14,1,1,0","nayedien,leg_up,70,-174.4,47.7,0,13,1,1,0","nayedien,leg_low,114,-79.4,10.5,0,14,1,1,0","nayedien,foot,129.2,-15.6,16,0,16,1,1,0",,,"nayedien,cloak_below,6.8,-147.2,-16,1,20,1,1,0","nayedien,cloak_wide,24.4,-311.6,1,0,17,1,1,0","nayedien,shoulder,-24.8,-360.8,-10,0,8,1,1,0","nayedien,shoulder_strap,48.8,-373.2,0,0,9,1,1,0","nayedien,shoulder_inner,91.6,-365.6,17,0,8,1,1,0","nayedien,cloak_up,-78.4,-328.4,-43,0,7,1,1,0","nayedien,cloak_up_back,151.2,-326,61,1,7,1,1,0","nayedien,hair_back,-9.4,-274.4,0,0,24,1,1,0","nayedien,hair_outer,-106.2,-258.6,6,0,22,1,1,0","nayedien,hair_inner,127.2,-268.2,-5,0,23,1,1,0",,,,,,,,,,,,,,,,,,,,,,,,,,,,,,,,,,,,,,,,,,,,,"nayedien,spear,102.4,-263.2,129,0,5,1,1,0",,,,,,,,,,,,,,,,,,,,,,,,,,,,,,,,,,,,,,,,,,,,,play_time_mod_0.4,,
weak1strongstrong/3,"nayedien,head,28.6,-478.2,-3,0,7,1,1,0","nayedien,neck,23.2,-414,6,0,10,1,1,0","nayedien,body,17.2,-286.4,-1,0,9,1,1,0","nayedien,arm_up,-56.8,-324.4,-29,0,10,1,1,0","nayedien,arm_low,-43.2,-239.2,27,1,9,1,1,0","noble,fist,-1.6,-186,28,0,4,1,1,0","nayedien,arm_up,95.2,-354.8,74,0,12,1,1,0","nayedien,arm_low,165.2,-321.2,65,0,11,1,1,0","noble,open_back,221.6,-274.4,45,1,3,1,1,0","nayedien,leg_up,-41,-164.4,-31.2,1,11,1,1,0","nayedien,leg_low,-97,-72.4,-27,1,11,1,1,0","nayedien,foot,-128.8,-7.4,-17,1,14,1,1,0","nayedien,leg_up,74,-168.4,44.7,0,13,1,1,0","nayedien,leg_low,114,-73.4,-0.5,0,14,1,1,0","nayedien,foot,117.2,-11.6,8,0,16,1,1,0",,,"nayedien,cloak_below,6.8,-147.2,-16,1,20,1,1,0","nayedien,cloak_wide,28.4,-313.6,4,0,17,1,1,0","nayedien,shoulder,-24.8,-360.8,-10,0,8,1,1,0","nayedien,shoulder_strap,48.8,-373.2,0,0,9,1,1,0","nayedien,shoulder_inner,91.6,-373.6,31,0,8,1,1,0","nayedien,cloak_up,-86.4,-340.4,-61,0,7,1.1,1.1,0","nayedien,cloak_up_back,175.2,-362,94,1,7,1,1,0","nayedien,hair_back,-11.4,-262.4,-2,0,24,1,1,0","nayedien,hair_outer,-120.2,-274.6,2,0,22,1,1,0","nayedien,hair_inner,103.2,-264.2,-7,0,23,1,1,0",,,,,,,,,,,,,,,,,,,,,,,,,,,,,,,,,,,,,,,,,,,,,"nayedien,spear,138.4,-307.2,132,0,5,1,1,0",,,,,,,,,,,,,,,,,,,,,,,,,,,,,,,,,,,,,,,,,,,,,,,
weak1strongstrong/4,"nayedien,head,28.6,-478.2,2,0,7,1,1,0","nayedien,neck,23.2,-414,6,0,10,1,1,0","nayedien,body,17.2,-286.4,-1,0,9,1,1,0","nayedien,arm_up,-54.8,-315.6,-18,0,9,1,1,0","nayedien,arm_low,8.8,-271.2,68,1,9,1,1,0","noble,fist,72.8,-266.8,85,0,4,1,1,0","nayedien,arm_up,171.2,-290.8,71,0,12,1,1,0","nayedien,arm_low,157.2,-309.2,-118,0,11,1,1,0","noble,fist,106,-341.6,-119,1,3,1,1,0","nayedien,leg_up,-41,-164.4,-31.2,1,11,1,1,0","nayedien,leg_low,-97,-72.4,-27,1,11,1,1,0","nayedien,foot,-128.8,-7.4,-17,1,14,1,1,0","nayedien,leg_up,74,-168.4,44.7,0,13,1,1,0","nayedien,leg_low,114,-73.4,-0.5,0,14,1,1,0","nayedien,foot,117.2,-11.6,8,0,16,1,1,0",,,"nayedien,cloak_below,6.8,-147.2,-16,1,20,1,1,0","nayedien,cloak_wide,24.4,-327.6,4,0,17,1,1,0","nayedien,shoulder,-24.8,-360.8,-10,0,8,1,1,0","nayedien,shoulder_strap,48.8,-373.2,0,0,9,1,1,0","nayedien,shoulder_inner,91.6,-373.6,31,0,8,1,1,0","nayedien,cloak_up,-88.4,-320.4,-46,0,7,1,1,0","nayedien,cloak_up_back,175.2,-354,81,1,7,1,1,0","nayedien,hair_back,-19.4,-244.4,0,0,24,1,1,0","nayedien,hair_outer,-120.2,-264.6,4,0,22,1,1,0","nayedien,hair_inner,107.2,-272.2,-8,0,23,1,1,0",,,,,,,,,,,,,,,,,,,,,,,,,,,,,,,,,,,,,,,,,,,,,"nayedien,spear,125.2,-464.8,169,0,5,1,1,0",,,,,,,,,,,,,,,,,,,,,,,,,,,,,,,,,,,,,,,,,,,,,,,
weak1strongstrong/5,"nayedien,head,66.6,-468.2,-7,0,7,1,1,0","nayedien,neck,47.2,-414,2,0,10,1,1,0","nayedien,body,27.2,-282.4,-10,0,9,1,1,0","nayedien,arm_up,-20.8,-311.6,25,0,9,1,1,0","nayedien,arm_low,22.8,-229.2,28,1,9,1,1,0","noble,punch,72.8,-178.8,29,0,4,1,1,0","nayedien,arm_up,103.2,-321.6,46,0,12,1,1,0","nayedien,arm_low,139.2,-307.2,62,0,11,1,1,0","noble,punch,191.2,-262.4,60,1,3,1,1,0","nayedien,leg_up,-41,-164.4,-31.2,1,11,1,1,0","nayedien,leg_low,-97,-72.4,-27,1,11,1,1,0","nayedien,foot,-128.8,-7.4,-17,1,14,1,1,0","nayedien,leg_up,74,-168.4,44.7,0,13,1,1,0","nayedien,leg_low,114,-73.4,-0.5,0,14,1,1,0","nayedien,foot,117.2,-11.6,8,0,16,1,1,0",,,"nayedien,cloak_below,-9.2,-147.2,-27,1,20,1,1,0","nayedien,cloak_wide,46.4,-337.6,7,0,17,1,1,0","nayedien,shoulder,-10.8,-360.8,-22,0,8,1,1,0","nayedien,shoulder_strap,58.8,-373.2,-9,0,9,1,1,0","nayedien,shoulder_inner,111.6,-365.6,31,0,8,1,1,0","nayedien,cloak_up,-82.4,-336.4,-84,1,7,1,1,0","nayedien,cloak_up_back,213.2,-346,89,1,7,1,1,0","nayedien,hair_back,-19.4,-264.4,-14,0,26,1,1,0","nayedien,hair_outer,-126.2,-300.6,-16,0,22,1,1,0","nayedien,hair_inner,105.2,-254.2,-20,0,23,1,1,0",,,,,,,,,,,,,,,,,,,,,,,,,,,,,,,,,,,,,,,,,,,,,"nayedien,spear_swing,226,-340,128,0,5,1.1,1.1,1",,,,,,,,,,,,,,,,,,,,,,,,,,,,,,,,,,,,,,,,,,,,,play_time_mod_0.3,,"swing_flat_small,1000,1"
weak1strongstrong/6,"nayedien,head,74.6,-460.2,-9,0,7,1,1,0","nayedien,neck,59.2,-410,-1,0,10,1,1,0","nayedien,body,31.2,-276.4,-13,0,9,1,1,0","nayedien,arm_up,-26.8,-335.6,-10,0,9,1,1,0","nayedien,arm_low,-25.2,-245.2,7,1,9,1,1,0","noble,punch,6,-178.8,18,0,4,1,1,0","nayedien,arm_up,113.2,-311.6,35,0,12,1,1,0","nayedien,arm_low,164,-235.6,38,0,11,1,1,0","noble,punch,192.8,-167.2,24,1,3,1,1,0","nayedien,leg_up,-43,-164.4,-32.2,1,11,1,1,0","nayedien,leg_low,-103,-72.4,-32,1,11,1,1,0","nayedien,foot,-134.8,-7.4,-21,1,14,1,1,0","nayedien,leg_up,74,-162.4,47.7,0,13,1,1,0","nayedien,leg_low,112,-73.4,-3.5,0,14,1,1,0","nayedien,foot,109.2,-11.6,1,0,16,1,1,0",,,"nayedien,cloak_below,-9.2,-147.2,-35,1,20,1,1,0","nayedien,cloak_wide,58.4,-349.6,-5,0,17,1,1,0","nayedien,shoulder,-4.8,-360.8,-31,0,8,1,1,0","nayedien,shoulder_strap,64.8,-365.2,-18,0,9,1,1,0","nayedien,shoulder_inner,117.6,-357.6,22,0,8,1,1,0","nayedien,cloak_up,-62.4,-370.4,-114,1,7,1,1,0","nayedien,cloak_up_back,203.2,-336,92,1,7,1,1,0","nayedien,hair_back,-33.4,-270.4,-20,0,26,1,1,0","nayedien,hair_outer,-140.2,-306.6,-22,0,22,1,1,0","nayedien,hair_inner,91.2,-260.2,-26,0,23,1,1,0",,,,,,,,,,,,,,,,,,,,,,,,,,,,,,,,,,,,,,,,,,,,,"nayedien,spear_swing,252,-206,89,0,5,1.1,1.1,1",,,,,,,,,,,,,,,,,,,,,,,,,,,,,,,,,,,,,,,,,,,,,play_time_mod_0.2,,
weak1strongstrong/7,"nayedien,head,96.6,-454.2,-11,0,7,1,1,0","nayedien,neck,75.2,-404,-6,0,10,1,1,0","nayedien,body,35.2,-276.4,-17,0,9,1,1,0","nayedien,arm_up,-26.8,-355.6,-50,0,9,1,1,0","nayedien,arm_low,-30,-302.4,6,1,9,1,1,0","noble,punch,0.8,-240.4,22,0,4,1,1,0","nayedien,arm_up,117.2,-301.6,29,0,12,1,1,0","nayedien,arm_low,158,-219.6,31,0,11,1,1,0","noble,punch,178.8,-147.2,12,1,3,1,1,0","nayedien,leg_up,-43,-164.4,-32.2,1,11,1,1,0","nayedien,leg_low,-103,-72.4,-32,1,11,1,1,0","nayedien,foot,-134.8,-7.4,-21,1,14,1,1,0","nayedien,leg_up,74,-162.4,47.7,0,13,1,1,0","nayedien,leg_low,112,-73.4,-3.5,0,14,1,1,0","nayedien,foot,109.2,-11.6,1,0,16,1,1,0",,,"nayedien,cloak_below,-15.2,-147.2,-39,1,20,1,1,0","nayedien,cloak_wide,66.4,-351.6,-1,0,17,1,1,0","nayedien,shoulder,1.2,-360.8,-31,0,8,1,1,0","nayedien,shoulder_strap,70.8,-365.2,-18,0,9,1,1,0","nayedien,shoulder_inner,123.6,-357.6,22,0,8,1,1,0","nayedien,cloak_up,-56.4,-374.4,-126,1,7,1.1,1.1,0","nayedien,cloak_up_back,209.2,-340,99,1,7,1,1,0","nayedien,hair_back,-31.4,-272.4,-24,0,26,1,1,0","nayedien,hair_outer,-138.2,-308.6,-26,0,22,1,1,0","nayedien,hair_inner,95.2,-260.2,-39,0,23,1,1,0",,,,,,,,,,,,,,,,,,,,,,,,,,,,,,,,,,,,,,,,,,,,,"nayedien,spear_swing,220,-164,62,0,5,1.1,1.1,1",,,,,,,,,,,,,,,,,,,,,,,,,,,,,,,,,,,,,,,,,,,,,,,
weak1strongstrong/8,"nayedien,head,102.6,-448.2,-17,0,7,1,1,0","nayedien,neck,69.2,-404,-3,0,10,1,1,0","nayedien,body,35.2,-276.4,-19,0,9,1,1,0","nayedien,arm_up,-26.8,-355.6,-50,0,9,1,1,0","nayedien,arm_low,-30,-302.4,6,1,9,1,1,0","noble,fist,-5.2,-238.4,11,0,4,1,1,0","nayedien,arm_up,123.2,-301.6,31,0,12,1,1,0","nayedien,arm_low,164,-211.6,29,0,11,1,1,0","noble,fist,178.8,-141.2,0,1,3,1,1,0","nayedien,leg_up,-43,-164.4,-32.2,1,11,1,1,0","nayedien,leg_low,-103,-72.4,-32,1,11,1,1,0","nayedien,foot,-134.8,-7.4,-21,1,14,1,1,0","nayedien,leg_up,74,-162.4,47.7,0,13,1,1,0","nayedien,leg_low,112,-73.4,-3.5,0,14,1,1,0","nayedien,foot,109.2,-11.6,1,0,16,1,1,0",,,"nayedien,cloak_below,-23.2,-163.2,-47,1,20,1,1,0","nayedien,cloak_wide,66.4,-351.6,2,0,17,1,1,0","nayedien,shoulder,1.2,-360.8,-31,0,8,1,1,0","nayedien,shoulder_strap,70.8,-365.2,-18,0,9,1,1,0","nayedien,shoulder_inner,123.6,-357.6,22,0,8,1,1,0","nayedien,cloak_up,-60.4,-380.4,-131,1,7,1.1,1.1,0","nayedien,cloak_up_back,201.2,-354,112,1,7,1,1,0","nayedien,hair_back,-35.4,-278.4,-29,0,26,1,1,0","nayedien,hair_outer,-142.2,-314.6,-31,0,22,1,1,0","nayedien,hair_inner,91.2,-266.2,-44,0,23,1,1,0",,,,,,,,,,,,,,,,,,,,,,,,,,,,,,,,,,,,,,,,,,,,,"nayedien,spear,198,-120,60,0,5,1.1,1.1,1",,,,,,,,,,,,,,,,,,,,,,,,,,,,,,,,,,,,,,,,,,,,,"stoppable,play_time_mod_1.5",,
weak1strongstrong/9,"nayedien,head,106.6,-444.2,-20,0,7,1,1,0","nayedien,neck,69.2,-404,-3,0,10,1,1,0","nayedien,body,35.2,-276.4,-19,0,9,1,1,0","nayedien,arm_up,-18.8,-355.6,-54,0,9,1,1,0","nayedien,arm_low,-36,-302.4,-4,1,9,1,1,0","noble,fist,-13.2,-242.4,6,0,4,1,1,0","nayedien,arm_up,123.2,-291.6,26,0,12,1,1,0","nayedien,arm_low,160,-201.6,24,0,11,1,1,0","noble,fist,164.8,-133.2,-8,1,3,1,1,0","nayedien,leg_up,-43,-164.4,-32.2,1,11,1,1,0","nayedien,leg_low,-103,-72.4,-32,1,11,1,1,0","nayedien,foot,-134.8,-7.4,-21,1,14,1,1,0","nayedien,leg_up,74,-162.4,47.7,0,13,1,1,0","nayedien,leg_low,112,-73.4,-3.5,0,14,1,1,0","nayedien,foot,109.2,-11.6,1,0,16,1,1,0",,,"nayedien,cloak_below,-29.2,-163.2,-50,1,20,1,1,0","nayedien,cloak_wide,64.4,-351.6,-1,0,17,1,1,0","nayedien,shoulder,3.2,-360.8,-31,0,8,1,1,0","nayedien,shoulder_strap,70.8,-365.2,-18,0,9,1,1,0","nayedien,shoulder_inner,123.6,-357.6,22,0,8,1,1,0","nayedien,cloak_up,-62.4,-368.4,-116,1,7,1.1,1.1,0","nayedien,cloak_up_back,203.2,-352,118,1,7,1,1,0","nayedien,hair_back,-35.4,-282.4,-31,0,26,1,1,0","nayedien,hair_outer,-142.2,-318.6,-33,0,22,1,1,0","nayedien,hair_inner,91.2,-270.2,-46,0,23,1,1,0",,,,,,,,,,,,,,,,,,,,,,,,,,,,,,,,,,,,,,,,,,,,,"nayedien,spear,190,-114,57,0,5,1.1,1.1,0",,,,,,,,,,,,,,,,,,,,,,,,,,,,,,,,,,,,,,,,,,,,,stoppable,,
weak1strongstrong/10,"nayedien,head,104.6,-450.2,-15,0,7,1,1,0","nayedien,neck,69.2,-404,-3,0,10,1,1,0","nayedien,body,37.2,-278.4,-16,0,9,1,1,0","nayedien,arm_up,-18.8,-355.6,-54,0,9,1,1,0","nayedien,arm_low,-36,-288.4,-4,1,9,1,1,0","noble,fist,-21.2,-218.4,6,0,4,1,1,0","nayedien,arm_up,121.2,-299.6,31,0,12,1,1,0","nayedien,arm_low,160,-213.6,27,0,11,1,1,0","noble,fist,168.8,-145.2,-1,1,3,1,1,0","nayedien,leg_up,-43,-164.4,-32.2,1,11,1,1,0","nayedien,leg_low,-103,-72.4,-32,1,11,1,1,0","nayedien,foot,-134.8,-7.4,-21,1,14,1,1,0","nayedien,leg_up,72,-162.4,42.7,0,13,1,1,0","nayedien,leg_low,112,-71.4,7.5,0,14,1,1,0","nayedien,foot,117.2,-9.6,5,0,16,1,1,0",,,"nayedien,cloak_below,-25.2,-159.2,-44,1,20,1,1,0","nayedien,cloak_wide,64.4,-351.6,-2,0,17,1,1,0","nayedien,shoulder,3.2,-360.8,-31,0,8,1,1,0","nayedien,shoulder_strap,70.8,-365.2,-18,0,9,1,1,0","nayedien,shoulder_inner,123.6,-357.6,22,0,8,1,1,0","nayedien,cloak_up,-62.4,-364.4,-102,1,7,1.1,1.1,0","nayedien,cloak_up_back,203.2,-338,94,1,7,1,1,0","nayedien,hair_back,-31.4,-282.4,-28,0,26,1,1,0","nayedien,hair_outer,-126.2,-306.6,-24,0,22,1,1,0","nayedien,hair_inner,99.2,-270.2,-40,0,23,1,1,0",,,,,,,,,,,,,,,,,,,,,,,,,,,,,,,,,,,,,,,,,,,,,"nayedien,spear,190,-142,71,0,5,1.1,1.1,0",,,,,,,,,,,,,,,,,,,,,,,,,,,,,,,,,,,,,,,,,,,,,stoppable,,
weak1strongstrong/11,"nayedien,head,98.6,-464.2,-6,0,7,1,1,0","nayedien,neck,81.2,-416,-3,0,10,1,1,0","nayedien,body,51.2,-286.4,-14,0,9,1,1,0","nayedien,arm_up,7.2,-349.6,-31,0,9,1,1,0","nayedien,arm_low,-12,-262.4,-11,1,9,1,1,0","noble,fist,-5.2,-196.4,4,0,4,1,1,0","nayedien,arm_up,133.2,-313.6,31,0,12,1,1,0","nayedien,arm_low,172,-227.6,26,0,11,1,1,0","noble,fist,178.8,-175.2,3,1,3,1,1,0","nayedien,leg_up,-29,-166.4,-27.2,1,11,1,1,0","nayedien,leg_low,-75,-72.4,-24,1,11,1,1,0","nayedien,foot,-96.8,-7.4,-21,1,14,1,1,0","nayedien,leg_up,82,-168.4,31.7,0,13,1,1,0","nayedien,leg_low,124,-69.4,16.5,0,14,1,1,0","nayedien,foot,139.2,-9.6,11,0,16,1,1,0",,,"nayedien,cloak_below,-1.2,-145.2,-34,1,20,1,1,0","nayedien,cloak_wide,86.4,-335.6,1,0,17,1,1,0","nayedien,shoulder,13.2,-368.8,-38,0,8,1,1,0","nayedien,shoulder_strap,80.8,-373.2,-18,0,9,1,1,0","nayedien,shoulder_inner,133.6,-365.6,22,0,8,1,1,0","nayedien,cloak_up,-56.4,-354.4,-66,0,7,1,1,0","nayedien,cloak_up_back,211.2,-312,59,1,7,1,1,0","nayedien,hair_back,6.6,-254.4,-10,0,24,1,1,0","nayedien,hair_outer,-110.2,-286.6,-17,0,22,1,1,0","nayedien,hair_inner,135.2,-250.2,-22,0,23,1,1,0",,,,,,,,,,,,,,,,,,,,,,,,,,,,,,,,,,,,,,,,,,,,,"nayedien,spear,167.2,-180,88,0,5,1,1,0",,,,,,,,,,,,,,,,,,,,,,,,,,,,,,,,,,,,,,,,,,,,,stoppable,,
weak2End/0,"nayedien,head,-22.4,-496.8,1,0,10,1,1,0","nayedien,neck,-26.4,-432,-5,0,13,1,1,0","nayedien,body,-10.8,-306.4,5,1,9,1,1,0","nayedien,arm_up,-90.8,-359.2,-25,0,10,1,1,0","nayedien,arm_low,-134.8,-278,-25,0,9,1,1,0","noble,open,-180.8,-208.8,-36,0,10,1,1,0","nayedien,arm_up,34.4,-329.2,23,0,8,1,1,0","nayedien,arm_low,-9.2,-266.4,-53,0,4,1,1,0","noble,fist,-86.4,-234.8,-50,1,4,1,1,0","nayedien,leg_up,-59,-174.4,-24,1,12,1,1,0","nayedien,leg_low,-93.6,-67.2,-9,1,12,1,1,0","nayedien,foot,-104.8,-1.2,-17,1,15,1,1,0","nayedien,leg_up,48,-180.4,24.7,0,10,1,1,0","nayedien,leg_low,90,-79.2,25,0,11,1,1,0","nayedien,foot,116,-11.6,16,0,16,1,1,0",,,"nayedien,cloak_below,1.6,-164,2,1,20,1,1,0","nayedien,cloak_wide,-12,-312.8,7,0,17,1,1,0","nayedien,shoulder_inner,-85.2,-377.6,-84,0,8,1,1,0","nayedien,shoulder_strap,-24.8,-389.2,8,1,9,1,1,0","nayedien,shoulder,44,-375.2,85,0,8,1,1,0","nayedien,cloak_up_back,-143.6,-320.8,-48,0,6,1,1,0","nayedien,cloak_up,81.2,-321.2,28,1,4,1,1,0","nayedien,hair_back,-44.6,-300.4,1,0,24,1,1,0","nayedien,hair_outer,56.4,-264.8,-16,1,22,1,1,0","nayedien,hair_inner,-159.4,-317.6,-7,1,23,1,1,0",,,,,,,,,,,,,,,,,,,,,,,,,,,,,,,,,,,,,,,,,,,,,,"nayedien,flail_swing_small,-358,-216,-81,0,5,1.1,1.1,0",,,,,,,,,,,,,,,,,,,,,,,,,,,,,,,,,,,,,,,,,,,,play_time_mod_0.5,,
weak2End/1,"nayedien,head,-14.4,-498.8,1,0,10,1,1,0","nayedien,neck,-26.4,-432,-5,0,13,1,1,0","nayedien,body,-4.8,-308.4,0,1,9,1,1,0","nayedien,arm_up,-90.8,-359.2,-25,0,10,1,1,0","nayedien,arm_low,-134.8,-278,-16,0,9,1,1,0","noble,fist,-176.8,-204.8,-27,0,10,1,1,0","nayedien,arm_up,42.4,-339.2,24,0,8,1,1,0","nayedien,arm_low,-15.2,-306.4,-83,0,4,1,1,0","noble,fist,-88.4,-298.8,-57,1,4,1,1,0","nayedien,leg_up,-63,-174.4,-24,1,12,1,1,0","nayedien,leg_low,-95.6,-67.2,-9,1,12,1,1,0","nayedien,foot,-110.8,-1.2,-17,1,15,1,1,0","nayedien,leg_up,48,-180.4,26.7,0,10,1,1,0","nayedien,leg_low,92,-79.2,20,0,11,1,1,0","nayedien,foot,114,-11.6,16,0,16,1,1,0",,,"nayedien,cloak_below,-4.4,-168,2,1,20,1,1,0","nayedien,cloak_wide,-12,-312.8,7,0,17,1,1,0","nayedien,shoulder_inner,-71.2,-383.6,-89,0,8,1,1,0","nayedien,shoulder_strap,-10.8,-399.2,4,0,9,1,1,0","nayedien,shoulder,50,-377.2,77,0,8,1,1,0","nayedien,cloak_up_back,-115.6,-324.8,-36,0,6,1,1,0","nayedien,cloak_up,87.2,-321.2,28,1,4,1,1,0","nayedien,hair_back,-52.6,-296.4,-3,0,23,1,1,0","nayedien,hair_outer,38.4,-284.8,-21,1,22,1,1,0","nayedien,hair_inner,-159.4,-321.6,-7,1,23,1,1,0",,,,,,,,,,,,,,,,,,,,,,,,,,,,,,,,,,,,,,,,,,,,,,"nayedien,flail_swing_small,-374,-338,-92,0,5,1.1,1.1,0",,,,,,,,,,,,,,,,,,,,,,,,,,,,,,,,,,,,,,,,,,,,play_time_mod_0.5,,
weak2End/2,"nayedien,head,-4.4,-504.8,-4,0,10,1,1,0","nayedien,neck,-10.4,-442,-5,0,13,1,1,0","nayedien,body,-0.8,-312.4,-3,1,9,1,1,0","nayedien,arm_up,-90.8,-359.2,-25,0,10,1,1,0","nayedien,arm_low,-122.8,-278,-11,0,9,1,1,0","noble,fist,-160.8,-198.8,-20,0,10,1,1,0","nayedien,arm_up,44.4,-339.2,20,0,8,1,1,0","nayedien,arm_low,-15.2,-314.4,-87,0,4,1,1,0","noble,open,-88.4,-322.8,-82,1,4,1,1,0","nayedien,leg_up,-67,-174.4,-19,1,12,1,1,0","nayedien,leg_low,-91.6,-67.2,-9,1,12,1,1,0","nayedien,foot,-106.8,-1.2,-14,1,15,1,1,0","nayedien,leg_up,52,-176.4,23.7,0,10,1,1,0","nayedien,leg_low,92,-73.2,20,0,11,1,1,0","nayedien,foot,114,-5.6,16,0,16,1,1,0",,,"nayedien,cloak_below,-8.4,-166,-3,1,20,1,1,0","nayedien,cloak_wide,-12,-312.8,7,0,17,1,1,0","nayedien,shoulder_inner,-67.2,-389.6,-89,0,8,1,1,0","nayedien,shoulder_strap,-10.8,-399.2,4,0,9,1,1,0","nayedien,shoulder,56,-377.2,74,0,8,1,1,0","nayedien,cloak_up_back,-105.6,-324.8,-26,0,6,1,1,0","nayedien,cloak_up,83.2,-319.2,22,1,4,1,1,0","nayedien,hair_back,-56.6,-308.4,-9,0,23,1,1,0","nayedien,hair_outer,24.4,-300.8,-25,1,22,1,1,0","nayedien,hair_inner,-145.4,-341.6,-5,1,23,1,1,0",,,,,,,,,,,,,,,,,,,,,,,,,,,,,,,,,,,,,,,,,,,,,,"nayedien,flail_arrive2_1,-352,-418,-110,0,5,1.1,1.1,0",,,,,,,,,,,,,,,,,,,,,,,,,,,,,,,,,,,,,,,,,,,,play_time_mod_0.2,,
weak2End/3,"nayedien,head,-6.4,-484.8,-2,0,10,1,1,0","nayedien,neck,-6.4,-418,1,0,13,1,1,0","nayedien,body,-8.8,-288.4,-1,0,9,1,1,0","nayedien,arm_up,-64.8,-315.2,-31,0,10,1,1,0","nayedien,arm_low,-114.8,-266,-41,1,9,1,1,0","noble,open,-155.6,-190.4,-25,0,10,1,1,0","nayedien,arm_up,54.4,-320.4,34,0,9,1,1,0","nayedien,arm_low,34.8,-248.4,-40,0,8,1,1,0","noble,open,-29.2,-193.2,-45,1,4,1,1,0","nayedien,leg_up,-63,-162.4,-32,1,12,1,1,0","nayedien,leg_low,-95.6,-65.2,-9,1,12,1,1,0","nayedien,foot,-104.8,-1.2,-12,1,15,1,1,0","nayedien,leg_up,50,-164.4,28.7,0,10,1,1,0","nayedien,leg_low,100,-55.2,21,0,11,1,1,0","nayedien,foot,124,6.4,24,0,16,1,1,0",,,"nayedien,cloak_below,-17.2,-139.2,-5,0,20,0.9,0.9,0","nayedien,cloak_wide,6,-278.8,9,0,17,1,1,0","nayedien,shoulder,-57.2,-357.6,-3,0,8,1,1,0","nayedien,shoulder_strap,-18.4,-368.4,3,1,9,1,1,0","nayedien,shoulder_inner,47.6,-360,-10,0,7,1,1,0","nayedien,cloak_up,-93.6,-314.8,-22,0,6,1,1,0","nayedien,cloak_up_back,81.6,-295.6,24,1,3,1,1,0","nayedien,hair_back,-52.4,-295.6,2,0,25,1,1,0","nayedien,hair_outer,-151.2,-293.6,-1,0,22,1,1,0","nayedien,hair_inner,60.4,-287.2,-6,0,23,1,1,0",,,,,,,,,,,,,,,,,,,,,,,,,,,,,,,,,,,,,,,,,,,,,,"nayedien,flail_arrive2_2,-390,-424,-111,0,5,1.1,1.1,0",,,,,,,,,,,,,,,,,,,,,,,,,,,,,,,,,,,,,,,,,,,,,,
weak2End/4,"nayedien,head,9.6,-492.8,-3,0,10,1,1,0","nayedien,neck,11.6,-426,-3,0,13,1,1,0","nayedien,body,1.2,-296.4,-4,0,9,1,1,0","nayedien,arm_up,-64.8,-317.2,-31,0,10,1,1,0","nayedien,arm_low,-110.8,-264,-26,1,9,1,1,0","noble,open,-123.6,-180.4,1,0,10,1,1,0","nayedien,arm_up,72.4,-328.4,34,0,9,1,1,0","nayedien,arm_low,90.8,-256.4,-1,0,8,1,1,0","noble,open,66.8,-175.2,-18,1,4,1,1,0","nayedien,leg_up,-51,-170.4,-13,0,12,1,1,0","nayedien,leg_low,-71.6,-71.2,-13,0,12,1,1,0","nayedien,foot,-80.8,-5.2,0,0,15,1,1,0","nayedien,leg_up,54,-170.4,28.7,0,10,1,1,0","nayedien,leg_low,90,-61.2,8,0,11,1,1,0","nayedien,foot,102,4.4,14,0,16,1,1,0",,,"nayedien,cloak_below,-19.2,-151.2,-10,0,20,0.9,0.9,0","nayedien,cloak_wide,6,-302.8,-10,0,17,1,1,0","nayedien,shoulder,-47.2,-363.6,-6,0,8,1,1,0","nayedien,shoulder_strap,9.6,-382.4,3,1,9,1,1,0","nayedien,shoulder_inner,61.6,-372,-1,0,7,1,1,0","nayedien,cloak_up,-87.6,-316.8,-22,0,6,1,1,0","nayedien,cloak_up_back,87.6,-307.6,21,1,3,1,1,0","nayedien,hair_back,-48.4,-303.6,-3,0,25,1,1,0","nayedien,hair_outer,-141.2,-289.6,3,0,22,1,1,0","nayedien,hair_inner,66.4,-289.2,-11,0,23,1,1,0",,,,,,,,,,,,,,,,,,,,,,,,,,,,,,,,,,,,,,,,,,,,,,"nayedien,flail_arrive2_3,-436,-438,-111,0,5,1.1,1.1,0",,,,,,,,,,,,,,,,,,,,,,,,,,,,,,,,,,,,,,,,,,,,,,
weak2strong/0,"nayedien,head,-12.4,-500.8,-5,0,10,1,1,0","nayedien,neck,-12.4,-430,-10,1,13,1,1,0","nayedien,body,-4.8,-304.4,4,1,9,1,1,0",,"nayedien,arm_low,-82.4,-256.8,0,0,9,1,1,0","noble,open,-91.2,-172,4,0,10,1,1,0",,"nayedien,arm_low,-9.2,-262.4,-81,0,8,1,1,0","noble,fist,-71.2,-265.2,-87,1,4,1,1,0","nayedien,leg_up,-59,-154.4,-20,1,12,1,1,0","nayedien,leg_low,-71.6,-65.2,1,1,12,1,1,0","nayedien,foot,-78.8,-3.2,-8,1,15,1,1,0","nayedien,leg_up,60,-160.4,22.7,1,10,1,1,0","nayedien,leg_low,100,-59.2,16,1,11,1,1,0","nayedien,foot,116,0.4,10,1,16,1,1,0",,,"nayedien,cloak_below,3.6,-172,8,1,20,1,1,0","nayedien,cloak,-21.6,-333.6,3,0,17,1,1,0","nayedien,shoulder_inner,-71.2,-377.6,-70,0,8,1,1,0","nayedien,shoulder_strap,-20.4,-396.4,3,1,9,1,1,0","nayedien,shoulder,44,-375.2,64,0,8,1,1,0","nayedien,cloak_up_back,-80.4,-327.6,-19,0,6,1,1,0","nayedien,cloak_up,62,-307.6,4,1,7,1,1,0","nayedien,hair_back,-48.6,-304.4,-1,0,24,1,1,0","nayedien,hair_outer,51.8,-299.6,3,1,22,1,1,0","nayedien,hair_inner,-153.4,-335.6,-9,1,23,1,1,0",,,,,,,,,,,,,,,,,,,,,,,,,,,,,,,,,,,,,,,,,,,,,,"nayedien,flail_idle,-135.2,-188.8,-7,0,5,1,1,0",,,,,,,,,,,,,,,,,,,,,,,,,,,,,,,,,,,,,,,,,,,,play_time_mod_0.3,,
weak2strong/1,"nayedien,head,-12.6,-504,3,0,10,1,1,0","nayedien,neck,-10.4,-440,3,0,13,1,1,0","nayedien,body,-6.8,-310.4,-2,1,9,1,1,0",,"nayedien,arm_low,-144.4,-284.8,-19,0,9,1,1,0","noble,open,-182,-215.2,-19,0,10,1,1,0","nayedien,arm_up,5.2,-366,-53,0,9,1,1,0","nayedien,arm_low,-80.8,-358.4,-91,0,4,1,1,0","noble,fist,-138.8,-358,-60,1,4,1,1,0","nayedien,leg_up,-63,-162.4,-24,1,12,1,1,0","nayedien,leg_low,-85.6,-73.2,-5,1,12,1,1,0","nayedien,foot,-92.8,-13.2,-8,1,15,1,1,0","nayedien,leg_up,52,-160.4,15.7,1,10,1,1,0","nayedien,leg_low,88,-59.2,20,1,11,1,1,0","nayedien,foot,104,-7.6,14,1,16,1,1,0",,,"nayedien,cloak_below,-0.4,-164,0,1,20,1,1,0","nayedien,cloak,-20,-344.8,-2,0,17,1,1,0","nayedien,shoulder_inner,-63.2,-391.6,-86,0,8,1,1,0","nayedien,shoulder_strap,-16.4,-402.4,3,1,9,1,1,0","nayedien,shoulder,46,-377.2,73,0,8,1,1,0","nayedien,cloak_up_back,-110.4,-331.6,-52,0,6,1,1,0","nayedien,cloak_up,83.2,-325.2,28,1,7,1,1,0","nayedien,hair_back,-52.6,-308.4,0,0,24,1,1,0","nayedien,hair_outer,67.8,-257.6,-21,1,22,1,1,0","nayedien,hair_inner,-145.4,-339.6,-11,1,23,1,1,0",,,,,,,,,,,,,,,,,,,,,,,,,,,,,,,,,,,,,,,,,,,,,,"nayedien,flail_idle,-205.2,-282.4,-5,0,5,1,1,0",,,,,,,,,,,,,,,,,,,,,,,,,,,,,,,,,,,,,,,,,,,,play_time_mod_0.5,,"swing_bulk_large,1000,1"
weak2strong/2,"nayedien,head,-12.6,-504,17,0,10,1,1,0","nayedien,neck,17.6,-440,-16,1,13,1,1,0","nayedien,body,1.2,-310.4,-5,1,9,1,1,0","nayedien,arm_up,-74.8,-367.2,-58,0,10,1,1,0","nayedien,arm_low,-150.4,-328.8,-58,0,9,1,1,0","noble,open,-222.8,-289.2,-43,0,10,1,1,0","nayedien,arm_up,35.2,-394,-122,0,5,1,1,0","nayedien,arm_low,-44.8,-462.4,-127,0,4,1,1,0","noble,fist,-97.2,-499.2,-79,1,4,1,1,0","nayedien,leg_up,-63,-162.4,-24,1,12,1,1,0","nayedien,leg_low,-85.6,-73.2,-5,1,12,1,1,0","nayedien,foot,-92.8,-13.2,-8,1,15,1,1,0","nayedien,leg_up,62,-160.4,26.7,1,10,1,1,0","nayedien,leg_low,104,-59.2,16,1,11,1,1,0","nayedien,foot,118,-3.6,17,1,16,1,1,0",,,"nayedien,cloak_below,-0.4,-164,0,1,20,1,1,0","nayedien,cloak_wide,4,-354.8,3,0,17,1,1,0","nayedien,shoulder_inner,-53.2,-395.6,-105,0,8,1,1,0","nayedien,shoulder_strap,-16.4,-402.4,3,1,9,1,1,0","nayedien,shoulder,76,-403.2,130,0,8,1,1,0","nayedien,cloak_up_back,-104.4,-379.6,-79,0,6,1,1,0","nayedien,cloak_up,127.2,-383.2,57,1,7,1,1,0","nayedien,hair_back,-22.6,-316.4,-4,0,24,1,1,0","nayedien,hair_outer,95.8,-291.6,-13,1,22,1,1,0","nayedien,hair_inner,-121.4,-321.6,-9,1,23,1,1,0",,,,,,,,,,,,,,,,,,,,,,,,,,,,,,,,,,,,,,,,,,,,,,"nayedien,flail_idle,-182.8,-454.8,-30,0,5,1,1,0",,,,,,,,,,,,,,,,,,,,,,,,,,,,,,,,,,,,,,,,,,,,play_time_mod_0.2,,
weak2strong/3,"nayedien,head,-14.4,-502.8,17,0,10,1,1,0","nayedien,neck,17.6,-440,-16,1,13,1,1,0","nayedien,body,1.2,-310.4,-5,1,9,1,1,0","nayedien,arm_up,-74.8,-367.2,-58,0,10,1,1,0","nayedien,arm_low,-160.4,-342.8,-76,0,9,1,1,0","noble,open,-246,-336.4,-82,0,10,1,1,0","nayedien,arm_up,75.2,-424,-175,0,5,1,1,0","nayedien,arm_low,81.6,-525.2,178,0,4,1,1,0","noble,punch,119.6,-598.8,137,0,4,1,1,0","nayedien,leg_up,-73,-162.4,-27,1,12,1,1,0","nayedien,leg_low,-87.6,-69.2,7,1,12,1,1,0","nayedien,foot,-86.8,-7.2,-14,1,15,1,1,0","nayedien,leg_up,62,-160.4,26.7,1,10,1,1,0","nayedien,leg_low,104,-59.2,16,1,11,1,1,0","nayedien,foot,118,-3.6,17,1,16,1,1,0",,,"nayedien,cloak_below,9.6,-164,11,1,20,1,1,0","nayedien,cloak_wide,6,-400.8,17,0,17,1,1,0","nayedien,shoulder_inner,-53.2,-395.6,-105,0,8,1,1,0","nayedien,shoulder_strap,-16.4,-402.4,3,1,9,1,1,0","nayedien,shoulder,76,-421.2,144,0,8,1,1,0","nayedien,cloak_up_back,-122.4,-391.6,-104,0,6,1,1,0","nayedien,cloak_up,113.2,-455.2,129,1,7,1,1,0","nayedien,hair_back,-20.6,-324.4,-5,0,24,1,1,0","nayedien,hair_outer,115.8,-319.6,5,1,22,1,1,0","nayedien,hair_inner,-145.4,-317.6,-19,1,23,1,1,0",,,,,,,,,,,,,,,,,,,,,,,,,,,,,,,,,,,,,,,,,,,,,,"nayedien,flail_swing_small,-122.4,-603.2,-86,0,5,1,1,0",,,,,,,,,,,,,,,,,,,,,,,,,,,,,,,,,,,,,,,,,,,,play_time_mod_0.5,,
weak2strong/4,"nayedien,head,-0.4,-504.8,12,0,10,1,1,0","nayedien,neck,17.6,-440,-16,1,13,1,1,0","nayedien,body,1.2,-310.4,-5,1,9,1,1,0","nayedien,arm_up,-74.8,-367.2,-58,0,10,1,1,0","nayedien,arm_low,-160.4,-354.8,-86,0,9,1,1,0","noble,open,-244,-364.4,-95,0,10,1,1,0","nayedien,arm_up,95.2,-404,149,0,5,1,1,0","nayedien,arm_low,149.6,-479.2,148,0,4,1,1,0","noble,punch,216,-515.2,92,0,4,1,1,0","nayedien,leg_up,-77,-162.4,-30,1,12,1,1,0","nayedien,leg_low,-103.6,-69.2,-5,1,12,1,1,0","nayedien,foot,-112.8,-7.2,-14,1,15,1,1,0","nayedien,leg_up,62,-160.4,26.7,1,10,1,1,0","nayedien,leg_low,104,-59.2,16,1,11,1,1,0","nayedien,foot,118,-3.6,17,1,16,1,1,0",,,"nayedien,cloak_below,-4.4,-164,1,1,20,1,1,0","nayedien,cloak_wide,6,-398.8,18,0,17,1,1,0","nayedien,shoulder_inner,-53.2,-395.6,-105,0,8,1,1,0","nayedien,shoulder_strap,-16.4,-402.4,3,1,9,1,1,0","nayedien,shoulder,76,-425.2,143,0,8,1,1,0","nayedien,cloak_up_back,-122.4,-405.6,-115,0,6,1,1,0","nayedien,cloak_up,111.2,-465.2,150,1,7,1,1,0","nayedien,hair_back,-6.6,-332.4,-1,0,24,1,1,0","nayedien,hair_outer,129.8,-327.6,9,1,22,1,1,0","nayedien,hair_inner,-131.4,-325.6,-15,1,23,1,1,0",,,,,,,,,,,,,,,,,,,,,,,,,,,,,,,,,,,,,,,,,,,,,,"nayedien,flail_long_swing,294.8,-706.4,149,0,5,1,1,1",,,,,,,,,,,,,,,,,,,,,,,,,,,,,,,,,,,,,,,,,,,,play_time_mod_0.3,,
weak2strong/5,"nayedien,head,3.6,-504.8,5,0,10,1,1,0","nayedien,neck,17.6,-440,-16,1,13,1,1,0","nayedien,body,5.2,-310.4,-7,1,9,1,1,0","nayedien,arm_up,-74.8,-375.2,-66,0,10,1,1,0","nayedien,arm_low,-160.4,-370.8,-91,0,9,1,1,0","noble,open,-248,-384.4,-94,0,10,1,1,0","nayedien,arm_up,105.2,-388,114,0,8,1,1,0","nayedien,arm_low,184.8,-412.4,112,0,4,1,1,0","noble,punch,253.2,-408,63,0,4,1,1,0","nayedien,leg_up,-77,-162.4,-30,1,12,1,1,0","nayedien,leg_low,-103.6,-69.2,-5,1,12,1,1,0","nayedien,foot,-112.8,-7.2,-14,1,15,1,1,0","nayedien,leg_up,62,-160.4,26.7,1,10,1,1,0","nayedien,leg_low,104,-59.2,16,1,11,1,1,0","nayedien,foot,118,-3.6,17,1,16,1,1,0",,,"nayedien,cloak_below,-10.4,-164,-5,1,20,1,1,0","nayedien,cloak_wide,0,-394.8,179,0,17,1,1,0","nayedien,shoulder_inner,-49.2,-405.6,-112,0,8,1,1,0","nayedien,shoulder_strap,-10.4,-398.4,8,1,9,1,1,0","nayedien,shoulder,76,-423.2,141,0,8,1,1,0","nayedien,cloak_up_back,-122.4,-423.6,-123,0,6,1,1,0","nayedien,cloak_up,135.2,-445.2,104,1,4,1,1,0","nayedien,hair_back,-18.6,-342.4,-2,0,24,1,1,0","nayedien,hair_outer,117.8,-343.6,12,1,22,1,1,0","nayedien,hair_inner,-143.4,-325.6,-17,1,23,1,1,0",,,,,,,,,,,,,,,,,,,,,,,,,,,,,,,,,,,,,,,,,,,,,,"nayedien,flail_long_swing,425.2,-542.4,120,0,5,1,1,1",,,,,,,,,,,,,,,,,,,,,,,,,,,,,,,,,,,,,,,,,,,,play_time_mod_0.5,,
weak2strong/6,"nayedien,head,25.6,-504.8,0,0,10,1,1,0","nayedien,neck,31.6,-436,-26,1,13,1,1,0","nayedien,body,7.2,-310.4,-10,1,9,1,1,0","nayedien,arm_up,-68.8,-383.2,-84,0,10,1,1,0","nayedien,arm_low,-156.4,-404.8,-103,0,9,1,1,0","noble,open,-240,-438.4,-106,0,10,1,1,0","nayedien,arm_up,105.2,-374,87,0,8,1,1,0","nayedien,arm_low,184.8,-362.4,86,0,4,1,1,0","noble,punch,249.2,-326,55,0,4,1,1,0","nayedien,leg_up,-83,-162.4,-26,1,12,1,1,0","nayedien,leg_low,-103.6,-69.2,-5,1,12,1,1,0","nayedien,foot,-112.8,-7.2,-14,1,15,1,1,0","nayedien,leg_up,56,-166.4,28.7,1,10,1,1,0","nayedien,leg_low,110,-59.2,19,1,11,1,1,0","nayedien,foot,136,-5.6,17,1,16,1,1,0",,,"nayedien,cloak_below,-20.4,-164,-17,1,20,1,1,0","nayedien,cloak_wide,-6,-394.8,-178,0,17,1,1,0","nayedien,shoulder_inner,-53.2,-413.6,-117,0,8,1,1,0","nayedien,shoulder_strap,9.6,-402.4,-6,1,9,1,1,0","nayedien,shoulder,92,-405.2,129,0,7,1,1,0","nayedien,cloak_up_back,-136.4,-427.6,-117,0,6,1,1,0","nayedien,cloak_up,147.2,-423.2,102,1,4,1,1,0","nayedien,hair_back,-40.6,-356.4,-10,0,24,1,1,0","nayedien,hair_outer,93.8,-345.6,4,1,22,1,1,0","nayedien,hair_inner,-155.4,-351.6,-27,1,23,1,1,0",,,,,,,,,,,,,,,,,,,,,,,,,,,,,,,,,,,,,,,,,,,,,,"nayedien,flail_long_swing,467.2,-394.4,101,0,5,1,1,1",,,,,,,,,,,,,,,,,,,,,,,,,,,,,,,,,,,,,,,,,,,,play_time_mod_0.3,,
weak2strong/7,"nayedien,head,39.6,-504.8,-9,0,8,1,1,0","nayedien,neck,31.6,-436,-26,1,13,1,1,0","nayedien,body,11.2,-310.4,-13,1,9,1,1,0","nayedien,arm_up,-68.8,-387.2,-88,0,10,1,1,0","nayedien,arm_low,-156.4,-412.8,-109,0,9,1,1,0","noble,open,-230,-456.4,-121,0,10,1,1,0","nayedien,arm_up,105.2,-358,46,0,8,1,1,0","nayedien,arm_low,156.8,-290.4,39,0,4,1,1,0","noble,punch,177.6,-228,-2,0,4,1,1,0","nayedien,leg_up,-83,-168.4,-31,1,12,1,1,0","nayedien,leg_low,-107.6,-69.2,1,1,12,1,1,0","nayedien,foot,-112.8,-7.2,-14,1,15,1,1,0","nayedien,leg_up,58,-166.4,31.7,1,10,1,1,0","nayedien,leg_low,114,-59.2,21,1,11,1,1,0","nayedien,foot,136,-5.6,17,1,16,1,1,0",,,"nayedien,cloak_below,-26.4,-164,-22,1,20,1,1,0","nayedien,cloak_wide,24,-388.8,167,0,17,1,1,0","nayedien,shoulder_inner,-53.2,-413.6,-117,0,8,1,1,0","nayedien,shoulder_strap,17.6,-402.4,-9,1,9,1,1,0","nayedien,shoulder,98,-391.2,98,0,8,1,1,0","nayedien,cloak_up_back,-122.4,-437.6,-125,0,6,1,1,0","nayedien,cloak_up,149.2,-385.2,80,1,4,1,1,0","nayedien,hair_back,-50.6,-360.4,-17,0,24,1,1,0","nayedien,hair_outer,73.8,-349.6,-6,1,22,1,1,0","nayedien,hair_inner,-155.4,-381.6,-32,1,23,1,1,0",,,,,,,,,,,,,,,,,,,,,,,,,,,,,,,,,,,,,,,,,,,,,,"nayedien,flail_long_swing,389.2,-213.6,80,0,5,1,1,1",,,,,,,,,,,,,,,,,,,,,,,,,,,,,,,,,,,,,,,,,,,,play_time_mod_0.3,,
weak2strong/8,"nayedien,head,83.6,-482.8,-12,0,10,1,1,0","nayedien,neck,67.6,-422,-36,1,13,1,1,0","nayedien,body,23.2,-298.4,-20,1,9,1,1,0","nayedien,arm_up,-44.8,-401.2,-105,0,10,1,1,0","nayedien,arm_low,-116.4,-434.8,-113,0,9,1,1,0","noble,open,-184,-488.4,-137,0,10,1,1,0","nayedien,arm_up,123.2,-336,24,0,8,1,1,0","nayedien,arm_low,148.8,-244.4,16,0,4,1,1,0","noble,punch,145.6,-172,-7,0,4,1,1,0","nayedien,leg_up,-83,-174.4,-35,1,12,1,1,0","nayedien,leg_low,-119.6,-69.2,-2,1,12,1,1,0","nayedien,foot,-126.8,-7.2,-11,1,15,1,1,0","nayedien,leg_up,54,-152.4,24.7,1,10,1,1,0","nayedien,leg_low,112,-51.2,34,1,11,1,1,0","nayedien,foot,144,2.4,26,1,16,1,1,0",,,"nayedien,cloak_below,-26.4,-164,-22,1,20,1,1,0","nayedien,cloak_wide,24,-388.8,167,0,17,1,1,0","nayedien,shoulder_inner,-7.2,-409.6,-122,0,8,1,1,0","nayedien,shoulder_strap,57.6,-388.4,-15,1,9,1,1,0","nayedien,shoulder,128,-369.2,98,0,7,1,1,0","nayedien,cloak_up_back,-78.4,-441.6,-136,0,6,1,1,0","nayedien,cloak_up,181.2,-339.2,53,1,4,1,1,0","nayedien,hair_back,-36.6,-348.4,-41,0,24,1,1,0","nayedien,hair_outer,67.8,-347.6,-30,1,22,1,1,0","nayedien,hair_inner,-139.4,-395.6,-52,1,23,1,1,0",,,,,,,,,,,,,,,,,,,,,,,,,,,,,,,,,,,,,,,,,,,,,,"nayedien,flail_long_swing,353.2,-125.6,69,0,5,1,1,1",,,,,,,,,,,,,,,,,,,,,,,,,,,,,,,,,,,,,,,,,,,,play_time_mod_0.7,,"deep_thump,1000,10"
weak2strong/9,"nayedien,head,83.6,-482.8,-13,0,10,1,1,0","nayedien,neck,67.6,-422,-36,1,13,1,1,0","nayedien,body,23.2,-298.4,-20,1,9,1,1,0","nayedien,arm_up,-44.8,-399.2,-106,0,10,1,1,0","nayedien,arm_low,-120.4,-426.8,-104,0,9,1,1,0","noble,open,-190,-480.4,-148,0,10,1,1,0","nayedien,arm_up,119.2,-328,30,0,8,1,1,0","nayedien,arm_low,148.8,-228.4,14,0,4,1,1,0","noble,fist_back,141.6,-160,-13,0,3,1,1,0","nayedien,leg_up,-83,-174.4,-35,1,12,1,1,0","nayedien,leg_low,-119.6,-69.2,-2,1,12,1,1,0","nayedien,foot,-126.8,-7.2,-11,1,15,1,1,0","nayedien,leg_up,50,-148.4,19.7,1,10,1,1,0","nayedien,leg_low,108,-49.2,43,1,11,1,1,0","nayedien,foot,144,2.4,26,1,16,1,1,0",,,"nayedien,cloak_below,-16.4,-164,-17,1,20,1,1,0","nayedien,cloak_wide,36,-362.8,-26,0,17,1,1,0","nayedien,shoulder_inner,-7.2,-409.6,-122,0,8,1,1,0","nayedien,shoulder_strap,57.6,-388.4,-15,1,9,1,1,0","nayedien,shoulder,126,-357.2,78,0,8,1,1,0","nayedien,cloak_up_back,-80.4,-427.6,-118,0,6,1,1,0","nayedien,cloak_up,175.2,-305.2,37,1,4,1,1,0","nayedien,hair_back,-44.6,-356.4,-45,0,24,1,1,0","nayedien,hair_outer,59.8,-355.6,-34,1,22,1,1,0","nayedien,hair_inner,-147.4,-403.6,-56,1,23,1,1,0",,,,,,,,,,,,,,,,,,,,,,,,,,,,,,,,,,,,,,,,,,,,,,"nayedien,flail_long,343.2,-75.6,68,0,5,1,1,1",,,,,,,,,,,,,,,,,,,,,,,,,,,,,,,,,,,,"movement,spin,509.6,11.2,-90,0,13,0.6,0.6,0",,,,,,,,stoppable,,
weak2strong/10,"nayedien,head,31.6,-490.8,-2,0,10,1,1,0","nayedien,neck,23.6,-422,-38,1,13,1,1,0","nayedien,body,3.2,-298.4,-8,1,9,1,1,0","nayedien,arm_up,-62.8,-381.2,-83,0,10,1,1,0","nayedien,arm_low,-150.8,-364,-74,0,9,1,1,0","noble,open,-241.6,-360.4,-90,0,10,1,1,0","nayedien,arm_up,85.6,-334.8,31,0,8,1,1,0","nayedien,arm_low,116.8,-250.4,19,0,4,1,1,0","noble,fist_back,119.6,-170,-2,0,4,1,1,0","nayedien,leg_up,-83,-168.4,-31,1,12,1,1,0","nayedien,leg_low,-107.6,-69.2,1,1,12,1,1,0","nayedien,foot,-112.8,-7.2,-14,1,15,1,1,0","nayedien,leg_up,54,-152.4,24.7,1,10,1,1,0","nayedien,leg_low,112,-51.2,34,1,11,1,1,0","nayedien,foot,144,2.4,26,1,16,1,1,0",,,"nayedien,cloak_below,-18.4,-160,-12,1,20,1,1,0","nayedien,cloak_wide,6,-342.8,-14,0,17,1,1,0","nayedien,shoulder_inner,-51.2,-399.6,-122,0,8,1,1,0","nayedien,shoulder_strap,21.6,-384.4,3,1,9,1,1,0","nayedien,shoulder,88,-363.2,74,0,8,1,1,0","nayedien,cloak_up_back,-133.6,-384.8,-82,0,6,1,1,0","nayedien,cloak_up,131.2,-321.2,42,1,4,1,1,0","nayedien,hair_back,-76.6,-302.4,-30,0,24,1,1,0","nayedien,hair_outer,31.8,-275.6,-42,1,22,1,1,0","nayedien,hair_inner,-167.4,-361.6,-38,1,23,1,1,0",,,,,,,,,,,,,,,,,,,,,,,,,,,,,,,,,,,,,,,,,,,,,,"nayedien,flail_swing_small,343.2,-125.6,85,0,5,0.9,0.9,0",,,,,,,,,,,,,,,,,,,,,,,,,,,,,,,,,,,,"movement,spin,503.6,11.2,-90,0,13,0.8,0.8,0",,,,,,,,stoppable,,
weak2strong/11,"nayedien,head,31.6,-490.8,-2,0,10,1,1,0","nayedien,neck,23.6,-422,-38,1,13,1,1,0","nayedien,body,3.2,-298.4,-8,1,9,1,1,0","nayedien,arm_up,-68.8,-371.2,-56,0,10,1,1,0","nayedien,arm_low,-146.8,-322,-54,0,9,1,1,0","noble,open,-229.6,-284.4,-61,0,10,1,1,0","nayedien,arm_up,85.6,-334.8,31,0,8,1,1,0","nayedien,arm_low,116.8,-242.4,22,0,4,1,1,0","noble,fist,117.6,-168,-9,1,4,1,1,0","nayedien,leg_up,-83,-168.4,-31,1,12,1,1,0","nayedien,leg_low,-107.6,-69.2,1,1,12,1,1,0","nayedien,foot,-112.8,-7.2,-14,1,15,1,1,0","nayedien,leg_up,54,-152.4,24.7,1,10,1,1,0","nayedien,leg_low,108,-51.2,30,1,11,1,1,0","nayedien,foot,138,2.4,26,1,16,1,1,0",,,"nayedien,cloak_below,-16.4,-160,-8,1,20,1,1,0","nayedien,cloak_wide,6,-342.8,-14,0,17,1,1,0","nayedien,shoulder_inner,-49.2,-393.6,-110,0,8,1,1,0","nayedien,shoulder_strap,13.6,-384.4,-3,1,9,1,1,0","nayedien,shoulder,86,-365.2,80,0,8,1,1,0","nayedien,cloak_up_back,-127.6,-358.8,-64,0,6,1,1,0","nayedien,cloak_up,129.2,-307.2,30,1,4,1,1,0","nayedien,hair_back,-54.6,-302.4,-13,0,24,1,1,0","nayedien,hair_outer,49.8,-275.6,-33,1,22,1,1,0","nayedien,hair_inner,-143.4,-333.6,-23,1,23,1,1,0",,,,,,,,,,,,,,,,,,,,,,,,,,,,,,,,,,,,,,,,,,,,,,"nayedien,flail_swing_small,317.2,-63.6,67,0,5,0.9,0.9,0",,,,,,,,,,,,,,,,,,,,,,,,,,,,,,,,,,,,,,,,,,,,stoppable,,
weak2strong/12,"nayedien,head,-30.4,-482.8,1,0,8,1,1,0","nayedien,neck,-28.4,-422,-1,1,13,1,1,0","nayedien,body,-20.8,-292.4,3,1,9,1,1,0","nayedien,arm_up,-102.8,-355.2,-44,0,10,1,1,0","nayedien,arm_low,-168.8,-296,-45,0,9,1,1,0","noble,open,-240,-235.6,-40,0,10,1,1,0","nayedien,arm_up,52.4,-327.2,35,0,8,1,1,0","nayedien,arm_low,88.8,-242.4,15,0,4,1,1,0","noble,fist,87.6,-168,1,1,4,1,1,0","nayedien,leg_up,-83,-162.4,-42,1,12,1,1,0","nayedien,leg_low,-107.6,-69.2,11,1,12,1,1,0","nayedien,foot,-112.8,-7.2,-14,1,15,1,1,0","nayedien,leg_up,44,-154.4,26.7,1,10,1,1,0","nayedien,leg_low,96,-59.2,28,1,11,1,1,0","nayedien,foot,126,0.4,20,1,16,1,1,0",,,"nayedien,cloak_below,-16.4,-152,-2,1,20,1,1,0","nayedien,cloak_wide,0,-320.8,-6,0,17,1,1,0","nayedien,shoulder_inner,-97.2,-377.6,-101,0,8,1,1,0","nayedien,shoulder_strap,-32.4,-376.4,3,1,9,1,1,0","nayedien,shoulder,34,-365.2,88,0,7,1,1,0","nayedien,cloak_up_back,-163.6,-332.8,-55,0,6,1,1,0","nayedien,cloak_up,81.2,-307.2,27,1,4,1,1,0","nayedien,hair_back,-74.6,-292.4,-10,0,27,1,1,0","nayedien,hair_outer,25.8,-235.6,-27,1,22,1,1,0","nayedien,hair_inner,-175.4,-307.6,-12,1,23,1,1,0",,,,,,,,,,,,,,,,,,,,,,,,,,,,,,,,,,,,,,,,,,,,,,"nayedien,flail_swing_small,267.2,-69.6,66,0,5,0.9,0.9,0",,,,,,,,,,,,,,,,,,,,,,,,,,,,,,,,,,,,,,,,,,,,stoppable,,
weak2strong/13,"nayedien,head,-38.4,-482.8,4,0,8,1,1,0","nayedien,neck,-28.4,-422,-1,1,13,1,1,0","nayedien,body,-20.8,-292.4,3,1,9,1,1,0","nayedien,arm_up,-102.8,-343.2,-41,0,10,1,1,0","nayedien,arm_low,-166.8,-278,-40,0,9,1,1,0","noble,open,-232,-215.6,-38,0,10,1,1,0","nayedien,arm_up,52.4,-327.2,35,0,8,1,1,0","nayedien,arm_low,46.8,-242.4,-37,0,4,1,1,0","noble,fist,-9.6,-207.2,-61,1,4,1,1,0","nayedien,leg_up,-83,-162.4,-42,1,12,1,1,0","nayedien,leg_low,-107.6,-69.2,11,1,12,1,1,0","nayedien,foot,-112.8,-7.2,-14,1,15,1,1,0","nayedien,leg_up,46,-154.4,26.7,1,10,1,1,0","nayedien,leg_low,100,-59.2,33,1,11,1,1,0","nayedien,foot,132,-9.6,23,1,16,1,1,0",,,"nayedien,cloak_below,-14.4,-154,-6,1,20,1,1,0","nayedien,cloak_wide,0,-320.8,-6,0,17,1,1,0","nayedien,shoulder_inner,-101.2,-373.6,-102,0,8,1,1,0","nayedien,shoulder_strap,-24.4,-374.4,3,1,9,1,1,0","nayedien,shoulder,34,-365.2,88,0,7,1,1,0","nayedien,cloak_up_back,-157.6,-330.8,-52,0,6,1,1,0","nayedien,cloak_up,73.2,-311.2,27,1,4,1,1,0","nayedien,hair_back,-88.6,-296.4,-2,0,24,1,1,0","nayedien,hair_outer,29.8,-261.6,-19,1,22,1,1,0","nayedien,hair_inner,-175.4,-307.6,-10,1,23,1,1,0",,,,,,,,,,,,,,,,,,,,,,,,,,,,,,,,,,,,,,,,,,,,,,"nayedien,flail_idle,28.8,-136.8,52,0,5,0.9,0.9,0",,,,,,,,,,,,,,,,,,,,,,,,,,,,,,,,,,,,,,,,,,,,,,
weak3End/0,"nayedien,head,2.2,-472,3,0,9,1,1,0","nayedien,neck,-4,-408,15,0,10,1,1,0","nayedien,body,-8.8,-280.4,-3,0,9,1,1,0",,"nayedien,arm_low,-116.4,-247.6,-13,0,9,1,1,0","noble,open,-142.8,-182,-13,0,8,1,1,0","nayedien,arm_up,90.4,-324.4,75,0,16,1,1,0","nayedien,arm_low,152.4,-273.6,36,1,7,0.9,0.9,0","noble,fist,200.4,-238.8,60,1,7,1,1,0","nayedien,leg_up,-62,-160.4,-19,0,11,1,1,0","nayedien,leg_low,-98.8,-59.6,-20,0,11,1,1,0","nayedien,foot,-124.8,-2.4,-35,0,14,1,1,0","nayedien,leg_up,41.6,-166.4,32,0,15,1,1,0","nayedien,leg_low,78.4,-70,13,0,14,1,1,0","nayedien,foot,93.2,-6.8,12,0,16,1,1,0",,,"nayedien,cloak_below,-20,-144.4,-9,0,20,1,1,0","nayedien,cloak_wide,22.4,-317.2,15,0,17,1,1,0","nayedien,shoulder,-61.6,-345.2,1,0,8,1,1,0","nayedien,shoulder_strap,-1.6,-376.2,-2,0,9,1,1,0","nayedien,shoulder_inner,74.4,-362,98,1,8,1,1,0","nayedien,cloak_up,-98.8,-299.8,-22,0,6,1,1,0","nayedien,cloak_up_back,135.2,-315.6,56,1,6,1,1,0","nayedien,hair_back,-36.6,-282.8,3,0,24,1,1,0","nayedien,hair_outer,-117.4,-270,7,0,23,1,1,0","nayedien,hair_inner,79,-267.6,-10,0,23,1,1,0",,,,,,,,,,,,,,,,,,,,,,,,,,,,,,,,,,,,,,,,,,,,,,,"nayedien,sword,158,-140.4,-30,1,9,0.9,0.9,0",,,,,,,,,,,,,,,,,,,,,,,,,,,,,,,,,,,,,,,,,,,,,"weapon_summon2,1000,1"
weak3End/1,"nayedien,head,-1.8,-490,3,0,9,1,1,0","nayedien,neck,-6,-426,15,0,10,1,1,0","nayedien,body,-2.8,-292.4,-1,0,9,1,1,0",,"nayedien,arm_low,-116.4,-259.6,-13,0,9,1,1,0","noble,open,-142.8,-194,-13,0,8,1,1,0","nayedien,arm_up,90.4,-338.4,75,0,16,1,1,0","nayedien,arm_low,152.4,-297.6,43,1,7,0.9,0.9,0","noble,open,216.4,-260.8,64,1,7,1,1,0","nayedien,leg_up,-56,-158.4,-13,0,11,1,1,0","nayedien,leg_low,-84.8,-59.6,-18,0,11,1,1,0","nayedien,foot,-104.8,-0.4,-13,0,14,1,1,0","nayedien,leg_up,45.6,-170.4,28,0,15,1,1,0","nayedien,leg_low,84.4,-68,14,0,14,1,1,0","nayedien,foot,97.2,-4.8,12,0,16,1,1,0",,,"nayedien,cloak_below,-16,-146.4,-9,0,20,1,1,0","nayedien,cloak_wide,22.4,-319.2,14,0,17,1,1,0","nayedien,shoulder,-59.6,-359.2,1,0,8,1,1,0","nayedien,shoulder_strap,0.4,-390.2,-2,0,9,1,1,0","nayedien,shoulder_inner,76.4,-376,98,1,8,1,1,0","nayedien,cloak_up,-96.8,-313.8,-22,0,6,1,1,0","nayedien,cloak_up_back,143.2,-335.6,61,1,6,1,1,0","nayedien,hair_back,-38.6,-300.8,3,0,24,1,1,0","nayedien,hair_outer,-119.4,-288,7,0,23,1,1,0","nayedien,hair_inner,77,-285.6,-10,0,23,1,1,0",,,,,,,,,,,,,,,,,,,,,,,,,,,,,,,,,,,,,,,,,,,,,,,"nayedien,sword_arrive_1,218.2,-126.4,1,1,9,0.9,0.9,0",,,,,,,,,,,,,,,,,,,,,,,,,,,,,,,,,,,,,,,,,,,,,
weak3End/2,"nayedien,head,16.2,-494,-1,0,9,1,1,0","nayedien,neck,12,-430,11,0,10,1,1,0","nayedien,body,5.2,-302.4,-3,0,9,1,1,0",,"nayedien,arm_low,-112.4,-269.6,-28,1,9,1,1,0","noble,open,-128.8,-196,-13,0,8,1,1,0","nayedien,arm_up,90.4,-344.4,57,0,16,1,1,0","nayedien,arm_low,140.4,-289.6,27,1,7,0.9,0.9,0","noble,open,186.2,-228.8,25,1,7,1,1,0","nayedien,leg_up,-52,-162.4,-13,0,11,1,1,0","nayedien,leg_low,-76.8,-67.6,-13,0,11,1,1,0","nayedien,foot,-86.8,-6.4,-5,0,14,1,1,0","nayedien,leg_up,57.6,-172.4,26,0,15,1,1,0","nayedien,leg_low,86.4,-68,6,0,14,1,1,0","nayedien,foot,97.2,-4.8,12,0,16,1,1,0",,,"nayedien,cloak_below,-8,-156.4,-9,0,20,1,1,0","nayedien,cloak_wide,36.4,-327.2,12,0,17,1,1,0","nayedien,shoulder,-45.6,-367.2,-1,0,8,1,1,0","nayedien,shoulder_strap,14.4,-398.2,-4,0,9,1,1,0","nayedien,shoulder_inner,80.4,-378,87,1,8,1,1,0","nayedien,cloak_up,-82.8,-321.8,-24,0,6,1,1,0","nayedien,cloak_up_back,125.2,-321.6,41,1,6,1,1,0","nayedien,hair_back,-36.6,-304.8,-4,0,24,1,1,0","nayedien,hair_outer,-121.4,-302,0,0,23,1,1,0","nayedien,hair_inner,79,-289.6,-14,0,23,1,1,0",,,,,,,,,,,,,,,,,,,,,,,,,,,,,,,,,,,,,,,,,,,,,,,"nayedien,sword_arrive_2,218.2,-94.4,0,1,9,0.9,0.9,0",,,,,,,,,,,,,,,,,,,,,,,,,,,,,,,,,,,,,,,,,,,,,
weak3End/3,"nayedien,head,16.2,-500,1,0,9,1,1,0","nayedien,neck,12,-430,11,0,10,1,1,0","nayedien,body,3.2,-306.4,-2,0,9,1,1,0",,"nayedien,arm_low,-102.4,-263.6,-25,1,9,1,1,0","noble,open,-114.8,-192,-11,0,8,1,1,0","nayedien,arm_up,84.4,-348.4,51,0,16,1,1,0","nayedien,arm_low,122.4,-285.6,18,1,7,0.9,0.9,0","noble,open,158.2,-220.8,25,1,7,1,1,0","nayedien,leg_up,-50,-168.4,-13,0,11,1,1,0","nayedien,leg_low,-68.8,-67.6,-10,0,11,1,1,0","nayedien,foot,-76.8,-8.4,-1,0,14,1,1,0","nayedien,leg_up,57.6,-178.4,23,0,15,1,1,0","nayedien,leg_low,88.4,-72,9,0,14,1,1,0","nayedien,foot,97.2,-8.8,8,0,16,1,1,0",,,"nayedien,cloak_below,-4,-170.4,-6,0,20,1,1,0","nayedien,cloak_wide,36.4,-327.2,12,0,17,1,1,0","nayedien,shoulder,-41.6,-373.2,3,0,8,1,1,0","nayedien,shoulder_strap,14.4,-398.2,-4,0,9,1,1,0","nayedien,shoulder_inner,80.4,-378,87,1,8,1,1,0","nayedien,cloak_up,-78.8,-323.8,-18,0,6,1,1,0","nayedien,cloak_up_back,117.2,-321.6,36,1,6,1,1,0","nayedien,hair_back,-38.6,-312.8,-3,0,24,1,1,0","nayedien,hair_outer,-127.4,-306,-3,0,23,1,1,0","nayedien,hair_inner,79,-303.6,-13,0,23,1,1,0",,,,,,,,,,,,,,,,,,,,,,,,,,,,,,,,,,,,,,,,,,,,,,,"nayedien,sword_arrive_3,218.2,-78.4,0,1,9,0.9,0.9,0",,,,,,,,,,,,,,,,,,,,,,,,,,,,,,,,,,,,,,,,,,,,,
weak3strong/0,"nayedien,head,10.2,-482,1,0,9,1,1,0","nayedien,neck,8,-418,15,0,10,1,1,0","nayedien,body,3.2,-290.4,-3,0,9,1,1,0",,"nayedien,arm_low,-104.4,-257.6,-13,0,9,1,1,0","noble,open,-134.8,-198,-13,0,8,1,1,0","nayedien,arm_up,88,-333.6,48,0,16,1,1,0","nayedien,arm_low,121.2,-256,6,1,15,1,1,0","noble,fist,150,-190.8,36,1,7,1,1,0","nayedien,leg_up,-50,-160.4,-16,0,11,1,1,0","nayedien,leg_low,-76.8,-59.6,-13,0,11,1,1,0","nayedien,foot,-90.8,1.6,-18,0,14,1,1,0","nayedien,leg_up,51.6,-166.4,26,0,15,1,1,0","nayedien,leg_low,76.4,-70,4,0,14,1,1,0","nayedien,foot,83.2,-0.8,9,0,16,1,1,0",,,"nayedien,cloak_below,-8,-154.4,-9,0,20,1,1,0","nayedien,cloak_wide,26.4,-315.2,6,0,17,1,1,0","nayedien,shoulder,-49.6,-355.2,1,0,8,1,1,0","nayedien,shoulder_strap,22.4,-382.2,1,0,9,1,1,0","nayedien,shoulder_inner,74.4,-366,89,1,8,1,1,0","nayedien,cloak_up,-86.8,-309.8,-22,0,6,1,1,0","nayedien,cloak_up_back,115.2,-307.6,34,1,6,1,1,0","nayedien,hair_back,-6.6,-274.8,4,0,24,1,1,0","nayedien,hair_outer,-117.4,-274,8,0,23,1,1,0","nayedien,hair_inner,93,-281.6,1,0,23,1,1,0",,,,,,,,,,,,,,,,,,,,,,,,,,,,,,,,,,,,,,,,,,,,,,,"nayedien,sword,76.8,-107.2,-41,0,10,1,1,0",,,,,,,,,,,,,,,,,,,,,,,,,,,,,,,,,,,,,,,,,,,play_time_mod_0.5,,
weak3strong/1,"nayedien,head,10.2,-482,-4,0,9,1,1,0","nayedien,neck,8,-418,15,0,10,1,1,0","nayedien,body,3.2,-290.4,-3,0,9,1,1,0",,"nayedien,arm_low,-108.4,-257.6,-17,0,9,1,1,0","noble,open,-140.8,-198,-24,0,8,1,1,0","nayedien,arm_up,88,-305.6,49,0,16,1,1,0","nayedien,arm_low,73.2,-238,-35,0,7,1,1,0","noble,fist,34.4,-192.8,-35,1,3,1,1,0","nayedien,leg_up,-50,-160.4,-16,0,11,1,1,0","nayedien,leg_low,-76.8,-59.6,-13,0,11,1,1,0","nayedien,foot,-90.8,1.6,-18,0,14,1,1,0","nayedien,leg_up,51.6,-166.4,26,0,15,1,1,0","nayedien,leg_low,76.4,-70,4,0,14,1,1,0","nayedien,foot,83.2,-0.8,9,0,16,1,1,0",,,"nayedien,cloak_below,-10,-154.4,-12,0,20,1,1,0","nayedien,cloak_wide,14.4,-315.2,3,0,17,1,1,0","nayedien,shoulder,-49.6,-355.2,1,0,8,1,1,0","nayedien,shoulder_strap,22.4,-382.2,1,0,9,1,1,0","nayedien,shoulder_inner,74.4,-372,87,1,8,1,1,0","nayedien,cloak_up,-86.8,-309.8,-22,0,6,1,1,0","nayedien,cloak_up_back,107.2,-309.6,24,1,6,1,1,0","nayedien,hair_back,-50.6,-276.8,-2,0,24,1,1,0","nayedien,hair_outer,-133.4,-282,4,0,23,1,1,0","nayedien,hair_inner,75,-265.6,-9,0,23,1,1,0",,,,,,,,,,,,,,,,,,,,,,,,,,,,,,,,,,,,,,,,,,,,,,,"nayedien,sword,-59.6,-252.8,-128,0,5,1,1,0",,,,,,,,,,,,,,,,,,,,,,,,,,,,,,,,,,,,,,,,,,,play_time_mod_0.5,,
weak3strong/2,"nayedien,head,16.2,-482,-8,0,9,1,1,0","nayedien,neck,8,-418,15,0,10,1,1,0","nayedien,body,3.2,-290.4,-3,0,9,1,1,0",,"nayedien,arm_low,-114.4,-257.6,-21,0,9,1,1,0","noble,open,-154.8,-198,-30,0,8,1,1,0","nayedien,arm_up,98,-309.6,49,0,16,1,1,0","nayedien,arm_low,79.2,-270,-57,0,7,1,1,0","noble,fist,20.4,-262.8,-88,1,6,1,1,0","nayedien,leg_up,-50,-160.4,-16,0,11,1,1,0","nayedien,leg_low,-76.8,-59.6,-13,0,11,1,1,0","nayedien,foot,-90.8,1.6,-18,0,14,1,1,0","nayedien,leg_up,51.6,-166.4,26,0,15,1,1,0","nayedien,leg_low,76.4,-70,4,0,14,1,1,0","nayedien,foot,83.2,-0.8,9,0,16,1,1,0",,,"nayedien,cloak_below,-10,-144.4,-8,0,20,1,1,0","nayedien,cloak_wide,14.4,-315.2,3,0,17,1,1,0","nayedien,shoulder,-49.6,-355.2,1,0,8,1,1,0","nayedien,shoulder_strap,22.4,-382.2,1,0,9,1,1,0","nayedien,shoulder_inner,74.4,-364,84,1,8,1,1,0","nayedien,cloak_up,-90.8,-311.8,-26,0,6,1,1,0","nayedien,cloak_up_back,105.2,-297.6,17,1,6,1,1,0","nayedien,hair_back,-62.6,-284.8,-7,0,24,1,1,0","nayedien,hair_outer,-143.4,-296,-2,0,23,1,1,0","nayedien,hair_inner,59,-281.6,-13,0,23,1,1,0",,,,,,,,,,,,,,,,,,,,,,,,,,,,,,,,,,,,,,,,,,,,,,,"nayedien,sword,0.4,-368.8,-172,0,8,1,1,0",,,,,,,,,,,,,,,,,,,,,,,,,,,,,,,,,,,,,,,,,,,play_time_mod_2,,
weak3strong/3,"nayedien,head,64.6,-442.4,-8,0,9,1,1,0","nayedien,neck,50.8,-375.6,-5,0,10,1,1,0","nayedien,body,23.2,-250.4,-12,0,9,1,1,0",,"nayedien,arm_low,-104.4,-223.6,-20,0,9,1,1,0","noble,open,-133.6,-156.8,-12,0,8,1,1,0","nayedien,arm_up,110,-281.6,52,0,16,1,1,0","nayedien,arm_low,124.4,-209.2,-13,0,7,1,1,0","noble,fist,92.4,-157.6,-32,1,3,1,1,0","nayedien,leg_up,-46,-134.4,-15,0,11,1,1,0","nayedien,leg_low,-94.8,-33.6,-38,0,11,1,1,0","nayedien,foot,-138.8,7.6,-66,0,14,1,1,0","nayedien,leg_up,33.6,-156.4,-132,0,15,1,1,0","nayedien,leg_low,82.4,-56,11,0,14,1,1,0","nayedien,foot,95.2,7.2,9,0,16,1,1,0",,,"nayedien,cloak_below,-16,-108.4,-14,0,20,1,1,0","nayedien,cloak_wide,48.4,-283.2,3,0,17,1,1,0","nayedien,shoulder,-7.6,-321.2,-9,0,8,1,1,0","nayedien,shoulder_strap,50.4,-340.2,-18,0,9,1,1,0","nayedien,shoulder_inner,110.4,-324,95,1,8,1,1,0","nayedien,cloak_up,-60.8,-291.8,-46,0,6,1,1,0","nayedien,cloak_up_back,159.2,-262,34,1,6,1,1,0","nayedien,hair_back,-24.2,-257.2,-6,0,24,1,1,0","nayedien,hair_outer,-97,-274.4,-7,0,23,1,1,0","nayedien,hair_inner,97.4,-240,-20,0,23,1,1,0",,,,,,,,,,,,,,,,,,,,,,,,,,,,,,,,,,,,,,,,,,,,,,,"nayedien,sword_swing,14,-225.6,-127,1,5,1,1,0",,,,,,,,,,,,,,,,,,,,,,,,,,,,,,,,,,,,,,,,,,,play_time_mod_0.2,,
weak3strong/4,"nayedien,head,86.2,-468,-5,0,9,1,1,0","nayedien,neck,78,-398,-1,0,10,1,1,0","nayedien,body,49.2,-272.4,-12,0,9,1,1,0",,"nayedien,arm_low,-78.4,-253.6,-20,0,9,1,1,0","noble,open,-107.6,-186.8,-12,0,8,1,1,0","nayedien,arm_up,136.4,-312.4,56,0,16,1,1,0","nayedien,arm_low,184.4,-243.6,19,1,7,1,1,0","noble,fist,214,-189.2,24,1,3,1,1,0","nayedien,leg_up,-36,-146.4,-33,0,11,1,1,0","nayedien,leg_low,-96.8,-45.6,-23,0,11,1,1,0","nayedien,foot,-120.8,3.6,-43,0,14,1,1,0","nayedien,leg_up,59.6,-156.4,-164,0,15,1,1,0","nayedien,leg_low,84.4,-56,11,0,14,1,1,0","nayedien,foot,95.2,7.2,9,0,16,1,1,0",,,"nayedien,cloak_below,0,-128.4,-25,0,20,1,1,0","nayedien,cloak_wide,78.4,-307.2,3,0,17,1,1,0","nayedien,shoulder,22.4,-345.2,-9,0,8,1,1,0","nayedien,shoulder_strap,78.4,-360.2,-12,0,9,1,1,0","nayedien,shoulder_inner,140.4,-348,95,1,8,1,1,0","nayedien,cloak_up,-30.8,-315.8,-46,0,6,1,1,0","nayedien,cloak_up_back,195.2,-290,39,1,6,1,1,0","nayedien,hair_back,45.4,-280.8,1,0,24,1,1,0","nayedien,hair_outer,-29.4,-256,14,0,23,1,1,0","nayedien,hair_inner,143,-261.6,-12,0,23,1,1,0",,,,,,,,,,,,,,,,,,,,,,,,,,,,,,,,,,,,,,,,,,,,,,,"nayedien,sword_swing,110,-150,-65,1,5,1,1,1",,,,,,,,,,,,,,,,,,,,,,,,,,,,,,,,,,,,,,,,,,,play_time_mod_0.6,,"swing_flat_small,1000,1"
weak3strong/5,"nayedien,head,30.2,-464,4,0,9,1,1,0","nayedien,neck,26,-406,6,0,10,1,1,0","nayedien,body,17.2,-272.4,-2,0,9,1,1,0",,"nayedien,arm_low,-100.4,-247.6,-20,0,9,1,1,0","noble,open,-130.8,-184,-12,0,8,1,1,0","nayedien,arm_up,108.4,-320.4,94,0,16,1,1,0","nayedien,arm_low,201.6,-310,80,1,7,1,1,0","noble,fist,253.6,-307.2,114,1,7,1,1,0","nayedien,leg_up,-50,-146.4,-33,0,11,1,1,0","nayedien,leg_low,-116.8,-45.6,-30,0,11,1,1,0","nayedien,foot,-148.8,3.6,-43,0,14,1,1,0","nayedien,leg_up,55.6,-156.4,19,0,15,1,1,0","nayedien,leg_low,86.4,-56,14,0,14,1,1,0","nayedien,foot,99.2,7.2,9,0,16,1,1,0",,,"nayedien,cloak_below,-16,-148.4,-33,0,20,0.8,0.8,0","nayedien,cloak_wide,50.4,-307.2,3,0,17,1,1,0","nayedien,shoulder,-5.6,-345.2,-9,0,8,1,1,0","nayedien,shoulder_strap,40.4,-362.2,-3,0,9,1,1,0","nayedien,shoulder_inner,100.4,-350,95,1,8,1,1,0","nayedien,cloak_up,-58.8,-315.8,-46,0,6,1,1,0","nayedien,cloak_up_back,187.2,-339.6,97,1,6,1,1,0","nayedien,hair_back,25.4,-276.8,11,0,24,1,1,0","nayedien,hair_outer,-49.4,-252,24,0,23,1,1,0","nayedien,hair_inner,133,-273.6,6,0,23,1,1,0",,,,,,,,,,,,,,,,,,,,,,,,,,,,,,,,,,,,,,,,,,,,,,,"nayedien,sword_swing,324,-201.6,41,1,9,1.1,1.1,1",,,,,,,,,,,,,,,,,,,,,,,,,,,,,,,,,,,,,,,,,,,play_time_mod_0.2,,
weak3strong/6,"nayedien,head,-11.8,-464,10,0,9,1,1,0","nayedien,neck,-4,-402,18,0,10,1,1,0","nayedien,body,-2.8,-272.4,2,0,9,1,1,0",,"nayedien,arm_low,-104.4,-233.6,-8,0,9,1,1,0","noble,open,-124.8,-170,-12,0,8,1,1,0","nayedien,arm_up,92.4,-348.4,108,0,16,1,1,0","nayedien,arm_low,188.4,-369.6,99,1,7,1,1,0","noble,fist,248.4,-390,114,1,7,1,1,0","nayedien,leg_up,-66,-146.4,-33,0,11,1,1,0","nayedien,leg_low,-132.8,-45.6,-30,0,11,1,1,0","nayedien,foot,-164.8,3.6,-43,0,14,1,1,0","nayedien,leg_up,49.6,-156.4,32,0,15,1,1,0","nayedien,leg_low,88.4,-56,9,0,14,1,1,0","nayedien,foot,97.2,7.2,9,0,16,1,1,0",,,"nayedien,cloak_below,-28,-160.4,-33,0,20,0.8,0.8,0","nayedien,cloak_wide,36.4,-329.2,20,0,17,1,1,0","nayedien,shoulder,-49.6,-343.2,1,0,8,1,1,0","nayedien,shoulder_strap,4.4,-362.2,1,0,9,1,1,0","nayedien,shoulder_inner,80.4,-370,124,1,8,1,1,0","nayedien,cloak_up,-94.8,-309.8,-39,0,6,1,1,0","nayedien,cloak_up_back,157.2,-385.6,115,1,6,1,1,0","nayedien,hair_back,21.4,-270.8,27,0,24,1,1,0","nayedien,hair_outer,-49.4,-248,36,0,23,1,1,0","nayedien,hair_inner,133,-291.6,26,0,23,1,1,0",,,,,,,,,,,,,,,,,,,,,,,,,,,,,,,,,,,,,,,,,,,,,,,"nayedien,sword_swing,332.8,-303.6,53,1,9,1.1,1.1,1",,,,,,,,,,,,,,,,,,,,,,,,,,,,,,,,,,,,,,,,,,,play_time_mod_0.2,,
weak3strong/7,"nayedien,head,-21.8,-464,17,0,9,1,1,0","nayedien,neck,-12,-398,20,0,10,1,1,0","nayedien,body,-4.8,-272.4,5,0,9,1,1,0",,"nayedien,arm_low,-88.4,-233.6,5,0,9,1,1,0","noble,open,-98.8,-170,1,0,8,1,1,0","nayedien,arm_up,96.4,-358.4,123,0,16,1,1,0","nayedien,arm_low,172.4,-397.6,116,1,7,0.9,0.9,0","noble,fist,214.4,-426,149,1,7,0.9,0.9,0","nayedien,leg_up,-62,-146.4,-31,0,11,1,1,0","nayedien,leg_low,-124.8,-45.6,-33,0,11,1,1,0","nayedien,foot,-160.8,3.6,-43,0,14,1,1,0","nayedien,leg_up,59.6,-156.4,35,0,15,1,1,0","nayedien,leg_low,114.4,-56,20,0,14,1,1,0","nayedien,foot,135.2,7.2,12,0,16,1,1,0",,,"nayedien,cloak_below,-14,-146.4,-23,0,20,0.9,0.9,0","nayedien,cloak_wide,40.4,-339.2,30,0,17,1,1,0","nayedien,shoulder,-57.6,-341.2,-12,0,8,1,1,0","nayedien,shoulder_strap,6.4,-362.2,10,0,9,1,1,0","nayedien,shoulder_inner,66.4,-384,141,1,8,1,1,0","nayedien,cloak_up,-106.8,-321.8,-51,0,6,1,1,0","nayedien,cloak_up_back,131.2,-425.6,136,1,6,1,1,0","nayedien,hair_back,27.4,-280.8,32,0,24,1,1,0","nayedien,hair_outer,-37.4,-258,41,0,23,1,1,0","nayedien,hair_inner,145,-311.6,33,0,23,1,1,0",,,,,,,,,,,,,,,,,,,,,,,,,,,,,,,,,,,,,,,,,,,,,,,"nayedien,sword_swing,310.8,-428.4,98,1,9,0.9,0.9,1",,,,,,,,,,,,,,,,,,,,,,,,,,,,,,,,,,,,,,,,,,,,,
weak3strong/8,"nayedien,head,-31.8,-458,17,0,9,1,1,0","nayedien,neck,-24,-400,21,0,10,1,1,0","nayedien,body,-8.8,-272.4,7,0,9,1,1,0",,"nayedien,arm_low,-96.4,-235.6,17,0,9,1,1,0","noble,open,-94.8,-168,5,0,8,1,1,0","nayedien,arm_up,74.4,-370.4,129,0,16,1,1,0","nayedien,arm_low,156.4,-411.6,109,1,7,0.9,0.9,0","noble,fist,196.4,-452,163,1,7,0.9,0.9,0","nayedien,leg_up,-62,-146.4,-31,0,11,1,1,0","nayedien,leg_low,-124.8,-45.6,-33,0,11,1,1,0","nayedien,foot,-160.8,3.6,-43,0,14,1,1,0","nayedien,leg_up,59.6,-156.4,35,0,15,1,1,0","nayedien,leg_low,114.4,-56,20,0,14,1,1,0","nayedien,foot,135.2,7.2,12,0,16,1,1,0",,,"nayedien,cloak_below,-10,-130.4,-7,0,20,1,1,0","nayedien,cloak_wide,-5.6,-355.2,-134,0,17,1,1,0","nayedien,shoulder,-65.6,-345.2,-16,0,8,1,1,0","nayedien,shoulder_strap,6.4,-368.2,16,0,9,1,1,0","nayedien,shoulder_inner,58.4,-394,160,1,8,1,1,0","nayedien,cloak_up,-114.8,-329.8,-59,0,6,1,1,0","nayedien,cloak_up_back,111.2,-461.6,158,1,6,1,1,0","nayedien,hair_back,33.4,-286.8,38,0,24,1,1,0","nayedien,hair_outer,-31.4,-246,47,0,23,1,1,0","nayedien,hair_inner,137,-325.6,40,0,23,1,1,0",,,,,,,,,,,,,,,,,,,,,,,,,,,,,,,,,,,,,,,,,,,,,,,"nayedien,sword,276.8,-506.4,124,1,9,0.8,0.8,1",,,,,,,,,,,,,,,,,,,,,,,,,,,,,,,,,,,,,,,,,,,stoppable,,
weak3strong/9,"nayedien,head,-41.8,-458,22,0,9,1,1,0","nayedien,neck,-28,-400,24,0,10,1,1,0","nayedien,body,-10.8,-272.4,8,0,9,1,1,0",,"nayedien,arm_low,-100.4,-235.6,-3,0,9,1,1,0","noble,open,-112.8,-172,-6,0,8,1,1,0","nayedien,arm_up,76.4,-376.4,136,0,16,1,1,0","nayedien,arm_low,140.4,-419.6,112,1,7,0.9,0.9,0","noble,fist,180.4,-464,164,1,7,0.9,0.9,0","nayedien,leg_up,-58,-146.4,-31,0,11,1,1,0","nayedien,leg_low,-120.8,-45.6,-33,0,11,1,1,0","nayedien,foot,-156.8,3.6,-43,0,14,1,1,0","nayedien,leg_up,63.6,-156.4,40,0,15,1,1,0","nayedien,leg_low,116.4,-56,14,0,14,1,1,0","nayedien,foot,133.2,7.2,12,0,16,1,1,0",,,"nayedien,cloak_below,22,-130.4,20,0,20,1,1,0","nayedien,cloak_wide,-16,-364.8,43,0,17,1,1,0","nayedien,shoulder,-75.6,-341.2,-18,0,8,1,1,0","nayedien,shoulder_strap,10.4,-368.2,16,0,9,1,1,0","nayedien,shoulder_inner,40.4,-398,171,1,8,1,1,0","nayedien,cloak_up,-124.8,-333.8,-67,0,6,1,1,0","nayedien,cloak_up_back,79.2,-471.6,168,1,6,1,1,0","nayedien,hair_back,21.4,-278.8,50,0,24,1,1,0","nayedien,hair_outer,-21.4,-246,51,0,23,1,1,0","nayedien,hair_inner,131,-347.6,46,0,23,1,1,0",,,,,,,,,,,,,,,,,,,,,,,,,,,,,,,,,,,,,,,,,,,,,,,"nayedien,sword,262.8,-526.4,131,1,9,0.8,0.8,1",,,,,,,,,,,,,,,,,,,,,,,,,,,,,,,,,,,,,,,,,,,stoppable,,
weak3strong/10,"nayedien,head,-51.8,-458,23,0,9,1,1,0","nayedien,neck,-28,-400,24,0,10,1,1,0","nayedien,body,-14.8,-272.4,11,0,9,1,1,0",,"nayedien,arm_low,-108.4,-235.6,-9,0,9,1,1,0","noble,open,-134.8,-172,-20,0,8,1,1,0","nayedien,arm_up,76.4,-376.4,135,0,16,1,1,0","nayedien,arm_low,130.4,-421.6,119,1,7,0.9,0.9,0","noble,fist,166.4,-470,166,1,7,0.9,0.9,0","nayedien,leg_up,-58,-146.4,-31,0,11,1,1,0","nayedien,leg_low,-120.8,-45.6,-33,0,11,1,1,0","nayedien,foot,-156.8,3.6,-43,0,14,1,1,0","nayedien,leg_up,63.6,-156.4,40,0,15,1,1,0","nayedien,leg_low,116.4,-56,14,0,14,1,1,0","nayedien,foot,133.2,7.2,12,0,16,1,1,0",,,"nayedien,cloak_below,22,-134.4,27,0,20,1,1,0","nayedien,cloak_wide,-28,-372.8,35,0,17,1,1,0","nayedien,shoulder,-73.6,-341.2,-10,0,8,1,1,0","nayedien,shoulder_strap,-1.6,-370.2,27,0,9,1,1,0","nayedien,shoulder_inner,38.4,-402,173,1,8,1,1,0","nayedien,cloak_up,-130.8,-327.8,-64,0,6,1,1,0","nayedien,cloak_up_back,61.2,-477.6,-167,1,6,1,1,0","nayedien,hair_back,31.4,-278.8,46,0,24,1,1,0","nayedien,hair_outer,-45.4,-222,46,0,23,1,1,0","nayedien,hair_inner,141,-357.6,50,0,23,1,1,0",,,,,,,,,,,,,,,,,,,,,,,,,,,,,,,,,,,,,,,,,,,,,,,"nayedien,sword,242.8,-534.4,133,1,9,0.8,0.8,1",,,,,,,,,,,,,,,,,,,,,,,,,,,,,,,,,,,,,,,,,,,"play_time_mod_0.5,stoppable",,
weak3strong/11,"nayedien,head,-37.8,-458,11,0,9,1,1,0","nayedien,neck,-22,-400,24,0,10,1,1,0","nayedien,body,-10.8,-268.4,5,0,9,1,1,0",,"nayedien,arm_low,-104.4,-235.6,-9,0,9,1,1,0","noble,open,-130.8,-172,-20,0,8,1,1,0","nayedien,arm_up,76.4,-376.4,125,0,16,1,1,0","nayedien,arm_low,134.4,-403.6,106,1,7,0.9,0.9,0","noble,fist,176.4,-438,152,1,7,0.9,0.9,0","nayedien,leg_up,-58,-146.4,-31,0,11,1,1,0","nayedien,leg_low,-120.8,-45.6,-33,0,11,1,1,0","nayedien,foot,-156.8,3.6,-43,0,14,1,1,0","nayedien,leg_up,63.6,-152.4,43,0,15,1,1,0","nayedien,leg_low,114.4,-56,11,0,14,1,1,0","nayedien,foot,129.2,7.2,12,0,16,1,1,0",,,"nayedien,cloak_below,14,-128.4,21,0,20,1,1,0","nayedien,cloak_wide,-18,-368.8,35,0,17,1,1,0","nayedien,shoulder,-59.6,-335.2,-9,0,8,1,1,0","nayedien,shoulder_strap,8.4,-366.2,27,0,9,1,1,0","nayedien,shoulder_inner,48.4,-398,173,1,8,1,1,0","nayedien,cloak_up,-120.8,-309.8,-53,0,6,1,1,0","nayedien,cloak_up_back,93.2,-461.6,154,1,6,1,1,0","nayedien,hair_back,1.4,-278.8,36,0,24,1,1,0","nayedien,hair_outer,-75.4,-222,36,0,23,1,1,0","nayedien,hair_inner,111,-357.6,40,0,23,1,1,0",,,,,,,,,,,,,,,,,,,,,,,,,,,,,,,,,,,,,,,,,,,,,,,"nayedien,sword,258.8,-472.4,118,1,9,0.8,0.8,1",,,,,,,,,,,,,,,,,,,,,,,,,,,,,,,,,,,,,,,,,,,stoppable,,
weak3strong/12,"nayedien,head,-5.8,-464,6,0,9,1,1,0","nayedien,neck,-4,-402,15,0,10,1,1,0","nayedien,body,3.2,-272.4,-1,0,9,1,1,0",,"nayedien,arm_low,-98.4,-233.6,-16,0,9,1,1,0","noble,open,-126.8,-174,-20,0,8,1,1,0","nayedien,arm_up,100.4,-348.4,110,0,16,1,1,0","nayedien,arm_low,176.4,-363.6,91,1,7,0.9,0.9,0","noble,fist,225.2,-391.2,148,1,7,0.9,0.9,0","nayedien,leg_up,-58,-146.4,-33,0,11,1,1,0","nayedien,leg_low,-124.8,-45.6,-30,0,11,1,1,0","nayedien,foot,-156.8,3.6,-43,0,14,1,1,0","nayedien,leg_up,63.6,-156.4,35,0,15,1,1,0","nayedien,leg_low,108.4,-56,14,0,14,1,1,0","nayedien,foot,121.2,7.2,12,0,16,1,1,0",,,"nayedien,cloak_below,14,-130.4,7,0,20,1,1,0","nayedien,cloak_wide,28.4,-339.2,32,0,17,1,1,0","nayedien,shoulder,-49.6,-331.2,1,0,8,1,1,0","nayedien,shoulder_strap,10.4,-362.2,10,0,9,1,1,0","nayedien,shoulder_inner,70.4,-384,141,1,8,1,1,0","nayedien,cloak_up,-98.8,-291.8,-36,0,6,1,1,0","nayedien,cloak_up_back,139.2,-417.6,123,1,6,1,1,0","nayedien,hair_back,-14.6,-282.8,23,0,24,1,1,0","nayedien,hair_outer,-91.4,-226,23,0,23,1,1,0","nayedien,hair_inner,93,-327.6,21,0,23,1,1,0",,,,,,,,,,,,,,,,,,,,,,,,,,,,,,,,,,,,,,,,,,,,,,,"nayedien,sword,328.4,-383.2,86,1,9,0.9,0.9,0",,,,,,,,,,,,,,,,,,,,,,,,,,,,,,,,,,,,,,,,,,,"stoppable,play_time_mod_0.5",,
weak3strong/13,"nayedien,head,20.2,-464,-2,0,9,1,1,0","nayedien,neck,14,-406,15,0,10,1,1,0","nayedien,body,9.2,-272.4,-3,0,9,1,1,0",,"nayedien,arm_low,-102.4,-233.6,-17,0,9,1,1,0","noble,open,-132.8,-174,-20,0,8,1,1,0","nayedien,arm_up,108.4,-344.4,84,0,16,1,1,0","nayedien,arm_low,182.4,-313.6,57,1,7,0.9,0.9,0","noble,fist,238.4,-302.8,99,1,7,0.9,0.9,0","nayedien,leg_up,-52,-146.4,-33,0,11,1,1,0","nayedien,leg_low,-118.8,-45.6,-30,0,11,1,1,0","nayedien,foot,-150.8,3.6,-43,0,14,1,1,0","nayedien,leg_up,59.6,-156.4,27,0,15,1,1,0","nayedien,leg_low,96.4,-56,13,0,14,1,1,0","nayedien,foot,111.2,7.2,12,0,16,1,1,0",,,"nayedien,cloak_below,-6,-130.4,-10,0,20,1,1,0","nayedien,cloak_wide,40.4,-303.2,15,0,17,1,1,0","nayedien,shoulder,-43.6,-331.2,1,0,8,1,1,0","nayedien,shoulder_strap,16.4,-362.2,-2,0,9,1,1,0","nayedien,shoulder_inner,88.4,-366,111,1,8,1,1,0","nayedien,cloak_up,-88.8,-285.8,-28,0,6,1,1,0","nayedien,cloak_up_back,163.2,-349.6,82,1,6,1,1,0","nayedien,hair_back,-14.6,-282.8,5,0,24,1,1,0","nayedien,hair_outer,-115.4,-276,2,0,23,1,1,0","nayedien,hair_inner,93,-307.6,3,0,23,1,1,0",,,,,,,,,,,,,,,,,,,,,,,,,,,,,,,,,,,,,,,,,,,,,,,"nayedien,sword,334.4,-247.2,64,1,9,0.9,0.9,0",,,,,,,,,,,,,,,,,,,,,,,,,,,,,,,,,,,,,,,,,,,stoppable,,
weak3strong/14,"nayedien,head,2.2,-458,3,0,9,1,1,0","nayedien,neck,-4,-394,15,0,10,1,1,0","nayedien,body,-8.8,-266.4,-3,0,9,1,1,0",,"nayedien,arm_low,-116.4,-233.6,-13,0,9,1,1,0","noble,open,-146.8,-174,-13,0,8,1,1,0","nayedien,arm_up,90.4,-310.4,75,0,16,1,1,0","nayedien,arm_low,164.4,-273.6,51,1,7,0.9,0.9,0","noble,fist,220.4,-258.8,93,1,7,1,1,0","nayedien,leg_up,-62,-146.4,-19,0,11,1,1,0","nayedien,leg_low,-104.8,-45.6,-30,0,11,1,1,0","nayedien,foot,-134.8,3.6,-43,0,14,1,1,0","nayedien,leg_up,41.6,-152.4,32,0,15,1,1,0","nayedien,leg_low,78.4,-56,13,0,14,1,1,0","nayedien,foot,93.2,7.2,12,0,16,1,1,0",,,"nayedien,cloak_below,-20,-130.4,-9,0,20,1,1,0","nayedien,cloak_wide,22.4,-303.2,15,0,17,1,1,0","nayedien,shoulder,-61.6,-331.2,1,0,8,1,1,0","nayedien,shoulder_strap,10.4,-358.2,1,0,9,1,1,0","nayedien,shoulder_inner,74.4,-348,98,1,8,1,1,0","nayedien,cloak_up,-98.8,-285.8,-22,0,6,1,1,0","nayedien,cloak_up_back,145.2,-309.6,69,1,6,1,1,0","nayedien,hair_back,-40.6,-268.8,0,0,24,1,1,0","nayedien,hair_outer,-131.4,-250,3,0,23,1,1,0","nayedien,hair_inner,89,-259.6,0,0,23,1,1,0",,,,,,,,,,,,,,,,,,,,,,,,,,,,,,,,,,,,,,,,,,,,,,,"nayedien,sword,294,-188.4,45,1,9,0.9,0.9,0",,,,,,,,,,,,,,,,,,,,,,,,,,,,,,,,,,,,,,,,,,,stoppable,,
weak3strongspecial/0,"nayedien,head,4.2,-464,3,0,9,1,1,0","nayedien,neck,-2,-400,15,0,10,1,1,0","nayedien,body,-6.8,-272.4,-3,0,9,1,1,0",,"nayedien,arm_low,-114.4,-239.6,-13,0,9,1,1,0","noble,open,-144.8,-180,-13,0,8,1,1,0","nayedien,arm_up,92.4,-316.4,75,0,16,1,1,0","nayedien,arm_low,154.4,-265.6,36,1,7,1,1,0","noble,fist,202.4,-230.8,60,1,7,1,1,0","nayedien,leg_up,-60,-152.4,-19,0,11,1,1,0","nayedien,leg_low,-96.8,-51.6,-20,0,11,1,1,0","nayedien,foot,-118.8,-2.4,-39,0,14,1,1,0","nayedien,leg_up,43.6,-158.4,32,0,15,1,1,0","nayedien,leg_low,80.4,-62,13,0,14,1,1,0","nayedien,foot,95.2,1.2,12,0,16,1,1,0",,,"nayedien,cloak_below,-18,-136.4,-9,0,20,1,1,0","nayedien,cloak_wide,24.4,-309.2,15,0,17,1,1,0","nayedien,shoulder,-57.6,-337.2,-2,0,8,1,1,0","nayedien,shoulder_strap,0.4,-368.2,-2,0,9,1,1,0","nayedien,shoulder_inner,76.4,-354,98,1,8,1,1,0","nayedien,cloak_up,-96.8,-291.8,-22,0,6,1,1,0","nayedien,cloak_up_back,137.2,-307.6,56,1,6,1,1,0","nayedien,hair_back,-26.6,-258.8,5,0,24,1,1,0","nayedien,hair_outer,-137.4,-254,3,0,23,1,1,0","nayedien,hair_inner,93,-267.6,2,0,23,1,1,0",,,,,,,,,,,,,,,,,,,,,,,,,,,,,,,,,,,,,,,,,,,,,,,"nayedien,sword,164,-122.4,-22,1,9,1,1,0",,,,,,,,,,,,,,,,,,,,,,,,,,,,,,,,,,,,,,,,,,,play_time_mod_0.5,,
weak3strongspecial/1,"nayedien,head,6.2,-462,0,0,9,1,1,0","nayedien,neck,0,-398,15,0,10,1,1,0","nayedien,body,-4.8,-270.4,-3,0,9,1,1,0",,"nayedien,arm_low,-110.4,-231.6,-7,0,9,1,1,0","noble,open,-130.8,-164,-11,0,8,1,1,0","nayedien,arm_up,94.4,-314.4,63,0,16,1,1,0","nayedien,arm_low,98.4,-251.6,-29,1,7,1,1,0","noble,fist,83.6,-198.8,-18,1,7,1,1,0","nayedien,leg_up,-56,-150.4,-15,0,11,1,1,0","nayedien,leg_low,-84.8,-49.6,-15,0,11,1,1,0","nayedien,foot,-104.8,7.6,-32,0,14,1,1,0","nayedien,leg_up,45.6,-156.4,32,0,15,1,1,0","nayedien,leg_low,82.4,-60,13,0,14,1,1,0","nayedien,foot,97.2,3.2,12,0,16,1,1,0",,,"nayedien,cloak_below,-16,-134.4,-9,0,20,1,1,0","nayedien,cloak_wide,26.4,-307.2,15,0,17,1,1,0","nayedien,shoulder,-53.6,-337.2,-3,0,8,1,1,0","nayedien,shoulder_strap,2.4,-366.2,-2,0,9,1,1,0","nayedien,shoulder_inner,78.4,-352,98,1,8,1,1,0","nayedien,cloak_up,-94.8,-289.8,-22,0,6,1,1,0","nayedien,cloak_up_back,125.2,-289.6,26,1,6,1,1,0","nayedien,hair_back,-50.6,-268.8,-4,0,24,1,1,0","nayedien,hair_outer,-143.4,-266,-2,0,23,1,1,0","nayedien,hair_inner,71,-265.6,-10,0,23,1,1,0",,,,,,,,,,,,,,,,,,,,,,,,,,,,,,,,,,,,,,,,,,,,,,,"nayedien,sword,-25.6,-168.8,-75,1,9,1,1,0",,,,,,,,,,,,,,,,,,,,,,,,,,,,,,,,,,,,,,,,,,,play_time_mod_0.5,,
weak3strongspecial/2,"nayedien,head,14.2,-462,-2,0,9,1,1,0","nayedien,neck,6,-398,13,0,10,1,1,0","nayedien,body,-2.8,-270.4,-3,0,9,1,1,0",,"nayedien,arm_low,-74.4,-223.6,10,1,9,1,1,0","noble,open,-43.2,-160,25,0,8,1,1,0","nayedien,arm_up,49.6,-269.6,-7,0,16,1,1,0","nayedien,arm_low,18.8,-280,-141,0,7,1,1,0","noble,fist,-0.8,-340.4,-173,1,1,1,1,0","nayedien,leg_up,-54,-150.4,-15,0,11,1,1,0","nayedien,leg_low,-94.8,-57.6,-31,0,11,1,1,0","nayedien,foot,-128.8,-4.4,-32,0,14,1,1,0","nayedien,leg_up,47.6,-156.4,32,0,15,1,1,0","nayedien,leg_low,84.4,-60,11,0,14,1,1,0","nayedien,foot,99.2,3.2,12,0,16,1,1,0",,,"nayedien,cloak_below,-14,-134.4,-7,0,20,1,1,0","nayedien,cloak_wide,2.4,-291.2,3,0,17,1,1,0","nayedien,shoulder,-51.6,-339.2,-7,0,8,1,1,0","nayedien,shoulder_strap,8.4,-358.2,-6,0,9,1,1,0","nayedien,shoulder_inner,74.4,-340,80,1,8,1,1,0","nayedien,cloak_up,-94.8,-299.8,-29,0,6,1,1,0","nayedien,cloak_up_back,93.2,-275.6,16,1,6,1,1,0","nayedien,hair_back,-44.6,-268.8,-7,0,24,1,1,0","nayedien,hair_outer,-147.4,-278,-6,0,23,1,1,0","nayedien,hair_inner,83,-251.6,-10,0,23,1,1,0",,,,,,,,,,,,,,,,,,,,,,,,,,,,,,,,,,,,,,,,,,,,,,,"nayedien,sword,107.2,-350.4,91,1,4,1,1,0",,,,,,,,,,,,,,,,,,,,,,,,,,,,,,,,,,,,,,,,,,,play_time_mod_2,,
weak3strongspecial/3,"nayedien,head,24.2,-464,-10,0,9,1,1,0","nayedien,neck,10,-400,13,0,10,1,1,0","nayedien,body,-2.8,-272.4,-3,0,9,1,1,0",,"nayedien,arm_low,-66.4,-229.6,20,1,9,1,1,0","noble,open,-19.2,-172,35,0,8,1,1,0","nayedien,arm_up,57.6,-265.6,3,0,16,1,1,0","nayedien,arm_low,46.8,-286,-159,0,7,1,1,0","noble,fist,40,-349.6,-175,1,1,1,1,0","nayedien,leg_up,-58,-152.4,-23,0,11,1,1,0","nayedien,leg_low,-106.8,-55.6,-30,0,11,1,1,0","nayedien,foot,-140.8,-6.4,-39,0,14,1,1,0","nayedien,leg_up,47.6,-158.4,32,0,15,1,1,0","nayedien,leg_low,84.4,-62,13,0,14,1,1,0","nayedien,foot,99.2,1.2,12,0,16,1,1,0",,,"nayedien,cloak_below,-30,-144.4,-25,0,20,1,1,0","nayedien,cloak_wide,2.4,-297.2,3,0,17,1,1,0","nayedien,shoulder,-45.6,-347.2,-11,0,8,1,1,0","nayedien,shoulder_strap,8.4,-360.2,-6,0,9,1,1,0","nayedien,shoulder_inner,74.4,-342,80,1,8,1,1,0","nayedien,cloak_up,-104.8,-307.8,-40,0,6,1,1,0","nayedien,cloak_up_back,111.2,-285.6,32,1,6,1,1,0","nayedien,hair_back,-54.6,-284.8,-12,0,24,1,1,0","nayedien,hair_outer,-151.4,-310,-17,0,23,1,1,0","nayedien,hair_inner,63,-259.6,-12,0,23,1,1,0",,,,,,,,,,,,,,,,,,,,,,,,,,,,,,,,,,,,,,,,,,,,,,,"nayedien,sword_stab,167.2,-352.4,89,1,4,1,1,1",,,,,,,,,,,,,,,,,,,,,,,,,,,,,,,,,,,,,,,,,,,play_time_mod_0.1,,
weak3strongspecial/4,"nayedien,head,24.2,-464,-12,0,9,1,1,0","nayedien,neck,12,-400,-12,0,10,1,1,0","nayedien,body,-6.8,-272.4,-6,0,9,1,1,0",,"nayedien,arm_low,-66.4,-229.6,30,1,9,1,1,0","noble,open,-13.2,-182,51,0,8,1,1,0","nayedien,arm_up,57.6,-291.6,17,0,16,1,1,0","nayedien,arm_low,83.2,-306.8,164,0,7,1,1,0","noble,punch,113.6,-352.8,156,1,1,1,1,0","nayedien,leg_up,-70,-152.4,-29,0,11,1,1,0","nayedien,leg_low,-124.8,-55.6,-33,0,11,1,1,0","nayedien,foot,-164.8,-6.4,-39,0,14,1,1,0","nayedien,leg_up,47.6,-154.4,41,0,15,1,1,0","nayedien,leg_low,84.4,-62,2,0,14,1,1,0","nayedien,foot,91.2,1.2,12,0,16,1,1,0",,,"nayedien,cloak_below,-40,-144.4,-30,0,20,1,1,0","nayedien,cloak_wide,-5.6,-297.2,3,0,17,1,1,0","nayedien,shoulder,-49.6,-345.2,-12,0,8,1,1,0","nayedien,shoulder_strap,0.4,-362.2,-9,0,9,1,1,0","nayedien,shoulder_inner,66.4,-342,80,1,8,1,1,0","nayedien,cloak_up,-108.8,-325.8,-58,0,6,1,1,0","nayedien,cloak_up_back,113.2,-313.6,48,1,9,1,1,0","nayedien,hair_back,-60.6,-292.8,-15,0,24,1,1,0","nayedien,hair_outer,-157.4,-318,-20,0,23,1,1,0","nayedien,hair_inner,57,-267.6,-15,0,23,1,1,0",,,,,,,,,,,,,,,,,,,,,,,,,,,,,,,,,,,,,,,,,,,,,,,"nayedien,sword_stab,253.2,-352.4,89,1,4,1.1,1.1,1",,,,,,,,,,,,,,,,,,,,,,,,,,,,,,,,,,,,,,,,,,,play_time_mod_0.2,,"pierce_small,1000,1"
weak3strongspecial/5,"nayedien,head,26.2,-458,-17,0,9,1,1,0","nayedien,neck,8,-398,4,0,10,1,1,0","nayedien,body,-8.8,-270.4,-6,0,9,1,1,0","nayedien,arm_up,-79.2,-321.2,-27,0,10,1,1,0","nayedien,arm_low,-58.4,-247.6,34,1,9,1,1,0","noble,open,4.8,-204,66,0,8,1,1,0","nayedien,arm_up,88,-344.8,92,0,16,1,1,0","nayedien,arm_low,170.8,-351.6,102,0,7,1,1,0","noble,punch,234.8,-361.6,123,1,1,1,1,0","nayedien,leg_up,-74,-150.4,-36,0,11,1,1,0","nayedien,leg_low,-142.8,-53.6,-36,0,11,1,1,0","nayedien,foot,-184.8,-4.4,-39,0,14,1,1,0","nayedien,leg_up,49.6,-148.4,48,0,15,1,1,0","nayedien,leg_low,86.4,-60,-4,0,14,1,1,0","nayedien,foot,89.2,3.2,12,0,16,1,1,0",,,"nayedien,cloak_below,-50,-148.4,-36,0,20,1,1,0","nayedien,cloak_wide,0.4,-367.2,4,0,17,1,1,0","nayedien,shoulder,-55.6,-349.2,-23,0,8,1,1,0","nayedien,shoulder_strap,10.4,-360.2,-6,0,9,1,1,0","nayedien,shoulder_inner,74.4,-378,161,1,8,1,1,0","nayedien,cloak_up,-108.8,-351.8,-79,0,6,1,1,0","nayedien,cloak_up_back,109.6,-405.2,138,1,9,1,1,0","nayedien,hair_back,-100.6,-300.8,-32,0,24,1,1,0","nayedien,hair_outer,-179.4,-350,-36,0,23,1,1,0","nayedien,hair_inner,17,-275.6,-39,0,23,1,1,0",,,,,,,,,,,,,,,,,,,,,,,,,,,,,,,,,,,,,,,,,,,,,,,"nayedien,sword_stab,385.2,-358.4,91,1,4,1.1,1.1,1",,,,,,,,,,,,,,,,,,,,,,,,,,,,,,,,,,,"ice_branch,base,610.4,-358.8,-90,0,0,1,1,1",,,,,,,,play_time_mod_1.5,,"frost_blade,1000,1"
weak3strongspecial/6,"nayedien,head,28.2,-456,-17,0,9,1,1,0","nayedien,neck,10,-398,4,0,10,1,1,0","nayedien,body,-8.8,-270.4,-7,0,9,1,1,0","nayedien,arm_up,-73.2,-311.2,-31,0,10,1,1,0","nayedien,arm_low,-58.4,-247.6,34,1,9,1,1,0","noble,open,4.8,-208,62,0,8,1,1,0","nayedien,arm_up,88,-344.8,92,0,16,1,1,0","nayedien,arm_low,170.8,-347.6,102,0,7,1,1,0","noble,punch,234.8,-361.6,123,1,1,1,1,0","nayedien,leg_up,-74,-150.4,-36,0,11,1,1,0","nayedien,leg_low,-142.8,-53.6,-36,0,11,1,1,0","nayedien,foot,-184.8,-4.4,-39,0,14,1,1,0","nayedien,leg_up,49.6,-148.4,48,0,15,1,1,0","nayedien,leg_low,86.4,-60,-4,0,14,1,1,0","nayedien,foot,89.2,3.2,12,0,16,1,1,0",,,"nayedien,cloak_below,-54,-148.4,-40,0,20,1,1,0","nayedien,cloak_wide,0.4,-361.2,17,0,17,1,1,0","nayedien,shoulder,-55.6,-355.2,-33,0,8,1,1,0","nayedien,shoulder_strap,10.4,-360.2,-6,0,9,1,1,0","nayedien,shoulder_inner,74.4,-378,161,1,8,1,1,0","nayedien,cloak_up,-108.8,-359.8,-93,0,6,1,1,0","nayedien,cloak_up_back,127.6,-407.2,123,1,9,1,1,0","nayedien,hair_back,-100.6,-308.8,-38,0,24,1,1,0","nayedien,hair_outer,-179.4,-358,-42,0,23,1,1,0","nayedien,hair_inner,17,-283.6,-45,0,23,1,1,0",,,,,,,,,,,,,,,,,,,,,,,,,,,,,,,,,,,,,,,,,,,,,,,"nayedien,sword,361.2,-354.4,91,1,4,1,1,1",,,,,,,,,,,,,,,,,,,,,,,,,,,,,,,,,,,,,,,,,,,,,
weak3strongspecial/7,"nayedien,head,-39.8,-468,6,0,9,1,1,0","nayedien,neck,-30,-402,12,0,10,1,1,0","nayedien,body,-26.8,-276.4,-1,0,9,1,1,0",,"nayedien,arm_low,-110.4,-241.6,44,0,9,1,1,0","noble,open,-54.4,-188,68,0,8,1,1,0","nayedien,arm_up,70.4,-352.4,110,0,16,1,1,0","nayedien,arm_low,146.4,-367.6,91,1,7,1,1,0","noble,fist,195.2,-395.2,148,1,7,0.9,0.9,0","nayedien,leg_up,-88,-150.4,-33,0,11,1,1,0","nayedien,leg_low,-154.8,-49.6,-30,0,11,1,1,0","nayedien,foot,-186.8,-0.4,-43,0,14,1,1,0","nayedien,leg_up,27.6,-160.4,40,0,15,1,1,0","nayedien,leg_low,84.4,-60,18,0,14,1,1,0","nayedien,foot,105.2,3.2,20,0,16,1,1,0",,,"nayedien,cloak_below,-36,-134.4,-7,0,20,1,1,0","nayedien,cloak_wide,-21.6,-341.2,23,0,17,1,1,0","nayedien,shoulder,-79.6,-335.2,1,0,8,1,1,0","nayedien,shoulder_strap,-19.6,-366.2,10,0,9,1,1,0","nayedien,shoulder_inner,46.4,-390,134,1,8,1,1,0","nayedien,cloak_up,-136.8,-315.8,-63,0,6,1,1,0","nayedien,cloak_up_back,117.2,-395.6,101,1,6,1,1,0","nayedien,hair_back,-114.6,-260.8,-8,0,24,1,1,0","nayedien,hair_outer,-217.4,-290,-22,0,23,1,1,0","nayedien,hair_inner,27,-265.6,-24,0,23,1,1,0",,,,,,,,,,,,,,,,,,,,,,,,,,,,,,,,,,,,,,,,,,,,,,,"nayedien,sword,298.4,-387.2,86,1,9,0.9,0.9,0",,,,,,,,,,,,,,,,,,,,,,,,,,,,,,,,,,,,,,,,,,,"stoppable,play_time_mod_0.5",,
weak3strongspecial/8,"nayedien,head,4.2,-464,-2,0,9,1,1,0","nayedien,neck,-2,-406,15,0,10,1,1,0","nayedien,body,-6.8,-272.4,-3,0,9,1,1,0",,"nayedien,arm_low,-118.4,-233.6,-17,0,9,1,1,0","noble,open,-148.8,-174,-20,0,8,1,1,0","nayedien,arm_up,92.4,-330.4,83,0,16,1,1,0","nayedien,arm_low,166.4,-301.6,54,1,7,0.9,0.9,0","noble,fist,222.4,-286.8,99,1,7,0.9,0.9,0","nayedien,leg_up,-64,-146.4,-25,0,11,1,1,0","nayedien,leg_low,-108.8,-47.6,-25,0,11,1,1,0","nayedien,foot,-136.8,9.6,-27,0,14,1,1,0","nayedien,leg_up,41.6,-150.4,41,0,15,1,1,0","nayedien,leg_low,84.4,-56,9,0,14,1,1,0","nayedien,foot,95.2,7.2,12,0,16,1,1,0",,,"nayedien,cloak_below,-22,-130.4,-10,0,20,1,1,0","nayedien,cloak_wide,24.4,-303.2,15,0,17,1,1,0","nayedien,shoulder,-59.6,-331.2,1,0,8,1,1,0","nayedien,shoulder_strap,0.4,-362.2,-2,0,9,1,1,0","nayedien,shoulder_inner,72.4,-366,111,1,8,1,1,0","nayedien,cloak_up,-104.8,-285.8,-28,0,6,1,1,0","nayedien,cloak_up_back,147.2,-341.6,77,1,6,1,1,0","nayedien,hair_back,-38.6,-266.8,3,0,26,1,1,0","nayedien,hair_outer,-137.4,-262,4,0,23,1,1,0","nayedien,hair_inner,85,-239.6,-6,0,23,1,1,0",,,,,,,,,,,,,,,,,,,,,,,,,,,,,,,,,,,,,,,,,,,,,,,"nayedien,sword,318.4,-239.2,64,1,9,0.9,0.9,0",,,,,,,,,,,,,,,,,,,,,,,,,,,,,,,,,,,,,,,,,,,stoppable,,
weak3strongspecial/9,"nayedien,head,2.2,-458,3,0,9,1,1,0","nayedien,neck,-4,-394,15,0,10,1,1,0","nayedien,body,-8.8,-266.4,-3,0,9,1,1,0",,"nayedien,arm_low,-116.4,-233.6,-13,0,9,1,1,0","noble,open,-146.8,-174,-13,0,8,1,1,0","nayedien,arm_up,90.4,-310.4,75,0,16,1,1,0","nayedien,arm_low,164.4,-273.6,51,1,7,0.9,0.9,0","noble,fist,220.4,-258.8,93,1,7,1,1,0","nayedien,leg_up,-62,-146.4,-19,0,11,1,1,0","nayedien,leg_low,-104.8,-45.6,-30,0,11,1,1,0","nayedien,foot,-134.8,3.6,-43,0,14,1,1,0","nayedien,leg_up,41.6,-152.4,32,0,15,1,1,0","nayedien,leg_low,78.4,-56,13,0,14,1,1,0","nayedien,foot,93.2,7.2,12,0,16,1,1,0",,,"nayedien,cloak_below,-20,-130.4,-9,0,20,1,1,0","nayedien,cloak_wide,22.4,-303.2,15,0,17,1,1,0","nayedien,shoulder,-61.6,-331.2,1,0,8,1,1,0","nayedien,shoulder_strap,10.4,-358.2,1,0,9,1,1,0","nayedien,shoulder_inner,74.4,-348,98,1,8,1,1,0","nayedien,cloak_up,-98.8,-285.8,-22,0,6,1,1,0","nayedien,cloak_up_back,145.2,-309.6,69,1,6,1,1,0","nayedien,hair_back,-40.6,-268.8,0,0,24,1,1,0","nayedien,hair_outer,-131.4,-250,3,0,23,1,1,0","nayedien,hair_inner,89,-259.6,0,0,23,1,1,0",,,,,,,,,,,,,,,,,,,,,,,,,,,,,,,,,,,,,,,,,,,,,,,"nayedien,sword,294,-188.4,45,1,9,0.9,0.9,0",,,,,,,,,,,,,,,,,,,,,,,,,,,,,,,,,,,,,,,,,,,stoppable,,
weak3strongstrong/0,"nayedien,head,4.2,-464,3,0,9,1,1,0","nayedien,neck,-2,-400,15,0,10,1,1,0","nayedien,body,-6.8,-272.4,-3,0,9,1,1,0",,"nayedien,arm_low,-114.4,-239.6,-13,0,9,1,1,0","noble,open,-144.8,-180,-13,0,8,1,1,0","nayedien,arm_up,92.4,-316.4,75,0,16,1,1,0","nayedien,arm_low,154.4,-265.6,36,1,7,1,1,0","noble,fist,202.4,-230.8,60,1,7,1,1,0","nayedien,leg_up,-60,-152.4,-19,0,11,1,1,0","nayedien,leg_low,-96.8,-51.6,-20,0,11,1,1,0","nayedien,foot,-118.8,-2.4,-39,0,14,1,1,0","nayedien,leg_up,43.6,-158.4,32,0,15,1,1,0","nayedien,leg_low,80.4,-62,13,0,14,1,1,0","nayedien,foot,95.2,1.2,12,0,16,1,1,0",,,"nayedien,cloak_below,-18,-136.4,-9,0,20,1,1,0","nayedien,cloak_wide,24.4,-309.2,15,0,17,1,1,0","nayedien,shoulder,-57.6,-337.2,-2,0,8,1,1,0","nayedien,shoulder_strap,0.4,-368.2,-2,0,9,1,1,0","nayedien,shoulder_inner,76.4,-354,98,1,8,1,1,0","nayedien,cloak_up,-96.8,-291.8,-22,0,6,1,1,0","nayedien,cloak_up_back,137.2,-307.6,56,1,6,1,1,0","nayedien,hair_back,-26.6,-258.8,5,0,24,1,1,0","nayedien,hair_outer,-137.4,-254,3,0,23,1,1,0","nayedien,hair_inner,93,-267.6,2,0,23,1,1,0",,,,,,,,,,,,,,,,,,,,,,,,,,,,,,,,,,,,,,,,,,,,,,,"nayedien,sword,164,-122.4,-22,1,9,1,1,0",,,,,,,,,,,,,,,,,,,,,,,,,,,,,,,,,,,,,,,,,,,,,
weak3strongstrong/1,"nayedien,head,6.2,-462,0,0,9,1,1,0","nayedien,neck,0,-398,15,0,10,1,1,0","nayedien,body,-4.8,-270.4,-3,0,9,1,1,0",,"nayedien,arm_low,-110.4,-231.6,-7,0,9,1,1,0","noble,open,-130.8,-164,-11,0,8,1,1,0","nayedien,arm_up,94.4,-314.4,63,0,16,1,1,0","nayedien,arm_low,98.4,-251.6,-29,1,7,1,1,0","noble,fist,83.6,-198.8,-18,1,7,1,1,0","nayedien,leg_up,-56,-150.4,-15,0,11,1,1,0","nayedien,leg_low,-84.8,-49.6,-15,0,11,1,1,0","nayedien,foot,-104.8,7.6,-32,0,14,1,1,0","nayedien,leg_up,45.6,-156.4,32,0,15,1,1,0","nayedien,leg_low,82.4,-60,13,0,14,1,1,0","nayedien,foot,97.2,3.2,12,0,16,1,1,0",,,"nayedien,cloak_below,-16,-134.4,-9,0,20,1,1,0","nayedien,cloak_wide,26.4,-307.2,15,0,17,1,1,0","nayedien,shoulder,-53.6,-337.2,-3,0,8,1,1,0","nayedien,shoulder_strap,2.4,-366.2,-2,0,9,1,1,0","nayedien,shoulder_inner,78.4,-352,98,1,8,1,1,0","nayedien,cloak_up,-94.8,-289.8,-22,0,6,1,1,0","nayedien,cloak_up_back,125.2,-289.6,26,1,6,1,1,0","nayedien,hair_back,-50.6,-268.8,-4,0,24,1,1,0","nayedien,hair_outer,-143.4,-266,-2,0,23,1,1,0","nayedien,hair_inner,71,-265.6,-10,0,23,1,1,0",,,,,,,,,,,,,,,,,,,,,,,,,,,,,,,,,,,,,,,,,,,,,,,"nayedien,sword,-25.6,-168.8,-75,1,9,1,1,0",,,,,,,,,,,,,,,,,,,,,,,,,,,,,,,,,,,,,,,,,,,play_time_mod_0.5,,
weak3strongstrong/2,"nayedien,head,20.2,-452,-5,0,9,1,1,0","nayedien,neck,14,-388,10,0,10,1,1,0","nayedien,body,-4.8,-262.4,-9,0,9,1,1,0",,"nayedien,arm_low,-116.4,-233.6,-17,0,9,1,1,0","noble,open,-146.8,-174,-21,0,8,1,1,0","nayedien,arm_up,82.4,-294.4,50,0,16,1,1,0","nayedien,arm_low,66.4,-223.6,-51,1,7,1,1,0","noble,fist,33.6,-176.8,-35,1,7,1,1,0","nayedien,leg_up,-64,-146.4,-18,0,11,1,1,0","nayedien,leg_low,-98.8,-45.6,-22,0,11,1,1,0","nayedien,foot,-118.8,9.6,-16,0,14,1,1,0","nayedien,leg_up,43.6,-152.4,47,0,15,1,1,0","nayedien,leg_low,86.4,-56,-5,0,14,1,1,0","nayedien,foot,91.2,7.2,12,0,16,1,1,0",,,"nayedien,cloak_below,-20,-126.4,-14,0,20,1,1,0","nayedien,cloak_wide,28.4,-295.2,5,0,17,1,1,0","nayedien,shoulder,-43.6,-331.2,-8,0,8,1,1,0","nayedien,shoulder_strap,20.4,-352.2,-12,0,9,1,1,0","nayedien,shoulder_inner,80.4,-330,88,1,8,1,1,0","nayedien,cloak_up,-90.8,-283.8,-26,0,6,1,1,0","nayedien,cloak_up_back,121.2,-263.6,23,1,6,1,1,0","nayedien,hair_back,-42.6,-260.8,-4,0,24,1,1,0","nayedien,hair_outer,-137.4,-260,-2,0,23,1,1,0","nayedien,hair_inner,77,-243.6,-11,0,23,1,1,0",,,,,,,,,,,,,,,,,,,,,,,,,,,,,,,,,,,,,,,,,,,,,,,"nayedien,sword,-71.6,-198.8,-109,1,9,1,1,0",,,,,,,,,,,,,,,,,,,,,,,,,,,,,,,,,,,,,,,,,,,play_time_mod_1.5,,
weak3strongstrong/3,"nayedien,head,48.2,-438,-12,0,9,1,1,0","nayedien,neck,34,-378,5,0,10,1,1,0","nayedien,body,9.2,-252.4,-9,0,9,1,1,0",,"nayedien,arm_low,-112.4,-243.6,-31,0,9,1,1,0","noble,open,-162.8,-186,-38,0,8,1,1,0","nayedien,arm_up,90.4,-286.4,40,0,16,1,1,0","nayedien,arm_low,72.4,-213.6,-66,1,7,1,1,0","noble,fist,25.6,-176.8,-55,1,3,1,1,0","nayedien,leg_up,-58,-146.4,-35,0,11,1,1,0","nayedien,leg_low,-112.8,-45.6,-22,0,11,1,1,0","nayedien,foot,-134.8,9.6,-28,0,14,1,1,0","nayedien,leg_up,51.6,-136.4,61,0,15,1,1,0","nayedien,leg_low,94.4,-56,-12,0,14,1,1,0","nayedien,foot,95.2,7.2,22,0,16,1,1,0",,,"nayedien,cloak_below,-12,-114.4,-14,0,20,1,1,0","nayedien,cloak_wide,42.4,-281.2,3,0,17,1,1,0","nayedien,shoulder,-29.6,-331.2,-18,0,8,1,1,0","nayedien,shoulder_strap,38.4,-338.2,-9,0,9,1,1,0","nayedien,shoulder_inner,98.4,-320,87,1,8,1,1,0","nayedien,cloak_up,-84.8,-293.8,-40,0,6,1,1,0","nayedien,cloak_up_back,135.2,-257.6,27,1,6,1,1,0","nayedien,hair_back,-28.6,-248.8,-3,0,24,1,1,0","nayedien,hair_outer,-111.4,-250,2,0,23,1,1,0","nayedien,hair_inner,93,-219.6,-11,0,23,1,1,0",,,,,,,,,,,,,,,,,,,,,,,,,,,,,,,,,,,,,,,,,,,,,,,"nayedien,sword,-73.6,-226.8,-119,1,4,1,1,0",,,,,,,,,,,,,,,,,,,,,,,,,,,,,,,,,,,,,,,,,,,play_time_mod_2,,
weak3strongstrong/4,"nayedien,head,60.2,-434,-14,0,9,1,1,0","nayedien,neck,46,-374,3,0,10,1,1,0","nayedien,body,15.2,-246.4,-12,0,9,1,1,0",,"nayedien,arm_low,-118.4,-253.6,-42,0,9,1,1,0","noble,open,-172.8,-212,-49,0,8,1,1,0","nayedien,arm_up,88.4,-286.4,40,0,16,1,1,0","nayedien,arm_low,100.4,-217.6,-60,1,7,1,1,0","noble,punch,51.6,-172.8,-50,1,3,1,1,0","nayedien,leg_up,-58,-142.4,-37,0,11,1,1,0","nayedien,leg_low,-116.8,-49.6,-30,0,11,1,1,0","nayedien,foot,-148.8,9.6,-28,0,14,1,1,0","nayedien,leg_up,63.6,-126.4,59,0,15,1,1,0","nayedien,leg_low,94.4,-54,-14,0,14,1,1,0","nayedien,foot,93.2,7.2,22,0,16,1,1,0",,,"nayedien,cloak_below,-16,-124.4,-25,0,20,1,1,0","nayedien,cloak_wide,40.4,-279.2,-3,0,17,1,1,0","nayedien,shoulder,-25.6,-331.2,-24,0,8,1,1,0","nayedien,shoulder_strap,36.4,-338.2,-9,0,9,1,1,0","nayedien,shoulder_inner,106.4,-314,85,1,8,1,1,0","nayedien,cloak_up,-84.8,-303.8,-43,0,6,1,1,0","nayedien,cloak_up_back,143.2,-257.6,35,1,6,1,1,0","nayedien,hair_back,-26.6,-254.8,-18,0,24,1,1,0","nayedien,hair_outer,-121.4,-276,-11,0,23,1,1,0","nayedien,hair_inner,77,-225.6,-22,0,23,1,1,0",,,,,,,,,,,,,,,,,,,,,,,,,,,,,,,,,,,,,,,,,,,,,,,"nayedien,sword_stab,-55.6,-222.8,-113,1,4,1,1,1",,,,,,,,,,,,,,,,,,,,,,,,,,,,,,,,,,,,,,,,,,,play_time_mod_0.5,,"swing_flat_small,1000,1"
weak3strongstrong/5,"nayedien,head,98.2,-430,-5,0,9,1,1,0","nayedien,neck,82,-368,-10,0,10,1,1,0","nayedien,body,35.2,-244.4,-22,0,9,1,1,0","nayedien,arm_up,-40,-305.6,-66,0,10,1,1,0","nayedien,arm_low,-120.4,-265.6,-59,0,9,1,1,0","noble,open,-182.8,-244,-61,0,8,1,1,0","nayedien,arm_up,134.4,-296.4,98,0,16,1,1,0","nayedien,arm_low,232,-298.4,83,1,7,1,1,0","noble,punch,298.4,-292.4,60,0,3,1,1,0","nayedien,leg_up,-52,-146.4,-33,0,11,1,1,0","nayedien,leg_low,-108.8,-49.6,-27,0,11,1,1,0","nayedien,foot,-134.8,9.6,-21,0,14,1,1,0","nayedien,leg_up,67.6,-124.4,64,0,15,1,1,0","nayedien,leg_low,102.4,-54,-14,0,14,1,1,0","nayedien,foot,97.2,7.2,22,0,16,1,1,0",,,"nayedien,cloak_below,-28,-130.4,-47,0,20,1,1,0","nayedien,cloak_wide,44.4,-313.2,8,0,17,1,1,0","nayedien,shoulder,10.4,-333.2,-35,0,8,1,1,0","nayedien,shoulder_strap,88.4,-328.2,-13,0,9,1,1,0","nayedien,shoulder_inner,152.4,-326,119,1,8,1,1,0","nayedien,cloak_up,-60.8,-337.8,-84,0,6,1,1,0","nayedien,cloak_up_back,205.2,-339.6,119,1,6,1,1,0","nayedien,hair_back,-4.6,-264.8,-32,0,24,1,1,0","nayedien,hair_outer,-99.4,-286,-25,0,23,1,1,0","nayedien,hair_inner,99,-235.6,-36,0,23,1,1,0",,,,,,,,,,,,,,,,,,,,,,,,,,,,,,,,,,,,,,,,,,,,,,,"nayedien,sword_stab,430.4,-306.4,97,1,4,1,1,1",,,,,,,,,,,,,,,,,,,,,,,,,,,,,,,,,,,,,,,,,,,play_time_mod_0.5,,
weak3strongstrong/6,"nayedien,head,96.2,-430,-3,0,9,1,1,0","nayedien,neck,80,-372,-10,0,10,1,1,0","nayedien,body,39.2,-248.4,-21,0,9,1,1,0","nayedien,arm_up,-42,-321.6,-68,0,10,1,1,0","nayedien,arm_low,-122.4,-289.6,-62,0,9,1,1,0","noble,open,-184.8,-272,-70,0,8,1,1,0","nayedien,arm_up,132.4,-304.4,114,0,16,1,1,0","nayedien,arm_low,234,-326.4,95,1,7,1,1,0","noble,fist_back,294.4,-332.4,59,0,2,1,1,0","nayedien,leg_up,-50,-146.4,-35,0,11,1,1,0","nayedien,leg_low,-110.8,-49.6,-27,0,11,1,1,0","nayedien,foot,-136.8,9.6,-21,0,14,1,1,0","nayedien,leg_up,75.6,-126.4,60,0,15,1,1,0","nayedien,leg_low,100.4,-54,-20,0,14,1,1,0","nayedien,foot,95.2,7.2,22,0,16,1,1,0",,,"nayedien,cloak_below,-24,-158.4,-54,0,20,0.9,0.9,0","nayedien,cloak_wide,42.4,-327.2,6,0,17,1,1,0","nayedien,shoulder,8.4,-343.2,-51,0,8,1,1,0","nayedien,shoulder_strap,86.4,-328.2,-13,0,9,1,1,0","nayedien,shoulder_inner,150.4,-334,126,1,8,1,1,0","nayedien,cloak_up,-62.8,-363.8,-96,0,6,1,1,0","nayedien,cloak_up_back,203.2,-351.6,126,1,6,1,1,0","nayedien,hair_back,-4.6,-270.8,-35,0,24,1,1,0","nayedien,hair_outer,-99.4,-292,-28,0,23,1,1,0","nayedien,hair_inner,99,-241.6,-39,0,23,1,1,0",,,,,,,,,,,,,,,,,,,,,,,,,,,,,,,,,,,,,,,,,,,,,,,"nayedien,sword,418.4,-362.4,103,1,4,1,1,1",,,,,,,,,,,,,,,,,,,,,,,,,,,,,,,,,,,,,,,,,,,play_time_mod_0.5,,
weak3strongstrong/7,"nayedien,head,98.2,-438,-1,0,9,1,1,0","nayedien,neck,82,-374,-10,0,10,1,1,0","nayedien,body,43.2,-252.4,-20,0,9,1,1,0","nayedien,arm_up,-40,-331.6,-68,0,10,1,1,0","nayedien,arm_low,-120.4,-311.6,-73,0,9,1,1,0","noble,open,-186.8,-314,-93,0,8,1,1,0","nayedien,arm_up,134.4,-310.4,112,0,16,1,1,0","nayedien,arm_low,236,-334.4,95,1,7,1,1,0","noble,fist_back,302.4,-344.4,67,0,2,1,1,0","nayedien,leg_up,-44,-146.4,-35,0,11,1,1,0","nayedien,leg_low,-104.8,-49.6,-29,0,11,1,1,0","nayedien,foot,-134.8,9.6,-21,0,14,1,1,0","nayedien,leg_up,77.6,-128.4,53,0,15,1,1,0","nayedien,leg_low,102.4,-54,-20,0,14,1,1,0","nayedien,foot,97.2,7.2,22,0,16,1,1,0",,,"nayedien,cloak_below,2,-194.4,-173,0,20,0.9,0.9,0","nayedien,cloak_wide,44.4,-359.2,-5,0,17,1,1,0","nayedien,shoulder,10.4,-349.2,-59,0,8,1,1,0","nayedien,shoulder_strap,88.4,-334.2,-11,0,9,1,1,0","nayedien,shoulder_inner,152.4,-340,139,1,8,1,1,0","nayedien,cloak_up,-60.8,-377.8,-108,0,6,1,1,0","nayedien,cloak_up_back,205.2,-369.6,134,1,6,1,1,0","nayedien,hair_back,-4.6,-282.8,-37,0,24,1,1,0","nayedien,hair_outer,-99.4,-304,-30,0,23,1,1,0","nayedien,hair_inner,99,-253.6,-41,0,23,1,1,0",,,,,,,,,,,,,,,,,,,,,,,,,,,,,,,,,,,,,,,,,,,,,,,"nayedien,sword,408.4,-388.4,110,1,4,0.9,0.9,0",,,,,,,,,,,,,,,,,,,,,,,,,,,,,,,,,,,,,,,,,,,,,
weak3strongstrong/8,"nayedien,head,54.2,-446,-1,0,9,1,1,0","nayedien,neck,44,-370,-2,0,10,1,1,0","nayedien,body,17.2,-258.4,-11,0,9,1,1,0","nayedien,arm_up,-48,-305.6,-54,0,10,1,1,0","nayedien,arm_low,-126.4,-259.6,-54,0,9,1,1,0","noble,open,-198.8,-240,-83,0,8,1,1,0","nayedien,arm_up,126.4,-296.4,75,0,16,1,1,0","nayedien,arm_low,216,-258.4,60,1,7,1,1,0","noble,fist_back,280.4,-235.6,51,0,2,1,1,0","nayedien,leg_up,-50,-132.4,-24,0,11,1,1,0","nayedien,leg_low,-86.8,-49.6,-22,0,11,1,1,0","nayedien,foot,-104.8,7.6,-11,0,14,1,1,0","nayedien,leg_up,55.6,-138.4,49,0,15,1,1,0","nayedien,leg_low,88.4,-54,-6,0,14,1,1,0","nayedien,foot,89.2,7.2,22,0,16,1,1,0",,,"nayedien,cloak_below,-30,-158.4,-54,0,20,0.9,0.9,0","nayedien,cloak_wide,32.4,-331.2,-5,0,17,1,1,0","nayedien,shoulder,-31.6,-341.2,-31,0,8,1,1,0","nayedien,shoulder_strap,48.4,-346.2,-4,0,9,1,1,0","nayedien,shoulder_inner,112.4,-342,103,1,8,1,1,0","nayedien,cloak_up,-88.8,-331.8,-65,0,6,1,1,0","nayedien,cloak_up_back,189.2,-333.6,100,1,6,1,1,0","nayedien,hair_back,-26.6,-258.8,-27,0,24,1,1,0","nayedien,hair_outer,-121.4,-280,-20,0,23,1,1,0","nayedien,hair_inner,77,-229.6,-31,0,23,1,1,0",,,,,,,,,,,,,,,,,,,,,,,,,,,,,,,,,,,,,,,,,,,,,,,"nayedien,sword,368,-287.2,122,1,4,0.9,0.9,0",,,,,,,,,,,,,,,,,,,,,,,,,,,,,,,,,,,,,,,,,,,stoppable,,
weak3strongstrong/9,"nayedien,head,4.2,-464,-2,0,9,1,1,0","nayedien,neck,-2,-406,15,0,10,1,1,0","nayedien,body,-6.8,-272.4,-3,0,9,1,1,0",,"nayedien,arm_low,-118.4,-233.6,-17,0,9,1,1,0","noble,open,-148.8,-174,-20,0,8,1,1,0","nayedien,arm_up,92.4,-330.4,83,0,16,1,1,0","nayedien,arm_low,166.4,-301.6,54,1,7,0.9,0.9,0","noble,fist,222.4,-286.8,99,1,7,0.9,0.9,0","nayedien,leg_up,-64,-146.4,-25,0,11,1,1,0","nayedien,leg_low,-108.8,-47.6,-25,0,11,1,1,0","nayedien,foot,-136.8,9.6,-27,0,14,1,1,0","nayedien,leg_up,41.6,-150.4,41,0,15,1,1,0","nayedien,leg_low,84.4,-56,9,0,14,1,1,0","nayedien,foot,95.2,7.2,12,0,16,1,1,0",,,"nayedien,cloak_below,-22,-130.4,-10,0,20,1,1,0","nayedien,cloak_wide,24.4,-303.2,15,0,17,1,1,0","nayedien,shoulder,-59.6,-331.2,1,0,8,1,1,0","nayedien,shoulder_strap,0.4,-362.2,-2,0,9,1,1,0","nayedien,shoulder_inner,72.4,-366,111,1,8,1,1,0","nayedien,cloak_up,-104.8,-285.8,-28,0,6,1,1,0","nayedien,cloak_up_back,147.2,-341.6,77,1,6,1,1,0","nayedien,hair_back,-38.6,-266.8,3,0,26,1,1,0","nayedien,hair_outer,-137.4,-262,4,0,23,1,1,0","nayedien,hair_inner,85,-239.6,-6,0,23,1,1,0",,,,,,,,,,,,,,,,,,,,,,,,,,,,,,,,,,,,,,,,,,,,,,,"nayedien,sword,318.4,-239.2,64,1,9,0.9,0.9,0",,,,,,,,,,,,,,,,,,,,,,,,,,,,,,,,,,,,,,,,,,,"stoppable,play_time_mod_1.5",,
weak3strongstrong/10,"nayedien,head,2.2,-458,3,0,9,1,1,0","nayedien,neck,-4,-394,15,0,10,1,1,0","nayedien,body,-8.8,-266.4,-3,0,9,1,1,0",,"nayedien,arm_low,-116.4,-233.6,-13,0,9,1,1,0","noble,open,-146.8,-174,-13,0,8,1,1,0","nayedien,arm_up,90.4,-310.4,75,0,16,1,1,0","nayedien,arm_low,164.4,-273.6,51,1,7,0.9,0.9,0","noble,fist,220.4,-258.8,93,1,7,1,1,0","nayedien,leg_up,-62,-146.4,-19,0,11,1,1,0","nayedien,leg_low,-104.8,-45.6,-30,0,11,1,1,0","nayedien,foot,-134.8,3.6,-43,0,14,1,1,0","nayedien,leg_up,41.6,-152.4,32,0,15,1,1,0","nayedien,leg_low,78.4,-56,13,0,14,1,1,0","nayedien,foot,93.2,7.2,12,0,16,1,1,0",,,"nayedien,cloak_below,-20,-130.4,-9,0,20,1,1,0","nayedien,cloak_wide,22.4,-303.2,15,0,17,1,1,0","nayedien,shoulder,-61.6,-331.2,1,0,8,1,1,0","nayedien,shoulder_strap,10.4,-358.2,1,0,9,1,1,0","nayedien,shoulder_inner,74.4,-348,98,1,8,1,1,0","nayedien,cloak_up,-98.8,-285.8,-22,0,6,1,1,0","nayedien,cloak_up_back,145.2,-309.6,69,1,6,1,1,0","nayedien,hair_back,-40.6,-268.8,0,0,24,1,1,0","nayedien,hair_outer,-131.4,-250,3,0,23,1,1,0","nayedien,hair_inner,89,-259.6,0,0,23,1,1,0",,,,,,,,,,,,,,,,,,,,,,,,,,,,,,,,,,,,,,,,,,,,,,,"nayedien,sword,294,-188.4,45,1,9,0.9,0.9,0",,,,,,,,,,,,,,,,,,,,,,,,,,,,,,,,,,,,,,,,,,,"play_time_mod_1.5,stoppable",,
Attack1/0,"nayedien,head,17.8,-508.2,-2,0,9,1,1,0","nayedien,neck,11.2,-441.6,14,0,10,1,1,0","nayedien,body,5.2,-310.4,-3,0,9,1,1,0",,"nayedien,arm_low,-110.4,-267.6,-37,1,9,1,1,0","noble,open,-143.2,-201.6,-36,0,8,1,1,0",,"nayedien,arm_low,123.2,-284,23,1,15,1,1,0","noble,open,169.6,-211.2,28,1,16,1,1,0","nayedien,leg_up,-46,-186.4,-23,1,11,1,1,0","nayedien,leg_low,-88.8,-73.6,-18,1,11,1,1,0","nayedien,foot,-106.8,-9.6,-7,1,14,1,1,0","nayedien,leg_up,59.6,-186.4,26,0,15,1,1,0","nayedien,leg_low,105.2,-82.8,20,0,14,1,1,0","nayedien,foot,127.6,-13.2,15,0,16,1,1,0",,,"nayedien,cloak_below,0.8,-174.4,0,0,20,1,1,0","nayedien,cloak_wide,5.6,-327.2,-3,0,17,1.1,1.1,0","nayedien,shoulder,-44.8,-374,0,0,8,1,1,0","nayedien,shoulder_strap,17.6,-410.4,-4,0,9,1,1,0","nayedien,shoulder_inner,69.6,-385.6,80,1,8,1,1,0","nayedien,cloak_up,-85.2,-325.6,-22,0,6,1,1,0","nayedien,cloak_up_back,105.2,-326.4,30,1,11,1,1,0","nayedien,hair_back,-19,-313,-3,0,24,1,1,0","nayedien,hair_outer,-123.8,-336.2,-6,0,23,1,1,0","nayedien,hair_inner,96,-307.6,-2,0,23,1,1,0",,,,,,,,,,,,,,,,,,,,,,,,,,,,,,,,,,,,,,,,,,,,,,,,,,,,,,,,,,,,,,,,,,,,,,,,,,,,,,,,,,,,,,,,,,play_time_mod_0.5,,
Attack1/1,"nayedien,head,27.8,-494.2,-2,0,9,1,1,0","nayedien,neck,21.2,-427.6,14,0,10,1,1,0","nayedien,body,9.2,-302.4,-6,0,9,1,1,0",,"nayedien,arm_low,-110.4,-267.6,-26,0,9,1,1,0","noble,open,-161.2,-205.6,-42,0,8,1,1,0","nayedien,arm_up,78,-352.8,51,0,16,1,1,0","nayedien,arm_low,133.2,-286,31,1,15,1,1,0","noble,open,183.6,-229.2,34,1,16,1,1,0","nayedien,leg_up,-52,-180.4,-28,1,11,1,1,0","nayedien,leg_low,-90.8,-73.6,-11,1,11,1,1,0","nayedien,foot,-100.8,-9.6,-4,1,14,1,1,0","nayedien,leg_up,57.6,-182.4,34,0,15,1,1,0","nayedien,leg_low,121.2,-78.8,27,0,14,1,1,0","nayedien,foot,145.6,-13.2,18,0,16,1,1,0",,,"nayedien,cloak_below,-3.2,-156.4,-4,0,20,1,1,0","nayedien,cloak_wide,17.6,-311.2,-3,0,17,1.1,1.1,0","nayedien,shoulder,-38.8,-370,0,0,8,1,1,0","nayedien,shoulder_strap,29.6,-394.4,-4,0,9,1,1,0","nayedien,shoulder_inner,81.6,-367.6,78,1,8,1,1,0","nayedien,cloak_up,-77.2,-321.6,-24,0,6,1,1,0","nayedien,cloak_up_back,119.2,-320.4,43,1,12,1,1,0","nayedien,hair_back,-13,-309,-3,0,24,1,1,0","nayedien,hair_outer,-121.8,-338.2,-19,0,23,1,1,0","nayedien,hair_inner,108,-275.6,-7,0,23,1,1,0",,,,,,,,,,,,,,,,,,,,,,,,,,,,,,,,,,,,,,,,,,,,,,,,,,,,,,,,,,,,,,,,,,,,,,,,,,,,,,,,,,,,,,,,,,,,
Attack1/2,"nayedien,head,33,-487.4,-4,0,7,1,1,0","nayedien,neck,24,-428.4,-1,0,10,1,1,0","nayedien,body,13.2,-298.4,-4,0,9,1,1,0",,"nayedien,arm_low,-116.8,-273.2,-20,0,12,1,1,0","noble,open,-163.6,-200,-28,0,13,1,1,0","nayedien,arm_up,88,-336.8,60,0,14,1,1,0","nayedien,arm_low,157.2,-284,45,1,14,1,1,0","noble,open,232.4,-252.8,80,1,15,1,1,0","nayedien,leg_up,-57,-162.4,-35.2,1,11,1,1,0","nayedien,leg_low,-83,-62.4,7,1,11,1,1,0","nayedien,foot,-86.8,-3.4,-22.6,1,14,1,1,0","nayedien,leg_up,68,-166.4,32.7,0,15,1,1,0","nayedien,leg_low,126,-67.4,27.5,0,14,1,1,0","nayedien,foot,158.2,-6.4,27.5,0,16,1,1,0",,,"nayedien,cloak_below,-0.4,-146,-3,0,20,1,1,0","nayedien,cloak,24.4,-345.6,3,0,17,1,1,0","nayedien,shoulder,-36.8,-372.4,-6,0,8,1,1,0","nayedien,shoulder_strap,38.8,-387.2,-3,0,9,1,1,0","nayedien,shoulder_inner,85.6,-371.6,7,0,8,1,1,0","nayedien,cloak_up,-83,-334.4,-34,0,6,1,1,0","nayedien,cloak_up_back,130,-327.4,44,1,7,1,1,0","nayedien,hair_back,1.2,-306,1,0,24,1,1,0","nayedien,hair_outer,-121.8,-330.2,-17,0,23,1,1,0","nayedien,hair_inner,108,-267.6,-5,0,23,1,1,0",,,,,,,,,,,,,,,,,,,,,,,,,,,,,,,,,,,,,,,,,,,,,,,,,,,,,,,,,,,,,,,,,,,,,,,,,,,,,,,,,,,,,,,,,,play_time_mod_0.5,,
Attack1/3,"nayedien,head,21,-487.4,-2,0,7,1,1,0","nayedien,neck,20,-428.4,-1,0,10,1,1,0","nayedien,body,11.2,-298.4,0,0,9,1,1,0",,"nayedien,arm_low,-126.8,-281.2,-54,0,12,1,1,0","noble,open,-205.6,-256,-81,0,13,1,1,0","nayedien,arm_up,90,-340.8,63,0,14,1,1,0","nayedien,arm_low,165.2,-292,49,1,14,1,1,0","noble,open,246.4,-260.8,82,1,15,1,1,0","nayedien,leg_up,-55,-162.4,-35.2,1,11,1,1,0","nayedien,leg_low,-81,-62.4,7,1,11,1,1,0","nayedien,foot,-88.8,-3.4,-36.6,1,14,1,1,0","nayedien,leg_up,76,-166.4,32.7,0,15,1,1,0","nayedien,leg_low,132,-67.4,27.5,0,14,1,1,0","nayedien,foot,164.2,-6.4,27.5,0,16,1,1,0",,,"nayedien,cloak_below,5.6,-146,2,0,20,1,1,0","nayedien,cloak,26.4,-345.6,3,0,17,1,1,0","nayedien,shoulder,-36.8,-366.4,-2,0,8,1,1,0","nayedien,shoulder_strap,40.8,-389.2,1,0,9,1,1,0","nayedien,shoulder_inner,87.6,-371.6,6,0,8,1,1,0","nayedien,cloak_up,-81,-332.4,-34,0,6,1,1,0","nayedien,cloak_up_back,138,-329.4,55,1,7,1,1,0","nayedien,hair_back,-24.8,-304,1,0,24,1,1,0","nayedien,hair_outer,-119.2,-312.8,-7,0,23,1,1,0","nayedien,hair_inner,100.8,-279.2,-6,0,23,1,1,0",,,,,,,,,,,,,,,,,,,,,,,,,,,,,,,,,,,,,,,,,,,,,,,,,,,,,,,,,,,,,,,,,,,,,,,,,,,,,,,,,,"light,base,6,-268,0,0,0,1,1,0",,,,,,,,,,
Attack1/4,"nayedien,head,25,-487.4,2,0,7,1,1,0","nayedien,neck,24,-428.4,-1,0,10,1,1,0","nayedien,body,9.2,-294.4,-3,0,9,1,1,0","nayedien,arm_up,-49.4,-335.2,-61,0,13,1,1,0","nayedien,arm_low,-134.8,-307.2,-69,0,12,1,1,0","noble,open,-219.6,-284,-66,0,13,1,1,0","nayedien,arm_up,88,-336.8,55,0,15,1,1,0","nayedien,arm_low,153.2,-282,38,1,14,1,1,0","noble,open,226.4,-226.8,62,1,15,1,1,0","nayedien,leg_up,-63,-162.4,-35.2,1,11,1,1,0","nayedien,leg_low,-83,-62.4,10,1,11,1,1,0","nayedien,foot,-84.8,-3.4,-23.6,1,14,1,1,0","nayedien,leg_up,68,-166.4,32.7,0,15,1,1,0","nayedien,leg_low,126,-67.4,27.5,0,14,1,1,0","nayedien,foot,158.2,-6.4,27.5,0,16,1,1,0",,,"nayedien,cloak_below,-0.4,-146,-3,0,20,1,1,0","nayedien,cloak,24.4,-345.6,3,0,17,1,1,0","nayedien,shoulder,-40.8,-372.4,-11,0,8,1,1,0","nayedien,shoulder_strap,38.8,-387.2,-3,0,9,1,1,0","nayedien,shoulder_inner,85.6,-371.6,6,0,8,1,1,0","nayedien,cloak_up,-97,-356.4,-62,0,6,1,1,0","nayedien,cloak_up_back,138,-339.4,66,1,7,1,1,0","nayedien,hair_back,1.2,-304,5,0,24,1,1,0","nayedien,hair_outer,-115.2,-298.8,-3,0,23,1,1,0","nayedien,hair_inner,116.8,-275.2,-4,0,23,1,1,0",,,,,,,,,,,,,,,,,,,,,,,,,,,,,,,,,,,,,,,,,,,,,"nayedien,spear_appear_3,12,-244,83,0,7,1,1,0",,,,,,,,,,,,,,,,,,,,,,,,,,,,,,,,,,,,,,,,,,,,,,,"weapon_summon,1000,1"
Attack1/5,"nayedien,head,27,-483.4,-2,0,7,1,1,0","nayedien,neck,24,-428.4,-1,0,10,1,1,0","nayedien,body,9.2,-290.4,-4,0,9,1,1,0","nayedien,arm_up,-49.4,-341.2,-65,0,13,1,1,0","nayedien,arm_low,-134.8,-315.2,-70,0,12,1,1,0","noble,open,-219.6,-300,-70,0,13,1,1,0","nayedien,arm_up,88,-336.8,55,0,15,1,1,0","nayedien,arm_low,147.2,-282,33,1,14,1,1,0","noble,open,216.4,-220.8,56,1,15,1,1,0","nayedien,leg_up,-63,-156.4,-39.2,1,11,1,1,0","nayedien,leg_low,-87,-62.4,13,1,11,1,1,0","nayedien,foot,-84.8,-3.4,-23.6,1,14,1,1,0","nayedien,leg_up,68,-164.4,35.7,0,15,1,1,0","nayedien,leg_low,130,-67.4,29.5,0,14,1,1,0","nayedien,foot,164.2,-6.4,29.5,0,16,1,1,0",,,"nayedien,cloak_below,-4.4,-142,-5,0,20,1,1,0","nayedien,cloak,24.4,-345.6,-2,0,17,1,1,0","nayedien,shoulder,-40.8,-372.4,-11,0,8,1,1,0","nayedien,shoulder_strap,38.8,-385.2,-3,0,9,1,1,0","nayedien,shoulder_inner,85.6,-371.6,6,0,8,1,1,0","nayedien,cloak_up,-97,-362.4,-64,0,6,1,1,0","nayedien,cloak_up_back,138,-335.4,58,1,7,1,1,0","nayedien,hair_back,3.2,-292,5,0,24,1,1,0","nayedien,hair_outer,-119.2,-304.8,-4,0,23,1,1,0","nayedien,hair_inner,104.8,-271.2,-4,0,23,1,1,0",,,,,,,,,,,,,,,,,,,,,,,,,,,,,,,,,,,,,,,,,,,,,"nayedien,spear_appear_2,24,-238,78,0,9,1,1,0",,,,,,,,,,,,,,,,,,,,,,,,,,,,,,,,,,,,,,,,,,,,,play_time_mod_0.4,,
Attack1/6,"nayedien,head,27,-479.4,-5,0,7,1,1,0","nayedien,neck,24,-428.4,-1,0,10,1,1,0","nayedien,body,9.2,-286.4,-4,0,9,1,1,0","nayedien,arm_up,-49.4,-341.2,-65,0,13,1,1,0","nayedien,arm_low,-134.8,-321.2,-76,0,12,1,1,0","noble,open,-219.6,-314,-84,0,13,1,1,0","nayedien,arm_up,88,-336.8,55,0,15,1,1,0","nayedien,arm_low,147.2,-278,31,1,14,1,1,0","noble,open,208.4,-208.8,37,1,15,1,1,0","nayedien,leg_up,-63,-156.4,-44.2,1,11,1,1,0","nayedien,leg_low,-89,-62.4,17,1,11,1,1,0","nayedien,foot,-84.8,-3.4,-23.6,1,14,1,1,0","nayedien,leg_up,68,-160.4,35.7,0,15,1,1,0","nayedien,leg_low,134,-65.4,33.5,0,14,1,1,0","nayedien,foot,172.2,-6.4,29.5,0,16,1,1,0",,,"nayedien,cloak_below,-4.4,-138,-8,0,20,1,1,0","nayedien,cloak_wide,6.4,-323.6,-8,0,17,1,1,0","nayedien,shoulder,-40.8,-372.4,-11,0,8,1,1,0","nayedien,shoulder_strap,38.8,-381.2,-3,0,9,1,1,0","nayedien,shoulder_inner,85.6,-371.6,6,0,8,1,1,0","nayedien,cloak_up,-99,-352.4,-61,0,6,1.1,1.1,0","nayedien,cloak_up_back,138,-321.4,51,1,7,1,1,0","nayedien,hair_back,-18.8,-286,3,0,24,1,1,0","nayedien,hair_outer,-121.2,-304.8,-6,0,23,1,1,0","nayedien,hair_inner,96.8,-267.2,-7,0,23,1,1,0",,,,,,,,,,,,,,,,,,,,,,,,,,,,,,,,,,,,,,,,,,,,,"nayedien,spear_appear_1,26,-232.8,74,0,9,1,1,0",,,,,,,,,,,,,,,,,,,,,,,,,,,,,,,,,,,,,,,,,,,,,play_time_mod_0.2,,
Attack1/7,"nayedien,head,27,-473.4,-9,0,7,1,1,0","nayedien,neck,20,-428.4,-1,0,10,1,1,0","nayedien,body,5.2,-284.4,-5,0,9,1,1,0","nayedien,arm_up,-53.4,-353.2,-70,0,13,1,1,0","nayedien,arm_low,-128.8,-341.2,-76,0,12,1,1,0","noble,open,-207.6,-314,-47,0,8,1,1,0","nayedien,arm_up,84,-336.8,55,0,15,1,1,0","nayedien,arm_low,139.2,-272,28,1,14,1,1,0","noble,open,184.4,-198.8,19,1,7,1,1,0","nayedien,leg_up,-71,-156.4,-46.2,1,11,1,1,0","nayedien,leg_low,-95,-62.4,21,1,11,1,1,0","nayedien,foot,-88.8,-3.4,-25.6,1,14,1,1,0","nayedien,leg_up,70,-150.4,40.7,0,15,1,1,0","nayedien,leg_low,140,-65.4,38.5,0,14,1,1,0","nayedien,foot,182.2,-4.4,31.5,0,16,1,1,0",,,"nayedien,cloak_below,-8.4,-138,-8,0,20,1,1,0","nayedien,cloak_wide,6.4,-317.6,-9,0,17,1,1,0","nayedien,shoulder,-44.8,-370.4,-26,0,8,1,1,0","nayedien,shoulder_strap,34.8,-381.2,-3,0,9,1,1,0","nayedien,shoulder_inner,81.6,-371.6,6,0,8,1,1,0","nayedien,cloak_up,-113,-360.4,-67,0,6,1.1,1.1,0","nayedien,cloak_up_back,134,-325.4,55,1,7,1,1,0","nayedien,hair_back,-26.8,-274,0,0,24,1,1,0","nayedien,hair_outer,-137.2,-310.8,-11,0,23,1,1,0","nayedien,hair_inner,82.8,-253.2,-8,0,23,1,1,0",,,,,,,,,,,,,,,,,,,,,,,,,,,,,,,,,,,,,,,,,,,,,"nayedien,spear,11.2,-250,71,0,9,1,1,0",,,,,,,,,,,,,,,,,,,,,,,,,,,,,,,,,,,,,,,,,,,,,,,
Attack1/8,"nayedien,head,95.6,-466,-8,0,7,1,1,0","nayedien,neck,82.8,-412.8,-9,0,10,1,1,0","nayedien,body,49.2,-280.4,-13,0,9,1,1,0",,"nayedien,arm_low,-74.4,-299.6,-52,1,8,1,1,0","noble,fist,-118.4,-238,-32,0,7,1,1,0","nayedien,arm_up,138,-340.8,34,0,10,1,1,0","nayedien,arm_low,194,-268,47,0,8,1,1,0","noble,open,237.6,-216.8,51,1,7,1,1,0","nayedien,leg_up,-23,-154.4,-24.2,1,11,1,1,0","nayedien,leg_low,-63,-66.4,-21,1,11,1,1,0","nayedien,foot,-82.8,-7.4,-6,1,14,1,1,0","nayedien,leg_up,88,-162.4,45.7,0,13,1,1,0","nayedien,leg_low,144,-71.4,18.5,0,14,1,1,0","nayedien,foot,163.2,-3.6,15,0,16,1,1,0",,,"nayedien,cloak_below,28.4,-128,-16,1,20,1,1,0","nayedien,cloak_wide,78.4,-354,1,0,17,1,1,0","nayedien,shoulder,11.2,-366.8,-27,0,8,1,1,0","nayedien,shoulder_strap,96.8,-363.2,-2,1,9,1,1,0","nayedien,shoulder_inner,145.6,-367.6,37,0,8,1,1,0","nayedien,cloak_up,-53.2,-359.6,-73,0,7,1.1,1.1,0","nayedien,cloak_up_back,218,-348,78,1,7,1,1,0","nayedien,hair_back,-8.4,-264.8,-6,0,24,1,1,0","nayedien,hair_outer,-121.2,-304.8,-23,0,22,1,1,0","nayedien,hair_inner,139.2,-252.8,-18,0,23,1,1,0",,,,,,,,,,,,,,,,,,,,,,,,,,,,,,,,,,,,,,,,,,,,,"nayedien,spear,64.8,-224,86,0,9,1,1,0",,,,,,,,,,,,,,,,,,,,,,,,,,,,,,,,,,,,,,,,,,,,,play_time_mod_0.5,,
Attack1/9,"nayedien,head,101.6,-470,-6,0,7,1,1,0","nayedien,neck,92.8,-416.8,-7,0,10,1,1,0","nayedien,body,55.2,-284.4,-16,0,9,1,1,0",,"nayedien,arm_low,-4.4,-293.6,-2,1,8,1.1,1.1,0","noble,fist,14.8,-216,15,0,7,1,1,0","nayedien,arm_up,150,-340.8,53,0,10,1,1,0","nayedien,arm_low,218,-280,51,0,8,1,1,0","noble,open,273.6,-228.8,57,1,7,1,1,0","nayedien,leg_up,-27,-164.4,-30.2,1,11,1,1,0","nayedien,leg_low,-63,-72.4,-12,1,11,1,1,0","nayedien,foot,-82.8,-7.4,-6,1,14,1,1,0","nayedien,leg_up,96,-170.4,38.7,0,13,1,1,0","nayedien,leg_low,156,-71.4,24.5,0,14,1,1,0","nayedien,foot,177.2,-3.6,15,0,16,1,1,0",,,"nayedien,cloak_below,20.4,-148,-28,1,20,1,1,0","nayedien,cloak_wide,100.4,-376,14,0,17,1,1,0","nayedien,shoulder,21.2,-366.8,-34,0,8,1,1,0","nayedien,shoulder_strap,100.8,-375.2,2,1,9,1,1,0","nayedien,shoulder_inner,155.6,-375.6,54,0,8,1,1,0","nayedien,cloak_up,-49.2,-375.6,-113,1,8,1.1,1.1,0","nayedien,cloak_up_back,232,-398,115,1,7,1,1,0","nayedien,hair_back,-16.4,-282.8,-14,0,22,1,1,0","nayedien,hair_outer,-111.2,-330.8,-30,0,8,1,1,0","nayedien,hair_inner,127.2,-264.8,-21,0,23,1,1,0",,,,,,,,,,,,,,,,,,,,,,,,,,,,,,,,,,,,,,,,,,,,,"nayedien,spear_stab,208.8,-230,93,0,9,1,1,1",,,,,,,,,,,,,,,,,,,,,,,,,,,,,,,,,,,,,,,,,,,,,play_time_mod_0.1,,
Attack1/10,"nayedien,head,101.6,-476,-9,0,7,1,1,0","nayedien,neck,92.8,-422.8,-7,0,10,1,1,0","nayedien,body,69.2,-292.4,-10,0,9,1,1,0",,"nayedien,arm_low,55.6,-289.6,11,1,8,1.1,1.1,0","noble,fist,88.8,-219.2,22,0,7,1,1,0","nayedien,arm_up,156,-340.8,65,0,10,1,1,0","nayedien,arm_low,234,-296,65,0,8,1,1,0","noble,open,301.6,-256.8,74,1,7,1,1,0","nayedien,leg_up,-25,-164.4,-39.2,1,11,1,1,0","nayedien,leg_low,-81,-70.4,-24,1,11,1,1,0","nayedien,foot,-111.2,-4.4,-13,1,14,1,1,0","nayedien,leg_up,108,-170.4,43.7,0,13,1,1,0","nayedien,leg_low,184,-75.4,34.5,0,14,1,1,0","nayedien,foot,219.2,-5.6,17,0,16,1,1,0",,,"nayedien,cloak_below,24.4,-162,-40,1,20,1,1,0","nayedien,cloak_wide,98.4,-400,11,0,17,1,1,0","nayedien,shoulder,21.2,-372.8,-34,0,8,1,1,0","nayedien,shoulder_strap,100.8,-381.2,2,1,9,1,1,0","nayedien,shoulder_inner,155.6,-381.6,54,0,8,1,1,0","nayedien,cloak_up,-43.2,-391.6,-127,1,8,1.1,1.1,0","nayedien,cloak_up_back,216,-412,134,1,7,1,1,0","nayedien,hair_back,-34.4,-298.8,-23,0,22,1,1,0","nayedien,hair_outer,-117.2,-346.8,-34,0,8,1,1,0","nayedien,hair_inner,115.2,-280.8,-38,0,23,1,1,0",,,,,,,,,,,,,,,,,,,,,,,,,,,,,,,,,,,,,,,,,,,,,"nayedien,spear_stab,280.8,-238,94,0,9,1,1,1",,,,,,,,,,,,,,,,,,,,,,,,,,,,,,,,,,,,,,,,,,,,,play_time_mod_0.2,,"pierce,1000,1"
Attack1/11,"nayedien,head,117.6,-472,-12,0,7,1,1,0","nayedien,neck,100.8,-418.8,-10,0,10,1,1,0","nayedien,body,71.2,-288.4,-13,0,9,1,1,0","nayedien,arm_up,48.6,-337.2,49,0,9,1,1,0","nayedien,arm_low,111.6,-269.6,35,1,8,1.1,1.1,0","noble,fist,171.2,-216.4,34,0,7,1,1,0","nayedien,arm_up,190,-358.8,95,0,10,1,1,0","nayedien,arm_low,267.2,-357.6,96,0,8,1,1,0","noble,open,350.4,-359.6,111,1,7,1,1,0","nayedien,leg_up,-23,-164.4,-41.2,1,11,1,1,0","nayedien,leg_low,-85,-70.4,-26,1,11,1,1,0","nayedien,foot,-113.2,-4.4,-15,1,14,1,1,0","nayedien,leg_up,106,-156.4,40.7,0,13,1,1,0","nayedien,leg_low,174,-71.4,32.5,0,14,1,1,0","nayedien,foot,207.2,-7.6,26,0,16,1,1,0",,,"nayedien,cloak_below,14.4,-234,-151,1,20,1,1,0","nayedien,cloak_wide,76.4,-418,15,0,17,1,1,0","nayedien,shoulder,29.2,-376.8,-32,0,8,1,1,0","nayedien,shoulder_strap,108.8,-377.2,-8,1,9,1,1,0","nayedien,shoulder_inner,157.6,-391.6,68,0,8,1,1,0","nayedien,cloak_up,-21.2,-405.6,-142,1,8,1.1,1.1,0","nayedien,cloak_up_back,184,-428,146,1,11,1,1,0","nayedien,hair_back,-40.4,-306.8,-25,0,22,1,1,0","nayedien,hair_outer,-117.2,-348.8,-37,0,8,1,1,0","nayedien,hair_inner,101.2,-268.8,-41,0,23,1,1,0",,,,,,,,,,,,,,,,,,,,,,,,,,,,,,,,,,,,,,,,,,,,,"nayedien,spear_stab,384,-264.8,101,0,9,1.1,1.1,1",,,,,,,,,,,,,,,,,,,,,,,,,,,,,,,,,,,,,,,,,,,,,play_time_mod_0.1,,
Attack1/12,"nayedien,head,145.6,-444,-7,0,7,1,1,0","nayedien,neck,136.8,-392.8,-15,0,10,1,1,0","nayedien,body,83.2,-276.4,-23,0,9,1,1,0","nayedien,arm_up,92.6,-335.2,73,0,9,1,1,0","nayedien,arm_low,185.6,-285.6,49,1,8,1.2,1.2,0","noble,fist,261.2,-242.4,48,0,7,1,1,0","nayedien,arm_up,198,-344.8,114,0,10,1,1,0","nayedien,arm_low,283.2,-373.6,114,0,8,1,1,0","noble,open,356.4,-393.6,117,1,7,1,1,0","nayedien,leg_up,-25,-158.4,-42.2,1,11,1,1,0","nayedien,leg_low,-91,-70.4,-31,1,11,1,1,0","nayedien,foot,-119.2,-4.4,-15,1,14,1,1,0","nayedien,leg_up,110,-142.4,46.7,0,13,1,1,0","nayedien,leg_low,182,-67.4,39.5,0,14,1,1,0","nayedien,foot,223.2,-7.6,30,0,16,1,1,0",,,"nayedien,cloak_below,24.4,-266,-168,1,20,1,1,0","nayedien,cloak_wide,102.4,-432,-7,0,17,1,1,0","nayedien,shoulder,67.2,-376.8,-63,0,8,1,1,0","nayedien,shoulder_strap,146.8,-361.2,-8,1,9,1,1,0","nayedien,shoulder_inner,191.6,-379.6,83,0,8,1,1,0","nayedien,cloak_up,8.8,-415.6,-146,1,8,1,1,0","nayedien,cloak_up_back,216,-430,176,1,11,1,1,0","nayedien,hair_back,-10.4,-322.8,-30,0,22,1,1,0","nayedien,hair_outer,-87.2,-376.8,-58,0,8,1,1,0","nayedien,hair_inner,137.2,-260.8,-42,0,23,1,1,0",,,,,,,,,,,,,,,,,,,,,,,,,,,,,,,,,,,,,,,,,,,,,"nayedien,spear_stab,466.8,-288.8,102,0,9,1.1,1.1,1",,,,,,,,,,,,,,,,,,,,,,,,,,,,,,,,,,,,,,,,,,,,,play_time_mod_0.5,,
Attack1/13,"nayedien,head,145.6,-444,-7,0,7,1,1,0","nayedien,neck,136.8,-392.8,-15,0,10,1,1,0","nayedien,body,83.2,-276.4,-23,0,9,1,1,0","nayedien,arm_up,100.6,-335.2,73,0,9,1,1,0","nayedien,arm_low,191.6,-283.6,50,1,8,1.2,1.2,0","noble,fist,267.2,-242.4,48,0,7,1,1,0","nayedien,arm_up,190,-360.8,123,0,10,1,1,0","nayedien,arm_low,265.2,-415.6,131,0,8,1,1,0","noble,open,338.4,-453.6,125,1,7,1,1,0","nayedien,leg_up,-25,-158.4,-42.2,1,11,1,1,0","nayedien,leg_low,-91,-70.4,-31,1,11,1,1,0","nayedien,foot,-119.2,-4.4,-15,1,14,1,1,0","nayedien,leg_up,110,-142.4,46.7,0,13,1,1,0","nayedien,leg_low,182,-67.4,39.5,0,14,1,1,0","nayedien,foot,223.2,-7.6,30,0,16,1,1,0",,,"nayedien,cloak_below,18.4,-272,-155,1,20,1,1,0","nayedien,cloak_wide,102.4,-432,-7,0,17,1,1,0","nayedien,shoulder,67.2,-376.8,-63,0,8,1,1,0","nayedien,shoulder_strap,146.8,-361.2,-8,1,9,1,1,0","nayedien,shoulder_inner,191.6,-379.6,83,0,8,1,1,0","nayedien,cloak_up,12.8,-415.6,-151,1,8,1,1,0","nayedien,cloak_up_back,216,-430,-175,1,11,1,1,0","nayedien,hair_back,7.6,-308.8,-25,0,22,1,1,0","nayedien,hair_outer,-87.2,-364.8,-53,0,8,1,1,0","nayedien,hair_inner,157.2,-252.8,-37,0,23,1,1,0",,,,,,,,,,,,,,,,,,,,,,,,,,,,,,,,,,,,,,,,,,,,,"nayedien,spear,458.8,-286.8,103,0,9,1,1,1",,,,,,,,,,,,,,,,,,,,,,,,,,,,,,,,,,,,,,,,,,,,,stoppable,,
Attack1/14,"nayedien,head,141.6,-444,-7,0,7,1,1,0","nayedien,neck,132.8,-392.8,-15,0,10,1,1,0","nayedien,body,79.2,-276.4,-23,0,9,1,1,0","nayedien,arm_up,92.6,-335.2,73,0,9,1,1,0","nayedien,arm_low,187.6,-289.6,55,1,8,1.2,1.2,0","noble,fist,269.2,-252.4,48,0,7,1,1,0","nayedien,arm_up,184,-358.8,123,0,10,1,1,0","nayedien,arm_low,255.2,-421.6,139,0,8,1,1,0","noble,open,326.4,-465.6,129,1,7,1,1,0","nayedien,leg_up,-29,-158.4,-40.2,1,11,1,1,0","nayedien,leg_low,-89,-70.4,-27,1,11,1,1,0","nayedien,foot,-113.2,-4.4,-12,1,14,1,1,0","nayedien,leg_up,102,-142.4,46.7,0,13,1,1,0","nayedien,leg_low,174,-67.4,39.5,0,14,1,1,0","nayedien,foot,215.2,-7.6,30,0,16,1,1,0",,,"nayedien,cloak_below,4.4,-268,-148,1,20,1,1,0","nayedien,cloak_wide,102.4,-432,-12,0,17,1,1,0","nayedien,shoulder,63.2,-376.8,-67,0,8,1,1,0","nayedien,shoulder_strap,142.8,-361.2,-8,1,9,1,1,0","nayedien,shoulder_inner,187.6,-379.6,78,0,8,1,1,0","nayedien,cloak_up,12.8,-415.6,-156,1,8,1,1,0","nayedien,cloak_up_back,212,-430,-169,1,11,1,1,0","nayedien,hair_back,-8.4,-310.8,-25,0,22,1,1,0","nayedien,hair_outer,-85.2,-346.8,-46,0,8,1,1,0","nayedien,hair_inner,153.2,-252.8,-37,0,23,1,1,0",,,,,,,,,,,,,,,,,,,,,,,,,,,,,,,,,,,,,,,,,,,,,"nayedien,spear,464.8,-296.8,104,0,9,1,1,0",,,,,,,,,,,,,,,,,,,,,,,,,,,,,,,,,,,,,,,,,,,,,stoppable,,
Attack1/15,"nayedien,head,85.6,-490,-7,0,7,1,1,0","nayedien,neck,76.8,-420.8,-15,0,10,1,1,0","nayedien,body,51.2,-294.4,-8,0,9,1,1,0","nayedien,arm_up,42.6,-351.2,65,0,9,1,1,0","nayedien,arm_low,117.6,-291.6,39,1,8,1,1,0","noble,fist,180.8,-235.6,33,0,7,1,1,0","nayedien,arm_up,156,-372.8,79,0,10,1,1,0","nayedien,arm_low,248,-343.2,76,0,8,1,1,0","noble,open,320,-308,69,1,7,1,1,0","nayedien,leg_up,-21,-170.4,-37.2,1,11,1,1,0","nayedien,leg_low,-61,-72.4,-10,1,11,1,1,0","nayedien,foot,-72.8,-7.4,-6,1,14,1,1,0","nayedien,leg_up,100,-156.4,29.7,0,13,1,1,0","nayedien,leg_low,146,-63.4,24.5,0,14,1,1,0","nayedien,foot,173.2,-3.6,26,0,16,1,1,0",,,"nayedien,cloak_below,-5.6,-250,-149,1,20,1,1,0","nayedien,cloak_wide,48.4,-434,-15,0,17,1,1,0","nayedien,shoulder,9.2,-390.8,-59,0,8,1,1,0","nayedien,shoulder_strap,86.8,-387.2,3,1,9,1,1,0","nayedien,shoulder_inner,131.6,-397.6,77,0,8,1,1,0","nayedien,cloak_up,-42,-416,-117,1,8,1,1,0","nayedien,cloak_up_back,186,-420,110,1,11,1,1,0","nayedien,hair_back,-64.4,-282.8,-15,0,22,1,1,0","nayedien,hair_outer,-111.2,-344.8,-24,0,8,1,1,0","nayedien,hair_inner,75.2,-264.8,-36,0,23,1,1,0",,,,,,,,,,,,,,,,,,,,,,,,,,,,,,,,,,,,,,,,,,,,,"nayedien,spear,396.8,-274.8,101,0,9,1,1,0",,,,,,,,,,,,,,,,,,,,,,,,,,,,,,,,,,,,,,,,,,,,,stoppable,,
Attack1/16,"nayedien,head,53.6,-488,-7,0,7,1,1,0","nayedien,neck,44.8,-418.8,-15,0,10,1,1,0","nayedien,body,23.2,-294.4,-5,0,9,1,1,0","nayedien,arm_up,-15.4,-351.2,45,0,9,1,1,0","nayedien,arm_low,39.6,-275.6,27,1,8,1,1,0","noble,fist,90,-212,33,0,7,1,1,0","nayedien,arm_up,112,-362.8,54,0,10,1,1,0","nayedien,arm_low,184,-296,50,0,8,1,1,0","noble,open,240,-242,69,1,7,1,1,0","nayedien,leg_up,-45,-170.4,-29.2,1,11,1,1,0","nayedien,leg_low,-85,-72.4,-17,1,11,1,1,0","nayedien,foot,-102.8,-7.4,-6,1,14,1,1,0","nayedien,leg_up,94,-156.4,34.7,0,13,1,1,0","nayedien,leg_low,144,-63.4,22.5,0,14,1,1,0","nayedien,foot,173.2,-3.6,26,0,16,1,1,0",,,"nayedien,cloak_below,-13.6,-232,-155,1,20,1,1,0","nayedien,cloak_wide,38.4,-386,-10,0,17,1,1,0","nayedien,shoulder,-16.8,-386.8,-40,0,8,1,1,0","nayedien,shoulder_strap,66.8,-387.2,3,1,9,1,1,0","nayedien,shoulder_inner,109.6,-393.6,41,0,8,1,1,0","nayedien,cloak_up,-70,-370,-74,1,8,1,1,0","nayedien,cloak_up_back,182,-386,99,1,11,1,1,0","nayedien,hair_back,-72.4,-274.8,-11,0,24,1,1,0","nayedien,hair_outer,-127.2,-320.8,-15,0,9,1,1,0","nayedien,hair_inner,67.2,-260.8,-29,0,23,1,1,0",,,,,,,,,,,,,,,,,,,,,,,,,,,,,,,,,,,,,,,,,,,,,"nayedien,spear,284.8,-246.8,101,0,9,1,1,0",,,,,,,,,,,,,,,,,,,,,,,,,,,,,,,,,,,,,,,,,,,,,stoppable,,
Attack2/0,"nayedien,head,53.6,-486,-11,0,7,1,1,0","nayedien,neck,44.8,-418.8,-15,0,10,1,1,0","nayedien,body,19.2,-294.4,-4,0,9,1,1,0","nayedien,arm_up,-31.4,-347.2,-2,0,9,1,1,0","nayedien,arm_low,5.6,-277.6,44,1,8,1,1,0","noble,open,78,-242,71,0,7,1,1,0","nayedien,arm_up,112,-358.8,51,0,10,1,1,0","nayedien,arm_low,180,-282,45,0,8,1,1,0","noble,open,234,-226,63,1,7,1,1,0","nayedien,leg_up,-45,-170.4,-29.2,1,11,1,1,0","nayedien,leg_low,-85,-72.4,-17,1,11,1,1,0","nayedien,foot,-102.8,-7.4,-6,1,14,1,1,0","nayedien,leg_up,82,-156.4,31.7,0,13,1,1,0","nayedien,leg_low,130,-63.4,22.5,0,14,1,1,0","nayedien,foot,155.2,2.4,26,0,16,1,1,0",,,"nayedien,cloak_below,-9.2,-168.4,-33,1,20,0.9,0.9,0","nayedien,cloak_wide,38.4,-376,-12,0,17,1,1,0","nayedien,shoulder,-20.8,-384.8,-26,0,8,1,1,0","nayedien,shoulder_strap,66.8,-387.2,3,1,9,1,1,0","nayedien,shoulder_inner,109.6,-389.6,35,0,8,1,1,0","nayedien,cloak_up,-70,-358,-67,1,8,1,1,0","nayedien,cloak_up_back,166,-360,65,1,11,1,1,0","nayedien,hair_back,-52.4,-270.8,-7,0,24,1,1,0","nayedien,hair_outer,-127.2,-310.8,-9,0,9,1,1,0","nayedien,hair_inner,77.2,-252.8,-23,0,23,1,1,0",,,,,,,,,,,,,,,,,,,,,,,,,,,,,,,,,,,,,,,,,,,,,"nayedien,spear,272.8,-198.8,65,0,9,1,1,0",,,,,,,,,,,,,,,,,,,,,,,,,,,,,,,,,,,,,,,,,,,,,play_time_mod_0.5,,
Attack2/1,"nayedien,head,49.6,-486,-10,0,7,1,1,0","nayedien,neck,44.8,-418.8,-15,0,10,1,1,0","nayedien,body,13.2,-294.4,-2,0,9,1,1,0","nayedien,arm_up,-35.4,-347.2,-2,0,9,1,1,0","nayedien,arm_low,1.6,-277.6,44,1,8,1,1,0","noble,open,74,-240,73,0,7,1,1,0","nayedien,arm_up,124,-354.8,61,0,10,1,1,0","nayedien,arm_low,140,-284,-8,0,8,1,1,0","noble,open,108.6,-226.4,-37,1,5,1,1,0","nayedien,leg_up,-45,-170.4,-29.2,1,11,1,1,0","nayedien,leg_low,-87,-72.4,-20,1,11,1,1,0","nayedien,foot,-106.8,-7.4,-9,1,14,1,1,0","nayedien,leg_up,74,-156.4,30.7,0,13,1,1,0","nayedien,leg_low,120,-63.4,18.5,0,14,1,1,0","nayedien,foot,145.2,2.4,26,0,16,1,1,0",,,"nayedien,cloak_below,0.8,-158.4,-23,1,20,0.9,0.9,0","nayedien,cloak_wide,30.4,-364,-11,0,17,1,1,0","nayedien,shoulder,-20.8,-374.8,-10,0,8,1,1,0","nayedien,shoulder_strap,66.8,-387.2,3,1,9,1,1,0","nayedien,shoulder_inner,103.6,-387.6,24,0,8,1,1,0","nayedien,cloak_up,-70,-336,-57,1,8,1,1,0","nayedien,cloak_up_back,160,-348,51,1,8,1,1,0","nayedien,hair_back,-56.4,-276.8,-7,0,24,1,1,0","nayedien,hair_outer,-137.2,-302.8,-7,0,9,1,1,0","nayedien,hair_inner,83.2,-252.8,-20,0,23,1,1,0",,,,,,,,,,,,,,,,,,,,,,,,,,,,,,,,,,,,,,,,,,,,,"nayedien,spear,109.8,-246,24,0,7,1,1,0",,,,,,,,,,,,,,,,,,,,,,,,,,,,,,,,,,,,,,,,,,,,,play_time_mod_0.2,,"weapon_summon2,1000,1"
Attack2/2,"nayedien,head,28.4,-490.8,-6,0,7,1,1,0","nayedien,neck,20.8,-428.8,5,0,10,1,1,0","nayedien,body,9.2,-300.4,0,0,9,1,1,0","nayedien,arm_up,-45.4,-345.2,5,0,9,1,1,0","nayedien,arm_low,-6.4,-279.6,45,1,8,1,1,0","noble,fist,56,-249.6,65,0,4,1,1,0","nayedien,arm_up,110,-346.8,65,0,9,1,1,0","nayedien,arm_low,140,-312,-51,0,8,1,1,0","noble,open,75.6,-292,-75,1,4,1,1,0","nayedien,leg_up,-43,-172.4,-22.2,1,11,1,1,0","nayedien,leg_low,-83,-72.4,-20,1,11,1,1,0","nayedien,foot,-106.8,-7.4,-18,1,14,1,1,0","nayedien,leg_up,66,-184.4,27.7,0,13,1,1,0","nayedien,leg_low,108,-79.4,13.5,0,14,1,1,0","nayedien,foot,123.2,-11.6,11,0,16,1,1,0",,,"nayedien,cloak_below,-5.2,-162.4,-20,1,20,0.9,0.9,0","nayedien,cloak_wide,36,-339.6,12,0,19,1,1,0","nayedien,shoulder,-46.8,-372.8,-9,0,8,1,1,0","nayedien,shoulder_strap,30.8,-391.2,8,1,9,1,1,0","nayedien,shoulder_inner,87.6,-395.6,29,0,8,1,1,0","nayedien,cloak_up,-85.2,-321.6,-22,0,7,1,1,0","nayedien,cloak_up_back,144,-350,44,1,6,1,1,0","nayedien,hair_back,-40.4,-281.6,-7,0,24,1,1,0","nayedien,hair_outer,-160,-304,-10,0,22,1,1,0","nayedien,hair_inner,76.4,-291.2,-10,0,23,1,1,0",,,,,,,,,,,,,,,,,,,,,,,,,,,,,,,,,,,,,,,,,,,,,"nayedien,spear,74,-284,-7,0,5,1,1,0",,,,,,,,,,,,,,,,,,,,,,,,,,,,,,,,,,,,,,,,,,,,,,,
Attack2/3,"nayedien,head,12.4,-490.8,1,0,7,1,1,0","nayedien,neck,14.8,-428.8,5,0,10,1,1,0","nayedien,body,3.2,-300.4,2,0,9,1,1,0","nayedien,arm_up,-53.4,-337.2,-4,0,9,1,1,0","nayedien,arm_low,-44.4,-267.6,20,1,8,1,1,0","noble,fist,-2,-217.6,43,0,4,1,1,0","nayedien,arm_up,96,-346.8,26,1,9,1,1,0","nayedien,arm_low,72,-298,-63,0,8,1,1,0","noble,fist,15.6,-296,-106,1,4,1,1,0","nayedien,leg_up,-43,-172.4,-19.2,0,11,1,1,0","nayedien,leg_low,-79,-72.4,-20,0,11,1,1,0","nayedien,foot,-108.8,-7.4,-18,1,14,1,1,0","nayedien,leg_up,64,-184.4,34.7,0,13,1,1,0","nayedien,leg_low,112,-79.4,13.5,0,14,1,1,0","nayedien,foot,131.2,-11.6,19,0,16,1,1,0",,,"nayedien,cloak_below,0.8,-162.4,-13,1,20,0.9,0.9,0","nayedien,cloak_wide,10,-325.6,16,0,19,1,1,0","nayedien,shoulder,-46.8,-370.8,-8,0,8,1,1,0","nayedien,shoulder_strap,24.8,-391.2,8,1,9,1,1,0","nayedien,shoulder_inner,75.6,-383.6,9,0,8,1,1,0","nayedien,cloak_up,-75.2,-325.6,-16,0,7,1,1,0","nayedien,cloak_up_back,120,-320,34,1,6,1,1,0","nayedien,hair_back,-30.4,-275.6,-3,0,24,1,1,0","nayedien,hair_outer,-150,-298,-6,0,22,1,1,0","nayedien,hair_inner,86.4,-285.2,-6,0,23,1,1,0",,,,,,,,,,,,,,,,,,,,,,,,,,,,,,,,,,,,,,,,,,,,,"nayedien,spear,18,-308,-10,0,5,1,1,0",,,,,,,,,,,,,,,,,,,,,,,,,,,,,,,,,,,,,,,,,,,,,play_time_mod_0.5,,
Attack2/4,"nayedien,head,62.4,-458.8,-8,0,7,1,1,0","nayedien,neck,52.8,-396.8,-4,0,10,1,1,0","nayedien,body,23.2,-272.4,-11,0,9,1,1,0","nayedien,arm_up,-51.4,-327.2,-4,0,9,1,1,0","nayedien,arm_low,-54.4,-261.6,23,1,8,1,1,0","noble,fist,-10,-215.6,47,0,4,1,1,0","nayedien,arm_up,114,-328.8,11,1,9,1,1,0","nayedien,arm_low,86,-274,-76,0,8,1,1,0","noble,fist,29.6,-284,-106,1,4,1,1,0","nayedien,leg_up,-41,-156.4,-16.2,0,11,1,1,0","nayedien,leg_low,-83,-60.4,-20,0,11,1,1,0","nayedien,foot,-100.8,0.6,-11,0,14,1,1,0","nayedien,leg_up,62,-164.4,48.7,0,13,1,1,0","nayedien,leg_low,100,-77.4,0.5,0,14,1,1,0","nayedien,foot,103.2,-3.6,10,0,16,1,1,0",,,"nayedien,cloak_below,-9.2,-148.4,-30,1,20,0.9,0.9,0","nayedien,cloak_wide,40,-271.6,-5,0,19,1,1,0","nayedien,shoulder,-16.8,-342.8,-10,0,8,1,1,0","nayedien,shoulder_strap,54.8,-359.2,1,1,9,1,1,0","nayedien,shoulder_inner,103.6,-347.6,9,0,8,1,1,0","nayedien,cloak_up,-53.2,-299.6,-23,0,7,1,1,0","nayedien,cloak_up_back,140,-276,18,1,6,1,1,0","nayedien,hair_back,-2.4,-247.6,-4,0,24,1,1,0","nayedien,hair_outer,-122,-270,-7,0,22,1,1,0","nayedien,hair_inner,114.4,-257.2,-7,0,23,1,1,0",,,,,,,,,,,,,,,,,,,,,,,,,,,,,,,,,,,,,,,,,,,,,"nayedien,spear,26,-298,-20,0,5,1,1,0",,,,,,,,,,,,,,,,,,,,,,,,,,,,,,,,,,,,,,,,,,,,,play_time_mod_0.5,,
Attack2/5,"nayedien,head,70.4,-450.8,-14,0,7,1,1,0","nayedien,neck,52.8,-396.8,-4,0,10,1,1,0","nayedien,body,23.2,-266.4,-13,0,9,1,1,0","nayedien,arm_up,-47.4,-309.2,-11,0,9,1,1,0","nayedien,arm_low,-70.4,-231.6,2,1,8,1,1,0","noble,open,-60,-147.6,-13,0,4,1,1,0","nayedien,arm_up,114,-318.8,11,1,9,1,1,0","nayedien,arm_low,78,-250,-63,0,8,1,1,0","noble,open,9.6,-216,-49,1,4,1,1,0","nayedien,leg_up,-41,-156.4,-16.2,0,11,1,1,0","nayedien,leg_low,-83,-60.4,-20,0,11,1,1,0","nayedien,foot,-100.8,0.6,-11,0,14,1,1,0","nayedien,leg_up,62,-160.4,51.7,0,13,1,1,0","nayedien,leg_low,104,-73.4,-2.5,0,14,1,1,0","nayedien,foot,103.2,-3.6,10,0,16,1,1,0",,,"nayedien,cloak_below,-3.2,-142.4,-22,1,20,0.9,0.9,0","nayedien,cloak_wide,40,-271.6,-5,0,19,1,1,0","nayedien,shoulder,-16.8,-342.8,-10,0,8,1,1,0","nayedien,shoulder_strap,60.8,-353.2,-5,1,9,1,1,0","nayedien,shoulder_inner,105.6,-335.6,3,0,8,1,1,0","nayedien,cloak_up,-59.2,-299.6,-29,0,7,1,1,0","nayedien,cloak_up_back,130,-272,15,1,6,1,1,0","nayedien,hair_back,-12.4,-247.6,-6,0,24,1,1,0","nayedien,hair_outer,-132,-270,-9,0,22,1,1,0","nayedien,hair_inner,104.4,-257.2,-9,0,23,1,1,0",,,,,,,,,,,,,,,,,,,,,,,,,,,,,,,,,,,,,,,,,,,,,"nayedien,spear_appear_1,-4,-206,-21,0,5,1,1,0",,,,,,,,,,,,,,,,,,,,,,,,,,,,,,,,,,,,,,,,,,,,,play_time_mod_0.5,,
Attack2/6,"nayedien,head,86.4,-444.8,-16,0,7,1,1,0","nayedien,neck,78.8,-386.8,-23,0,10,1,1,0","nayedien,body,29.2,-262.4,-16,0,9,1,1,0","nayedien,arm_up,-43.4,-317.2,-35,0,9,1,1,0","nayedien,arm_low,-92.4,-241.6,-40,1,8,1,1,0","noble,open,-136,-187.6,-64,0,4,1,1,0","nayedien,arm_up,114,-306.8,1,1,9,1,1,0","nayedien,arm_low,82,-238,-46,0,8,1,1,0","noble,open,17.6,-206,-62,1,4,1,1,0","nayedien,leg_up,-41,-156.4,-16.2,0,11,1,1,0","nayedien,leg_low,-83,-60.4,-20,0,11,1,1,0","nayedien,foot,-100.8,0.6,-11,0,14,1,1,0","nayedien,leg_up,64,-148.4,55.7,0,13,1,1,0","nayedien,leg_low,104,-67.4,-7.5,0,14,1,1,0","nayedien,foot,103.2,-3.6,10,0,16,1,1,0",,,"nayedien,cloak_below,2.8,-138.4,-17,1,20,0.9,0.9,0","nayedien,cloak_wide,40,-271.6,-5,0,19,1,1,0","nayedien,shoulder,-12.8,-342.8,-22,0,8,1,1,0","nayedien,shoulder_strap,68.8,-347.2,-10,1,9,1,1,0","nayedien,shoulder_inner,103.6,-329.6,-10,0,8,1,1,0","nayedien,cloak_up,-73.2,-317.6,-53,0,7,1,1,0","nayedien,cloak_up_back,132,-272,29,1,6,1,1,0","nayedien,hair_back,-8.4,-249.6,-11,0,24,1,1,0","nayedien,hair_outer,-128,-272,-14,0,22,1,1,0","nayedien,hair_inner,108.4,-259.2,-14,0,23,1,1,0",,,,,,,,,,,,,,,,,,,,,,,,,,,,,,,,,,,,,,,,,,,,,"nayedien,spear_appear_2,-24,-162,-21,0,5,1,1,0",,,,,,,,,,,,,,,,,,,,,,,,,,,,,,,,,,,,,,,,,,,,,play_time_mod_0.2,,
Attack2/7,"nayedien,head,86.4,-444.8,-19,0,7,1,1,0","nayedien,neck,62.8,-386.8,-25,0,10,1,1,0","nayedien,body,27.2,-262.4,-16,0,9,1,1,0","nayedien,arm_up,-43.4,-323.2,-39,0,9,1,1,0","nayedien,arm_low,-110.4,-259.6,-58,1,8,1,1,0","noble,open,-162,-217.6,-64,0,4,1,1,0","nayedien,arm_up,114,-306.8,1,1,9,1,1,0","nayedien,arm_low,72,-218,-51,0,8,1,1,0","noble,open,7.6,-196,-68,1,4,1,1,0","nayedien,leg_up,-45,-156.4,-19.2,0,11,1,1,0","nayedien,leg_low,-83,-60.4,-20,0,11,1,1,0","nayedien,foot,-100.8,0.6,-11,0,14,1,1,0","nayedien,leg_up,68,-144.4,53.7,0,13,1,1,0","nayedien,leg_low,96,-67.4,-16.5,0,14,1,1,0","nayedien,foot,85.2,-3.6,10,0,16,1,1,0",,,"nayedien,cloak_below,-7.2,-138.4,-21,1,20,0.9,0.9,0","nayedien,cloak_wide,40,-271.6,-5,0,19,1,1,0","nayedien,shoulder,-12.8,-342.8,-22,0,8,1,1,0","nayedien,shoulder_strap,68.8,-347.2,-10,1,9,1,1,0","nayedien,shoulder_inner,105.6,-329.6,-10,0,8,1,1,0","nayedien,cloak_up,-77.2,-319.6,-60,0,7,1.1,1.1,0","nayedien,cloak_up_back,126,-256,11,1,6,1,1,0","nayedien,hair_back,-16.4,-261.6,-21,0,22,1,1,0","nayedien,hair_outer,-121.2,-309.6,-20,0,22,1,1,0","nayedien,hair_inner,88.4,-235.2,-30,0,23,1,1,0",,,,,,,,,,,,,,,,,,,,,,,,,,,,,,,,,,,,,,,,,,,,,"nayedien,spear_appear_3,-42,-118,-21,0,5,1,1,0",,,,,,,,,,,,,,,,,,,,,,,,,,,,,,,,,,,,,,,,,,,,,play_time_mod_0.2,,
Attack2/8,"nayedien,head,106.4,-436.8,-25,0,7,1,1,0","nayedien,neck,72.8,-386.8,-38,0,10,1,1,0","nayedien,body,29.2,-262.4,-19,0,9,1,1,0","nayedien,arm_up,-43.4,-317.2,-35,0,9,1,1,0","nayedien,arm_low,-118.4,-269.6,-77,1,8,1,1,0","noble,open,-192,-229.6,-64,0,4,1,1,0","nayedien,arm_up,112,-288.8,-12,1,9,1,1,0","nayedien,arm_low,50,-210,-51,0,8,1,1,0","noble,open,-12.4,-188,-68,1,4,1,1,0","nayedien,leg_up,-53,-148.4,-25.2,0,11,1,1,0","nayedien,leg_low,-101,-60.4,-24,0,11,1,1,0","nayedien,foot,-130.8,0.6,-39,0,14,1,1,0","nayedien,leg_up,68,-144.4,53.7,0,13,1,1,0","nayedien,leg_low,96,-67.4,-16.5,0,14,1,1,0","nayedien,foot,85.2,-3.6,10,0,16,1,1,0",,,"nayedien,cloak_below,-19.2,-130.4,-27,1,20,0.9,0.9,0","nayedien,cloak_wide,22,-267.6,-16,0,19,1,1,0","nayedien,shoulder,-8.8,-350.8,-33,0,8,1,1,0","nayedien,shoulder_strap,68.8,-347.2,-10,1,9,1,1,0","nayedien,shoulder_inner,107.6,-305.6,-30,0,8,1,1,0","nayedien,cloak_up,-77.2,-347.6,-74,0,7,1.1,1.1,0","nayedien,cloak_up_back,104,-230,-3,1,6,1,1,0","nayedien,hair_back,-24.4,-267.6,-30,0,22,1,1,0","nayedien,hair_outer,-141.2,-319.6,-29,0,22,1,1,0","nayedien,hair_inner,76.4,-239.2,-38,0,23,1,1,0",,,,,,,,,,,,,,,,,,,,,,,,,,,,,,,,,,,,,,,,,,,,,,"nayedien,flail_arrive2_3,-261.2,-213.2,-90,0,0,1,1,0",,,,,,,,,,,,,,,,,,,,,,,,,,,,,,,,,,,,,,,,,,,,play_time_mod_0.2,,"weapon_summon,1000,1"
Attack2/9,"nayedien,head,94.4,-440.8,-16,0,7,1,1,0","nayedien,neck,72.8,-386.8,-38,0,10,1,1,0","nayedien,body,29.2,-262.4,-19,0,9,1,1,0","nayedien,arm_up,-43.4,-319.2,-50,0,9,1,1,0","nayedien,arm_low,-118.4,-285.6,-77,1,8,1,1,0","noble,open,-192,-253.6,-77,0,4,1,1,0","nayedien,arm_up,106,-288.8,-31,1,9,1,1,0","nayedien,arm_low,30,-226,-60,0,8,1,1,0","noble,open,-38.4,-204,-62,1,4,1,1,0","nayedien,leg_up,-57,-152.4,-35.2,1,11,1,1,0","nayedien,leg_low,-119,-60.4,-29,1,11,1,1,0","nayedien,foot,-150.8,0.6,-29,1,14,1,1,0","nayedien,leg_up,68,-140.4,60.7,0,13,1,1,0","nayedien,leg_low,96,-67.4,-14.5,0,14,1,1,0","nayedien,foot,85.2,-3.6,10,0,16,1,1,0",,,"nayedien,cloak_below,-35.2,-120.4,-32,1,20,0.9,0.9,0","nayedien,cloak_wide,22,-267.6,-23,0,19,1,1,0","nayedien,shoulder,-8.8,-350.8,-33,0,8,1,1,0","nayedien,shoulder_strap,68.8,-347.2,-10,1,9,1,1,0","nayedien,shoulder_inner,107.6,-305.6,-30,0,8,1,1,0","nayedien,cloak_up,-77.2,-357.6,-89,0,7,1.1,1.1,0","nayedien,cloak_up_back,94,-230,-17,1,6,1,1,0","nayedien,hair_back,-60.4,-279.6,-34,0,22,1,1,0","nayedien,hair_outer,-157.2,-349.6,-44,0,22,1,1,0","nayedien,hair_inner,74.4,-247.2,-42,0,23,1,1,0",,,,,,,,,,,,,,,,,,,,,,,,,,,,,,,,,,,,,,,,,,,,,,"nayedien,flail_arrive2_2,-251.2,-213.2,-90,0,0,1,1,0",,,,,,,,,,,,,,,,,,,,,,,,,,,,,,,,,,,,,,,,,,,,play_time_mod_0.3,,
Attack2/10,"nayedien,head,88.4,-444.8,-11,0,7,1,1,0","nayedien,neck,72.8,-386.8,-38,0,10,1,1,0","nayedien,body,33.2,-262.4,-21,0,9,1,1,0","nayedien,arm_up,-43.4,-319.2,-43,0,9,1,1,0","nayedien,arm_low,-114.4,-271.6,-70,1,8,1,1,0","noble,open,-186,-225.6,-64,0,4,1,1,0","nayedien,arm_up,96,-296.8,-31,1,9,1,1,0","nayedien,arm_low,22,-246,-56,0,8,1,1,0","noble,fist,-42.4,-210,-39,1,4,1,1,0","nayedien,leg_up,-57,-152.4,-35.2,1,11,1,1,0","nayedien,leg_low,-119,-60.4,-29,1,11,1,1,0","nayedien,foot,-150.8,0.6,-29,1,14,1,1,0","nayedien,leg_up,66,-140.4,62.7,0,13,1,1,0","nayedien,leg_low,104,-67.4,-11.5,0,14,1,1,0","nayedien,foot,99.2,-3.6,16,0,16,1,1,0",,,"nayedien,cloak_below,-31.2,-124.4,-42,1,20,0.9,0.9,0","nayedien,cloak_wide,-4,-287.6,-35,0,19,1,1,0","nayedien,shoulder,-8.8,-350.8,-33,0,8,1,1,0","nayedien,shoulder_strap,68.8,-347.2,-10,1,9,1,1,0","nayedien,shoulder_inner,107.6,-305.6,-30,0,8,1,1,0","nayedien,cloak_up,-77.2,-363.6,-92,0,7,1.1,1.1,0","nayedien,cloak_up_back,88,-230,-23,1,6,1,1,0","nayedien,hair_back,-70.4,-281.6,-29,0,24,1,1,0","nayedien,hair_outer,-153.2,-353.6,-48,0,22,1,1,0","nayedien,hair_inner,74.4,-255.2,-42,0,23,1,1,0",,,,,,,,,,,,,,,,,,,,,,,,,,,,,,,,,,,,,,,,,,,,,,"nayedien,flail_arrive2_1,-235.2,-213.2,-90,0,6,1,1,0",,,,,,,,,,,,,,,,,,,,,,,,,,,,,,,,,,,,,,,,,,,,,,
Attack2/11,"nayedien,head,74.4,-450.8,-9,0,7,1,1,0","nayedien,neck,58.8,-392.8,-36,0,10,1,1,0","nayedien,body,27.2,-268.4,-13,0,9,1,1,0","nayedien,arm_up,-35.4,-311.2,-26,0,9,1,1,0","nayedien,arm_low,-84.4,-235.6,-41,1,8,1,1,0","noble,open,-120,-160.4,-28,0,4,1,1,0","nayedien,arm_up,108,-296.8,-5,1,9,1,1,0","nayedien,arm_low,74,-240,-30,0,8,1,1,0","noble,punch,44,-205.6,-7,1,4,1,1,0","nayedien,leg_up,-57,-148.4,-33.2,1,11,1,1,0","nayedien,leg_low,-119,-56.4,-29,1,11,1,1,0","nayedien,foot,-144.8,0.6,-26,1,14,1,1,0","nayedien,leg_up,72,-146.4,57.7,0,13,1,1,0","nayedien,leg_low,104,-67.4,-11.5,0,14,1,1,0","nayedien,foot,99.2,-3.6,16,0,16,1,1,0",,,"nayedien,cloak_below,-23.2,-124.4,-40,1,20,0.9,0.9,0","nayedien,cloak_wide,18,-287.6,-19,0,19,1,1,0","nayedien,shoulder,-8.8,-350.8,-33,0,8,1,1,0","nayedien,shoulder_strap,68.8,-347.2,-10,1,9,1,1,0","nayedien,shoulder_inner,107.6,-319.6,-16,0,8,1,1,0","nayedien,cloak_up,-83.2,-345.6,-74,0,7,1.1,1.1,0","nayedien,cloak_up_back,132,-242,18,1,6,1,1,0","nayedien,hair_back,-72.4,-273.6,-25,0,24,1,1,0","nayedien,hair_outer,-155.2,-345.6,-44,0,22,1,1,0","nayedien,hair_inner,72.4,-247.2,-38,0,23,1,1,0",,,,,,,,,,,,,,,,,,,,,,,,,,,,,,,,,,,,,,,,,,,,,,"nayedien,flail_swing_small,-199.2,-181.2,-89,1,6,1,1,1",,,,,,,,,,,,,,,,,,,,,,,,,,,,,,,,,,,,,,,,,,,,,,"swing_bulk_large,1000,1"
Attack2/12,"nayedien,head,42.4,-466.8,-2,0,7,1,1,0","nayedien,neck,42.8,-398.8,-36,0,10,1,1,0","nayedien,body,17.2,-274.4,-8,0,9,1,1,0","nayedien,arm_up,-37.4,-301.2,2,0,9,1,1,0","nayedien,arm_low,-42.4,-203.6,-9,1,8,1,1,0","noble,open,-52,-122.4,-30,0,4,1,1,0","nayedien,arm_up,108,-312.8,7,1,9,1,1,0","nayedien,arm_low,124,-250,26,0,8,1,1,0","noble,punch,147.2,-186.4,37,1,4,1,1,0","nayedien,leg_up,-57,-148.4,-33.2,1,11,1,1,0","nayedien,leg_low,-119,-56.4,-29,1,11,1,1,0","nayedien,foot,-144.8,0.6,-26,1,14,1,1,0","nayedien,leg_up,68,-154.4,48.7,0,13,1,1,0","nayedien,leg_low,104,-67.4,-4.5,0,14,1,1,0","nayedien,foot,105.2,-3.6,16,0,16,1,1,0",,,"nayedien,cloak_below,-17.2,-124.4,-22,1,20,0.9,0.9,0","nayedien,cloak_wide,36,-331.6,2,0,19,1,1,0","nayedien,shoulder,-34.8,-352.8,-21,0,8,1,1,0","nayedien,shoulder_strap,42.8,-363.2,-1,1,9,1,1,0","nayedien,shoulder_inner,105.6,-353.6,23,0,8,1,1,0","nayedien,cloak_up,-81.2,-319.6,-37,0,7,1,1,0","nayedien,cloak_up_back,174,-324,74,1,6,1,1,0","nayedien,hair_back,-72.4,-271.6,-10,0,24,1,1,0","nayedien,hair_outer,-155.2,-323.6,-29,0,22,1,1,0","nayedien,hair_inner,74.4,-271.2,-25,0,23,1,1,0",,,,,,,,,,,,,,,,,,,,,,,,,,,,,,,,,,,,,,,,,,,,,,"nayedien,flail_long_swing,-63.2,-137.2,-67,1,6,1,1,1",,,,,,,,,,,,,,,,,,,,,,,,,,,,,,,,,,,,,,,,,,,,play_time_mod_0.3,,
Attack2/13,"nayedien,head,26.4,-470.8,-2,0,7,1,1,0","nayedien,neck,26.8,-402.8,-36,0,10,1,1,0","nayedien,body,3.2,-282.4,-3,0,9,1,1,0","nayedien,arm_up,-43.4,-321.2,21,0,9,1,1,0","nayedien,arm_low,-18.4,-231.6,10,1,8,1,1,0","noble,open,-5.2,-155.6,-16,0,4,1,1,0","nayedien,arm_up,104,-336.8,44,1,9,1,1,0","nayedien,arm_low,170,-302,73,0,8,1,1,0","noble,punch,231.2,-268.4,72,1,4,1,1,0","nayedien,leg_up,-59,-148.4,-33.2,1,11,1,1,0","nayedien,leg_low,-119,-56.4,-29,1,11,1,1,0","nayedien,foot,-144.8,0.6,-26,1,14,1,1,0","nayedien,leg_up,66,-156.4,48.7,0,13,1,1,0","nayedien,leg_low,104,-67.4,-4.5,0,14,1,1,0","nayedien,foot,105.2,-3.6,16,0,16,1,1,0",,,"nayedien,cloak_below,-23.2,-124.4,-27,1,20,0.9,0.9,0","nayedien,cloak_wide,22,-339.6,2,0,19,1,1,0","nayedien,shoulder,-48.8,-360.8,-21,0,8,1,1,0","nayedien,shoulder_strap,28.8,-371.2,-1,1,9,1,1,0","nayedien,shoulder_inner,91.6,-361.6,23,0,8,1,1,0","nayedien,cloak_up,-99.2,-315.6,-32,0,7,1,1,0","nayedien,cloak_up_back,160,-332,74,1,6,1,1,0","nayedien,hair_back,-54.4,-275.6,-11,0,24,1,1,0","nayedien,hair_outer,-165.2,-265.6,-9,0,22,1,1,0","nayedien,hair_inner,82.4,-253.2,-15,0,23,1,1,0",,,,,,,,,,,,,,,,,,,,,,,,,,,,,,,,,,,,,,,,,,,,,,"nayedien,flail_long_swing,128.8,-73.2,-20,1,6,1,1,1",,,,,,,,,,,,,,,,,,,,,,,,,,,,,,,,,,,,,,,,,,,,play_time_mod_0.3,,
Attack2/14,"nayedien,head,-23.6,-466.8,7,0,7,1,1,0","nayedien,neck,-21.2,-398.8,10,0,10,1,1,0","nayedien,body,-10.8,-278.4,6,0,9,1,1,0","nayedien,arm_up,-63.4,-311.2,22,0,9,1,1,0","nayedien,arm_low,-32.4,-227.6,13,1,8,1,1,0","noble,open,-12.4,-154,-7,0,4,1,1,0","nayedien,arm_up,76,-370.8,70,1,9,1,1,0","nayedien,arm_low,166,-372,106,0,8,1,1,0","noble,punch,232,-384.4,120,1,4,1,1,0","nayedien,leg_up,-59,-148.4,-33.2,1,11,1,1,0","nayedien,leg_low,-119,-56.4,-29,1,11,1,1,0","nayedien,foot,-144.8,0.6,-26,1,14,1,1,0","nayedien,leg_up,68,-160.4,45.7,0,13,1,1,0","nayedien,leg_low,104,-67.4,-3.5,0,14,1,1,0","nayedien,foot,101.2,-3.6,13,0,16,1,1,0",,,"nayedien,cloak_below,-25.2,-130.4,-25,1,20,0.9,0.9,0","nayedien,cloak_wide,36,-337.6,23,0,19,1,1,0","nayedien,shoulder,-72.8,-344.8,-11,0,8,1,1,0","nayedien,shoulder_strap,6.8,-373.2,11,1,9,1,1,0","nayedien,shoulder_inner,55.6,-379.6,43,0,8,1,1,0","nayedien,cloak_up,-117.2,-311.6,-37,0,7,1,1,0","nayedien,cloak_up_back,140,-386,106,1,6,1,1,0","nayedien,hair_back,-28.4,-261.6,5,0,24,1,1,0","nayedien,hair_outer,-139.2,-251.6,7,0,22,1,1,0","nayedien,hair_inner,108.4,-239.2,1,0,23,1,1,0",,,,,,,,,,,,,,,,,,,,,,,,,,,,,,,,,,,,,,,,,,,,,,"nayedien,flail_long_swing,337.2,-181.6,37,1,6,1.1,1.1,1",,,,,,,,,,,,,,,,,,,,,,,,,,,,,,,,,,,,,,,,,,,,play_time_mod_0.2,,
Attack2/15,"nayedien,head,-27.6,-466.8,11,0,7,1,1,0","nayedien,neck,-21.2,-398.8,10,0,10,1,1,0","nayedien,body,-10.8,-278.4,6,0,9,1,1,0","nayedien,arm_up,-77.4,-311.2,10,0,9,1,1,0","nayedien,arm_low,-74.4,-227.6,-6,1,8,1,1,0","noble,open,-78.4,-154,-24,0,4,1,1,0","nayedien,arm_up,76,-388.8,90,1,9,1,1,0","nayedien,arm_low,158,-414,121,0,8,1,1,0","noble,punch,232,-460.4,141,1,4,1,1,0","nayedien,leg_up,-57,-148.4,-33.2,1,11,1,1,0","nayedien,leg_low,-119,-56.4,-29,1,11,1,1,0","nayedien,foot,-144.8,0.6,-26,1,14,1,1,0","nayedien,leg_up,66,-164.4,45.7,0,13,1,1,0","nayedien,leg_low,116,-67.4,9.5,0,14,1,1,0","nayedien,foot,127.2,-3.6,13,0,16,1,1,0",,,"nayedien,cloak_below,-27.2,-134.4,-27,1,20,0.9,0.9,0","nayedien,cloak_wide,36,-337.6,36,0,19,1,1,0","nayedien,shoulder,-80.8,-346.8,-10,0,8,1,1,0","nayedien,shoulder_strap,0.8,-373.2,11,1,9,1,1,0","nayedien,shoulder_inner,51.6,-385.6,64,0,8,1,1,0","nayedien,cloak_up,-141.2,-303.6,-43,0,7,1,1,0","nayedien,cloak_up_back,140,-412,118,1,6,1,1,0","nayedien,hair_back,-10.4,-261.6,10,0,24,1,1,0","nayedien,hair_outer,-121.2,-251.6,12,0,22,1,1,0","nayedien,hair_inner,122.4,-245.2,6,0,23,1,1,0",,,,,,,,,,,,,,,,,,,,,,,,,,,,,,,,,,,,,,,,,,,,,,"nayedien,flail_long_swing,455.6,-338.4,67,1,6,1.2,1.2,1",,,,,,,,,,,,,,,,,,,,,,,,,,,,,,,,,,,,,,,,,,,,play_time_mod_0.2,,
Attack2/16,"nayedien,head,-27.6,-466.8,13,0,7,1,1,0","nayedien,neck,-21.2,-398.8,10,0,10,1,1,0","nayedien,body,-10.8,-278.4,6,0,9,1,1,0","nayedien,arm_up,-81.4,-319.2,-15,0,9,1,1,0","nayedien,arm_low,-116.4,-235.6,-35,1,8,1,1,0","noble,open,-146,-164.4,-30,0,4,1,1,0","nayedien,arm_up,66,-388.8,105,1,9,1,1,0","nayedien,arm_low,146,-436,136,0,8,1,1,0","noble,punch,202,-474.4,148,1,7,1,1,0","nayedien,leg_up,-57,-148.4,-33.2,1,11,1,1,0","nayedien,leg_low,-119,-56.4,-29,1,11,1,1,0","nayedien,foot,-144.8,0.6,-26,1,14,1,1,0","nayedien,leg_up,66,-162.4,45.7,0,13,1,1,0","nayedien,leg_low,116,-67.4,9.5,0,14,1,1,0","nayedien,foot,127.2,-3.6,13,0,16,1,1,0",,,"nayedien,cloak_below,-27.2,-144.4,-35,1,20,0.9,0.9,0","nayedien,cloak_wide,-2,-361.6,26,0,19,1,1,0","nayedien,shoulder,-80.8,-346.8,-10,0,8,1,1,0","nayedien,shoulder_strap,0.8,-373.2,11,1,9,1,1,0","nayedien,shoulder_inner,51.6,-391.6,71,0,8,1,1,0","nayedien,cloak_up,-141.2,-303.6,-43,0,7,1,1,0","nayedien,cloak_up_back,130,-434,133,1,6,1,1,0","nayedien,hair_back,-0.4,-261.6,14,0,24,1,1,0","nayedien,hair_outer,-109.2,-251.6,16,0,22,1,1,0","nayedien,hair_inner,126.4,-259.2,7,0,23,1,1,0",,,,,,,,,,,,,,,,,,,,,,,,,,,,,,,,,,,,,,,,,,,,,,"nayedien,flail_long_swing,436.4,-460,94,1,9,1.1,1.1,1",,,,,,,,,,,,,,,,,,,,,,,,,,,,,,,,,,,,,,,,,,,,play_time_mod_0.1,,
Attack2/17,"nayedien,head,-37.6,-466.8,16,0,7,1,1,0","nayedien,neck,-21.2,-398.8,10,0,10,1,1,0","nayedien,body,-10.8,-278.4,6,0,9,1,1,0","nayedien,arm_up,-81.4,-319.2,-17,0,9,1,1,0","nayedien,arm_low,-116.4,-231.6,-30,1,8,1,1,0","noble,open,-140,-164.4,-23,0,4,1,1,0","nayedien,arm_up,60,-400.8,114,1,9,1,1,0","nayedien,arm_low,116,-462,158,0,8,1,1,0","noble,punch,162.8,-525.6,171,1,7,1,1,0","nayedien,leg_up,-57,-148.4,-33.2,1,11,1,1,0","nayedien,leg_low,-119,-56.4,-29,1,11,1,1,0","nayedien,foot,-144.8,0.6,-26,1,14,1,1,0","nayedien,leg_up,66,-164.4,45.7,0,13,1,1,0","nayedien,leg_low,130,-67.4,24.5,0,14,1,1,0","nayedien,foot,155.2,-3.6,18,0,16,1,1,0",,,"nayedien,cloak_below,-27.6,-219.6,-160,1,20,0.9,0.9,0","nayedien,cloak_wide,-4,-373.6,31,0,19,1,1,0","nayedien,shoulder,-72.8,-344.8,-5,0,8,1,1,0","nayedien,shoulder_strap,0.8,-373.2,11,1,9,1,1,0","nayedien,shoulder_inner,49.6,-397.6,74,0,8,1,1,0","nayedien,cloak_up,-121.2,-301.6,-33,0,7,1,1,0","nayedien,cloak_up_back,104,-452,152,1,6,1,1,0","nayedien,hair_back,9.6,-265.6,19,0,24,1,1,0","nayedien,hair_outer,-101.2,-255.6,21,0,22,1,1,0","nayedien,hair_inner,124.4,-287.2,17,0,23,1,1,0",,,,,,,,,,,,,,,,,,,,,,,,,,,,,,,,,,,,,,,,,,,,,,"nayedien,flail_long_swing,353.6,-649.6,131,1,9,1,1,1",,,,,,,,,,,,,,,,,,,,,,,,,,,,,,,,,,,,,,,,,,,,play_time_mod_0.1,,
Attack2/18,"nayedien,head,-55.6,-464.8,29,0,7,1,1,0","nayedien,neck,-25.2,-404.8,21,0,10,1,1,0","nayedien,body,-6.8,-272.4,6,0,9,1,1,0","nayedien,arm_up,-81.4,-315.2,-12,0,9,1,1,0","nayedien,arm_low,-126.4,-231.6,-42,1,8,1,1,0","noble,open,-152,-164.4,-20,0,4,1,1,0","nayedien,arm_up,26,-422.8,-179,1,9,1,1,0","nayedien,arm_low,40.8,-555.2,-168,0,8,1,1,0","noble,punch,60.8,-629.6,136,0,7,1,1,0","nayedien,leg_up,-57,-148.4,-33.2,1,11,1,1,0","nayedien,leg_low,-119,-56.4,-29,1,11,1,1,0","nayedien,foot,-144.8,0.6,-26,1,14,1,1,0","nayedien,leg_up,66,-164.4,45.7,0,13,1,1,0","nayedien,leg_low,130,-67.4,24.5,0,14,1,1,0","nayedien,foot,155.2,-3.6,18,0,16,1,1,0",,,"nayedien,cloak_below,-27.6,-209.6,-152,1,20,0.9,0.9,0","nayedien,cloak_wide,-36,-379.6,57,0,23,1,1,0","nayedien,shoulder,-72.8,-344.8,-5,0,8,1,1,0","nayedien,shoulder_strap,0.8,-369.2,14,1,9,1,1,0","nayedien,shoulder_inner,39.6,-407.6,125,0,8,1,1,0","nayedien,cloak_up,-121.2,-301.6,-33,0,7,1,1,0","nayedien,cloak_up_back,34,-480,169,1,28,1,1,0","nayedien,hair_back,21.6,-271.6,24,0,24,1,1,0","nayedien,hair_outer,-87.2,-255.6,25,0,22,1,1,0","nayedien,hair_inner,112.4,-325.2,23,0,23,1,1,0",,,,,,,,,,,,,,,,,,,,,,,,,,,,,,,,,,,,,,,,,,,,,,"nayedien,flail_long_swing,76.4,-869.6,-177,1,9,1,1,1",,,,,,,,,,,,,,,,,,,,,,,,,,,,,,,,,,,,,,,,,,,,play_time_mod_0.4,,
Attack2/19,"nayedien,head,-45.6,-466.8,8,0,7,1,1,0","nayedien,neck,-29.2,-398.8,6,0,10,1,1,0","nayedien,body,-6.8,-272.4,10,1,9,1,1,0","nayedien,arm_up,-81.4,-315.2,-12,0,9,1,1,0","nayedien,arm_low,-120.4,-231.6,-36,1,8,1,1,0","noble,open,-136,-164.4,-14,0,4,1,1,0","nayedien,arm_up,24,-390.4,-179,1,6,1,1,0","nayedien,arm_low,14.4,-458.8,-159,0,5,1,1,0","noble,punch,-14.8,-554.4,-146,0,3,1,1,0","nayedien,leg_up,-57,-144.4,-46.2,1,11,1,1,0","nayedien,leg_low,-119,-48.4,-17,1,11,1,1,0","nayedien,foot,-132.8,12.6,-10,1,14,1,1,0","nayedien,leg_up,68,-154.4,40.7,0,13,1,1,0","nayedien,leg_low,144,-59.4,34.5,0,14,1,1,0","nayedien,foot,175.2,-3.6,18,0,16,1,1,0",,,"nayedien,cloak_below,12.4,-235.6,178,1,20,0.9,0.9,0","nayedien,cloak_wide,-66,-385.6,51,0,19,1,1,0","nayedien,shoulder,-90.8,-336.8,-9,0,8,1,1,0","nayedien,shoulder_strap,-33.2,-361.2,14,1,9,1,1,0","nayedien,shoulder_inner,13.6,-393.6,101,0,8,1,1,0","nayedien,cloak_up,-137.2,-299.6,-36,0,7,1,1,0","nayedien,cloak_up_back,14,-472,-179,1,28,1,1,0","nayedien,hair_back,-30.4,-267.6,20,0,25,1,1,0","nayedien,hair_outer,-107.2,-231.6,31,0,22,1,1,0","nayedien,hair_inner,70.4,-293.2,14,0,23,1,1,0",,,,,,,,,,,,,,,,,,,,,,,,,,,,,,,,,,,,,,,,,,,,,,"nayedien,flail_long_swing,-148.8,-770.4,-141,1,9,1.1,1.1,1",,,,,,,,,,,,,,,,,,,,,,,,,,,,,,,,,,,,,,,,,,,,play_time_mod_0.3,,
Attack2/20,"nayedien,head,-45.6,-466.8,6,0,7,1,1,0","nayedien,neck,-29.2,-398.8,6,0,10,1,1,0","nayedien,body,-12.8,-268.4,10,1,9,1,1,0","nayedien,arm_up,-91.4,-301.2,-3,0,9,1,1,0","nayedien,arm_low,-116.4,-217.6,-29,1,8,1,1,0","noble,open,-132,-152.4,-11,0,4,1,1,0","nayedien,arm_up,8,-384.4,-136,1,6,1,1,0","nayedien,arm_low,-59.2,-430.4,-111,0,5,1,1,0","noble,punch,-132,-446,-71,1,3,1,1,0","nayedien,leg_up,-57,-144.4,-46.2,1,11,1,1,0","nayedien,leg_low,-119,-48.4,-17,1,11,1,1,0","nayedien,foot,-132.8,12.6,-10,1,14,1,1,0","nayedien,leg_up,60,-156.4,37.7,0,13,1,1,0","nayedien,leg_low,132,-59.4,34.5,0,14,1,1,0","nayedien,foot,169.2,-3.6,29,0,16,1,1,0",,,"nayedien,cloak_below,18.4,-235.6,172,1,20,0.9,0.9,0","nayedien,cloak_wide,-64,-325.6,45,0,19,1,1,0","nayedien,shoulder,-90.8,-336.8,-9,0,8,1,1,0","nayedien,shoulder_strap,-33.2,-361.2,14,1,9,1,1,0","nayedien,shoulder_inner,19.6,-383.6,94,0,8,1,1,0","nayedien,cloak_up,-133.2,-289.6,-25,0,7,1,1,0","nayedien,cloak_up_back,18,-472,-159,1,28,1,1,0","nayedien,hair_back,-26.4,-265.6,21,0,25,1,1,0","nayedien,hair_outer,-103.2,-229.6,32,0,22,1,1,0","nayedien,hair_inner,74.4,-291.2,15,0,23,1,1,0",,,,,,,,,,,,,,,,,,,,,,,,,,,,,,,,,,,,,,,,,,,,,,"nayedien,flail_long_swing,-286.8,-630.8,-132,1,5,1.1,1.1,1",,,,,,,,,,,,,,,,,,,,,,,,,,,,,,,,,,,,,,,,,,,,play_time_mod_0.2,,
Attack2/21,"nayedien,head,-41.6,-466.8,3,0,7,1,1,0","nayedien,neck,-29.2,-398.8,6,0,10,1,1,0","nayedien,body,-12.8,-268.4,10,1,9,1,1,0","nayedien,arm_up,-91.4,-301.2,-3,0,9,1,1,0","nayedien,arm_low,-116.4,-217.6,-29,1,8,1,1,0","noble,open,-132,-152.4,-11,0,4,1,1,0","nayedien,arm_up,-6,-340.4,-87,1,6,1,1,0","nayedien,arm_low,-96,-322,-67,0,5,1,1,0","noble,punch,-166.8,-295.2,-45,1,3,1,1,0","nayedien,leg_up,-59,-144.4,-52.2,1,11,1,1,0","nayedien,leg_low,-119,-48.4,-11,1,11,1,1,0","nayedien,foot,-132.8,12.6,-15,1,14,1,1,0","nayedien,leg_up,60,-156.4,37.7,0,13,1,1,0","nayedien,leg_low,132,-59.4,34.5,0,14,1,1,0","nayedien,foot,169.2,-3.6,29,0,16,1,1,0",,,"nayedien,cloak_below,18.4,-225.6,159,1,20,0.9,0.9,0","nayedien,cloak_wide,-58,-321.6,37,0,19,1,1,0","nayedien,shoulder,-96.8,-334.8,4,0,8,1,1,0","nayedien,shoulder_strap,-33.2,-361.2,14,1,9,1,1,0","nayedien,shoulder_inner,19.6,-383.6,94,0,8,1,1,0","nayedien,cloak_up,-131.2,-277.6,-12,0,7,1,1,0","nayedien,cloak_up_back,86,-436,117,1,28,1,1,0","nayedien,hair_back,-34.4,-267.6,18,0,25,1,1,0","nayedien,hair_outer,-111.2,-231.6,29,0,22,1,1,0","nayedien,hair_inner,66.4,-293.2,12,0,23,1,1,0",,,,,,,,,,,,,,,,,,,,,,,,,,,,,,,,,,,,,,,,,,,,,,"nayedien,flail_long_swing,-409.2,-370.4,-101,1,5,1.2,1.2,1",,,,,,,,,,,,,,,,,,,,,,,,,,,,,,,,,,,,,,,,,,,,play_time_mod_0.3,,
Attack2/22,"nayedien,head,-31.6,-466.8,-3,0,7,1,1,0","nayedien,neck,-35.2,-398.8,4,0,10,1,1,0","nayedien,body,-12.8,-268.4,10,1,9,1,1,0","nayedien,arm_up,-91.4,-301.2,-3,0,9,1,1,0","nayedien,arm_low,-128.4,-217.6,-36,1,8,1,1,0","noble,open,-156,-156.4,-21,0,6,1,1,0","nayedien,arm_up,2,-320.4,-56,1,6,1,1,0","nayedien,arm_low,-70,-246,-32,0,5,1,1,0","noble,punch,-114.8,-183.6,-21,1,3,1,1,0","nayedien,leg_up,-59,-150.4,-61.2,1,11,1,1,0","nayedien,leg_low,-119,-66.4,-6,1,11,1,1,0","nayedien,foot,-130.8,0.6,-15,1,14,1,1,0","nayedien,leg_up,60,-156.4,37.7,0,13,1,1,0","nayedien,leg_low,132,-59.4,34.5,0,14,1,1,0","nayedien,foot,169.2,-3.6,29,0,16,1,1,0",,,"nayedien,cloak_below,14.4,-205.6,154,1,20,0.9,0.9,0","nayedien,cloak_wide,-58,-321.6,37,0,19,1,1,0","nayedien,shoulder,-96.8,-334.8,4,0,8,1,1,0","nayedien,shoulder_strap,-33.2,-361.2,14,1,9,1,1,0","nayedien,shoulder_inner,19.6,-377.6,84,0,8,1,1,0","nayedien,cloak_up,-131.2,-277.6,-12,0,7,1,1,0","nayedien,cloak_up_back,76,-374,73,1,20,1,1,0","nayedien,hair_back,-62.4,-275.6,9,0,25,1,1,0","nayedien,hair_outer,-139.2,-239.6,20,0,22,1,1,0","nayedien,hair_inner,38.4,-301.2,3,0,23,1,1,0",,,,,,,,,,,,,,,,,,,,,,,,,,,,,,,,,,,,,,,,,,,,,,"nayedien,flail_long_swing,-349.2,-116,-71,1,5,1,1,1",,,,,,,,,,,,,,,,,,,,,,,,,,,,,,,,,,,,"movement,spin,-551.6,4.8,-90,0,13,0.6,0.6,0",,,,,,,,stoppable,,"deep_thump,1000,10"
Attack2/23,"nayedien,head,-21.6,-462.8,-3,0,7,1,1,0","nayedien,neck,-25.2,-394.8,4,0,10,1,1,0","nayedien,body,-6.8,-268.4,7,1,9,1,1,0","nayedien,arm_up,-89.4,-301.2,-7,0,9,1,1,0","nayedien,arm_low,-122.4,-205.6,-31,1,8,1,1,0","noble,open,-142,-142.4,-16,0,6,1,1,0","nayedien,arm_up,18,-310.4,-56,1,6,1,1,0","nayedien,arm_low,-54,-236,-32,0,5,1,1,0","noble,fist,-86.8,-187.6,-10,1,3,1,1,0","nayedien,leg_up,-59,-150.4,-61.2,1,11,1,1,0","nayedien,leg_low,-119,-66.4,-6,1,11,1,1,0","nayedien,foot,-130.8,0.6,-15,1,14,1,1,0","nayedien,leg_up,60,-152.4,32.7,0,13,1,1,0","nayedien,leg_low,116,-51.4,27.5,0,14,1,1,0","nayedien,foot,143.2,6.4,25,0,16,1,1,0",,,"nayedien,cloak_below,40.8,-146,48,1,20,0.9,0.9,0","nayedien,cloak_wide,-58,-321.6,37,0,19,1,1,0","nayedien,shoulder,-88.8,-334.8,-8,0,8,1,1,0","nayedien,shoulder_strap,-33.2,-355.2,4,1,9,1,1,0","nayedien,shoulder_inner,37.6,-363.6,33,0,8,1,1,0","nayedien,cloak_up,-139.2,-295.6,-38,0,7,1,1,0","nayedien,cloak_up_back,85.6,-311.6,33,1,3,1,1,0","nayedien,hair_back,-74.4,-279.6,1,0,25,1,1,0","nayedien,hair_outer,-151.2,-243.6,12,0,22,1,1,0","nayedien,hair_inner,26.4,-305.2,-5,0,23,1,1,0",,,,,,,,,,,,,,,,,,,,,,,,,,,,,,,,,,,,,,,,,,,,,,"nayedien,flail_swing_small,-311.2,-62,-64,1,5,1,1,0",,,,,,,,,,,,,,,,,,,,,,,,,,,,,,,,,,,,"movement,spin,-551.6,4.8,-90,0,13,0.8,0.8,0",,,,,,,,stoppable,,
Attack2/24,"nayedien,head,-23.6,-460.8,-1,0,7,1,1,0","nayedien,neck,-25.2,-394.8,4,0,10,1,1,0","nayedien,body,-6.8,-268.4,7,1,9,1,1,0","nayedien,arm_up,-89.4,-301.2,-7,0,9,1,1,0","nayedien,arm_low,-116.4,-207.6,-27,1,8,1,1,0","noble,open,-126,-142.4,-16,0,6,1,1,0","nayedien,arm_up,30,-310.4,-32,1,8,1,1,0","nayedien,arm_low,-24,-226,-32,0,5,1,1,0","noble,fist,-68.8,-175.6,-27,1,3,1,1,0","nayedien,leg_up,-59,-150.4,-61.2,1,11,1,1,0","nayedien,leg_low,-119,-66.4,-6,1,11,1,1,0","nayedien,foot,-130.8,0.6,-15,1,14,1,1,0","nayedien,leg_up,60,-152.4,32.7,0,13,1,1,0","nayedien,leg_low,116,-51.4,27.5,0,14,1,1,0","nayedien,foot,143.2,6.4,25,0,16,1,1,0",,,"nayedien,cloak_below,36.8,-132,25,1,20,0.9,0.9,0","nayedien,cloak_wide,-58,-321.6,37,0,19,1,1,0","nayedien,shoulder,-88.8,-334.8,-8,0,8,1,1,0","nayedien,shoulder_strap,-33.2,-355.2,4,1,9,1,1,0","nayedien,shoulder_inner,35.6,-359.6,15,0,8,1,1,0","nayedien,cloak_up,-131.2,-291.6,-29,0,7,1,1,0","nayedien,cloak_up_back,75.6,-299.6,28,1,3,1,1,0","nayedien,hair_back,-68.4,-267.6,3,0,25,1,1,0","nayedien,hair_outer,-143.2,-243.6,13,0,22,1,1,0","nayedien,hair_inner,38.4,-277.2,-5,0,23,1,1,0",,,,,,,,,,,,,,,,,,,,,,,,,,,,,,,,,,,,,,,,,,,,,,"nayedien,flail_swing_small,-309.2,-70,-70,1,5,1,1,0",,,,,,,,,,,,,,,,,,,,,,,,,,,,,,,,,,,,,,,,,,,,stoppable,,
Attack2/25,"nayedien,head,-12.4,-460.8,-5,0,10,1,1,0","nayedien,neck,-18.4,-398,3,0,13,1,1,0","nayedien,body,-10.8,-268.4,1,1,9,1,1,0","nayedien,arm_up,-64.8,-313.2,-31,0,10,1,1,0","nayedien,arm_low,-102.8,-226,-8,0,9,1,1,0","noble,open,-123.6,-142.4,-10,0,10,1,1,0","nayedien,arm_up,52.4,-318.4,27,0,9,1,1,0","nayedien,arm_low,6.8,-250.4,-47,0,8,1,1,0","noble,fist,-43.2,-225.2,-57,1,4,1,1,0","nayedien,leg_up,-85,-144.4,-53,1,12,1,1,0","nayedien,leg_low,-123.6,-63.2,-3,1,12,1,1,0","nayedien,foot,-134.8,-1.2,-17,1,15,1,1,0","nayedien,leg_up,44,-150.4,36.7,0,10,1,1,0","nayedien,leg_low,110,-53.2,35,0,11,1,1,0","nayedien,foot,146,2.4,24,0,16,1,1,0",,,"nayedien,cloak_below,-3.2,-117.2,-3,1,20,0.9,0.9,0","nayedien,cloak_wide,8,-282.8,9,0,17,1,1,0","nayedien,shoulder,-73.2,-333.6,-1,0,8,1,1,0","nayedien,shoulder_strap,-18.4,-360.4,3,1,9,1,1,0","nayedien,shoulder_inner,37.6,-350,17,0,7,1,1,0","nayedien,cloak_up,-115.6,-286.8,-26,0,6,1,1,0","nayedien,cloak_up_back,81.6,-291.6,31,1,3,1,1,0","nayedien,hair_back,-72.4,-287.6,-1,0,25,1,1,0","nayedien,hair_outer,-147.2,-251.6,8,0,22,1,1,0","nayedien,hair_inner,40.4,-331.2,-5,0,23,1,1,0",,,,,,,,,,,,,,,,,,,,,,,,,,,,,,,,,,,,,,,,,,,,,,"nayedien,flail_swing_small,-291.2,-116,-59,0,5,1.1,1.1,0",,,,,,,,,,,,,,,,,,,,,,,,,,,,,,,,,,,,,,,,,,,,stoppable,,
Attack3/0,"nayedien,head,-2.4,-486.8,4,0,10,1,1,0","nayedien,neck,-6.4,-428,-20,1,13,1,1,0","nayedien,body,-10.8,-298.4,-2,1,9,1,1,0","nayedien,arm_up,-66.8,-379.2,-63,0,10,1,1,0","nayedien,arm_low,-156.8,-332,-52,0,9,1,1,0","noble,open,-225.6,-290.4,-44,0,10,1,1,0","nayedien,arm_up,69.6,-336.8,31,0,8,1,1,0","nayedien,arm_low,72.8,-264.4,-32,0,4,1,1,0","noble,fist,25.6,-224,-49,1,4,1,1,0","nayedien,leg_up,-83,-168.4,-31,1,12,1,1,0","nayedien,leg_low,-107.6,-69.2,1,1,12,1,1,0","nayedien,foot,-112.8,-7.2,-14,1,15,1,1,0","nayedien,leg_up,58,-166.4,31.7,1,10,1,1,0","nayedien,leg_low,114,-59.2,21,1,11,1,1,0","nayedien,foot,136,-5.6,17,1,16,1,1,0",,,"nayedien,cloak_below,-12.4,-160,-6,1,20,1,1,0","nayedien,cloak_wide,0,-336.8,-14,0,17,1,1,0","nayedien,shoulder_inner,-77.2,-397.6,-118,0,8,1,1,0","nayedien,shoulder_strap,-12.4,-384.4,3,1,9,1,1,0","nayedien,shoulder,58,-363.2,78,0,8,1,1,0","nayedien,cloak_up_back,-139.6,-374.8,-75,0,6,1,1,0","nayedien,cloak_up,93.2,-309.2,27,1,4,1,1,0","nayedien,hair_back,-62.6,-304.4,-22,0,24,1,1,0","nayedien,hair_outer,39.8,-247.6,-33,1,22,1,1,0","nayedien,hair_inner,-157.4,-335.6,-31,1,23,1,1,0",,,,,,,,,,,,,,,,,,,,,,,,,,,,,,,,,,,,,,,,,,,,,,"nayedien,flail_swing_small,200.4,-87.6,58,0,5,0.9,0.9,0",,,,,,,,,,,,,,,,,,,,,,,,,,,,,,,,,,,,,,,,,,,,,,"weapon_summon2,1000,1"
Attack3/1,"nayedien,head,-2.4,-488.8,1,0,10,1,1,0","nayedien,neck,-6.4,-428,-20,1,13,1,1,0","nayedien,body,-10.8,-298.4,-5,0,9,1,1,0","nayedien,arm_up,-88.8,-369.2,-57,0,10,1,1,0","nayedien,arm_low,-162.8,-300,-40,0,9,1,1,0","noble,open,-225.6,-236.4,-35,0,10,1,1,0","nayedien,arm_up,69.6,-336.8,31,0,8,1,1,0","nayedien,arm_low,76.8,-250.4,-9,0,4,1,1,0","noble,open,41.6,-181.6,-32,1,4,1,1,0","nayedien,leg_up,-79,-168.4,-26,1,12,1,1,0","nayedien,leg_low,-107.6,-69.2,-8,1,12,1,1,0","nayedien,foot,-116.8,-7.2,-14,1,15,1,1,0","nayedien,leg_up,44,-166.4,29.7,0,10,1,1,0","nayedien,leg_low,100,-59.2,21,0,11,1,1,0","nayedien,foot,120,0.4,17,0,16,1,1,0",,,"nayedien,cloak_below,-16.4,-160,-4,1,20,1,1,0","nayedien,cloak_wide,0,-336.8,-14,0,17,1,1,0","nayedien,shoulder,-61.6,-371.2,-10,0,8,1,1,0","nayedien,shoulder_strap,-0.4,-390.4,-3,1,9,1,1,0","nayedien,shoulder_inner,70.4,-374,89,1,8,1,1,0","nayedien,cloak_up,-118.8,-337.8,-45,0,6,1,1,0","nayedien,cloak_up_back,113.2,-313.6,32,1,4,1,1,0","nayedien,hair_back,-42.6,-278.8,0,0,24,1,1,0","nayedien,hair_outer,-119.4,-296,8,0,23,1,1,0","nayedien,hair_inner,65,-283.6,-11,0,23,1,1,0",,,,,,,,,,,,,,,,,,,,,,,,,,,,,,,,,,,,,,,,,,,,,,"nayedien,flail_arrive2_1,200.4,-39.6,78,0,5,0.9,0.9,0",,,,,,,,,,,,,,,,,,,,,,,,,,,,,,,,,,,,,,,,,,,,,,
Attack3/2,"nayedien,head,-2.4,-486.8,0,0,10,1,1,0","nayedien,neck,-6.4,-428,-20,1,13,1,1,0","nayedien,body,-10.8,-298.4,-5,0,9,1,1,0","nayedien,arm_up,-76.8,-365.2,-45,0,10,1,1,0","nayedien,arm_low,-146.8,-278,-35,0,9,1,1,0","noble,open,-201.6,-210.4,-31,0,10,1,1,0","nayedien,arm_up,73.6,-340.8,45,0,8,1,1,0","nayedien,arm_low,114.8,-250.4,7,1,4,1,1,0","noble,open,121.6,-171.6,-16,1,4,1,1,0","nayedien,leg_up,-75,-168.4,-24,1,12,1,1,0","nayedien,leg_low,-101.6,-69.2,-8,1,12,1,1,0","nayedien,foot,-112.8,-7.2,-14,1,15,1,1,0","nayedien,leg_up,44,-166.4,31.7,0,10,1,1,0","nayedien,leg_low,94,-59.2,17,0,11,1,1,0","nayedien,foot,112,2.4,17,0,16,1,1,0",,,"nayedien,cloak_below,-18.4,-158,-3,1,20,1,1,0","nayedien,cloak_wide,0,-320.8,-7,0,17,1,1,0","nayedien,shoulder,-61.6,-371.2,-10,0,8,1,1,0","nayedien,shoulder_strap,-0.4,-388.4,-4,1,9,1,1,0","nayedien,shoulder_inner,70.4,-374,89,1,8,1,1,0","nayedien,cloak_up,-108.8,-331.8,-32,0,6,1,1,0","nayedien,cloak_up_back,113.2,-313.6,32,1,4,1,1,0","nayedien,hair_back,-42.6,-278.8,1,0,24,1,1,0","nayedien,hair_outer,-119.4,-284,10,0,23,1,1,0","nayedien,hair_inner,61,-279.6,-13,0,23,1,1,0",,,,,,,,,,,,,,,,,,,,,,,,,,,,,,,,,,,,,,,,,,,,,,"nayedien,flail_arrive2_2,200.4,-27.6,83,0,5,0.9,0.9,0",,,,,,,,,,,,,,,,,,,,,,,,,,,,,,,,,,,,,,,,,,,,play_time_mod_0.5,,
Attack3/3,"nayedien,head,-2.4,-486.8,0,0,10,1,1,0","nayedien,neck,-6.4,-428,-20,1,13,1,1,0","nayedien,body,-10.8,-292.4,-5,0,9,1,1,0","nayedien,arm_up,-76.8,-365.2,-45,0,10,1,1,0","nayedien,arm_low,-126.8,-272,-23,0,9,1,1,0","noble,open,-173.6,-192.4,-24,0,10,1,1,0","nayedien,arm_up,73.6,-340.8,45,0,8,1,1,0","nayedien,arm_low,120.8,-250.4,13,1,4,1,1,0","noble,open,157.6,-177.6,27,1,4,1,1,0","nayedien,leg_up,-69,-162.4,-14,0,12,1,1,0","nayedien,leg_low,-89.6,-59.2,-11,0,12,1,1,0","nayedien,foot,-102.8,6.8,-9,0,15,1,1,0","nayedien,leg_up,44,-164.4,33.7,0,10,1,1,0","nayedien,leg_low,90,-63.2,14,0,11,1,1,0","nayedien,foot,104,4.4,11,0,16,1,1,0",,,"nayedien,cloak_below,-18.4,-148,-3,1,20,1,1,0","nayedien,cloak_wide,2,-320.8,-5,0,17,1,1,0","nayedien,shoulder,-61.6,-365.2,-9,0,8,1,1,0","nayedien,shoulder_strap,1.6,-384.4,-2,1,9,1,1,0","nayedien,shoulder_inner,70.4,-374,89,1,8,1,1,0","nayedien,cloak_up,-100.8,-319.8,-23,0,6,1,1,0","nayedien,cloak_up_back,117.2,-311.6,32,1,4,1,1,0","nayedien,hair_back,-42.6,-278.8,1,0,24,1,1,0","nayedien,hair_outer,-119.4,-284,10,0,23,1,1,0","nayedien,hair_inner,61,-279.6,-13,0,23,1,1,0",,,,,,,,,,,,,,,,,,,,,,,,,,,,,,,,,,,,,,,,,,,,,,"nayedien,flail_arrive2_3,200.4,-11.6,91,0,5,0.9,0.9,0",,,,,,,,,,,,,,,,,,,,,,,,,,,,,,,,,,,,,,,,,,,,play_time_mod_0.7,,"weapon_summon,1000,1"
Attack3/4,"nayedien,head,2.2,-470,-5,0,9,1,1,0","nayedien,neck,-12,-406,15,0,10,1,1,0","nayedien,body,-16.8,-278.4,-3,0,9,1,1,0",,"nayedien,arm_low,-114.4,-245.6,1,0,9,1,1,0","noble,open,-132.8,-172,-9,0,8,1,1,0","nayedien,arm_up,70.4,-306.4,50,0,16,1,1,0","nayedien,arm_low,126.4,-241.6,28,1,7,1,1,0","noble,open,178.4,-178.8,38,1,7,1,1,0","nayedien,leg_up,-68,-158.4,-14,0,11,1,1,0","nayedien,leg_low,-88.8,-57.6,-11,0,11,1,1,0","nayedien,foot,-98.8,3.6,-4,0,14,1,1,0","nayedien,leg_up,33.6,-160.4,38,0,15,1,1,0","nayedien,leg_low,80.4,-68,13,0,14,1,1,0","nayedien,foot,95.2,-4.8,12,0,16,1,1,0",,,"nayedien,cloak_below,-28,-142.4,-6,0,20,1,1,0","nayedien,cloak_wide,4.4,-303.2,7,0,17,1,1,0","nayedien,shoulder,-69.6,-343.2,1,0,8,1,1,0","nayedien,shoulder_strap,-9.6,-374.2,-2,0,9,1,1,0","nayedien,shoulder_inner,56.4,-352,82,1,8,1,1,0","nayedien,cloak_up,-106.8,-297.8,-22,0,6,1,1,0","nayedien,cloak_up_back,111.2,-287.6,40,1,6,1,1,0","nayedien,hair_back,-38.6,-258.8,3,0,24,1,1,0","nayedien,hair_outer,-115.4,-276,11,0,23,1,1,0","nayedien,hair_inner,65,-261.6,-8,0,23,1,1,0",,,,,,,,,,,,,,,,,,,,,,,,,,,,,,,,,,,,,,,,,,,,,,,"nayedien,sword_arrive_3,200.6,-264,160,1,9,1,1,0",,,,,,,,,,,,,,,,,,,,,,,,,,,,,,,,,,,,,,,,,,,play_time_mod_0.5,,
Attack3/5,"nayedien,head,-5.8,-470,3,0,9,1,1,0","nayedien,neck,-14,-406,15,0,10,1,1,0","nayedien,body,-16.8,-278.4,-3,0,9,1,1,0",,"nayedien,arm_low,-114.4,-245.6,1,0,9,1,1,0","noble,open,-132.8,-172,-9,0,8,1,1,0","nayedien,arm_up,76.4,-312.4,64,0,16,1,1,0","nayedien,arm_low,142.4,-261.6,37,1,7,1,1,0","noble,open,196.4,-214.8,48,1,7,1,1,0","nayedien,leg_up,-68,-158.4,-19,0,11,1,1,0","nayedien,leg_low,-98.8,-57.6,-13,0,11,1,1,0","nayedien,foot,-112.8,-0.4,-15,0,14,1,1,0","nayedien,leg_up,33.6,-160.4,38,0,15,1,1,0","nayedien,leg_low,80.4,-68,13,0,14,1,1,0","nayedien,foot,95.2,-4.8,12,0,16,1,1,0",,,"nayedien,cloak_below,-28,-142.4,-6,0,20,1,1,0","nayedien,cloak_wide,4.4,-303.2,7,0,17,1,1,0","nayedien,shoulder,-69.6,-343.2,1,0,8,1,1,0","nayedien,shoulder_strap,-9.6,-374.2,-2,0,9,1,1,0","nayedien,shoulder_inner,60.4,-352,89,1,8,1,1,0","nayedien,cloak_up,-106.8,-297.8,-22,0,6,1,1,0","nayedien,cloak_up_back,119.2,-301.6,51,1,6,1,1,0","nayedien,hair_back,-42.6,-258.8,1,0,24,1,1,0","nayedien,hair_outer,-117.4,-276,6,0,23,1,1,0","nayedien,hair_inner,73,-267.6,-8,0,23,1,1,0",,,,,,,,,,,,,,,,,,,,,,,,,,,,,,,,,,,,,,,,,,,,,,,"nayedien,sword_arrive_2,212.6,-298,170,1,9,1,1,0",,,,,,,,,,,,,,,,,,,,,,,,,,,,,,,,,,,,,,,,,,,play_time_mod_0.5,,
Attack3/6,"nayedien,head,-5.8,-468,3,0,9,1,1,0","nayedien,neck,-12,-404,15,0,10,1,1,0","nayedien,body,-16.8,-276.4,-3,0,9,1,1,0",,"nayedien,arm_low,-124.4,-243.6,-13,0,9,1,1,0","noble,open,-154.8,-184,-13,0,8,1,1,0","nayedien,arm_up,82.4,-320.4,75,0,16,1,1,0","nayedien,arm_low,146.4,-275.6,42,1,7,1,1,0","noble,open,210.4,-224.8,48,1,7,1,1,0","nayedien,leg_up,-70,-156.4,-19,0,11,1,1,0","nayedien,leg_low,-106.8,-55.6,-20,0,11,1,1,0","nayedien,foot,-128.8,-6.4,-39,0,14,1,1,0","nayedien,leg_up,33.6,-158.4,40,0,15,1,1,0","nayedien,leg_low,80.4,-66,13,0,14,1,1,0","nayedien,foot,95.2,-2.8,12,0,16,1,1,0",,,"nayedien,cloak_below,-28,-140.4,-9,0,20,1,1,0","nayedien,cloak_wide,14.4,-313.2,15,0,17,1,1,0","nayedien,shoulder,-69.6,-341.2,1,0,8,1,1,0","nayedien,shoulder_strap,-9.6,-372.2,-2,0,9,1,1,0","nayedien,shoulder_inner,66.4,-358,98,1,8,1,1,0","nayedien,cloak_up,-106.8,-295.8,-22,0,6,1,1,0","nayedien,cloak_up_back,127.2,-311.6,56,1,6,1,1,0","nayedien,hair_back,-42.6,-246.8,5,0,24,1,1,0","nayedien,hair_outer,-119.4,-276,5,0,23,1,1,0","nayedien,hair_inner,75,-269.6,-4,0,23,1,1,0",,,,,,,,,,,,,,,,,,,,,,,,,,,,,,,,,,,,,,,,,,,,,,,"nayedien,sword_arrive_1,218.6,-328,176,1,9,1,1,0",,,,,,,,,,,,,,,,,,,,,,,,,,,,,,,,,,,,,,,,,,,play_time_mod_0.2,,
Attack3/7,"nayedien,head,-9.8,-466,-3,0,9,1,1,0","nayedien,neck,-16,-402,15,0,10,1,1,0","nayedien,body,-20.8,-274.4,-3,0,9,1,1,0",,"nayedien,arm_low,-138.4,-243.6,-17,0,9,1,1,0","noble,open,-170.8,-182,-25,0,8,1,1,0","nayedien,arm_up,78.4,-318.4,75,0,16,1,1,0","nayedien,arm_low,140.4,-277.6,46,1,7,0.9,0.9,0","noble,punch,200.4,-262.8,94,0,7,1,1,0","nayedien,leg_up,-78,-154.4,-26,0,11,1,1,0","nayedien,leg_low,-122.8,-53.6,-24,0,11,1,1,0","nayedien,foot,-150.8,-4.4,-39,0,14,1,1,0","nayedien,leg_up,29.6,-160.4,40,0,15,1,1,0","nayedien,leg_low,76.4,-64,9,0,14,1,1,0","nayedien,foot,87.2,1.2,14,0,16,1,1,0",,,"nayedien,cloak_below,-38,-136.4,-15,0,20,1,1,0","nayedien,cloak_wide,6.4,-311.2,18,0,17,1,1,0","nayedien,shoulder,-73.6,-339.2,1,0,8,1,1,0","nayedien,shoulder_strap,-13.6,-370.2,-2,0,9,1,1,0","nayedien,shoulder_inner,62.4,-356,98,1,8,1,1,0","nayedien,cloak_up,-116.8,-299.8,-28,0,6,1,1,0","nayedien,cloak_up_back,123.2,-341.6,94,1,10,1,1,0","nayedien,hair_back,-58.6,-254.8,0,0,24,1,1,0","nayedien,hair_outer,-135.4,-298,1,0,23,1,1,0","nayedien,hair_inner,59,-255.6,-7,0,23,1,1,0",,,,,,,,,,,,,,,,,,,,,,,,,,,,,,,,,,,,,,,,,,,,,,,"nayedien,sword,157.2,-360.4,-155,1,9,1,1,0",,,,,,,,,,,,,,,,,,,,,,,,,,,,,,,,,,,,,,,,,,,play_time_mod_0.6,,
Attack3/8,"nayedien,head,-1.8,-462,-5,0,9,1,1,0","nayedien,neck,-10,-404,5,0,10,1,1,0","nayedien,body,-30.8,-274.4,-9,0,9,1,1,0",,"nayedien,arm_low,-154.4,-253.6,-27,0,9,1,1,0","noble,open,-198.8,-198,-33,0,8,1,1,0","nayedien,arm_up,62.4,-318.4,75,0,16,1,1,0","nayedien,arm_low,128.4,-299.6,68,1,7,0.9,0.9,0","noble,fist,182.4,-302.8,111,1,7,0.9,0.9,0","nayedien,leg_up,-94,-154.4,-30,0,11,1,1,0","nayedien,leg_low,-148.8,-53.6,-28,0,11,1,1,0","nayedien,foot,-182.8,-4.4,-38,0,14,1,1,0","nayedien,leg_up,19.6,-152.4,56,0,15,1,1,0","nayedien,leg_low,78.4,-64,13,0,14,1,1,0","nayedien,foot,95.2,-0.8,14,0,16,1,1,0",,,"nayedien,cloak_below,-58,-136.4,-15,0,20,1,1,0","nayedien,cloak_wide,-11.6,-325.2,12,0,17,1,1,0","nayedien,shoulder,-73.6,-343.2,-12,0,8,1,1,0","nayedien,shoulder_strap,-13.6,-366.2,-9,0,9,1,1,0","nayedien,shoulder_inner,62.4,-358,98,1,8,1,1,0","nayedien,cloak_up,-130.8,-327.8,-62,0,6,1,1,0","nayedien,cloak_up_back,123.2,-355.6,106,1,10,1,1,0","nayedien,hair_back,-64.6,-246.8,-5,0,24,1,1,0","nayedien,hair_outer,-147.4,-286,-4,0,23,1,1,0","nayedien,hair_inner,61,-243.6,-12,0,23,1,1,0",,,,,,,,,,,,,,,,,,,,,,,,,,,,,,,,,,,,,,,,,,,,,,,"nayedien,sword,144.4,-392.4,-153,1,12,0.9,0.9,0",,,,,,,,,,,,,,,,,,,,,,,,,,,,,,,,,,,,,,,,,,,play_time_mod_1.5,,
Attack3/9,"nayedien,head,2.2,-458,-7,0,9,1,1,0","nayedien,neck,-12,-404,5,0,10,1,1,0","nayedien,body,-32.8,-274.4,-9,0,9,1,1,0",,"nayedien,arm_low,-170.4,-269.6,-37,0,9,1,1,0","noble,open,-222.8,-220,-39,0,8,1,1,0","nayedien,arm_up,60.4,-318.4,75,0,16,1,1,0","nayedien,arm_low,126.4,-293.6,61,1,7,0.9,0.9,0","noble,punch,184.4,-284.8,79,1,7,0.9,0.9,0","nayedien,leg_up,-100,-154.4,-34,0,11,1,1,0","nayedien,leg_low,-164.8,-59.6,-36,0,11,1,1,0","nayedien,foot,-204.8,-12.4,-38,0,14,1,1,0","nayedien,leg_up,19.6,-150.4,56,0,15,1,1,0","nayedien,leg_low,78.4,-64,13,0,14,1,1,0","nayedien,foot,95.2,-0.8,14,0,16,1,1,0",,,"nayedien,cloak_below,-70,-140.4,-22,0,20,1,1,0","nayedien,cloak_wide,-21.6,-337.2,7,0,17,1,1,0","nayedien,shoulder,-75.6,-347.2,-14,0,8,1,1,0","nayedien,shoulder_strap,-13.6,-364.2,-6,0,9,1,1,0","nayedien,shoulder_inner,60.4,-360,111,1,8,1,1,0","nayedien,cloak_up,-132.8,-341.8,-77,0,6,1,1,0","nayedien,cloak_up_back,133.2,-341.6,92,1,10,1,1,0","nayedien,hair_back,-88.6,-246.8,-11,0,24,1,1,0","nayedien,hair_outer,-167.4,-288,-10,0,23,1,1,0","nayedien,hair_inner,43,-219.6,-13,0,23,1,1,0",,,,,,,,,,,,,,,,,,,,,,,,,,,,,,,,,,,,,,,,,,,,,,,"nayedien,sword_swing,160.4,-382.4,-174,0,13,0.9,0.9,1",,,,,,,,,,,,,,,,,,,,,,,,,,,,,,,,,,,,,,,,,,,play_time_mod_0.1,,
Attack3/10,"nayedien,head,10.2,-462,-9,0,9,1,1,0","nayedien,neck,-8,-404,5,0,10,1,1,0","nayedien,body,-28.8,-274.4,-9,0,9,1,1,0",,"nayedien,arm_low,-176.4,-293.6,-55,0,9,1,1,0","noble,open,-232.8,-260,-50,0,8,1,1,0","nayedien,arm_up,64.4,-318.4,75,0,16,1,1,0","nayedien,arm_low,130.4,-293.6,61,1,7,0.9,0.9,0","noble,punch,184.4,-270.8,45,1,7,1,1,0","nayedien,leg_up,-102,-154.4,-39,0,11,1,1,0","nayedien,leg_low,-172.8,-59.6,-36,0,11,1,1,0","nayedien,foot,-212.8,-8.4,-41,0,14,1,1,0","nayedien,leg_up,23.6,-150.4,56,0,15,1,1,0","nayedien,leg_low,82.4,-64,13,0,14,1,1,0","nayedien,foot,99.2,-0.8,14,0,16,1,1,0",,,"nayedien,cloak_below,-70,-140.4,-25,0,20,1,1,0","nayedien,cloak_wide,-17.6,-337.2,7,0,17,1,1,0","nayedien,shoulder,-71.6,-355.2,-20,0,8,1,1,0","nayedien,shoulder_strap,-11.6,-366.2,-12,0,9,1,1,0","nayedien,shoulder_inner,70.4,-356,105,1,8,1,1,0","nayedien,cloak_up,-126.8,-353.8,-91,0,6,1,1,0","nayedien,cloak_up_back,137.2,-341.6,86,1,10,1,1,0","nayedien,hair_back,-84.6,-262.8,-19,0,24,1,1,0","nayedien,hair_outer,-177.4,-306,-18,0,23,1,1,0","nayedien,hair_inner,29,-211.6,-13,0,23,1,1,0",,,,,,,,,,,,,,,,,,,,,,,,,,,,,,,,,,,,,,,,,,,,,,,"nayedien,sword_swing,255.2,-334.4,124,0,9,0.9,0.9,1",,,,,,,,,,,,,,,,,,,,,,,,,,,,,,,,,,,,,,,,,,,play_time_mod_0.3,,
Attack3/11,"nayedien,head,10.2,-462,-9,0,9,1,1,0","nayedien,neck,-8,-404,5,0,10,1,1,0","nayedien,body,-28.8,-274.4,-9,0,9,1,1,0",,"nayedien,arm_low,-176.4,-311.6,-58,0,9,1,1,0","noble,open,-240.8,-278,-56,0,8,1,1,0","nayedien,arm_up,64.4,-318.4,75,0,16,1,1,0","nayedien,arm_low,96.4,-307.6,66,1,7,0.9,0.9,0","noble,punch,140.4,-288.8,41,1,7,1,1,0","nayedien,leg_up,-102,-154.4,-39,0,11,1,1,0","nayedien,leg_low,-172.8,-59.6,-36,0,11,1,1,0","nayedien,foot,-212.8,-8.4,-41,0,14,1,1,0","nayedien,leg_up,23.6,-150.4,56,0,15,1,1,0","nayedien,leg_low,82.4,-64,13,0,14,1,1,0","nayedien,foot,99.2,-0.8,14,0,16,1,1,0",,,"nayedien,cloak_below,-70,-140.4,-25,0,20,1,1,0","nayedien,cloak_wide,-17.6,-337.2,7,0,17,1,1,0","nayedien,shoulder,-73.6,-361.2,-29,0,8,1,1,0","nayedien,shoulder_strap,-11.6,-366.2,-12,0,9,1,1,0","nayedien,shoulder_inner,70.4,-356,105,1,8,1,1,0","nayedien,cloak_up,-130.8,-363.8,-91,0,6,1,1,0","nayedien,cloak_up_back,151.2,-339.6,89,1,10,1,1,0","nayedien,hair_back,-102.6,-264.8,-23,0,24,1,1,0","nayedien,hair_outer,-181.4,-314,-22,0,23,1,1,0","nayedien,hair_inner,25,-219.6,-17,0,23,1,1,0",,,,,,,,,,,,,,,,,,,,,,,,,,,,,,,,,,,,,,,,,,,,,,,"nayedien,sword_swing,247.2,-326.4,99,0,9,1.1,1.1,1",,,,,,,,,,,,,,,,,,,,,,,,,,,,,,,,,,,,,,,,,,,play_time_mod_0.2,,"swing_flat_small,1000,1"
Attack3/12,"nayedien,head,16.2,-462,-13,0,9,1,1,0","nayedien,neck,-2,-404,5,0,10,1,1,0","nayedien,body,-22.8,-274.4,-9,0,9,1,1,0","nayedien,arm_up,-99.2,-344.4,-66,0,10,1,1,0","nayedien,arm_low,-176.4,-315.6,-66,0,9,1,1,0","noble,open,-236.8,-290,-53,0,8,1,1,0","nayedien,arm_up,62.4,-318.4,75,0,16,1,1,0","nayedien,arm_low,90.4,-307.6,-92,0,7,0.9,0.9,0","noble,punch,40,-306.4,-43,1,6,1,1,0","nayedien,leg_up,-102,-154.4,-39,0,11,1,1,0","nayedien,leg_low,-172.8,-59.6,-36,0,11,1,1,0","nayedien,foot,-212.8,-8.4,-41,0,14,1,1,0","nayedien,leg_up,23.6,-150.4,56,0,15,1,1,0","nayedien,leg_low,82.4,-64,13,0,14,1,1,0","nayedien,foot,99.2,-0.8,14,0,16,1,1,0",,,"nayedien,cloak_below,-70,-140.4,-34,0,20,1,1,0","nayedien,cloak_wide,-11.6,-337.2,7,0,17,1,1,0","nayedien,shoulder,-65.6,-359.2,-27,0,8,1,1,0","nayedien,shoulder_strap,0.4,-366.2,-12,0,9,1,1,0","nayedien,shoulder_inner,76.4,-356,105,1,8,1,1,0","nayedien,cloak_up,-130.8,-355.8,-106,1,6,1,1,0","nayedien,cloak_up_back,143.2,-335.6,85,1,10,1,1,0","nayedien,hair_back,-110.6,-282.8,-36,0,24,1,1,0","nayedien,hair_outer,-185.4,-348,-35,0,23,1,1,0","nayedien,hair_inner,21,-253.6,-30,0,23,1,1,0",,,,,,,,,,,,,,,,,,,,,,,,,,,,,,,,,,,,,,,,,,,,,,,"nayedien,sword_stab,182,-292.8,87,0,7,1.1,1.1,1",,,,,,,,,,,,,,,,,,,,,,,,,,,,,,,,,,,,,,,,,,,play_time_mod_0.1,,
Attack3/13,"nayedien,head,16.2,-462,-16,0,9,1,1,0","nayedien,neck,-2,-404,5,0,10,1,1,0","nayedien,body,-22.8,-274.4,-9,0,9,1,1,0","nayedien,arm_up,-93.2,-350.4,-73,0,10,1,1,0","nayedien,arm_low,-170.4,-329.6,-66,0,9,1,1,0","noble,open,-238.8,-312,-71,0,8,1,1,0","nayedien,arm_up,98.4,-304.4,84,0,16,1,1,0","nayedien,arm_low,72.4,-303.6,-92,0,7,0.9,0.9,0","noble,punch,16,-294.4,-43,1,2,1,1,0","nayedien,leg_up,-104,-154.4,-39,0,11,1,1,0","nayedien,leg_low,-174.8,-59.6,-36,0,11,1,1,0","nayedien,foot,-214.8,-8.4,-41,0,14,1,1,0","nayedien,leg_up,23.6,-150.4,56,0,15,1,1,0","nayedien,leg_low,80.4,-64,11,0,14,1,1,0","nayedien,foot,95.2,-0.8,14,0,16,1,1,0",,,"nayedien,cloak_below,-82,-164.4,-47,0,20,0.9,0.9,0","nayedien,cloak_wide,-11.6,-337.2,5,0,17,1,1,0","nayedien,shoulder,-65.6,-357.2,-31,0,8,1,1,0","nayedien,shoulder_strap,0.4,-366.2,-12,0,9,1,1,0","nayedien,shoulder_inner,76.4,-354,109,1,8,1,1,0","nayedien,cloak_up,-120.8,-373.8,-128,1,6,1,1,0","nayedien,cloak_up_back,143.2,-341.6,100,1,10,1,1,0","nayedien,hair_back,-138.6,-300.8,-50,0,24,1,1,0","nayedien,hair_outer,-213.4,-372,-49,0,23,1,1,0","nayedien,hair_inner,-7,-277.6,-44,0,23,1,1,0",,,,,,,,,,,,,,,,,,,,,,,,,,,,,,,,,,,,,,,,,,,,,,,"nayedien,sword_stab,-89.2,-370.4,-126,0,5,1,1,1",,,,,,,,,,,,,,,,,,,,,,,,,,,,,,,,,,,,,,,,,,,play_time_mod_0.2,,
Attack3/14,"nayedien,head,22.2,-462,-11,0,9,1,1,0","nayedien,neck,4,-400,6,0,10,1,1,0","nayedien,body,-14.8,-274.4,-12,0,9,1,1,0","nayedien,arm_up,-85.2,-350.4,-83,0,10,1,1,0","nayedien,arm_low,-162.4,-347.6,-84,0,9,1,1,0","noble,open,-228.4,-360,-105,0,8,1,1,0","nayedien,arm_up,88.4,-314.4,70,0,16,1,1,0","nayedien,arm_low,68.4,-323.6,-106,0,7,0.9,0.9,0","noble,fist,10,-332.4,-56,1,4,1,1,0","nayedien,leg_up,-100,-154.4,-39,0,11,1,1,0","nayedien,leg_low,-170.8,-59.6,-36,0,11,1,1,0","nayedien,foot,-210.8,-8.4,-41,0,14,1,1,0","nayedien,leg_up,29.6,-148.4,56,0,15,1,1,0","nayedien,leg_low,80.4,-64,7,0,14,1,1,0","nayedien,foot,91.2,1.2,14,0,16,1,1,0",,,"nayedien,cloak_below,-74,-174.4,-50,0,20,0.8,0.8,0","nayedien,cloak_wide,-11.6,-357.2,-13,0,17,1,1,0","nayedien,shoulder,-53.6,-371.2,-53,0,8,1,1,0","nayedien,shoulder_strap,8.4,-366.2,-15,0,9,1,1,0","nayedien,shoulder_inner,84.4,-354,106,1,8,1,1,0","nayedien,cloak_up,-108.8,-393.8,-135,1,6,1,1,0","nayedien,cloak_up_back,151.2,-355.6,114,1,10,1,1,0","nayedien,hair_back,-114.6,-288.8,-47,0,24,1,1,0","nayedien,hair_outer,-189.4,-360,-46,0,23,1,1,0","nayedien,hair_inner,17,-265.6,-41,0,23,1,1,0",,,,,,,,,,,,,,,,,,,,,,,,,,,,,,,,,,,,,,,,,,,,,,,"nayedien,sword,-81.2,-390.4,-127,0,5,1,1,1",,,,,,,,,,,,,,,,,,,,,,,,,,,,,,,,,,,,,,,,,,,play_time_mod_1.5,,
Attack3/15,"nayedien,head,20.2,-462,-13,0,9,1,1,0","nayedien,neck,2,-400,7,0,10,1,1,0","nayedien,body,-16.8,-274.4,-11,0,9,1,1,0","nayedien,arm_up,-87.2,-350.4,-99,0,10,1,1,0","nayedien,arm_low,-164.4,-367.6,-99,0,9,1,1,0","noble,open,-230.4,-398,-113,0,8,1,1,0","nayedien,arm_up,82.4,-320.4,68,0,16,1,1,0","nayedien,arm_low,60.4,-327.6,-108,0,7,0.9,0.9,0","noble,fist,2,-342.4,-66,1,4,1,1,0","nayedien,leg_up,-102,-154.4,-39,0,11,1,1,0","nayedien,leg_low,-172.8,-59.6,-36,0,11,1,1,0","nayedien,foot,-212.8,-8.4,-41,0,14,1,1,0","nayedien,leg_up,29.6,-148.4,56,0,15,1,1,0","nayedien,leg_low,80.4,-64,7,0,14,1,1,0","nayedien,foot,91.2,1.2,14,0,16,1,1,0",,,"nayedien,cloak_below,-74,-174.4,-53,0,20,0.8,0.8,0","nayedien,cloak_wide,-5.6,-375.2,162,0,17,1,1,0","nayedien,shoulder,-55.6,-375.2,-64,0,8,1,1,0","nayedien,shoulder_strap,6.4,-366.2,-14,0,9,1,1,0","nayedien,shoulder_inner,82.4,-358,111,1,8,1,1,0","nayedien,cloak_up,-120.8,-395.8,-115,1,6,1,1,0","nayedien,cloak_up_back,149.2,-361.6,115,1,10,1,1,0","nayedien,hair_back,-114.6,-282.8,-41,0,24,1,1,0","nayedien,hair_outer,-189.4,-354,-40,0,23,1,1,0","nayedien,hair_inner,17,-259.6,-35,0,23,1,1,0",,,,,,,,,,,,,,,,,,,,,,,,,,,,,,,,,,,,,,,,,,,,,,,"nayedien,sword,-89.2,-406.4,-131,0,5,1,1,0",,,,,,,,,,,,,,,,,,,,,,,,,,,,,,,,,,,,,,,,,,,stoppable,,
Attack3/16,"nayedien,head,20.2,-462,-11,0,9,1,1,0","nayedien,neck,2,-400,7,0,10,1,1,0","nayedien,body,-16.8,-274.4,-11,0,9,1,1,0","nayedien,arm_up,-87.2,-348.4,-77,0,10,1,1,0","nayedien,arm_low,-164.4,-331.6,-74,0,9,1,1,0","noble,open,-240.4,-324,-79,0,8,1,1,0","nayedien,arm_up,94.4,-322.4,70,0,16,1,1,0","nayedien,arm_low,66.4,-315.6,-92,0,7,0.9,0.9,0","noble,fist,2,-342.4,-66,1,4,1,1,0","nayedien,leg_up,-102,-154.4,-39,0,11,1,1,0","nayedien,leg_low,-172.8,-59.6,-36,0,11,1,1,0","nayedien,foot,-212.8,-8.4,-41,0,14,1,1,0","nayedien,leg_up,27.6,-148.4,51,0,15,1,1,0","nayedien,leg_low,80.4,-64,13,0,14,1,1,0","nayedien,foot,97.2,1.2,20,0,16,1,1,0",,,"nayedien,cloak_below,-58,-154.4,-28,0,20,0.9,0.9,0","nayedien,cloak_wide,-5.6,-365.2,169,0,17,1,1,0","nayedien,shoulder,-63.6,-369.2,-51,0,8,1,1,0","nayedien,shoulder_strap,6.4,-362.2,-10,0,9,1,1,0","nayedien,shoulder_inner,82.4,-356,115,1,8,1,1,0","nayedien,cloak_up,-124.8,-373.8,-102,1,6,1,1,0","nayedien,cloak_up_back,149.2,-347.6,98,1,10,1,1,0","nayedien,hair_back,-108.6,-274.8,-39,0,24,1,1,0","nayedien,hair_outer,-183.4,-346,-38,0,23,1,1,0","nayedien,hair_inner,23,-251.6,-33,0,23,1,1,0",,,,,,,,,,,,,,,,,,,,,,,,,,,,,,,,,,,,,,,,,,,,,,,"nayedien,sword,-89.2,-406.4,-131,0,5,1,1,0",,,,,,,,,,,,,,,,,,,,,,,,,,,,,,,,,,,,,,,,,,,stoppable,,
Attack3/17,"nayedien,head,20.2,-462,-3,0,9,1,1,0","nayedien,neck,10,-406,-4,0,10,1,1,0","nayedien,body,-4.8,-274.4,-6,0,9,1,1,0","nayedien,arm_up,-56,-319.6,-59,0,10,1,1,0","nayedien,arm_low,-122.4,-263.6,-40,0,9,1,1,0","noble,open,-170.8,-220,-45,0,8,1,1,0","nayedien,arm_up,106.4,-308.4,67,0,16,1,1,0","nayedien,arm_low,90.4,-277.6,-66,0,7,0.9,0.9,0","noble,fist,40,-258.4,-48,1,4,1,1,0","nayedien,leg_up,-64,-154.4,-25,0,11,1,1,0","nayedien,leg_low,-108.8,-59.6,-25,0,11,1,1,0","nayedien,foot,-130.8,-12.8,-29,0,14,1,1,0","nayedien,leg_up,33.6,-162.4,35,0,15,1,1,0","nayedien,leg_low,78.4,-64,15,0,14,1,1,0","nayedien,foot,93.2,-0.8,8,0,16,1,1,0",,,"nayedien,cloak_below,-38,-154.4,-35,0,20,0.9,0.9,0","nayedien,cloak_wide,12.4,-311.2,7,0,17,1,1,0","nayedien,shoulder,-43.6,-347.2,-13,0,8,1,1,0","nayedien,shoulder_strap,16.4,-364.2,-12,0,9,1,1,0","nayedien,shoulder_inner,78.4,-352,92,1,8,1,1,0","nayedien,cloak_up,-104.8,-333.8,-62,0,6,1,1,0","nayedien,cloak_up_back,143.2,-319.6,71,1,6,1,1,0","nayedien,hair_back,-60.6,-268.8,-13,0,24,1,1,0","nayedien,hair_outer,-147.4,-302,-20,0,23,1,1,0","nayedien,hair_inner,51,-267.6,-23,0,23,1,1,0",,,,,,,,,,,,,,,,,,,,,,,,,,,,,,,,,,,,,,,,,,,,,,,"nayedien,sword,-51.2,-316.4,-124,0,5,1,1,0",,,,,,,,,,,,,,,,,,,,,,,,,,,,,,,,,,,,,,,,,,,stoppable,,
Attack3/18,"nayedien,head,2.2,-464,0,0,9,1,1,0","nayedien,neck,-4,-400,15,0,10,1,1,0","nayedien,body,-8.8,-272.4,-2,0,9,1,1,0",,"nayedien,arm_low,-114.4,-233.6,-7,0,9,1,1,0","noble,open,-130.8,-172,-9,0,8,1,1,0","nayedien,arm_up,90.4,-316.4,63,0,16,1,1,0","nayedien,arm_low,94.4,-253.6,-29,1,7,0.9,0.9,0","noble,fist,79.6,-202.8,-18,1,7,1,1,0","nayedien,leg_up,-60,-152.4,-15,0,11,1,1,0","nayedien,leg_low,-88.8,-51.6,-15,0,11,1,1,0","nayedien,foot,-104.8,-2.4,-32,0,14,1,1,0","nayedien,leg_up,41.6,-158.4,32,0,15,1,1,0","nayedien,leg_low,78.4,-62,13,0,14,1,1,0","nayedien,foot,93.2,1.2,12,0,16,1,1,0",,,"nayedien,cloak_below,-20,-136.4,-9,0,20,1,1,0","nayedien,cloak_wide,22.4,-309.2,15,0,17,1,1,0","nayedien,shoulder,-61.6,-337.2,1,0,8,1,1,0","nayedien,shoulder_strap,-1.6,-368.2,-2,0,9,1,1,0","nayedien,shoulder_inner,74.4,-354,98,1,8,1,1,0","nayedien,cloak_up,-98.8,-291.8,-22,0,6,1,1,0","nayedien,cloak_up_back,125.2,-301.6,41,1,6,1,1,0","nayedien,hair_back,-46.6,-230.8,-6,0,24,1,1,0","nayedien,hair_outer,-137.4,-284,-5,0,23,1,1,0","nayedien,hair_inner,73,-243.6,-14,0,23,1,1,0",,,,,,,,,,,,,,,,,,,,,,,,,,,,,,,,,,,,,,,,,,,,,,,"nayedien,sword,-19.6,-174.8,-75,1,9,0.9,0.9,0",,,,,,,,,,,,,,,,,,,,,,,,,,,,,,,,,,,,,,,,,,,play_time_mod_1.5,,
Skill2/0,"nayedien,head,-2.4,-486.8,4,0,10,1,1,0","nayedien,neck,-6.4,-428,-20,1,13,1,1,0","nayedien,body,-10.8,-298.4,-2,1,9,1,1,0","nayedien,arm_up,-66.8,-379.2,-63,0,10,1,1,0","nayedien,arm_low,-156.8,-332,-52,0,9,1,1,0","noble,open,-225.6,-290.4,-44,0,10,1,1,0","nayedien,arm_up,69.6,-336.8,31,0,8,1,1,0","nayedien,arm_low,72.8,-264.4,-32,0,4,1,1,0","noble,fist,25.6,-224,-49,1,4,1,1,0","nayedien,leg_up,-83,-168.4,-31,1,12,1,1,0","nayedien,leg_low,-107.6,-69.2,1,1,12,1,1,0","nayedien,foot,-112.8,-7.2,-14,1,15,1,1,0","nayedien,leg_up,58,-166.4,31.7,1,10,1,1,0","nayedien,leg_low,114,-59.2,21,1,11,1,1,0","nayedien,foot,136,-5.6,17,1,16,1,1,0",,,"nayedien,cloak_below,-12.4,-160,-6,1,20,1,1,0","nayedien,cloak_wide,0,-336.8,-14,0,17,1,1,0","nayedien,shoulder_inner,-77.2,-397.6,-118,0,8,1,1,0","nayedien,shoulder_strap,-12.4,-384.4,3,1,9,1,1,0","nayedien,shoulder,58,-363.2,78,0,8,1,1,0","nayedien,cloak_up_back,-139.6,-374.8,-75,0,6,1,1,0","nayedien,cloak_up,93.2,-309.2,27,1,4,1,1,0","nayedien,hair_back,-62.6,-304.4,-22,0,24,1,1,0","nayedien,hair_outer,39.8,-247.6,-33,1,22,1,1,0","nayedien,hair_inner,-157.4,-335.6,-31,1,23,1,1,0",,,,,,,,,,,,,,,,,,,,,,,,,,,,,,,,,,,,,,,,,,,,,,"nayedien,flail_swing_small,200.4,-87.6,58,0,5,0.9,0.9,0",,,,,,,,,,,,,,,,,,,,,,,,,,,,,,,,,,,,,,,,,,,,,,
Skill2/1,"nayedien,head,-24.4,-488.8,1,0,10,1,1,0","nayedien,neck,-20.4,-432,-11,1,13,1,1,0","nayedien,body,-16.8,-298.4,-2,1,9,1,1,0","nayedien,arm_up,-98.8,-361.2,-52,0,10,1,1,0","nayedien,arm_low,-164.8,-314,-49,0,9,1,1,0","noble,open,-231.6,-266.4,-39,0,10,1,1,0","nayedien,arm_up,31.6,-334.8,-8,0,8,1,1,0","nayedien,arm_low,-3.2,-246.4,-24,0,4,1,1,0","noble,fist,-45.6,-203.6,-52,1,4,1,1,0","nayedien,leg_up,-83,-168.4,-31,1,12,1,1,0","nayedien,leg_low,-107.6,-69.2,1,1,12,1,1,0","nayedien,foot,-112.8,-7.2,-14,1,15,1,1,0","nayedien,leg_up,56,-162.4,34.7,1,10,1,1,0","nayedien,leg_low,114,-59.2,21,1,11,1,1,0","nayedien,foot,136,-5.6,17,1,16,1,1,0",,,"nayedien,cloak_below,-12.4,-160,8,1,20,1,1,0","nayedien,cloak_wide,-22,-318.8,-7,0,17,1,1,0","nayedien,shoulder_inner,-91.2,-389.6,-108,0,8,1,1,0","nayedien,shoulder_strap,-20.4,-390.4,3,1,9,1,1,0","nayedien,shoulder,34,-369.2,80,0,8,1,1,0","nayedien,cloak_up_back,-147.6,-356.8,-61,0,6,1,1,0","nayedien,cloak_up,75.2,-313.2,24,1,4,1,1,0","nayedien,hair_back,-104.6,-288.4,-20,0,24,1,1,0","nayedien,hair_outer,-0.2,-239.6,-35,1,22,1,1,0","nayedien,hair_inner,-195.4,-333.6,-26,1,23,1,1,0",,,,,,,,,,,,,,,,,,,,,,,,,,,,,,,,,,,,,,,,,,,,,,"nayedien,flail_idle,-11.6,-135.2,54,0,5,0.8,0.8,0",,,,,,,,,,,,,,,,,,,,,,,,,,,,,,,,,,,,,,,,,,,,play_time_mod_0.6,,
Skill2/2,"nayedien,head,5.6,-488.8,-6,0,10,1,1,0","nayedien,neck,3.6,-424,-25,1,13,1,1,0","nayedien,body,-16.8,-296.4,-5,1,9,1,1,0","nayedien,arm_up,-80.8,-355.2,-35,0,10,1,1,0","nayedien,arm_low,-130.8,-274,-24,0,9,1,1,0","noble,open,-169.6,-210.4,-14,0,10,1,1,0","nayedien,arm_up,5.6,-340.8,-33,0,8,1,1,0","nayedien,arm_low,-45.2,-282.4,-43,0,4,1,1,0","noble,fist,-94,-236,-21,1,4,1,1,0","nayedien,leg_up,-83,-170.4,-26,1,12,1,1,0","nayedien,leg_low,-117.6,-69.2,-13,1,12,1,1,0","nayedien,foot,-134.8,-7.2,-14,1,15,1,1,0","nayedien,leg_up,34,-162.4,30.7,0,10,1,1,0","nayedien,leg_low,86,-61.2,23,0,11,1,1,0","nayedien,foot,108,-3.6,17,0,16,1,1,0",,,"nayedien,cloak_below,-4.4,-150,20,1,20,1,1,0","nayedien,cloak_wide,-22,-300.8,-7,0,17,1,1,0","nayedien,shoulder_inner,-71.2,-385.6,-106,0,8,1,1,0","nayedien,shoulder_strap,-6.4,-386.4,7,1,9,1,1,0","nayedien,shoulder,46,-365.2,75,0,8,1,1,0","nayedien,cloak_up_back,-129.6,-350.8,-62,0,6,1,1,0","nayedien,cloak_up,75.2,-309.2,16,1,4,1,1,0","nayedien,hair_back,-84.6,-302.4,-21,0,24,1,1,0","nayedien,hair_outer,7.8,-243.6,-43,1,22,1,1,0","nayedien,hair_inner,-177.4,-355.6,-32,1,23,1,1,0",,,,,,,,,,,,,,,,,,,,,,,,,,,,,,,,,,,,,,,,,,,,,,"nayedien,flail_long_swing,-290,-218,-94,0,5,0.9,0.9,0",,,,,,,,,,,,,,,,,,,,,,,,,,,,,,,,,,,,,,,,,,,,,,"swing_bulk,1000,1"
Skill2/3,"nayedien,head,5.6,-488.8,-7,0,10,1,1,0","nayedien,neck,3.6,-424,-25,1,13,1,1,0","nayedien,body,-16.8,-296.4,-5,1,9,1,1,0","nayedien,arm_up,-80.8,-355.2,-35,0,10,1,1,0","nayedien,arm_low,-144.8,-284,-35,0,9,1,1,0","noble,open,-198,-225.2,-32,0,10,1,1,0","nayedien,arm_up,29.6,-342.8,10,0,8,1,1,0","nayedien,arm_low,-11.2,-278.4,-53,0,4,1,1,0","noble,punch,-79.2,-283.2,-132,1,4,1,1,0","nayedien,leg_up,-83,-170.4,-26,1,12,1,1,0","nayedien,leg_low,-117.6,-69.2,-13,1,12,1,1,0","nayedien,foot,-134.8,-7.2,-14,1,15,1,1,0","nayedien,leg_up,34,-162.4,30.7,0,10,1,1,0","nayedien,leg_low,86,-61.2,23,0,11,1,1,0","nayedien,foot,108,-3.6,17,0,16,1,1,0",,,"nayedien,cloak_below,-8.4,-150,25,1,20,1,1,0","nayedien,cloak_wide,-22,-300.8,-7,0,17,1,1,0","nayedien,shoulder_inner,-71.2,-385.6,-106,0,8,1,1,0","nayedien,shoulder_strap,-6.4,-386.4,7,1,9,1,1,0","nayedien,shoulder,46,-365.2,75,0,8,1,1,0","nayedien,cloak_up_back,-129.6,-350.8,-62,0,6,1,1,0","nayedien,cloak_up,75.2,-309.2,16,1,4,1,1,0","nayedien,hair_back,-84.6,-302.4,-27,0,24,1,1,0","nayedien,hair_outer,-2.2,-243.6,-45,1,22,1,1,0","nayedien,hair_inner,-177.4,-365.6,-37,1,23,1,1,0",,,,,,,,,,,,,,,,,,,,,,,,,,,,,,,,,,,,,,,,,,,,,,"nayedien,flail_long_swing,14.8,-469.6,144,0,5,1,1,0",,,,,,,,"nayedien,flail_no_handle,-196,-422.8,-142,0,6,1,1,0",,,,,,,,,,,,,,,,,,,,,,,,,,,,"movement,spin,-108.4,-337.2,-39,0,0,1.8,1.8,1",,,,,,,,play_time_mod_0.6,,"swing_bulk,1000,1"
Skill2/4,"nayedien,head,5.6,-480.8,-6,0,10,1,1,0","nayedien,neck,3.6,-414,-22,1,13,1,1,0","nayedien,body,-16.8,-282.4,-7,1,9,1,1,0","nayedien,arm_up,-80.8,-355.2,-35,0,10,1,1,0","nayedien,arm_low,-144.8,-288,-38,0,9,1,1,0","noble,open,-198,-225.2,-20,0,10,1,1,0","nayedien,arm_up,57.6,-306.8,43,0,8,1,1,0","nayedien,arm_low,24.8,-298.4,-102,0,4,1,1,0","noble,punch,-40.4,-342.4,-150,1,4,1,1,0","nayedien,leg_up,-83,-168.4,-40,1,12,1,1,0","nayedien,leg_low,-123.6,-69.2,-8,1,12,1,1,0","nayedien,foot,-138.8,-7.2,-14,1,15,1,1,0","nayedien,leg_up,34,-158.4,34.7,0,10,1,1,0","nayedien,leg_low,90,-61.2,26,0,11,1,1,0","nayedien,foot,114,-3.6,14,0,16,1,1,0",,,"nayedien,cloak_below,-6.4,-150,28,1,20,1,1,0","nayedien,cloak_wide,-49,-373,-10,0,17,1,1,0","nayedien,shoulder_inner,-71.2,-385.6,-116,0,8,1,1,0","nayedien,shoulder_strap,-6.4,-380.4,4,1,9,1,1,0","nayedien,shoulder,58,-363.2,89,0,8,1,1,0","nayedien,cloak_up_back,-131.6,-394.8,-107,0,6,1,1,0","nayedien,cloak_up,98,-374.8,103,1,4,1,1,0","nayedien,hair_back,-92.6,-294.4,-29,0,24,1,1,0","nayedien,hair_outer,-10.2,-235.6,-47,1,22,1,1,0","nayedien,hair_inner,-185.4,-357.6,-39,1,23,1,1,0",,,,,,,,,,,,,,,,,,,,,,,,,,,,,,,,,,,,,,,,,,,,,,"nayedien,flail_long_swing,42.8,-157.2,14,0,5,1,1,0",,,,,,,,"nayedien,flail_no_handle,117.6,-335.6,95,0,6,0.9,0.9,0",,,,,,,,,,,,,,,,,,,,,,,,,,,,"movement,spin,6.8,-344.4,10,0,0,1.8,1.8,1",,,,,,,,,,
Skill2/5,"nayedien,head,5.6,-480.8,-9,0,10,1,1,0","nayedien,neck,3.6,-408,-18,1,13,1,1,0","nayedien,body,-16.8,-278.4,-7,1,9,1,1,0","nayedien,arm_up,-80.8,-355.2,-35,0,10,1,1,0","nayedien,arm_low,-148.8,-292,-43,0,9,1,1,0","noble,open,-194,-247.2,-32,0,10,1,1,0","nayedien,arm_up,59.6,-320.8,55,0,8,1,1,0","nayedien,arm_low,115.6,-287.2,63,0,4,1,1,0","noble,punch,178.8,-261.6,96,1,1,1,1,0","nayedien,leg_up,-83,-164.4,-41,1,12,1,1,0","nayedien,leg_low,-129.6,-67.2,-13,1,12,1,1,0","nayedien,foot,-142.8,-7.2,-11,1,15,1,1,0","nayedien,leg_up,30,-148.4,34.7,0,10,1,1,0","nayedien,leg_low,86,-53.2,28,0,11,1,1,0","nayedien,foot,114,0.4,19,0,16,1,1,0",,,"nayedien,cloak_below,5.6,-154,33,1,20,0.9,0.9,0","nayedien,cloak_wide,-8,-380.8,164,0,17,1,1,0","nayedien,shoulder_inner,-73.2,-383.6,-127,0,8,1,1,0","nayedien,shoulder_strap,-6.4,-376.4,7,1,9,1,1,0","nayedien,shoulder,58,-365.2,97,0,8,1,1,0","nayedien,cloak_up_back,-127.6,-402.8,-121,0,6,1,1,0","nayedien,cloak_up,94,-388.8,110,1,4,1,1,0","nayedien,hair_back,-104.6,-312.4,-34,0,24,1,1,0","nayedien,hair_outer,-22.2,-253.6,-52,1,22,1,1,0","nayedien,hair_inner,-197.4,-375.6,-44,1,23,1,1,0",,,,,,,,,,,,,,,,,,,,,,,,,,,,,,,,,,,,,,,,,,,,,,"nayedien,flail_long_swing,-6.4,-363.2,-126,0,2,1,1,0",,,,,,,,"nayedien,flail_no_handle,102.8,-118.4,-23,0,3,0.9,0.9,0",,,,,,,,,,,,,,,,,,,,,,,,,,,,"movement,spin,112,-243.2,-137,0,0,1.8,1.8,1",,,,,,,,play_time_mod_0.7,,"swing_bulk,1000,1"
Skill2/6,"nayedien,head,5.6,-474.8,-9,0,10,1,1,0","nayedien,neck,1.6,-408,-7,1,13,1,1,0","nayedien,body,-16.8,-278.4,-7,1,9,1,1,0","nayedien,arm_up,-84.8,-339.2,-35,0,10,1,1,0","nayedien,arm_low,-138.8,-268,-28,0,9,1,1,0","noble,open,-181.6,-200.4,-18,0,10,1,1,0","nayedien,arm_up,79.2,-341.6,135,0,8,1,1,0","nayedien,arm_low,147.2,-402.4,138,0,8,1,1,0","noble,punch,213.6,-447.2,135,1,4,1,1,0","nayedien,leg_up,-95,-160.4,-46,1,12,1,1,0","nayedien,leg_low,-133.6,-67.2,-1,1,12,1,1,0","nayedien,foot,-138.8,-7.2,-14,1,15,1,1,0","nayedien,leg_up,30,-140.4,36.7,0,10,1,1,0","nayedien,leg_low,92,-49.2,32,0,11,1,1,0","nayedien,foot,120,0.4,19,0,16,1,1,0",,,"nayedien,cloak_below,-14.4,-148,19,1,20,0.9,0.9,0","nayedien,cloak_wide,-8,-380.8,164,0,17,1,1,0","nayedien,shoulder_inner,-71.2,-377.6,-116,0,8,1,1,0","nayedien,shoulder_strap,-6.4,-376.4,7,1,9,1,1,0","nayedien,shoulder,64,-371.2,116,0,8,1,1,0","nayedien,cloak_up_back,-131.6,-404.8,-139,0,6,1,1,0","nayedien,cloak_up,94,-406.8,152,0,7,1,1,0","nayedien,hair_back,-122.6,-320.4,-40,0,24,1,1,0","nayedien,hair_outer,-40.2,-261.6,-58,1,22,1,1,0","nayedien,hair_inner,-215.4,-383.6,-50,1,23,1,1,0",,,,,,,,,,,,,,,,,,,,,,,,,,,,,,,,,,,,,,,,,,,,,,"nayedien,flail_long_swing,373.4,-587.8,123,0,5,1,1,0",,,,,,,,"nayedien,flail_no_handle,182.2,-621.4,-170,0,6,1,1,0",,,,,,,,,,,,,,,,,,,,,,,,,,,,"movement,spin,278.6,-507,158,0,0,1.8,1.8,1",,,,,,,,play_time_mod_0.6,,
Skill2/7,"nayedien,head,5.6,-460.8,-11,0,10,1,1,0","nayedien,neck,1.6,-408,-7,1,13,1,1,0","nayedien,body,-16.8,-274.4,-7,1,9,1,1,0","nayedien,arm_up,-76.8,-343.2,-26,0,10,1,1,0","nayedien,arm_low,-116.8,-258,-16,0,9,1,1,0","noble,open,-143.6,-180.4,-3,0,10,1,1,0","nayedien,arm_up,35.6,-282.8,16,0,8,1,1,0","nayedien,arm_low,-1.2,-282.4,-118,0,4,1,1,0","noble,punch,-44.4,-330.4,-127,1,4,1,1,0","nayedien,leg_up,-95,-160.4,-46,1,12,1,1,0","nayedien,leg_low,-133.6,-67.2,-1,1,12,1,1,0","nayedien,foot,-138.8,-7.2,-14,1,15,1,1,0","nayedien,leg_up,34,-140.4,40.7,0,10,1,1,0","nayedien,leg_low,104,-49.2,34,0,11,1,1,0","nayedien,foot,134,0.4,21,0,16,1,1,0",,,"nayedien,cloak_below,-36.4,-134,-7,1,20,1,1,0","nayedien,cloak_wide,-22,-390.8,170,0,17,1,1,0","nayedien,shoulder_inner,-71.2,-379.6,-133,0,8,1,1,0","nayedien,shoulder_strap,-6.4,-366.4,7,1,9,1,1,0","nayedien,shoulder,62,-375.2,132,0,8,1,1,0","nayedien,cloak_up_back,-123.6,-416.8,-146,0,6,1,1,0","nayedien,cloak_up,62,-400.8,-164,0,11,1,1,0","nayedien,hair_back,-134.6,-320.4,-47,0,24,1,1,0","nayedien,hair_outer,-52.2,-261.6,-65,1,22,1,1,0","nayedien,hair_inner,-227.4,-383.6,-57,1,23,1,1,0",,,,,,,,,,,,,,,,,,,,,,,,,,,,,,,,,,,,,,,,,,,,,,"nayedien,flail_long_swing,-77.6,-120,-17,0,5,1,1,0",,,,,,,,"nayedien,flail_no_handle,108.8,-278.8,70,0,6,0.9,0.9,0",,,,,,,,,,,,,,,,,,,,,,,,,,,,"movement,spin,-26.4,-333.6,176,0,0,1.8,1.8,1",,,,,,,,play_time_mod_0.4,,"swing_bulk,1000,1"
Skill2/8,"nayedien,head,5.6,-488.8,-6,0,10,1,1,0","nayedien,neck,3.6,-424,-25,1,13,1,1,0","nayedien,body,-16.8,-296.4,-5,1,9,1,1,0","nayedien,arm_up,-80.8,-355.2,-35,0,10,1,1,0","nayedien,arm_low,-134.8,-274,-24,0,9,1,1,0","noble,open,-173.6,-200.4,-14,0,10,1,1,0","nayedien,arm_up,9.6,-370.8,-117,0,8,1,1,0","nayedien,arm_low,-66,-428,-123,0,4,1,1,0","noble,punch,-121.6,-484.8,-132,1,4,1,1,0","nayedien,leg_up,-83,-168.4,-31,1,12,1,1,0","nayedien,leg_low,-121.6,-69.2,-13,1,12,1,1,0","nayedien,foot,-138.8,-7.2,-14,1,15,1,1,0","nayedien,leg_up,34,-162.4,30.7,0,10,1,1,0","nayedien,leg_low,86,-61.2,22,0,11,1,1,0","nayedien,foot,108,-3.6,17,0,16,1,1,0",,,"nayedien,cloak_below,-4.4,-150,20,1,20,1,1,0","nayedien,cloak_wide,-14,-374.8,178,0,17,1,1,0","nayedien,shoulder_inner,-71.2,-381.6,-101,0,8,1,1,0","nayedien,shoulder_strap,-6.4,-384.4,7,1,9,1,1,0","nayedien,shoulder,60,-371.2,92,0,8,1,1,0","nayedien,cloak_up_back,-131.6,-376.8,-102,0,6,1,1,0","nayedien,cloak_up,92,-388.8,103,1,6,1,1,0","nayedien,hair_back,-124.6,-334.4,-42,0,24,1,1,0","nayedien,hair_outer,-42.2,-275.6,-60,1,22,1,1,0","nayedien,hair_inner,-217.4,-397.6,-52,1,23,1,1,0",,,,,,,,,,,,,,,,,,,,,,,,,,,,,,,,,,,,,,,,,,,,,,"nayedien,flail_long_swing,-16.2,-670.2,140,0,5,1,1,0",,,,,,,,"nayedien,flail_no_handle,-227,-623.4,-146,0,6,1,1,0",,,,,,,,,,,,,,,,,,,,,,,,,,,,"movement,spin,-139.4,-537.8,-43,0,0,1.8,1.8,1",,,,,,,,play_time_mod_0.4,,
Skill2/9,"nayedien,head,5.6,-480.8,-9,0,10,1,1,0","nayedien,neck,3.6,-408,-18,1,13,1,1,0","nayedien,body,-16.8,-278.4,-7,1,9,1,1,0","nayedien,arm_up,-80.8,-355.2,-35,0,10,1,1,0","nayedien,arm_low,-132.8,-280,-24,0,9,1,1,0","noble,open,-169.6,-210.4,-18,0,10,1,1,0","nayedien,arm_up,40,-402.8,-171,0,8,1,1,0","nayedien,arm_low,29.2,-502,-170,0,4,1,1,0","noble,punch,30.8,-577.6,-174,1,1,1,1,0","nayedien,leg_up,-83,-164.4,-41,1,12,1,1,0","nayedien,leg_low,-129.6,-67.2,-13,1,12,1,1,0","nayedien,foot,-142.8,-7.2,-14,1,15,1,1,0","nayedien,leg_up,30,-148.4,34.7,0,10,1,1,0","nayedien,leg_low,86,-53.2,28,0,11,1,1,0","nayedien,foot,114,0.4,19,0,16,1,1,0",,,"nayedien,cloak_below,5.6,-154,33,1,20,0.9,0.9,0","nayedien,cloak_wide,-8,-380.8,164,0,17,1,1,0","nayedien,shoulder_inner,-71.2,-377.6,-116,0,8,1,1,0","nayedien,shoulder_strap,-6.4,-376.4,7,1,9,1,1,0","nayedien,shoulder,80,-355.2,93,0,8,1,1,0","nayedien,cloak_up_back,-127.6,-396.8,-131,0,6,1,1,0","nayedien,cloak_up,122,-372.8,95,1,4,1,1,0","nayedien,hair_back,-98.6,-320.4,-35,0,24,1,1,0","nayedien,hair_outer,-26.2,-247.6,-59,1,22,1,1,0","nayedien,hair_inner,-203.4,-377.6,-45,1,23,1,1,0",,,,,,,,,,,,,,,,,,,,,,,,,,,,,,,,,,,,,,,,,,,,,,"nayedien,flail_long_swing,201.6,-552,70,0,2,1,1,0",,,,,,,,"nayedien,flail_no_handle,140.8,-653.6,135,0,3,0.8,0.8,0",,,,,,,,,,,,,,,,,,,,,,,,,,,,"movement,spin,20,-499.6,-92,0,0,1.8,1.8,1",,,,,,,,play_time_mod_0.1,,"swing_bulk,1000,1"
Skill2/10,"nayedien,head,5.6,-480.8,-6,0,10,1,1,0","nayedien,neck,3.6,-414,-22,1,13,1,1,0","nayedien,body,-16.8,-282.4,-7,1,9,1,1,0","nayedien,arm_up,-80.8,-355.2,-35,0,10,1,1,0","nayedien,arm_low,-138.8,-282,-29,0,9,1,1,0","noble,open,-187.6,-214.4,-28,0,10,1,1,0","nayedien,arm_up,47.6,-308.8,27,0,8,1,1,0","nayedien,arm_low,28.8,-284.4,-102,0,4,1,1,0","noble,punch,-34.4,-328.4,-139,1,4,1,1,0","nayedien,leg_up,-83,-168.4,-40,1,12,1,1,0","nayedien,leg_low,-121.6,-69.2,-4,1,12,1,1,0","nayedien,foot,-132.8,-7.2,-11,1,15,1,1,0","nayedien,leg_up,34,-162.4,30.7,0,10,1,1,0","nayedien,leg_low,86,-61.2,22,0,11,1,1,0","nayedien,foot,106,-3.6,13,0,16,1,1,0",,,"nayedien,cloak_below,-4.4,-150,23,1,20,1,1,0","nayedien,cloak_wide,-28,-366.8,-13,0,17,1,1,0","nayedien,shoulder_inner,-71.2,-385.6,-116,0,8,1,1,0","nayedien,shoulder_strap,-6.4,-380.4,4,1,9,1,1,0","nayedien,shoulder,58,-363.2,89,0,8,1,1,0","nayedien,cloak_up_back,-131.6,-394.8,-107,0,6,1,1,0","nayedien,cloak_up,98,-374.8,103,1,4,1,1,0","nayedien,hair_back,-92.6,-290.4,-25,0,24,1,1,0","nayedien,hair_outer,-2.2,-239.6,-46,1,22,1,1,0","nayedien,hair_inner,-195.4,-345.6,-34,1,23,1,1,0",,,,,,,,,,,,,,,,,,,,,,,,,,,,,,,,,,,,,,,,,,,,,,"nayedien,flail_long_swing,-29.2,-143.2,-11,0,5,1,1,0",,,,,,,,"nayedien,flail_no_handle,113.6,-299.6,77,0,6,0.9,0.9,0",,,,,,,,,,,,,,,,,,,,,,,,,,,,"movement,spin,10.8,-330.4,-2,0,0,1.8,1.8,1",,,,,,,,play_time_mod_0.2,,
Skill2/11,"nayedien,head,5.6,-488.8,-6,0,10,1,1,0","nayedien,neck,3.6,-424,-25,1,13,1,1,0","nayedien,body,-16.8,-296.4,-5,1,9,1,1,0","nayedien,arm_up,-80.8,-355.2,-35,0,10,1,1,0","nayedien,arm_low,-130.8,-274,-24,0,9,1,1,0","noble,open,-169.6,-210.4,-14,0,10,1,1,0","nayedien,arm_up,17.6,-342.8,-6,0,8,1,1,0","nayedien,arm_low,-25.2,-282.4,-53,0,4,1,1,0","noble,punch,-79.2,-283.2,-132,1,4,1,1,0","nayedien,leg_up,-83,-168.4,-31,1,12,1,1,0","nayedien,leg_low,-121.6,-69.2,-13,1,12,1,1,0","nayedien,foot,-136.8,-7.2,-14,1,15,1,1,0","nayedien,leg_up,34,-162.4,30.7,0,10,1,1,0","nayedien,leg_low,86,-61.2,22,0,11,1,1,0","nayedien,foot,108,-3.6,7,0,16,1,1,0",,,"nayedien,cloak_below,-4.4,-150,20,1,20,1,1,0","nayedien,cloak_wide,-8,-310.8,-2,0,17,1,1,0","nayedien,shoulder_inner,-71.2,-385.6,-101,0,8,1,1,0","nayedien,shoulder_strap,-6.4,-384.4,7,1,9,1,1,0","nayedien,shoulder,52,-365.2,85,0,8,1,1,0","nayedien,cloak_up_back,-131.6,-368.8,-82,0,6,1,1,0","nayedien,cloak_up,100,-338.8,59,1,4,1,1,0","nayedien,hair_back,-84.6,-298.4,-21,0,24,1,1,0","nayedien,hair_outer,19.8,-253.6,-36,1,22,1,1,0","nayedien,hair_inner,-185.4,-353.6,-31,1,23,1,1,0",,,,,,,,,,,,,,,,,,,,,,,,,,,,,,,,,,,,,,,,,,,,,,"nayedien,flail_long_swing,-208.8,-420,-144,0,5,1,1,0",,,,,,,,"nayedien,flail_no_handle,-220.8,-240,-63,0,6,1,1,0",,,,,,,,,,,,,,,,,,,,,,,,,,,,"movement,spin,-174,-342,74,0,0,1.8,1.8,1",,,,,,,,play_time_mod_0.3,,"swing_bulk,1000,1"
Skill2/12,"nayedien,head,5.6,-474.8,-9,0,10,1,1,0","nayedien,neck,1.6,-408,-7,1,13,1,1,0","nayedien,body,-16.8,-278.4,-7,1,9,1,1,0","nayedien,arm_up,-84.8,-339.2,-35,0,10,1,1,0","nayedien,arm_low,-132.8,-258,-18,0,9,1,1,0","noble,open,-167.6,-174.4,-9,0,10,1,1,0","nayedien,arm_up,79.2,-331.6,86,0,8,1,1,0","nayedien,arm_low,170.4,-340,100,0,8,1,1,0","noble,punch,242.4,-333.6,95,1,4,1,1,0","nayedien,leg_up,-95,-160.4,-46,1,12,1,1,0","nayedien,leg_low,-133.6,-67.2,-1,1,12,1,1,0","nayedien,foot,-138.8,-7.2,-14,1,15,1,1,0","nayedien,leg_up,30,-140.4,36.7,0,10,1,1,0","nayedien,leg_low,92,-49.2,32,0,11,1,1,0","nayedien,foot,120,0.4,19,0,16,1,1,0",,,"nayedien,cloak_below,-14.4,-148,19,1,20,0.9,0.9,0","nayedien,cloak_wide,-16,-358.8,178,0,17,1,1,0","nayedien,shoulder_inner,-71.2,-377.6,-116,0,8,1,1,0","nayedien,shoulder_strap,-6.4,-376.4,7,1,9,1,1,0","nayedien,shoulder,58,-355.2,89,0,8,1,1,0","nayedien,cloak_up_back,-127.6,-368.8,-86,0,6,1,1,0","nayedien,cloak_up,114.4,-336,91,0,7,1,1,0","nayedien,hair_back,-122.6,-302.4,-44,0,24,1,1,0","nayedien,hair_outer,11.8,-225.6,-31,1,22,1,1,0","nayedien,hair_inner,-197.4,-379.6,-51,1,23,1,1,0",,,,,,,,,,,,,,,,,,,,,,,,,,,,,,,,,,,,,,,,,,,,,,"nayedien,flail_long_swing,421.2,-338,79,0,5,1,1,0",,,,,,,,"nayedien,flail_no_handle,311.6,-473.2,144,0,6,1,1,0",,,,,,,,,,,,,,,,,,,,,,,,,,,,"movement,spin,309.6,-361.6,105,0,0,1.8,1.8,1",,,,,,,,play_time_mod_0.5,,
Skill2/13,"nayedien,head,29.6,-462.8,-5,0,10,1,1,0","nayedien,neck,27.6,-398,-1,0,13,1,1,0","nayedien,body,-0.8,-274.4,-10,0,9,1,1,0","nayedien,arm_up,-64.8,-335.2,-27,0,10,1,1,0","nayedien,arm_low,-96.8,-250,-6,0,9,1,1,0","noble,open,-115.6,-168.4,-4,0,10,1,1,0","nayedien,arm_up,106.4,-304.4,64,0,10,1,1,0","nayedien,arm_low,188.8,-257.6,54,1,4,1,1,0","noble,fist,247.2,-248.8,118,1,4,1,1,0","nayedien,leg_up,-85,-154.4,-42,1,12,1,1,0","nayedien,leg_low,-123.6,-67.2,-10,1,12,1,1,0","nayedien,foot,-138.8,-7.2,-14,1,15,1,1,0","nayedien,leg_up,38,-150.4,37.7,0,10,1,1,0","nayedien,leg_low,106,-53.2,33,0,11,1,1,0","nayedien,foot,136,2.4,21,0,16,1,1,0",,,"nayedien,cloak_below,-25.2,-129.2,-22,1,20,0.9,0.9,0","nayedien,cloak_wide,12,-368.8,6,0,17,1,1,0","nayedien,shoulder,-41.2,-375.6,-71,0,8,1,1,0","nayedien,shoulder_strap,39.6,-352.4,-7,0,9,1,1,0","nayedien,shoulder_inner,73.6,-366,76,0,8,1,1,0","nayedien,cloak_up,-97.6,-378.8,-75,0,6,1,1,0","nayedien,cloak_up_back,132,-374.8,99,1,3,1,1,0","nayedien,hair_back,-88.6,-290.4,-23,0,24,1,1,0","nayedien,hair_outer,31.8,-255.6,-31,1,22,1,1,0","nayedien,hair_inner,-172.8,-341.2,-35,1,23,1,1,0",,,,,,,,,,,,,,,,,,,,,,,,,,,,,,,,,,,,,,,,,,,,,,"nayedien,flail_swing_small,496.8,-168.8,75,0,5,1,1,0",,,,,,,,,,,,,,,,,,,,,,,,,,,,,,,,,,,,,,,,,,,,play_time_mod_0.3,,
Skill2/14,"nayedien,head,11.6,-468.8,2,0,10,1,1,0","nayedien,neck,9.6,-402,12,0,13,1,1,0","nayedien,body,-4.8,-274.4,-5,0,9,1,1,0","nayedien,arm_up,-64.8,-335.2,-27,0,10,1,1,0","nayedien,arm_low,-96.8,-250,-6,0,9,1,1,0","noble,open,-113.6,-168.4,-6,0,10,1,1,0","nayedien,arm_up,88.4,-314.4,61,0,10,1,1,0","nayedien,arm_low,170.8,-253.6,45,1,4,1,1,0","noble,fist,237.2,-228.8,108,1,4,1,1,0","nayedien,leg_up,-85,-146.4,-45,1,12,1,1,0","nayedien,leg_low,-123.6,-63.2,-6,1,12,1,1,0","nayedien,foot,-134.8,-5.2,-19,1,15,1,1,0","nayedien,leg_up,44,-150.4,33.7,0,10,1,1,0","nayedien,leg_low,106,-53.2,33,0,11,1,1,0","nayedien,foot,136,2.4,21,0,16,1,1,0",,,"nayedien,cloak_below,-15.2,-129.2,-15,1,20,0.9,0.9,0","nayedien,cloak_wide,22,-342.8,6,0,17,1,1,0","nayedien,shoulder,-47.2,-363.6,-65,0,8,1,1,0","nayedien,shoulder_strap,25.6,-362.4,4,0,9,1,1,0","nayedien,shoulder_inner,67.6,-374,77,0,8,1,1,0","nayedien,cloak_up,-111.6,-358.8,-67,0,6,1,1,0","nayedien,cloak_up_back,128,-366.8,71,1,3,1,1,0","nayedien,hair_back,-76.6,-280.4,-15,0,24,1,1,0","nayedien,hair_outer,42.8,-231.2,-31,1,22,1,1,0","nayedien,hair_inner,-164.8,-309.2,-25,1,23,1,1,0",,,,,,,,,,,,,,,,,,,,,,,,,,,,,,,,,,,,,,,,,,,,,,"nayedien,flail_long,432.8,-110.8,57,0,5,1,1,0",,,,,,,,,,,,,,,,,,,,,,,,,,,,,,,,,,,,"movement,spin,569.6,11.2,-90,0,13,0.6,0.6,0",,,,,,,,,,"deep_thump,1000,1"
Skill2/15,"nayedien,head,11.6,-468.8,-3,0,10,1,1,0","nayedien,neck,9.6,-402,12,0,13,1,1,0","nayedien,body,-4.8,-274.4,-7,0,9,1,1,0","nayedien,arm_up,-64.8,-335.2,-27,0,10,1,1,0","nayedien,arm_low,-96.8,-250,-6,0,9,1,1,0","noble,open,-117.6,-174.4,-6,0,10,1,1,0","nayedien,arm_up,74.4,-314.4,47,0,10,1,1,0","nayedien,arm_low,132.8,-233.6,25,1,4,1,1,0","noble,fist,189.6,-191.2,96,1,4,1,1,0","nayedien,leg_up,-85,-146.4,-45,1,12,1,1,0","nayedien,leg_low,-123.6,-63.2,-6,1,12,1,1,0","nayedien,foot,-134.8,-5.2,-19,1,15,1,1,0","nayedien,leg_up,44,-150.4,33.7,0,10,1,1,0","nayedien,leg_low,106,-53.2,33,0,11,1,1,0","nayedien,foot,136,2.4,21,0,16,1,1,0",,,"nayedien,cloak_below,-21.2,-129.2,-18,1,20,0.9,0.9,0","nayedien,cloak_wide,30,-308.8,2,0,17,1,1,0","nayedien,shoulder,-51.2,-355.6,-20,0,8,1,1,0","nayedien,shoulder_strap,21.6,-360.4,-7,0,9,1,1,0","nayedien,shoulder_inner,81.6,-358,16,0,8,1,1,0","nayedien,cloak_up,-105.6,-334.8,-51,0,6,1,1,0","nayedien,cloak_up_back,137.6,-315.6,61,1,3,1,1,0","nayedien,hair_back,-76.6,-282.4,-10,0,24,1,1,0","nayedien,hair_outer,42.8,-231.2,-26,1,22,1,1,0","nayedien,hair_inner,-164.8,-309.2,-20,1,23,1,1,0",,,,,,,,,,,,,,,,,,,,,,,,,,,,,,,,,,,,,,,,,,,,,,"nayedien,flail_swing_small,384.8,-74.4,64,0,5,0.9,0.9,0",,,,,,,,,,,,,,,,,,,,,,,,,,,,,,,,,,,,,,,,,,,,play_time_mod_1.2,,
Skill2/16,"nayedien,head,-38.4,-486.8,4,0,10,1,1,0","nayedien,neck,-28.4,-422,-1,1,13,1,1,0","nayedien,body,-20.8,-292.4,3,1,9,1,1,0","nayedien,arm_up,-102.8,-349.2,-44,0,10,1,1,0","nayedien,arm_low,-166.8,-296,-44,0,9,1,1,0","noble,open,-238,-237.6,-42,0,10,1,1,0","nayedien,arm_up,52.4,-327.2,35,0,8,1,1,0","nayedien,arm_low,46.8,-242.4,-37,0,4,1,1,0","noble,fist,-7.6,-203.2,-55,1,4,1,1,0","nayedien,leg_up,-83,-162.4,-42,1,12,1,1,0","nayedien,leg_low,-107.6,-69.2,11,1,12,1,1,0","nayedien,foot,-112.8,-7.2,-14,1,15,1,1,0","nayedien,leg_up,50,-154.4,26.7,1,10,1,1,0","nayedien,leg_low,104,-59.2,33,1,11,1,1,0","nayedien,foot,136,-9.6,23,1,16,1,1,0",,,"nayedien,cloak_below,-12.4,-160,-6,1,20,1,1,0","nayedien,cloak_wide,0,-320.8,-6,0,17,1,1,0","nayedien,shoulder_inner,-101.2,-375.6,-105,0,8,1,1,0","nayedien,shoulder_strap,-24.4,-374.4,3,1,9,1,1,0","nayedien,shoulder,34,-365.2,88,0,7,1,1,0","nayedien,cloak_up_back,-157.6,-330.8,-52,0,6,1,1,0","nayedien,cloak_up,73.2,-325.2,37,1,4,1,1,0","nayedien,hair_back,-60.6,-290.4,-2,0,23,1,1,0","nayedien,hair_outer,49.8,-263.6,-11,1,22,1,1,0","nayedien,hair_inner,-161.4,-303.6,-5,1,23,1,1,0",,,,,,,,,,,,,,,,,,,,,,,,,,,,,,,,,,,,,,,,,,,,,,"nayedien,flail_idle,30.8,-128.8,52,0,5,0.9,0.9,0",,,,,,,,,,,,,,,,,,,,,,,,,,,,,,,,,,,,,,,,,,,,,,
EXCLUDE_Meditate/0,"nayedien,head,-6.2,-494.2,1,0,9,1,1,0","nayedien,neck,-4.8,-427.6,3,0,10,1,1,0","nayedien,body,-12.8,-292.4,-1,0,9,1,1,0",,"nayedien,arm_low,-68.4,-257.6,60,1,9,1,1,0","noble,fist,-10.8,-255.2,106,0,6,1,1,0",,"nayedien,arm_low,51.2,-236,-59,0,9,1,1,0","noble,fist,-8.4,-221.6,-87,1,8,1,1,0","nayedien,leg_up,-56,-170.4,-7,0,11,1,1,0","nayedien,leg_low,-74.8,-59.6,-6,0,11,1,1,0","nayedien,foot,-78.8,8.4,-3,0,14,1,1,0","nayedien,leg_up,23.6,-170.4,15,0,15,1,1,0","nayedien,leg_low,43.2,-66.8,5,0,14,1,1,0","nayedien,foot,57.6,2.8,23,0,16,1,1,0",,,"nayedien,cloak_below,-19.2,-144.8,-1,0,20,1,1,0","nayedien,cloak,-15.6,-342,-9,0,17,1.1,1.1,0","nayedien,shoulder,-64.8,-364,-2,0,8,1,1,0","nayedien,shoulder_strap,-0.4,-388.4,-1,0,9,1,1,0","nayedien,shoulder_inner,53.6,-365.6,73,1,8,1,1,0","nayedien,cloak_up,-89.2,-311.6,-8,0,6,1,1,0","nayedien,cloak_up_back,81.2,-292.4,16,1,6,1,1,0","nayedien,hair_back,-65,-299,-5,0,23,1,1,0","nayedien,hair_outer,-145.8,-314.2,-5,0,23,1,1,0","nayedien,hair_inner,65.4,-304.6,-8,0,23,1,1,0",,,,,,,,,,,,,,,,,,,,,,,,,,,,,,,,,,,,,,,,,,,,,,,,,,,,,,,,,,,,,,,,,,,,,,,,,,,,,,,,,,,,,,,,,,,,
EXCLUDE_Meditate/1,"nayedien,head,-6.2,-490.2,-1,0,9,1,1,0","nayedien,neck,-4.8,-423.6,3,0,10,1,1,0","nayedien,body,-12.8,-288.4,-1,0,9,1,1,0",,"nayedien,arm_low,-68.4,-261.6,76,1,9,1,1,0","noble,fist,-4.8,-267.2,98,0,6,1,1,0",,"nayedien,arm_low,51.2,-228,-54,0,9,1,1,0","noble,fist,-10.4,-209.6,-86,1,8,1,1,0","nayedien,leg_up,-56,-170.4,-7,0,11,1,1,0","nayedien,leg_low,-74.8,-59.6,-6,0,11,1,1,0","nayedien,foot,-78.8,8.4,-3,0,14,1,1,0","nayedien,leg_up,23.6,-170.4,15,0,15,1,1,0","nayedien,leg_low,43.2,-66.8,5,0,14,1,1,0","nayedien,foot,57.6,2.8,23,0,16,1,1,0",,,"nayedien,cloak_below,-23.2,-140.8,-3,0,20,1,1,0","nayedien,cloak,-15.6,-338,-9,0,17,1.1,1.1,0","nayedien,shoulder,-62.8,-362,-2,0,8,1,1,0","nayedien,shoulder_strap,3.6,-384.4,-4,0,9,1,1,0","nayedien,shoulder_inner,53.6,-361.6,73,1,8,1,1,0","nayedien,cloak_up,-93.2,-311.6,-14,0,6,1,1,0","nayedien,cloak_up_back,81.2,-288.4,17,1,6,1,1,0","nayedien,hair_back,-69,-289,-4,0,23,1,1,0","nayedien,hair_outer,-149.8,-304.2,-4,0,23,1,1,0","nayedien,hair_inner,61.4,-294.6,-7,0,23,1,1,0",,,,,,,,,,,,,,,,,,,,,,,,,,,,,,,,,,,,,,,,,,,,,,,,,,,,,,,,,,,,,,,,,,,,,,,,,,,,,,,,,,,,,,,,,,play_time_mod_1.2,,
EXCLUDE_Meditate/2,"nayedien,head,1.8,-484.2,-4,0,9,1,1,0","nayedien,neck,-4.8,-421.6,3,0,10,1,1,0","nayedien,body,-12.8,-286.4,-4,0,9,1,1,0",,"nayedien,arm_low,-68.4,-263.6,78,1,9,1,1,0","noble,fist,-8.8,-277.2,103,0,6,1,1,0",,"nayedien,arm_low,51.2,-222,-50,0,9,1,1,0","noble,fist,-8.4,-201.6,-86,1,8,1,1,0","nayedien,leg_up,-56,-170.4,-7,0,11,1,1,0","nayedien,leg_low,-74.8,-59.6,-6,0,11,1,1,0","nayedien,foot,-78.8,8.4,-3,0,14,1,1,0","nayedien,leg_up,23.6,-170.4,15,0,15,1,1,0","nayedien,leg_low,43.2,-66.8,5,0,14,1,1,0","nayedien,foot,57.6,2.8,23,0,16,1,1,0",,,"nayedien,cloak_below,-23.2,-138.8,-3,0,20,1,1,0","nayedien,cloak,-15.6,-332,-9,0,17,1.1,1.1,0","nayedien,shoulder,-60.8,-362,-2,0,8,1,1,0","nayedien,shoulder_strap,3.6,-382.4,-6,0,9,1,1,0","nayedien,shoulder_inner,53.6,-355.6,73,1,8,1,1,0","nayedien,cloak_up,-95.2,-309.6,-18,0,6,1,1,0","nayedien,cloak_up_back,77.2,-286.4,12,1,6,1,1,0","nayedien,hair_back,-63,-283,-2,0,23,1,1,0","nayedien,hair_outer,-143.8,-298.2,-2,0,23,1,1,0","nayedien,hair_inner,67.4,-288.6,-5,0,23,1,1,0",,,,,,,,,,,,,,,,,,,,,,,,,,,,,,,,,,,,,,,,,,,,,,,,,,,,,,,,,,,,,,,,,,,,,,,,,,,,,,,,,,,,,,,,,,play_time_mod_1.5,,
EXCLUDE_Meditate/3,"nayedien,head,3.8,-480.2,-6,0,9,1,1,0","nayedien,neck,-2.8,-417.6,1,0,10,1,1,0","nayedien,body,-10.8,-282.4,-6,0,9,1,1,0",,"nayedien,arm_low,-66.4,-255.6,74,1,9,1,1,0","noble,fist,-6.8,-259.2,99,0,6,1,1,0",,"nayedien,arm_low,49.2,-218,-60,0,9,1,1,0","noble,fist,-8.4,-205.6,-87,1,8,1,1,0","nayedien,leg_up,-56,-170.4,-7,0,11,1,1,0","nayedien,leg_low,-74.8,-59.6,-6,0,11,1,1,0","nayedien,foot,-78.8,8.4,-3,0,14,1,1,0","nayedien,leg_up,23.6,-170.4,15,0,15,1,1,0","nayedien,leg_low,43.2,-66.8,5,0,14,1,1,0","nayedien,foot,57.6,2.8,23,0,16,1,1,0",,,"nayedien,cloak_below,-25.2,-134.8,-5,0,20,1,1,0","nayedien,cloak,-15.6,-324,-9,0,17,1.1,1.1,0","nayedien,shoulder,-62.8,-356,-4,0,8,1,1,0","nayedien,shoulder_strap,11.6,-376.4,-6,0,9,1,1,0","nayedien,shoulder_inner,55.6,-349.6,71,1,8,1,1,0","nayedien,cloak_up,-93.2,-303.6,-12,0,6,1,1,0","nayedien,cloak_up_back,79.2,-278.4,13,1,6,1,1,0","nayedien,hair_back,-63,-275,1,0,23,1,1,0","nayedien,hair_outer,-143.8,-290.2,1,0,23,1,1,0","nayedien,hair_inner,67.4,-280.6,-2,0,23,1,1,0",,,,,,,,,,,,,,,,,,,,,,,,,,,,,,,,,,,,,,,,,,,,,,,,,,,,,,,,,,,,,,,,,,,,,,,,,,,,,,,,,,,,,,,,,,play_time_mod_1.8,,
EXCLUDE_Meditate/4,"nayedien,head,3.8,-472.2,-8,0,9,1,1,0","nayedien,neck,-2.8,-413.6,1,0,10,1,1,0","nayedien,body,-10.8,-278.4,-6,0,9,1,1,0",,"nayedien,arm_low,-66.4,-241.6,62,1,9,1,1,0","noble,fist,-6.8,-239.2,86,0,6,1,1,0",,"nayedien,arm_low,57.2,-222,-63,0,9,1,1,0","noble,fist,-6.4,-213.6,-94,1,8,1,1,0","nayedien,leg_up,-56,-170.4,-7,0,11,1,1,0","nayedien,leg_low,-74.8,-59.6,-6,0,11,1,1,0","nayedien,foot,-78.8,8.4,-3,0,14,1,1,0","nayedien,leg_up,23.6,-170.4,15,0,15,1,1,0","nayedien,leg_low,43.2,-66.8,5,0,14,1,1,0","nayedien,foot,57.6,2.8,23,0,16,1,1,0",,,"nayedien,cloak_below,-35.2,-130.8,-14,0,20,1,1,0","nayedien,cloak,-15.6,-324,-9,0,17,1.1,1.1,0","nayedien,shoulder,-60.8,-352,-4,0,8,1,1,0","nayedien,shoulder_strap,9.6,-372.4,-6,0,9,1,1,0","nayedien,shoulder_inner,55.6,-347.6,71,1,8,1,1,0","nayedien,cloak_up,-89.2,-297.6,-11,0,6,1,1,0","nayedien,cloak_up_back,85.2,-276.4,17,1,6,1,1,0","nayedien,hair_back,-65,-269,1,0,23,1,1,0","nayedien,hair_outer,-145.8,-284.2,1,0,23,1,1,0","nayedien,hair_inner,65.4,-274.6,-2,0,23,1,1,0",,,,,,,,,,,,,,,,,,,,,,,,,,,,,,,,,,,,,,,,,,,,,,,,,,,,,,,,,,,,,,,,,,,,,,,,,,,,,,,,,,,,,,,,,,play_time_mod_1.5,,
EXCLUDE_Meditate/5,"nayedien,head,3.8,-480.2,-6,0,9,1,1,0","nayedien,neck,-2.8,-417.6,1,0,10,1,1,0","nayedien,body,-10.8,-282.4,-6,0,9,1,1,0",,"nayedien,arm_low,-70.4,-245.6,62,1,9,1,1,0","noble,fist,-10.8,-243.2,86,0,6,1,1,0",,"nayedien,arm_low,53.2,-226,-63,0,9,1,1,0","noble,fist,-6.4,-217.6,-94,1,8,1,1,0","nayedien,leg_up,-56,-170.4,-7,0,11,1,1,0","nayedien,leg_low,-74.8,-59.6,-6,0,11,1,1,0","nayedien,foot,-78.8,8.4,-3,0,14,1,1,0","nayedien,leg_up,23.6,-170.4,15,0,15,1,1,0","nayedien,leg_low,43.2,-66.8,5,0,14,1,1,0","nayedien,foot,57.6,2.8,23,0,16,1,1,0",,,"nayedien,cloak_below,-25.2,-134.8,-5,0,20,1,1,0","nayedien,cloak,-15.6,-324,-9,0,17,1.1,1.1,0","nayedien,shoulder,-62.8,-356,-4,0,8,1,1,0","nayedien,shoulder_strap,7.6,-374.4,-8,0,9,1,1,0","nayedien,shoulder_inner,55.6,-353.6,71,1,8,1,1,0","nayedien,cloak_up,-93.2,-303.6,-11,0,6,1,1,0","nayedien,cloak_up_back,81.2,-280.4,17,1,6,1,1,0","nayedien,hair_back,-63,-275,1,0,23,1,1,0","nayedien,hair_outer,-143.8,-290.2,1,0,23,1,1,0","nayedien,hair_inner,67.4,-280.6,-2,0,23,1,1,0",,,,,,,,,,,,,,,,,,,,,,,,,,,,,,,,,,,,,,,,,,,,,,,,,,,,,,,,,,,,,,,,,,,,,,,,,,,,,,,,,,,,,,,,,,play_time_mod_1.2,,
EXCLUDE_Meditate/6,"nayedien,head,1.8,-484.2,-4,0,9,1,1,0","nayedien,neck,-4.8,-421.6,3,0,10,1,1,0","nayedien,body,-12.8,-286.4,-4,0,9,1,1,0",,"nayedien,arm_low,-72.4,-249.6,62,1,9,1,1,0","noble,fist,-12.8,-247.2,86,0,6,1,1,0",,"nayedien,arm_low,51.2,-230,-63,0,9,1,1,0","noble,fist,-8.4,-221.6,-94,1,8,1,1,0","nayedien,leg_up,-56,-170.4,-7,0,11,1,1,0","nayedien,leg_low,-74.8,-59.6,-6,0,11,1,1,0","nayedien,foot,-78.8,8.4,-3,0,14,1,1,0","nayedien,leg_up,23.6,-170.4,15,0,15,1,1,0","nayedien,leg_low,43.2,-66.8,5,0,14,1,1,0","nayedien,foot,57.6,2.8,23,0,16,1,1,0",,,"nayedien,cloak_below,-23.2,-138.8,-3,0,20,1,1,0","nayedien,cloak,-15.6,-328,-9,0,17,1.1,1.1,0","nayedien,shoulder,-60.8,-362,-2,0,8,1,1,0","nayedien,shoulder_strap,3.6,-382.4,-8,0,9,1,1,0","nayedien,shoulder_inner,53.6,-357.6,73,1,8,1,1,0","nayedien,cloak_up,-91.2,-309.6,-11,0,6,1,1,0","nayedien,cloak_up_back,79.2,-284.4,17,1,6,1,1,0","nayedien,hair_back,-63,-283,-2,0,23,1,1,0","nayedien,hair_outer,-143.8,-298.2,-2,0,23,1,1,0","nayedien,hair_inner,67.4,-288.6,-5,0,23,1,1,0",,,,,,,,,,,,,,,,,,,,,,,,,,,,,,,,,,,,,,,,,,,,,,,,,,,,,,,,,,,,,,,,,,,,,,,,,,,,,,,,,,,,,,,,,,,,
EXCLUDE_Meditate/7,"nayedien,head,-6.2,-490.2,-1,0,9,1,1,0","nayedien,neck,-4.8,-423.6,3,0,10,1,1,0","nayedien,body,-12.8,-288.4,-1,0,9,1,1,0",,"nayedien,arm_low,-72.4,-255.6,62,1,9,1,1,0","noble,fist,-12.8,-253.2,86,0,6,1,1,0",,"nayedien,arm_low,51.2,-236,-63,0,9,1,1,0","noble,fist,-10.4,-227.6,-94,1,8,1,1,0","nayedien,leg_up,-56,-170.4,-7,0,11,1,1,0","nayedien,leg_low,-74.8,-59.6,-6,0,11,1,1,0","nayedien,foot,-78.8,8.4,-3,0,14,1,1,0","nayedien,leg_up,23.6,-170.4,15,0,15,1,1,0","nayedien,leg_low,43.2,-66.8,5,0,14,1,1,0","nayedien,foot,57.6,2.8,23,0,16,1,1,0",,,"nayedien,cloak_below,-23.2,-140.8,-3,0,20,1,1,0","nayedien,cloak,-15.6,-334,-9,0,17,1.1,1.1,0","nayedien,shoulder,-62.8,-362,-2,0,8,1,1,0","nayedien,shoulder_strap,-0.4,-382.4,-4,0,9,1,1,0","nayedien,shoulder_inner,53.6,-359.6,70,1,8,1,1,0","nayedien,cloak_up,-95.2,-311.6,-14,0,6,1,1,0","nayedien,cloak_up_back,79.2,-290.4,17,1,6,1,1,0","nayedien,hair_back,-69,-289,-4,0,23,1,1,0","nayedien,hair_outer,-149.8,-304.2,-4,0,23,1,1,0","nayedien,hair_inner,61.4,-294.6,-7,0,23,1,1,0",,,,,,,,,,,,,,,,,,,,,,,,,,,,,,,,,,,,,,,,,,,,,,,,,,,,,,,,,,,,,,,,,,,,,,,,,,,,,,,,,,,,,,,,,,,,
Damaged/0,"nayedien,angry,17,-501.4,-1,0,7,1,1,0","nayedien,neck,10,-440.4,0,0,10,1,1,0","nayedien,body,9.2,-306.4,0,0,9,1,1,0",,"nayedien,arm_low,-106.8,-287.2,-23,0,12,1,1,0","noble,open,-162.8,-215.6,-39,0,13,1,1,0",,"nayedien,arm_low,145.2,-286,35,1,14,1,1,0","noble,open,216.4,-228.8,58,1,15,1,1,0","nayedien,leg_up,-47,-176.4,-32.2,1,11,1,1,0","nayedien,leg_low,-75,-68.4,3,1,11,1,1,0","nayedien,foot,-84.8,-3.4,-31.6,1,14,1,1,0","nayedien,leg_up,74,-172.4,28.7,0,15,1,1,0","nayedien,leg_low,128,-67.4,24.5,0,14,1,1,0","nayedien,foot,156.2,-6.4,26.5,0,16,1,1,0",,,"nayedien,cloak_below,5.6,-156,-6,0,20,1,1,0","nayedien,cloak,6.4,-331.6,1,0,17,1,1,0","nayedien,shoulder,-40.8,-380.4,3,0,8,1,1,0","nayedien,shoulder_strap,22.8,-399.2,-3,0,9,1,1,0","nayedien,shoulder_inner,67.6,-385.6,-9,0,8,1,1,0","nayedien,cloak_up,-73,-340.4,-23,0,6,1,1,0","nayedien,cloak_up_back,104,-335.4,36,1,7,1,1,0","nayedien,hair_back,-34.8,-294,-4,0,24,1,1,0","nayedien,hair_outer,-135.2,-310.8,-4,0,23,1,1,0","nayedien,hair_inner,86.8,-291.2,-10,0,23,1,1,0",,,,,,,,,,,,,,,,,,,,,,,,,,,,,,,,,,,,,,,,,,,,,,,,,,,,,,,,,,,,,,,,,,,,,,,,,,,,,,,,,,,,,,,,,,,,
Damaged/1,"nayedien,angry,33,-487.4,-4,0,7,1,1,0","nayedien,neck,20,-426.4,0,0,10,1,1,0","nayedien,body,13.2,-294.4,-5,0,9,1,1,0",,"nayedien,arm_low,-116.8,-285.2,-31,0,12,1,1,0","noble,open,-178.8,-219.6,-46,0,13,1,1,0",,"nayedien,arm_low,155.2,-290,37,1,14,1,1,0","noble,open,226.4,-238.8,63,1,15,1,1,0","nayedien,leg_up,-51,-166.4,-37.2,1,11,1,1,0","nayedien,leg_low,-79,-68.4,5,1,11,1,1,0","nayedien,foot,-84.8,-3.4,-31.6,1,14,1,1,0","nayedien,leg_up,66,-170.4,32.7,0,15,1,1,0","nayedien,leg_low,130,-67.4,30.5,0,14,1,1,0","nayedien,foot,164.2,-6.4,28.5,0,16,1,1,0",,,"nayedien,cloak_below,-6.4,-150,-15,0,20,1,1,0","nayedien,cloak,18.4,-327.6,9,0,17,1,1,0","nayedien,shoulder,-40.8,-374.4,3,0,8,1,1,0","nayedien,shoulder_strap,28.8,-389.2,-3,0,9,1,1,0","nayedien,shoulder_inner,73.6,-379.6,1,0,8,1,1,0","nayedien,cloak_up,-79,-338.4,-30,0,6,1,1,0","nayedien,cloak_up_back,114,-335.4,44,1,7,1,1,0","nayedien,hair_back,-45.4,-265.2,-1,0,24,1,1,0","nayedien,hair_outer,-131.2,-292.8,-4,0,23,1,1,0","nayedien,hair_inner,86.8,-271.2,-16,0,23,1,1,0",,,,,,,,,,,,,,,,,,,,,,,,,,,,,,,,,,,,,,,,,,,,,,,,,,,,,,,,,,,,,,,,,,,,,,,,,,,,,,,,,,,,,,,,,,,,
Damaged/2,"nayedien,angry,69,-471.4,-11,0,7,1,1,0","nayedien,neck,48,-418.4,0,0,10,1,1,0","nayedien,body,27.2,-284.4,-11,0,9,1,1,0",,"nayedien,arm_low,-122.8,-281.2,-37,0,12,1,1,0","noble,open,-188.8,-223.6,-46,0,13,1,1,0",,"nayedien,arm_low,187.2,-270,44,1,14,1,1,0","noble,open,262.4,-230.8,68,1,15,1,1,0","nayedien,leg_up,-63,-160.4,-41.2,1,11,1,1,0","nayedien,leg_low,-89,-68.4,9,1,11,1,1,0","nayedien,foot,-90.8,-3.4,-31.6,1,14,1,1,0","nayedien,leg_up,70,-156.4,38.7,0,15,1,1,0","nayedien,leg_low,136,-67.4,32.5,0,14,1,1,0","nayedien,foot,172.2,-6.4,21.5,0,16,1,1,0",,,"nayedien,cloak_below,-16.4,-148,-27,0,20,1,1,0","nayedien,cloak,38.4,-319.6,3,0,17,1,1,0","nayedien,shoulder,-10.8,-356.4,-7,0,8,1,1,0","nayedien,shoulder_strap,52.8,-375.2,-15,0,9,1,1,0","nayedien,shoulder_inner,101.6,-359.6,1,0,8,1,1,0","nayedien,cloak_up,-63,-324.4,-47,0,6,1,1,0","nayedien,cloak_up_back,148,-311.4,51,1,7,1,1,0","nayedien,hair_back,-34.8,-300,-15,0,24,1,1,0","nayedien,hair_outer,-123.2,-304.8,-15,0,23,1,1,0","nayedien,hair_inner,88.8,-259.2,-25,0,23,1,1,0",,,,,,,,,,,,,,,,,,,,,,,,,,,,,,,,,,,,,,,,,,,,,,,,,,,,,,,,,,,,,,,,,,,,,,,,,,,,,,,,,,,,,,,,,,hold,,
Damaged/3,"nayedien,angry,87,-463.4,-23,0,7,1,1,0","nayedien,neck,54,-414.4,-15,0,10,1,1,0","nayedien,body,27.2,-284.4,-15,0,9,1,1,0",,"nayedien,arm_low,-124.8,-307.2,-56,0,12,1,1,0","noble,open,-206.8,-301.6,-115,0,13,1,1,0",,"nayedien,arm_low,201.2,-286,43,1,14,1,1,0","noble,open,272.4,-250.8,74,1,15,1,1,0","nayedien,leg_up,-71,-158.4,-41.2,1,11,1,1,0","nayedien,leg_low,-95,-64.4,12,1,11,1,1,0","nayedien,foot,-90.8,-3.4,-31.6,1,14,1,1,0","nayedien,leg_up,70,-156.4,47.7,0,15,1,1,0","nayedien,leg_low,150,-71.4,37.5,0,14,1,1,0","nayedien,foot,192.2,-10.4,31.5,0,16,1,1,0",,,"nayedien,cloak_below,-20.4,-154,-28,0,20,1,1,0","nayedien,cloak_wide,60.4,-315.6,-2,0,17,1,1,0","nayedien,shoulder,-8.8,-362.4,-17,0,8,1,1,0","nayedien,shoulder_strap,52.8,-375.2,-15,0,9,1,1,0","nayedien,shoulder_inner,115.6,-357.6,8,0,8,1,1,0","nayedien,cloak_up,-63,-342.4,-56,0,6,1,1,0","nayedien,cloak_up_back,166,-317.4,55,1,7,1,1,0","nayedien,hair_back,-62.8,-318,-23,0,24,1,1,0","nayedien,hair_outer,-147.2,-342.8,-29,0,23,1,1,0","nayedien,hair_inner,60.8,-277.2,-33,0,23,1,1,0",,,,,,,,,,,,,,,,,,,,,,,,,,,,,,,,,,,,,,,,,,,,,,,,,,,,,,,,,,,,,,,,,,,,,,,,,,,,,,,,,,,,,,,,,,,,
Damaged/4,"nayedien,angry,33,-487.4,-4,0,7,1,1,0","nayedien,neck,20,-434.4,0,0,10,1,1,0","nayedien,body,13.2,-294.4,-5,0,9,1,1,0",,"nayedien,arm_low,-114.8,-269.2,-29,0,12,1,1,0","noble,open,-176.8,-205.6,-46,0,13,1,1,0",,"nayedien,arm_low,157.2,-270,36,1,14,1,1,0","noble,open,226.4,-216.8,63,1,15,1,1,0","nayedien,leg_up,-51,-166.4,-37.2,1,11,1,1,0","nayedien,leg_low,-75,-68.4,3,1,11,1,1,0","nayedien,foot,-84.8,-3.4,-31.6,1,14,1,1,0","nayedien,leg_up,66,-170.4,32.7,0,15,1,1,0","nayedien,leg_low,130,-67.4,30.5,0,14,1,1,0","nayedien,foot,164.2,-6.4,28.5,0,16,1,1,0",,,"nayedien,cloak_below,-10.4,-150,-20,0,20,1,1,0","nayedien,cloak,18.4,-323.6,9,0,17,1,1,0","nayedien,shoulder,-40.8,-374.4,3,0,8,1,1,0","nayedien,shoulder_strap,28.8,-389.2,-3,0,9,1,1,0","nayedien,shoulder_inner,67.6,-379.6,-9,0,8,1,1,0","nayedien,cloak_up,-79,-338.4,-30,0,6,1,1,0","nayedien,cloak_up_back,106,-325.4,38,1,7,1,1,0","nayedien,hair_back,-44.8,-304,-10,0,24,1,1,0","nayedien,hair_outer,-141.2,-308.8,-13,0,23,1,1,0","nayedien,hair_inner,84.8,-267.2,-19,0,23,1,1,0",,,,,,,,,,,,,,,,,,,,,,,,,,,,,,,,,,,,,,,,,,,,,,,,,,,,,,,,,,,,,,,,,,,,,,,,,,,,,,,,,,,,,,,,,,,,
Damaged/5,"nayedien,angry,17,-501.4,-1,0,7,1,1,0","nayedien,neck,10,-440.4,0,0,10,1,1,0","nayedien,body,9.2,-306.4,0,0,9,1,1,0",,"nayedien,arm_low,-106.8,-275.2,-23,0,12,1,1,0","noble,open,-158.8,-207.6,-39,0,13,1,1,0",,"nayedien,arm_low,147.2,-278,35,1,14,1,1,0","noble,open,216.4,-224.8,58,1,15,1,1,0","nayedien,leg_up,-47,-176.4,-32.2,1,11,1,1,0","nayedien,leg_low,-75,-68.4,3,1,11,1,1,0","nayedien,foot,-84.8,-3.4,-31.6,1,14,1,1,0","nayedien,leg_up,74,-172.4,28.7,0,15,1,1,0","nayedien,leg_low,128,-67.4,24.5,0,14,1,1,0","nayedien,foot,156.2,-6.4,26.5,0,16,1,1,0",,,"nayedien,cloak_below,-6.4,-156,-18,0,20,1,1,0","nayedien,cloak,6.4,-331.6,1,0,17,1,1,0","nayedien,shoulder,-40.8,-380.4,3,0,8,1,1,0","nayedien,shoulder_strap,22.8,-399.2,-3,0,9,1,1,0","nayedien,shoulder_inner,67.6,-385.6,-9,0,8,1,1,0","nayedien,cloak_up,-73,-340.4,-23,0,6,1,1,0","nayedien,cloak_up_back,104,-327.4,34,1,7,1,1,0","nayedien,hair_back,-48.8,-294,-7,0,24,1,1,0","nayedien,hair_outer,-141.2,-314.8,-8,0,23,1,1,0","nayedien,hair_inner,72.8,-289.2,-17,0,23,1,1,0",,,,,,,,,,,,,,,,,,,,,,,,,,,,,,,,,,,,,,,,,,,,,,,,,,,,,,,,,,,,,,,,,,,,,,,,,,,,,,,,,,,,,,,,,,,,
EXCLUDE_Rest/0,"nayedien,head,17.6,-506.6,1,0,9,1,1,0","nayedien,neck,14.4,-446,-6,0,10,1,1,0","nayedien,body,-3.6,-314.8,-10,0,9,1,1,0",,"nayedien,arm_low,-37.2,-268,38,0,9,1,1,0","noble,open,7.2,-208,56,0,8,1,1,0",,"nayedien,arm_low,72.4,-268.4,-39,1,8,1,1,0","noble,fist,24.8,-208.4,-65,1,9,1,1,0","nayedien,leg_up,-22.8,-210.8,44,0,11,1,1,0","nayedien,leg_low,6.4,-112,-9,0,11,1,1,0","nayedien,foot,-1.6,-48,-9,0,14,1,1,0","nayedien,leg_up,48.8,-202.8,50,0,15,1,1,0","nayedien,leg_low,94.4,-111.2,1,0,14,1,1,0","nayedien,foot,96.8,-43.6,1,0,16,1,1,0",,,"nayedien,cloak_below,4,-179.2,16,0,20,1,1,0","nayedien,cloak,-2.4,-333.6,16,0,17,1,1,0","nayedien,shoulder,-45.6,-384.4,-1,0,8,1,1,0","nayedien,shoulder_strap,20,-402,-8,0,9,1,1,0","nayedien,shoulder_inner,72.8,-378,75,1,8,1,1,0","nayedien,cloak_up,-76,-340,-13,0,6,1,1,0","nayedien,cloak_up_back,94.8,-328.4,32,1,6,1,1,0","nayedien,hair_back,-9.2,-291.4,-1,0,34,1,1,0","nayedien,hair_outer,-102,-282.6,12,0,32,1,1,0","nayedien,hair_inner,98.2,-302.8,-5,0,23,1,1,0",,,,,,,,,,,,,,,,,,,,,,,,,,,,,,,,,,,,,,,,,,,,,,,,"nayedien,hammer_active,-63.2,-110,153,0,30,1,1,0",,,,,,,,,,,,,,,,,,,,,,,,,,,,,,,,,,,,,,,,,,,,
EXCLUDE_Rest/1,"nayedien,head,16.6,-503.2,1,0,9,1,1,0","nayedien,neck,13.4,-442.4,-6,0,10,1,1,0","nayedien,body,-4.6,-313.2,-10,0,9,1,1,0",,"nayedien,arm_low,-38.2,-264.4,42,0,9,1,1,0","noble,open,8.2,-208.4,59,0,8,1,1,0",,"nayedien,arm_low,71.4,-265,-44,1,8,1,1,0","noble,fist,23.8,-206.6,-61,1,9,1,1,0","nayedien,leg_up,-23.8,-211.2,44,0,11,1,1,0","nayedien,leg_low,5.4,-112.6,-12,0,11,1,1,0","nayedien,foot,-6.6,-48.6,-9,0,14,1,1,0","nayedien,leg_up,47.8,-203.2,50,0,15,1,1,0","nayedien,leg_low,93.4,-115.6,2,0,14,1,1,0","nayedien,foot,97.8,-46,6,0,16,1,1,0",,,"nayedien,cloak_below,3,-179.6,18,0,20,1,1,0","nayedien,cloak,-3.4,-334.2,13,0,17,1,1,0","nayedien,shoulder,-46.6,-384.8,-1,0,8,1,1,0","nayedien,shoulder_strap,19,-402.4,-8,0,9,1,1,0","nayedien,shoulder_inner,71.8,-378.4,75,1,8,1,1,0","nayedien,cloak_up,-76,-336,-13,0,6,1,1,0","nayedien,cloak_up_back,93.8,-324.8,30,1,6,1,1,0","nayedien,hair_back,-15.2,-287.4,-3,0,34,1,1,0","nayedien,hair_outer,-108,-278.6,10,0,32,1,1,0","nayedien,hair_inner,92.2,-298.8,-7,0,23,1,1,0",,,,,,,,,,,,,,,,,,,,,,,,,,,,,,,,,,,,,,,,,,,,,,,,"nayedien,hammer_active,-63.2,-110,153,0,30,1,1,0",,,,,,,,,,,,,,,,,,,,,,,,,,,,,,,,,,,,,,,,,,play_time_mod_1.2,,
EXCLUDE_Rest/2,"nayedien,head,16.4,-498.2,1,0,9,1,1,0","nayedien,neck,13.2,-439.6,-6,0,10,1,1,0","nayedien,body,-4.8,-308.4,-9,0,9,1,1,0",,"nayedien,arm_low,-38.4,-259.6,44,0,9,1,1,0","noble,open,10,-207.6,61,0,8,1,1,0",,"nayedien,arm_low,71.2,-260,-44,1,8,1,1,0","noble,fist,23.6,-204,-65,1,9,1,1,0","nayedien,leg_up,-24,-210.4,46,0,11,1,1,0","nayedien,leg_low,1.2,-111.6,-14,0,11,1,1,0","nayedien,foot,-12.8,-47.6,-9,0,14,1,1,0","nayedien,leg_up,47.6,-202.4,52,0,15,1,1,0","nayedien,leg_low,95.2,-116.8,4,0,14,1,1,0","nayedien,foot,101.6,-45.2,3,0,16,1,1,0",,,"nayedien,cloak_below,2.8,-178.8,19,0,20,1,1,0","nayedien,cloak,-3.6,-333.2,26,0,17,1,1,0","nayedien,shoulder,-46.8,-376,-1,0,8,1,1,0","nayedien,shoulder_strap,18.8,-393.6,-8,0,9,1,1,0","nayedien,shoulder_inner,71.6,-369.6,75,1,8,1,1,0","nayedien,cloak_up,-73.2,-327.6,-12,0,6,1,1,0","nayedien,cloak_up_back,93.6,-318,28,1,6,1,1,0","nayedien,hair_back,-15.2,-283.4,-3,0,34,1,1,0","nayedien,hair_outer,-108,-274.6,10,0,32,1,1,0","nayedien,hair_inner,92.2,-294.8,-7,0,23,1,1,0",,,,,,,,,,,,,,,,,,,,,,,,,,,,,,,,,,,,,,,,,,,,,,,,"nayedien,hammer_active,-63.2,-110,153,0,30,1,1,0",,,,,,,,,,,,,,,,,,,,,,,,,,,,,,,,,,,,,,,,,,play_time_mod_1.5,,
EXCLUDE_Rest/3,"nayedien,head,16.4,-494.2,1,0,9,1,1,0","nayedien,neck,13.2,-435.6,-6,0,10,1,1,0","nayedien,body,-4.8,-304.4,-10,0,9,1,1,0",,"nayedien,arm_low,-38.4,-253.6,47,0,9,1,1,0","noble,open,16,-203.6,65,0,8,1,1,0",,"nayedien,arm_low,71.2,-256,-48,1,8,1,1,0","noble,fist,23.6,-204,-67,1,9,1,1,0","nayedien,leg_up,-24,-210.4,46,0,11,1,1,0","nayedien,leg_low,-2.8,-111.6,-16,0,11,1,1,0","nayedien,foot,-20.8,-47.6,-9,0,14,1,1,0","nayedien,leg_up,47.6,-202.4,52,0,15,1,1,0","nayedien,leg_low,97.2,-114.8,6,0,14,1,1,0","nayedien,foot,103.6,-43.2,7,0,16,1,1,0",,,"nayedien,cloak_below,2.8,-178.8,20,0,20,1,1,0","nayedien,cloak,0.4,-313.2,15,0,17,1,1,0","nayedien,shoulder,-46.8,-372,-1,0,8,1,1,0","nayedien,shoulder_strap,18.8,-389.6,-8,0,9,1,1,0","nayedien,shoulder_inner,71.6,-365.6,75,1,8,1,1,0","nayedien,cloak_up,-77.2,-323.6,-14,0,6,1,1,0","nayedien,cloak_up_back,95.6,-314,30,1,6,1,1,0","nayedien,hair_back,-17.2,-279.4,-4,0,34,1,1,0","nayedien,hair_outer,-110,-270.6,9,0,32,1,1,0","nayedien,hair_inner,90.2,-290.8,-8,0,23,1,1,0",,,,,,,,,,,,,,,,,,,,,,,,,,,,,,,,,,,,,,,,,,,,,,,,"nayedien,hammer_active,-63.2,-110,153,0,30,1,1,0",,,,,,,,,,,,,,,,,,,,,,,,,,,,,,,,,,,,,,,,,,play_time_mod_1.8,,
EXCLUDE_Rest/4,"nayedien,head,16.4,-490.2,1,0,9,1,1,0","nayedien,neck,13.2,-431.6,-6,0,10,1,1,0","nayedien,body,-4.8,-300.4,-10,0,9,1,1,0",,"nayedien,arm_low,-38.4,-247.6,49,0,9,1,1,0","noble,open,16,-199.6,66,0,8,1,1,0",,"nayedien,arm_low,71.2,-252,-48,1,8,1,1,0","noble,fist,23.6,-202,-73,1,9,1,1,0","nayedien,leg_up,-24,-210.4,46,0,11,1,1,0","nayedien,leg_low,-2.8,-111.6,-16,0,11,1,1,0","nayedien,foot,-20.8,-47.6,-9,0,14,1,1,0","nayedien,leg_up,47.6,-202.4,52,0,15,1,1,0","nayedien,leg_low,97.2,-114.8,6,0,14,1,1,0","nayedien,foot,103.6,-43.2,7,0,16,1,1,0",,,"nayedien,cloak_below,2.8,-174.8,19,0,20,1,1,0","nayedien,cloak,0.4,-313.2,15,0,17,1,1,0","nayedien,shoulder,-46.8,-368,-1,0,8,1,1,0","nayedien,shoulder_strap,18.8,-385.6,-8,0,9,1,1,0","nayedien,shoulder_inner,71.6,-361.6,75,1,8,1,1,0","nayedien,cloak_up,-81.2,-319.6,-17,0,6,1,1,0","nayedien,cloak_up_back,97.6,-310,32,1,6,1,1,0","nayedien,hair_back,-19.2,-277.4,-4,0,34,1,1,0","nayedien,hair_outer,-112,-268.6,9,0,32,1,1,0","nayedien,hair_inner,88.2,-288.8,-8,0,23,1,1,0",,,,,,,,,,,,,,,,,,,,,,,,,,,,,,,,,,,,,,,,,,,,,,,,"nayedien,hammer_active,-63.2,-110,153,0,30,1,1,0",,,,,,,,,,,,,,,,,,,,,,,,,,,,,,,,,,,,,,,,,,play_time_mod_1.5,,
EXCLUDE_Rest/5,"nayedien,head,16.2,-495.4,1,0,9,1,1,0","nayedien,neck,13,-436.6,-6,0,10,1,1,0","nayedien,body,-5,-305.6,-10,0,9,1,1,0",,"nayedien,arm_low,-38.4,-253.6,47,0,9,1,1,0","noble,open,16,-203.6,65,0,8,1,1,0",,"nayedien,arm_low,71,-257.2,-48,1,8,1,1,0","noble,fist,23.4,-207.2,-73,1,9,1,1,0","nayedien,leg_up,-24.2,-211.6,46,0,11,1,1,0","nayedien,leg_low,-3,-112.8,-16,0,11,1,1,0","nayedien,foot,-21,-48.8,-9,0,14,1,1,0","nayedien,leg_up,47.4,-203.6,52,0,15,1,1,0","nayedien,leg_low,95,-115.8,6,0,14,1,1,0","nayedien,foot,101.4,-44.2,7,0,16,1,1,0",,,"nayedien,cloak_below,2.8,-178.8,20,0,20,1,1,0","nayedien,cloak,0.2,-314.4,15,0,17,1,1,0","nayedien,shoulder,-47,-373,-1,0,8,1,1,0","nayedien,shoulder_strap,18.6,-392.6,-8,0,9,1,1,0","nayedien,shoulder_inner,71.4,-366.6,75,1,8,1,1,0","nayedien,cloak_up,-77.2,-323.6,-14,0,6,1,1,0","nayedien,cloak_up_back,95.6,-314,30,1,6,1,1,0","nayedien,hair_back,-17.2,-281.4,-3,0,34,1,1,0","nayedien,hair_outer,-110,-272.6,10,0,32,1,1,0","nayedien,hair_inner,90.2,-292.8,-7,0,23,1,1,0",,,,,,,,,,,,,,,,,,,,,,,,,,,,,,,,,,,,,,,,,,,,,,,,"nayedien,hammer_active,-63.2,-110,153,0,30,1,1,0",,,,,,,,,,,,,,,,,,,,,,,,,,,,,,,,,,,,,,,,,,play_time_mod_1.2,,
EXCLUDE_Rest/6,"nayedien,head,16.6,-498.2,1,0,9,1,1,0","nayedien,neck,13.4,-440.2,-6,0,10,1,1,0","nayedien,body,-4.6,-308.2,-9,0,9,1,1,0",,"nayedien,arm_low,-38.2,-264.2,42,0,9,1,1,0","noble,open,10,-207.6,61,0,8,1,1,0",,"nayedien,arm_low,71.4,-262.2,-44,1,8,1,1,0","noble,fist,23.8,-210.2,-71,1,9,1,1,0","nayedien,leg_up,-23.8,-210.2,46,0,11,1,1,0","nayedien,leg_low,1.4,-112,-14,0,11,1,1,0","nayedien,foot,-12.6,-48,-9,0,14,1,1,0","nayedien,leg_up,47.8,-202.2,52,0,15,1,1,0","nayedien,leg_low,91.4,-115,4,0,14,1,1,0","nayedien,foot,97.8,-43,3,0,16,1,1,0",,,"nayedien,cloak_below,2.8,-178.8,19,0,20,1,1,0","nayedien,cloak,0.6,-314.2,15,0,17,1,1,0","nayedien,shoulder,-46.6,-376.2,-1,0,8,1,1,0","nayedien,shoulder_strap,19,-396.2,-8,0,9,1,1,0","nayedien,shoulder_inner,71.8,-370.2,75,1,8,1,1,0","nayedien,cloak_up,-73.2,-327.6,-12,0,6,1,1,0","nayedien,cloak_up_back,93.6,-318,28,1,6,1,1,0","nayedien,hair_back,-13.2,-283.4,-2,0,34,1,1,0","nayedien,hair_outer,-106,-274.6,11,0,32,1,1,0","nayedien,hair_inner,94.2,-294.8,-6,0,23,1,1,0",,,,,,,,,,,,,,,,,,,,,,,,,,,,,,,,,,,,,,,,,,,,,,,,"nayedien,hammer_active,-63.2,-110,153,0,30,1,1,0",,,,,,,,,,,,,,,,,,,,,,,,,,,,,,,,,,,,,,,,,,,,
EXCLUDE_Rest/7,"nayedien,head,16.2,-502,1,0,9,1,1,0","nayedien,neck,13,-441.4,-6,0,10,1,1,0","nayedien,body,-5,-312,-10,0,9,1,1,0",,"nayedien,arm_low,-38.6,-263.4,42,0,9,1,1,0","noble,open,8.2,-208.4,59,0,8,1,1,0",,"nayedien,arm_low,71,-263.8,-44,1,8,1,1,0","noble,fist,23.4,-209.8,-63,1,9,1,1,0","nayedien,leg_up,-24.2,-210.2,44,0,11,1,1,0","nayedien,leg_low,5,-111.2,-12,0,11,1,1,0","nayedien,foot,-7,-47.2,-9,0,14,1,1,0","nayedien,leg_up,47.4,-202.2,50,0,15,1,1,0","nayedien,leg_low,89,-114.6,2,0,14,1,1,0","nayedien,foot,91.4,-42.6,1,0,16,1,1,0",,,"nayedien,cloak_below,3,-179.6,18,0,20,1,1,0","nayedien,cloak,0.2,-312.6,15,0,17,1,1,0","nayedien,shoulder,-47,-383.8,-1,0,8,1,1,0","nayedien,shoulder_strap,18.6,-401.4,-8,0,9,1,1,0","nayedien,shoulder_inner,71.4,-377.4,75,1,8,1,1,0","nayedien,cloak_up,-76,-336,-13,0,6,1,1,0","nayedien,cloak_up_back,93.8,-324.8,30,1,6,1,1,0","nayedien,hair_back,-15.2,-291.4,-2,0,34,1,1,0","nayedien,hair_outer,-108,-282.6,11,0,32,1,1,0","nayedien,hair_inner,92.2,-302.8,-6,0,23,1,1,0",,,,,,,,,,,,,,,,,,,,,,,,,,,,,,,,,,,,,,,,,,,,,,,,"nayedien,hammer_active,-63.2,-110,153,0,30,1,1,0",,,,,,,,,,,,,,,,,,,,,,,,,,,,,,,,,,,,,,,,,,,,
Skill3/0,"nayedien,head,-2.4,-486.8,4,0,10,1,1,0","nayedien,neck,-6.4,-428,-20,1,13,1,1,0","nayedien,body,-10.8,-298.4,-2,1,9,1,1,0","nayedien,arm_up,-66.8,-379.2,-63,0,10,1,1,0","nayedien,arm_low,-156.8,-332,-52,0,9,1,1,0","noble,open,-225.6,-290.4,-44,0,10,1,1,0","nayedien,arm_up,69.6,-336.8,31,0,8,1,1,0","nayedien,arm_low,72.8,-264.4,-32,0,4,1,1,0","noble,fist,25.6,-224,-49,1,4,1,1,0","nayedien,leg_up,-83,-168.4,-31,1,12,1,1,0","nayedien,leg_low,-107.6,-69.2,1,1,12,1,1,0","nayedien,foot,-112.8,-7.2,-14,1,15,1,1,0","nayedien,leg_up,58,-166.4,31.7,1,10,1,1,0","nayedien,leg_low,114,-59.2,21,1,11,1,1,0","nayedien,foot,136,-5.6,17,1,16,1,1,0",,,"nayedien,cloak_below,-12.4,-160,-6,1,20,1,1,0","nayedien,cloak_wide,0,-336.8,-14,0,17,1,1,0","nayedien,shoulder_inner,-77.2,-397.6,-118,0,8,1,1,0","nayedien,shoulder_strap,-12.4,-384.4,3,1,9,1,1,0","nayedien,shoulder,58,-363.2,78,0,8,1,1,0","nayedien,cloak_up_back,-139.6,-374.8,-75,0,6,1,1,0","nayedien,cloak_up,93.2,-309.2,27,1,4,1,1,0","nayedien,hair_back,-62.6,-304.4,-22,0,24,1,1,0","nayedien,hair_outer,39.8,-247.6,-33,1,22,1,1,0","nayedien,hair_inner,-157.4,-335.6,-31,1,23,1,1,0",,,,,,,,,,,,,,,,,,,,,,,,,,,,,,,,,,,,,,,,,,,,,,"nayedien,flail_swing_small,200.4,-87.6,58,0,5,0.9,0.9,0",,,,,,,,,,,,,,,,,,,,,,,,,,,,,,,,,,,,,,,,,,,,,,
Skill3/1,"nayedien,head,-24.4,-488.8,1,0,10,1,1,0","nayedien,neck,-20.4,-432,-11,1,13,1,1,0","nayedien,body,-16.8,-298.4,-2,1,9,1,1,0","nayedien,arm_up,-98.8,-361.2,-52,0,10,1,1,0","nayedien,arm_low,-164.8,-314,-49,0,9,1,1,0","noble,open,-233.6,-262.4,-39,0,10,1,1,0","nayedien,arm_up,31.6,-334.8,-8,0,8,1,1,0","nayedien,arm_low,-3.2,-246.4,-24,0,4,1,1,0","noble,fist,-45.6,-203.6,-52,1,4,1,1,0","nayedien,leg_up,-83,-168.4,-31,1,12,1,1,0","nayedien,leg_low,-107.6,-69.2,1,1,12,1,1,0","nayedien,foot,-112.8,-7.2,-14,1,15,1,1,0","nayedien,leg_up,56,-162.4,34.7,1,10,1,1,0","nayedien,leg_low,114,-59.2,21,1,11,1,1,0","nayedien,foot,136,-5.6,17,1,16,1,1,0",,,"nayedien,cloak_below,-12.4,-160,8,1,20,1,1,0","nayedien,cloak_wide,-22,-318.8,-7,0,17,1,1,0","nayedien,shoulder_inner,-91.2,-389.6,-108,0,8,1,1,0","nayedien,shoulder_strap,-20.4,-390.4,3,1,9,1,1,0","nayedien,shoulder,34,-369.2,80,0,8,1,1,0","nayedien,cloak_up_back,-147.6,-356.8,-61,0,6,1,1,0","nayedien,cloak_up,75.2,-313.2,24,1,4,1,1,0","nayedien,hair_back,-104.6,-288.4,-20,0,24,1,1,0","nayedien,hair_outer,-0.2,-239.6,-35,1,22,1,1,0","nayedien,hair_inner,-195.4,-333.6,-26,1,23,1,1,0",,,,,,,,,,,,,,,,,,,,,,,,,,,,,,,,,,,,,,,,,,,,,,"nayedien,flail_idle,-11.6,-135.2,54,0,5,0.8,0.8,0",,,,,,,,,,,,,,,,,,,,,,,,,,,,,,,,,,,,,,,,,,,,play_time_mod_0.6,,
Skill3/2,"nayedien,head,-38.4,-488.8,1,0,10,1,1,0","nayedien,neck,-20.4,-432,-11,1,13,1,1,0","nayedien,body,-20.8,-298.4,0,1,9,1,1,0","nayedien,arm_up,-98.8,-361.2,-52,0,10,1,1,0","nayedien,arm_low,-158.8,-312,-41,0,9,1,1,0","noble,open,-221.6,-254.4,-39,0,10,1,1,0","nayedien,arm_up,25.6,-334.8,-19,0,9,1,1,0","nayedien,arm_low,-29.2,-262.4,-40,0,4,1,1,0","noble,fist,-85.6,-229.6,-58,1,4,1,1,0","nayedien,leg_up,-83,-168.4,-31,1,12,1,1,0","nayedien,leg_low,-107.6,-69.2,1,1,12,1,1,0","nayedien,foot,-112.8,-7.2,-14,1,15,1,1,0","nayedien,leg_up,52,-162.4,37.7,1,10,1,1,0","nayedien,leg_low,114,-65.2,28,1,11,1,1,0","nayedien,foot,140,-5.6,17,1,16,1,1,0",,,"nayedien,cloak_below,-14.4,-160,10,1,20,1,1,0","nayedien,cloak_wide,-22,-312.8,-7,0,17,1,1,0","nayedien,shoulder_inner,-95.2,-387.6,-106,0,8,1,1,0","nayedien,shoulder_strap,-20.4,-390.4,3,1,9,1,1,0","nayedien,shoulder,38,-373.2,90,0,8,1,1,0","nayedien,cloak_up_back,-151.6,-354.8,-59,0,6,1,1,0","nayedien,cloak_up,77.2,-325.2,28,1,4,1,1,0","nayedien,hair_back,-118.6,-288.4,-23,0,24,1,1,0","nayedien,hair_outer,-14.2,-239.6,-38,1,22,1,1,0","nayedien,hair_inner,-209.4,-333.6,-29,1,23,1,1,0",,,,,,,,,,,,,,,,,,,,,,,,,,,,,,,,,,,,,,,,,,,,,,"nayedien,flail_swing_small,-276,-196,-72,0,5,0.8,0.8,0",,,,,,,,,,,,,,,,,,,,,,,,,,,,,,,,,,,,,,,,,,,,,,
Skill3/3,"nayedien,head,-28.4,-488.8,-2,0,10,1,1,0","nayedien,neck,-20.4,-432,-11,1,13,1,1,0","nayedien,body,-20.8,-296.4,-2,1,9,1,1,0","nayedien,arm_up,-92.8,-355.2,-38,0,10,1,1,0","nayedien,arm_low,-142.8,-274,-24,0,9,1,1,0","noble,open,-185.6,-200.4,-20,0,10,1,1,0","nayedien,arm_up,1.6,-336.8,-14,0,9,1,1,0","nayedien,arm_low,-45.2,-270.4,-40,0,4,1,1,0","noble,fist,-77.6,-221.6,23,1,4,1,1,0","nayedien,leg_up,-83,-168.4,-31,1,12,1,1,0","nayedien,leg_low,-107.6,-69.2,1,1,12,1,1,0","nayedien,foot,-112.8,-7.2,-14,1,15,1,1,0","nayedien,leg_up,38,-162.4,26.7,1,10,1,1,0","nayedien,leg_low,80,-61.2,18,1,11,1,1,0","nayedien,foot,94,-3.6,5,1,16,1,1,0",,,"nayedien,cloak_below,-20.4,-150,10,1,20,1,1,0","nayedien,cloak_wide,-24,-312.8,-7,0,17,1,1,0","nayedien,shoulder_inner,-85.2,-379.6,-94,0,8,1,1,0","nayedien,shoulder_strap,-20.4,-388.4,7,1,9,1,1,0","nayedien,shoulder,40,-365.2,84,0,8,1,1,0","nayedien,cloak_up_back,-137.6,-330.8,-48,0,6,1,1,0","nayedien,cloak_up,73.2,-317.2,21,1,4,1,1,0","nayedien,hair_back,-110.6,-294.4,-20,0,24,1,1,0","nayedien,hair_outer,-6.2,-245.6,-35,1,22,1,1,0","nayedien,hair_inner,-201.4,-339.6,-26,1,23,1,1,0",,,,,,,,,,,,,,,,,,,,,,,,,,,,,,,,,,,,,,,,,,,,,,"nayedien,flail_long,-232,-116,-56,0,5,0.8,0.8,0",,,,,,,,,,,,,,,,,,,,,,,,,,,,,,,,,,,,,,,,,,,,play_time_mod_0.7,,
Skill3/4,"nayedien,head,5.6,-488.8,-6,0,10,1,1,0","nayedien,neck,3.6,-424,-25,1,13,1,1,0","nayedien,body,-16.8,-296.4,-5,1,9,1,1,0","nayedien,arm_up,-80.8,-355.2,-35,0,10,1,1,0","nayedien,arm_low,-130.8,-274,-24,0,9,1,1,0","noble,open,-169.6,-210.4,-14,0,10,1,1,0","nayedien,arm_up,5.6,-340.8,-33,0,9,1,1,0","nayedien,arm_low,-49.2,-280.4,-43,0,4,1,1,0","noble,fist,-98,-234,-21,1,4,1,1,0","nayedien,leg_up,-83,-168.4,-31,1,12,1,1,0","nayedien,leg_low,-121.6,-69.2,-13,1,12,1,1,0","nayedien,foot,-138.8,-7.2,-14,1,15,1,1,0","nayedien,leg_up,34,-162.4,30.7,0,10,1,1,0","nayedien,leg_low,86,-61.2,22,0,11,1,1,0","nayedien,foot,106,-3.6,15,0,16,1,1,0",,,"nayedien,cloak_below,-4.4,-150,20,1,20,1,1,0","nayedien,cloak_wide,-22,-300.8,-7,0,17,1,1,0","nayedien,shoulder_inner,-67.2,-381.6,-94,0,8,1,1,0","nayedien,shoulder_strap,-6.4,-380.4,7,1,9,1,1,0","nayedien,shoulder,52,-365.2,79,0,8,1,1,0","nayedien,cloak_up_back,-127.6,-344.8,-63,0,6,1,1,0","nayedien,cloak_up,87.2,-309.2,23,1,4,1,1,0","nayedien,hair_back,-92.6,-302.4,-25,0,24,1,1,0","nayedien,hair_outer,5.8,-271.6,-40,1,22,1,1,0","nayedien,hair_inner,-183.4,-355.6,-31,1,23,1,1,0",,,,,,,,,,,,,,,,,,,,,,,,,,,,,,,,,,,,,,,,,,,,,,"nayedien,flail_long_swing,-294,-216,-94,0,5,0.9,0.9,0",,,,,,,,,,,,,,,,,,,,,,,,,,,,,,,,,,,,,,,,,,,,,,"swing_bulk,1000,1"
Skill3/5,"nayedien,head,9.6,-486.8,-8,0,10,1,1,0","nayedien,neck,3.6,-424,-25,1,13,1,1,0","nayedien,body,-16.8,-296.4,-5,1,9,1,1,0","nayedien,arm_up,-80.8,-355.2,-35,0,10,1,1,0","nayedien,arm_low,-130.8,-274,-24,0,9,1,1,0","noble,open,-169.6,-200.4,-14,0,10,1,1,0","nayedien,arm_up,29.6,-342.8,10,0,9,1,1,0","nayedien,arm_low,-15.2,-278.4,-49,0,4,1,1,0","noble,punch,-79.2,-283.2,-132,1,4,1,1,0","nayedien,leg_up,-83,-168.4,-31,1,12,1,1,0","nayedien,leg_low,-121.6,-69.2,-13,1,12,1,1,0","nayedien,foot,-138.8,-7.2,-14,1,15,1,1,0","nayedien,leg_up,34,-162.4,30.7,0,10,1,1,0","nayedien,leg_low,86,-61.2,22,0,11,1,1,0","nayedien,foot,106,-3.6,15,0,16,1,1,0",,,"nayedien,cloak_below,-4.4,-150,20,1,20,1,1,0","nayedien,cloak_wide,-8,-310.8,-2,0,17,1,1,0","nayedien,shoulder_inner,-69.2,-387.6,-101,0,8,1,1,0","nayedien,shoulder_strap,-6.4,-384.4,7,1,9,1,1,0","nayedien,shoulder,54,-361.2,85,0,8,1,1,0","nayedien,cloak_up_back,-129.6,-370.8,-82,0,6,1,1,0","nayedien,cloak_up,104,-338.8,59,1,4,1,1,0","nayedien,hair_back,-98.6,-308.4,-30,0,24,1,1,0","nayedien,hair_outer,-0.2,-277.6,-45,1,22,1,1,0","nayedien,hair_inner,-189.4,-361.6,-36,1,23,1,1,0",,,,,,,,,,,,,,,,,,,,,,,,,,,,,,,,,,,,,,,,,,,,,,"nayedien,flail_long_swing,14.8,-469.6,144,0,5,1,1,0",,,,,,,,"nayedien,flail_no_handle,-196,-422.8,-142,0,6,1,1,0",,,,,,,,,,,,,,,,,,,,,,,,,,,,"movement,spin,-108.4,-337.2,-39,0,6,1.8,1.8,0",,,,,,,,play_time_mod_0.6,,"swing_bulk,1000,1"
Skill3/6,"nayedien,head,5.6,-480.8,-6,0,10,1,1,0","nayedien,neck,3.6,-414,-22,1,13,1,1,0","nayedien,body,-16.8,-282.4,-7,1,9,1,1,0","nayedien,arm_up,-80.8,-355.2,-35,0,10,1,1,0","nayedien,arm_low,-134.8,-274,-24,0,9,1,1,0","noble,open,-175.6,-200.4,-14,0,10,1,1,0","nayedien,arm_up,29.6,-286.8,12,0,9,1,1,0","nayedien,arm_low,-7.2,-284.4,-120,0,4,1,1,0","noble,punch,-44.4,-342.4,-164,1,4,1,1,0","nayedien,leg_up,-83,-168.4,-40,1,12,1,1,0","nayedien,leg_low,-121.6,-69.2,-4,1,12,1,1,0","nayedien,foot,-132.8,-7.2,-14,1,15,1,1,0","nayedien,leg_up,34,-162.4,30.7,0,10,1,1,0","nayedien,leg_low,86,-61.2,22,0,11,1,1,0","nayedien,foot,108,-3.6,16,0,16,1,1,0",,,"nayedien,cloak_below,-4.4,-150,23,1,20,1,1,0","nayedien,cloak_wide,-8,-340.8,13,0,17,1,1,0","nayedien,shoulder_inner,-71.2,-385.6,-116,0,8,1,1,0","nayedien,shoulder_strap,-6.4,-380.4,4,1,9,1,1,0","nayedien,shoulder,58,-363.2,89,0,8,1,1,0","nayedien,cloak_up_back,-131.6,-394.8,-107,0,6,1,1,0","nayedien,cloak_up,98,-374.8,103,1,4,1,1,0","nayedien,hair_back,-88.6,-282.4,-23,0,24,1,1,0","nayedien,hair_outer,9.8,-251.6,-38,1,22,1,1,0","nayedien,hair_inner,-179.4,-335.6,-29,1,23,1,1,0",,,,,,,,,,,,,,,,,,,,,,,,,,,,,,,,,,,,,,,,,,,,,,"nayedien,flail_long_swing,28.8,-147.2,14,0,5,1,1,0",,,,,,,,"nayedien,flail_no_handle,103.6,-325.6,95,0,6,0.9,0.9,0",,,,,,,,,,,,,,,,,,,,,,,,,,,,"movement,spin,-7.2,-334.4,10,0,6,1.8,1.8,0",,,,,,,,,,
Skill3/7,"nayedien,head,5.6,-480.8,-9,0,10,1,1,0","nayedien,neck,3.6,-408,-18,1,13,1,1,0","nayedien,body,-16.8,-278.4,-7,1,9,1,1,0","nayedien,arm_up,-80.8,-355.2,-35,0,10,1,1,0","nayedien,arm_low,-128.8,-274,-16,0,9,1,1,0","noble,open,-161.6,-198.4,-11,0,10,1,1,0","nayedien,arm_up,29.6,-290.8,12,0,9,1,1,0","nayedien,arm_low,-7.2,-288.4,-120,0,4,1,1,0","noble,punch,-44.4,-350.4,-164,1,4,1,1,0","nayedien,leg_up,-83,-164.4,-41,1,12,1,1,0","nayedien,leg_low,-129.6,-67.2,-13,1,12,1,1,0","nayedien,foot,-138.8,-7.2,-14,1,15,1,1,0","nayedien,leg_up,30,-148.4,34.7,0,10,1,1,0","nayedien,leg_low,86,-53.2,28,0,11,1,1,0","nayedien,foot,114,0.4,19,0,16,1,1,0",,,"nayedien,cloak_below,5.6,-154,33,1,20,0.9,0.9,0","nayedien,cloak_wide,-8,-380.8,164,0,17,1,1,0","nayedien,shoulder_inner,-71.2,-377.6,-116,0,8,1,1,0","nayedien,shoulder_strap,-6.4,-376.4,7,1,9,1,1,0","nayedien,shoulder,58,-355.2,89,0,8,1,1,0","nayedien,cloak_up_back,-127.6,-402.8,-121,0,6,1,1,0","nayedien,cloak_up,88,-372.8,110,1,4,1,1,0","nayedien,hair_back,-66.6,-282.4,-10,0,24,1,1,0","nayedien,hair_outer,31.8,-251.6,-25,1,22,1,1,0","nayedien,hair_inner,-157.4,-335.6,-16,1,23,1,1,0",,,,,,,,,,,,,,,,,,,,,,,,,,,,,,,,,,,,,,,,,,,,,,"nayedien,flail_long_swing,-223.6,-419.2,-126,0,5,1,1,0",,,,,,,,"nayedien,flail_no_handle,-114.4,-174.4,-23,0,6,0.9,0.9,0",,,,,,,,,,,,,,,,,,,,,,,,,,,,"movement,spin,-105.2,-299.2,-137,0,6,1.8,1.8,0",,,,,,,,play_time_mod_0.7,,"swing_bulk,1000,1"
Skill3/8,"nayedien,head,5.6,-474.8,-9,0,10,1,1,0","nayedien,neck,1.6,-408,-7,1,13,1,1,0","nayedien,body,-16.8,-278.4,-7,1,9,1,1,0","nayedien,arm_up,-84.8,-339.2,-35,0,10,1,1,0","nayedien,arm_low,-132.8,-260,-18,0,9,1,1,0","noble,open,-165.6,-182.4,-9,0,10,1,1,0","nayedien,arm_up,7.6,-278.8,-6,0,9,1,1,0","nayedien,arm_low,-21.2,-286.4,-148,0,4,1,1,0","noble,punch,-36.4,-358.4,-173,1,4,1,1,0","nayedien,leg_up,-95,-160.4,-46,1,12,1,1,0","nayedien,leg_low,-133.6,-67.2,-1,1,12,1,1,0","nayedien,foot,-138.8,-7.2,-14,1,15,1,1,0","nayedien,leg_up,30,-140.4,36.7,0,10,1,1,0","nayedien,leg_low,92,-49.2,32,0,11,1,1,0","nayedien,foot,120,0.4,19,0,16,1,1,0",,,"nayedien,cloak_below,-14.4,-148,19,1,20,0.9,0.9,0","nayedien,cloak_wide,-8,-380.8,164,0,17,1,1,0","nayedien,shoulder_inner,-71.2,-377.6,-116,0,8,1,1,0","nayedien,shoulder_strap,-6.4,-376.4,7,1,9,1,1,0","nayedien,shoulder,58,-361.2,96,0,8,1,1,0","nayedien,cloak_up_back,-127.6,-406.8,-136,0,6,1,1,0","nayedien,cloak_up,94,-406.8,152,0,7,1,1,0","nayedien,hair_back,-44.6,-278.4,-3,0,24,1,1,0","nayedien,hair_outer,53.8,-247.6,-18,1,22,1,1,0","nayedien,hair_inner,-135.4,-331.6,-9,1,23,1,1,0",,,,,,,,,,,,,,,,,,,,,,,,,,,,,,,,,,,,,,,,,,,,,,"nayedien,flail_long_swing,129.6,-487.6,126,0,5,1,1,0",,,,,,,,"nayedien,flail_no_handle,-67.6,-541.2,-170,0,6,1,1,0",,,,,,,,,,,,,,,,,,,,,,,,,,,,"movement,spin,28.8,-416.8,163,0,6,1.8,1.8,0",,,,,,,,play_time_mod_0.6,,
Skill3/9,"nayedien,head,5.6,-460.8,-11,0,10,1,1,0","nayedien,neck,1.6,-408,-7,1,13,1,1,0","nayedien,body,-16.8,-274.4,-7,1,9,1,1,0","nayedien,arm_up,-76.8,-343.2,-26,0,10,1,1,0","nayedien,arm_low,-116.8,-258,-16,0,9,1,1,0","noble,open,-143.6,-180.4,-2,0,10,1,1,0","nayedien,arm_up,27.6,-296.8,18,0,9,1,1,0","nayedien,arm_low,-1.2,-282.4,-118,0,4,1,1,0","noble,punch,-56.4,-330.4,-127,1,4,1,1,0","nayedien,leg_up,-95,-160.4,-46,1,12,1,1,0","nayedien,leg_low,-133.6,-67.2,-1,1,12,1,1,0","nayedien,foot,-138.8,-7.2,-14,1,15,1,1,0","nayedien,leg_up,34,-140.4,40.7,0,10,1,1,0","nayedien,leg_low,104,-49.2,34,0,11,1,1,0","nayedien,foot,134,0.4,21,0,16,1,1,0",,,"nayedien,cloak_below,-36.4,-134,-7,1,20,1,1,0","nayedien,cloak_wide,-22,-390.8,170,0,17,1,1,0","nayedien,shoulder_inner,-75.2,-383.6,-135,0,8,1,1,0","nayedien,shoulder_strap,-6.4,-366.4,7,1,9,1,1,0","nayedien,shoulder,54,-359.2,125,0,8,1,1,0","nayedien,cloak_up_back,-127.6,-420.8,-146,0,6,1,1,0","nayedien,cloak_up,68,-382.8,175,0,11,1,1,0","nayedien,hair_back,-38.6,-278.4,5,0,24,1,1,0","nayedien,hair_outer,59.8,-247.6,-10,1,22,1,1,0","nayedien,hair_inner,-129.4,-331.6,-1,1,23,1,1,0",,,,,,,,,,,,,,,,,,,,,,,,,,,,,,,,,,,,,,,,,,,,,,"nayedien,flail_long_swing,-89.6,-120,-17,0,5,1,1,0",,,,,,,,"nayedien,flail_no_handle,96.8,-278.8,70,0,6,0.9,0.9,0",,,,,,,,,,,,,,,,,,,,,,,,,,,,"movement,spin,-38.4,-333.6,176,0,6,1.8,1.8,0",,,,,,,,play_time_mod_0.4,,"swing_bulk,1000,1"
Skill3/10,"nayedien,head,31.6,-460.8,-11,0,10,1,1,0","nayedien,neck,13.6,-408,-7,1,13,1,1,0","nayedien,body,-6.8,-274.4,-10,1,9,1,1,0","nayedien,arm_up,-76.8,-343.2,-26,0,10,1,1,0","nayedien,arm_low,-106.8,-258,-5,0,9,1,1,0","noble,open,-117.6,-178.4,13,0,10,1,1,0","nayedien,arm_up,35.6,-320.8,-47,0,9,1,1,0","nayedien,arm_low,-45.6,-300,-84,0,4,1,1,0","noble,punch,-108.8,-288.8,-50,1,4,1,1,0","nayedien,leg_up,-95,-154.4,-50,1,12,1,1,0","nayedien,leg_low,-133.6,-67.2,2,1,12,1,1,0","nayedien,foot,-138.8,-7.2,-14,1,15,1,1,0","nayedien,leg_up,34,-140.4,45.7,0,10,1,1,0","nayedien,leg_low,116,-51.2,40,0,11,1,1,0","nayedien,foot,148,0.4,21,0,16,1,1,0",,,"nayedien,cloak_below,-48.4,-146,-46,1,20,1,1,0","nayedien,cloak_wide,-6,-400.8,159,0,17,1,1,0","nayedien,shoulder_inner,-51.2,-377.6,-131,0,8,1,1,0","nayedien,shoulder_strap,15.6,-364.4,3,1,9,1,1,0","nayedien,shoulder,78,-353.2,114,0,8,1,1,0","nayedien,cloak_up_back,-103.6,-408.8,-139,0,6,1,1,0","nayedien,cloak_up,92,-374.8,159,0,11,1,1,0","nayedien,hair_back,-22.6,-278.4,7,0,24,1,1,0","nayedien,hair_outer,75.8,-247.6,-8,1,22,1,1,0","nayedien,hair_inner,-113.4,-331.6,1,1,23,1,1,0",,,,,,,,,,,,,,,,,,,,,,,,,,,,,,,,,,,,,,,,,,,,,,"nayedien,flail_long_swing,-338.8,-252,-87,0,5,1,1,0",,,,,,,,,,,,,,,,,,,,,,,,,,,,,,,,,,,,,,,,,,,,,,
Skill3/11,"nayedien,head,39.6,-460.8,-11,0,10,1,1,0","nayedien,neck,23.6,-396,-7,0,13,1,1,0","nayedien,body,-6.8,-268.4,-13,0,9,1,1,0","nayedien,arm_up,-66.8,-343.2,-26,0,8,1,1,0","nayedien,arm_low,-88.8,-254,8,0,7,1,1,0","noble,open,-83.6,-172.4,18,0,8,1,1,0","nayedien,arm_up,51.6,-320.8,-40,0,9,1,1,0","nayedien,arm_low,-13.6,-300,-87,0,4,1,1,0","noble,punch,-66.8,-294.8,-53,1,4,1,1,0","nayedien,leg_up,-95,-154.4,-50,1,12,1,1,0","nayedien,leg_low,-133.6,-67.2,7,1,12,1,1,0","nayedien,foot,-138.8,-7.2,-14,1,15,1,1,0","nayedien,leg_up,34,-140.4,49.7,0,10,1,1,0","nayedien,leg_low,116,-53.2,39,0,11,1,1,0","nayedien,foot,154,0.4,21,0,16,1,1,0",,,"nayedien,cloak_below,-46.4,-148,-45,1,20,1,1,0","nayedien,cloak_wide,12,-400.8,159,0,17,1,1,0","nayedien,shoulder_inner,-31.2,-379.6,-139,0,8,1,1,0","nayedien,shoulder_strap,29.6,-358.4,0,1,9,1,1,0","nayedien,shoulder,96,-353.2,114,0,8,1,1,0","nayedien,cloak_up_back,-75.6,-410.8,-138,0,6,1,1,0","nayedien,cloak_up,100,-374.8,172,0,11,1,1,0","nayedien,hair_back,-28.6,-270.4,1,0,24,1,1,0","nayedien,hair_outer,69.8,-239.6,-14,1,22,1,1,0","nayedien,hair_inner,-115.4,-317.6,-10,1,23,1,1,0",,,,,,,,,,,,,,,,,,,,,,,,,,,,,,,,,,,,,,,,,,,,,,"nayedien,flail_long_stab,-308.8,-306,-92,0,5,1,1,0",,,,,,,,,,,,,,,,,,,,,,,,,,,,,,,,,,,,,,,,,,,,play_time_mod_0.3,,"swing_bulk_large,1000,1"
Skill3/12,"nayedien,head,61.6,-448.8,-17,0,10,1,1,0","nayedien,neck,39.6,-394,-7,0,13,1,1,0","nayedien,body,3.2,-268.4,-16,0,9,1,1,0","nayedien,arm_up,-54.8,-339.2,-26,0,8,1,1,0","nayedien,arm_low,-82.8,-256,-6,0,7,1,1,0","noble,open,-91.6,-176.4,18,0,8,1,1,0","nayedien,arm_up,118.4,-334.4,92,0,10,1,1,0","nayedien,arm_low,194.8,-341.6,102,0,4,1,1,0","noble,punch,270.4,-344.4,103,1,4,1,1,0","nayedien,leg_up,-95,-154.4,-50,1,12,1,1,0","nayedien,leg_low,-133.6,-67.2,7,1,12,1,1,0","nayedien,foot,-138.8,-7.2,-14,1,15,1,1,0","nayedien,leg_up,38,-140.4,44.7,0,10,1,1,0","nayedien,leg_low,116,-53.2,39,0,11,1,1,0","nayedien,foot,154,0.4,21,0,16,1,1,0",,,"nayedien,cloak_below,-55.2,-221.2,-151,1,20,0.9,0.9,0","nayedien,cloak_wide,12,-400.8,159,0,17,1,1,0","nayedien,shoulder,-23.2,-375.6,-85,0,8,1,1,0","nayedien,shoulder_strap,59.6,-352.4,-7,0,9,1,1,0","nayedien,shoulder_inner,105.6,-368,80,0,8,1,1,0","nayedien,cloak_up,-79.6,-418.8,-139,1,6,1,1,0","nayedien,cloak_up_back,112,-424.8,-161,0,11,1,1,0","nayedien,hair_back,35.4,-278.4,25,0,24,1,1,0","nayedien,hair_outer,133.8,-271.6,15,1,22,1,1,0","nayedien,hair_inner,-55.4,-331.6,19,1,23,1,1,0",,,,,,,,,,,,,,,,,,,,,,,,,,,,,,,,,,,,,,,,,,,,,,"nayedien,flail_long_stab,529.2,-358,92,0,5,1,1,1",,,,,,,,,,,,,,,,,,,,,,,,,,,,,,,,,,,,,,,,,,,,,,
Skill3/13,"nayedien,head,51.6,-456.8,-5,0,10,1,1,0","nayedien,neck,39.6,-394,-7,0,13,1,1,0","nayedien,body,3.2,-268.4,-16,0,9,1,1,0","nayedien,arm_up,-54.8,-339.2,-30,0,8,1,1,0","nayedien,arm_low,-90.8,-258,-10,0,7,1,1,0","noble,open,-103.6,-178.4,16,0,8,1,1,0","nayedien,arm_up,108.4,-340.4,94,0,9,1,1,0","nayedien,arm_low,194.8,-335.6,76,1,4,1,1,0","noble,fist,270.4,-350.4,127,1,4,1,1,0","nayedien,leg_up,-95,-154.4,-50,1,12,1,1,0","nayedien,leg_low,-133.6,-67.2,3,1,12,1,1,0","nayedien,foot,-138.8,-7.2,-14,1,15,1,1,0","nayedien,leg_up,38,-140.4,44.7,0,10,1,1,0","nayedien,leg_low,116,-53.2,39,0,11,1,1,0","nayedien,foot,154,0.4,21,0,16,1,1,0",,,"nayedien,cloak_below,-35.2,-157.2,-25,1,20,0.9,0.9,0","nayedien,cloak_wide,12,-394.8,170,0,17,1,1,0","nayedien,shoulder,-21.2,-367.6,-87,0,8,1,1,0","nayedien,shoulder_strap,59.6,-352.4,-7,0,9,1,1,0","nayedien,shoulder_inner,93.6,-362,103,0,8,1,1,0","nayedien,cloak_up,-77.6,-400.8,-105,0,6,1,1,0","nayedien,cloak_up_back,126,-412.8,139,0,11,1,1,0","nayedien,hair_back,33.4,-262.4,19,0,24,1,1,0","nayedien,hair_outer,131.8,-255.6,9,1,22,1,1,0","nayedien,hair_inner,-57.4,-315.6,13,1,23,1,1,0",,,,,,,,,,,,,,,,,,,,,,,,,,,,,,,,,,,,,,,,,,,,,,"nayedien,flail_long,497.2,-336,89,0,5,1,1,1",,,,,,,,,,,,,,,,,,,,,,,,,,,,,,,,,,,,,,,,,,,,,,
Skill3/14,"nayedien,head,29.6,-462.8,-5,0,10,1,1,0","nayedien,neck,27.6,-398,-1,0,13,1,1,0","nayedien,body,-0.8,-274.4,-10,0,9,1,1,0","nayedien,arm_up,-64.8,-331.2,-27,0,8,1,1,0","nayedien,arm_low,-96.8,-246,-6,0,7,1,1,0","noble,open,-117.6,-170.4,-6,0,8,1,1,0","nayedien,arm_up,106.4,-304.4,64,0,10,1,1,0","nayedien,arm_low,188.8,-257.6,54,1,4,1,1,0","noble,fist,247.2,-248.8,118,1,4,1,1,0","nayedien,leg_up,-85,-154.4,-42,1,12,1,1,0","nayedien,leg_low,-123.6,-67.2,-10,1,12,1,1,0","nayedien,foot,-138.8,-7.2,-14,1,15,1,1,0","nayedien,leg_up,38,-150.4,37.7,0,10,1,1,0","nayedien,leg_low,106,-53.2,33,0,11,1,1,0","nayedien,foot,136,2.4,21,0,16,1,1,0",,,"nayedien,cloak_below,-25.2,-129.2,-22,1,20,1,1,0","nayedien,cloak_wide,12,-368.8,6,0,17,1,1,0","nayedien,shoulder,-31.2,-365.6,-81,0,8,1,1,0","nayedien,shoulder_strap,39.6,-352.4,-7,0,9,1,1,0","nayedien,shoulder_inner,73.6,-362,103,0,8,1,1,0","nayedien,cloak_up,-97.6,-378.8,-75,0,6,1,1,0","nayedien,cloak_up_back,132,-374.8,99,1,3,1,1,0","nayedien,hair_back,11.4,-258.4,5,0,24,1,1,0","nayedien,hair_outer,101.8,-253.6,-1,1,22,1,1,0","nayedien,hair_inner,-79.4,-311.6,-1,1,23,1,1,0",,,,,,,,,,,,,,,,,,,,,,,,,,,,,,,,,,,,,,,,,,,,,,"nayedien,flail_swing_small,496.8,-216.8,90,0,5,1,1,1",,,,,,,,,,,,,,,,,,,,,,,,,,,,,,,,,,,,,,,,,,,,play_time_mod_0.7,,
Skill3/15,"nayedien,head,11.6,-466.8,1,0,10,1,1,0","nayedien,neck,9.6,-402,12,0,13,1,1,0","nayedien,body,-4.8,-274.4,-5,0,9,1,1,0","nayedien,arm_up,-64.8,-329.2,-27,0,8,1,1,0","nayedien,arm_low,-94.8,-240,-6,0,7,1,1,0","noble,open,-115.6,-164.4,-6,0,8,1,1,0","nayedien,arm_up,88.4,-314.4,61,0,10,1,1,0","nayedien,arm_low,170.8,-253.6,45,1,4,1,1,0","noble,fist,237.2,-228.8,108,1,4,1,1,0","nayedien,leg_up,-85,-146.4,-45,1,12,1,1,0","nayedien,leg_low,-123.6,-63.2,-6,1,12,1,1,0","nayedien,foot,-134.8,-5.2,-19,1,15,1,1,0","nayedien,leg_up,44,-150.4,33.7,0,10,1,1,0","nayedien,leg_low,106,-53.2,33,0,11,1,1,0","nayedien,foot,136,2.4,21,0,16,1,1,0",,,"nayedien,cloak_below,-15.2,-129.2,-15,1,20,1,1,0","nayedien,cloak_wide,22,-336.8,11,0,17,1,1,0","nayedien,shoulder,-39.2,-361.6,-62,0,8,1,1,0","nayedien,shoulder_strap,25.6,-358.4,-1,0,9,1,1,0","nayedien,shoulder_inner,79.6,-368,54,0,8,1,1,0","nayedien,cloak_up,-93.6,-354.8,-65,0,6,1,1,0","nayedien,cloak_up_back,152,-352.8,72,1,3,1,1,0","nayedien,hair_back,-42.6,-254.4,-7,0,24,1,1,0","nayedien,hair_outer,56.8,-233.2,-26,1,22,1,1,0","nayedien,hair_inner,-118.8,-303.2,-9,1,23,1,1,0",,,,,,,,,,,,,,,,,,,,,,,,,,,,,,,,,,,,,,,,,,,,,,"nayedien,flail_long,432.8,-124.8,63,0,5,1,1,1",,,,,,,,,,,,,,,,,,,,,,,,,,,,,,,,,,,,"movement,spin,595.2,7.2,-90,0,17,0.6,0.6,0",,,,,,,,"stoppable,play_time_mod_1.5",,"deep_thump,1000,1"
Skill3/16,"nayedien,head,11.6,-468.8,2,0,10,1,1,0","nayedien,neck,9.6,-402,12,0,13,1,1,0","nayedien,body,-4.8,-274.4,-7,0,9,1,1,0","nayedien,arm_up,-64.8,-335.2,-27,0,10,1,1,0","nayedien,arm_low,-96.8,-250,-6,0,9,1,1,0","noble,open,-117.6,-174.4,-6,0,10,1,1,0","nayedien,arm_up,74.4,-314.4,47,0,10,1,1,0","nayedien,arm_low,132.8,-233.6,25,1,4,1,1,0","noble,fist,189.6,-193.2,95,1,4,1,1,0","nayedien,leg_up,-85,-146.4,-45,1,12,1,1,0","nayedien,leg_low,-123.6,-63.2,-6,1,12,1,1,0","nayedien,foot,-134.8,-5.2,-19,1,15,1,1,0","nayedien,leg_up,44,-150.4,33.7,0,10,1,1,0","nayedien,leg_low,106,-53.2,33,0,11,1,1,0","nayedien,foot,136,2.4,21,0,16,1,1,0",,,"nayedien,cloak_below,-21.2,-129.2,-18,1,20,1,1,0","nayedien,cloak_wide,30,-302.8,0,0,17,1,1,0","nayedien,shoulder,-53.2,-355.6,-11,0,8,1,1,0","nayedien,shoulder_strap,25.6,-358.4,-7,0,9,1,1,0","nayedien,shoulder_inner,81.6,-358,16,0,8,1,1,0","nayedien,cloak_up,-105.6,-334.8,-51,0,6,1,1,0","nayedien,cloak_up_back,141.6,-305.6,52,1,3,1,1,0","nayedien,hair_back,-56.6,-272.4,-10,0,24,1,1,0","nayedien,hair_outer,48.8,-247.2,-31,1,22,1,1,0","nayedien,hair_inner,-152.8,-303.2,-16,1,23,1,1,0",,,,,,,,,,,,,,,,,,,,,,,,,,,,,,,,,,,,,,,,,,,,,,"nayedien,flail_swing_small,384.8,-74.4,64,0,5,0.9,0.9,0",,,,,,,,,,,,,,,,,,,,,,,,,,,,,,,,,,,,,,,,,,,,stoppable,,
Skill3/17,"nayedien,head,-38.4,-486.8,4,0,10,1,1,0","nayedien,neck,-28.4,-422,-1,1,13,1,1,0","nayedien,body,-20.8,-292.4,3,1,9,1,1,0","nayedien,arm_up,-102.8,-349.2,-44,0,10,1,1,0","nayedien,arm_low,-166.8,-296,-44,0,9,1,1,0","noble,open,-238,-237.6,-42,0,10,1,1,0","nayedien,arm_up,52.4,-327.2,35,0,8,1,1,0","nayedien,arm_low,46.8,-242.4,-37,0,4,1,1,0","noble,fist,-7.6,-203.2,-55,1,4,1,1,0","nayedien,leg_up,-83,-162.4,-42,1,12,1,1,0","nayedien,leg_low,-107.6,-69.2,11,1,12,1,1,0","nayedien,foot,-112.8,-7.2,-14,1,15,1,1,0","nayedien,leg_up,50,-154.4,26.7,1,10,1,1,0","nayedien,leg_low,104,-59.2,33,1,11,1,1,0","nayedien,foot,136,-9.6,23,1,16,1,1,0",,,"nayedien,cloak_below,-12.4,-160,-6,1,20,1,1,0","nayedien,cloak_wide,0,-320.8,-6,0,17,1,1,0","nayedien,shoulder_inner,-101.2,-375.6,-105,0,8,1,1,0","nayedien,shoulder_strap,-24.4,-374.4,3,1,9,1,1,0","nayedien,shoulder,34,-365.2,88,0,7,1,1,0","nayedien,cloak_up_back,-157.6,-330.8,-52,0,6,1,1,0","nayedien,cloak_up,73.2,-325.2,37,1,4,1,1,0","nayedien,hair_back,-60.6,-290.4,-2,0,23,1,1,0","nayedien,hair_outer,49.8,-263.6,-11,1,22,1,1,0","nayedien,hair_inner,-161.4,-303.6,-5,1,23,1,1,0",,,,,,,,,,,,,,,,,,,,,,,,,,,,,,,,,,,,,,,,,,,,,,"nayedien,flail_idle,30.8,-128.8,52,0,5,0.9,0.9,0",,,,,,,,,,,,,,,,,,,,,,,,,,,,,,,,,,,,,,,,,,,,,,
Skill1/0,"nayedien,head,40.4,-484.8,0,0,7,1,1,0","nayedien,neck,48.4,-418.8,29,0,10,1,1,0","nayedien,body,21.2,-294.4,-7,0,9,1,1,0","nayedien,arm_up,-75.6,-328,-46,0,11,1,1,0","nayedien,arm_low,-128,-241.6,-21,0,9,1,1,0","noble,fist,-158,-186,-10,0,2,1,1,0","nayedien,arm_up,109.2,-318.8,44,0,12,1,1,0","nayedien,arm_low,142.8,-266.8,17,1,11,1,1,0","noble,open_back,185.6,-203.6,40,1,1,1,1,0","nayedien,leg_up,-49,-164.4,-34.2,1,11,1,1,0","nayedien,leg_low,-69,-72.4,7,1,11,1,1,0","nayedien,foot,-62.8,-7.4,-3,1,14,1,1,0","nayedien,leg_up,74,-162.4,30.7,0,13,1,1,0","nayedien,leg_low,120,-63.4,18.5,0,14,1,1,0","nayedien,foot,135.2,-1.6,12,0,16,1,1,0",,,"nayedien,cloak_below,-3.2,-145.2,-19,1,20,1,1,0","nayedien,cloak_wide,35.6,-318,4,0,17,1,1,0","nayedien,shoulder,-18.8,-362.8,-14,0,8,1,1,0","nayedien,shoulder_strap,58.8,-381.2,6,1,9,1,1,0","nayedien,shoulder_inner,105.6,-375.6,18,0,8,1,1,0","nayedien,cloak_up,-81.2,-323.6,-42,0,7,1,1,0","nayedien,cloak_up_back,166,-330.8,51,1,6,1,1,0","nayedien,hair_back,-10.4,-269.6,-14,0,24,1,1,0","nayedien,hair_outer,-125.2,-301.6,-9,0,22,1,1,0","nayedien,hair_inner,92.4,-275.2,-17,0,23,1,1,0",,,,,,,,,,,,,,,,,,,,,,,,,,,,,,,,,,,,,,,,,,,,,"nayedien,spear,3.6,-184,95,1,3,1,1,0",,,,,,,,,,,,,,,,,,,,,,,,,,,,,,,,,,,,,,,,,,,,,play_time_mod_0.8,,
Skill1/1,"nayedien,head,48.4,-470.8,0,0,7,1,1,0","nayedien,neck,42.4,-410.8,11,0,10,1,1,0","nayedien,body,25.2,-280.4,-7,0,9,1,1,0","nayedien,arm_up,-71.6,-328,-37,0,11,1,1,0","nayedien,arm_low,-102,-259.6,-23,0,9,1,1,0","noble,fist,-132,-196,-10,0,2,1,1,0","nayedien,arm_up,111.2,-318.8,39,0,12,1,1,0","nayedien,arm_low,130.8,-260.8,6,1,11,1,1,0","noble,fist,154.4,-190.8,11,1,2,1,1,0","nayedien,leg_up,-39,-158.4,-45.2,1,11,1,1,0","nayedien,leg_low,-69,-72.4,11,1,11,1,1,0","nayedien,foot,-58.8,-7.4,-3,1,14,1,1,0","nayedien,leg_up,88,-152.4,38.7,0,13,1,1,0","nayedien,leg_low,148,-59.4,27.5,0,14,1,1,0","nayedien,foot,173.2,-1.6,12,0,16,1,1,0",,,"nayedien,cloak_below,0.8,-135.2,-21,1,20,1,1,0","nayedien,cloak_wide,39.6,-318,4,0,17,1,1,0","nayedien,shoulder,-14.8,-360.8,-14,0,8,1,1,0","nayedien,shoulder_strap,58.8,-369.2,1,1,9,1,1,0","nayedien,shoulder_inner,107.6,-373.6,3,0,8,1,1,0","nayedien,cloak_up,-67.2,-323.6,-37,0,7,1,1,0","nayedien,cloak_up_back,146,-302.8,27,1,6,1,1,0","nayedien,hair_back,1.6,-255.6,-13,0,24,1,1,0","nayedien,hair_outer,-123.2,-269.6,-7,0,22,1,1,0","nayedien,hair_inner,104.4,-261.2,-19,0,23,1,1,0",,,,,,,,,,,,,,,,,,,,,,,,,,,,,,,,,,,,,,,,,,,,,"nayedien,spear,81.6,-192,91,1,3,1,1,0",,,,,,,,,,,,,,,,,,,,,,,,,,,,,,,,,,,,,,,,,,,,,play_time_mod_0.5,,
Skill1/2,"nayedien,head,34.4,-476.8,-2,0,7,1,1,0","nayedien,neck,26.4,-418.8,15,0,10,1,1,0","nayedien,body,25.2,-284.4,-1,0,9,1,1,0","nayedien,arm_up,-61.6,-326,-54,0,11,1,1,0","nayedien,arm_low,-102,-293.6,-27,0,9,1,1,0","noble,fist,-136,-242,-13,0,2,1,1,0","nayedien,arm_up,111.2,-330.8,42,0,12,1,1,0","nayedien,arm_low,136.8,-286.8,9,1,11,1,1,0","noble,fist,142.4,-226.8,6,1,2,1,1,0","nayedien,leg_up,-47,-158.4,-51.2,1,11,1,1,0","nayedien,leg_low,-81,-70.4,9,1,11,1,1,0","nayedien,foot,-72.8,-9.4,-7,1,14,1,1,0","nayedien,leg_up,88,-154.4,38.7,0,13,1,1,0","nayedien,leg_low,152,-61.4,32.5,0,14,1,1,0","nayedien,foot,183.2,-3.6,17,0,16,1,1,0",,,"nayedien,cloak_below,18.8,-147.2,-17,1,20,1,1,0","nayedien,cloak_wide,43.6,-328,2,0,17,1,1,0","nayedien,shoulder,-26.8,-360.8,-14,0,8,1,1,0","nayedien,shoulder_strap,46.8,-375.2,1,1,9,1,1,0","nayedien,shoulder_inner,95.6,-375.6,8,0,8,1,1,0","nayedien,cloak_up,-75.2,-349.6,-68,0,7,1,1,0","nayedien,cloak_up_back,148,-318.8,49,1,6,1,1,0","nayedien,hair_back,-16.4,-255.6,-15,0,24,1,1,0","nayedien,hair_outer,-143.2,-281.6,-9,0,22,1,1,0","nayedien,hair_inner,62.4,-269.2,-30,0,23,1,1,0",,,,,,,,,,,,,,,,,,,,,,,,,,,,,,,,,,,,,,,,,,,,,"nayedien,spear,81.6,-230,86,1,3,1,1,0",,,,,,,,,,,,,,,,,,,,,,,,,,,,,,,,,,,,,,,,,,,,,play_time_mod_1.5,,
Skill1/3,"nayedien,head,38.4,-476.8,-6,0,7,1,1,0","nayedien,neck,26.4,-418.8,15,0,10,1,1,0","nayedien,body,25.2,-284.4,1,0,9,1,1,0","nayedien,arm_up,-71.6,-320,-62,0,11,1,1,0","nayedien,arm_low,-120,-287.6,-37,0,9,1,1,0","noble,fist,-166,-236,-26,0,2,1,1,0","nayedien,arm_up,93.2,-348.8,53,0,12,1,1,0","nayedien,arm_low,126.8,-296.8,3,1,11,1,1,0","noble,fist,122.4,-236.8,-16,1,2,1,1,0","nayedien,leg_up,-43,-160.4,-56.2,1,11,1,1,0","nayedien,leg_low,-77,-74.4,13,1,11,1,1,0","nayedien,foot,-72.8,-9.4,-7,1,14,1,1,0","nayedien,leg_up,92,-154.4,42.7,0,13,1,1,0","nayedien,leg_low,166,-61.4,37.5,0,14,1,1,0","nayedien,foot,199.2,-3.6,23,0,16,1,1,0",,,"nayedien,cloak_below,18.8,-147.2,-17,1,20,1,1,0","nayedien,cloak_wide,43.6,-328,2,0,17,1,1,0","nayedien,shoulder,-26.8,-360.8,-14,0,8,1,1,0","nayedien,shoulder_strap,46.8,-375.2,1,1,9,1,1,0","nayedien,shoulder_inner,95.6,-375.6,8,0,8,1,1,0","nayedien,cloak_up,-75.2,-345.6,-65,0,7,1,1,0","nayedien,cloak_up_back,148,-314.8,42,1,6,1,1,0","nayedien,hair_back,-24.4,-255.6,-17,0,24,1,1,0","nayedien,hair_outer,-151.2,-281.6,-11,0,22,1,1,0","nayedien,hair_inner,54.4,-269.2,-32,0,23,1,1,0",,,,,,,,,,,,,,,,,,,,,,,,,,,,,,,,,,,,,,,,,,,,,"nayedien,spear,45.6,-238,91,1,3,1,1,0",,,,,,,,,,,,,,,,,,,,,,,,,,,,,,,,,,,,,,,,,,,,,,,
Skill1/4,"nayedien,head,46.4,-464.8,-5,0,7,1,1,0","nayedien,neck,32.4,-406.8,15,0,10,1,1,0","nayedien,body,25.2,-276.4,-1,0,9,1,1,0","nayedien,arm_up,-58.8,-322.4,-24,0,11,1,1,0","nayedien,arm_low,0.4,-268.8,74,0,9,1.1,1.1,0","noble,punch,65.2,-225.2,46,0,2,1,1,0","nayedien,arm_up,111.2,-330.8,42,0,12,1,1,0","nayedien,arm_low,180.8,-272.8,45,1,11,1,1,0","noble,punch,241.6,-234.4,42,1,2,1,1,0","nayedien,leg_up,-47,-158.4,-57.2,1,11,1,1,0","nayedien,leg_low,-81,-74.4,12,1,11,1,1,0","nayedien,foot,-72.8,-9.4,-7,1,14,1,1,0","nayedien,leg_up,88,-154.4,42.7,0,13,1,1,0","nayedien,leg_low,162,-61.4,36.5,0,14,1,1,0","nayedien,foot,197.2,-3.6,20,0,16,1,1,0",,,"nayedien,cloak_below,2.8,-147.2,-33,1,20,1,1,0","nayedien,cloak_wide,43.6,-328,2,0,17,1,1,0","nayedien,shoulder,-26.8,-362.8,-20,0,8,1,1,0","nayedien,shoulder_strap,42.8,-369.2,1,1,9,1,1,0","nayedien,shoulder_inner,95.6,-375.6,8,0,8,1,1,0","nayedien,cloak_up,-85.2,-367.6,-89,0,7,1,1,0","nayedien,cloak_up_back,162,-356.8,90,1,6,1,1,0","nayedien,hair_back,-34.4,-265.6,-24,0,24,1,1,0","nayedien,hair_outer,-161.2,-291.6,-18,0,22,1,1,0","nayedien,hair_inner,44.4,-279.2,-39,0,23,1,1,0",,,,,,,,,,,,,,,,,,,,,,,,,,,,,,,,,,,,,,,,,,,,,"nayedien,spear_stab,294,-236,94,1,3,1.1,1.1,1",,,,,,,,,,,,,,,,,,,,,,,,,,,,,,,,,,,,,,,,,,,,,play_time_mod_0.3,,"pierce,1000,1"
Skill1/5,"nayedien,head,34.4,-476.8,-2,0,7,1,1,0","nayedien,neck,26.4,-418.8,15,0,10,1,1,0","nayedien,body,25.2,-284.4,1,0,9,1,1,0","nayedien,arm_up,-61.6,-326,-54,0,11,1,1,0","nayedien,arm_low,-92,-277.6,-18,0,9,1,1,0","noble,fist,-112,-218,7,0,2,1,1,0","nayedien,arm_up,111.2,-330.8,42,0,12,1,1,0","nayedien,arm_low,136.8,-286.8,9,1,11,1,1,0","noble,fist,152.4,-222.8,6,1,2,1,1,0","nayedien,leg_up,-47,-158.4,-51.2,1,11,1,1,0","nayedien,leg_low,-81,-70.4,9,1,11,1,1,0","nayedien,foot,-72.8,-9.4,-7,1,14,1,1,0","nayedien,leg_up,88,-154.4,38.7,0,13,1,1,0","nayedien,leg_low,152,-61.4,32.5,0,14,1,1,0","nayedien,foot,183.2,-3.6,17,0,16,1,1,0",,,"nayedien,cloak_below,6.8,-139.2,-27,1,20,1,1,0","nayedien,cloak_wide,43.6,-328,2,0,17,1,1,0","nayedien,shoulder,-26.8,-360.8,-14,0,8,1,1,0","nayedien,shoulder_strap,46.8,-375.2,1,1,9,1,1,0","nayedien,shoulder_inner,95.6,-375.6,8,0,8,1,1,0","nayedien,cloak_up,-83.2,-355.6,-77,0,7,1,1,0","nayedien,cloak_up_back,162,-334.8,69,1,6,1,1,0","nayedien,hair_back,-18.4,-253.6,-15,0,24,1,1,0","nayedien,hair_outer,-145.2,-279.6,-9,0,22,1,1,0","nayedien,hair_inner,60.4,-267.2,-30,0,23,1,1,0",,,,,,,,,,,,,,,,,,,,,,,,,,,,,,,,,,,,,,,,,,,,,"nayedien,spear,113.6,-230,92,1,3,1,1,0",,,,,,,,,,,,,,,,,,,,,,,,,,,,,,,,,,,,,,,,,,,,,play_time_mod_0.2,,
Skill1/6,"nayedien,head,46.4,-464.8,-5,0,7,1,1,0","nayedien,neck,32.4,-406.8,15,0,10,1,1,0","nayedien,body,25.2,-276.4,-1,0,9,1,1,0","nayedien,arm_up,-58.8,-322.4,-24,0,11,1,1,0","nayedien,arm_low,0.4,-268.8,74,0,9,1.1,1.1,0","noble,punch,65.2,-225.2,46,0,2,1,1,0","nayedien,arm_up,111.2,-330.8,42,0,12,1,1,0","nayedien,arm_low,180.8,-272.8,45,1,11,1,1,0","noble,punch,241.6,-234.4,42,1,2,1,1,0","nayedien,leg_up,-47,-158.4,-57.2,1,11,1,1,0","nayedien,leg_low,-81,-74.4,12,1,11,1,1,0","nayedien,foot,-72.8,-9.4,-7,1,14,1,1,0","nayedien,leg_up,88,-154.4,42.7,0,13,1,1,0","nayedien,leg_low,162,-61.4,36.5,0,14,1,1,0","nayedien,foot,197.2,-3.6,20,0,16,1,1,0",,,"nayedien,cloak_below,2.8,-147.2,-33,1,20,1,1,0","nayedien,cloak_wide,43.6,-328,2,0,17,1,1,0","nayedien,shoulder,-26.8,-362.8,-20,0,8,1,1,0","nayedien,shoulder_strap,42.8,-369.2,1,1,9,1,1,0","nayedien,shoulder_inner,95.6,-375.6,8,0,8,1,1,0","nayedien,cloak_up,-85.2,-367.6,-89,0,7,1,1,0","nayedien,cloak_up_back,162,-356.8,90,1,6,1,1,0","nayedien,hair_back,-34.4,-265.6,-24,0,24,1,1,0","nayedien,hair_outer,-161.2,-291.6,-18,0,22,1,1,0","nayedien,hair_inner,44.4,-279.2,-39,0,23,1,1,0",,,,,,,,,,,,,,,,,,,,,,,,,,,,,,,,,,,,,,,,,,,,,"nayedien,spear_stab,282,-216,87,1,3,1.1,1.1,1",,,,,,,,,,,,,,,,,,,,,,,,,,,,,,,,,,,,,,,,,,,,,play_time_mod_0.2,,"pierce,1000,1"
Skill1/7,"nayedien,head,34.4,-476.8,-2,0,7,1,1,0","nayedien,neck,26.4,-418.8,15,0,10,1,1,0","nayedien,body,25.2,-284.4,1,0,9,1,1,0","nayedien,arm_up,-61.6,-326,-54,0,11,1,1,0","nayedien,arm_low,-92,-277.6,-18,0,9,1,1,0","noble,fist,-112,-218,7,0,2,1,1,0","nayedien,arm_up,111.2,-330.8,42,0,12,1,1,0","nayedien,arm_low,136.8,-286.8,9,1,11,1,1,0","noble,fist,152.4,-222.8,6,1,2,1,1,0","nayedien,leg_up,-47,-158.4,-51.2,1,11,1,1,0","nayedien,leg_low,-81,-70.4,9,1,11,1,1,0","nayedien,foot,-72.8,-9.4,-7,1,14,1,1,0","nayedien,leg_up,88,-154.4,38.7,0,13,1,1,0","nayedien,leg_low,152,-61.4,32.5,0,14,1,1,0","nayedien,foot,183.2,-3.6,17,0,16,1,1,0",,,"nayedien,cloak_below,6.8,-139.2,-27,1,20,1,1,0","nayedien,cloak_wide,43.6,-328,2,0,17,1,1,0","nayedien,shoulder,-26.8,-360.8,-14,0,8,1,1,0","nayedien,shoulder_strap,46.8,-375.2,1,1,9,1,1,0","nayedien,shoulder_inner,95.6,-375.6,8,0,8,1,1,0","nayedien,cloak_up,-83.2,-355.6,-77,0,7,1,1,0","nayedien,cloak_up_back,162,-334.8,69,1,6,1,1,0","nayedien,hair_back,-18.4,-253.6,-15,0,24,1,1,0","nayedien,hair_outer,-145.2,-279.6,-9,0,22,1,1,0","nayedien,hair_inner,60.4,-267.2,-30,0,23,1,1,0",,,,,,,,,,,,,,,,,,,,,,,,,,,,,,,,,,,,,,,,,,,,,"nayedien,spear,113.6,-230,92,1,3,1,1,0",,,,,,,,,,,,,,,,,,,,,,,,,,,,,,,,,,,,,,,,,,,,,play_time_mod_0.5,,"pierce,1000,1"
Skill1/8,"nayedien,head,46.4,-464.8,-5,0,7,1,1,0","nayedien,neck,32.4,-406.8,15,0,10,1,1,0","nayedien,body,25.2,-276.4,-1,0,9,1,1,0","nayedien,arm_up,-58.8,-322.4,-24,0,11,1,1,0","nayedien,arm_low,0.4,-268.8,74,0,9,1.1,1.1,0","noble,punch,65.2,-225.2,46,0,2,1,1,0","nayedien,arm_up,111.2,-330.8,42,0,12,1,1,0","nayedien,arm_low,180.8,-272.8,45,1,11,1,1,0","noble,punch,241.6,-234.4,42,1,2,1,1,0","nayedien,leg_up,-47,-158.4,-57.2,1,11,1,1,0","nayedien,leg_low,-81,-74.4,12,1,11,1,1,0","nayedien,foot,-72.8,-9.4,-7,1,14,1,1,0","nayedien,leg_up,88,-154.4,42.7,0,13,1,1,0","nayedien,leg_low,162,-61.4,36.5,0,14,1,1,0","nayedien,foot,197.2,-3.6,20,0,16,1,1,0",,,"nayedien,cloak_below,2.8,-147.2,-33,1,20,1,1,0","nayedien,cloak_wide,43.6,-328,2,0,17,1,1,0","nayedien,shoulder,-26.8,-362.8,-20,0,8,1,1,0","nayedien,shoulder_strap,42.8,-369.2,1,1,9,1,1,0","nayedien,shoulder_inner,95.6,-375.6,8,0,8,1,1,0","nayedien,cloak_up,-85.2,-367.6,-89,0,7,1,1,0","nayedien,cloak_up_back,162,-356.8,90,1,6,1,1,0","nayedien,hair_back,-34.4,-265.6,-24,0,24,1,1,0","nayedien,hair_outer,-161.2,-291.6,-18,0,22,1,1,0","nayedien,hair_inner,44.4,-279.2,-39,0,23,1,1,0",,,,,,,,,,,,,,,,,,,,,,,,,,,,,,,,,,,,,,,,,,,,,"nayedien,spear_stab,292,-228,90,1,3,1.1,1.1,1",,,,,,,,,,,,,,,,,,,,,,,,,,,,,,,,,,,,,,,,,,,,,play_time_mod_1.5,,"pierce,1000,1"
Skill1/9,"nayedien,head,46.4,-464.8,-5,0,7,1,1,0","nayedien,neck,32.4,-406.8,15,0,10,1,1,0","nayedien,body,25.2,-276.4,-1,0,9,1,1,0","nayedien,arm_up,-58.8,-322.4,-24,0,11,1,1,0","nayedien,arm_low,0.4,-268.8,74,0,9,1.1,1.1,0","noble,fist,69.2,-225.2,44,0,2,1,1,0","nayedien,arm_up,105.2,-326.8,58,0,12,1,1,0","nayedien,arm_low,180.8,-272.8,45,1,11,1,1,0","noble,fist,233.6,-232.4,42,1,2,1,1,0","nayedien,leg_up,-47,-158.4,-57.2,1,11,1,1,0","nayedien,leg_low,-81,-74.4,12,1,11,1,1,0","nayedien,foot,-72.8,-9.4,-7,1,14,1,1,0","nayedien,leg_up,88,-154.4,42.7,0,13,1,1,0","nayedien,leg_low,162,-61.4,36.5,0,14,1,1,0","nayedien,foot,197.2,-3.6,20,0,16,1,1,0",,,"nayedien,cloak_below,6.8,-139.2,-27,1,20,1,1,0","nayedien,cloak_wide,27.6,-312,2,0,17,1,1,0","nayedien,shoulder,-26.8,-362.8,-20,0,8,1,1,0","nayedien,shoulder_strap,42.8,-369.2,1,1,9,1,1,0","nayedien,shoulder_inner,95.6,-375.6,8,0,8,1,1,0","nayedien,cloak_up,-85.2,-355.6,-79,0,7,1,1,0","nayedien,cloak_up_back,166,-342.8,79,1,6,1,1,0","nayedien,hair_back,-36.4,-267.6,-26,0,24,1,1,0","nayedien,hair_outer,-163.2,-293.6,-20,0,22,1,1,0","nayedien,hair_inner,42.4,-281.2,-41,0,23,1,1,0",,,,,,,,,,,,,,,,,,,,,,,,,,,,,,,,,,,,,,,,,,,,,"nayedien,spear,264,-228,90,1,3,1,1,0",,,,,,,,,,,,,,,,,,,,,,,,,,,,,,,,,,,,,,,,,,,,,,,
Skill1/10,"nayedien,head,58.4,-470.8,-5,0,7,1,1,0","nayedien,neck,44.4,-412.8,15,0,10,1,1,0","nayedien,body,31.2,-280.4,-4,0,9,1,1,0","nayedien,arm_up,-48.8,-322.4,-21,0,11,1,1,0","nayedien,arm_low,-21.6,-252.8,55,0,9,1,1,0","noble,fist,28,-196,38,0,2,1,1,0","nayedien,arm_up,95.2,-326.8,51,0,12,1,1,0","nayedien,arm_low,158.8,-264.8,37,1,11,1,1,0","noble,open_back,197.6,-210.4,9,1,10,1,1,0","nayedien,leg_up,-27,-166.4,-40.2,1,11,1,1,0","nayedien,leg_low,-67,-70.4,-8,1,11,1,1,0","nayedien,foot,-72.8,-9.4,-7,1,14,1,1,0","nayedien,leg_up,88,-154.4,39.7,0,13,1,1,0","nayedien,leg_low,154,-61.4,32.5,0,14,1,1,0","nayedien,foot,185.2,-3.6,20,0,16,1,1,0",,,"nayedien,cloak_below,16.8,-139.2,-21,1,20,1,1,0","nayedien,cloak_wide,27.6,-312,2,0,17,1,1,0","nayedien,shoulder,-26.8,-362.8,-20,0,8,1,1,0","nayedien,shoulder_strap,50.8,-367.2,-6,1,9,1,1,0","nayedien,shoulder_inner,95.6,-375.6,8,0,8,1,1,0","nayedien,cloak_up,-67.2,-337.6,-45,0,7,1,1,0","nayedien,cloak_up_back,166,-326.8,60,1,6,1,1,0","nayedien,hair_back,-14.4,-265.6,-21,0,24,1,1,0","nayedien,hair_outer,-141.2,-291.6,-15,0,22,1,1,0","nayedien,hair_inner,64.4,-279.2,-36,0,23,1,1,0",,,,,,,,,,,,,,,,,,,,,,,,,,,,,,,,,,,,,,,,,,,,,"nayedien,spear,220,-158,79,1,3,1,1,0",,,,,,,,,,,,,,,,,,,,,,,,,,,,,,,,,,,,,,,,,,,,,play_time_mod_1.5,,
