Name,p1_head,p1_neck,p1_body,p1_r_arm_up,p1_r_arm_low,p1_r_hand,p1_l_arm_up,p1_l_arm_low,p1_l_hand,p1_r_leg_up,p1_r_leg_low,p1_r_foot,p1_l_leg_up,p1_l_leg_low,p1_l_foot,p1_main_weapon,p1_sub_weapon,p1_special_1,p1_special_2,p1_special_3,p1_special_4,p1_special_5,p1_special_6,p1_special_7,p1_special_8,p1_special_9,p1_special_10,p2_head,p2_neck,p2_body,p2_r_arm_up,p2_r_arm_low,p2_r_hand,p2_l_arm_up,p2_l_arm_low,p2_l_hand,p2_r_leg_up,p2_r_leg_low,p2_r_foot,p2_l_leg_up,p2_l_leg_low,p2_l_foot,p2_main_weapon,p2_sub_weapon,p2_special_1,p2_special_2,p2_special_3,p2_special_4,p2_special_5,p2_special_6,p2_special_7,p2_special_8,p2_special_9,p2_special_10,p3_head,p3_neck,p3_body,p3_r_arm_up,p3_r_arm_low,p3_r_hand,p3_l_arm_up,p3_l_arm_low,p3_l_hand,p3_r_leg_up,p3_r_leg_low,p3_r_foot,p3_l_leg_up,p3_l_leg_low,p3_l_foot,p3_main_weapon,p3_sub_weapon,p3_special_1,p3_special_2,p3_special_3,p3_special_4,p3_special_5,p3_special_6,p3_special_7,p3_special_8,p3_special_9,p3_special_10,p4_head,p4_neck,p4_body,p4_r_arm_up,p4_r_arm_low,p4_r_hand,p4_l_arm_up,p4_l_arm_low,p4_l_hand,p4_r_leg_up,p4_r_leg_low,p4_r_foot,p4_l_leg_up,p4_l_leg_low,p4_l_foot,p4_main_weapon,p4_sub_weapon,p4_special_1,p4_special_2,p4_special_3,p4_special_4,p4_special_5,p4_special_6,p4_special_7,p4_special_8,p4_special_9,p4_special_10,effect_1,effect_2,effect_3,effect_4,effect_5,effect_6,effect_7,effect_8,frame_property,animation_property,sound_effect
Damaged/0,"human_knight_cav,head,24,-748,-1,0,6,1,1,0","human_knight_cav,neck,12,-661,-1,0,9,1,1,0","human_knight_cav,body,14,-567,-2.5,0,7,1,1,0","human_knight_cav,arm_up_right,-73,-586,-23,0,3,1,1,0","human_knight_cav,arm_low,-73,-495,57,0,5,1,1,0","human_knight_cav,fist,2,-452,65,0,5,1,1,0","human_knight_cav,arm_up,82,-582,19,1,16,1,1,0","human_knight_cav,arm_low,155,-491,60,1,18,1,1,0","human_knight_cav,fist,220,-456,52,1,18,1,1,0","human_knight_cav,leg_up,-9,-395,32,0,9,1,1,0","human_knight_cav,leg_low,12,-284,-9,0,12,1,1,0","human_knight_cav,foot_cav,23,-202,-11.6,0,13,1,1,0","human_knight_cav,leg_up,79,-437,43.2,0,14,1,1,0","human_knight_cav,leg_low,107,-301,-3.5,0,19,1,1,0","human_knight_cav,foot,116,-217,-3.5,0,23,1,1,0","human_knight_cav,base,211,-772,149.3,1,6,1,0.9,0","human_knight_cav,shield,-67,-540,-12,0,3,1,1,0","human_knight_cav,skirt,19,-460,11,0,9,1,1,0",,,,,,,,,,"horse_knight,head,350,-499,-4,0,0,1,1,0","horse_knight,neck,238,-496,-25,0,15,1,1,0","horse_knight,body,-36,-272,0,0,14,1,1,0",,"horse_knight,arm_low,180,-120,-2,0,16,1,1,0","horse_knight,fist,191,-36,2,0,18,1,1,0",,"horse_knight,arm_low,112,-127,-10,0,18,1,1,0","horse_knight,fist,114,-44,-3,0,22,1.1,1.1,0",,"horse_knight,leg_low,-238,-118,0,0,17,1,1,0","horse_knight,foot,-227,-36,2,0,19,1,1,0",,"horse_knight,leg_low,-143,-132,0,0,18,1,1,0","horse_knight,foot,-129,-43,0,0,19,1,1,0",,,"horse_knight,tail,-286,-138,-10,0,20,1,1,0","horse_knight,seat,-60,-454,25,0,8,1,1,0","horse_knight,seat,63,-462,-15,1,8,1,1,0",,,,,,,,,,,,,,,,,,,,,,,,,,,,,,,,,,,,,,,,,,,,,,,,,,,,,,,,,,,,,,,,,,,,,,,,
Damaged/1,"human_knight_cav,head,10,-751,7,0,6,1,1,0","human_knight_cav,neck,8,-662,0,0,9,1,1,0","human_knight_cav,body,12,-568,-1.5,0,7,1,1,0","human_knight_cav,arm_up_right,-81,-585,-23,0,3,1,1,0","human_knight_cav,arm_low,-74,-494,58,0,5,1,1,0","human_knight_cav,fist,2,-453,66,0,5,1,1,0","human_knight_cav,arm_up,79,-584,20,1,16,1,1,0","human_knight_cav,arm_low,154,-494,61,1,18,1,1,0","human_knight_cav,fist,220,-471,59,1,18,1,1,0","human_knight_cav,leg_up,-8,-396,33,0,9,1,1,0","human_knight_cav,leg_low,15,-285,-8,0,12,1,1,0","human_knight_cav,foot_cav,27,-203,-10.6,0,13,1,1,0","human_knight_cav,leg_up,79,-439,44.2,0,14,1,1,0","human_knight_cav,leg_low,109,-304,-2.5,0,19,1,1,0","human_knight_cav,foot,120,-220,-2.5,0,23,1,1,0","human_knight_cav,base,205,-776,150.3,1,6,1,0.9,0","human_knight_cav,shield,-71,-540,-10,0,3,1,1,0","human_knight_cav,skirt,18,-461,12,0,9,1,1,0",,,,,,,,,,"horse_knight,head,343,-526,9,0,0,1,1,0","horse_knight,neck,231,-499,-23,0,15,1,1,0","horse_knight,body,-36,-272,1,0,14,1,1,0",,"horse_knight,arm_low,185,-120,1,0,16,1,1,0","horse_knight,fist,198,-36,2,0,18,1,1,0",,"horse_knight,arm_low,112,-127,-10,0,18,1,1,0","horse_knight,fist,114,-44,-3,0,22,1.1,1.1,0",,"horse_knight,leg_low,-248,-118,-10,0,17,1,1,0","horse_knight,foot,-252,-36,-8,0,19,1,1,0",,"horse_knight,leg_low,-143,-132,0,0,18,1,1,0","horse_knight,foot,-129,-43,0,0,19,1,1,0",,,"horse_knight,tail,-283,-138,-10,0,20,1,1,0","horse_knight,seat,-60,-454,25,0,8,1,1,0","horse_knight,seat,63,-462,-15,1,8,1,1,0",,,,,,,,,,,,,,,,,,,,,,,,,,,,,,,,,,,,,,,,,,,,,,,,,,,,,,,,,,,,,,,,,,,,,,,,
Damaged/2,"human_knight_cav,head,-26,-752,20,0,6,1,1,0","human_knight_cav,neck,-12,-680,13,0,9,1,1,0","human_knight_cav,body,4,-568,10.5,0,7,1,1,0","human_knight_cav,arm_up_right,-86,-585,-28,0,3,1,1,0","human_knight_cav,arm_low,-79,-484,42,0,5,1,1,0","human_knight_cav,fist,-15,-427,60,0,5,1,1,0","human_knight_cav,arm_up,85,-599,30,1,16,1,1,0","human_knight_cav,arm_low,174,-523,71,1,18,1,1,0","human_knight_cav,fist,220,-461,59,1,18,1,1,0","human_knight_cav,leg_up,-8,-396,33,0,9,1,1,0","human_knight_cav,leg_low,5,-285,-18,0,12,1,1,0","human_knight_cav,foot_cav,-3,-203,-20.6,0,13,1,1,0","human_knight_cav,leg_up,79,-439,44.2,0,14,1,1,0","human_knight_cav,leg_low,109,-304,-2.5,0,19,1,1,0","human_knight_cav,foot,120,-220,-2.5,0,23,1,1,0","human_knight_cav,base,227,-724,143.3,1,6,1,0.9,0","human_knight_cav,shield,-94,-540,-20,0,3,1,1,0","human_knight_cav,skirt,14,-454,8,0,9,1,1,0",,,,,,,,,,"horse_knight,close,331,-549,18,0,0,1,1,0","horse_knight,neck,216,-511,-13,0,15,1,1,0","horse_knight,body,-35,-272,2,0,14,1,1,0",,"horse_knight,arm_low,195,-120,4,0,16,1,1,0","horse_knight,fist,210,-36,2,0,18,1,1,0",,"horse_knight,arm_low,112,-127,-10,0,18,1,1,0","horse_knight,fist,114,-44,-3,0,22,1.1,1.1,0",,"horse_knight,leg_low,-255,-118,-14,0,17,1,1,0","horse_knight,foot,-265,-41,-25,0,19,1,1,0",,"horse_knight,leg_low,-146,-127,-4,0,18,1,1,0","horse_knight,foot,-136,-43,2,0,19,1,1,0",,,"horse_knight,tail,-286,-124,-32,0,20,1,1,0","horse_knight,seat,-60,-454,25,0,8,1,1,0","horse_knight,seat,63,-462,-15,1,8,1,1,0",,,,,,,,,,,,,,,,,,,,,,,,,,,,,,,,,,,,,,,,,,,,,,,,,,,,,,,,,,,,,,,,,,,,,,hold,,
Damaged/3,"human_knight_cav,head,-38,-746,24,0,6,1,1,0","human_knight_cav,neck,0,-662,0,0,9,1,1,0","human_knight_cav,body,4,-568,9.5,0,7,1,1,0","human_knight_cav,arm_up_right,-86,-585,-28,0,3,1,1,0","human_knight_cav,arm_low,-96,-488,36,0,5,1,1,0","human_knight_cav,fist,-39,-425,54,0,5,1,1,0","human_knight_cav,arm_up,80,-601,38,1,16,1,1,0","human_knight_cav,arm_low,169,-526,78,1,18,1,1,0","human_knight_cav,fist,215,-463,61,1,18,1,1,0","human_knight_cav,leg_up,-14,-389,33,0,9,1,1,0","human_knight_cav,leg_low,0,-285,-23,0,12,1,1,0","human_knight_cav,foot_cav,-18,-203,-39.6,0,13,1,1,0","human_knight_cav,leg_up,79,-439,44.2,0,14,1,1,0","human_knight_cav,leg_low,109,-304,-2.5,0,19,1,1,0","human_knight_cav,foot,120,-220,-2.5,0,23,1,1,0","human_knight_cav,base,231,-692,137.3,1,6,1,0.9,0","human_knight_cav,shield,-99,-540,-23,0,3,1,1,0","human_knight_cav,skirt,14,-454,8,0,9,1,1,0",,,,,,,,,,"horse_knight,close,331,-553,23,0,0,1,1,0","horse_knight,neck,213,-511,-12,0,15,1,1,0","horse_knight,body,-35,-272,2,0,14,1,1,0",,"horse_knight,arm_low,197,-120,7,0,16,1,1,0","horse_knight,fist,218,-36,2,0,18,1,1,0",,"horse_knight,arm_low,108,-127,-10,0,18,1,1,0","horse_knight,fist,109,-44,-6,0,22,1.1,1.1,0",,"horse_knight,leg_low,-255,-118,-14,0,17,1,1,0","horse_knight,foot,-265,-41,-25,0,19,1,1,0",,"horse_knight,leg_low,-146,-127,-4,0,18,1,1,0","horse_knight,foot,-136,-43,2,0,19,1,1,0",,,"horse_knight,tail,-292,-121,-38,0,20,1,1,0","horse_knight,seat,-60,-454,25,0,8,1,1,0","horse_knight,seat,63,-462,-15,1,8,1,1,0",,,,,,,,,,,,,,,,,,,,,,,,,,,,,,,,,,,,,,,,,,,,,,,,,,,,,,,,,,,,,,,,,,,,,,,,
Damaged/4,"human_knight_cav,head,-26,-752,20,0,6,1,1,0","human_knight_cav,neck,-12,-680,13,0,9,1,1,0","human_knight_cav,body,4,-568,10.5,0,7,1,1,0","human_knight_cav,arm_up_right,-86,-585,-28,0,3,1,1,0","human_knight_cav,arm_low,-84,-484,38,0,5,1,1,0","human_knight_cav,fist,-25,-423,56,0,5,1,1,0","human_knight_cav,arm_up,85,-599,30,1,16,1,1,0","human_knight_cav,arm_low,174,-523,71,1,18,1,1,0","human_knight_cav,fist,220,-461,59,1,18,1,1,0","human_knight_cav,leg_up,-8,-396,33,0,9,1,1,0","human_knight_cav,leg_low,5,-285,-18,0,12,1,1,0","human_knight_cav,foot_cav,-3,-203,-20.6,0,13,1,1,0","human_knight_cav,leg_up,79,-439,44.2,0,14,1,1,0","human_knight_cav,leg_low,109,-304,-2.5,0,19,1,1,0","human_knight_cav,foot,120,-220,-2.5,0,23,1,1,0","human_knight_cav,base,237,-700,139.3,1,6,1,0.9,0","human_knight_cav,shield,-94,-540,-20,0,3,1,1,0","human_knight_cav,skirt,14,-454,8,0,9,1,1,0",,,,,,,,,,"horse_knight,close,331,-549,18,0,0,1,1,0","horse_knight,neck,216,-511,-13,0,15,1,1,0","horse_knight,body,-35,-272,2,0,14,1,1,0",,"horse_knight,arm_low,195,-120,4,0,16,1,1,0","horse_knight,fist,210,-36,2,0,18,1,1,0",,"horse_knight,arm_low,112,-127,-10,0,18,1,1,0","horse_knight,fist,114,-44,-3,0,22,1.1,1.1,0",,"horse_knight,leg_low,-255,-118,-14,0,17,1,1,0","horse_knight,foot,-265,-41,-25,0,19,1,1,0",,"horse_knight,leg_low,-146,-127,-4,0,18,1,1,0","horse_knight,foot,-136,-43,2,0,19,1,1,0",,,"horse_knight,tail,-286,-124,-32,0,20,1,1,0","horse_knight,seat,-60,-454,25,0,8,1,1,0","horse_knight,seat,63,-462,-15,1,8,1,1,0",,,,,,,,,,,,,,,,,,,,,,,,,,,,,,,,,,,,,,,,,,,,,,,,,,,,,,,,,,,,,,,,,,,,,,,,
Damaged/5,"human_knight_cav,head,10,-751,7,0,6,1,1,0","human_knight_cav,neck,8,-662,0,0,9,1,1,0","human_knight_cav,body,12,-568,-1.5,0,7,1,1,0","human_knight_cav,arm_up_right,-81,-585,-23,0,3,1,1,0","human_knight_cav,arm_low,-74,-494,58,0,5,1,1,0","human_knight_cav,fist,2,-453,66,0,5,1,1,0","human_knight_cav,arm_up,79,-584,20,1,16,1,1,0","human_knight_cav,arm_low,154,-494,61,1,18,1,1,0","human_knight_cav,fist,220,-471,59,1,18,1,1,0","human_knight_cav,leg_up,-8,-396,33,0,9,1,1,0","human_knight_cav,leg_low,15,-285,-8,0,12,1,1,0","human_knight_cav,foot_cav,27,-203,-10.6,0,13,1,1,0","human_knight_cav,leg_up,79,-439,44.2,0,14,1,1,0","human_knight_cav,leg_low,109,-304,-2.5,0,19,1,1,0","human_knight_cav,foot,120,-220,-2.5,0,23,1,1,0","human_knight_cav,base,205,-776,150.3,1,6,1,0.9,0","human_knight_cav,shield,-71,-540,-10,0,3,1,1,0","human_knight_cav,skirt,18,-461,12,0,9,1,1,0",,,,,,,,,,"horse_knight,head,343,-526,9,0,0,1,1,0","horse_knight,neck,231,-499,-23,0,15,1,1,0","horse_knight,body,-36,-272,1,0,14,1,1,0",,"horse_knight,arm_low,185,-120,1,0,16,1,1,0","horse_knight,fist,198,-36,2,0,18,1,1,0",,"horse_knight,arm_low,112,-127,-10,0,18,1,1,0","horse_knight,fist,114,-44,-3,0,22,1.1,1.1,0",,"horse_knight,leg_low,-248,-118,-10,0,17,1,1,0","horse_knight,foot,-252,-36,-8,0,19,1,1,0",,"horse_knight,leg_low,-143,-132,0,0,18,1,1,0","horse_knight,foot,-129,-43,0,0,19,1,1,0",,,"horse_knight,tail,-283,-138,-10,0,20,1,1,0","horse_knight,seat,-60,-454,25,0,8,1,1,0","horse_knight,seat,63,-462,-15,1,8,1,1,0",,,,,,,,,,,,,,,,,,,,,,,,,,,,,,,,,,,,,,,,,,,,,,,,,,,,,,,,,,,,,,,,,,,,,,,,
Default/0,"human_knight_cav,head,22,-777,-1,0,3,1,1,0","human_knight_cav,neck,6,-682,-2,0,6,1,1,0","human_knight_cav,body,5,-586,-0.5,0,4,1,1,0","human_knight_cav,arm_up_right,-81,-634,-69,0,4,1,1,0","human_knight_cav,arm_low,-214,-598,-76,0,6,1,1,0","human_knight_cav,fist,-297,-574,-68,0,5,1,1,0","human_knight_cav,arm_up,108,-639,82,1,13,1,1,0","human_knight_cav,arm_low,233,-626,82,1,15,1,1,0","human_knight_cav,fist,323,-611,77,1,14,1,1,0","human_knight_cav,leg_up,-48,-406,-13,0,8,1,1,0","human_knight_cav,leg_low,-73,-294,-12,0,11,1,1,0","human_knight_cav,foot,-64,-213,-1.6,0,12,1,1,0","human_knight_cav,leg_up,51,-403,9.2,0,14,1,1,0","human_knight_cav,leg_low,61,-289,-1.5,0,19,1,1,0","human_knight_cav,foot,83,-212,4.5,0,23,1,1,0",,,"human_knight_cav,skirt,0,-451,0,0,8,1,1,0",,,,,,,,,,"horse_knight,head,350,-500,-5,0,0,1,1,0","horse_knight,neck,238,-496,-25,0,15,1,1,0","horse_knight,body,-36,-272,0,0,14,1,1,0","horse_knight,arm_up,145,-157,10,0,16,1,1,0","horse_knight,arm_low,180,-120,-2,0,16,1,1,0","horse_knight,fist,191,-36,2,0,18,1,1,0",,"horse_knight,arm_low,112,-127,-10,0,18,1,1,0","horse_knight,fist,114,-44,-3,0,22,1.1,1.1,0",,"horse_knight,leg_low,-238,-118,0,0,17,1,1,0","horse_knight,foot,-227,-36,2,0,19,1,1,0",,"horse_knight,leg_low,-143,-132,0,0,18,1,1,0","horse_knight,foot,-129,-43,0,0,19,1,1,0",,,"horse_knight,tail,-286,-138,-10,0,20,1,1,0","horse_knight,seat,-40,-454,25,0,8,1,1,0","horse_knight,seat,63,-462,-15,1,8,1,1,0",,,,,,,,,,,,,,,,,,,,,,,,,,,,,,,,,,,,,,,,,,,,,,,,,,,,,,,,,,,,,,,,,,,,,,,,
Die/0,"human_knight_cav,head,46,-747,-9,0,6,1,1,0","human_knight_cav,neck,23,-665,-5,0,9,1,1,0","human_knight_cav,body,18,-571,-7.5,0,7,1,1,0","human_knight_cav,arm_up_right,-66,-595,-27,0,3,1,1,0","human_knight_cav,arm_low,-74,-507,53,0,5,1,1,0","human_knight_cav,fist,-2,-456,61,0,5,1,1,0","human_knight_cav,arm_up,88,-582,15,1,16,1,1,0","human_knight_cav,arm_low,154,-487,56,1,18,1,1,0","human_knight_cav,fist,215,-445,48,1,18,1,1,0","human_knight_cav,leg_up,-15,-399,29,0,9,1,1,0","human_knight_cav,leg_low,2,-287,-12,0,12,1,1,0","human_knight_cav,foot_cav,8,-205,-14.6,0,13,1,1,0","human_knight_cav,leg_up,76,-437,40.2,0,14,1,1,0","human_knight_cav,leg_low,98,-299,-6.5,0,19,1,1,0","human_knight_cav,foot,101,-215,-6.5,0,23,1,1,0","human_knight_cav,base,230,-761,145.3,1,6,1,0.9,0","human_knight_cav,shield,-64,-548,-16,0,3,1,1,0","human_knight_cav,skirt,17,-464,7,0,9,1,1,0",,,,,,,,,,"horse_knight,head,350,-485,-9,0,0,1,1,0","horse_knight,neck,238,-485,-31,0,15,1,1,0","horse_knight,body,-36,-272,0,0,14,1,1,0",,"horse_knight,arm_low,180,-120,-2,0,16,1,1,0","horse_knight,fist,191,-36,2,0,18,1,1,0",,"horse_knight,arm_low,112,-127,-20,0,18,1,1,0","horse_knight,fist,94,-44,-23,0,22,1.1,1.1,0",,"horse_knight,leg_low,-259,-115,-10,0,17,1,1,0","horse_knight,foot,-267,-36,-18,0,19,1,1,0",,"horse_knight,leg_low,-153,-132,0,0,18,1,1,0","horse_knight,foot,-159,-43,-20,0,19,1,1,0",,,"horse_knight,tail,-286,-138,-10,0,20,1,1,0","horse_knight,seat,-60,-454,25,0,8,1,1,0","horse_knight,seat,63,-462,-15,1,8,1,1,0",,,,,,,,,,,,,,,,,,,,,,,,,,,,,,,,,,,,,,,,,,,,,,,,,,,,,,,,,,,,,,,,,,,,,,,,
Die/1,"human_knight_cav,head,-24,-735,27,0,6,1,1,0","human_knight_cav,neck,6,-656,21,0,9,1,1,0","human_knight_cav,body,6,-562,8.5,0,7,1,1,0","human_knight_cav,arm_up_right,-96,-548,-21,0,3,1,1,0","human_knight_cav,arm_low,-92,-460,59,0,5,1,1,0","human_knight_cav,fist,-16,-416,67,0,5,1,1,0","human_knight_cav,arm_up,76,-589,21,1,16,1,1,0","human_knight_cav,arm_low,155,-490,52,1,18,1,1,0","human_knight_cav,fist,212,-424,44,1,18,1,1,0","human_knight_cav,leg_up,-19,-394,29,0,9,1,1,0","human_knight_cav,leg_low,-16,-281,-19,0,12,1,1,0","human_knight_cav,foot_cav,-27,-198,-28.6,0,13,1,1,0","human_knight_cav,leg_up,73,-424,36.2,0,14,1,1,0","human_knight_cav,leg_low,86,-286,-10.5,0,19,1,1,0","human_knight_cav,foot,82,-202,-10.5,0,23,1,1,0","human_knight_cav,base,183,-742,151.3,1,6,1,0.9,0","human_knight_cav,shield,-89,-536,10,0,3,1,1,0","human_knight_cav,skirt,17,-455,3,0,9,1,1,0",,,,,,,,,,"horse_knight,head,380,-435,-20,0,0,1,1,0","horse_knight,neck,270,-457,-42,0,15,1,1,0","horse_knight,body,-37,-261,-2,0,14,1,1,0",,"horse_knight,arm_low,175,-117,-3,0,16,1,1,0","horse_knight,fist,176,-33,-19,0,18,1,1,0",,"horse_knight,arm_low,97,-106,-31,0,18,1,1,0","horse_knight,fist,63,-43,-54,0,22,1.1,1.1,0",,"horse_knight,leg_low,-287,-120,-31,0,17,1,1,0","horse_knight,foot,-333,-41,-49,0,19,1,1,0",,"horse_knight,leg_low,-159,-125,-11,0,18,1,1,0","horse_knight,foot,-175,-46,-31,0,19,1,1,0",,,"horse_knight,tail,-300,-133,-21,0,20,1,1,0","horse_knight,seat,-59,-451,24,0,8,1,1,0","horse_knight,seat,64,-456,-16,1,8,1,1,0",,,,,,,,,,,,,,,,,,,,,,,,,,,,,,,,,,,,,,,,,,,,,,,,,,,,,,,,,,,,,,,,,,,,,,hold,,
Die/2,"human_knight_cav,head,-118,-697,47,0,6,1,1,0","human_knight_cav,neck,-56,-638,31,0,9,1,1,0","human_knight_cav,body,-14,-554,18.5,0,7,1,1,0","human_knight_cav,arm_up_right,-98,-540,19,0,3,1,1,0","human_knight_cav,arm_low,-54,-452,69,0,5,1,1,0","human_knight_cav,fist,22,-418,77,0,5,1,1,0","human_knight_cav,arm_up,44,-591,41,1,16,1,1,0","human_knight_cav,arm_low,133,-522,62,1,18,1,1,0","human_knight_cav,fist,210,-486,64,1,18,1,1,0","human_knight_cav,leg_up,-21,-386,29,0,9,1,1,0","human_knight_cav,leg_low,-18,-273,-19,0,12,1,1,0","human_knight_cav,foot_cav,-29,-190,-28.6,0,13,1,1,0","human_knight_cav,leg_up,67,-416,36.2,0,14,1,1,0","human_knight_cav,leg_low,84,-278,-10.5,0,19,1,1,0","human_knight_cav,foot,80,-194,-10.5,0,23,1,1,0","human_knight_cav,base,181,-542,131.3,1,6,1,0.9,0","human_knight_cav,shield,-88,-498,30,0,3,1,1,0","human_knight_cav,skirt,10,-444,10,0,9,1,1,0",,,,,,,,,,"horse_knight,close,381,-413,-22,0,0,1,1,0","horse_knight,neck,271,-441,-46,0,15,1,1,0","horse_knight,body,-39,-253,-3,0,14,1,1,0",,"horse_knight,arm_low,170,-105,-4,0,16,1,1,0","horse_knight,fist,150,-21,-40,0,18,1,1,0",,"horse_knight,arm_low,83,-96,-42,0,18,1,1,0","horse_knight,fist,37,-33,-55,0,22,1.1,1.1,0",,"horse_knight,leg_low,-312,-106,-42,0,17,1,1,0","horse_knight,foot,-369,-48,-60,0,19,1,1,0",,"horse_knight,leg_low,-181,-108,-25,0,18,1,1,0","horse_knight,foot,-211,-41,-42,0,19,1,1,0",,,"horse_knight,tail,-304,-130,-22,0,20,1,1,0","horse_knight,seat,-58,-443,23,0,8,1,1,0","horse_knight,seat,65,-446,-17,1,8,1,1,0",,,,,,,,,,,,,,,,,,,,,,,,,,,,,,,,,,,,,,,,,,,,,,,,,,,,,,,,,,,,,,,,,,,,,,,,
Die/3,"human_knight_cav,head,-146,-655,61,0,6,1,1,0","human_knight_cav,neck,-68,-610,35,0,9,1,1,0","human_knight_cav,body,-25,-527,30.5,0,7,1,1,0","human_knight_cav,arm_up_right,-106,-508,23,0,3,1,1,0","human_knight_cav,arm_low,-74,-424,43,0,5,1,1,0","human_knight_cav,fist,2,-389,71,0,5,1,1,0","human_knight_cav,arm_up,32,-567,45,1,16,1,1,0","human_knight_cav,arm_low,115,-490,44,1,18,1,1,0","human_knight_cav,fist,178,-431,46,1,18,1,1,0","human_knight_cav,leg_up,-17,-362,33,0,9,1,1,0","human_knight_cav,leg_low,-6,-249,-15,0,12,1,1,0","human_knight_cav,foot_cav,-13,-166,-24.6,0,13,1,1,0","human_knight_cav,leg_up,67,-397,40.2,0,14,1,1,0","human_knight_cav,leg_low,96,-262,-6.5,0,19,1,1,0","human_knight_cav,foot,96,-178,-6.5,0,23,1,1,0","human_knight_cav,base,173,-409,125.3,1,6,1,0.9,0","human_knight_cav,shield,-92,-470,34,0,3,1,1,0","human_knight_cav,skirt,10,-421,14,0,9,1,1,0",,,,,,,,,,"horse_knight,close,381,-371,-24,0,0,1,1,0","horse_knight,neck,271,-398,-46,0,15,1,1,0","horse_knight,body,-39,-222,-3,0,14,1,1,0",,"horse_knight,arm_low,160,-74,-24,0,16,1,1,0","horse_knight,fist,120,0,-60,0,18,1,1,0",,"horse_knight,arm_low,54,-59,-42,0,18,1,1,0","horse_knight,fist,7,-12,-75,0,22,1.1,1.1,0",,"horse_knight,leg_low,-323,-80,-42,0,17,1,1,0","horse_knight,foot,-389,-19,-70,0,19,1,1,0",,"horse_knight,leg_low,-211,-60,-55,0,18,1,1,0","horse_knight,foot,-261,-13,-42,0,19,1,1,0",,,"horse_knight,tail,-304,-99,-22,0,20,1,1,0","horse_knight,seat,-58,-412,23,0,8,1,1,0","horse_knight,seat,65,-415,-17,1,8,1,1,0",,,,,,,,,,,,,,,,,,,,,,,,,,,,,,,,,,,,,,,,,,,,,,,,,,,,,,,,,,,,,,,,,,,,,,,,
Die/4,"human_knight_cav,head,-166,-579,75,0,6,1,1,0","human_knight_cav,neck,-88,-550,55,0,9,1,1,0","human_knight_cav,body,-26,-467,40.5,0,7,1,1,0","human_knight_cav,arm_up_right,-106,-448,23,0,3,1,1,0","human_knight_cav,arm_low,-94,-364,33,0,5,1,1,0","human_knight_cav,fist,-38,-279,41,0,5,1,1,0","human_knight_cav,arm_up,21,-517,55,1,16,1,1,0","human_knight_cav,arm_low,105,-444,34,1,18,1,1,0","human_knight_cav,fist,159,-359,26,1,18,1,1,0","human_knight_cav,leg_up,-17,-322,33,0,9,1,1,0","human_knight_cav,leg_low,-6,-209,-15,0,12,1,1,0","human_knight_cav,foot_cav,-13,-126,-24.6,0,13,1,1,0","human_knight_cav,leg_up,67,-357,40.2,0,14,1,1,0","human_knight_cav,leg_low,96,-222,-6.5,0,19,1,1,0","human_knight_cav,foot,96,-138,-6.5,0,23,1,1,0","human_knight_cav,base,173,-269,115.3,1,2,1,0.9,0","human_knight_cav,shield,-92,-430,34,0,3,1,1,0","human_knight_cav,skirt,10,-381,14,0,9,1,1,0",,,,,,,,,,"horse_knight,close,381,-301,-24,0,4,1,1,0","horse_knight,neck,271,-338,-56,0,15,1,1,0","horse_knight,body,-39,-182,-3,0,14,1,1,0",,"horse_knight,arm_low,149,-14,-44,0,16,1,1,0","horse_knight,fist,90,30,-80,0,18,1,1,0",,"horse_knight,arm_low,54,-29,-52,0,18,1,1,0","horse_knight,fist,-23,8,-95,0,22,1.1,1.1,0",,"horse_knight,leg_low,-323,-52,-52,0,17,1,1,0","horse_knight,foot,-389,-9,-90,0,19,1,1,0",,"horse_knight,leg_low,-211,-31,-65,0,18,1,1,0","horse_knight,foot,-271,7,-72,0,19,1,1,0",,,"horse_knight,tail,-304,-59,-22,0,20,1,1,0","horse_knight,seat,-58,-372,23,0,8,1,1,0","horse_knight,seat,65,-375,-17,1,8,1,1,0",,,,,,,,,,,,,,,,,,,,,,,,,,,,,,,,,,,,,,,,,,,,,,,,,,,,,,,,,,,,,,,,,,,,,,,,
Die/5,"human_knight_cav,head,-194,-487,87,0,6,1,1,0","human_knight_cav,neck,-104,-476,57,0,9,1,1,0","human_knight_cav,body,-37,-395,45.5,0,7,1,1,0","human_knight_cav,arm_up_right,-120,-374,25,0,3,1,1,0","human_knight_cav,arm_low,-109,-292,35,0,5,1,1,0","human_knight_cav,fist,-51,-209,43,0,5,1,1,0","human_knight_cav,arm_up,-5,-457,57,1,16,1,1,0","human_knight_cav,arm_low,83,-379,29,1,18,1,1,0","human_knight_cav,fist,131,-295,23,1,18,1,1,0","human_knight_cav,leg_up,-25,-252,35,0,9,1,1,0","human_knight_cav,leg_low,-11,-139,-13,0,12,1,1,0","human_knight_cav,foot_cav,-15,-56,-25.6,0,13,1,1,0","human_knight_cav,leg_up,57,-289,42.2,0,14,1,1,0","human_knight_cav,leg_low,90,-156,-4.5,0,19,1,1,0","human_knight_cav,foot,94,-72,-4.5,0,23,1,1,0","human_knight_cav,base,165,-83,97.3,1,2,1,0.9,0","human_knight_cav,shield,-124,-326,26,0,3,1,1,0","human_knight_cav,skirt,-1,-311,16,0,9,1,1,0",,,,,,,,,,"horse_knight,close,381,-226,-27,0,8,1,1,0","horse_knight,neck,278,-273,-66,0,23,1,1,0","horse_knight,body,-39,-132,-3,0,14,1,1,0",,"horse_knight,arm_low,149,16,-64,0,16,1,1,0","horse_knight,fist,80,40,-110,0,18,1,1,0",,"horse_knight,arm_low,44,11,-62,0,30,1,1,0","horse_knight,fist,-23,38,-95,0,34,1.1,1.1,0",,"horse_knight,leg_low,-323,-12,-62,0,17,1,1,0","horse_knight,foot,-389,13,-90,0,19,1,1,0",,"horse_knight,leg_low,-211,-1,-75,0,18,1,1,0","horse_knight,foot,-281,27,-72,0,19,1,1,0",,,"horse_knight,tail,-304,-9,-22,0,20,1,1,0","horse_knight,seat,-58,-322,23,0,8,1,1,0","horse_knight,seat,65,-325,-17,1,8,1,1,0",,,,,,,,,,,,,,,,,,,,,,,,,,,,,,,,,,,,,,,,,,,,,,,,,,,,,,,,,,,,,,,,,,,,,,,,
Die/6,"human_knight_cav,head,-194,-478,90,0,6,1,1,0","human_knight_cav,neck,-104,-473,60,0,9,1,1,0","human_knight_cav,body,-37,-393,48.5,0,7,1,1,0","human_knight_cav,arm_up_right,-120,-376,23,0,3,1,1,0","human_knight_cav,arm_low,-109,-288,29,0,5,1,1,0","human_knight_cav,fist,-61,-203,37,0,5,1,1,0","human_knight_cav,arm_up,-14,-451,47,1,16,1,1,0","human_knight_cav,arm_low,61,-362,19,1,18,1,1,0","human_knight_cav,fist,97,-269,13,1,18,1,1,0","human_knight_cav,leg_up,-19,-243,32,0,9,1,1,0","human_knight_cav,leg_low,-12,-135,-17,0,12,1,1,0","human_knight_cav,foot_cav,-15,-56,-27.6,0,13,1,1,0","human_knight_cav,leg_up,57,-289,42.2,0,14,1,1,0","human_knight_cav,leg_low,90,-156,-4.5,0,19,1,1,0","human_knight_cav,foot,94,-72,-4.5,0,23,1,1,0","human_knight_cav,base,165,-28,81.3,1,2,1,0.9,0","human_knight_cav,shield,-124,-326,26,0,3,1,1,0","human_knight_cav,skirt,-1,-311,16,0,9,1,1,0",,,,,,,,,,"horse_knight,close,371,-176,-37,0,8,1,1,0","horse_knight,neck,278,-242,-76,0,23,1,1,0","horse_knight,body,-39,-122,-3,0,14,1,1,0",,"horse_knight,arm_low,129,26,-74,0,16,1,1,0","horse_knight,fist,70,40,-120,0,18,1,1,0",,"horse_knight,arm_low,44,1,-82,0,30,1,1,0","horse_knight,fist,-23,8,-95,0,34,1.1,1.1,0",,"horse_knight,leg_low,-323,-12,-72,0,17,1,1,0","horse_knight,foot,-389,12,-90,0,19,1,1,0",,"horse_knight,leg_low,-211,7,-80,0,18,1,1,0","horse_knight,foot,-291,26,-82,0,19,1,1,0",,,"horse_knight,tail,-304,1,-22,0,20,1,1,0","horse_knight,seat,-58,-312,23,0,8,1,1,0","horse_knight,seat,65,-315,-17,1,8,1,1,0",,,,,,,,,,,,,,,,,,,,,,,,,,,,,,,,,,,,,,,,,,,,,,,,,,,,,,,,,,,,,,,,,,,,,,,,
Die/7,"human_knight_cav,head,-194,-457,98,0,6,1,1,0","human_knight_cav,neck,-104,-452,67,0,9,1,1,0","human_knight_cav,body,-44,-383,47.5,0,7,1,1,0","human_knight_cav,arm_up_right,-118,-365,23,0,3,1,1,0","human_knight_cav,arm_low,-108,-279,31,0,5,1,1,0","human_knight_cav,fist,-58,-194,29,0,5,1,1,0","human_knight_cav,arm_up,-15,-436,47,1,16,1,1,0","human_knight_cav,arm_low,50,-340,13,1,18,1,1,0","human_knight_cav,fist,70,-261,10,1,18,1,1,0","human_knight_cav,leg_up,-18,-243,33,0,9,1,1,0","human_knight_cav,leg_low,-13,-135,-16,0,12,1,1,0","human_knight_cav,foot_cav,-15,-56,-27.6,0,13,1,1,0","human_knight_cav,leg_up,57,-289,42.2,0,14,1,1,0","human_knight_cav,leg_low,90,-156,-4.5,0,19,1,1,0","human_knight_cav,foot,94,-72,-4.5,0,23,1,1,0","human_knight_cav,base,165,-7,90.3,1,2,1,0.9,0","human_knight_cav,shield,-118,-315,21,0,3,1,1,0","human_knight_cav,skirt,-1,-311,16,0,9,1,1,0",,,,,,,,,,"horse_knight,close,362,-141,-51,0,8,1,1,0","horse_knight,neck,284,-230,-82,0,23,1,1,0","horse_knight,body,-39,-122,-3,0,14,1,1,0",,"horse_knight,arm_low,129,26,-74,0,16,1,1,0","horse_knight,fist,70,40,-120,0,18,1,1,0",,"horse_knight,arm_low,44,1,-82,0,30,1,1,0","horse_knight,fist,-23,8,-95,0,34,1.1,1.1,0",,"horse_knight,leg_low,-323,-12,-72,0,17,1,1,0","horse_knight,foot,-389,12,-90,0,19,1,1,0",,"horse_knight,leg_low,-211,7,-80,0,18,1,1,0","horse_knight,foot,-291,26,-82,0,19,1,1,0",,,"horse_knight,tail,-304,1,-22,0,20,1,1,0","horse_knight,seat,-58,-316,20,0,8,1,1,0","horse_knight,seat,63,-315,-17,1,8,1,1,0",,,,,,,,,,,,,,,,,,,,,,,,,,,,,,,,,,,,,,,,,,,,,,,,,,,,,,,,,,,,,,,,,,,,,,,,
Idle/0,"human_knight_cav,head,29,-749,-3,0,6,1,1,0","human_knight_cav,neck,14,-661,-2,0,9,1,1,0","human_knight_cav,body,14,-567,-4.5,0,7,1,1,0","human_knight_cav,arm_up_right,-72,-588,-24,0,3,1,1,0","human_knight_cav,arm_low,-74,-497,56,0,5,1,1,0","human_knight_cav,fist,0,-452,64,0,5,1,1,0","human_knight_cav,arm_up,82,-581,18,1,16,1,1,0","human_knight_cav,arm_low,154,-489,59,1,18,1,1,0","human_knight_cav,fist,218,-452,51,1,18,1,1,0","human_knight_cav,leg_up,-9,-395,32,0,9,1,1,0","human_knight_cav,leg_low,12,-284,-9,0,12,1,1,0","human_knight_cav,foot_cav,23,-202,-11.6,0,13,1,1,0","human_knight_cav,leg_up,79,-437,43.2,0,14,1,1,0","human_knight_cav,leg_low,107,-301,-3.5,0,19,1,1,0","human_knight_cav,foot,116,-217,-3.5,0,23,1,1,0","human_knight_cav,base,215,-769,148.3,1,6,1,0.9,0","human_knight_cav,shield,-67,-541,-13,0,3,1,1,0","human_knight_cav,skirt,17,-460,10,0,9,1,1,0",,,,,,,,,,"horse_knight,head,350,-500,-5,0,0,1,1,0","horse_knight,neck,238,-496,-25,0,15,1,1,0","horse_knight,body,-36,-272,0,0,14,1,1,0",,"horse_knight,arm_low,180,-120,-2,0,16,1,1,0","horse_knight,fist,191,-36,2,0,18,1,1,0",,"horse_knight,arm_low,112,-127,-10,0,18,1,1,0","horse_knight,fist,114,-44,-3,0,22,1.1,1.1,0",,"horse_knight,leg_low,-238,-118,0,0,17,1,1,0","horse_knight,foot,-227,-36,2,0,19,1,1,0",,"horse_knight,leg_low,-143,-132,0,0,18,1,1,0","horse_knight,foot,-129,-43,0,0,19,1,1,0",,,"horse_knight,tail,-286,-138,-10,0,20,1,1,0","horse_knight,seat,-60,-454,25,0,8,1,1,0","horse_knight,seat,63,-462,-15,1,8,1,1,0",,,,,,,,,,,,,,,,,,,,,,,,,,,,,,,,,,,,,,,,,,,,,,,,,,,,,,,,,,,,,,,,,,,,,,play_time_mod_2,,
Idle/1,"human_knight_cav,head,31,-749,-5,0,6,1,1,0","human_knight_cav,neck,14,-662,-2,0,9,1,1,0","human_knight_cav,body,14,-568,-4.5,0,7,1,1,0","human_knight_cav,arm_up_right,-72,-589,-24,0,3,1,1,0","human_knight_cav,arm_low,-74,-498,56,0,5,1,1,0","human_knight_cav,fist,0,-453,64,0,5,1,1,0","human_knight_cav,arm_up,82,-582,18,1,16,1,1,0","human_knight_cav,arm_low,154,-490,59,1,18,1,1,0","human_knight_cav,fist,218,-453,51,1,18,1,1,0","human_knight_cav,leg_up,-9,-395,32,0,9,1,1,0","human_knight_cav,leg_low,12,-284,-9,0,12,1,1,0","human_knight_cav,foot_cav,23,-202,-11.6,0,13,1,1,0","human_knight_cav,leg_up,79,-437,43.2,0,14,1,1,0","human_knight_cav,leg_low,107,-301,-3.5,0,19,1,1,0","human_knight_cav,foot,116,-217,-3.5,0,23,1,1,0","human_knight_cav,base,215,-770,148.3,1,6,1,0.9,0","human_knight_cav,shield,-67,-542,-13,0,3,1,1,0","human_knight_cav,skirt,17,-461,10,0,9,1,1,0",,,,,,,,,,"horse_knight,head,350,-499,-6,0,0,1,1,0","horse_knight,neck,238,-496,-25,0,15,1,1,0","horse_knight,body,-36,-272,0,0,14,1,1,0",,"horse_knight,arm_low,180,-120,-2,0,16,1,1,0","horse_knight,fist,191,-36,2,0,18,1,1,0",,"horse_knight,arm_low,112,-127,-10,0,18,1,1,0","horse_knight,fist,114,-44,-3,0,22,1.1,1.1,0",,"horse_knight,leg_low,-238,-118,0,0,17,1,1,0","horse_knight,foot,-227,-36,2,0,19,1,1,0",,"horse_knight,leg_low,-143,-132,0,0,18,1,1,0","horse_knight,foot,-129,-43,0,0,19,1,1,0",,,"horse_knight,tail,-286,-138,-10,0,20,1,1,0","horse_knight,seat,-60,-454,25,0,8,1,1,0","horse_knight,seat,63,-462,-15,1,8,1,1,0",,,,,,,,,,,,,,,,,,,,,,,,,,,,,,,,,,,,,,,,,,,,,,,,,,,,,,,,,,,,,,,,,,,,,,,,
Idle/2,"human_knight_cav,head,34,-746,-5,0,6,1,1,0","human_knight_cav,neck,14,-662,-2,0,9,1,1,0","human_knight_cav,body,14,-567,-6.5,0,7,1,1,0","human_knight_cav,arm_up_right,-72,-586,-24,0,3,1,1,0","human_knight_cav,arm_low,-72,-494,56,0,5,1,1,0","human_knight_cav,fist,3,-451,64,0,5,1,1,0","human_knight_cav,arm_up,82,-579,17,1,16,1,1,0","human_knight_cav,arm_low,154,-488,60,1,18,1,1,0","human_knight_cav,fist,218,-453,52,1,18,1,1,0","human_knight_cav,leg_up,-8,-390,36,0,9,1,1,0","human_knight_cav,leg_low,15,-285,-10,0,12,1,1,0","human_knight_cav,foot_cav,23,-203,-13.6,0,13,1,1,0","human_knight_cav,leg_up,79,-437,43.2,0,14,1,1,0","human_knight_cav,leg_low,107,-301,-3.5,0,19,1,1,0","human_knight_cav,foot,116,-217,-3.5,0,23,1,1,0","human_knight_cav,base,217,-767,148.3,1,6,1,0.9,0","human_knight_cav,shield,-67,-540,-14,0,3,1,1,0","human_knight_cav,skirt,17,-458,8,0,9,1,1,0",,,,,,,,,,"horse_knight,head,350,-494,-6,0,0,1,1,0","horse_knight,neck,240,-494,-26,0,15,1,1,0","horse_knight,body,-36,-272,0,0,14,1,1,0",,"horse_knight,arm_low,180,-120,-2,0,16,1,1,0","horse_knight,fist,191,-36,2,0,18,1,1,0",,"horse_knight,arm_low,112,-127,-10,0,18,1,1,0","horse_knight,fist,114,-44,-3,0,22,1.1,1.1,0",,"horse_knight,leg_low,-238,-118,0,0,17,1,1,0","horse_knight,foot,-227,-36,2,0,19,1,1,0",,"horse_knight,leg_low,-143,-132,0,0,18,1,1,0","horse_knight,foot,-129,-43,0,0,19,1,1,0",,,"horse_knight,tail,-287,-138,-11,0,20,1,1,0","horse_knight,seat,-60,-454,25,0,8,1,1,0","horse_knight,seat,63,-462,-15,1,8,1,1,0",,,,,,,,,,,,,,,,,,,,,,,,,,,,,,,,,,,,,,,,,,,,,,,,,,,,,,,,,,,,,,,,,,,,,,play_time_mod_1.25,,
Idle/3,"human_knight_cav,head,34,-745,-6,0,6,1,1,0","human_knight_cav,neck,14,-662,-2,0,9,1,1,0","human_knight_cav,body,14,-567,-6.5,0,7,1,1,0","human_knight_cav,arm_up_right,-72,-586,-24,0,3,1,1,0","human_knight_cav,arm_low,-72,-492,56,0,5,1,1,0","human_knight_cav,fist,3,-449,64,0,5,1,1,0","human_knight_cav,arm_up,82,-579,17,1,16,1,1,0","human_knight_cav,arm_low,154,-488,60,1,18,1,1,0","human_knight_cav,fist,218,-453,52,1,18,1,1,0","human_knight_cav,leg_up,-6,-386,36,0,9,1,1,0","human_knight_cav,leg_low,16,-283,-10,0,12,1,1,0","human_knight_cav,foot_cav,24,-201,-13.6,0,13,1,1,0","human_knight_cav,leg_up,79,-437,43.2,0,14,1,1,0","human_knight_cav,leg_low,107,-301,-3.5,0,19,1,1,0","human_knight_cav,foot,116,-217,-3.5,0,23,1,1,0","human_knight_cav,base,217,-764,148.3,1,6,1,0.9,0","human_knight_cav,shield,-67,-539,-15,0,3,1,1,0","human_knight_cav,skirt,17,-458,8,0,9,1,1,0",,,,,,,,,,"horse_knight,head,350,-490,-8,0,0,1,1,0","horse_knight,neck,240,-492,-26,0,15,1,1,0","horse_knight,body,-36,-271,0,0,14,1,1,0",,"horse_knight,arm_low,181,-119,-2,0,16,1,1,0","horse_knight,fist,191,-36,3,0,18,1,1,0",,"horse_knight,arm_low,112,-126,-10,0,18,1,1,0","horse_knight,fist,114,-44,-3,0,22,1.1,1.1,0",,"horse_knight,leg_low,-238,-118,0,0,17,1,1,0","horse_knight,foot,-227,-36,2,0,19,1,1,0",,"horse_knight,leg_low,-143,-132,0,0,18,1,1,0","horse_knight,foot,-129,-43,0,0,19,1,1,0",,,"horse_knight,tail,-290,-136,-17,0,20,1,1,0","horse_knight,seat,-60,-452,25,0,8,1,1,0","horse_knight,seat,63,-460,-15,1,8,1,1,0",,,,,,,,,,,,,,,,,,,,,,,,,,,,,,,,,,,,,,,,,,,,,,,,,,,,,,,,,,,,,,,,,,,,,,,,
Idle/4,"human_knight_cav,head,36,-743,-8,0,6,1,1,0","human_knight_cav,neck,14,-662,-2,0,9,1,1,0","human_knight_cav,body,14,-567,-7.5,0,7,1,1,0","human_knight_cav,arm_up_right,-72,-586,-24,0,3,1,1,0","human_knight_cav,arm_low,-72,-490,56,0,5,1,1,0","human_knight_cav,fist,3,-447,64,0,5,1,1,0","human_knight_cav,arm_up,82,-579,16,1,16,1,1,0","human_knight_cav,arm_low,154,-486,60,1,18,1,1,0","human_knight_cav,fist,218,-451,52,1,18,1,1,0","human_knight_cav,leg_up,-6,-383,36,0,9,1,1,0","human_knight_cav,leg_low,11,-285,-13,0,12,1,1,0","human_knight_cav,foot_cav,16,-201,-16.6,0,13,1,1,0","human_knight_cav,leg_up,79,-437,43.2,0,14,1,1,0","human_knight_cav,leg_low,107,-301,-3.5,0,19,1,1,0","human_knight_cav,foot,116,-217,-3.5,0,23,1,1,0","human_knight_cav,base,217,-762,148.3,1,6,1,0.9,0","human_knight_cav,shield,-67,-538,-16,0,3,1,1,0","human_knight_cav,skirt,16,-456,8,0,9,1,1,0",,,,,,,,,,"horse_knight,head,350,-486,-10,0,0,1,1,0","horse_knight,neck,240,-490,-27,0,15,1,1,0","horse_knight,body,-36,-268,0,0,14,1,1,0",,"horse_knight,arm_low,180,-118,1,0,16,1,1,0","horse_knight,fist,191,-36,3,0,18,1,1,0",,"horse_knight,arm_low,112,-123,-10,0,18,1,1,0","horse_knight,fist,114,-42,-1,0,22,1.1,1.1,0",,"horse_knight,leg_low,-238,-118,0,0,17,1,1,0","horse_knight,foot,-227,-36,2,0,19,1,1,0",,"horse_knight,leg_low,-143,-132,0,0,18,1,1,0","horse_knight,foot,-129,-43,0,0,19,1,1,0",,,"horse_knight,tail,-295,-134,-20,0,20,1,1,0","horse_knight,seat,-60,-451,25,0,8,1,1,0","horse_knight,seat,63,-458,-15,1,8,1,1,0",,,,,,,,,,,,,,,,,,,,,,,,,,,,,,,,,,,,,,,,,,,,,,,,,,,,,,,,,,,,,,,,,,,,,,play_time_mod_1.25,,
Idle/5,"human_knight_cav,head,34,-746,-5,0,6,1,1,0","human_knight_cav,neck,14,-662,-2,0,9,1,1,0","human_knight_cav,body,14,-567,-6.5,0,7,1,1,0","human_knight_cav,arm_up_right,-72,-586,-24,0,3,1,1,0","human_knight_cav,arm_low,-72,-494,56,0,5,1,1,0","human_knight_cav,fist,3,-451,64,0,5,1,1,0","human_knight_cav,arm_up,82,-579,17,1,16,1,1,0","human_knight_cav,arm_low,154,-488,60,1,18,1,1,0","human_knight_cav,fist,218,-453,52,1,18,1,1,0","human_knight_cav,leg_up,-8,-390,36,0,9,1,1,0","human_knight_cav,leg_low,15,-285,-10,0,12,1,1,0","human_knight_cav,foot_cav,23,-203,-13.6,0,13,1,1,0","human_knight_cav,leg_up,79,-437,43.2,0,14,1,1,0","human_knight_cav,leg_low,107,-301,-3.5,0,19,1,1,0","human_knight_cav,foot,116,-217,-3.5,0,23,1,1,0","human_knight_cav,base,217,-767,148.3,1,6,1,0.9,0","human_knight_cav,shield,-67,-540,-14,0,3,1,1,0","human_knight_cav,skirt,17,-458,8,0,9,1,1,0",,,,,,,,,,"horse_knight,head,350,-494,-6,0,0,1,1,0","horse_knight,neck,240,-494,-26,0,15,1,1,0","horse_knight,body,-36,-271,0,0,14,1,1,0",,"horse_knight,arm_low,180,-120,0,0,16,1,1,0","horse_knight,fist,191,-36,2,0,18,1,1,0",,"horse_knight,arm_low,112,-127,-10,0,18,1,1,0","horse_knight,fist,114,-44,-3,0,22,1.1,1.1,0",,"horse_knight,leg_low,-238,-118,0,0,17,1,1,0","horse_knight,foot,-227,-36,2,0,19,1,1,0",,"horse_knight,leg_low,-143,-132,0,0,18,1,1,0","horse_knight,foot,-129,-43,0,0,19,1,1,0",,,"horse_knight,tail,-286,-138,-11,0,20,1,1,0","horse_knight,seat,-60,-452,25,0,8,1,1,0","horse_knight,seat,63,-460,-15,1,8,1,1,0",,,,,,,,,,,,,,,,,,,,,,,,,,,,,,,,,,,,,,,,,,,,,,,,,,,,,,,,,,,,,,,,,,,,,,,,
Idle/6,"human_knight_cav,head,31,-749,-5,0,6,1,1,0","human_knight_cav,neck,14,-662,-2,0,9,1,1,0","human_knight_cav,body,14,-568,-4.5,0,7,1,1,0","human_knight_cav,arm_up_right,-72,-589,-24,0,3,1,1,0","human_knight_cav,arm_low,-74,-498,56,0,5,1,1,0","human_knight_cav,fist,0,-453,64,0,5,1,1,0","human_knight_cav,arm_up,82,-582,18,1,16,1,1,0","human_knight_cav,arm_low,154,-490,59,1,18,1,1,0","human_knight_cav,fist,218,-453,51,1,18,1,1,0","human_knight_cav,leg_up,-9,-395,32,0,9,1,1,0","human_knight_cav,leg_low,12,-284,-9,0,12,1,1,0","human_knight_cav,foot_cav,23,-202,-11.6,0,13,1,1,0","human_knight_cav,leg_up,79,-437,43.2,0,14,1,1,0","human_knight_cav,leg_low,107,-301,-3.5,0,19,1,1,0","human_knight_cav,foot,116,-217,-3.5,0,23,1,1,0","human_knight_cav,base,215,-770,148.3,1,6,1,0.9,0","human_knight_cav,shield,-67,-542,-13,0,3,1,1,0","human_knight_cav,skirt,17,-461,10,0,9,1,1,0",,,,,,,,,,"horse_knight,head,350,-499,-6,0,0,1,1,0","horse_knight,neck,238,-496,-25,0,15,1,1,0","horse_knight,body,-36,-272,0,0,14,1,1,0",,"horse_knight,arm_low,180,-120,-2,0,16,1,1,0","horse_knight,fist,191,-36,2,0,18,1,1,0",,"horse_knight,arm_low,112,-127,-10,0,18,1,1,0","horse_knight,fist,114,-44,-3,0,22,1.1,1.1,0",,"horse_knight,leg_low,-238,-118,0,0,17,1,1,0","horse_knight,foot,-227,-36,2,0,19,1,1,0",,"horse_knight,leg_low,-143,-132,0,0,18,1,1,0","horse_knight,foot,-129,-43,0,0,19,1,1,0",,,"horse_knight,tail,-286,-138,-10,0,20,1,1,0","horse_knight,seat,-60,-454,25,0,8,1,1,0","horse_knight,seat,63,-462,-15,1,8,1,1,0",,,,,,,,,,,,,,,,,,,,,,,,,,,,,,,,,,,,,,,,,,,,,,,,,,,,,,,,,,,,,,,,,,,,,,play_time_mod_1.2,,
Knockdown/0,"human_knight_cav,head,46,-747,-9,0,6,1,1,0","human_knight_cav,neck,23,-665,-5,0,9,1,1,0","human_knight_cav,body,18,-571,-7.5,0,7,1,1,0","human_knight_cav,arm_up_right,-66,-595,-27,0,3,1,1,0","human_knight_cav,arm_low,-74,-507,53,0,5,1,1,0","human_knight_cav,fist,-2,-456,61,0,5,1,1,0","human_knight_cav,arm_up,88,-582,15,1,16,1,1,0","human_knight_cav,arm_low,154,-487,56,1,18,1,1,0","human_knight_cav,fist,215,-445,48,1,18,1,1,0","human_knight_cav,leg_up,-15,-399,29,0,9,1,1,0","human_knight_cav,leg_low,2,-287,-12,0,12,1,1,0","human_knight_cav,foot_cav,8,-205,-14.6,0,13,1,1,0","human_knight_cav,leg_up,76,-437,40.2,0,14,1,1,0","human_knight_cav,leg_low,98,-299,-6.5,0,19,1,1,0","human_knight_cav,foot,101,-215,-6.5,0,23,1,1,0","human_knight_cav,base,230,-761,145.3,1,6,1,0.9,0","human_knight_cav,shield,-64,-548,-16,0,3,1,1,0","human_knight_cav,skirt,17,-464,7,0,9,1,1,0",,,,,,,,,,"horse_knight,head,350,-485,-9,0,0,1,1,0","horse_knight,neck,238,-485,-31,0,15,1,1,0","horse_knight,body,-36,-272,0,0,14,1,1,0",,"horse_knight,arm_low,180,-120,-2,0,16,1,1,0","horse_knight,fist,191,-36,2,0,18,1,1,0",,"horse_knight,arm_low,112,-127,-20,0,18,1,1,0","horse_knight,fist,94,-44,-23,0,22,1.1,1.1,0",,"horse_knight,leg_low,-259,-115,-10,0,17,1,1,0","horse_knight,foot,-267,-36,-18,0,19,1,1,0",,"horse_knight,leg_low,-153,-132,0,0,18,1,1,0","horse_knight,foot,-159,-43,-20,0,19,1,1,0",,,"horse_knight,tail,-286,-138,-10,0,20,1,1,0","horse_knight,seat,-60,-454,25,0,8,1,1,0","horse_knight,seat,63,-462,-15,1,8,1,1,0",,,,,,,,,,,,,,,,,,,,,,,,,,,,,,,,,,,,,,,,,,,,,,,,,,,,,,,,,,,,,,,,,,,,,,,play_time_mod_0.5,
Knockdown/1,"human_knight_cav,head,66,-735,-13,0,6,1,1,0","human_knight_cav,neck,36,-656,-9,0,9,1,1,0","human_knight_cav,body,26,-562,-11.5,0,7,1,1,0","human_knight_cav,arm_up_right,-58,-594,-31,0,3,1,1,0","human_knight_cav,arm_low,-70,-506,49,0,5,1,1,0","human_knight_cav,fist,-2,-450,57,0,5,1,1,0","human_knight_cav,arm_up,96,-569,11,1,16,1,1,0","human_knight_cav,arm_low,155,-470,52,1,18,1,1,0","human_knight_cav,fist,212,-424,44,1,18,1,1,0","human_knight_cav,leg_up,-19,-394,25,0,9,1,1,0","human_knight_cav,leg_low,-10,-281,-16,0,12,1,1,0","human_knight_cav,foot_cav,-11,-198,-18.6,0,13,1,1,0","human_knight_cav,leg_up,73,-424,36.2,0,14,1,1,0","human_knight_cav,leg_low,86,-286,-10.5,0,19,1,1,0","human_knight_cav,foot,82,-202,-10.5,0,23,1,1,0","human_knight_cav,base,250,-736,141.3,1,6,1,0.9,0","human_knight_cav,shield,-59,-546,-20,0,3,1,1,0","human_knight_cav,skirt,17,-455,3,0,9,1,1,0",,,,,,,,,,"horse_knight,head,380,-435,-20,0,0,1,1,0","horse_knight,neck,270,-457,-42,0,15,1,1,0","horse_knight,body,-37,-261,-2,0,14,1,1,0",,"horse_knight,arm_low,175,-117,-3,0,16,1,1,0","horse_knight,fist,176,-33,-19,0,18,1,1,0",,"horse_knight,arm_low,97,-106,-31,0,18,1,1,0","horse_knight,fist,63,-43,-54,0,22,1.1,1.1,0",,"horse_knight,leg_low,-287,-120,-31,0,17,1,1,0","horse_knight,foot,-333,-41,-49,0,19,1,1,0",,"horse_knight,leg_low,-159,-125,-11,0,18,1,1,0","horse_knight,foot,-175,-46,-31,0,19,1,1,0",,,"horse_knight,tail,-300,-133,-21,0,20,1,1,0","horse_knight,seat,-59,-451,24,0,8,1,1,0","horse_knight,seat,64,-456,-16,1,8,1,1,0",,,,,,,,,,,,,,,,,,,,,,,,,,,,,,,,,,,,,,,,,,,,,,,,,,,,,,,,,,,,,,,,,,,,,,,play_time_mod_0.5,
Knockdown/2,"human_knight_cav,head,72,-725,-14,0,6,1,1,0","human_knight_cav,neck,41,-647,-10,0,9,1,1,0","human_knight_cav,body,29,-553,-12.5,0,7,1,1,0","human_knight_cav,arm_up_right,-54,-586,-32,0,3,1,1,0","human_knight_cav,arm_low,-77,-474,38,0,5,1,1,0","human_knight_cav,fist,-21,-406,46,0,5,1,1,0","human_knight_cav,arm_up,99,-559,10,1,16,1,1,0","human_knight_cav,arm_low,156,-459,51,1,18,1,1,0","human_knight_cav,fist,213,-412,43,1,18,1,1,0","human_knight_cav,leg_up,-19,-386,24,0,9,1,1,0","human_knight_cav,leg_low,-12,-273,-17,0,12,1,1,0","human_knight_cav,foot_cav,-14,-190,-19.6,0,13,1,1,0","human_knight_cav,leg_up,74,-414,35.2,0,14,1,1,0","human_knight_cav,leg_low,84,-276,-11.5,0,19,1,1,0","human_knight_cav,foot,79,-192,-11.5,0,23,1,1,0","human_knight_cav,base,281,-639,130.3,1,6,1,0.9,0","human_knight_cav,shield,-60,-538,-22,0,3,1,1,0","human_knight_cav,skirt,18,-446,2,0,9,1,1,0",,,,,,,,,,"horse_knight,close,381,-413,-22,0,0,1,1,0","horse_knight,neck,271,-441,-46,0,15,1,1,0","horse_knight,body,-39,-253,-3,0,14,1,1,0",,"horse_knight,arm_low,170,-105,-4,0,16,1,1,0","horse_knight,fist,150,-21,-40,0,18,1,1,0",,"horse_knight,arm_low,83,-96,-42,0,18,1,1,0","horse_knight,fist,37,-33,-55,0,22,1.1,1.1,0",,"horse_knight,leg_low,-312,-106,-42,0,17,1,1,0","horse_knight,foot,-369,-48,-60,0,19,1,1,0",,"horse_knight,leg_low,-181,-108,-25,0,18,1,1,0","horse_knight,foot,-211,-41,-42,0,19,1,1,0",,,"horse_knight,tail,-304,-130,-22,0,20,1,1,0","horse_knight,seat,-58,-443,23,0,8,1,1,0","horse_knight,seat,65,-446,-17,1,8,1,1,0",,,,,,,,,,,,,,,,,,,,,,,,,,,,,,,,,,,,,,,,,,,,,,,,,,,,,,,,,,,,,,,,,,,,,,hold,play_time_mod_0.5,
Knockdown/3,"human_knight_cav,head,100,-684,-24,0,6,1,1,0","human_knight_cav,neck,41,-616,-10,0,9,1,1,0","human_knight_cav,body,40,-520,-20.5,0,7,1,1,0","human_knight_cav,arm_up_right,-54,-555,-32,0,3,1,1,0","human_knight_cav,arm_low,-87,-443,38,0,5,1,1,0","human_knight_cav,fist,-31,-365,36,0,5,1,1,0","human_knight_cav,arm_up,121,-508,10,1,16,1,1,0","human_knight_cav,arm_low,156,-428,51,1,18,1,1,0","human_knight_cav,fist,213,-381,43,1,18,1,1,0","human_knight_cav,leg_up,-19,-355,24,0,9,1,1,0","human_knight_cav,leg_low,-12,-242,-17,0,12,1,1,0","human_knight_cav,foot_cav,-14,-159,-19.6,0,13,1,1,0","human_knight_cav,leg_up,74,-383,35.2,0,14,1,1,0","human_knight_cav,leg_low,84,-245,-11.5,0,19,1,1,0","human_knight_cav,foot,79,-161,-11.5,0,23,1,1,0","human_knight_cav,base,300,-538,120.3,1,6,1,0.9,0","human_knight_cav,shield,-64,-517,-32,0,3,1,1,0","human_knight_cav,skirt,18,-415,2,0,9,1,1,0",,,,,,,,,,"horse_knight,close,381,-371,-24,0,0,1,1,0","horse_knight,neck,271,-398,-46,0,15,1,1,0","horse_knight,body,-39,-222,-3,0,14,1,1,0",,"horse_knight,arm_low,160,-74,-24,0,16,1,1,0","horse_knight,fist,120,0,-60,0,18,1,1,0",,"horse_knight,arm_low,54,-59,-42,0,18,1,1,0","horse_knight,fist,7,-12,-75,0,22,1.1,1.1,0",,"horse_knight,leg_low,-323,-80,-42,0,17,1,1,0","horse_knight,foot,-389,-19,-70,0,19,1,1,0",,"horse_knight,leg_low,-211,-60,-55,0,18,1,1,0","horse_knight,foot,-261,-13,-42,0,19,1,1,0",,,"horse_knight,tail,-304,-99,-22,0,20,1,1,0","horse_knight,seat,-58,-412,23,0,8,1,1,0","horse_knight,seat,65,-415,-17,1,8,1,1,0",,,,,,,,,,,,,,,,,,,,,,,,,,,,,,,,,,,,,,,,,,,,,,,,,,,,,,,,,,,,,,,,,,,,,,,play_time_mod_0.5,
Knockdown/4,"human_knight_cav,head,100,-644,-24,0,6,1,1,0","human_knight_cav,neck,41,-576,-10,0,9,1,1,0","human_knight_cav,body,40,-480,-20.5,0,7,1,1,0","human_knight_cav,arm_up_right,-54,-515,-32,0,3,1,1,0","human_knight_cav,arm_low,-87,-403,38,0,5,1,1,0","human_knight_cav,fist,-31,-325,36,0,5,1,1,0","human_knight_cav,arm_up,121,-468,10,1,16,1,1,0","human_knight_cav,arm_low,156,-388,51,1,18,1,1,0","human_knight_cav,fist,213,-341,43,1,18,1,1,0","human_knight_cav,leg_up,-19,-315,24,0,9,1,1,0","human_knight_cav,leg_low,-12,-202,-17,0,12,1,1,0","human_knight_cav,foot_cav,-14,-119,-19.6,0,13,1,1,0","human_knight_cav,leg_up,74,-343,35.2,0,14,1,1,0","human_knight_cav,leg_low,84,-205,-11.5,0,19,1,1,0","human_knight_cav,foot,79,-121,-11.5,0,23,1,1,0","human_knight_cav,base,315,-481,115.3,1,6,1,0.9,0","human_knight_cav,shield,-64,-477,-32,0,3,1,1,0","human_knight_cav,skirt,18,-375,2,0,9,1,1,0",,,,,,,,,,"horse_knight,close,381,-301,-24,0,0,1,1,0","horse_knight,neck,271,-338,-56,0,15,1,1,0","horse_knight,body,-39,-182,-3,0,14,1,1,0",,"horse_knight,arm_low,149,-14,-44,0,16,1,1,0","horse_knight,fist,90,30,-80,0,18,1,1,0",,"horse_knight,arm_low,54,-29,-52,0,18,1,1,0","horse_knight,fist,-23,8,-95,0,22,1.1,1.1,0",,"horse_knight,leg_low,-323,-52,-52,0,17,1,1,0","horse_knight,foot,-389,-9,-90,0,19,1,1,0",,"horse_knight,leg_low,-211,-31,-65,0,18,1,1,0","horse_knight,foot,-271,7,-72,0,19,1,1,0",,,"horse_knight,tail,-304,-59,-22,0,20,1,1,0","horse_knight,seat,-58,-372,23,0,8,1,1,0","horse_knight,seat,65,-375,-17,1,8,1,1,0",,,,,,,,,,,,,,,,,,,,,,,,,,,,,,,,,,,,,,,,,,,,,,,,,,,,,,,,,,,,,,,,,,,,,,,play_time_mod_0.5,
Knockdown/5,"human_knight_cav,head,134,-564,-44,0,6,1,1,0","human_knight_cav,neck,61,-516,-30,0,9,1,1,0","human_knight_cav,body,34,-420,-30.5,0,7,1,1,0","human_knight_cav,arm_up_right,-35,-460,-42,0,3,1,1,0","human_knight_cav,arm_low,-87,-356,28,0,5,1,1,0","human_knight_cav,fist,-45,-269,26,0,5,1,1,0","human_knight_cav,arm_up,121,-418,10,1,22,1,1,0","human_knight_cav,arm_low,156,-338,51,1,24,1,1,0","human_knight_cav,fist,213,-291,43,1,24,1,1,0","human_knight_cav,leg_up,-19,-265,24,0,9,1,1,0","human_knight_cav,leg_low,-12,-152,-17,0,12,1,1,0","human_knight_cav,foot_cav,-14,-69,-19.6,0,13,1,1,0","human_knight_cav,leg_up,74,-293,35.2,0,14,1,1,0","human_knight_cav,leg_low,84,-155,-11.5,0,19,1,1,0","human_knight_cav,foot,79,-71,-11.5,0,23,1,1,0","human_knight_cav,base,337,-316,100.3,1,6,1,0.9,0","human_knight_cav,shield,-64,-427,-32,0,3,1,1,0","human_knight_cav,skirt,18,-325,2,0,9,1,1,0",,,,,,,,,,"horse_knight,close,381,-226,-27,0,8,1,1,0","horse_knight,neck,278,-273,-66,0,23,1,1,0","horse_knight,body,-39,-132,-3,0,14,1,1,0",,"horse_knight,arm_low,149,16,-64,0,16,1,1,0","horse_knight,fist,80,40,-110,0,18,1,1,0",,"horse_knight,arm_low,44,11,-62,0,30,1,1,0","horse_knight,fist,-23,38,-95,0,34,1.1,1.1,0",,"horse_knight,leg_low,-323,-12,-62,0,17,1,1,0","horse_knight,foot,-389,13,-90,0,19,1,1,0",,"horse_knight,leg_low,-211,-1,-75,0,18,1,1,0","horse_knight,foot,-281,27,-72,0,19,1,1,0",,,"horse_knight,tail,-304,-9,-22,0,20,1,1,0","horse_knight,seat,-58,-322,23,0,8,1,1,0","horse_knight,seat,65,-325,-17,1,8,1,1,0",,,,,,,,,,,,,,,,,,,,,,,,,,,,,,,,,,,,,,,,,,,,,,,,,,,,,,,,,,,,,,,,,,,,,,,play_time_mod_0.5,
Knockdown/6,"human_knight_cav,head,134,-548,-47,0,6,1,1,0","human_knight_cav,neck,61,-506,-30,0,9,1,1,0","human_knight_cav,body,34,-410,-30.5,0,7,1,1,0","human_knight_cav,arm_up_right,-35,-450,-42,0,3,1,1,0","human_knight_cav,arm_low,-97,-306,-2,0,5,1,1,0","human_knight_cav,fist,-105,-219,-4,0,5,1,1,0","human_knight_cav,arm_up,121,-408,10,1,22,1,1,0","human_knight_cav,arm_low,156,-318,31,1,24,1,1,0","human_knight_cav,fist,193,-261,43,1,24,1,1,0","human_knight_cav,leg_up,-19,-255,24,0,9,1,1,0","human_knight_cav,leg_low,-12,-142,-17,0,12,1,1,0","human_knight_cav,foot_cav,-14,-59,-19.6,0,13,1,1,0","human_knight_cav,leg_up,74,-283,35.2,0,14,1,1,0","human_knight_cav,leg_low,84,-145,-11.5,0,19,1,1,0","human_knight_cav,foot,79,-61,-11.5,0,23,1,1,0","human_knight_cav,base,273,-148,84.3,1,6,1,0.9,0","human_knight_cav,shield,-66,-417,-35,0,3,1,1,0","human_knight_cav,skirt,18,-315,2,0,9,1,1,0",,,,,,,,,,"horse_knight,close,381,-216,-27,0,8,1,1,0","horse_knight,neck,278,-263,-66,0,23,1,1,0","horse_knight,body,-39,-122,-3,0,14,1,1,0",,"horse_knight,arm_low,129,26,-74,0,16,1,1,0","horse_knight,fist,70,40,-120,0,18,1,1,0",,"horse_knight,arm_low,44,1,-82,0,30,1,1,0","horse_knight,fist,-23,8,-95,0,34,1.1,1.1,0",,"horse_knight,leg_low,-323,-12,-72,0,17,1,1,0","horse_knight,foot,-389,12,-90,0,19,1,1,0",,"horse_knight,leg_low,-211,7,-80,0,18,1,1,0","horse_knight,foot,-291,26,-82,0,19,1,1,0",,,"horse_knight,tail,-304,1,-22,0,20,1,1,0","horse_knight,seat,-58,-312,23,0,8,1,1,0","horse_knight,seat,65,-315,-17,1,8,1,1,0",,,,,,,,,,,,,,,,,,,,,,,,,,,,,,,,,,,,,,,,,,,,,,,,,,,,,,,,,,,,,,,,,,,,,,,play_time_mod_0.5,
Knockdown/7,"human_knight_cav,head,134,-543,-49,0,6,1,1,0","human_knight_cav,neck,61,-506,-30,0,9,1,1,0","human_knight_cav,body,38,-410,-31.5,0,7,1,1,0","human_knight_cav,arm_up_right,-35,-450,-42,0,3,1,1,0","human_knight_cav,arm_low,-101,-310,-8,0,5,1,1,0","human_knight_cav,fist,-121,-223,-10,0,5,1,1,0","human_knight_cav,arm_up,121,-406,8,1,22,1,1,0","human_knight_cav,arm_low,154,-315,28,1,24,1,1,0","human_knight_cav,fist,193,-261,43,1,24,1,1,0","human_knight_cav,leg_up,-19,-255,24,0,9,1,1,0","human_knight_cav,leg_low,-12,-142,-17,0,12,1,1,0","human_knight_cav,foot_cav,-14,-59,-19.6,0,13,1,1,0","human_knight_cav,leg_up,74,-283,35.2,0,14,1,1,0","human_knight_cav,leg_low,84,-145,-11.5,0,19,1,1,0","human_knight_cav,foot,79,-61,-11.5,0,23,1,1,0","human_knight_cav,base,253,-114,76.3,1,6,1,0.9,0","human_knight_cav,shield,-66,-417,-38,0,3,1,1,0","human_knight_cav,skirt,18,-315,2,0,9,1,1,0",,,,,,,,,,"horse_knight,close,381,-216,-27,0,8,1,1,0","horse_knight,neck,278,-263,-66,0,23,1,1,0","horse_knight,body,-39,-122,-3,0,14,1,1,0",,"horse_knight,arm_low,129,26,-74,0,16,1,1,0","horse_knight,fist,70,40,-120,0,18,1,1,0",,"horse_knight,arm_low,44,1,-82,0,30,1,1,0","horse_knight,fist,-23,8,-95,0,34,1.1,1.1,0",,"horse_knight,leg_low,-323,-12,-72,0,17,1,1,0","horse_knight,foot,-389,12,-90,0,19,1,1,0",,"horse_knight,leg_low,-211,7,-80,0,18,1,1,0","horse_knight,foot,-291,26,-82,0,19,1,1,0",,,"horse_knight,tail,-304,1,-22,0,20,1,1,0","horse_knight,seat,-58,-316,20,0,8,1,1,0","horse_knight,seat,66,-315,-25,1,8,1,1,0",,,,,,,,,,,,,,,,,,,,,,,,,,,,,,,,,,,,,,,,,,,,,,,,,,,,,,,,,,,,,,,,,,,,,,,play_time_mod_0.5,
Run/0,"human_knight_cav,head,36,-745,-8,0,6,1,1,0","human_knight_cav,neck,14,-664,-2,0,9,1,1,0","human_knight_cav,body,14,-569,-7.5,0,7,1,1,0","human_knight_cav,arm_up_right,-72,-588,-24,0,3,1,1,0","human_knight_cav,arm_low,-72,-492,56,0,5,1,1,0","human_knight_cav,fist,3,-449,64,0,5,1,1,0","human_knight_cav,arm_up,82,-581,16,1,16,1,1,0","human_knight_cav,arm_low,154,-488,60,1,18,1,1,0","human_knight_cav,fist,218,-453,52,1,18,1,1,0","human_knight_cav,leg_up,-6,-385,36,0,9,1,1,0","human_knight_cav,leg_low,11,-287,-13,0,12,1,1,0","human_knight_cav,foot_cav,16,-203,-16.6,0,13,1,1,0","human_knight_cav,leg_up,79,-439,43.2,0,14,1,1,0","human_knight_cav,leg_low,107,-303,-3.5,0,19,1,1,0","human_knight_cav,foot,116,-219,-3.5,0,23,1,1,0","human_knight_cav,base,217,-764,148.3,1,6,1,0.9,0","human_knight_cav,shield,-67,-540,-16,0,3,1,1,0","human_knight_cav,skirt,16,-458,8,0,9,1,1,0",,,,,,,,,,"horse_knight,head,350,-511,11,0,0,1,1,0","horse_knight,neck,240,-492,-27,0,15,1,1,0","horse_knight,body_move,-36,-270,0,0,14,1,1,0","horse_knight,arm_up,244,-246,70,0,16,1,1,0","horse_knight,arm_low,269,-184,-3,0,17,1,1,0","horse_knight,fist,253,-115,-63,0,18,1,1,0","horse_knight,arm_up,161,-236,-10,0,16,1,1,0","horse_knight,arm_low,155,-121,0,0,18,1,1,0","horse_knight,fist,171,-42,9,0,22,1.1,1.1,0",,"horse_knight,leg_low,-246,-111,-18,0,17,1,1,0","horse_knight,foot,-248,-38,3,0,19,1,1,0",,"horse_knight,leg_low,-233,-134,-20,0,18,1,1,0","horse_knight,foot,-309,-68,-84,0,21,1,1,0",,,"horse_knight,tail,-333,-156,-32,0,20,1,1,0","horse_knight,seat,-60,-453,25,0,8,1,1,0","horse_knight,seat,63,-460,-15,1,8,1,1,0",,,,,,,,,,,,,,,,,,,,,,,,,,,,,,,,,,,,,,,,,,,,,,,,,,,,,,,,,,,,,,,,,,,,,,,play_time_mod_0.8,
Run/1,"human_knight_cav,head,34,-753,-3,0,6,1,1,0","human_knight_cav,neck,14,-672,-2,0,9,1,1,0","human_knight_cav,body,14,-577,-7.5,0,7,1,1,0","human_knight_cav,arm_up_right,-72,-596,-24,0,3,1,1,0","human_knight_cav,arm_low,-68,-496,58,0,5,1,1,0","human_knight_cav,fist,9,-456,66,0,5,1,1,0","human_knight_cav,arm_up,82,-589,16,1,16,1,1,0","human_knight_cav,arm_low,154,-496,60,1,18,1,1,0","human_knight_cav,fist,218,-461,50,1,18,1,1,0","human_knight_cav,leg_up,-6,-393,36,0,9,1,1,0","human_knight_cav,leg_low,11,-295,-13,0,12,1,1,0","human_knight_cav,foot_cav,16,-211,-16.6,0,13,1,1,0","human_knight_cav,leg_up,79,-447,43.2,0,14,1,1,0","human_knight_cav,leg_low,107,-311,-3.5,0,19,1,1,0","human_knight_cav,foot,116,-227,-3.5,0,23,1,1,0","human_knight_cav,base,211,-777,150.3,1,6,1,0.9,0","human_knight_cav,shield,-67,-548,-16,0,3,1,1,0","human_knight_cav,skirt,16,-466,8,0,9,1,1,0",,,,,,,,,,"horse_knight,head,350,-519,10,0,0,1,1,0","horse_knight,neck,240,-500,-27,0,15,1,1,0","horse_knight,body_move2,-36,-278,0,0,14,1,1,0","horse_knight,arm_up,252,-238,63,0,18,1,1,0","horse_knight,arm_low,304,-175,23,0,17,1,1,0","horse_knight,fist,324,-95,-27,0,18,1,1,0","horse_knight,arm_up,138,-223,-20,0,16,1,1,0","horse_knight,arm_low,112,-111,-10,0,18,1,1,0","horse_knight,fist,114,-30,-1,0,22,1.1,1.1,0",,"horse_knight,leg_low,-307,-161,-58,0,17,1,1,0","horse_knight,foot,-382,-132,-110,0,19,1,1,0",,"horse_knight,leg_low,-283,-131,-27,0,18,1,1,0","horse_knight,foot,-319,-46,-34,0,19,1,1,0",,,"horse_knight,tail,-341,-160,-32,0,20,1,1,0","horse_knight,seat,-60,-461,25,0,8,1,1,0","horse_knight,seat,63,-468,-15,1,8,1,1,0",,,,,,,,,,,,,,,,,,,,,,,,,,,,,,,,,,,,,,,,,,,,,,,,,,,,,,,,,,,,,,,,,,,,,,,play_time_mod_0.8,"horse_gallop,2000,0"
Run/2,"human_knight_cav,head,30,-758,0,0,6,1,1,0","human_knight_cav,neck,14,-677,-2,0,9,1,1,0","human_knight_cav,body,14,-582,-7.5,0,7,1,1,0","human_knight_cav,arm_up_right,-72,-601,-24,0,3,1,1,0","human_knight_cav,arm_low,-66,-501,59,0,5,1,1,0","human_knight_cav,fist,12,-462,67,0,5,1,1,0","human_knight_cav,arm_up,82,-594,16,1,16,1,1,0","human_knight_cav,arm_low,154,-501,60,1,18,1,1,0","human_knight_cav,fist,219,-467,51,1,18,1,1,0","human_knight_cav,leg_up,-6,-398,36,0,9,1,1,0","human_knight_cav,leg_low,11,-300,-13,0,12,1,1,0","human_knight_cav,foot_cav,16,-216,-16.6,0,13,1,1,0","human_knight_cav,leg_up,79,-452,43.2,0,14,1,1,0","human_knight_cav,leg_low,107,-316,-3.5,0,19,1,1,0","human_knight_cav,foot,116,-232,-3.5,0,23,1,1,0","human_knight_cav,base,208,-786,151.3,1,6,1,0.9,0","human_knight_cav,shield,-67,-553,-14,0,3,1,1,0","human_knight_cav,skirt,16,-471,8,0,9,1,1,0",,,,,,,,,,"horse_knight,head,358,-522,10,0,0,1,1,0","horse_knight,neck,246,-503,-28,0,15,1,1,0","horse_knight,body_move,-35,-283,-1,0,14,1,1,0","horse_knight,arm_up,251,-222,38,0,18,1.1,1,0","horse_knight,arm_low,291,-130,17,0,17,1,1,0","horse_knight,fist,316,-51,-7,0,18,1,1,0","horse_knight,arm_up,138,-228,-20,0,16,1,1,0","horse_knight,arm_low,72,-116,-20,0,18,1,1,0","horse_knight,fist,54,-35,-11,0,22,1.1,1.1,0",,"horse_knight,leg_low,-308,-171,-68,0,17,1,1,0","horse_knight,foot,-325,-117,-97,0,19,1,1,0",,"horse_knight,leg_low,-279,-165,-30,0,18,1,1,0","horse_knight,foot,-379,-151,-114,0,19,1,1,0",,,"horse_knight,tail,-341,-188,-53,0,20,1,1,0","horse_knight,seat,-60,-466,25,0,8,1,1,0","horse_knight,seat,63,-473,-15,1,8,1,1,0",,,,,,,,,,,,,,,,,,,,,,,,,,,,,,,,,,,,,,,,,,,,,,,,,,,,,,,,,,,,,,,,,,,,,,,play_time_mod_0.8,
Run/3,"human_knight_cav,head,26,-764,1,0,6,1,1,0","human_knight_cav,neck,11,-680,-1,0,9,1,1,0","human_knight_cav,body,13,-585,-6.5,0,7,1,1,0","human_knight_cav,arm_up_right,-75,-597,-19,0,3,1,1,0","human_knight_cav,arm_low,-68,-502,59,0,5,1,1,0","human_knight_cav,fist,10,-463,67,0,5,1,1,0","human_knight_cav,arm_up,80,-598,17,1,16,1,1,0","human_knight_cav,arm_low,154,-506,61,1,18,1,1,0","human_knight_cav,fist,219,-473,53,1,18,1,1,0","human_knight_cav,leg_up,-4,-401,37,0,9,1,1,0","human_knight_cav,leg_low,14,-303,-12,0,12,1,1,0","human_knight_cav,foot_cav,21,-219,-15.6,0,13,1,1,0","human_knight_cav,leg_up,80,-456,44.2,0,14,1,1,0","human_knight_cav,leg_low,110,-321,-2.5,0,19,1,1,0","human_knight_cav,foot,121,-237,-2.5,0,23,1,1,0","human_knight_cav,base,206,-787,151.3,1,6,1,0.9,0","human_knight_cav,shield,-68,-555,-12,0,3,1,1,0","human_knight_cav,skirt,16,-474,9,0,9,1,1,0",,,,,,,,,,"horse_knight,head,348,-527,11,0,0,1,1,0","horse_knight,neck,240,-507,-27,0,15,1,1,0","horse_knight,body_move2,-36,-287,0,0,14,1,1,0","horse_knight,arm_up,207,-228,8,0,16,1,1,0","horse_knight,arm_low,167,-179,-72,0,16,1,1,0","horse_knight,fist,101,-133,-97,0,18,1,1,0",,"horse_knight,arm_low,88,-174,-10,0,18,1,1,0","horse_knight,fist,45,-99,-81,0,22,1.1,1.1,0",,"horse_knight,leg_low,-282,-160,50,0,17,1,1,0","horse_knight,foot,-233,-101,-38,0,19,1,1,0",,"horse_knight,leg_low,-196,-146,2,0,18,1,1,0","horse_knight,foot,-196,-67,-34,0,18,1,1,0",,,"horse_knight,tail,-339,-167,-36,0,20,1,1,0","horse_knight,seat,-60,-470,25,0,8,1,1,0","horse_knight,seat,63,-477,-15,1,8,1,1,0",,,,,,,,,,,,,,,,,,,,,,,,,,,,,,,,,,,,,,,,,,,,,,,,,,,,,,,,,,,,,,,,,,,,,,,play_time_mod_0.8,
Run/4,"human_knight_cav,head,36,-752,-8,0,6,1,1,0","human_knight_cav,neck,14,-671,-2,0,9,1,1,0","human_knight_cav,body,14,-576,-7.5,0,7,1,1,0","human_knight_cav,arm_up_right,-80,-595,-16,0,3,1,1,0","human_knight_cav,arm_low,-72,-499,56,0,5,1,1,0","human_knight_cav,fist,3,-456,64,0,5,1,1,0","human_knight_cav,arm_up,82,-588,16,1,16,1,1,0","human_knight_cav,arm_low,154,-495,60,1,18,1,1,0","human_knight_cav,fist,218,-460,48,1,18,1,1,0","human_knight_cav,leg_up,-6,-392,36,0,9,1,1,0","human_knight_cav,leg_low,11,-294,-13,0,12,1,1,0","human_knight_cav,foot_cav,16,-210,-16.6,0,13,1,1,0","human_knight_cav,leg_up,79,-446,43.2,0,14,1,1,0","human_knight_cav,leg_low,107,-310,-3.5,0,19,1,1,0","human_knight_cav,foot,116,-226,-3.5,0,23,1,1,0","human_knight_cav,base,217,-771,148.3,1,6,1,0.9,0","human_knight_cav,shield,-67,-547,-16,0,3,1,1,0","human_knight_cav,skirt,16,-465,8,0,9,1,1,0",,,,,,,,,,"horse_knight,head,354,-508,13,0,0,1,1,0","horse_knight,neck,242,-488,-32,0,15,1,1,0","horse_knight,body_move,-36,-277,1,0,14,1,1,0","horse_knight,arm_up,207,-238,38,0,16,1,1,0","horse_knight,arm_low,195,-166,-32,0,16,1,1,0","horse_knight,fist,149,-97,-67,0,18,1,1,0",,"horse_knight,arm_low,219,-190,60,0,21,1,1,0","horse_knight,fist,244,-146,-51,0,25,1.1,1.1,0",,"horse_knight,leg_low,-237,-151,45,0,16,1,1,0","horse_knight,foot,-206,-83,-38,0,17,1,1,0",,"horse_knight,leg_low,-155,-123,27,0,18,1,1,0","horse_knight,foot,-135,-47,-24,0,18,1,1,0",,,"horse_knight,tail,-322,-166,-24,0,20,1,1,0","horse_knight,seat,-60,-460,25,0,8,1,1,0","horse_knight,seat,63,-467,-15,1,8,1,1,0",,,,,,,,,,,,,,,,,,,,,,,,,,,,,,,,,,,,,,,,,,,,,,,,,,,,,,,,,,,,,,,,,,,,,,,play_time_mod_0.8,
Run/5,"human_knight_cav,head,36,-739,-10,0,6,1,1,0","human_knight_cav,neck,14,-661,-2,0,9,1,1,0","human_knight_cav,body,14,-564,-8.5,0,7,1,1,0","human_knight_cav,arm_up_right,-82,-583,-16,0,3,1,1,0","human_knight_cav,arm_low,-76,-490,55,0,5,1,1,0","human_knight_cav,fist,-1,-445,63,0,5,1,1,0","human_knight_cav,arm_up,82,-578,16,1,16,1,1,0","human_knight_cav,arm_low,154,-485,60,1,18,1,1,0","human_knight_cav,fist,220,-448,52,1,18,1,1,0","human_knight_cav,leg_up,-6,-382,36,0,9,1,1,0","human_knight_cav,leg_low,11,-284,-13,0,12,1,1,0","human_knight_cav,foot_cav,16,-200,-16.6,0,13,1,1,0","human_knight_cav,leg_up,79,-436,43.2,0,14,1,1,0","human_knight_cav,leg_low,107,-300,-3.5,0,19,1,1,0","human_knight_cav,foot,116,-216,-3.5,0,23,1,1,0","human_knight_cav,base,217,-756,147.3,1,6,1,0.9,0","human_knight_cav,shield,-67,-537,-16,0,3,1,1,0","human_knight_cav,skirt,16,-455,8,0,9,1,1,0",,,,,,,,,,"horse_knight,head,372,-487,13,0,0,1,1,0","horse_knight,neck,251,-474,-32,0,15,1,1,0","horse_knight,body_move2,-34,-266,1,0,14,1,1,0","horse_knight,arm_up,207,-217,28,0,16,1,1,0","horse_knight,arm_low,185,-156,-52,0,16,1,1,0","horse_knight,fist,117,-118,-107,0,18,1,1,0","horse_knight,arm_up,259,-256,70,0,18,1.2,1,0","horse_knight,arm_low,290,-194,0,0,21,1,1,0","horse_knight,fist,272,-120,-61,0,25,1.1,1.1,0",,"horse_knight,leg_low,-186,-110,25,0,16,1,1,0","horse_knight,foot,-148,-31,2,0,17,1,1,0",,"horse_knight,leg_low,-95,-123,47,0,18,1,1,0","horse_knight,foot,-63,-60,-24,0,18,1,1,0",,,"horse_knight,tail,-318,-143,-24,0,20,1,1,0","horse_knight,seat,-60,-450,25,0,8,1,1,0","horse_knight,seat,63,-457,-15,1,8,1,1,0",,,,,,,,,,,,,,,,,,,,,,,,,,,,,,,,,,,,,,,,,,,,,,,,,,,,,,,,,,,,,,,,,,,,,,,play_time_mod_0.8,"horse_gallop,2000,0"
Run/6,"human_knight_cav,head,36,-748,-8,0,6,1,1,0","human_knight_cav,neck,14,-667,-2,0,9,1,1,0","human_knight_cav,body,14,-572,-7.5,0,7,1,1,0","human_knight_cav,arm_up_right,-82,-591,-16,0,3,1,1,0","human_knight_cav,arm_low,-72,-495,56,0,5,1,1,0","human_knight_cav,fist,3,-452,64,0,5,1,1,0","human_knight_cav,arm_up,82,-584,16,1,16,1,1,0","human_knight_cav,arm_low,154,-491,60,1,18,1,1,0","human_knight_cav,fist,220,-454,52,1,18,1,1,0","human_knight_cav,leg_up,-6,-388,36,0,9,1,1,0","human_knight_cav,leg_low,11,-290,-13,0,12,1,1,0","human_knight_cav,foot_cav,16,-206,-16.6,0,13,1,1,0","human_knight_cav,leg_up,79,-442,43.2,0,14,1,1,0","human_knight_cav,leg_low,107,-306,-3.5,0,19,1,1,0","human_knight_cav,foot,116,-222,-3.5,0,23,1,1,0","human_knight_cav,base,217,-767,148.3,1,6,1,0.9,0","human_knight_cav,shield,-67,-543,-16,0,3,1,1,0","human_knight_cav,skirt,16,-461,8,0,9,1,1,0",,,,,,,,,,"horse_knight,head,378,-482,9,0,0,1,1,0","horse_knight,neck,254,-476,-36,0,15,1,1,0","horse_knight,body_move,-34,-272,0,0,14,1,1,0","horse_knight,arm_up,162,-179,4,0,16,1,1,0","horse_knight,arm_low,134,-104,-22,0,16,1,1,0","horse_knight,fist,97,-29,-47,0,18,1,1,0","horse_knight,arm_up,227,-211,27,0,18,1.2,1,0","horse_knight,arm_low,248,-120,9,0,21,1,1,0","horse_knight,fist,267,-33,-1,0,25,1.1,1.1,0",,"horse_knight,leg_low,-266,-159,-15,0,16,1,1,0","horse_knight,foot,-298,-84,-58,0,17,1,1,0",,"horse_knight,leg_low,-193,-131,7,0,18,1,1,0","horse_knight,foot,-212,-69,-79,0,18,1,1.1,0",,,"horse_knight,tail,-339,-158,-40,0,20,1,1,0","horse_knight,seat,-60,-456,25,0,8,1,1,0","horse_knight,seat,63,-463,-15,1,8,1,1,0",,,,,,,,,,,,,,,,,,,,,,,,,,,,,,,,,,,,,,,,,,,,,,,,,,,,,,,,,,,,,,,,,,,,,,,play_time_mod_0.8,
Run/7,"human_knight_cav,head,31,-757,-5,0,6,1,1,0","human_knight_cav,neck,11,-676,-1,0,9,1,1,0","human_knight_cav,body,13,-581,-6.5,0,7,1,1,0","human_knight_cav,arm_up_right,-84,-598,-17,0,3,1,1,0","human_knight_cav,arm_low,-72,-503,57,0,5,1,1,0","human_knight_cav,fist,4,-461,65,0,5,1,1,0","human_knight_cav,arm_up,80,-594,17,1,16,1,1,0","human_knight_cav,arm_low,154,-502,61,1,18,1,1,0","human_knight_cav,fist,221,-467,53,1,18,1,1,0","human_knight_cav,leg_up,-4,-397,37,0,9,1,1,0","human_knight_cav,leg_low,14,-299,-12,0,12,1,1,0","human_knight_cav,foot_cav,21,-215,-15.6,0,13,1,1,0","human_knight_cav,leg_up,80,-452,44.2,0,14,1,1,0","human_knight_cav,leg_low,110,-317,-2.5,0,19,1,1,0","human_knight_cav,foot,121,-233,-2.5,0,23,1,1,0","human_knight_cav,base,212,-780,149.3,1,6,1,0.9,0","human_knight_cav,shield,-68,-551,-15,0,3,1,1,0","human_knight_cav,skirt,16,-470,9,0,9,1,1,0",,,,,,,,,,"horse_knight,head,368,-518,16,0,0,1,1,0","horse_knight,neck,248,-494,-26,0,15,1,1,0","horse_knight,body_move2,-28,-281,1,0,14,1,1,0","horse_knight,arm_up,162,-189,4,0,16,1,1,0","horse_knight,arm_low,104,-124,-82,0,16,1,1,0","horse_knight,fist,27,-109,-107,0,18,1,1,0","horse_knight,arm_up,196,-221,-13,0,18,1.2,1,0","horse_knight,arm_low,150,-130,-30,0,21,1,1,0","horse_knight,fist,117,-43,-31,0,25,1.1,1.1,0",,"horse_knight,leg_low,-276,-189,-55,0,16,1,1,0","horse_knight,foot,-328,-124,-48,0,17,1,1,0",,"horse_knight,leg_low,-224,-171,37,0,18,1,1,0","horse_knight,foot,-224,-106,-53,0,18,1,1.2,0",,,"horse_knight,tail,-329,-160,-50,0,20,1,1,0","horse_knight,seat,-60,-466,25,0,8,1,1,0","horse_knight,seat,63,-473,-15,1,8,1,1,0",,,,,,,,,,,,,,,,,,,,,,,,,,,,,,,,,,,,,,,,,,,,,,,,,,,,,,,,,,,,,,,,,,,,,,,play_time_mod_0.8,
Run/8,"human_knight_cav,head,26,-765,-1,0,6,1,1,0","human_knight_cav,neck,11,-683,-1,0,9,1,1,0","human_knight_cav,body,13,-588,-6.5,0,7,1,1,0","human_knight_cav,arm_up_right,-84,-605,-17,0,3,1,1,0","human_knight_cav,arm_low,-70,-505,57,0,5,1,1,0","human_knight_cav,fist,6,-463,65,0,5,1,1,0","human_knight_cav,arm_up,80,-601,17,1,16,1,1,0","human_knight_cav,arm_low,154,-509,61,1,18,1,1,0","human_knight_cav,fist,221,-474,53,1,18,1,1,0","human_knight_cav,leg_up,-4,-404,37,0,9,1,1,0","human_knight_cav,leg_low,14,-306,-12,0,12,1,1,0","human_knight_cav,foot_cav,21,-222,-15.6,0,13,1,1,0","human_knight_cav,leg_up,80,-459,44.2,0,14,1,1,0","human_knight_cav,leg_low,110,-324,-2.5,0,19,1,1,0","human_knight_cav,foot,121,-240,-2.5,0,23,1,1,0","human_knight_cav,base,214,-782,149.3,1,6,1,0.9,0","human_knight_cav,shield,-66,-553,-15,0,3,1,1,0","human_knight_cav,skirt,16,-477,9,0,9,1,1,0",,,,,,,,,,"horse_knight,head,369,-526,20,0,0,1,1,0","horse_knight,neck,249,-501,-29,0,15,1,1,0","horse_knight,body_move,-28,-288,1,0,14,1,1,0","horse_knight,arm_up,212,-216,24,0,16,1,1,0","horse_knight,arm_low,180,-164,-60,0,16,1,1,0","horse_knight,fist,118,-106,-57,0,18,1,1,0","horse_knight,arm_up,154,-209,-33,0,18,1.2,1,0","horse_knight,arm_low,80,-139,-50,0,21,1,1,0","horse_knight,fist,19,-69,-51,0,25,1.1,1.1,0",,"horse_knight,leg_low,-241,-206,-25,0,16,1,1,0","horse_knight,foot,-277,-131,-48,0,17,1,1,0",,"horse_knight,leg_low,-183,-198,37,0,18,1,1,0","horse_knight,foot,-153,-116,-12,0,18,1,1.1,0",,,"horse_knight,tail,-327,-167,-20,0,20,1,1,0","horse_knight,seat,-60,-473,25,0,8,1,1,0","horse_knight,seat,63,-480,-15,1,8,1,1,0",,,,,,,,,,,,,,,,,,,,,,,,,,,,,,,,,,,,,,,,,,,,,,,,,,,,,,,,,,,,,,,,,,,,,,,play_time_mod_0.8,
Run/9,"human_knight_cav,head,36,-755,-4,0,6,1,1,0","human_knight_cav,neck,14,-674,-2,0,9,1,1,0","human_knight_cav,body,14,-579,-7.5,0,7,1,1,0","human_knight_cav,arm_up_right,-82,-598,-24,0,3,1,1,0","human_knight_cav,arm_low,-75,-502,56,0,5,1,1,0","human_knight_cav,fist,0,-459,64,0,5,1,1,0","human_knight_cav,arm_up,82,-591,16,1,16,1,1,0","human_knight_cav,arm_low,154,-498,60,1,18,1,1,0","human_knight_cav,fist,220,-466,52,1,18,1,1,0","human_knight_cav,leg_up,-6,-395,36,0,9,1,1,0","human_knight_cav,leg_low,11,-297,-13,0,12,1,1,0","human_knight_cav,foot_cav,16,-213,-16.6,0,13,1,1,0","human_knight_cav,leg_up,79,-449,43.2,0,14,1,1,0","human_knight_cav,leg_low,107,-313,-3.5,0,19,1,1,0","human_knight_cav,foot,116,-229,-3.5,0,23,1,1,0","human_knight_cav,base,214,-774,148.3,1,6,1,0.9,0","human_knight_cav,shield,-70,-550,-16,0,3,1,1,0","human_knight_cav,skirt,16,-468,8,0,9,1,1,0",,,,,,,,,,"horse_knight,head,364,-526,23,0,0,1,1,0","horse_knight,neck,246,-496,-28,0,15,1,1,0","horse_knight,body_move2,-28,-278,3,0,14,1,1,0","horse_knight,arm_up,242,-226,44,0,16,1,1,0","horse_knight,arm_low,250,-154,-20,0,16,1,1,0","horse_knight,fist,218,-86,-57,0,18,1,1,0","horse_knight,arm_up,195,-259,87,0,18,1.2,1,0","horse_knight,arm_low,260,-221,40,0,21,1,1,0","horse_knight,fist,291,-163,-21,0,25,1.1,1.1,0",,"horse_knight,leg_low,-297,-121,-15,0,16,1,1,0","horse_knight,foot,-296,-35,-8,0,17,1,1,0",,"horse_knight,leg_low,-181,-154,37,0,18,1,1,0","horse_knight,foot,-135,-78,6,0,18,1,1.1,0",,,"horse_knight,tail,-312,-146,-20,0,20,1,1,0","horse_knight,seat,-60,-463,25,0,8,1,1,0","horse_knight,seat,63,-470,-15,1,8,1,1,0",,,,,,,,,,,,,,,,,,,,,,,,,,,,,,,,,,,,,,,,,,,,,,,,,,,,,,,,,,,,,,,,,,,,,,,play_time_mod_0.8,
Run/10,"human_knight_cav,head,41,-752,-9,0,6,1,1,0","human_knight_cav,neck,17,-671,-3,0,9,1,1,0","human_knight_cav,body,16,-576,-8.5,0,7,1,1,0","human_knight_cav,arm_up_right,-80,-597,-25,0,3,1,1,0","human_knight_cav,arm_low,-80,-500,55,0,5,1,1,0","human_knight_cav,fist,-6,-456,63,0,5,1,1,0","human_knight_cav,arm_up,84,-587,15,1,16,1,1,0","human_knight_cav,arm_low,154,-493,59,1,18,1,1,0","human_knight_cav,fist,219,-452,51,1,18,1,1,0","human_knight_cav,leg_up,-8,-392,35,0,9,1,1,0","human_knight_cav,leg_low,8,-294,-14,0,12,1,1,0","human_knight_cav,foot_cav,11,-210,-17.6,0,13,1,1,0","human_knight_cav,leg_up,78,-445,42.2,0,14,1,1,0","human_knight_cav,leg_low,104,-308,-4.5,0,19,1,1,0","human_knight_cav,foot,111,-224,-4.5,0,23,1,1,0","human_knight_cav,base,214,-767,147.3,1,6,1,0.9,0","human_knight_cav,shield,-74,-548,-17,0,3,1,1,0","human_knight_cav,skirt,16,-465,7,0,9,1,1,0",,,,,,,,,,"horse_knight,head,364,-511,18,0,0,1,1,0","horse_knight,neck,246,-488,-32,0,15,1,1,0","horse_knight,body_move2,-28,-275,2,0,14,1,1,0","horse_knight,arm_up,222,-226,34,0,16,1,1,0","horse_knight,arm_low,254,-151,20,0,16,1,1,0","horse_knight,fist,279,-66,-7,0,18,1,1,0","horse_knight,arm_up,235,-261,87,0,18,1.2,1,0","horse_knight,arm_low,280,-221,20,0,21,1,1,0","horse_knight,fist,289,-152,-41,0,25,1.1,1.1,0",,"horse_knight,leg_low,-329,-127,-33,0,16,1,1.1,0","horse_knight,foot,-357,-35,-13,0,17,1,1,0",,"horse_knight,leg_low,-201,-134,27,0,18,1,1,0","horse_knight,foot,-165,-48,-4,0,18,1,1.1,0",,,"horse_knight,tail,-312,-146,-20,0,20,1,1,0","horse_knight,seat,-60,-463,25,0,8,1,1,0","horse_knight,seat,63,-470,-15,1,8,1,1,0",,,,,,,,,,,,,,,,,,,,,,,,,,,,,,,,,,,,,,,,,,,,,,,,,,,,,,,,,,,,,,,,,,,,,,,play_time_mod_0.8,
Standup/0,"human_knight_cav,head,125,-565,-27,0,6,1,1,0","human_knight_cav,neck,61,-506,-30,0,9,1,1,0","human_knight_cav,body,38,-410,-31.5,0,7,1,1,0","human_knight_cav,arm_up_right,-35,-450,-42,0,3,1,1,0","human_knight_cav,arm_low,-101,-310,-8,0,5,1,1,0","human_knight_cav,fist,-121,-223,-10,0,5,1,1,0","human_knight_cav,arm_up,121,-406,8,1,22,1,1,0","human_knight_cav,arm_low,154,-315,28,1,24,1,1,0","human_knight_cav,fist,193,-261,43,1,24,1,1,0","human_knight_cav,leg_up,-19,-255,24,0,9,1,1,0","human_knight_cav,leg_low,-12,-142,-17,0,12,1,1,0","human_knight_cav,foot_cav,-14,-59,-19.6,0,13,1,1,0","human_knight_cav,leg_up,74,-283,35.2,0,14,1,1,0","human_knight_cav,leg_low,84,-145,-11.5,0,19,1,1,0","human_knight_cav,foot,79,-61,-11.5,0,23,1,1,0","human_knight_cav,base,253,-114,76.3,1,6,1,0.9,0","human_knight_cav,shield,-66,-417,-38,0,3,1,1,0","human_knight_cav,skirt,18,-315,2,0,9,1,1,0",,,,,,,,,,"horse_knight,head,397,-235,-15,0,8,1,1,0","horse_knight,neck,278,-267,-62,0,23,1,1,0","horse_knight,body,-39,-122,-3,0,14,1,1,0",,"horse_knight,arm_low,129,26,-74,0,16,1,1,0","horse_knight,fist,70,40,-120,0,18,1,1,0",,"horse_knight,arm_low,44,1,-82,0,30,1,1,0","horse_knight,fist,-23,8,-95,0,34,1.1,1.1,0",,"horse_knight,leg_low,-323,-12,-72,0,17,1,1,0","horse_knight,foot,-389,12,-90,0,19,1,1,0",,"horse_knight,leg_low,-211,7,-80,0,18,1,1,0","horse_knight,foot,-291,26,-82,0,19,1,1,0",,,"horse_knight,tail,-304,1,-22,0,20,1,1,0","horse_knight,seat,-58,-316,20,0,8,1,1,0","horse_knight,seat,66,-315,-25,1,8,1,1,0",,,,,,,,,,,,,,,,,,,,,,,,,,,,,,,,,,,,,,,,,,,,,,,,,,,,,,,,,,,,,,,,,,,,,,,,
Standup/1,"human_knight_cav,head,85,-618,-9,0,6,1,1,0","human_knight_cav,neck,61,-526,-30,0,9,1,1,0","human_knight_cav,body,35,-440,-17.5,0,7,1,1,0","human_knight_cav,arm_up_right,-65,-477,-32,0,3,1,1,0","human_knight_cav,arm_low,-111,-330,2,0,5,1,1,0","human_knight_cav,fist,-111,-236,0,0,5,1,1,0","human_knight_cav,arm_up,121,-436,18,1,22,1,1,0","human_knight_cav,arm_low,178,-342,38,1,24,1,1,0","human_knight_cav,fist,225,-296,56,1,24,1,1,0","human_knight_cav,leg_up,-19,-275,24,0,9,1,1,0","human_knight_cav,leg_low,-12,-162,-17,0,12,1,1,0","human_knight_cav,foot_cav,-14,-79,-19.6,0,13,1,1,0","human_knight_cav,leg_up,74,-303,35.2,0,14,1,1,0","human_knight_cav,leg_low,84,-165,-11.5,0,19,1,1,0","human_knight_cav,foot,79,-81,-11.5,0,23,1,1,0","human_knight_cav,base,267,-157,81.3,1,6,1,0.9,0","human_knight_cav,shield,-69,-437,-29,0,3,1,1,0","human_knight_cav,skirt,18,-335,2,0,9,1,1,0",,,,,,,,,,"horse_knight,head,397,-310,3,0,8,1,1,0","horse_knight,neck,267,-313,-50,0,23,1,1,0","horse_knight,body,-39,-143,-1,0,14,1,1,0",,"horse_knight,arm_low,149,-14,-44,0,16,1,1,0","horse_knight,fist,111,40,-40,0,18,1,1,0",,"horse_knight,arm_low,44,-17,-77,0,30,1,1,0","horse_knight,fist,-23,4,-85,0,34,1.1,1.1,0",,"horse_knight,leg_low,-283,-32,-42,0,17,1,1,0","horse_knight,foot,-336,30,-56,0,18,1,1,0",,"horse_knight,leg_low,-190,-13,-60,0,18,1,1,0","horse_knight,foot,-260,26,-82,0,19,1,1,0",,,"horse_knight,tail,-304,-19,-22,0,20,1,1,0","horse_knight,seat,-58,-336,20,0,8,1,1,0","horse_knight,seat,66,-335,-25,1,8,1,1,0",,,,,,,,,,,,,,,,,,,,,,,,,,,,,,,,,,,,,,,,,,,,,,,,,,,,,,,,,,,,,,,,,,,,,,,,
Standup/2,"human_knight_cav,head,58,-655,2,0,6,1,1,0","human_knight_cav,neck,56,-552,-29,0,9,1,1,0","human_knight_cav,body,31,-470,-10.5,0,7,1,1,0","human_knight_cav,arm_up_right,-69,-500,-31,0,3,1,1,0","human_knight_cav,arm_low,-107,-353,13,0,5,1,1,0","human_knight_cav,fist,-86,-259,18,0,5,1,1,0","human_knight_cav,arm_up,117,-472,22,1,22,1,1,0","human_knight_cav,arm_low,186,-381,49,1,24,1,1,0","human_knight_cav,fist,244,-335,57,1,24,1,1,0","human_knight_cav,leg_up,-14,-290,22,0,9,1,1,0","human_knight_cav,leg_low,-11,-177,-19,0,12,1,1,0","human_knight_cav,foot_cav,-17,-94,-21.6,0,13,1,1,0","human_knight_cav,leg_up,73,-329,36.2,0,14,1,1,0","human_knight_cav,leg_low,85,-191,-10.5,0,19,1,1,0","human_knight_cav,foot,82,-107,-10.5,0,23,1,1,0","human_knight_cav,base,299,-279,94.3,1,6,1,0.9,0","human_knight_cav,shield,-80,-460,-21,0,3,1,1,0","human_knight_cav,skirt,16,-360,3,0,9,1,1,0",,,,,,,,,,"horse_knight,head,387,-351,13,0,8,1,1,0","horse_knight,neck,254,-349,-40,0,23,1,1,0","horse_knight,body,-39,-163,-1,0,14,1,1,0",,"horse_knight,arm_low,159,-54,-14,0,16,1,1,0","horse_knight,fist,151,20,-10,0,18,1,1,0",,"horse_knight,arm_low,56,-57,-57,0,30,1,1,0","horse_knight,fist,2,-3,-45,0,34,1.1,1.1,0",,"horse_knight,leg_low,-282,-52,-32,0,17,1,1,0","horse_knight,foot,-316,20,-36,0,18,1,1,0",,"horse_knight,leg_low,-190,-53,-40,0,18,1,1,0","horse_knight,foot,-230,7,-42,0,19,1,1,0",,,"horse_knight,tail,-304,-39,-22,0,20,1,1,0","horse_knight,seat,-58,-356,20,0,8,1,1,0","horse_knight,seat,66,-355,-25,1,8,1,1,0",,,,,,,,,,,,,,,,,,,,,,,,,,,,,,,,,,,,,,,,,,,,,,,,,,,,,,,,,,,,,,,,,,,,,,,,
Standup/3,"human_knight_cav,head,24,-667,4,0,6,1,1,0","human_knight_cav,neck,45,-564,-29,0,9,1,1,0","human_knight_cav,body,15,-489,-4.5,0,7,1,1,0","human_knight_cav,arm_up_right,-74,-512,-27,0,3,1,1,0","human_knight_cav,arm_low,-104,-383,20,0,5,1,1,0","human_knight_cav,fist,-69,-296,25,0,5,1,1,0","human_knight_cav,arm_up,104,-493,24,1,22,1,1,0","human_knight_cav,arm_low,175,-404,51,1,24,1,1,0","human_knight_cav,fist,235,-360,59,1,24,1,1,0","human_knight_cav,leg_up,-25,-302,22,0,9,1,1,0","human_knight_cav,leg_low,-22,-189,-19,0,12,1,1,0","human_knight_cav,foot_cav,-28,-106,-21.6,0,13,1,1,0","human_knight_cav,leg_up,62,-341,36.2,0,14,1,1,0","human_knight_cav,leg_low,74,-203,-10.5,0,19,1,1,0","human_knight_cav,foot,71,-119,-10.5,0,23,1,1,0","human_knight_cav,base,309,-365,101.3,1,6,1,0.9,0","human_knight_cav,shield,-101,-472,-13,0,3,1,1,0","human_knight_cav,skirt,5,-372,3,0,9,1,1,0",,,,,,,,,,"horse_knight,head,377,-386,14,0,8,1,1,0","horse_knight,neck,249,-376,-30,0,23,1,1,0","horse_knight,body,-37,-182,0,0,14,1,1,0",,"horse_knight,arm_low,163,-76,-13,0,16,1,1,0","horse_knight,fist,178,-2,11,0,18,1,1,0",,"horse_knight,arm_low,70,-77,-33,0,30,1,1,0","horse_knight,fist,41,-9,-24,0,34,1.1,1.1,0",,"horse_knight,leg_low,-275,-66,-31,0,17,1,1,0","horse_knight,foot,-300,3,-23,0,18,1,1,0",,"horse_knight,leg_low,-166,-79,1,0,18,1,1,0","horse_knight,foot,-165,2,-1,0,19,1,1,0",,,"horse_knight,tail,-300,-53,-21,0,20,1,1,0","horse_knight,seat,-59,-374,21,0,8,1,1,0","horse_knight,seat,65,-376,-24,1,8,1,1,0",,,,,,,,,,,,,,,,,,,,,,,,,,,,,,,,,,,,,,,,,,,,,,,,,,,,,,,,,,,,,,,,,,,,,,,,
Standup/4,"human_knight_cav,head,24,-677,4,0,6,1,1,0","human_knight_cav,neck,45,-574,-29,0,9,1,1,0","human_knight_cav,body,15,-499,-4.5,0,7,1,1,0","human_knight_cav,arm_up_right,-74,-522,-27,0,3,1,1,0","human_knight_cav,arm_low,-88,-416,30,0,5,1,1,0","human_knight_cav,fist,-39,-337,35,0,5,1,1,0","human_knight_cav,arm_up,104,-503,24,1,22,1,1,0","human_knight_cav,arm_low,175,-414,51,1,24,1,1,0","human_knight_cav,fist,235,-370,59,1,24,1,1,0","human_knight_cav,leg_up,-25,-312,22,0,9,1,1,0","human_knight_cav,leg_low,-22,-199,-19,0,12,1,1,0","human_knight_cav,foot_cav,-28,-116,-21.6,0,13,1,1,0","human_knight_cav,leg_up,62,-351,36.2,0,14,1,1,0","human_knight_cav,leg_low,74,-213,-10.5,0,19,1,1,0","human_knight_cav,foot,71,-129,-10.5,0,23,1,1,0","human_knight_cav,base,321,-470,113.3,1,6,1,0.9,0","human_knight_cav,shield,-103,-482,-8,0,3,1,1,0","human_knight_cav,skirt,5,-382,3,0,9,1,1,0",,,,,,,,,,"horse_knight,head,359,-430,21,0,8,1,1,0","horse_knight,neck,237,-408,-25,0,23,1,1,0","horse_knight,body,-35,-201,1,0,14,1,1,0",,"horse_knight,arm_low,167,-98,-12,0,16,1,1,0","horse_knight,fist,193,-22,2,0,18,1,1,0",,"horse_knight,arm_low,81,-108,-22,0,30,1,1,0","horse_knight,fist,76,-29,-3,0,34,1.1,1.1,0",,"horse_knight,leg_low,-271,-80,-20,0,17,1,1,0","horse_knight,foot,-280,-11,-2,0,18,1,1,0",,"horse_knight,leg_low,-162,-95,2,0,18,1,1,0","horse_knight,foot,-154,-20,3,0,19,1,1,0",,,"horse_knight,tail,-285,-65,-10,0,20,1,1,0","horse_knight,seat,-60,-392,22,0,8,1,1,0","horse_knight,seat,64,-396,-23,1,8,1,1,0",,,,,,,,,,,,,,,,,,,,,,,,,,,,,,,,,,,,,,,,,,,,,,,,,,,,,,,,,,,,,,,,,,,,,,,,
Standup/5,"human_knight_cav,head,29,-690,1,0,6,1,1,0","human_knight_cav,neck,45,-587,-29,0,9,1,1,0","human_knight_cav,body,20,-514,-5.5,0,7,1,1,0","human_knight_cav,arm_up_right,-74,-535,-27,0,3,1,1,0","human_knight_cav,arm_low,-88,-429,50,0,5,1,1,0","human_knight_cav,fist,-16,-363,53,0,5,1,1,0","human_knight_cav,arm_up,101,-524,24,1,22,1,1,0","human_knight_cav,arm_low,174,-430,48,1,24,1,1,0","human_knight_cav,fist,235,-383,59,1,24,1,1,0","human_knight_cav,leg_up,-25,-325,22,0,9,1,1,0","human_knight_cav,leg_low,-19,-212,-15,0,12,1,1,0","human_knight_cav,foot_cav,-19,-129,-18.6,0,13,1,1,0","human_knight_cav,leg_up,62,-364,36.2,0,14,1,1,0","human_knight_cav,leg_low,74,-226,-10.5,0,19,1,1,0","human_knight_cav,foot,71,-142,-10.5,0,23,1,1,0","human_knight_cav,base,288,-598,130.3,1,6,1,0.9,0","human_knight_cav,shield,-92,-495,-8,0,3,1,1,0","human_knight_cav,skirt,5,-395,3,0,9,1,1,0",,,,,,,,,,"horse_knight,head,354,-453,18,0,8,1,1,0","horse_knight,neck,234,-426,-22,0,23,1,1,0","horse_knight,body,-35,-218,1,0,14,1,1,0",,"horse_knight,arm_low,167,-106,-12,0,16,1,1,0","horse_knight,fist,196,-30,2,0,18,1,1,0",,"horse_knight,arm_low,81,-116,-2,0,30,1,1,0","horse_knight,fist,94,-37,3,0,34,1.1,1.1,0",,"horse_knight,leg_low,-261,-88,-20,0,17,1,1,0","horse_knight,foot,-270,-19,-2,0,18,1,1,0",,"horse_knight,leg_low,-142,-103,2,0,18,1,1,0","horse_knight,foot,-134,-28,3,0,19,1,1,0",,,"horse_knight,tail,-285,-73,-10,0,20,1,1,0","horse_knight,seat,-60,-400,22,0,8,1,1,0","horse_knight,seat,64,-404,-21,1,8,1,1,0",,,,,,,,,,,,,,,,,,,,,,,,,,,,,,,,,,,,,,,,,,,,,,,,,,,,,,,,,,,,,,,,,,,,,,,,
Standup/6,"human_knight_cav,head,27,-705,-1,0,6,1,1,0","human_knight_cav,neck,42,-600,-28,0,9,1,1,0","human_knight_cav,body,18,-529,-4.5,0,7,1,1,0","human_knight_cav,arm_up_right,-76,-546,-26,0,3,1,1,0","human_knight_cav,arm_low,-76,-448,61,0,5,1,1,0","human_knight_cav,fist,8,-397,64,0,5,1,1,0","human_knight_cav,arm_up,99,-538,25,1,22,1,1,0","human_knight_cav,arm_low,174,-445,49,1,24,1,1,0","human_knight_cav,fist,235,-399,60,1,24,1,1,0","human_knight_cav,leg_up,-24,-341,31,0,9,1,1,0","human_knight_cav,leg_low,0,-228,-6,0,12,1,1,0","human_knight_cav,foot_cav,18,-145,-9.6,0,13,1,1,0","human_knight_cav,leg_up,63,-377,37.2,0,14,1,1,0","human_knight_cav,leg_low,77,-240,-9.5,0,19,1,1,0","human_knight_cav,foot,76,-156,-9.5,0,23,1,1,0","human_knight_cav,base,261,-686,141.3,1,6,1,0.9,0","human_knight_cav,shield,-80,-506,-8,0,3,1,1,0","human_knight_cav,skirt,5,-407,4,0,9,1,1,0",,,,,,,,,,"horse_knight,head,349,-479,11,0,8,1,1,0","horse_knight,neck,237,-470,-23,0,23,1,1,0","horse_knight,body,-35,-243,1,0,14,1,1,0",,"horse_knight,arm_low,177,-120,8,0,16,1,1,0","horse_knight,fist,196,-34,2,0,18,1,1,0",,"horse_knight,arm_low,89,-120,-2,0,30,1,1,0","horse_knight,fist,102,-41,3,0,34,1.1,1.1,0",,"horse_knight,leg_low,-252,-99,-12,0,17,1,1,0","horse_knight,foot,-254,-28,2,0,18,1,1,0",,"horse_knight,leg_low,-142,-107,2,0,18,1,1,0","horse_knight,foot,-134,-32,3,0,19,1,1,0",,,"horse_knight,tail,-285,-85,-13,0,20,1,1,0","horse_knight,seat,-60,-404,22,0,8,1,1,0","horse_knight,seat,64,-408,-21,1,8,1,1,0",,,,,,,,,,,,,,,,,,,,,,,,,,,,,,,,,,,,,,,,,,,,,,,,,,,,,,,,,,,,,,,,,,,,,,,,
Standup/7,"human_knight_cav,head,34,-746,-5,0,6,1,1,0","human_knight_cav,neck,14,-662,-2,0,9,1,1,0","human_knight_cav,body,14,-567,-6.5,0,7,1,1,0","human_knight_cav,arm_up_right,-72,-586,-24,0,3,1,1,0","human_knight_cav,arm_low,-72,-494,56,0,5,1,1,0","human_knight_cav,fist,3,-451,64,0,5,1,1,0","human_knight_cav,arm_up,82,-579,17,1,16,1,1,0","human_knight_cav,arm_low,154,-488,60,1,18,1,1,0","human_knight_cav,fist,218,-453,52,1,18,1,1,0","human_knight_cav,leg_up,-8,-390,36,0,9,1,1,0","human_knight_cav,leg_low,15,-285,-10,0,12,1,1,0","human_knight_cav,foot_cav,23,-203,-13.6,0,13,1,1,0","human_knight_cav,leg_up,79,-437,43.2,0,14,1,1,0","human_knight_cav,leg_low,107,-301,-3.5,0,19,1,1,0","human_knight_cav,foot,116,-217,-3.5,0,23,1,1,0","human_knight_cav,base,217,-767,148.3,1,6,1,0.9,0","human_knight_cav,shield,-67,-540,-14,0,3,1,1,0","human_knight_cav,skirt,17,-458,8,0,9,1,1,0",,,,,,,,,,"horse_knight,head,350,-494,-6,0,0,1,1,0","horse_knight,neck,240,-494,-26,0,15,1,1,0","horse_knight,body,-36,-271,0,0,14,1,1,0",,"horse_knight,arm_low,180,-120,0,0,16,1,1,0","horse_knight,fist,191,-36,2,0,18,1,1,0",,"horse_knight,arm_low,112,-127,-10,0,18,1,1,0","horse_knight,fist,114,-44,-3,0,22,1.1,1.1,0",,"horse_knight,leg_low,-238,-118,0,0,17,1,1,0","horse_knight,foot,-227,-36,2,0,19,1,1,0",,"horse_knight,leg_low,-143,-132,0,0,18,1,1,0","horse_knight,foot,-129,-43,0,0,19,1,1,0",,,"horse_knight,tail,-286,-138,-11,0,20,1,1,0","horse_knight,seat,-60,-452,25,0,8,1,1,0","horse_knight,seat,63,-460,-15,1,8,1,1,0",,,,,,,,,,,,,,,,,,,,,,,,,,,,,,,,,,,,,,,,,,,,,,,,,,,,,,,,,,,,,,,,,,,,,,,,
Walk/0,"human_knight_cav,head,35,-750,-4,0,6,1,1,0","human_knight_cav,neck,18,-662,-3,0,9,1,1,0","human_knight_cav,body,16,-568,-5.5,0,7,1,1,0","human_knight_cav,arm_up_right,-69,-590,-25,0,3,1,1,0","human_knight_cav,arm_low,-73,-500,55,0,5,1,1,0","human_knight_cav,fist,0,-453,63,0,5,1,1,0","human_knight_cav,arm_up,85,-581,17,1,16,1,1,0","human_knight_cav,arm_low,155,-488,58,1,18,1,1,0","human_knight_cav,fist,218,-449,50,1,18,1,1,0","human_knight_cav,leg_up,-10,-396,31,0,9,1,1,0","human_knight_cav,leg_low,9,-285,-10,0,12,1,1,0","human_knight_cav,foot_cav,19,-203,-12.6,0,13,1,1,0","human_knight_cav,leg_up,79,-437,42.2,0,14,1,1,0","human_knight_cav,leg_low,105,-300,-4.5,0,19,1,1,0","human_knight_cav,foot,112,-216,-4.5,0,23,1,1,0","human_knight_cav,base,221,-766,147.3,1,6,1,0.9,0","human_knight_cav,shield,-65,-543,-14,0,3,1,1,0","human_knight_cav,skirt,18,-461,9,0,9,1,1,0",,,,,,,,,,"horse_knight,head,373,-477,0,0,0,1,1,0","horse_knight,neck,252,-482,-36,0,15,1,1,0","horse_knight,body,-36,-272,0,0,14,1,1,0",,"horse_knight,arm_low,168,-124,-42,0,16,1,1,0","horse_knight,fist,113,-72,-78,0,18,1,1,0",,"horse_knight,arm_low,143,-127,-10,0,21,1,1,0","horse_knight,fist,145,-44,-3,0,25,1.1,1.1,0",,"horse_knight,leg_low,-282,-118,-11,0,17,1,1,0","horse_knight,foot,-290,-36,-12,0,19,1,1,0",,"horse_knight,leg_low,-130,-119,30,0,18,1,1,0","horse_knight,foot,-89,-43,0,0,19,1,1,0",,,"horse_knight,tail,-286,-138,-10,0,20,1,1,0","horse_knight,seat,-60,-454,25,0,8,1,1,0","horse_knight,seat,63,-462,-15,1,8,1,1,0",,,,,,,,,,,,,,,,,,,,,,,,,,,,,,,,,,,,,,,,,,,,,,,,,,,,,,,,,,,,,,,,,,,,,,,,
Walk/1,"human_knight_cav,head,46,-743,-5,0,6,1,1,0","human_knight_cav,neck,25,-658,-4,0,9,1,1,0","human_knight_cav,body,21,-564,-6.5,0,7,1,1,0","human_knight_cav,arm_up_right,-63,-587,-26,0,3,1,1,0","human_knight_cav,arm_low,-72,-493,54,0,5,1,1,0","human_knight_cav,fist,0,-444,62,0,5,1,1,0","human_knight_cav,arm_up,91,-576,16,1,16,1,1,0","human_knight_cav,arm_low,159,-482,57,1,18,1,1,0","human_knight_cav,fist,221,-441,49,1,18,1,1,0","human_knight_cav,leg_up,-8,-392,30,0,9,1,1,0","human_knight_cav,leg_low,10,-281,-11,0,12,1,1,0","human_knight_cav,foot_cav,18,-199,-13.6,0,13,1,1,0","human_knight_cav,leg_up,82,-432,41.2,0,14,1,1,0","human_knight_cav,leg_low,106,-294,-5.5,0,19,1,1,0","human_knight_cav,foot,111,-210,-5.5,0,23,1,1,0","human_knight_cav,base,227,-753,146.3,1,6,1,0.9,0","human_knight_cav,shield,-60,-540,-15,0,3,1,1,0","human_knight_cav,skirt,22,-457,8,0,9,1,1,0",,,,,,,,,,"horse_knight,head,378,-470,-2,0,0,1,1,0","horse_knight,neck,257,-477,-39,0,15,1,1,0","horse_knight,body,-36,-272,-1,0,14,1,1,0",,"horse_knight,arm_low,235,-163,28,0,16,1,1.1,0","horse_knight,fist,260,-86,-28,0,18,1,1,0",,"horse_knight,arm_low,120,-127,-20,0,21,1,1,0","horse_knight,fist,108,-44,-3,0,25,1.1,1.1,0",,"horse_knight,leg_low,-302,-118,-41,0,17,1,1,0","horse_knight,foot,-350,-67,-82,0,19,1,1,0",,"horse_knight,leg_low,-150,-119,20,0,18,1,1,0","horse_knight,foot,-119,-40,10,0,19,1,1,0",,,"horse_knight,tail,-286,-138,-10,0,20,1,1,0","horse_knight,seat,-57,-456,23,0,8,1,1,0","horse_knight,seat,66,-460,-17,1,8,1,1,0",,,,,,,,,,,,,,,,,,,,,,,,,,,,,,,,,,,,,,,,,,,,,,,,,,,,,,,,,,,,,,,,,,,,,,,,
Walk/2,"human_knight_cav,head,47,-741,-8,0,6,1,1,0","human_knight_cav,neck,25,-656,-4,0,9,1,1,0","human_knight_cav,body,21,-562,-6.5,0,7,1,1,0","human_knight_cav,arm_up_right,-63,-585,-26,0,3,1,1,0","human_knight_cav,arm_low,-74,-491,52,0,5,1,1,0","human_knight_cav,fist,-4,-438,60,0,5,1,1,0","human_knight_cav,arm_up,91,-569,16,1,16,1,1,0","human_knight_cav,arm_low,159,-475,57,1,18,1,1,0","human_knight_cav,fist,221,-434,49,1,18,1,1,0","human_knight_cav,leg_up,-8,-390,30,0,9,1,1,0","human_knight_cav,leg_low,10,-279,-11,0,12,1,1,0","human_knight_cav,foot_cav,18,-197,-13.6,0,13,1,1,0","human_knight_cav,leg_up,82,-430,41.2,0,14,1,1,0","human_knight_cav,leg_low,106,-292,-5.5,0,19,1,1,0","human_knight_cav,foot,111,-208,-5.5,0,23,1,1,0","human_knight_cav,base,235,-739,144.3,1,6,1,0.9,0","human_knight_cav,shield,-60,-538,-15,0,3,1,1,0","human_knight_cav,skirt,22,-455,8,0,9,1,1,0",,,,,,,,,,"horse_knight,head,378,-453,-6,0,0,1,1,0","horse_knight,neck,257,-469,-41,0,15,1,1,0","horse_knight,body,-36,-271,-1,0,14,1,1,0",,"horse_knight,arm_low,245,-122,28,0,16,1,1.1,0","horse_knight,fist,290,-40,8,0,18,1,1,0",,"horse_knight,arm_low,80,-127,-20,0,21,1,1,0","horse_knight,fist,58,-44,-23,0,25,1.1,1.1,0",,"horse_knight,leg_low,-202,-138,-21,0,17,1,1,0","horse_knight,foot,-247,-77,-82,0,19,1,1,0",,"horse_knight,leg_low,-191,-119,14,0,18,1,1,0","horse_knight,foot,-162,-40,7,0,19,1,1,0",,,"horse_knight,tail,-286,-138,-10,0,20,1,1,0","horse_knight,seat,-55,-457,22,0,8,1,1,0","horse_knight,seat,68,-459,-18,1,8,1,1,0",,,,,,,,,,,,,,,,,,,,,,,,,,,,,,,,,,,,,,,,,,,,,,,,,,,,,,,,,,,,,,,,,,,,,,,,
Walk/3,"human_knight_cav,head,44,-746,-5,0,6,1,1,0","human_knight_cav,neck,25,-658,-4,0,9,1,1,0","human_knight_cav,body,21,-564,-6.5,0,7,1,1,0","human_knight_cav,arm_up_right,-63,-587,-26,0,3,1,1,0","human_knight_cav,arm_low,-69,-498,54,0,5,1,1,0","human_knight_cav,fist,3,-449,62,0,5,1,1,0","human_knight_cav,arm_up,91,-580,16,1,16,1,1,0","human_knight_cav,arm_low,159,-486,57,1,18,1,1,0","human_knight_cav,fist,221,-445,49,1,18,1,1,0","human_knight_cav,leg_up,-8,-392,30,0,9,1,1,0","human_knight_cav,leg_low,10,-281,-11,0,12,1,1,0","human_knight_cav,foot_cav,18,-199,-13.6,0,13,1,1,0","human_knight_cav,leg_up,82,-432,41.2,0,14,1,1,0","human_knight_cav,leg_low,106,-294,-5.5,0,19,1,1,0","human_knight_cav,foot,111,-210,-5.5,0,23,1,1,0","human_knight_cav,base,230,-758,146.3,1,6,1,0.9,0","human_knight_cav,shield,-60,-540,-15,0,3,1,1,0","human_knight_cav,skirt,22,-457,8,0,9,1,1,0",,,,,,,,,,"horse_knight,head,373,-468,-2,0,0,1,1,0","horse_knight,neck,252,-476,-38,0,15,1,1,0","horse_knight,body,-36,-274,0,0,14,1,1,0",,"horse_knight,arm_low,201,-122,25,0,16,1,1,0","horse_knight,fist,240,-40,6,0,18,1,1,0",,"horse_knight,arm_low,112,-127,-46,0,21,1,1,0","horse_knight,fist,58,-74,-83,0,25,1.1,1.1,0",,"horse_knight,leg_low,-122,-158,9,0,17,1,1,0","horse_knight,foot,-126,-77,-32,0,19,1,1,0",,"horse_knight,leg_low,-244,-122,-15,0,18,1,1,0","horse_knight,foot,-246,-37,-3,0,19,1,1,0",,,"horse_knight,tail,-289,-138,-15,0,20,1,1,0","horse_knight,seat,-60,-455,26,0,8,1,1,0","horse_knight,seat,63,-465,-14,1,8,1,1,0",,,,,,,,,,,,,,,,,,,,,,,,,,,,,,,,,,,,,,,,,,,,,,,,,,,,,,,,,,,,,,,,,,,,,,,,
Walk/4,"human_knight_cav,head,35,-750,-4,0,6,1,1,0","human_knight_cav,neck,18,-662,-3,0,9,1,1,0","human_knight_cav,body,16,-568,-5.5,0,7,1,1,0","human_knight_cav,arm_up_right,-69,-590,-25,0,3,1,1,0","human_knight_cav,arm_low,-67,-494,58,0,5,1,1,0","human_knight_cav,fist,9,-452,66,0,5,1,1,0","human_knight_cav,arm_up,85,-585,17,1,16,1,1,0","human_knight_cav,arm_low,155,-492,58,1,18,1,1,0","human_knight_cav,fist,218,-453,50,1,18,1,1,0","human_knight_cav,leg_up,-10,-396,31,0,9,1,1,0","human_knight_cav,leg_low,9,-285,-10,0,12,1,1,0","human_knight_cav,foot_cav,19,-203,-12.6,0,13,1,1,0","human_knight_cav,leg_up,79,-437,42.2,0,14,1,1,0","human_knight_cav,leg_low,105,-300,-4.5,0,19,1,1,0","human_knight_cav,foot,112,-216,-4.5,0,23,1,1,0","human_knight_cav,base,212,-775,150.3,1,6,1,0.9,0","human_knight_cav,shield,-65,-543,-14,0,3,1,1,0","human_knight_cav,skirt,18,-461,9,0,9,1,1,0",,,,,,,,,,"horse_knight,head,373,-462,-4,0,0,1,1,0","horse_knight,neck,252,-472,-38,0,15,1,1,0","horse_knight,body,-36,-273,0,0,14,1,1,0",,"horse_knight,arm_low,163,-120,15,0,16,1,1,0","horse_knight,fist,193,-37,1,0,18,1,1,0",,"horse_knight,arm_low,187,-151,-36,0,21,1,1,0","horse_knight,fist,143,-90,-73,0,25,1.1,1.1,0",,"horse_knight,leg_low,-100,-115,33,0,17,1,1,0","horse_knight,foot,-56,-37,5,0,19,1,1,0",,"horse_knight,leg_low,-294,-112,-25,0,18,1,1,0","horse_knight,foot,-306,-37,-3,0,19,1,1,0",,,"horse_knight,tail,-286,-138,-10,0,20,1,1,0","horse_knight,seat,-57,-452,27,0,8,1,1,0","horse_knight,seat,66,-464,-13,1,8,1,1,0",,,,,,,,,,,,,,,,,,,,,,,,,,,,,,,,,,,,,,,,,,,,,,,,,,,,,,,,,,,,,,,,,,,,,,,,
Walk/5,"human_knight_cav,head,44,-746,-5,0,6,1,1,0","human_knight_cav,neck,25,-658,-4,0,9,1,1,0","human_knight_cav,body,21,-564,-6.5,0,7,1,1,0","human_knight_cav,arm_up_right,-63,-587,-26,0,3,1,1,0","human_knight_cav,arm_low,-69,-498,54,0,5,1,1,0","human_knight_cav,fist,3,-449,62,0,5,1,1,0","human_knight_cav,arm_up,91,-576,16,1,16,1,1,0","human_knight_cav,arm_low,159,-482,57,1,18,1,1,0","human_knight_cav,fist,221,-441,49,1,18,1,1,0","human_knight_cav,leg_up,-8,-392,30,0,9,1,1,0","human_knight_cav,leg_low,10,-281,-11,0,12,1,1,0","human_knight_cav,foot_cav,18,-199,-13.6,0,13,1,1,0","human_knight_cav,leg_up,82,-432,41.2,0,14,1,1,0","human_knight_cav,leg_low,106,-294,-5.5,0,19,1,1,0","human_knight_cav,foot,111,-210,-5.5,0,23,1,1,0","human_knight_cav,base,230,-758,146.3,1,6,1,0.9,0","human_knight_cav,shield,-60,-540,-15,0,3,1,1,0","human_knight_cav,skirt,22,-457,8,0,9,1,1,0",,,,,,,,,,"horse_knight,head,380,-447,-6,0,0,1,1,0","horse_knight,neck,259,-463,-41,0,15,1,1,0","horse_knight,body,-36,-271,-1,0,14,1,1,0",,"horse_knight,arm_low,103,-117,5,0,16,1,1,0","horse_knight,fist,117,-37,1,0,18,1,1,0",,"horse_knight,arm_low,251,-141,34,0,21,1,1,0","horse_knight,fist,291,-80,-3,0,25,1.1,1.1,0",,"horse_knight,leg_low,-145,-115,18,0,17,1,1,0","horse_knight,foot,-116,-37,3,0,19,1,1,0",,"horse_knight,leg_low,-241,-132,-15,0,18,1,1,0","horse_knight,foot,-274,-67,-73,0,19,1,1,0",,,"horse_knight,tail,-286,-138,0,0,20,1,1,0","horse_knight,seat,-54,-454,25,0,8,1,1,0","horse_knight,seat,69,-462,-15,1,8,1,1,0",,,,,,,,,,,,,,,,,,,,,,,,,,,,,,,,,,,,,,,,,,,,,,,,,,,,,,,,,,,,,,,,,,,,,,,,
Walk/6,"human_knight_cav,head,52,-736,-11,0,6,1,1,0","human_knight_cav,neck,28,-655,-5,0,9,1,1,0","human_knight_cav,body,23,-561,-7.5,0,7,1,1,0","human_knight_cav,arm_up_right,-61,-584,-27,0,3,1,1,0","human_knight_cav,arm_low,-73,-493,51,0,5,1,1,0","human_knight_cav,fist,-4,-438,59,0,5,1,1,0","human_knight_cav,arm_up,93,-567,10,1,16,1,1,0","human_knight_cav,arm_low,159,-477,64,1,18,1,1,0","human_knight_cav,fist,224,-438,49,1,18,1,1,0","human_knight_cav,leg_up,-10,-389,29,0,9,1,1,0","human_knight_cav,leg_low,7,-278,-12,0,12,1,1,0","human_knight_cav,foot_cav,13,-196,-14.6,0,13,1,1,0","human_knight_cav,leg_up,81,-428,40.2,0,14,1,1,0","human_knight_cav,leg_low,103,-289,-6.5,0,19,1,1,0","human_knight_cav,foot,106,-206,-6.5,0,23,1,1,0","human_knight_cav,base,241,-735,143.3,1,6,1,0.9,0","human_knight_cav,shield,-61,-538,-18,0,3,1,1,0","human_knight_cav,skirt,22,-454,7,0,9,1,1,0",,,,,,,,,,"horse_knight,head,383,-436,-9,0,0,1,1,0","horse_knight,neck,268,-452,-43,0,15,1,1,0","horse_knight,body,-36,-271,-2,0,14,1,1,0",,"horse_knight,arm_low,75,-117,-25,0,16,1,1.1,0","horse_knight,fist,63,-37,1,0,18,1,1,0",,"horse_knight,arm_low,239,-118,37,0,21,1,1.2,0","horse_knight,fist,291,-40,6,0,25,1.1,1.1,0",,"horse_knight,leg_low,-195,-115,-12,0,17,1,1,0","horse_knight,foot,-196,-37,3,0,19,1,1,0",,"horse_knight,leg_low,-171,-152,5,0,18,1,1,0","horse_knight,foot,-194,-94,-83,0,21,1,1,0",,,"horse_knight,tail,-291,-138,-10,0,20,1,1,0","horse_knight,seat,-52,-456,23,0,8,1,1,0","horse_knight,seat,71,-460,-17,1,8,1,1,0",,,,,,,,,,,,,,,,,,,,,,,,,,,,,,,,,,,,,,,,,,,,,,,,,,,,,,,,,,,,,,,,,,,,,,,,
Walk/7,"human_knight_cav,head,40,-745,-6,0,6,1,1,0","human_knight_cav,neck,21,-661,-4,0,9,1,1,0","human_knight_cav,body,17,-567,-6.5,0,7,1,1,0","human_knight_cav,arm_up_right,-67,-589,-26,0,3,1,1,0","human_knight_cav,arm_low,-73,-501,54,0,5,1,1,0","human_knight_cav,fist,-1,-452,62,0,5,1,1,0","human_knight_cav,arm_up,87,-579,16,1,16,1,1,0","human_knight_cav,arm_low,155,-485,57,1,18,1,1,0","human_knight_cav,fist,217,-444,49,1,18,1,1,0","human_knight_cav,leg_up,-12,-395,30,0,9,1,1,0","human_knight_cav,leg_low,5,-284,-11,0,12,1,1,0","human_knight_cav,foot_cav,14,-202,-13.6,0,13,1,1,0","human_knight_cav,leg_up,78,-435,41.2,0,14,1,1,0","human_knight_cav,leg_low,102,-297,-5.5,0,19,1,1,0","human_knight_cav,foot,107,-213,-5.5,0,23,1,1,0","human_knight_cav,base,226,-761,146.3,1,6,1,0.9,0","human_knight_cav,shield,-64,-543,-15,0,3,1,1,0","human_knight_cav,skirt,18,-460,8,0,9,1,1,0",,,,,,,,,,"horse_knight,head,381,-459,-2,0,0,1,1,0","horse_knight,neck,260,-467,-37,0,15,1,1,0","horse_knight,body,-36,-271,-1,0,14,1,1,0",,"horse_knight,arm_low,105,-137,-35,0,16,1,1.1,0","horse_knight,fist,63,-77,-69,0,18,1,1,0",,"horse_knight,arm_low,209,-138,17,0,21,1,1.2,0","horse_knight,fist,241,-40,0,0,25,1.1,1.1,0",,"horse_knight,leg_low,-245,-115,-12,0,17,1,1,0","horse_knight,foot,-246,-37,3,0,19,1,1,0",,"horse_knight,leg_low,-111,-155,25,0,18,1,1,0","horse_knight,foot,-80,-70,-23,0,21,1,1,0",,,"horse_knight,tail,-286,-138,-3,0,20,1,1,0","horse_knight,seat,-56,-455,24,0,8,1,1,0","horse_knight,seat,67,-461,-16,1,8,1,1,0",,,,,,,,,,,,,,,,,,,,,,,,,,,,,,,,,,,,,,,,,,,,,,,,,,,,,,,,,,,,,,,,,,,,,,,,
Attack1/0,"human_knight_cav,head,34,-746,-5,0,6,1,1,0","human_knight_cav,neck,14,-662,-2,0,9,1,1,0","human_knight_cav,body,14,-567,-6.5,0,7,1,1,0","human_knight_cav,arm_up_right,-72,-586,-24,0,3,1,1,0","human_knight_cav,arm_low,-72,-494,56,0,5,1,1,0","human_knight_cav,fist,3,-451,64,0,5,1,1,0","human_knight_cav,arm_up,82,-579,17,1,16,1,1,0","human_knight_cav,arm_low,154,-488,60,1,18,1,1,0","human_knight_cav,fist,218,-453,52,1,18,1,1,0","human_knight_cav,leg_up,-8,-390,36,0,9,1,1,0","human_knight_cav,leg_low,15,-285,-10,0,12,1,1,0","human_knight_cav,foot_cav,23,-203,-13.6,0,13,1,1,0","human_knight_cav,leg_up,79,-437,43.2,0,14,1,1,0","human_knight_cav,leg_low,107,-301,-3.5,0,19,1,1,0","human_knight_cav,foot,116,-217,-3.5,0,23,1,1,0","human_knight_cav,base,217,-767,148.3,1,6,1,0.9,0","human_knight_cav,shield,-67,-540,-14,0,3,1,1,0","human_knight_cav,skirt,17,-458,8,0,9,1,1,0",,,,,,,,,,"horse_knight,head,350,-494,-6,0,0,1,1,0","horse_knight,neck,240,-494,-26,0,15,1,1,0","horse_knight,body,-36,-271,0,0,14,1,1,0",,"horse_knight,arm_low,180,-120,0,0,16,1,1,0","horse_knight,fist,191,-36,2,0,18,1,1,0",,"horse_knight,arm_low,112,-127,-10,0,18,1,1,0","horse_knight,fist,114,-44,-3,0,22,1.1,1.1,0",,"horse_knight,leg_low,-238,-118,0,0,17,1,1,0","horse_knight,foot,-227,-36,2,0,19,1,1,0",,"horse_knight,leg_low,-143,-132,0,0,18,1,1,0","horse_knight,foot,-129,-43,0,0,19,1,1,0",,,"horse_knight,tail,-286,-138,-11,0,20,1,1,0","horse_knight,seat,-60,-452,25,0,8,1,1,0","horse_knight,seat,63,-460,-15,1,8,1,1,0",,,,,,,,,,,,,,,,,,,,,,,,,,,,,,,,,,,,,,,,,,,,,,,,,,,,,,,,,,,,,,,,,,,,,,,,
Attack1/1,"human_knight_cav,head,47,-746,-7,0,6,1,1,0","human_knight_cav,neck,14,-662,-2,0,9,1,1,0","human_knight_cav,body,14,-567,-10.5,0,7,1,1,0","human_knight_cav,arm_up_right,-96,-608,-37,0,3,1,1,0","human_knight_cav,arm_low,-114,-518,43,0,5,1,1,0","human_knight_cav,fist,-51,-459,51,0,5,1,1,0","human_knight_cav,arm_up,101,-568,15,1,16,1,1,0","human_knight_cav,arm_low,171,-475,58,1,18,1,1,0","human_knight_cav,fist,233,-438,50,1,18,1,1,0","human_knight_cav,leg_up,-8,-390,36,0,9,1,1,0","human_knight_cav,leg_low,10,-285,-13,0,12,1,1,0","human_knight_cav,foot_cav,15,-203,-16.6,0,13,1,1,0","human_knight_cav,leg_up,79,-437,43.2,0,14,1,1,0","human_knight_cav,leg_low,107,-301,-3.5,0,19,1,1,0","human_knight_cav,foot,116,-217,-3.5,0,23,1,1,0","human_knight_cav,base,226,-719,135.3,1,6,1,0.9,0","human_knight_cav,shield,-97,-577,-25,0,3,1,1,0","human_knight_cav,skirt,17,-458,8,0,9,1,1,0",,,,,,,,,,"horse_knight,head,350,-494,-6,0,0,1,1,0","horse_knight,neck,240,-494,-26,0,15,1,1,0","horse_knight,body,-36,-271,0,0,14,1,1,0",,"horse_knight,arm_low,180,-120,0,0,16,1,1,0","horse_knight,fist,191,-36,2,0,18,1,1,0",,"horse_knight,arm_low,112,-127,-10,0,18,1,1,0","horse_knight,fist,114,-44,-3,0,22,1.1,1.1,0",,"horse_knight,leg_low,-241,-118,-7,0,17,1,1,0","horse_knight,foot,-237,-36,-3,0,19,1,1,0",,"horse_knight,leg_low,-143,-132,0,0,18,1,1,0","horse_knight,foot,-129,-43,0,0,19,1,1,0",,,"horse_knight,tail,-286,-138,-11,0,20,1,1,0","horse_knight,seat,-60,-452,25,0,8,1,1,0","horse_knight,seat,63,-460,-15,1,8,1,1,0",,,,,,,,,,,,,,,,,,,,,,,,,,,,,,,,,,,,,,,,,,,,,,,,,,,,,,,,,,,,,,,,,,,,,,,,
Attack1/2,"human_knight_cav,head,52,-744,-10,0,6,1,1,0","human_knight_cav,neck,14,-662,-2,0,9,1,1,0","human_knight_cav,body,15,-567,-11.5,0,7,1,1,0","human_knight_cav,arm_up_right,-91,-608,-36,0,3,1,1,0","human_knight_cav,arm_low,-103,-517,23,0,5,1,1,0","human_knight_cav,fist,-62,-440,31,0,5,1,1,0","human_knight_cav,arm_up,103,-566,15,1,16,1,1,0","human_knight_cav,arm_low,173,-473,58,1,18,1,1,0","human_knight_cav,fist,239,-432,50,1,26,1,1,0","human_knight_cav,leg_up,-8,-390,36,0,9,1,1,0","human_knight_cav,leg_low,10,-285,-13,0,12,1,1,0","human_knight_cav,foot_cav,15,-203,-16.6,0,13,1,1,0","human_knight_cav,leg_up,79,-437,43.2,0,14,1,1,0","human_knight_cav,leg_low,107,-301,-3.5,0,19,1,1,0","human_knight_cav,foot,116,-217,-3.5,0,23,1,1,0","human_knight_cav,base,296,-589,115.3,1,6,1,0.9,0","human_knight_cav,shield,-103,-577,-29,0,3,1,1,0","human_knight_cav,skirt,17,-458,8,0,9,1,1,0",,,,,,,,,,"horse_knight,head,357,-485,-5,0,8,1,1,0","horse_knight,neck,247,-489,-29,0,15,1,1,0","horse_knight,body,-36,-271,-1,0,14,1,1,0",,"horse_knight,arm_low,210,-120,12,0,16,1,1,0","horse_knight,fist,244,-38,4,0,18,1,1,0",,"horse_knight,arm_low,127,-125,-8,0,18,1,1,0","horse_knight,fist,131,-42,-1,0,22,1.1,1.1,0",,"horse_knight,leg_low,-244,-118,-10,0,17,1,1,0","horse_knight,foot,-247,-36,-8,0,19,1,1,0",,"horse_knight,leg_low,-145,-132,0,0,18,1,1,0","horse_knight,foot,-132,-43,-3,0,19,1,1,0",,,"horse_knight,tail,-286,-138,-11,0,20,1,1,0","horse_knight,seat,-60,-452,25,0,8,1,1,0","horse_knight,seat,63,-460,-15,1,8,1,1,0",,,,,,,,,,,,,,,,,,,,,,,,,,,,,,,,,,,,,,,,,,,,,,,,,,,,,,,,,,,,,,,,,,,,,,,,
Attack1/3,"human_knight_cav,head,50,-756,-5,0,6,1,1,0","human_knight_cav,neck,15,-673,1,0,9,1,1,0","human_knight_cav,body,22,-580,-8.5,0,7,1,1,0","human_knight_cav,arm_up_right,-75,-595,-24,0,3,1,1,0","human_knight_cav,arm_low,-96,-519,9,0,5,1,1,0","human_knight_cav,fist,-107,-488,6,0,5,1,1,0","human_knight_cav,arm_up,94,-591,16,1,29,1,1,0","human_knight_cav,arm_low,167,-503,62,1,31,1,1,0","human_knight_cav,fist,228,-474,55,1,31,1,1,0","human_knight_cav,leg_up,1,-394,39,0,9,1,1,0","human_knight_cav,leg_low,11,-296,-17,0,12,1,1,0","human_knight_cav,foot_cav,11,-212,-26.6,0,13,1,1,0","human_knight_cav,leg_up,88,-445,47.2,0,27,1,1,0","human_knight_cav,leg_low,122,-328,0.5,0,32,1,1,0","human_knight_cav,foot,135,-244,0.5,0,36,1,1,0","human_knight_cav,stab,269,-405,79.3,1,6,1,0.9,0","human_knight_cav,shield,-95,-567,-33,0,3,1,1,0","human_knight_cav,skirt,25,-470,11,0,9,1,1,0",,,,,,,,,,"horse_knight,head,366,-498,-5,0,20,1,1,0","horse_knight,neck,256,-502,-29,0,27,1,1,0","horse_knight,body_move2,-30,-276,1,0,26,1,1,0","horse_knight,arm_up,172,-185,7,0,28,1,1,0","horse_knight,arm_low,163,-103,-1,0,28,1,1,0","horse_knight,fist,168,-28,-4,0,30,1,1,0","horse_knight,arm_up,211,-219,26,0,30,1.2,1,0","horse_knight,arm_low,227,-125,3,0,33,1,1,0","horse_knight,fist,248,-41,2,0,37,1.1,1.1,0",,"horse_knight,leg_low,-315,-123,-22,0,28,1,1,0","horse_knight,foot,-334,-43,-20,0,29,1,1,0",,"horse_knight,leg_low,-208,-133,18,0,30,1,1,0","horse_knight,foot,-171,-47,4,0,30,1,1.1,0",,,"horse_knight,tail,-316,-152,-21,0,32,1,1,0","horse_knight,seat,-59,-464,24,0,8,1,1,0","horse_knight,seat,64,-469,-16,1,8,1,1,0",,,,,,,,,,,,,,,,,,,,,,,,,,,,,,,,,,,,,,,,,,,,,,,,,,,,,,,,,,,,,,,,,,,,,,,,
Attack1/4,"human_knight_cav,head,64,-746,-15,0,6,1,1,0","human_knight_cav,neck,25,-673,1,0,9,1,1,0","human_knight_cav,body,22,-580,-12.5,0,7,1,1,0","human_knight_cav,arm_up_right,-78,-588,-44,0,3,1,1,0","human_knight_cav,arm_low,-144,-557,-16,0,5,1,1,0","human_knight_cav,fist,-164,-532,-19,0,5,1,1,0","human_knight_cav,arm_up,94,-582,6,1,29,1,1,0","human_knight_cav,arm_low,151,-482,52,1,31,1,1,0","human_knight_cav,fist,206,-443,45,1,31,1,1,0","human_knight_cav,leg_up,1,-400,43,0,9,1,1,0","human_knight_cav,leg_low,11,-307,-17,0,12,1,1,0","human_knight_cav,foot_cav,11,-223,-26.6,0,13,1,1,0","human_knight_cav,leg_up,88,-445,47.2,0,27,1,1,0","human_knight_cav,leg_low,122,-328,0.5,0,32,1,1,0","human_knight_cav,foot,135,-244,0.5,0,36,1,1,0","human_knight_cav,stab,192,-415,73.3,1,6,1,0.9,0","human_knight_cav,shield,-115,-570,-34,0,3,1,1,0","human_knight_cav,skirt,25,-470,11,0,9,1,1,0",,,,,,,,,,"horse_knight,head,385,-499,6,0,12,1,1,0","horse_knight,neck,261,-484,-36,0,27,1,1,0","horse_knight,body_move,-30,-276,0,0,26,1,1,0","horse_knight,arm_up,176,-184,8,0,28,1,1,0","horse_knight,arm_low,162,-102,4,0,28,1,1,0","horse_knight,fist,171,-28,-2,0,30,1,1,0","horse_knight,arm_up,214,-219,27,0,30,1.2,1,0","horse_knight,arm_low,232,-125,4,0,33,1,1,0","horse_knight,fist,254,-42,3,0,37,1.1,1.1,0",,"horse_knight,leg_low,-323,-139,-22,0,28,1,1.2,0","horse_knight,foot,-342,-48,-20,0,29,1,1,0",,"horse_knight,leg_low,-225,-118,6,0,30,1,1,0","horse_knight,foot,-208,-34,-5,0,30,1,1.1,0",,,"horse_knight,tail,-337,-164,-36,0,32,1,1,0","horse_knight,seat,-57,-464,24,0,8,1,1,0","horse_knight,seat,66,-469,-16,1,8,1,1,0",,,,,,,,,,,,,,,,,,,,,,,,,,,,,,,,,,,,,,,,,,,,,,,,,,,,,,,,,,,,,,,,,,,,,,,,
Attack1/5,"human_knight_cav,head,58,-748,-9,0,6,1,1,0","human_knight_cav,neck,25,-673,1,0,9,1,1,0","human_knight_cav,body,29,-580,-11.5,0,7,1,1,0","human_knight_cav,arm_up_right,-68,-588,-14,0,3,1,1,0","human_knight_cav,arm_low,-88,-487,-2,0,5,1,1,0","human_knight_cav,fist,-97,-467,-8,0,5,1,1,0","human_knight_cav,arm_up,92,-582,13,1,29,1,1,0","human_knight_cav,arm_low,159,-482,55,1,31,1,1,0","human_knight_cav,fist,206,-443,45,1,31,1,1,0","human_knight_cav,leg_up,1,-400,43,0,9,1,1,0","human_knight_cav,leg_low,7,-307,-21,0,12,1,1,0","human_knight_cav,foot_cav,0,-226,-30.6,0,13,1,1,0","human_knight_cav,leg_up,94,-445,48.2,0,27,1,1,0","human_knight_cav,leg_low,122,-328,0.5,0,32,1,1,0","human_knight_cav,foot,135,-244,0.5,0,36,1,1,0","human_knight_cav,stab,292,-399,82.3,1,6,1,0.9,0","human_knight_cav,shield,-65,-557,-13,0,3,1,1,0","human_knight_cav,skirt,14,-467,0,0,9,1,1,0",,,,,,,,,,"horse_knight,head,388,-495,8,0,12,1,1,0","horse_knight,neck,264,-476,-34,0,27,1,1,0","horse_knight,body_move,-30,-276,-2,0,26,1,1,0","horse_knight,arm_up,176,-186,6,0,28,1,1,0","horse_knight,arm_low,165,-102,0,0,28,1,1,0","horse_knight,fist,166,-28,-6,0,30,1,1,0","horse_knight,arm_up,216,-219,25,0,30,1.2,1,0","horse_knight,arm_low,230,-125,2,0,33,1,1,0","horse_knight,fist,250,-40,1,0,37,1.1,1.1,0",,"horse_knight,leg_low,-321,-142,-24,0,28,1,1.2,0","horse_knight,foot,-348,-51,-26,0,29,1,1,0",,"horse_knight,leg_low,-225,-118,6,0,30,1,1,0","horse_knight,foot,-208,-34,-5,0,30,1,1.1,0",,,"horse_knight,tail,-337,-176,-41,0,32,1,1,0","horse_knight,seat,-48,-469,19,0,8,1,1,0","horse_knight,seat,75,-464,-21,1,8,1,1,0",,,,,,,,,,,,,,,,,,,,,,,,,,,,,,,,,,,,,,,,,,,,,,,,,,,,,,,,,,,,,,,,,,,,,,"sprite_deal_damage,play_time_mod_0.5",,
Attack1/6,"human_knight_cav,head,79,-748,-9,0,6,1,1,0","human_knight_cav,neck,25,-673,1,0,9,1,1,0","human_knight_cav,body,41,-580,-14.5,0,7,1,1,0","human_knight_cav,arm_up_right,-31,-574,26,0,3,1,1,0","human_knight_cav,arm_low,19,-483,38,0,5,1,1,0","human_knight_cav,fist,46,-431,12,0,5,1,1,0","human_knight_cav,arm_up,102,-582,3,1,29,1,1,0","human_knight_cav,arm_low,159,-482,65,1,31,1,1,0","human_knight_cav,fist,206,-443,45,1,31,1,1,0","human_knight_cav,leg_up,1,-400,43,0,9,1,1,0","human_knight_cav,leg_low,7,-307,-21,0,12,1,1,0","human_knight_cav,foot_cav,0,-226,-30.6,0,13,1,1,0","human_knight_cav,leg_up,94,-445,48.2,0,27,1,1,0","human_knight_cav,leg_low,122,-328,0.5,0,32,1,1,0","human_knight_cav,foot,135,-244,0.5,0,36,1,1,0","human_knight_cav,stab,462,-386,84.3,1,6,1.1,1,0","human_knight_cav,shield,-35,-551,9,0,3,1,1,0","human_knight_cav,skirt,14,-467,0,0,9,1,1,0",,,,,,,,,,"horse_knight,head,390,-492,6,0,12,1,1,0","horse_knight,neck,266,-477,-36,0,27,1,1,0","horse_knight,body_move2,-29,-276,-2,0,26,1,1,0","horse_knight,arm_up,169,-189,3,0,28,1,1,0","horse_knight,arm_low,164,-107,-3,0,28,1,1,0","horse_knight,fist,165,-31,-8,0,30,1,1,0","horse_knight,arm_up,219,-219,12,0,30,1.2,1,0","horse_knight,arm_low,220,-125,-1,0,33,1,1,0","horse_knight,fist,235,-37,-2,0,37,1.1,1.1,0",,"horse_knight,leg_low,-339,-141,-29,0,28,1,1.2,0","horse_knight,foot,-380,-50,-38,0,29,1,1,0",,"horse_knight,leg_low,-225,-118,-1,0,30,1,1,0","horse_knight,foot,-208,-34,0,0,30,1,1.1,0",,,"horse_knight,tail,-337,-164,-30,0,32,1,1,0","horse_knight,seat,-41,-471,17,0,8,1,1,0","horse_knight,seat,82,-462,-23,1,8,1,1,0",,,,,,,,,,,,,,,,,,,,,,,,,,,,,,,,,,,,,,,,,,,,,,,,,,,,,,,,,,,,,,,,,,,,,,"play_time_mod_0.2,sprite_deal_damage",,
Attack1/7,"human_knight_cav,head,86,-748,-10,0,6,1,1,0","human_knight_cav,neck,45,-673,-9,0,9,1,1,0","human_knight_cav,body,35,-580,-16.5,0,7,1,1,0","human_knight_cav,arm_up_right,29,-575,56,0,3,1,1,0","human_knight_cav,arm_low,130,-494,58,0,5,1,1,0","human_knight_cav,fist,181,-435,38,0,5,1,1,0","human_knight_cav,arm_up,102,-572,-7,1,29,1,1,0","human_knight_cav,arm_low,157,-482,65,1,31,1,1,0","human_knight_cav,fist,206,-443,45,1,31,1,1,0","human_knight_cav,leg_up,1,-400,43,0,9,1,1,0","human_knight_cav,leg_low,2,-307,-27,0,12,1,1,0","human_knight_cav,foot_cav,-20,-226,-40.6,0,13,1,1,0","human_knight_cav,leg_up,94,-445,48.2,0,27,1,1,0","human_knight_cav,leg_low,122,-328,0.5,0,32,1,1,0","human_knight_cav,foot,135,-244,0.5,0,36,1,1,0","human_knight_cav,stab,607,-386,84.3,1,6,1.1,1,0","human_knight_cav,shield,-6,-562,27,0,3,1,1,0","human_knight_cav,skirt,14,-467,0,0,9,1,1,0",,,,,,,,,,"horse_knight,head,390,-490,5,0,12,1,1,0","horse_knight,neck,266,-477,-37,0,27,1,1,0","horse_knight,body_move,-29,-276,-3,0,26,1,1,0","horse_knight,arm_up,169,-189,3,0,28,1,1,0","horse_knight,arm_low,164,-107,-3,0,28,1,1,0","horse_knight,fist,165,-31,-8,0,30,1,1,0","horse_knight,arm_up,219,-219,13,0,30,1.2,1,0","horse_knight,arm_low,220,-125,-1,0,33,1,1,0","horse_knight,fist,235,-37,-2,0,37,1.1,1.1,0",,"horse_knight,leg_low,-343,-141,-32,0,28,1,1.2,0","horse_knight,foot,-387,-50,-42,0,29,1,1,0",,"horse_knight,leg_low,-225,-118,-1,0,30,1,1,0","horse_knight,foot,-208,-34,0,0,30,1,1.1,0",,,"horse_knight,tail,-337,-174,-20,0,32,1,1,0","horse_knight,seat,-41,-472,16,0,8,1,1,0","horse_knight,seat,82,-461,-24,1,8,1,1,0",,,,,,,,,,,,,,,,,,,,,,,,,,,,,,,,,,,,,,,,,,,,,,,,,,,,,,,,,,,,,,,,,,,,,,"sprite_deal_damage,play_time_mod_0.1",,
Attack1/8,"human_knight_cav,head,94,-748,-9,0,6,1,1,0","human_knight_cav,neck,45,-673,-9,0,9,1,1,0","human_knight_cav,body,40,-580,-18.5,0,7,1,1,0","human_knight_cav,arm_up_right,35,-573,58,0,3,1,1,0","human_knight_cav,arm_low,138,-494,60,0,5,1,1,0","human_knight_cav,fist,191,-437,40,0,5,1,1,0","human_knight_cav,arm_up,102,-572,-7,1,29,1,1,0","human_knight_cav,arm_low,157,-482,65,1,31,1,1,0","human_knight_cav,fist,206,-443,45,1,31,1,1,0","human_knight_cav,leg_up,1,-400,46,0,9,1,1,0","human_knight_cav,leg_low,1,-309,-33,0,12,1,1,0","human_knight_cav,foot_cav,-25,-230,-45.6,0,13,1,1,0","human_knight_cav,leg_up,94,-445,48.2,0,27,1,1,0","human_knight_cav,leg_low,122,-328,0.5,0,32,1,1,0","human_knight_cav,foot,135,-244,0.5,0,36,1,1,0","human_knight_cav,base,579,-392,84.3,1,6,1,0.9,0","human_knight_cav,shield,11,-562,23,0,3,1,1,0","human_knight_cav,skirt,15,-467,1,0,9,1,1,0",,,,,,,,,,"horse_knight,head,390,-484,3,0,12,1,1,0","horse_knight,neck,266,-475,-39,0,27,1,1,0","horse_knight,body_move,-26,-276,-3,0,26,1,1,0","horse_knight,arm_up,169,-189,3,0,28,1,1,0","horse_knight,arm_low,158,-107,-5,0,28,1,1,0","horse_knight,fist,154,-31,-8,0,30,1,1,0","horse_knight,arm_up,221,-219,19,0,30,1.2,1,0","horse_knight,arm_low,220,-125,-5,0,33,1,1,0","horse_knight,fist,230,-37,-2,0,37,1.1,1.1,0",,"horse_knight,leg_low,-343,-141,-36,0,28,1,1.2,0","horse_knight,foot,-391,-54,-45,0,29,1,1,0",,"horse_knight,leg_low,-225,-118,-1,0,30,1,1,0","horse_knight,foot,-208,-34,0,0,30,1,1.1,0",,,"horse_knight,tail,-337,-174,-20,0,32,1,1,0","horse_knight,seat,-39,-475,13,0,8,1,1,0","horse_knight,seat,84,-458,-27,1,8,1,1,0",,,,,,,,,,,,,,,,,,,,,,,,,,,,,,,,,,,,,,,,,,,,,,,,,,,,,,,,,,,,,,,,,,,,,,,,
Attack1/9,"human_knight_cav,head,94,-748,-6,0,6,1,1,0","human_knight_cav,neck,45,-673,-9,0,9,1,1,0","human_knight_cav,body,40,-580,-18.5,0,7,1,1,0","human_knight_cav,arm_up_right,40,-573,58,0,3,1,1,0","human_knight_cav,arm_low,143,-494,60,0,5,1,1,0","human_knight_cav,fist,196,-437,40,0,5,1,1,0","human_knight_cav,arm_up,102,-572,-7,1,29,1,1,0","human_knight_cav,arm_low,157,-482,65,1,31,1,1,0","human_knight_cav,fist,206,-443,45,1,31,1,1,0","human_knight_cav,leg_up,1,-400,46,0,9,1,1,0","human_knight_cav,leg_low,1,-309,-33,0,12,1,1,0","human_knight_cav,foot_cav,-25,-230,-45.6,0,13,1,1,0","human_knight_cav,leg_up,94,-445,48.2,0,27,1,1,0","human_knight_cav,leg_low,122,-328,0.5,0,32,1,1,0","human_knight_cav,foot,135,-244,0.5,0,36,1,1,0","human_knight_cav,base,589,-392,84.3,1,6,1,0.9,0","human_knight_cav,shield,11,-562,25,0,3,1,1,0","human_knight_cav,skirt,15,-467,1,0,9,1,1,0",,,,,,,,,,"horse_knight,head,390,-483,3,0,12,1,1,0","horse_knight,neck,266,-474,-39,0,27,1,1,0","horse_knight,body_move2,-26,-276,-3,0,26,1,1,0","horse_knight,arm_up,169,-189,3,0,28,1,1,0","horse_knight,arm_low,152,-107,-5,0,28,1,1,0","horse_knight,fist,147,-31,-8,0,30,1,1,0","horse_knight,arm_up,219,-219,21,0,30,1.2,1,0","horse_knight,arm_low,216,-121,-10,0,33,1,1,0","horse_knight,fist,230,-37,3,0,37,1.1,1.1,0",,"horse_knight,leg_low,-341,-144,-30,0,28,1,1.2,0","horse_knight,foot,-395,-62,-64,0,29,1,1,0",,"horse_knight,leg_low,-225,-118,-1,0,30,1,1,0","horse_knight,foot,-208,-34,0,0,30,1,1.1,0",,,"horse_knight,tail,-337,-168,-36,0,32,1,1,0","horse_knight,seat,-42,-475,13,0,8,1,1,0","horse_knight,seat,81,-458,-27,1,8,1,1,0",,,,,,,,,,,,,,,,,,,,,,,,,,,,,,,,,,,,,,,,,,,,,,,,,,,,,,,,,,,,,,,,,,,,,,play_time_mod_1.25,,
Attack1/10,"human_knight_cav,head,72,-748,0,0,6,1,1,0","human_knight_cav,neck,45,-673,-9,0,9,1,1,0","human_knight_cav,body,37,-580,-16.5,0,7,1,1,0","human_knight_cav,arm_up_right,30,-573,28,0,3,1,1,0","human_knight_cav,arm_low,93,-484,60,0,5,1,1,0","human_knight_cav,fist,166,-437,50,0,5,1,1,0","human_knight_cav,arm_up,104,-572,2,1,29,1,1,0","human_knight_cav,arm_low,161,-482,67,1,31,1,1,0","human_knight_cav,fist,206,-443,45,1,31,1,1,0","human_knight_cav,leg_up,-1,-400,42,0,9,1,1,0","human_knight_cav,leg_low,1,-309,-22,0,12,1,1,0","human_knight_cav,foot_cav,-20,-225,-45.6,0,13,1,1,0","human_knight_cav,leg_up,94,-445,48.2,0,27,1,1,0","human_knight_cav,leg_low,122,-328,0.5,0,32,1,1,0","human_knight_cav,foot,135,-244,0.5,0,36,1,1,0","human_knight_cav,base,550,-516,104.3,1,6,1,0.9,0","human_knight_cav,shield,-3,-562,15,0,3,1,1,0","human_knight_cav,skirt,15,-467,1,0,9,1,1,0",,,,,,,,,,"horse_knight,head,390,-492,7,0,12,1,1,0","horse_knight,neck,266,-475,-35,0,27,1,1,0","horse_knight,body_move,-26,-280,-2,0,26,1,1,0","horse_knight,arm_up,169,-189,3,0,28,1,1,0","horse_knight,arm_low,148,-111,-5,0,28,1,1,0","horse_knight,fist,147,-31,-8,0,30,1,1,0","horse_knight,arm_up,217,-219,13,0,30,1.2,1,0","horse_knight,arm_low,212,-121,1,0,33,1,1,0","horse_knight,fist,230,-37,3,0,37,1.1,1.1,0",,"horse_knight,leg_low,-311,-144,-20,0,28,1,1.2,0","horse_knight,foot,-355,-62,-74,0,29,1,1,0",,"horse_knight,leg_low,-226,-118,0,0,30,1,1,0","horse_knight,foot,-207,-34,1,0,30,1,1.1,0",,,"horse_knight,tail,-337,-168,-23,0,32,1,1,0","horse_knight,seat,-49,-474,20,0,8,1,1,0","horse_knight,seat,82,-468,-24,1,8,1,1,0",,,,,,,,,,,,,,,,,,,,,,,,,,,,,,,,,,,,,,,,,,,,,,,,,,,,,,,,,,,,,,,,,,,,,,play_time_mod_1.25,,
Attack1/11,"human_knight_cav,head,32,-752,0,0,6,1,1,0","human_knight_cav,neck,5,-677,-9,0,9,1,1,0","human_knight_cav,body,14,-587,-6.5,0,7,1,1,0","human_knight_cav,arm_up_right,0,-573,28,0,3,1,1,0","human_knight_cav,arm_low,73,-484,80,0,5,1,1,0","human_knight_cav,fist,166,-467,90,0,5,1,1,0","human_knight_cav,arm_up,94,-582,12,1,29,1,1,0","human_knight_cav,arm_low,150,-502,67,1,31,1,1,0","human_knight_cav,fist,206,-443,45,1,31,1,1,0","human_knight_cav,leg_up,-1,-400,42,0,9,1,1,0","human_knight_cav,leg_low,1,-309,-22,0,12,1,1,0","human_knight_cav,foot_cav,-20,-225,-45.6,0,13,1,1,0","human_knight_cav,leg_up,94,-445,48.2,0,27,1,1,0","human_knight_cav,leg_low,122,-328,0.5,0,32,1,1,0","human_knight_cav,foot,135,-244,0.5,0,36,1,1,0","human_knight_cav,base,398,-774,144.3,1,6,1,0.9,0","human_knight_cav,shield,-41,-552,15,0,3,1,1,0","human_knight_cav,skirt,13,-467,1,0,9,1,1,0",,,,,,,,,,"horse_knight,head,374,-503,15,0,12,1,1,0","horse_knight,neck,242,-479,-26,0,27,1,1,0","horse_knight,body_move2,-28,-271,0,0,26,1,1,0","horse_knight,arm_up,169,-189,3,0,28,1,1,0","horse_knight,arm_low,128,-111,-5,0,28,1,1,0","horse_knight,fist,127,-31,-8,0,30,1,1,0","horse_knight,arm_up,207,-219,13,0,30,1.2,1,0","horse_knight,arm_low,201,-121,1,0,33,1,1,0","horse_knight,fist,220,-37,3,0,37,1.1,1.1,0",,"horse_knight,leg_low,-281,-122,-20,0,28,1,1.2,0","horse_knight,foot,-305,-42,-44,0,29,1,1,0",,"horse_knight,leg_low,-218,-125,2,0,30,1,1,0","horse_knight,foot,-198,-34,3,0,30,1,1.1,0",,,"horse_knight,tail,-287,-128,-23,0,32,1,1,0","horse_knight,seat,-54,-474,20,0,8,1,1,0","horse_knight,seat,77,-468,-24,1,8,1,1,0",,,,,,,,,,,,,,,,,,,,,,,,,,,,,,,,,,,,,,,,,,,,,,,,,,,,,,,,,,,,,,,,,,,,,,,,
Attack1/12,"human_knight_cav,head,30,-752,0,0,6,1,1,0","human_knight_cav,neck,3,-677,-9,0,9,1,1,0","human_knight_cav,body,12,-587,-6.5,0,7,1,1,0","human_knight_cav,arm_up_right,-22,-573,-2,0,3,1,1,0","human_knight_cav,arm_low,17,-484,80,0,5,1,1,0","human_knight_cav,fist,110,-467,90,0,5,1,1,0","human_knight_cav,arm_up,92,-582,12,1,29,1,1,0","human_knight_cav,arm_low,148,-502,67,1,31,1,1,0","human_knight_cav,fist,204,-443,45,1,31,1,1,0","human_knight_cav,leg_up,-3,-400,42,0,9,1,1,0","human_knight_cav,leg_low,9,-309,-17,0,12,1,1,0","human_knight_cav,foot_cav,-5,-215,-41.6,0,13,1,1,0","human_knight_cav,leg_up,92,-445,48.2,0,27,1,1,0","human_knight_cav,leg_low,120,-328,0.5,0,32,1,1,0","human_knight_cav,foot,133,-244,0.5,0,36,1,1,0","human_knight_cav,base,337,-782,147.3,1,6,1,0.9,0","human_knight_cav,shield,-65,-552,-5,0,3,1,1,0","human_knight_cav,skirt,11,-467,1,0,9,1,1,0",,,,,,,,,,"horse_knight,head,361,-504,6,0,12,1,1,0","horse_knight,neck,234,-484,-20,0,27,1,1,0","horse_knight,body,-30,-271,1,0,26,1,1,0","horse_knight,arm_up,167,-189,3,0,28,1,1,0","horse_knight,arm_low,120,-114,-5,0,28,1,1,0","horse_knight,fist,121,-32,-6,0,30,1,1,0","horse_knight,arm_up,205,-219,13,0,30,1.2,1,0","horse_knight,arm_low,199,-121,1,0,33,1,1,0","horse_knight,fist,218,-37,3,0,37,1.1,1.1,0",,"horse_knight,leg_low,-273,-122,0,0,28,1,1.2,0","horse_knight,foot,-267,-30,-4,0,29,1,1,0",,"horse_knight,leg_low,-193,-125,2,0,30,1,1,0","horse_knight,foot,-173,-34,3,0,30,1,1.1,0",,,"horse_knight,tail,-281,-133,-16,0,32,1,1,0","horse_knight,seat,-57,-474,20,0,8,1,1,0","horse_knight,seat,67,-468,-24,1,8,1,1,0",,,,,,,,,,,,,,,,,,,,,,,,,,,,,,,,,,,,,,,,,,,,,,,,,,,,,,,,,,,,,,,,,,,,,,,,
Attack1/13,"human_knight_cav,head,34,-746,-5,0,6,1,1,0","human_knight_cav,neck,14,-662,-2,0,9,1,1,0","human_knight_cav,body,14,-567,-6.5,0,7,1,1,0","human_knight_cav,arm_up_right,-72,-586,-24,0,3,1,1,0","human_knight_cav,arm_low,-72,-494,56,0,5,1,1,0","human_knight_cav,fist,3,-451,64,0,5,1,1,0","human_knight_cav,arm_up,82,-579,17,1,16,1,1,0","human_knight_cav,arm_low,154,-488,60,1,18,1,1,0","human_knight_cav,fist,218,-453,52,1,18,1,1,0","human_knight_cav,leg_up,-8,-390,36,0,9,1,1,0","human_knight_cav,leg_low,15,-285,-10,0,12,1,1,0","human_knight_cav,foot_cav,23,-203,-13.6,0,13,1,1,0","human_knight_cav,leg_up,79,-437,43.2,0,14,1,1,0","human_knight_cav,leg_low,107,-301,-3.5,0,19,1,1,0","human_knight_cav,foot,116,-217,-3.5,0,23,1,1,0","human_knight_cav,base,217,-767,148.3,1,6,1,0.9,0","human_knight_cav,shield,-67,-540,-14,0,3,1,1,0","human_knight_cav,skirt,17,-458,8,0,9,1,1,0",,,,,,,,,,"horse_knight,head,350,-494,-6,0,0,1,1,0","horse_knight,neck,240,-494,-26,0,15,1,1,0","horse_knight,body,-36,-271,0,0,14,1,1,0",,"horse_knight,arm_low,180,-120,0,0,16,1,1,0","horse_knight,fist,191,-36,2,0,18,1,1,0",,"horse_knight,arm_low,112,-127,-10,0,18,1,1,0","horse_knight,fist,114,-44,-3,0,22,1.1,1.1,0",,"horse_knight,leg_low,-238,-118,0,0,17,1,1,0","horse_knight,foot,-227,-36,2,0,19,1,1,0",,"horse_knight,leg_low,-143,-132,0,0,18,1,1,0","horse_knight,foot,-129,-43,0,0,19,1,1,0",,,"horse_knight,tail,-286,-138,-11,0,20,1,1,0","horse_knight,seat,-60,-452,25,0,8,1,1,0","horse_knight,seat,63,-460,-15,1,8,1,1,0",,,,,,,,,,,,,,,,,,,,,,,,,,,,,,,,,,,,,,,,,,,,,,,,,,,,,,,,,,,,,,,,,,,,,,,,
Spirit/0,"human_knight_cav,head,-334,-687,92,0,6,1,1,0","human_knight_cav,neck,-249,-659,88,0,9,1,1,0","human_knight_cav,body,-174,-622,61.5,0,7,1,1,0","human_knight_cav,arm_up_right,-205,-637,179,0,3,1,1,0","human_knight_cav,arm_low,-223,-765,-150,0,5,1,1,0","human_knight_cav,fist,-271,-839,-140,0,5,1,1,0","human_knight_cav,arm_up,-164,-690,76,1,16,1,1,0","human_knight_cav,arm_low,-38,-686,100,1,18,1,1,0","human_knight_cav,fist,73,-690,92,1,18,1,1,0","human_knight_cav,leg_up,-39,-476,65,0,9,1,1,0","human_knight_cav,leg_low,22,-429,27,0,12,1,1,0","human_knight_cav,foot_cav,79,-368,23.4,0,13,1,1,0","human_knight_cav,leg_up,-25,-589,83.2,0,14,1,1,0","human_knight_cav,leg_low,84,-504,36.5,0,19,1,1,0","human_knight_cav,foot,145,-444,36.5,0,23,1,1,0",,,"human_knight_cav,skirt,-84,-554,48,0,9,1,1,0",,,,,,,,,,"horse_knight,close,107,-839,91,0,0,1,1,0","horse_knight,neck,66,-734,13,0,15,1,1,0","horse_knight,body_move,-4,-386,40,0,14,1,1,0","horse_knight,arm_up,227,-587,120,0,16,1,1,0","horse_knight,arm_low,265,-557,7,0,17,1,1,0","horse_knight,fist,276,-464,-23,0,18,1,1,0","horse_knight,arm_up,168,-486,30,0,16,1,1,0","horse_knight,arm_low,238,-395,40,0,18,1,1,0","horse_knight,fist,282,-324,-21,0,22,1.1,1.1,0",,"horse_knight,leg_low,-152,-129,-8,0,17,1,1,0","horse_knight,foot,-78,-78,-27,0,19,1,1,0",,"horse_knight,leg_low,-88,-154,10,0,18,1,1,0","horse_knight,foot,-174,-54,-44,0,21,1,1,0",,,"horse_knight,tail,-158,-107,8,0,20,1,1,0","horse_knight,seat,-140,-510,65,0,8,1,1,0","horse_knight,seat,-50,-595,25,1,8,1,1,0",,,,,,,,,,,,,,,,,,,,,,,,,,,,,,,,,,,,,,,,,,,,,,,,,,,,,,,,,,,,,,,,,,,,,,"effect_fade_5,hold,effect_grey",,
Skill1/0,"human_knight_cav,head,46,-747,-8,0,6,1,1,0","human_knight_cav,neck,8,-666,0,0,9,1,1,0","human_knight_cav,body,15,-573,-6.5,0,7,1,1,0","human_knight_cav,arm_up_right,-78,-588,-25,0,3,1,1,0","human_knight_cav,arm_low,-94,-512,28,0,5,1,1,0","human_knight_cav,fist,-77,-469,6,0,5,1,1,0","human_knight_cav,arm_up,87,-581,15,1,29,1,1,0","human_knight_cav,arm_low,157,-493,61,1,31,1,1,0","human_knight_cav,fist,218,-463,54,1,31,1,1,0","human_knight_cav,leg_up,-2,-387,38,0,9,1,1,0","human_knight_cav,leg_low,11,-289,-15,0,12,1,1,0","human_knight_cav,foot_cav,8,-205,-24.6,0,13,1,1,0","human_knight_cav,leg_up,81,-445,45.2,0,27,1,1,0","human_knight_cav,leg_low,113,-309,-1.5,0,32,1,1,0","human_knight_cav,foot,124,-225,-1.5,0,36,1,1,0","human_knight_cav,stab,298,-382,79.3,1,6,1,0.9,0","human_knight_cav,shield,-79,-560,-24,0,3,1,1,0","human_knight_cav,skirt,16,-462,10,0,9,1,1,0",,,,,,,,,,"horse_knight,head,386,-463,3,0,13,1,1,0","horse_knight,neck,269,-468,-43,0,28,1,1,0","horse_knight,body_move,-36,-270,0,0,27,1,1,0","horse_knight,arm_up,244,-246,70,0,29,1,1,0","horse_knight,arm_low,269,-184,-3,0,30,1,1,0","horse_knight,fist,253,-115,-63,0,31,1,1,0","horse_knight,arm_up,161,-236,-10,0,29,1,1,0","horse_knight,arm_low,155,-121,0,0,31,1,1,0","horse_knight,fist,171,-42,9,0,35,1.1,1.1,0",,"horse_knight,leg_low,-246,-111,-18,0,30,1,1,0","horse_knight,foot,-248,-38,3,0,32,1,1,0",,"horse_knight,leg_low,-233,-134,-20,0,31,1,1,0","horse_knight,foot,-309,-68,-84,0,34,1,1,0",,,"horse_knight,tail,-333,-156,-32,0,33,1,1,0","horse_knight,seat,-60,-453,25,0,8,1,1,0","horse_knight,seat,63,-460,-15,1,8,1,1,0",,,,,,,,,,,,,,,,,,,,,,,,,,,,,,,,,,,,,,,,,,,,,,,,,,,,,,,,,,,,,,,,,,,,,,sprite_deal_damage,play_time_mod_0.7,
Skill1/1,"human_knight_cav,head,35,-754,-2,0,6,1,1,0","human_knight_cav,neck,4,-669,1,0,9,1,1,0","human_knight_cav,body,12,-576,-5.5,0,7,1,1,0","human_knight_cav,arm_up_right,-81,-590,-24,0,3,1,1,0","human_knight_cav,arm_low,-96,-514,29,0,5,1,1,0","human_knight_cav,fist,-78,-471,7,0,5,1,1,0","human_knight_cav,arm_up,84,-586,16,1,29,1,1,0","human_knight_cav,arm_low,156,-499,62,1,31,1,1,0","human_knight_cav,fist,217,-470,55,1,31,1,1,0","human_knight_cav,leg_up,-1,-390,39,0,9,1,1,0","human_knight_cav,leg_low,13,-292,-14,0,12,1,1,0","human_knight_cav,foot_cav,12,-208,-23.6,0,13,1,1,0","human_knight_cav,leg_up,81,-450,46.2,0,27,1,1,0","human_knight_cav,leg_low,115,-314,-0.5,0,32,1,1,0","human_knight_cav,foot,127,-230,-0.5,0,36,1,1,0","human_knight_cav,stab,299,-393,80.3,1,6,1,0.9,0","human_knight_cav,shield,-81,-562,-23,0,3,1,1,0","human_knight_cav,skirt,15,-466,11,0,9,1,1,0",,,,,,,,,,"horse_knight,head,374,-498,9,0,12,1,1,0","horse_knight,neck,253,-485,-34,0,27,1,1,0","horse_knight,body_move2,-36,-278,0,0,26,1,1,0","horse_knight,arm_up,252,-238,63,0,30,1,1,0","horse_knight,arm_low,304,-175,23,0,29,1,1,0","horse_knight,fist,324,-95,-27,0,30,1,1,0","horse_knight,arm_up,138,-223,-20,0,28,1,1,0","horse_knight,arm_low,112,-111,-10,0,30,1,1,0","horse_knight,fist,114,-30,-1,0,34,1.1,1.1,0",,"horse_knight,leg_low,-307,-161,-58,0,29,1,1,0","horse_knight,foot,-382,-132,-110,0,31,1,1,0",,"horse_knight,leg_low,-283,-131,-27,0,30,1,1,0","horse_knight,foot,-319,-46,-34,0,31,1,1,0",,,"horse_knight,tail,-341,-160,-32,0,32,1,1,0","horse_knight,seat,-60,-461,25,0,8,1,1,0","horse_knight,seat,63,-468,-15,1,8,1,1,0",,,,,,,,,,,,,,,,,,,,,,,,,,,,,,,,,,,,,,,,,,,,,,,,,,,,,,,,,,,,,,,,,,,,,,sprite_deal_damage,play_time_mod_0.7,"horse_gallop,2500,5"
Skill1/2,"human_knight_cav,head,36,-758,-1,0,6,1,1,0","human_knight_cav,neck,7,-673,1,0,9,1,1,0","human_knight_cav,body,15,-580,-5.5,0,7,1,1,0","human_knight_cav,arm_up_right,-78,-594,-24,0,3,1,1,0","human_knight_cav,arm_low,-93,-518,29,0,5,1,1,0","human_knight_cav,fist,-75,-475,7,0,5,1,1,0","human_knight_cav,arm_up,87,-590,16,1,29,1,1,0","human_knight_cav,arm_low,159,-503,62,1,31,1,1,0","human_knight_cav,fist,220,-474,55,1,31,1,1,0","human_knight_cav,leg_up,2,-394,39,0,9,1,1,0","human_knight_cav,leg_low,16,-296,-14,0,12,1,1,0","human_knight_cav,foot_cav,15,-212,-23.6,0,13,1,1,0","human_knight_cav,leg_up,84,-454,46.2,0,27,1,1,0","human_knight_cav,leg_low,118,-318,-0.5,0,32,1,1,0","human_knight_cav,foot,130,-234,-0.5,0,36,1,1,0","human_knight_cav,stab,302,-397,80.3,1,6,1,0.9,0","human_knight_cav,shield,-78,-566,-23,0,3,1,1,0","human_knight_cav,skirt,18,-470,11,0,9,1,1,0",,,,,,,,,,"horse_knight,head,374,-508,9,0,12,1,1,0","horse_knight,neck,253,-497,-32,0,27,1,1,0","horse_knight,body_move,-35,-283,-1,0,26,1,1,0","horse_knight,arm_up,251,-222,38,0,30,1.1,1,0","horse_knight,arm_low,291,-130,17,0,29,1,1,0","horse_knight,fist,316,-51,-7,0,30,1,1,0","horse_knight,arm_up,138,-228,-20,0,28,1,1,0","horse_knight,arm_low,72,-116,-20,0,30,1,1,0","horse_knight,fist,54,-35,-11,0,34,1.1,1.1,0",,"horse_knight,leg_low,-308,-171,-68,0,29,1,1,0","horse_knight,foot,-325,-117,-97,0,31,1,1,0",,"horse_knight,leg_low,-279,-165,-30,0,30,1,1,0","horse_knight,foot,-379,-151,-114,0,31,1,1,0",,,"horse_knight,tail,-341,-188,-53,0,32,1,1,0","horse_knight,seat,-60,-466,25,0,8,1,1,0","horse_knight,seat,63,-473,-15,1,8,1,1,0",,,,,,,,,,,,,,,,,,,,,,,,,,,,,,,,,,,,,,,,,,,,,,,,,,,,,,,,,,,,,,,,,,,,,,sprite_deal_damage,play_time_mod_0.7,
Skill1/3,"human_knight_cav,head,33,-761,2,0,6,1,1,0","human_knight_cav,neck,7,-675,2,0,9,1,1,0","human_knight_cav,body,16,-582,-4.5,0,7,1,1,0","human_knight_cav,arm_up_right,-77,-595,-23,0,3,1,1,0","human_knight_cav,arm_low,-95,-527,30,0,5,1,1,0","human_knight_cav,fist,-76,-484,8,0,5,1,1,0","human_knight_cav,arm_up,88,-594,17,1,29,1,1,0","human_knight_cav,arm_low,162,-508,63,1,31,1,1,0","human_knight_cav,fist,223,-480,56,1,31,1,1,0","human_knight_cav,leg_up,7,-396,40,0,9,1,1,0","human_knight_cav,leg_low,22,-298,-13,0,12,1,1,0","human_knight_cav,foot_cav,23,-214,-22.6,0,13,1,1,0","human_knight_cav,leg_up,88,-458,47.2,0,27,1,1,0","human_knight_cav,leg_low,124,-322,0.5,0,32,1,1,0","human_knight_cav,foot,137,-238,0.5,0,36,1,1,0","human_knight_cav,stab,303,-412,81.3,1,6,1,0.9,0","human_knight_cav,shield,-76,-567,-22,0,3,1,1,0","human_knight_cav,skirt,21,-472,12,0,9,1,1,0",,,,,,,,,,"horse_knight,head,371,-534,13,0,12,1,1,0","horse_knight,neck,249,-510,-32,0,27,1,1,0","horse_knight,body_move2,-36,-287,0,0,26,1,1,0","horse_knight,arm_up,207,-228,8,0,28,1,1,0","horse_knight,arm_low,167,-179,-72,0,28,1,1,0","horse_knight,fist,101,-133,-97,0,30,1,1,0",,"horse_knight,arm_low,88,-174,-10,0,30,1,1,0","horse_knight,fist,45,-99,-81,0,34,1.1,1.1,0",,"horse_knight,leg_low,-282,-160,50,0,29,1,1,0","horse_knight,foot,-233,-101,-38,0,31,1,1,0",,"horse_knight,leg_low,-196,-146,2,0,30,1,1,0","horse_knight,foot,-196,-67,-34,0,30,1,1,0",,,"horse_knight,tail,-339,-167,-36,0,32,1,1,0","horse_knight,seat,-60,-470,25,0,8,1,1,0","horse_knight,seat,63,-477,-15,1,8,1,1,0",,,,,,,,,,,,,,,,,,,,,,,,,,,,,,,,,,,,,,,,,,,,,,,,,,,,,,,,,,,,,,,,,,,,,,sprite_deal_damage,play_time_mod_0.7,
Skill1/4,"human_knight_cav,head,39,-754,-2,0,6,1,1,0","human_knight_cav,neck,8,-669,1,0,9,1,1,0","human_knight_cav,body,16,-576,-5.5,0,7,1,1,0","human_knight_cav,arm_up_right,-77,-590,-24,0,3,1,1,0","human_knight_cav,arm_low,-91,-517,28,0,5,1,1,0","human_knight_cav,fist,-74,-474,6,0,5,1,1,0","human_knight_cav,arm_up,88,-586,16,1,29,1,1,0","human_knight_cav,arm_low,160,-499,62,1,31,1,1,0","human_knight_cav,fist,221,-470,55,1,31,1,1,0","human_knight_cav,leg_up,3,-390,39,0,9,1,1,0","human_knight_cav,leg_low,17,-292,-14,0,12,1,1,0","human_knight_cav,foot_cav,16,-208,-23.6,0,13,1,1,0","human_knight_cav,leg_up,85,-450,46.2,0,27,1,1,0","human_knight_cav,leg_low,119,-314,-0.5,0,32,1,1,0","human_knight_cav,foot,131,-230,-0.5,0,36,1,1,0","human_knight_cav,stab,302,-390,79.3,1,6,1,0.9,0","human_knight_cav,shield,-77,-562,-23,0,3,1,1,0","human_knight_cav,skirt,19,-466,11,0,9,1,1,0",,,,,,,,,,"horse_knight,head,376,-512,9,0,13,1,1,0","horse_knight,neck,257,-496,-36,0,28,1,1,0","horse_knight,body_move,-36,-277,1,0,27,1,1,0","horse_knight,arm_up,207,-238,38,0,29,1,1,0","horse_knight,arm_low,195,-166,-32,0,29,1,1,0","horse_knight,fist,149,-97,-67,0,31,1,1,0",,"horse_knight,arm_low,219,-190,60,0,34,1,1,0","horse_knight,fist,244,-146,-51,0,38,1.1,1.1,0",,"horse_knight,leg_low,-237,-151,45,0,29,1,1,0","horse_knight,foot,-206,-83,-38,0,30,1,1,0",,"horse_knight,leg_low,-155,-123,27,0,31,1,1,0","horse_knight,foot,-135,-47,-24,0,31,1,1,0",,,"horse_knight,tail,-322,-166,-24,0,33,1,1,0","horse_knight,seat,-60,-460,25,0,8,1,1,0","horse_knight,seat,63,-467,-15,1,8,1,1,0",,,,,,,,,,,,,,,,,,,,,,,,,,,,,,,,,,,,,,,,,,,,,,,,,,,,,,,,,,,,,,,,,,,,,,sprite_deal_damage,play_time_mod_0.7,
Skill1/5,"human_knight_cav,head,48,-745,-5,0,6,1,1,0","human_knight_cav,neck,15,-661,0,0,9,1,1,0","human_knight_cav,body,22,-568,-6.5,0,7,1,1,0","human_knight_cav,arm_up_right,-71,-583,-25,0,3,1,1,0","human_knight_cav,arm_low,-89,-502,27,0,5,1,1,0","human_knight_cav,fist,-73,-459,5,0,5,1,1,0","human_knight_cav,arm_up,94,-576,15,1,29,1,1,0","human_knight_cav,arm_low,164,-488,61,1,31,1,1,0","human_knight_cav,fist,225,-458,54,1,31,1,1,0","human_knight_cav,leg_up,5,-382,38,0,9,1,1,0","human_knight_cav,leg_low,18,-284,-15,0,12,1,1,0","human_knight_cav,foot_cav,15,-200,-24.6,0,13,1,1,0","human_knight_cav,leg_up,88,-440,45.2,0,27,1,1,0","human_knight_cav,leg_low,120,-304,-1.5,0,32,1,1,0","human_knight_cav,foot,131,-220,-1.5,0,36,1,1,0","human_knight_cav,stab,302,-369,78.3,1,6,1,0.9,0","human_knight_cav,shield,-72,-555,-24,0,3,1,1,0","human_knight_cav,skirt,23,-458,10,0,9,1,1,0",,,,,,,,,,"horse_knight,head,376,-480,9,0,12,1,1,0","horse_knight,neck,255,-475,-36,0,27,1,1,0","horse_knight,body_move2,-34,-266,1,0,26,1,1,0","horse_knight,arm_up,207,-217,28,0,28,1,1,0","horse_knight,arm_low,185,-156,-52,0,28,1,1,0","horse_knight,fist,117,-118,-107,0,30,1,1,0","horse_knight,arm_up,259,-256,70,0,30,1.2,1,0","horse_knight,arm_low,290,-194,0,0,33,1,1,0","horse_knight,fist,272,-120,-61,0,37,1.1,1.1,0",,"horse_knight,leg_low,-186,-110,25,0,28,1,1,0","horse_knight,foot,-148,-31,2,0,29,1,1,0",,"horse_knight,leg_low,-95,-123,47,0,30,1,1,0","horse_knight,foot,-63,-60,-24,0,30,1,1,0",,,"horse_knight,tail,-318,-143,-24,0,32,1,1,0","horse_knight,seat,-60,-450,25,0,8,1,1,0","horse_knight,seat,63,-457,-15,1,8,1,1,0",,,,,,,,,,,,,,,,,,,,,,,,,,,,,,,,,,,,,,,,,,,,,,,,,,,,,,,,,,,,,,,,,,,,,,sprite_deal_damage,play_time_mod_0.7,"horse_gallop,2500,5"
Skill1/6,"human_knight_cav,head,53,-743,-7,0,6,1,1,0","human_knight_cav,neck,18,-662,-1,0,9,1,1,0","human_knight_cav,body,24,-569,-7.5,0,7,1,1,0","human_knight_cav,arm_up_right,-69,-585,-26,0,3,1,1,0","human_knight_cav,arm_low,-90,-503,27,0,5,1,1,0","human_knight_cav,fist,-74,-460,5,0,5,1,1,0","human_knight_cav,arm_up,96,-575,14,1,29,1,1,0","human_knight_cav,arm_low,164,-486,60,1,31,1,1,0","human_knight_cav,fist,225,-455,53,1,31,1,1,0","human_knight_cav,leg_up,3,-383,37,0,9,1,1,0","human_knight_cav,leg_low,15,-285,-16,0,12,1,1,0","human_knight_cav,foot_cav,10,-201,-25.6,0,13,1,1,0","human_knight_cav,leg_up,87,-439,44.2,0,27,1,1,0","human_knight_cav,leg_low,117,-303,-2.5,0,32,1,1,0","human_knight_cav,foot,127,-219,-2.5,0,36,1,1,0","human_knight_cav,stab,300,-370,78.3,1,6,1,0.9,0","human_knight_cav,shield,-71,-544,-25,0,3,1,1,0","human_knight_cav,skirt,23,-459,9,0,9,1,1,0",,,,,,,,,,"horse_knight,head,380,-490,11,0,12,1,1,0","horse_knight,neck,256,-480,-34,0,27,1,1,0","horse_knight,body_move,-34,-272,0,0,26,1,1,0","horse_knight,arm_up,162,-179,4,0,28,1,1,0","horse_knight,arm_low,134,-104,-22,0,28,1,1,0","horse_knight,fist,97,-29,-47,0,30,1,1,0","horse_knight,arm_up,227,-211,27,0,30,1.2,1,0","horse_knight,arm_low,250,-120,10,0,33,1,1,0","horse_knight,fist,267,-33,-1,0,37,1.1,1.1,0",,"horse_knight,leg_low,-266,-159,-15,0,28,1,1,0","horse_knight,foot,-298,-84,-58,0,29,1,1,0",,"horse_knight,leg_low,-193,-131,7,0,30,1,1,0","horse_knight,foot,-212,-69,-79,0,30,1,1.1,0",,,"horse_knight,tail,-339,-158,-40,0,32,1,1,0","horse_knight,seat,-60,-456,25,0,8,1,1,0","horse_knight,seat,63,-463,-15,1,8,1,1,0",,,,,,,,,,,,,,,,,,,,,,,,,,,,,,,,,,,,,,,,,,,,,,,,,,,,,,,,,,,,,,,,,,,,,,sprite_deal_damage,play_time_mod_0.7,
Skill1/7,"human_knight_cav,head,42,-756,-2,0,6,1,1,0","human_knight_cav,neck,11,-671,1,0,9,1,1,0","human_knight_cav,body,19,-578,-5.5,0,7,1,1,0","human_knight_cav,arm_up_right,-74,-592,-24,0,3,1,1,0","human_knight_cav,arm_low,-90,-517,30,0,5,1,1,0","human_knight_cav,fist,-71,-474,8,0,5,1,1,0","human_knight_cav,arm_up,91,-588,16,1,29,1,1,0","human_knight_cav,arm_low,163,-501,62,1,31,1,1,0","human_knight_cav,fist,224,-472,55,1,31,1,1,0","human_knight_cav,leg_up,6,-392,39,0,9,1,1,0","human_knight_cav,leg_low,20,-294,-14,0,12,1,1,0","human_knight_cav,foot_cav,19,-210,-23.6,0,13,1,1,0","human_knight_cav,leg_up,88,-452,46.2,0,27,1,1,0","human_knight_cav,leg_low,122,-316,-0.5,0,32,1,1,0","human_knight_cav,foot,134,-232,-0.5,0,36,1,1,0","human_knight_cav,stab,307,-402,81.3,1,6,1,0.9,0","human_knight_cav,shield,-74,-560,-23,0,3,1,1,0","human_knight_cav,skirt,22,-468,11,0,9,1,1,0",,,,,,,,,,"horse_knight,head,377,-525,15,0,12,1,1,0","horse_knight,neck,253,-507,-29,0,27,1,1,0","horse_knight,body_move2,-28,-281,1,0,26,1,1,0","horse_knight,arm_up,162,-189,4,0,28,1,1,0","horse_knight,arm_low,104,-124,-82,0,28,1,1,0","horse_knight,fist,27,-109,-107,0,30,1,1,0","horse_knight,arm_up,196,-221,-13,0,30,1.2,1,0","horse_knight,arm_low,150,-130,-30,0,33,1,1,0","horse_knight,fist,117,-43,-31,0,37,1.1,1.1,0",,"horse_knight,leg_low,-276,-189,-55,0,28,1,1,0","horse_knight,foot,-328,-124,-48,0,29,1,1,0",,"horse_knight,leg_low,-224,-171,37,0,30,1,1,0","horse_knight,foot,-233,-119,-82,0,30,1,1.1,0",,,"horse_knight,tail,-329,-160,-50,0,32,1,1,0","horse_knight,seat,-60,-466,25,0,8,1,1,0","horse_knight,seat,63,-473,-15,1,8,1,1,0",,,,,,,,,,,,,,,,,,,,,,,,,,,,,,,,,,,,,,,,,,,,,,,,,,,,,,,,,,,,,,,,,,,,,,sprite_deal_damage,play_time_mod_0.7,
Skill1/8,"human_knight_cav,head,30,-764,0,0,6,1,1,0","human_knight_cav,neck,5,-677,3,0,9,1,1,0","human_knight_cav,body,15,-584,-3.5,0,7,1,1,0","human_knight_cav,arm_up_right,-78,-596,-22,0,3,1,1,0","human_knight_cav,arm_low,-95,-517,33,0,5,1,1,0","human_knight_cav,fist,-73,-475,11,0,5,1,1,0","human_knight_cav,arm_up,87,-598,18,1,29,1,1,0","human_knight_cav,arm_low,163,-513,64,1,31,1,1,0","human_knight_cav,fist,224,-486,57,1,31,1,1,0","human_knight_cav,leg_up,10,-398,41,0,9,1,1,0","human_knight_cav,leg_low,26,-301,-12,0,12,1,1,0","human_knight_cav,foot_cav,29,-217,-21.6,0,13,1,1,0","human_knight_cav,leg_up,90,-462,48.2,0,27,1,1,0","human_knight_cav,leg_low,128,-326,1.5,0,32,1,1,0","human_knight_cav,foot,142,-243,1.5,0,36,1,1,0","human_knight_cav,stab,309,-422,84.3,1,6,1,0.9,0","human_knight_cav,shield,-76,-568,-21,0,3,1,1,0","human_knight_cav,skirt,22,-474,13,0,9,1,1,0",,,,,,,,,,"horse_knight,head,385,-526,16,0,12,1,1,0","horse_knight,neck,265,-509,-33,0,27,1,1,0","horse_knight,body_move,-28,-288,1,0,26,1,1,0","horse_knight,arm_up,212,-216,24,0,28,1,1,0","horse_knight,arm_low,180,-164,-60,0,28,1,1,0","horse_knight,fist,118,-106,-57,0,30,1,1,0","horse_knight,arm_up,154,-209,-33,0,30,1.2,1,0","horse_knight,arm_low,80,-139,-50,0,33,1,1,0","horse_knight,fist,19,-69,-51,0,37,1.1,1.1,0",,"horse_knight,leg_low,-236,-206,-25,0,28,1,1,0","horse_knight,foot,-277,-131,-48,0,29,1,1,0",,"horse_knight,leg_low,-183,-198,37,0,30,1,1,0","horse_knight,foot,-153,-116,-12,0,30,1,1.1,0",,,"horse_knight,tail,-327,-167,-20,0,32,1,1,0","horse_knight,seat,-60,-473,25,0,8,1,1,0","horse_knight,seat,63,-480,-15,1,8,1,1,0",,,,,,,,,,,,,,,,,,,,,,,,,,,,,,,,,,,,,,,,,,,,,,,,,,,,,,,,,,,,,,,,,,,,,,sprite_deal_damage,play_time_mod_0.7,
Skill1/9,"human_knight_cav,head,37,-759,-1,0,6,1,1,0","human_knight_cav,neck,8,-673,2,0,9,1,1,0","human_knight_cav,body,17,-580,-4.5,0,7,1,1,0","human_knight_cav,arm_up_right,-76,-593,-23,0,3,1,1,0","human_knight_cav,arm_low,-91,-514,32,0,5,1,1,0","human_knight_cav,fist,-71,-471,10,0,5,1,1,0","human_knight_cav,arm_up,89,-592,17,1,29,1,1,0","human_knight_cav,arm_low,163,-506,63,1,31,1,1,0","human_knight_cav,fist,224,-478,56,1,31,1,1,0","human_knight_cav,leg_up,8,-394,40,0,9,1,1,0","human_knight_cav,leg_low,23,-296,-13,0,12,1,1,0","human_knight_cav,foot_cav,24,-212,-22.6,0,13,1,1,0","human_knight_cav,leg_up,91,-456,47.2,0,27,1,1,0","human_knight_cav,leg_low,125,-320,0.5,0,32,1,1,0","human_knight_cav,foot,138,-236,0.5,0,36,1,1,0","human_knight_cav,stab,310,-412,83.3,1,6,1,0.9,0","human_knight_cav,shield,-75,-565,-22,0,3,1,1,0","human_knight_cav,skirt,22,-470,12,0,9,1,1,0",,,,,,,,,,"horse_knight,head,390,-511,13,0,12,1,1,0","horse_knight,neck,268,-501,-38,0,27,1,1,0","horse_knight,body_move2,-28,-278,3,0,26,1,1,0","horse_knight,arm_up,242,-226,44,0,28,1,1,0","horse_knight,arm_low,250,-154,-20,0,28,1,1,0","horse_knight,fist,218,-86,-57,0,30,1,1,0","horse_knight,arm_up,195,-259,87,0,30,1.2,1,0","horse_knight,arm_low,260,-221,40,0,33,1,1,0","horse_knight,fist,291,-163,-21,0,37,1.1,1.1,0",,"horse_knight,leg_low,-297,-121,-15,0,28,1,1,0","horse_knight,foot,-296,-35,-8,0,29,1,1,0",,"horse_knight,leg_low,-181,-154,37,0,30,1,1,0","horse_knight,foot,-135,-78,6,0,30,1,1.1,0",,,"horse_knight,tail,-312,-146,-20,0,32,1,1,0","horse_knight,seat,-60,-463,25,0,8,1,1,0","horse_knight,seat,63,-470,-15,1,8,1,1,0",,,,,,,,,,,,,,,,,,,,,,,,,,,,,,,,,,,,,,,,,,,,,,,,,,,,,,,,,,,,,,,,,,,,,,sprite_deal_damage,play_time_mod_0.7,
Skill1/10,"human_knight_cav,head,39,-759,-3,0,6,1,1,0","human_knight_cav,neck,10,-673,2,0,9,1,1,0","human_knight_cav,body,19,-580,-4.5,0,7,1,1,0","human_knight_cav,arm_up_right,-74,-593,-23,0,3,1,1,0","human_knight_cav,arm_low,-87,-517,30,0,5,1,1,0","human_knight_cav,fist,-69,-474,8,0,5,1,1,0","human_knight_cav,arm_up,91,-592,17,1,29,1,1,0","human_knight_cav,arm_low,165,-506,63,1,31,1,1,0","human_knight_cav,fist,226,-478,56,1,31,1,1,0","human_knight_cav,leg_up,10,-394,40,0,9,1,1,0","human_knight_cav,leg_low,25,-296,-13,0,12,1,1,0","human_knight_cav,foot_cav,26,-212,-22.6,0,13,1,1,0","human_knight_cav,leg_up,93,-456,47.2,0,27,1,1,0","human_knight_cav,leg_low,127,-320,0.5,0,32,1,1,0","human_knight_cav,foot,140,-236,0.5,0,36,1,1,0","human_knight_cav,stab,310,-403,81.3,1,6,1,0.9,0","human_knight_cav,shield,-73,-565,-22,0,3,1,1,0","human_knight_cav,skirt,24,-470,12,0,9,1,1,0",,,,,,,,,,"horse_knight,head,390,-481,8,0,12,1,1,0","horse_knight,neck,270,-478,-42,0,27,1,1,0","horse_knight,body_move2,-28,-275,2,0,26,1,1,0","horse_knight,arm_up,222,-226,34,0,28,1,1,0","horse_knight,arm_low,254,-151,20,0,28,1,1,0","horse_knight,fist,279,-66,-7,0,30,1,1,0","horse_knight,arm_up,235,-261,87,0,30,1.2,1,0","horse_knight,arm_low,280,-221,20,0,33,1,1,0","horse_knight,fist,289,-152,-41,0,37,1.1,1.1,0",,"horse_knight,leg_low,-329,-127,-33,0,28,1,1.1,0","horse_knight,foot,-357,-35,-13,0,29,1,1,0",,"horse_knight,leg_low,-201,-134,27,0,30,1,1,0","horse_knight,foot,-165,-48,-4,0,30,1,1.1,0",,,"horse_knight,tail,-312,-146,-20,0,32,1,1,0","horse_knight,seat,-60,-463,25,0,8,1,1,0","horse_knight,seat,63,-470,-15,1,8,1,1,0",,,,,,,,,,,,,,,,,,,,,,,,,,,,,,,,,,,,,,,,,,,,,,,,,,,,,,,,,,,,,,,,,,,,,,sprite_deal_damage,play_time_mod_0.7,
Skill1End/0,"human_knight_cav,head,50,-756,-5,0,6,1,1,0","human_knight_cav,neck,15,-673,1,0,9,1,1,0","human_knight_cav,body,22,-580,-8.5,0,7,1,1,0","human_knight_cav,arm_up_right,-75,-595,-24,0,3,1,1,0","human_knight_cav,arm_low,-96,-519,9,0,5,1,1,0","human_knight_cav,fist,-107,-488,6,0,5,1,1,0","human_knight_cav,arm_up,94,-591,16,1,29,1,1,0","human_knight_cav,arm_low,167,-503,62,1,31,1,1,0","human_knight_cav,fist,228,-474,55,1,31,1,1,0","human_knight_cav,leg_up,1,-394,39,0,9,1,1,0","human_knight_cav,leg_low,11,-296,-17,0,12,1,1,0","human_knight_cav,foot_cav,11,-212,-26.6,0,13,1,1,0","human_knight_cav,leg_up,88,-445,47.2,0,27,1,1,0","human_knight_cav,leg_low,122,-328,0.5,0,32,1,1,0","human_knight_cav,foot,135,-244,0.5,0,36,1,1,0","human_knight_cav,stab,269,-405,79.3,1,6,1,0.9,0","human_knight_cav,shield,-95,-567,-33,0,3,1,1,0","human_knight_cav,skirt,25,-470,11,0,9,1,1,0",,,,,,,,,,"horse_knight,head,391,-475,7,0,12,1,1,0","horse_knight,neck,271,-474,-43,0,27,1,1,0","horse_knight,body_move2,-30,-276,1,0,26,1,1,0","horse_knight,arm_up,219,-222,33,0,28,1,1,0","horse_knight,arm_low,250,-147,19,0,28,1,1,0","horse_knight,fist,273,-61,-8,0,30,1,1,0","horse_knight,arm_up,233,-257,86,0,30,1.2,1,0","horse_knight,arm_low,277,-216,19,0,33,1,1,0","horse_knight,fist,285,-147,-42,0,37,1.1,1.1,0",,"horse_knight,leg_low,-341,-128,-32,0,28,1,1,0","horse_knight,foot,-363,-43,-14,0,29,1,1,0",,"horse_knight,leg_low,-206,-138,26,0,30,1,1,0","horse_knight,foot,-171,-51,-5,0,30,1,1.1,0",,,"horse_knight,tail,-316,-152,-21,0,32,1,1,0","horse_knight,seat,-59,-464,24,0,8,1,1,0","horse_knight,seat,64,-469,-16,1,8,1,1,0",,,,,,,,,,,,,,,,,,,,,,,,,,,,,,,,,,,,,,,,,,,,,,,,,,,,,,,,,,,,,,,,,,,,,,sprite_deal_damage,,
Skill1End/1,"human_knight_cav,head,64,-746,-15,0,6,1,1,0","human_knight_cav,neck,25,-673,1,0,9,1,1,0","human_knight_cav,body,22,-580,-12.5,0,7,1,1,0","human_knight_cav,arm_up_right,-78,-588,-44,0,3,1,1,0","human_knight_cav,arm_low,-144,-557,-16,0,5,1,1,0","human_knight_cav,fist,-164,-532,-19,0,5,1,1,0","human_knight_cav,arm_up,94,-582,6,1,29,1,1,0","human_knight_cav,arm_low,151,-482,52,1,31,1,1,0","human_knight_cav,fist,206,-443,45,1,31,1,1,0","human_knight_cav,leg_up,1,-400,43,0,9,1,1,0","human_knight_cav,leg_low,11,-307,-17,0,12,1,1,0","human_knight_cav,foot_cav,11,-223,-26.6,0,13,1,1,0","human_knight_cav,leg_up,88,-445,47.2,0,27,1,1,0","human_knight_cav,leg_low,122,-328,0.5,0,32,1,1,0","human_knight_cav,foot,135,-244,0.5,0,36,1,1,0","human_knight_cav,stab,192,-415,73.3,1,6,1,0.9,0","human_knight_cav,shield,-115,-570,-34,0,3,1,1,0","human_knight_cav,skirt,25,-470,11,0,9,1,1,0",,,,,,,,,,"horse_knight,head,391,-461,4,0,12,1,1,0","horse_knight,neck,271,-466,-48,0,27,1,1,0","horse_knight,body_move,-30,-276,0,0,26,1,1,0","horse_knight,arm_up,199,-189,13,0,28,1,1,0","horse_knight,arm_low,208,-108,7,0,28,1,1,0","horse_knight,fist,213,-32,-8,0,30,1,1,0","horse_knight,arm_up,233,-226,43,0,30,1.2,1,0","horse_knight,arm_low,270,-144,19,0,33,1,1,0","horse_knight,fist,285,-57,-22,0,37,1.1,1.1,0",,"horse_knight,leg_low,-342,-138,-35,0,28,1,1.2,0","horse_knight,foot,-393,-53,-47,0,29,1,1,0",,"horse_knight,leg_low,-236,-118,-4,0,30,1,1,0","horse_knight,foot,-241,-34,-15,0,30,1,1.1,0",,,"horse_knight,tail,-337,-164,-36,0,32,1,1,0","horse_knight,seat,-57,-464,24,0,8,1,1,0","horse_knight,seat,66,-469,-16,1,8,1,1,0",,,,,,,,,,,,,,,,,,,,,,,,,,,,,,,,,,,,,,,,,,,,,,,,,,,,,,,,,,,,,,,,,,,,,,sprite_deal_damage,,"horse_gallop,2500,5"
Skill1End/2,"human_knight_cav,head,58,-748,-9,0,6,1,1,0","human_knight_cav,neck,25,-673,1,0,9,1,1,0","human_knight_cav,body,29,-580,-11.5,0,7,1,1,0","human_knight_cav,arm_up_right,-68,-588,-14,0,3,1,1,0","human_knight_cav,arm_low,-88,-487,-2,0,5,1,1,0","human_knight_cav,fist,-97,-467,-8,0,5,1,1,0","human_knight_cav,arm_up,92,-582,13,1,29,1,1,0","human_knight_cav,arm_low,159,-482,55,1,31,1,1,0","human_knight_cav,fist,206,-443,45,1,31,1,1,0","human_knight_cav,leg_up,1,-400,43,0,9,1,1,0","human_knight_cav,leg_low,7,-307,-21,0,12,1,1,0","human_knight_cav,foot_cav,0,-226,-30.6,0,13,1,1,0","human_knight_cav,leg_up,94,-445,48.2,0,27,1,1,0","human_knight_cav,leg_low,122,-328,0.5,0,32,1,1,0","human_knight_cav,foot,135,-244,0.5,0,36,1,1,0","human_knight_cav,stab,292,-399,82.3,1,6,1,0.9,0","human_knight_cav,shield,-65,-557,-13,0,3,1,1,0","human_knight_cav,skirt,14,-467,0,0,9,1,1,0",,,,,,,,,,"horse_knight,head,394,-445,10,0,12,1,1,0","horse_knight,neck,274,-448,-52,0,27,1,1,0","horse_knight,body_move,-30,-276,-2,0,26,1,1,0","horse_knight,arm_up,179,-189,3,0,28,1,1,0","horse_knight,arm_low,170,-107,-3,0,28,1,1,0","horse_knight,fist,175,-31,-8,0,30,1,1,0","horse_knight,arm_up,222,-219,22,0,30,1.2,1,0","horse_knight,arm_low,230,-125,-1,0,33,1,1,0","horse_knight,fist,245,-37,-2,0,37,1.1,1.1,0",,"horse_knight,leg_low,-352,-138,-35,0,28,1,1.2,0","horse_knight,foot,-411,-57,-53,0,29,1,1,0",,"horse_knight,leg_low,-259,-118,-16,0,30,1,1,0","horse_knight,foot,-280,-34,-38,0,30,1,1.1,0",,,"horse_knight,tail,-337,-176,-41,0,32,1,1,0","horse_knight,seat,-48,-469,19,0,8,1,1,0","horse_knight,seat,75,-464,-21,1,8,1,1,0",,,,,,,,,,,,,,,,,,,,,,,,,,,,,,,,,,,,,,,,,,,,,,,,,,,,,,,,,,,,,,,,,,,,,,"sprite_deal_damage,play_time_mod_0.5",,"pierce,2500,0"
Skill1End/3,"human_knight_cav,head,79,-748,-9,0,6,1,1,0","human_knight_cav,neck,25,-673,1,0,9,1,1,0","human_knight_cav,body,41,-580,-14.5,0,7,1,1,0","human_knight_cav,arm_up_right,-31,-574,26,0,3,1,1,0","human_knight_cav,arm_low,19,-483,38,0,5,1,1,0","human_knight_cav,fist,46,-431,12,0,5,1,1,0","human_knight_cav,arm_up,102,-582,3,1,29,1,1,0","human_knight_cav,arm_low,159,-482,65,1,31,1,1,0","human_knight_cav,fist,206,-443,45,1,31,1,1,0","human_knight_cav,leg_up,1,-400,43,0,9,1,1,0","human_knight_cav,leg_low,7,-307,-21,0,12,1,1,0","human_knight_cav,foot_cav,0,-226,-30.6,0,13,1,1,0","human_knight_cav,leg_up,94,-445,48.2,0,27,1,1,0","human_knight_cav,leg_low,122,-328,0.5,0,32,1,1,0","human_knight_cav,foot,135,-244,0.5,0,36,1,1,0","human_knight_cav,stab,462,-386,84.3,1,6,1.1,1,0","human_knight_cav,shield,-35,-551,9,0,3,1,1,0","human_knight_cav,skirt,14,-467,0,0,9,1,1,0",,,,,,,,,,"horse_knight,head,391,-443,15,0,12,1,1,0","horse_knight,neck,271,-446,-52,0,27,1,1,0","horse_knight,body_move2,-29,-276,-2,0,26,1,1,0","horse_knight,arm_up,169,-189,3,0,28,1,1,0","horse_knight,arm_low,164,-107,-3,0,28,1,1,0","horse_knight,fist,165,-31,-8,0,30,1,1,0","horse_knight,arm_up,219,-219,12,0,30,1.2,1,0","horse_knight,arm_low,220,-125,-1,0,33,1,1,0","horse_knight,fist,235,-37,-2,0,37,1.1,1.1,0",,"horse_knight,leg_low,-349,-138,-35,0,28,1,1.2,0","horse_knight,foot,-404,-54,-47,0,29,1,1,0",,"horse_knight,leg_low,-271,-125,-12,0,30,1,1,0","horse_knight,foot,-280,-34,-17,0,30,1,1.1,0",,,"horse_knight,tail,-337,-164,-30,0,32,1,1,0","horse_knight,seat,-41,-471,17,0,8,1,1,0","horse_knight,seat,82,-462,-23,1,8,1,1,0",,,,,,,,,,,,,,,,,,,,,,,,,,,,,,,,,,,,,,,,,,,,,,,,,,,,,,,,,,,,,,,,,,,,,,"play_time_mod_0.2,sprite_deal_damage",,
Skill1End/4,"human_knight_cav,head,86,-748,-10,0,6,1,1,0","human_knight_cav,neck,45,-673,-9,0,9,1,1,0","human_knight_cav,body,35,-580,-16.5,0,7,1,1,0","human_knight_cav,arm_up_right,29,-575,56,0,3,1,1,0","human_knight_cav,arm_low,130,-494,58,0,5,1,1,0","human_knight_cav,fist,181,-435,38,0,5,1,1,0","human_knight_cav,arm_up,102,-572,-7,1,29,1,1,0","human_knight_cav,arm_low,157,-482,65,1,31,1,1,0","human_knight_cav,fist,206,-443,45,1,31,1,1,0","human_knight_cav,leg_up,1,-400,43,0,9,1,1,0","human_knight_cav,leg_low,2,-307,-27,0,12,1,1,0","human_knight_cav,foot_cav,-20,-226,-40.6,0,13,1,1,0","human_knight_cav,leg_up,94,-445,48.2,0,27,1,1,0","human_knight_cav,leg_low,122,-328,0.5,0,32,1,1,0","human_knight_cav,foot,135,-244,0.5,0,36,1,1,0","human_knight_cav,stab,607,-386,84.3,1,6,1.1,1,0","human_knight_cav,shield,-6,-562,27,0,3,1,1,0","human_knight_cav,skirt,14,-467,0,0,9,1,1,0",,,,,,,,,,"horse_knight,head,397,-447,6,0,12,1,1,0","horse_knight,neck,271,-446,-48,0,27,1,1,0","horse_knight,body_move,-29,-276,-3,0,26,1,1,0","horse_knight,arm_up,169,-189,3,0,28,1,1,0","horse_knight,arm_low,164,-107,-3,0,28,1,1,0","horse_knight,fist,165,-31,-8,0,30,1,1,0","horse_knight,arm_up,219,-219,13,0,30,1.2,1,0","horse_knight,arm_low,220,-125,-1,0,33,1,1,0","horse_knight,fist,235,-37,-2,0,37,1.1,1.1,0",,"horse_knight,leg_low,-356,-152,-32,0,28,1,1.2,0","horse_knight,foot,-414,-71,-54,0,29,1,1,0",,"horse_knight,leg_low,-271,-125,-12,0,30,1,1,0","horse_knight,foot,-280,-34,-17,0,30,1,1.1,0",,,"horse_knight,tail,-337,-174,-20,0,32,1,1,0","horse_knight,seat,-41,-472,16,0,8,1,1,0","horse_knight,seat,82,-461,-24,1,8,1,1,0",,,,,,,,,,,,,,,,,,,,,,,,,,,,,,,,,,,,,,,,,,,,,,,,,,,,,,,,,,,,,,,,,,,,,,"sprite_deal_damage,play_time_mod_0.1",,
Skill1End/5,"human_knight_cav,head,94,-748,-9,0,6,1,1,0","human_knight_cav,neck,45,-673,-9,0,9,1,1,0","human_knight_cav,body,40,-580,-18.5,0,7,1,1,0","human_knight_cav,arm_up_right,35,-573,58,0,3,1,1,0","human_knight_cav,arm_low,138,-494,60,0,5,1,1,0","human_knight_cav,fist,191,-437,40,0,5,1,1,0","human_knight_cav,arm_up,102,-572,-7,1,29,1,1,0","human_knight_cav,arm_low,157,-482,65,1,31,1,1,0","human_knight_cav,fist,206,-443,45,1,31,1,1,0","human_knight_cav,leg_up,1,-400,46,0,9,1,1,0","human_knight_cav,leg_low,1,-309,-33,0,12,1,1,0","human_knight_cav,foot_cav,-25,-230,-45.6,0,13,1,1,0","human_knight_cav,leg_up,94,-445,48.2,0,27,1,1,0","human_knight_cav,leg_low,122,-328,0.5,0,32,1,1,0","human_knight_cav,foot,135,-244,0.5,0,36,1,1,0","human_knight_cav,base,579,-392,84.3,1,6,1,0.9,0","human_knight_cav,shield,11,-562,23,0,3,1,1,0","human_knight_cav,skirt,15,-467,1,0,9,1,1,0",,,,,,,,,,"horse_knight,head,404,-447,2,0,12,1,1,0","horse_knight,neck,276,-446,-50,0,27,1,1,0","horse_knight,body_move,-26,-276,-3,0,26,1,1,0","horse_knight,arm_up,169,-189,3,0,28,1,1,0","horse_knight,arm_low,158,-107,-5,0,28,1,1,0","horse_knight,fist,154,-31,-8,0,30,1,1,0","horse_knight,arm_up,221,-219,19,0,30,1.2,1,0","horse_knight,arm_low,220,-125,-5,0,33,1,1,0","horse_knight,fist,230,-37,-2,0,37,1.1,1.1,0",,"horse_knight,leg_low,-346,-155,-29,0,28,1,1.2,0","horse_knight,foot,-394,-69,-51,0,29,1,1,0",,"horse_knight,leg_low,-273,-125,-15,0,30,1,1,0","horse_knight,foot,-282,-34,-14,0,30,1,1.1,0",,,"horse_knight,tail,-337,-174,-20,0,32,1,1,0","horse_knight,seat,-39,-475,13,0,8,1,1,0","horse_knight,seat,84,-458,-27,1,8,1,1,0",,,,,,,,,,,,,,,,,,,,,,,,,,,,,,,,,,,,,,,,,,,,,,,,,,,,,,,,,,,,,,,,,,,,,,,,
Skill1End/6,"human_knight_cav,head,94,-748,-6,0,6,1,1,0","human_knight_cav,neck,45,-673,-9,0,9,1,1,0","human_knight_cav,body,40,-580,-18.5,0,7,1,1,0","human_knight_cav,arm_up_right,40,-573,58,0,3,1,1,0","human_knight_cav,arm_low,143,-494,60,0,5,1,1,0","human_knight_cav,fist,196,-437,40,0,5,1,1,0","human_knight_cav,arm_up,102,-572,-7,1,29,1,1,0","human_knight_cav,arm_low,157,-482,65,1,31,1,1,0","human_knight_cav,fist,206,-443,45,1,31,1,1,0","human_knight_cav,leg_up,1,-400,46,0,9,1,1,0","human_knight_cav,leg_low,1,-309,-33,0,12,1,1,0","human_knight_cav,foot_cav,-25,-230,-45.6,0,13,1,1,0","human_knight_cav,leg_up,94,-445,48.2,0,27,1,1,0","human_knight_cav,leg_low,122,-328,0.5,0,32,1,1,0","human_knight_cav,foot,135,-244,0.5,0,36,1,1,0","human_knight_cav,base,589,-392,84.3,1,6,1,0.9,0","human_knight_cav,shield,11,-562,25,0,3,1,1,0","human_knight_cav,skirt,15,-467,1,0,9,1,1,0",,,,,,,,,,"horse_knight,head,404,-449,5,0,12,1,1,0","horse_knight,neck,276,-446,-50,0,27,1,1,0","horse_knight,body_move2,-26,-276,-3,0,26,1,1,0","horse_knight,arm_up,169,-189,3,0,28,1,1,0","horse_knight,arm_low,152,-107,-5,0,28,1,1,0","horse_knight,fist,147,-31,-8,0,30,1,1,0","horse_knight,arm_up,219,-219,21,0,30,1.2,1,0","horse_knight,arm_low,216,-121,-10,0,33,1,1,0","horse_knight,fist,230,-37,3,0,37,1.1,1.1,0",,"horse_knight,leg_low,-341,-144,-30,0,28,1,1.2,0","horse_knight,foot,-395,-62,-64,0,29,1,1,0",,"horse_knight,leg_low,-273,-125,-18,0,30,1,1,0","horse_knight,foot,-284,-34,-17,0,30,1,1.1,0",,,"horse_knight,tail,-337,-168,-36,0,32,1,1,0","horse_knight,seat,-42,-475,13,0,8,1,1,0","horse_knight,seat,81,-458,-27,1,8,1,1,0",,,,,,,,,,,,,,,,,,,,,,,,,,,,,,,,,,,,,,,,,,,,,,,,,,,,,,,,,,,,,,,,,,,,,,play_time_mod_1.25,,
Skill1End/7,"human_knight_cav,head,72,-748,0,0,6,1,1,0","human_knight_cav,neck,45,-673,-9,0,9,1,1,0","human_knight_cav,body,37,-580,-16.5,0,7,1,1,0","human_knight_cav,arm_up_right,30,-573,28,0,3,1,1,0","human_knight_cav,arm_low,93,-484,60,0,5,1,1,0","human_knight_cav,fist,166,-437,50,0,5,1,1,0","human_knight_cav,arm_up,104,-572,2,1,29,1,1,0","human_knight_cav,arm_low,161,-482,67,1,31,1,1,0","human_knight_cav,fist,206,-443,45,1,31,1,1,0","human_knight_cav,leg_up,-1,-400,42,0,9,1,1,0","human_knight_cav,leg_low,1,-309,-22,0,12,1,1,0","human_knight_cav,foot_cav,-20,-225,-45.6,0,13,1,1,0","human_knight_cav,leg_up,94,-445,48.2,0,27,1,1,0","human_knight_cav,leg_low,122,-328,0.5,0,32,1,1,0","human_knight_cav,foot,135,-244,0.5,0,36,1,1,0","human_knight_cav,base,550,-516,104.3,1,6,1,0.9,0","human_knight_cav,shield,-3,-562,15,0,3,1,1,0","human_knight_cav,skirt,15,-467,1,0,9,1,1,0",,,,,,,,,,"horse_knight,head,386,-475,14,0,12,1,1,0","horse_knight,neck,262,-456,-37,0,27,1,1,0","horse_knight,body_move,-26,-280,-2,0,26,1,1,0","horse_knight,arm_up,169,-189,3,0,28,1,1,0","horse_knight,arm_low,148,-111,-5,0,28,1,1,0","horse_knight,fist,147,-31,-8,0,30,1,1,0","horse_knight,arm_up,217,-219,13,0,30,1.2,1,0","horse_knight,arm_low,212,-121,1,0,33,1,1,0","horse_knight,fist,230,-37,3,0,37,1.1,1.1,0",,"horse_knight,leg_low,-311,-144,-20,0,28,1,1.2,0","horse_knight,foot,-355,-62,-74,0,29,1,1,0",,"horse_knight,leg_low,-243,-125,2,0,30,1,1,0","horse_knight,foot,-231,-34,-7,0,30,1,1.1,0",,,"horse_knight,tail,-337,-168,-23,0,32,1,1,0","horse_knight,seat,-49,-474,20,0,8,1,1,0","horse_knight,seat,82,-468,-24,1,8,1,1,0",,,,,,,,,,,,,,,,,,,,,,,,,,,,,,,,,,,,,,,,,,,,,,,,,,,,,,,,,,,,,,,,,,,,,,play_time_mod_1.25,,
Skill1End/8,"human_knight_cav,head,32,-752,0,0,6,1,1,0","human_knight_cav,neck,5,-677,-9,0,9,1,1,0","human_knight_cav,body,14,-587,-6.5,0,7,1,1,0","human_knight_cav,arm_up_right,0,-573,28,0,3,1,1,0","human_knight_cav,arm_low,73,-484,80,0,5,1,1,0","human_knight_cav,fist,166,-467,90,0,5,1,1,0","human_knight_cav,arm_up,94,-582,12,1,29,1,1,0","human_knight_cav,arm_low,150,-502,67,1,31,1,1,0","human_knight_cav,fist,206,-443,45,1,31,1,1,0","human_knight_cav,leg_up,-1,-400,42,0,9,1,1,0","human_knight_cav,leg_low,1,-309,-22,0,12,1,1,0","human_knight_cav,foot_cav,-20,-225,-45.6,0,13,1,1,0","human_knight_cav,leg_up,94,-445,48.2,0,27,1,1,0","human_knight_cav,leg_low,122,-328,0.5,0,32,1,1,0","human_knight_cav,foot,135,-244,0.5,0,36,1,1,0","human_knight_cav,base,398,-774,144.3,1,6,1,0.9,0","human_knight_cav,shield,-41,-552,15,0,3,1,1,0","human_knight_cav,skirt,13,-467,1,0,9,1,1,0",,,,,,,,,,"horse_knight,head,374,-496,14,0,12,1,1,0","horse_knight,neck,242,-474,-27,0,27,1,1,0","horse_knight,body_move2,-28,-271,0,0,26,1,1,0","horse_knight,arm_up,169,-189,3,0,28,1,1,0","horse_knight,arm_low,128,-111,-5,0,28,1,1,0","horse_knight,fist,127,-31,-8,0,30,1,1,0","horse_knight,arm_up,207,-219,13,0,30,1.2,1,0","horse_knight,arm_low,201,-121,1,0,33,1,1,0","horse_knight,fist,220,-37,3,0,37,1.1,1.1,0",,"horse_knight,leg_low,-281,-122,-20,0,28,1,1.2,0","horse_knight,foot,-305,-42,-44,0,29,1,1,0",,"horse_knight,leg_low,-221,-125,2,0,30,1,1,0","horse_knight,foot,-201,-34,3,0,30,1,1.1,0",,,"horse_knight,tail,-287,-128,-23,0,32,1,1,0","horse_knight,seat,-54,-474,20,0,8,1,1,0","horse_knight,seat,77,-468,-24,1,8,1,1,0",,,,,,,,,,,,,,,,,,,,,,,,,,,,,,,,,,,,,,,,,,,,,,,,,,,,,,,,,,,,,,,,,,,,,,,,
Skill1End/9,"human_knight_cav,head,30,-752,0,0,6,1,1,0","human_knight_cav,neck,3,-677,-9,0,9,1,1,0","human_knight_cav,body,12,-587,-6.5,0,7,1,1,0","human_knight_cav,arm_up_right,-22,-573,-2,0,3,1,1,0","human_knight_cav,arm_low,17,-484,80,0,5,1,1,0","human_knight_cav,fist,110,-467,90,0,5,1,1,0","human_knight_cav,arm_up,92,-582,12,1,29,1,1,0","human_knight_cav,arm_low,148,-502,67,1,31,1,1,0","human_knight_cav,fist,204,-443,45,1,31,1,1,0","human_knight_cav,leg_up,-3,-400,42,0,9,1,1,0","human_knight_cav,leg_low,9,-309,-17,0,12,1,1,0","human_knight_cav,foot_cav,-5,-215,-41.6,0,13,1,1,0","human_knight_cav,leg_up,92,-445,48.2,0,27,1,1,0","human_knight_cav,leg_low,120,-328,0.5,0,32,1,1,0","human_knight_cav,foot,133,-244,0.5,0,36,1,1,0","human_knight_cav,base,337,-782,147.3,1,6,1,0.9,0","human_knight_cav,shield,-65,-552,-5,0,3,1,1,0","human_knight_cav,skirt,11,-467,1,0,9,1,1,0",,,,,,,,,,"horse_knight,head,361,-504,6,0,12,1,1,0","horse_knight,neck,234,-484,-20,0,27,1,1,0","horse_knight,body,-30,-271,1,0,26,1,1,0","horse_knight,arm_up,167,-189,3,0,28,1,1,0","horse_knight,arm_low,120,-114,-5,0,28,1,1,0","horse_knight,fist,121,-32,-6,0,30,1,1,0","horse_knight,arm_up,205,-219,13,0,30,1.2,1,0","horse_knight,arm_low,199,-121,1,0,33,1,1,0","horse_knight,fist,218,-37,3,0,37,1.1,1.1,0",,"horse_knight,leg_low,-273,-122,0,0,28,1,1.2,0","horse_knight,foot,-267,-30,-4,0,29,1,1,0",,"horse_knight,leg_low,-193,-125,2,0,30,1,1,0","horse_knight,foot,-173,-34,3,0,30,1,1.1,0",,,"horse_knight,tail,-281,-133,-16,0,32,1,1,0","horse_knight,seat,-57,-474,20,0,8,1,1,0","horse_knight,seat,67,-468,-24,1,8,1,1,0",,,,,,,,,,,,,,,,,,,,,,,,,,,,,,,,,,,,,,,,,,,,,,,,,,,,,,,,,,,,,,,,,,,,,,,,
Skill1End/10,"human_knight_cav,head,34,-746,-5,0,6,1,1,0","human_knight_cav,neck,14,-662,-2,0,9,1,1,0","human_knight_cav,body,14,-567,-6.5,0,7,1,1,0","human_knight_cav,arm_up_right,-72,-586,-24,0,3,1,1,0","human_knight_cav,arm_low,-72,-494,56,0,5,1,1,0","human_knight_cav,fist,3,-451,64,0,5,1,1,0","human_knight_cav,arm_up,82,-579,17,1,16,1,1,0","human_knight_cav,arm_low,154,-488,60,1,18,1,1,0","human_knight_cav,fist,218,-453,52,1,18,1,1,0","human_knight_cav,leg_up,-8,-390,36,0,9,1,1,0","human_knight_cav,leg_low,15,-285,-10,0,12,1,1,0","human_knight_cav,foot_cav,23,-203,-13.6,0,13,1,1,0","human_knight_cav,leg_up,79,-437,43.2,0,14,1,1,0","human_knight_cav,leg_low,107,-301,-3.5,0,19,1,1,0","human_knight_cav,foot,116,-217,-3.5,0,23,1,1,0","human_knight_cav,base,217,-767,148.3,1,6,1,0.9,0","human_knight_cav,shield,-67,-540,-14,0,3,1,1,0","human_knight_cav,skirt,17,-458,8,0,9,1,1,0",,,,,,,,,,"horse_knight,head,350,-494,-6,0,0,1,1,0","horse_knight,neck,240,-494,-26,0,15,1,1,0","horse_knight,body,-36,-271,0,0,14,1,1,0",,"horse_knight,arm_low,180,-120,0,0,16,1,1,0","horse_knight,fist,191,-36,2,0,18,1,1,0",,"horse_knight,arm_low,112,-127,-10,0,18,1,1,0","horse_knight,fist,114,-44,-3,0,22,1.1,1.1,0",,"horse_knight,leg_low,-238,-118,0,0,17,1,1,0","horse_knight,foot,-227,-36,2,0,19,1,1,0",,"horse_knight,leg_low,-143,-132,0,0,18,1,1,0","horse_knight,foot,-129,-43,0,0,19,1,1,0",,,"horse_knight,tail,-286,-138,-11,0,20,1,1,0","horse_knight,seat,-60,-452,25,0,8,1,1,0","horse_knight,seat,63,-460,-15,1,8,1,1,0",,,,,,,,,,,,,,,,,,,,,,,,,,,,,,,,,,,,,,,,,,,,,,,,,,,,,,,,,,,,,,,,,,,,,,,,
