Name,p1_head,p1_neck,p1_body,p1_r_arm_up,p1_r_arm_low,p1_r_hand,p1_l_arm_up,p1_l_arm_low,p1_l_hand,p1_r_leg_up,p1_r_leg_low,p1_r_foot,p1_l_leg_up,p1_l_leg_low,p1_l_foot,p1_main_weapon,p1_sub_weapon,p1_special_1,p1_special_2,p1_special_3,p1_special_4,p1_special_5,p1_special_6,p1_special_7,p1_special_8,p1_special_9,p1_special_10,p2_head,p2_neck,p2_body,p2_r_arm_up,p2_r_arm_low,p2_r_hand,p2_l_arm_up,p2_l_arm_low,p2_l_hand,p2_r_leg_up,p2_r_leg_low,p2_r_foot,p2_l_leg_up,p2_l_leg_low,p2_l_foot,p2_main_weapon,p2_sub_weapon,p2_special_1,p2_special_2,p2_special_3,p2_special_4,p2_special_5,p2_special_6,p2_special_7,p2_special_8,p2_special_9,p2_special_10,p3_head,p3_neck,p3_body,p3_r_arm_up,p3_r_arm_low,p3_r_hand,p3_l_arm_up,p3_l_arm_low,p3_l_hand,p3_r_leg_up,p3_r_leg_low,p3_r_foot,p3_l_leg_up,p3_l_leg_low,p3_l_foot,p3_main_weapon,p3_sub_weapon,p3_special_1,p3_special_2,p3_special_3,p3_special_4,p3_special_5,p3_special_6,p3_special_7,p3_special_8,p3_special_9,p3_special_10,p4_head,p4_neck,p4_body,p4_r_arm_up,p4_r_arm_low,p4_r_hand,p4_l_arm_up,p4_l_arm_low,p4_l_hand,p4_r_leg_up,p4_r_leg_low,p4_r_foot,p4_l_leg_up,p4_l_leg_low,p4_l_foot,p4_main_weapon,p4_sub_weapon,p4_special_1,p4_special_2,p4_special_3,p4_special_4,p4_special_5,p4_special_6,p4_special_7,p4_special_8,p4_special_9,p4_special_10,effect_1,effect_2,effect_3,effect_4,effect_5,effect_6,effect_7,effect_8,frame_property,animation_property,sound_effect
Damaged/0,"human_lord,head,24,-743,-1,0,6,1,1,0","human_lord,neck,12,-661,-1,0,9,1,1,0","human_lord,body,14,-567,-2.5,0,7,1,1,0","human_lord,arm_up,-63,-572,-23,0,3,1,1,0","human_lord,arm_low,-48,-482,53,0,5,1,1,0","human_lord,fist,22,-428,65,0,5,1,1,0","human_lord,arm_up,83,-584,19,1,16,1,1,0","human_lord,arm_low,156,-493,60,1,18,1,1,0","human_lord,fist,221,-458,52,1,18,1,1,0","human_lord,leg_up,-9,-395,32,0,9,1,1,0","human_lord,leg_low,12,-284,-9,0,12,1,1,0","human_lord,foot_cav,23,-202,-11.6,0,13,1,1,0","human_lord,leg_up,79,-437,43.2,0,14,1,1,0","human_lord,leg_low,107,-301,-3.5,0,19,1,1,0","human_lord,foot,116,-217,-3.5,0,23,1,1,0","human_lord,base,121,-547,149.3,1,6,1,1,0","human_lord,shield,-57,-620,-12,0,3,1,1,0","human_lord,skirt,19,-460,11,0,9,1,1,0",,,,,,,,,,"horse_lord,head,353,-509,-4,0,0,1,1,0","horse_lord,neck,241,-506,-25,0,13,1,1,0","horse_lord,body,-36,-272,0,0,14,1,1,0",,"horse_lord,arm_low,180,-120,-2,0,16,1,1,0","horse_lord,fist,191,-36,2,0,18,1,1,0",,"horse_lord,arm_low,112,-127,-10,0,18,1,1,0","horse_lord,fist,114,-44,-3,0,22,1.1,1.1,0",,"horse_lord,leg_low,-238,-118,0,0,17,1,1,0","horse_lord,foot,-227,-36,2,0,19,1,1,0",,"horse_lord,leg_low,-143,-132,0,0,18,1,1,0","horse_lord,foot,-129,-43,0,0,19,1,1,0",,"human_lord,shield_back,72,-608,7,0,20,1,1,0","horse_lord,tail,-286,-138,-10,0,20,1,1,0","horse_lord,seat,-60,-454,25,0,8,1,1,0","horse_lord,seat,63,-462,-15,1,8,1,1,0",,,,,,,,,,,,,,,,,,,,,,,,,,,,,,,,,,,,,,,,,,,,,,,,,,,,,,,,,,,,,,,,,,,,,,,,
Damaged/1,"human_lord,head,14,-747,7,0,6,1,1,0","human_lord,neck,8,-662,0,0,9,1,1,0","human_lord,body,12,-568,-1.5,0,7,1,1,0","human_lord,arm_up,-84,-571,-26,0,3,1,1,0","human_lord,arm_low,-64,-484,58,0,5,1,1,0","human_lord,fist,12,-443,66,0,5,1,1,0","human_lord,arm_up,79,-584,20,1,16,1,1,0","human_lord,arm_low,154,-494,61,1,18,1,1,0","human_lord,fist,220,-471,59,1,18,1,1,0","human_lord,leg_up,-8,-396,33,0,9,1,1,0","human_lord,leg_low,15,-285,-8,0,12,1,1,0","human_lord,foot_cav,27,-203,-10.6,0,13,1,1,0","human_lord,leg_up,79,-439,44.2,0,14,1,1,0","human_lord,leg_low,109,-304,-2.5,0,19,1,1,0","human_lord,foot,120,-220,-2.5,0,23,1,1,0","human_lord,base,105,-562,150.3,1,6,1,1,0","human_lord,shield,-61,-620,-22,0,3,1,1,0","human_lord,skirt,18,-461,12,0,9,1,1,0",,,,,,,,,,"horse_lord,head,346,-541,9,0,0,1,1,0","horse_lord,neck,234,-514,-23,0,13,1,1,0","horse_lord,body,-36,-272,1,0,14,1,1,0",,"horse_lord,arm_low,185,-120,1,0,16,1,1,0","horse_lord,fist,198,-36,2,0,18,1,1,0",,"horse_lord,arm_low,112,-127,-10,0,18,1,1,0","horse_lord,fist,114,-44,-3,0,22,1.1,1.1,0",,"horse_lord,leg_low,-248,-118,-10,0,17,1,1,0","horse_lord,foot,-252,-36,-8,0,19,1,1,0",,"horse_lord,leg_low,-143,-132,0,0,18,1,1,0","horse_lord,foot,-129,-43,0,0,19,1,1,0",,"human_lord,shield_back,64,-604,11,0,20,1,1,0","horse_lord,tail,-283,-138,-10,0,20,1,1,0","horse_lord,seat,-60,-454,25,0,8,1,1,0","horse_lord,seat,63,-462,-15,1,8,1,1,0",,,,,,,,,,,,,,,,,,,,,,,,,,,,,,,,,,,,,,,,,,,,,,,,,,,,,,,,,,,,,,,,,,,,,,,,
Damaged/2,"human_lord,head,-40,-738,23,0,6,1,1,0","human_lord,neck,-12,-680,13,0,9,1,1,0","human_lord,body,4,-568,10.5,0,7,1,1,0","human_lord,arm_up,-90,-561,-25,0,3,1,1,0","human_lord,arm_low,-77,-469,42,0,5,1,1,0","human_lord,fist,-13,-412,60,0,5,1,1,0","human_lord,arm_up,73,-603,30,1,16,1,1,0","human_lord,arm_low,162,-527,71,1,18,1,1,0","human_lord,fist,208,-465,59,1,18,1,1,0","human_lord,leg_up,-8,-396,31,0,9,1,1,0","human_lord,leg_low,5,-285,-18,0,12,1,1,0","human_lord,foot_cav,-3,-203,-20.6,0,13,1,1,0","human_lord,leg_up,79,-439,44.2,0,14,1,1,0","human_lord,leg_low,109,-304,-2.5,0,19,1,1,0","human_lord,foot,120,-220,-2.5,0,23,1,1,0","human_lord,base,95,-520,143.3,1,6,1,1,0","human_lord,shield,-73,-608,-26,0,3,1,1,0","human_lord,skirt,14,-454,8,0,9,1,1,0",,,,,,,,,,"horse_lord,close,331,-556,18,0,0,1,1,0","horse_lord,neck,216,-518,-13,0,13,1,1,0","horse_lord,body,-35,-272,2,0,14,1,1,0",,"horse_lord,arm_low,195,-120,4,0,16,1,1,0","horse_lord,fist,210,-36,2,0,18,1,1,0",,"horse_lord,arm_low,112,-127,-10,0,18,1,1,0","horse_lord,fist,114,-44,-3,0,22,1.1,1.1,0",,"horse_lord,leg_low,-255,-118,-14,0,17,1,1,0","horse_lord,foot,-265,-41,-25,0,19,1,1,0",,"horse_lord,leg_low,-146,-127,-4,0,18,1,1,0","horse_lord,foot,-136,-43,2,0,19,1,1,0",,"human_lord,shield_back,49,-624,30,0,20,1,1,0","horse_lord,tail,-286,-124,-32,0,20,1,1,0","horse_lord,seat,-60,-454,25,0,8,1,1,0","horse_lord,seat,63,-462,-15,1,8,1,1,0",,,,,,,,,,,,,,,,,,,,,,,,,,,,,,,,,,,,,,,,,,,,,,,,,,,,,,,,,,,,,,,,,,,,,,hold,,
Damaged/3,"human_lord,head,-48,-728,33,0,6,1,1,0","human_lord,neck,-11,-662,20,0,9,1,1,0","human_lord,body,4,-568,9.5,0,7,1,1,0","human_lord,arm_up,-98,-557,-30,0,3,1,1,0","human_lord,arm_low,-100,-464,36,0,5,1,1,0","human_lord,fist,-43,-401,54,0,5,1,1,0","human_lord,arm_up,80,-601,38,1,16,1,1,0","human_lord,arm_low,169,-526,78,1,18,1,1,0","human_lord,fist,215,-463,61,1,18,1,1,0","human_lord,leg_up,-14,-389,33,0,9,1,1,0","human_lord,leg_low,0,-285,-23,0,12,1,1,0","human_lord,foot_cav,-18,-203,-39.6,0,13,1,1,0","human_lord,leg_up,79,-439,44.2,0,14,1,1,0","human_lord,leg_low,109,-304,-2.5,0,19,1,1,0","human_lord,foot,120,-220,-2.5,0,23,1,1,0","human_lord,base,77,-496,137.3,1,6,1,1,0","human_lord,shield,-71,-599,-36,0,3,1,1,0","human_lord,skirt,14,-454,8,0,9,1,1,0",,,,,,,,,,"horse_lord,close,331,-562,23,0,0,1,1,0","horse_lord,neck,213,-520,-12,0,13,1,1,0","horse_lord,body,-35,-272,2,0,14,1,1,0",,"horse_lord,arm_low,197,-120,7,0,16,1,1,0","horse_lord,fist,218,-36,2,0,18,1,1,0",,"horse_lord,arm_low,108,-127,-10,0,18,1,1,0","horse_lord,fist,109,-44,-6,0,22,1.1,1.1,0",,"horse_lord,leg_low,-255,-118,-14,0,17,1,1,0","horse_lord,foot,-265,-41,-25,0,19,1,1,0",,"horse_lord,leg_low,-146,-127,-4,0,18,1,1,0","horse_lord,foot,-136,-43,2,0,19,1,1,0",,"human_lord,shield_back,49,-624,43,0,20,1,1,0","horse_lord,tail,-292,-121,-38,0,20,1,1,0","horse_lord,seat,-60,-454,25,0,8,1,1,0","horse_lord,seat,63,-462,-15,1,8,1,1,0",,,,,,,,,,,,,,,,,,,,,,,,,,,,,,,,,,,,,,,,,,,,,,,,,,,,,,,,,,,,,,,,,,,,,,,,
Damaged/4,"human_lord,head,-40,-738,23,0,6,1,1,0","human_lord,neck,-12,-680,13,0,9,1,1,0","human_lord,body,4,-568,10.5,0,7,1,1,0","human_lord,arm_up,-90,-561,-25,0,3,1,1,0","human_lord,arm_low,-77,-469,42,0,5,1,1,0","human_lord,fist,-13,-412,60,0,5,1,1,0","human_lord,arm_up,73,-603,30,1,16,1,1,0","human_lord,arm_low,162,-527,71,1,18,1,1,0","human_lord,fist,208,-465,59,1,18,1,1,0","human_lord,leg_up,-8,-396,31,0,9,1,1,0","human_lord,leg_low,5,-285,-18,0,12,1,1,0","human_lord,foot_cav,-3,-203,-20.6,0,13,1,1,0","human_lord,leg_up,79,-439,44.2,0,14,1,1,0","human_lord,leg_low,109,-304,-2.5,0,19,1,1,0","human_lord,foot,120,-220,-2.5,0,23,1,1,0","human_lord,base,100,-521,143.3,1,6,1,1,0","human_lord,shield,-73,-608,-26,0,3,1,1,0","human_lord,skirt,14,-454,8,0,9,1,1,0",,,,,,,,,,"horse_lord,close,331,-556,18,0,0,1,1,0","horse_lord,neck,216,-518,-13,0,13,1,1,0","horse_lord,body,-35,-272,2,0,14,1,1,0",,"horse_lord,arm_low,195,-120,4,0,16,1,1,0","horse_lord,fist,210,-36,2,0,18,1,1,0",,"horse_lord,arm_low,112,-127,-10,0,18,1,1,0","horse_lord,fist,114,-44,-3,0,22,1.1,1.1,0",,"horse_lord,leg_low,-255,-118,-14,0,17,1,1,0","horse_lord,foot,-265,-41,-25,0,19,1,1,0",,"horse_lord,leg_low,-146,-127,-4,0,18,1,1,0","horse_lord,foot,-136,-43,2,0,19,1,1,0",,"human_lord,shield_back,49,-624,30,0,20,1,1,0","horse_lord,tail,-286,-124,-32,0,20,1,1,0","horse_lord,seat,-60,-454,25,0,8,1,1,0","horse_lord,seat,63,-462,-15,1,8,1,1,0",,,,,,,,,,,,,,,,,,,,,,,,,,,,,,,,,,,,,,,,,,,,,,,,,,,,,,,,,,,,,,,,,,,,,,,,
Damaged/5,"human_lord,head,14,-747,7,0,6,1,1,0","human_lord,neck,8,-662,0,0,9,1,1,0","human_lord,body,12,-568,-1.5,0,7,1,1,0","human_lord,arm_up,-84,-571,-26,0,3,1,1,0","human_lord,arm_low,-64,-484,58,0,5,1,1,0","human_lord,fist,12,-443,66,0,5,1,1,0","human_lord,arm_up,79,-584,20,1,16,1,1,0","human_lord,arm_low,154,-494,61,1,18,1,1,0","human_lord,fist,220,-471,59,1,18,1,1,0","human_lord,leg_up,-8,-396,33,0,9,1,1,0","human_lord,leg_low,15,-285,-8,0,12,1,1,0","human_lord,foot_cav,27,-203,-10.6,0,13,1,1,0","human_lord,leg_up,79,-439,44.2,0,14,1,1,0","human_lord,leg_low,109,-304,-2.5,0,19,1,1,0","human_lord,foot,120,-220,-2.5,0,23,1,1,0","human_lord,base,107,-565,150.3,1,6,1,1,0","human_lord,shield,-61,-620,-22,0,3,1,1,0","human_lord,skirt,18,-461,12,0,9,1,1,0",,,,,,,,,,"horse_lord,head,346,-541,9,0,0,1,1,0","horse_lord,neck,234,-514,-23,0,13,1,1,0","horse_lord,body,-36,-272,1,0,14,1,1,0",,"horse_lord,arm_low,185,-120,1,0,16,1,1,0","horse_lord,fist,198,-36,2,0,18,1,1,0",,"horse_lord,arm_low,112,-127,-10,0,18,1,1,0","horse_lord,fist,114,-44,-3,0,22,1.1,1.1,0",,"horse_lord,leg_low,-248,-118,-10,0,17,1,1,0","horse_lord,foot,-252,-36,-8,0,19,1,1,0",,"horse_lord,leg_low,-143,-132,0,0,18,1,1,0","horse_lord,foot,-129,-43,0,0,19,1,1,0",,"human_lord,shield_back,64,-604,11,0,20,1,1,0","horse_lord,tail,-283,-138,-10,0,20,1,1,0","horse_lord,seat,-60,-454,25,0,8,1,1,0","horse_lord,seat,63,-462,-15,1,8,1,1,0",,,,,,,,,,,,,,,,,,,,,,,,,,,,,,,,,,,,,,,,,,,,,,,,,,,,,,,,,,,,,,,,,,,,,,,,
Default/0,"human_lord,head,17,-757,1,0,3,1,1,0","human_lord,neck,6,-682,-2,0,6,1,1,0","human_lord,body,5,-586,-0.5,0,4,1,1,0","human_lord,arm_up,-94,-620,-87,0,4,1,1,0","human_lord,arm_low,-214,-615,-86,0,6,1,1,0","human_lord,fist,-309,-611,-88,0,5,1,1,0","human_lord,arm_up,108,-635,84,1,13,1,1,0","human_lord,arm_low,232,-630,87,1,15,1,1,0","human_lord,fist,323,-621,81,1,14,1,1,0","human_lord,leg_up,-48,-406,-13,0,8,1,1,0","human_lord,leg_low,-73,-294,-12,0,11,1,1,0","human_lord,foot,-64,-213,-1.6,0,12,1,1,0","human_lord,leg_up,51,-403,9.2,0,14,1,1,0","human_lord,leg_low,61,-289,-1.5,0,19,1,1,0","human_lord,foot,83,-212,4.5,0,23,1,1,0",,,"human_lord,skirt,0,-451,0,0,8,1,1,0",,,,,,,,,,"horse_lord,head,357,-513,-5,0,0,1,1,0","horse_lord,neck,245,-509,-25,0,12,1,1,0","horse_lord,body,-36,-272,0,0,14,1,1,0","horse_lord,arm_up,122,-177,10,0,16,1,1,0","horse_lord,arm_low,180,-120,-2,0,16,1,1,0","horse_lord,fist,191,-36,2,0,18,1,1,0",,"horse_lord,arm_low,112,-127,-10,0,18,1,1,0","horse_lord,fist,114,-44,-3,0,22,1.1,1.1,0",,"horse_lord,leg_low,-234,-118,0,0,17,1,1,0","horse_lord,foot,-227,-36,2,0,19,1,1,0",,"horse_lord,leg_low,-143,-132,0,0,18,1,1,0","horse_lord,foot,-129,-43,0,0,19,1,1,0",,,"horse_lord,tail,-286,-138,-10,0,20,1,1,0","horse_lord,seat,-40,-454,25,0,8,1,1,0","horse_lord,seat,63,-462,-15,1,8,1,1,0",,,,,,,,,,,,,,,,,,,,,,,,,,,,,,,,,,,,,,,,,,,,,,,,,,,,,,,,,,,,,,,,,,,,,,,,
Die/0,"human_lord,head,46,-733,-8,0,6,1,1,0","human_lord,neck,23,-664,-5,0,9,1,1,0","human_lord,body,20,-568,-7.5,0,7,1,1,0","human_lord,arm_up,-52,-583,-29,0,3,1,1,0","human_lord,arm_low,-39,-493,53,0,5,1,1,0","human_lord,fist,35,-445,61,0,5,1,1,0","human_lord,arm_up,88,-581,15,1,16,1,1,0","human_lord,arm_low,154,-486,56,1,18,1,1,0","human_lord,fist,218,-446,48,1,18,1,1,0","human_lord,leg_up,-12,-400,29,0,9,1,1,0","human_lord,leg_low,3,-286,-12,0,12,1,1,0","human_lord,foot_cav,8,-204,-14.6,0,13,1,1,0","human_lord,leg_up,77,-436,40.2,0,14,1,1,0","human_lord,leg_low,98,-299,-6.5,0,19,1,1,0","human_lord,foot,104,-214,-6.5,0,23,1,1,0","human_lord,base,132,-547,145.3,1,6,1,0.9,0","human_lord,shield,-42,-622,-24,0,3,1,1,0","human_lord,skirt,17,-463,7,0,9,1,1,0",,,,,,,,,,"horse_lord,head,372,-497,-9,0,0,1,1,0","horse_lord,neck,258,-497,-32,0,12,1,1,0","horse_lord,body,-36,-272,0,0,14,1,1,0",,"horse_lord,arm_low,180,-120,-2,0,16,1,1,0","horse_lord,fist,191,-36,2,0,18,1,1,0",,"horse_lord,arm_low,112,-127,-20,0,18,1,1,0","horse_lord,fist,94,-44,-23,0,22,1.1,1.1,0",,"horse_lord,leg_low,-259,-115,-10,0,17,1,1,0","horse_lord,foot,-267,-36,-18,0,19,1,1,0",,"horse_lord,leg_low,-153,-132,0,0,18,1,1,0","horse_lord,foot,-159,-43,-20,0,19,1,1,0",,"human_lord,shield_back,78,-602,10,0,20,1,1,0","horse_lord,tail,-286,-138,-10,0,20,1,1,0","horse_lord,seat,-60,-454,25,0,8,1,1,0","horse_lord,seat,63,-462,-15,1,8,1,1,0",,,,,,,,,,,,,,,,,,,,,,,,,,,,,,,,,,,,,,,,,,,,,,,,,,,,,,,,,,,,,,,,,,,,,,,,
Die/1,"human_lord,head,51,-716,-12,0,6,1,1,0","human_lord,neck,26,-653,-6,0,9,1,1,0","human_lord,body,22,-557,-8.5,0,7,1,1,0","human_lord,arm_up,-50,-573,-30,0,3,1,1,0","human_lord,arm_low,-49,-483,42,0,5,1,1,0","human_lord,fist,15,-414,50,0,5,1,1,0","human_lord,arm_up,90,-569,14,1,16,1,1,0","human_lord,arm_low,154,-473,55,1,18,1,1,0","human_lord,fist,218,-432,47,1,18,1,1,0","human_lord,leg_up,-13,-389,21,0,9,1,1,0","human_lord,leg_low,-21,-275,-23,0,12,1,1,0","human_lord,foot_cav,-37,-193,-35.6,0,13,1,1,0","human_lord,leg_up,76,-424,39.2,0,14,1,1,0","human_lord,leg_low,95,-287,-7.5,0,19,1,1,0","human_lord,foot,100,-202,-7.5,0,23,1,1,0","human_lord,base,135,-494,134.3,1,6,1,0.9,0","human_lord,shield,-39,-612,-30,0,3,1,1,0","human_lord,skirt,17,-452,6,0,9,1,1,0",,,,,,,,,,"horse_lord,head,394,-438,-20,0,0,1,1,0","horse_lord,neck,284,-460,-42,0,12,1,1,0","horse_lord,body,-37,-261,-2,0,14,1,1,0",,"horse_lord,arm_low,175,-117,-3,0,16,1,1,0","horse_lord,fist,176,-33,-19,0,18,1,1,0",,"horse_lord,arm_low,97,-106,-31,0,18,1,1,0","horse_lord,fist,63,-43,-54,0,22,1.1,1.1,0",,"horse_lord,leg_low,-287,-120,-31,0,17,1,1,0","horse_lord,foot,-333,-41,-49,0,19,1,1,0",,"horse_lord,leg_low,-159,-125,-11,0,18,1,1,0","horse_lord,foot,-175,-46,-31,0,19,1,1,0",,"human_lord,shield_back,80,-598,9,0,20,1,1,0","horse_lord,tail,-300,-133,-21,0,20,1,1,0","horse_lord,seat,-59,-451,24,0,8,1,1,0","horse_lord,seat,64,-456,-16,1,8,1,1,0",,,,,,,,,,,,,,,,,,,,,,,,,,,,,,,,,,,,,,,,,,,,,,,,,,,,,,,,,,,,,,,,,,,,,,hold,,
Die/2,"human_lord,head,71,-707,-16,0,6,1,1,0","human_lord,neck,38,-647,-10,0,9,1,1,0","human_lord,body,30,-551,-12.5,0,7,1,1,0","human_lord,arm_up,-42,-571,-34,0,3,1,1,0","human_lord,arm_low,-66,-461,17,0,5,1,1,0","human_lord,fist,-49,-368,16,0,5,1,1,0","human_lord,arm_up,98,-559,10,1,16,1,1,0","human_lord,arm_low,154,-459,51,1,18,1,1,0","human_lord,fist,216,-414,43,1,18,1,1,0","human_lord,leg_up,-17,-387,17,0,9,1,1,0","human_lord,leg_low,-33,-273,-27,0,12,1,1,0","human_lord,foot_cav,-56,-191,-39.6,0,13,1,1,0","human_lord,leg_up,72,-414,35.2,0,14,1,1,0","human_lord,leg_low,83,-277,-11.5,0,19,1,1,0","human_lord,foot,84,-192,-11.5,0,23,1,1,0","human_lord,base,139,-420,130.3,1,6,1,0.9,0","human_lord,shield,-27,-610,-34,0,3,1,1,0","human_lord,skirt,2,-436,2,0,9,1,1,0",,,,,,,,,,"horse_lord,close,400,-408,-23,0,0,1,1,0","horse_lord,neck,290,-438,-47,0,12,1,1,0","horse_lord,body,-39,-253,-3,0,14,1,1,0",,"horse_lord,arm_low,170,-105,-4,0,16,1,1,0","horse_lord,fist,150,-21,-40,0,18,1,1,0",,"horse_lord,arm_low,83,-96,-42,0,18,1,1,0","horse_lord,fist,37,-33,-55,0,22,1.1,1.1,0",,"horse_lord,leg_low,-312,-106,-42,0,17,1,1,0","horse_lord,foot,-369,-48,-60,0,19,1,1,0",,"horse_lord,leg_low,-181,-108,-25,0,18,1,1,0","horse_lord,foot,-211,-41,-42,0,19,1,1,0",,"human_lord,shield_back,91,-577,-1,0,20,1,1,0","horse_lord,tail,-304,-130,-22,0,20,1,1,0","horse_lord,seat,-58,-443,23,0,8,1,1,0","horse_lord,seat,65,-446,-17,1,8,1,1,0",,,,,,,,,,,,,,,,,,,,,,,,,,,,,,,,,,,,,,,,,,,,,,,,,,,,,,,,,,,,,,,,,,,,,,,,
Die/3,"human_lord,head,126,-639,-46,0,6,1,1,0","human_lord,neck,72,-595,-20,0,9,1,1,0","human_lord,body,47,-519,-22.5,0,7,1,1,0","human_lord,arm_up,-28,-522,-36,0,3,1,1,0","human_lord,arm_low,-72,-419,-3,0,5,1,1,0","human_lord,fist,-85,-336,-4,0,5,1,1,0","human_lord,arm_up,122,-527,10,1,16,1,1,0","human_lord,arm_low,168,-417,31,1,18,1,1,0","human_lord,fist,240,-372,23,1,18,1,1,0","human_lord,leg_up,-13,-353,17,0,9,1,1,0","human_lord,leg_low,-29,-239,-27,0,12,1,1,0","human_lord,foot_cav,-52,-157,-39.6,0,13,1,1,0","human_lord,leg_up,76,-392,35.2,0,14,1,1,0","human_lord,leg_low,87,-255,-11.5,0,19,1,1,0","human_lord,foot,88,-170,-11.5,0,23,1,1,0","human_lord,base,143,-147,70.3,1,6,1,0.9,0","human_lord,shield,-2,-568,-34,0,3,1,1,0","human_lord,skirt,6,-414,2,0,9,1,1,0",,,,,,,,,,"horse_lord,close,404,-374,-24,0,0,1,1,0","horse_lord,neck,294,-401,-46,0,12,1,1,0","horse_lord,body,-39,-222,-3,0,14,1,1,0",,"horse_lord,arm_low,160,-74,-24,0,16,1,1,0","horse_lord,fist,120,0,-60,0,18,1,1,0",,"horse_lord,arm_low,54,-59,-42,0,18,1,1,0","horse_lord,fist,7,-12,-75,0,22,1.1,1.1,0",,"horse_lord,leg_low,-323,-80,-42,0,17,1,1,0","horse_lord,foot,-389,-19,-70,0,19,1,1,0",,"horse_lord,leg_low,-211,-60,-55,0,18,1,1,0","horse_lord,foot,-261,-13,-42,0,19,1,1,0",,"human_lord,shield_back,115,-535,-1,0,20,1,1,0","horse_lord,tail,-304,-99,-22,0,20,1,1,0","horse_lord,seat,-58,-412,23,0,8,1,1,0","horse_lord,seat,65,-415,-17,1,8,1,1,0",,,,,,,,,,,,,,,,,,,,,,,,,,,,,,,,,,,,,,,,,,,,,,,,,,,,,,,,,,,,,,,,,,,,,,,,
Die/4,"human_lord,head,134,-589,-47,0,6,1,1,0","human_lord,neck,72,-555,-20,0,9,1,1,0","human_lord,body,47,-474,-24.5,0,7,1,1,0","human_lord,arm_up,-28,-482,-16,0,3,1,1,0","human_lord,arm_low,-52,-369,-3,0,5,1,1,0","human_lord,fist,-65,-286,-4,0,5,1,1,0","human_lord,arm_up,122,-483,6,1,16,1,1,0","human_lord,arm_low,146,-377,21,1,18,1,1,0","human_lord,fist,240,-332,23,1,18,1,1,0","human_lord,leg_up,-13,-313,17,0,9,1,1,0","human_lord,leg_low,-29,-199,-27,0,12,1,1,0","human_lord,foot_cav,-52,-117,-39.6,0,13,1,1,0","human_lord,leg_up,76,-352,35.2,0,14,1,1,0","human_lord,leg_low,87,-215,-11.5,0,19,1,1,0","human_lord,foot,88,-130,-11.5,0,23,1,1,0","human_lord,base,143,-37,77.3,1,6,1,0.9,0","human_lord,shield,-2,-524,-22,0,3,1,1,0","human_lord,skirt,6,-374,2,0,9,1,1,0",,,,,,,,,,"horse_lord,close,404,-339,-24,0,0,1,1,0","horse_lord,neck,294,-366,-46,0,12,1,1,0","horse_lord,body,-39,-182,-3,0,14,1,1,0",,"horse_lord,arm_low,149,-14,-44,0,16,1,1,0","horse_lord,fist,90,30,-80,0,18,1,1,0",,"horse_lord,arm_low,54,-29,-52,0,18,1,1,0","horse_lord,fist,-23,8,-95,0,22,1.1,1.1,0",,"horse_lord,leg_low,-323,-52,-52,0,17,1,1,0","horse_lord,foot,-389,-9,-90,0,19,1,1,0",,"horse_lord,leg_low,-211,-31,-65,0,18,1,1,0","horse_lord,foot,-271,7,-72,0,19,1,1,0",,"human_lord,shield_back,115,-489,-3,0,20,1,1,0","horse_lord,tail,-304,-59,-22,0,20,1,1,0","horse_lord,seat,-58,-372,23,0,8,1,1,0","horse_lord,seat,65,-375,-17,1,8,1,1,0",,,,,,,,,,,,,,,,,,,,,,,,,,,,,,,,,,,,,,,,,,,,,,,,,,,,,,,,,,,,,,,,,,,,,,,,
Die/5,"human_lord,head,136,-544,-48,0,6,1,1,0","human_lord,neck,72,-515,-20,0,9,1,1,0","human_lord,body,47,-434,-25.5,0,7,1,1,0","human_lord,arm_up,-28,-442,-16,0,3,1,1,0","human_lord,arm_low,-52,-329,-3,0,5,1,1,0","human_lord,fist,-65,-246,-4,0,5,1,1,0","human_lord,arm_up,122,-443,6,1,16,1,1,0","human_lord,arm_low,146,-337,21,1,18,1,1,0","human_lord,fist,190,-244,23,1,18,1,1,0","human_lord,leg_up,-13,-273,17,0,9,1,1,0","human_lord,leg_low,-19,-159,-16,0,12,1,1,0","human_lord,foot_cav,-31,-71,-34.6,0,13,1,1,0","human_lord,leg_up,76,-312,35.2,0,14,1,1,0","human_lord,leg_low,87,-175,-11.5,0,19,1,1,0","human_lord,foot,88,-90,-11.5,0,23,1,1,0","human_lord,base,143,-27,97.3,1,6,1,0.9,0","human_lord,shield,-2,-484,-22,0,3,1,1,0","human_lord,skirt,6,-334,2,0,9,1,1,0",,,,,,,,,,"horse_lord,close,405,-276,-28,0,0,1,1,0","horse_lord,neck,295,-311,-50,0,12,1,1,0","horse_lord,body,-39,-132,-3,0,14,1,1,0",,"horse_lord,arm_low,149,16,-64,0,16,1,1,0","horse_lord,fist,80,40,-110,0,18,1,1,0",,"horse_lord,arm_low,44,11,-62,0,30,1,1,0","horse_lord,fist,-23,38,-95,0,34,1.1,1.1,0",,"horse_lord,leg_low,-323,-12,-62,0,17,1,1,0","horse_lord,foot,-389,13,-90,0,19,1,1,0",,"horse_lord,leg_low,-211,-1,-75,0,18,1,1,0","horse_lord,foot,-281,27,-72,0,19,1,1,0",,"human_lord,shield_back,115,-469,-3,0,20,1,1,0","horse_lord,tail,-304,-9,-22,0,20,1,1,0","horse_lord,seat,-58,-322,23,0,8,1,1,0","horse_lord,seat,65,-325,-17,1,8,1,1,0",,,,,,,,,,,,,,,,,,,,,,,,,,,,,,,,,,,,,,,,,,,,,,,,,,,,,,,,,,,,,,,,,,,,,,,,
Die/6,"human_lord,head,136,-521,-50,0,6,1,1,0","human_lord,neck,72,-495,-20,0,9,1,1,0","human_lord,body,47,-414,-25.5,0,7,1,1,0","human_lord,arm_up,-29,-412,-7,0,3,1,1,0","human_lord,arm_low,-43,-309,2,0,5,1,1,0","human_lord,fist,-46,-226,1,0,5,1,1,0","human_lord,arm_up,122,-423,6,1,16,1,1,0","human_lord,arm_low,142,-317,12,1,18,1,1,0","human_lord,fist,190,-224,23,1,18,1,1,0","human_lord,leg_up,-13,-253,17,0,9,1,1,0","human_lord,leg_low,-19,-139,-9,0,12,1,1,0","human_lord,foot_cav,-21,-57,-29.6,0,13,1,1,0","human_lord,leg_up,76,-292,35.2,0,14,1,1,0","human_lord,leg_low,87,-155,-11.5,0,19,1,1,0","human_lord,foot,88,-70,-11.5,0,23,1,1,0","human_lord,base,143,-17,78.3,1,6,1,0.9,0","human_lord,shield,-6,-464,-11,0,3,1,1,0","human_lord,skirt,6,-314,2,0,9,1,1,0",,,,,,,,,,"horse_lord,close,404,-244,-32,0,0,1,1,0","horse_lord,neck,298,-287,-54,0,12,1,1,0","horse_lord,body,-39,-122,-3,0,14,1,1,0",,"horse_lord,arm_low,129,26,-74,0,16,1,1,0","horse_lord,fist,70,40,-120,0,18,1,1,0",,"horse_lord,arm_low,44,1,-82,0,30,1,1,0","horse_lord,fist,-23,8,-95,0,34,1.1,1.1,0",,"horse_lord,leg_low,-323,-12,-72,0,17,1,1,0","horse_lord,foot,-389,12,-90,0,19,1,1,0",,"horse_lord,leg_low,-211,7,-80,0,18,1,1,0","horse_lord,foot,-291,26,-82,0,19,1,1,0",,"human_lord,shield_back,115,-442,-6,0,20,1,1,0","horse_lord,tail,-304,1,-22,0,20,1,1,0","horse_lord,seat,-58,-312,23,0,8,1,1,0","horse_lord,seat,65,-315,-17,1,8,1,1,0",,,,,,,,,,,,,,,,,,,,,,,,,,,,,,,,,,,,,,,,,,,,,,,,,,,,,,,,,,,,,,,,,,,,,,,,
Die/7,"human_lord,head,136,-521,-50,0,6,1,1,0","human_lord,neck,72,-495,-20,0,9,1,1,0","human_lord,body,47,-414,-25.5,0,7,1,1,0","human_lord,arm_up,-29,-412,-7,0,3,1,1,0","human_lord,arm_low,-43,-309,2,0,5,1,1,0","human_lord,fist,-46,-226,1,0,5,1,1,0","human_lord,arm_up,122,-423,6,1,16,1,1,0","human_lord,arm_low,142,-317,12,1,18,1,1,0","human_lord,fist,190,-224,23,1,18,1,1,0","human_lord,leg_up,-13,-253,17,0,9,1,1,0","human_lord,leg_low,-19,-139,-9,0,12,1,1,0","human_lord,foot_cav,-21,-57,-29.6,0,13,1,1,0","human_lord,leg_up,76,-292,35.2,0,14,1,1,0","human_lord,leg_low,87,-155,-11.5,0,19,1,1,0","human_lord,foot,88,-70,-11.5,0,23,1,1,0","human_lord,base,143,-17,92.3,1,6,1,0.9,0","human_lord,shield,-6,-464,-11,0,3,1,1,0","human_lord,skirt,6,-314,2,0,9,1,1,0",,,,,,,,,,"horse_lord,close,384,-179,-51,0,0,1,1,0","horse_lord,neck,322,-250,-69,0,13,1,1.1,0","horse_lord,body,-39,-122,-4,0,14,1,1,0",,"horse_lord,arm_low,129,26,-74,0,16,1,1,0","horse_lord,fist,70,40,-120,0,18,1,1,0",,"horse_lord,arm_low,44,1,-82,0,30,1,1,0","horse_lord,fist,-23,8,-95,0,34,1.1,1.1,0",,"horse_lord,leg_low,-323,-12,-72,0,17,1,1,0","horse_lord,foot,-389,12,-90,0,19,1,1,0",,"horse_lord,leg_low,-211,7,-80,0,18,1,1,0","horse_lord,foot,-291,26,-82,0,19,1,1,0",,"human_lord,shield_back,115,-442,-6,0,20,1,1,0","horse_lord,tail,-304,1,-22,0,20,1,1,0","horse_lord,seat,-58,-316,20,0,8,1,1,0","horse_lord,seat,63,-315,-17,1,8,1,1,0",,,,,,,,,,,,,,,,,,,,,,,,,,,,,,,,,,,,,,,,,,,,,,,,,,,,,,,,,,,,,,,,,,,,,,,,
Idle/0,"human_lord,head,30,-732,-2,0,6,1,1,0","human_lord,neck,14,-661,-2,0,9,1,1,0","human_lord,body,14,-567,-4.5,0,7,1,1,0","human_lord,arm_up,-58,-576,-24,0,3,1,1,0","human_lord,arm_low,-37,-484,56,0,5,1,1,0","human_lord,fist,37,-439,64,0,5,1,1,0","human_lord,arm_up,82,-581,18,1,16,1,1,0","human_lord,arm_low,154,-489,59,1,18,1,1,0","human_lord,fist,218,-452,51,1,18,1,1,0","human_lord,leg_up,-9,-395,32,0,9,1,1,0","human_lord,leg_low,12,-284,-9,0,12,1,1,0","human_lord,foot_cav,23,-202,-11.6,0,13,1,1,0","human_lord,leg_up,79,-437,43.2,0,14,1,1,0","human_lord,leg_low,107,-301,-3.5,0,19,1,1,0","human_lord,foot,116,-217,-3.5,0,23,1,1,0","human_lord,base,140,-557,148.3,1,6,1,1,0","human_lord,shield,-56,-614,-18,0,3,1,1,0","human_lord,skirt,17,-460,10,0,9,1,1,0",,,,,,,,,,"horse_lord,head,356,-511,-5,0,0,1,1,0","horse_lord,neck,244,-507,-25,0,13,1,1,0","horse_lord,body,-36,-272,0,0,14,1,1,0",,"horse_lord,arm_low,180,-120,-2,0,16,1,1,0","horse_lord,fist,191,-36,2,0,18,1,1,0",,"horse_lord,arm_low,112,-127,-10,0,18,1,1,0","horse_lord,fist,114,-44,-3,0,22,1.1,1.1,0",,"horse_lord,leg_low,-238,-118,0,0,17,1,1,0","horse_lord,foot,-227,-36,2,0,19,1,1,0",,"horse_lord,leg_low,-143,-132,0,0,18,1,1,0","horse_lord,foot,-129,-43,0,0,19,1,1,0",,"human_lord,shield_back,72,-598,16,0,20,1,1,0","horse_lord,tail,-286,-138,-10,0,20,1,1,0","horse_lord,seat,-60,-454,25,0,8,1,1,0","horse_lord,seat,63,-462,-15,1,8,1,1,0",,,,,,,,,,,,,,,,,,,,,,,,,,,,,,,,,,,,,,,,,,,,,,,,,,,,,,,,,,,,,,,,,,,,,,play_time_mod_2,,
Idle/1,"human_lord,head,31,-731,-5,0,6,1,1,0","human_lord,neck,14,-662,-2,0,9,1,1,0","human_lord,body,14,-566,-4.5,0,7,1,1,0","human_lord,arm_up,-58,-578,-26,0,3,1,1,0","human_lord,arm_low,-39,-488,56,0,5,1,1,0","human_lord,fist,35,-443,64,0,5,1,1,0","human_lord,arm_up,82,-582,18,1,16,1,1,0","human_lord,arm_low,154,-490,59,1,18,1,1,0","human_lord,fist,218,-453,51,1,18,1,1,0","human_lord,leg_up,-9,-395,32,0,9,1,1,0","human_lord,leg_low,12,-284,-9,0,12,1,1,0","human_lord,foot_cav,23,-202,-11.6,0,13,1,1,0","human_lord,leg_up,79,-437,43.2,0,14,1,1,0","human_lord,leg_low,107,-301,-3.5,0,19,1,1,0","human_lord,foot,116,-217,-3.5,0,23,1,1,0","human_lord,base,133,-560,148.3,1,6,1,1,0","human_lord,shield,-51,-617,-21,0,3,1,1,0","human_lord,skirt,17,-461,10,0,9,1,1,0",,,,,,,,,,"horse_lord,head,355,-508,-6,0,0,1,1,0","horse_lord,neck,243,-505,-25,0,13,1,1,0","horse_lord,body,-36,-272,0,0,14,1,1,0",,"horse_lord,arm_low,180,-120,-2,0,16,1,1,0","horse_lord,fist,191,-36,2,0,18,1,1,0",,"horse_lord,arm_low,112,-127,-10,0,18,1,1,0","horse_lord,fist,114,-44,-3,0,22,1.1,1.1,0",,"horse_lord,leg_low,-238,-118,0,0,17,1,1,0","horse_lord,foot,-227,-36,2,0,19,1,1,0",,"horse_lord,leg_low,-143,-132,0,0,18,1,1,0","horse_lord,foot,-129,-43,0,0,19,1,1,0",,"human_lord,shield_back,72,-603,13,0,20,1,1,0","horse_lord,tail,-286,-138,-10,0,20,1,1,0","horse_lord,seat,-60,-454,25,0,8,1,1,0","horse_lord,seat,63,-462,-15,1,8,1,1,0",,,,,,,,,,,,,,,,,,,,,,,,,,,,,,,,,,,,,,,,,,,,,,,,,,,,,,,,,,,,,,,,,,,,,,,,
Idle/2,"human_lord,head,37,-727,-8,0,6,1,1,0","human_lord,neck,14,-662,-2,0,9,1,1,0","human_lord,body,14,-567,-6.5,0,7,1,1,0","human_lord,arm_up,-63,-574,-24,0,3,1,1,0","human_lord,arm_low,-43,-486,56,0,5,1,1,0","human_lord,fist,32,-443,64,0,5,1,1,0","human_lord,arm_up,82,-579,17,1,16,1,1,0","human_lord,arm_low,154,-488,60,1,18,1,1,0","human_lord,fist,218,-453,52,1,18,1,1,0","human_lord,leg_up,-8,-390,36,0,9,1,1,0","human_lord,leg_low,15,-285,-10,0,12,1,1,0","human_lord,foot_cav,23,-203,-13.6,0,13,1,1,0","human_lord,leg_up,79,-437,43.2,0,14,1,1,0","human_lord,leg_low,107,-301,-3.5,0,19,1,1,0","human_lord,foot,116,-217,-3.5,0,23,1,1,0","human_lord,base,130,-560,147.3,1,6,1,1,0","human_lord,shield,-51,-615,-23,0,3,1,1,0","human_lord,skirt,17,-458,8,0,9,1,1,0",,,,,,,,,,"horse_lord,head,358,-503,-7,0,0,1,1,0","horse_lord,neck,248,-505,-27,0,13,1,1,0","horse_lord,body,-36,-272,0,0,14,1,1,0",,"horse_lord,arm_low,180,-120,-2,0,16,1,1,0","horse_lord,fist,191,-36,2,0,18,1,1,0",,"horse_lord,arm_low,112,-127,-10,0,18,1,1,0","horse_lord,fist,114,-44,-3,0,22,1.1,1.1,0",,"horse_lord,leg_low,-238,-118,0,0,17,1,1,0","horse_lord,foot,-227,-36,2,0,19,1,1,0",,"horse_lord,leg_low,-143,-132,0,0,18,1,1,0","horse_lord,foot,-129,-43,0,0,19,1,1,0",,"human_lord,shield_back,72,-594,9,0,20,1,1,0","horse_lord,tail,-287,-138,-11,0,20,1,1,0","horse_lord,seat,-60,-454,25,0,8,1,1,0","horse_lord,seat,63,-462,-15,1,8,1,1,0",,,,,,,,,,,,,,,,,,,,,,,,,,,,,,,,,,,,,,,,,,,,,,,,,,,,,,,,,,,,,,,,,,,,,,play_time_mod_1.25,,
Idle/3,"human_lord,head,39,-724,-7,0,6,1,1,0","human_lord,neck,14,-662,-2,0,9,1,1,0","human_lord,body,14,-567,-6.5,0,7,1,1,0","human_lord,arm_up,-73,-573,-20,0,3,1,1,0","human_lord,arm_low,-51,-491,60,0,5,1,1,0","human_lord,fist,27,-451,68,0,5,1,1,0","human_lord,arm_up,82,-579,17,1,16,1,1,0","human_lord,arm_low,154,-488,60,1,18,1,1,0","human_lord,fist,218,-453,52,1,18,1,1,0","human_lord,leg_up,-6,-386,36,0,9,1,1,0","human_lord,leg_low,15,-285,-10,0,12,1,1,0","human_lord,foot_cav,23,-203,-13.6,0,13,1,1,0","human_lord,leg_up,79,-437,43.2,0,14,1,1,0","human_lord,leg_low,107,-301,-3.5,0,19,1,1,0","human_lord,foot,116,-217,-3.5,0,23,1,1,0","human_lord,base,126,-567,147.3,1,6,1,1,0","human_lord,shield,-53,-615,-25,0,3,1,1,0","human_lord,skirt,17,-458,8,0,9,1,1,0",,,,,,,,,,"horse_lord,head,359,-500,-8,0,0,1,1,0","horse_lord,neck,249,-502,-26,0,13,1,1,0","horse_lord,body,-36,-271,0,0,14,1,1,0",,"horse_lord,arm_low,181,-119,-2,0,16,1,1,0","horse_lord,fist,191,-36,3,0,18,1,1,0",,"horse_lord,arm_low,112,-126,-10,0,18,1,1,0","horse_lord,fist,114,-44,-3,0,22,1.1,1.1,0",,"horse_lord,leg_low,-238,-118,0,0,17,1,1,0","horse_lord,foot,-227,-36,2,0,19,1,1,0",,"horse_lord,leg_low,-143,-132,0,0,18,1,1,0","horse_lord,foot,-129,-43,0,0,19,1,1,0",,"human_lord,shield_back,72,-598,7,0,20,1,1,0","horse_lord,tail,-290,-136,-17,0,20,1,1,0","horse_lord,seat,-60,-452,25,0,8,1,1,0","horse_lord,seat,63,-460,-15,1,8,1,1,0",,,,,,,,,,,,,,,,,,,,,,,,,,,,,,,,,,,,,,,,,,,,,,,,,,,,,,,,,,,,,,,,,,,,,,play_time_mod_1.25,,
Idle/4,"human_lord,head,40,-726,-5,0,6,1,1,0","human_lord,neck,14,-662,-2,0,9,1,1,0","human_lord,body,14,-567,-7.5,0,7,1,1,0","human_lord,arm_up,-74,-570,-21,0,3,1,1,0","human_lord,arm_low,-55,-487,59,0,5,1,1,0","human_lord,fist,24,-448,67,0,5,1,1,0","human_lord,arm_up,82,-579,16,1,16,1,1,0","human_lord,arm_low,154,-486,60,1,18,1,1,0","human_lord,fist,218,-451,52,1,18,1,1,0","human_lord,leg_up,-6,-383,36,0,9,1,1,0","human_lord,leg_low,15,-280,-10,0,12,1,1,0","human_lord,foot_cav,23,-198,-13.6,0,13,1,1,0","human_lord,leg_up,79,-437,43.2,0,14,1,1,0","human_lord,leg_low,107,-301,-3.5,0,19,1,1,0","human_lord,foot,116,-217,-3.5,0,23,1,1,0","human_lord,base,125,-564,149.3,1,6,1,1,0","human_lord,shield,-56,-614,-28,0,3,1,1,0","human_lord,skirt,16,-456,8,0,9,1,1,0",,,,,,,,,,"horse_lord,head,360,-492,-9,0,0,1,1,0","horse_lord,neck,251,-499,-27,0,13,1,1,0","horse_lord,body,-36,-268,0,0,14,1,1,0",,"horse_lord,arm_low,180,-118,1,0,16,1,1,0","horse_lord,fist,191,-36,3,0,18,1,1,0",,"horse_lord,arm_low,112,-123,-10,0,18,1,1,0","horse_lord,fist,114,-42,-1,0,22,1.1,1.1,0",,"horse_lord,leg_low,-238,-118,0,0,17,1,1,0","horse_lord,foot,-227,-36,2,0,19,1,1,0",,"horse_lord,leg_low,-143,-132,0,0,18,1,1,0","horse_lord,foot,-129,-43,0,0,19,1,1,0",,"human_lord,shield_back,72,-598,5,0,20,1,1,0","horse_lord,tail,-295,-134,-20,0,20,1,1,0","horse_lord,seat,-60,-451,25,0,8,1,1,0","horse_lord,seat,63,-458,-15,1,8,1,1,0",,,,,,,,,,,,,,,,,,,,,,,,,,,,,,,,,,,,,,,,,,,,,,,,,,,,,,,,,,,,,,,,,,,,,,play_time_mod_2,,
Idle/5,"human_lord,head,37,-727,-8,0,6,1,1,0","human_lord,neck,14,-662,-2,0,9,1,1,0","human_lord,body,14,-567,-6.5,0,7,1,1,0","human_lord,arm_up,-63,-574,-24,0,3,1,1,0","human_lord,arm_low,-43,-486,56,0,5,1,1,0","human_lord,fist,32,-443,64,0,5,1,1,0","human_lord,arm_up,82,-579,17,1,16,1,1,0","human_lord,arm_low,154,-488,60,1,18,1,1,0","human_lord,fist,218,-453,52,1,18,1,1,0","human_lord,leg_up,-8,-390,36,0,9,1,1,0","human_lord,leg_low,15,-285,-10,0,12,1,1,0","human_lord,foot_cav,23,-203,-13.6,0,13,1,1,0","human_lord,leg_up,79,-437,43.2,0,14,1,1,0","human_lord,leg_low,107,-301,-3.5,0,19,1,1,0","human_lord,foot,116,-217,-3.5,0,23,1,1,0","human_lord,base,130,-560,147.3,1,6,1,1,0","human_lord,shield,-51,-615,-23,0,3,1,1,0","human_lord,skirt,17,-458,8,0,9,1,1,0",,,,,,,,,,"horse_lord,head,358,-503,-7,0,0,1,1,0","horse_lord,neck,248,-505,-27,0,13,1,1,0","horse_lord,body,-36,-272,0,0,14,1,1,0",,"horse_lord,arm_low,180,-120,-2,0,16,1,1,0","horse_lord,fist,191,-36,2,0,18,1,1,0",,"horse_lord,arm_low,112,-127,-10,0,18,1,1,0","horse_lord,fist,114,-44,-3,0,22,1.1,1.1,0",,"horse_lord,leg_low,-238,-118,0,0,17,1,1,0","horse_lord,foot,-227,-36,2,0,19,1,1,0",,"horse_lord,leg_low,-143,-132,0,0,18,1,1,0","horse_lord,foot,-129,-43,0,0,19,1,1,0",,"human_lord,shield_back,72,-594,9,0,20,1,1,0","horse_lord,tail,-287,-138,-11,0,20,1,1,0","horse_lord,seat,-60,-454,25,0,8,1,1,0","horse_lord,seat,63,-462,-15,1,8,1,1,0",,,,,,,,,,,,,,,,,,,,,,,,,,,,,,,,,,,,,,,,,,,,,,,,,,,,,,,,,,,,,,,,,,,,,,play_time_mod_1.25,,
Idle/6,"human_lord,head,31,-731,-5,0,6,1,1,0","human_lord,neck,14,-662,-2,0,9,1,1,0","human_lord,body,14,-566,-4.5,0,7,1,1,0","human_lord,arm_up,-58,-578,-26,0,3,1,1,0","human_lord,arm_low,-39,-488,56,0,5,1,1,0","human_lord,fist,35,-443,64,0,5,1,1,0","human_lord,arm_up,82,-582,18,1,16,1,1,0","human_lord,arm_low,154,-490,59,1,18,1,1,0","human_lord,fist,218,-453,51,1,18,1,1,0","human_lord,leg_up,-9,-395,32,0,9,1,1,0","human_lord,leg_low,12,-284,-9,0,12,1,1,0","human_lord,foot_cav,23,-202,-11.6,0,13,1,1,0","human_lord,leg_up,79,-437,43.2,0,14,1,1,0","human_lord,leg_low,107,-301,-3.5,0,19,1,1,0","human_lord,foot,116,-217,-3.5,0,23,1,1,0","human_lord,base,133,-560,148.3,1,6,1,1,0","human_lord,shield,-51,-617,-21,0,3,1,1,0","human_lord,skirt,17,-461,10,0,9,1,1,0",,,,,,,,,,"horse_lord,head,355,-508,-6,0,0,1,1,0","horse_lord,neck,243,-505,-25,0,13,1,1,0","horse_lord,body,-36,-272,0,0,14,1,1,0",,"horse_lord,arm_low,180,-120,-2,0,16,1,1,0","horse_lord,fist,191,-36,2,0,18,1,1,0",,"horse_lord,arm_low,112,-127,-10,0,18,1,1,0","horse_lord,fist,114,-44,-3,0,22,1.1,1.1,0",,"horse_lord,leg_low,-238,-118,0,0,17,1,1,0","horse_lord,foot,-227,-36,2,0,19,1,1,0",,"horse_lord,leg_low,-143,-132,0,0,18,1,1,0","horse_lord,foot,-129,-43,0,0,19,1,1,0",,"human_lord,shield_back,72,-603,13,0,20,1,1,0","horse_lord,tail,-286,-138,-10,0,20,1,1,0","horse_lord,seat,-60,-454,25,0,8,1,1,0","horse_lord,seat,63,-462,-15,1,8,1,1,0",,,,,,,,,,,,,,,,,,,,,,,,,,,,,,,,,,,,,,,,,,,,,,,,,,,,,,,,,,,,,,,,,,,,,,play_time_mod_1.2,,
Knockdown/0,"human_lord,head,46,-737,-9,0,6,1,1,0","human_lord,neck,23,-665,-5,0,9,1,1,0","human_lord,body,18,-571,-7.5,0,7,1,1,0","human_lord,arm_up,-66,-575,-27,0,3,1,1,0","human_lord,arm_low,-54,-487,53,0,5,1,1,0","human_lord,fist,18,-436,61,0,5,1,1,0","human_lord,arm_up,88,-582,15,1,16,1,1,0","human_lord,arm_low,154,-487,56,1,18,1,1,0","human_lord,fist,215,-445,48,1,18,1,1,0","human_lord,leg_up,-15,-399,29,0,9,1,1,0","human_lord,leg_low,2,-287,-12,0,12,1,1,0","human_lord,foot_cav,8,-205,-14.6,0,13,1,1,0","human_lord,leg_up,76,-437,40.2,0,14,1,1,0","human_lord,leg_low,98,-299,-6.5,0,19,1,1,0","human_lord,foot,101,-215,-6.5,0,23,1,1,0","human_lord,base,124,-549,142.3,1,6,1,1,0","human_lord,shield,-54,-618,-16,0,3,1,1,0","human_lord,skirt,17,-464,7,0,9,1,1,0",,,,,,,,,,"horse_lord,head,370,-495,-9,0,0,1,1,0","horse_lord,neck,258,-495,-31,0,13,1,1,0","horse_lord,body,-36,-272,0,0,14,1,1,0",,"horse_lord,arm_low,180,-120,-2,0,16,1,1,0","horse_lord,fist,191,-36,2,0,18,1,1,0",,"horse_lord,arm_low,112,-127,-20,0,18,1,1,0","horse_lord,fist,94,-44,-23,0,22,1.1,1.1,0",,"horse_lord,leg_low,-259,-115,-10,0,17,1,1,0","horse_lord,foot,-267,-36,-18,0,19,1,1,0",,"horse_lord,leg_low,-153,-132,0,0,18,1,1,0","horse_lord,foot,-159,-43,-20,0,19,1,1,0",,"human_lord,shield_back,76,-602,15,0,20,1,1,0","horse_lord,tail,-286,-138,-10,0,20,1,1,0","horse_lord,seat,-60,-454,25,0,8,1,1,0","horse_lord,seat,63,-462,-15,1,8,1,1,0",,,,,,,,,,,,,,,,,,,,,,,,,,,,,,,,,,,,,,,,,,,,,,,,,,,,,,,,,,,,,,,,,,,,,,,play_time_mod_0.5,
Knockdown/1,"human_lord,head,66,-725,-13,0,6,1,1,0","human_lord,neck,36,-656,-9,0,9,1,1,0","human_lord,body,26,-562,-11.5,0,7,1,1,0","human_lord,arm_up,-61,-569,-29,0,3,1,1,0","human_lord,arm_low,-48,-473,49,0,5,1,1,0","human_lord,fist,20,-417,57,0,5,1,1,0","human_lord,arm_up,96,-569,11,1,16,1,1,0","human_lord,arm_low,155,-470,52,1,18,1,1,0","human_lord,fist,212,-424,44,1,18,1,1,0","human_lord,leg_up,-19,-394,25,0,9,1,1,0","human_lord,leg_low,-10,-281,-16,0,12,1,1,0","human_lord,foot_cav,-11,-198,-18.6,0,13,1,1,0","human_lord,leg_up,73,-424,36.2,0,14,1,1,0","human_lord,leg_low,86,-286,-10.5,0,19,1,1,0","human_lord,foot,82,-202,-10.5,0,23,1,1,0","human_lord,base,140,-519,138.3,1,6,1,1,0","human_lord,shield,-42,-606,-26,0,3,1,1,0","human_lord,skirt,17,-455,3,0,9,1,1,0",,,,,,,,,,"horse_lord,head,392,-438,-20,0,0,1,1,0","horse_lord,neck,282,-460,-42,0,13,1,1,0","horse_lord,body,-37,-261,-2,0,14,1,1,0",,"horse_lord,arm_low,175,-117,-3,0,16,1,1,0","horse_lord,fist,176,-33,-19,0,18,1,1,0",,"horse_lord,arm_low,97,-106,-31,0,18,1,1,0","horse_lord,fist,63,-43,-54,0,22,1.1,1.1,0",,"horse_lord,leg_low,-287,-120,-31,0,17,1,1,0","horse_lord,foot,-333,-41,-49,0,19,1,1,0",,"horse_lord,leg_low,-159,-125,-11,0,18,1,1,0","horse_lord,foot,-175,-46,-31,0,19,1,1,0",,"human_lord,shield_back,83,-595,12,0,20,1,1,0","horse_lord,tail,-300,-133,-21,0,20,1,1,0","horse_lord,seat,-59,-451,24,0,8,1,1,0","horse_lord,seat,64,-456,-16,1,8,1,1,0",,,,,,,,,,,,,,,,,,,,,,,,,,,,,,,,,,,,,,,,,,,,,,,,,,,,,,,,,,,,,,,,,,,,,,,play_time_mod_0.5,
Knockdown/2,"human_lord,head,72,-715,-14,0,6,1,1,0","human_lord,neck,41,-647,-10,0,9,1,1,0","human_lord,body,29,-553,-12.5,0,7,1,1,0","human_lord,arm_up,-55,-565,-28,0,3,1,1,0","human_lord,arm_low,-42,-474,52,0,5,1,1,0","human_lord,fist,28,-415,60,0,5,1,1,0","human_lord,arm_up,99,-559,10,1,16,1,1,0","human_lord,arm_low,156,-459,51,1,18,1,1,0","human_lord,fist,213,-412,43,1,18,1,1,0","human_lord,leg_up,-19,-386,24,0,9,1,1,0","human_lord,leg_low,-12,-273,-17,0,12,1,1,0","human_lord,foot_cav,-14,-190,-19.6,0,13,1,1,0","human_lord,leg_up,74,-414,35.2,0,14,1,1,0","human_lord,leg_low,84,-276,-11.5,0,19,1,1,0","human_lord,foot,79,-192,-11.5,0,23,1,1,0","human_lord,base,145,-514,137.3,1,6,1,1,0","human_lord,shield,-20,-608,-34,0,3,1,1,0","human_lord,skirt,18,-446,2,0,9,1,1,0",,,,,,,,,,"horse_lord,close,392,-407,-22,0,0,1,1,0","horse_lord,neck,282,-435,-46,0,13,1,1,0","horse_lord,body,-39,-253,-3,0,14,1,1,0",,"horse_lord,arm_low,170,-105,-4,0,16,1,1,0","horse_lord,fist,150,-21,-40,0,18,1,1,0",,"horse_lord,arm_low,83,-96,-42,0,18,1,1,0","horse_lord,fist,37,-33,-55,0,22,1.1,1.1,0",,"horse_lord,leg_low,-312,-106,-42,0,17,1,1,0","horse_lord,foot,-369,-48,-60,0,19,1,1,0",,"horse_lord,leg_low,-181,-108,-25,0,18,1,1,0","horse_lord,foot,-211,-41,-42,0,19,1,1,0",,"human_lord,shield_back,92,-584,11,0,20,1,1,0","horse_lord,tail,-304,-130,-22,0,20,1,1,0","horse_lord,seat,-58,-443,23,0,8,1,1,0","horse_lord,seat,65,-446,-17,1,8,1,1,0",,,,,,,,,,,,,,,,,,,,,,,,,,,,,,,,,,,,,,,,,,,,,,,,,,,,,,,,,,,,,,,,,,,,,,hold,play_time_mod_0.5,
Knockdown/3,"human_lord,head,102,-674,-24,0,6,1,1,0","human_lord,neck,58,-616,-20,0,9,1,1,0","human_lord,body,40,-520,-20.5,0,7,1,1,0","human_lord,arm_up,-33,-543,-38,0,3,1,1,0","human_lord,arm_low,-36,-451,42,0,5,1,1,0","human_lord,fist,22,-381,50,0,5,1,1,0","human_lord,arm_up,121,-508,10,1,16,1,1,0","human_lord,arm_low,156,-428,51,1,18,1,1,0","human_lord,fist,213,-381,43,1,18,1,1,0","human_lord,leg_up,-19,-355,24,0,9,1,1,0","human_lord,leg_low,-12,-242,-17,0,12,1,1,0","human_lord,foot_cav,-14,-159,-19.6,0,13,1,1,0","human_lord,leg_up,74,-383,35.2,0,14,1,1,0","human_lord,leg_low,84,-245,-11.5,0,19,1,1,0","human_lord,foot,79,-161,-11.5,0,23,1,1,0","human_lord,base,150,-466,130.3,1,6,1,1,0","human_lord,shield,-5,-580,-40,0,3,1,1,0","human_lord,skirt,18,-415,2,0,9,1,1,0",,,,,,,,,,"horse_lord,close,389,-372,-24,0,0,1,1,0","horse_lord,neck,279,-399,-46,0,13,1,1,0","horse_lord,body,-39,-222,-3,0,14,1,1,0",,"horse_lord,arm_low,160,-74,-24,0,16,1,1,0","horse_lord,fist,120,0,-60,0,18,1,1,0",,"horse_lord,arm_low,54,-59,-42,0,18,1,1,0","horse_lord,fist,7,-12,-75,0,22,1.1,1.1,0",,"horse_lord,leg_low,-323,-80,-42,0,17,1,1,0","horse_lord,foot,-389,-19,-70,0,19,1,1,0",,"horse_lord,leg_low,-211,-60,-55,0,18,1,1,0","horse_lord,foot,-261,-13,-42,0,19,1,1,0",,"human_lord,shield_back,113,-536,11,0,20,1,1,0","horse_lord,tail,-304,-99,-22,0,20,1,1,0","horse_lord,seat,-58,-412,23,0,8,1,1,0","horse_lord,seat,65,-415,-17,1,8,1,1,0",,,,,,,,,,,,,,,,,,,,,,,,,,,,,,,,,,,,,,,,,,,,,,,,,,,,,,,,,,,,,,,,,,,,,,,play_time_mod_0.5,
Knockdown/4,"human_lord,head,100,-634,-24,0,6,1,1,0","human_lord,neck,41,-576,-10,0,9,1,1,0","human_lord,body,40,-480,-20.5,0,7,1,1,0","human_lord,arm_up,-37,-507,-38,0,3,1,1,0","human_lord,arm_low,-40,-415,42,0,5,1,1,0","human_lord,fist,18,-345,50,0,5,1,1,0","human_lord,arm_up,121,-468,10,1,16,1,1,0","human_lord,arm_low,156,-388,51,1,18,1,1,0","human_lord,fist,213,-341,43,1,18,1,1,0","human_lord,leg_up,-19,-315,24,0,9,1,1,0","human_lord,leg_low,-12,-202,-17,0,12,1,1,0","human_lord,foot_cav,-14,-119,-19.6,0,13,1,1,0","human_lord,leg_up,74,-343,35.2,0,14,1,1,0","human_lord,leg_low,84,-205,-11.5,0,19,1,1,0","human_lord,foot,79,-121,-11.5,0,23,1,1,0","human_lord,base,153,-423,127.3,1,6,1,1,0","human_lord,shield,-3,-537,-42,0,3,1,1,0","human_lord,skirt,18,-375,2,0,9,1,1,0",,,,,,,,,,"horse_lord,close,413,-313,-22,0,0,1,1,0","horse_lord,neck,299,-346,-54,0,12,1,1,0","horse_lord,body,-39,-182,-3,0,14,1,1,0",,"horse_lord,arm_low,149,-14,-44,0,16,1,1,0","horse_lord,fist,90,30,-80,0,18,1,1,0",,"horse_lord,arm_low,54,-29,-52,0,18,1,1,0","horse_lord,fist,-23,8,-95,0,22,1.1,1.1,0",,"horse_lord,leg_low,-323,-52,-52,0,17,1,1,0","horse_lord,foot,-389,-9,-90,0,19,1,1,0",,"horse_lord,leg_low,-211,-31,-65,0,18,1,1,0","horse_lord,foot,-271,7,-72,0,19,1,1,0",,"human_lord,shield_back,113,-487,5,0,20,1,1,0","horse_lord,tail,-304,-59,-22,0,20,1,1,0","horse_lord,seat,-58,-372,23,0,8,1,1,0","horse_lord,seat,65,-375,-17,1,8,1,1,0",,,,,,,,,,,,,,,,,,,,,,,,,,,,,,,,,,,,,,,,,,,,,,,,,,,,,,,,,,,,,,,,,,,,,,,play_time_mod_0.5,
Knockdown/5,"human_lord,head,127,-551,-44,0,6,1,1,0","human_lord,neck,61,-516,-30,0,9,1,1,0","human_lord,body,34,-420,-30.5,0,7,1,1,0","human_lord,arm_up,-35,-460,-42,0,3,1,1,0","human_lord,arm_low,-67,-371,8,0,5,1,1,0","human_lord,fist,-57,-274,6,0,5,1,1,0","human_lord,arm_up,121,-418,10,1,22,1,1,0","human_lord,arm_low,156,-338,51,1,24,1,1,0","human_lord,fist,213,-291,43,1,24,1,1,0","human_lord,leg_up,-19,-265,24,0,9,1,1,0","human_lord,leg_low,-12,-152,-17,0,12,1,1,0","human_lord,foot_cav,-14,-69,-19.6,0,13,1,1,0","human_lord,leg_up,74,-293,35.2,0,14,1,1,0","human_lord,leg_low,84,-155,-11.5,0,19,1,1,0","human_lord,foot,79,-71,-11.5,0,23,1,1,0","human_lord,base,99,-267,95.3,1,6,1,1,0","human_lord,shield,-7,-477,-52,0,3,1,1,0","human_lord,skirt,18,-325,2,0,9,1,1,0",,,,,,,,,,"horse_lord,close,400,-227,-26,0,0,1,1,0","horse_lord,neck,312,-272,-63,0,12,1,1,0","horse_lord,body,-39,-132,-3,0,14,1,1,0",,"horse_lord,arm_low,149,16,-64,0,16,1,1,0","horse_lord,fist,80,40,-110,0,18,1,1,0",,"horse_lord,arm_low,44,11,-62,0,30,1,1,0","horse_lord,fist,-23,38,-95,0,34,1.1,1.1,0",,"horse_lord,leg_low,-323,-12,-62,0,17,1,1,0","horse_lord,foot,-389,13,-90,0,19,1,1,0",,"horse_lord,leg_low,-211,-1,-75,0,18,1,1,0","horse_lord,foot,-281,27,-72,0,19,1,1,0",,"human_lord,shield_back,130,-423,-5,0,27,1,1,0","horse_lord,tail,-304,-9,-22,0,20,1,1,0","horse_lord,seat,-58,-322,23,0,8,1,1,0","horse_lord,seat,65,-325,-17,1,8,1,1,0",,,,,,,,,,,,,,,,,,,,,,,,,,,,,,,,,,,,,,,,,,,,,,,,,,,,,,,,,,,,,,,,,,,,,,,play_time_mod_0.5,
Knockdown/6,"human_lord,head,126,-539,-47,0,6,1,1,0","human_lord,neck,61,-506,-30,0,9,1,1,0","human_lord,body,34,-410,-30.5,0,7,1,1,0","human_lord,arm_up,-35,-450,-42,0,3,1,1,0","human_lord,arm_low,-86,-349,-2,0,5,1,1,0","human_lord,fist,-94,-262,-4,0,5,1,1,0","human_lord,arm_up,121,-408,10,1,22,1,1,0","human_lord,arm_low,156,-318,31,1,24,1,1,0","human_lord,fist,193,-261,43,1,24,1,1,0","human_lord,leg_up,-19,-255,24,0,9,1,1,0","human_lord,leg_low,-12,-142,-17,0,12,1,1,0","human_lord,foot_cav,-14,-59,-19.6,0,13,1,1,0","human_lord,leg_up,74,-283,35.2,0,14,1,1,0","human_lord,leg_low,84,-145,-11.5,0,19,1,1,0","human_lord,foot,79,-61,-11.5,0,23,1,1,0","human_lord,base,62,-232,85.3,1,6,1,1,0","human_lord,shield,-6,-477,-54,0,3,1,1,0","human_lord,skirt,18,-315,2,0,9,1,1,0",,,,,,,,,,"horse_lord,close,398,-214,-27,0,0,1,1,0","horse_lord,neck,310,-261,-64,0,12,1,1,0","horse_lord,body,-39,-122,-3,0,14,1,1,0",,"horse_lord,arm_low,129,26,-74,0,16,1,1,0","horse_lord,fist,70,40,-120,0,18,1,1,0",,"horse_lord,arm_low,44,1,-82,0,30,1,1,0","horse_lord,fist,-23,8,-95,0,34,1.1,1.1,0",,"horse_lord,leg_low,-323,-12,-72,0,17,1,1,0","horse_lord,foot,-389,12,-90,0,19,1,1,0",,"horse_lord,leg_low,-211,7,-80,0,18,1,1,0","horse_lord,foot,-291,26,-82,0,19,1,1,0",,"human_lord,shield_back,126,-410,-8,0,27,1,1,0","horse_lord,tail,-304,1,-22,0,20,1,1,0","horse_lord,seat,-58,-312,23,0,8,1,1,0","horse_lord,seat,65,-315,-17,1,8,1,1,0",,,,,,,,,,,,,,,,,,,,,,,,,,,,,,,,,,,,,,,,,,,,,,,,,,,,,,,,,,,,,,,,,,,,,,,play_time_mod_0.5,
Knockdown/7,"human_lord,head,132,-533,-49,0,6,1,1,0","human_lord,neck,61,-506,-30,0,9,1,1,0","human_lord,body,38,-410,-31.5,0,7,1,1,0","human_lord,arm_up,-35,-450,-45,0,3,1,1,0","human_lord,arm_low,-89,-352,-5,0,5,1,1,0","human_lord,fist,-103,-265,-7,0,5,1,1,0","human_lord,arm_up,121,-406,8,1,22,1,1,0","human_lord,arm_low,154,-315,28,1,24,1,1,0","human_lord,fist,193,-261,43,1,24,1,1,0","human_lord,leg_up,-19,-255,24,0,9,1,1,0","human_lord,leg_low,-12,-142,-17,0,12,1,1,0","human_lord,foot_cav,-14,-59,-19.6,0,13,1,1,0","human_lord,leg_up,74,-283,35.2,0,14,1,1,0","human_lord,leg_low,84,-145,-11.5,0,19,1,1,0","human_lord,foot,79,-61,-11.5,0,23,1,1,0","human_lord,base,38,-211,74.3,1,6,1.1,1,0","human_lord,shield,-3,-474,-57,0,3,1,1,0","human_lord,skirt,18,-315,2,0,9,1,1,0",,,,,,,,,,"horse_lord,close,388,-206,-31,0,0,1,1,0","horse_lord,neck,305,-257,-66,0,12,1,1,0","horse_lord,body,-39,-122,-3,0,14,1,1,0",,"horse_lord,arm_low,129,26,-74,0,16,1,1,0","horse_lord,fist,70,40,-120,0,18,1,1,0",,"horse_lord,arm_low,44,1,-82,0,30,1,1,0","horse_lord,fist,-23,8,-95,0,34,1.1,1.1,0",,"horse_lord,leg_low,-323,-12,-72,0,17,1,1,0","horse_lord,foot,-389,12,-90,0,19,1,1,0",,"horse_lord,leg_low,-211,7,-80,0,18,1,1,0","horse_lord,foot,-291,26,-82,0,19,1,1,0",,"human_lord,shield_back,124,-407,-11,0,27,1,1,0","horse_lord,tail,-304,1,-22,0,20,1,1,0","horse_lord,seat,-58,-316,20,0,8,1,1,0","horse_lord,seat,66,-315,-25,1,8,1,1,0",,,,,,,,,,,,,,,,,,,,,,,,,,,,,,,,,,,,,,,,,,,,,,,,,,,,,,,,,,,,,,,,,,,,,,,play_time_mod_0.5,
Run/0,"human_lord,head,36,-735,-8,0,6,1,1,0","human_lord,neck,14,-664,-2,0,9,1,1,0","human_lord,body,14,-569,-7.5,0,7,1,1,0","human_lord,arm_up,-67,-582,-26,0,3,1,1,0","human_lord,arm_low,-51,-491,54,0,5,1,1,0","human_lord,fist,24,-446,62,0,5,1,1,0","human_lord,arm_up,82,-581,16,1,16,1,1,0","human_lord,arm_low,154,-488,60,1,18,1,1,0","human_lord,fist,218,-453,52,1,18,1,1,0","human_lord,leg_up,-6,-385,36,0,9,1,1,0","human_lord,leg_low,11,-287,-13,0,12,1,1,0","human_lord,foot_cav,16,-203,-16.6,0,13,1,1,0","human_lord,leg_up,79,-439,43.2,0,14,1,1,0","human_lord,leg_low,107,-303,-3.5,0,19,1,1,0","human_lord,foot,116,-219,-3.5,0,23,1,1,0","human_lord,base,122,-569,149.3,1,6,1,1,0","human_lord,shield,-57,-614,-27,0,3,1,1,0","human_lord,skirt,16,-458,8,0,9,1,1,0",,,,,,,,,,"horse_lord,head,366,-514,9,0,0,1,1,0","horse_lord,neck,256,-499,-29,0,13,1,1,0","horse_lord,body_move,-36,-270,0,0,14,1,1,0","horse_lord,arm_up,244,-246,70,0,16,1,1,0","horse_lord,arm_low,269,-184,-3,0,17,1,1,0","horse_lord,fist,253,-115,-63,0,18,1,1,0","horse_lord,arm_up,161,-236,-10,0,16,1,1,0","horse_lord,arm_low,155,-121,0,0,18,1,1,0","horse_lord,fist,171,-42,9,0,22,1.1,1.1,0",,"horse_lord,leg_low,-246,-111,-18,0,17,1,1,0","horse_lord,foot,-248,-38,3,0,19,1,1,0",,"horse_lord,leg_low,-233,-134,-20,0,18,1,1,0","horse_lord,foot,-309,-68,-84,0,21,1,1,0",,"human_lord,shield_back,72,-598,14,0,20,1,1,0","horse_lord,tail,-333,-156,-32,0,20,1,1,0","horse_lord,seat,-60,-453,25,0,8,1,1,0","horse_lord,seat,63,-460,-15,1,8,1,1,0",,,,,,,,,,,,,,,,,,,,,,,,,,,,,,,,,,,,,,,,,,,,,,,,,,,,,,,,,,,,,,,,,,,,,,,play_time_mod_0.8,
Run/1,"human_lord,head,34,-743,-3,0,6,1,1,0","human_lord,neck,14,-672,-2,0,9,1,1,0","human_lord,body,14,-577,-7.5,0,7,1,1,0","human_lord,arm_up,-65,-588,-25,0,3,1,1,0","human_lord,arm_low,-49,-499,57,0,5,1,1,0","human_lord,fist,28,-458,65,0,5,1,1,0","human_lord,arm_up,82,-589,16,1,16,1,1,0","human_lord,arm_low,154,-496,60,1,18,1,1,0","human_lord,fist,218,-461,50,1,18,1,1,0","human_lord,leg_up,-6,-393,36,0,9,1,1,0","human_lord,leg_low,11,-295,-13,0,12,1,1,0","human_lord,foot_cav,16,-211,-16.6,0,13,1,1,0","human_lord,leg_up,79,-447,43.2,0,14,1,1,0","human_lord,leg_low,107,-311,-3.5,0,19,1,1,0","human_lord,foot,116,-227,-3.5,0,23,1,1,0","human_lord,base,124,-575,149.3,1,6,1,1,0","human_lord,shield,-60,-624,-22,0,3,1,1,0","human_lord,skirt,16,-466,8,0,9,1,1,0",,,,,,,,,,"horse_lord,head,358,-531,10,0,0,1,1,0","horse_lord,neck,248,-512,-27,0,13,1,1,0","horse_lord,body_move2,-36,-278,0,0,14,1,1,0","horse_lord,arm_up,252,-238,63,0,18,1,1,0","horse_lord,arm_low,304,-175,23,0,17,1,1,0","horse_lord,fist,324,-95,-27,0,18,1,1,0","horse_lord,arm_up,138,-223,-20,0,16,1,1,0","horse_lord,arm_low,112,-111,-10,0,18,1,1,0","horse_lord,fist,114,-30,-1,0,22,1.1,1.1,0",,"horse_lord,leg_low,-307,-161,-58,0,17,1,1,0","horse_lord,foot,-382,-132,-110,0,19,1,1,0",,"horse_lord,leg_low,-283,-131,-27,0,18,1,1,0","horse_lord,foot,-319,-46,-34,0,19,1,1,0",,"human_lord,shield_back,72,-605,14,0,20,1,1,0","horse_lord,tail,-341,-160,-32,0,20,1,1,0","horse_lord,seat,-60,-461,25,0,8,1,1,0","horse_lord,seat,63,-468,-15,1,8,1,1,0",,,,,,,,,,,,,,,,,,,,,,,,,,,,,,,,,,,,,,,,,,,,,,,,,,,,,,,,,,,,,,,,,,,,,,,play_time_mod_0.8,"horse_gallop,1000,0"
Run/2,"human_lord,head,30,-748,0,0,6,1,1,0","human_lord,neck,14,-677,-2,0,9,1,1,0","human_lord,body,14,-582,-7.5,0,7,1,1,0","human_lord,arm_up,-62,-591,-24,0,3,1,1,0","human_lord,arm_low,-46,-504,59,0,5,1,1,0","human_lord,fist,32,-465,67,0,5,1,1,0","human_lord,arm_up,82,-594,16,1,16,1,1,0","human_lord,arm_low,154,-501,60,1,18,1,1,0","human_lord,fist,219,-467,51,1,18,1,1,0","human_lord,leg_up,-6,-398,36,0,9,1,1,0","human_lord,leg_low,11,-300,-13,0,12,1,1,0","human_lord,foot_cav,16,-216,-16.6,0,13,1,1,0","human_lord,leg_up,79,-452,43.2,0,14,1,1,0","human_lord,leg_low,107,-316,-3.5,0,19,1,1,0","human_lord,foot,116,-232,-3.5,0,23,1,1,0","human_lord,base,127,-585,150.3,1,6,1,1,0","human_lord,shield,-57,-622,-22,0,3,1,1,0","human_lord,skirt,16,-471,8,0,9,1,1,0",,,,,,,,,,"horse_lord,head,368,-532,10,0,0,1,1,0","horse_lord,neck,256,-513,-28,0,13,1,1,0","horse_lord,body_move,-35,-283,-1,0,14,1,1,0","horse_lord,arm_up,251,-222,38,0,18,1.1,1,0","horse_lord,arm_low,291,-130,17,0,17,1,1,0","horse_lord,fist,316,-51,-7,0,18,1,1,0","horse_lord,arm_up,138,-228,-20,0,16,1,1,0","horse_lord,arm_low,72,-116,-20,0,18,1,1,0","horse_lord,fist,54,-35,-11,0,22,1.1,1.1,0",,"horse_lord,leg_low,-308,-171,-68,0,17,1,1,0","horse_lord,foot,-325,-117,-97,0,19,1,1,0",,"horse_lord,leg_low,-279,-165,-30,0,18,1,1,0","horse_lord,foot,-379,-151,-114,0,19,1,1,0",,"human_lord,shield_back,72,-615,14,0,20,1,1,0","horse_lord,tail,-341,-188,-53,0,20,1,1,0","horse_lord,seat,-60,-466,25,0,8,1,1,0","horse_lord,seat,63,-473,-15,1,8,1,1,0",,,,,,,,,,,,,,,,,,,,,,,,,,,,,,,,,,,,,,,,,,,,,,,,,,,,,,,,,,,,,,,,,,,,,,,play_time_mod_0.8,
Run/3,"human_lord,head,26,-754,1,0,6,1,1,0","human_lord,neck,11,-680,-1,0,9,1,1,0","human_lord,body,13,-585,-6.5,0,7,1,1,0","human_lord,arm_up,-68,-594,-19,0,3,1,1,0","human_lord,arm_low,-42,-502,59,0,5,1,1,0","human_lord,fist,36,-463,67,0,5,1,1,0","human_lord,arm_up,80,-598,17,1,16,1,1,0","human_lord,arm_low,154,-506,61,1,18,1,1,0","human_lord,fist,219,-473,53,1,18,1,1,0","human_lord,leg_up,-4,-401,37,0,9,1,1,0","human_lord,leg_low,14,-303,-12,0,12,1,1,0","human_lord,foot_cav,21,-219,-15.6,0,13,1,1,0","human_lord,leg_up,80,-456,44.2,0,14,1,1,0","human_lord,leg_low,110,-321,-2.5,0,19,1,1,0","human_lord,foot,121,-237,-2.5,0,23,1,1,0","human_lord,base,128,-587,153.3,1,6,1,1,0","human_lord,shield,-57,-628,-22,0,3,1,1,0","human_lord,skirt,16,-474,9,0,9,1,1,0",,,,,,,,,,"horse_lord,head,358,-537,11,0,0,1,1,0","horse_lord,neck,250,-517,-27,0,13,1,1,0","horse_lord,body_move2,-36,-287,0,0,14,1,1,0","horse_lord,arm_up,207,-228,8,0,16,1,1,0","horse_lord,arm_low,167,-179,-72,0,16,1,1,0","horse_lord,fist,101,-133,-97,0,18,1,1,0",,"horse_lord,arm_low,88,-174,-10,0,18,1,1,0","horse_lord,fist,45,-99,-81,0,22,1.1,1.1,0",,"horse_lord,leg_low,-282,-160,50,0,17,1,1,0","horse_lord,foot,-233,-101,-38,0,19,1,1,0",,"horse_lord,leg_low,-196,-146,2,0,18,1,1,0","horse_lord,foot,-196,-67,-34,0,18,1,1,0",,"human_lord,shield_back,72,-619,16,0,20,1,1,0","horse_lord,tail,-339,-167,-36,0,20,1,1,0","horse_lord,seat,-60,-470,25,0,8,1,1,0","horse_lord,seat,63,-477,-15,1,8,1,1,0",,,,,,,,,,,,,,,,,,,,,,,,,,,,,,,,,,,,,,,,,,,,,,,,,,,,,,,,,,,,,,,,,,,,,,,play_time_mod_0.8,
Run/4,"human_lord,head,36,-742,-8,0,6,1,1,0","human_lord,neck,14,-671,-2,0,9,1,1,0","human_lord,body,14,-576,-7.5,0,7,1,1,0","human_lord,arm_up,-75,-578,-20,0,3,1,1,0","human_lord,arm_low,-52,-489,56,0,5,1,1,0","human_lord,fist,23,-446,64,0,5,1,1,0","human_lord,arm_up,82,-588,16,1,16,1,1,0","human_lord,arm_low,154,-495,60,1,18,1,1,0","human_lord,fist,218,-460,48,1,18,1,1,0","human_lord,leg_up,-6,-392,36,0,9,1,1,0","human_lord,leg_low,11,-294,-13,0,12,1,1,0","human_lord,foot_cav,16,-210,-16.6,0,13,1,1,0","human_lord,leg_up,79,-446,43.2,0,14,1,1,0","human_lord,leg_low,107,-310,-3.5,0,19,1,1,0","human_lord,foot,116,-226,-3.5,0,23,1,1,0","human_lord,base,128,-561,147.3,1,6,1,1,0","human_lord,shield,-57,-620,-25,0,3,1,1,0","human_lord,skirt,16,-465,8,0,9,1,1,0",,,,,,,,,,"horse_lord,head,364,-518,13,0,0,1,1,0","horse_lord,neck,252,-498,-32,0,13,1,1,0","horse_lord,body_move,-36,-277,1,0,14,1,1,0","horse_lord,arm_up,207,-238,38,0,16,1,1,0","horse_lord,arm_low,195,-166,-32,0,16,1,1,0","horse_lord,fist,149,-97,-67,0,18,1,1,0",,"horse_lord,arm_low,219,-190,60,0,21,1,1,0","horse_lord,fist,244,-146,-51,0,25,1.1,1.1,0",,"horse_lord,leg_low,-237,-151,45,0,16,1,1,0","horse_lord,foot,-206,-83,-38,0,17,1,1,0",,"horse_lord,leg_low,-155,-123,27,0,18,1,1,0","horse_lord,foot,-135,-47,-24,0,18,1,1,0",,"human_lord,shield_back,72,-613,15,0,20,1,1,0","horse_lord,tail,-322,-166,-24,0,20,1,1,0","horse_lord,seat,-60,-460,25,0,8,1,1,0","horse_lord,seat,63,-467,-15,1,8,1,1,0",,,,,,,,,,,,,,,,,,,,,,,,,,,,,,,,,,,,,,,,,,,,,,,,,,,,,,,,,,,,,,,,,,,,,,,play_time_mod_0.8,
Run/5,"human_lord,head,36,-729,-10,0,6,1,1,0","human_lord,neck,14,-661,-2,0,9,1,1,0","human_lord,body,14,-564,-8.5,0,7,1,1,0","human_lord,arm_up,-74,-570,-22,0,3,1,1,0","human_lord,arm_low,-56,-480,55,0,5,1,1,0","human_lord,fist,19,-435,63,0,5,1,1,0","human_lord,arm_up,82,-578,16,1,16,1,1,0","human_lord,arm_low,154,-485,60,1,18,1,1,0","human_lord,fist,220,-448,52,1,18,1,1,0","human_lord,leg_up,-6,-382,36,0,9,1,1,0","human_lord,leg_low,11,-284,-13,0,12,1,1,0","human_lord,foot_cav,16,-200,-16.6,0,13,1,1,0","human_lord,leg_up,79,-436,43.2,0,14,1,1,0","human_lord,leg_low,107,-300,-3.5,0,19,1,1,0","human_lord,foot,116,-216,-3.5,0,23,1,1,0","human_lord,base,125,-544,145.3,1,6,1,1,0","human_lord,shield,-57,-610,-26,0,3,1,1,0","human_lord,skirt,16,-455,8,0,9,1,1,0",,,,,,,,,,"horse_lord,head,374,-506,13,0,0,1,1,0","horse_lord,neck,253,-493,-32,0,13,1,1,0","horse_lord,body_move2,-34,-266,1,0,14,1,1,0","horse_lord,arm_up,207,-217,28,0,16,1,1,0","horse_lord,arm_low,185,-156,-52,0,16,1,1,0","horse_lord,fist,117,-118,-107,0,18,1,1,0","horse_lord,arm_up,259,-256,70,0,18,1.2,1,0","horse_lord,arm_low,290,-194,0,0,21,1,1,0","horse_lord,fist,272,-120,-61,0,25,1.1,1.1,0",,"horse_lord,leg_low,-186,-110,25,0,16,1,1,0","horse_lord,foot,-148,-31,2,0,17,1,1,0",,"horse_lord,leg_low,-95,-123,47,0,18,1,1,0","horse_lord,foot,-63,-60,-24,0,18,1,1,0",,"human_lord,shield_back,72,-598,12,0,20,1,1,0","horse_lord,tail,-318,-143,-24,0,20,1,1,0","horse_lord,seat,-60,-450,25,0,8,1,1,0","horse_lord,seat,63,-457,-15,1,8,1,1,0",,,,,,,,,,,,,,,,,,,,,,,,,,,,,,,,,,,,,,,,,,,,,,,,,,,,,,,,,,,,,,,,,,,,,,,play_time_mod_0.8,"horse_gallop,1000,0"
Run/6,"human_lord,head,36,-738,-8,0,6,1,1,0","human_lord,neck,14,-667,-2,0,9,1,1,0","human_lord,body,14,-572,-7.5,0,7,1,1,0","human_lord,arm_up,-72,-574,-20,0,3,1,1,0","human_lord,arm_low,-49,-483,56,0,5,1,1,0","human_lord,fist,26,-440,64,0,5,1,1,0","human_lord,arm_up,82,-584,16,1,16,1,1,0","human_lord,arm_low,154,-491,60,1,18,1,1,0","human_lord,fist,220,-454,52,1,18,1,1,0","human_lord,leg_up,-6,-388,36,0,9,1,1,0","human_lord,leg_low,11,-290,-13,0,12,1,1,0","human_lord,foot_cav,16,-206,-16.6,0,13,1,1,0","human_lord,leg_up,79,-442,43.2,0,14,1,1,0","human_lord,leg_low,107,-306,-3.5,0,19,1,1,0","human_lord,foot,116,-222,-3.5,0,23,1,1,0","human_lord,base,130,-559,148.3,1,6,1,1,0","human_lord,shield,-57,-610,-26,0,3,1,1,0","human_lord,skirt,16,-461,8,0,9,1,1,0",,,,,,,,,,"horse_lord,head,392,-492,9,0,0,1,1,0","horse_lord,neck,268,-486,-36,0,12,1,1,0","horse_lord,body_move,-34,-272,0,0,14,1,1,0","horse_lord,arm_up,162,-179,4,0,16,1,1,0","horse_lord,arm_low,134,-104,-22,0,16,1,1,0","horse_lord,fist,97,-29,-47,0,18,1,1,0","horse_lord,arm_up,227,-211,27,0,18,1.2,1,0","horse_lord,arm_low,248,-120,9,0,21,1,1,0","horse_lord,fist,267,-33,-1,0,25,1.1,1.1,0",,"horse_lord,leg_low,-266,-159,-15,0,16,1,1,0","horse_lord,foot,-298,-84,-58,0,17,1,1,0",,"horse_lord,leg_low,-193,-131,7,0,18,1,1,0","horse_lord,foot,-212,-69,-79,0,18,1,1.1,0",,"human_lord,shield_back,72,-606,9,0,20,1,1,0","horse_lord,tail,-339,-158,-40,0,20,1,1,0","horse_lord,seat,-60,-456,25,0,8,1,1,0","horse_lord,seat,63,-463,-15,1,8,1,1,0",,,,,,,,,,,,,,,,,,,,,,,,,,,,,,,,,,,,,,,,,,,,,,,,,,,,,,,,,,,,,,,,,,,,,,,play_time_mod_0.8,
Run/7,"human_lord,head,31,-747,-5,0,6,1,1,0","human_lord,neck,11,-676,-1,0,9,1,1,0","human_lord,body,13,-581,-6.5,0,7,1,1,0","human_lord,arm_up,-72,-584,-20,0,3,1,1,0","human_lord,arm_low,-48,-494,57,0,5,1,1,0","human_lord,fist,28,-452,65,0,5,1,1,0","human_lord,arm_up,80,-594,17,1,16,1,1,0","human_lord,arm_low,154,-502,61,1,18,1,1,0","human_lord,fist,221,-467,53,1,18,1,1,0","human_lord,leg_up,-4,-397,37,0,9,1,1,0","human_lord,leg_low,14,-299,-12,0,12,1,1,0","human_lord,foot_cav,21,-215,-15.6,0,13,1,1,0","human_lord,leg_up,80,-452,44.2,0,14,1,1,0","human_lord,leg_low,110,-317,-2.5,0,19,1,1,0","human_lord,foot,121,-233,-2.5,0,23,1,1,0","human_lord,base,132,-574,148.3,1,6,1,1,0","human_lord,shield,-59,-622,-22,0,3,1,1,0","human_lord,skirt,16,-470,9,0,9,1,1,0",,,,,,,,,,"horse_lord,head,374,-530,14,0,0,1,1,0","horse_lord,neck,254,-510,-28,0,13,1,1,0","horse_lord,body_move2,-28,-281,1,0,14,1,1,0","horse_lord,arm_up,162,-189,4,0,16,1,1,0","horse_lord,arm_low,104,-124,-82,0,16,1,1,0","horse_lord,fist,27,-109,-107,0,18,1,1,0","horse_lord,arm_up,196,-221,-13,0,18,1.2,1,0","horse_lord,arm_low,150,-130,-30,0,21,1,1,0","horse_lord,fist,117,-43,-31,0,25,1.1,1.1,0",,"horse_lord,leg_low,-276,-189,-55,0,16,1,1,0","horse_lord,foot,-328,-124,-48,0,17,1,1,0",,"horse_lord,leg_low,-224,-171,37,0,18,1,1,0","horse_lord,foot,-224,-106,-53,0,18,1,1.2,0",,"human_lord,shield_back,72,-613,9,0,20,1,1,0","horse_lord,tail,-329,-160,-50,0,20,1,1,0","horse_lord,seat,-60,-466,25,0,8,1,1,0","horse_lord,seat,63,-473,-15,1,8,1,1,0",,,,,,,,,,,,,,,,,,,,,,,,,,,,,,,,,,,,,,,,,,,,,,,,,,,,,,,,,,,,,,,,,,,,,,,play_time_mod_0.8,
Run/8,"human_lord,head,26,-755,-1,0,6,1,1,0","human_lord,neck,11,-683,-1,0,9,1,1,0","human_lord,body,13,-588,-6.5,0,7,1,1,0","human_lord,arm_up,-64,-585,-17,0,3,1,1,0","human_lord,arm_low,-40,-498,57,0,5,1,1,0","human_lord,fist,36,-456,65,0,5,1,1,0","human_lord,arm_up,80,-601,17,1,16,1,1,0","human_lord,arm_low,154,-509,61,1,18,1,1,0","human_lord,fist,221,-474,53,1,18,1,1,0","human_lord,leg_up,-4,-404,37,0,9,1,1,0","human_lord,leg_low,14,-306,-12,0,12,1,1,0","human_lord,foot_cav,21,-222,-15.6,0,13,1,1,0","human_lord,leg_up,80,-459,44.2,0,14,1,1,0","human_lord,leg_low,110,-324,-2.5,0,19,1,1,0","human_lord,foot,121,-240,-2.5,0,23,1,1,0","human_lord,base,138,-579,150.3,1,6,1,1,0","human_lord,shield,-56,-620,-19,0,3,1,1,0","human_lord,skirt,16,-477,9,0,9,1,1,0",,,,,,,,,,"horse_lord,head,380,-547,20,0,0,1,1,0","horse_lord,neck,260,-522,-29,0,13,1,1,0","horse_lord,body_move,-28,-288,1,0,14,1,1,0","horse_lord,arm_up,212,-216,24,0,16,1,1,0","horse_lord,arm_low,180,-164,-60,0,16,1,1,0","horse_lord,fist,118,-106,-57,0,18,1,1,0","horse_lord,arm_up,154,-209,-33,0,18,1.2,1,0","horse_lord,arm_low,80,-139,-50,0,21,1,1,0","horse_lord,fist,19,-69,-51,0,25,1.1,1.1,0",,"horse_lord,leg_low,-241,-206,-25,0,16,1,1,0","horse_lord,foot,-277,-131,-48,0,17,1,1,0",,"horse_lord,leg_low,-183,-198,37,0,18,1,1,0","horse_lord,foot,-153,-116,-12,0,18,1,1.1,0",,"human_lord,shield_back,72,-616,12,0,20,1,1,0","horse_lord,tail,-327,-167,-20,0,20,1,1,0","horse_lord,seat,-60,-473,25,0,8,1,1,0","horse_lord,seat,63,-480,-15,1,8,1,1,0",,,,,,,,,,,,,,,,,,,,,,,,,,,,,,,,,,,,,,,,,,,,,,,,,,,,,,,,,,,,,,,,,,,,,,,play_time_mod_0.8,
Run/9,"human_lord,head,36,-745,-4,0,6,1,1,0","human_lord,neck,14,-674,-2,0,9,1,1,0","human_lord,body,14,-579,-7.5,0,7,1,1,0","human_lord,arm_up,-70,-583,-26,0,3,1,1,0","human_lord,arm_low,-52,-496,58,0,5,1,1,0","human_lord,fist,23,-455,66,0,5,1,1,0","human_lord,arm_up,82,-591,16,1,16,1,1,0","human_lord,arm_low,154,-498,60,1,18,1,1,0","human_lord,fist,220,-466,52,1,18,1,1,0","human_lord,leg_up,-6,-395,36,0,9,1,1,0","human_lord,leg_low,11,-297,-13,0,12,1,1,0","human_lord,foot_cav,16,-213,-16.6,0,13,1,1,0","human_lord,leg_up,79,-449,43.2,0,14,1,1,0","human_lord,leg_low,107,-313,-3.5,0,19,1,1,0","human_lord,foot,116,-229,-3.5,0,23,1,1,0","human_lord,base,122,-572,150.3,1,6,1,1,0","human_lord,shield,-53,-612,-26,0,3,1,1,0","human_lord,skirt,16,-468,8,0,9,1,1,0",,,,,,,,,,"horse_lord,head,376,-539,20,0,0,1,1,0","horse_lord,neck,258,-515,-31,0,13,1,1,0","horse_lord,body_move2,-28,-278,3,0,14,1,1,0","horse_lord,arm_up,242,-226,44,0,16,1,1,0","horse_lord,arm_low,250,-154,-20,0,16,1,1,0","horse_lord,fist,218,-86,-57,0,18,1,1,0","horse_lord,arm_up,195,-259,87,0,18,1.2,1,0","horse_lord,arm_low,260,-221,40,0,21,1,1,0","horse_lord,fist,291,-163,-21,0,25,1.1,1.1,0",,"horse_lord,leg_low,-297,-121,-15,0,16,1,1,0","horse_lord,foot,-296,-35,-8,0,17,1,1,0",,"horse_lord,leg_low,-181,-154,37,0,18,1,1,0","horse_lord,foot,-135,-78,6,0,18,1,1.1,0",,"human_lord,shield_back,72,-606,10,0,20,1,1,0","horse_lord,tail,-312,-146,-20,0,20,1,1,0","horse_lord,seat,-60,-463,25,0,8,1,1,0","horse_lord,seat,63,-470,-15,1,8,1,1,0",,,,,,,,,,,,,,,,,,,,,,,,,,,,,,,,,,,,,,,,,,,,,,,,,,,,,,,,,,,,,,,,,,,,,,,play_time_mod_0.8,
Run/10,"human_lord,head,41,-742,-9,0,6,1,1,0","human_lord,neck,17,-671,-3,0,9,1,1,0","human_lord,body,16,-576,-8.5,0,7,1,1,0","human_lord,arm_up,-82,-584,-24,0,3,1,1,0","human_lord,arm_low,-64,-494,55,0,5,1,1,0","human_lord,fist,10,-450,63,0,5,1,1,0","human_lord,arm_up,84,-587,15,1,16,1,1,0","human_lord,arm_low,154,-493,59,1,18,1,1,0","human_lord,fist,219,-452,51,1,18,1,1,0","human_lord,leg_up,-8,-392,35,0,9,1,1,0","human_lord,leg_low,8,-294,-14,0,12,1,1,0","human_lord,foot_cav,11,-210,-17.6,0,13,1,1,0","human_lord,leg_up,78,-445,42.2,0,14,1,1,0","human_lord,leg_low,104,-308,-4.5,0,19,1,1,0","human_lord,foot,111,-224,-4.5,0,23,1,1,0","human_lord,base,120,-565,144.3,1,6,1,1,0","human_lord,shield,-56,-616,-30,0,3,1,1,0","human_lord,skirt,16,-465,7,0,9,1,1,0",,,,,,,,,,"horse_lord,head,382,-532,18,0,0,1,1,0","horse_lord,neck,264,-509,-32,0,13,1,1,0","horse_lord,body_move2,-28,-275,2,0,14,1,1,0","horse_lord,arm_up,222,-226,34,0,16,1,1,0","horse_lord,arm_low,254,-151,20,0,16,1,1,0","horse_lord,fist,279,-66,-7,0,18,1,1,0","horse_lord,arm_up,235,-261,87,0,18,1.2,1,0","horse_lord,arm_low,280,-221,20,0,21,1,1,0","horse_lord,fist,289,-152,-41,0,25,1.1,1.1,0",,"horse_lord,leg_low,-329,-127,-33,0,16,1,1.1,0","horse_lord,foot,-357,-35,-13,0,17,1,1,0",,"horse_lord,leg_low,-201,-134,27,0,18,1,1,0","horse_lord,foot,-165,-48,-4,0,18,1,1.1,0",,"human_lord,shield_back,72,-599,9,0,20,1,1,0","horse_lord,tail,-312,-146,-20,0,20,1,1,0","horse_lord,seat,-60,-463,25,0,8,1,1,0","horse_lord,seat,63,-470,-15,1,8,1,1,0",,,,,,,,,,,,,,,,,,,,,,,,,,,,,,,,,,,,,,,,,,,,,,,,,,,,,,,,,,,,,,,,,,,,,,,play_time_mod_0.8,
Standup/0,"human_lord,head,120,-562,-28,0,6,1,1,0","human_lord,neck,61,-506,-30,0,9,1,1,0","human_lord,body,38,-410,-24.5,0,7,1,1,0","human_lord,arm_up,-50,-454,-35,0,3,1,1,0","human_lord,arm_low,-86,-349,5,0,5,1,1,0","human_lord,fist,-84,-261,3,0,5,1,1,0","human_lord,arm_up,121,-406,8,1,22,1,1,0","human_lord,arm_low,154,-315,28,1,24,1,1,0","human_lord,fist,193,-261,43,1,24,1,1,0","human_lord,leg_up,-19,-255,24,0,9,1,1,0","human_lord,leg_low,-12,-142,-17,0,12,1,1,0","human_lord,foot_cav,-14,-59,-19.6,0,13,1,1,0","human_lord,leg_up,74,-283,35.2,0,14,1,1,0","human_lord,leg_low,84,-145,-11.5,0,19,1,1,0","human_lord,foot,79,-61,-11.5,0,23,1,1,0","human_lord,base,64,-232,84.3,1,6,1,1,0","human_lord,shield,-3,-474,-57,0,3,1,1,0","human_lord,skirt,18,-315,2,0,9,1,1,0",,,,,,,,,,"horse_lord,head,389,-231,-14,0,0,1,1,0","horse_lord,neck,305,-260,-64,0,12,1,1,0","horse_lord,body,-39,-122,-3,0,14,1,1,0",,"horse_lord,arm_low,129,26,-74,0,16,1,1,0","horse_lord,fist,70,40,-120,0,18,1,1,0",,"horse_lord,arm_low,44,1,-82,0,30,1,1,0","horse_lord,fist,-23,8,-95,0,34,1.1,1.1,0",,"horse_lord,leg_low,-323,-12,-72,0,17,1,1,0","horse_lord,foot,-389,12,-90,0,19,1,1,0",,"horse_lord,leg_low,-211,7,-80,0,18,1,1,0","horse_lord,foot,-291,26,-82,0,19,1,1,0",,"human_lord,shield_back,124,-407,-11,0,27,1,1,0","horse_lord,tail,-304,1,-22,0,20,1,1,0","horse_lord,seat,-58,-316,20,0,8,1,1,0","horse_lord,seat,66,-315,-25,1,8,1,1,0",,,,,,,,,,,,,,,,,,,,,,,,,,,,,,,,,,,,,,,,,,,,,,,,,,,,,,,,,,,,,,,,,,,,,,,,
Standup/1,"human_lord,head,85,-605,-9,0,6,1,1,0","human_lord,neck,61,-526,-30,0,9,1,1,0","human_lord,body,35,-440,-17.5,0,7,1,1,0","human_lord,arm_up,-65,-457,-32,0,3,1,1,0","human_lord,arm_low,-94,-348,12,0,5,1,1,0","human_lord,fist,-73,-264,20,0,5,1,1,0","human_lord,arm_up,121,-436,18,1,22,1,1,0","human_lord,arm_low,178,-342,38,1,24,1,1,0","human_lord,fist,225,-296,56,1,24,1,1,0","human_lord,leg_up,-19,-275,24,0,9,1,1,0","human_lord,leg_low,-12,-162,-17,0,12,1,1,0","human_lord,foot_cav,-14,-79,-19.6,0,13,1,1,0","human_lord,leg_up,74,-303,35.2,0,14,1,1,0","human_lord,leg_low,84,-165,-11.5,0,19,1,1,0","human_lord,foot,79,-81,-11.5,0,23,1,1,0","human_lord,base,82,-256,91.3,1,6,1,1,0","human_lord,shield,-24,-492,-27,0,3,1,1,0","human_lord,skirt,18,-335,2,0,9,1,1,0",,,,,,,,,,"horse_lord,head,420,-320,3,0,0,1,1,0","horse_lord,neck,290,-323,-50,0,12,1,1,0","horse_lord,body,-39,-143,-1,0,14,1,1,0",,"horse_lord,arm_low,149,-14,-44,0,16,1,1,0","horse_lord,fist,111,40,-40,0,18,1,1,0",,"horse_lord,arm_low,44,-17,-77,0,30,1,1,0","horse_lord,fist,-23,4,-85,0,34,1.1,1.1,0",,"horse_lord,leg_low,-283,-32,-42,0,17,1,1,0","horse_lord,foot,-336,30,-56,0,18,1,1,0",,"horse_lord,leg_low,-190,-13,-60,0,18,1,1,0","horse_lord,foot,-260,26,-82,0,19,1,1,0",,"human_lord,shield_back,119,-455,17,0,24,1,1,0","horse_lord,tail,-304,-19,-22,0,20,1,1,0","horse_lord,seat,-58,-336,20,0,8,1,1,0","horse_lord,seat,66,-335,-25,1,8,1,1,0",,,,,,,,,,,,,,,,,,,,,,,,,,,,,,,,,,,,,,,,,,,,,,,,,,,,,,,,,,,,,,,,,,,,,,,,
Standup/2,"human_lord,head,58,-645,2,0,6,1,1,0","human_lord,neck,56,-552,-29,0,9,1,1,0","human_lord,body,31,-470,-10.5,0,7,1,1,0","human_lord,arm_up,-53,-495,-31,0,3,1,1,0","human_lord,arm_low,-79,-388,13,0,5,1,1,0","human_lord,fist,-58,-294,18,0,5,1,1,0","human_lord,arm_up,117,-472,22,1,22,1,1,0","human_lord,arm_low,186,-381,49,1,24,1,1,0","human_lord,fist,244,-335,57,1,24,1,1,0","human_lord,leg_up,-14,-290,22,0,9,1,1,0","human_lord,leg_low,-11,-177,-19,0,12,1,1,0","human_lord,foot_cav,-17,-94,-21.6,0,13,1,1,0","human_lord,leg_up,73,-329,36.2,0,14,1,1,0","human_lord,leg_low,85,-191,-10.5,0,19,1,1,0","human_lord,foot,82,-107,-10.5,0,23,1,1,0","human_lord,base,94,-316,101.3,1,6,1,1,0","human_lord,shield,-29,-530,-31,0,3,1,1,0","human_lord,skirt,16,-360,3,0,9,1,1,0",,,,,,,,,,"horse_lord,head,405,-363,13,0,0,1,1,0","horse_lord,neck,272,-361,-40,0,12,1,1,0","horse_lord,body,-39,-163,-1,0,14,1,1,0",,"horse_lord,arm_low,159,-54,-14,0,16,1,1,0","horse_lord,fist,151,20,-10,0,18,1,1,0",,"horse_lord,arm_low,56,-57,-57,0,30,1,1,0","horse_lord,fist,2,-3,-45,0,34,1.1,1.1,0",,"horse_lord,leg_low,-282,-52,-32,0,17,1,1,0","horse_lord,foot,-316,20,-36,0,18,1,1,0",,"horse_lord,leg_low,-190,-53,-40,0,18,1,1,0","horse_lord,foot,-230,7,-42,0,19,1,1,0",,"human_lord,shield_back,109,-500,27,0,24,1,1,0","horse_lord,tail,-304,-39,-22,0,20,1,1,0","horse_lord,seat,-58,-356,20,0,8,1,1,0","horse_lord,seat,66,-355,-25,1,8,1,1,0",,,,,,,,,,,,,,,,,,,,,,,,,,,,,,,,,,,,,,,,,,,,,,,,,,,,,,,,,,,,,,,,,,,,,,,,
Standup/3,"human_lord,head,24,-657,4,0,6,1,1,0","human_lord,neck,45,-564,-29,0,9,1,1,0","human_lord,body,15,-489,-4.5,0,7,1,1,0","human_lord,arm_up,-74,-512,-27,0,3,1,1,0","human_lord,arm_low,-92,-404,20,0,5,1,1,0","human_lord,fist,-57,-317,25,0,5,1,1,0","human_lord,arm_up,104,-493,24,1,22,1,1,0","human_lord,arm_low,175,-404,51,1,24,1,1,0","human_lord,fist,235,-360,59,1,24,1,1,0","human_lord,leg_up,-25,-302,22,0,9,1,1,0","human_lord,leg_low,-22,-189,-19,0,12,1,1,0","human_lord,foot_cav,-28,-106,-21.6,0,13,1,1,0","human_lord,leg_up,62,-341,36.2,0,14,1,1,0","human_lord,leg_low,74,-203,-10.5,0,19,1,1,0","human_lord,foot,71,-119,-10.5,0,23,1,1,0","human_lord,base,97,-340,106.3,1,6,1,1,0","human_lord,shield,-61,-537,-23,0,3,1,1,0","human_lord,skirt,5,-372,3,0,9,1,1,0",,,,,,,,,,"horse_lord,head,376,-412,15,0,0,1,1,0","horse_lord,neck,248,-400,-29,0,12,1,1,0","horse_lord,body,-37,-182,0,0,14,1,1,0",,"horse_lord,arm_low,163,-76,-13,0,16,1,1,0","horse_lord,fist,178,-2,11,0,18,1,1,0",,"horse_lord,arm_low,70,-77,-33,0,30,1,1,0","horse_lord,fist,41,-9,-24,0,34,1.1,1.1,0",,"horse_lord,leg_low,-275,-66,-31,0,17,1,1,0","horse_lord,foot,-300,3,-23,0,18,1,1,0",,"horse_lord,leg_low,-166,-79,1,0,18,1,1,0","horse_lord,foot,-165,2,-1,0,19,1,1,0",,"human_lord,shield_back,84,-520,27,0,24,1,1,0","horse_lord,tail,-300,-53,-21,0,20,1,1,0","horse_lord,seat,-59,-374,21,0,8,1,1,0","horse_lord,seat,65,-376,-24,1,8,1,1,0",,,,,,,,,,,,,,,,,,,,,,,,,,,,,,,,,,,,,,,,,,,,,,,,,,,,,,,,,,,,,,,,,,,,,,,,
Standup/4,"human_lord,head,24,-667,4,0,6,1,1,0","human_lord,neck,45,-574,-29,0,9,1,1,0","human_lord,body,15,-499,-4.5,0,7,1,1,0","human_lord,arm_up,-66,-512,-25,0,3,1,1,0","human_lord,arm_low,-80,-402,22,0,5,1,1,0","human_lord,fist,-41,-317,27,0,5,1,1,0","human_lord,arm_up,104,-503,24,1,22,1,1,0","human_lord,arm_low,175,-414,51,1,24,1,1,0","human_lord,fist,235,-370,59,1,24,1,1,0","human_lord,leg_up,-25,-312,22,0,9,1,1,0","human_lord,leg_low,-22,-199,-19,0,12,1,1,0","human_lord,foot_cav,-28,-116,-21.6,0,13,1,1,0","human_lord,leg_up,62,-351,36.2,0,14,1,1,0","human_lord,leg_low,74,-213,-10.5,0,19,1,1,0","human_lord,foot,71,-129,-10.5,0,23,1,1,0","human_lord,base,111,-346,108.3,1,6,1,1,0","human_lord,shield,-60,-542,-28,0,3,1,1,0","human_lord,skirt,5,-382,3,0,9,1,1,0",,,,,,,,,,"horse_lord,head,376,-444,18,0,0,1,1,0","horse_lord,neck,248,-426,-26,0,12,1,1,0","horse_lord,body,-35,-201,1,0,14,1,1,0",,"horse_lord,arm_low,167,-98,-12,0,16,1,1,0","horse_lord,fist,193,-22,2,0,18,1,1,0",,"horse_lord,arm_low,81,-108,-22,0,30,1,1,0","horse_lord,fist,76,-29,-3,0,34,1.1,1.1,0",,"horse_lord,leg_low,-271,-80,-20,0,17,1,1,0","horse_lord,foot,-280,-11,-2,0,18,1,1,0",,"horse_lord,leg_low,-162,-95,2,0,18,1,1,0","horse_lord,foot,-154,-20,3,0,19,1,1,0",,"human_lord,shield_back,84,-532,27,0,24,1,1,0","horse_lord,tail,-285,-65,-10,0,20,1,1,0","horse_lord,seat,-60,-392,22,0,8,1,1,0","horse_lord,seat,64,-396,-23,1,8,1,1,0",,,,,,,,,,,,,,,,,,,,,,,,,,,,,,,,,,,,,,,,,,,,,,,,,,,,,,,,,,,,,,,,,,,,,,,,
Standup/5,"human_lord,head,29,-680,1,0,6,1,1,0","human_lord,neck,45,-587,-29,0,9,1,1,0","human_lord,body,20,-514,-5.5,0,7,1,1,0","human_lord,arm_up,-66,-518,-28,0,3,1,1,0","human_lord,arm_low,-68,-421,40,0,5,1,1,0","human_lord,fist,-9,-343,43,0,5,1,1,0","human_lord,arm_up,101,-524,24,1,22,1,1,0","human_lord,arm_low,174,-430,48,1,24,1,1,0","human_lord,fist,235,-383,59,1,24,1,1,0","human_lord,leg_up,-25,-325,22,0,9,1,1,0","human_lord,leg_low,-19,-212,-15,0,12,1,1,0","human_lord,foot_cav,-19,-129,-18.6,0,13,1,1,0","human_lord,leg_up,62,-364,36.2,0,14,1,1,0","human_lord,leg_low,74,-226,-10.5,0,19,1,1,0","human_lord,foot,71,-142,-10.5,0,23,1,1,0","human_lord,base,129,-413,125.3,1,6,1,1,0","human_lord,shield,-54,-553,-32,0,3,1,1,0","human_lord,skirt,5,-395,3,0,9,1,1,0",,,,,,,,,,"horse_lord,head,357,-480,18,0,0,1,1,0","horse_lord,neck,237,-453,-22,0,12,1,1,0","horse_lord,body,-35,-218,1,0,14,1,1,0",,"horse_lord,arm_low,167,-106,-12,0,16,1,1,0","horse_lord,fist,196,-30,2,0,18,1,1,0",,"horse_lord,arm_low,81,-116,-2,0,30,1,1,0","horse_lord,fist,94,-37,3,0,34,1.1,1.1,0",,"horse_lord,leg_low,-261,-88,-20,0,17,1,1,0","horse_lord,foot,-270,-19,-2,0,18,1,1,0",,"horse_lord,leg_low,-142,-103,2,0,18,1,1,0","horse_lord,foot,-134,-28,3,0,19,1,1,0",,"human_lord,shield_back,84,-548,17,0,24,1,1,0","horse_lord,tail,-285,-73,-10,0,20,1,1,0","horse_lord,seat,-60,-400,22,0,8,1,1,0","horse_lord,seat,64,-404,-21,1,8,1,1,0",,,,,,,,,,,,,,,,,,,,,,,,,,,,,,,,,,,,,,,,,,,,,,,,,,,,,,,,,,,,,,,,,,,,,,,,
Standup/6,"human_lord,head,27,-695,-1,0,6,1,1,0","human_lord,neck,42,-600,-28,0,9,1,1,0","human_lord,body,18,-529,-4.5,0,7,1,1,0","human_lord,arm_up,-75,-537,-19,0,3,1,1,0","human_lord,arm_low,-52,-456,65,0,5,1,1,0","human_lord,fist,43,-412,71,0,5,1,1,0","human_lord,arm_up,99,-538,25,1,22,1,1,0","human_lord,arm_low,174,-445,49,1,24,1,1,0","human_lord,fist,235,-399,60,1,24,1,1,0","human_lord,leg_up,-24,-341,31,0,9,1,1,0","human_lord,leg_low,0,-228,-6,0,12,1,1,0","human_lord,foot_cav,18,-145,-9.6,0,13,1,1,0","human_lord,leg_up,63,-377,37.2,0,14,1,1,0","human_lord,leg_low,77,-240,-9.5,0,19,1,1,0","human_lord,foot,76,-156,-9.5,0,23,1,1,0","human_lord,base,142,-533,145.3,1,6,1,1,0","human_lord,shield,-54,-579,-24,0,3,1,1,0","human_lord,skirt,5,-407,4,0,9,1,1,0",,,,,,,,,,"horse_lord,head,357,-493,13,0,0,1,1,0","horse_lord,neck,237,-472,-22,0,12,1,1,0","horse_lord,body,-35,-243,1,0,14,1,1,0",,"horse_lord,arm_low,177,-120,8,0,16,1,1,0","horse_lord,fist,196,-34,2,0,18,1,1,0",,"horse_lord,arm_low,89,-120,-2,0,30,1,1,0","horse_lord,fist,102,-41,3,0,34,1.1,1.1,0",,"horse_lord,leg_low,-252,-99,-12,0,17,1,1,0","horse_lord,foot,-254,-28,2,0,18,1,1,0",,"horse_lord,leg_low,-142,-107,2,0,18,1,1,0","horse_lord,foot,-134,-32,3,0,19,1,1,0",,"human_lord,shield_back,76,-576,18,0,24,1,1,0","horse_lord,tail,-285,-85,-13,0,20,1,1,0","horse_lord,seat,-60,-404,22,0,8,1,1,0","horse_lord,seat,64,-408,-21,1,8,1,1,0",,,,,,,,,,,,,,,,,,,,,,,,,,,,,,,,,,,,,,,,,,,,,,,,,,,,,,,,,,,,,,,,,,,,,,,,
Standup/7,"human_lord,head,37,-727,-8,0,6,1,1,0","human_lord,neck,14,-662,-2,0,9,1,1,0","human_lord,body,14,-567,-6.5,0,7,1,1,0","human_lord,arm_up,-63,-574,-24,0,3,1,1,0","human_lord,arm_low,-43,-486,56,0,5,1,1,0","human_lord,fist,32,-443,64,0,5,1,1,0","human_lord,arm_up,82,-579,17,1,16,1,1,0","human_lord,arm_low,154,-488,60,1,18,1,1,0","human_lord,fist,218,-453,52,1,18,1,1,0","human_lord,leg_up,-8,-390,36,0,9,1,1,0","human_lord,leg_low,15,-285,-10,0,12,1,1,0","human_lord,foot_cav,23,-203,-13.6,0,13,1,1,0","human_lord,leg_up,79,-437,43.2,0,14,1,1,0","human_lord,leg_low,107,-301,-3.5,0,19,1,1,0","human_lord,foot,116,-217,-3.5,0,23,1,1,0","human_lord,base,130,-560,147.3,1,6,1,1,0","human_lord,shield,-51,-615,-23,0,3,1,1,0","human_lord,skirt,17,-458,8,0,9,1,1,0",,,,,,,,,,"horse_lord,head,358,-503,-7,0,0,1,1,0","horse_lord,neck,248,-505,-27,0,13,1,1,0","horse_lord,body,-36,-272,0,0,14,1,1,0",,"horse_lord,arm_low,180,-120,-2,0,16,1,1,0","horse_lord,fist,191,-36,2,0,18,1,1,0",,"horse_lord,arm_low,112,-127,-10,0,18,1,1,0","horse_lord,fist,114,-44,-3,0,22,1.1,1.1,0",,"horse_lord,leg_low,-238,-118,0,0,17,1,1,0","horse_lord,foot,-227,-36,2,0,19,1,1,0",,"horse_lord,leg_low,-143,-132,0,0,18,1,1,0","horse_lord,foot,-129,-43,0,0,19,1,1,0",,"human_lord,shield_back,72,-594,9,0,20,1,1,0","horse_lord,tail,-287,-138,-11,0,20,1,1,0","horse_lord,seat,-60,-454,25,0,8,1,1,0","horse_lord,seat,63,-462,-15,1,8,1,1,0",,,,,,,,,,,,,,,,,,,,,,,,,,,,,,,,,,,,,,,,,,,,,,,,,,,,,,,,,,,,,,,,,,,,,,,,
Walk/0,"human_lord,head,35,-740,-4,0,6,1,1,0","human_lord,neck,18,-662,-3,0,9,1,1,0","human_lord,body,16,-568,-5.5,0,7,1,1,0","human_lord,arm_up,-72,-583,-25,0,3,1,1,0","human_lord,arm_low,-56,-493,55,0,5,1,1,0","human_lord,fist,17,-446,63,0,5,1,1,0","human_lord,arm_up,85,-581,17,1,16,1,1,0","human_lord,arm_low,155,-488,58,1,18,1,1,0","human_lord,fist,218,-449,50,1,18,1,1,0","human_lord,leg_up,-10,-396,31,0,9,1,1,0","human_lord,leg_low,9,-285,-10,0,12,1,1,0","human_lord,foot_cav,19,-203,-12.6,0,13,1,1,0","human_lord,leg_up,79,-437,42.2,0,14,1,1,0","human_lord,leg_low,105,-300,-4.5,0,19,1,1,0","human_lord,foot,112,-216,-4.5,0,23,1,1,0","human_lord,base,117,-553,144.3,1,6,1,0.9,0","human_lord,shield,-60,-610,-14,0,3,1,1,0","human_lord,skirt,18,-461,9,0,9,1,1,0",,,,,,,,,,"horse_lord,head,391,-488,0,0,0,1,1,0","horse_lord,neck,270,-493,-36,0,13,1,1,0","horse_lord,body,-36,-272,0,0,14,1,1,0",,"horse_lord,arm_low,168,-124,-42,0,16,1,1,0","horse_lord,fist,113,-72,-78,0,18,1,1,0",,"horse_lord,arm_low,143,-127,-10,0,21,1,1,0","horse_lord,fist,145,-44,-3,0,25,1.1,1.1,0",,"horse_lord,leg_low,-282,-118,-11,0,17,1,1,0","horse_lord,foot,-290,-36,-12,0,19,1,1,0",,"horse_lord,leg_low,-130,-119,30,0,18,1,1,0","horse_lord,foot,-89,-43,0,0,19,1,1,0",,"human_lord,shield_back,82,-594,16,0,20,1,1,0","horse_lord,tail,-286,-138,-10,0,20,1,1,0","horse_lord,seat,-60,-454,25,0,8,1,1,0","horse_lord,seat,63,-462,-15,1,8,1,1,0",,,,,,,,,,,,,,,,,,,,,,,,,,,,,,,,,,,,,,,,,,,,,,,,,,,,,,,,,,,,,,,,,,,,,,,,
Walk/1,"human_lord,head,46,-733,-5,0,6,1,1,0","human_lord,neck,25,-658,-4,0,9,1,1,0","human_lord,body,21,-564,-6.5,0,7,1,1,0","human_lord,arm_up,-67,-580,-27,0,3,1,1,0","human_lord,arm_low,-55,-490,53,0,5,1,1,0","human_lord,fist,18,-439,61,0,5,1,1,0","human_lord,arm_up,91,-576,16,1,16,1,1,0","human_lord,arm_low,159,-482,57,1,18,1,1,0","human_lord,fist,221,-441,49,1,18,1,1,0","human_lord,leg_up,-8,-392,30,0,9,1,1,0","human_lord,leg_low,10,-281,-11,0,12,1,1,0","human_lord,foot_cav,18,-199,-13.6,0,13,1,1,0","human_lord,leg_up,82,-432,41.2,0,14,1,1,0","human_lord,leg_low,106,-294,-5.5,0,19,1,1,0","human_lord,foot,111,-210,-5.5,0,23,1,1,0","human_lord,base,122,-541,143.3,1,6,1,0.9,0","human_lord,shield,-55,-607,-17,0,3,1,1,0","human_lord,skirt,22,-457,8,0,9,1,1,0",,,,,,,,,,"horse_lord,head,391,-478,-2,0,0,1,1,0","horse_lord,neck,275,-482,-39,0,13,1,1,0","horse_lord,body,-36,-272,-1,0,14,1,1,0",,"horse_lord,arm_low,235,-163,28,0,16,1,1.1,0","horse_lord,fist,260,-86,-28,0,18,1,1,0",,"horse_lord,arm_low,120,-127,-20,0,21,1,1,0","horse_lord,fist,108,-44,-3,0,25,1.1,1.1,0",,"horse_lord,leg_low,-302,-118,-41,0,17,1,1,0","horse_lord,foot,-350,-67,-82,0,19,1,1,0",,"horse_lord,leg_low,-150,-119,20,0,18,1,1,0","horse_lord,foot,-119,-40,10,0,19,1,1,0",,"human_lord,shield_back,83,-591,13,0,20,1,1,0","horse_lord,tail,-286,-138,-10,0,20,1,1,0","horse_lord,seat,-57,-456,23,0,8,1,1,0","horse_lord,seat,66,-460,-17,1,8,1,1,0",,,,,,,,,,,,,,,,,,,,,,,,,,,,,,,,,,,,,,,,,,,,,,,,,,,,,,,,,,,,,,,,,,,,,,,,
Walk/2,"human_lord,head,47,-731,-8,0,6,1,1,0","human_lord,neck,25,-656,-4,0,9,1,1,0","human_lord,body,21,-562,-6.5,0,7,1,1,0","human_lord,arm_up,-65,-575,-29,0,3,1,1,0","human_lord,arm_low,-57,-485,51,0,5,1,1,0","human_lord,fist,16,-430,59,0,5,1,1,0","human_lord,arm_up,91,-569,16,1,16,1,1,0","human_lord,arm_low,159,-475,57,1,18,1,1,0","human_lord,fist,221,-434,49,1,18,1,1,0","human_lord,leg_up,-8,-390,30,0,9,1,1,0","human_lord,leg_low,10,-279,-11,0,12,1,1,0","human_lord,foot_cav,18,-197,-13.6,0,13,1,1,0","human_lord,leg_up,82,-430,41.2,0,14,1,1,0","human_lord,leg_low,106,-292,-5.5,0,19,1,1,0","human_lord,foot,111,-208,-5.5,0,23,1,1,0","human_lord,base,122,-527,141.3,1,6,1,0.9,0","human_lord,shield,-53,-602,-18,0,3,1,1,0","human_lord,skirt,22,-455,8,0,9,1,1,0",,,,,,,,,,"horse_lord,head,389,-458,-8,0,0,1,1,0","horse_lord,neck,277,-474,-41,0,13,1,1,0","horse_lord,body,-36,-271,-1,0,14,1,1,0",,"horse_lord,arm_low,245,-122,28,0,16,1,1.1,0","horse_lord,fist,290,-40,8,0,18,1,1,0",,"horse_lord,arm_low,80,-127,-20,0,21,1,1,0","horse_lord,fist,58,-44,-23,0,25,1.1,1.1,0",,"horse_lord,leg_low,-202,-138,-21,0,17,1,1,0","horse_lord,foot,-247,-77,-82,0,19,1,1,0",,"horse_lord,leg_low,-191,-119,14,0,18,1,1,0","horse_lord,foot,-162,-40,7,0,19,1,1,0",,"human_lord,shield_back,89,-589,5,0,20,1,1,0","horse_lord,tail,-286,-138,-10,0,20,1,1,0","horse_lord,seat,-55,-457,22,0,8,1,1,0","horse_lord,seat,68,-459,-18,1,8,1,1,0",,,,,,,,,,,,,,,,,,,,,,,,,,,,,,,,,,,,,,,,,,,,,,,,,,,,,,,,,,,,,,,,,,,,,,,,
Walk/3,"human_lord,head,44,-734,-5,0,6,1,1,0","human_lord,neck,25,-658,-4,0,9,1,1,0","human_lord,body,21,-564,-6.5,0,7,1,1,0","human_lord,arm_up,-65,-574,-24,0,3,1,1,0","human_lord,arm_low,-46,-485,56,0,5,1,1,0","human_lord,fist,26,-439,64,0,5,1,1,0","human_lord,arm_up,91,-580,16,1,16,1,1,0","human_lord,arm_low,159,-486,57,1,18,1,1,0","human_lord,fist,221,-445,49,1,18,1,1,0","human_lord,leg_up,-8,-392,30,0,9,1,1,0","human_lord,leg_low,10,-281,-11,0,12,1,1,0","human_lord,foot_cav,18,-199,-13.6,0,13,1,1,0","human_lord,leg_up,82,-432,41.2,0,14,1,1,0","human_lord,leg_low,106,-294,-5.5,0,19,1,1,0","human_lord,foot,111,-210,-5.5,0,23,1,1,0","human_lord,base,125,-541,144.3,1,6,1,0.9,0","human_lord,shield,-54,-603,-17,0,3,1,1,0","human_lord,skirt,22,-457,8,0,9,1,1,0",,,,,,,,,,"horse_lord,head,393,-481,-2,0,0,1,1,0","horse_lord,neck,272,-489,-38,0,13,1,1,0","horse_lord,body,-36,-274,0,0,14,1,1,0",,"horse_lord,arm_low,201,-122,25,0,16,1,1,0","horse_lord,fist,240,-40,6,0,18,1,1,0",,"horse_lord,arm_low,112,-127,-46,0,21,1,1,0","horse_lord,fist,58,-74,-83,0,25,1.1,1.1,0",,"horse_lord,leg_low,-122,-158,9,0,17,1,1,0","horse_lord,foot,-126,-77,-32,0,19,1,1,0",,"horse_lord,leg_low,-244,-122,-15,0,18,1,1,0","horse_lord,foot,-246,-37,-3,0,19,1,1,0",,"human_lord,shield_back,89,-593,12,0,20,1,1,0","horse_lord,tail,-289,-138,-15,0,20,1,1,0","horse_lord,seat,-60,-455,26,0,8,1,1,0","horse_lord,seat,63,-465,-14,1,8,1,1,0",,,,,,,,,,,,,,,,,,,,,,,,,,,,,,,,,,,,,,,,,,,,,,,,,,,,,,,,,,,,,,,,,,,,,,,,
Walk/4,"human_lord,head,35,-740,-4,0,6,1,1,0","human_lord,neck,18,-662,-3,0,9,1,1,0","human_lord,body,16,-568,-5.5,0,7,1,1,0","human_lord,arm_up,-64,-582,-25,0,3,1,1,0","human_lord,arm_low,-52,-498,58,0,5,1,1,0","human_lord,fist,24,-456,66,0,5,1,1,0","human_lord,arm_up,85,-585,17,1,16,1,1,0","human_lord,arm_low,155,-492,58,1,18,1,1,0","human_lord,fist,218,-453,50,1,18,1,1,0","human_lord,leg_up,-10,-396,31,0,9,1,1,0","human_lord,leg_low,9,-285,-10,0,12,1,1,0","human_lord,foot_cav,19,-203,-12.6,0,13,1,1,0","human_lord,leg_up,79,-437,42.2,0,14,1,1,0","human_lord,leg_low,105,-300,-4.5,0,19,1,1,0","human_lord,foot,112,-216,-4.5,0,23,1,1,0","human_lord,base,121,-563,147.3,1,6,1,0.9,0","human_lord,shield,-60,-614,-14,0,3,1,1,0","human_lord,skirt,18,-461,9,0,9,1,1,0",,,,,,,,,,"horse_lord,head,394,-477,-4,0,0,1,1,0","horse_lord,neck,273,-487,-38,0,13,1,1,0","horse_lord,body,-36,-273,0,0,14,1,1,0",,"horse_lord,arm_low,163,-120,15,0,16,1,1,0","horse_lord,fist,193,-37,1,0,18,1,1,0",,"horse_lord,arm_low,187,-151,-36,0,21,1,1,0","horse_lord,fist,143,-90,-73,0,25,1.1,1.1,0",,"horse_lord,leg_low,-100,-115,33,0,17,1,1,0","horse_lord,foot,-56,-37,5,0,19,1,1,0",,"horse_lord,leg_low,-294,-112,-25,0,18,1,1,0","horse_lord,foot,-306,-37,-3,0,19,1,1,0",,"human_lord,shield_back,83,-595,13,0,20,1,1,0","horse_lord,tail,-286,-138,-10,0,20,1,1,0","horse_lord,seat,-57,-452,27,0,8,1,1,0","horse_lord,seat,66,-464,-13,1,8,1,1,0",,,,,,,,,,,,,,,,,,,,,,,,,,,,,,,,,,,,,,,,,,,,,,,,,,,,,,,,,,,,,,,,,,,,,,,,
Walk/5,"human_lord,head,44,-736,-5,0,6,1,1,0","human_lord,neck,25,-658,-4,0,9,1,1,0","human_lord,body,21,-564,-6.5,0,7,1,1,0","human_lord,arm_up,-58,-578,-25,0,3,1,1,0","human_lord,arm_low,-46,-494,58,0,5,1,1,0","human_lord,fist,30,-452,66,0,5,1,1,0","human_lord,arm_up,91,-576,16,1,16,1,1,0","human_lord,arm_low,159,-482,57,1,18,1,1,0","human_lord,fist,221,-441,49,1,18,1,1,0","human_lord,leg_up,-8,-392,30,0,9,1,1,0","human_lord,leg_low,10,-281,-11,0,12,1,1,0","human_lord,foot_cav,18,-199,-13.6,0,13,1,1,0","human_lord,leg_up,82,-432,41.2,0,14,1,1,0","human_lord,leg_low,106,-294,-5.5,0,19,1,1,0","human_lord,foot,111,-210,-5.5,0,23,1,1,0","human_lord,base,129,-557,145.3,1,6,1,0.9,0","human_lord,shield,-54,-614,-19,0,3,1,1,0","human_lord,skirt,22,-457,8,0,9,1,1,0",,,,,,,,,,"horse_lord,head,403,-459,-6,0,0,1,1,0","horse_lord,neck,282,-475,-41,0,13,1,1,0","horse_lord,body,-36,-271,-1,0,14,1,1,0",,"horse_lord,arm_low,103,-117,5,0,16,1,1,0","horse_lord,fist,117,-37,1,0,18,1,1,0",,"horse_lord,arm_low,251,-141,34,0,21,1,1,0","horse_lord,fist,291,-80,-3,0,25,1.1,1.1,0",,"horse_lord,leg_low,-145,-115,18,0,17,1,1,0","horse_lord,foot,-116,-37,3,0,19,1,1,0",,"horse_lord,leg_low,-241,-132,-15,0,18,1,1,0","horse_lord,foot,-274,-67,-73,0,19,1,1,0",,"human_lord,shield_back,87,-587,10,0,20,1,1,0","horse_lord,tail,-286,-138,0,0,20,1,1,0","horse_lord,seat,-54,-454,25,0,8,1,1,0","horse_lord,seat,69,-462,-15,1,8,1,1,0",,,,,,,,,,,,,,,,,,,,,,,,,,,,,,,,,,,,,,,,,,,,,,,,,,,,,,,,,,,,,,,,,,,,,,,,
Walk/6,"human_lord,head,52,-726,-11,0,6,1,1,0","human_lord,neck,28,-655,-5,0,9,1,1,0","human_lord,body,23,-561,-7.5,0,7,1,1,0","human_lord,arm_up,-55,-577,-28,0,3,1,1,0","human_lord,arm_low,-46,-493,55,0,5,1,1,0","human_lord,fist,27,-445,63,0,5,1,1,0","human_lord,arm_up,93,-567,10,1,16,1,1,0","human_lord,arm_low,159,-477,64,1,18,1,1,0","human_lord,fist,224,-438,49,1,18,1,1,0","human_lord,leg_up,-10,-389,29,0,9,1,1,0","human_lord,leg_low,7,-278,-12,0,12,1,1,0","human_lord,foot_cav,13,-196,-14.6,0,13,1,1,0","human_lord,leg_up,81,-428,40.2,0,14,1,1,0","human_lord,leg_low,103,-289,-6.5,0,19,1,1,0","human_lord,foot,106,-206,-6.5,0,23,1,1,0","human_lord,base,128,-544,143.3,1,6,1,0.9,0","human_lord,shield,-41,-610,-23,0,3,1,1,0","human_lord,skirt,22,-454,7,0,9,1,1,0",,,,,,,,,,"horse_lord,head,398,-449,-9,0,0,1,1,0","horse_lord,neck,283,-465,-43,0,13,1,1,0","horse_lord,body,-36,-271,-2,0,14,1,1,0",,"horse_lord,arm_low,75,-117,-25,0,16,1,1.1,0","horse_lord,fist,63,-37,1,0,18,1,1,0",,"horse_lord,arm_low,239,-118,37,0,21,1,1.2,0","horse_lord,fist,291,-40,6,0,25,1.1,1.1,0",,"horse_lord,leg_low,-195,-115,-12,0,17,1,1,0","horse_lord,foot,-196,-37,3,0,19,1,1,0",,"horse_lord,leg_low,-171,-152,5,0,18,1,1,0","horse_lord,foot,-194,-94,-83,0,21,1,1,0",,"human_lord,shield_back,89,-577,7,0,20,1,1,0","horse_lord,tail,-291,-138,-10,0,20,1,1,0","horse_lord,seat,-52,-456,23,0,8,1,1,0","horse_lord,seat,71,-460,-17,1,8,1,1,0",,,,,,,,,,,,,,,,,,,,,,,,,,,,,,,,,,,,,,,,,,,,,,,,,,,,,,,,,,,,,,,,,,,,,,,,
Walk/7,"human_lord,head,40,-735,-6,0,6,1,1,0","human_lord,neck,21,-661,-4,0,9,1,1,0","human_lord,body,17,-567,-6.5,0,7,1,1,0","human_lord,arm_up,-67,-581,-30,0,3,1,1,0","human_lord,arm_low,-60,-497,53,0,5,1,1,0","human_lord,fist,11,-445,61,0,5,1,1,0","human_lord,arm_up,87,-579,16,1,16,1,1,0","human_lord,arm_low,155,-485,57,1,18,1,1,0","human_lord,fist,217,-444,49,1,18,1,1,0","human_lord,leg_up,-12,-395,30,0,9,1,1,0","human_lord,leg_low,5,-284,-11,0,12,1,1,0","human_lord,foot_cav,14,-202,-13.6,0,13,1,1,0","human_lord,leg_up,78,-435,41.2,0,14,1,1,0","human_lord,leg_low,102,-297,-5.5,0,19,1,1,0","human_lord,foot,107,-213,-5.5,0,23,1,1,0","human_lord,base,106,-550,146.3,1,6,1,0.9,0","human_lord,shield,-55,-612,-18,0,3,1,1,0","human_lord,skirt,18,-460,8,0,9,1,1,0",,,,,,,,,,"horse_lord,head,391,-469,-2,0,0,1,1,0","horse_lord,neck,270,-477,-37,0,12,1,1,0","horse_lord,body,-36,-271,-1,0,14,1,1,0",,"horse_lord,arm_low,105,-137,-35,0,16,1,1.1,0","horse_lord,fist,63,-77,-69,0,18,1,1,0",,"horse_lord,arm_low,209,-138,17,0,21,1,1.2,0","horse_lord,fist,241,-40,0,0,25,1.1,1.1,0",,"horse_lord,leg_low,-245,-115,-12,0,17,1,1,0","horse_lord,foot,-246,-37,3,0,19,1,1,0",,"horse_lord,leg_low,-111,-155,25,0,18,1,1,0","horse_lord,foot,-80,-70,-23,0,21,1,1,0",,"human_lord,shield_back,85,-585,13,0,20,1,1,0","horse_lord,tail,-286,-138,-3,0,20,1,1,0","horse_lord,seat,-56,-455,24,0,8,1,1,0","horse_lord,seat,67,-461,-16,1,8,1,1,0",,,,,,,,,,,,,,,,,,,,,,,,,,,,,,,,,,,,,,,,,,,,,,,,,,,,,,,,,,,,,,,,,,,,,,,,
Attack1/0,"human_lord,head,40,-726,-5,0,6,1,1,0","human_lord,neck,14,-662,-2,0,9,1,1,0","human_lord,body,14,-567,-7.5,0,7,1,1,0","human_lord,arm_up,-74,-570,-21,0,3,1,1,0","human_lord,arm_low,-55,-487,59,0,5,1,1,0","human_lord,fist,24,-448,67,0,5,1,1,0","human_lord,arm_up,82,-579,16,1,23,1,1,0","human_lord,arm_low,154,-486,60,1,25,1,1,0","human_lord,fist,218,-451,52,1,25,1,1,0","human_lord,leg_up,-6,-383,36,0,9,1,1,0","human_lord,leg_low,15,-280,-10,0,12,1,1,0","human_lord,foot_cav,23,-198,-13.6,0,13,1,1,0","human_lord,leg_up,79,-437,43.2,0,18,1,1,0","human_lord,leg_low,107,-301,-3.5,0,23,1,1,0","human_lord,foot,116,-217,-3.5,0,27,1,1,0","human_lord,base,125,-564,149.3,1,6,1,1,0","human_lord,shield,-56,-614,-28,0,3,1,1,0","human_lord,skirt,16,-456,8,0,9,1,1,0",,,,,,,,,,"horse_lord,head,358,-500,-6,0,0,1,1,0","horse_lord,neck,248,-500,-26,0,13,1,1,0","horse_lord,body,-36,-271,0,0,18,1,1,0",,"horse_lord,arm_low,180,-120,0,0,20,1,1,0","horse_lord,fist,191,-36,2,0,22,1,1,0",,"horse_lord,arm_low,112,-127,-10,0,22,1,1,0","horse_lord,fist,114,-44,-3,0,26,1.1,1.1,0",,"horse_lord,leg_low,-238,-118,0,0,21,1,1,0","horse_lord,foot,-227,-36,2,0,23,1,1,0",,"horse_lord,leg_low,-143,-132,0,0,22,1,1,0","horse_lord,foot,-129,-43,0,0,23,1,1,0",,"human_lord,shield_back,72,-598,5,0,27,1,1,0","horse_lord,tail,-286,-138,-11,0,24,1,1,0","horse_lord,seat,-60,-452,25,0,9,1,1,0","horse_lord,seat,63,-460,-15,1,9,1,1,0",,,,,,,,,,,,,,,,,,,,,,,,,,,,,,,,,,,,,,,,,,,,,,,,,,,,,,,,,,,,,,,,,,,,,,,,
Attack1/1,"human_lord,head,20,-726,5,0,6,1,1,0","human_lord,neck,14,-662,-2,0,9,1,1,0","human_lord,body,14,-577,-0.5,0,7,1,1,0","human_lord,arm_up,-48,-537,11,0,3,1,1,0","human_lord,arm_low,12,-474,91,0,5,1,1,0","human_lord,fist,100,-483,99,0,5,1,1,0","human_lord,arm_up,81,-587,21,1,20,1,1,0","human_lord,arm_low,154,-486,60,1,22,1,1,0","human_lord,fist,218,-451,52,1,22,1,1,0","human_lord,leg_up,-6,-383,36,0,9,1,1,0","human_lord,leg_low,14,-280,-16,0,12,1,1,0","human_lord,foot_cav,16,-198,-17.6,0,13,1,1,0","human_lord,leg_up,79,-437,43.2,0,18,1,1,0","human_lord,leg_low,107,-301,-3.5,0,23,1,1,0","human_lord,foot,116,-217,-3.5,0,27,1,1,0","human_lord,base,125,-635,-179,1,6,1,1,0","human_lord,shield,-48,-601,4,0,3,1,1,0","human_lord,skirt,16,-456,8,0,9,1,1,0",,,,,,,,,,"horse_lord,head,358,-500,-7,0,0,1,1,0","horse_lord,neck,248,-502,-27,0,13,1,1,0","horse_lord,body,-36,-271,0,0,18,1,1,0",,"horse_lord,arm_low,180,-120,0,0,20,1,1,0","horse_lord,fist,191,-36,2,0,22,1,1,0",,"horse_lord,arm_low,112,-127,-10,0,22,1,1,0","horse_lord,fist,114,-44,-3,0,26,1.1,1.1,0",,"horse_lord,leg_low,-241,-118,-7,0,21,1,1,0","horse_lord,foot,-237,-36,-3,0,23,1,1,0",,"horse_lord,leg_low,-143,-132,0,0,22,1,1,0","horse_lord,foot,-129,-43,0,0,23,1,1,0",,"human_lord,shield_back,68,-598,9,0,24,1,1,0","horse_lord,tail,-286,-138,-11,0,24,1,1,0","horse_lord,seat,-60,-452,25,0,8,1,1,0","horse_lord,seat,63,-460,-15,1,8,1,1,0",,,,,,,,,,,,,,,,,,,,,,,,,,,,,,,,,,,,,,,,,,,,,,,,,,,,,,,,,,,,,,,,,,,,,,,,
Attack1/2,"human_lord,head,15,-727,6,0,6,1,1,0","human_lord,neck,10,-663,-1,0,9,1,1,0","human_lord,body,11,-578,0.5,0,7,1,1,0","human_lord,arm_up,-19,-555,42,0,3,1,1,0","human_lord,arm_low,65,-532,122,0,5,1,1,0","human_lord,fist,135,-583,130,0,5,1,1,0","human_lord,arm_up,78,-589,22,1,20,1,1,0","human_lord,arm_low,153,-489,61,1,22,1,1,0","human_lord,fist,217,-455,53,1,22,1,1,0","human_lord,leg_up,-8,-390,36,0,9,1,1,0","human_lord,leg_low,10,-285,-13,0,12,1,1,0","human_lord,foot_cav,15,-203,-16.6,0,13,1,1,0","human_lord,leg_up,79,-437,43.2,0,18,1,1,0","human_lord,leg_low,107,-301,-3.5,0,23,1,1,0","human_lord,foot,116,-217,-3.5,0,27,1,1,0","human_lord,base,79,-728,-148,1,6,1,1,0","human_lord,shield,-52,-609,35,0,3,1,1,0","human_lord,skirt,15,-457,9,0,9,1,1,0",,,,,,,,,,"horse_lord,head,361,-492,-8,0,0,1,1,0","horse_lord,neck,251,-496,-28,0,13,1,1,0","horse_lord,body,-36,-271,-1,0,18,1,1,0",,"horse_lord,arm_low,210,-120,12,0,20,1,1,0","horse_lord,fist,244,-38,4,0,22,1,1,0",,"horse_lord,arm_low,127,-125,-8,0,22,1,1,0","horse_lord,fist,131,-42,-1,0,26,1.1,1.1,0",,"horse_lord,leg_low,-244,-118,-10,0,21,1,1,0","horse_lord,foot,-247,-36,-8,0,23,1,1,0",,"horse_lord,leg_low,-145,-132,0,0,22,1,1,0","horse_lord,foot,-132,-43,-3,0,23,1,1,0",,"human_lord,shield_back,65,-600,10,0,24,1,1,0","horse_lord,tail,-286,-138,-11,0,24,1,1,0","horse_lord,seat,-60,-452,25,0,8,1,1,0","horse_lord,seat,63,-460,-15,1,8,1,1,0",,,,,,,,,,,,,,,,,,,,,,,,,,,,,,,,,,,,,,,,,,,,,,,,,,,,,,,,,,,,,,,,,,,,,,,,
Attack1/3,"human_lord,head,4,-727,7,0,6,1,1,0","human_lord,neck,10,-663,-1,0,9,1,1,0","human_lord,body,8,-578,1.5,0,7,1,1,0","human_lord,arm_up,48,-618,94,0,3,1,1,0","human_lord,arm_low,118,-669,174,0,5,1,1,0","human_lord,fist,120,-764,-175,0,5,1,1,0","human_lord,arm_up,75,-589,24,1,21,1,1,0","human_lord,arm_low,153,-498,58,1,23,1,1,0","human_lord,fist,217,-455,53,1,23,1,1,0","human_lord,leg_up,-8,-390,36,0,9,1,1,0","human_lord,leg_low,10,-285,-13,0,12,1,1,0","human_lord,foot_cav,15,-203,-16.6,0,13,1,1,0","human_lord,leg_up,79,-437,43.2,0,19,1,1,0","human_lord,leg_low,107,-301,-3.5,0,24,1,1,0","human_lord,foot,116,-217,-3.5,0,28,1,1,0","human_lord,base,-30,-798,-95,1,6,1,1,0","human_lord,shield,-16,-625,97,0,3,1,1,0","human_lord,skirt,9,-456,7,0,9,1,1,0",,,,,,,,,,"horse_lord,head,363,-488,-10,0,0,1,1,0","horse_lord,neck,253,-494,-29,0,13,1,1,0","horse_lord,body,-36,-271,-1,0,19,1,1,0",,"horse_lord,arm_low,210,-120,12,0,21,1,1,0","horse_lord,fist,244,-38,4,0,23,1,1,0",,"horse_lord,arm_low,127,-125,-8,0,23,1,1,0","horse_lord,fist,131,-42,-1,0,27,1.1,1.1,0",,"horse_lord,leg_low,-244,-118,-10,0,22,1,1,0","horse_lord,foot,-247,-36,-8,0,24,1,1,0",,"horse_lord,leg_low,-145,-132,0,0,23,1,1,0","horse_lord,foot,-132,-43,-3,0,24,1,1,0",,"human_lord,shield_back,59,-604,23,0,25,1,1,0","horse_lord,tail,-286,-138,-11,0,25,1,1,0","horse_lord,seat,-60,-452,25,0,8,1,1,0","horse_lord,seat,63,-460,-15,1,8,1,1,0",,,,,,,,,,,,,,,,,,,,,,,,,,,,,,,,,,,,,,,,,,,,,,,,,,,,,,,,,,,,,,,,,,,,,,play_time_mod_1.25,,
Attack1/4,"human_lord,head,54,-727,-3,0,6,1,1,0","human_lord,neck,30,-663,-1,0,9,1,1,0","human_lord,body,29,-578,-11.5,0,7,1,1,0","human_lord,arm_up,88,-638,115,0,3,1,1,0","human_lord,arm_low,197,-687,119,0,5,1,1,0","human_lord,fist,280,-735,120,0,5,1,1,0","human_lord,arm_up,80,-590,23,1,30,1,1,0","human_lord,arm_low,156,-498,57,1,32,1,1,0","human_lord,fist,220,-454,52,1,32,1,1,0","human_lord,leg_up,-8,-390,36,0,9,1,1,0","human_lord,leg_low,10,-285,-13,0,12,1,1,0","human_lord,foot_cav,15,-203,-16.6,0,13,1,1,0","human_lord,leg_up,79,-437,43.2,0,31,1,1,0","human_lord,leg_low,107,-301,-3.5,0,33,1,1,0","human_lord,foot,116,-217,-3.5,0,37,1,1,0","human_lord,swing,248,-900,-165,0,6,1.1,1.1,0","human_lord,shield,19,-627,91,0,2,1,1,0","human_lord,skirt,9,-456,0,0,9,1,1,0",,,,,,,,,,"horse_lord,head,367,-498,-10,0,0,1,1,0","horse_lord,neck,257,-504,-29,0,13,1,1,0","horse_lord,body_move2,-30,-276,1,0,30,1,1,0","horse_lord,arm_up,172,-185,7,0,32,1,1,0","horse_lord,arm_low,163,-103,-1,0,32,1,1,0","horse_lord,fist,168,-28,-4,0,34,1,1,0","horse_lord,arm_up,208,-217,24,0,34,1.2,1,0","horse_lord,arm_low,222,-123,1,0,37,1,1,0","horse_lord,fist,239,-37,0,0,41,1.1,1.1,0",,"horse_lord,leg_low,-315,-123,-22,0,32,1,1,0","horse_lord,foot,-334,-43,-20,0,33,1,1,0",,"horse_lord,leg_low,-208,-133,18,0,34,1,1,0","horse_lord,foot,-171,-47,4,0,34,1,1.1,0",,"human_lord,shield_back,75,-609,10,0,32,1,1,0","horse_lord,tail,-316,-152,-21,0,36,1,1,0","horse_lord,seat,-59,-464,24,0,8,1,1,0","horse_lord,seat,64,-469,-16,1,8,1,1,0",,,,,,,,,,,,,,,,,,,,,,,,,,,,,,,,,,,,,,,,,,,,,,,,,,,,,,,,,,,,,,,,,,,,,,play_time_mod_0.5,,
Attack1/5,"human_lord,head,83,-737,-17,0,6,1,1,0","human_lord,neck,40,-674,-5,0,9,1,1,0","human_lord,body,34,-585,-18.5,0,7,1,1,0","human_lord,arm_up,85,-625,64,0,1,1,1,0","human_lord,arm_low,205,-563,65,0,2,1,1,0","human_lord,fist,283,-507,38,0,0,1,1,0","human_lord,arm_up,94,-592,6,1,33,1,1,0","human_lord,arm_low,151,-492,52,1,35,1,1,0","human_lord,fist,206,-453,45,1,35,1,1,0","human_lord,leg_up,1,-400,43,0,9,1,1,0","human_lord,leg_low,11,-307,-17,0,12,1,1,0","human_lord,foot_cav,11,-223,-26.6,0,13,1,1,0","human_lord,leg_up,88,-445,47.2,0,31,1,1,0","human_lord,leg_low,122,-328,0.5,0,36,1,1,0","human_lord,foot,135,-244,0.5,0,40,1,1,0","human_lord,swing,452,-543,110,0,1,1.1,1.1,0","human_lord,shield,25,-638,87,0,1,1,1,0","human_lord,skirt,6,-468,-5,0,9,1,1,0",,,,,,,,,,"horse_lord,head,372,-494,-4,0,2,1,1,0","horse_lord,neck,259,-498,-31,0,15,1,1,0","horse_lord,body_move,-30,-276,0,0,30,1,1,0","horse_lord,arm_up,176,-184,8,0,32,1,1,0","horse_lord,arm_low,162,-102,4,0,32,1,1,0","horse_lord,fist,171,-28,-2,0,34,1,1,0","horse_lord,arm_up,214,-219,27,0,34,1.2,1,0","horse_lord,arm_low,232,-125,4,0,37,1,1,0","horse_lord,fist,254,-42,3,0,41,1.1,1.1,0",,"horse_lord,leg_low,-323,-139,-22,0,32,1,1.2,0","horse_lord,foot,-342,-48,-20,0,33,1,1,0",,"horse_lord,leg_low,-225,-118,6,0,34,1,1,0","horse_lord,foot,-208,-34,-5,0,34,1,1.1,0",,"human_lord,shield_back,81,-600,11,0,35,1,1,0","horse_lord,tail,-337,-164,-36,0,36,1,1,0","horse_lord,seat,-57,-464,24,0,8,1,1,0","horse_lord,seat,66,-469,-16,1,8,1,1,0",,,,,,,,,,,,,,,,,,,,,,,,,,,,,,,,,,,,,,,,,,,,,,,,,,,,,,,,,,,,,,,,,,,,,,"sprite_deal_damage,play_time_mod_0.2",,
Attack1/6,"human_lord,head,100,-727,-25,0,6,1,1,0","human_lord,neck,50,-670,-25,0,9,1,1,0","human_lord,body,36,-570,-19.5,0,7,1,1,0","human_lord,arm_up,45,-573,54,0,1,1,1,0","human_lord,arm_low,138,-495,54,0,2,1,1,0","human_lord,fist,212,-425,38,0,0,1,1,0","human_lord,arm_up,92,-582,13,1,33,1,1,0","human_lord,arm_low,159,-482,55,1,35,1,1,0","human_lord,fist,206,-443,45,1,35,1,1,0","human_lord,leg_up,1,-400,43,0,9,1,1,0","human_lord,leg_low,7,-307,-21,0,12,1,1,0","human_lord,foot_cav,0,-226,-30.6,0,13,1,1,0","human_lord,leg_up,94,-445,48.2,0,31,1,1,0","human_lord,leg_low,122,-328,0.5,0,36,1,1,0","human_lord,foot,135,-244,0.5,0,40,1,1,0","human_lord,swing,416,-390,83,0,1,1.1,1.3,0","human_lord,shield,9,-604,57,0,1,1,1,0","human_lord,skirt,6,-464,-5,0,9,1,1,0",,,,,,,,,,"horse_lord,head,377,-497,13,0,7,1,1,0","horse_lord,neck,266,-487,-34,0,20,1,1,0","horse_lord,body_move,-30,-276,-2,0,30,1,1,0","horse_lord,arm_up,176,-186,6,0,32,1,1,0","horse_lord,arm_low,165,-102,0,0,32,1,1,0","horse_lord,fist,166,-28,-6,0,34,1,1,0","horse_lord,arm_up,216,-219,25,0,34,1.2,1,0","horse_lord,arm_low,230,-125,2,0,37,1,1,0","horse_lord,fist,250,-40,1,0,41,1.1,1.1,0",,"horse_lord,leg_low,-321,-142,-24,0,32,1,1.2,0","horse_lord,foot,-348,-51,-26,0,33,1,1,0",,"horse_lord,leg_low,-225,-118,6,0,34,1,1,0","horse_lord,foot,-208,-34,-5,0,34,1,1.1,0",,"human_lord,shield_back,81,-596,11,0,35,1,1,0","horse_lord,tail,-337,-176,-41,0,36,1,1,0","horse_lord,seat,-48,-469,19,0,8,1,1,0","horse_lord,seat,75,-464,-21,1,8,1,1,0",,,,,,,,,,,,,,,,,,,,,,,,,,,,,,,,,,,,,,,,,,,,,,,,,,,,,,,,,,,,,,,,,,,,,,"sprite_deal_damage,play_time_mod_0.1",,
Attack1/7,"human_lord,head,119,-717,-27,0,6,1,1,0","human_lord,neck,60,-660,-25,0,9,1,1,0","human_lord,body,37,-563,-21.5,0,7,1,1,0","human_lord,arm_up,5,-542,24,0,1,1,1,0","human_lord,arm_low,48,-426,24,0,2,1,1,0","human_lord,fist,68,-342,8,0,0,1,1,0","human_lord,arm_up,113,-582,9,1,33,1,1,0","human_lord,arm_low,159,-482,55,1,35,1,1,0","human_lord,fist,206,-443,45,1,35,1,1,0","human_lord,leg_up,1,-400,43,0,9,1,1,0","human_lord,leg_low,7,-307,-21,0,12,1,1,0","human_lord,foot_cav,0,-226,-30.6,0,13,1,1,0","human_lord,leg_up,94,-445,48.2,0,31,1,1,0","human_lord,leg_low,122,-328,0.5,0,36,1,1,0","human_lord,foot,135,-244,0.5,0,40,1,1,0","human_lord,swing,226,-234,59,0,1,1.1,1.2,0","human_lord,shield,-11,-594,27,0,1,1,1,0","human_lord,skirt,6,-458,-9,0,9,1,1,0",,,,,,,,,,"horse_lord,head,377,-488,12,0,0,1,1,0","horse_lord,neck,266,-480,-35,0,13,1,1,0","horse_lord,body_move2,-29,-276,-2,0,30,1,1,0","horse_lord,arm_up,169,-189,3,0,32,1,1,0","horse_lord,arm_low,164,-107,-3,0,32,1,1,0","horse_lord,fist,165,-31,-8,0,34,1,1,0","horse_lord,arm_up,219,-219,12,0,34,1.2,1,0","horse_lord,arm_low,220,-125,-1,0,37,1,1,0","horse_lord,fist,235,-37,-2,0,41,1.1,1.1,0",,"horse_lord,leg_low,-339,-141,-29,0,32,1,1.2,0","horse_lord,foot,-380,-50,-38,0,33,1,1,0",,"horse_lord,leg_low,-225,-118,-1,0,34,1,1,0","horse_lord,foot,-208,-34,0,0,34,1,1.1,0",,"human_lord,shield_back,111,-583,1,0,35,1,1,0","horse_lord,tail,-337,-164,-30,0,36,1,1,0","horse_lord,seat,-41,-471,17,0,8,1,1,0","horse_lord,seat,82,-462,-23,1,8,1,1,0",,,,,,,,,,,,,,,,,,,,,,,,,,,,,,,,,,,,,,,,,,,,,,,,,,,,,,,,,,,,,,,,,,,,,,"play_time_mod_0.2,sprite_deal_damage",,
Attack1/8,"human_lord,head,90,-730,-18,0,6,1,1,0","human_lord,neck,45,-673,-9,0,9,1,1,0","human_lord,body,37,-573,-18.5,0,7,1,1,0","human_lord,arm_up,-18,-564,4,0,1,1,1,0","human_lord,arm_low,-18,-436,4,0,2,1,1,0","human_lord,fist,-23,-352,-12,0,0,1,1,0","human_lord,arm_up,102,-572,-7,1,33,1,1,0","human_lord,arm_low,157,-482,65,1,35,1,1,0","human_lord,fist,206,-443,45,1,35,1,1,0","human_lord,leg_up,1,-400,43,0,9,1,1,0","human_lord,leg_low,2,-307,-27,0,12,1,1,0","human_lord,foot_cav,-20,-226,-40.6,0,13,1,1,0","human_lord,leg_up,94,-445,48.2,0,31,1,1,0","human_lord,leg_low,122,-328,0.5,0,36,1,1,0","human_lord,foot,135,-244,0.5,0,40,1,1,0","human_lord,swing,88,-193,39,0,1,1.1,1.2,0","human_lord,shield,-13,-622,-3,0,1,1,1,0","human_lord,skirt,14,-467,0,0,9,1,1,0",,,,,,,,,,"horse_lord,head,382,-482,11,0,0,1,1,0","horse_lord,neck,271,-476,-36,0,13,1,1,0","horse_lord,body_move,-29,-276,-3,0,30,1,1,0","horse_lord,arm_up,169,-189,3,0,32,1,1,0","horse_lord,arm_low,164,-107,-3,0,32,1,1,0","horse_lord,fist,165,-31,-8,0,34,1,1,0","horse_lord,arm_up,219,-219,13,0,34,1.2,1,0","horse_lord,arm_low,220,-125,-1,0,37,1,1,0","horse_lord,fist,235,-37,-2,0,41,1.1,1.1,0",,"horse_lord,leg_low,-343,-141,-32,0,32,1,1.2,0","horse_lord,foot,-387,-50,-42,0,33,1,1,0",,"horse_lord,leg_low,-225,-118,-1,0,34,1,1,0","horse_lord,foot,-208,-34,0,0,34,1,1.1,0",,"human_lord,shield_back,112,-584,-20,0,35,1,1,0","horse_lord,tail,-337,-174,-20,0,36,1,1,0","horse_lord,seat,-41,-472,16,0,8,1,1,0","horse_lord,seat,82,-461,-24,1,8,1,1,0",,,,,,,,,,,,,,,,,,,,,,,,,,,,,,,,,,,,,,,,,,,,,,,,,,,,,,,,,,,,,,,,,,,,,,"sprite_deal_damage,play_time_mod_0.1",,
Attack1/9,"human_lord,head,94,-748,-9,0,6,1,1,0","human_lord,neck,45,-673,-9,0,9,1,1,0","human_lord,body,40,-580,-18.5,0,7,1,1,0","human_lord,arm_up,-32,-564,-26,0,1,1,1,0","human_lord,arm_low,-95,-453,-26,0,2,1,1,0","human_lord,fist,-142,-383,-42,0,0,1,1,0","human_lord,arm_up,102,-572,-7,1,33,1,1,0","human_lord,arm_low,157,-482,65,1,35,1,1,0","human_lord,fist,206,-443,45,1,35,1,1,0","human_lord,leg_up,1,-400,46,0,9,1,1,0","human_lord,leg_low,1,-309,-33,0,12,1,1,0","human_lord,foot_cav,-25,-230,-45.6,0,13,1,1,0","human_lord,leg_up,94,-445,48.2,0,31,1,1,0","human_lord,leg_low,122,-328,0.5,0,36,1,1,0","human_lord,foot,135,-244,0.5,0,40,1,1,0","human_lord,swing,-125,-191,9,0,1,1.1,1.2,0","human_lord,shield,2,-613,-33,0,1,1,1,0","human_lord,skirt,15,-467,1,0,9,1,1,0",,,,,,,,,,"horse_lord,head,382,-479,10,0,0,1,1,0","horse_lord,neck,271,-475,-37,0,13,1,1,0","horse_lord,body_move,-26,-276,-3,0,30,1,1,0","horse_lord,arm_up,169,-189,3,0,32,1,1,0","horse_lord,arm_low,158,-107,-5,0,32,1,1,0","horse_lord,fist,154,-31,-8,0,34,1,1,0","horse_lord,arm_up,221,-219,19,0,34,1.2,1,0","horse_lord,arm_low,220,-125,-5,0,37,1,1,0","horse_lord,fist,230,-37,-2,0,41,1.1,1.1,0",,"horse_lord,leg_low,-343,-141,-36,0,32,1,1.2,0","horse_lord,foot,-391,-54,-45,0,33,1,1,0",,"horse_lord,leg_low,-225,-118,-1,0,34,1,1,0","horse_lord,foot,-208,-34,0,0,34,1,1.1,0",,"human_lord,shield_back,112,-588,-22,0,35,1,1,0","horse_lord,tail,-337,-174,-20,0,36,1,1,0","horse_lord,seat,-39,-475,13,0,8,1,1,0","horse_lord,seat,84,-458,-27,1,8,1,1,0",,,,,,,,,,,,,,,,,,,,,,,,,,,,,,,,,,,,,,,,,,,,,,,,,,,,,,,,,,,,,,,,,,,,,,,,
Attack1/10,"human_lord,head,94,-748,-6,0,6,1,1,0","human_lord,neck,45,-673,-9,0,9,1,1,0","human_lord,body,40,-580,-18.5,0,7,1,1,0","human_lord,arm_up,-32,-564,-29,0,1,1,1,0","human_lord,arm_low,-101,-456,-29,0,2,1,1,0","human_lord,fist,-151,-389,-45,0,0,1,1,0","human_lord,arm_up,102,-572,-7,1,33,1,1,0","human_lord,arm_low,157,-482,65,1,35,1,1,0","human_lord,fist,206,-443,45,1,35,1,1,0","human_lord,leg_up,1,-400,46,0,9,1,1,0","human_lord,leg_low,1,-309,-33,0,12,1,1,0","human_lord,foot_cav,-25,-230,-45.6,0,13,1,1,0","human_lord,leg_up,94,-445,48.2,0,31,1,1,0","human_lord,leg_low,122,-328,0.5,0,36,1,1,0","human_lord,foot,135,-244,0.5,0,40,1,1,0","human_lord,base,-146,-197,6,0,1,1.1,1.2,0","human_lord,shield,5,-613,-36,0,1,1,1,0","human_lord,skirt,15,-467,1,0,9,1,1,0",,,,,,,,,,"horse_lord,head,382,-483,11,0,0,1,1,0","horse_lord,neck,271,-477,-36,0,13,1,1,0","horse_lord,body_move2,-26,-276,-3,0,30,1,1,0","horse_lord,arm_up,169,-189,3,0,32,1,1,0","horse_lord,arm_low,152,-107,-5,0,32,1,1,0","horse_lord,fist,147,-31,-8,0,34,1,1,0","horse_lord,arm_up,219,-219,21,0,34,1.2,1,0","horse_lord,arm_low,216,-121,-10,0,37,1,1,0","horse_lord,fist,230,-37,3,0,41,1.1,1.1,0",,"horse_lord,leg_low,-341,-144,-30,0,32,1,1.2,0","horse_lord,foot,-395,-62,-64,0,33,1,1,0",,"horse_lord,leg_low,-225,-118,-1,0,34,1,1,0","horse_lord,foot,-208,-34,0,0,34,1,1.1,0",,"human_lord,shield_back,112,-588,-22,0,35,1,1,0","horse_lord,tail,-337,-168,-36,0,36,1,1,0","horse_lord,seat,-42,-475,13,0,8,1,1,0","horse_lord,seat,81,-458,-27,1,8,1,1,0",,,,,,,,,,,,,,,,,,,,,,,,,,,,,,,,,,,,,,,,,,,,,,,,,,,,,,,,,,,,,,,,,,,,,,play_time_mod_1.25,,
Attack1/11,"human_lord,head,72,-748,0,0,6,1,1,0","human_lord,neck,45,-673,-9,0,9,1,1,0","human_lord,body,37,-580,-16.5,0,7,1,1,0","human_lord,arm_up,-32,-570,-30,0,1,1,1,0","human_lord,arm_low,-93,-463,-20,0,2,1,1,0","human_lord,fist,-127,-374,-16,0,0,1,1,0","human_lord,arm_up,104,-572,2,1,33,1,1,0","human_lord,arm_low,161,-482,67,1,35,1,1,0","human_lord,fist,206,-443,45,1,35,1,1,0","human_lord,leg_up,-1,-400,42,0,9,1,1,0","human_lord,leg_low,1,-309,-22,0,12,1,1,0","human_lord,foot_cav,-20,-225,-45.6,0,13,1,1,0","human_lord,leg_up,94,-445,48.2,0,31,1,1,0","human_lord,leg_low,122,-328,0.5,0,36,1,1,0","human_lord,foot,135,-244,0.5,0,40,1,1,0","human_lord,base,-22,-218,35,0,1,1.1,1.2,0","human_lord,shield,6,-619,-37,0,1,1,1,0","human_lord,skirt,15,-467,1,0,9,1,1,0",,,,,,,,,,"horse_lord,head,384,-487,14,0,0,1,1,0","horse_lord,neck,273,-479,-35,0,13,1,1,0","horse_lord,body_move,-26,-280,-2,0,30,1,1,0","horse_lord,arm_up,169,-189,3,0,32,1,1,0","horse_lord,arm_low,148,-111,-5,0,32,1,1,0","horse_lord,fist,147,-31,-8,0,34,1,1,0","horse_lord,arm_up,217,-219,13,0,34,1.2,1,0","horse_lord,arm_low,212,-121,1,0,37,1,1,0","horse_lord,fist,230,-37,3,0,41,1.1,1.1,0",,"horse_lord,leg_low,-311,-144,-20,0,32,1,1.2,0","horse_lord,foot,-355,-62,-74,0,33,1,1,0",,"horse_lord,leg_low,-226,-118,0,0,34,1,1,0","horse_lord,foot,-207,-34,1,0,34,1,1.1,0",,"human_lord,shield_back,112,-588,-12,0,35,1,1,0","horse_lord,tail,-337,-168,-23,0,36,1,1,0","horse_lord,seat,-49,-474,20,0,8,1,1,0","horse_lord,seat,82,-468,-24,1,8,1,1,0",,,,,,,,,,,,,,,,,,,,,,,,,,,,,,,,,,,,,,,,,,,,,,,,,,,,,,,,,,,,,,,,,,,,,,play_time_mod_1.25,,
Attack1/12,"human_lord,head,32,-752,0,0,6,1,1,0","human_lord,neck,5,-677,-9,0,9,1,1,0","human_lord,body,14,-587,-6.5,0,7,1,1,0","human_lord,arm_up,-64,-570,-10,0,1,1,1,0","human_lord,arm_low,-84,-448,0,0,2,1,1,0","human_lord,fist,-86,-353,4,0,0,1,1,0","human_lord,arm_up,94,-582,12,1,33,1,1,0","human_lord,arm_low,150,-502,67,1,35,1,1,0","human_lord,fist,206,-443,45,1,35,1,1,0","human_lord,leg_up,-1,-400,42,0,9,1,1,0","human_lord,leg_low,1,-309,-22,0,12,1,1,0","human_lord,foot_cav,-20,-225,-45.6,0,13,1,1,0","human_lord,leg_up,94,-445,48.2,0,31,1,1,0","human_lord,leg_low,122,-328,0.5,0,36,1,1,0","human_lord,foot,135,-244,0.5,0,40,1,1,0","human_lord,base,66,-242,55,0,1,1.1,1.2,0","human_lord,shield,-45,-629,-17,0,1,1,1,0","human_lord,skirt,13,-467,1,0,9,1,1,0",,,,,,,,,,"horse_lord,head,372,-494,-4,0,0,1,1,0","horse_lord,neck,259,-498,-31,0,13,1,1,0","horse_lord,body_move2,-28,-271,0,0,30,1,1,0","horse_lord,arm_up,169,-189,3,0,32,1,1,0","horse_lord,arm_low,128,-111,-5,0,32,1,1,0","horse_lord,fist,127,-31,-8,0,34,1,1,0","horse_lord,arm_up,207,-219,13,0,34,1.2,1,0","horse_lord,arm_low,201,-121,1,0,37,1,1,0","horse_lord,fist,220,-37,3,0,41,1.1,1.1,0",,"horse_lord,leg_low,-281,-122,-20,0,32,1,1.2,0","horse_lord,foot,-305,-42,-44,0,33,1,1,0",,"horse_lord,leg_low,-218,-125,2,0,34,1,1,0","horse_lord,foot,-198,-34,3,0,34,1,1.1,0",,"human_lord,shield_back,92,-598,8,0,38,1,1,0","horse_lord,tail,-287,-128,-23,0,36,1,1,0","horse_lord,seat,-54,-474,20,0,8,1,1,0","horse_lord,seat,77,-468,-24,1,8,1,1,0",,,,,,,,,,,,,,,,,,,,,,,,,,,,,,,,,,,,,,,,,,,,,,,,,,,,,,,,,,,,,,,,,,,,,,,,
Attack1/13,"human_lord,head,38,-744,-2,0,6,1,1,0","human_lord,neck,3,-671,-9,0,9,1,1,0","human_lord,body,21,-581,-6.5,0,7,1,1,0","human_lord,arm_up,-72,-554,-24,0,1,1,1,0","human_lord,arm_low,-75,-448,30,0,2,1,1,0","human_lord,fist,-24,-365,34,0,0,1,1,0","human_lord,arm_up,92,-576,12,1,33,1,1,0","human_lord,arm_low,148,-496,67,1,35,1,1,0","human_lord,fist,204,-437,45,1,35,1,1,0","human_lord,leg_up,-3,-394,42,0,9,1,1,0","human_lord,leg_low,9,-303,-17,0,12,1,1,0","human_lord,foot_cav,-5,-209,-41.6,0,13,1,1,0","human_lord,leg_up,92,-439,48.2,0,31,1,1,0","human_lord,leg_low,120,-322,0.5,0,36,1,1,0","human_lord,foot,133,-238,0.5,0,40,1,1,0","human_lord,base,142,-424,115,0,1,1.1,1.2,0","human_lord,shield,-48,-608,-23,0,1,1,1,0","human_lord,skirt,11,-461,1,0,9,1,1,0",,,,,,,,,,"horse_lord,head,361,-492,-8,0,2,1,1,0","horse_lord,neck,251,-496,-28,0,15,1,1,0","horse_lord,body,-30,-271,1,0,30,1,1,0","horse_lord,arm_up,167,-189,3,0,32,1,1,0","horse_lord,arm_low,120,-114,-5,0,32,1,1,0","horse_lord,fist,121,-32,-6,0,34,1,1,0","horse_lord,arm_up,205,-219,13,0,34,1.2,1,0","horse_lord,arm_low,199,-121,1,0,37,1,1,0","horse_lord,fist,218,-37,3,0,41,1.1,1.1,0",,"horse_lord,leg_low,-273,-122,0,0,32,1,1.2,0","horse_lord,foot,-267,-30,-4,0,33,1,1,0",,"horse_lord,leg_low,-193,-125,2,0,34,1,1,0","horse_lord,foot,-173,-34,3,0,34,1,1.1,0",,"human_lord,shield_back,92,-598,10,0,38,1,1,0","horse_lord,tail,-281,-133,-16,0,36,1,1,0","horse_lord,seat,-57,-474,20,0,8,1,1,0","horse_lord,seat,67,-468,-24,1,8,1,1,0",,,,,,,,,,,,,,,,,,,,,,,,,,,,,,,,,,,,,,,,,,,,,,,,,,,,,,,,,,,,,,,,,,,,,,,,
Attack1/14,"human_lord,head,37,-727,-8,0,6,1,1,0","human_lord,neck,14,-662,-2,0,9,1,1,0","human_lord,body,14,-567,-6.5,0,7,1,1,0","human_lord,arm_up,-63,-574,-24,0,3,1,1,0","human_lord,arm_low,-43,-486,56,0,5,1,1,0","human_lord,fist,32,-443,64,0,5,1,1,0","human_lord,arm_up,82,-579,17,1,16,1,1,0","human_lord,arm_low,154,-488,60,1,18,1,1,0","human_lord,fist,218,-453,52,1,18,1,1,0","human_lord,leg_up,-8,-390,36,0,9,1,1,0","human_lord,leg_low,15,-285,-10,0,12,1,1,0","human_lord,foot_cav,23,-203,-13.6,0,13,1,1,0","human_lord,leg_up,79,-437,43.2,0,14,1,1,0","human_lord,leg_low,107,-301,-3.5,0,19,1,1,0","human_lord,foot,116,-217,-3.5,0,23,1,1,0","human_lord,base,130,-560,147.3,1,6,1,1,0","human_lord,shield,-51,-615,-23,0,3,1,1,0","human_lord,skirt,17,-458,8,0,9,1,1,0",,,,,,,,,,"horse_lord,head,358,-503,-7,0,0,1,1,0","horse_lord,neck,248,-505,-27,0,13,1,1,0","horse_lord,body,-36,-272,0,0,14,1,1,0",,"horse_lord,arm_low,180,-120,-2,0,16,1,1,0","horse_lord,fist,191,-36,2,0,18,1,1,0",,"horse_lord,arm_low,112,-127,-10,0,18,1,1,0","horse_lord,fist,114,-44,-3,0,22,1.1,1.1,0",,"horse_lord,leg_low,-238,-118,0,0,17,1,1,0","horse_lord,foot,-227,-36,2,0,19,1,1,0",,"horse_lord,leg_low,-143,-132,0,0,18,1,1,0","horse_lord,foot,-129,-43,0,0,19,1,1,0",,"human_lord,shield_back,72,-594,9,0,20,1,1,0","horse_lord,tail,-287,-138,-11,0,20,1,1,0","horse_lord,seat,-60,-454,25,0,8,1,1,0","horse_lord,seat,63,-462,-15,1,8,1,1,0",,,,,,,,,,,,,,,,,,,,,,,,,,,,,,,,,,,,,,,,,,,,,,,,,,,,,,,,,,,,,,,,,,,,,,,,
Spirit/0,"human_lord,head,-328,-677,92,0,6,1,1,0","human_lord,neck,-249,-659,88,0,9,1,1,0","human_lord,body,-174,-622,61.5,0,7,1,1,0","human_lord,arm_up,-224,-643,179,0,3,1,1,0","human_lord,arm_low,-242,-771,-150,0,5,1,1,0","human_lord,fist,-290,-845,-140,0,5,1,1,0","human_lord,arm_up,-164,-690,76,1,16,1,1,0","human_lord,arm_low,-38,-686,100,1,18,1,1,0","human_lord,fist,73,-690,92,1,18,1,1,0","human_lord,leg_up,-39,-476,65,0,9,1,1,0","human_lord,leg_low,22,-429,27,0,12,1,1,0","human_lord,foot_cav,79,-368,23.4,0,13,1,1,0","human_lord,leg_up,-25,-589,83.2,0,14,1,1,0","human_lord,leg_low,84,-504,36.5,0,19,1,1,0","human_lord,foot,145,-444,36.5,0,23,1,1,0",,,"human_lord,skirt,-84,-554,48,0,9,1,1,0",,,,,,,,,,"horse_lord,close,107,-839,91,0,0,1,1,0","horse_lord,neck,66,-734,13,0,15,1,1,0","horse_lord,body_move,-4,-386,40,0,14,1,1,0","horse_lord,arm_up,227,-587,120,0,16,1,1,0","horse_lord,arm_low,265,-557,7,0,17,1,1,0","horse_lord,fist,276,-464,-23,0,18,1,1,0","horse_lord,arm_up,168,-486,30,0,16,1,1,0","horse_lord,arm_low,238,-395,40,0,18,1,1,0","horse_lord,fist,282,-324,-21,0,22,1.1,1.1,0",,"horse_lord,leg_low,-152,-129,-8,0,17,1,1,0","horse_lord,foot,-78,-78,-27,0,19,1,1,0",,"horse_lord,leg_low,-88,-154,10,0,18,1,1,0","horse_lord,foot,-174,-54,-44,0,21,1,1,0",,,"horse_lord,tail,-158,-107,8,0,20,1,1,0","horse_lord,seat,-140,-510,65,0,8,1,1,0","horse_lord,seat,-50,-595,25,1,8,1,1,0",,,,,,,,,,,,,,,,,,,,,,,,,,,,,,,,,,,,,,,,,,,,,,,,,,,,,,,,,,,,,,,,,,,,,,"effect_fade_5,hold,effect_grey",,
Skill1/0,"human_lord,head,46,-737,-8,0,6,1,1,0","human_lord,neck,8,-666,0,0,9,1,1,0","human_lord,body,15,-573,-6.5,0,7,1,1,0","human_lord,arm_up,77,-617,115,0,3,1,1,0","human_lord,arm_low,186,-666,119,0,5,1,1,0","human_lord,fist,269,-714,120,0,5,1,1,0","human_lord,arm_up,87,-581,15,1,29,1,1,0","human_lord,arm_low,157,-493,61,1,31,1,1,0","human_lord,fist,218,-463,54,1,31,1,1,0","human_lord,leg_up,-2,-387,38,0,9,1,1,0","human_lord,leg_low,11,-289,-15,0,12,1,1,0","human_lord,foot_cav,8,-205,-24.6,0,13,1,1,0","human_lord,leg_up,81,-445,45.2,0,27,1,1,0","human_lord,leg_low,113,-309,-1.5,0,32,1,1,0","human_lord,foot,124,-225,-1.5,0,36,1,1,0","human_lord,base,227,-877,-159,0,6,1.1,1.1,0","human_lord,shield,8,-606,91,0,2,1,1,0","human_lord,skirt,16,-462,10,0,9,1,1,0",,,,,,,,,,"horse_lord,head,366,-514,9,0,0,1,1,0","horse_lord,neck,256,-499,-29,0,13,1,1,0","horse_lord,body_move,-36,-270,0,0,14,1,1,0","horse_lord,arm_up,244,-246,70,0,16,1,1,0","horse_lord,arm_low,269,-184,-3,0,17,1,1,0","horse_lord,fist,253,-115,-63,0,18,1,1,0","horse_lord,arm_up,161,-236,-10,0,16,1,1,0","horse_lord,arm_low,155,-121,0,0,18,1,1,0","horse_lord,fist,171,-42,9,0,22,1.1,1.1,0",,"horse_lord,leg_low,-246,-111,-18,0,17,1,1,0","horse_lord,foot,-248,-38,3,0,19,1,1,0",,"horse_lord,leg_low,-233,-134,-20,0,18,1,1,0","horse_lord,foot,-309,-68,-84,0,21,1,1,0",,,"horse_lord,tail,-333,-156,-32,0,20,1,1,0","horse_lord,seat,-60,-453,25,0,8,1,1,0","horse_lord,seat,63,-460,-15,1,8,1,1,0",,,,,,,,,,,,,,,,,,,,,,,,,,,,,,,,,,,,,,,,,,,,,,,,,,,,,,,,,,,,,,,,,,,,,,sprite_deal_damage,play_time_mod_0.7,
Skill1/1,"human_lord,head,35,-744,-2,0,6,1,1,0","human_lord,neck,4,-669,1,0,9,1,1,0","human_lord,body,12,-576,-5.5,0,7,1,1,0","human_lord,arm_up,73,-622,114,0,3,1,1,0","human_lord,arm_low,183,-669,118,0,5,1,1,0","human_lord,fist,267,-716,119,0,5,1,1,0","human_lord,arm_up,84,-586,16,1,29,1,1,0","human_lord,arm_low,156,-499,62,1,31,1,1,0","human_lord,fist,217,-470,55,1,31,1,1,0","human_lord,leg_up,-1,-390,39,0,9,1,1,0","human_lord,leg_low,13,-292,-14,0,12,1,1,0","human_lord,foot_cav,12,-208,-23.6,0,13,1,1,0","human_lord,leg_up,81,-450,46.2,0,27,1,1,0","human_lord,leg_low,115,-314,-0.5,0,32,1,1,0","human_lord,foot,127,-230,-0.5,0,36,1,1,0","human_lord,base,227,-879,-160,0,6,1.1,1.1,0","human_lord,shield,4,-612,90,0,2,1,1,0","human_lord,skirt,15,-466,11,0,9,1,1,0",,,,,,,,,,"horse_lord,head,358,-531,10,0,0,1,1,0","horse_lord,neck,248,-512,-27,0,13,1,1,0","horse_lord,body_move2,-36,-278,0,0,14,1,1,0","horse_lord,arm_up,252,-238,63,0,18,1,1,0","horse_lord,arm_low,304,-175,23,0,17,1,1,0","horse_lord,fist,324,-95,-27,0,18,1,1,0","horse_lord,arm_up,138,-223,-20,0,16,1,1,0","horse_lord,arm_low,112,-111,-10,0,18,1,1,0","horse_lord,fist,114,-30,-1,0,22,1.1,1.1,0",,"horse_lord,leg_low,-307,-161,-58,0,17,1,1,0","horse_lord,foot,-382,-132,-110,0,19,1,1,0",,"horse_lord,leg_low,-283,-131,-27,0,18,1,1,0","horse_lord,foot,-319,-46,-34,0,19,1,1,0",,,"horse_lord,tail,-341,-160,-32,0,20,1,1,0","horse_lord,seat,-60,-461,25,0,8,1,1,0","horse_lord,seat,63,-468,-15,1,8,1,1,0",,,,,,,,,,,,,,,,,,,,,,,,,,,,,,,,,,,,,,,,,,,,,,,,,,,,,,,,,,,,,,,,,,,,,,sprite_deal_damage,play_time_mod_0.7,"horse_gallop,1000,0"
Skill1/2,"human_lord,head,36,-748,-1,0,6,1,1,0","human_lord,neck,7,-673,1,0,9,1,1,0","human_lord,body,15,-580,-5.5,0,7,1,1,0","human_lord,arm_up,77,-631,117,0,3,1,1,0","human_lord,arm_low,184,-684,121,0,5,1,1,0","human_lord,fist,265,-734,122,0,5,1,1,0","human_lord,arm_up,87,-590,16,1,29,1,1,0","human_lord,arm_low,159,-503,62,1,31,1,1,0","human_lord,fist,220,-474,55,1,31,1,1,0","human_lord,leg_up,2,-394,39,0,9,1,1,0","human_lord,leg_low,16,-296,-14,0,12,1,1,0","human_lord,foot_cav,15,-212,-23.6,0,13,1,1,0","human_lord,leg_up,84,-454,46.2,0,27,1,1,0","human_lord,leg_low,118,-318,-0.5,0,32,1,1,0","human_lord,foot,130,-234,-0.5,0,36,1,1,0","human_lord,base,219,-896,-157,0,6,1.1,1.1,0","human_lord,shield,8,-618,93,0,2,1,1,0","human_lord,skirt,18,-470,11,0,9,1,1,0",,,,,,,,,,"horse_lord,head,368,-532,10,0,0,1,1,0","horse_lord,neck,256,-513,-28,0,13,1,1,0","horse_lord,body_move,-35,-283,-1,0,14,1,1,0","horse_lord,arm_up,251,-222,38,0,18,1.1,1,0","horse_lord,arm_low,291,-130,17,0,17,1,1,0","horse_lord,fist,316,-51,-7,0,18,1,1,0","horse_lord,arm_up,138,-228,-20,0,16,1,1,0","horse_lord,arm_low,72,-116,-20,0,18,1,1,0","horse_lord,fist,54,-35,-11,0,22,1.1,1.1,0",,"horse_lord,leg_low,-308,-171,-68,0,17,1,1,0","horse_lord,foot,-325,-117,-97,0,19,1,1,0",,"horse_lord,leg_low,-279,-165,-30,0,18,1,1,0","horse_lord,foot,-379,-151,-114,0,19,1,1,0",,,"horse_lord,tail,-341,-188,-53,0,20,1,1,0","horse_lord,seat,-60,-466,25,0,8,1,1,0","horse_lord,seat,63,-473,-15,1,8,1,1,0",,,,,,,,,,,,,,,,,,,,,,,,,,,,,,,,,,,,,,,,,,,,,,,,,,,,,,,,,,,,,,,,,,,,,,sprite_deal_damage,play_time_mod_0.7,
Skill1/3,"human_lord,head,33,-751,2,0,6,1,1,0","human_lord,neck,7,-675,2,0,9,1,1,0","human_lord,body,16,-582,-4.5,0,7,1,1,0","human_lord,arm_up,72,-633,116,0,3,1,1,0","human_lord,arm_low,180,-684,120,0,5,1,1,0","human_lord,fist,262,-733,121,0,5,1,1,0","human_lord,arm_up,88,-594,17,1,29,1,1,0","human_lord,arm_low,162,-508,63,1,31,1,1,0","human_lord,fist,223,-480,56,1,31,1,1,0","human_lord,leg_up,7,-396,40,0,9,1,1,0","human_lord,leg_low,22,-298,-13,0,12,1,1,0","human_lord,foot_cav,23,-214,-22.6,0,13,1,1,0","human_lord,leg_up,88,-458,47.2,0,27,1,1,0","human_lord,leg_low,124,-322,0.5,0,32,1,1,0","human_lord,foot,137,-238,0.5,0,36,1,1,0","human_lord,base,218,-896,-158,0,6,1.1,1.1,0","human_lord,shield,3,-621,92,0,2,1,1,0","human_lord,skirt,21,-472,12,0,9,1,1,0",,,,,,,,,,"horse_lord,head,358,-537,11,0,0,1,1,0","horse_lord,neck,250,-517,-27,0,13,1,1,0","horse_lord,body_move2,-36,-287,0,0,14,1,1,0","horse_lord,arm_up,207,-228,8,0,16,1,1,0","horse_lord,arm_low,167,-179,-72,0,16,1,1,0","horse_lord,fist,101,-133,-97,0,18,1,1,0",,"horse_lord,arm_low,88,-174,-10,0,18,1,1,0","horse_lord,fist,45,-99,-81,0,22,1.1,1.1,0",,"horse_lord,leg_low,-282,-160,50,0,17,1,1,0","horse_lord,foot,-233,-101,-38,0,19,1,1,0",,"horse_lord,leg_low,-196,-146,2,0,18,1,1,0","horse_lord,foot,-196,-67,-34,0,18,1,1,0",,,"horse_lord,tail,-339,-167,-36,0,20,1,1,0","horse_lord,seat,-60,-470,25,0,8,1,1,0","horse_lord,seat,63,-477,-15,1,8,1,1,0",,,,,,,,,,,,,,,,,,,,,,,,,,,,,,,,,,,,,,,,,,,,,,,,,,,,,,,,,,,,,,,,,,,,,,sprite_deal_damage,play_time_mod_0.7,
Skill1/4,"human_lord,head,39,-744,-2,0,6,1,1,0","human_lord,neck,8,-669,1,0,9,1,1,0","human_lord,body,16,-576,-5.5,0,7,1,1,0","human_lord,arm_up,68,-624,114,0,3,1,1,0","human_lord,arm_low,178,-671,118,0,5,1,1,0","human_lord,fist,262,-718,119,0,5,1,1,0","human_lord,arm_up,88,-586,16,1,29,1,1,0","human_lord,arm_low,160,-499,62,1,31,1,1,0","human_lord,fist,221,-470,55,1,31,1,1,0","human_lord,leg_up,3,-390,39,0,9,1,1,0","human_lord,leg_low,17,-292,-14,0,12,1,1,0","human_lord,foot_cav,16,-208,-23.6,0,13,1,1,0","human_lord,leg_up,85,-450,46.2,0,27,1,1,0","human_lord,leg_low,119,-314,-0.5,0,32,1,1,0","human_lord,foot,131,-230,-0.5,0,36,1,1,0","human_lord,base,222,-881,-160,0,6,1.1,1.1,0","human_lord,shield,-1,-614,90,0,2,1,1,0","human_lord,skirt,19,-466,11,0,9,1,1,0",,,,,,,,,,"horse_lord,head,364,-518,13,0,0,1,1,0","horse_lord,neck,252,-498,-32,0,13,1,1,0","horse_lord,body_move,-36,-277,1,0,14,1,1,0","horse_lord,arm_up,207,-238,38,0,16,1,1,0","horse_lord,arm_low,195,-166,-32,0,16,1,1,0","horse_lord,fist,149,-97,-67,0,18,1,1,0",,"horse_lord,arm_low,219,-190,60,0,21,1,1,0","horse_lord,fist,244,-146,-51,0,25,1.1,1.1,0",,"horse_lord,leg_low,-237,-151,45,0,16,1,1,0","horse_lord,foot,-206,-83,-38,0,17,1,1,0",,"horse_lord,leg_low,-155,-123,27,0,18,1,1,0","horse_lord,foot,-135,-47,-24,0,18,1,1,0",,,"horse_lord,tail,-322,-166,-24,0,20,1,1,0","horse_lord,seat,-60,-460,25,0,8,1,1,0","horse_lord,seat,63,-467,-15,1,8,1,1,0",,,,,,,,,,,,,,,,,,,,,,,,,,,,,,,,,,,,,,,,,,,,,,,,,,,,,,,,,,,,,,,,,,,,,,sprite_deal_damage,play_time_mod_0.7,
Skill1/5,"human_lord,head,48,-735,-5,0,6,1,1,0","human_lord,neck,15,-661,0,0,9,1,1,0","human_lord,body,22,-568,-6.5,0,7,1,1,0","human_lord,arm_up,66,-616,113,0,3,1,1,0","human_lord,arm_low,177,-661,117,0,5,1,1,0","human_lord,fist,261,-707,118,0,5,1,1,0","human_lord,arm_up,94,-576,15,1,29,1,1,0","human_lord,arm_low,164,-488,61,1,31,1,1,0","human_lord,fist,225,-458,54,1,31,1,1,0","human_lord,leg_up,5,-382,38,0,9,1,1,0","human_lord,leg_low,18,-284,-15,0,12,1,1,0","human_lord,foot_cav,15,-200,-24.6,0,13,1,1,0","human_lord,leg_up,88,-440,45.2,0,27,1,1,0","human_lord,leg_low,120,-304,-1.5,0,32,1,1,0","human_lord,foot,131,-220,-1.5,0,36,1,1,0","human_lord,base,224,-870,-161,0,6,1.1,1.1,0","human_lord,shield,-3,-607,89,0,2,1,1,0","human_lord,skirt,23,-458,10,0,9,1,1,0",,,,,,,,,,"horse_lord,head,374,-506,13,0,0,1,1,0","horse_lord,neck,253,-493,-32,0,13,1,1,0","horse_lord,body_move2,-34,-266,1,0,14,1,1,0","horse_lord,arm_up,207,-217,28,0,16,1,1,0","horse_lord,arm_low,185,-156,-52,0,16,1,1,0","horse_lord,fist,117,-118,-107,0,18,1,1,0","horse_lord,arm_up,259,-256,70,0,18,1.2,1,0","horse_lord,arm_low,290,-194,0,0,21,1,1,0","horse_lord,fist,272,-120,-61,0,25,1.1,1.1,0",,"horse_lord,leg_low,-186,-110,25,0,16,1,1,0","horse_lord,foot,-148,-31,2,0,17,1,1,0",,"horse_lord,leg_low,-95,-123,47,0,18,1,1,0","horse_lord,foot,-63,-60,-24,0,18,1,1,0",,,"horse_lord,tail,-318,-143,-24,0,20,1,1,0","horse_lord,seat,-60,-450,25,0,8,1,1,0","horse_lord,seat,63,-457,-15,1,8,1,1,0",,,,,,,,,,,,,,,,,,,,,,,,,,,,,,,,,,,,,,,,,,,,,,,,,,,,,,,,,,,,,,,,,,,,,,sprite_deal_damage,play_time_mod_0.7,"horse_gallop,1000,0"
Skill1/6,"human_lord,head,53,-733,-7,0,6,1,1,0","human_lord,neck,18,-662,-1,0,9,1,1,0","human_lord,body,24,-569,-7.5,0,7,1,1,0","human_lord,arm_up,64,-612,112,0,3,1,1,0","human_lord,arm_low,176,-655,116,0,5,1,1,0","human_lord,fist,260,-700,117,0,5,1,1,0","human_lord,arm_up,96,-575,14,1,29,1,1,0","human_lord,arm_low,164,-486,60,1,31,1,1,0","human_lord,fist,225,-455,53,1,31,1,1,0","human_lord,leg_up,3,-383,37,0,9,1,1,0","human_lord,leg_low,15,-285,-16,0,12,1,1,0","human_lord,foot_cav,10,-201,-25.6,0,13,1,1,0","human_lord,leg_up,87,-439,44.2,0,27,1,1,0","human_lord,leg_low,117,-303,-2.5,0,32,1,1,0","human_lord,foot,127,-219,-2.5,0,36,1,1,0","human_lord,base,226,-863,-162,0,6,1.1,1.1,0","human_lord,shield,-5,-604,88,0,2,1,1,0","human_lord,skirt,23,-459,9,0,9,1,1,0",,,,,,,,,,"horse_lord,head,392,-492,9,0,0,1,1,0","horse_lord,neck,268,-486,-36,0,12,1,1,0","horse_lord,body_move,-34,-272,0,0,14,1,1,0","horse_lord,arm_up,162,-179,4,0,16,1,1,0","horse_lord,arm_low,134,-104,-22,0,16,1,1,0","horse_lord,fist,97,-29,-47,0,18,1,1,0","horse_lord,arm_up,227,-211,27,0,18,1.2,1,0","horse_lord,arm_low,248,-120,9,0,21,1,1,0","horse_lord,fist,267,-33,-1,0,25,1.1,1.1,0",,"horse_lord,leg_low,-266,-159,-15,0,16,1,1,0","horse_lord,foot,-298,-84,-58,0,17,1,1,0",,"horse_lord,leg_low,-193,-131,7,0,18,1,1,0","horse_lord,foot,-212,-69,-79,0,18,1,1.1,0",,,"horse_lord,tail,-339,-158,-40,0,20,1,1,0","horse_lord,seat,-60,-456,25,0,8,1,1,0","horse_lord,seat,63,-463,-15,1,8,1,1,0",,,,,,,,,,,,,,,,,,,,,,,,,,,,,,,,,,,,,,,,,,,,,,,,,,,,,,,,,,,,,,,,,,,,,,sprite_deal_damage,play_time_mod_0.7,
Skill1/7,"human_lord,head,42,-746,-2,0,6,1,1,0","human_lord,neck,11,-671,1,0,9,1,1,0","human_lord,body,19,-578,-5.5,0,7,1,1,0","human_lord,arm_up,66,-618,113,0,3,1,1,0","human_lord,arm_low,177,-663,117,0,5,1,1,0","human_lord,fist,261,-709,118,0,5,1,1,0","human_lord,arm_up,91,-588,16,1,29,1,1,0","human_lord,arm_low,163,-501,62,1,31,1,1,0","human_lord,fist,224,-472,55,1,31,1,1,0","human_lord,leg_up,6,-392,39,0,9,1,1,0","human_lord,leg_low,20,-294,-14,0,12,1,1,0","human_lord,foot_cav,19,-210,-23.6,0,13,1,1,0","human_lord,leg_up,88,-452,46.2,0,27,1,1,0","human_lord,leg_low,122,-316,-0.5,0,32,1,1,0","human_lord,foot,134,-232,-0.5,0,36,1,1,0","human_lord,base,224,-872,-161,0,6,1.1,1.1,0","human_lord,shield,-3,-609,89,0,2,1,1,0","human_lord,skirt,22,-468,11,0,9,1,1,0",,,,,,,,,,"horse_lord,head,374,-530,14,0,0,1,1,0","horse_lord,neck,254,-510,-28,0,13,1,1,0","horse_lord,body_move2,-28,-281,1,0,14,1,1,0","horse_lord,arm_up,162,-189,4,0,16,1,1,0","horse_lord,arm_low,104,-124,-82,0,16,1,1,0","horse_lord,fist,27,-109,-107,0,18,1,1,0","horse_lord,arm_up,196,-221,-13,0,18,1.2,1,0","horse_lord,arm_low,150,-130,-30,0,21,1,1,0","horse_lord,fist,117,-43,-31,0,25,1.1,1.1,0",,"horse_lord,leg_low,-276,-189,-55,0,16,1,1,0","horse_lord,foot,-328,-124,-48,0,17,1,1,0",,"horse_lord,leg_low,-224,-171,37,0,18,1,1,0","horse_lord,foot,-224,-106,-53,0,18,1,1.2,0",,,"horse_lord,tail,-329,-160,-50,0,20,1,1,0","horse_lord,seat,-60,-466,25,0,8,1,1,0","horse_lord,seat,63,-473,-15,1,8,1,1,0",,,,,,,,,,,,,,,,,,,,,,,,,,,,,,,,,,,,,,,,,,,,,,,,,,,,,,,,,,,,,,,,,,,,,,sprite_deal_damage,play_time_mod_0.7,
Skill1/8,"human_lord,head,30,-754,0,0,6,1,1,0","human_lord,neck,5,-677,3,0,9,1,1,0","human_lord,body,15,-584,-3.5,0,7,1,1,0","human_lord,arm_up,62,-628,114,0,3,1,1,0","human_lord,arm_low,172,-675,118,0,5,1,1,0","human_lord,fist,256,-722,119,0,5,1,1,0","human_lord,arm_up,87,-598,18,1,29,1,1,0","human_lord,arm_low,163,-513,64,1,31,1,1,0","human_lord,fist,224,-486,57,1,31,1,1,0","human_lord,leg_up,10,-398,41,0,9,1,1,0","human_lord,leg_low,26,-301,-12,0,12,1,1,0","human_lord,foot_cav,29,-217,-21.6,0,13,1,1,0","human_lord,leg_up,90,-462,48.2,0,27,1,1,0","human_lord,leg_low,128,-326,1.5,0,32,1,1,0","human_lord,foot,142,-243,1.5,0,36,1,1,0","human_lord,base,216,-885,-160,0,6,1.1,1.1,0","human_lord,shield,-7,-618,90,0,2,1,1,0","human_lord,skirt,22,-474,13,0,9,1,1,0",,,,,,,,,,"horse_lord,head,380,-547,20,0,0,1,1,0","horse_lord,neck,260,-522,-29,0,13,1,1,0","horse_lord,body_move,-28,-288,1,0,14,1,1,0","horse_lord,arm_up,212,-216,24,0,16,1,1,0","horse_lord,arm_low,180,-164,-60,0,16,1,1,0","horse_lord,fist,118,-106,-57,0,18,1,1,0","horse_lord,arm_up,154,-209,-33,0,18,1.2,1,0","horse_lord,arm_low,80,-139,-50,0,21,1,1,0","horse_lord,fist,19,-69,-51,0,25,1.1,1.1,0",,"horse_lord,leg_low,-241,-206,-25,0,16,1,1,0","horse_lord,foot,-277,-131,-48,0,17,1,1,0",,"horse_lord,leg_low,-183,-198,37,0,18,1,1,0","horse_lord,foot,-153,-116,-12,0,18,1,1.1,0",,,"horse_lord,tail,-327,-167,-20,0,20,1,1,0","horse_lord,seat,-60,-473,25,0,8,1,1,0","horse_lord,seat,63,-480,-15,1,8,1,1,0",,,,,,,,,,,,,,,,,,,,,,,,,,,,,,,,,,,,,,,,,,,,,,,,,,,,,,,,,,,,,,,,,,,,,,sprite_deal_damage,play_time_mod_0.7,
Skill1/9,"human_lord,head,37,-749,-1,0,6,1,1,0","human_lord,neck,8,-673,2,0,9,1,1,0","human_lord,body,17,-580,-4.5,0,7,1,1,0","human_lord,arm_up,62,-623,114,0,3,1,1,0","human_lord,arm_low,172,-670,118,0,5,1,1,0","human_lord,fist,256,-717,119,0,5,1,1,0","human_lord,arm_up,89,-592,17,1,29,1,1,0","human_lord,arm_low,163,-506,63,1,31,1,1,0","human_lord,fist,224,-478,56,1,31,1,1,0","human_lord,leg_up,8,-394,40,0,9,1,1,0","human_lord,leg_low,23,-296,-13,0,12,1,1,0","human_lord,foot_cav,24,-212,-22.6,0,13,1,1,0","human_lord,leg_up,91,-456,47.2,0,27,1,1,0","human_lord,leg_low,125,-320,0.5,0,32,1,1,0","human_lord,foot,138,-236,0.5,0,36,1,1,0","human_lord,base,216,-880,-160,0,6,1.1,1.1,0","human_lord,shield,-7,-613,90,0,2,1,1,0","human_lord,skirt,22,-470,12,0,9,1,1,0",,,,,,,,,,"horse_lord,head,376,-539,20,0,0,1,1,0","horse_lord,neck,258,-515,-31,0,13,1,1,0","horse_lord,body_move2,-28,-278,3,0,14,1,1,0","horse_lord,arm_up,242,-226,44,0,16,1,1,0","horse_lord,arm_low,250,-154,-20,0,16,1,1,0","horse_lord,fist,218,-86,-57,0,18,1,1,0","horse_lord,arm_up,195,-259,87,0,18,1.2,1,0","horse_lord,arm_low,260,-221,40,0,21,1,1,0","horse_lord,fist,291,-163,-21,0,25,1.1,1.1,0",,"horse_lord,leg_low,-297,-121,-15,0,16,1,1,0","horse_lord,foot,-296,-35,-8,0,17,1,1,0",,"horse_lord,leg_low,-181,-154,37,0,18,1,1,0","horse_lord,foot,-135,-78,6,0,18,1,1.1,0",,,"horse_lord,tail,-312,-146,-20,0,20,1,1,0","horse_lord,seat,-60,-463,25,0,8,1,1,0","horse_lord,seat,63,-470,-15,1,8,1,1,0",,,,,,,,,,,,,,,,,,,,,,,,,,,,,,,,,,,,,,,,,,,,,,,,,,,,,,,,,,,,,,,,,,,,,,sprite_deal_damage,play_time_mod_0.7,
Skill1/10,"human_lord,head,39,-749,-3,0,6,1,1,0","human_lord,neck,10,-673,2,0,9,1,1,0","human_lord,body,19,-580,-4.5,0,7,1,1,0","human_lord,arm_up,62,-620,115,0,3,1,1,0","human_lord,arm_low,171,-669,119,0,5,1,1,0","human_lord,fist,254,-717,120,0,5,1,1,0","human_lord,arm_up,91,-592,17,1,29,1,1,0","human_lord,arm_low,165,-506,63,1,31,1,1,0","human_lord,fist,226,-478,56,1,31,1,1,0","human_lord,leg_up,10,-394,40,0,9,1,1,0","human_lord,leg_low,25,-296,-13,0,12,1,1,0","human_lord,foot_cav,26,-212,-22.6,0,13,1,1,0","human_lord,leg_up,93,-456,47.2,0,27,1,1,0","human_lord,leg_low,127,-320,0.5,0,32,1,1,0","human_lord,foot,140,-236,0.5,0,36,1,1,0","human_lord,base,212,-880,-159,0,6,1.1,1.1,0","human_lord,shield,-7,-609,91,0,2,1,1,0","human_lord,skirt,24,-470,12,0,9,1,1,0",,,,,,,,,,"horse_lord,head,382,-532,18,0,0,1,1,0","horse_lord,neck,264,-509,-32,0,13,1,1,0","horse_lord,body_move2,-28,-275,2,0,14,1,1,0","horse_lord,arm_up,222,-226,34,0,16,1,1,0","horse_lord,arm_low,254,-151,20,0,16,1,1,0","horse_lord,fist,279,-66,-7,0,18,1,1,0","horse_lord,arm_up,235,-261,87,0,18,1.2,1,0","horse_lord,arm_low,280,-221,20,0,21,1,1,0","horse_lord,fist,289,-152,-41,0,25,1.1,1.1,0",,"horse_lord,leg_low,-329,-127,-33,0,16,1,1.1,0","horse_lord,foot,-357,-35,-13,0,17,1,1,0",,"horse_lord,leg_low,-201,-134,27,0,18,1,1,0","horse_lord,foot,-165,-48,-4,0,18,1,1.1,0",,,"horse_lord,tail,-312,-146,-20,0,20,1,1,0","horse_lord,seat,-60,-463,25,0,8,1,1,0","horse_lord,seat,63,-470,-15,1,8,1,1,0",,,,,,,,,,,,,,,,,,,,,,,,,,,,,,,,,,,,,,,,,,,,,,,,,,,,,,,,,,,,,,,,,,,,,,sprite_deal_damage,play_time_mod_0.7,
Skill1End/0,"human_lord,head,54,-727,-3,0,6,1,1,0","human_lord,neck,30,-663,-1,0,9,1,1,0","human_lord,body,29,-578,-11.5,0,7,1,1,0","human_lord,arm_up,88,-638,115,0,3,1,1,0","human_lord,arm_low,197,-687,119,0,5,1,1,0","human_lord,fist,280,-735,120,0,5,1,1,0","human_lord,arm_up,80,-590,23,1,30,1,1,0","human_lord,arm_low,156,-498,57,1,32,1,1,0","human_lord,fist,220,-454,52,1,32,1,1,0","human_lord,leg_up,-8,-390,36,0,9,1,1,0","human_lord,leg_low,10,-285,-13,0,12,1,1,0","human_lord,foot_cav,15,-203,-16.6,0,13,1,1,0","human_lord,leg_up,79,-437,43.2,0,31,1,1,0","human_lord,leg_low,107,-301,-3.5,0,33,1,1,0","human_lord,foot,116,-217,-3.5,0,37,1,1,0","human_lord,swing,248,-900,-165,0,6,1.1,1.1,0","human_lord,shield,19,-627,91,0,2,1,1,0","human_lord,skirt,9,-456,0,0,9,1,1,0",,,,,,,,,,"horse_lord,head,397,-475,7,0,10,1,1,0","horse_lord,neck,277,-474,-43,0,25,1,1,0","horse_lord,body_move2,-30,-276,1,0,26,1,1,0","horse_lord,arm_up,219,-222,33,0,28,1,1,0","horse_lord,arm_low,250,-147,19,0,28,1,1,0","horse_lord,fist,273,-61,-8,0,30,1,1,0","horse_lord,arm_up,233,-257,86,0,30,1.2,1,0","horse_lord,arm_low,277,-216,19,0,33,1,1,0","horse_lord,fist,285,-147,-42,0,37,1.1,1.1,0",,"horse_lord,leg_low,-341,-128,-32,0,28,1,1,0","horse_lord,foot,-363,-43,-14,0,29,1,1,0",,"horse_lord,leg_low,-206,-138,26,0,30,1,1,0","horse_lord,foot,-171,-51,-5,0,30,1,1.1,0",,"human_lord,shield_back,75,-609,10,0,32,1,1,0","horse_lord,tail,-316,-152,-21,0,32,1,1,0","horse_lord,seat,-59,-464,24,0,8,1,1,0","horse_lord,seat,64,-469,-16,1,8,1,1,0",,,,,,,,,,,,,,,,,,,,,,,,,,,,,,,,,,,,,,,,,,,,,,,,,,,,,,,,,,,,,,,,,,,,,,sprite_deal_damage,,
Skill1End/1,"human_lord,head,83,-737,-17,0,6,1,1,0","human_lord,neck,40,-674,-5,0,9,1,1,0","human_lord,body,34,-585,-18.5,0,7,1,1,0","human_lord,arm_up,85,-625,64,0,1,1,1,0","human_lord,arm_low,205,-563,65,0,2,1,1,0","human_lord,fist,283,-507,38,0,0,1,1,0","human_lord,arm_up,94,-592,6,1,33,1,1,0","human_lord,arm_low,151,-492,52,1,35,1,1,0","human_lord,fist,206,-453,45,1,35,1,1,0","human_lord,leg_up,1,-400,43,0,9,1,1,0","human_lord,leg_low,11,-307,-17,0,12,1,1,0","human_lord,foot_cav,11,-223,-26.6,0,13,1,1,0","human_lord,leg_up,88,-445,47.2,0,31,1,1,0","human_lord,leg_low,122,-328,0.5,0,36,1,1,0","human_lord,foot,135,-244,0.5,0,40,1,1,0","human_lord,swing,452,-543,110,0,1,1.1,1.1,0","human_lord,shield,25,-638,87,0,1,1,1,0","human_lord,skirt,6,-468,-5,0,9,1,1,0",,,,,,,,,,"horse_lord,head,414,-461,4,0,10,1,1,0","horse_lord,neck,294,-466,-48,0,25,1,1,0","horse_lord,body_move,-30,-276,0,0,26,1,1,0","horse_lord,arm_up,199,-189,13,0,28,1,1,0","horse_lord,arm_low,208,-108,7,0,28,1,1,0","horse_lord,fist,213,-32,-8,0,30,1,1,0","horse_lord,arm_up,233,-226,43,0,30,1.2,1,0","horse_lord,arm_low,270,-144,19,0,33,1,1,0","horse_lord,fist,285,-57,-22,0,37,1.1,1.1,0",,"horse_lord,leg_low,-342,-138,-35,0,28,1,1.2,0","horse_lord,foot,-393,-53,-47,0,29,1,1,0",,"horse_lord,leg_low,-236,-118,-4,0,30,1,1,0","horse_lord,foot,-241,-34,-15,0,30,1,1.1,0",,"human_lord,shield_back,81,-600,11,0,35,1,1,0","horse_lord,tail,-337,-164,-36,0,32,1,1,0","horse_lord,seat,-57,-464,24,0,8,1,1,0","horse_lord,seat,66,-469,-16,1,8,1,1,0",,,,,,,,,,,,,,,,,,,,,,,,,,,,,,,,,,,,,,,,,,,,,,,,,,,,,,,,,,,,,,,,,,,,,,sprite_deal_damage,,"horse_gallop,1000,0"
Skill1End/2,"human_lord,head,100,-727,-25,0,6,1,1,0","human_lord,neck,50,-670,-25,0,9,1,1,0","human_lord,body,36,-570,-19.5,0,7,1,1,0","human_lord,arm_up,45,-573,54,0,1,1,1,0","human_lord,arm_low,138,-495,54,0,2,1,1,0","human_lord,fist,212,-425,38,0,0,1,1,0","human_lord,arm_up,92,-582,13,1,33,1,1,0","human_lord,arm_low,159,-482,55,1,35,1,1,0","human_lord,fist,206,-443,45,1,35,1,1,0","human_lord,leg_up,1,-400,43,0,9,1,1,0","human_lord,leg_low,7,-307,-21,0,12,1,1,0","human_lord,foot_cav,0,-226,-30.6,0,13,1,1,0","human_lord,leg_up,94,-445,48.2,0,31,1,1,0","human_lord,leg_low,122,-328,0.5,0,36,1,1,0","human_lord,foot,135,-244,0.5,0,40,1,1,0","human_lord,swing,416,-390,83,0,1,1.1,1.3,0","human_lord,shield,9,-604,57,0,1,1,1,0","human_lord,skirt,6,-464,-5,0,9,1,1,0",,,,,,,,,,"horse_lord,head,426,-443,10,0,10,1,1,0","horse_lord,neck,306,-446,-52,0,25,1,1,0","horse_lord,body_move,-30,-276,-2,0,26,1,1,0","horse_lord,arm_up,179,-189,3,0,28,1,1,0","horse_lord,arm_low,170,-107,-3,0,28,1,1,0","horse_lord,fist,175,-31,-8,0,30,1,1,0","horse_lord,arm_up,222,-219,22,0,30,1.2,1,0","horse_lord,arm_low,230,-125,-1,0,33,1,1,0","horse_lord,fist,245,-37,-2,0,37,1.1,1.1,0",,"horse_lord,leg_low,-352,-138,-35,0,28,1,1.2,0","horse_lord,foot,-411,-57,-53,0,29,1,1,0",,"horse_lord,leg_low,-259,-118,-16,0,30,1,1,0","horse_lord,foot,-280,-34,-38,0,30,1,1.1,0",,"human_lord,shield_back,81,-596,11,0,35,1,1,0","horse_lord,tail,-337,-176,-41,0,32,1,1,0","horse_lord,seat,-48,-469,19,0,8,1,1,0","horse_lord,seat,75,-464,-21,1,8,1,1,0",,,,,,,,,,,,,,,,,,,,,,,,,,,,,,,,,,,,,,,,,,,,,,,,,,,,,,,,,,,,,,,,,,,,,,"sprite_deal_damage,play_time_mod_0.5",,"pierce,1000,0"
Skill1End/3,"human_lord,head,90,-730,-18,0,6,1,1,0","human_lord,neck,45,-673,-9,0,9,1,1,0","human_lord,body,37,-573,-18.5,0,7,1,1,0","human_lord,arm_up,-18,-564,4,0,1,1,1,0","human_lord,arm_low,-18,-436,4,0,2,1,1,0","human_lord,fist,-23,-352,-12,0,0,1,1,0","human_lord,arm_up,102,-572,-7,1,33,1,1,0","human_lord,arm_low,157,-482,65,1,35,1,1,0","human_lord,fist,206,-443,45,1,35,1,1,0","human_lord,leg_up,1,-400,43,0,9,1,1,0","human_lord,leg_low,2,-307,-27,0,12,1,1,0","human_lord,foot_cav,-20,-226,-40.6,0,13,1,1,0","human_lord,leg_up,94,-445,48.2,0,31,1,1,0","human_lord,leg_low,122,-328,0.5,0,36,1,1,0","human_lord,foot,135,-244,0.5,0,40,1,1,0","human_lord,swing,88,-193,39,0,1,1.1,1.2,0","human_lord,shield,-13,-622,-3,0,1,1,1,0","human_lord,skirt,14,-467,0,0,9,1,1,0",,,,,,,,,,"horse_lord,head,426,-442,9,0,10,1,1,0","horse_lord,neck,306,-447,-53,0,25,1,1,0","horse_lord,body_move2,-29,-276,-2,0,26,1,1,0","horse_lord,arm_up,169,-189,3,0,28,1,1,0","horse_lord,arm_low,164,-107,-3,0,28,1,1,0","horse_lord,fist,165,-31,-8,0,30,1,1,0","horse_lord,arm_up,219,-219,12,0,30,1.2,1,0","horse_lord,arm_low,220,-125,-1,0,33,1,1,0","horse_lord,fist,235,-37,-2,0,37,1.1,1.1,0",,"horse_lord,leg_low,-349,-138,-35,0,28,1,1.2,0","horse_lord,foot,-404,-54,-47,0,29,1,1,0",,"horse_lord,leg_low,-271,-125,-12,0,30,1,1,0","horse_lord,foot,-280,-34,-17,0,30,1,1.1,0",,"human_lord,shield_back,111,-583,1,0,35,1,1,0","horse_lord,tail,-337,-164,-30,0,32,1,1,0","horse_lord,seat,-41,-471,17,0,8,1,1,0","horse_lord,seat,82,-462,-23,1,8,1,1,0",,,,,,,,,,,,,,,,,,,,,,,,,,,,,,,,,,,,,,,,,,,,,,,,,,,,,,,,,,,,,,,,,,,,,,"play_time_mod_0.2,sprite_deal_damage",,
Skill1End/4,"human_lord,head,90,-730,-18,0,6,1,1,0","human_lord,neck,45,-673,-9,0,9,1,1,0","human_lord,body,37,-573,-18.5,0,7,1,1,0","human_lord,arm_up,-18,-564,4,0,1,1,1,0","human_lord,arm_low,-18,-436,4,0,2,1,1,0","human_lord,fist,-23,-352,-12,0,0,1,1,0","human_lord,arm_up,102,-572,-7,1,33,1,1,0","human_lord,arm_low,157,-482,65,1,35,1,1,0","human_lord,fist,206,-443,45,1,35,1,1,0","human_lord,leg_up,1,-400,43,0,9,1,1,0","human_lord,leg_low,2,-307,-27,0,12,1,1,0","human_lord,foot_cav,-20,-226,-40.6,0,13,1,1,0","human_lord,leg_up,94,-445,48.2,0,31,1,1,0","human_lord,leg_low,122,-328,0.5,0,36,1,1,0","human_lord,foot,135,-244,0.5,0,40,1,1,0","human_lord,swing,88,-193,39,0,1,1.1,1.2,0","human_lord,shield,-13,-622,-3,0,1,1,1,0","human_lord,skirt,14,-467,0,0,9,1,1,0",,,,,,,,,,"horse_lord,head,426,-442,4,0,10,1,1,0","horse_lord,neck,306,-447,-53,0,25,1,1,0","horse_lord,body_move,-29,-276,-3,0,26,1,1,0","horse_lord,arm_up,169,-189,3,0,28,1,1,0","horse_lord,arm_low,164,-107,-3,0,28,1,1,0","horse_lord,fist,165,-31,-8,0,30,1,1,0","horse_lord,arm_up,219,-219,13,0,30,1.2,1,0","horse_lord,arm_low,220,-125,-1,0,33,1,1,0","horse_lord,fist,235,-37,-2,0,37,1.1,1.1,0",,"horse_lord,leg_low,-356,-152,-32,0,28,1,1.2,0","horse_lord,foot,-414,-71,-54,0,29,1,1,0",,"horse_lord,leg_low,-271,-125,-12,0,30,1,1,0","horse_lord,foot,-280,-34,-17,0,30,1,1.1,0",,"human_lord,shield_back,112,-584,-20,0,35,1,1,0","horse_lord,tail,-337,-174,-20,0,32,1,1,0","horse_lord,seat,-41,-472,16,0,8,1,1,0","horse_lord,seat,82,-461,-24,1,8,1,1,0",,,,,,,,,,,,,,,,,,,,,,,,,,,,,,,,,,,,,,,,,,,,,,,,,,,,,,,,,,,,,,,,,,,,,,"sprite_deal_damage,play_time_mod_0.1",,
Skill1End/5,"human_lord,head,94,-748,-9,0,6,1,1,0","human_lord,neck,45,-673,-9,0,9,1,1,0","human_lord,body,40,-580,-18.5,0,7,1,1,0","human_lord,arm_up,-32,-564,-26,0,1,1,1,0","human_lord,arm_low,-95,-453,-26,0,2,1,1,0","human_lord,fist,-142,-383,-42,0,0,1,1,0","human_lord,arm_up,102,-572,-7,1,33,1,1,0","human_lord,arm_low,157,-482,65,1,35,1,1,0","human_lord,fist,206,-443,45,1,35,1,1,0","human_lord,leg_up,1,-400,46,0,9,1,1,0","human_lord,leg_low,1,-309,-33,0,12,1,1,0","human_lord,foot_cav,-25,-230,-45.6,0,13,1,1,0","human_lord,leg_up,94,-445,48.2,0,31,1,1,0","human_lord,leg_low,122,-328,0.5,0,36,1,1,0","human_lord,foot,135,-244,0.5,0,40,1,1,0","human_lord,swing,-125,-191,9,0,1,1.1,1.2,0","human_lord,shield,2,-613,-33,0,1,1,1,0","human_lord,skirt,15,-467,1,0,9,1,1,0",,,,,,,,,,"horse_lord,head,426,-436,2,0,10,1,1,0","horse_lord,neck,306,-446,-53,0,25,1,1,0","horse_lord,body_move,-26,-276,-3,0,26,1,1,0","horse_lord,arm_up,169,-189,3,0,28,1,1,0","horse_lord,arm_low,158,-107,-5,0,28,1,1,0","horse_lord,fist,154,-31,-8,0,30,1,1,0","horse_lord,arm_up,221,-219,19,0,30,1.2,1,0","horse_lord,arm_low,220,-125,-5,0,33,1,1,0","horse_lord,fist,230,-37,-2,0,37,1.1,1.1,0",,"horse_lord,leg_low,-346,-155,-29,0,28,1,1.2,0","horse_lord,foot,-394,-69,-51,0,29,1,1,0",,"horse_lord,leg_low,-273,-125,-15,0,30,1,1,0","horse_lord,foot,-282,-34,-14,0,30,1,1.1,0",,"human_lord,shield_back,112,-588,-22,0,35,1,1,0","horse_lord,tail,-337,-174,-20,0,32,1,1,0","horse_lord,seat,-39,-475,13,0,8,1,1,0","horse_lord,seat,84,-458,-27,1,8,1,1,0",,,,,,,,,,,,,,,,,,,,,,,,,,,,,,,,,,,,,,,,,,,,,,,,,,,,,,,,,,,,,,,,,,,,,,play_time_mod_0.5,,
Skill1End/6,"human_lord,head,72,-748,0,0,6,1,1,0","human_lord,neck,45,-673,-9,0,9,1,1,0","human_lord,body,37,-580,-16.5,0,7,1,1,0","human_lord,arm_up,-32,-570,-30,0,1,1,1,0","human_lord,arm_low,-93,-463,-20,0,2,1,1,0","human_lord,fist,-127,-374,-16,0,0,1,1,0","human_lord,arm_up,104,-572,2,1,33,1,1,0","human_lord,arm_low,161,-482,67,1,35,1,1,0","human_lord,fist,206,-443,45,1,35,1,1,0","human_lord,leg_up,-1,-400,42,0,9,1,1,0","human_lord,leg_low,1,-309,-22,0,12,1,1,0","human_lord,foot_cav,-20,-225,-45.6,0,13,1,1,0","human_lord,leg_up,94,-445,48.2,0,31,1,1,0","human_lord,leg_low,122,-328,0.5,0,36,1,1,0","human_lord,foot,135,-244,0.5,0,40,1,1,0","human_lord,base,-22,-218,35,0,1,1.1,1.2,0","human_lord,shield,6,-619,-37,0,1,1,1,0","human_lord,skirt,15,-467,1,0,9,1,1,0",,,,,,,,,,"horse_lord,head,425,-436,-1,0,10,1,1,0","horse_lord,neck,306,-446,-53,0,25,1,1,0","horse_lord,body_move2,-26,-276,-3,0,26,1,1,0","horse_lord,arm_up,169,-189,3,0,28,1,1,0","horse_lord,arm_low,152,-107,-5,0,28,1,1,0","horse_lord,fist,147,-31,-8,0,30,1,1,0","horse_lord,arm_up,219,-219,21,0,30,1.2,1,0","horse_lord,arm_low,216,-121,-10,0,33,1,1,0","horse_lord,fist,230,-37,3,0,37,1.1,1.1,0",,"horse_lord,leg_low,-341,-144,-30,0,28,1,1.2,0","horse_lord,foot,-395,-62,-64,0,29,1,1,0",,"horse_lord,leg_low,-273,-125,-18,0,30,1,1,0","horse_lord,foot,-284,-34,-17,0,30,1,1.1,0",,"human_lord,shield_back,112,-588,-12,0,35,1,1,0","horse_lord,tail,-337,-168,-36,0,32,1,1,0","horse_lord,seat,-42,-475,13,0,8,1,1,0","horse_lord,seat,81,-458,-27,1,8,1,1,0",,,,,,,,,,,,,,,,,,,,,,,,,,,,,,,,,,,,,,,,,,,,,,,,,,,,,,,,,,,,,,,,,,,,,,,,
Skill1End/7,"human_lord,head,32,-752,0,0,6,1,1,0","human_lord,neck,5,-677,-9,0,9,1,1,0","human_lord,body,14,-587,-6.5,0,7,1,1,0","human_lord,arm_up,-64,-570,-10,0,1,1,1,0","human_lord,arm_low,-84,-448,0,0,2,1,1,0","human_lord,fist,-86,-353,4,0,0,1,1,0","human_lord,arm_up,94,-582,12,1,33,1,1,0","human_lord,arm_low,150,-502,67,1,35,1,1,0","human_lord,fist,206,-443,45,1,35,1,1,0","human_lord,leg_up,-1,-400,42,0,9,1,1,0","human_lord,leg_low,1,-309,-22,0,12,1,1,0","human_lord,foot_cav,-20,-225,-45.6,0,13,1,1,0","human_lord,leg_up,94,-445,48.2,0,31,1,1,0","human_lord,leg_low,122,-328,0.5,0,36,1,1,0","human_lord,foot,135,-244,0.5,0,40,1,1,0","human_lord,base,66,-242,55,0,1,1.1,1.2,0","human_lord,shield,-45,-629,-17,0,1,1,1,0","human_lord,skirt,13,-467,1,0,9,1,1,0",,,,,,,,,,"horse_lord,head,426,-456,6,0,10,1,1,0","horse_lord,neck,306,-457,-51,0,25,1,1,0","horse_lord,body_move,-26,-280,-2,0,26,1,1,0","horse_lord,arm_up,169,-189,3,0,28,1,1,0","horse_lord,arm_low,148,-111,-5,0,28,1,1,0","horse_lord,fist,147,-31,-8,0,30,1,1,0","horse_lord,arm_up,217,-219,13,0,30,1.2,1,0","horse_lord,arm_low,212,-121,1,0,33,1,1,0","horse_lord,fist,230,-37,3,0,37,1.1,1.1,0",,"horse_lord,leg_low,-311,-144,-20,0,28,1,1.2,0","horse_lord,foot,-355,-62,-74,0,29,1,1,0",,"horse_lord,leg_low,-243,-125,2,0,30,1,1,0","horse_lord,foot,-231,-34,-7,0,30,1,1.1,0",,"human_lord,shield_back,92,-598,8,0,38,1,1,0","horse_lord,tail,-337,-168,-23,0,32,1,1,0","horse_lord,seat,-49,-474,20,0,8,1,1,0","horse_lord,seat,82,-468,-24,1,8,1,1,0",,,,,,,,,,,,,,,,,,,,,,,,,,,,,,,,,,,,,,,,,,,,,,,,,,,,,,,,,,,,,,,,,,,,,,play_time_mod_1.25,,
Skill1End/8,"human_lord,head,38,-744,-2,0,6,1,1,0","human_lord,neck,3,-671,-9,0,9,1,1,0","human_lord,body,21,-581,-6.5,0,7,1,1,0","human_lord,arm_up,-72,-554,-24,0,1,1,1,0","human_lord,arm_low,-75,-448,30,0,2,1,1,0","human_lord,fist,-24,-365,34,0,0,1,1,0","human_lord,arm_up,92,-576,12,1,33,1,1,0","human_lord,arm_low,148,-496,67,1,35,1,1,0","human_lord,fist,204,-437,45,1,35,1,1,0","human_lord,leg_up,-3,-394,42,0,9,1,1,0","human_lord,leg_low,9,-303,-17,0,12,1,1,0","human_lord,foot_cav,-5,-209,-41.6,0,13,1,1,0","human_lord,leg_up,92,-439,48.2,0,31,1,1,0","human_lord,leg_low,120,-322,0.5,0,36,1,1,0","human_lord,foot,133,-238,0.5,0,40,1,1,0","human_lord,base,142,-424,115,0,1,1.1,1.2,0","human_lord,shield,-48,-608,-23,0,1,1,1,0","human_lord,skirt,11,-461,1,0,9,1,1,0",,,,,,,,,,"horse_lord,head,399,-482,7,0,10,1,1,0","horse_lord,neck,281,-480,-41,0,25,1,1,0","horse_lord,body_move2,-28,-271,0,0,26,1,1,0","horse_lord,arm_up,169,-189,3,0,28,1,1,0","horse_lord,arm_low,128,-111,-5,0,28,1,1,0","horse_lord,fist,127,-31,-8,0,30,1,1,0","horse_lord,arm_up,207,-219,13,0,30,1.2,1,0","horse_lord,arm_low,201,-121,1,0,33,1,1,0","horse_lord,fist,220,-37,3,0,37,1.1,1.1,0",,"horse_lord,leg_low,-281,-122,-20,0,28,1,1.2,0","horse_lord,foot,-305,-42,-44,0,29,1,1,0",,"horse_lord,leg_low,-221,-125,2,0,30,1,1,0","horse_lord,foot,-201,-34,3,0,30,1,1.1,0",,"human_lord,shield_back,92,-598,10,0,38,1,1,0","horse_lord,tail,-287,-128,-23,0,32,1,1,0","horse_lord,seat,-54,-474,20,0,8,1,1,0","horse_lord,seat,77,-468,-24,1,8,1,1,0",,,,,,,,,,,,,,,,,,,,,,,,,,,,,,,,,,,,,,,,,,,,,,,,,,,,,,,,,,,,,,,,,,,,,,,,
Skill1End/9,"human_lord,head,37,-727,-8,0,6,1,1,0","human_lord,neck,14,-662,-2,0,9,1,1,0","human_lord,body,14,-567,-6.5,0,7,1,1,0","human_lord,arm_up,-63,-574,-24,0,3,1,1,0","human_lord,arm_low,-43,-486,56,0,5,1,1,0","human_lord,fist,32,-443,64,0,5,1,1,0","human_lord,arm_up,82,-579,17,1,16,1,1,0","human_lord,arm_low,154,-488,60,1,18,1,1,0","human_lord,fist,218,-453,52,1,18,1,1,0","human_lord,leg_up,-8,-390,36,0,9,1,1,0","human_lord,leg_low,15,-285,-10,0,12,1,1,0","human_lord,foot_cav,23,-203,-13.6,0,13,1,1,0","human_lord,leg_up,79,-437,43.2,0,14,1,1,0","human_lord,leg_low,107,-301,-3.5,0,19,1,1,0","human_lord,foot,116,-217,-3.5,0,23,1,1,0","human_lord,base,130,-560,147.3,1,6,1,1,0","human_lord,shield,-51,-615,-23,0,3,1,1,0","human_lord,skirt,17,-458,8,0,9,1,1,0",,,,,,,,,,"horse_lord,head,358,-503,-7,0,0,1,1,0","horse_lord,neck,248,-505,-27,0,13,1,1,0","horse_lord,body,-36,-272,0,0,14,1,1,0","horse_lord,arm_up,167,-189,3,0,28,1,1,0","horse_lord,arm_low,180,-120,-2,0,16,1,1,0","horse_lord,fist,191,-36,2,0,18,1,1,0","horse_lord,arm_up,205,-219,13,0,30,1.2,1,0","horse_lord,arm_low,112,-127,-10,0,18,1,1,0","horse_lord,fist,114,-44,-3,0,22,1.1,1.1,0",,"horse_lord,leg_low,-238,-118,0,0,17,1,1,0","horse_lord,foot,-227,-36,2,0,19,1,1,0",,"horse_lord,leg_low,-143,-132,0,0,18,1,1,0","horse_lord,foot,-129,-43,0,0,19,1,1,0",,"human_lord,shield_back,72,-594,9,0,20,1,1,0","horse_lord,tail,-287,-138,-11,0,20,1,1,0","horse_lord,seat,-60,-454,25,0,8,1,1,0","horse_lord,seat,63,-462,-15,1,8,1,1,0",,,,,,,,,,,,,,,,,,,,,,,,,,,,,,,,,,,,,,,,,,,,,,,,,,,,,,,,,,,,,,,,,,,,,,,,
Skill2/0,"human_lord,head,40,-726,-5,0,6,1,1,0","human_lord,neck,14,-662,-2,0,9,1,1,0","human_lord,body,14,-567,-7.5,0,7,1,1,0","human_lord,arm_up,-74,-570,-21,0,3,1,1,0","human_lord,arm_low,-55,-487,59,0,5,1,1,0","human_lord,fist,24,-448,67,0,5,1,1,0","human_lord,arm_up,82,-579,16,1,23,1,1,0","human_lord,arm_low,154,-486,60,1,25,1,1,0","human_lord,fist,218,-451,52,1,25,1,1,0","human_lord,leg_up,-6,-383,36,0,9,1,1,0","human_lord,leg_low,15,-280,-10,0,12,1,1,0","human_lord,foot_cav,23,-198,-13.6,0,13,1,1,0","human_lord,leg_up,79,-437,43.2,0,18,1,1,0","human_lord,leg_low,107,-301,-3.5,0,23,1,1,0","human_lord,foot,116,-217,-3.5,0,27,1,1,0","human_lord,base,125,-564,149.3,1,6,1,1,0","human_lord,shield,-56,-614,-28,0,3,1,1,0","human_lord,skirt,16,-456,8,0,9,1,1,0",,,,,,,,,,"horse_lord,head,358,-500,-6,0,0,1,1,0","horse_lord,neck,248,-500,-26,0,13,1,1,0","horse_lord,body,-36,-271,0,0,18,1,1,0",,"horse_lord,arm_low,180,-120,0,0,20,1,1,0","horse_lord,fist,191,-36,2,0,22,1,1,0",,"horse_lord,arm_low,112,-127,-10,0,22,1,1,0","horse_lord,fist,114,-44,-3,0,26,1.1,1.1,0",,"horse_lord,leg_low,-238,-118,0,0,21,1,1,0","horse_lord,foot,-227,-36,2,0,23,1,1,0",,"horse_lord,leg_low,-143,-132,0,0,22,1,1,0","horse_lord,foot,-129,-43,0,0,23,1,1,0",,"human_lord,shield_back,72,-598,5,0,27,1,1,0","horse_lord,tail,-286,-138,-11,0,24,1,1,0","horse_lord,seat,-60,-452,25,0,9,1,1,0","horse_lord,seat,63,-460,-15,1,9,1,1,0",,,,,,,,,,,,,,,,,,,,,,,,,,,,,,,,,,,,,,,,,,,,,,,,,,,,,,,,,,,,,,,,,,,,,,,,
Skill2/1,"human_lord,head,26,-727,1,0,6,1,1,0","human_lord,neck,14,-662,-2,0,9,1,1,0","human_lord,body,12,-567,-3.5,0,7,1,1,0","human_lord,arm_up,-69,-558,-15,0,3,1,1,0","human_lord,arm_low,-43,-481,65,0,5,1,1,0","human_lord,fist,41,-448,73,0,5,1,1,0","human_lord,arm_up,82,-579,16,1,23,1,1,0","human_lord,arm_low,154,-486,60,1,25,1,1,0","human_lord,fist,218,-451,52,1,25,1,1,0","human_lord,leg_up,-6,-383,36,0,9,1,1,0","human_lord,leg_low,15,-280,-10,0,12,1,1,0","human_lord,foot_cav,23,-198,-13.6,0,13,1,1,0","human_lord,leg_up,79,-437,43.2,0,18,1,1,0","human_lord,leg_low,107,-301,-3.5,0,23,1,1,0","human_lord,foot,116,-217,-3.5,0,27,1,1,0","human_lord,base,130,-576,155.3,1,6,1,1,0","human_lord,shield,-56,-608,-14,0,3,1,1,0","human_lord,skirt,16,-456,8,0,9,1,1,0",,,,,,,,,,"horse_lord,head,358,-504,-2,0,0,1,1,0","horse_lord,neck,248,-500,-26,0,13,1,1,0","horse_lord,body,-36,-271,0,0,18,1,1,0",,"horse_lord,arm_low,180,-120,0,0,20,1,1,0","horse_lord,fist,191,-36,2,0,22,1,1,0",,"horse_lord,arm_low,112,-127,-10,0,22,1,1,0","horse_lord,fist,114,-44,-3,0,26,1.1,1.1,0",,"horse_lord,leg_low,-238,-118,0,0,21,1,1,0","horse_lord,foot,-227,-36,2,0,23,1,1,0",,"horse_lord,leg_low,-143,-132,0,0,22,1,1,0","horse_lord,foot,-129,-43,0,0,23,1,1,0",,"human_lord,shield_back,72,-598,7,0,27,1,1,0","horse_lord,tail,-286,-138,-11,0,24,1,1,0","horse_lord,seat,-60,-452,25,0,9,1,1,0","horse_lord,seat,63,-460,-15,1,9,1,1,0",,,,,,,,,,,,,,,,,,,,,,,,,,,,,,,,,,,,,,,,,,,,,,,,,,,,,,,,,,,,,,,,,,,,,,,,
Skill2/2,"human_lord,head,16,-727,3,0,6,1,1,0","human_lord,neck,14,-662,-2,0,9,1,1,0","human_lord,body,7,-567,-0.5,0,7,1,1,0","human_lord,arm_up,-57,-541,6,0,3,1,1,0","human_lord,arm_low,-3,-483,86,0,5,1,1,0","human_lord,fist,86,-477,94,0,5,1,1,0","human_lord,arm_up,82,-579,16,1,23,1,1,0","human_lord,arm_low,154,-486,60,1,25,1,1,0","human_lord,fist,218,-451,52,1,25,1,1,0","human_lord,leg_up,-6,-383,36,0,9,1,1,0","human_lord,leg_low,15,-280,-10,0,12,1,1,0","human_lord,foot_cav,23,-198,-13.6,0,13,1,1,0","human_lord,leg_up,79,-437,43.2,0,18,1,1,0","human_lord,leg_low,107,-301,-3.5,0,23,1,1,0","human_lord,foot,116,-217,-3.5,0,27,1,1,0","human_lord,base,122,-629,177,1,6,1,1,0","human_lord,shield,-55,-597,0,0,3,1,1,0","human_lord,skirt,16,-456,8,0,9,1,1,0",,,,,,,,,,"horse_lord,head,358,-504,-2,0,0,1,1,0","horse_lord,neck,248,-500,-26,0,13,1,1,0","horse_lord,body,-36,-271,0,0,18,1,1,0",,"horse_lord,arm_low,180,-120,0,0,20,1,1,0","horse_lord,fist,191,-36,2,0,22,1,1,0",,"horse_lord,arm_low,112,-127,-10,0,22,1,1,0","horse_lord,fist,114,-44,-3,0,26,1.1,1.1,0",,"horse_lord,leg_low,-238,-118,0,0,21,1,1,0","horse_lord,foot,-227,-36,2,0,23,1,1,0",,"horse_lord,leg_low,-143,-132,0,0,22,1,1,0","horse_lord,foot,-129,-43,0,0,23,1,1,0",,"human_lord,shield_back,72,-598,7,0,27,1,1,0","horse_lord,tail,-286,-138,-11,0,24,1,1,0","horse_lord,seat,-60,-452,25,0,9,1,1,0","horse_lord,seat,63,-460,-15,1,9,1,1,0",,,,,,,,,,,,,,,,,,,,,,,,,,,,,,,,,,,,,,,,,,,,,,,,,,,,,,,,,,,,,,,,,,,,,,,,
Skill2/3,"human_lord,head,19,-727,-7,0,6,1,1,0","human_lord,neck,14,-662,-2,0,9,1,1,0","human_lord,body,7,-567,-0.5,0,7,1,1,0","human_lord,arm_up,-57,-546,8,0,3,1,1,0","human_lord,arm_low,-3,-504,106,0,5,1,1,0","human_lord,fist,97,-528,104,0,5,1,1,0","human_lord,arm_up,82,-579,16,1,23,1,1,0","human_lord,arm_low,154,-486,60,1,25,1,1,0","human_lord,fist,218,-451,52,1,25,1,1,0","human_lord,leg_up,-6,-383,36,0,9,1,1,0","human_lord,leg_low,15,-280,-10,0,12,1,1,0","human_lord,foot_cav,23,-198,-13.6,0,13,1,1,0","human_lord,leg_up,79,-437,43.2,0,18,1,1,0","human_lord,leg_low,107,-301,-3.5,0,23,1,1,0","human_lord,foot,116,-217,-3.5,0,27,1,1,0","human_lord,base,77,-684,-167,1,6,1,1,0","human_lord,shield,-56,-597,-5,0,3,1,1,0","human_lord,skirt,16,-456,8,0,9,1,1,0",,,,,,,,,,"horse_lord,close,354,-504,-2,0,0,1,1,0","horse_lord,neck,248,-500,-26,0,13,1,1,0","horse_lord,body,-36,-271,0,0,18,1,1,0",,"horse_lord,arm_low,180,-120,0,0,20,1,1,0","horse_lord,fist,191,-36,2,0,22,1,1,0",,"horse_lord,arm_low,112,-127,-10,0,22,1,1,0","horse_lord,fist,114,-44,-3,0,26,1.1,1.1,0",,"horse_lord,leg_low,-238,-118,0,0,21,1,1,0","horse_lord,foot,-227,-36,2,0,23,1,1,0",,"horse_lord,leg_low,-143,-132,0,0,22,1,1,0","horse_lord,foot,-129,-43,0,0,23,1,1,0",,"human_lord,shield_back,72,-598,7,0,27,1,1,0","horse_lord,tail,-286,-138,-11,0,24,1,1,0","horse_lord,seat,-60,-452,25,0,9,1,1,0","horse_lord,seat,63,-460,-15,1,9,1,1,0",,,,,,,,,,,,,,,,,,,,,,,,,,,,,,,,,,,,,,,,,,,,,,,,,,,,,,,,,,,,,,,,,,,,,,play_time_mod_1.25,,
Skill2/4,"human_lord,head,23,-727,-10,0,6,1,1,0","human_lord,neck,14,-662,-2,0,9,1,1,0","human_lord,body,7,-567,-0.5,0,7,1,1,0","human_lord,arm_up,-57,-546,4,0,3,1,1,0","human_lord,arm_low,-3,-510,114,0,5,1,1,0","human_lord,fist,97,-552,114,0,5,1,1,0","human_lord,arm_up,82,-579,16,1,23,1,1,0","human_lord,arm_low,154,-486,60,1,25,1,1,0","human_lord,fist,218,-451,52,1,25,1,1,0","human_lord,leg_up,-6,-383,36,0,9,1,1,0","human_lord,leg_low,15,-280,-10,0,12,1,1,0","human_lord,foot_cav,23,-198,-13.6,0,13,1,1,0","human_lord,leg_up,79,-437,43.2,0,18,1,1,0","human_lord,leg_low,107,-301,-3.5,0,23,1,1,0","human_lord,foot,116,-217,-3.5,0,27,1,1,0","human_lord,base,67,-693,-162,1,6,1,1,0","human_lord,shield,-56,-597,-6,0,3,1,1,0","human_lord,skirt,16,-456,8,0,9,1,1,0",,,,,,,,,,"horse_lord,close,351,-500,-4,0,0,1,1,0","horse_lord,neck,248,-500,-26,0,13,1,1,0","horse_lord,body,-36,-271,0,0,18,1,1,0",,"horse_lord,arm_low,180,-120,0,0,20,1,1,0","horse_lord,fist,191,-36,2,0,22,1,1,0",,"horse_lord,arm_low,112,-127,-10,0,22,1,1,0","horse_lord,fist,114,-44,-3,0,26,1.1,1.1,0",,"horse_lord,leg_low,-238,-118,0,0,21,1,1,0","horse_lord,foot,-227,-36,2,0,23,1,1,0",,"horse_lord,leg_low,-143,-132,0,0,22,1,1,0","horse_lord,foot,-129,-43,0,0,23,1,1,0",,"human_lord,shield_back,72,-598,7,0,27,1,1,0","horse_lord,tail,-286,-138,-11,0,24,1,1,0","horse_lord,seat,-60,-452,25,0,9,1,1,0","horse_lord,seat,63,-460,-15,1,9,1,1,0",,,,,,,,,,,,,,,,,,,,,,,,,,,,,,,,,,,,,,,,,,,,,,,,,,,,,,,,,,,,,,,,,,,,,,play_time_mod_3,,
Skill2/5,"human_lord,head,13,-727,0,0,6,1,1,0","human_lord,neck,14,-662,-2,0,9,1,1,0","human_lord,body,5,-567,2.5,0,7,1,1,0","human_lord,arm_up,-50,-546,25,0,3,1,1,0","human_lord,arm_low,21,-527,121,0,5,1,1,0","human_lord,fist,114,-576,121,0,5,1,1,0","human_lord,arm_up,82,-579,16,1,23,1,1,0","human_lord,arm_low,154,-486,60,1,25,1,1,0","human_lord,fist,218,-451,52,1,25,1,1,0","human_lord,leg_up,-6,-383,36,0,9,1,1,0","human_lord,leg_low,15,-280,-10,0,12,1,1,0","human_lord,foot_cav,23,-198,-13.6,0,13,1,1,0","human_lord,leg_up,79,-437,43.2,0,18,1,1,0","human_lord,leg_low,107,-301,-3.5,0,23,1,1,0","human_lord,foot,116,-217,-3.5,0,27,1,1,0","human_lord,base,63,-717,-155,1,6,1,1,0","human_lord,shield,-56,-597,1,0,3,1,1,0","human_lord,skirt,16,-456,8,0,9,1,1,0",,,,,,,,,,"horse_lord,close,351,-500,-4,0,0,1,1,0","horse_lord,neck,248,-500,-26,0,13,1,1,0","horse_lord,body,-36,-271,0,0,18,1,1,0",,"horse_lord,arm_low,180,-120,0,0,20,1,1,0","horse_lord,fist,191,-36,2,0,22,1,1,0",,"horse_lord,arm_low,112,-127,-10,0,22,1,1,0","horse_lord,fist,114,-44,-3,0,26,1.1,1.1,0",,"horse_lord,leg_low,-238,-118,0,0,21,1,1,0","horse_lord,foot,-227,-36,2,0,23,1,1,0",,"horse_lord,leg_low,-143,-132,0,0,22,1,1,0","horse_lord,foot,-129,-43,0,0,23,1,1,0",,"human_lord,shield_back,72,-598,7,0,27,1,1,0","horse_lord,tail,-286,-138,-11,0,24,1,1,0","horse_lord,seat,-60,-452,25,0,9,1,1,0","horse_lord,seat,63,-460,-15,1,9,1,1,0",,,,,,,,,,,,,,,,,,,,,,,,,,,,,,,,,,,,,,,,,,,,,,,,,,,,,,,,,,,,,,,,,,,,,,,,
Skill2/6,"human_lord,head,-13,-727,10,0,6,1,1,0","human_lord,neck,14,-662,-2,0,9,1,1,0","human_lord,body,-1,-567,7.5,0,7,1,1,0","human_lord,arm_up,-48,-572,35,0,3,1,1,0","human_lord,arm_low,25,-565,131,0,5,1,1,0","human_lord,fist,108,-630,131,0,5,1,1,0","human_lord,arm_up,77,-579,26,1,23,1,1,0","human_lord,arm_low,154,-496,60,1,25,1,1,0","human_lord,fist,218,-461,52,1,25,1,1,0","human_lord,leg_up,-6,-383,36,0,9,1,1,0","human_lord,leg_low,15,-280,-10,0,12,1,1,0","human_lord,foot_cav,23,-198,-13.6,0,13,1,1,0","human_lord,leg_up,79,-437,43.2,0,18,1,1,0","human_lord,leg_low,107,-301,-3.5,0,23,1,1,0","human_lord,foot,116,-217,-3.5,0,27,1,1,0","human_lord,base,33,-767,-145,1,6,1,1,0","human_lord,shield,-56,-606,21,0,3,1,1,0","human_lord,skirt,16,-456,8,0,9,1,1,0",,,,,,,,,,"horse_lord,close,351,-518,9,0,0,1,1,0","horse_lord,neck,248,-500,-26,0,13,1,1,0","horse_lord,body,-36,-271,0,0,18,1,1,0",,"horse_lord,arm_low,180,-120,0,0,20,1,1,0","horse_lord,fist,191,-36,2,0,22,1,1,0",,"horse_lord,arm_low,112,-127,-10,0,22,1,1,0","horse_lord,fist,114,-44,-3,0,26,1.1,1.1,0",,"horse_lord,leg_low,-238,-118,0,0,21,1,1,0","horse_lord,foot,-227,-36,2,0,23,1,1,0",,"horse_lord,leg_low,-143,-132,0,0,22,1,1,0","horse_lord,foot,-129,-43,0,0,23,1,1,0",,"human_lord,shield_back,53,-605,25,0,27,1,1,0","horse_lord,tail,-286,-138,-11,0,24,1,1,0","horse_lord,seat,-60,-452,25,0,9,1,1,0","horse_lord,seat,63,-460,-15,1,9,1,1,0",,,,,,,,,,,,,,,,,,,,,,,,,,,,,,,,,,,,,,,,,,,,,,,,,,,,,,,,,,,,,,,,,,,,,,,,
Skill2/7,"human_lord,head,-43,-727,20,0,6,1,1,0","human_lord,neck,-16,-662,8,0,9,1,1,0","human_lord,body,-6,-567,12.5,0,7,1,1,0","human_lord,arm_up,-38,-579,69,0,3,1,1,0","human_lord,arm_low,45,-595,131,0,5,1,1,0","human_lord,fist,128,-660,131,0,5,1,1,0","human_lord,arm_up,71,-584,30,1,23,1,1,0","human_lord,arm_low,156,-505,64,1,25,1,1,0","human_lord,fist,220,-475,56,1,25,1,1,0","human_lord,leg_up,-6,-383,36,0,9,1,1,0","human_lord,leg_low,15,-280,-10,0,12,1,1,0","human_lord,foot_cav,23,-198,-13.6,0,13,1,1,0","human_lord,leg_up,79,-437,43.2,0,18,1,1,0","human_lord,leg_low,107,-301,-3.5,0,23,1,1,0","human_lord,foot,116,-217,-3.5,0,27,1,1,0","human_lord,base,53,-797,-145,1,6,1,1,0","human_lord,shield,-57,-599,47,0,3,1,1,0","human_lord,skirt,16,-456,8,0,9,1,1,0",,,,,,,,,,"horse_lord,close,351,-520,19,0,0,1,1,0","horse_lord,neck,248,-500,-26,0,13,1,1,0","horse_lord,body,-36,-271,0,0,18,1,1,0",,"horse_lord,arm_low,180,-120,0,0,20,1,1,0","horse_lord,fist,191,-36,2,0,22,1,1,0",,"horse_lord,arm_low,112,-127,-10,0,22,1,1,0","horse_lord,fist,114,-44,-3,0,26,1.1,1.1,0",,"horse_lord,leg_low,-238,-118,0,0,21,1,1,0","horse_lord,foot,-227,-36,2,0,23,1,1,0",,"horse_lord,leg_low,-143,-132,0,0,22,1,1,0","horse_lord,foot,-129,-43,0,0,23,1,1,0",,"human_lord,shield_back,47,-609,29,0,27,1,1,0","horse_lord,tail,-286,-138,-11,0,24,1,1,0","horse_lord,seat,-60,-452,25,0,9,1,1,0","horse_lord,seat,63,-460,-15,1,9,1,1,0",,,,,,,,,,,,,,,,,,,,,,,,,,,,,,,,,,,,,,,,,,,,,,,,,,,,,,,,,,,,,,,,,,,,,,,,
Skill2/8,"human_lord,head,-61,-727,30,0,6,1,1,0","human_lord,neck,-23,-662,8,0,9,1,1,0","human_lord,body,-8,-567,14.5,0,7,1,1,0","human_lord,arm_up,-29,-613,119,0,3,1,1,0","human_lord,arm_low,70,-686,140,0,5,1,1,0","human_lord,fist,129,-756,150,0,5,1,1,0","human_lord,arm_up,70,-584,25,1,23,1,1,0","human_lord,arm_low,156,-505,64,1,25,1,1,0","human_lord,fist,220,-475,56,1,25,1,1,0","human_lord,leg_up,-6,-383,33,0,9,1,1,0","human_lord,leg_low,15,-280,-4,0,12,1,1,0","human_lord,foot_cav,35,-198,-7.6,0,13,1,1,0","human_lord,leg_up,79,-437,43.2,0,18,1,1,0","human_lord,leg_low,107,-301,-3.5,0,23,1,1,0","human_lord,foot,116,-217,-3.5,0,27,1,1,0","human_lord,base,53,-897,-145,1,6,1,1,0","human_lord,shield,-40,-606,92,0,3,1,1,0","human_lord,skirt,16,-456,8,0,9,1,1,0",,,,,,,,,,"horse_lord,head,351,-540,31,0,0,1,1,0","horse_lord,neck,248,-500,-26,0,13,1,1,0","horse_lord,body,-36,-271,0,0,18,1,1,0",,"horse_lord,arm_low,180,-120,0,0,20,1,1,0","horse_lord,fist,191,-36,2,0,22,1,1,0",,"horse_lord,arm_low,112,-127,-10,0,22,1,1,0","horse_lord,fist,114,-44,-3,0,26,1.1,1.1,0",,"horse_lord,leg_low,-238,-118,0,0,21,1,1,0","horse_lord,foot,-227,-36,2,0,23,1,1,0",,"horse_lord,leg_low,-143,-132,0,0,22,1,1,0","horse_lord,foot,-129,-43,0,0,23,1,1,0",,"human_lord,shield_back,47,-609,22,0,27,1,1,0","horse_lord,tail,-286,-138,-11,0,24,1,1,0","horse_lord,seat,-60,-452,25,0,9,1,1,0","horse_lord,seat,63,-460,-15,1,9,1,1,0",,,,,,,,,,,,,,,,,,,,,,,,,,,,,,,,,,,,,,,,,,,,,,,,,,,,,,,,,,,,,,,,,,,,,,,,
Skill2/9,"human_lord,head,-62,-727,34,0,6,1,1,0","human_lord,neck,-23,-662,8,0,9,1,1,0","human_lord,body,-10,-567,15.5,0,7,1,1,0","human_lord,arm_up,-29,-623,130,0,3,1,1,0","human_lord,arm_low,70,-696,140,0,5,1,1,0","human_lord,fist,129,-766,150,0,5,1,1,0","human_lord,arm_up,68,-584,29,1,23,1,1,0","human_lord,arm_low,156,-505,64,1,25,1,1,0","human_lord,fist,220,-475,56,1,25,1,1,0","human_lord,leg_up,-6,-383,33,0,9,1,1,0","human_lord,leg_low,18,-280,1,0,12,1,1,0","human_lord,foot_cav,48,-198,-2.6,0,13,1,1,0","human_lord,leg_up,79,-437,43.2,0,18,1,1,0","human_lord,leg_low,107,-301,-3.5,0,23,1,1,0","human_lord,foot,116,-217,-3.5,0,27,1,1,0","human_lord,base,53,-907,-145,1,6,1,1,0","human_lord,shield,-40,-606,100,0,3,1,1,0","human_lord,skirt,16,-456,8,0,9,1,1,0",,,,,,,,,,"horse_lord,head,341,-546,38,0,0,1,1,0","horse_lord,neck,241,-500,-24,0,13,1,1,0","horse_lord,body,-36,-271,0,0,18,1,1,0",,"horse_lord,arm_low,180,-120,0,0,20,1,1,0","horse_lord,fist,191,-36,2,0,22,1,1,0",,"horse_lord,arm_low,112,-127,-10,0,22,1,1,0","horse_lord,fist,114,-44,-3,0,26,1.1,1.1,0",,"horse_lord,leg_low,-238,-118,0,0,21,1,1,0","horse_lord,foot,-227,-36,2,0,23,1,1,0",,"horse_lord,leg_low,-143,-132,0,0,22,1,1,0","horse_lord,foot,-129,-43,0,0,23,1,1,0",,"human_lord,shield_back,46,-609,29,0,27,1,1,0","horse_lord,tail,-287,-138,-15,0,24,1,1,0","horse_lord,seat,-60,-452,25,0,9,1,1,0","horse_lord,seat,63,-460,-15,1,9,1,1,0",,,,,,,,,,,,,,,,,,,,,,,,,,,,,,,,,,,,,,,,,,,,,,,,,,,,,,,,,,,,,,,,,,,,,,,,
Skill2/10,"human_lord,head,-66,-725,40,0,6,1,1,0","human_lord,neck,-23,-662,8,0,9,1,1,0","human_lord,body,-10,-567,15.5,0,7,1,1,0","human_lord,arm_up,-29,-623,132,0,3,1,1,0","human_lord,arm_low,68,-704,142,0,5,1,1,0","human_lord,fist,122,-784,160,0,5,1,1,0","human_lord,arm_up,68,-584,29,1,23,1,1,0","human_lord,arm_low,156,-505,64,1,25,1,1,0","human_lord,fist,220,-475,56,1,25,1,1,0","human_lord,leg_up,-6,-383,33,0,9,1,1,0","human_lord,leg_low,18,-280,1,0,12,1,1,0","human_lord,foot_cav,48,-198,-2.6,0,13,1,1,0","human_lord,leg_up,79,-437,43.2,0,18,1,1,0","human_lord,leg_low,107,-301,-3.5,0,23,1,1,0","human_lord,foot,116,-217,-3.5,0,27,1,1,0","human_lord,base,24,-909,-137,1,6,1,1,0","human_lord,shield,-40,-608,104,0,3,1,1,0","human_lord,skirt,16,-456,8,0,9,1,1,0",,,,,,,,,,"horse_lord,head,339,-547,39,0,0,1,1,0","horse_lord,neck,236,-498,-22,0,13,1,1,0","horse_lord,body,-36,-271,0,0,18,1,1,0",,"horse_lord,arm_low,180,-120,0,0,20,1,1,0","horse_lord,fist,191,-36,2,0,22,1,1,0",,"horse_lord,arm_low,112,-127,-10,0,22,1,1,0","horse_lord,fist,114,-44,-3,0,26,1.1,1.1,0",,"horse_lord,leg_low,-238,-118,0,0,21,1,1,0","horse_lord,foot,-227,-36,2,0,23,1,1,0",,"horse_lord,leg_low,-143,-132,0,0,22,1,1,0","horse_lord,foot,-129,-43,0,0,23,1,1,0",,"human_lord,shield_back,46,-609,29,0,27,1,1,0","horse_lord,tail,-288,-138,-22,0,24,1,1,0","horse_lord,seat,-60,-452,25,0,9,1,1,0","horse_lord,seat,63,-460,-15,1,9,1,1,0",,,,,,,,,,,,,,,,,,,,,,,,,,,,,,,,,,,,,,,,,,,,,,,,,,,,,,,,,,,,,,"movement,crush,-1,-1048,0,0,0,1.5,1.5,0",,,,,,,,play_time_mod_2,,
Skill2/11,"human_lord,head,-61,-727,30,0,6,1,1,0","human_lord,neck,-23,-662,8,0,9,1,1,0","human_lord,body,-8,-567,14.5,0,7,1,1,0","human_lord,arm_up,-29,-613,119,0,3,1,1,0","human_lord,arm_low,70,-686,140,0,5,1,1,0","human_lord,fist,129,-756,150,0,5,1,1,0","human_lord,arm_up,70,-584,25,1,23,1,1,0","human_lord,arm_low,156,-505,64,1,25,1,1,0","human_lord,fist,220,-475,56,1,25,1,1,0","human_lord,leg_up,-6,-383,36,0,9,1,1,0","human_lord,leg_low,15,-280,-4,0,12,1,1,0","human_lord,foot_cav,35,-198,-7.6,0,13,1,1,0","human_lord,leg_up,79,-437,43.2,0,18,1,1,0","human_lord,leg_low,107,-301,-3.5,0,23,1,1,0","human_lord,foot,116,-217,-3.5,0,27,1,1,0","human_lord,base,53,-897,-145,1,6,1,1,0","human_lord,shield,-40,-606,92,0,3,1,1,0","human_lord,skirt,16,-456,8,0,9,1,1,0",,,,,,,,,,"horse_lord,head,346,-539,30,0,0,1,1,0","horse_lord,neck,243,-501,-27,0,13,1,1,0","horse_lord,body,-36,-271,0,0,18,1,1,0",,"horse_lord,arm_low,180,-120,0,0,20,1,1,0","horse_lord,fist,191,-36,2,0,22,1,1,0",,"horse_lord,arm_low,112,-127,-10,0,22,1,1,0","horse_lord,fist,114,-44,-3,0,26,1.1,1.1,0",,"horse_lord,leg_low,-238,-118,0,0,21,1,1,0","horse_lord,foot,-227,-36,2,0,23,1,1,0",,"horse_lord,leg_low,-143,-132,0,0,22,1,1,0","horse_lord,foot,-129,-43,0,0,23,1,1,0",,"human_lord,shield_back,47,-609,22,0,27,1,1,0","horse_lord,tail,-287,-138,-16,0,24,1,1,0","horse_lord,seat,-60,-452,25,0,9,1,1,0","horse_lord,seat,63,-460,-15,1,9,1,1,0",,,,,,,,,,,,,,,,,,,,,,,,,,,,,,,,,,,,,,,,,,,,,,,,,,,,,,,,,,,,,,,,,,,,,,,,
Skill2/12,"human_lord,head,-43,-727,20,0,6,1,1,0","human_lord,neck,-16,-662,8,0,9,1,1,0","human_lord,body,-6,-567,12.5,0,7,1,1,0","human_lord,arm_up,-38,-579,69,0,3,1,1,0","human_lord,arm_low,45,-595,131,0,5,1,1,0","human_lord,fist,128,-660,131,0,5,1,1,0","human_lord,arm_up,71,-584,30,1,23,1,1,0","human_lord,arm_low,156,-505,64,1,25,1,1,0","human_lord,fist,220,-475,56,1,25,1,1,0","human_lord,leg_up,-6,-383,36,0,9,1,1,0","human_lord,leg_low,15,-280,-10,0,12,1,1,0","human_lord,foot_cav,23,-198,-13.6,0,13,1,1,0","human_lord,leg_up,79,-437,43.2,0,18,1,1,0","human_lord,leg_low,107,-301,-3.5,0,23,1,1,0","human_lord,foot,116,-217,-3.5,0,27,1,1,0","human_lord,base,53,-797,-145,1,6,1,1,0","human_lord,shield,-57,-599,47,0,3,1,1,0","human_lord,skirt,16,-456,8,0,9,1,1,0",,,,,,,,,,"horse_lord,head,351,-520,19,0,0,1,1,0","horse_lord,neck,248,-500,-26,0,13,1,1,0","horse_lord,body,-36,-271,0,0,18,1,1,0",,"horse_lord,arm_low,180,-120,0,0,20,1,1,0","horse_lord,fist,191,-36,2,0,22,1,1,0",,"horse_lord,arm_low,112,-127,-10,0,22,1,1,0","horse_lord,fist,114,-44,-3,0,26,1.1,1.1,0",,"horse_lord,leg_low,-238,-118,0,0,21,1,1,0","horse_lord,foot,-227,-36,2,0,23,1,1,0",,"horse_lord,leg_low,-143,-132,0,0,22,1,1,0","horse_lord,foot,-129,-43,0,0,23,1,1,0",,"human_lord,shield_back,47,-609,29,0,27,1,1,0","horse_lord,tail,-286,-138,-11,0,24,1,1,0","horse_lord,seat,-60,-452,25,0,9,1,1,0","horse_lord,seat,63,-460,-15,1,9,1,1,0",,,,,,,,,,,,,,,,,,,,,,,,,,,,,,,,,,,,,,,,,,,,,,,,,,,,,,,,,,,,,,,,,,,,,,,,
Skill2/13,"human_lord,head,16,-727,3,0,6,1,1,0","human_lord,neck,14,-662,-2,0,9,1,1,0","human_lord,body,7,-567,-0.5,0,7,1,1,0","human_lord,arm_up,-57,-541,6,0,3,1,1,0","human_lord,arm_low,-3,-483,86,0,5,1,1,0","human_lord,fist,86,-477,94,0,5,1,1,0","human_lord,arm_up,82,-579,16,1,23,1,1,0","human_lord,arm_low,154,-486,60,1,25,1,1,0","human_lord,fist,218,-451,52,1,25,1,1,0","human_lord,leg_up,-6,-383,36,0,9,1,1,0","human_lord,leg_low,15,-280,-10,0,12,1,1,0","human_lord,foot_cav,23,-198,-13.6,0,13,1,1,0","human_lord,leg_up,79,-437,43.2,0,18,1,1,0","human_lord,leg_low,107,-301,-3.5,0,23,1,1,0","human_lord,foot,116,-217,-3.5,0,27,1,1,0","human_lord,base,122,-629,177,1,6,1,1,0","human_lord,shield,-55,-597,0,0,3,1,1,0","human_lord,skirt,16,-456,8,0,9,1,1,0",,,,,,,,,,"horse_lord,head,358,-504,-2,0,0,1,1,0","horse_lord,neck,248,-500,-26,0,13,1,1,0","horse_lord,body,-36,-271,0,0,18,1,1,0",,"horse_lord,arm_low,180,-120,0,0,20,1,1,0","horse_lord,fist,191,-36,2,0,22,1,1,0",,"horse_lord,arm_low,112,-127,-10,0,22,1,1,0","horse_lord,fist,114,-44,-3,0,26,1.1,1.1,0",,"horse_lord,leg_low,-238,-118,0,0,21,1,1,0","horse_lord,foot,-227,-36,2,0,23,1,1,0",,"horse_lord,leg_low,-143,-132,0,0,22,1,1,0","horse_lord,foot,-129,-43,0,0,23,1,1,0",,"human_lord,shield_back,72,-598,7,0,27,1,1,0","horse_lord,tail,-286,-138,-11,0,24,1,1,0","horse_lord,seat,-60,-452,25,0,9,1,1,0","horse_lord,seat,63,-460,-15,1,9,1,1,0",,,,,,,,,,,,,,,,,,,,,,,,,,,,,,,,,,,,,,,,,,,,,,,,,,,,,,,,,,,,,,,,,,,,,,,,
Skill2/14,"human_lord,head,40,-726,-5,0,6,1,1,0","human_lord,neck,14,-662,-2,0,9,1,1,0","human_lord,body,14,-567,-7.5,0,7,1,1,0","human_lord,arm_up,-74,-570,-21,0,3,1,1,0","human_lord,arm_low,-55,-487,59,0,5,1,1,0","human_lord,fist,24,-448,67,0,5,1,1,0","human_lord,arm_up,82,-579,16,1,23,1,1,0","human_lord,arm_low,154,-486,60,1,25,1,1,0","human_lord,fist,218,-451,52,1,25,1,1,0","human_lord,leg_up,-6,-383,36,0,9,1,1,0","human_lord,leg_low,15,-280,-10,0,12,1,1,0","human_lord,foot_cav,23,-198,-13.6,0,13,1,1,0","human_lord,leg_up,79,-437,43.2,0,18,1,1,0","human_lord,leg_low,107,-301,-3.5,0,23,1,1,0","human_lord,foot,116,-217,-3.5,0,27,1,1,0","human_lord,base,125,-564,149.3,1,6,1,1,0","human_lord,shield,-56,-614,-28,0,3,1,1,0","human_lord,skirt,16,-456,8,0,9,1,1,0",,,,,,,,,,"horse_lord,head,358,-500,-6,0,0,1,1,0","horse_lord,neck,248,-500,-26,0,13,1,1,0","horse_lord,body,-36,-271,0,0,18,1,1,0",,"horse_lord,arm_low,180,-120,0,0,20,1,1,0","horse_lord,fist,191,-36,2,0,22,1,1,0",,"horse_lord,arm_low,112,-127,-10,0,22,1,1,0","horse_lord,fist,114,-44,-3,0,26,1.1,1.1,0",,"horse_lord,leg_low,-238,-118,0,0,21,1,1,0","horse_lord,foot,-227,-36,2,0,23,1,1,0",,"horse_lord,leg_low,-143,-132,0,0,22,1,1,0","horse_lord,foot,-129,-43,0,0,23,1,1,0",,"human_lord,shield_back,72,-598,5,0,27,1,1,0","horse_lord,tail,-286,-138,-11,0,24,1,1,0","horse_lord,seat,-60,-452,25,0,9,1,1,0","horse_lord,seat,63,-460,-15,1,9,1,1,0",,,,,,,,,,,,,,,,,,,,,,,,,,,,,,,,,,,,,,,,,,,,,,,,,,,,,,,,,,,,,,,,,,,,,,,,
GRAND_Attack/0,"human_lord,head,40,-726,-5,0,6,1,1,0","human_lord,neck,14,-662,-2,0,9,1,1,0","human_lord,body,14,-567,-7.5,0,7,1,1,0","human_lord,arm_up,-74,-570,-21,0,3,1,1,0","human_lord,arm_low,-55,-487,59,0,5,1,1,0","human_lord,fist,24,-448,67,0,5,1,1,0","human_lord,arm_up,82,-579,16,1,23,1,1,0","human_lord,arm_low,154,-486,60,1,25,1,1,0","human_lord,fist,218,-451,52,1,25,1,1,0","human_lord,leg_up,-6,-383,36,0,9,1,1,0","human_lord,leg_low,15,-280,-10,0,12,1,1,0","human_lord,foot_cav,23,-198,-13.6,0,13,1,1,0","human_lord,leg_up,79,-437,43.2,0,18,1,1,0","human_lord,leg_low,107,-301,-3.5,0,23,1,1,0","human_lord,foot,116,-217,-3.5,0,27,1,1,0","human_lord,base,125,-564,149.3,1,6,1,1,0","human_lord,shield,-56,-614,-28,0,3,1,1,0","human_lord,skirt,16,-456,8,0,9,1,1,0",,,,,,,,,,"horse_lord,head,358,-500,-6,0,0,1,1,0","horse_lord,neck,248,-500,-26,0,13,1,1,0","horse_lord,body,-36,-271,0,0,18,1,1,0",,"horse_lord,arm_low,180,-120,0,0,20,1,1,0","horse_lord,fist,191,-36,2,0,22,1,1,0",,"horse_lord,arm_low,112,-127,-10,0,22,1,1,0","horse_lord,fist,114,-44,-3,0,26,1.1,1.1,0",,"horse_lord,leg_low,-238,-118,0,0,21,1,1,0","horse_lord,foot,-227,-36,2,0,23,1,1,0",,"horse_lord,leg_low,-143,-132,0,0,22,1,1,0","horse_lord,foot,-129,-43,0,0,23,1,1,0",,"human_lord,shield_back,72,-598,5,0,27,1,1,0","horse_lord,tail,-286,-138,-11,0,24,1,1,0","horse_lord,seat,-60,-452,25,0,9,1,1,0","horse_lord,seat,63,-460,-15,1,9,1,1,0",,,,,,,,,,,,,,,,,,,,,,,,,,,,,,,,,,,,,,,,,,,,,,,,,,,,,,,,,,,,,,,,,,,,,,,,
GRAND_Attack/1,"human_lord,head,20,-726,5,0,6,1,1,0","human_lord,neck,14,-662,-2,0,9,1,1,0","human_lord,body,14,-577,-0.5,0,7,1,1,0","human_lord,arm_up,-48,-537,11,0,3,1,1,0","human_lord,arm_low,12,-474,91,0,5,1,1,0","human_lord,fist,100,-483,99,0,5,1,1,0","human_lord,arm_up,81,-587,21,1,20,1,1,0","human_lord,arm_low,154,-486,60,1,22,1,1,0","human_lord,fist,218,-451,52,1,22,1,1,0","human_lord,leg_up,-6,-383,36,0,9,1,1,0","human_lord,leg_low,14,-280,-16,0,12,1,1,0","human_lord,foot_cav,16,-198,-17.6,0,13,1,1,0","human_lord,leg_up,79,-437,43.2,0,18,1,1,0","human_lord,leg_low,107,-301,-3.5,0,23,1,1,0","human_lord,foot,116,-217,-3.5,0,27,1,1,0","human_lord,base,125,-635,-179,1,6,1,1,0","human_lord,shield,-48,-601,4,0,3,1,1,0","human_lord,skirt,16,-456,8,0,9,1,1,0",,,,,,,,,,"horse_lord,head,358,-500,-7,0,0,1,1,0","horse_lord,neck,248,-502,-27,0,13,1,1,0","horse_lord,body,-36,-271,0,0,18,1,1,0",,"horse_lord,arm_low,180,-120,0,0,20,1,1,0","horse_lord,fist,191,-36,2,0,22,1,1,0",,"horse_lord,arm_low,112,-127,-10,0,22,1,1,0","horse_lord,fist,114,-44,-3,0,26,1.1,1.1,0",,"horse_lord,leg_low,-241,-118,-7,0,21,1,1,0","horse_lord,foot,-237,-36,-3,0,23,1,1,0",,"horse_lord,leg_low,-143,-132,0,0,22,1,1,0","horse_lord,foot,-129,-43,0,0,23,1,1,0",,"human_lord,shield_back,68,-598,9,0,24,1,1,0","horse_lord,tail,-286,-138,-11,0,24,1,1,0","horse_lord,seat,-60,-452,25,0,8,1,1,0","horse_lord,seat,63,-460,-15,1,8,1,1,0",,,,,,,,,,,,,,,,,,,,,,,,,,,,,,,,,,,,,,,,,,,,,,,,,,,,,,,,,,,,,,,,,,,,,,,,
GRAND_Attack/2,"human_lord,head,15,-727,6,0,6,1,1,0","human_lord,neck,10,-663,-1,0,9,1,1,0","human_lord,body,11,-578,0.5,0,7,1,1,0","human_lord,arm_up,-19,-555,42,0,3,1,1,0","human_lord,arm_low,65,-532,122,0,5,1,1,0","human_lord,fist,135,-583,130,0,5,1,1,0","human_lord,arm_up,78,-589,22,1,20,1,1,0","human_lord,arm_low,153,-489,61,1,22,1,1,0","human_lord,fist,217,-455,53,1,22,1,1,0","human_lord,leg_up,-8,-390,36,0,9,1,1,0","human_lord,leg_low,10,-285,-13,0,12,1,1,0","human_lord,foot_cav,15,-203,-16.6,0,13,1,1,0","human_lord,leg_up,79,-437,43.2,0,18,1,1,0","human_lord,leg_low,107,-301,-3.5,0,23,1,1,0","human_lord,foot,116,-217,-3.5,0,27,1,1,0","human_lord,base,79,-728,-148,1,6,1,1,0","human_lord,shield,-52,-609,35,0,3,1,1,0","human_lord,skirt,15,-457,9,0,9,1,1,0",,,,,,,,,,"horse_lord,head,361,-492,-8,0,0,1,1,0","horse_lord,neck,251,-496,-28,0,13,1,1,0","horse_lord,body,-36,-271,-1,0,18,1,1,0",,"horse_lord,arm_low,210,-120,12,0,20,1,1,0","horse_lord,fist,244,-38,4,0,22,1,1,0",,"horse_lord,arm_low,127,-125,-8,0,22,1,1,0","horse_lord,fist,131,-42,-1,0,26,1.1,1.1,0",,"horse_lord,leg_low,-244,-118,-10,0,21,1,1,0","horse_lord,foot,-247,-36,-8,0,23,1,1,0",,"horse_lord,leg_low,-145,-132,0,0,22,1,1,0","horse_lord,foot,-132,-43,-3,0,23,1,1,0",,"human_lord,shield_back,65,-600,10,0,24,1,1,0","horse_lord,tail,-286,-138,-11,0,24,1,1,0","horse_lord,seat,-60,-452,25,0,8,1,1,0","horse_lord,seat,63,-460,-15,1,8,1,1,0",,,,,,,,,,,,,,,,,,,,,,,,,,,,,,,,,,,,,,,,,,,,,,,,,,,,,,,,,,,,,,,,,,,,,,,,
GRAND_Attack/3,"human_lord,head,4,-727,7,0,6,1,1,0","human_lord,neck,10,-663,-1,0,9,1,1,0","human_lord,body,8,-578,1.5,0,7,1,1,0","human_lord,arm_up,48,-618,94,0,3,1,1,0","human_lord,arm_low,118,-669,174,0,5,1,1,0","human_lord,fist,120,-764,-175,0,5,1,1,0","human_lord,arm_up,75,-589,24,1,21,1,1,0","human_lord,arm_low,153,-498,58,1,23,1,1,0","human_lord,fist,217,-455,53,1,23,1,1,0","human_lord,leg_up,-8,-390,36,0,9,1,1,0","human_lord,leg_low,10,-285,-13,0,12,1,1,0","human_lord,foot_cav,15,-203,-16.6,0,13,1,1,0","human_lord,leg_up,79,-437,43.2,0,19,1,1,0","human_lord,leg_low,107,-301,-3.5,0,24,1,1,0","human_lord,foot,116,-217,-3.5,0,28,1,1,0","human_lord,base,-30,-798,-95,1,6,1,1,0","human_lord,shield,-16,-625,97,0,3,1,1,0","human_lord,skirt,9,-456,7,0,9,1,1,0",,,,,,,,,,"horse_lord,head,363,-488,-10,0,0,1,1,0","horse_lord,neck,253,-494,-29,0,13,1,1,0","horse_lord,body,-36,-271,-1,0,19,1,1,0",,"horse_lord,arm_low,210,-120,12,0,21,1,1,0","horse_lord,fist,244,-38,4,0,23,1,1,0",,"horse_lord,arm_low,127,-125,-8,0,23,1,1,0","horse_lord,fist,131,-42,-1,0,27,1.1,1.1,0",,"horse_lord,leg_low,-244,-118,-10,0,22,1,1,0","horse_lord,foot,-247,-36,-8,0,24,1,1,0",,"horse_lord,leg_low,-145,-132,0,0,23,1,1,0","horse_lord,foot,-132,-43,-3,0,24,1,1,0",,"human_lord,shield_back,59,-604,23,0,25,1,1,0","horse_lord,tail,-286,-138,-11,0,25,1,1,0","horse_lord,seat,-60,-452,25,0,8,1,1,0","horse_lord,seat,63,-460,-15,1,8,1,1,0",,,,,,,,,,,,,,,,,,,,,,,,,,,,,,,,,,,,,,,,,,,,,,,,,,,,,,,,,,,,,,,,,,,,,,play_time_mod_1.25,,
GRAND_Attack/4,"human_lord,head,54,-727,-3,0,6,1,1,0","human_lord,neck,30,-663,-1,0,9,1,1,0","human_lord,body,29,-578,-11.5,0,7,1,1,0","human_lord,arm_up,88,-638,115,0,3,1,1,0","human_lord,arm_low,197,-687,119,0,5,1,1,0","human_lord,fist,280,-735,120,0,5,1,1,0","human_lord,arm_up,80,-590,23,1,30,1,1,0","human_lord,arm_low,156,-498,57,1,32,1,1,0","human_lord,fist,220,-454,52,1,32,1,1,0","human_lord,leg_up,-8,-390,36,0,9,1,1,0","human_lord,leg_low,10,-285,-13,0,12,1,1,0","human_lord,foot_cav,15,-203,-16.6,0,13,1,1,0","human_lord,leg_up,79,-437,43.2,0,31,1,1,0","human_lord,leg_low,107,-301,-3.5,0,33,1,1,0","human_lord,foot,116,-217,-3.5,0,37,1,1,0","human_lord,swing,248,-900,-165,0,6,1.1,1.1,0","human_lord,shield,19,-627,91,0,2,1,1,0","human_lord,skirt,9,-456,0,0,9,1,1,0",,,,,,,,,,"horse_lord,head,367,-498,-10,0,0,1,1,0","horse_lord,neck,257,-504,-29,0,13,1,1,0","horse_lord,body_move2,-30,-276,1,0,30,1,1,0","horse_lord,arm_up,172,-185,7,0,32,1,1,0","horse_lord,arm_low,163,-103,-1,0,32,1,1,0","horse_lord,fist,168,-28,-4,0,34,1,1,0","horse_lord,arm_up,208,-217,24,0,34,1.2,1,0","horse_lord,arm_low,222,-123,1,0,37,1,1,0","horse_lord,fist,239,-37,0,0,41,1.1,1.1,0",,"horse_lord,leg_low,-315,-123,-22,0,32,1,1,0","horse_lord,foot,-334,-43,-20,0,33,1,1,0",,"horse_lord,leg_low,-208,-133,18,0,34,1,1,0","horse_lord,foot,-171,-47,4,0,34,1,1.1,0",,"human_lord,shield_back,75,-609,10,0,32,1,1,0","horse_lord,tail,-316,-152,-21,0,36,1,1,0","horse_lord,seat,-59,-464,24,0,8,1,1,0","horse_lord,seat,64,-469,-16,1,8,1,1,0",,,,,,,,,,,,,,,,,,,,,,,,,,,,,,,,,,,,,,,,,,,,,,,,,,,,,,,,,,,,,,,,,,,,,,play_time_mod_0.5,,
GRAND_Attack/5,"human_lord,head,83,-737,-17,0,6,1,1,0","human_lord,neck,40,-674,-5,0,9,1,1,0","human_lord,body,34,-585,-18.5,0,7,1,1,0","human_lord,arm_up,85,-625,64,0,1,1,1,0","human_lord,arm_low,205,-563,65,0,2,1,1,0","human_lord,fist,283,-507,38,0,0,1,1,0","human_lord,arm_up,94,-592,6,1,33,1,1,0","human_lord,arm_low,151,-492,52,1,35,1,1,0","human_lord,fist,206,-453,45,1,35,1,1,0","human_lord,leg_up,1,-400,43,0,9,1,1,0","human_lord,leg_low,11,-307,-17,0,12,1,1,0","human_lord,foot_cav,11,-223,-26.6,0,13,1,1,0","human_lord,leg_up,88,-445,47.2,0,31,1,1,0","human_lord,leg_low,122,-328,0.5,0,36,1,1,0","human_lord,foot,135,-244,0.5,0,40,1,1,0","human_lord,swing,452,-543,110,0,1,1.1,1.1,0","human_lord,shield,25,-638,87,0,1,1,1,0","human_lord,skirt,6,-468,-5,0,9,1,1,0",,,,,,,,,,"horse_lord,head,372,-494,-4,0,2,1,1,0","horse_lord,neck,259,-498,-31,0,15,1,1,0","horse_lord,body_move,-30,-276,0,0,30,1,1,0","horse_lord,arm_up,176,-184,8,0,32,1,1,0","horse_lord,arm_low,162,-102,4,0,32,1,1,0","horse_lord,fist,171,-28,-2,0,34,1,1,0","horse_lord,arm_up,214,-219,27,0,34,1.2,1,0","horse_lord,arm_low,232,-125,4,0,37,1,1,0","horse_lord,fist,254,-42,3,0,41,1.1,1.1,0",,"horse_lord,leg_low,-323,-139,-22,0,32,1,1.2,0","horse_lord,foot,-342,-48,-20,0,33,1,1,0",,"horse_lord,leg_low,-225,-118,6,0,34,1,1,0","horse_lord,foot,-208,-34,-5,0,34,1,1.1,0",,"human_lord,shield_back,81,-600,11,0,35,1,1,0","horse_lord,tail,-337,-164,-36,0,36,1,1,0","horse_lord,seat,-57,-464,24,0,8,1,1,0","horse_lord,seat,66,-469,-16,1,8,1,1,0",,,,,,,,,,,,,,,,,,,,,,,,,,,,,,,,,,,,,,,,,,,,,,,,,,,,,,,,,,,,,,,,,,,,,,"sprite_deal_damage,play_time_mod_0.2",,
GRAND_Attack/6,"human_lord,head,100,-727,-25,0,6,1,1,0","human_lord,neck,50,-670,-25,0,9,1,1,0","human_lord,body,36,-570,-19.5,0,7,1,1,0","human_lord,arm_up,45,-573,54,0,1,1,1,0","human_lord,arm_low,138,-495,54,0,2,1,1,0","human_lord,fist,212,-425,38,0,0,1,1,0","human_lord,arm_up,92,-582,13,1,33,1,1,0","human_lord,arm_low,159,-482,55,1,35,1,1,0","human_lord,fist,206,-443,45,1,35,1,1,0","human_lord,leg_up,1,-400,43,0,9,1,1,0","human_lord,leg_low,7,-307,-21,0,12,1,1,0","human_lord,foot_cav,0,-226,-30.6,0,13,1,1,0","human_lord,leg_up,94,-445,48.2,0,31,1,1,0","human_lord,leg_low,122,-328,0.5,0,36,1,1,0","human_lord,foot,135,-244,0.5,0,40,1,1,0","human_lord,swing,416,-390,83,0,1,1.1,1.3,0","human_lord,shield,9,-604,57,0,1,1,1,0","human_lord,skirt,6,-464,-5,0,9,1,1,0",,,,,,,,,,"horse_lord,head,377,-497,13,0,7,1,1,0","horse_lord,neck,266,-487,-34,0,20,1,1,0","horse_lord,body_move,-30,-276,-2,0,30,1,1,0","horse_lord,arm_up,176,-186,6,0,32,1,1,0","horse_lord,arm_low,165,-102,0,0,32,1,1,0","horse_lord,fist,166,-28,-6,0,34,1,1,0","horse_lord,arm_up,216,-219,25,0,34,1.2,1,0","horse_lord,arm_low,230,-125,2,0,37,1,1,0","horse_lord,fist,250,-40,1,0,41,1.1,1.1,0",,"horse_lord,leg_low,-321,-142,-24,0,32,1,1.2,0","horse_lord,foot,-348,-51,-26,0,33,1,1,0",,"horse_lord,leg_low,-225,-118,6,0,34,1,1,0","horse_lord,foot,-208,-34,-5,0,34,1,1.1,0",,"human_lord,shield_back,81,-596,11,0,35,1,1,0","horse_lord,tail,-337,-176,-41,0,36,1,1,0","horse_lord,seat,-48,-469,19,0,8,1,1,0","horse_lord,seat,75,-464,-21,1,8,1,1,0",,,,,,,,,,,,,,,,,,,,,,,,,,,,,,,,,,,,,,,,,,,,,,,,,,,,,,,,,,,,,,,,,,,,,,"sprite_deal_damage,play_time_mod_0.1",,
GRAND_Attack/7,"human_lord,head,119,-717,-27,0,6,1,1,0","human_lord,neck,60,-660,-25,0,9,1,1,0","human_lord,body,37,-563,-21.5,0,7,1,1,0","human_lord,arm_up,5,-542,24,0,1,1,1,0","human_lord,arm_low,48,-426,24,0,2,1,1,0","human_lord,fist,68,-342,8,0,0,1,1,0","human_lord,arm_up,113,-582,9,1,33,1,1,0","human_lord,arm_low,159,-482,55,1,35,1,1,0","human_lord,fist,206,-443,45,1,35,1,1,0","human_lord,leg_up,1,-400,43,0,9,1,1,0","human_lord,leg_low,7,-307,-21,0,12,1,1,0","human_lord,foot_cav,0,-226,-30.6,0,13,1,1,0","human_lord,leg_up,94,-445,48.2,0,31,1,1,0","human_lord,leg_low,122,-328,0.5,0,36,1,1,0","human_lord,foot,135,-244,0.5,0,40,1,1,0","human_lord,swing,226,-234,59,0,1,1.1,1.2,0","human_lord,shield,-11,-594,27,0,1,1,1,0","human_lord,skirt,6,-458,-9,0,9,1,1,0",,,,,,,,,,"horse_lord,head,377,-488,12,0,0,1,1,0","horse_lord,neck,266,-480,-35,0,13,1,1,0","horse_lord,body_move2,-29,-276,-2,0,30,1,1,0","horse_lord,arm_up,169,-189,3,0,32,1,1,0","horse_lord,arm_low,164,-107,-3,0,32,1,1,0","horse_lord,fist,165,-31,-8,0,34,1,1,0","horse_lord,arm_up,219,-219,12,0,34,1.2,1,0","horse_lord,arm_low,220,-125,-1,0,37,1,1,0","horse_lord,fist,235,-37,-2,0,41,1.1,1.1,0",,"horse_lord,leg_low,-339,-141,-29,0,32,1,1.2,0","horse_lord,foot,-380,-50,-38,0,33,1,1,0",,"horse_lord,leg_low,-225,-118,-1,0,34,1,1,0","horse_lord,foot,-208,-34,0,0,34,1,1.1,0",,"human_lord,shield_back,111,-583,1,0,35,1,1,0","horse_lord,tail,-337,-164,-30,0,36,1,1,0","horse_lord,seat,-41,-471,17,0,8,1,1,0","horse_lord,seat,82,-462,-23,1,8,1,1,0",,,,,,,,,,,,,,,,,,,,,,,,,,,,,,,,,,,,,,,,,,,,,,,,,,,,,,,,,,,,,,,,,,,,,,"play_time_mod_0.2,sprite_deal_damage",,
GRAND_Attack/8,"human_lord,head,90,-730,-18,0,6,1,1,0","human_lord,neck,45,-673,-9,0,9,1,1,0","human_lord,body,37,-573,-18.5,0,7,1,1,0","human_lord,arm_up,-18,-564,4,0,1,1,1,0","human_lord,arm_low,-18,-436,4,0,2,1,1,0","human_lord,fist,-23,-352,-12,0,0,1,1,0","human_lord,arm_up,102,-572,-7,1,33,1,1,0","human_lord,arm_low,157,-482,65,1,35,1,1,0","human_lord,fist,206,-443,45,1,35,1,1,0","human_lord,leg_up,1,-400,43,0,9,1,1,0","human_lord,leg_low,2,-307,-27,0,12,1,1,0","human_lord,foot_cav,-20,-226,-40.6,0,13,1,1,0","human_lord,leg_up,94,-445,48.2,0,31,1,1,0","human_lord,leg_low,122,-328,0.5,0,36,1,1,0","human_lord,foot,135,-244,0.5,0,40,1,1,0","human_lord,swing,88,-193,39,0,1,1.1,1.2,0","human_lord,shield,-13,-622,-3,0,1,1,1,0","human_lord,skirt,14,-467,0,0,9,1,1,0",,,,,,,,,,"horse_lord,head,382,-482,11,0,0,1,1,0","horse_lord,neck,271,-476,-36,0,13,1,1,0","horse_lord,body_move,-29,-276,-3,0,30,1,1,0","horse_lord,arm_up,169,-189,3,0,32,1,1,0","horse_lord,arm_low,164,-107,-3,0,32,1,1,0","horse_lord,fist,165,-31,-8,0,34,1,1,0","horse_lord,arm_up,219,-219,13,0,34,1.2,1,0","horse_lord,arm_low,220,-125,-1,0,37,1,1,0","horse_lord,fist,235,-37,-2,0,41,1.1,1.1,0",,"horse_lord,leg_low,-343,-141,-32,0,32,1,1.2,0","horse_lord,foot,-387,-50,-42,0,33,1,1,0",,"horse_lord,leg_low,-225,-118,-1,0,34,1,1,0","horse_lord,foot,-208,-34,0,0,34,1,1.1,0",,"human_lord,shield_back,112,-584,-20,0,35,1,1,0","horse_lord,tail,-337,-174,-20,0,36,1,1,0","horse_lord,seat,-41,-472,16,0,8,1,1,0","horse_lord,seat,82,-461,-24,1,8,1,1,0",,,,,,,,,,,,,,,,,,,,,,,,,,,,,,,,,,,,,,,,,,,,,,,,,,,,,,,,,,,,,,,,,,,,,,"sprite_deal_damage,play_time_mod_0.1",,
GRAND_Attack/9,"human_lord,head,94,-748,-9,0,6,1,1,0","human_lord,neck,45,-673,-9,0,9,1,1,0","human_lord,body,40,-580,-18.5,0,7,1,1,0","human_lord,arm_up,-32,-564,-26,0,1,1,1,0","human_lord,arm_low,-95,-453,-26,0,2,1,1,0","human_lord,fist,-142,-383,-42,0,0,1,1,0","human_lord,arm_up,102,-572,-7,1,33,1,1,0","human_lord,arm_low,157,-482,65,1,35,1,1,0","human_lord,fist,206,-443,45,1,35,1,1,0","human_lord,leg_up,1,-400,46,0,9,1,1,0","human_lord,leg_low,1,-309,-33,0,12,1,1,0","human_lord,foot_cav,-25,-230,-45.6,0,13,1,1,0","human_lord,leg_up,94,-445,48.2,0,31,1,1,0","human_lord,leg_low,122,-328,0.5,0,36,1,1,0","human_lord,foot,135,-244,0.5,0,40,1,1,0","human_lord,swing,-125,-191,9,0,1,1.1,1.2,0","human_lord,shield,2,-613,-33,0,1,1,1,0","human_lord,skirt,15,-467,1,0,9,1,1,0",,,,,,,,,,"horse_lord,head,382,-479,10,0,0,1,1,0","horse_lord,neck,271,-475,-37,0,13,1,1,0","horse_lord,body_move,-26,-276,-3,0,30,1,1,0","horse_lord,arm_up,169,-189,3,0,32,1,1,0","horse_lord,arm_low,158,-107,-5,0,32,1,1,0","horse_lord,fist,154,-31,-8,0,34,1,1,0","horse_lord,arm_up,221,-219,19,0,34,1.2,1,0","horse_lord,arm_low,220,-125,-5,0,37,1,1,0","horse_lord,fist,230,-37,-2,0,41,1.1,1.1,0",,"horse_lord,leg_low,-343,-141,-36,0,32,1,1.2,0","horse_lord,foot,-391,-54,-45,0,33,1,1,0",,"horse_lord,leg_low,-225,-118,-1,0,34,1,1,0","horse_lord,foot,-208,-34,0,0,34,1,1.1,0",,"human_lord,shield_back,112,-588,-22,0,35,1,1,0","horse_lord,tail,-337,-174,-20,0,36,1,1,0","horse_lord,seat,-39,-475,13,0,8,1,1,0","horse_lord,seat,84,-458,-27,1,8,1,1,0",,,,,,,,,,,,,,,,,,,,,,,,,,,,,,,,,,,,,,,,,,,,,,,,,,,,,,,,,,,,,,,,,,,,,,,,
GRAND_Attack/10,"human_lord,head,94,-748,-6,0,6,1,1,0","human_lord,neck,45,-673,-9,0,9,1,1,0","human_lord,body,40,-580,-18.5,0,7,1,1,0","human_lord,arm_up,-32,-564,-29,0,1,1,1,0","human_lord,arm_low,-101,-456,-29,0,2,1,1,0","human_lord,fist,-151,-389,-45,0,0,1,1,0","human_lord,arm_up,102,-572,-7,1,33,1,1,0","human_lord,arm_low,157,-482,65,1,35,1,1,0","human_lord,fist,206,-443,45,1,35,1,1,0","human_lord,leg_up,1,-400,46,0,9,1,1,0","human_lord,leg_low,1,-309,-33,0,12,1,1,0","human_lord,foot_cav,-25,-230,-45.6,0,13,1,1,0","human_lord,leg_up,94,-445,48.2,0,31,1,1,0","human_lord,leg_low,122,-328,0.5,0,36,1,1,0","human_lord,foot,135,-244,0.5,0,40,1,1,0","human_lord,base,-146,-197,6,0,1,1.1,1.2,0","human_lord,shield,5,-613,-36,0,1,1,1,0","human_lord,skirt,15,-467,1,0,9,1,1,0",,,,,,,,,,"horse_lord,head,382,-483,11,0,0,1,1,0","horse_lord,neck,271,-477,-36,0,13,1,1,0","horse_lord,body_move2,-26,-276,-3,0,30,1,1,0","horse_lord,arm_up,169,-189,3,0,32,1,1,0","horse_lord,arm_low,152,-107,-5,0,32,1,1,0","horse_lord,fist,147,-31,-8,0,34,1,1,0","horse_lord,arm_up,219,-219,21,0,34,1.2,1,0","horse_lord,arm_low,216,-121,-10,0,37,1,1,0","horse_lord,fist,230,-37,3,0,41,1.1,1.1,0",,"horse_lord,leg_low,-341,-144,-30,0,32,1,1.2,0","horse_lord,foot,-395,-62,-64,0,33,1,1,0",,"horse_lord,leg_low,-225,-118,-1,0,34,1,1,0","horse_lord,foot,-208,-34,0,0,34,1,1.1,0",,"human_lord,shield_back,112,-588,-22,0,35,1,1,0","horse_lord,tail,-337,-168,-36,0,36,1,1,0","horse_lord,seat,-42,-475,13,0,8,1,1,0","horse_lord,seat,81,-458,-27,1,8,1,1,0",,,,,,,,,,,,,,,,,,,,,,,,,,,,,,,,,,,,,,,,,,,,,,,,,,,,,,,,,,,,,,,,,,,,,,play_time_mod_1.25,,
GRAND_Attack/11,"human_lord,head,72,-748,0,0,6,1,1,0","human_lord,neck,45,-673,-9,0,9,1,1,0","human_lord,body,37,-580,-16.5,0,7,1,1,0","human_lord,arm_up,-32,-570,-30,0,1,1,1,0","human_lord,arm_low,-93,-463,-20,0,2,1,1,0","human_lord,fist,-127,-374,-16,0,0,1,1,0","human_lord,arm_up,104,-572,2,1,33,1,1,0","human_lord,arm_low,161,-482,67,1,35,1,1,0","human_lord,fist,206,-443,45,1,35,1,1,0","human_lord,leg_up,-1,-400,42,0,9,1,1,0","human_lord,leg_low,1,-309,-22,0,12,1,1,0","human_lord,foot_cav,-20,-225,-45.6,0,13,1,1,0","human_lord,leg_up,94,-445,48.2,0,31,1,1,0","human_lord,leg_low,122,-328,0.5,0,36,1,1,0","human_lord,foot,135,-244,0.5,0,40,1,1,0","human_lord,base,-22,-218,35,0,1,1.1,1.2,0","human_lord,shield,6,-619,-37,0,1,1,1,0","human_lord,skirt,15,-467,1,0,9,1,1,0",,,,,,,,,,"horse_lord,head,384,-487,14,0,0,1,1,0","horse_lord,neck,273,-479,-35,0,13,1,1,0","horse_lord,body_move,-26,-280,-2,0,30,1,1,0","horse_lord,arm_up,169,-189,3,0,32,1,1,0","horse_lord,arm_low,148,-111,-5,0,32,1,1,0","horse_lord,fist,147,-31,-8,0,34,1,1,0","horse_lord,arm_up,217,-219,13,0,34,1.2,1,0","horse_lord,arm_low,212,-121,1,0,37,1,1,0","horse_lord,fist,230,-37,3,0,41,1.1,1.1,0",,"horse_lord,leg_low,-311,-144,-20,0,32,1,1.2,0","horse_lord,foot,-355,-62,-74,0,33,1,1,0",,"horse_lord,leg_low,-226,-118,0,0,34,1,1,0","horse_lord,foot,-207,-34,1,0,34,1,1.1,0",,"human_lord,shield_back,112,-588,-12,0,35,1,1,0","horse_lord,tail,-337,-168,-23,0,36,1,1,0","horse_lord,seat,-49,-474,20,0,8,1,1,0","horse_lord,seat,82,-468,-24,1,8,1,1,0",,,,,,,,,,,,,,,,,,,,,,,,,,,,,,,,,,,,,,,,,,,,,,,,,,,,,,,,,,,,,,,,,,,,,,play_time_mod_1.25,,
GRAND_Attack/12,"human_lord,head,32,-752,0,0,6,1,1,0","human_lord,neck,5,-677,-9,0,9,1,1,0","human_lord,body,14,-587,-6.5,0,7,1,1,0","human_lord,arm_up,-64,-570,-10,0,1,1,1,0","human_lord,arm_low,-84,-448,0,0,2,1,1,0","human_lord,fist,-86,-353,4,0,0,1,1,0","human_lord,arm_up,94,-582,12,1,33,1,1,0","human_lord,arm_low,150,-502,67,1,35,1,1,0","human_lord,fist,206,-443,45,1,35,1,1,0","human_lord,leg_up,-1,-400,42,0,9,1,1,0","human_lord,leg_low,1,-309,-22,0,12,1,1,0","human_lord,foot_cav,-20,-225,-45.6,0,13,1,1,0","human_lord,leg_up,94,-445,48.2,0,31,1,1,0","human_lord,leg_low,122,-328,0.5,0,36,1,1,0","human_lord,foot,135,-244,0.5,0,40,1,1,0","human_lord,base,66,-242,55,0,1,1.1,1.2,0","human_lord,shield,-45,-629,-17,0,1,1,1,0","human_lord,skirt,13,-467,1,0,9,1,1,0",,,,,,,,,,"horse_lord,head,372,-494,-4,0,0,1,1,0","horse_lord,neck,259,-498,-31,0,13,1,1,0","horse_lord,body_move2,-28,-271,0,0,30,1,1,0","horse_lord,arm_up,169,-189,3,0,32,1,1,0","horse_lord,arm_low,128,-111,-5,0,32,1,1,0","horse_lord,fist,127,-31,-8,0,34,1,1,0","horse_lord,arm_up,207,-219,13,0,34,1.2,1,0","horse_lord,arm_low,201,-121,1,0,37,1,1,0","horse_lord,fist,220,-37,3,0,41,1.1,1.1,0",,"horse_lord,leg_low,-281,-122,-20,0,32,1,1.2,0","horse_lord,foot,-305,-42,-44,0,33,1,1,0",,"horse_lord,leg_low,-218,-125,2,0,34,1,1,0","horse_lord,foot,-198,-34,3,0,34,1,1.1,0",,"human_lord,shield_back,92,-598,8,0,38,1,1,0","horse_lord,tail,-287,-128,-23,0,36,1,1,0","horse_lord,seat,-54,-474,20,0,8,1,1,0","horse_lord,seat,77,-468,-24,1,8,1,1,0",,,,,,,,,,,,,,,,,,,,,,,,,,,,,,,,,,,,,,,,,,,,,,,,,,,,,,,,,,,,,,,,,,,,,,,,
GRAND_Attack/13,"human_lord,head,38,-744,-2,0,6,1,1,0","human_lord,neck,3,-671,-9,0,9,1,1,0","human_lord,body,21,-581,-6.5,0,7,1,1,0","human_lord,arm_up,-72,-554,-24,0,1,1,1,0","human_lord,arm_low,-75,-448,30,0,2,1,1,0","human_lord,fist,-24,-365,34,0,0,1,1,0","human_lord,arm_up,92,-576,12,1,33,1,1,0","human_lord,arm_low,148,-496,67,1,35,1,1,0","human_lord,fist,204,-437,45,1,35,1,1,0","human_lord,leg_up,-3,-394,42,0,9,1,1,0","human_lord,leg_low,9,-303,-17,0,12,1,1,0","human_lord,foot_cav,-5,-209,-41.6,0,13,1,1,0","human_lord,leg_up,92,-439,48.2,0,31,1,1,0","human_lord,leg_low,120,-322,0.5,0,36,1,1,0","human_lord,foot,133,-238,0.5,0,40,1,1,0","human_lord,base,142,-424,115,0,1,1.1,1.2,0","human_lord,shield,-48,-608,-23,0,1,1,1,0","human_lord,skirt,11,-461,1,0,9,1,1,0",,,,,,,,,,"horse_lord,head,361,-492,-8,0,2,1,1,0","horse_lord,neck,251,-496,-28,0,15,1,1,0","horse_lord,body,-30,-271,1,0,30,1,1,0","horse_lord,arm_up,167,-189,3,0,32,1,1,0","horse_lord,arm_low,120,-114,-5,0,32,1,1,0","horse_lord,fist,121,-32,-6,0,34,1,1,0","horse_lord,arm_up,205,-219,13,0,34,1.2,1,0","horse_lord,arm_low,199,-121,1,0,37,1,1,0","horse_lord,fist,218,-37,3,0,41,1.1,1.1,0",,"horse_lord,leg_low,-273,-122,0,0,32,1,1.2,0","horse_lord,foot,-267,-30,-4,0,33,1,1,0",,"horse_lord,leg_low,-193,-125,2,0,34,1,1,0","horse_lord,foot,-173,-34,3,0,34,1,1.1,0",,"human_lord,shield_back,92,-598,10,0,38,1,1,0","horse_lord,tail,-281,-133,-16,0,36,1,1,0","horse_lord,seat,-57,-474,20,0,8,1,1,0","horse_lord,seat,67,-468,-24,1,8,1,1,0",,,,,,,,,,,,,,,,,,,,,,,,,,,,,,,,,,,,,,,,,,,,,,,,,,,,,,,,,,,,,,,,,,,,,,,,
GRAND_Attack/14,"human_lord,head,37,-727,-8,0,6,1,1,0","human_lord,neck,14,-662,-2,0,9,1,1,0","human_lord,body,14,-567,-6.5,0,7,1,1,0","human_lord,arm_up,-63,-574,-24,0,3,1,1,0","human_lord,arm_low,-43,-486,56,0,5,1,1,0","human_lord,fist,32,-443,64,0,5,1,1,0","human_lord,arm_up,82,-579,17,1,16,1,1,0","human_lord,arm_low,154,-488,60,1,18,1,1,0","human_lord,fist,218,-453,52,1,18,1,1,0","human_lord,leg_up,-8,-390,36,0,9,1,1,0","human_lord,leg_low,15,-285,-10,0,12,1,1,0","human_lord,foot_cav,23,-203,-13.6,0,13,1,1,0","human_lord,leg_up,79,-437,43.2,0,14,1,1,0","human_lord,leg_low,107,-301,-3.5,0,19,1,1,0","human_lord,foot,116,-217,-3.5,0,23,1,1,0","human_lord,base,130,-560,147.3,1,6,1,1,0","human_lord,shield,-51,-615,-23,0,3,1,1,0","human_lord,skirt,17,-458,8,0,9,1,1,0",,,,,,,,,,"horse_lord,head,358,-503,-7,0,0,1,1,0","horse_lord,neck,248,-505,-27,0,13,1,1,0","horse_lord,body,-36,-272,0,0,14,1,1,0",,"horse_lord,arm_low,180,-120,-2,0,16,1,1,0","horse_lord,fist,191,-36,2,0,18,1,1,0",,"horse_lord,arm_low,112,-127,-10,0,18,1,1,0","horse_lord,fist,114,-44,-3,0,22,1.1,1.1,0",,"horse_lord,leg_low,-238,-118,0,0,17,1,1,0","horse_lord,foot,-227,-36,2,0,19,1,1,0",,"horse_lord,leg_low,-143,-132,0,0,18,1,1,0","horse_lord,foot,-129,-43,0,0,19,1,1,0",,"human_lord,shield_back,72,-594,9,0,20,1,1,0","horse_lord,tail,-287,-138,-11,0,20,1,1,0","horse_lord,seat,-60,-454,25,0,8,1,1,0","horse_lord,seat,63,-462,-15,1,8,1,1,0",,,,,,,,,,,,,,,,,,,,,,,,,,,,,,,,,,,,,,,,,,,,,,,,,,,,,,,,,,,,,,,,,,,,,,,,
