"Name","p1_head","p1_neck","p1_body","p1_r_arm_up","p1_r_arm_low","p1_r_hand","p1_l_arm_up","p1_l_arm_low","p1_l_hand","p1_r_leg_up","p1_r_leg_low","p1_r_foot","p1_l_leg_up","p1_l_leg_low","p1_l_foot","p1_main_weapon","p1_sub_weapon","p1_special_1","p1_special_2","p1_special_3","p1_special_4","p1_special_5","p1_special_6","p1_special_7","p1_special_8","p1_special_9","p1_special_10","p2_head","p2_neck","p2_body","p2_r_arm_up","p2_r_arm_low","p2_r_hand","p2_l_arm_up","p2_l_arm_low","p2_l_hand","p2_r_leg_up","p2_r_leg_low","p2_r_foot","p2_l_leg_up","p2_l_leg_low","p2_l_foot","p2_main_weapon","p2_sub_weapon","p2_special_1","p2_special_2","p2_special_3","p2_special_4","p2_special_5","p2_special_6","p2_special_7","p2_special_8","p2_special_9","p2_special_10","p3_head","p3_neck","p3_body","p3_r_arm_up","p3_r_arm_low","p3_r_hand","p3_l_arm_up","p3_l_arm_low","p3_l_hand","p3_r_leg_up","p3_r_leg_low","p3_r_foot","p3_l_leg_up","p3_l_leg_low","p3_l_foot","p3_main_weapon","p3_sub_weapon","p3_special_1","p3_special_2","p3_special_3","p3_special_4","p3_special_5","p3_special_6","p3_special_7","p3_special_8","p3_special_9","p3_special_10","p4_head","p4_neck","p4_body","p4_r_arm_up","p4_r_arm_low","p4_r_hand","p4_l_arm_up","p4_l_arm_low","p4_l_hand","p4_r_leg_up","p4_r_leg_low","p4_r_foot","p4_l_leg_up","p4_l_leg_low","p4_l_foot","p4_main_weapon","p4_sub_weapon","p4_special_1","p4_special_2","p4_special_3","p4_special_4","p4_special_5","p4_special_6","p4_special_7","p4_special_8","p4_special_9","p4_special_10","effect_1","effect_2","effect_3","effect_4","effect_5","effect_6","effect_7","effect_8","frame_property","animation_property","sound_effect"
"Damaged/0","human_jester,head,25,-540,-13,0,4,1,1,0","human_jester,neck,15,-464,-5,0,7,1,1,0","human_jester,body,3,-355,-5.5,0,5,1,1,0","human_jester,arm_up,-87,-391,-33,0,4,1,1,0","human_jester,arm_low,-104,-303,21,0,6,1,1,0","white_human,open,-72,-209,10,0,7,1,1,0","human_jester,arm_up_left,76,-381,10,1,6,1,1,0","human_jester,arm_low_left,101,-271,15,1,9,1,1,0","white_human,open,121,-174,13,1,11,1,1,0","human_jester,leg_up,-44,-211,-8.7,0,8,1,1,0","human_jester,leg_low,-79,-87,-16,0,14,1,1,0","human_jester,foot,-74,-12,-1.6,0,14,1,1,0","human_jester,leg_up_left,63,-204,23.2,0,12,1,1,0","human_jester,leg_low_left,86,-78,3.5,0,17,1,1,0","human_jester,foot_left,111,-13,5.5,0,15,1,1,0",,,"human_jester,bell,-42,-313,0,0,4,1,1,0","human_jester,bell,-16,-311,6,0,5,1,1,0","human_jester,bell,36,-308,0,1,5,1,1,0","human_jester,bell,57,-309,5,1,4,1,1,0",,,,,,,,,,,,,,,,,,,,,,,,,,,,,,,,,,,,,,,,,,,,,,,,,,,,,,,,,,,,,,,,,,,,,,,,,,,,,,,,,,,,,,,,,,,,,,,,,,
"Damaged/1","human_jester,head,44,-540,-14,0,4,1,1,0","human_jester,neck,25,-464,-5,0,7,1,1,0","human_jester,body,9,-355,-8.5,0,5,1,1,0","human_jester,arm_up,-80,-398,-39,0,4,1,1,0","human_jester,arm_low,-124,-303,1,0,6,1,1,0","white_human,open,-126,-209,-10,0,7,1,1,0","human_jester,arm_up_left,96,-371,10,1,6,1,1,0","human_jester,arm_low_left,121,-261,15,1,9,1,1,0","white_human,open,141,-164,13,1,11,1,1,0","human_jester,leg_up,-42,-214,-9.7,0,8,1,1,0","human_jester,leg_low,-80,-90,-17,0,14,1,1,0","human_jester,foot,-76,-15,-5.6,0,14,1,1,0","human_jester,leg_up_left,64,-204,25.2,0,12,1,1,0","human_jester,leg_low_left,91,-78,7.5,0,17,1,1,0","human_jester,foot_left,119,-13,5.5,0,15,1,1,0",,,"human_jester,bell,-40,-318,-5,0,4,1,1,0","human_jester,bell,-14,-311,1,0,5,1,1,0","human_jester,bell,38,-308,-5,1,5,1,1,0","human_jester,bell,59,-304,0,1,4,1,1,0",,,,,,,,,,,,,,,,,,,,,,,,,,,,,,,,,,,,,,,,,,,,,,,,,,,,,,,,,,,,,,,,,,,,,,,,,,,,,,,,,,,,,,,,,,,,,,,,,,
"Damaged/2","human_jester,close,52,-528,-20,0,4,1,1,0","human_jester,neck,25,-464,-10,0,7,1,1,0","human_jester,body,9,-351,-10.5,0,5,1,1,0","human_jester,arm_up,-89,-411,-59,0,4,1,1,0","human_jester,arm_low,-151,-351,-24,0,6,1,1,0","white_human,open,-207,-272,-60,0,7,1,1,0","human_jester,arm_up_left,108,-371,20,1,6,1,1,0","human_jester,arm_low_left,162,-268,35,1,9,1,1,0","white_human,open,227,-194,53,1,11,1,1,0","human_jester,leg_up,-44,-213,-11.7,0,8,1,1,0","human_jester,leg_low,-88,-91,-21,0,14,1,1,0","human_jester,foot,-93,-21,-18.6,0,14,1,1,0","human_jester,leg_up_left,66,-202,26.2,0,12,1,1,0","human_jester,leg_low_left,92,-78,4.5,0,17,1,1,0","human_jester,foot_left,119,-13,5.5,0,15,1,1,0",,,"human_jester,bell,-39,-318,-11,0,4,1,1,0","human_jester,bell,-16,-311,-5,0,5,1,1,0","human_jester,bell,35,-299,-11,1,5,1,1,0","human_jester,bell,55,-296,-6,1,4,1,1,0",,,,,,,,,,,,,,,,,,,,,,,,,,,,,,,,,,,,,,,,,,,,,,,,,,,,,,,,,,,,,,,,,,,,,,,,,,,,,,,,,,,,,,,,,,,,,,,,"hold",,
"Damaged/3","human_jester,close,68,-508,-26,0,4,1,1,0","human_jester,neck,35,-454,-10,0,7,1,1,0","human_jester,body,9,-343,-14.5,0,5,1,1,0","human_jester,arm_up,-89,-414,-66,0,4,1,1,0","human_jester,arm_low,-181,-361,-54,0,6,1,1,0","white_human,open,-264,-306,-60,0,7,1,1,0","human_jester,arm_up_left,108,-359,20,1,6,1,1,0","human_jester,arm_low_left,166,-263,45,1,9,1,1,0","white_human,open,243,-201,63,1,11,1,1,0","human_jester,leg_up,-46,-213,-14.7,0,8,1,1,0","human_jester,leg_low,-100,-91,-27,0,14,1,1,0","human_jester,foot,-110,-20,-18.6,0,14,1,1,0","human_jester,leg_up_left,65,-197,38.2,0,12,1,1,0","human_jester,leg_low_left,112,-81,14.5,0,17,1,1,0","human_jester,foot_left,149,-13,16.5,0,15,1,1,0",,,"human_jester,bell,-40,-310,-3,0,4,1,1,0","human_jester,bell,-17,-301,-15,0,5,1,1,0","human_jester,bell,34,-290,7,1,5,1,1,0","human_jester,bell,54,-288,2,1,4,1,1,0",,,,,,,,,,,,,,,,,,,,,,,,,,,,,,,,,,,,,,,,,,,,,,,,,,,,,,,,,,,,,,,,,,,,,,,,,,,,,,,,,,,,,,,,,,,,,,,,,,"jester_bell,1500,0"
"Damaged/4","human_jester,head,44,-533,-16,0,4,1,1,0","human_jester,neck,25,-464,-5,0,7,1,1,0","human_jester,body,9,-355,-8.5,0,5,1,1,0","human_jester,arm_up,-80,-398,-39,0,4,1,1,0","human_jester,arm_low,-124,-303,1,0,6,1,1,0","white_human,open,-126,-209,-10,0,7,1,1,0","human_jester,arm_up_left,96,-371,10,1,6,1,1,0","human_jester,arm_low_left,132,-261,25,1,9,1,1,0","white_human,open,177,-173,33,1,11,1,1,0","human_jester,leg_up,-42,-214,-9.7,0,8,1,1,0","human_jester,leg_low,-80,-90,-17,0,14,1,1,0","human_jester,foot,-76,-15,-5.6,0,14,1,1,0","human_jester,leg_up_left,64,-204,25.2,0,12,1,1,0","human_jester,leg_low_left,91,-78,7.5,0,17,1,1,0","human_jester,foot_left,119,-13,5.5,0,15,1,1,0",,,"human_jester,bell,-40,-318,-5,0,4,1,1,0","human_jester,bell,-14,-311,1,0,5,1,1,0","human_jester,bell,38,-308,-5,1,5,1,1,0","human_jester,bell,59,-304,0,1,4,1,1,0",,,,,,,,,,,,,,,,,,,,,,,,,,,,,,,,,,,,,,,,,,,,,,,,,,,,,,,,,,,,,,,,,,,,,,,,,,,,,,,,,,,,,,,,,,,,,,,,,,
"Damaged/5","human_jester,head,5,-541,-6,0,4,1,1,0","human_jester,neck,-1,-464,-2,0,7,1,1,0","human_jester,body,0,-353,-2.5,0,5,1,1,0","human_jester,arm_up,-93,-386,-32,0,4,1,1,0","human_jester,arm_low,-95,-304,38,0,6,1,1,0","white_human,open,-48,-234,14,0,7,1,1,0","human_jester,arm_up_left,74,-378,9,1,6,1,1,0","human_jester,arm_low_left,99,-268,14,1,9,1,1,0","white_human,open,118,-171,12,1,11,1,1,0","human_jester,leg_up,-44,-211,-8.7,0,8,1,1,0","human_jester,leg_low,-79,-87,-16,0,14,1,1,0","human_jester,foot,-73,-13,-1.6,0,14,1,1,0","human_jester,leg_up_left,63,-203,22.2,0,12,1,1,0","human_jester,leg_low_left,80,-78,-0.5,0,17,1,1,0","human_jester,foot_left,104,-13,6.5,0,15,1,1,0",,,"human_jester,bell,-44,-311,-1,0,4,1,1,0","human_jester,bell,-18,-309,5,0,5,1,1,0","human_jester,bell,35,-305,-1,1,5,1,1,0","human_jester,bell,56,-305,4,1,4,1,1,0",,,,,,,,,,,,,,,,,,,,,,,,,,,,,,,,,,,,,,,,,,,,,,,,,,,,,,,,,,,,,,,,,,,,,,,,,,,,,,,,,,,,,,,,,,,,,,,,,,
"Default/0","human_jester,head,0,-543,1,0,4,1,1,0","human_jester,neck,-3,-462,-2,0,7,1,1,0","human_jester,body,0,-356,-1.5,0,5,1,1,0","human_jester,arm_up,-117,-425,-76,0,5,1,1,0","human_jester,arm_low,-212,-401,-76,0,7,1,1,0","white_human,fist,-300,-383,-84,0,9,1,1,0","human_jester,arm_up_left,109,-414,84,0,14,1,1,0","human_jester,arm_low_left,220,-405,86,1,21,1,1,0","white_human,fist_back,306,-397,73,0,23,1,1,0","human_jester,leg_up,-42,-211,-10.7,0,8,1,1,0","human_jester,leg_low,-77,-88,-14,0,14,1,1,0","human_jester,foot,-70,-13,-1.6,0,13,1,1,0","human_jester,leg_up_left,56,-211,21.2,0,12,1,1,0","human_jester,leg_low_left,78,-85,4.5,0,17,1,1,0","human_jester,foot_left,102,-15,4.5,0,15,1,1,0",,,"human_jester,bell,-42,-314,0,0,4,1,1,0","human_jester,bell,-16,-312,6,0,5,1,1,0","human_jester,bell,36,-309,0,1,5,1,1,0","human_jester,bell,57,-310,5,1,4,1,1,0",,,,,,,,,,,,,,,,,,,,,,,,,,,,,,,,,,,,,,,,,,,,,,,,,,,,,,,,,,,,,,,,,,,,,,,,,,,,,,,,,,,,,,,,,,,,,,,,,,
"Die/0","human_jester,head,44,-540,-14,0,4,1,1,0","human_jester,neck,25,-464,-5,0,7,1,1,0","human_jester,body,9,-355,-8.5,0,5,1,1,0","human_jester,arm_up,-92,-405,-49,0,4,1,1,0","human_jester,arm_low,-173,-336,-50,0,6,1,1,0","white_human,open,-249,-273,-50,1,7,1,1,0","human_jester,arm_up_left,113,-382,30,1,6,1,1,0","human_jester,arm_low_left,173,-287,35,1,9,1,1,0","white_human,open,231,-210,43,0,11,1,1,0","human_jester,leg_up,-42,-214,-9.7,0,8,1,1,0","human_jester,leg_low,-80,-90,-17,0,14,1,1,0","human_jester,foot,-76,-15,-5.6,0,14,1,1,0","human_jester,leg_up_left,64,-210,28.2,0,12,1,1,0","human_jester,leg_low_left,91,-85,5.5,0,17,1,1,0","human_jester,foot_left,110,-13,-14.5,0,15,1,1,0",,,"human_jester,bell,-50,-324,-35,0,4,1,1,0","human_jester,bell,-24,-317,-29,0,5,1,1,0","human_jester,bell,41,-308,5,1,5,1,1,0","human_jester,bell,62,-304,10,1,4,1,1,0",,,,,,,,,,,,,,,,,,,,,,,,,,,,,,,,,,,,,,,,,,,,,,,,,,,,,,,,,,,,,,,,,,,,,,,,,,,,,,,,,,,,,,,,,,,,,,,,,,
"Die/1","human_jester,close,47,-539,-16,0,4,1,1,0","human_jester,neck,25,-464,-5,0,7,1,1,0","human_jester,body,9,-355,-8.5,0,5,1,1,0","human_jester,arm_up,-85,-401,-41,0,4,1,1,0","human_jester,arm_low,-170,-364,-99,0,6,1,1,0","white_human,open,-256,-354,-50,1,7,1,1,0","human_jester,arm_up_left,123,-382,40,1,6,1,1,0","human_jester,arm_low_left,204,-357,105,1,9,1,1,0","white_human,open,283,-350,49,0,11,1,1,0","human_jester,leg_up,-44,-219,-9.7,0,8,1,1,0","human_jester,leg_low,-82,-93,-17,0,14,1,1,0","human_jester,foot,-92,-18,-35.6,0,14,1,1,0","human_jester,leg_up_left,66,-205,35.2,0,12,1,1,0","human_jester,leg_low_left,91,-99,-2.5,0,17,1,1,0","human_jester,foot_left,96,-23,-24.5,0,15,1,1,0",,,"human_jester,bell,-48,-324,-45,0,4,1,1,0","human_jester,bell,-25,-318,-39,0,5,1,1,0","human_jester,bell,44,-308,35,1,5,1,1,0","human_jester,bell,65,-308,40,1,4,1,1,0",,,,,,,,,,,,,,,,,,,,,,,,,,,,,,,,,,,,,,,,,,,,,,,,,,,,,,,,,,,,,,,,,,,,,,,,,,,,,,,,,,,,,,,,,,,,,,,,"hold",,
"Die/2","human_jester,close,47,-513,-19,0,4,1,1,0","human_jester,neck,25,-444,-5,0,7,1,1,0","human_jester,body,9,-335,-8.5,0,5,1,1,0","human_jester,arm_up,-85,-382,-43,0,4,1,1,0","human_jester,arm_low,-170,-361,-109,0,6,1,1,0","white_human,open,-252,-360,-50,1,7,1,1,0","human_jester,arm_up_left,123,-362,40,1,6,1,1,0","human_jester,arm_low_left,204,-347,115,1,9,1,1,0","white_human,open,283,-353,54,0,11,1,1,0","human_jester,leg_up,-44,-199,-9.7,0,8,1,1,0","human_jester,leg_low,-82,-73,-17,0,14,1,1,0","human_jester,foot,-89,2,-23.6,0,14,1,1,0","human_jester,leg_up_left,66,-185,35.2,0,12,1,1,0","human_jester,leg_low_left,91,-79,-2.5,0,17,1,1,0","human_jester,foot_left,101,-3,-16.5,0,15,1,1,0",,,"human_jester,bell,-48,-304,-45,0,4,1,1,0","human_jester,bell,-25,-298,-39,0,5,1,1,0","human_jester,bell,44,-288,35,1,5,1,1,0","human_jester,bell,65,-288,40,1,4,1,1,0",,,,,,,,,,,,,,,,,,,,,,,,,,,,,,,,,,,,,,,,,,,,,,,,,,,,,,,,,,,,,,,,,,,,,,,,,,,,,,,,,,,,,,,,"smoke_pop,base,22,-323,0,0,0,1.2,1.2,1",,,,,,,,,,"smoke_puff,2000,0"
"Die/3",,,,,,,,,,,,,,,,,,,,,,,,,,,,,,,,,,,,,,,,,,,,,,,,,,,,,,,,,,,,,,,,,,,,,,,,,,,,,,,,,,,,,,,,,,,,,,,,,,,,,,,,,,,,,"movement,crush,0,-515,0,0,0,1,1,1",,,,,,,,,,
"Idle/0","human_jester,head,1,-547,-2,0,4,1,1,0","human_jester,neck,-3,-465,-2,0,7,1,1,0","human_jester,body,0,-356,-1.5,0,5,1,1,0","human_jester,arm_up,-95,-389,-30,0,4,1,1,0","human_jester,arm_low,-96,-307,40,0,6,1,1,0","white_human,open,-48,-237,16,0,7,1,1,0","human_jester,arm_up_left,76,-383,10,1,6,1,1,0","human_jester,arm_low_left,101,-272,15,1,9,1,1,0","white_human,open,121,-175,13,1,11,1,1,0","human_jester,leg_up,-44,-211,-8.7,0,8,1,1,0","human_jester,leg_low,-79,-87,-16,0,14,1,1,0","human_jester,foot,-73,-13,-1.6,0,14,1,1,0","human_jester,leg_up_left,63,-205,20.2,0,12,1,1,0","human_jester,leg_low_left,80,-78,1.5,0,17,1,1,0","human_jester,foot_left,104,-13,5.5,0,15,1,1,0",,,"human_jester,bell,-42,-314,0,0,4,1,1,0","human_jester,bell,-16,-312,6,0,5,1,1,0","human_jester,bell,36,-309,0,1,5,1,1,0","human_jester,bell,57,-310,5,1,4,1,1,0",,,,,,,,,,,,,,,,,,,,,,,,,,,,,,,,,,,,,,,,,,,,,,,,,,,,,,,,,,,,,,,,,,,,,,,,,,,,,,,,,,,,,,,,,,,,,,,,"play_time_mod_1.5",,
"Idle/1","human_jester,head,3,-546,-3,0,4,1,1,0","human_jester,neck,-3,-464,-2,0,7,1,1,0","human_jester,body,0,-355,-1.5,0,5,1,1,0","human_jester,arm_up,-94,-387,-30,0,4,1,1,0","human_jester,arm_low,-95,-305,40,0,6,1,1,0","white_human,open,-47,-235,16,0,7,1,1,0","human_jester,arm_up_left,76,-381,10,1,6,1,1,0","human_jester,arm_low_left,101,-271,15,1,9,1,1,0","white_human,open,121,-174,13,1,11,1,1,0","human_jester,leg_up,-44,-211,-8.7,0,8,1,1,0","human_jester,leg_low,-79,-87,-16,0,14,1,1,0","human_jester,foot,-73,-13,-1.6,0,14,1,1,0","human_jester,leg_up_left,63,-204,21.2,0,12,1,1,0","human_jester,leg_low_left,80,-78,0.5,0,17,1,1,0","human_jester,foot_left,104,-13,5.5,0,15,1,1,0",,,"human_jester,bell,-42,-313,0,0,4,1,1,0","human_jester,bell,-16,-311,6,0,5,1,1,0","human_jester,bell,36,-308,0,1,5,1,1,0","human_jester,bell,57,-309,5,1,4,1,1,0",,,,,,,,,,,,,,,,,,,,,,,,,,,,,,,,,,,,,,,,,,,,,,,,,,,,,,,,,,,,,,,,,,,,,,,,,,,,,,,,,,,,,,,,,,,,,,,,,,
"Idle/2","human_jester,head,5,-544,-4,0,4,1,1,0","human_jester,neck,-1,-464,-2,0,7,1,1,0","human_jester,body,0,-354,-2.5,0,5,1,1,0","human_jester,arm_up,-94,-387,-31,0,4,1,1,0","human_jester,arm_low,-95,-305,39,0,6,1,1,0","white_human,open,-47,-235,15,0,7,1,1,0","human_jester,arm_up_left,76,-379,10,1,6,1,1,0","human_jester,arm_low_left,101,-269,15,1,9,1,1,0","white_human,open,121,-172,13,1,11,1,1,0","human_jester,leg_up,-44,-211,-8.7,0,8,1,1,0","human_jester,leg_low,-79,-87,-16,0,14,1,1,0","human_jester,foot,-73,-13,-1.6,0,14,1,1,0","human_jester,leg_up_left,63,-203,22.2,0,12,1,1,0","human_jester,leg_low_left,80,-78,-0.5,0,17,1,1,0","human_jester,foot_left,104,-13,6.5,0,15,1,1,0",,,"human_jester,bell,-44,-313,-1,0,4,1,1,0","human_jester,bell,-18,-310,5,0,5,1,1,0","human_jester,bell,35,-306,-1,1,5,1,1,0","human_jester,bell,56,-306,4,1,4,1,1,0",,,,,,,,,,,,,,,,,,,,,,,,,,,,,,,,,,,,,,,,,,,,,,,,,,,,,,,,,,,,,,,,,,,,,,,,,,,,,,,,,,,,,,,,,,,,,,,,"play_time_mod_1.25",,
"Idle/3","human_jester,head,5,-543,-5,0,4,1,1,0","human_jester,neck,-1,-464,-2,0,7,1,1,0","human_jester,body,0,-354,-2.5,0,5,1,1,0","human_jester,arm_up,-94,-387,-31,0,4,1,1,0","human_jester,arm_low,-95,-305,39,0,6,1,1,0","white_human,open,-47,-235,15,0,7,1,1,0","human_jester,arm_up_left,75,-379,9,1,6,1,1,0","human_jester,arm_low_left,100,-269,14,1,9,1,1,0","white_human,open,119,-172,12,1,11,1,1,0","human_jester,leg_up,-44,-211,-8.7,0,8,1,1,0","human_jester,leg_low,-79,-87,-16,0,14,1,1,0","human_jester,foot,-73,-13,-1.6,0,14,1,1,0","human_jester,leg_up_left,63,-203,22.2,0,12,1,1,0","human_jester,leg_low_left,80,-78,-0.5,0,17,1,1,0","human_jester,foot_left,104,-13,6.5,0,15,1,1,0",,,"human_jester,bell,-44,-313,-1,0,4,1,1,0","human_jester,bell,-18,-310,5,0,5,1,1,0","human_jester,bell,35,-306,-1,1,5,1,1,0","human_jester,bell,56,-306,4,1,4,1,1,0",,,,,,,,,,,,,,,,,,,,,,,,,,,,,,,,,,,,,,,,,,,,,,,,,,,,,,,,,,,,,,,,,,,,,,,,,,,,,,,,,,,,,,,,,,,,,,,,,,
"Idle/4","human_jester,head,5,-541,-6,0,4,1,1,0","human_jester,neck,-1,-464,-2,0,7,1,1,0","human_jester,body,0,-353,-2.5,0,5,1,1,0","human_jester,arm_up,-93,-386,-32,0,4,1,1,0","human_jester,arm_low,-95,-304,38,0,6,1,1,0","white_human,open,-48,-234,14,0,7,1,1,0","human_jester,arm_up_left,74,-378,9,1,6,1,1,0","human_jester,arm_low_left,99,-268,14,1,9,1,1,0","white_human,open,118,-171,12,1,11,1,1,0","human_jester,leg_up,-44,-211,-8.7,0,8,1,1,0","human_jester,leg_low,-79,-87,-16,0,14,1,1,0","human_jester,foot,-73,-13,-1.6,0,14,1,1,0","human_jester,leg_up_left,63,-203,22.2,0,12,1,1,0","human_jester,leg_low_left,80,-78,-0.5,0,17,1,1,0","human_jester,foot_left,104,-13,6.5,0,15,1,1,0",,,"human_jester,bell,-44,-311,-1,0,4,1,1,0","human_jester,bell,-18,-309,5,0,5,1,1,0","human_jester,bell,35,-305,-1,1,5,1,1,0","human_jester,bell,56,-305,4,1,4,1,1,0",,,,,,,,,,,,,,,,,,,,,,,,,,,,,,,,,,,,,,,,,,,,,,,,,,,,,,,,,,,,,,,,,,,,,,,,,,,,,,,,,,,,,,,,,,,,,,,,,,
"Idle/5","human_jester,head,5,-544,-4,0,4,1,1,0","human_jester,neck,-1,-464,-2,0,7,1,1,0","human_jester,body,0,-354,-2.5,0,5,1,1,0","human_jester,arm_up,-94,-387,-31,0,4,1,1,0","human_jester,arm_low,-95,-305,39,0,6,1,1,0","white_human,open,-47,-235,15,0,7,1,1,0","human_jester,arm_up_left,76,-379,10,1,6,1,1,0","human_jester,arm_low_left,101,-269,15,1,9,1,1,0","white_human,open,121,-172,13,1,11,1,1,0","human_jester,leg_up,-44,-211,-8.7,0,8,1,1,0","human_jester,leg_low,-79,-87,-16,0,14,1,1,0","human_jester,foot,-73,-13,-1.6,0,14,1,1,0","human_jester,leg_up_left,63,-203,22.2,0,12,1,1,0","human_jester,leg_low_left,80,-78,-0.5,0,17,1,1,0","human_jester,foot_left,104,-13,6.5,0,15,1,1,0",,,"human_jester,bell,-44,-313,-1,0,4,1,1,0","human_jester,bell,-18,-310,5,0,5,1,1,0","human_jester,bell,35,-306,-1,1,5,1,1,0","human_jester,bell,56,-306,4,1,4,1,1,0",,,,,,,,,,,,,,,,,,,,,,,,,,,,,,,,,,,,,,,,,,,,,,,,,,,,,,,,,,,,,,,,,,,,,,,,,,,,,,,,,,,,,,,,,,,,,,,,"play_time_mod_1.25",,
"Idle/6","human_jester,head,3,-546,-3,0,4,1,1,0","human_jester,neck,-3,-464,-2,0,7,1,1,0","human_jester,body,0,-355,-1.5,0,5,1,1,0","human_jester,arm_up,-94,-387,-30,0,4,1,1,0","human_jester,arm_low,-95,-305,40,0,6,1,1,0","white_human,open,-47,-235,16,0,7,1,1,0","human_jester,arm_up_left,76,-381,10,1,6,1,1,0","human_jester,arm_low_left,101,-271,15,1,9,1,1,0","white_human,open,121,-174,13,1,11,1,1,0","human_jester,leg_up,-44,-211,-8.7,0,8,1,1,0","human_jester,leg_low,-79,-87,-16,0,14,1,1,0","human_jester,foot,-73,-13,-1.6,0,14,1,1,0","human_jester,leg_up_left,63,-204,21.2,0,12,1,1,0","human_jester,leg_low_left,80,-78,0.5,0,17,1,1,0","human_jester,foot_left,104,-13,5.5,0,15,1,1,0",,,"human_jester,bell,-42,-313,0,0,4,1,1,0","human_jester,bell,-16,-311,6,0,5,1,1,0","human_jester,bell,36,-308,0,1,5,1,1,0","human_jester,bell,57,-309,5,1,4,1,1,0",,,,,,,,,,,,,,,,,,,,,,,,,,,,,,,,,,,,,,,,,,,,,,,,,,,,,,,,,,,,,,,,,,,,,,,,,,,,,,,,,,,,,,,,,,,,,,,,,,
"Knockdown/0","human_jester,head,1,-558,-2,0,4,1,1,0","human_jester,neck,-3,-476,-2,0,7,1,1,0","human_jester,body,0,-367,-1.5,0,5,1,1,0","human_jester,arm_up,-105,-403,-40,0,2,1,1,0","human_jester,arm_low,-104,-333,51,0,4,1,1,0","white_human,open,-39,-278,30,0,5,1,1,0","human_jester,arm_up_left,86,-404,20,1,6,1,1,0","human_jester,arm_low_left,142,-303,35,1,9,1,1,0","white_human,open,199,-226,43,1,11,1,1,0","human_jester,leg_up,-35,-222,1.3,0,8,1,1,0","human_jester,leg_low,-69,-108,-26,0,14,1,1,0","human_jester,foot,-87,-33,-31.6,0,14,1,1,0","human_jester,leg_up_left,65,-225,29.2,0,12,1,1,0","human_jester,leg_low_left,78,-111,-8.5,0,17,1,1,0","human_jester,foot_left,76,-38,-24.5,0,15,1,1,0",,,"human_jester,bell,-42,-325,0,0,4,1,1,0","human_jester,bell,-16,-323,6,0,5,1,1,0","human_jester,bell,36,-320,0,1,5,1,1,0","human_jester,bell,57,-321,5,1,4,1,1,0",,,,,,,,,,,,,,,,,,,,,,,,,,,,,,,,,,,,,,,,,,,,,,,,,,,,,,,,,,,,,,,,,,,,,,,,,,,,,,,,,,,,,,,,,,,,,,,,,"play_time_mod_0.5",
"Knockdown/1","human_jester,head,-14,-587,3,0,4,1,1,0","human_jester,neck,-10,-506,1,0,7,1,1,0","human_jester,body,-1,-396,1.5,0,5,1,1,0","human_jester,arm_up,-111,-432,-42,0,2,1,1,0","human_jester,arm_low,-110,-371,54,0,4,1,1,0","white_human,open,-37,-318,43,0,5,1,1,0","human_jester,arm_up_left,82,-440,32,1,6,1,1,0","human_jester,arm_low_left,157,-361,58,1,9,1,1,0","white_human,open,244,-320,77,1,11,1,1,0","human_jester,leg_up,-29,-251,4.3,0,8,1,1,0","human_jester,leg_low,-58,-134,-23,0,14,1,1,0","human_jester,foot,-70,-59,-28.6,0,14,1,1,0","human_jester,leg_up_left,68,-270,52.2,0,12,1,1,0","human_jester,leg_low_left,102,-172,-5.5,0,17,1,1,0","human_jester,foot_left,105,-95,-21.5,0,15,1,1,0",,,"human_jester,bell,-41,-351,3,0,4,1,1,0","human_jester,bell,-13,-352,9,0,5,1,1,0","human_jester,bell,39,-352,3,1,5,1,1,0","human_jester,bell,59,-353,8,1,4,1,1,0",,,,,,,,,,,,,,,,,,,,,,,,,,,,,,,,,,,,,,,,,,,,,,,,,,,,,,,,,,,,,,,,,,,,,,,,,,,,,,,,,,,,,,,,,,,,,,,,,"play_time_mod_0.5",
"Knockdown/2","human_jester,close,-63,-588,23,0,4,1,1,0","human_jester,neck,-37,-510,19,0,7,1,1,0","human_jester,body,-13,-403,11.5,0,5,1,1,0","human_jester,arm_up,-127,-420,-32,0,2,1,1,0","human_jester,arm_low,-116,-360,64,0,4,1,1,0","white_human,open,-35,-320,53,0,5,1,1,0","human_jester,arm_up_left,61,-481,72,1,6,1,1,0","human_jester,arm_low_left,179,-466,88,1,9,1,1,0","white_human,open,267,-482,127,1,11,1,1,0","human_jester,leg_up,-15,-256,14.3,0,8,1,1,0","human_jester,leg_low,-23,-135,-13,0,14,1,1,0","human_jester,foot,-22,-59,-18.6,0,14,1,1,0","human_jester,leg_up_left,77,-301,67.2,0,12,1,1,0","human_jester,leg_low_left,129,-217,4.5,0,17,1,1,0","human_jester,foot_left,145,-142,-11.5,0,15,1,1,0",,,"human_jester,bell,-44,-352,13,0,4,1,1,0","human_jester,bell,-17,-358,19,0,5,1,1,0","human_jester,bell,34,-367,13,1,5,1,1,0","human_jester,bell,54,-371,18,1,4,1,1,0",,,,,,,,,,,,,,,,,,,,,,,,,,,,,,,,,,,,,,,,,,,,,,,,,,,,,,,,,,,,,,,,,,,,,,,,,,,,,,,,,,,,,,,,,,,,,,,,"hold","play_time_mod_0.5",
"Knockdown/3","human_jester,close,-232,-374,86,0,4,1,1,0","human_jester,neck,-151,-361,79,0,7,1,1,0","human_jester,body,-47,-327,71.5,0,5,1,1,0","human_jester,arm_up,-118,-238,28,0,2,1,1,0","human_jester,arm_low,-60,-218,124,0,4,1,1,0","white_human,open,14,-268,113,0,5,1,1,0","human_jester,arm_up_left,-82,-440,152,1,6,1,1,0","human_jester,arm_low_left,-54,-529,168,1,9,1,1,0","white_human,open,-57,-620,-160,1,11,1,1,0","human_jester,leg_up,80,-253,74.3,0,8,1,1,0","human_jester,leg_low,180,-186,47,0,14,1,1,0","human_jester,foot,246,-148,41.4,0,14,1,1,0","human_jester,leg_up_left,87,-357,127.2,0,12,1,1,0","human_jester,leg_low_left,187,-357,64.5,0,17,1,1,0","human_jester,foot_left,258,-333,48.5,0,15,1,1,0",,,"human_jester,bell,-17,-276,73,0,4,1,1,0","human_jester,bell,-10,-301,79,0,5,1,1,0","human_jester,bell,9,-351,73,1,5,1,1,0","human_jester,bell,15,-370,78,1,4,1,1,0",,,,,,,,,,,,,,,,,,,,,,,,,,,,,,,,,,,,,,,,,,,,,,,,,,,,,,,,,,,,,,,,,,,,,,,,,,,,,,,,,,,,,,,,,,,,,,,,,"play_time_mod_0.5","swing_bulk_small,2000,0"
"Knockdown/4","human_jester,close,-95,-174,160,0,4,1,1,0","human_jester,neck,-58,-246,149,0,7,1,1,0","human_jester,body,11,-331,141.5,0,5,1,1,0","human_jester,arm_up,70,-234,98,0,2,1,1,0","human_jester,arm_low,108,-282,-170,0,4,1,1,0","white_human,open,86,-369,-180,0,5,1,1,0","human_jester,arm_up_left,-119,-318,-109,1,6,1,1,0","human_jester,arm_low_left,-240,-337,-90,1,9,1,1,0","white_human,open,-323,-310,-40,1,11,1,1,0","human_jester,leg_up,123,-426,146.3,0,8,1,1,0","human_jester,leg_low,213,-499,116,0,14,1,1,0","human_jester,foot,271,-544,109.4,0,14,1,1,0","human_jester,leg_up_left,22,-468,-166,0,12,1,1,0","human_jester,leg_low_left,57,-561,134.5,0,17,1,1,0","human_jester,foot_left,103,-622,118.5,0,15,1,1,0",,,"human_jester,bell,69,-342,143,0,4,1,1,0","human_jester,bell,49,-357,149,0,5,1,1,0","human_jester,bell,6,-392,143,1,5,1,1,0","human_jester,bell,-11,-406,148,1,4,1,1,0",,,,,,,,,,,,,,,,,,,,,,,,,,,,,,,,,,,,,,,,,,,,,,,,,,,,,,,,,,,,,,,,,,,,,,,,,,,,,,,,,,,,,,,,,,,,,,,,,"play_time_mod_0.5",
"Knockdown/5","human_jester,close,178,-202,-134,0,4,1,1,0","human_jester,neck,122,-262,-150,0,7,1,1,0","human_jester,body,67,-355,-150,0,5,1,1,0","human_jester,arm_up,177,-375,168,0,2,1,1,0","human_jester,arm_low,145,-427,-100,0,4,1,1,0","white_human,open,56,-437,-90,0,5,1,1,0","human_jester,arm_up_left,33,-225,-32,1,6,1,1,0","human_jester,arm_low_left,-10,-122,-10,1,9,1,1,0","white_human,open,1,-34,44,1,11,1,1,0","human_jester,leg_up,15,-493,-150,0,8,1,1,0","human_jester,leg_low,-3,-603,-180,0,14,1,1,0","human_jester,foot,-22,-672,179.4,0,14,1,1,0","human_jester,leg_up_left,-59,-413,-96,0,12,1,1,0","human_jester,leg_low_left,-130,-473,-160,0,17,1,1,0","human_jester,foot_left,-163,-539,-180,0,15,1,1,0",,,"human_jester,bell,76,-412,-150,0,4,1,1,0","human_jester,bell,55,-400,-150,0,5,1,1,0","human_jester,bell,7,-371,-150,1,5,1,1,0","human_jester,bell,-12,-359,-150,1,4,1,1,0",,,,,,,,,,,,,,,,,,,,,,,,,,,,,,,,,,,,,,,,,,,,,,,,,,,,,,,,,,,,,,,,,,,,,,,,,,,,,,,,,,,,,,,,,,,,,,,,,"play_time_mod_0.5",
"Knockdown/6","human_jester,close,212,-260,-94,0,4,1,1,0","human_jester,neck,131,-270,-110,0,7,1,1,0","human_jester,body,28,-305,-110,0,5,1,1,0","human_jester,arm_up,100,-391,-160,0,2,1,1,0","human_jester,arm_low,42,-411,-60,0,4,1,1,0","white_human,open,-32,-361,-50,0,5,1,1,0","human_jester,arm_up_left,80,-184,-2,1,6,1,1,0","human_jester,arm_low_left,79,-77,0,1,9,1,1,0","white_human,open,106,6,54,1,11,1,1,0","human_jester,leg_up,-99,-378,-110,0,8,1,1,0","human_jester,leg_low,-184,-447,-140,0,14,1,1,0","human_jester,foot,-243,-489,-150,0,14,1,1,0","human_jester,leg_up_left,-106,-270,-56,0,12,1,1,0","human_jester,leg_low_left,-199,-272,-120,0,17,1,1,0","human_jester,foot_left,-266,-298,-140,0,15,1,1,0",,,"human_jester,bell,-1,-354,-110,0,4,1,1,0","human_jester,bell,-10,-332,-110,0,5,1,1,0","human_jester,bell,-28,-279,-110,1,5,1,1,0","human_jester,bell,-36,-258,-110,1,4,1,1,0",,,,,,,,,,,,,,,,,,,,,,,,,,,,,,,,,,,,,,,,,,,,,,,,,,,,,,,,,,,,,,,,,,,,,,,,,,,,,,,,,,,,,,,,,,,,,,,,,"play_time_mod_0.5",
"Knockdown/7","human_jester,close,166,-268,-84,0,4,1,1,0","human_jester,neck,101,-260,-60,0,7,1,1,0","human_jester,body,-12,-225,-70,0,5,1,1,0","human_jester,arm_up,0,-345,-130,0,2,1,1,0","human_jester,arm_low,-59,-334,-30,0,4,1,1,0","white_human,open,-100,-254,-20,0,5,1,1,0","human_jester,arm_up_left,80,-178,-2,1,6,1,1,0","human_jester,arm_low_left,79,-75,2,1,9,1,1,0","white_human,open,107,9,52,1,11,1,1,0","human_jester,leg_up,-160,-232,-110,0,8,1,1,0","human_jester,leg_low,-249,-303,-142,0,14,1,1,0","human_jester,foot,-304,-343,-150,0,14,1,1,0","human_jester,leg_up_left,-95,-97,-6,0,12,1,1,0","human_jester,leg_low_left,-157,-26,-70,0,17,1,1,0","human_jester,foot_left,-220,9,-90,0,15,1,1,0",,,"human_jester,bell,-63,-241,-30,0,4,1,1,0","human_jester,bell,-55,-217,-30,0,5,1,1,0","human_jester,bell,-34,-166,-29,1,5,1,1,0","human_jester,bell,-26,-146,-29,1,4,1,1,0",,,,,,,,,,,,,,,,,,,,,,,,,,,,,,,,,,,,,,,,,,,,,,,,,,,,,,,,,,,,,,,,,,,,,,,,,,,,,,,,,,,,,,,,,,,,,,,,,"play_time_mod_0.5","jester_bell,1500,0"
"Run/0","human_jester,head,5,-541,-1,0,4,1,1,0","human_jester,neck,-1,-464,-2,0,7,1,1,0","human_jester,body,0,-353,-2.5,0,5,1,1,0","human_jester,arm_up,-114,-411,-62,0,4,1,1,0","human_jester,arm_low,-218,-359,-62,0,6,1,1,0","white_human,open,-311,-325,-86,0,7,1,1,0","human_jester,arm_up_left,87,-413,59,1,6,1,1,0","human_jester,arm_low_left,165,-377,74,1,9,1,1,0","white_human,open,259,-343,72,1,11,1,1,0","human_jester,leg_up,-31,-213,0.3,0,8,1,1,0","human_jester,leg_low,-47,-84,-7,0,14,1,1,0","human_jester,foot,-35,-13,-4.6,0,14,1,1,0","human_jester,leg_up_left,63,-214,42.2,0,12,1,1,0","human_jester,leg_low_left,90,-112,-3.5,0,17,1,1,0","human_jester,foot_left,89,-38,-34.5,0,15,1,1,0",,,"human_jester,bell,-44,-311,-1,0,4,1,1,0","human_jester,bell,-18,-309,5,0,5,1,1,0","human_jester,bell,35,-305,-1,1,5,1,1,0","human_jester,bell,56,-305,4,1,4,1,1,0",,,,,,,,,,,,,,,,,,,,,,,,,,,,,,,,,,,,,,,,,,,,,,,,,,,,,,,,,,,,,,,,,,,,,,,,,,,,,,,,,,,,,,,,,,,,,,,,,"play_time_mod_0.8",
"Run/1","human_jester,head,5,-571,3,0,4,1,1,0","human_jester,neck,-1,-494,-2,0,7,1,1,0","human_jester,body,0,-383,-2.5,0,5,1,1,0","human_jester,arm_up,-112,-431,-50,0,4,1,1,0","human_jester,arm_low,-203,-358,-50,0,6,1,1,0","white_human,open,-287,-305,-74,0,7,1,1,0","human_jester,arm_up_left,88,-436,45,1,6,1,1,0","human_jester,arm_low_left,155,-383,60,1,9,1,1,0","white_human,open,238,-330,58,1,11,1,1,0","human_jester,leg_up,-31,-243,0.3,0,8,1,1,0","human_jester,leg_low,-47,-114,-7,0,14,1,1,0","human_jester,foot,-54,-43,-34.6,0,14,1,1,0","human_jester,leg_up_left,63,-264,52.2,0,12,1,1,0","human_jester,leg_low_left,88,-169,-10.5,0,17,1,1,0","human_jester,foot_left,77,-92,-33.5,0,15,1,1,0",,,"human_jester,bell,-44,-341,-1,0,4,1,1,0","human_jester,bell,-18,-339,5,0,5,1,1,0","human_jester,bell,35,-335,-1,1,5,1,1,0","human_jester,bell,56,-335,4,1,4,1,1,0",,,,,,,,,,,,,,,,,,,,,,,,,,,,,,,,,,,,,,,,,,,,,,,,,,,,,,,,,,,,,,,,,,,,,,,,,,,,,,,,,,,,,,,,,,,,,,,,,"play_time_mod_0.8",
"Run/2","human_jester,head,5,-601,6,0,4,1,1,0","human_jester,neck,-1,-524,-2,0,7,1,1,0","human_jester,body,0,-413,-2.5,0,5,1,1,0","human_jester,arm_up,-101,-453,-40,0,4,1,1,0","human_jester,arm_low,-174,-370,-40,0,6,1,1,0","white_human,open,-239,-301,-54,0,7,1,1,0","human_jester,arm_up_left,90,-461,42,1,6,1,1,0","human_jester,arm_low_left,154,-405,57,1,9,1,1,0","white_human,open,234,-349,55,1,11,1,1,0","human_jester,leg_up,-31,-273,0.3,0,8,1,1,0","human_jester,leg_low,-47,-144,-7,0,14,1,1,0","human_jester,foot,-54,-73,-40.6,0,14,1,1,0","human_jester,leg_up_left,63,-296,62.2,0,12,1,1,0","human_jester,leg_low_left,94,-209,-10.5,0,17,1,1,0","human_jester,foot_left,79,-138,-53.5,0,15,1,1,0",,,"human_jester,bell,-44,-371,-1,0,4,1,1,0","human_jester,bell,-18,-369,5,0,5,1,1,0","human_jester,bell,35,-365,-1,1,5,1,1,0","human_jester,bell,56,-365,4,1,4,1,1,0",,,,,,,,,,,,,,,,,,,,,,,,,,,,,,,,,,,,,,,,,,,,,,,,,,,,,,,,,,,,,,,,,,,,,,,,,,,,,,,,,,,,,,,,,,,,,,,,,"play_time_mod_0.8",
"Run/3","human_jester,head,5,-571,3,0,4,1,1,0","human_jester,neck,-1,-494,-2,0,7,1,1,0","human_jester,body,0,-383,-2.5,0,5,1,1,0","human_jester,arm_up,-107,-430,-52,0,4,1,1,0","human_jester,arm_low,-193,-363,-52,0,6,1,1,0","white_human,open,-269,-310,-66,0,7,1,1,0","human_jester,arm_up_left,85,-442,52,1,6,1,1,0","human_jester,arm_low_left,168,-391,67,1,9,1,1,0","white_human,open,257,-349,65,1,11,1,1,0","human_jester,leg_up,-31,-240,0.3,0,8,1,1,0","human_jester,leg_low,-47,-111,-7,0,14,1,1,0","human_jester,foot,-50,-38,-27.6,0,14,1,1,0","human_jester,leg_up_left,63,-266,62.2,0,12,1,1,0","human_jester,leg_low_left,94,-179,-10.5,0,17,1,1,0","human_jester,foot_left,79,-108,-53.5,0,15,1,1,0",,,"human_jester,bell,-47,-341,-12,0,4,1,1,0","human_jester,bell,-25,-339,-5,0,5,1,1,0","human_jester,bell,35,-335,9,1,5,1,1,0","human_jester,bell,56,-339,24,1,4,1,1,0",,,,,,,,,,,,,,,,,,,,,,,,,,,,,,,,,,,,,,,,,,,,,,,,,,,,,,,,,,,,,,,,,,,,,,,,,,,,,,,,,,,,,,,,,,,,,,,,,"play_time_mod_0.8",
"Run/4","human_jester,head,7,-539,-1,0,4,1,1,0","human_jester,neck,-1,-464,-2,0,7,1,1,0","human_jester,body,0,-353,-2.5,0,5,1,1,0","human_jester,arm_up,-118,-411,-62,0,4,1,1,0","human_jester,arm_low,-214,-361,-65,0,6,1,1,0","white_human,open,-298,-321,-76,0,7,1,1,0","human_jester,arm_up_left,88,-416,62,1,6,1,1,0","human_jester,arm_low_left,179,-381,77,1,9,1,1,0","white_human,open,274,-355,75,1,11,1,1,0","human_jester,leg_up,-31,-210,0.3,0,8,1,1,0","human_jester,leg_low,-47,-81,-7,0,14,1,1,0","human_jester,foot,-33,-18,2.4,0,14,1,1,0","human_jester,leg_up_left,63,-226,62.2,0,12,1,1,0","human_jester,leg_low_left,94,-139,-10.5,0,17,1,1,0","human_jester,foot_left,75,-62,-53.5,0,15,1,1,0",,,"human_jester,bell,-44,-311,9,0,4,1,1,0","human_jester,bell,-28,-307,-5,0,5,1,1,0","human_jester,bell,35,-302,9,1,5,1,1,0","human_jester,bell,51,-307,-6,1,4,1,1,0",,,,,,,,,,,,,,,,,,,,,,,,,,,,,,,,,,,,,,,,,,,,,,,,,,,,,,,,,,,,,,,,,,,,,,,,,,,,,,,,,,,,,,,,,,,,,,,,,"play_time_mod_0.8","jester_bell,1500,0"
"Run/5","human_jester,head,7,-533,-4,0,4,1,1,0","human_jester,neck,-1,-459,-2,0,7,1,1,0","human_jester,body,0,-348,-2.5,0,5,1,1,0","human_jester,arm_up,-118,-406,-62,0,4,1,1,0","human_jester,arm_low,-214,-356,-65,0,6,1,1,0","white_human,open,-298,-316,-76,0,7,1,1,0","human_jester,arm_up_left,88,-411,62,1,6,1,1,0","human_jester,arm_low_left,179,-376,77,1,9,1,1,0","white_human,open,274,-350,75,1,11,1,1,0","human_jester,leg_up,-31,-206,0.3,0,8,1,1,0","human_jester,leg_low,-47,-77,-7,0,14,1,1,0","human_jester,foot,-33,-18,5.4,0,14,1,1,0","human_jester,leg_up_left,67,-219,58.2,0,12,1,1,0","human_jester,leg_low_left,94,-132,-14.5,0,17,1,1,0","human_jester,foot_left,71,-55,-57.5,0,15,1,1,0",,,"human_jester,bell,-45,-306,-7,0,4,1,1,0","human_jester,bell,-28,-302,-5,0,5,1,1,0","human_jester,bell,35,-297,9,1,5,1,1,0","human_jester,bell,56,-301,7,1,4,1,1,0",,,,,,,,,,,,,,,,,,,,,,,,,,,,,,,,,,,,,,,,,,,,,,,,,,,,,,,,,,,,,,,,,,,,,,,,,,,,,,,,,,,,,,,,,,,,,,,,,"play_time_mod_0.8",
"Standup/0","human_jester,close,141,-318,-65,0,4,1,1,0","human_jester,neck,78,-294,-50,0,7,1,1,0","human_jester,body,-22,-234,-60,0,5,1,1,0","human_jester,arm_up,-31,-354,-120,0,2,1,1,0","human_jester,arm_low,-87,-333,-20,0,4,1,1,0","white_human,open,-114,-247,-10,0,5,1,1,0","human_jester,arm_up_left,85,-173,8,1,6,1,1,0","human_jester,arm_low_left,102,-72,12,1,9,1,1,0","white_human,open,144,-1,72,1,11,1,1,0","human_jester,leg_up,-162,-176,-50,0,8,1,1,0","human_jester,leg_low,-241,-112,-52,0,14,1,1,0","human_jester,foot,-284,-52,-50,0,14,1,1,0","human_jester,leg_up_left,-68,-84,11,0,12,1,1.1,0","human_jester,leg_low_left,-110,-16,-80,0,17,1,1,0","human_jester,foot_left,-191,6,-100,0,15,1,1,0",,,"human_jester,bell,-69,-242,-6,0,4,1,1,0","human_jester,bell,-63,-219,-6,0,5,1,1,0","human_jester,bell,-33,-172,-5,1,5,1,1,0","human_jester,bell,-17,-155,-5,1,4,1,1,0",,,,,,,,,,,,,,,,,,,,,,,,,,,,,,,,,,,,,,,,,,,,,,,,,,,,,,,,,,,,,,,,,,,,,,,,,,,,,,,,,,,,,,,,,,,,,,,,,,
"Standup/1","human_jester,close,76,-451,-39,0,4,1,1,0","human_jester,neck,27,-403,-30,0,7,1,1,0","human_jester,body,-46,-312,-40,0,5,1,1,0","human_jester,arm_up,-101,-425,-99,0,2,1,1,0","human_jester,arm_low,-144,-383,0,0,4,1,1,0","white_human,open,-137,-293,10,0,5,1,1,0","human_jester,arm_up_left,55,-292,8,1,6,1,1,0","human_jester,arm_low_left,76,-192,12,1,9,1,1,0","white_human,open,115,-110,52,1,11,1,1,0","human_jester,leg_up,-148,-203,-20,0,8,1,1,0","human_jester,leg_low,-212,-92,-32,0,14,1,1,0","human_jester,foot,-233,-18,-30,0,14,1,1,0","human_jester,leg_up_left,-45,-167,41,0,12,1,1.1,0","human_jester,leg_low_left,-49,-77,-40,0,17,1,1,0","human_jester,foot_left,-70,-13,-30,0,15,1,1,0",,,"human_jester,bell,-93,-304,14,0,4,1,1,0","human_jester,bell,-80,-285,14,0,5,1,1,0","human_jester,bell,-35,-250,15,1,5,1,1,0","human_jester,bell,-15,-239,15,1,4,1,1,0",,,,,,,,,,,,,,,,,,,,,,,,,,,,,,,,,,,,,,,,,,,,,,,,,,,,,,,,,,,,,,,,,,,,,,,,,,,,,,,,,,,,,,,,,,,,,,,,,,
"Standup/2","human_jester,close,21,-547,-12,0,4,1,1,0","human_jester,neck,-8,-485,-10,0,7,1,1,0","human_jester,body,-43,-374,-17,0,5,1,1,0","human_jester,arm_up,-141,-459,-79,0,2,1,1,0","human_jester,arm_low,-167,-405,20,0,4,1,1,0","white_human,open,-130,-323,30,0,5,1,1,0","human_jester,arm_up_left,71,-383,28,1,6,1,1,0","human_jester,arm_low_left,125,-296,32,1,9,1,1,0","white_human,open,180,-222,52,1,11,1,1,0","human_jester,leg_up,-97,-235,0,0,8,1,1,0","human_jester,leg_low,-120,-111,-12,0,14,1,1,0","human_jester,foot,-132,-34,-40,0,14,1,1,0","human_jester,leg_up_left,10,-240,64,0,12,1,1.1,0","human_jester,leg_low_left,37,-156,-20,0,17,1,1,0","human_jester,foot_left,39,-87,-10,0,15,1,1,0",,,"human_jester,bell,-82,-351,44,0,4,1,1,0","human_jester,bell,-64,-338,44,0,5,1,1,0","human_jester,bell,-9,-320,45,1,5,1,1,0","human_jester,bell,13,-317,45,1,4,1,1,0",,,,,,,,,,,,,,,,,,,,,,,,,,,,,,,,,,,,,,,,,,,,,,,,,,,,,,,,,,,,,,,,,,,,,,,,,,,,,,,,,,,,,,,,,,,,,,,,,,
"Standup/3","human_jester,close,-7,-565,-2,0,4,1,1,0","human_jester,neck,-25,-499,0,0,7,1,1,0","human_jester,body,-40,-383,-7,0,5,1,1,0","human_jester,arm_up,-146,-436,-52,0,2,1,1,0","human_jester,arm_low,-164,-362,30,0,4,1,1,0","white_human,open,-114,-288,40,0,5,1,1,0","human_jester,arm_up_left,71,-412,38,1,6,1,1,0","human_jester,arm_low_left,139,-335,42,1,9,1,1,0","white_human,open,206,-272,62,1,11,1,1,0","human_jester,leg_up,-71,-237,4,0,8,1,1,0","human_jester,leg_low,-75,-111,-2,0,14,1,1,0","human_jester,foot,-73,-33,-30,0,14,1,1,0","human_jester,leg_up_left,36,-240,44,0,12,1,1.1,0","human_jester,leg_low_left,64,-133,-10,0,17,1,1,0","human_jester,foot_left,78,-66,0,0,15,1,1,0",,,"human_jester,bell,-74,-354,54,0,4,1,1,0","human_jester,bell,-54,-344,54,0,5,1,1,0","human_jester,bell,3,-336,55,1,5,1,1,0","human_jester,bell,25,-337,55,1,4,1,1,0",,,,,,,,,,,,,,,,,,,,,,,,,,,,,,,,,,,,,,,,,,,,,,,,,,,,,,,,,,,,,,,,,,,,,,,,,,,,,,,,,,,,,,,,,,,,,,,,,,
"Standup/4","human_jester,close,6,-526,2,0,4,1,1,0","human_jester,neck,-5,-459,0,0,7,1,1,0","human_jester,body,-20,-343,-7,0,5,1,1,0","human_jester,arm_up,-126,-396,-52,0,2,1,1,0","human_jester,arm_low,-144,-322,30,0,4,1,1,0","white_human,open,-94,-248,40,0,5,1,1,0","human_jester,arm_up_left,79,-366,25,1,6,1,1,0","human_jester,arm_low_left,130,-275,29,1,9,1,1,0","white_human,open,180,-198,43,1,11,1,1,0","human_jester,leg_up,-71,-195,-6,0,8,1,1,0","human_jester,leg_low,-109,-71,-20,0,14,1,1,0","human_jester,foot,-106,-1,-3,0,14,1,1,0","human_jester,leg_up_left,50,-190,34,0,12,1,1.1,0","human_jester,leg_low_left,84,-73,0,0,17,1,1,0","human_jester,foot_left,101,-6,0,0,15,1,1,0",,,"human_jester,bell,-54,-314,34,0,4,1,1,0","human_jester,bell,-34,-304,34,0,5,1,1,0","human_jester,bell,23,-296,35,1,5,1,1,0","human_jester,bell,45,-297,35,1,4,1,1,0",,,,,,,,,,,,,,,,,,,,,,,,,,,,,,,,,,,,,,,,,,,,,,,,,,,,,,,,,,,,,,,,,,,,,,,,,,,,,,,,,,,,,,,,,,,,,,,,,,"jester_bell,1500,0"
"Standup/5","human_jester,head,5,-541,-1,0,4,1,1,0","human_jester,neck,-1,-464,-2,0,7,1,1,0","human_jester,body,0,-353,-2.5,0,5,1,1,0","human_jester,arm_up,-93,-386,-32,0,4,1,1,0","human_jester,arm_low,-95,-304,38,0,6,1,1,0","white_human,open,-48,-234,14,0,7,1,1,0","human_jester,arm_up_left,81,-389,19,1,6,1,1,0","human_jester,arm_low_left,125,-285,24,1,9,1,1,0","white_human,open,161,-192,22,1,11,1,1,0","human_jester,leg_up,-44,-211,-8.7,0,8,1,1,0","human_jester,leg_low,-79,-87,-16,0,14,1,1,0","human_jester,foot,-73,-13,-1.6,0,14,1,1,0","human_jester,leg_up_left,63,-203,22.2,0,12,1,1,0","human_jester,leg_low_left,80,-78,-0.5,0,17,1,1,0","human_jester,foot_left,104,-13,6.5,0,15,1,1,0",,,"human_jester,bell,-41,-311,19,0,4,1,1,0","human_jester,bell,-15,-309,25,0,5,1,1,0","human_jester,bell,38,-305,19,1,5,1,1,0","human_jester,bell,59,-305,24,1,4,1,1,0",,,,,,,,,,,,,,,,,,,,,,,,,,,,,,,,,,,,,,,,,,,,,,,,,,,,,,,,,,,,,,,,,,,,,,,,,,,,,,,,,,,,,,,,,,,,,,,,,,"jester_bell,1500,0"
"Walk/0","human_jester,head,1,-577,0,0,4,1,1,0","human_jester,neck,-3,-495,-2,0,7,1,1,0","human_jester,body,0,-386,-1.5,0,5,1,1,0","human_jester,arm_up,-105,-424,-40,0,4,1,1,0","human_jester,arm_low,-166,-343,-32,0,6,1,1,0","white_human,open,-228,-271,-60,0,7,1,1,0","human_jester,arm_up_left,87,-413,20,1,6,1,1,0","human_jester,arm_low_left,151,-350,75,1,9,1,1,0","white_human,open,234,-351,123,1,11,1,1,0","human_jester,leg_up,-29,-235,1.3,0,8,1,1,0","human_jester,leg_low,-42,-110,-6,0,14,1,1,0","human_jester,foot,-40,-30,-21.6,0,14,1,1,0","human_jester,leg_up_left,65,-231,20.2,0,12,1,1,0","human_jester,leg_low_left,80,-113,1.5,0,17,1,1,0","human_jester,foot_left,83,-36,-34.5,0,15,1,1,0",,,"human_jester,bell,-42,-344,0,0,4,1,1,0","human_jester,bell,-16,-342,6,0,5,1,1,0","human_jester,bell,36,-339,0,1,5,1,1,0","human_jester,bell,57,-340,5,1,4,1,1,0",,,,,,,,,,,,,,,,,,,,,,,,,,,,,,,,,,,,,,,,,,,,,,,,,,,,,,,,,,,,,,,,,,,,,,,,,,,,,,,,,,,,,,,,,,,,,,,,,,
"Walk/1","human_jester,head,8,-577,3,0,4,1,1,0","human_jester,neck,4,-495,-2,0,7,1,1,0","human_jester,body,0,-386,-2.5,0,5,1,1,0","human_jester,arm_up,-105,-425,-43,0,4,1,1,0","human_jester,arm_low,-168,-347,-32,0,6,1,1,0","white_human,open,-234,-270,-58,0,7,1,1,0","human_jester,arm_up_left,87,-418,25,1,6,1,1,0","human_jester,arm_low_left,151,-364,79,1,9,1,1,0","white_human,open,235,-367,123,1,11,1,1,0","human_jester,leg_up,-30,-234,1.3,0,8,1,1,0","human_jester,leg_low,-39,-111,-3,0,14,1,1,0","human_jester,foot,-38,-31,-25.6,0,14,1,1,0","human_jester,leg_up_left,65,-245,32.2,0,12,1,1,0","human_jester,leg_low_left,97,-129,6.5,0,17,1,1,0","human_jester,foot_left,103,-49,-34.5,0,15,1,1,0",,,"human_jester,bell,-44,-344,-2,0,4,1,1,0","human_jester,bell,-18,-342,4,0,5,1,1,0","human_jester,bell,36,-339,3,1,5,1,1,0","human_jester,bell,57,-340,8,1,4,1,1,0",,,,,,,,,,,,,,,,,,,,,,,,,,,,,,,,,,,,,,,,,,,,,,,,,,,,,,,,,,,,,,,,,,,,,,,,,,,,,,,,,,,,,,,,,,,,,,,,,,
"Walk/2","human_jester,head,16,-568,-2,0,4,1,1,0","human_jester,neck,8,-488,-3,0,7,1,1,0","human_jester,body,2,-379,-3.5,0,5,1,1,0","human_jester,arm_up,-99,-425,-47,0,4,1,1,0","human_jester,arm_low,-166,-354,-36,0,6,1,1,0","white_human,open,-237,-284,-67,0,7,1,1,0","human_jester,arm_up_left,90,-409,24,1,6,1,1,0","human_jester,arm_low_left,153,-340,68,1,9,1,1,0","white_human,open,237,-328,112,1,11,1,1,0","human_jester,leg_up,-27,-235,1.3,0,8,1,1,0","human_jester,leg_low,-39,-108,-5,0,14,1,1,0","human_jester,foot,-36,-30,-25.6,0,14,1,1,0","human_jester,leg_up_left,56,-224,12.2,0,12,1,1,0","human_jester,leg_low_left,67,-105,6.5,0,17,1,1,0","human_jester,foot_left,75,-26,-34.5,0,15,1,1,0",,,"human_jester,bell,-37,-338,7,0,4,1,1,0","human_jester,bell,-16,-335,-7,0,5,1,1,0","human_jester,bell,38,-331,9,1,5,1,1,0","human_jester,bell,58,-332,-3,1,4,1,1,0",,,,,,,,,,,,,,,,,,,,,,,,,,,,,,,,,,,,,,,,,,,,,,,,,,,,,,,,,,,,,,,,,,,,,,,,,,,,,,,,,,,,,,,,,,,,,,,,,,"jester_bell,1500,0"
"Walk/3","human_jester,head,14,-566,1,0,4,1,1,0","human_jester,neck,6,-488,-1,0,7,1,1,0","human_jester,body,0,-379,-1.5,0,5,1,1,0","human_jester,arm_up,-104,-424,-50,0,4,1,1,0","human_jester,arm_low,-174,-356,-39,0,6,1,1,0","white_human,open,-248,-289,-70,0,7,1,1,0","human_jester,arm_up_left,86,-415,28,1,6,1,1,0","human_jester,arm_low_left,153,-350,72,1,9,1,1,0","white_human,open,241,-346,116,1,11,1,1,0","human_jester,leg_up,-9,-235,21.3,0,8,1,1,0","human_jester,leg_low,-19,-129,-25,0,14,1,1,0","human_jester,foot,-53,-60,-55.6,0,14,1,1,0","human_jester,leg_up_left,43,-226,12.2,0,12,1,1,0","human_jester,leg_low_left,47,-105,0.5,0,17,1,1,0","human_jester,foot_left,51,-28,-36.5,0,15,1,1,0",,,"human_jester,bell,-39,-338,1,0,4,1,1,0","human_jester,bell,-16,-335,3,0,5,1,1,0","human_jester,bell,34,-331,3,1,5,1,1,0","human_jester,bell,58,-335,11,1,4,1,1,0",,,,,,,,,,,,,,,,,,,,,,,,,,,,,,,,,,,,,,,,,,,,,,,,,,,,,,,,,,,,,,,,,,,,,,,,,,,,,,,,,,,,,,,,,,,,,,,,,,
"Walk/4","human_jester,head,14,-567,-1,0,4,1,1,0","human_jester,neck,6,-488,-1,0,7,1,1,0","human_jester,body,0,-382,-1.5,0,5,1,1,0","human_jester,arm_up,-108,-428,-52,0,4,1,1,0","human_jester,arm_low,-174,-368,-39,0,6,1,1,0","white_human,open,-248,-301,-70,0,7,1,1,0","human_jester,arm_up_left,81,-431,38,1,6,1,1,0","human_jester,arm_low_left,158,-379,82,1,9,1,1,0","white_human,open,246,-390,126,1,11,1,1,0","human_jester,leg_up,2,-245,31.3,0,8,1,1,0","human_jester,leg_low,14,-141,-15,0,10,1,1,0","human_jester,foot,-3,-68,-45.6,0,10,1,1,0","human_jester,leg_up_left,42,-229,9.2,0,12,1,1,0","human_jester,leg_low_left,38,-108,-2.5,0,17,1,1,0","human_jester,foot_left,32,-28,-39.5,0,15,1,1,0",,,"human_jester,bell,-41,-341,-7,0,4,1,1,0","human_jester,bell,-18,-338,0,0,5,1,1,0","human_jester,bell,34,-334,5,1,5,1,1,0","human_jester,bell,61,-338,21,1,4,1,1,0",,,,,,,,,,,,,,,,,,,,,,,,,,,,,,,,,,,,,,,,,,,,,,,,,,,,,,,,,,,,,,,,,,,,,,,,,,,,,,,,,,,,,,,,,,,,,,,,,,
"Walk/5","human_jester,head,19,-567,-3,0,4,1,1,0","human_jester,neck,8,-488,-3,0,7,1,1,0","human_jester,body,2,-379,-3.5,0,5,1,1,0","human_jester,arm_up,-99,-425,-47,0,4,1,1,0","human_jester,arm_low,-166,-354,-36,0,6,1,1,0","white_human,open,-237,-284,-67,0,7,1,1,0","human_jester,arm_up_left,90,-409,24,1,6,1,1,0","human_jester,arm_low_left,153,-340,68,1,9,1,1,0","white_human,open,237,-328,112,1,11,1,1,0","human_jester,leg_up,-17,-235,11.3,0,8,1,1,0","human_jester,leg_low,-19,-108,-5,0,14,1,1,0","human_jester,foot,-16,-30,-25.6,0,14,1,1,0","human_jester,leg_up_left,42,-224,2.2,0,23,1,1,0","human_jester,leg_low_left,33,-106,-3.5,0,28,1,1,0","human_jester,foot_left,23,-33,-44.5,0,26,1,1,0",,,"human_jester,bell,-37,-338,7,0,4,1,1,0","human_jester,bell,-16,-335,-7,0,5,1,1,0","human_jester,bell,38,-331,9,1,5,1,1,0","human_jester,bell,58,-332,-3,1,4,1,1,0",,,,,,,,,,,,,,,,,,,,,,,,,,,,,,,,,,,,,,,,,,,,,,,,,,,,,,,,,,,,,,,,,,,,,,,,,,,,,,,,,,,,,,,,,,,,,,,,,,"jester_bell,1500,0"
"Spirit/0","human_jester,close,-206,-368,76,0,4,1,1,0","human_jester,neck,-148,-337,51,0,7,1,1,0","human_jester,body,-63,-250,44.5,0,5,1,1,0","human_jester,arm_up,-185,-208,-21,0,4,1,1,0","human_jester,arm_low,-192,-115,18,0,6,1,1,0","white_human,fist,-155,-41,54,0,7,1,1,0","human_jester,arm_up_left,-26,-357,89,1,6,1,1,0","human_jester,arm_low_left,74,-381,124,1,9,1,1,0","white_human,fist_back,130,-422,142,0,11,1,1,0","human_jester,leg_up,-14,-128,11.3,0,8,1,1,0","human_jester,leg_low,-62,-73,-83,0,14,1,1,0","human_jester,foot,-136,-62,-111.6,0,14,1,1,0","human_jester,leg_up_left,48,-252,142.2,0,12,1,1,0","human_jester,leg_low_left,126,-342,139.5,0,17,1,1,0","human_jester,foot_left,153,-415,156.5,0,15,1,1,0",,,"human_jester,bell,-63,-189,49,0,4,1,1,0","human_jester,bell,-43,-208,55,0,5,1,1,0","human_jester,bell,-7,-245,49,1,5,1,1,0","human_jester,bell,6,-261,54,1,4,1,1,0",,,,,,,,,,,,,,,,,,,,,,,,,,,,,,,,,,,,,,,,,,,,,,,,,,,,,,,,,,,,,,,,,,,,,,,,,,,,,,,,,,,,,,,,,,,,,,,,"effect_fade_5,hold,effect_grey",,
"Skill1/0","human_jester,head,-1,-547,0,0,4,1,1,0","human_jester,neck,-3,-465,-2,0,7,1,1,0","human_jester,body,-2,-356,1.5,0,5,1,1,0","human_jester,arm_up,-104,-390,-37,0,4,1,1,0","human_jester,arm_low,-127,-307,20,0,6,1,1,0","white_human,open,-98,-217,16,0,7,1,1,0","human_jester,arm_up_left,78,-391,20,1,6,1,1,0","human_jester,arm_low_left,122,-286,25,1,9,1,1,0","white_human,open,159,-193,23,1,11,1,1,0","human_jester,leg_up,-44,-211,-8.7,0,8,1,1,0","human_jester,leg_low,-79,-87,-16,0,14,1,1,0","human_jester,foot,-74,-12,-1.6,0,14,1,1,0","human_jester,leg_up_left,63,-205,20.2,0,12,1,1,0","human_jester,leg_low_left,80,-78,1.5,0,17,1,1,0","human_jester,foot_left,104,-13,5.5,0,15,1,1,0",,,"human_jester,bell,-44,-314,2,0,4,1,1,0","human_jester,bell,-18,-312,8,0,5,1,1,0","human_jester,bell,36,-311,2,1,5,1,1,0","human_jester,bell,57,-312,7,1,4,1,1,0",,,,,,,,,,,,,,,,,,,,,,,,,,,,,,,,,,,,,,,,,,,,,,,,,,,,,,,,,,,,,,,,,,,,,,,,,,,,,,,,,,,,,,,,,,,,,,,,"play_time_mod_1.2",,
"Skill1/1","human_jester,head,-1,-547,0,0,4,1,1,0","human_jester,neck,-3,-465,-2,0,7,1,1,0","human_jester,body,-2,-356,1.5,0,5,1,1,0","human_jester,arm_up,-114,-400,-47,0,4,1,1,0","human_jester,arm_low,-188,-317,-36,0,6,1,1,0","white_human,open,-245,-233,-34,0,7,1,1,0","human_jester,arm_up_left,86,-408,40,1,6,1,1,0","human_jester,arm_low_left,160,-328,45,1,9,1,1,0","white_human,open,227,-259,43,1,11,1,1,0","human_jester,leg_up,-44,-211,-8.7,0,8,1,1,0","human_jester,leg_low,-79,-87,-16,0,14,1,1,0","human_jester,foot,-74,-12,-1.6,0,14,1,1,0","human_jester,leg_up_left,63,-205,20.2,0,12,1,1,0","human_jester,leg_low_left,80,-78,1.5,0,17,1,1,0","human_jester,foot_left,104,-13,5.5,0,15,1,1,0",,,"human_jester,bell,-44,-314,2,0,4,1,1,0","human_jester,bell,-18,-312,8,0,5,1,1,0","human_jester,bell,36,-311,2,1,5,1,1,0","human_jester,bell,57,-312,7,1,4,1,1,0",,,,,,,,,,,,,,,,,,,,,,,,,,,,,,,,,,,,,,,,,,,,,,,,,,,,,,,,,,,,,,,,,,,,,,,,,,,,,,,,,,,,,,,,,,,,,,,,,,
"Skill1/2","human_jester,head,-4,-547,2,0,4,1,1,0","human_jester,neck,-3,-465,-2,0,7,1,1,0","human_jester,body,-2,-356,2.5,0,5,1,1,0","human_jester,arm_up,-124,-417,-87,1,4,1,1,0","human_jester,arm_low,-226,-420,-96,0,6,1,1,0","white_human,open,-327,-430,-94,1,7,1,1,0","human_jester,arm_up_left,78,-423,70,1,6,1,1,0","human_jester,arm_low_left,183,-391,75,1,9,1,1,0","white_human,open,275,-364,73,0,11,1,1,0","human_jester,leg_up,-45,-211,-12.7,0,8,1,1,0","human_jester,leg_low,-88,-87,-18,0,14,1,1,0","human_jester,foot,-87,-12,-3.6,0,14,1,1,0","human_jester,leg_up_left,67,-203,25.2,0,12,1,1,0","human_jester,leg_low_left,87,-80,1.5,0,17,1,1,0","human_jester,foot_left,109,-13,5.5,0,15,1,1,0",,,"human_jester,bell,-44,-314,2,0,4,1,1,0","human_jester,bell,-18,-312,8,0,5,1,1,0","human_jester,bell,36,-312,2,1,5,1,1,0","human_jester,bell,57,-313,7,1,4,1,1,0",,,,,,,,,,,,,,,,,,,,,,,,,,,,,,,,,,,,,,,,,,,,,,,,,,,,,,,,,,,,,,,,,,,,,,,,,,,,,,,,,,,,,,,,,,,,,,,,,,
"Skill1/3","human_jester,head,-7,-547,5,0,4,1,1,0","human_jester,neck,-3,-465,-2,0,7,1,1,0","human_jester,body,-2,-356,2.5,0,5,1,1,0","human_jester,arm_up,-124,-434,-107,1,4,1,1,0","human_jester,arm_low,-226,-482,-126,0,6,1,1,0","white_human,open,-302,-546,-134,1,7,1,1,0","human_jester,arm_up_left,78,-433,90,1,6,1,1,0","human_jester,arm_low_left,183,-451,115,1,9,1,1,0","white_human,open,265,-495,123,0,11,1,1,0","human_jester,leg_up,-45,-211,-12.7,0,8,1,1,0","human_jester,leg_low,-88,-87,-18,0,14,1,1,0","human_jester,foot,-87,-12,-3.6,0,14,1,1,0","human_jester,leg_up_left,67,-203,25.2,0,12,1,1,0","human_jester,leg_low_left,87,-80,1.5,0,17,1,1,0","human_jester,foot_left,109,-13,5.5,0,15,1,1,0",,,"human_jester,bell,-44,-314,2,0,4,1,1,0","human_jester,bell,-18,-312,8,0,5,1,1,0","human_jester,bell,36,-312,2,1,5,1,1,0","human_jester,bell,57,-313,7,1,4,1,1,0",,,,,,,,,,,,,,,,,,,,,,,,,,,,,,,,,,,,,,,,,,,,,,,,,,,,,,,,,,,,,,,,,,,,,,,,,,,,,,,,,,,,,,,,,,,,,,,,"play_time_mod_1.55",,
"Skill1/4","human_jester,head,-5,-547,4,0,4,1,1,0","human_jester,neck,-3,-465,-2,0,7,1,1,0","human_jester,body,-2,-356,2.5,0,5,1,1,0","human_jester,arm_up,-124,-450,-127,1,4,1,1,0","human_jester,arm_low,-196,-540,-156,0,6,1,1,0","white_human,open,-233,-629,-164,1,7,1,1,0","human_jester,arm_up_left,78,-443,120,1,6,1,1,0","human_jester,arm_low_left,163,-517,145,1,9,1,1,0","white_human,open,221,-600,143,0,11,1,1,0","human_jester,leg_up,-45,-211,-12.7,0,8,1,1,0","human_jester,leg_low,-88,-87,-18,0,14,1,1,0","human_jester,foot,-87,-12,-3.6,0,14,1,1,0","human_jester,leg_up_left,67,-203,25.2,0,12,1,1,0","human_jester,leg_low_left,87,-80,1.5,0,17,1,1,0","human_jester,foot_left,109,-13,5.5,0,15,1,1,0",,,"human_jester,bell,-44,-314,2,0,4,1,1,0","human_jester,bell,-18,-312,8,0,5,1,1,0","human_jester,bell,36,-312,2,1,5,1,1,0","human_jester,bell,57,-313,7,1,4,1,1,0",,,,,,,,,,,,,,,,,,,,,,,,,,,,,,,,,,,,,,,,,,,,,,,,,,,,,,,,,,,,,,,,,,,,,,,,,,,,,,,,,,,,,,,,,,,,,,,,,,
"Skill1/5","human_jester,head,-5,-547,4,0,4,1,1,0","human_jester,neck,-3,-465,-2,0,7,1,1,0","human_jester,body,-2,-356,2.5,0,5,1,1,0","human_jester,arm_up,-124,-459,-138,1,4,1,1,0","human_jester,arm_low,-140,-540,150,0,6,1,1,0","white_human,open,-91,-615,140,1,7,1,1,0","human_jester,arm_up_left,78,-443,130,1,6,1,1,0","human_jester,arm_low_left,103,-526,-160,1,9,1,1,0","white_human,open,67,-611,-150,0,11,1,1,0","human_jester,leg_up,-45,-211,-12.7,0,8,1,1,0","human_jester,leg_low,-88,-87,-18,0,14,1,1,0","human_jester,foot,-87,-12,-3.6,0,14,1,1,0","human_jester,leg_up_left,67,-203,25.2,0,12,1,1,0","human_jester,leg_low_left,87,-80,1.5,0,17,1,1,0","human_jester,foot_left,109,-13,5.5,0,15,1,1,0",,,"human_jester,bell,-44,-314,2,0,4,1,1,0","human_jester,bell,-18,-312,8,0,5,1,1,0","human_jester,bell,36,-312,2,1,5,1,1,0","human_jester,bell,57,-313,7,1,4,1,1,0",,,,,,,,,,,,,,,,,,,,,,,,,,,,,,,,,,,,,,,,,,,,,,,,,,,,,,,,,,,,,,,,,,,,,,,,,,,,,,,,,,,,,,,,,,,,,,,,"play_time_mod_0.3",,
"Skill1/6","human_jester,head,0,-546,-1,0,4,1,1,0","human_jester,neck,-3,-465,-2,0,7,1,1,0","human_jester,body,0,-356,0.5,0,5,1,1,0","human_jester,arm_up,-111,-460,-136,1,4,1,1,0","human_jester,arm_low,-106,-509,115,0,6,1,1,0","white_human,open,-28,-543,106,0,7,1,1,0","human_jester,arm_up_left,87,-435,121,1,6,1,1,0","human_jester,arm_low_left,97,-489,-140,1,9,1,1,0","white_human,open,7,-553,-117,1,11,1,1,0","human_jester,leg_up,-45,-211,-15.7,0,8,1,1,0","human_jester,leg_low,-93,-87,-18,0,14,1,1,0","human_jester,foot,-91,-12,-5.6,0,14,1,1,0","human_jester,leg_up_left,71,-200,28.2,0,12,1,1,0","human_jester,leg_low_left,92,-80,-2.5,0,17,1,1,0","human_jester,foot_left,109,-13,0.5,0,15,1,1,0",,,"human_jester,bell,-42,-314,0,0,4,1,1,0","human_jester,bell,-16,-312,6,0,5,1,1,0","human_jester,bell,36,-309,0,1,5,1,1,0","human_jester,bell,57,-310,5,1,4,1,1,0",,,,,,,,,,,,,,,,,,,,,,,,,,,,,,,,,,,,,,,,,,,,,,,,,,,,,,,,,,,,,,,,,,,,,,,,,,,,,,,,,,,,,,,,,,,,,,,,,,
"Skill1/7","human_jester,head,18,-546,-6,0,4,1,1,0","human_jester,neck,9,-465,-2,0,7,1,1,0","human_jester,body,0,-356,-5.5,0,5,1,1,0","human_jester,arm_up,-102,-473,-140,1,4,1,1,0","human_jester,arm_low,-93,-522,111,0,6,1,1,0","white_human,open,-11,-548,102,0,7,1,1,0","human_jester,arm_up_left,92,-429,117,1,6,1,1,0","human_jester,arm_low_left,106,-483,-144,1,9,1,1,0","white_human,open,20,-555,-121,1,11,1,1,0","human_jester,leg_up,-48,-211,-8.7,0,8,1,1,0","human_jester,leg_low,-93,-87,-24,0,14,1,1,0","human_jester,foot,-99,-12,-11.6,0,14,1,1,0","human_jester,leg_up_left,69,-200,23.2,0,12,1,1,0","human_jester,leg_low_left,87,-80,1.5,0,17,1,1,0","human_jester,foot_left,106,-13,-2.5,0,15,1,1,0",,,"human_jester,bell,-47,-321,-7,0,4,1,1,0","human_jester,bell,-21,-312,-1,0,5,1,1,0","human_jester,bell,31,-309,-7,1,5,1,1,0","human_jester,bell,52,-303,-2,1,4,1,1,0",,,,,,,,,,,,,,,,,,,,,,,,,,,,,,,,,,,,,,,,,,,,,,,,,,,,,,,,,,,,,,,,,,,,,,,,,,,,,,,,,,,,,,,,,,,,,,,,,,
"Skill1/8","human_jester,head,28,-546,-11,0,4,1,1,0","human_jester,neck,14,-465,-7,0,7,1,1,0","human_jester,body,-5,-356,-10.5,0,5,1,1,0","human_jester,arm_up,-97,-483,-145,1,4,1,1,0","human_jester,arm_low,-83,-532,106,0,6,1,1,0","white_human,open,-1,-548,97,0,7,1,1,0","human_jester,arm_up_left,92,-420,112,1,6,1,1,0","human_jester,arm_low_left,111,-473,-149,1,9,1,1,0","white_human,open,30,-555,-126,1,11,1,1,0","human_jester,leg_up,-50,-211,-1.7,0,8,1,1,0","human_jester,leg_low,-90,-90,-27,0,14,1,1,0","human_jester,foot,-102,-13,-16.6,0,14,1,1,0","human_jester,leg_up_left,54,-200,27.2,0,12,1,1,0","human_jester,leg_low_left,84,-80,9.5,0,17,1,1,0","human_jester,foot_left,106,-13,-2.5,0,15,1,1,0",,,"human_jester,bell,-57,-326,-12,0,4,1,1,0","human_jester,bell,-31,-315,-6,0,5,1,1,0","human_jester,bell,21,-309,-12,1,5,1,1,0","human_jester,bell,42,-298,-7,1,4,1,1,0",,,,,,,,,,,,,,,,,,,,,,,,,,,,,,,,,,,,,,,,,,,,,,,,,,,,,,,,,,,,,,,,,,,,,,,,,,,,,,,,,,,,,,,,,,,,,,,,"play_time_mod_1.5",,
"Skill1/9","human_jester,head,-5,-547,4,0,4,1,1,0","human_jester,neck,-3,-465,-2,0,7,1,1,0","human_jester,body,-2,-356,2.5,0,5,1,1,0","human_jester,arm_up,-115,-444,-125,1,4,1,1,0","human_jester,arm_low,-118,-495,126,0,6,1,1,0","white_human,open,-46,-538,117,0,7,1,1,0","human_jester,arm_up_left,84,-453,132,1,6,1,1,0","human_jester,arm_low_left,84,-505,-129,1,9,1,1,0","white_human,open,-20,-555,-106,1,11,1,1,0","human_jester,leg_up,-43,-211,-9.7,0,8,1,1,0","human_jester,leg_low,-85,-87,-16,0,14,1,1,0","human_jester,foot,-87,-12,-11.6,0,14,1,1,0","human_jester,leg_up_left,69,-203,23.2,0,12,1,1,0","human_jester,leg_low_left,87,-80,1.5,0,17,1,1,0","human_jester,foot_left,107,-13,-1.5,0,15,1,1,0",,,"human_jester,bell,-44,-314,2,0,4,1,1,0","human_jester,bell,-18,-312,8,0,5,1,1,0","human_jester,bell,36,-312,2,1,5,1,1,0","human_jester,bell,57,-313,7,1,4,1,1,0",,,,,,,,,,,,,,,,,,,,,,,,,,,,,,,,,,,,,,,,,,,,,,,,,,,,,,,,,,,,,,,,,,,,,,,,,,,,,,,,,,,,,,,,,,,,,,,,,,
"Skill1/10","human_jester,head,-15,-547,9,0,4,1,1,0","human_jester,neck,-8,-465,3,0,7,1,1,0","human_jester,body,3,-356,7.5,0,5,1,1,0","human_jester,arm_up,-115,-434,-120,1,4,1,1,0","human_jester,arm_low,-123,-485,131,0,6,1,1,0","white_human,open,-56,-533,122,0,7,1,1,0","human_jester,arm_up_left,84,-463,137,1,6,1,1,0","human_jester,arm_low_left,79,-515,-124,1,9,1,1,0","white_human,open,-30,-555,-101,1,11,1,1,0","human_jester,leg_up,-33,-199,-14.7,0,8,1,1,0","human_jester,leg_low,-81,-80,-21,0,14,1,1,0","human_jester,foot,-87,-12,-21.6,0,14,1,1,0","human_jester,leg_up_left,86,-202,23.2,0,12,1,1.1,0","human_jester,leg_low_left,93,-80,-11.5,0,17,1,1,0","human_jester,foot_left,107,-13,-1.5,0,15,1,1,0",,,"human_jester,bell,-34,-314,7,0,4,1,1,0","human_jester,bell,-8,-312,13,0,5,1,1,0","human_jester,bell,46,-317,7,1,5,1,1,0","human_jester,bell,67,-318,12,1,4,1,1,0",,,,,,,,,,,,,,,,,,,,,,,,,,,,,,,,,,,,,,,,,,,,,,,,,,,,,,,,,,,,,,,,,,,,,,,,,,,,,,,,,,,,,,,,,,,,,,,,"play_time_mod_0.5",,
"Skill1/11","human_jester,head,-18,-547,13,0,4,1,1,0","human_jester,neck,-7,-465,7,0,7,1,1,0","human_jester,body,12,-357,11.5,0,5,1,1,0","human_jester,arm_up,-110,-426,-116,1,4,1,1,0","human_jester,arm_low,-122,-477,135,0,6,1,1,0","white_human,open,-59,-529,126,0,7,1,1,0","human_jester,arm_up_left,85,-471,141,1,6,1,1,0","human_jester,arm_low_left,78,-523,-120,1,9,1,1,0","white_human,open,-33,-555,-97,1,11,1,1,0","human_jester,leg_up,-27,-199,-22.7,0,8,1,1,0","human_jester,leg_low,-83,-80,-21,0,14,1,1,0","human_jester,foot,-87,-12,-16.6,0,14,1,1,0","human_jester,leg_up_left,99,-211,23.2,0,12,1,1.1,0","human_jester,leg_low_left,102,-90,-13.5,0,17,1,1,0","human_jester,foot_left,104,-13,-15.5,0,15,1,1,0",,,"human_jester,bell,-13,-309,27,0,4,1,1,0","human_jester,bell,7,-312,24,0,5,1,1,0","human_jester,bell,60,-321,31,1,5,1,1,0","human_jester,bell,80,-326,26,1,4,1,1,0",,,,,,,,,,,,,,,,,,,,,,,,,,,,,,,,,,,,,,,,,,,,,,,,,,,,,,,,,,,,,,,,,,,,,,,,,,,,,,,,,,,,,,,,,,,,,,,,"play_time_mod_0.5",,
"Skill1/12","human_jester,head,-28,-545,20,0,4,1,1,0","human_jester,neck,-9,-465,9,0,7,1,1,0","human_jester,body,12,-357,12.5,0,5,1,1,0","human_jester,arm_up,-108,-425,-114,1,4,1,1,0","human_jester,arm_low,-122,-474,137,0,6,1,1,0","white_human,open,-61,-530,128,0,7,1,1,0","human_jester,arm_up_left,84,-475,144,1,6,1,1,0","human_jester,arm_low_left,74,-527,-117,1,9,1,1,0","white_human,open,-40,-553,-94,1,11,1,1,0","human_jester,leg_up,-27,-199,-22.7,0,8,1,1,0","human_jester,leg_low,-83,-80,-21,0,14,1,1,0","human_jester,foot,-87,-12,-16.6,0,14,1,1,0","human_jester,leg_up_left,99,-211,23.2,0,12,1,1.1,0","human_jester,leg_low_left,102,-90,-13.5,0,17,1,1,0","human_jester,foot_left,104,-13,-15.5,0,15,1,1,0",,,"human_jester,bell,-13,-309,35,0,4,1,1,0","human_jester,bell,7,-312,33,0,5,1,1,0","human_jester,bell,60,-321,39,1,5,1,1,0","human_jester,bell,80,-326,35,1,4,1,1,0",,,,,,,,,,,,,,,,,,,,,,,,,,,,,,,,,,,,,,,,,,,,,,,,,,,,,,,,,,,,,,,,,,,,,,,,,,,,,,,,,,,,,,,,,,,,,,,,"play_time_mod_0.5",,"jester_bell,1500,0"
"Skill1/13","human_jester,head,-14,-547,7,0,4,1,1,0","human_jester,neck,-3,-465,-2,0,7,1,1,0","human_jester,body,-2,-356,4.5,0,5,1,1,0","human_jester,arm_up,-115,-444,-125,1,4,1,1,0","human_jester,arm_low,-118,-495,126,0,6,1,1,0","white_human,open,-46,-538,117,0,7,1,1,0","human_jester,arm_up_left,84,-453,132,1,6,1,1,0","human_jester,arm_low_left,84,-505,-129,1,9,1,1,0","white_human,open,-20,-555,-106,1,11,1,1,0","human_jester,leg_up,-43,-211,-9.7,0,8,1,1,0","human_jester,leg_low,-81,-87,-16,0,14,1,1,0","human_jester,foot,-87,-12,-16.6,0,14,1,1,0","human_jester,leg_up_left,69,-203,23.2,0,12,1,1,0","human_jester,leg_low_left,87,-80,1.5,0,17,1,1,0","human_jester,foot_left,107,-13,-1.5,0,15,1,1,0",,,"human_jester,bell,-44,-314,2,0,4,1,1,0","human_jester,bell,-18,-312,8,0,5,1,1,0","human_jester,bell,36,-312,2,1,5,1,1,0","human_jester,bell,57,-313,7,1,4,1,1,0",,,,,,,,,,,,,,,,,,,,,,,,,,,,,,,,,,,,,,,,,,,,,,,,,,,,,,,,,,,,,,,,,,,,,,,,,,,,,,,,,,,,,,,,,,,,,,,,"play_time_mod_0.5",,
"Skill1/14","human_jester,head,18,-546,-6,0,4,1,1,0","human_jester,neck,9,-465,-2,0,7,1,1,0","human_jester,body,0,-356,-5.5,0,5,1,1,0","human_jester,arm_up,-102,-473,-140,1,4,1,1,0","human_jester,arm_low,-93,-522,111,0,6,1,1,0","white_human,open,-11,-548,102,0,7,1,1,0","human_jester,arm_up_left,92,-429,117,1,6,1,1,0","human_jester,arm_low_left,106,-483,-144,1,9,1,1,0","white_human,open,20,-555,-121,1,11,1,1,0","human_jester,leg_up,-48,-211,-8.7,0,8,1,1,0","human_jester,leg_low,-93,-87,-24,0,14,1,1,0","human_jester,foot,-99,-12,-11.6,0,14,1,1,0","human_jester,leg_up_left,69,-200,23.2,0,12,1,1,0","human_jester,leg_low_left,87,-80,1.5,0,17,1,1,0","human_jester,foot_left,106,-13,-2.5,0,15,1,1,0",,,"human_jester,bell,-47,-321,-7,0,4,1,1,0","human_jester,bell,-21,-312,-1,0,5,1,1,0","human_jester,bell,31,-309,-7,1,5,1,1,0","human_jester,bell,52,-303,-2,1,4,1,1,0",,,,,,,,,,,,,,,,,,,,,,,,,,,,,,,,,,,,,,,,,,,,,,,,,,,,,,,,,,,,,,,,,,,,,,,,,,,,,,,,,,,,,,,,,,,,,,,,"play_time_mod_0.5",,
"Skill1/15","human_jester,head,28,-546,-11,0,4,1,1,0","human_jester,neck,14,-465,-7,0,7,1,1,0","human_jester,body,-5,-356,-10.5,0,5,1,1,0","human_jester,arm_up,-97,-483,-145,1,4,1,1,0","human_jester,arm_low,-83,-532,106,0,6,1,1,0","white_human,open,-1,-548,97,0,7,1,1,0","human_jester,arm_up_left,92,-420,112,1,6,1,1,0","human_jester,arm_low_left,111,-473,-149,1,9,1,1,0","white_human,open,30,-555,-126,1,11,1,1,0","human_jester,leg_up,-50,-211,-1.7,0,8,1,1,0","human_jester,leg_low,-90,-90,-27,0,14,1,1,0","human_jester,foot,-102,-13,-16.6,0,14,1,1,0","human_jester,leg_up_left,54,-200,27.2,0,12,1,1,0","human_jester,leg_low_left,84,-80,9.5,0,17,1,1,0","human_jester,foot_left,106,-13,-2.5,0,15,1,1,0",,,"human_jester,bell,-57,-326,-12,0,4,1,1,0","human_jester,bell,-31,-315,-6,0,5,1,1,0","human_jester,bell,21,-309,-12,1,5,1,1,0","human_jester,bell,42,-298,-7,1,4,1,1,0",,,,,,,,,,,,,,,,,,,,,,,,,,,,,,,,,,,,,,,,,,,,,,,,,,,,,,,,,,,,,,,,,,,,,,,,,,,,,,,,,,,,,,,,,,,,,,,,"play_time_mod_0.7",,
"Skill1/16","human_jester,head,-15,-547,9,0,4,1,1,0","human_jester,neck,-8,-465,3,0,7,1,1,0","human_jester,body,3,-356,7.5,0,5,1,1,0","human_jester,arm_up,-115,-434,-120,1,4,1,1,0","human_jester,arm_low,-123,-485,131,0,6,1,1,0","white_human,open,-56,-533,122,0,7,1,1,0","human_jester,arm_up_left,84,-463,137,1,6,1,1,0","human_jester,arm_low_left,79,-515,-124,1,9,1,1,0","white_human,open,-30,-555,-101,1,11,1,1,0","human_jester,leg_up,-33,-199,-14.7,0,8,1,1,0","human_jester,leg_low,-81,-80,-21,0,14,1,1,0","human_jester,foot,-87,-12,-21.6,0,14,1,1,0","human_jester,leg_up_left,86,-202,23.2,0,12,1,1.1,0","human_jester,leg_low_left,93,-80,-11.5,0,17,1,1,0","human_jester,foot_left,107,-13,-1.5,0,15,1,1,0",,,"human_jester,bell,-34,-314,7,0,4,1,1,0","human_jester,bell,-8,-312,13,0,5,1,1,0","human_jester,bell,46,-317,7,1,5,1,1,0","human_jester,bell,67,-318,12,1,4,1,1,0",,,,,,,,,,,,,,,,,,,,,,,,,,,,,,,,,,,,,,,,,,,,,,,,,,,,,,,,,,,,,,,,,,,,,,,,,,,,,,,,,,,,,,,,,,,,,,,,,,
"Skill1/17","human_jester,head,-18,-547,13,0,4,1,1,0","human_jester,neck,-7,-465,7,0,7,1,1,0","human_jester,body,12,-357,11.5,0,5,1,1,0","human_jester,arm_up,-110,-426,-116,1,4,1,1,0","human_jester,arm_low,-122,-477,135,0,6,1,1,0","white_human,open,-59,-529,126,0,7,1,1,0","human_jester,arm_up_left,85,-471,141,1,6,1,1,0","human_jester,arm_low_left,78,-523,-120,1,9,1,1,0","white_human,open,-33,-555,-97,1,11,1,1,0","human_jester,leg_up,-27,-199,-22.7,0,8,1,1,0","human_jester,leg_low,-83,-80,-21,0,14,1,1,0","human_jester,foot,-87,-12,-16.6,0,14,1,1,0","human_jester,leg_up_left,99,-211,23.2,0,12,1,1.1,0","human_jester,leg_low_left,102,-90,-13.5,0,17,1,1,0","human_jester,foot_left,104,-13,-15.5,0,15,1,1,0",,,"human_jester,bell,-13,-309,27,0,4,1,1,0","human_jester,bell,7,-312,24,0,5,1,1,0","human_jester,bell,60,-321,31,1,5,1,1,0","human_jester,bell,80,-326,26,1,4,1,1,0",,,,,,,,,,,,,,,,,,,,,,,,,,,,,,,,,,,,,,,,,,,,,,,,,,,,,,,,,,,,,,,,,,,,,,,,,,,,,,,,,,,,,,,,,,,,,,,,,,"jester_bell,1500,0"
"Skill1/18","human_jester,head,-36,-545,24,0,4,1,1,0","human_jester,neck,-13,-465,13,0,7,1,1,0","human_jester,body,16,-361,16.5,0,5,1,1,0","human_jester,arm_up,-108,-417,-110,1,4,1,1,0","human_jester,arm_low,-126,-466,141,0,6,1,1,0","white_human,open,-69,-526,132,0,7,1,1,0","human_jester,arm_up_left,76,-483,148,1,6,1,1,0","human_jester,arm_low_left,61,-533,-113,1,9,1,1,0","white_human,open,-48,-553,-90,1,11,1,1,0","human_jester,leg_up,-17,-203,-26.7,0,8,1,1.1,0","human_jester,leg_low,-83,-83,-23,0,14,1,1,0","human_jester,foot,-89,-12,-20.6,0,14,1,1,0","human_jester,leg_up_left,105,-216,23.2,0,12,1,1.1,0","human_jester,leg_low_left,105,-92,-14.5,0,17,1,1,0","human_jester,foot_left,104,-13,-18.5,0,15,1,1,0",,,"human_jester,bell,-5,-309,39,0,4,1,1,0","human_jester,bell,15,-316,37,0,5,1,1,0","human_jester,bell,68,-326,43,1,5,1,1,0","human_jester,bell,88,-334,39,1,4,1,1,0",,,,,,,,,,,,,,,,,,,,,,,,,,,,,,,,,,,,,,,,,,,,,,,,,,,,,,,,,,,,,,,,,,,,,,,,,,,,,,,,,,,,,,,,,,,,,,,,"play_time_mod_1.25",,
"Skill1/19","human_jester,head,-15,-547,9,0,4,1,1,0","human_jester,neck,-8,-465,3,0,7,1,1,0","human_jester,body,3,-356,7.5,0,5,1,1,0","human_jester,arm_up,-115,-434,-120,1,4,1,1,0","human_jester,arm_low,-123,-485,131,0,6,1,1,0","white_human,open,-56,-533,122,0,7,1,1,0","human_jester,arm_up_left,84,-463,137,1,6,1,1,0","human_jester,arm_low_left,79,-515,-124,1,9,1,1,0","white_human,open,-30,-555,-101,1,11,1,1,0","human_jester,leg_up,-33,-199,-14.7,0,8,1,1,0","human_jester,leg_low,-81,-80,-21,0,14,1,1,0","human_jester,foot,-87,-12,-21.6,0,14,1,1,0","human_jester,leg_up_left,86,-202,23.2,0,12,1,1.1,0","human_jester,leg_low_left,93,-80,-11.5,0,17,1,1,0","human_jester,foot_left,107,-13,-1.5,0,15,1,1,0",,,"human_jester,bell,-34,-314,7,0,4,1,1,0","human_jester,bell,-8,-312,13,0,5,1,1,0","human_jester,bell,46,-317,7,1,5,1,1,0","human_jester,bell,67,-318,12,1,4,1,1,0",,,,,,,,,,,,,,,,,,,,,,,,,,,,,,,,,,,,,,,,,,,,,,,,,,,,,,,,,,,,,,,,,,,,,,,,,,,,,,,,,,,,,,,,,,,,,,,,,,
"Skill1/20","human_jester,head,-5,-547,4,0,4,1,1,0","human_jester,neck,-3,-465,-2,0,7,1,1,0","human_jester,body,-2,-356,2.5,0,5,1,1,0","human_jester,arm_up,-119,-457,-133,1,4,1,1,0","human_jester,arm_low,-145,-529,160,0,6,1,1,0","white_human,open,-110,-612,150,1,7,1,1,0","human_jester,arm_up_left,78,-443,130,1,6,1,1,0","human_jester,arm_low_left,123,-526,-180,1,9,1,1,0","white_human,open,126,-621,-180,0,11,1,1,0","human_jester,leg_up,-45,-211,-12.7,0,8,1,1,0","human_jester,leg_low,-88,-87,-18,0,14,1,1,0","human_jester,foot,-87,-12,-3.6,0,14,1,1,0","human_jester,leg_up_left,67,-203,25.2,0,12,1,1,0","human_jester,leg_low_left,87,-80,1.5,0,17,1,1,0","human_jester,foot_left,109,-13,5.5,0,15,1,1,0",,,"human_jester,bell,-44,-314,2,0,4,1,1,0","human_jester,bell,-18,-312,8,0,5,1,1,0","human_jester,bell,36,-312,2,1,5,1,1,0","human_jester,bell,57,-313,7,1,4,1,1,0",,,,,,,,,,,,,,,,,,,,,,,,,,,,,,,,,,,,,,,,,,,,,,,,,,,,,,,,,,,,,,,,,,,,,,,,,,,,,,,,,,,,,,,,,,,,,,,,"play_time_mod_0.7",,
"Skill1/21","human_jester,head,-7,-547,5,0,4,1,1,0","human_jester,neck,-3,-465,-2,0,7,1,1,0","human_jester,body,-2,-356,2.5,0,5,1,1,0","human_jester,arm_up,-124,-434,-107,1,4,1,1,0","human_jester,arm_low,-226,-482,-126,0,6,1,1,0","white_human,open,-302,-546,-134,1,7,1,1,0","human_jester,arm_up_left,78,-433,90,1,6,1,1,0","human_jester,arm_low_left,183,-451,115,1,9,1,1,0","white_human,open,265,-495,123,0,11,1,1,0","human_jester,leg_up,-45,-211,-12.7,0,8,1,1,0","human_jester,leg_low,-88,-87,-18,0,14,1,1,0","human_jester,foot,-87,-12,-3.6,0,14,1,1,0","human_jester,leg_up_left,67,-203,25.2,0,12,1,1,0","human_jester,leg_low_left,87,-80,1.5,0,17,1,1,0","human_jester,foot_left,109,-13,5.5,0,15,1,1,0",,,"human_jester,bell,-44,-314,2,0,4,1,1,0","human_jester,bell,-18,-312,8,0,5,1,1,0","human_jester,bell,36,-312,2,1,5,1,1,0","human_jester,bell,57,-313,7,1,4,1,1,0",,,,,,,,,,,,,,,,,,,,,,,,,,,,,,,,,,,,,,,,,,,,,,,,,,,,,,,,,,,,,,,,,,,,,,,,,,,,,,,,,,,,,,,,,,,,,,,,"play_time_mod_0.5",,
"Skill1/22","human_jester,head,-4,-547,2,0,4,1,1,0","human_jester,neck,-3,-465,-2,0,7,1,1,0","human_jester,body,-2,-356,2.5,0,5,1,1,0","human_jester,arm_up,-124,-417,-87,1,4,1,1,0","human_jester,arm_low,-226,-420,-96,0,6,1,1,0","white_human,open,-327,-430,-94,1,7,1,1,0","human_jester,arm_up_left,78,-423,70,1,6,1,1,0","human_jester,arm_low_left,183,-401,95,1,9,1,1,0","white_human,open,275,-416,103,0,11,1,1,0","human_jester,leg_up,-45,-211,-12.7,0,8,1,1,0","human_jester,leg_low,-88,-87,-18,0,14,1,1,0","human_jester,foot,-87,-12,-3.6,0,14,1,1,0","human_jester,leg_up_left,67,-203,25.2,0,12,1,1,0","human_jester,leg_low_left,87,-80,1.5,0,17,1,1,0","human_jester,foot_left,109,-13,5.5,0,15,1,1,0",,,"human_jester,bell,-44,-314,2,0,4,1,1,0","human_jester,bell,-18,-312,8,0,5,1,1,0","human_jester,bell,36,-312,2,1,5,1,1,0","human_jester,bell,57,-313,7,1,4,1,1,0",,,,,,,,,,,,,,,,,,,,,,,,,,,,,,,,,,,,,,,,,,,,,,,,,,,,,,,,,,,,,,,,,,,,,,,,,,,,,,,,,,,,,,,,,,,,,,,,"play_time_mod_1.25",,
"Skill1/23","human_jester,head,-1,-547,0,0,4,1,1,0","human_jester,neck,-3,-465,-2,0,7,1,1,0","human_jester,body,-2,-356,1.5,0,5,1,1,0","human_jester,arm_up,-114,-400,-47,0,4,1,1,0","human_jester,arm_low,-188,-317,-36,0,6,1,1,0","white_human,open,-245,-233,-34,0,7,1,1,0","human_jester,arm_up_left,86,-408,40,1,6,1,1,0","human_jester,arm_low_left,160,-328,45,1,9,1,1,0","white_human,open,227,-259,43,1,11,1,1,0","human_jester,leg_up,-44,-211,-8.7,0,8,1,1,0","human_jester,leg_low,-79,-87,-16,0,14,1,1,0","human_jester,foot,-74,-12,-1.6,0,14,1,1,0","human_jester,leg_up_left,63,-205,20.2,0,12,1,1,0","human_jester,leg_low_left,80,-78,1.5,0,17,1,1,0","human_jester,foot_left,104,-13,5.5,0,15,1,1,0",,,"human_jester,bell,-44,-314,2,0,4,1,1,0","human_jester,bell,-18,-312,8,0,5,1,1,0","human_jester,bell,36,-311,2,1,5,1,1,0","human_jester,bell,57,-312,7,1,4,1,1,0",,,,,,,,,,,,,,,,,,,,,,,,,,,,,,,,,,,,,,,,,,,,,,,,,,,,,,,,,,,,,,,,,,,,,,,,,,,,,,,,,,,,,,,,,,,,,,,,"play_time_mod_0.4",,
"Skill1/24","human_jester,head,5,-541,-6,0,4,1,1,0","human_jester,neck,-1,-464,-2,0,7,1,1,0","human_jester,body,0,-353,-2.5,0,5,1,1,0","human_jester,arm_up,-93,-386,-32,0,4,1,1,0","human_jester,arm_low,-95,-304,38,0,6,1,1,0","white_human,open,-48,-234,14,0,7,1,1,0","human_jester,arm_up_left,74,-378,9,1,6,1,1,0","human_jester,arm_low_left,99,-268,14,1,9,1,1,0","white_human,open,118,-171,12,1,11,1,1,0","human_jester,leg_up,-44,-211,-8.7,0,8,1,1,0","human_jester,leg_low,-79,-87,-16,0,14,1,1,0","human_jester,foot,-73,-13,-1.6,0,14,1,1,0","human_jester,leg_up_left,63,-203,22.2,0,12,1,1,0","human_jester,leg_low_left,80,-78,-0.5,0,17,1,1,0","human_jester,foot_left,104,-13,6.5,0,15,1,1,0",,,"human_jester,bell,-44,-311,-1,0,4,1,1,0","human_jester,bell,-18,-309,5,0,5,1,1,0","human_jester,bell,35,-305,-1,1,5,1,1,0","human_jester,bell,56,-305,4,1,4,1,1,0",,,,,,,,,,,,,,,,,,,,,,,,,,,,,,,,,,,,,,,,,,,,,,,,,,,,,,,,,,,,,,,,,,,,,,,,,,,,,,,,,,,,,,,,,,,,,,,,,,
"Skill2/0","human_jester,head,1,-547,-2,0,4,1,1,0","human_jester,neck,-3,-465,-2,0,7,1,1,0","human_jester,body,0,-356,-1.5,0,5,1,1,0","human_jester,arm_up,-95,-389,-30,0,4,1,1,0","human_jester,arm_low,-96,-307,40,0,6,1,1,0","white_human,open,-48,-237,16,0,7,1,1,0","human_jester,arm_up_left,76,-383,10,1,6,1,1,0","human_jester,arm_low_left,101,-272,15,1,9,1,1,0","white_human,open,121,-175,13,1,11,1,1,0","human_jester,leg_up,-44,-211,-8.7,0,8,1,1,0","human_jester,leg_low,-79,-87,-16,0,14,1,1,0","human_jester,foot,-73,-13,-1.6,0,14,1,1,0","human_jester,leg_up_left,63,-205,20.2,0,12,1,1,0","human_jester,leg_low_left,80,-78,1.5,0,17,1,1,0","human_jester,foot_left,104,-13,5.5,0,15,1,1,0",,,"human_jester,bell,-42,-314,0,0,4,1,1,0","human_jester,bell,-16,-312,6,0,5,1,1,0","human_jester,bell,36,-309,0,1,5,1,1,0","human_jester,bell,57,-310,5,1,4,1,1,0",,,,,,,,,,,,,,,,,,,,,,,,,,,,,,,,,,,,,,,,,,,,,,,,,,,,,,,,,,,,,,,,,,,,,,,,,,,,,,,,,,,,,,,,,,,,,,,,,,
"Skill2/1","human_jester,head,9,-546,-4,0,4,1,1,0","human_jester,neck,5,-464,-2,0,7,1,1,0","human_jester,body,0,-356,-2.5,0,5,1,1,0","human_jester,arm_up,-113,-402,-50,0,4,1,1,0","human_jester,arm_low,-135,-319,20,0,6,1,1,0","white_human,open,-101,-226,15,0,7,1,1,0","human_jester,arm_up_left,76,-380,10,1,6,1,1,0","human_jester,arm_low_left,101,-269,15,1,9,1,1,0","white_human,open,121,-172,13,1,11,1,1,0","human_jester,leg_up,-44,-211,-8.7,0,8,1,1,0","human_jester,leg_low,-79,-87,-16,0,14,1,1,0","human_jester,foot,-73,-13,-1.6,0,14,1,1,0","human_jester,leg_up_left,63,-205,20.2,0,12,1,1,0","human_jester,leg_low_left,80,-78,1.5,0,17,1,1,0","human_jester,foot_left,104,-13,5.5,0,15,1,1,0",,,"human_jester,bell,-44,-316,-2,0,4,1,1,0","human_jester,bell,-18,-314,4,0,5,1,1,0","human_jester,bell,36,-307,-1,1,5,1,1,0","human_jester,bell,57,-308,4,1,4,1,1,0",,,,,,,,,,,,,,,,,,,,,,,,,,,,,,,,,,,,,,,,,,,,,,,,,,,,,,,,,,,,,,,,,,,,,,,,,,,,,,,,,,,,,,,,,,,,,,,,"play_time_mod_0.5",,
"Skill2/2","human_jester,head,14,-540,-9,0,4,1,1,0","human_jester,neck,5,-464,-2,0,7,1,1,0","human_jester,body,0,-356,-2.5,0,5,1,1,0","human_jester,arm_up,-95,-389,-32,0,5,1,1,0","human_jester,arm_low,-92,-305,45,0,9,1,1,0","white_human,open,-26,-257,86,0,10,1,1,0","human_jester,arm_up_left,77,-382,11,1,6,1,1,0","human_jester,arm_low_left,104,-271,16,1,9,1,1,0","white_human,open,126,-174,14,1,11,1,1,0","human_jester,leg_up,-44,-211,-8.7,0,8,1,1,0","human_jester,leg_low,-79,-87,-16,0,14,1,1,0","human_jester,foot,-73,-13,-1.6,0,14,1,1,0","human_jester,leg_up_left,63,-205,20.2,0,12,1,1,0","human_jester,leg_low_left,80,-78,1.5,0,17,1,1,0","human_jester,foot_left,104,-13,5.5,0,15,1,1,0",,,"human_jester,bell,-44,-316,-2,0,4,1,1,0","human_jester,bell,-18,-314,4,0,5,1,1,0","human_jester,bell,36,-307,-1,1,5,1,1,0","human_jester,bell,57,-308,4,1,4,1,1,0",,,,,,,,,,,,,,,,,,,,,,,,,,,,,,,,,,,,,,,,,,,,,,,,,,,,,,,,,,,,,,,,,,,,,,,,,,,,,,,,,,,,,,,,,,,,,,,,"play_time_mod_1.3",,
"Skill2/3","human_jester,head,14,-540,-8,0,4,1,1,0","human_jester,neck,5,-464,-2,0,7,1,1,0","human_jester,body,0,-356,-1.5,0,5,1,1,0","human_jester,arm_up,-96,-390,-31,0,5,1,1,0","human_jester,arm_low,-92,-306,46,0,9,1,1,0","white_human,open,-25,-260,87,0,10,1,1,0","human_jester,arm_up_left,75,-382,12,1,6,1,1,0","human_jester,arm_low_left,104,-271,17,1,9,1,1,0","white_human,open,128,-174,15,1,11,1,1,0","human_jester,leg_up,-44,-211,-8.7,0,8,1,1,0","human_jester,leg_low,-79,-87,-16,0,14,1,1,0","human_jester,foot,-73,-13,-1.6,0,14,1,1,0","human_jester,leg_up_left,63,-205,20.2,0,12,1,1,0","human_jester,leg_low_left,80,-78,1.5,0,17,1,1,0","human_jester,foot_left,104,-13,5.5,0,15,1,1,0",,,"human_jester,bell,-44,-316,-3,0,4,1,1,0","human_jester,bell,-18,-314,5,0,5,1,1,0","human_jester,bell,36,-307,-2,1,5,1,1,0","human_jester,bell,57,-308,5,1,4,1,1,0",,,,,,,,,,,,,,,,,,,,,,,,,,,,,,,,,,,,,,,,,,,,,,,,,,,,,,,,,,,,,,,,,,,,,,,,,,,,,,,,,,,,,,,,,,,,,,,,,,
"Skill2/4","human_jester,head,9,-546,-4,0,4,1,1,0","human_jester,neck,5,-464,-2,0,7,1,1,0","human_jester,body,0,-356,-2.5,0,5,1,1,0","human_jester,arm_up,-113,-402,-50,0,4,1,1,0","human_jester,arm_low,-135,-319,20,0,6,1,1,0","white_human,fist,-107,-239,15,0,7,1,1,0","human_jester,arm_up_left,76,-380,10,1,6,1,1,0","human_jester,arm_low_left,101,-269,15,1,9,1,1,0","white_human,open,121,-172,13,1,11,1,1,0","human_jester,leg_up,-44,-211,-8.7,0,8,1,1,0","human_jester,leg_low,-79,-87,-16,0,14,1,1,0","human_jester,foot,-73,-13,-1.6,0,14,1,1,0","human_jester,leg_up_left,63,-205,20.2,0,12,1,1,0","human_jester,leg_low_left,80,-78,1.5,0,17,1,1,0","human_jester,foot_left,104,-13,5.5,0,15,1,1,0",,,"human_jester,bell,-44,-316,-2,0,4,1,1,0","human_jester,bell,-18,-314,4,0,5,1,1,0","human_jester,bell,36,-307,-1,1,5,1,1,0","human_jester,bell,57,-308,4,1,4,1,1,0",,,,,,,,,,,,,,,,,,,,,,,,,,,,,,,,,,,,,,,,,,,,,,,,,,,,,,,,,,,,,,,,,,,,,,,,,,,,,,,,,,,,,,,,,,,,,,,,,,
"Skill2/5","human_jester,head,14,-545,-8,0,4,1,1,0","human_jester,neck,5,-464,-2,0,7,1,1,0","human_jester,body,0,-356,-2.5,0,5,1,1,0","human_jester,arm_up,-90,-387,-30,0,3,1,1,0","human_jester,arm_low,-83,-300,40,0,5,1,1,0","white_human,fist,-29,-236,35,0,6,1,1,0","human_jester,arm_up_left,75,-386,13,1,6,1,1,0","human_jester,arm_low_left,106,-275,18,1,9,1,1,0","white_human,open,132,-178,16,1,11,1,1,0","human_jester,leg_up,-46,-211,-10.7,0,8,1,1,0","human_jester,leg_low,-85,-88,-18,0,14,1,1,0","human_jester,foot,-87,-15,-8.6,0,14,1,1,0","human_jester,leg_up_left,68,-203,25.2,0,12,1,1,0","human_jester,leg_low_left,83,-80,-3.5,0,17,1,1,0","human_jester,foot_left,104,-13,5.5,0,15,1,1,0",,,"human_jester,bell,-44,-316,-2,0,4,1,1,0","human_jester,bell,-18,-314,4,0,5,1,1,0","human_jester,bell,36,-307,-1,1,5,1,1,0","human_jester,bell,57,-308,4,1,4,1,1,0",,,,,,,,,,,,,,,,,,,,,,,,,,,,,,,,,,,,,,,,,,,,,,,,,,,,,,,,,,,,,,,,,,,,,,,,,,,,,,,,,,,,,,,,,,,,,,,,,,
"Skill2/6","human_jester,head,14,-545,-3,0,4,1,1,0","human_jester,neck,5,-464,-2,0,7,1,1,0","human_jester,body,0,-356,-2.5,0,5,1,1,0","human_jester,arm_up,-39,-380,14,0,2,1,1,0","human_jester,arm_low,7,-290,60,0,3,1,1,0","white_human,fist,81,-246,55,0,4,1,1,0","human_jester,arm_up_left,75,-386,11,1,6,1,1,0","human_jester,arm_low_left,102,-275,16,1,9,1,1,0","white_human,open,124,-178,14,1,11,1,1,0","human_jester,leg_up,-48,-211,-12.7,0,8,1,1,0","human_jester,leg_low,-95,-92,-23,0,14,1,1,0","human_jester,foot,-101,-17,-15.6,0,14,1,1,0","human_jester,leg_up_left,73,-201,27.2,0,12,1,1,0","human_jester,leg_low_left,87,-80,-5.5,0,17,1,1,0","human_jester,foot_left,103,-13,1.5,0,15,1,1,0",,,"human_jester,bell,-44,-316,-2,0,4,1,1,0","human_jester,bell,-18,-314,4,0,5,1,1,0","human_jester,bell,36,-307,-1,1,5,1,1,0","human_jester,bell,57,-308,4,1,4,1,1,0",,,,,,,,,,,,,,,,,,,,,,,,,,,,,,,,,,,,,,,,,,,,,,,,,,,,,,,,,,,,,,,,,,,,,,,,,,,,,,,,,,,,,,,,,,,,,,,,,,
"Skill2/7","human_jester,head,14,-545,0,0,4,1,1,0","human_jester,neck,5,-464,-2,0,7,1,1,0","human_jester,body,0,-356,-2.5,0,5,1,1,0","human_jester,arm_up,-17,-384,41,0,2,1,1,0","human_jester,arm_low,73,-323,70,0,3,1,1,0","white_human,open,169,-293,75,0,4,1,1,0","human_jester,arm_up_left,71,-390,13,1,6,1,1,0","human_jester,arm_low_left,102,-279,18,1,9,1,1,0","white_human,open,131,-182,20,1,11,1,1,0","human_jester,leg_up,-48,-211,-12.7,0,8,1,1,0","human_jester,leg_low,-95,-92,-23,0,14,1,1,0","human_jester,foot,-101,-17,-15.6,0,14,1,1,0","human_jester,leg_up_left,73,-201,27.2,0,12,1,1,0","human_jester,leg_low_left,87,-80,-5.5,0,17,1,1,0","human_jester,foot_left,103,-13,1.5,0,15,1,1,0",,,"human_jester,bell,-44,-316,-2,0,4,1,1,0","human_jester,bell,-18,-314,4,0,5,1,1,0","human_jester,bell,36,-307,-1,1,5,1,1,0","human_jester,bell,57,-308,4,1,4,1,1,0",,,,,,,,,,,,,,,,,,,,,,,,,,,,,,,,,,,,,,,,,,,,,,,,,,,,,,,,,,,,,,,,,,,,,,,,,,,,,,,,,,,,,,,,,,,,,,,,"play_time_mod_0.2",,
"Skill2/8","human_jester,head,14,-545,2,0,4,1,1,0","human_jester,neck,5,-464,-2,0,7,1,1,0","human_jester,body,0,-356,-2.5,0,5,1,1,0","human_jester,arm_up,-5,-396,61,0,2,1,1,0","human_jester,arm_low,103,-345,70,0,3,1,1,0","white_human,open,199,-315,75,0,4,1,1,0","human_jester,arm_up_left,75,-394,23,1,6,1,1,0","human_jester,arm_low_left,125,-290,28,1,9,1,1,0","white_human,open,171,-200,30,1,11,1,1,0","human_jester,leg_up,-48,-211,-12.7,0,8,1,1,0","human_jester,leg_low,-95,-92,-23,0,14,1,1,0","human_jester,foot,-101,-17,-15.6,0,14,1,1,0","human_jester,leg_up_left,73,-201,27.2,0,12,1,1,0","human_jester,leg_low_left,87,-80,-5.5,0,17,1,1,0","human_jester,foot_left,103,-13,1.5,0,15,1,1,0",,,"human_jester,bell,-44,-316,-2,0,4,1,1,0","human_jester,bell,-18,-314,4,0,5,1,1,0","human_jester,bell,36,-307,-1,1,5,1,1,0","human_jester,bell,57,-308,4,1,4,1,1,0",,,,,,,,,,,,,,,,,,,,,,,,,,,,,,,,,,,,,,,,,,,,,,,,,,,,,,,,,,,,,,,,,,,,,,,,,,,,,,,,,,,,,,,,"sand,base,354,-439,-60,0,0,1,1,1",,,,,,,,"play_time_mod_0.1",,
"Skill2/9","human_jester,head,14,-545,6,0,4,1,1,0","human_jester,neck,5,-464,-2,0,7,1,1,0","human_jester,body,0,-356,-1.5,0,5,1,1,0","human_jester,arm_up,-1,-399,69,0,2,1,1,0","human_jester,arm_low,101,-387,90,0,3,1,1,0","white_human,open,201,-393,95,0,4,1,1,0","human_jester,arm_up_left,75,-398,26,1,6,1,1,0","human_jester,arm_low_left,126,-294,31,1,9,1,1,0","white_human,open,178,-204,33,1,11,1,1,0","human_jester,leg_up,-48,-211,-12.7,0,8,1,1,0","human_jester,leg_low,-96,-94,-25,0,14,1,1,0","human_jester,foot,-106,-20,-19.6,0,14,1,1,0","human_jester,leg_up_left,73,-201,28.2,0,12,1,1,0","human_jester,leg_low_left,87,-80,-5.5,0,17,1,1,0","human_jester,foot_left,103,-13,1.5,0,15,1,1,0",,,"human_jester,bell,-44,-316,0,0,4,1,1,0","human_jester,bell,-18,-314,7,0,5,1,1,0","human_jester,bell,36,-307,2,1,5,1,1,0","human_jester,bell,57,-311,6,1,4,1,1,0",,,,,,,,,,,,,,,,,,,,,,,,,,,,,,,,,,,,,,,,,,,,,,,,,,,,,,,,,,,,,,,,,,,,,,,,,,,,,,,,,,,,,,,,,,,,,,,,"play_time_mod_0.5",,
"Skill2/10","human_jester,head,9,-544,10,0,4,1,1,0","human_jester,neck,5,-464,-2,0,7,1,1,0","human_jester,body,0,-356,-1.5,0,5,1,1,0","human_jester,arm_up,1,-400,74,0,2,1,1,0","human_jester,arm_low,101,-397,110,0,3,1,1,0","white_human,open,184,-433,115,0,4,1,1,0","human_jester,arm_up_left,81,-395,24,1,6,1,1,0","human_jester,arm_low_left,128,-289,29,1,9,1,1,0","white_human,open,176,-197,31,1,11,1,1,0","human_jester,leg_up,-49,-211,-12.7,0,8,1,1,0","human_jester,leg_low,-99,-94,-27,0,14,1,1,0","human_jester,foot,-114,-21,-25.6,0,14,1,1,0","human_jester,leg_up_left,73,-201,28.2,0,12,1,1,0","human_jester,leg_low_left,87,-80,-5.5,0,17,1,1,0","human_jester,foot_left,103,-13,1.5,0,15,1,1,0",,,"human_jester,bell,-44,-316,0,0,4,1,1,0","human_jester,bell,-18,-314,7,0,5,1,1,0","human_jester,bell,36,-308,3,1,5,1,1,0","human_jester,bell,57,-312,7,1,4,1,1,0",,,,,,,,,,,,,,,,,,,,,,,,,,,,,,,,,,,,,,,,,,,,,,,,,,,,,,,,,,,,,,,,,,,,,,,,,,,,,,,,,,,,,,,,,,,,,,,,,,
"Skill2/11","human_jester,head,14,-545,3,0,4,1,1,0","human_jester,neck,5,-464,-2,0,7,1,1,0","human_jester,body,0,-356,-2.5,0,5,1,1,0","human_jester,arm_up,-17,-384,41,0,2,1,1,0","human_jester,arm_low,73,-323,70,0,3,1,1,0","white_human,open,169,-293,75,0,4,1,1,0","human_jester,arm_up_left,71,-390,13,1,6,1,1,0","human_jester,arm_low_left,102,-279,18,1,9,1,1,0","white_human,open,131,-182,20,1,11,1,1,0","human_jester,leg_up,-48,-211,-12.7,0,8,1,1,0","human_jester,leg_low,-95,-92,-23,0,14,1,1,0","human_jester,foot,-101,-17,-15.6,0,14,1,1,0","human_jester,leg_up_left,73,-201,27.2,0,12,1,1,0","human_jester,leg_low_left,87,-80,-5.5,0,17,1,1,0","human_jester,foot_left,103,-13,1.5,0,15,1,1,0",,,"human_jester,bell,-44,-316,-2,0,4,1,1,0","human_jester,bell,-18,-314,4,0,5,1,1,0","human_jester,bell,36,-307,-1,1,5,1,1,0","human_jester,bell,57,-308,4,1,4,1,1,0",,,,,,,,,,,,,,,,,,,,,,,,,,,,,,,,,,,,,,,,,,,,,,,,,,,,,,,,,,,,,,,,,,,,,,,,,,,,,,,,,,,,,,,,,,,,,,,,,,
"Skill2/12","human_jester,head,14,-545,-3,0,4,1,1,0","human_jester,neck,5,-464,-2,0,7,1,1,0","human_jester,body,0,-356,-2.5,0,5,1,1,0","human_jester,arm_up,-39,-380,14,0,2,1,1,0","human_jester,arm_low,7,-290,60,0,3,1,1,0","white_human,open,89,-244,55,0,4,1,1,0","human_jester,arm_up_left,75,-386,11,1,6,1,1,0","human_jester,arm_low_left,102,-275,16,1,9,1,1,0","white_human,open,124,-178,14,1,11,1,1,0","human_jester,leg_up,-48,-211,-12.7,0,8,1,1,0","human_jester,leg_low,-95,-92,-23,0,14,1,1,0","human_jester,foot,-101,-17,-15.6,0,14,1,1,0","human_jester,leg_up_left,73,-201,27.2,0,12,1,1,0","human_jester,leg_low_left,87,-80,-5.5,0,17,1,1,0","human_jester,foot_left,103,-13,1.5,0,15,1,1,0",,,"human_jester,bell,-44,-316,-2,0,4,1,1,0","human_jester,bell,-18,-314,4,0,5,1,1,0","human_jester,bell,36,-307,-1,1,5,1,1,0","human_jester,bell,57,-308,4,1,4,1,1,0",,,,,,,,,,,,,,,,,,,,,,,,,,,,,,,,,,,,,,,,,,,,,,,,,,,,,,,,,,,,,,,,,,,,,,,,,,,,,,,,,,,,,,,,,,,,,,,,,,
"Skill2/13","human_jester,head,5,-541,-6,0,4,1,1,0","human_jester,neck,-1,-464,-2,0,7,1,1,0","human_jester,body,0,-353,-2.5,0,5,1,1,0","human_jester,arm_up,-93,-386,-32,0,4,1,1,0","human_jester,arm_low,-95,-304,38,0,6,1,1,0","white_human,open,-48,-234,14,0,7,1,1,0","human_jester,arm_up_left,74,-378,9,1,6,1,1,0","human_jester,arm_low_left,99,-268,14,1,9,1,1,0","white_human,open,118,-171,12,1,11,1,1,0","human_jester,leg_up,-44,-211,-8.7,0,8,1,1,0","human_jester,leg_low,-79,-87,-16,0,14,1,1,0","human_jester,foot,-73,-13,-1.6,0,14,1,1,0","human_jester,leg_up_left,63,-203,22.2,0,12,1,1,0","human_jester,leg_low_left,80,-78,-0.5,0,17,1,1,0","human_jester,foot_left,104,-13,6.5,0,15,1,1,0",,,"human_jester,bell,-44,-311,-1,0,4,1,1,0","human_jester,bell,-18,-309,5,0,5,1,1,0","human_jester,bell,35,-305,-1,1,5,1,1,0","human_jester,bell,56,-305,4,1,4,1,1,0",,,,,,,,,,,,,,,,,,,,,,,,,,,,,,,,,,,,,,,,,,,,,,,,,,,,,,,,,,,,,,,,,,,,,,,,,,,,,,,,,,,,,,,,,,,,,,,,,,
"GRAND_Attack/0","human_jester,head,-1,-547,0,0,4,1,1,0","human_jester,neck,-3,-465,-2,0,7,1,1,0","human_jester,body,-2,-356,1.5,0,5,1,1,0","human_jester,arm_up,-104,-390,-37,0,4,1,1,0","human_jester,arm_low,-127,-307,20,0,6,1,1,0","white_human,open,-98,-217,16,0,7,1,1,0","human_jester,arm_up_left,78,-391,20,1,6,1,1,0","human_jester,arm_low_left,122,-286,25,1,9,1,1,0","white_human,open,159,-193,23,1,11,1,1,0","human_jester,leg_up,-44,-211,-8.7,0,8,1,1,0","human_jester,leg_low,-79,-87,-16,0,14,1,1,0","human_jester,foot,-74,-12,-1.6,0,14,1,1,0","human_jester,leg_up_left,63,-205,20.2,0,12,1,1,0","human_jester,leg_low_left,80,-78,1.5,0,17,1,1,0","human_jester,foot_left,104,-13,5.5,0,15,1,1,0",,,"human_jester,bell,-44,-314,2,0,4,1,1,0","human_jester,bell,-18,-312,8,0,5,1,1,0","human_jester,bell,36,-311,2,1,5,1,1,0","human_jester,bell,57,-312,7,1,4,1,1,0",,,,,,,,,,,,,,,,,,,,,,,,,,,,,,,,,,,,,,,,,,,,,,,,,,,,,,,,,,,,,,,,,,,,,,,,,,,,,,,,,,,,,,,,,,,,,,,,"play_time_mod_1.2",,
"GRAND_Attack/1","human_jester,head,-1,-547,0,0,4,1,1,0","human_jester,neck,-3,-465,-2,0,7,1,1,0","human_jester,body,-2,-356,1.5,0,5,1,1,0","human_jester,arm_up,-114,-400,-47,0,4,1,1,0","human_jester,arm_low,-188,-317,-36,0,6,1,1,0","white_human,open,-245,-233,-34,0,7,1,1,0","human_jester,arm_up_left,86,-408,40,1,6,1,1,0","human_jester,arm_low_left,160,-328,45,1,9,1,1,0","white_human,open,227,-259,43,1,11,1,1,0","human_jester,leg_up,-44,-211,-8.7,0,8,1,1,0","human_jester,leg_low,-79,-87,-16,0,14,1,1,0","human_jester,foot,-74,-12,-1.6,0,14,1,1,0","human_jester,leg_up_left,63,-205,20.2,0,12,1,1,0","human_jester,leg_low_left,80,-78,1.5,0,17,1,1,0","human_jester,foot_left,104,-13,5.5,0,15,1,1,0",,,"human_jester,bell,-44,-314,2,0,4,1,1,0","human_jester,bell,-18,-312,8,0,5,1,1,0","human_jester,bell,36,-311,2,1,5,1,1,0","human_jester,bell,57,-312,7,1,4,1,1,0",,,,,,,,,,,,,,,,,,,,,,,,,,,,,,,,,,,,,,,,,,,,,,,,,,,,,,,,,,,,,,,,,,,,,,,,,,,,,,,,,,,,,,,,,,,,,,,,,,
"GRAND_Attack/2","human_jester,head,-4,-547,2,0,4,1,1,0","human_jester,neck,-3,-465,-2,0,7,1,1,0","human_jester,body,-2,-356,2.5,0,5,1,1,0","human_jester,arm_up,-124,-417,-87,1,4,1,1,0","human_jester,arm_low,-226,-420,-96,0,6,1,1,0","white_human,open,-327,-430,-94,1,7,1,1,0","human_jester,arm_up_left,78,-423,70,1,6,1,1,0","human_jester,arm_low_left,183,-391,75,1,9,1,1,0","white_human,open,275,-364,73,0,11,1,1,0","human_jester,leg_up,-45,-211,-12.7,0,8,1,1,0","human_jester,leg_low,-88,-87,-18,0,14,1,1,0","human_jester,foot,-87,-12,-3.6,0,14,1,1,0","human_jester,leg_up_left,67,-203,25.2,0,12,1,1,0","human_jester,leg_low_left,87,-80,1.5,0,17,1,1,0","human_jester,foot_left,109,-13,5.5,0,15,1,1,0",,,"human_jester,bell,-44,-314,2,0,4,1,1,0","human_jester,bell,-18,-312,8,0,5,1,1,0","human_jester,bell,36,-312,2,1,5,1,1,0","human_jester,bell,57,-313,7,1,4,1,1,0",,,,,,,,,,,,,,,,,,,,,,,,,,,,,,,,,,,,,,,,,,,,,,,,,,,,,,,,,,,,,,,,,,,,,,,,,,,,,,,,,,,,,,,,,,,,,,,,,,
"GRAND_Attack/3","human_jester,head,-7,-547,5,0,4,1,1,0","human_jester,neck,-3,-465,-2,0,7,1,1,0","human_jester,body,-2,-356,2.5,0,5,1,1,0","human_jester,arm_up,-124,-434,-107,1,4,1,1,0","human_jester,arm_low,-226,-482,-126,0,6,1,1,0","white_human,open,-302,-546,-134,1,7,1,1,0","human_jester,arm_up_left,78,-433,90,1,6,1,1,0","human_jester,arm_low_left,183,-451,115,1,9,1,1,0","white_human,open,265,-495,123,0,11,1,1,0","human_jester,leg_up,-45,-211,-12.7,0,8,1,1,0","human_jester,leg_low,-88,-87,-18,0,14,1,1,0","human_jester,foot,-87,-12,-3.6,0,14,1,1,0","human_jester,leg_up_left,67,-203,25.2,0,12,1,1,0","human_jester,leg_low_left,87,-80,1.5,0,17,1,1,0","human_jester,foot_left,109,-13,5.5,0,15,1,1,0",,,"human_jester,bell,-44,-314,2,0,4,1,1,0","human_jester,bell,-18,-312,8,0,5,1,1,0","human_jester,bell,36,-312,2,1,5,1,1,0","human_jester,bell,57,-313,7,1,4,1,1,0",,,,,,,,,,,,,,,,,,,,,,,,,,,,,,,,,,,,,,,,,,,,,,,,,,,,,,,,,,,,,,,,,,,,,,,,,,,,,,,,,,,,,,,,,,,,,,,,"play_time_mod_1.55",,
"GRAND_Attack/4","human_jester,head,-5,-547,4,0,4,1,1,0","human_jester,neck,-3,-465,-2,0,7,1,1,0","human_jester,body,-2,-356,2.5,0,5,1,1,0","human_jester,arm_up,-124,-450,-127,1,4,1,1,0","human_jester,arm_low,-196,-540,-156,0,6,1,1,0","white_human,open,-233,-629,-164,1,7,1,1,0","human_jester,arm_up_left,78,-443,120,1,6,1,1,0","human_jester,arm_low_left,163,-517,145,1,9,1,1,0","white_human,open,221,-600,143,0,11,1,1,0","human_jester,leg_up,-45,-211,-12.7,0,8,1,1,0","human_jester,leg_low,-88,-87,-18,0,14,1,1,0","human_jester,foot,-87,-12,-3.6,0,14,1,1,0","human_jester,leg_up_left,67,-203,25.2,0,12,1,1,0","human_jester,leg_low_left,87,-80,1.5,0,17,1,1,0","human_jester,foot_left,109,-13,5.5,0,15,1,1,0",,,"human_jester,bell,-44,-314,2,0,4,1,1,0","human_jester,bell,-18,-312,8,0,5,1,1,0","human_jester,bell,36,-312,2,1,5,1,1,0","human_jester,bell,57,-313,7,1,4,1,1,0",,,,,,,,,,,,,,,,,,,,,,,,,,,,,,,,,,,,,,,,,,,,,,,,,,,,,,,,,,,,,,,,,,,,,,,,,,,,,,,,,,,,,,,,,,,,,,,,,,
"GRAND_Attack/5","human_jester,head,-5,-547,4,0,4,1,1,0","human_jester,neck,-3,-465,-2,0,7,1,1,0","human_jester,body,-2,-356,2.5,0,5,1,1,0","human_jester,arm_up,-124,-459,-138,1,4,1,1,0","human_jester,arm_low,-140,-540,150,0,6,1,1,0","white_human,open,-91,-615,140,1,7,1,1,0","human_jester,arm_up_left,78,-443,130,1,6,1,1,0","human_jester,arm_low_left,103,-526,-160,1,9,1,1,0","white_human,open,67,-611,-150,0,11,1,1,0","human_jester,leg_up,-45,-211,-12.7,0,8,1,1,0","human_jester,leg_low,-88,-87,-18,0,14,1,1,0","human_jester,foot,-87,-12,-3.6,0,14,1,1,0","human_jester,leg_up_left,67,-203,25.2,0,12,1,1,0","human_jester,leg_low_left,87,-80,1.5,0,17,1,1,0","human_jester,foot_left,109,-13,5.5,0,15,1,1,0",,,"human_jester,bell,-44,-314,2,0,4,1,1,0","human_jester,bell,-18,-312,8,0,5,1,1,0","human_jester,bell,36,-312,2,1,5,1,1,0","human_jester,bell,57,-313,7,1,4,1,1,0",,,,,,,,,,,,,,,,,,,,,,,,,,,,,,,,,,,,,,,,,,,,,,,,,,,,,,,,,,,,,,,,,,,,,,,,,,,,,,,,,,,,,,,,,,,,,,,,"play_time_mod_0.3",,
"GRAND_Attack/6","human_jester,head,0,-546,-1,0,4,1,1,0","human_jester,neck,-3,-465,-2,0,7,1,1,0","human_jester,body,0,-356,0.5,0,5,1,1,0","human_jester,arm_up,-111,-460,-136,1,4,1,1,0","human_jester,arm_low,-106,-509,115,0,6,1,1,0","white_human,open,-28,-543,106,0,7,1,1,0","human_jester,arm_up_left,87,-435,121,1,6,1,1,0","human_jester,arm_low_left,97,-489,-140,1,9,1,1,0","white_human,open,7,-553,-117,1,11,1,1,0","human_jester,leg_up,-45,-211,-15.7,0,8,1,1,0","human_jester,leg_low,-93,-87,-18,0,14,1,1,0","human_jester,foot,-91,-12,-5.6,0,14,1,1,0","human_jester,leg_up_left,71,-200,28.2,0,12,1,1,0","human_jester,leg_low_left,92,-80,-2.5,0,17,1,1,0","human_jester,foot_left,109,-13,0.5,0,15,1,1,0",,,"human_jester,bell,-42,-314,0,0,4,1,1,0","human_jester,bell,-16,-312,6,0,5,1,1,0","human_jester,bell,36,-309,0,1,5,1,1,0","human_jester,bell,57,-310,5,1,4,1,1,0",,,,,,,,,,,,,,,,,,,,,,,,,,,,,,,,,,,,,,,,,,,,,,,,,,,,,,,,,,,,,,,,,,,,,,,,,,,,,,,,,,,,,,,,,,,,,,,,,,
"GRAND_Attack/7","human_jester,head,18,-546,-6,0,4,1,1,0","human_jester,neck,9,-465,-2,0,7,1,1,0","human_jester,body,0,-356,-5.5,0,5,1,1,0","human_jester,arm_up,-102,-473,-140,1,4,1,1,0","human_jester,arm_low,-93,-522,111,0,6,1,1,0","white_human,open,-11,-548,102,0,7,1,1,0","human_jester,arm_up_left,92,-429,117,1,6,1,1,0","human_jester,arm_low_left,106,-483,-144,1,9,1,1,0","white_human,open,20,-555,-121,1,11,1,1,0","human_jester,leg_up,-48,-211,-8.7,0,8,1,1,0","human_jester,leg_low,-93,-87,-24,0,14,1,1,0","human_jester,foot,-99,-12,-11.6,0,14,1,1,0","human_jester,leg_up_left,69,-200,23.2,0,12,1,1,0","human_jester,leg_low_left,87,-80,1.5,0,17,1,1,0","human_jester,foot_left,106,-13,-2.5,0,15,1,1,0",,,"human_jester,bell,-47,-321,-7,0,4,1,1,0","human_jester,bell,-21,-312,-1,0,5,1,1,0","human_jester,bell,31,-309,-7,1,5,1,1,0","human_jester,bell,52,-303,-2,1,4,1,1,0",,,,,,,,,,,,,,,,,,,,,,,,,,,,,,,,,,,,,,,,,,,,,,,,,,,,,,,,,,,,,,,,,,,,,,,,,,,,,,,,,,,,,,,,,,,,,,,,,,
"GRAND_Attack/8","human_jester,head,28,-546,-11,0,4,1,1,0","human_jester,neck,14,-465,-7,0,7,1,1,0","human_jester,body,-5,-356,-10.5,0,5,1,1,0","human_jester,arm_up,-97,-483,-145,1,4,1,1,0","human_jester,arm_low,-83,-532,106,0,6,1,1,0","white_human,open,-1,-548,97,0,7,1,1,0","human_jester,arm_up_left,92,-420,112,1,6,1,1,0","human_jester,arm_low_left,111,-473,-149,1,9,1,1,0","white_human,open,30,-555,-126,1,11,1,1,0","human_jester,leg_up,-50,-211,-1.7,0,8,1,1,0","human_jester,leg_low,-90,-90,-27,0,14,1,1,0","human_jester,foot,-102,-13,-16.6,0,14,1,1,0","human_jester,leg_up_left,54,-200,27.2,0,12,1,1,0","human_jester,leg_low_left,84,-80,9.5,0,17,1,1,0","human_jester,foot_left,106,-13,-2.5,0,15,1,1,0",,,"human_jester,bell,-57,-326,-12,0,4,1,1,0","human_jester,bell,-31,-315,-6,0,5,1,1,0","human_jester,bell,21,-309,-12,1,5,1,1,0","human_jester,bell,42,-298,-7,1,4,1,1,0",,,,,,,,,,,,,,,,,,,,,,,,,,,,,,,,,,,,,,,,,,,,,,,,,,,,,,,,,,,,,,,,,,,,,,,,,,,,,,,,,,,,,,,,,,,,,,,,"play_time_mod_1.5",,
"GRAND_Attack/9","human_jester,head,-5,-547,4,0,4,1,1,0","human_jester,neck,-3,-465,-2,0,7,1,1,0","human_jester,body,-2,-356,2.5,0,5,1,1,0","human_jester,arm_up,-115,-444,-125,1,4,1,1,0","human_jester,arm_low,-118,-495,126,0,6,1,1,0","white_human,open,-46,-538,117,0,7,1,1,0","human_jester,arm_up_left,84,-453,132,1,6,1,1,0","human_jester,arm_low_left,84,-505,-129,1,9,1,1,0","white_human,open,-20,-555,-106,1,11,1,1,0","human_jester,leg_up,-43,-211,-9.7,0,8,1,1,0","human_jester,leg_low,-85,-87,-16,0,14,1,1,0","human_jester,foot,-87,-12,-11.6,0,14,1,1,0","human_jester,leg_up_left,69,-203,23.2,0,12,1,1,0","human_jester,leg_low_left,87,-80,1.5,0,17,1,1,0","human_jester,foot_left,107,-13,-1.5,0,15,1,1,0",,,"human_jester,bell,-44,-314,2,0,4,1,1,0","human_jester,bell,-18,-312,8,0,5,1,1,0","human_jester,bell,36,-312,2,1,5,1,1,0","human_jester,bell,57,-313,7,1,4,1,1,0",,,,,,,,,,,,,,,,,,,,,,,,,,,,,,,,,,,,,,,,,,,,,,,,,,,,,,,,,,,,,,,,,,,,,,,,,,,,,,,,,,,,,,,,,,,,,,,,,,
"GRAND_Attack/10","human_jester,head,-15,-547,9,0,4,1,1,0","human_jester,neck,-8,-465,3,0,7,1,1,0","human_jester,body,3,-356,7.5,0,5,1,1,0","human_jester,arm_up,-115,-434,-120,1,4,1,1,0","human_jester,arm_low,-123,-485,131,0,6,1,1,0","white_human,open,-56,-533,122,0,7,1,1,0","human_jester,arm_up_left,84,-463,137,1,6,1,1,0","human_jester,arm_low_left,79,-515,-124,1,9,1,1,0","white_human,open,-30,-555,-101,1,11,1,1,0","human_jester,leg_up,-33,-199,-14.7,0,8,1,1,0","human_jester,leg_low,-81,-80,-21,0,14,1,1,0","human_jester,foot,-87,-12,-21.6,0,14,1,1,0","human_jester,leg_up_left,86,-202,23.2,0,12,1,1.1,0","human_jester,leg_low_left,93,-80,-11.5,0,17,1,1,0","human_jester,foot_left,107,-13,-1.5,0,15,1,1,0",,,"human_jester,bell,-34,-314,7,0,4,1,1,0","human_jester,bell,-8,-312,13,0,5,1,1,0","human_jester,bell,46,-317,7,1,5,1,1,0","human_jester,bell,67,-318,12,1,4,1,1,0",,,,,,,,,,,,,,,,,,,,,,,,,,,,,,,,,,,,,,,,,,,,,,,,,,,,,,,,,,,,,,,,,,,,,,,,,,,,,,,,,,,,,,,,,,,,,,,,"play_time_mod_0.5",,
"GRAND_Attack/11","human_jester,head,-18,-547,13,0,4,1,1,0","human_jester,neck,-7,-465,7,0,7,1,1,0","human_jester,body,12,-357,11.5,0,5,1,1,0","human_jester,arm_up,-110,-426,-116,1,4,1,1,0","human_jester,arm_low,-122,-477,135,0,6,1,1,0","white_human,open,-59,-529,126,0,7,1,1,0","human_jester,arm_up_left,85,-471,141,1,6,1,1,0","human_jester,arm_low_left,78,-523,-120,1,9,1,1,0","white_human,open,-33,-555,-97,1,11,1,1,0","human_jester,leg_up,-27,-199,-22.7,0,8,1,1,0","human_jester,leg_low,-83,-80,-21,0,14,1,1,0","human_jester,foot,-87,-12,-16.6,0,14,1,1,0","human_jester,leg_up_left,99,-211,23.2,0,12,1,1.1,0","human_jester,leg_low_left,102,-90,-13.5,0,17,1,1,0","human_jester,foot_left,104,-13,-15.5,0,15,1,1,0",,,"human_jester,bell,-13,-309,27,0,4,1,1,0","human_jester,bell,7,-312,24,0,5,1,1,0","human_jester,bell,60,-321,31,1,5,1,1,0","human_jester,bell,80,-326,26,1,4,1,1,0",,,,,,,,,,,,,,,,,,,,,,,,,,,,,,,,,,,,,,,,,,,,,,,,,,,,,,,,,,,,,,,,,,,,,,,,,,,,,,,,,,,,,,,,,,,,,,,,"play_time_mod_0.5",,
"GRAND_Attack/12","human_jester,head,-28,-545,20,0,4,1,1,0","human_jester,neck,-9,-465,9,0,7,1,1,0","human_jester,body,12,-357,12.5,0,5,1,1,0","human_jester,arm_up,-108,-425,-114,1,4,1,1,0","human_jester,arm_low,-122,-474,137,0,6,1,1,0","white_human,open,-61,-530,128,0,7,1,1,0","human_jester,arm_up_left,84,-475,144,1,6,1,1,0","human_jester,arm_low_left,74,-527,-117,1,9,1,1,0","white_human,open,-40,-553,-94,1,11,1,1,0","human_jester,leg_up,-27,-199,-22.7,0,8,1,1,0","human_jester,leg_low,-83,-80,-21,0,14,1,1,0","human_jester,foot,-87,-12,-16.6,0,14,1,1,0","human_jester,leg_up_left,99,-211,23.2,0,12,1,1.1,0","human_jester,leg_low_left,102,-90,-13.5,0,17,1,1,0","human_jester,foot_left,104,-13,-15.5,0,15,1,1,0",,,"human_jester,bell,-13,-309,35,0,4,1,1,0","human_jester,bell,7,-312,33,0,5,1,1,0","human_jester,bell,60,-321,39,1,5,1,1,0","human_jester,bell,80,-326,35,1,4,1,1,0",,,,,,,,,,,,,,,,,,,,,,,,,,,,,,,,,,,,,,,,,,,,,,,,,,,,,,,,,,,,,,,,,,,,,,,,,,,,,,,,,,,,,,,,,,,,,,,,"play_time_mod_0.5",,"jester_bell,1500,0"
"GRAND_Attack/13","human_jester,head,-14,-547,7,0,4,1,1,0","human_jester,neck,-3,-465,-2,0,7,1,1,0","human_jester,body,-2,-356,4.5,0,5,1,1,0","human_jester,arm_up,-115,-444,-125,1,4,1,1,0","human_jester,arm_low,-118,-495,126,0,6,1,1,0","white_human,open,-46,-538,117,0,7,1,1,0","human_jester,arm_up_left,84,-453,132,1,6,1,1,0","human_jester,arm_low_left,84,-505,-129,1,9,1,1,0","white_human,open,-20,-555,-106,1,11,1,1,0","human_jester,leg_up,-43,-211,-9.7,0,8,1,1,0","human_jester,leg_low,-81,-87,-16,0,14,1,1,0","human_jester,foot,-87,-12,-16.6,0,14,1,1,0","human_jester,leg_up_left,69,-203,23.2,0,12,1,1,0","human_jester,leg_low_left,87,-80,1.5,0,17,1,1,0","human_jester,foot_left,107,-13,-1.5,0,15,1,1,0",,,"human_jester,bell,-44,-314,2,0,4,1,1,0","human_jester,bell,-18,-312,8,0,5,1,1,0","human_jester,bell,36,-312,2,1,5,1,1,0","human_jester,bell,57,-313,7,1,4,1,1,0",,,,,,,,,,,,,,,,,,,,,,,,,,,,,,,,,,,,,,,,,,,,,,,,,,,,,,,,,,,,,,,,,,,,,,,,,,,,,,,,,,,,,,,,,,,,,,,,"play_time_mod_0.5",,
"GRAND_Attack/14","human_jester,head,18,-546,-6,0,4,1,1,0","human_jester,neck,9,-465,-2,0,7,1,1,0","human_jester,body,0,-356,-5.5,0,5,1,1,0","human_jester,arm_up,-102,-473,-140,1,4,1,1,0","human_jester,arm_low,-93,-522,111,0,6,1,1,0","white_human,open,-11,-548,102,0,7,1,1,0","human_jester,arm_up_left,92,-429,117,1,6,1,1,0","human_jester,arm_low_left,106,-483,-144,1,9,1,1,0","white_human,open,20,-555,-121,1,11,1,1,0","human_jester,leg_up,-48,-211,-8.7,0,8,1,1,0","human_jester,leg_low,-93,-87,-24,0,14,1,1,0","human_jester,foot,-99,-12,-11.6,0,14,1,1,0","human_jester,leg_up_left,69,-200,23.2,0,12,1,1,0","human_jester,leg_low_left,87,-80,1.5,0,17,1,1,0","human_jester,foot_left,106,-13,-2.5,0,15,1,1,0",,,"human_jester,bell,-47,-321,-7,0,4,1,1,0","human_jester,bell,-21,-312,-1,0,5,1,1,0","human_jester,bell,31,-309,-7,1,5,1,1,0","human_jester,bell,52,-303,-2,1,4,1,1,0",,,,,,,,,,,,,,,,,,,,,,,,,,,,,,,,,,,,,,,,,,,,,,,,,,,,,,,,,,,,,,,,,,,,,,,,,,,,,,,,,,,,,,,,,,,,,,,,"play_time_mod_0.5",,
"GRAND_Attack/15","human_jester,head,28,-546,-11,0,4,1,1,0","human_jester,neck,14,-465,-7,0,7,1,1,0","human_jester,body,-5,-356,-10.5,0,5,1,1,0","human_jester,arm_up,-97,-483,-145,1,4,1,1,0","human_jester,arm_low,-83,-532,106,0,6,1,1,0","white_human,open,-1,-548,97,0,7,1,1,0","human_jester,arm_up_left,92,-420,112,1,6,1,1,0","human_jester,arm_low_left,111,-473,-149,1,9,1,1,0","white_human,open,30,-555,-126,1,11,1,1,0","human_jester,leg_up,-50,-211,-1.7,0,8,1,1,0","human_jester,leg_low,-90,-90,-27,0,14,1,1,0","human_jester,foot,-102,-13,-16.6,0,14,1,1,0","human_jester,leg_up_left,54,-200,27.2,0,12,1,1,0","human_jester,leg_low_left,84,-80,9.5,0,17,1,1,0","human_jester,foot_left,106,-13,-2.5,0,15,1,1,0",,,"human_jester,bell,-57,-326,-12,0,4,1,1,0","human_jester,bell,-31,-315,-6,0,5,1,1,0","human_jester,bell,21,-309,-12,1,5,1,1,0","human_jester,bell,42,-298,-7,1,4,1,1,0",,,,,,,,,,,,,,,,,,,,,,,,,,,,,,,,,,,,,,,,,,,,,,,,,,,,,,,,,,,,,,,,,,,,,,,,,,,,,,,,,,,,,,,,,,,,,,,,"play_time_mod_0.7",,
"GRAND_Attack/16","human_jester,head,-15,-547,9,0,4,1,1,0","human_jester,neck,-8,-465,3,0,7,1,1,0","human_jester,body,3,-356,7.5,0,5,1,1,0","human_jester,arm_up,-115,-434,-120,1,4,1,1,0","human_jester,arm_low,-123,-485,131,0,6,1,1,0","white_human,open,-56,-533,122,0,7,1,1,0","human_jester,arm_up_left,84,-463,137,1,6,1,1,0","human_jester,arm_low_left,79,-515,-124,1,9,1,1,0","white_human,open,-30,-555,-101,1,11,1,1,0","human_jester,leg_up,-33,-199,-14.7,0,8,1,1,0","human_jester,leg_low,-81,-80,-21,0,14,1,1,0","human_jester,foot,-87,-12,-21.6,0,14,1,1,0","human_jester,leg_up_left,86,-202,23.2,0,12,1,1.1,0","human_jester,leg_low_left,93,-80,-11.5,0,17,1,1,0","human_jester,foot_left,107,-13,-1.5,0,15,1,1,0",,,"human_jester,bell,-34,-314,7,0,4,1,1,0","human_jester,bell,-8,-312,13,0,5,1,1,0","human_jester,bell,46,-317,7,1,5,1,1,0","human_jester,bell,67,-318,12,1,4,1,1,0",,,,,,,,,,,,,,,,,,,,,,,,,,,,,,,,,,,,,,,,,,,,,,,,,,,,,,,,,,,,,,,,,,,,,,,,,,,,,,,,,,,,,,,,,,,,,,,,,,
"GRAND_Attack/17","human_jester,head,-18,-547,13,0,4,1,1,0","human_jester,neck,-7,-465,7,0,7,1,1,0","human_jester,body,12,-357,11.5,0,5,1,1,0","human_jester,arm_up,-110,-426,-116,1,4,1,1,0","human_jester,arm_low,-122,-477,135,0,6,1,1,0","white_human,open,-59,-529,126,0,7,1,1,0","human_jester,arm_up_left,85,-471,141,1,6,1,1,0","human_jester,arm_low_left,78,-523,-120,1,9,1,1,0","white_human,open,-33,-555,-97,1,11,1,1,0","human_jester,leg_up,-27,-199,-22.7,0,8,1,1,0","human_jester,leg_low,-83,-80,-21,0,14,1,1,0","human_jester,foot,-87,-12,-16.6,0,14,1,1,0","human_jester,leg_up_left,99,-211,23.2,0,12,1,1.1,0","human_jester,leg_low_left,102,-90,-13.5,0,17,1,1,0","human_jester,foot_left,104,-13,-15.5,0,15,1,1,0",,,"human_jester,bell,-13,-309,27,0,4,1,1,0","human_jester,bell,7,-312,24,0,5,1,1,0","human_jester,bell,60,-321,31,1,5,1,1,0","human_jester,bell,80,-326,26,1,4,1,1,0",,,,,,,,,,,,,,,,,,,,,,,,,,,,,,,,,,,,,,,,,,,,,,,,,,,,,,,,,,,,,,,,,,,,,,,,,,,,,,,,,,,,,,,,,,,,,,,,,,"jester_bell,1500,0"
"GRAND_Attack/18","human_jester,head,-36,-545,24,0,4,1,1,0","human_jester,neck,-13,-465,13,0,7,1,1,0","human_jester,body,16,-361,16.5,0,5,1,1,0","human_jester,arm_up,-108,-417,-110,1,4,1,1,0","human_jester,arm_low,-126,-466,141,0,6,1,1,0","white_human,open,-69,-526,132,0,7,1,1,0","human_jester,arm_up_left,76,-483,148,1,6,1,1,0","human_jester,arm_low_left,61,-533,-113,1,9,1,1,0","white_human,open,-48,-553,-90,1,11,1,1,0","human_jester,leg_up,-17,-203,-26.7,0,8,1,1.1,0","human_jester,leg_low,-83,-83,-23,0,14,1,1,0","human_jester,foot,-89,-12,-20.6,0,14,1,1,0","human_jester,leg_up_left,105,-216,23.2,0,12,1,1.1,0","human_jester,leg_low_left,105,-92,-14.5,0,17,1,1,0","human_jester,foot_left,104,-13,-18.5,0,15,1,1,0",,,"human_jester,bell,-5,-309,39,0,4,1,1,0","human_jester,bell,15,-316,37,0,5,1,1,0","human_jester,bell,68,-326,43,1,5,1,1,0","human_jester,bell,88,-334,39,1,4,1,1,0",,,,,,,,,,,,,,,,,,,,,,,,,,,,,,,,,,,,,,,,,,,,,,,,,,,,,,,,,,,,,,,,,,,,,,,,,,,,,,,,,,,,,,,,,,,,,,,,"play_time_mod_1.25",,
"GRAND_Attack/19","human_jester,head,-15,-547,9,0,4,1,1,0","human_jester,neck,-8,-465,3,0,7,1,1,0","human_jester,body,3,-356,7.5,0,5,1,1,0","human_jester,arm_up,-115,-434,-120,1,4,1,1,0","human_jester,arm_low,-123,-485,131,0,6,1,1,0","white_human,open,-56,-533,122,0,7,1,1,0","human_jester,arm_up_left,84,-463,137,1,6,1,1,0","human_jester,arm_low_left,79,-515,-124,1,9,1,1,0","white_human,open,-30,-555,-101,1,11,1,1,0","human_jester,leg_up,-33,-199,-14.7,0,8,1,1,0","human_jester,leg_low,-81,-80,-21,0,14,1,1,0","human_jester,foot,-87,-12,-21.6,0,14,1,1,0","human_jester,leg_up_left,86,-202,23.2,0,12,1,1.1,0","human_jester,leg_low_left,93,-80,-11.5,0,17,1,1,0","human_jester,foot_left,107,-13,-1.5,0,15,1,1,0",,,"human_jester,bell,-34,-314,7,0,4,1,1,0","human_jester,bell,-8,-312,13,0,5,1,1,0","human_jester,bell,46,-317,7,1,5,1,1,0","human_jester,bell,67,-318,12,1,4,1,1,0",,,,,,,,,,,,,,,,,,,,,,,,,,,,,,,,,,,,,,,,,,,,,,,,,,,,,,,,,,,,,,,,,,,,,,,,,,,,,,,,,,,,,,,,,,,,,,,,,,
"GRAND_Attack/20","human_jester,head,-5,-547,4,0,4,1,1,0","human_jester,neck,-3,-465,-2,0,7,1,1,0","human_jester,body,-2,-356,2.5,0,5,1,1,0","human_jester,arm_up,-119,-457,-133,1,4,1,1,0","human_jester,arm_low,-145,-529,160,0,6,1,1,0","white_human,open,-110,-612,150,1,7,1,1,0","human_jester,arm_up_left,78,-443,130,1,6,1,1,0","human_jester,arm_low_left,123,-526,-180,1,9,1,1,0","white_human,open,126,-621,-180,0,11,1,1,0","human_jester,leg_up,-45,-211,-12.7,0,8,1,1,0","human_jester,leg_low,-88,-87,-18,0,14,1,1,0","human_jester,foot,-87,-12,-3.6,0,14,1,1,0","human_jester,leg_up_left,67,-203,25.2,0,12,1,1,0","human_jester,leg_low_left,87,-80,1.5,0,17,1,1,0","human_jester,foot_left,109,-13,5.5,0,15,1,1,0",,,"human_jester,bell,-44,-314,2,0,4,1,1,0","human_jester,bell,-18,-312,8,0,5,1,1,0","human_jester,bell,36,-312,2,1,5,1,1,0","human_jester,bell,57,-313,7,1,4,1,1,0",,,,,,,,,,,,,,,,,,,,,,,,,,,,,,,,,,,,,,,,,,,,,,,,,,,,,,,,,,,,,,,,,,,,,,,,,,,,,,,,,,,,,,,,,,,,,,,,"play_time_mod_0.7",,
"GRAND_Attack/21","human_jester,head,-7,-547,5,0,4,1,1,0","human_jester,neck,-3,-465,-2,0,7,1,1,0","human_jester,body,-2,-356,2.5,0,5,1,1,0","human_jester,arm_up,-124,-434,-107,1,4,1,1,0","human_jester,arm_low,-226,-482,-126,0,6,1,1,0","white_human,open,-302,-546,-134,1,7,1,1,0","human_jester,arm_up_left,78,-433,90,1,6,1,1,0","human_jester,arm_low_left,183,-451,115,1,9,1,1,0","white_human,open,265,-495,123,0,11,1,1,0","human_jester,leg_up,-45,-211,-12.7,0,8,1,1,0","human_jester,leg_low,-88,-87,-18,0,14,1,1,0","human_jester,foot,-87,-12,-3.6,0,14,1,1,0","human_jester,leg_up_left,67,-203,25.2,0,12,1,1,0","human_jester,leg_low_left,87,-80,1.5,0,17,1,1,0","human_jester,foot_left,109,-13,5.5,0,15,1,1,0",,,"human_jester,bell,-44,-314,2,0,4,1,1,0","human_jester,bell,-18,-312,8,0,5,1,1,0","human_jester,bell,36,-312,2,1,5,1,1,0","human_jester,bell,57,-313,7,1,4,1,1,0",,,,,,,,,,,,,,,,,,,,,,,,,,,,,,,,,,,,,,,,,,,,,,,,,,,,,,,,,,,,,,,,,,,,,,,,,,,,,,,,,,,,,,,,,,,,,,,,"play_time_mod_0.5",,
"GRAND_Attack/22","human_jester,head,-4,-547,2,0,4,1,1,0","human_jester,neck,-3,-465,-2,0,7,1,1,0","human_jester,body,-2,-356,2.5,0,5,1,1,0","human_jester,arm_up,-124,-417,-87,1,4,1,1,0","human_jester,arm_low,-226,-420,-96,0,6,1,1,0","white_human,open,-327,-430,-94,1,7,1,1,0","human_jester,arm_up_left,78,-423,70,1,6,1,1,0","human_jester,arm_low_left,183,-401,95,1,9,1,1,0","white_human,open,275,-416,103,0,11,1,1,0","human_jester,leg_up,-45,-211,-12.7,0,8,1,1,0","human_jester,leg_low,-88,-87,-18,0,14,1,1,0","human_jester,foot,-87,-12,-3.6,0,14,1,1,0","human_jester,leg_up_left,67,-203,25.2,0,12,1,1,0","human_jester,leg_low_left,87,-80,1.5,0,17,1,1,0","human_jester,foot_left,109,-13,5.5,0,15,1,1,0",,,"human_jester,bell,-44,-314,2,0,4,1,1,0","human_jester,bell,-18,-312,8,0,5,1,1,0","human_jester,bell,36,-312,2,1,5,1,1,0","human_jester,bell,57,-313,7,1,4,1,1,0",,,,,,,,,,,,,,,,,,,,,,,,,,,,,,,,,,,,,,,,,,,,,,,,,,,,,,,,,,,,,,,,,,,,,,,,,,,,,,,,,,,,,,,,,,,,,,,,"play_time_mod_1.25",,
"GRAND_Attack/23","human_jester,head,-1,-547,0,0,4,1,1,0","human_jester,neck,-3,-465,-2,0,7,1,1,0","human_jester,body,-2,-356,1.5,0,5,1,1,0","human_jester,arm_up,-114,-400,-47,0,4,1,1,0","human_jester,arm_low,-188,-317,-36,0,6,1,1,0","white_human,open,-245,-233,-34,0,7,1,1,0","human_jester,arm_up_left,86,-408,40,1,6,1,1,0","human_jester,arm_low_left,160,-328,45,1,9,1,1,0","white_human,open,227,-259,43,1,11,1,1,0","human_jester,leg_up,-44,-211,-8.7,0,8,1,1,0","human_jester,leg_low,-79,-87,-16,0,14,1,1,0","human_jester,foot,-74,-12,-1.6,0,14,1,1,0","human_jester,leg_up_left,63,-205,20.2,0,12,1,1,0","human_jester,leg_low_left,80,-78,1.5,0,17,1,1,0","human_jester,foot_left,104,-13,5.5,0,15,1,1,0",,,"human_jester,bell,-44,-314,2,0,4,1,1,0","human_jester,bell,-18,-312,8,0,5,1,1,0","human_jester,bell,36,-311,2,1,5,1,1,0","human_jester,bell,57,-312,7,1,4,1,1,0",,,,,,,,,,,,,,,,,,,,,,,,,,,,,,,,,,,,,,,,,,,,,,,,,,,,,,,,,,,,,,,,,,,,,,,,,,,,,,,,,,,,,,,,,,,,,,,,"play_time_mod_0.4",,
"GRAND_Attack/24","human_jester,head,5,-541,-6,0,4,1,1,0","human_jester,neck,-1,-464,-2,0,7,1,1,0","human_jester,body,0,-353,-2.5,0,5,1,1,0","human_jester,arm_up,-93,-386,-32,0,4,1,1,0","human_jester,arm_low,-95,-304,38,0,6,1,1,0","white_human,open,-48,-234,14,0,7,1,1,0","human_jester,arm_up_left,74,-378,9,1,6,1,1,0","human_jester,arm_low_left,99,-268,14,1,9,1,1,0","white_human,open,118,-171,12,1,11,1,1,0","human_jester,leg_up,-44,-211,-8.7,0,8,1,1,0","human_jester,leg_low,-79,-87,-16,0,14,1,1,0","human_jester,foot,-73,-13,-1.6,0,14,1,1,0","human_jester,leg_up_left,63,-203,22.2,0,12,1,1,0","human_jester,leg_low_left,80,-78,-0.5,0,17,1,1,0","human_jester,foot_left,104,-13,6.5,0,15,1,1,0",,,"human_jester,bell,-44,-311,-1,0,4,1,1,0","human_jester,bell,-18,-309,5,0,5,1,1,0","human_jester,bell,35,-305,-1,1,5,1,1,0","human_jester,bell,56,-305,4,1,4,1,1,0",,,,,,,,,,,,,,,,,,,,,,,,,,,,,,,,,,,,,,,,,,,,,,,,,,,,,,,,,,,,,,,,,,,,,,,,,,,,,,,,,,,,,,,,,,,,,,,,,,
