Name,p1_head,p1_neck,p1_body,p1_r_arm_up,p1_r_arm_low,p1_r_hand,p1_l_arm_up,p1_l_arm_low,p1_l_hand,p1_r_leg_up,p1_r_leg_low,p1_r_foot,p1_l_leg_up,p1_l_leg_low,p1_l_foot,p1_main_weapon,p1_sub_weapon,p1_special_1,p1_special_2,p1_special_3,p1_special_4,p1_special_5,p1_special_6,p1_special_7,p1_special_8,p1_special_9,p1_special_10,p2_head,p2_neck,p2_body,p2_r_arm_up,p2_r_arm_low,p2_r_hand,p2_l_arm_up,p2_l_arm_low,p2_l_hand,p2_r_leg_up,p2_r_leg_low,p2_r_foot,p2_l_leg_up,p2_l_leg_low,p2_l_foot,p2_main_weapon,p2_sub_weapon,p2_special_1,p2_special_2,p2_special_3,p2_special_4,p2_special_5,p2_special_6,p2_special_7,p2_special_8,p2_special_9,p2_special_10,p3_head,p3_neck,p3_body,p3_r_arm_up,p3_r_arm_low,p3_r_hand,p3_l_arm_up,p3_l_arm_low,p3_l_hand,p3_r_leg_up,p3_r_leg_low,p3_r_foot,p3_l_leg_up,p3_l_leg_low,p3_l_foot,p3_main_weapon,p3_sub_weapon,p3_special_1,p3_special_2,p3_special_3,p3_special_4,p3_special_5,p3_special_6,p3_special_7,p3_special_8,p3_special_9,p3_special_10,p4_head,p4_neck,p4_body,p4_r_arm_up,p4_r_arm_low,p4_r_hand,p4_l_arm_up,p4_l_arm_low,p4_l_hand,p4_r_leg_up,p4_r_leg_low,p4_r_foot,p4_l_leg_up,p4_l_leg_low,p4_l_foot,p4_main_weapon,p4_sub_weapon,p4_special_1,p4_special_2,p4_special_3,p4_special_4,p4_special_5,p4_special_6,p4_special_7,p4_special_8,p4_special_9,p4_special_10,effect_1,effect_2,effect_3,effect_4,effect_5,effect_6,effect_7,effect_8,frame_property,animation_property,sound_effect
AttackEnd/0,"iri,head,91,-311.4,-11.5,0,4,1,1,0","iri,neck,72,-254.4,-20,0,7,1,1,0","iri,body,35.6,-164.4,-24.5,0,6,1,1,0","iri,arm_up,-30.4,-217.2,-28,0,2,1,1,0","iri,arm_low,-48.8,-149.2,26,0,3,1,1,0","iri,fist,-20.8,-102.6,12,0,4,1,1,0","iri,arm_up_back,107.2,-202.6,63,0,13,1,1,0","iri,arm_low,135.2,-221,-146,0,15,1,1,0","iri,open,105.2,-250.6,-137,0,17,1,1,0","iri,leg_up,-41,-80.4,-41,0,8,1,1,0","iri,leg_low,-65,-62.4,-41,0,14,1,1,0","iri,foot,-72.8,-19.4,-18.6,0,13,1,1,0","iri,leg_up,60,-80.4,51.7,0,12,1,1,0","iri,leg_low,76,-55.4,5.5,0,15,1,1,0","iri,foot,102.2,-18.4,8.5,0,15,1,1,0","iri,base,65.2,-111.6,96,0,5,1,1,1",,"iri,minibag,-13.6,-119.2,-18,0,6,1,1,0",,,,,,,,,,,,,,,,,,,,,,,,,,,"iri,backpack,11,-224.8,-19,0,16,1,1,0",,,,,,,,,,,,,,,,,,,,,,,,,,,,,,,,,,,,,,,,,,,,,,,,,,,,,,,,,,,,,,,,,,,,,,,,play_time_mod_0.5,,
AttackEnd/1,"iri,head,63,-327.4,-4.5,0,4,1,1,0","iri,neck,50,-274.4,-20,0,7,1,1,0","iri,body,29.6,-172.4,-17.5,0,6,1,1,0","iri,arm_up,-62.4,-239.2,-52,0,7,1,1,0","iri,arm_low,-132,-189.6,-36,0,15,1,1,0","iri,fist,-164.4,-142.2,-12,1,17,1,1,0","iri,arm_up_back,107.2,-223.6,73,0,13,1,1,0","iri,arm_low,135.2,-242,-136,0,15,1,1,0","iri,open,105.2,-271.6,-127,0,17,1,1,0","iri,leg_up,-41,-84.4,-26,0,8,1,1,0","iri,leg_low,-58,-62.4,-38,0,14,1,1,0","iri,foot,-56.8,-19.4,-10.6,0,13,1,1,0","iri,leg_up,60,-75.4,51.7,0,12,1,1,0","iri,leg_low,68,-60.4,11.5,0,15,1,1,0","iri,foot,95.2,-18.4,8.5,0,15,1,1,0","iri,base,-86.8,-104.4,61,0,18,1,1,0",,"iri,minibag,-21.6,-117.2,-19,0,5,1,1,0",,,,,,,,,,,,,,,,,,,,,,,,,,,"iri,backpack,0,-240.8,-13,0,16,1,1,0",,,,,,,,,,,,,,,,,,,,,,,,,,,,,,,,,,,,,,,,,,,,,,,,,,,,,,,,,,,,,,,,,,,,,,,,,,"shortsword_sheathe,1500,0"
AttackEnd/2,"iri,head,59,-325.4,-9.5,0,4,1,1,0","iri,neck,46,-272.4,-20,0,7,1,1,0","iri,body,25.6,-170.4,-17.5,0,6,1,1,0","iri,arm_up,-64.4,-223.2,-33,0,7,1,1,0","iri,arm_low,-104.8,-170.6,-12,0,15,1,1,0","iri,fist,-113.4,-126.2,10,1,17,1,1,0","iri,arm_up_back,105.2,-220.6,73,0,13,1,1,0","iri,arm_low,133.2,-239,-136,0,15,1,1,0","iri,open,103.2,-268.6,-127,0,17,1,1,0","iri,leg_up,-45,-88.4,-29,0,8,1,1,0","iri,leg_low,-61,-62.4,-34,0,14,1,1,0","iri,foot,-56.8,-19.4,-10.6,0,13,1,1,0","iri,leg_up,52,-80.4,46.7,0,12,1,1,0","iri,leg_low,64,-55.4,5.5,0,15,1,1,0","iri,foot,90.2,-18.4,8.5,0,15,1,1,0","iri,base,-27.8,-106.4,73,0,18,1,1,0",,"iri,minibag,-25.6,-115.2,-24,0,5,1,1,0",,,,,,,,,,,,,,,,,,,,,,,,,,,"iri,backpack,-6,-234.8,-20,0,16,1,1,0",,,,,,,,,,,,,,,,,,,,,,,,,,,,,,,,,,,,,,,,,,,,,,,,,,,,,,,,,,,,,,,,,,,,,,,,,,
EXCLUDE_Idle/0,"iri,head,9,-337.4,-6.5,0,4,1,1,0","iri,neck,16,-278.4,-16,0,7,1,1,0","iri,body,7.6,-180.4,-3.5,0,6,1,1,0","iri,arm_up,-78.4,-207.2,-3,0,7,1,1,0","iri,arm_low,-86,-139.6,7,0,9,1,1,0","iri,open,-78.4,-95.2,-3,0,3,1,1,0","iri,arm_up_back,77.2,-221.6,38,0,13,1,1,0","iri,arm_low,101.6,-150.4,-18,0,15,1,1,0","iri,open,68,-106.4,-38,1,5,1,1,0","iri,leg_up,-33,-84.4,-44.2,0,8,1,1,0","iri,leg_low,-37,-62.4,-27,0,14,1,1,0","iri,foot,-62.8,-19.4,-3.6,1,13,1,1,0","iri,leg_up,42,-84.4,8.7,0,12,1,1,0","iri,leg_low,52,-51.4,13.5,0,15,1,1,0","iri,foot,82.2,-18.4,5.5,0,15,1,1,0","iri,base,-6.8,-118.4,87,0,14,1,1,0",,"iri,minibag,-29.6,-109.2,-8,0,5,1,1,0",,,,,,,,,,,,,,,,,,,,,,,,,,,,,,,,,,,,,,,,,,,,,,,,,,,,,,,,,,,,,,,,,,,,,,,,,,,,,,,,,,,,,,,,,,,,,,,,,,,,,
EXCLUDE_Idle/1,"iri,head,-1,-333.4,-3.5,0,4,1,1,0","iri,neck,6,-274.4,-19,0,7,1,1,0","iri,body,5.6,-176.4,-1.5,0,6,1,1,0","iri,arm_up,-82.4,-199.2,-5,0,7,1,1,0","iri,arm_low,-90,-131.6,5,0,9,1,1,0","iri,open,-78.4,-87.2,-5,0,3,1,1,0","iri,arm_up_back,77.2,-219.6,41,0,13,1,1,0","iri,arm_low,101.6,-152.4,-19,0,15,1,1,0","iri,open,68,-104.4,-34,1,5,1,1,0","iri,leg_up,-33,-84.4,-44.2,0,8,1,1,0","iri,leg_low,-37,-62.4,-27,0,14,1,1,0","iri,foot,-62.8,-19.4,-3.6,1,13,1,1,0","iri,leg_up,42,-84.4,8.7,0,12,1,1,0","iri,leg_low,52,-51.4,13.5,0,15,1,1,0","iri,foot,82.2,-18.4,5.5,0,15,1,1,0","iri,base,-6.8,-118.4,87,0,14,1,1,0",,"iri,minibag,-29.6,-109.2,-4,0,5,1,1,0",,,,,,,,,,,,,,,,,,,,,,,,,,,,,,,,,,,,,,,,,,,,,,,,,,,,,,,,,,,,,,,,,,,,,,,,,,,,,,,,,,,,,,,,,,,,,,,,,,,play_time_mod_1.2,,
EXCLUDE_Idle/2,"iri,head,-11,-333.4,-0.5,0,4,1,1,0","iri,neck,0,-270.4,-19,0,7,1,1,0","iri,body,1.6,-176.4,0.5,0,6,1,1,0","iri,arm_up,-86.4,-195.2,-2,0,7,1,1,0","iri,arm_low,-94,-127.6,8,0,9,1,1,0","iri,open,-82.4,-83.2,-2,0,3,1,1,0","iri,arm_up_back,73.2,-219.6,43,0,13,1,1,0","iri,arm_low,99.6,-152.4,-18,0,15,1,1,0","iri,open,64,-104.4,-31,1,5,1,1,0","iri,leg_up,-33,-84.4,-44.2,0,8,1,1,0","iri,leg_low,-37,-62.4,-27,0,14,1,1,0","iri,foot,-62.8,-19.4,-3.6,1,13,1,1,0","iri,leg_up,42,-84.4,8.7,0,12,1,1,0","iri,leg_low,52,-51.4,13.5,0,15,1,1,0","iri,foot,82.2,-18.4,5.5,0,15,1,1,0","iri,base,-6.8,-118.4,87,0,14,1,1,0",,"iri,minibag,-31.6,-109.2,5,0,5,1,1,0",,,,,,,,,,,,,,,,,,,,,,,,,,,,,,,,,,,,,,,,,,,,,,,,,,,,,,,,,,,,,,,,,,,,,,,,,,,,,,,,,,,,,,,,,,,,,,,,,,,play_time_mod_1.7,,
EXCLUDE_Idle/3,"iri,head,-19,-331.4,3.5,0,4,1,1,0","iri,neck,-8,-270.4,-19,0,7,1,1,0","iri,body,-0.4,-176.4,2.5,0,6,1,1,0","iri,arm_up,-86.4,-191.2,1,0,7,1,1,0","iri,arm_low,-94,-123.6,11,0,9,1,1,0","iri,open,-82.4,-79.2,1,0,3,1,1,0","iri,arm_up_back,69.2,-219.6,43,0,13,1,1,0","iri,arm_low,99.6,-156.4,-16,0,15,1,1,0","iri,open,64,-104.4,-32,1,5,1,1,0","iri,leg_up,-33,-84.4,-44.2,0,8,1,1,0","iri,leg_low,-37,-62.4,-27,0,14,1,1,0","iri,foot,-62.8,-19.4,-3.6,1,13,1,1,0","iri,leg_up,42,-84.4,8.7,0,12,1,1,0","iri,leg_low,52,-51.4,13.5,0,15,1,1,0","iri,foot,82.2,-18.4,5.5,0,15,1,1,0","iri,base,-6.8,-118.4,87,0,14,1,1,0",,"iri,minibag,-31.6,-109.2,5,0,5,1,1,0",,,,,,,,,,,,,,,,,,,,,,,,,,,,,,,,,,,,,,,,,,,,,,,,,,,,,,,,,,,,,,,,,,,,,,,,,,,,,,,,,,,,,,,,,,,,,,,,,,,play_time_mod_1.9,,
EXCLUDE_Idle/4,"iri,head,-11,-333.4,-0.5,0,4,1,1,0","iri,neck,0,-270.4,-19,0,7,1,1,0","iri,body,1.6,-176.4,0.5,0,6,1,1,0","iri,arm_up,-86.4,-195.2,-2,0,7,1,1,0","iri,arm_low,-94,-127.6,8,0,9,1,1,0","iri,open,-82.4,-83.2,-2,0,3,1,1,0","iri,arm_up_back,73.2,-219.6,43,0,13,1,1,0","iri,arm_low,99.6,-152.4,-18,0,15,1,1,0","iri,open,64,-104.4,-31,1,5,1,1,0","iri,leg_up,-33,-84.4,-44.2,0,8,1,1,0","iri,leg_low,-37,-62.4,-27,0,14,1,1,0","iri,foot,-62.8,-19.4,-3.6,1,13,1,1,0","iri,leg_up,42,-84.4,8.7,0,12,1,1,0","iri,leg_low,52,-51.4,13.5,0,15,1,1,0","iri,foot,82.2,-18.4,5.5,0,15,1,1,0","iri,base,-6.8,-118.4,87,0,14,1,1,0",,"iri,minibag,-31.6,-109.2,5,0,5,1,1,0",,,,,,,,,,,,,,,,,,,,,,,,,,,,,,,,,,,,,,,,,,,,,,,,,,,,,,,,,,,,,,,,,,,,,,,,,,,,,,,,,,,,,,,,,,,,,,,,,,,play_time_mod_2,,
EXCLUDE_Idle/5,"iri,head,-1,-333.4,-3.5,0,4,1,1,0","iri,neck,6,-274.4,-19,0,7,1,1,0","iri,body,5.6,-176.4,-1.5,0,6,1,1,0","iri,arm_up,-82.4,-199.2,-5,0,7,1,1,0","iri,arm_low,-90,-131.6,5,0,9,1,1,0","iri,open,-78.4,-87.2,-5,0,3,1,1,0","iri,arm_up_back,77.2,-219.6,41,0,13,1,1,0","iri,arm_low,101.6,-152.4,-19,0,15,1,1,0","iri,open,68,-104.4,-34,1,5,1,1,0","iri,leg_up,-33,-84.4,-44.2,0,8,1,1,0","iri,leg_low,-37,-62.4,-27,0,14,1,1,0","iri,foot,-62.8,-19.4,-3.6,1,13,1,1,0","iri,leg_up,42,-84.4,8.7,0,12,1,1,0","iri,leg_low,52,-51.4,13.5,0,15,1,1,0","iri,foot,82.2,-18.4,5.5,0,15,1,1,0","iri,base,-6.8,-118.4,87,0,14,1,1,0",,"iri,minibag,-29.6,-109.2,-4,0,5,1,1,0",,,,,,,,,,,,,,,,,,,,,,,,,,,,,,,,,,,,,,,,,,,,,,,,,,,,,,,,,,,,,,,,,,,,,,,,,,,,,,,,,,,,,,,,,,,,,,,,,,,play_time_mod_1.3,,
EXCLUDE_Nod/0,"iri,head,15,-333.4,-7.5,0,4,1,1,0","iri,neck,22,-274.4,-19,0,7,1,1,0","iri,body,7.6,-176.4,-5.5,0,6,1,1,0","iri,arm_up,-74.4,-203.2,-5,0,2,1,1,0","iri,arm_low,-48,-129.6,54,0,3,1,1,0","iri,open,11.6,-98.4,43,0,3,1,1,0","iri,arm_up_back,81.2,-217.6,29,0,13,1,1,0","iri,arm_low,81.6,-152.4,-48,0,5,1,1,0","iri,open,42,-138.4,-60,1,5,1,1,0","iri,leg_up,-33,-84.4,-44.2,0,8,1,1,0","iri,leg_low,-37,-62.4,-27,0,14,1,1,0","iri,foot,-62.8,-19.4,-3.6,1,13,1,1,0","iri,leg_up,42,-84.4,8.7,0,12,1,1,0","iri,leg_low,52,-51.4,13.5,0,15,1,1,0","iri,foot,82.2,-18.4,5.5,0,15,1,1,0","iri,base,-6.8,-118.4,87,0,14,1,1,0",,"iri,minibag,-29.6,-109.2,-11,0,5,1,1,0",,,,,,,,,,,,,,,,,,,,,,,,,,,,,,,,,,,,,,,,,,,,,,,,,,,,,,,,,,,,,,,,,,,,,,,,,,,,,,,,,,,,,,,,,,,,,,,,,,,,,
EXCLUDE_Nod/1,"iri,head,23,-329.4,-10.5,0,4,1,1,0","iri,neck,22,-274.4,-19,0,7,1,1,0","iri,body,7.6,-172.4,-7.5,0,6,1,1,0","iri,arm_up,-72.4,-203.2,-7,0,2,1,1,0","iri,arm_low,-52,-131.6,59,0,3,1,1,0","iri,open,11.6,-104.4,51,0,3,1,1,0","iri,arm_up_back,85.2,-211.6,24,0,13,1,1,0","iri,arm_low,81.6,-148.4,-45,0,5,1,1,0","iri,open,42,-128.4,-51,1,5,1,1,0","iri,leg_up,-33,-84.4,-44.2,0,8,1,1,0","iri,leg_low,-37,-62.4,-27,0,14,1,1,0","iri,foot,-62.8,-19.4,-3.6,1,13,1,1,0","iri,leg_up,42,-84.4,8.7,0,12,1,1,0","iri,leg_low,52,-51.4,13.5,0,15,1,1,0","iri,foot,82.2,-18.4,5.5,0,15,1,1,0","iri,base,-6.8,-118.4,87,0,14,1,1,0",,"iri,minibag,-29.6,-109.2,-11,0,5,1,1,0",,,,,,,,,,,,,,,,,,,,,,,,,,,,,,,,,,,,,,,,,,,,,,,,,,,,,,,,,,,,,,,,,,,,,,,,,,,,,,,,,,,,,,,,,,,,,,,,,,,,,
EXCLUDE_Nod/2,"iri,head,55,-313.4,-24.5,0,4,1,1,0","iri,neck,40,-270.4,-24,0,7,1,1,0","iri,body,13.6,-166.4,-13.5,0,6,1,1,0","iri,arm_up,-58.4,-203.2,-9,0,2,1,1,0","iri,arm_low,-38,-131.6,57,0,3,1,1,0","iri,open,25.6,-104.4,49,0,3,1,1,0","iri,arm_up_back,85.2,-199.6,22,0,13,1,1,0","iri,arm_low,79.6,-130.4,-52,0,5,1,1,0","iri,open,42,-116.4,-53,1,5,1,1,0","iri,leg_up,-33,-84.4,-44.2,0,8,1,1,0","iri,leg_low,-37,-62.4,-27,0,14,1,1,0","iri,foot,-62.8,-19.4,-3.6,1,13,1,1,0","iri,leg_up,42,-84.4,8.7,0,12,1,1,0","iri,leg_low,52,-51.4,13.5,0,15,1,1,0","iri,foot,82.2,-18.4,5.5,0,15,1,1,0","iri,base,-6.8,-118.4,85,0,14,1,1,0",,"iri,minibag,-29.6,-109.2,-11,0,5,1,1,0",,,,,,,,,,,,,,,,,,,,,,,,,,,,,,,,,,,,,,,,,,,,,,,,,,,,,,,,,,,,,,,,,,,,,,,,,,,,,,,,,,,,,,,,,,,,,,,,,,,,,
EXCLUDE_Nod/3,"iri,head,55,-309.4,-27.5,0,4,1,1,0","iri,neck,40,-270.4,-24,0,7,1,1,0","iri,body,13.6,-166.4,-13.5,0,6,1,1,0","iri,arm_up,-58.4,-203.2,-9,0,2,1,1,0","iri,arm_low,-38,-131.6,60,0,3,1,1,0","iri,open,25.6,-110.4,53,0,3,1,1,0","iri,arm_up_back,85.2,-199.6,22,0,13,1,1,0","iri,arm_low,79.6,-130.4,-52,0,5,1,1,0","iri,open,42,-114.4,-46,1,5,1,1,0","iri,leg_up,-33,-84.4,-44.2,0,8,1,1,0","iri,leg_low,-37,-62.4,-27,0,14,1,1,0","iri,foot,-62.8,-19.4,-3.6,1,13,1,1,0","iri,leg_up,42,-84.4,8.7,0,12,1,1,0","iri,leg_low,52,-51.4,13.5,0,15,1,1,0","iri,foot,82.2,-18.4,5.5,0,15,1,1,0","iri,base,-6.8,-118.4,83,0,14,1,1,0",,"iri,minibag,-29.6,-109.2,-11,0,5,1,1,0",,,,,,,,,,,,,,,,,,,,,,,,,,,,,,,,,,,,,,,,,,,,,,,,,,,,,,,,,,,,,,,,,,,,,,,,,,,,,,,,,,,,,,,,,,,,,,,,,,,play_time_mod_1.5,,
EXCLUDE_Nod/4,"iri,head,25,-329.4,-7.5,0,4,1,1,0","iri,neck,22,-274.4,-19,0,7,1,1,0","iri,body,7.6,-172.4,-7.5,0,6,1,1,0","iri,arm_up,-72.4,-203.2,-7,0,2,1,1,0","iri,arm_low,-52,-131.6,59,0,3,1,1,0","iri,open,11.6,-104.4,51,0,3,1,1,0","iri,arm_up_back,85.2,-211.6,24,0,13,1,1,0","iri,arm_low,81.6,-148.4,-45,0,5,1,1,0","iri,open,42,-128.4,-51,1,5,1,1,0","iri,leg_up,-33,-84.4,-44.2,0,8,1,1,0","iri,leg_low,-37,-62.4,-27,0,14,1,1,0","iri,foot,-62.8,-19.4,-3.6,1,13,1,1,0","iri,leg_up,42,-84.4,8.7,0,12,1,1,0","iri,leg_low,52,-51.4,13.5,0,15,1,1,0","iri,foot,82.2,-18.4,5.5,0,15,1,1,0","iri,base,-6.8,-118.4,85,0,14,1,1,0",,"iri,minibag,-29.6,-109.2,-11,0,5,1,1,0",,,,,,,,,,,,,,,,,,,,,,,,,,,,,,,,,,,,,,,,,,,,,,,,,,,,,,,,,,,,,,,,,,,,,,,,,,,,,,,,,,,,,,,,,,,,,,,,,,,,,
EXCLUDE_Nod/5,"iri,head,9,-335.4,-2.5,0,4,1,1,0","iri,neck,22,-274.4,-19,0,7,1,1,0","iri,body,7.6,-176.4,-5.5,0,6,1,1,0","iri,arm_up,-78.4,-199.2,-5,0,2,1,1,0","iri,arm_low,-70,-125.6,44,0,3,1,1,0","iri,open,-26.4,-88.4,36,0,3,1,1,0","iri,arm_up_back,81.2,-217.6,29,0,13,1,1,0","iri,arm_low,95.6,-146.4,-30,0,5,1,1,0","iri,open,76,-112.4,-18,1,5,1,1,0","iri,leg_up,-33,-84.4,-44.2,0,8,1,1,0","iri,leg_low,-37,-62.4,-27,0,14,1,1,0","iri,foot,-62.8,-19.4,-3.6,1,13,1,1,0","iri,leg_up,42,-84.4,8.7,0,12,1,1,0","iri,leg_low,52,-51.4,13.5,0,15,1,1,0","iri,foot,82.2,-18.4,5.5,0,15,1,1,0","iri,base,-6.8,-118.4,87,0,14,1,1,0",,"iri,minibag,-29.6,-109.2,-11,0,5,1,1,0",,,,,,,,,,,,,,,,,,,,,,,,,,,,,,,,,,,,,,,,,,,,,,,,,,,,,,,,,,,,,,,,,,,,,,,,,,,,,,,,,,,,,,,,,,,,,,,,,,,,,
EXCLUDE_Talk/0,"iri,head,15,-333.4,-7.5,0,4,1,1,0","iri,neck,22,-274.4,-19,0,7,1,1,0","iri,body,7.6,-176.4,-5.5,0,6,1,1,0","iri,arm_up,-78.4,-205.2,-5,0,7,1,1,0","iri,arm_low,-88,-137.6,16,0,9,1,1,0","iri,open,-74.4,-93.2,-5,0,3,1,1,0","iri,arm_up_back,81.2,-211.6,30,0,13,1,1,0","iri,arm_low,83.6,-156.4,-55,0,5,1,1,0","iri,open,42,-148.4,-77,1,5,1,1,0","iri,leg_up,-33,-84.4,-44.2,0,8,1,1,0","iri,leg_low,-37,-62.4,-27,0,14,1,1,0","iri,foot,-62.8,-19.4,-3.6,1,13,1,1,0","iri,leg_up,42,-84.4,8.7,0,12,1,1,0","iri,leg_low,52,-51.4,13.5,0,15,1,1,0","iri,foot,82.2,-18.4,5.5,0,15,1,1,0","iri,base,-6.8,-118.4,87,0,14,1,1,0",,"iri,minibag,-29.6,-109.2,-11,0,5,1,1,0",,,,,,,,,,,,,,,,,,,,,,,,,,,,,,,,,,,,,,,,,,,,,,,,,,,,,,,,,,,,,,,,,,,,,,,,,,,,,,,,,,,,,,,,,,,,,,,,,,,,play_time_mod_0.7,
EXCLUDE_Talk/1,"iri,head,19,-327.4,-8.5,0,4,1,1,0","iri,neck,26,-268.4,-20,0,7,1,1,0","iri,body,7.6,-172.4,-5.5,0,6,1,1,0","iri,arm_up,-74.4,-201.2,-3,0,7,1,1,0","iri,arm_low,-82,-133.6,7,0,9,1,1,0","iri,open,-70.4,-89.2,-3,0,3,1,1,0","iri,arm_up_back,85.2,-209.6,38,0,13,1,1,0","iri,arm_low,89.6,-186.4,-111,0,5,1,1,0","iri,open,38,-218.4,-118,1,5,1,1,0","iri,leg_up,-37,-84.4,-44.2,0,8,1,1,0","iri,leg_low,-41,-58.4,-17,0,14,1,1,0","iri,foot,-62.8,-19.4,-2.6,1,13,1,1,0","iri,leg_up,46,-84.4,11.7,0,12,1,1,0","iri,leg_low,56,-47.4,13.5,0,15,1,1,0","iri,foot,82.2,-18.4,2.5,0,15,1,1,0","iri,base,-6.8,-118.4,87,0,14,1,1,0",,"iri,minibag,-29.6,-105.2,-11,0,5,1,1,0",,,,,,,,,,,,,,,,,,,,,,,,,,,,,,,,,,,,,,,,,,,,,,,,,,,,,,,,,,,,,,,,,,,,,,,,,,,,,,,,,,,,,,,,,,,,,,,,,,,,play_time_mod_0.7,
EXCLUDE_Talk/2,"iri,head,21,-323.4,-11.5,0,4,1,1,0","iri,neck,28,-264.4,-23,0,7,1,1,0","iri,body,7.6,-168.4,-7.5,0,6,1,1,0","iri,arm_up,-74.4,-197.2,-3,0,7,1,1,0","iri,arm_low,-82,-129.6,7,0,9,1,1,0","iri,open,-70.4,-85.2,-3,0,3,1,1,0","iri,arm_up_back,87.2,-205.6,38,0,13,1,1,0","iri,arm_low,103.6,-202.4,-157,0,5,1,1,0","iri,twopoint,82.8,-268,-138,1,3,1,1,0","iri,leg_up,-37,-84.4,-44.2,0,8,1,1,0","iri,leg_low,-41,-58.4,-24,0,14,1,1,0","iri,foot,-62.8,-19.4,-2.6,1,13,1,1,0","iri,leg_up,46,-84.4,11.7,0,12,1,1,0","iri,leg_low,56,-47.4,13.5,0,15,1,1,0","iri,foot,82.2,-18.4,-3.5,0,15,1,1,0","iri,base,-6.8,-118.4,87,0,14,1,1,0",,"iri,minibag,-29.6,-105.2,-11,0,5,1,1,0",,,,,,,,,,,,,,,,,,,,,,,,,,,,,,,,,,,,,,,,,,,,,,,,,,,,,,,,,,,,,,,,,,,,,,,,,,,,,,,,,,,,,,,,,,,,,,,,,,,,play_time_mod_0.7,
EXCLUDE_Talk/3,"iri,head,25,-323.4,-11.5,0,4,1,1,0","iri,neck,26,-268.4,-20,0,7,1,1,0","iri,body,11.6,-166.4,-8.5,0,6,1,1,0","iri,arm_up,-70.4,-199.2,-6,0,7,1,1,0","iri,arm_low,-78,-127.6,12,0,9,1,1,0","iri,open,-64.4,-87.2,9,0,3,1,1,0","iri,arm_up_back,85.2,-209.6,38,0,13,1,1,0","iri,arm_low,113.6,-206.4,-177,0,5,1,1,0","iri,twopoint,114.8,-268,-167,1,3,1,1,0","iri,leg_up,-37,-84.4,-44.2,0,8,1,1,0","iri,leg_low,-41,-58.4,-24,0,14,1,1,0","iri,foot,-62.8,-19.4,-2.6,1,13,1,1,0","iri,leg_up,46,-84.4,11.7,0,12,1,1,0","iri,leg_low,56,-47.4,13.5,0,15,1,1,0","iri,foot,82.2,-18.4,2.5,0,15,1,1,0","iri,base,-6.8,-118.4,87,0,14,1,1,0",,"iri,minibag,-29.6,-105.2,-6,0,5,1,1,0",,,,,,,,,,,,,,,,,,,,,,,,,,,,,,,,,,,,,,,,,,,,,,,,,,,,,,,,,,,,,,,,,,,,,,,,,,,,,,,,,,,,,,,,,,,,,,,,,,,,play_time_mod_0.7,
EXCLUDE_Talk/4,"iri,head,29,-323.4,-13.5,0,4,1,1,0","iri,neck,26,-268.4,-20,0,7,1,1,0","iri,body,11.6,-166.4,-8.5,0,6,1,1,0","iri,arm_up,-72.4,-203.2,-15,0,7,1,1,0","iri,arm_low,-76,-105.6,24,0,9,1,1,0","iri,open,-60.4,-91.2,23,0,3,1,1,0","iri,arm_up_back,99.2,-209.6,41,0,13,1,1,0","iri,arm_low,137.6,-214.4,166,0,5,1,1,0","iri,twopoint,156.8,-276,-171,1,3,1,1,0","iri,leg_up,-37,-84.4,-44.2,0,8,1,1,0","iri,leg_low,-41,-58.4,-24,0,14,1,1,0","iri,foot,-62.8,-19.4,-2.6,1,13,1,1,0","iri,leg_up,46,-84.4,11.7,0,12,1,1,0","iri,leg_low,56,-47.4,13.5,0,15,1,1,0","iri,foot,82.2,-18.4,2.5,0,15,1,1,0","iri,base,-6.8,-118.4,87,0,14,1,1,0",,"iri,minibag,-29.6,-105.2,-6,0,5,1,1,0",,,,,,,,,,,,,,,,,,,,,,,,,,,,,,,,,,,,,,,,,,,,,,,,,,,,,,,,,,,,,,,,,,,,,,,,,,,,,,,,,,,,,,,,,,,,,,,,,,,"play_time_mod_1.5,hold",play_time_mod_0.7,
EXCLUDE_Walk/0,"iri,head,21,-337.4,-6.5,0,4,1,1,0","iri,neck,28,-278.4,-18,0,7,1,1,0","iri,body,9.6,-180.4,-6.5,0,6,1,1,0","iri,arm_up,-54.4,-203.2,26,0,2,1,1,0","iri,arm_low,-20,-139.6,49,0,3,1,1,0","iri,open,38.8,-102.4,40,0,4,1,1,0","iri,arm_up_back,65.2,-205.6,-11,0,13,1,1,0","iri,arm_low,69.6,-138.4,4,0,15,1,1,0","iri,open_back,68,-106.4,-32,1,17,1,1,0","iri,leg_up,-31,-90.4,-46.2,0,8,1,1,0","iri,leg_low,-61,-62.4,-40,0,14,1,1,0","iri,foot,-60.8,-25.4,-20.6,0,13,1,1,0","iri,leg_up,42,-84.4,8.7,0,12,1,1,0","iri,leg_low,52,-51.4,13.5,0,15,1,1,0","iri,foot,82.2,-18.4,5.5,0,15,1,1,0","iri,base,-12.8,-120.4,83,0,14,1,1,0",,"iri,minibag,-31.6,-115.2,-17,0,5,1,1,0",,,,,,,,,,,,,,,,,,,,,,,,,,,,,,,,,,,,,,,,,,,,,,,,,,,,,,,,,,,,,,,,,,,,,,,,,,,,,,,,,,,,,,,,,,,,,,,,,,,,,
EXCLUDE_Walk/1,"iri,head,23,-341.4,-8.5,0,4,1,1,0","iri,neck,30,-282.4,-20,0,7,1,1,0","iri,body,5.6,-184.4,-8.5,0,6,1,1,0","iri,arm_up,-62.4,-207.2,12,0,2,1,1,0","iri,arm_low,-46,-137.6,28,0,3,1,1,0","iri,open,-9.2,-92.4,22,0,4,1,1,0","iri,arm_up_back,73.2,-201.6,1,0,13,1,1,0","iri,arm_low,87.6,-142.4,1,0,15,1,1,0","iri,open_back,98,-92.4,-5,1,17,1,1,0","iri,leg_up,-43,-94.4,-22.2,0,8,1,1,0","iri,leg_low,-43,-76.4,-40,0,14,1,1,0","iri,foot,-30.8,-43.4,-12.6,0,13,1,1,0","iri,leg_up,30,-84.4,-5.3,0,12,1,1,0","iri,leg_low,30,-51.4,-6.5,0,15,1,1,0","iri,foot,48.2,-18.4,0.5,0,15,1,1,0","iri,base,-18.8,-126.4,83,0,14,1,1,0",,"iri,minibag,-31.6,-117.2,-14,0,5,1,1,0",,,,,,,,,,,,,,,,,,,,,,,,,,,,,,,,,,,,,,,,,,,,,,,,,,,,,,,,,,,,,,,,,,,,,,,,,,,,,,,,,,,,,,,,,,,,,,,,,,,,,
EXCLUDE_Walk/2,"iri,head,27,-341.4,-10.5,0,4,1,1,0","iri,neck,30,-282.4,-20,0,7,1,1,0","iri,body,5.6,-184.4,-10.5,0,6,1,1,0","iri,arm_up,-74.4,-217.2,-4,0,2,1,1,0","iri,arm_low,-86,-143.6,5,0,3,1,1,0","iri,open,-77.2,-92.4,-9,0,4,1,1,0","iri,arm_up_back,73.2,-201.6,6,0,13,1,1,0","iri,arm_low,101.6,-142.4,22,0,15,1,1,0","iri,open_back,128,-96.4,11,1,17,1,1,0","iri,leg_up,-27,-94.4,9.8,0,8,1,1,0","iri,leg_low,-3,-76.4,38,0,14,1,1,0","iri,foot,5.2,-49.4,-2.6,0,13,1,1,0","iri,leg_up,18,-92.4,-24.3,0,12,1,1,0","iri,leg_low,2,-51.4,-15.5,0,15,1,1,0","iri,foot,14.2,-24.4,-3.5,0,15,1,1,0","iri,base,-22.8,-128.4,76,0,14,1,1,0",,"iri,minibag,-37.6,-127.2,-17,0,5,1,1,0",,,,,,,,,,,,,,,,,,,,,,,,,,,,,,,,,,,,,,,,,,,,,,,,,,,,,,,,,,,,,,,,,,,,,,,,,,,,,,,,,,,,,,,,,,,,,,,,,,,,,
EXCLUDE_Walk/3,"iri,head,33,-337.4,-12.5,0,4,1,1,0","iri,neck,30,-282.4,-20,0,7,1,1,0","iri,body,5.6,-184.4,-12.5,0,6,1,1,0","iri,arm_up,-78.4,-217.2,-11,0,2,1,1,0","iri,arm_low,-106,-143.6,-10,0,3,1,1,0","iri,open,-105.2,-92.4,-21,0,4,1,1,0","iri,arm_up_back,77.2,-201.6,13,0,13,1,1,0","iri,arm_low,113.6,-142.4,35,0,15,1,1,0","iri,open_back,154,-100.4,30,1,17,1,1,0","iri,leg_up,-33,-102.4,19,0,8,1,1,0","iri,leg_low,-12.4,-76,56,0,14,1,1,0","iri,foot,29.2,-41.4,4.4,0,13,1,1,0","iri,leg_up,12,-92.4,-24.3,0,16,1,1,0","iri,leg_low,-6,-51.4,-15.5,0,15,1,1,0","iri,foot,2.2,-24.4,-6.5,0,15,1,1,0","iri,base,-24.8,-130.4,75,0,14,1,1,0",,"iri,minibag,-37.6,-127.2,-9,0,5,1,1,0",,,,,,,,,,,,,,,,,,,,,,,,,,,,,,,,,,,,,,,,,,,,,,,,,,,,,,,,,,,,,,,,,,,,,,,,,,,,,,,,,,,,,,,,,,,,,,,,,,,,,
EXCLUDE_Walk/4,"iri,head,43,-333.4,-14.5,0,4,1,1,0","iri,neck,34,-278.4,-20,0,7,1,1,0","iri,body,13.6,-176.4,-12.5,0,6,1,1,0","iri,arm_up,-74.4,-225.2,-30,0,2,1,1,0","iri,arm_low,-126,-159.6,-33,0,3,1,1,0","iri,open,-149.2,-104.4,-36,0,4,1,1,0","iri,arm_up_back,89.2,-197.6,23,0,13,1,1,0","iri,arm_low,135.6,-134.4,45,0,15,1,1,0","iri,open_back,178,-100.4,52,1,17,1,1,0","iri,leg_up,-19,-100.4,29.8,0,8,1,1,0","iri,leg_low,29,-56.4,46,0,14,1,1,0","iri,foot,55.2,-19.4,1.4,0,13,1,1,0","iri,leg_up,-4,-96.4,-57.3,0,12,1,1,0","iri,leg_low,-34,-61.4,-41.5,0,15,1,1,0","iri,foot,-31.8,-24.4,-17.5,0,15,1,1,0","iri,base,-14.8,-122.4,75,0,14,1,1,0",,"iri,minibag,-31.6,-121.2,-12,0,5,1,1,0",,,,,,,,,,,,,,,,,,,,,,,,,,,,,,,,,,,,,,,,,,,,,,,,,,,,,,,,,,,,,,,,,,,,,,,,,,,,,,,,,,,,,,,,,,,,,,,,,,,,,
EXCLUDE_Walk/5,"iri,head,27,-341.4,-5.5,0,4,1,1,0","iri,neck,34,-282.4,-22,0,7,1,1,0","iri,body,9.6,-188.4,-7.5,0,6,1,1,0","iri,arm_up,-80.4,-225.2,-11,0,2,1,1,0","iri,arm_low,-94,-149.6,13,0,3,1,1,0","iri,open,-67.2,-94.4,5,0,4,1,1,0","iri,arm_up_back,71.2,-225.6,9,0,13,1,1,0","iri,arm_low,109.6,-142.4,38,0,15,1,1,0","iri,open_back,140,-110.4,30,1,17,1,1,0","iri,leg_up,-15,-96.4,18.8,0,8,1,1,0","iri,leg_low,7,-54.4,33,0,14,1,1,0","iri,foot,27.2,-19.4,1.4,0,13,1,1,0","iri,leg_up,20,-108.4,-39.3,0,12,1,1,0","iri,leg_low,6,-55.4,-41.5,0,15,1,1,0","iri,foot,-5.8,-42.4,-34.5,0,15,1,1,0","iri,base,-16.8,-130.4,79,0,14,1,1,0",,"iri,minibag,-35.6,-129.2,-3,0,5,1,1,0",,,,,,,,,,,,,,,,,,,,,,,,,,,,,,,,,,,,,,,,,,,,,,,,,,,,,,,,,,,,,,,,,,,,,,,,,,,,,,,,,,,,,,,,,,,,,,,,,,,,,
EXCLUDE_Walk/6,"iri,head,23,-341.4,-3.5,0,4,1,1,0","iri,neck,34,-282.4,-22,0,7,1,1,0","iri,body,9.6,-188.4,-5.5,0,6,1,1,0","iri,arm_up,-70.4,-215.2,7,0,2,1,1,0","iri,arm_low,-62,-133.6,22,0,3,1,1,0","iri,open,-31.2,-84.4,26,0,4,1,1,0","iri,arm_up_back,67.2,-225.6,9,0,13,1,1,0","iri,arm_low,93.6,-144.4,10,0,15,1,1,0","iri,open_back,108,-92.4,-13,1,17,1,1,0","iri,leg_up,-27,-90.4,10.8,0,8,1,1,0","iri,leg_low,-13,-54.4,27,0,14,1,1,0","iri,foot,3.2,-19.4,1.4,0,13,1,1,0","iri,leg_up,28,-94.4,32,0,12,1,1,0","iri,leg_low,36,-65.4,1,0,15,1,1,0","iri,foot,18.2,-44.4,-82,0,16,1,1,0","iri,base,-16.8,-130.4,81,0,14,1,1,0",,"iri,minibag,-35.6,-129.2,-3,0,5,1,1,0",,,,,,,,,,,,,,,,,,,,,,,,,,,,,,,,,,,,,,,,,,,,,,,,,,,,,,,,,,,,,,,,,,,,,,,,,,,,,,,,,,,,,,,,,,,,,,,,,,,,,
EXCLUDE_Walk/7,"iri,head,17,-343.4,-3.5,0,4,1,1,0","iri,neck,28,-274.4,-23,0,7,1,1,0","iri,body,7.6,-190.4,-3.5,0,6,1,1,0","iri,arm_up,-60.4,-211.2,15,0,2,1,1,0","iri,arm_low,-46,-133.6,32,0,3,1,1,0","iri,open,-3.2,-90.4,29,0,4,1,1,0","iri,arm_up_back,69.2,-225.6,-2,0,13,1,1,0","iri,arm_low,83.6,-144.4,7,0,15,1,1,0","iri,open_back,92,-92.4,-13,1,17,1,1,0","iri,leg_up,-29,-90.4,-21.2,0,8,1,1,0","iri,leg_low,-39,-60.4,14,0,14,1,1,0","iri,foot,-28.8,-19.4,-2.6,0,13,1,1,0","iri,leg_up,40,-102.4,-50.3,0,12,1,1,0","iri,leg_low,50,-71.4,12.5,0,15,1,1,0","iri,foot,80.2,-36.4,-3.5,0,15,1,1,0","iri,base,-14.8,-134.4,87,0,14,1,1,0",,"iri,minibag,-35.6,-129.2,-6,0,5,1,1,0",,,,,,,,,,,,,,,,,,,,,,,,,,,,,,,,,,,,,,,,,,,,,,,,,,,,,,,,,,,,,,,,,,,,,,,,,,,,,,,,,,,,,,,,,,,,,,,,,,,,,
Damaged/0,"iri,head,-3,-335.4,6.5,0,4,1,1,0","iri,neck,5,-289.4,2,0,7,1,1,0","iri,body,1.6,-180.4,1.5,0,6,1,1,0","iri,arm_up,-96.4,-213.2,-29,0,7,1,1,0","iri,arm_low,-116,-145.6,10,0,15,1,1,0","iri,open_back,-98.4,-109.2,33,0,14,1,1,0","iri,arm_up_back,59.2,-245.6,84,0,13,1,1,0","iri,arm_low,89.2,-276,-152,0,15,1,1,0","iri,open,61.6,-334,-171,0,17,1,1,0","iri,leg_up,-43,-86.4,-26,0,8,1,1,0","iri,leg_low,-57,-62.4,-27,0,14,1,1,0","iri,foot,-48.8,-19.4,-7.6,0,13,1,1,0","iri,leg_up,50,-84.4,24.7,0,12,1,1,0","iri,leg_low,68,-55.4,20.5,0,15,1,1,0","iri,foot,90.2,-18.4,5.5,0,15,1,1,0","iri,base,-6.8,-122.4,96,0,14,1,1,0",,"iri,minibag,-31.6,-113.2,3,0,5,1,1,0",,,,,,,,,,,,,,,,,,,,,,,,,,,"iri,backpack,-43,-237.8,2,0,16,1,1,0",,,,,,,,,,,,,,,,,,,,,,,,,,,,,,,,,,,,,,,,,,,,,,,,,,,,,,,,,,,,,,,,,,,,,,,,,,
Damaged/1,"iri,bad,-31,-339.4,-4.5,0,4,1,1,0","iri,neck,-28,-296.4,20,0,7,1,1,0","iri,body,-12.4,-180.4,7.5,0,6,1,1,0","iri,arm_up,-118.4,-199.2,-29,0,7,1,1,0","iri,arm_low,-132,-125.6,32,0,15,1,1,0","iri,open_back,-102.4,-89.2,51,0,14,1,1,0","iri,arm_up_back,29.2,-243.6,103,0,13,1,1,0","iri,arm_low,47.2,-290,-139,0,15,1,1,0","iri,open,23.6,-320,-162,0,17,1,1,0","iri,leg_up,-43,-86.4,-40,0,8,1,1,0","iri,leg_low,-61,-62.4,-27,0,14,1,1,0","iri,foot,-54.8,-19.4,-7.6,0,13,1,1,0","iri,leg_up,48,-87.4,23.7,0,12,1,1,0","iri,leg_low,68,-55.4,20.5,0,15,1,1,0","iri,foot,90.2,-18.4,0.5,0,15,1,1,0","iri,base,-6.8,-122.4,97,0,14,1,1,0",,"iri,minibag,-33.6,-119.2,9,0,5,1,1,0",,,,,,,,,,,,,,,,,,,,,,,,,,,"iri,backpack,-62,-224.8,7,0,16,1,1,0",,,,,,,,,,,,,,,,,,,,,,,,,,,,,,,,,,,,,,,,,,,,,,,,,,,,,,,,,,,,,,,,,,,,,,,,,,
Damaged/2,"iri,hurt,-47,-339.4,1.5,0,4,1,1,0","iri,neck,-44,-296.4,20,0,7,1,1,0","iri,body,-16.4,-180.4,9.5,0,6,1,1,0","iri,arm_up,-130.4,-193.2,-19,0,7,1,1,0","iri,arm_low,-124,-119.6,42,0,15,1,1,0","iri,open_back,-96.4,-91.2,57,0,14,1,1,0","iri,arm_up_back,21.2,-257.6,103,0,13,1,1,0","iri,arm_low,39.2,-304,-139,0,15,1,1,0","iri,open,15.6,-334,-162,0,17,1,1,0","iri,leg_up,-43,-86.4,-40,0,8,1,1,0","iri,leg_low,-61,-62.4,-27,0,14,1,1,0","iri,foot,-54.8,-19.4,-7.6,0,13,1,1,0","iri,leg_up,50,-88.4,26.7,0,12,1,1,0","iri,leg_low,68,-58.4,23.5,0,15,1,1,0","iri,foot,90.2,-19.4,0.5,0,15,1,1,0","iri,base,-6.8,-122.4,101,0,14,1,1,0",,"iri,minibag,-33.6,-119.2,9,0,5,1,1,0",,,,,,,,,,,,,,,,,,,,,,,,,,,"iri,backpack,-78,-225.8,17,0,16,1,1,0",,,,,,,,,,,,,,,,,,,,,,,,,,,,,,,,,,,,,,,,,,,,,,,,,,,,,,,,,,,,,,,,,,,,,,,,hold,,
Damaged/3,"iri,bad,-31,-339.4,-4.5,0,4,1,1,0","iri,neck,-28,-296.4,20,0,7,1,1,0","iri,body,-12.4,-180.4,7.5,0,6,1,1,0","iri,arm_up,-118.4,-199.2,-29,0,7,1,1,0","iri,arm_low,-132,-125.6,32,0,15,1,1,0","iri,open_back,-102.4,-89.2,51,0,14,1,1,0","iri,arm_up_back,29.2,-243.6,103,0,13,1,1,0","iri,arm_low,47.2,-290,-139,0,15,1,1,0","iri,open,23.6,-320,-162,0,17,1,1,0","iri,leg_up,-43,-86.4,-40,0,8,1,1,0","iri,leg_low,-61,-62.4,-27,0,14,1,1,0","iri,foot,-54.8,-19.4,-7.6,0,13,1,1,0","iri,leg_up,48,-87.4,23.7,0,12,1,1,0","iri,leg_low,68,-55.4,20.5,0,15,1,1,0","iri,foot,90.2,-18.4,0.5,0,15,1,1,0","iri,base,-6.8,-122.4,97,0,14,1,1,0",,"iri,minibag,-33.6,-119.2,9,0,5,1,1,0",,,,,,,,,,,,,,,,,,,,,,,,,,,"iri,backpack,-67,-228.8,7,0,16,1,1,0",,,,,,,,,,,,,,,,,,,,,,,,,,,,,,,,,,,,,,,,,,,,,,,,,,,,,,,,,,,,,,,,,,,,,,,,,,
Damaged/4,"iri,head,-3,-337.4,6.5,0,4,1,1,0","iri,neck,4,-288.4,2,0,7,1,1,0","iri,body,1.6,-180.4,1.5,0,6,1,1,0","iri,arm_up,-96.4,-213.2,-29,0,7,1,1,0","iri,arm_low,-116,-145.6,10,0,15,1,1,0","iri,open_back,-98.4,-109.2,33,0,14,1,1,0","iri,arm_up_back,59.2,-245.6,84,0,13,1,1,0","iri,arm_low,89.2,-276,-152,0,15,1,1,0","iri,open,61.6,-334,-171,0,17,1,1,0","iri,leg_up,-43,-86.4,-26,0,8,1,1,0","iri,leg_low,-57,-62.4,-27,0,14,1,1,0","iri,foot,-48.8,-19.4,-7.6,0,13,1,1,0","iri,leg_up,50,-84.4,24.7,0,12,1,1,0","iri,leg_low,68,-55.4,20.5,0,15,1,1,0","iri,foot,90.2,-18.4,5.5,0,15,1,1,0","iri,base,-6.8,-122.4,96,0,14,1,1,0",,"iri,minibag,-31.6,-113.2,3,0,5,1,1,0",,,,,,,,,,,,,,,,,,,,,,,,,,,"iri,backpack,-56,-240.8,2,0,16,1,1,0",,,,,,,,,,,,,,,,,,,,,,,,,,,,,,,,,,,,,,,,,,,,,,,,,,,,,,,,,,,,,,,,,,,,,,,,,,
Damaged/5,"iri,head,45,-321.4,-7.5,0,4,1,1,0","iri,neck,36,-270.4,-20,0,7,1,1,0","iri,body,15.6,-168.4,-15.5,0,6,1,1,0","iri,arm_up,-74.4,-215.2,-28,0,7,1,1,0","iri,arm_low,-100,-141.6,25,0,15,1,1,0","iri,open_back,-88.4,-105.2,55,0,14,1,1,0","iri,arm_up_back,75.2,-211.6,64,0,13,1,1,0","iri,arm_low,103.2,-230,-145,0,15,1,1,0","iri,open,73.2,-259.6,-136,0,17,1,1,0","iri,leg_up,-45,-88.4,-29,0,8,1,1,0","iri,leg_low,-61,-62.4,-34,0,14,1,1,0","iri,foot,-56.8,-19.4,-10.6,0,13,1,1,0","iri,leg_up,52,-80.4,46.7,0,12,1,1,0","iri,leg_low,64,-55.4,5.5,0,15,1,1,0","iri,foot,90.2,-18.4,8.5,0,15,1,1,0","iri,base,-2.8,-118.4,79,0,14,1,1,0",,"iri,minibag,-33.6,-107.2,-20,0,5,1,1,0",,,,,,,,,,,,,,,,,,,,,,,,,,,"iri,backpack,-20,-232.8,-16,0,16,1,1,0",,,,,,,,,,,,,,,,,,,,,,,,,,,,,,,,,,,,,,,,,,,,,,,,,,,,,,,,,,,,,,,,,,,,,,,,,,
Default/0,"iri,head,10,-336.4,-0.5,0,4,1,1,0","iri,neck,11,-298.4,-4,0,7,1,1,0","iri,body,7.6,-180.4,-1.5,0,6,1,1,0","iri,arm_up,-110.4,-236.2,-66,0,6,1,1,0","iri,arm_low,-180,-221.2,-85,0,9,1,1,0","iri,fist,-233.4,-215.4,-102,0,12,1,1,0","iri,arm_up_back,109.2,-235.6,72,0,13,1,1,0","iri,arm_low,178,-224.6,86,0,15,1,1,0","iri,fist_back,236.4,-223.2,73,0,21,1,1,0","iri,leg_up,-28,-88.4,-20.2,0,8,1,1,0","iri,leg_low,-38,-62.4,-21,0,14,1,1,0","iri,foot,-24.8,-17.4,-2.6,0,13,1,1,0","iri,leg_up,44,-84.4,10.7,0,12,1,1,0","iri,leg_low,49,-51.4,13.5,0,15,1,1,0","iri,foot,75.2,-18.4,5.5,0,15,1,1,0",,,"iri,minibag,-27.6,-115.2,-5,0,5,1,1,0",,,,,,,,,,,,,,,,,,,,,,,,,,,"iri,backpack,-42,-230.8,1,0,16,1,1,0",,,,,,,,,,,,,,,,,,,,,,,,,,,,,,,,,,,,,,,,,,,,,,,,,,,,,,,,,,,,,,,,,,,,,,,,,,
Die/0,"iri,bad,55,-321.4,-17.5,0,4,1,1,0","iri,neck,44,-272.4,-14,0,7,1,1,0","iri,body,19.6,-176.4,-14.5,0,6,1,1,0","iri,arm_up,-74.4,-213.2,-29,0,6,1,1,0","iri,arm_low,-118,-145.6,-22,0,15,1,1,0","iri,open_back,-148.4,-90.2,-16,0,17,1,1,0","iri,arm_up_back,91.2,-221.6,74,0,13,1,1,0","iri,arm_low,149.2,-240,165,0,15,1,1,0","iri,open,147.6,-298,173,1,17,1,1,0","iri,leg_up,-43,-86.4,-26,0,8,1,1,0","iri,leg_low,-57,-62.4,-27,0,14,1,1,0","iri,foot,-48.8,-19.4,-7.6,0,13,1,1,0","iri,leg_up,50,-84.4,24.7,0,12,1,1,0","iri,leg_low,68,-55.4,20.5,0,15,1,1,0","iri,foot,90.2,-18.4,5.5,0,15,1,1,0","iri,base,3.2,-122.4,72,0,14,1,1,0",,"iri,minibag,-25.6,-117.2,-19,0,5,1,1,0",,,,,,,,,,,,,,,,,,,,,,,,,,,"iri,backpack,-20,-222.8,-12,0,16,1,1,0",,,,,,,,,,,,,,,,,,,,,,,,,,,,,,,,,,,,,,,,,,,,,,,,,,,,,,,,,,,,,,,,,,,,,,,,,,
Die/1,"iri,bad,134,-296,-44.5,0,4,1,1,0","iri,neck,93.8,-271.2,-41,0,7,1,1,0","iri,body,47.6,-176.4,-28.5,0,6,1,1,0","iri,arm_up,-26.4,-237.2,-40,0,6,1,1,0","iri,arm_low,-94,-179.6,-39,0,15,1,1,0","iri,open_back,-132.4,-125.2,-11,0,17,1,1,0","iri,arm_up_back,129.2,-201.6,38,0,13,1,1,0","iri,arm_low,201.2,-160,83,0,15,1,1,0","iri,open,256.8,-157,65,1,17,1,1,0","iri,leg_up,-23,-102.4,-41,0,8,1,1,0","iri,leg_low,-53,-72.4,-42,0,14,1,1,0","iri,foot,-66.8,-37.4,-41.6,0,13,1,1,0","iri,leg_up,50,-84.4,49.7,0,12,1,1,0","iri,leg_low,60,-55.4,-19.5,0,15,1,1,0","iri,foot,84.2,-18.4,0.5,0,15,1,1,0","iri,base,11.2,-128.4,55,0,14,1,1,0",,"iri,minibag,-11.6,-131.2,-29,0,5,1,1,0",,,,,,,,,,,,,,,,,,,,,,,,,,,"iri,backpack,18,-208.8,-26,0,16,1,1,0",,,,,,,,,,,,,,,,,,,,,,,,,,,,,,,,,,,,,,,,,,,,,,,,,,,,,,,,,,,,,,,,,,,,,,,,,,
Die/2,"iri,hurt,228.2,-193.6,-85.5,0,4,1,1,0","iri,neck,190,-196.8,-74,0,7,1,1,0","iri,body,87.6,-152.4,-58.5,0,6,1,1,0","iri,arm_up,47.6,-247.2,-80,0,6,1,1,0","iri,arm_low,-36,-228.8,-68,0,15,1,1,0","iri,fist,-88.4,-211.6,-88,0,16,1,1,0","iri,arm_up_back,173.2,-108.6,34,0,13,1,1,0","iri,arm_low,247.2,-71,88,0,15,1,1,0","iri,open,310.8,-71,79,1,17,1,1,0","iri,leg_up,-12,-125.4,-72,0,8,1,1,0","iri,leg_low,-50,-115.4,-64,0,14,1,1,0","iri,foot,-84.8,-91.4,-87.6,0,13,1,1,0","iri,leg_up,56,-84.4,60.7,0,12,1,1,0","iri,leg_low,60,-53.4,-26.5,0,15,1,1,0","iri,foot,79.2,-18.4,-13.5,0,15,1,1,0","iri,base,35.2,-112.4,33,0,14,1,1,0",,"iri,minibag,14.4,-151.2,-60,0,5,1,1,0",,,,,,,,,,,,,,,,,,,,,,,,,,,"iri,backpack,113,-212.8,-53,0,18,1,1,0",,,,,,,,,,,,,,,,,,,,,,,,,,,,,,,,,,,,,,,,,,,,,,,,,,,,,,,,,,,,,,,,,,,,,,,,,,
Die/3,"iri,bad,232.2,-158.6,-98.5,0,4,1,1,0","iri,neck,190,-166.8,-84,0,7,1,1,0","iri,body,90.6,-128.4,-71.5,0,6,1,1,0","iri,arm_up,87.6,-233.2,-88,0,6,1,1,0","iri,arm_low,14,-232.8,-74,0,15,1,1,0","iri,open_back,-42.4,-217.6,-63,0,16,1,1,0","iri,arm_up_back,173.2,-108.6,48,0,13,1,1,0","iri,arm_low,247.2,-70,72,0,15,1,1,0","iri,open,310.8,-57,59,1,17,1,1,0","iri,leg_up,-16,-131.4,-67,0,8,1,1,0","iri,leg_low,-53,-117.4,-64,0,14,1,1,0","iri,foot,-80.8,-97.4,-103.6,0,13,1,1,0","iri,leg_up,36,-84.4,60.7,0,12,1,1,0","iri,leg_low,30,-49.4,-33.5,0,15,1,1,0","iri,foot,47.2,-12.4,-16.5,0,15,1,1,0","iri,base,35.2,-118.4,27,0,14,1,1,0",,"iri,minibag,14.4,-157.2,-71,0,5,1,1,0",,,,,,,,,,,,,,,,,,,,,,,,,,,"iri,backpack,118,-194.8,-61,0,18,1,1,0",,,,,,,,,,,,,,,,,,,,,,,,,,,,,,,,,,,,,,,,,,,,,,,,,,,,,,,,,,,,,,,,,,,,,,,,hold,,
Die/4,"iri,hurt,262,-125.4,-70.5,0,4,1,1,0","iri,neck,222.8,-124.6,-74,0,7,1,1,0","iri,body,97.6,-118.4,-86.5,0,6,1,1,0","iri,arm_up,133.4,-200,-101,0,6,1,1,0","iri,arm_low,44.8,-230.6,-105,0,15,1,1,0","iri,open_back,-7.6,-244.4,-81,0,16,1,1,0","iri,arm_up_back,195.2,-54.6,83,1,13,1,1,0","iri,arm_low,265.2,-36,88,0,15,1,1,0","iri,open,328,-41,86,1,17,1,1,0","iri,leg_up,-5,-143.4,-81,0,8,1,1,0","iri,leg_low,-37,-141.4,-79,0,14,1,1,0","iri,foot,-68.8,-125.4,-111.6,0,13,1,1,0","iri,leg_up,26,-70.4,47.7,0,12,1,1,0","iri,leg_low,6,-45.4,-32.5,0,15,1,1,0","iri,foot,-13.8,-8.4,-52.5,0,15,1,1,0","iri,base,35.2,-134.4,4,0,14,1,1,0",,"iri,minibag,14.4,-151.2,-60,0,5,1,1,0",,,,,,,,,,,,,,,,,,,,,,,,,,,"iri,backpack,140,-170.8,-73,0,18,1,1,0",,,,,,,,,,,,,,,,,,,,,,,,,,,,,,,,,,,,,,,,,,,,,,,,,,,,,,,,,,,,,,,,,,,,,,,,,,
Die/5,"iri,bad,262,-91.4,-60.5,0,4,1,1,0","iri,neck,220.8,-74.6,-70,0,7,1,1,0","iri,body,103.6,-90.4,-108.5,0,6,1,1,0","iri,arm_up,133.4,-176,-115,0,6,1,1,0","iri,arm_low,59.8,-225.6,-119,0,15,1,1,0","iri,open_back,13.4,-257.4,-100,0,16,1,1,0","iri,arm_up_back,207.2,-14.6,83,1,13,1,1,0","iri,arm_low,277.2,-10,107,0,15,1,1,0","iri,open,320,-38,116,1,17,1,1,0","iri,leg_up,7,-160.4,-120,0,8,1,1,0","iri,leg_low,-16.4,-178.8,-143,0,14,1,1,0","iri,foot,-52.8,-202.4,-158,0,13,1,1,0","iri,leg_up,10,-68.4,103.7,0,12,1,1,0","iri,leg_low,-22,-57.4,-40.5,0,15,1,1,0","iri,foot,-48.8,-30.4,-90.5,0,15,1,1,0","iri,base,45.2,-120.4,1,0,14,1,1,0",,"iri,minibag,54.4,-141.2,-111,0,5,1,1,0",,,,,,,,,,,,,,,,,,,,,,,,,,,"iri,backpack,140,-130.8,-81,0,18,1,1,0",,,,,,,,,,,,,,,,,,,,,,,,,,,,,,,,,,,,,,,,,,,,,,,,,,,,,,,,,,,,,,,,,,,,,,,,,,
Die/6,"iri,bad,262,-75.4,-70.5,0,4,1,1,0","iri,neck,220.8,-74.6,-70,0,7,1,1,0","iri,body,103.6,-78.4,-101.5,0,6,1,1,0","iri,arm_up,129.4,-170,-102,0,6,1,1,0","iri,arm_low,37.8,-209.6,-105,0,15,1,1,0","iri,open_back,-22.6,-226.4,-83,0,16,1,1,0","iri,arm_up_back,207.2,-14.6,83,1,13,1,1,0","iri,arm_low,277.2,2,88,0,15,1,1,0","iri,open,320,-12,86,1,17,1,1,0","iri,leg_up,5,-138.4,-106,0,8,1,1,0","iri,leg_low,-24.4,-146.8,-137,0,14,1,1,0","iri,foot,-70.8,-164.4,-135,0,13,1,1,0","iri,leg_up,10,-54.4,-73.3,0,12,1,1,0","iri,leg_low,-28,-40.4,-71,0,15,1,1,0","iri,foot,-57.8,-27.4,-105.5,0,15,1,1,0","iri,base,41.2,-106.4,-10,0,14,1,1,0",,"iri,minibag,56.4,-127.2,-111,0,5,1,1,0",,,,,,,,,,,,,,,,,,,,,,,,,,,"iri,backpack,140,-112.8,-78,0,18,1,1,0",,,,,,,,,,,,,,,,,,,,,,,,,,,,,,,,,,,,,,,,,,,,,,,,,,,,,,,,,,,,,,,,,,,,,,,,,,
Die/7,"iri,bad,262,-61.4,-79.5,0,4,1,1,0","iri,neck,220.8,-74.6,-70,0,7,1,1,0","iri,body,103.6,-64.4,-91.5,0,6,1,1,0","iri,arm_up,133.4,-162,-103,0,6,1,1,0","iri,arm_low,37.8,-195.6,-98,0,15,1,1,0","iri,open_back,-22.6,-196.4,-71,0,16,1,1,0","iri,arm_up_back,207.2,-14.6,83,1,13,1,1,0","iri,arm_low,277.2,2,88,0,15,1,1,0","iri,open,320,-2,76,1,17,1,1,0","iri,leg_up,5,-110.4,-98,0,8,1,1,0","iri,leg_low,-24.4,-112.8,-121,0,14,1,1,0","iri,foot,-76.8,-108.4,-123,0,13,1,1,0","iri,leg_up,10,-38.4,-66,0,12,1,1,0","iri,leg_low,-28,-25.4,-71,0,15,1,1,0","iri,foot,-57.8,-12.4,-105.5,0,15,1,1,0","iri,base,47.2,-80.4,-4,0,14,1,1,0",,"iri,minibag,46.4,-103.2,-95,0,5,1,1,0",,,,,,,,,,,,,,,,,,,,,,,,,,,"iri,backpack,140,-102.8,-75,0,18,1,1,0",,,,,,,,,,,,,,,,,,,,,,,,,,,,,,,,,,,,,,,,,,,,,,,,,,,,,,,,,,,,,,,,,,,,,,,,,,
Die/8,"iri,bad,262,-53.4,-99.5,0,4,1,1,0","iri,neck,214.8,-58.6,-70,0,7,1,1,0","iri,body,103.6,-64.4,-91.5,0,6,1,1,0","iri,arm_up,133.4,-134,-79,0,6,1,1,0","iri,arm_low,31.8,-137.6,-78,0,15,1,1,0","iri,open_back,-27.2,-118.4,-38,0,16,1,1,0","iri,arm_up_back,207.2,-14.6,83,1,13,1,1,0","iri,arm_low,277.2,2,88,0,15,1,1,0","iri,open,320,-2,86,0,17,1,1,0","iri,leg_up,5,-88.4,-66,0,8,1,1,0","iri,leg_low,-18.4,-70.8,-85,0,14,1,1,0","iri,foot,-53.6,-45.2,-92,0,13,1,1,0","iri,leg_up,10,-28.4,-86,0,12,1,1,0","iri,leg_low,-28,-18.4,-68,0,15,1,1,0","iri,foot,-57.8,-0.4,-95.5,0,15,1,1,0","iri,base,47.2,-80.4,-4,0,14,1,1,0",,"iri,minibag,40.4,-95.2,-67,0,5,1,1,0",,,,,,,,,,,,,,,,,,,,,,,,,,,"iri,backpack,140,-101.8,-73,0,18,1,1,0",,,,,,,,,,,,,,,,,,,,,,,,,,,,,,,,,,,,,,,,,,,,,,,,,,,,,,,,,,,,,,,,,,,,,,,,,,
Idle/0,"iri,head,19,-337.4,-7.5,0,4,1,1,0","iri,neck,18,-278.4,-16,0,7,1,1,0","iri,body,7.6,-180.4,-7.5,0,6,1,1,0","iri,arm_up,-84.4,-213.2,-21,0,6,1,1,0","iri,arm_low,-108,-145.6,10,0,15,1,1,0","iri,open_back,-92.4,-105.2,34,0,14,1,1,0","iri,arm_up_back,71.2,-233.6,66,0,13,1,1,0","iri,arm_low,91.2,-258,-145,0,15,1,1,0","iri,open,51.2,-295.6,-133,0,17,1,1,0","iri,leg_up,-43,-86.4,-26,0,8,1,1,0","iri,leg_low,-57,-62.4,-27,0,14,1,1,0","iri,foot,-48.8,-19.4,-7.6,0,13,1,1,0","iri,leg_up,44,-84.4,14.7,0,12,1,1,0","iri,leg_low,64,-55.4,20.5,0,15,1,1,0","iri,foot,90.2,-18.4,5.5,0,15,1,1,0","iri,base,-6.8,-122.4,87,0,14,1,1,0",,"iri,minibag,-33.6,-113.2,-11,0,5,1,1,0",,,,,,,,,,,,,,,,,,,,,,,,,,,"iri,backpack,-27,-240.8,-6,0,16,1,1,0",,,,,,,,,,,,,,,,,,,,,,,,,,,,,,,,,,,,,,,,,,,,,,,,,,,,,,,,,,,,,,,,,,,,,,,,play_time_mod_2,,
Idle/1,"iri,head,23,-333.4,-7.5,0,4,1,1,0","iri,neck,22,-274.4,-18,0,7,1,1,0","iri,body,7.6,-176.4,-9.5,0,6,1,1,0","iri,arm_up,-84.4,-209.2,-21,0,6,1,1,0","iri,arm_low,-104,-141.6,13,0,15,1,1,0","iri,open_back,-88.4,-101.2,38,0,14,1,1,0","iri,arm_up_back,71.2,-219.6,72,0,13,1,1,0","iri,arm_low,101.2,-240,-142,0,15,1,1,0","iri,open,61.2,-277.6,-133,0,17,1,1,0","iri,leg_up,-43,-86.4,-26,0,8,1,1,0","iri,leg_low,-57,-62.4,-27,0,14,1,1,0","iri,foot,-48.8,-19.4,-10.6,0,13,1,1,0","iri,leg_up,44,-84.4,14.7,0,12,1,1,0","iri,leg_low,64,-55.4,20.5,0,15,1,1,0","iri,foot,90.2,-18.4,5.5,0,15,1,1,0","iri,base,-6.8,-118.4,83,0,14,1,1,0",,"iri,minibag,-33.6,-109.2,-8,0,5,1,1,0",,,,,,,,,,,,,,,,,,,,,,,,,,,"iri,backpack,-30,-236.8,-8,0,16,1,1,0",,,,,,,,,,,,,,,,,,,,,,,,,,,,,,,,,,,,,,,,,,,,,,,,,,,,,,,,,,,,,,,,,,,,,,,,play_time_mod_1.2,,
Idle/2,"iri,head,31,-329.4,-9.5,0,4,1,1,0","iri,neck,30,-270.4,-20,0,7,1,1,0","iri,body,11.6,-172.4,-11.5,0,6,1,1,0","iri,arm_up,-84.4,-215.2,-24,0,6,1,1,0","iri,arm_low,-104,-141.6,17,0,15,1,1,0","iri,open_back,-88.4,-105.2,44,0,14,1,1,0","iri,arm_up_back,67.2,-215.6,67,0,13,1,1,0","iri,arm_low,95.2,-234,-142,0,15,1,1,0","iri,open,65.2,-263.6,-133,0,17,1,1,0","iri,leg_up,-43,-86.4,-26,0,8,1,1,0","iri,leg_low,-57,-62.4,-27,0,14,1,1,0","iri,foot,-52.8,-19.4,-10.6,0,13,1,1,0","iri,leg_up,48,-84.4,35.7,0,12,1,1,0","iri,leg_low,64,-55.4,5.5,0,15,1,1,0","iri,foot,90.2,-18.4,8.5,0,15,1,1,0","iri,base,-6.8,-118.4,83,0,14,1,1,0",,"iri,minibag,-33.6,-109.2,-11,0,5,1,1,0",,,,,,,,,,,,,,,,,,,,,,,,,,,"iri,backpack,-24,-236.8,-11,0,16,1,1,0",,,,,,,,,,,,,,,,,,,,,,,,,,,,,,,,,,,,,,,,,,,,,,,,,,,,,,,,,,,,,,,,,,,,,,,,play_time_mod_1.5,,
Idle/3,"iri,head,45,-323.4,-6.5,0,4,1,1,0","iri,neck,36,-270.4,-20,0,7,1,1,0","iri,body,15.6,-168.4,-15.5,0,6,1,1,0","iri,arm_up,-74.4,-215.2,-28,0,6,1,1,0","iri,arm_low,-92,-141.6,15,0,15,1,1,0","iri,open_back,-82.4,-111.2,40,0,14,1,1,0","iri,arm_up_back,75.2,-211.6,64,0,13,1,1,0","iri,arm_low,103.2,-230,-145,0,15,1,1,0","iri,open,73.2,-259.6,-136,0,17,1,1,0","iri,leg_up,-45,-88.4,-29,0,8,1,1,0","iri,leg_low,-61,-62.4,-34,0,14,1,1,0","iri,foot,-56.8,-19.4,-10.6,0,13,1,1,0","iri,leg_up,52,-80.4,46.7,0,12,1,1,0","iri,leg_low,64,-55.4,5.5,0,15,1,1,0","iri,foot,90.2,-18.4,8.5,0,15,1,1,0","iri,base,-2.8,-118.4,79,0,14,1,1,0",,"iri,minibag,-33.6,-107.2,-20,0,5,1,1,0",,,,,,,,,,,,,,,,,,,,,,,,,,,"iri,backpack,-20,-232.8,-16,0,16,1,1,0",,,,,,,,,,,,,,,,,,,,,,,,,,,,,,,,,,,,,,,,,,,,,,,,,,,,,,,,,,,,,,,,,,,,,,,,play_time_mod_1.8,,
Idle/4,"iri,head,49,-317.4,-6.5,0,4,1,1,0","iri,neck,40,-264.4,-20,0,7,1,1,0","iri,body,19.6,-162.4,-15.5,0,6,1,1,0","iri,arm_up,-68.4,-211.2,-28,0,6,1,1,0","iri,arm_low,-90,-137.6,16,0,15,1,1,0","iri,open_back,-78.4,-111.2,39,0,14,1,1,0","iri,arm_up_back,79.2,-207.6,64,0,13,1,1,0","iri,arm_low,107.2,-226,-145,0,15,1,1,0","iri,open,77.2,-255.6,-136,0,17,1,1,0","iri,leg_up,-45,-88.4,-29,0,8,1,1,0","iri,leg_low,-61,-62.4,-34,0,14,1,1,0","iri,foot,-56.8,-19.4,-10.6,0,13,1,1,0","iri,leg_up,52,-80.4,46.7,0,12,1,1,0","iri,leg_low,64,-55.4,5.5,0,15,1,1,0","iri,foot,90.2,-18.4,8.5,0,15,1,1,0","iri,base,-2.8,-112.4,77,0,14,1,1,0",,"iri,minibag,-29.6,-107.2,-10,0,5,1,1,0",,,,,,,,,,,,,,,,,,,,,,,,,,,"iri,backpack,-20,-228.8,-18,0,16,1,1,0",,,,,,,,,,,,,,,,,,,,,,,,,,,,,,,,,,,,,,,,,,,,,,,,,,,,,,,,,,,,,,,,,,,,,,,,play_time_mod_1.5,,
Idle/5,"iri,head,45,-323.4,-6.5,0,4,1,1,0","iri,neck,36,-270.4,-20,0,7,1,1,0","iri,body,15.6,-168.4,-15.5,0,6,1,1,0","iri,arm_up,-74.4,-215.2,-28,0,6,1,1,0","iri,arm_low,-92,-141.6,15,0,15,1,1,0","iri,open_back,-82.4,-111.2,40,0,14,1,1,0","iri,arm_up_back,75.2,-211.6,64,0,13,1,1,0","iri,arm_low,103.2,-230,-145,0,15,1,1,0","iri,open,73.2,-259.6,-136,0,17,1,1,0","iri,leg_up,-45,-88.4,-29,0,8,1,1,0","iri,leg_low,-61,-62.4,-34,0,14,1,1,0","iri,foot,-56.8,-19.4,-10.6,0,13,1,1,0","iri,leg_up,52,-80.4,46.7,0,12,1,1,0","iri,leg_low,64,-55.4,5.5,0,15,1,1,0","iri,foot,90.2,-18.4,8.5,0,15,1,1,0","iri,base,-2.8,-118.4,79,0,14,1,1,0",,"iri,minibag,-33.6,-107.2,-20,0,5,1,1,0",,,,,,,,,,,,,,,,,,,,,,,,,,,"iri,backpack,-20,-232.8,-16,0,16,1,1,0",,,,,,,,,,,,,,,,,,,,,,,,,,,,,,,,,,,,,,,,,,,,,,,,,,,,,,,,,,,,,,,,,,,,,,,,play_time_mod_1.2,,
Idle/6,"iri,head,31,-329.4,-9.5,0,4,1,1,0","iri,neck,30,-270.4,-20,0,7,1,1,0","iri,body,11.6,-172.4,-11.5,0,6,1,1,0","iri,arm_up,-84.4,-215.2,-24,0,6,1,1,0","iri,arm_low,-100,-141.6,20,0,15,1,1,0","iri,open_back,-86.4,-105.2,34,0,14,1,1,0","iri,arm_up_back,67.2,-215.6,67,0,13,1,1,0","iri,arm_low,95.2,-234,-142,0,15,1,1,0","iri,open,65.2,-263.6,-133,0,17,1,1,0","iri,leg_up,-43,-86.4,-26,0,8,1,1,0","iri,leg_low,-57,-62.4,-27,0,14,1,1,0","iri,foot,-52.8,-19.4,-10.6,0,13,1,1,0","iri,leg_up,48,-84.4,35.7,0,12,1,1,0","iri,leg_low,64,-55.4,5.5,0,15,1,1,0","iri,foot,90.2,-18.4,8.5,0,15,1,1,0","iri,base,-6.8,-118.4,85,0,14,1,1,0",,"iri,minibag,-33.6,-109.2,-11,0,5,1,1,0",,,,,,,,,,,,,,,,,,,,,,,,,,,"iri,backpack,-24,-236.8,-11,0,16,1,1,0",,,,,,,,,,,,,,,,,,,,,,,,,,,,,,,,,,,,,,,,,,,,,,,,,,,,,,,,,,,,,,,,,,,,,,,,,,
Idle/7,"iri,head,23,-333.4,-7.5,0,4,1,1,0","iri,neck,22,-274.4,-18,0,7,1,1,0","iri,body,7.6,-176.4,-9.5,0,6,1,1,0","iri,arm_up,-84.4,-209.2,-21,0,6,1,1,0","iri,arm_low,-104,-141.6,14,0,15,1,1,0","iri,open_back,-86.4,-97.2,38,0,14,1,1,0","iri,arm_up_back,71.2,-219.6,72,0,13,1,1,0","iri,arm_low,101.2,-240,-142,0,15,1,1,0","iri,open,61.2,-277.6,-133,0,17,1,1,0","iri,leg_up,-43,-86.4,-26,0,8,1,1,0","iri,leg_low,-57,-62.4,-27,0,14,1,1,0","iri,foot,-48.8,-19.4,-10.6,0,13,1,1,0","iri,leg_up,44,-84.4,14.7,0,12,1,1,0","iri,leg_low,64,-55.4,20.5,0,15,1,1,0","iri,foot,90.2,-18.4,5.5,0,15,1,1,0","iri,base,-6.8,-118.4,85,0,14,1,1,0",,"iri,minibag,-33.6,-109.2,-8,0,5,1,1,0",,,,,,,,,,,,,,,,,,,,,,,,,,,"iri,backpack,-28,-236.8,-8,0,16,1,1,0",,,,,,,,,,,,,,,,,,,,,,,,,,,,,,,,,,,,,,,,,,,,,,,,,,,,,,,,,,,,,,,,,,,,,,,,,,
Knockdown/0,"iri,head,-5,-336.4,6.5,0,4,1,1,0","iri,neck,1,-288.4,23,0,7,1,1,0","iri,body,1.6,-180.4,1.5,0,6,1,1,0","iri,arm_up,-96.4,-213.2,-29,0,6,1,1,0","iri,arm_low,-126,-145.6,-3,0,15,1,1,0","iri,open_back,-134.4,-87.2,4,0,15,1,1,0","iri,arm_up_back,59.2,-245.6,84,0,13,1,1,0","iri,arm_low,101.2,-276,-172,0,15,1,1,0","iri,open_back,83.6,-334,-174,1,17,1,1,0","iri,leg_up,-43,-86.4,-26,0,8,1,1,0","iri,leg_low,-57,-62.4,-27,0,14,1,1,0","iri,foot,-48.8,-19.4,-7.6,0,13,1,1,0","iri,leg_up,50,-84.4,24.7,0,12,1,1,0","iri,leg_low,68,-55.4,20.5,0,15,1,1,0","iri,foot,90.2,-18.4,5.5,0,15,1,1,0","iri,base,-6.8,-122.4,96,0,14,1,1,0",,"iri,minibag,-31.6,-113.2,3,0,5,1,1,0",,,,,,,,,,,,,,,,,,,,,,,,,,,"iri,backpack,-41,-240.8,2,0,16,1,1,0",,,,,,,,,,,,,,,,,,,,,,,,,,,,,,,,,,,,,,,,,,,,,,,,,,,,,,,,,,,,,,,,,,,,,,,,,play_time_mod_0.5,
Knockdown/1,"iri,bad,-71,-335.4,23.5,0,4,1,1,0","iri,neck,-50,-304.4,20,0,7,1,1,0","iri,body,-22.4,-188.4,15.5,0,6,1,1,0","iri,arm_up,-130.4,-195.2,-29,0,6,1,1,0","iri,arm_low,-168,-153.6,-21,0,15,1,1,0","iri,open_back,-211.4,-91.2,-25,0,16,1,1,0","iri,arm_up_back,41.2,-263.6,96,0,13,1,1,0","iri,arm_low,95.2,-302,159,0,15,1,1,0","iri,open_back,107.6,-358,148,1,17,1,1,0","iri,leg_up,-41,-94.4,-33,0,8,1,1,0","iri,leg_low,-53,-74.4,-27,0,14,1,1,0","iri,foot,-54.8,-37.4,-19.6,0,13,1,1,0","iri,leg_up,52,-110.4,35.7,0,12,1,1,0","iri,leg_low,74,-81.4,20.5,0,15,1,1,0","iri,foot,96.2,-44.4,-7.5,0,15,1,1,0","iri,base,-12.8,-130.4,102,0,14,1,1,0",,"iri,minibag,-39.6,-127.2,22,0,5,1,1,0",,,,,,,,,,,,,,,,,,,,,,,,,,,"iri,backpack,-71,-236.8,10,0,16,1,1,0",,,,,,,,,,,,,,,,,,,,,,,,,,,,,,,,,,,,,,,,,,,,,,,,,,,,,,,,,,,,,,,,,,,,,,,,,play_time_mod_0.5,
Knockdown/2,"iri,hurt,-123,-342.4,54.5,0,4,1,1,0","iri,neck,-94.8,-313.6,38,0,7,1,1,0","iri,body,-36.4,-218.4,26.5,0,6,1,1,0","iri,arm_up,-152.4,-201.2,-12,0,6,1,1,0","iri,arm_low,-163.6,-142.4,1,0,15,1,1,0","iri,open_back,-162.4,-79.6,21,0,16,1,1,0","iri,arm_up_back,25.2,-305.6,89,0,13,1,1,0","iri,arm_low,81.2,-320,105,0,15,1,1,0","iri,open_back,133.2,-342.8,95,1,17,1,1,0","iri,leg_up,-43,-130.4,-19,0,8,1,1,0","iri,leg_low,-49,-96.4,-21,0,14,1,1,0","iri,foot,-30.8,-45.4,-6.6,0,13,1,1,0","iri,leg_up,46,-136.4,64.7,0,12,1,1,0","iri,leg_low,72,-123.4,34.5,0,15,1,1,0","iri,foot,108.2,-92.4,14.5,0,15,1,1,0","iri,base,-22.8,-162.4,111,0,14,1,1,0",,"iri,minibag,-49.6,-147.2,53,0,5,1,1,0",,,,,,,,,,,,,,,,,,,,,,,,,,,"iri,backpack,-100,-242.8,44,0,16,1,1,0",,,,,,,,,,,,,,,,,,,,,,,,,,,,,,,,,,,,,,,,,,,,,,,,,,,,,,,,,,,,,,,,,,,,,,,,hold,play_time_mod_0.5,
Knockdown/3,"iri,hurt,-153,-319.4,63.5,0,4,1,1,0","iri,neck,-112.8,-297.6,51,0,7,1,1,0","iri,body,-36.4,-218.4,41.5,0,6,1,1,0","iri,arm_up,-152.4,-179.2,6,0,6,1,1,0","iri,arm_low,-131.6,-110.4,42,0,15,1,1,0","iri,open,-90.8,-84,46,0,16,1,1,0","iri,arm_up_back,-6.8,-313.6,94,0,13,1,1,0","iri,arm_low,65.2,-340,123,0,15,1,1,0","iri,open_back,105.2,-370.8,109,1,17,1,1,0","iri,leg_up,-19,-124.4,-4,0,8,1,1,0","iri,leg_low,-7,-110.4,-4,0,14,1,1,0","iri,foot,17.2,-59.4,-11.6,0,13,1,1,0","iri,leg_up,52.8,-167.2,64.7,0,12,1,1,0","iri,leg_low,70.8,-158.4,34.5,0,15,1,1,0","iri,foot,114.8,-136,14.5,0,15,1,1,0","iri,base,-20.8,-162.4,133,0,14,1,1,0",,"iri,minibag,-49.6,-147.2,53,0,5,1,1,0",,,,,,,,,,,,,,,,,,,,,,,,,,,"iri,backpack,-96,-242.8,45,0,16,1,1,0",,,,,,,,,,,,,,,,,,,,,,,,,,,,,,,,,,,,,,,,,,,,,,,,,,,,,,,,,,,,,,,,,,,,,,,,,play_time_mod_0.5,
Knockdown/4,"iri,bad,-215.8,-188.8,94.5,0,4,1,1,0","iri,neck,-172,-200,95,0,7,1,1,0","iri,body,-60.4,-166.4,67.5,0,6,1,1,0","iri,arm_up,-116,-97.2,57,0,6,1,1,0","iri,arm_low,-48.4,-54,67,0,15,1,1,0","iri,open,-17.6,-46,65,0,16,1,1,0","iri,arm_up_back,-75.2,-244.4,94,0,13,1,1,0","iri,arm_low,-12,-264,119,0,15,1,1,0","iri,open_back,28.8,-290.4,109,1,17,1,1,0","iri,leg_up,17,-94.4,125,0,8,1,1,0","iri,leg_low,29,-74.4,46,0,14,1,1,0","iri,foot,65.2,-41.4,6.4,0,13,1,1,0","iri,leg_up,36.8,-159.2,75.7,0,12,1,1,0","iri,leg_low,62.8,-150.4,46.5,0,15,1,1,0","iri,foot,110.8,-136,32.5,0,15,1,1,0","iri,base,-14.8,-128.4,157,0,14,1,1,0",,"iri,minibag,-23.6,-105.2,52,0,5,1,1,0",,,,,,,,,,,,,,,,,,,,,,,,,,,"iri,backpack,-130,-142.4,86,0,16,1,1,0",,,,,,,,,,,,,,,,,,,,,,,,,,,,,,,,,,,,,,,,,,,,,,,,,,,,,,,,,,,,,,,,,,,,,,,,,play_time_mod_0.5,
Knockdown/5,"iri,bad,-236.8,-92.8,86.5,0,4,1,1,0","iri,neck,-188,-88,102,0,7,1,1,0","iri,body,-74.4,-96.4,93.5,0,6,1,1,0","iri,arm_up,-82,-19.2,93,0,6,1,1,0","iri,arm_low,-14.4,-26,93,0,15,1,1,0","iri,open,41.2,-31.6,110,0,16,1,1,0","iri,arm_up_back,-121.2,-156.4,102,0,13,1,1,0","iri,arm_low,-34,-198,127,0,15,1,1,0","iri,open_back,4.8,-230.4,118,1,17,1,1,0","iri,leg_up,19,-84.4,133,0,8,1,1,0","iri,leg_low,54.8,-90.8,125,0,14,1,1,0","iri,foot,88.4,-135.6,101,0,13,1,1,0","iri,leg_up,18.8,-131.2,115.7,0,12,1,1,0","iri,leg_low,46.8,-144.4,99.5,0,15,1,1,0","iri,foot,92.4,-173.2,84.5,0,15,1,1,0","iri,base,-14.8,-86.4,-178,0,14,1,1,0",,"iri,minibag,-11.6,-67.2,121,0,5,1,1,0",,,,,,,,,,,,,,,,,,,,,,,,,,,"iri,backpack,-130,-54.4,110,0,16,1,1,0",,,,,,,,,,,,,,,,,,,,,,,,,,,,,,,,,,,,,,,,,,,,,,,,,,,,,,,,,,,,,,,,,,,,,,,,,play_time_mod_0.5,
Knockdown/6,"iri,bad,-235.8,-73.8,105.5,0,4,1,1,0","iri,neck,-188,-84,102,0,7,1,1,0","iri,body,-74.4,-92.4,93.5,0,6,1,1,0","iri,arm_up,-88,-9.2,97,0,6,1,1,0","iri,arm_low,-14.4,-2,86,0,15,1,1,0","iri,open,41.2,0.4,101,0,16,1,1,0","iri,arm_up_back,-121.2,-152.4,102,0,13,1,1,0","iri,arm_low,-34,-186,120,0,15,1,1,0","iri,open_back,4.8,-212.4,112,1,17,1,1,0","iri,leg_up,19,-74.4,133,0,8,1,1,0","iri,leg_low,54.8,-58.8,79,0,14,1,1,0","iri,foot,96.4,-63.6,72,0,13,1,1,0","iri,leg_up,18.8,-127.2,115.7,0,12,1,1,0","iri,leg_low,46.8,-128.4,89.5,0,15,1,1,0","iri,foot,92.4,-145.2,76.5,0,15,1,1,0","iri,base,-14.8,-82.4,-178,0,14,1,1,0",,"iri,minibag,-5.6,-59.2,113,0,5,1,1,0",,,,,,,,,,,,,,,,,,,,,,,,,,,"iri,backpack,-130,-48.4,110,0,16,1,1,0",,,,,,,,,,,,,,,,,,,,,,,,,,,,,,,,,,,,,,,,,,,,,,,,,,,,,,,,,,,,,,,,,,,,,,,,,play_time_mod_0.5,
Knockdown/7,"iri,bad,-234.8,-66.8,109.5,0,4,1,1,0","iri,neck,-188,-84,102,0,7,1,1,0","iri,body,-74.4,-92.4,93.5,0,6,1,1,0","iri,arm_up,-88,4.8,83,0,6,1,1,0","iri,arm_low,-14.4,24,82,0,15,1,1,0","iri,open,38.2,30.4,65,1,16,1,1,0","iri,arm_up_back,-121.2,-146.4,92,0,13,1,1,0","iri,arm_low,-34,-170,99,0,15,1,1,0","iri,open_back,12.8,-178.4,76,1,17,1,1,0","iri,leg_up,19,-62.4,123,0,8,1,1,0","iri,leg_low,54.8,-44.8,71,0,14,1,1,0","iri,foot,92.4,-43.6,63,0,13,1,1,0","iri,leg_up,18.8,-115.2,93.7,0,12,1,1,0","iri,leg_low,46.8,-108.4,69.5,0,15,1,1,0","iri,foot,94.4,-101.2,51.5,0,15,1,1,0","iri,base,-14.8,-82.4,-178,0,14,1,1,0",,"iri,minibag,-7.6,-53.2,68,0,5,1,1,0",,,,,,,,,,,,,,,,,,,,,,,,,,,"iri,backpack,-130,-48.4,110,0,16,1,1,0",,,,,,,,,,,,,,,,,,,,,,,,,,,,,,,,,,,,,,,,,,,,,,,,,,,,,,,,,,,,,,,,,,,,,,,,,play_time_mod_0.5,
Knockdown/8,"iri,bad,-230.8,-64.8,119.5,0,4,1,1,0","iri,neck,-188,-84,102,0,7,1,1,0","iri,body,-74.4,-92.4,93.5,0,6,1,1,0","iri,arm_up,-88,12.8,76,0,6,1,1,0","iri,arm_low,-14.4,40,77,0,15,1,1,0","iri,open,31.2,50.4,60,1,16,1,1,0","iri,arm_up_back,-121.2,-142.4,82,0,13,1,1,0","iri,arm_low,-34,-152,82,0,15,1,1,0","iri,open,8.8,-133.4,65,0,17,1,1,0","iri,leg_up,19,-62.4,108,0,8,1,1,0","iri,leg_low,44.8,-34.8,53,0,14,1,1,0","iri,foot,86.4,-17.6,36,0,13,1,1,0","iri,leg_up,18.8,-115.2,93.7,0,12,1,1,0","iri,leg_low,46.8,-92.4,56.5,0,15,1,1,0","iri,foot,88.4,-77.2,36.5,0,15,1,1,0","iri,base,-14.8,-82.4,-178,0,14,1,1,0",,"iri,minibag,-5.6,-57.2,44,0,5,1,1,0",,,,,,,,,,,,,,,,,,,,,,,,,,,"iri,backpack,-128,-48.4,108,0,16,1,1,0",,,,,,,,,,,,,,,,,,,,,,,,,,,,,,,,,,,,,,,,,,,,,,,,,,,,,,,,,,,,,,,,,,,,,,,,,play_time_mod_0.5,
Run/0,"iri,head,53,-335.4,-6.5,0,4,1,1,0","iri,neck,48.8,-287.6,-3,0,7,1,1,0","iri,body,19.6,-180.4,-16.5,0,6,1,1,0","iri,arm_up,-62.4,-231.2,-34,0,6,1,1,0","iri,arm_low,-98,-161.6,5,0,15,1,1,0","iri,open_back,-96.4,-131.2,21,0,14,1,1,0","iri,arm_up_back,77.2,-217.6,66,0,13,1,1,0","iri,arm_low,97.2,-242,-145,0,15,1,1,0","iri,open,57.2,-279.6,-133,0,17,1,1,0","iri,leg_up,-37,-86.4,-26,0,8,1,1,0","iri,leg_low,-45,-62.4,-21,0,14,1,1,0","iri,foot,-36.8,-19.4,-7.6,0,13,1,1,0","iri,leg_up,44,-84.4,14.7,0,12,1,1,0","iri,leg_low,44,-69.4,-19.5,0,15,1,1,0","iri,foot,60.2,-44.4,-21.5,0,15,1,1,0","iri,base,-6.8,-132.4,77,0,14,1,1,0",,"iri,minibag,-33.6,-121.2,-19,0,5,1,1,0",,,,,,,,,,,,,,,,,,,,,,,,,,,"iri,backpack,-16,-234.8,-16,0,16,1,1,0",,,,,,,,,,,,,,,,,,,,,,,,,,,,,,,,,,,,,,,,,,,,,,,,,,,,,,,,,,,,,,,,,,,,,,,,,play_time_mod_0.9,
Run/1,"iri,head,63,-329.4,-8.5,0,4,1,1,0","iri,neck,56.8,-277.6,-14,0,7,1,1,0","iri,body,19.6,-180.4,-22.5,0,6,1,1,0","iri,arm_up,-64.4,-241.2,-47,0,6,1,1,0","iri,arm_low,-100,-161.6,12,0,15,1,1,0","iri,open_back,-100.4,-149.2,24,0,14,1,1,0","iri,arm_up_back,91.2,-217.6,62,0,13,1,1,0","iri,arm_low,111.2,-242,-149,0,15,1,1,0","iri,open,71.2,-279.6,-137,0,17,1,1,0","iri,leg_up,-55,-93.4,-35,0,8,1,1,0","iri,leg_low,-69,-62.4,-27,0,14,1,1,0","iri,foot,-66.8,-19.4,-5.6,0,13,1,1,0","iri,leg_up,44,-84.4,35.7,0,12,1,1,0","iri,leg_low,64,-63.4,-19.5,0,15,1,1,0","iri,foot,94.2,-36.4,-0.5,0,15,1,1,0","iri,base,-12.8,-134.4,68,0,14,1,1,0",,"iri,minibag,-39.6,-133.2,-29,0,5,1,1,0",,,,,,,,,,,,,,,,,,,,,,,,,,,"iri,backpack,-8,-228.8,-33,0,16,1,1,0",,,,,,,,,,,,,,,,,,,,,,,,,,,,,,,,,,,,,,,,,,,,,,,,,,,,,,,,,,,,,,,,,,,,,,,,,play_time_mod_0.9,
Run/2,"iri,head,75,-319.4,-12.5,0,4,1,1,0","iri,neck,62.8,-267.6,-20,0,7,1,1,0","iri,body,23.6,-172.4,-24.5,0,6,1,1,0","iri,arm_up,-52.4,-237.2,-45,0,6,1,1,0","iri,arm_low,-94,-183.6,5,0,15,1,1,0","iri,open_back,-96.4,-143.2,14,0,14,1,1,0","iri,arm_up_back,99.2,-213.6,62,0,13,1,1,0","iri,arm_low,119.2,-238,-149,0,15,1,1,0","iri,open,79.2,-275.6,-137,0,17,1,1,0","iri,leg_up,-49,-88.4,-43,0,8,1,1,0","iri,leg_low,-81,-68.4,-49,0,14,1,1,0","iri,foot,-118.8,-51.4,-112,0,13,1,1,0","iri,leg_up,46,-72.4,38.7,0,12,1,1,0","iri,leg_low,70,-52.4,-13.5,0,15,1,1,0","iri,foot,108.2,-20.4,11.5,0,15,1,1,0","iri,base,-14.8,-128.4,68,0,14,1,1,0",,"iri,minibag,-37.6,-125.2,-43,0,5,1,1,0",,,,,,,,,,,,,,,,,,,,,,,,,,,"iri,backpack,6,-240.8,-59,0,16,1,1,0",,,,,,,,,,,,,,,,,,,,,,,,,,,,,,,,,,,,,,,,,,,,,,,,,,,,,,,,,,,,,,,,,,,,,,,,,play_time_mod_0.9,
Run/3,"iri,head,57,-337.4,-8.5,0,4,1,1,0","iri,neck,46.8,-291.6,-20,0,7,1,1,0","iri,body,23.6,-184.4,-15.5,0,6,1,1,0","iri,arm_up,-72.4,-239.2,-36,0,6,1,1,0","iri,arm_low,-96,-169.6,19,0,15,1,1,0","iri,open_back,-88.4,-137.2,37,0,14,1,1,0","iri,arm_up_back,89.2,-235.6,68,0,13,1,1,0","iri,arm_low,109.2,-260,-143,0,15,1,1,0","iri,open,69.2,-297.6,-131,0,17,1,1,0","iri,leg_up,-29,-100.4,-21,0,8,1,1,0","iri,leg_low,-47,-76.4,-37,0,14,1,1,0","iri,foot,-72.8,-47.4,-72.6,0,13,1,1,0","iri,leg_up,48,-76.4,29.7,0,12,1,1,0","iri,leg_low,50,-49.4,-17.5,0,15,1,1,0","iri,foot,72.2,-20.4,8.5,0,15,1,1,0","iri,base,-6.8,-128.4,74,0,14,1,1,0",,"iri,minibag,-25.6,-133.2,-16,0,5,1,1,0",,,,,,,,,,,,,,,,,,,,,,,,,,,"iri,backpack,-2,-236.8,-42,0,16,1,1,0",,,,,,,,,,,,,,,,,,,,,,,,,,,,,,,,,,,,,,,,,,,,,,,,,,,,,,,,,,,,,,,,,,,,,,,,,play_time_mod_0.9,
Run/4,"iri,head,43,-351.4,-4.5,0,4,1,1,0","iri,neck,22.8,-305.6,-20,0,7,1,1,0","iri,body,23.6,-192.4,-11.5,0,6,1,1,0","iri,arm_up,-76.4,-241.2,-32,0,6,1,1,0","iri,arm_low,-96,-165.6,19,0,15,1,1,0","iri,open_back,-84.4,-133.2,43,0,14,1,1,0","iri,arm_up_back,87.2,-251.6,68,0,13,1,1,0","iri,arm_low,107.2,-276,-143,0,15,1,1,0","iri,open,67.2,-313.6,-131,0,17,1,1,0","iri,leg_up,-22,-101.4,-19,0,8,1,1,0","iri,leg_low,-27,-74.4,-40,0,14,1,1,0","iri,foot,-38.8,-43.4,-49.6,0,13,1,1,0","iri,leg_up,41,-78.4,9.7,0,12,1,1,0","iri,leg_low,38,-49.4,-24.5,0,15,1,1,0","iri,foot,52.2,-20.4,2.5,0,15,1,1,0","iri,base,-2.8,-136.4,78,0,14,1,1,0",,"iri,minibag,-21.6,-135.2,0,0,5,1,1,0",,,,,,,,,,,,,,,,,,,,,,,,,,,"iri,backpack,-18,-240.8,-12,0,16,1,1,0",,,,,,,,,,,,,,,,,,,,,,,,,,,,,,,,,,,,,,,,,,,,,,,,,,,,,,,,,,,,,,,,,,,,,,,,,play_time_mod_0.9,
Run/5,"iri,head,53,-345.4,-5.5,0,4,1,1,0","iri,neck,38.8,-299.6,-20,0,7,1,1,0","iri,body,25.6,-190.4,-13.5,0,6,1,1,0","iri,arm_up,-64.4,-241.2,-30,0,6,1,1,0","iri,arm_low,-88,-161.6,19,0,15,1,1,0","iri,open_back,-78.4,-131.2,50,0,14,1,1,0","iri,arm_up_back,93.2,-241.6,68,0,13,1,1,0","iri,arm_low,113.2,-266,-143,0,15,1,1,0","iri,open,73.2,-303.6,-131,0,17,1,1,0","iri,leg_up,-8,-114.4,40,0,8,1,1,0","iri,leg_low,17,-80.4,-40,0,14,1,1,0","iri,foot,38.4,-48,-21.6,0,13,1,1,0","iri,leg_up,34,-92.4,-5.3,0,12,1,1,0","iri,leg_low,22,-49.4,-33.5,0,15,1,1,0","iri,foot,22.2,-20.4,-6.5,0,15,1,1,0","iri,base,-6.8,-140.4,79,0,14,1,1,0",,"iri,minibag,-20.6,-137.2,6,0,5,1,1,0",,,,,,,,,,,,,,,,,,,,,,,,,,,"iri,backpack,-15,-226.8,8,0,16,1,1,0",,,,,,,,,,,,,,,,,,,,,,,,,,,,,,,,,,,,,,,,,,,,,,,,,,,,,,,,,,,,,,,,,,,,,,,,,play_time_mod_0.9,
Run/6,"iri,head,57,-343.4,-7.5,0,4,1,1,0","iri,neck,42.8,-297.6,-22,0,7,1,1,0","iri,body,25.6,-190.4,-15.5,0,6,1,1,0","iri,arm_up,-64.4,-231.2,-23,0,6,1,1,0","iri,arm_low,-76,-151.6,19,0,15,1,1,0","iri,open_back,-66.4,-121.2,50,0,14,1,1,0","iri,arm_up_back,93.2,-235.6,70,0,13,1,1,0","iri,arm_low,113.2,-260,-141,0,15,1,1,0","iri,open,73.2,-297.6,-129,0,17,1,1,0","iri,leg_up,6,-116.4,40,0,8,1,1,0","iri,leg_low,55,-74.4,-37,0,14,1,1,0","iri,foot,96.4,-44,15.4,0,13,1,1,0","iri,leg_up,7,-89.4,-50.3,0,16,1,1,0","iri,leg_low,-16,-63.4,-42.5,0,15,1,1,0","iri,foot,-21.8,-30.4,-29.5,0,15,1,1,0","iri,base,-6.8,-140.4,79,0,14,1,1,0",,"iri,minibag,-17.6,-137.2,14,0,5,1,1,0",,,,,,,,,,,,,,,,,,,,,,,,,,,"iri,backpack,-11,-222.8,10,0,16,1,1,0",,,,,,,,,,,,,,,,,,,,,,,,,,,,,,,,,,,,,,,,,,,,,,,,,,,,,,,,,,,,,,,,,,,,,,,,,play_time_mod_0.9,
Run/7,"iri,head,63,-331.4,-12.5,0,4,1,1,0","iri,neck,44.8,-291.6,-20,0,7,1,1,0","iri,body,27.6,-182.4,-13.5,0,6,1,1,0","iri,arm_up,-60.4,-223.2,-23,0,6,1,1,0","iri,arm_low,-72,-143.6,19,0,15,1,1,0","iri,open_back,-62.4,-119.2,47,0,14,1,1,0","iri,arm_up_back,95.2,-231.6,68,0,13,1,1,0","iri,arm_low,115.2,-256,-143,0,15,1,1,0","iri,open,75.2,-293.6,-131,0,17,1,1,0","iri,leg_up,35.4,-94,37,0,8,1.1,1.1,0","iri,leg_low,59.2,-58.4,30,0,14,1.1,1.1,0","iri,foot,100.4,-20,5,0,13,1,1,0","iri,leg_up,6,-90.4,-30,0,12,1.1,1.1,0","iri,leg_low,-26,-73.4,-64.5,0,15,1.1,1.1,0","iri,foot,-63.8,-44.4,-90,0,15,1,1,0","iri,base,-2.8,-126.4,78,0,14,1,1,0",,"iri,minibag,-15.6,-129.2,24,0,5,1,1,0",,,,,,,,,,,,,,,,,,,,,,,,,,,"iri,backpack,-6,-218.8,21,0,16,1,1,0",,,,,,,,,,,,,,,,,,,,,,,,,,,,,,,,,,,,,,,,,,,,,,,,,,,,,,,,,,,,,,,,,,,,,,,,,play_time_mod_0.9,
Run/8,"iri,head,65,-335.4,-8.5,0,4,1,1,0","iri,neck,58.8,-297.6,-20,0,7,1,1,0","iri,body,29.6,-182.4,-16.5,0,6,1,1,0","iri,arm_up,-60.4,-229.2,-26,0,6,1,1,0","iri,arm_low,-92,-149.6,6,0,15,1,1,0","iri,open_back,-86.4,-121.2,40,0,14,1,1,0","iri,arm_up_back,93.2,-227.6,68,0,13,1,1,0","iri,arm_low,113.2,-252,-143,0,15,1,1,0","iri,open,73.2,-289.6,-131,0,17,1,1,0","iri,leg_up,-8.4,-93.6,52,0,8,1,1,0","iri,leg_low,19.2,-62.4,-59,0,14,1.1,1.1,0","iri,foot,46.4,-20,5,0,13,1,1,0","iri,leg_up,34,-100.4,-30,0,12,1.1,1.1,0","iri,leg_low,0.8,-63.6,-63.5,0,15,1.1,1.1,0","iri,foot,-8,-48,-27.5,0,15,1,1,0","iri,base,-2.8,-128.4,74,0,14,1,1,0",,"iri,minibag,-18.6,-131.2,5,0,5,1,1,0",,,,,,,,,,,,,,,,,,,,,,,,,,,"iri,backpack,-2,-222.8,-6,0,16,1,1,0",,,,,,,,,,,,,,,,,,,,,,,,,,,,,,,,,,,,,,,,,,,,,,,,,,,,,,,,,,,,,,,,,,,,,,,,,play_time_mod_0.9,
Skill1/0,"iri,head,19,-341.4,-2.5,0,4,1,1,0","iri,neck,16,-284.4,-13,0,7,1,1,0","iri,body,9.6,-178.4,-1.5,0,6,1,1,0","iri,arm_up,-87.4,-215.2,-25,0,6,1,1,0","iri,arm_low,-107,-154,25,0,15,1,1,0","iri,fist_back,-92,-114,-5,0,17,1,1,0","iri,arm_up_back,61.2,-245.6,86,0,13,1,1,0","iri,arm_low,93.2,-270,-126,0,15,1,1,0","iri,open,52.4,-282,-143,0,17,1,1,0","iri,leg_up,-43,-86.4,-26,0,8,1,1,0","iri,leg_low,-57,-62.4,-27,0,14,1,1,0","iri,foot,-48.8,-19.4,-7.6,0,13,1,1,0","iri,leg_up,44,-84.4,14.7,0,12,1,1,0","iri,leg_low,64,-55.4,20.5,0,15,1,1,0","iri,foot,90.2,-18.4,5.5,0,15,1,1,0","iri,base,-14,-107,93,0,19,1,1,0",,"iri,minibag,-27.6,-119.2,-12,0,5,1,1,0",,,,,,,,,,,,,,,,,,,,,,,,,,,"iri,backpack,-30,-238.8,-10,0,16,1,1,0",,,,,,,,,,,,,,,,,,,,,,,,,,,,,,,,,,,,,,,,,,,,,,,,,,,,,,,,,,,,,,,,,,,,,,,,,,
Skill1/1,"iri,head,17,-339.4,-5.5,0,4,1,1,0","iri,neck,12,-282.4,-16,0,7,1,1,0","iri,body,7.6,-180.4,0.5,0,6,1,1,0","iri,arm_up,-92.4,-205.2,-16,0,6,1,1,0","iri,arm_low,-103,-145,20,0,15,1,1,0","iri,fist_back,-94.4,-107.2,-13,0,18,1,1,0","iri,arm_up_back,59.2,-243.6,95,0,13,1,1,0","iri,arm_low,91.2,-278,-120,0,15,1,1,0","iri,open,40.4,-286,-141,0,17,1,1,0","iri,leg_up,-43,-86.4,-26,0,8,1,1,0","iri,leg_low,-57,-62.4,-27,0,14,1,1,0","iri,foot,-48.8,-19.4,-7.6,0,13,1,1,0","iri,leg_up,44,-84.4,14.7,0,12,1,1,0","iri,leg_low,64,-55.4,20.5,0,15,1,1,0","iri,foot,90.2,-18.4,5.5,0,15,1,1,0","iri,base,-16.8,-110.4,93,0,20,1,1,0",,"iri,minibag,-29.6,-117.2,-12,0,5,1,1,0",,,,,,,,,,,,,,,,,,,,,,,,,,,"iri,backpack,-32,-236.8,-7,0,16,1,1,0",,,,,,,,,,,,,,,,,,,,,,,,,,,,,,,,,,,,,,,,,,,,,,,,,,,,,,,,,,,,,,,,,,,,,,,,play_time_mod_1.5,,
Skill1/2,"iri,head,9.2,-335.8,-4.5,0,4,1,1,0","iri,neck,10.2,-278.8,-16,0,7,1,1,0","iri,body,5.8,-176.8,2.5,0,6,1,1,0","iri,arm_up,-90.2,-205.4,-18,0,6,1,1,0","iri,arm_low,-107,-143,15,0,15,1,1,0","iri,fist_back,-94.2,-103.4,-1,0,16,1,1,0","iri,arm_up_back,57.4,-245.8,63,0,13,1,1,0","iri,arm_low,105.4,-248.4,172,0,15,1,1,0","iri,fist,111.4,-306.8,160,0,17,1,1,0","iri,leg_up,-43,-86.4,-26,0,8,1,1,0","iri,leg_low,-57,-62.4,-27,0,14,1,1,0","iri,foot,-48.8,-19.4,-7.6,0,13,1,1,0","iri,leg_up,44,-84.4,14.7,0,12,1,1,0","iri,leg_low,64,-55.4,20.5,0,15,1,1,0","iri,foot,90.2,-18.4,5.5,0,15,1,1,0","iri,base,-18.6,-106.8,95,0,18,1,1,0",,"iri,minibag,-31.4,-113.4,-1,0,5,1,1,0",,,,,,,,,,,,,,,,,,,,,,,,,,,"iri,backpack,-33.8,-233.2,-4,0,16,1,1,0",,,,,,,,,,,,,,,,,,,,,,,,,,,,,,,,,,,,,,,,,,,,,,,,,,,,,,,,,,,,,,,,,,,,,,,,,,
Skill1/3,"iri,head,21,-331.4,-9.5,0,4,1,1,0","iri,neck,22,-280.4,-18,0,7,1,1,0","iri,body,13.6,-174.4,-1.5,0,6,1,1,0","iri,arm_up,-81.4,-205.2,-20,0,5,1,1,0","iri,arm_low,-96,-145,30,0,15,1,1,0","iri,fist_back,-78.4,-111.2,10,0,16,1,1,0","iri,arm_up_back,65.2,-229.6,43,0,13,1,1,0","iri,arm_low,124.8,-222,131,1,15,1,1,0","iri,fist_back,169.8,-265.2,118,0,17,1,1,0","iri,leg_up,-43,-86.4,-26,0,8,1,1,0","iri,leg_low,-57,-62.4,-27,0,14,1,1,0","iri,foot,-48.8,-19.4,-7.6,0,13,1,1,0","iri,leg_up,44,-84.4,14.7,0,12,1,1,0","iri,leg_low,64,-55.4,20.5,0,15,1,1,0","iri,foot,90.2,-18.4,5.5,0,15,1,1,0","iri,base,-10.8,-108.4,95,0,18,1,1,0",,"iri,minibag,-23.6,-115.2,-1,0,5,1,1,0",,,,,,,,,,,,,,,,,,,,,,,,,,,"iri,backpack,-26,-234.8,-6,0,16,1,1,0",,,,,,,,,,,,,,,,,,,,,,,,,,,,,,,,,,,,,,,,,,,,,,,,,,,,,,,,,,,,,,,,,,,,,,,,play_time_mod_0.2,,
Skill1/4,"iri,head,25,-335.4,-6.5,0,4,1,1,0","iri,neck,18,-282.4,-16,0,7,1,1,0","iri,body,13.6,-176.4,-5.5,0,6,1,1,0","iri,arm_up,-90.4,-217.2,-20,0,7,1,1,0","iri,arm_low,-103,-157,28,0,15,1,1,0","iri,fist_back,-84.4,-113.2,8,0,16,1,1,0","iri,arm_up_back,65.2,-231.6,43,0,13,1,1,0","iri,arm_low,138.8,-188,76,1,15,1,1,0","iri,fist_back,194.4,-176.8,71,0,17,1,1,0","iri,leg_up,-43,-86.4,-26,0,8,1,1,0","iri,leg_low,-57,-62.4,-27,0,14,1,1,0","iri,foot,-48.8,-19.4,-7.6,0,13,1,1,0","iri,leg_up,44,-84.4,14.7,0,12,1,1,0","iri,leg_low,64,-55.4,20.5,0,15,1,1,0","iri,foot,90.2,-18.4,5.5,0,15,1,1,0","iri,base,-10.8,-110.4,95,0,18,1,1,0",,"iri,minibag,-23.6,-117.2,-7,0,5,1,1,0",,,,,,,,,,,,,,,,,,,,,,,,,,,"iri,backpack,-26,-236.8,-4,0,16,1,1,0",,,,,,,,,,,,,,,,,,,,,,,,,,,,,,,,,,,,,,,,,,,,,,,,,,,,,,,,,,,,,,,,,,,,,,,,play_time_mod_0.2,,
Skill1/5,"iri,head,27,-333.4,-8.5,0,4,1,1,0","iri,neck,20,-280.4,-16,0,7,1,1,0","iri,body,15.6,-174.4,-7.5,0,6,1,1,0","iri,arm_up,-86.4,-215.2,-20,0,7,1,1,0","iri,arm_low,-100,-149,24,0,15,1,1,0","iri,fist_back,-82.4,-107.2,3,0,16,1,1,0","iri,arm_up_back,85.2,-211.6,20,0,13,1,1,0","iri,arm_low,142.8,-146,55,1,15,1,1,0","iri,fist_back,184.6,-108.4,32,0,17,1,1,0","iri,leg_up,-43,-86.4,-26,0,8,1,1,0","iri,leg_low,-57,-62.4,-27,0,14,1,1,0","iri,foot,-48.8,-19.4,-7.6,0,13,1,1,0","iri,leg_up,44,-84.4,14.7,0,12,1,1,0","iri,leg_low,64,-55.4,20.5,0,15,1,1,0","iri,foot,90.2,-18.4,5.5,0,15,1,1,0","iri,base,-8.8,-108.4,93,0,18,1,1,0",,"iri,minibag,-21.6,-115.2,-12,0,5,1,1,0",,,,,,,,,,,,,,,,,,,,,,,,,,,"iri,backpack,-24,-234.8,-7,0,16,1,1,0",,,,,,,,,,,,,,,,,,,,,,,,,,,,,,,,,,,,,,,,,,,,,,,,,,,,,,,,,,,,,,,,,,,,,,,,,,
Skill1/6,"iri,head,25,-337.4,-5.5,0,4,1,1,0","iri,neck,18,-276.4,-16,0,7,1,1,0","iri,body,13.6,-176.4,-7.5,0,6,1,1,0","iri,arm_up,-84.4,-213.2,-20,0,7,1,1,0","iri,arm_low,-100,-147,27,0,15,1,1,0","iri,fist_back,-80.4,-109.2,5,0,16,1,1,0","iri,arm_up_back,105.2,-215.6,47,0,13,1,1,0","iri,arm_low,185.2,-165.6,61,0,15,1,1,0","iri,open_back,240,-140.8,55,1,17,1,1,0","iri,leg_up,-43,-86.4,-26,0,8,1,1,0","iri,leg_low,-57,-62.4,-27,0,14,1,1,0","iri,foot,-48.8,-19.4,-7.6,0,13,1,1,0","iri,leg_up,44,-84.4,14.7,0,12,1,1,0","iri,leg_low,64,-55.4,20.5,0,15,1,1,0","iri,foot,90.2,-18.4,5.5,0,15,1,1,0","iri,base,-10.8,-108.4,95,0,18,1,1,0",,"iri,minibag,-23.6,-115.2,-3,0,5,1,1,0",,,,,,,,,,,,,,,,,,,,,,,,,,,"iri,backpack,-26,-230.8,-1,0,16,1,1,0",,,,,,,,,,,,,,,,,,,,,,,,,,,,,,,,,,,,,,,,,,,,,,,,,,,,,,,,,,,,,,,,,,,,,,,,play_time_mod_0.5,,
Skill1/7,"iri,head,15,-343.4,1.5,0,4,1,1,0","iri,neck,14,-274.4,-16,0,7,1,1,0","iri,body,9.6,-182.4,-4.5,0,6,1,1,0","iri,arm_up,-88.4,-211.2,-10,0,7,1,1,0","iri,arm_low,-100,-146,14,0,15,1,1,0","iri,fist_back,-86.4,-105.2,9,0,16,1,1,0","iri,arm_up_back,101.2,-231.6,72,0,13,1,1,0","iri,arm_low,188.8,-227.6,99,0,15,1,1,0","iri,open_back,245.6,-249.2,103,1,17,1,1,0","iri,leg_up,-43,-86.4,-26,0,8,1,1,0","iri,leg_low,-57,-62.4,-27,0,14,1,1,0","iri,foot,-48.8,-19.4,-7.6,0,13,1,1,0","iri,leg_up,44,-84.4,14.7,0,12,1,1,0","iri,leg_low,64,-55.4,20.5,0,15,1,1,0","iri,foot,90.2,-18.4,5.5,0,15,1,1,0","iri,base,-14.8,-112.4,96,0,18,1,1,0",,"iri,minibag,-27.6,-113.2,-3,0,5,1,1,0",,,,,,,,,,,,,,,,,,,,,,,,,,,"iri,backpack,-30,-228.8,1,0,16,1,1,0",,,,,,,,,,,,,,,,,,,,,,,,,,,,,,,,,,,,,,,,,,,,,,,,,,,,,,,,,,,,,,,,"bomb_small,base,326,-350.4,-39,0,0,1,1,1",,,,,,,,play_time_mod_0.2,,"pierce_small,2500,0"
Skill1/8,"iri,head,9,-343.4,3.5,0,4,1,1,0","iri,neck,14,-274.4,-16,0,7,1,1,0","iri,body,9.6,-182.4,-2.5,0,6,1,1,0","iri,arm_up,-88.4,-207.2,-5,0,7,1,1,0","iri,arm_low,-97,-150,10,0,15,1,1,0","iri,fist_back,-84.4,-115.2,12,0,16,1,1,0","iri,arm_up_back,95.2,-243.6,82,0,13,1,1,0","iri,arm_low,184.8,-257.6,106,0,15,1,1,0","iri,open_back,233.6,-279.2,103,1,17,1,1,0","iri,leg_up,-43,-86.4,-26,0,8,1,1,0","iri,leg_low,-57,-62.4,-27,0,14,1,1,0","iri,foot,-48.8,-19.4,-7.6,0,13,1,1,0","iri,leg_up,44,-84.4,14.7,0,12,1,1,0","iri,leg_low,64,-55.4,20.5,0,15,1,1,0","iri,foot,90.2,-18.4,5.5,0,15,1,1,0","iri,base,-14.8,-116.4,94,0,18,1,1,0",,"iri,minibag,-27.6,-113.2,-3,0,5,1,1,0",,,,,,,,,,,,,,,,,,,,,,,,,,,"iri,backpack,-30,-228.8,4,0,16,1,1,0",,,,,,,,,,,,,,,,,,,,,,,,,,,,,,,,,,,,,,,,,,,,,,,,,,,,,,,,,,,,,,,,,,,,,,,,play_time_mod_0.5,,
Skill1/9,"iri,head,15,-339.4,-4.5,0,4,1,1,0","iri,neck,16,-274.4,-16,0,7,1,1,0","iri,body,11.6,-178.4,-4.5,0,6,1,1,0","iri,arm_up,-80.4,-207.2,-10,0,7,1,1,0","iri,arm_low,-92,-143,16,0,15,1,1,0","iri,fist_back,-80.4,-107.2,16,0,16,1,1,0","iri,arm_up_back,77.2,-243.6,95,0,13,1,1,0","iri,arm_low,134.8,-279.6,155,0,15,1,1,0","iri,open_back,144.6,-331.6,164,1,17,1,1,0","iri,leg_up,-43,-86.4,-26,0,8,1,1,0","iri,leg_low,-57,-62.4,-27,0,14,1,1,0","iri,foot,-48.8,-19.4,-7.6,0,13,1,1,0","iri,leg_up,44,-84.4,14.7,0,12,1,1,0","iri,leg_low,64,-55.4,20.5,0,15,1,1,0","iri,foot,90.2,-18.4,5.5,0,15,1,1,0","iri,base,-12,-110,97,0,18,1,1,0",,"iri,minibag,-25.6,-109.2,-10,0,5,1,1,0",,,,,,,,,,,,,,,,,,,,,,,,,,,"iri,backpack,-18,-232.8,-1,0,16,1,1,0",,,,,,,,,,,,,,,,,,,,,,,,,,,,,,,,,,,,,,,,,,,,,,,,,,,,,,,,,,,,,,,,,,,,,,,,,,
Skill1/10,"iri,head,25,-331.4,-3.5,0,4,1,1,0","iri,neck,24,-266.4,-19,0,7,1,1,0","iri,body,11.6,-172.4,-4.5,0,6,1,1,0","iri,arm_up,-82.4,-219.2,-28,0,7,1,1,0","iri,arm_low,-98,-154,17,0,15,1,1,0","iri,fist_back,-82,-115,-3,0,16,1,1,0","iri,arm_up_back,81.2,-239.6,70,0,13,1,1,0","iri,arm_low,121.2,-260,-172,0,15,1,1,0","iri,open_back,106.4,-308,-178,1,17,1,1,0","iri,leg_up,-43,-86.4,-26,0,8,1,1,0","iri,leg_low,-57,-62.4,-27,0,14,1,1,0","iri,foot,-48.8,-19.4,-7.6,0,13,1,1,0","iri,leg_up,44,-84.4,14.7,0,12,1,1,0","iri,leg_low,64,-55.4,20.5,0,15,1,1,0","iri,foot,90.2,-18.4,5.5,0,15,1,1,0","iri,base,-6.8,-114.4,93,0,18,1,1,0",,"iri,minibag,-25.6,-109.2,-5,0,5,1,1,0",,,,,,,,,,,,,,,,,,,,,,,,,,,"iri,backpack,-14,-226.8,-15,0,16,1,1,0",,,,,,,,,,,,,,,,,,,,,,,,,,,,,,,,,,,,,,,,,,,,,,,,,,,,,,,,,,,,,,,,,,,,,,,,play_time_mod_0.5,,
Skill2/0,"iri,head,33,-323.4,-10.5,0,4,1,1,0","iri,neck,26,-266.4,-16,0,7,1,1,0","iri,body,9.6,-171.4,-10.5,0,6,1,1,0","iri,arm_up,-80.4,-213.2,-25,0,6,1,1,0","iri,arm_low,-108,-145.6,5,0,15,1,1,0","iri,open_back,-97,-97,34,0,16,1,1,0","iri,arm_up_back,71.2,-233.6,66,0,13,1,1,0","iri,arm_low,91.2,-258,-145,0,15,1,1,0","iri,open,51.2,-295.6,-133,0,17,1,1,0","iri,leg_up,-45,-79.4,-26,0,8,1,1,0","iri,leg_low,-67,-52.4,-37,0,14,1,1,0","iri,foot,-77.8,-19.4,-40.6,0,13,1,1,0","iri,leg_up,48,-75.4,27.7,0,12,1,1,0","iri,leg_low,63,-49.4,20.5,0,15,1,1,0","iri,foot,91.2,-16.4,8.5,0,15,1,1,0","iri,base,-6.8,-122.4,87,0,14,1,1,0",,"iri,minibag,-33.6,-113.2,-11,0,5,1,1,0",,,,,,,,,,,,,,,,,,,,,,,,,,,"iri,backpack,-25,-240.8,-8,0,16,1,1,0",,,,,,,,,,,,,,,,,,,,,,,,,,,,,,,,,,,,,,,,,,,,,,,,,,,,,,,,,,,,,,,,,,,,,,,,,,
Skill2/1,"iri,head,38,-302.4,-13.5,0,4,1,1,0","iri,neck,27,-250.4,-16,0,7,1,1,0","iri,body,13.6,-151.4,-10.5,0,6,1,1,0","iri,arm_up,-72.4,-200.2,-25,0,6,1,1,0","iri,arm_low,-100,-132.6,5,0,15,1,1,0","iri,open_back,-89.4,-90.2,34,0,17,1,1,0","iri,arm_up_back,77.2,-221.6,63,0,13,1,1,0","iri,arm_low,97.2,-246,-148,0,15,1,1,0","iri,open,57.2,-283.6,-136,0,17,1,1,0","iri,leg_up,-45,-68.4,-26,0,8,1,1,0","iri,leg_low,-62,-46.4,-67,0,14,1,1,0","iri,foot,-88.8,-19.4,-90.6,0,13,1,1,0","iri,leg_up,48,-65.4,57.7,0,12,1,1,0","iri,leg_low,70,-49.4,20.5,0,15,1,1,0","iri,foot,98.2,-16.4,8.5,0,15,1,1,0","iri,base,-11.8,-99.4,80,0,14,1,1,0",,"iri,minibag,-33.6,-96.2,-11,0,5,1,1,0",,,,,,,,,,,,,,,,,,,,,,,,,,,"iri,backpack,-21,-220.8,-8,0,16,1,1,0",,,,,,,,,,,,,,,,,,,,,,,,,,,,,,,,,,,,,,,,,,,,,,,,,,,,,,,,,,,,,,,,,,,,,,,,,,
Skill2/2,"iri,head,37,-267.4,-13.5,0,4,1,1,0","iri,neck,28,-230.4,-17,0,7,1,1,0","iri,body,13.6,-116.4,-6.5,0,6,1,1,0","iri,arm_up,-70.4,-172.2,-40,0,6,1,1,0","iri,arm_low,-82,-115.6,48,0,9,0.9,0.9,0","iri,fist,-45.4,-95.2,32,0,14,1,1,0","iri,arm_up_back,69.2,-177.6,64,0,13,1,1,0","iri,arm_low,97.2,-196,-145,0,15,1,1,0","iri,open,63.2,-227.6,-136,0,17,1,1,0","iri,leg_up,-31,-32.4,-55,0,8,1,1,0","iri,leg_low,-63,-22.4,-94,0,14,1,1,0","iri,foot,-112.8,-13.4,-128,0,13,1,1,0","iri,leg_up,52,-64.4,76,0,12,1,1,0","iri,leg_low,76,-37.4,15.5,0,15,1,1,0","iri,foot,108.2,-18.4,5.5,0,15,1,1,0","iri,base,-4.8,-66.4,84,0,14,1,1,0",,"iri,minibag,-25.6,-55.2,5,0,5,1,1,0",,,,,,,,,,,,,,,,,,,,,,,,,,,"iri,backpack,-14,-176.8,-16,0,16,1,1,0",,,,,,,,,,,,,,,,,,,,,,,,,,,,,,,,,,,,,,,,,,,,,,,,,,,,,,,,,,,,,,,,,,,,,,,,play_time_mod_0.5,,
Skill2/3,"iri,head,41,-271.4,-8.5,0,4,1,1,0","iri,neck,36,-230.4,-11,0,7,1,1,0","iri,body,13.6,-116.4,-9.5,0,6,1,1,0","iri,arm_up,-90.4,-193.2,-60,0,7,1,1,0","iri,arm_low,-140,-141.6,-15,0,9,1,1,0","iri,fist,-138.4,-101.2,-12,0,10,1,1,0","iri,arm_up_back,69.2,-177.6,64,0,13,1,1,0","iri,arm_low,117.2,-196,-178,0,15,1,1,0","iri,open,117.2,-245.6,176,0,17,1,1,0","iri,leg_up,-31,-32.4,-55,0,8,1,1,0","iri,leg_low,-63,-22.4,-94,0,14,1,1,0","iri,foot,-112.8,-13.4,-128,0,13,1,1,0","iri,leg_up,52,-64.4,76,0,12,1,1,0","iri,leg_low,76,-37.4,15.5,0,15,1,1,0","iri,foot,108.2,-18.4,5.5,0,15,1,1,0","iri,base,-4.8,-66.4,78,0,14,1,1,0",,"iri,minibag,-25.6,-55.2,5,0,5,1,1,0","iri,base_trap,110,-272.8,-140,0,7,1,1,0","iri,fire_1,-109.2,-108.4,98,0,11,1,1,0",,,,,,,,,,,,,,,,,,,,,,,,,"iri,backpack,-17,-176.8,-13,0,16,1,1,0",,,,,,,,,,,,,,,,,,,,,,,,,,,,,,,,,,,,,,,,,,,,,,,,,,,,,,,,,,,,,,,,,,,,,,,,,,
Skill2/4,"iri,head,31,-279.4,-5.5,0,4,1,1,0","iri,neck,32,-238.4,-11,0,7,1,1,0","iri,body,13.6,-124.4,-3.5,0,6,1,1,0","iri,arm_up,-86.4,-163.2,-18,0,4,1,1,0","iri,arm_low,-81.6,-78,32,0,5,1,1,0","iri,fist,-49,-29,3,0,6,1,1,0","iri,arm_up_back,75.2,-175.6,34,0,13,1,1,0","iri,arm_low,146,-120.4,66,0,15,1,1,0","iri,fist_back,192.4,-89.6,38,0,17,1,1,0","iri,leg_up,-31,-32.4,-55,0,8,1,1,0","iri,leg_low,-63,-22.4,-94,0,14,1,1,0","iri,foot,-112.8,-13.4,-128,0,13,1,1,0","iri,leg_up,52,-64.4,76,0,12,1,1,0","iri,leg_low,76,-37.4,15.5,0,15,1,1,0","iri,foot,108.2,-18.4,5.5,0,15,1,1,0","iri,base,-4.8,-66.4,84,0,14,1,1,0",,"iri,minibag,-25.6,-61.2,-3,0,5,1,1,0","iri,base_trap,253.6,-84,-1,0,7,1,1,0","iri,fire_1,-82,-16,-64,0,7,1,1,0",,,,,,,,,,,,,,,,,,,,,,,,,"iri,backpack,-22,-176.8,-11,0,16,1,1,0",,,,,,,,,,,,,,,,,,,,,,,,,,,,,,,,,,,,,,,,,,,,,,,,,,,,,,,,,,,,,,,,,,,,,,,,play_time_mod_0.5,,
Skill2/5,"iri,head,93,-275,-23.5,0,4,1,1,0","iri,neck,84,-234.4,-11,0,7,1,1,0","iri,body,33.6,-126.4,-20.5,0,6,1,1,0","iri,arm_up,12,-161,37,0,1,1,1,0","iri,arm_low,86,-90,64,0,2,1,1,0","iri,fist,135.2,-74.8,55,0,3,1,1,0","iri,arm_up_back,105.2,-147.6,20,0,13,1,1,0","iri,arm_low,142,-92.4,35,0,15,1,1,0","iri,fist_back,177.6,-44.8,23,0,17,1,1,0","iri,leg_up,-25,-40.4,-45,0,8,1,1,0","iri,leg_low,-49,-22.4,-91,0,14,1,1,0","iri,foot,-98.8,-13.4,-123,0,13,1,1,0","iri,leg_up,52,-64.4,76,0,12,1,1,0","iri,leg_low,76,-37.4,15.5,0,15,1,1,0","iri,foot,108.2,-18.4,5.5,0,15,1,1,0","iri,base,1.2,-78.4,58,0,14,1,1,0",,"iri,minibag,-21.6,-73.2,-21,0,5,1,1,0","iri,base_trap,232.8,-12.4,-1,0,7,1,1,0","iri,fire_1,128.4,-42,-24,0,4,1,1,0",,,,,,,,,,,,,,,,,,,,,,,,,"iri,backpack,8,-176.8,-25,0,16,1,1,0",,,,,,,,,,,,,,,,,,,,,,,,,,,,,,,,,,,,,,,,,,,,,,,,,,,,,,,,,,,,,,,,,,,,,,,,,,
Skill2/6,"iri,head,104,-267,-26.5,0,4,1,1,0","iri,neck,88,-222.4,-29,0,7,1,1,0","iri,body,43.6,-122.4,-22.5,0,6,1,1,0","iri,arm_up,52,-159,53,0,1,1,1,0","iri,arm_low,134,-110,82,0,2,1,1,0","iri,open,203.2,-103.8,60,1,3,1,1,0","iri,arm_up_back,105.2,-147.6,20,0,13,1,1,0","iri,arm_low,142,-92.4,35,0,15,1,1,0","iri,fist_back,177.6,-44.8,23,0,17,1,1,0","iri,leg_up,-25,-40.4,-45,0,8,1,1,0","iri,leg_low,-49,-22.4,-91,0,14,1,1,0","iri,foot,-98.8,-13.4,-123,0,13,1,1,0","iri,leg_up,52,-64.4,76,0,12,1,1,0","iri,leg_low,76,-37.4,15.5,0,15,1,1,0","iri,foot,108.2,-18.4,5.5,0,15,1,1,0","iri,base,9.2,-74.4,58,0,14,1,1,0",,"iri,minibag,-17.6,-71.2,-27,0,5,1,1,0","iri,base_trap,232.8,-12.4,-1,0,7,1,1,0","iri,fire_1,226.4,-85.2,0,0,4,1,1,0",,,,,,,,,,,,,,,,,,,,,,,,,"iri,backpack,24,-178.8,-30,0,16,1,1,0",,,,,,,,,,,,,,,,,,,,,,,,,,,,,,,,,,,,,,,,,,,,,,,,,,,,,,,,,,,,,,,,,,,,,,,,play_time_mod_0.5,,"mechanic_click,2000,0"
Skill2/7,"iri,head,112,-256,-30.5,0,4,1,1,0","iri,neck,84,-224.4,-20,0,7,1,1,0","iri,body,43.6,-118.4,-22.5,0,6,1,1,0","iri,arm_up,53.6,-159.2,53,0,1,1,1,0","iri,arm_low,133.6,-94.8,65,0,2,1,1,0","iri,open,203.2,-71.8,50,1,3,1,1,0","iri,arm_up_back,105.2,-147.6,20,0,13,1,1,0","iri,arm_low,142,-88.4,35,0,15,1,1,0","iri,fist_back,191.6,-48.8,49,0,17,1,1,0","iri,leg_up,-25,-40.4,-45,0,8,1,1,0","iri,leg_low,-49,-22.4,-91,0,14,1,1,0","iri,foot,-98.8,-13.4,-123,0,13,1,1,0","iri,leg_up,52,-64.4,76,0,12,1,1,0","iri,leg_low,76,-37.4,15.5,0,15,1,1,0","iri,foot,108.2,-18.4,5.5,0,15,1,1,0","iri,base,9.2,-66.4,55,0,14,1,1,0",,"iri,minibag,-13.6,-63.2,-27,0,5,1,1,0","iri,base_trap,232.8,-12.4,-1,0,7,1,1,0","iri,fire_1,226.4,-53.2,-7,1,4,1,1,0",,,,,,,,,,,,,,,,,,,,,,,,,"iri,backpack,28,-170.8,-30,0,16,1,1,0",,,,,,,,,,,,,,,,,,,,,,,,,,,,,,,,,,,,,,,,,,,,,,,,,,,,,,,,,,,,,,,,,,,,,,,,play_time_mod_2,,
Skill2/8,"iri,head,73,-279.4,-12.5,0,4,1,1,0","iri,neck,60,-246.4,-20,0,7,1,1,0","iri,body,37.6,-126.4,-14.5,0,6,1,1,0","iri,arm_up,5.6,-155.2,27,0,3,1,1,0","iri,arm_low,55.6,-80.8,53,0,4,1,1,0","iri,open,110,-44.2,49,1,7,1,1,0","iri,arm_up_back,105.2,-157.6,20,0,13,1,1,0","iri,arm_low,138,-116.4,31,0,15,1,1,0","iri,fist_back,171.6,-70.8,29,0,17,1,1,0","iri,leg_up,-25,-40.4,-45,0,8,1,1,0","iri,leg_low,-49,-22.4,-91,0,14,1,1,0","iri,foot,-98.8,-13.4,-123,0,13,1,1,0","iri,leg_up,52,-64.4,76,0,12,1,1,0","iri,leg_low,76,-37.4,15.5,0,15,1,1,0","iri,foot,108.2,-18.4,5.5,0,15,1,1,0","iri,base,1.2,-78.4,72,0,14,1,1,0",,"iri,minibag,-5.6,-75.2,-11,0,5,1,1,0",,,,,,,,,,,,,,,,,,,,,,,,,,,"iri,backpack,5,-192.8,-8,0,16,1,1,0",,,,,,,,,,,,,,,,,,,,,,,,,,,,,,,,,,,,,,,,,,,,,,,,,,,,,,,,,,,,,,,,"firetrap,firetrap,233,-45,0,0,1,1,1,1",,,,,,,,,,
Skill2/9,"iri,head,64,-293.4,-8.5,0,4,1,1,0","iri,neck,52,-256.4,-17,0,7,1,1,0","iri,body,34.6,-147.4,-9.5,0,6,1,1,0","iri,arm_up,-14.4,-176.2,7,0,3,1,1,0","iri,arm_low,-1.4,-90.8,36,0,4,1,1,0","iri,open,36,-41.2,12,1,5,1,1,0","iri,arm_up_back,105.2,-177.6,40,0,13,1,1,0","iri,arm_low,168,-126.4,51,0,15,1,1,0","iri,fist_back,211.6,-96.8,49,0,17,1,1,0","iri,leg_up,-25,-60.4,-25,0,8,1,1,0","iri,leg_low,-44,-32.4,-41,0,14,1,1,0","iri,foot,-80.8,-7.4,-83,0,13,1,1,0","iri,leg_up,60,-68.4,76,0,12,1,1,0","iri,leg_low,76,-37.4,15.5,0,15,1,1,0","iri,foot,108.2,-18.4,5.5,0,15,1,1,0","iri,base,1.2,-88.4,72,0,14,1,1,0",,"iri,minibag,-5.6,-85.2,-11,0,5,1,1,0",,,,,,,,,,,,,,,,,,,,,,,,,,,"iri,backpack,2,-202.8,-8,0,16,1,1,0",,,,,,,,,,,,,,,,,,,,,,,,,,,,,,,,,,,,,,,,,,,,,,,,,,,,,,,,,,,,,,,,,,,,,,,,,,
Skill2/10,"iri,head,44,-310.4,-9.5,0,4,1,1,0","iri,neck,33,-271.4,-7,0,7,1,1,0","iri,body,25.6,-159.4,-4.5,0,6,1,1,0","iri,arm_up,-50.4,-200.2,1,0,5,1,1,0","iri,arm_low,-64.4,-117.8,-2,0,6,1,1,0","iri,open,-63.6,-52.8,-19,1,7,1,1,0","iri,arm_up_back,91.2,-234.6,55,0,13,1,1,0","iri,arm_low,174,-213.4,91,0,15,1,1,0","iri,fist_back,227,-217.6,81,0,17,1,1,0","iri,leg_up,-18,-67.4,-25,0,8,1,1,0","iri,leg_low,-35,-40.4,-31,0,14,1,1,0","iri,foot,-54.8,-3.4,-75,0,13,1,1,0","iri,leg_up,56,-69.4,31,0,12,1,1,0","iri,leg_low,76,-56.4,5.5,0,15,1,1,0","iri,foot,100.2,-17.4,5.5,0,15,1,1,0","iri,base,1.2,-107.4,72,0,14,1,1,0",,"iri,minibag,-11.6,-100.2,-11,0,5,1,1,0",,,,,,,,,,,,,,,,,,,,,,,,,,,"iri,backpack,-16,-217.8,-4,0,16,1,1,0",,,,,,,,,,,,,,,,,,,,,,,,,,,,,,,,,,,,,,,,,,,,,,,,,,,,,,,,,,,,,,,,,,,,,,,,,,
Skill2/11,"iri,head,42,-308.4,-9.5,0,4,1,1,0","iri,neck,37,-263.4,-7,0,7,1,1,0","iri,body,24.6,-155.4,-5.5,0,6,1,1,0","iri,arm_up,-66.4,-205.2,-25,0,6,1,1,0","iri,arm_low,-100.4,-148.8,-18,0,14,0.9,0.9,0","iri,open_back,-116.8,-100.4,5,0,16,1,1,0","iri,arm_up_back,85.2,-227.6,73,0,13,1,1,0","iri,arm_low,140.4,-250,160,0,15,1,1,0","iri,fist_back,157.2,-298.8,149,0,17,1,1,0","iri,leg_up,-27,-68.4,-25,0,8,1,1,0","iri,leg_low,-45,-42.4,-41,0,14,1,1,0","iri,foot,-46.8,-2.4,-23,0,13,1,1,0","iri,leg_up,59,-69.4,51.7,0,12,1,1,0","iri,leg_low,67,-54.4,11.5,0,15,1,1,0","iri,foot,94.2,-12.4,8.5,0,15,1,1,0","iri,base,1.2,-108.4,72,0,14,1,1,0",,"iri,minibag,-11.6,-101.2,-11,0,5,1,1,0",,,,,,,,,,,,,,,,,,,,,,,,,,,"iri,backpack,-25,-220.8,2,0,17,1,1,0",,,,,,,,,,,,,,,,,,,,,,,,,,,,,,,,,,,,,,,,,,,,,,,,,,,,,,,,,,,,,,,,,,,,,,,,,,
Skill3/0,"iri,head,45,-323.4,-6.5,0,4,1,1,0","iri,neck,36,-270.4,-20,0,7,1,1,0","iri,body,15.6,-168.4,-15.5,0,6,1,1,0","iri,arm_up,-68.4,-225.2,-21,0,6,1,1,0","iri,arm_low,-92,-165,7,0,15,1,1,0","iri,open_back,-83,-114,32,0,14,1,1,0","iri,arm_up_back,75.2,-211.6,64,0,13,1,1,0","iri,arm_low,103.2,-230,-145,0,15,1,1,0","iri,open,73.2,-259.6,-136,0,17,1,1,0","iri,leg_up,-45,-88.4,-29,0,8,1,1,0","iri,leg_low,-61,-62.4,-34,0,14,1,1,0","iri,foot,-56.8,-19.4,-10.6,0,13,1,1,0","iri,leg_up,52,-80.4,46.7,0,12,1,1,0","iri,leg_low,64,-55.4,5.5,0,15,1,1,0","iri,foot,90.2,-18.4,8.5,0,15,1,1,0","iri,base,-2.8,-118.4,79,0,14,1,1,0",,"iri,minibag,-33.6,-107.2,-20,0,5,1,1,0",,,,,,,,,,,,,,,,,,,,,,,,,,,"iri,backpack,-20,-232.8,-16,0,16,1,1,0",,,,,,,,,,,,,,,,,,,,,,,,,,,,,,,,,,,,,,,,,,,,,,,,,,,,,,,,,,,,,,,,,,,,,,,,,,
Skill3/1,"iri,head,45,-323.4,-3.5,0,4,1,1,0","iri,neck,36,-270.4,-20,0,7,1,1,0","iri,body,15.6,-168.4,-12.5,0,6,1,1,0","iri,arm_up,-70.4,-219.2,-21,0,6,1,1,0","iri,arm_low,-94,-157,10,0,15,1,1,0","iri,open_back,-83,-109,29,0,14,1,1,0","iri,arm_up_back,77.2,-225.6,71,0,13,1,1,0","iri,arm_low,109.2,-244,-142,0,15,1,1,0","iri,open,85.2,-269.6,-141,0,17,1,1,0","iri,leg_up,-43,-84.4,-28,0,8,1,1,0","iri,leg_low,-59,-55.4,-34,0,14,1,1,0","iri,foot,-53.8,-14.4,-8.6,0,13,1,1,0","iri,leg_up,55,-77.4,46.7,0,12,1,1,0","iri,leg_low,67,-55.4,9.5,0,15,1,1,0","iri,foot,92.2,-18.4,8.5,0,15,1,1,0","iri,base,-2.8,-118.4,79,0,14,1,1,0",,"iri,minibag,-27.6,-111.2,-13,0,5,1,1,0",,,,,,,,,,,,,,,,,,,,,,,,,,,"iri,backpack,-20,-228.8,-13,0,16,1,1,0",,,,,,,,,,,,,,,,,,,,,,,,,,,,,,,,,,,,,,,,,,,,,,,,,,,,,,,,,,,,,,,,,,,,,,,,play_time_mod_0.5,,
Skill3/2,"iri,head,19,-325.4,-3.5,0,4,1,1,0","iri,neck,10,-272.4,-20,0,7,1,1,0","iri,body,9.6,-176.4,-2.5,0,6,1,1,0","iri,arm_up,-78.4,-211.2,-18,0,6,1,1,0","iri,arm_low,-98,-142.6,13,0,15,1,1,0","iri,open_back,-83.4,-101.2,29,0,14,1,1,0","iri,arm_up_back,67.2,-235.6,76,0,13,1,1,0","iri,arm_low,93.2,-262,-137,0,15,1,1,0","iri,open,85.2,-269.6,-141,0,17,1,1,0","iri,leg_up,-43,-84.4,-29,0,8,1,1,0","iri,leg_low,-59,-58.4,-34,0,14,1,1,0","iri,foot,-54.8,-15.4,-10.6,0,13,1,1,0","iri,leg_up,52,-80.4,26.7,0,12,1,1,0","iri,leg_low,64,-55.4,5.5,0,15,1,1,0","iri,foot,90.2,-18.4,8.5,0,15,1,1,0","iri,base,-2.8,-116.4,87,0,14,1,1,0",,"iri,minibag,-27.6,-119.2,-13,0,5,1,1,0","iri,summon_scorpion,46.4,-293.2,-45,0,18,1,1,0",,,,,,,,,,,,,,,,,,,,,,,,,,"iri,backpack,-32,-230.8,-10,0,16,1,1,0",,,,,,,,,,,,,,,,,,,,,,,,,,,,,,,,,,,,,,,,,,,,,,,,,,,,,,,,,,,,,,,,,,,,,,,,,,
Skill3/3,"iri,head,5,-329.4,-0.5,0,4,1,1,0","iri,neck,4,-272.4,-20,0,7,1,1,0","iri,body,5.6,-180.4,-0.5,0,6,1,1,0","iri,arm_up,-84.4,-209.2,-18,0,6,1,1,0","iri,arm_low,-104,-140.6,13,0,15,1,1,0","iri,open_back,-89.4,-99.2,29,0,14,1,1,0","iri,arm_up_back,79.2,-239.6,121,0,13,1,1,0","iri,arm_low,123.2,-290,152,0,15,1,1,0","iri,fist,141.2,-347.2,-170,1,17,1,1,0","iri,leg_up,-44,-85.4,-29,0,8,1,1,0","iri,leg_low,-60,-59.4,-34,0,14,1,1,0","iri,foot,-55.8,-16.4,-10.6,0,13,1,1,0","iri,leg_up,52,-80.4,16.7,0,12,1,1,0","iri,leg_low,64,-55.4,5.5,0,15,1,1,0","iri,foot,90.2,-18.4,8.5,0,15,1,1,0","iri,base,-2.8,-116.4,92,0,14,1,1,0",,"iri,minibag,-29.6,-119.2,-2,0,5,1,1,0","iri,summon_scorpion,204,-420,-41,0,18,1,1,0",,,,,,,,,,,,,,,,,,,,,,,,,,"iri,backpack,-38,-222.8,-2,0,16,1,1,0",,,,,,,,,,,,,,,,,,,,,,,,,,,,,,,,,,,,,,,,,,,,,,,,,,,,,,,,,,,,,,,,,,,,,,,,play_time_mod_0.3,,
Skill3/4,"iri,head,33,-329.4,-9.5,0,4,1,1,0","iri,neck,24,-272.4,-20,0,7,1,1,0","iri,body,13.6,-180.4,-6.5,0,6,1,1,0","iri,arm_up,-73.4,-211.2,-18,0,6,1,1,0","iri,arm_low,-93,-142.6,13,0,15,1,1,0","iri,open_back,-82.4,-91.2,19,0,14,1,1,0","iri,arm_up_back,61.2,-247.6,47,0,13,1,1,0","iri,arm_low,153.6,-218.4,85,0,15,1,1,0","iri,open,209.2,-213.2,109,0,20,1,1,0","iri,leg_up,-41,-79.4,-34,0,8,1,1,0","iri,leg_low,-57,-57.4,-36,0,14,1,1,0","iri,foot,-50.8,-14.4,-6.6,0,13,1,1,0","iri,leg_up,60,-80.4,21.7,0,12,1,1,0","iri,leg_low,72,-59.4,0.5,0,15,1,1,0","iri,foot,94.2,-18.4,0.5,0,15,1,1,0","iri,base,-2.8,-116.4,87,0,14,1,1,0",,"iri,minibag,-27.6,-119.2,-13,0,5,1,1,0","iri,summon_scorpion,223.2,-272.4,0,0,18,1,1,0",,,,,,,,,,,,,,,,,,,,,,,,,,"iri,backpack,-23,-222.8,-8,0,16,1,1,0",,,,,,,,,,,,,,,,,,,,,,,,,,,,,,,,,,,,,,,,,,,,,,,,,,,,,,,,,,,,,,,,,,,,,,,,,,
Skill3/5,"iri,head,64,-318.4,-20.5,0,4,1,1,0","iri,neck,50,-270.4,-22,0,7,1,1,0","iri,body,18.6,-175.4,-18.5,0,6,1,1,0","iri,arm_up,-57.4,-224.2,-22,0,6,1,1,0","iri,arm_low,-75,-155.6,13,0,15,1,1,0","iri,open_back,-57,-110,56,0,14,1,1,0","iri,arm_up_back,67.2,-241.6,52,0,13,1,1,0","iri,arm_low,153.6,-202.4,77,0,15,1,1,0","iri,open,219.2,-190.2,115,0,20,1,1,0","iri,leg_up,-45,-88.4,-34,0,8,1,1,0","iri,leg_low,-66,-66.4,-36,0,14,1,1,0","iri,foot,-61.8,-23.4,-17.6,0,13,1,1,0","iri,leg_up,49,-79.4,31.7,0,12,1,1,0","iri,leg_low,66,-58.4,20.5,0,15,1,1,0","iri,foot,96.2,-18.4,7.5,0,15,1,1,0","iri,base,-2.8,-116.4,75,0,14,1,1,0",,"iri,minibag,-37.6,-123.2,-23,0,5,1,1,0",,,,,,,,,,,,,,,,,,,,,,,,,,,"iri,backpack,-24,-228.8,-13,0,16,1,1,0",,,,,,,,,,,,,,,,,,,,,,,,,,,,,,,,,,,,,,,,,,,,,,,,,,,,,,,,,,,,,,,,"summon_scorpion,base,225.6,-194,0,0,0,1,1,1",,,,,,,,,,"mechanic_click,2000,0"
Skill3/6,"iri,head,54,-320.4,-13.5,0,4,1,1,0","iri,neck,42,-286.4,-20,0,7,1,1,0","iri,body,21.6,-174.4,-11.5,0,6,1,1,0","iri,arm_up,-64.4,-218.2,-18,0,6,1,1,0","iri,arm_low,-84,-149.6,13,0,15,1,1,0","iri,open_back,-69.4,-103.2,35,0,14,1,1,0","iri,arm_up_back,79,-234,66,0,13,1,1,0","iri,arm_low,150,-235,113,1,15,1,1,0","iri,open_back,190,-261,106,1,17,1,1,0","iri,leg_up,-41,-84.4,-34,0,8,1,1,0","iri,leg_low,-57,-62.4,-36,0,14,1,1,0","iri,foot,-50.8,-19.4,-6.6,0,13,1,1,0","iri,leg_up,47,-78.4,21.7,0,12,1,1,0","iri,leg_low,64,-56.4,23.5,0,15,1,1,0","iri,foot,94.2,-18.4,0.5,0,15,1,1,0","iri,base,-2.8,-116.4,87,0,14,1,1,0",,"iri,minibag,-25.6,-118.2,-13,0,5,1,1,0",,,,,,,,,,,,,,,,,,,,,,,,,,,"iri,backpack,-24,-222.8,-4,0,16,1,1,0",,,,,,,,,,,,,,,,,,,,,,,,,,,,,,,,,,,,,,,,,,,,,,,,,,,,,,,,,,,,,,,,,,,,,,,,,,
Skill3/7,"iri,head,47,-321.4,-8.5,0,4,1,1,0","iri,neck,36,-270.4,-20,0,7,1,1,0","iri,body,15.6,-168.4,-15.5,0,6,1,1,0","iri,arm_up,-68.4,-218.2,-18,0,6,1,1,0","iri,arm_low,-88,-149.6,13,0,15,1,1,0","iri,open_back,-73.4,-108.2,29,0,14,1,1,0","iri,arm_up_back,78,-210,62,0,13,1,1,0","iri,arm_low,119,-215,-175,0,15,1,1,0","iri,open,107,-285,-146,0,17,1,1,0","iri,leg_up,-45,-88.4,-29,0,8,1,1,0","iri,leg_low,-61,-62.4,-34,0,14,1,1,0","iri,foot,-56.8,-19.4,-10.6,0,13,1,1,0","iri,leg_up,45,-77.4,31.7,0,12,1,1,0","iri,leg_low,59,-55.4,15.5,0,15,1,1,0","iri,foot,89.2,-18.4,8.5,0,15,1,1,0","iri,base,-2.8,-118.4,79,0,14,1,1,0",,"iri,minibag,-37.6,-115.2,-20,0,5,1,1,0",,,,,,,,,,,,,,,,,,,,,,,,,,,"iri,backpack,-20,-227.8,-13,0,16,1,1,0",,,,,,,,,,,,,,,,,,,,,,,,,,,,,,,,,,,,,,,,,,,,,,,,,,,,,,,,,,,,,,,,,,,,,,,,play_time_mod_0.5,,
Standup/0,"iri,head,-230.8,-98.8,84.5,0,4,1,1,0","iri,neck,-188,-84,102,0,7,1,1,0","iri,body,-74.4,-92.4,93.5,0,6,1,1,0","iri,arm_up,-88,12.8,76,0,6,1,1,0","iri,arm_low,-14.4,46,66,0,15,1,1,0","iri,open,41.2,59.4,60,1,16,1,1,0","iri,arm_up_back,-121.2,-142.4,82,0,13,1,1,0","iri,arm_low,-34,-152,82,0,15,1,1,0","iri,open,12.8,-138.4,65,0,17,1,1,0","iri,leg_up,19,-62.4,108,0,8,1,1,0","iri,leg_low,44.8,-38.8,47,0,14,1,1,0","iri,foot,82.4,-11.6,21,0,13,1,1,0","iri,leg_up,18.8,-115.2,93.7,0,12,1,1,0","iri,leg_low,46.8,-92.4,56.5,0,15,1,1,0","iri,foot,88.4,-77.2,36.5,0,15,1,1,0","iri,base,-14.8,-82.4,-178,0,14,1,1,0",,"iri,minibag,-5.6,-57.2,44,0,5,1,1,0",,,,,,,,,,,,,,,,,,,,,,,,,,,"iri,backpack,-130,-48.4,110,0,16,1,1,0",,,,,,,,,,,,,,,,,,,,,,,,,,,,,,,,,,,,,,,,,,,,,,,,,,,,,,,,,,,,,,,,,,,,,,,,play_time_mod_1.3,,
Standup/1,"iri,head,-242.8,-104.8,86.5,1,4,1,1,0","iri,neck,-192,-98,107,0,7,1,1,0","iri,body,-74.4,-98.4,89.5,1,6,1,1,0","iri,arm_up,-103.2,-119.2,29,1,5,1,1,0","iri,arm_low,-53.6,-25.6,20,0,4,1,1,0","iri,open,-54.4,25.2,2,0,16,1,1,0","iri,arm_up_back,-112.8,-30.8,72,1,13,1,1,0","iri,arm_low,-110.4,10.8,-77,0,15,1,1,0","iri,open,-173.6,17.8,-65,0,17,1,1,0","iri,leg_up,19,-106.4,91,0,8,1,1,0","iri,leg_low,47.6,-104,99,0,14,1,1,0","iri,foot,79.2,-84.4,100,1,13,1,1,0","iri,leg_up,18.8,-41.2,63.7,0,12,1,1,0","iri,leg_low,46.8,-20.4,48.5,0,15,1,1,0","iri,foot,82,-10.4,100,1,15,1,1,0","iri,base,-10.8,-116.4,0,0,14,1,1,0",,"iri,minibag,-17.6,-133.2,120,0,5,1,1,0",,,,,,,,,,,,,,,,,,,,,,,,,,,"iri,backpack,-130,-114.4,102,1,16,1,1,0",,,,,,,,,,,,,,,,,,,,,,,,,,,,,,,,,,,,,,,,,,,,,,,,,,,,,,,,,,,,,,,,"movement,swirl,-74.4,-132.8,89,0,1,1,1,0",,,,,,,,,,
Standup/2,"iri,head,-222.8,-160.8,73.5,1,4,1,1,0","iri,neck,-186,-134,98,0,7,1,1,0","iri,body,-74.4,-114.4,69.5,1,6,1,1,0","iri,arm_up,-71.2,-163.2,23,1,5,1,1,0","iri,arm_low,-27.6,-79.6,20,0,6,1,1,0","iri,open,-22.4,-28.8,16,0,5,1,1,0","iri,arm_up_back,-126.8,-56.8,48,1,13,1,1,0","iri,arm_low,-124.4,-7.2,-59,0,15,1,1,0","iri,open,-179.6,16.8,-49,0,17,1,1,0","iri,leg_up,37,-95.4,65,0,8,1,1,0","iri,leg_low,69.6,-78,91,0,14,1,1,0","iri,foot,93.2,-46.4,73,1,13,1,1,0","iri,leg_up,2.8,-33.2,41.7,0,12,1,1,0","iri,leg_low,26.8,-20.4,48.5,0,15,1,1,0","iri,foot,34,-6.4,61,1,15,1,1,0","iri,base,25.2,-114.4,-14,0,14,1,1,0",,"iri,minibag,10.4,-121.2,69,0,5,1,1,0",,,,,,,,,,,,,,,,,,,,,,,,,,,"iri,backpack,-95,-198,79,1,16,1,1,0",,,,,,,,,,,,,,,,,,,,,,,,,,,,,,,,,,,,,,,,,,,,,,,,,,,,,,,,,,,,,,,,,,,,,,,,play_time_mod_0.5,,
Standup/3,"iri,head,-178,-254.8,38.5,1,4,1,1,0","iri,neck,-144,-193.2,32,1,7,1,1,0","iri,body,-66.4,-142.4,49.5,1,6,1,1,0","iri,arm_up,-65.2,-163.6,-8,1,5,1,1,0","iri,arm_low,-65.6,-59.6,-14,0,4,1,1,0","iri,open,-82.4,-6.8,-6,0,16,1,1,0","iri,arm_up_back,-156.8,-90.8,-10,1,13,1,1,0","iri,arm_low,-185.2,-39.6,-54,0,15,1,1,0","iri,open,-232.8,-5.8,-46,0,17,1,1,0","iri,leg_up,36,-103.4,90,0,8,1,1,0","iri,leg_low,67.6,-86,69,0,14,1,1,0","iri,foot,91.2,-44.4,51,1,13,1,1,0","iri,leg_up,-21.2,-50.2,11.7,0,12,1,1,0","iri,leg_low,-21.2,-34.4,17.5,0,15,1,1,0","iri,foot,-24,1.6,13,1,15,1,1,0","iri,base,5.2,-122.4,-29,0,14,1,1,0",,"iri,minibag,10.8,-133.2,63,0,5,1,1,0",,,,,,,,,,,,,,,,,,,,,,,,,,,"iri,backpack,-79.2,-195.6,49,1,16,1,1,0",,,,,,,,,,,,,,,,,,,,,,,,,,,,,,,,,,,,,,,,,,,,,,,,,,,,,,,,,,,,,,,,,,,,,,,,play_time_mod_0.5,,
Standup/4,"iri,head,-95.8,-316.4,12.5,1,4,1,1,0","iri,neck,-81.8,-274.8,19,1,7,1,1,0","iri,body,-44.4,-166.4,27.5,1,6,1,1,0","iri,arm_up,-13.2,-193.6,-8,1,5,1,1,0","iri,arm_low,-31.6,-125.6,-39,0,6,1,1,0","iri,open,-81.8,-83.4,-31,0,5,1,1,0","iri,arm_up_back,-123.6,-182.4,-18,1,13,1,1,0","iri,arm_low,-172.8,-114.8,-39,0,15,1,1,0","iri,open,-208.4,-67.4,-19,0,17,1,1,0","iri,leg_up,31,-86.4,30,0,8,1,1,0","iri,leg_low,53.6,-58,68,0,14,1,1,0","iri,foot,59.2,-30.4,26,1,13,1,1,0","iri,leg_up,-53.2,-69.2,35.7,0,12,1,1,0","iri,leg_low,-55.2,-48.4,14.5,0,15,1,1,0","iri,foot,-58,-18.4,6,1,15,1,1,0","iri,base,-5.8,-122.4,-75,0,14,1,1,0",,"iri,minibag,20.8,-123.2,25,0,5,1,1,0",,,,,,,,,,,,,,,,,,,,,,,,,,,"iri,backpack,-9.6,-200,14,1,16,1,1,0",,,,,,,,,,,,,,,,,,,,,,,,,,,,,,,,,,,,,,,,,,,,,,,,,,,,,,,,,,,,,,,,,,,,,,,,,,
Standup/5,"iri,head,-51.8,-344.4,12.5,1,4,1,1,0","iri,neck,-43.8,-300.8,0,1,7,1,1,0","iri,body,-26.4,-180.4,14.5,1,6,1,1,0","iri,arm_up,60.2,-225.2,24,1,5,1,1,0","iri,arm_low,87.8,-167.2,7,0,6,1,1,0","iri,open,94,-110.4,36,0,18,1,1,0","iri,arm_up_back,-99.6,-216.4,-18,1,13,1,1,0","iri,arm_low,-148.8,-148.8,-34,0,15,1,1,0","iri,open,-180.4,-114.4,-29,0,17,1,1,0","iri,leg_up,31,-85.4,25,0,8,1,1,0","iri,leg_low,52.6,-55,36,0,14,1,1,0","iri,foot,58.2,-16.4,39,1,13,1,1,0","iri,leg_up,-53.2,-79.2,35.7,0,12,1,1,0","iri,leg_low,-77.2,-60.4,-4.5,0,15,1,1,0","iri,foot,-99,-18.4,-1,1,15,1,1,0","iri,base,1.2,-122.4,-79,0,14,1,1,0",,"iri,minibag,30.8,-123.2,7,0,5,1,1,0",,,,,,,,,,,,,,,,,,,,,,,,,,,"iri,backpack,16.4,-220,14,1,16,1,1,0",,,,,,,,,,,,,,,,,,,,,,,,,,,,,,,,,,,,,,,,,,,,,,,,,,,,,,,,,,,,,,,,,,,,,,,,,,
Standup/6,"iri,head,75,-315.4,-18.5,0,4,1,1,0","iri,neck,36,-270.4,-20,0,7,1,1,0","iri,body,21.6,-168.4,-19.5,0,6,1,1,0","iri,arm_up,-63.4,-217.2,-31,0,5,1,1,0","iri,arm_low,-114,-155.6,-19,0,15,1,1,0","iri,open_back,-122.4,-107.2,-26,1,17,1,1,0","iri,arm_up_back,75.2,-211.6,64,0,13,1,1,0","iri,arm_low,147.2,-196,92,0,15,1,1,0","iri,open,200.6,-204,81,1,17,1,1,0","iri,leg_up,-46,-85.4,1,0,8,1,1,0","iri,leg_low,-69,-58.4,-31,0,14,1,1,0","iri,foot,-60.8,-19.4,0.4,0,13,1,1,0","iri,leg_up,52,-80.4,46.7,0,12,1,1,0","iri,leg_low,54,-55.4,5.5,0,15,1,1,0","iri,foot,74.2,-18.4,8.5,0,15,1,1,0","iri,base,-2.8,-114.4,68,0,14,1,1,0",,"iri,minibag,-31.6,-121.2,-48,0,5,1,1,0",,,,,,,,,,,,,,,,,,,,,,,,,,,"iri,backpack,4,-226.8,2,0,16,1,1,0",,,,,,,,,,,,,,,,,,,,,,,,,,,,,,,,,,,,,,,,,,,,,,,,,,,,,,,,,,,,,,,,"movement,swirl,19.6,-182.4,-10,0,0,1,1,0",,,,,,,,,,
Standup/7,"iri,head,45,-323.4,-6.5,0,4,1,1,0","iri,neck,36,-270.4,-20,0,7,1,1,0","iri,body,15.6,-168.4,-15.5,0,6,1,1,0","iri,arm_up,-74.4,-215.2,-28,0,7,1,1,0","iri,arm_low,-100,-141.6,25,0,15,1,1,0","iri,open_back,-75.4,-107.2,57,0,14,1,1,0","iri,arm_up_back,75.2,-211.6,64,0,13,1,1,0","iri,arm_low,103.2,-230,-145,0,15,1,1,0","iri,open,73.2,-259.6,-136,0,17,1,1,0","iri,leg_up,-45,-88.4,-29,0,8,1,1,0","iri,leg_low,-61,-62.4,-34,0,14,1,1,0","iri,foot,-56.8,-19.4,-10.6,0,13,1,1,0","iri,leg_up,52,-80.4,46.7,0,12,1,1,0","iri,leg_low,64,-55.4,5.5,0,15,1,1,0","iri,foot,90.2,-18.4,8.5,0,15,1,1,0","iri,base,-2.8,-118.4,79,0,14,1,1,0",,"iri,minibag,-33.6,-107.2,-20,0,5,1,1,0",,,,,,,,,,,,,,,,,,,,,,,,,,,"iri,backpack,-20,-232.8,-16,0,16,1,1,0",,,,,,,,,,,,,,,,,,,,,,,,,,,,,,,,,,,,,,,,,,,,,,,,,,,,,,,,,,,,,,,,,,,,,,,,,,
Walk/0,"iri,head,21,-337.4,-6.5,0,4,1,1,0","iri,neck,25,-282.4,-17,0,7,1,1,0","iri,body,9.6,-180.4,-6.5,0,6,1,1,0","iri,arm_up,-84.4,-213.2,-21,0,7,1,1,0","iri,arm_low,-108,-145.6,18,0,15,1,1,0","iri,open_back,-88.4,-109.2,34,0,14,1,1,0","iri,arm_up_back,71.2,-233.6,66,0,13,1,1,0","iri,arm_low,91.2,-258,-145,0,15,1,1,0","iri,open,51.2,-295.6,-133,0,17,1,1,0","iri,leg_up,-31,-90.4,-46.2,0,8,1,1,0","iri,leg_low,-61,-62.4,-40,0,14,1,1,0","iri,foot,-60.8,-25.4,-20.6,0,13,1,1,0","iri,leg_up,42,-84.4,8.7,0,12,1,1,0","iri,leg_low,52,-51.4,13.5,0,15,1,1,0","iri,foot,82.2,-18.4,5.5,0,15,1,1,0","iri,base,-12.8,-120.4,83,0,14,1,1,0",,"iri,minibag,-31.6,-115.2,-17,0,5,1,1,0",,,,,,,,,,,,,,,,,,,,,,,,,,,"iri,backpack,-28,-236.8,-6,0,16,1,1,0",,,,,,,,,,,,,,,,,,,,,,,,,,,,,,,,,,,,,,,,,,,,,,,,,,,,,,,,,,,,,,,,,,,,,,,,,,
Walk/1,"iri,head,23,-341.4,-8.5,0,4,1,1,0","iri,neck,26,-287.4,-18,0,7,1,1,0","iri,body,5.6,-184.4,-8.5,0,6,1,1,0","iri,arm_up,-84.4,-219.2,-21,0,7,1,1,0","iri,arm_low,-104,-151.6,13,0,15,1,1,0","iri,open_back,-88.4,-115.2,38,0,14,1,1,0","iri,arm_up_back,67.2,-229.6,72,0,13,1,1,0","iri,arm_low,97.2,-250,-142,0,15,1,1,0","iri,open,57.2,-287.6,-133,0,17,1,1,0","iri,leg_up,-43,-94.4,-22.2,0,8,1,1,0","iri,leg_low,-43,-76.4,-40,0,14,1,1,0","iri,foot,-30.8,-43.4,-12.6,0,13,1,1,0","iri,leg_up,30,-84.4,-5.3,0,12,1,1,0","iri,leg_low,30,-51.4,-6.5,0,15,1,1,0","iri,foot,48.2,-18.4,0.5,0,15,1,1,0","iri,base,-18.8,-126.4,83,0,14,1,1,0",,"iri,minibag,-31.6,-117.2,-14,0,5,1,1,0",,,,,,,,,,,,,,,,,,,,,,,,,,,"iri,backpack,-34,-236.8,-8,0,16,1,1,0",,,,,,,,,,,,,,,,,,,,,,,,,,,,,,,,,,,,,,,,,,,,,,,,,,,,,,,,,,,,,,,,,,,,,,,,,,
Walk/2,"iri,head,27,-341.4,-10.5,0,4,1,1,0","iri,neck,25,-286.4,-17,0,7,1,1,0","iri,body,5.6,-184.4,-10.5,0,6,1,1,0","iri,arm_up,-86.4,-225.2,-24,0,7,1,1,0","iri,arm_low,-104,-151.6,22,0,15,1,1,0","iri,open_back,-90.4,-121.2,44,0,14,1,1,0","iri,arm_up_back,65.2,-229.6,67,0,13,1,1,0","iri,arm_low,93.2,-248,-142,0,15,1,1,0","iri,open,63.2,-277.6,-133,0,17,1,1,0","iri,leg_up,-27,-94.4,9.8,0,8,1,1,0","iri,leg_low,-3,-76.4,38,0,14,1,1,0","iri,foot,5.2,-49.4,-2.6,0,13,1,1,0","iri,leg_up,18,-92.4,-24.3,0,12,1,1,0","iri,leg_low,2,-51.4,-15.5,0,15,1,1,0","iri,foot,14.2,-24.4,-3.5,0,15,1,1,0","iri,base,-22.8,-128.4,76,0,14,1,1,0",,"iri,minibag,-37.6,-127.2,-17,0,5,1,1,0",,,,,,,,,,,,,,,,,,,,,,,,,,,"iri,backpack,-32,-236.8,-11,0,16,1,1,0",,,,,,,,,,,,,,,,,,,,,,,,,,,,,,,,,,,,,,,,,,,,,,,,,,,,,,,,,,,,,,,,,,,,,,,,,,
Walk/3,"iri,head,33,-337.4,-12.5,0,4,1,1,0","iri,neck,30,-282.4,-20,0,7,1,1,0","iri,body,5.6,-184.4,-12.5,0,6,1,1,0","iri,arm_up,-86.4,-227.2,-28,0,7,1,1,0","iri,arm_low,-112,-153.6,14,0,15,1,1,0","iri,open_back,-100.4,-125.2,41,0,14,1,1,0","iri,arm_up_back,63.2,-223.6,64,0,13,1,1,0","iri,arm_low,91.2,-242,-145,0,15,1,1,0","iri,open,61.2,-271.6,-136,0,17,1,1,0","iri,leg_up,-33,-102.4,19,0,8,1,1,0","iri,leg_low,-12.4,-76,56,0,14,1,1,0","iri,foot,29.2,-41.4,4.4,0,13,1,1,0","iri,leg_up,12,-92.4,-24.3,0,16,1,1,0","iri,leg_low,-6,-51.4,-15.5,0,15,1,1,0","iri,foot,2.2,-24.4,-6.5,0,15,1,1,0","iri,base,-24.8,-130.4,75,0,14,1,1,0",,"iri,minibag,-37.6,-127.2,-9,0,5,1,1,0",,,,,,,,,,,,,,,,,,,,,,,,,,,"iri,backpack,-24,-232.8,-16,0,16,1,1,0",,,,,,,,,,,,,,,,,,,,,,,,,,,,,,,,,,,,,,,,,,,,,,,,,,,,,,,,,,,,,,,,,,,,,,,,,,
Walk/4,"iri,head,43,-333.4,-14.5,0,4,1,1,0","iri,neck,37,-284.4,-18,0,7,1,1,0","iri,body,13.6,-176.4,-12.5,0,6,1,1,0","iri,arm_up,-76.4,-217.2,-24,0,7,1,1,0","iri,arm_low,-100,-143.6,22,0,15,1,1,0","iri,open_back,-80.4,-113.2,44,0,14,1,1,0","iri,arm_up_back,69.2,-211.6,67,0,13,1,1,0","iri,arm_low,97.2,-230,-142,0,15,1,1,0","iri,open,67.2,-259.6,-133,0,17,1,1,0","iri,leg_up,-19,-100.4,29.8,0,8,1,1,0","iri,leg_low,29,-56.4,46,0,14,1,1,0","iri,foot,55.2,-19.4,1.4,0,13,1,1,0","iri,leg_up,-4,-96.4,-57.3,0,12,1,1,0","iri,leg_low,-34,-61.4,-41.5,0,15,1,1,0","iri,foot,-31.8,-24.4,-17.5,0,15,1,1,0","iri,base,-14.8,-122.4,75,0,14,1,1,0",,"iri,minibag,-31.6,-121.2,-12,0,5,1,1,0",,,,,,,,,,,,,,,,,,,,,,,,,,,"iri,backpack,-16,-228.8,-22,0,16,1,1,0",,,,,,,,,,,,,,,,,,,,,,,,,,,,,,,,,,,,,,,,,,,,,,,,,,,,,,,,,,,,,,,,,,,,,,,,,,
Walk/5,"iri,head,27,-341.4,-5.5,0,4,1,1,0","iri,neck,32,-293.4,-18,0,7,1,1,0","iri,body,9.6,-188.4,-7.5,0,6,1,1,0","iri,arm_up,-84.4,-225.2,-21,0,7,1,1,0","iri,arm_low,-102,-153.6,18,0,15,1,1,0","iri,open_back,-88.4,-121.2,38,0,14,1,1,0","iri,arm_up_back,67.2,-227.6,72,0,13,1,1,0","iri,arm_low,97.2,-248,-142,0,15,1,1,0","iri,open,57.2,-285.6,-133,0,17,1,1,0","iri,leg_up,-15,-96.4,18.8,0,8,1,1,0","iri,leg_low,7,-54.4,33,0,14,1,1,0","iri,foot,27.2,-19.4,1.4,0,13,1,1,0","iri,leg_up,20,-108.4,-39.3,0,12,1,1,0","iri,leg_low,6,-55.4,-41.5,0,15,1,1,0","iri,foot,-5.8,-42.4,-34.5,0,15,1,1,0","iri,base,-16.8,-130.4,79,0,14,1,1,0",,"iri,minibag,-35.6,-129.2,-3,0,5,1,1,0",,,,,,,,,,,,,,,,,,,,,,,,,,,"iri,backpack,-24,-236.8,-16,0,16,1,1,0",,,,,,,,,,,,,,,,,,,,,,,,,,,,,,,,,,,,,,,,,,,,,,,,,,,,,,,,,,,,,,,,,,,,,,,,,,
Walk/6,"iri,head,23,-341.4,-3.5,0,4,1,1,0","iri,neck,26,-295.4,-17,0,7,1,1,0","iri,body,9.6,-188.4,-5.5,0,6,1,1,0","iri,arm_up,-84.4,-225.2,-23,0,7,1,1,0","iri,arm_low,-102,-153.6,22,0,15,1,1,0","iri,open_back,-88.4,-121.2,41,0,14,1,1,0","iri,arm_up_back,67.2,-233.6,75,0,13,1,1,0","iri,arm_low,97.2,-252,-142,0,15,1,1,0","iri,open,57.2,-285.6,-133,0,17,1,1,0","iri,leg_up,-27,-90.4,10.8,0,8,1,1,0","iri,leg_low,-13,-54.4,27,0,14,1,1,0","iri,foot,3.2,-19.4,1.4,0,13,1,1,0","iri,leg_up,28,-94.4,32,0,12,1,1,0","iri,leg_low,36,-65.4,1,0,15,1,1,0","iri,foot,18.2,-44.4,-82,0,16,1,1,0","iri,base,-16.8,-130.4,81,0,14,1,1,0",,"iri,minibag,-35.6,-129.2,-3,0,5,1,1,0",,,,,,,,,,,,,,,,,,,,,,,,,,,"iri,backpack,-26,-236.8,-8,0,16,1,1,0",,,,,,,,,,,,,,,,,,,,,,,,,,,,,,,,,,,,,,,,,,,,,,,,,,,,,,,,,,,,,,,,,,,,,,,,,,
Walk/7,"iri,head,17,-343.4,-3.5,0,4,1,1,0","iri,neck,20,-286.4,-5,0,7,1,1,0","iri,body,7.6,-190.4,-3.5,0,6,1,1,0","iri,arm_up,-86.4,-221.2,-18,0,7,1,1,0","iri,arm_low,-100,-149.6,21,0,15,1,1,0","iri,open_back,-86.4,-117.2,38,0,14,1,1,0","iri,arm_up_back,65.2,-235.6,72,0,13,1,1,0","iri,arm_low,95.2,-256,-142,0,15,1,1,0","iri,open,55.2,-293.6,-133,0,17,1,1,0","iri,leg_up,-29,-90.4,-21.2,0,8,1,1,0","iri,leg_low,-39,-60.4,14,0,14,1,1,0","iri,foot,-28.8,-19.4,-2.6,0,13,1,1,0","iri,leg_up,40,-102.4,-50.3,0,12,1,1,0","iri,leg_low,50,-71.4,12.5,0,15,1,1,0","iri,foot,80.2,-36.4,-3.5,0,15,1,1,0","iri,base,-14.8,-134.4,87,0,14,1,1,0",,"iri,minibag,-35.6,-129.2,-6,0,5,1,1,0",,,,,,,,,,,,,,,,,,,,,,,,,,,"iri,backpack,-27,-244.8,-3,0,16,1,1,0",,,,,,,,,,,,,,,,,,,,,,,,,,,,,,,,,,,,,,,,,,,,,,,,,,,,,,,,,,,,,,,,,,,,,,,,,,
UseItem2/0,"iri,head,7,-337.4,-2.5,0,4,1,1,0","iri,neck,12,-278.4,-13,0,7,1,1,0","iri,body,1.6,-180.4,-0.5,0,6,1,1,0","iri,arm_up,-94.4,-202.2,-12,0,6,1,1,0","iri,arm_low,-108,-129.6,18,0,15,1,1,0","iri,open_back,-92.4,-91.2,34,0,14,1,1,0","iri,arm_up_back,67.2,-251.6,83,0,13,1,1,0","iri,arm_low,91.2,-280,-133,0,15,1,1,0","iri,open,62.4,-331.2,-133,0,17,1,1,0","iri,leg_up,-43,-86.4,-26,0,8,1,1,0","iri,leg_low,-57,-62.4,-27,0,14,1,1,0","iri,foot,-52.8,-19.4,-5.6,0,13,1,1,0","iri,leg_up,48,-84.4,18.7,0,12,1,1,0","iri,leg_low,64,-55.4,20.5,0,15,1,1,0","iri,foot,90.2,-18.4,5.5,0,15,1,1,0","iri,base,-6.8,-122.4,87,0,14,1,1,0",,"iri,minibag,-33.6,-113.2,-11,0,5,1,1,0",,,,,,,,,,,,,,,,,,,,,,,,,,,"iri,backpack,-24,-240.8,-6,0,16,1,1,0",,,,,,,,,,,,,,,,,,,,,,,,,,,,,,,,,,,,,,,,,,,,,,,,,,,,,,,,,,,,,,,,,,,,,,,,play_time_mod_0.8,,
UseItem2/1,"iri,head,-3,-337.4,0.5,0,4,1,1,0","iri,neck,6,-278.4,-9,0,7,1,1,0","iri,body,1.6,-180.4,1.5,0,6,1,1,0","iri,arm_up,-94.4,-200.2,-9,0,6,1,1,0","iri,arm_low,-96,-129.6,28,0,15,1,1,0","iri,open_back,-76.4,-95.2,40,0,14,1,1,0","iri,arm_up_back,53.2,-253.6,93,0,13,1,1,0","iri,arm_low,83.2,-288,-124,0,15,1,1,0","iri,open,28.4,-319.2,-130,0,17,1,1,0","iri,leg_up,-43,-86.4,-26,0,8,1,1,0","iri,leg_low,-57,-62.4,-27,0,14,1,1,0","iri,foot,-52.8,-19.4,-5.6,0,13,1,1,0","iri,leg_up,48,-84.4,18.7,0,12,1,1,0","iri,leg_low,64,-55.4,20.5,0,15,1,1,0","iri,foot,90.2,-18.4,5.5,0,15,1,1,0","iri,base,-6.8,-122.4,90,0,14,1,1,0",,"iri,minibag,-33.6,-113.2,-6,0,5,1,1,0",,,,,,,,,,,,,,,,,,,,,,,,,,,"iri,backpack,-24,-240.8,-4,0,16,1,1,0",,,,,,,,,,,,,,,,,,,,,,,,,,,,,,,,,,,,,,,,,,,,,,,,,,,,,,,,,,,,,,,,,,,,,,,,play_time_mod_0.5,,
UseItem2/2,"iri,head,-3,-337.4,-1.5,0,4,1,1,0","iri,neck,6,-278.4,-9,0,7,1,1,0","iri,body,1.6,-180.4,1.5,0,6,1,1,0","iri,arm_up,-94.4,-204.2,-12,0,6,1,1,0","iri,arm_low,-100,-133.6,32,0,15,1,1,0","iri,open_back,-80.4,-99.2,44,0,14,1,1,0","iri,arm_up_back,53.2,-253.6,93,0,13,1,1,0","iri,arm_low,81.2,-280,-115,0,15,1,1,0","iri,open,28.4,-309.2,-130,0,17,1,1,0","iri,leg_up,-43,-86.4,-26,0,8,1,1,0","iri,leg_low,-57,-62.4,-27,0,14,1,1,0","iri,foot,-52.8,-19.4,-5.6,0,13,1,1,0","iri,leg_up,48,-84.4,18.7,0,12,1,1,0","iri,leg_low,64,-55.4,20.5,0,15,1,1,0","iri,foot,90.2,-18.4,5.5,0,15,1,1,0","iri,base,-6.8,-122.4,90,0,14,1,1,0",,"iri,minibag,-33.6,-113.2,-6,0,5,1,1,0",,,,,,,,,,,,,,,,,,,,,,,,,,,"iri,backpack,-24,-240.8,-8,0,16,1,1,0",,,,,,,,,,,,,,,,,,,,,,,,,,,,,,,,,,,,,,,,,,,,,,,,,,,,,,,,,,,,,,,,,,,,,,,,play_time_mod_1.2,,
UseItem2/3,"iri,head,11,-337.4,-3.5,0,4,1,1,0","iri,neck,10,-278.4,-11,0,7,1,1,0","iri,body,5.6,-180.4,-4.5,0,6,1,1,0","iri,arm_up,-88.4,-210.2,-16,0,6,1,1,0","iri,arm_low,-104,-141.6,20,0,15,1,1,0","iri,open_back,-92.4,-105.2,42,0,14,1,1,0","iri,arm_up_back,65.2,-243.6,78,0,13,1,1,0","iri,arm_low,122,-279.2,161,0,15,1,1,0","iri,open_back,136.8,-329.6,147,1,17,1,1,0","iri,leg_up,-43,-86.4,-26,0,8,1,1,0","iri,leg_low,-57,-62.4,-27,0,14,1,1,0","iri,foot,-52.8,-19.4,-5.6,0,13,1,1,0","iri,leg_up,48,-84.4,18.7,0,12,1,1,0","iri,leg_low,64,-55.4,20.5,0,15,1,1,0","iri,foot,90.2,-18.4,5.5,0,15,1,1,0","iri,base,-6.8,-122.4,86,0,14,1,1,0",,"iri,minibag,-29.6,-113.2,-13,0,5,1,1,0",,,,,,,,,,,,,,,,,,,,,,,,,,,"iri,backpack,-16,-240.8,-12,0,16,1,1,0",,,,,,,,,,,,,,,,,,,,,,,,,,,,,,,,,,,,,,,,,,,,,,,,,,,,,,"item,resource_kit,158.4,-337.2,-101,0,0,1,1,0",,,,,,,,,,,,,,,,,,,,
UseItem2/4,"iri,head,17,-337.4,-6.5,0,4,1,1,0","iri,neck,10,-278.4,-11,0,7,1,1,0","iri,body,9.6,-180.4,-6.5,0,6,1,1,0","iri,arm_up,-80.4,-215.2,-16,0,6,1,1,0","iri,arm_low,-99,-143.6,17,0,15,1,1,0","iri,open_back,-86.4,-106.2,42,0,14,1,1,0","iri,arm_up_back,71.2,-247.6,80,0,13,1,1,0","iri,arm_low,136,-271.2,139,0,15,1,1,0","iri,open_back,172.8,-321.6,129,1,17,1,1,0","iri,leg_up,-43,-86.4,-26,0,8,1,1,0","iri,leg_low,-57,-62.4,-27,0,14,1,1,0","iri,foot,-52.8,-19.4,-5.6,0,13,1,1,0","iri,leg_up,48,-84.4,18.7,0,12,1,1,0","iri,leg_low,64,-55.4,20.5,0,15,1,1,0","iri,foot,90.2,-18.4,5.5,0,15,1,1,0","iri,base,-6.8,-122.4,84,0,14,1,1,0",,"iri,minibag,-29.6,-113.2,-13,0,5,1,1,0",,,,,,,,,,,,,,,,,,,,,,,,,,,"iri,backpack,-12,-236.8,-13,0,16,1,1,0",,,,,,,,,,,,,,,,,,,,,,,,,,,,,,,,,,,,,,,,,,,,,,,,,,,,,,"item,resource_kit,198,-327,-111,0,0,1,1,0",,,,,,,,,,,,,,,,,,,,
UseItem2/5,"iri,head,25,-337.4,-5.5,0,4,1,1,0","iri,neck,14,-278.4,-11,0,7,1,1,0","iri,body,9.6,-180.4,-8.5,0,6,1,1,0","iri,arm_up,-76.4,-216.2,-17,0,6,1,1,0","iri,arm_low,-94,-145.6,17,0,15,1,1,0","iri,open_back,-78.4,-109.2,42,0,14,1,1,0","iri,arm_up_back,77.2,-243.6,80,0,13,1,1,0","iri,arm_low,150,-257.2,119,0,15,1,1,0","iri,open_back,190.8,-291.6,120,1,17,1,1,0","iri,leg_up,-43,-86.4,-26,0,8,1,1,0","iri,leg_low,-57,-62.4,-27,0,14,1,1,0","iri,foot,-52.8,-19.4,-5.6,0,13,1,1,0","iri,leg_up,48,-82.4,30.7,0,12,1,1,0","iri,leg_low,64,-55.4,20.5,0,15,1,1,0","iri,foot,90.2,-18.4,5.5,0,15,1,1,0","iri,base,-6.8,-122.4,82,0,14,1,1,0",,"iri,minibag,-29.6,-113.2,-10,0,5,1,1,0",,,,,,,,,,,,,,,,,,,,,,,,,,,"iri,backpack,-12,-236.8,-15,0,16,1,1,0",,,,,,,,,,,,,,,,,,,,,,,,,,,,,,,,,,,,,,,,,,,,,,,,,,,,,,"item,resource_kit,228,-296,-121,0,0,1,1,0",,,,,,,,,,,,,,,,,,play_time_mod_0.7,,
UseItem2/6,"iri,head,33,-337.4,-9.5,0,4,1,1,0","iri,neck,14,-278.4,-11,0,7,1,1,0","iri,body,9.6,-180.4,-11.5,0,6,1,1,0","iri,arm_up,-75.4,-218.2,-19,0,6,1,1,0","iri,arm_low,-94,-140.6,18,0,15,1,1,0","iri,open_back,-84.4,-115.2,47,0,14,1,1,0","iri,arm_up_back,77.2,-235.6,83,0,13,1,1,0","iri,arm_low,150,-239.2,89,0,15,1,1,0","iri,open_back,207,-249.4,81,1,17,1,1,0","iri,leg_up,-43,-86.4,-26,0,8,1,1,0","iri,leg_low,-57,-62.4,-27,0,14,1,1,0","iri,foot,-52.8,-19.4,-5.6,0,13,1,1,0","iri,leg_up,48,-78.4,27.7,0,12,1,1,0","iri,leg_low,64,-55.4,20.5,0,15,1,1,0","iri,foot,90.2,-18.4,5.5,0,15,1,1,0","iri,base,-6.8,-122.4,82,0,14,1,1,0",,"iri,minibag,-35.6,-113.2,-13,0,5,1,1,0",,,,,,,,,,,,,,,,,,,,,,,,,,,"iri,backpack,-12,-236.8,-17,0,16,1,1,0",,,,,,,,,,,,,,,,,,,,,,,,,,,,,,,,,,,,,,,,,,,,,,,,,,,,,,"item,resource_kit,228,-195,-131,0,0,1,1,0",,,,,,,,,,,,,,,,,,play_time_mod_0.3,,
UseItem2/7,"iri,head,33,-335.4,-11.5,0,4,1,1,0","iri,neck,18,-278.4,-13,0,7,1,1,0","iri,body,9.6,-180.4,-11.5,0,6,1,1,0","iri,arm_up,-74.4,-227.2,-27,0,6,1,1,0","iri,arm_low,-98,-145.6,19,0,15,1,1,0","iri,open_back,-90.4,-123.2,44,0,14,1,1,0","iri,arm_up_back,77.2,-235.6,76,0,13,1,1,0","iri,arm_low,150,-229.2,87,0,15,1,1,0","iri,open_back,209,-230.4,67,1,17,1,1,0","iri,leg_up,-43,-86.4,-26,0,8,1,1,0","iri,leg_low,-57,-62.4,-27,0,14,1,1,0","iri,foot,-52.8,-19.4,-5.6,0,13,1,1,0","iri,leg_up,48,-78.4,27.7,0,12,1,1,0","iri,leg_low,64,-55.4,20.5,0,15,1,1,0","iri,foot,90.2,-18.4,5.5,0,15,1,1,0","iri,base,-6.8,-122.4,82,0,14,1,1,0",,"iri,minibag,-35.6,-113.2,-10,0,5,1,1,0",,,,,,,,,,,,,,,,,,,,,,,,,,,"iri,backpack,-12,-236.8,-17,0,16,1,1,0",,,,,,,,,,,,,,,,,,,,,,,,,,,,,,,,,,,,,,,,,,,,,,,,,,,,,,"item,resource_kit,228,-145,-141,0,0,1,1,0",,,,,,,,,,,,,,,,,,,,
UseItem2/8,"iri,head,39,-333.4,-17.5,0,4,1,1,0","iri,neck,18,-278.4,-13,0,7,1,1,0","iri,body,9.6,-180.4,-11.5,0,6,1,1,0","iri,arm_up,-74.4,-227.2,-27,0,6,1,1,0","iri,arm_low,-98,-145.6,19,0,15,1,1,0","iri,open_back,-90.4,-123.2,44,0,14,1,1,0","iri,arm_up_back,77.2,-241.6,60,0,13,1,1,0","iri,arm_low,150,-225.2,86,0,15,1,1,0","iri,open_back,206,-228.4,76,1,17,1,1,0","iri,leg_up,-43,-86.4,-26,0,8,1,1,0","iri,leg_low,-57,-62.4,-27,0,14,1,1,0","iri,foot,-52.8,-19.4,-5.6,0,13,1,1,0","iri,leg_up,48,-78.4,27.7,0,12,1,1,0","iri,leg_low,64,-55.4,20.5,0,15,1,1,0","iri,foot,90.2,-18.4,5.5,0,15,1,1,0","iri,base,-6.8,-122.4,82,0,14,1,1,0",,"iri,minibag,-35.6,-113.2,-12,0,5,1,1,0",,,,,,,,,,,,,,,,,,,,,,,,,,,"iri,backpack,-12,-236.8,-19,0,16,1,1,0",,,,,,,,,,,,,,,,,,,,,,,,,,,,,,,,,,,,,,,,,,,,,,,,,,,,,,"item,resource_kit,228,-105,-161,0,0,1,1,0",,,,,,,,,,,,,,,,,,play_time_mod_1.5,,
UseItem2/9,"iri,head,39,-331.4,-20.5,0,4,1,1,0","iri,neck,18,-278.4,-13,0,7,1,1,0","iri,body,9.6,-180.4,-11.5,0,6,1,1,0","iri,arm_up,-74.4,-227.2,-27,0,6,1,1,0","iri,arm_low,-98,-145.6,19,0,15,1,1,0","iri,open_back,-90.4,-123.2,44,0,14,1,1,0","iri,arm_up_back,77.2,-241.6,60,0,13,1,1,0","iri,arm_low,150,-233.2,100,1,15,1,1,0","iri,open_back,206,-248.4,96,1,17,1,1,0","iri,leg_up,-43,-86.4,-26,0,8,1,1,0","iri,leg_low,-57,-62.4,-27,0,14,1,1,0","iri,foot,-52.8,-19.4,-5.6,0,13,1,1,0","iri,leg_up,48,-78.4,27.7,0,12,1,1,0","iri,leg_low,64,-55.4,20.5,0,15,1,1,0","iri,foot,90.2,-18.4,5.5,0,15,1,1,0","iri,base,-6.8,-122.4,82,0,14,1,1,0",,"iri,minibag,-35.6,-113.2,-12,0,5,1,1,0",,,,,,,,,,,,,,,,,,,,,,,,,,,"iri,backpack,-12,-236.8,-19,0,16,1,1,0",,,,,,,,,,,,,,,,,,,,,,,,,,,,,,,,,,,,,,,,,,,,,,,,,,,,,,"item,resource_kit,238,-55,-171,0,0,1,1,0",,,,,,,,,,"use_item,base,248,-54.8,0,0,0,1,1,1",,,,,,,,,,
UseItem2/10,"iri,head,29,-335.4,-14.5,0,4,1,1,0","iri,neck,18,-278.4,-13,0,7,1,1,0","iri,body,9.6,-180.4,-4.5,0,6,1,1,0","iri,arm_up,-78.4,-220.2,-19,0,6,1,1,0","iri,arm_low,-96,-127.6,27,0,15,1,1,0","iri,open_back,-84.4,-111.2,50,0,14,1,1,0","iri,arm_up_back,73.2,-235.6,86,0,13,1,1,0","iri,arm_low,138,-263.2,135,1,15,1,1,0","iri,open_back,174,-314.2,135,1,17,1,1,0","iri,leg_up,-43,-86.4,-26,0,8,1,1,0","iri,leg_low,-57,-62.4,-27,0,14,1,1,0","iri,foot,-52.8,-19.4,-5.6,0,13,1,1,0","iri,leg_up,52,-78.4,22.7,0,12,1,1,0","iri,leg_low,64,-55.4,20.5,0,15,1,1,0","iri,foot,90.2,-18.4,5.5,0,15,1,1,0","iri,base,-6.8,-122.4,82,0,14,1,1,0",,"iri,minibag,-27.6,-113.2,-6,0,5,1,1,0",,,,,,,,,,,,,,,,,,,,,,,,,,,"iri,backpack,-18,-232.8,-16,0,16,1,1,0",,,,,,,,,,,,,,,,,,,,,,,,,,,,,,,,,,,,,,,,,,,,,,,,,,,,,,"item,resource_kit,238,-24,180,0,0,1,1,0",,,,,,,,,,,,,,,,,,,,
UseItem1/0,"iri,head,7,-337.4,-2.5,0,4,1,1,0","iri,neck,12,-278.4,-13,0,7,1,1,0","iri,body,1.6,-180.4,-0.5,0,6,1,1,0","iri,arm_up,-94.4,-202.2,-12,0,6,1,1,0","iri,arm_low,-108,-129.6,18,0,15,1,1,0","iri,open_back,-92.4,-91.2,34,0,14,1,1,0","iri,arm_up_back,67.2,-251.6,83,0,13,1,1,0","iri,arm_low,91.2,-280,-133,0,15,1,1,0","iri,open,62.4,-331.2,-133,0,17,1,1,0","iri,leg_up,-43,-86.4,-26,0,8,1,1,0","iri,leg_low,-57,-62.4,-27,0,14,1,1,0","iri,foot,-52.8,-19.4,-5.6,0,13,1,1,0","iri,leg_up,48,-84.4,18.7,0,12,1,1,0","iri,leg_low,64,-55.4,20.5,0,15,1,1,0","iri,foot,90.2,-18.4,5.5,0,15,1,1,0","iri,base,-6.8,-122.4,87,0,14,1,1,0",,"iri,minibag,-33.6,-113.2,-11,0,5,1,1,0",,,,,,,,,,,,,,,,,,,,,,,,,,,"iri,backpack,-24,-240.8,-6,0,16,1,1,0",,,,,,,,,,,,,,,,,,,,,,,,,,,,,,,,,,,,,,,,,,,,,,,,,,,,,,,,,,,,,,,,,,,,,,,,play_time_mod_0.8,,
UseItem1/1,"iri,head,-3,-337.4,0.5,0,4,1,1,0","iri,neck,6,-278.4,-9,0,7,1,1,0","iri,body,1.6,-180.4,1.5,0,6,1,1,0","iri,arm_up,-94.4,-200.2,-9,0,6,1,1,0","iri,arm_low,-96,-129.6,28,0,15,1,1,0","iri,open_back,-76.4,-95.2,40,0,14,1,1,0","iri,arm_up_back,53.2,-253.6,93,0,13,1,1,0","iri,arm_low,83.2,-288,-124,0,15,1,1,0","iri,open,28.4,-319.2,-130,0,17,1,1,0","iri,leg_up,-43,-86.4,-26,0,8,1,1,0","iri,leg_low,-57,-62.4,-27,0,14,1,1,0","iri,foot,-52.8,-19.4,-5.6,0,13,1,1,0","iri,leg_up,48,-84.4,18.7,0,12,1,1,0","iri,leg_low,64,-55.4,20.5,0,15,1,1,0","iri,foot,90.2,-18.4,5.5,0,15,1,1,0","iri,base,-6.8,-122.4,90,0,14,1,1,0",,"iri,minibag,-33.6,-113.2,-6,0,5,1,1,0",,,,,,,,,,,,,,,,,,,,,,,,,,,"iri,backpack,-24,-240.8,-4,0,16,1,1,0",,,,,,,,,,,,,,,,,,,,,,,,,,,,,,,,,,,,,,,,,,,,,,,,,,,,,,,,,,,,,,,,,,,,,,,,play_time_mod_0.5,,
UseItem1/2,"iri,head,-3,-337.4,-1.5,0,4,1,1,0","iri,neck,6,-278.4,-9,0,7,1,1,0","iri,body,1.6,-180.4,1.5,0,6,1,1,0","iri,arm_up,-94.4,-204.2,-12,0,6,1,1,0","iri,arm_low,-100,-133.6,32,0,15,1,1,0","iri,open_back,-80.4,-99.2,44,0,14,1,1,0","iri,arm_up_back,53.2,-253.6,93,0,13,1,1,0","iri,arm_low,81.2,-280,-115,0,15,1,1,0","iri,open,28.4,-309.2,-130,0,17,1,1,0","iri,leg_up,-43,-86.4,-26,0,8,1,1,0","iri,leg_low,-57,-62.4,-27,0,14,1,1,0","iri,foot,-52.8,-19.4,-5.6,0,13,1,1,0","iri,leg_up,48,-84.4,18.7,0,12,1,1,0","iri,leg_low,64,-55.4,20.5,0,15,1,1,0","iri,foot,90.2,-18.4,5.5,0,15,1,1,0","iri,base,-6.8,-122.4,90,0,14,1,1,0",,"iri,minibag,-33.6,-113.2,-6,0,5,1,1,0",,,,,,,,,,,,,,,,,,,,,,,,,,,"iri,backpack,-24,-240.8,-8,0,16,1,1,0",,,,,,,,,,,,,,,,,,,,,,,,,,,,,,,,,,,,,,,,,,,,,,,,,,,,,,,,,,,,,,,,,,,,,,,,play_time_mod_1.2,,
UseItem1/3,"iri,head,11,-337.4,-3.5,0,4,1,1,0","iri,neck,10,-278.4,-11,0,7,1,1,0","iri,body,5.6,-180.4,-4.5,0,6,1,1,0","iri,arm_up,-88.4,-210.2,-16,0,6,1,1,0","iri,arm_low,-104,-141.6,20,0,15,1,1,0","iri,open_back,-92.4,-105.2,42,0,14,1,1,0","iri,arm_up_back,65.2,-243.6,78,0,13,1,1,0","iri,arm_low,122,-279.2,161,0,15,1,1,0","iri,open_back,136.8,-329.6,147,1,17,1,1,0","iri,leg_up,-43,-86.4,-26,0,8,1,1,0","iri,leg_low,-57,-62.4,-27,0,14,1,1,0","iri,foot,-52.8,-19.4,-5.6,0,13,1,1,0","iri,leg_up,48,-84.4,18.7,0,12,1,1,0","iri,leg_low,64,-55.4,20.5,0,15,1,1,0","iri,foot,90.2,-18.4,5.5,0,15,1,1,0","iri,base,-6.8,-122.4,86,0,14,1,1,0",,"iri,minibag,-29.6,-113.2,-13,0,5,1,1,0",,,,,,,,,,,,,,,,,,,,,,,,,,,"iri,backpack,-16,-240.8,-12,0,16,1,1,0",,,,,,,,,,,,,,,,,,,,,,,,,,,,,,,,,,,,,,,,,,,,,,,,,,,,,,"item,small_healing_kit,158.4,-337.2,-101,0,0,1,1,0",,,,,,,,,,,,,,,,,,,,
UseItem1/4,"iri,head,17,-337.4,-6.5,0,4,1,1,0","iri,neck,10,-278.4,-11,0,7,1,1,0","iri,body,9.6,-180.4,-6.5,0,6,1,1,0","iri,arm_up,-80.4,-215.2,-16,0,6,1,1,0","iri,arm_low,-99,-143.6,17,0,15,1,1,0","iri,open_back,-86.4,-106.2,42,0,14,1,1,0","iri,arm_up_back,71.2,-247.6,80,0,13,1,1,0","iri,arm_low,136,-271.2,139,0,15,1,1,0","iri,open_back,172.8,-321.6,129,1,17,1,1,0","iri,leg_up,-43,-86.4,-26,0,8,1,1,0","iri,leg_low,-57,-62.4,-27,0,14,1,1,0","iri,foot,-52.8,-19.4,-5.6,0,13,1,1,0","iri,leg_up,48,-84.4,18.7,0,12,1,1,0","iri,leg_low,64,-55.4,20.5,0,15,1,1,0","iri,foot,90.2,-18.4,5.5,0,15,1,1,0","iri,base,-6.8,-122.4,84,0,14,1,1,0",,"iri,minibag,-29.6,-113.2,-13,0,5,1,1,0",,,,,,,,,,,,,,,,,,,,,,,,,,,"iri,backpack,-12,-236.8,-13,0,16,1,1,0",,,,,,,,,,,,,,,,,,,,,,,,,,,,,,,,,,,,,,,,,,,,,,,,,,,,,,"item,small_healing_kit,198,-337,-121,0,0,1,1,0",,,,,,,,,,,,,,,,,,,,
UseItem1/5,"iri,head,25,-337.4,-5.5,0,4,1,1,0","iri,neck,14,-278.4,-11,0,7,1,1,0","iri,body,9.6,-180.4,-8.5,0,6,1,1,0","iri,arm_up,-76.4,-216.2,-17,0,6,1,1,0","iri,arm_low,-94,-145.6,17,0,15,1,1,0","iri,open_back,-78.4,-109.2,42,0,14,1,1,0","iri,arm_up_back,77.2,-243.6,80,0,13,1,1,0","iri,arm_low,150,-257.2,119,0,15,1,1,0","iri,open_back,190.8,-291.6,120,1,17,1,1,0","iri,leg_up,-43,-86.4,-26,0,8,1,1,0","iri,leg_low,-57,-62.4,-27,0,14,1,1,0","iri,foot,-52.8,-19.4,-5.6,0,13,1,1,0","iri,leg_up,48,-82.4,30.7,0,12,1,1,0","iri,leg_low,64,-55.4,20.5,0,15,1,1,0","iri,foot,90.2,-18.4,5.5,0,15,1,1,0","iri,base,-6.8,-122.4,82,0,14,1,1,0",,"iri,minibag,-29.6,-113.2,-10,0,5,1,1,0",,,,,,,,,,,,,,,,,,,,,,,,,,,"iri,backpack,-12,-236.8,-15,0,16,1,1,0",,,,,,,,,,,,,,,,,,,,,,,,,,,,,,,,,,,,,,,,,,,,,,,,,,,,,,"item,small_healing_kit,229,-287,-141,0,0,1,1,0",,,,,,,,,,,,,,,,,,play_time_mod_0.7,,
UseItem1/6,"iri,head,33,-337.4,-9.5,0,4,1,1,0","iri,neck,14,-278.4,-11,0,7,1,1,0","iri,body,9.6,-180.4,-11.5,0,6,1,1,0","iri,arm_up,-75.4,-218.2,-19,0,6,1,1,0","iri,arm_low,-94,-140.6,18,0,15,1,1,0","iri,open_back,-84.4,-115.2,47,0,14,1,1,0","iri,arm_up_back,77.2,-235.6,83,0,13,1,1,0","iri,arm_low,150,-239.2,89,0,15,1,1,0","iri,open_back,207,-249.4,81,1,17,1,1,0","iri,leg_up,-43,-86.4,-26,0,8,1,1,0","iri,leg_low,-57,-62.4,-27,0,14,1,1,0","iri,foot,-52.8,-19.4,-5.6,0,13,1,1,0","iri,leg_up,48,-78.4,27.7,0,12,1,1,0","iri,leg_low,64,-55.4,20.5,0,15,1,1,0","iri,foot,90.2,-18.4,5.5,0,15,1,1,0","iri,base,-6.8,-122.4,82,0,14,1,1,0",,"iri,minibag,-35.6,-113.2,-13,0,5,1,1,0",,,,,,,,,,,,,,,,,,,,,,,,,,,"iri,backpack,-12,-236.8,-17,0,16,1,1,0",,,,,,,,,,,,,,,,,,,,,,,,,,,,,,,,,,,,,,,,,,,,,,,,,,,,,,"item,small_healing_kit,229,-197,-151,0,0,1,1,0",,,,,,,,,,,,,,,,,,play_time_mod_0.3,,
UseItem1/7,"iri,head,33,-335.4,-11.5,0,4,1,1,0","iri,neck,18,-278.4,-13,0,7,1,1,0","iri,body,9.6,-180.4,-11.5,0,6,1,1,0","iri,arm_up,-74.4,-227.2,-27,0,6,1,1,0","iri,arm_low,-98,-145.6,19,0,15,1,1,0","iri,open_back,-90.4,-123.2,44,0,14,1,1,0","iri,arm_up_back,77.2,-235.6,76,0,13,1,1,0","iri,arm_low,150,-229.2,87,0,15,1,1,0","iri,open_back,209,-230.4,67,1,17,1,1,0","iri,leg_up,-43,-86.4,-26,0,8,1,1,0","iri,leg_low,-57,-62.4,-27,0,14,1,1,0","iri,foot,-52.8,-19.4,-5.6,0,13,1,1,0","iri,leg_up,48,-78.4,27.7,0,12,1,1,0","iri,leg_low,64,-55.4,20.5,0,15,1,1,0","iri,foot,90.2,-18.4,5.5,0,15,1,1,0","iri,base,-6.8,-122.4,82,0,14,1,1,0",,"iri,minibag,-35.6,-113.2,-10,0,5,1,1,0",,,,,,,,,,,,,,,,,,,,,,,,,,,"iri,backpack,-12,-236.8,-17,0,16,1,1,0",,,,,,,,,,,,,,,,,,,,,,,,,,,,,,,,,,,,,,,,,,,,,,,,,,,,,,"item,small_healing_kit,229,-156,-171,0,0,1,1,0",,,,,,,,,,,,,,,,,,,,
UseItem1/8,"iri,head,39,-333.4,-17.5,0,4,1,1,0","iri,neck,18,-278.4,-13,0,7,1,1,0","iri,body,9.6,-180.4,-11.5,0,6,1,1,0","iri,arm_up,-74.4,-227.2,-27,0,6,1,1,0","iri,arm_low,-98,-145.6,19,0,15,1,1,0","iri,open_back,-90.4,-123.2,44,0,14,1,1,0","iri,arm_up_back,77.2,-241.6,60,0,13,1,1,0","iri,arm_low,150,-225.2,86,0,15,1,1,0","iri,open_back,206,-228.4,76,1,17,1,1,0","iri,leg_up,-43,-86.4,-26,0,8,1,1,0","iri,leg_low,-57,-62.4,-27,0,14,1,1,0","iri,foot,-52.8,-19.4,-5.6,0,13,1,1,0","iri,leg_up,48,-78.4,27.7,0,12,1,1,0","iri,leg_low,64,-55.4,20.5,0,15,1,1,0","iri,foot,90.2,-18.4,5.5,0,15,1,1,0","iri,base,-6.8,-122.4,82,0,14,1,1,0",,"iri,minibag,-35.6,-113.2,-12,0,5,1,1,0",,,,,,,,,,,,,,,,,,,,,,,,,,,"iri,backpack,-12,-236.8,-19,0,16,1,1,0",,,,,,,,,,,,,,,,,,,,,,,,,,,,,,,,,,,,,,,,,,,,,,,,,,,,,,"item,small_healing_kit,229,-116,179,0,0,1,1,0",,,,,,,,,,,,,,,,,,play_time_mod_1.5,,
UseItem1/9,"iri,head,39,-331.4,-20.5,0,4,1,1,0","iri,neck,18,-278.4,-13,0,7,1,1,0","iri,body,9.6,-180.4,-11.5,0,6,1,1,0","iri,arm_up,-74.4,-227.2,-27,0,6,1,1,0","iri,arm_low,-98,-145.6,19,0,15,1,1,0","iri,open_back,-90.4,-123.2,44,0,14,1,1,0","iri,arm_up_back,77.2,-241.6,60,0,13,1,1,0","iri,arm_low,150,-233.2,100,1,15,1,1,0","iri,open_back,206,-248.4,96,1,17,1,1,0","iri,leg_up,-43,-86.4,-26,0,8,1,1,0","iri,leg_low,-57,-62.4,-27,0,14,1,1,0","iri,foot,-52.8,-19.4,-5.6,0,13,1,1,0","iri,leg_up,48,-78.4,27.7,0,12,1,1,0","iri,leg_low,64,-55.4,20.5,0,15,1,1,0","iri,foot,90.2,-18.4,5.5,0,15,1,1,0","iri,base,-6.8,-122.4,82,0,14,1,1,0",,"iri,minibag,-35.6,-113.2,-12,0,5,1,1,0",,,,,,,,,,,,,,,,,,,,,,,,,,,"iri,backpack,-12,-236.8,-19,0,16,1,1,0",,,,,,,,,,,,,,,,,,,,,,,,,,,,,,,,,,,,,,,,,,,,,,,,,,,,,,"item,small_healing_kit,249,-45,179,0,0,1,1,0",,,,,,,,,,"use_item,base,248,-54.8,0,0,0,1,1,1",,,,,,,,,,
UseItem1/10,"iri,head,29,-335.4,-14.5,0,4,1,1,0","iri,neck,18,-278.4,-13,0,7,1,1,0","iri,body,9.6,-180.4,-4.5,0,6,1,1,0","iri,arm_up,-78.4,-220.2,-19,0,6,1,1,0","iri,arm_low,-96,-127.6,27,0,15,1,1,0","iri,open_back,-84.4,-111.2,50,0,14,1,1,0","iri,arm_up_back,73.2,-235.6,86,0,13,1,1,0","iri,arm_low,138,-263.2,135,1,15,1,1,0","iri,open_back,174,-314.2,135,1,17,1,1,0","iri,leg_up,-43,-86.4,-26,0,8,1,1,0","iri,leg_low,-57,-62.4,-27,0,14,1,1,0","iri,foot,-52.8,-19.4,-5.6,0,13,1,1,0","iri,leg_up,52,-78.4,22.7,0,12,1,1,0","iri,leg_low,64,-55.4,20.5,0,15,1,1,0","iri,foot,90.2,-18.4,5.5,0,15,1,1,0","iri,base,-6.8,-122.4,82,0,14,1,1,0",,"iri,minibag,-27.6,-113.2,-6,0,5,1,1,0",,,,,,,,,,,,,,,,,,,,,,,,,,,"iri,backpack,-18,-232.8,-16,0,16,1,1,0",,,,,,,,,,,,,,,,,,,,,,,,,,,,,,,,,,,,,,,,,,,,,,,,,,,,,,"item,small_healing_kit,249,-33,159,0,0,1,1,0",,,,,,,,,,,,,,,,,,,,
Attack4/0,"iri,head,57,-316.4,-7.5,0,4,1,1,0","iri,neck,56,-266.4,-20,0,7,1,1,0","iri,body,31.6,-164.4,-11.5,0,6,1,1,0","iri,arm_up,-51.4,-219.2,-28,0,6,1,1,0","iri,arm_low,-86.8,-151.6,3,0,15,1,1,0","iri,fist_back,-81.4,-122.2,-11,0,12,1,1,0","iri,arm_up_back,89.2,-233.6,80,0,13,1,1,0","iri,arm_low,109.2,-256,-138,0,15,1,1,0","iri,open,86.4,-272,-143,0,17,1,1,0","iri,leg_up,-31,-75.4,-21,0,8,1,1,0","iri,leg_low,-51,-53.4,-41,0,14,1,1,0","iri,foot,-51.8,-9.4,-18.6,0,13,1,1,0","iri,leg_up,62,-70.4,61.7,0,12,1,1,0","iri,leg_low,79,-55.4,12.5,0,15,1,1,0","iri,foot,110.2,-18.4,8.5,0,15,1,1,0","iri,base,-5.8,-109.4,85,0,14,1,1,0",,"iri,minibag,-15.6,-109.2,-12,0,5,1,1,0",,,,,,,,,,,,,,,,,,,,,,,,,,,"iri,backpack,-2,-227.8,-18,0,16,1,1,0",,,,,,,,,,,,,,,,,,,,,,,,,,,,,,,,,,,,,,,,,,,,,,,,,,,,,,,,,,,,,,,,,,,,,,,,play_time_mod_0.5,,
Attack4/1,"iri,head,27,-317.4,-5.5,0,4,1,1,0","iri,neck,22,-265.4,-16,0,7,1,1,0","iri,body,17.6,-163.4,0.5,0,6,1,1,0","iri,arm_up,-82.4,-198.2,-26,0,6,1,1,0","iri,arm_low,-94.8,-120.6,30,0,15,1,1,0","iri,fist_back,-80.4,-96.2,-3,0,12,1,1,0","iri,arm_up_back,69.2,-226.6,95,0,13,1,1,0","iri,arm_low,101.2,-261,-120,0,15,1,1,0","iri,open,50.4,-269,-141,0,17,1,1,0","iri,leg_up,-30,-67.4,-24,0,8,1,1,0","iri,leg_low,-51,-43.4,-41,0,14,1,1,0","iri,foot,-45.8,-9.4,-8.6,0,13,1,1,0","iri,leg_up,64,-70.4,63.7,0,12,1,1,0","iri,leg_low,83,-55.4,19.5,0,15,1,1,0","iri,foot,113.2,-18.4,5.5,0,15,1,1,0","iri,base,-6.8,-93.4,93,0,14,1,1,0",,"iri,minibag,-19.6,-100.2,-12,0,5,1,1,0",,,,,,,,,,,,,,,,,,,,,,,,,,,"iri,backpack,-21,-216.8,-7,0,16,1,1,0",,,,,,,,,,,,,,,,,,,,,,,,,,,,,,,,,,,,,,,,,,,,,,,,,,,,,,,,,,,,,,,,,,,,,,,,play_time_mod_1.5,,
Attack4/2,"iri,head,16,-315.4,-2.5,0,4,1,1,0","iri,neck,17,-260.4,-16,0,7,1,1,0","iri,body,17.6,-162.4,2.5,0,6,1,1,0","iri,arm_up,-88.4,-195.2,-20,0,6,1,1,0","iri,arm_low,-98.8,-119.6,35,0,15,1,1,0","iri,fist_back,-80.4,-95.2,8,0,12,1,1,0","iri,arm_up_back,69.2,-231.6,63,0,13,1,1,0","iri,arm_low,117.2,-234,172,0,15,1,1,0","iri,fist,123.2,-292.4,160,0,17,1,1,0","iri,leg_up,-30,-67.4,-24,0,8,1,1,0","iri,leg_low,-51,-43.4,-41,0,14,1,1,0","iri,foot,-45.8,-9.4,-8.6,0,13,1,1,0","iri,leg_up,64,-70.4,63.7,0,12,1,1,0","iri,leg_low,83,-55.4,19.5,0,15,1,1,0","iri,foot,113.2,-18.4,5.5,0,15,1,1,0","iri,base,-6.8,-92.4,95,0,14,1,1,0",,"iri,minibag,-19.6,-99.2,-1,0,5,1,1,0",,,,,,,,,,,,,,,,,,,,,,,,,,,"iri,backpack,-30,-209.8,-4,0,16,1,1,0",,,,,,,,,,,,,,,,,,,,,,,,,,,,,,,,,,,,,,,,,,,,,,,,,,,,,,,,,,,,,,,,,,,,,,,,,,
Attack4/3,"iri,head,37,-314.4,-9.5,0,4,1,1,0","iri,neck,28,-264.4,-18,0,7,1,1,0","iri,body,29.6,-158.4,-1.5,0,6,1,1,0","iri,arm_up,-62.4,-187.2,-8,0,6,1,1,0","iri,arm_low,-74.8,-119.6,21,0,15,1,1,0","iri,fist_back,-58.4,-88.2,0,0,13,1,1,0","iri,arm_up_back,81.2,-213.6,43,0,13,1,1,0","iri,arm_low,146.8,-206,134,0,15,1,1,0","iri,fist,184.8,-249.2,118,0,17,1,1,0","iri,leg_up,-27,-67.4,-24,0,8,1,1,0","iri,leg_low,-48,-43.4,-41,0,14,1,1,0","iri,foot,-42.8,-9.4,-8.6,0,13,1,1,0","iri,leg_up,67,-68.4,60.7,0,12,1,1,0","iri,leg_low,82,-51.4,17.5,0,15,1,1,0","iri,foot,109.2,-18.4,7.5,0,15,1,1,0","iri,base,5.2,-92.4,95,0,14,1,1,0",,"iri,minibag,-7.6,-99.2,-1,0,5,1,1,0",,,,,,,,,,,,,,,,,,,,,,,,,,,"iri,backpack,-20,-203.8,-6,0,16,1,1,0",,,,,,,,,,,,,,,,,,,,,,,,,,,,,,,,,,,,,,,,,,,,,,,,,,,,,,,,,,,,,,,,,,,,,,,,play_time_mod_0.2,,
Attack4/4,"iri,head,37,-317.4,-7.5,0,4,1,1,0","iri,neck,28,-264.4,-16,0,7,1,1,0","iri,body,23.6,-158.4,-5.5,0,6,1,1,0","iri,arm_up,-63.4,-194.2,-15,0,6,1,1,0","iri,arm_low,-82.8,-129.6,4,0,15,1,1,0","iri,fist_back,-72.4,-91.2,4,0,12,1,1,0","iri,arm_up_back,75.2,-213.6,43,0,13,1,1,0","iri,arm_low,150.8,-170,79,0,15,1,1,0","iri,fist,194.4,-168.8,81,0,17,1,1,0","iri,leg_up,-33,-63.4,-22,0,8,1,1,0","iri,leg_low,-48,-43.4,-41,0,14,1,1,0","iri,foot,-42.8,-9.4,-13.6,0,13,1,1,0","iri,leg_up,65,-68.4,60.7,0,12,1,1,0","iri,leg_low,73,-51.4,17.5,0,15,1,1,0","iri,foot,96.2,-18.4,7.5,0,15,1,1,0","iri,base,-0.8,-92.4,95,0,14,1,1,0",,"iri,minibag,-13.6,-99.2,-7,0,5,1,1,0",,,,,,,,,,,,,,,,,,,,,,,,,,,"iri,backpack,-20,-213.8,-4,0,16,1,1,0",,,,,,,,,,,,,,,,,,,,,,,,,,,,,,,,,,,,,,,,,,,,,,,,,,,,,,,,,,,,,,,,,,,,,,,,play_time_mod_0.2,,
Attack4/5,"iri,head,35,-314.4,-7.5,0,4,1,1,0","iri,neck,24,-264.4,-16,0,7,1,1,0","iri,body,19.6,-158.4,-7.5,0,6,1,1,0","iri,arm_up,-65.4,-194.2,-16,0,6,1,1,0","iri,arm_low,-84.8,-129.6,3,0,15,1,1,0","iri,fist_back,-79.4,-91.2,1,0,12,1,1,0","iri,arm_up_back,89.2,-195.6,20,0,13,1,1,0","iri,arm_low,72,-164,-97,0,4,1,1,0","iri,fist,17.2,-169.6,-122,0,3,1,1,0","iri,leg_up,-41,-63.4,-22,0,8,1,1,0","iri,leg_low,-56,-43.4,-41,0,14,1,1,0","iri,foot,-50.8,-9.4,-13.6,0,13,1,1,0","iri,leg_up,62,-66.4,73.7,0,12,1,1,0","iri,leg_low,70,-51.4,17.5,0,15,1,1,0","iri,foot,93.2,-18.4,3.5,0,15,1,1,0","iri,base,-4.8,-92.4,93,0,14,1,1,0",,"iri,minibag,-17.6,-99.2,-12,0,5,1,1,0",,,,,,,,,,,,,,,,,,,,,,,,,,,"iri,backpack,-22,-213.8,-7,0,16,1,1,0",,,,,,,,,,,,,,,,,,,,,,,,,,,,,,,,,,,,,,,,,,,,,,,,,,,,,,,,,,,,,,,,,,,,,,,,,,
Attack4/6,"iri,head,31,-315.4,-5.5,0,4,1,1,0","iri,neck,28,-265.4,-16,0,7,1,1,0","iri,body,19.6,-160.4,-7.5,0,6,1,1,0","iri,arm_up,-65.4,-197.2,-16,0,6,1,1,0","iri,arm_low,-84.8,-132.6,3,0,15,1,1,0","iri,fist_back,-79.4,-94.2,1,0,12,1,1,0","iri,arm_up_back,111.2,-199.6,47,0,13,1,1,0","iri,arm_low,118,-174,-89,0,4,1,1,0","iri,fist,63.2,-175.6,-114,0,3,1,1,0","iri,leg_up,-41,-63.4,-22,0,8,1,1,0","iri,leg_low,-56,-43.4,-41,0,14,1,1,0","iri,foot,-50.8,-9.4,-13.6,0,13,1,1,0","iri,leg_up,62,-66.4,73.7,0,12,1,1,0","iri,leg_low,73,-51.4,17.5,0,15,1,1,0","iri,foot,96.2,-18.4,7.5,0,15,1,1,0","iri,base,-4.8,-92.4,95,0,14,1,1,0",,"iri,minibag,-17.6,-99.2,-3,0,5,1,1,0",,,,,,,,,,,,,,,,,,,,,,,,,,,"iri,backpack,-26,-212.8,-1,0,16,1,1,0",,,,,,,,,,,,,,,,,,,,,,,,,,,,,,,,,,,,,,,,,,,,,,,,,,,,,,,,,,,,,,,,,,,,,,,,play_time_mod_0.5,,
Attack4/7,"iri,head,25,-316.4,1.5,0,4,1,1,0","iri,neck,25,-263.4,-6,0,7,1,1,0","iri,body,19.6,-160.4,-4.5,0,6,1,1,0","iri,arm_up,-74.4,-189.2,-13,0,6,1,1,0","iri,arm_low,-88.8,-113.6,14,0,15,1,1,0","iri,fist_back,-76.4,-83.2,9,0,12,1,1,0","iri,arm_up_back,111.2,-209.6,72,0,13,1,1,0","iri,arm_low,198.8,-205.6,99,0,15,1,1,0","iri,open_back,251.6,-225.2,103,1,17,1,1,0","iri,leg_up,-41,-63.4,-22,0,8,1,1,0","iri,leg_low,-56,-43.4,-41,0,14,1,1,0","iri,foot,-50.8,-9.4,-13.6,0,13,1,1,0","iri,leg_up,62,-66.4,73.7,0,12,1,1,0","iri,leg_low,73,-51.4,17.5,0,15,1,1,0","iri,foot,96.2,-18.4,7.5,0,15,1,1,0","iri,base,-4.8,-90.4,96,0,14,1,1,0",,"iri,minibag,-17.6,-91.2,-3,0,5,1,1,0",,,,,,,,,,,,,,,,,,,,,,,,,,,"iri,backpack,-30,-206.8,1,0,16,1,1,0",,,,,,,,,,,,,,,,,,,,,,,,,,,,,,,,,,,,,,,,,,,,,,,,,,,,,,,,,,,,,,,,"bladed_spinner,speed,352,-226,-89,0,0,1,1,1",,,,,,,,play_time_mod_0.2,,"pierce_small,2500,0"
Attack4/8,"iri,head,17,-318.4,5.5,0,4,1,1,0","iri,neck,24,-264.4,4,0,7,1,1,0","iri,body,19.6,-162.4,-2.5,0,6,1,1,0","iri,arm_up,-71.4,-190.2,-5,0,6,1,1,0","iri,arm_low,-81.8,-115.6,10,0,15,1,1,0","iri,fist_back,-72.4,-85.2,12,0,12,1,1,0","iri,arm_up_back,105.2,-223.6,82,0,13,1,1,0","iri,arm_low,194.8,-237.6,106,0,15,1,1,0","iri,open_back,248.6,-264.2,106,1,17,1,1,0","iri,leg_up,-31,-69.4,-21,0,8,1,1,0","iri,leg_low,-51,-46.4,-41,0,14,1,1,0","iri,foot,-47.8,-9.4,-16.6,0,13,1,1,0","iri,leg_up,62,-70.4,61.7,0,12,1,1,0","iri,leg_low,79,-55.4,12.5,0,15,1,1,0","iri,foot,110.2,-18.4,8.5,0,15,1,1,0","iri,base,-4.8,-96.4,94,0,14,1,1,0",,"iri,minibag,-17.6,-93.2,-3,0,5,1,1,0",,,,,,,,,,,,,,,,,,,,,,,,,,,"iri,backpack,-30,-208.8,4,0,16,1,1,0",,,,,,,,,,,,,,,,,,,,,,,,,,,,,,,,,,,,,,,,,,,,,,,,,,,,,,,,,,,,,,,,,,,,,,,,play_time_mod_0.5,,
Attack4/9,"iri,head,21,-321.4,-4.5,0,4,1,1,0","iri,neck,26,-272.4,2,0,7,1,1,0","iri,body,17.6,-166.4,-4.5,0,6,1,1,0","iri,arm_up,-74.4,-195.2,-10,0,7,1,1,0","iri,arm_low,-84.8,-123.6,27,0,15,1,1,0","iri,fist_back,-74.4,-95.2,16,0,12,1,1,0","iri,arm_up_back,83.2,-231.6,95,0,13,1,1,0","iri,arm_low,140.8,-267.6,155,0,15,1,1,0","iri,open_back,159.6,-325.6,144,1,17,1,1,0","iri,leg_up,-31,-72.4,-18,0,8,1,1,0","iri,leg_low,-51,-47.4,-41,0,14,1,1,0","iri,foot,-47.8,-9.4,-16.6,0,13,1,1,0","iri,leg_up,62,-70.4,61.7,0,12,1,1,0","iri,leg_low,74,-55.4,12.5,0,15,1,1,0","iri,foot,103.2,-18.4,8.5,0,15,1,1,0","iri,base,-6.8,-104.4,94,0,14,1,1,0",,"iri,minibag,-19.6,-97.2,-10,0,5,1,1,0",,,,,,,,,,,,,,,,,,,,,,,,,,,"iri,backpack,-32,-216.8,-1,0,16,1,1,0",,,,,,,,,,,,,,,,,,,,,,,,,,,,,,,,,,,,,,,,,,,,,,,,,,,,,,,,,,,,,,,,,,,,,,,,,,
Attack4/10,"iri,head,29,-330.4,-2.5,0,4,1,1,0","iri,neck,27,-288.4,-7,0,7,1,1,0","iri,body,17.6,-174.4,-4.5,0,6,1,1,0","iri,arm_up,-76.4,-212.2,-28,0,7,1,1,0","iri,arm_low,-88.8,-143.6,27,0,15,1,1,0","iri,fist_back,-77.4,-122.2,-1,0,12,1,1,0","iri,arm_up_back,87.2,-241.6,70,0,13,1,1,0","iri,arm_low,127.2,-262,-172,0,15,1,1,0","iri,open,111.4,-310,-168,1,17,1,1,0","iri,leg_up,-31,-73.4,-21,0,8,1,1,0","iri,leg_low,-51,-51.4,-41,0,14,1,1,0","iri,foot,-47.8,-14.4,-10.6,0,13,1,1,0","iri,leg_up,52,-70.4,41.7,0,12,1,1,0","iri,leg_low,65,-55.4,12.5,0,15,1,1,0","iri,foot,93.2,-18.4,8.5,0,15,1,1,0","iri,base,-0.8,-116.4,93,0,14,1,1,0",,"iri,minibag,-19.6,-111.2,-5,0,5,1,1,0",,,,,,,,,,,,,,,,,,,,,,,,,,,"iri,backpack,-28,-218.8,-12,0,16,1,1,0",,,,,,,,,,,,,,,,,,,,,,,,,,,,,,,,,,,,,,,,,,,,,,,,,,,,,,,,,,,,,,,,,,,,,,,,play_time_mod_0.5,,
Attack2/0,"iri,head,107,-301.4,-18.5,0,4,1,1,0","iri,neck,82,-252.4,-20,0,7,1,1,0","iri,body,39.6,-160.4,-23.5,0,6,1,1,0","iri,arm_up,-24.4,-211.2,-29,0,4,1,1,0","iri,arm_low,-43.2,-147.6,33,0,5,1,1,0","iri,fist,-21.6,-95.2,-6,0,4,1,1,0","iri,arm_up_back,102.2,-208.6,63,0,13,1,1,0","iri,arm_low,130.2,-227,-146,0,15,1,1,0","iri,open,100.2,-256.6,-137,0,17,1,1,0","iri,leg_up,-41,-80.4,-41,0,8,1,1,0","iri,leg_low,-65,-62.4,-41,0,14,1,1,0","iri,foot,-68.8,-19.4,-18.6,0,13,1,1,0","iri,leg_up,60,-80.4,51.7,0,12,1,1,0","iri,leg_low,76,-55.4,5.5,0,15,1,1,0","iri,foot,102.2,-18.4,8.5,0,15,1,1,0","iri,base,59.2,-82,86,0,5,1,1,0",,"iri,minibag,-17.6,-109.2,-29,0,6,1,1,0",,,,,,,,,,,,,,,,,,,,,,,,,,,"iri,backpack,18,-218.8,-21,0,16,1,1,0",,,,,,,,,,,,,,,,,,,,,,,,,,,,,,,,,,,,,,,,,,,,,,,,,,,,,,,,,,,,,,,,,,,,,,,,play_time_mod_1.5,,
Attack2/1,"iri,head,84.6,-304.8,-7.5,0,4,1,1,0","iri,neck,65.6,-252,-20,0,7,1,1,0","iri,body,40.2,-155,-17.5,0,6,1,1,0","iri,arm_up,-51.8,-211.6,-36,0,7,1,1,0","iri,arm_low,-59.4,-142,27,0,15,1,1,0","iri,fist,-35.8,-103.6,1,0,4,1,1,0","iri,arm_up_back,102.2,-211.6,67,0,13,1,1,0","iri,arm_low,130.2,-230,-142,0,15,1,1,0","iri,open,100.2,-259.6,-133,0,17,1,1,0","iri,leg_up,-41,-80.4,-41,0,8,1,1,0","iri,leg_low,-65,-62.4,-41,0,14,1,1,0","iri,foot,-68.8,-19.4,-18.6,0,13,1,1,0","iri,leg_up,60,-80.4,51.7,0,12,1,1,0","iri,leg_low,76,-55.4,5.5,0,15,1,1,0","iri,foot,102.2,-18.4,8.5,0,15,1,1,0","iri,base,45,-96.6,86,0,5,1,1,0",,"iri,minibag,-11,-99.6,-19,0,6,1,1,0",,,,,,,,,,,,,,,,,,,,,,,,,,,"iri,backpack,14.6,-223.2,-11,0,16,1,1,0",,,,,,,,,,,,,,,,,,,,,,,,,,,,,,,,,,,,,,,,,,,,,,,,,,,,,,,,,,,,,,,,,,,,,,,,,,
Attack2/2,"iri,head,88,-304.4,-15.5,0,4,1,1,0","iri,neck,65,-251.4,-20,0,7,1,1,0","iri,body,39.6,-156.4,-19.5,0,6,1,1,0","iri,arm_up,-22.4,-199.2,8,0,4,1,1,0","iri,arm_low,-6,-129.6,36,0,5,1,1,0","iri,fist,18.6,-98.2,0,0,4,1,1,0","iri,arm_up_back,104.2,-211.6,67,0,13,1,1,0","iri,arm_low,132.2,-230,-142,0,15,1,1,0","iri,open,102.2,-259.6,-133,0,17,1,1,0","iri,leg_up,-41,-80.4,-41,0,8,1,1,0","iri,leg_low,-65,-62.4,-41,0,14,1,1,0","iri,foot,-68.8,-19.4,-18.6,0,13,1,1,0","iri,leg_up,60,-80.4,51.7,0,12,1,1,0","iri,leg_low,76,-55.4,5.5,0,15,1,1,0","iri,foot,102.2,-18.4,8.5,0,15,1,1,0","iri,stab,102.4,-103,92,0,5,1,1,1",,"iri,minibag,-11.6,-101.2,-19,0,6,1,1,0",,,,,,,,,,,,,,,,,,,,,,,,,,,"iri,backpack,15,-224.8,-10,0,16,1,1,0",,,,,,,,,,,,,,,,,,,,,,,,,,,,,,,,,,,,,,,,,,,,,,,,,,,,,,,,,,,,,,,,,,,,,,,,"play_time_mod_0.3,sprite_deal_damage",,"pierce_small,2500,0"
Attack2/3,"iri,head,96,-306.4,-12.5,0,4,1,1,0","iri,neck,71,-253.4,-20,0,7,1,1,0","iri,body,37.6,-162.4,-21.5,0,6,1,1,0","iri,arm_up,21.6,-213.2,42,0,4,1,1,0","iri,arm_low,82,-163.2,77,0,5,1,1,0","iri,fist,120.4,-143.4,13,0,4,1,1,0","iri,arm_up_back,108.2,-215.6,65,0,13,1,1,0","iri,arm_low,136.2,-234,-144,0,15,1,1,0","iri,open,106.2,-263.6,-135,0,17,1,1,0","iri,leg_up,-41,-80.4,-41,0,8,1,1,0","iri,leg_low,-65,-62.4,-41,0,14,1,1,0","iri,foot,-72.8,-19.4,-28.6,0,13,1,1,0","iri,leg_up,66,-80.4,51.7,0,12,1,1,0","iri,leg_low,84,-55.4,5.5,0,15,1,1,0","iri,foot,110.2,-18.4,8.5,0,15,1,1,0","iri,stab,200.4,-147.6,92,0,5,1,1,1",,"iri,minibag,-9.6,-107.2,-19,0,6,1,1,0",,,,,,,,,,,,,,,,,,,,,,,,,,,"iri,backpack,16,-217.8,-17,0,16,1,1,0",,,,,,,,,,,,,,,,,,,,,,,,,,,,,,,,,,,,,,,,,,,,,,,,,,,,,,,,,,,,,,,,,,,,,,,,"sprite_deal_damage,play_time_mod_0.2",,
Attack2/4,"iri,head,111,-295.4,-18.5,0,4,1,1,0","iri,neck,86,-246.4,-20,0,7,1,1,0","iri,body,43.6,-154.4,-23.5,0,6,1,1,0","iri,arm_up,59.6,-224.2,76,0,4,1,1,0","iri,arm_low,134,-192.6,80,0,5,1,1,0","iri,fist,173.8,-173.8,15,0,6,1,1,0","iri,arm_up_back,111.2,-205.6,63,0,13,1,1,0","iri,arm_low,139.2,-224,-146,0,15,1,1,0","iri,open,109.2,-253.6,-137,0,17,1,1,0","iri,leg_up,-37,-78.4,-41,0,8,1,1,0","iri,leg_low,-63,-59.4,-47,0,14,1,1,0","iri,foot,-72.8,-19.4,-32.6,0,13,1,1,0","iri,leg_up,66,-80.4,51.7,0,12,1,1,0","iri,leg_low,84,-55.4,5.5,0,15,1,1,0","iri,foot,110.2,-18.4,8.5,0,15,1,1,0","iri,stab,257.4,-177.8,93,0,7,1,1,1",,"iri,minibag,-13.6,-103.2,-29,0,6,1,1,0",,,,,,,,,,,,,,,,,,,,,,,,,,,"iri,backpack,19,-212.8,-23,0,16,1,1,0",,,,,,,,,,,,,,,,,,,,,,,,,,,,,,,,,,,,,,,,,,,,,,,,,,,,,,,,,,,,,,,,,,,,,,,,"sprite_deal_damage,play_time_mod_0.5",,
Attack2/5,"iri,head,129,-293.4,-18.5,0,4,1,1,0","iri,neck,94,-244.4,-20,0,7,1,1,0","iri,body,53.6,-158.4,-26.5,0,6,1,1,0","iri,arm_up,79.6,-227.2,92,0,3,1,1,0","iri,arm_low,168,-205.6,80,0,4,1,1,0","iri,fist,209.8,-187.8,12,0,6,1,1,0","iri,arm_up_back,119.2,-199.6,63,0,13,1,1,0","iri,arm_low,147.2,-218,-146,0,15,1,1,0","iri,open,117.2,-247.6,-137,0,17,1,1,0","iri,leg_up,-33,-80.4,-45,0,8,1,1,0","iri,leg_low,-57,-62.4,-45,0,14,1,1,0","iri,foot,-66.8,-19.4,-40.6,0,13,1,1,0","iri,leg_up,66,-80.4,51.7,0,12,1,1,0","iri,leg_low,84,-55.4,5.5,0,15,1,1,0","iri,foot,110.2,-18.4,8.5,0,15,1,1,0","iri,base,291.4,-192.8,92,0,7,1,1,1",,"iri,minibag,-3.6,-107.2,-34,0,6,1,1,0",,,,,,,,,,,,,,,,,,,,,,,,,,,"iri,backpack,22,-205.8,-27,0,16,1,1,0",,,,,,,,,,,,,,,,,,,,,,,,,,,,,,,,,,,,,,,,,,,,,,,,,,,,,,,,,,,,,,,,,,,,,,,,sprite_deal_damage,,
Attack2/6,"iri,head,139,-293.4,-21.5,0,4,1,1,0","iri,neck,104,-244.4,-20,0,7,1,1,0","iri,body,59.6,-158.4,-29.5,0,6,1,1,0","iri,arm_up,95.6,-237.2,92,0,3,1,1,0","iri,arm_low,184,-215.6,80,0,4,1,1,0","iri,fist,223.8,-195.8,12,0,6,1,1,0","iri,arm_up_back,131.2,-193.6,63,0,13,1,1,0","iri,arm_low,159.2,-212,-146,0,15,1,1,0","iri,open,129.2,-241.6,-137,0,17,1,1,0","iri,leg_up,-27,-85.4,-47,0,8,1,1,0","iri,leg_low,-55,-62.4,-47,0,14,1,1,0","iri,foot,-62.8,-21.4,-42.6,0,13,1,1,0","iri,leg_up,66,-80.4,51.7,0,12,1,1,0","iri,leg_low,84,-55.4,5.5,0,15,1,1,0","iri,foot,110.2,-18.4,8.5,0,15,1,1,0","iri,base,304.4,-199.8,93,0,8,1,1,1",,"iri,minibag,2.4,-113.2,-39,0,6,1,1,0",,,,,,,,,,,,,,,,,,,,,,,,,,,"iri,backpack,35,-205.8,-29,0,16,1,1,0",,,,,,,,,,,,,,,,,,,,,,,,,,,,,,,,,,,,,,,,,,,,,,,,,,,,,,,,,,,,,,,,,,,,,,,,sprite_deal_damage,,
Attack2/7,"iri,head,129,-293.4,-18.5,0,4,1,1,0","iri,neck,94,-244.4,-20,0,7,1,1,0","iri,body,53.6,-158.4,-26.5,0,6,1,1,0","iri,arm_up,79.6,-229.2,92,0,3,1,1,0","iri,arm_low,168,-207.6,80,0,4,1,1,0","iri,fist,208.8,-190.8,12,0,5,1,1,0","iri,arm_up_back,111.2,-205.6,63,0,13,1,1,0","iri,arm_low,139.2,-224,-146,0,15,1,1,0","iri,open,109.2,-253.6,-137,0,17,1,1,0","iri,leg_up,-33,-80.4,-45,0,8,1,1,0","iri,leg_low,-57,-62.4,-45,0,14,1,1,0","iri,foot,-64.8,-19.4,-27.6,0,13,1,1,0","iri,leg_up,66,-80.4,51.7,0,12,1,1,0","iri,leg_low,84,-55.4,5.5,0,15,1,1,0","iri,foot,110.2,-18.4,8.5,0,15,1,1,0","iri,base,286.4,-190.8,93,0,6,1,1,1",,"iri,minibag,-3.6,-107.2,-34,0,6,1,1,0",,,,,,,,,,,,,,,,,,,,,,,,,,,"iri,backpack,25,-204.8,-27,0,16,1,1,0",,,,,,,,,,,,,,,,,,,,,,,,,,,,,,,,,,,,,,,,,,,,,,,,,,,,,,,,,,,,,,,,,,,,,,,,,,
Attack2/8,"iri,head,95,-299.4,-15.5,0,4,1,1,0","iri,neck,70,-242.4,-20,0,7,1,1,0","iri,body,33.6,-152.4,-24.5,0,6,1,1,0","iri,arm_up,7.6,-209.2,34,0,4,1,1,0","iri,arm_low,60.8,-151.2,56,0,5,1,1,0","iri,fist,104.4,-116.8,12,0,6,1,1,0","iri,arm_up_back,104.2,-199.6,57,0,13,1,1,0","iri,arm_low,132.2,-218,-152,0,15,1,1,0","iri,open,102.2,-247.6,-143,0,17,1,1,0","iri,leg_up,-41,-80.4,-41,0,8,1,1,0","iri,leg_low,-65,-62.4,-41,0,14,1,1,0","iri,foot,-68.8,-19.4,-18.6,0,13,1,1,0","iri,leg_up,66,-80.4,51.7,0,12,1,1,0","iri,leg_low,84,-55.4,5.5,0,15,1,1,0","iri,foot,110.2,-18.4,8.5,0,15,1,1,0","iri,base,185.6,-118.4,95,0,7,1,1,1",,"iri,minibag,-15.6,-107.2,-18,0,6,1,1,0",,,,,,,,,,,,,,,,,,,,,,,,,,,"iri,backpack,18,-212.8,-21,0,16,1,1,0",,,,,,,,,,,,,,,,,,,,,,,,,,,,,,,,,,,,,,,,,,,,,,,,,,,,,,,,,,,,,,,,,,,,,,,,,,
Attack3/0,"iri,head,107,-301.4,-18.5,0,4,1,1,0","iri,neck,82,-252.4,-20,0,7,1,1,0","iri,body,39.6,-160.4,-23.5,0,6,1,1,0","iri,arm_up,-22,-211,-29,0,2,1,1,0","iri,arm_low,-41,-147,33,0,3,1,1,0","iri,fist,-13.6,-103.2,-6,0,4,1,1,0","iri,arm_up_back,110.2,-208.6,63,0,13,1,1,0","iri,arm_low,138.2,-227,-146,0,15,1,1,0","iri,open,108.2,-256.6,-137,0,17,1,1,0","iri,leg_up,-41.6,-81.8,-41,0,8,1,1,0","iri,leg_low,-65.6,-63.8,-41,0,14,1,1,0","iri,foot,-73.4,-20.8,-18.6,0,13,1,1,0","iri,leg_up,60,-70,51.7,0,12,1,1,0","iri,leg_low,76,-55.4,5.5,0,15,1,1,0","iri,foot,102.2,-18.4,8.5,0,15,1,1,0","iri,base,67.2,-90,86,0,5,1,1,0",,"iri,minibag,-17.6,-109.2,-29,0,6,1,1,0",,,,,,,,,,,,,,,,,,,,,,,,,,,"iri,backpack,6,-218.8,-23,0,16,1,1,0",,,,,,,,,,,,,,,,,,,,,,,,,,,,,,,,,,,,,,,,,,,,,,,,,,,,,,,,,,,,,,,,,,,,,,,,play_time_mod_1.5,,
Attack3/1,"iri,head,79.6,-309.8,-7.5,0,4,1,1,0","iri,neck,60.6,-257,-20,0,7,1,1,0","iri,body,40.2,-155,-17.5,0,6,1,1,0","iri,arm_up,-51,-206,-35,0,2,1,1,0","iri,arm_low,-65,-137,28,0,3,1,1,0","iri,fist,-35,-84,1,0,4,1,1,0","iri,arm_up_back,109.2,-211.6,67,0,13,1,1,0","iri,arm_low,137.2,-230,-142,0,15,1,1,0","iri,open,107.2,-259.6,-133,0,17,1,1,0","iri,leg_up,-41,-80.4,-41,0,8,1,1,0","iri,leg_low,-65,-62.4,-41,0,14,1,1,0","iri,foot,-72.8,-19.4,-18.6,0,13,1,1,0","iri,leg_up,63,-70,47.7,0,12,1,1,0","iri,leg_low,76,-55.4,5.5,0,15,1,1,0","iri,foot,102.2,-18.4,8.5,0,15,1,1,0","iri,base,45,-77,86,0,5,1,1,0",,"iri,minibag,-11,-99.6,-19,0,6,1,1,0",,,,,,,,,,,,,,,,,,,,,,,,,,,"iri,backpack,4.6,-221.2,-13,0,16,1,1,0",,,,,,,,,,,,,,,,,,,,,,,,,,,,,,,,,,,,,,,,,,,,,,,,,,,,,,,,,,,,,,,,,,,,,,,,,,
Attack3/2,"iri,head,81,-307.4,-15.5,0,4,1,1,0","iri,neck,58,-254.4,-20,0,7,1,1,0","iri,body,37.6,-152.4,-19.5,0,6,1,1,0","iri,arm_up,-24,-199,8,0,3,1,1,0","iri,arm_low,-8,-129,36,0,4,1,1,0","iri,fist,16,-89,0,0,5,1,1,0","iri,arm_up_back,104.2,-211.6,67,0,13,1,1,0","iri,arm_low,132.2,-230,-142,0,15,1,1,0","iri,open,102.2,-259.6,-133,0,17,1,1,0","iri,leg_up,-41,-80.4,-41,0,8,1,1,0","iri,leg_low,-65,-62.4,-41,0,14,1,1,0","iri,foot,-72.8,-19.4,-18.6,0,13,1,1,0","iri,leg_up,61,-69,51.7,0,12,1,1,0","iri,leg_low,76,-55.4,5.5,0,15,1,1,0","iri,foot,102.2,-18.4,8.5,0,15,1,1,0","iri,stab,98,-104,105,0,6,1,1,1",,"iri,minibag,-13.6,-97.2,-19,0,6,1,1,0",,,,,,,,,,,,,,,,,,,,,,,,,,,"iri,backpack,3,-220.8,-14,0,16,1,1,0",,,,,,,,,,,,,,,,,,,,,,,,,,,,,,,,,,,,,,,,,,,,,,,,,,,,,,,,,,,,,,,,,,,,,,,,"play_time_mod_0.3,sprite_deal_damage",,"pierce,2500,0"
Attack3/3,"iri,head,97,-299.4,-12.5,0,4,1,1,0","iri,neck,72,-246.4,-20,0,7,1,1,0","iri,body,39.6,-150.4,-21.5,0,6,1,1,0","iri,arm_up,27,-201,42,0,4,1,1,0","iri,arm_low,84,-151.2,77,0,5,1,1,0","iri,fist,135,-130,27,0,7,1,1,0","iri,arm_up_back,108.2,-205.6,65,0,13,1,1,0","iri,arm_low,136.2,-224,-144,0,15,1,1,0","iri,open,106.2,-253.6,-135,0,17,1,1,0","iri,leg_up,-41,-80.4,-41,0,8,1,1,0","iri,leg_low,-65,-62.4,-41,0,14,1,1,0","iri,foot,-72.8,-19.4,-18.6,0,13,1,1,0","iri,leg_up,70,-66,51.7,0,12,1,1,0","iri,leg_low,84,-55.4,5.5,0,15,1,1,0","iri,foot,110.2,-18.4,8.5,0,15,1,1,0","iri,stab,214,-159,113,0,8,1,1,1",,"iri,minibag,-7.6,-95.2,-19,0,6,1,1,0",,,,,,,,,,,,,,,,,,,,,,,,,,,"iri,backpack,12,-218.8,-17,0,16,1,1,0",,,,,,,,,,,,,,,,,,,,,,,,,,,,,,,,,,,,,,,,,,,,,,,,,,,,,,,,,,,,,,,,,,,,,,,,"play_time_mod_0.3,sprite_deal_damage",,
Attack3/4,"iri,head,111,-293.4,-18.5,0,4,1,1,0","iri,neck,86,-244.4,-20,0,7,1,1,0","iri,body,43.6,-152.4,-23.5,0,6,1,1,0","iri,arm_up,71,-216,87,0,4,1,1,0","iri,arm_low,172,-195.6,77,0,5,1,1,0","iri,fist,216,-183,31,0,7,1,1,0","iri,arm_up_back,121.2,-195.6,63,0,13,1,1,0","iri,arm_low,149.2,-214,-146,0,15,1,1,0","iri,open,119.2,-243.6,-137,0,17,1,1,0","iri,leg_up,-41,-80.4,-41,0,8,1,1,0","iri,leg_low,-65,-62.4,-41,0,14,1,1,0","iri,foot,-72.8,-19.4,-18.6,0,13,1,1,0","iri,leg_up,68,-68,51.7,0,12,1,1,0","iri,leg_low,84,-55.4,5.5,0,15,1,1,0","iri,foot,110.2,-18.4,8.5,0,15,1,1,0","iri,stab,296,-225,118,0,8,1,1,1",,"iri,minibag,-13.6,-101.2,-29,0,6,1,1,0",,,,,,,,,,,,,,,,,,,,,,,,,,,"iri,backpack,16,-210.8,-23,0,16,1,1,0",,,,,,,,,,,,,,,,,,,,,,,,,,,,,,,,,,,,,,,,,,,,,,,,,,,,,,,,,,,,,,,,,,,,,,,,"sprite_deal_damage,play_time_mod_0.5",,
Attack3/5,"iri,head,107,-299.4,-8.5,0,4,1,1,0","iri,neck,82,-242.4,-20,0,7,1,1,0","iri,body,47.6,-156.4,-20.5,0,6,1,1,0","iri,arm_up,75,-225,88,0,4,1,1,0","iri,arm_low,178,-207,79,0,5,1,1,0","iri,fist,222,-194,28,0,7,1,1,0","iri,arm_up_back,121.2,-200.6,63,0,13,1,1,0","iri,arm_low,149.2,-219,-146,0,15,1,1,0","iri,open,119.2,-248.6,-137,0,17,1,1,0","iri,leg_up,-33,-80.4,-46,0,8,1,1,0","iri,leg_low,-57,-62.4,-46,0,14,1,1,0","iri,foot,-67.8,-19.4,-30.6,0,13,1,1,0","iri,leg_up,79,-64,41.7,0,12,1,1,0","iri,leg_low,88,-55.4,5.5,0,15,1,1,0","iri,foot,114.2,-18.4,8.5,0,15,1,1,0","iri,base,296,-228,117,0,8,1,1,1",,"iri,minibag,-5.6,-103.2,-32,0,6,1,1,0",,,,,,,,,,,,,,,,,,,,,,,,,,,"iri,backpack,16,-212.8,-17,0,16,1,1,0",,,,,,,,,,,,,,,,,,,,,,,,,,,,,,,,,,,,,,,,,,,,,,,,,,,,,,,,,,,,,,,,,,,,,,,,"play_time_mod_1.5,sprite_deal_damage",,
Attack3/6,"iri,head,115,-305.4,-5.5,0,4,1,1,0","iri,neck,90,-248.4,-17,0,7,1,1,0","iri,body,57.6,-162.4,-22.5,0,6,1,1,0","iri,arm_up,89.6,-229.2,89,0,4,1,1,0","iri,arm_low,202,-211,87,0,5,1,1,0","iri,fist,246,-203,32,0,7,1,1,0","iri,arm_up_back,131.2,-201.6,63,0,13,1,1,0","iri,arm_low,159.2,-220,-146,0,15,1,1,0","iri,open,129.2,-249.6,-137,0,17,1,1,0","iri,leg_up,-23,-84.4,-52,0,8,1,1,0","iri,leg_low,-49,-62.4,-53,0,14,1,1,0","iri,foot,-63.8,-19.4,-38.6,0,13,1,1,0","iri,leg_up,82,-69,41.7,0,12,1,1,0","iri,leg_low,94,-55.4,5.5,0,15,1,1,0","iri,foot,120.2,-18.4,8.5,0,15,1,1,0","iri,base,320,-245,121,0,8,1,1,1",,"iri,minibag,4.4,-109.2,-32,0,6,1,1,0",,,,,,,,,,,,,,,,,,,,,,,,,,,"iri,backpack,21,-214.8,-20,0,16,1,1,0",,,,,,,,,,,,,,,,,,,,,,,,,,,,,,,,,,,,,,,,,,,,,,,,,,,,,,,,,,,,,,,,,,,,,,,,sprite_deal_damage,,
Attack3/7,"iri,head,107,-299.4,-8.5,0,4,1,1,0","iri,neck,82,-242.4,-20,0,7,1,1,0","iri,body,47.6,-156.4,-20.5,0,6,1,1,0","iri,arm_up,75.6,-221.2,84,0,4,1,1,0","iri,arm_low,178,-195,77,0,5,1,1,0","iri,fist,222,-184,28,0,7,1,1,0","iri,arm_up_back,121.2,-200.6,63,0,13,1,1,0","iri,arm_low,149.2,-219,-146,0,15,1,1,0","iri,open,119.2,-248.6,-137,0,17,1,1,0","iri,leg_up,-33,-80.4,-46,0,8,1,1,0","iri,leg_low,-57,-62.4,-46,0,14,1,1,0","iri,foot,-67.8,-19.4,-30.6,0,13,1,1,0","iri,leg_up,80,-70,51.7,0,12,1,1,0","iri,leg_low,88,-55.4,5.5,0,15,1,1,0","iri,foot,114.2,-18.4,8.5,0,15,1,1,0","iri,base,296,-218,117,0,8,1,1,1",,"iri,minibag,-5.6,-103.2,-32,0,6,1,1,0",,,,,,,,,,,,,,,,,,,,,,,,,,,"iri,backpack,16,-212.8,-17,0,16,1,1,0",,,,,,,,,,,,,,,,,,,,,,,,,,,,,,,,,,,,,,,,,,,,,,,,,,,,,,,,,,,,,,,,,,,,,,,,,,
Attack3/8,"iri,head,91,-311.4,-11.5,0,4,1,1,0","iri,neck,72,-254.4,-20,0,7,1,1,0","iri,body,35.6,-164.4,-24.5,0,6,1,1,0","iri,arm_up,9.6,-195.2,29,0,4,1,1,0","iri,arm_low,72.8,-141.4,83,0,5,1,1,0","iri,fist,116,-120,12,0,7,1,1,0","iri,arm_up_back,115.2,-211.6,57,0,13,1,1,0","iri,arm_low,143.2,-230,-152,0,15,1,1,0","iri,open,113.2,-259.6,-143,0,17,1,1,0","iri,leg_up,-41,-80.4,-41,0,8,1,1,0","iri,leg_low,-65,-62.4,-41,0,14,1,1,0","iri,foot,-72.8,-19.4,-18.6,0,13,1,1,0","iri,leg_up,61,-71,39.7,0,12,1,1,0","iri,leg_low,76,-55.4,5.5,0,15,1,1,0","iri,foot,102.2,-18.4,8.5,0,15,1,1,0","iri,base,185,-156,120,0,8,1,1,1",,"iri,minibag,-13.6,-119.2,-18,0,6,1,1,0",,,,,,,,,,,,,,,,,,,,,,,,,,,"iri,backpack,-4,-223.8,-19,0,16,1,1,0",,,,,,,,,,,,,,,,,,,,,,,,,,,,,,,,,,,,,,,,,,,,,,,,,,,,,,,,,,,,,,,,,,,,,,,,,,
Attack1/0,"iri,head,88.4,-308,-16.5,0,4,1,1,0","iri,neck,65.4,-255.2,-21,0,7,1,1,0","iri,body,35,-159.2,-19.5,0,6,1,1,0","iri,arm_up,-27,-202,8,0,2,1,1,0","iri,arm_low,-10.6,-132.4,36,0,3,1,1,0","iri,fist,18,-86,0,0,4,1,1,0","iri,arm_up_back,97.2,-214.6,63,0,13,1,1,0","iri,arm_low,125.2,-233,-146,0,15,1,1,0","iri,open,95.2,-262.6,-137,0,17,1,1,0","iri,leg_up,-41,-76.4,-41,0,8,1,1,0","iri,leg_low,-65,-61.4,-41,0,14,1,1,0","iri,foot,-72.8,-19.4,-28.6,0,13,1,1,0","iri,leg_up,66,-80.4,51.7,0,12,1,1,0","iri,leg_low,84,-55.4,5.5,0,15,1,1,0","iri,foot,110.2,-18.4,8.5,0,15,1,1,0","iri,stab,98,-76,85,0,5,1,1,1",,"iri,minibag,-16.2,-104,-19,0,6,1,1,0",,,,,,,,,,,,,,,,,,,,,,,,,,,"iri,backpack,19.4,-227.6,-14,0,16,1,1,0",,,,,,,,,,,,,,,,,,,,,,,,,,,,,,,,,,,,,,,,,,,,,,,,,,,,,,,,,,,,,,,,,,,,,,,,play_time_mod_0.2,,
Attack1/1,"iri,head,94.2,-308,-12.5,0,4,1,1,0","iri,neck,69.2,-253,-20,0,7,1,1,0","iri,body,34.8,-161,-21.5,0,6,1,1,0","iri,arm_up,8,-205,30,0,4,1,1,0","iri,arm_low,45,-136,36,0,5,1,1,0","iri,fist,74,-89,0,0,6,1,1,0","iri,arm_up_back,97.2,-213.6,63,0,13,1,1,0","iri,arm_low,125.2,-232,-146,0,15,1,1,0","iri,open,95.2,-261.6,-137,0,17,1,1,0","iri,leg_up,-41,-77.4,-46,0,8,1,1,0","iri,leg_low,-65,-62.4,-46,0,14,1,1,0","iri,foot,-72.8,-20.4,-33.6,0,13,1,1,0","iri,leg_up,66,-80.4,51.7,0,12,1,1,0","iri,leg_low,84,-55.4,5.5,0,15,1,1,0","iri,foot,110.2,-18.4,8.5,0,15,1,1,0","iri,stab,155,-87,93,0,7,1,1,1",,"iri,minibag,-18.4,-107.8,-19,0,6,1,1,0",,,,,,,,,,,,,,,,,,,,,,,,,,,"iri,backpack,27.2,-229.4,-17,0,16,1,1,0",,,,,,,,,,,,,,,,,,,,,,,,,,,,,,,,,,,,,,,,,,,,,,,,,,,,,,,,,,,,,,,,,,,,,,,,play_time_mod_0.2,,"pierce_small,2500,0"
Attack1/2,"iri,head,103.2,-301.2,-18.5,0,4,1,1,0","iri,neck,78.2,-252.2,-20,0,7,1,1,0","iri,body,35.8,-160.2,-23.5,0,6,1,1,0","iri,arm_up,37.8,-197,50,0,4,1,1,0","iri,arm_low,96.2,-121.4,33,0,5,1,1,0","iri,fist,120,-77,-2,0,6,1,1,0","iri,arm_up_back,100.2,-212.6,63,0,13,1,1,0","iri,arm_low,128.2,-231,-146,0,15,1,1,0","iri,open,98.2,-260.6,-137,0,17,1,1,0","iri,leg_up,-41,-82.4,-41,0,8,1,1,0","iri,leg_low,-65,-64.4,-41,0,14,1,1,0","iri,foot,-72.8,-21.4,-30.6,0,13,1,1,0","iri,leg_up,66,-76,51.7,0,12,1,1,0","iri,leg_low,84,-55.4,5.5,0,15,1,1,0","iri,foot,110.2,-18.4,8.5,0,15,1,1,0","iri,stab,205,-69,89,0,7,1,1,1",,"iri,minibag,-21.4,-109,-29,0,6,1,1,0",,,,,,,,,,,,,,,,,,,,,,,,,,,"iri,backpack,42.2,-218.6,-23,0,16,1,1,0",,,,,,,,,,,,,,,,,,,,,,,,,,,,,,,,,,,,,,,,,,,,,,,,,,,,,,,,,,,,,,,,,,,,,,,,"play_time_mod_0.3,sprite_deal_damage",,
Attack1/3,"iri,head,129,-282.6,-20.5,0,4,1,1,0","iri,neck,98,-237.8,-18,0,7,1,1,0","iri,body,51.6,-149.8,-29.5,0,6,1,1,0","iri,arm_up,73.6,-186.6,52,0,4,1,1,0","iri,arm_low,132,-110.8,35,0,5,1,1,0","iri,fist,159,-58,-4,0,7,1,1,0","iri,arm_up_back,128.2,-188.6,63,0,13,1,1,0","iri,arm_low,156.2,-207,-146,0,15,1,1,0","iri,open,126.2,-236.6,-137,0,17,1,1,0","iri,leg_up,-41,-80.4,-48,0,8,1,1,0","iri,leg_low,-65,-62.4,-50,0,14,1,1,0","iri,foot,-80.8,-25.4,-42.6,0,13,1,1,0","iri,leg_up,66,-70,61.7,0,12,1,1,0","iri,leg_low,84,-55.4,5.5,0,15,1,1,0","iri,foot,110.2,-18.4,8.5,0,15,1,1,0","iri,base,244,-52,90,0,8,1,1,1",,"iri,minibag,-7.6,-108.6,-34,0,6,1,1,0",,,,,,,,,,,,,,,,,,,,,,,,,,,"iri,backpack,58,-206.2,-25,0,16,1,1,0",,,,,,,,,,,,,,,,,,,,,,,,,,,,,,,,,,,,,,,,,,,,,,,,,,,,,,,,,,,,,,,,,,,,,,,,"play_time_mod_0.5,sprite_deal_damage",,
Attack1/4,"iri,head,137.2,-265,-26.5,0,4,1,1,0","iri,neck,106.2,-220,-20,0,7,1,1,0","iri,body,53.8,-136,-39.5,0,6,1,1,0","iri,arm_up,81.8,-178.8,50,0,4,1,1,0","iri,arm_low,146.2,-103,41,0,5,1,1,0","iri,fist,179,-57,4,0,7,1,1,0","iri,arm_up_back,138.2,-157.6,63,0,13,1,1,0","iri,arm_low,166.2,-176,-146,0,15,1,1,0","iri,open,136.2,-205.6,-137,0,17,1,1,0","iri,leg_up,-40,-80.4,-48,0,8,1,1,0","iri,leg_low,-64,-62.4,-50,0,14,1,1,0","iri,foot,-79.8,-25.4,-42.6,0,13,1,1,0","iri,leg_up,66,-59,71.7,0,12,1,1,0","iri,leg_low,84,-55.4,5.5,0,15,1,1,0","iri,foot,110.2,-18.4,8.5,0,15,1,1,0","iri,base,266,-46,87,0,8,1,1,1",,"iri,minibag,-7.4,-100.8,-36,0,6,1,1,0",,,,,,,,,,,,,,,,,,,,,,,,,,,"iri,backpack,62.2,-194.4,-33,0,16,1,1,0",,,,,,,,,,,,,,,,,,,,,,,,,,,,,,,,,,,,,,,,,,,,,,,,,,,,,,,,,,,,,,,,,,,,,,,,sprite_deal_damage,,
Attack1/5,"iri,head,129,-282.6,-20.5,0,4,1,1,0","iri,neck,98,-237.8,-18,0,7,1,1,0","iri,body,51.6,-149.8,-29.5,0,6,1,1,0","iri,arm_up,73.6,-186.6,52,0,4,1,1,0","iri,arm_low,132,-110.8,35,0,5,1,1,0","iri,fist,159,-58,-4,0,7,1,1,0","iri,arm_up_back,128.2,-188.6,63,0,13,1,1,0","iri,arm_low,156.2,-207,-146,0,15,1,1,0","iri,open,126.2,-236.6,-137,0,17,1,1,0","iri,leg_up,-41,-80.4,-48,0,8,1,1,0","iri,leg_low,-65,-62.4,-50,0,14,1,1,0","iri,foot,-80.8,-25.4,-42.6,0,13,1,1,0","iri,leg_up,66,-70,61.7,0,12,1,1,0","iri,leg_low,84,-55.4,5.5,0,15,1,1,0","iri,foot,110.2,-18.4,8.5,0,15,1,1,0","iri,base,244,-52,90,0,8,1,1,1",,"iri,minibag,-7.6,-108.6,-34,0,6,1,1,0",,,,,,,,,,,,,,,,,,,,,,,,,,,"iri,backpack,58,-206.2,-25,0,16,1,1,0",,,,,,,,,,,,,,,,,,,,,,,,,,,,,,,,,,,,,,,,,,,,,,,,,,,,,,,,,,,,,,,,,,,,,,,,sprite_deal_damage,,
Attack1/6,"iri,head,97,-293.4,-15.5,0,4,1,1,0","iri,neck,72,-236.4,-20,0,7,1,1,0","iri,body,33.6,-152.4,-24.5,0,6,1,1,0","iri,arm_up,0,-203,4,0,1,1,1,0","iri,arm_low,36,-129,60,0,2,1,1,0","iri,fist,68.8,-104.8,12,0,4,1,1,0","iri,arm_up_back,107.2,-196.6,63,0,13,1,1,0","iri,arm_low,135.2,-215,-146,0,15,1,1,0","iri,open,105.2,-244.6,-137,0,17,1,1,0","iri,leg_up,-38,-78.4,-39,0,8,1,1,0","iri,leg_low,-65,-61.4,-41,0,14,1,1,0","iri,foot,-68.8,-19.4,-18.6,0,13,1,1,0","iri,leg_up,66,-80.4,51.7,0,12,1,1,0","iri,leg_low,84,-55.4,5.5,0,15,1,1,0","iri,foot,110.2,-18.4,8.5,0,15,1,1,0","iri,base,154.4,-92.8,83,0,5,1,1,1",,"iri,minibag,-15.6,-107.2,-18,0,6,1,1,0",,,,,,,,,,,,,,,,,,,,,,,,,,,"iri,backpack,20,-212.8,-21,0,16,1,1,0",,,,,,,,,,,,,,,,,,,,,,,,,,,,,,,,,,,,,,,,,,,,,,,,,,,,,,,,,,,,,,,,,,,,,,,,,,
AttackReady/0,"iri,head,19,-333.4,-7.5,0,4,1,1,0","iri,neck,26,-284.4,-11,0,7,1,1,0","iri,body,13.6,-174.4,-4.5,0,6,1,1,0","iri,arm_up,-88.4,-207.2,-26,0,7,1,1,0","iri,arm_low,-108,-147.6,18,0,15,1,1,0","iri,open_back,-84.4,-113.2,48,0,14,1,1,0","iri,arm_up_back,69.2,-237.6,64,0,13,1,1,0","iri,arm_low,97.2,-256,-145,0,15,1,1,0","iri,open,67.2,-285.6,-136,0,17,1,1,0","iri,leg_up,-45,-88.4,-29,0,8,1,1,0","iri,leg_low,-61,-62.4,-34,0,14,1,1,0","iri,foot,-56.8,-19.4,-10.6,0,13,1,1,0","iri,leg_up,52,-80.4,46.7,0,12,1,1,0","iri,leg_low,64,-55.4,5.5,0,15,1,1,0","iri,foot,90.2,-18.4,8.5,0,15,1,1,0","iri,base,-8.8,-124.4,85,0,14,1,1,0",,"iri,minibag,-23.6,-115.2,-7,0,5,1,1,0",,,,,,,,,,,,,,,,,,,,,,,,,,,"iri,backpack,-18,-232.8,-13,0,16,1,1,0",,,,,,,,,,,,,,,,,,,,,,,,,,,,,,,,,,,,,,,,,,,,,,,,,,,,,,,,,,,,,,,,,,,,,,,,,,
AttackReady/1,"iri,head,59.8,-325.2,-9.5,0,4,1,1,0","iri,neck,46.8,-272.2,-20,0,7,1,1,0","iri,body,26.4,-170.2,-17.5,0,6,1,1,0","iri,arm_up,-63.6,-222.8,-33,0,7,1,1,0","iri,arm_low,-106,-157.2,-12,0,15,1,1,0","iri,fist_back,-105,-118,-4,0,16,1,1,0","iri,arm_up_back,75.2,-229.6,64,0,13,1,1,0","iri,arm_low,103.2,-248,-145,0,15,1,1,0","iri,open,73.2,-277.6,-136,0,17,1,1,0","iri,leg_up,-45,-84.4,-29,0,8,1,1,0","iri,leg_low,-61,-61.4,-36,0,14,1,1,0","iri,foot,-59.8,-19.4,-17.6,0,13,1,1,0","iri,leg_up,52,-73.4,46.7,0,12,1,1,0","iri,leg_low,64,-53.4,5.5,0,15,1,1,0","iri,foot,90.2,-18.4,8.5,0,15,1,1,0","iri,base,-30,-120,92,0,18,1,1,0",,"iri,minibag,-24.8,-114.8,-24,0,5,1,1,0",,,,,,,,,,,,,,,,,,,,,,,,,,,"iri,backpack,-5.2,-234.4,-20,0,16,1,1,0",,,,,,,,,,,,,,,,,,,,,,,,,,,,,,,,,,,,,,,,,,,,,,,,,,,,,,,,,,,,,,,,,,,,,,,,,,"shortsword_unsheathe,1500,0"
AttackReady/2,"iri,head,60.2,-328.4,-4.5,0,4,1,1,0","iri,neck,47.2,-275.4,-20,0,7,1,1,0","iri,body,26.8,-173.4,-17.5,0,6,1,1,0","iri,arm_up,-65.2,-240.4,-52,0,7,1,1,0","iri,arm_low,-134.8,-190.8,-36,0,15,1,1,0","iri,fist_back,-165.2,-146.4,-45,0,16,1,1,0","iri,arm_up_back,78.2,-226.6,64,0,13,1,1,0","iri,arm_low,106.2,-245,-145,0,15,1,1,0","iri,open,76.2,-274.6,-136,0,17,1,1,0","iri,leg_up,-44,-87.4,-30,0,8,1,1,0","iri,leg_low,-64,-61.4,-36,0,14,1,1,0","iri,foot,-62.8,-19.4,-17.6,0,13,1,1,0","iri,leg_up,52,-74.4,49.7,0,12,1,1,0","iri,leg_low,69,-53.4,11.5,0,15,1,1,0","iri,foot,96.2,-18.4,8.5,0,15,1,1,0","iri,base,-89.6,-105.4,61,0,18,1,1,0",,"iri,minibag,-24.4,-118.4,-19,0,5,1,1,0",,,,,,,,,,,,,,,,,,,,,,,,,,,"iri,backpack,-4.8,-241.8,-13,0,16,1,1,0",,,,,,,,,,,,,,,,,,,,,,,,,,,,,,,,,,,,,,,,,,,,,,,,,,,,,,,,,,,,,,,,,,,,,,,,,,
AttackReady/3,"iri,head,61.2,-316.6,-7.5,0,4,1,1,0","iri,neck,42.2,-263.8,-20,0,7,1,1,0","iri,body,21.8,-161.8,-17.5,0,6,1,1,0","iri,arm_up,-66,-218,-36,0,2,1,1,0","iri,arm_low,-77.8,-148.8,27,0,3,1,1,0","iri,fist,-54.2,-110.4,1,0,4,1,1,0","iri,arm_up_back,87.2,-219.6,63,0,13,1,1,0","iri,arm_low,115.2,-238,-146,0,15,1,1,0","iri,open,85.2,-267.6,-137,0,17,1,1,0","iri,leg_up,-41,-80.4,-41,0,8,1,1,0","iri,leg_low,-65,-62.4,-41,0,14,1,1,0","iri,foot,-72.8,-19.4,-28.6,0,13,1,1,0","iri,leg_up,60,-80.4,51.7,0,12,1,1,0","iri,leg_low,76,-55.4,5.5,0,15,1,1,0","iri,foot,102.2,-18.4,8.5,0,15,1,1,0","iri,base,26.6,-103.4,86,0,5,1,1,0",,"iri,minibag,-29.4,-106.4,-19,0,6,1,1,0",,,,,,,,,,,,,,,,,,,,,,,,,,,"iri,backpack,-8.8,-230,-13,0,16,1,1,0",,,,,,,,,,,,,,,,,,,,,,,,,,,,,,,,,,,,,,,,,,,,,,,,,,,,,,,,,,,,,,,,,,,,,,,,play_time_mod_0.5,,
Spirit/0,"iri,bad,2,-39,180,0,4,1,1,0","iri,neck,4,-78,180,0,7,1,1,0","iri,body,5,-196,180,0,6,1,1,0","iri,arm_up,115,-110,80,0,6,1,1,0","iri,arm_low,185,-72,50,0,9,1,1,0","iri,open,223,-26,60,0,12,1,1,0","iri,arm_up_back,-88,-90,-48,0,13,1,1,0","iri,arm_low,-116,-10,6,0,15,1,1,0","iri,fist_back,-115,51,13,0,21,1,1,0","iri,leg_up,39,-290,160,0,8,1,1,0","iri,leg_low,53,-313,160,0,14,1,1,0","iri,foot,41,-358,170,0,13,1,1,0","iri,leg_up,-33,-289,-169.3,0,12,1,1,0","iri,leg_low,-35,-323,-166.5,0,15,1,1,0","iri,foot,-53,-358,180,0,15,1,1,0",,,"iri,minibag,42,-263,180,0,5,1,1,0",,,,,,,,,,,,,,,,,,,,,,,,,,,"iri,backpack,57,-148,-179,0,16,1,1,0",,,,,,,,,,,,,,,,,,,,,,,,,,,,,,,,,,,,,,,,,,,,,,,,,,,,,,,,,,,,,,,,,,,,,,,,"hold,effect_fade_5,effect_grey",,
EVENT_Join/0,"iri,head,21,-337,-8.5,0,4,1,1,0","iri,neck,18,-278.4,-16,0,7,1,1,0","iri,body,7.6,-180.4,-7.5,0,6,1,1,0","iri,arm_up,-94,-233,-51,0,6,1,1,0","iri,arm_low,-180,-218,-100,0,15,1,1,0","iri,open_back,-231,-230,-86,0,17,1,1,0","iri,arm_up_back,91,-225,36,0,13,1,1,0","iri,arm_low,155,-194,100,0,15,1,1,0","iri,open,216,-217,100,1,17,1,1,0","iri,leg_up,-43,-86.4,-26,0,8,1,1,0","iri,leg_low,-57,-62.4,-27,0,14,1,1,0","iri,foot,-48.8,-19.4,-7.6,0,13,1,1,0","iri,leg_up,44,-84.4,14.7,0,12,1,1,0","iri,leg_low,64,-55.4,20.5,0,15,1,1,0","iri,foot,90.2,-18.4,5.5,0,15,1,1,0","iri,base,-6.8,-122.4,77,0,14,1,1,0",,"iri,minibag,-33.6,-113.2,-11,0,5,1,1,0",,,,,,,,,,,,,,,,,,,,,,,,,,,"iri,backpack,-41,-229,-7,0,16,1,1,0",,,,,,,,,,,,,,,,,,,,,,,,,,,,,,,,,,,,,,,,,,,,,,,,,,,,,,,,,,,,,,,,,,,,,,,,,,