"Name","p1_head","p1_neck","p1_body","p1_r_arm_up","p1_r_arm_low","p1_r_hand","p1_l_arm_up","p1_l_arm_low","p1_l_hand","p1_r_leg_up","p1_r_leg_low","p1_r_foot","p1_l_leg_up","p1_l_leg_low","p1_l_foot","p1_main_weapon","p1_sub_weapon","p1_special_1","p1_special_2","p1_special_3","p1_special_4","p1_special_5","p1_special_6","p1_special_7","p1_special_8","p1_special_9","p1_special_10","p2_head","p2_neck","p2_body","p2_r_arm_up","p2_r_arm_low","p2_r_hand","p2_l_arm_up","p2_l_arm_low","p2_l_hand","p2_r_leg_up","p2_r_leg_low","p2_r_foot","p2_l_leg_up","p2_l_leg_low","p2_l_foot","p2_main_weapon","p2_sub_weapon","p2_special_1","p2_special_2","p2_special_3","p2_special_4","p2_special_5","p2_special_6","p2_special_7","p2_special_8","p2_special_9","p2_special_10","p3_head","p3_neck","p3_body","p3_r_arm_up","p3_r_arm_low","p3_r_hand","p3_l_arm_up","p3_l_arm_low","p3_l_hand","p3_r_leg_up","p3_r_leg_low","p3_r_foot","p3_l_leg_up","p3_l_leg_low","p3_l_foot","p3_main_weapon","p3_sub_weapon","p3_special_1","p3_special_2","p3_special_3","p3_special_4","p3_special_5","p3_special_6","p3_special_7","p3_special_8","p3_special_9","p3_special_10","p4_head","p4_neck","p4_body","p4_r_arm_up","p4_r_arm_low","p4_r_hand","p4_l_arm_up","p4_l_arm_low","p4_l_hand","p4_r_leg_up","p4_r_leg_low","p4_r_foot","p4_l_leg_up","p4_l_leg_low","p4_l_foot","p4_main_weapon","p4_sub_weapon","p4_special_1","p4_special_2","p4_special_3","p4_special_4","p4_special_5","p4_special_6","p4_special_7","p4_special_8","p4_special_9","p4_special_10","effect_1","effect_2","effect_3","effect_4","effect_5","effect_6","effect_7","effect_8","frame_property","animation_property","sound_effect"
"Attack1/0","amgarn,head,15,-280,-14,0,2,1,1,0","amgarn,neck,-1,-248,-11,0,4,1,1,0","amgarn,body,-6,-174,-2.5,0,5,1,1,0","amgarn,arm_up,-10,-207,24,1,5,1,1,0","amgarn,arm_low,25,-169,84,0,4,1,1,0","amgarn,fist,71,-166,134,1,4,1,1,0","amgarn,arm_up,26,-209,34,1,13,1,1,0","amgarn,arm_low,57,-177,56,1,15,1,1,0","amgarn,fist,87,-167,38,0,21,1,1,0","amgarn,leg_up,-35,-96,-19.7,1,5,1,1,0","amgarn,leg_low,-57,-51,-24,0,10,1,1,0","amgarn,foot,-72,-12,-51.6,0,13,1,1,0","amgarn,leg_up,14,-103,39.7,1,12,1,1,0","amgarn,leg_low,34,-59,4.5,0,13,1,1,0","amgarn,foot,36,-15,-31.5,0,15,1,1,0","amgarn,base,95,-251,169,0,6,1,1,0",,"amgarn,tail,-57,-108,-47,0,6,1,1,0","amgarn,scarf,-30,-202,-10,0,7,1,1,0",,,,,,,,,,,,,,,,,,,,,,,,,,,,,,,,,,,,,,,,,,,,,,,,,,,,,,,,,,,,,,,,,,,,,,,,,,,,,,,,,,,,,,,,,,,,,,,,,,"play_time_mod_0.5",,
"Attack1/1","amgarn,head,20,-279,-16,0,2,1,1,0","amgarn,neck,4,-247,-11,0,4,1,1,0","amgarn,body,-5,-171,-4.5,0,5,1,1,0","amgarn,arm_up,-4,-204,34,1,5,1,1,0","amgarn,arm_low,37,-172,94,0,4,1,1,0","amgarn,fist,83,-177,144,1,4,1,1,0","amgarn,arm_up,30,-206,42,1,13,1,1,0","amgarn,arm_low,61,-182,64,1,15,1,1,0","amgarn,fist,91,-180,46,0,21,1,1,0","amgarn,leg_up,-37,-96,-22.7,1,5,1,1,0","amgarn,leg_low,-61,-51,-28,0,10,1,1,0","amgarn,foot,-82,-15,-58.6,0,13,1,1,0","amgarn,leg_up,18,-102,40.7,1,12,1,1,0","amgarn,leg_low,38,-59,1.5,0,13,1,1,0","amgarn,foot,37,-15,-35.5,0,15,1,1,0","amgarn,base,91,-262,-180,0,6,1,1,0",,"amgarn,tail,-57,-111,-52,0,6,1,1,0","amgarn,scarf,-25,-202,-10,0,7,1,1,0",,,,,,,,,,,,,,,,,,,,,,,,,,,,,,,,,,,,,,,,,,,,,,,,,,,,,,,,,,,,,,,,,,,,,,,,,,,,,,,,,,,,,,,,,,,,,,,,,,"play_time_mod_0.5",,
"Attack1/2","amgarn,head,26,-273,-13,0,2,1,1,0","amgarn,neck,14,-236,-10,0,4,1,1,0","amgarn,body,-3,-171,-7.5,0,5,1,1,0","amgarn,arm_up,16,-199,56,1,5,1,1,0","amgarn,arm_low,64,-185,116,0,4,1,1,0","amgarn,fist,106,-208,166,1,4,1,1,0","amgarn,arm_up,45,-214,72,1,13,1,1,0","amgarn,arm_low,85,-203,86,1,15,1,1,0","amgarn,fist,114,-213,68,0,21,1,1,0","amgarn,leg_up,-38,-96,-25.7,1,5,1,1,0","amgarn,leg_low,-67,-51,-33,0,10,1,1,0","amgarn,foot,-93,-15,-63.6,0,13,1,1,0","amgarn,leg_up,18,-102,45.7,1,12,1,1,0","amgarn,leg_low,40,-58,-3.5,0,13,1,1,0","amgarn,foot,37,-15,-35.5,0,15,1,1,0","amgarn,base,78,-278,-151,0,6,1,0.9,0",,"amgarn,tail,-58,-108,-59,0,6,1,1,0","amgarn,scarf,-18,-188,-14,0,7,1,1,0",,,,,,,,,,,,,,,,,,,,,,,,,,,,,,,,,,,,,,,,,,,,,,,,,,,,,,,,,,,,,,,,,,,,,,,,,,,,,,,,,,,,,,,,,,,,,,,,,,"play_time_mod_0.5",,
"Attack1/3","amgarn,head,27,-271,-15,0,2,1,1,0","amgarn,neck,14,-236,-10,0,4,1,1,0","amgarn,body,-3,-171,-7.5,0,5,1,1,0","amgarn,arm_up,16,-200,60,1,5,1,1,0","amgarn,arm_low,64,-192,123,0,4,1,1,0","amgarn,fist,100,-223,-178,1,4,1,1,0","amgarn,arm_up,38,-213,70,1,13,1,1,0","amgarn,arm_low,74,-213,136,1,15,1,1,0","amgarn,fist,94,-243,108,0,21,1,1,0","amgarn,leg_up,-39,-96,-26.7,1,5,1,1,0","amgarn,leg_low,-69,-51,-34,0,10,1,1,0","amgarn,foot,-95,-15,-63.6,0,13,1,1,0","amgarn,leg_up,18,-102,45.7,1,12,1,1,0","amgarn,leg_low,40,-58,-3.5,0,13,1,1,0","amgarn,foot,37,-15,-35.5,0,15,1,1,0","amgarn,base,41,-278,-131,0,6,1,0.9,0",,"amgarn,tail,-59,-108,-62,0,6,1,1,0","amgarn,scarf,-21,-188,-16,0,7,1,1,0",,,,,,,,,,,,,,,,,,,,,,,,,,,,,,,,,,,,,,,,,,,,,,,,,,,,,,,,,,,,,,,,,,,,,,,,,,,,,,,,,,,,,,,,,,,,,,,,,,"play_time_mod_0.75",,
"Attack1/4","amgarn,angry,29,-271,-17,0,2,1,1,0","amgarn,neck,14,-236,-10,0,4,1,1,0","amgarn,body,-3,-171,-7.5,0,5,1,1,0","amgarn,arm_up,16,-206,72,1,5,1,1,0","amgarn,arm_low,64,-206,136,0,4,1,1,0","amgarn,fist,93,-240,-165,1,4,1,1,0","amgarn,arm_up,35,-216,74,1,13,1,1,0","amgarn,arm_low,74,-218,138,1,15,1,1,0","amgarn,fist,91,-249,111,0,21,1,1,0","amgarn,leg_up,-40,-96,-27.7,1,5,1,1,0","amgarn,leg_low,-70,-51,-36,0,10,1,1,0","amgarn,foot,-97,-15,-65.6,0,13,1,1,0","amgarn,leg_up,18,-102,45.7,1,12,1,1,0","amgarn,leg_low,40,-58,-3.5,0,13,1,1,0","amgarn,foot,37,-15,-35.5,0,15,1,1,0","amgarn,base,30,-274,-114,0,6,1,0.9,0",,"amgarn,tail,-59,-110,-65,0,6,1,1,0","amgarn,scarf,-22,-188,-19,0,7,1,1,0",,,,,,,,,,,,,,,,,,,,,,,,,,,,,,,,,,,,,,,,,,,,,,,,,,,,,,,,,,,,,,,,,,,,,,,,,,,,,,,,,,,,,,,,,,,,,,,,,,,,
"Attack1/5","amgarn,angry,42,-267,-23,0,2,1,1,0","amgarn,neck,24,-236,-16,0,4,1,1,0","amgarn,body,1,-171,-16.5,0,5,1,1,0","amgarn,arm_up,24,-212,65,1,5,1,1,0","amgarn,arm_low,70,-206,136,0,4,1,1,0","amgarn,fist,99,-240,-165,1,4,1,1,0","amgarn,arm_up,39,-213,74,1,13,1,1,0","amgarn,arm_low,79,-208,118,1,15,1,1,0","amgarn,fist,106,-231,91,0,21,1,1,0","amgarn,leg_up,-41,-96,-28.7,1,5,1,1,0","amgarn,leg_low,-72,-51,-34,0,10,1,1,0","amgarn,foot,-97,-15,-65.6,0,13,1,1,0","amgarn,leg_up,24,-100,47.7,1,12,1,1,0","amgarn,leg_low,43,-58,-9.5,0,13,1,1,0","amgarn,foot,37,-15,-35.5,0,15,1,1,0","amgarn,swing,56,-288,-138,1,6,1,0.9,0",,"amgarn,tail,-59,-114,-69,0,6,1,1,0","amgarn,scarf,-22,-194,-37,0,7,1,1,0",,,,,,,,,,,,,,,,,,,,,,,,,,,,,,,,,,,,,,,,,,,,,,,,,,,,,,,,,,,,,,,,,,,,,,,,,,,,,,,,,,,,,,,,,,,,,,,,,,"sprite_deal_damage",,
"Attack1/6","amgarn,angry,48,-259,-28,0,2,1,1,0","amgarn,neck,26,-234,-20,0,4,1,1,0","amgarn,body,2,-171,-18.5,0,5,1,1,0","amgarn,arm_up,26,-207,85,1,5,1,1,0","amgarn,arm_low,80,-209,111,0,4,1,1,0","amgarn,fist,123,-220,144,1,4,1,1,0","amgarn,arm_up,39,-213,74,1,13,1,1,0","amgarn,arm_low,84,-210,115,1,15,1,1,0","amgarn,fist,117,-221,71,0,21,1,1,0","amgarn,leg_up,-41,-96,-28.7,1,5,1,1,0","amgarn,leg_low,-72,-51,-34,0,10,1,1,0","amgarn,foot,-97,-15,-65.6,0,13,1,1,0","amgarn,leg_up,24,-100,47.7,1,12,1,1,0","amgarn,leg_low,43,-58,-9.5,0,13,1,1,0","amgarn,foot,37,-15,-35.5,0,15,1,1,0","amgarn,swing,183,-275,131,1,6,1,1,0",,"amgarn,tail,-59,-116,-74,0,6,1,1,0","amgarn,scarf,-22,-197,-41,0,7,1,1,0",,,,,,,,,,,,,,,,,,,,,,,,,,,,,,,,,,,,,,,,,,,,,,,,,,,,,,,,,,,,,,,,,,,,,,,,,,,,,,,,,,,,,,,,,,,,,,,,,,"sprite_deal_damage,play_time_mod_0.5",,"swing_flat,2500,0"
"Attack1/7","amgarn,angry,61,-247,-32,0,2,1,1,0","amgarn,neck,37,-227,-24,0,4,1,1,0","amgarn,body,9,-171,-22.5,0,5,1,1,0","amgarn,arm_up,41,-205,82,1,5,1,1,0","amgarn,arm_low,107,-197,88,0,4,1,1,0","amgarn,fist,143,-198,134,1,4,1,1,0","amgarn,arm_up,59,-203,84,1,13,1,1,0","amgarn,arm_low,105,-201,90,1,15,1,1,0","amgarn,fist,148,-205,68,0,21,1,1,0","amgarn,leg_up,-41,-96,-28.7,1,5,1,1,0","amgarn,leg_low,-72,-51,-34,0,10,1,1,0","amgarn,foot,-97,-15,-65.6,0,13,1,1,0","amgarn,leg_up,24,-100,47.7,1,12,1,1,0","amgarn,leg_low,43,-58,-9.5,0,13,1,1,0","amgarn,foot,37,-15,-35.5,0,15,1,1,0","amgarn,swing,236,-206,96,1,6,1,1.1,0",,"amgarn,tail,-59,-114,-69,0,6,1,1,0","amgarn,scarf,-21,-193,-56,0,7,1,1,0",,,,,,,,,,,,,,,,,,,,,,,,,,,,,,,,,,,,,,,,,,,,,,,,,,,,,,,,,,,,,,,,,,,,,,,,,,,,,,,,,,,,,,,,,,,,,,,,,,"play_time_mod_0.1,sprite_deal_damage",,
"Attack1/8","amgarn,angry,61,-246,-35,0,2,1,1,0","amgarn,neck,37,-227,-24,0,4,1,1,0","amgarn,body,9,-171,-22.5,0,5,1,1,0","amgarn,arm_up,30,-189,54,1,5,1,1,0","amgarn,arm_low,79,-158,66,0,4,1,1,0","amgarn,fist,112,-146,111,1,4,1,1,0","amgarn,arm_up,57,-183,54,1,13,1,1,0","amgarn,arm_low,83,-156,62,1,15,1,1,0","amgarn,fist,123,-141,40,0,21,1,1,0","amgarn,leg_up,-44,-94,-30.7,1,5,1,1,0","amgarn,leg_low,-78,-50,-36,0,10,1,1,0","amgarn,foot,-105,-16,-68.6,0,13,1,1,0","amgarn,leg_up,24,-100,49.7,1,12,1,1,0","amgarn,leg_low,45,-57,-13.5,0,13,1,1,0","amgarn,foot,37,-15,-35.5,0,15,1,1,0","amgarn,swing,178,-116,66,1,6,1,1,0",,"amgarn,tail,-59,-116,-74,0,6,1,1,0","amgarn,scarf,-18,-199,-66,0,7,1,1,0",,,,,,,,,,,,,,,,,,,,,,,,,,,,,,,,,,,,,,,,,,,,,,,,,,,,,,,,,,,,,,,,,,,,,,,,,,,,,,,,,,,,,,,,,,,,,,,,,,"sprite_deal_damage,play_time_mod_0.1",,
"Attack1/9","amgarn,angry,61,-244,-37,0,2,1,1,0","amgarn,neck,36,-224,-27,0,3,1,1,0","amgarn,body,9,-171,-22.5,0,5,1,1,0","amgarn,arm_up,24,-197,14,1,4,1,1,0","amgarn,arm_low,33,-172,22,0,3,1,1,0","amgarn,fist,46,-141,68,1,3,1,1,0","amgarn,arm_up,42,-187,14,1,13,1,1,0","amgarn,arm_low,35,-176,22,1,15,1,1,0","amgarn,fist,55,-124,0,0,21,1,1,0","amgarn,leg_up,-44,-94,-30.7,1,5,1,1,0","amgarn,leg_low,-78,-50,-36,0,10,1,1,0","amgarn,foot,-105,-16,-68.6,0,13,1,1,0","amgarn,leg_up,24,-100,49.7,1,12,1,1,0","amgarn,leg_low,45,-57,-13.5,0,13,1,1,0","amgarn,foot,37,-15,-35.5,0,15,1,1,0","amgarn,swing,89,-86,37,1,5,1,1,0",,"amgarn,tail,-59,-116,-74,0,6,1,1,0","amgarn,scarf,-18,-201,-74,0,7,1,1,0",,,,,,,,,,,,,,,,,,,,,,,,,,,,,,,,,,,,,,,,,,,,,,,,,,,,,,,,,,,,,,,,,,,,,,,,,,,,,,,,,,,,,,,,,,,,,,,,,,"sprite_deal_damage,play_time_mod_0.1",,
"Attack1/10","amgarn,angry,61,-242,-40,0,2,1,1,0","amgarn,neck,36,-224,-27,0,3,1,1,0","amgarn,body,9,-171,-22.5,0,5,1,1,0","amgarn,arm_up,15,-199,-6,1,4,1,1,0","amgarn,arm_low,10,-169,1,0,3,1,1,0","amgarn,fist,7,-149,-42,0,3,1,1,0","amgarn,arm_up,41,-179,-16,1,13,1,1,0","amgarn,arm_low,35,-176,22,1,15,1,1,0","amgarn,fist,25,-154,-50,0,21,1,1,0","amgarn,leg_up,-46,-94,-30.7,1,5,1,1,0","amgarn,leg_low,-80,-50,-39,0,10,1,1,0","amgarn,foot,-108,-16,-68.6,0,13,1,1,0","amgarn,leg_up,26,-98,52.7,1,12,1,1,0","amgarn,leg_low,47,-57,-16.5,0,13,1,1,0","amgarn,foot,37,-15,-35.5,0,15,1,1,0","amgarn,swing,-52,-106,-53,1,5,1,1,0",,"amgarn,tail,-59,-122,-77,0,6,1,1,0","amgarn,scarf,-18,-202,-78,0,7,1,1,0",,,,,,,,,,,,,,,,,,,,,,,,,,,,,,,,,,,,,,,,,,,,,,,,,,,,,,,,,,,,,,,,,,,,,,,,,,,,,,,,,,,,,,,,,,,,,,,,,,"play_time_mod_0.1,sprite_deal_damage",,
"Attack1/11","amgarn,angry,61,-240,-44,0,3,1,1,0","amgarn,neck,36,-226,-31,0,4,1,1,0","amgarn,body,9,-170,-22.5,0,6,1,1,0","amgarn,arm_up,2,-199,-50,1,5,1,1,0","amgarn,arm_low,-30,-196,1,0,4,1,1,0","amgarn,fist,-15,-225,90,0,3,1,1,0","amgarn,arm_up,33,-178,-56,1,4,1,1,0","amgarn,arm_low,-2,-182,2,1,4,1,1,0","amgarn,fist,-4,-211,143,0,4,1,1,0","amgarn,leg_up,-47,-94,-32.7,1,6,1,1,0","amgarn,leg_low,-84,-50,-39,0,11,1,1,0","amgarn,foot,-112,-16,-68.6,0,14,1,1,0","amgarn,leg_up,29,-97,52.7,1,13,1,1,0","amgarn,leg_low,48,-57,-18.5,0,14,1,1,0","amgarn,foot,37,-15,-35.5,0,16,1,1,0","amgarn,swing,-66,-279,-138,1,4,1,1,0",,"amgarn,tail,-61,-124,-89,0,7,1,1,0","amgarn,scarf,-18,-210,-81,0,8,1,1,0",,,,,,,,,,,,,,,,,,,,,,,,,,,,,,,,,,,,,,,,,,,,,,,,,,,,,,,,,,,,,,,,,,,,,,,,,,,,,,,,,,,,,,,,,,,,,,,,,,"play_time_mod_0.5",,
"Attack1/12","amgarn,angry,64,-240,-47,0,3,1,1,0","amgarn,neck,36,-226,-31,0,4,1,1,0","amgarn,body,9,-170,-22.5,0,6,1,1,0","amgarn,arm_up,-6,-201,-53,1,5,1,1,0","amgarn,arm_low,-29,-199,-7,0,4,1,1,0","amgarn,fist,-8,-228,82,0,3,1,1,0","amgarn,arm_up,33,-178,-56,1,4,1,1,0","amgarn,arm_low,-2,-182,2,1,4,1,1,0","amgarn,fist,-4,-211,143,0,4,1,1,0","amgarn,leg_up,-47,-94,-32.7,1,6,1,1,0","amgarn,leg_low,-84,-50,-39,0,11,1,1,0","amgarn,foot,-112,-16,-68.6,0,14,1,1,0","amgarn,leg_up,29,-97,52.7,1,13,1,1,0","amgarn,leg_low,48,-57,-18.5,0,14,1,1,0","amgarn,foot,37,-15,-35.5,0,16,1,1,0","amgarn,base,-30,-289,-156,1,4,1,1,0",,"amgarn,tail,-61,-124,-87,0,7,1,1,0","amgarn,scarf,-18,-208,-81,0,8,1,1,0",,,,,,,,,,,,,,,,,,,,,,,,,,,,,,,,,,,,,,,,,,,,,,,,,,,,,,,,,,,,,,,,,,,,,,,,,,,,,,,,,,,,,,,,,,,,,,,,,,,,
"Attack1/13","amgarn,angry,64,-238,-48,0,3,1,1,0","amgarn,neck,36,-226,-31,0,4,1,1,0","amgarn,body,9,-168,-23.5,0,6,1,1,0","amgarn,arm_up,-6,-201,-53,1,5,1,1,0","amgarn,arm_low,-29,-199,-7,0,4,1,1,0","amgarn,fist,-8,-228,82,0,3,1,1,0","amgarn,arm_up,33,-178,-56,1,4,1,1,0","amgarn,arm_low,-2,-182,2,1,4,1,1,0","amgarn,fist,-4,-211,143,0,4,1,1,0","amgarn,leg_up,-49,-94,-33.7,1,6,1,1,0","amgarn,leg_low,-87,-50,-40,0,11,1,1,0","amgarn,foot,-116,-16,-68.6,0,14,1,1,0","amgarn,leg_up,29,-96,54.7,1,13,1,1,0","amgarn,leg_low,49,-57,-20.5,0,14,1,1,0","amgarn,foot,37,-15,-32.5,0,16,1,1,0","amgarn,base,-23,-289,-164,1,4,1,1,0",,"amgarn,tail,-58,-122,-89,0,7,1,1,0","amgarn,scarf,-18,-208,-70,0,8,1,1,0",,,,,,,,,,,,,,,,,,,,,,,,,,,,,,,,,,,,,,,,,,,,,,,,,,,,,,,,,,,,,,,,,,,,,,,,,,,,,,,,,,,,,,,,,,,,,,,,,,,,
"Attack1/14","amgarn,angry,44,-256,-13,0,3,1,1,0","amgarn,neck,26,-232,-26,0,4,1,1,0","amgarn,body,4,-169,-18.5,0,6,1,1,0","amgarn,arm_up,-21,-202,-48,1,5,1,1,0","amgarn,arm_low,-34,-180,-72,0,4,1,1,0","amgarn,fist,3,-180,61,0,3,1,1,0","amgarn,arm_up,48,-184,9,1,4,1,1,0","amgarn,arm_low,39,-158,67,1,4,1,1,0","amgarn,fist,0,-172,-160,0,4,1,1,0","amgarn,leg_up,-38,-94,-20.7,1,6,1,1,0","amgarn,leg_low,-67,-50,-40,0,11,1,1,0","amgarn,foot,-94,-16,-63.6,0,14,1,1,0","amgarn,leg_up,26,-101,50.7,1,13,1,1,0","amgarn,leg_low,44,-57,-12.5,0,14,1,1,0","amgarn,foot,37,-15,-32.5,0,16,1,1,0","amgarn,base,-16,-260,-169,1,4,1,1,0",,"amgarn,tail,-61,-116,-77,0,7,1,1,0","amgarn,scarf,-23,-202,-64,0,8,1,1,0",,,,,,,,,,,,,,,,,,,,,,,,,,,,,,,,,,,,,,,,,,,,,,,,,,,,,,,,,,,,,,,,,,,,,,,,,,,,,,,,,,,,,,,,,,,,,,,,,,"play_time_mod_0.5",,
"Attack1/15","amgarn,angry,31,-266,-13,0,3,1,1,0","amgarn,neck,13,-238,-21,0,4,1,1,0","amgarn,body,0,-171,-13.5,0,6,1,1,0","amgarn,arm_up,-21,-202,-28,1,5,1,1,0","amgarn,arm_low,-18,-178,-77,0,4,1,1,0","amgarn,fist,35,-184,61,0,1,1,1,0","amgarn,arm_up,61,-187,25,1,7,1,1,0","amgarn,arm_low,60,-157,97,1,4,1,1,0","amgarn,fist,32,-162,-150,0,3,1,1,0","amgarn,leg_up,-36,-94,-17.7,1,6,1,1,0","amgarn,leg_low,-61,-46,-32,0,11,1,1,0","amgarn,foot,-80,-14,-63.6,0,14,1,1,0","amgarn,leg_up,23,-101,44.7,1,13,1,1,0","amgarn,leg_low,41,-57,-2.5,0,14,1,1,0","amgarn,foot,37,-15,-35.5,0,16,1,1,0","amgarn,base,26,-260,-172,1,3,1,1,0",,"amgarn,tail,-61,-108,-67,0,7,1,1,0","amgarn,scarf,-19,-204,-25,0,8,1,1,0",,,,,,,,,,,,,,,,,,,,,,,,,,,,,,,,,,,,,,,,,,,,,,,,,,,,,,,,,,,,,,,,,,,,,,,,,,,,,,,,,,,,,,,,,,,,,,,,,,"play_time_mod_0.2",,
"Attack1/16","amgarn,head,15,-280,-14,0,2,1,1,0","amgarn,neck,-1,-248,-11,0,4,1,1,0","amgarn,body,-6,-174,-2.5,0,5,1,1,0","amgarn,arm_up,-10,-207,24,1,5,1,1,0","amgarn,arm_low,25,-169,84,0,4,1,1,0","amgarn,fist,71,-166,134,1,4,1,1,0","amgarn,arm_up,26,-209,34,1,13,1,1,0","amgarn,arm_low,57,-177,56,1,15,1,1,0","amgarn,fist,87,-167,38,0,21,1,1,0","amgarn,leg_up,-35,-96,-19.7,1,5,1,1,0","amgarn,leg_low,-57,-51,-24,0,10,1,1,0","amgarn,foot,-72,-12,-51.6,0,13,1,1,0","amgarn,leg_up,14,-103,39.7,1,12,1,1,0","amgarn,leg_low,34,-59,4.5,0,13,1,1,0","amgarn,foot,36,-15,-31.5,0,15,1,1,0","amgarn,base,95,-251,169,0,6,1,1,0",,"amgarn,tail,-57,-108,-47,0,6,1,1,0","amgarn,scarf,-30,-202,-10,0,7,1,1,0",,,,,,,,,,,,,,,,,,,,,,,,,,,,,,,,,,,,,,,,,,,,,,,,,,,,,,,,,,,,,,,,,,,,,,,,,,,,,,,,,,,,,,,,,,,,,,,,,,"play_time_mod_0.2",,
"Damaged/0","amgarn,head,15,-280,-14,0,2,1,1,0","amgarn,neck,-1,-248,-11,0,4,1,1,0","amgarn,body,-6,-174,-2.5,0,5,1,1,0","amgarn,arm_up,-10,-207,24,1,5,1,1,0","amgarn,arm_low,25,-169,84,0,4,1,1,0","amgarn,fist,71,-166,134,1,4,1,1,0","amgarn,arm_up,26,-209,34,1,13,1,1,0","amgarn,arm_low,57,-177,56,1,15,1,1,0","amgarn,fist,87,-167,38,0,21,1,1,0","amgarn,leg_up,-35,-96,-19.7,1,5,1,1,0","amgarn,leg_low,-57,-51,-24,0,10,1,1,0","amgarn,foot,-72,-12,-51.6,0,13,1,1,0","amgarn,leg_up,14,-103,39.7,1,12,1,1,0","amgarn,leg_low,34,-59,4.5,0,13,1,1,0","amgarn,foot,36,-15,-31.5,0,15,1,1,0","amgarn,base,95,-251,169,0,6,1,1,0",,"amgarn,tail,-57,-108,-47,0,6,1,1,0","amgarn,scarf,-30,-202,-10,0,7,1,1,0",,,,,,,,,,,,,,,,,,,,,,,,,,,,,,,,,,,,,,,,,,,,,,,,,,,,,,,,,,,,,,,,,,,,,,,,,,,,,,,,,,,,,,,,,,,,,,,,,,,,
"Damaged/1","amgarn,head,20,-267,-23,0,2,1,1,0","amgarn,neck,2,-237,-15,0,4,1,1,0","amgarn,body,-6,-164,-4.5,0,5,1,1,0","amgarn,arm_up,-10,-201,27,1,5,1,1,0","amgarn,arm_low,28,-167,90,0,4,1,1,0","amgarn,fist,74,-169,139,1,4,1,1,0","amgarn,arm_up,26,-206,37,1,13,1,1,0","amgarn,arm_low,60,-174,59,1,15,1,1,0","amgarn,fist,90,-170,46,0,21,1,1,0","amgarn,leg_up,-35,-88,-14.7,1,5,1,1,0","amgarn,leg_low,-58,-41,-40,0,10,1,1,0","amgarn,foot,-81,-11,-61.6,0,13,1,1,0","amgarn,leg_up,15,-100,49.7,1,12,1,1,0","amgarn,leg_low,38,-55,-3.5,0,13,1,1,0","amgarn,foot,36,-15,-31.5,0,15,1,1,0","amgarn,base,92,-251,172,0,6,1,1,0",,"amgarn,tail,-59,-103,-50,0,6,1,1,0","amgarn,scarf,-31,-198,-20,0,7,1,1,0",,,,,,,,,,,,,,,,,,,,,,,,,,,,,,,,,,,,,,,,,,,,,,,,,,,,,,,,,,,,,,,,,,,,,,,,,,,,,,,,,,,,,,,,,,,,,,,,,,,,
"Damaged/2","amgarn,angry,20,-263,-25,0,2,1,1,0","amgarn,neck,2,-237,-15,0,4,1,1,0","amgarn,body,-6,-164,-4.5,0,5,1,1,0","amgarn,arm_up,-8,-199,31,1,5,1,1,0","amgarn,arm_low,31,-166,93,0,4,1,1,0","amgarn,fist,77,-171,142,1,4,1,1,0","amgarn,arm_up,26,-206,37,1,13,1,1,0","amgarn,arm_low,63,-176,62,1,15,1,1,0","amgarn,fist,93,-175,49,0,21,1,1,0","amgarn,leg_up,-35,-86,-14.7,1,5,1,1,0","amgarn,leg_low,-59,-40,-43,0,10,1,1,0","amgarn,foot,-81,-11,-61.6,0,13,1,1,0","amgarn,leg_up,15,-100,49.7,1,12,1,1,0","amgarn,leg_low,38,-55,-5.5,0,13,1,1,0","amgarn,foot,36,-15,-27.5,0,15,1,1,0","amgarn,base,90,-254,177,0,6,1,1,0",,"amgarn,tail,-59,-103,-53,0,6,1,1,0","amgarn,scarf,-33,-198,-24,0,7,1,1,0",,,,,,,,,,,,,,,,,,,,,,,,,,,,,,,,,,,,,,,,,,,,,,,,,,,,,,,,,,,,,,,,,,,,,,,,,,,,,,,,,,,,,,,,,,,,,,,,,,"hold",,
"Damaged/3","amgarn,angry,23,-258,-27,0,2,1,1,0","amgarn,neck,1,-230,-16,0,4,1,1,0","amgarn,body,-6,-159,-6.5,0,5,1,1,0","amgarn,arm_up,-6,-197,27,1,5,1,1,0","amgarn,arm_low,32,-163,90,0,4,1,1,0","amgarn,fist,78,-165,139,1,4,1,1,0","amgarn,arm_up,30,-202,37,1,13,1,1,0","amgarn,arm_low,64,-170,59,1,15,1,1,0","amgarn,fist,94,-166,46,0,21,1,1,0","amgarn,leg_up,-35,-81,-14.7,1,5,1,1,0","amgarn,leg_low,-61,-36,-48,0,10,1,1,0","amgarn,foot,-87,-11,-61.6,0,13,1,1,0","amgarn,leg_up,15,-95,54.7,1,12,1,1,0","amgarn,leg_low,39,-55,-9.5,0,13,1,1,0","amgarn,foot,36,-15,-24.5,0,15,1,1,0","amgarn,base,89,-247,-179,0,6,1,1,0",,"amgarn,tail,-59,-105,-62,0,6,1,1,0","amgarn,scarf,-33,-198,-29,0,7,1,1,0",,,,,,,,,,,,,,,,,,,,,,,,,,,,,,,,,,,,,,,,,,,,,,,,,,,,,,,,,,,,,,,,,,,,,,,,,,,,,,,,,,,,,,,,,,,,,,,,,,,,
"Damaged/4","amgarn,head,20,-267,-23,0,2,1,1,0","amgarn,neck,2,-237,-15,0,4,1,1,0","amgarn,body,-6,-164,-4.5,0,5,1,1,0","amgarn,arm_up,-10,-201,27,1,5,1,1,0","amgarn,arm_low,28,-167,90,0,4,1,1,0","amgarn,fist,74,-169,139,1,4,1,1,0","amgarn,arm_up,26,-206,37,1,13,1,1,0","amgarn,arm_low,60,-174,59,1,15,1,1,0","amgarn,fist,90,-170,46,0,21,1,1,0","amgarn,leg_up,-35,-88,-14.7,1,5,1,1,0","amgarn,leg_low,-58,-41,-40,0,10,1,1,0","amgarn,foot,-81,-11,-61.6,0,13,1,1,0","amgarn,leg_up,15,-100,49.7,1,12,1,1,0","amgarn,leg_low,38,-55,-3.5,0,13,1,1,0","amgarn,foot,36,-15,-31.5,0,15,1,1,0","amgarn,base,92,-251,172,0,6,1,1,0",,"amgarn,tail,-59,-103,-50,0,6,1,1,0","amgarn,scarf,-31,-198,-20,0,7,1,1,0",,,,,,,,,,,,,,,,,,,,,,,,,,,,,,,,,,,,,,,,,,,,,,,,,,,,,,,,,,,,,,,,,,,,,,,,,,,,,,,,,,,,,,,,,,,,,,,,,,,,
"Damaged/5","amgarn,head,15,-280,-14,0,2,1,1,0","amgarn,neck,-1,-248,-11,0,4,1,1,0","amgarn,body,-6,-174,-2.5,0,5,1,1,0","amgarn,arm_up,-10,-207,24,1,5,1,1,0","amgarn,arm_low,25,-169,84,0,4,1,1,0","amgarn,fist,71,-166,134,1,4,1,1,0","amgarn,arm_up,26,-209,34,1,13,1,1,0","amgarn,arm_low,57,-177,56,1,15,1,1,0","amgarn,fist,87,-167,38,0,21,1,1,0","amgarn,leg_up,-35,-96,-19.7,1,5,1,1,0","amgarn,leg_low,-57,-51,-24,0,10,1,1,0","amgarn,foot,-72,-12,-51.6,0,13,1,1,0","amgarn,leg_up,14,-103,39.7,1,12,1,1,0","amgarn,leg_low,34,-59,4.5,0,13,1,1,0","amgarn,foot,36,-15,-31.5,0,15,1,1,0","amgarn,base,95,-251,169,0,6,1,1,0",,"amgarn,tail,-57,-108,-47,0,6,1,1,0","amgarn,scarf,-30,-202,-10,0,7,1,1,0",,,,,,,,,,,,,,,,,,,,,,,,,,,,,,,,,,,,,,,,,,,,,,,,,,,,,,,,,,,,,,,,,,,,,,,,,,,,,,,,,,,,,,,,,,,,,,,,,,,,
"Default/0","amgarn,head,13,-292,-11,0,2,1,1,0","amgarn,neck,-6,-257,-4,0,4,1,1,0","amgarn,body,-10,-194,-1.5,0,5,1,1,0","amgarn,arm_up,-43,-220,-60,1,5,1,1,0","amgarn,arm_low,-95,-200,-73,0,7,1,1,0","amgarn,fist,-132,-187,-97,0,13,1,1,0","amgarn,arm_up,30,-225,65,1,13,1,1,0","amgarn,arm_low,80,-197,57,1,15,1,1,0","amgarn,fist,113,-178,22,0,21,1,1,0","amgarn,leg_up,-37,-109,-23.7,0,5,1,1,0","amgarn,leg_low,-57,-51,-11,0,10,1,1,0","amgarn,foot,-69,-9,-55.6,0,13,1,1,0","amgarn,leg_up,3,-108,19.7,1,12,1,1,0","amgarn,leg_low,19,-54,18.5,0,13,1,1,0","amgarn,foot,36,-15,8.5,0,15,1,1,0",,,"amgarn,tail,-56,-117,-45,0,6,1,1,0","amgarn,scarf,-35,-204,-6,0,7,1,1,0",,,,,,,,,,,,,,,,,,,,,,,,,,,,,,,,,,,,,,,,,,,,,,,,,,,,,,,,,,,,,,,,,,,,,,,,,,,,,,,,,,,,,,,,,,,,,,,,,,,,
"Die/0","amgarn,head,15,-280,-14,0,2,1,1,0","amgarn,neck,-1,-248,-11,0,4,1,1,0","amgarn,body,-6,-174,-2.5,0,5,1,1,0","amgarn,arm_up,-10,-207,24,1,5,1,1,0","amgarn,arm_low,25,-169,84,0,4,1,1,0","amgarn,fist,71,-166,134,1,4,1,1,0","amgarn,arm_up,26,-209,34,1,13,1,1,0","amgarn,arm_low,57,-177,56,1,15,1,1,0","amgarn,fist,87,-167,38,0,21,1,1,0","amgarn,leg_up,-35,-96,-19.7,1,5,1,1,0","amgarn,leg_low,-57,-51,-24,0,10,1,1,0","amgarn,foot,-72,-12,-51.6,0,13,1,1,0","amgarn,leg_up,14,-103,39.7,1,12,1,1,0","amgarn,leg_low,34,-59,4.5,0,13,1,1,0","amgarn,foot,36,-15,-31.5,0,15,1,1,0","amgarn,base,95,-251,169,0,6,1,1,0",,"amgarn,tail,-57,-108,-47,0,6,1,1,0","amgarn,scarf,-30,-202,-10,0,7,1,1,0",,,,,,,,,,,,,,,,,,,,,,,,,,,,,,,,,,,,,,,,,,,,,,,,,,,,,,,,,,,,,,,,,,,,,,,,,,,,,,,,,,,,,,,,,,,,,,,,,,,,
"Die/1","amgarn,close,20,-282,-24,0,2,1,1,0","amgarn,neck,-1,-253,-11,0,4,1,1,0","amgarn,body,-6,-179,-2.5,0,5,1,1,0","amgarn,arm_up,-5,-212,27,1,5,1,1,0","amgarn,arm_low,30,-177,87,0,4,1,1,0","amgarn,fist,76,-177,137,1,4,1,1,0","amgarn,arm_up,31,-217,37,1,13,1,1,0","amgarn,arm_low,62,-185,59,1,15,1,1,0","amgarn,fist,92,-178,41,0,21,1,1,0","amgarn,leg_up,-40,-101,-23.7,1,5,1,1,0","amgarn,leg_low,-65,-56,-27,0,10,1,1,0","amgarn,foot,-89,-25,-71.6,0,13,1,1,0","amgarn,leg_up,14,-113,49.7,1,12,1,1,0","amgarn,leg_low,34,-74,-15.5,0,13,1,1,0","amgarn,foot,24,-41,-51.5,0,15,1,1,0","amgarn,base,99,-256,169,0,6,1,1,0",,"amgarn,tail,-66,-118,-52,1,6,1,1,0","amgarn,scarf,-35,-217,-30,0,7,1,1,0",,,,,,,,,,,,,,,,,,,,,,,,,,,,,,,,,,,,,,,,,,,,,,,,,,,,,,,,,,,,,,,,,,,,,,,,,,,,,,,,,,,,,,,,,,,,,,,,,,"hold",,
"Die/2","amgarn,close,22,-268,-27,0,2,1,1,0","amgarn,neck,-1,-244,-11,0,4,1,1,0","amgarn,body,-6,-170,-2.5,0,5,1,1,0","amgarn,arm_up,-5,-203,27,1,5,1,1,0","amgarn,arm_low,28,-166,82,0,4,1,1,0","amgarn,fist,73,-160,125,1,4,1,1,0","amgarn,arm_up,31,-208,37,1,13,1,1,0","amgarn,arm_low,62,-176,59,1,15,1,1,0","amgarn,fist,92,-169,41,0,21,1,1,0","amgarn,leg_up,-40,-87,-21.7,1,5,1,1,0","amgarn,leg_low,-70,-42,-41,0,10,1,1,0","amgarn,foot,-95,-16,-74.6,0,13,1,1,0","amgarn,leg_up,17,-99,54.7,1,12,1,1,0","amgarn,leg_low,38,-62,-15.5,0,13,1,1,0","amgarn,foot,28,-29,-51.5,0,15,1,1,0","amgarn,base,107,-241,160,0,6,1,1,0",,"amgarn,tail,-66,-109,-52,1,6,1,1,0","amgarn,scarf,-35,-213,-42,0,7,1,1,0",,,,,,,,,,,,,,,,,,,,,,,,,,,,,,,,,,,,,,,,,,,,,,,,,,,,,,,,,,,,,,,,,,,,,,,,,,,,,,,,,,,,,,,,,,,,,,,,,,,,
"Die/3","amgarn,close,22,-230,-27,0,2,1,1,0","amgarn,neck,-1,-209,-11,0,4,1,1,0","amgarn,body,-9,-146,-4.5,0,5,1,1,0","amgarn,arm_up,-3,-171,23,1,5,1,1,0","amgarn,arm_low,29,-132,78,0,4,1,1,0","amgarn,fist,70,-121,117,1,4,1,1,0","amgarn,arm_up,33,-172,33,1,13,1,1,0","amgarn,arm_low,64,-140,55,1,15,1,1,0","amgarn,fist,90,-129,37,0,21,1,1,0","amgarn,leg_up,-40,-68,-21.7,1,5,1,1,0","amgarn,leg_low,-75,-27,-67,0,10,1,1,0","amgarn,foot,-108,-8,-79.6,0,13,1,1,0","amgarn,leg_up,22,-82,59.7,1,12,1,1,0","amgarn,leg_low,42,-45,-22.5,0,13,1,1,0","amgarn,foot,28,-10,-51.5,0,15,1,1,0","amgarn,base,115,-193,152,0,6,1,1,0",,"amgarn,tail,-66,-94,-62,1,6,1,1,0","amgarn,scarf,-39,-179,-48,0,7,1,1,0",,,,,,,,,,,,,,,,,,,,,,,,,,,,,,,,,,,,,,,,,,,,,,,,,,,,,,,,,,,,,,,,,,,,,,,,,,,,,,,,,,,,,,,,,,,,,,,,,,,,
"Die/4","amgarn,close,22,-218,-29,0,2,1,1,0","amgarn,neck,-1,-199,-11,0,4,1,1,0","amgarn,body,-9,-136,-4.5,0,5,1,1,0","amgarn,arm_up,-3,-161,23,1,5,1,1,0","amgarn,arm_low,29,-117,66,0,4,1,1,0","amgarn,fist,67,-98,107,1,4,1,1,0","amgarn,arm_up,33,-162,33,1,13,1,1,0","amgarn,arm_low,63,-122,49,1,15,1,1,0","amgarn,fist,90,-107,37,0,21,1,1,0","amgarn,leg_up,-40,-49,-21.7,1,5,1,1,0","amgarn,leg_low,-75,-14,-79,0,10,1,1,0","amgarn,foot,-110,-4,-89.6,0,13,1,1,0","amgarn,leg_up,22,-71,67.7,1,12,1,1,0","amgarn,leg_low,42,-40,-13.5,0,13,1,1,0","amgarn,foot,33,0,-45.5,0,15,1,1,0","amgarn,base,136,-156,135,0,6,1,1,0",,"amgarn,tail,-66,-75,-58,1,6,1,1,0","amgarn,scarf,-39,-172,-54,0,7,1,1,0",,,,,,,,,,,,,,,,,,,,,,,,,,,,,,,,,,,,,,,,,,,,,,,,,,,,,,,,,,,,,,,,,,,,,,,,,,,,,,,,,,,,,,,,,,,,,,,,,,,,
"Die/5","amgarn,close,22,-206,-29,0,2,1,1,0","amgarn,neck,-1,-187,-11,0,4,1,1,0","amgarn,body,-12,-114,-4.5,0,5,1,1,0","amgarn,arm_up,-4,-143,21,1,5,1,1,0","amgarn,arm_low,26,-99,64,0,4,1,1,0","amgarn,fist,62,-78,105,1,4,1,1,0","amgarn,arm_up,32,-144,31,1,13,1,1,0","amgarn,arm_low,60,-102,47,1,15,1,1,0","amgarn,fist,87,-87,35,0,21,1,1,0","amgarn,leg_up,-40,-34,-17.7,1,5,1,1,0","amgarn,leg_low,-73,-7,-92,0,10,1,1,0","amgarn,foot,-110,-2,-93.6,0,13,1,1,0","amgarn,leg_up,19,-56,81.7,1,12,1,1,0","amgarn,leg_low,42,-29,-11.5,0,13,1,1,0","amgarn,foot,33,7,-45.5,0,15,1,1,0","amgarn,base,133,-134,133,0,6,1,1,0",,"amgarn,tail,-66,-53,-53,1,6,1,1,0","amgarn,scarf,-39,-160,-54,0,7,1,1,0",,,,,,,,,,,,,,,,,,,,,,,,,,,,,,,,,,,,,,,,,,,,,,,,,,,,,,,,,,,,,,,,,,,,,,,,,,,,,,,,,,,,,,,,,,,,,,,,,,,,
"Die/6","amgarn,close,25,-197,-32,0,2,1,1,0","amgarn,neck,2,-181,-14,0,4,1,1,0","amgarn,body,-12,-105,-4.5,0,5,1,1,0","amgarn,arm_up,-4,-137,18,1,5,1,1,0","amgarn,arm_low,23,-90,61,0,4,1,1,0","amgarn,fist,59,-69,102,1,4,1,1,0","amgarn,arm_up,32,-135,28,1,13,1,1,0","amgarn,arm_low,57,-93,44,1,15,1,1,0","amgarn,fist,84,-75,32,0,21,1,1,0","amgarn,leg_up,-40,-30,-25.7,1,5,1,1,0","amgarn,leg_low,-76,-4,-100,0,10,1,1,0","amgarn,foot,-110,-2,-93.6,0,13,1,1,0","amgarn,leg_up,19,-56,81.7,1,12,1,1,0","amgarn,leg_low,42,-29,-11.5,0,13,1,1,0","amgarn,foot,33,7,-45.5,0,15,1,1,0","amgarn,base,133,-122,130,0,6,1,1,0",,"amgarn,tail,-66,-42,-46,1,6,1,1,0","amgarn,scarf,-39,-146,-37,0,7,1,1,0",,,,,,,,,,,,,,,,,,,,,,,,,,,,,,,,,,,,,,,,,,,,,,,,,,,,,,,,,,,,,,,,,,,,,,,,,,,,,,,,,,,,,,,,,,,,,,,,,,,,
"Die/7","amgarn,close,25,-194,-34,0,2,1,1,0","amgarn,neck,2,-176,-16,0,4,1,1,0","amgarn,body,-12,-102,-4.5,0,5,1,1,0","amgarn,arm_up,-4,-137,18,1,5,1,1,0","amgarn,arm_low,18,-86,41,0,4,1,1,0","amgarn,fist,44,-53,82,1,4,1,1,0","amgarn,arm_up,25,-135,28,1,13,1,1,0","amgarn,arm_low,45,-93,34,1,15,1,1,0","amgarn,fist,74,-63,12,0,21,1,1,0","amgarn,leg_up,-40,-30,-25.7,1,5,1,1,0","amgarn,leg_low,-76,-4,-100,0,10,1,1,0","amgarn,foot,-110,-2,-93.6,0,13,1,1,0","amgarn,leg_up,19,-51,89.7,1,12,1,1,0","amgarn,leg_low,42,-29,-11.5,0,13,1,1,0","amgarn,foot,33,7,-45.5,0,15,1,1,0","amgarn,base,121,-97,120,0,6,1,1,0",,"amgarn,tail,-66,-39,-43,1,6,1,1,0","amgarn,scarf,-38,-135,-25,0,7,1,1,0",,,,,,,,,,,,,,,,,,,,,,,,,,,,,,,,,,,,,,,,,,,,,,,,,,,,,,,,,,,,,,,,,,,,,,,,,,,,,,,,,,,,,,,,,,,,,,,,,,,,
"Die/8","amgarn,close,25,-190,-37,0,2,1,1,0","amgarn,neck,2,-176,-16,0,4,1,1,0","amgarn,body,-12,-102,-4.5,0,5,1,1,0","amgarn,arm_up,-4,-134,16,1,5,1,1,0","amgarn,arm_low,16,-88,38,0,4,1,1,0","amgarn,fist,44,-53,72,1,4,1,1,0","amgarn,arm_up,25,-135,28,1,13,1,1,0","amgarn,arm_low,45,-93,34,1,15,1,1,0","amgarn,fist,74,-63,12,0,21,1,1,0","amgarn,leg_up,-40,-30,-25.7,1,5,1,1,0","amgarn,leg_low,-76,-4,-100,0,10,1,1,0","amgarn,foot,-110,-2,-93.6,0,13,1,1,0","amgarn,leg_up,19,-51,89.7,1,12,1,1,0","amgarn,leg_low,42,-29,-11.5,0,13,1,1,0","amgarn,foot,33,7,-45.5,0,15,1,1,0","amgarn,base,121,-88,117,0,6,1,1,0",,"amgarn,tail,-66,-34,-40,1,8,1,1,0","amgarn,scarf,-37,-129,-16,0,7,1,1,0",,,,,,,,,,,,,,,,,,,,,,,,,,,,,,,,,,,,,,,,,,,,,,,,,,,,,,,,,,,,,,,,,,,,,,,,,,,,,,,,,,,,,,,,,,,,,,,,,,,,
"Die/9","amgarn,close,25,-188,-38,0,2,1,1,0","amgarn,neck,2,-176,-16,0,4,1,1,0","amgarn,body,-12,-102,-4.5,0,5,1,1,0","amgarn,arm_up,-4,-134,16,1,5,1,1,0","amgarn,arm_low,16,-88,38,0,4,1,1,0","amgarn,fist,42,-52,70,1,4,1,1,0","amgarn,arm_up,25,-135,28,1,13,1,1,0","amgarn,arm_low,45,-93,34,1,15,1,1,0","amgarn,fist,74,-63,12,0,21,1,1,0","amgarn,leg_up,-40,-30,-25.7,1,5,1,1,0","amgarn,leg_low,-76,-4,-100,0,10,1,1,0","amgarn,foot,-110,-2,-93.6,0,13,1,1,0","amgarn,leg_up,19,-51,89.7,1,12,1,1,0","amgarn,leg_low,42,-29,-11.5,0,13,1,1,0","amgarn,foot,33,7,-45.5,0,15,1,1,0","amgarn,base,121,-84,115,0,6,1,1,0",,"amgarn,tail,-66,-31,-36,1,8,1,1,0","amgarn,scarf,-31,-129,-7,0,7,1,1,0",,,,,,,,,,,,,,,,,,,,,,,,,,,,,,,,,,,,,,,,,,,,,,,,,,,,,,,,,,,,,,,,,,,,,,,,,,,,,,,,,,,,,,,,,,,,,,,,,,,,
"Idle/0","amgarn,head,14,-283,-13,0,2,1,1,0","amgarn,neck,-2,-251,-11,0,4,1,1,0","amgarn,body,-6,-178,-3.5,0,5,1,1,0","amgarn,arm_up,-11,-208,25,1,5,1,1,0","amgarn,arm_low,23,-173,85,0,4,1,1,0","amgarn,fist,69,-170,135,1,4,1,1,0","amgarn,arm_up,25,-211,35,1,13,1,1,0","amgarn,arm_low,57,-179,57,1,15,1,1,0","amgarn,fist,87,-170,39,0,21,1,1,0","amgarn,leg_up,-35,-98,-16.7,1,5,1,1,0","amgarn,leg_low,-55,-51,-21,0,10,1,1,0","amgarn,foot,-70,-12,-49.6,0,13,1,1,0","amgarn,leg_up,14,-103,38.7,1,12,1,1,0","amgarn,leg_low,34,-59,5.5,0,13,1,1,0","amgarn,foot,36,-15,-31.5,0,15,1,1,0","amgarn,base,93,-254,170,0,6,1,1,0",,"amgarn,tail,-55,-108,-44,0,6,1,1,0","amgarn,scarf,-31,-202,-8,0,7,1,1,0",,,,,,,,,,,,,,,,,,,,,,,,,,,,,,,,,,,,,,,,,,,,,,,,,,,,,,,,,,,,,,,,,,,,,,,,,,,,,,,,,,,,,,,,,,,,,,,,,,"play_time_mod_2",,
"Idle/1","amgarn,head,15,-280,-14,0,2,1,1,0","amgarn,neck,-1,-248,-11,0,4,1,1,0","amgarn,body,-6,-174,-2.5,0,5,1,1,0","amgarn,arm_up,-10,-207,24,1,5,1,1,0","amgarn,arm_low,25,-169,84,0,4,1,1,0","amgarn,fist,71,-166,134,1,4,1,1,0","amgarn,arm_up,26,-209,34,1,13,1,1,0","amgarn,arm_low,57,-177,56,1,15,1,1,0","amgarn,fist,87,-167,38,0,21,1,1,0","amgarn,leg_up,-35,-96,-19.7,1,5,1,1,0","amgarn,leg_low,-57,-51,-24,0,10,1,1,0","amgarn,foot,-72,-12,-51.6,0,13,1,1,0","amgarn,leg_up,14,-103,39.7,1,12,1,1,0","amgarn,leg_low,34,-59,4.5,0,13,1,1,0","amgarn,foot,36,-15,-31.5,0,15,1,1,0","amgarn,base,95,-251,169,0,6,1,1,0",,"amgarn,tail,-57,-108,-47,0,6,1,1,0","amgarn,scarf,-30,-202,-10,0,7,1,1,0",,,,,,,,,,,,,,,,,,,,,,,,,,,,,,,,,,,,,,,,,,,,,,,,,,,,,,,,,,,,,,,,,,,,,,,,,,,,,,,,,,,,,,,,,,,,,,,,,,,,
"Idle/2","amgarn,head,15,-278,-15,0,2,1,1,0","amgarn,neck,0,-248,-12,0,4,1,1,0","amgarn,body,-6,-172,-2.5,0,5,1,1,0","amgarn,arm_up,-10,-207,23,1,5,1,1,0","amgarn,arm_low,25,-169,82,0,4,1,1,0","amgarn,fist,71,-164,129,1,4,1,1,0","amgarn,arm_up,26,-208,33,1,13,1,1,0","amgarn,arm_low,56,-176,55,1,15,1,1,0","amgarn,fist,86,-165,37,0,21,1,1,0","amgarn,leg_up,-36,-96,-21.7,1,5,1,1,0","amgarn,leg_low,-59,-51,-25,0,10,1,1,0","amgarn,foot,-74,-12,-54.6,0,13,1,1,0","amgarn,leg_up,14,-102,41.7,1,12,1,1,0","amgarn,leg_low,35,-58,4.5,0,13,1,1,0","amgarn,foot,36,-15,-33.5,0,15,1,1,0","amgarn,base,96,-249,168,0,6,1,1,0",,"amgarn,tail,-57,-110,-54,0,6,1,1,0","amgarn,scarf,-30,-202,-14,0,7,1,1,0",,,,,,,,,,,,,,,,,,,,,,,,,,,,,,,,,,,,,,,,,,,,,,,,,,,,,,,,,,,,,,,,,,,,,,,,,,,,,,,,,,,,,,,,,,,,,,,,,,"play_time_mod_1.2",,
"Idle/3","amgarn,head,15,-276,-16,0,2,1,1,0","amgarn,neck,0,-246,-13,0,4,1,1,0","amgarn,body,-6,-172,-2.5,0,5,1,1,0","amgarn,arm_up,-10,-206,22,1,5,1,1,0","amgarn,arm_low,22,-168,82,0,4,1,1,0","amgarn,fist,70,-162,128,1,4,1,1,0","amgarn,arm_up,26,-206,32,1,13,1,1,0","amgarn,arm_low,55,-174,54,1,15,1,1,0","amgarn,fist,85,-162,36,0,21,1,1,0","amgarn,leg_up,-36,-96,-21.7,1,5,1,1,0","amgarn,leg_low,-59,-51,-25,0,10,1,1,0","amgarn,foot,-74,-12,-54.6,0,13,1,1,0","amgarn,leg_up,14,-102,41.7,1,12,1,1,0","amgarn,leg_low,35,-58,4.5,0,13,1,1,0","amgarn,foot,36,-15,-33.5,0,15,1,1,0","amgarn,base,97,-246,167,0,6,1,1,0",,"amgarn,tail,-57,-114,-61,0,6,1,1,0","amgarn,scarf,-32,-204,-17,0,7,1,1,0",,,,,,,,,,,,,,,,,,,,,,,,,,,,,,,,,,,,,,,,,,,,,,,,,,,,,,,,,,,,,,,,,,,,,,,,,,,,,,,,,,,,,,,,,,,,,,,,,,"play_time_mod_1.2",,
"Idle/4","amgarn,head,15,-274,-17,0,2,1,1,0","amgarn,neck,0,-246,-13,0,4,1,1,0","amgarn,body,-6,-172,-2.5,0,5,1,1,0","amgarn,arm_up,-10,-206,22,1,5,1,1,0","amgarn,arm_low,22,-168,82,0,4,1,1,0","amgarn,fist,70,-162,128,1,4,1,1,0","amgarn,arm_up,26,-206,32,1,13,1,1,0","amgarn,arm_low,55,-174,54,1,15,1,1,0","amgarn,fist,85,-162,36,0,21,1,1,0","amgarn,leg_up,-36,-96,-21.7,1,5,1,1,0","amgarn,leg_low,-59,-51,-25,0,10,1,1,0","amgarn,foot,-74,-12,-54.6,0,13,1,1,0","amgarn,leg_up,14,-102,41.7,1,12,1,1,0","amgarn,leg_low,35,-58,4.5,0,13,1,1,0","amgarn,foot,36,-15,-33.5,0,15,1,1,0","amgarn,base,97,-246,167,0,6,1,1,0",,"amgarn,tail,-57,-114,-63,0,6,1,1,0","amgarn,scarf,-33,-204,-19,0,7,1,1,0",,,,,,,,,,,,,,,,,,,,,,,,,,,,,,,,,,,,,,,,,,,,,,,,,,,,,,,,,,,,,,,,,,,,,,,,,,,,,,,,,,,,,,,,,,,,,,,,,,"play_time_mod_1.5",,
"Idle/5","amgarn,head,15,-278,-15,0,2,1,1,0","amgarn,neck,0,-248,-12,0,4,1,1,0","amgarn,body,-6,-172,-2.5,0,5,1,1,0","amgarn,arm_up,-10,-207,23,1,5,1,1,0","amgarn,arm_low,25,-169,82,0,4,1,1,0","amgarn,fist,71,-164,129,1,4,1,1,0","amgarn,arm_up,26,-208,33,1,13,1,1,0","amgarn,arm_low,56,-176,55,1,15,1,1,0","amgarn,fist,86,-165,37,0,21,1,1,0","amgarn,leg_up,-36,-96,-21.7,1,5,1,1,0","amgarn,leg_low,-59,-51,-25,0,10,1,1,0","amgarn,foot,-74,-12,-54.6,0,13,1,1,0","amgarn,leg_up,14,-102,41.7,1,12,1,1,0","amgarn,leg_low,35,-58,4.5,0,13,1,1,0","amgarn,foot,36,-15,-33.5,0,15,1,1,0","amgarn,base,96,-249,168,0,6,1,1,0",,"amgarn,tail,-57,-110,-54,0,6,1,1,0","amgarn,scarf,-30,-202,-14,0,7,1,1,0",,,,,,,,,,,,,,,,,,,,,,,,,,,,,,,,,,,,,,,,,,,,,,,,,,,,,,,,,,,,,,,,,,,,,,,,,,,,,,,,,,,,,,,,,,,,,,,,,,"play_time_mod_1.3",,
"Idle/6","amgarn,head,15,-280,-14,0,2,1,1,0","amgarn,neck,-1,-248,-11,0,4,1,1,0","amgarn,body,-6,-174,-2.5,0,5,1,1,0","amgarn,arm_up,-10,-207,24,1,5,1,1,0","amgarn,arm_low,22,-169,84,0,4,1,1,0","amgarn,fist,68,-166,134,1,4,1,1,0","amgarn,arm_up,26,-209,34,1,13,1,1,0","amgarn,arm_low,57,-177,56,1,15,1,1,0","amgarn,fist,87,-167,38,0,21,1,1,0","amgarn,leg_up,-35,-96,-19.7,1,5,1,1,0","amgarn,leg_low,-57,-51,-24,0,10,1,1,0","amgarn,foot,-72,-12,-51.6,0,13,1,1,0","amgarn,leg_up,14,-103,39.7,1,12,1,1,0","amgarn,leg_low,34,-59,4.5,0,13,1,1,0","amgarn,foot,36,-15,-31.5,0,15,1,1,0","amgarn,base,95,-251,169,0,6,1,1,0",,"amgarn,tail,-57,-108,-47,0,6,1,1,0","amgarn,scarf,-30,-202,-10,0,7,1,1,0",,,,,,,,,,,,,,,,,,,,,,,,,,,,,,,,,,,,,,,,,,,,,,,,,,,,,,,,,,,,,,,,,,,,,,,,,,,,,,,,,,,,,,,,,,,,,,,,,,,,
"Knockdown/0","amgarn,head,15,-280,-14,0,2,1,1,0","amgarn,neck,-1,-248,-11,0,4,1,1,0","amgarn,body,-6,-174,-2.5,0,5,1,1,0","amgarn,arm_up,-10,-207,24,1,5,1,1,0","amgarn,arm_low,25,-169,84,0,4,1,1,0","amgarn,fist,71,-166,134,1,4,1,1,0","amgarn,arm_up,26,-209,34,1,13,1,1,0","amgarn,arm_low,57,-177,56,1,15,1,1,0","amgarn,fist,87,-167,38,0,21,1,1,0","amgarn,leg_up,-35,-96,-19.7,1,5,1,1,0","amgarn,leg_low,-57,-51,-24,0,10,1,1,0","amgarn,foot,-72,-12,-51.6,0,13,1,1,0","amgarn,leg_up,14,-103,39.7,1,12,1,1,0","amgarn,leg_low,34,-59,4.5,0,13,1,1,0","amgarn,foot,36,-15,-31.5,0,15,1,1,0","amgarn,base,95,-251,169,0,6,1,1,0",,"amgarn,tail,-57,-108,-47,0,6,1,1,0","amgarn,scarf,-30,-202,-10,0,7,1,1,0",,,,,,,,,,,,,,,,,,,,,,,,,,,,,,,,,,,,,,,,,,,,,,,,,,,,,,,,,,,,,,,,,,,,,,,,,,,,,,,,,,,,,,,,,,,,,,,,,,,,
"Knockdown/1","amgarn,angry,-6,-280,-3,0,2,1,1,0","amgarn,neck,-10,-246,-6,0,4,1,1,0","amgarn,body,-13,-174,6.5,0,5,1,1,0","amgarn,arm_up,-12,-204,34,1,5,1,1,0","amgarn,arm_low,29,-173,94,0,4,1,1,0","amgarn,fist,75,-178,144,1,4,1,1,0","amgarn,arm_up,23,-212,44,1,13,1,1,0","amgarn,arm_low,59,-186,66,1,15,1,1,0","amgarn,fist,91,-181,48,0,21,1,1,0","amgarn,leg_up,-37,-96,-19.7,1,5,1,1,0","amgarn,leg_low,-57,-51,-18,0,10,1,1,0","amgarn,foot,-73,-12,-58.6,0,13,1,1,0","amgarn,leg_up,14,-103,42.7,1,12,1,1,0","amgarn,leg_low,38,-59,13.5,0,13,1,1,0","amgarn,foot,45,-15,-29.5,0,15,1,1,0","amgarn,base,84,-265,179,0,6,1,1,0",,"amgarn,tail,-44,-98,-27,0,12,1,1,0","amgarn,scarf,-27,-189,20,0,7,1,1,0",,,,,,,,,,,,,,,,,,,,,,,,,,,,,,,,,,,,,,,,,,,,,,,,,,,,,,,,,,,,,,,,,,,,,,,,,,,,,,,,,,,,,,,,,,,,,,,,,,,,
"Knockdown/2","amgarn,angry,-27,-280,-7,0,2,1,1,0","amgarn,neck,-30,-245,2,0,4,1,1,0","amgarn,body,-18,-175,13.5,0,5,1,1,0","amgarn,arm_up,-21,-206,53,1,5,1,1,0","amgarn,arm_low,27,-186,104,0,4,1,1,0","amgarn,fist,70,-201,154,1,4,1,1,0","amgarn,arm_up,16,-218,62,1,13,1,1,0","amgarn,arm_low,53,-209,76,1,15,1,1,0","amgarn,fist,86,-207,58,0,21,1,1,0","amgarn,leg_up,-28,-91,-22.7,1,5,1,1,0","amgarn,leg_low,-58,-46,-41,0,10,1,1,0","amgarn,foot,-89,-17,-81.6,0,13,1,1,0","amgarn,leg_up,21,-115,59.7,1,12,1,1,0","amgarn,leg_low,62,-78,40.5,0,13,1,1,0","amgarn,foot,80,-44,-12.5,0,15,1,1,0","amgarn,base,66,-288,-172,0,6,1,1,0",,"amgarn,tail,-7,-93,20,0,12,1,1,0","amgarn,scarf,-27,-190,56,0,7,1,1,0",,,,,,,,,,,,,,,,,,,,,,,,,,,,,,,,,,,,,,,,,,,,,,,,,,,,,,,,,,,,,,,,,,,,,,,,,,,,,,,,,,,,,,,,,,,,,,,,,,"hold",,
"Knockdown/3","amgarn,eat,-98,-233,53,0,2,1,1,0","amgarn,neck,-74,-209,42,0,4,1,1,0","amgarn,body,-28,-157,43.5,0,5,1,1,0","amgarn,arm_up,-43,-181,93,1,5,1,1,0","amgarn,arm_low,11,-203,143,0,4,1,1,0","amgarn,fist,40,-247,-160,1,4,1,1,0","amgarn,arm_up,-20,-217,97,1,13,1,1,0","amgarn,arm_low,30,-231,146,1,15,1,1,0","amgarn,fist,43,-260,128,0,21,1,1,0","amgarn,leg_up,7,-78,17.3,1,5,1,1,0","amgarn,leg_low,4,-25,-29,0,10,1,1,0","amgarn,foot,-25,6,-81.6,0,13,1,1,0","amgarn,leg_up,36,-123,99.7,1,12,1,1,0","amgarn,leg_low,91,-123,90.5,0,13,1,1,0","amgarn,foot,135,-122,47.5,0,15,1,1,0","amgarn,base,-31,-304,-122,0,6,1,1,0",,"amgarn,tail,23,-90,50,0,12,1,1,0","amgarn,scarf,-42,-165,86,0,7,1,1,0",,,,,,,,,,,,,,,,,,,,,,,,,,,,,,,,,,,,,,,,,,,,,,,,,,,,,,,,,,,,,,,,,,,,,,,,,,,,,,,,,,,,,,,,,,,,,,,,,,,,
"Knockdown/4","amgarn,eat,-121,-158,73,0,2,1,1,0","amgarn,neck,-90,-144,62,0,4,1,1,0","amgarn,body,-30,-111,63.5,0,5,1,1,0","amgarn,arm_up,-52,-129,113,1,5,1,1,0","amgarn,arm_low,-8,-168,163,0,4,1,1,0","amgarn,fist,4,-219,-140,1,4,1,1,0","amgarn,arm_up,-42,-170,117,1,13,1,1,0","amgarn,arm_low,0,-201,166,1,15,1,1,0","amgarn,fist,2,-233,148,0,21,1,1,0","amgarn,leg_up,41,-59,57.3,1,5,1,1,0","amgarn,leg_low,68,-17,1,0,10,1,1,0","amgarn,foot,60,21,-61.6,0,13,1,1,0","amgarn,leg_up,42,-89,107.7,1,12,1,1,0","amgarn,leg_low,94,-80,50.5,0,13,1,1,0","amgarn,foot,124,-47,7.5,0,15,1,1,0","amgarn,base,-82,-248,-102,0,6,1,1,0",,"amgarn,tail,52,-88,103,0,19,1,1,0","amgarn,scarf,-45,-114,106,0,7,1,1,0",,,,,,,,,,,,,,,,,,,,,,,,,,,,,,,,,,,,,,,,,,,,,,,,,,,,,,,,,,,,,,,,,,,,,,,,,,,,,,,,,,,,,,,,,,,,,,,,,,,,
"Knockdown/5","amgarn,eat,-129,-67,98,0,2,1,1,0","amgarn,neck,-95,-71,82,0,4,1,1,0","amgarn,body,-28,-60,83.5,0,5,1,1,0","amgarn,arm_up,-55,-69,133,1,5,1,1,0","amgarn,arm_low,-26,-122,-180,0,4,1,1,0","amgarn,fist,-32,-169,-121,1,4,1,1,0","amgarn,arm_up,-59,-112,137,1,13,1,1,0","amgarn,arm_low,-30,-154,-180,1,15,1,1,0","amgarn,fist,-39,-179,168,0,21,1,1,0","amgarn,leg_up,57,-36,73.3,1,5,1,1,0","amgarn,leg_low,107,-5,41,0,10,1,1,0","amgarn,foot,133,24,-11.6,0,13,1,1,0","amgarn,leg_up,48,-55,122.7,1,12,1,1,0","amgarn,leg_low,99,-64,70.5,0,13,1,1,0","amgarn,foot,139,-44,27.5,0,15,1,1,0","amgarn,base,-123,-165,-82,0,6,1,1,0",,"amgarn,tail,68,-54,109,0,19,1,1,0","amgarn,scarf,-42,-58,126,0,7,1,1,0",,,,,,,,,,,,,,,,,,,,,,,,,,,,,,,,,,,,,,,,,,,,,,,,,,,,,,,,,,,,,,,,,,,,,,,,,,,,,,,,,,,,,,,,,,,,,,,,,,,,
"Knockdown/6","amgarn,close,-123,-39,85,0,2,1,1,0","amgarn,neck,-92,-33,92,0,4,1,1,0","amgarn,body,-24,-34,93.5,0,5,1,1,0","amgarn,arm_up,-51,-28,123,1,5,1,1,0","amgarn,arm_low,-21,-64,180,0,4,1,1,0","amgarn,fist,-19,-111,-131,1,4,1,1,0","amgarn,arm_up,-70,-61,127,1,13,1,1,0","amgarn,arm_low,-31,-94,170,1,15,1,1,0","amgarn,fist,-30,-129,160,0,21,1,1,0","amgarn,leg_up,63,-20,81.3,1,5,1,1,0","amgarn,leg_low,118,-7,77,0,10,1,1,0","amgarn,foot,160,4,38.4,0,13,1,1,0","amgarn,leg_up,51,-40,122.7,1,12,1,1,0","amgarn,leg_low,94,-44,46.5,0,13,1,1,0","amgarn,foot,121,-14,7.5,0,15,1,1,0","amgarn,base,-115,-109,-82,0,6,1,1,0",,"amgarn,tail,71,-32,89,0,19,1,1,0","amgarn,scarf,-38,-28,116,0,7,1,1,0",,,,,,,,,,,,,,,,,,,,,,,,,,,,,,,,,,,,,,,,,,,,,,,,,,,,,,,,,,,,,,,,,,,,,,,,,,,,,,,,,,,,,,,,,,,,,,,,,,,,
"Knockdown/7","amgarn,close,-123,-35,93,0,2,1,1,0","amgarn,neck,-92,-31,92,0,4,1,1,0","amgarn,body,-24,-34,93.5,0,5,1,1,0","amgarn,arm_up,-51,-17,93,1,5,1,1,0","amgarn,arm_low,-18,-37,-174,0,4,1,1,0","amgarn,fist,-22,-77,-124,1,4,1,1,0","amgarn,arm_up,-70,-51,107,1,13,1,1,0","amgarn,arm_low,-31,-74,170,1,15,1,1,0","amgarn,fist,-29,-89,150,0,21,1,1,0","amgarn,leg_up,63,-18,81.3,1,5,1,1,0","amgarn,leg_low,118,-4,73,0,10,1,1,0","amgarn,foot,160,11,35.4,0,13,1,1,0","amgarn,leg_up,51,-38,116.7,1,12,1,1,0","amgarn,leg_low,96,-38,48.5,0,13,1,1,0","amgarn,foot,122,-12,5.5,0,15,1,1,0","amgarn,base,-115,-95,-102,0,6,1,1,0",,"amgarn,tail,71,-19,78,0,19,1,1,0","amgarn,scarf,-38,-18,113,0,7,1,1,0",,,,,,,,,,,,,,,,,,,,,,,,,,,,,,,,,,,,,,,,,,,,,,,,,,,,,,,,,,,,,,,,,,,,,,,,,,,,,,,,,,,,,,,,,,,,,,,,,,,,
"Run/0","amgarn,head,28,-261,-24,0,2,1,1,0","amgarn,neck,4,-229,-15,0,4,1,1,0","amgarn,body,-6,-169,-7.5,0,5,1,1,0","amgarn,arm_up,-20,-190,1,1,5,1,1,0","amgarn,arm_low,-2,-149,62,0,4,1,1,0","amgarn,fist,41,-129,111,1,4,1,1,0","amgarn,arm_up,14,-182,21,1,13,1,1,0","amgarn,arm_low,36,-146,43,1,15,1,1,0","amgarn,fist,61,-131,25,0,21,1,1,0","amgarn,leg_up,-34,-102,-16.7,1,5,1,1,0","amgarn,leg_low,-64,-63,-64,0,10,1,1,0","amgarn,foot,-98,-46,-82.6,0,13,1,1,0","amgarn,leg_up,5,-103,37.7,1,12,1,1,0","amgarn,leg_low,21,-59,-4.5,0,13,1,1,0","amgarn,foot,15,-15,-41.5,0,15,1,1,0","amgarn,base,85,-199,151,0,6,1,1,0",,"amgarn,tail,-65,-109,-58,1,6,1,1,0","amgarn,scarf,-33,-199,-40,0,7,1,1,0",,,,,,,,,,,,,,,,,,,,,,,,,,,,,,,,,,,,,,,,,,,,,,,,,,,,,,,,,,,,,,,,,,,,,,,,,,,,,,,,,,,,,,,,,,,,,,,,,,,"play_time_mod_0.8",
"Run/1","amgarn,head,36,-263,-30,0,2,1,1,0","amgarn,neck,12,-234,-28,0,4,1,1,0","amgarn,body,-3,-170,-12.5,0,5,1,1,0","amgarn,arm_up,-14,-195,-7,1,5,1,1,0","amgarn,arm_low,-6,-151,50,0,4,1,1,0","amgarn,fist,31,-124,99,1,4,1,1,0","amgarn,arm_up,12,-186,21,1,13,1,1,0","amgarn,arm_low,34,-150,43,1,15,1,1,0","amgarn,fist,55,-124,22,0,21,1,1,0","amgarn,leg_up,-25,-102,2.3,1,5,1,1,0","amgarn,leg_low,-42,-69,-84,0,10,1,1,0","amgarn,foot,-85,-67,-112.6,0,13,1,1,0","amgarn,leg_up,-1,-103,23.7,1,12,1,1,0","amgarn,leg_low,11,-49,-4.5,0,13,1,1,0","amgarn,foot,4,-14,-61.5,0,15,1,1,0","amgarn,base,88,-186,145,0,6,1,1,0",,"amgarn,tail,-65,-115,-62,1,6,1,1,0","amgarn,scarf,-30,-212,-49,0,7,1,1,0",,,,,,,,,,,,,,,,,,,,,,,,,,,,,,,,,,,,,,,,,,,,,,,,,,,,,,,,,,,,,,,,,,,,,,,,,,,,,,,,,,,,,,,,,,,,,,,,,,,"play_time_mod_0.8",
"Run/2","amgarn,head,42,-257,-33,0,2,1,1,0","amgarn,neck,17,-229,-28,0,4,1,1,0","amgarn,body,-3,-170,-12.5,0,5,1,1,0","amgarn,arm_up,-9,-193,-17,1,5,1,1,0","amgarn,arm_low,-9,-149,40,0,4,1,1,0","amgarn,fist,24,-116,92,1,4,1,1,0","amgarn,arm_up,12,-186,21,1,13,1,1,0","amgarn,arm_low,27,-144,43,1,15,1,1,0","amgarn,fist,48,-118,22,0,21,1,1,0","amgarn,leg_up,-14,-107,32.3,1,5,1,1,0","amgarn,leg_low,-12,-69,-54,0,10,1,1,0","amgarn,foot,-49,-56,-112.6,0,13,1,1,0","amgarn,leg_up,-12,-103,3.7,1,12,1,1,0","amgarn,leg_low,-19,-49,-20.5,0,13,1,1,0","amgarn,foot,-36,-14,-61.5,0,15,1,1,0","amgarn,base,85,-170,138,0,6,1,1,0",,"amgarn,tail,-65,-118,-65,1,6,1,1,0","amgarn,scarf,-24,-212,-64,0,7,1,1,0",,,,,,,,,,,,,,,,,,,,,,,,,,,,,,,,,,,,,,,,,,,,,,,,,,,,,,,,,,,,,,,,,,,,,,,,,,,,,,,,,,,,,,,,,,,,,,,,,,,"play_time_mod_0.8",
"Run/3","amgarn,head,35,-257,-22,0,2,1,1,0","amgarn,neck,10,-229,-21,0,4,1,1,0","amgarn,body,-7,-169,-9.5,0,5,1,1,0","amgarn,arm_up,-16,-191,-10,1,5,1,1,0","amgarn,arm_low,-9,-147,47,0,4,1,1,0","amgarn,fist,30,-121,106,1,4,1,1,0","amgarn,arm_up,5,-189,28,1,13,1,1,0","amgarn,arm_low,27,-149,50,1,15,1,1,0","amgarn,fist,55,-123,29,0,21,1,1,0","amgarn,leg_up,-11,-110,51.3,1,5,1,1,0","amgarn,leg_low,18,-69,16,0,4,1,1,0","amgarn,foot,21,-36,-32.6,0,7,1,1,0","amgarn,leg_up,-22,-99,-1.3,1,12,1,1,0","amgarn,leg_low,-32,-49,-20.5,0,13,1,1,0","amgarn,foot,-49,-14,-61.5,0,15,1,1,0","amgarn,base,83,-182,145,0,6,1,1,0",,"amgarn,tail,-65,-111,-60,1,6,1,1,0","amgarn,scarf,-24,-206,-71,0,7,1,1,0",,,,,,,,,,,,,,,,,,,,,,,,,,,,,,,,,,,,,,,,,,,,,,,,,,,,,,,,,,,,,,,,,,,,,,,,,,,,,,,,,,,,,,,,,,,,,,,,,,,"play_time_mod_0.8",
"Run/4","amgarn,head,21,-258,-15,0,2,1,1,0","amgarn,neck,3,-224,-15,0,4,1,1,0","amgarn,body,-8,-167,-1.5,0,5,1,1,0","amgarn,arm_up,-22,-185,-4,1,5,1,1,0","amgarn,arm_low,-8,-141,62,0,4,1,1,0","amgarn,fist,36,-121,112,1,4,1,1,0","amgarn,arm_up,-1,-183,34,1,13,1,1,0","amgarn,arm_low,27,-149,56,1,15,1,1,0","amgarn,fist,61,-125,35,0,21,1,1,0","amgarn,leg_up,-6,-101,47.3,1,5,1,1,0","amgarn,leg_low,25,-58,26,0,4,1,1,0","amgarn,foot,34,-27,-22.6,0,7,1,1,0","amgarn,leg_up,-31,-89,-12.3,1,12,1,1,0","amgarn,leg_low,-45,-49,-24.5,0,13,1,1,0","amgarn,foot,-63,-14,-61.5,0,15,1,1,0","amgarn,base,79,-188,151,0,6,1,1,0",,"amgarn,tail,-65,-104,-57,1,6,1,1,0","amgarn,scarf,-33,-197,-63,0,7,1,1,0",,,,,,,,,,,,,,,,,,,,,,,,,,,,,,,,,,,,,,,,,,,,,,,,,,,,,,,,,,,,,,,,,,,,,,,,,,,,,,,,,,,,,,,,,,,,,,,,,,,"play_time_mod_0.8",
"Run/5","amgarn,head,1,-258,-7,0,2,1,1,0","amgarn,neck,-8,-220,-11,0,4,1,1,0","amgarn,body,-13,-163,1.5,0,5,1,1,0","amgarn,arm_up,-29,-173,2,1,5,1,1,0","amgarn,arm_low,-10,-136,89,0,4,1,1,0","amgarn,fist,40,-133,128,1,4,1,1,0","amgarn,arm_up,-1,-183,34,1,13,1,1,0","amgarn,arm_low,27,-149,56,1,15,1,1,0","amgarn,fist,56,-131,40,0,21,1,1,0","amgarn,leg_up,-6,-97,47.3,1,5,1,1,0","amgarn,leg_low,29,-47,29,0,4,1,1,0","amgarn,foot,44,-12,-18.6,0,7,1,1,0","amgarn,leg_up,-37,-86,-23.3,1,12,1,1,0","amgarn,leg_low,-60,-43,-24.5,0,13,1,1,0","amgarn,foot,-78,-12,-62.5,0,15,1,1,0","amgarn,base,67,-207,161,0,6,1,1,0",,"amgarn,tail,-66,-96,-47,1,6,1,1,0","amgarn,scarf,-40,-188,-56,0,7,1,1,0",,,,,,,,,,,,,,,,,,,,,,,,,,,,,,,,,,,,,,,,,,,,,,,,,,,,,,,,,,,,,,,,,,,,,,,,,,,,,,,,,,,,,,,,,,,,,,,,,,,"play_time_mod_0.8",
"Run/6","amgarn,head,-6,-258,-5,0,2,1,1,0","amgarn,neck,-12,-220,-3,0,4,1,1,0","amgarn,body,-15,-168,3.5,0,5,1,1,0","amgarn,arm_up,-29,-177,5,1,5,1,1,0","amgarn,arm_low,-10,-146,95,0,4,1,1,0","amgarn,fist,39,-149,140,1,4,1,1,0","amgarn,arm_up,-3,-183,36,1,13,1,1,0","amgarn,arm_low,27,-151,58,1,15,1,1,0","amgarn,fist,50,-138,42,0,21,1,1,0","amgarn,leg_up,-9,-99,39.3,1,5,1,1,0","amgarn,leg_low,15,-49,17,0,4,1,1,0","amgarn,foot,23,-11,-26.6,0,7,1,1,0","amgarn,leg_up,-29,-101,-13.3,1,12,1,1,0","amgarn,leg_low,-56,-61,-52.5,0,13,1,1,0","amgarn,foot,-92,-38,-85.5,0,15,1,1,0","amgarn,base,58,-224,169,0,6,1,1,0",,"amgarn,tail,-64,-91,-41,1,6,1,1,0","amgarn,scarf,-38,-184,-43,0,7,1,1,0",,,,,,,,,,,,,,,,,,,,,,,,,,,,,,,,,,,,,,,,,,,,,,,,,,,,,,,,,,,,,,,,,,,,,,,,,,,,,,,,,,,,,,,,,,,,,,,,,,,"play_time_mod_0.8",
"Run/7","amgarn,head,3,-261,-10,0,2,1,1,0","amgarn,neck,-8,-223,-6,0,4,1,1,0","amgarn,body,-12,-171,0.5,0,5,1,1,0","amgarn,arm_up,-20,-179,11,1,5,1,1,0","amgarn,arm_low,2,-149,93,0,4,1,1,0","amgarn,fist,48,-153,142,1,4,1,1,0","amgarn,arm_up,4,-190,38,1,13,1,1,0","amgarn,arm_low,34,-155,60,1,15,1,1,0","amgarn,fist,59,-146,44,0,21,1,1,0","amgarn,leg_up,-16,-102,26.3,1,5,1,1,0","amgarn,leg_low,0,-50,8,0,4,1,1,0","amgarn,foot,0,-11,-36.6,0,7,1,1,0","amgarn,leg_up,-21,-104,9.7,1,12,1,1,0","amgarn,leg_low,-29,-66,-55.5,0,13,1,1,0","amgarn,foot,-66,-46,-92.5,0,15,1,1,0","amgarn,base,63,-233,171,0,6,1,1,0",,"amgarn,tail,-61,-94,-48,1,6,1,1,0","amgarn,scarf,-35,-185,-33,0,7,1,1,0",,,,,,,,,,,,,,,,,,,,,,,,,,,,,,,,,,,,,,,,,,,,,,,,,,,,,,,,,,,,,,,,,,,,,,,,,,,,,,,,,,,,,,,,,,,,,,,,,,,"play_time_mod_0.8",
"Run/8","amgarn,head,10,-257,-17,0,2,1,1,0","amgarn,neck,-6,-223,-10,0,4,1,1,0","amgarn,body,-9,-171,-1.5,0,5,1,1,0","amgarn,arm_up,-19,-178,13,1,5,1,1,0","amgarn,arm_low,6,-145,90,0,4,1,1,0","amgarn,fist,52,-146,139,1,4,1,1,0","amgarn,arm_up,9,-186,35,1,13,1,1,0","amgarn,arm_low,36,-151,57,1,15,1,1,0","amgarn,fist,61,-139,41,0,21,1,1,0","amgarn,leg_up,-22,-98,7.3,1,5,1,1,0","amgarn,leg_low,-20,-50,-2,0,4,1,1,0","amgarn,foot,-26,-11,-46.6,0,7,1,1,0","amgarn,leg_up,0,-104,19.7,1,12,1,1,0","amgarn,leg_low,-9,-63,-55.5,0,13,1,1,0","amgarn,foot,-39,-46,-92.5,0,15,1,1,0","amgarn,base,70,-222,167,0,6,1,1,0",,"amgarn,tail,-61,-101,-55,1,6,1,1,0","amgarn,scarf,-35,-190,-42,0,7,1,1,0",,,,,,,,,,,,,,,,,,,,,,,,,,,,,,,,,,,,,,,,,,,,,,,,,,,,,,,,,,,,,,,,,,,,,,,,,,,,,,,,,,,,,,,,,,,,,,,,,,,"play_time_mod_0.8",
"Run/9","amgarn,head,16,-258,-19,0,2,1,1,0","amgarn,neck,1,-223,-12,0,4,1,1,0","amgarn,body,-7,-170,-3.5,0,5,1,1,0","amgarn,arm_up,-16,-177,10,1,5,1,1,0","amgarn,arm_low,6,-141,87,0,4,1,1,0","amgarn,fist,52,-139,132,1,4,1,1,0","amgarn,arm_up,12,-182,32,1,13,1,1,0","amgarn,arm_low,38,-147,54,1,15,1,1,0","amgarn,fist,61,-132,38,0,21,1,1,0","amgarn,leg_up,-31,-98,-12.7,1,5,1,1,0","amgarn,leg_low,-44,-50,-10,0,4,1,1,0","amgarn,foot,-52,-11,-46.6,0,7,1,1,0","amgarn,leg_up,11,-104,39.7,1,12,1,1,0","amgarn,leg_low,18,-63,-45.5,0,13,1,1,0","amgarn,foot,-9,-37,-92.5,0,15,1,1,0","amgarn,base,76,-213,163,0,6,1,1,0",,"amgarn,tail,-61,-104,-60,1,6,1,1,0","amgarn,scarf,-35,-194,-46,0,7,1,1,0",,,,,,,,,,,,,,,,,,,,,,,,,,,,,,,,,,,,,,,,,,,,,,,,,,,,,,,,,,,,,,,,,,,,,,,,,,,,,,,,,,,,,,,,,,,,,,,,,,,"play_time_mod_0.8",
"Run/10","amgarn,head,20,-254,-21,0,2,1,1,0","amgarn,neck,4,-221,-15,0,4,1,1,0","amgarn,body,-7,-166,-5.5,0,5,1,1,0","amgarn,arm_up,-14,-175,8,1,5,1,1,0","amgarn,arm_low,6,-137,85,0,4,1,1,0","amgarn,fist,52,-135,130,1,4,1,1,0","amgarn,arm_up,14,-178,30,1,13,1,1,0","amgarn,arm_low,40,-143,52,1,15,1,1,0","amgarn,fist,61,-126,36,0,21,1,1,0","amgarn,leg_up,-35,-90,-15.7,1,5,1,1,0","amgarn,leg_low,-53,-50,-25,0,4,1,1,0","amgarn,foot,-72,-11,-59.6,0,7,1,1,0","amgarn,leg_up,19,-101,49.7,1,12,1,1,0","amgarn,leg_low,51,-63,24.5,0,13,1,1,0","amgarn,foot,63,-32,-22.5,0,15,1,1,0","amgarn,base,80,-207,161,0,6,1,1,0",,"amgarn,tail,-61,-108,-63,1,6,1,1,0","amgarn,scarf,-35,-192,-51,0,7,1,1,0",,,,,,,,,,,,,,,,,,,,,,,,,,,,,,,,,,,,,,,,,,,,,,,,,,,,,,,,,,,,,,,,,,,,,,,,,,,,,,,,,,,,,,,,,,,,,,,,,,,"play_time_mod_0.8",
"Run/11","amgarn,head,22,-248,-22,0,2,1,1,0","amgarn,neck,6,-219,-16,0,4,1,1,0","amgarn,body,-6,-163,-6.5,0,5,1,1,0","amgarn,arm_up,-13,-175,2,1,5,1,1,0","amgarn,arm_low,4,-136,79,0,4,1,1,0","amgarn,fist,44,-126,120,1,4,1,1,0","amgarn,arm_up,15,-173,24,1,13,1,1,0","amgarn,arm_low,40,-137,46,1,15,1,1,0","amgarn,fist,56,-120,30,0,21,1,1,0","amgarn,leg_up,-39,-90,-23.7,1,5,1,1,0","amgarn,leg_low,-62,-46,-28,0,4,1,1,0","amgarn,foot,-83,-11,-60.6,0,7,1,1,0","amgarn,leg_up,23,-86,45.7,1,12,1,1,0","amgarn,leg_low,50,-47,23.5,0,13,1,1,0","amgarn,foot,61,-10,-23.5,0,15,1,1,0","amgarn,base,83,-193,154,0,6,1,1,0",,"amgarn,tail,-61,-111,-74,1,6,1,1,0","amgarn,scarf,-34,-187,-43,0,7,1,1,0",,,,,,,,,,,,,,,,,,,,,,,,,,,,,,,,,,,,,,,,,,,,,,,,,,,,,,,,,,,,,,,,,,,,,,,,,,,,,,,,,,,,,,,,,,,,,,,,,,,"play_time_mod_0.8",
"Run/12","amgarn,head,23,-255,-19,0,2,1,1,0","amgarn,neck,5,-223,-14,0,4,1,1,0","amgarn,body,-6,-170,-6.5,0,5,1,1,0","amgarn,arm_up,-17,-179,2,1,5,1,1,0","amgarn,arm_low,0,-140,79,0,4,1,1,0","amgarn,fist,44,-130,120,1,4,1,1,0","amgarn,arm_up,15,-177,24,1,13,1,1,0","amgarn,arm_low,40,-141,46,1,15,1,1,0","amgarn,fist,56,-124,30,0,21,1,1,0","amgarn,leg_up,-39,-94,-29.7,1,5,1,1,0","amgarn,leg_low,-74,-51,-44,0,4,1,1,0","amgarn,foot,-103,-29,-96.6,0,7,1,1,0","amgarn,leg_up,10,-90,31.7,1,12,1,1,0","amgarn,leg_low,33,-45,21.5,0,13,1,1,0","amgarn,foot,41,-9,-23.5,0,15,1,1,0","amgarn,base,82,-197,153,0,6,1,1,0",,"amgarn,tail,-61,-107,-67,1,6,1,1,0","amgarn,scarf,-31,-188,-34,0,7,1,1,0",,,,,,,,,,,,,,,,,,,,,,,,,,,,,,,,,,,,,,,,,,,,,,,,,,,,,,,,,,,,,,,,,,,,,,,,,,,,,,,,,,,,,,,,,,,,,,,,,,,"play_time_mod_0.8",
"Standup/0","amgarn,angry,-123,-47,72,0,2,1,1,0","amgarn,neck,-92,-31,92,0,4,1,1,0","amgarn,body,-24,-35,90.5,0,5,1,1,0","amgarn,arm_up,-49,-13,85,1,5,1,1,0","amgarn,arm_low,-5,-25,170,0,4,1,1,0","amgarn,fist,3,-71,-141,1,4,1,1,0","amgarn,arm_up,-70,-51,107,1,13,1,1,0","amgarn,arm_low,-22,-74,160,1,15,1,1,0","amgarn,fist,-18,-89,140,0,21,1,1,0","amgarn,leg_up,63,-18,81.3,1,5,1,1,0","amgarn,leg_low,118,-4,73,0,10,1,1,0","amgarn,foot,160,11,35.4,0,13,1,1,0","amgarn,leg_up,58,-38,116.7,1,12,1,1,0","amgarn,leg_low,101,-38,38.5,0,13,1,1,0","amgarn,foot,130,-9,2.5,0,15,1,1,0","amgarn,base,-92,-102,-106,0,6,1,1,0",,"amgarn,tail,71,-19,78,0,19,1,1,0","amgarn,scarf,-38,-18,113,0,7,1,1,0",,,,,,,,,,,,,,,,,,,,,,,,,,,,,,,,,,,,,,,,,,,,,,,,,,,,,,,,,,,,,,,,,,,,,,,,,,,,,,,,,,,,,,,,,,,,,,,,,,,,
"Standup/1","amgarn,angry,-123,-34,83,0,2,1,1,0","amgarn,neck,-92,-21,97,0,4,1,1,0","amgarn,body,-24,-30,95.5,0,5,1,1,0","amgarn,arm_up,-44,-8,90,1,5,1,1,0","amgarn,arm_low,-8,-25,179,0,4,1,1,0","amgarn,fist,-7,-71,-133,1,4,1,1,0","amgarn,arm_up,-70,-43,112,1,13,1,1,0","amgarn,arm_low,-22,-67,167,1,15,1,1,0","amgarn,fist,-23,-84,145,0,21,1,1,0","amgarn,leg_up,63,-43,118.3,1,5,1,1,0","amgarn,leg_low,111,-54,86,0,10,1,1,0","amgarn,foot,143,-39,10.4,0,13,1,1,0","amgarn,leg_up,58,-53,151.7,1,12,1,1,0","amgarn,leg_low,91,-73,73.5,0,13,1,1,0","amgarn,foot,123,-59,17.5,0,15,1,1,0","amgarn,base,-99,-92,-97,0,6,1,1,0",,"amgarn,tail,73,-5,73,0,19,1,1,0","amgarn,scarf,-34,-13,118,0,7,1,1,0",,,,,,,,,,,,,,,,,,,,,,,,,,,,,,,,,,,,,,,,,,,,,,,,,,,,,,,,,,,,,,,,,,,,,,,,,,,,,,,,,,,,,,,,,,,,,,,,,,,,
"Standup/2","amgarn,angry,-123,-22,95,0,2,1,1,0","amgarn,neck,-88,-9,105,0,4,1,1,0","amgarn,body,-24,-28,104.5,0,5,1,1,0","amgarn,arm_up,-34,-3,103,1,5,1,1,0","amgarn,arm_low,-8,-32,-168,0,4,1,1,0","amgarn,fist,-15,-78,-116,1,4,1,1,0","amgarn,arm_up,-70,-38,117,1,13,1,1,0","amgarn,arm_low,-28,-65,170,1,15,1,1,0","amgarn,fist,-34,-79,148,0,21,1,1,0","amgarn,leg_up,53,-51,149.3,1,5,1,1,0","amgarn,leg_low,90,-77,82,0,10,1,1,0","amgarn,foot,123,-61,2.4,0,13,1,1,0","amgarn,leg_up,48,-58,176.7,1,12,1,1,0","amgarn,leg_low,68,-96,108.5,0,13,1,1,0","amgarn,foot,110,-95,32.5,0,15,1,1,0","amgarn,base,-111,-79,-86,0,6,1,1,0",,"amgarn,tail,75,-13,88,0,19,1,1,0","amgarn,scarf,-29,-5,123,0,7,1,1,0",,,,,,,,,,,,,,,,,,,,,,,,,,,,,,,,,,,,,,,,,,,,,,,,,,,,,,,,,,,,,,,,,,,,,,,,,,,,,,,,,,,,,,,,,,,,,,,,,,,,
"Standup/3","amgarn,angry,-126,-64,85,0,2,1,1,0","amgarn,neck,-95,-45,95,0,4,1,1,0","amgarn,body,-28,-53,94.5,0,5,1,1,0","amgarn,arm_up,-42,-28,73,1,5,1,1,0","amgarn,arm_low,-3,-39,180,0,4,1,1,0","amgarn,fist,-1,-88,-138,1,4,1,1,0","amgarn,arm_up,-72,-70,107,1,13,1,1,0","amgarn,arm_low,-25,-90,160,1,15,1,1,0","amgarn,fist,-29,-106,138,0,21,1,1,0","amgarn,leg_up,61,-62,109.3,1,5,1,1,0","amgarn,leg_low,112,-63,72,0,10,1,1,0","amgarn,foot,146,-38,-7.6,0,13,1,1,0","amgarn,leg_up,48,-70,160,1,12,1,1,0","amgarn,leg_low,80,-104,98.5,0,13,1,1,0","amgarn,foot,118,-95,22.5,0,15,1,1,0","amgarn,base,-83,-118,-106,0,6,1,1,0",,"amgarn,tail,67,-16,76,0,19,1,1,0","amgarn,scarf,-33,-31,101,0,7,1,1,0",,,,,,,,,,,,,,,,,,,,,,,,,,,,,,,,,,,,,,,,,,,,,,,,,,,,,,,,,,,,,,,,,,,,,,,,,,,,,,,,,,,,,,,,,,,,,,,,,,,,
"Standup/4","amgarn,angry,-120,-146,54,0,2,1,1,0","amgarn,neck,-99,-117,70,0,4,1,1,0","amgarn,body,-31,-100,74.5,0,5,1,1,0","amgarn,arm_up,-60,-79,49,1,5,1,1,0","amgarn,arm_low,-24,-75,150,0,4,1,1,0","amgarn,fist,4,-117,-168,1,4,1,1,0","amgarn,arm_up,-66,-120,86,1,13,1,1,0","amgarn,arm_low,-15,-123,139,1,15,1,1,0","amgarn,fist,-2,-139,108,0,21,1,1,0","amgarn,leg_up,54,-67,79.3,1,5,1,1,0","amgarn,leg_low,94,-46,43,0,10,1,1,0","amgarn,foot,117,-14,-17.6,0,13,1,1,0","amgarn,leg_up,46,-109,120,1,12,1,1,0","amgarn,leg_low,90,-114,58.5,0,13,1,1,0","amgarn,foot,118,-83,-7.5,0,15,1,1,0","amgarn,base,-59,-182,-130,0,5,1,1,0",,"amgarn,tail,44,-32,36,0,19,1,1,0","amgarn,scarf,-54,-79,71,0,7,1,1,0",,,,,,,,,,,,,,,,,,,,,,,,,,,,,,,,,,,,,,,,,,,,,,,,,,,,,,,,,,,,,,,,,,,,,,,,,,,,,,,,,,,,,,,,,,,,,,,,,,"play_time_mod_0.5",,
"Standup/5","amgarn,angry,-77,-221,20,0,2,1,1,0","amgarn,neck,-74,-186,40,0,4,1,1,0","amgarn,body,-24,-136,44.5,0,5,1,1,0","amgarn,arm_up,-58,-138,18,1,5,1,1,0","amgarn,arm_low,-25,-117,118,0,4,1,1,0","amgarn,fist,16,-138,163,1,4,1,1,0","amgarn,arm_up,-45,-171,56,1,13,1,1,0","amgarn,arm_low,1,-148,109,1,15,1,1,0","amgarn,fist,20,-156,78,0,21,1,1,0","amgarn,leg_up,24,-70,39.3,1,5,1,1,0","amgarn,leg_low,37,-27,-17,0,10,1,1,0","amgarn,foot,21,12,-67.6,0,13,1,1,0","amgarn,leg_up,57,-106,87,1,12,1,1,0","amgarn,leg_low,98,-82,18.5,0,13,1,1,0","amgarn,foot,107,-39,-37.5,0,15,1,1,0","amgarn,base,-9,-222,-160,0,5,1,1,0",,"amgarn,tail,7,-40,6,0,19,1,1,0","amgarn,scarf,-65,-130,21,0,7,1,1,0",,,,,,,,,,,,,,,,,,,,,,,,,,,,,,,,,,,,,,,,,,,,,,,,,,,,,,,,,,,,,,,,,,,,,,,,,,,,,,,,,,,,,,,,,,,,,,,,,,"play_time_mod_0.25",,
"Standup/6","amgarn,angry,-28,-247,-3,0,2,1,1,0","amgarn,neck,-37,-213,17,0,4,1,1,0","amgarn,body,-12,-146,21.5,0,5,1,1,0","amgarn,arm_up,-40,-162,-5,1,5,1,1,0","amgarn,arm_low,-18,-132,95,0,4,1,1,0","amgarn,fist,26,-135,147,1,4,1,1,0","amgarn,arm_up,-16,-190,33,1,13,1,1,0","amgarn,arm_low,20,-150,86,1,15,1,1,0","amgarn,fist,39,-149,55,0,21,1,1,0","amgarn,leg_up,8,-67,16.3,1,5,1,1,0","amgarn,leg_low,2,-22,-40,0,10,1,1,0","amgarn,foot,-26,5,-90.6,0,13,1,1,0","amgarn,leg_up,51,-87,64,1,12,1,1,0","amgarn,leg_low,81,-50,-4.5,0,13,1,1,0","amgarn,foot,72,-7,-60.5,0,15,1,1,0","amgarn,base,39,-222,178,0,5,1,1,0",,"amgarn,tail,-19,-49,-17,0,19,1,1,0","amgarn,scarf,-50,-158,-2,0,7,1,1,0",,,,,,,,,,,,,,,,,,,,,,,,,,,,,,,,,,,,,,,,,,,,,,,,,,,,,,,,,,,,,,,,,,,,,,,,,,,,,,,,,,,,,,,,,,,,,,,,,,"play_time_mod_0.25",,
"Standup/7","amgarn,angry,0,-254,-14,0,2,1,1,0","amgarn,neck,-17,-222,7,0,4,1,1,0","amgarn,body,3,-146,7.5,0,5,1,1,0","amgarn,arm_up,-31,-173,-15,1,5,1,1,0","amgarn,arm_low,-25,-139,85,0,4,1,1,0","amgarn,fist,18,-137,137,1,4,1,1,0","amgarn,arm_up,-16,-190,33,1,13,1,1,0","amgarn,arm_low,20,-150,86,1,15,1,1,0","amgarn,fist,42,-143,50,0,21,1,1,0","amgarn,leg_up,-3,-67,1.3,1,5,1,1,0","amgarn,leg_low,-18,-22,-45,0,10,1,1,0","amgarn,foot,-51,2,-90.6,0,13,1,1,0","amgarn,leg_up,51,-85,64,1,12,1,1,0","amgarn,leg_low,81,-50,0.5,0,13,1,1,0","amgarn,foot,74,-7,-49.5,0,15,1,1,0","amgarn,base,54,-222,167,0,5,1,1,0",,"amgarn,tail,-39,-49,-37,0,19,1,1,0","amgarn,scarf,-41,-171,-21,0,7,1,1,0",,,,,,,,,,,,,,,,,,,,,,,,,,,,,,,,,,,,,,,,,,,,,,,,,,,,,,,,,,,,,,,,,,,,,,,,,,,,,,,,,,,,,,,,,,,,,,,,,,"play_time_mod_0.5",,
"Standup/8","amgarn,head,4,-264,-12,0,2,1,1,0","amgarn,neck,-14,-232,5,0,4,1,1,0","amgarn,body,3,-157,-0.5,0,5,1,1,0","amgarn,arm_up,-27,-176,-2,1,5,1,1,0","amgarn,arm_low,-10,-144,88,0,4,1,1,0","amgarn,fist,33,-145,140,1,4,1,1,0","amgarn,arm_up,-12,-190,36,1,13,1,1,0","amgarn,arm_low,26,-151,89,1,15,1,1,0","amgarn,fist,49,-146,53,0,21,1,1,0","amgarn,leg_up,-13,-72,-8.7,1,5,1,1,0","amgarn,leg_low,-29,-22,-25,0,10,1,1,0","amgarn,foot,-59,3,-90.6,0,13,1,1,0","amgarn,leg_up,51,-89,54,1,12,1,1,0","amgarn,leg_low,76,-50,5.5,0,13,1,1,0","amgarn,foot,72,-7,-42.5,0,15,1,1,0","amgarn,base,60,-226,172,0,5,1,1,0",,"amgarn,tail,-39,-72,-41,0,19,1,1,0","amgarn,scarf,-37,-181,-14,0,7,1,1,0",,,,,,,,,,,,,,,,,,,,,,,,,,,,,,,,,,,,,,,,,,,,,,,,,,,,,,,,,,,,,,,,,,,,,,,,,,,,,,,,,,,,,,,,,,,,,,,,,,,,
"Standup/9","amgarn,head,10,-272,-6,0,2,1,1,0","amgarn,neck,-4,-240,1,0,4,1,1,0","amgarn,body,3,-162,-0.5,0,5,1,1,0","amgarn,arm_up,-16,-187,0,1,5,1,1,0","amgarn,arm_low,3,-157,90,0,4,1,1,0","amgarn,fist,46,-158,142,1,4,1,1,0","amgarn,arm_up,-1,-203,38,1,13,1,1,0","amgarn,arm_low,39,-164,91,1,15,1,1,0","amgarn,fist,62,-161,55,0,21,1,1,0","amgarn,leg_up,-21,-86,-18.7,1,5,1,1,0","amgarn,leg_low,-39,-38,-16,0,10,1,1,0","amgarn,foot,-59,-1,-76.6,0,13,1,1,0","amgarn,leg_up,34,-95,41,1,12,1,1,0","amgarn,leg_low,56,-55,12.5,0,13,1,1,0","amgarn,foot,59,-12,-39.5,0,15,1,1,0","amgarn,base,69,-241,174,0,5,1,1,0",,"amgarn,tail,-39,-93,-41,0,19,1,1,0","amgarn,scarf,-29,-186,-9,0,7,1,1,0",,,,,,,,,,,,,,,,,,,,,,,,,,,,,,,,,,,,,,,,,,,,,,,,,,,,,,,,,,,,,,,,,,,,,,,,,,,,,,,,,,,,,,,,,,,,,,,,,,,,
"Standup/10","amgarn,head,15,-280,-14,0,2,1,1,0","amgarn,neck,-1,-248,-11,0,4,1,1,0","amgarn,body,-6,-174,-2.5,0,5,1,1,0","amgarn,arm_up,-10,-207,24,1,5,1,1,0","amgarn,arm_low,25,-169,84,0,4,1,1,0","amgarn,fist,71,-166,134,1,4,1,1,0","amgarn,arm_up,26,-209,34,1,13,1,1,0","amgarn,arm_low,57,-177,56,1,15,1,1,0","amgarn,fist,87,-167,38,0,21,1,1,0","amgarn,leg_up,-35,-96,-19.7,1,5,1,1,0","amgarn,leg_low,-57,-51,-24,0,10,1,1,0","amgarn,foot,-72,-12,-51.6,0,13,1,1,0","amgarn,leg_up,14,-103,39.7,1,12,1,1,0","amgarn,leg_low,34,-59,4.5,0,13,1,1,0","amgarn,foot,36,-15,-31.5,0,15,1,1,0","amgarn,base,95,-251,169,0,6,1,1,0",,"amgarn,tail,-57,-108,-47,0,6,1,1,0","amgarn,scarf,-30,-202,-10,0,7,1,1,0",,,,,,,,,,,,,,,,,,,,,,,,,,,,,,,,,,,,,,,,,,,,,,,,,,,,,,,,,,,,,,,,,,,,,,,,,,,,,,,,,,,,,,,,,,,,,,,,,,,,
"Walk/0","amgarn,head,16,-273,-16,0,2,1,1,0","amgarn,neck,-2,-242,-11,0,4,1,1,0","amgarn,body,-6,-169,-3.5,0,5,1,1,0","amgarn,arm_up,-13,-197,21,1,5,1,1,0","amgarn,arm_low,17,-158,81,0,4,1,1,0","amgarn,fist,63,-154,131,1,4,1,1,0","amgarn,arm_up,23,-196,31,1,13,1,1,0","amgarn,arm_low,51,-164,53,1,15,1,1,0","amgarn,fist,81,-151,35,0,21,1,1,0","amgarn,leg_up,-30,-100,-10.7,1,5,1,1,0","amgarn,leg_low,-50,-52,-31,0,10,1,1,0","amgarn,foot,-70,-16,-69.6,0,13,1,1,0","amgarn,leg_up,8,-106,31.7,1,12,1,1,0","amgarn,leg_low,25,-59,5.5,0,13,1,1,0","amgarn,foot,27,-15,-31.5,0,15,1,1,0","amgarn,base,95,-235,165,0,6,1,1,0",,"amgarn,tail,-55,-99,-48,0,6,1,1,0","amgarn,scarf,-34,-193,-15,0,7,1,1,0",,,,,,,,,,,,,,,,,,,,,,,,,,,,,,,,,,,,,,,,,,,,,,,,,,,,,,,,,,,,,,,,,,,,,,,,,,,,,,,,,,,,,,,,,,,,,,,,,,,"play_time_mod_0.9",
"Walk/1","amgarn,head,20,-280,-14,0,2,1,1,0","amgarn,neck,8,-248,-14,0,4,1,1,0","amgarn,body,-4,-176,-5.5,0,5,1,1,0","amgarn,arm_up,-6,-205,22,1,5,1,1,0","amgarn,arm_low,25,-167,82,0,4,1,1,0","amgarn,fist,71,-162,132,1,4,1,1,0","amgarn,arm_up,30,-205,32,1,13,1,1,0","amgarn,arm_low,59,-173,54,1,15,1,1,0","amgarn,fist,89,-161,36,0,21,1,1,0","amgarn,leg_up,-15,-100,12.3,1,5,1,1,0","amgarn,leg_low,-24,-56,-41,0,10,1,1,0","amgarn,foot,-49,-36,-99.6,0,13,1,1,0","amgarn,leg_up,3,-106,21.7,1,12,1,1,0","amgarn,leg_low,15,-59,5.5,0,13,1,1,0","amgarn,foot,17,-15,-31.5,0,15,1,1,0","amgarn,base,101,-245,166,0,6,1,1,0",,"amgarn,tail,-55,-108,-57,0,6,1,1,0","amgarn,scarf,-29,-198,-20,0,7,1,1,0",,,,,,,,,,,,,,,,,,,,,,,,,,,,,,,,,,,,,,,,,,,,,,,,,,,,,,,,,,,,,,,,,,,,,,,,,,,,,,,,,,,,,,,,,,,,,,,,,,,"play_time_mod_0.9",
"Walk/2","amgarn,head,21,-278,-17,0,2,1,1,0","amgarn,neck,8,-248,-14,0,4,1,1,0","amgarn,body,-4,-176,-4.5,0,5,1,1,0","amgarn,arm_up,-9,-204,21,1,5,1,1,0","amgarn,arm_low,21,-165,81,0,4,1,1,0","amgarn,fist,67,-160,131,1,4,1,1,0","amgarn,arm_up,27,-203,31,1,13,1,1,0","amgarn,arm_low,55,-171,53,1,15,1,1,0","amgarn,fist,85,-158,35,0,21,1,1,0","amgarn,leg_up,-7,-106,32.3,1,5,1,1,0","amgarn,leg_low,-4,-66,-41,0,10,1,1,0","amgarn,foot,-31,-43,-99.6,0,12,1,1,0","amgarn,leg_up,-8,-106,7.7,1,12,1,1,0","amgarn,leg_low,-8,-59,-4.5,0,13,1,1,0","amgarn,foot,-14,-15,-41.5,0,15,1,1,0","amgarn,base,99,-242,165,0,6,1,1,0",,"amgarn,tail,-55,-106,-60,0,6,1,1,0","amgarn,scarf,-31,-204,-24,0,7,1,1,0",,,,,,,,,,,,,,,,,,,,,,,,,,,,,,,,,,,,,,,,,,,,,,,,,,,,,,,,,,,,,,,,,,,,,,,,,,,,,,,,,,,,,,,,,,,,,,,,,,,"play_time_mod_0.9",
"Walk/3","amgarn,head,21,-275,-15,0,2,1,1,0","amgarn,neck,8,-245,-14,0,4,1,1,0","amgarn,body,-3,-173,-4.5,0,5,1,1,0","amgarn,arm_up,-9,-200,20,1,5,1,1,0","amgarn,arm_low,20,-160,80,0,4,1,1,0","amgarn,fist,66,-155,130,1,4,1,1,0","amgarn,arm_up,27,-198,30,1,13,1,1,0","amgarn,arm_low,54,-166,52,1,15,1,1,0","amgarn,fist,84,-152,34,0,21,1,1,0","amgarn,leg_up,0,-108,45.3,1,5,1,1,0","amgarn,leg_low,22,-66,-1,0,10,1,1,0","amgarn,foot,14,-25,-56.6,0,12,1,1,0","amgarn,leg_up,-20,-106,-4.3,1,12,1,1,0","amgarn,leg_low,-28,-59,-4.5,0,13,1,1,0","amgarn,foot,-34,-15,-41.5,0,15,1,1,0","amgarn,base,100,-236,164,0,6,1,1,0",,"amgarn,tail,-55,-109,-64,0,6,1,1,0","amgarn,scarf,-31,-204,-29,0,7,1,1,0",,,,,,,,,,,,,,,,,,,,,,,,,,,,,,,,,,,,,,,,,,,,,,,,,,,,,,,,,,,,,,,,,,,,,,,,,,,,,,,,,,,,,,,,,,,,,,,,,,,"play_time_mod_0.9",
"Walk/4","amgarn,head,21,-271,-17,0,2,1,1,0","amgarn,neck,5,-241,-16,0,4,1,1,0","amgarn,body,-5,-169,-2.5,0,5,1,1,0","amgarn,arm_up,-9,-201,16,1,5,1,1,0","amgarn,arm_low,20,-157,76,0,4,1,1,0","amgarn,fist,66,-147,122,1,4,1,1,0","amgarn,arm_up,27,-197,27,1,13,1,1,0","amgarn,arm_low,54,-160,61,1,15,1,1,0","amgarn,fist,84,-146,33,0,21,1,1,0","amgarn,leg_up,-2,-103,41.3,1,5,1,1,0","amgarn,leg_low,22,-57,8,0,10,1,1,0","amgarn,foot,24,-15,-36.6,0,12,1,1,0","amgarn,leg_up,-25,-106,-14.3,1,12,1,1,0","amgarn,leg_low,-40,-59,-13.5,0,13,1,1,0","amgarn,foot,-54,-15,-53.5,0,15,1,1,0","amgarn,base,100,-228,163,0,6,1,1,0",,"amgarn,tail,-60,-105,-66,0,6,1,1,0","amgarn,scarf,-31,-206,-34,0,7,1,1,0",,,,,,,,,,,,,,,,,,,,,,,,,,,,,,,,,,,,,,,,,,,,,,,,,,,,,,,,,,,,,,,,,,,,,,,,,,,,,,,,,,,,,,,,,,,,,,,,,,"play_time_mod_1","play_time_mod_0.9",
"Walk/5","amgarn,head,14,-275,-12,0,2,1,1,0","amgarn,neck,2,-243,-12,0,4,1,1,0","amgarn,body,-7,-174,-1.5,0,5,1,1,0","amgarn,arm_up,-12,-203,17,1,5,1,1,0","amgarn,arm_low,18,-160,77,0,4,1,1,0","amgarn,fist,64,-150,123,1,4,1,1,0","amgarn,arm_up,24,-200,28,1,13,1,1,0","amgarn,arm_low,51,-163,62,1,15,1,1,0","amgarn,fist,82,-150,34,0,21,1,1,0","amgarn,leg_up,-9,-103,30.3,1,5,1,1,0","amgarn,leg_low,7,-57,8,0,10,1,1,0","amgarn,foot,6,-15,-36.6,0,12,1,1,0","amgarn,leg_up,-21,-106,-11.3,1,12,1,1,0","amgarn,leg_low,-40,-61,-33.5,0,13,1,1,0","amgarn,foot,-69,-28,-73.5,0,15,1,1,0","amgarn,base,96,-232,164,0,6,1,1,0",,"amgarn,tail,-60,-102,-65,0,6,1,1,0","amgarn,scarf,-31,-201,-27,0,7,1,1,0",,,,,,,,,,,,,,,,,,,,,,,,,,,,,,,,,,,,,,,,,,,,,,,,,,,,,,,,,,,,,,,,,,,,,,,,,,,,,,,,,,,,,,,,,,,,,,,,,,,"play_time_mod_0.9",
"Walk/6","amgarn,head,10,-278,-8,0,2,1,1,0","amgarn,neck,-2,-244,-8,0,4,1,1,0","amgarn,body,-9,-174,1.5,0,5,1,1,0","amgarn,arm_up,-15,-202,19,1,5,1,1,0","amgarn,arm_low,17,-161,79,0,4,1,1,0","amgarn,fist,63,-151,125,1,4,1,1,0","amgarn,arm_up,21,-201,30,1,13,1,1,0","amgarn,arm_low,48,-164,64,1,15,1,1,0","amgarn,fist,81,-153,36,0,21,1,1,0","amgarn,leg_up,-14,-103,18.3,1,5,1,1,0","amgarn,leg_low,-6,-54,6,0,10,1,1,0","amgarn,foot,-4,-15,-38.6,0,12,1,1,0","amgarn,leg_up,-11,-106,-11.3,1,12,1,1,0","amgarn,leg_low,-30,-71,-53.5,0,13,1,1,0","amgarn,foot,-59,-50,-83.5,0,15,1,1,0","amgarn,base,91,-235,166,0,6,1,1,0",,"amgarn,tail,-60,-99,-59,0,6,1,1,0","amgarn,scarf,-35,-197,-18,0,7,1,1,0",,,,,,,,,,,,,,,,,,,,,,,,,,,,,,,,,,,,,,,,,,,,,,,,,,,,,,,,,,,,,,,,,,,,,,,,,,,,,,,,,,,,,,,,,,,,,,,,,,,"play_time_mod_0.9",
"Walk/7","amgarn,head,8,-279,-7,0,2,1,1,0","amgarn,neck,-4,-245,-7,0,4,1,1,0","amgarn,body,-9,-175,2.5,0,5,1,1,0","amgarn,arm_up,-16,-202,20,1,5,1,1,0","amgarn,arm_low,17,-162,80,0,4,1,1,0","amgarn,fist,63,-153,126,1,4,1,1,0","amgarn,arm_up,20,-202,31,1,13,1,1,0","amgarn,arm_low,48,-166,65,1,15,1,1,0","amgarn,fist,81,-155,37,0,21,1,1,0","amgarn,leg_up,-19,-102,5.3,1,5,1,1,0","amgarn,leg_low,-18,-55,7,0,10,1,1,0","amgarn,foot,-16,-16,-37.6,0,12,1,1,0","amgarn,leg_up,2,-117,9.7,1,12,1,1,0","amgarn,leg_low,-9,-71,-42.5,0,13,1,1,0","amgarn,foot,-27,-50,-72.5,0,15,1,1,0","amgarn,base,89,-237,167,0,6,1,1,0",,"amgarn,tail,-59,-101,-55,0,6,1,1,0","amgarn,scarf,-36,-197,-17,0,7,1,1,0",,,,,,,,,,,,,,,,,,,,,,,,,,,,,,,,,,,,,,,,,,,,,,,,,,,,,,,,,,,,,,,,,,,,,,,,,,,,,,,,,,,,,,,,,,,,,,,,,,,"play_time_mod_0.9",
"Walk/8","amgarn,head,10,-278,-12,0,2,1,1,0","amgarn,neck,-2,-245,-10,0,4,1,1,0","amgarn,body,-9,-175,0.5,0,5,1,1,0","amgarn,arm_up,-13,-200,18,1,5,1,1,0","amgarn,arm_low,18,-158,78,0,4,1,1,0","amgarn,fist,64,-149,124,1,4,1,1,0","amgarn,arm_up,23,-198,29,1,13,1,1,0","amgarn,arm_low,50,-162,63,1,15,1,1,0","amgarn,fist,82,-149,35,0,21,1,1,0","amgarn,leg_up,-28,-102,-10.7,1,5,1,1,0","amgarn,leg_low,-38,-55,-3,0,10,1,1,0","amgarn,foot,-42,-16,-47.6,0,12,1,1,0","amgarn,leg_up,8,-114,30.7,1,12,1,1,0","amgarn,leg_low,12,-71,-42.5,0,13,1,1,0","amgarn,foot,-6,-50,-72.5,0,15,1,1,0","amgarn,base,94,-231,165,0,6,1,1,0",,"amgarn,tail,-60,-108,-57,0,6,1,1,0","amgarn,scarf,-36,-199,-21,0,7,1,1,0",,,,,,,,,,,,,,,,,,,,,,,,,,,,,,,,,,,,,,,,,,,,,,,,,,,,,,,,,,,,,,,,,,,,,,,,,,,,,,,,,,,,,,,,,,,,,,,,,,,"play_time_mod_0.9",
"Walk/9","amgarn,head,12,-276,-15,0,2,1,1,0","amgarn,neck,-2,-244,-11,0,4,1,1,0","amgarn,body,-9,-175,0.5,0,5,1,1,0","amgarn,arm_up,-13,-198,17,1,5,1,1,0","amgarn,arm_low,17,-155,77,0,4,1,1,0","amgarn,fist,63,-145,123,1,4,1,1,0","amgarn,arm_up,23,-195,28,1,13,1,1,0","amgarn,arm_low,50,-159,62,1,15,1,1,0","amgarn,fist,81,-145,34,0,21,1,1,0","amgarn,leg_up,-31,-102,-13.7,1,5,1,1,0","amgarn,leg_low,-45,-55,-9,0,10,1,1,0","amgarn,foot,-54,-16,-47.6,0,12,1,1,0","amgarn,leg_up,11,-104,33.7,1,12,1,1,0","amgarn,leg_low,33,-54,10.5,0,13,1,1,0","amgarn,foot,39,-25,-17.5,0,15,1,1,0","amgarn,base,95,-227,164,0,6,1,1,0",,"amgarn,tail,-62,-111,-58,0,6,1,1,0","amgarn,scarf,-36,-199,-24,0,7,1,1,0",,,,,,,,,,,,,,,,,,,,,,,,,,,,,,,,,,,,,,,,,,,,,,,,,,,,,,,,,,,,,,,,,,,,,,,,,,,,,,,,,,,,,,,,,,,,,,,,,,,"play_time_mod_0.9",
"Walk/10","amgarn,head,15,-269,-18,0,2,1,1,0","amgarn,neck,1,-238,-12,0,4,1,1,0","amgarn,body,-9,-172,0.5,0,5,1,1,0","amgarn,arm_up,-15,-198,14,1,5,1,1,0","amgarn,arm_low,12,-152,74,0,4,1,1,0","amgarn,fist,58,-140,120,1,4,1,1,0","amgarn,arm_up,21,-192,25,1,13,1,1,0","amgarn,arm_low,48,-156,59,1,15,1,1,0","amgarn,fist,76,-139,31,0,21,1,1,0","amgarn,leg_up,-33,-100,-15.7,1,5,1,1,0","amgarn,leg_low,-50,-55,-17,0,10,1,1,0","amgarn,foot,-62,-16,-49.6,0,12,1,1,0","amgarn,leg_up,11,-100,33.7,1,12,1,1,0","amgarn,leg_low,33,-47,10.5,0,13,1,1,0","amgarn,foot,39,-13,-17.5,0,15,1,1,0","amgarn,base,96,-221,161,0,6,1,1,0",,"amgarn,tail,-62,-106,-62,0,6,1,1,0","amgarn,scarf,-36,-194,-24,0,7,1,1,0",,,,,,,,,,,,,,,,,,,,,,,,,,,,,,,,,,,,,,,,,,,,,,,,,,,,,,,,,,,,,,,,,,,,,,,,,,,,,,,,,,,,,,,,,,,,,,,,,,"play_time_mod_1","play_time_mod_0.9",
"Spirit/0","amgarn,happy,13,-285,-19,0,2,1,1,0","amgarn,neck,-6,-257,-4,0,4,1,1,0","amgarn,body,-8,-192,-4.5,0,5,1,1,0","amgarn,arm_up,-43,-220,-60,1,5,1,1,0","amgarn,arm_low,-87,-188,-33,0,6,1,1,0","amgarn,fist,-113,-155,-87,0,13,1,1,0","amgarn,arm_up,30,-225,85,1,13,1,1,0","amgarn,arm_low,60,-237,-160,1,15,1,1,0","amgarn,fist,38,-266,-180,0,21,1,1,0","amgarn,leg_up,-19,-119,16.3,0,5,1,1,0","amgarn,leg_low,-29,-80,-70,0,10,1,1,0","amgarn,foot,-69,-68,-105.6,0,13,1,1,0","amgarn,leg_up,3,-128,39.7,1,12,1,1,0","amgarn,leg_low,24,-78,2.5,0,13,1,1,0","amgarn,foot,20,-35,-41.5,0,15,1,1,0",,,"amgarn,tail,-59,-117,-45,0,6,1,1,0","amgarn,scarf,-44,-204,-26,0,7,1,1,0",,,,,,,,,,,,,,,,,,,,,,,,,,,,,,,,,,,,,,,,,,,,,,,,,,,,,,,,,,,,,,,,,,,,,,,,,,,,,,,,,,,,,,,,,,,,,,,,,,"hold,effect_fade_5,effect_grey",,
"Attack2/0","amgarn,head,15,-280,-14,0,2,1,1,0","amgarn,neck,-1,-248,-11,0,4,1,1,0","amgarn,body,-6,-174,-2.5,0,5,1,1,0","amgarn,arm_up,-10,-207,24,1,5,1,1,0","amgarn,arm_low,25,-169,84,0,4,1,1,0","amgarn,fist,71,-166,134,1,4,1,1,0","amgarn,arm_up,26,-209,34,1,13,1,1,0","amgarn,arm_low,57,-177,56,1,15,1,1,0","amgarn,fist,87,-167,38,0,21,1,1,0","amgarn,leg_up,-35,-96,-19.7,1,5,1,1,0","amgarn,leg_low,-57,-51,-24,0,10,1,1,0","amgarn,foot,-72,-12,-51.6,0,13,1,1,0","amgarn,leg_up,14,-103,39.7,1,12,1,1,0","amgarn,leg_low,34,-59,4.5,0,13,1,1,0","amgarn,foot,36,-15,-31.5,0,15,1,1,0","amgarn,base,95,-251,169,0,6,1,1,0",,"amgarn,tail,-57,-108,-47,0,6,1,1,0","amgarn,scarf,-30,-202,-10,0,7,1,1,0",,,,,,,,,,,,,,,,,,,,,,,,,,,,,,,,,,,,,,,,,,,,,,,,,,,,,,,,,,,,,,,,,,,,,,,,,,,,,,,,,,,,,,,,,,,,,,,,,,"play_time_mod_0.5",,
"Attack2/1","amgarn,head,18,-276,-18,0,2,1,1,0","amgarn,neck,-1,-248,-11,0,4,1,1,0","amgarn,body,-6,-170,-3.5,0,5,1,1,0","amgarn,arm_up,-10,-205,21,1,5,1,1,0","amgarn,arm_low,25,-164,81,0,4,1,1,0","amgarn,fist,71,-158,131,1,4,1,1,0","amgarn,arm_up,24,-202,32,1,13,1,1,0","amgarn,arm_low,55,-168,54,1,15,1,1,0","amgarn,fist,85,-156,36,0,21,1,1,0","amgarn,leg_up,-36,-96,-20.7,1,5,1,1,0","amgarn,leg_low,-58,-51,-24,0,10,1,1,0","amgarn,foot,-74,-12,-51.6,0,13,1,1,0","amgarn,leg_up,14,-101,42.7,1,12,1,1,0","amgarn,leg_low,37,-59,10.5,0,13,1,1,0","amgarn,foot,40,-15,-31.5,0,15,1,1,0","amgarn,base,83,-235,174,0,6,1,1,0",,"amgarn,tail,-59,-108,-49,0,6,1,1,0","amgarn,scarf,-28,-202,-9,0,7,1,1,0",,,,,,,,,,,,,,,,,,,,,,,,,,,,,,,,,,,,,,,,,,,,,,,,,,,,,,,,,,,,,,,,,,,,,,,,,,,,,,,,,,,,,,,,,,,,,,,,,,"play_time_mod_0.5",,
"Attack2/2","amgarn,head,19,-274,-21,0,6,1,1,0","amgarn,neck,-1,-248,-11,0,8,1,1,0","amgarn,body,-6,-170,-3.5,0,9,1,1,0","amgarn,arm_up,-19,-208,-1,1,9,1,1,0","amgarn,arm_low,-3,-163,68,0,8,1,1,0","amgarn,fist,36,-148,112,1,5,1,1,0","amgarn,arm_up,24,-202,32,1,17,1,1,0","amgarn,arm_low,45,-157,-6,1,19,1,1,0","amgarn,fist,35,-146,-44,0,25,1,1,0","amgarn,leg_up,-37,-96,-20.7,1,9,1,1,0","amgarn,leg_low,-61,-51,-26,0,14,1,1,0","amgarn,foot,-79,-12,-54.6,0,17,1,1,0","amgarn,leg_up,14,-101,44.7,1,16,1,1,0","amgarn,leg_low,38,-59,10.5,0,17,1,1,0","amgarn,foot,41,-15,-34.5,0,19,1,1,0","amgarn,base,32,-228,178,0,6,1,1,0",,"amgarn,tail,-60,-108,-52,0,10,1,1,0","amgarn,scarf,-30,-202,-9,0,11,1,1,0",,,,,,,,,,,,,,,,,,,,,,,,,,,,,,,,,,,,,,,,,,,,,,,,,,,,,,,,,,,,,,,,,,,,,,,,,,,,,,,,,,,,,,,,,,,,,,,,,,"play_time_mod_0.5",,
"Attack2/3","amgarn,head,18,-272,-23,0,6,1,1,0","amgarn,neck,-1,-248,-11,0,8,1,1,0","amgarn,body,-6,-170,-3.5,0,9,1,1,0","amgarn,arm_up,-29,-198,-31,1,9,1,1,0","amgarn,arm_low,-33,-160,65,0,8,1,1,0","amgarn,fist,6,-147,139,1,5,1,1,0","amgarn,arm_up,24,-202,32,1,17,1,1,0","amgarn,arm_low,33,-155,-36,1,8,1,1,0","amgarn,fist,18,-136,-76,0,5,1,1,0","amgarn,leg_up,-38,-96,-26.7,1,9,1,1,0","amgarn,leg_low,-66,-51,-32,0,14,1,1,0","amgarn,foot,-89,-12,-58.6,0,17,1,1,0","amgarn,leg_up,14,-101,46.7,1,16,1,1,0","amgarn,leg_low,40,-59,7.5,0,17,1,1,0","amgarn,foot,41,-15,-36.5,0,19,1,1,0","amgarn,base,-38,-208,-140,0,6,1,1,0",,"amgarn,tail,-64,-108,-58,0,10,1,1,0","amgarn,scarf,-30,-202,-9,0,11,1,1,0",,,,,,,,,,,,,,,,,,,,,,,,,,,,,,,,,,,,,,,,,,,,,,,,,,,,,,,,,,,,,,,,,,,,,,,,,,,,,,,,,,,,,,,,,,,,,,,,,,"play_time_mod_0.75",,
"Attack2/4","amgarn,head,27,-268,-26,0,6,1,1,0","amgarn,neck,8,-243,-19,0,8,1,1,0","amgarn,body,-1,-167,-8.5,0,9,1,1,0","amgarn,arm_up,-31,-198,-20,1,9,1,1,0","amgarn,arm_low,-43,-160,-10,0,8,1,1,0","amgarn,fist,-49,-127,-51,0,5,1,1,0","amgarn,arm_up,34,-194,-18,1,9,0.8,1,0","amgarn,arm_low,3,-154,-52,1,8,1,1,0","amgarn,fist,-22,-126,-56,0,5,1,1,0","amgarn,leg_up,-42,-96,-29.7,1,9,1,1,0","amgarn,leg_low,-73,-51,-32,0,14,1,1,0","amgarn,foot,-99,-12,-58.6,0,17,1,1,0","amgarn,leg_up,17,-101,46.7,1,16,1,1,0","amgarn,leg_low,41,-59,3.5,0,17,1,1,0","amgarn,foot,41,-15,-36.5,0,19,1,1,0","amgarn,base,-118,-142,-98,0,6,1,1,0",,"amgarn,tail,-64,-104,-63,0,10,1,1,0","amgarn,scarf,-29,-201,-15,0,11,1,1,0",,,,,,,,,,,,,,,,,,,,,,,,,,,,,,,,,,,,,,,,,,,,,,,,,,,,,,,,,,,,,,,,,,,,,,,,,,,,,,,,,,,,,,,,,,,,,,,,,,"play_time_mod_1.25",,
"Attack2/5","amgarn,angry,28,-268,-29,0,6,1,1,0","amgarn,neck,8,-243,-19,0,8,1,1,0","amgarn,body,-1,-167,-8.5,0,9,1,1,0","amgarn,arm_up,-22,-196,-10,1,9,1,1,0","amgarn,arm_low,-28,-147,0,0,8,1,1,0","amgarn,fist,-26,-106,-34,0,5,1,1,0","amgarn,arm_up,34,-194,-13,1,9,0.8,1,0","amgarn,arm_low,12,-152,-39,1,8,1,1,0","amgarn,fist,-4,-126,-66,0,5,1,1,0","amgarn,leg_up,-42,-96,-29.7,1,9,1,1,0","amgarn,leg_low,-74,-51,-34,0,14,1,1,0","amgarn,foot,-101,-12,-61.6,0,17,1,1,0","amgarn,leg_up,17,-101,46.7,1,16,1,1,0","amgarn,leg_low,41,-59,3.5,0,17,1,1,0","amgarn,foot,41,-15,-36.5,0,19,1,1,0","amgarn,swing,-91,-82,-69,0,6,1,1,0",,"amgarn,tail,-64,-104,-63,0,10,1,1,0","amgarn,scarf,-33,-203,-25,0,11,1,1,0",,,,,,,,,,,,,,,,,,,,,,,,,,,,,,,,,,,,,,,,,,,,,,,,,,,,,,,,,,,,,,,,,,,,,,,,,,,,,,,,,,,,,,,,,,,,,,,,,,"sprite_deal_damage",,"swing_flat,2500,0"
"Attack2/6","amgarn,angry,28,-273,-16,0,6,1,1,0","amgarn,neck,18,-241,-15,0,8,1,1,0","amgarn,body,1,-171,-6.5,0,9,1,1,0","amgarn,arm_up,-2,-191,20,1,9,1,1,0","amgarn,arm_low,17,-145,30,0,8,1,1,0","amgarn,fist,40,-111,-4,0,5,1,1,0","amgarn,arm_up,46,-215,15,1,9,0.8,1,0","amgarn,arm_low,50,-169,-9,1,8,1,1,0","amgarn,fist,49,-139,-36,0,5,1,1,0","amgarn,leg_up,-39,-96,-31.7,1,9,1,1,0","amgarn,leg_low,-74,-53,-36,0,14,1,1,0","amgarn,foot,-101,-17,-65.6,0,17,1,1,0","amgarn,leg_up,19,-105,45.7,1,16,1,1,0","amgarn,leg_low,41,-59,3.5,0,17,1,1,0","amgarn,foot,41,-15,-36.5,0,19,1,1,0","amgarn,swing,-5,-57,-39,0,6,1,1,0",,"amgarn,tail,-64,-106,-65,0,10,1,1,0","amgarn,scarf,-22,-213,-55,0,11,1,1,0",,,,,,,,,,,,,,,,,,,,,,,,,,,,,,,,,,,,,,,,,,,,,,,,,,,,,,,,,,,,,,,,,,,,,,,,,,,,,,,,,,,,,,,,,,,,,,,,,,"sprite_deal_damage,play_time_mod_0.5",,
"Attack2/7","amgarn,angry,28,-273,-8,0,6,1,1,0","amgarn,neck,18,-241,-11,0,8,1,1,0","amgarn,body,1,-173,-1.5,0,9,1,1,0","amgarn,arm_up,18,-197,60,1,9,1,1,0","amgarn,arm_low,63,-173,70,0,8,1,1,0","amgarn,fist,101,-162,36,0,5,1,1,0","amgarn,arm_up,37,-222,65,1,14,0.8,1,0","amgarn,arm_low,76,-196,41,1,13,1,1,0","amgarn,fist,96,-183,10,0,5,1,1,0","amgarn,leg_up,-32,-96,-29.7,1,9,1,1,0","amgarn,leg_low,-66,-53,-45,0,14,1,1,0","amgarn,foot,-91,-30,-76.6,0,17,1,1,0","amgarn,leg_up,26,-102,45.7,1,16,1,1,0","amgarn,leg_low,46,-57,-7.5,0,17,1,1,0","amgarn,foot,41,-15,-36.5,0,19,1,1,0","amgarn,swing,101,-92,1,0,6,1,1,0",,"amgarn,tail,-64,-108,-59,0,10,1,1,0","amgarn,scarf,-20,-213,-61,0,11,1,1,0",,,,,,,,,,,,,,,,,,,,,,,,,,,,,,,,,,,,,,,,,,,,,,,,,,,,,,,,,,,,,,,,,,,,,,,,,,,,,,,,,,,,,,,,,,,,,,,,,,"sprite_deal_damage,play_time_mod_0.1",,
"Attack2/8","amgarn,angry,13,-273,3,0,6,1,1,0","amgarn,neck,6,-241,0,0,8,1,1,0","amgarn,body,0,-175,4.5,0,9,1,1,0","amgarn,arm_up,13,-205,80,1,9,1,1,0","amgarn,arm_low,64,-197,90,0,8,1,1,0","amgarn,fist,104,-196,64,0,5,1,1,0","amgarn,arm_up,22,-235,85,1,14,0.8,1,0","amgarn,arm_low,68,-224,61,1,13,1,1,0","amgarn,fist,91,-219,48,0,5,1,1,0","amgarn,leg_up,-21,-96,-19.7,1,9,1,1,0","amgarn,leg_low,-49,-53,-55,0,14,1,1,0","amgarn,foot,-80,-30,-76.6,0,17,1,1,0","amgarn,leg_up,31,-102,41.7,1,16,1,1,0","amgarn,leg_low,49,-57,-9.5,0,17,1,1,0","amgarn,foot,41,-15,-40.5,0,19,1,1,0","amgarn,swing,147,-133,36,0,6,1,1.1,0",,"amgarn,tail,-63,-111,-74,1,10,1,1,0","amgarn,scarf,-23,-225,-80,0,11,1,1,0",,,,,,,,,,,,,,,,,,,,,,,,,,,,,,,,,,,,,,,,,,,,,,,,,,,,,,,,,,,,,,,,,,,,,,,,,,,,,,,,,,,,,,,,,,,,,,,,,,"play_time_mod_0.1,sprite_deal_damage",,
"Attack2/9","amgarn,angry,-10,-273,13,0,6,1,1,0","amgarn,neck,-9,-239,10,0,8,1,1,0","amgarn,body,-2,-175,11.5,0,9,1,1,0","amgarn,arm_up,8,-226,100,1,9,1,1,0","amgarn,arm_low,58,-237,117,0,8,1,1,0","amgarn,fist,96,-255,90,0,5,1,1,0","amgarn,arm_up,5,-257,105,1,14,0.8,1,0","amgarn,arm_low,53,-263,81,1,13,1,1,0","amgarn,fist,82,-272,76,0,5,1,1,0","amgarn,leg_up,-16,-96,-13.7,1,9,1,1,0","amgarn,leg_low,-35,-53,-35,0,14,1,1,0","amgarn,foot,-55,-25,-56.6,0,17,1,1,0","amgarn,leg_up,36,-102,39.7,1,16,1,1,0","amgarn,leg_low,51,-57,-13.5,0,17,1,1,0","amgarn,foot,41,-15,-40.5,0,19,1,1,0","amgarn,swing,167,-218,63,0,6,1,1.1,0",,"amgarn,tail,-63,-119,-87,1,10,1,1,0","amgarn,scarf,-23,-237,-90,0,11,1,1,0",,,,,,,,,,,,,,,,,,,,,,,,,,,,,,,,,,,,,,,,,,,,,,,,,,,,,,,,,,,,,,,,,,,,,,,,,,,,,,,,,,,,,,,,,,,,,,,,,,"play_time_mod_0.1,sprite_deal_damage",,
"Attack2/10","amgarn,angry,-12,-273,18,0,6,1,1,0","amgarn,neck,-9,-239,16,0,8,1,1,0","amgarn,body,-2,-175,11.5,0,9,1,1,0","amgarn,arm_up,3,-231,110,1,9,1,1,0","amgarn,arm_low,63,-255,124,0,8,1,1,0","amgarn,fist,101,-279,100,0,5,1,1,0","amgarn,arm_up,5,-257,105,1,14,0.8,1,0","amgarn,arm_low,53,-263,81,1,13,1,1,0","amgarn,fist,89,-287,76,0,8,1,1,0","amgarn,leg_up,-13,-96,-10.7,1,9,1,1,0","amgarn,leg_low,-26,-53,-15,0,14,1,1,0","amgarn,foot,-33,-22,-56.6,0,17,1,1,0","amgarn,leg_up,36,-102,39.7,1,16,1,1,0","amgarn,leg_low,51,-57,-13.5,0,17,1,1,0","amgarn,foot,41,-15,-40.5,0,19,1,1,0","amgarn,swing,186,-317,110,0,6,1,1.1,0",,"amgarn,tail,-63,-123,-90,1,10,1,1,0","amgarn,scarf,-28,-229,-79,0,11,1,1,0",,,,,,,,,,,,,,,,,,,,,,,,,,,,,,,,,,,,,,,,,,,,,,,,,,,,,,,,,,,,,,,,,,,,,,,,,,,,,,,,,,,,,,,,,,,,,,,,,,"sprite_deal_damage,play_time_mod_0.1",,
"Attack2/11","amgarn,angry,-14,-273,22,0,6,1,1,0","amgarn,neck,-9,-239,17,0,8,1,1,0","amgarn,body,-2,-175,11.5,0,9,1,1,0","amgarn,arm_up,3,-231,110,1,9,1,1,0","amgarn,arm_low,48,-256,150,0,8,1,1,0","amgarn,fist,60,-300,120,0,5,1,1,0","amgarn,arm_up,5,-257,105,1,14,0.8,1,0","amgarn,arm_low,43,-263,91,1,13,1,1,0","amgarn,fist,58,-287,107,0,8,1,1,0","amgarn,leg_up,-13,-94,-10.7,1,9,1,1,0","amgarn,leg_low,-27,-42,-5,0,14,1,1,0","amgarn,foot,-33,-2,-46.6,0,17,1,1,0","amgarn,leg_up,36,-100,37.7,1,16,1,1,0","amgarn,leg_low,51,-54,-9.5,0,17,1,1,0","amgarn,foot,43,-15,-36.5,0,19,1,1,0","amgarn,base,87,-367,163,0,6,1,1,0",,"amgarn,tail,-63,-130,-106,1,10,1,1,0","amgarn,scarf,-28,-226,-74,0,11,1,1,0",,,,,,,,,,,,,,,,,,,,,,,,,,,,,,,,,,,,,,,,,,,,,,,,,,,,,,,,,,,,,,,,,,,,,,,,,,,,,,,,,,,,,,,,,,,,,,,,,,,,
"Attack2/12","amgarn,head,-4,-273,5,0,6,1,1,0","amgarn,neck,-9,-237,12,0,8,1,1,0","amgarn,body,-2,-173,11.5,0,9,1,1,0","amgarn,arm_up,3,-221,100,1,9,1,1,0","amgarn,arm_low,58,-235,130,0,8,1,1,0","amgarn,fist,80,-260,92,0,5,1,1,0","amgarn,arm_up,8,-231,115,1,14,0.8,1,0","amgarn,arm_low,54,-245,91,1,13,1,1,0","amgarn,fist,75,-273,107,0,8,1,1,0","amgarn,leg_up,-13,-93,-10.7,1,9,1,1,0","amgarn,leg_low,-27,-41,-5,0,14,1,1,0","amgarn,foot,-33,-1,-46.6,0,17,1,1,0","amgarn,leg_up,34,-100,34.7,1,16,1,1,0","amgarn,leg_low,49,-54,-3.5,0,17,1,1,0","amgarn,foot,43,-15,-36.5,0,19,1,1,0","amgarn,base,102,-334,163,0,6,1,1,0",,"amgarn,tail,-63,-133,-108,1,10,1,1,0","amgarn,scarf,-28,-216,-66,0,11,1,1,0",,,,,,,,,,,,,,,,,,,,,,,,,,,,,,,,,,,,,,,,,,,,,,,,,,,,,,,,,,,,,,,,,,,,,,,,,,,,,,,,,,,,,,,,,,,,,,,,,,,,
"Attack2/13","amgarn,head,-1,-271,-3,0,6,1,1,0","amgarn,neck,-11,-238,6,0,8,1,1,0","amgarn,body,-6,-175,5.5,0,9,1,1,0","amgarn,arm_up,-5,-209,75,1,9,1,1,0","amgarn,arm_low,44,-199,110,0,8,1,1,0","amgarn,fist,74,-207,72,0,5,1,1,0","amgarn,arm_up,28,-221,65,1,14,0.8,1,0","amgarn,arm_low,64,-215,101,1,13,1,1,0","amgarn,fist,83,-216,57,0,8,1,1,0","amgarn,leg_up,-24,-94,-17.7,1,9,1,1,0","amgarn,leg_low,-46,-42,-26,0,14,1,1,0","amgarn,foot,-67,-5,-59.6,0,17,1,1,0","amgarn,leg_up,28,-97,37.7,1,16,1,1,0","amgarn,leg_low,46,-54,7.5,0,17,1,1,0","amgarn,foot,43,-15,-36.5,0,19,1,1,0","amgarn,base,88,-284,173,0,6,1,1,0",,"amgarn,tail,-63,-120,-80,1,10,1,1,0","amgarn,scarf,-30,-200,-37,0,11,1,1,0",,,,,,,,,,,,,,,,,,,,,,,,,,,,,,,,,,,,,,,,,,,,,,,,,,,,,,,,,,,,,,,,,,,,,,,,,,,,,,,,,,,,,,,,,,,,,,,,,,"play_time_mod_0.5",,
"Attack2/14","amgarn,head,6,-276,-8,0,6,1,1,0","amgarn,neck,-5,-241,-1,0,8,1,1,0","amgarn,body,-5,-172,1.5,0,9,1,1,0","amgarn,arm_up,-1,-209,47,1,9,1,1,0","amgarn,arm_low,44,-189,110,0,8,1,1,0","amgarn,fist,74,-197,72,0,5,1,1,0","amgarn,arm_up,30,-217,45,1,14,0.8,1,0","amgarn,arm_low,62,-199,81,1,13,1,1,0","amgarn,fist,83,-216,57,0,8,1,1,0","amgarn,leg_up,-28,-94,-20.7,1,9,1,1,0","amgarn,leg_low,-52,-42,-26,0,14,1,1,0","amgarn,foot,-72,-5,-59.6,0,17,1,1,0","amgarn,leg_up,26,-97,37.7,1,16,1,1,0","amgarn,leg_low,44,-54,3.5,0,17,1,1,0","amgarn,foot,43,-15,-36.5,0,19,1,1,0","amgarn,base,88,-272,173,0,6,1,1,0",,"amgarn,tail,-61,-110,-73,0,10,1,1,0","amgarn,scarf,-30,-201,-22,0,11,1,1,0",,,,,,,,,,,,,,,,,,,,,,,,,,,,,,,,,,,,,,,,,,,,,,,,,,,,,,,,,,,,,,,,,,,,,,,,,,,,,,,,,,,,,,,,,,,,,,,,,,"play_time_mod_0.2",,
"Attack2/15","amgarn,head,15,-280,-14,0,2,1,1,0","amgarn,neck,-1,-248,-11,0,4,1,1,0","amgarn,body,-6,-174,-2.5,0,5,1,1,0","amgarn,arm_up,-10,-207,24,1,5,1,1,0","amgarn,arm_low,25,-169,84,0,4,1,1,0","amgarn,fist,71,-166,134,1,4,1,1,0","amgarn,arm_up,26,-209,34,1,13,1,1,0","amgarn,arm_low,57,-177,56,1,15,1,1,0","amgarn,fist,87,-167,38,0,21,1,1,0","amgarn,leg_up,-35,-96,-19.7,1,5,1,1,0","amgarn,leg_low,-57,-51,-24,0,10,1,1,0","amgarn,foot,-72,-12,-51.6,0,13,1,1,0","amgarn,leg_up,14,-103,39.7,1,12,1,1,0","amgarn,leg_low,34,-59,4.5,0,13,1,1,0","amgarn,foot,36,-15,-31.5,0,15,1,1,0","amgarn,base,95,-251,169,0,6,1,1,0",,"amgarn,tail,-57,-108,-47,0,6,1,1,0","amgarn,scarf,-30,-202,-10,0,7,1,1,0",,,,,,,,,,,,,,,,,,,,,,,,,,,,,,,,,,,,,,,,,,,,,,,,,,,,,,,,,,,,,,,,,,,,,,,,,,,,,,,,,,,,,,,,,,,,,,,,,,"play_time_mod_0.2",,
"Attack3/0","amgarn,head,15,-280,-14,0,2,1,1,0","amgarn,neck,-1,-248,-11,0,4,1,1,0","amgarn,body,-6,-174,-2.5,0,5,1,1,0","amgarn,arm_up,-10,-207,24,1,5,1,1,0","amgarn,arm_low,25,-169,84,0,4,1,1,0","amgarn,fist,71,-166,134,1,4,1,1,0","amgarn,arm_up,26,-209,34,1,13,1,1,0","amgarn,arm_low,57,-177,56,1,15,1,1,0","amgarn,fist,87,-167,38,0,21,1,1,0","amgarn,leg_up,-35,-96,-19.7,1,5,1,1,0","amgarn,leg_low,-57,-51,-24,0,10,1,1,0","amgarn,foot,-72,-12,-51.6,0,13,1,1,0","amgarn,leg_up,14,-103,39.7,1,12,1,1,0","amgarn,leg_low,34,-59,4.5,0,13,1,1,0","amgarn,foot,36,-15,-31.5,0,15,1,1,0","amgarn,base,95,-251,169,0,6,1,1,0",,"amgarn,tail,-57,-108,-47,0,6,1,1,0","amgarn,scarf,-30,-202,-10,0,7,1,1,0",,,,,,,,,,,,,,,,,,,,,,,,,,,,,,,,,,,,,,,,,,,,,,,,,,,,,,,,,,,,,,,,,,,,,,,,,,,,,,,,,,,,,,,,,,,,,,,,,,"play_time_mod_0.5",,
"Attack3/1","amgarn,head,20,-279,-16,0,2,1,1,0","amgarn,neck,4,-247,-11,0,4,1,1,0","amgarn,body,-5,-171,-4.5,0,5,1,1,0","amgarn,arm_up,-4,-204,34,1,5,1,1,0","amgarn,arm_low,37,-172,94,0,4,1,1,0","amgarn,fist,83,-177,144,1,4,1,1,0","amgarn,arm_up,30,-206,42,1,13,1,1,0","amgarn,arm_low,61,-182,64,1,15,1,1,0","amgarn,fist,91,-180,46,0,21,1,1,0","amgarn,leg_up,-37,-96,-22.7,1,5,1,1,0","amgarn,leg_low,-61,-51,-28,0,10,1,1,0","amgarn,foot,-82,-15,-58.6,0,13,1,1,0","amgarn,leg_up,18,-102,40.7,1,12,1,1,0","amgarn,leg_low,38,-59,1.5,0,13,1,1,0","amgarn,foot,37,-15,-35.5,0,15,1,1,0","amgarn,base,91,-262,-180,0,6,1,1,0",,"amgarn,tail,-57,-111,-52,0,6,1,1,0","amgarn,scarf,-25,-202,-10,0,7,1,1,0",,,,,,,,,,,,,,,,,,,,,,,,,,,,,,,,,,,,,,,,,,,,,,,,,,,,,,,,,,,,,,,,,,,,,,,,,,,,,,,,,,,,,,,,,,,,,,,,,,"play_time_mod_0.5",,
"Attack3/2","amgarn,head,26,-273,-13,0,2,1,1,0","amgarn,neck,14,-236,-10,0,4,1,1,0","amgarn,body,-3,-171,-7.5,0,5,1,1,0","amgarn,arm_up,18,-213,80,1,5,1,1,0","amgarn,arm_low,72,-224,136,0,4,1,1,0","amgarn,fist,103,-260,-180,1,4,1,1,0","amgarn,arm_up,46,-212,92,1,13,1,1,0","amgarn,arm_low,90,-221,126,1,15,1,1,0","amgarn,fist,111,-245,108,0,21,1,1,0","amgarn,leg_up,-38,-96,-25.7,1,5,1,1,0","amgarn,leg_low,-67,-51,-33,0,10,1,1,0","amgarn,foot,-93,-15,-63.6,0,13,1,1,0","amgarn,leg_up,18,-102,45.7,1,12,1,1,0","amgarn,leg_low,40,-58,-3.5,0,13,1,1,0","amgarn,foot,37,-15,-35.5,0,15,1,1,0","amgarn,base,48,-302,-121,0,6,1,0.9,0",,"amgarn,tail,-58,-108,-59,0,6,1,1,0","amgarn,scarf,-18,-188,-14,0,7,1,1,0",,,,,,,,,,,,,,,,,,,,,,,,,,,,,,,,,,,,,,,,,,,,,,,,,,,,,,,,,,,,,,,,,,,,,,,,,,,,,,,,,,,,,,,,,,,,,,,,,,"play_time_mod_0.5",,
"Attack3/3","amgarn,head,27,-271,-15,0,2,1,1,0","amgarn,neck,14,-236,-10,0,4,1,1,0","amgarn,body,-3,-171,-7.5,0,5,1,1,0","amgarn,arm_up,21,-220,100,1,4,1,1,0","amgarn,arm_low,66,-244,161,0,3,1,1,0","amgarn,fist,78,-289,-143,1,3,1,1,0","amgarn,arm_up,29,-241,105,1,12,1,1,0","amgarn,arm_low,61,-259,171,1,14,1,1,0","amgarn,fist,58,-295,143,0,20,1,1,0","amgarn,leg_up,-39,-96,-26.7,1,5,1,1,0","amgarn,leg_low,-69,-51,-34,0,10,1,1,0","amgarn,foot,-95,-15,-63.6,0,13,1,1,0","amgarn,leg_up,18,-102,45.7,1,12,1,1,0","amgarn,leg_low,40,-58,-3.5,0,13,1,1,0","amgarn,foot,37,-15,-35.5,0,15,1,1,0","amgarn,base,-6,-296,-91,0,5,1,0.9,0",,"amgarn,tail,-59,-108,-62,0,6,1,1,0","amgarn,scarf,-21,-188,-17,0,7,1,1,0",,,,,,,,,,,,,,,,,,,,,,,,,,,,,,,,,,,,,,,,,,,,,,,,,,,,,,,,,,,,,,,,,,,,,,,,,,,,,,,,,,,,,,,,,,,,,,,,,,"play_time_mod_0.75",,
"Attack3/4","amgarn,angry,29,-271,-17,0,2,1,1,0","amgarn,neck,14,-236,-10,0,4,1,1,0","amgarn,body,-3,-171,-7.5,0,5,1,1,0","amgarn,arm_up,24,-222,103,1,4,1,1,0","amgarn,arm_low,66,-249,164,0,3,1,1,0","amgarn,fist,75,-294,-140,1,3,1,1,0","amgarn,arm_up,29,-243,108,1,12,1,1,0","amgarn,arm_low,61,-261,174,1,14,1,1,0","amgarn,fist,55,-297,146,0,20,1,1,0","amgarn,leg_up,-40,-96,-27.7,1,5,1,1,0","amgarn,leg_low,-70,-51,-36,0,10,1,1,0","amgarn,foot,-97,-15,-65.6,0,13,1,1,0","amgarn,leg_up,18,-102,45.7,1,12,1,1,0","amgarn,leg_low,40,-58,-3.5,0,13,1,1,0","amgarn,foot,37,-15,-35.5,0,15,1,1,0","amgarn,base,-9,-295,-88,0,5,1,0.9,0",,"amgarn,tail,-59,-110,-65,0,6,1,1,0","amgarn,scarf,-22,-188,-19,0,7,1,1,0",,,,,,,,,,,,,,,,,,,,,,,,,,,,,,,,,,,,,,,,,,,,,,,,,,,,,,,,,,,,,,,,,,,,,,,,,,,,,,,,,,,,,,,,,,,,,,,,,,,,
"Attack3/5","amgarn,angry,42,-267,-23,0,2,1,1,0","amgarn,neck,24,-236,-16,0,4,1,1,0","amgarn,body,1,-171,-16.5,0,5,1,1,0","amgarn,arm_up,30,-215,101,1,5,1,1,0","amgarn,arm_low,73,-239,172,0,4,1,1,0","amgarn,fist,75,-284,-129,1,4,1,1,0","amgarn,arm_up,41,-225,110,1,13,1,1,0","amgarn,arm_low,79,-244,154,1,15,1,1,0","amgarn,fist,86,-278,127,0,21,1,1,0","amgarn,leg_up,-41,-96,-28.7,1,5,1,1,0","amgarn,leg_low,-72,-51,-34,0,10,1,1,0","amgarn,foot,-97,-15,-65.6,0,13,1,1,0","amgarn,leg_up,24,-100,47.7,1,12,1,1,0","amgarn,leg_low,43,-58,-9.5,0,13,1,1,0","amgarn,foot,37,-15,-35.5,0,15,1,1,0","amgarn,swing,12,-313,-112,1,6,1,0.9,0",,"amgarn,tail,-59,-114,-69,0,6,1,1,0","amgarn,scarf,-22,-194,-37,0,7,1,1,0",,,,,,,,,,,,,,,,,,,,,,,,,,,,,,,,,,,,,,,,,,,,,,,,,,,,,,,,,,,,,,,,,,,,,,,,,,,,,,,,,,,,,,,,,,,,,,,,,,"sprite_deal_damage",,
"Attack3/6","amgarn,angry,48,-259,-28,0,2,1,1,0","amgarn,neck,26,-234,-20,0,4,1,1,0","amgarn,body,2,-171,-18.5,0,5,1,1,0","amgarn,arm_up,35,-214,99,1,5,1,1,0","amgarn,arm_low,88,-229,125,0,4,1,1,0","amgarn,fist,122,-259,161,1,4,1,1,0","amgarn,arm_up,47,-222,88,1,13,1,1,0","amgarn,arm_low,92,-231,129,1,15,1,1,0","amgarn,fist,118,-247,85,0,21,1,1,0","amgarn,leg_up,-41,-96,-28.7,1,5,1,1,0","amgarn,leg_low,-72,-51,-34,0,10,1,1,0","amgarn,foot,-97,-15,-65.6,0,13,1,1,0","amgarn,leg_up,24,-100,47.7,1,12,1,1,0","amgarn,leg_low,43,-58,-9.5,0,13,1,1,0","amgarn,foot,37,-15,-35.5,0,15,1,1,0","amgarn,swing,97,-331,-166,1,6,1,1,0",,"amgarn,tail,-59,-116,-74,0,6,1,1,0","amgarn,scarf,-22,-197,-41,0,7,1,1,0",,,,,,,,,,,,,,,,,,,,,,,,,,,,,,,,,,,,,,,,,,,,,,,,,,,,,,,,,,,,,,,,,,,,,,,,,,,,,,,,,,,,,,,,,,,,,,,,,,"sprite_deal_damage,play_time_mod_0.5",,"swing_flat,2500,0"
"Attack3/7","amgarn,angry,61,-247,-32,0,2,1,1,0","amgarn,neck,37,-227,-24,0,4,1,1,0","amgarn,body,9,-171,-22.5,0,5,1,1,0","amgarn,arm_up,40,-206,97,1,5,1,1,0","amgarn,arm_low,108,-211,103,0,4,1,1,0","amgarn,fist,142,-224,149,1,4,1,1,0","amgarn,arm_up,60,-205,99,1,13,1,1,0","amgarn,arm_low,105,-219,105,1,15,1,1,0","amgarn,fist,144,-233,83,0,21,1,1,0","amgarn,leg_up,-41,-96,-28.7,1,5,1,1,0","amgarn,leg_low,-72,-51,-34,0,10,1,1,0","amgarn,foot,-97,-15,-65.6,0,13,1,1,0","amgarn,leg_up,24,-100,47.7,1,12,1,1,0","amgarn,leg_low,43,-58,-9.5,0,13,1,1,0","amgarn,foot,37,-15,-35.5,0,15,1,1,0","amgarn,swing,230,-253,111,1,6,1,1.1,0",,"amgarn,tail,-59,-114,-69,0,6,1,1,0","amgarn,scarf,-21,-193,-56,0,7,1,1,0",,,,,,,,,,,,,,,,,,,,,,,,,,,,,,,,,,,,,,,,,,,,,,,,,,,,,,,,,,,,,,,,,,,,,,,,,,,,,,,,,,,,,,,,,,,,,,,,,,"play_time_mod_0.1,sprite_deal_damage",,
"Attack3/8","amgarn,angry,61,-246,-35,0,2,1,1,0","amgarn,neck,37,-227,-24,0,4,1,1,0","amgarn,body,9,-171,-22.5,0,5,1,1,0","amgarn,arm_up,38,-191,54,1,5,1,1,0","amgarn,arm_low,87,-160,66,0,4,1,1,0","amgarn,fist,120,-148,111,1,4,1,1,0","amgarn,arm_up,65,-185,54,1,13,1,1,0","amgarn,arm_low,91,-158,62,1,15,1,1,0","amgarn,fist,131,-143,40,0,21,1,1,0","amgarn,leg_up,-44,-94,-30.7,1,5,1,1,0","amgarn,leg_low,-78,-50,-36,0,10,1,1,0","amgarn,foot,-105,-16,-68.6,0,13,1,1,0","amgarn,leg_up,24,-100,49.7,1,12,1,1,0","amgarn,leg_low,45,-57,-13.5,0,13,1,1,0","amgarn,foot,37,-15,-35.5,0,15,1,1,0","amgarn,swing,198,-110,64,1,6,1,1,0",,"amgarn,tail,-59,-116,-74,0,6,1,1,0","amgarn,scarf,-18,-199,-66,0,7,1,1,0",,,,,,,,,,,,,,,,,,,,,,,,,,,,,,,,,,,,,,,,,,,,,,,,,,,,,,,,,,,,,,,,,,,,,,,,,,,,,,,,,,,,,,,,,,,,,,,,,,"sprite_deal_damage,play_time_mod_0.1",,
"Attack3/9","amgarn,angry,61,-242,-40,0,2,1,1,0","amgarn,neck,36,-224,-27,0,3,1,1,0","amgarn,body,9,-171,-22.5,0,5,1,1,0","amgarn,arm_up,29,-189,34,1,5,1,1,0","amgarn,arm_low,65,-143,46,0,4,1,1,0","amgarn,fist,91,-120,91,1,4,1,1,0","amgarn,arm_up,52,-174,34,1,13,1,1,0","amgarn,arm_low,67,-139,42,1,15,1,1,0","amgarn,fist,100,-111,20,0,21,1,1,0","amgarn,leg_up,-44,-94,-30.7,1,5,1,1,0","amgarn,leg_low,-78,-50,-36,0,10,1,1,0","amgarn,foot,-105,-16,-68.6,0,13,1,1,0","amgarn,leg_up,24,-100,49.7,1,12,1,1,0","amgarn,leg_low,45,-57,-13.5,0,13,1,1,0","amgarn,foot,37,-15,-35.5,0,15,1,1,0","amgarn,swing,154,-66,47,1,5,1,1,0",,"amgarn,tail,-59,-116,-74,0,6,1,1,0","amgarn,scarf,-18,-201,-74,0,7,1,1,0",,,,,,,,,,,,,,,,,,,,,,,,,,,,,,,,,,,,,,,,,,,,,,,,,,,,,,,,,,,,,,,,,,,,,,,,,,,,,,,,,,,,,,,,,,,,,,,,,,"sprite_deal_damage,play_time_mod_0.1",,
"Attack3/10","amgarn,angry,61,-238,-43,0,2,1,1,0","amgarn,neck,36,-224,-27,0,3,1,1,0","amgarn,body,9,-171,-22.5,0,5,1,1,0","amgarn,arm_up,29,-188,33,1,5,1,1,0","amgarn,arm_low,64,-142,45,0,4,1,1,0","amgarn,fist,90,-118,90,1,4,1,1,0","amgarn,arm_up,52,-173,33,1,13,1,1,0","amgarn,arm_low,66,-137,41,1,15,1,1,0","amgarn,fist,99,-109,19,0,21,1,1,0","amgarn,leg_up,-46,-94,-30.7,1,5,1,1,0","amgarn,leg_low,-80,-50,-39,0,10,1,1,0","amgarn,foot,-108,-16,-68.6,0,13,1,1,0","amgarn,leg_up,26,-98,52.7,1,12,1,1,0","amgarn,leg_low,47,-57,-16.5,0,13,1,1,0","amgarn,foot,37,-15,-35.5,0,15,1,1,0","amgarn,base,143,-63,41,0,5,1,1,0",,"amgarn,tail,-59,-122,-77,0,6,1,1,0","amgarn,scarf,-18,-202,-78,0,7,1,1,0",,,,,,,,,,,,,,,,,,,,,,,,,,,,,,,,,,,,,,,,,,,,,,,,,,,,,,,,,,,,,,,,,,,,,,,,,,,,,,,,,,,,,,,,,,,,,,,,,,"sprite_deal_damage",,
"Attack3/11","amgarn,angry,61,-237,-45,0,2,1,1,0","amgarn,neck,36,-224,-27,0,3,1,1,0","amgarn,body,9,-171,-22.5,0,5,1,1,0","amgarn,arm_up,26,-189,32,1,5,1,1,0","amgarn,arm_low,60,-142,44,0,4,1,1,0","amgarn,fist,86,-118,89,1,4,1,1,0","amgarn,arm_up,49,-174,32,1,13,1,1,0","amgarn,arm_low,62,-137,40,1,15,1,1,0","amgarn,fist,95,-109,18,0,21,1,1,0","amgarn,leg_up,-46,-94,-30.7,1,5,1,1,0","amgarn,leg_low,-80,-50,-39,0,10,1,1,0","amgarn,foot,-108,-16,-68.6,0,13,1,1,0","amgarn,leg_up,26,-98,52.7,1,12,1,1,0","amgarn,leg_low,47,-57,-16.5,0,13,1,1,0","amgarn,foot,37,-15,-35.5,0,15,1,1,0","amgarn,base,135,-54,37,0,5,1,1,0",,"amgarn,tail,-59,-122,-77,0,6,1,1,0","amgarn,scarf,-18,-208,-93,0,7,1,1,0",,,,,,,,,,,,,,,,,,,,,,,,,,,,,,,,,,,,,,,,,,,,,,,,,,,,,,,,,,,,,,,,,,,,,,,,,,,,,,,,,,,,,,,,,,,,,,,,,,,,
"Attack3/12","amgarn,head,56,-247,-39,0,3,1,1,0","amgarn,neck,33,-226,-24,0,4,1,1,0","amgarn,body,6,-169,-14.5,0,6,1,1,0","amgarn,arm_up,19,-182,39,1,5,1,1,0","amgarn,arm_low,56,-143,55,0,4,1,1,0","amgarn,fist,85,-128,100,1,4,1,1,0","amgarn,arm_up,42,-167,39,1,13,1,1,0","amgarn,arm_low,62,-137,47,1,15,1,1,0","amgarn,fist,95,-119,45,0,21,1,1,0","amgarn,leg_up,-44,-94,-30.7,1,6,1,1,0","amgarn,leg_low,-78,-50,-39,0,11,1,1,0","amgarn,foot,-105,-16,-68.6,0,14,1,1,0","amgarn,leg_up,29,-97,52.7,1,13,1,1,0","amgarn,leg_low,48,-57,-18.5,0,14,1,1,0","amgarn,foot,37,-15,-35.5,0,16,1,1,0","amgarn,base,162,-91,66,0,5,1,1,0",,"amgarn,tail,-61,-118,-81,0,7,1,1,0","amgarn,scarf,-18,-197,-67,0,8,1,1,0",,,,,,,,,,,,,,,,,,,,,,,,,,,,,,,,,,,,,,,,,,,,,,,,,,,,,,,,,,,,,,,,,,,,,,,,,,,,,,,,,,,,,,,,,,,,,,,,,,"play_time_mod_0.5",,
"Attack3/13","amgarn,head,45,-255,-30,0,3,1,1,0","amgarn,neck,20,-226,-18,0,4,1,1,0","amgarn,body,0,-169,-12.5,0,6,1,1,0","amgarn,arm_up,7,-184,32,1,5,1,1,0","amgarn,arm_low,41,-146,70,0,4,1,1,0","amgarn,fist,79,-135,120,1,4,1,1,0","amgarn,arm_up,40,-187,49,1,13,1,1,0","amgarn,arm_low,75,-151,37,1,15,1,1,0","amgarn,fist,85,-132,45,0,21,1,1,0","amgarn,leg_up,-38,-94,-21.7,1,6,1,1,0","amgarn,leg_low,-70,-45,-39,0,11,1,1,0","amgarn,foot,-96,-14,-68.6,0,14,1,1,0","amgarn,leg_up,25,-100,43.7,1,13,1,1,0","amgarn,leg_low,43,-57,-6.5,0,14,1,1,0","amgarn,foot,37,-15,-35.5,0,16,1,1,0","amgarn,base,162,-155,106,0,5,1,1,0",,"amgarn,tail,-61,-113,-79,0,7,1,1,0","amgarn,scarf,-18,-198,-59,0,8,1,1,0",,,,,,,,,,,,,,,,,,,,,,,,,,,,,,,,,,,,,,,,,,,,,,,,,,,,,,,,,,,,,,,,,,,,,,,,,,,,,,,,,,,,,,,,,,,,,,,,,,"play_time_mod_0.5",,
"Attack3/14","amgarn,head,22,-258,-20,0,3,1,1,0","amgarn,neck,6,-226,-12,0,4,1,1,0","amgarn,body,-6,-169,-7.5,0,6,1,1,0","amgarn,arm_up,0,-184,38,1,5,1,1,0","amgarn,arm_low,39,-152,84,0,4,1,1,0","amgarn,fist,79,-151,130,1,4,1,1,0","amgarn,arm_up,32,-195,42,1,13,1,1,0","amgarn,arm_low,68,-161,55,1,15,1,1,0","amgarn,fist,95,-159,45,0,21,1,1,0","amgarn,leg_up,-35,-94,-16.7,1,6,1,1,0","amgarn,leg_low,-60,-45,-29,0,11,1,1,0","amgarn,foot,-78,-14,-58.6,0,14,1,1,0","amgarn,leg_up,25,-100,43.7,1,13,1,1,0","amgarn,leg_low,43,-57,-6.5,0,14,1,1,0","amgarn,foot,37,-15,-35.5,0,16,1,1,0","amgarn,base,142,-215,136,0,5,1,1,0",,"amgarn,tail,-60,-107,-64,0,7,1,1,0","amgarn,scarf,-20,-199,-40,0,8,1,1,0",,,,,,,,,,,,,,,,,,,,,,,,,,,,,,,,,,,,,,,,,,,,,,,,,,,,,,,,,,,,,,,,,,,,,,,,,,,,,,,,,,,,,,,,,,,,,,,,,,"play_time_mod_0.2",,
"Attack3/15","amgarn,head,15,-280,-14,0,2,1,1,0","amgarn,neck,-1,-248,-11,0,4,1,1,0","amgarn,body,-6,-174,-2.5,0,5,1,1,0","amgarn,arm_up,-10,-207,24,1,5,1,1,0","amgarn,arm_low,25,-169,84,0,4,1,1,0","amgarn,fist,71,-166,134,1,4,1,1,0","amgarn,arm_up,26,-209,34,1,13,1,1,0","amgarn,arm_low,57,-177,56,1,15,1,1,0","amgarn,fist,87,-167,38,0,21,1,1,0","amgarn,leg_up,-35,-96,-19.7,1,5,1,1,0","amgarn,leg_low,-57,-51,-24,0,10,1,1,0","amgarn,foot,-72,-12,-51.6,0,13,1,1,0","amgarn,leg_up,14,-103,39.7,1,12,1,1,0","amgarn,leg_low,34,-59,4.5,0,13,1,1,0","amgarn,foot,36,-15,-31.5,0,15,1,1,0","amgarn,base,95,-251,169,0,6,1,1,0",,"amgarn,tail,-57,-108,-47,0,6,1,1,0","amgarn,scarf,-30,-202,-10,0,7,1,1,0",,,,,,,,,,,,,,,,,,,,,,,,,,,,,,,,,,,,,,,,,,,,,,,,,,,,,,,,,,,,,,,,,,,,,,,,,,,,,,,,,,,,,,,,,,,,,,,,,,"play_time_mod_0.2",,
"Skill1Ready/0","amgarn,head,15,-280,-14,0,2,1,1,0","amgarn,neck,-1,-248,-11,0,4,1,1,0","amgarn,body,-6,-174,-2.5,0,5,1,1,0","amgarn,arm_up,-10,-207,24,1,5,1,1,0","amgarn,arm_low,25,-169,84,0,4,1,1,0","amgarn,fist,71,-166,134,1,4,1,1,0","amgarn,arm_up,26,-209,34,1,13,1,1,0","amgarn,arm_low,57,-177,56,1,15,1,1,0","amgarn,fist,87,-167,38,0,21,1,1,0","amgarn,leg_up,-35,-96,-19.7,1,5,1,1,0","amgarn,leg_low,-57,-51,-24,0,10,1,1,0","amgarn,foot,-72,-12,-51.6,0,13,1,1,0","amgarn,leg_up,14,-103,39.7,1,12,1,1,0","amgarn,leg_low,34,-59,4.5,0,13,1,1,0","amgarn,foot,36,-15,-31.5,0,15,1,1,0","amgarn,base,95,-251,169,0,6,1,1,0",,"amgarn,tail,-57,-108,-47,0,6,1,1,0","amgarn,scarf,-30,-202,-10,0,7,1,1,0",,,,,,,,,,,,,,,,,,,,,,,,,,,,,,,,,,,,,,,,,,,,,,,,,,,,,,,,,,,,,,,,,,,,,,,,,,,,,,,,,,,,,,,,,,,,,,,,,,"play_time_mod_0.5",,
"Skill1Ready/1","amgarn,head,29,-271,-18,0,2,1,1,0","amgarn,neck,12,-240,-15,0,4,1,1,0","amgarn,body,-3,-165,-11.5,0,5,1,1,0","amgarn,arm_up,-12,-202,5,1,5,1,1,0","amgarn,arm_low,8,-166,87,0,4,1,1,0","amgarn,fist,58,-166,134,1,1,1,1,0","amgarn,arm_up,26,-209,34,1,13,1,1,0","amgarn,arm_low,37,-177,56,1,15,1,1,0","amgarn,fist,66,-167,35,0,21,1,1,0","amgarn,leg_up,-38,-93,-21.7,1,5,1,1,0","amgarn,leg_low,-62,-49,-26,0,10,1,1,0","amgarn,foot,-77,-12,-51.6,0,13,1,1,0","amgarn,leg_up,17,-101,43.7,1,12,1,1,0","amgarn,leg_low,38,-58,-2.5,0,13,1,1,0","amgarn,foot,36,-15,-31.5,0,15,1,1,0","amgarn,base,62,-251,179,0,2,1,1,0",,"amgarn,tail,-59,-103,-52,0,6,1,1,0","amgarn,scarf,-23,-197,-19,0,7,1,1,0",,,,,,,,,,,,,,,,,,,,,,,,,,,,,,,,,,,,,,,,,,,,,,,,,,,,,,,,,,,,,,,,,,,,,,,,,,,,,,,,,,,,,,,,,,,,,,,,,,"play_time_mod_0.5",,
"Skill1Ready/2","amgarn,angry,50,-253,-16,0,2,1,1,0","amgarn,neck,27,-230,-21,0,4,1,1,0","amgarn,body,1,-164,-22.5,0,5,1,1,0","amgarn,arm_up,-7,-194,-26,1,5,1,1,0","amgarn,arm_low,-8,-151,66,0,4,1,1,0","amgarn,fist,34,-133,114,1,0,1,1,0","amgarn,arm_up,42,-183,-6,1,13,1,1,0","amgarn,arm_low,35,-146,26,1,15,1,1,0","amgarn,fist,43,-131,-22,0,21,1,1,0","amgarn,leg_up,-42,-90,-21.7,1,5,1,1,0","amgarn,leg_low,-72,-47,-41,0,10,1,1,0","amgarn,foot,-103,-12,-71.6,0,13,1,1,0","amgarn,leg_up,23,-96,56.7,1,12,1,1,0","amgarn,leg_low,44,-58,-15.5,0,13,1,1,0","amgarn,foot,36,-15,-31.5,0,15,1,1,0","amgarn,base,21,-231,-170,0,1,1,1,0",,"amgarn,tail,-57,-118,-67,0,6,1,1,0","amgarn,scarf,-15,-189,-23,0,7,1,1,0",,,,,,,,,,,,,,,,,,,,,,,,,,,,,,,,,,,,,,,,,,,,,,,,,,,,,,,,,,,,,,,,,,,,,,,,,,,,,,,,,,,,,,,,,,,,,,,,,,"play_time_mod_0.5",,
"Skill1Ready/3","amgarn,angry,50,-250,-18,0,2,1,1,0","amgarn,neck,27,-228,-21,0,4,1,1,0","amgarn,body,0,-159,-22.5,0,5,1,1,0","amgarn,arm_up,-20,-185,-49,1,5,1,1,0","amgarn,arm_low,-28,-150,61,0,4,1,1,0","amgarn,fist,14,-134,119,1,0,1,1,0","amgarn,arm_up,38,-174,2,1,13,1,1,0","amgarn,arm_low,24,-135,-64,1,15,1,1,0","amgarn,fist,12,-120,-85,0,4,1,1,0","amgarn,leg_up,-47,-86,-24.7,1,5,1,1,0","amgarn,leg_low,-83,-41,-54,0,10,1,1,0","amgarn,foot,-113,-11,-71.6,0,13,1,1,0","amgarn,leg_up,26,-92,57.7,1,12,1,1,0","amgarn,leg_low,46,-55,-19.5,0,13,1,1,0","amgarn,foot,36,-15,-31.5,0,15,1,1,0","amgarn,base,-1,-212,-170,0,1,1,1,0",,"amgarn,tail,-67,-112,-76,0,6,1,1,0","amgarn,scarf,-15,-187,-25,0,7,1,1,0",,,,,,,,,,,,,,,,,,,,,,,,,,,,,,,,,,,,,,,,,,,,,,,,,,,,,,,,,,,,,,,,,,,,,,,,,,,,,,,,,,,,,,,,,,,,,,,,,,"play_time_mod_1.25",,"swing_bulk,2500,0"
"Skill1Ready/4","amgarn,angry,53,-248,-20,0,2,1,1,0","amgarn,neck,30,-226,-25,0,4,1,1,0","amgarn,body,2,-155,-25.5,0,5,1,1,0","amgarn,arm_up,-27,-183,-52,1,5,1,1,0","amgarn,arm_low,-35,-151,58,0,4,1,1,0","amgarn,fist,4,-132,116,1,0,1,1,0","amgarn,arm_up,31,-169,-1,1,13,1,1,0","amgarn,arm_low,14,-133,-67,1,15,1,1,0","amgarn,fist,2,-118,-88,0,4,1,1,0","amgarn,leg_up,-47,-82,-27.7,1,5,1,1,0","amgarn,leg_low,-86,-39,-59,0,10,1,1,0","amgarn,foot,-118,-11,-75.6,0,13,1,1,0","amgarn,leg_up,26,-89,61.7,1,12,1,1,0","amgarn,leg_low,46,-55,-24.5,0,13,1,1,0","amgarn,foot,33,-15,-36.5,0,15,1,1,0","amgarn,base,-5,-210,-173,0,1,1,1,0",,"amgarn,tail,-67,-110,-83,0,6,1,1,0","amgarn,scarf,-15,-185,-25,0,7,1,1,0",,,,,,,,,,,,,,,,,,,,,,,,,,,,,,,,,,,,,,,,,,,,,,,,,,,,,,,,,,,,,,,,,,,,,,,,,,,,,,,,,,,,,,,,,,,,,,,,,,"play_time_mod_2",,"swing_flat_large,2500,0"
"Skill1End/0","amgarn,angry,53,-244,-24,0,2,1,1,0","amgarn,neck,30,-226,-25,0,4,1,1,0","amgarn,body,6,-155,-26.5,0,5,1,1,0","amgarn,arm_up,-27,-195,-67,1,5,1,1,0","amgarn,arm_low,-76,-172,-52,0,4,1,1,0","amgarn,fist,-112,-150,-24,1,0,1,1,0","amgarn,arm_up,62,-199,99,1,13,1,1,0","amgarn,arm_low,122,-207,98,1,15,1,1,0","amgarn,fist,169,-215,68,0,4,1,1,0","amgarn,leg_up,-58,-80,-33.7,1,5,1,1,0","amgarn,leg_low,-100,-38,-50,0,10,1,1,0","amgarn,foot,-129,-11,-75.6,0,13,1,1,0","amgarn,leg_up,18,-85,54.7,1,12,1,1,0","amgarn,leg_low,36,-55,-35.5,0,13,1,1,0","amgarn,foot,9,-18,-66.5,0,15,1,1,0","amgarn,base,258,-225,97,0,1,1,1.1,0",,"amgarn,tail,-68,-110,-87,0,6,1,1,0","amgarn,scarf,-23,-195,-55,0,7,1,1,0",,,,,,,,,,,,,,,,,,,,,,,,,,,,,,,,,,,,,,,,,,,,,,,,,,,,,,,,,,,,,,,,,,,,,,,,,,,,,,,,,,,,,,,,,,,,,,,,,,"play_time_mod_0.1",,
"Skill1End/1","amgarn,angry,57,-241,-29,0,2,1,1,0","amgarn,neck,34,-226,-27,0,4,1,1,0","amgarn,body,-1,-155,-26.5,0,5,1,1,0","amgarn,arm_up,-25,-197,-79,1,5,1,1,0","amgarn,arm_low,-84,-184,-64,0,4,1,1,0","amgarn,fist,-124,-170,-29,1,0,1,1,0","amgarn,arm_up,64,-196,86,1,13,1,1,0","amgarn,arm_low,124,-191,85,1,15,1,1,0","amgarn,fist,172,-196,64,0,4,1,1,0","amgarn,leg_up,-49,-82,-15.7,1,5,1,1,0","amgarn,leg_low,-74,-40,-52,0,10,1,1,0","amgarn,foot,-100,-13,-57.6,0,13,1,1,0","amgarn,leg_up,16,-85,52.7,1,12,1,1,0","amgarn,leg_low,37,-45,-7.5,0,13,1,1,0","amgarn,foot,33,-8,-38.5,0,15,1,1,0","amgarn,base,262,-204,93,0,1,1,1.1,0",,"amgarn,tail,-68,-112,-89,0,6,1,1,0","amgarn,scarf,-21,-197,-60,0,7,1,1,0",,,,,,,,,,,,,,,,,,,,,,,,,,,,,,,,,,,,,,,,,,,,,,,,,,,,,,,,,,,,,,,,,,,,,,,,,,,,,,,,,,,,,,,,,,,,,,,,,,"play_time_mod_0.5",,
"Skill1End/2","amgarn,angry,57,-238,-32,0,2,1,1,0","amgarn,neck,34,-217,-34,0,4,1,1,0","amgarn,body,-3,-147,-27.5,0,5,1,1,0","amgarn,arm_up,-25,-200,-86,1,5,1,1,0","amgarn,arm_low,-84,-190,-66,0,4,1,1,0","amgarn,fist,-124,-178,-29,1,0,1,1,0","amgarn,arm_up,64,-195,84,1,13,1,1,0","amgarn,arm_low,124,-188,83,1,15,1,1,0","amgarn,fist,172,-191,62,0,4,1,1,0","amgarn,leg_up,-39,-77,4.3,1,5,1,1,0","amgarn,leg_low,-59,-34,-64,0,10,1,1,0","amgarn,foot,-92,-13,-77.6,0,13,1,1,0","amgarn,leg_up,17,-85,52.7,1,12,1,1,0","amgarn,leg_low,54,-45,27.5,0,13,1,1,0","amgarn,foot,66,-8,-19.5,0,15,1,1,0","amgarn,base,262,-195,91,0,1,1,1.1,0",,"amgarn,tail,-68,-109,-100,0,6,1,1,0","amgarn,scarf,-21,-202,-84,0,7,1,1,0",,,,,,,,,,,,,,,,,,,,,,,,,,,,,,,,,,,,,,,,,,,,,,,,,,,,,,,,,,,,,,,,,,,,,,,,,,,,,,,,,,,,,,,,,,,,,,,,,,"play_time_mod_0.5",,
"Skill1End/3","amgarn,angry,53,-230,-33,0,2,1,1,0","amgarn,neck,34,-210,-37,0,4,1,1,0","amgarn,body,-3,-142,-27.5,0,5,1,1,0","amgarn,arm_up,-25,-198,-90,1,5,1,1,0","amgarn,arm_low,-84,-194,-71,0,4,1,1,0","amgarn,fist,-124,-182,-32,1,0,1,1,0","amgarn,arm_up,64,-183,83,1,13,1,1,0","amgarn,arm_low,124,-175,82,1,15,1,1,0","amgarn,fist,172,-177,61,0,4,1,1,0","amgarn,leg_up,-41,-74,4.3,1,5,1,1,0","amgarn,leg_low,-59,-31,-64,0,10,1,1,0","amgarn,foot,-92,-11,-77.6,0,13,1,1,0","amgarn,leg_up,17,-81,52.7,1,12,1,1,0","amgarn,leg_low,56,-43,41.5,0,13,1,1,0","amgarn,foot,79,-8,-4.5,0,15,1,1,0","amgarn,base,262,-179,90,0,1,1,1.1,0",,"amgarn,tail,-68,-109,-106,0,6,1,1,0","amgarn,scarf,-21,-200,-87,0,7,1,1,0",,,,,,,,,,,,,,,,,,,,,,,,,,,,,,,,,,,,,,,,,,,,,,,,,,,,,,,,,,,,,,,,,,,,,,,,,,,,,,,,,,,,,,,,,,,,,,,,,,"play_time_mod_0.5",,
"Skill1End/4","amgarn,head,51,-231,-23,0,2,1,1,0","amgarn,neck,29,-207,-38,0,4,1,1,0","amgarn,body,-3,-142,-23.5,0,5,1,1,0","amgarn,arm_up,-25,-187,-70,1,5,1,1,0","amgarn,arm_low,-76,-158,-41,0,4,1,1,0","amgarn,fist,-102,-129,-2,1,0,1,1,0","amgarn,arm_up,64,-173,73,1,13,1,1,0","amgarn,arm_low,114,-164,92,1,15,1,1,0","amgarn,fist,152,-177,81,0,4,1,1,0","amgarn,leg_up,-44,-74,-15.7,1,5,1,1,0","amgarn,leg_low,-69,-27,-41,0,10,1,1,0","amgarn,foot,-92,2,-77.6,0,13,1,1,0","amgarn,leg_up,15,-81,49.7,1,12,1,1,0","amgarn,leg_low,48,-43,31.5,0,13,1,1,0","amgarn,foot,66,-7,-13.5,0,15,1,1,0","amgarn,base,224,-199,107,0,1,1,1,0",,"amgarn,tail,-71,-94,-85,0,6,1,1,0","amgarn,scarf,-21,-192,-72,0,7,1,1,0",,,,,,,,,,,,,,,,,,,,,,,,,,,,,,,,,,,,,,,,,,,,,,,,,,,,,,,,,,,,,,,,,,,,,,,,,,,,,,,,,,,,,,,,,,,,,,,,,,,,
"Skill1End/5","amgarn,head,34,-243,-17,0,2,1,1,0","amgarn,neck,20,-216,-30,0,4,1,1,0","amgarn,body,-4,-154,-12.5,0,5,1,1,0","amgarn,arm_up,-30,-184,-48,1,5,1,1,0","amgarn,arm_low,-49,-149,27,0,4,1,1,0","amgarn,fist,-26,-112,80,1,0,1,1,0","amgarn,arm_up,49,-163,47,1,13,1,1,0","amgarn,arm_low,92,-141,94,1,15,1,1,0","amgarn,fist,131,-147,63,0,4,1,1,0","amgarn,leg_up,-42,-75,-13.7,1,5,1,1,0","amgarn,leg_low,-65,-28,-39,0,10,1,1,0","amgarn,foot,-88,3,-75.6,0,13,1,1,0","amgarn,leg_up,14,-86,51.7,1,12,1,1,0","amgarn,leg_low,42,-46,13.5,0,13,1,1,0","amgarn,foot,50,-3,-21.5,0,15,1,1,0","amgarn,base,171,-220,149,0,1,1,1,0",,"amgarn,tail,-71,-95,-83,0,6,1,1,0","amgarn,scarf,-23,-191,-55,0,7,1,1,0",,,,,,,,,,,,,,,,,,,,,,,,,,,,,,,,,,,,,,,,,,,,,,,,,,,,,,,,,,,,,,,,,,,,,,,,,,,,,,,,,,,,,,,,,,,,,,,,,,"play_time_mod_0.5",,
"Skill1End/6","amgarn,head,20,-250,-12,0,2,1,1,0","amgarn,neck,14,-220,-26,0,4,1,1,0","amgarn,body,-7,-160,-8.5,0,5,1,1,0","amgarn,arm_up,-31,-179,-29,1,5,1,1,0","amgarn,arm_low,-28,-143,77,0,4,1,1,0","amgarn,fist,14,-137,130,1,0,1,1,0","amgarn,arm_up,38,-167,30,1,13,1,1,0","amgarn,arm_low,72,-135,94,1,15,1,1,0","amgarn,fist,115,-143,56,0,4,1,1,0","amgarn,leg_up,-40,-82,-16.7,1,5,1,1,0","amgarn,leg_low,-63,-32,-26,0,10,1,1,0","amgarn,foot,-80,-1,-57.6,0,13,1,1,0","amgarn,leg_up,12,-93,45.7,1,12,1,1,0","amgarn,leg_low,37,-50,14.5,0,13,1,1,0","amgarn,foot,45,-7,-24.5,0,15,1,1,0","amgarn,base,127,-224,169,0,1,1,1,0",,"amgarn,tail,-70,-96,-67,0,6,1,1,0","amgarn,scarf,-23,-193,-45,0,7,1,1,0",,,,,,,,,,,,,,,,,,,,,,,,,,,,,,,,,,,,,,,,,,,,,,,,,,,,,,,,,,,,,,,,,,,,,,,,,,,,,,,,,,,,,,,,,,,,,,,,,,"play_time_mod_0.5",,
"Skill1End/7","amgarn,head,15,-280,-14,0,2,1,1,0","amgarn,neck,-1,-248,-11,0,4,1,1,0","amgarn,body,-6,-174,-2.5,0,5,1,1,0","amgarn,arm_up,-10,-207,24,1,5,1,1,0","amgarn,arm_low,25,-169,84,0,4,1,1,0","amgarn,fist,71,-166,134,1,4,1,1,0","amgarn,arm_up,26,-209,34,1,13,1,1,0","amgarn,arm_low,57,-177,56,1,15,1,1,0","amgarn,fist,87,-167,38,0,21,1,1,0","amgarn,leg_up,-35,-96,-19.7,1,5,1,1,0","amgarn,leg_low,-57,-51,-24,0,10,1,1,0","amgarn,foot,-72,-12,-51.6,0,13,1,1,0","amgarn,leg_up,14,-103,39.7,1,12,1,1,0","amgarn,leg_low,34,-59,4.5,0,13,1,1,0","amgarn,foot,36,-15,-31.5,0,15,1,1,0","amgarn,base,95,-251,169,0,6,1,1,0",,"amgarn,tail,-57,-108,-47,0,6,1,1,0","amgarn,scarf,-30,-202,-10,0,7,1,1,0",,,,,,,,,,,,,,,,,,,,,,,,,,,,,,,,,,,,,,,,,,,,,,,,,,,,,,,,,,,,,,,,,,,,,,,,,,,,,,,,,,,,,,,,,,,,,,,,,,"play_time_mod_0.5",,
"Skill2/0","amgarn,head,15,-280,-14,0,2,1,1,0","amgarn,neck,-1,-248,-11,0,4,1,1,0","amgarn,body,-6,-174,-2.5,0,5,1,1,0","amgarn,arm_up,-10,-207,24,1,5,1,1,0","amgarn,arm_low,25,-169,84,0,4,1,1,0","amgarn,fist,71,-166,134,1,4,1,1,0","amgarn,arm_up,26,-209,34,1,13,1,1,0","amgarn,arm_low,57,-177,56,1,15,1,1,0","amgarn,fist,87,-167,38,0,21,1,1,0","amgarn,leg_up,-35,-96,-19.7,1,5,1,1,0","amgarn,leg_low,-57,-51,-24,0,10,1,1,0","amgarn,foot,-72,-12,-51.6,0,13,1,1,0","amgarn,leg_up,14,-103,39.7,1,12,1,1,0","amgarn,leg_low,34,-59,4.5,0,13,1,1,0","amgarn,foot,36,-15,-31.5,0,15,1,1,0","amgarn,base,95,-251,169,0,6,1,1,0",,"amgarn,tail,-57,-108,-47,0,6,1,1,0","amgarn,scarf,-30,-202,-10,0,7,1,1,0",,,,,,,,,,,,,,,,,,,,,,,,,,,,,,,,,,,,,,,,,,,,,,,,,,,,,,,,,,,,,,,,,,,,,,,,,,,,,,,,,,,,,,,,,,,,,,,,,,,,
"Skill2/1","amgarn,happy,9,-280,-7,0,2,1,1,0","amgarn,neck,-1,-248,-8,0,4,1,1,0","amgarn,body,-6,-174,-2.5,0,5,1,1,0","amgarn,arm_up,-21,-207,-6,1,5,1,1,0","amgarn,arm_low,-5,-169,84,0,4,1,1,0","amgarn,fist,41,-166,134,1,4,1,1,0","amgarn,arm_up,25,-212,38,1,13,1,1,0","amgarn,arm_low,57,-182,94,1,15,1,1,0","amgarn,fist,96,-193,93,0,21,1,1,0","amgarn,leg_up,-36,-96,-19.7,1,5,1,1,0","amgarn,leg_low,-58,-51,-26,0,10,1,1,0","amgarn,foot,-73,-12,-48.6,0,13,1,1,0","amgarn,leg_up,15,-103,41.7,1,12,1,1,0","amgarn,leg_low,37,-59,2.5,0,13,1,1,0","amgarn,foot,36,-15,-31.5,0,15,1,1,0","amgarn,base,100,-264,176,0,6,1,1,0",,"amgarn,tail,-57,-108,-52,0,6,1,1,0","amgarn,scarf,-30,-202,-12,0,7,1,1,0",,,,,,,,,,,,,,,,,,,,,,,,,,,,,,,,,,,,,,,,,,,,,,,,,,,,,,,,,,,,,,,,,,,,,,,,,,,,,,,,,,,,,,,,,,,,,,,,,,"play_time_mod_0.7",,
"Skill2/2","amgarn,happy,2,-278,-3,0,2,1,1,0","amgarn,neck,-4,-246,-4,0,4,1,1,0","amgarn,body,-11,-174,0.5,0,5,1,1,0","amgarn,arm_up,-28,-200,-9,1,5,1,1,0","amgarn,arm_low,-17,-159,81,0,4,1,1,0","amgarn,fist,32,-153,129,1,4,1,1,0","amgarn,arm_up,25,-222,58,1,13,1,1,0","amgarn,arm_low,71,-205,96,1,15,1,1,0","amgarn,fist,113,-222,93,0,21,1,1,0","amgarn,leg_up,-38,-93,-21.7,1,5,1,1,0","amgarn,leg_low,-61,-49,-29,0,10,1,1,0","amgarn,foot,-75,-12,-41.6,0,13,1,1,0","amgarn,leg_up,15,-103,41.7,1,12,1,1,0","amgarn,leg_low,37,-59,2.5,0,13,1,1,0","amgarn,foot,36,-15,-31.5,0,15,1,1,0","amgarn,base,103,-287,-177,0,6,1,1,0",,"amgarn,tail,-58,-104,-54,0,6,1,1,0","amgarn,scarf,-29,-200,-8,0,7,1,1,0",,,,,,,,,,,,,,,,,,,,,,,,,,,,,,,,,,,,,,,,,,,,,,,,,,,,,,,,,,,,,,,,,,,,,,,,,,,,,,,,,,,,,,,,,,,,,,,,,,"play_time_mod_0.7",,
"Skill2/3","amgarn,happy,-7,-278,2,0,2,1,1,0","amgarn,neck,-8,-244,2,0,4,1,1,0","amgarn,body,-13,-174,2.5,0,5,1,1,0","amgarn,arm_up,-34,-198,-22,1,5,1,1,0","amgarn,arm_low,-36,-157,69,0,4,1,1,0","amgarn,fist,8,-141,117,1,4,1,1,0","amgarn,arm_up,24,-222,73,1,13,1,1,0","amgarn,arm_low,74,-217,106,1,15,1,1,0","amgarn,fist,110,-239,103,0,21,1,1,0","amgarn,leg_up,-38,-93,-21.7,1,5,1,1,0","amgarn,leg_low,-61,-49,-29,0,10,1,1,0","amgarn,foot,-75,-12,-41.6,0,13,1,1,0","amgarn,leg_up,15,-103,41.7,1,12,1,1,0","amgarn,leg_low,37,-59,2.5,0,13,1,1,0","amgarn,foot,36,-15,-31.5,0,15,1,1,0","amgarn,base,92,-308,-167,0,6,1,1,0",,"amgarn,tail,-58,-102,-51,0,6,1,1,0","amgarn,scarf,-29,-196,-5,0,7,1,1,0",,,,,,,,,,,,,,,,,,,,,,,,,,,,,,,,,,,,,,,,,,,,,,,,,,,,,,,,,,,,,,,,,,,,,,,,,,,,,,,,,,,,,,,,,,,,,,,,,,,,
"Skill2/4","amgarn,happy,-8,-278,4,0,2,1,1,0","amgarn,neck,-8,-244,2,0,4,1,1,0","amgarn,body,-13,-174,2.5,0,5,1,1,0","amgarn,arm_up,-34,-198,-22,1,5,1,1,0","amgarn,arm_low,-36,-157,69,0,4,1,1,0","amgarn,fist,8,-141,117,1,4,1,1,0","amgarn,arm_up,24,-226,81,1,13,1,1,0","amgarn,arm_low,78,-228,116,1,15,1,1,0","amgarn,fist,110,-255,113,0,21,1,1,0","amgarn,leg_up,-38,-93,-21.7,1,5,1,1,0","amgarn,leg_low,-61,-49,-29,0,10,1,1,0","amgarn,foot,-75,-12,-41.6,0,13,1,1,0","amgarn,leg_up,15,-103,41.7,1,12,1,1,0","amgarn,leg_low,37,-59,2.5,0,13,1,1,0","amgarn,foot,36,-15,-31.5,0,15,1,1,0","amgarn,base,80,-320,-157,0,6,1,1,0",,"amgarn,tail,-58,-102,-51,0,6,1,1,0","amgarn,scarf,-29,-196,-5,0,7,1,1,0",,,,,,,,,,,,,,,,,,,,,,,,,,,,,,,,,,,,,,,,,,,,,,,,,,,,,,,,,,,,,,,,,,,,,,,,,,,,,,,,,,,,,,,,,,"movement,lines,-9,-114,0,0,0,1,1,0",,,,,,,,"play_time_mod_1.5",,"meow,2000,0"
"Skill2/5","amgarn,happy,2,-278,-3,0,2,1,1,0","amgarn,neck,-4,-246,-4,0,4,1,1,0","amgarn,body,-11,-174,0.5,0,5,1,1,0","amgarn,arm_up,-28,-200,-9,1,5,1,1,0","amgarn,arm_low,-17,-159,81,0,4,1,1,0","amgarn,fist,32,-153,129,1,4,1,1,0","amgarn,arm_up,25,-222,58,1,13,1,1,0","amgarn,arm_low,71,-205,96,1,15,1,1,0","amgarn,fist,113,-222,93,0,21,1,1,0","amgarn,leg_up,-38,-93,-21.7,1,5,1,1,0","amgarn,leg_low,-61,-49,-29,0,10,1,1,0","amgarn,foot,-75,-12,-41.6,0,13,1,1,0","amgarn,leg_up,15,-103,41.7,1,12,1,1,0","amgarn,leg_low,37,-59,2.5,0,13,1,1,0","amgarn,foot,36,-15,-31.5,0,15,1,1,0","amgarn,base,103,-287,-177,0,6,1,1,0",,"amgarn,tail,-58,-104,-54,0,6,1,1,0","amgarn,scarf,-29,-200,-8,0,7,1,1,0",,,,,,,,,,,,,,,,,,,,,,,,,,,,,,,,,,,,,,,,,,,,,,,,,,,,,,,,,,,,,,,,,,,,,,,,,,,,,,,,,,,,,,,,,,"movement,lines,-9,-194,0,0,0,1,1,0",,,,,,,,,,
"Skill2/6","amgarn,happy,9,-280,-7,0,2,1,1,0","amgarn,neck,-1,-248,-8,0,4,1,1,0","amgarn,body,-6,-174,-2.5,0,5,1,1,0","amgarn,arm_up,-21,-207,-6,1,5,1,1,0","amgarn,arm_low,-5,-169,84,0,4,1,1,0","amgarn,fist,41,-166,134,1,4,1,1,0","amgarn,arm_up,25,-212,38,1,13,1,1,0","amgarn,arm_low,57,-182,94,1,15,1,1,0","amgarn,fist,96,-193,93,0,21,1,1,0","amgarn,leg_up,-36,-96,-19.7,1,5,1,1,0","amgarn,leg_low,-58,-51,-26,0,10,1,1,0","amgarn,foot,-73,-12,-48.6,0,13,1,1,0","amgarn,leg_up,15,-103,41.7,1,12,1,1,0","amgarn,leg_low,37,-59,2.5,0,13,1,1,0","amgarn,foot,36,-15,-31.5,0,15,1,1,0","amgarn,base,100,-264,176,0,6,1,1,0",,"amgarn,tail,-57,-108,-52,0,6,1,1,0","amgarn,scarf,-30,-202,-12,0,7,1,1,0",,,,,,,,,,,,,,,,,,,,,,,,,,,,,,,,,,,,,,,,,,,,,,,,,,,,,,,,,,,,,,,,,,,,,,,,,,,,,,,,,,,,,,,,,,"movement,lines,-9,-274,0,0,0,1,1,0",,,,,,,,,,
"Skill2/7","amgarn,head,15,-280,-14,0,2,1,1,0","amgarn,neck,-1,-248,-11,0,4,1,1,0","amgarn,body,-6,-174,-2.5,0,5,1,1,0","amgarn,arm_up,-10,-207,24,1,5,1,1,0","amgarn,arm_low,25,-169,84,0,4,1,1,0","amgarn,fist,71,-166,134,1,4,1,1,0","amgarn,arm_up,26,-209,34,1,13,1,1,0","amgarn,arm_low,57,-177,56,1,15,1,1,0","amgarn,fist,87,-167,38,0,21,1,1,0","amgarn,leg_up,-35,-96,-19.7,1,5,1,1,0","amgarn,leg_low,-57,-51,-24,0,10,1,1,0","amgarn,foot,-72,-12,-51.6,0,13,1,1,0","amgarn,leg_up,14,-103,39.7,1,12,1,1,0","amgarn,leg_low,34,-59,4.5,0,13,1,1,0","amgarn,foot,36,-15,-31.5,0,15,1,1,0","amgarn,base,95,-251,169,0,6,1,1,0",,"amgarn,tail,-57,-108,-47,0,6,1,1,0","amgarn,scarf,-30,-202,-10,0,7,1,1,0",,,,,,,,,,,,,,,,,,,,,,,,,,,,,,,,,,,,,,,,,,,,,,,,,,,,,,,,,,,,,,,,,,,,,,,,,,,,,,,,,,,,,,,,,,,,,,,,,,,,
"Skill1/0","amgarn,angry,53,-244,-24,0,2,1,1,0","amgarn,neck,30,-226,-25,0,4,1,1,0","amgarn,body,6,-155,-26.5,0,5,1,1,0","amgarn,arm_up,-27,-195,-67,1,5,1,1,0","amgarn,arm_low,-76,-172,-52,0,4,1,1,0","amgarn,fist,-112,-150,-24,1,0,1,1,0","amgarn,arm_up,62,-199,99,1,13,1,1,0","amgarn,arm_low,122,-207,98,1,15,1,1,0","amgarn,fist,169,-215,68,0,4,1,1,0","amgarn,leg_up,-58,-80,-33.7,1,5,1,1,0","amgarn,leg_low,-100,-38,-50,0,10,1,1,0","amgarn,foot,-129,-11,-75.6,0,13,1,1,0","amgarn,leg_up,18,-85,54.7,1,12,1,1,0","amgarn,leg_low,36,-55,-35.5,0,13,1,1,0","amgarn,foot,9,-18,-66.5,0,15,1,1,0","amgarn,base,258,-225,97,0,1,1,1.1,0",,"amgarn,tail,-68,-110,-87,0,6,1,1,0","amgarn,scarf,-23,-195,-55,0,7,1,1,0",,,,,,,,,,,,,,,,,,,,,,,,,,,,,,,,,,,,,,,,,,,,,,,,,,,,,,,,,,,,,,,,,,,,,,,,,,,,,,,,,,,,,,,,,,,,,,,,,,"sprite_deal_damage",,
"Attack4/0","amgarn,head,15,-280,-14,0,2,1,1,0","amgarn,neck,-1,-248,-11,0,4,1,1,0","amgarn,body,-6,-174,-2.5,0,5,1,1,0","amgarn,arm_up,-10,-207,24,1,5,1,1,0","amgarn,arm_low,25,-169,84,0,4,1,1,0","amgarn,fist,71,-166,134,1,4,1,1,0","amgarn,arm_up,26,-209,34,1,13,1,1,0","amgarn,arm_low,57,-177,56,1,15,1,1,0","amgarn,fist,87,-167,38,0,21,1,1,0","amgarn,leg_up,-35,-96,-19.7,1,5,1,1,0","amgarn,leg_low,-57,-51,-24,0,10,1,1,0","amgarn,foot,-72,-12,-51.6,0,13,1,1,0","amgarn,leg_up,14,-103,39.7,1,12,1,1,0","amgarn,leg_low,34,-59,4.5,0,13,1,1,0","amgarn,foot,36,-15,-31.5,0,15,1,1,0","amgarn,base,95,-251,169,0,6,1,1,0",,"amgarn,tail,-57,-108,-47,0,6,1,1,0","amgarn,scarf,-30,-202,-10,0,7,1,1,0",,,,,,,,,,,,,,,,,,,,,,,,,,,,,,,,,,,,,,,,,,,,,,,,,,,,,,,,,,,,,,,,,,,,,,,,,,,,,,,,,,,,,,,,,,,,,,,,,,"play_time_mod_0.5",,
"Attack4/1","amgarn,head,20,-279,-16,0,2,1,1,0","amgarn,neck,4,-247,-11,0,4,1,1,0","amgarn,body,-5,-171,-4.5,0,5,1,1,0","amgarn,arm_up,-4,-204,34,1,5,1,1,0","amgarn,arm_low,37,-172,94,0,4,1,1,0","amgarn,fist,83,-177,144,1,4,1,1,0","amgarn,arm_up,30,-206,42,1,13,1,1,0","amgarn,arm_low,61,-182,64,1,15,1,1,0","amgarn,fist,91,-180,46,0,21,1,1,0","amgarn,leg_up,-37,-96,-22.7,1,5,1,1,0","amgarn,leg_low,-61,-51,-28,0,10,1,1,0","amgarn,foot,-82,-15,-58.6,0,13,1,1,0","amgarn,leg_up,18,-102,40.7,1,12,1,1,0","amgarn,leg_low,38,-59,1.5,0,13,1,1,0","amgarn,foot,37,-15,-35.5,0,15,1,1,0","amgarn,base,91,-262,-180,0,6,1,1,0",,"amgarn,tail,-57,-111,-52,0,6,1,1,0","amgarn,scarf,-25,-202,-10,0,7,1,1,0",,,,,,,,,,,,,,,,,,,,,,,,,,,,,,,,,,,,,,,,,,,,,,,,,,,,,,,,,,,,,,,,,,,,,,,,,,,,,,,,,,,,,,,,,,,,,,,,,,"play_time_mod_0.5",,
"Attack4/2","amgarn,head,26,-273,-13,0,2,1,1,0","amgarn,neck,14,-236,-10,0,4,1,1,0","amgarn,body,-3,-171,-7.5,0,5,1,1,0","amgarn,arm_up,16,-199,56,1,5,1,1,0","amgarn,arm_low,64,-185,116,0,4,1,1,0","amgarn,fist,106,-208,166,1,4,1,1,0","amgarn,arm_up,45,-214,72,1,13,1,1,0","amgarn,arm_low,85,-203,86,1,15,1,1,0","amgarn,fist,114,-213,68,0,21,1,1,0","amgarn,leg_up,-38,-96,-25.7,1,5,1,1,0","amgarn,leg_low,-67,-51,-33,0,10,1,1,0","amgarn,foot,-93,-15,-63.6,0,13,1,1,0","amgarn,leg_up,18,-102,45.7,1,12,1,1,0","amgarn,leg_low,40,-58,-3.5,0,13,1,1,0","amgarn,foot,37,-15,-35.5,0,15,1,1,0","amgarn,base,78,-278,-151,0,6,1,0.9,0",,"amgarn,tail,-58,-108,-59,0,6,1,1,0","amgarn,scarf,-18,-188,-14,0,7,1,1,0",,,,,,,,,,,,,,,,,,,,,,,,,,,,,,,,,,,,,,,,,,,,,,,,,,,,,,,,,,,,,,,,,,,,,,,,,,,,,,,,,,,,,,,,,,,,,,,,,,"play_time_mod_0.5",,
"Attack4/3","amgarn,head,27,-271,-15,0,2,1,1,0","amgarn,neck,14,-236,-10,0,4,1,1,0","amgarn,body,-3,-171,-7.5,0,5,1,1,0","amgarn,arm_up,16,-200,60,1,5,1,1,0","amgarn,arm_low,64,-192,123,0,4,1,1,0","amgarn,fist,100,-223,-178,1,4,1,1,0","amgarn,arm_up,38,-213,70,1,13,1,1,0","amgarn,arm_low,74,-213,136,1,15,1,1,0","amgarn,fist,94,-243,108,0,21,1,1,0","amgarn,leg_up,-39,-96,-26.7,1,5,1,1,0","amgarn,leg_low,-69,-51,-34,0,10,1,1,0","amgarn,foot,-95,-15,-63.6,0,13,1,1,0","amgarn,leg_up,18,-102,45.7,1,12,1,1,0","amgarn,leg_low,40,-58,-3.5,0,13,1,1,0","amgarn,foot,37,-15,-35.5,0,15,1,1,0","amgarn,base,41,-278,-128,0,6,0.9,0.9,0",,"amgarn,tail,-59,-108,-62,0,6,1,1,0","amgarn,scarf,-21,-188,-16,0,7,1,1,0",,,,,,,,,,,,,,,,,,,,,,,,,,,,,,,,,,,,,,,,,,,,,,,,,,,,,,,,,,,,,,,,,,,,,,,,,,,,,,,,,,,,,,,,,,,,,,,,,,"play_time_mod_0.75",,
"Attack4/4","amgarn,angry,29,-271,-17,0,2,1,1,0","amgarn,neck,14,-236,-10,0,4,1,1,0","amgarn,body,-3,-171,-7.5,0,5,1,1,0","amgarn,arm_up,10,-196,32,1,5,1,1,0","amgarn,arm_low,40,-179,130,0,4,1,1,0","amgarn,fist,69,-209,-180,1,4,1,1,0","amgarn,arm_up,20,-199,58,1,13,1,1,0","amgarn,arm_low,47,-190,132,1,15,1,1,0","amgarn,fist,70,-222,105,0,21,1,1,0","amgarn,leg_up,-40,-96,-27.7,1,5,1,1,0","amgarn,leg_low,-70,-51,-36,0,10,1,1,0","amgarn,foot,-97,-15,-65.6,0,13,1,1,0","amgarn,leg_up,18,-102,45.7,1,12,1,1,0","amgarn,leg_low,40,-58,-3.5,0,13,1,1,0","amgarn,foot,37,-15,-35.5,0,15,1,1,0","amgarn,base,-8,-226,-100,0,6,0.8,0.9,0",,"amgarn,tail,-59,-110,-65,0,6,1,1,0","amgarn,scarf,-22,-188,-19,0,7,1,1,0",,,,,,,,,,,,,,,,,,,,,,,,,,,,,,,,,,,,,,,,,,,,,,,,,,,,,,,,,,,,,,,,,,,,,,,,,,,,,,,,,,,,,,,,,,,,,,,,,,,,
"Attack4/5","amgarn,angry,42,-264,-21,0,2,1,1,0","amgarn,neck,24,-236,-16,0,4,1,1,0","amgarn,body,1,-171,-16.5,0,5,1,1,0","amgarn,arm_up,21,-199,55,1,5,1,1,0","amgarn,arm_low,65,-186,126,0,4,1,1,0","amgarn,fist,99,-214,-175,1,4,1,1,0","amgarn,arm_up,35,-198,64,1,13,1,1,0","amgarn,arm_low,74,-186,108,1,15,1,1,0","amgarn,fist,105,-204,101,0,21,1,1,0","amgarn,leg_up,-41,-96,-28.7,1,5,1,1,0","amgarn,leg_low,-72,-51,-34,0,10,1,1,0","amgarn,foot,-97,-15,-65.6,0,13,1,1,0","amgarn,leg_up,24,-100,47.7,1,12,1,1,0","amgarn,leg_low,43,-58,-9.5,0,13,1,1,0","amgarn,foot,37,-15,-35.5,0,15,1,1,0","amgarn,swing,41,-227,-106,1,6,0.8,0.8,0",,"amgarn,tail,-59,-114,-69,0,6,1,1,0","amgarn,scarf,-22,-194,-37,0,7,1,1,0",,,,,,,,,,,,,,,,,,,,,,,,,,,,,,,,,,,,,,,,,,,,,,,,,,,,,,,,,,,,,,,,,,,,,,,,,,,,,,,,,,,,,,,,,,,,,,,,,,"sprite_deal_damage",,
"Attack4/6","amgarn,angry,48,-259,-16,0,2,1,1,0","amgarn,neck,26,-234,-20,0,4,1,1,0","amgarn,body,2,-171,-18.5,0,5,1,1,0","amgarn,arm_up,26,-209,79,1,5,1,1,0","amgarn,arm_low,80,-205,105,0,4,1,1,0","amgarn,fist,123,-210,138,1,4,1,1,0","amgarn,arm_up,39,-215,68,1,13,1,1,0","amgarn,arm_low,84,-206,109,1,15,1,1,0","amgarn,fist,117,-211,65,0,21,1,1,0","amgarn,leg_up,-41,-96,-28.7,1,5,1,1,0","amgarn,leg_low,-72,-51,-34,0,10,1,1,0","amgarn,foot,-97,-15,-65.6,0,13,1,1,0","amgarn,leg_up,24,-100,47.7,1,12,1,1,0","amgarn,leg_low,43,-58,-9.5,0,13,1,1,0","amgarn,foot,37,-15,-35.5,0,15,1,1,0","amgarn,swing,98,-240,-143,1,6,0.7,0.5,0",,"amgarn,tail,-59,-116,-74,0,6,1,1,0","amgarn,scarf,-22,-197,-41,0,7,1,1,0",,,,,,,,,,,,,,,,,,,,,,,,,,,,,,,,,,,,,,,,,,,,,,,,,,,,,,,,,,,,,,,,,,,,,,,,,,,,,,,,,,,,,,,,,,,,,,,,,,"sprite_deal_damage,play_time_mod_0.5",,"swing_flat,2500,0"
"Attack4/7","amgarn,angry,61,-247,-12,0,2,1,1,0","amgarn,neck,37,-227,-24,0,4,1,1,0","amgarn,body,9,-171,-22.5,0,5,1,1,0","amgarn,arm_up,45,-205,82,1,5,1,1,0","amgarn,arm_low,107,-197,88,0,4,1,1,0","amgarn,fist,143,-198,134,1,4,1,1,0","amgarn,arm_up,59,-203,84,1,13,1,1,0","amgarn,arm_low,105,-201,90,1,15,1,1,0","amgarn,fist,148,-205,68,0,21,1,1,0","amgarn,leg_up,-41,-96,-28.7,1,5,1,1,0","amgarn,leg_low,-72,-51,-34,0,10,1,1,0","amgarn,foot,-97,-15,-65.6,0,13,1,1,0","amgarn,leg_up,24,-100,47.7,1,12,1,1,0","amgarn,leg_low,43,-58,-9.5,0,13,1,1,0","amgarn,foot,37,-15,-35.5,0,15,1,1,0","amgarn,swing,221,-205,93,1,6,0.7,1,0",,"amgarn,tail,-59,-114,-69,0,6,1,1,0","amgarn,scarf,-21,-193,-56,0,7,1,1,0",,,,,,,,,,,,,,,,,,,,,,,,,,,,,,,,,,,,,,,,,,,,,,,,,,,,,,,,,,,,,,,,,,,,,,,,,,,,,,,,,,,,,,,,,,,,,,,,,,"play_time_mod_0.1,sprite_deal_damage",,
"Attack4/8","amgarn,angry,61,-246,-15,0,2,1,1,0","amgarn,neck,37,-227,-24,0,4,1,1,0","amgarn,body,9,-171,-22.5,0,5,1,1,0","amgarn,arm_up,37,-203,82,1,2,1,1,0","amgarn,arm_low,65,-197,88,0,1,1,1,0","amgarn,fist,91,-195,124,1,1,1,1,0","amgarn,arm_up,59,-203,84,1,13,1,1,0","amgarn,arm_low,105,-201,90,1,15,1,1,0","amgarn,fist,128,-195,68,0,21,1,1,0","amgarn,leg_up,-44,-94,-30.7,1,5,1,1,0","amgarn,leg_low,-78,-50,-36,0,10,1,1,0","amgarn,foot,-105,-16,-68.6,0,13,1,1,0","amgarn,leg_up,24,-100,49.7,1,12,1,1,0","amgarn,leg_low,45,-57,-13.5,0,13,1,1,0","amgarn,foot,37,-15,-35.5,0,15,1,1,0","amgarn,swing,171,-194,89,1,6,0.8,1.1,0",,"amgarn,tail,-59,-116,-74,0,6,1,1,0","amgarn,scarf,-18,-199,-66,0,7,1,1,0",,,,,,,,,,,,,,,,,,,,,,,,,,,,,,,,,,,,,,,,,,,,,,,,,,,,,,,,,,,,,,,,,,,,,,,,,,,,,,,,,,,,,,,,,,,,,,,,,,"sprite_deal_damage,play_time_mod_0.1",,
"Attack4/9","amgarn,angry,56,-246,-13,0,2,1,1,0","amgarn,neck,36,-224,-27,0,3,1,1,0","amgarn,body,9,-171,-22.5,0,5,1,1,0","amgarn,arm_up,36,-203,82,1,2,1,1,0","amgarn,arm_low,34,-200,88,0,1,1,1,0","amgarn,fist,48,-201,107,1,0,1,1,0","amgarn,arm_up,58,-203,84,1,13,1,1,0","amgarn,arm_low,104,-201,90,1,15,1,1,0","amgarn,fist,127,-195,68,0,21,1,1,0","amgarn,leg_up,-44,-94,-30.7,1,5,1,1,0","amgarn,leg_low,-78,-50,-36,0,10,1,1,0","amgarn,foot,-105,-16,-68.6,0,13,1,1,0","amgarn,leg_up,24,-100,49.7,1,12,1,1,0","amgarn,leg_low,45,-57,-13.5,0,13,1,1,0","amgarn,foot,37,-15,-35.5,0,15,1,1,0","amgarn,swing,138,-194,88,1,1,0.8,1.2,0",,"amgarn,tail,-59,-116,-74,0,6,1,1,0","amgarn,scarf,-18,-201,-74,0,7,1,1,0",,,,,,,,,,,,,,,,,,,,,,,,,,,,,,,,,,,,,,,,,,,,,,,,,,,,,,,,,,,,,,,,,,,,,,,,,,,,,,,,,,,,,,,,,,,,,,,,,,"sprite_deal_damage,play_time_mod_0.1",,
"Attack4/10","amgarn,angry,61,-242,-20,0,2,1,1,0","amgarn,neck,38,-224,-33,0,3,1,1,0","amgarn,body,9,-171,-22.5,0,5,1,1,0","amgarn,arm_up,15,-199,-6,1,4,1,1,0","amgarn,arm_low,0,-197,-18,0,3,1,1,0","amgarn,fist,-8,-184,-65,0,0,1,1,0","amgarn,arm_up,41,-179,-16,1,13,1,1,0","amgarn,arm_low,35,-176,22,1,15,1,1,0","amgarn,fist,25,-154,-50,0,21,1,1,0","amgarn,leg_up,-46,-94,-30.7,1,5,1,1,0","amgarn,leg_low,-80,-50,-39,0,10,1,1,0","amgarn,foot,-108,-16,-68.6,0,13,1,1,0","amgarn,leg_up,26,-98,52.7,1,12,1,1,0","amgarn,leg_low,47,-57,-16.5,0,13,1,1,0","amgarn,foot,37,-15,-35.5,0,15,1,1,0","amgarn,swing,61,-178,85,1,1,1.2,0.8,0",,"amgarn,tail,-59,-122,-77,0,6,1,1,0","amgarn,scarf,-18,-205,-78,0,7,1,1,0",,,,,,,,,,,,,,,,,,,,,,,,,,,,,,,,,,,,,,,,,,,,,,,,,,,,,,,,,,,,,,,,,,,,,,,,,,,,,,,,,,,,,,,,,,,,,,,,,,"play_time_mod_0.1,sprite_deal_damage",,
"Attack4/11","amgarn,angry,61,-242,-22,0,2,1,1,0","amgarn,neck,36,-226,-31,0,4,1,1,0","amgarn,body,9,-170,-22.5,0,6,1,1,0","amgarn,arm_up,0,-192,-46,1,4,1,0.9,0","amgarn,arm_low,-5,-188,-21,0,3,1,1,0","amgarn,fist,-9,-182,-68,0,0,1,1,0","amgarn,arm_up,43,-179,-36,1,13,1,1,0","amgarn,arm_low,26,-186,22,1,15,1,1,0","amgarn,fist,27,-184,-150,0,2,1,1,0","amgarn,leg_up,-47,-94,-32.7,1,6,1,1,0","amgarn,leg_low,-84,-50,-39,0,11,1,1,0","amgarn,foot,-112,-16,-68.6,0,14,1,1,0","amgarn,leg_up,29,-97,52.7,1,13,1,1,0","amgarn,leg_low,48,-57,-18.5,0,14,1,1,0","amgarn,foot,37,-15,-35.5,0,16,1,1,0","amgarn,swing,-87,-188,-94,1,1,0.9,1,0",,"amgarn,tail,-61,-124,-89,0,7,1,1,0","amgarn,scarf,-18,-210,-81,0,8,1,1,0",,,,,,,,,,,,,,,,,,,,,,,,,,,,,,,,,,,,,,,,,,,,,,,,,,,,,,,,,,,,,,,,,,,,,,,,,,,,,,,,,,,,,,,,,,,,,,,,,,"play_time_mod_0.5",,
"Attack4/12","amgarn,angry,61,-242,-21,0,2,1,1,0","amgarn,neck,36,-226,-31,0,4,1,1,0","amgarn,body,9,-170,-22.5,0,6,1,1,0","amgarn,arm_up,0,-192,-46,1,4,1,0.9,0","amgarn,arm_low,-12,-185,-35,0,3,1,1,0","amgarn,fist,-20,-179,-82,0,0,1,1,0","amgarn,arm_up,42,-181,-39,1,13,1,1,0","amgarn,arm_low,22,-183,22,1,15,1,1,0","amgarn,fist,23,-181,-150,0,2,1,1,0","amgarn,leg_up,-47,-94,-32.7,1,6,1,1,0","amgarn,leg_low,-84,-50,-39,0,11,1,1,0","amgarn,foot,-112,-16,-68.6,0,14,1,1,0","amgarn,leg_up,29,-97,52.7,1,13,1,1,0","amgarn,leg_low,48,-57,-18.5,0,14,1,1,0","amgarn,foot,37,-15,-35.5,0,16,1,1,0","amgarn,base,-96,-188,-94,1,1,0.9,1,0",,"amgarn,tail,-61,-124,-87,0,7,1,1,0","amgarn,scarf,-18,-208,-81,0,8,1,1,0",,,,,,,,,,,,,,,,,,,,,,,,,,,,,,,,,,,,,,,,,,,,,,,,,,,,,,,,,,,,,,,,,,,,,,,,,,,,,,,,,,,,,,,,,,,,,,,,,,,,
"Attack4/13","amgarn,angry,59,-236,-25,0,2,1,1,0","amgarn,neck,36,-226,-31,0,4,1,1,0","amgarn,body,9,-168,-23.5,0,6,1,1,0","amgarn,arm_up,-6,-201,-53,1,5,1,1,0","amgarn,arm_low,-42,-183,-55,0,3,1,1,0","amgarn,fist,-50,-181,-102,0,0,1,1,0","amgarn,arm_up,33,-178,-56,1,4,1,1,0","amgarn,arm_low,-12,-163,72,1,4,1,1,0","amgarn,fist,-34,-171,-170,0,4,1,1,0","amgarn,leg_up,-49,-94,-33.7,1,6,1,1,0","amgarn,leg_low,-87,-50,-40,0,11,1,1,0","amgarn,foot,-116,-16,-68.6,0,14,1,1,0","amgarn,leg_up,29,-96,54.7,1,13,1,1,0","amgarn,leg_low,49,-57,-20.5,0,14,1,1,0","amgarn,foot,37,-15,-32.5,0,16,1,1,0","amgarn,base,-125,-188,-94,1,1,1,1,0",,"amgarn,tail,-58,-122,-89,0,7,1,1,0","amgarn,scarf,-18,-208,-70,0,8,1,1,0",,,,,,,,,,,,,,,,,,,,,,,,,,,,,,,,,,,,,,,,,,,,,,,,,,,,,,,,,,,,,,,,,,,,,,,,,,,,,,,,,,,,,,,,,,,,,,,,,,,,
"Attack4/14","amgarn,angry,44,-256,-13,0,3,1,1,0","amgarn,neck,26,-232,-26,0,4,1,1,0","amgarn,body,4,-169,-18.5,0,6,1,1,0","amgarn,arm_up,-21,-202,-48,1,5,1,1,0","amgarn,arm_low,-34,-180,-72,0,4,1,1,0","amgarn,fist,3,-180,61,0,3,1,1,0","amgarn,arm_up,48,-184,9,1,4,1,1,0","amgarn,arm_low,39,-158,67,1,4,1,1,0","amgarn,fist,0,-172,-160,0,4,1,1,0","amgarn,leg_up,-38,-94,-20.7,1,6,1,1,0","amgarn,leg_low,-67,-50,-40,0,11,1,1,0","amgarn,foot,-94,-16,-63.6,0,14,1,1,0","amgarn,leg_up,26,-101,50.7,1,13,1,1,0","amgarn,leg_low,44,-57,-12.5,0,14,1,1,0","amgarn,foot,37,-15,-32.5,0,16,1,1,0","amgarn,base,-16,-260,-169,1,4,1,1,0",,"amgarn,tail,-61,-116,-77,0,7,1,1,0","amgarn,scarf,-23,-202,-64,0,8,1,1,0",,,,,,,,,,,,,,,,,,,,,,,,,,,,,,,,,,,,,,,,,,,,,,,,,,,,,,,,,,,,,,,,,,,,,,,,,,,,,,,,,,,,,,,,,,,,,,,,,,"play_time_mod_0.5",,
"Attack4/15","amgarn,angry,31,-266,-13,0,3,1,1,0","amgarn,neck,13,-238,-21,0,4,1,1,0","amgarn,body,0,-171,-13.5,0,6,1,1,0","amgarn,arm_up,-21,-202,-28,1,5,1,1,0","amgarn,arm_low,-18,-178,-77,0,4,1,1,0","amgarn,fist,35,-184,61,0,1,1,1,0","amgarn,arm_up,61,-187,25,1,7,1,1,0","amgarn,arm_low,60,-157,97,1,4,1,1,0","amgarn,fist,32,-162,-150,0,3,1,1,0","amgarn,leg_up,-36,-94,-17.7,1,6,1,1,0","amgarn,leg_low,-61,-46,-32,0,11,1,1,0","amgarn,foot,-80,-14,-63.6,0,14,1,1,0","amgarn,leg_up,23,-101,44.7,1,13,1,1,0","amgarn,leg_low,41,-57,-2.5,0,14,1,1,0","amgarn,foot,37,-15,-35.5,0,16,1,1,0","amgarn,base,26,-260,-172,1,3,1,1,0",,"amgarn,tail,-61,-108,-67,0,7,1,1,0","amgarn,scarf,-19,-204,-25,0,8,1,1,0",,,,,,,,,,,,,,,,,,,,,,,,,,,,,,,,,,,,,,,,,,,,,,,,,,,,,,,,,,,,,,,,,,,,,,,,,,,,,,,,,,,,,,,,,,,,,,,,,,"play_time_mod_0.2",,
"Attack4/16","amgarn,head,15,-280,-14,0,2,1,1,0","amgarn,neck,-1,-248,-11,0,4,1,1,0","amgarn,body,-6,-174,-2.5,0,5,1,1,0","amgarn,arm_up,-10,-207,24,1,5,1,1,0","amgarn,arm_low,25,-169,84,0,4,1,1,0","amgarn,fist,71,-166,134,1,4,1,1,0","amgarn,arm_up,26,-209,34,1,13,1,1,0","amgarn,arm_low,57,-177,56,1,15,1,1,0","amgarn,fist,87,-167,38,0,21,1,1,0","amgarn,leg_up,-35,-96,-19.7,1,5,1,1,0","amgarn,leg_low,-57,-51,-24,0,10,1,1,0","amgarn,foot,-72,-12,-51.6,0,13,1,1,0","amgarn,leg_up,14,-103,39.7,1,12,1,1,0","amgarn,leg_low,34,-59,4.5,0,13,1,1,0","amgarn,foot,36,-15,-31.5,0,15,1,1,0","amgarn,base,95,-251,169,0,6,1,1,0",,"amgarn,tail,-57,-108,-47,0,6,1,1,0","amgarn,scarf,-30,-202,-10,0,7,1,1,0",,,,,,,,,,,,,,,,,,,,,,,,,,,,,,,,,,,,,,,,,,,,,,,,,,,,,,,,,,,,,,,,,,,,,,,,,,,,,,,,,,,,,,,,,,,,,,,,,,"play_time_mod_0.2",,
"Attack5/0","amgarn,head,15,-280,-14,0,2,1,1,0","amgarn,neck,-1,-248,-11,0,4,1,1,0","amgarn,body,-6,-174,-2.5,0,5,1,1,0","amgarn,arm_up,-10,-207,24,1,5,1,1,0","amgarn,arm_low,25,-169,84,0,4,1,1,0","amgarn,fist,71,-166,134,1,4,1,1,0","amgarn,arm_up,26,-209,34,1,13,1,1,0","amgarn,arm_low,57,-177,56,1,15,1,1,0","amgarn,fist,87,-167,38,0,21,1,1,0","amgarn,leg_up,-35,-96,-19.7,1,5,1,1,0","amgarn,leg_low,-57,-51,-24,0,10,1,1,0","amgarn,foot,-72,-12,-51.6,0,13,1,1,0","amgarn,leg_up,14,-103,39.7,1,12,1,1,0","amgarn,leg_low,34,-59,4.5,0,13,1,1,0","amgarn,foot,36,-15,-31.5,0,15,1,1,0","amgarn,base,95,-251,169,0,6,1,1,0",,"amgarn,tail,-57,-108,-47,0,6,1,1,0","amgarn,scarf,-30,-202,-10,0,7,1,1,0",,,,,,,,,,,,,,,,,,,,,,,,,,,,,,,,,,,,,,,,,,,,,,,,,,,,,,,,,,,,,,,,,,,,,,,,,,,,,,,,,,,,,,,,,,,,,,,,,,"play_time_mod_0.5",,
"Attack5/1","amgarn,head,18,-276,-18,0,2,1,1,0","amgarn,neck,-1,-248,-11,0,4,1,1,0","amgarn,body,-6,-170,-3.5,0,5,1,1,0","amgarn,arm_up,-10,-205,21,1,5,1,1,0","amgarn,arm_low,25,-164,81,0,4,1,1,0","amgarn,fist,71,-158,131,1,4,1,1,0","amgarn,arm_up,24,-202,32,1,13,1,1,0","amgarn,arm_low,55,-168,54,1,15,1,1,0","amgarn,fist,85,-156,36,0,21,1,1,0","amgarn,leg_up,-36,-96,-20.7,1,5,1,1,0","amgarn,leg_low,-58,-51,-24,0,10,1,1,0","amgarn,foot,-74,-12,-51.6,0,13,1,1,0","amgarn,leg_up,14,-101,42.7,1,12,1,1,0","amgarn,leg_low,37,-59,10.5,0,13,1,1,0","amgarn,foot,40,-15,-31.5,0,15,1,1,0","amgarn,base,83,-235,174,0,6,1,1,0",,"amgarn,tail,-59,-108,-49,0,6,1,1,0","amgarn,scarf,-28,-202,-9,0,7,1,1,0",,,,,,,,,,,,,,,,,,,,,,,,,,,,,,,,,,,,,,,,,,,,,,,,,,,,,,,,,,,,,,,,,,,,,,,,,,,,,,,,,,,,,,,,,,,,,,,,,,"play_time_mod_0.5",,
"Attack5/2","amgarn,head,19,-274,-21,0,6,1,1,0","amgarn,neck,-1,-248,-11,0,8,1,1,0","amgarn,body,-6,-170,-3.5,0,9,1,1,0","amgarn,arm_up,-19,-208,-1,1,9,1,1,0","amgarn,arm_low,-3,-163,68,0,8,1,1,0","amgarn,fist,36,-148,112,1,5,1,1,0","amgarn,arm_up,24,-202,32,1,17,1,1,0","amgarn,arm_low,45,-157,-6,1,19,1,1,0","amgarn,fist,35,-146,-44,0,25,1,1,0","amgarn,leg_up,-37,-96,-20.7,1,9,1,1,0","amgarn,leg_low,-61,-51,-26,0,14,1,1,0","amgarn,foot,-79,-12,-54.6,0,17,1,1,0","amgarn,leg_up,14,-101,44.7,1,16,1,1,0","amgarn,leg_low,38,-59,10.5,0,17,1,1,0","amgarn,foot,41,-15,-34.5,0,19,1,1,0","amgarn,base,32,-228,178,0,6,1,1,0",,"amgarn,tail,-60,-108,-52,0,10,1,1,0","amgarn,scarf,-30,-202,-9,0,11,1,1,0",,,,,,,,,,,,,,,,,,,,,,,,,,,,,,,,,,,,,,,,,,,,,,,,,,,,,,,,,,,,,,,,,,,,,,,,,,,,,,,,,,,,,,,,,,,,,,,,,,"play_time_mod_0.5",,
"Attack5/3","amgarn,head,18,-272,-23,0,6,1,1,0","amgarn,neck,-1,-248,-11,0,8,1,1,0","amgarn,body,-6,-170,-3.5,0,9,1,1,0","amgarn,arm_up,-29,-198,-31,1,9,1,1,0","amgarn,arm_low,-33,-160,65,0,8,1,1,0","amgarn,fist,6,-147,139,1,5,1,1,0","amgarn,arm_up,24,-202,32,1,17,1,1,0","amgarn,arm_low,33,-155,-36,1,8,1,1,0","amgarn,fist,18,-136,-76,0,5,1,1,0","amgarn,leg_up,-38,-96,-26.7,1,9,1,1,0","amgarn,leg_low,-66,-51,-32,0,14,1,1,0","amgarn,foot,-89,-12,-58.6,0,17,1,1,0","amgarn,leg_up,14,-101,46.7,1,16,1,1,0","amgarn,leg_low,40,-59,7.5,0,17,1,1,0","amgarn,foot,41,-15,-36.5,0,19,1,1,0","amgarn,base,-38,-208,-140,0,6,1,1,0",,"amgarn,tail,-64,-108,-58,0,10,1,1,0","amgarn,scarf,-30,-202,-9,0,11,1,1,0",,,,,,,,,,,,,,,,,,,,,,,,,,,,,,,,,,,,,,,,,,,,,,,,,,,,,,,,,,,,,,,,,,,,,,,,,,,,,,,,,,,,,,,,,,,,,,,,,,"play_time_mod_0.75",,
"Attack5/4","amgarn,head,22,-271,-15,0,6,1,1,0","amgarn,neck,8,-243,-19,0,8,1,1,0","amgarn,body,-1,-167,-8.5,0,9,1,1,0","amgarn,arm_up,-31,-205,-33,1,9,1,1,0","amgarn,arm_low,-46,-175,-18,0,8,1,1,0","amgarn,fist,-46,-170,-49,0,5,1,1,0","amgarn,arm_up,31,-209,-23,1,9,0.7,0.6,0","amgarn,arm_low,7,-186,-62,1,8,1,1,0","amgarn,fist,-17,-164,-66,0,5,1,1,0","amgarn,leg_up,-42,-96,-29.7,1,9,1,1,0","amgarn,leg_low,-73,-51,-32,0,14,1,1,0","amgarn,foot,-99,-12,-58.6,0,17,1,1,0","amgarn,leg_up,17,-101,46.7,1,16,1,1,0","amgarn,leg_low,41,-59,3.5,0,17,1,1,0","amgarn,foot,41,-15,-36.5,0,19,1,1,0","amgarn,base,-122,-158,-86,0,6,0.8,1,0",,"amgarn,tail,-64,-104,-63,0,10,1,1,0","amgarn,scarf,-29,-201,-15,0,11,1,1,0",,,,,,,,,,,,,,,,,,,,,,,,,,,,,,,,,,,,,,,,,,,,,,,,,,,,,,,,,,,,,,,,,,,,,,,,,,,,,,,,,,,,,,,,,,,,,,,,,,"play_time_mod_1.25",,
"Attack5/5","amgarn,angry,23,-270,-19,0,6,1,1,0","amgarn,neck,8,-243,-19,0,8,1,1,0","amgarn,body,-1,-167,-8.5,0,9,1,1,0","amgarn,arm_up,-16,-202,2,1,9,1,1,0","amgarn,arm_low,-16,-185,22,0,8,1,1,0","amgarn,fist,-6,-170,-29,0,5,1,1,0","amgarn,arm_up,41,-211,-13,1,9,0.7,0.6,0","amgarn,arm_low,21,-184,-52,1,8,1,1,0","amgarn,fist,13,-166,-54,0,5,1,1,0","amgarn,leg_up,-43,-96,-30.7,1,9,1,1,0","amgarn,leg_low,-76,-51,-32,0,14,1,1,0","amgarn,foot,-102,-12,-63.6,0,17,1,1,0","amgarn,leg_up,17,-101,46.7,1,16,1,1,0","amgarn,leg_low,41,-59,3.5,0,17,1,1,0","amgarn,foot,41,-15,-36.5,0,19,1,1,0","amgarn,swing,-80,-158,-84,0,6,0.7,1.1,0",,"amgarn,tail,-64,-106,-71,0,10,1,1,0","amgarn,scarf,-30,-205,-21,0,11,1,1,0",,,,,,,,,,,,,,,,,,,,,,,,,,,,,,,,,,,,,,,,,,,,,,,,,,,,,,,,,,,,,,,,,,,,,,,,,,,,,,,,,,,,,,,,,,,,,,,,,,"sprite_deal_damage",,"swing_flat,2500,0"
"Attack5/6","amgarn,angry,28,-273,-16,0,6,1,1,0","amgarn,neck,18,-241,-15,0,8,1,1,0","amgarn,body,1,-171,-6.5,0,9,1,1,0","amgarn,arm_up,-5,-195,14,1,9,1,1,0","amgarn,arm_low,9,-176,32,0,8,1,1,0","amgarn,fist,14,-160,-19,0,5,1,1,0","amgarn,arm_up,48,-211,-3,1,9,0.7,0.6,0","amgarn,arm_low,41,-189,-32,1,8,1,1,0","amgarn,fist,41,-170,-34,0,5,1,1,0","amgarn,leg_up,-39,-96,-31.7,1,9,1,1,0","amgarn,leg_low,-74,-53,-36,0,14,1,1,0","amgarn,foot,-101,-17,-65.6,0,17,1,1,0","amgarn,leg_up,19,-105,45.7,1,16,1,1,0","amgarn,leg_low,41,-59,3.5,0,17,1,1,0","amgarn,foot,41,-15,-36.5,0,19,1,1,0","amgarn,swing,-42,-148,-77,0,6,1,0.8,0",,"amgarn,tail,-64,-106,-65,0,10,1,1,0","amgarn,scarf,-22,-213,-55,0,11,1,1,0",,,,,,,,,,,,,,,,,,,,,,,,,,,,,,,,,,,,,,,,,,,,,,,,,,,,,,,,,,,,,,,,,,,,,,,,,,,,,,,,,,,,,,,,,,,,,,,,,,"sprite_deal_damage,play_time_mod_0.5",,
"Attack5/7","amgarn,angry,28,-273,-8,0,6,1,1,0","amgarn,neck,18,-241,-11,0,8,1,1,0","amgarn,body,1,-173,-1.5,0,9,1,1,0","amgarn,arm_up,6,-192,34,1,9,1,1,0","amgarn,arm_low,26,-178,52,0,8,1,1,0","amgarn,fist,46,-160,1,0,5,1,1,0","amgarn,arm_up,47,-211,24,1,11,0.7,0.6,0","amgarn,arm_low,47,-186,-30,1,8,1,1,0","amgarn,fist,30,-159,-64,0,7,1,1,0","amgarn,leg_up,-32,-96,-29.7,1,9,1,1,0","amgarn,leg_low,-68,-44,-38,0,14,1,1,0","amgarn,foot,-92,-14,-66.6,0,17,1,1,0","amgarn,leg_up,26,-102,45.7,1,16,1,1,0","amgarn,leg_low,46,-57,-7.5,0,17,1,1,0","amgarn,foot,41,-15,-36.5,0,19,1,1,0","amgarn,swing,107,-163,93,0,6,1.2,0.8,0",,"amgarn,tail,-64,-108,-59,0,10,1,1,0","amgarn,scarf,-20,-213,-61,0,11,1,1,0",,,,,,,,,,,,,,,,,,,,,,,,,,,,,,,,,,,,,,,,,,,,,,,,,,,,,,,,,,,,,,,,,,,,,,,,,,,,,,,,,,,,,,,,,,,,,,,,,,"sprite_deal_damage,play_time_mod_0.1",,
"Attack5/8","amgarn,angry,13,-273,-3,0,6,1,1,0","amgarn,neck,6,-241,0,0,8,1,1,0","amgarn,body,0,-175,4.5,0,9,1,1,0","amgarn,arm_up,13,-205,80,1,9,1,1,0","amgarn,arm_low,64,-197,90,0,8,1,1,0","amgarn,fist,94,-199,89,0,5,1,1,0","amgarn,arm_up,53,-225,77,1,14,0.8,1,0","amgarn,arm_low,68,-222,71,1,13,1,1,0","amgarn,fist,102,-209,18,0,5,1,1,0","amgarn,leg_up,-24,-96,-22.7,1,9,1,1,0","amgarn,leg_low,-59,-46,-45,0,14,1,1,0","amgarn,foot,-86,-17,-66.6,0,17,1,1,0","amgarn,leg_up,31,-102,41.7,1,16,1,1,0","amgarn,leg_low,49,-57,-9.5,0,17,1,1,0","amgarn,foot,41,-15,-40.5,0,19,1,1,0","amgarn,swing,187,-211,92,0,6,1,1.1,0",,"amgarn,tail,-63,-111,-74,1,10,1,1,0","amgarn,scarf,-23,-225,-80,0,11,1,1,0",,,,,,,,,,,,,,,,,,,,,,,,,,,,,,,,,,,,,,,,,,,,,,,,,,,,,,,,,,,,,,,,,,,,,,,,,,,,,,,,,,,,,,,,,,,,,,,,,,"play_time_mod_0.1,sprite_deal_damage",,
"Attack5/9","amgarn,angry,0,-273,-7,0,6,1,1,0","amgarn,neck,-9,-239,10,0,8,1,1,0","amgarn,body,-2,-175,11.5,0,9,1,1,0","amgarn,arm_up,8,-226,100,1,9,1,1,0","amgarn,arm_low,58,-237,117,0,8,1,1,0","amgarn,fist,96,-255,90,0,5,1,1,0","amgarn,arm_up,5,-257,105,1,14,0.8,1,0","amgarn,arm_low,53,-263,81,1,13,1,1,0","amgarn,fist,82,-272,76,0,5,1,1,0","amgarn,leg_up,-23,-94,-21.7,1,9,1,1,0","amgarn,leg_low,-51,-43,-35,0,14,1,1,0","amgarn,foot,-71,-15,-56.6,0,17,1,1,0","amgarn,leg_up,36,-102,39.7,1,16,1,1,0","amgarn,leg_low,51,-57,-13.5,0,17,1,1,0","amgarn,foot,41,-15,-40.5,0,19,1,1,0","amgarn,swing,167,-308,123,0,6,1,1.1,0",,"amgarn,tail,-63,-119,-87,1,10,1,1,0","amgarn,scarf,-23,-237,-90,0,11,1,1,0",,,,,,,,,,,,,,,,,,,,,,,,,,,,,,,,,,,,,,,,,,,,,,,,,,,,,,,,,,,,,,,,,,,,,,,,,,,,,,,,,,,,,,,,,,,,,,,,,,"play_time_mod_0.1,sprite_deal_damage",,
"Attack5/10","amgarn,angry,-2,-273,-4,0,6,1,1,0","amgarn,neck,-9,-239,16,0,8,1,1,0","amgarn,body,-3,-175,12.5,0,9,1,1,0","amgarn,arm_up,3,-221,80,1,9,1,1,0","amgarn,arm_low,49,-225,134,0,8,1,1,0","amgarn,fist,79,-253,96,0,5,1,1,0","amgarn,arm_up,5,-257,105,1,14,0.8,1,0","amgarn,arm_low,53,-263,81,1,13,1,1,0","amgarn,fist,87,-277,76,0,8,1,1,0","amgarn,leg_up,-24,-92,-21.7,1,9,1,1,0","amgarn,leg_low,-52,-41,-35,0,14,1,1,0","amgarn,foot,-72,-13,-56.6,0,17,1,1,0","amgarn,leg_up,36,-102,40.7,1,16,1,1,0","amgarn,leg_low,51,-57,-12.5,0,17,1,1,0","amgarn,foot,41,-15,-40.5,0,19,1,1,0","amgarn,swing,47,-346,-158,0,8,1,1.1,0",,"amgarn,tail,-63,-123,-90,1,10,1,1,0","amgarn,scarf,-30,-229,-83,0,11,1,1,0",,,,,,,,,,,,,,,,,,,,,,,,,,,,,,,,,,,,,,,,,,,,,,,,,,,,,,,,,,,,,,,,,,,,,,,,,,,,,,,,,,,,,,,,,,,,,,,,,,"sprite_deal_damage,play_time_mod_0.1",,
"Attack5/11","amgarn,angry,-2,-264,-6,0,6,1,1,0","amgarn,neck,-9,-239,16,0,8,1,1,0","amgarn,body,-3,-170,12.5,0,9,1,1,0","amgarn,arm_up,3,-211,100,1,9,1,1,0","amgarn,arm_low,40,-223,135,0,8,1,1,0","amgarn,fist,69,-251,103,0,5,1,1,0","amgarn,arm_up,5,-257,105,1,14,0.8,1,0","amgarn,arm_low,53,-263,81,1,13,1,1,0","amgarn,fist,57,-267,116,0,8,1,1,0","amgarn,leg_up,-24,-89,-25.7,1,9,1,1,0","amgarn,leg_low,-58,-41,-38,0,14,1,1,0","amgarn,foot,-77,-13,-56.6,0,17,1,1,0","amgarn,leg_up,36,-100,46.7,1,16,1,1,0","amgarn,leg_low,54,-57,-17.5,0,17,1,1,0","amgarn,foot,41,-15,-40.5,0,19,1,1,0","amgarn,base,-15,-286,-118,0,8,1,1,0",,"amgarn,tail,-63,-125,-96,1,10,1,1,0","amgarn,scarf,-30,-226,-93,0,11,1,1,0",,,,,,,,,,,,,,,,,,,,,,,,,,,,,,,,,,,,,,,,,,,,,,,,,,,,,,,,,,,,,,,,,,,,,,,,,,,,,,,,,,,,,,,,,,,,,,,,,,,,
"Attack5/12","amgarn,angry,-2,-260,-9,0,6,1,1,0","amgarn,neck,-9,-239,16,0,8,1,1,0","amgarn,body,-3,-166,12.5,0,9,1,1,0","amgarn,arm_up,0,-205,100,1,9,1,1,0","amgarn,arm_low,39,-223,146,0,8,1,1,0","amgarn,fist,56,-245,111,0,5,1,1,0","amgarn,arm_up,5,-257,105,1,14,0.8,1,0","amgarn,arm_low,53,-263,81,1,13,1,1,0","amgarn,fist,53,-257,118,0,8,1,1,0","amgarn,leg_up,-24,-85,-29.7,1,9,1,1,0","amgarn,leg_low,-62,-38,-42,0,14,1,1,0","amgarn,foot,-85,-13,-56.6,0,17,1,1,0","amgarn,leg_up,36,-95,51.7,1,16,1,1,0","amgarn,leg_low,54,-55,-22.5,0,17,1,1,0","amgarn,foot,41,-15,-40.5,0,19,1,1,0","amgarn,base,-20,-269,-106,0,8,1,1,0",,"amgarn,tail,-63,-125,-101,1,10,1,1,0","amgarn,scarf,-32,-227,-99,0,11,1,1,0",,,,,,,,,,,,,,,,,,,,,,,,,,,,,,,,,,,,,,,,,,,,,,,,,,,,,,,,,,,,,,,,,,,,,,,,,,,,,,,,,,,,,,,,,,,,,,,,,,,,
"Attack5/13","amgarn,head,-2,-261,-5,0,6,1,1,0","amgarn,neck,-9,-239,16,0,8,1,1,0","amgarn,body,-3,-168,8.5,0,9,1,1,0","amgarn,arm_up,2,-210,90,1,9,1,1,0","amgarn,arm_low,43,-221,136,0,8,1,1,0","amgarn,fist,64,-240,101,0,5,1,1,0","amgarn,arm_up,5,-257,105,1,14,0.8,1,0","amgarn,arm_low,52,-253,81,1,13,1,1,0","amgarn,fist,73,-257,108,0,8,1,1,0","amgarn,leg_up,-23,-85,-21.7,1,9,1,1,0","amgarn,leg_low,-52,-38,-42,0,14,1,1,0","amgarn,foot,-76,-9,-56.6,0,17,1,1,0","amgarn,leg_up,36,-97,49.7,1,16,1,1,0","amgarn,leg_low,52,-55,-19.5,0,17,1,1,0","amgarn,foot,41,-15,-40.5,0,19,1,1,0","amgarn,base,19,-296,-141,0,8,1,1,0",,"amgarn,tail,-63,-114,-91,1,10,1,1,0","amgarn,scarf,-32,-211,-78,0,11,1,1,0",,,,,,,,,,,,,,,,,,,,,,,,,,,,,,,,,,,,,,,,,,,,,,,,,,,,,,,,,,,,,,,,,,,,,,,,,,,,,,,,,,,,,,,,,,,,,,,,,,,,
"Attack5/14","amgarn,head,-1,-271,-3,0,6,1,1,0","amgarn,neck,-11,-238,6,0,8,1,1,0","amgarn,body,-6,-175,5.5,0,9,1,1,0","amgarn,arm_up,-5,-209,75,1,9,1,1,0","amgarn,arm_low,44,-199,110,0,8,1,1,0","amgarn,fist,74,-207,72,0,5,1,1,0","amgarn,arm_up,28,-221,65,1,14,0.8,1,0","amgarn,arm_low,64,-215,101,1,13,1,1,0","amgarn,fist,83,-216,57,0,8,1,1,0","amgarn,leg_up,-24,-94,-17.7,1,9,1,1,0","amgarn,leg_low,-46,-42,-26,0,14,1,1,0","amgarn,foot,-67,-5,-59.6,0,17,1,1,0","amgarn,leg_up,28,-97,37.7,1,16,1,1,0","amgarn,leg_low,46,-54,7.5,0,17,1,1,0","amgarn,foot,43,-15,-36.5,0,19,1,1,0","amgarn,base,88,-284,173,0,6,1,1,0",,"amgarn,tail,-63,-120,-80,1,10,1,1,0","amgarn,scarf,-32,-207,-39,0,11,1,1,0",,,,,,,,,,,,,,,,,,,,,,,,,,,,,,,,,,,,,,,,,,,,,,,,,,,,,,,,,,,,,,,,,,,,,,,,,,,,,,,,,,,,,,,,,,,,,,,,,,"play_time_mod_0.5",,
"Attack5/15","amgarn,head,6,-276,-8,0,6,1,1,0","amgarn,neck,-5,-241,-1,0,8,1,1,0","amgarn,body,-5,-172,1.5,0,9,1,1,0","amgarn,arm_up,-1,-209,47,1,9,1,1,0","amgarn,arm_low,44,-189,110,0,8,1,1,0","amgarn,fist,74,-197,72,0,5,1,1,0","amgarn,arm_up,30,-217,45,1,14,0.8,1,0","amgarn,arm_low,62,-199,81,1,13,1,1,0","amgarn,fist,83,-216,57,0,8,1,1,0","amgarn,leg_up,-28,-94,-20.7,1,9,1,1,0","amgarn,leg_low,-52,-42,-26,0,14,1,1,0","amgarn,foot,-72,-5,-59.6,0,17,1,1,0","amgarn,leg_up,26,-97,37.7,1,16,1,1,0","amgarn,leg_low,44,-54,3.5,0,17,1,1,0","amgarn,foot,43,-15,-36.5,0,19,1,1,0","amgarn,base,88,-272,173,0,6,1,1,0",,"amgarn,tail,-61,-110,-73,0,10,1,1,0","amgarn,scarf,-30,-201,-22,0,11,1,1,0",,,,,,,,,,,,,,,,,,,,,,,,,,,,,,,,,,,,,,,,,,,,,,,,,,,,,,,,,,,,,,,,,,,,,,,,,,,,,,,,,,,,,,,,,,,,,,,,,,"play_time_mod_0.2",,
"Attack5/16","amgarn,head,15,-280,-14,0,2,1,1,0","amgarn,neck,-1,-248,-11,0,4,1,1,0","amgarn,body,-6,-174,-2.5,0,5,1,1,0","amgarn,arm_up,-10,-207,24,1,5,1,1,0","amgarn,arm_low,25,-169,84,0,4,1,1,0","amgarn,fist,71,-166,134,1,4,1,1,0","amgarn,arm_up,26,-209,34,1,13,1,1,0","amgarn,arm_low,57,-177,56,1,15,1,1,0","amgarn,fist,87,-167,38,0,21,1,1,0","amgarn,leg_up,-35,-96,-19.7,1,5,1,1,0","amgarn,leg_low,-57,-51,-24,0,10,1,1,0","amgarn,foot,-72,-12,-51.6,0,13,1,1,0","amgarn,leg_up,14,-103,39.7,1,12,1,1,0","amgarn,leg_low,34,-59,4.5,0,13,1,1,0","amgarn,foot,36,-15,-31.5,0,15,1,1,0","amgarn,base,95,-251,169,0,6,1,1,0",,"amgarn,tail,-57,-108,-47,0,6,1,1,0","amgarn,scarf,-30,-202,-10,0,7,1,1,0",,,,,,,,,,,,,,,,,,,,,,,,,,,,,,,,,,,,,,,,,,,,,,,,,,,,,,,,,,,,,,,,,,,,,,,,,,,,,,,,,,,,,,,,,,,,,,,,,,"play_time_mod_0.2",,
"EVENT_Join/0","amgarn,happy,6,-283,1,1,2,1,1,0","amgarn,neck,12,-251,11,1,4,1,1,0","amgarn,body,16,-178,3.5,1,5,1,1,0","amgarn,arm_up,36,-206,5,0,5,1,1,0","amgarn,arm_low,21,-179,-125,1,4,1,1,0","amgarn,fist,-17,-205,-175,0,4,1,1,0","amgarn,arm_up,-15,-211,-35,0,13,1,1,0","amgarn,arm_low,-47,-179,-57,0,15,1,1,0","amgarn,fist,-77,-170,-39,1,21,1,1,0","amgarn,leg_up,35,-104,6.7,0,5,1,1,0","amgarn,leg_low,55,-51,31,1,10,1,1,0","amgarn,foot,74,-17,49.6,1,13,1,1,0","amgarn,leg_up,-4,-103,-35.7,0,12,1,1,0","amgarn,leg_low,-24,-56,-5.5,1,13,1,1,0","amgarn,foot,-23,-18,40.5,1,15,1,1,0","amgarn,base,26,-131,80,1,14,1,1,0",,"amgarn,tail,65,-108,44,1,6,1,1,0","amgarn,scarf,41,-202,8,1,7,1,1,0",,,,,,,,,,,,,,,,,,,,,,,,,,,,,,,,,,,,,,,,,,,,,,,,,,,,,,,,,,,,,,,,,,,,,,,,,,,,,,,,,,,,,,,,,,,,,,,,,,"play_time_mod_2",,
"GRAND_Attack/0","amgarn,head,15,-280,-14,0,2,1,1,0","amgarn,neck,-1,-248,-11,0,4,1,1,0","amgarn,body,-6,-174,-2.5,0,5,1,1,0","amgarn,arm_up,-10,-207,24,1,5,1,1,0","amgarn,arm_low,25,-169,84,0,4,1,1,0","amgarn,fist,71,-166,134,1,4,1,1,0","amgarn,arm_up,26,-209,34,1,13,1,1,0","amgarn,arm_low,57,-177,56,1,15,1,1,0","amgarn,fist,87,-167,38,0,21,1,1,0","amgarn,leg_up,-35,-96,-19.7,1,5,1,1,0","amgarn,leg_low,-57,-51,-24,0,10,1,1,0","amgarn,foot,-72,-12,-51.6,0,13,1,1,0","amgarn,leg_up,14,-103,39.7,1,12,1,1,0","amgarn,leg_low,34,-59,4.5,0,13,1,1,0","amgarn,foot,36,-15,-31.5,0,15,1,1,0","amgarn,base,95,-251,169,0,6,1,1,0",,"amgarn,tail,-57,-108,-47,0,6,1,1,0","amgarn,scarf,-30,-202,-10,0,7,1,1,0",,,,,,,,,,,,,,,,,,,,,,,,,,,,,,,,,,,,,,,,,,,,,,,,,,,,,,,,,,,,,,,,,,,,,,,,,,,,,,,,,,,,,,,,,,,,,,,,,,"play_time_mod_0.5",,
"GRAND_Attack/1","amgarn,head,18,-276,-18,0,2,1,1,0","amgarn,neck,-1,-248,-11,0,4,1,1,0","amgarn,body,-6,-170,-3.5,0,5,1,1,0","amgarn,arm_up,-10,-205,21,1,5,1,1,0","amgarn,arm_low,25,-164,81,0,4,1,1,0","amgarn,fist,71,-158,131,1,4,1,1,0","amgarn,arm_up,24,-202,32,1,13,1,1,0","amgarn,arm_low,55,-168,54,1,15,1,1,0","amgarn,fist,85,-156,36,0,21,1,1,0","amgarn,leg_up,-36,-96,-20.7,1,5,1,1,0","amgarn,leg_low,-58,-51,-24,0,10,1,1,0","amgarn,foot,-74,-12,-51.6,0,13,1,1,0","amgarn,leg_up,14,-101,42.7,1,12,1,1,0","amgarn,leg_low,37,-59,10.5,0,13,1,1,0","amgarn,foot,40,-15,-31.5,0,15,1,1,0","amgarn,base,83,-235,174,0,6,1,1,0",,"amgarn,tail,-59,-108,-49,0,6,1,1,0","amgarn,scarf,-28,-202,-9,0,7,1,1,0",,,,,,,,,,,,,,,,,,,,,,,,,,,,,,,,,,,,,,,,,,,,,,,,,,,,,,,,,,,,,,,,,,,,,,,,,,,,,,,,,,,,,,,,,,,,,,,,,,"play_time_mod_0.5",,
"GRAND_Attack/2","amgarn,head,19,-274,-21,0,6,1,1,0","amgarn,neck,-1,-248,-11,0,8,1,1,0","amgarn,body,-6,-170,-3.5,0,9,1,1,0","amgarn,arm_up,-19,-208,-1,1,9,1,1,0","amgarn,arm_low,-3,-163,68,0,8,1,1,0","amgarn,fist,36,-148,112,1,5,1,1,0","amgarn,arm_up,24,-202,32,1,17,1,1,0","amgarn,arm_low,45,-157,-6,1,19,1,1,0","amgarn,fist,35,-146,-44,0,25,1,1,0","amgarn,leg_up,-37,-96,-20.7,1,9,1,1,0","amgarn,leg_low,-61,-51,-26,0,14,1,1,0","amgarn,foot,-79,-12,-54.6,0,17,1,1,0","amgarn,leg_up,14,-101,44.7,1,16,1,1,0","amgarn,leg_low,38,-59,10.5,0,17,1,1,0","amgarn,foot,41,-15,-34.5,0,19,1,1,0","amgarn,base,32,-228,178,0,6,1,1,0",,"amgarn,tail,-60,-108,-52,0,10,1,1,0","amgarn,scarf,-30,-202,-9,0,11,1,1,0",,,,,,,,,,,,,,,,,,,,,,,,,,,,,,,,,,,,,,,,,,,,,,,,,,,,,,,,,,,,,,,,,,,,,,,,,,,,,,,,,,,,,,,,,,,,,,,,,,"play_time_mod_0.5",,
"GRAND_Attack/3","amgarn,head,18,-272,-23,0,6,1,1,0","amgarn,neck,-1,-248,-11,0,8,1,1,0","amgarn,body,-6,-170,-3.5,0,9,1,1,0","amgarn,arm_up,-29,-198,-31,1,9,1,1,0","amgarn,arm_low,-33,-160,65,0,8,1,1,0","amgarn,fist,6,-147,139,1,5,1,1,0","amgarn,arm_up,24,-202,32,1,17,1,1,0","amgarn,arm_low,33,-155,-36,1,8,1,1,0","amgarn,fist,18,-136,-76,0,5,1,1,0","amgarn,leg_up,-38,-96,-26.7,1,9,1,1,0","amgarn,leg_low,-66,-51,-32,0,14,1,1,0","amgarn,foot,-89,-12,-58.6,0,17,1,1,0","amgarn,leg_up,14,-101,46.7,1,16,1,1,0","amgarn,leg_low,40,-59,7.5,0,17,1,1,0","amgarn,foot,41,-15,-36.5,0,19,1,1,0","amgarn,base,-38,-208,-140,0,6,1,1,0",,"amgarn,tail,-64,-108,-58,0,10,1,1,0","amgarn,scarf,-30,-202,-9,0,11,1,1,0",,,,,,,,,,,,,,,,,,,,,,,,,,,,,,,,,,,,,,,,,,,,,,,,,,,,,,,,,,,,,,,,,,,,,,,,,,,,,,,,,,,,,,,,,,,,,,,,,,"play_time_mod_0.75",,
"GRAND_Attack/4","amgarn,head,22,-271,-15,0,6,1,1,0","amgarn,neck,8,-243,-19,0,8,1,1,0","amgarn,body,-1,-167,-8.5,0,9,1,1,0","amgarn,arm_up,-31,-205,-33,1,9,1,1,0","amgarn,arm_low,-46,-175,-18,0,8,1,1,0","amgarn,fist,-46,-170,-49,0,5,1,1,0","amgarn,arm_up,31,-209,-23,1,9,0.7,0.6,0","amgarn,arm_low,7,-186,-62,1,8,1,1,0","amgarn,fist,-17,-164,-66,0,5,1,1,0","amgarn,leg_up,-42,-96,-29.7,1,9,1,1,0","amgarn,leg_low,-73,-51,-32,0,14,1,1,0","amgarn,foot,-99,-12,-58.6,0,17,1,1,0","amgarn,leg_up,17,-101,46.7,1,16,1,1,0","amgarn,leg_low,41,-59,3.5,0,17,1,1,0","amgarn,foot,41,-15,-36.5,0,19,1,1,0","amgarn,base,-122,-158,-86,0,6,0.8,1,0",,"amgarn,tail,-64,-104,-63,0,10,1,1,0","amgarn,scarf,-29,-201,-15,0,11,1,1,0",,,,,,,,,,,,,,,,,,,,,,,,,,,,,,,,,,,,,,,,,,,,,,,,,,,,,,,,,,,,,,,,,,,,,,,,,,,,,,,,,,,,,,,,,,,,,,,,,,"play_time_mod_1.25",,
"GRAND_Attack/5","amgarn,angry,23,-270,-19,0,6,1,1,0","amgarn,neck,8,-243,-19,0,8,1,1,0","amgarn,body,-1,-167,-8.5,0,9,1,1,0","amgarn,arm_up,-16,-202,2,1,9,1,1,0","amgarn,arm_low,-16,-185,22,0,8,1,1,0","amgarn,fist,-6,-170,-29,0,5,1,1,0","amgarn,arm_up,41,-211,-13,1,9,0.7,0.6,0","amgarn,arm_low,21,-184,-52,1,8,1,1,0","amgarn,fist,13,-166,-54,0,5,1,1,0","amgarn,leg_up,-43,-96,-30.7,1,9,1,1,0","amgarn,leg_low,-76,-51,-32,0,14,1,1,0","amgarn,foot,-102,-12,-63.6,0,17,1,1,0","amgarn,leg_up,17,-101,46.7,1,16,1,1,0","amgarn,leg_low,41,-59,3.5,0,17,1,1,0","amgarn,foot,41,-15,-36.5,0,19,1,1,0","amgarn,swing,-80,-158,-84,0,6,0.7,1.1,0",,"amgarn,tail,-64,-106,-71,0,10,1,1,0","amgarn,scarf,-30,-205,-21,0,11,1,1,0",,,,,,,,,,,,,,,,,,,,,,,,,,,,,,,,,,,,,,,,,,,,,,,,,,,,,,,,,,,,,,,,,,,,,,,,,,,,,,,,,,,,,,,,,,,,,,,,,,"sprite_deal_damage",,"swing_flat,2500,0"
"GRAND_Attack/6","amgarn,angry,28,-273,-16,0,6,1,1,0","amgarn,neck,18,-241,-15,0,8,1,1,0","amgarn,body,1,-171,-6.5,0,9,1,1,0","amgarn,arm_up,-5,-195,14,1,9,1,1,0","amgarn,arm_low,9,-176,32,0,8,1,1,0","amgarn,fist,14,-160,-19,0,5,1,1,0","amgarn,arm_up,48,-211,-3,1,9,0.7,0.6,0","amgarn,arm_low,41,-189,-32,1,8,1,1,0","amgarn,fist,41,-170,-34,0,5,1,1,0","amgarn,leg_up,-39,-96,-31.7,1,9,1,1,0","amgarn,leg_low,-74,-53,-36,0,14,1,1,0","amgarn,foot,-101,-17,-65.6,0,17,1,1,0","amgarn,leg_up,19,-105,45.7,1,16,1,1,0","amgarn,leg_low,41,-59,3.5,0,17,1,1,0","amgarn,foot,41,-15,-36.5,0,19,1,1,0","amgarn,swing,-42,-148,-77,0,6,1,0.8,0",,"amgarn,tail,-64,-106,-65,0,10,1,1,0","amgarn,scarf,-22,-213,-55,0,11,1,1,0",,,,,,,,,,,,,,,,,,,,,,,,,,,,,,,,,,,,,,,,,,,,,,,,,,,,,,,,,,,,,,,,,,,,,,,,,,,,,,,,,,,,,,,,,,,,,,,,,,"sprite_deal_damage,play_time_mod_0.5",,
"GRAND_Attack/7","amgarn,angry,28,-273,-8,0,6,1,1,0","amgarn,neck,18,-241,-11,0,8,1,1,0","amgarn,body,1,-173,-1.5,0,9,1,1,0","amgarn,arm_up,6,-192,34,1,9,1,1,0","amgarn,arm_low,26,-178,52,0,8,1,1,0","amgarn,fist,46,-160,1,0,5,1,1,0","amgarn,arm_up,47,-211,24,1,11,0.7,0.6,0","amgarn,arm_low,47,-186,-30,1,8,1,1,0","amgarn,fist,30,-159,-64,0,7,1,1,0","amgarn,leg_up,-32,-96,-29.7,1,9,1,1,0","amgarn,leg_low,-68,-44,-38,0,14,1,1,0","amgarn,foot,-92,-14,-66.6,0,17,1,1,0","amgarn,leg_up,26,-102,45.7,1,16,1,1,0","amgarn,leg_low,46,-57,-7.5,0,17,1,1,0","amgarn,foot,41,-15,-36.5,0,19,1,1,0","amgarn,swing,107,-163,93,0,6,1.2,0.8,0",,"amgarn,tail,-64,-108,-59,0,10,1,1,0","amgarn,scarf,-20,-213,-61,0,11,1,1,0",,,,,,,,,,,,,,,,,,,,,,,,,,,,,,,,,,,,,,,,,,,,,,,,,,,,,,,,,,,,,,,,,,,,,,,,,,,,,,,,,,,,,,,,,,,,,,,,,,"sprite_deal_damage,play_time_mod_0.1",,
"GRAND_Attack/8","amgarn,angry,13,-273,-3,0,6,1,1,0","amgarn,neck,6,-241,0,0,8,1,1,0","amgarn,body,0,-175,4.5,0,9,1,1,0","amgarn,arm_up,13,-205,80,1,9,1,1,0","amgarn,arm_low,64,-197,90,0,8,1,1,0","amgarn,fist,94,-199,89,0,5,1,1,0","amgarn,arm_up,53,-225,77,1,14,0.8,1,0","amgarn,arm_low,68,-222,71,1,13,1,1,0","amgarn,fist,102,-209,18,0,5,1,1,0","amgarn,leg_up,-24,-96,-22.7,1,9,1,1,0","amgarn,leg_low,-59,-46,-45,0,14,1,1,0","amgarn,foot,-86,-17,-66.6,0,17,1,1,0","amgarn,leg_up,31,-102,41.7,1,16,1,1,0","amgarn,leg_low,49,-57,-9.5,0,17,1,1,0","amgarn,foot,41,-15,-40.5,0,19,1,1,0","amgarn,swing,187,-211,92,0,6,1,1.1,0",,"amgarn,tail,-63,-111,-74,1,10,1,1,0","amgarn,scarf,-23,-225,-80,0,11,1,1,0",,,,,,,,,,,,,,,,,,,,,,,,,,,,,,,,,,,,,,,,,,,,,,,,,,,,,,,,,,,,,,,,,,,,,,,,,,,,,,,,,,,,,,,,,,,,,,,,,,"play_time_mod_0.1,sprite_deal_damage",,
"GRAND_Attack/9","amgarn,angry,0,-273,-7,0,6,1,1,0","amgarn,neck,-9,-239,10,0,8,1,1,0","amgarn,body,-2,-175,11.5,0,9,1,1,0","amgarn,arm_up,8,-226,100,1,9,1,1,0","amgarn,arm_low,58,-237,117,0,8,1,1,0","amgarn,fist,96,-255,90,0,5,1,1,0","amgarn,arm_up,5,-257,105,1,14,0.8,1,0","amgarn,arm_low,53,-263,81,1,13,1,1,0","amgarn,fist,82,-272,76,0,5,1,1,0","amgarn,leg_up,-23,-94,-21.7,1,9,1,1,0","amgarn,leg_low,-51,-43,-35,0,14,1,1,0","amgarn,foot,-71,-15,-56.6,0,17,1,1,0","amgarn,leg_up,36,-102,39.7,1,16,1,1,0","amgarn,leg_low,51,-57,-13.5,0,17,1,1,0","amgarn,foot,41,-15,-40.5,0,19,1,1,0","amgarn,swing,167,-308,123,0,6,1,1.1,0",,"amgarn,tail,-63,-119,-87,1,10,1,1,0","amgarn,scarf,-23,-237,-90,0,11,1,1,0",,,,,,,,,,,,,,,,,,,,,,,,,,,,,,,,,,,,,,,,,,,,,,,,,,,,,,,,,,,,,,,,,,,,,,,,,,,,,,,,,,,,,,,,,,,,,,,,,,"play_time_mod_0.1,sprite_deal_damage",,
"GRAND_Attack/10","amgarn,angry,-2,-273,-4,0,6,1,1,0","amgarn,neck,-9,-239,16,0,8,1,1,0","amgarn,body,-3,-175,12.5,0,9,1,1,0","amgarn,arm_up,3,-221,80,1,9,1,1,0","amgarn,arm_low,49,-225,134,0,8,1,1,0","amgarn,fist,79,-253,96,0,5,1,1,0","amgarn,arm_up,5,-257,105,1,14,0.8,1,0","amgarn,arm_low,53,-263,81,1,13,1,1,0","amgarn,fist,87,-277,76,0,8,1,1,0","amgarn,leg_up,-24,-92,-21.7,1,9,1,1,0","amgarn,leg_low,-52,-41,-35,0,14,1,1,0","amgarn,foot,-72,-13,-56.6,0,17,1,1,0","amgarn,leg_up,36,-102,40.7,1,16,1,1,0","amgarn,leg_low,51,-57,-12.5,0,17,1,1,0","amgarn,foot,41,-15,-40.5,0,19,1,1,0","amgarn,swing,47,-346,-158,0,8,1,1.1,0",,"amgarn,tail,-63,-123,-90,1,10,1,1,0","amgarn,scarf,-30,-229,-83,0,11,1,1,0",,,,,,,,,,,,,,,,,,,,,,,,,,,,,,,,,,,,,,,,,,,,,,,,,,,,,,,,,,,,,,,,,,,,,,,,,,,,,,,,,,,,,,,,,,,,,,,,,,"sprite_deal_damage,play_time_mod_0.1",,
"GRAND_Attack/11","amgarn,angry,-2,-264,-6,0,6,1,1,0","amgarn,neck,-9,-239,16,0,8,1,1,0","amgarn,body,-3,-170,12.5,0,9,1,1,0","amgarn,arm_up,3,-211,100,1,9,1,1,0","amgarn,arm_low,40,-223,135,0,8,1,1,0","amgarn,fist,69,-251,103,0,5,1,1,0","amgarn,arm_up,5,-257,105,1,14,0.8,1,0","amgarn,arm_low,53,-263,81,1,13,1,1,0","amgarn,fist,57,-267,116,0,8,1,1,0","amgarn,leg_up,-24,-89,-25.7,1,9,1,1,0","amgarn,leg_low,-58,-41,-38,0,14,1,1,0","amgarn,foot,-77,-13,-56.6,0,17,1,1,0","amgarn,leg_up,36,-100,46.7,1,16,1,1,0","amgarn,leg_low,54,-57,-17.5,0,17,1,1,0","amgarn,foot,41,-15,-40.5,0,19,1,1,0","amgarn,base,-15,-286,-118,0,8,1,1,0",,"amgarn,tail,-63,-125,-96,1,10,1,1,0","amgarn,scarf,-30,-226,-93,0,11,1,1,0",,,,,,,,,,,,,,,,,,,,,,,,,,,,,,,,,,,,,,,,,,,,,,,,,,,,,,,,,,,,,,,,,,,,,,,,,,,,,,,,,,,,,,,,,,,,,,,,,,,,
"GRAND_Attack/12","amgarn,angry,-2,-260,-9,0,6,1,1,0","amgarn,neck,-9,-239,16,0,8,1,1,0","amgarn,body,-3,-166,12.5,0,9,1,1,0","amgarn,arm_up,0,-205,100,1,9,1,1,0","amgarn,arm_low,39,-223,146,0,8,1,1,0","amgarn,fist,56,-245,111,0,5,1,1,0","amgarn,arm_up,5,-257,105,1,14,0.8,1,0","amgarn,arm_low,53,-263,81,1,13,1,1,0","amgarn,fist,53,-257,118,0,8,1,1,0","amgarn,leg_up,-24,-85,-29.7,1,9,1,1,0","amgarn,leg_low,-62,-38,-42,0,14,1,1,0","amgarn,foot,-85,-13,-56.6,0,17,1,1,0","amgarn,leg_up,36,-95,51.7,1,16,1,1,0","amgarn,leg_low,54,-55,-22.5,0,17,1,1,0","amgarn,foot,41,-15,-40.5,0,19,1,1,0","amgarn,base,-20,-269,-106,0,8,1,1,0",,"amgarn,tail,-63,-125,-101,1,10,1,1,0","amgarn,scarf,-32,-227,-99,0,11,1,1,0",,,,,,,,,,,,,,,,,,,,,,,,,,,,,,,,,,,,,,,,,,,,,,,,,,,,,,,,,,,,,,,,,,,,,,,,,,,,,,,,,,,,,,,,,,,,,,,,,,,,
"GRAND_Attack/13","amgarn,head,-2,-261,-5,0,6,1,1,0","amgarn,neck,-9,-239,16,0,8,1,1,0","amgarn,body,-3,-168,8.5,0,9,1,1,0","amgarn,arm_up,2,-210,90,1,9,1,1,0","amgarn,arm_low,43,-221,136,0,8,1,1,0","amgarn,fist,64,-240,101,0,5,1,1,0","amgarn,arm_up,5,-257,105,1,14,0.8,1,0","amgarn,arm_low,52,-253,81,1,13,1,1,0","amgarn,fist,73,-257,108,0,8,1,1,0","amgarn,leg_up,-23,-85,-21.7,1,9,1,1,0","amgarn,leg_low,-52,-38,-42,0,14,1,1,0","amgarn,foot,-76,-9,-56.6,0,17,1,1,0","amgarn,leg_up,36,-97,49.7,1,16,1,1,0","amgarn,leg_low,52,-55,-19.5,0,17,1,1,0","amgarn,foot,41,-15,-40.5,0,19,1,1,0","amgarn,base,19,-296,-141,0,8,1,1,0",,"amgarn,tail,-63,-114,-91,1,10,1,1,0","amgarn,scarf,-32,-211,-78,0,11,1,1,0",,,,,,,,,,,,,,,,,,,,,,,,,,,,,,,,,,,,,,,,,,,,,,,,,,,,,,,,,,,,,,,,,,,,,,,,,,,,,,,,,,,,,,,,,,,,,,,,,,,,
"GRAND_Attack/14","amgarn,head,-1,-271,-3,0,6,1,1,0","amgarn,neck,-11,-238,6,0,8,1,1,0","amgarn,body,-6,-175,5.5,0,9,1,1,0","amgarn,arm_up,-5,-209,75,1,9,1,1,0","amgarn,arm_low,44,-199,110,0,8,1,1,0","amgarn,fist,74,-207,72,0,5,1,1,0","amgarn,arm_up,28,-221,65,1,14,0.8,1,0","amgarn,arm_low,64,-215,101,1,13,1,1,0","amgarn,fist,83,-216,57,0,8,1,1,0","amgarn,leg_up,-24,-94,-17.7,1,9,1,1,0","amgarn,leg_low,-46,-42,-26,0,14,1,1,0","amgarn,foot,-67,-5,-59.6,0,17,1,1,0","amgarn,leg_up,28,-97,37.7,1,16,1,1,0","amgarn,leg_low,46,-54,7.5,0,17,1,1,0","amgarn,foot,43,-15,-36.5,0,19,1,1,0","amgarn,base,88,-284,173,0,6,1,1,0",,"amgarn,tail,-63,-120,-80,1,10,1,1,0","amgarn,scarf,-32,-207,-39,0,11,1,1,0",,,,,,,,,,,,,,,,,,,,,,,,,,,,,,,,,,,,,,,,,,,,,,,,,,,,,,,,,,,,,,,,,,,,,,,,,,,,,,,,,,,,,,,,,,,,,,,,,,"play_time_mod_0.5",,
"GRAND_Attack/15","amgarn,head,6,-276,-8,0,6,1,1,0","amgarn,neck,-5,-241,-1,0,8,1,1,0","amgarn,body,-5,-172,1.5,0,9,1,1,0","amgarn,arm_up,-1,-209,47,1,9,1,1,0","amgarn,arm_low,44,-189,110,0,8,1,1,0","amgarn,fist,74,-197,72,0,5,1,1,0","amgarn,arm_up,30,-217,45,1,14,0.8,1,0","amgarn,arm_low,62,-199,81,1,13,1,1,0","amgarn,fist,83,-216,57,0,8,1,1,0","amgarn,leg_up,-28,-94,-20.7,1,9,1,1,0","amgarn,leg_low,-52,-42,-26,0,14,1,1,0","amgarn,foot,-72,-5,-59.6,0,17,1,1,0","amgarn,leg_up,26,-97,37.7,1,16,1,1,0","amgarn,leg_low,44,-54,3.5,0,17,1,1,0","amgarn,foot,43,-15,-36.5,0,19,1,1,0","amgarn,base,88,-272,173,0,6,1,1,0",,"amgarn,tail,-61,-110,-73,0,10,1,1,0","amgarn,scarf,-30,-201,-22,0,11,1,1,0",,,,,,,,,,,,,,,,,,,,,,,,,,,,,,,,,,,,,,,,,,,,,,,,,,,,,,,,,,,,,,,,,,,,,,,,,,,,,,,,,,,,,,,,,,,,,,,,,,"play_time_mod_0.2",,
"GRAND_Attack/16","amgarn,head,15,-280,-14,0,2,1,1,0","amgarn,neck,-1,-248,-11,0,4,1,1,0","amgarn,body,-6,-174,-2.5,0,5,1,1,0","amgarn,arm_up,-10,-207,24,1,5,1,1,0","amgarn,arm_low,25,-169,84,0,4,1,1,0","amgarn,fist,71,-166,134,1,4,1,1,0","amgarn,arm_up,26,-209,34,1,13,1,1,0","amgarn,arm_low,57,-177,56,1,15,1,1,0","amgarn,fist,87,-167,38,0,21,1,1,0","amgarn,leg_up,-35,-96,-19.7,1,5,1,1,0","amgarn,leg_low,-57,-51,-24,0,10,1,1,0","amgarn,foot,-72,-12,-51.6,0,13,1,1,0","amgarn,leg_up,14,-103,39.7,1,12,1,1,0","amgarn,leg_low,34,-59,4.5,0,13,1,1,0","amgarn,foot,36,-15,-31.5,0,15,1,1,0","amgarn,base,95,-251,169,0,6,1,1,0",,"amgarn,tail,-57,-108,-47,0,6,1,1,0","amgarn,scarf,-30,-202,-10,0,7,1,1,0",,,,,,,,,,,,,,,,,,,,,,,,,,,,,,,,,,,,,,,,,,,,,,,,,,,,,,,,,,,,,,,,,,,,,,,,,,,,,,,,,,,,,,,,,,,,,,,,,,"play_time_mod_0.2",,
