Name,p1_head,p1_neck,p1_body,p1_r_arm_up,p1_r_arm_low,p1_r_hand,p1_l_arm_up,p1_l_arm_low,p1_l_hand,p1_r_leg_up,p1_r_leg_low,p1_r_foot,p1_l_leg_up,p1_l_leg_low,p1_l_foot,p1_main_weapon,p1_sub_weapon,p1_special_1,p1_special_2,p1_special_3,p1_special_4,p1_special_5,p1_special_6,p1_special_7,p1_special_8,p1_special_9,p1_special_10,p2_head,p2_neck,p2_body,p2_r_arm_up,p2_r_arm_low,p2_r_hand,p2_l_arm_up,p2_l_arm_low,p2_l_hand,p2_r_leg_up,p2_r_leg_low,p2_r_foot,p2_l_leg_up,p2_l_leg_low,p2_l_foot,p2_main_weapon,p2_sub_weapon,p2_special_1,p2_special_2,p2_special_3,p2_special_4,p2_special_5,p2_special_6,p2_special_7,p2_special_8,p2_special_9,p2_special_10,p3_head,p3_neck,p3_body,p3_r_arm_up,p3_r_arm_low,p3_r_hand,p3_l_arm_up,p3_l_arm_low,p3_l_hand,p3_r_leg_up,p3_r_leg_low,p3_r_foot,p3_l_leg_up,p3_l_leg_low,p3_l_foot,p3_main_weapon,p3_sub_weapon,p3_special_1,p3_special_2,p3_special_3,p3_special_4,p3_special_5,p3_special_6,p3_special_7,p3_special_8,p3_special_9,p3_special_10,p4_head,p4_neck,p4_body,p4_r_arm_up,p4_r_arm_low,p4_r_hand,p4_l_arm_up,p4_l_arm_low,p4_l_hand,p4_r_leg_up,p4_r_leg_low,p4_r_foot,p4_l_leg_up,p4_l_leg_low,p4_l_foot,p4_main_weapon,p4_sub_weapon,p4_special_1,p4_special_2,p4_special_3,p4_special_4,p4_special_5,p4_special_6,p4_special_7,p4_special_8,p4_special_9,p4_special_10,effect_1,effect_2,effect_3,effect_4,effect_5,effect_6,effect_7,effect_8,frame_property,animation_property,sound_effect
Default/0,"mounniley,head,11,-501,1,0,4,1,1,0","mounniley,neck,1,-465,-9,0,8,1,1,0","mounniley,body,3,-349,-1,0,7,1,1,0","mounniley,arm_up,-81,-389,-46,0,7,1,1,0","mounniley,arm_low,-140,-316,-42,1,7,1,1,0","vraesier,fist,-189,-263,-24,1,9,1,1,0","mounniley,arm_up,78,-385,57,1,13,1,1,0","mounniley,arm_low,159,-338,65,0,8,1,1,0","vraesier,fist_back,214,-310,51,0,10,1,1,0","mounniley,leg_up,-39,-188,-13.2,0,16,1,1,0","mounniley,leg_low,-74,-82,-16,0,16,1,1,0","mounniley,foot,-67,-17,-13.6,0,13,1,1,0","mounniley,leg_up,37,-192,10.7,0,18,1,1,0","mounniley,leg_low,49,-81,5.5,0,20,0.9,1,0","mounniley,foot,75,-27,-2.5,0,17,1,1,0",,,"mounniley,cloak,48,-421,14,0,6,1,1,0","mounniley,cloak_right,-60,-335,-42,0,0,1,1,0","mounniley,cloak_back,-20,-349,2,0,16,1.1,0.7,0","mounniley,skirt,3,-227,-4,0,9,1,1,0",,,,,,,,,,,,,,,,,,,,,,,,,,,,,,,,,,,,,,,,,,,,,,,,,,,,,,,,,,,,,,,,,,,,,,,,,,,,,,,,,,,,,,,,,,,,,,,,,,
Damaged/0,"mounniley,head,6,-496,5,0,4,1,1,0","mounniley,neck,1,-462,-12,0,8,1,1,0","mounniley,body,2,-347,0,0,7,1,1,0","mounniley,arm_up,-70,-362,-26,0,7,1,1,0","mounniley,arm_low,-95,-269,-2,1,8,1,1,0","vraesier,fist,-93,-205,-12,0,9,1,1,0","mounniley,arm_up,64,-371,32,1,13,1,1,0","mounniley,arm_low,135,-338,99,0,8,1,1,0","vraesier,fist_back,194,-357,116,0,10,0.9,1,0","mounniley,leg_up,-41,-180,-12.2,0,16,1,1,0","mounniley,leg_low,-73,-82,-17,0,16,1,1,0","mounniley,foot,-67,-17,-13.6,0,13,1,1,0","mounniley,leg_up,36,-187,11.7,0,18,1,1,0","mounniley,leg_low,49,-81,5.5,0,20,0.9,1,0","mounniley,foot,78,-29,1.5,0,17,1,1,0","mounniley,base,116,-406,-120,1,12,1,1,0",,"mounniley,cloak,43,-417,17,0,6,1,1,0","mounniley,cloak_right,-38,-320,-23,0,0,1,1,0","mounniley,cloak_back,-13,-352,-3,0,16,1.3,0.9,0","mounniley,skirt,3,-227,-4,0,9,1,1,0",,,,,,,,,,,,,,,,,,,,,,,,,,,,,,,,,,,,,,,,,,,,,,,,,,,,,,,,,,,,,,,,,,,,,,,,,,,,,,,,,,,,,,,,,,,,,,,,,,
Damaged/1,"mounniley,close,-1,-495,9,0,4,1,1,0","mounniley,neck,-2,-456,-11,0,8,1,1,0","mounniley,body,-1,-346,1,0,7,1,1,0","mounniley,arm_up,-73,-360,-27,0,7,1,1,0","mounniley,arm_low,-98,-266,0,1,8,1,1,0","vraesier,fist,-93,-203,-10,0,9,1,1,0","mounniley,arm_up,63,-372,35,1,13,1,1,0","mounniley,arm_low,137,-343,102,0,8,1,1,0","vraesier,fist_back,193,-365,119,0,10,0.9,1,0","mounniley,leg_up,-39,-178,-9.2,0,16,1,1,0","mounniley,leg_low,-69,-80,-19,0,16,1,1,0","mounniley,foot,-65,-15,-15.6,0,13,1,1,0","mounniley,leg_up,41,-187,16.7,0,18,1,1,0","mounniley,leg_low,63,-81,8.5,0,20,0.9,1,0","mounniley,foot,93,-30,5.5,0,17,1,1,0","mounniley,base,112,-410,-117,1,12,1,1,0",,"mounniley,cloak,38,-419,20,0,6,1,1,0","mounniley,cloak_right,-37,-316,-20,0,0,1,1,0","mounniley,cloak_back,-12,-351,1,0,16,1.3,0.9,0","mounniley,skirt,4,-226,-2,0,9,1,1,0",,,,,,,,,,,,,,,,,,,,,,,,,,,,,,,,,,,,,,,,,,,,,,,,,,,,,,,,,,,,,,,,,,,,,,,,,,,,,,,,,,,,,,,,,,,,,,,,,,
Damaged/2,"mounniley,close,-11,-495,13,0,4,1,1,0","mounniley,neck,-12,-458,-8,0,8,1,1,0","mounniley,body,-5,-346,4,0,7,1,1,0","mounniley,arm_up,-76,-360,-30,0,7,1,1,0","mounniley,arm_low,-109,-266,-4,1,8,1,1,0","vraesier,fist,-109,-203,-14,0,9,1,1,0","mounniley,arm_up,61,-372,39,1,13,1,1,0","mounniley,arm_low,135,-349,105,0,8,1,1,0","vraesier,fist_back,188,-374,122,0,10,0.9,1,0","mounniley,leg_up,-41,-178,-9.2,0,16,1,1,0","mounniley,leg_low,-74,-80,-22,0,16,1,1,0","mounniley,foot,-74,-15,-18.6,0,13,1,1,0","mounniley,leg_up,41,-187,20.7,0,18,1,1,0","mounniley,leg_low,65,-87,7.5,0,20,0.9,1,0","mounniley,foot,93,-40,4.5,0,17,1,1,0","mounniley,base,104,-417,-114,1,12,1,1,0",,"mounniley,cloak,32,-422,22,0,6,1,1,0","mounniley,cloak_right,-39,-315,-18,0,0,1,1,0","mounniley,cloak_back,-16,-353,3,0,16,1.2,0.9,0","mounniley,skirt,2,-226,-2,0,9,1,1,0",,,,,,,,,,,,,,,,,,,,,,,,,,,,,,,,,,,,,,,,,,,,,,,,,,,,,,,,,,,,,,,,,,,,,,,,,,,,,,,,,,,,,,,,,,,,,,,,hold,,
Damaged/3,"mounniley,close,-14,-495,18,0,4,1,1,0","mounniley,neck,-12,-458,-8,0,8,1,1,0","mounniley,body,-5,-346,5,0,7,1,1,0","mounniley,arm_up,-76,-360,-31,0,7,1,1,0","mounniley,arm_low,-111,-269,-10,1,8,1,1,0","vraesier,fist,-118,-206,-19,0,9,1,1,0","mounniley,arm_up,61,-371,40,1,13,1,1,0","mounniley,arm_low,136,-349,106,0,8,1,1,0","vraesier,fist_back,188,-375,123,0,10,0.9,1,0","mounniley,leg_up,-39,-178,-12.2,0,16,1,1,0","mounniley,leg_low,-74,-80,-24,0,16,1,1,0","mounniley,foot,-76,-15,-19.6,0,13,1,1,0","mounniley,leg_up,41,-187,28.7,0,18,1,1,0","mounniley,leg_low,67,-91,7.5,0,20,0.9,1,0","mounniley,foot,93,-44,1.5,0,17,1,1,0","mounniley,base,103,-417,-113,1,12,1,1,0",,"mounniley,cloak,31,-423,23,0,6,1,1,0","mounniley,cloak_right,-38,-314,-17,0,0,1,1,0","mounniley,cloak_back,-16,-353,5,0,16,1.2,0.9,0","mounniley,skirt,2,-226,0,0,9,1,1,0",,,,,,,,,,,,,,,,,,,,,,,,,,,,,,,,,,,,,,,,,,,,,,,,,,,,,,,,,,,,,,,,,,,,,,,,,,,,,,,,,,,,,,,,,,,,,,,,,,
Damaged/4,"mounniley,close,-1,-495,9,0,4,1,1,0","mounniley,neck,-2,-456,-11,0,8,1,1,0","mounniley,body,-1,-346,1,0,7,1,1,0","mounniley,arm_up,-73,-360,-27,0,7,1,1,0","mounniley,arm_low,-98,-266,0,1,8,1,1,0","vraesier,fist,-93,-203,-10,0,9,1,1,0","mounniley,arm_up,63,-372,35,1,13,1,1,0","mounniley,arm_low,137,-343,102,0,8,1,1,0","vraesier,fist_back,193,-365,119,0,10,0.9,1,0","mounniley,leg_up,-39,-178,-9.2,0,16,1,1,0","mounniley,leg_low,-69,-80,-19,0,16,1,1,0","mounniley,foot,-65,-15,-15.6,0,13,1,1,0","mounniley,leg_up,41,-187,16.7,0,18,1,1,0","mounniley,leg_low,63,-81,8.5,0,20,0.9,1,0","mounniley,foot,93,-30,5.5,0,17,1,1,0","mounniley,base,112,-410,-117,1,12,1,1,0",,"mounniley,cloak,38,-419,20,0,6,1,1,0","mounniley,cloak_right,-37,-316,-20,0,0,1,1,0","mounniley,cloak_back,-12,-351,1,0,16,1.3,0.9,0","mounniley,skirt,4,-226,-2,0,9,1,1,0",,,,,,,,,,,,,,,,,,,,,,,,,,,,,,,,,,,,,,,,,,,,,,,,,,,,,,,,,,,,,,,,,,,,,,,,,,,,,,,,,,,,,,,,,,,,,,,,,,
Damaged/5,"mounniley,head,6,-496,5,0,4,1,1,0","mounniley,neck,1,-462,-12,0,8,1,1,0","mounniley,body,2,-347,0,0,7,1,1,0","mounniley,arm_up,-70,-362,-26,0,7,1,1,0","mounniley,arm_low,-95,-269,-2,1,8,1,1,0","vraesier,fist,-93,-205,-12,0,9,1,1,0","mounniley,arm_up,64,-371,32,1,13,1,1,0","mounniley,arm_low,135,-338,99,0,8,1,1,0","vraesier,fist_back,194,-357,116,0,10,0.9,1,0","mounniley,leg_up,-41,-180,-12.2,0,16,1,1,0","mounniley,leg_low,-73,-82,-17,0,16,1,1,0","mounniley,foot,-67,-17,-13.6,0,13,1,1,0","mounniley,leg_up,36,-187,11.7,0,18,1,1,0","mounniley,leg_low,49,-81,5.5,0,20,0.9,1,0","mounniley,foot,78,-29,1.5,0,17,1,1,0","mounniley,base,116,-406,-120,1,12,1,1,0",,"mounniley,cloak,43,-417,17,0,6,1,1,0","mounniley,cloak_right,-38,-320,-23,0,0,1,1,0","mounniley,cloak_back,-13,-352,-3,0,16,1.3,0.9,0","mounniley,skirt,3,-227,-4,0,9,1,1,0",,,,,,,,,,,,,,,,,,,,,,,,,,,,,,,,,,,,,,,,,,,,,,,,,,,,,,,,,,,,,,,,,,,,,,,,,,,,,,,,,,,,,,,,,,,,,,,,,,
Die/0,"mounniley,head,6,-496,4,0,4,1,1,0","mounniley,neck,2,-462,-12,0,8,1,1,0","mounniley,body,2,-347,0,0,7,1,1,0","mounniley,arm_up,-70,-362,-26,0,7,1,1,0","mounniley,arm_low,-95,-269,-2,1,8,1,1,0","vraesier,fist,-93,-205,-12,0,9,1,1,0","mounniley,arm_up,64,-371,32,1,13,1,1,0","mounniley,arm_low,135,-338,99,0,8,1,1,0","vraesier,fist_back,194,-357,116,0,10,0.9,1,0","mounniley,leg_up,-41,-180,-12.2,0,16,1,1,0","mounniley,leg_low,-73,-82,-17,0,16,1,1,0","mounniley,foot,-67,-17,-13.6,0,13,1,1,0","mounniley,leg_up,36,-187,11.7,0,18,1,1,0","mounniley,leg_low,49,-81,5.5,0,20,0.9,1,0","mounniley,foot,78,-29,1.5,0,17,1,1,0","mounniley,base,116,-406,-120,1,12,1,1,0",,"mounniley,cloak,43,-417,17,0,6,1,1,0","mounniley,cloak_right,-38,-320,-23,0,0,1,1,0","mounniley,cloak_back,-13,-352,-2,0,16,1.3,0.9,0","mounniley,skirt,3,-227,-4,0,9,1,1,0",,,,,,,,,,,,,,,,,,,,,,,,,,,,,,,,,,,,,,,,,,,,,,,,,,,,,,,,,,,,,,,,,,,,,,,,,,,,,,,,,,,,,,,,,,,,,,,,effect_fade_1.5,play_time_mod_0.7,
Die/1,"mounniley,head,8,-534,3,0,4,1,1,0","mounniley,neck,-3,-504,-13,0,8,1,1,0","mounniley,body,1,-357,0,0,7,1,1,0","mounniley,arm_up,-84,-404,-26,0,7,1,0.9,0","mounniley,arm_low,-115,-329,-15,1,6,1,1,0","vraesier,fist,-127,-274,-22,0,7,1,1,0","mounniley,arm_up,75,-421,22,1,13,1,1,0","mounniley,arm_low,117,-358,45,0,5,1,1,0","vraesier,fist,157,-316,56,1,7,1,1.1,0","mounniley,leg_up,-44,-190,-4.2,1,11,1,0.9,0","mounniley,leg_low,-62,-92,-12,0,9,1,1,0","mounniley,foot,-50,-21,5.4,0,13,1,1,0","mounniley,leg_up,52,-196,26.7,1,15,1,1,0","mounniley,leg_low,77,-91,4.5,1,15,1,1,0","mounniley,foot,100,-27,7.5,0,17,1,1,0","mounniley,base,5,-270,-76,0,12,1,1,0",,"mounniley,cloak,-53,-401,-6,0,17,1,1,0",,,,,,,,,,,,,,,,,,,,,,,,,,,,,,,,,,,,,,,,,,,,,,,,,,,,,,,,,,,,,,,,,,,,,,,,,,,,,,,,,,,,,,,,,,,,,,,,,,,effect_fade_2,play_time_mod_0.7,
Die/2,"mounniley,head,3,-535,5,0,4,1,1,0","mounniley,neck,-7,-505,-12,0,8,1,1,0","mounniley,body,0,-358,1,0,7,1,1,0","mounniley,arm_up,-86,-403,-25,0,7,1,0.9,0","mounniley,arm_low,-116,-328,-14,1,6,1,1,0","vraesier,fist,-127,-273,-21,0,7,1,1,0","mounniley,arm_up,72,-423,23,1,13,1,1,0","mounniley,arm_low,116,-361,46,0,5,1,1,0","vraesier,fist,156,-319,57,1,7,1,1.1,0","mounniley,leg_up,-42,-190,-3.2,1,11,1,0.9,0","mounniley,leg_low,-59,-92,-16,0,9,1,1,0","mounniley,foot,-51,-21,4.4,0,13,1,1,0","mounniley,leg_up,55,-199,27.7,1,15,1,1,0","mounniley,leg_low,84,-93,7.5,1,15,1,1,0","mounniley,foot,110,-30,8.5,0,17,1,1,0","mounniley,base,5,-271,-75,0,12,1,1,0",,"mounniley,cloak,-55,-401,-5,0,17,1,1,0",,,,,,,,,,,,,,,,,,,,,,,,,,,,,,,,,,,,,,,,,,,,,,,,,,,,,,,,,,,,,,,,,,,,,,,,,,,,,,,,,,,,,,,,,,,,,,,,,,,effect_fade_3,play_time_mod_0.7,
Die/3,"mounniley,head,-6,-535,4,0,4,1,1,0","mounniley,neck,-16,-501,-10,0,8,1,1,0","mounniley,body,-2,-358,5,0,7,1,1,0","mounniley,arm_up,-93,-400,-25,0,7,1,0.9,0","mounniley,arm_low,-125,-325,-18,1,6,1,1,0","vraesier,fist,-140,-265,-24,0,7,1,1,0","mounniley,arm_up,65,-423,30,1,13,1,1,0","mounniley,arm_low,122,-361,60,0,5,1,1,0","vraesier,twopoint,192,-325,81,1,7,1,1.1,0","mounniley,leg_up,-41,-190,-7.2,1,11,1,0.9,0","mounniley,leg_low,-63,-92,-18,0,9,1,1,0","mounniley,foot,-58,-21,3.4,0,13,1,1,0","mounniley,leg_up,60,-201,27.7,1,15,1,1,0","mounniley,leg_low,90,-94,7.5,1,15,1,1,0","mounniley,foot,116,-31,8.5,0,17,1,1,0","mounniley,base,5,-271,-75,0,12,1,1,0",,"mounniley,cloak,-55,-401,-5,0,17,1,1,0",,,,,,,,,,,,,,,,,,,,,,,,,,,,,,,,,,,,,,,,,,,,,,,,,,,,,,,,,,,,,,,,,,,,,,,,,,,,,,,,,,,,,,,,,,,,,,,,,,,effect_fade_4,play_time_mod_0.7,
Die/4,"mounniley,head,-14,-534,1,0,4,1,1,0","mounniley,neck,-26,-501,-9,0,8,1,1,0","mounniley,body,-4,-358,7,0,7,1,1,0","mounniley,arm_up,-100,-400,-27,0,7,1,0.9,0","mounniley,arm_low,-134,-325,-20,1,6,1,1,0","vraesier,fist,-151,-265,-26,0,7,1,1,0","mounniley,arm_up,64,-431,40,1,13,1,1,0","mounniley,arm_low,131,-380,70,0,5,1,1,0","vraesier,twopoint,207,-357,91,1,7,1,1.1,0","mounniley,leg_up,-41,-190,-7.2,1,11,1,0.9,0","mounniley,leg_low,-63,-92,-18,0,9,1,1,0","mounniley,foot,-58,-21,3.4,0,13,1,1,0","mounniley,leg_up,60,-201,29.7,1,15,1,1,0","mounniley,leg_low,90,-94,7.5,1,15,1,1,0","mounniley,foot,116,-31,8.5,0,17,1,1,0","mounniley,base,3,-270,-70,0,12,1,1,0",,"mounniley,cloak,-55,-401,-5,0,17,1,1,0",,,,,,,,,,,,,,,,,,,,,,,,,,,,,,,,,,,,,,,,,,,,,,,,,,,,,,,,,,,,,,,,,,,,,,,,,,,,,,,,,,,,,,,,,,,,,,,,,,,effect_fade_5,play_time_mod_0.7,
Die/5,"mounniley,head,-14,-534,1,0,4,1,1,0","mounniley,neck,-26,-501,-9,0,8,1,1,0","mounniley,body,-4,-358,7,0,7,1,1,0","mounniley,arm_up,-100,-400,-27,0,7,1,0.9,0","mounniley,arm_low,-134,-325,-20,1,6,1,1,0","vraesier,fist,-151,-265,-26,0,7,1,1,0","mounniley,arm_up,67,-440,60,1,13,1,1,0","mounniley,arm_low,147,-415,90,0,5,1,1,0","vraesier,twopoint,226,-420,117,1,7,1,1.1,0","mounniley,leg_up,-41,-190,-7.2,1,11,1,0.9,0","mounniley,leg_low,-63,-92,-18,0,9,1,1,0","mounniley,foot,-58,-21,3.4,0,13,1,1,0","mounniley,leg_up,60,-201,29.7,1,15,1,1,0","mounniley,leg_low,90,-94,7.5,1,15,1,1,0","mounniley,foot,116,-31,8.5,0,17,1,1,0","mounniley,base,3,-270,-70,0,12,1,1,0",,"mounniley,cloak,-55,-401,-5,0,17,1,1,0",,,,,,,,,,,,,,,,,,,,,,,,,,,,,,,,,,,,,,,,,,,,,,,,,,,,,,,,,,,,,,,,,,,,,,,,,,,,,,,,,,,,,,,,,,,,,,,,,,,effect_fade_5,play_time_mod_0.7,
Die/6,"mounniley,head,-20,-536,6,0,4,1,1,0","mounniley,neck,-30,-503,-8,0,8,1,1,0","mounniley,body,-5,-360,8,0,7,1,1,0","mounniley,arm_up,-106,-401,-28,0,7,1,0.9,0","mounniley,arm_low,-141,-325,-21,1,6,1,1,0","vraesier,fist,-159,-265,-27,0,7,1,1,0","mounniley,arm_up,63,-452,71,1,13,1,1,0","mounniley,arm_low,147,-443,101,0,5,1,1,0","vraesier,twopoint,223,-463,128,1,7,1,1.1,0","mounniley,leg_up,-39,-192,-6.2,1,11,1,0.9,0","mounniley,leg_low,-60,-93,-17,0,9,1,1,0","mounniley,foot,-54,-22,4.4,0,13,1,1,0","mounniley,leg_up,65,-204,32.7,1,15,1,1,0","mounniley,leg_low,103,-98,12.5,1,15,1,1,0","mounniley,foot,138,-35,13.5,0,17,1,1,0","mounniley,base,3,-272,-69,0,12,1,1,0",,"mounniley,cloak,-57,-402,-4,0,17,1,1,0",,,,,,,,,,,,,,,,,,,,,,,,,,,,,,,,,,,,,,,,,,,,,,,,,,,,,,,,,,,,,,,,,,,,,,,,,,,,,,,,,,,,,,,,,,,,,,,,,,,effect_fade_8,play_time_mod_0.7,
Idle/0,"mounniley,head,6,-496,4,0,4,1,1,0","mounniley,neck,2,-462,-12,0,8,1,1,0","mounniley,body,2,-347,0,0,7,1,1,0","mounniley,arm_up,-70,-362,-26,0,7,1,1,0","mounniley,arm_low,-95,-269,-2,1,8,1,1,0","vraesier,fist,-93,-205,-12,0,9,1,1,0","mounniley,arm_up,64,-371,32,1,13,1,1,0","mounniley,arm_low,135,-338,99,0,8,1,1,0","vraesier,fist_back,194,-357,116,0,10,0.9,1,0","mounniley,leg_up,-41,-180,-12.2,0,16,1,1,0","mounniley,leg_low,-73,-82,-17,0,16,1,1,0","mounniley,foot,-67,-17,-13.6,0,13,1,1,0","mounniley,leg_up,36,-187,11.7,0,18,1,1,0","mounniley,leg_low,49,-81,5.5,0,20,0.9,1,0","mounniley,foot,78,-29,1.5,0,17,1,1,0","mounniley,base,116,-406,-120,1,12,1,1,0",,"mounniley,cloak,43,-417,17,0,6,1,1,0","mounniley,cloak_right,-38,-320,-23,0,0,1,1,0","mounniley,cloak_back,-13,-352,-2,0,16,1.3,0.9,0","mounniley,skirt,3,-227,-4,0,9,1,1,0",,,,,,,,,,,,,,,,,,,,,,,,,,,,,,,,,,,,,,,,,,,,,,,,,,,,,,,,,,,,,,,,,,,,,,,,,,,,,,,,,,,,,,,,,,,,,,,,play_time_mod_2,,
Idle/1,"mounniley,head,6,-496,5,0,4,1,1,0","mounniley,neck,2,-462,-12,0,8,1,1,0","mounniley,body,2,-347,0,0,7,1,1,0","mounniley,arm_up,-70,-362,-26,0,7,1,1,0","mounniley,arm_low,-95,-269,-2,1,8,1,1,0","vraesier,fist,-93,-205,-12,0,9,1,1,0","mounniley,arm_up,64,-371,32,1,13,1,1,0","mounniley,arm_low,135,-338,99,0,8,1,1,0","vraesier,fist_back,194,-357,116,0,10,0.9,1,0","mounniley,leg_up,-41,-180,-12.2,0,16,1,1,0","mounniley,leg_low,-73,-82,-17,0,16,1,1,0","mounniley,foot,-67,-17,-13.6,0,13,1,1,0","mounniley,leg_up,36,-187,11.7,0,18,1,1,0","mounniley,leg_low,49,-81,5.5,0,20,0.9,1,0","mounniley,foot,78,-29,1.5,0,17,1,1,0","mounniley,base,116,-406,-120,1,12,1,1,0",,"mounniley,cloak,43,-417,17,0,6,1,1,0","mounniley,cloak_right,-38,-320,-23,0,0,1,1,0","mounniley,cloak_back,-13,-352,-2,0,16,1.3,0.9,0","mounniley,skirt,3,-227,-4,0,9,1,1,0",,,,,,,,,,,,,,,,,,,,,,,,,,,,,,,,,,,,,,,,,,,,,,,,,,,,,,,,,,,,,,,,,,,,,,,,,,,,,,,,,,,,,,,,,,,,,,,,,,
Idle/2,"mounniley,head,6,-496,6,0,4,1,1,0","mounniley,neck,2,-462,-12,0,8,1,1,0","mounniley,body,2,-347,0,0,7,1,1,0","mounniley,arm_up,-70,-362,-26,0,7,1,1,0","mounniley,arm_low,-95,-269,-2,1,8,1,1,0","vraesier,fist,-93,-205,-12,0,9,1,1,0","mounniley,arm_up,64,-371,32,1,13,1,1,0","mounniley,arm_low,135,-338,99,0,8,1,1,0","vraesier,fist_back,194,-357,116,0,10,0.9,1,0","mounniley,leg_up,-41,-180,-12.2,0,16,1,1,0","mounniley,leg_low,-73,-82,-17,0,16,1,1,0","mounniley,foot,-67,-17,-13.6,0,13,1,1,0","mounniley,leg_up,36,-187,11.7,0,18,1,1,0","mounniley,leg_low,49,-81,5.5,0,20,0.9,1,0","mounniley,foot,78,-29,1.5,0,17,1,1,0","mounniley,base,116,-406,-120,1,12,1,1,0",,"mounniley,cloak,43,-417,17,0,6,1,1,0","mounniley,cloak_right,-38,-320,-23,0,0,1,1,0","mounniley,cloak_back,-13,-352,-3,0,16,1.3,0.9,0","mounniley,skirt,3,-227,-4,0,9,1,1,0",,,,,,,,,,,,,,,,,,,,,,,,,,,,,,,,,,,,,,,,,,,,,,,,,,,,,,,,,,,,,,,,,,,,,,,,,,,,,,,,,,,,,,,,,,,,,,,,,,
Idle/3,"mounniley,head,4,-496,7,0,4,1,1,0","mounniley,neck,0,-462,-12,0,8,1,1,0","mounniley,body,1,-347,1,0,7,1,1,0","mounniley,arm_up,-70,-361,-27,0,7,1,1,0","mounniley,arm_low,-96,-268,-3,1,8,1,1,0","vraesier,fist,-95,-204,-13,0,9,1,1,0","mounniley,arm_up,63,-371,33,1,13,1,1,0","mounniley,arm_low,135,-340,100,0,8,1,1,0","vraesier,fist_back,193,-359,117,0,10,0.9,1,0","mounniley,leg_up,-41,-180,-12.2,0,16,1,1,0","mounniley,leg_low,-73,-82,-17,0,16,1,1,0","mounniley,foot,-67,-17,-13.6,0,13,1,1,0","mounniley,leg_up,35,-187,12.7,0,18,1,1,0","mounniley,leg_low,49,-81,5.5,0,20,0.9,1,0","mounniley,foot,78,-29,1.5,0,17,1,1,0","mounniley,base,115,-408,-120,1,12,1,1,0",,"mounniley,cloak,42,-418,19,0,6,1,1,0","mounniley,cloak_right,-39,-319,-22,0,0,1,1,0","mounniley,cloak_back,-13,-352,-4,0,16,1.3,0.9,0","mounniley,skirt,2,-227,-3,0,9,1,1,0",,,,,,,,,,,,,,,,,,,,,,,,,,,,,,,,,,,,,,,,,,,,,,,,,,,,,,,,,,,,,,,,,,,,,,,,,,,,,,,,,,,,,,,,,,,,,,,,play_time_mod_1.2,,
Idle/4,"mounniley,head,1,-496,9,0,4,1,1,0","mounniley,neck,0,-462,-12,0,8,1,1,0","mounniley,body,0,-347,2,0,7,1,1,0","mounniley,arm_up,-71,-361,-28,0,7,1,1,0","mounniley,arm_low,-98,-268,-4,1,8,1,1,0","vraesier,fist,-98,-204,-14,0,9,1,1,0","mounniley,arm_up,61,-371,34,1,13,1,1,0","mounniley,arm_low,134,-341,101,0,8,1,1,0","vraesier,fist_back,191,-361,118,0,10,0.9,1,0","mounniley,leg_up,-41,-180,-12.2,0,16,1,1,0","mounniley,leg_low,-73,-82,-17,0,16,1,1,0","mounniley,foot,-67,-17,-13.6,0,13,1,1,0","mounniley,leg_up,35,-187,12.7,0,18,1,1,0","mounniley,leg_low,49,-81,5.5,0,20,0.9,1,0","mounniley,foot,78,-29,1.5,0,17,1,1,0","mounniley,base,113,-409,-119,1,12,1,1,0",,"mounniley,cloak,40,-419,20,0,6,1,1,0","mounniley,cloak_right,-40,-318,-21,0,0,1,1,0","mounniley,cloak_back,-14,-351,-6,0,16,1.3,0.9,0","mounniley,skirt,2,-227,-2,0,9,1,1,0",,,,,,,,,,,,,,,,,,,,,,,,,,,,,,,,,,,,,,,,,,,,,,,,,,,,,,,,,,,,,,,,,,,,,,,,,,,,,,,,,,,,,,,,,,,,,,,,play_time_mod_1.5,,
Idle/5,"mounniley,head,-1,-496,10,0,4,1,1,0","mounniley,neck,-2,-462,-11,0,8,1,1,0","mounniley,body,-2,-347,3,0,7,1,1,0","mounniley,arm_up,-72,-360,-27,0,7,1,1,0","mounniley,arm_low,-98,-267,-3,1,8,1,1,0","vraesier,fist,-97,-203,-13,0,9,1,1,0","mounniley,arm_up,59,-371,35,1,13,1,1,0","mounniley,arm_low,133,-342,102,0,8,1,1,0","vraesier,fist_back,189,-363,119,0,10,0.9,1,0","mounniley,leg_up,-41,-180,-12.2,0,16,1,1,0","mounniley,leg_low,-73,-82,-17,0,16,1,1,0","mounniley,foot,-67,-17,-13.6,0,13,1,1,0","mounniley,leg_up,35,-187,12.7,0,18,1,1,0","mounniley,leg_low,49,-81,5.5,0,20,0.9,1,0","mounniley,foot,78,-29,1.5,0,17,1,1,0","mounniley,base,113,-410,-119,1,12,1,1,0",,"mounniley,cloak,37,-420,21,0,6,1,1,0","mounniley,cloak_right,-41,-317,-20,0,0,1,1,0","mounniley,cloak_back,-16,-351,-7,0,16,1.3,0.9,0","mounniley,skirt,2,-227,-2,0,9,1,1,0",,,,,,,,,,,,,,,,,,,,,,,,,,,,,,,,,,,,,,,,,,,,,,,,,,,,,,,,,,,,,,,,,,,,,,,,,,,,,,,,,,,,,,,,,,,,,,,,play_time_mod_1.5,,
Idle/6,"mounniley,head,1,-496,9,0,4,1,1,0","mounniley,neck,0,-462,-12,0,8,1,1,0","mounniley,body,0,-347,2,0,7,1,1,0","mounniley,arm_up,-71,-361,-28,0,7,1,1,0","mounniley,arm_low,-98,-268,-4,1,8,1,1,0","vraesier,fist,-98,-204,-14,0,9,1,1,0","mounniley,arm_up,61,-371,34,1,13,1,1,0","mounniley,arm_low,134,-341,101,0,8,1,1,0","vraesier,fist_back,191,-361,118,0,10,0.9,1,0","mounniley,leg_up,-41,-180,-12.2,0,16,1,1,0","mounniley,leg_low,-73,-82,-17,0,16,1,1,0","mounniley,foot,-67,-17,-13.6,0,13,1,1,0","mounniley,leg_up,35,-187,12.7,0,18,1,1,0","mounniley,leg_low,49,-81,5.5,0,20,0.9,1,0","mounniley,foot,78,-29,1.5,0,17,1,1,0","mounniley,base,113,-409,-119,1,12,1,1,0",,"mounniley,cloak,40,-419,20,0,6,1,1,0","mounniley,cloak_right,-40,-318,-21,0,0,1,1,0","mounniley,cloak_back,-14,-351,-6,0,16,1.3,0.9,0","mounniley,skirt,2,-227,-2,0,9,1,1,0",,,,,,,,,,,,,,,,,,,,,,,,,,,,,,,,,,,,,,,,,,,,,,,,,,,,,,,,,,,,,,,,,,,,,,,,,,,,,,,,,,,,,,,,,,,,,,,,,,
Idle/7,"mounniley,head,4,-496,7,0,4,1,1,0","mounniley,neck,0,-462,-12,0,8,1,1,0","mounniley,body,1,-347,1,0,7,1,1,0","mounniley,arm_up,-70,-361,-27,0,7,1,1,0","mounniley,arm_low,-96,-268,-3,1,8,1,1,0","vraesier,fist,-95,-204,-13,0,9,1,1,0","mounniley,arm_up,63,-371,33,1,13,1,1,0","mounniley,arm_low,135,-340,100,0,8,1,1,0","vraesier,fist_back,193,-359,117,0,10,0.9,1,0","mounniley,leg_up,-41,-180,-12.2,0,16,1,1,0","mounniley,leg_low,-73,-82,-17,0,16,1,1,0","mounniley,foot,-67,-17,-13.6,0,13,1,1,0","mounniley,leg_up,35,-187,12.7,0,18,1,1,0","mounniley,leg_low,49,-81,5.5,0,20,0.9,1,0","mounniley,foot,78,-29,1.5,0,17,1,1,0","mounniley,base,115,-408,-120,1,12,1,1,0",,"mounniley,cloak,42,-418,19,0,6,1,1,0","mounniley,cloak_right,-39,-319,-22,0,0,1,1,0","mounniley,cloak_back,-13,-352,-4,0,16,1.3,0.9,0","mounniley,skirt,2,-227,-3,0,9,1,1,0",,,,,,,,,,,,,,,,,,,,,,,,,,,,,,,,,,,,,,,,,,,,,,,,,,,,,,,,,,,,,,,,,,,,,,,,,,,,,,,,,,,,,,,,,,,,,,,,play_time_mod_1.5,,
Idle/8,"mounniley,head,6,-496,6,0,4,1,1,0","mounniley,neck,2,-462,-12,0,8,1,1,0","mounniley,body,2,-347,0,0,7,1,1,0","mounniley,arm_up,-70,-362,-26,0,7,1,1,0","mounniley,arm_low,-95,-269,-2,1,8,1,1,0","vraesier,fist,-93,-205,-12,0,9,1,1,0","mounniley,arm_up,64,-371,32,1,13,1,1,0","mounniley,arm_low,135,-338,99,0,8,1,1,0","vraesier,fist_back,194,-357,116,0,10,0.9,1,0","mounniley,leg_up,-41,-180,-12.2,0,16,1,1,0","mounniley,leg_low,-73,-82,-17,0,16,1,1,0","mounniley,foot,-67,-17,-13.6,0,13,1,1,0","mounniley,leg_up,36,-187,11.7,0,18,1,1,0","mounniley,leg_low,49,-81,5.5,0,20,0.9,1,0","mounniley,foot,78,-29,1.5,0,17,1,1,0","mounniley,base,116,-406,-120,1,12,1,1,0",,"mounniley,cloak,43,-417,17,0,6,1,1,0","mounniley,cloak_right,-38,-320,-23,0,0,1,1,0","mounniley,cloak_back,-13,-352,-3,0,16,1.3,0.9,0","mounniley,skirt,3,-227,-4,0,9,1,1,0",,,,,,,,,,,,,,,,,,,,,,,,,,,,,,,,,,,,,,,,,,,,,,,,,,,,,,,,,,,,,,,,,,,,,,,,,,,,,,,,,,,,,,,,,,,,,,,,play_time_mod_1.2,,
Idle/9,"mounniley,head,6,-496,5,0,4,1,1,0","mounniley,neck,2,-462,-12,0,8,1,1,0","mounniley,body,2,-347,0,0,7,1,1,0","mounniley,arm_up,-70,-362,-26,0,7,1,1,0","mounniley,arm_low,-95,-269,-2,1,8,1,1,0","vraesier,fist,-93,-205,-12,0,9,1,1,0","mounniley,arm_up,64,-371,32,1,13,1,1,0","mounniley,arm_low,135,-338,99,0,8,1,1,0","vraesier,fist_back,194,-357,116,0,10,0.9,1,0","mounniley,leg_up,-41,-180,-12.2,0,16,1,1,0","mounniley,leg_low,-73,-82,-17,0,16,1,1,0","mounniley,foot,-67,-17,-13.6,0,13,1,1,0","mounniley,leg_up,36,-187,11.7,0,18,1,1,0","mounniley,leg_low,49,-81,5.5,0,20,0.9,1,0","mounniley,foot,78,-29,1.5,0,17,1,1,0","mounniley,base,116,-406,-120,1,12,1,1,0",,"mounniley,cloak,43,-417,17,0,6,1,1,0","mounniley,cloak_right,-38,-320,-23,0,0,1,1,0","mounniley,cloak_back,-13,-352,-2,0,16,1.3,0.9,0","mounniley,skirt,3,-227,-4,0,9,1,1,0",,,,,,,,,,,,,,,,,,,,,,,,,,,,,,,,,,,,,,,,,,,,,,,,,,,,,,,,,,,,,,,,,,,,,,,,,,,,,,,,,,,,,,,,,,,,,,,,play_time_mod_1.2,,
Run/0,"mounniley,smile,60,-491,-3,0,4,1,1,0","mounniley,neck,47,-458,-21,0,8,1,1,0","mounniley,body,25,-348,-12,0,7,1,1,0","mounniley,arm_up,-50,-368,-16,0,6,1,1,0","mounniley,arm_low,-44,-284,28,1,7,1,1,0","vraesier,fist,-12,-230,18,0,8,1,1,0","mounniley,arm_up,90,-359,22,1,13,1,1,0","mounniley,arm_low,156,-327,107,0,8,1,1,0","vraesier,fist_back,213,-350,117,0,10,0.9,1,0","mounniley,leg_up,-43,-182,-17.2,0,16,1,1,0","mounniley,leg_low,-85,-101,-32,0,16,1,1,0","mounniley,foot,-106,-27,-33.6,0,13,1,1,0","mounniley,leg_up,41,-197,41.7,0,18,1,1,0","mounniley,leg_low,85,-118,15.5,0,20,0.9,1,0","mounniley,foot,122,-72,11.5,0,17,1,1,0","mounniley,base,140,-405,-125,1,12,1,1,0",,"mounniley,cloak,78,-408,7,0,6,1,1,0","mounniley,cloak_right,-19,-327,-33,0,0,1,1,0","mounniley,cloak_back,-8,-370,-44,0,16,1.1,0.9,0","mounniley,skirt,5,-228,-9,0,9,1,1,0",,,,,,,,,,,,,,,,,,,,,,,,,,,,,,,,,,,,,,,,,,,,,,,,,,,,,,,,,,,,,,,,,,,,,,,,,,,,,,,,,,,,,,,,,,,,,,,,,play_time_mod_0.8,
Run/1,"mounniley,smile,64,-504,-5,0,4,1,1,0","mounniley,neck,50,-471,-22,0,8,1,1,0","mounniley,body,26,-361,-13,0,7,1,1,0","mounniley,arm_up,-43,-383,-17,0,6,1,1,0","mounniley,arm_low,-39,-300,27,1,7,1,1,0","vraesier,fist,-8,-245,17,0,8,1,1,0","mounniley,arm_up,94,-379,32,1,13,1,1,0","mounniley,arm_low,165,-353,107,0,8,1,1,0","vraesier,fist_back,221,-378,120,0,10,0.9,1,0","mounniley,leg_up,-56,-197,-28.2,0,16,1,1,0","mounniley,leg_low,-118,-127,-43,0,16,1,1,0","mounniley,foot,-150,-63,-44.6,0,13,1,1,0","mounniley,leg_up,69,-189,38.7,0,18,1,1,0","mounniley,leg_low,115,-112,32.5,0,20,0.9,1,0","mounniley,foot,166,-81,28.5,0,17,1,1,0","mounniley,base,147,-430,-127,1,12,1,1,0",,"mounniley,cloak,80,-420,6,0,6,1,1,0","mounniley,cloak_right,-18,-341,-34,0,0,1,1,0","mounniley,cloak_back,-6,-387,-51,0,16,1.1,0.9,0","mounniley,skirt,4,-242,-10,0,9,1,1,0",,,,,,,,,,,,,,,,,,,,,,,,,,,,,,,,,,,,,,,,,,,,,,,,,,,,,,,,,,,,,,,,,,,,,,,,,,,,,,,,,,,,,,,,,,,,,,,,,play_time_mod_0.8,
Run/2,"mounniley,smile,80,-508,-6,0,4,1,1,0","mounniley,neck,62,-479,-26,0,8,1,1,0","mounniley,body,30,-369,-17,0,7,1,1,0","mounniley,arm_up,-22,-390,-11,0,6,1,1,0","mounniley,arm_low,-11,-309,33,1,7,1,1,0","vraesier,fist,25,-254,23,0,8,1,1,0","mounniley,arm_up,102,-383,28,1,13,1,1,0","mounniley,arm_low,170,-346,95,0,8,1,1,0","vraesier,fist_back,228,-361,112,0,10,0.9,1,0","mounniley,leg_up,-69,-224,-42.2,0,16,1,1,0","mounniley,leg_low,-140,-177,-57,0,16,1,1,0","mounniley,foot,-197,-133,-78.6,0,13,1,1,0","mounniley,leg_up,71,-213,44.7,0,18,1,1,0","mounniley,leg_low,138,-142,41.5,0,20,0.9,1,0","mounniley,foot,192,-114,37.5,0,17,1,1,0","mounniley,base,159,-425,-134,1,12,1,1,0",,"mounniley,cloak,88,-424,2,0,6,1,1,0","mounniley,cloak_right,-14,-353,-38,0,0,1,1,0","mounniley,cloak_back,2,-415,-65,0,16,1.1,0.9,0","mounniley,skirt,0,-254,-14,0,9,1.1,1,0",,,,,,,,,,,,,,,,,,,,,,,,,,,,,,,,,,,,,,,,,,,,,,,,,,,,,,,,,,,,,,,,,,,,,,,,,,,,,,,,,,,,,,,,,,,,,,,,,play_time_mod_0.8,
Run/3,"mounniley,smile,113,-454,-16,0,4,1,1,0","mounniley,neck,90,-428,-36,0,8,1,1,0","mounniley,body,40,-323,-29,0,7,1,1,0","mounniley,arm_up,-15,-352,1,0,6,1,1,0","mounniley,arm_low,10,-268,35,1,7,1,1,0","vraesier,fist,47,-219,25,0,8,1,1,0","mounniley,arm_up,113,-316,19,1,13,1,1,0","mounniley,arm_low,172,-277,97,0,8,1,1,0","vraesier,fist_back,229,-293,114,0,10,0.9,1,0","mounniley,leg_up,-83,-200,-52.2,0,16,1,1,0","mounniley,leg_low,-159,-170,-77,0,16,1,1,0","mounniley,foot,-227,-149,-98.6,0,13,1,1,0","mounniley,leg_up,61,-157,44.7,0,18,1,1,0","mounniley,leg_low,112,-66,21.5,0,20,0.9,1,0","mounniley,foot,145,-16,0.5,0,17,1,1,0","mounniley,base,171,-362,-139,1,12,1,1,0",,"mounniley,cloak,107,-370,-8,0,6,1,1,0","mounniley,cloak_right,4,-317,-40,0,0,1,1,0","mounniley,cloak_back,40,-406,-168,0,16,1.1,0.9,0","mounniley,skirt,-12,-212,-24,0,9,1.1,1,0",,,,,,,,,,,,,,,,,,,,,,,,,,,,,,,,,,,,,,,,,,,,,,,,,,,,,,,,,,,,,,,,,,,,,,,,,,,,,,,,,,,,,,,,,,,,,,,,,play_time_mod_0.8,
Run/4,"mounniley,smile,117,-442,-14,0,4,1,1,0","mounniley,neck,95,-418,-39,0,8,1,1,0","mounniley,body,39,-312,-32,0,7,1,1,0","mounniley,arm_up,-19,-358,-27,0,6,1,1,0","mounniley,arm_low,-46,-270,-3,1,7,1,1,0","vraesier,fist,-46,-205,-13,0,8,1,1,0","mounniley,arm_up,112,-306,16,1,13,1,1,0","mounniley,arm_low,171,-252,83,0,8,1,1,0","vraesier,fist_back,231,-254,100,0,10,0.9,1,0","mounniley,leg_up,-81,-195,-38.2,0,16,1,1,0","mounniley,leg_low,-159,-150,-77,0,16,1,1,0","mounniley,foot,-227,-119,-91.6,0,13,1,1,0","mounniley,leg_up,58,-148,40.7,0,18,1,1,0","mounniley,leg_low,99,-66,15.5,0,20,0.9,1,0","mounniley,foot,128,-16,2.5,0,17,1,1,0","mounniley,base,173,-324,-140,1,12,1,1,0",,"mounniley,cloak,109,-360,-11,0,6,1,1,0","mounniley,cloak_right,-7,-313,-51,0,0,1,1,0","mounniley,cloak_back,45,-376,-161,0,16,1.1,0.9,0","mounniley,skirt,-15,-211,-20,0,9,1.1,1,0",,,,,,,,,,,,,,,,,,,,,,,,,,,,,,,,,,,,,,,,,,,,,,,,,,,,,,,,,,,,,,,,,,,,,,,,,,,,,,,,,,,,,,,,,,,,,,,,play_time_mod_1,play_time_mod_0.8,
Run/5,"mounniley,smile,102,-452,-10,0,4,1,1,0","mounniley,neck,81,-425,-34,0,8,1,1,0","mounniley,body,35,-315,-27,0,7,1,1,0","mounniley,arm_up,-37,-353,-36,0,6,1,1,0","mounniley,arm_low,-72,-266,-12,1,7,1,1,0","vraesier,fist,-83,-204,-22,0,8,1,1,0","mounniley,arm_up,108,-317,25,1,13,1,1,0","mounniley,arm_low,176,-276,92,0,8,1,1,0","vraesier,fist_back,232,-287,109,0,10,0.9,1,0","mounniley,leg_up,-64,-185,-28.2,0,16,1,1,0","mounniley,leg_low,-125,-121,-57,0,16,1,1,0","mounniley,foot,-179,-68,-71.6,0,13,1,1,0","mounniley,leg_up,30,-152,13.7,0,18,1,1,0","mounniley,leg_low,35,-66,-1.5,0,20,0.9,1,0","mounniley,foot,58,-16,0.5,0,17,1,1,0","mounniley,base,161,-346,-127,1,12,1,1,0",,"mounniley,cloak,100,-368,-6,0,6,1,1,0","mounniley,cloak_right,-11,-311,-46,0,0,1,1,0","mounniley,cloak_back,26,-351,-146,0,16,1.1,0.9,0","mounniley,skirt,-9,-209,-15,0,9,1.1,1,0",,,,,,,,,,,,,,,,,,,,,,,,,,,,,,,,,,,,,,,,,,,,,,,,,,,,,,,,,,,,,,,,,,,,,,,,,,,,,,,,,,,,,,,,,,,,,,,,,play_time_mod_0.8,
Run/6,"mounniley,smile,101,-448,-7,0,4,1,1,0","mounniley,neck,78,-420,-34,0,8,1,1,0","mounniley,body,35,-308,-30,0,7,1,1,0","mounniley,arm_up,-40,-353,-40,0,6,1,1,0","mounniley,arm_low,-89,-266,-16,1,7,1,1,0","vraesier,fist,-104,-204,-26,0,8,1,1,0","mounniley,arm_up,108,-313,22,1,13,1,1,0","mounniley,arm_low,175,-271,96,0,8,1,1,0","vraesier,fist_back,227,-286,113,0,10,0.9,1,0","mounniley,leg_up,-44,-185,21.8,0,16,1,1,0","mounniley,leg_low,-65,-119,-57,0,16,1,1,0","mounniley,foot,-119,-66,-71.6,0,13,1,1,0","mounniley,leg_up,0,-150,-16.3,0,18,1,1,0","mounniley,leg_low,-30,-68,-21.5,0,20,0.9,1,0","mounniley,foot,-21,-14,-9.5,0,17,1,1,0","mounniley,base,151,-338,-122,1,12,1,1,0",,"mounniley,cloak,100,-362,-7,0,6,1,1,0","mounniley,cloak_right,-11,-307,-47,0,0,1,1,0","mounniley,cloak_back,21,-327,-59,0,16,1.1,0.9,0","mounniley,skirt,-14,-205,-20,0,9,1.1,1,0",,,,,,,,,,,,,,,,,,,,,,,,,,,,,,,,,,,,,,,,,,,,,,,,,,,,,,,,,,,,,,,,,,,,,,,,,,,,,,,,,,,,,,,,,,,,,,,,,play_time_mod_0.8,
Run/7,"mounniley,smile,102,-457,-6,0,4,1,1,0","mounniley,neck,80,-426,-34,0,8,1,1,0","mounniley,body,37,-315,-30,0,7,1,1,0","mounniley,arm_up,-36,-363,-50,0,6,1,1,0","mounniley,arm_low,-97,-284,-26,1,7,1,1,0","vraesier,fist,-122,-228,-36,0,8,1,1,0","mounniley,arm_up,110,-320,28,1,13,1,1,0","mounniley,arm_low,181,-291,110,0,8,1,1,0","vraesier,fist_back,231,-316,119,0,10,0.9,1,0","mounniley,leg_up,-26,-195,29.8,0,16,1,1,0","mounniley,leg_low,-25,-120,-29,0,16,1,1,0","mounniley,foot,-49,-47,-43.6,0,13,1,1,0","mounniley,leg_up,-6,-158,-28.3,0,18,1,1,0","mounniley,leg_low,-56,-77,-33.5,0,20,0.9,1,0","mounniley,foot,-59,-22,-21.5,0,17,1,1,0","mounniley,base,151,-358,-118,1,12,1,1,0",,"mounniley,cloak,102,-369,-7,0,6,1,1,0","mounniley,cloak_right,-9,-314,-47,0,0,1,1,0","mounniley,cloak_back,15,-344,-64,0,16,1.1,0.9,0","mounniley,skirt,-10,-212,-20,0,9,1.1,1,0",,,,,,,,,,,,,,,,,,,,,,,,,,,,,,,,,,,,,,,,,,,,,,,,,,,,,,,,,,,,,,,,,,,,,,,,,,,,,,,,,,,,,,,,,,,,,,,,,play_time_mod_0.8,
Run/8,"mounniley,smile,88,-474,-4,0,4,1,1,0","mounniley,neck,58,-446,-28,0,8,1,1,0","mounniley,body,27,-329,-24,0,7,1,1,0","mounniley,arm_up,-47,-378,-54,0,6,1,1,0","mounniley,arm_low,-112,-303,-30,1,7,1,1,0","vraesier,fist,-141,-248,-40,0,8,1,1,0","mounniley,arm_up,98,-343,34,1,13,1,1,0","mounniley,arm_low,174,-315,107,0,8,1,1,0","vraesier,fist_back,225,-336,114,0,10,0.9,1,0","mounniley,leg_up,-16,-195,40.8,0,16,1,1,0","mounniley,leg_low,18,-119,11,0,16,1,1,0","mounniley,foot,48,-48,-3.6,0,13,1,1,0","mounniley,leg_up,-26,-158,-48.3,0,18,1,1,0","mounniley,leg_low,-98,-94,-53.5,0,20,0.9,1,0","mounniley,foot,-121,-45,-41.5,0,17,1,1,0","mounniley,base,147,-378,-118,1,12,1,1,0",,"mounniley,cloak,85,-394,0,0,6,1,1,0","mounniley,cloak_right,-22,-331,-45,0,0,1,1,0","mounniley,cloak_back,2,-388,-58,0,16,1.1,0.9,0","mounniley,skirt,-11,-230,-7,0,9,1,1,0",,,,,,,,,,,,,,,,,,,,,,,,,,,,,,,,,,,,,,,,,,,,,,,,,,,,,,,,,,,,,,,,,,,,,,,,,,,,,,,,,,,,,,,,,,,,,,,,,play_time_mod_0.8,
Run/9,"mounniley,smile,69,-495,3,0,4,1,1,0","mounniley,neck,45,-462,-24,0,8,1,1,0","mounniley,body,22,-345,-20,0,7,1,1,0","mounniley,arm_up,-50,-396,-54,0,6,1,1,0","mounniley,arm_low,-116,-330,-32,1,7,1,1,0","vraesier,fist,-144,-275,-40,0,8,1,1,0","mounniley,arm_up,91,-368,41,1,13,1,1,0","mounniley,arm_low,169,-358,124,0,8,1,1,0","vraesier,fist_back,217,-396,130,0,10,0.9,1,0","mounniley,leg_up,-10,-225,42.8,0,16,1,1,0","mounniley,leg_low,65,-144,33,0,16,1,1,0","mounniley,foot,120,-87,18.4,0,13,1,1,0","mounniley,leg_up,-22,-173,-49.3,0,18,1,1,0","mounniley,leg_low,-104,-129,-72.5,0,20,0.9,1,0","mounniley,foot,-141,-88,-60.5,0,17,1,1,0","mounniley,base,124,-415,-105,1,12,1,1,0",,"mounniley,cloak,76,-414,4,0,6,1,1,0","mounniley,cloak_right,-27,-343,-41,0,0,1,1,0","mounniley,cloak_back,-7,-400,-54,0,16,1.1,0.9,0","mounniley,skirt,-8,-242,-3,0,9,1,1,0",,,,,,,,,,,,,,,,,,,,,,,,,,,,,,,,,,,,,,,,,,,,,,,,,,,,,,,,,,,,,,,,,,,,,,,,,,,,,,,,,,,,,,,,,,,,,,,,,play_time_mod_0.8,
Run/10,"mounniley,smile,93,-470,-3,0,4,1,1,0","mounniley,neck,66,-440,-30,0,8,1,1,0","mounniley,body,31,-325,-26,0,7,1,1,0","mounniley,arm_up,-35,-383,-60,0,6,1,1,0","mounniley,arm_low,-113,-328,-52,1,7,1,1,0","vraesier,fist,-157,-290,-60,0,8,1,1,0","mounniley,arm_up,103,-339,35,1,13,1,1,0","mounniley,arm_low,171,-320,108,0,8,1,1,0","vraesier,fist_back,222,-343,104,0,10,0.9,1,0","mounniley,leg_up,-1,-185,35.8,0,16,1,1,0","mounniley,leg_low,54,-105,33,0,16,1,1,0","mounniley,foot,108,-48,18.4,0,13,1,1,0","mounniley,leg_up,-59,-168,-63.3,0,18,1,1,0","mounniley,leg_low,-150,-143,-86.5,0,20,0.9,1,0","mounniley,foot,-197,-118,-87.5,0,17,1,1,0","mounniley,base,150,-384,-121,1,12,1,1,0",,"mounniley,cloak,93,-387,-2,0,6,1,1,0","mounniley,cloak_right,-17,-327,-47,0,0,1,1,0","mounniley,cloak_back,2,-361,-50,0,16,1.1,0.9,0","mounniley,skirt,-8,-224,-9,0,9,1,1,0",,,,,,,,,,,,,,,,,,,,,,,,,,,,,,,,,,,,,,,,,,,,,,,,,,,,,,,,,,,,,,,,,,,,,,,,,,,,,,,,,,,,,,,,,,,,,,,,,play_time_mod_0.8,
Run/11,"mounniley,smile,112,-425,-11,0,4,1,1,0","mounniley,neck,86,-399,-38,0,8,1,1,0","mounniley,body,35,-287,-32,0,7,1,1,0","mounniley,arm_up,-23,-358,-68,0,6,1,1,0","mounniley,arm_low,-107,-315,-60,1,7,1,1,0","vraesier,fist,-157,-281,-68,0,8,1,1,0","mounniley,arm_up,107,-293,30,1,13,1,1,0","mounniley,arm_low,175,-269,103,0,8,1,1,0","vraesier,fist_back,226,-287,99,0,10,0.9,1,0","mounniley,leg_up,-5,-147,34.8,0,16,1,1,0","mounniley,leg_low,42,-71,29,0,16,1,1,0","mounniley,foot,92,-11,14.4,0,13,1,1,0","mounniley,leg_up,-63,-142,-67.3,0,18,1,1,0","mounniley,leg_low,-157,-138,-100.5,0,20,0.9,1,0","mounniley,foot,-206,-125,-101.5,0,17,1,1,0","mounniley,base,159,-334,-126,1,12,1,1,0",,"mounniley,cloak,105,-343,-10,0,6,1,1,0","mounniley,cloak_right,-13,-299,-55,0,0,1,1,0","mounniley,cloak_back,10,-335,-58,0,16,1.1,0.9,0","mounniley,skirt,-18,-194,-15,0,9,1,1,0",,,,,,,,,,,,,,,,,,,,,,,,,,,,,,,,,,,,,,,,,,,,,,,,,,,,,,,,,,,,,,,,,,,,,,,,,,,,,,,,,,,,,,,,,,,,,,,,play_time_mod_1,play_time_mod_0.8,
Run/12,"mounniley,smile,117,-419,-15,0,4,1,1,0","mounniley,neck,86,-396,-38,0,8,1,1,0","mounniley,body,35,-282,-34,0,7,1,1,0","mounniley,arm_up,-31,-356,-58,0,6,1,1,0","mounniley,arm_low,-106,-299,-50,1,7,1,1,0","vraesier,fist,-149,-257,-58,0,8,1,1,0","mounniley,arm_up,107,-286,27,1,13,1,1,0","mounniley,arm_low,172,-259,100,0,8,1,1,0","vraesier,fist_back,226,-274,96,0,10,0.9,1,0","mounniley,leg_up,-5,-147,24.8,0,16,1,1,0","mounniley,leg_low,21,-71,13,0,16,1,1,0","mounniley,foot,52,-11,-0.6,0,13,1,1,0","mounniley,leg_up,-48,-133,-53.3,0,18,1,1,0","mounniley,leg_low,-139,-107,-90.5,0,20,0.9,1,0","mounniley,foot,-184,-86,-91.5,0,17,1,1,0","mounniley,base,162,-324,-129,1,12,1,1,0",,"mounniley,cloak,105,-333,-17,0,6,1,1,0","mounniley,cloak_right,-16,-299,-58,0,0,1,1,0","mounniley,cloak_back,21,-326,-50,0,16,1.1,0.9,0","mounniley,skirt,-18,-188,-10,0,9,1,1,0",,,,,,,,,,,,,,,,,,,,,,,,,,,,,,,,,,,,,,,,,,,,,,,,,,,,,,,,,,,,,,,,,,,,,,,,,,,,,,,,,,,,,,,,,,,,,,,,,play_time_mod_0.8,
Run/13,"mounniley,smile,93,-433,-5,0,4,1,1,0","mounniley,neck,63,-408,-26,0,8,1,1,0","mounniley,body,21,-297,-21,0,7,1,1,0","mounniley,arm_up,-37,-355,-54,0,6,1,1,0","mounniley,arm_low,-102,-288,-36,1,7,1,1,0","vraesier,fist,-133,-236,-44,0,8,1,1,0","mounniley,arm_up,95,-296,31,1,13,1,1,0","mounniley,arm_low,164,-269,112,0,8,1,1,0","vraesier,fist_back,214,-292,100,0,10,0.9,1,0","mounniley,leg_up,-17,-147,14.8,0,16,1,1,0","mounniley,leg_low,-7,-71,3,0,16,1,1,0","mounniley,foot,15,-11,-5.6,0,13,1,1,0","mounniley,leg_up,-28,-133,-43.3,0,18,1,1,0","mounniley,leg_low,-105,-99,-88.5,0,20,0.9,1,0","mounniley,foot,-148,-76,-89.5,0,17,1,1,0","mounniley,base,148,-338,-125,1,12,1,1,0",,"mounniley,cloak,91,-347,-10,0,6,1,1,0","mounniley,cloak_right,-28,-299,-51,0,0,1,1,0","mounniley,cloak_back,19,-327,-33,0,16,1.1,0.9,0","mounniley,skirt,-16,-193,-4,0,9,1,1,0",,,,,,,,,,,,,,,,,,,,,,,,,,,,,,,,,,,,,,,,,,,,,,,,,,,,,,,,,,,,,,,,,,,,,,,,,,,,,,,,,,,,,,,,,,,,,,,,,play_time_mod_0.8,
Run/14,"mounniley,smile,70,-467,-1,0,4,1,1,0","mounniley,neck,41,-439,-22,0,8,1,1,0","mounniley,body,15,-325,-12,0,7,1,1,0","mounniley,arm_up,-38,-374,-44,0,6,1,1,0","mounniley,arm_low,-90,-297,-22,1,7,1,1,0","vraesier,fist,-107,-239,-27,0,8,1,1,0","mounniley,arm_up,93,-329,29,1,13,1,1,0","mounniley,arm_low,155,-303,115,0,8,1,1,0","vraesier,fist_back,207,-328,103,0,10,0.9,1,0","mounniley,leg_up,-27,-161,4.8,0,16,1,1,0","mounniley,leg_low,-37,-85,-7,0,16,1,1,0","mounniley,foot,-25,-25,-5.6,0,13,1,1,0","mounniley,leg_up,21,-177,-3.3,0,18,1,1,0","mounniley,leg_low,-25,-103,-58.5,0,20,0.9,1,0","mounniley,foot,-78,-50,-79.5,0,17,1,1,0","mounniley,base,141,-380,-128,1,12,1,1,0",,"mounniley,cloak,76,-378,0,0,6,1,1,0","mounniley,cloak_right,-33,-310,-41,0,0,1,1,0","mounniley,cloak_back,8,-346,-23,0,16,1.1,0.9,0","mounniley,skirt,-10,-215,-4,0,9,1,1,0",,,,,,,,,,,,,,,,,,,,,,,,,,,,,,,,,,,,,,,,,,,,,,,,,,,,,,,,,,,,,,,,,,,,,,,,,,,,,,,,,,,,,,,,,,,,,,,,,play_time_mod_0.8,
Run/15,"mounniley,smile,66,-478,1,0,4,1,1,0","mounniley,neck,37,-448,-20,0,8,1,1,0","mounniley,body,14,-335,-10,0,7,1,1,0","mounniley,arm_up,-40,-381,-42,0,6,1,1,0","mounniley,arm_low,-69,-305,0,1,6,1,1,0","vraesier,fist,-62,-245,-7,0,7,1,1,0","mounniley,arm_up,94,-338,35,1,13,1,1,0","mounniley,arm_low,161,-322,119,0,8,1,1,0","vraesier,fist_back,211,-351,113,0,10,0.9,1,0","mounniley,leg_up,-47,-173,-15.2,0,16,1,1,0","mounniley,leg_low,-82,-96,-27,0,16,1,1,0","mounniley,foot,-90,-34,-25.6,0,13,1,1,0","mounniley,leg_up,31,-187,16.7,0,18,1,1,0","mounniley,leg_low,30,-113,-18.5,0,20,0.9,1,0","mounniley,foot,24,-47,-29.5,0,17,1,1,0","mounniley,base,142,-395,-121,1,12,1,1,0",,"mounniley,cloak,74,-389,2,0,6,1,1,0","mounniley,cloak_right,-31,-317,-39,0,0,1,1,0","mounniley,cloak_back,-3,-360,-34,0,16,1.1,0.9,0","mounniley,skirt,-6,-224,-2,0,9,1,1,0",,,,,,,,,,,,,,,,,,,,,,,,,,,,,,,,,,,,,,,,,,,,,,,,,,,,,,,,,,,,,,,,,,,,,,,,,,,,,,,,,,,,,,,,,,,,,,,,,play_time_mod_0.8,
Walk/0,"mounniley,smile,2,-497,7,0,4,1,1,0","mounniley,neck,-1,-462,-10,0,8,1,1,0","mounniley,body,0,-351,1,0,7,1,1,0","mounniley,arm_up,-70,-362,-26,0,7,1,1,0","mounniley,arm_low,-91,-271,-1,1,8,1,1,0","vraesier,fist,-86,-207,-8,0,9,1,1,0","mounniley,arm_up,62,-373,35,1,13,1,1,0","mounniley,arm_low,136,-343,102,0,8,1,1,0","vraesier,fist_back,192,-365,119,0,10,0.9,1,0","mounniley,leg_up,-43,-180,-13.2,0,16,1,1,0","mounniley,leg_low,-72,-83,-19,0,16,1,1,0","mounniley,foot,-71,-17,-15.6,0,13,1,1,0","mounniley,leg_up,49,-177,29.7,0,18,1,1,0","mounniley,leg_low,72,-94,1.5,0,20,0.9,1,0","mounniley,foot,94,-41,-3.5,0,17,1,1,0","mounniley,base,111,-415,-117,1,12,1,1,0",,"mounniley,cloak,36,-422,21,0,6,1,1,0","mounniley,cloak_right,-40,-319,-21,0,0,1,1,0","mounniley,cloak_back,-14,-350,2,0,16,1.3,0.9,0","mounniley,skirt,3,-227,1,0,9,1,1,0",,,,,,,,,,,,,,,,,,,,,,,,,,,,,,,,,,,,,,,,,,,,,,,,,,,,,,,,,,,,,,,,,,,,,,,,,,,,,,,,,,,,,,,,,,,,,,,,,play_time_mod_0.85,
Walk/1,"mounniley,smile,-4,-499,7,0,4,1,1,0","mounniley,neck,-8,-462,-6,0,8,1,1,0","mounniley,body,-3,-351,3,0,7,1,1,0","mounniley,arm_up,-70,-365,-29,0,6,1,1,0","mounniley,arm_low,-80,-271,20,1,7,1,1,0","vraesier,fist,-54,-207,3,0,8,1,1,0","mounniley,arm_up,62,-375,42,1,13,1,1,0","mounniley,arm_low,139,-348,105,0,8,1,1,0","vraesier,fist_back,192,-373,122,0,10,0.9,1,0","mounniley,leg_up,-46,-180,-17.2,0,16,1,1,0","mounniley,leg_low,-84,-85,-25,0,16,1,1,0","mounniley,foot,-87,-17,-20.6,0,13,1,1,0","mounniley,leg_up,59,-177,39.7,0,18,1,1,0","mounniley,leg_low,110,-91,25.5,0,20,0.9,1,0","mounniley,foot,154,-50,20.5,0,17,1,1,0","mounniley,base,108,-416,-114,1,12,1,1,0",,"mounniley,cloak,36,-422,21,0,6,1,1,0","mounniley,cloak_right,-40,-319,-20,0,0,1,1,0","mounniley,cloak_back,-12,-352,7,0,16,1.3,0.9,0","mounniley,skirt,4,-225,4,0,9,1,1,0",,,,,,,,,,,,,,,,,,,,,,,,,,,,,,,,,,,,,,,,,,,,,,,,,,,,,,,,,,,,,,,,,,,,,,,,,,,,,,,,,,,,,,,,,,,,,,,,,play_time_mod_0.85,
Walk/2,"mounniley,smile,-14,-489,11,0,4,1,1,0","mounniley,neck,-18,-452,-4,0,8,1,1,0","mounniley,body,-8,-342,5,0,7,1,1,0","mounniley,arm_up,-71,-353,-18,0,6,1,1,0","mounniley,arm_low,-63,-259,31,1,7,1,1,0","vraesier,fist,-25,-200,14,0,8,1,1,0","mounniley,arm_up,58,-367,45,1,13,1,1,0","mounniley,arm_low,138,-344,111,0,8,1,1,0","vraesier,fist_back,188,-371,125,0,10,0.9,1,0","mounniley,leg_up,-48,-180,-27.2,0,16,1,1,0","mounniley,leg_low,-107,-95,-36,0,16,1,1,0","mounniley,foot,-124,-29,-31.6,0,13,1,1,0","mounniley,leg_up,65,-166,37.7,0,18,1,1,0","mounniley,leg_low,103,-75,9.5,0,20,0.9,1,0","mounniley,foot,140,-26,15.5,0,17,1,1,0","mounniley,base,101,-411,-111,1,12,1,1,0",,"mounniley,cloak,34,-417,23,0,6,1,1,0","mounniley,cloak_right,-38,-310,-18,0,0,1,1,0","mounniley,cloak_back,-14,-342,5,0,16,1.3,0.9,0","mounniley,skirt,4,-218,6,0,9,1,1,0",,,,,,,,,,,,,,,,,,,,,,,,,,,,,,,,,,,,,,,,,,,,,,,,,,,,,,,,,,,,,,,,,,,,,,,,,,,,,,,,,,,,,,,,,,,,,,,,,play_time_mod_0.85,
Walk/3,"mounniley,smile,-10,-491,8,0,4,1,1,0","mounniley,neck,-13,-452,-6,0,8,1,1,0","mounniley,body,-6,-342,3,0,7,1,1,0","mounniley,arm_up,-70,-353,-22,0,6,1,1,0","mounniley,arm_low,-70,-259,22,1,7,1,1,0","vraesier,fist,-46,-200,5,0,8,1,1,0","mounniley,arm_up,58,-367,42,1,13,1,1,0","mounniley,arm_low,135,-341,105,0,8,1,1,0","vraesier,fist_back,188,-365,122,0,10,0.9,1,0","mounniley,leg_up,-44,-180,-25.2,0,16,1,1,0","mounniley,leg_low,-107,-107,-46,0,16,1,1,0","mounniley,foot,-135,-49,-41.6,0,13,1,1,0","mounniley,leg_up,61,-164,37.7,0,18,1,1,0","mounniley,leg_low,96,-75,3.5,0,20,0.9,1,0","mounniley,foot,120,-26,2.5,0,17,1,1,0","mounniley,base,104,-408,-113,1,12,1,1,0",,"mounniley,cloak,37,-415,21,0,6,1,1,0","mounniley,cloak_right,-39,-312,-20,0,0,1,1,0","mounniley,cloak_back,-16,-340,3,0,16,1.3,0.9,0","mounniley,skirt,4,-218,2,0,9,1,1,0",,,,,,,,,,,,,,,,,,,,,,,,,,,,,,,,,,,,,,,,,,,,,,,,,,,,,,,,,,,,,,,,,,,,,,,,,,,,,,,,,,,,,,,,,,,,,,,,,play_time_mod_0.85,
Walk/4,"mounniley,smile,1,-493,5,0,4,1,1,0","mounniley,neck,0,-453,-8,0,8,1,1,0","mounniley,body,-4,-342,-2,0,7,1,1,0","mounniley,arm_up,-67,-353,-25,0,6,1,1,0","mounniley,arm_low,-76,-259,17,1,7,1,1,0","vraesier,fist,-59,-200,0,0,8,1,1,0","mounniley,arm_up,58,-367,32,1,13,1,1,0","mounniley,arm_low,127,-335,110,0,8,1,1,0","vraesier,fist_back,185,-362,116,0,10,0.9,1,0","mounniley,leg_up,-35,-187,-5.2,0,17,1,1,0","mounniley,leg_low,-72,-116,-44,0,17,1,1,0","mounniley,foot,-100,-54,-41.6,0,14,1,1,0","mounniley,leg_up,48,-174,27.7,0,18,1,1,0","mounniley,leg_low,76,-77,3.5,0,20,0.9,1,0","mounniley,foot,100,-26,-0.5,0,17,1,1,0","mounniley,base,108,-408,-119,1,12,1,1,0",,"mounniley,cloak,41,-410,15,0,6,1,1,0","mounniley,cloak_right,-47,-319,-26,0,0,1,1,0","mounniley,cloak_back,-25,-344,-3,0,16,1.3,0.9,0","mounniley,skirt,-2,-218,-1,0,9,1,1,0",,,,,,,,,,,,,,,,,,,,,,,,,,,,,,,,,,,,,,,,,,,,,,,,,,,,,,,,,,,,,,,,,,,,,,,,,,,,,,,,,,,,,,,,,,,,,,,,play_time_mod_1,play_time_mod_0.85,
Walk/5,"mounniley,smile,7,-497,2,0,4,1,1,0","mounniley,neck,6,-457,-11,0,8,1,1,0","mounniley,body,-4,-348,-3,0,7,1,1,0","mounniley,arm_up,-77,-364,-26,0,6,1,1,0","mounniley,arm_low,-88,-259,13,1,7,1,1,0","vraesier,fist,-74,-200,-4,0,8,1,1,0","mounniley,arm_up,59,-363,26,1,13,1,1,0","mounniley,arm_low,123,-331,106,0,8,1,1,0","vraesier,fist_back,185,-354,112,0,10,0.9,1,0","mounniley,leg_up,-15,-187,24.8,0,17,1,1,0","mounniley,leg_low,-32,-116,-44,0,17,1,1,0","mounniley,foot,-60,-54,-41.6,0,14,1,1,0","mounniley,leg_up,30,-174,13.7,0,18,1,1,0","mounniley,leg_low,31,-79,-6.5,0,20,0.9,1,0","mounniley,foot,47,-24,-10.5,0,17,1,1,0","mounniley,base,112,-408,-123,1,12,1,1,0",,"mounniley,cloak,42,-415,14,0,6,1,1,0","mounniley,cloak_right,-48,-326,-27,0,0,1,1,0","mounniley,cloak_back,-29,-350,-6,0,16,1.3,0.9,0","mounniley,skirt,-2,-223,-2,0,9,1,1,0",,,,,,,,,,,,,,,,,,,,,,,,,,,,,,,,,,,,,,,,,,,,,,,,,,,,,,,,,,,,,,,,,,,,,,,,,,,,,,,,,,,,,,,,,,,,,,,,play_time_mod_1.1,play_time_mod_0.85,
Walk/6,"mounniley,smile,-5,-494,6,0,4,1,1,0","mounniley,neck,-6,-454,-8,0,8,1,1,0","mounniley,body,-7,-345,0,0,7,1,1,0","mounniley,arm_up,-81,-364,-31,0,6,1,1,0","mounniley,arm_low,-97,-259,8,1,7,1,1,0","vraesier,fist,-88,-200,-9,0,8,1,1,0","mounniley,arm_up,57,-360,24,1,13,1,1,0","mounniley,arm_low,119,-326,104,0,8,1,1,0","vraesier,fist_back,183,-347,110,0,10,0.9,1,0","mounniley,leg_up,-5,-187,34.8,0,17,1,1,0","mounniley,leg_low,5,-109,-14,0,17,1,1,0","mounniley,foot,13,-41,-11.6,0,14,1,1,0","mounniley,leg_up,2,-171,-12.3,0,18,1,1,0","mounniley,leg_low,-24,-80,-16.5,0,20,0.9,1,0","mounniley,foot,-8,-23,-6.5,0,17,1,1,0","mounniley,base,116,-407,-131,1,12,1,1,0",,"mounniley,cloak,35,-413,16,0,6,1,1,0","mounniley,cloak_right,-56,-317,-28,0,0,1,1,0","mounniley,cloak_back,-30,-345,-8,0,16,1.3,0.9,0","mounniley,skirt,-7,-220,-4,0,9,1,1,0",,,,,,,,,,,,,,,,,,,,,,,,,,,,,,,,,,,,,,,,,,,,,,,,,,,,,,,,,,,,,,,,,,,,,,,,,,,,,,,,,,,,,,,,,,,,,,,,,play_time_mod_0.85,
Walk/7,"mounniley,smile,-10,-488,11,0,4,1,1,0","mounniley,neck,-15,-452,-5,0,8,1,1,0","mounniley,body,-11,-339,1,0,7,1,1,0","mounniley,arm_up,-84,-361,-41,0,6,1,1,0","mounniley,arm_low,-131,-273,-12,1,7,1,1,0","vraesier,fist,-142,-215,-29,0,8,1,1,0","mounniley,arm_up,53,-358,30,1,13,1,1,0","mounniley,arm_low,121,-330,110,0,8,1,1,0","vraesier,fist_back,179,-357,116,0,10,0.9,1,0","mounniley,leg_up,5,-187,44.8,0,17,1,1,0","mounniley,leg_low,50,-96,16,0,17,1,1,0","mounniley,foot,92,-40,18.4,0,14,1,1,0","mounniley,leg_up,-8,-171,-32.3,0,18,1,1,0","mounniley,leg_low,-62,-81,-26.5,0,20,0.9,1,0","mounniley,foot,-63,-22,-13.5,0,17,1,1,0","mounniley,base,106,-411,-125,1,12,1,1,0",,"mounniley,cloak,28,-410,17,0,6,1.1,1,0","mounniley,cloak_right,-54,-309,-24,0,0,1,1,0","mounniley,cloak_back,-34,-332,-11,0,16,1.3,0.9,0","mounniley,skirt,-7,-216,-4,0,9,1,1,0",,,,,,,,,,,,,,,,,,,,,,,,,,,,,,,,,,,,,,,,,,,,,,,,,,,,,,,,,,,,,,,,,,,,,,,,,,,,,,,,,,,,,,,,,,,,,,,,,play_time_mod_0.85,
Walk/8,"mounniley,smile,-14,-479,14,0,4,1,1,0","mounniley,neck,-19,-442,-2,0,8,1,1,0","mounniley,body,-10,-330,2,0,7,1,1,0","mounniley,arm_up,-87,-356,-41,0,6,1,1,0","mounniley,arm_low,-140,-270,-22,1,7,1,1,0","vraesier,fist,-161,-214,-39,0,8,1,1,0","mounniley,arm_up,48,-353,35,1,13,1,1,0","mounniley,arm_low,121,-330,115,0,8,1,1,0","vraesier,fist_back,174,-362,121,0,10,0.9,1,0","mounniley,leg_up,28,-166,34.8,0,17,1,1,0","mounniley,leg_low,83,-88,34,0,17,1,1,0","mounniley,foot,143,-46,36.4,0,14,1,1,0","mounniley,leg_up,-22,-164,-34.3,0,18,1,1,0","mounniley,leg_low,-89,-84,-36.5,0,20,0.9,1,0","mounniley,foot,-100,-27,-23.5,0,17,1,1,0","mounniley,base,96,-411,-120,1,12,1,1,0",,"mounniley,cloak,28,-399,14,0,6,1.1,1,0","mounniley,cloak_right,-58,-302,-24,0,0,1,1,0","mounniley,cloak_back,-41,-322,-13,0,16,1.3,0.9,0","mounniley,skirt,-5,-209,-6,0,9,1,1,0",,,,,,,,,,,,,,,,,,,,,,,,,,,,,,,,,,,,,,,,,,,,,,,,,,,,,,,,,,,,,,,,,,,,,,,,,,,,,,,,,,,,,,,,,,,,,,,,,play_time_mod_0.85,
Walk/9,"mounniley,smile,-14,-475,17,0,4,1,1,0","mounniley,neck,-19,-438,0,0,8,1,1,0","mounniley,body,-11,-324,3,0,7,1,1,0","mounniley,arm_up,-87,-356,-41,0,6,1,1,0","mounniley,arm_low,-150,-270,-29,1,7,1,1,0","vraesier,fist,-178,-215,-46,0,8,1,1,0","mounniley,arm_up,45,-352,41,1,13,1,1,0","mounniley,arm_low,124,-340,122,0,8,1,1,0","vraesier,fist_back,171,-373,127,0,10,0.9,1,0","mounniley,leg_up,29,-155,42.8,0,17,1,1,0","mounniley,leg_low,77,-73,24,0,17,1,1,0","mounniley,foot,112,-21,6.4,0,14,1,1,0","mounniley,leg_up,-27,-154,-35.3,0,18,1,1,0","mounniley,leg_low,-99,-87,-53.5,0,20,0.9,1,0","mounniley,foot,-130,-27,-33.5,0,17,1,1,0","mounniley,base,87,-416,-114,1,12,1,1,0",,"mounniley,cloak,28,-395,13,0,6,1,1,0","mounniley,cloak_right,-58,-297,-25,0,0,1,1,0","mounniley,cloak_back,-38,-322,-18,0,16,1.3,0.9,0","mounniley,skirt,-5,-205,-6,0,9,1,1,0",,,,,,,,,,,,,,,,,,,,,,,,,,,,,,,,,,,,,,,,,,,,,,,,,,,,,,,,,,,,,,,,,,,,,,,,,,,,,,,,,,,,,,,,,,,,,,,,play_time_mod_1,play_time_mod_0.85,
Walk/10,"mounniley,smile,-11,-480,18,0,4,1,1,0","mounniley,neck,-15,-441,2,0,8,1,1,0","mounniley,body,-11,-328,3,0,7,1,1,0","mounniley,arm_up,-87,-356,-41,0,6,1,1,0","mounniley,arm_low,-145,-270,-25,1,7,1,1,0","vraesier,fist,-173,-215,-42,0,8,1,1,0","mounniley,arm_up,45,-350,44,1,13,1,1,0","mounniley,arm_low,125,-343,126,0,8,1,1,0","vraesier,fist_back,171,-382,130,0,10,0.9,1,0","mounniley,leg_up,29,-155,31.8,0,17,1,1,0","mounniley,leg_low,57,-73,14,0,17,1,1,0","mounniley,foot,92,-21,6.4,0,14,1,1,0","mounniley,leg_up,-38,-168,-18.3,0,18,1,1,0","mounniley,leg_low,-79,-91,-33.5,0,20,0.9,1,0","mounniley,foot,-89,-29,-33.5,0,17,1,1,0","mounniley,base,84,-422,-111,1,12,1,1,0",,"mounniley,cloak,27,-399,14,0,6,1,1,0","mounniley,cloak_right,-57,-299,-24,0,0,1,1,0","mounniley,cloak_back,-35,-325,-5,0,16,1.3,0.9,0","mounniley,skirt,-5,-211,-3,0,9,1,1,0",,,,,,,,,,,,,,,,,,,,,,,,,,,,,,,,,,,,,,,,,,,,,,,,,,,,,,,,,,,,,,,,,,,,,,,,,,,,,,,,,,,,,,,,,,,,,,,,play_time_mod_1.1,play_time_mod_0.85,
Walk/11,"mounniley,smile,1,-482,12,0,4,1,1,0","mounniley,neck,-5,-446,-2,0,8,1,1,0","mounniley,body,-2,-335,-3,0,7,1,1,0","mounniley,arm_up,-78,-358,-39,0,6,1,1,0","mounniley,arm_low,-124,-272,-13,1,7,1,1,0","vraesier,fist,-140,-211,-30,0,8,1,1,0","mounniley,arm_up,56,-353,41,1,13,1,1,0","mounniley,arm_low,131,-340,121,0,8,1,1,0","vraesier,fist_back,178,-378,127,0,10,0.9,1,0","mounniley,leg_up,4,-155,26.8,0,17,1,1,0","mounniley,leg_low,20,-76,9,0,17,1,1,0","mounniley,foot,49,-22,2.4,0,14,1,1,0","mounniley,leg_up,-5,-168,-9.3,0,18,1,1,0","mounniley,leg_low,-44,-100,-43.5,0,20,0.9,1,0","mounniley,foot,-64,-40,-43.5,0,17,1,1,0","mounniley,base,94,-421,-114,1,12,1,1,0",,"mounniley,cloak,40,-402,11,0,6,1,1,0","mounniley,cloak_right,-50,-308,-27,0,0,1,1,0","mounniley,cloak_back,-22,-333,-5,0,16,1.3,0.9,0","mounniley,skirt,-5,-214,-2,0,9,1,1,0",,,,,,,,,,,,,,,,,,,,,,,,,,,,,,,,,,,,,,,,,,,,,,,,,,,,,,,,,,,,,,,,,,,,,,,,,,,,,,,,,,,,,,,,,,,,,,,,,play_time_mod_0.85,
Walk/12,"mounniley,smile,7,-489,10,0,4,1,1,0","mounniley,neck,1,-450,-3,0,8,1,1,0","mounniley,body,4,-339,-4,0,7,1,1,0","mounniley,arm_up,-72,-362,-29,0,6,1,1,0","mounniley,arm_low,-103,-270,-3,1,7,1,1,0","vraesier,fist,-108,-207,-20,0,8,1,1,0","mounniley,arm_up,61,-353,41,1,13,1,1,0","mounniley,arm_low,138,-336,117,0,8,1,1,0","vraesier,fist_back,189,-370,123,0,10,0.9,1,0","mounniley,leg_up,-18,-155,10.8,0,17,1,1,0","mounniley,leg_low,-10,-76,2,0,17,1,1,0","mounniley,foot,13,-22,-4.6,0,14,1,1,0","mounniley,leg_up,25,-168,10.7,0,18,1,1,0","mounniley,leg_low,3,-100,-43.5,0,21,0.9,1,0","mounniley,foot,-17,-40,-43.5,0,18,1,1,0","mounniley,base,109,-421,-118,1,12,1,1,0",,"mounniley,cloak,42,-409,13,0,6,1,1,0","mounniley,cloak_right,-44,-311,-25,0,0,1,1,0","mounniley,cloak_back,-18,-337,-2,0,16,1.3,0.9,0","mounniley,skirt,-1,-219,-3,0,9,1,1,0",,,,,,,,,,,,,,,,,,,,,,,,,,,,,,,,,,,,,,,,,,,,,,,,,,,,,,,,,,,,,,,,,,,,,,,,,,,,,,,,,,,,,,,,,,,,,,,,,play_time_mod_0.85,
Attack3/0,"mounniley,head,6,-496,5,0,4,1,1,0","mounniley,neck,1,-462,-12,0,8,1,1,0","mounniley,body,2,-347,0,0,7,1,1,0","mounniley,arm_up,-70,-362,-26,0,7,1,1,0","mounniley,arm_low,-95,-269,-2,1,8,1,1,0","vraesier,fist,-93,-205,-12,0,9,1,1,0","mounniley,arm_up,64,-371,32,1,13,1,1,0","mounniley,arm_low,135,-338,99,0,8,1,1,0","vraesier,fist_back,194,-357,116,0,10,0.9,1,0","mounniley,leg_up,-41,-180,-12.2,0,16,1,1,0","mounniley,leg_low,-73,-82,-17,0,16,1,1,0","mounniley,foot,-67,-17,-13.6,0,13,1,1,0","mounniley,leg_up,36,-187,11.7,0,18,1,1,0","mounniley,leg_low,49,-81,5.5,0,20,0.9,1,0","mounniley,foot,78,-29,1.5,0,17,1,1,0","mounniley,base,116,-406,-120,1,12,1,1,0",,"mounniley,cloak,43,-417,17,0,6,1,1,0","mounniley,cloak_right,-38,-320,-23,0,0,1,1,0","mounniley,cloak_back,-13,-352,-3,0,16,1.3,0.9,0","mounniley,skirt,3,-227,-4,0,9,1,1,0",,,,,,,,,,,,,,,,,,,,,,,,,,,,,,,,,,,,,,,,,,,,,,,,,,,,,,,,,,,,,,,,,,,,,,,,,,,,,,,,,,,,,,,,,,,,,,,,,,
Attack3/1,"mounniley,head,21,-495,-1,0,4,1,1,0","mounniley,neck,11,-461,-14,0,8,1,1,0","mounniley,body,5,-347,-3,0,7,1,1,0","mounniley,arm_up,-73,-364,-31,0,7,1,1,0","mounniley,arm_low,-101,-276,-2,1,8,1,1,0","vraesier,fist,-99,-212,-12,0,9,1,1,0","mounniley,arm_up,64,-371,26,1,13,1,1,0","mounniley,arm_low,131,-319,79,0,8,1,1,0","vraesier,fist_back,185,-310,76,0,10,0.9,1,0","mounniley,leg_up,-44,-180,-17.2,0,16,1,1,0","mounniley,leg_low,-80,-82,-21,0,16,1,1,0","mounniley,foot,-77,-17,-14.6,0,13,1,1,0","mounniley,leg_up,36,-187,17.7,0,18,1,1,0","mounniley,leg_low,53,-81,-0.5,0,20,0.9,1,0","mounniley,foot,78,-29,1.5,0,17,1,1,0","mounniley,base,160,-395,-163,1,12,1,1,0",,"mounniley,cloak,50,-416,11,0,6,1,1,0","mounniley,cloak_right,-36,-322,-27,0,0,1,1,0","mounniley,cloak_back,-8,-354,-12,0,16,1.3,0.9,0","mounniley,skirt,1,-225,-8,0,9,1,1,0",,,,,,,,,,,,,,,,,,,,,,,,,,,,,,,,,,,,,,,,,,,,,,,,,,,,,,,,,,,,,,,,,,,,,,,,,,,,,,,,,,,,,,,,,,,,,,,,play_time_mod_1.5,,
Attack3/2,"mounniley,head,46,-485,-10,0,4,1,1,0","mounniley,neck,32,-451,-27,0,8,1,1,0","mounniley,body,14,-342,-9,0,7,1,1,0","mounniley,arm_up,-60,-370,-41,0,7,1,1,0","mounniley,arm_low,-103,-289,-12,1,8,1,1,0","vraesier,fist,-112,-225,-22,0,9,1,1,0","mounniley,arm_up,64,-367,20,1,13,1,1,0","mounniley,arm_low,100,-290,30,0,8,1,1,0","vraesier,fist_back,134,-233,21,0,10,0.9,1,0","mounniley,leg_up,-44,-180,-17.2,0,16,1,1,0","mounniley,leg_low,-82,-82,-22,0,16,1,1,0","mounniley,foot,-79,-17,-14.6,0,13,1,1,0","mounniley,leg_up,38,-182,21.7,0,18,1,1,0","mounniley,leg_low,54,-81,-2.5,0,20,0.9,1,0","mounniley,foot,79,-29,1.5,0,17,1,1,0","mounniley,base,202,-290,132,1,12,1,1,0",,"mounniley,cloak,65,-404,6,0,6,1,1,0","mounniley,cloak_right,-31,-320,-32,0,0,1,1,0","mounniley,cloak_back,-2,-347,-21,0,16,1.3,0.9,0","mounniley,skirt,1,-222,-8,0,9,1,1,0",,,,,,,,,,,,,,,,,,,,,,,,,,,,,,,,,,,,,,,,,,,,,,,,,,,,,,,,,,,,,,,,,,,,,,,,,,,,,,,,,,,,,,,,,,,,,,,,,,
Attack3/3,"mounniley,head,70,-478,-11,0,4,1,1,0","mounniley,neck,54,-444,-30,0,8,1,1,0","mounniley,body,19,-339,-11,0,7,1,1,0","mounniley,arm_up,-55,-377,-57,0,7,1,1,0","mounniley,arm_low,-106,-323,-20,1,8,1,1,0","vraesier,fist,-123,-263,-31,0,9,1,1,0","mounniley,arm_up,72,-362,10,1,13,1,1,0","mounniley,arm_low,54,-278,-41,1,4,1,1,0","vraesier,fist,9,-234,-46,1,6,0.9,1,0","mounniley,leg_up,-57,-176,-24.2,0,16,1,1,0","mounniley,leg_low,-106,-92,-34,0,16,1,1,0","mounniley,foot,-115,-19,-14.6,0,13,1,1,0","mounniley,leg_up,40,-180,21.7,0,18,1,1,0","mounniley,leg_low,54,-81,-2.5,0,20,0.9,1,0","mounniley,foot,79,-29,1.5,0,17,1,1,0","mounniley,base,-58,-305,-142,0,7,1,1,0",,"mounniley,cloak,83,-387,-9,0,6,1,1,0","mounniley,cloak_right,-33,-335,-48,0,0,1,1,0","mounniley,cloak_back,1,-353,-23,0,16,1.3,0.9,0","mounniley,skirt,2,-221,-10,0,9,1,1,0",,,,,,,,,,,,,,,,,,,,,,,,,,,,,,,,,,,,,,,,,,,,,,,,,,,,,,,,,,,,,,,,,,,,,,,,,,,,,,,,,,,,,,,,,,,,,,,,play_time_mod_0.5,,"weapon_summon,2000,0"
Attack3/4,"mounniley,head,68,-478,-7,0,4,1,1,0","mounniley,neck,54,-444,-30,0,8,1,1,0","mounniley,body,19,-339,-11,0,7,1,1,0","mounniley,arm_up,-55,-375,-53,0,7,1,1,0","mounniley,arm_low,-105,-318,-24,1,8,1,1,0","vraesier,fist,-126,-258,-34,0,9,1,1,0","mounniley,arm_up,69,-362,14,1,13,1,1,0","mounniley,arm_low,67,-264,-21,1,4,1,1,0","vraesier,fist,39,-208,-26,1,6,0.9,1,0","mounniley,leg_up,-57,-176,-19.2,0,16,1,1,0","mounniley,leg_low,-102,-92,-32,0,16,1,1,0","mounniley,foot,-113,-19,-14.6,0,13,1,1,0","mounniley,leg_up,40,-180,21.7,0,18,1,1,0","mounniley,leg_low,54,-81,-2.5,0,20,0.9,1,0","mounniley,foot,79,-29,1.5,0,17,1,1,0","mounniley,base,-47,-251,-122,0,7,1,1,0",,"mounniley,cloak,81,-388,-7,0,6,1,1,0","mounniley,cloak_right,-32,-333,-47,0,0,1,1,0","mounniley,cloak_back,1,-351,-20,0,16,1.3,0.9,0","mounniley,skirt,2,-221,-10,0,9,1,1,0",,,,,,,,,,,,,,,,,,,,,,,,,,,,,,,,,,,,,,,,,,,,,,,,,,,,,,,,,,,,,,,,,,,,,,,,,,,,,,,,,,,,,,,,,,,,,,,,,,"weapon_summon2,2000,0"
Attack3/5,"mounniley,head,60,-486,-4,0,4,1,1,0","mounniley,neck,44,-452,-26,0,8,1,1,0","mounniley,body,19,-339,-8,0,7,1,1,0","mounniley,arm_up,-55,-369,-47,0,7,1,1,0","mounniley,arm_low,-96,-297,-10,1,8,1,1,0","vraesier,fist,-103,-235,-21,0,9,1,1,0","mounniley,arm_up,92,-356,40,1,13,1,1,0","mounniley,arm_low,142,-272,19,1,4,1,1,0","vraesier,fist,159,-212,14,1,6,0.9,1,0","mounniley,leg_up,-53,-179,-21.2,0,16,1,1,0","mounniley,leg_low,-104,-92,-37,0,16,1,1,0","mounniley,foot,-115,-23,-18.6,0,13,1,1,0","mounniley,leg_up,48,-172,30.7,0,18,1,1,0","mounniley,leg_low,62,-84,-12.5,0,20,0.9,1,0","mounniley,foot,79,-29,-1.5,0,17,1,1,0","mounniley,swing,63,-179,-72,0,7,1,1,0",,"mounniley,cloak,74,-399,3,0,6,1,1,0","mounniley,cloak_right,-33,-329,-42,0,0,1,1,0","mounniley,cloak_back,4,-352,-9,0,16,1.3,0.8,0","mounniley,skirt,2,-221,-7,0,9,1,1,0",,,,,,,,,,,,,,,,,,,,,,,,,,,,,,,,,,,,,,,,,,,,,,,,,,,,,,,,,,,,,,,,,,,,,,,,,,,,,,,,,,,,,,,,,,,,,,,,"play_time_mod_0.5,sprite_deal_damage",,"swing_flat_small,2500,0"
Attack3/6,"mounniley,head,44,-488,1,0,4,1,1,0","mounniley,neck,32,-451,-16,0,8,1,1,0","mounniley,body,18,-339,-7,0,7,1,1,0","mounniley,arm_up,-57,-354,-37,0,7,1,1,0","mounniley,arm_low,-99,-266,-10,1,8,1,1,0","vraesier,fist,-105,-204,-21,0,9,1,1,0","mounniley,arm_up,92,-374,62,1,13,1,1,0","mounniley,arm_low,171,-352,82,1,4,1,1,0","vraesier,fist,231,-345,97,1,6,0.9,1,0","mounniley,leg_up,-53,-179,-21.2,0,16,1,1,0","mounniley,leg_low,-104,-92,-37,0,16,1,1,0","mounniley,foot,-115,-23,-18.6,0,13,1,1,0","mounniley,leg_up,51,-170,32.7,0,18,1,1,0","mounniley,leg_low,68,-84,-8.5,0,20,0.9,1,0","mounniley,foot,87,-29,1.5,0,17,1,1,0","mounniley,swing,247,-249,12,0,7,1,1,0",,"mounniley,cloak,70,-407,17,0,6,1,1,0","mounniley,cloak_right,-31,-317,-35,0,0,1,1,0","mounniley,cloak_back,4,-352,-2,0,16,1.3,0.8,0","mounniley,skirt,3,-215,-6,0,9,1,1,0",,,,,,,,,,,,,,,,,,,,,,,,,,,,,,,,,,,,,,,,,,,,,,,,,,,,,,,,,,,,,,,,,,,,,,,,,,,,,,,,,,,,,,,,,,,,,,,,"play_time_mod_0.2,sprite_deal_damage",,
Attack3/7,"mounniley,head,26,-489,8,0,4,1,1,0","mounniley,neck,20,-450,-5,0,8,1,1,0","mounniley,body,9,-339,-4,0,7,1,1,0","mounniley,arm_up,-50,-367,-34,0,7,1,1,0","mounniley,arm_low,-69,-282,12,1,7,1,1,0","vraesier,fist,-51,-222,1,0,8,1,1,0","mounniley,arm_up,83,-387,105,1,13,1,1,0","mounniley,arm_low,156,-424,124,1,4,1,1,0","vraesier,fist,205,-459,139,1,6,0.9,1,0","mounniley,leg_up,-54,-179,-23.2,0,16,1,1,0","mounniley,leg_low,-106,-92,-37,0,16,1,1,0","mounniley,foot,-117,-25,-20.6,0,13,1,1,0","mounniley,leg_up,54,-170,33.7,0,18,1,1,0","mounniley,leg_low,70,-84,-12.5,0,20,0.9,1,0","mounniley,foot,87,-29,1.5,0,17,1,1,0","mounniley,swing,294,-422,64,0,7,1,1,0",,"mounniley,cloak,70,-416,45,0,6,1.2,1.1,0","mounniley,cloak_right,-11,-317,-20,0,0,1.1,1,0","mounniley,cloak_back,16,-356,16,0,16,1.3,0.8,0","mounniley,skirt,3,-213,-2,0,9,1,1,0",,,,,,,,,,,,,,,,,,,,,,,,,,,,,,,,,,,,,,,,,,,,,,,,,,,,,,,,,,,,,,,,,,,,,,,,,,,,,,,,,,,,,,,,,,,,,,,,"play_time_mod_0.2,sprite_deal_damage",,
Attack3/8,"mounniley,head,0,-489,18,0,4,1,1,0","mounniley,neck,0,-450,5,0,8,1,1,0","mounniley,body,-9,-339,4,0,7,1,1,0","mounniley,arm_up,-57,-365,-14,0,7,1,1,0","mounniley,arm_low,-46,-279,32,1,7,1,1,0","vraesier,fist,-9,-229,21,0,8,1,1,0","mounniley,arm_up,82,-407,135,1,13,1,1,0","mounniley,arm_low,126,-475,154,1,4,1,1,0","vraesier,fist,151,-529,169,1,6,0.9,1,0","mounniley,leg_up,-54,-179,-23.2,0,16,1,1,0","mounniley,leg_low,-106,-92,-37,0,16,1,1,0","mounniley,foot,-117,-25,-20.6,0,13,1,1,0","mounniley,leg_up,61,-175,31.7,0,18,1,1,0","mounniley,leg_low,72,-91,-13.5,0,20,0.9,1,0","mounniley,foot,87,-29,1.5,0,17,1,1,0","mounniley,swing,247,-542,94,0,7,1,1,0",,"mounniley,cloak,41,-429,59,0,6,1.2,1.1,0","mounniley,cloak_right,-12,-317,-6,0,0,1.1,1,0","mounniley,cloak_back,13,-367,21,0,16,1.3,0.8,0","mounniley,skirt,3,-213,3,0,9,1,1,0",,,,,,,,,,,,,,,,,,,,,,,,,,,,,,,,,,,,,,,,,,,,,,,,,,,,,,,,,,,,,,,,,,,,,,,,,,,,,,,,,,,,,,,,,,,,,,,,"play_time_mod_0.1,sprite_deal_damage",,
Attack3/9,"mounniley,head,68,-478,-7,0,4,1,1,0","mounniley,neck,54,-444,-30,0,8,1,1,0","mounniley,body,19,-339,-11,0,7,1,1,0","mounniley,arm_up,-55,-375,-53,0,7,1,1,0","mounniley,arm_low,-105,-318,-24,1,8,1,1,0","vraesier,fist,-126,-258,-34,0,9,1,1,0","mounniley,arm_up,69,-362,14,1,13,1,1,0","mounniley,arm_low,67,-264,-21,1,4,1,1,0","vraesier,fist,39,-208,-26,1,6,0.9,1,0","mounniley,leg_up,-57,-176,-19.2,0,16,1,1,0","mounniley,leg_low,-102,-92,-32,0,16,1,1,0","mounniley,foot,-113,-19,-14.6,0,13,1,1,0","mounniley,leg_up,40,-180,21.7,0,18,1,1,0","mounniley,leg_low,54,-81,-2.5,0,20,0.9,1,0","mounniley,foot,79,-29,1.5,0,17,1,1,0","mounniley,base,-47,-251,-122,0,7,1,1,0",,"mounniley,cloak,81,-388,-7,0,6,1,1,0","mounniley,cloak_right,-32,-333,-47,0,0,1,1,0","mounniley,cloak_back,1,-351,-20,0,16,1.3,0.9,0","mounniley,skirt,2,-221,-10,0,9,1,1,0",,,,,,,,,,,,,,,,,,,,,,,,,,,,,,,,,,,,,,,,,,,,,,,,,,,,,,,,,,,,,,,,,,,,,,,,,,,,,,,,,,,,,,,,,,,,,,,,"sprite_deal_damage,play_time_mod_0.1",,"swing_flat_small,2500,0"
Attack3/10,"mounniley,head,37,-528,-8,0,4,1,1,0","mounniley,neck,18,-488,-30,0,8,1,1,0","mounniley,body,12,-354,-4,0,7,1,1,0","mounniley,arm_up,-79,-413,-43,0,7,1,0.9,0","mounniley,arm_low,-130,-352,-30,1,6,1,1,0","vraesier,fist,-161,-307,-57,0,7,1,1,0","mounniley,arm_up,82,-422,43,1,13,1,1,0","mounniley,arm_low,130,-368,37,0,5,1.1,1.1,0","vraesier,fist_back,168,-316,18,0,7,1.1,1.2,0","mounniley,leg_up,-51,-190,-20.2,1,11,1,0.9,0","mounniley,leg_low,-91,-92,-27,0,9,1,1,0","mounniley,foot,-96,-21,-7.6,0,13,1,1,0","mounniley,leg_up,65,-190,30.7,1,15,1,1,0","mounniley,leg_low,79,-91,-8.5,1,15,1,1,0","mounniley,foot,94,-25,6.5,0,17,1,1,0","mounniley,swing,288,-335,105,0,17,0.9,1.1,0",,"mounniley,cloak,-55,-425,-44,0,17,1,1,0",,,,,,,,,,,,,,,,,,,,,,,,,,,,,,,,,,,,,,,,,,,,,,,,,,,,,,,,,,,,,,,,,,,,,,,,,,,,,,,,,,,,,,,,,,,,,,,,,,,"sprite_deal_damage,play_time_mod_0.1",,
Attack3/11,"mounniley,head,41,-524,-9,0,4,1,1,0","mounniley,neck,22,-484,-31,0,8,1,1,0","mounniley,body,16,-350,-6,0,7,1,1,0","mounniley,arm_up,-74,-415,-47,0,7,1,0.9,0","mounniley,arm_low,-132,-364,-44,1,7,1,1,0","vraesier,fist,-171,-317,-61,0,9,1,1,0","mounniley,arm_up,93,-418,33,1,13,1,1,0","mounniley,arm_low,109,-343,-15,0,4,1.1,1.1,0","vraesier,fist,85,-281,-12,1,6,1.1,1.2,0","mounniley,leg_up,-54,-190,-23.2,1,11,1,0.9,0","mounniley,leg_low,-98,-92,-27,0,9,1,1,0","mounniley,foot,-105,-21,-7.6,0,13,1,1,0","mounniley,leg_up,65,-190,30.7,1,15,1,1,0","mounniley,leg_low,79,-91,-8.5,1,15,1,1,0","mounniley,foot,94,-25,6.5,0,17,1,1,0","mounniley,swing,-28,-307,-110,0,7,0.9,1,0",,"mounniley,cloak,-40,-431,-54,1,17,1,0.9,0",,,,,,,,,,,,,,,,,,,,,,,,,,,,,,,,,,,,,,,,,,,,,,,,,,,,,,,,,,,,,,,,,,,,,,,,,,,,,,,,,,,,,,,,,,,,,,,,,,,"sprite_deal_damage,play_time_mod_0.5",,
Attack3/12,"mounniley,head,46,-523,-9,0,4,1,1,0","mounniley,neck,25,-483,-32,0,8,1,1,0","mounniley,body,18,-350,-7,0,7,1,1,0","mounniley,arm_up,-74,-420,-50,0,7,1,0.9,0","mounniley,arm_low,-136,-372,-48,1,7,1,1,0","vraesier,fist,-179,-329,-65,0,9,1,1,0","mounniley,arm_up,97,-414,29,1,13,1,1,0","mounniley,arm_low,95,-361,-42,0,4,1.1,1.1,0","vraesier,fist,48,-314,-39,1,6,1.1,1.2,0","mounniley,leg_up,-56,-190,-24.2,1,11,1,0.9,0","mounniley,leg_low,-102,-92,-27,0,9,1,1,0","mounniley,foot,-109,-21,-7.6,0,13,1,1,0","mounniley,leg_up,65,-190,30.7,1,15,1,1,0","mounniley,leg_low,79,-91,-8.5,1,15,1,1,0","mounniley,foot,94,-25,6.5,0,17,1,1,0","mounniley,base,-50,-369,-123,0,7,1,1,0",,"mounniley,cloak,-40,-437,-57,0,17,1,0.9,0",,,,,,,,,,,,,,,,,,,,,,,,,,,,,,,,,,,,,,,,,,,,,,,,,,,,,,,,,,,,,,,,,,,,,,,,,,,,,,,,,,,,,,,,,,,,,,,,,,,,,
Attack3/13,"mounniley,head,46,-523,-10,0,4,1,1,0","mounniley,neck,25,-483,-32,0,8,1,1,0","mounniley,body,18,-350,-7,0,7,1,1,0","mounniley,arm_up,-75,-422,-58,0,7,1,0.9,0","mounniley,arm_low,-137,-379,-46,1,7,1,1,0","vraesier,fist,-178,-335,-63,0,9,1,1,0","mounniley,arm_up,100,-418,42,1,13,1,1,0","mounniley,arm_low,131,-354,-1,0,4,1,1,0","vraesier,fist,129,-291,7,1,6,1,1.1,0","mounniley,leg_up,-56,-190,-24.2,1,11,1,0.9,0","mounniley,leg_low,-102,-92,-27,0,9,1,1,0","mounniley,foot,-109,-21,-7.6,0,13,1,1,0","mounniley,leg_up,65,-190,30.7,1,15,1,1,0","mounniley,leg_low,79,-91,-8.5,1,15,1,1,0","mounniley,foot,94,-25,6.5,0,17,1,1,0","mounniley,base,21,-286,-90,0,7,0.9,1,0",,"mounniley,cloak,-30,-435,-65,1,17,1,0.9,0",,,,,,,,,,,,,,,,,,,,,,,,,,,,,,,,,,,,,,,,,,,,,,,,,,,,,,,,,,,,,,,,,,,,,,,,,,,,,,,,,,,,,,,,,,,,,,,,,,,,,
Attack3/14,"mounniley,head,31,-522,-3,0,4,1,1,0","mounniley,neck,15,-483,-32,0,8,1,1,0","mounniley,body,14,-348,-3,0,7,1,1,0","mounniley,arm_up,-78,-407,-41,0,7,1,0.9,0","mounniley,arm_low,-127,-351,-35,1,7,1,1,0","vraesier,fist,-159,-299,-52,0,9,1,1,0","mounniley,arm_up,111,-417,50,1,13,1,1,0","mounniley,arm_low,167,-353,21,0,4,1,1,0","vraesier,fist,188,-291,24,1,6,1,1.1,0","mounniley,leg_up,-49,-190,-16.2,1,11,1,0.9,0","mounniley,leg_low,-89,-92,-27,0,9,1,1,0","mounniley,foot,-96,-21,-7.6,0,13,1,1,0","mounniley,leg_up,61,-190,26.7,1,15,1,1,0","mounniley,leg_low,77,-91,-3.5,1,15,1,1,0","mounniley,foot,94,-25,6.5,0,17,1,1,0","mounniley,base,99,-255,-73,0,7,0.9,0.9,0",,"mounniley,cloak,-50,-423,-44,1,17,1,0.9,0",,,,,,,,,,,,,,,,,,,,,,,,,,,,,,,,,,,,,,,,,,,,,,,,,,,,,,,,,,,,,,,,,,,,,,,,,,,,,,,,,,,,,,,,,,,,,,,,,,,,,
Attack3/15,"mounniley,head,17,-524,-1,0,4,1,1,0","mounniley,neck,5,-485,-31,0,8,1,1,0","mounniley,body,7,-348,0,0,7,1,1,0","mounniley,arm_up,-85,-396,-30,0,7,1,0.9,0","mounniley,arm_low,-125,-329,-25,1,7,1,1,0","vraesier,fist,-151,-274,-36,0,9,1,1,0","mounniley,arm_up,100,-433,65,1,13,1,1,0","mounniley,arm_low,189,-395,61,0,4,1,1,0","vraesier,fist,249,-358,66,1,6,1,1.1,0","mounniley,leg_up,-44,-190,-8.2,1,11,1,0.9,0","mounniley,leg_low,-73,-92,-23,0,9,1,1,0","mounniley,foot,-72,-21,-3.6,0,13,1,1,0","mounniley,leg_up,61,-190,26.7,1,15,1,1,0","mounniley,leg_low,77,-91,-3.5,1,15,1,1,0","mounniley,foot,94,-25,6.5,0,17,1,1,0","mounniley,base,176,-310,-56,0,17,0.9,0.9,0",,"mounniley,cloak,-50,-408,-34,1,17,1,0.9,0",,,,,,,,,,,,,,,,,,,,,,,,,,,,,,,,,,,,,,,,,,,,,,,,,,,,,,,,,,,,,,,,,,,,,,,,,,,,,,,,,,,,,,,,,,,,,,,,,,,play_time_mod_0.5,,
Attack3/16,"mounniley,head,21,-524,-2,0,4,1,1,0","mounniley,neck,9,-485,-32,0,8,1,1,0","mounniley,body,9,-348,-1,0,7,1,1,0","mounniley,arm_up,-81,-396,-32,0,7,1,0.9,0","mounniley,arm_low,-122,-329,-25,1,7,1,1,0","vraesier,fist,-145,-274,-32,0,9,1,1,0","mounniley,arm_up,81,-413,45,1,13,1,1,0","mounniley,arm_low,151,-346,41,0,4,1,1,0","vraesier,fist,195,-291,46,1,6,1,1.1,0","mounniley,leg_up,-44,-190,-8.2,1,11,1,0.9,0","mounniley,leg_low,-73,-92,-23,0,9,1,1,0","mounniley,foot,-72,-21,-3.6,0,13,1,1,0","mounniley,leg_up,61,-190,26.7,1,15,1,1,0","mounniley,leg_low,77,-91,-3.5,1,15,1,1,0","mounniley,foot,94,-25,6.5,0,17,1,1,0","mounniley,base,110,-271,-76,0,17,0.9,0.9,0",,"mounniley,cloak,-50,-409,-22,0,17,1,0.9,0",,,,,,,,,,,,,,,,,,,,,,,,,,,,,,,,,,,,,,,,,,,,,,,,,,,,,,,,,,,,,,,,,,,,,,,,,,,,,,,,,,,,,,,,,,,,,,,,,,,,,
Attack3/17,"mounniley,head,21,-524,-4,0,4,1,1,0","mounniley,neck,7,-485,-31,0,8,1,1,0","mounniley,body,8,-348,-2,0,7,1,1,0","mounniley,arm_up,-82,-398,-36,0,7,1,0.9,0","mounniley,arm_low,-123,-329,-20,1,7,1,1,0","vraesier,fist,-139,-273,-28,0,9,1,1,0","mounniley,arm_up,73,-411,21,1,13,1,1,0","mounniley,arm_low,108,-327,16,0,4,1,1,0","vraesier,fist,121,-265,15,1,6,1,1.1,0","mounniley,leg_up,-44,-190,-8.2,1,11,1,0.9,0","mounniley,leg_low,-70,-92,-20,0,9,1,1,0","mounniley,foot,-69,-21,-2.6,0,13,1,1,0","mounniley,leg_up,55,-190,24.7,1,15,1,1,0","mounniley,leg_low,75,-91,-0.5,1,15,1,1,0","mounniley,foot,94,-25,6.5,0,17,1,1,0","mounniley,base,19,-265,-96,0,17,0.9,0.9,0",,"mounniley,cloak,-52,-408,-30,0,17,1,0.9,0",,,,,,,,,,,,,,,,,,,,,,,,,,,,,,,,,,,,,,,,,,,,,,,,,,,,,,,,,,,,,,,,,,,,,,,,,,,,,,,,,,,,,,,,,,,,,,,,,,,play_time_mod_0.5,,"sword_sheathe,2500,0"
Attack3/18,"mounniley,head,22,-525,-3,0,4,1,1,0","mounniley,neck,8,-490,-31,0,8,1,1,0","mounniley,body,8,-348,-3,0,7,1,1,0","mounniley,arm_up,-79,-397,-33,0,7,1,0.9,0","mounniley,arm_low,-119,-328,-18,1,7,1,1,0","vraesier,fist,-133,-272,-26,0,9,1,1,0","mounniley,arm_up,84,-409,32,1,13,1,1,0","mounniley,arm_low,126,-337,22,0,4,1,1,0","vraesier,fist,146,-276,25,1,6,1,1.1,0","mounniley,leg_up,-44,-190,-4.2,1,11,1,0.9,0","mounniley,leg_low,-67,-92,-16,0,9,1,1,0","mounniley,foot,-61,-21,0.4,0,13,1,1,0","mounniley,leg_up,55,-190,24.7,1,15,1,1,0","mounniley,leg_low,75,-91,-0.5,1,15,1,1,0","mounniley,foot,94,-25,6.5,0,17,1,1,0","mounniley,base,19,-265,-88,0,17,0.9,0.9,0",,"mounniley,cloak,-50,-407,-21,0,17,1,0.9,0",,,,,,,,,,,,,,,,,,,,,,,,,,,,,,,,,,,,,,,,,,,,,,,,,,,,,,,,,,,,,,,,,,,,,,,,,,,,,,,,,,,,,,,,,,,,,,,,,,,,,
Attack3/19,"mounniley,head,12,-534,0,0,4,1,1,0","mounniley,neck,0,-504,-13,0,8,1,1,0","mounniley,body,1,-357,-1,0,7,1,1,0","mounniley,arm_up,-82,-404,-25,0,7,1,0.9,0","mounniley,arm_low,-112,-329,-14,1,6,1,1,0","vraesier,fist,-123,-274,-21,0,7,1,1,0","mounniley,arm_up,78,-410,22,1,13,1,1,0","mounniley,arm_low,120,-352,46,0,5,1,1,0","vraesier,fist,157,-312,55,1,7,1,1.1,0","mounniley,leg_up,-44,-190,-4.2,1,11,1,0.9,0","mounniley,leg_low,-62,-92,-12,0,9,1,1,0","mounniley,foot,-50,-21,5.4,0,13,1,1,0","mounniley,leg_up,51,-196,24.7,1,15,1,1,0","mounniley,leg_low,73,-91,1.5,1,15,1,1,0","mounniley,foot,94,-25,6.5,0,17,1,1,0","mounniley,base,4,-270,-77,0,12,1,1,0",,"mounniley,cloak,-53,-401,-6,0,17,1,1,0",,,,,,,,,,,,,,,,,,,,,,,,,,,,,,,,,,,,,,,,,,,,,,,,,,,,,,,,,,,,,,,,,,,,,,,,,,,,,,,,,,,,,,,,,,,,,,,,,,,,,
Attack4/0,"mounniley,head,6,-496,5,0,4,1,1,0","mounniley,neck,1,-462,-12,0,8,1,1,0","mounniley,body,2,-347,0,0,7,1,1,0","mounniley,arm_up,-70,-362,-26,0,7,1,1,0","mounniley,arm_low,-95,-269,-2,1,8,1,1,0","vraesier,fist,-93,-205,-12,0,9,1,1,0","mounniley,arm_up,64,-371,32,1,13,1,1,0","mounniley,arm_low,135,-338,99,0,8,1,1,0","vraesier,fist_back,194,-357,116,0,10,0.9,1,0","mounniley,leg_up,-41,-180,-12.2,0,16,1,1,0","mounniley,leg_low,-73,-82,-17,0,16,1,1,0","mounniley,foot,-67,-17,-13.6,0,13,1,1,0","mounniley,leg_up,36,-187,11.7,0,18,1,1,0","mounniley,leg_low,49,-81,5.5,0,20,0.9,1,0","mounniley,foot,78,-29,1.5,0,17,1,1,0","mounniley,base,116,-406,-120,1,12,1,1,0",,"mounniley,cloak,43,-417,17,0,6,1,1,0","mounniley,cloak_right,-38,-320,-23,0,0,1,1,0","mounniley,cloak_back,-13,-352,-3,0,16,1.3,0.9,0","mounniley,skirt,3,-227,-4,0,9,1,1,0",,,,,,,,,,,,,,,,,,,,,,,,,,,,,,,,,,,,,,,,,,,,,,,,,,,,,,,,,,,,,,,,,,,,,,,,,,,,,,,,,,,,,,,,,,,,,,,,,,
Attack4/1,"mounniley,head,17,-533,-3,0,4,1,1,0","mounniley,neck,4,-503,-14,0,8,1,1,0","mounniley,body,5,-357,-2,0,7,1,1,0","mounniley,arm_up,-81,-405,-27,0,7,1,0.9,0","mounniley,arm_low,-113,-330,-16,1,6,1,1,0","vraesier,fist,-126,-275,-23,0,7,1,1,0","mounniley,arm_up,80,-410,22,1,13,1,1,0","mounniley,arm_low,123,-350,46,0,5,1,1,0","vraesier,fist,162,-310,55,1,7,1,1.1,0","mounniley,leg_up,-46,-190,-7.2,1,11,1,0.9,0","mounniley,leg_low,-66,-92,-14,0,9,1,1,0","mounniley,foot,-58,-21,3.4,0,13,1,1,0","mounniley,leg_up,51,-196,25.7,1,15,1,1,0","mounniley,leg_low,74,-91,1.5,1,15,1,1,0","mounniley,foot,94,-25,6.5,0,17,1,1,0","mounniley,base,6,-270,-79,0,12,1,1,0",,"mounniley,cloak,-53,-401,-6,0,17,1,1,0",,,,,,,,,,,,,,,,,,,,,,,,,,,,,,,,,,,,,,,,,,,,,,,,,,,,,,,,,,,,,,,,,,,,,,,,,,,,,,,,,,,,,,,,,,,,,,,,,,,,,
Attack4/2,"mounniley,head,35,-528,-7,0,4,1,1,0","mounniley,neck,19,-500,-18,0,8,1,1,0","mounniley,body,11,-354,-6,0,7,1,1,0","mounniley,arm_up,-73,-409,-35,0,7,1,0.9,0","mounniley,arm_low,-114,-336,-20,1,6,1,1,0","vraesier,fist,-131,-281,-27,0,7,1,1,0","mounniley,arm_up,89,-410,20,1,13,1,1,0","mounniley,arm_low,118,-340,22,0,5,1,1,0","vraesier,fist,131,-291,29,1,7,1,1.1,0","mounniley,leg_up,-46,-190,-7.2,1,11,1,0.9,0","mounniley,leg_low,-66,-92,-14,0,9,1,1,0","mounniley,foot,-58,-21,3.4,0,13,1,1,0","mounniley,leg_up,51,-188,32.7,1,15,1,1,0","mounniley,leg_low,75,-88,-4.5,1,15,1,1,0","mounniley,foot,94,-25,6.5,0,17,1,1,0","mounniley,base,10,-270,-82,0,12,1,1,0",,"mounniley,cloak,-45,-401,-6,0,17,1,1,0",,,,,,,,,,,,,,,,,,,,,,,,,,,,,,,,,,,,,,,,,,,,,,,,,,,,,,,,,,,,,,,,,,,,,,,,,,,,,,,,,,,,,,,,,,,,,,,,,,,,,
Attack4/3,"mounniley,head,35,-525,-9,0,4,1,1,0","mounniley,neck,19,-499,-18,0,8,1,1,0","mounniley,body,11,-352,-6,0,7,1,1,0","mounniley,arm_up,-73,-411,-39,0,7,1,0.9,0","mounniley,arm_low,-114,-344,-18,1,6,1,1,0","vraesier,fist,-130,-284,-24,0,7,1,1,0","mounniley,arm_up,90,-406,18,1,13,1,1,0","mounniley,arm_low,115,-336,11,0,5,1,1,0","vraesier,fist,117,-278,7,1,7,1,1.1,0","mounniley,leg_up,-47,-189,-8.2,1,11,1,0.9,0","mounniley,leg_low,-67,-92,-16,0,9,1,1,0","mounniley,foot,-58,-21,3.4,0,13,1,1,0","mounniley,leg_up,51,-185,34.7,1,15,1,1,0","mounniley,leg_low,75,-86,-5.5,1,15,1,1,0","mounniley,foot,94,-25,6.5,0,17,1,1,0","mounniley,base,10,-266,-85,0,12,1,1,0",,"mounniley,cloak,-44,-400,-8,0,17,1,1,0",,,,,,,,,,,,,,,,,,,,,,,,,,,,,,,,,,,,,,,,,,,,,,,,,,,,,,,,,,,,,,,,,,,,,,,,,,,,,,,,,,,,,,,,,,,,,,,,,,,play_time_mod_1.5,,
Attack4/4,"mounniley,head,54,-531,0,0,4,1,1,0","mounniley,neck,41,-501,-14,0,8,1,1,0","mounniley,body,27,-357,-9,0,7,1,1,0","mounniley,arm_up,-57,-420,-41,0,7,1,0.9,0","mounniley,arm_low,-109,-355,-28,1,6,1,1,0","vraesier,fist,-131,-303,-35,0,7,1,1,0","mounniley,arm_up,120,-426,55,1,13,1,1,0","mounniley,arm_low,201,-390,74,0,5,1,1,0","vraesier,fist_back,252,-368,37,0,7,1,1.1,0","mounniley,leg_up,-52,-190,-16.2,1,11,1,0.9,0","mounniley,leg_low,-85,-92,-21,0,9,1,1,0","mounniley,foot,-81,-21,3.4,0,13,1,1,0","mounniley,leg_up,57,-194,25.7,1,15,1,1,0","mounniley,leg_low,75,-91,-2.5,1,15,1,1,0","mounniley,foot,94,-25,6.5,0,17,1,1,0","mounniley,base,168,-299,-52,0,17,1,1,0",,"mounniley,cloak,-31,-429,-37,0,17,1,1,0",,,,,,,,,,,,,,,,,,,,,,,,,,,,,,,,,,,,,,,,,,,,,,,,,,,,,,,,,,,,,,,,,,,,,,,,,,,,,,,,,,,,,,,,,,,,,,,,,,,"play_time_mod_0.3,sprite_deal_damage",,
Attack4/5,"mounniley,head,54,-531,2,0,4,1,1,0","mounniley,neck,41,-501,-14,0,8,1,1,0","mounniley,body,28,-357,-9,0,7,1,1,0","mounniley,arm_up,-58,-424,-50,0,7,1,0.9,0","mounniley,arm_low,-118,-371,-38,1,6,1,1,0","vraesier,fist,-153,-320,-48,0,7,1,1,0","mounniley,arm_up,129,-428,64,1,13,1,1,0","mounniley,arm_low,214,-407,92,0,5,1,1,0","vraesier,fist_back,277,-414,98,0,7,1,1.1,0","mounniley,leg_up,-54,-190,-20.2,1,11,1,0.9,0","mounniley,leg_low,-90,-92,-23,0,9,1,1,0","mounniley,foot,-88,-21,3.4,0,13,1,1,0","mounniley,leg_up,57,-194,27.7,1,15,1,1,0","mounniley,leg_low,77,-91,-4.5,1,15,1,1,0","mounniley,foot,95,-25,8.5,0,17,1,1,0","mounniley,swing,292,-309,8,1,17,1,1,0",,"mounniley,cloak,-21,-437,-49,1,17,1,1,0",,,,,,,,,,,,,,,,,,,,,,,,,,,,,,,,,,,,,,,,,,,,,,,,,,,,,,,,,,,,,,,,,,,,,,,,,,,,,,,,,,,,,,,,,,,,,,,,,,,"play_time_mod_0.2,sprite_deal_damage",,"swing_flat,2500,0"
Attack4/6,"mounniley,head,53,-534,6,0,4,1,1,0","mounniley,neck,44,-501,-14,0,8,1,1,0","mounniley,body,28,-360,-9,0,7,1,1,0","mounniley,arm_up,-58,-429,-57,0,7,1,0.9,0","mounniley,arm_low,-120,-380,-35,1,6,1,1,0","vraesier,fist,-155,-329,-45,0,7,1,1,0","mounniley,arm_up,138,-455,99,1,13,1,1,0","mounniley,arm_low,218,-492,132,0,5,1,1,0","vraesier,fist_back,265,-536,128,0,7,1,1.1,0","mounniley,leg_up,-55,-190,-25.2,1,11,1,0.9,0","mounniley,leg_low,-100,-92,-23,0,9,1,1,0","mounniley,foot,-98,-21,3.4,0,13,1,1,0","mounniley,leg_up,57,-200,24.7,1,15,1,1,0","mounniley,leg_low,77,-94,-1.5,1,15,1,1,0","mounniley,foot,95,-25,8.5,0,17,1,1,0","mounniley,swing,370,-474,56,1,17,1,1.1,0",,"mounniley,cloak,-1,-453,-139,0,17,1,1,0",,,,,,,,,,,,,,,,,,,,,,,,,,,,,,,,,,,,,,,,,,,,,,,,,,,,,,,,,,,,,,,,,,,,,,,,,,,,,,,,,,,,,,,,,,,,,,,,,,,"play_time_mod_0.2,sprite_deal_damage",,
Attack4/7,"mounniley,head,50,-539,13,0,4,1,1,0","mounniley,neck,41,-508,-12,0,8,1,1,0","mounniley,body,28,-364,-7,0,7,1,1,0","mounniley,arm_up,-60,-430,-55,0,7,1,0.9,0","mounniley,arm_low,-122,-384,-40,1,6,1,1,0","vraesier,fist,-162,-334,-50,0,7,1,1,0","mounniley,arm_up,111,-467,144,1,13,1,1,0","mounniley,arm_low,138,-550,-180,0,5,1,1,0","vraesier,fist_back,134,-608,180,0,7,1,1.1,0","mounniley,leg_up,-55,-193,-25.2,1,11,1,0.9,0","mounniley,leg_low,-100,-92,-24,0,9,1,1,0","mounniley,foot,-99,-21,3.4,0,13,1,1,0","mounniley,leg_up,59,-204,21.7,1,15,1,1,0","mounniley,leg_low,77,-94,-1.5,1,15,1,1,0","mounniley,foot,95,-25,8.5,0,17,1,1,0","mounniley,swing,254,-624,98,1,17,1,1.1,0",,"mounniley,cloak,-3,-450,-139,1,17,1,1,0",,,,,,,,,,,,,,,,,,,,,,,,,,,,,,,,,,,,,,,,,,,,,,,,,,,,,,,,,,,,,,,,,,,,,,,,,,,,,,,,,,,,,,,,,,,,,,,,,,,"play_time_mod_0.7,sprite_deal_damage",,
Attack4/8,"mounniley,head,50,-539,14,0,4,1,1,0","mounniley,neck,41,-508,-12,0,8,1,1,0","mounniley,body,28,-364,-7,0,7,1,1,0","mounniley,arm_up,-60,-433,-59,0,7,1,0.9,0","mounniley,arm_low,-124,-389,-46,1,6,1,1,0","vraesier,fist,-167,-343,-56,0,7,1,1,0","mounniley,arm_up,110,-470,142,1,13,1,1,0","mounniley,arm_low,136,-552,-178,0,5,1,1,0","vraesier,fist_back,127,-610,-160,0,7,1,1.1,0","mounniley,leg_up,-55,-193,-25.2,1,11,1,0.9,0","mounniley,leg_low,-100,-92,-24,0,9,1,1,0","mounniley,foot,-99,-21,3.4,0,13,1,1,0","mounniley,leg_up,59,-204,21.7,1,15,1,1,0","mounniley,leg_low,77,-94,-1.5,1,15,1,1,0","mounniley,foot,95,-25,8.5,0,17,1,1,0","mounniley,base,216,-679,124,1,17,1,1.1,0",,"mounniley,cloak,3,-458,-144,0,17,1,1,0",,,,,,,,,,,,,,,,,,,,,,,,,,,,,,,,,,,,,,,,,,,,,,,,,,,,,,,,,,,,,,,,,,,,,,,,,,,,,,,,,,,,,,,,,,,,,,,,,,,,,
Attack4/9,"mounniley,head,49,-533,-1,0,4,1,1,0","mounniley,neck,37,-502,-12,0,8,1,1,0","mounniley,body,23,-358,-7,0,7,1,1,0","mounniley,arm_up,-62,-425,-51,0,7,1,0.9,0","mounniley,arm_low,-115,-369,-26,1,6,1,1,0","vraesier,fist,-140,-311,-36,0,7,1,1,0","mounniley,arm_up,125,-461,112,1,13,1,1,0","mounniley,arm_low,187,-515,158,0,5,1,1,0","vraesier,fist_back,206,-573,163,0,7,1,1.1,0","mounniley,leg_up,-54,-193,-17.2,1,11,1,0.9,0","mounniley,leg_low,-91,-92,-24,0,9,1,1,0","mounniley,foot,-91,-21,3.4,0,13,1,1,0","mounniley,leg_up,59,-204,21.7,1,15,1,1,0","mounniley,leg_low,77,-94,-1.5,1,15,1,1,0","mounniley,foot,95,-25,8.5,0,17,1,1,0","mounniley,base,319,-568,84,1,17,1,1.1,0",,"mounniley,cloak,3,-453,-141,0,17,1,1,0",,,,,,,,,,,,,,,,,,,,,,,,,,,,,,,,,,,,,,,,,,,,,,,,,,,,,,,,,,,,,,,,,,,,,,,,,,,,,,,,,,,,,,,,,,,,,,,,,,,,,
Attack4/10,"mounniley,head,43,-532,-1,0,4,1,1,0","mounniley,neck,31,-501,-12,0,8,1,1,0","mounniley,body,21,-356,-5,0,7,1,1,0","mounniley,arm_up,-70,-424,-50,0,7,1,0.9,0","mounniley,arm_low,-119,-367,-25,1,6,1,1,0","vraesier,fist,-143,-308,-35,0,7,1,1,0","mounniley,arm_up,125,-458,102,1,13,1,1,0","mounniley,arm_low,189,-499,138,0,5,1,1,0","vraesier,fist_back,227,-548,143,0,7,1,1.1,0","mounniley,leg_up,-54,-193,-17.2,1,11,1,0.9,0","mounniley,leg_low,-91,-92,-24,0,9,1,1,0","mounniley,foot,-91,-21,3.4,0,13,1,1,0","mounniley,leg_up,59,-204,21.7,1,15,1,1,0","mounniley,leg_low,77,-94,-1.5,1,15,1,1,0","mounniley,foot,95,-25,8.5,0,17,1,1,0","mounniley,base,321,-486,50,1,17,1,1.1,0",,"mounniley,cloak,-7,-423,-141,1,17,1,1,0",,,,,,,,,,,,,,,,,,,,,,,,,,,,,,,,,,,,,,,,,,,,,,,,,,,,,,,,,,,,,,,,,,,,,,,,,,,,,,,,,,,,,,,,,,,,,,,,,,,,,
Attack4/11,"mounniley,head,37,-527,-1,0,4,1,1,0","mounniley,neck,25,-496,-12,0,8,1,1,0","mounniley,body,19,-352,-4,0,7,1,1,0","mounniley,arm_up,-74,-416,-46,0,7,1,0.9,0","mounniley,arm_low,-119,-355,-21,1,6,1,1,0","vraesier,fist,-139,-292,-31,0,7,1,1,0","mounniley,arm_up,124,-433,72,1,13,1,1,0","mounniley,arm_low,211,-428,98,0,5,1,1,0","vraesier,fist_back,264,-422,44,0,7,1,1.1,0","mounniley,leg_up,-44,-193,-17.2,1,11,1,0.9,0","mounniley,leg_low,-81,-92,-24,0,9,1,1,0","mounniley,foot,-81,-21,1.4,0,13,1,1,0","mounniley,leg_up,59,-204,21.7,1,15,1,1,0","mounniley,leg_low,77,-94,-1.5,1,15,1,1,0","mounniley,foot,95,-25,8.5,0,17,1,1,0","mounniley,base,205,-329,-35,1,17,1,1.1,0",,"mounniley,cloak,-8,-417,-141,0,17,1,1,0",,,,,,,,,,,,,,,,,,,,,,,,,,,,,,,,,,,,,,,,,,,,,,,,,,,,,,,,,,,,,,,,,,,,,,,,,,,,,,,,,,,,,,,,,,,,,,,,,,,play_time_mod_0.2,,
Attack4/12,"mounniley,head,17,-524,-1,0,4,1,1,0","mounniley,neck,5,-485,-31,0,8,1,1,0","mounniley,body,7,-348,0,0,7,1,1,0","mounniley,arm_up,-86,-400,-37,0,7,1,0.9,0","mounniley,arm_low,-134,-335,-25,1,7,1,1,0","vraesier,fist,-158,-280,-33,0,9,1,1,0","mounniley,arm_up,100,-433,65,1,13,1,1,0","mounniley,arm_low,189,-395,61,0,4,1,1,0","vraesier,fist,249,-358,66,1,6,1,1.1,0","mounniley,leg_up,-44,-190,-8.2,1,11,1,0.9,0","mounniley,leg_low,-73,-92,-23,0,9,1,1,0","mounniley,foot,-72,-21,-3.6,0,13,1,1,0","mounniley,leg_up,60,-190,26.7,1,15,1,1,0","mounniley,leg_low,77,-91,-3.5,1,15,1,1,0","mounniley,foot,94,-25,6.5,0,17,1,1,0","mounniley,base,176,-310,-56,0,17,0.9,0.9,0",,"mounniley,cloak,-50,-408,-34,1,17,1,0.9,0",,,,,,,,,,,,,,,,,,,,,,,,,,,,,,,,,,,,,,,,,,,,,,,,,,,,,,,,,,,,,,,,,,,,,,,,,,,,,,,,,,,,,,,,,,,,,,,,,,,play_time_mod_0.5,,
Attack4/13,"mounniley,head,21,-524,-2,0,4,1,1,0","mounniley,neck,9,-485,-32,0,8,1,1,0","mounniley,body,9,-348,-1,0,7,1,1,0","mounniley,arm_up,-81,-396,-32,0,7,1,0.9,0","mounniley,arm_low,-122,-329,-25,1,7,1,1,0","vraesier,fist,-145,-274,-32,0,9,1,1,0","mounniley,arm_up,81,-413,45,1,13,1,1,0","mounniley,arm_low,151,-346,41,0,4,1,1,0","vraesier,fist,195,-291,46,1,6,1,1.1,0","mounniley,leg_up,-44,-190,-8.2,1,11,1,0.9,0","mounniley,leg_low,-73,-92,-23,0,9,1,1,0","mounniley,foot,-72,-21,-3.6,0,13,1,1,0","mounniley,leg_up,61,-190,26.7,1,15,1,1,0","mounniley,leg_low,77,-91,-3.5,1,15,1,1,0","mounniley,foot,94,-25,6.5,0,17,1,1,0","mounniley,base,110,-271,-76,0,17,0.9,0.9,0",,"mounniley,cloak,-50,-409,-22,0,17,1,0.9,0",,,,,,,,,,,,,,,,,,,,,,,,,,,,,,,,,,,,,,,,,,,,,,,,,,,,,,,,,,,,,,,,,,,,,,,,,,,,,,,,,,,,,,,,,,,,,,,,,,,,,
Attack4/14,"mounniley,head,21,-524,-4,0,4,1,1,0","mounniley,neck,7,-485,-31,0,8,1,1,0","mounniley,body,8,-348,-2,0,7,1,1,0","mounniley,arm_up,-82,-398,-36,0,7,1,0.9,0","mounniley,arm_low,-123,-329,-20,1,7,1,1,0","vraesier,fist,-139,-273,-28,0,9,1,1,0","mounniley,arm_up,73,-411,21,1,13,1,1,0","mounniley,arm_low,108,-327,16,0,4,1,1,0","vraesier,fist,121,-265,15,1,6,1,1.1,0","mounniley,leg_up,-44,-190,-8.2,1,11,1,0.9,0","mounniley,leg_low,-70,-92,-20,0,9,1,1,0","mounniley,foot,-69,-21,-2.6,0,13,1,1,0","mounniley,leg_up,55,-190,24.7,1,15,1,1,0","mounniley,leg_low,75,-91,-0.5,1,15,1,1,0","mounniley,foot,94,-25,6.5,0,17,1,1,0","mounniley,base,19,-265,-96,0,17,0.9,0.9,0",,"mounniley,cloak,-52,-408,-30,0,17,1,0.9,0",,,,,,,,,,,,,,,,,,,,,,,,,,,,,,,,,,,,,,,,,,,,,,,,,,,,,,,,,,,,,,,,,,,,,,,,,,,,,,,,,,,,,,,,,,,,,,,,,,,play_time_mod_0.5,,"sword_sheathe,2500,0"
Attack4/15,"mounniley,head,22,-525,-3,0,4,1,1,0","mounniley,neck,8,-490,-31,0,8,1,1,0","mounniley,body,8,-348,-3,0,7,1,1,0","mounniley,arm_up,-79,-397,-33,0,7,1,0.9,0","mounniley,arm_low,-119,-328,-18,1,7,1,1,0","vraesier,fist,-133,-272,-26,0,9,1,1,0","mounniley,arm_up,84,-409,32,1,13,1,1,0","mounniley,arm_low,126,-337,22,0,4,1,1,0","vraesier,fist,146,-276,25,1,6,1,1.1,0","mounniley,leg_up,-44,-190,-4.2,1,11,1,0.9,0","mounniley,leg_low,-67,-92,-16,0,9,1,1,0","mounniley,foot,-61,-21,0.4,0,13,1,1,0","mounniley,leg_up,55,-190,24.7,1,15,1,1,0","mounniley,leg_low,75,-91,-0.5,1,15,1,1,0","mounniley,foot,94,-25,6.5,0,17,1,1,0","mounniley,base,19,-265,-88,0,17,0.9,0.9,0",,"mounniley,cloak,-50,-407,-21,0,17,1,0.9,0",,,,,,,,,,,,,,,,,,,,,,,,,,,,,,,,,,,,,,,,,,,,,,,,,,,,,,,,,,,,,,,,,,,,,,,,,,,,,,,,,,,,,,,,,,,,,,,,,,,,,
Attack4/16,"mounniley,head,12,-534,0,0,4,1,1,0","mounniley,neck,0,-504,-13,0,8,1,1,0","mounniley,body,1,-357,-1,0,7,1,1,0","mounniley,arm_up,-82,-404,-25,0,7,1,0.9,0","mounniley,arm_low,-112,-329,-14,1,6,1,1,0","vraesier,fist,-123,-274,-21,0,7,1,1,0","mounniley,arm_up,78,-410,22,1,13,1,1,0","mounniley,arm_low,120,-352,46,0,5,1,1,0","vraesier,fist,157,-312,55,1,7,1,1.1,0","mounniley,leg_up,-44,-190,-4.2,1,11,1,0.9,0","mounniley,leg_low,-62,-92,-12,0,9,1,1,0","mounniley,foot,-50,-21,5.4,0,13,1,1,0","mounniley,leg_up,51,-196,24.7,1,15,1,1,0","mounniley,leg_low,73,-91,1.5,1,15,1,1,0","mounniley,foot,94,-25,6.5,0,17,1,1,0","mounniley,base,4,-270,-77,0,12,1,1,0",,"mounniley,cloak,-53,-401,-6,0,17,1,1,0",,,,,,,,,,,,,,,,,,,,,,,,,,,,,,,,,,,,,,,,,,,,,,,,,,,,,,,,,,,,,,,,,,,,,,,,,,,,,,,,,,,,,,,,,,,,,,,,,,,,,
Attack1/0,"mounniley,head,6,-496,5,0,4,1,1,0","mounniley,neck,1,-462,-12,0,8,1,1,0","mounniley,body,2,-347,0,0,7,1,1,0","mounniley,arm_up,-70,-362,-26,0,7,1,1,0","mounniley,arm_low,-95,-269,-2,1,8,1,1,0","vraesier,fist,-93,-205,-12,0,9,1,1,0","mounniley,arm_up,64,-371,32,1,13,1,1,0","mounniley,arm_low,135,-338,99,0,8,1,1,0","vraesier,fist_back,194,-357,116,0,10,0.9,1,0","mounniley,leg_up,-41,-180,-12.2,0,16,1,1,0","mounniley,leg_low,-73,-82,-17,0,16,1,1,0","mounniley,foot,-67,-17,-13.6,0,13,1,1,0","mounniley,leg_up,36,-187,11.7,0,18,1,1,0","mounniley,leg_low,49,-81,5.5,0,20,0.9,1,0","mounniley,foot,78,-29,1.5,0,17,1,1,0","mounniley,base,116,-406,-120,1,12,1,1,0",,"mounniley,cloak,43,-417,17,0,6,1,1,0","mounniley,cloak_right,-38,-320,-23,0,0,1,1,0","mounniley,cloak_back,-13,-352,-3,0,16,1.3,0.9,0","mounniley,skirt,3,-227,-4,0,9,1,1,0",,,,,,,,,,,,,,,,,,,,,,,,,,,,,,,,,,,,,,,,,,,,,,,,,,,,,,,,,,,,,,,,,,,,,,,,,,,,,,,,,,,,,,,,,,,,,,,,,,
Attack1/1,"mounniley,head,0,-497,3,0,4,1,1,0","mounniley,neck,-5,-463,-12,0,8,1,1,0","mounniley,body,-1,-350,3,0,7,1,1,0","mounniley,arm_up,-72,-362,-29,0,7,1,1,0","mounniley,arm_low,-111,-269,-12,1,8,1,1,0","vraesier,fist,-123,-205,-22,0,9,1,1,0","mounniley,arm_up,65,-374,42,1,13,1,1,0","mounniley,arm_low,141,-361,119,0,8,1,1,0","vraesier,fist_back,193,-394,126,0,10,0.9,1,0","mounniley,leg_up,-41,-180,-11.2,0,16,1,1,0","mounniley,leg_low,-76,-82,-20,0,16,1,1,0","mounniley,foot,-73,-17,-16.6,0,13,1,1,0","mounniley,leg_up,39,-187,17.7,0,18,1,1,0","mounniley,leg_low,52,-81,-0.5,0,20,0.9,1,0","mounniley,foot,76,-29,-1.5,0,17,1,1,0","mounniley,base,110,-428,-110,1,12,1,1,0",,"mounniley,cloak,40,-422,19,0,6,1,1,0","mounniley,cloak_right,-37,-321,-21,0,0,1,1,0","mounniley,cloak_back,-11,-355,0,0,16,1.3,0.9,0","mounniley,skirt,3,-227,-1,0,9,1,1,0",,,,,,,,,,,,,,,,,,,,,,,,,,,,,,,,,,,,,,,,,,,,,,,,,,,,,,,,,,,,,,,,,,,,,,,,,,,,,,,,,,,,,,,,,,,,,,,,,,
Attack1/2,"mounniley,head,-5,-497,2,0,4,1,1,0","mounniley,neck,-10,-463,-12,0,8,1,1,0","mounniley,body,-4,-350,4,0,7,1,1,0","mounniley,arm_up,-72,-362,-29,0,7,1,1,0","mounniley,arm_low,-111,-279,-17,1,8,1,1,0","vraesier,fist,-126,-215,-28,0,9,1,1,0","mounniley,arm_up,72,-378,67,1,13,1,1,0","mounniley,arm_low,145,-401,149,0,8,1,1,0","vraesier,fist_back,174,-455,156,0,10,0.9,1,0","mounniley,leg_up,-41,-180,-17.2,0,16,1,1,0","mounniley,leg_low,-79,-82,-23,0,16,1,1,0","mounniley,foot,-80,-17,-18.6,0,13,1,1,0","mounniley,leg_up,45,-187,17.7,0,18,1,1,0","mounniley,leg_low,60,-81,2.5,0,20,0.9,1,0","mounniley,foot,84,-29,-1.5,0,17,1,1,0","mounniley,base,86,-470,-100,1,12,1,1,0",,"mounniley,cloak,37,-422,27,0,6,1,1,0","mounniley,cloak_right,-36,-319,-18,0,0,1,1,0","mounniley,cloak_back,-8,-356,8,0,16,1.2,0.8,0","mounniley,skirt,3,-227,0,0,9,1,1,0",,,,,,,,,,,,,,,,,,,,,,,,,,,,,,,,,,,,,,,,,,,,,,,,,,,,,,,,,,,,,,,,,,,,,,,,,,,,,,,,,,,,,,,,,,,,,,,,play_time_mod_0.5,,
Attack1/3,"mounniley,head,-5,-497,1,0,4,1,1,0","mounniley,neck,-10,-463,-12,0,8,1,1,0","mounniley,body,-4,-350,4,0,7,1,1,0","mounniley,arm_up,-72,-362,-29,0,7,1,1,0","mounniley,arm_low,-112,-279,-20,1,8,1,1,0","vraesier,fist,-128,-215,-28,0,9,1,1,0","mounniley,arm_up,72,-391,77,1,13,1,1,0","mounniley,arm_low,134,-426,163,0,8,1,1,0","vraesier,fist_back,146,-482,166,0,10,0.9,1,0","mounniley,leg_up,-41,-180,-17.2,0,16,1,1,0","mounniley,leg_low,-79,-82,-23,0,16,1,1,0","mounniley,foot,-80,-17,-18.6,0,13,1,1,0","mounniley,leg_up,45,-187,17.7,0,18,1,1,0","mounniley,leg_low,60,-81,2.5,0,20,0.9,1,0","mounniley,foot,84,-29,-1.5,0,17,1,1,0","mounniley,base,54,-480,-85,1,12,1,1,0",,"mounniley,cloak,37,-424,34,0,6,1,1,0","mounniley,cloak_right,-36,-319,-18,0,0,1,1,0","mounniley,cloak_back,-10,-362,10,0,16,1.2,0.8,0","mounniley,skirt,3,-227,0,0,9,1,1,0",,,,,,,,,,,,,,,,,,,,,,,,,,,,,,,,,,,,,,,,,,,,,,,,,,,,,,,,,,,,,,,,,,,,,,,,,,,,,,,,,,,,,,,,,,,,,,,,play_time_mod_0.3,,
Attack1/4,"mounniley,head,-8,-497,0,0,4,1,1,0","mounniley,neck,-13,-463,-12,0,8,1,1,0","mounniley,body,-5,-350,4,0,7,1,1,0","mounniley,arm_up,-72,-365,-29,0,7,1,1,0","mounniley,arm_low,-112,-282,-22,1,8,1,1,0","vraesier,fist,-132,-218,-30,0,9,1,1,0","mounniley,arm_up,78,-398,83,1,13,1,1,0","mounniley,arm_low,132,-439,171,0,8,1,1,0","vraesier,fist_back,137,-499,175,0,10,0.9,1,0","mounniley,leg_up,-41,-180,-17.2,0,16,1,1,0","mounniley,leg_low,-82,-84,-25,0,16,1,1,0","mounniley,foot,-85,-20,-20.6,0,13,1,1,0","mounniley,leg_up,47,-187,20.7,0,18,1,1,0","mounniley,leg_low,66,-81,2.5,0,20,0.9,1,0","mounniley,foot,89,-29,-1.5,0,17,1,1,0","mounniley,base,46,-484,-76,1,12,1,1,0",,"mounniley,cloak,33,-426,40,0,6,1,1,0","mounniley,cloak_right,-37,-318,-16,0,0,1,1,0","mounniley,cloak_back,-10,-365,12,0,16,1.2,0.8,0","mounniley,skirt,3,-227,0,0,9,1,1,0",,,,,,,,,,,,,,,,,,,,,,,,,,,,,,,,,,,,,,,,,,,,,,,,,,,,,,,,,,,,,,,,,,,,,,,,,,,,,,,,,,,,,,,,,,,,,,,,,,
Attack1/5,"mounniley,smile,15,-497,-3,0,4,1,1,0","mounniley,neck,10,-463,-15,0,8,1,1,0","mounniley,body,1,-350,0,0,7,1,1,0","mounniley,arm_up,-62,-367,-31,0,7,1,1,0","mounniley,arm_low,-104,-286,-24,1,8,1,1,0","vraesier,fist,-126,-224,-32,0,9,1,1,0","mounniley,arm_up,89,-399,73,1,13,1,1,0","mounniley,arm_low,156,-421,151,0,8,1,1,0","vraesier,fist_back,186,-474,131,0,10,0.9,1,0","mounniley,leg_up,-41,-177,-19.2,0,16,1,1,0","mounniley,leg_low,-84,-84,-26,0,16,1,1,0","mounniley,foot,-87,-20,-22.6,0,13,1,1,0","mounniley,leg_up,49,-185,22.7,0,18,1,1,0","mounniley,leg_low,67,-81,-3.5,0,20,0.9,1,0","mounniley,foot,89,-29,-3.5,0,17,1,1,0","mounniley,swing,109,-542,-131,1,12,1,1.1,0",,"mounniley,cloak,49,-426,32,0,6,1,1,0","mounniley,cloak_right,-34,-326,-25,0,0,1,1,0","mounniley,cloak_back,-10,-365,-3,0,16,1.2,0.8,0","mounniley,skirt,3,-228,-1,0,9,1,1,0",,,,,,,,,,,,,,,,,,,,,,,,,,,,,,,,,,,,,,,,,,,,,,,,,,,,,,,,,,,,,,,,,,,,,,,,,,,,,,,,,,,,,,,,,,,,,,,,"play_time_mod_0.2,sprite_deal_damage",,"weapon_summon2,2000,0"
Attack1/6,"mounniley,smile,70,-484,-6,0,4,1,1,0","mounniley,neck,59,-452,-25,0,8,1,1,0","mounniley,body,23,-340,-11,0,7,1,1,0","mounniley,arm_up,-42,-368,-41,0,7,1,1,0","mounniley,arm_low,-99,-294,-34,1,8,1,1,0","vraesier,fist,-131,-236,-42,0,9,1,1,0","mounniley,arm_up,109,-382,72,1,13,1,1,0","mounniley,arm_low,206,-375,101,0,8,1,1,0","vraesier,fist_back,268,-386,87,0,10,0.9,1,0","mounniley,leg_up,-41,-172,-19.2,0,16,1,1,0","mounniley,leg_low,-86,-82,-31,0,16,1,1,0","mounniley,foot,-94,-20,-26.6,0,13,1,1,0","mounniley,leg_up,55,-175,26.7,0,18,1,1,0","mounniley,leg_low,71,-78,-6.5,0,20,0.9,1,0","mounniley,foot,91,-29,1.5,0,17,1,1,0","mounniley,swing,264,-494,-175,1,12,1,1.1,0",,"mounniley,cloak,92,-405,25,0,6,1.1,1.1,0","mounniley,cloak_right,-14,-324,-38,0,0,1,1,0","mounniley,cloak_back,4,-347,-17,0,16,1.2,0.8,0","mounniley,skirt,5,-222,-6,0,9,1,1,0",,,,,,,,,,,,,,,,,,,,,,,,,,,,,,,,,,,,,,,,,,,,,,,,,,,,,,,,,,,,,,,,,,,,,,,,,,,,,,,,,,,,,,,,,,,,,,,,"play_time_mod_0.1,sprite_deal_damage",,"weapon_summon,2000,0"
Attack1/7,"mounniley,smile,73,-482,-10,0,4,1,1,0","mounniley,neck,55,-450,-29,0,8,1,1,0","mounniley,body,23,-340,-11,0,7,1,1,0","mounniley,arm_up,-42,-381,-51,0,7,1,1,0","mounniley,arm_low,-109,-314,-34,1,8,1,1,0","vraesier,fist,-143,-257,-42,0,9,1,1,0","mounniley,arm_up,119,-368,51,1,13,1,1,0","mounniley,arm_low,198,-317,51,0,8,1,1,0","vraesier,fist_back,245,-277,32,0,10,0.9,1,0","mounniley,leg_up,-45,-172,-29.2,0,16,1,1,0","mounniley,leg_low,-106,-86,-35,0,16,1,1,0","mounniley,foot,-116,-24,-31.6,0,13,1,1,0","mounniley,leg_up,55,-172,28.7,0,18,1,1,0","mounniley,leg_low,71,-76,-6.5,0,20,0.9,1,0","mounniley,foot,91,-26,-2.5,0,17,1,1,0","mounniley,swing,340,-328,119,1,12,1,1.1,0",,"mounniley,cloak,90,-402,18,0,6,1.1,1.1,0","mounniley,cloak_right,-22,-328,-45,0,0,1.1,1,0","mounniley,cloak_back,0,-352,-18,0,16,1.2,0.8,0","mounniley,skirt,5,-222,-8,0,9,1,1,0",,,,,,,,,,,,,,,,,,,,,,,,,,,,,,,,,,,,,,,,,,,,,,,,,,,,,,,,,,,,,,,,,,,,,,,,,,,,,,,,,,,,,,,,,,,,,,,,"play_time_mod_0.1,sprite_deal_damage",,"swing_flat_small,2500,0"
Attack1/8,"mounniley,smile,77,-479,-14,0,4,1,1,0","mounniley,neck,57,-447,-29,0,8,1,1,0","mounniley,body,24,-338,-12,0,7,1,1,0","mounniley,arm_up,-42,-381,-51,0,7,1,1,0","mounniley,arm_low,-112,-318,-37,1,8,1,1,0","vraesier,fist,-148,-262,-46,0,9,1,1,0","mounniley,arm_up,119,-338,31,1,13,1,1,0","mounniley,arm_low,162,-252,22,0,8,1,1,0","vraesier,fist_back,183,-194,3,0,10,0.9,1,0","mounniley,leg_up,-45,-172,-29.2,0,16,1,1,0","mounniley,leg_low,-106,-86,-35,0,16,1,1,0","mounniley,foot,-116,-24,-31.6,0,13,1,1,0","mounniley,leg_up,55,-170,28.7,0,18,1,1,0","mounniley,leg_low,71,-76,-6.5,0,20,0.9,1,0","mounniley,foot,91,-26,-2.5,0,17,1,1,0","mounniley,swing,289,-173,78,1,12,1,1.1,0",,"mounniley,cloak,91,-395,9,0,6,1.1,1.1,0","mounniley,cloak_right,-22,-328,-47,0,0,1.1,1,0","mounniley,cloak_back,0,-358,-24,0,16,1.2,0.8,0","mounniley,skirt,5,-220,-8,0,9,1,1,0",,,,,,,,,,,,,,,,,,,,,,,,,,,,,,,,,,,,,,,,,,,,,,,,,,,,,,,,,,,,,,,,,,,,,,,,,,,,,,,,,,,,,,,,,,,,,,,,"play_time_mod_0.1,sprite_deal_damage",,
Attack1/9,"mounniley,smile,80,-478,-16,0,4,1,1,0","mounniley,neck,60,-446,-29,0,8,1,1,0","mounniley,body,24,-336,-13,0,7,1,1,0","mounniley,arm_up,-42,-385,-53,0,7,1,1,0","mounniley,arm_low,-112,-322,-38,1,8,1,1,0","vraesier,fist,-148,-266,-46,0,9,1,1,0","mounniley,arm_up,109,-326,11,1,13,1,1,0","mounniley,arm_low,119,-226,2,0,8,1,1,0","vraesier,fist_back,119,-165,-17,0,10,0.9,1,0","mounniley,leg_up,-47,-172,-31.2,0,16,1,1,0","mounniley,leg_low,-108,-86,-36,0,16,1,1,0","mounniley,foot,-120,-24,-31.6,0,13,1,1,0","mounniley,leg_up,55,-167,30.7,0,18,1,1,0","mounniley,leg_low,72,-76,-8.5,0,20,0.9,1,0","mounniley,foot,91,-26,-2.5,0,17,1,1,0","mounniley,swing,212,-109,58,1,12,1,1.1,0",,"mounniley,cloak,92,-387,3,0,6,1.1,1.1,0","mounniley,cloak_right,-24,-331,-49,0,0,1.1,1,0","mounniley,cloak_back,5,-359,-27,0,16,1.2,0.8,0","mounniley,skirt,2,-217,-9,0,9,1,1,0",,,,,,,,,,,,,,,,,,,,,,,,,,,,,,,,,,,,,,,,,,,,,,,,,,,,,,,,,,,,,,,,,,,,,,,,,,,,,,,,,,,,,,,,,,,,,,,,"play_time_mod_0.1,sprite_deal_damage",,"swing_flat,2500,0"
Attack1/10,"mounniley,smile,88,-470,-19,0,4,1,1,0","mounniley,neck,68,-438,-30,0,8,1,1,0","mounniley,body,27,-333,-15,0,7,1,1,0","mounniley,arm_up,-42,-386,-57,0,7,1,1,0","mounniley,arm_low,-112,-325,-38,1,8,1,1,0","vraesier,fist,-148,-269,-46,0,9,1,1,0","mounniley,arm_up,103,-326,4,1,13,1,1,0","mounniley,arm_low,107,-226,2,0,8,1,1,0","vraesier,fist_back,103,-165,-27,0,10,0.9,1,0","mounniley,leg_up,-49,-172,-31.2,0,16,1,1,0","mounniley,leg_low,-111,-86,-37,0,16,1,1,0","mounniley,foot,-124,-24,-31.6,0,13,1,1,0","mounniley,leg_up,55,-165,33.7,0,18,1,1,0","mounniley,leg_low,72,-74,-11.5,0,20,0.9,1,0","mounniley,foot,91,-26,-2.5,0,17,1,1,0","mounniley,base,168,-86,44,1,12,1,1,0",,"mounniley,cloak,94,-380,2,0,6,1.1,1.1,0","mounniley,cloak_right,-22,-326,-50,0,0,1.1,1,0","mounniley,cloak_back,1,-352,-30,0,16,1.2,0.8,0","mounniley,skirt,1,-213,-10,0,9,1,1,0",,,,,,,,,,,,,,,,,,,,,,,,,,,,,,,,,,,,,,,,,,,,,,,,,,,,,,,,,,,,,,,,,,,,,,,,,,,,,,,,,,,,,,,,,,,,,,,,,,
Attack1/11,"mounniley,smile,88,-468,-20,0,4,1,1,0","mounniley,neck,68,-437,-30,0,8,1,1,0","mounniley,body,27,-333,-15,0,7,1,1,0","mounniley,arm_up,-42,-386,-57,0,7,1,1,0","mounniley,arm_low,-112,-325,-38,1,8,1,1,0","vraesier,fist,-148,-269,-46,0,9,1,1,0","mounniley,arm_up,99,-326,-2,1,13,1,1,0","mounniley,arm_low,98,-226,0,0,8,1,1,0","vraesier,fist_back,92,-167,-29,0,10,0.9,1,0","mounniley,leg_up,-49,-172,-31.2,0,16,1,1,0","mounniley,leg_low,-111,-86,-37,0,16,1,1,0","mounniley,foot,-124,-24,-31.6,0,13,1,1,0","mounniley,leg_up,55,-165,33.7,0,18,1,1,0","mounniley,leg_low,72,-74,-11.5,0,20,0.9,1,0","mounniley,foot,91,-26,-2.5,0,17,1,1,0","mounniley,base,151,-90,40,1,12,1,1,0",,"mounniley,cloak,94,-380,2,0,6,1.1,1.1,0","mounniley,cloak_right,-22,-326,-50,0,0,1.1,1,0","mounniley,cloak_back,1,-353,-31,0,16,1.2,0.8,0","mounniley,skirt,1,-213,-10,0,9,1,1,0",,,,,,,,,,,,,,,,,,,,,,,,,,,,,,,,,,,,,,,,,,,,,,,,,,,,,,,,,,,,,,,,,,,,,,,,,,,,,,,,,,,,,,,,,,,,,,,,,,
Attack1/12,"mounniley,head,76,-475,-5,0,4,1,1,0","mounniley,neck,56,-444,-27,0,8,1,1,0","mounniley,body,24,-333,-12,0,7,1,1,0","mounniley,arm_up,-40,-381,-51,0,7,1,1,0","mounniley,arm_low,-105,-312,-38,1,8,1,1,0","vraesier,fist,-141,-256,-46,0,9,1,1,0","mounniley,arm_up,99,-326,0,1,13,1,1,0","mounniley,arm_low,108,-226,10,0,8,1,1,0","vraesier,fist_back,113,-163,-9,0,10,0.9,1,0","mounniley,leg_up,-49,-172,-31.2,0,16,1,1,0","mounniley,leg_low,-111,-86,-37,0,16,1,1,0","mounniley,foot,-124,-24,-31.6,0,13,1,1,0","mounniley,leg_up,51,-165,33.7,0,18,1,1,0","mounniley,leg_low,70,-79,-5.5,0,20,0.9,1,0","mounniley,foot,91,-26,2.5,0,17,1,1,0","mounniley,base,199,-129,67,1,12,1,1,0",,"mounniley,cloak,85,-390,11,0,6,1.1,1.1,0","mounniley,cloak_right,-21,-318,-42,0,0,1.1,1,0","mounniley,cloak_back,6,-346,-20,0,16,1.2,0.8,0","mounniley,skirt,1,-213,-7,0,9,1,1,0",,,,,,,,,,,,,,,,,,,,,,,,,,,,,,,,,,,,,,,,,,,,,,,,,,,,,,,,,,,,,,,,,,,,,,,,,,,,,,,,,,,,,,,,,,,,,,,,,,
Attack1/13,"mounniley,head,50,-481,-1,0,4,1,1,0","mounniley,neck,36,-444,-18,0,8,1,1,0","mounniley,body,18,-333,-7,0,7,1,1,0","mounniley,arm_up,-52,-371,-43,0,7,1,1,0","mounniley,arm_low,-105,-294,-23,1,8,1,1,0","vraesier,fist,-120,-232,-31,0,9,1,1,0","mounniley,arm_up,99,-346,30,1,13,1,1,0","mounniley,arm_low,163,-282,60,0,8,1,1,0","vraesier,fist_back,213,-246,41,0,10,0.9,1,0","mounniley,leg_up,-47,-172,-19.2,0,16,1,1,0","mounniley,leg_low,-89,-88,-30,0,16,1,1,0","mounniley,foot,-97,-24,-26.6,0,13,1,1,0","mounniley,leg_up,51,-176,21.7,0,18,1,1,0","mounniley,leg_low,65,-83,-0.5,0,20,0.9,1,0","mounniley,foot,86,-26,-1.5,0,17,1,1,0","mounniley,base,277,-309,137,1,12,1,1,0",,"mounniley,cloak,73,-394,17,0,6,1.1,1.1,0","mounniley,cloak_right,-30,-309,-36,0,0,1.1,1,0","mounniley,cloak_back,7,-345,-10,0,16,1.2,0.8,0","mounniley,skirt,5,-214,-4,0,9,1,1,0",,,,,,,,,,,,,,,,,,,,,,,,,,,,,,,,,,,,,,,,,,,,,,,,,,,,,,,,,,,,,,,,,,,,,,,,,,,,,,,,,,,,,,,,,,,,,,,,,,
Attack1/14,"mounniley,head,30,-482,3,0,4,1,1,0","mounniley,neck,23,-447,1,0,8,1,1,0","mounniley,body,11,-335,-2,0,7,1,1,0","mounniley,arm_up,-51,-370,-38,0,7,1,1,0","mounniley,arm_low,-103,-284,-20,1,8,1,1,0","vraesier,fist,-120,-224,-30,0,9,1,1,0","mounniley,arm_up,94,-360,33,1,13,1,1,0","mounniley,arm_low,161,-340,113,0,8,1,1,0","vraesier,fist_back,224,-343,92,0,10,0.9,1,0","mounniley,leg_up,-45,-172,-17.2,0,16,1,1,0","mounniley,leg_low,-86,-88,-27,0,16,1,1,0","mounniley,foot,-91,-24,-22.6,0,13,1,1,0","mounniley,leg_up,51,-176,21.7,0,18,1,1,0","mounniley,leg_low,65,-83,-0.5,0,20,0.9,1,0","mounniley,foot,86,-26,-1.5,0,17,1,1,0","mounniley,base,202,-447,-167,1,12,1,1,0",,"mounniley,cloak,70,-401,20,0,6,1.1,1.1,0","mounniley,cloak_right,-21,-304,-25,0,0,1.1,1,0","mounniley,cloak_back,8,-347,-4,0,16,1.2,0.8,0","mounniley,skirt,5,-216,-1,0,9,1,1,0",,,,,,,,,,,,,,,,,,,,,,,,,,,,,,,,,,,,,,,,,,,,,,,,,,,,,,,,,,,,,,,,,,,,,,,,,,,,,,,,,,,,,,,,,,,,,,,,,,
Attack1/15,"mounniley,head,3,-496,2,0,4,1,1,0","mounniley,neck,-6,-460,-14,0,8,1,1,0","mounniley,body,-4,-350,4,0,7,1,1,0","mounniley,arm_up,-72,-362,-29,0,7,1,1,0","mounniley,arm_low,-112,-279,-20,1,8,1,1,0","vraesier,fist,-128,-215,-28,0,9,1,1,0","mounniley,arm_up,72,-391,77,1,13,1,1,0","mounniley,arm_low,156,-413,133,0,8,1,1,0","vraesier,fist_back,194,-456,136,0,10,0.9,1,0","mounniley,leg_up,-41,-180,-17.2,0,16,1,1,0","mounniley,leg_low,-79,-82,-23,0,16,1,1,0","mounniley,foot,-80,-17,-18.6,0,13,1,1,0","mounniley,leg_up,45,-187,17.7,0,18,1,1,0","mounniley,leg_low,60,-81,2.5,0,20,0.9,1,0","mounniley,foot,84,-29,-1.5,0,17,1,1,0","mounniley,base,113,-500,-115,1,12,1,1,0",,"mounniley,cloak,37,-424,34,0,6,1,1,0","mounniley,cloak_right,-36,-319,-18,0,0,1,1,0","mounniley,cloak_back,-10,-362,10,0,16,1.2,0.8,0","mounniley,skirt,3,-227,0,0,9,1,1,0",,,,,,,,,,,,,,,,,,,,,,,,,,,,,,,,,,,,,,,,,,,,,,,,,,,,,,,,,,,,,,,,,,,,,,,,,,,,,,,,,,,,,,,,,,,,,,,,,,"sword_sheathe,2500,0"
Attack1/16,"mounniley,head,3,-490,0,0,4,1,1,0","mounniley,neck,-4,-456,-13,0,8,1,1,0","mounniley,body,-1,-344,2,0,7,1,1,0","mounniley,arm_up,-72,-360,-29,0,7,1,1,0","mounniley,arm_low,-110,-279,-15,1,8,1,1,0","vraesier,fist,-120,-215,-23,0,9,1,1,0","mounniley,arm_up,81,-373,52,1,13,1,1,0","mounniley,arm_low,151,-377,153,0,8,1,1,0","vraesier,fist_back,171,-430,156,0,10,0.9,1,0","mounniley,leg_up,-41,-180,-17.2,0,16,1,1,0","mounniley,leg_low,-79,-82,-23,0,16,1,1,0","mounniley,foot,-80,-17,-18.6,0,13,1,1,0","mounniley,leg_up,42,-187,14.7,0,18,1,1,0","mounniley,leg_low,56,-81,5.5,0,20,0.9,1,0","mounniley,foot,81,-29,-3.5,0,17,1,1,0","mounniley,base,80,-442,-94,1,12,1,1,0",,"mounniley,cloak,37,-418,34,0,6,1,1,0","mounniley,cloak_right,-36,-313,-18,0,0,1,1,0","mounniley,cloak_back,-8,-353,4,0,16,1.2,0.8,0","mounniley,skirt,3,-225,-2,0,9,1,1,0",,,,,,,,,,,,,,,,,,,,,,,,,,,,,,,,,,,,,,,,,,,,,,,,,,,,,,,,,,,,,,,,,,,,,,,,,,,,,,,,,,,,,,,,,,,,,,,,,,
Attack1/17,"mounniley,head,3,-490,2,0,4,1,1,0","mounniley,neck,-2,-456,-13,0,8,1,1,0","mounniley,body,1,-344,1,0,7,1,1,0","mounniley,arm_up,-72,-360,-29,0,7,1,1,0","mounniley,arm_low,-104,-277,-13,1,8,1,1,0","vraesier,fist,-113,-215,-20,0,9,1,1,0","mounniley,arm_up,82,-363,46,1,13,1,1,0","mounniley,arm_low,147,-361,138,0,8,1,1,0","vraesier,fist_back,186,-402,135,0,10,0.9,1,0","mounniley,leg_up,-41,-180,-17.2,0,16,1,1,0","mounniley,leg_low,-77,-82,-20,0,16,1,1,0","mounniley,foot,-72,-17,-15.6,0,13,1,1,0","mounniley,leg_up,42,-187,14.7,0,18,1,1,0","mounniley,leg_low,56,-81,5.5,0,20,0.9,1,0","mounniley,foot,81,-29,-3.5,0,17,1,1,0","mounniley,base,100,-433,-112,1,12,1,1,0",,"mounniley,cloak,40,-415,26,0,6,1,1,0","mounniley,cloak_right,-39,-317,-22,0,0,1,1,0","mounniley,cloak_back,-7,-349,6,0,16,1.2,0.8,0","mounniley,skirt,3,-225,-2,0,9,1,1,0",,,,,,,,,,,,,,,,,,,,,,,,,,,,,,,,,,,,,,,,,,,,,,,,,,,,,,,,,,,,,,,,,,,,,,,,,,,,,,,,,,,,,,,,,,,,,,,,,,
Attack1/18,"mounniley,head,6,-496,5,0,4,1,1,0","mounniley,neck,1,-462,-12,0,8,1,1,0","mounniley,body,2,-347,0,0,7,1,1,0","mounniley,arm_up,-70,-362,-26,0,7,1,1,0","mounniley,arm_low,-95,-269,-2,1,8,1,1,0","vraesier,fist,-93,-205,-12,0,9,1,1,0","mounniley,arm_up,64,-371,32,1,13,1,1,0","mounniley,arm_low,135,-338,99,0,8,1,1,0","vraesier,fist_back,194,-357,116,0,10,0.9,1,0","mounniley,leg_up,-41,-180,-12.2,0,16,1,1,0","mounniley,leg_low,-73,-82,-17,0,16,1,1,0","mounniley,foot,-67,-17,-13.6,0,13,1,1,0","mounniley,leg_up,36,-187,11.7,0,18,1,1,0","mounniley,leg_low,49,-81,5.5,0,20,0.9,1,0","mounniley,foot,78,-29,1.5,0,17,1,1,0","mounniley,base,116,-406,-120,1,12,1,1,0",,"mounniley,cloak,43,-417,17,0,6,1,1,0","mounniley,cloak_right,-38,-320,-23,0,0,1,1,0","mounniley,cloak_back,-13,-352,-3,0,16,1.3,0.9,0","mounniley,skirt,3,-227,-4,0,9,1,1,0",,,,,,,,,,,,,,,,,,,,,,,,,,,,,,,,,,,,,,,,,,,,,,,,,,,,,,,,,,,,,,,,,,,,,,,,,,,,,,,,,,,,,,,,,,,,,,,,,,
Attack2/0,"mounniley,head,6,-496,5,0,4,1,1,0","mounniley,neck,1,-462,-12,0,8,1,1,0","mounniley,body,2,-347,0,0,7,1,1,0","mounniley,arm_up,-70,-362,-26,0,7,1,1,0","mounniley,arm_low,-95,-269,-2,1,8,1,1,0","vraesier,fist,-93,-205,-12,0,9,1,1,0","mounniley,arm_up,64,-371,32,1,13,1,1,0","mounniley,arm_low,135,-338,99,0,8,1,1,0","vraesier,fist_back,194,-357,116,0,10,0.9,1,0","mounniley,leg_up,-41,-180,-12.2,0,16,1,1,0","mounniley,leg_low,-73,-82,-17,0,16,1,1,0","mounniley,foot,-67,-17,-13.6,0,13,1,1,0","mounniley,leg_up,36,-187,11.7,0,18,1,1,0","mounniley,leg_low,49,-81,5.5,0,20,0.9,1,0","mounniley,foot,78,-29,1.5,0,17,1,1,0","mounniley,base,116,-406,-120,1,12,1,1,0",,"mounniley,cloak,43,-417,17,0,6,1,1,0","mounniley,cloak_right,-38,-320,-23,0,0,1,1,0","mounniley,cloak_back,-13,-352,-3,0,16,1.3,0.9,0","mounniley,skirt,3,-227,-4,0,9,1,1,0",,,,,,,,,,,,,,,,,,,,,,,,,,,,,,,,,,,,,,,,,,,,,,,,,,,,,,,,,,,,,,,,,,,,,,,,,,,,,,,,,,,,,,,,,,,,,,,,,,
Attack2/1,"mounniley,head,19,-532,-3,0,4,1,1,0","mounniley,neck,6,-502,-14,0,8,1,1,0","mounniley,body,5,-357,-2,0,7,1,1,0","mounniley,arm_up,-81,-405,-27,0,7,1,0.9,0","mounniley,arm_low,-113,-330,-16,1,6,1,1,0","vraesier,fist,-126,-275,-23,0,7,1,1,0","mounniley,arm_up,80,-410,22,1,13,1,1,0","mounniley,arm_low,116,-349,35,0,5,1,1,0","vraesier,fist,142,-295,25,1,7,1,1.1,0","mounniley,leg_up,-46,-190,-7.2,1,11,1,0.9,0","mounniley,leg_low,-66,-92,-14,0,9,1,1,0","mounniley,foot,-58,-21,3.4,0,13,1,1,0","mounniley,leg_up,51,-196,25.7,1,15,1,1,0","mounniley,leg_low,74,-91,1.5,1,15,1,1,0","mounniley,foot,94,-25,6.5,0,17,1,1,0","mounniley,base,6,-270,-79,0,12,1,1,0",,"mounniley,cloak,-53,-401,-6,0,17,1,1,0",,,,,,,,,,,,,,,,,,,,,,,,,,,,,,,,,,,,,,,,,,,,,,,,,,,,,,,,,,,,,,,,,,,,,,,,,,,,,,,,,,,,,,,,,,,,,,,,,,,play_time_mod_1.5,,
Attack2/2,"mounniley,head,18,-527,-5,0,4,1,1,0","mounniley,neck,6,-497,-14,0,8,1,1,0","mounniley,body,5,-355,-2,0,7,1,1,0","mounniley,arm_up,-81,-403,-27,0,7,1,0.9,0","mounniley,arm_low,-113,-330,-12,1,6,1,1,0","vraesier,fist,-122,-273,-19,0,7,1,1,0","mounniley,arm_up,80,-412,22,1,13,1,1,0","mounniley,arm_low,111,-333,9,0,5,1,1,0","vraesier,fist_back,116,-280,-4,0,7,1,1.1,0","mounniley,leg_up,-46,-187,-7.2,1,11,1,0.9,0","mounniley,leg_low,-68,-92,-19,0,9,1,1,0","mounniley,foot,-63,-21,3.4,0,13,1,1,0","mounniley,leg_up,51,-194,28.7,1,15,1,1,0","mounniley,leg_low,75,-90,-2.5,1,15,1,1,0","mounniley,foot,94,-25,6.5,0,17,1,1,0","mounniley,base,6,-266,-83,0,12,1,1,0",,"mounniley,cloak,-53,-399,-6,0,17,1,1,0",,,,,,,,,,,,,,,,,,,,,,,,,,,,,,,,,,,,,,,,,,,,,,,,,,,,,,,,,,,,,,,,,,,,,,,,,,,,,,,,,,,,,,,,,,,,,,,,,,,play_time_mod_1.5,,
Attack2/3,"mounniley,head,39,-529,-5,0,4,1,1,0","mounniley,neck,25,-499,-19,0,8,1,1,0","mounniley,body,13,-353,-7,0,7,1,1,0","mounniley,arm_up,-76,-411,-39,0,7,1,0.9,0","mounniley,arm_low,-123,-345,-27,1,6,1,1,0","vraesier,fist,-144,-293,-34,0,7,1,1,0","mounniley,arm_up,103,-406,32,1,13,1,1,0","mounniley,arm_low,145,-333,21,0,5,1,1,0","vraesier,fist_back,165,-278,-1,0,7,1,1.1,0","mounniley,leg_up,-49,-191,-15.2,1,11,1,0.9,0","mounniley,leg_low,-81,-92,-19,0,9,1,1,0","mounniley,foot,-78,-21,2.4,0,13,1,1,0","mounniley,leg_up,51,-196,24.7,1,15,1,1,0","mounniley,leg_low,73,-91,1.5,1,15,1,1,0","mounniley,foot,94,-25,6.5,0,17,1,1,0","mounniley,base,56,-268,-85,0,16,1,1,0",,"mounniley,cloak,-40,-402,-8,0,17,1,1,0",,,,,,,,,,,,,,,,,,,,,,,,,,,,,,,,,,,,,,,,,,,,,,,,,,,,,,,,,,,,,,,,,,,,,,,,,,,,,,,,,,,,,,,,,,,,,,,,,,,play_time_mod_0.5,,
Attack2/4,"mounniley,head,49,-527,-12,0,4,1,1,0","mounniley,neck,34,-497,-22,0,8,1,1,0","mounniley,body,17,-353,-9,0,7,1,1,0","mounniley,arm_up,-71,-416,-43,0,7,1,0.9,0","mounniley,arm_low,-125,-352,-31,1,6,1,1,0","vraesier,fist,-150,-299,-35,0,7,1,1,0","mounniley,arm_up,110,-404,34,1,13,1,1,0","mounniley,arm_low,153,-326,20,0,5,1,1,0","vraesier,fist_back,169,-267,-10,0,7,1,1.1,0","mounniley,leg_up,-55,-191,-20.2,1,11,1,0.9,0","mounniley,leg_low,-100,-92,-29,0,9,1,1,0","mounniley,foot,-109,-21,-7.6,0,13,1,1,0","mounniley,leg_up,51,-196,25.7,1,15,1,1,0","mounniley,leg_low,73,-91,1.5,1,15,1,1,0","mounniley,foot,94,-25,6.5,0,17,1,1,0","mounniley,base,62,-274,-96,0,16,1,1,0",,"mounniley,cloak,-38,-403,-9,0,17,1,1,0",,,,,,,,,,,,,,,,,,,,,,,,,,,,,,,,,,,,,,,,,,,,,,,,,,,,,,,,,,,,,,,,,,,,,,,,,,,,,,,,,,,,,,,,,,,,,,,,,,,play_time_mod_0.5,,
Attack2/5,"mounniley,head,55,-522,-10,0,4,1,1,0","mounniley,neck,38,-495,-23,0,8,1,1,0","mounniley,body,16,-352,-10,0,7,1,1,0","mounniley,arm_up,-68,-416,-44,0,7,1,0.9,0","mounniley,arm_low,-124,-352,-32,1,6,1,1,0","vraesier,fist,-150,-299,-35,0,7,1,1,0","mounniley,arm_up,132,-414,58,1,13,1.1,1.1,0","mounniley,arm_low,202,-360,33,0,5,1,1,0","vraesier,fist_back,233,-308,13,0,7,1,1.1,0","mounniley,leg_up,-55,-191,-20.2,1,11,1,0.9,0","mounniley,leg_low,-100,-92,-29,0,9,1,1,0","mounniley,foot,-109,-21,-7.6,0,13,1,1,0","mounniley,leg_up,51,-196,25.7,1,15,1,1,0","mounniley,leg_low,73,-91,1.5,1,15,1,1,0","mounniley,foot,94,-25,6.5,0,17,1,1,0","mounniley,swing,125,-274,-79,0,16,1,1.1,0",,"mounniley,cloak,-38,-406,-11,0,17,1,1,0",,,,,,,,,,,,,,,,,,,,,,,,,,,,,,,,,,,,,,,,,,,,,,,,,,,,,,,,,,,,,,,,,,,,,,,,,,,,,,,,,,,,,,,,,,,,,,,,,,,"play_time_mod_0.5,sprite_deal_damage",,"swing_flat,2500,0"
Attack2/6,"mounniley,head,80,-511,-9,0,4,1,1,0","mounniley,neck,64,-478,-29,0,8,1,1,0","mounniley,body,32,-343,-15,0,7,1,1,0","mounniley,arm_up,-44,-423,-57,0,7,1,0.9,0","mounniley,arm_low,-107,-374,-38,1,6,1,1,0","vraesier,fist,-141,-321,-42,0,7,1,1,0","mounniley,arm_up,152,-392,58,1,13,1,1,0","mounniley,arm_low,231,-349,62,1,5,1,1,0","vraesier,fist,278,-313,49,1,7,1,1.1,0","mounniley,leg_up,-56,-191,-20.2,1,11,1,0.9,0","mounniley,leg_low,-101,-92,-29,0,9,1,1,0","mounniley,foot,-109,-21,-7.6,0,13,1,1,0","mounniley,leg_up,52,-196,29.7,1,15,1,1,0","mounniley,leg_low,74,-91,-3.5,1,15,1,1,0","mounniley,foot,94,-25,6.5,0,17,1,1,0","mounniley,swing,376,-378,127,0,16,0.9,1,0",,"mounniley,cloak,-12,-430,-62,1,17,1,1,0",,,,,,,,,,,,,,,,,,,,,,,,,,,,,,,,,,,,,,,,,,,,,,,,,,,,,,,,,,,,,,,,,,,,,,,,,,,,,,,,,,,,,,,,,,,,,,,,,,,"sprite_deal_damage,play_time_mod_0.1",,
Attack2/7,"mounniley,head,88,-511,-12,0,4,1,1,0","mounniley,neck,69,-478,-29,0,8,1,1,0","mounniley,body,41,-343,-14,0,7,1,1,0","mounniley,arm_up,-42,-427,-64,0,7,1,0.9,0","mounniley,arm_low,-107,-383,-40,1,6,1,1,0","vraesier,fist,-143,-331,-44,0,7,1,1,0","mounniley,arm_up,160,-393,51,1,13,1,1,0","mounniley,arm_low,228,-336,43,0,5,1.1,1.1,0","vraesier,fist,257,-283,29,1,7,1.1,1.2,0","mounniley,leg_up,-56,-191,-25.2,1,11,1,0.9,0","mounniley,leg_low,-104,-92,-29,0,9,1,1,0","mounniley,foot,-111,-21,-7.6,0,13,1,1,0","mounniley,leg_up,58,-188,35.7,1,15,1,1,0","mounniley,leg_low,80,-91,-9.5,1,15,1,1,0","mounniley,foot,94,-25,6.5,0,17,1,1,0","mounniley,swing,389,-306,104,0,16,0.9,1.2,0",,"mounniley,cloak,15,-440,-72,0,17,1,1,0",,,,,,,,,,,,,,,,,,,,,,,,,,,,,,,,,,,,,,,,,,,,,,,,,,,,,,,,,,,,,,,,,,,,,,,,,,,,,,,,,,,,,,,,,,,,,,,,,,,"play_time_mod_0.2,sprite_deal_damage",,
Attack2/8,"mounniley,head,89,-511,-16,0,4,1,1,0","mounniley,neck,69,-478,-29,0,8,1,1,0","mounniley,body,41,-343,-15,0,7,1,1,0","mounniley,arm_up,-42,-425,-68,0,7,1,0.9,0","mounniley,arm_low,-107,-383,-40,1,6,1,1,0","vraesier,fist,-143,-331,-44,0,7,1,1,0","mounniley,arm_up,148,-402,47,1,13,1,1,0","mounniley,arm_low,162,-341,-26,0,0,1.1,1.1,0","vraesier,fist,126,-279,-11,1,2,1.1,1.2,0","mounniley,leg_up,-56,-191,-25.2,1,11,1,0.9,0","mounniley,leg_low,-104,-92,-29,0,9,1,1,0","mounniley,foot,-111,-21,-7.6,0,13,1,1,0","mounniley,leg_up,58,-188,35.7,1,15,1,1,0","mounniley,leg_low,80,-91,-9.5,1,15,1,1,0","mounniley,foot,94,-25,6.5,0,17,1,1,0","mounniley,swing,251,-230,70,0,7,1.1,1.2,0",,"mounniley,cloak,25,-443,-108,1,17,1,1,0",,,,,,,,,,,,,,,,,,,,,,,,,,,,,,,,,,,,,,,,,,,,,,,,,,,,,,,,,,,,,,,,,,,,,,,,,,,,,,,,,,,,,,,,,,,,,,,,,,,"play_time_mod_0.1,sprite_deal_damage",,
Attack2/9,"mounniley,head,90,-511,-17,0,4,1,1,0","mounniley,neck,69,-478,-29,0,8,1,1,0","mounniley,body,41,-343,-15,0,7,1,1,0","mounniley,arm_up,-37,-426,-69,0,7,1,0.9,0","mounniley,arm_low,-107,-387,-45,1,6,1,1,0","vraesier,fist,-148,-340,-49,0,7,1,1,0","mounniley,arm_up,122,-387,-3,1,13,1,1,0","mounniley,arm_low,84,-339,-76,0,0,1.1,1.1,0","vraesier,fist,15,-326,-61,1,2,1.1,1.2,0","mounniley,leg_up,-57,-191,-32.2,1,11,1,0.9,0","mounniley,leg_low,-115,-92,-29,0,9,1,1,0","mounniley,foot,-126,-21,-9.6,0,13,1,1,0","mounniley,leg_up,58,-188,35.7,1,15,1,1,0","mounniley,leg_low,80,-91,-9.5,1,15,1,1,0","mounniley,foot,94,-25,6.5,0,17,1,1,0","mounniley,swing,95,-252,51,0,7,1,1.1,0",,"mounniley,cloak,25,-445,-145,0,17,1,1,0",,,,,,,,,,,,,,,,,,,,,,,,,,,,,,,,,,,,,,,,,,,,,,,,,,,,,,,,,,,,,,,,,,,,,,,,,,,,,,,,,,,,,,,,,,,,,,,,,,,"sprite_deal_damage,play_time_mod_0.1",,
Attack2/10,"mounniley,head,91,-511,-19,0,4,1,1,0","mounniley,neck,68,-478,-43,0,8,1,1,0","mounniley,body,41,-343,-15,0,7,1,1,0","mounniley,arm_up,-37,-428,-71,0,7,1,0.9,0","mounniley,arm_low,-107,-389,-45,1,6,1,1,0","vraesier,fist,-148,-341,-49,0,7,1,1,0","mounniley,arm_up,118,-384,-7,1,13,1,1,0","mounniley,arm_low,86,-353,-96,0,0,1.1,1.1,0","vraesier,fist,15,-364,-81,1,2,1.1,1.2,0","mounniley,leg_up,-57,-191,-32.2,1,11,1,0.9,0","mounniley,leg_low,-115,-92,-29,0,9,1,1,0","mounniley,foot,-126,-21,-9.6,0,13,1,1,0","mounniley,leg_up,58,-188,35.7,1,15,1,1,0","mounniley,leg_low,80,-91,-9.5,1,15,1,1,0","mounniley,foot,94,-25,6.5,0,17,1,1,0","mounniley,base,66,-255,26,0,7,1,1.1,0",,"mounniley,cloak,25,-441,-150,1,17,1,1,0",,,,,,,,,,,,,,,,,,,,,,,,,,,,,,,,,,,,,,,,,,,,,,,,,,,,,,,,,,,,,,,,,,,,,,,,,,,,,,,,,,,,,,,,,,,,,,,,,,,play_time_mod_0.5,,
Attack2/11,"mounniley,head,88,-513,-13,0,4,1,1,0","mounniley,neck,68,-478,-43,0,8,1,1,0","mounniley,body,41,-343,-15,0,7,1,1,0","mounniley,arm_up,-39,-428,-71,0,7,1,0.9,0","mounniley,arm_low,-107,-389,-45,1,6,1,1,0","vraesier,fist,-148,-341,-49,0,7,1,1,0","mounniley,arm_up,118,-382,-10,1,13,1,1,0","mounniley,arm_low,87,-357,-107,0,0,1.1,1.1,0","vraesier,fist,19,-382,-92,1,2,1.1,1.2,0","mounniley,leg_up,-57,-191,-32.2,1,11,1,0.9,0","mounniley,leg_low,-115,-92,-29,0,9,1,1,0","mounniley,foot,-126,-21,-9.6,0,13,1,1,0","mounniley,leg_up,58,-188,35.7,1,15,1,1,0","mounniley,leg_low,80,-91,-9.5,1,15,1,1,0","mounniley,foot,94,-25,6.5,0,17,1,1,0","mounniley,base,27,-259,10,0,7,1,1.1,0",,"mounniley,cloak,25,-433,-150,0,17,1,1,0",,,,,,,,,,,,,,,,,,,,,,,,,,,,,,,,,,,,,,,,,,,,,,,,,,,,,,,,,,,,,,,,,,,,,,,,,,,,,,,,,,,,,,,,,,,,,,,,,,,,,
Attack2/12,"mounniley,head,74,-513,-8,0,4,1,1,0","mounniley,neck,55,-470,-43,0,8,1,1,0","mounniley,body,34,-343,-10,0,7,1,1,0","mounniley,arm_up,-52,-421,-61,0,7,1,0.9,0","mounniley,arm_low,-118,-370,-35,1,6,1,1,0","vraesier,fist,-150,-316,-39,0,7,1,1,0","mounniley,arm_up,118,-372,0,1,13,1,1,0","mounniley,arm_low,88,-321,-67,0,0,1.1,1.1,0","vraesier,fist,18,-298,-52,1,2,1.1,1.2,0","mounniley,leg_up,-49,-189,-22.2,1,11,1,0.9,0","mounniley,leg_low,-103,-92,-29,0,9,1,1,0","mounniley,foot,-114,-18,-9.6,0,13,1,1,0","mounniley,leg_up,58,-188,35.7,1,15,1,1,0","mounniley,leg_low,80,-91,-9.5,1,15,1,1,0","mounniley,foot,94,-25,6.5,0,17,1,1,0","mounniley,base,57,-171,20,0,7,1,1.1,0",,"mounniley,cloak,25,-433,-150,0,17,1,1,0",,,,,,,,,,,,,,,,,,,,,,,,,,,,,,,,,,,,,,,,,,,,,,,,,,,,,,,,,,,,,,,,,,,,,,,,,,,,,,,,,,,,,,,,,,,,,,,,,,,,,
Attack2/13,"mounniley,head,45,-523,-6,0,4,1,1,0","mounniley,neck,28,-481,-32,0,8,1,1,0","mounniley,body,18,-350,-7,0,7,1,1,0","mounniley,arm_up,-73,-411,-48,0,7,1,0.9,0","mounniley,arm_low,-127,-358,-36,1,7,1,1,0","vraesier,fist,-160,-308,-53,0,9,1,1,0","mounniley,arm_up,99,-407,28,1,13,1,1,0","mounniley,arm_low,131,-329,8,0,4,1,1,0","vraesier,fist,139,-261,17,1,6,1,1.1,0","mounniley,leg_up,-56,-190,-24.2,1,11,1,0.9,0","mounniley,leg_low,-102,-92,-27,0,9,1,1,0","mounniley,foot,-109,-21,-7.6,0,13,1,1,0","mounniley,leg_up,65,-190,30.7,1,15,1,1,0","mounniley,leg_low,79,-91,-8.5,1,15,1,1,0","mounniley,foot,94,-25,6.5,0,17,1,1,0","mounniley,base,61,-179,-40,0,7,1,1,0",,"mounniley,cloak,-20,-425,-65,1,17,1,0.9,0",,,,,,,,,,,,,,,,,,,,,,,,,,,,,,,,,,,,,,,,,,,,,,,,,,,,,,,,,,,,,,,,,,,,,,,,,,,,,,,,,,,,,,,,,,,,,,,,,,,play_time_mod_0.5,,
Attack2/14,"mounniley,head,31,-522,-3,0,4,1,1,0","mounniley,neck,15,-483,-32,0,8,1,1,0","mounniley,body,14,-348,-3,0,7,1,1,0","mounniley,arm_up,-78,-407,-41,0,7,1,0.9,0","mounniley,arm_low,-127,-351,-35,1,7,1,1,0","vraesier,fist,-159,-299,-52,0,9,1,1,0","mounniley,arm_up,111,-417,50,1,13,1,1,0","mounniley,arm_low,167,-353,21,0,4,1,1,0","vraesier,fist,188,-291,24,1,6,1,1.1,0","mounniley,leg_up,-49,-190,-16.2,1,11,1,0.9,0","mounniley,leg_low,-89,-92,-27,0,9,1,1,0","mounniley,foot,-96,-21,-7.6,0,13,1,1,0","mounniley,leg_up,61,-190,26.7,1,15,1,1,0","mounniley,leg_low,77,-91,-3.5,1,15,1,1,0","mounniley,foot,94,-25,6.5,0,17,1,1,0","mounniley,base,99,-255,-73,0,7,1,0.9,0",,"mounniley,cloak,-50,-412,-44,1,17,1,0.9,0",,,,,,,,,,,,,,,,,,,,,,,,,,,,,,,,,,,,,,,,,,,,,,,,,,,,,,,,,,,,,,,,,,,,,,,,,,,,,,,,,,,,,,,,,,,,,,,,,,,play_time_mod_0.2,,
Attack2/15,"mounniley,head,17,-524,-1,0,4,1,1,0","mounniley,neck,5,-485,-31,0,8,1,1,0","mounniley,body,7,-348,0,0,7,1,1,0","mounniley,arm_up,-85,-396,-30,0,7,1,0.9,0","mounniley,arm_low,-125,-329,-25,1,7,1,1,0","vraesier,fist,-151,-274,-36,0,9,1,1,0","mounniley,arm_up,100,-433,65,1,13,1,1,0","mounniley,arm_low,189,-395,61,0,4,1,1,0","vraesier,fist,249,-358,66,1,6,1,1.1,0","mounniley,leg_up,-44,-190,-8.2,1,11,1,0.9,0","mounniley,leg_low,-73,-92,-23,0,9,1,1,0","mounniley,foot,-72,-21,-3.6,0,13,1,1,0","mounniley,leg_up,61,-190,26.7,1,15,1,1,0","mounniley,leg_low,77,-91,-3.5,1,15,1,1,0","mounniley,foot,94,-25,6.5,0,17,1,1,0","mounniley,base,176,-310,-56,0,17,0.9,0.9,0",,"mounniley,cloak,-50,-408,-34,1,17,1,0.9,0",,,,,,,,,,,,,,,,,,,,,,,,,,,,,,,,,,,,,,,,,,,,,,,,,,,,,,,,,,,,,,,,,,,,,,,,,,,,,,,,,,,,,,,,,,,,,,,,,,,play_time_mod_0.5,,
Attack2/16,"mounniley,head,21,-524,-2,0,4,1,1,0","mounniley,neck,9,-485,-32,0,8,1,1,0","mounniley,body,9,-348,-1,0,7,1,1,0","mounniley,arm_up,-81,-396,-32,0,7,1,0.9,0","mounniley,arm_low,-122,-329,-25,1,7,1,1,0","vraesier,fist,-145,-274,-32,0,9,1,1,0","mounniley,arm_up,81,-413,45,1,13,1,1,0","mounniley,arm_low,151,-346,41,0,4,1,1,0","vraesier,fist,195,-291,46,1,6,1,1.1,0","mounniley,leg_up,-44,-190,-8.2,1,11,1,0.9,0","mounniley,leg_low,-73,-92,-23,0,9,1,1,0","mounniley,foot,-72,-21,-3.6,0,13,1,1,0","mounniley,leg_up,61,-190,26.7,1,15,1,1,0","mounniley,leg_low,77,-91,-3.5,1,15,1,1,0","mounniley,foot,94,-25,6.5,0,17,1,1,0","mounniley,base,110,-271,-76,0,17,0.9,0.9,0",,"mounniley,cloak,-50,-409,-22,0,17,1,0.9,0",,,,,,,,,,,,,,,,,,,,,,,,,,,,,,,,,,,,,,,,,,,,,,,,,,,,,,,,,,,,,,,,,,,,,,,,,,,,,,,,,,,,,,,,,,,,,,,,,,,,,
Attack2/17,"mounniley,head,21,-524,-4,0,4,1,1,0","mounniley,neck,7,-485,-31,0,8,1,1,0","mounniley,body,8,-348,-2,0,7,1,1,0","mounniley,arm_up,-82,-398,-36,0,7,1,0.9,0","mounniley,arm_low,-123,-329,-20,1,7,1,1,0","vraesier,fist,-139,-273,-28,0,9,1,1,0","mounniley,arm_up,73,-411,21,1,13,1,1,0","mounniley,arm_low,108,-327,16,0,4,1,1,0","vraesier,fist,121,-265,15,1,6,1,1.1,0","mounniley,leg_up,-44,-190,-8.2,1,11,1,0.9,0","mounniley,leg_low,-70,-92,-20,0,9,1,1,0","mounniley,foot,-69,-21,-2.6,0,13,1,1,0","mounniley,leg_up,55,-190,24.7,1,15,1,1,0","mounniley,leg_low,75,-91,-0.5,1,15,1,1,0","mounniley,foot,94,-25,6.5,0,17,1,1,0","mounniley,base,19,-265,-96,0,17,0.9,0.9,0",,"mounniley,cloak,-52,-408,-30,0,17,1,0.9,0",,,,,,,,,,,,,,,,,,,,,,,,,,,,,,,,,,,,,,,,,,,,,,,,,,,,,,,,,,,,,,,,,,,,,,,,,,,,,,,,,,,,,,,,,,,,,,,,,,,play_time_mod_0.5,,"sword_sheathe,2500,0"
Attack2/18,"mounniley,head,22,-525,-3,0,4,1,1,0","mounniley,neck,8,-490,-31,0,8,1,1,0","mounniley,body,8,-348,-3,0,7,1,1,0","mounniley,arm_up,-79,-397,-33,0,7,1,0.9,0","mounniley,arm_low,-119,-328,-18,1,7,1,1,0","vraesier,fist,-133,-272,-26,0,9,1,1,0","mounniley,arm_up,84,-409,32,1,13,1,1,0","mounniley,arm_low,126,-337,22,0,4,1,1,0","vraesier,fist,146,-276,25,1,6,1,1.1,0","mounniley,leg_up,-44,-190,-4.2,1,11,1,0.9,0","mounniley,leg_low,-67,-92,-16,0,9,1,1,0","mounniley,foot,-61,-21,0.4,0,13,1,1,0","mounniley,leg_up,55,-190,24.7,1,15,1,1,0","mounniley,leg_low,75,-91,-0.5,1,15,1,1,0","mounniley,foot,94,-25,6.5,0,17,1,1,0","mounniley,base,19,-265,-88,0,17,0.9,0.9,0",,"mounniley,cloak,-50,-407,-21,0,17,1,0.9,0",,,,,,,,,,,,,,,,,,,,,,,,,,,,,,,,,,,,,,,,,,,,,,,,,,,,,,,,,,,,,,,,,,,,,,,,,,,,,,,,,,,,,,,,,,,,,,,,,,,,,
Attack2/19,"mounniley,head,12,-534,0,0,4,1,1,0","mounniley,neck,0,-504,-13,0,8,1,1,0","mounniley,body,1,-357,-1,0,7,1,1,0","mounniley,arm_up,-82,-404,-25,0,7,1,0.9,0","mounniley,arm_low,-112,-329,-14,1,6,1,1,0","vraesier,fist,-123,-274,-21,0,7,1,1,0","mounniley,arm_up,78,-410,22,1,13,1,1,0","mounniley,arm_low,120,-352,46,0,5,1,1,0","vraesier,fist,157,-312,55,1,7,1,1.1,0","mounniley,leg_up,-44,-190,-4.2,1,11,1,0.9,0","mounniley,leg_low,-62,-92,-12,0,9,1,1,0","mounniley,foot,-50,-21,5.4,0,13,1,1,0","mounniley,leg_up,51,-196,24.7,1,15,1,1,0","mounniley,leg_low,73,-91,1.5,1,15,1,1,0","mounniley,foot,94,-25,6.5,0,17,1,1,0","mounniley,base,4,-270,-77,0,12,1,1,0",,"mounniley,cloak,-53,-401,-6,0,17,1,1,0",,,,,,,,,,,,,,,,,,,,,,,,,,,,,,,,,,,,,,,,,,,,,,,,,,,,,,,,,,,,,,,,,,,,,,,,,,,,,,,,,,,,,,,,,,,,,,,,,,,,,
Attack5/0,"mounniley,head,6,-496,5,0,4,1,1,0","mounniley,neck,1,-462,-12,0,8,1,1,0","mounniley,body,2,-347,0,0,7,1,1,0","mounniley,arm_up,-70,-362,-26,0,7,1,1,0","mounniley,arm_low,-95,-269,-2,1,8,1,1,0","vraesier,fist,-93,-205,-12,0,9,1,1,0","mounniley,arm_up,64,-371,32,1,13,1,1,0","mounniley,arm_low,135,-338,99,0,8,1,1,0","vraesier,fist_back,194,-357,116,0,10,0.9,1,0","mounniley,leg_up,-41,-180,-12.2,0,16,1,1,0","mounniley,leg_low,-73,-82,-17,0,16,1,1,0","mounniley,foot,-67,-17,-13.6,0,13,1,1,0","mounniley,leg_up,36,-187,11.7,0,18,1,1,0","mounniley,leg_low,49,-81,5.5,0,20,0.9,1,0","mounniley,foot,78,-29,1.5,0,17,1,1,0","mounniley,base,116,-406,-120,1,12,1,1,0",,"mounniley,cloak,43,-417,17,0,6,1,1,0","mounniley,cloak_right,-38,-320,-23,0,0,1,1,0","mounniley,cloak_back,-13,-352,-3,0,16,1.3,0.9,0","mounniley,skirt,3,-227,-4,0,9,1,1,0",,,,,,,,,,,,,,,,,,,,,,,,,,,,,,,,,,,,,,,,,,,,,,,,,,,,,,,,,,,,,,,,,,,,,,,,,,,,,,,,,,,,,,,,,,,,,,,,,,
Attack5/1,"mounniley,head,17,-533,-3,0,4,1,1,0","mounniley,neck,4,-503,-14,0,8,1,1,0","mounniley,body,5,-357,-2,0,7,1,1,0","mounniley,arm_up,-81,-405,-27,0,7,1,0.9,0","mounniley,arm_low,-113,-330,-16,1,6,1,1,0","vraesier,fist,-126,-275,-23,0,7,1,1,0","mounniley,arm_up,80,-410,22,1,13,1,1,0","mounniley,arm_low,123,-350,46,0,5,1,1,0","vraesier,fist,162,-310,55,1,7,1,1.1,0","mounniley,leg_up,-46,-190,-7.2,1,11,1,0.9,0","mounniley,leg_low,-66,-92,-14,0,9,1,1,0","mounniley,foot,-58,-21,3.4,0,13,1,1,0","mounniley,leg_up,51,-196,25.7,1,15,1,1,0","mounniley,leg_low,74,-91,1.5,1,15,1,1,0","mounniley,foot,94,-25,6.5,0,17,1,1,0","mounniley,base,6,-270,-79,0,12,1,1,0",,"mounniley,cloak,-53,-401,-6,0,17,1,1,0",,,,,,,,,,,,,,,,,,,,,,,,,,,,,,,,,,,,,,,,,,,,,,,,,,,,,,,,,,,,,,,,,,,,,,,,,,,,,,,,,,,,,,,,,,,,,,,,,,,play_time_mod_1.5,,
Attack5/2,"mounniley,head,22,-534,-2,0,4,1,1,0","mounniley,neck,9,-504,-14,0,8,1,1,0","mounniley,body,6,-357,-3,0,7,1,1,0","mounniley,arm_up,-81,-405,-29,0,7,1,0.9,0","mounniley,arm_low,-115,-332,-16,1,6,1,1,0","vraesier,fist,-125,-277,-23,0,7,1,1,0","mounniley,arm_up,86,-410,33,1,13,1,1,0","mounniley,arm_low,143,-354,52,0,5,1,1,0","vraesier,fist,177,-312,35,1,7,1,1.1,0","mounniley,leg_up,-46,-190,-5.2,1,11,1,0.9,0","mounniley,leg_low,-69,-92,-18,0,9,1,1,0","mounniley,foot,-64,-21,3.4,0,13,1,1,0","mounniley,leg_up,51,-196,24.7,1,15,1,1,0","mounniley,leg_low,73,-91,1.5,1,15,1,1,0","mounniley,foot,94,-25,6.5,0,17,1,1,0","mounniley,base,48,-275,-77,0,16,1,1,0",,"mounniley,cloak,-53,-401,-6,0,17,1,1,0",,,,,,,,,,,,,,,,,,,,,,,,,,,,,,,,,,,,,,,,,,,,,,,,,,,,,,,,,,,,,,,,,,,,,,,,,,,,,,,,,,,,,,,,,,,,,,,,,,,play_time_mod_0.5,,
Attack5/3,"mounniley,head,14,-534,-1,0,4,1,1,0","mounniley,neck,1,-504,-14,0,8,1,1,0","mounniley,body,5,-357,-1,0,7,1,1,0","mounniley,arm_up,-83,-403,-31,0,7,1,0.9,0","mounniley,arm_low,-115,-332,-8,1,6,1,1,0","vraesier,fist,-117,-275,-15,0,7,1,1,0","mounniley,arm_up,94,-424,55,1,13,1,1,0","mounniley,arm_low,175,-388,74,0,5,1,1,0","vraesier,fist,228,-363,57,1,7,1,1.1,0","mounniley,leg_up,-46,-190,-5.2,1,11,1,0.9,0","mounniley,leg_low,-71,-92,-20,0,9,1,1,0","mounniley,foot,-64,-21,4.4,0,13,1,1,0","mounniley,leg_up,57,-194,25.7,1,15,1,1,0","mounniley,leg_low,75,-91,-2.5,1,15,1,1,0","mounniley,foot,94,-25,6.5,0,17,1,1,0","mounniley,base,147,-289,-52,0,17,1,1,0",,"mounniley,cloak,-52,-399,-1,0,17,1,1,0",,,,,,,,,,,,,,,,,,,,,,,,,,,,,,,,,,,,,,,,,,,,,,,,,,,,,,,,,,,,,,,,,,,,,,,,,,,,,,,,,,,,,,,,,,,,,,,,,,,play_time_mod_0.3,,
Attack5/4,"mounniley,head,11,-534,1,0,4,1,1,0","mounniley,neck,-1,-502,-13,0,8,1,1,0","mounniley,body,5,-357,0,0,7,1,1,0","mounniley,arm_up,-83,-403,-32,0,7,1,0.9,0","mounniley,arm_low,-100,-340,11,1,6,1,1,0","vraesier,fist,-83,-285,4,0,7,1,1,0","mounniley,arm_up,94,-429,65,1,13,1,1,0","mounniley,arm_low,180,-405,84,0,5,1,1,0","vraesier,fist,237,-397,97,1,7,1,1.1,0","mounniley,leg_up,-46,-190,-5.2,1,11,1,0.9,0","mounniley,leg_low,-71,-92,-20,0,9,1,1,0","mounniley,foot,-64,-21,4.4,0,13,1,1,0","mounniley,leg_up,58,-194,26.7,1,15,1,1,0","mounniley,leg_low,76,-91,-4.5,1,15,1,1,0","mounniley,foot,94,-25,6.5,0,17,1,1,0","mounniley,base,209,-292,-19,0,17,1,1,0",,"mounniley,cloak,-52,-398,2,0,17,1,1,0",,,,,,,,,,,,,,,,,,,,,,,,,,,,,,,,,,,,,,,,,,,,,,,,,,,,,,,,,,,,,,,,,,,,,,,,,,,,,,,,,,,,,,,,,,,,,,,,,,,play_time_mod_0.2,,
Attack5/5,"mounniley,head,11,-534,1,0,4,1,1,0","mounniley,neck,-1,-502,-13,0,8,1,1,0","mounniley,body,5,-357,0,0,7,1,1,0","mounniley,arm_up,-83,-403,-32,0,7,1,0.9,0","mounniley,arm_low,-100,-340,11,1,6,1,1,0","vraesier,fist,-83,-285,4,0,7,1,1,0","mounniley,arm_up,94,-429,64,1,13,1,1,0","mounniley,arm_low,175,-410,89,0,5,1,1,0","vraesier,fist,232,-416,108,1,7,1,1.1,0","mounniley,leg_up,-46,-190,-5.2,1,11,1,0.9,0","mounniley,leg_low,-71,-92,-20,0,9,1,1,0","mounniley,foot,-64,-21,4.4,0,13,1,1,0","mounniley,leg_up,58,-194,26.7,1,15,1,1,0","mounniley,leg_low,76,-91,-4.5,1,15,1,1,0","mounniley,foot,94,-25,6.5,0,17,1,1,0","mounniley,base,223,-314,-9,0,17,1.2,0.9,0",,"mounniley,cloak,-52,-398,2,0,17,1,1,0",,,,,,,,,,,,,,,,,,,,,,,,,,,,,,,,,,,,,,,,,,,,,,,,,,,,,,,,,,,,,,,,,,,,,,,,,,,,,,,,,,,,,,,,,,,,,,,,,,,play_time_mod_0.2,,
Attack5/6,"mounniley,head,11,-534,3,0,4,1,1,0","mounniley,neck,-1,-502,-13,0,8,1,1,0","mounniley,body,5,-357,0,0,7,1,1,0","mounniley,arm_up,-82,-397,-22,0,7,1,0.9,0","mounniley,arm_low,-90,-326,21,1,6,1,1,0","vraesier,fist,-64,-276,14,0,7,1,1,0","mounniley,arm_up,94,-429,66,1,13,1,1,0","mounniley,arm_low,182,-408,86,0,5,1,1,0","vraesier,fist_back,248,-402,77,0,7,1,1.1,0","mounniley,leg_up,-46,-190,-5.2,1,11,1,0.9,0","mounniley,leg_low,-71,-92,-20,0,9,1,1,0","mounniley,foot,-64,-21,4.4,0,13,1,1,0","mounniley,leg_up,58,-194,26.7,1,15,1,1,0","mounniley,leg_low,76,-91,-4.5,1,15,1,1,0","mounniley,foot,94,-25,6.5,0,17,1,1,0","mounniley,base,269,-496,173,1,17,1.1,0.8,0",,"mounniley,cloak,-52,-398,2,0,17,1,1,0",,,,,,,,,,,,,,,,,,,,,,,,,,,,,,,,,,,,,,,,,,,,,,,,,,,,,,,,,,,,,,,,,,,,,,,,,,,,,,,,,,,,,,,,,,,,,,,,,,,play_time_mod_0.7,,
Attack5/7,"mounniley,head,11,-534,2,0,4,1,1,0","mounniley,neck,-1,-502,-13,0,8,1,1,0","mounniley,body,5,-357,0,0,7,1,1,0","mounniley,arm_up,-81,-397,-21,0,7,1,0.9,0","mounniley,arm_low,-88,-326,22,1,6,1,1,0","vraesier,fist,-61,-276,15,0,7,1,1,0","mounniley,arm_up,82,-467,113,1,13,1,1,0","mounniley,arm_low,139,-525,160,0,5,1,1,0","vraesier,fist_back,163,-581,154,0,7,1,1.1,0","mounniley,leg_up,-46,-190,-5.2,1,11,1,0.9,0","mounniley,leg_low,-71,-92,-20,0,9,1,1,0","mounniley,foot,-64,-21,4.4,0,13,1,1,0","mounniley,leg_up,58,-194,26.7,1,15,1,1,0","mounniley,leg_low,76,-91,-4.5,1,15,1,1,0","mounniley,foot,94,-25,6.5,0,17,1,1,0","mounniley,base,56,-614,-103,0,17,1,1,0",,"mounniley,cloak,-53,-398,0,0,17,1,1,0",,,,,,,,,,,,,,,,,,,,,,,,,,,,,,,,,,,,,,,,,,,,,,,,,,,,,,,,,,,,,,,,,,,,,,,,,,,,,,,,,,,,,,,,,,,,,,,,,,,,,
Attack5/8,"mounniley,head,-4,-535,14,0,4,1,1,0","mounniley,neck,-8,-501,-3,0,8,1,1,0","mounniley,body,0,-359,3,0,7,1,1,0","mounniley,arm_up,-73,-390,-2,0,7,1,0.9,0","mounniley,arm_low,-57,-321,41,1,6,1,1,0","vraesier,fist,-15,-282,34,0,7,1,1,0","mounniley,arm_up,67,-483,133,1,13,1,1,0","mounniley,arm_low,101,-563,178,0,5,1,1.1,0","vraesier,fist_back,100,-630,175,0,7,1,1.1,0","mounniley,leg_up,-46,-189,-7.2,1,11,1,0.9,0","mounniley,leg_low,-71,-92,-20,0,9,1,1,0","mounniley,foot,-64,-21,4.4,0,13,1,1,0","mounniley,leg_up,64,-194,26.7,1,15,1,1,0","mounniley,leg_low,78,-91,-8.5,1,15,1,1,0","mounniley,foot,94,-25,6.5,0,17,1,1,0","mounniley,base,-11,-614,-80,0,17,1,1,0",,"mounniley,cloak,-53,-398,0,0,17,1,1,0",,,,,,,,,,,,,,,,,,,,,,,,,,,,,,,,,,,,,,,,,,,,,,,,,,,,,,,,,,,,,,,,,,,,,,,,,,,,,,,,,,,,,,,,,,,,,,,,,,,,,
Attack5/9,"mounniley,head,31,-530,-5,0,4,1,1,0","mounniley,neck,16,-500,-19,0,8,1,1,0","mounniley,body,12,-357,-3,0,7,1,1,0","mounniley,arm_up,-81,-414,-45,0,7,1,0.9,0","mounniley,arm_low,-141,-355,-37,1,6,1,1,0","vraesier,fist,-170,-309,-44,0,7,1,1,0","mounniley,arm_up,115,-470,113,1,13,1,1,0","mounniley,arm_low,186,-520,134,0,5,1,1,0","vraesier,fist_back,238,-561,105,0,7,1,1.1,0","mounniley,leg_up,-46,-190,-5.2,1,11,1,0.9,0","mounniley,leg_low,-71,-92,-20,0,9,1,1,0","mounniley,foot,-64,-21,4.4,0,13,1,1,0","mounniley,leg_up,63,-192,30.7,1,15,1,1,0","mounniley,leg_low,79,-91,-8.5,1,15,1,1,0","mounniley,foot,94,-25,6.5,0,17,1,1,0","mounniley,swing,216,-678,-170,0,17,1,1.1,0",,"mounniley,cloak,-53,-400,-3,0,17,1,1,0",,,,,,,,,,,,,,,,,,,,,,,,,,,,,,,,,,,,,,,,,,,,,,,,,,,,,,,,,,,,,,,,,,,,,,,,,,,,,,,,,,,,,,,,,,,,,,,,,,,"play_time_mod_0.2,sprite_deal_damage",,"swing_flat_large,2500,0"
Attack5/10,"mounniley,head,79,-519,-10,0,4,1,1,0","mounniley,neck,61,-488,-27,0,8,1,1,0","mounniley,body,35,-347,-11,0,7,1,1,0","mounniley,arm_up,-51,-428,-60,0,7,1,0.9,0","mounniley,arm_low,-118,-387,-47,1,6,1,1,0","vraesier,fist,-155,-346,-54,0,7,1,1,0","mounniley,arm_up,152,-404,54,1,13,1,1.1,0","mounniley,arm_low,237,-347,56,0,5,1,1,0","vraesier,fist_back,288,-309,34,0,7,1,1.1,0","mounniley,leg_up,-46,-190,-25.2,1,11,1,0.9,0","mounniley,leg_low,-88,-92,-24,0,9,1,1,0","mounniley,foot,-95,-21,-15.6,0,13,1,1,0","mounniley,leg_up,63,-188,33.7,1,15,1,1,0","mounniley,leg_low,79,-90,-10.5,1,15,1,1,0","mounniley,foot,94,-25,6.5,0,17,1,1,0","mounniley,swing,398,-378,124,0,17,1,1.2,0",,"mounniley,cloak,-13,-418,-34,0,17,1,1,0",,,,,,,,,,,,,,,,,,,,,,,,,,,,,,,,,,,,,,,,,,,,,,,,,,,,,,,,,,,,,,,,,,,,,,,,,,,,,,,,,,,,,,,,,,,,,,,,,,,"play_time_mod_0.1,sprite_deal_damage",,
Attack5/11,"mounniley,head,93,-512,-13,0,4,1,1,0","mounniley,neck,73,-479,-32,0,8,1,1,0","mounniley,body,44,-340,-15,0,7,1,1,0","mounniley,arm_up,-41,-429,-71,0,7,1,0.9,0","mounniley,arm_low,-103,-394,-38,1,6,1,1,0","vraesier,fist,-133,-349,-45,0,7,1,1,0","mounniley,arm_up,149,-383,23,1,13,1,1,0","mounniley,arm_low,192,-300,27,0,5,1,1,0","vraesier,fist_back,215,-243,-7,0,7,1,1.1,0","mounniley,leg_up,-48,-188,-25.2,1,11,1,0.9,0","mounniley,leg_low,-92,-92,-28,0,9,1,1,0","mounniley,foot,-101,-21,-15.6,0,13,1,1,0","mounniley,leg_up,65,-182,31.7,1,15,1,1,0","mounniley,leg_low,79,-88,-11.5,1,15,1,1,0","mounniley,foot,94,-25,6.5,0,17,1,1,0","mounniley,swing,343,-220,85,0,17,1,1.2,0",,"mounniley,cloak,-11,-417,-45,1,17,1,1,0",,,,,,,,,,,,,,,,,,,,,,,,,,,,,,,,,,,,,,,,,,,,,,,,,,,,,,,,,,,,,,,,,,,,,,,,,,,,,,,,,,,,,,,,,,,,,,,,,,,"sprite_deal_damage,play_time_mod_0.1",,
Attack5/12,"mounniley,head,131,-493,-10,0,4,1,1,0","mounniley,neck,115,-464,-42,0,8,1,1,0","mounniley,body,63,-333,-22,0,7,1,1,0","mounniley,arm_up,-8,-428,-74,0,7,1,0.9,0","mounniley,arm_low,-73,-398,-47,1,6,1,1,0","vraesier,fist,-106,-354,-48,0,7,1,1,0","mounniley,arm_up,173,-355,11,1,13,1,1,0","mounniley,arm_low,197,-265,15,0,5,1,1,0","vraesier,fist_back,207,-205,-19,0,7,1,1.1,0","mounniley,leg_up,-54,-186,-28.2,1,11,1,0.9,0","mounniley,leg_low,-102,-92,-28,0,9,1,1,0","mounniley,foot,-121,-21,-25.6,0,13,1,1,0","mounniley,leg_up,65,-182,31.7,1,15,1,1,0","mounniley,leg_low,79,-88,-11.5,1,15,1,1,0","mounniley,foot,94,-25,6.5,0,17,1,1,0","mounniley,swing,327,-154,72,0,17,1,1.2,0",,"mounniley,cloak,21,-417,-65,1,17,1,1,0",,,,,,,,,,,,,,,,,,,,,,,,,,,,,,,,,,,,,,,,,,,,,,,,,,,,,,,,,,,,,,,,,,,,,,,,,,,,,,,,,,,,,,,,,,,,,,,,,,,"sprite_deal_damage,play_time_mod_0.3",,
Attack5/13,"mounniley,head,133,-490,-16,0,4,1,1,0","mounniley,neck,113,-460,-48,0,8,1,1,0","mounniley,body,63,-330,-23,0,7,1,1,0","mounniley,arm_up,-8,-430,-78,0,7,1,0.9,0","mounniley,arm_low,-74,-402,-48,1,6,1,1,0","vraesier,fist,-115,-356,-50,0,7,1,1,0","mounniley,arm_up,170,-350,11,1,13,1,1,0","mounniley,arm_low,188,-255,5,0,5,1,1,0","vraesier,fist_back,187,-195,-29,0,7,1,1.1,0","mounniley,leg_up,-54,-186,-28.2,1,11,1,0.9,0","mounniley,leg_low,-102,-92,-28,0,9,1,1,0","mounniley,foot,-121,-21,-25.6,0,13,1,1,0","mounniley,leg_up,65,-182,31.7,1,15,1,1,0","mounniley,leg_low,79,-88,-11.5,1,15,1,1,0","mounniley,foot,94,-25,6.5,0,17,1,1,0","mounniley,base,296,-122,60,0,17,1,1.2,0",,"mounniley,cloak,31,-413,-60,1,17,1,1,0",,,,,,,,,,,,,,,,,,,,,,,,,,,,,,,,,,,,,,,,,,,,,,,,,,,,,,,,,,,,,,,,,,,,,,,,,,,,,,,,,,,,,,,,,,,,,,,,,,,,,
Attack5/14,"mounniley,head,135,-487,-18,0,4,1,1,0","mounniley,neck,115,-457,-50,0,8,1,1,0","mounniley,body,65,-328,-23,0,7,1,1,0","mounniley,arm_up,-6,-429,-83,0,7,1,0.9,0","mounniley,arm_low,-74,-407,-48,1,6,1,1,0","vraesier,fist,-115,-361,-50,0,7,1,1,0","mounniley,arm_up,169,-341,4,1,13,1,1,0","mounniley,arm_low,183,-244,4,0,5,1,1,0","vraesier,fist_back,180,-185,-31,0,7,1,1.1,0","mounniley,leg_up,-54,-186,-32.2,1,11,1,0.9,0","mounniley,leg_low,-105,-92,-30,0,9,1,1,0","mounniley,foot,-124,-21,-26.6,0,13,1,1,0","mounniley,leg_up,64,-177,34.7,1,15,1,1,0","mounniley,leg_low,79,-84,-10.5,1,15,1,1,0","mounniley,foot,94,-25,6.5,0,17,1,1,0","mounniley,base,275,-102,53,0,17,1,1.1,0",,"mounniley,cloak,31,-416,-70,0,17,1,1,0",,,,,,,,,,,,,,,,,,,,,,,,,,,,,,,,,,,,,,,,,,,,,,,,,,,,,,,,,,,,,,,,,,,,,,,,,,,,,,,,,,,,,,,,,,,,,,,,,,,play_time_mod_1.5,,
Attack5/15,"mounniley,head,92,-508,-8,0,4,1,1,0","mounniley,neck,74,-476,-30,0,8,1,1,0","mounniley,body,44,-338,-13,0,7,1,1,0","mounniley,arm_up,-37,-412,-53,0,7,1,0.9,0","mounniley,arm_low,-95,-363,-38,1,6,1,1,0","vraesier,fist,-128,-311,-40,0,7,1,1,0","mounniley,arm_up,131,-380,24,1,13,1,1,0","mounniley,arm_low,178,-293,24,0,5,1,1,0","vraesier,fist_back,195,-237,-11,0,7,1,1.1,0","mounniley,leg_up,-44,-186,-22.2,1,11,1,0.9,0","mounniley,leg_low,-95,-92,-30,0,9,1,1,0","mounniley,foot,-106,-21,-16.6,0,13,1,1,0","mounniley,leg_up,64,-183,24.7,1,15,1,1,0","mounniley,leg_low,78,-84,-4.5,1,15,1,1,0","mounniley,foot,94,-25,6.5,0,17,1,1,0","mounniley,base,313,-221,83,0,17,1,1.1,0",,"mounniley,cloak,1,-406,-30,0,17,1,1,0",,,,,,,,,,,,,,,,,,,,,,,,,,,,,,,,,,,,,,,,,,,,,,,,,,,,,,,,,,,,,,,,,,,,,,,,,,,,,,,,,,,,,,,,,,,,,,,,,,,,,
Attack5/16,"mounniley,head,31,-522,-3,0,4,1,1,0","mounniley,neck,15,-483,-32,0,8,1,1,0","mounniley,body,14,-348,-3,0,7,1,1,0","mounniley,arm_up,-78,-407,-41,0,7,1,0.9,0","mounniley,arm_low,-127,-351,-35,1,7,1,1,0","vraesier,fist,-159,-299,-52,0,9,1,1,0","mounniley,arm_up,111,-417,50,1,13,1,1,0","mounniley,arm_low,183,-353,43,0,4,1,1,0","vraesier,fist,223,-310,54,1,6,1,1.1,0","mounniley,leg_up,-49,-190,-16.2,1,11,1,0.9,0","mounniley,leg_low,-89,-92,-27,0,9,1,1,0","mounniley,foot,-96,-21,-7.6,0,13,1,1,0","mounniley,leg_up,60,-190,26.7,1,15,1,1,0","mounniley,leg_low,77,-91,-3.5,1,15,1,1,0","mounniley,foot,94,-25,6.5,0,17,1,1,0","mounniley,base,164,-234,-43,0,7,0.9,0.9,0",,"mounniley,cloak,-50,-423,-44,1,17,1,0.9,0",,,,,,,,,,,,,,,,,,,,,,,,,,,,,,,,,,,,,,,,,,,,,,,,,,,,,,,,,,,,,,,,,,,,,,,,,,,,,,,,,,,,,,,,,,,,,,,,,,,,,
Attack5/17,"mounniley,head,17,-524,-1,0,4,1,1,0","mounniley,neck,5,-485,-31,0,8,1,1,0","mounniley,body,7,-348,0,0,7,1,1,0","mounniley,arm_up,-85,-396,-30,0,7,1,0.9,0","mounniley,arm_low,-125,-329,-25,1,7,1,1,0","vraesier,fist,-151,-274,-36,0,9,1,1,0","mounniley,arm_up,100,-433,65,1,13,1,1,0","mounniley,arm_low,189,-395,61,0,4,1,1,0","vraesier,fist,249,-358,66,1,6,1,1.1,0","mounniley,leg_up,-44,-190,-8.2,1,11,1,0.9,0","mounniley,leg_low,-73,-92,-23,0,9,1,1,0","mounniley,foot,-72,-21,-3.6,0,13,1,1,0","mounniley,leg_up,60,-190,26.7,1,15,1,1,0","mounniley,leg_low,77,-91,-3.5,1,15,1,1,0","mounniley,foot,94,-25,6.5,0,17,1,1,0","mounniley,base,176,-310,-56,0,17,0.9,0.9,0",,"mounniley,cloak,-50,-408,-34,1,17,1,0.9,0",,,,,,,,,,,,,,,,,,,,,,,,,,,,,,,,,,,,,,,,,,,,,,,,,,,,,,,,,,,,,,,,,,,,,,,,,,,,,,,,,,,,,,,,,,,,,,,,,,,play_time_mod_0.5,,
Attack5/18,"mounniley,head,21,-524,-2,0,4,1,1,0","mounniley,neck,9,-485,-32,0,8,1,1,0","mounniley,body,9,-348,-1,0,7,1,1,0","mounniley,arm_up,-81,-396,-32,0,7,1,0.9,0","mounniley,arm_low,-122,-329,-25,1,7,1,1,0","vraesier,fist,-145,-274,-32,0,9,1,1,0","mounniley,arm_up,81,-413,45,1,13,1,1,0","mounniley,arm_low,151,-346,41,0,4,1,1,0","vraesier,fist,195,-291,46,1,6,1,1.1,0","mounniley,leg_up,-44,-190,-8.2,1,11,1,0.9,0","mounniley,leg_low,-73,-92,-23,0,9,1,1,0","mounniley,foot,-72,-21,-3.6,0,13,1,1,0","mounniley,leg_up,61,-190,26.7,1,15,1,1,0","mounniley,leg_low,77,-91,-3.5,1,15,1,1,0","mounniley,foot,94,-25,6.5,0,17,1,1,0","mounniley,base,110,-271,-76,0,17,0.9,0.9,0",,"mounniley,cloak,-50,-409,-22,0,17,1,0.9,0",,,,,,,,,,,,,,,,,,,,,,,,,,,,,,,,,,,,,,,,,,,,,,,,,,,,,,,,,,,,,,,,,,,,,,,,,,,,,,,,,,,,,,,,,,,,,,,,,,,,,
Attack5/19,"mounniley,head,21,-524,-4,0,4,1,1,0","mounniley,neck,7,-485,-31,0,8,1,1,0","mounniley,body,8,-348,-2,0,7,1,1,0","mounniley,arm_up,-82,-398,-36,0,7,1,0.9,0","mounniley,arm_low,-123,-329,-20,1,7,1,1,0","vraesier,fist,-139,-273,-28,0,9,1,1,0","mounniley,arm_up,73,-411,21,1,13,1,1,0","mounniley,arm_low,108,-327,16,0,4,1,1,0","vraesier,fist,121,-265,15,1,6,1,1.1,0","mounniley,leg_up,-44,-190,-8.2,1,11,1,0.9,0","mounniley,leg_low,-70,-92,-20,0,9,1,1,0","mounniley,foot,-69,-21,-2.6,0,13,1,1,0","mounniley,leg_up,55,-190,24.7,1,15,1,1,0","mounniley,leg_low,75,-91,-0.5,1,15,1,1,0","mounniley,foot,94,-25,6.5,0,17,1,1,0","mounniley,base,19,-265,-96,0,17,0.9,0.9,0",,"mounniley,cloak,-52,-408,-30,0,17,1,0.9,0",,,,,,,,,,,,,,,,,,,,,,,,,,,,,,,,,,,,,,,,,,,,,,,,,,,,,,,,,,,,,,,,,,,,,,,,,,,,,,,,,,,,,,,,,,,,,,,,,,,play_time_mod_0.5,,"sword_sheathe,2500,0"
Attack5/20,"mounniley,head,22,-525,-3,0,4,1,1,0","mounniley,neck,8,-490,-31,0,8,1,1,0","mounniley,body,8,-348,-3,0,7,1,1,0","mounniley,arm_up,-79,-397,-33,0,7,1,0.9,0","mounniley,arm_low,-119,-328,-18,1,7,1,1,0","vraesier,fist,-133,-272,-26,0,9,1,1,0","mounniley,arm_up,84,-409,32,1,13,1,1,0","mounniley,arm_low,126,-337,22,0,4,1,1,0","vraesier,fist,146,-276,25,1,6,1,1.1,0","mounniley,leg_up,-44,-190,-4.2,1,11,1,0.9,0","mounniley,leg_low,-67,-92,-16,0,9,1,1,0","mounniley,foot,-61,-21,0.4,0,13,1,1,0","mounniley,leg_up,55,-190,24.7,1,15,1,1,0","mounniley,leg_low,75,-91,-0.5,1,15,1,1,0","mounniley,foot,94,-25,6.5,0,17,1,1,0","mounniley,base,19,-265,-88,0,17,0.9,0.9,0",,"mounniley,cloak,-50,-407,-21,0,17,1,0.9,0",,,,,,,,,,,,,,,,,,,,,,,,,,,,,,,,,,,,,,,,,,,,,,,,,,,,,,,,,,,,,,,,,,,,,,,,,,,,,,,,,,,,,,,,,,,,,,,,,,,,,
Attack5/21,"mounniley,head,12,-534,0,0,4,1,1,0","mounniley,neck,0,-504,-13,0,8,1,1,0","mounniley,body,1,-357,-1,0,7,1,1,0","mounniley,arm_up,-82,-404,-25,0,7,1,0.9,0","mounniley,arm_low,-112,-329,-14,1,6,1,1,0","vraesier,fist,-123,-274,-21,0,7,1,1,0","mounniley,arm_up,78,-410,22,1,13,1,1,0","mounniley,arm_low,120,-352,46,0,5,1,1,0","vraesier,fist,157,-312,55,1,7,1,1.1,0","mounniley,leg_up,-44,-190,-4.2,1,11,1,0.9,0","mounniley,leg_low,-62,-92,-12,0,9,1,1,0","mounniley,foot,-50,-21,5.4,0,13,1,1,0","mounniley,leg_up,51,-196,24.7,1,15,1,1,0","mounniley,leg_low,73,-91,1.5,1,15,1,1,0","mounniley,foot,94,-25,6.5,0,17,1,1,0","mounniley,base,4,-270,-77,0,12,1,1,0",,"mounniley,cloak,-53,-401,-6,0,17,1,1,0",,,,,,,,,,,,,,,,,,,,,,,,,,,,,,,,,,,,,,,,,,,,,,,,,,,,,,,,,,,,,,,,,,,,,,,,,,,,,,,,,,,,,,,,,,,,,,,,,,,,,
EVENT_Join/0,"mounniley,smile,6,-496,9,0,4,1,1,0","mounniley,neck,2,-462,-12,0,8,1,1,0","mounniley,body,2,-347,0,0,7,1,1,0","mounniley,arm_up,-71,-371,-26,0,7,1,1,0","mounniley,arm_low,-107,-278,-22,1,8,1,1,0","vraesier,fist,-127,-216,-32,0,9,1,1,0","mounniley,arm_up,64,-371,32,1,13,1,1,0","mounniley,arm_low,135,-338,99,0,8,1,1,0","vraesier,open_back,204,-344,76,1,10,0.9,1,0","mounniley,leg_up,-41,-180,-12.2,0,16,1,1,0","mounniley,leg_low,-75,-82,-20,0,16,1,1,0","mounniley,foot,-70,-17,-13.6,0,13,1,1,0","mounniley,leg_up,36,-187,11.7,0,18,1,1,0","mounniley,leg_low,49,-81,5.5,0,20,0.9,1,0","mounniley,foot,78,-29,1.5,0,17,1,1,0",,,"mounniley,cloak,43,-421,20,0,6,1,1,0","mounniley,cloak_right,-42,-323,-27,0,0,1,1,0","mounniley,cloak_back,-13,-358,1,0,16,1.3,0.9,0","mounniley,skirt,3,-227,-4,0,9,1,1,0",,,,,,,,,,,,,,,,,,,,,,,,,,,,,,,,,,,,,,,,,,,,,,,,,,,,,,,,,,,,,,,,,,,,,,,,,,,,,,,,,,,,,,,,,,,,,,,,,,
Skill1/0,"mounniley,head,6,-496,5,0,4,1,1,0","mounniley,neck,1,-462,-12,0,8,1,1,0","mounniley,body,2,-347,0,0,7,1,1,0","mounniley,arm_up,-70,-362,-26,0,7,1,1,0","mounniley,arm_low,-95,-269,-2,1,8,1,1,0","vraesier,fist,-93,-205,-12,0,9,1,1,0","mounniley,arm_up,64,-371,32,1,13,1,1,0","mounniley,arm_low,135,-338,99,0,8,1,1,0","vraesier,fist_back,194,-357,116,0,10,0.9,1,0","mounniley,leg_up,-41,-180,-12.2,0,16,1,1,0","mounniley,leg_low,-73,-82,-17,0,16,1,1,0","mounniley,foot,-67,-17,-13.6,0,13,1,1,0","mounniley,leg_up,36,-187,11.7,0,18,1,1,0","mounniley,leg_low,49,-81,5.5,0,20,0.9,1,0","mounniley,foot,78,-29,1.5,0,17,1,1,0","mounniley,base,116,-406,-120,1,12,1,1,0",,"mounniley,cloak,43,-417,17,0,6,1,1,0","mounniley,cloak_right,-38,-320,-23,0,0,1,1,0","mounniley,cloak_back,-13,-352,-3,0,16,1.3,0.9,0","mounniley,skirt,3,-227,-4,0,9,1,1,0",,,,,,,,,,,,,,,,,,,,,,,,,,,,,,,,,,,,,,,,,,,,,,,,,,,,,,,,,,,,,,,,,,,,,,,,,,,,,,,,,,,,,,,,,,,,,,,,,,
Skill2/0,"mounniley,head,6,-496,5,0,4,1,1,0","mounniley,neck,1,-462,-12,0,8,1,1,0","mounniley,body,2,-347,0,0,7,1,1,0","mounniley,arm_up,-70,-362,-26,0,7,1,1,0","mounniley,arm_low,-95,-269,-2,1,8,1,1,0","vraesier,fist,-93,-205,-12,0,9,1,1,0","mounniley,arm_up,64,-371,32,1,13,1,1,0","mounniley,arm_low,135,-338,99,0,8,1,1,0","vraesier,fist_back,194,-357,116,0,10,0.9,1,0","mounniley,leg_up,-41,-180,-12.2,0,16,1,1,0","mounniley,leg_low,-73,-82,-17,0,16,1,1,0","mounniley,foot,-67,-17,-13.6,0,13,1,1,0","mounniley,leg_up,36,-187,11.7,0,18,1,1,0","mounniley,leg_low,49,-81,5.5,0,20,0.9,1,0","mounniley,foot,78,-29,1.5,0,17,1,1,0","mounniley,base,116,-406,-120,1,12,1,1,0",,"mounniley,cloak,43,-417,17,0,6,1,1,0","mounniley,cloak_right,-38,-320,-23,0,0,1,1,0","mounniley,cloak_back,-13,-352,-3,0,16,1.3,0.9,0","mounniley,skirt,3,-227,-4,0,9,1,1,0",,,,,,,,,,,,,,,,,,,,,,,,,,,,,,,,,,,,,,,,,,,,,,,,,,,,,,,,,,,,,,,,,,,,,,,,,,,,,,,,,,,,,,,,,,,,,,,,,,
Skill3/0,"mounniley,head,6,-496,5,0,4,1,1,0","mounniley,neck,1,-462,-12,0,8,1,1,0","mounniley,body,2,-347,0,0,7,1,1,0","mounniley,arm_up,-70,-362,-26,0,7,1,1,0","mounniley,arm_low,-95,-269,-2,1,8,1,1,0","vraesier,fist,-93,-205,-12,0,9,1,1,0","mounniley,arm_up,64,-371,32,1,13,1,1,0","mounniley,arm_low,135,-338,99,0,8,1,1,0","vraesier,fist_back,194,-357,116,0,10,0.9,1,0","mounniley,leg_up,-41,-180,-12.2,0,16,1,1,0","mounniley,leg_low,-73,-82,-17,0,16,1,1,0","mounniley,foot,-67,-17,-13.6,0,13,1,1,0","mounniley,leg_up,36,-187,11.7,0,18,1,1,0","mounniley,leg_low,49,-81,5.5,0,20,0.9,1,0","mounniley,foot,78,-29,1.5,0,17,1,1,0","mounniley,base,116,-406,-120,1,12,1,1,0",,"mounniley,cloak,43,-417,17,0,6,1,1,0","mounniley,cloak_right,-38,-320,-23,0,0,1,1,0","mounniley,cloak_back,-13,-352,-3,0,16,1.3,0.9,0","mounniley,skirt,3,-227,-4,0,9,1,1,0",,,,,,,,,,,,,,,,,,,,,,,,,,,,,,,,,,,,,,,,,,,,,,,,,,,,,,,,,,,,,,,,,,,,,,,,,,,,,,,,,,,,,,,,,,,,,,,,,,
Skill4/0,"mounniley,head,6,-496,5,0,4,1,1,0","mounniley,neck,1,-462,-12,0,8,1,1,0","mounniley,body,2,-347,0,0,7,1,1,0","mounniley,arm_up,-70,-362,-26,0,7,1,1,0","mounniley,arm_low,-95,-269,-2,1,8,1,1,0","vraesier,fist,-93,-205,-12,0,9,1,1,0","mounniley,arm_up,64,-371,32,1,13,1,1,0","mounniley,arm_low,135,-338,99,0,8,1,1,0","vraesier,fist_back,194,-357,116,0,10,0.9,1,0","mounniley,leg_up,-41,-180,-12.2,0,16,1,1,0","mounniley,leg_low,-73,-82,-17,0,16,1,1,0","mounniley,foot,-67,-17,-13.6,0,13,1,1,0","mounniley,leg_up,36,-187,11.7,0,18,1,1,0","mounniley,leg_low,49,-81,5.5,0,20,0.9,1,0","mounniley,foot,78,-29,1.5,0,17,1,1,0","mounniley,base,116,-406,-120,1,12,1,1,0",,"mounniley,cloak,43,-417,17,0,6,1,1,0","mounniley,cloak_right,-38,-320,-23,0,0,1,1,0","mounniley,cloak_back,-13,-352,-3,0,16,1.3,0.9,0","mounniley,skirt,3,-227,-4,0,9,1,1,0",,,,,,,,,,,,,,,,,,,,,,,,,,,,,,,,,,,,,,,,,,,,,,,,,,,,,,,,,,,,,,,,,,,,,,,,,,,,,,,,,,,,,,,,,,,,,,,,,,
Skill5/0,"mounniley,head,6,-496,5,0,4,1,1,0","mounniley,neck,1,-462,-12,0,8,1,1,0","mounniley,body,2,-347,0,0,7,1,1,0","mounniley,arm_up,-70,-362,-26,0,7,1,1,0","mounniley,arm_low,-95,-269,-2,1,8,1,1,0","vraesier,fist,-93,-205,-12,0,9,1,1,0","mounniley,arm_up,64,-371,32,1,13,1,1,0","mounniley,arm_low,135,-338,99,0,8,1,1,0","vraesier,fist_back,194,-357,116,0,10,0.9,1,0","mounniley,leg_up,-41,-180,-12.2,0,16,1,1,0","mounniley,leg_low,-73,-82,-17,0,16,1,1,0","mounniley,foot,-67,-17,-13.6,0,13,1,1,0","mounniley,leg_up,36,-187,11.7,0,18,1,1,0","mounniley,leg_low,49,-81,5.5,0,20,0.9,1,0","mounniley,foot,78,-29,1.5,0,17,1,1,0","mounniley,base,116,-406,-120,1,12,1,1,0",,"mounniley,cloak,43,-417,17,0,6,1,1,0","mounniley,cloak_right,-38,-320,-23,0,0,1,1,0","mounniley,cloak_back,-13,-352,-3,0,16,1.3,0.9,0","mounniley,skirt,3,-227,-4,0,9,1,1,0",,,,,,,,,,,,,,,,,,,,,,,,,,,,,,,,,,,,,,,,,,,,,,,,,,,,,,,,,,,,,,,,,,,,,,,,,,,,,,,,,,,,,,,,,,,,,,,,,,
Spirit/0,"mounniley,smile,41,-494,-12,0,4,0.9,0.9,0","mounniley,neck,26,-461,-9,0,8,0.9,0.9,0","mounniley,body,12,-349,-6,0,7,1,1,0","mounniley,arm_up,-81,-389,-46,0,7,1,1,0","mounniley,arm_low,-153,-328,-62,1,7,1,1,0","vraesier,open,-219,-303,-54,0,9,1,1,0","mounniley,arm_up,78,-355,17,1,13,1,1,0","mounniley,arm_low,129,-278,45,0,8,1,1,0","vraesier,open_back,187,-231,39,1,10,1,1,0","mounniley,leg_up,-19,-188,6.8,0,16,1,1,0","mounniley,leg_low,-42,-93,-26,0,16,1,1,0","mounniley,foot,-57,-19,-33.6,0,13,1,1,0","mounniley,leg_up,39,-192,22.7,0,18,1,1,0","mounniley,leg_low,67,-97,13.5,0,20,0.9,1,0","mounniley,foot,94,-27,-10.5,0,17,1,1,0",,,"mounniley,cloak,63,-416,9,0,6,1,1,0","mounniley,cloak_right,-55,-340,-47,0,0,1,1,0","mounniley,cloak_back,-6,-361,-8,0,16,1.1,0.7,0","mounniley,skirt,3,-227,-4,0,9,1,1,0",,,,,,,,,,,,,,,,,,,,,,,,,,,,,,,,,,,,,,,,,,,,,,,,,,,,,,,,,,,,,,,,,,,,,,,,,,,,,,,,,,,,,,,,,,,,,,,,"hold,effect_fade_5",,
Knockdown/0,"mounniley,close,-2,-502,12,0,4,1,1,0","mounniley,neck,-5,-468,-10,0,8,1,1,0","mounniley,body,0,-353,2,0,7,1,1,0","mounniley,arm_up,-74,-366,-29,0,7,1,1,0","mounniley,arm_low,-93,-279,0,1,8,1,1,0","vraesier,fist,-89,-216,-10,0,9,1,1,0","mounniley,arm_up,62,-379,34,1,13,1,1,0","mounniley,arm_low,136,-348,101,0,8,1,1,0","vraesier,fist_back,194,-361,98,0,10,0.9,1,0","mounniley,leg_up,-36,-184,-10.2,0,16,1,1,0","mounniley,leg_low,-75,-86,-25,0,16,1,1,0","mounniley,foot,-79,-21,-21.6,0,13,1,1,0","mounniley,leg_up,50,-195,23.7,0,18,1,1,0","mounniley,leg_low,67,-104,-2.5,0,20,0.9,1,0","mounniley,foot,88,-49,-6.5,0,17,1,1,0","mounniley,base,134,-432,-140,1,12,1,1,0",,"mounniley,cloak,39,-425,19,0,6,1,1,0","mounniley,cloak_right,-38,-324,-21,0,0,1,1,0","mounniley,cloak_back,-15,-358,-1,0,16,1.3,0.9,0","mounniley,skirt,7,-233,-2,0,9,1,1,0",,,,,,,,,,,,,,,,,,,,,,,,,,,,,,,,,,,,,,,,,,,,,,,,,,,,,,,,,,,,,,,,,,,,,,,,,,,,,,,,,,,,,,,,,,,,,,,,,,
Knockdown/1,"mounniley,close,16,-506,8,0,4,1,1,0","mounniley,neck,11,-472,-14,0,8,1,1,0","mounniley,body,8,-357,-2,0,7,1,1,0","mounniley,arm_up,-64,-391,-42,0,7,1,1,0","mounniley,arm_low,-104,-313,-13,1,8,1,1,0","vraesier,fist,-115,-249,-23,0,9,1,1,0","mounniley,arm_up,70,-379,30,1,13,1,1,0","mounniley,arm_low,133,-336,87,0,8,1,1,0","vraesier,fist_back,195,-334,84,0,10,0.9,1,0","mounniley,leg_up,-41,-195,-17.2,0,16,1,1,0","mounniley,leg_low,-92,-110,-39,0,16,1,1,0","mounniley,foot,-110,-48,-35.6,0,13,1,1,0","mounniley,leg_up,56,-199,29.7,0,18,1,1,0","mounniley,leg_low,71,-108,-8.5,0,20,0.9,1,0","mounniley,foot,88,-51,-12.5,0,17,1,1,0","mounniley,base,175,-419,-166,1,12,1,1,0",,"mounniley,cloak,51,-425,15,0,6,1,1,0","mounniley,cloak_right,-34,-332,-25,0,0,1,1,0","mounniley,cloak_back,-14,-362,-12,0,16,1.3,0.9,0","mounniley,skirt,5,-237,-6,0,9,1.1,1,0",,,,,,,,,,,,,,,,,,,,,,,,,,,,,,,,,,,,,,,,,,,,,,,,,,,,,,,,,,,,,,,,,,,,,,,,,,,,,,,,,,,,,,,,,,,,,,,,,,
Knockdown/2,"mounniley,close,50,-500,-10,0,4,1,1,0","mounniley,neck,32,-470,-29,0,8,1,1,0","mounniley,body,13,-360,-7,0,7,1,1,0","mounniley,arm_up,-43,-415,-57,0,7,1,1,0","mounniley,arm_low,-100,-347,-28,1,8,1,1,0","vraesier,fist,-126,-290,-38,0,9,1,1,0","mounniley,arm_up,80,-374,25,1,13,1,1,0","mounniley,arm_low,139,-314,62,0,8,1,1,0","vraesier,fist_back,195,-285,59,0,10,0.9,1,0","mounniley,leg_up,-56,-210,-32.2,0,16,1,1,0","mounniley,leg_low,-122,-147,-54,0,16,1,1,0","mounniley,foot,-155,-94,-50.6,0,13,1,1,0","mounniley,leg_up,53,-202,26.7,0,18,1,1,0","mounniley,leg_low,66,-110,-5.5,0,20,0.9,1,0","mounniley,foot,77,-47,-18.5,0,17,1,1,0","mounniley,base,221,-374,165,1,12,1,1,0",,"mounniley,cloak,66,-425,10,0,6,1,1,0","mounniley,cloak_right,-29,-337,-30,0,0,1,1,0","mounniley,cloak_back,-3,-383,-29,0,16,1.2,0.8,0","mounniley,skirt,0,-242,-8,0,9,1.1,1,0",,,,,,,,,,,,,,,,,,,,,,,,,,,,,,,,,,,,,,,,,,,,,,,,,,,,,,,,,,,,,,,,,,,,,,,,,,,,,,,,,,,,,,,,,,,,,,,,hold,,
Knockdown/3,"mounniley,close,50,-470,-10,0,4,1,1,0","mounniley,neck,32,-440,-29,0,8,1,1,0","mounniley,body,13,-330,-7,0,7,1,1,0","mounniley,arm_up,-43,-385,-57,0,7,1,1,0","mounniley,arm_low,-100,-317,-28,1,8,1,1,0","vraesier,fist,-126,-260,-38,0,9,1,1,0","mounniley,arm_up,80,-344,25,1,13,1,1,0","mounniley,arm_low,132,-273,42,0,8,1,1,0","vraesier,fist_back,175,-227,39,0,10,0.9,1,0","mounniley,leg_up,-56,-180,-32.2,0,16,1,1,0","mounniley,leg_low,-122,-127,-64,0,16,1,1,0","mounniley,foot,-175,-84,-60.6,0,13,1,1,0","mounniley,leg_up,53,-172,36.7,0,18,1,1,0","mounniley,leg_low,75,-92,-5.5,0,20,0.9,1,0","mounniley,foot,92,-29,-7.5,0,17,1,1,0","mounniley,base,230,-301,145,1,12,1,1,0",,"mounniley,cloak,66,-395,10,0,6,1,1,0","mounniley,cloak_right,-29,-307,-30,0,0,1,1,0","mounniley,cloak_back,5,-366,-30,0,16,1.3,0.7,0","mounniley,skirt,0,-212,-8,0,9,1.1,1,0",,,,,,,,,,,,,,,,,,,,,,,,,,,,,,,,,,,,,,,,,,,,,,,,,,,,,,,,,,,,,,,,,,,,,,,,,,,,,,,,,,,,,,,,,,,,,,,,play_time_mod_0.5,,
Knockdown/4,"mounniley,close,50,-440,-10,0,4,1,1,0","mounniley,neck,32,-410,-29,0,8,1,1,0","mounniley,body,19,-286,-14,0,7,1,1,0","mounniley,arm_up,-43,-355,-57,0,7,1,1,0","mounniley,arm_low,-115,-291,-38,1,8,1,1,0","vraesier,fist,-151,-240,-48,0,9,1,1,0","mounniley,arm_up,81,-304,15,1,13,1,1,0","mounniley,arm_low,120,-225,32,0,8,1,1,0","vraesier,fist_back,155,-172,29,0,10,0.9,1,0","mounniley,leg_up,-56,-135,-30.2,0,16,1,1,0","mounniley,leg_low,-122,-77,-64,0,16,1,1,0","mounniley,foot,-175,-44,-89.6,0,13,1,1,0","mounniley,leg_up,53,-152,56.7,0,18,1,1,0","mounniley,leg_low,85,-82,-5.5,0,20,0.9,1,0","mounniley,foot,104,-29,0.5,0,17,1,1,0","mounniley,base,222,-236,135,1,12,1,1,0",,"mounniley,cloak,69,-370,14,0,6,1,1,0","mounniley,cloak_right,-48,-301,-52,0,0,1,1,0","mounniley,cloak_back,6,-382,180,0,16,1.3,0.7,0","mounniley,skirt,-1,-172,-8,0,9,1,1,0",,,,,,,,,,,,,,,,,,,,,,,,,,,,,,,,,,,,,,,,,,,,,,,,,,,,,,,,,,,,,,,,,,,,,,,,,,,,,,,,,,,,,,,,,,,,,,,,play_time_mod_0.5,,
Knockdown/5,"mounniley,close,63,-416,-16,0,4,1,1,0","mounniley,neck,37,-387,-32,0,8,1,1,0","mounniley,body,19,-266,-14,0,7,1,1,0","mounniley,arm_up,-52,-344,-58,0,7,1,1,0","mounniley,arm_low,-125,-281,-39,1,8,1,1,0","vraesier,fist,-162,-231,-49,0,9,1,1,0","mounniley,arm_up,74,-289,5,1,13,1,1,0","mounniley,arm_low,98,-205,22,0,8,1,1,0","vraesier,fist_back,123,-146,19,0,10,0.9,1,0","mounniley,leg_up,-56,-111,-20.2,0,16,1,1,0","mounniley,leg_low,-122,-57,-74,0,16,1,1,0","mounniley,foot,-175,-34,-99.6,0,13,1,1,0","mounniley,leg_up,67,-133,67.7,0,18,1,1,0","mounniley,leg_low,95,-79,-18.5,0,20,0.9,1,0","mounniley,foot,106,-29,-4.5,0,17,1,1,0","mounniley,base,201,-198,125,1,12,1,1,0",,"mounniley,cloak,69,-350,-1,0,6,1,1,0","mounniley,cloak_right,-48,-286,-47,0,0,1,1,0","mounniley,cloak_back,6,-355,-179,0,16,1.3,0.7,0","mounniley,skirt,-3,-154,-9,0,9,1,1,0",,,,,,,,,,,,,,,,,,,,,,,,,,,,,,,,,,,,,,,,,,,,,,,,,,,,,,,,,,,,,,,,,,,,,,,,,,,,,,,,,,,,,,,,,,,,,,,,,,
Knockdown/6,"mounniley,close,67,-398,-18,0,4,1,1,0","mounniley,neck,41,-372,-33,0,8,1,1,0","mounniley,body,23,-252,-16,0,7,1,1,0","mounniley,arm_up,-47,-324,-57,0,7,1,1,0","mounniley,arm_low,-119,-260,-38,1,8,1,1,0","vraesier,fist,-155,-209,-48,0,9,1,1,0","mounniley,arm_up,76,-270,3,1,13,1,1,0","mounniley,arm_low,98,-186,20,0,8,1,1,0","vraesier,fist_back,121,-125,17,0,10,0.9,1,0","mounniley,leg_up,-56,-81,-10.2,0,16,1,1,0","mounniley,leg_low,-112,-41,-91,0,16,1,1,0","mounniley,foot,-175,-24,-104.6,0,13,1,1,0","mounniley,leg_up,67,-124,85.7,0,18,1,1,0","mounniley,leg_low,95,-81,-17.5,0,20,0.9,1,0","mounniley,foot,106,-29,-6.5,0,17,1,1,0","mounniley,base,211,-158,113,1,12,1,1,0",,"mounniley,cloak,74,-332,0,0,6,1,1,0","mounniley,cloak_right,-42,-266,-46,0,0,1,1,0","mounniley,cloak_back,6,-329,-161,0,16,1.2,0.6,0","mounniley,skirt,-3,-144,-9,0,9,1,1,0",,,,,,,,,,,,,,,,,,,,,,,,,,,,,,,,,,,,,,,,,,,,,,,,,,,,,,,,,,,,,,,,,,,,,,,,,,,,,,,,,,,,,,,,,,,,,,,,play_time_mod_0.5,,
Knockdown/7,"mounniley,close,75,-370,-20,0,4,1,1,0","mounniley,neck,49,-344,-29,0,8,1,1,0","mounniley,body,23,-230,-19,0,7,1,1,0","mounniley,arm_up,-49,-285,-54,0,7,1,1,0","mounniley,arm_low,-118,-218,-35,1,8,1,1,0","vraesier,fist,-151,-164,-45,0,9,1,1,0","mounniley,arm_up,79,-250,-1,1,13,1,1,0","mounniley,arm_low,90,-155,9,0,8,1,1,0","vraesier,fist_back,104,-88,6,0,10,0.9,1,0","mounniley,leg_up,-56,-64,-10.2,0,16,1,1,0","mounniley,leg_low,-111,-27,-93,0,16,1,1,0","mounniley,foot,-175,-18,-110.6,0,13,1,1,0","mounniley,leg_up,67,-113,92.7,0,18,1,1,0","mounniley,leg_low,94,-79,-16.5,0,20,0.9,1,0","mounniley,foot,106,-29,-4.5,0,17,1,1,0","mounniley,base,195,-107,102,1,12,1,1,0",,"mounniley,cloak,75,-296,-5,0,6,1.2,1.1,0","mounniley,cloak_right,-44,-228,-48,0,0,1,1,0","mounniley,cloak_back,8,-279,-13,0,16,1.2,0.6,0","mounniley,skirt,-13,-126,-8,0,9,1,1,0",,,,,,,,,,,,,,,,,,,,,,,,,,,,,,,,,,,,,,,,,,,,,,,,,,,,,,,,,,,,,,,,,,,,,,,,,,,,,,,,,,,,,,,,,,,,,,,,play_time_mod_0.5,,
Knockdown/8,"mounniley,close,75,-364,-24,0,4,1,1,0","mounniley,neck,49,-340,-29,0,8,1,1,0","mounniley,body,23,-228,-20,0,7,1,1,0","mounniley,arm_up,-52,-265,-42,0,7,1,1,0","mounniley,arm_low,-107,-185,-23,1,8,1,1,0","vraesier,fist,-128,-124,-33,0,9,1,1,0","mounniley,arm_up,79,-240,-1,1,13,1,1,0","mounniley,arm_low,89,-151,7,0,8,1,1,0","vraesier,fist_back,99,-84,4,0,10,0.9,1,0","mounniley,leg_up,-56,-62,-9.2,0,16,1,1,0","mounniley,leg_low,-111,-27,-94,0,16,1,1,0","mounniley,foot,-175,-18,-110.6,0,13,1,1,0","mounniley,leg_up,67,-113,92.7,0,18,1,1,0","mounniley,leg_low,94,-79,-16.5,0,20,0.9,1,0","mounniley,foot,106,-29,-4.5,0,17,1,1,0","mounniley,base,192,-99,100,1,12,1,1,0",,"mounniley,cloak,82,-288,-4,0,6,1,1,0","mounniley,cloak_right,-24,-220,-39,0,0,1,1,0","mounniley,cloak_back,8,-236,-10,0,16,1.2,0.8,0","mounniley,skirt,-13,-126,-8,0,9,1,1,0",,,,,,,,,,,,,,,,,,,,,,,,,,,,,,,,,,,,,,,,,,,,,,,,,,,,,,,,,,,,,,,,,,,,,,,,,,,,,,,,,,,,,,,,,,,,,,,,play_time_mod_0.5,,
Standup/0,"mounniley,head,67,-375,-3,0,4,1,1,0","mounniley,neck,43,-341,-27,0,8,1,1,0","mounniley,body,21,-229,-18,0,7,1,1,0","mounniley,arm_up,-56,-262,-40,0,7,1,1,0","mounniley,arm_low,-107,-180,-21,1,8,1,1,0","vraesier,fist,-126,-119,-31,0,9,1,1,0","mounniley,arm_up,77,-243,1,1,13,1,1,0","mounniley,arm_low,90,-152,22,0,8,1,1,0","vraesier,fist_back,121,-87,19,0,10,0.9,1,0","mounniley,leg_up,-56,-62,-9.2,0,16,1,1,0","mounniley,leg_low,-111,-27,-94,0,16,1,1,0","mounniley,foot,-175,-18,-110.6,0,13,1,1,0","mounniley,leg_up,67,-113,92.7,0,18,1,1,0","mounniley,leg_low,94,-79,-16.5,0,20,0.9,1,0","mounniley,foot,106,-29,-4.5,0,17,1,1,0","mounniley,base,205,-128,115,1,12,1,1,0",,"mounniley,cloak,78,-291,-2,0,6,1,1,0","mounniley,cloak_right,-26,-219,-37,0,0,1,1,0","mounniley,cloak_back,6,-235,-8,0,16,1.2,0.8,0","mounniley,skirt,-11,-125,-6,0,9,1,1,0",,,,,,,,,,,,,,,,,,,,,,,,,,,,,,,,,,,,,,,,,,,,,,,,,,,,,,,,,,,,,,,,,,,,,,,,,,,,,,,,,,,,,,,,,,,,,,,,,play_time_mod_0.5,
Standup/1,"mounniley,head,55,-413,4,0,4,1,1,0","mounniley,neck,33,-383,-20,0,8,1,1,0","mounniley,body,19,-265,-14,0,7,1,1,0","mounniley,arm_up,-59,-293,-44,0,7,1,1,0","mounniley,arm_low,-103,-221,-15,1,8,1,1,0","vraesier,fist,-114,-160,-25,0,9,1,1,0","mounniley,arm_up,85,-283,25,1,13,1,1,0","mounniley,arm_low,127,-198,28,0,8,1,1,0","vraesier,fist_back,167,-135,25,0,10,0.9,1,0","mounniley,leg_up,-46,-122,-16.2,0,16,1,1,0","mounniley,leg_low,-101,-47,-54,0,16,1,1,0","mounniley,foot,-155,11,-70.6,0,13,1,1,0","mounniley,leg_up,67,-133,72.7,0,18,1,1,0","mounniley,leg_low,92,-79,-11.5,0,20,0.9,1,0","mounniley,foot,106,-29,-7.5,0,17,1,1,0","mounniley,base,241,-189,126,1,12,1,1,0",,"mounniley,cloak,72,-331,2,0,6,1,1,0","mounniley,cloak_right,-28,-251,-33,0,0,1,1,0","mounniley,cloak_back,4,-267,-4,0,16,1.2,0.8,0","mounniley,skirt,-5,-157,-2,0,9,1,1,0",,,,,,,,,,,,,,,,,,,,,,,,,,,,,,,,,,,,,,,,,,,,,,,,,,,,,,,,,,,,,,,,,,,,,,,,,,,,,,,,,,,,,,,,,,,,,,,,,play_time_mod_0.5,
Standup/2,"mounniley,head,31,-468,8,0,4,1,1,0","mounniley,neck,9,-432,-14,0,8,1,1,0","mounniley,body,7,-314,-8,0,7,1,1,0","mounniley,arm_up,-71,-336,-38,0,7,1,1,0","mounniley,arm_low,-109,-258,-9,1,8,1,1,0","vraesier,fist,-114,-197,-19,0,9,1,1,0","mounniley,arm_up,73,-338,31,1,13,1,1,0","mounniley,arm_low,137,-282,64,0,8,1,1,0","vraesier,fist_back,200,-255,61,0,10,0.9,1,0","mounniley,leg_up,-46,-165,-14.2,0,16,1,1,0","mounniley,leg_low,-83,-87,-34,0,16,1,1,0","mounniley,foot,-101,-19,-29.6,0,13,1,1,0","mounniley,leg_up,59,-155,42.7,0,18,1,1,0","mounniley,leg_low,84,-79,-1.5,0,20,0.9,1,0","mounniley,foot,109,-29,1.5,0,17,1,1,0","mounniley,base,229,-343,162,1,12,1,1,0",,"mounniley,cloak,54,-386,8,0,6,1,1,0","mounniley,cloak_right,-36,-294,-27,0,0,1,1,0","mounniley,cloak_back,-8,-316,2,0,16,1.2,0.8,0","mounniley,skirt,-5,-201,-2,0,9,1,1,0",,,,,,,,,,,,,,,,,,,,,,,,,,,,,,,,,,,,,,,,,,,,,,,,,,,,,,,,,,,,,,,,,,,,,,,,,,,,,,,,,,,,,,,,,,,,,,,,,play_time_mod_0.5,
Standup/3,"mounniley,head,24,-478,6,0,4,1,1,0","mounniley,neck,5,-440,-6,0,8,1,1,0","mounniley,body,6,-324,-5,0,7,1,1,0","mounniley,arm_up,-72,-343,-30,0,7,1,1,0","mounniley,arm_low,-98,-258,-5,1,8,1,1,0","vraesier,fist,-98,-197,-15,0,9,1,1,0","mounniley,arm_up,74,-362,54,1,13,1,1,0","mounniley,arm_low,160,-344,107,0,8,1,1,0","vraesier,fist_back,224,-367,104,0,10,0.9,1,0","mounniley,leg_up,-44,-165,-12.2,0,16,1,1,0","mounniley,leg_low,-73,-86,-24,0,16,1,1,0","mounniley,foot,-76,-18,-19.6,0,13,1,1,0","mounniley,leg_up,50,-168,28.7,0,18,1,1,0","mounniley,leg_low,75,-81,1.5,0,20,0.9,1,0","mounniley,foot,99,-29,-1.5,0,17,1,1,0","mounniley,base,185,-451,-159,1,12,1,1,0",,"mounniley,cloak,50,-399,11,0,6,1,1,0","mounniley,cloak_right,-34,-301,-24,0,0,1,1,0","mounniley,cloak_back,-9,-326,5,0,16,1.2,0.8,0","mounniley,skirt,-1,-203,-1,0,9,1,1,0",,,,,,,,,,,,,,,,,,,,,,,,,,,,,,,,,,,,,,,,,,,,,,,,,,,,,,,,,,,,,,,,,,,,,,,,,,,,,,,,,,,,,,,,,,,,,,,,,play_time_mod_0.5,
Standup/4,"mounniley,head,12,-483,4,0,4,1,1,0","mounniley,neck,-1,-448,0,0,8,1,1,0","mounniley,body,2,-333,-3,0,7,1,1,0","mounniley,arm_up,-76,-350,-28,0,7,1,1,0","mounniley,arm_low,-100,-263,-3,1,8,1,1,0","vraesier,fist,-98,-202,-13,0,9,1,1,0","mounniley,arm_up,70,-363,46,1,13,1,1,0","mounniley,arm_low,135,-363,139,0,8,1,1,0","vraesier,fist_back,175,-416,136,0,10,0.9,1,0","mounniley,leg_up,-44,-165,-12.2,0,16,1,1,0","mounniley,leg_low,-73,-86,-24,0,16,1,1,0","mounniley,foot,-76,-18,-19.6,0,13,1,1,0","mounniley,leg_up,46,-175,21.7,0,18,1,1,0","mounniley,leg_low,64,-85,5.5,0,20,0.9,1,0","mounniley,foot,91,-29,1.5,0,17,1,1,0","mounniley,base,99,-460,-117,1,12,1,1,0",,"mounniley,cloak,44,-410,13,0,6,1,1,0","mounniley,cloak_right,-36,-308,-22,0,0,1,1,0","mounniley,cloak_back,-10,-335,1,0,16,1.2,0.8,0","mounniley,skirt,-1,-212,1,0,9,1,1,0",,,,,,,,,,,,,,,,,,,,,,,,,,,,,,,,,,,,,,,,,,,,,,,,,,,,,,,,,,,,,,,,,,,,,,,,,,,,,,,,,,,,,,,,,,,,,,,,,play_time_mod_0.5,
Standup/5,"mounniley,head,6,-496,5,0,4,1,1,0","mounniley,neck,1,-462,-12,0,8,1,1,0","mounniley,body,2,-347,0,0,7,1,1,0","mounniley,arm_up,-70,-362,-26,0,7,1,1,0","mounniley,arm_low,-95,-269,-2,1,8,1,1,0","vraesier,fist,-93,-205,-12,0,9,1,1,0","mounniley,arm_up,64,-371,32,1,13,1,1,0","mounniley,arm_low,135,-338,99,0,8,1,1,0","vraesier,fist_back,194,-357,116,0,10,0.9,1,0","mounniley,leg_up,-41,-180,-12.2,0,16,1,1,0","mounniley,leg_low,-73,-82,-17,0,16,1,1,0","mounniley,foot,-67,-17,-13.6,0,13,1,1,0","mounniley,leg_up,36,-187,11.7,0,18,1,1,0","mounniley,leg_low,49,-81,5.5,0,20,0.9,1,0","mounniley,foot,78,-29,1.5,0,17,1,1,0","mounniley,base,116,-406,-120,1,12,1,1,0",,"mounniley,cloak,43,-417,17,0,6,1,1,0","mounniley,cloak_right,-38,-320,-23,0,0,1,1,0","mounniley,cloak_back,-13,-352,-3,0,16,1.3,0.9,0","mounniley,skirt,3,-227,-4,0,9,1,1,0",,,,,,,,,,,,,,,,,,,,,,,,,,,,,,,,,,,,,,,,,,,,,,,,,,,,,,,,,,,,,,,,,,,,,,,,,,,,,,,,,,,,,,,,,,,,,,,,,play_time_mod_0.5,
