Name,p1_head,p1_neck,p1_body,p1_r_arm_up,p1_r_arm_low,p1_r_hand,p1_l_arm_up,p1_l_arm_low,p1_l_hand,p1_r_leg_up,p1_r_leg_low,p1_r_foot,p1_l_leg_up,p1_l_leg_low,p1_l_foot,p1_main_weapon,p1_sub_weapon,p1_special_1,p1_special_2,p1_special_3,p1_special_4,p1_special_5,p1_special_6,p1_special_7,p1_special_8,p1_special_9,p1_special_10,p2_head,p2_neck,p2_body,p2_r_arm_up,p2_r_arm_low,p2_r_hand,p2_l_arm_up,p2_l_arm_low,p2_l_hand,p2_r_leg_up,p2_r_leg_low,p2_r_foot,p2_l_leg_up,p2_l_leg_low,p2_l_foot,p2_main_weapon,p2_sub_weapon,p2_special_1,p2_special_2,p2_special_3,p2_special_4,p2_special_5,p2_special_6,p2_special_7,p2_special_8,p2_special_9,p2_special_10,p3_head,p3_neck,p3_body,p3_r_arm_up,p3_r_arm_low,p3_r_hand,p3_l_arm_up,p3_l_arm_low,p3_l_hand,p3_r_leg_up,p3_r_leg_low,p3_r_foot,p3_l_leg_up,p3_l_leg_low,p3_l_foot,p3_main_weapon,p3_sub_weapon,p3_special_1,p3_special_2,p3_special_3,p3_special_4,p3_special_5,p3_special_6,p3_special_7,p3_special_8,p3_special_9,p3_special_10,p4_head,p4_neck,p4_body,p4_r_arm_up,p4_r_arm_low,p4_r_hand,p4_l_arm_up,p4_l_arm_low,p4_l_hand,p4_r_leg_up,p4_r_leg_low,p4_r_foot,p4_l_leg_up,p4_l_leg_low,p4_l_foot,p4_main_weapon,p4_sub_weapon,p4_special_1,p4_special_2,p4_special_3,p4_special_4,p4_special_5,p4_special_6,p4_special_7,p4_special_8,p4_special_9,p4_special_10,effect_1,effect_2,effect_3,effect_4,effect_5,effect_6,effect_7,effect_8,frame_property,animation_property,sound_effect
Idle/0,"buikuuh,head,14,-354,1,0,2,1,1,0","buikuuh,neck,3,-321,-3,0,5,1,1,0","buikuuh,body,13,-216,0,0,8,1,1,0","buikuuh,arm_up,-65,-254,-2.4,0,4,1,1,0","buikuuh,arm_low,-81,-176,8,0,6,1,1,0","buikuuh,fist,-68,-112,13,0,6,1,1,0","buikuuh,arm_up,76,-254,3,1,18,1,1,0","buikuuh,arm_low,97,-188,15,1,19,1,1,0","buikuuh,fist_back,110,-121,8,0,19,0.9,0.9,0","buikuuh,leg_up,-30,-108,-12,0,8,1,1,0","buikuuh,leg_low,-43,-39,-17,0,10,1,1,0","buikuuh,foot,-32,1,0,0,13,1,1,0","buikuuh,leg_up,69,-109,23,0,9,1,1,0","buikuuh,leg_low,91,-43,5,0,13,1,1,0","buikuuh,foot,112,-3,0,0,15,1,1,0",,,"buikuuh,beard,27,-207,-1,0,0,1,1,0",,,,,,,,,,,,,,,,,,,,,,,,,,,,,,,,,,,,,,,,,,,,,,,,,,,,,,,,,,,,,,,,,,,,,,,,,,,,,,,,,,,,,,,,,,,,,,,,,,,play_time_mod_2,,
Idle/1,"buikuuh,head,14,-353,0,0,2,1,1,0","buikuuh,neck,3,-321,-3,0,5,1,1,0","buikuuh,body,13,-216,0,0,8,1,1,0","buikuuh,arm_up,-65,-254,-3.4,0,4,1,1,0","buikuuh,arm_low,-81,-175,7,0,6,1,1,0","buikuuh,fist,-69,-112,12,0,6,1,1,0","buikuuh,arm_up,76,-254,3,1,18,1,1,0","buikuuh,arm_low,97,-188,14,1,19,1,1,0","buikuuh,fist_back,109,-120,6,0,19,0.9,0.9,0","buikuuh,leg_up,-30,-108,-12,0,8,1,1,0","buikuuh,leg_low,-43,-39,-17,0,10,1,1,0","buikuuh,foot,-32,1,0,0,13,1,1,0","buikuuh,leg_up,69,-109,23,0,9,1,1,0","buikuuh,leg_low,91,-43,5,0,13,1,1,0","buikuuh,foot,112,-3,0,0,15,1,1,0",,,"buikuuh,beard,26,-206,-2,0,0,1,1,0",,,,,,,,,,,,,,,,,,,,,,,,,,,,,,,,,,,,,,,,,,,,,,,,,,,,,,,,,,,,,,,,,,,,,,,,,,,,,,,,,,,,,,,,,,,,,,,,,,,,,
Idle/2,"buikuuh,head,14,-352,-1,0,2,1,1,0","buikuuh,neck,3,-320,-4,0,5,1,1,0","buikuuh,body,13,-216,0,0,8,1,1,0","buikuuh,arm_up,-66,-254,-4.4,0,4,1,1,0","buikuuh,arm_low,-82,-175,7,0,6,1,1,0","buikuuh,fist,-72,-112,8,0,6,1,1,0","buikuuh,arm_up,76,-254,3,1,18,1,1,0","buikuuh,arm_low,97,-188,12,1,19,1,1,0","buikuuh,fist_back,107,-119,5,0,19,0.9,0.9,0","buikuuh,leg_up,-30,-108,-12,0,8,1,1,0","buikuuh,leg_low,-43,-39,-17,0,10,1,1,0","buikuuh,foot,-32,1,0,0,13,1,1,0","buikuuh,leg_up,69,-109,23,0,9,1,1,0","buikuuh,leg_low,91,-43,5,0,13,1,1,0","buikuuh,foot,112,-3,0,0,15,1,1,0",,,"buikuuh,beard,25,-205,-3,0,0,1,1,0",,,,,,,,,,,,,,,,,,,,,,,,,,,,,,,,,,,,,,,,,,,,,,,,,,,,,,,,,,,,,,,,,,,,,,,,,,,,,,,,,,,,,,,,,,,,,,,,,,,,,
Idle/3,"buikuuh,head,15,-351,-2,0,2,1,1,0","buikuuh,neck,3,-320,-4,0,5,1,1,0","buikuuh,body,13,-216,0,0,7,1,1,0","buikuuh,arm_up,-66,-254,-4.4,0,4,1,1,0","buikuuh,arm_low,-82,-175,7,0,6,1,1,0","buikuuh,fist,-72,-112,8,0,6,1,1,0","buikuuh,arm_up,76,-254,3,1,18,1,1,0","buikuuh,arm_low,97,-188,12,1,19,1,1,0","buikuuh,fist_back,106,-119,5,0,19,0.9,0.9,0","buikuuh,leg_up,-30,-108,-12,0,8,1,1,0","buikuuh,leg_low,-43,-39,-17,0,10,1,1,0","buikuuh,foot,-32,1,0,0,13,1,1,0","buikuuh,leg_up,69,-109,23,0,9,1,1,0","buikuuh,leg_low,91,-43,5,0,13,1,1,0","buikuuh,foot,112,-3,0,0,15,1,1,0",,,"buikuuh,beard,23,-203,-4,0,0,1,1,0",,,,,,,,,,,,,,,,,,,,,,,,,,,,,,,,,,,,,,,,,,,,,,,,,,,,,,,,,,,,,,,,,,,,,,,,,,,,,,,,,,,,,,,,,,,,,,,,,,,play_time_mod_1.25,,
Idle/4,"buikuuh,head,15,-350,-3,0,2,1,1,0","buikuuh,neck,3,-320,-4,0,5,1,1,0","buikuuh,body,13,-216,-2,0,8,1,1,0","buikuuh,arm_up,-67,-254,-5.4,0,4,1,1,0","buikuuh,arm_low,-84,-174,5,0,6,1,1,0","buikuuh,fist,-75,-112,7,0,6,1,1,0","buikuuh,arm_up,76,-254,3,1,18,1,1,0","buikuuh,arm_low,96,-188,11,1,19,1,1,0","buikuuh,fist_back,104,-119,4,0,19,0.9,0.9,0","buikuuh,leg_up,-30,-108,-12,0,8,1,1,0","buikuuh,leg_low,-43,-39,-17,0,10,1,1,0","buikuuh,foot,-32,1,0,0,13,1,1,0","buikuuh,leg_up,69,-109,23,0,9,1,1,0","buikuuh,leg_low,91,-43,5,0,13,1,1,0","buikuuh,foot,112,-3,0,0,15,1,1,0",,,"buikuuh,beard,22,-202,-5,0,0,1,1,0",,,,,,,,,,,,,,,,,,,,,,,,,,,,,,,,,,,,,,,,,,,,,,,,,,,,,,,,,,,,,,,,,,,,,,,,,,,,,,,,,,,,,,,,,,,,,,,,,,,play_time_mod_1.5,,
Idle/5,"buikuuh,head,15,-351,-2,0,2,1,1,0","buikuuh,neck,3,-320,-4,0,5,1,1,0","buikuuh,body,13,-216,0,0,7,1,1,0","buikuuh,arm_up,-66,-254,-4.4,0,4,1,1,0","buikuuh,arm_low,-82,-175,7,0,6,1,1,0","buikuuh,fist,-72,-112,8,0,6,1,1,0","buikuuh,arm_up,76,-254,3,1,18,1,1,0","buikuuh,arm_low,97,-188,12,1,19,1,1,0","buikuuh,fist_back,106,-119,5,0,19,0.9,0.9,0","buikuuh,leg_up,-30,-108,-12,0,8,1,1,0","buikuuh,leg_low,-43,-39,-17,0,10,1,1,0","buikuuh,foot,-32,1,0,0,13,1,1,0","buikuuh,leg_up,69,-109,23,0,9,1,1,0","buikuuh,leg_low,91,-43,5,0,13,1,1,0","buikuuh,foot,112,-3,0,0,15,1,1,0",,,"buikuuh,beard,23,-203,-4,0,0,1,1,0",,,,,,,,,,,,,,,,,,,,,,,,,,,,,,,,,,,,,,,,,,,,,,,,,,,,,,,,,,,,,,,,,,,,,,,,,,,,,,,,,,,,,,,,,,,,,,,,,,,,,
Idle/6,"buikuuh,head,14,-352,-1,0,2,1,1,0","buikuuh,neck,3,-320,-4,0,5,1,1,0","buikuuh,body,13,-216,0,0,8,1,1,0","buikuuh,arm_up,-66,-254,-4.4,0,4,1,1,0","buikuuh,arm_low,-82,-175,7,0,6,1,1,0","buikuuh,fist,-72,-112,8,0,6,1,1,0","buikuuh,arm_up,76,-254,3,1,18,1,1,0","buikuuh,arm_low,97,-188,12,1,19,1,1,0","buikuuh,fist_back,107,-119,5,0,19,0.9,0.9,0","buikuuh,leg_up,-30,-108,-12,0,8,1,1,0","buikuuh,leg_low,-43,-39,-17,0,10,1,1,0","buikuuh,foot,-32,1,0,0,13,1,1,0","buikuuh,leg_up,69,-109,23,0,9,1,1,0","buikuuh,leg_low,91,-43,5,0,13,1,1,0","buikuuh,foot,112,-3,0,0,15,1,1,0",,,"buikuuh,beard,25,-205,-3,0,0,1,1,0",,,,,,,,,,,,,,,,,,,,,,,,,,,,,,,,,,,,,,,,,,,,,,,,,,,,,,,,,,,,,,,,,,,,,,,,,,,,,,,,,,,,,,,,,,,,,,,,,,,,,
Idle/7,"buikuuh,head,14,-353,0,0,2,1,1,0","buikuuh,neck,3,-321,-3,0,5,1,1,0","buikuuh,body,13,-216,0,0,8,1,1,0","buikuuh,arm_up,-65,-254,-3.4,0,4,1,1,0","buikuuh,arm_low,-81,-175,7,0,6,1,1,0","buikuuh,fist,-69,-112,12,0,6,1,1,0","buikuuh,arm_up,76,-254,3,1,18,1,1,0","buikuuh,arm_low,97,-188,14,1,19,1,1,0","buikuuh,fist_back,109,-120,6,0,19,0.9,0.9,0","buikuuh,leg_up,-30,-108,-12,0,8,1,1,0","buikuuh,leg_low,-43,-39,-17,0,10,1,1,0","buikuuh,foot,-32,1,0,0,13,1,1,0","buikuuh,leg_up,69,-109,23,0,9,1,1,0","buikuuh,leg_low,91,-43,5,0,13,1,1,0","buikuuh,foot,112,-3,0,0,15,1,1,0",,,"buikuuh,beard,26,-206,-2,0,0,1,1,0",,,,,,,,,,,,,,,,,,,,,,,,,,,,,,,,,,,,,,,,,,,,,,,,,,,,,,,,,,,,,,,,,,,,,,,,,,,,,,,,,,,,,,,,,,,,,,,,,,,,,
Default/0,"buikuuh,head,14,-354,1,0,2,1,1,0","buikuuh,neck,3,-321,-3,0,5,1,1,0","buikuuh,body,13,-216,0,0,8,1,1,0","buikuuh,arm_up,-65,-268,-35.4,0,4,1,1,0","buikuuh,arm_low,-112,-222,-32,0,6,1,1,0","buikuuh,fist,-144,-161,-27,0,6,1,1,0","buikuuh,arm_up,81,-275,33,1,18,1,1,0","buikuuh,arm_low,132,-230,47,1,19,1,1,0","buikuuh,fist_back,185,-186,53,0,19,0.9,0.9,0","buikuuh,leg_up,-39,-106,-11,0,8,1,1,0","buikuuh,leg_low,-51,-37,-16,0,10,1,1,0","buikuuh,foot,-39,3,1,0,13,1,1,0","buikuuh,leg_up,69,-109,23,0,9,1,1,0","buikuuh,leg_low,91,-43,5,0,13,1,1,0","buikuuh,foot,112,-3,0,0,15,1,1,0",,,"buikuuh,beard,27,-207,-1,0,0,1,1,0",,,,,,,,,,,,,,,,,,,,,,,,,,,,,,,,,,,,,,,,,,,,,,,,,,,,,,,,,,,,,,,,,,,,,,,,,,,,,,,,,,,,,,,,,,,,,,,,,,,,,
Damaged/0,"buikuuh,head,14,-353,0,0,2,1,1,0","buikuuh,neck,3,-321,-3,0,5,1,1,0","buikuuh,body,13,-216,0,0,8,1,1,0","buikuuh,arm_up,-65,-254,-2.4,0,4,1,1,0","buikuuh,arm_low,-81,-175,7,0,6,1,1,0","buikuuh,fist,-69,-112,12,0,6,1,1,0","buikuuh,arm_up,76,-254,3,1,18,1,1,0","buikuuh,arm_low,97,-188,14,1,19,1,1,0","buikuuh,fist_back,108,-117,6,0,19,0.9,0.9,0","buikuuh,leg_up,-30,-108,-12,0,7,1,1,0","buikuuh,leg_low,-43,-39,-17,0,10,1,1,0","buikuuh,foot,-32,1,0,0,13,1,1,0","buikuuh,leg_up,69,-109,23,0,9,1,1,0","buikuuh,leg_low,91,-43,5,0,13,1,1,0","buikuuh,foot,112,-3,0,0,15,1,1,0",,,"buikuuh,beard,26,-206,-2,0,0,1,1,0",,,,,,,,,,,,,,,,,,,,,,,,,,,,,,,,,,,,,,,,,,,,,,,,,,,,,,,,,,,,,,,,,,,,,,,,,,,,,,,,,,,,,,,,,,,,,,,,,,,,,
Damaged/1,"buikuuh,head,7,-353,6,0,2,1,1,0","buikuuh,neck,3,-321,-3,0,5,1,1,0","buikuuh,body,13,-216,0,0,8,1,1,0","buikuuh,arm_up,-67,-254,-5.4,0,4,1,1,0","buikuuh,arm_low,-83,-175,11,0,6,1,1,0","buikuuh,fist,-69,-112,14,0,6,1,1,0","buikuuh,arm_up,76,-254,3,1,18,1,1,0","buikuuh,arm_low,97,-188,18,1,19,1,1,0","buikuuh,fist_back,116,-117,17,0,19,0.9,0.9,0","buikuuh,leg_up,-31,-108,-14,0,8,1,1,0","buikuuh,leg_low,-47,-39,-16,0,10,1,1,0","buikuuh,foot,-33,0,3,0,13,1,1,0","buikuuh,leg_up,71,-109,26,0,9,1,1,0","buikuuh,leg_low,91,-43,3,0,13,1,1,0","buikuuh,foot,112,-3,0,0,15,1,1,0",,,"buikuuh,beard,33,-208,3,0,0,1,1,0",,,,,,,,,,,,,,,,,,,,,,,,,,,,,,,,,,,,,,,,,,,,,,,,,,,,,,,,,,,,,,,,,,,,,,,,,,,,,,,,,,,,,,,,,,,,,,,,,,,,,
Damaged/2,"buikuuh,head,-1,-353,9,0,2,1,1,0","buikuuh,neck,3,-321,-3,0,5,1,1,0","buikuuh,body,10,-215,7,0,8,1,1,0","buikuuh,arm_up,-71,-254,-9.4,0,4,1,1,0","buikuuh,arm_low,-88,-175,13,0,6,1,1,0","buikuuh,fist,-73,-112,14,0,6,1,1,0","buikuuh,arm_up,83,-254,-8,1,18,1,1,0","buikuuh,arm_low,99,-188,30,1,19,1,1,0","buikuuh,fist_back,132,-123,25,0,19,0.9,0.9,0","buikuuh,leg_up,-37,-106,-11,0,8,1,1,0","buikuuh,leg_low,-50,-39,-18,0,10,1,1,0","buikuuh,foot,-37,0,2,0,13,1,1,0","buikuuh,leg_up,72,-109,28,0,9,1,1,0","buikuuh,leg_low,93,-43,-2,0,13,1,1,0","buikuuh,foot,112,-3,0,0,15,1,1,0",,,"buikuuh,beard,35,-211,7,0,0,1,1,0",,,,,,,,,,,,,,,,,,,,,,,,,,,,,,,,,,,,,,,,,,,,,,,,,,,,,,,,,,,,,,,,,,,,,,,,,,,,,,,,,,,,,,,,,,,,,,,,,,,hold,,
Damaged/3,"buikuuh,head,7,-353,4,0,2,1,1,0","buikuuh,neck,3,-321,-3,0,5,1,1,0","buikuuh,body,13,-216,0,0,8,1,1,0","buikuuh,arm_up,-70,-254,-8.4,0,4,1,1,0","buikuuh,arm_low,-86,-175,13,0,6,1,1,0","buikuuh,fist,-69,-113,16,0,6,1,1,0","buikuuh,arm_up,76,-254,3,1,18,1,1,0","buikuuh,arm_low,99,-188,20,1,19,1,1,0","buikuuh,fist_back,122,-118,18,0,19,0.9,0.9,0","buikuuh,leg_up,-33,-108,-16,0,8,1,1,0","buikuuh,leg_low,-50,-39,-18,0,10,1,1,0","buikuuh,foot,-38,0,2,0,13,1,1,0","buikuuh,leg_up,71,-109,26,0,9,1,1,0","buikuuh,leg_low,91,-43,3,0,13,1,1,0","buikuuh,foot,112,-3,0,0,15,1,1,0",,,"buikuuh,beard,39,-209,5,0,0,1,1,0",,,,,,,,,,,,,,,,,,,,,,,,,,,,,,,,,,,,,,,,,,,,,,,,,,,,,,,,,,,,,,,,,,,,,,,,,,,,,,,,,,,,,,,,,,,,,,,,,,,,,
Damaged/4,"buikuuh,head,7,-353,6,0,2,1,1,0","buikuuh,neck,3,-321,-3,0,5,1,1,0","buikuuh,body,13,-216,0,0,8,1,1,0","buikuuh,arm_up,-67,-254,-5.4,0,4,1,1,0","buikuuh,arm_low,-83,-175,11,0,6,1,1,0","buikuuh,fist,-69,-112,14,0,6,1,1,0","buikuuh,arm_up,76,-254,3,1,18,1,1,0","buikuuh,arm_low,97,-188,18,1,19,1,1,0","buikuuh,fist_back,116,-117,17,0,19,0.9,0.9,0","buikuuh,leg_up,-31,-108,-14,0,8,1,1,0","buikuuh,leg_low,-47,-39,-16,0,10,1,1,0","buikuuh,foot,-33,0,3,0,13,1,1,0","buikuuh,leg_up,71,-109,26,0,9,1,1,0","buikuuh,leg_low,91,-43,3,0,13,1,1,0","buikuuh,foot,112,-3,0,0,15,1,1,0",,,"buikuuh,beard,33,-208,3,0,0,1,1,0",,,,,,,,,,,,,,,,,,,,,,,,,,,,,,,,,,,,,,,,,,,,,,,,,,,,,,,,,,,,,,,,,,,,,,,,,,,,,,,,,,,,,,,,,,,,,,,,,,,,,
Damaged/5,"buikuuh,head,14,-353,0,0,2,1,1,0","buikuuh,neck,3,-321,-3,0,5,1,1,0","buikuuh,body,13,-216,0,0,6,1,1,0","buikuuh,arm_up,-65,-254,-2.4,0,4,1,1,0","buikuuh,arm_low,-81,-175,7,0,6,1,1,0","buikuuh,fist,-69,-112,12,0,6,1,1,0","buikuuh,arm_up,76,-254,3,1,18,1,1,0","buikuuh,arm_low,97,-188,14,1,19,1,1,0","buikuuh,fist_back,108,-117,6,0,19,0.9,0.9,0","buikuuh,leg_up,-30,-108,-12,0,8,1,1,0","buikuuh,leg_low,-43,-39,-17,0,10,1,1,0","buikuuh,foot,-32,1,0,0,13,1,1,0","buikuuh,leg_up,69,-109,23,0,9,1,1,0","buikuuh,leg_low,91,-43,5,0,13,1,1,0","buikuuh,foot,112,-3,0,0,15,1,1,0",,,"buikuuh,beard,26,-206,-2,0,0,1,1,0",,,,,,,,,,,,,,,,,,,,,,,,,,,,,,,,,,,,,,,,,,,,,,,,,,,,,,,,,,,,,,,,,,,,,,,,,,,,,,,,,,,,,,,,,,,,,,,,,,,,,
Die/0,"buikuuh,head,28,-361,-3,0,2,1,1,0","buikuuh,neck,15,-325,-7,0,5,1,1,0","buikuuh,body,17,-220,-4,0,8,1,1,0","buikuuh,arm_up,-63,-264,-10.4,0,4,1,1,0","buikuuh,arm_low,-83,-189,7,0,6,1,1,0","buikuuh,fist,-73,-126,10,0,6,1,1,0","buikuuh,arm_up,80,-254,-4,1,18,1,1,0","buikuuh,arm_low,97,-188,14,1,19,1,1,0","buikuuh,fist_back,112,-117,15,0,19,0.9,0.9,0","buikuuh,leg_up,-34,-113,-10,0,8,1,1,0","buikuuh,leg_low,-60,-47,-35,0,10,1,1,0","buikuuh,foot,-53,-10,-6,0,13,1,1,0","buikuuh,leg_up,71,-98,38,0,9,1,1,0","buikuuh,leg_low,91,-45,-20,0,13,1,1,0","buikuuh,foot,103,-2,-3,0,15,1,1,0",,,"buikuuh,beard,37,-212,-3,0,0,1,1,0",,,,,,,,,,,,,,,,,,,,,,,,,,,,,,,,,,,,,,,,,,,,,,,,,,,,,,,,,,,,,,,,,,,,,,,,,,,,,,,,,,,,,,,,,,,,,,,,,,,,,
Die/1,"buikuuh,close,53,-366,-17,0,2,1,1,0","buikuuh,neck,29,-320,-30,0,5,1,1,0","buikuuh,body,20,-227,-7,0,8,1,1,0","buikuuh,arm_up,-56,-293,-27.4,0,4,1,1,0","buikuuh,arm_low,-89,-233,-4,0,6,1,1,0","buikuuh,fist,-88,-171,5,0,6,1,1,0","buikuuh,arm_up,83,-258,-7,1,18,1,1,0","buikuuh,arm_low,97,-201,21,1,19,1,1,0","buikuuh,fist_back,124,-140,25,0,19,0.9,0.9,0","buikuuh,leg_up,-37,-123,-13,0,8,1,1,0","buikuuh,leg_low,-66,-67,-48,0,10,1,1,0","buikuuh,foot,-82,-30,-43,0,13,1,1,0","buikuuh,leg_up,69,-111,45,0,9,1,1,0","buikuuh,leg_low,89,-70,-23,0,13,1,1,0","buikuuh,foot,84,-25,-31,0,15,1,1,0",,,"buikuuh,beard,26,-217,-16,0,0,1,1,0",,,,,,,,,,,,,,,,,,,,,,,,,,,,,,,,,,,,,,,,,,,,,,,,,,,,,,,,,,,,,,,,,,,,,,,,,,,,,,,,,,,,,,,,,,,,,,,,,,,hold,,
Die/2,"buikuuh,close,56,-347,-20,0,2,1,1,0","buikuuh,neck,31,-303,-31,0,5,1,1,0","buikuuh,body,21,-210,-8,0,8,1,1,0","buikuuh,arm_up,-54,-268,-18.4,0,4,1,1,0","buikuuh,arm_low,-83,-199,2,0,6,1,1,0","buikuuh,fist,-80,-137,6,0,6,1,1,0","buikuuh,arm_up,84,-240,-8,1,18,1,1,0","buikuuh,arm_low,97,-183,20,1,19,1,1,0","buikuuh,fist_back,123,-121,24,0,19,0.9,0.9,0","buikuuh,leg_up,-41,-104,-18,0,8,1,1,0","buikuuh,leg_low,-74,-53,-59,0,10,1,1,0","buikuuh,foot,-105,-20,-68,0,13,1,1,0","buikuuh,leg_up,74,-88,28,0,9,1,1,0","buikuuh,leg_low,80,-42,-44,0,13,1,1,0","buikuuh,foot,53,-3,-72,0,15,1,1,0",,,"buikuuh,beard,26,-200,-17,0,0,1,1,0",,,,,,,,,,,,,,,,,,,,,,,,,,,,,,,,,,,,,,,,,,,,,,,,,,,,,,,,,,,,,,,,,,,,,,,,,,,,,,,,,,,,,,,,,,,,,,,,,,,,,
Die/3,"buikuuh,close,56,-320,-21,0,2,1,1,0","buikuuh,neck,31,-282,-31,0,5,1,1,0","buikuuh,body,21,-189,-8,0,8,1,1,0","buikuuh,arm_up,-54,-244,-16.4,0,4,1,1,0","buikuuh,arm_low,-82,-176,-1,0,6,1,1,0","buikuuh,fist,-80,-111,4,0,6,1,1,0","buikuuh,arm_up,95,-206,-16,1,18,1,1,0","buikuuh,arm_low,102,-146,30,1,19,1,1,0","buikuuh,fist_back,138,-90,34,0,19,0.9,0.9,0","buikuuh,leg_up,-40,-70,-13,0,8,1,1,0","buikuuh,leg_low,-68,-26,-72,0,10,1,1,0","buikuuh,foot,-111,3,-88,0,13,1,1,0","buikuuh,leg_up,70,-63,19,0,9,1,1,0","buikuuh,leg_low,69,-16,-54,0,13,1,1,0","buikuuh,foot,35,17,-86,0,15,1,1,0",,,"buikuuh,beard,26,-174,-17,0,0,1,1,0",,,,,,,,,,,,,,,,,,,,,,,,,,,,,,,,,,,,,,,,,,,,,,,,,,,,,,,,,,,,,,,,,,,,,,,,,,,,,,,,,,,,,,,,,,,,,,,,,,,,,
Die/4,"buikuuh,close,58,-303,-21,0,2,1,1,0","buikuuh,neck,33,-265,-31,0,5,1,1,0","buikuuh,body,21,-177,-8,0,8,1,1,0","buikuuh,arm_up,-51,-232,-20.4,0,4,1,1,0","buikuuh,arm_low,-80,-165,2,0,6,1,1,0","buikuuh,fist,-74,-100,7,0,6,1,1,0","buikuuh,arm_up,95,-194,-16,1,18,1,1,0","buikuuh,arm_low,102,-134,30,1,19,1,1,0","buikuuh,fist_back,138,-78,34,0,19,0.9,0.9,0","buikuuh,leg_up,-40,-59,-13,0,8,1,1,0","buikuuh,leg_low,-68,-20,-79,0,10,1,1,0","buikuuh,foot,-111,3,-91,0,13,1,1,0","buikuuh,leg_up,70,-54,7,0,9,1,1,0","buikuuh,leg_low,62,-13,-78,0,13,1,1,0","buikuuh,foot,16,7,-102,0,15,1,1,0",,,"buikuuh,beard,26,-155,-17,0,0,1,1,0",,,,,,,,,,,,,,,,,,,,,,,,,,,,,,,,,,,,,,,,,,,,,,,,,,,,,,,,,,,,,,,,,,,,,,,,,,,,,,,,,,,,,,,,,,,,,,,,,,,,,
Die/5,"buikuuh,close,57,-298,-20,0,2,1,1,0","buikuuh,neck,32,-260,-30,0,5,1,1,0","buikuuh,body,21,-174,-8,0,8,1,1,0","buikuuh,arm_up,-50,-227,-13.4,0,4,1,1,0","buikuuh,arm_low,-74,-157,6,0,6,1,1,0","buikuuh,fist,-66,-97,12,0,6,1,1,0","buikuuh,arm_up,95,-185,-16,1,18,1,1,0","buikuuh,arm_low,102,-123,20,1,19,1,1,0","buikuuh,fist_back,126,-61,19,0,19,0.9,0.9,0","buikuuh,leg_up,-40,-56,-15,0,8,1,1,0","buikuuh,leg_low,-68,-18,-86,0,10,1,1,0","buikuuh,foot,-111,3,-100,0,13,1,1,0","buikuuh,leg_up,70,-50,5,0,9,1,1,0","buikuuh,leg_low,59,-13,-84,0,13,1,1,0","buikuuh,foot,13,4,-107,0,15,1,1,0",,,"buikuuh,beard,27,-150,-16,0,0,1,1,0",,,,,,,,,,,,,,,,,,,,,,,,,,,,,,,,,,,,,,,,,,,,,,,,,,,,,,,,,,,,,,,,,,,,,,,,,,,,,,,,,,,,,,,,,,,,,,,,,,,,,
Die/6,"buikuuh,close,57,-297,-21,0,2,1,1,0","buikuuh,neck,32,-260,-30,0,5,1,1,0","buikuuh,body,21,-171,-8,0,8,1,1,0","buikuuh,arm_up,-46,-221,-5.4,0,4,1,1,0","buikuuh,arm_low,-65,-146,8,0,6,1,1,0","buikuuh,fist,-54,-87,19,0,6,1,1,0","buikuuh,arm_up,95,-185,-16,1,18,1,1,0","buikuuh,arm_low,98,-120,13,1,19,1,1,0","buikuuh,fist_back,113,-61,8,0,19,0.9,0.9,0","buikuuh,leg_up,-40,-56,-15,0,8,1,1,0","buikuuh,leg_low,-68,-18,-88,0,10,1,1,0","buikuuh,foot,-111,2,-101,0,13,1,1,0","buikuuh,leg_up,70,-50,5,0,9,1,1,0","buikuuh,leg_low,59,-13,-85,0,13,1,1,0","buikuuh,foot,13,3,-110,0,15,1,1,0",,,"buikuuh,beard,37,-147,-12,0,0,1,1,0",,,,,,,,,,,,,,,,,,,,,,,,,,,,,,,,,,,,,,,,,,,,,,,,,,,,,,,,,,,,,,,,,,,,,,,,,,,,,,,,,,,,,,,,,,,,,,,,,,,,,
Knockdown/0,"buikuuh,head,7,-353,6,0,2,1,1,0","buikuuh,neck,3,-321,-3,0,5,1,1,0","buikuuh,body,13,-216,0,0,8,1,1,0","buikuuh,arm_up,-67,-254,-5.4,0,4,1,1,0","buikuuh,arm_low,-83,-175,11,0,6,1,1,0","buikuuh,fist,-69,-112,14,0,6,1,1,0","buikuuh,arm_up,76,-254,3,1,18,1,1,0","buikuuh,arm_low,97,-188,18,1,19,1,1,0","buikuuh,fist_back,116,-117,17,0,19,0.9,0.9,0","buikuuh,leg_up,-31,-108,-14,0,8,1,1,0","buikuuh,leg_low,-47,-39,-16,0,10,1,1,0","buikuuh,foot,-33,0,3,0,13,1,1,0","buikuuh,leg_up,71,-109,26,0,9,1,1,0","buikuuh,leg_low,91,-43,3,0,13,1,1,0","buikuuh,foot,112,-3,0,0,15,1,1,0",,,"buikuuh,beard,33,-208,3,0,0,1,1,0",,,,,,,,,,,,,,,,,,,,,,,,,,,,,,,,,,,,,,,,,,,,,,,,,,,,,,,,,,,,,,,,,,,,,,,,,,,,,,,,,,,,,,,,,,,,,,,,,,,,play_time_mod_0.5,
Knockdown/1,"buikuuh,head,-12,-351,14,0,2,1,1,0","buikuuh,neck,-12,-320,2,0,5,1,1,0","buikuuh,body,8,-216,5,0,8,1,1,0","buikuuh,arm_up,-76,-246,-4.4,0,4,1,1,0","buikuuh,arm_low,-80,-171,23,0,6,1,1,0","buikuuh,fist,-53,-113,28,0,6,1,1,0","buikuuh,arm_up,71,-259,8,1,18,1,1,0","buikuuh,arm_low,100,-200,33,1,19,1,1,0","buikuuh,fist_back,136,-140,32,0,19,0.9,0.9,0","buikuuh,leg_up,-29,-99,0,0,8,1,1,0","buikuuh,leg_low,-38,-34,-21,0,10,1,1,0","buikuuh,foot,-33,5,-12,0,13,1,1,0","buikuuh,leg_up,78,-119,38,0,9,1,1,0","buikuuh,leg_low,102,-68,-2,0,13,1,1,0","buikuuh,foot,121,-24,-5,0,15,1,1,0",,,"buikuuh,beard,37,-212,13,0,0,1,1,0",,,,,,,,,,,,,,,,,,,,,,,,,,,,,,,,,,,,,,,,,,,,,,,,,,,,,,,,,,,,,,,,,,,,,,,,,,,,,,,,,,,,,,,,,,,,,,,,,,,,play_time_mod_0.5,
Knockdown/2,"buikuuh,close,-73,-351,33,0,2,1,1,0","buikuuh,neck,-60,-320,18,0,5,1,1,0","buikuuh,body,-12,-229,21,0,8,1,1,0","buikuuh,arm_up,-103,-237,9.6,0,4,1,1,0","buikuuh,arm_low,-87,-166,43,0,6,1,1,0","buikuuh,fist,-39,-123,53,0,6,1,1,0","buikuuh,arm_up,36,-287,24,1,18,1,1,0","buikuuh,arm_low,88,-237,59,1,19,1,1,0","buikuuh,fist_back,152,-206,68,0,19,0.9,0.9,0","buikuuh,leg_up,-15,-104,16,0,8,1,1,0","buikuuh,leg_low,-13,-38,-18,0,10,1,1,0","buikuuh,foot,-7,0,-21,0,13,1,1,0","buikuuh,leg_up,83,-154,54,0,9,1,1,0","buikuuh,leg_low,123,-111,15,0,13,1,1,0","buikuuh,foot,152,-76,13,0,15,1,1,0",,,"buikuuh,beard,17,-230,29,0,0,1,1,0",,,,,,,,,,,,,,,,,,,,,,,,,,,,,,,,,,,,,,,,,,,,,,,,,,,,,,,,,,,,,,,,,,,,,,,,,,,,,,,,,,,,,,,,,,,,,,,,,,,hold,play_time_mod_0.5,
Knockdown/3,"buikuuh,close,-96,-310,46,0,2,1,1,0","buikuuh,neck,-78,-283,28,0,5,1,1,0","buikuuh,body,-15,-202,31,0,8,1,1,0","buikuuh,arm_up,-96,-190,39.6,0,4,1,1,0","buikuuh,arm_low,-47,-128,63,0,6,1,1,0","buikuuh,fist,10,-107,82,0,6,1,1,0","buikuuh,arm_up,22,-267,34,1,18,1,1,0","buikuuh,arm_low,84,-244,79,1,19,1,1,0","buikuuh,fist_back,155,-238,98,0,19,0.9,0.9,0","buikuuh,leg_up,14,-78,40,0,8,1,1,0","buikuuh,leg_low,50,-25,25,0,10,1,1,0","buikuuh,foot,87,3,31,0,13,1,1,0","buikuuh,leg_up,92,-150,75,0,9,1,1,0","buikuuh,leg_low,144,-122,36,0,13,1,1,0","buikuuh,foot,183,-99,33,0,15,1,1,0",,,"buikuuh,beard,23,-220,49,0,0,1,1,0",,,,,,,,,,,,,,,,,,,,,,,,,,,,,,,,,,,,,,,,,,,,,,,,,,,,,,,,,,,,,,,,,,,,,,,,,,,,,,,,,,,,,,,,,,,,,,,,,,,,play_time_mod_0.5,
Knockdown/4,"buikuuh,close,-143,-244,72,0,2,1,1,0","buikuuh,neck,-117,-225,48,0,5,1,1,0","buikuuh,body,-30,-170,55,0,8,1,1,0","buikuuh,arm_up,-89,-137,76.6,0,4,1,1,0","buikuuh,arm_low,-21,-118,103,0,6,1,1,0","buikuuh,fist,38,-138,122,0,6,1,1,0","buikuuh,arm_up,-17,-245,54,1,18,1,1,0","buikuuh,arm_low,49,-244,99,1,19,1,1,0","buikuuh,fist_back,118,-262,118,0,19,0.9,0.9,0","buikuuh,leg_up,40,-95,97,0,8,1,1,0","buikuuh,leg_low,89,-87,42,0,10,1,1,0","buikuuh,foot,128,-54,12,0,13,1,1,0","buikuuh,leg_up,89,-164,96,0,9,1,1,0","buikuuh,leg_low,147,-162,78,0,13,1,1,0","buikuuh,foot,189,-178,93,0,15,1,1,0",,,"buikuuh,beard,9,-225,81,0,0,1,1,0",,,,,,,,,,,,,,,,,,,,,,,,,,,,,,,,,,,,,,,,,,,,,,,,,,,,,,,,,,,,,,,,,,,,,,,,,,,,,,,,,,,,,,,,,,,,,,,,,,,,play_time_mod_0.5,
Knockdown/5,"buikuuh,close,-154,-165,87,0,2,1,1,0","buikuuh,neck,-127,-153,58,0,5,1,1,0","buikuuh,body,-31,-115,72,0,8,1,1,0","buikuuh,arm_up,-79,-79,89.6,0,4,1,1,0","buikuuh,arm_low,-8,-75,116,0,6,1,1,0","buikuuh,fist,46,-108,135,0,6,1,1,0","buikuuh,arm_up,-31,-194,64,1,18,1,1,0","buikuuh,arm_low,34,-200,109,1,19,1,1,0","buikuuh,fist_back,98,-230,128,0,19,0.9,0.9,0","buikuuh,leg_up,51,-67,115,0,8,1,1,0","buikuuh,leg_low,101,-74,63,0,9,1,1,0","buikuuh,foot,148,-54,20,0,13,1,1,0","buikuuh,leg_up,87,-130,108,0,13,1,1,0","buikuuh,leg_low,144,-139,90,0,17,1,1,0","buikuuh,foot,182,-164,103,0,19,1,1,0",,,"buikuuh,beard,-2,-183,89,0,0,1,1,0",,,,,,,,,,,,,,,,,,,,,,,,,,,,,,,,,,,,,,,,,,,,,,,,,,,,,,,,,,,,,,,,,,,,,,,,,,,,,,,,,,,,,,,,,,,,,,,,,,,,play_time_mod_0.5,
Knockdown/6,"buikuuh,close,-156,-143,89,0,2,1,1,0","buikuuh,neck,-129,-131,58,0,5,1,1,0","buikuuh,body,-33,-94,72,0,8,1,1,0","buikuuh,arm_up,-84,-52,98.6,0,4,1,1,0","buikuuh,arm_low,-10,-53,116,0,6,1,1,0","buikuuh,fist,44,-87,135,0,6,1,1,0","buikuuh,arm_up,-33,-172,64,1,18,1,1,0","buikuuh,arm_low,32,-179,109,1,19,1,1,0","buikuuh,fist_back,95,-208,128,0,19,0.9,0.9,0","buikuuh,leg_up,49,-46,115,0,8,1,1,0","buikuuh,leg_low,100,-59,83,0,9,1,1,0","buikuuh,foot,147,-68,70,0,13,1,1,0","buikuuh,leg_up,78,-102,113,0,13,1,1,0","buikuuh,leg_low,142,-129,100,0,17,1,1,0","buikuuh,foot,177,-161,114,0,19,1,1,0",,,"buikuuh,beard,-4,-171,96,0,0,1,1,0",,,,,,,,,,,,,,,,,,,,,,,,,,,,,,,,,,,,,,,,,,,,,,,,,,,,,,,,,,,,,,,,,,,,,,,,,,,,,,,,,,,,,,,,,,,,,,,,,,,,play_time_mod_0.5,
Knockdown/7,"buikuuh,close,-156,-129,91,0,2,1,1,0","buikuuh,neck,-129,-131,58,0,5,1,1,0","buikuuh,body,-35,-89,80,0,8,1,1,0","buikuuh,arm_up,-84,-37,93.6,0,4,1,1,0","buikuuh,arm_low,-10,-31,106,0,6,1,1,0","buikuuh,fist,44,-56,124,0,6,1,1,0","buikuuh,arm_up,-33,-172,64,1,18,1,1,0","buikuuh,arm_low,32,-154,109,1,19,1,1,0","buikuuh,fist_back,95,-188,128,0,19,0.9,0.9,0","buikuuh,leg_up,57,-39,105,0,8,1,1,0","buikuuh,leg_low,121,-43,77,0,9,1,1,0","buikuuh,foot,170,-52,70,0,13,1,1,0","buikuuh,leg_up,78,-98,103,0,13,1,1,0","buikuuh,leg_low,148,-102,80,0,17,1,1,0","buikuuh,foot,191,-120,94,0,19,1,1,0",,,"buikuuh,beard,-6,-154,95,0,0,1,1,0",,,,,,,,,,,,,,,,,,,,,,,,,,,,,,,,,,,,,,,,,,,,,,,,,,,,,,,,,,,,,,,,,,,,,,,,,,,,,,,,,,,,,,,,,,,,,,,,,,,,play_time_mod_0.5,
Knockdown/8,"buikuuh,close,-156,-124,90,0,2,1,1,0","buikuuh,neck,-129,-131,58,0,5,1,1,0","buikuuh,body,-35,-89,80,0,8,1,1,0","buikuuh,arm_up,-84,-35,100.6,0,4,1,1,0","buikuuh,arm_low,-10,-29,96,0,6,1,1,0","buikuuh,fist,55,-35,95,0,6,1,1,0","buikuuh,arm_up,-33,-167,64,1,18,1,1,0","buikuuh,arm_low,35,-127,119,1,19,1,1,0","buikuuh,fist_back,92,-171,138,0,19,0.9,0.9,0","buikuuh,leg_up,57,-29,86,0,8,1,1,0","buikuuh,leg_low,121,-23,77,0,9,1,1,0","buikuuh,foot,170,-32,68,0,13,1,1,0","buikuuh,leg_up,78,-98,103,0,13,1,1,0","buikuuh,leg_low,138,-92,60,0,17,1,1,0","buikuuh,foot,181,-79,44,0,19,1,1,0",,,"buikuuh,beard,-6,-128,85,0,0,1,1,0",,,,,,,,,,,,,,,,,,,,,,,,,,,,,,,,,,,,,,,,,,,,,,,,,,,,,,,,,,,,,,,,,,,,,,,,,,,,,,,,,,,,,,,,,,,,,,,,,,,,play_time_mod_0.5,
Knockdown/9,"buikuuh,close,-156,-115,94,0,2,1,1,0","buikuuh,neck,-129,-131,58,0,5,1,1,0","buikuuh,body,-35,-89,80,0,8,1,1,0","buikuuh,arm_up,-85,-32,95.6,0,4,1,1,0","buikuuh,arm_low,-10,-22,93,0,6,1,1,0","buikuuh,fist,55,-23,95,0,6,1,1,0","buikuuh,arm_up,-33,-162,64,1,18,1,1,0","buikuuh,arm_low,29,-106,89,1,19,1,1,0","buikuuh,fist_back,98,-116,108,0,19,0.9,0.9,0","buikuuh,leg_up,57,-29,86,0,8,1,1,0","buikuuh,leg_low,121,-23,77,0,9,1,1,0","buikuuh,foot,170,-32,66,0,13,1,1,0","buikuuh,leg_up,78,-91,97,0,13,1,1,0","buikuuh,leg_low,126,-79,33,0,17,1,1,0","buikuuh,foot,154,-42,-21,0,19,1,1,0",,,"buikuuh,beard,-13,-100,76,0,0,1,1,0",,,,,,,,,,,,,,,,,,,,,,,,,,,,,,,,,,,,,,,,,,,,,,,,,,,,,,,,,,,,,,,,,,,,,,,,,,,,,,,,,,,,,,,,,,,,,,,,,,,,play_time_mod_0.5,
Knockdown/10,"buikuuh,close,-156,-115,94,0,2,1,1,0","buikuuh,neck,-129,-131,58,0,5,1,1,0","buikuuh,body,-35,-89,80,0,8,1,1,0","buikuuh,arm_up,-85,-32,95.6,0,4,1,1,0","buikuuh,arm_low,-10,-22,93,0,6,1,1,0","buikuuh,fist,55,-23,95,0,6,1,1,0","buikuuh,arm_up,-33,-152,44,1,18,1,1,0","buikuuh,arm_low,29,-106,89,1,19,1,1,0","buikuuh,fist_back,98,-91,88,0,19,0.9,0.9,0","buikuuh,leg_up,57,-29,86,0,8,1,1,0","buikuuh,leg_low,121,-23,77,0,9,1,1,0","buikuuh,foot,170,-32,66,0,13,1,1,0","buikuuh,leg_up,78,-91,97,0,13,1,1,0","buikuuh,leg_low,125,-79,30,0,17,1,1,0","buikuuh,foot,150,-38,-21,0,19,1,1,0",,,"buikuuh,beard,-19,-94,71,0,0,1,1,0",,,,,,,,,,,,,,,,,,,,,,,,,,,,,,,,,,,,,,,,,,,,,,,,,,,,,,,,,,,,,,,,,,,,,,,,,,,,,,,,,,,,,,,,,,,,,,,,,,,,play_time_mod_0.5,
Run/0,"buikuuh,head,36,-346,-9,0,2,1,1,0","buikuuh,neck,13,-301,-33,0,5,1,1,0","buikuuh,body,13,-204,-8,0,6,1,1,0","buikuuh,arm_up,-70,-263,-21.4,0,4,1,1,0","buikuuh,arm_low,-95,-196,8,0,1,1,1,0","buikuuh,fist,-82,-132,16,0,1,1,1,0","buikuuh,arm_up,76,-254,-17,1,18,1,1,0","buikuuh,arm_low,88,-179,45,1,19,1,1,0","buikuuh,fist_back,140,-136,58,0,19,0.9,0.9,0","buikuuh,leg_up,-29,-108,-16,0,6,1,1,0","buikuuh,leg_low,-52,-46,-37,0,10,1,1,0","buikuuh,foot,-49,-6,-10,0,13,1,1,0","buikuuh,leg_up,68,-109,23,0,9,1,1,0","buikuuh,leg_low,89,-43,6,0,13,1,1,0","buikuuh,foot,112,-4,2,0,15,1,1,0",,,"buikuuh,beard,22,-197,-12,0,2,1,1,0",,,,,,,,,,,,,,,,,,,,,,,,,,,,,,,,,,,,,,,,,,,,,,,,,,,,,,,,,,,,,,,,,,,,,,,,,,,,,,,,,,,,,,,,,,,,,,,,,,,,play_time_mod_0.8,
Run/1,"buikuuh,head,38,-352,-6,0,2,1,1,0","buikuuh,neck,13,-301,-33,0,5,1,1,0","buikuuh,body,14,-216,-12,0,6,1,1,0","buikuuh,arm_up,-60,-260,-7.4,0,3,1,1,0","buikuuh,arm_low,-67,-187,22,0,0,1,1,0","buikuuh,fist,-47,-132,20,0,0,1,1,0","buikuuh,arm_up,74,-254,-20,1,18,1,1,0","buikuuh,arm_low,78,-179,37,1,19,1,1,0","buikuuh,fist_back,125,-127,48,0,19,0.9,0.9,0","buikuuh,leg_up,-33,-110,-17,0,6,1,1,0","buikuuh,leg_low,-65,-56,-57,0,10,1,1,0","buikuuh,foot,-79,-18,-40,0,13,1,1,0","buikuuh,leg_up,64,-109,18,0,9,1,1,0","buikuuh,leg_low,78,-43,1,0,13,1,1,0","buikuuh,foot,99,-4,2,0,15,1,1,0",,,"buikuuh,beard,15,-209,-18,0,2,1,1,0",,,,,,,,,,,,,,,,,,,,,,,,,,,,,,,,,,,,,,,,,,,,,,,,,,,,,,,,,,,,,,,,,,,,,,,,,,,,,,,,,,,,,,,,,,,,,,,,,,,,play_time_mod_0.8,
Run/2,"buikuuh,head,43,-349,-9,0,2,1,1,0","buikuuh,neck,13,-301,-33,0,5,1,1,0","buikuuh,body,14,-216,-12,0,6,1,1,0","buikuuh,arm_up,-58,-259,-2.4,0,3,1,1,0","buikuuh,arm_low,-60,-186,27,0,0,1,1,0","buikuuh,fist,-35,-131,25,0,0,1,1,0","buikuuh,arm_up,66,-254,-30,1,18,1,1,0","buikuuh,arm_low,75,-188,5,1,19,1,1,0","buikuuh,fist_back,86,-117,18,0,19,0.9,0.9,0","buikuuh,leg_up,-12,-120,-5,0,6,1,1,0","buikuuh,leg_low,-33,-75,-77,0,10,1,1,0","buikuuh,foot,-69,-48,-75,0,13,1,1,0","buikuuh,leg_up,54,-109,8,0,9,1,1,0","buikuuh,leg_low,55,-43,-8,0,13,1,1,0","buikuuh,foot,69,-4,2,0,15,1,1,0",,,"buikuuh,beard,13,-207,-20,0,2,1,1,0",,,,,,,,,,,,,,,,,,,,,,,,,,,,,,,,,,,,,,,,,,,,,,,,,,,,,,,,,,,,,,,,,,,,,,,,,,,,,,,,,,,,,,,,,,,,,,,,,,,,play_time_mod_0.8,
Run/3,"buikuuh,head,50,-347,-14,0,2,1,1,0","buikuuh,neck,19,-292,-33,0,5,1,1,0","buikuuh,body,13,-216,-12,0,6,1,1,0","buikuuh,arm_up,-52,-262,-0.4,0,3,1,1,0","buikuuh,arm_low,-51,-190,28,0,0,1,1,0","buikuuh,fist,-21,-134,30,0,0,1,1,0","buikuuh,arm_up,76,-244,-50,1,18,1,1,0","buikuuh,arm_low,55,-188,15,1,19,1,1,0","buikuuh,fist_back,67,-117,18,0,19,0.9,0.9,0","buikuuh,leg_up,-10,-120,22,0,6,1,1,0","buikuuh,leg_low,-6,-76,-57,0,5,1,1,0","buikuuh,foot,-38,-39,-75,0,13,1,1,0","buikuuh,leg_up,44,-109,-2,0,11,1,1,0","buikuuh,leg_low,36,-44,-16,0,15,1,1,0","buikuuh,foot,49,-4,-1,0,17,1,1,0",,,"buikuuh,beard,15,-207,-24,0,2,1,1,0",,,,,,,,,,,,,,,,,,,,,,,,,,,,,,,,,,,,,,,,,,,,,,,,,,,,,,,,,,,,,,,,,,,,,,,,,,,,,,,,,,,,,,,,,,,,,,,,,,,,play_time_mod_0.8,
Run/4,"buikuuh,head,52,-344,-16,0,2,1,1,0","buikuuh,neck,19,-292,-33,0,5,1,1,0","buikuuh,body,9,-216,-14,0,6,1,1,0","buikuuh,arm_up,-49,-262,6.6,0,3,1,1,0","buikuuh,arm_low,-42,-190,32,0,0,1,1,0","buikuuh,fist,-8,-134,34,0,0,1,1,0","buikuuh,arm_up,75,-241,-61,1,18,1,1,0","buikuuh,arm_low,46,-190,5,1,19,1,1,0","buikuuh,fist_back,45,-118,8,0,19,1,1,0","buikuuh,leg_up,13,-125,33,0,6,1,1,0","buikuuh,leg_low,22,-82,-17,0,5,1,1,0","buikuuh,foot,21,-34,-35,0,13,1,1,0","buikuuh,leg_up,27,-109,-12,0,11,1,1,0","buikuuh,leg_low,7,-44,-25,0,15,1,1,0","buikuuh,foot,19,-4,-2,0,17,1,1,0",,,"buikuuh,beard,11,-206,-27,0,2,1,1,0",,,,,,,,,,,,,,,,,,,,,,,,,,,,,,,,,,,,,,,,,,,,,,,,,,,,,,,,,,,,,,,,,,,,,,,,,,,,,,,,,,,,,,,,,,,,,,,,,,,,play_time_mod_0.8,
Run/5,"buikuuh,head,51,-337,-15,0,2,1,1,0","buikuuh,neck,19,-285,-32,0,5,1,1,0","buikuuh,body,9,-210,-14,0,6,1,1,0","buikuuh,arm_up,-45,-258,8.6,0,3,1,1,0","buikuuh,arm_low,-27,-200,57,0,0,1,1,0","buikuuh,fist,28,-166,59,0,0,1,1,0","buikuuh,arm_up,65,-236,-71,1,18,1,1,0","buikuuh,arm_low,27,-191,-5,1,19,1,1,0","buikuuh,fist_back,15,-121,-2,0,19,1,1,0","buikuuh,leg_up,14,-111,33,0,6,1,1,0","buikuuh,leg_low,43,-50,16,0,5,1,1,0","buikuuh,foot,71,-7,2,0,13,1,1,0","buikuuh,leg_up,2,-104,-34,0,11,1,1,0","buikuuh,leg_low,-40,-47,-47,0,15,1,1,0","buikuuh,foot,-45,-9,-18,0,17,1,1,0",,,"buikuuh,beard,10,-196,-24,0,2,1,1,0",,,,,,,,,,,,,,,,,,,,,,,,,,,,,,,,,,,,,,,,,,,,,,,,,,,,,,,,,,,,,,,,,,,,,,,,,,,,,,,,,,,,,,,,,,,,,,,,,,,,play_time_mod_0.8,
Run/6,"buikuuh,head,51,-337,-11,0,2,1,1,0","buikuuh,neck,19,-285,-32,0,5,1,1,0","buikuuh,body,9,-213,-13,0,6,1,1,0","buikuuh,arm_up,-45,-261,-0.4,0,3,1,1,0","buikuuh,arm_low,-32,-211,60,0,0,0.9,1,0","buikuuh,fist,17,-186,67,0,0,1,1,0","buikuuh,arm_up,65,-238,-71,1,18,1,1,0","buikuuh,arm_low,27,-191,-5,1,19,1,1,0","buikuuh,fist_back,15,-121,-2,0,19,0.9,0.9,0","buikuuh,leg_up,9,-106,30,0,6,1,1,0","buikuuh,leg_low,35,-45,13,0,5,1,1,0","buikuuh,foot,60,-2,-1,0,13,1,1,0","buikuuh,leg_up,0,-104,-37,0,11,1,1,0","buikuuh,leg_low,-50,-58,-67,0,15,1,1,0","buikuuh,foot,-71,-29,-58,0,17,1,1,0",,,"buikuuh,beard,14,-198,-24,0,2,1,1,0",,,,,,,,,,,,,,,,,,,,,,,,,,,,,,,,,,,,,,,,,,,,,,,,,,,,,,,,,,,,,,,,,,,,,,,,,,,,,,,,,,,,,,,,,,,,,,,,,,,,play_time_mod_0.8,
Run/7,"buikuuh,head,47,-340,-6,0,2,1,1,0","buikuuh,neck,16,-280,-32,0,5,1,1,0","buikuuh,body,9,-213,-8,0,6,1,1,0","buikuuh,arm_up,-50,-262,0.6,0,3,1,1,0","buikuuh,arm_low,-44,-203,43,0,0,0.9,1,0","buikuuh,fist,-5,-168,51,0,0,1,1,0","buikuuh,arm_up,65,-238,-71,1,18,1,1,0","buikuuh,arm_low,63,-191,15,1,19,1,1,0","buikuuh,fist_back,75,-121,18,0,19,0.9,0.9,0","buikuuh,leg_up,-2,-110,20,0,6,1,1,0","buikuuh,leg_low,13,-45,3,0,5,1,1,0","buikuuh,foot,33,-5,2,0,13,1,1,0","buikuuh,leg_up,8,-114,-17,0,11,1,1,0","buikuuh,leg_low,-30,-68,-77,0,15,1,1,0","buikuuh,foot,-60,-49,-89,0,17,1,1,0",,,"buikuuh,beard,22,-199,-19,0,2,1,1,0",,,,,,,,,,,,,,,,,,,,,,,,,,,,,,,,,,,,,,,,,,,,,,,,,,,,,,,,,,,,,,,,,,,,,,,,,,,,,,,,,,,,,,,,,,,,,,,,,,,,play_time_mod_0.8,
Run/8,"buikuuh,head,44,-342,-4,0,2,1,1,0","buikuuh,neck,16,-280,-32,0,5,1,1,0","buikuuh,body,13,-211,-3,0,6,1,1,0","buikuuh,arm_up,-59,-262,-9.4,0,3,1,1,0","buikuuh,arm_low,-65,-208,30,0,0,0.9,1,0","buikuuh,fist,-35,-163,37,0,0,1,1,0","buikuuh,arm_up,65,-238,-71,1,18,1,1,0","buikuuh,arm_low,70,-189,25,1,19,1,1,0","buikuuh,fist_back,94,-124,19,0,19,0.9,0.9,0","buikuuh,leg_up,-23,-111,13,0,6,1,1,0","buikuuh,leg_low,-13,-46,-7,0,5,1,1,0","buikuuh,foot,1,-8,2,0,13,1,1,0","buikuuh,leg_up,29,-114,3,0,11,1,1,0","buikuuh,leg_low,8,-70,-67,0,15,1,1,0","buikuuh,foot,-18,-47,-79,0,17,1,1,0",,,"buikuuh,beard,27,-200,-15,0,2,1,1,0",,,,,,,,,,,,,,,,,,,,,,,,,,,,,,,,,,,,,,,,,,,,,,,,,,,,,,,,,,,,,,,,,,,,,,,,,,,,,,,,,,,,,,,,,,,,,,,,,,,,play_time_mod_0.8,
Run/9,"buikuuh,head,45,-339,-7,0,2,1,1,0","buikuuh,neck,16,-280,-32,0,5,1,1,0","buikuuh,body,9,-211,-4,0,6,1,1,0","buikuuh,arm_up,-59,-267,-22.4,0,3,1,1,0","buikuuh,arm_low,-85,-201,8,0,0,0.9,1,0","buikuuh,fist,-73,-147,15,0,0,1,1,0","buikuuh,arm_up,67,-238,-71,1,18,1,1,0","buikuuh,arm_low,77,-173,45,1,19,1,1,0","buikuuh,fist_back,121,-120,39,0,19,0.9,0.9,0","buikuuh,leg_up,-26,-113,-5,0,6,1,1,0","buikuuh,leg_low,-38,-47,-17,0,5,1,1,0","buikuuh,foot,-28,-7,-8,0,13,1,1,0","buikuuh,leg_up,41,-114,13,0,11,1,1,0","buikuuh,leg_low,36,-69,-55,0,15,1,1,0","buikuuh,foot,13,-37,-69,0,17,1,1,0",,,"buikuuh,beard,27,-196,-15,0,2,1,1,0",,,,,,,,,,,,,,,,,,,,,,,,,,,,,,,,,,,,,,,,,,,,,,,,,,,,,,,,,,,,,,,,,,,,,,,,,,,,,,,,,,,,,,,,,,,,,,,,,,,,play_time_mod_0.8,
Run/10,"buikuuh,head,45,-337,-9,0,2,1,1,0","buikuuh,neck,16,-280,-32,0,5,1,1,0","buikuuh,body,9,-206,-4,0,6,1,1,0","buikuuh,arm_up,-60,-267,-32.4,0,3,1,1,0","buikuuh,arm_low,-97,-204,2,0,0,0.9,1,0","buikuuh,fist,-90,-150,9,0,0,1,1,0","buikuuh,arm_up,75,-229,-61,1,18,1,1,0","buikuuh,arm_low,98,-170,55,1,19,1,1,0","buikuuh,fist_back,153,-130,58,0,19,0.9,0.9,0","buikuuh,leg_up,-30,-113,-25,0,6,1,1,0","buikuuh,leg_low,-58,-49,-31,0,5,1,1,0","buikuuh,foot,-52,-9,-10,0,13,1,1,0","buikuuh,leg_up,50,-114,33,0,11,1,1,0","buikuuh,leg_low,67,-69,-15,0,15,1,1,0","buikuuh,foot,65,-27,-39,0,17,1,1,0",,,"buikuuh,beard,27,-193,-15,0,2,1,1,0",,,,,,,,,,,,,,,,,,,,,,,,,,,,,,,,,,,,,,,,,,,,,,,,,,,,,,,,,,,,,,,,,,,,,,,,,,,,,,,,,,,,,,,,,,,,,,,,,,,,play_time_mod_0.8,
Run/11,"buikuuh,head,45,-332,-10,0,2,1,1,0","buikuuh,neck,16,-280,-32,0,5,1,1,0","buikuuh,body,13,-201,-1,0,6,1,1,0","buikuuh,arm_up,-63,-263,-25.4,0,3,0.9,0.9,0","buikuuh,arm_low,-95,-201,-3,0,0,0.9,1,0","buikuuh,fist,-91,-145,12,0,0,0.9,0.9,0","buikuuh,arm_up,72,-218,-61,1,18,1,1,0","buikuuh,arm_low,109,-162,55,1,19,1,1,0","buikuuh,fist_back,165,-134,71,0,19,0.9,0.9,0","buikuuh,leg_up,-35,-108,-25,0,6,1,1,0","buikuuh,leg_low,-62,-47,-27,0,5,1,1,0","buikuuh,foot,-56,-8,-4,0,13,1,1,0","buikuuh,leg_up,63,-114,38,0,11,1,1,0","buikuuh,leg_low,91,-59,15,0,15,1,1,0","buikuuh,foot,121,-19,9,0,17,1,1,0",,,"buikuuh,beard,28,-186,-15,0,2,1,1,0",,,,,,,,,,,,,,,,,,,,,,,,,,,,,,,,,,,,,,,,,,,,,,,,,,,,,,,,,,,,,,,,,,,,,,,,,,,,,,,,,,,,,,,,,,,,,,,,,,,,play_time_mod_0.8,
Standup/0,"buikuuh,head,-156,-125,80,0,2,1,1,0","buikuuh,neck,-129,-131,58,0,5,1,1,0","buikuuh,body,-35,-89,77,0,8,1,1,0","buikuuh,arm_up,-85,-32,95.6,0,4,1,1,0","buikuuh,arm_low,-10,-22,93,0,6,1,1,0","buikuuh,fist,55,-23,95,0,6,1,1,0","buikuuh,arm_up,-33,-152,44,1,18,1,1,0","buikuuh,arm_low,29,-106,89,1,19,1,1,0","buikuuh,fist_back,98,-91,88,0,19,0.9,0.9,0","buikuuh,leg_up,57,-29,86,0,8,1,1,0","buikuuh,leg_low,121,-23,77,0,9,1,1,0","buikuuh,foot,170,-32,66,0,13,1,1,0","buikuuh,leg_up,78,-91,97,0,13,1,1,0","buikuuh,leg_low,125,-79,30,0,17,1,1,0","buikuuh,foot,150,-38,-21,0,19,1,1,0",,,"buikuuh,beard,-17,-84,65,0,0,1,1,0",,,,,,,,,,,,,,,,,,,,,,,,,,,,,,,,,,,,,,,,,,,,,,,,,,,,,,,,,,,,,,,,,,,,,,,,,,,,,,,,,,,,,,,,,,,,,,,,,,,,,
Standup/1,"buikuuh,head,-152,-149,62,0,2,1,1,0","buikuuh,neck,-127,-138,56,0,5,1,1,0","buikuuh,body,-30,-97,65,0,8,1,1,0","buikuuh,arm_up,-97,-39,63.6,0,4,1,1,0","buikuuh,arm_low,-38,-11,92,0,6,1,1,0","buikuuh,fist,28,-11,94,0,6,1,1,0","buikuuh,arm_up,-39,-155,57,1,18,1,1,0","buikuuh,arm_low,34,-141,82,1,19,1,1,0","buikuuh,fist_back,102,-132,81,0,19,0.9,0.9,0","buikuuh,leg_up,52,-30,84,0,8,1,1,0","buikuuh,leg_low,119,-12,65,0,9,1,1,0","buikuuh,foot,158,-6,44,0,13,1,1,0","buikuuh,leg_up,80,-104,85,0,13,1,1,0","buikuuh,leg_low,128,-82,25,0,17,1,1,0","buikuuh,foot,149,-39,-26,0,19,1,1,0",,,"buikuuh,beard,-22,-82,56,0,0,1,1,0",,,,,,,,,,,,,,,,,,,,,,,,,,,,,,,,,,,,,,,,,,,,,,,,,,,,,,,,,,,,,,,,,,,,,,,,,,,,,,,,,,,,,,,,,,,,,,,,,,,,,
Standup/2,"buikuuh,head,-132,-185,49,0,2,1,1,0","buikuuh,neck,-125,-157,54,0,5,1,1,0","buikuuh,body,-26,-110,58,0,8,1,1,0","buikuuh,arm_up,-112,-60,31.6,0,4,1,1,0","buikuuh,arm_low,-72,-20,90,0,6,1,1,0","buikuuh,fist,-6,-18,92,0,6,1,1,0","buikuuh,arm_up,-37,-175,61,1,18,1,1,0","buikuuh,arm_low,36,-163,76,1,19,1,1,0","buikuuh,fist_back,102,-144,75,0,19,0.9,0.9,0","buikuuh,leg_up,50,-43,82,0,8,1,1,0","buikuuh,leg_low,107,-23,23,0,9,1,1,0","buikuuh,foot,134,5,12,0,13,1,1,0","buikuuh,leg_up,80,-117,83,0,13,1,1,0","buikuuh,leg_low,128,-93,23,0,17,1,1,0","buikuuh,foot,147,-48,-28,0,19,1,1,0",,,"buikuuh,beard,-19,-95,44,0,0,1,1,0",,,,,,,,,,,,,,,,,,,,,,,,,,,,,,,,,,,,,,,,,,,,,,,,,,,,,,,,,,,,,,,,,,,,,,,,,,,,,,,,,,,,,,,,,,,,,,,,,,,,,
Standup/3,"buikuuh,head,-133,-205,45,0,2,1,1,0","buikuuh,neck,-96,-164,57,0,5,1,1,0","buikuuh,body,-26,-124,38,0,8,1,1,0","buikuuh,arm_up,-112,-90,21.6,0,4,1,1,0","buikuuh,arm_low,-80,-30,60,0,6,1,1,0","buikuuh,fist,-26,-3,72,0,6,1,1,0","buikuuh,arm_up,-37,-188,64,1,18,1,1,0","buikuuh,arm_low,38,-170,69,1,19,1,1,0","buikuuh,fist_back,97,-148,68,0,19,0.9,0.9,0","buikuuh,leg_up,40,-43,62,0,8,1,1,0","buikuuh,leg_low,67,-13,-17,0,9,1,1,0","buikuuh,foot,76,25,-18,0,13,1,1,0","buikuuh,leg_up,80,-117,73,0,13,1,1,0","buikuuh,leg_low,134,-81,33,0,17,1,1,0","buikuuh,foot,161,-40,-18,0,19,1,1,0",,,"buikuuh,beard,-19,-108,40,0,0,1,1,0",,,,,,,,,,,,,,,,,,,,,,,,,,,,,,,,,,,,,,,,,,,,,,,,,,,,,,,,,,,,,,,,,,,,,,,,,,,,,,,,,,,,,,,,,,,,,,,,,,,,,
Standup/4,"buikuuh,head,-118,-231,35,0,2,1,1,0","buikuuh,neck,-94,-190,53,0,5,1,1,0","buikuuh,body,-26,-140,38,0,8,1,1,0","buikuuh,arm_up,-112,-106,21.6,0,4,1,1,0","buikuuh,arm_low,-93,-46,40,0,6,1,1,0","buikuuh,fist,-58,7,23,0,6,1,1,0","buikuuh,arm_up,-17,-203,41,1,18,1,1,0","buikuuh,arm_low,48,-170,66,1,19,1,1,0","buikuuh,fist_back,109,-145,65,0,19,0.9,0.9,0","buikuuh,leg_up,40,-69,42,0,8,1,1,0","buikuuh,leg_low,57,-29,-17,0,9,1,1,0","buikuuh,foot,66,9,-18,0,13,1,1,0","buikuuh,leg_up,82,-117,56,0,13,1,1,0","buikuuh,leg_low,122,-73,13,0,17,1,1,0","buikuuh,foot,141,-26,-18,0,19,1,1,0",,,"buikuuh,beard,-15,-122,36,0,0,1,1,0",,,,,,,,,,,,,,,,,,,,,,,,,,,,,,,,,,,,,,,,,,,,,,,,,,,,,,,,,,,,,,,,,,,,,,,,,,,,,,,,,,,,,,,,,,,,,,,,,,,,,
Standup/5,"buikuuh,head,-61,-283,12,0,2,1,1,0","buikuuh,neck,-52,-239,33,0,5,1,1,0","buikuuh,body,-12,-161,14,0,8,1,1,0","buikuuh,arm_up,-114,-170,1.6,0,4,1,1,0","buikuuh,arm_low,-118,-101,20,0,6,1,1,0","buikuuh,fist,-105,-38,3,0,6,1,1,0","buikuuh,arm_up,18,-218,30,1,18,1,1,0","buikuuh,arm_low,75,-175,55,1,19,1,1,0","buikuuh,fist_back,129,-138,54,0,19,0.9,0.9,0","buikuuh,leg_up,-4,-78,2,0,8,1,1,0","buikuuh,leg_low,-19,-24,-37,0,9,1,1,0","buikuuh,foot,-24,14,-38,0,13,1,1,0","buikuuh,leg_up,82,-101,36,0,13,1,1,0","buikuuh,leg_low,105,-45,13,0,17,1,1,0","buikuuh,foot,130,-5,2,0,19,1,1,0",,,"buikuuh,beard,-9,-142,12,0,0,1,1,0",,,,,,,,,,,,,,,,,,,,,,,,,,,,,,,,,,,,,,,,,,,,,,,,,,,,,,,,,,,,,,,,,,,,,,,,,,,,,,,,,,,,,,,,,,,,,,,,,,,,,
Standup/6,"buikuuh,head,-26,-326,0,0,2,1,1,0","buikuuh,neck,-29,-278,3,0,5,1,1,0","buikuuh,body,-2,-181,4,0,8,1,1,0","buikuuh,arm_up,-91,-232,-20.4,0,4,1,1,0","buikuuh,arm_low,-119,-167,0,0,6,1,1,0","buikuuh,fist,-128,-101,-17,0,6,1,1,0","buikuuh,arm_up,39,-242,30,1,18,1,1,0","buikuuh,arm_low,96,-199,55,1,19,1,1,0","buikuuh,fist_back,150,-162,54,0,19,0.9,0.9,0","buikuuh,leg_up,-25,-78,-18,0,8,1,1,0","buikuuh,leg_low,-52,-24,-38,0,9,1,1,0","buikuuh,foot,-64,14,-38,0,13,1,1,0","buikuuh,leg_up,72,-90,36,0,13,1,1,0","buikuuh,leg_low,93,-42,3,0,17,1,1,0","buikuuh,foot,110,-3,2,0,19,1,1,0",,,"buikuuh,beard,-9,-177,1,0,0,1,1,0",,,,,,,,,,,,,,,,,,,,,,,,,,,,,,,,,,,,,,,,,,,,,,,,,,,,,,,,,,,,,,,,,,,,,,,,,,,,,,,,,,,,,,,,,,,,,,,,,,,,,
Standup/7,"buikuuh,head,-11,-328,-3,0,2,1,1,0","buikuuh,neck,-17,-280,0,0,5,1,1,0","buikuuh,body,4,-181,-3,0,8,1,1,0","buikuuh,arm_up,-85,-232,-20.4,0,4,1,1,0","buikuuh,arm_low,-109,-162,7,0,6,1,1,0","buikuuh,fist,-98,-94,9,0,6,1,1,0","buikuuh,arm_up,53,-246,20,1,18,1,1,0","buikuuh,arm_low,102,-193,45,1,19,1,1,0","buikuuh,fist_back,151,-150,54,0,19,0.9,0.9,0","buikuuh,leg_up,-35,-84,-18,0,8,1,1,0","buikuuh,leg_low,-66,-28,-40,0,9,1,1,0","buikuuh,foot,-80,12,-38,0,13,1,1,0","buikuuh,leg_up,72,-90,31,0,13,1,1,0","buikuuh,leg_low,92,-42,0,0,17,1,1,0","buikuuh,foot,110,-3,4,0,19,1,1,0",,,"buikuuh,beard,0,-179,-2,0,0,1,1,0",,,,,,,,,,,,,,,,,,,,,,,,,,,,,,,,,,,,,,,,,,,,,,,,,,,,,,,,,,,,,,,,,,,,,,,,,,,,,,,,,,,,,,,,,,,,,,,,,,,,,
Standup/8,"buikuuh,head,10,-328,0,0,2,1,1,0","buikuuh,neck,2,-280,-2,0,5,1,1,0","buikuuh,body,8,-184,-9,0,8,1,1,0","buikuuh,arm_up,-74,-230,-12.4,0,4,1,1,0","buikuuh,arm_low,-99,-162,1,0,6,1,1,0","buikuuh,fist,-92,-94,3,0,6,1,1,0","buikuuh,arm_up,65,-232,7,1,18,1,1,0","buikuuh,arm_low,100,-172,32,1,19,1,1,0","buikuuh,fist_back,139,-122,41,0,19,0.9,0.9,0","buikuuh,leg_up,-43,-96,-9,0,8,1,1,0","buikuuh,leg_low,-56,-34,-20,0,9,1,1,0","buikuuh,foot,-50,6,-8,0,13,1,1,0","buikuuh,leg_up,72,-90,31,0,13,1,1,0","buikuuh,leg_low,92,-42,0,0,17,1,1,0","buikuuh,foot,110,-3,4,0,19,1,1,0",,,"buikuuh,beard,15,-179,-5,0,0,1,1,0",,,,,,,,,,,,,,,,,,,,,,,,,,,,,,,,,,,,,,,,,,,,,,,,,,,,,,,,,,,,,,,,,,,,,,,,,,,,,,,,,,,,,,,,,,,,,,,,,,,,,
Standup/9,"buikuuh,head,14,-353,0,0,2,1,1,0","buikuuh,neck,3,-321,-3,0,5,1,1,0","buikuuh,body,13,-216,0,0,8,1,1,0","buikuuh,arm_up,-65,-254,-3.4,0,4,1,1,0","buikuuh,arm_low,-81,-175,7,0,6,1,1,0","buikuuh,fist,-69,-112,12,0,6,1,1,0","buikuuh,arm_up,76,-254,3,1,18,1,1,0","buikuuh,arm_low,97,-188,14,1,19,1,1,0","buikuuh,fist_back,109,-120,6,0,19,0.9,0.9,0","buikuuh,leg_up,-30,-108,-12,0,8,1,1,0","buikuuh,leg_low,-43,-39,-17,0,10,1,1,0","buikuuh,foot,-32,1,0,0,13,1,1,0","buikuuh,leg_up,69,-109,23,0,9,1,1,0","buikuuh,leg_low,91,-43,5,0,13,1,1,0","buikuuh,foot,112,-3,0,0,15,1,1,0",,,"buikuuh,beard,26,-206,-2,0,0,1,1,0",,,,,,,,,,,,,,,,,,,,,,,,,,,,,,,,,,,,,,,,,,,,,,,,,,,,,,,,,,,,,,,,,,,,,,,,,,,,,,,,,,,,,,,,,,,,,,,,,,,,,
Walk/0,"buikuuh,head,14,-348,-3,0,2,1,1,0","buikuuh,neck,19,-289,-33,0,5,1,1,0","buikuuh,body,6,-213,-9,0,6,1,1,0","buikuuh,arm_up,-69,-262,-17.4,0,3,1,1,0","buikuuh,arm_low,-94,-192,8,0,0,1,1,0","buikuuh,fist,-85,-128,10,0,0,1,1,0","buikuuh,arm_up,57,-239,-26,1,18,1,1,0","buikuuh,arm_low,70,-180,40,1,19,1,1,0","buikuuh,fist_back,108,-124,33,0,19,1,1,0","buikuuh,leg_up,-46,-114,-10,0,6,1,1,0","buikuuh,leg_low,-63,-50,-23,0,5,1,1,0","buikuuh,foot,-59,-5,-15,0,13,1,1,0","buikuuh,leg_up,28,-110,8,0,11,1,1,0","buikuuh,leg_low,32,-44,-2,0,15,1,1,0","buikuuh,foot,52,-7,3,0,17,1,1,0",,,"buikuuh,beard,13,-202,-8,0,2,1,1,0",,,,,,,,,,,,,,,,,,,,,,,,,,,,,,,,,,,,,,,,,,,,,,,,,,,,,,,,,,,,,,,,,,,,,,,,,,,,,,,,,,,,,,,,,,,,,,,,,,,,,
Walk/1,"buikuuh,head,12,-355,-1,0,2,1,1,0","buikuuh,neck,19,-292,-33,0,5,1,1,0","buikuuh,body,6,-216,-8,0,6,1,1,0","buikuuh,arm_up,-68,-262,-11.4,0,3,1,1,0","buikuuh,arm_low,-81,-192,18,0,0,1,1,0","buikuuh,fist,-58,-128,20,0,0,1,1,0","buikuuh,arm_up,48,-254,-31,1,18,1,1,0","buikuuh,arm_low,51,-191,30,1,19,1,1,0","buikuuh,fist_back,80,-126,23,0,19,1,1,0","buikuuh,leg_up,-36,-114,7,0,6,1,1,0","buikuuh,leg_low,-49,-56,-43,0,5,1,1,0","buikuuh,foot,-55,-15,-45,0,13,1,1,0","buikuuh,leg_up,13,-112,-5,0,11,1,1,0","buikuuh,leg_low,6,-45,-12,0,15,1,1,0","buikuuh,foot,20,-5,0,0,17,1,1,0",,,"buikuuh,beard,17,-208,-5,0,2,1,1,0",,,,,,,,,,,,,,,,,,,,,,,,,,,,,,,,,,,,,,,,,,,,,,,,,,,,,,,,,,,,,,,,,,,,,,,,,,,,,,,,,,,,,,,,,,,,,,,,,,,,,
Walk/2,"buikuuh,head,10,-355,0,0,2,1,1,0","buikuuh,neck,19,-292,-33,0,5,1,1,0","buikuuh,body,6,-212,-6,0,6,1,1,0","buikuuh,arm_up,-67,-255,-1.4,0,3,1,1,0","buikuuh,arm_low,-67,-184,28,0,0,1,1,0","buikuuh,fist,-34,-125,30,0,0,1,1,0","buikuuh,arm_up,48,-254,-31,1,18,1,1,0","buikuuh,arm_low,46,-197,25,1,19,1,1,0","buikuuh,fist_back,73,-126,18,0,19,1,1,0","buikuuh,leg_up,-37,-123,23,0,6,1,1,0","buikuuh,leg_low,-26,-64,-19,0,5,1,1,0","buikuuh,foot,-27,-15,-35,0,13,1,1,0","buikuuh,leg_up,7,-112,-10,0,11,1,1,0","buikuuh,leg_low,-14,-45,-14,0,15,1,1,0","buikuuh,foot,-7,-5,-6,0,17,1,1,0",,,"buikuuh,beard,21,-207,-3,0,2,1,1,0",,,,,,,,,,,,,,,,,,,,,,,,,,,,,,,,,,,,,,,,,,,,,,,,,,,,,,,,,,,,,,,,,,,,,,,,,,,,,,,,,,,,,,,,,,,,,,,,,,,,,
Walk/3,"buikuuh,head,10,-352,-1,0,2,1,1,0","buikuuh,neck,1,-292,-26,0,5,1,1,0","buikuuh,body,8,-209,-8,0,6,1,1,0","buikuuh,arm_up,-61,-252,3.6,0,3,1,1,0","buikuuh,arm_low,-53,-185,38,0,0,1,1,0","buikuuh,fist,-12,-132,40,0,0,1,1,0","buikuuh,arm_up,48,-254,-31,1,18,1,1,0","buikuuh,arm_low,46,-197,25,1,19,1,1,0","buikuuh,fist_back,73,-124,18,0,19,1,1,0","buikuuh,leg_up,-29,-122,31,0,6,1,1,0","buikuuh,leg_low,1,-57,16,0,5,1,1,0","buikuuh,foot,22,-13,-13,0,13,1,1,0","buikuuh,leg_up,-3,-112,-20,0,11,1,1,0","buikuuh,leg_low,-35,-45,-40,0,15,1,1,0","buikuuh,foot,-30,-10,-4,0,17,1,1,0",,,"buikuuh,beard,28,-203,0,0,2,1,1,0",,,,,,,,,,,,,,,,,,,,,,,,,,,,,,,,,,,,,,,,,,,,,,,,,,,,,,,,,,,,,,,,,,,,,,,,,,,,,,,,,,,,,,,,,,,,,,,,,,,,,
Walk/4,"buikuuh,head,11,-348,-2,0,2,1,1,0","buikuuh,neck,1,-292,-26,0,5,1,1,0","buikuuh,body,10,-205,-7,0,6,1,1,0","buikuuh,arm_up,-54,-243,13.6,0,3,1,1,0","buikuuh,arm_low,-35,-178,48,0,0,1,1,0","buikuuh,fist,15,-133,50,0,0,1,1,0","buikuuh,arm_up,48,-254,-31,1,18,1,1,0","buikuuh,arm_low,46,-197,25,1,19,1,1,0","buikuuh,fist_back,59,-121,8,0,19,1,1,0","buikuuh,leg_up,-27,-113,30,0,6,1,1,0","buikuuh,leg_low,1,-47,13,0,5,1,1,0","buikuuh,foot,28,-6,1,0,13,1,1,0","buikuuh,leg_up,-14,-112,-20,0,11,1,1,0","buikuuh,leg_low,-48,-45,-44,0,15,1,1,0","buikuuh,foot,-45,-12,-17,0,17,1,1,0",,,"buikuuh,beard,31,-200,2,0,2,1,1,0",,,,,,,,,,,,,,,,,,,,,,,,,,,,,,,,,,,,,,,,,,,,,,,,,,,,,,,,,,,,,,,,,,,,,,,,,,,,,,,,,,,,,,,,,,,,,,,,,,,,,
Walk/5,"buikuuh,head,9,-349,1,0,2,1,1,0","buikuuh,neck,1,-292,-26,0,5,1,1,0","buikuuh,body,11,-205,-2,0,6,1,1,0","buikuuh,arm_up,-58,-247,3.6,0,3,1,1,0","buikuuh,arm_low,-50,-181,38,0,0,1,1,0","buikuuh,fist,-9,-127,40,0,0,1,1,0","buikuuh,arm_up,48,-254,-31,1,18,1,1,0","buikuuh,arm_low,52,-197,35,1,19,1,1,0","buikuuh,fist_back,77,-125,18,0,19,1,1,0","buikuuh,leg_up,-28,-112,21,0,6,1,1,0","buikuuh,leg_low,-11,-47,3,0,5,1,1,0","buikuuh,foot,7,-6,3,0,13,1,1,0","buikuuh,leg_up,11,-122,16,0,11,1,1,0","buikuuh,leg_low,8,-78,-60,0,15,1,1,0","buikuuh,foot,-34,-27,-54,0,17,1,1,0",,,"buikuuh,beard,27,-201,0,0,2,1,1,0",,,,,,,,,,,,,,,,,,,,,,,,,,,,,,,,,,,,,,,,,,,,,,,,,,,,,,,,,,,,,,,,,,,,,,,,,,,,,,,,,,,,,,,,,,,,,,,,,,,,,
Walk/6,"buikuuh,head,13,-349,-1,0,2,1,1,0","buikuuh,neck,1,-292,-26,0,5,1,1,0","buikuuh,body,11,-205,-2,0,6,1,1,0","buikuuh,arm_up,-66,-248,-6.4,0,3,1,1,0","buikuuh,arm_low,-68,-181,30,0,0,1,1,0","buikuuh,fist,-35,-126,32,0,0,1,1,0","buikuuh,arm_up,55,-251,-21,1,18,1,1,0","buikuuh,arm_low,71,-190,34,1,19,1,1,0","buikuuh,fist_back,106,-128,28,0,19,1,1,0","buikuuh,leg_up,-34,-112,11,0,6,1,1,0","buikuuh,leg_low,-23,-47,2,0,5,1,1,0","buikuuh,foot,-5,-6,2,0,13,1,1,0","buikuuh,leg_up,35,-122,6,0,11,1,1,0","buikuuh,leg_low,23,-78,-52,0,15,1,1,0","buikuuh,foot,-4,-35,-66,0,17,1,1,0",,,"buikuuh,beard,25,-201,-2,0,2,1,1,0",,,,,,,,,,,,,,,,,,,,,,,,,,,,,,,,,,,,,,,,,,,,,,,,,,,,,,,,,,,,,,,,,,,,,,,,,,,,,,,,,,,,,,,,,,,,,,,,,,,,,
Walk/7,"buikuuh,head,14,-348,-2,0,2,1,1,0","buikuuh,neck,0,-292,-26,0,5,1,1,0","buikuuh,body,10,-205,-2,0,6,1,1,0","buikuuh,arm_up,-71,-248,-10.4,0,3,1,1,0","buikuuh,arm_low,-79,-181,23,0,0,1,1,0","buikuuh,fist,-53,-126,26,0,0,1,1,0","buikuuh,arm_up,54,-251,-21,1,18,1,1,0","buikuuh,arm_low,77,-190,36,1,19,1,1,0","buikuuh,fist_back,115,-128,32,0,19,1,1,0","buikuuh,leg_up,-40,-111,-2,0,6,1,1,0","buikuuh,leg_low,-36,-47,1,0,5,1,1,0","buikuuh,foot,-18,-6,1,0,13,1,1,0","buikuuh,leg_up,46,-124,12,0,11,1,1,0","buikuuh,leg_low,44,-78,-47,0,15,1,1,0","buikuuh,foot,33,-36,-38,0,17,1,1,0",,,"buikuuh,beard,24,-199,-2,0,2,1,1,0",,,,,,,,,,,,,,,,,,,,,,,,,,,,,,,,,,,,,,,,,,,,,,,,,,,,,,,,,,,,,,,,,,,,,,,,,,,,,,,,,,,,,,,,,,,,,,,,,,,,,
Walk/8,"buikuuh,head,17,-346,-4,0,2,1,1,0","buikuuh,neck,0,-290,-37,0,5,1,1,0","buikuuh,body,8,-205,-2,0,6,1,1,0","buikuuh,arm_up,-68,-252,-20.4,0,3,1,1,0","buikuuh,arm_low,-103,-184,-7,0,0,1,1,0","buikuuh,fist,-107,-124,-4,0,0,1,1,0","buikuuh,arm_up,54,-251,-18,1,18,1,1,0","buikuuh,arm_low,80,-186,46,1,19,1,1,0","buikuuh,fist_back,128,-132,42,0,19,1,1,0","buikuuh,leg_up,-40,-111,-4,0,6,1,1,0","buikuuh,leg_low,-49,-47,-15,0,5,1,1,0","buikuuh,foot,-39,-6,-5,0,13,1,1,0","buikuuh,leg_up,37,-124,22,0,11,1,1,0","buikuuh,leg_low,51,-57,-10,0,15,1,1,0","buikuuh,foot,62,-16,-21,0,17,1,1,0",,,"buikuuh,beard,21,-197,-6,0,2,1,1,0",,,,,,,,,,,,,,,,,,,,,,,,,,,,,,,,,,,,,,,,,,,,,,,,,,,,,,,,,,,,,,,,,,,,,,,,,,,,,,,,,,,,,,,,,,,,,,,,,,,,,
Walk/9,"buikuuh,head,16,-344,-5,0,2,1,1,0","buikuuh,neck,-1,-290,-37,0,5,1,1,0","buikuuh,body,7,-205,-5,0,6,1,1,0","buikuuh,arm_up,-69,-256,-24.4,0,3,1,1,0","buikuuh,arm_low,-113,-191,-14,0,0,1,1,0","buikuuh,fist,-130,-125,-16,0,0,1,1,0","buikuuh,arm_up,53,-251,-18,1,18,1,1,0","buikuuh,arm_low,79,-185,50,1,19,1,1,0","buikuuh,fist_back,131,-134,46,0,19,1,1,0","buikuuh,leg_up,-45,-107,3,0,6,1,1,0","buikuuh,leg_low,-53,-47,-19,0,5,1,1,0","buikuuh,foot,-43,-6,-5,0,13,1,1,0","buikuuh,leg_up,42,-117,21,0,11,1,1,0","buikuuh,leg_low,62,-49,6,0,15,1,1,0","buikuuh,foot,86,-6,-2,0,17,1,1,0",,,"buikuuh,beard,15,-197,-7,0,2,1,1,0",,,,,,,,,,,,,,,,,,,,,,,,,,,,,,,,,,,,,,,,,,,,,,,,,,,,,,,,,,,,,,,,,,,,,,,,,,,,,,,,,,,,,,,,,,,,,,,,,,,,,
Spirit/0,"buikuuh,close,14,-314,1,0,7,1,1,0","buikuuh,neck,3,-281,-3,0,10,1,1,0","buikuuh,body,13,-176,0,0,11,1,1,0","buikuuh,arm_up,-63,-217,0.6,0,9,1,1,0","buikuuh,arm_low,-50,-159,52,0,2,1,1,0","buikuuh,open,22,-128,73,0,2,1,1,0","buikuuh,arm_up,98,-217,12,1,23,1,1,0","buikuuh,arm_low,91,-169,-53,1,6,1,1,0","buikuuh,open,25,-132,-60,1,6,0.9,0.9,0","buikuuh,leg_up,-13,-86,41,0,12,1,1,0","buikuuh,leg_low,42,-69,63,0,15,1,1,0","buikuuh,foot,76,-61,0,0,18,1,1,0","buikuuh,leg_up,29,-79,-74,0,14,1,1,0","buikuuh,leg_low,-13,-66,-85,0,18,1,1,0","buikuuh,foot,-43,-69,20,1,12,1,1,0",,,"buikuuh,beard,23,-167,-4,0,7,1,1,0",,,,,,,,,,,,,,,,,,,,,,,,,,,,,,,,,,,,,,,,,,,,,,,,,,,,,,,,,,,,,,,,,,,,,,,,,,,,,,,,,,,,,,,,,,,,,,,,,,,"effect_fade_5,hold,effect_grey",,
Skill1/0,"buikuuh,head,14,-352,-1,0,2,1,1,0","buikuuh,neck,3,-320,-4,0,5,1,1,0","buikuuh,body,13,-216,0,0,8,1,1,0","buikuuh,arm_up,-66,-254,-4.4,0,4,1,1,0","buikuuh,arm_low,-82,-175,7,0,6,1,1,0","buikuuh,fist,-72,-112,8,0,6,1,1,0","buikuuh,arm_up,76,-254,3,1,18,1,1,0","buikuuh,arm_low,97,-188,12,1,19,1,1,0","buikuuh,fist_back,107,-119,5,0,19,0.9,0.9,0","buikuuh,leg_up,-30,-108,-12,0,8,1,1,0","buikuuh,leg_low,-43,-39,-17,0,10,1,1,0","buikuuh,foot,-32,1,0,0,13,1,1,0","buikuuh,leg_up,69,-109,23,0,9,1,1,0","buikuuh,leg_low,91,-43,5,0,13,1,1,0","buikuuh,foot,112,-3,0,0,15,1,1,0",,,"buikuuh,beard,25,-205,-3,0,0,1,1,0",,,,,,,,,,,,,,,,,,,,,,,,,,,,,,,,,,,,,,,,,,,,,,,,,,,,,,,,,,,,,,,,,,,,,,,,,,,,,,,,,,,,,,,,,,,,,,,,,,,,,
Skill1/1,"buikuuh,head,15,-352,-3,0,2,1,1,0","buikuuh,neck,3,-320,-4,0,5,1,1,0","buikuuh,body,13,-216,0,0,8,1,1,0","buikuuh,arm_up,-65,-254,-6.4,0,4,1,1,0","buikuuh,arm_low,-69,-183,27,0,6,1,1,0","buikuuh,fist,-29,-128,48,0,6,1,1,0","buikuuh,arm_up,76,-254,3,1,18,1,1,0","buikuuh,arm_low,96,-188,10,1,19,1,1,0","buikuuh,fist_back,104,-119,5,0,19,0.9,0.9,0","buikuuh,leg_up,-30,-108,-12,0,8,1,1,0","buikuuh,leg_low,-43,-39,-17,0,10,1,1,0","buikuuh,foot,-32,1,0,0,13,1,1,0","buikuuh,leg_up,69,-109,23,0,9,1,1,0","buikuuh,leg_low,91,-43,5,0,13,1,1,0","buikuuh,foot,112,-3,0,0,15,1,1,0",,,"buikuuh,beard,25,-205,-2,0,0,1,1,0",,,,,,,,,,,,,,,,,,,,,,,,,,,,,,,,,,,,,,,,,,,,,,,,,,,,,,,,,,,,,,,,,,,,,,,,,,,,,,,,,,,,,,,,,,,,,,,,,,,,,
Skill1/2,"buikuuh,head,15,-352,-4,0,2,1,1,0","buikuuh,neck,3,-320,-4,0,5,1,1,0","buikuuh,body,13,-216,0,0,8,1,1,0","buikuuh,arm_up,-66,-253,0.6,0,4,1,1,0","buikuuh,arm_low,-52,-199,57,0,6,1,1,0","buikuuh,fist,7,-172,78,0,6,1,1,0","buikuuh,arm_up,76,-254,3,1,18,1,1,0","buikuuh,arm_low,95,-188,8,1,19,1,1,0","buikuuh,fist_back,102,-119,1,0,19,0.9,0.9,0","buikuuh,leg_up,-30,-108,-12,0,8,1,1,0","buikuuh,leg_low,-43,-39,-17,0,10,1,1,0","buikuuh,foot,-32,1,0,0,13,1,1,0","buikuuh,leg_up,69,-109,23,0,9,1,1,0","buikuuh,leg_low,91,-43,5,0,13,1,1,0","buikuuh,foot,112,-3,0,0,15,1,1,0",,,"buikuuh,beard,27,-204,1,0,0,1,1,0",,,,,,,,,,,,,,,,,,,,,,,,,,,,,,,,,,,,,,,,,,,,,,,,,,,,,,,,,,,,,,,,,,,,,,,,,,,,,,,,,,,,,,,,,,,,,,,,,,,,,
Skill1/3,"buikuuh,head,15,-352,-2,0,2,1,1,0","buikuuh,neck,3,-320,-4,0,5,1,1,0","buikuuh,body,13,-216,0,0,8,1,1,0","buikuuh,arm_up,-69,-251,3.6,0,4,1,1,0","buikuuh,arm_low,-52,-200,60,0,6,1,1,0","buikuuh,fist,10,-176,81,0,6,1,1,0","buikuuh,arm_up,76,-254,3,1,18,1,1,0","buikuuh,arm_low,95,-188,8,1,19,1,1,0","buikuuh,fist_back,102,-119,1,0,19,0.9,0.9,0","buikuuh,leg_up,-30,-108,-12,0,8,1,1,0","buikuuh,leg_low,-43,-39,-17,0,10,1,1,0","buikuuh,foot,-32,1,0,0,13,1,1,0","buikuuh,leg_up,69,-109,23,0,9,1,1,0","buikuuh,leg_low,91,-43,5,0,13,1,1,0","buikuuh,foot,112,-3,0,0,15,1,1,0",,,"buikuuh,beard,23,-204,-5,0,0,1,1,0",,,,,,,,,,,,,,,,,,,,,,,,,,,,,,,,,,,,,,,,,,,,,,,,,,,,,,,,,,,,,,,,,,,,,,,,,,,,,,,,,,,,,,,,,,,,,,,,,,,,,
Skill1/4,"buikuuh,head,15,-352,-4,0,2,1,1,0","buikuuh,neck,3,-320,-4,0,5,1,1,0","buikuuh,body,13,-216,0,0,8,1,1,0","buikuuh,arm_up,-66,-253,0.6,0,4,1,1,0","buikuuh,arm_low,-52,-199,57,0,6,1,1,0","buikuuh,fist,7,-172,78,0,6,1,1,0","buikuuh,arm_up,76,-254,3,1,18,1,1,0","buikuuh,arm_low,95,-188,8,1,19,1,1,0","buikuuh,fist_back,102,-119,1,0,19,0.9,0.9,0","buikuuh,leg_up,-30,-108,-12,0,8,1,1,0","buikuuh,leg_low,-43,-39,-17,0,10,1,1,0","buikuuh,foot,-32,1,0,0,13,1,1,0","buikuuh,leg_up,69,-109,23,0,9,1,1,0","buikuuh,leg_low,91,-43,5,0,13,1,1,0","buikuuh,foot,112,-3,0,0,15,1,1,0",,,"buikuuh,beard,27,-204,1,0,0,1,1,0",,,,,,,,,,,,,,,,,,,,,,,,,,,,,,,,,,,,,,,,,,,,,,,,,,,,,,,,,,,,,,,,,,,,,,,,,,,,,,,,,,,,,,,,,,,,,,,,,,,,,
Skill1/5,"buikuuh,head,15,-352,-3,0,2,1,1,0","buikuuh,neck,3,-320,-4,0,5,1,1,0","buikuuh,body,13,-216,0,0,8,1,1,0","buikuuh,arm_up,-65,-254,-6.4,0,4,1,1,0","buikuuh,arm_low,-69,-183,27,0,6,1,1,0","buikuuh,fist,-29,-128,48,0,6,1,1,0","buikuuh,arm_up,76,-254,3,1,18,1,1,0","buikuuh,arm_low,96,-188,10,1,19,1,1,0","buikuuh,fist_back,104,-119,5,0,19,0.9,0.9,0","buikuuh,leg_up,-30,-108,-12,0,8,1,1,0","buikuuh,leg_low,-43,-39,-17,0,10,1,1,0","buikuuh,foot,-32,1,0,0,13,1,1,0","buikuuh,leg_up,69,-109,23,0,9,1,1,0","buikuuh,leg_low,91,-43,5,0,13,1,1,0","buikuuh,foot,112,-3,0,0,15,1,1,0",,,"buikuuh,beard,25,-205,-2,0,0,1,1,0",,,,,,,,,,,,,,,,,,,,,,,,,,,,,,,,,,,,,,,,,,,,,,,,,,,,,,,,,,,,,,,,,,,,,,,,,,,,,,,,,,,,,,,,,,,,,,,,,,,,,
Skill1/6,"buikuuh,head,11,-352,2,0,2,1,1,0","buikuuh,neck,3,-320,-4,0,5,1,1,0","buikuuh,body,13,-216,0,0,8,1,1,0","buikuuh,arm_up,-61,-265,-26.4,0,4,1,1,0","buikuuh,arm_low,-89,-200,7,0,6,1,1,0","buikuuh,open,-65,-113,18,0,6,1,1,0","buikuuh,arm_up,76,-254,3,1,18,1,1,0","buikuuh,arm_low,99,-188,13,1,19,1,1,0","buikuuh,fist_back,113,-119,8,0,19,0.9,0.9,0","buikuuh,leg_up,-31,-108,-15,0,8,1,1,0","buikuuh,leg_low,-51,-39,-19,0,10,1,1,0","buikuuh,foot,-38,1,-2,0,13,1,1,0","buikuuh,leg_up,69,-109,27,0,9,1,1,0","buikuuh,leg_low,91,-43,1,0,13,1,1,0","buikuuh,foot,112,-3,1,0,15,1,1,0",,,"buikuuh,beard,28,-203,-1,0,0,1,1,0",,,,,,,,,,,,,,,,,,,,,,,,,,,,,,,,,,,,,,,,,,,,,,,,,,,,,,,,,,,,,,,,,,,,,,,,,,,,,,,,,,,,,,,,,,,"earth_rune,base,-73,-128,20,1,5,1,1,0",,,,,,,,,,
Skill1/7,"buikuuh,head,11,-352,5,0,2,1,1,0","buikuuh,neck,3,-320,-4,0,5,1,1,0","buikuuh,body,13,-216,0,0,8,1,1,0","buikuuh,arm_up,-68,-264,-30.4,0,4,1,1,0","buikuuh,arm_low,-120,-202,-23,0,6,1,1,0","buikuuh,open,-130,-123,-5,0,6,1,1,0","buikuuh,arm_up,75,-260,8,1,18,1,1,0","buikuuh,arm_low,106,-197,26,1,19,1,1,0","buikuuh,fist_back,136,-133,23,0,19,0.9,0.9,0","buikuuh,leg_up,-39,-104,-14,0,8,1,1,0","buikuuh,leg_low,-66,-39,-38,0,10,1,1,0","buikuuh,foot,-62,-4,-8,0,13,1,1,0","buikuuh,leg_up,74,-104,32,0,9,1,1,0","buikuuh,leg_low,94,-43,-6,0,13,1,1,0","buikuuh,foot,112,-3,1,0,15,1,1,0",,,"buikuuh,beard,26,-206,-3,0,0,1,1,0",,,,,,,,,,,,,,,,,,,,,,,,,,,,,,,,,,,,,,,,,,,,,,,,,,,,,,,,,,,,,,,,,,,,,,,,,,,,,,,,,,,,,,,,,,,"earth_rune,base,-130,-125,-4,1,5,1,1,0",,,,,,,,,,
Skill1/8,"buikuuh,head,11,-352,6,0,2,1,1,0","buikuuh,neck,3,-320,-4,0,5,1,1,0","buikuuh,body,13,-216,0,0,8,1,1,0","buikuuh,arm_up,-67,-265,-40.4,0,4,1,1,0","buikuuh,arm_low,-131,-222,-43,0,6,1,1,0","buikuuh,open,-180,-150,-32,0,6,1,1,0","buikuuh,arm_up,76,-258,10,1,18,1,1,0","buikuuh,arm_low,108,-200,30,1,19,1,1,0","buikuuh,fist_back,141,-135,25,0,19,0.9,0.9,0","buikuuh,leg_up,-41,-104,-16,0,8,1,1,0","buikuuh,leg_low,-70,-39,-40,0,10,1,1,0","buikuuh,foot,-68,-1,-8,0,13,1,1,0","buikuuh,leg_up,74,-104,32,0,9,1,1,0","buikuuh,leg_low,94,-43,-6,0,13,1,1,0","buikuuh,foot,112,-3,1,0,15,1,1,0",,,"buikuuh,beard,26,-206,-4,0,0,1,1,0",,,,,,,,,,,,,,,,,,,,,,,,,,,,,,,,,,,,,,,,,,,,,,,,,,,,,,,,,,,,,,,,,,,,,,,,,,,,,,,,,,,,,,,,,,,"earth_rune,base,-173,-165,-30,1,5,1,1,0",,,,,,,,,,
Skill1/9,"buikuuh,head,11,-352,7,0,5,1,1,0","buikuuh,neck,3,-320,-4,0,8,1,1,0","buikuuh,body,14,-216,1,0,11,1,1,0","buikuuh,arm_up,-71,-260,-12.4,0,5,1,1,0","buikuuh,arm_low,-92,-187,7,0,5,1,1,0","buikuuh,open,-69,-103,18,0,5,1,1,0","buikuuh,arm_up,76,-258,10,1,21,1,1,0","buikuuh,arm_low,110,-200,41,1,22,1,1,0","buikuuh,fist_back,156,-150,45,0,22,0.9,0.9,0","buikuuh,leg_up,-41,-104,-16,0,11,1,1,0","buikuuh,leg_low,-73,-39,-42,0,13,1,1,0","buikuuh,foot,-72,-2,-12,0,16,1,1,0","buikuuh,leg_up,76,-100,33,0,12,1,1,0","buikuuh,leg_low,97,-43,-11,0,16,1,1,0","buikuuh,foot,112,-3,-1,0,18,1,1,0",,,"buikuuh,beard,29,-206,-1,0,5,1,1,0",,,,,,,,,,,,,,,,,,,,,,,,,,,,,,,,,,,,,,,,,,,,,,,,,,,,,,,,,,,,,,,,,,,,,,,,,,,,,,,,,,,,,,,,,,,"earth_rune,base,-75,-118,20,1,4,1,1,0",,,,,,,,play_time_mod_0.2,,
Skill1/10,"buikuuh,head,11,-352,8,0,5,1,1,0","buikuuh,neck,3,-320,-4,0,8,1,1,0","buikuuh,body,14,-216,1,0,11,1,1,0","buikuuh,arm_up,-60,-244,11.6,0,4,1,1,0","buikuuh,arm_low,-51,-172,31,0,4,1,1,0","buikuuh,open,5,-111,42,0,4,1,1,0","buikuuh,arm_up,76,-258,10,1,21,1,1,0","buikuuh,arm_low,113,-202,43,1,22,1,1,0","buikuuh,fist_back,159,-157,50,0,22,0.9,0.9,0","buikuuh,leg_up,-42,-104,-17,0,11,1,1,0","buikuuh,leg_low,-75,-39,-43,0,13,1,1,0","buikuuh,foot,-74,-2,-14,0,16,1,1,0","buikuuh,leg_up,76,-99,34,0,12,1,1,0","buikuuh,leg_low,97,-43,-11,0,16,1,1,0","buikuuh,foot,112,-3,-1,0,18,1,1,0",,,"buikuuh,beard,33,-208,1,0,5,1,1,0",,,,,,,,,,,,,,,,,,,,,,,,,,,,,,,,,,,,,,,,,,,,,,,,,,,,,,,,,,,,,,,,,,,,,,,,,,,,,,,,,,,,,,,,,,,"earth_rune,base,5,-120,30,1,4,1,1,0",,,,,,,,play_time_mod_0.1,,
Skill1/11,"buikuuh,head,11,-352,9,0,5,1,1,0","buikuuh,neck,3,-320,-4,0,8,1,1,0","buikuuh,body,14,-216,1,0,11,1,1,0","buikuuh,arm_up,-50,-239,31.6,0,4,1,1,0","buikuuh,arm_low,-17,-174,51,0,4,1,1,0","buikuuh,open,57,-136,62,0,4,1,1,0","buikuuh,arm_up,76,-258,10,1,21,1,1,0","buikuuh,arm_low,113,-203,47,1,22,1,1,0","buikuuh,fist_back,160,-164,53,0,22,0.9,0.9,0","buikuuh,leg_up,-42,-104,-17,0,11,1,1,0","buikuuh,leg_low,-75,-39,-43,0,13,1,1,0","buikuuh,foot,-74,-2,-14,0,16,1,1,0","buikuuh,leg_up,76,-99,34,0,12,1,1,0","buikuuh,leg_low,97,-43,-11,0,16,1,1,0","buikuuh,foot,112,-3,-1,0,18,1,1,0",,,"buikuuh,beard,36,-208,2,0,5,1,1,0",,,,,,,,,,,,,,,,,,,,,,,,,,,,,,,,,,,,,,,,,,,,,,,,,,,,,,,,,,,,,,,,,,,,,,,,,,,,,,,,,,,,,,,,,,,"earth_rune,base,66,-150,10,1,4,1,1,0",,,,,,,,play_time_mod_0.2,,
Skill1/12,"buikuuh,head,11,-352,11,0,5,1,1,0","buikuuh,neck,3,-320,-4,0,8,1,1,0","buikuuh,body,14,-216,1,0,11,1,1,0","buikuuh,arm_up,-46,-240,36.6,0,4,1,1,0","buikuuh,arm_low,-4,-202,86,0,4,1,1,0","buikuuh,open,78,-211,97,0,4,1,1,0","buikuuh,arm_up,76,-258,10,1,21,1,1,0","buikuuh,arm_low,113,-204,50,1,22,1,1,0","buikuuh,fist_back,160,-169,55,0,22,0.9,0.9,0","buikuuh,leg_up,-43,-104,-18,0,11,1,1,0","buikuuh,leg_low,-77,-40,-44,0,13,1,1,0","buikuuh,foot,-76,-4,-16,0,16,1,1,0","buikuuh,leg_up,76,-99,36,0,12,1,1,0","buikuuh,leg_low,99,-43,-10,0,16,1,1,0","buikuuh,foot,112,-3,-4,0,18,1,1,0",,,"buikuuh,beard,39,-209,3,0,5,1,1,0",,,,,,,,,,,,,,,,,,,,,,,,,,,,,,,,,,,,,,,,,,,,,,,,,,,,,,,,,,,,,,,,,,,,,,,,,,,,,,,,,,,,,,,,,,,"earth_rune,base,192,-225,-30,1,4,1,1,1",,,,,,,,,,
Skill1/13,"buikuuh,head,11,-352,12,0,5,1,1,0","buikuuh,neck,3,-320,-4,0,8,1,1,0","buikuuh,body,14,-216,1,0,11,1,1,0","buikuuh,arm_up,-44,-240,38.6,0,4,1,1,0","buikuuh,arm_low,-1,-205,92,0,4,1,1,0","buikuuh,open,81,-224,103,0,4,1,1,0","buikuuh,arm_up,76,-258,10,1,21,1,1,0","buikuuh,arm_low,113,-204,54,1,22,1,1,0","buikuuh,fist_back,160,-174,57,0,22,0.9,0.9,0","buikuuh,leg_up,-43,-104,-18,0,11,1,1,0","buikuuh,leg_low,-77,-40,-44,0,13,1,1,0","buikuuh,foot,-76,-4,-16,0,16,1,1,0","buikuuh,leg_up,76,-99,36,0,12,1,1,0","buikuuh,leg_low,99,-43,-10,0,16,1,1,0","buikuuh,foot,112,-3,-4,0,18,1,1,0",,,"buikuuh,beard,41,-209,5,0,5,1,1,0",,,,,,,,,,,,,,,,,,,,,,,,,,,,,,,,,,,,,,,,,,,,,,,,,,,,,,,,,,,,,,,,,,,,,,,,,,,,,,,,,,,,,,,,,,,,,,,,,,,,,
Skill1/14,"buikuuh,head,13,-352,5,0,5,1,1,0","buikuuh,neck,3,-320,-4,0,8,1,1,0","buikuuh,body,14,-216,1,0,11,1,1,0","buikuuh,arm_up,-60,-244,11.6,0,4,1,1,0","buikuuh,arm_low,-45,-178,41,0,4,1,1,0","buikuuh,fist,0,-135,52,0,4,1,1,0","buikuuh,arm_up,76,-258,10,1,21,1,1,0","buikuuh,arm_low,113,-202,43,1,22,1,1,0","buikuuh,fist_back,159,-157,50,0,22,0.9,0.9,0","buikuuh,leg_up,-42,-104,-17,0,11,1,1,0","buikuuh,leg_low,-75,-39,-43,0,13,1,1,0","buikuuh,foot,-74,-2,-14,0,16,1,1,0","buikuuh,leg_up,76,-99,34,0,12,1,1,0","buikuuh,leg_low,97,-43,-11,0,16,1,1,0","buikuuh,foot,112,-3,-1,0,18,1,1,0",,,"buikuuh,beard,30,-205,-1,0,5,1,1,0",,,,,,,,,,,,,,,,,,,,,,,,,,,,,,,,,,,,,,,,,,,,,,,,,,,,,,,,,,,,,,,,,,,,,,,,,,,,,,,,,,,,,,,,,,,,,,,,,,,,,
Skill1/15,"buikuuh,head,11,-352,2,0,2,1,1,0","buikuuh,neck,3,-320,-4,0,5,1,1,0","buikuuh,body,13,-216,0,0,8,1,1,0","buikuuh,arm_up,-72,-252,-3.4,0,4,1,1,0","buikuuh,arm_low,-74,-184,26,0,4,1,1,0","buikuuh,fist,-42,-133,37,0,4,1,1,0","buikuuh,arm_up,76,-254,3,1,18,1,1,0","buikuuh,arm_low,99,-188,13,1,19,1,1,0","buikuuh,fist_back,113,-119,8,0,19,0.9,0.9,0","buikuuh,leg_up,-31,-108,-15,0,8,1,1,0","buikuuh,leg_low,-51,-39,-19,0,10,1,1,0","buikuuh,foot,-38,1,-2,0,13,1,1,0","buikuuh,leg_up,69,-109,27,0,9,1,1,0","buikuuh,leg_low,91,-43,1,0,13,1,1,0","buikuuh,foot,112,-3,1,0,15,1,1,0",,,"buikuuh,beard,28,-203,-1,0,0,1,1,0",,,,,,,,,,,,,,,,,,,,,,,,,,,,,,,,,,,,,,,,,,,,,,,,,,,,,,,,,,,,,,,,,,,,,,,,,,,,,,,,,,,,,,,,,,,,,,,,,,,,,
Skill1/16,"buikuuh,head,14,-353,0,0,2,1,1,0","buikuuh,neck,3,-321,-3,0,5,1,1,0","buikuuh,body,13,-216,0,0,8,1,1,0","buikuuh,arm_up,-65,-254,-3.4,0,4,1,1,0","buikuuh,arm_low,-81,-175,7,0,6,1,1,0","buikuuh,fist,-69,-112,12,0,6,1,1,0","buikuuh,arm_up,76,-254,3,1,18,1,1,0","buikuuh,arm_low,97,-188,14,1,19,1,1,0","buikuuh,fist_back,109,-120,6,0,19,0.9,0.9,0","buikuuh,leg_up,-30,-108,-12,0,8,1,1,0","buikuuh,leg_low,-43,-39,-17,0,10,1,1,0","buikuuh,foot,-32,1,0,0,13,1,1,0","buikuuh,leg_up,69,-109,23,0,9,1,1,0","buikuuh,leg_low,91,-43,5,0,13,1,1,0","buikuuh,foot,112,-3,0,0,15,1,1,0",,,"buikuuh,beard,26,-206,-2,0,0,1,1,0",,,,,,,,,,,,,,,,,,,,,,,,,,,,,,,,,,,,,,,,,,,,,,,,,,,,,,,,,,,,,,,,,,,,,,,,,,,,,,,,,,,,,,,,,,,,,,,,,,,,,
Skill2/0,"buikuuh,head,14,-352,-1,0,2,1,1,0","buikuuh,neck,3,-320,-4,0,5,1,1,0","buikuuh,body,13,-216,0,0,8,1,1,0","buikuuh,arm_up,-66,-254,-4.4,0,4,1,1,0","buikuuh,arm_low,-82,-175,7,0,6,1,1,0","buikuuh,fist,-72,-112,8,0,6,1,1,0","buikuuh,arm_up,76,-254,3,1,18,1,1,0","buikuuh,arm_low,97,-188,12,1,19,1,1,0","buikuuh,fist_back,107,-119,5,0,19,0.9,0.9,0","buikuuh,leg_up,-30,-108,-12,0,8,1,1,0","buikuuh,leg_low,-43,-39,-17,0,10,1,1,0","buikuuh,foot,-32,1,0,0,13,1,1,0","buikuuh,leg_up,69,-109,23,0,9,1,1,0","buikuuh,leg_low,91,-43,5,0,13,1,1,0","buikuuh,foot,112,-3,0,0,15,1,1,0",,,"buikuuh,beard,25,-205,-3,0,0,1,1,0",,,,,,,,,,,,,,,,,,,,,,,,,,,,,,,,,,,,,,,,,,,,,,,,,,,,,,,,,,,,,,,,,,,,,,,,,,,,,,,,,,,,,,,,,,,,,,,,,,,,,
Skill2/1,"buikuuh,head,15,-352,-3,0,2,1,1,0","buikuuh,neck,3,-320,-4,0,5,1,1,0","buikuuh,body,13,-216,0,0,8,1,1,0","buikuuh,arm_up,-65,-254,-6.4,0,4,1,1,0","buikuuh,arm_low,-69,-183,27,0,6,1,1,0","buikuuh,fist,-29,-128,48,0,6,1,1,0","buikuuh,arm_up,76,-254,3,1,18,1,1,0","buikuuh,arm_low,96,-188,10,1,19,1,1,0","buikuuh,fist_back,104,-119,5,0,19,0.9,0.9,0","buikuuh,leg_up,-30,-108,-12,0,8,1,1,0","buikuuh,leg_low,-43,-39,-17,0,10,1,1,0","buikuuh,foot,-32,1,0,0,13,1,1,0","buikuuh,leg_up,69,-109,23,0,9,1,1,0","buikuuh,leg_low,91,-43,5,0,13,1,1,0","buikuuh,foot,112,-3,0,0,15,1,1,0",,,"buikuuh,beard,25,-205,-2,0,0,1,1,0",,,,,,,,,,,,,,,,,,,,,,,,,,,,,,,,,,,,,,,,,,,,,,,,,,,,,,,,,,,,,,,,,,,,,,,,,,,,,,,,,,,,,,,,,,,,,,,,,,,,,
Skill2/2,"buikuuh,head,15,-352,-4,0,2,1,1,0","buikuuh,neck,3,-320,-4,0,5,1,1,0","buikuuh,body,13,-216,0,0,8,1,1,0","buikuuh,arm_up,-66,-253,0.6,0,4,1,1,0","buikuuh,arm_low,-52,-199,57,0,6,1,1,0","buikuuh,fist,7,-172,78,0,6,1,1,0","buikuuh,arm_up,76,-254,3,1,18,1,1,0","buikuuh,arm_low,95,-188,8,1,19,1,1,0","buikuuh,fist_back,102,-119,1,0,19,0.9,0.9,0","buikuuh,leg_up,-30,-108,-12,0,8,1,1,0","buikuuh,leg_low,-43,-39,-17,0,10,1,1,0","buikuuh,foot,-32,1,0,0,13,1,1,0","buikuuh,leg_up,69,-109,23,0,9,1,1,0","buikuuh,leg_low,91,-43,5,0,13,1,1,0","buikuuh,foot,112,-3,0,0,15,1,1,0",,,"buikuuh,beard,27,-204,1,0,0,1,1,0",,,,,,,,,,,,,,,,,,,,,,,,,,,,,,,,,,,,,,,,,,,,,,,,,,,,,,,,,,,,,,,,,,,,,,,,,,,,,,,,,,,,,,,,,,,,,,,,,,,,,
Skill2/3,"buikuuh,head,15,-352,-2,0,2,1,1,0","buikuuh,neck,3,-320,-4,0,5,1,1,0","buikuuh,body,13,-216,0,0,8,1,1,0","buikuuh,arm_up,-69,-251,3.6,0,4,1,1,0","buikuuh,arm_low,-52,-200,60,0,6,1,1,0","buikuuh,fist,10,-176,81,0,6,1,1,0","buikuuh,arm_up,76,-254,3,1,18,1,1,0","buikuuh,arm_low,95,-188,8,1,19,1,1,0","buikuuh,fist_back,102,-119,1,0,19,0.9,0.9,0","buikuuh,leg_up,-30,-108,-12,0,8,1,1,0","buikuuh,leg_low,-43,-39,-17,0,10,1,1,0","buikuuh,foot,-32,1,0,0,13,1,1,0","buikuuh,leg_up,69,-109,23,0,9,1,1,0","buikuuh,leg_low,91,-43,5,0,13,1,1,0","buikuuh,foot,112,-3,0,0,15,1,1,0",,,"buikuuh,beard,23,-204,-5,0,0,1,1,0",,,,,,,,,,,,,,,,,,,,,,,,,,,,,,,,,,,,,,,,,,,,,,,,,,,,,,,,,,,,,,,,,,,,,,,,,,,,,,,,,,,,,,,,,,,,,,,,,,,,,
Skill2/4,"buikuuh,head,15,-352,-4,0,2,1,1,0","buikuuh,neck,3,-320,-4,0,5,1,1,0","buikuuh,body,13,-216,0,0,8,1,1,0","buikuuh,arm_up,-66,-253,0.6,0,4,1,1,0","buikuuh,arm_low,-52,-199,57,0,6,1,1,0","buikuuh,fist,7,-172,78,0,6,1,1,0","buikuuh,arm_up,76,-254,3,1,18,1,1,0","buikuuh,arm_low,95,-188,8,1,19,1,1,0","buikuuh,fist_back,102,-119,1,0,19,0.9,0.9,0","buikuuh,leg_up,-30,-108,-12,0,8,1,1,0","buikuuh,leg_low,-43,-39,-17,0,10,1,1,0","buikuuh,foot,-32,1,0,0,13,1,1,0","buikuuh,leg_up,69,-109,23,0,9,1,1,0","buikuuh,leg_low,91,-43,5,0,13,1,1,0","buikuuh,foot,112,-3,0,0,15,1,1,0",,,"buikuuh,beard,27,-204,1,0,0,1,1,0",,,,,,,,,,,,,,,,,,,,,,,,,,,,,,,,,,,,,,,,,,,,,,,,,,,,,,,,,,,,,,,,,,,,,,,,,,,,,,,,,,,,,,,,,,,,,,,,,,,,,
Skill2/5,"buikuuh,head,15,-352,-3,0,2,1,1,0","buikuuh,neck,3,-320,-4,0,5,1,1,0","buikuuh,body,13,-216,0,0,8,1,1,0","buikuuh,arm_up,-65,-254,-6.4,0,4,1,1,0","buikuuh,arm_low,-69,-183,27,0,6,1,1,0","buikuuh,fist,-29,-128,48,0,6,1,1,0","buikuuh,arm_up,76,-254,3,1,18,1,1,0","buikuuh,arm_low,96,-188,10,1,19,1,1,0","buikuuh,fist_back,104,-119,5,0,19,0.9,0.9,0","buikuuh,leg_up,-30,-108,-12,0,8,1,1,0","buikuuh,leg_low,-43,-39,-17,0,10,1,1,0","buikuuh,foot,-32,1,0,0,13,1,1,0","buikuuh,leg_up,69,-109,23,0,9,1,1,0","buikuuh,leg_low,91,-43,5,0,13,1,1,0","buikuuh,foot,112,-3,0,0,15,1,1,0",,,"buikuuh,beard,25,-205,-2,0,0,1,1,0",,,,,,,,,,,,,,,,,,,,,,,,,,,,,,,,,,,,,,,,,,,,,,,,,,,,,,,,,,,,,,,,,,,,,,,,,,,,,,,,,,,,,,,,,,,,,,,,,,,,,
Skill2/6,"buikuuh,head,11,-352,2,0,2,1,1,0","buikuuh,neck,3,-320,-4,0,5,1,1,0","buikuuh,body,13,-216,0,0,8,1,1,0","buikuuh,arm_up,-61,-265,-26.4,0,4,1,1,0","buikuuh,arm_low,-89,-200,7,0,6,1,1,0","buikuuh,open,-65,-113,18,0,6,1,1,0","buikuuh,arm_up,76,-254,3,1,18,1,1,0","buikuuh,arm_low,99,-188,13,1,19,1,1,0","buikuuh,fist_back,113,-119,8,0,19,0.9,0.9,0","buikuuh,leg_up,-31,-108,-15,0,8,1,1,0","buikuuh,leg_low,-51,-39,-19,0,10,1,1,0","buikuuh,foot,-38,1,-2,0,13,1,1,0","buikuuh,leg_up,69,-109,27,0,9,1,1,0","buikuuh,leg_low,91,-43,1,0,13,1,1,0","buikuuh,foot,112,-3,1,0,15,1,1,0",,,"buikuuh,beard,28,-203,-1,0,0,1,1,0",,,,,,,,,,,,,,,,,,,,,,,,,,,,,,,,,,,,,,,,,,,,,,,,,,,,,,,,,,,,,,,,,,,,,,,,,,,,,,,,,,,,,,,,,,,"air_rune,base,-73,-128,20,1,5,1,1,0",,,,,,,,,,
Skill2/7,"buikuuh,head,11,-352,5,0,2,1,1,0","buikuuh,neck,3,-320,-4,0,5,1,1,0","buikuuh,body,13,-216,0,0,8,1,1,0","buikuuh,arm_up,-68,-264,-30.4,0,4,1,1,0","buikuuh,arm_low,-120,-202,-23,0,6,1,1,0","buikuuh,open,-130,-123,-5,0,6,1,1,0","buikuuh,arm_up,75,-260,8,1,18,1,1,0","buikuuh,arm_low,106,-197,26,1,19,1,1,0","buikuuh,fist_back,136,-133,23,0,19,0.9,0.9,0","buikuuh,leg_up,-39,-104,-14,0,8,1,1,0","buikuuh,leg_low,-66,-39,-38,0,10,1,1,0","buikuuh,foot,-62,-4,-8,0,13,1,1,0","buikuuh,leg_up,74,-104,32,0,9,1,1,0","buikuuh,leg_low,94,-43,-6,0,13,1,1,0","buikuuh,foot,112,-3,1,0,15,1,1,0",,,"buikuuh,beard,26,-206,-3,0,0,1,1,0",,,,,,,,,,,,,,,,,,,,,,,,,,,,,,,,,,,,,,,,,,,,,,,,,,,,,,,,,,,,,,,,,,,,,,,,,,,,,,,,,,,,,,,,,,,"air_rune,base,-130,-125,-4,1,5,1,1,0",,,,,,,,,,
Skill2/8,"buikuuh,head,11,-352,6,0,2,1,1,0","buikuuh,neck,3,-320,-4,0,5,1,1,0","buikuuh,body,13,-216,0,0,8,1,1,0","buikuuh,arm_up,-67,-265,-40.4,0,4,1,1,0","buikuuh,arm_low,-131,-222,-43,0,6,1,1,0","buikuuh,open,-180,-150,-32,0,6,1,1,0","buikuuh,arm_up,76,-258,10,1,18,1,1,0","buikuuh,arm_low,108,-200,30,1,19,1,1,0","buikuuh,fist_back,141,-135,25,0,19,0.9,0.9,0","buikuuh,leg_up,-41,-104,-16,0,8,1,1,0","buikuuh,leg_low,-70,-39,-40,0,10,1,1,0","buikuuh,foot,-68,-1,-8,0,13,1,1,0","buikuuh,leg_up,74,-104,32,0,9,1,1,0","buikuuh,leg_low,94,-43,-6,0,13,1,1,0","buikuuh,foot,112,-3,1,0,15,1,1,0",,,"buikuuh,beard,26,-206,-4,0,0,1,1,0",,,,,,,,,,,,,,,,,,,,,,,,,,,,,,,,,,,,,,,,,,,,,,,,,,,,,,,,,,,,,,,,,,,,,,,,,,,,,,,,,,,,,,,,,,,"air_rune,base,-173,-165,-30,1,5,1,1,0",,,,,,,,,,
Skill2/9,"buikuuh,head,11,-352,7,0,5,1,1,0","buikuuh,neck,3,-320,-4,0,8,1,1,0","buikuuh,body,14,-216,1,0,11,1,1,0","buikuuh,arm_up,-71,-260,-12.4,0,5,1,1,0","buikuuh,arm_low,-92,-187,7,0,5,1,1,0","buikuuh,open,-69,-103,18,0,5,1,1,0","buikuuh,arm_up,76,-258,10,1,21,1,1,0","buikuuh,arm_low,110,-200,41,1,22,1,1,0","buikuuh,fist_back,156,-150,45,0,22,0.9,0.9,0","buikuuh,leg_up,-41,-104,-16,0,11,1,1,0","buikuuh,leg_low,-73,-39,-42,0,13,1,1,0","buikuuh,foot,-72,-2,-12,0,16,1,1,0","buikuuh,leg_up,76,-100,33,0,12,1,1,0","buikuuh,leg_low,97,-43,-11,0,16,1,1,0","buikuuh,foot,112,-3,-1,0,18,1,1,0",,,"buikuuh,beard,29,-206,-1,0,5,1,1,0",,,,,,,,,,,,,,,,,,,,,,,,,,,,,,,,,,,,,,,,,,,,,,,,,,,,,,,,,,,,,,,,,,,,,,,,,,,,,,,,,,,,,,,,,,,"air_rune,base,-75,-118,20,1,4,1,1,0",,,,,,,,play_time_mod_0.2,,
Skill2/10,"buikuuh,head,11,-352,8,0,5,1,1,0","buikuuh,neck,3,-320,-4,0,8,1,1,0","buikuuh,body,14,-216,1,0,11,1,1,0","buikuuh,arm_up,-60,-244,11.6,0,4,1,1,0","buikuuh,arm_low,-51,-172,31,0,4,1,1,0","buikuuh,open,5,-111,42,0,4,1,1,0","buikuuh,arm_up,76,-258,10,1,21,1,1,0","buikuuh,arm_low,113,-202,43,1,22,1,1,0","buikuuh,fist_back,159,-157,50,0,22,0.9,0.9,0","buikuuh,leg_up,-42,-104,-17,0,11,1,1,0","buikuuh,leg_low,-75,-39,-43,0,13,1,1,0","buikuuh,foot,-74,-2,-14,0,16,1,1,0","buikuuh,leg_up,76,-99,34,0,12,1,1,0","buikuuh,leg_low,97,-43,-11,0,16,1,1,0","buikuuh,foot,112,-3,-1,0,18,1,1,0",,,"buikuuh,beard,33,-208,1,0,5,1,1,0",,,,,,,,,,,,,,,,,,,,,,,,,,,,,,,,,,,,,,,,,,,,,,,,,,,,,,,,,,,,,,,,,,,,,,,,,,,,,,,,,,,,,,,,,,,"air_rune,base,5,-120,30,1,4,1,1,0",,,,,,,,play_time_mod_0.1,,
Skill2/11,"buikuuh,head,11,-352,9,0,5,1,1,0","buikuuh,neck,3,-320,-4,0,8,1,1,0","buikuuh,body,14,-216,1,0,11,1,1,0","buikuuh,arm_up,-50,-239,31.6,0,4,1,1,0","buikuuh,arm_low,-17,-174,51,0,4,1,1,0","buikuuh,open,57,-136,62,0,4,1,1,0","buikuuh,arm_up,76,-258,10,1,21,1,1,0","buikuuh,arm_low,113,-203,47,1,22,1,1,0","buikuuh,fist_back,160,-164,53,0,22,0.9,0.9,0","buikuuh,leg_up,-42,-104,-17,0,11,1,1,0","buikuuh,leg_low,-75,-39,-43,0,13,1,1,0","buikuuh,foot,-74,-2,-14,0,16,1,1,0","buikuuh,leg_up,76,-99,34,0,12,1,1,0","buikuuh,leg_low,97,-43,-11,0,16,1,1,0","buikuuh,foot,112,-3,-1,0,18,1,1,0",,,"buikuuh,beard,36,-208,2,0,5,1,1,0",,,,,,,,,,,,,,,,,,,,,,,,,,,,,,,,,,,,,,,,,,,,,,,,,,,,,,,,,,,,,,,,,,,,,,,,,,,,,,,,,,,,,,,,,,,"air_rune,base,66,-150,10,1,4,1,1,0",,,,,,,,play_time_mod_0.2,,
Skill2/12,"buikuuh,head,11,-352,11,0,5,1,1,0","buikuuh,neck,3,-320,-4,0,8,1,1,0","buikuuh,body,14,-216,1,0,11,1,1,0","buikuuh,arm_up,-46,-240,36.6,0,4,1,1,0","buikuuh,arm_low,-4,-202,86,0,4,1,1,0","buikuuh,open,78,-211,97,0,4,1,1,0","buikuuh,arm_up,76,-258,10,1,21,1,1,0","buikuuh,arm_low,113,-204,50,1,22,1,1,0","buikuuh,fist_back,160,-169,55,0,22,0.9,0.9,0","buikuuh,leg_up,-43,-104,-18,0,11,1,1,0","buikuuh,leg_low,-77,-40,-44,0,13,1,1,0","buikuuh,foot,-76,-4,-16,0,16,1,1,0","buikuuh,leg_up,76,-99,36,0,12,1,1,0","buikuuh,leg_low,99,-43,-10,0,16,1,1,0","buikuuh,foot,112,-3,-4,0,18,1,1,0",,,"buikuuh,beard,39,-209,3,0,5,1,1,0",,,,,,,,,,,,,,,,,,,,,,,,,,,,,,,,,,,,,,,,,,,,,,,,,,,,,,,,,,,,,,,,,,,,,,,,,,,,,,,,,,,,,,,,,,,"air_rune,base,192,-225,-30,1,4,1,1,1",,,,,,,,,,
Skill2/13,"buikuuh,head,11,-352,12,0,5,1,1,0","buikuuh,neck,3,-320,-4,0,8,1,1,0","buikuuh,body,14,-216,1,0,11,1,1,0","buikuuh,arm_up,-44,-240,38.6,0,4,1,1,0","buikuuh,arm_low,-1,-205,92,0,4,1,1,0","buikuuh,open,81,-224,103,0,4,1,1,0","buikuuh,arm_up,76,-258,10,1,21,1,1,0","buikuuh,arm_low,113,-204,54,1,22,1,1,0","buikuuh,fist_back,160,-174,57,0,22,0.9,0.9,0","buikuuh,leg_up,-43,-104,-18,0,11,1,1,0","buikuuh,leg_low,-77,-40,-44,0,13,1,1,0","buikuuh,foot,-76,-4,-16,0,16,1,1,0","buikuuh,leg_up,76,-99,36,0,12,1,1,0","buikuuh,leg_low,99,-43,-10,0,16,1,1,0","buikuuh,foot,112,-3,-4,0,18,1,1,0",,,"buikuuh,beard,41,-209,5,0,5,1,1,0",,,,,,,,,,,,,,,,,,,,,,,,,,,,,,,,,,,,,,,,,,,,,,,,,,,,,,,,,,,,,,,,,,,,,,,,,,,,,,,,,,,,,,,,,,,,,,,,,,,,,
Skill2/14,"buikuuh,head,13,-352,5,0,5,1,1,0","buikuuh,neck,3,-320,-4,0,8,1,1,0","buikuuh,body,14,-216,1,0,11,1,1,0","buikuuh,arm_up,-60,-244,11.6,0,4,1,1,0","buikuuh,arm_low,-45,-178,41,0,4,1,1,0","buikuuh,fist,0,-135,52,0,4,1,1,0","buikuuh,arm_up,76,-258,10,1,21,1,1,0","buikuuh,arm_low,113,-202,43,1,22,1,1,0","buikuuh,fist_back,159,-157,50,0,22,0.9,0.9,0","buikuuh,leg_up,-42,-104,-17,0,11,1,1,0","buikuuh,leg_low,-75,-39,-43,0,13,1,1,0","buikuuh,foot,-74,-2,-14,0,16,1,1,0","buikuuh,leg_up,76,-99,34,0,12,1,1,0","buikuuh,leg_low,97,-43,-11,0,16,1,1,0","buikuuh,foot,112,-3,-1,0,18,1,1,0",,,"buikuuh,beard,30,-205,-1,0,5,1,1,0",,,,,,,,,,,,,,,,,,,,,,,,,,,,,,,,,,,,,,,,,,,,,,,,,,,,,,,,,,,,,,,,,,,,,,,,,,,,,,,,,,,,,,,,,,,,,,,,,,,,,
Skill2/15,"buikuuh,head,11,-352,2,0,2,1,1,0","buikuuh,neck,3,-320,-4,0,5,1,1,0","buikuuh,body,13,-216,0,0,8,1,1,0","buikuuh,arm_up,-72,-252,-3.4,0,4,1,1,0","buikuuh,arm_low,-74,-184,26,0,4,1,1,0","buikuuh,fist,-42,-133,37,0,4,1,1,0","buikuuh,arm_up,76,-254,3,1,18,1,1,0","buikuuh,arm_low,99,-188,13,1,19,1,1,0","buikuuh,fist_back,113,-119,8,0,19,0.9,0.9,0","buikuuh,leg_up,-31,-108,-15,0,8,1,1,0","buikuuh,leg_low,-51,-39,-19,0,10,1,1,0","buikuuh,foot,-38,1,-2,0,13,1,1,0","buikuuh,leg_up,69,-109,27,0,9,1,1,0","buikuuh,leg_low,91,-43,1,0,13,1,1,0","buikuuh,foot,112,-3,1,0,15,1,1,0",,,"buikuuh,beard,28,-203,-1,0,0,1,1,0",,,,,,,,,,,,,,,,,,,,,,,,,,,,,,,,,,,,,,,,,,,,,,,,,,,,,,,,,,,,,,,,,,,,,,,,,,,,,,,,,,,,,,,,,,,,,,,,,,,,,
Skill2/16,"buikuuh,head,14,-353,0,0,2,1,1,0","buikuuh,neck,3,-321,-3,0,5,1,1,0","buikuuh,body,13,-216,0,0,8,1,1,0","buikuuh,arm_up,-65,-254,-3.4,0,4,1,1,0","buikuuh,arm_low,-81,-175,7,0,6,1,1,0","buikuuh,fist,-69,-112,12,0,6,1,1,0","buikuuh,arm_up,76,-254,3,1,18,1,1,0","buikuuh,arm_low,97,-188,14,1,19,1,1,0","buikuuh,fist_back,109,-120,6,0,19,0.9,0.9,0","buikuuh,leg_up,-30,-108,-12,0,8,1,1,0","buikuuh,leg_low,-43,-39,-17,0,10,1,1,0","buikuuh,foot,-32,1,0,0,13,1,1,0","buikuuh,leg_up,69,-109,23,0,9,1,1,0","buikuuh,leg_low,91,-43,5,0,13,1,1,0","buikuuh,foot,112,-3,0,0,15,1,1,0",,,"buikuuh,beard,26,-206,-2,0,0,1,1,0",,,,,,,,,,,,,,,,,,,,,,,,,,,,,,,,,,,,,,,,,,,,,,,,,,,,,,,,,,,,,,,,,,,,,,,,,,,,,,,,,,,,,,,,,,,,,,,,,,,,,
UseItem/0,"buikuuh,head,14,-352,-1,0,2,1,1,0","buikuuh,neck,3,-320,-4,0,5,1,1,0","buikuuh,body,13,-216,0,0,8,1,1,0","buikuuh,arm_up,-66,-254,-4.4,0,4,1,1,0","buikuuh,arm_low,-82,-175,7,0,6,1,1,0","buikuuh,fist,-72,-112,8,0,6,1,1,0","buikuuh,arm_up,76,-254,3,1,18,1,1,0","buikuuh,arm_low,97,-188,12,1,19,1,1,0","buikuuh,fist_back,107,-119,5,0,19,0.9,0.9,0","buikuuh,leg_up,-30,-108,-12,0,8,1,1,0","buikuuh,leg_low,-43,-39,-17,0,10,1,1,0","buikuuh,foot,-32,1,0,0,13,1,1,0","buikuuh,leg_up,69,-109,23,0,9,1,1,0","buikuuh,leg_low,91,-43,5,0,13,1,1,0","buikuuh,foot,112,-3,0,0,15,1,1,0",,,"buikuuh,beard,25,-205,-3,0,0,1,1,0",,,,,,,,,,,,,,,,,,,,,,,,,,,,,,,,,,,,,,,,,,,,,,,,,,,,,,,,,,,,,,,,,,,,,,,,,,,,,,,,,,,,,,,,,,,,,,,,,,,,,
UseItem/1,"buikuuh,head,15,-352,-3,0,2,1,1,0","buikuuh,neck,3,-320,-4,0,5,1,1,0","buikuuh,body,13,-216,0,0,8,1,1,0","buikuuh,arm_up,-65,-254,-6.4,0,4,1,1,0","buikuuh,arm_low,-69,-183,27,0,6,1,1,0","buikuuh,fist,-29,-128,48,0,6,1,1,0","buikuuh,arm_up,76,-254,3,1,18,1,1,0","buikuuh,arm_low,96,-188,10,1,19,1,1,0","buikuuh,fist_back,104,-119,5,0,19,0.9,0.9,0","buikuuh,leg_up,-30,-108,-12,0,8,1,1,0","buikuuh,leg_low,-43,-39,-17,0,10,1,1,0","buikuuh,foot,-32,1,0,0,13,1,1,0","buikuuh,leg_up,69,-109,23,0,9,1,1,0","buikuuh,leg_low,91,-43,5,0,13,1,1,0","buikuuh,foot,112,-3,0,0,15,1,1,0",,,"buikuuh,beard,25,-205,-2,0,0,1,1,0",,,,,,,,,,,,,,,,,,,,,,,,,,,,,,,,,,,,,,,,,,,,,,,,,,,,,,,,,,,,,,,,,,,,,,,,,,,,,,,,,,,,,,,,,,,,,,,,,,,,,
UseItem/2,"buikuuh,head,15,-352,-4,0,2,1,1,0","buikuuh,neck,3,-320,-4,0,5,1,1,0","buikuuh,body,13,-216,0,0,8,1,1,0","buikuuh,arm_up,-66,-253,0.6,0,4,1,1,0","buikuuh,arm_low,-52,-199,57,0,6,1,1,0","buikuuh,fist,7,-172,78,0,6,1,1,0","buikuuh,arm_up,76,-254,3,1,18,1,1,0","buikuuh,arm_low,95,-188,8,1,19,1,1,0","buikuuh,fist_back,102,-119,1,0,19,0.9,0.9,0","buikuuh,leg_up,-30,-108,-12,0,8,1,1,0","buikuuh,leg_low,-43,-39,-17,0,10,1,1,0","buikuuh,foot,-32,1,0,0,13,1,1,0","buikuuh,leg_up,69,-109,23,0,9,1,1,0","buikuuh,leg_low,91,-43,5,0,13,1,1,0","buikuuh,foot,112,-3,0,0,15,1,1,0",,,"buikuuh,beard,27,-204,1,0,0,1,1,0",,,,,,,,,,,,,,,,,,,,,,,,,,,,,,,,,,,,,,,,,,,,,,,,,,,,,,,,,,,,,,,,,,,,,,,,,,,,,,,,,,,,,,,,,,,,,,,,,,,,,
UseItem/3,"buikuuh,head,15,-352,-2,0,2,1,1,0","buikuuh,neck,3,-320,-4,0,5,1,1,0","buikuuh,body,13,-216,0,0,8,1,1,0","buikuuh,arm_up,-69,-251,3.6,0,4,1,1,0","buikuuh,arm_low,-52,-200,60,0,6,1,1,0","buikuuh,fist,10,-176,81,0,6,1,1,0","buikuuh,arm_up,76,-254,3,1,18,1,1,0","buikuuh,arm_low,95,-188,8,1,19,1,1,0","buikuuh,fist_back,102,-119,1,0,19,0.9,0.9,0","buikuuh,leg_up,-30,-108,-12,0,8,1,1,0","buikuuh,leg_low,-43,-39,-17,0,10,1,1,0","buikuuh,foot,-32,1,0,0,13,1,1,0","buikuuh,leg_up,69,-109,23,0,9,1,1,0","buikuuh,leg_low,91,-43,5,0,13,1,1,0","buikuuh,foot,112,-3,0,0,15,1,1,0",,,"buikuuh,beard,23,-204,-5,0,0,1,1,0",,,,,,,,,,,,,,,,,,,,,,,,,,,,,,,,,,,,,,,,,,,,,,,,,,,,,,,,,,,,,,,,,,,,,,,,,,,,,,,,,,,,,,,,,,,,,,,,,,,,,
UseItem/4,"buikuuh,head,15,-352,-4,0,2,1,1,0","buikuuh,neck,3,-320,-4,0,5,1,1,0","buikuuh,body,13,-216,0,0,8,1,1,0","buikuuh,arm_up,-66,-253,0.6,0,4,1,1,0","buikuuh,arm_low,-52,-199,57,0,6,1,1,0","buikuuh,fist,7,-172,78,0,6,1,1,0","buikuuh,arm_up,76,-254,3,1,18,1,1,0","buikuuh,arm_low,95,-188,8,1,19,1,1,0","buikuuh,fist_back,102,-119,1,0,19,0.9,0.9,0","buikuuh,leg_up,-30,-108,-12,0,8,1,1,0","buikuuh,leg_low,-43,-39,-17,0,10,1,1,0","buikuuh,foot,-32,1,0,0,13,1,1,0","buikuuh,leg_up,69,-109,23,0,9,1,1,0","buikuuh,leg_low,91,-43,5,0,13,1,1,0","buikuuh,foot,112,-3,0,0,15,1,1,0",,,"buikuuh,beard,27,-204,1,0,0,1,1,0",,,,,,,,,,,,,,,,,,,,,,,,,,,,,,,,,,,,,,,,,,,,,,,,,,,,,,,,,,,,,,,,,,,,,,,,,,,,,,,,,,,,,,,,,,,,,,,,,,,,,
UseItem/5,"buikuuh,head,15,-352,-3,0,2,1,1,0","buikuuh,neck,3,-320,-4,0,5,1,1,0","buikuuh,body,13,-216,0,0,8,1,1,0","buikuuh,arm_up,-65,-254,-6.4,0,4,1,1,0","buikuuh,arm_low,-69,-183,27,0,6,1,1,0","buikuuh,fist,-29,-128,48,0,6,1,1,0","buikuuh,arm_up,76,-254,3,1,18,1,1,0","buikuuh,arm_low,96,-188,10,1,19,1,1,0","buikuuh,fist_back,104,-119,5,0,19,0.9,0.9,0","buikuuh,leg_up,-30,-108,-12,0,8,1,1,0","buikuuh,leg_low,-43,-39,-17,0,10,1,1,0","buikuuh,foot,-32,1,0,0,13,1,1,0","buikuuh,leg_up,69,-109,23,0,9,1,1,0","buikuuh,leg_low,91,-43,5,0,13,1,1,0","buikuuh,foot,112,-3,0,0,15,1,1,0",,,"buikuuh,beard,25,-205,-2,0,0,1,1,0",,,,,,,,,,,,,,,,,,,,,,,,,,,,,,,,,,,,,,,,,,,,,,,,,,,,,,,,,,,,,,,,,,,,,,,,,,,,,,,,,,,,,,,,,,,,,,,,,,,,,
UseItem/6,"buikuuh,head,11,-352,2,0,2,1,1,0","buikuuh,neck,3,-320,-4,0,5,1,1,0","buikuuh,body,13,-216,0,0,8,1,1,0","buikuuh,arm_up,-61,-265,-26.4,0,4,1,1,0","buikuuh,arm_low,-89,-200,7,0,6,1,1,0","buikuuh,fist,-76,-138,18,0,6,1,1,0","buikuuh,arm_up,76,-254,3,1,18,1,1,0","buikuuh,arm_low,99,-188,13,1,19,1,1,0","buikuuh,fist_back,113,-119,8,0,19,0.9,0.9,0","buikuuh,leg_up,-31,-108,-15,0,8,1,1,0","buikuuh,leg_low,-51,-39,-19,0,10,1,1,0","buikuuh,foot,-38,1,-2,0,13,1,1,0","buikuuh,leg_up,69,-109,27,0,9,1,1,0","buikuuh,leg_low,91,-43,1,0,13,1,1,0","buikuuh,foot,112,-3,1,0,15,1,1,0",,,"buikuuh,beard,28,-203,-1,0,0,1,1,0","item,resource_potion,-78,-147,-40,0,8,1,1,0",,,,,,,,,,,,,,,,,,,,,,,,,,,,,,,,,,,,,,,,,,,,,,,,,,,,,,,,,,,,,,,,,,,,,,,,,,,,,,,,,,,,,,,,,,,,,,,,,,,,
UseItem/7,"buikuuh,head,13,-352,4,0,5,1,1,0","buikuuh,neck,3,-320,-4,0,8,1,1,0","buikuuh,body,14,-216,1,0,11,1,1,0","buikuuh,arm_up,-68,-244,4.6,0,4,1,1,0","buikuuh,arm_low,-49,-193,61,0,4,1,1,0","buikuuh,fist,8,-169,72,0,4,1,1,0","buikuuh,arm_up,74,-258,10,1,21,1,1,0","buikuuh,arm_low,115,-182,18,1,22,1,1,0","buikuuh,fist_back,139,-124,26,0,22,0.9,0.9,0","buikuuh,leg_up,-42,-104,-17,0,11,1,1,0","buikuuh,leg_low,-75,-39,-43,0,13,1,1,0","buikuuh,foot,-74,-2,-14,0,16,1,1,0","buikuuh,leg_up,76,-99,34,0,12,1,1,0","buikuuh,leg_low,97,-43,-11,0,16,1,1,0","buikuuh,foot,112,-3,-1,0,18,1,1,0",,,"buikuuh,beard,30,-206,-1,0,5,1,1,0","item,resource_potion,20,-200,-10,0,5,1,1,0",,,,,,,,,,,,,,,,,,,,,,,,,,,,,,,,,,,,,,,,,,,,,,,,,,,,,,,,,,,,,,,,,,,,,,,,,,,,,,,,,,,,,,,,,,,,,,,,,,,,
UseItem/8,"buikuuh,head,14,-352,2,0,5,1,1,0","buikuuh,neck,3,-320,-4,0,8,1,1,0","buikuuh,body,14,-216,1,0,11,1,1,0","buikuuh,arm_up,-42,-246,34.6,0,4,1,1,0","buikuuh,arm_low,0,-212,91,0,4,1,1,0","buikuuh,fist,62,-220,102,0,4,1,1,0","buikuuh,arm_up,74,-258,12,1,21,1,1,0","buikuuh,arm_low,115,-187,20,1,22,1,1,0","buikuuh,fist_back,143,-129,28,0,22,0.9,0.9,0","buikuuh,leg_up,-42,-104,-17,0,11,1,1,0","buikuuh,leg_low,-75,-39,-43,0,13,1,1,0","buikuuh,foot,-74,-2,-14,0,16,1,1,0","buikuuh,leg_up,76,-99,34,0,12,1,1,0","buikuuh,leg_low,97,-43,-11,0,16,1,1,0","buikuuh,foot,112,-3,-1,0,18,1,1,0",,,"buikuuh,beard,27,-206,-3,0,5,1,1,0","item,resource_potion,56,-252,20,0,5,1,1,0",,,,,,,,,,,,,,,,,,,,,,,,,,,,,,,,,,,,,,,,,,,,,,,,,,,,,,,,,,,,,,,,,,,,,,,,,,,,,,,,,,,,,,,,,,,,,,,,,,,,
UseItem/9,"buikuuh,close,17,-352,-1,0,5,1,1,0","buikuuh,neck,3,-320,-4,0,8,1,1,0","buikuuh,body,14,-216,1,0,11,1,1,0","buikuuh,arm_up,-34,-246,49.6,0,4,1,1,0","buikuuh,arm_low,14,-225,106,0,4,1,1,0","buikuuh,fist,73,-248,117,0,4,1,1,0","buikuuh,arm_up,74,-258,12,1,21,1,1,0","buikuuh,arm_low,115,-187,21,1,22,1,1,0","buikuuh,fist_back,143,-131,29,0,22,0.9,0.9,0","buikuuh,leg_up,-42,-104,-17,0,11,1,1,0","buikuuh,leg_low,-75,-39,-43,0,13,1,1,0","buikuuh,foot,-74,-2,-14,0,16,1,1,0","buikuuh,leg_up,76,-99,36,0,12,1,1,0","buikuuh,leg_low,97,-43,-13,0,16,1,1,0","buikuuh,foot,112,-3,1,0,18,1,1,0",,,"buikuuh,beard,28,-206,-2,0,5,1,1,0","item,resource_potion,62,-279,35,0,5,1,1,0",,,,,,,,,,,,,,,,,,,,,,,,,,,,,,,,,,,,,,,,,,,,,,,,,,,,,,,,,,,,,,,,,,,,,,,,,,,,,,,,,,,,,,,,,,,,,,,,,,play_time_mod_0.2,,
UseItem/10,"buikuuh,close,16,-352,0,0,5,1,1,0","buikuuh,neck,3,-320,-4,0,8,1,1,0","buikuuh,body,14,-216,2,0,11,1,1,0","buikuuh,arm_up,-33,-246,54.6,0,4,1,1,0","buikuuh,arm_low,16,-230,111,0,4,1,1,0","buikuuh,fist,74,-258,122,0,4,1,1,0","buikuuh,arm_up,74,-258,12,1,21,1,1,0","buikuuh,arm_low,115,-187,22,1,22,1,1,0","buikuuh,fist_back,143,-131,30,0,22,0.9,0.9,0","buikuuh,leg_up,-42,-104,-17,0,11,1,1,0","buikuuh,leg_low,-75,-39,-43,0,13,1,1,0","buikuuh,foot,-74,-2,-14,0,16,1,1,0","buikuuh,leg_up,76,-99,36,0,12,1,1,0","buikuuh,leg_low,97,-43,-13,0,16,1,1,0","buikuuh,foot,112,-3,1,0,18,1,1,0",,,"buikuuh,beard,29,-206,-1,0,5,1,1,0","item,resource_potion,61,-289,40,0,5,1,1,0",,,,,,,,,,,,,,,,,,,,,,,,,,,,,,,,,,,,,,,,,,,,,,,,,,,,,,,,,,,,,,,,,,,,,,,,,,,,,,,,,,,,,,,,,,,,,,,,,,play_time_mod_0.1,,
UseItem/11,"buikuuh,head,13,-352,6,0,5,1,1,0","buikuuh,neck,3,-320,-4,0,8,1,1,0","buikuuh,body,14,-216,1,0,11,1,1,0","buikuuh,arm_up,-33,-245,55.6,0,4,1,1,0","buikuuh,arm_low,16,-234,122,0,4,1,1,0","buikuuh,fist,68,-273,133,0,4,1,1,0","buikuuh,arm_up,76,-258,10,1,21,1,1,0","buikuuh,arm_low,113,-203,47,1,22,1,1,0","buikuuh,fist_back,160,-164,53,0,22,0.9,0.9,0","buikuuh,leg_up,-42,-104,-17,0,11,1,1,0","buikuuh,leg_low,-75,-39,-43,0,13,1,1,0","buikuuh,foot,-74,-2,-14,0,16,1,1,0","buikuuh,leg_up,76,-99,34,0,12,1,1,0","buikuuh,leg_low,97,-43,-11,0,16,1,1,0","buikuuh,foot,112,-3,-1,0,18,1,1,0",,,"buikuuh,beard,36,-208,2,0,5,1,1,0",,,,,,,,,,,,,,,,,,,,,,,,,,,,,,,,,,,,,,,,,,,,,,,,,,,,,,,,,,,,,,,,,,,,,,,,,,,,,,,,,,,,,,,,,,,"use_item,base,40,-307,0,0,0,1,1,1",,,,,,,,play_time_mod_0.2,,
UseItem/12,"buikuuh,head,11,-352,11,0,5,1,1,0","buikuuh,neck,3,-320,-4,0,8,1,1,0","buikuuh,body,14,-216,1,0,11,1,1,0","buikuuh,arm_up,-46,-240,36.6,0,4,1,1,0","buikuuh,arm_low,-4,-202,86,0,4,1,1,0","buikuuh,open,78,-211,97,0,4,1,1,0","buikuuh,arm_up,76,-258,10,1,21,1,1,0","buikuuh,arm_low,113,-204,50,1,22,1,1,0","buikuuh,fist_back,160,-169,55,0,22,0.9,0.9,0","buikuuh,leg_up,-43,-104,-18,0,11,1,1,0","buikuuh,leg_low,-77,-40,-44,0,13,1,1,0","buikuuh,foot,-76,-4,-16,0,16,1,1,0","buikuuh,leg_up,76,-99,36,0,12,1,1,0","buikuuh,leg_low,99,-43,-10,0,16,1,1,0","buikuuh,foot,112,-3,-4,0,18,1,1,0",,,"buikuuh,beard,39,-209,3,0,5,1,1,0",,,,,,,,,,,,,,,,,,,,,,,,,,,,,,,,,,,,,,,,,,,,,,,,,,,,,,,,,,,,,,,,,,,,,,,,,,,,,,,,,,,,,,,,,,,,,,,,,,,,,
UseItem/13,"buikuuh,head,11,-352,12,0,5,1,1,0","buikuuh,neck,3,-320,-4,0,8,1,1,0","buikuuh,body,14,-216,1,0,11,1,1,0","buikuuh,arm_up,-44,-240,38.6,0,4,1,1,0","buikuuh,arm_low,-1,-205,92,0,4,1,1,0","buikuuh,open,81,-224,103,0,4,1,1,0","buikuuh,arm_up,76,-258,10,1,21,1,1,0","buikuuh,arm_low,113,-204,54,1,22,1,1,0","buikuuh,fist_back,160,-174,57,0,22,0.9,0.9,0","buikuuh,leg_up,-43,-104,-18,0,11,1,1,0","buikuuh,leg_low,-77,-40,-44,0,13,1,1,0","buikuuh,foot,-76,-4,-16,0,16,1,1,0","buikuuh,leg_up,76,-99,36,0,12,1,1,0","buikuuh,leg_low,99,-43,-10,0,16,1,1,0","buikuuh,foot,112,-3,-4,0,18,1,1,0",,,"buikuuh,beard,41,-209,5,0,5,1,1,0",,,,,,,,,,,,,,,,,,,,,,,,,,,,,,,,,,,,,,,,,,,,,,,,,,,,,,,,,,,,,,,,,,,,,,,,,,,,,,,,,,,,,,,,,,,,,,,,,,,,,
UseItem/14,"buikuuh,head,13,-352,5,0,5,1,1,0","buikuuh,neck,3,-320,-4,0,8,1,1,0","buikuuh,body,14,-216,1,0,11,1,1,0","buikuuh,arm_up,-60,-244,11.6,0,4,1,1,0","buikuuh,arm_low,-45,-178,41,0,4,1,1,0","buikuuh,fist,0,-135,52,0,4,1,1,0","buikuuh,arm_up,76,-258,10,1,21,1,1,0","buikuuh,arm_low,113,-202,43,1,22,1,1,0","buikuuh,fist_back,159,-157,50,0,22,0.9,0.9,0","buikuuh,leg_up,-42,-104,-17,0,11,1,1,0","buikuuh,leg_low,-75,-39,-43,0,13,1,1,0","buikuuh,foot,-74,-2,-14,0,16,1,1,0","buikuuh,leg_up,76,-99,34,0,12,1,1,0","buikuuh,leg_low,97,-43,-11,0,16,1,1,0","buikuuh,foot,112,-3,-1,0,18,1,1,0",,,"buikuuh,beard,30,-205,-1,0,5,1,1,0",,,,,,,,,,,,,,,,,,,,,,,,,,,,,,,,,,,,,,,,,,,,,,,,,,,,,,,,,,,,,,,,,,,,,,,,,,,,,,,,,,,,,,,,,,,,,,,,,,,,,
UseItem/15,"buikuuh,head,11,-352,2,0,2,1,1,0","buikuuh,neck,3,-320,-4,0,5,1,1,0","buikuuh,body,13,-216,0,0,8,1,1,0","buikuuh,arm_up,-72,-252,-3.4,0,4,1,1,0","buikuuh,arm_low,-74,-184,26,0,4,1,1,0","buikuuh,fist,-42,-133,37,0,4,1,1,0","buikuuh,arm_up,76,-254,3,1,18,1,1,0","buikuuh,arm_low,99,-188,13,1,19,1,1,0","buikuuh,fist_back,113,-119,8,0,19,0.9,0.9,0","buikuuh,leg_up,-31,-108,-15,0,8,1,1,0","buikuuh,leg_low,-51,-39,-19,0,10,1,1,0","buikuuh,foot,-38,1,-2,0,13,1,1,0","buikuuh,leg_up,69,-109,27,0,9,1,1,0","buikuuh,leg_low,91,-43,1,0,13,1,1,0","buikuuh,foot,112,-3,1,0,15,1,1,0",,,"buikuuh,beard,28,-203,-1,0,0,1,1,0",,,,,,,,,,,,,,,,,,,,,,,,,,,,,,,,,,,,,,,,,,,,,,,,,,,,,,,,,,,,,,,,,,,,,,,,,,,,,,,,,,,,,,,,,,,,,,,,,,,,,
UseItem/16,"buikuuh,head,14,-353,0,0,2,1,1,0","buikuuh,neck,3,-321,-3,0,5,1,1,0","buikuuh,body,13,-216,0,0,8,1,1,0","buikuuh,arm_up,-65,-254,-3.4,0,4,1,1,0","buikuuh,arm_low,-81,-175,7,0,6,1,1,0","buikuuh,fist,-69,-112,12,0,6,1,1,0","buikuuh,arm_up,76,-254,3,1,18,1,1,0","buikuuh,arm_low,97,-188,14,1,19,1,1,0","buikuuh,fist_back,109,-120,6,0,19,0.9,0.9,0","buikuuh,leg_up,-30,-108,-12,0,8,1,1,0","buikuuh,leg_low,-43,-39,-17,0,10,1,1,0","buikuuh,foot,-32,1,0,0,13,1,1,0","buikuuh,leg_up,69,-109,23,0,9,1,1,0","buikuuh,leg_low,91,-43,5,0,13,1,1,0","buikuuh,foot,112,-3,0,0,15,1,1,0",,,"buikuuh,beard,26,-206,-2,0,0,1,1,0",,,,,,,,,,,,,,,,,,,,,,,,,,,,,,,,,,,,,,,,,,,,,,,,,,,,,,,,,,,,,,,,,,,,,,,,,,,,,,,,,,,,,,,,,,,,,,,,,,,,,
Skill3/0,"buikuuh,head,14,-352,-1,0,2,1,1,0","buikuuh,neck,3,-320,-4,0,5,1,1,0","buikuuh,body,13,-216,0,0,8,1,1,0","buikuuh,arm_up,-66,-254,-4.4,0,4,1,1,0","buikuuh,arm_low,-82,-175,7,0,6,1,1,0","buikuuh,fist,-72,-112,8,0,6,1,1,0","buikuuh,arm_up,76,-254,3,1,18,1,1,0","buikuuh,arm_low,97,-188,12,1,19,1,1,0","buikuuh,fist_back,107,-119,5,0,19,0.9,0.9,0","buikuuh,leg_up,-30,-108,-12,0,8,1,1,0","buikuuh,leg_low,-43,-39,-17,0,10,1,1,0","buikuuh,foot,-32,1,0,0,13,1,1,0","buikuuh,leg_up,69,-109,23,0,9,1,1,0","buikuuh,leg_low,91,-43,5,0,13,1,1,0","buikuuh,foot,112,-3,0,0,15,1,1,0",,,"buikuuh,beard,25,-205,-3,0,0,1,1,0",,,,,,,,,,,,,,,,,,,,,,,,,,,,,,,,,,,,,,,,,,,,,,,,,,,,,,,,,,,,,,,,,,,,,,,,,,,,,,,,,,,,,,,,,,,,,,,,,,,,,
Skill3/1,"buikuuh,head,15,-352,-3,0,2,1,1,0","buikuuh,neck,3,-320,-4,0,5,1,1,0","buikuuh,body,13,-216,0,0,8,1,1,0","buikuuh,arm_up,-65,-254,-6.4,0,4,1,1,0","buikuuh,arm_low,-69,-183,27,0,6,1,1,0","buikuuh,fist,-29,-128,48,0,6,1,1,0","buikuuh,arm_up,76,-254,3,1,18,1,1,0","buikuuh,arm_low,96,-188,10,1,19,1,1,0","buikuuh,fist_back,104,-119,5,0,19,0.9,0.9,0","buikuuh,leg_up,-30,-108,-12,0,8,1,1,0","buikuuh,leg_low,-43,-39,-17,0,10,1,1,0","buikuuh,foot,-32,1,0,0,13,1,1,0","buikuuh,leg_up,69,-109,23,0,9,1,1,0","buikuuh,leg_low,91,-43,5,0,13,1,1,0","buikuuh,foot,112,-3,0,0,15,1,1,0",,,"buikuuh,beard,25,-205,-2,0,0,1,1,0",,,,,,,,,,,,,,,,,,,,,,,,,,,,,,,,,,,,,,,,,,,,,,,,,,,,,,,,,,,,,,,,,,,,,,,,,,,,,,,,,,,,,,,,,,,,,,,,,,,,,
Skill3/2,"buikuuh,head,15,-352,-4,0,2,1,1,0","buikuuh,neck,3,-320,-4,0,5,1,1,0","buikuuh,body,13,-216,0,0,8,1,1,0","buikuuh,arm_up,-66,-253,0.6,0,4,1,1,0","buikuuh,arm_low,-52,-199,57,0,6,1,1,0","buikuuh,fist,7,-172,78,0,6,1,1,0","buikuuh,arm_up,76,-254,3,1,18,1,1,0","buikuuh,arm_low,95,-188,8,1,19,1,1,0","buikuuh,fist_back,102,-119,1,0,19,0.9,0.9,0","buikuuh,leg_up,-30,-108,-12,0,8,1,1,0","buikuuh,leg_low,-43,-39,-17,0,10,1,1,0","buikuuh,foot,-32,1,0,0,13,1,1,0","buikuuh,leg_up,69,-109,23,0,9,1,1,0","buikuuh,leg_low,91,-43,5,0,13,1,1,0","buikuuh,foot,112,-3,0,0,15,1,1,0",,,"buikuuh,beard,27,-204,1,0,0,1,1,0",,,,,,,,,,,,,,,,,,,,,,,,,,,,,,,,,,,,,,,,,,,,,,,,,,,,,,,,,,,,,,,,,,,,,,,,,,,,,,,,,,,,,,,,,,,,,,,,,,,,,
Skill3/3,"buikuuh,head,15,-352,-2,0,2,1,1,0","buikuuh,neck,3,-320,-4,0,5,1,1,0","buikuuh,body,13,-216,0,0,8,1,1,0","buikuuh,arm_up,-69,-251,3.6,0,4,1,1,0","buikuuh,arm_low,-52,-200,60,0,6,1,1,0","buikuuh,fist,10,-176,81,0,6,1,1,0","buikuuh,arm_up,76,-254,3,1,18,1,1,0","buikuuh,arm_low,95,-188,8,1,19,1,1,0","buikuuh,fist_back,102,-119,1,0,19,0.9,0.9,0","buikuuh,leg_up,-30,-108,-12,0,8,1,1,0","buikuuh,leg_low,-43,-39,-17,0,10,1,1,0","buikuuh,foot,-32,1,0,0,13,1,1,0","buikuuh,leg_up,69,-109,23,0,9,1,1,0","buikuuh,leg_low,91,-43,5,0,13,1,1,0","buikuuh,foot,112,-3,0,0,15,1,1,0",,,"buikuuh,beard,23,-204,-5,0,0,1,1,0",,,,,,,,,,,,,,,,,,,,,,,,,,,,,,,,,,,,,,,,,,,,,,,,,,,,,,,,,,,,,,,,,,,,,,,,,,,,,,,,,,,,,,,,,,,,,,,,,,,,,
Skill3/4,"buikuuh,head,15,-352,-4,0,2,1,1,0","buikuuh,neck,3,-320,-4,0,5,1,1,0","buikuuh,body,13,-216,0,0,8,1,1,0","buikuuh,arm_up,-66,-253,0.6,0,4,1,1,0","buikuuh,arm_low,-52,-199,57,0,6,1,1,0","buikuuh,fist,7,-172,78,0,6,1,1,0","buikuuh,arm_up,76,-254,3,1,18,1,1,0","buikuuh,arm_low,95,-188,8,1,19,1,1,0","buikuuh,fist_back,102,-119,1,0,19,0.9,0.9,0","buikuuh,leg_up,-30,-108,-12,0,8,1,1,0","buikuuh,leg_low,-43,-39,-17,0,10,1,1,0","buikuuh,foot,-32,1,0,0,13,1,1,0","buikuuh,leg_up,69,-109,23,0,9,1,1,0","buikuuh,leg_low,91,-43,5,0,13,1,1,0","buikuuh,foot,112,-3,0,0,15,1,1,0",,,"buikuuh,beard,27,-204,1,0,0,1,1,0",,,,,,,,,,,,,,,,,,,,,,,,,,,,,,,,,,,,,,,,,,,,,,,,,,,,,,,,,,,,,,,,,,,,,,,,,,,,,,,,,,,,,,,,,,,,,,,,,,,,,
Skill3/5,"buikuuh,head,15,-352,-3,0,2,1,1,0","buikuuh,neck,3,-320,-4,0,5,1,1,0","buikuuh,body,13,-216,0,0,8,1,1,0","buikuuh,arm_up,-65,-254,-6.4,0,4,1,1,0","buikuuh,arm_low,-69,-183,27,0,6,1,1,0","buikuuh,fist,-29,-128,48,0,6,1,1,0","buikuuh,arm_up,76,-254,3,1,18,1,1,0","buikuuh,arm_low,96,-188,10,1,19,1,1,0","buikuuh,fist_back,104,-119,5,0,19,0.9,0.9,0","buikuuh,leg_up,-30,-108,-12,0,8,1,1,0","buikuuh,leg_low,-43,-39,-17,0,10,1,1,0","buikuuh,foot,-32,1,0,0,13,1,1,0","buikuuh,leg_up,69,-109,23,0,9,1,1,0","buikuuh,leg_low,91,-43,5,0,13,1,1,0","buikuuh,foot,112,-3,0,0,15,1,1,0",,,"buikuuh,beard,25,-205,-2,0,0,1,1,0",,,,,,,,,,,,,,,,,,,,,,,,,,,,,,,,,,,,,,,,,,,,,,,,,,,,,,,,,,,,,,,,,,,,,,,,,,,,,,,,,,,,,,,,,,,,,,,,,,,,,
Skill3/6,"buikuuh,head,11,-352,2,0,2,1,1,0","buikuuh,neck,3,-320,-4,0,5,1,1,0","buikuuh,body,13,-216,0,0,8,1,1,0","buikuuh,arm_up,-61,-265,-26.4,0,4,1,1,0","buikuuh,arm_low,-89,-200,7,0,6,1,1,0","buikuuh,open,-65,-113,18,0,6,1,1,0","buikuuh,arm_up,76,-254,3,1,18,1,1,0","buikuuh,arm_low,99,-188,13,1,19,1,1,0","buikuuh,fist_back,113,-119,8,0,19,0.9,0.9,0","buikuuh,leg_up,-31,-108,-15,0,8,1,1,0","buikuuh,leg_low,-51,-39,-19,0,10,1,1,0","buikuuh,foot,-38,1,-2,0,13,1,1,0","buikuuh,leg_up,69,-109,27,0,9,1,1,0","buikuuh,leg_low,91,-43,1,0,13,1,1,0","buikuuh,foot,112,-3,1,0,15,1,1,0",,,"buikuuh,beard,28,-203,-1,0,0,1,1,0",,,,,,,,,,,,,,,,,,,,,,,,,,,,,,,,,,,,,,,,,,,,,,,,,,,,,,,,,,,,,,,,,,,,,,,,,,,,,,,,,,,,,,,,,,,"magic_rune,base,-73,-128,20,1,5,1,1,0",,,,,,,,,,
Skill3/7,"buikuuh,head,11,-352,5,0,2,1,1,0","buikuuh,neck,3,-320,-4,0,5,1,1,0","buikuuh,body,13,-216,0,0,8,1,1,0","buikuuh,arm_up,-68,-264,-30.4,0,4,1,1,0","buikuuh,arm_low,-120,-202,-23,0,6,1,1,0","buikuuh,open,-130,-123,-5,0,6,1,1,0","buikuuh,arm_up,75,-260,8,1,18,1,1,0","buikuuh,arm_low,106,-197,26,1,19,1,1,0","buikuuh,fist_back,136,-133,23,0,19,0.9,0.9,0","buikuuh,leg_up,-39,-104,-14,0,8,1,1,0","buikuuh,leg_low,-66,-39,-38,0,10,1,1,0","buikuuh,foot,-62,-4,-8,0,13,1,1,0","buikuuh,leg_up,74,-104,32,0,9,1,1,0","buikuuh,leg_low,94,-43,-6,0,13,1,1,0","buikuuh,foot,112,-3,1,0,15,1,1,0",,,"buikuuh,beard,26,-206,-3,0,0,1,1,0",,,,,,,,,,,,,,,,,,,,,,,,,,,,,,,,,,,,,,,,,,,,,,,,,,,,,,,,,,,,,,,,,,,,,,,,,,,,,,,,,,,,,,,,,,,"magic_rune,base,-130,-125,-4,1,5,1,1,0",,,,,,,,,,
Skill3/8,"buikuuh,head,11,-352,6,0,2,1,1,0","buikuuh,neck,3,-320,-4,0,5,1,1,0","buikuuh,body,13,-216,0,0,8,1,1,0","buikuuh,arm_up,-67,-265,-40.4,0,4,1,1,0","buikuuh,arm_low,-131,-222,-43,0,6,1,1,0","buikuuh,open,-180,-150,-32,0,6,1,1,0","buikuuh,arm_up,76,-258,10,1,18,1,1,0","buikuuh,arm_low,108,-200,30,1,19,1,1,0","buikuuh,fist_back,141,-135,25,0,19,0.9,0.9,0","buikuuh,leg_up,-41,-104,-16,0,8,1,1,0","buikuuh,leg_low,-70,-39,-40,0,10,1,1,0","buikuuh,foot,-68,-1,-8,0,13,1,1,0","buikuuh,leg_up,74,-104,32,0,9,1,1,0","buikuuh,leg_low,94,-43,-6,0,13,1,1,0","buikuuh,foot,112,-3,1,0,15,1,1,0",,,"buikuuh,beard,26,-206,-4,0,0,1,1,0",,,,,,,,,,,,,,,,,,,,,,,,,,,,,,,,,,,,,,,,,,,,,,,,,,,,,,,,,,,,,,,,,,,,,,,,,,,,,,,,,,,,,,,,,,,"magic_rune,base,-173,-165,-30,1,5,1,1,0",,,,,,,,,,
Skill3/9,"buikuuh,head,11,-352,7,0,5,1,1,0","buikuuh,neck,3,-320,-4,0,8,1,1,0","buikuuh,body,14,-216,1,0,11,1,1,0","buikuuh,arm_up,-71,-260,-12.4,0,5,1,1,0","buikuuh,arm_low,-92,-187,7,0,5,1,1,0","buikuuh,open,-69,-103,18,0,5,1,1,0","buikuuh,arm_up,76,-258,10,1,21,1,1,0","buikuuh,arm_low,110,-200,41,1,22,1,1,0","buikuuh,fist_back,156,-150,45,0,22,0.9,0.9,0","buikuuh,leg_up,-41,-104,-16,0,11,1,1,0","buikuuh,leg_low,-73,-39,-42,0,13,1,1,0","buikuuh,foot,-72,-2,-12,0,16,1,1,0","buikuuh,leg_up,76,-100,33,0,12,1,1,0","buikuuh,leg_low,97,-43,-11,0,16,1,1,0","buikuuh,foot,112,-3,-1,0,18,1,1,0",,,"buikuuh,beard,29,-206,-1,0,5,1,1,0",,,,,,,,,,,,,,,,,,,,,,,,,,,,,,,,,,,,,,,,,,,,,,,,,,,,,,,,,,,,,,,,,,,,,,,,,,,,,,,,,,,,,,,,,,,"magic_rune,base,-75,-118,20,1,4,1,1,0",,,,,,,,play_time_mod_0.2,,
Skill3/10,"buikuuh,head,11,-352,8,0,5,1,1,0","buikuuh,neck,3,-320,-4,0,8,1,1,0","buikuuh,body,14,-216,1,0,11,1,1,0","buikuuh,arm_up,-60,-244,11.6,0,4,1,1,0","buikuuh,arm_low,-51,-172,31,0,4,1,1,0","buikuuh,open,5,-111,42,0,4,1,1,0","buikuuh,arm_up,76,-258,10,1,21,1,1,0","buikuuh,arm_low,113,-202,43,1,22,1,1,0","buikuuh,fist_back,159,-157,50,0,22,0.9,0.9,0","buikuuh,leg_up,-42,-104,-17,0,11,1,1,0","buikuuh,leg_low,-75,-39,-43,0,13,1,1,0","buikuuh,foot,-74,-2,-14,0,16,1,1,0","buikuuh,leg_up,76,-99,34,0,12,1,1,0","buikuuh,leg_low,97,-43,-11,0,16,1,1,0","buikuuh,foot,112,-3,-1,0,18,1,1,0",,,"buikuuh,beard,33,-208,1,0,5,1,1,0",,,,,,,,,,,,,,,,,,,,,,,,,,,,,,,,,,,,,,,,,,,,,,,,,,,,,,,,,,,,,,,,,,,,,,,,,,,,,,,,,,,,,,,,,,,"magic_rune,base,5,-120,30,1,4,1,1,0",,,,,,,,play_time_mod_0.1,,
Skill3/11,"buikuuh,head,11,-352,9,0,5,1,1,0","buikuuh,neck,3,-320,-4,0,8,1,1,0","buikuuh,body,14,-216,1,0,11,1,1,0","buikuuh,arm_up,-50,-239,31.6,0,4,1,1,0","buikuuh,arm_low,-17,-174,51,0,4,1,1,0","buikuuh,open,57,-136,62,0,4,1,1,0","buikuuh,arm_up,76,-258,10,1,21,1,1,0","buikuuh,arm_low,113,-203,47,1,22,1,1,0","buikuuh,fist_back,160,-164,53,0,22,0.9,0.9,0","buikuuh,leg_up,-42,-104,-17,0,11,1,1,0","buikuuh,leg_low,-75,-39,-43,0,13,1,1,0","buikuuh,foot,-74,-2,-14,0,16,1,1,0","buikuuh,leg_up,76,-99,34,0,12,1,1,0","buikuuh,leg_low,97,-43,-11,0,16,1,1,0","buikuuh,foot,112,-3,-1,0,18,1,1,0",,,"buikuuh,beard,36,-208,2,0,5,1,1,0",,,,,,,,,,,,,,,,,,,,,,,,,,,,,,,,,,,,,,,,,,,,,,,,,,,,,,,,,,,,,,,,,,,,,,,,,,,,,,,,,,,,,,,,,,,"magic_rune,base,66,-150,10,1,4,1,1,0",,,,,,,,play_time_mod_0.2,,
Skill3/12,"buikuuh,head,11,-352,11,0,5,1,1,0","buikuuh,neck,3,-320,-4,0,8,1,1,0","buikuuh,body,14,-216,1,0,11,1,1,0","buikuuh,arm_up,-46,-240,36.6,0,4,1,1,0","buikuuh,arm_low,-4,-202,86,0,4,1,1,0","buikuuh,open,78,-211,97,0,4,1,1,0","buikuuh,arm_up,76,-258,10,1,21,1,1,0","buikuuh,arm_low,113,-204,50,1,22,1,1,0","buikuuh,fist_back,160,-169,55,0,22,0.9,0.9,0","buikuuh,leg_up,-43,-104,-18,0,11,1,1,0","buikuuh,leg_low,-77,-40,-44,0,13,1,1,0","buikuuh,foot,-76,-4,-16,0,16,1,1,0","buikuuh,leg_up,76,-99,36,0,12,1,1,0","buikuuh,leg_low,99,-43,-10,0,16,1,1,0","buikuuh,foot,112,-3,-4,0,18,1,1,0",,,"buikuuh,beard,39,-209,3,0,5,1,1,0",,,,,,,,,,,,,,,,,,,,,,,,,,,,,,,,,,,,,,,,,,,,,,,,,,,,,,,,,,,,,,,,,,,,,,,,,,,,,,,,,,,,,,,,,,,"magic_rune,base,192,-225,-30,1,4,1,1,1",,,,,,,,,,
Skill3/13,"buikuuh,head,11,-352,12,0,5,1,1,0","buikuuh,neck,3,-320,-4,0,8,1,1,0","buikuuh,body,14,-216,1,0,11,1,1,0","buikuuh,arm_up,-44,-240,38.6,0,4,1,1,0","buikuuh,arm_low,-1,-205,92,0,4,1,1,0","buikuuh,open,81,-224,103,0,4,1,1,0","buikuuh,arm_up,76,-258,10,1,21,1,1,0","buikuuh,arm_low,113,-204,54,1,22,1,1,0","buikuuh,fist_back,160,-174,57,0,22,0.9,0.9,0","buikuuh,leg_up,-43,-104,-18,0,11,1,1,0","buikuuh,leg_low,-77,-40,-44,0,13,1,1,0","buikuuh,foot,-76,-4,-16,0,16,1,1,0","buikuuh,leg_up,76,-99,36,0,12,1,1,0","buikuuh,leg_low,99,-43,-10,0,16,1,1,0","buikuuh,foot,112,-3,-4,0,18,1,1,0",,,"buikuuh,beard,41,-209,5,0,5,1,1,0",,,,,,,,,,,,,,,,,,,,,,,,,,,,,,,,,,,,,,,,,,,,,,,,,,,,,,,,,,,,,,,,,,,,,,,,,,,,,,,,,,,,,,,,,,,,,,,,,,,,,
Skill3/14,"buikuuh,head,13,-352,5,0,5,1,1,0","buikuuh,neck,3,-320,-4,0,8,1,1,0","buikuuh,body,14,-216,1,0,11,1,1,0","buikuuh,arm_up,-60,-244,11.6,0,4,1,1,0","buikuuh,arm_low,-45,-178,41,0,4,1,1,0","buikuuh,fist,0,-135,52,0,4,1,1,0","buikuuh,arm_up,76,-258,10,1,21,1,1,0","buikuuh,arm_low,113,-202,43,1,22,1,1,0","buikuuh,fist_back,159,-157,50,0,22,0.9,0.9,0","buikuuh,leg_up,-42,-104,-17,0,11,1,1,0","buikuuh,leg_low,-75,-39,-43,0,13,1,1,0","buikuuh,foot,-74,-2,-14,0,16,1,1,0","buikuuh,leg_up,76,-99,34,0,12,1,1,0","buikuuh,leg_low,97,-43,-11,0,16,1,1,0","buikuuh,foot,112,-3,-1,0,18,1,1,0",,,"buikuuh,beard,30,-205,-1,0,5,1,1,0",,,,,,,,,,,,,,,,,,,,,,,,,,,,,,,,,,,,,,,,,,,,,,,,,,,,,,,,,,,,,,,,,,,,,,,,,,,,,,,,,,,,,,,,,,,,,,,,,,,,,
Skill3/15,"buikuuh,head,11,-352,2,0,2,1,1,0","buikuuh,neck,3,-320,-4,0,5,1,1,0","buikuuh,body,13,-216,0,0,8,1,1,0","buikuuh,arm_up,-72,-252,-3.4,0,4,1,1,0","buikuuh,arm_low,-74,-184,26,0,4,1,1,0","buikuuh,fist,-42,-133,37,0,4,1,1,0","buikuuh,arm_up,76,-254,3,1,18,1,1,0","buikuuh,arm_low,99,-188,13,1,19,1,1,0","buikuuh,fist_back,113,-119,8,0,19,0.9,0.9,0","buikuuh,leg_up,-31,-108,-15,0,8,1,1,0","buikuuh,leg_low,-51,-39,-19,0,10,1,1,0","buikuuh,foot,-38,1,-2,0,13,1,1,0","buikuuh,leg_up,69,-109,27,0,9,1,1,0","buikuuh,leg_low,91,-43,1,0,13,1,1,0","buikuuh,foot,112,-3,1,0,15,1,1,0",,,"buikuuh,beard,28,-203,-1,0,0,1,1,0",,,,,,,,,,,,,,,,,,,,,,,,,,,,,,,,,,,,,,,,,,,,,,,,,,,,,,,,,,,,,,,,,,,,,,,,,,,,,,,,,,,,,,,,,,,,,,,,,,,,,
Skill3/16,"buikuuh,head,14,-353,0,0,2,1,1,0","buikuuh,neck,3,-321,-3,0,5,1,1,0","buikuuh,body,13,-216,0,0,8,1,1,0","buikuuh,arm_up,-65,-254,-3.4,0,4,1,1,0","buikuuh,arm_low,-81,-175,7,0,6,1,1,0","buikuuh,fist,-69,-112,12,0,6,1,1,0","buikuuh,arm_up,76,-254,3,1,18,1,1,0","buikuuh,arm_low,97,-188,14,1,19,1,1,0","buikuuh,fist_back,109,-120,6,0,19,0.9,0.9,0","buikuuh,leg_up,-30,-108,-12,0,8,1,1,0","buikuuh,leg_low,-43,-39,-17,0,10,1,1,0","buikuuh,foot,-32,1,0,0,13,1,1,0","buikuuh,leg_up,69,-109,23,0,9,1,1,0","buikuuh,leg_low,91,-43,5,0,13,1,1,0","buikuuh,foot,112,-3,0,0,15,1,1,0",,,"buikuuh,beard,26,-206,-2,0,0,1,1,0",,,,,,,,,,,,,,,,,,,,,,,,,,,,,,,,,,,,,,,,,,,,,,,,,,,,,,,,,,,,,,,,,,,,,,,,,,,,,,,,,,,,,,,,,,,,,,,,,,,,,
EVENT_Join/0,"buikuuh,head,-194,-354,-4,0,2,1,1,0","buikuuh,neck,-210,-321,-3,0,5,1,1,0","buikuuh,body,-196,-214,0,0,8,1,1,0","buikuuh,arm_up,-278,-258,-15.4,0,4,1,1,0","buikuuh,arm_low,-305,-185,2,0,6,1,1,0","buikuuh,fist,-293,-118,7,0,6,1,1,0","buikuuh,arm_up,-121,-250,11,1,18,1,1,0","buikuuh,arm_low,-71,-190,57,1,19,1,1,0","buikuuh,open,5,-153,59,0,22,0.9,0.9,0","buikuuh,leg_up,-245,-106,-15,0,8,1,1,0","buikuuh,leg_low,-267,-37,-26,0,10,1,1,0","buikuuh,foot,-259,0,-3,0,13,1,1,0","buikuuh,leg_up,-144,-109,26,0,9,1,1,0","buikuuh,leg_low,-119,-43,1,0,13,1,1,0","buikuuh,foot,-99,-5,3,0,15,1,1,0",,,"buikuuh,beard,-188,-205,-5,0,0,1,1,0",,,,,,,,,,"vasla,head,149,-342,2,1,4,1,1,0","vasla,neck,129,-333,49,1,7,1,1,0","vasla,body,234,-230,47,1,6,1,1,0","vasla,arm_up,168,-233,-37.6,1,4,1,1,0","vasla,arm_low,83,-184,-71,1,6,1,1,0","vasla,open,6,-159,-68,1,7,0.9,0.9,0","vasla,arm_up,129,-227,-1,1,18,1,1,0","vasla,arm_low,117,-126,-14,0,19,1,1,0","vasla,open_back,96,-39,-20,1,21,0.9,0.9,0","vasla,leg_up,285,-140,-25,1,6,1,1,0","vasla,leg_low,321,-70,61,1,10,1,1,0","vasla,foot,346,-13,15,1,13,1,1,0","vasla,leg_up,214,-154,-41,1,9,1,1,0","vasla,leg_low,178,-78,-14,1,13,1,1,0","vasla,foot,142,-14,4,1,15,1,1,0",,,,,,,,,,,,,,,,,,,,,,,,,,,,,,,,,,,,,,,,,,,,,,,,,,,,,,,,,,,,,,,,,,,,,,,,,,,,,
GRAND_Attack/0,"buikuuh,head,14,-352,-1,0,2,1,1,0","buikuuh,neck,3,-320,-4,0,5,1,1,0","buikuuh,body,13,-216,0,0,8,1,1,0","buikuuh,arm_up,-66,-254,-4.4,0,4,1,1,0","buikuuh,arm_low,-82,-175,7,0,6,1,1,0","buikuuh,fist,-72,-112,8,0,6,1,1,0","buikuuh,arm_up,76,-254,3,1,18,1,1,0","buikuuh,arm_low,97,-188,12,1,19,1,1,0","buikuuh,fist_back,107,-119,5,0,19,0.9,0.9,0","buikuuh,leg_up,-30,-108,-12,0,8,1,1,0","buikuuh,leg_low,-43,-39,-17,0,10,1,1,0","buikuuh,foot,-32,1,0,0,13,1,1,0","buikuuh,leg_up,69,-109,23,0,9,1,1,0","buikuuh,leg_low,91,-43,5,0,13,1,1,0","buikuuh,foot,112,-3,0,0,15,1,1,0",,,"buikuuh,beard,25,-205,-3,0,0,1,1,0",,,,,,,,,,,,,,,,,,,,,,,,,,,,,,,,,,,,,,,,,,,,,,,,,,,,,,,,,,,,,,,,,,,,,,,,,,,,,,,,,,,,,,,,,,,,,,,,,,,,,
GRAND_Attack/1,"buikuuh,head,15,-352,-3,0,2,1,1,0","buikuuh,neck,3,-320,-4,0,5,1,1,0","buikuuh,body,13,-216,0,0,8,1,1,0","buikuuh,arm_up,-65,-254,-6.4,0,4,1,1,0","buikuuh,arm_low,-69,-183,27,0,6,1,1,0","buikuuh,fist,-29,-128,48,0,6,1,1,0","buikuuh,arm_up,76,-254,3,1,18,1,1,0","buikuuh,arm_low,96,-188,10,1,19,1,1,0","buikuuh,fist_back,104,-119,5,0,19,0.9,0.9,0","buikuuh,leg_up,-30,-108,-12,0,8,1,1,0","buikuuh,leg_low,-43,-39,-17,0,10,1,1,0","buikuuh,foot,-32,1,0,0,13,1,1,0","buikuuh,leg_up,69,-109,23,0,9,1,1,0","buikuuh,leg_low,91,-43,5,0,13,1,1,0","buikuuh,foot,112,-3,0,0,15,1,1,0",,,"buikuuh,beard,25,-205,-2,0,0,1,1,0",,,,,,,,,,,,,,,,,,,,,,,,,,,,,,,,,,,,,,,,,,,,,,,,,,,,,,,,,,,,,,,,,,,,,,,,,,,,,,,,,,,,,,,,,,,,,,,,,,,,,
GRAND_Attack/2,"buikuuh,head,15,-352,-4,0,2,1,1,0","buikuuh,neck,3,-320,-4,0,5,1,1,0","buikuuh,body,13,-216,0,0,8,1,1,0","buikuuh,arm_up,-66,-253,0.6,0,4,1,1,0","buikuuh,arm_low,-52,-199,57,0,6,1,1,0","buikuuh,fist,7,-172,78,0,6,1,1,0","buikuuh,arm_up,76,-254,3,1,18,1,1,0","buikuuh,arm_low,95,-188,8,1,19,1,1,0","buikuuh,fist_back,102,-119,1,0,19,0.9,0.9,0","buikuuh,leg_up,-30,-108,-12,0,8,1,1,0","buikuuh,leg_low,-43,-39,-17,0,10,1,1,0","buikuuh,foot,-32,1,0,0,13,1,1,0","buikuuh,leg_up,69,-109,23,0,9,1,1,0","buikuuh,leg_low,91,-43,5,0,13,1,1,0","buikuuh,foot,112,-3,0,0,15,1,1,0",,,"buikuuh,beard,27,-204,1,0,0,1,1,0",,,,,,,,,,,,,,,,,,,,,,,,,,,,,,,,,,,,,,,,,,,,,,,,,,,,,,,,,,,,,,,,,,,,,,,,,,,,,,,,,,,,,,,,,,,,,,,,,,,,,
GRAND_Attack/3,"buikuuh,head,15,-352,-2,0,2,1,1,0","buikuuh,neck,3,-320,-4,0,5,1,1,0","buikuuh,body,13,-216,0,0,8,1,1,0","buikuuh,arm_up,-69,-251,3.6,0,4,1,1,0","buikuuh,arm_low,-52,-200,60,0,6,1,1,0","buikuuh,fist,10,-176,81,0,6,1,1,0","buikuuh,arm_up,76,-254,3,1,18,1,1,0","buikuuh,arm_low,95,-188,8,1,19,1,1,0","buikuuh,fist_back,102,-119,1,0,19,0.9,0.9,0","buikuuh,leg_up,-30,-108,-12,0,8,1,1,0","buikuuh,leg_low,-43,-39,-17,0,10,1,1,0","buikuuh,foot,-32,1,0,0,13,1,1,0","buikuuh,leg_up,69,-109,23,0,9,1,1,0","buikuuh,leg_low,91,-43,5,0,13,1,1,0","buikuuh,foot,112,-3,0,0,15,1,1,0",,,"buikuuh,beard,23,-204,-5,0,0,1,1,0",,,,,,,,,,,,,,,,,,,,,,,,,,,,,,,,,,,,,,,,,,,,,,,,,,,,,,,,,,,,,,,,,,,,,,,,,,,,,,,,,,,,,,,,,,,,,,,,,,,,,
GRAND_Attack/4,"buikuuh,head,15,-352,-4,0,2,1,1,0","buikuuh,neck,3,-320,-4,0,5,1,1,0","buikuuh,body,13,-216,0,0,8,1,1,0","buikuuh,arm_up,-66,-253,0.6,0,4,1,1,0","buikuuh,arm_low,-52,-199,57,0,6,1,1,0","buikuuh,fist,7,-172,78,0,6,1,1,0","buikuuh,arm_up,76,-254,3,1,18,1,1,0","buikuuh,arm_low,95,-188,8,1,19,1,1,0","buikuuh,fist_back,102,-119,1,0,19,0.9,0.9,0","buikuuh,leg_up,-30,-108,-12,0,8,1,1,0","buikuuh,leg_low,-43,-39,-17,0,10,1,1,0","buikuuh,foot,-32,1,0,0,13,1,1,0","buikuuh,leg_up,69,-109,23,0,9,1,1,0","buikuuh,leg_low,91,-43,5,0,13,1,1,0","buikuuh,foot,112,-3,0,0,15,1,1,0",,,"buikuuh,beard,27,-204,1,0,0,1,1,0",,,,,,,,,,,,,,,,,,,,,,,,,,,,,,,,,,,,,,,,,,,,,,,,,,,,,,,,,,,,,,,,,,,,,,,,,,,,,,,,,,,,,,,,,,,,,,,,,,,,,
GRAND_Attack/5,"buikuuh,head,15,-352,-3,0,2,1,1,0","buikuuh,neck,3,-320,-4,0,5,1,1,0","buikuuh,body,13,-216,0,0,8,1,1,0","buikuuh,arm_up,-65,-254,-6.4,0,4,1,1,0","buikuuh,arm_low,-69,-183,27,0,6,1,1,0","buikuuh,fist,-29,-128,48,0,6,1,1,0","buikuuh,arm_up,76,-254,3,1,18,1,1,0","buikuuh,arm_low,96,-188,10,1,19,1,1,0","buikuuh,fist_back,104,-119,5,0,19,0.9,0.9,0","buikuuh,leg_up,-30,-108,-12,0,8,1,1,0","buikuuh,leg_low,-43,-39,-17,0,10,1,1,0","buikuuh,foot,-32,1,0,0,13,1,1,0","buikuuh,leg_up,69,-109,23,0,9,1,1,0","buikuuh,leg_low,91,-43,5,0,13,1,1,0","buikuuh,foot,112,-3,0,0,15,1,1,0",,,"buikuuh,beard,25,-205,-2,0,0,1,1,0",,,,,,,,,,,,,,,,,,,,,,,,,,,,,,,,,,,,,,,,,,,,,,,,,,,,,,,,,,,,,,,,,,,,,,,,,,,,,,,,,,,,,,,,,,,,,,,,,,,,,
GRAND_Attack/6,"buikuuh,head,11,-352,2,0,2,1,1,0","buikuuh,neck,3,-320,-4,0,5,1,1,0","buikuuh,body,13,-216,0,0,8,1,1,0","buikuuh,arm_up,-61,-265,-26.4,0,4,1,1,0","buikuuh,arm_low,-89,-200,7,0,6,1,1,0","buikuuh,open,-65,-113,18,0,6,1,1,0","buikuuh,arm_up,76,-254,3,1,18,1,1,0","buikuuh,arm_low,99,-188,13,1,19,1,1,0","buikuuh,fist_back,113,-119,8,0,19,0.9,0.9,0","buikuuh,leg_up,-31,-108,-15,0,8,1,1,0","buikuuh,leg_low,-51,-39,-19,0,10,1,1,0","buikuuh,foot,-38,1,-2,0,13,1,1,0","buikuuh,leg_up,69,-109,27,0,9,1,1,0","buikuuh,leg_low,91,-43,1,0,13,1,1,0","buikuuh,foot,112,-3,1,0,15,1,1,0",,,"buikuuh,beard,28,-203,-1,0,0,1,1,0",,,,,,,,,,,,,,,,,,,,,,,,,,,,,,,,,,,,,,,,,,,,,,,,,,,,,,,,,,,,,,,,,,,,,,,,,,,,,,,,,,,,,,,,,,,"earth_rune,base,-73,-128,20,1,5,1,1,0",,,,,,,,,,
GRAND_Attack/7,"buikuuh,head,11,-352,5,0,2,1,1,0","buikuuh,neck,3,-320,-4,0,5,1,1,0","buikuuh,body,13,-216,0,0,8,1,1,0","buikuuh,arm_up,-68,-264,-30.4,0,4,1,1,0","buikuuh,arm_low,-120,-202,-23,0,6,1,1,0","buikuuh,open,-130,-123,-5,0,6,1,1,0","buikuuh,arm_up,75,-260,8,1,18,1,1,0","buikuuh,arm_low,106,-197,26,1,19,1,1,0","buikuuh,fist_back,136,-133,23,0,19,0.9,0.9,0","buikuuh,leg_up,-39,-104,-14,0,8,1,1,0","buikuuh,leg_low,-66,-39,-38,0,10,1,1,0","buikuuh,foot,-62,-4,-8,0,13,1,1,0","buikuuh,leg_up,74,-104,32,0,9,1,1,0","buikuuh,leg_low,94,-43,-6,0,13,1,1,0","buikuuh,foot,112,-3,1,0,15,1,1,0",,,"buikuuh,beard,26,-206,-3,0,0,1,1,0",,,,,,,,,,,,,,,,,,,,,,,,,,,,,,,,,,,,,,,,,,,,,,,,,,,,,,,,,,,,,,,,,,,,,,,,,,,,,,,,,,,,,,,,,,,"earth_rune,base,-130,-125,-4,1,5,1,1,0",,,,,,,,,,
GRAND_Attack/8,"buikuuh,head,11,-352,6,0,2,1,1,0","buikuuh,neck,3,-320,-4,0,5,1,1,0","buikuuh,body,13,-216,0,0,8,1,1,0","buikuuh,arm_up,-67,-265,-40.4,0,4,1,1,0","buikuuh,arm_low,-131,-222,-43,0,6,1,1,0","buikuuh,open,-180,-150,-32,0,6,1,1,0","buikuuh,arm_up,76,-258,10,1,18,1,1,0","buikuuh,arm_low,108,-200,30,1,19,1,1,0","buikuuh,fist_back,141,-135,25,0,19,0.9,0.9,0","buikuuh,leg_up,-41,-104,-16,0,8,1,1,0","buikuuh,leg_low,-70,-39,-40,0,10,1,1,0","buikuuh,foot,-68,-1,-8,0,13,1,1,0","buikuuh,leg_up,74,-104,32,0,9,1,1,0","buikuuh,leg_low,94,-43,-6,0,13,1,1,0","buikuuh,foot,112,-3,1,0,15,1,1,0",,,"buikuuh,beard,26,-206,-4,0,0,1,1,0",,,,,,,,,,,,,,,,,,,,,,,,,,,,,,,,,,,,,,,,,,,,,,,,,,,,,,,,,,,,,,,,,,,,,,,,,,,,,,,,,,,,,,,,,,,"earth_rune,base,-173,-165,-30,1,5,1,1,0",,,,,,,,,,
GRAND_Attack/9,"buikuuh,head,11,-352,7,0,5,1,1,0","buikuuh,neck,3,-320,-4,0,8,1,1,0","buikuuh,body,14,-216,1,0,11,1,1,0","buikuuh,arm_up,-71,-260,-12.4,0,5,1,1,0","buikuuh,arm_low,-92,-187,7,0,5,1,1,0","buikuuh,open,-69,-103,18,0,5,1,1,0","buikuuh,arm_up,76,-258,10,1,21,1,1,0","buikuuh,arm_low,110,-200,41,1,22,1,1,0","buikuuh,fist_back,156,-150,45,0,22,0.9,0.9,0","buikuuh,leg_up,-41,-104,-16,0,11,1,1,0","buikuuh,leg_low,-73,-39,-42,0,13,1,1,0","buikuuh,foot,-72,-2,-12,0,16,1,1,0","buikuuh,leg_up,76,-100,33,0,12,1,1,0","buikuuh,leg_low,97,-43,-11,0,16,1,1,0","buikuuh,foot,112,-3,-1,0,18,1,1,0",,,"buikuuh,beard,29,-206,-1,0,5,1,1,0",,,,,,,,,,,,,,,,,,,,,,,,,,,,,,,,,,,,,,,,,,,,,,,,,,,,,,,,,,,,,,,,,,,,,,,,,,,,,,,,,,,,,,,,,,,"earth_rune,base,-75,-118,20,1,4,1,1,0",,,,,,,,play_time_mod_0.2,,
GRAND_Attack/10,"buikuuh,head,11,-352,8,0,5,1,1,0","buikuuh,neck,3,-320,-4,0,8,1,1,0","buikuuh,body,14,-216,1,0,11,1,1,0","buikuuh,arm_up,-60,-244,11.6,0,4,1,1,0","buikuuh,arm_low,-51,-172,31,0,4,1,1,0","buikuuh,open,5,-111,42,0,4,1,1,0","buikuuh,arm_up,76,-258,10,1,21,1,1,0","buikuuh,arm_low,113,-202,43,1,22,1,1,0","buikuuh,fist_back,159,-157,50,0,22,0.9,0.9,0","buikuuh,leg_up,-42,-104,-17,0,11,1,1,0","buikuuh,leg_low,-75,-39,-43,0,13,1,1,0","buikuuh,foot,-74,-2,-14,0,16,1,1,0","buikuuh,leg_up,76,-99,34,0,12,1,1,0","buikuuh,leg_low,97,-43,-11,0,16,1,1,0","buikuuh,foot,112,-3,-1,0,18,1,1,0",,,"buikuuh,beard,33,-208,1,0,5,1,1,0",,,,,,,,,,,,,,,,,,,,,,,,,,,,,,,,,,,,,,,,,,,,,,,,,,,,,,,,,,,,,,,,,,,,,,,,,,,,,,,,,,,,,,,,,,,"earth_rune,base,5,-120,30,1,4,1,1,0",,,,,,,,play_time_mod_0.1,,
GRAND_Attack/11,"buikuuh,head,11,-352,9,0,5,1,1,0","buikuuh,neck,3,-320,-4,0,8,1,1,0","buikuuh,body,14,-216,1,0,11,1,1,0","buikuuh,arm_up,-50,-239,31.6,0,4,1,1,0","buikuuh,arm_low,-17,-174,51,0,4,1,1,0","buikuuh,open,57,-136,62,0,4,1,1,0","buikuuh,arm_up,76,-258,10,1,21,1,1,0","buikuuh,arm_low,113,-203,47,1,22,1,1,0","buikuuh,fist_back,160,-164,53,0,22,0.9,0.9,0","buikuuh,leg_up,-42,-104,-17,0,11,1,1,0","buikuuh,leg_low,-75,-39,-43,0,13,1,1,0","buikuuh,foot,-74,-2,-14,0,16,1,1,0","buikuuh,leg_up,76,-99,34,0,12,1,1,0","buikuuh,leg_low,97,-43,-11,0,16,1,1,0","buikuuh,foot,112,-3,-1,0,18,1,1,0",,,"buikuuh,beard,36,-208,2,0,5,1,1,0",,,,,,,,,,,,,,,,,,,,,,,,,,,,,,,,,,,,,,,,,,,,,,,,,,,,,,,,,,,,,,,,,,,,,,,,,,,,,,,,,,,,,,,,,,,"earth_rune,base,66,-150,10,1,4,1,1,0",,,,,,,,play_time_mod_0.2,,
GRAND_Attack/12,"buikuuh,head,11,-352,11,0,5,1,1,0","buikuuh,neck,3,-320,-4,0,8,1,1,0","buikuuh,body,14,-216,1,0,11,1,1,0","buikuuh,arm_up,-46,-240,36.6,0,4,1,1,0","buikuuh,arm_low,-4,-202,86,0,4,1,1,0","buikuuh,open,78,-211,97,0,4,1,1,0","buikuuh,arm_up,76,-258,10,1,21,1,1,0","buikuuh,arm_low,113,-204,50,1,22,1,1,0","buikuuh,fist_back,160,-169,55,0,22,0.9,0.9,0","buikuuh,leg_up,-43,-104,-18,0,11,1,1,0","buikuuh,leg_low,-77,-40,-44,0,13,1,1,0","buikuuh,foot,-76,-4,-16,0,16,1,1,0","buikuuh,leg_up,76,-99,36,0,12,1,1,0","buikuuh,leg_low,99,-43,-10,0,16,1,1,0","buikuuh,foot,112,-3,-4,0,18,1,1,0",,,"buikuuh,beard,39,-209,3,0,5,1,1,0",,,,,,,,,,,,,,,,,,,,,,,,,,,,,,,,,,,,,,,,,,,,,,,,,,,,,,,,,,,,,,,,,,,,,,,,,,,,,,,,,,,,,,,,,,,"earth_rune,base,192,-225,-30,1,4,1,1,1",,,,,,,,,,
GRAND_Attack/13,"buikuuh,head,11,-352,12,0,5,1,1,0","buikuuh,neck,3,-320,-4,0,8,1,1,0","buikuuh,body,14,-216,1,0,11,1,1,0","buikuuh,arm_up,-44,-240,38.6,0,4,1,1,0","buikuuh,arm_low,-1,-205,92,0,4,1,1,0","buikuuh,open,81,-224,103,0,4,1,1,0","buikuuh,arm_up,76,-258,10,1,21,1,1,0","buikuuh,arm_low,113,-204,54,1,22,1,1,0","buikuuh,fist_back,160,-174,57,0,22,0.9,0.9,0","buikuuh,leg_up,-43,-104,-18,0,11,1,1,0","buikuuh,leg_low,-77,-40,-44,0,13,1,1,0","buikuuh,foot,-76,-4,-16,0,16,1,1,0","buikuuh,leg_up,76,-99,36,0,12,1,1,0","buikuuh,leg_low,99,-43,-10,0,16,1,1,0","buikuuh,foot,112,-3,-4,0,18,1,1,0",,,"buikuuh,beard,41,-209,5,0,5,1,1,0",,,,,,,,,,,,,,,,,,,,,,,,,,,,,,,,,,,,,,,,,,,,,,,,,,,,,,,,,,,,,,,,,,,,,,,,,,,,,,,,,,,,,,,,,,,,,,,,,,,,,
GRAND_Attack/14,"buikuuh,head,13,-352,5,0,5,1,1,0","buikuuh,neck,3,-320,-4,0,8,1,1,0","buikuuh,body,14,-216,1,0,11,1,1,0","buikuuh,arm_up,-60,-244,11.6,0,4,1,1,0","buikuuh,arm_low,-45,-178,41,0,4,1,1,0","buikuuh,fist,0,-135,52,0,4,1,1,0","buikuuh,arm_up,76,-258,10,1,21,1,1,0","buikuuh,arm_low,113,-202,43,1,22,1,1,0","buikuuh,fist_back,159,-157,50,0,22,0.9,0.9,0","buikuuh,leg_up,-42,-104,-17,0,11,1,1,0","buikuuh,leg_low,-75,-39,-43,0,13,1,1,0","buikuuh,foot,-74,-2,-14,0,16,1,1,0","buikuuh,leg_up,76,-99,34,0,12,1,1,0","buikuuh,leg_low,97,-43,-11,0,16,1,1,0","buikuuh,foot,112,-3,-1,0,18,1,1,0",,,"buikuuh,beard,30,-205,-1,0,5,1,1,0",,,,,,,,,,,,,,,,,,,,,,,,,,,,,,,,,,,,,,,,,,,,,,,,,,,,,,,,,,,,,,,,,,,,,,,,,,,,,,,,,,,,,,,,,,,,,,,,,,,,,
GRAND_Attack/15,"buikuuh,head,11,-352,2,0,2,1,1,0","buikuuh,neck,3,-320,-4,0,5,1,1,0","buikuuh,body,13,-216,0,0,8,1,1,0","buikuuh,arm_up,-72,-252,-3.4,0,4,1,1,0","buikuuh,arm_low,-74,-184,26,0,4,1,1,0","buikuuh,fist,-42,-133,37,0,4,1,1,0","buikuuh,arm_up,76,-254,3,1,18,1,1,0","buikuuh,arm_low,99,-188,13,1,19,1,1,0","buikuuh,fist_back,113,-119,8,0,19,0.9,0.9,0","buikuuh,leg_up,-31,-108,-15,0,8,1,1,0","buikuuh,leg_low,-51,-39,-19,0,10,1,1,0","buikuuh,foot,-38,1,-2,0,13,1,1,0","buikuuh,leg_up,69,-109,27,0,9,1,1,0","buikuuh,leg_low,91,-43,1,0,13,1,1,0","buikuuh,foot,112,-3,1,0,15,1,1,0",,,"buikuuh,beard,28,-203,-1,0,0,1,1,0",,,,,,,,,,,,,,,,,,,,,,,,,,,,,,,,,,,,,,,,,,,,,,,,,,,,,,,,,,,,,,,,,,,,,,,,,,,,,,,,,,,,,,,,,,,,,,,,,,,,,
GRAND_Attack/16,"buikuuh,head,14,-353,0,0,2,1,1,0","buikuuh,neck,3,-321,-3,0,5,1,1,0","buikuuh,body,13,-216,0,0,8,1,1,0","buikuuh,arm_up,-65,-254,-3.4,0,4,1,1,0","buikuuh,arm_low,-81,-175,7,0,6,1,1,0","buikuuh,fist,-69,-112,12,0,6,1,1,0","buikuuh,arm_up,76,-254,3,1,18,1,1,0","buikuuh,arm_low,97,-188,14,1,19,1,1,0","buikuuh,fist_back,109,-120,6,0,19,0.9,0.9,0","buikuuh,leg_up,-30,-108,-12,0,8,1,1,0","buikuuh,leg_low,-43,-39,-17,0,10,1,1,0","buikuuh,foot,-32,1,0,0,13,1,1,0","buikuuh,leg_up,69,-109,23,0,9,1,1,0","buikuuh,leg_low,91,-43,5,0,13,1,1,0","buikuuh,foot,112,-3,0,0,15,1,1,0",,,"buikuuh,beard,26,-206,-2,0,0,1,1,0",,,,,,,,,,,,,,,,,,,,,,,,,,,,,,,,,,,,,,,,,,,,,,,,,,,,,,,,,,,,,,,,,,,,,,,,,,,,,,,,,,,,,,,,,,,,,,,,,,,,,
