Name,p1_head,p1_neck,p1_body,p1_r_arm_up,p1_r_arm_low,p1_r_hand,p1_l_arm_up,p1_l_arm_low,p1_l_hand,p1_r_leg_up,p1_r_leg_low,p1_r_foot,p1_l_leg_up,p1_l_leg_low,p1_l_foot,p1_main_weapon,p1_sub_weapon,p1_special_1,p1_special_2,p1_special_3,p1_special_4,p1_special_5,p1_special_6,p1_special_7,p1_special_8,p1_special_9,p1_special_10,p2_head,p2_neck,p2_body,p2_r_arm_up,p2_r_arm_low,p2_r_hand,p2_l_arm_up,p2_l_arm_low,p2_l_hand,p2_r_leg_up,p2_r_leg_low,p2_r_foot,p2_l_leg_up,p2_l_leg_low,p2_l_foot,p2_main_weapon,p2_sub_weapon,p2_special_1,p2_special_2,p2_special_3,p2_special_4,p2_special_5,p2_special_6,p2_special_7,p2_special_8,p2_special_9,p2_special_10,p3_head,p3_neck,p3_body,p3_r_arm_up,p3_r_arm_low,p3_r_hand,p3_l_arm_up,p3_l_arm_low,p3_l_hand,p3_r_leg_up,p3_r_leg_low,p3_r_foot,p3_l_leg_up,p3_l_leg_low,p3_l_foot,p3_main_weapon,p3_sub_weapon,p3_special_1,p3_special_2,p3_special_3,p3_special_4,p3_special_5,p3_special_6,p3_special_7,p3_special_8,p3_special_9,p3_special_10,p4_head,p4_neck,p4_body,p4_r_arm_up,p4_r_arm_low,p4_r_hand,p4_l_arm_up,p4_l_arm_low,p4_l_hand,p4_r_leg_up,p4_r_leg_low,p4_r_foot,p4_l_leg_up,p4_l_leg_low,p4_l_foot,p4_main_weapon,p4_sub_weapon,p4_special_1,p4_special_2,p4_special_3,p4_special_4,p4_special_5,p4_special_6,p4_special_7,p4_special_8,p4_special_9,p4_special_10,effect_1,effect_2,effect_3,effect_4,effect_5,effect_6,effect_7,effect_8,frame_property,animation_property,sound_effect
EXCLUDE_Bow/0,"nayedien,head,21,-517.4,-2,0,7,1,1,0","nayedien,neck,14,-454.4,0,0,10,1,1,0","nayedien,body,13.2,-322.4,0,0,9,1,1,0",,"nayedien,arm_low,-29.2,-289.6,19,1,8,1,1,0","nayedien,fist,11.2,-240.4,48,0,8,1,1,0",,"nayedien,arm_low,69.2,-286,-28,0,7,1,1,0","nayedien,fist,18.4,-233.2,-51,1,9,1,1,0","nayedien,leg_up,-19,-180.4,0.8,0,11,1,1,0","nayedien,leg_low,-21,-70.4,-2,0,11,1,1,0","nayedien,foot,-24.8,-1.4,-5.6,0,14,1,1,0","nayedien,leg_up,42,-182.4,3.7,0,15,1,1,0","nayedien,leg_low,50,-69.4,3.5,0,14,1,1,0","nayedien,foot,56.2,-4.4,10.5,0,16,1,1,0",,,,,,,,,,,,,,,,,,,,,,,,,,,,,,,,,,,,,,,,,,,,,,,,,,,,,,,,,,,,,,,,,,,,,,,,,,,,,,,,,,,,,,,,,,,,,,,,,,,,,,,,
EXCLUDE_Bow/1,"nayedien,head,41,-509.4,-4,0,7,1,1,0","nayedien,neck,36,-444.4,0,0,10,1,1,0","nayedien,body,23.2,-316.4,-5,0,9,1,1,0",,"nayedien,arm_low,-23.2,-285.6,19,1,8,1,1,0","nayedien,fist,17.2,-236.4,48,0,8,1,1,0",,"nayedien,arm_low,77.2,-278,-32,0,7,1,1,0","nayedien,fist,24.4,-229.2,-51,1,9,1,1,0","nayedien,leg_up,-19,-180.4,0.8,0,11,1,1,0","nayedien,leg_low,-21,-70.4,-2,0,11,1,1,0","nayedien,foot,-24.8,-1.4,-5.6,0,14,1,1,0","nayedien,leg_up,42,-182.4,3.7,0,15,1,1,0","nayedien,leg_low,50,-69.4,3.5,0,14,1,1,0","nayedien,foot,56.2,-4.4,10.5,0,16,1,1,0",,,,,,,,,,,,,,,,,,,,,,,,,,,,,,,,,,,,,,,,,,,,,,,,,,,,,,,,,,,,,,,,,,,,,,,,,,,,,,,,,,,,,,,,,,,,,,,,,,,,,,,,
EXCLUDE_Bow/2,"nayedien,head,57,-503.4,-6,0,7,1,1,0","nayedien,neck,50,-444.4,-2,0,10,1,1,0","nayedien,body,25.2,-316.4,-8,0,9,1,1,0",,"nayedien,arm_low,-19.2,-281.6,19,1,8,1,1,0","nayedien,fist,21.2,-232.4,48,0,8,1,1,0",,"nayedien,arm_low,79.2,-276,-30,0,7,1,1,0","nayedien,fist,26.4,-227.2,-49,1,9,1,1,0","nayedien,leg_up,-19,-180.4,0.8,0,11,1,1,0","nayedien,leg_low,-21,-70.4,-2,0,11,1,1,0","nayedien,foot,-24.8,-1.4,-5.6,0,14,1,1,0","nayedien,leg_up,42,-182.4,3.7,0,15,1,1,0","nayedien,leg_low,50,-69.4,3.5,0,14,1,1,0","nayedien,foot,56.2,-4.4,10.5,0,16,1,1,0",,,,,,,,,,,,,,,,,,,,,,,,,,,,,,,,,,,,,,,,,,,,,,,,,,,,,,,,,,,,,,,,,,,,,,,,,,,,,,,,,,,,,,,,,,,,,,,,,,,,,,,,
EXCLUDE_Bow/3,"nayedien,head,63,-503.4,-7,0,7,1,1,0","nayedien,neck,56,-444.4,-5,0,10,1,1,0","nayedien,body,29.2,-316.4,-11,0,9,1,1,0",,"nayedien,arm_low,-11.2,-285.6,19,1,8,1,1,0","nayedien,fist,29.2,-236.4,48,0,8,1,1,0",,"nayedien,arm_low,91.2,-274,-36,0,7,1,1,0","nayedien,fist,36.4,-231.2,-51,1,9,1,1,0","nayedien,leg_up,-19,-180.4,0.8,0,11,1,1,0","nayedien,leg_low,-21,-70.4,-2,0,11,1,1,0","nayedien,foot,-24.8,-1.4,-5.6,0,14,1,1,0","nayedien,leg_up,42,-182.4,3.7,0,15,1,1,0","nayedien,leg_low,50,-69.4,3.5,0,14,1,1,0","nayedien,foot,56.2,-4.4,10.5,0,16,1,1,0",,,,,,,,,,,,,,,,,,,,,,,,,,,,,,,,,,,,,,,,,,,,,,,,,,,,,,,,,,,,,,,,,,,,,,,,,,,,,,,,,,,,,,,,,,,,,,,,,,,,,,,,
EXCLUDE_Bow/4,"nayedien,head,75,-501.4,-10,0,7,1,1,0","nayedien,neck,62,-444.4,-5,0,10,1,1,0","nayedien,body,33.2,-316.4,-13,0,9,1,1,0",,"nayedien,arm_low,-5.2,-281.6,19,1,8,1,1,0","nayedien,fist,35.2,-232.4,48,0,8,1,1,0",,"nayedien,arm_low,97.2,-272,-35,0,7,1,1,0","nayedien,fist,42.4,-227.2,-51,1,9,1,1,0","nayedien,leg_up,-19,-180.4,0.8,0,11,1,1,0","nayedien,leg_low,-21,-70.4,-2,0,11,1,1,0","nayedien,foot,-24.8,-1.4,-5.6,0,14,1,1,0","nayedien,leg_up,42,-182.4,3.7,0,15,1,1,0","nayedien,leg_low,50,-69.4,3.5,0,14,1,1,0","nayedien,foot,56.2,-4.4,10.5,0,16,1,1,0",,,,,,,,,,,,,,,,,,,,,,,,,,,,,,,,,,,,,,,,,,,,,,,,,,,,,,,,,,,,,,,,,,,,,,,,,,,,,,,,,,,,,,,,,,,,,,,,,,,,,,,,
EXCLUDE_Bow/5,"nayedien,head,99,-483.4,-18,0,7,1,1,0","nayedien,neck,76,-432.4,-5,0,10,1,1,0","nayedien,body,39.2,-306.4,-17,0,9,1,1,0",,"nayedien,arm_low,0.8,-271.6,19,1,8,1,1,0","nayedien,fist,43.2,-224.4,51,0,8,1,1,0",,"nayedien,arm_low,103.2,-264,-33,0,7,1,1,0","nayedien,fist,46.4,-219.2,-49,1,9,1,1,0","nayedien,leg_up,-19,-180.4,0.8,0,11,1,1,0","nayedien,leg_low,-21,-70.4,-2,0,11,1,1,0","nayedien,foot,-24.8,-1.4,-5.6,0,14,1,1,0","nayedien,leg_up,42,-182.4,3.7,0,15,1,1,0","nayedien,leg_low,50,-69.4,3.5,0,14,1,1,0","nayedien,foot,56.2,-4.4,10.5,0,16,1,1,0",,,,,,,,,,,,,,,,,,,,,,,,,,,,,,,,,,,,,,,,,,,,,,,,,,,,,,,,,,,,,,,,,,,,,,,,,,,,,,,,,,,,,,,,,,,,,,,,,,,,,,"hold,play_time_mod_2",,
EXCLUDE_Idle/0,"nayedien,head,21,-523.4,0,0,7,1,1,0","nayedien,neck,14,-460.4,0,0,10,1,1,0","nayedien,body,13.2,-326.4,0,0,9,1,1,0",,"nayedien,arm_low,-29.2,-297.6,19,1,8,1,1,0","nayedien,fist,11.2,-248.4,44,0,8,1,1,0",,"nayedien,arm_low,73.2,-294,-26,0,7,1,1,0","nayedien,fist,24.4,-247.2,-51,1,9,1,1,0","nayedien,leg_up,-19,-180.4,0.8,0,11,1,1,0","nayedien,leg_low,-23,-70.4,-1,0,11,1,1,0","nayedien,foot,-24.8,-1.4,-5.6,0,14,1,1,0","nayedien,leg_up,42,-182.4,3.7,0,15,1,1,0","nayedien,leg_low,52,-69.4,3.5,0,14,1,1,0","nayedien,foot,58.2,-4.4,10.5,0,16,1,1,0",,,,,,,,,,,,,,,,,,,,,,,,,,,,,,,,,,,,,,,,,,,,,,,,,,,,,,,,,,,,,,,,,,,,,,,,,,,,,,,,,,,,,,,,,,,,,,,,,,,,,,,,
EXCLUDE_Idle/1,"nayedien,head,21,-521.4,-1,0,7,1,1,0","nayedien,neck,14,-458.4,0,0,10,1,1,0","nayedien,body,13.2,-326.4,0,0,9,1,1,0",,"nayedien,arm_low,-29.2,-293.6,19,1,8,1,1,0","nayedien,fist,11.2,-244.4,44,0,8,1,1,0",,"nayedien,arm_low,73.2,-290,-26,0,7,1,1,0","nayedien,fist,24.4,-243.2,-51,1,9,1,1,0","nayedien,leg_up,-19,-180.4,0.8,0,11,1,1,0","nayedien,leg_low,-23,-70.4,-1,0,11,1,1,0","nayedien,foot,-24.8,-1.4,-5.6,0,14,1,1,0","nayedien,leg_up,42,-182.4,3.7,0,15,1,1,0","nayedien,leg_low,52,-69.4,3.5,0,14,1,1,0","nayedien,foot,58.2,-4.4,10.5,0,16,1,1,0",,,,,,,,,,,,,,,,,,,,,,,,,,,,,,,,,,,,,,,,,,,,,,,,,,,,,,,,,,,,,,,,,,,,,,,,,,,,,,,,,,,,,,,,,,,,,,,,,,,,,,play_time_mod_1.2,,
EXCLUDE_Idle/2,"nayedien,head,21,-517.4,-2,0,7,1,1,0","nayedien,neck,14,-454.4,0,0,10,1,1,0","nayedien,body,13.2,-322.4,0,0,9,1,1,0",,"nayedien,arm_low,-29.2,-289.6,19,1,8,1,1,0","nayedien,fist,11.2,-240.4,48,0,8,1,1,0",,"nayedien,arm_low,73.2,-286,-26,0,7,1,1,0","nayedien,fist,24.4,-239.2,-51,1,9,1,1,0","nayedien,leg_up,-19,-180.4,0.8,0,11,1,1,0","nayedien,leg_low,-23,-70.4,-1,0,11,1,1,0","nayedien,foot,-24.8,-1.4,-5.6,0,14,1,1,0","nayedien,leg_up,42,-182.4,3.7,0,15,1,1,0","nayedien,leg_low,52,-69.4,3.5,0,14,1,1,0","nayedien,foot,58.2,-4.4,10.5,0,16,1,1,0",,,,,,,,,,,,,,,,,,,,,,,,,,,,,,,,,,,,,,,,,,,,,,,,,,,,,,,,,,,,,,,,,,,,,,,,,,,,,,,,,,,,,,,,,,,,,,,,,,,,,,play_time_mod_1.5,,
EXCLUDE_Idle/3,"nayedien,head,21,-515.4,-3,0,7,1,1,0","nayedien,neck,14,-452.4,0,0,10,1,1,0","nayedien,body,13.2,-320.4,0,0,9,1,1,0",,"nayedien,arm_low,-29.2,-287.6,19,1,8,1,1,0","nayedien,fist,11.2,-238.4,48,0,8,1,1,0",,"nayedien,arm_low,73.2,-284,-26,0,7,1,1,0","nayedien,fist,24.4,-237.2,-51,1,9,1,1,0","nayedien,leg_up,-19,-180.4,0.8,0,11,1,1,0","nayedien,leg_low,-23,-70.4,-1,0,11,1,1,0","nayedien,foot,-24.8,-1.4,-5.6,0,14,1,1,0","nayedien,leg_up,42,-182.4,3.7,0,15,1,1,0","nayedien,leg_low,52,-69.4,3.5,0,14,1,1,0","nayedien,foot,58.2,-4.4,10.5,0,16,1,1,0",,,,,,,,,,,,,,,,,,,,,,,,,,,,,,,,,,,,,,,,,,,,,,,,,,,,,,,,,,,,,,,,,,,,,,,,,,,,,,,,,,,,,,,,,,,,,,,,,,,,,,play_time_mod_1.5,,
EXCLUDE_Idle/4,"nayedien,head,21,-511.4,-5,0,7,1,1,0","nayedien,neck,14,-448.4,0,0,10,1,1,0","nayedien,body,13.2,-318.4,0,0,9,1,1,0",,"nayedien,arm_low,-29.2,-285.6,19,1,8,1,1,0","nayedien,fist,13.2,-236.4,52,0,8,1,1,0",,"nayedien,arm_low,73.2,-282,-26,0,7,1,1,0","nayedien,fist,24.4,-235.2,-51,1,9,1,1,0","nayedien,leg_up,-19,-180.4,0.8,0,11,1,1,0","nayedien,leg_low,-23,-70.4,-1,0,11,1,1,0","nayedien,foot,-24.8,-1.4,-5.6,0,14,1,1,0","nayedien,leg_up,42,-182.4,3.7,0,15,1,1,0","nayedien,leg_low,52,-69.4,3.5,0,14,1,1,0","nayedien,foot,58.2,-4.4,10.5,0,16,1,1,0",,,,,,,,,,,,,,,,,,,,,,,,,,,,,,,,,,,,,,,,,,,,,,,,,,,,,,,,,,,,,,,,,,,,,,,,,,,,,,,,,,,,,,,,,,,,,,,,,,,,,,play_time_mod_1.5,,
EXCLUDE_Idle/5,"nayedien,head,21,-515.4,-3,0,7,1,1,0","nayedien,neck,14,-452.4,0,0,10,1,1,0","nayedien,body,13.2,-320.4,0,0,9,1,1,0",,"nayedien,arm_low,-29.2,-287.6,19,1,8,1,1,0","nayedien,fist,11.2,-238.4,48,0,8,1,1,0",,"nayedien,arm_low,73.2,-284,-26,0,7,1,1,0","nayedien,fist,24.4,-237.2,-51,1,9,1,1,0","nayedien,leg_up,-19,-180.4,0.8,0,11,1,1,0","nayedien,leg_low,-23,-70.4,-1,0,11,1,1,0","nayedien,foot,-24.8,-1.4,-5.6,0,14,1,1,0","nayedien,leg_up,42,-182.4,3.7,0,15,1,1,0","nayedien,leg_low,52,-69.4,3.5,0,14,1,1,0","nayedien,foot,58.2,-4.4,10.5,0,16,1,1,0",,,,,,,,,,,,,,,,,,,,,,,,,,,,,,,,,,,,,,,,,,,,,,,,,,,,,,,,,,,,,,,,,,,,,,,,,,,,,,,,,,,,,,,,,,,,,,,,,,,,,,play_time_mod_1.2,,
EXCLUDE_Idle/6,"nayedien,head,21,-517.4,-2,0,7,1,1,0","nayedien,neck,14,-454.4,0,0,10,1,1,0","nayedien,body,13.2,-322.4,0,0,9,1,1,0",,"nayedien,arm_low,-29.2,-289.6,19,1,8,1,1,0","nayedien,fist,11.2,-240.4,48,0,8,1,1,0",,"nayedien,arm_low,73.2,-286,-26,0,7,1,1,0","nayedien,fist,24.4,-239.2,-51,1,9,1,1,0","nayedien,leg_up,-19,-180.4,0.8,0,11,1,1,0","nayedien,leg_low,-23,-70.4,-1,0,11,1,1,0","nayedien,foot,-24.8,-1.4,-5.6,0,14,1,1,0","nayedien,leg_up,42,-182.4,3.7,0,15,1,1,0","nayedien,leg_low,52,-69.4,3.5,0,14,1,1,0","nayedien,foot,58.2,-4.4,10.5,0,16,1,1,0",,,,,,,,,,,,,,,,,,,,,,,,,,,,,,,,,,,,,,,,,,,,,,,,,,,,,,,,,,,,,,,,,,,,,,,,,,,,,,,,,,,,,,,,,,,,,,,,,,,,,,,,
EXCLUDE_Idle/7,"nayedien,head,21,-521.4,-1,0,7,1,1,0","nayedien,neck,14,-458.4,0,0,10,1,1,0","nayedien,body,13.2,-326.4,0,0,9,1,1,0",,"nayedien,arm_low,-29.2,-293.6,19,1,8,1,1,0","nayedien,fist,11.2,-244.4,44,0,8,1,1,0",,"nayedien,arm_low,73.2,-290,-26,0,7,1,1,0","nayedien,fist,24.4,-243.2,-51,1,9,1,1,0","nayedien,leg_up,-19,-180.4,0.8,0,11,1,1,0","nayedien,leg_low,-23,-70.4,-1,0,11,1,1,0","nayedien,foot,-24.8,-1.4,-5.6,0,14,1,1,0","nayedien,leg_up,42,-182.4,3.7,0,15,1,1,0","nayedien,leg_low,52,-69.4,3.5,0,14,1,1,0","nayedien,foot,58.2,-4.4,10.5,0,16,1,1,0",,,,,,,,,,,,,,,,,,,,,,,,,,,,,,,,,,,,,,,,,,,,,,,,,,,,,,,,,,,,,,,,,,,,,,,,,,,,,,,,,,,,,,,,,,,,,,,,,,,,,,,,
EXCLUDE_Kneel/0,"nayedien,head,37,-503.4,-4,0,7,1,1,0","nayedien,neck,32,-440.4,-3,0,10,1,1,0","nayedien,body,29.2,-310.4,0,0,9,1,1,0",,"nayedien,arm_low,-11.2,-289.6,19,1,8,1,1,0","nayedien,fist,29.2,-240.4,48,0,8,1,1,0",,"nayedien,arm_low,97.2,-276,-19,0,7,1,1,0","nayedien,fist,56.4,-215.2,-38,1,9,1,1,0","nayedien,leg_up,-13,-180.4,-4.2,0,11,1,1,0","nayedien,leg_low,-23,-70.4,-9,0,11,1,1,0","nayedien,foot,-34.8,-1.4,-9.6,0,14,1,1,0","nayedien,leg_up,72,-182.4,11.7,0,15,1,1,0","nayedien,leg_low,88,-69.4,3.5,0,14,1,1,0","nayedien,foot,96.2,-0.4,10.5,0,16,1,1,0",,,,,,,,,,,,,,,,,,,,,,,,,,,,,,,,,,,,,,,,,,,,,,,,,,,,,,,,,,,,,,,,,,,,,,,,,,,,,,,,,,,,,,,,,,,,,,,,,,,,,,,,
EXCLUDE_Kneel/1,"nayedien,head,39,-491.4,-2,0,7,1,1,0","nayedien,neck,38,-428.4,-3,0,10,1,1,0","nayedien,body,35.2,-300.4,1,0,9,1,1,0",,"nayedien,arm_low,-15.2,-255.6,2,1,8,1,1,0","nayedien,fist,7.2,-204.4,27,0,8,1,1,0",,"nayedien,arm_low,105.2,-276,-6,0,7,1,1,0","nayedien,fist,74.4,-203.2,-21,1,9,1,1,0","nayedien,leg_up,-9,-168.4,-18.2,0,11,1,1,0","nayedien,leg_low,-35,-70.4,-15,0,11,1,1,0","nayedien,foot,-50.8,-7.4,-12.6,0,14,1,1,0","nayedien,leg_up,84,-182.4,21.7,0,15,1,1,0","nayedien,leg_low,100,-69.4,-5.5,0,14,1,1,0","nayedien,foot,96.2,-0.4,10.5,0,16,1,1,0",,,,,,,,,,,,,,,,,,,,,,,,,,,,,,,,,,,,,,,,,,,,,,,,,,,,,,,,,,,,,,,,,,,,,,,,,,,,,,,,,,,,,,,,,,,,,,,,,,,,,,play_time_mod_0.7,,
EXCLUDE_Kneel/2,"nayedien,head,57,-461.4,-6,0,7,1,1,0","nayedien,neck,50,-398.4,-7,0,10,1,1,0","nayedien,body,35.2,-270.4,-4,0,9,1,1,0",,"nayedien,arm_low,-47.2,-243.6,-18,1,8,1,1,0","nayedien,fist,-46.8,-178.4,0,0,8,1,1,0","nayedien,arm_up,103.6,-307.2,27,0,8,1,1,0","nayedien,arm_low,121.2,-238,13,0,7,1,1,0","nayedien,open,114.4,-157.2,-10,1,9,1,1,0","nayedien,leg_up,-11,-152.4,-18.2,0,11,1,1,0","nayedien,leg_low,-55,-70.4,-45,0,11,1,1,0","nayedien,foot,-94.8,-15.4,-29.6,0,14,1,1,0","nayedien,leg_up,94,-148.4,50.7,0,15,1,1,0","nayedien,leg_low,112,-69.4,-22.5,0,14,1,1,0","nayedien,foot,96.2,-4.4,0.5,0,16,1,1,0",,,,,,,,,,,,,,,,,,,,,,,,,,,,,,,,,,,,,,,,,,,,,,,,,,,,,,,,,,,,,,,,,,,,,,,,,,,,,,,,,,,,,,,,,,,,,,,,,,,,,,play_time_mod_0.6,,
EXCLUDE_Kneel/3,"nayedien,head,69,-415.4,-6,0,7,1,1,0","nayedien,neck,62,-352.4,-7,0,10,1,1,0","nayedien,body,35.2,-232.4,-9,0,9,1,1,0","nayedien,arm_up,-23.6,-260.4,-25,0,8,1,1,0","nayedien,arm_low,-47.2,-185.6,-21,1,7,1,1,0","nayedien,fist,-56.8,-114.4,-9,0,6,1,1,0","nayedien,arm_up,103.6,-251.2,13,0,8,1,1,0","nayedien,arm_low,125.2,-166,22,0,7,1,1,0","nayedien,open,130.4,-89.2,0,1,9,1,1,0","nayedien,leg_up,-23,-112.4,-16.2,0,11,1,1,0","nayedien,leg_low,-81,-38.4,-63,0,11,1,1,0","nayedien,foot,-130.8,-5.4,-46.6,0,14,1,1,0","nayedien,leg_up,90,-126.4,70.7,0,15,1,1,0","nayedien,leg_low,114,-65.4,-20.5,0,14,1,1,0","nayedien,foot,102.2,-4.4,2.5,0,16,1,1,0",,,,,,,,,,,,,,,,,,,,,,,,,,,,,,,,,,,,,,,,,,,,,,,,,,,,,,,,,,,,,,,,,,,,,,,,,,,,,,,,,,,,,,,,,,,,,,,,,,,,,,play_time_mod_0.5,,
EXCLUDE_Kneel/4,"nayedien,head,69,-377.4,-9,0,7,1,1,0","nayedien,neck,62,-314.4,-7,0,10,1,1,0","nayedien,body,35.2,-192.4,-9,0,9,1,1,0","nayedien,arm_up,-27.6,-254.4,-15,0,8,1,1,0","nayedien,arm_low,-53.2,-163.6,-18,1,7,1,1,0","nayedien,fist,-58.8,-98.4,-9,0,6,1,1,0","nayedien,arm_up,101.6,-235.2,20,0,8,1,1,0","nayedien,arm_low,127.2,-150,21,0,7,1,1,0","nayedien,open,130.4,-73.2,0,1,9,1,1,0","nayedien,leg_up,-17,-64.4,-2.2,0,11,1,1,0","nayedien,leg_low,-79,-18.4,-95,0,11,1,1,0","nayedien,foot,-130.8,-9.4,-60.6,0,14,1,1,0","nayedien,leg_up,90,-98.4,98,0,15,1,1,0","nayedien,leg_low,114,-53.4,-15.5,0,14,1,1,0","nayedien,foot,106.2,3.6,-0.5,0,16,1,1,0",,,,,,,,,,,,,,,,,,,,,,,,,,,,,,,,,,,,,,,,,,,,,,,,,,,,,,,,,,,,,,,,,,,,,,,,,,,,,,,,,,,,,,,,,,,,,,,,,,,,,,,,
EXCLUDE_Kneel/5,"nayedien,head,51,-377.4,-2,0,7,1,1,0","nayedien,neck,50,-314.4,-2,0,10,1,1,0","nayedien,body,27.2,-186.4,-5,0,9,1,1,0","nayedien,arm_up,-27.6,-232.4,-35,0,8,1,1,0","nayedien,arm_low,-49.2,-147.6,-3,1,7,1,1,0","nayedien,fist,-32.8,-90.4,21,0,6,1,1,0","nayedien,arm_up,101.6,-225.2,20,0,8,1,1,0","nayedien,arm_low,129.2,-144,24,0,7,1,1,0","nayedien,open,130.4,-67.2,-19,1,9,1,1,0","nayedien,leg_up,-17,-64.4,-2.2,0,11,1,1,0","nayedien,leg_low,-79,-18.4,-95,0,11,1,1,0","nayedien,foot,-130.8,-9.4,-60.6,0,14,1,1,0","nayedien,leg_up,90,-98.4,98,0,15,1,1,0","nayedien,leg_low,114,-53.4,-15.5,0,14,1,1,0","nayedien,foot,106.2,3.6,-0.5,0,16,1,1,0",,,,,,,,,,,,,,,,,,,,,,,,,,,,,,,,,,,,,,,,,,,,,,,,,,,,,,,,,,,,,,,,,,,,,,,,,,,,,,,,,,,,,,,,,,,,,,,,,,,,,,,,
EXCLUDE_Kneel/6,"nayedien,head,25,-373.4,6,0,7,1,1,0","nayedien,neck,30,-310.4,4,0,10,1,1,0","nayedien,body,25.2,-182.4,-2,0,9,1,1,0","nayedien,arm_up,-35.6,-232.4,-23,0,8,1,1,0","nayedien,arm_low,-43.2,-119.6,10,1,7,1,1,0","nayedien,fist,-12.8,-70.4,39,0,6,1,1,0","nayedien,arm_up,93.6,-225.2,26,0,8,1,1,0","nayedien,arm_low,125.2,-140,24,0,7,1,1,0","nayedien,open,122.4,-67.2,-22,1,9,1,1,0","nayedien,leg_up,-13,-64.4,-2.2,0,11,1,1,0","nayedien,leg_low,-79,-18.4,-95,0,11,1,1,0","nayedien,foot,-130.8,-9.4,-60.6,0,14,1,1,0","nayedien,leg_up,90,-94.4,103,0,15,1,1,0","nayedien,leg_low,114,-53.4,-15.5,0,14,1,1,0","nayedien,foot,106.2,3.6,-0.5,0,16,1,1,0",,,,,,,,,,,,,,,,,,,,,,,,,,,,,,,,,,,,,,,,,,,,,,,,,,,,,,,,,,,,,,,,,,,,,,,,,,,,,,,,,,,,,,,,,,,,,,,,,,,,,,hold,,
EXCLUDE_KneelAsk/0,"nayedien,head,17,-377.4,9,0,7,1,1,0","nayedien,neck,22,-310.4,4,0,10,1,1,0","nayedien,body,21.2,-182.4,0,0,9,1,1,0","nayedien,arm_up,-35.6,-232.4,-23,0,8,1,1,0","nayedien,arm_low,-35.2,-119.6,26,1,7,1,1,0","nayedien,open,13.2,-76.4,54,0,6,1,1,0","nayedien,arm_up,93.6,-225.2,26,0,8,1,1,0","nayedien,arm_low,125.2,-140,26,0,7,1,1,0","nayedien,open,126.4,-67.2,-20,1,9,1,1,0","nayedien,leg_up,-13,-64.4,-2.2,0,11,1,1,0","nayedien,leg_low,-79,-18.4,-95,0,11,1,1,0","nayedien,foot,-130.8,-9.4,-60.6,0,14,1,1,0","nayedien,leg_up,90,-94.4,103,0,15,1,1,0","nayedien,leg_low,114,-53.4,-15.5,0,14,1,1,0","nayedien,foot,106.2,3.6,-0.5,0,16,1,1,0",,,,,,,,,,,,,,,,,,,,,,,,,,,,,,,,,,,,,,,,,,,,,,,,,,,,,,,,,,,,,,,,,,,,,,,,,,,,,,,,,,,,,,,,,,,,,,,,,,,,,,,,
EXCLUDE_KneelAsk/1,"nayedien,head,1,-377.4,11,0,7,1,1,0","nayedien,neck,10,-310.4,9,0,10,1,1,0","nayedien,body,15.2,-182.4,2,0,9,1,1,0","nayedien,arm_up,-51.6,-200.4,-4,0,8,1,1,0","nayedien,arm_low,-27.2,-129.6,68,1,7,1,1,0","nayedien,open,41.2,-126.4,92,0,6,1,1,0","nayedien,arm_up,85.6,-225.2,33,0,8,1,1,0","nayedien,arm_low,125.2,-140,26,0,7,1,1,0","nayedien,open,126.4,-67.2,-20,1,9,1,1,0","nayedien,leg_up,-13,-64.4,-2.2,0,11,1,1,0","nayedien,leg_low,-79,-18.4,-95,0,11,1,1,0","nayedien,foot,-130.8,-9.4,-60.6,0,14,1,1,0","nayedien,leg_up,90,-94.4,103,0,15,1,1,0","nayedien,leg_low,114,-53.4,-15.5,0,14,1,1,0","nayedien,foot,106.2,3.6,-0.5,0,16,1,1,0",,,,,,,,,,,,,,,,,,,,,,,,,,,,,,,,,,,,,,,,,,,,,,,,,,,,,,,,,,,,,,,,,,,,,,,,,,,,,,,,,,,,,,,,,,,,,,,,,,,,,,,,
EXCLUDE_KneelAsk/2,"nayedien,head,-3,-377.4,14,0,7,1,1,0","nayedien,neck,10,-310.4,9,0,10,1,1,0","nayedien,body,15.2,-182.4,2,0,9,1,1,0","nayedien,arm_up,-51.6,-200.4,-4,0,8,1,1,0","nayedien,arm_low,-27.2,-147.6,78,1,7,1,1,0","nayedien,open,41.2,-150.4,82,0,6,1,1,0","nayedien,arm_up,85.6,-225.2,33,0,8,1,1,0","nayedien,arm_low,125.2,-140,26,0,7,1,1,0","nayedien,open,126.4,-67.2,-20,1,9,1,1,0","nayedien,leg_up,-13,-64.4,-2.2,0,11,1,1,0","nayedien,leg_low,-79,-18.4,-95,0,11,1,1,0","nayedien,foot,-130.8,-9.4,-60.6,0,14,1,1,0","nayedien,leg_up,90,-94.4,103,0,15,1,1,0","nayedien,leg_low,114,-53.4,-15.5,0,14,1,1,0","nayedien,foot,106.2,3.6,-0.5,0,16,1,1,0",,,,,,,,,,,,,,,,,,,,,,,,,,,,,,,,,,,,,,,,,,,,,,,,,,,,,,,,,,,,,,,,,,,,,,,,,,,,,,,,,,,,,,,,,,,,,,,,,,,,,,,,
EXCLUDE_KneelAsk/3,"nayedien,head,-9,-379.4,17,0,7,1,1,0","nayedien,neck,10,-310.4,9,0,10,1,1,0","nayedien,body,15.2,-182.4,2,0,9,1,1,0","nayedien,arm_up,-51.6,-200.4,-4,0,8,1,1,0","nayedien,arm_low,-27.2,-161.6,96,1,7,1,1,0","nayedien,twopoint,41.2,-186.4,100,0,6,1,1,0","nayedien,arm_up,85.6,-225.2,33,0,8,1,1,0","nayedien,arm_low,125.2,-140,26,0,7,1,1,0","nayedien,open,126.4,-67.2,-20,1,9,1,1,0","nayedien,leg_up,-13,-64.4,-2.2,0,11,1,1,0","nayedien,leg_low,-79,-18.4,-95,0,11,1,1,0","nayedien,foot,-130.8,-9.4,-60.6,0,14,1,1,0","nayedien,leg_up,90,-94.4,103,0,15,1,1,0","nayedien,leg_low,114,-53.4,-15.5,0,14,1,1,0","nayedien,foot,106.2,3.6,-0.5,0,16,1,1,0",,,,,,,,,,,,,,,,,,,,,,,,,,,,,,,,,,,,,,,,,,,,,,,,,,,,,,,,,,,,,,,,,,,,,,,,,,,,,,,,,,,,,,,,,,,,,,,,,,,,,,hold,,
EXCLUDE_KneelUp/0,"nayedien,head,51,-377.4,-2,0,7,1,1,0","nayedien,neck,50,-314.4,-2,0,10,1,1,0","nayedien,body,27.2,-186.4,-5,0,9,1,1,0","nayedien,arm_up,-27.6,-232.4,-35,0,8,1,1,0","nayedien,arm_low,-37.2,-159.6,26,1,7,1,1,0","nayedien,fist,5.2,-104.4,28,0,6,1,1,0","nayedien,arm_up,95.6,-225.2,24,0,8,1,1,0","nayedien,arm_low,125.2,-144,28,0,7,1,1,0","nayedien,open,130.4,-67.2,-19,1,9,1,1,0","nayedien,leg_up,-17,-64.4,-2.2,0,11,1,1,0","nayedien,leg_low,-79,-18.4,-95,0,11,1,1,0","nayedien,foot,-130.8,-9.4,-60.6,0,14,1,1,0","nayedien,leg_up,90,-98.4,98,0,15,1,1,0","nayedien,leg_low,114,-53.4,-15.5,0,14,1,1,0","nayedien,foot,106.2,3.6,-0.5,0,16,1,1,0",,,,,,,,,,,,,,,,,,,,,,,,,,,,,,,,,,,,,,,,,,,,,,,,,,,,,,,,,,,,,,,,,,,,,,,,,,,,,,,,,,,,,,,,,,,,,,,,,,,,,,,,
EXCLUDE_KneelUp/1,"nayedien,head,69,-415.4,-6,0,7,1,1,0","nayedien,neck,62,-352.4,-7,0,10,1,1,0","nayedien,body,35.2,-232.4,-9,0,9,1,1,0","nayedien,arm_up,-23.6,-260.4,-25,0,8,1,1,0","nayedien,arm_low,-47.2,-185.6,-21,1,7,1,1,0","nayedien,fist,-56.8,-114.4,-9,0,6,1,1,0","nayedien,arm_up,103.6,-251.2,13,0,8,1,1,0","nayedien,arm_low,125.2,-166,22,0,7,1,1,0","nayedien,open,130.4,-89.2,0,1,9,1,1,0","nayedien,leg_up,-23,-112.4,-16.2,0,11,1,1,0","nayedien,leg_low,-81,-38.4,-63,0,11,1,1,0","nayedien,foot,-130.8,-5.4,-46.6,0,14,1,1,0","nayedien,leg_up,90,-126.4,70.7,0,15,1,1,0","nayedien,leg_low,114,-65.4,-20.5,0,14,1,1,0","nayedien,foot,102.2,-4.4,2.5,0,16,1,1,0",,,,,,,,,,,,,,,,,,,,,,,,,,,,,,,,,,,,,,,,,,,,,,,,,,,,,,,,,,,,,,,,,,,,,,,,,,,,,,,,,,,,,,,,,,,,,,,,,,,,,,,,
EXCLUDE_KneelUp/2,"nayedien,head,57,-461.4,-6,0,7,1,1,0","nayedien,neck,50,-398.4,-7,0,10,1,1,0","nayedien,body,35.2,-270.4,-4,0,9,1,1,0",,"nayedien,arm_low,-47.2,-243.6,-18,1,8,1,1,0","nayedien,fist,-46.8,-178.4,0,0,8,1,1,0","nayedien,arm_up,103.6,-307.2,27,0,8,1,1,0","nayedien,arm_low,121.2,-238,13,0,7,1,1,0","nayedien,open,114.4,-157.2,-10,1,9,1,1,0","nayedien,leg_up,-11,-152.4,-18.2,0,11,1,1,0","nayedien,leg_low,-55,-70.4,-45,0,11,1,1,0","nayedien,foot,-94.8,-15.4,-29.6,0,14,1,1,0","nayedien,leg_up,94,-148.4,50.7,0,15,1,1,0","nayedien,leg_low,112,-69.4,-22.5,0,14,1,1,0","nayedien,foot,96.2,-4.4,0.5,0,16,1,1,0",,,,,,,,,,,,,,,,,,,,,,,,,,,,,,,,,,,,,,,,,,,,,,,,,,,,,,,,,,,,,,,,,,,,,,,,,,,,,,,,,,,,,,,,,,,,,,,,,,,,,,,,
EXCLUDE_KneelUp/3,"nayedien,head,35,-491.4,-2,0,7,1,1,0","nayedien,neck,34,-428.4,-3,0,10,1,1,0","nayedien,body,31.2,-300.4,1,0,9,1,1,0",,"nayedien,arm_low,-19.2,-255.6,2,1,8,1,1,0","nayedien,fist,3.2,-204.4,27,0,8,1,1,0",,"nayedien,arm_low,101.2,-276,-6,0,7,1,1,0","nayedien,fist,70.4,-203.2,-21,1,9,1,1,0","nayedien,leg_up,-13,-168.4,-18.2,0,11,1,1,0","nayedien,leg_low,-39,-70.4,-15,0,11,1,1,0","nayedien,foot,-54.8,-7.4,-12.6,0,14,1,1,0","nayedien,leg_up,80,-182.4,21.7,0,15,1,1,0","nayedien,leg_low,96,-69.4,-5.5,0,14,1,1,0","nayedien,foot,92.2,-0.4,10.5,0,16,1,1,0",,,,,,,,,,,,,,,,,,,,,,,,,,,,,,,,,,,,,,,,,,,,,,,,,,,,,,,,,,,,,,,,,,,,,,,,,,,,,,,,,,,,,,,,,,,,,,,,,,,,,,,,
EXCLUDE_KneelUp/4,"nayedien,head,33,-503.4,-4,0,7,1,1,0","nayedien,neck,28,-440.4,-3,0,10,1,1,0","nayedien,body,25.2,-310.4,0,0,9,1,1,0",,"nayedien,arm_low,-15.2,-289.6,19,1,8,1,1,0","nayedien,fist,25.2,-240.4,48,0,8,1,1,0","nayedien,arm_up,99.6,-307.2,27,0,8,1,1,0","nayedien,arm_low,93.2,-276,-19,0,7,1,1,0","nayedien,fist,52.4,-215.2,-38,1,9,1,1,0","nayedien,leg_up,-17,-180.4,-4.2,0,11,1,1,0","nayedien,leg_low,-27,-70.4,-9,0,11,1,1,0","nayedien,foot,-38.8,-1.4,-9.6,0,14,1,1,0","nayedien,leg_up,64,-182.4,5.7,0,15,1,1,0","nayedien,leg_low,74,-69.4,3.5,0,14,1,1,0","nayedien,foot,80.2,-0.4,10.5,0,16,1,1,0",,,,,,,,,,,,,,,,,,,,,,,,,,,,,,,,,,,,,,,,,,,,,,,,,,,,,,,,,,,,,,,,,,,,,,,,,,,,,,,,,,,,,,,,,,,,,,,,,,,,,,play_time_mod_0.7,,
EXCLUDE_Surprise/0,"nayedien,angry,15,-517.4,-7,0,7,1,1,0","nayedien,neck,10,-458.4,-3,0,10,1,1,0","nayedien,body,9.2,-326.4,2,0,9,1,1,0",,"nayedien,arm_low,-13.2,-369.6,139,1,8,1,1,0","nayedien,open,27.2,-444.4,143,0,3,1,1,0",,"nayedien,arm_low,59.2,-298,-72,0,7,1,1,0","nayedien,open,-19.2,-292.8,-87,1,9,1,1,0","nayedien,leg_up,-19,-180.4,0.8,0,11,1,1,0","nayedien,leg_low,-23,-70.4,-1,0,11,1,1,0","nayedien,foot,-24.8,-1.4,-5.6,0,14,1,1,0","nayedien,leg_up,42,-182.4,3.7,0,15,1,1,0","nayedien,leg_low,52,-69.4,3.5,0,14,1,1,0","nayedien,foot,58.2,-4.4,10.5,0,16,1,1,0",,,,,,,,,,,,,,,,,,,,,,,,,,,,,,,,,,,,,,,,,,,,,,,,,,,,,,,,,,,,,,,,,,,,,,,,,,,,,,,,,,,,,,,,,,,,,,,,,,,,,,,play_time_mod_0.7,
EXCLUDE_Surprise/1,"nayedien,angry,15,-521.4,-5,0,7,1,1,0","nayedien,neck,10,-458.4,-3,0,10,1,1,0","nayedien,body,9.2,-326.4,2,0,9,1,1,0",,"nayedien,arm_low,-13.2,-361.6,124,1,8,1,1,0","nayedien,open,41.2,-416.4,130,0,3,1,1,0",,"nayedien,arm_low,59.2,-294,-71,0,7,1,1,0","nayedien,open,-19.2,-274.8,-51,1,9,1,1,0","nayedien,leg_up,-19,-180.4,0.8,0,11,1,1,0","nayedien,leg_low,-23,-70.4,-1,0,11,1,1,0","nayedien,foot,-24.8,-1.4,-5.6,0,14,1,1,0","nayedien,leg_up,42,-182.4,3.7,0,15,1,1,0","nayedien,leg_low,52,-69.4,3.5,0,14,1,1,0","nayedien,foot,58.2,-4.4,10.5,0,16,1,1,0",,,,,,,,,,,,,,,,,,,,,,,,,,,,,,,,,,,,,,,,,,,,,,,,,,,,,,,,,,,,,,,,,,,,,,,,,,,,,,,,,,,,,,,,,,,,,,,,,,,,,,,play_time_mod_0.7,
EXCLUDE_Surprise/2,"nayedien,angry,15,-521.4,-3,0,7,1,1,0","nayedien,neck,10,-458.4,-3,0,10,1,1,0","nayedien,body,9.2,-326.4,2,0,9,1,1,0",,"nayedien,arm_low,-15.2,-327.6,100,1,8,1,1,0","nayedien,open,49.2,-358.4,113,0,3,1,1,0",,"nayedien,arm_low,71.2,-286,-28,0,7,1,1,0","nayedien,open,9.6,-234,-59,1,9,1,1,0","nayedien,leg_up,-19,-180.4,0.8,0,11,1,1,0","nayedien,leg_low,-23,-70.4,-1,0,11,1,1,0","nayedien,foot,-24.8,-1.4,-5.6,0,14,1,1,0","nayedien,leg_up,42,-182.4,3.7,0,15,1,1,0","nayedien,leg_low,52,-69.4,3.5,0,14,1,1,0","nayedien,foot,58.2,-4.4,10.5,0,16,1,1,0",,,,,,,,,,,,,,,,,,,,,,,,,,,,,,,,,,,,,,,,,,,,,,,,,,,,,,,,,,,,,,,,,,,,,,,,,,,,,,,,,,,,,,,,,,,,,,,,,,,,,,,play_time_mod_0.7,
EXCLUDE_Surprise/3,"nayedien,head,13,-525.4,2,0,7,1,1,0","nayedien,neck,14,-458.4,0,0,10,1,1,0","nayedien,body,13.2,-326.4,2,0,9,1,1,0",,"nayedien,arm_low,-21.2,-297.6,50,1,8,1,1,0","nayedien,open,39.2,-272.4,62,0,8,1,1,0",,"nayedien,arm_low,79.2,-290,-11,0,7,1,1,0","nayedien,open,47.6,-206.4,-11,1,9,1,1,0","nayedien,leg_up,-19,-180.4,0.8,0,11,1,1,0","nayedien,leg_low,-23,-70.4,-1,0,11,1,1,0","nayedien,foot,-24.8,-1.4,-5.6,0,14,1,1,0","nayedien,leg_up,42,-182.4,3.7,0,15,1,1,0","nayedien,leg_low,52,-69.4,3.5,0,14,1,1,0","nayedien,foot,58.2,-4.4,10.5,0,16,1,1,0",,,,,,,,,,,,,,,,,,,,,,,,,,,,,,,,,,,,,,,,,,,,,,,,,,,,,,,,,,,,,,,,,,,,,,,,,,,,,,,,,,,,,,,,,,,,,,,,,,,,,,,play_time_mod_0.7,
EXCLUDE_Surprise/4,"nayedien,head,21,-523.4,0,0,7,1,1,0","nayedien,neck,14,-460.4,0,0,10,1,1,0","nayedien,body,13.2,-326.4,0,0,9,1,1,0",,"nayedien,arm_low,-29.2,-297.6,19,1,8,1,1,0","nayedien,fist,11.2,-248.4,44,0,8,1,1,0",,"nayedien,arm_low,85.2,-294,-9,0,7,1,1,0","nayedien,fist,54.4,-227.2,-31,1,9,1,1,0","nayedien,leg_up,-19,-180.4,0.8,0,11,1,1,0","nayedien,leg_low,-23,-70.4,-1,0,11,1,1,0","nayedien,foot,-24.8,-1.4,-5.6,0,14,1,1,0","nayedien,leg_up,42,-182.4,3.7,0,15,1,1,0","nayedien,leg_low,52,-69.4,3.5,0,14,1,1,0","nayedien,foot,58.2,-4.4,10.5,0,16,1,1,0",,,,,,,,,,,,,,,,,,,,,,,,,,,,,,,,,,,,,,,,,,,,,,,,,,,,,,,,,,,,,,,,,,,,,,,,,,,,,,,,,,,,,,,,,,,,,,,,,,,,,,"hold,play_time_mod_1.5",play_time_mod_0.7,
EXCLUDE_Talk/0,"nayedien,head,21,-523.4,0,0,7,1,1,0","nayedien,neck,14,-460.4,0,0,10,1,1,0","nayedien,body,13.2,-326.4,0,0,9,1,1,0",,"nayedien,arm_low,-29.2,-297.6,19,1,8,1,1,0","nayedien,fist,11.2,-248.4,44,0,8,1,1,0",,"nayedien,arm_low,85.2,-294,-9,0,7,1,1,0","nayedien,fist,54.4,-227.2,-31,1,9,1,1,0","nayedien,leg_up,-19,-180.4,0.8,0,11,1,1,0","nayedien,leg_low,-23,-70.4,-1,0,11,1,1,0","nayedien,foot,-24.8,-1.4,-5.6,0,14,1,1,0","nayedien,leg_up,42,-182.4,3.7,0,15,1,1,0","nayedien,leg_low,52,-69.4,3.5,0,14,1,1,0","nayedien,foot,58.2,-4.4,10.5,0,16,1,1,0",,,,,,,,,,,,,,,,,,,,,,,,,,,,,,,,,,,,,,,,,,,,,,,,,,,,,,,,,,,,,,,,,,,,,,,,,,,,,,,,,,,,,,,,,,,,,,,,,,,,,,,play_time_mod_0.7,
EXCLUDE_Talk/1,"nayedien,head,21,-521.4,-1,0,7,1,1,0","nayedien,neck,14,-458.4,0,0,10,1,1,0","nayedien,body,13.2,-326.4,0,0,9,1,1,0",,"nayedien,arm_low,-21.2,-293.6,39,1,8,1,1,0","nayedien,open,37.2,-254.4,49,0,8,1,1,0",,"nayedien,arm_low,97.2,-290,26,0,7,1,1,0","nayedien,open,113.6,-206.4,10,1,9,1,1,0","nayedien,leg_up,-19,-180.4,0.8,0,11,1,1,0","nayedien,leg_low,-23,-70.4,-1,0,11,1,1,0","nayedien,foot,-24.8,-1.4,-5.6,0,14,1,1,0","nayedien,leg_up,42,-182.4,3.7,0,15,1,1,0","nayedien,leg_low,52,-69.4,3.5,0,14,1,1,0","nayedien,foot,58.2,-4.4,10.5,0,16,1,1,0",,,,,,,,,,,,,,,,,,,,,,,,,,,,,,,,,,,,,,,,,,,,,,,,,,,,,,,,,,,,,,,,,,,,,,,,,,,,,,,,,,,,,,,,,,,,,,,,,,,,,,,play_time_mod_0.7,
EXCLUDE_Talk/2,"nayedien,head,21,-517.4,-2,0,7,1,1,0","nayedien,neck,14,-454.4,0,0,10,1,1,0","nayedien,body,13.2,-322.4,0,0,9,1,1,0",,"nayedien,arm_low,-21.2,-299.6,77,1,8,1,1,0","nayedien,twopoint,57.2,-308.4,102,0,4,1,1,0",,"nayedien,arm_low,105.2,-290,22,0,7,1,1,0","nayedien,open,119.6,-204.4,10,0,9,1,1,0","nayedien,leg_up,-19,-180.4,0.8,0,11,1,1,0","nayedien,leg_low,-23,-70.4,-1,0,11,1,1,0","nayedien,foot,-24.8,-1.4,-5.6,0,14,1,1,0","nayedien,leg_up,42,-182.4,3.7,0,15,1,1,0","nayedien,leg_low,52,-69.4,3.5,0,14,1,1,0","nayedien,foot,58.2,-4.4,10.5,0,16,1,1,0",,,,,,,,,,,,,,,,,,,,,,,,,,,,,,,,,,,,,,,,,,,,,,,,,,,,,,,,,,,,,,,,,,,,,,,,,,,,,,,,,,,,,,,,,,,,,,,,,,,,,,,play_time_mod_0.7,
EXCLUDE_Talk/3,"nayedien,head,21,-515.4,-3,0,7,1,1,0","nayedien,neck,14,-452.4,0,0,10,1,1,0","nayedien,body,13.2,-320.4,0,0,9,1,1,0",,"nayedien,arm_low,-17.2,-317.6,102,1,8,1,1,0","nayedien,twopoint,61.2,-360.4,126,0,4,1,1,0",,"nayedien,arm_low,109.2,-290,28,0,7,1,1,0","nayedien,open,137.6,-206.4,25,0,9,1,1,0","nayedien,leg_up,-19,-180.4,0.8,0,11,1,1,0","nayedien,leg_low,-23,-70.4,-1,0,11,1,1,0","nayedien,foot,-24.8,-1.4,-5.6,0,14,1,1,0","nayedien,leg_up,42,-182.4,3.7,0,15,1,1,0","nayedien,leg_low,52,-69.4,3.5,0,14,1,1,0","nayedien,foot,58.2,-4.4,10.5,0,16,1,1,0",,,,,,,,,,,,,,,,,,,,,,,,,,,,,,,,,,,,,,,,,,,,,,,,,,,,,,,,,,,,,,,,,,,,,,,,,,,,,,,,,,,,,,,,,,,,,,,,,,,,,,,play_time_mod_0.7,
EXCLUDE_Talk/4,"nayedien,head,21,-515.4,0,0,7,1,1,0","nayedien,neck,14,-452.4,0,0,10,1,1,0","nayedien,body,13.2,-320.4,0,0,9,1,1,0",,"nayedien,arm_low,-11.2,-333.6,116,1,8,1,1,0","nayedien,twopoint,47.2,-390.4,140,0,4,1,1,0",,"nayedien,arm_low,115.2,-290,33,0,7,1,1,0","nayedien,open,155.6,-218.4,49,0,9,1,1,0","nayedien,leg_up,-19,-180.4,0.8,0,11,1,1,0","nayedien,leg_low,-23,-70.4,-1,0,11,1,1,0","nayedien,foot,-24.8,-1.4,-5.6,0,14,1,1,0","nayedien,leg_up,42,-182.4,3.7,0,15,1,1,0","nayedien,leg_low,52,-69.4,3.5,0,14,1,1,0","nayedien,foot,58.2,-4.4,10.5,0,16,1,1,0",,,,,,,,,,,,,,,,,,,,,,,,,,,,,,,,,,,,,,,,,,,,,,,,,,,,,,,,,,,,,,,,,,,,,,,,,,,,,,,,,,,,,,,,,,,,,,,,,,,,,,"hold,play_time_mod_1.5",play_time_mod_0.7,
EXCLUDE_Walk/0,"nayedien,head,19,-523.4,0,0,7,1,1,0","nayedien,neck,20,-460.4,4,0,10,1,1,0","nayedien,body,15.2,-326.4,-2,0,9,1,1,0",,"nayedien,arm_low,-23.2,-297.6,19,1,8,1,1,0","nayedien,fist,17.2,-252.4,47,0,8,1,1,0",,"nayedien,arm_low,65.2,-288,-28,0,9,1,1,0","nayedien,fist,20.4,-249.2,-47,1,9,1,1,0","nayedien,leg_up,-9,-184.4,6.8,0,11,1,1,0","nayedien,leg_low,-9,-70.4,-5,0,11,1,1,0","nayedien,foot,-20.8,-9.4,-25.6,0,14,1,1,0","nayedien,leg_up,48,-186.4,5.7,0,15,1,1,0","nayedien,leg_low,56,-69.4,1.5,0,14,1,1,0","nayedien,foot,60.2,-4.4,14.5,0,16,1,1,0",,,,,,,,,,,,,,,,,,,,,,,,,,,,,,,,,,,,,,,,,,,,,,,,,,,,,,,,,,,,,,,,,,,,,,,,,,,,,,,,,,,,,,,,,,,,,,,,,,,,,,,,
EXCLUDE_Walk/1,"nayedien,head,23,-519.4,0,0,7,1,1,0","nayedien,neck,24,-456.4,1,0,10,1,1,0","nayedien,body,19.2,-322.4,-2,0,9,1,1,0",,"nayedien,arm_low,-19.2,-293.6,19,1,8,1,1,0","nayedien,fist,21.2,-248.4,47,0,8,1,1,0",,"nayedien,arm_low,71.2,-284,-28,0,9,1,1,0","nayedien,fist,24.4,-243.2,-53,1,9,1,1,0","nayedien,leg_up,-7,-194.4,18.8,0,11,1,1,0","nayedien,leg_low,19,-84.4,4,0,11,1,1,0","nayedien,foot,13.2,-21.4,-23.6,0,14,1,1,0","nayedien,leg_up,40,-186.4,-9.3,0,15,1,1,0","nayedien,leg_low,26,-75.4,-7.5,0,14,1,1,0","nayedien,foot,12.2,-6.4,4.5,0,16,1,1,0",,,,,,,,,,,,,,,,,,,,,,,,,,,,,,,,,,,,,,,,,,,,,,,,,,,,,,,,,,,,,,,,,,,,,,,,,,,,,,,,,,,,,,,,,,,,,,,,,,,,,,,,
EXCLUDE_Walk/2,"nayedien,head,29,-513.4,-2,0,7,1,1,0","nayedien,neck,26,-450.4,-4,0,10,1,1,0","nayedien,body,19.2,-316.4,-5,0,9,1,1,0",,"nayedien,arm_low,-17.2,-287.6,17,1,8,1,1,0","nayedien,fist,21.2,-240.4,46,0,8,1,1,0",,"nayedien,arm_low,71.2,-280,-26,0,9,1,1,0","nayedien,fist,26.4,-237.2,-47,1,9,1,1,0","nayedien,leg_up,-1,-190.4,19.8,0,11,1,1,0","nayedien,leg_low,25,-76.4,8,0,11,1,1,0","nayedien,foot,27.2,-11.4,-15.6,0,14,1,1,0","nayedien,leg_up,34,-186.4,-15.3,0,15,1,1,0","nayedien,leg_low,4,-75.4,-14.5,0,14,1,1,0","nayedien,foot,-5.8,-14.4,2.5,0,16,1,1,0",,,,,,,,,,,,,,,,,,,,,,,,,,,,,,,,,,,,,,,,,,,,,,,,,,,,,,,,,,,,,,,,,,,,,,,,,,,,,,,,,,,,,,,,,,,,,,,,,,,,,,,,
EXCLUDE_Walk/3,"nayedien,head,29,-509.4,-1,0,7,1,1,0","nayedien,neck,30,-446.4,-6,0,10,1,1,0","nayedien,body,19.2,-312.4,-7,0,9,1,1,0",,"nayedien,arm_low,-19.2,-277.6,17,1,8,1,1,0","nayedien,fist,17.2,-234.4,48,0,8,1,1,0",,"nayedien,arm_low,71.2,-270,-28,0,9,1,1,0","nayedien,fist,24.4,-229.2,-53,1,9,1,1,0","nayedien,leg_up,3,-186.4,17.8,0,11,1,1,0","nayedien,leg_low,33,-70.4,13,0,11,1,1,0","nayedien,foot,51.2,-1.4,12.4,0,14,1,1,0","nayedien,leg_up,30,-186.4,-19.3,0,15,1,1,0","nayedien,leg_low,-10,-75.4,-19.5,0,14,1,1,0","nayedien,foot,-23.8,-14.4,2.5,0,16,1,1,0",,,,,,,,,,,,,,,,,,,,,,,,,,,,,,,,,,,,,,,,,,,,,,,,,,,,,,,,,,,,,,,,,,,,,,,,,,,,,,,,,,,,,,,,,,,,,,,,,,,,,,,,
EXCLUDE_Walk/4,"nayedien,head,29,-513.4,-2,0,7,1,1,0","nayedien,neck,26,-450.4,-4,0,10,1,1,0","nayedien,body,19.2,-316.4,-5,0,9,1,1,0",,"nayedien,arm_low,-17.2,-287.6,17,1,8,1,1,0","nayedien,fist,21.2,-240.4,46,0,8,1,1,0",,"nayedien,arm_low,71.2,-278,-26,0,9,1,1,0","nayedien,fist,26.4,-237.2,-47,1,9,1,1,0","nayedien,leg_up,-1,-186.4,11.8,0,11,1,1,0","nayedien,leg_low,17,-70.4,8,0,11,1,1,0","nayedien,foot,25.2,-1.4,12.4,0,14,1,1,0","nayedien,leg_up,42,-188.4,-10.3,0,15,1,1,0","nayedien,leg_low,12,-79.4,-26.5,0,14,1,1,0","nayedien,foot,-11.8,-34.4,-30.5,0,16,1,1,0",,,,,,,,,,,,,,,,,,,,,,,,,,,,,,,,,,,,,,,,,,,,,,,,,,,,,,,,,,,,,,,,,,,,,,,,,,,,,,,,,,,,,,,,,,,,,,,,,,,,,,,,
EXCLUDE_Walk/5,"nayedien,head,23,-515.4,-1,0,7,1,1,0","nayedien,neck,20,-452.4,-1,0,10,1,1,0","nayedien,body,17.2,-318.4,-2,0,9,1,1,0",,"nayedien,arm_low,-27.2,-289.6,20,1,8,1,1,0","nayedien,fist,11.2,-242.4,47,0,8,1,1,0",,"nayedien,arm_low,65.2,-282,-23,0,9,1,1,0","nayedien,fist,20.4,-235.2,-44,1,9,1,1,0","nayedien,leg_up,-15,-190.4,5.8,0,11,1,1,0","nayedien,leg_low,-9,-74.4,0,0,11,1,1,0","nayedien,foot,-2.8,-1.4,6.4,0,14,1,1,0","nayedien,leg_up,46,-188.4,8.7,0,15,1,1,0","nayedien,leg_low,48,-79.4,-2.5,0,14,1,1,0","nayedien,foot,38.2,-16.4,-23.5,0,16,1,1,0",,,,,,,,,,,,,,,,,,,,,,,,,,,,,,,,,,,,,,,,,,,,,,,,,,,,,,,,,,,,,,,,,,,,,,,,,,,,,,,,,,,,,,,,,,,,,,,,,,,,,,,,
EXCLUDE_Walk/6,"nayedien,head,23,-515.4,0,0,7,1,1,0","nayedien,neck,20,-452.4,-1,0,10,1,1,0","nayedien,body,17.2,-318.4,0,0,9,1,1,0",,"nayedien,arm_low,-27.2,-289.6,20,1,8,1,1,0","nayedien,fist,13.2,-244.4,48,0,8,1,1,0",,"nayedien,arm_low,65.2,-282,-21,0,9,1,1,0","nayedien,fist,20.4,-235.2,-44,1,9,1,1,0","nayedien,leg_up,-15,-190.4,-3.2,0,11,1,1,0","nayedien,leg_low,-23,-74.4,-3,0,11,1,1,0","nayedien,foot,-22.8,-1.4,6.4,0,14,1,1,0","nayedien,leg_up,54,-188.4,14.7,0,15,1,1,0","nayedien,leg_low,74,-79.4,8.5,0,14,1,1,0","nayedien,foot,84.2,-10.4,9.5,0,16,1,1,0",,,,,,,,,,,,,,,,,,,,,,,,,,,,,,,,,,,,,,,,,,,,,,,,,,,,,,,,,,,,,,,,,,,,,,,,,,,,,,,,,,,,,,,,,,,,,,,,,,,,,,,,
EXCLUDE_Worry/0,"nayedien,head,21,-521.4,0,0,7,1,1,0","nayedien,neck,14,-458.4,0,0,10,1,1,0","nayedien,body,13.2,-326.4,0,0,9,1,1,0",,"nayedien,arm_low,-29.2,-297.6,19,1,8,1,1,0","nayedien,fist,11.2,-248.4,44,0,8,1,1,0",,"nayedien,arm_low,85.2,-294,-9,0,7,1,1,0","nayedien,fist,54.4,-227.2,-31,1,9,1,1,0","nayedien,leg_up,-19,-180.4,0.8,0,11,1,1,0","nayedien,leg_low,-23,-70.4,-1,0,11,1,1,0","nayedien,foot,-24.8,-1.4,-5.6,0,14,1,1,0","nayedien,leg_up,42,-182.4,3.7,0,15,1,1,0","nayedien,leg_low,52,-69.4,3.5,0,14,1,1,0","nayedien,foot,58.2,-4.4,10.5,0,16,1,1,0",,,,,,,,,,,,,,,,,,,,,,,,,,,,,,,,,,,,,,,,,,,,,,,,,,,,,,,,,,,,,,,,,,,,,,,,,,,,,,,,,,,,,,,,,,,,,,,,,,,,,,,play_time_mod_0.7,
EXCLUDE_Worry/1,"nayedien,head,19,-519.4,0,0,7,1,1,0","nayedien,neck,14,-452.4,0,0,10,1,1,0","nayedien,body,13.2,-326.4,0,0,9,1,1,0",,"nayedien,arm_low,-21.2,-291.6,46,1,8,1,1,0","nayedien,open,45.2,-260.4,68,0,5,1,1,0",,"nayedien,arm_low,79.2,-290,-11,0,7,1,1,0","nayedien,open,43.6,-206.4,-20,1,9,1,1,0","nayedien,leg_up,-19,-180.4,0.8,0,11,1,1,0","nayedien,leg_low,-23,-70.4,-1,0,11,1,1,0","nayedien,foot,-24.8,-1.4,-5.6,0,14,1,1,0","nayedien,leg_up,42,-182.4,3.7,0,15,1,1,0","nayedien,leg_low,52,-69.4,3.5,0,14,1,1,0","nayedien,foot,58.2,-4.4,10.5,0,16,1,1,0",,,,,,,,,,,,,,,,,,,,,,,,,,,,,,,,,,,,,,,,,,,,,,,,,,,,,,,,,,,,,,,,,,,,,,,,,,,,,,,,,,,,,,,,,,,,,,,,,,,,,,,play_time_mod_0.7,
EXCLUDE_Worry/2,"nayedien,head,19,-521.4,-5,0,7,1,1,0","nayedien,neck,14,-458.4,-5,0,10,1,1,0","nayedien,body,13.2,-326.4,0,0,9,1,1,0",,"nayedien,arm_low,-11.2,-285.6,46,1,8,1,1,0","nayedien,fist,55.2,-254.4,65,0,5,1,1,0",,"nayedien,arm_low,75.2,-294,-14,0,7,1,1,0","nayedien,fist,39.6,-212.4,-25,1,9,1,1,0","nayedien,leg_up,-19,-180.4,0.8,0,11,1,1,0","nayedien,leg_low,-23,-70.4,-1,0,11,1,1,0","nayedien,foot,-24.8,-1.4,-5.6,0,14,1,1,0","nayedien,leg_up,42,-182.4,3.7,0,15,1,1,0","nayedien,leg_low,52,-69.4,3.5,0,14,1,1,0","nayedien,foot,58.2,-4.4,10.5,0,16,1,1,0",,,,,,,,,,,,,,,,,,,,,,,,,,,,,,,,,,,,,,,,,,,,,,,,,,,,,,,,,,,,,,,,,,,,,,,,,,,,,,,,,,,,,,,,,,,,,,,,,,,,,,,play_time_mod_0.7,
EXCLUDE_Worry/3,"nayedien,head,23,-521.4,-9,0,7,1,1,0","nayedien,neck,14,-458.4,-5,0,10,1,1,0","nayedien,body,13.2,-326.4,0,0,9,1,1,0",,"nayedien,arm_low,-11.2,-285.6,46,1,8,1,1,0","nayedien,fist,55.2,-254.4,71,0,5,1,1,0",,"nayedien,arm_low,75.2,-294,-18,0,7,1,1,0","nayedien,fist,35.6,-216.4,-32,1,9,1,1,0","nayedien,leg_up,-19,-180.4,0.8,0,11,1,1,0","nayedien,leg_low,-23,-70.4,-1,0,11,1,1,0","nayedien,foot,-24.8,-1.4,-5.6,0,14,1,1,0","nayedien,leg_up,42,-182.4,3.7,0,15,1,1,0","nayedien,leg_low,52,-69.4,3.5,0,14,1,1,0","nayedien,foot,58.2,-4.4,10.5,0,16,1,1,0",,,,,,,,,,,,,,,,,,,,,,,,,,,,,,,,,,,,,,,,,,,,,,,,,,,,,,,,,,,,,,,,,,,,,,,,,,,,,,,,,,,,,,,,,,,,,,,,,,,,,,,play_time_mod_0.7,
EXCLUDE_Worry/4,"nayedien,head,33,-517.4,-11,0,7,1,1,0","nayedien,neck,20,-454.4,-7,0,10,1,1,0","nayedien,body,13.2,-322.4,-4,0,9,1,1,0",,"nayedien,arm_low,-7.2,-285.6,40,1,8,1,1,0","nayedien,fist,55.2,-250.4,66,0,5,1,1,0",,"nayedien,arm_low,75.2,-290,-18,0,7,1,1,0","nayedien,fist,29.6,-222.4,-38,1,9,1,1,0","nayedien,leg_up,-19,-180.4,0.8,0,11,1,1,0","nayedien,leg_low,-23,-70.4,-1,0,11,1,1,0","nayedien,foot,-24.8,-1.4,-5.6,0,14,1,1,0","nayedien,leg_up,42,-182.4,3.7,0,15,1,1,0","nayedien,leg_low,52,-69.4,3.5,0,14,1,1,0","nayedien,foot,58.2,-4.4,10.5,0,16,1,1,0",,,,,,,,,,,,,,,,,,,,,,,,,,,,,,,,,,,,,,,,,,,,,,,,,,,,,,,,,,,,,,,,,,,,,,,,,,,,,,,,,,,,,,,,,,,,,,,,,,,,,,"play_time_mod_1.5,hold",play_time_mod_0.7,
Default/0,"nayedien,head,-16,-507,10,0,7,1,1,0","nayedien,neck,-4,-456,5,0,10,1,1,0","nayedien,body,1,-330,1,0,9,1,1,0","nayedien,arm_up,-104,-360,-19,0,5,1.1,1,0","nayedien,arm_low,-147,-283,-38,0,7,1,1,0","nayedien,open,-208,-226,-61,0,8,0.9,0.9,0","nayedien,arm_up,85,-371,16,1,10,0.9,1.1,0","nayedien,arm_low,123,-282,36,1,15,0.9,0.9,0","nayedien,open,168,-218,38,1,16,0.9,0.9,0","nayedien,leg_up,-42,-188,-9,0,11,1.1,1,0","nayedien,leg_low,-66,-88,-14,0,11,1,1.1,0","nayedien,foot,-96,-14,-15,1,14,1,1,0","nayedien,leg_up,63,-189,21,0,15,1,1,0","nayedien,leg_low,89,-85,9,0,14,0.9,1.1,0","nayedien,foot,111,-10,16,0,16,1,1,0",,,"nayedien,cloak,-42,-289,-5,0,17,1.4,1.4,0",,,,,,,,,,,,,,,,,,,,,,,,,,,,,,,,,,,,,,,,,,,,,,,,,,,,,,,,,,,,,,,,,,,,,,,,,,,,,,,,,,,,,,,,,,,,,,,,,,,,,
Die/0,"nayedien,angry,-19,-509,10,0,7,1,1,0","nayedien,neck,-4,-456,5,0,10,1,1,0","nayedien,body,1,-333,1,0,9,1,1,0","nayedien,arm_up,-101,-358,-16,0,5,1.1,1,0","nayedien,arm_low,-99,-294,51,0,7,1,1,0","nayedien,open,-42,-238,30,0,8,0.9,0.9,0","nayedien,arm_up,82,-375,11,1,10,0.9,1.1,0","nayedien,arm_low,86,-286,-16,1,15,0.9,0.9,0","nayedien,fist,65,-228,-40,1,16,0.9,0.9,0","nayedien,leg_up,-24,-191,8,0,11,1.1,1,0","nayedien,leg_low,-28,-90,-5,0,11,1,1.1,0","nayedien,foot,-35,-12,-16,0,14,1,1,0","nayedien,leg_up,56,-193,16,0,15,1,1,0","nayedien,leg_low,62,-92,-7,0,14,0.9,1.1,0","nayedien,foot,57,-20,-12,0,16,1,1,0",,,"nayedien,cloak,-42,-291,0,0,17,1.4,1.4,0",,,,,,,,,,,,,,,,,,,,,,,,,,,,,,,,,,,,,,,,,,,,,,,,,,,,,,,,,,,,,,,,,,,,,,,,,,,,,,,,,,,,,,,,,,,,,,,,,,,,,
Die/1,"nayedien,angry,-65,-534,22,0,7,1,1,0","nayedien,neck,-38,-485,15,0,10,1,1,0","nayedien,body,-12,-364,11,0,9,1,1,0","nayedien,arm_up,-117,-371,-6,0,5,1.1,1,0","nayedien,arm_low,-103,-309,61,0,7,1,1,0","nayedien,open,-38,-263,40,0,8,0.9,0.9,0","nayedien,arm_up,61,-420,21,1,10,0.9,1.1,0","nayedien,arm_low,80,-333,-6,1,15,0.9,0.9,0","nayedien,fist,70,-272,-30,1,16,0.9,0.9,0","nayedien,leg_up,-22,-220,8,0,11,1.1,1,0","nayedien,leg_low,-31,-120,-5,0,11,1,1.1,0","nayedien,foot,-38,-42,-16,0,14,1,1,0","nayedien,leg_up,80,-235,32,0,15,1,1,0","nayedien,leg_low,108,-138,0,0,14,0.9,1.1,0","nayedien,foot,110,-66,-5,0,16,1,1,0",,,"nayedien,cloak,-27,-329,21,0,17,1.4,1.4,0",,,,,,,,,,,,,,,,,,,,,,,,,,,,,,,,,,,,,,,,,,,,,,,,,,,,,,,,,,,,,,,,,,,,,,,,,,,,,,,,,,,,,,,,,,,,,,,,,,,,,
Die/2,"nayedien,angry,-60,-526,15,0,7,1,1,0","nayedien,neck,-35,-477,15,0,10,1,1,0","nayedien,body,-8,-356,11,0,9,1,1,0","nayedien,arm_up,-114,-364,-9,0,5,1.1,1,0","nayedien,arm_low,-99,-302,63,0,7,1,1,0","nayedien,open,-34,-255,40,0,8,0.9,0.9,0","nayedien,arm_up,64,-412,21,1,10,0.9,1.1,0","nayedien,arm_low,84,-325,-6,1,15,0.9,0.9,0","nayedien,fist,74,-264,-30,1,16,0.9,0.9,0","nayedien,leg_up,-8,-216,-2,0,11,1.1,1,0","nayedien,leg_low,-43,-122,-35,0,11,1,1.1,0","nayedien,foot,-81,-56,-36,0,14,1,1,0","nayedien,leg_up,84,-227,36,0,15,1,1,0","nayedien,leg_low,104,-139,-10,0,14,0.9,1.1,0","nayedien,foot,94,-62,-15,0,16,1,1,0",,,"nayedien,cloak,4,-335,41,0,17,1.4,1.4,0",,,,,,,,,,,,,,,,,,,,,,,,,,,,,,,,,,,,,,,,,,,,,,,,,,,,,,,,,,,,,,,,,,,,,,,,,,,,,,,,,,,,,,,,,,,,,,,,,,,hold,,
Die/3,"nayedien,angry,-60,-486,15,0,7,1,1,0","nayedien,neck,-35,-437,15,0,10,1,1,0","nayedien,body,-8,-316,11,0,9,1,1,0","nayedien,arm_up,-114,-324,-9,0,5,1.1,1,0","nayedien,arm_low,-99,-262,63,0,7,1,1,0","nayedien,open,-34,-215,40,0,8,0.9,0.9,0","nayedien,arm_up,64,-372,21,1,10,0.9,1.1,0","nayedien,arm_low,84,-285,-6,1,15,0.9,0.9,0","nayedien,fist,74,-224,-30,1,16,0.9,0.9,0","nayedien,leg_up,-8,-176,-2,0,11,1.1,1,0","nayedien,leg_low,-44,-84,-40,0,11,1,1.1,0","nayedien,foot,-87,-25,-38,0,14,1,1,0","nayedien,leg_up,84,-185,36,0,15,1,1,0","nayedien,leg_low,94,-102,-30,0,14,0.9,1.1,0","nayedien,foot,64,-39,-25,0,16,1,1,0",,,"nayedien,cloak,12,-307,47,0,17,1.4,1.4,0",,,,,,,,,,,,,,,,,,,,,,,,,,,,,,,,,,,,,,,,,,,,,,,,,,,,,,,,,,,,,,,,,,,,,,,,,,,,,,,,,,,,,,,,,,,,,,,,,,,,,
Die/4,"nayedien,angry,-46,-419,10,0,7,1,1,0","nayedien,neck,-23,-370,13,0,10,1,1,0","nayedien,body,-1,-246,7,0,9,1,1,0","nayedien,arm_up,-108,-266,-15,0,5,1.1,1,0","nayedien,arm_low,-100,-209,57,0,7,1,1,0","nayedien,open,-40,-156,34,0,8,0.9,0.9,0","nayedien,arm_up,75,-302,18,1,10,0.9,1.1,0","nayedien,arm_low,92,-215,-9,1,15,0.9,0.9,0","nayedien,fist,79,-154,-33,1,16,0.9,0.9,0","nayedien,leg_up,-8,-102,-2,0,11,1.1,1,0","nayedien,leg_low,-54,-34,-60,0,11,1,1.1,0","nayedien,foot,-117,8,-58,0,14,1,1,0","nayedien,leg_up,84,-105,26,0,15,1,1,0","nayedien,leg_low,73,-32,-50,0,14,0.9,1.1,0","nayedien,foot,24,19,-55,0,16,1,1,0",,,"nayedien,cloak,18,-242,54,0,17,1.4,1.4,0",,,,,,,,,,,,,,,,,,,,,,,,,,,,,,,,,,,,,,,,,,,,,,,,,,,,,,,,,,,,,,,,,,,,,,,,,,,,,,,,,,,,,,,,,,,,,,,,,,,,,
Die/5,"nayedien,angry,3,-389,-2,0,7,1,1,0","nayedien,neck,17,-337,1,0,10,1,1,0","nayedien,body,7,-213,-3,0,9,1,1,0","nayedien,arm_up,-95,-252,-25,0,5,1.1,1,0","nayedien,arm_low,-97,-194,47,0,7,1,1,0","nayedien,open,-47,-131,24,0,8,0.9,0.9,0","nayedien,arm_up,91,-255,8,1,10,0.9,1.1,0","nayedien,arm_low,93,-167,-19,1,15,0.9,0.9,0","nayedien,fist,70,-109,-33,1,16,0.9,0.9,0","nayedien,leg_up,-25,-73,-12,0,11,1.1,1,0","nayedien,leg_low,-79,-18,-80,0,11,1,1.1,0","nayedien,foot,-153,1,-78,0,14,1,1,0","nayedien,leg_up,75,-60,26,0,15,1,1,0","nayedien,leg_low,58,-9,-80,0,14,0.9,1.1,0","nayedien,foot,-10,11,-85,0,16,1,1,0",,,"nayedien,cloak,25,-206,44,0,17,1.4,1.4,0",,,,,,,,,,,,,,,,,,,,,,,,,,,,,,,,,,,,,,,,,,,,,,,,,,,,,,,,,,,,,,,,,,,,,,,,,,,,,,,,,,,,,,,,,,,,,,,,,,,,,
Die/6,"nayedien,angry,5,-367,-6,0,7,1,1,0","nayedien,neck,17,-317,1,0,10,1,1,0","nayedien,body,7,-193,-3,0,9,1,1,0","nayedien,arm_up,-95,-232,-25,0,5,1.1,1,0","nayedien,arm_low,-101,-158,37,0,7,1,1,0","nayedien,open,-63,-87,14,0,8,0.9,0.9,0","nayedien,arm_up,91,-235,8,1,10,0.9,1.1,0","nayedien,arm_low,93,-147,-19,1,15,0.9,0.9,0","nayedien,fist,70,-89,-33,1,16,0.9,0.9,0","nayedien,leg_up,-20,-63,18,0,11,1.1,1,0","nayedien,leg_low,-68,-18,-83,0,11,1,1.1,0","nayedien,foot,-143,1,-88,0,14,1,1,0","nayedien,leg_up,65,-59,36,0,15,1,1,0","nayedien,leg_low,58,-9,-81,0,14,0.9,1.1,0","nayedien,foot,-10,11,-85,0,16,1,1,0",,,"nayedien,cloak,25,-168,29,0,17,1.4,1.4,0",,,,,,,,,,,,,,,,,,,,,,,,,,,,,,,,,,,,,,,,,,,,,,,,,,,,,,,,,,,,,,,,,,,,,,,,,,,,,,,,,,,,,,,,,,,,,,,,,,,,,
Die/7,"nayedien,angry,9,-356,-7,0,7,1,1,0","nayedien,neck,12,-312,1,0,10,1,1,0","nayedien,body,7,-185,-3,0,9,1,1,0","nayedien,arm_up,-95,-223,-25,0,5,1.1,1,0","nayedien,arm_low,-105,-152,27,0,7,1,1,0","nayedien,open,-79,-75,4,0,8,0.9,0.9,0","nayedien,arm_up,91,-225,8,1,10,0.9,1.1,0","nayedien,arm_low,93,-137,-19,1,15,0.9,0.9,0","nayedien,fist,70,-75,-30,1,16,0.9,0.9,0","nayedien,leg_up,-23,-59,33,0,11,1.1,1,0","nayedien,leg_low,-68,-18,-85,0,11,1,1.1,0","nayedien,foot,-143,1,-88,0,14,1,1,0","nayedien,leg_up,66,-50,35,0,15,1,1,0","nayedien,leg_low,58,-9,-81,0,14,0.9,1.1,0","nayedien,foot,-10,11,-85,0,16,1,1,0",,,"nayedien,cloak,16,-168,19,0,17,1.4,1.4,0",,,,,,,,,,,,,,,,,,,,,,,,,,,,,,,,,,,,,,,,,,,,,,,,,,,,,,,,,,,,,,,,,,,,,,,,,,,,,,,,,,,,,,,,,,,,,,,,,,,,,
Die/8,"nayedien,angry,14,-352,-10,0,7,1,1,0","nayedien,neck,12,-312,1,0,10,1,1,0","nayedien,body,7,-185,-3,0,9,1,1,0","nayedien,arm_up,-82,-213,-6,0,5,1.1,1,0","nayedien,arm_low,-92,-123,-5,0,7,1,1,0","nayedien,open,-100,-44,-8,0,8,0.9,0.9,0","nayedien,arm_up,89,-223,3,1,10,0.9,1.1,0","nayedien,arm_low,89,-127,-6,1,15,0.9,0.9,0","nayedien,fist,80,-65,-10,1,16,0.9,0.9,0","nayedien,leg_up,-23,-59,33,0,11,1.1,1,0","nayedien,leg_low,-68,-18,-85,0,11,1,1.1,0","nayedien,foot,-143,1,-88,0,14,1,1,0","nayedien,leg_up,66,-50,35,0,15,1,1,0","nayedien,leg_low,58,-9,-81,0,14,0.9,1.1,0","nayedien,foot,-10,11,-85,0,16,1,1,0",,,"nayedien,cloak,-14,-148,-1,0,17,1.4,1.4,0",,,,,,,,,,,,,,,,,,,,,,,,,,,,,,,,,,,,,,,,,,,,,,,,,,,,,,,,,,,,,,,,,,,,,,,,,,,,,,,,,,,,,,,,,,,,,,,,,,,,,
Idle/0,"nayedien,head,-17,-509,6,0,7,1,1,0","nayedien,neck,-4,-456,5,0,10,1,1,0","nayedien,body,1,-333,1,0,9,1,1,0","nayedien,arm_up,-101,-360,-13,0,5,1.1,1,0","nayedien,arm_low,-99,-294,51,0,7,1,1,0","nayedien,open,-42,-238,30,0,8,0.9,0.9,0","nayedien,arm_up,82,-375,11,1,10,0.9,1.1,0","nayedien,arm_low,96,-286,4,1,15,0.9,0.9,0","nayedien,fist,96,-218,-3,1,16,0.9,0.9,0","nayedien,leg_up,-31,-188,-9,0,11,1.1,1,0","nayedien,leg_low,-48,-90,-5,0,11,1,1.1,0","nayedien,foot,-66,-12,-6,1,14,1,1,0","nayedien,leg_up,54,-193,14,0,15,1,1,0","nayedien,leg_low,66,-87,-1,0,14,0.9,1.1,0","nayedien,foot,77,-10,8,0,16,1,1,0",,,"nayedien,cloak,-42,-291,-4,0,17,1.4,1.4,0",,,,,,,,,,,,,,,,,,,,,,,,,,,,,,,,,,,,,,,,,,,,,,,,,,,,,,,,,,,,,,,,,,,,,,,,,,,,,,,,,,,,,,,,,,,,,,,,,,,play_time_mod_2,,
Idle/1,"nayedien,head,-16,-506,6,0,7,1,1,0","nayedien,neck,-4,-456,5,0,10,1,1,0","nayedien,body,1,-330,1,0,9,1,1,0","nayedien,arm_up,-101,-359,-15,0,5,1.1,1,0","nayedien,arm_low,-99,-293,52,0,7,1,1,0","nayedien,open,-42,-236,28,0,8,0.9,0.9,0","nayedien,arm_up,84,-371,9,1,10,0.9,1.1,0","nayedien,arm_low,96,-282,2,1,15,0.9,0.9,0","nayedien,fist,94,-214,-5,1,16,0.9,0.9,0","nayedien,leg_up,-31,-188,-9,0,11,1.1,1,0","nayedien,leg_low,-48,-90,-5,0,11,1,1.1,0","nayedien,foot,-66,-12,-6,1,14,1,1,0","nayedien,leg_up,54,-193,16,0,15,1,1,0","nayedien,leg_low,67,-87,-2,0,14,0.9,1.1,0","nayedien,foot,77,-10,8,0,16,1,1,0",,,"nayedien,cloak,-42,-289,-5,0,17,1.4,1.4,0",,,,,,,,,,,,,,,,,,,,,,,,,,,,,,,,,,,,,,,,,,,,,,,,,,,,,,,,,,,,,,,,,,,,,,,,,,,,,,,,,,,,,,,,,,,,,,,,,,,play_time_mod_1.2,,
Idle/2,"nayedien,head,-16,-504,6,0,7,1,1,0","nayedien,neck,-4,-456,5,0,10,1,1,0","nayedien,body,1,-329,1,0,9,1,1,0","nayedien,arm_up,-101,-359,-17,0,5,1.1,1,0","nayedien,arm_low,-99,-291,54,0,7,1,1,0","nayedien,open,-42,-235,28,0,8,0.9,0.9,0","nayedien,arm_up,84,-369,8,1,10,0.9,1.1,0","nayedien,arm_low,95,-280,2,1,15,0.9,0.9,0","nayedien,fist,93,-213,-5,1,16,0.9,0.9,0","nayedien,leg_up,-31,-188,-8,0,11,1.1,1,0","nayedien,leg_low,-48,-90,-5,0,11,1,1.1,0","nayedien,foot,-66,-12,-6,1,14,1,1,0","nayedien,leg_up,55,-193,17,0,15,1,1,0","nayedien,leg_low,67,-86,-2,0,14,0.9,1.1,0","nayedien,foot,77,-10,9,0,16,1,1,0",,,"nayedien,cloak,-43,-288,-6,0,17,1.4,1.4,0",,,,,,,,,,,,,,,,,,,,,,,,,,,,,,,,,,,,,,,,,,,,,,,,,,,,,,,,,,,,,,,,,,,,,,,,,,,,,,,,,,,,,,,,,,,,,,,,,,,play_time_mod_1.5,,
Idle/3,"nayedien,head,-16,-502,7,0,7,1,1,0","nayedien,neck,-4,-456,5,0,10,1,1,0","nayedien,body,1,-327,1,0,9,1,1,0","nayedien,arm_up,-101,-358,-18,0,5,1.1,1,0","nayedien,arm_low,-99,-289,55,0,7,1,1,0","nayedien,open,-43,-234,27,0,8,0.9,0.9,0","nayedien,arm_up,84,-366,7,1,10,0.9,1.1,0","nayedien,arm_low,93,-277,1,1,15,0.9,0.9,0","nayedien,fist,90,-209,-6,1,16,0.9,0.9,0","nayedien,leg_up,-31,-188,-8,0,11,1.1,1,0","nayedien,leg_low,-48,-90,-5,0,11,1,1.1,0","nayedien,foot,-66,-12,-6,1,14,1,1,0","nayedien,leg_up,55,-192,19,0,15,1,1,0","nayedien,leg_low,67,-85,-3,0,14,0.9,1.1,0","nayedien,foot,77,-10,9,0,16,1,1,0",,,"nayedien,cloak,-43,-288,-6,0,17,1.4,1.4,0",,,,,,,,,,,,,,,,,,,,,,,,,,,,,,,,,,,,,,,,,,,,,,,,,,,,,,,,,,,,,,,,,,,,,,,,,,,,,,,,,,,,,,,,,,,,,,,,,,,play_time_mod_2,,
Idle/4,"nayedien,head,-16,-504,6,0,7,1,1,0","nayedien,neck,-4,-456,5,0,10,1,1,0","nayedien,body,1,-329,1,0,9,1,1,0","nayedien,arm_up,-101,-359,-17,0,5,1.1,1,0","nayedien,arm_low,-99,-291,54,0,7,1,1,0","nayedien,open,-42,-235,28,0,8,0.9,0.9,0","nayedien,arm_up,84,-369,8,1,10,0.9,1.1,0","nayedien,arm_low,95,-280,2,1,15,0.9,0.9,0","nayedien,fist,93,-213,-5,1,16,0.9,0.9,0","nayedien,leg_up,-31,-188,-8,0,11,1.1,1,0","nayedien,leg_low,-48,-90,-5,0,11,1,1.1,0","nayedien,foot,-66,-12,-6,1,14,1,1,0","nayedien,leg_up,55,-193,17,0,15,1,1,0","nayedien,leg_low,67,-86,-2,0,14,0.9,1.1,0","nayedien,foot,77,-10,9,0,16,1,1,0",,,"nayedien,cloak,-43,-288,-6,0,17,1.4,1.4,0",,,,,,,,,,,,,,,,,,,,,,,,,,,,,,,,,,,,,,,,,,,,,,,,,,,,,,,,,,,,,,,,,,,,,,,,,,,,,,,,,,,,,,,,,,,,,,,,,,,play_time_mod_1.5,,
Idle/5,"nayedien,head,-16,-506,6,0,7,1,1,0","nayedien,neck,-4,-456,5,0,10,1,1,0","nayedien,body,1,-330,1,0,9,1,1,0","nayedien,arm_up,-101,-359,-15,0,5,1.1,1,0","nayedien,arm_low,-99,-293,52,0,7,1,1,0","nayedien,open,-42,-236,28,0,8,0.9,0.9,0","nayedien,arm_up,84,-371,9,1,10,0.9,1.1,0","nayedien,arm_low,96,-282,2,1,15,0.9,0.9,0","nayedien,fist,94,-214,-5,1,16,0.9,0.9,0","nayedien,leg_up,-31,-188,-9,0,11,1.1,1,0","nayedien,leg_low,-48,-90,-5,0,11,1,1.1,0","nayedien,foot,-66,-12,-6,1,14,1,1,0","nayedien,leg_up,54,-193,16,0,15,1,1,0","nayedien,leg_low,67,-87,-2,0,14,0.9,1.1,0","nayedien,foot,77,-10,8,0,16,1,1,0",,,"nayedien,cloak,-42,-289,-5,0,17,1.4,1.4,0",,,,,,,,,,,,,,,,,,,,,,,,,,,,,,,,,,,,,,,,,,,,,,,,,,,,,,,,,,,,,,,,,,,,,,,,,,,,,,,,,,,,,,,,,,,,,,,,,,,,,
Knockdown/0,"nayedien,angry,-40,-503,11,0,7,1,1,0","nayedien,neck,-28,-453,7,0,10,1,1,0","nayedien,body,-2,-330,8,0,9,1,1,0","nayedien,arm_up,-115,-353,-26,0,5,1.1,1,0","nayedien,arm_low,-128,-282,32,0,7,1,1,0","nayedien,open,-93,-207,8,0,8,0.9,0.9,0","nayedien,arm_up,79,-379,19,1,10,0.9,1.1,0","nayedien,arm_low,107,-293,12,1,15,0.9,0.9,0","nayedien,fist,117,-226,5,1,16,0.9,0.9,0","nayedien,leg_up,-28,-188,2,0,11,1.1,1,0","nayedien,leg_low,-40,-100,-15,0,11,1,1.1,0","nayedien,foot,-56,-22,-18,0,14,1,1,0","nayedien,leg_up,67,-196,16,0,15,1,1,0","nayedien,leg_low,77,-97,-12,0,14,0.9,1.1,0","nayedien,foot,73,-23,-2,0,16,1,1,0",,,"nayedien,cloak,-32,-289,5,0,17,1.4,1.4,0",,,,,,,,,,,,,,,,,,,,,,,,,,,,,,,,,,,,,,,,,,,,,,,,,,,,,,,,,,,,,,,,,,,,,,,,,,,,,,,,,,,,,,,,,,,,,,,,,,,,play_time_mod_0.5,
Knockdown/1,"nayedien,angry,-135,-493,37,0,7,1,1,0","nayedien,neck,-103,-453,27,0,10,1,1,0","nayedien,body,-37,-347,28,0,9,1,1,0","nayedien,arm_up,-151,-326,4,0,5,1.1,1,0","nayedien,arm_low,-135,-247,32,0,7,1,1,0","nayedien,open,-92,-176,28,0,8,0.9,0.9,0","nayedien,arm_up,22,-423,41,1,10,0.9,1.1,0","nayedien,arm_low,74,-356,42,1,15,0.9,0.9,0","nayedien,fist,115,-303,35,1,16,0.9,0.9,0","nayedien,leg_up,-8,-204,25,0,11,1.1,1,0","nayedien,leg_low,15,-117,-1,0,11,1,1.1,0","nayedien,foot,18,-39,2,0,14,1,1,0","nayedien,leg_up,74,-249,40,0,15,1,1,0","nayedien,leg_low,117,-160,10,0,14,0.9,1.1,0","nayedien,foot,140,-87,12,0,16,1,1,0",,,"nayedien,cloak,-51,-298,25,0,17,1.4,1.4,0",,,,,,,,,,,,,,,,,,,,,,,,,,,,,,,,,,,,,,,,,,,,,,,,,,,,,,,,,,,,,,,,,,,,,,,,,,,,,,,,,,,,,,,,,,,,,,,,,,,,play_time_mod_0.5,
Knockdown/2,"nayedien,angry,-213,-434,65,0,7,1,1,0","nayedien,neck,-163,-417,47,0,10,1,1,0","nayedien,body,-65,-340,48,0,9,1,1,0","nayedien,arm_up,-164,-282,34,0,5,1.1,1,0","nayedien,arm_low,-112,-223,72,0,7,1,1,0","nayedien,open,-36,-212,88,0,8,0.9,0.9,0","nayedien,arm_up,-40,-435,65,1,10,0.9,1.1,0","nayedien,arm_low,44,-400,72,1,15,0.9,0.9,0","nayedien,open,115,-369,65,1,16,0.9,0.9,0","nayedien,leg_up,15,-219,45,0,11,1.1,1,0","nayedien,leg_low,62,-142,19,0,11,1,1.1,0","nayedien,foot,93,-70,22,0,14,1,1,0","nayedien,leg_up,84,-296,70,0,15,1,1,0","nayedien,leg_low,166,-248,50,0,14,0.9,1.1,0","nayedien,foot,232,-207,52,0,16,1,1,0",,,"nayedien,cloak,-50,-330,75,0,17,1.4,1.4,0",,,,,,,,,,,,,,,,,,,,,,,,,,,,,,,,,,,,,,,,,,,,,,,,,,,,,,,,,,,,,,,,,,,,,,,,,,,,,,,,,,,,,,,,,,,,,,,,,,,hold,play_time_mod_0.5,
Knockdown/3,"nayedien,angry,-261,-298,85,0,7,1,1,0","nayedien,neck,-209,-300,67,0,10,1,1,0","nayedien,body,-90,-261,68,0,9,1,1,0","nayedien,arm_up,-163,-172,54,0,5,1.1,1,0","nayedien,arm_low,-94,-134,92,0,7,1,1,0","nayedien,open,-19,-150,108,0,8,0.9,0.9,0","nayedien,arm_up,-99,-358,85,1,10,0.9,1.1,0","nayedien,arm_low,-8,-356,97,1,15,0.9,0.9,0","nayedien,open,69,-369,106,1,16,0.9,0.9,0","nayedien,leg_up,27,-174,65,0,11,1.1,1,0","nayedien,leg_low,97,-118,39,0,11,1,1.1,0","nayedien,foot,150,-60,42,0,14,1,1,0","nayedien,leg_up,65,-272,93,0,15,1,1,0","nayedien,leg_low,158,-257,72,0,14,0.9,1.1,0","nayedien,foot,235,-241,73,0,16,1,1,0",,,"nayedien,cloak,-73,-265,105,0,17,1.4,1.4,0",,,,,,,,,,,,,,,,,,,,,,,,,,,,,,,,,,,,,,,,,,,,,,,,,,,,,,,,,,,,,,,,,,,,,,,,,,,,,,,,,,,,,,,,,,,,,,,,,,,,play_time_mod_0.5,
Knockdown/4,"nayedien,angry,-271,-88,105,0,7,1,1,0","nayedien,neck,-223,-108,87,0,10,1,1,0","nayedien,body,-98,-112,88,0,9,1,1,0","nayedien,arm_up,-120,-36,104,0,5,1.1,1,0","nayedien,arm_low,-46,-62,142,0,7,1,1,0","nayedien,open,-10,-130,158,0,8,0.9,0.9,0","nayedien,arm_up,-140,-200,106,1,10,0.9,1.1,0","nayedien,arm_low,-54,-229,117,1,15,0.9,0.9,0","nayedien,open,15,-268,126,1,16,0.9,0.9,0","nayedien,leg_up,42,-70,85,0,11,1.1,1,0","nayedien,leg_low,127,-42,59,0,11,1,1.1,0","nayedien,foot,196,-5,62,0,14,1,1,0","nayedien,leg_up,44,-176,113,0,15,1,1,0","nayedien,leg_low,137,-193,92,0,14,0.9,1.1,0","nayedien,foot,215,-205,93,0,16,1,1,0",,,"nayedien,cloak,-83,-122,125,0,17,1.4,1.4,0",,,,,,,,,,,,,,,,,,,,,,,,,,,,,,,,,,,,,,,,,,,,,,,,,,,,,,,,,,,,,,,,,,,,,,,,,,,,,,,,,,,,,,,,,,,,,,,,,,,,play_time_mod_0.5,
Knockdown/5,"nayedien,angry,-259,-37,97,0,7,1,1,0","nayedien,neck,-215,-44,97,0,10,1,1,0","nayedien,body,-93,-69,94,0,9,1,1,0","nayedien,arm_up,-110,9,112,0,5,1.1,1,0","nayedien,arm_low,-33,-29,152,0,7,1,1,0","nayedien,open,-9,-102,168,0,8,0.9,0.9,0","nayedien,arm_up,-160,-147,126,1,10,0.9,1.1,0","nayedien,arm_low,-90,-204,137,1,15,0.9,0.9,0","nayedien,open,-37,-264,146,1,16,0.9,0.9,0","nayedien,leg_up,42,-52,115,0,11,1.1,1,0","nayedien,leg_low,141,-61,79,0,11,1,1.1,0","nayedien,foot,215,-55,72,0,14,1,1,0","nayedien,leg_up,36,-157,133,0,15,1,1,0","nayedien,leg_low,125,-200,102,0,14,0.9,1.1,0","nayedien,foot,199,-223,103,0,16,1,1,0",,,"nayedien,cloak,-90,-105,145,0,17,1.4,1.4,0",,,,,,,,,,,,,,,,,,,,,,,,,,,,,,,,,,,,,,,,,,,,,,,,,,,,,,,,,,,,,,,,,,,,,,,,,,,,,,,,,,,,,,,,,,,,,,,,,,,,play_time_mod_0.5,
Knockdown/6,"nayedien,angry,-259,-46,89,0,7,1,1,0","nayedien,neck,-215,-44,97,0,10,1,1,0","nayedien,body,-93,-67,93,0,9,1,1,0","nayedien,arm_up,-111,14,108,0,5,1.1,1,0","nayedien,arm_low,-40,-11,122,0,7,1,1,0","nayedien,open,18,-60,138,0,8,0.9,0.9,0","nayedien,arm_up,-160,-145,122,1,10,0.9,1.1,0","nayedien,arm_low,-90,-193,127,1,15,0.9,0.9,0","nayedien,open,-27,-241,126,1,16,0.9,0.9,0","nayedien,leg_up,42,-40,105,0,11,1.1,1,0","nayedien,leg_low,140,-36,75,0,11,1,1.1,0","nayedien,foot,214,-22,68,0,14,1,1,0","nayedien,leg_up,46,-146,123,0,15,1,1,0","nayedien,leg_low,134,-164,82,0,14,0.9,1.1,0","nayedien,foot,210,-159,83,0,16,1,1,0",,,"nayedien,cloak,-90,-102,140,0,17,1.4,1.4,0",,,,,,,,,,,,,,,,,,,,,,,,,,,,,,,,,,,,,,,,,,,,,,,,,,,,,,,,,,,,,,,,,,,,,,,,,,,,,,,,,,,,,,,,,,,,,,,,,,,,play_time_mod_0.5,
Knockdown/7,"nayedien,angry,-259,-42,94,0,7,1,1,0","nayedien,neck,-215,-44,97,0,10,1,1,0","nayedien,body,-93,-67,95,0,9,1,1,0","nayedien,arm_up,-111,14,108,0,5,1.1,1,0","nayedien,arm_low,-30,-10,112,0,7,1,1,0","nayedien,open,45,-42,110,0,8,0.9,0.9,0","nayedien,arm_up,-135,-133,92,1,10,0.9,1.1,0","nayedien,arm_low,-50,-139,97,1,15,0.9,0.9,0","nayedien,open,28,-151,96,1,16,0.9,0.9,0","nayedien,leg_up,42,-40,105,0,11,1.1,1,0","nayedien,leg_low,140,-34,72,0,11,1,1.1,0","nayedien,foot,213,-17,67,0,14,1,1,0","nayedien,leg_up,46,-126,113,0,15,1,1,0","nayedien,leg_low,137,-117,62,0,14,0.9,1.1,0","nayedien,foot,207,-86,63,0,16,1,1,0",,,"nayedien,cloak,-80,-84,120,0,17,1.4,1.4,0",,,,,,,,,,,,,,,,,,,,,,,,,,,,,,,,,,,,,,,,,,,,,,,,,,,,,,,,,,,,,,,,,,,,,,,,,,,,,,,,,,,,,,,,,,,,,,,,,,,play_time_mod_1,play_time_mod_0.5,
Knockdown/8,"nayedien,angry,-259,-35,98,0,7,1,1,0","nayedien,neck,-215,-44,97,0,10,1,1,0","nayedien,body,-93,-62,90,0,9,1,1,0","nayedien,arm_up,-111,14,108,0,5,1.1,1,0","nayedien,arm_low,-30,-10,112,0,7,1,1,0","nayedien,open,45,-42,110,0,8,0.9,0.9,0","nayedien,arm_up,-135,-129,92,1,10,0.9,1.1,0","nayedien,arm_low,-50,-137,96,1,15,0.9,0.9,0","nayedien,open,28,-147,96,1,16,0.9,0.9,0","nayedien,leg_up,42,-36,105,0,11,1.1,1,0","nayedien,leg_low,140,-31,70,0,11,1,1.1,0","nayedien,foot,213,-14,67,0,14,1,1,0","nayedien,leg_up,46,-123,109,0,15,1,1,0","nayedien,leg_low,124,-108,42,0,14,0.9,1.1,0","nayedien,foot,180,-55,43,0,16,1,1,0",,,"nayedien,cloak,-70,-40,100,0,17,1.4,1.4,0",,,,,,,,,,,,,,,,,,,,,,,,,,,,,,,,,,,,,,,,,,,,,,,,,,,,,,,,,,,,,,,,,,,,,,,,,,,,,,,,,,,,,,,,,,,,,,,,,,,play_time_mod_1,play_time_mod_0.5,
Run/0,"nayedien,head,49,-466,-8,0,7,1,1,0","nayedien,neck,49,-414,-6,0,10,1,1,0","nayedien,body,29,-290,-10,0,9,1,1,0","nayedien,arm_up,-65,-338,-26,0,5,1.1,1,0","nayedien,arm_low,-76,-273,41,0,7,1,1,0","nayedien,open,-31,-206,17,0,8,0.9,0.9,0","nayedien,arm_up,118,-314,-2,1,15,0.9,1.1,0","nayedien,arm_low,110,-224,-9,1,20,0.9,0.9,0","nayedien,fist,96,-156,-23,1,21,0.9,0.9,0","nayedien,leg_up,-49,-162,-19.2,1,11,1,1,0","nayedien,leg_low,-87,-68,-23,0,11,1,1,0","nayedien,foot,-98.8,-3.4,0.4,0,14,1,1,0","nayedien,leg_up,81,-163,59.7,0,19,1,1,0","nayedien,leg_low,122,-107,6,0,16,1,1,0","nayedien,foot,130,-33,-1.5,0,16,1,1,0",,,"nayedien,cloak,-60,-270,-36,0,17,1.4,1.4,0",,,,,,,,,,,,,,,,,,,,,,,,,,,,,,,,,,,,,,,,,,,,,,,,,,,,,,,,,,,,,,,,,,,,,,,,,,,,,,,,,,,,,,,,,,,,,,,,,,,,,
Run/1,"nayedien,head,59,-456,-10,0,7,1,1,0","nayedien,neck,53,-404,-8,0,10,1,1,0","nayedien,body,29,-282,-12,0,9,1,1,0","nayedien,arm_up,-62,-335,-34,0,5,1.1,1,0","nayedien,arm_low,-82,-272,33,0,7,1,1,0","nayedien,open,-45,-203,9,0,8,0.9,0.9,0","nayedien,arm_up,116,-302,-6,1,15,0.9,1.1,0","nayedien,arm_low,100,-212,-13,1,20,0.9,0.9,0","nayedien,fist,78,-148,-27,1,21,0.9,0.9,0","nayedien,leg_up,-63,-154,-40.2,1,13,1,1,0","nayedien,leg_low,-135.6,-117.6,-83,0,12,1,1,0","nayedien,foot,-196.8,-108,-77,0,14,1,1,0","nayedien,leg_up,60,-152,31.7,0,16,1,1,0","nayedien,leg_low,106,-63.4,29.5,0,16,1,1,0","nayedien,foot,135.6,-8.4,24.5,0,18,1,1,0",,,"nayedien,cloak,-64,-270,-43,0,17,1.4,1.4,0",,,,,,,,,,,,,,,,,,,,,,,,,,,,,,,,,,,,,,,,,,,,,,,,,,,,,,,,,,,,,,,,,,,,,,,,,,,,,,,,,,,,,,,,,,,,,,,,,,,,,
Run/2,"nayedien,head,43,-467,-7,0,7,1,1,0","nayedien,neck,42,-419,-5,0,10,1,1,0","nayedien,body,24,-294,-9,0,9,1,1,0","nayedien,arm_up,-73,-341,-26,0,5,1.1,1,0","nayedien,arm_low,-83,-275,41,0,7,1,1,0","nayedien,open,-38,-209,17,0,8,0.9,0.9,0","nayedien,arm_up,111,-320,-3,1,15,0.9,1.1,0","nayedien,arm_low,103,-230,-10,1,20,0.9,0.9,0","nayedien,fist,85,-163,-24,1,21,0.9,0.9,0","nayedien,leg_up,-24,-166,-0.2,1,11,1,1,0","nayedien,leg_low,-64,-92,-51,0,11,1,1,0","nayedien,foot,-112.8,-46.4,-47.6,0,14,1,1,0","nayedien,leg_up,57,-159,11.7,0,15,1,1,0","nayedien,leg_low,65,-57,-1.5,0,14,1,1,0","nayedien,foot,73.6,7.6,6.5,0,16,1,1,0",,,"nayedien,cloak,-84,-282,-47,0,17,1.4,1.4,0",,,,,,,,,,,,,,,,,,,,,,,,,,,,,,,,,,,,,,,,,,,,,,,,,,,,,,,,,,,,,,,,,,,,,,,,,,,,,,,,,,,,,,,,,,,,,,,,,,,,,
Run/3,"nayedien,head,43,-477,-7,0,7,1,1,0","nayedien,neck,41,-429,-4,0,10,1,1,0","nayedien,body,25,-304,-8,0,9,1,1,0","nayedien,arm_up,-73,-350,-20,0,5,1.1,1,0","nayedien,arm_low,-77,-283,47,0,7,1,1,0","nayedien,open,-26,-218,23,0,8,0.9,0.9,0","nayedien,arm_up,116,-332,-1,1,15,0.9,1.1,0","nayedien,arm_low,115,-242,-8,1,20,0.9,0.9,0","nayedien,fist,98,-176,-20,1,21,0.9,0.9,0","nayedien,leg_up,8,-174,24.8,1,11,1,1,0","nayedien,leg_low,8,-91,-24,0,11,1,1,0","nayedien,foot,-12,-32,-28.6,0,12,1,1,0","nayedien,leg_up,31,-168,-29,0,15,1,1,0","nayedien,leg_low,-23,-74,-32,0,14,1,1,0","nayedien,foot,-38.4,-12,-2.5,0,16,1,1,0",,,"nayedien,cloak,-84,-295,-49,0,17,1.4,1.4,0",,,,,,,,,,,,,,,,,,,,,,,,,,,,,,,,,,,,,,,,,,,,,,,,,,,,,,,,,,,,,,,,,,,,,,,,,,,,,,,,,,,,,,,,,,,,,,,,,,,,,
Run/4,"nayedien,head,61,-471,-8,0,7,1,1,0","nayedien,neck,57,-424,-6,0,10,1,1,0","nayedien,body,36,-301,-10,0,9,1,1,0","nayedien,arm_up,-57,-348,-25,0,5,1.1,1,0","nayedien,arm_low,-67,-283,42,0,7,1,1,0","nayedien,open,-21,-217,18,0,8,0.9,0.9,0","nayedien,arm_up,130,-326,4,1,15,0.9,1.1,0","nayedien,arm_low,130,-237,-3,1,20,0.9,0.9,0","nayedien,fist,121,-170,-17,1,21,0.9,0.9,0","nayedien,leg_up,17,-174,41.8,1,11,1,1,0","nayedien,leg_low,53,-101,5,0,11,1,1,0","nayedien,foot,60,-34,-3.6,0,14,1,1,0","nayedien,leg_up,30,-159,-35,0,15,1,1.1,0","nayedien,leg_low,-40,-72,-36,0,14,1,1,0","nayedien,foot,-62.4,-14,-14.5,0,16,1,1,0",,,"nayedien,cloak,-67,-289,-47,0,17,1.4,1.4,0",,,,,,,,,,,,,,,,,,,,,,,,,,,,,,,,,,,,,,,,,,,,,,,,,,,,,,,,,,,,,,,,,,,,,,,,,,,,,,,,,,,,,,,,,,,,,,,,,,,,,
Run/5,"nayedien,head,67,-454,-10,0,7,1,1,0","nayedien,neck,63,-408,-8,0,10,1,1,0","nayedien,body,38,-286,-12,0,9,1,1,0","nayedien,arm_up,-52,-337,-29,0,5,1.1,1,0","nayedien,arm_low,-67,-272,38,0,7,1,1,0","nayedien,open,-25,-204,14,0,8,0.9,0.9,0","nayedien,arm_up,132,-307,2,1,15,0.9,1.1,0","nayedien,arm_low,136,-219,5,1,20,0.9,0.9,0","nayedien,fist,135,-150,-9,1,21,0.9,0.9,0","nayedien,leg_up,27,-164,33.8,1,11,1,1.1,0","nayedien,leg_low,80,-74,20,0,11,1,1,0","nayedien,foot,110.8,-1.2,14.4,0,14,1,1,0","nayedien,leg_up,26,-165,-42,0,15,1,1,0","nayedien,leg_low,-48,-107,-58,0,14,1,1,0","nayedien,foot,-100,-65,-48.5,0,16,1,1,0",,,"nayedien,cloak,-54,-275,-40,0,17,1.4,1.4,0",,,,,,,,,,,,,,,,,,,,,,,,,,,,,,,,,,,,,,,,,,,,,,,,,,,,,,,,,,,,,,,,,,,,,,,,,,,,,,,,,,,,,,,,,,,,,,,,,,,,,
Run/6,"nayedien,head,51,-466,-7,0,7,1,1,0","nayedien,neck,50,-418,-6,0,10,1,1,0","nayedien,body,29,-295,-10,0,9,1,1,0","nayedien,arm_up,-66,-342,-26,0,5,1.1,1,0","nayedien,arm_low,-76,-277,41,0,7,1,1,0","nayedien,open,-31,-211,17,0,8,0.9,0.9,0","nayedien,arm_up,120,-320,1,1,15,0.9,1.1,0","nayedien,arm_low,123,-232,4,1,20,0.9,0.9,0","nayedien,fist,123,-163,-10,1,21,0.9,0.9,0","nayedien,leg_up,1,-170.4,20.8,1,11,1,1,0","nayedien,leg_low,29,-70.4,11,0,11,1,1,0","nayedien,foot,44.8,-1.2,7.4,0,14,1,1,0","nayedien,leg_up,34,-168.4,-8,0,15,1,1,0","nayedien,leg_low,-16,-105.4,-70,0,14,1,1,0","nayedien,foot,-69,-75,-47.5,0,16,1,1,0",,,"nayedien,cloak,-53,-267,-30,0,17,1.4,1.4,0",,,,,,,,,,,,,,,,,,,,,,,,,,,,,,,,,,,,,,,,,,,,,,,,,,,,,,,,,,,,,,,,,,,,,,,,,,,,,,,,,,,,,,,,,,,,,,,,,,,,,
Run/7,"nayedien,head,44,-473,-1,0,7,1,1,0","nayedien,neck,46,-425,-4,0,10,1,1,0","nayedien,body,29,-302,-8,0,9,1,1,0","nayedien,arm_up,-66,-345,-24,0,5,1.1,1,0","nayedien,arm_low,-74,-280,43,0,7,1,1,0","nayedien,open,-27,-216,19,0,8,0.9,0.9,0","nayedien,arm_up,117,-334,-1,1,15,0.9,1.1,0","nayedien,arm_low,115,-243,0,1,20,0.9,0.9,0","nayedien,fist,107,-174,-14,1,21,0.9,0.9,0","nayedien,leg_up,-13,-170,2.8,1,11,1,1,0","nayedien,leg_low,-14,-70,-7,0,11,1,1,0","nayedien,foot,-7.2,-1.2,9.4,0,14,1,1,0","nayedien,leg_up,54,-165,2,0,15,1,1,0","nayedien,leg_low,16,-105.4,-68,0,14,1,1,0","nayedien,foot,-26,-84,-53.5,0,16,1,1,0",,,"nayedien,cloak,-60,-272,-33,0,17,1.4,1.4,0",,,,,,,,,,,,,,,,,,,,,,,,,,,,,,,,,,,,,,,,,,,,,,,,,,,,,,,,,,,,,,,,,,,,,,,,,,,,,,,,,,,,,,,,,,,,,,,,,,,,,
Run/8,"nayedien,head,46,-475,-1,0,7,1,1,0","nayedien,neck,48,-427,-4,0,10,1,1,0","nayedien,body,31,-304,-8,0,9,1,1,0","nayedien,arm_up,-65,-347,-25,0,5,1.1,1,0","nayedien,arm_low,-74,-282,42,0,7,1,1,0","nayedien,open,-28,-218,18,0,8,0.9,0.9,0","nayedien,arm_up,119,-336,-1,1,15,0.9,1.1,0","nayedien,arm_low,119,-245,-3,1,20,0.9,0.9,0","nayedien,fist,105,-176,-17,1,21,0.9,0.9,0","nayedien,leg_up,-18,-170,-14.2,1,11,1,1,0","nayedien,leg_low,-39,-70.4,-13,0,11,1,1,0","nayedien,foot,-49.2,-1.2,-3.6,0,14,1,1,0","nayedien,leg_up,70,-169,27,0,15,1,1,0","nayedien,leg_low,61,-99,-47,0,14,1,1,0","nayedien,foot,20.8,-60.8,-49.5,0,16,1,1,0",,,"nayedien,cloak,-66,-277,-37,0,17,1.4,1.4,0",,,,,,,,,,,,,,,,,,,,,,,,,,,,,,,,,,,,,,,,,,,,,,,,,,,,,,,,,,,,,,,,,,,,,,,,,,,,,,,,,,,,,,,,,,,,,,,,,,,,,
Standup/0,"nayedien,head,-259,-57,82,0,7,1,1,0","nayedien,neck,-156,-26,87,0,10,1,1,0","nayedien,body,-93,-67,86,0,9,1,1,0","nayedien,arm_up,-125,20,95,0,5,1.1,1,0","nayedien,arm_low,-33,16,92,0,7,1,1,0","nayedien,open,48,12,90,0,8,0.9,0.9,0","nayedien,arm_up,-135,-133,89,1,10,0.9,1.1,0","nayedien,arm_low,-40,-127,86,1,15,0.9,0.9,0","nayedien,open,28,-104,66,1,16,0.9,0.9,0","nayedien,leg_up,42,-33,102,0,11,1.1,1,0","nayedien,leg_low,140,-23,68,0,11,1,1.1,0","nayedien,foot,203,1,57,0,14,1,1,0","nayedien,leg_up,60,-120,99,0,15,1,1,0","nayedien,leg_low,124,-86,12,0,14,0.9,1.1,0","nayedien,foot,160,-25,23,0,16,1,1,0",,,"nayedien,cloak,-66,-28,90,0,17,1.4,1.4,0",,,,,,,,,,,,,,,,,,,,,,,,,,,,,,,,,,,,,,,,,,,,,,,,,,,,,,,,,,,,,,,,,,,,,,,,,,,,,,,,,,,,,,,,,,,,,,,,,,,play_time_mod_1.3,,
Standup/1,"nayedien,head,-194,-253,58,0,7,1,1,0","nayedien,neck,-152,-227,57,0,10,1,1,0","nayedien,body,-52,-148,46,0,9,1,1,0","nayedien,arm_up,-147,-94,25,0,5,1.1,1,0","nayedien,arm_low,-105,-18,36,0,7,1,1,0","nayedien,open,-86,44,-20,0,8,0.9,0.9,0","nayedien,arm_up,-32,-238,59,1,10,0.9,1.1,0","nayedien,arm_low,47,-185,56,1,15,0.9,0.9,0","nayedien,open,96,-134,36,1,16,0.9,0.9,0","nayedien,leg_up,32,-53,72,0,11,1.1,1,0","nayedien,leg_low,100,-3,28,0,11,1,1.1,0","nayedien,foot,139,55,27,0,14,1,1,0","nayedien,leg_up,92,-107,89,0,15,1,1,0","nayedien,leg_low,158,-69,18,0,14,0.9,1.1,0","nayedien,foot,188,0,12,0,16,1,1,0",,,"nayedien,cloak,-86,-68,20,0,17,1.4,1.4,0",,,,,,,,,,,,,,,,,,,,,,,,,,,,,,,,,,,,,,,,,,,,,,,,,,,,,,,,,,,,,,,,,,,,,,,,,,,,,,,,,,,,,,,,,,,,,,,,,,,,,
Standup/2,"nayedien,head,-117,-389,28,0,7,1,1,0","nayedien,neck,-95,-346,27,0,10,1,1,0","nayedien,body,-33,-236,26,0,9,1,1,0","nayedien,arm_up,-150,-225,-5,0,5,1.1,1,0","nayedien,arm_low,-162,-138,-24,0,7,1,1,0","nayedien,open,-199,-65,-40,0,8,0.9,0.9,0","nayedien,arm_up,25,-309,39,1,10,0.9,1.1,0","nayedien,arm_low,84,-236,36,1,15,0.9,0.9,0","nayedien,open,129,-170,36,1,16,0.9,0.9,0","nayedien,leg_up,-2,-103,35,0,11,1.1,1,0","nayedien,leg_low,22,-27,-2,0,11,1,1.1,0","nayedien,foot,20,52,-3,0,14,1,1,0","nayedien,leg_up,92,-139,59,0,15,1,1,0","nayedien,leg_low,147,-71,8,0,14,0.9,1.1,0","nayedien,foot,161,2,2,0,16,1,1,0",,,"nayedien,cloak,-93,-155,-3,0,17,1.4,1.4,0",,,,,,,,,,,,,,,,,,,,,,,,,,,,,,,,,,,,,,,,,,,,,,,,,,,,,,,,,,,,,,,,,,,,,,,,,,,,,,,,,,,,,,,,,,,,,,,,,,,,,
Standup/3,"nayedien,head,64,-447,-12,0,7,1,1,0","nayedien,neck,58,-402,-13,0,10,1,1,0","nayedien,body,27,-276,-14,0,9,1,1,0","nayedien,arm_up,-59,-327,-15,0,5,1.1,1,0","nayedien,arm_low,-86,-243,-34,0,7,1,1,0","nayedien,open,-136,-177,-50,0,8,0.9,0.9,0","nayedien,arm_up,123,-320,19,1,10,0.9,1.1,0","nayedien,arm_low,150,-231,16,1,15,0.9,0.9,0","nayedien,open,168,-153,16,1,16,0.9,0.9,0","nayedien,leg_up,-22,-153,15,0,11,1.1,1,0","nayedien,leg_low,-38,-67,-32,0,11,1,1.1,0","nayedien,foot,-57,-6,-3,0,14,1,1,0","nayedien,leg_up,72,-157,51,0,15,1,1,0","nayedien,leg_low,117,-77,8,0,14,0.9,1.1,0","nayedien,foot,135,0,7,0,16,1,1,0",,,"nayedien,cloak,-61,-256,-35,0,17,1.4,1.4,0",,,,,,,,,,,,,,,,,,,,,,,,,,,,,,,,,,,,,,,,,,,,,,,,,,,,,,,,,,,,,,,,,,,,,,,,,,,,,,,,,,,,,,,,,,,,,,,,,,,,,
Standup/4,"nayedien,head,30,-460,-4,0,7,1,1,0","nayedien,neck,32,-415,-5,0,10,1,1,0","nayedien,body,17,-288,-4,0,9,1,1,0","nayedien,arm_up,-78,-324,-15,0,5,1.1,1,0","nayedien,arm_low,-105,-230,-14,0,7,1,1,0","nayedien,open,-129,-150,-30,0,8,0.9,0.9,0","nayedien,arm_up,113,-330,19,1,10,0.9,1.1,0","nayedien,arm_low,140,-241,16,1,15,0.9,0.9,0","nayedien,open,158,-163,16,1,16,0.9,0.9,0","nayedien,leg_up,-28,-173,-5,0,11,1.1,1,0","nayedien,leg_low,-46,-77,-12,0,11,1,1.1,0","nayedien,foot,-67,-6,-3,1,14,1,1,0","nayedien,leg_up,62,-167,41,0,15,1,1,0","nayedien,leg_low,107,-87,18,0,14,0.9,1.1,0","nayedien,foot,132,-10,7,0,16,1,1,0",,,"nayedien,cloak,-59,-255,-25,0,17,1.4,1.4,0",,,,,,,,,,,,,,,,,,,,,,,,,,,,,,,,,,,,,,,,,,,,,,,,,,,,,,,,,,,,,,,,,,,,,,,,,,,,,,,,,,,,,,,,,,,,,,,,,,,,,
Standup/5,"nayedien,head,18,-472,-1,0,7,1,1,0","nayedien,neck,20,-427,-2,0,10,1,1,0","nayedien,body,7,-302,-4,0,9,1,1,0","nayedien,arm_up,-88,-334,-16,0,5,1.1,1,0","nayedien,arm_low,-93,-240,16,0,7,1,1,0","nayedien,open,-75,-160,0,0,8,0.9,0.9,0","nayedien,arm_up,100,-341,16,1,10,0.9,1.1,0","nayedien,arm_low,124,-253,7,1,15,0.9,0.9,0","nayedien,open,129,-173,7,1,16,0.9,0.9,0","nayedien,leg_up,-35,-173,-5,0,11,1.1,1,0","nayedien,leg_low,-47,-80,-8,0,11,1,1.1,0","nayedien,foot,-67,-6,-3,1,14,1,1,0","nayedien,leg_up,51,-178,31,0,15,1,1,0","nayedien,leg_low,88,-87,18,0,14,0.9,1.1,0","nayedien,foot,113,-10,7,0,16,1,1,0",,,"nayedien,cloak,-59,-255,-25,0,17,1.4,1.4,0",,,,,,,,,,,,,,,,,,,,,,,,,,,,,,,,,,,,,,,,,,,,,,,,,,,,,,,,,,,,,,,,,,,,,,,,,,,,,,,,,,,,,,,,,,,,,,,,,,,,,
Standup/6,"nayedien,head,-16,-506,6,0,7,1,1,0","nayedien,neck,-4,-456,5,0,10,1,1,0","nayedien,body,1,-330,1,0,9,1,1,0","nayedien,arm_up,-101,-359,-15,0,5,1.1,1,0","nayedien,arm_low,-99,-293,52,0,7,1,1,0","nayedien,open,-42,-236,28,0,8,0.9,0.9,0","nayedien,arm_up,84,-371,9,1,10,0.9,1.1,0","nayedien,arm_low,96,-282,2,1,15,0.9,0.9,0","nayedien,fist,94,-214,-5,1,16,0.9,0.9,0","nayedien,leg_up,-31,-188,-9,0,11,1.1,1,0","nayedien,leg_low,-48,-90,-5,0,11,1,1.1,0","nayedien,foot,-66,-12,-6,1,14,1,1,0","nayedien,leg_up,54,-193,16,0,15,1,1,0","nayedien,leg_low,67,-87,-2,0,14,0.9,1.1,0","nayedien,foot,77,-10,8,0,16,1,1,0",,,"nayedien,cloak,-42,-289,-5,0,17,1.4,1.4,0",,,,,,,,,,,,,,,,,,,,,,,,,,,,,,,,,,,,,,,,,,,,,,,,,,,,,,,,,,,,,,,,,,,,,,,,,,,,,,,,,,,,,,,,,,,,,,,,,,,,,
Walk/0,"nayedien,head,-7,-504,2,0,7,1,1,0","nayedien,neck,1,-456,4,0,10,1,1,0","nayedien,body,3,-330,0,0,9,1,1,0","nayedien,arm_up,-98,-361,-16,0,5,1.1,1,0","nayedien,arm_low,-97,-295,51,0,7,1,1,0","nayedien,open,-41,-237,27,0,8,0.9,0.9,0","nayedien,arm_up,87,-369,8,1,10,0.9,1.1,0","nayedien,arm_low,98,-280,1,1,15,0.9,0.9,0","nayedien,fist,94,-212,-6,1,16,0.9,0.9,0","nayedien,leg_up,-28,-186.4,-2,0,11,1,1,0","nayedien,leg_low,-43,-92,-16,0,11,1,1,0","nayedien,foot,-62,-22,-27,0,14,1,1,0","nayedien,leg_up,48,-192,10,0,15,1,1,0","nayedien,leg_low,55,-88,1,0,14,1,1,0","nayedien,foot,67.6,-17.2,5,0,16,1,1,0",,,"nayedien,cloak,-42,-290,-8,0,17,1.4,1.4,0",,,,,,,,,,,,,,,,,,,,,,,,,,,,,,,,,,,,,,,,,,,,,,,,,,,,,,,,,,,,,,,,,,,,,,,,,,,,,,,,,,,,,,,,,,,,,,,,,,,,,
Walk/1,"nayedien,head,-9,-506,5,0,7,1,1,0","nayedien,neck,2,-456,4,0,10,1,1,0","nayedien,body,4,-330,0,0,9,1,1,0","nayedien,arm_up,-97,-361,-16,0,5,1.1,1,0","nayedien,arm_low,-96,-295,51,0,7,1,1,0","nayedien,open,-40,-237,27,0,8,0.9,0.9,0","nayedien,arm_up,88,-369,8,1,10,0.9,1.1,0","nayedien,arm_low,99,-280,1,1,15,0.9,0.9,0","nayedien,fist,95,-212,-6,1,16,0.9,0.9,0","nayedien,leg_up,-16,-186,9,0,11,1,1,0","nayedien,leg_low,-26,-93,-21,0,11,1,1,0","nayedien,foot,-52.8,-31.6,-41,0,14,1,1,0","nayedien,leg_up,45,-190,0,0,15,1,1,0","nayedien,leg_low,37,-87,-7,0,14,1,1,0","nayedien,foot,42,-17,12,0,16,1,1,0",,,"nayedien,cloak,-41,-290,-8,0,17,1.4,1.4,0",,,,,,,,,,,,,,,,,,,,,,,,,,,,,,,,,,,,,,,,,,,,,,,,,,,,,,,,,,,,,,,,,,,,,,,,,,,,,,,,,,,,,,,,,,,,,,,,,,,,,
Walk/2,"nayedien,head,-6,-504,4,0,7,1,1,0","nayedien,neck,4,-454,3,0,10,1,1,0","nayedien,body,3,-328,-1,0,9,1,1,0","nayedien,arm_up,-96,-361,-18,0,5,1.1,1,0","nayedien,arm_low,-97,-295,50,0,7,1,1,0","nayedien,open,-42,-236,26,0,8,0.9,0.9,0","nayedien,arm_up,87,-365,6,1,10,0.9,1.1,0","nayedien,arm_low,96,-276,-1,1,15,0.9,0.9,0","nayedien,fist,88,-208,-8,1,16,0.9,0.9,0","nayedien,leg_up,-14,-190.4,26,0,11,1,1,0","nayedien,leg_low,3,-94,-5,0,11,1,1,0","nayedien,foot,-8.8,-15.6,-27,0,14,1,1,0","nayedien,leg_up,29.6,-192.4,-11,0,15,1,1,0","nayedien,leg_low,4,-84,-11,0,16,1,1,0","nayedien,foot,-0.4,-17.2,8,0,16,1,1,0",,,"nayedien,cloak,-42,-289,-9,0,17,1.4,1.4,0",,,,,,,,,,,,,,,,,,,,,,,,,,,,,,,,,,,,,,,,,,,,,,,,,,,,,,,,,,,,,,,,,,,,,,,,,,,,,,,,,,,,,,,,,,,,,,,,,,,,,
Walk/3,"nayedien,head,-1,-503,2,0,7,1,1,0","nayedien,neck,6,-453,2,0,10,1,1,0","nayedien,body,3,-327,-2,0,9,1,1,0","nayedien,arm_up,-96,-362,-19,0,5,1.1,1,0","nayedien,arm_low,-98,-296,49,0,7,1,1,0","nayedien,open,-44,-236,25,0,8,0.9,0.9,0","nayedien,arm_up,87,-362,5,1,10,0.9,1.1,0","nayedien,arm_low,95,-273,-2,1,15,0.9,0.9,0","nayedien,fist,85,-205,-9,1,16,0.9,0.9,0","nayedien,leg_up,-8,-182,28,0,11,1,1,0","nayedien,leg_low,29,-85,16,0,11,1,1,0","nayedien,foot,55.2,-15.6,10,0,14,1,1,0","nayedien,leg_up,16,-188,-19,0,15,1,1.1,0","nayedien,leg_low,-27,-80,-21,0,14,1,1,0","nayedien,foot,-30.4,-17.2,13,0,16,1,1,0",,,"nayedien,cloak,-43,-289,-10,0,17,1.4,1.4,0",,,,,,,,,,,,,,,,,,,,,,,,,,,,,,,,,,,,,,,,,,,,,,,,,,,,,,,,,,,,,,,,,,,,,,,,,,,,,,,,,,,,,,,,,,,,,,,,,,,,,
Walk/4,"nayedien,head,1,-503,1,0,7,1,1,0","nayedien,neck,6,-453,2,0,10,1,1,0","nayedien,body,3,-325,-3,0,9,1,1,0","nayedien,arm_up,-95,-362,-20,0,5,1.1,1,0","nayedien,arm_low,-98,-296,49,0,7,1,1,0","nayedien,open,-44,-236,25,0,8,0.9,0.9,0","nayedien,arm_up,88,-359,4,1,10,0.9,1.1,0","nayedien,arm_low,95,-270,-3,1,15,0.9,0.9,0","nayedien,fist,84,-202,-10,1,16,0.9,0.9,0","nayedien,leg_up,-8,-182,30,0,11,1,1,0","nayedien,leg_low,28,-85,11,0,11,1,1,0","nayedien,foot,49,-15,10,0,14,1,1,0","nayedien,leg_up,16,-188,-19,0,15,1,1.1,0","nayedien,leg_low,-30,-80,-30,0,14,1,1,0","nayedien,foot,-50,-18,-7,0,16,1,1,0",,,"nayedien,cloak,-46,-289,-11,0,17,1.4,1.4,0",,,,,,,,,,,,,,,,,,,,,,,,,,,,,,,,,,,,,,,,,,,,,,,,,,,,,,,,,,,,,,,,,,,,,,,,,,,,,,,,,,,,,,,,,,,,,,,,,,,,,
Walk/5,"nayedien,head,-4,-506,3,0,7,1,1,0","nayedien,neck,4,-456,3,0,10,1,1,0","nayedien,body,3,-330,-1,0,9,1,1,0","nayedien,arm_up,-96,-363,-18,0,5,1.1,1,0","nayedien,arm_low,-97,-297,50,0,7,1,1,0","nayedien,open,-42,-238,26,0,8,0.9,0.9,0","nayedien,arm_up,87,-367,6,1,10,0.9,1.1,0","nayedien,arm_low,96,-278,-1,1,15,0.9,0.9,0","nayedien,fist,88,-210,-8,1,16,0.9,0.9,0","nayedien,leg_up,-11,-186,16,0,11,1,1,0","nayedien,leg_low,12,-80,7,0,11,1,1,0","nayedien,foot,29.2,-15.6,10,0,14,1,1,0","nayedien,leg_up,37,-189,-4,0,15,1,1,0","nayedien,leg_low,4,-96,-29,0,14,1,1,0","nayedien,foot,-24.4,-41.2,-35,0,16,1,1,0",,,"nayedien,cloak,-42,-291,-9,0,17,1.4,1.4,0",,,,,,,,,,,,,,,,,,,,,,,,,,,,,,,,,,,,,,,,,,,,,,,,,,,,,,,,,,,,,,,,,,,,,,,,,,,,,,,,,,,,,,,,,,,,,,,,,,,,,
Walk/6,"nayedien,head,-7,-508,4,0,7,1,1,0","nayedien,neck,2,-458,4,0,10,1,1,0","nayedien,body,3,-332,0,0,9,1,1,0","nayedien,arm_up,-96,-363,-17,0,5,1.1,1,0","nayedien,arm_low,-96,-297,51,0,7,1,1,0","nayedien,open,-40,-239,27,0,8,0.9,0.9,0","nayedien,arm_up,87,-371,7,1,10,0.9,1.1,0","nayedien,arm_low,97,-282,0,1,15,0.9,0.9,0","nayedien,fist,91,-214,-7,1,16,0.9,0.9,0","nayedien,leg_up,-18,-188.4,0,0,11,1,1,0","nayedien,leg_low,-26,-87,-6,0,11,1,1,0","nayedien,foot,-22.8,-15.6,0,0,14,1,1,0","nayedien,leg_up,47.6,-194.4,16,0,15,1,1,0","nayedien,leg_low,45,-106,-25,0,14,1,1,0","nayedien,foot,23.6,-47.2,-22,0,16,1,1,0",,,"nayedien,cloak,-41,-292,-8,0,17,1.4,1.4,0",,,,,,,,,,,,,,,,,,,,,,,,,,,,,,,,,,,,,,,,,,,,,,,,,,,,,,,,,,,,,,,,,,,,,,,,,,,,,,,,,,,,,,,,,,,,,,,,,,,,,
Walk/7,"nayedien,head,-1,-505,3,0,7,1,1,0","nayedien,neck,7,-455,3,0,10,1,1,0","nayedien,body,5,-329,-1,0,9,1,1,0","nayedien,arm_up,-93,-362,-18,0,5,1.1,1,0","nayedien,arm_low,-94,-296,50,0,7,1,1,0","nayedien,open,-39,-237,26,0,8,0.9,0.9,0","nayedien,arm_up,90,-366,6,1,10,0.9,1.1,0","nayedien,arm_low,99,-277,-1,1,15,0.9,0.9,0","nayedien,fist,91,-209,-8,1,16,0.9,0.9,0","nayedien,leg_up,-24,-188.4,-7,0,11,1,1,0","nayedien,leg_low,-41,-87,-9,0,11,1,1,0","nayedien,foot,-40.8,-15.6,-4,0,14,1,1,0","nayedien,leg_up,59.6,-194.4,28,0,15,1,1,0","nayedien,leg_low,72,-105,-11,0,14,1,1,0","nayedien,foot,61.6,-35.2,-12,0,16,1,1,0",,,"nayedien,cloak,-39,-290,-9,0,17,1.4,1.4,0",,,,,,,,,,,,,,,,,,,,,,,,,,,,,,,,,,,,,,,,,,,,,,,,,,,,,,,,,,,,,,,,,,,,,,,,,,,,,,,,,,,,,,,,,,,,,,,,,,,,,
Walk/8,"nayedien,head,4,-498,0,0,7,1,1,0","nayedien,neck,13,-449,2,0,10,1,1,0","nayedien,body,9,-323,-2,0,9,1,1,0","nayedien,arm_up,-89,-358,-19,0,5,1.1,1,0","nayedien,arm_low,-91,-292,49,0,7,1,1,0","nayedien,open,-37,-232,25,0,8,0.9,0.9,0","nayedien,arm_up,94,-358,5,1,10,0.9,1.1,0","nayedien,arm_low,102,-269,-2,1,15,0.9,0.9,0","nayedien,fist,92,-201,-9,1,16,0.9,0.9,0","nayedien,leg_up,-40,-188,-17,0,11,1,1,0","nayedien,leg_low,-72,-87,-16,0,11,1,1,0","nayedien,foot,-84,-17,-13,0,14,1,1,0","nayedien,leg_up,58,-184,16,0,15,1,1.1,0","nayedien,leg_low,86,-86,14,0,14,1,1,0","nayedien,foot,114,-16,17,0,16,1,1,0",,,"nayedien,cloak,-39,-285,-12,0,17,1.4,1.4,0",,,,,,,,,,,,,,,,,,,,,,,,,,,,,,,,,,,,,,,,,,,,,,,,,,,,,,,,,,,,,,,,,,,,,,,,,,,,,,,,,,,,,,,,,,,,,,,,,,,,,
Walk/9,"nayedien,head,3,-497,0,0,7,1,1,0","nayedien,neck,11,-449,2,0,10,1,1,0","nayedien,body,8,-321,-1,0,9,1,1,0","nayedien,arm_up,-93,-355,-20,0,5,1.1,1,0","nayedien,arm_low,-95,-292,51,0,7,1,1,0","nayedien,open,-40,-231,23,0,8,0.9,0.9,0","nayedien,arm_up,91,-361,6,1,10,0.9,1.1,0","nayedien,arm_low,100,-272,-1,1,15,0.9,0.9,0","nayedien,fist,91,-204,-8,1,16,0.9,0.9,0","nayedien,leg_up,-38,-188,-13,0,11,1,1,0","nayedien,leg_low,-76,-87,-24,0,11,1,1,0","nayedien,foot,-95,-22,-13,0,14,1,1,0","nayedien,leg_up,63,-181,19,0,15,1,1.1,0","nayedien,leg_low,86,-86,7,0,14,1,1,0","nayedien,foot,104,-16,17,0,16,1,1,0",,,"nayedien,cloak,-42,-285,-14,0,17,1.4,1.4,0",,,,,,,,,,,,,,,,,,,,,,,,,,,,,,,,,,,,,,,,,,,,,,,,,,,,,,,,,,,,,,,,,,,,,,,,,,,,,,,,,,,,,,,,,,,,,,,,,,,,,
Attack1/0,"nayedien,head,-16,-504,7,0,7,1,1,0","nayedien,neck,-4,-456,5,0,10,1,1,0","nayedien,body,1,-329,1,0,9,1,1,0","nayedien,arm_up,-104,-361,-19,0,5,1.1,1,0","nayedien,arm_low,-109,-291,44,0,7,1,1,0","nayedien,open,-56,-231,38,0,8,0.9,0.9,0","nayedien,arm_up,84,-369,8,1,10,0.9,1.1,0","nayedien,arm_low,97,-280,8,1,15,0.9,0.9,0","nayedien,open,106,-204,7,1,16,0.9,0.9,0","nayedien,leg_up,-31,-188,-8,0,11,1.1,1,0","nayedien,leg_low,-48,-90,-5,0,11,1,1.1,0","nayedien,foot,-66,-12,-6,1,14,1,1,0","nayedien,leg_up,55,-193,17,0,15,1,1,0","nayedien,leg_low,67,-86,-2,0,14,0.9,1.1,0","nayedien,foot,77,-10,9,0,16,1,1,0",,,"nayedien,cloak,-43,-288,-6,0,17,1.4,1.4,0",,,,,,,,,,,,,,,,,,,,,,,,,,,,,,,,,,,,,,,,,,,,,,,,,,,,,,,,,,,,,,,,,,,,,,,,,,,,,,,,,,,,,,,,,,,,,,,,,,,play_time_mod_0.5,,
Attack1/1,"nayedien,head,-14,-505,8,0,7,1,1,0","nayedien,neck,-4,-456,5,0,10,1,1,0","nayedien,body,1,-328,0,0,9,1,1,0","nayedien,arm_up,-91,-352,-5,0,5,1.1,1,0","nayedien,arm_low,-88,-260,28,0,7,1,1,0","nayedien,open,-51,-187,28,0,8,0.9,0.9,0","nayedien,arm_up,86,-387,22,1,10,0.9,1.1,0","nayedien,arm_low,120,-306,28,1,15,0.9,0.9,0","nayedien,open,155,-238,27,0,16,0.9,0.9,0","nayedien,leg_up,-36,-188,-10,0,11,1.1,1,0","nayedien,leg_low,-53,-90,-9,0,11,1,1.1,0","nayedien,foot,-74,-12,-6,1,14,1,1,0","nayedien,leg_up,57,-193,18,0,15,1,1,0","nayedien,leg_low,69,-86,-4,0,14,0.9,1.1,0","nayedien,foot,77,-10,9,0,16,1,1,0",,,"nayedien,cloak,-43,-290,-8,0,17,1.4,1.4,0",,,,,,,,,,,,,,,,,,,,,,,,,,,,,,,,,,,,,,,,,,,,,,,,,,,,,,,,,,,,,,,,,,,,,,,,,,,,,,,,,,,,,,,,,,,,,,,,,,,,,
Attack1/2,"nayedien,head,-14,-505,8,0,7,1,1,0","nayedien,neck,-4,-456,5,0,10,1,1,0","nayedien,body,1,-328,0,0,9,1,1,0","nayedien,arm_up,-90,-354,-4,0,5,1.1,1,0","nayedien,arm_low,-86,-262,29,0,7,1,1,0","nayedien,open,-48,-189,29,0,8,0.9,0.9,0","nayedien,arm_up,86,-387,24,1,10,0.9,1.1,0","nayedien,arm_low,121,-306,31,1,15,0.9,0.9,0","nayedien,open,158,-241,28,0,16,0.9,0.9,0","nayedien,leg_up,-36,-188,-10,0,11,1.1,1,0","nayedien,leg_low,-53,-90,-9,0,11,1,1.1,0","nayedien,foot,-74,-12,-6,1,14,1,1,0","nayedien,leg_up,57,-193,18,0,15,1,1,0","nayedien,leg_low,69,-86,-4,0,14,0.9,1.1,0","nayedien,foot,77,-10,9,0,16,1,1,0",,,"nayedien,cloak,-43,-290,-8,0,17,1.4,1.4,0","nayedien,mace_arrive_4,74,-226,110,0,0,1,1,0",,,,,,,,,,,,,,,,,,,,,,,,,,,,,,,,,,,,,,,,,,,,,,,,,,,,,,,,,,,,,,,,,,,,,,,,,,,,,,,,,,,,,,,,,,,,,,,,,,play_time_mod_0.5,,
Attack1/3,"nayedien,head,-14,-505,5,0,7,1,1,0","nayedien,neck,-4,-456,5,0,10,1,1,0","nayedien,body,1,-328,0,0,9,1,1,0","nayedien,arm_up,-90,-354,-4,0,5,1.1,1,0","nayedien,arm_low,-86,-262,29,0,7,1,1,0","nayedien,open,-48,-189,29,0,8,0.9,0.9,0","nayedien,arm_up,86,-387,24,1,10,0.9,1.1,0","nayedien,arm_low,121,-306,31,1,15,0.9,0.9,0","nayedien,open,158,-241,28,0,16,0.9,0.9,0","nayedien,leg_up,-36,-188,-10,0,11,1.1,1,0","nayedien,leg_low,-53,-90,-9,0,11,1,1.1,0","nayedien,foot,-74,-12,-6,1,14,1,1,0","nayedien,leg_up,57,-193,18,0,15,1,1,0","nayedien,leg_low,69,-86,-4,0,14,0.9,1.1,0","nayedien,foot,77,-10,9,0,16,1,1,0",,,"nayedien,cloak,-43,-290,-8,0,17,1.4,1.4,0","nayedien,mace_arrive_3,74,-226,110,0,0,1,1,0",,,,,,,,,,,,,,,,,,,,,,,,,,,,,,,,,,,,,,,,,,,,,,,,,,,,,,,,,,,,,,,,,,,,,,,,,,,,,,,,,,,,,,,,,,,,,,,,,,,,
Attack1/4,"nayedien,head,-11,-505,2,0,7,1,1,0","nayedien,neck,-4,-456,5,0,10,1,1,0","nayedien,body,3,-328,-1,0,9,1,1,0","nayedien,arm_up,-88,-354,-6,0,5,1.1,1,0","nayedien,arm_low,-79,-262,32,0,7,1,1,0","nayedien,open,-35,-192,32,0,8,0.9,0.9,0","nayedien,arm_up,88,-382,20,1,10,0.9,1.1,0","nayedien,arm_low,119,-297,27,1,15,0.9,0.9,0","nayedien,open,152,-228,24,0,16,0.9,0.9,0","nayedien,leg_up,-36,-188,-10,0,11,1.1,1,0","nayedien,leg_low,-53,-90,-9,0,11,1,1.1,0","nayedien,foot,-74,-12,-6,1,14,1,1,0","nayedien,leg_up,57,-193,18,0,15,1,1,0","nayedien,leg_low,69,-86,-4,0,14,0.9,1.1,0","nayedien,foot,77,-10,9,0,16,1,1,0",,,"nayedien,cloak,-43,-290,-8,0,17,1.4,1.4,0","nayedien,mace_arrive_2,76,-221,107,0,0,1,1,0",,,,,,,,,,,,,,,,,,,,,,,,,,,,,,,,,,,,,,,,,,,,,,,,,,,,,,,,,,,,,,,,,,,,,,,,,,,,,,,,,,,,,,,,,,,,,,,,,,,,"weapon_summon,2000,0"
Attack1/5,"nayedien,head,-7,-503,-1,0,7,1,1,0","nayedien,neck,-4,-456,5,0,10,1,1,0","nayedien,body,3,-328,-1,0,9,1,1,0","nayedien,arm_up,-88,-354,-6,0,5,1.1,1,0","nayedien,arm_low,-79,-262,32,0,7,1,1,0","nayedien,open,-35,-192,32,0,8,0.9,0.9,0","nayedien,arm_up,88,-382,20,1,10,0.9,1.1,0","nayedien,arm_low,120,-297,18,1,15,0.9,0.9,0","nayedien,open,135,-228,15,0,16,0.9,0.9,0","nayedien,leg_up,-36,-188,-10,0,11,1.1,1,0","nayedien,leg_low,-53,-90,-9,0,11,1,1.1,0","nayedien,foot,-74,-12,-6,1,14,1,1,0","nayedien,leg_up,57,-193,18,0,15,1,1,0","nayedien,leg_low,69,-86,-4,0,14,0.9,1.1,0","nayedien,foot,77,-10,9,0,16,1,1,0",,,"nayedien,cloak,-43,-290,-8,0,17,1.4,1.4,0","nayedien,mace_arrive_1,72,-213,105,0,0,1,1,0",,,,,,,,,,,,,,,,,,,,,,,,,,,,,,,,,,,,,,,,,,,,,,,,,,,,,,,,,,,,,,,,,,,,,,,,,,,,,,,,,,,,,,,,,,,,,,,,,,play_time_mod_0.4,,
Attack1/6,"nayedien,head,-3,-501,-3,0,7,1,1,0","nayedien,neck,-4,-456,5,0,10,1,1,0","nayedien,body,4,-326,-2,0,9,1,1,0","nayedien,arm_up,-88,-350,-7,0,5,1.1,1,0","nayedien,arm_low,-81,-260,30,0,6,1,1,0","nayedien,fist,-42,-196,27,0,5,0.9,0.9,0","nayedien,arm_up,90,-375,17,1,10,0.9,1.1,0","nayedien,arm_low,117,-292,15,1,15,0.9,0.9,0","nayedien,open,130,-223,10,0,16,0.9,0.9,0","nayedien,leg_up,-36,-188,-10,0,11,1.1,1,0","nayedien,leg_low,-53,-90,-9,0,11,1,1.1,0","nayedien,foot,-74,-12,-6,1,14,1,1,0","nayedien,leg_up,58,-190,21,0,15,1,1,0","nayedien,leg_low,71,-85,-5,0,14,0.9,1.1,0","nayedien,foot,77,-10,9,0,16,1,1,0",,,"nayedien,cloak,-46,-290,-10,0,17,1.4,1.4,0","nayedien,mace,68,-208,100,0,7,1,1,0",,,,,,,,,,,,,,,,,,,,,,,,,,,,,,,,,,,,,,,,,,,,,,,,,,,,,,,,,,,,,,,,,,,,,,,,,,,,,,,,,,,,,,,,,,,,,,,,,,play_time_mod_0.2,,
Attack1/7,"nayedien,head,4,-498,-5,0,7,1,1,0","nayedien,neck,-4,-456,5,0,10,1,1,0","nayedien,body,7,-325,-3,0,9,1,1,0","nayedien,arm_up,-86,-349,-9,0,5,1.1,1,0","nayedien,arm_low,-80,-260,26,0,6,1,1,0","nayedien,fist,-42,-194,27,0,5,0.9,0.9,0","nayedien,arm_up,90,-374,15,1,10,0.9,1.1,0","nayedien,arm_low,103,-284,2,1,15,0.9,0.9,0","nayedien,open,103,-215,-5,0,16,0.9,0.9,0","nayedien,leg_up,-36,-188,-10,0,11,1.1,1,0","nayedien,leg_low,-53,-90,-9,0,11,1,1.1,0","nayedien,foot,-74,-12,-6,1,14,1,1,0","nayedien,leg_up,58,-188,22,0,15,1,1,0","nayedien,leg_low,72,-85,-6,0,14,0.9,1.1,0","nayedien,foot,77,-10,9,0,16,1,1,0",,,"nayedien,cloak,-47,-290,-11,0,17,1.4,1.4,0","nayedien,mace,68,-206,99,0,7,1,1,0",,,,,,,,,,,,,,,,,,,,,,,,,,,,,,,,,,,,,,,,,,,,,,,,,,,,,,,,,,,,,,,,,,,,,,,,,,,,,,,,,,,,,,,,,,,,,,,,,,,,
Attack1/8,"nayedien,head,0,-503,0,0,7,1,1,0","nayedien,neck,-4,-456,5,0,10,1,1,0","nayedien,body,6,-327,-1,0,9,1,1,0","nayedien,arm_up,-76,-349,2,0,5,1.1,1,0","nayedien,arm_low,-60,-281,46,0,6,1,1,0","nayedien,fist,-2,-233,47,0,5,0.9,0.9,0","nayedien,arm_up,90,-374,15,1,10,0.9,1.1,0","nayedien,arm_low,81,-290,-38,1,9,0.9,0.9,0","nayedien,open,24,-233,-55,1,7,0.9,0.9,0","nayedien,leg_up,-36,-188,-10,0,11,1.1,1,0","nayedien,leg_low,-53,-90,-9,0,11,1,1.1,0","nayedien,foot,-74,-12,-6,1,14,1,1,0","nayedien,leg_up,58,-189,21,0,15,1,1,0","nayedien,leg_low,70,-85,-4,0,14,0.9,1.1,0","nayedien,foot,77,-10,9,0,16,1,1,0",,,"nayedien,cloak,-50,-292,-11,0,17,1.4,1.4,0","nayedien,mace,64,-286,139,0,7,1,1,0",,,,,,,,,,,,,,,,,,,,,,,,,,,,,,,,,,,,,,,,,,,,,,,,,,,,,,,,,,,,,,,,,,,,,,,,,,,,,,,,,,,,,,,,,,,,,,,,,,,,
Attack1/9,"nayedien,head,-6,-503,3,0,7,1,1,0","nayedien,neck,-4,-456,5,0,10,1,1,0","nayedien,body,5,-327,0,0,9,1,1,0","nayedien,arm_up,-49,-348,42,0,5,1.1,1,0","nayedien,arm_low,7,-307,86,0,6,1,1,0","nayedien,fist,82,-308,87,0,5,0.9,0.9,0","nayedien,arm_up,84,-372,11,1,10,0.9,1.1,0","nayedien,arm_low,105,-311,-158,1,9,0.9,0.9,0","nayedien,fist,96,-277,-82,1,5,0.9,0.9,0","nayedien,leg_up,-38,-188,-12,0,11,1.1,1,0","nayedien,leg_low,-57,-90,-11,0,11,1,1.1,0","nayedien,foot,-81,-12,-6,1,14,1,1,0","nayedien,leg_up,62,-189,21,0,15,1,1,0","nayedien,leg_low,73,-85,-5,0,14,0.9,1.1,0","nayedien,foot,77,-10,9,0,16,1,1,0",,,"nayedien,cloak,-52,-292,-14,0,17,1.4,1.4,0","nayedien,mace,99,-390,179,0,7,1,1,0",,,,,,,,,,,,,,,,,,,,,,,,,,,,,,,,,,,,,,,,,,,,,,,,,,,,,,,,,,,,,,,,,,,,,,,,,,,,,,,,,,,,,,,,,,,,,,,,,,,,
Attack1/10,"nayedien,head,-24,-508,8,0,7,1,1,0","nayedien,neck,-17,-456,5,0,10,1,1,0","nayedien,body,0,-330,4,0,9,1,1,0","nayedien,arm_up,-21,-362,82,0,5,1.1,1,0","nayedien,arm_low,51,-372,130,0,6,1,1,0","nayedien,fist,106,-421,128,0,5,0.9,0.9,0","nayedien,arm_up,68,-429,74,1,10,0.9,1.1,0","nayedien,arm_low,121,-421,-106,1,9,0.9,0.7,0","nayedien,fist,134,-396,-57,1,5,0.9,0.9,0","nayedien,leg_up,-38,-188,-12,0,11,1.1,1,0","nayedien,leg_low,-57,-90,-11,0,11,1,1.1,0","nayedien,foot,-81,-12,-6,1,14,1,1,0","nayedien,leg_up,65,-189,21,0,15,1,1,0","nayedien,leg_low,75,-85,-6,0,14,0.9,1.1,0","nayedien,foot,77,-10,9,0,16,1,1,0",,,"nayedien,cloak,-62,-296,-16,0,17,1.4,1.4,0","nayedien,mace,65,-489,-150,0,7,1,1,0",,,,,,,,,,,,,,,,,,,,,,,,,,,,,,,,,,,,,,,,,,,,,,,,,,,,,,,,,,,,,,,,,,,,,,,,,,,,,,,,,,,,,,,,,,,,,,,,,,play_time_mod_0.5,,
Attack1/11,"nayedien,head,-26,-508,12,0,7,1,1,0","nayedien,neck,-17,-456,5,0,10,1,1,0","nayedien,body,-6,-326,8,0,9,1,1,0","nayedien,arm_up,-35,-404,135,0,5,1.1,1,0","nayedien,arm_low,22,-474,156,0,6,1,1,0","nayedien,fist,52,-539,148,0,5,0.9,0.9,0","nayedien,arm_up,43,-423,139,1,10,0.9,1.1,0","nayedien,arm_low,81,-481,-176,1,9,0.9,0.7,0","nayedien,fist_back,84,-534,170,0,5,0.9,0.9,0","nayedien,leg_up,-44,-188,-14,0,11,1.1,1,0","nayedien,leg_low,-67,-90,-12,0,11,1,1.1,0","nayedien,foot,-93,-12,-6,1,14,1,1,0","nayedien,leg_up,67,-189,19,0,15,1,1,0","nayedien,leg_low,75,-85,-6,0,14,0.9,1.1,0","nayedien,foot,77,-10,9,0,16,1,1,0",,,"nayedien,cloak,-68,-296,-16,0,17,1.4,1.4,0","nayedien,mace,-21,-564,-106,0,7,1,1,0",,,,,,,,,,,,,,,,,,,,,,,,,,,,,,,,,,,,,,,,,,,,,,,,,,,,,,,,,,,,,,,,,,,,,,,,,,,,,,,,,,,,,,,,,,,,,,,,,,,,
Attack1/12,"nayedien,head,20,-503,-2,0,7,1,1,0","nayedien,neck,8,-453,-6,0,10,1,1,0","nayedien,body,14,-323,-3,0,9,1,1,0","nayedien,arm_up,4,-395,114,0,5,1.1,1,0","nayedien,arm_low,87,-433,121,0,6,1,1,0","nayedien,fist,145,-468,117,0,7,0.9,0.9,0","nayedien,arm_up,84,-385,118,1,10,0.9,1.1,0","nayedien,arm_low,131,-405,149,1,9,0.9,0.7,0","nayedien,fist_back,161,-443,119,0,5,0.9,0.9,0","nayedien,leg_up,-44,-188,-14,0,11,1.1,1,0","nayedien,leg_low,-67,-90,-12,0,11,1,1.1,0","nayedien,foot,-93,-12,-6,1,14,1,1,0","nayedien,leg_up,74,-182,25,0,15,1,1,0","nayedien,leg_low,79,-84,-14,0,14,0.9,1.1,0","nayedien,foot,77,-10,9,0,16,1,1,0",,,"nayedien,cloak,-66,-294,-27,0,17,1.4,1.4,0","nayedien,mace_swing,112,-559,-157,0,9,1,1.1,0",,,,,,,,,,,,,,,,,,,,,,,,,,,,,,,,,,,,,,,,,,,,,,,,,,,,,,,,,,,,,,,,,,,,,,,,,,,,,,,,,,,,,,,,,,,,,,,,,,"play_time_mod_0.1,sprite_deal_damage",,"swing_bulk,2500,0"
Attack1/13,"nayedien,head,74,-482,-15,0,7,1,1,0","nayedien,neck,54,-434,-16,0,10,1,1,0","nayedien,body,33,-312,-13,0,9,1,1,0","nayedien,arm_up,23,-366,84,0,5,1.1,1,0","nayedien,arm_low,120,-341,71,0,6,1,1,0","nayedien,fist,185,-318,67,0,7,0.9,0.9,0","nayedien,arm_up,144,-375,48,1,10,0.9,1.1,0","nayedien,arm_low,167,-363,69,1,9,0.9,0.7,0","nayedien,fist_back,203,-347,49,0,5,0.9,0.9,0","nayedien,leg_up,-50,-188,-24,0,11,1.1,1,0","nayedien,leg_low,-87,-89,-22,0,11,1,1.1,0","nayedien,foot,-124,-18,-16,1,14,1,1,0","nayedien,leg_up,73,-166,29,0,15,1,1,0","nayedien,leg_low,83,-81,-18,0,14,0.9,1.1,0","nayedien,foot,77,-10,9,0,16,1,1,0",,,"nayedien,cloak,-48,-294,-37,0,17,1.4,1.4,0","nayedien,mace_swing,279,-392,129,0,9,1,1.1,0",,,,,,,,,,,,,,,,,,,,,,,,,,,,,,,,,,,,,,,,,,,,,,,,,,,,,,,,,,,,,,,,,,,,,,,,,,,,,,,,,,,,,,,,,,,,,,,,,,"play_time_mod_0.1,sprite_deal_damage",,
Attack1/14,"nayedien,head,80,-472,-18,0,7,1,1,0","nayedien,neck,60,-424,-19,0,10,1,1,0","nayedien,body,33,-308,-17,0,9,1,1,0","nayedien,arm_up,11,-339,51,0,5,1.1,1,0","nayedien,arm_low,76,-271,35,0,6,1,1.1,0","nayedien,fist,123,-205,34,0,7,0.9,0.9,0","nayedien,arm_up,139,-339,18,1,10,0.9,1.1,0","nayedien,arm_low,159,-264,5,1,11,0.9,0.7,0","nayedien,fist_back,165,-207,5,0,5,0.9,0.9,0","nayedien,leg_up,-50,-188,-24,0,11,1.1,1,0","nayedien,leg_low,-87,-89,-22,0,11,1,1.1,0","nayedien,foot,-124,-18,-16,1,14,1,1,0","nayedien,leg_up,73,-159,34,0,15,1,1,0","nayedien,leg_low,83,-78,-20,0,14,0.9,1.1,0","nayedien,foot,77,-10,9,0,16,1,1,0",,,"nayedien,cloak,-48,-299,-43,0,17,1.4,1.4,0","nayedien,mace_swing,254,-221,97,0,9,1,1.1,0",,,,,,,,,,,,,,,,,,,,,,,,,,,,,,,,,,,,,,,,,,,,,,,,,,,,,,,,,,,,,,,,,,,,,,,,,,,,,,,,,,,,,,,,,,,,,,,,,,"play_time_mod_0.1,sprite_deal_damage",,
Attack1/15,"nayedien,head,81,-469,-21,0,7,1,1,0","nayedien,neck,60,-424,-19,0,10,1,1,0","nayedien,body,33,-308,-17,0,9,1,1,0","nayedien,arm_up,-6,-342,35,0,5,1.1,1,0","nayedien,arm_low,41,-255,19,0,6,1,1.1,0","nayedien,fist,70,-178,18,0,7,0.9,0.9,0","nayedien,arm_up,128,-315,-2,1,10,0.9,1.1,0","nayedien,arm_low,117,-229,-11,1,11,0.9,0.8,0","nayedien,fist_back,105,-166,-11,0,5,0.9,0.9,0","nayedien,leg_up,-53,-188,-24,0,11,1.1,1,0","nayedien,leg_low,-97,-89,-19,0,11,1,1.1,0","nayedien,foot,-133,-18,-16,1,14,1,1,0","nayedien,leg_up,73,-157,35,0,15,1,1,0","nayedien,leg_low,83,-78,-20,0,14,0.9,1.1,0","nayedien,foot,77,-10,9,0,16,1,1,0",,,"nayedien,cloak,-58,-311,-57,0,17,1.4,1.4,0","nayedien,mace_swing,182,-120,63,0,9,1,1.1,0",,,,,,,,,,,,,,,,,,,,,,,,,,,,,,,,,,,,,,,,,,,,,,,,,,,,,,,,,,,,,,,,,,,,,,,,,,,,,,,,,,,,,,,,,,,,,,,,,,"sprite_deal_damage,play_time_mod_0.5",,
Attack1/16,"nayedien,head,92,-460,-28,0,7,1,1,0","nayedien,neck,60,-424,-19,0,10,1,1,0","nayedien,body,33,-301,-22,0,9,1,1,0","nayedien,arm_up,-11,-347,25,0,5,1.1,1,0","nayedien,arm_low,20,-254,9,0,6,1,1.1,0","nayedien,fist,35,-173,8,0,7,0.9,0.9,0","nayedien,arm_up,122,-307,-14,1,10,0.9,1.1,0","nayedien,arm_low,93,-218,-23,1,11,0.9,1,0","nayedien,fist_back,66,-152,-33,0,5,0.9,0.9,0","nayedien,leg_up,-59,-188,-21,0,11,1.1,1,0","nayedien,leg_low,-98,-89,-21,0,11,1,1.1,0","nayedien,foot,-135,-18,-18,1,14,1,1,0","nayedien,leg_up,73,-154,35,0,15,1,1,0","nayedien,leg_low,83,-76,-20,0,14,0.9,1.1,0","nayedien,foot,77,-10,9,0,16,1,1,0",,,"nayedien,cloak,-59,-317,-59,0,17,1.4,1.4,0","nayedien,mace,131,-88,51,0,9,1,1,0",,,,,,,,,,,,,,,,,,,,,,,,,,,,,,,,,,,,,,,,,,,,,,,,,,,,,,,,,,,,,,,,,,,,,,,,,,,,,,,,,,,,,,,,,,,,,,,,,,,,
Attack1/17,"nayedien,head,86,-466,-22,0,7,1,1,0","nayedien,neck,54,-430,-13,0,10,1,1,0","nayedien,body,25,-303,-16,0,9,1,1,0","nayedien,arm_up,-37,-344,5,0,5,1.1,1,0","nayedien,arm_low,-20,-254,9,0,6,1,1.1,0","nayedien,open,-4,-166,8,0,7,0.9,0.9,0","nayedien,arm_up,124,-329,-4,1,10,0.9,1.1,0","nayedien,arm_low,111,-236,-13,1,11,0.9,1,0","nayedien,open,96,-157,-10,0,5,0.9,0.9,0","nayedien,leg_up,-57,-188,-21,0,11,1.1,1,0","nayedien,leg_low,-96,-89,-20,0,11,1,1.1,0","nayedien,foot,-132,-18,-18,1,14,1,1,0","nayedien,leg_up,66,-154,35,0,15,1,1,0","nayedien,leg_low,81,-76,-15,0,14,0.9,1.1,0","nayedien,foot,77,-10,9,0,16,1,1,0",,,"nayedien,cloak,-61,-310,-54,0,17,1.4,1.4,0","nayedien,mace_arrive_1,134,-86,56,0,9,1,1,0",,,,,,,,,,,,,,,,,,,,,,,,,,,,,,,,,,,,,,,,,,,,,,,,,,,,,,,,,,,,,,,,,,,,,,,,,,,,,,,,,,,,,,,,,,,,,,,,,,,,
Attack1/18,"nayedien,head,57,-481,-11,0,7,1,1,0","nayedien,neck,38,-435,-3,0,10,1,1,0","nayedien,body,17,-308,-12,0,9,1,1,0","nayedien,arm_up,-57,-346,-5,0,5,1.1,1,0","nayedien,arm_low,-50,-254,9,0,6,1,1.1,0","nayedien,open,-34,-166,8,0,7,0.9,0.9,0","nayedien,arm_up,119,-340,6,1,10,0.9,1.1,0","nayedien,arm_low,122,-246,-3,1,11,0.9,1,0","nayedien,open,121,-166,0,0,5,0.9,0.9,0","nayedien,leg_up,-57,-188,-21,0,11,1.1,1,0","nayedien,leg_low,-96,-89,-20,0,11,1,1.1,0","nayedien,foot,-132,-18,-18,1,14,1,1,0","nayedien,leg_up,66,-154,35,0,15,1,1,0","nayedien,leg_low,81,-76,-15,0,14,0.9,1.1,0","nayedien,foot,77,-10,9,0,16,1,1,0",,,"nayedien,cloak,-61,-312,-46,0,17,1.4,1.4,0","nayedien,mace_arrive_2,134,-83,56,0,9,1,1,0",,,,,,,,,,,,,,,,,,,,,,,,,,,,,,,,,,,,,,,,,,,,,,,,,,,,,,,,,,,,,,,,,,,,,,,,,,,,,,,,,,,,,,,,,,,,,,,,,,,,
Attack1/19,"nayedien,head,47,-481,-7,0,7,1,1,0","nayedien,neck,32,-435,1,0,10,1,1,0","nayedien,body,12,-308,-8,0,9,1,1,0","nayedien,arm_up,-74,-346,-7,0,5,1.1,1,0","nayedien,arm_low,-69,-255,17,0,6,1,1.1,0","nayedien,open,-41,-171,16,0,7,0.9,0.9,0","nayedien,arm_up,103,-348,16,1,10,0.9,1.1,0","nayedien,arm_low,123,-256,17,1,11,0.9,1,0","nayedien,open,143,-177,4,0,13,0.9,0.9,0","nayedien,leg_up,-58,-188,-15,0,11,1.1,1,0","nayedien,leg_low,-84,-92,-10,0,11,1,1.1,0","nayedien,foot,-108,-15,-8,1,14,1,1,0","nayedien,leg_up,53,-171,26,0,15,1,1,0","nayedien,leg_low,72,-76,-5,0,14,0.9,1.1,0","nayedien,foot,77,-10,9,0,16,1,1,0",,,"nayedien,cloak,-61,-298,-36,0,17,1.4,1.4,0","nayedien,mace_arrive_3,134,-73,56,0,9,1,1,0",,,,,,,,,,,,,,,,,,,,,,,,,,,,,,,,,,,,,,,,,,,,,,,,,,,,,,,,,,,,,,,,,,,,,,,,,,,,,,,,,,,,,,,,,,,,,,,,,,,,
Attack1/20,"nayedien,head,32,-483,-2,0,7,1,1,0","nayedien,neck,22,-435,6,0,10,1,1,0","nayedien,body,9,-310,-5,0,9,1,1,0","nayedien,arm_up,-84,-346,-17,0,5,1.1,1,0","nayedien,arm_low,-84,-257,25,0,6,1,1.1,0","nayedien,open,-62,-182,-4,0,7,0.9,0.9,0","nayedien,arm_up,99,-350,16,1,10,0.9,1.1,0","nayedien,arm_low,117,-257,4,1,11,0.9,1,0","nayedien,open,114,-176,-6,1,13,0.9,0.9,0","nayedien,leg_up,-52,-188,-15,0,11,1.1,1,0","nayedien,leg_low,-78,-92,-10,0,11,1,1.1,0","nayedien,foot,-102,-15,-8,1,14,1,1,0","nayedien,leg_up,51,-177,21,0,15,1,1,0","nayedien,leg_low,69,-79,0,0,14,0.9,1.1,0","nayedien,foot,77,-10,9,0,16,1,1,0",,,"nayedien,cloak,-61,-288,-27,0,17,1.4,1.4,0","nayedien,mace_arrive_4,134,-68,59,0,9,1,1,0",,,,,,,,,,,,,,,,,,,,,,,,,,,,,,,,,,,,,,,,,,,,,,,,,,,,,,,,,,,,,,,,,,,,,,,,,,,,,,,,,,,,,,,,,,,,,,,,,,,,
Attack1/21,"nayedien,head,-16,-504,7,0,7,1,1,0","nayedien,neck,-4,-456,5,0,10,1,1,0","nayedien,body,1,-329,1,0,9,1,1,0","nayedien,arm_up,-104,-361,-19,0,5,1.1,1,0","nayedien,arm_low,-109,-291,44,0,7,1,1,0","nayedien,open,-56,-231,38,0,8,0.9,0.9,0","nayedien,arm_up,84,-369,8,1,10,0.9,1.1,0","nayedien,arm_low,97,-280,8,1,15,0.9,0.9,0","nayedien,open,106,-204,7,1,16,0.9,0.9,0","nayedien,leg_up,-31,-188,-8,0,11,1.1,1,0","nayedien,leg_low,-48,-90,-5,0,11,1,1.1,0","nayedien,foot,-66,-12,-6,1,14,1,1,0","nayedien,leg_up,55,-193,17,0,15,1,1,0","nayedien,leg_low,67,-86,-2,0,14,0.9,1.1,0","nayedien,foot,77,-10,9,0,16,1,1,0",,,"nayedien,cloak,-43,-288,-6,0,17,1.4,1.4,0",,,,,,,,,,,,,,,,,,,,,,,,,,,,,,,,,,,,,,,,,,,,,,,,,,,,,,,,,,,,,,,,,,,,,,,,,,,,,,,,,,,,,,,,,,,,,,,,,,,,,
Attack2/0,"nayedien,head,-16,-504,7,0,7,1,1,0","nayedien,neck,-4,-456,5,0,10,1,1,0","nayedien,body,1,-329,1,0,9,1,1,0","nayedien,arm_up,-104,-361,-19,0,5,1.1,1,0","nayedien,arm_low,-109,-291,44,0,7,1,1,0","nayedien,open,-56,-231,38,0,8,0.9,0.9,0","nayedien,arm_up,84,-369,8,1,10,0.9,1.1,0","nayedien,arm_low,97,-280,8,1,15,0.9,0.9,0","nayedien,open,106,-204,7,1,16,0.9,0.9,0","nayedien,leg_up,-31,-188,-8,0,11,1.1,1,0","nayedien,leg_low,-48,-90,-5,0,11,1,1.1,0","nayedien,foot,-66,-12,-6,1,14,1,1,0","nayedien,leg_up,55,-193,17,0,15,1,1,0","nayedien,leg_low,67,-86,-2,0,14,0.9,1.1,0","nayedien,foot,77,-10,9,0,16,1,1,0",,,"nayedien,cloak,-43,-288,-6,0,17,1.4,1.4,0",,,,,,,,,,,,,,,,,,,,,,,,,,,,,,,,,,,,,,,,,,,,,,,,,,,,,,,,,,,,,,,,,,,,,,,,,,,,,,,,,,,,,,,,,,,,,,,,,,,play_time_mod_0.3,,
Attack2/1,"nayedien,head,-18,-504,9,0,7,1,1,0","nayedien,neck,-4,-456,5,0,10,1,1,0","nayedien,body,0,-329,2,0,9,1,1,0","nayedien,arm_up,-111,-369,-35,0,5,1.1,1,0","nayedien,arm_low,-152,-291,-6,0,7,1,1,0","nayedien,open,-157,-210,-10,0,8,0.9,0.9,0","nayedien,arm_up,81,-369,5,1,10,0.9,1.1,0","nayedien,arm_low,97,-280,11,1,15,0.9,0.9,0","nayedien,open,109,-204,10,1,16,0.9,0.9,0","nayedien,leg_up,-31,-188,-8,0,11,1.1,1,0","nayedien,leg_low,-48,-90,-5,0,11,1,1.1,0","nayedien,foot,-66,-12,-6,1,14,1,1,0","nayedien,leg_up,55,-193,17,0,15,1,1,0","nayedien,leg_low,67,-86,-2,0,14,0.9,1.1,0","nayedien,foot,77,-10,9,0,16,1,1,0",,,"nayedien,cloak,-57,-288,-10,0,17,1.4,1.4,0",,,,,,,,,,,,,,,,,,,,,,,,,,,,,,,,,,,,,,,,,,,,,,,,,,,,,,,,,,,,,,,,,,,,,,,,,,,,,,,,,,,,,,,,,,,,,,,,,,,,,
Attack2/2,"nayedien,head,-25,-504,12,0,7,1,1,0","nayedien,neck,-4,-456,5,0,10,1,1,0","nayedien,body,-1,-329,4,0,9,1,1,0","nayedien,arm_up,-112,-369,-38,0,5,1.1,1,0","nayedien,arm_low,-171,-306,-56,0,7,1,1,0","nayedien,open,-248,-259,-60,1,8,0.9,0.9,0","nayedien,arm_up,80,-372,8,1,10,0.9,1.1,0","nayedien,arm_low,96,-282,8,1,15,0.9,0.9,0","nayedien,open,105,-206,5,1,16,0.9,0.9,0","nayedien,leg_up,-31,-188,-8,0,11,1.1,1,0","nayedien,leg_low,-48,-90,-5,0,11,1,1.1,0","nayedien,foot,-66,-12,-6,1,14,1,1,0","nayedien,leg_up,55,-193,17,0,15,1,1,0","nayedien,leg_low,67,-86,-2,0,14,0.9,1.1,0","nayedien,foot,77,-10,9,0,16,1,1,0",,,"nayedien,cloak,-57,-288,-10,0,17,1.4,1.4,0","nayedien,flail_arrive_4,-296,-64,-4,0,0,1,1,0",,,,,,,,,,,,,,,,,,,,,,,,,,,,,,,,,,,,,,,,,,,,,,,,,,,,,,,,,,,,,,,,,,,,,,,,,,,,,,,,,,,,,,,,,,,,,,,,,,,,"weapon_summon,2000,0"
Attack2/3,"nayedien,head,-25,-504,12,0,7,1,1,0","nayedien,neck,-4,-456,5,0,10,1,1,0","nayedien,body,-1,-329,4,0,9,1,1,0","nayedien,arm_up,-112,-369,-36,0,5,1.1,1,0","nayedien,arm_low,-171,-311,-64,0,7,1,1,0","nayedien,open,-248,-277,-74,1,8,0.9,0.9,0","nayedien,arm_up,80,-372,8,1,10,0.9,1.1,0","nayedien,arm_low,94,-282,6,1,15,0.9,0.9,0","nayedien,open,99,-206,4,1,16,0.9,0.9,0","nayedien,leg_up,-34,-188,-8,0,11,1.1,1,0","nayedien,leg_low,-52,-90,-5,0,11,1,1.1,0","nayedien,foot,-71,-12,-6,1,14,1,1,0","nayedien,leg_up,55,-193,17,0,15,1,1,0","nayedien,leg_low,67,-86,-2,0,14,0.9,1.1,0","nayedien,foot,77,-10,9,0,16,1,1,0",,,"nayedien,cloak,-57,-288,-10,0,17,1.4,1.4,0","nayedien,flail_arrive_3,-296,-85,-4,0,8,1,1,0",,,,,,,,,,,,,,,,,,,,,,,,,,,,,,,,,,,,,,,,,,,,,,,,,,,,,,,,,,,,,,,,,,,,,,,,,,,,,,,,,,,,,,,,,,,,,,,,,,,,
Attack2/4,"nayedien,head,-25,-504,11,0,7,1,1,0","nayedien,neck,-4,-456,5,0,10,1,1,0","nayedien,body,-1,-329,4,0,9,1,1,0","nayedien,arm_up,-112,-367,-34,0,5,1.1,1,0","nayedien,arm_low,-171,-311,-73,0,7,1,1,0","nayedien,open,-248,-291,-83,0,8,0.9,0.9,0","nayedien,arm_up,80,-372,8,1,10,0.9,1.1,0","nayedien,arm_low,94,-282,6,1,15,0.9,0.9,0","nayedien,open,99,-206,4,1,16,0.9,0.9,0","nayedien,leg_up,-39,-188,-11,0,11,1.1,1,0","nayedien,leg_low,-58,-90,-7,0,11,1,1.1,0","nayedien,foot,-79,-12,-6,1,14,1,1,0","nayedien,leg_up,55,-193,17,0,15,1,1,0","nayedien,leg_low,67,-86,-2,0,14,0.9,1.1,0","nayedien,foot,77,-10,9,0,16,1,1,0",,,"nayedien,cloak,-57,-288,-10,0,17,1.4,1.4,0","nayedien,flail_arrive_2,-309,-97,-4,0,10,1,1,0",,,,,,,,,,,,,,,,,,,,,,,,,,,,,,,,,,,,,,,,,,,,,,,,,,,,,,,,,,,,,,,,,,,,,,,,,,,,,,,,,,,,,,,,,,,,,,,,,,,,
Attack2/5,"nayedien,head,-25,-504,10,0,7,1,1,0","nayedien,neck,-4,-456,5,0,10,1,1,0","nayedien,body,-1,-329,4,0,9,1,1,0","nayedien,arm_up,-112,-367,-34,0,5,1.1,1,0","nayedien,arm_low,-171,-317,-76,0,7,1,1,0","nayedien,open,-250,-309,-106,0,8,1,1,0","nayedien,arm_up,80,-372,8,1,10,0.9,1.1,0","nayedien,arm_low,94,-282,6,1,15,0.9,0.9,0","nayedien,open,99,-206,4,1,16,0.9,0.9,0","nayedien,leg_up,-41,-188,-11,0,11,1.1,1,0","nayedien,leg_low,-60,-90,-9,0,11,1,1.1,0","nayedien,foot,-81,-12,-6,1,14,1,1,0","nayedien,leg_up,55,-193,17,0,15,1,1,0","nayedien,leg_low,67,-86,-2,0,14,0.9,1.1,0","nayedien,foot,77,-10,9,0,16,1,1,0",,,"nayedien,cloak,-57,-288,-10,0,17,1.4,1.4,0","nayedien,flail_arrive_1,-314,-101,-3,0,10,1,1,0",,,,,,,,,,,,,,,,,,,,,,,,,,,,,,,,,,,,,,,,,,,,,,,,,,,,,,,,,,,,,,,,,,,,,,,,,,,,,,,,,,,,,,,,,,,,,,,,,,,,
Attack2/6,"nayedien,head,-25,-504,14,0,7,1,1,0","nayedien,neck,-4,-456,5,0,10,1,1,0","nayedien,body,-1,-327,4,0,9,1,1,0","nayedien,arm_up,-122,-380,-54,0,5,1.1,1,0","nayedien,arm_low,-207,-347,-89,0,7,1,1,0","nayedien,fist,-280,-356,-116,0,8,1,1,0","nayedien,arm_up,80,-372,12,1,10,0.9,1.1,0","nayedien,arm_low,96,-282,12,1,15,0.9,0.9,0","nayedien,open,105,-206,8,1,16,0.9,0.9,0","nayedien,leg_up,-44,-188,-11,0,11,1.1,1,0","nayedien,leg_low,-63,-90,-11,1,11,1,1.1,0","nayedien,foot,-63,-12,-6,0,14,1,1,0","nayedien,leg_up,60,-193,15,0,15,1,1,0","nayedien,leg_low,68,-86,-4,0,14,0.9,1.1,0","nayedien,foot,77,-10,9,0,16,1,1,0",,,"nayedien,cloak,-57,-288,-10,0,17,1.4,1.4,0","nayedien,flail,-340,-150,-1,0,10,1,1,0",,,,,,,,,,,,,,,,,,,,,,,,,,,,,,,,,,,,,,,,,,,,,,,,,,,,,,,,,,,,,,,,,,,,,,,,,,,,,,,,,,,,,,,,,,,,,,,,,,play_time_mod_1.5,,
Attack2/7,"nayedien,head,19,-504,9,0,7,1,1,0","nayedien,neck,32,-459,-5,0,10,1,1,0","nayedien,body,16,-327,-6,0,9,1,1,0","nayedien,arm_up,-104,-410,-122,1,5,1.1,1,0","nayedien,arm_low,-186,-458,-118,0,7,1,1,0","nayedien,fist_back,-245,-471,-56,1,8,1,1,0","nayedien,arm_up,116,-369,22,1,10,0.9,1.1,0","nayedien,arm_low,147,-283,22,1,15,0.9,0.9,0","nayedien,open,169,-209,18,1,16,0.9,0.9,0","nayedien,leg_up,-47,-188,-14,0,11,1.1,1,0","nayedien,leg_low,-76,-90,-21,1,11,1,1.1,0","nayedien,foot,-86,-12,-6,0,14,1,1,0","nayedien,leg_up,60,-193,22,0,15,1,1,0","nayedien,leg_low,70,-86,-6,0,14,0.9,1.1,0","nayedien,foot,77,-10,9,0,16,1,1,0",,,"nayedien,cloak,-68,-300,-33,0,17,1.4,1.4,0","nayedien,flail_swing_small,-496,-481,-81,0,10,1,1,0",,,,,,,,,,,,,,,,,,,,,,,,,,,,,,,,,,,,,,,,,,,,,,,,,,,,,,,,,,,,,,,,,,,,,,,,,,,,,,,,,,,,,,,,,,,,,,,,,,play_time_mod_0.5,,"swing_bulk_large,2500,0"
Attack2/8,"nayedien,head,27,-499,2,0,7,1,1,0","nayedien,neck,35,-455,-5,0,10,1,1,0","nayedien,body,17,-321,-9,0,9,1,1,0","nayedien,arm_up,-64,-430,-162,1,5,1.1,1,0","nayedien,arm_low,-98,-518,-158,0,7,1,1,0","nayedien,fist_back,-135,-567,-116,1,8,1,1,0","nayedien,arm_up,118,-367,29,1,10,0.9,1.1,0","nayedien,arm_low,165,-292,40,1,15,0.9,0.9,0","nayedien,open,209,-228,36,1,16,0.9,0.9,0","nayedien,leg_up,-47,-188,-14,0,11,1.1,1,0","nayedien,leg_low,-76,-90,-21,1,11,1,1.1,0","nayedien,foot,-86,-12,-6,0,14,1,1,0","nayedien,leg_up,68,-179,32,0,15,1,1,0","nayedien,leg_low,81,-86,-16,0,14,0.9,1.1,0","nayedien,foot,82,-11,9,0,16,1,1,0",,,"nayedien,cloak,-68,-305,-36,0,17,1.4,1.4,0","nayedien,flail_swing_small,-261,-777,-141,0,10,1,1,0",,,,,,,,,,,,,,,,,,,,,,,,,,,,,,,,,,,,,,,,,,,,,,,,,,,,,,,,,,,,,,,,,,,,,,,,,,,,,,,,,,,,,,,,,,,,,,,,,,"sprite_deal_damage,play_time_mod_0.2",,
Attack2/9,"nayedien,head,39,-494,-8,0,7,1,1,0","nayedien,neck,35,-455,-5,0,10,1,1,0","nayedien,body,17,-316,-12,0,9,1,1,0","nayedien,arm_up,-10,-442,138,1,5,1.1,1,0","nayedien,arm_low,39,-515,148,0,6,1,1,0","nayedien,fist,84,-563,118,0,7,1,1,0","nayedien,arm_up,118,-364,29,1,10,0.9,1.1,0","nayedien,arm_low,165,-289,40,1,15,0.9,0.9,0","nayedien,open,209,-225,36,1,16,0.9,0.9,0","nayedien,leg_up,-47,-188,-14,0,11,1.1,1,0","nayedien,leg_low,-76,-90,-21,1,11,1,1.1,0","nayedien,foot,-86,-12,-6,0,14,1,1,0","nayedien,leg_up,68,-177,32,0,15,1,1,0","nayedien,leg_low,81,-86,-16,0,14,0.9,1.1,0","nayedien,foot,82,-11,9,0,16,1,1,0",,,"nayedien,cloak,-68,-307,-40,0,17,1.4,1.4,0","nayedien,flail_swing_small,48,-799,-157,0,10,1,0.9,0",,,,,,,,,,,,,,,,,,,,,,,,,,,,,,,,,,,,,,,,,,,,,,,,,,,,,,,,,,,,,,,,,,,,,,,,,,,,,,,,,,,,,,,,,,,,,,,,,,"sprite_deal_damage,play_time_mod_0.2",,
Attack2/10,"nayedien,head,70,-474,-13,0,7,1,1,0","nayedien,neck,55,-445,-5,0,10,1,1,0","nayedien,body,25,-309,-17,0,9,1,1,0","nayedien,arm_up,16,-405,88,1,5,1.1,1,0","nayedien,arm_low,103,-414,98,0,6,1,1,0","nayedien,fist,170,-410,68,0,7,1,1,0","nayedien,arm_up,119,-361,28,1,10,0.9,1.1,0","nayedien,arm_low,165,-285,39,1,15,0.9,0.9,0","nayedien,open,208,-220,35,1,16,0.9,0.9,0","nayedien,leg_up,-66,-180,-24,0,11,1.1,1,0","nayedien,leg_low,-120,-95,-41,1,11,1,1.1,0","nayedien,foot,-156,-22,-26,0,14,1,1,0","nayedien,leg_up,68,-166,38,0,15,1,1,0","nayedien,leg_low,85,-81,-16,0,14,0.9,1.1,0","nayedien,foot,82,-11,9,0,16,1,1,0",,,"nayedien,cloak,-68,-307,-45,0,17,1.4,1.4,0","nayedien,flail_long,387,-561,126,0,10,1,1.1,0",,,,,,,,,,,,,,,,,,,,,,,,,,,,,,,,,,,,,,,,,,,,,,,,,,,,,,,,,,,,,,,,,,,,,,,,,,,,,,,,,,,,,,,,,,,,,,,,,,"sprite_deal_damage,play_time_mod_0.2",,
Attack2/11,"nayedien,head,70,-469,-17,0,7,1,1,0","nayedien,neck,55,-445,-5,0,10,1,1,0","nayedien,body,25,-305,-17,0,9,1,1,0","nayedien,arm_up,29,-355,74,0,5,1.1,1,0","nayedien,arm_low,124,-330,68,0,6,1,1.1,0","nayedien,fist,191,-292,38,0,7,1,1,0","nayedien,arm_up,119,-351,28,1,10,0.9,1.1,0","nayedien,arm_low,165,-275,45,1,15,0.9,0.9,0","nayedien,open,218,-220,47,1,16,0.9,0.9,0","nayedien,leg_up,-66,-180,-24,0,11,1.1,1,0","nayedien,leg_low,-120,-95,-41,1,11,1,1.1,0","nayedien,foot,-156,-22,-26,0,14,1,1,0","nayedien,leg_up,68,-163,41,0,15,1,1,0","nayedien,leg_low,85,-79,-16,0,14,0.9,1.1,0","nayedien,foot,82,-11,9,0,16,1,1,0",,,"nayedien,cloak,-68,-308,-49,0,17,1.4,1.4,0","nayedien,flail_long,420,-243,79,0,10,1,1,0",,,,,,,,,,,,,,,,,,,,,,,,,,,,,,,,,,,,,,,,,,,,,,,,,,,,,,,,,,,,,,,,,,,,,,,,,,,,,,,,,,,,,,,,,,,,,,,,,,"sprite_deal_damage,play_time_mod_0.2",,
Attack2/12,"nayedien,head,70,-461,-19,0,7,1,1,0","nayedien,neck,55,-445,-5,0,10,1,1,0","nayedien,body,25,-292,-17,0,9,1,1,0","nayedien,arm_up,16,-337,64,0,5,1.1,1,0","nayedien,arm_low,105,-295,58,0,6,1,1.1,0","nayedien,fist,164,-246,28,0,7,1,1,0","nayedien,arm_up,131,-329,18,1,10,0.9,1.1,0","nayedien,arm_low,163,-246,35,1,15,0.9,0.9,0","nayedien,open,206,-182,37,1,16,0.9,0.9,0","nayedien,leg_up,-66,-169,-19,0,11,1.1,1.1,0","nayedien,leg_low,-120,-85,-45,1,11,1,1.1,0","nayedien,foot,-162,-20,-29,0,14,1,1,0","nayedien,leg_up,67,-155,50,0,15,1,1,0","nayedien,leg_low,85,-79,-18,0,14,0.9,1.1,0","nayedien,foot,82,-11,9,0,16,1,1,0",,,"nayedien,cloak,-68,-300,-54,0,17,1.4,1.4,0","nayedien,flail_long,408,-143,71,0,10,1,1.1,0",,,,,,,,,,,,,,,,,,,,,,,,,,,,,,,,,,,,,,,,,,,,,,,,,,,,,,,,,,,,,,,,,,,,,,,,,,,,,,,,,,,,,,,,,,,,,,,,,,"sprite_deal_damage,play_time_mod_0.2",,
Attack2/13,"nayedien,head,74,-450,-24,0,7,1,1,0","nayedien,neck,55,-445,-5,0,10,1,1,0","nayedien,body,25,-288,-17,0,9,1,1,0","nayedien,arm_up,16,-327,64,0,5,1.1,1,0","nayedien,arm_low,105,-285,58,0,6,1,1.1,0","nayedien,fist,164,-236,28,0,7,1,1,0","nayedien,arm_up,132,-321,10,1,10,0.9,1.1,0","nayedien,arm_low,151,-234,27,1,15,0.9,0.9,0","nayedien,open,185,-164,29,1,16,0.9,0.9,0","nayedien,leg_up,-66,-169,-19,0,11,1.1,1.1,0","nayedien,leg_low,-120,-85,-45,1,11,1,1.1,0","nayedien,foot,-162,-20,-29,0,14,1,1,0","nayedien,leg_up,67,-155,50,0,15,1,1,0","nayedien,leg_low,85,-79,-18,0,14,0.9,1.1,0","nayedien,foot,82,-11,9,0,16,1,1,0",,,"nayedien,cloak,-68,-298,-57,0,17,1.4,1.4,0","nayedien,flail_long,398,-117,68,0,10,1,1.1,0",,,,,,,,,,,,,,,,,,,,,,,,,,,,,,,,,,,,,,,,,,,,,,,,,,,,,,,,,,,,,,,,,,,,,,,,,,,,,,,,,,,,,,,,,,,,,,,,,,"play_time_mod_0.2,sprite_deal_damage",,"deep_thump,3000,10"
Attack2/14,"nayedien,head,75,-443,-28,0,7,1,1,0","nayedien,neck,55,-445,-5,0,10,1,1,0","nayedien,body,25,-288,-17,0,9,1,1,0","nayedien,arm_up,-2,-323,50,0,5,1.1,1,0","nayedien,arm_low,75,-275,68,0,6,1,1.1,0","nayedien,fist,134,-236,28,0,7,1,1,0","nayedien,arm_up,127,-311,10,1,10,0.9,1.1,0","nayedien,arm_low,149,-216,17,1,15,0.9,0.9,0","nayedien,open,171,-142,19,1,16,0.9,0.9,0","nayedien,leg_up,-66,-169,-20,0,11,1.1,1.1,0","nayedien,leg_low,-122,-85,-46,1,11,1,1.1,0","nayedien,foot,-165,-20,-29,0,14,1,1,0","nayedien,leg_up,67,-155,50,0,15,1,1,0","nayedien,leg_low,85,-79,-18,0,14,0.9,1.1,0","nayedien,foot,82,-11,9,0,16,1,1,0",,,"nayedien,cloak,-70,-319,-70,0,17,1.4,1.4,0","nayedien,flail_swing_small,378,-108,68,0,10,1,1.1,0",,,,,,,,,,,,,,,,,,,,,,,,,,,,,,,,,,,,,,,,,,,,,,,,,,,,,,,,,,,,,,,,,,,,,,,,,,,,,,,,,,,,,,,,,,"movement,spin,589,11,-90,0,13,0.6,0.6,0",,,,,,,,sprite_deal_damage,,
Attack2/15,"nayedien,head,75,-441,-27,0,7,1,1,0","nayedien,neck,55,-445,-5,0,10,1,1,0","nayedien,body,25,-288,-17,0,9,1,1,0","nayedien,arm_up,-4,-328,53,0,5,1.1,1,0","nayedien,arm_low,75,-279,66,0,6,1,1.1,0","nayedien,fist,134,-242,28,0,7,1,1,0","nayedien,arm_up,127,-311,10,1,10,0.9,1.1,0","nayedien,arm_low,148,-216,7,1,15,0.9,0.9,0","nayedien,open,158,-142,9,1,16,0.9,0.9,0","nayedien,leg_up,-66,-169,-20,0,11,1.1,1.1,0","nayedien,leg_low,-122,-85,-46,1,11,1,1.1,0","nayedien,foot,-165,-20,-29,0,14,1,1,0","nayedien,leg_up,67,-155,50,0,15,1,1,0","nayedien,leg_low,85,-79,-18,0,14,0.9,1.1,0","nayedien,foot,82,-11,9,0,16,1,1,0",,,"nayedien,cloak,-70,-319,-70,0,17,1.4,1.4,0","nayedien,flail_swing_small,378,-117,70,0,10,1,1.1,0",,,,,,,,,,,,,,,,,,,,,,,,,,,,,,,,,,,,,,,,,,,,,,,,,,,,,,,,,,,,,,,,,,,,,,,,,,,,,,,,,,,,,,,,,,"movement,spin,583,11,-90,0,13,0.8,0.8,0",,,,,,,,,,
Attack2/16,"nayedien,head,75,-447,-17,0,7,1,1,0","nayedien,neck,55,-445,-5,0,10,1,1,0","nayedien,body,25,-290,-17,0,9,1,1,0","nayedien,arm_up,-10,-329,46,0,5,1.1,1,0","nayedien,arm_low,69,-292,96,0,6,1,1.1,0","nayedien,open,153,-310,108,0,7,1,1,0","nayedien,arm_up,127,-313,6,1,10,0.9,1.1,0","nayedien,arm_low,139,-216,6,1,15,0.9,0.9,0","nayedien,open,147,-142,8,1,16,0.9,0.9,0","nayedien,leg_up,-66,-169,-20,0,11,1.1,1.1,0","nayedien,leg_low,-122,-85,-46,1,11,1,1.1,0","nayedien,foot,-165,-20,-29,0,14,1,1,0","nayedien,leg_up,64,-155,50,0,15,1,1,0","nayedien,leg_low,85,-79,-18,0,14,0.9,1.1,0","nayedien,foot,82,-11,9,0,16,1,1,0",,,"nayedien,cloak,-70,-307,-60,0,17,1.4,1.4,0","nayedien,flail_arrive_1,382,-157,70,0,10,1,1.1,0",,,,,,,,,,,,,,,,,,,,,,,,,,,,,,,,,,,,,,,,,,,,,,,,,,,,,,,,,,,,,,,,,,,,,,,,,,,,,,,,,,,,,,,,,,,,,,,,,,,,"weapon_summon2,2000,0"
Attack2/17,"nayedien,head,51,-471,-8,0,7,1,1,0","nayedien,neck,46,-459,5,0,10,1,1,0","nayedien,body,15,-300,-17,0,9,1,1,0","nayedien,arm_up,-28,-336,26,0,5,1.1,1,0","nayedien,arm_low,34,-275,76,0,6,1,1.1,0","nayedien,open,119,-261,85,0,7,1,1,0","nayedien,arm_up,119,-313,2,1,10,0.9,1.1,0","nayedien,arm_low,120,-216,2,1,15,0.9,0.9,0","nayedien,open,121,-142,4,1,16,0.9,0.9,0","nayedien,leg_up,-59,-172,-15,0,11,1.1,1.1,0","nayedien,leg_low,-92,-85,-26,1,11,1,1.1,0","nayedien,foot,-124,-13,-8,1,14,1,1,0","nayedien,leg_up,47,-168,39,0,15,1,1,0","nayedien,leg_low,78,-82,-8,0,14,0.9,1.1,0","nayedien,foot,82,-11,9,0,16,1,1,0",,,"nayedien,cloak,-70,-295,-44,0,17,1.4,1.4,0","nayedien,flail_arrive_2,382,-170,68,0,10,1,1.1,0",,,,,,,,,,,,,,,,,,,,,,,,,,,,,,,,,,,,,,,,,,,,,,,,,,,,,,,,,,,,,,,,,,,,,,,,,,,,,,,,,,,,,,,,,,,,,,,,,,,,
Attack2/18,"nayedien,head,31,-475,-5,0,7,1,1,0","nayedien,neck,26,-465,8,0,10,1,1,0","nayedien,body,5,-302,-7,0,9,1,1,0","nayedien,arm_up,-70,-333,6,0,5,1.1,1,0","nayedien,arm_low,-33,-254,56,0,6,1,1.1,0","nayedien,open,41,-212,65,0,7,1,1,0","nayedien,arm_up,94,-352,12,1,10,0.9,1.1,0","nayedien,arm_low,112,-256,12,1,15,0.9,0.9,0","nayedien,open,126,-183,14,1,16,0.9,0.9,0","nayedien,leg_up,-56,-175,-15,0,11,1.1,1.1,0","nayedien,leg_low,-78,-87,-16,1,11,1,1.1,0","nayedien,foot,-98,-11,2,1,14,1,1,0","nayedien,leg_up,47,-173,29,0,15,1,1,0","nayedien,leg_low,69,-82,2,0,14,0.9,1.1,0","nayedien,foot,82,-11,9,0,16,1,1,0",,,"nayedien,cloak,-60,-287,-29,0,17,1.4,1.4,0","nayedien,flail_arrive_3,382,-177,66,0,10,1,1.1,0",,,,,,,,,,,,,,,,,,,,,,,,,,,,,,,,,,,,,,,,,,,,,,,,,,,,,,,,,,,,,,,,,,,,,,,,,,,,,,,,,,,,,,,,,,,,,,,,,,,,
Attack2/19,"nayedien,head,0,-489,0,0,7,1,1,0","nayedien,neck,-3,-479,13,0,10,1,1,0","nayedien,body,1,-316,-5,0,9,1,1,0","nayedien,arm_up,-95,-354,-19,0,5,1.1,1,0","nayedien,arm_low,-98,-266,31,0,6,1,1.1,0","nayedien,open,-46,-194,40,0,7,1,1,0","nayedien,arm_up,91,-358,9,1,10,0.9,1.1,0","nayedien,arm_low,104,-265,9,1,15,0.9,0.9,0","nayedien,open,115,-194,11,1,16,0.9,0.9,0","nayedien,leg_up,-56,-175,-15,0,11,1.1,1.1,0","nayedien,leg_low,-78,-87,-16,1,11,1,1.1,0","nayedien,foot,-98,-11,2,1,14,1,1,0","nayedien,leg_up,47,-183,19,0,15,1,1,0","nayedien,leg_low,65,-82,6,0,14,0.9,1.1,0","nayedien,foot,83,-11,6,0,16,1,1,0",,,"nayedien,cloak,-60,-277,-19,0,17,1.4,1.4,0","nayedien,flail_arrive_4,382,-190,64,0,10,1,1.1,0",,,,,,,,,,,,,,,,,,,,,,,,,,,,,,,,,,,,,,,,,,,,,,,,,,,,,,,,,,,,,,,,,,,,,,,,,,,,,,,,,,,,,,,,,,,,,,,,,,,,
Attack2/20,"nayedien,head,-16,-504,7,0,7,1,1,0","nayedien,neck,-4,-456,5,0,10,1,1,0","nayedien,body,1,-329,1,0,9,1,1,0","nayedien,arm_up,-104,-361,-19,0,5,1.1,1,0","nayedien,arm_low,-109,-291,44,0,7,1,1,0","nayedien,open,-56,-231,38,0,8,0.9,0.9,0","nayedien,arm_up,84,-369,8,1,10,0.9,1.1,0","nayedien,arm_low,97,-280,8,1,15,0.9,0.9,0","nayedien,open,106,-204,7,1,16,0.9,0.9,0","nayedien,leg_up,-31,-188,-8,0,11,1.1,1,0","nayedien,leg_low,-48,-90,-5,0,11,1,1.1,0","nayedien,foot,-66,-12,-6,1,14,1,1,0","nayedien,leg_up,55,-193,17,0,15,1,1,0","nayedien,leg_low,67,-86,-2,0,14,0.9,1.1,0","nayedien,foot,77,-10,9,0,16,1,1,0",,,"nayedien,cloak,-43,-288,-6,0,17,1.4,1.4,0",,,,,,,,,,,,,,,,,,,,,,,,,,,,,,,,,,,,,,,,,,,,,,,,,,,,,,,,,,,,,,,,,,,,,,,,,,,,,,,,,,,,,,,,,,,,,,,,,,,,,
Attack3/0,"nayedien,head,-16,-504,7,0,7,1,1,0","nayedien,neck,-4,-456,5,0,10,1,1,0","nayedien,body,1,-329,1,0,9,1,1,0","nayedien,arm_up,-104,-361,-19,0,5,1.1,1,0","nayedien,arm_low,-109,-291,44,0,7,1,1,0","nayedien,open,-56,-231,38,0,8,0.9,0.9,0","nayedien,arm_up,84,-369,8,1,10,0.9,1.1,0","nayedien,arm_low,97,-280,8,1,15,0.9,0.9,0","nayedien,open,106,-204,7,1,16,0.9,0.9,0","nayedien,leg_up,-31,-188,-8,0,11,1.1,1,0","nayedien,leg_low,-48,-90,-5,0,11,1,1.1,0","nayedien,foot,-66,-12,-6,1,14,1,1,0","nayedien,leg_up,55,-193,17,0,15,1,1,0","nayedien,leg_low,67,-86,-2,0,14,0.9,1.1,0","nayedien,foot,77,-10,9,0,16,1,1,0",,,"nayedien,cloak,-43,-288,-6,0,17,1.4,1.4,0",,,,,,,,,,,,,,,,,,,,,,,,,,,,,,,,,,,,,,,,,,,,,,,,,,,,,,,,,,,,,,,,,,,,,,,,,,,,,,,,,,,,,,,,,,,,,,,,,,,,,
Attack3/1,"nayedien,head,-14,-505,8,0,7,1,1,0","nayedien,neck,-4,-456,5,0,10,1,1,0","nayedien,body,1,-328,0,0,9,1,1,0","nayedien,arm_up,-104,-363,-21,0,5,1.1,1,0","nayedien,arm_low,-125,-273,4,0,7,1,1,0","nayedien,open,-124,-193,-2,0,8,0.9,0.9,0","nayedien,arm_up,89,-387,28,1,10,0.9,1.1,0","nayedien,arm_low,130,-306,28,1,15,0.9,0.9,0","nayedien,open,165,-238,27,0,16,0.9,0.9,0","nayedien,leg_up,-36,-188,-10,0,11,1.1,1,0","nayedien,leg_low,-53,-90,-9,0,11,1,1.1,0","nayedien,foot,-74,-12,-6,1,14,1,1,0","nayedien,leg_up,57,-193,18,0,15,1,1,0","nayedien,leg_low,69,-86,-4,0,14,0.9,1.1,0","nayedien,foot,77,-10,9,0,16,1,1,0",,,"nayedien,cloak,-43,-290,-8,0,17,1.4,1.4,0",,,,,,,,,,,,,,,,,,,,,,,,,,,,,,,,,,,,,,,,,,,,,,,,,,,,,,,,,,,,,,,,,,,,,,,,,,,,,,,,,,,,,,,,,,,,,,,,,,,,,
Attack3/2,"nayedien,head,-11,-505,5,0,7,1,1,0","nayedien,neck,-4,-456,5,0,10,1,1,0","nayedien,body,1,-328,0,0,9,1,1,0","nayedien,arm_up,-103,-360,-18,0,5,1.1,1,0","nayedien,arm_low,-133,-269,-24,0,7,1,1,0","nayedien,open,-167,-194,-26,1,8,0.9,0.9,0","nayedien,arm_up,89,-382,26,1,10,0.9,1.1,0","nayedien,arm_low,138,-298,41,1,15,0.9,0.9,0","nayedien,open,180,-239,25,0,16,0.9,0.9,0","nayedien,leg_up,-37,-188,-11,0,11,1.1,1,0","nayedien,leg_low,-57,-90,-9,0,11,1,1.1,0","nayedien,foot,-79,-12,-8,1,14,1,1,0","nayedien,leg_up,57,-193,18,0,15,1,1,0","nayedien,leg_low,69,-86,-4,0,14,0.9,1.1,0","nayedien,foot,77,-10,9,0,16,1,1,0",,,"nayedien,cloak,-43,-290,-8,0,17,1.4,1.4,0","nayedien,sword_arrive_4,-232,-90,-30,0,7,1,1,0","nayedien,sword_arrive_4,252,-131,34,0,15,1,1,0",,,,,,,,,,,,,,,,,,,,,,,,,,,,,,,,,,,,,,,,,,,,,,,,,,,,,,,,,,,,,,,,,,,,,,,,,,,,,,,,,,,,,,,,,,,,,,,,,play_time_mod_0.5,,"weapon_summon,2000,0"
Attack3/3,"nayedien,head,1,-503,0,0,7,1,1,0","nayedien,neck,4,-453,5,0,10,1,1,0","nayedien,body,7,-327,-2,0,9,1,1,0","nayedien,arm_up,-88,-359,-15,0,5,1.1,1,0","nayedien,arm_low,-123,-273,-28,0,7,1,1,0","nayedien,open,-161,-198,-26,1,8,0.9,0.9,0","nayedien,arm_up,96,-372,24,1,10,0.9,1.1,0","nayedien,arm_low,137,-286,37,1,15,0.9,0.9,0","nayedien,open,180,-228,35,0,16,0.9,0.9,0","nayedien,leg_up,-37,-188,-11,0,11,1.1,1,0","nayedien,leg_low,-57,-90,-9,0,11,1,1.1,0","nayedien,foot,-79,-12,-8,1,14,1,1,0","nayedien,leg_up,57,-193,18,0,15,1,1,0","nayedien,leg_low,69,-86,-4,0,14,0.9,1.1,0","nayedien,foot,77,-10,9,0,16,1,1,0",,,"nayedien,cloak,-41,-292,-11,0,17,1.4,1.4,0","nayedien,sword_arrive_3,-265,-131,-59,0,7,1,1,0","nayedien,sword_arrive_3,276,-154,54,0,15,1,1,0",,,,,,,,,,,,,,,,,,,,,,,,,,,,,,,,,,,,,,,,,,,,,,,,,,,,,,,,,,,,,,,,,,,,,,,,,,,,,,,,,,,,,,,,,,,,,,,,,play_time_mod_0.7,,"weapon_summon,2000,0"
Attack3/4,"nayedien,head,3,-501,-2,0,7,1,1,0","nayedien,neck,4,-453,5,0,10,1,1,0","nayedien,body,7,-326,-2,0,9,1,1,0","nayedien,arm_up,-91,-358,-18,0,5,1.1,1,0","nayedien,arm_low,-126,-268,-34,0,7,1,1,0","nayedien,open,-167,-199,-26,1,8,0.9,0.9,0","nayedien,arm_up,96,-372,19,1,10,0.9,1.1,0","nayedien,arm_low,140,-286,40,1,15,0.9,0.9,0","nayedien,open,186,-230,31,0,16,0.9,0.9,0","nayedien,leg_up,-37,-188,-11,0,11,1.1,1,0","nayedien,leg_low,-57,-90,-9,0,11,1,1.1,0","nayedien,foot,-79,-12,-8,1,14,1,1,0","nayedien,leg_up,57,-193,18,0,15,1,1,0","nayedien,leg_low,69,-86,-4,0,14,0.9,1.1,0","nayedien,foot,77,-10,9,0,16,1,1,0",,,"nayedien,cloak,-42,-292,-14,0,17,1.4,1.4,0","nayedien,sword_arrive_2,-284,-151,-69,0,7,1,1,0","nayedien,sword_arrive_2,290,-172,66,0,11,1,1,0",,,,,,,,,,,,,,,,,,,,,,,,,,,,,,,,,,,,,,,,,,,,,,,,,,,,,,,,,,,,,,,,,,,,,,,,,,,,,,,,,,,,,,,,,,,,,,,,,play_time_mod_0.5,,
Attack3/5,"nayedien,head,10,-501,-4,0,7,1,1,0","nayedien,neck,9,-453,5,0,10,1,1,0","nayedien,body,9,-326,-3,0,9,1,1,0","nayedien,arm_up,-86,-358,-16,0,5,1.1,1,0","nayedien,arm_low,-120,-276,-34,0,7,1,1,0","nayedien,open,-171,-209,-38,1,8,0.9,0.9,0","nayedien,arm_up,98,-370,16,1,10,0.9,1.1,0","nayedien,arm_low,126,-284,29,1,15,0.9,0.9,0","nayedien,open,170,-214,34,0,16,0.9,0.9,0","nayedien,leg_up,-41,-188,-13,0,11,1.1,1,0","nayedien,leg_low,-63,-90,-11,0,11,1,1.1,0","nayedien,foot,-87,-12,-11,1,14,1,1,0","nayedien,leg_up,57,-193,18,0,15,1,1,0","nayedien,leg_low,69,-86,-4,0,14,0.9,1.1,0","nayedien,foot,77,-10,9,0,16,1,1,0",,,"nayedien,cloak,-47,-295,-16,0,17,1.4,1.4,0","nayedien,sword_arrive_1,-272,-238,-108,0,7,1,1,0","nayedien,sword_arrive_1,289,-222,100,0,11,1,1,0",,,,,,,,,,,,,,,,,,,,,,,,,,,,,,,,,,,,,,,,,,,,,,,,,,,,,,,,,,,,,,,,,,,,,,,,,,,,,,,,,,,,,,,,,,,,,,,,,play_time_mod_0.5,,
Attack3/6,"nayedien,head,16,-501,-6,0,7,1,1,0","nayedien,neck,9,-453,5,0,10,1,1,0","nayedien,body,12,-324,-4,0,9,1,1,0","nayedien,arm_up,-83,-360,-17,0,5,1.1,1,0","nayedien,arm_low,-115,-280,-28,0,7,1,1,0","nayedien,fist_back,-155,-220,-28,1,8,0.9,0.9,0","nayedien,arm_up,98,-367,20,1,10,0.9,1.1,0","nayedien,arm_low,139,-289,44,1,15,0.9,0.9,0","nayedien,fist_back,184,-241,35,0,16,0.9,0.9,0","nayedien,leg_up,-43,-188,-14,0,11,1.1,1,0","nayedien,leg_low,-67,-90,-12,0,11,1,1.1,0","nayedien,foot,-95,-12,-11,1,14,1,1,0","nayedien,leg_up,61,-186,20,0,15,1,1,0","nayedien,leg_low,73,-85,-8,0,14,0.9,1.1,0","nayedien,foot,77,-10,9,0,16,1,1,0",,,"nayedien,cloak,-47,-297,-19,0,17,1.4,1.4,0","nayedien,sword,-259,-262,-115,0,10,1,1,0","nayedien,sword,286,-291,118,0,18,1,1,0",,,,,,,,,,,,,,,,,,,,,,,,,,,,,,,,,,,,,,,,,,,,,,,,,,,,,,,,,,,,,,,,,,,,,,,,,,,,,,,,,,,,,,,,,,,,,,,,,,,
Attack3/7,"nayedien,head,12,-501,-3,0,7,1,1,0","nayedien,neck,9,-453,5,0,10,1,1,0","nayedien,body,10,-324,-2,0,9,1,1,0","nayedien,arm_up,-86,-354,-17,0,5,1.1,1,0","nayedien,arm_low,-116,-277,-24,0,7,1,1,0","nayedien,fist_back,-150,-215,-26,1,8,0.9,0.9,0","nayedien,arm_up,108,-388,50,1,10,0.9,1.1,0","nayedien,arm_low,169,-361,114,1,15,0.9,0.9,0","nayedien,fist_back,227,-388,105,0,16,0.9,0.9,0","nayedien,leg_up,-45,-188,-13,0,11,1.1,1,0","nayedien,leg_low,-67,-90,-12,0,11,1,1.1,0","nayedien,foot,-95,-12,-11,1,14,1,1,0","nayedien,leg_up,63,-186,21,0,15,1,1,0","nayedien,leg_low,73,-85,-9,0,14,0.9,1.1,0","nayedien,foot,77,-10,9,0,16,1,1,0",,,"nayedien,cloak,-44,-294,-15,0,17,1.4,1.4,0","nayedien,sword,-254,-253,-113,0,10,1,1,0","nayedien,sword,179,-494,-150,0,18,1,1,0",,,,,,,,,,,,,,,,,,,,,,,,,,,,,,,,,,,,,,,,,,,,,,,,,,,,,,,,,,,,,,,,,,,,,,,,,,,,,,,,,,,,,,,,,,,,,,,,,,,
Attack3/8,"nayedien,head,12,-501,1,0,7,1,1,0","nayedien,neck,9,-453,5,0,10,1,1,0","nayedien,body,10,-324,-2,0,9,1,1,0","nayedien,arm_up,-88,-356,-19,0,5,1.1,1,0","nayedien,arm_low,-126,-271,-34,0,7,1,1,0","nayedien,fist_back,-170,-215,-36,1,8,0.9,0.9,0","nayedien,arm_up,109,-412,90,1,10,0.9,1.1,0","nayedien,arm_low,173,-430,154,1,15,0.9,0.9,0","nayedien,fist_back,199,-489,145,0,16,0.9,0.9,0","nayedien,leg_up,-45,-188,-13,0,11,1.1,1,0","nayedien,leg_low,-67,-90,-12,0,11,1,1.1,0","nayedien,foot,-95,-12,-11,1,14,1,1,0","nayedien,leg_up,66,-183,22,0,15,1,1,0","nayedien,leg_low,74,-85,-10,0,14,0.9,1.1,0","nayedien,foot,77,-10,9,0,16,1,1,0",,,"nayedien,cloak,-48,-296,-18,0,17,1.4,1.4,0","nayedien,sword,-266,-271,-123,0,10,1,1,0","nayedien,sword,95,-540,-110,0,18,1,1,0",,,,,,,,,,,,,,,,,,,,,,,,,,,,,,,,,,,,,,,,,,,,,,,,,,,,,,,,,,,,,,,,,,,,,,,,,,,,,,,,,,,,,,,,,,,,,,,,,,,
Attack3/9,"nayedien,head,34,-494,-1,0,7,1,1,0","nayedien,neck,20,-452,5,0,10,1,1,0","nayedien,body,18,-320,-7,0,9,1,1,0","nayedien,arm_up,-80,-363,-24,0,5,1.1,1,0","nayedien,arm_low,-125,-284,-48,0,7,1,1,0","nayedien,fist_back,-176,-242,-50,1,8,0.9,0.9,0","nayedien,arm_up,115,-389,62,1,10,0.9,1.1,0","nayedien,arm_low,205,-352,83,1,15,0.9,0.9,0","nayedien,fist_back,271,-337,58,0,16,0.9,0.9,0","nayedien,leg_up,-43,-188,-14,0,11,1.1,1,0","nayedien,leg_low,-67,-90,-12,0,11,1,1.1,0","nayedien,foot,-95,-12,-11,1,14,1,1,0","nayedien,leg_up,64,-178,22,0,15,1,1,0","nayedien,leg_low,75,-83,-10,0,14,0.9,1.1,0","nayedien,foot,77,-10,9,0,16,1,1,0",,,"nayedien,cloak,-59,-301,-31,0,17,1.4,1.4,0","nayedien,sword,-253,-324,-140,0,10,1,1,0","nayedien,sword_swing,379,-419,133,0,18,1,1.1,0",,,,,,,,,,,,,,,,,,,,,,,,,,,,,,,,,,,,,,,,,,,,,,,,,,,,,,,,,,,,,,,,,,,,,,,,,,,,,,,,,,,,,,,,,,,,,,,,,"play_time_mod_0.1,sprite_deal_damage",,"swing_flat_small,2500,0"
Attack3/10,"nayedien,head,59,-482,-3,0,7,1,1,0","nayedien,neck,40,-442,3,0,10,1,1,0","nayedien,body,27,-313,-13,0,9,1,1,0","nayedien,arm_up,-71,-371,-34,0,5,1.1,1,0","nayedien,arm_low,-129,-312,-78,0,7,1,1,0","nayedien,fist_back,-195,-293,-70,1,8,0.9,0.9,0","nayedien,arm_up,130,-342,17,1,10,0.9,1.1,0","nayedien,arm_low,157,-258,21,1,15,0.9,0.9,0","nayedien,fist_back,177,-190,8,0,16,0.9,0.9,0","nayedien,leg_up,-45,-188,-16,0,11,1.1,1,0","nayedien,leg_low,-72,-90,-16,0,11,1,1.1,0","nayedien,foot,-104,-12,-11,1,14,1,1,0","nayedien,leg_up,64,-173,26,0,15,1,1,0","nayedien,leg_low,77,-81,-10,0,14,0.9,1.1,0","nayedien,foot,77,-10,9,0,16,1,1,0",,,"nayedien,cloak,-62,-304,-41,0,17,1.4,1.4,0","nayedien,sword,-230,-397,-165,0,10,1,1,0","nayedien,sword_swing,304,-164,83,0,18,1,1.1,0",,,,,,,,,,,,,,,,,,,,,,,,,,,,,,,,,,,,,,,,,,,,,,,,,,,,,,,,,,,,,,,,,,,,,,,,,,,,,,,,,,,,,,,,,,,,,,,,,"play_time_mod_0.3,sprite_deal_damage",,
Attack3/11,"nayedien,head,64,-484,-11,0,7,1,1,0","nayedien,neck,45,-442,3,0,10,1,1,0","nayedien,body,30,-315,-13,0,9,1,1,0","nayedien,arm_up,-72,-385,-54,0,5,1.1,1,0","nayedien,arm_low,-146,-349,-98,0,7,1,1,0","nayedien,fist_back,-214,-354,-90,1,8,0.9,0.9,0","nayedien,arm_up,126,-327,-3,1,10,0.9,1.1,0","nayedien,arm_low,122,-238,1,1,15,0.9,0.9,0","nayedien,fist_back,118,-168,-12,0,16,0.9,0.9,0","nayedien,leg_up,-48,-188,-18,0,11,1.1,1,0","nayedien,leg_low,-78,-90,-16,0,11,1,1.1,0","nayedien,foot,-109,-14,-11,1,14,1,1,0","nayedien,leg_up,64,-178,22,0,15,1,1,0","nayedien,leg_low,75,-83,-10,0,14,0.9,1.1,0","nayedien,foot,77,-10,9,0,16,1,1,0",,,"nayedien,cloak,-62,-307,-44,0,17,1.4,1.4,0","nayedien,sword,-212,-463,180,0,10,1,1,0","nayedien,sword_swing,228,-91,56,0,18,1,1.1,0",,,,,,,,,,,,,,,,,,,,,,,,,,,,,,,,,,,,,,,,,,,,,,,,,,,,,,,,,,,,,,,,,,,,,,,,,,,,,,,,,,,,,,,,,,,,,,,,,"play_time_mod_0.2,sprite_deal_damage",,
Attack3/12,"nayedien,head,66,-484,-8,0,7,1,1,0","nayedien,neck,45,-442,3,0,10,1,1,0","nayedien,body,30,-315,-13,0,9,1,1,0","nayedien,arm_up,-76,-397,-66,0,5,1.1,1,0","nayedien,arm_low,-155,-380,-110,0,7,1,1,0","nayedien,fist_back,-221,-399,-102,1,8,0.9,0.9,0","nayedien,arm_up,125,-327,-6,1,13,0.9,1.1,0","nayedien,arm_low,122,-238,8,1,18,0.9,0.9,0","nayedien,open,130,-168,1,0,19,0.9,0.9,0","nayedien,leg_up,-49,-190,-21,0,11,1.1,1,0","nayedien,leg_low,-84,-90,-16,0,11,1,1.1,0","nayedien,foot,-115,-14,-11,1,14,1,1,0","nayedien,leg_up,64,-178,22,0,15,1,1,0","nayedien,leg_low,75,-83,-10,0,14,0.9,1.1,0","nayedien,foot,77,-10,9,0,16,1,1,0",,,"nayedien,cloak,-62,-307,-48,0,17,1.4,1.4,0","nayedien,sword,-196,-506,168,0,10,1,1,0","nayedien,sword_arrive_1,228,-61,46,0,18,1,1.1,0",,,,,,,,,,,,,,,,,,,,,,,,,,,,,,,,,,,,,,,,,,,,,,,,,,,,,,,,,,,,,,,,,,,,,,,,,,,,,,,,,,,,,,,,,,,,,,,,,reset_already_hit,,
Attack3/13,"nayedien,head,54,-484,-3,0,7,1,1,0","nayedien,neck,33,-442,8,0,10,1,1,0","nayedien,body,28,-315,-10,0,9,1,1,0","nayedien,arm_up,-66,-377,-46,0,5,1.1,1,0","nayedien,arm_low,-138,-321,-60,0,7,1,1,0","nayedien,fist_back,-195,-283,-52,1,8,0.9,0.9,0","nayedien,arm_up,120,-330,-1,1,13,0.9,1.1,0","nayedien,arm_low,130,-255,28,1,18,0.9,0.9,0","nayedien,open,162,-191,21,0,19,0.9,0.9,0","nayedien,leg_up,-49,-190,-21,0,11,1.1,1,0","nayedien,leg_low,-84,-90,-16,0,11,1,1.1,0","nayedien,foot,-115,-14,-11,1,14,1,1,0","nayedien,leg_up,64,-178,22,0,15,1,1,0","nayedien,leg_low,75,-83,-10,0,14,0.9,1.1,0","nayedien,foot,77,-10,9,0,16,1,1,0",,,"nayedien,cloak,-62,-307,-48,0,17,1.4,1.4,0","nayedien,sword_swing,-291,-352,-130,1,10,1,1,0","nayedien,sword_arrive_2,228,-46,58,0,18,1,1.1,0",,,,,,,,,,,,,,,,,,,,,,,,,,,,,,,,,,,,,,,,,,,,,,,,,,,,,,,,,,,,,,,,,,,,,,,,,,,,,,,,,,,,,,,,,,,,,,,,,"sprite_deal_damage,play_time_mod_0.5",,"weapon_summon2,2000,0"
Attack3/14,"nayedien,head,38,-487,-1,0,7,1,1,0","nayedien,neck,17,-445,10,0,10,1,1,0","nayedien,body,22,-315,-5,0,9,1,1,0","nayedien,arm_up,-76,-357,-24,0,5,1.1,1,0","nayedien,arm_low,-105,-273,-10,0,7,1,1,0","nayedien,fist_back,-113,-206,-2,1,8,0.9,0.9,0","nayedien,arm_up,110,-347,12,1,13,0.9,1.1,0","nayedien,arm_low,140,-273,42,1,18,0.9,0.9,0","nayedien,open,183,-216,35,0,19,0.9,0.9,0","nayedien,leg_up,-45,-190,-22,0,11,1.1,1,0","nayedien,leg_low,-83,-88,-17,0,11,1,1.1,0","nayedien,foot,-115,-14,-11,1,14,1,1,0","nayedien,leg_up,70,-178,22,0,15,1,1,0","nayedien,leg_low,78,-83,-13,0,14,0.9,1.1,0","nayedien,foot,77,-10,9,0,16,1,1,0",,,"nayedien,cloak,-62,-288,-28,0,17,1.4,1.4,0","nayedien,sword_swing,-229,-177,-80,1,10,1,1,0","nayedien,sword_arrive_3,228,-32,68,0,18,1,1.1,0",,,,,,,,,,,,,,,,,,,,,,,,,,,,,,,,,,,,,,,,,,,,,,,,,,,,,,,,,,,,,,,,,,,,,,,,,,,,,,,,,,,,,,,,,,,,,,,,,"sprite_deal_damage,play_time_mod_0.2",,"swing_flat,2500,0"
Attack3/15,"nayedien,head,24,-488,1,0,7,1,1,0","nayedien,neck,3,-446,12,0,10,1,1,0","nayedien,body,16,-318,-3,0,9,1,1,0","nayedien,arm_up,-42,-340,26,0,5,1.1,1,0","nayedien,arm_low,5,-264,40,0,7,1,1,0","nayedien,fist_back,50,-214,48,1,8,0.9,0.9,0","nayedien,arm_up,110,-353,12,1,13,0.9,1.1,0","nayedien,arm_low,140,-263,32,1,18,0.9,0.9,0","nayedien,open,178,-196,25,0,19,0.9,0.9,0","nayedien,leg_up,-45,-190,-22,0,11,1.1,1,0","nayedien,leg_low,-83,-88,-17,0,11,1,1.1,0","nayedien,foot,-115,-14,-11,1,14,1,1,0","nayedien,leg_up,70,-178,22,0,15,1,1,0","nayedien,leg_low,78,-83,-13,0,14,0.9,1.1,0","nayedien,foot,77,-10,9,0,16,1,1,0",,,"nayedien,cloak,-66,-285,-27,0,17,1.4,1.4,0","nayedien,sword_swing,-1,-107,-30,1,10,1,1,0","nayedien,sword_arrive_4,228,-22,78,0,18,1,1.1,0",,,,,,,,,,,,,,,,,,,,,,,,,,,,,,,,,,,,,,,,,,,,,,,,,,,,,,,,,,,,,,,,,,,,,,,,,,,,,,,,,,,,,,,,,,,,,,,,,"sprite_deal_damage,play_time_mod_0.1",,
Attack3/16,"nayedien,head,22,-488,5,0,7,1,1,0","nayedien,neck,3,-446,12,0,10,1,1,0","nayedien,body,16,-318,-3,0,9,1,1,0","nayedien,arm_up,-19,-344,58,0,5,1.1,1,0","nayedien,arm_low,62,-304,72,0,7,1,1,0","nayedien,fist,127,-276,50,0,8,0.9,0.9,0","nayedien,arm_up,106,-353,7,1,13,0.9,1.1,0","nayedien,arm_low,135,-256,18,1,18,0.9,0.9,0","nayedien,open,154,-183,13,1,19,0.9,0.9,0","nayedien,leg_up,-45,-190,-22,0,11,1.1,1,0","nayedien,leg_low,-83,-88,-17,0,11,1,1.1,0","nayedien,foot,-115,-14,-11,1,14,1,1,0","nayedien,leg_up,73,-175,22,0,15,1,1,0","nayedien,leg_low,80,-83,-15,0,14,0.9,1.1,0","nayedien,foot,77,-10,9,0,16,1,1,0",,,"nayedien,cloak,-52,-285,-20,0,17,1.4,1.4,0","nayedien,sword_swing,263,-257,81,1,10,1,1.1,0",,,,,,,,,,,,,,,,,,,,,,,,,,,,,,,,,,,,,,,,,,,,,,,,,,,,,,,,,,,,,,,,,,,,,,,,,,,,,,,,,,,,,,,,,,,,,,,,,,"sprite_deal_damage,play_time_mod_0.1",,
Attack3/17,"nayedien,head,22,-488,7,0,7,1,1,0","nayedien,neck,3,-446,12,0,10,1,1,0","nayedien,body,16,-318,-3,0,9,1,1,0","nayedien,arm_up,-19,-350,61,0,5,1.1,1,0","nayedien,arm_low,59,-322,92,0,7,1,1,0","nayedien,fist,130,-318,70,0,8,0.9,0.9,0","nayedien,arm_up,106,-353,7,1,13,0.9,1.1,0","nayedien,arm_low,135,-256,18,1,18,0.9,0.9,0","nayedien,open,154,-183,13,1,19,0.9,0.9,0","nayedien,leg_up,-45,-190,-22,0,11,1.1,1,0","nayedien,leg_low,-83,-88,-17,0,11,1,1.1,0","nayedien,foot,-115,-14,-11,1,14,1,1,0","nayedien,leg_up,73,-175,22,0,15,1,1,0","nayedien,leg_low,80,-83,-15,0,14,0.9,1.1,0","nayedien,foot,77,-10,9,0,16,1,1,0",,,"nayedien,cloak,-52,-285,-20,0,17,1.4,1.4,0","nayedien,sword_swing,263,-358,108,1,10,1,1.1,0",,,,,,,,,,,,,,,,,,,,,,,,,,,,,,,,,,,,,,,,,,,,,,,,,,,,,,,,,,,,,,,,,,,,,,,,,,,,,,,,,,,,,,,,,,,,,,,,,,"play_time_mod_0.1,sprite_deal_damage",,
Attack3/18,"nayedien,head,13,-491,9,0,7,1,1,0","nayedien,neck,3,-446,12,0,10,1,1,0","nayedien,body,9,-318,0,0,9,1,1,0","nayedien,arm_up,-9,-377,98,0,5,1.1,1,0","nayedien,arm_low,79,-398,112,0,7,1,1,0","nayedien,fist,146,-418,90,0,8,0.9,0.9,0","nayedien,arm_up,96,-362,10,1,13,0.9,1.1,0","nayedien,arm_low,128,-265,21,1,18,0.9,0.9,0","nayedien,open,150,-192,16,1,19,0.9,0.9,0","nayedien,leg_up,-45,-190,-20,0,11,1.1,1,0","nayedien,leg_low,-83,-88,-17,0,11,1,1.1,0","nayedien,foot,-115,-14,-11,1,14,1,1,0","nayedien,leg_up,72,-179,24,0,15,1,1,0","nayedien,leg_low,80,-83,-15,0,14,0.9,1.1,0","nayedien,foot,77,-10,9,0,16,1,1,0",,,"nayedien,cloak,-31,-281,-4,0,17,1.4,1.4,0","nayedien,sword_swing,237,-518,142,1,10,1,1.1,0",,,,,,,,,,,,,,,,,,,,,,,,,,,,,,,,,,,,,,,,,,,,,,,,,,,,,,,,,,,,,,,,,,,,,,,,,,,,,,,,,,,,,,,,,,,,,,,,,,"play_time_mod_0.5,sprite_deal_damage",,
Attack3/19,"nayedien,head,-5,-493,11,0,7,1,1,0","nayedien,neck,-6,-448,14,0,10,1,1,0","nayedien,body,3,-318,3,0,9,1,1,0","nayedien,arm_up,-16,-375,108,0,5,1.1,1,0","nayedien,arm_low,60,-426,142,0,7,1,1,0","nayedien,fist,107,-477,120,0,8,0.9,0.9,0","nayedien,arm_up,85,-372,11,1,13,0.9,1.1,0","nayedien,arm_low,118,-275,22,1,18,0.9,0.9,0","nayedien,open,141,-202,17,1,19,0.9,0.9,0","nayedien,leg_up,-45,-190,-20,0,11,1.1,1,0","nayedien,leg_low,-83,-88,-17,0,11,1,1.1,0","nayedien,foot,-115,-14,-11,1,14,1,1,0","nayedien,leg_up,73,-182,22,0,15,1,1,0","nayedien,leg_low,82,-83,-11,0,14,0.9,1.1,0","nayedien,foot,86,-10,11,0,16,1,1,0",,,"nayedien,cloak,-29,-281,3,0,17,1.4,1.4,0","nayedien,sword_swing,55,-594,-150,1,10,1,1.1,0",,,,,,,,,,,,,,,,,,,,,,,,,,,,,,,,,,,,,,,,,,,,,,,,,,,,,,,,,,,,,,,,,,,,,,,,,,,,,,,,,,,,,,,,,,,,,,,,,,sprite_deal_damage,,
Attack3/20,"nayedien,head,-9,-493,13,0,7,1,1,0","nayedien,neck,-6,-448,14,0,10,1,1,0","nayedien,body,3,-318,3,0,9,1,1,0","nayedien,arm_up,-16,-384,114,0,5,1.1,1,0","nayedien,arm_low,60,-433,148,0,7,1,1,0","nayedien,open,101,-511,149,0,8,0.9,0.9,0","nayedien,arm_up,85,-372,11,1,13,0.9,1.1,0","nayedien,arm_low,114,-275,19,1,18,0.9,0.9,0","nayedien,open,131,-202,14,1,19,0.9,0.9,0","nayedien,leg_up,-45,-190,-20,0,11,1.1,1,0","nayedien,leg_low,-83,-88,-17,0,11,1,1.1,0","nayedien,foot,-115,-14,-11,1,14,1,1,0","nayedien,leg_up,73,-182,22,0,15,1,1,0","nayedien,leg_low,82,-83,-11,0,14,0.9,1.1,0","nayedien,foot,86,-10,11,0,16,1,1,0",,,"nayedien,cloak,-26,-281,9,0,17,1.4,1.4,0","nayedien,sword_arrive_1,14,-650,-140,1,10,1,1.1,0",,,,,,,,,,,,,,,,,,,,,,,,,,,,,,,,,,,,,,,,,,,,,,,,,,,,,,,,,,,,,,,,,,,,,,,,,,,,,,,,,,,,,,,,,,,,,,,,,,,,
Attack3/21,"nayedien,head,-6,-491,4,0,7,1,1,0","nayedien,neck,-6,-448,14,0,10,1,1,0","nayedien,body,5,-316,0,0,9,1,1,0","nayedien,arm_up,-18,-371,94,0,5,1.1,1,0","nayedien,arm_low,56,-386,138,0,7,1,1,0","nayedien,open,112,-450,139,0,8,0.9,0.9,0","nayedien,arm_up,84,-366,9,1,13,0.9,1.1,0","nayedien,arm_low,111,-269,17,1,18,0.9,0.9,0","nayedien,open,126,-196,12,1,19,0.9,0.9,0","nayedien,leg_up,-45,-190,-20,0,11,1.1,1,0","nayedien,leg_low,-83,-88,-17,0,11,1,1.1,0","nayedien,foot,-115,-14,-11,1,14,1,1,0","nayedien,leg_up,62,-182,21,0,15,1,1,0","nayedien,leg_low,77,-83,-3,0,14,0.9,1.1,0","nayedien,foot,86,-10,11,0,16,1,1,0",,,"nayedien,cloak,-18,-281,14,0,17,1.4,1.4,0","nayedien,sword_arrive_2,15,-683,-140,1,10,1,1.1,0",,,,,,,,,,,,,,,,,,,,,,,,,,,,,,,,,,,,,,,,,,,,,,,,,,,,,,,,,,,,,,,,,,,,,,,,,,,,,,,,,,,,,,,,,,,,,,,,,,,,"weapon_summon2,2000,0"
Attack3/22,"nayedien,head,-10,-491,0,0,7,1,1,0","nayedien,neck,-6,-448,14,0,10,1,1,0","nayedien,body,1,-316,2,0,9,1,1,0","nayedien,arm_up,-34,-346,74,0,5,1.1,1,0","nayedien,arm_low,41,-335,118,0,7,1,1,0","nayedien,open,116,-375,119,0,8,0.9,0.9,0","nayedien,arm_up,84,-366,6,1,13,0.9,1.1,0","nayedien,arm_low,102,-272,12,1,18,0.9,0.9,0","nayedien,open,108,-199,5,1,19,0.9,0.9,0","nayedien,leg_up,-43,-190,-10,0,11,1.1,1,0","nayedien,leg_low,-63,-90,-10,0,11,1,1.1,0","nayedien,foot,-87,-12,-4,1,14,1,1,0","nayedien,leg_up,62,-182,21,0,15,1,1,0","nayedien,leg_low,77,-83,-3,0,14,0.9,1.1,0","nayedien,foot,86,-10,11,0,16,1,1,0",,,"nayedien,cloak,-26,-288,6,0,17,1.4,1.4,0","nayedien,sword_arrive_3,15,-699,-140,1,10,1,1.1,0",,,,,,,,,,,,,,,,,,,,,,,,,,,,,,,,,,,,,,,,,,,,,,,,,,,,,,,,,,,,,,,,,,,,,,,,,,,,,,,,,,,,,,,,,,,,,,,,,,,,
Attack3/23,"nayedien,head,-11,-493,-2,0,7,1,1,0","nayedien,neck,-6,-448,14,0,10,1,1,0","nayedien,body,0,-320,1,0,9,1,1,0","nayedien,arm_up,-61,-338,44,0,5,1.1,1,0","nayedien,arm_low,-1,-291,88,0,7,1,1,0","nayedien,open,83,-289,89,0,8,0.9,0.9,0","nayedien,arm_up,84,-366,5,1,13,0.9,1.1,0","nayedien,arm_low,101,-272,11,1,18,0.9,0.9,0","nayedien,open,106,-199,4,1,19,0.9,0.9,0","nayedien,leg_up,-43,-190,-10,0,11,1.1,1,0","nayedien,leg_low,-63,-90,-10,0,11,1,1.1,0","nayedien,foot,-87,-12,-4,1,14,1,1,0","nayedien,leg_up,62,-182,21,0,15,1,1,0","nayedien,leg_low,77,-83,-3,0,14,0.9,1.1,0","nayedien,foot,86,-10,11,0,16,1,1,0",,,"nayedien,cloak,-41,-288,-4,0,17,1.4,1.4,0","nayedien,sword_arrive_4,15,-709,-140,1,10,1,1.1,0",,,,,,,,,,,,,,,,,,,,,,,,,,,,,,,,,,,,,,,,,,,,,,,,,,,,,,,,,,,,,,,,,,,,,,,,,,,,,,,,,,,,,,,,,,,,,,,,,,,,
Attack3/24,"nayedien,head,-16,-504,7,0,7,1,1,0","nayedien,neck,-4,-456,5,0,10,1,1,0","nayedien,body,1,-329,1,0,9,1,1,0","nayedien,arm_up,-104,-361,-19,0,5,1.1,1,0","nayedien,arm_low,-109,-291,44,0,7,1,1,0","nayedien,open,-56,-231,38,0,8,0.9,0.9,0","nayedien,arm_up,84,-369,8,1,10,0.9,1.1,0","nayedien,arm_low,97,-280,8,1,15,0.9,0.9,0","nayedien,open,106,-204,7,1,16,0.9,0.9,0","nayedien,leg_up,-31,-188,-8,0,11,1.1,1,0","nayedien,leg_low,-48,-90,-5,0,11,1,1.1,0","nayedien,foot,-66,-12,-6,1,14,1,1,0","nayedien,leg_up,55,-193,17,0,15,1,1,0","nayedien,leg_low,67,-86,-2,0,14,0.9,1.1,0","nayedien,foot,77,-10,9,0,16,1,1,0",,,"nayedien,cloak,-43,-288,-6,0,17,1.4,1.4,0",,,,,,,,,,,,,,,,,,,,,,,,,,,,,,,,,,,,,,,,,,,,,,,,,,,,,,,,,,,,,,,,,,,,,,,,,,,,,,,,,,,,,,,,,,,,,,,,,,,,,
Skill2/0,"nayedien,head,-16,-504,7,0,7,1,1,0","nayedien,neck,-4,-456,5,0,10,1,1,0","nayedien,body,1,-329,1,0,9,1,1,0","nayedien,arm_up,-104,-361,-19,0,5,1.1,1,0","nayedien,arm_low,-109,-291,44,0,7,1,1,0","nayedien,open,-56,-231,38,0,8,0.9,0.9,0","nayedien,arm_up,84,-369,8,1,10,0.9,1.1,0","nayedien,arm_low,97,-280,8,1,15,0.9,0.9,0","nayedien,open,106,-204,7,1,16,0.9,0.9,0","nayedien,leg_up,-31,-188,-8,0,11,1.1,1,0","nayedien,leg_low,-48,-90,-5,0,11,1,1.1,0","nayedien,foot,-66,-12,-6,1,14,1,1,0","nayedien,leg_up,55,-193,17,0,15,1,1,0","nayedien,leg_low,67,-86,-2,0,14,0.9,1.1,0","nayedien,foot,77,-10,9,0,16,1,1,0",,,"nayedien,cloak,-43,-288,-6,0,17,1.4,1.4,0",,,,,,,,,,,,,,,,,,,,,,,,,,,,,,,,,,,,,,,,,,,,,,,,,,,,,,,,,,,,,,,,,,,,,,,,,,,,,,,,,,,,,,,,,,,,,,,,,,,,,
Skill2/1,"nayedien,head,7,-504,-8,0,7,1,1,0","nayedien,neck,7,-456,1,0,10,1,1,0","nayedien,body,1,-329,-3,1,9,1,1,0","nayedien,arm_up,99,-351,-5,1,5,1.1,1,0","nayedien,arm_low,77,-262,-36,1,7,1,1,0","nayedien,open,22,-209,-58,1,8,0.9,0.9,0","nayedien,arm_up,-84,-374,-22,0,10,0.9,1.1,0","nayedien,arm_low,-116,-290,-22,0,15,0.9,0.9,0","nayedien,open,-146,-219,-23,0,16,0.9,0.9,0","nayedien,leg_up,-55,-188,-14,0,11,1.1,1,0","nayedien,leg_low,-70,-90,-5,0,11,1,1.1,0","nayedien,foot,-93,-12,-6,1,14,1,1,0","nayedien,leg_up,53,-192,20,0,15,1,1,0","nayedien,leg_low,69,-86,-2,0,14,0.9,1.1,0","nayedien,foot,77,-10,9,0,16,1,1,0",,,"nayedien,cloak,101,-275,32,0,17,1.4,1.4,0",,,,,,,,,,,,,,,,,,,,,,,,,,,,,,,,,,,,,,,,,,,,,,,,,,,,,,,,,,,,,,,,,,,,,,,,,,,,,,,,,,,,,,,,,,,"movement,swirl,0,-305,0,0,0,1.6,1.6,0",,,,,,,,,,
Skill2/2,"nayedien,head,17,-502,-9,0,7,1,1,0","nayedien,neck,12,-456,1,0,10,1,1,0","nayedien,body,8,-329,-3,1,9,1,1,0","nayedien,arm_up,104,-347,2,1,5,1.1,1,0","nayedien,arm_low,87,-259,-38,1,7,1,1,0","nayedien,open,30,-208,-60,1,8,0.9,0.9,0","nayedien,arm_up,-83,-379,-20,0,10,0.9,1.1,0","nayedien,arm_low,-116,-296,-23,0,15,0.9,0.9,0","nayedien,open,-147,-226,-24,0,16,0.9,0.9,0","nayedien,leg_up,-52,-188,-18,0,11,1.1,1,0","nayedien,leg_low,-76,-90,-9,0,11,1,1.1,0","nayedien,foot,-100,-12,-6,1,14,1,1,0","nayedien,leg_up,53,-192,20,0,15,1,1,0","nayedien,leg_low,69,-86,-2,0,14,0.9,1.1,0","nayedien,foot,77,-10,9,0,16,1,1,0",,,"nayedien,cloak,95,-269,23,0,17,1.4,1.4,0","nayedien,flail_arrive2_4,218,-90,68,0,9,0.9,0.9,0",,,,,,,,,,,,,,,,,,,,,,,,,,,,,,,,,,,,,,,,,,,,,,,,,,,,,,,,,,,,,,,,,,,,,,,,,,,,,,,,,,,,,,,,,,,,,,,,,,,,
Skill2/3,"nayedien,head,23,-500,-10,0,7,1,1,0","nayedien,neck,11,-456,-9,1,10,1,1,0","nayedien,body,10,-329,-4,1,9,1,1,0","nayedien,arm_up,106,-347,-3,1,5,1.1,1,0","nayedien,arm_low,89,-259,-40,1,7,1,1,0","nayedien,open,32,-212,-62,1,8,0.9,0.9,0","nayedien,arm_up,-78,-381,-22,0,10,0.9,1.1,0","nayedien,arm_low,-112,-298,-27,0,15,0.9,0.9,0","nayedien,open,-151,-228,-28,0,16,0.9,0.9,0","nayedien,leg_up,-52,-188,-18,0,11,1.1,1,0","nayedien,leg_low,-76,-90,-9,0,11,1,1.1,0","nayedien,foot,-100,-12,-6,1,14,1,1,0","nayedien,leg_up,53,-192,20,0,15,1,1,0","nayedien,leg_low,69,-86,-2,0,14,0.9,1.1,0","nayedien,foot,77,-10,9,0,16,1,1,0",,,"nayedien,cloak,94,-282,20,1,17,1.4,1.4,0","nayedien,flail_arrive2_3,213,-88,64,0,9,0.9,0.9,0",,,,,,,,,,,,,,,,,,,,,,,,,,,,,,,,,,,,,,,,,,,,,,,,,,,,,,,,,,,,,,,,,,,,,,,,,,,,,,,,,,,,,,,,,,,,,,,,,,play_time_mod_0.6,,
Skill2/4,"nayedien,head,27,-500,-11,0,7,1,1,0","nayedien,neck,11,-456,-9,1,10,1,1,0","nayedien,body,11,-329,-5,1,9,1,1,0","nayedien,arm_up,104,-346,-6,1,5,1.1,1,0","nayedien,arm_low,79,-261,-40,1,7,1,1,0","nayedien,open,22,-214,-62,1,8,0.9,0.9,0","nayedien,arm_up,-78,-381,-22,0,10,0.9,1.1,0","nayedien,arm_low,-111,-298,-27,0,15,0.9,0.9,0","nayedien,open,-144,-228,-26,0,16,0.9,0.9,0","nayedien,leg_up,-55,-188,-18,0,11,1.1,1,0","nayedien,leg_low,-81,-90,-10,0,11,1,1.1,0","nayedien,foot,-105,-12,-6,1,14,1,1,0","nayedien,leg_up,53,-192,20,0,15,1,1,0","nayedien,leg_low,69,-86,-2,0,14,0.9,1.1,0","nayedien,foot,77,-10,9,0,16,1,1,0",,,"nayedien,cloak,81,-282,15,1,17,1.4,1.4,0","nayedien,flail_arrive2_2,200,-88,66,0,9,0.9,0.9,0",,,,,,,,,,,,,,,,,,,,,,,,,,,,,,,,,,,,,,,,,,,,,,,,,,,,,,,,,,,,,,,,,,,,,,,,,,,,,,,,,,,,,,,,,,,,,,,,,,,,
Skill2/5,"nayedien,head,30,-497,-12,0,7,1,1,0","nayedien,neck,11,-456,-9,1,10,1,1,0","nayedien,body,11,-329,-5,1,9,1,1,0","nayedien,arm_up,91,-342,-12,1,5,1.1,1,0","nayedien,arm_low,55,-259,-46,1,7,1,1,0","nayedien,open,-5,-218,-68,1,8,0.9,0.9,0","nayedien,arm_up,-78,-383,-24,0,10,0.9,1.1,0","nayedien,arm_low,-113,-298,-28,0,15,0.9,0.9,0","nayedien,open,-148,-228,-27,0,16,0.9,0.9,0","nayedien,leg_up,-55,-188,-18,0,11,1.1,1,0","nayedien,leg_low,-81,-90,-10,0,11,1,1.1,0","nayedien,foot,-105,-12,-6,1,14,1,1,0","nayedien,leg_up,53,-192,20,0,15,1,1,0","nayedien,leg_low,69,-86,-2,0,14,0.9,1.1,0","nayedien,foot,77,-10,9,0,16,1,1,0",,,"nayedien,cloak,74,-282,10,1,17,1.4,1.4,0","nayedien,flail_arrive2_1,186,-95,68,0,9,0.9,0.9,0",,,,,,,,,,,,,,,,,,,,,,,,,,,,,,,,,,,,,,,,,,,,,,,,,,,,,,,,,,,,,,,,,,,,,,,,,,,,,,,,,,,,,,,,,,,,,,,,,,,,
Skill2/6,"nayedien,head,32,-493,-14,0,7,1,1,0","nayedien,neck,11,-456,-9,1,10,1,1,0","nayedien,body,11,-325,-6,1,9,1,1,0","nayedien,arm_up,84,-341,-26,1,5,1.1,1,0","nayedien,arm_low,30,-270,-60,1,7,1,1,0","nayedien,fist,-39,-239,-62,1,8,0.9,0.9,0","nayedien,arm_up,-77,-383,-25,0,10,0.9,1.1,0","nayedien,arm_low,-115,-299,-31,0,15,0.9,0.9,0","nayedien,open,-155,-230,-30,0,16,0.9,0.9,0","nayedien,leg_up,-56,-188,-20,0,11,1.1,1,0","nayedien,leg_low,-85,-90,-12,0,11,1,1.1,0","nayedien,foot,-111,-12,-6,1,14,1,1,0","nayedien,leg_up,59,-188,21,0,15,1,1,0","nayedien,leg_low,71,-86,-5,0,14,0.9,1.1,0","nayedien,foot,77,-11,9,0,16,1,1,0",,,"nayedien,cloak,66,-282,7,1,17,1.4,1.4,0","nayedien,flail_swing_small,137,-101,60,0,9,0.9,0.9,0",,,,,,,,,,,,,,,,,,,,,,,,,,,,,,,,,,,,,,,,,,,,,,,,,,,,,,,,,,,,,,,,,,,,,,,,,,,,,,,,,,,,,,,,,,,,,,,,,,play_time_mod_0.7,,
Skill2/7,"nayedien,head,-2,-495,-6,0,7,1,1,0","nayedien,neck,-16,-454,1,1,10,1,1,0","nayedien,body,-9,-325,4,1,9,1,1,0","nayedien,arm_up,31,-356,-55,1,5,1.1,1,0","nayedien,arm_low,-54,-328,-90,1,7,1,1,0","nayedien,fist,-129,-335,-92,1,8,0.9,0.9,0","nayedien,arm_up,-104,-373,-23,0,10,0.9,1.1,0","nayedien,arm_low,-142,-289,-31,0,15,0.9,0.9,0","nayedien,open,-182,-220,-30,0,16,0.9,0.9,0","nayedien,leg_up,-68,-178,-30,0,11,1.1,1,0","nayedien,leg_low,-103,-88,-12,0,11,1,1.1,0","nayedien,foot,-127,-12,-6,1,14,1,1,0","nayedien,leg_up,52,-188,25,0,15,1,1,0","nayedien,leg_low,81,-86,11,0,14,0.9,1.1,0","nayedien,foot,102,-11,9,0,16,1,1,0",,,"nayedien,cloak,30,-284,-3,1,17,1.4,1.4,0","nayedien,flail_swing_small,-24,-154,40,0,9,0.9,0.9,0",,,,,,,,,,,,,,,,,,,,,,,,,,,,,,,,,,,,,,,,,,,,,,,,,,,,,,,,,,,,,,,,,,,,,,,,,,,,,,,,,,,,,,,,,,,,,,,,,,,,
Skill2/8,"nayedien,head,10,-474,-10,0,8,1,1,0","nayedien,neck,2,-415,-26,1,13,1,1,0","nayedien,body,-16.8,-296.4,-5,1,9,1,1,0","nayedien,arm_up,-90,-363,-25,0,10,1,1,0","nayedien,arm_low,-146,-284,-44,0,12,1,1,0","nayedien,open,-208,-220,-44,0,14,1,1,0","nayedien,arm_up,41,-313,-40,1,9,1,1,0","nayedien,arm_low,-15,-262,-89,0,4,1,1,0","nayedien,fist,-79.2,-283.2,-132,1,4,1,1,0","nayedien,leg_up,-88,-165,-30,1,12,1,1,0","nayedien,leg_low,-121.6,-69.2,-13,1,12,1,1,0","nayedien,foot,-138.8,-7.2,-14,1,15,1,1,0","nayedien,leg_up,42,-158,30.7,0,12,1,1,0","nayedien,leg_low,86,-61.2,22,0,11,1,1,0","nayedien,foot,106,-3.6,15,0,16,1,1,0",,,"nayedien,cloak,10,-253,-9,1,17,1.4,1.4,0",,,,,,,,,,,,,,,,,,,,,,,,,,,,,,,,,,,,,,,,,,,,,,,,,,,,,,,"nayedien,flail_long_swing,14.8,-469.6,144,0,5,1,1,0",,,,,,,,"nayedien,flail_no_handle,-176,-382,-132,0,6,1.2,1.2,0",,,,,,,,,,,,,,,,,,,,,,,,,,,,"movement,spin,-107,-407,-49,0,6,2.1,2,0",,,,,,,,"play_time_mod_0.6,sprite_deal_damage",,"swing_bulk,2500,0"
Skill2/9,"nayedien,head,7,-457,-12,0,8,1,1,0","nayedien,neck,3.6,-414,-22,1,13,1,1,0","nayedien,body,-16.8,-282.4,-7,1,9,1,1,0","nayedien,arm_up,-80.8,-355.2,-35,0,10,1,1,0","nayedien,arm_low,-144,-288,-54,0,12,1,1,0","nayedien,open,-216,-236,-54,0,14,1,1,0","nayedien,arm_up,41,-308,-50,1,9,1,1,0","nayedien,arm_low,-7.2,-284.4,-120,0,4,1,1,0","nayedien,fist,-44.4,-342.4,-164,1,4,1,1,0","nayedien,leg_up,-93,-158,-37,1,12,1,1,0","nayedien,leg_low,-123,-70,-4,1,12,1,1,0","nayedien,foot,-132.8,-7.2,-14,1,15,1,1,0","nayedien,leg_up,40,-148,38.7,0,12,1,1,0","nayedien,leg_low,86,-61.2,22,0,11,1,1,0","nayedien,foot,108,-3.6,16,0,16,1,1,0",,,"nayedien,cloak,-10,-253,-29,1,17,1.4,1.4,0",,,,,,,,,,,,,,,,,,,,,,,,,,,,,,,,,,,,,,,,,,,,,,,,,,,,,,,"nayedien,flail_long_swing,28.8,-147.2,14,0,5,1,1,0",,,,,,,,"nayedien,flail_no_handle,49,-335,85,0,6,1,0.9,0",,,,,,,,,,,,,,,,,,,,,,,,,,,,"movement,spin,-16,-298,12,0,6,2.3,2.3,0",,,,,,,,sprite_deal_damage,,"swing_bulk,2500,0"
Skill2/10,"nayedien,head,5,-456,-13,0,8,1,1,0","nayedien,neck,3.6,-408,-18,1,13,1,1,0","nayedien,body,-16.8,-278.4,-7,1,9,1,1,0","nayedien,arm_up,-86,-357,-36,0,10,1,1,0","nayedien,arm_low,-151,-291,-55,0,12,1,1,0","nayedien,open,-224,-240,-55,0,14,1,1,0","nayedien,arm_up,31,-304,-56,1,9,1,1,0","nayedien,arm_low,-26,-298,-135,0,4,1,1,0","nayedien,fist_back,-58,-350,-180,0,5,1,1,0","nayedien,leg_up,-89,-157,-41,1,12,1,1,0","nayedien,leg_low,-126,-67,-3,1,12,1,1,0","nayedien,foot,-138.8,-7.2,-14,1,15,1,1,0","nayedien,leg_up,30,-148.4,34.7,0,10,1,1,0","nayedien,leg_low,86,-53.2,28,0,11,1,1,0","nayedien,foot,114,0.4,19,0,16,1,1,0",,,"nayedien,cloak,31,-233,1,1,17,1.4,1.4,0",,,,,,,,,,,,,,,,,,,,,,,,,,,,,,,,,,,,,,,,,,,,,,,,,,,,,,,"nayedien,flail_long_swing,-242,-479,-129,0,6,1,1,0",,,,,,,,"nayedien,flail_no_handle,-164,-296,-53,0,6,1.3,1.3,0",,,,,,,,,,,,,,,,,,,,,,,,,,,,"movement,spin,-171,-379,-137,0,6,2.6,2.6,0",,,,,,,,"play_time_mod_0.7,sprite_deal_damage",,"swing_bulk,2500,0"
Skill2/11,"nayedien,head,1,-456,-4,0,8,1,1,0","nayedien,neck,1.6,-408,-7,1,13,1,1,0","nayedien,body,-16.8,-278.4,-7,1,9,1,1,0","nayedien,arm_up,-84.8,-339.2,-35,0,10,1,1,0","nayedien,arm_low,-137,-277,-44,0,12,1,1,0","nayedien,open,-198,-212,-44,0,14,1,1,0","nayedien,arm_up,31,-304,-59,1,9,1,1,0","nayedien,arm_low,-29,-296,-148,0,4,1,1,0","nayedien,fist,-56,-358,-175,1,4,1,1,0","nayedien,leg_up,-99,-154,-46,1,12,1,1,0","nayedien,leg_low,-130,-72,2,1,12,1,1,0","nayedien,foot,-138.8,-7.2,-14,1,15,1,1,0","nayedien,leg_up,30,-140.4,36.7,0,10,1,1,0","nayedien,leg_low,92,-49.2,32,0,11,1,1,0","nayedien,foot,120,0.4,19,0,16,1,1,0",,,"nayedien,cloak,62,-233,21,1,17,1.4,1.4,0",,,,,,,,,,,,,,,,,,,,,,,,,,,,,,,,,,,,,,,,,,,,,,,,,,,,,,,"nayedien,flail_long_swing,130,-490,122,0,5,1,1,0",,,,,,,,"nayedien,flail_no_handle,-57,-471,-180,0,6,1.4,1.4,0",,,,,,,,,,,,,,,,,,,,,,,,,,,,"movement,spin,31,-450,121,0,5,2.5,2.5,0",,,,,,,,"play_time_mod_0.6,sprite_deal_damage",,
Skill2/12,"nayedien,head,5,-450,-13,0,8,1,1,0","nayedien,neck,1.6,-408,-7,1,13,1,1,0","nayedien,body,-16.8,-274.4,-7,1,9,1,1,0","nayedien,arm_up,-76,-349,-25,0,10,1,1,0","nayedien,arm_low,-123,-261,-34,0,12,1,1,0","nayedien,open,-172,-186,-34,0,14,1,1,0","nayedien,arm_up,51,-292,-46,1,9,1,1,0","nayedien,arm_low,-1.2,-282.4,-118,0,4,1,1,0","nayedien,fist,-56.4,-330.4,-127,1,4,1,1,0","nayedien,leg_up,-103,-152,-44,1,12,1,1,0","nayedien,leg_low,-130,-69,5,1,12,1,1,0","nayedien,foot,-138.8,-7.2,-14,1,15,1,1,0","nayedien,leg_up,39,-136,39.7,0,12,1,1,0","nayedien,leg_low,95,-56,33,0,11,1,1,0","nayedien,foot,134,0.4,21,0,16,1,1,0",,,"nayedien,cloak,32,-223,1,1,17,1.4,1.4,0",,,,,,,,,,,,,,,,,,,,,,,,,,,,,,,,,,,,,,,,,,,,,,,,,,,,,,,"nayedien,flail_long_swing,-103,-127,-19,0,5,1,1,0",,,,,,,,"nayedien,flail_no_handle,32,-325,96,0,6,1.3,1.3,0",,,,,,,,,,,,,,,,,,,,,,,,,,,,"movement,spin,-7,-293,156,0,6,2.5,2.5,0",,,,,,,,"play_time_mod_0.4,sprite_deal_damage",,"swing_bulk,2500,0"
Skill2/13,"nayedien,head,41,-444,-17,0,8,1,1,0","nayedien,neck,23,-398,-7,1,13,1,1,0","nayedien,body,-6.8,-274.4,-10,1,9,1,1,0","nayedien,arm_up,-76.8,-343.2,-26,0,10,1,1,0","nayedien,arm_low,-120,-258,-7,0,9,1,1,0","nayedien,open,-117.6,-178.4,13,0,10,1,1,0","nayedien,arm_up,31,-313,-82,1,3,1,1,0","nayedien,arm_low,-65,-300,-84,0,4,1,1,0","nayedien,fist,-128,-288,-50,1,4,1,1,0","nayedien,leg_up,-105,-148,-46,1,12,1,1,0","nayedien,leg_low,-133,-70,5,1,12,1,1,0","nayedien,foot,-138.8,-7.2,-14,1,15,1,1,0","nayedien,leg_up,48,-136,39.7,0,12,1,1,0","nayedien,leg_low,103,-57,35,0,11,1,1,0","nayedien,foot,148,0.4,21,0,16,1,1,0",,,"nayedien,cloak,4,-243,-19,1,17,1.4,1.4,0",,,,,,,,,,,,,,,,,,,,,,,,,,,,,,,,,,,,,,,,,,,,,,,,,,,,,,,"nayedien,flail_long_swing,-358,-252,-87,0,5,1,1,0",,,,,,,,,,,,,,,,,,,,,,,,,,,,,,,,,,,,,,,,,,,,sprite_deal_damage,,
Skill2/14,"nayedien,head,47,-446,-17,0,8,1,1,0","nayedien,neck,25,-395,-7,0,13,1,1,0","nayedien,body,-6,-274,-14,1,9,1,1,0","nayedien,arm_up,-76,-347,-33,0,10,1,1,0","nayedien,arm_low,-121,-268,-11,0,9,1,1,0","nayedien,open,-126,-188,6,0,10,1,1,0","nayedien,arm_up,41,-314,-86,1,9,1,1,0","nayedien,arm_low,-7,-308,-89,0,4,1.1,0.8,0","nayedien,fist,-66.8,-294.8,-53,1,4,1,1,0","nayedien,leg_up,-106,-151,-47,1,12,1,1,0","nayedien,leg_low,-135,-75,6,1,12,1,1,0","nayedien,foot,-138.8,-7.2,-14,1,15,1,1,0","nayedien,leg_up,40,-140,45.7,0,12,1,1,0","nayedien,leg_low,107,-58,37,0,11,1,1,0","nayedien,foot,154,0.4,21,0,16,1,1,0",,,"nayedien,cloak,3,-248,-25,1,17,1.4,1.4,0",,,,,,,,,,,,,,,,,,,,,,,,,,,,,,,,,,,,,,,,,,,,,,,,,,,,,,,"nayedien,flail_long_stab,-308.8,-306,-92,0,5,1,1,0",,,,,,,,,,,,,,,,,,,,,,,,,,,,,,,,,,,,,,,,,,,,"play_time_mod_0.3,sprite_deal_damage",,"swing_bulk_large,2500,0"
Skill2/15,"nayedien,head,69,-426,-23,0,8,1,1,0","nayedien,neck,50,-373,-11,0,11,1,1,0","nayedien,body,6,-262,-18,0,9,1,1,0","nayedien,arm_up,-80,-334,-42,0,8,1,1,0","nayedien,arm_low,-142,-266,-41,0,9,1,1,0","nayedien,open,-187,-198,-24,0,10,1,1,0","nayedien,arm_up,119,-334,92,0,10,1,1,0","nayedien,arm_low,216,-341,92,0,12,1,1,0","nayedien,fist,292,-352,103,1,12,1,1,0","nayedien,leg_up,-88,-152,-40,1,12,1,1,0","nayedien,leg_low,-122,-67,-3,1,12,1,1,0","nayedien,foot,-137,-7,-14,1,15,1,1,0","nayedien,leg_up,46,-123,45.7,0,11,1,1,0","nayedien,leg_low,111,-51,40,0,11,1,1,0","nayedien,foot,155,0,21,0,16,1,1,0",,,"nayedien,cloak,33,-238,25,0,17,1.4,1.4,0",,,,,,,,,,,,,,,,,,,,,,,,,,,,,,,,,,,,,,,,,,,,,,,,,,,,,,,"nayedien,flail_long_stab,540,-344,90,0,14,1,1,1",,,,,,,,,,,,,,,,,,,,,,,,,,,,,,,,,,,,,,,,,,,,sprite_deal_damage,,
Skill2/16,"nayedien,head,48,-431,-11,0,8,1,1,0","nayedien,neck,36,-376,-11,0,11,1,1,0","nayedien,body,1,-260,-14,0,9,1,1,0","nayedien,arm_up,-94,-324,-40,0,8,1,1,0","nayedien,arm_low,-150,-256,-31,0,9,1,1,0","nayedien,open,-181,-185,-14,0,10,1,1,0","nayedien,arm_up,119,-322,103,0,10,1,1,0","nayedien,arm_low,206,-337,96,0,12,1,1,0","nayedien,open,283,-366,127,1,12,1,1,0","nayedien,leg_up,-91,-152,-40,1,12,1,1,0","nayedien,leg_low,-122,-67,-3,1,12,1,1,0","nayedien,foot,-137,-7,-14,1,15,1,1,0","nayedien,leg_up,46,-123,45.7,0,11,1,1,0","nayedien,leg_low,111,-51,40,0,11,1,1,0","nayedien,foot,155,0,21,0,16,1,1,0",,,"nayedien,cloak,20,-239,15,0,17,1.4,1.4,0",,,,,,,,,,,,,,,,,,,,,,,,,,,,,,,,,,,,,,,,,,,,,,,,,,,,,,,"nayedien,flail_arrive3_1,590,-378,97,0,14,0.9,0.9,1",,,,,,,,,,,,,,,,,,,,,,,,,,,,,,,,,,,,,,,,,,,,sprite_deal_damage,,
Skill2/17,"nayedien,head,7,-432,-2,0,8,1,1,0","nayedien,neck,21,-375,-1,0,11,1,1,0","nayedien,body,-11,-264,-8,0,9,1,1,0","nayedien,arm_up,-107,-313,-30,0,8,1,1,0","nayedien,arm_low,-150,-237,-21,0,9,1,1,0","nayedien,open,-168,-162,-4,0,10,1,1,0","nayedien,arm_up,109,-326,53,1,10,1,1,0","nayedien,arm_low,194,-282,66,0,12,1,1,0","nayedien,open,275,-269,97,1,12,1,1,0","nayedien,leg_up,-87,-152,-36,1,12,1,1,0","nayedien,leg_low,-120,-67,-6,1,12,1,1,0","nayedien,foot,-137,-7,-14,1,15,1,1,0","nayedien,leg_up,36,-134,35.7,0,11,1,1,0","nayedien,leg_low,84,-57,29,0,11,1,1,0","nayedien,foot,118,1,21,0,16,1,1,0",,,"nayedien,cloak,-11,-247,16,0,17,1.4,1.4,0",,,,,,,,,,,,,,,,,,,,,,,,,,,,,,,,,,,,,,,,,,,,,,,,,,,,,,,"nayedien,flail_arrive3_2,643,-396,99,0,14,0.8,0.8,1",,,,,,,,,,,,,,,,,,,,,,,,,,,,,,,,,,,,,,,,,,,,play_time_mod_0.7,,"weapon_summon2,2000,0"
Skill2/18,"nayedien,head,3,-448,-2,0,8,1,1,0","nayedien,neck,17,-391,-1,0,11,1,1,0","nayedien,body,-15,-280,-8,0,9,1,1,0","nayedien,arm_up,-111,-322,-22,0,8,1,1,0","nayedien,arm_low,-140,-242,-11,0,9,1,1,0","nayedien,open,-144,-165,6,0,10,1,1,0","nayedien,arm_up,76,-326,16,1,10,1,1,0","nayedien,arm_low,103,-238,16,0,12,1,1,0","nayedien,open,133,-157,27,1,13,1,1,0","nayedien,leg_up,-88,-152,-21,1,12,1,1,0","nayedien,leg_low,-110,-67,-6,1,12,1,1,0","nayedien,foot,-125,0,-14,1,15,1,1,0","nayedien,leg_up,27,-144,25.7,0,11,1,1,0","nayedien,leg_low,67,-57,23,0,11,1,1,0","nayedien,foot,101,1,21,0,16,1,1,0",,,"nayedien,cloak,-45,-253,-5,0,17,1.4,1.4,0",,,,,,,,,,,,,,,,,,,,,,,,,,,,,,,,,,,,,,,,,,,,,,,,,,,,,,,"nayedien,flail_arrive3_3,698,-408,99,0,14,0.6,0.6,1",,,,,,,,,,,,,,,,,,,,,,,,,,,,,,,,,,,,,,,,,,,,,,
Skill2/19,"nayedien,head,-17,-471,0,0,8,1,1,0","nayedien,neck,-13,-411,-1,0,11,1,1,0","nayedien,body,-22,-298,-4,0,9,1,1,0","nayedien,arm_up,-119,-334,-12,0,8,1,1,0","nayedien,arm_low,-134,-250,-1,0,9,1,1,0","nayedien,open,-124,-173,16,0,10,1,1,0","nayedien,arm_up,65,-347,9,1,10,1,1,0","nayedien,arm_low,82,-255,9,0,12,1,1,0","nayedien,open,104,-170,20,1,13,1,1,0","nayedien,leg_up,-78,-152,-11,1,12,1,1,0","nayedien,leg_low,-92,-67,-9,1,12,1,1,0","nayedien,foot,-113,0,-17,1,15,1,1,0","nayedien,leg_up,33,-155,18.7,0,11,1,1,0","nayedien,leg_low,58,-62,13,0,11,1,1,0","nayedien,foot,80,0,21,0,16,1,1,0",,,"nayedien,cloak,-59,-271,-18,0,17,1.4,1.4,0",,,,,,,,,,,,,,,,,,,,,,,,,,,,,,,,,,,,,,,,,,,,,,,,,,,,,,,"nayedien,flail_arrive3_4,766,-418,98,0,14,0.6,0.6,1",,,,,,,,,,,,,,,,,,,,,,,,,,,,,,,,,,,,,,,,,,,,,,
Skill2/20,"nayedien,head,-16,-504,7,0,7,1,1,0","nayedien,neck,-4,-456,5,0,10,1,1,0","nayedien,body,1,-329,1,0,9,1,1,0","nayedien,arm_up,-104,-361,-19,0,5,1.1,1,0","nayedien,arm_low,-109,-291,44,0,7,1,1,0","nayedien,open,-56,-231,38,0,8,0.9,0.9,0","nayedien,arm_up,84,-369,8,1,10,0.9,1.1,0","nayedien,arm_low,97,-280,8,1,15,0.9,0.9,0","nayedien,open,106,-204,7,1,16,0.9,0.9,0","nayedien,leg_up,-31,-188,-8,0,11,1.1,1,0","nayedien,leg_low,-48,-90,-5,0,11,1,1.1,0","nayedien,foot,-66,-12,-6,1,14,1,1,0","nayedien,leg_up,55,-193,17,0,15,1,1,0","nayedien,leg_low,67,-86,-2,0,14,0.9,1.1,0","nayedien,foot,77,-10,9,0,16,1,1,0",,,"nayedien,cloak,-43,-288,-6,0,17,1.4,1.4,0",,,,,,,,,,,,,,,,,,,,,,,,,,,,,,,,,,,,,,,,,,,,,,,,,,,,,,,,,,,,,,,,,,,,,,,,,,,,,,,,,,,,,,,,,,,,,,,,,,,,,
EXCLUDE_Meditate/0,"nayedien,head,-6.2,-494.2,1,0,9,1,1,0","nayedien,neck,-4.8,-427.6,3,0,10,1,1,0","nayedien,body,-12.8,-292.4,-1,0,9,1,1,0",,"nayedien,arm_low,-68.4,-257.6,60,1,9,1,1,0","nayedien,fist,-10.8,-255.2,106,0,6,1,1,0",,"nayedien,arm_low,51.2,-236,-59,0,9,1,1,0","nayedien,fist,-8.4,-221.6,-87,1,8,1,1,0","nayedien,leg_up,-56,-170.4,-7,0,11,1,1,0","nayedien,leg_low,-74.8,-59.6,-6,0,11,1,1,0","nayedien,foot,-78.8,8.4,-3,0,14,1,1,0","nayedien,leg_up,23.6,-170.4,15,0,15,1,1,0","nayedien,leg_low,43.2,-66.8,5,0,14,1,1,0","nayedien,foot,57.6,2.8,23,0,16,1,1,0",,,,,,,,,,,,,,,,,,,,,,,,,,,,,,,,,,,,,,,,,,,,,,,,,,,,,,,,,,,,,,,,,,,,,,,,,,,,,,,,,,,,,,,,,,,,,,,,,,,,,,,,
EXCLUDE_Meditate/1,"nayedien,head,-6.2,-490.2,-1,0,9,1,1,0","nayedien,neck,-4.8,-423.6,3,0,10,1,1,0","nayedien,body,-12.8,-288.4,-1,0,9,1,1,0",,"nayedien,arm_low,-68.4,-261.6,76,1,9,1,1,0","nayedien,fist,-4.8,-267.2,98,0,6,1,1,0",,"nayedien,arm_low,51.2,-228,-54,0,9,1,1,0","nayedien,fist,-10.4,-209.6,-86,1,8,1,1,0","nayedien,leg_up,-56,-170.4,-7,0,11,1,1,0","nayedien,leg_low,-74.8,-59.6,-6,0,11,1,1,0","nayedien,foot,-78.8,8.4,-3,0,14,1,1,0","nayedien,leg_up,23.6,-170.4,15,0,15,1,1,0","nayedien,leg_low,43.2,-66.8,5,0,14,1,1,0","nayedien,foot,57.6,2.8,23,0,16,1,1,0",,,,,,,,,,,,,,,,,,,,,,,,,,,,,,,,,,,,,,,,,,,,,,,,,,,,,,,,,,,,,,,,,,,,,,,,,,,,,,,,,,,,,,,,,,,,,,,,,,,,,,play_time_mod_1.2,,
EXCLUDE_Meditate/2,"nayedien,head,1.8,-484.2,-4,0,9,1,1,0","nayedien,neck,-4.8,-421.6,3,0,10,1,1,0","nayedien,body,-12.8,-286.4,-4,0,9,1,1,0",,"nayedien,arm_low,-68.4,-263.6,78,1,9,1,1,0","nayedien,fist,-8.8,-277.2,103,0,6,1,1,0",,"nayedien,arm_low,51.2,-222,-50,0,9,1,1,0","nayedien,fist,-8.4,-201.6,-86,1,8,1,1,0","nayedien,leg_up,-56,-170.4,-7,0,11,1,1,0","nayedien,leg_low,-74.8,-59.6,-6,0,11,1,1,0","nayedien,foot,-78.8,8.4,-3,0,14,1,1,0","nayedien,leg_up,23.6,-170.4,15,0,15,1,1,0","nayedien,leg_low,43.2,-66.8,5,0,14,1,1,0","nayedien,foot,57.6,2.8,23,0,16,1,1,0",,,,,,,,,,,,,,,,,,,,,,,,,,,,,,,,,,,,,,,,,,,,,,,,,,,,,,,,,,,,,,,,,,,,,,,,,,,,,,,,,,,,,,,,,,,,,,,,,,,,,,play_time_mod_1.5,,
EXCLUDE_Meditate/3,"nayedien,head,3.8,-480.2,-6,0,9,1,1,0","nayedien,neck,-2.8,-417.6,1,0,10,1,1,0","nayedien,body,-10.8,-282.4,-6,0,9,1,1,0",,"nayedien,arm_low,-66.4,-255.6,74,1,9,1,1,0","nayedien,fist,-6.8,-259.2,99,0,6,1,1,0",,"nayedien,arm_low,49.2,-218,-60,0,9,1,1,0","nayedien,fist,-8.4,-205.6,-87,1,8,1,1,0","nayedien,leg_up,-56,-170.4,-7,0,11,1,1,0","nayedien,leg_low,-74.8,-59.6,-6,0,11,1,1,0","nayedien,foot,-78.8,8.4,-3,0,14,1,1,0","nayedien,leg_up,23.6,-170.4,15,0,15,1,1,0","nayedien,leg_low,43.2,-66.8,5,0,14,1,1,0","nayedien,foot,57.6,2.8,23,0,16,1,1,0",,,,,,,,,,,,,,,,,,,,,,,,,,,,,,,,,,,,,,,,,,,,,,,,,,,,,,,,,,,,,,,,,,,,,,,,,,,,,,,,,,,,,,,,,,,,,,,,,,,,,,play_time_mod_1.8,,
EXCLUDE_Meditate/4,"nayedien,head,3.8,-472.2,-8,0,9,1,1,0","nayedien,neck,-2.8,-413.6,1,0,10,1,1,0","nayedien,body,-10.8,-278.4,-6,0,9,1,1,0",,"nayedien,arm_low,-66.4,-241.6,62,1,9,1,1,0","nayedien,fist,-6.8,-239.2,86,0,6,1,1,0",,"nayedien,arm_low,57.2,-222,-63,0,9,1,1,0","nayedien,fist,-6.4,-213.6,-94,1,8,1,1,0","nayedien,leg_up,-56,-170.4,-7,0,11,1,1,0","nayedien,leg_low,-74.8,-59.6,-6,0,11,1,1,0","nayedien,foot,-78.8,8.4,-3,0,14,1,1,0","nayedien,leg_up,23.6,-170.4,15,0,15,1,1,0","nayedien,leg_low,43.2,-66.8,5,0,14,1,1,0","nayedien,foot,57.6,2.8,23,0,16,1,1,0",,,,,,,,,,,,,,,,,,,,,,,,,,,,,,,,,,,,,,,,,,,,,,,,,,,,,,,,,,,,,,,,,,,,,,,,,,,,,,,,,,,,,,,,,,,,,,,,,,,,,,play_time_mod_1.5,,
EXCLUDE_Meditate/5,"nayedien,head,3.8,-480.2,-6,0,9,1,1,0","nayedien,neck,-2.8,-417.6,1,0,10,1,1,0","nayedien,body,-10.8,-282.4,-6,0,9,1,1,0",,"nayedien,arm_low,-70.4,-245.6,62,1,9,1,1,0","nayedien,fist,-10.8,-243.2,86,0,6,1,1,0",,"nayedien,arm_low,53.2,-226,-63,0,9,1,1,0","nayedien,fist,-6.4,-217.6,-94,1,8,1,1,0","nayedien,leg_up,-56,-170.4,-7,0,11,1,1,0","nayedien,leg_low,-74.8,-59.6,-6,0,11,1,1,0","nayedien,foot,-78.8,8.4,-3,0,14,1,1,0","nayedien,leg_up,23.6,-170.4,15,0,15,1,1,0","nayedien,leg_low,43.2,-66.8,5,0,14,1,1,0","nayedien,foot,57.6,2.8,23,0,16,1,1,0",,,,,,,,,,,,,,,,,,,,,,,,,,,,,,,,,,,,,,,,,,,,,,,,,,,,,,,,,,,,,,,,,,,,,,,,,,,,,,,,,,,,,,,,,,,,,,,,,,,,,,play_time_mod_1.2,,
EXCLUDE_Meditate/6,"nayedien,head,1.8,-484.2,-4,0,9,1,1,0","nayedien,neck,-4.8,-421.6,3,0,10,1,1,0","nayedien,body,-12.8,-286.4,-4,0,9,1,1,0",,"nayedien,arm_low,-72.4,-249.6,62,1,9,1,1,0","nayedien,fist,-12.8,-247.2,86,0,6,1,1,0",,"nayedien,arm_low,51.2,-230,-63,0,9,1,1,0","nayedien,fist,-8.4,-221.6,-94,1,8,1,1,0","nayedien,leg_up,-56,-170.4,-7,0,11,1,1,0","nayedien,leg_low,-74.8,-59.6,-6,0,11,1,1,0","nayedien,foot,-78.8,8.4,-3,0,14,1,1,0","nayedien,leg_up,23.6,-170.4,15,0,15,1,1,0","nayedien,leg_low,43.2,-66.8,5,0,14,1,1,0","nayedien,foot,57.6,2.8,23,0,16,1,1,0",,,,,,,,,,,,,,,,,,,,,,,,,,,,,,,,,,,,,,,,,,,,,,,,,,,,,,,,,,,,,,,,,,,,,,,,,,,,,,,,,,,,,,,,,,,,,,,,,,,,,,,,
EXCLUDE_Meditate/7,"nayedien,head,-6.2,-490.2,-1,0,9,1,1,0","nayedien,neck,-4.8,-423.6,3,0,10,1,1,0","nayedien,body,-12.8,-288.4,-1,0,9,1,1,0",,"nayedien,arm_low,-72.4,-255.6,62,1,9,1,1,0","nayedien,fist,-12.8,-253.2,86,0,6,1,1,0",,"nayedien,arm_low,51.2,-236,-63,0,9,1,1,0","nayedien,fist,-10.4,-227.6,-94,1,8,1,1,0","nayedien,leg_up,-56,-170.4,-7,0,11,1,1,0","nayedien,leg_low,-74.8,-59.6,-6,0,11,1,1,0","nayedien,foot,-78.8,8.4,-3,0,14,1,1,0","nayedien,leg_up,23.6,-170.4,15,0,15,1,1,0","nayedien,leg_low,43.2,-66.8,5,0,14,1,1,0","nayedien,foot,57.6,2.8,23,0,16,1,1,0",,,,,,,,,,,,,,,,,,,,,,,,,,,,,,,,,,,,,,,,,,,,,,,,,,,,,,,,,,,,,,,,,,,,,,,,,,,,,,,,,,,,,,,,,,,,,,,,,,,,,,,,
Damaged/0,"nayedien,head,-16,-506,6,0,7,1,1,0","nayedien,neck,-4,-456,5,0,10,1,1,0","nayedien,body,1,-330,1,0,9,1,1,0","nayedien,arm_up,-101,-359,-15,0,5,1.1,1,0","nayedien,arm_low,-99,-293,52,0,7,1,1,0","nayedien,open,-42,-236,28,0,8,0.9,0.9,0","nayedien,arm_up,84,-371,9,1,10,0.9,1.1,0","nayedien,arm_low,96,-282,2,1,15,0.9,0.9,0","nayedien,fist,94,-214,-5,1,16,0.9,0.9,0","nayedien,leg_up,-31,-188,-9,0,11,1.1,1,0","nayedien,leg_low,-48,-90,-5,0,11,1,1.1,0","nayedien,foot,-66,-12,-6,1,14,1,1,0","nayedien,leg_up,54,-193,16,0,15,1,1,0","nayedien,leg_low,67,-87,-2,0,14,0.9,1.1,0","nayedien,foot,77,-10,8,0,16,1,1,0",,,"nayedien,cloak,-42,-289,-5,0,17,1.4,1.4,0",,,,,,,,,,,,,,,,,,,,,,,,,,,,,,,,,,,,,,,,,,,,,,,,,,,,,,,,,,,,,,,,,,,,,,,,,,,,,,,,,,,,,,,,,,,,,,,,,,,,,
Damaged/1,"nayedien,head,-13,-506,1,0,7,1,1,0","nayedien,neck,-4,-456,5,0,10,1,1,0","nayedien,body,1,-327,0,0,9,1,1,0","nayedien,arm_up,-101,-359,-18,0,5,1.1,1,0","nayedien,arm_low,-99,-294,53,0,7,1,1,0","nayedien,open,-42,-239,29,0,8,0.9,0.9,0","nayedien,arm_up,86,-374,17,1,10,0.9,1.1,0","nayedien,arm_low,118,-282,22,1,15,0.9,0.9,0","nayedien,open,147,-206,27,1,16,0.9,0.9,0","nayedien,leg_up,-31,-188,-9,0,11,1.1,1,0","nayedien,leg_low,-48,-90,-5,0,11,1,1.1,0","nayedien,foot,-66,-12,-6,1,14,1,1,0","nayedien,leg_up,56,-192,16,0,15,1,1,0","nayedien,leg_low,67,-87,-2,0,14,0.9,1.1,0","nayedien,foot,77,-10,8,0,16,1,1,0",,,"nayedien,cloak,-45,-289,-7,0,17,1.4,1.4,0",,,,,,,,,,,,,,,,,,,,,,,,,,,,,,,,,,,,,,,,,,,,,,,,,,,,,,,,,,,,,,,,,,,,,,,,,,,,,,,,,,,,,,,,,,,,,,,,,,,,,
Damaged/2,"nayedien,head,-10,-504,-2,0,7,1,1,0","nayedien,neck,-4,-456,5,0,10,1,1,0","nayedien,body,0,-327,1,0,9,1,1,0","nayedien,arm_up,-107,-360,-22,0,5,1.1,1,0","nayedien,arm_low,-101,-297,54,0,7,1,1,0","nayedien,open,-44,-244,30,0,8,0.9,0.9,0","nayedien,arm_up,98,-392,47,1,10,0.9,1.1,0","nayedien,arm_low,171,-339,72,1,15,0.9,0.9,0","nayedien,open,236,-338,117,1,16,0.9,0.9,0","nayedien,leg_up,-33,-188,-11,0,11,1.1,1,0","nayedien,leg_low,-51,-90,-7,0,11,1,1.1,0","nayedien,foot,-71,-12,-6,1,14,1,1,0","nayedien,leg_up,57,-192,21,0,15,1,1,0","nayedien,leg_low,69,-89,-5,0,14,0.9,1.1,0","nayedien,foot,74,-14,4,0,16,1,1,0",,,"nayedien,cloak,-50,-293,-9,0,17,1.4,1.4,0",,,,,,,,,,,,,,,,,,,,,,,,,,,,,,,,,,,,,,,,,,,,,,,,,,,,,,,,,,,,,,,,,,,,,,,,,,,,,,,,,,,,,,,,,,,,,,,,,,,hold,,
Damaged/3,"nayedien,head,-6,-502,-4,0,7,1,1,0","nayedien,neck,-4,-456,5,0,10,1,1,0","nayedien,body,0,-327,1,0,9,1,1,0","nayedien,arm_up,-108,-361,-24,0,5,1.1,1,0","nayedien,arm_low,-103,-297,56,0,7,1,1,0","nayedien,open,-44,-246,28,0,8,0.9,0.9,0","nayedien,arm_up,98,-395,45,1,10,0.9,1.1,0","nayedien,arm_low,171,-344,82,1,15,0.9,0.9,0","nayedien,open,241,-351,121,1,16,0.9,0.9,0","nayedien,leg_up,-33,-188,-11,0,11,1.1,1,0","nayedien,leg_low,-51,-90,-7,0,11,1,1.1,0","nayedien,foot,-71,-12,-6,1,14,1,1,0","nayedien,leg_up,60,-190,23,0,15,1,1,0","nayedien,leg_low,71,-89,-7,0,14,0.9,1.1,0","nayedien,foot,74,-14,4,0,16,1,1,0",,,"nayedien,cloak,-50,-293,-9,0,17,1.4,1.4,0",,,,,,,,,,,,,,,,,,,,,,,,,,,,,,,,,,,,,,,,,,,,,,,,,,,,,,,,,,,,,,,,,,,,,,,,,,,,,,,,,,,,,,,,,,,,,,,,,,,play_time_mod_0.5,,
Damaged/4,"nayedien,head,-9,-504,-2,0,7,1,1,0","nayedien,neck,-4,-456,5,0,10,1,1,0","nayedien,body,0,-327,1,0,9,1,1,0","nayedien,arm_up,-107,-360,-22,0,5,1.1,1,0","nayedien,arm_low,-101,-297,54,0,7,1,1,0","nayedien,open,-44,-244,30,0,8,0.9,0.9,0","nayedien,arm_up,98,-390,42,1,10,0.9,1.1,0","nayedien,arm_low,161,-324,52,1,15,0.9,0.9,0","nayedien,open,226,-274,55,1,16,0.9,0.9,0","nayedien,leg_up,-33,-188,-11,0,11,1.1,1,0","nayedien,leg_low,-51,-90,-7,0,11,1,1.1,0","nayedien,foot,-71,-12,-6,1,14,1,1,0","nayedien,leg_up,60,-190,23,0,15,1,1,0","nayedien,leg_low,71,-89,-7,0,14,0.9,1.1,0","nayedien,foot,74,-14,4,0,16,1,1,0",,,"nayedien,cloak,-50,-293,-9,0,17,1.4,1.4,0",,,,,,,,,,,,,,,,,,,,,,,,,,,,,,,,,,,,,,,,,,,,,,,,,,,,,,,,,,,,,,,,,,,,,,,,,,,,,,,,,,,,,,,,,,,,,,,,,,,play_time_mod_0.5,,
Damaged/5,"nayedien,head,-13,-506,1,0,7,1,1,0","nayedien,neck,-4,-456,5,0,10,1,1,0","nayedien,body,1,-327,0,0,9,1,1,0","nayedien,arm_up,-101,-359,-18,0,5,1.1,1,0","nayedien,arm_low,-99,-294,53,0,7,1,1,0","nayedien,open,-42,-239,29,0,8,0.9,0.9,0","nayedien,arm_up,86,-374,17,1,10,0.9,1.1,0","nayedien,arm_low,118,-282,22,1,15,0.9,0.9,0","nayedien,open,147,-206,27,1,16,0.9,0.9,0","nayedien,leg_up,-31,-188,-9,0,11,1.1,1,0","nayedien,leg_low,-48,-90,-5,0,11,1,1.1,0","nayedien,foot,-66,-12,-6,1,14,1,1,0","nayedien,leg_up,56,-192,16,0,15,1,1,0","nayedien,leg_low,67,-87,-2,0,14,0.9,1.1,0","nayedien,foot,77,-10,8,0,16,1,1,0",,,"nayedien,cloak,-45,-289,-7,0,17,1.4,1.4,0",,,,,,,,,,,,,,,,,,,,,,,,,,,,,,,,,,,,,,,,,,,,,,,,,,,,,,,,,,,,,,,,,,,,,,,,,,,,,,,,,,,,,,,,,,,,,,,,,,,play_time_mod_0.5,,
Damaged/6,"nayedien,head,-16,-506,6,0,7,1,1,0","nayedien,neck,-4,-456,5,0,10,1,1,0","nayedien,body,1,-330,1,0,9,1,1,0","nayedien,arm_up,-101,-359,-15,0,5,1.1,1,0","nayedien,arm_low,-99,-293,52,0,7,1,1,0","nayedien,open,-42,-236,28,0,8,0.9,0.9,0","nayedien,arm_up,84,-371,9,1,10,0.9,1.1,0","nayedien,arm_low,96,-282,2,1,15,0.9,0.9,0","nayedien,fist,94,-214,-5,1,16,0.9,0.9,0","nayedien,leg_up,-31,-188,-9,0,11,1.1,1,0","nayedien,leg_low,-48,-90,-5,0,11,1,1.1,0","nayedien,foot,-66,-12,-6,1,14,1,1,0","nayedien,leg_up,54,-193,16,0,15,1,1,0","nayedien,leg_low,67,-87,-2,0,14,0.9,1.1,0","nayedien,foot,77,-10,8,0,16,1,1,0",,,"nayedien,cloak,-42,-289,-5,0,17,1.4,1.4,0",,,,,,,,,,,,,,,,,,,,,,,,,,,,,,,,,,,,,,,,,,,,,,,,,,,,,,,,,,,,,,,,,,,,,,,,,,,,,,,,,,,,,,,,,,,,,,,,,,,,,
EXCLUDE_Rest/0,"nayedien,head,17.6,-506.6,1,0,9,1,1,0","nayedien,neck,14.4,-446,-6,0,10,1,1,0","nayedien,body,-3.6,-314.8,-10,0,9,1,1,0",,"nayedien,arm_low,-37.2,-268,38,0,9,1,1,0","nayedien,open,7.2,-208,56,0,8,1,1,0",,"nayedien,arm_low,72.4,-268.4,-39,1,8,1,1,0","nayedien,fist,24.8,-208.4,-65,1,9,1,1,0","nayedien,leg_up,-22.8,-210.8,44,0,11,1,1,0","nayedien,leg_low,6.4,-112,-9,0,11,1,1,0","nayedien,foot,-1.6,-48,-9,0,14,1,1,0","nayedien,leg_up,48.8,-202.8,50,0,15,1,1,0","nayedien,leg_low,94.4,-111.2,1,0,14,1,1,0","nayedien,foot,96.8,-43.6,1,0,16,1,1,0",,,,,,,,,,,,,,,,,,,,,,,,,,,,,,,,,,,,,,,,,,,,,,,,,,,,,,,,,,,,"nayedien,hammer_active,-63.2,-110,153,0,30,1,1,0",,,,,,,,,,,,,,,,,,,,,,,,,,,,,,,,,,,,,,,,,,,,
EXCLUDE_Rest/1,"nayedien,head,16.6,-503.2,1,0,9,1,1,0","nayedien,neck,13.4,-442.4,-6,0,10,1,1,0","nayedien,body,-4.6,-313.2,-10,0,9,1,1,0",,"nayedien,arm_low,-38.2,-264.4,42,0,9,1,1,0","nayedien,open,8.2,-208.4,59,0,8,1,1,0",,"nayedien,arm_low,71.4,-265,-44,1,8,1,1,0","nayedien,fist,23.8,-206.6,-61,1,9,1,1,0","nayedien,leg_up,-23.8,-211.2,44,0,11,1,1,0","nayedien,leg_low,5.4,-112.6,-12,0,11,1,1,0","nayedien,foot,-6.6,-48.6,-9,0,14,1,1,0","nayedien,leg_up,47.8,-203.2,50,0,15,1,1,0","nayedien,leg_low,93.4,-115.6,2,0,14,1,1,0","nayedien,foot,97.8,-46,6,0,16,1,1,0",,,,,,,,,,,,,,,,,,,,,,,,,,,,,,,,,,,,,,,,,,,,,,,,,,,,,,,,,,,,"nayedien,hammer_active,-63.2,-110,153,0,30,1,1,0",,,,,,,,,,,,,,,,,,,,,,,,,,,,,,,,,,,,,,,,,,play_time_mod_1.2,,
EXCLUDE_Rest/2,"nayedien,head,16.4,-498.2,1,0,9,1,1,0","nayedien,neck,13.2,-439.6,-6,0,10,1,1,0","nayedien,body,-4.8,-308.4,-9,0,9,1,1,0",,"nayedien,arm_low,-38.4,-259.6,44,0,9,1,1,0","nayedien,open,10,-207.6,61,0,8,1,1,0",,"nayedien,arm_low,71.2,-260,-44,1,8,1,1,0","nayedien,fist,23.6,-204,-65,1,9,1,1,0","nayedien,leg_up,-24,-210.4,46,0,11,1,1,0","nayedien,leg_low,1.2,-111.6,-14,0,11,1,1,0","nayedien,foot,-12.8,-47.6,-9,0,14,1,1,0","nayedien,leg_up,47.6,-202.4,52,0,15,1,1,0","nayedien,leg_low,95.2,-116.8,4,0,14,1,1,0","nayedien,foot,101.6,-45.2,3,0,16,1,1,0",,,,,,,,,,,,,,,,,,,,,,,,,,,,,,,,,,,,,,,,,,,,,,,,,,,,,,,,,,,,"nayedien,hammer_active,-63.2,-110,153,0,30,1,1,0",,,,,,,,,,,,,,,,,,,,,,,,,,,,,,,,,,,,,,,,,,play_time_mod_1.5,,
EXCLUDE_Rest/3,"nayedien,head,16.4,-494.2,1,0,9,1,1,0","nayedien,neck,13.2,-435.6,-6,0,10,1,1,0","nayedien,body,-4.8,-304.4,-10,0,9,1,1,0",,"nayedien,arm_low,-38.4,-253.6,47,0,9,1,1,0","nayedien,open,16,-203.6,65,0,8,1,1,0",,"nayedien,arm_low,71.2,-256,-48,1,8,1,1,0","nayedien,fist,23.6,-204,-67,1,9,1,1,0","nayedien,leg_up,-24,-210.4,46,0,11,1,1,0","nayedien,leg_low,-2.8,-111.6,-16,0,11,1,1,0","nayedien,foot,-20.8,-47.6,-9,0,14,1,1,0","nayedien,leg_up,47.6,-202.4,52,0,15,1,1,0","nayedien,leg_low,97.2,-114.8,6,0,14,1,1,0","nayedien,foot,103.6,-43.2,7,0,16,1,1,0",,,,,,,,,,,,,,,,,,,,,,,,,,,,,,,,,,,,,,,,,,,,,,,,,,,,,,,,,,,,"nayedien,hammer_active,-63.2,-110,153,0,30,1,1,0",,,,,,,,,,,,,,,,,,,,,,,,,,,,,,,,,,,,,,,,,,play_time_mod_1.8,,
EXCLUDE_Rest/4,"nayedien,head,16.4,-490.2,1,0,9,1,1,0","nayedien,neck,13.2,-431.6,-6,0,10,1,1,0","nayedien,body,-4.8,-300.4,-10,0,9,1,1,0",,"nayedien,arm_low,-38.4,-247.6,49,0,9,1,1,0","nayedien,open,16,-199.6,66,0,8,1,1,0",,"nayedien,arm_low,71.2,-252,-48,1,8,1,1,0","nayedien,fist,23.6,-202,-73,1,9,1,1,0","nayedien,leg_up,-24,-210.4,46,0,11,1,1,0","nayedien,leg_low,-2.8,-111.6,-16,0,11,1,1,0","nayedien,foot,-20.8,-47.6,-9,0,14,1,1,0","nayedien,leg_up,47.6,-202.4,52,0,15,1,1,0","nayedien,leg_low,97.2,-114.8,6,0,14,1,1,0","nayedien,foot,103.6,-43.2,7,0,16,1,1,0",,,,,,,,,,,,,,,,,,,,,,,,,,,,,,,,,,,,,,,,,,,,,,,,,,,,,,,,,,,,"nayedien,hammer_active,-63.2,-110,153,0,30,1,1,0",,,,,,,,,,,,,,,,,,,,,,,,,,,,,,,,,,,,,,,,,,play_time_mod_1.5,,
EXCLUDE_Rest/5,"nayedien,head,16.2,-495.4,1,0,9,1,1,0","nayedien,neck,13,-436.6,-6,0,10,1,1,0","nayedien,body,-5,-305.6,-10,0,9,1,1,0",,"nayedien,arm_low,-38.4,-253.6,47,0,9,1,1,0","nayedien,open,16,-203.6,65,0,8,1,1,0",,"nayedien,arm_low,71,-257.2,-48,1,8,1,1,0","nayedien,fist,23.4,-207.2,-73,1,9,1,1,0","nayedien,leg_up,-24.2,-211.6,46,0,11,1,1,0","nayedien,leg_low,-3,-112.8,-16,0,11,1,1,0","nayedien,foot,-21,-48.8,-9,0,14,1,1,0","nayedien,leg_up,47.4,-203.6,52,0,15,1,1,0","nayedien,leg_low,95,-115.8,6,0,14,1,1,0","nayedien,foot,101.4,-44.2,7,0,16,1,1,0",,,,,,,,,,,,,,,,,,,,,,,,,,,,,,,,,,,,,,,,,,,,,,,,,,,,,,,,,,,,"nayedien,hammer_active,-63.2,-110,153,0,30,1,1,0",,,,,,,,,,,,,,,,,,,,,,,,,,,,,,,,,,,,,,,,,,play_time_mod_1.2,,
EXCLUDE_Rest/6,"nayedien,head,16.6,-498.2,1,0,9,1,1,0","nayedien,neck,13.4,-440.2,-6,0,10,1,1,0","nayedien,body,-4.6,-308.2,-9,0,9,1,1,0",,"nayedien,arm_low,-38.2,-264.2,42,0,9,1,1,0","nayedien,open,10,-207.6,61,0,8,1,1,0",,"nayedien,arm_low,71.4,-262.2,-44,1,8,1,1,0","nayedien,fist,23.8,-210.2,-71,1,9,1,1,0","nayedien,leg_up,-23.8,-210.2,46,0,11,1,1,0","nayedien,leg_low,1.4,-112,-14,0,11,1,1,0","nayedien,foot,-12.6,-48,-9,0,14,1,1,0","nayedien,leg_up,47.8,-202.2,52,0,15,1,1,0","nayedien,leg_low,91.4,-115,4,0,14,1,1,0","nayedien,foot,97.8,-43,3,0,16,1,1,0",,,,,,,,,,,,,,,,,,,,,,,,,,,,,,,,,,,,,,,,,,,,,,,,,,,,,,,,,,,,"nayedien,hammer_active,-63.2,-110,153,0,30,1,1,0",,,,,,,,,,,,,,,,,,,,,,,,,,,,,,,,,,,,,,,,,,,,
EXCLUDE_Rest/7,"nayedien,head,16.2,-502,1,0,9,1,1,0","nayedien,neck,13,-441.4,-6,0,10,1,1,0","nayedien,body,-5,-312,-10,0,9,1,1,0",,"nayedien,arm_low,-38.6,-263.4,42,0,9,1,1,0","nayedien,open,8.2,-208.4,59,0,8,1,1,0",,"nayedien,arm_low,71,-263.8,-44,1,8,1,1,0","nayedien,fist,23.4,-209.8,-63,1,9,1,1,0","nayedien,leg_up,-24.2,-210.2,44,0,11,1,1,0","nayedien,leg_low,5,-111.2,-12,0,11,1,1,0","nayedien,foot,-7,-47.2,-9,0,14,1,1,0","nayedien,leg_up,47.4,-202.2,50,0,15,1,1,0","nayedien,leg_low,89,-114.6,2,0,14,1,1,0","nayedien,foot,91.4,-42.6,1,0,16,1,1,0",,,,,,,,,,,,,,,,,,,,,,,,,,,,,,,,,,,,,,,,,,,,,,,,,,,,,,,,,,,,"nayedien,hammer_active,-63.2,-110,153,0,30,1,1,0",,,,,,,,,,,,,,,,,,,,,,,,,,,,,,,,,,,,,,,,,,,,
Skill3/0,"nayedien,head,-16,-504,7,0,7,1,1,0","nayedien,neck,-4,-456,5,0,10,1,1,0","nayedien,body,1,-329,1,0,9,1,1,0","nayedien,arm_up,-104,-361,-19,0,5,1.1,1,0","nayedien,arm_low,-109,-291,44,0,7,1,1,0","nayedien,open,-56,-231,38,0,8,0.9,0.9,0","nayedien,arm_up,84,-369,8,1,10,0.9,1.1,0","nayedien,arm_low,97,-280,8,1,15,0.9,0.9,0","nayedien,open,106,-204,7,1,16,0.9,0.9,0","nayedien,leg_up,-31,-188,-8,0,11,1.1,1,0","nayedien,leg_low,-48,-90,-5,0,11,1,1.1,0","nayedien,foot,-66,-12,-6,1,14,1,1,0","nayedien,leg_up,55,-193,17,0,15,1,1,0","nayedien,leg_low,67,-86,-2,0,14,0.9,1.1,0","nayedien,foot,77,-10,9,0,16,1,1,0",,,"nayedien,cloak,-43,-288,-6,0,17,1.4,1.4,0",,,,,,,,,,,,,,,,,,,,,,,,,,,,,,,,,,,,,,,,,,,,,,,,,,,,,,,,,,,,,,,,,,,,,,,,,,,,,,,,,,,,,,,,,,,,,,,,,,,,,
Skill3/1,"nayedien,head,-14,-505,8,0,7,1,1,0","nayedien,neck,-4,-456,5,0,10,1,1,0","nayedien,body,1,-328,0,0,9,1,1,0","nayedien,arm_up,-104,-363,-21,0,5,1.1,1,0","nayedien,arm_low,-125,-273,4,0,7,1,1,0","nayedien,open,-124,-193,-2,0,8,0.9,0.9,0","nayedien,arm_up,89,-387,28,1,10,0.9,1.1,0","nayedien,arm_low,130,-306,28,1,15,0.9,0.9,0","nayedien,open,165,-238,27,0,16,0.9,0.9,0","nayedien,leg_up,-36,-188,-10,0,11,1.1,1,0","nayedien,leg_low,-53,-90,-9,0,11,1,1.1,0","nayedien,foot,-74,-12,-6,1,14,1,1,0","nayedien,leg_up,57,-193,18,0,15,1,1,0","nayedien,leg_low,69,-86,-4,0,14,0.9,1.1,0","nayedien,foot,77,-10,9,0,16,1,1,0",,,"nayedien,cloak,-43,-290,-8,0,17,1.4,1.4,0",,,,,,,,,,,,,,,,,,,,,,,,,,,,,,,,,,,,,,,,,,,,,,,,,,,,,,,,,,,,,,,,,,,,,,,,,,,,,,,,,,,,,,,,,,,,,,,,,,,,,
Skill3/2,"nayedien,head,-11,-505,5,0,7,1,1,0","nayedien,neck,-4,-456,5,0,10,1,1,0","nayedien,body,1,-328,0,0,9,1,1,0","nayedien,arm_up,-103,-361,-23,0,5,1.1,1,0","nayedien,arm_low,-140,-273,-21,0,7,1,1,0","nayedien,open,-171,-197,-26,1,8,0.9,0.9,0","nayedien,arm_up,89,-382,26,1,10,0.9,1.1,0","nayedien,arm_low,138,-298,41,1,15,0.9,0.9,0","nayedien,open,180,-239,25,0,16,0.9,0.9,0","nayedien,leg_up,-37,-188,-11,0,11,1.1,1,0","nayedien,leg_low,-57,-90,-9,0,11,1,1.1,0","nayedien,foot,-79,-12,-8,1,14,1,1,0","nayedien,leg_up,57,-193,18,0,15,1,1,0","nayedien,leg_low,69,-86,-4,0,14,0.9,1.1,0","nayedien,foot,77,-10,9,0,16,1,1,0",,,"nayedien,cloak,-43,-290,-8,0,17,1.4,1.4,0","nayedien,sword_arrive_4,-232,-90,-30,0,7,1,1,0","nayedien,sword_arrive_4,252,-131,34,0,15,1,1,0",,,,,,,,,,,,,,,,,,,,,,,,,,,,,,,,,,,,,,,,,,,,,,,,,,,,,,,,,,,,,,,,,,,,,,,,,,,,,,,,,,,,,,,,,,,,,,,,,play_time_mod_0.5,,"weapon_summon,2000,0"
Skill3/3,"nayedien,head,1,-503,0,0,7,1,1,0","nayedien,neck,4,-453,5,0,10,1,1,0","nayedien,body,7,-327,-2,0,9,1,1,0","nayedien,arm_up,-94,-364,-25,0,5,1.1,1,0","nayedien,arm_low,-133,-277,-23,0,7,1,1,0","nayedien,open,-168,-203,-28,1,8,0.9,0.9,0","nayedien,arm_up,96,-372,24,1,10,0.9,1.1,0","nayedien,arm_low,137,-286,37,1,15,0.9,0.9,0","nayedien,open,180,-228,35,0,16,0.9,0.9,0","nayedien,leg_up,-37,-188,-11,0,11,1.1,1,0","nayedien,leg_low,-57,-90,-9,0,11,1,1.1,0","nayedien,foot,-79,-12,-8,1,14,1,1,0","nayedien,leg_up,57,-193,18,0,15,1,1,0","nayedien,leg_low,69,-86,-4,0,14,0.9,1.1,0","nayedien,foot,77,-10,9,0,16,1,1,0",,,"nayedien,cloak,-41,-292,-11,0,17,1.4,1.4,0","nayedien,sword_arrive_3,-271,-131,-57,0,7,1,1,0","nayedien,sword_arrive_3,276,-154,54,0,15,1,1,0",,,,,,,,,,,,,,,,,,,,,,,,,,,,,,,,,,,,,,,,,,,,,,,,,,,,,,,,,,,,,,,,,,,,,,,,,,,,,,,,,,,,,,,,,,,,,,,,,play_time_mod_0.7,,"weapon_summon,2000,0"
Skill3/4,"nayedien,head,3,-501,-2,0,7,1,1,0","nayedien,neck,4,-453,5,0,10,1,1,0","nayedien,body,7,-326,-2,0,9,1,1,0","nayedien,arm_up,-91,-358,-18,0,5,1.1,1,0","nayedien,arm_low,-126,-268,-34,0,7,1,1,0","nayedien,open,-168,-209,-38,1,8,0.9,0.9,0","nayedien,arm_up,96,-372,19,1,10,0.9,1.1,0","nayedien,arm_low,140,-286,40,1,15,0.9,0.9,0","nayedien,open,186,-231,41,0,16,0.9,0.9,0","nayedien,leg_up,-37,-188,-11,0,11,1.1,1,0","nayedien,leg_low,-57,-90,-9,0,11,1,1.1,0","nayedien,foot,-79,-12,-8,1,14,1,1,0","nayedien,leg_up,57,-193,18,0,15,1,1,0","nayedien,leg_low,69,-86,-4,0,14,0.9,1.1,0","nayedien,foot,77,-10,9,0,16,1,1,0",,,"nayedien,cloak,-42,-292,-14,0,17,1.4,1.4,0","nayedien,sword_arrive_2,-284,-191,-89,0,7,1,1,0","nayedien,sword_arrive_2,300,-214,86,0,11,1,1,0",,,,,,,,,,,,,,,,,,,,,,,,,,,,,,,,,,,,,,,,,,,,,,,,,,,,,,,,,,,,,,,,,,,,,,,,,,,,,,,,,,,,,,,,,,,,,,,,,play_time_mod_0.5,,
Skill3/5,"nayedien,head,10,-501,-4,0,7,1,1,0","nayedien,neck,9,-453,5,0,10,1,1,0","nayedien,body,9,-326,-3,0,9,1,1,0","nayedien,arm_up,-86,-358,-21,0,5,1.1,1,0","nayedien,arm_low,-127,-271,-44,0,7,1,1,0","nayedien,open,-188,-214,-48,1,8,0.9,0.9,0","nayedien,arm_up,98,-370,16,1,10,0.9,1.1,0","nayedien,arm_low,134,-286,46,1,15,0.9,0.9,0","nayedien,open,194,-234,51,0,16,0.9,0.9,0","nayedien,leg_up,-41,-188,-13,0,11,1.1,1,0","nayedien,leg_low,-63,-90,-11,0,11,1,1.1,0","nayedien,foot,-87,-12,-11,1,14,1,1,0","nayedien,leg_up,57,-193,18,0,15,1,1,0","nayedien,leg_low,69,-86,-4,0,14,0.9,1.1,0","nayedien,foot,77,-10,9,0,16,1,1,0",,,"nayedien,cloak,-47,-295,-16,0,17,1.4,1.4,0","nayedien,sword_arrive_1,-292,-262,-118,0,7,1,1,0","nayedien,sword_arrive_1,310,-264,106,0,11,1,1,0",,,,,,,,,,,,,,,,,,,,,,,,,,,,,,,,,,,,,,,,,,,,,,,,,,,,,,,,,,,,,,,,,,,,,,,,,,,,,,,,,,,,,,,,,,,,,,,,,play_time_mod_0.5,,
Skill3/6,"nayedien,head,16,-501,-6,0,7,1,1,0","nayedien,neck,9,-453,5,0,10,1,1,0","nayedien,body,12,-324,-4,0,9,1,1,0","nayedien,arm_up,-88,-364,-23,0,5,1.1,1,0","nayedien,arm_low,-139,-287,-58,0,7,1,1,0","nayedien,fist_back,-201,-250,-58,1,8,0.9,0.9,0","nayedien,arm_up,98,-367,21,1,10,0.9,1.1,0","nayedien,arm_low,139,-291,48,1,15,0.9,0.9,0","nayedien,fist_back,192,-245,45,0,16,0.9,0.9,0","nayedien,leg_up,-43,-188,-14,0,11,1.1,1,0","nayedien,leg_low,-67,-90,-12,0,11,1,1.1,0","nayedien,foot,-95,-12,-11,1,14,1,1,0","nayedien,leg_up,61,-186,20,0,15,1,1,0","nayedien,leg_low,73,-85,-8,0,14,0.9,1.1,0","nayedien,foot,77,-10,9,0,16,1,1,0",,,"nayedien,cloak,-47,-297,-19,0,17,1.4,1.4,0","nayedien,sword,-269,-338,-145,0,10,1,1,0","nayedien,sword,284,-313,128,0,18,1,1,0",,,,,,,,,,,,,,,,,,,,,,,,,,,,,,,,,,,,,,,,,,,,,,,,,,,,,,,,,,,,,,,,,,,,,,,,,,,,,,,,,,,,,,,,,,,,,,,,,,,
Skill3/7,"nayedien,head,21,-496,-8,0,7,1,1,0","nayedien,neck,9,-453,5,0,10,1,1,0","nayedien,body,14,-322,-5,0,9,1,1,0","nayedien,arm_up,-88,-363,-25,0,5,1.1,1,0","nayedien,arm_low,-149,-295,-68,0,7,1,1,0","nayedien,fist_back,-217,-269,-68,1,8,0.9,0.9,0","nayedien,arm_up,103,-379,39,1,10,0.9,1.1,0","nayedien,arm_low,171,-317,71,1,15,0.9,0.9,0","nayedien,fist_back,239,-297,68,0,16,0.9,0.9,0","nayedien,leg_up,-43,-188,-14,0,11,1.1,1,0","nayedien,leg_low,-67,-90,-12,0,11,1,1.1,0","nayedien,foot,-95,-12,-11,1,14,1,1,0","nayedien,leg_up,64,-185,20,0,15,1,1,0","nayedien,leg_low,75,-85,-8,0,14,0.9,1.1,0","nayedien,foot,77,-10,9,0,16,1,1,0",,,"nayedien,cloak,-47,-301,-21,0,17,1.4,1.4,0","nayedien,sword,-268,-368,-155,0,10,1,1,0","nayedien,sword,296,-396,155,0,18,1,1,0",,,,,,,,,,,,,,,,,,,,,,,,,,,,,,,,,,,,,,,,,,,,,,,,,,,,,,,,,,,,,,,,,,,,,,,,,,,,,,,,,,,,,,,,,,,,,,,,,,,
Skill3/8,"nayedien,head,24,-494,-10,0,7,1,1,0","nayedien,neck,9,-453,5,0,10,1,1,0","nayedien,body,14,-322,-5,0,9,1,1,0","nayedien,arm_up,-88,-365,-29,0,5,1.1,1,0","nayedien,arm_low,-154,-305,-78,0,7,1,1,0","nayedien,fist_back,-225,-291,-78,1,8,0.9,0.9,0","nayedien,arm_up,93,-394,59,1,10,0.9,1.1,0","nayedien,arm_low,182,-376,111,1,15,0.9,0.9,0","nayedien,fist_back,246,-404,108,0,16,0.9,0.9,0","nayedien,leg_up,-43,-188,-14,0,11,1.1,1,0","nayedien,leg_low,-67,-90,-12,0,11,1,1.1,0","nayedien,foot,-95,-12,-11,1,14,1,1,0","nayedien,leg_up,64,-185,20,0,15,1,1,0","nayedien,leg_low,75,-85,-8,0,14,0.9,1.1,0","nayedien,foot,77,-10,9,0,16,1,1,0",,,"nayedien,cloak,-47,-301,-21,0,17,1.4,1.4,0","nayedien,sword,-259,-398,-165,0,10,1,1,0","nayedien,sword,216,-507,-160,0,18,1,1,0",,,,,,,,,,,,,,,,,,,,,,,,,,,,,,,,,,,,,,,,,,,,,,,,,,,,,,,,,,,,,,,,,,,,,,,,,,,,,,,,,,,,,,,,,,,,,,,,,,,"swing_flat_small,2500,0"
Skill3/9,"nayedien,head,34,-494,-12,0,7,1,1,0","nayedien,neck,20,-452,5,0,10,1,1,0","nayedien,body,18,-320,-7,0,9,1,1,0","nayedien,arm_up,-82,-362,-19,0,5,1.1,1,0","nayedien,arm_low,-123,-284,-43,0,7,1,1,0","nayedien,fist_back,-177,-232,-43,1,8,0.9,0.9,0","nayedien,arm_up,108,-388,57,1,10,0.9,1.1,0","nayedien,arm_low,192,-342,71,1,15,0.9,0.9,0","nayedien,fist_back,254,-317,58,0,16,0.9,0.9,0","nayedien,leg_up,-43,-188,-14,0,11,1.1,1,0","nayedien,leg_low,-67,-90,-12,0,11,1,1.1,0","nayedien,foot,-95,-12,-11,1,14,1,1,0","nayedien,leg_up,64,-178,22,0,15,1,1,0","nayedien,leg_low,75,-83,-10,0,14,0.9,1.1,0","nayedien,foot,77,-10,9,0,16,1,1,0",,,"nayedien,cloak,-59,-301,-31,0,17,1.4,1.4,0","nayedien,sword_swing,-263,-298,-130,1,10,1,1,0","nayedien,sword_swing,359,-398,133,0,18,1,1.1,0",,,,,,,,,,,,,,,,,,,,,,,,,,,,,,,,,,,,,,,,,,,,,,,,,,,,,,,,,,,,,,,,,,,,,,,,,,,,,,,,,,,,,,,,,,,,,,,,,"play_time_mod_0.1,sprite_deal_damage",,"swing_flat_small,2500,0"
Skill3/10,"nayedien,head,54,-484,-14,0,7,1,1,0","nayedien,neck,40,-442,3,0,10,1,1,0","nayedien,body,25,-315,-11,0,9,1,1,0","nayedien,arm_up,-59,-358,-15,0,5,1.1,1,0","nayedien,arm_low,-83,-267,-11,0,7,1,1,0","nayedien,fist_back,-101,-194,-11,1,8,0.9,0.9,0","nayedien,arm_up,129,-368,27,1,10,0.9,1.1,0","nayedien,arm_low,170,-289,31,1,15,0.9,0.9,0","nayedien,fist_back,202,-226,18,0,16,0.9,0.9,0","nayedien,leg_up,-45,-188,-16,0,11,1.1,1,0","nayedien,leg_low,-72,-90,-16,0,11,1,1.1,0","nayedien,foot,-104,-12,-11,1,14,1,1,0","nayedien,leg_up,64,-178,22,0,15,1,1,0","nayedien,leg_low,75,-83,-10,0,14,0.9,1.1,0","nayedien,foot,77,-10,9,0,16,1,1,0",,,"nayedien,cloak,-62,-304,-36,0,17,1.4,1.4,0","nayedien,sword_swing,-213,-171,-80,1,10,1,1,0","nayedien,sword_swing,331,-222,93,0,18,1,1.1,0",,,,,,,,,,,,,,,,,,,,,,,,,,,,,,,,,,,,,,,,,,,,,,,,,,,,,,,,,,,,,,,,,,,,,,,,,,,,,,,,,,,,,,,,,,,,,,,,,"play_time_mod_0.3,sprite_deal_damage",,
Skill3/11,"nayedien,head,64,-484,-16,0,7,1,1,0","nayedien,neck,45,-442,3,0,10,1,1,0","nayedien,body,30,-315,-13,0,9,1,1,0","nayedien,arm_up,-39,-348,15,0,5,1.1,1,0","nayedien,arm_low,-15,-257,19,0,7,1,1,0","nayedien,fist,6,-184,-1,0,8,0.9,0.9,0","nayedien,arm_up,125,-348,11,1,10,0.9,1.1,0","nayedien,arm_low,137,-254,1,1,15,0.9,0.9,0","nayedien,fist_back,132,-184,-12,0,16,0.9,0.9,0","nayedien,leg_up,-48,-188,-18,0,11,1.1,1,0","nayedien,leg_low,-78,-90,-16,0,11,1,1.1,0","nayedien,foot,-109,-14,-11,1,14,1,1,0","nayedien,leg_up,64,-178,22,0,15,1,1,0","nayedien,leg_low,75,-83,-10,0,14,0.9,1.1,0","nayedien,foot,77,-10,9,0,16,1,1,0",,,"nayedien,cloak,-62,-307,-44,0,17,1.4,1.4,0","nayedien,sword_swing,0,-78,-10,1,10,1,1,0","nayedien,sword_swing,219,-97,43,0,18,1,1.1,0",,,,,,,,,,,,,,,,,,,,,,,,,,,,,,,,,,,,,,,,,,,,,,,,,,,,,,,,,,,,,,,,,,,,,,,,,,,,,,,,,,,,,,,,,,,,,,,,,"play_time_mod_0.2,sprite_deal_damage",,
Skill3/12,"nayedien,head,64,-482,-18,0,7,1,1,0","nayedien,neck,45,-442,3,0,10,1,1,0","nayedien,body,30,-315,-13,0,9,1,1,0","nayedien,arm_up,-24,-354,23,0,5,1.1,1,0","nayedien,arm_low,15,-267,19,0,7,1,1,0","nayedien,fist,37,-194,-1,0,8,0.9,0.9,0","nayedien,arm_up,115,-342,-9,1,10,0.9,1.1,0","nayedien,arm_low,101,-260,-10,1,12,0.9,0.9,0","nayedien,fist_back,82,-192,-23,0,13,0.9,0.9,0","nayedien,leg_up,-48,-188,-18,0,11,1.1,1,0","nayedien,leg_low,-78,-90,-16,0,11,1,1.1,0","nayedien,foot,-109,-14,-11,1,14,1,1,0","nayedien,leg_up,64,-178,22,0,16,1,1,0","nayedien,leg_low,75,-83,-10,0,15,0.9,1.1,0","nayedien,foot,77,-10,9,0,17,1,1,0",,,"nayedien,cloak,-90,-328,-63,1,17,1.4,1.4,0","nayedien,sword,79,-87,19,1,10,1,1,0","nayedien,sword,123,-81,16,0,15,1.1,1,0",,,,,,,,,,,,,,,,,,,,,,,,,,,,,,,,,,,,,,,,,,,,,,,,,,,,,,,,,,,,,,,,,,,,,,,,,,,,,,,,,,,,,,,,,,,,,,,,,sprite_deal_damage,,
Skill3/13,"nayedien,head,66,-479,-21,0,7,1,1,0","nayedien,neck,45,-442,3,0,10,1,1,0","nayedien,body,30,-315,-14,0,9,1,1,0","nayedien,arm_up,-21,-354,27,0,5,1.1,1,0","nayedien,arm_low,17,-267,17,0,7,1,1,0","nayedien,fist,35,-194,-5,0,8,0.9,0.9,0","nayedien,arm_up,114,-342,-9,1,10,0.9,1.1,0","nayedien,arm_low,99,-257,-15,1,12,0.9,0.9,0","nayedien,fist_back,78,-192,-25,0,13,0.9,0.9,0","nayedien,leg_up,-48,-188,-18,0,11,1.1,1,0","nayedien,leg_low,-78,-90,-16,0,11,1,1.1,0","nayedien,foot,-109,-14,-11,1,14,1,1,0","nayedien,leg_up,64,-178,22,0,16,1,1,0","nayedien,leg_low,75,-83,-10,0,15,0.9,1.1,0","nayedien,foot,77,-10,9,0,17,1,1,0",,,"nayedien,cloak,-90,-333,-64,1,17,1.4,1.4,0","nayedien,sword,79,-87,21,1,10,1,1,0","nayedien,sword,115,-81,14,0,15,1.1,1,0",,,,,,,,,,,,,,,,,,,,,,,,,,,,,,,,,,,,,,,,,,,,,,,,,,,,,,,,,,,,,,,,,,,,,,,,,,,,,,,,,,,,,,,,,"sound_burst_medium,base,97,-102,0,0,0,1,1,1",,,,,,,,,,"clink,1500,0"
Skill3/14,"nayedien,head,64,-479,-16,0,7,1,1,0","nayedien,neck,45,-442,3,0,10,1,1,0","nayedien,body,30,-315,-13,0,9,1,1,0","nayedien,arm_up,-23,-354,26,0,5,1.1,1,0","nayedien,arm_low,15,-267,17,0,7,1,1,0","nayedien,open,31,-187,-5,0,8,0.9,0.9,0","nayedien,arm_up,114,-342,-7,1,10,0.9,1.1,0","nayedien,arm_low,102,-257,-11,1,12,0.9,0.9,0","nayedien,open,83,-189,-24,0,13,0.9,0.9,0","nayedien,leg_up,-48,-188,-18,0,11,1.1,1,0","nayedien,leg_low,-78,-90,-16,0,11,1,1.1,0","nayedien,foot,-109,-14,-11,1,14,1,1,0","nayedien,leg_up,64,-178,22,0,16,1,1,0","nayedien,leg_low,75,-83,-10,0,15,0.9,1.1,0","nayedien,foot,77,-10,9,0,17,1,1,0",,,"nayedien,cloak,-92,-304,-55,1,17,1.4,1.4,0","nayedien,sword_arrive_1,79,-87,20,1,10,1,1,0","nayedien,sword_arrive_1,115,-81,14,0,15,1.1,1,0",,,,,,,,,,,,,,,,,,,,,,,,,,,,,,,,,,,,,,,,,,,,,,,,,,,,,,,,,,,,,,,,,,,,,,,,,,,,,,,,,,,,,,,,,,,,,,,,,play_time_mod_1.5,,
Skill3/15,"nayedien,head,52,-489,-9,0,7,1,1,0","nayedien,neck,33,-452,10,0,10,1,1,0","nayedien,body,24,-318,-9,0,9,1,1,0","nayedien,arm_up,-43,-346,4,0,5,1.1,1,0","nayedien,arm_low,-29,-267,17,0,7,1,1,0","nayedien,open,-13,-187,-5,0,8,0.9,0.9,0","nayedien,arm_up,111,-345,0,1,10,0.9,1.1,0","nayedien,arm_low,114,-259,10,1,12,0.9,0.9,0","nayedien,open,125,-189,8,1,13,0.9,0.9,0","nayedien,leg_up,-45,-188,-14,0,11,1.1,1,0","nayedien,leg_low,-72,-90,-13,0,11,1,1.1,0","nayedien,foot,-102,-14,-11,1,14,1,1,0","nayedien,leg_up,64,-178,22,0,16,1,1,0","nayedien,leg_low,75,-83,-10,0,15,0.9,1.1,0","nayedien,foot,77,-10,9,0,17,1,1,0",,,"nayedien,cloak,-72,-304,-38,0,17,1.4,1.4,0","nayedien,sword_arrive_2,82,-80,19,1,10,1,1,0","nayedien,sword_arrive_2,118,-74,14,0,15,1.1,1,0",,,,,,,,,,,,,,,,,,,,,,,,,,,,,,,,,,,,,,,,,,,,,,,,,,,,,,,,,,,,,,,,,,,,,,,,,,,,,,,,,,,,,,,,,,,,,,,,,,,
Skill3/16,"nayedien,head,35,-496,-4,0,7,1,1,0","nayedien,neck,25,-458,16,0,10,1,1,0","nayedien,body,19,-322,-5,0,9,1,1,0","nayedien,arm_up,-60,-351,1,0,5,1.1,1,0","nayedien,arm_low,-53,-272,14,0,7,1,1,0","nayedien,open,-45,-192,-1,0,8,0.9,0.9,0","nayedien,arm_up,104,-351,3,1,10,0.9,1.1,0","nayedien,arm_low,110,-259,0,1,16,0.9,0.9,0","nayedien,open,109,-189,-2,1,17,0.9,0.9,0","nayedien,leg_up,-45,-188,-14,0,11,1.1,1,0","nayedien,leg_low,-72,-90,-13,0,11,1,1.1,0","nayedien,foot,-102,-14,-11,1,14,1,1,0","nayedien,leg_up,60,-183,18,0,16,1,1,0","nayedien,leg_low,72,-85,-2,0,15,0.9,1.1,0","nayedien,foot,77,-10,9,0,17,1,1,0",,,"nayedien,cloak,-70,-293,-29,0,17,1.4,1.4,0","nayedien,sword_arrive_3,92,-60,19,1,10,1,1,0","nayedien,sword_arrive_3,118,-63,12,0,15,1.1,1,0",,,,,,,,,,,,,,,,,,,,,,,,,,,,,,,,,,,,,,,,,,,,,,,,,,,,,,,,,,,,,,,,,,,,,,,,,,,,,,,,,,,,,,,,,,,,,,,,,,,
Skill3/17,"nayedien,head,16,-503,3,0,7,1,1,0","nayedien,neck,25,-458,16,0,10,1,1,0","nayedien,body,14,-323,-2,0,9,1,1,0","nayedien,arm_up,-74,-355,-7,0,5,1.1,1,0","nayedien,arm_low,-76,-272,24,0,7,1,1,0","nayedien,open,-51,-202,3,0,8,0.9,0.9,0","nayedien,arm_up,99,-359,7,1,10,0.9,1.1,0","nayedien,arm_low,106,-258,-10,1,16,0.9,0.9,0","nayedien,open,90,-193,-17,1,17,0.9,0.9,0","nayedien,leg_up,-41,-188,-8,0,11,1.1,1,0","nayedien,leg_low,-62,-90,-13,0,11,1,1.1,0","nayedien,foot,-91,-14,-9,1,14,1,1,0","nayedien,leg_up,60,-183,18,0,16,1,1,0","nayedien,leg_low,72,-85,-2,0,15,0.9,1.1,0","nayedien,foot,77,-10,9,0,17,1,1,0",,,"nayedien,cloak,-53,-289,-22,0,17,1.4,1.4,0","nayedien,sword_arrive_4,92,-60,19,1,10,1,1,0","nayedien,sword_arrive_4,118,-63,12,0,15,1.1,1,0",,,,,,,,,,,,,,,,,,,,,,,,,,,,,,,,,,,,,,,,,,,,,,,,,,,,,,,,,,,,,,,,,,,,,,,,,,,,,,,,,,,,,,,,,,,,,,,,,,,"weapon_summon2,2000,0"
Skill3/18,"nayedien,head,-16,-504,7,0,7,1,1,0","nayedien,neck,-4,-456,5,0,10,1,1,0","nayedien,body,1,-329,1,0,9,1,1,0","nayedien,arm_up,-104,-361,-19,0,5,1.1,1,0","nayedien,arm_low,-109,-291,44,0,7,1,1,0","nayedien,open,-56,-231,38,0,8,0.9,0.9,0","nayedien,arm_up,84,-369,8,1,10,0.9,1.1,0","nayedien,arm_low,97,-280,8,1,15,0.9,0.9,0","nayedien,open,106,-204,7,1,16,0.9,0.9,0","nayedien,leg_up,-31,-188,-8,0,11,1.1,1,0","nayedien,leg_low,-48,-90,-5,0,11,1,1.1,0","nayedien,foot,-66,-12,-6,1,14,1,1,0","nayedien,leg_up,55,-193,17,0,15,1,1,0","nayedien,leg_low,67,-86,-2,0,14,0.9,1.1,0","nayedien,foot,77,-10,9,0,16,1,1,0",,,"nayedien,cloak,-43,-288,-6,0,17,1.4,1.4,0",,,,,,,,,,,,,,,,,,,,,,,,,,,,,,,,,,,,,,,,,,,,,,,,,,,,,,,,,,,,,,,,,,,,,,,,,,,,,,,,,,,,,,,,,,,,,,,,,,,play_time_mod_1.5,,
Skill1/0,"nayedien,head,-16,-504,7,0,7,1,1,0","nayedien,neck,-4,-456,5,0,10,1,1,0","nayedien,body,1,-329,1,0,9,1,1,0","nayedien,arm_up,-104,-361,-19,0,5,1.1,1,0","nayedien,arm_low,-109,-291,44,0,7,1,1,0","nayedien,open,-56,-231,38,0,8,0.9,0.9,0","nayedien,arm_up,84,-369,8,1,10,0.9,1.1,0","nayedien,arm_low,97,-280,8,1,15,0.9,0.9,0","nayedien,open,106,-204,7,1,16,0.9,0.9,0","nayedien,leg_up,-31,-188,-8,0,11,1.1,1,0","nayedien,leg_low,-48,-90,-5,0,11,1,1.1,0","nayedien,foot,-66,-12,-6,1,14,1,1,0","nayedien,leg_up,55,-193,17,0,15,1,1,0","nayedien,leg_low,67,-86,-2,0,14,0.9,1.1,0","nayedien,foot,77,-10,9,0,16,1,1,0",,,"nayedien,cloak,-43,-288,-6,0,17,1.4,1.4,0",,,,,,,,,,,,,,,,,,,,,,,,,,,,,,,,,,,,,,,,,,,,,,,,,,,,,,,,,,,,,,,,,,,,,,,,,,,,,,,,,,,,,,,,,,,,,,,,,,,play_time_mod_0.8,,
Skill1/1,"nayedien,head,7,-503,-3,0,7,1,1,0","nayedien,neck,16,-456,-3,0,10,1,1,0","nayedien,body,6,-329,-5,0,9,1,1,0","nayedien,arm_up,-89,-368,-19,0,5,1.1,1,0","nayedien,arm_low,-113,-291,13,0,7,1,1,0","nayedien,open,-88,-211,16,0,8,0.9,0.9,0","nayedien,arm_up,88,-369,10,1,10,0.9,1.1,0","nayedien,arm_low,87,-279,-22,1,8,0.9,0.9,0","nayedien,open,48,-205,-23,1,9,0.9,0.9,0","nayedien,leg_up,-44,-188,-10,0,11,1.1,1,0","nayedien,leg_low,-58,-90,-7,0,11,1,1.1,0","nayedien,foot,-80,-12,-8,1,14,1,1,0","nayedien,leg_up,55,-193,17,0,15,1,1,0","nayedien,leg_low,67,-86,-2,0,14,0.9,1.1,0","nayedien,foot,77,-10,9,0,16,1,1,0",,,"nayedien,cloak,-46,-295,-10,0,17,1.4,1.4,0",,,,,,,,,,,,,,,,,,,,,,,,,,,,,,,,,,,,,,,,,,,,,,,,,,,,,,,,,,,,,,,,,,,,,,,,,,,,,,,,,,,,,,,,,,,,,,,,,,,play_time_mod_0.5,,
Skill1/2,"nayedien,head,16,-501,-6,0,7,1,1,0","nayedien,neck,16,-456,-3,0,10,1,1,0","nayedien,body,8,-327,-8,0,9,1,1,0","nayedien,arm_up,-84,-368,-20,0,5,1.1,1,0","nayedien,arm_low,-104,-292,-7,0,7,1,1,0","nayedien,open,-112,-211,-4,1,8,0.9,0.9,0","nayedien,arm_up,93,-361,6,1,10,0.9,1.1,0","nayedien,arm_low,87,-275,-29,1,8,0.9,0.9,0","nayedien,open,44,-206,-29,1,9,0.9,0.9,0","nayedien,leg_up,-50,-188,-10,0,11,1.1,1,0","nayedien,leg_low,-67,-90,-7,0,11,1,1.1,0","nayedien,foot,-89,-12,-8,1,14,1,1,0","nayedien,leg_up,55,-190,21,0,15,1,1,0","nayedien,leg_low,69,-86,-3,0,14,0.9,1.1,0","nayedien,foot,77,-10,9,0,16,1,1,0",,,"nayedien,cloak,-44,-295,-12,0,17,1.4,1.4,0","nayedien,mace_arrive_4,-90,-218,-102,0,0,1,1,0",,,,,,,,,,,,,,,,,,,,,,,,,,,,,,,,,,,,,,,,,,,,,,,,,,,,,,,,,,,,,,,,,,,,,,,,,,,,,,,,,,,,,,,,,,,,,,,,,,,,"weapon_summon,2000,0"
Skill1/3,"nayedien,head,24,-499,-8,0,7,1,1,0","nayedien,neck,24,-454,-5,0,10,1,1,0","nayedien,body,10,-325,-9,0,9,1,1,0","nayedien,arm_up,-81,-368,-20,0,5,1.1,1,0","nayedien,arm_low,-104,-292,-10,0,7,1,1,0","nayedien,open,-120,-224,-25,1,8,0.9,0.9,0","nayedien,arm_up,95,-357,2,1,10,0.9,1.1,0","nayedien,arm_low,87,-273,-29,1,4,0.9,0.9,0","nayedien,open,44,-204,-29,1,5,0.9,0.9,0","nayedien,leg_up,-52,-188,-13,0,11,1.1,1,0","nayedien,leg_low,-71,-90,-8,0,11,1,1.1,0","nayedien,foot,-94,-12,-8,1,14,1,1,0","nayedien,leg_up,55,-190,21,0,15,1,1,0","nayedien,leg_low,69,-86,-3,0,14,0.9,1.1,0","nayedien,foot,77,-10,9,0,16,1,1,0",,,"nayedien,cloak,-46,-295,-17,0,17,1.4,1.4,0","nayedien,mace_arrive_3,-81,-217,-103,0,6,1,1,0",,,,,,,,,,,,,,,,,,,,,,,,,,,,,,,,,,,,,,,,,,,,,,,,,,,,,,,,,,,,,,,,,,,,,,,,,,,,,,,,,,,,,,,,,,,,,,,,,,,,
Skill1/4,"nayedien,head,27,-498,-9,0,7,1,1,0","nayedien,neck,24,-454,-5,0,10,1,1,0","nayedien,body,10,-325,-9,0,9,1,1,0","nayedien,arm_up,-81,-369,-21,0,5,1.1,1,0","nayedien,arm_low,-105,-295,-17,0,7,1,1,0","nayedien,open,-123,-224,-27,1,8,0.9,0.9,0","nayedien,arm_up,95,-356,2,1,10,0.9,1.1,0","nayedien,arm_low,86,-273,-31,1,4,0.9,0.9,0","nayedien,open,39,-204,-32,1,5,0.9,0.9,0","nayedien,leg_up,-52,-188,-13,0,11,1.1,1,0","nayedien,leg_low,-71,-90,-8,0,11,1,1.1,0","nayedien,foot,-94,-12,-8,1,14,1,1,0","nayedien,leg_up,55,-190,21,0,15,1,1,0","nayedien,leg_low,69,-86,-3,0,14,0.9,1.1,0","nayedien,foot,77,-10,9,0,16,1,1,0",,,"nayedien,cloak,-46,-295,-17,0,17,1.4,1.4,0","nayedien,mace_arrive_2,-81,-221,-105,0,6,1,1,0",,,,,,,,,,,,,,,,,,,,,,,,,,,,,,,,,,,,,,,,,,,,,,,,,,,,,,,,,,,,,,,,,,,,,,,,,,,,,,,,,,,,,,,,,,,,,,,,,,,,"pierce,2500,0"
Skill1/5,"nayedien,head,30,-496,-10,0,7,1,1,0","nayedien,neck,24,-454,-5,0,10,1,1,0","nayedien,body,10,-323,-9,0,9,1,1,0","nayedien,arm_up,-81,-370,-21,0,5,1.1,1,0","nayedien,arm_low,-107,-302,-19,0,7,1,1,0","nayedien,open,-134,-231,-27,1,8,0.9,0.9,0","nayedien,arm_up,95,-356,2,1,10,0.9,1.1,0","nayedien,arm_low,83,-271,-35,1,4,0.9,0.9,0","nayedien,open,31,-204,-36,1,5,0.9,0.9,0","nayedien,leg_up,-52,-188,-13,0,11,1.1,1,0","nayedien,leg_low,-71,-90,-8,0,11,1,1.1,0","nayedien,foot,-94,-12,-8,1,14,1,1,0","nayedien,leg_up,55,-190,21,0,15,1,1,0","nayedien,leg_low,69,-86,-3,0,14,0.9,1.1,0","nayedien,foot,77,-10,9,0,16,1,1,0",,,"nayedien,cloak,-46,-295,-17,0,17,1.4,1.4,0","nayedien,mace_arrive_1,-83,-225,-105,0,6,1,1,0",,,,,,,,,,,,,,,,,,,,,,,,,,,,,,,,,,,,,,,,,,,,,,,,,,,,,,,,,,,,,,,,,,,,,,,,,,,,,,,,,,,,,,,,,,,,,,,,,,,,
Skill1/6,"nayedien,head,35,-491,-12,0,7,1,1,0","nayedien,neck,24,-454,-5,0,10,1,1,0","nayedien,body,10,-320,-10,0,9,1,1,0","nayedien,arm_up,-80,-372,-24,0,5,1.1,0.9,0","nayedien,arm_low,-107,-311,-19,0,7,1,1,0","nayedien,open,-124,-256,-17,1,8,0.9,0.9,0","nayedien,arm_up,92,-349,0,1,10,0.9,1.1,0","nayedien,arm_low,78,-266,-37,1,4,0.9,0.9,0","nayedien,fist,32,-212,-38,1,5,0.9,0.9,0","nayedien,leg_up,-52,-188,-13,0,11,1.1,1,0","nayedien,leg_low,-71,-90,-8,0,11,1,1.1,0","nayedien,foot,-94,-12,-8,1,14,1,1,0","nayedien,leg_up,55,-190,21,0,15,1,1,0","nayedien,leg_low,69,-86,-3,0,14,0.9,1.1,0","nayedien,foot,77,-10,9,0,16,1,1,0",,,"nayedien,cloak,-46,-295,-17,0,17,1.4,1.4,0","nayedien,mace,-69,-240,-111,0,6,1,1,0",,,,,,,,,,,,,,,,,,,,,,,,,,,,,,,,,,,,,,,,,,,,,,,,,,,,,,,,,,,,,,,,,,,,,,,,,,,,,,,,,,,,,,,,,,,,,,,,,,play_time_mod_0.2,,"pierce,2500,0"
Skill1/7,"nayedien,head,38,-490,-14,0,7,1,1,0","nayedien,neck,24,-454,-5,0,10,1,1,0","nayedien,body,11,-320,-11,0,9,1,1,0","nayedien,arm_up,-73,-367,-4,0,5,1.1,0.9,0","nayedien,arm_low,-77,-300,1,0,7,1,1,0","nayedien,open,-85,-233,-5,1,8,0.9,0.9,0","nayedien,arm_up,113,-349,10,1,10,0.9,1.1,0","nayedien,arm_low,111,-266,-37,1,4,0.9,0.9,0","nayedien,fist,65,-212,-38,1,5,0.9,0.9,0","nayedien,leg_up,-54,-188,-14,0,11,1.1,1,0","nayedien,leg_low,-74,-90,-8,0,11,1,1.1,0","nayedien,foot,-97,-12,-8,1,14,1,1,0","nayedien,leg_up,58,-181,25,0,15,1,1,0","nayedien,leg_low,71,-83,-7,0,14,0.9,1.1,0","nayedien,foot,77,-10,9,0,16,1,1,0",,,"nayedien,cloak,-46,-295,-17,0,17,1.4,1.4,0","nayedien,mace_stab,-39,-225,-102,0,6,1,1,0",,,,,,,,,,,,,,,,,,,,,,,,,,,,,,,,,,,,,,,,,,,,,,,,,,,,,,,,,,,,,,,,,,,,,,,,,,,,,,,,,,,,,,,,,,,,,,,,,,"play_time_mod_0.5,sprite_deal_damage",,"swing_bulk,2500,0"
Skill1/8,"nayedien,head,49,-490,-10,0,7,1,1,0","nayedien,neck,24,-454,-5,0,10,1,1,0","nayedien,body,22,-320,-11,0,9,1,1,0","nayedien,arm_up,-47,-360,16,0,5,1.1,0.9,0","nayedien,arm_low,-27,-295,21,0,7,1,1,0","nayedien,open,-11,-230,15,1,8,0.9,0.9,0","nayedien,arm_up,114,-352,10,1,10,0.9,1.1,0","nayedien,arm_low,129,-265,-5,1,4,0.9,0.9,0","nayedien,fist,117,-209,-28,1,5,0.9,0.9,0","nayedien,leg_up,-56,-188,-14,0,11,1.1,1,0","nayedien,leg_low,-76,-90,-10,0,11,1,1.1,0","nayedien,foot,-102,-12,-8,1,14,1,1,0","nayedien,leg_up,63,-181,26,0,15,1,1,0","nayedien,leg_low,73,-83,-7,0,14,0.9,1.1,0","nayedien,foot,77,-10,9,0,16,1,1,0",,,"nayedien,cloak,-46,-295,-23,0,17,1.4,1.4,0","nayedien,mace_stab,25,-222,-101,0,6,1.1,0.9,0",,,,,,,,,,,,,,,,,,,,,,,,,,,,,,,,,,,,,,,,,,,,,,,,,,,,,,,,,,,,,,,,,,,,,,,,,,,,,,,,,,,,,,,,,,,,,,,,,,sprite_deal_damage,,
Skill1/9,"nayedien,head,36,-497,0,0,7,1,1,0","nayedien,neck,17,-457,5,0,10,1,1,0","nayedien,body,19,-322,-5,0,9,1,1,0","nayedien,arm_up,-38,-356,26,0,5,1.1,0.9,0","nayedien,arm_low,-7,-295,31,0,7,1,1,0","nayedien,open,20,-234,25,1,8,0.9,0.9,0","nayedien,arm_up,102,-379,20,1,10,0.9,1.1,0","nayedien,arm_low,132,-297,5,1,4,0.9,0.9,0","nayedien,fist,129,-239,-18,1,5,0.9,0.9,0","nayedien,leg_up,-56,-188,-14,0,11,1.1,1,0","nayedien,leg_low,-76,-90,-10,0,11,1,1.1,0","nayedien,foot,-102,-12,-8,1,14,1,1,0","nayedien,leg_up,63,-181,26,0,15,1,1,0","nayedien,leg_low,73,-83,-7,0,14,0.9,1.1,0","nayedien,foot,77,-10,9,0,16,1,1,0",,,"nayedien,cloak,-46,-295,-23,0,17,1.4,1.4,0","nayedien,mace_stab,53,-234,-88,0,6,1.2,0.8,0",,,,,,,,,,,,,,,,,,,,,,,,,,,,,,,,,,,,,,,,,,,,,,,,,,,,,,,,,,,,,,,,,,,,,,,,,,,,,,,,,,,,,,,,,,,,,,,,,,"sprite_deal_damage,play_time_mod_0.1",,
Skill1/10,"nayedien,head,13,-497,1,0,7,1,1,0","nayedien,neck,5,-457,6,0,10,1,1,0","nayedien,body,7,-322,-2,0,9,1,1,0","nayedien,arm_up,-43,-347,45,0,5,1.1,0.9,0","nayedien,arm_low,23,-285,51,0,7,1,1,0","nayedien,fist,80,-250,45,0,4,0.9,0.9,0","nayedien,arm_up,91,-381,30,1,10,0.9,1.1,0","nayedien,arm_low,121,-307,-11,1,6,0.9,0.9,0","nayedien,fist_back,99,-245,-28,0,7,0.9,0.9,0","nayedien,leg_up,-56,-188,-14,0,11,1.1,1,0","nayedien,leg_low,-76,-90,-10,0,11,1,1.1,0","nayedien,foot,-102,-12,-8,1,14,1,1,0","nayedien,leg_up,65,-177,28,0,15,1,1,0","nayedien,leg_low,77,-82,-13,0,14,0.9,1.1,0","nayedien,foot,77,-10,8,0,16,1,1,0",,,"nayedien,cloak,-46,-295,-17,0,17,1.4,1.4,0","nayedien,mace_stab,163,-251,97,0,6,1.2,0.8,0",,,,,,,,,,,,,,,,,,,,,,,,,,,,,,,,,,,,,,,,,,,,,,,,,,,,,,,,,,,,,,,,,,,,,,,,,,,,,,,,,,,,,,,,,,,,,,,,,,"sprite_deal_damage,play_time_mod_0.1",,
Skill1/11,"nayedien,head,9,-497,3,0,7,1,1,0","nayedien,neck,5,-457,6,0,10,1,1,0","nayedien,body,4,-322,-1,0,9,1,1,0","nayedien,arm_up,-40,-346,56,0,5,1.1,0.9,0","nayedien,arm_low,40,-294,59,0,7,1.1,1.1,0","nayedien,fist,111,-259,55,0,4,0.9,0.9,0","nayedien,arm_up,85,-388,37,1,10,0.9,1.1,0","nayedien,arm_low,128,-321,21,1,12,0.9,0.9,0","nayedien,fist_back,147,-258,9,0,13,0.9,0.9,0","nayedien,leg_up,-56,-188,-14,0,11,1.1,1,0","nayedien,leg_low,-76,-90,-10,0,11,1,1.1,0","nayedien,foot,-102,-12,-8,1,14,1,1,0","nayedien,leg_up,65,-177,28,0,15,1,1,0","nayedien,leg_low,77,-82,-13,0,14,0.9,1.1,0","nayedien,foot,77,-10,8,0,16,1,1,0",,,"nayedien,cloak,-41,-295,-15,0,17,1.4,1.4,0","nayedien,mace_stab,226,-283,107,0,6,1.1,1,0",,,,,,,,,,,,,,,,,,,,,,,,,,,,,,,,,,,,,,,,,,,,,,,,,,,,,,,,,,,,,,,,,,,,,,,,,,,,,,,,,,,,,,,,,,,,,,,,,,"play_time_mod_0.1,sprite_deal_damage",,
Skill1/12,"nayedien,head,-1,-497,5,0,7,1,1,0","nayedien,neck,5,-457,6,0,10,1,1,0","nayedien,body,0,-322,0,0,9,1,1,0","nayedien,arm_up,-38,-353,64,0,5,1.1,0.9,0","nayedien,arm_low,57,-318,71,0,7,1.1,1.1,0","nayedien,open,138,-290,67,0,8,0.9,0.9,0","nayedien,arm_up,76,-393,41,1,10,0.9,1.1,0","nayedien,arm_low,128,-341,52,1,12,0.9,0.9,0","nayedien,open,185,-293,39,0,13,0.9,0.9,0","nayedien,leg_up,-56,-188,-14,0,11,1.1,1,0","nayedien,leg_low,-76,-90,-10,0,11,1,1.1,0","nayedien,foot,-102,-12,-8,1,14,1,1,0","nayedien,leg_up,67,-180,26,0,15,1,1,0","nayedien,leg_low,77,-82,-13,0,14,0.9,1.1,0","nayedien,foot,77,-10,8,0,16,1,1,0",,,"nayedien,cloak,-41,-285,-5,0,17,1.4,1.4,0","nayedien,mace_stab,377,-306,98,0,6,1,1.1,0","nayedien,darkness_4,539,-343,-10,0,0,1,1,0",,,,,,,,,,,,,,,,,,,,,,,,,,,,,,,,,,,,,,,,,,,,,,,,,,,,,,,,,,,,,,,,,,,,,,,,,,,,,,,,,,,,,,,,,,,,,,,,,"sprite_deal_damage,play_time_mod_0.5",,"wavy_low,2000,0"
Skill1/13,"nayedien,head,-10,-497,7,0,7,1,1,0","nayedien,neck,5,-457,6,0,10,1,1,0","nayedien,body,-3,-322,1,0,9,1,1,0","nayedien,arm_up,-38,-355,69,0,5,1,0.9,0","nayedien,arm_low,57,-324,71,0,7,1.1,1.1,0","nayedien,open,138,-299,75,0,9,0.9,0.9,0","nayedien,arm_up,76,-397,44,1,10,0.8,1.1,0","nayedien,arm_low,136,-347,65,1,12,0.8,0.9,0","nayedien,open,197,-313,59,0,13,0.9,0.9,0","nayedien,leg_up,-56,-188,-14,0,11,1.1,1,0","nayedien,leg_low,-76,-90,-10,0,11,1,1.1,0","nayedien,foot,-102,-12,-8,1,14,1,1,0","nayedien,leg_up,67,-180,26,0,15,1,1,0","nayedien,leg_low,77,-82,-13,0,14,0.9,1.1,0","nayedien,foot,77,-10,8,0,16,1,1,0",,,"nayedien,cloak,-41,-285,-5,0,17,1.4,1.4,0","nayedien,mace_arrive_1,438,-305,98,0,6,0.9,1,0","nayedien,darkness_3,558,-337,-12,0,0,1,1,0",,,,,,,,,,,,,,,,,,,,,,,,,,,,,,,,,,,,,,,,,,,,,,,,,,,,,,,,,,,,,,,,,,,,,,,,,,,,,,,,,,,,,,,,,,,,,,,,,"sprite_deal_damage,play_time_mod_0.5",,
Skill1/14,"nayedien,head,-20,-499,6,0,7,1,1,0","nayedien,neck,-11,-459,5,0,10,1,1,0","nayedien,body,-11,-324,3,0,9,1,1,0","nayedien,arm_up,-38,-348,72,0,5,1,0.9,0","nayedien,arm_low,54,-325,82,0,7,1.1,1.1,0","nayedien,open,141,-307,71,0,7,0.9,0.9,0","nayedien,arm_up,54,-396,39,1,10,0.8,1.1,0","nayedien,arm_low,103,-346,76,1,12,0.8,0.9,0","nayedien,open,173,-325,70,0,13,0.9,0.9,0","nayedien,leg_up,-57,-191,-15,0,11,1.1,1,0","nayedien,leg_low,-79,-93,-11,0,11,1,1.1,0","nayedien,foot,-106,-16,-9,1,14,1,1,0","nayedien,leg_up,64,-181,27,0,15,1,1,0","nayedien,leg_low,74,-82,-15,0,14,0.9,1.1,0","nayedien,foot,73,-11,7,0,16,1,1,0",,,"nayedien,cloak,-44,-286,1,0,17,1.4,1.4,0","nayedien,mace_arrive_2,539,-350,96,0,6,0.7,0.7,0","nayedien,darkness_2,577,-351,-21,0,0,1.4,1.4,0",,,,,,,,,,,,,,,,,,,,,,,,,,,,,,,,,,,,,,,,,,,,,,,,,,,,,,,,,,,,,,,,,,,,,,,,,,,,,,,,,,,,,,,,,,,,,,,,,"sprite_deal_damage,play_time_mod_0.5",,"weapon_summon2,2000,0"
Skill1/15,"nayedien,head,-23,-497,3,0,7,1,1,0","nayedien,neck,-15,-457,6,0,10,1,1,0","nayedien,body,-10,-322,3,0,9,1,1,0","nayedien,arm_up,-80,-345,33,0,5,1,0.9,0","nayedien,arm_low,-25,-294,79,0,7,1,1,0","nayedien,open,58,-278,72,0,9,1,1,0","nayedien,arm_up,54,-399,37,1,10,0.9,1,0","nayedien,arm_low,109,-339,57,1,12,1,1,0","nayedien,open,172,-289,41,0,13,1,1,0","nayedien,leg_up,-54,-188,-13,0,11,1.1,1,0","nayedien,leg_low,-74,-90,-9,0,11,1,1.1,0","nayedien,foot,-98,-14,-8,1,14,1,1,0","nayedien,leg_up,54,-182,19,0,15,1,1,0","nayedien,leg_low,68,-82,-2,0,14,0.9,1.1,0","nayedien,foot,77,-10,8,0,16,1,1,0",,,"nayedien,cloak,-54,-288,-5,0,17,1.4,1.4,0","nayedien,mace_arrive_2,581,-340,96,0,6,0.6,0.6,0","nayedien,darkness_1,586,-348,-20,0,0,1.7,1.7,0",,,,,,,,,,,,,,,,,,,,,,,,,,,,,,,,,,,,,,,,,,,,,,,,,,,,,,,,,,,,,,,,,,,,,,,,,,,,,,,,,,,,,,,,,,,,,,,,,"play_time_mod_0.5,sprite_deal_damage",,
Skill1/16,"nayedien,head,-22,-497,0,0,7,1,1,0","nayedien,neck,-15,-457,6,0,10,1,1,0","nayedien,body,-10,-322,3,0,9,1,1,0","nayedien,arm_up,-94,-350,3,0,5,1,0.9,0","nayedien,arm_low,-72,-279,49,0,7,1,1,0","nayedien,open,-8,-225,42,0,9,1,1,0","nayedien,arm_up,64,-379,17,1,10,0.9,1,0","nayedien,arm_low,102,-304,47,1,12,1,1,0","nayedien,open,155,-244,31,0,13,1,1,0","nayedien,leg_up,-52,-188,-8,0,11,1.1,1,0","nayedien,leg_low,-67,-90,-9,0,11,1,1.1,0","nayedien,foot,-91,-14,-8,1,14,1,1,0","nayedien,leg_up,54,-182,19,0,15,1,1,0","nayedien,leg_low,68,-82,-2,0,14,0.9,1.1,0","nayedien,foot,77,-10,8,0,16,1,1,0",,,"nayedien,cloak,-54,-288,-5,0,17,1.4,1.4,0","nayedien,mace_arrive_4,586,-341,110,0,6,0.4,0.4,0","nayedien,darkness_1,589,-349,-6,0,0,1.2,1.2,0",,,,,,,,,,,,,,,,,,,,,,,,,,,,,,,,,,,,,,,,,,,,,,,,,,,,,,,,,,,,,,,,,,,,,,,,,,,,,,,,,,,,,,,,,,,,,,,,,sprite_deal_damage,,
Skill1/17,"nayedien,head,-16,-504,7,0,7,1,1,0","nayedien,neck,-4,-456,5,0,10,1,1,0","nayedien,body,1,-329,1,0,9,1,1,0","nayedien,arm_up,-104,-361,-19,0,5,1.1,1,0","nayedien,arm_low,-109,-291,44,0,7,1,1,0","nayedien,open,-56,-231,38,0,8,0.9,0.9,0","nayedien,arm_up,84,-369,8,1,10,0.9,1.1,0","nayedien,arm_low,97,-280,8,1,15,0.9,0.9,0","nayedien,open,106,-204,7,1,16,0.9,0.9,0","nayedien,leg_up,-31,-188,-8,0,11,1.1,1,0","nayedien,leg_low,-48,-90,-5,0,11,1,1.1,0","nayedien,foot,-66,-12,-6,1,14,1,1,0","nayedien,leg_up,55,-193,17,0,15,1,1,0","nayedien,leg_low,67,-86,-2,0,14,0.9,1.1,0","nayedien,foot,77,-10,9,0,16,1,1,0",,,"nayedien,cloak,-43,-288,-6,0,17,1.4,1.4,0",,,,,,,,,,,,,,,,,,,,,,,,,,,,,,,,,,,,,,,,,,,,,,,,,,,,,,,,,,,,,,,,,,,,,,,,,,,,,,,,,,,,,,,,,,,,,,,,,,,,,
EVENT_Join/0,"nayedien,head,54,-445,-17,0,7,1,1,0","nayedien,neck,40,-405,-15,0,10,1,1,0","nayedien,body,19,-279,-11,0,9,1,1,0","nayedien,arm_up,-74,-328,-26,0,5,1.1,1,0","nayedien,arm_low,-117,-246,-34,0,7,1,1,0","nayedien,open,-165,-178,-36,1,8,0.9,0.9,0","nayedien,arm_up,94,-304,22,0,10,0.9,1.1,0","nayedien,arm_low,147,-224,54,1,15,0.9,0.9,0","nayedien,open,208,-179,50,0,16,0.9,0.9,0","nayedien,leg_up,-44,-155,-6,0,11,1.1,1,0","nayedien,leg_low,-89,-65,-41,0,11,1,1.1,0","nayedien,foot,-136,-2,-46,0,14,1,1,0","nayedien,leg_up,60,-146,47,0,15,1,1,0","nayedien,leg_low,108,-60,10,0,14,0.9,1.1,0","nayedien,foot,123,11,16,0,16,1,1,0",,,"nayedien,cloak,-31,-247,-11,0,17,1.4,1.4,0",,,,,,,,,,,,,,,,,,,,,,,,,,,,,,,,,,,,,,,,,,,,,,,,,,,,,,,,,,,,,,,,,,,,,,,,,,,,,,,,,,,,,,,,,,,,,,,,,,,play_time_mod_1.5,,
EXCLUDE_UseItem/0,"nayedien,head,5.8,-512.2,3,0,9,1,1,0","nayedien,neck,3.2,-445.6,14,0,10,1,1,0","nayedien,body,5.2,-316.4,0,0,9,1,1,0",,"nayedien,arm_low,-94.4,-283.6,16,1,9,1,1,0","nayedien,open,-51.2,-223.6,39,0,11,1,1,0",,"nayedien,arm_low,89.2,-282,13,1,15,1,1,0","nayedien,open,115.6,-203.2,8,1,16,1,1,0","nayedien,leg_up,-42,-186.4,-19,0,11,1,1,0","nayedien,leg_low,-74.8,-73.6,-13,0,11,1,1,0","nayedien,foot,-86.8,-9.6,-7,0,14,1,1,0","nayedien,leg_up,55.6,-188.4,18,0,15,1,1,0","nayedien,leg_low,81.2,-82.8,11,0,14,1,1,0","nayedien,foot,95.6,-13.2,15,0,16,1,1,0",,,,,,,,,,,,,,,,,,,,,,,,,,,,,,,,,,,,,,,,,,,,,,,,,,,,,,,,,,,,,,,,,,,,,,,,,,,,,,,,,,,,,,,,,,,,,,,,,,,,,,play_time_mod_0.8,,
EXCLUDE_UseItem/1,"nayedien,head,5.8,-512.2,5,0,9,1,1,0","nayedien,neck,3.2,-445.6,14,0,10,1,1,0","nayedien,body,5.2,-316.4,0,0,9,1,1,0",,"nayedien,arm_low,-94.4,-287.6,31,1,11,1,1,0","nayedien,open,-39.2,-241.6,45,0,12,1,1,0",,"nayedien,arm_low,85.2,-282,11,1,15,1,1,0","nayedien,open,111.6,-203.2,6,1,16,1,1,0","nayedien,leg_up,-42,-186.4,-19,0,11,1,1,0","nayedien,leg_low,-74.8,-73.6,-13,0,11,1,1,0","nayedien,foot,-86.8,-9.6,-7,0,14,1,1,0","nayedien,leg_up,55.6,-188.4,18,0,15,1,1,0","nayedien,leg_low,81.2,-82.8,11,0,14,1,1,0","nayedien,foot,95.6,-13.2,15,0,16,1,1,0",,,,,,,,,,,,,,,,,,,,,,,,,,,,,,,,,,,,,,,,,,,,,,,,,,,,,,,,,,,,,,,,,,,,,,,,,,,,,,,,,,,,,,,,,,,,,,,,,,,,,,play_time_mod_0.5,,
EXCLUDE_UseItem/2,"nayedien,head,5.8,-512.2,3,0,9,1,1,0","nayedien,neck,3.2,-445.6,14,0,10,1,1,0","nayedien,body,5.2,-316.4,0,0,9,1,1,0",,"nayedien,arm_low,-94.4,-287.6,27,1,11,1,1,0","nayedien,open,-45.2,-241.6,45,0,12,1,1,0",,"nayedien,arm_low,77.2,-272,-14,1,9,1,1,0","nayedien,open,67.6,-193.2,-17,1,9,1,1,0","nayedien,leg_up,-42,-186.4,-19,0,11,1,1,0","nayedien,leg_low,-74.8,-73.6,-13,0,11,1,1,0","nayedien,foot,-86.8,-9.6,-7,0,14,1,1,0","nayedien,leg_up,55.6,-188.4,18,0,15,1,1,0","nayedien,leg_low,81.2,-82.8,11,0,14,1,1,0","nayedien,foot,95.6,-13.2,15,0,16,1,1,0",,,,,,,,,,,,,,,,,,,,,,,,,,,,,,,,,,,,,,,,,,,,,,,,,,,,,,,,,,,,,,,,,,,,,,,,,,,,,,,,,,,,,,,,,,,,,,,,,,,,,,play_time_mod_1.2,,
EXCLUDE_UseItem/3,"nayedien,head,9.8,-512.2,1,0,9,1,1,0","nayedien,neck,7.2,-445.6,12,0,10,1,1,0","nayedien,body,5.2,-316.4,-2,0,9,1,1,0",,"nayedien,arm_low,-94.4,-289.6,-26,1,11,1,1,0","nayedien,open,-112.4,-204,-16,0,12,1,1,0",,"nayedien,arm_low,71.2,-272,-27,1,9,1,1,0","nayedien,open,49.6,-203.2,-27,1,9,1,1,0","nayedien,leg_up,-42,-186.4,-19,0,11,1,1,0","nayedien,leg_low,-74.8,-73.6,-13,0,11,1,1,0","nayedien,foot,-86.8,-9.6,-7,0,14,1,1,0","nayedien,leg_up,55.6,-188.4,18,0,15,1,1,0","nayedien,leg_low,81.2,-82.8,11,0,14,1,1,0","nayedien,foot,95.6,-13.2,15,0,16,1,1,0",,,,,,,,,,,,,,,,,,,,,,,,,,,,,,,,,,,,,,,,,,,,,,,,,,,,,,,,,,,,,,,,,,,,,,,,,,,,,,,,,,,,"item,template,-90,-210,-55,0,0,1,1,0",,,,,,,,,,,,,,,,,,,,
EXCLUDE_UseItem/4,"nayedien,head,9.8,-512.2,-2,0,9,1,1,0","nayedien,neck,7.2,-445.6,12,0,10,1,1,0","nayedien,body,5.2,-316.4,-2,0,9,1,1,0",,"nayedien,arm_low,-84.4,-281.6,-1,1,11,1,1,0","nayedien,open,-54.4,-208,30,0,8,1,1,0",,"nayedien,arm_low,67.2,-264,-33,1,9,1,1,0","nayedien,open,39.6,-203.2,-29,1,9,1,1,0","nayedien,leg_up,-42,-186.4,-19,0,11,1,1,0","nayedien,leg_low,-74.8,-73.6,-13,0,11,1,1,0","nayedien,foot,-86.8,-9.6,-7,0,14,1,1,0","nayedien,leg_up,55.6,-188.4,18,0,15,1,1,0","nayedien,leg_low,81.2,-82.8,11,0,14,1,1,0","nayedien,foot,95.6,-13.2,15,0,16,1,1,0",,,,,,,,,,,,,,,,,,,,,,,,,,,,,,,,,,,,,,,,,,,,,,,,,,,,,,,,,,,,,,,,,,,,,,,,,,,,,,,,,,,,"item,template,-18,-228,-40,0,0,1,1,0",,,,,,,,,,,,,,,,,,,,
EXCLUDE_UseItem/5,"nayedien,head,9.8,-512.2,-4,0,9,1,1,0","nayedien,neck,7.2,-445.6,12,0,10,1,1,0","nayedien,body,5.2,-316.4,-2,0,9,1,1,0",,"nayedien,arm_low,-68.4,-275.6,17,1,8,1,1,0","nayedien,open,-20.4,-218,54,0,7,1,1,0",,"nayedien,arm_low,67.2,-264,-37,1,9,1,1,0","nayedien,open,27.6,-203.2,-45,1,9,1,1,0","nayedien,leg_up,-42,-186.4,-19,0,11,1,1,0","nayedien,leg_low,-74.8,-73.6,-13,0,11,1,1,0","nayedien,foot,-86.8,-9.6,-7,0,14,1,1,0","nayedien,leg_up,55.6,-188.4,18,0,15,1,1,0","nayedien,leg_low,81.2,-82.8,11,0,14,1,1,0","nayedien,foot,95.6,-13.2,15,0,16,1,1,0",,,,,,,,,,,,,,,,,,,,,,,,,,,,,,,,,,,,,,,,,,,,,,,,,,,,,,,,,,,,,,,,,,,,,,,,,,,,,,,,,,,,"item,template,8,-254,-17,0,0,1,1,0",,,,,,,,,,,,,,,,,,play_time_mod_0.7,,
EXCLUDE_UseItem/6,"nayedien,head,9.8,-512.2,-6,0,9,1,1,0","nayedien,neck,7.2,-445.6,12,0,10,1,1,0","nayedien,body,5.2,-316.4,-2,0,9,1,1,0",,"nayedien,arm_low,-62.4,-271.6,27,1,8,1,1,0","nayedien,open,-8.4,-228,60,0,7,1,1,0",,"nayedien,arm_low,63.2,-266,-47,1,9,1,1,0","nayedien,open,15.6,-223.2,-69,1,9,1,1,0","nayedien,leg_up,-42,-186.4,-19,0,11,1,1,0","nayedien,leg_low,-74.8,-73.6,-13,0,11,1,1,0","nayedien,foot,-86.8,-9.6,-7,0,14,1,1,0","nayedien,leg_up,55.6,-188.4,18,0,15,1,1,0","nayedien,leg_low,81.2,-82.8,11,0,14,1,1,0","nayedien,foot,95.6,-13.2,15,0,16,1,1,0",,,,,,,,,,,,,,,,,,,,,,,,,,,,,,,,,,,,,,,,,,,,,,,,,,,,,,,,,,,,,,,,,,,,,,,,,,,,,,,,,,,,"item,template,16,-266,0,0,0,1,1,0",,,,,,,,,,,,,,,,,,play_time_mod_0.3,,
EXCLUDE_UseItem/7,"nayedien,head,9.8,-512.2,-4,0,9,1,1,0","nayedien,neck,7.2,-445.6,12,0,10,1,1,0","nayedien,body,5.2,-316.4,-2,0,9,1,1,0",,"nayedien,arm_low,-76.4,-261.6,22,1,8,1,1,0","nayedien,open,-34.4,-212,41,0,7,1,1,0",,"nayedien,arm_low,71.2,-256,-30,1,9,1,1,0","nayedien,open,37.2,-194.4,-38,1,9,1,1,0","nayedien,leg_up,-42,-186.4,-19,0,11,1,1,0","nayedien,leg_low,-74.8,-73.6,-13,0,11,1,1,0","nayedien,foot,-86.8,-9.6,-7,0,14,1,1,0","nayedien,leg_up,55.6,-188.4,18,0,15,1,1,0","nayedien,leg_low,81.2,-82.8,11,0,14,1,1,0","nayedien,foot,95.6,-13.2,15,0,16,1,1,0",,,,,,,,,,,,,,,,,,,,,,,,,,,,,,,,,,,,,,,,,,,,,,,,,,,,,,,,,,,,,,,,,,,,,,,,,,,,,,,,,,,,"item,template,16,-280,0,0,0,1,1,0",,,,,,,,,,,,,,,,,,,,
EXCLUDE_UseItem/8,"nayedien,head,5.8,-514.2,1,0,9,1,1,0","nayedien,neck,7.2,-445.6,12,0,10,1,1,0","nayedien,body,5.2,-316.4,0,0,9,1,1,0",,"nayedien,arm_low,-94.4,-261.6,4,1,8,1,1,0","nayedien,open,-58.4,-202,47,0,7,1,1,0",,"nayedien,arm_low,91.2,-262,-13,1,9,1,1,0","nayedien,open,73.2,-194.4,-38,1,9,1,1,0","nayedien,leg_up,-42,-186.4,-19,0,11,1,1,0","nayedien,leg_low,-74.8,-73.6,-13,0,11,1,1,0","nayedien,foot,-86.8,-9.6,-7,0,14,1,1,0","nayedien,leg_up,55.6,-188.4,18,0,15,1,1,0","nayedien,leg_low,81.2,-82.8,11,0,14,1,1,0","nayedien,foot,95.6,-13.2,15,0,16,1,1,0",,,,,,,,,,,,,,,,,,,,,,,,,,,,,,,,,,,,,,,,,,,,,,,,,,,,,,,,,,,,,,,,,,,,,,,,,,,,,,,,,,,,"item,template,16,-326,0,0,0,1,1,0",,,,,,,,,,,,,,,,,,play_time_mod_1.5,,
EXCLUDE_UseItem/9,"nayedien,head,5.8,-514.2,3,0,9,1,1,0","nayedien,neck,7.2,-445.6,12,0,10,1,1,0","nayedien,body,5.2,-316.4,0,0,9,1,1,0","nayedien,arm_up,-72.4,-352.8,-25,0,9,1,1,0","nayedien,arm_low,-118.4,-265.6,-34,1,8,1,1,0","nayedien,open,-142.4,-192,-22,0,7,1,1,0","nayedien,arm_up,65.2,-350.4,48,0,10,1,1,0","nayedien,arm_low,113.2,-264,14,1,9,1,1,0","nayedien,open,141.2,-198.4,18,1,9,1,1,0","nayedien,leg_up,-42,-186.4,-19,0,11,1,1,0","nayedien,leg_low,-74.8,-73.6,-13,0,11,1,1,0","nayedien,foot,-86.8,-9.6,-7,0,14,1,1,0","nayedien,leg_up,55.6,-188.4,18,0,15,1,1,0","nayedien,leg_low,81.2,-82.8,11,0,14,1,1,0","nayedien,foot,95.6,-13.2,15,0,16,1,1,0",,,,,,,,,,,,,,,,,,,,,,,,,,,,,,,,,,,,,,,,,,,,,,,,,,,,,,,,,,,,,,,,,,,,,,,,,,,,,,,,,,,,"item,template,16,-388,0,0,0,1,1,0",,,,,,,,,,"use_item,base,10,-382.8,0,0,0,1,1,0",,,,,,,,,,
EXCLUDE_UseItem/10,"nayedien,head,1.8,-514.2,4,0,9,1,1,0","nayedien,neck,7.2,-445.6,12,0,10,1,1,0","nayedien,body,5.2,-316.4,0,0,9,1,1,0","nayedien,arm_up,-68.4,-352.8,-23,0,9,1,1,0","nayedien,arm_low,-110.4,-265.6,-31,1,8,1,1,0","nayedien,open,-134.4,-192,-19,0,7,1,1,0","nayedien,arm_up,65.2,-350.4,48,0,10,1,1,0","nayedien,arm_low,107.2,-264,11,1,9,1,1,0","nayedien,open,135.2,-198.4,14,1,9,1,1,0","nayedien,leg_up,-42,-186.4,-19,0,11,1,1,0","nayedien,leg_low,-74.8,-73.6,-13,0,11,1,1,0","nayedien,foot,-86.8,-9.6,-7,0,14,1,1,0","nayedien,leg_up,55.6,-188.4,18,0,15,1,1,0","nayedien,leg_low,81.2,-82.8,11,0,14,1,1,0","nayedien,foot,95.6,-13.2,15,0,16,1,1,0",,,,,,,,,,,,,,,,,,,,,,,,,,,,,,,,,,,,,,,,,,,,,,,,,,,,,,,,,,,,,,,,,,,,,,,,,,,,,,,,,,,,"item,template,16,-420,0,0,0,1,1,0",,,,,,,,,,,,,,,,,,,,
