Name,p1_head,p1_neck,p1_body,p1_r_arm_up,p1_r_arm_low,p1_r_hand,p1_l_arm_up,p1_l_arm_low,p1_l_hand,p1_r_leg_up,p1_r_leg_low,p1_r_foot,p1_l_leg_up,p1_l_leg_low,p1_l_foot,p1_main_weapon,p1_sub_weapon,p1_special_1,p1_special_2,p1_special_3,p1_special_4,p1_special_5,p1_special_6,p1_special_7,p1_special_8,p1_special_9,p1_special_10,p2_head,p2_neck,p2_body,p2_r_arm_up,p2_r_arm_low,p2_r_hand,p2_l_arm_up,p2_l_arm_low,p2_l_hand,p2_r_leg_up,p2_r_leg_low,p2_r_foot,p2_l_leg_up,p2_l_leg_low,p2_l_foot,p2_main_weapon,p2_sub_weapon,p2_special_1,p2_special_2,p2_special_3,p2_special_4,p2_special_5,p2_special_6,p2_special_7,p2_special_8,p2_special_9,p2_special_10,p3_head,p3_neck,p3_body,p3_r_arm_up,p3_r_arm_low,p3_r_hand,p3_l_arm_up,p3_l_arm_low,p3_l_hand,p3_r_leg_up,p3_r_leg_low,p3_r_foot,p3_l_leg_up,p3_l_leg_low,p3_l_foot,p3_main_weapon,p3_sub_weapon,p3_special_1,p3_special_2,p3_special_3,p3_special_4,p3_special_5,p3_special_6,p3_special_7,p3_special_8,p3_special_9,p3_special_10,p4_head,p4_neck,p4_body,p4_r_arm_up,p4_r_arm_low,p4_r_hand,p4_l_arm_up,p4_l_arm_low,p4_l_hand,p4_r_leg_up,p4_r_leg_low,p4_r_foot,p4_l_leg_up,p4_l_leg_low,p4_l_foot,p4_main_weapon,p4_sub_weapon,p4_special_1,p4_special_2,p4_special_3,p4_special_4,p4_special_5,p4_special_6,p4_special_7,p4_special_8,p4_special_9,p4_special_10,effect_1,effect_2,effect_3,effect_4,effect_5,effect_6,effect_7,effect_8,frame_property,animation_property,sound_effect
Attack1/0,"adaqua,head,45,-495.4,-1,0,4,1,1,0","adaqua,neck,36.4,-457.6,-19,0,12,1,1,0","adaqua,body,11.6,-336.8,-9,0,13,1,1,0","adaqua,arm_up,-72,-378.4,-39.4,0,8,1,1,0","adaqua,arm_low,-120.8,-295.2,-9,0,7,1,1,0","white_human,fist,-118,-227.6,14,0,10,1,1,0","adaqua,arm_up,101.2,-388.4,57,1,24,1,1,0","adaqua,arm_low,184.4,-355.6,74,1,23,1,1,0","white_human,fist,244.4,-340.8,77,1,21,1,1,0","adaqua,leg_up,-55,-198.4,-20.2,0,15,1,1,0","adaqua,leg_low,-93,-96.4,-20,0,14,1,1,0","adaqua,foot,-92.8,-19.4,-5.1,0,18,1,1,0","adaqua,leg_up,50.4,-191.6,34.7,0,19,1,1,0","adaqua,leg_low,82,-93.4,3,0,18,1,1,0","adaqua,foot,108.2,-20.4,1,0,20,1,1,0","adaqua,base,217.6,-353.2,166,0,22,1,1,0","adaqua,quiver,2.8,-262.8,93,0,24,1,1,0","adaqua,cloak,-92.8,-382,-30,0,5,1,1,0","adaqua,cloak_wide,-47.6,-369.6,25,0,20,1,1,0",,,,,,,,,,,,,,,,,,,,,,,,,,,,,,,,,,,,,,,,,,,,,,,,,,,,,,,,,,,,,,,,,,,,,,,,,,,,,,,,,,,,,,,,,,,,,,,,,,,,
Attack1/1,"adaqua,head,55,-487.4,-4,0,4,1,1,0","adaqua,neck,42.4,-453.6,-19,0,12,1,1,0","adaqua,body,17.6,-336.8,-11,0,13,1,1,0","adaqua,arm_up,-68,-387.4,-47.4,0,8,1,1,0","adaqua,arm_low,-155.8,-320.2,-49,0,7,1,1.2,0","white_human,fist,-205,-261.6,-31,0,10,1,1,0","adaqua,arm_up,111.2,-388.4,67,1,24,1,1,0","adaqua,arm_low,192.4,-369.6,81,1,23,1,1,0","white_human,fist,254.4,-362.8,88,1,21,1,1,0","adaqua,leg_up,-55,-194.4,-24.2,0,15,1,1,0","adaqua,leg_low,-97,-96.4,-24,0,14,1,1,0","adaqua,foot,-98.8,-19.4,-11.1,0,18,1,1,0","adaqua,leg_up,66.4,-189.6,39.7,0,19,1,1,0","adaqua,leg_low,95,-93.4,-4,0,18,1,1,0","adaqua,foot,111.2,-20.4,1,0,20,1,1,0","adaqua,base,219.6,-369.2,176,0,22,1,1,0","adaqua,quiver,2.8,-262.8,91,0,24,1,1,0","adaqua,cloak,-88.8,-386,-35,0,5,1,1,0","adaqua,cloak_wide,-43.6,-371.6,16,0,20,1,1,0","item,adaqua_arrow,-87.6,-232,-95,0,27,1,1,0",,,,,,,,,,,,,,,,,,,,,,,,,,,,,,,,,,,,,,,,,,,,,,,,,,,,,,,,,,,,,,,,,,,,,,,,,,,,,,,,,,,,,,,,,,,,,,,,,play_time_mod_0.7,,
Attack1/2,"adaqua,head,51,-487.4,-1,0,4,1,1,0","adaqua,neck,42.4,-453.6,-19,0,12,1,1,0","adaqua,body,17.6,-336.8,-9,0,13,1,1,0","adaqua,arm_up,-65,-379.4,-43.4,0,8,1,1,0","adaqua,arm_low,-110.8,-305.2,2,0,7,1,1,0","white_human,fist,-103.6,-238.4,3,0,10,1,1,0","adaqua,arm_up,111.2,-398.4,76,1,24,1,1,0","adaqua,arm_low,192.4,-391.6,88,1,23,1,1,0","white_human,fist,254.4,-392.8,95,1,21,1,1,0","adaqua,leg_up,-55,-194.4,-24.2,0,15,1,1,0","adaqua,leg_low,-97,-96.4,-24,0,14,1,1,0","adaqua,foot,-98.8,-19.4,-11.1,0,18,1,1,0","adaqua,leg_up,66.4,-189.6,39.7,0,19,1,1,0","adaqua,leg_low,95,-93.4,-4,0,18,1,1,0","adaqua,foot,111.2,-20.4,1,0,20,1,1,0","adaqua,base,223.6,-407.2,176,0,22,1,1,0","adaqua,quiver,2.8,-262.8,93,0,24,1,1,0","adaqua,cloak,-78.8,-372,-20,0,5,1,1,0","adaqua,cloak_wide,-29.6,-367.6,19,0,20,1,1,0","item,adaqua_arrow,19.2,-250.4,-87,0,11,1,1,0",,,,,,,,,,,,,,,,,,,,,,,,,,,,,,,,,,,,,,,,,,,,,,,,,,,,,,,,,,,,,,,,,,,,,,,,,,,,,,,,,,,,,,,,,,,,,,,,,play_time_mod_0.8,,
Attack1/3,"adaqua,head,49,-487.4,2,0,4,1,1,0","adaqua,neck,42.4,-453.6,-19,0,12,1,1,0","adaqua,body,17.6,-336.8,-9,0,13,1,1,0","adaqua,arm_up,-57,-360.4,-25.4,0,8,1,1,0","adaqua,arm_low,-56.8,-292.2,53,0,7,1,1,0","white_human,fist,-4.8,-253.4,50,0,10,1,1,0","adaqua,arm_up,111.2,-401.4,87,1,24,1,1,0","adaqua,arm_low,198.4,-409.6,93,1,23,1,1,0","white_human,fist,264.4,-410.8,98,1,21,1,1,0","adaqua,leg_up,-55,-194.4,-24.2,0,15,1,1,0","adaqua,leg_low,-97,-96.4,-24,0,14,1,1,0","adaqua,foot,-98.8,-19.4,-11.1,0,18,1,1,0","adaqua,leg_up,66.4,-189.6,42.7,0,19,1,1,0","adaqua,leg_low,103,-93.4,1,0,18,1,1,0","adaqua,foot,127.2,-20.4,1,0,20,1,1,0","adaqua,base,234.6,-427.2,-175,0,22,1,1,0","adaqua,quiver,2.8,-262.8,95,0,24,1,1,0","adaqua,cloak,-70.8,-360,-12,0,5,1,1,0","adaqua,cloak_wide,10.4,-367.6,29,0,26,1,1,0","item,adaqua_arrow,113.2,-286.4,-75,0,11,1,1,0",,,,,,,,,,,,,,,,,,,,,,,,,,,,,,,,,,,,,,,,,,,,,,,,,,,,,,,,,,,,,,,,,,,,,,,,,,,,,,,,,,,,,,,,,,,,,,,,,play_time_mod_0.6,,
Attack1/4,"adaqua,head,46,-487.4,5,0,4,1,1,0","adaqua,neck,42.4,-453.6,-19,0,12,1,1,0","adaqua,body,17.6,-336.8,-9,0,13,1,1,0","adaqua,arm_up,17,-364.4,51,0,8,1,1,0","adaqua,arm_low,99,-318.6,84,0,7,1,1,0","white_human,fist,158.6,-299.6,50,0,10,1,1,0","adaqua,arm_up,111.2,-412.4,93,1,24,1,1,0","adaqua,arm_low,201.4,-431.6,100,1,23,1,1,0","white_human,fist,268.4,-446.8,108,1,21,1,1,0","adaqua,leg_up,-55,-194.4,-24.2,0,15,1,1,0","adaqua,leg_low,-97,-96.4,-24,0,14,1,1,0","adaqua,foot,-98.8,-19.4,-11.1,0,18,1,1,0","adaqua,leg_up,66.4,-189.6,41.7,0,19,1,1,0","adaqua,leg_low,110,-93.4,9,0,18,1,1,0","adaqua,foot,144.2,-20.4,1,0,20,1,1,0","adaqua,base,231.6,-454.2,-163,0,22,1,1,0","adaqua,quiver,2.8,-262.8,95,0,24,1,1,0","adaqua,cloak,-62.8,-358,-6,0,5,1,1,0","adaqua,cloak_wide,10.4,-367.6,29,0,26,1,1,0","item,adaqua_arrow,303.6,-338.4,-75,0,11,1,1,0",,,,,,,,,,,,,,,,,,,,,,,,,,,,,,,,,,,,,,,,,,,,,,,,,,,,,,,,,,,,,,,,,,,,,,,,,,,,,,,,,,,,,,,,,,,,,,,,,play_time_mod_0.5,,
Attack1/5,"adaqua,head,48,-487.4,7,0,4,1,1,0","adaqua,neck,42.4,-453.6,-19,0,12,1,1,0","adaqua,body,17.6,-336.8,-9,0,13,1,1,0","adaqua,arm_up,29,-424.4,106,0,3,1,1,0","adaqua,arm_low,123.8,-445.8,104,0,2,1,1,0","white_human,twopoint,202.4,-477.2,117,0,10,1,1,0","adaqua,arm_up,111.2,-419.4,102,1,24,1,1,0","adaqua,arm_low,201.4,-449.6,108,1,23,1,1,0","white_human,fist_back,268.4,-475.8,111,0,21,1,1,0","adaqua,leg_up,-55,-194.4,-24.2,0,15,1,1,0","adaqua,leg_low,-97,-96.4,-24,0,14,1,1,0","adaqua,foot,-98.8,-19.4,-11.1,0,18,1,1,0","adaqua,leg_up,70.4,-193.6,43.7,0,19,1,1,0","adaqua,leg_low,114,-93.4,6,0,18,1,1,0","adaqua,foot,144.2,-20.4,-1,0,20,1,1,0","adaqua,draw_1,305.4,-528.4,-164,0,22,1,1,0","adaqua,quiver,2.8,-262.8,93,0,24,1,1,0","adaqua,cloak,-46.8,-369,4,0,3,1,1,0","adaqua,cloak_wide,14.4,-367.6,32,0,26,1,1,0",,,,,,,,,,,,,,,,,,,,,,,,,,,,,,,,,,,,,,,,,,,,,,,,,,,,,,,,,,,,,,,,,,,,,,,,,,,,,,,,,,,,,,,,,,,,,,,,,,,,
Attack1/6,"adaqua,head,48,-487.4,11,0,4,1,1,0","adaqua,neck,42.4,-453.6,-19,0,12,1,1,0","adaqua,body,17.6,-336.8,-9,0,13,1,1,0","adaqua,arm_up,25,-424.4,106,0,3,1,1,0","adaqua,arm_low,92.8,-436.8,106,0,2,1,1,0","white_human,twopoint,173.4,-467.2,111,0,10,1,1,0","adaqua,arm_up,111.2,-419.4,102,1,24,1,1,0","adaqua,arm_low,201.4,-449.6,108,1,23,1,1,0","white_human,fist_back,268.4,-475.8,111,0,21,1,1,0","adaqua,leg_up,-55,-194.4,-27.2,0,15,1,1,0","adaqua,leg_low,-105,-96.4,-24,0,14,1,1,0","adaqua,foot,-110.8,-23.4,-13.1,0,18,1,1,0","adaqua,leg_up,70.4,-193.6,43.7,0,19,1,1,0","adaqua,leg_low,113,-93.4,6,0,18,1,1,0","adaqua,foot,143.2,-20.4,-1,0,20,1,1,0","adaqua,draw_2,292.4,-516.4,-164,0,22,1,1,0","adaqua,quiver,2.8,-262.8,93,0,24,1,1,0","adaqua,cloak,-64.8,-380,-10,0,3,1,1,0","adaqua,cloak_wide,14.4,-367.6,35,0,26,1,1,0",,,,,,,,,,,,,,,,,,,,,,,,,,,,,,,,,,,,,,,,,,,,,,,,,,,,,,,,,,,,,,,,,,,,,,,,,,,,,,,,,,,,,,,,,,,,,,,,,,play_time_mod_0.8,,
Attack1/7,"adaqua,head,46,-487.4,12,0,4,1,1,0","adaqua,neck,42.4,-453.6,-19,0,12,1,1,0","adaqua,body,17.6,-336.8,-9,0,13,1,1,0","adaqua,arm_up,-22,-405.4,-72,0,8,0.9,0.9,0","adaqua,arm_low,-7.2,-408.8,104,0,3,1,1.2,0","white_human,twopoint,84.4,-433.2,103,0,2,1,1,0","adaqua,arm_up,118,-419,111,1,24,1,1,0","adaqua,arm_low,203,-463,117,1,23,1,1,0","white_human,fist_back,265,-498,123,0,21,1,1,0","adaqua,leg_up,-55,-194.4,-29.2,0,15,1,1,0","adaqua,leg_low,-115,-100.4,-34,0,14,1,1,0","adaqua,foot,-132.8,-27.4,-19.1,0,18,1,1,0","adaqua,leg_up,70.4,-193.6,43.7,0,19,1,1,0","adaqua,leg_low,112,-93.4,6,0,18,1,1,0","adaqua,foot,142.2,-20.4,-1,0,20,1,1,0","adaqua,draw_3,212,-502,-149,0,22,1,1,0","adaqua,quiver,2.8,-262.8,92,0,24,1,1,0","adaqua,cloak,-88.8,-403,-37,0,1,1,1,0","adaqua,cloak_wide,-29.6,-393.6,17,0,26,1,1,0",,,,,,,,,,,,,,,,,,,,,,,,,,,,,,,,,,,,,,,,,,,,,,,,,,,,,,,,,,,,,,,,,,,,,,,,,,,,,,,,,,,,,,,,,,,,,,,,,,play_time_mod_2,,
Attack1/8,"adaqua,head,46,-487.4,13,0,4,1,1,0","adaqua,neck,42.4,-453.6,-19,0,12,1,1,0","adaqua,body,17.6,-336.8,-9,0,13,1,1,0","adaqua,arm_up,-42,-413.4,-70,0,8,0.9,0.9,0","adaqua,arm_low,-28.2,-418.8,101,0,3,1,1.2,0","white_human,twopoint,56.4,-441.2,103,0,2,1,1,0","adaqua,arm_up,121,-422,112,1,24,1,1,0","adaqua,arm_low,205,-467,118,1,23,1,1,0","white_human,fist_back,268,-500,121,0,21,1,1,0","adaqua,leg_up,-55,-194.4,-29.2,0,15,1,1,0","adaqua,leg_low,-115,-100.4,-34,0,14,1,1,0","adaqua,foot,-132.8,-27.4,-19.1,0,18,1,1,0","adaqua,leg_up,70.4,-193.6,43.7,0,19,1,1,0","adaqua,leg_low,113,-93.4,6,0,18,1,1,0","adaqua,foot,143.2,-20.4,-1,0,20,1,1,0","adaqua,draw_2,287,-551,-153,0,22,1,1,0","adaqua,quiver,2.8,-262.8,92,0,24,1,1,0","adaqua,cloak,-91.8,-432,-52,0,1,1,1,0","adaqua,cloak_wide,-51.6,-411.6,-168,0,26,1,1,0",,,,,,,,,,,,,,,,,,,,,,,,,,,,,,,,,,,,,,,,,,,,,,,,,,,,,,,,,,,,,,,,,,,,,,,,,,,,,,,,,,,,,,,,,,,,,,,,,,play_time_mod_0.5,,"bow_small_loose,1000,1"
Attack1/9,"adaqua,head,46,-487.4,13,0,4,1,1,0","adaqua,neck,42.4,-453.6,-19,0,12,1,1,0","adaqua,body,17.6,-336.8,-9,0,13,1,1,0","adaqua,arm_up,-42,-413.4,-70,0,8,0.9,0.9,0","adaqua,arm_low,-48.2,-413.8,101,0,3,1,1.2,0","white_human,twopoint,29.4,-434.2,104,0,2,1,1,0","adaqua,arm_up,113,-423,111,1,24,1,1,0","adaqua,arm_low,200,-468,116,1,23,1,1,0","white_human,fist_back,266,-502,116,0,21,1,1,0","adaqua,leg_up,-55,-194.4,-29.2,0,15,1,1,0","adaqua,leg_low,-115,-100.4,-34,0,14,1,1,0","adaqua,foot,-132.8,-27.4,-19.1,0,18,1,1,0","adaqua,leg_up,70.4,-193.6,43.7,0,19,1,1,0","adaqua,leg_low,113,-93.4,6,0,18,1,1,0","adaqua,foot,143.2,-20.4,-1,0,20,1,1,0","adaqua,draw_1,294,-565,-155,0,22,1,1,0","adaqua,quiver,2.8,-262.8,92,0,24,1,1,0","adaqua,cloak,-91.8,-432,-52,0,1,1,1,0","adaqua,cloak_wide,-57.6,-441.6,-170,0,26,1,1,0",,,,,,,,,,,,,,,,,,,,,,,,,,,,,,,,,,,,,,,,,,,,,,,,,,,,,,,,,,,,,,,,,,,,,,,,,,,,,,,,,,,,,,,,,,,,,,,,,,play_time_mod_0.2,,
Attack1/10,"adaqua,head,47,-487.4,4,0,4,1,1,0","adaqua,neck,42.4,-453.6,-19,0,12,1,1,0","adaqua,body,17.6,-336.8,-9,0,13,1,1,0","adaqua,arm_up,-76,-425.4,-89,0,8,0.9,0.9,0","adaqua,arm_low,-145.2,-457.8,-136,0,7,1,1,0","white_human,open,-204.4,-510,-126,1,10,1,1,0","adaqua,arm_up,111.2,-418.4,99,1,24,1,1,0","adaqua,arm_low,201.4,-446.6,106,1,23,1,1,0","white_human,fist_back,268,-465,101,0,21,1,1,0","adaqua,leg_up,-55,-194.4,-29.2,0,15,1,1,0","adaqua,leg_low,-115,-100.4,-34,0,14,1,1,0","adaqua,foot,-132.8,-27.4,-19.1,0,18,1,1,0","adaqua,leg_up,70.4,-193.6,45.7,0,19,1,1,0","adaqua,leg_low,117,-97.4,11,0,18,1,1,0","adaqua,foot,151.2,-20.4,-1,0,20,1,1,0","adaqua,base,230.4,-483.4,-173,0,22,1,1,0","adaqua,quiver,2.8,-262.8,92,0,24,1,1,0","adaqua,cloak,-96.8,-464,-141,1,5,1,1,0","adaqua,cloak_wide,-33.6,-451.6,152,0,26,1,1,0",,,,,,,,,,,,,,,,,,,,,,,,,,,,,,,,,,,,,,,,,,,,,,,,,,,,,,,,,,,,,,,,,,,,,,,,,,,,,,,,,,,,,,,,,,"adaqua_arrow,speed,426,-565,-69,0,0,1,1,1",,,,,,,,play_time_mod_0.4,,"pierce_small,1000,1"
Attack1/11,"adaqua,head,51,-487.4,0,0,4,1,1,0","adaqua,neck,42.4,-453.6,-19,0,12,1,1,0","adaqua,body,17.6,-336.8,-9,0,13,1,1,0","adaqua,arm_up,-70,-431.4,-89,0,8,0.9,0.9,0","adaqua,arm_low,-153.2,-454.8,-114,0,7,1,1,0","white_human,open,-223.2,-494,-126,1,10,1,1,0","adaqua,arm_up,117.2,-408.4,93,1,24,1,1,0","adaqua,arm_low,198.4,-423.6,98,1,23,1,1,0","white_human,fist_back,264.4,-430.8,99,0,21,1,1,0","adaqua,leg_up,-61,-194.4,-32.2,0,15,1,1,0","adaqua,leg_low,-125,-100.4,-34,0,14,1,1,0","adaqua,foot,-142.8,-27.4,-23.1,0,18,1,1,0","adaqua,leg_up,70.4,-193.6,45.7,0,19,1,1,0","adaqua,leg_low,117,-97.4,11,0,18,1,1,0","adaqua,foot,151.2,-20.4,-1,0,20,1,1,0","adaqua,base,228.2,-444.6,-169,0,22,1,1,0","adaqua,quiver,2.8,-262.8,92,0,24,1,1,0","adaqua,cloak,-84.8,-482,-155,1,5,1,1,0","adaqua,cloak_wide,-23.6,-471.6,143,0,26,1,1,0",,,,,,,,,,,,,,,,,,,,,,,,,,,,,,,,,,,,,,,,,,,,,,,,,,,,,,,,,,,,,,,,,,,,,,,,,,,,,,,,,,,,,,,,,,,,,,,,,,play_time_mod_0.5,,
Attack1/12,"adaqua,head,33,-491.4,5,0,4,1,1,0","adaqua,neck,28.4,-457.6,-19,0,12,1,1,0","adaqua,body,11.6,-336.8,-5,0,13,1,1,0","adaqua,arm_up,-81,-417.4,-74,0,8,0.9,0.9,0","adaqua,arm_low,-163.2,-416.8,-99,0,7,1,1,0","white_human,open,-241.2,-426,-104,0,10,1,1,0","adaqua,arm_up,109.2,-408.4,70,1,24,1,1,0","adaqua,arm_low,192.4,-387.6,73,1,23,1,1,0","white_human,fist,257.4,-364.8,75,1,21,1,1,0","adaqua,leg_up,-55,-194.4,-22.2,0,15,1,1,0","adaqua,leg_low,-103,-92.4,-27,0,14,1,1,0","adaqua,foot,-116.8,-21.4,-17.1,0,18,1,1,0","adaqua,leg_up,70.4,-195.6,42.7,0,19,1,1,0","adaqua,leg_low,114,-97.4,11,0,18,1,1,0","adaqua,foot,148.2,-20.4,-1,0,20,1,1,0","adaqua,base,235.2,-386.6,161,0,22,1,1,0","adaqua,quiver,2.8,-262.8,90,0,24,1,1,0","adaqua,cloak,-98.8,-456,-137,1,5,1,1,0","adaqua,cloak_wide,-33.6,-453.6,156,0,26,1,1,0",,,,,,,,,,,,,,,,,,,,,,,,,,,,,,,,,,,,,,,,,,,,,,,,,,,,,,,,,,,,,,,,,,,,,,,,,,,,,,,,,,,,,,,,,,,,,,,,,,,,
Attack1/13,"adaqua,head,28,-491.4,7,0,4,1,1,0","adaqua,neck,24.4,-457.6,-16,0,12,1,1,0","adaqua,body,7.6,-332.8,-5,0,13,1,1,0","adaqua,arm_up,-83,-394.4,-60,0,8,0.9,0.9,0","adaqua,arm_low,-150.2,-360.8,-60,0,7,1,1,0","white_human,open,-215.4,-314.8,-53,0,10,1,1,0","adaqua,arm_up,103.2,-398.4,55,1,24,1,1,0","adaqua,arm_low,184.4,-355.6,68,1,23,1,1,0","white_human,fist,242.4,-330.8,68,1,21,1,1,0","adaqua,leg_up,-55,-194.4,-22.2,0,15,1,1,0","adaqua,leg_low,-103,-92.4,-27,0,14,1,1,0","adaqua,foot,-116.8,-21.4,-17.1,0,18,1,1,0","adaqua,leg_up,60.4,-195.6,34.7,0,19,1,1,0","adaqua,leg_low,93,-97.4,5,0,18,1,1,0","adaqua,foot,125.2,-20.4,-1,0,20,1,1,0","adaqua,base,225.2,-367.6,163,0,22,1,1,0","adaqua,quiver,2.8,-262.8,90,0,24,1,1,0","adaqua,cloak,-118.8,-420,-114,1,5,1,1,0","adaqua,cloak_wide,-61.6,-427.6,173,0,26,1,1,0",,,,,,,,,,,,,,,,,,,,,,,,,,,,,,,,,,,,,,,,,,,,,,,,,,,,,,,,,,,,,,,,,,,,,,,,,,,,,,,,,,,,,,,,,,,,,,,,,,,,
Attack1/14,"adaqua,head,20,-491.4,3,0,4,1,1,0","adaqua,neck,16.4,-457.6,-16,0,12,1,1,0","adaqua,body,3.6,-332.8,-2,0,13,1,1,0","adaqua,arm_up,-84,-381.4,-43,0,8,0.9,0.9,0","adaqua,arm_low,-138.2,-321.8,-38,0,7,1,1,0","white_human,open,-175,-253.4,-22,0,10,1,1,0","adaqua,arm_up,103.2,-388.4,51,1,24,1,1,0","adaqua,arm_low,178.4,-349.6,71,1,23,1,1,0","white_human,fist,234.4,-324.8,62,1,21,1,1,0","adaqua,leg_up,-45,-194.4,-13.2,0,15,1,1,0","adaqua,leg_low,-83,-92.4,-27,0,14,1,1,0","adaqua,foot,-88.8,-21.4,-14.1,0,18,1,1,0","adaqua,leg_up,60.4,-195.6,34.7,0,19,1,1,0","adaqua,leg_low,92,-97.4,5,0,18,1,1,0","adaqua,foot,124.2,-20.4,-1,0,20,1,1,0","adaqua,base,209.2,-357.6,160,0,22,1,1,0","adaqua,quiver,2.8,-262.8,93,0,24,1,1,0","adaqua,cloak,-118.8,-386,-42,0,5,1,1,0","adaqua,cloak_wide,-71.6,-379.6,24,0,26,1,1,0",,,,,,,,,,,,,,,,,,,,,,,,,,,,,,,,,,,,,,,,,,,,,,,,,,,,,,,,,,,,,,,,,,,,,,,,,,,,,,,,,,,,,,,,,,,,,,,,,,,,
Default/0,"adaqua,head,6,-511.4,4,0,4,1,1,0","adaqua,neck,1.4,-469.6,-6,0,12,1,1,0","adaqua,body,-4.4,-346.8,0,0,13,1,1,0","adaqua,arm_up,-95,-388.4,-34.4,0,8,1,1,0","adaqua,arm_low,-152.8,-317.2,-38,0,7,1,1,0","white_human,fist,-193.6,-263.2,-39,0,10,1,1,0","adaqua,arm_up,71.2,-392.4,37,1,18,1,1,0","adaqua,arm_low,146.6,-317.2,47,0,18,1,1,0","white_human,fist,197.4,-273.4,50,1,21,1,1,0","adaqua,leg_up,-45,-198.4,-10.2,0,15,1,1,0","adaqua,leg_low,-60,-96.4,-6,0,14,1,1,0","adaqua,foot,-41.8,-19.4,-0.1,0,18,1,1,0","adaqua,leg_up,38.4,-195.6,12.7,0,19,1,1,0","adaqua,leg_low,54,-93.4,6,0,18,1,1,0","adaqua,foot,82.2,-24.4,1,0,20,1,1,0",,,"adaqua,cloak,-116.8,-380,-23,0,5,1,1,0","adaqua,cloak_wide,-75.6,-363.6,16,0,15,1,1,0",,,,,,,,,,,,,,,,,,,,,,,,,,,,,,,,,,,,,,,,,,,,,,,,,,,,,,,,,,,,,,,,,,,,,,,,,,,,,,,,,,,,,,,,,,,,,,,,,,,,
Die/0,"adaqua,angry,12,-502.4,3,0,4,1,1,0","adaqua,neck,6.4,-465.6,-5,0,12,1,1,0","adaqua,body,-4.4,-336.8,-1,0,13,1,1,0","adaqua,arm_up,-81,-365.4,-23.4,0,8,1,1,0","adaqua,arm_low,-121.8,-277.2,-15,0,7,1,1,0","white_human,open,-133,-201.6,-9,0,10,1,1,0","adaqua,arm_up,87.2,-380.4,35,1,24,1,1,0","adaqua,arm_low,164.4,-317.6,66,1,23,1,1,0","white_human,open,238.4,-286.8,74,1,21,1,1,0","adaqua,leg_up,-55,-198.4,-20.2,0,15,1,1,0","adaqua,leg_low,-93,-96.4,-20,0,14,1,1,0","adaqua,foot,-92.8,-19.4,-15.1,0,18,1,1,0","adaqua,leg_up,49.4,-192.6,30.7,0,19,1,1,0","adaqua,leg_low,78,-93.4,3,0,18,1,1,0","adaqua,foot,104.2,-20.4,1,0,20,1,1,0","adaqua,base,209.6,-275.2,145,0,22,1,1,0","adaqua,quiver,2.8,-250.8,87,0,24,1,1,0","adaqua,cloak,-98.8,-354,-7,0,5,1,1,0","adaqua,cloak_wide,-47.6,-351.6,30,0,26,1,1,0",,,,,,,,,,,,,,,,,,,,,,,,,,,,,,,,,,,,,,,,,,,,,,,,,,,,,,,,,,,,,,,,,,,,,,,,,,,,,,,,,,,,,,,,,,,,,,,,,,,,
Die/1,"adaqua,angry,29,-496.4,-3,0,4,1,1,0","adaqua,neck,17.4,-464.6,-11,0,12,1,1,0","adaqua,body,-0.4,-336.8,-5,0,13,1,1,0","adaqua,arm_up,-77,-375.4,-32.4,0,8,1,1,0","adaqua,arm_low,-128.8,-287.2,-18,0,7,1,1,0","white_human,open,-138,-213.6,-2,0,10,1,1,0","adaqua,arm_up,87.2,-370.4,24,1,24,1,1,0","adaqua,arm_low,142.4,-299.6,49,1,23,1,1,0","white_human,open,195.4,-245.8,45,1,21,1,1,0","adaqua,leg_up,-55,-198.4,-15.2,0,15,1,1,0","adaqua,leg_low,-94,-96.4,-26,0,14,1,1,0","adaqua,foot,-97.8,-19.4,-15.1,0,18,1,1,0","adaqua,leg_up,50.4,-191.6,34.7,0,19,1,1,0","adaqua,leg_low,78,-93.4,-6,0,18,1,1,0","adaqua,foot,101.2,-20.4,-2,0,20,1,1,0","adaqua,base,189.6,-265.2,128,0,22,1,1,0","adaqua,quiver,2.8,-236.8,78,0,24,1,1,0","adaqua,cloak,-92.8,-364,-13,0,5,1,1,0","adaqua,cloak_wide,-47.6,-356.6,30,0,26,1,1,0",,,,,,,,,,,,,,,,,,,,,,,,,,,,,,,,,,,,,,,,,,,,,,,,,,,,,,,,,,,,,,,,,,,,,,,,,,,,,,,,,,,,,,,,,,,,,,,,,,hold,,
Die/2,"adaqua,angry,16,-488.4,-1,0,4,1,1,0","adaqua,neck,6.4,-457.6,-5,0,12,1,1,0","adaqua,body,-4.4,-324.8,-1,0,13,1,1,0","adaqua,arm_up,-87,-360.4,-24.4,0,8,1,1,0","adaqua,arm_low,-126.8,-269.2,-11,0,7,1,1,0","white_human,open,-132,-190.6,0,0,10,1,1,0","adaqua,arm_up,87.2,-362.4,24,1,24,1,1,0","adaqua,arm_low,132.4,-287.6,27,1,23,1,1,0","white_human,open,169.4,-214.8,34,1,21,1,1,0","adaqua,leg_up,-47,-198.4,-9.2,0,15,1,1,0","adaqua,leg_low,-88,-92.4,-28,0,14,1,1,0","adaqua,foot,-94.8,-19.4,-14.1,0,18,1,1,0","adaqua,leg_up,50.4,-189.6,40.7,0,19,1,1,0","adaqua,leg_low,78,-92.4,-8,0,18,1,1,0","adaqua,foot,94.2,-20.4,-4,0,20,1,1,0","adaqua,base,209.6,-165.2,107,0,22,1,1,0","adaqua,quiver,2.8,-169.8,98,0,24,1,1,0","adaqua,cloak,-112.8,-362,-24,0,5,1,1,0","adaqua,cloak_wide,-47.6,-371.6,24,0,26,1,1,0",,,,,,,,,,,,,,,,,,,,,,,,,,,,,,,,,,,,,,,,,,,,,,,,,,,,,,,,,,,,,,,,,,,,,,,,,,,,,,,,,,,,,,,,,,,,,,,,,,,,
Die/3,"adaqua,hurt,23,-465.4,-5,0,4,1,1,0","adaqua,neck,12.4,-430.6,-14,0,12,1,1,0","adaqua,body,-4.4,-306.8,-5,0,13,1,1,0","adaqua,arm_up,-81,-354.4,-28.4,0,8,1,1,0","adaqua,arm_low,-117.8,-271.2,-11,0,7,1,1,0","white_human,open,-124,-189.6,-4,0,10,1,1,0","adaqua,arm_up,77.2,-335.4,17,1,24,1,1,0","adaqua,arm_low,120.4,-256.6,31,1,23,1,1,0","white_human,open,160.4,-190.8,38,1,21,1,1,0","adaqua,leg_up,-39,-174.4,1.8,0,15,1,1,0","adaqua,leg_low,-81,-82.4,-44,0,14,1,1,0","adaqua,foot,-99.8,-19.4,-16.1,0,18,1,1,0","adaqua,leg_up,50.4,-177.6,37.7,0,19,1,1,0","adaqua,leg_low,72,-87.4,-12,0,18,1,1,0","adaqua,foot,94.2,-20.4,-4,0,20,1,1,0","adaqua,base,209.6,-93.2,72,0,22,1,1,0","adaqua,quiver,2.8,-124.8,87,0,24,1,1,0","adaqua,cloak,-124.8,-380,-48,0,5,1,1,0","adaqua,cloak_wide,-90.6,-357.6,-168,0,26,1,1,0",,,,,,,,,,,,,,,,,,,,,,,,,,,,,,,,,,,,,,,,,,,,,,,,,,,,,,,,,,,,,,,,,,,,,,,,,,,,,,,,,,,,,,,,,,,,,,,,,,,,
Die/4,"adaqua,close,43,-419.4,-11,0,4,1,1,0","adaqua,neck,26.4,-386.6,-22,0,12,1,1,0","adaqua,body,1.6,-268.8,-9,0,13,1,1,0","adaqua,arm_up,-75,-316.4,-28.4,0,8,1,1,0","adaqua,arm_low,-114.8,-231.2,-11,0,7,1,1,0","white_human,open,-116,-152.6,6,0,10,1,1,0","adaqua,arm_up,80.2,-287.4,5,1,24,1,1,0","adaqua,arm_low,98.4,-207.6,14,1,23,1,1,0","white_human,open,118.4,-131.8,22,1,21,1,1,0","adaqua,leg_up,-33,-136.4,14.8,0,15,1,1,0","adaqua,leg_low,-77,-72.4,-56,0,14,1,1,0","adaqua,foot,-112.8,-19.4,-35.1,0,18,1,1,0","adaqua,leg_up,50.4,-153.6,43.7,0,19,1,1,0","adaqua,leg_low,66,-73.4,-27,0,18,1,1,0","adaqua,foot,70.2,-16.4,-16,0,20,1,1,0","adaqua,base,209.6,-63.2,69,0,22,1,1,0","adaqua,quiver,2.8,-88.8,77,0,24,1,1,0","adaqua,cloak,-118.8,-384,-81,0,5,1,1,0","adaqua,cloak_wide,-63.6,-371.6,176,0,26,1,1,0",,,,,,,,,,,,,,,,,,,,,,,,,,,,,,,,,,,,,,,,,,,,,,,,,,,,,,,,,,,,,,,,,,,,,,,,,,,,,,,,,,,,,,,,,,,,,,,,,,,,
Die/5,"adaqua,close,48,-396.4,-7,0,4,1,1,0","adaqua,neck,34.4,-362.6,-22,0,12,1,1,0","adaqua,body,1.6,-242.8,-12,0,13,1,1,0","adaqua,arm_up,-66,-290.4,-28.4,0,8,1,1,0","adaqua,arm_low,-95.8,-209.2,2,0,7,1,1,0","white_human,open,-86,-131.6,7,0,10,1,1,0","adaqua,arm_up,79.2,-262.4,2,1,24,1,1,0","adaqua,arm_low,94.4,-183.6,11,1,23,1,1,0","white_human,open,110.4,-110.8,19,1,21,1,1,0","adaqua,leg_up,-29,-118.4,29.8,0,15,1,1,0","adaqua,leg_low,-65,-58.4,-75,0,14,1,1,0","adaqua,foot,-115.8,-19.4,-49.1,0,18,1,1,0","adaqua,leg_up,50.4,-129.6,57.7,0,19,1,1,0","adaqua,leg_low,66,-67.4,-30,0,18,1,1,0","adaqua,foot,70.2,-16.4,-16,0,20,1,1,0","adaqua,base,209.6,-63.2,112,0,22,1,1,0","adaqua,quiver,2.8,-64.8,104,0,24,1,1,0","adaqua,cloak,-108.8,-362,-127,1,5,1,1,0","adaqua,cloak_wide,-52.6,-375.6,167,0,26,1,1,0",,,,,,,,,,,,,,,,,,,,,,,,,,,,,,,,,,,,,,,,,,,,,,,,,,,,,,,,,,,,,,,,,,,,,,,,,,,,,,,,,,,,,,,,,,,,,,,,,,,,
Die/6,"adaqua,close,48,-354.4,-8,0,4,1,1,0","adaqua,neck,33.4,-322.6,-22,0,12,1,1,0","adaqua,body,1.6,-202.8,-12,0,13,1,1,0","adaqua,arm_up,-70,-249.4,-28.4,0,8,1,1,0","adaqua,arm_low,-88.8,-168.2,19,0,7,1,1,0","white_human,open,-52,-102.6,36,0,10,1,1,0","adaqua,arm_up,78.2,-224.4,4,1,24,1,1,0","adaqua,arm_low,93.4,-143.6,9,1,23,1,1,0","white_human,open,108.4,-67.8,16,1,21,1,1,0","adaqua,leg_up,-29,-56.4,34.8,0,15,1,1,0","adaqua,leg_low,-54,-21.4,-102,0,14,1,1,0","adaqua,foot,-134.8,-13.4,-114,0,18,1,1,0","adaqua,leg_up,43.4,-97.6,65.7,0,19,1,1,0","adaqua,leg_low,57,-50.4,-50,0,18,1,1,0","adaqua,foot,33.2,6.6,-19,0,20,1,1,0","adaqua,base,209.6,-57.2,91,0,22,1,1,0","adaqua,quiver,4.8,-54.8,88,0,24,1,1,0","adaqua,cloak,-104.8,-327,-138,1,5,1,1,0","adaqua,cloak_wide,-47.6,-335.6,166,0,26,1,1,0",,,,,,,,,,,,,,,,,,,,,,,,,,,,,,,,,,,,,,,,,,,,,,,,,,,,,,,,,,,,,,,,,,,,,,,,,,,,,,,,,,,,,,,,,,,,,,,,,,,,
Die/7,"adaqua,close,48,-343.4,-9,0,4,1,1,0","adaqua,neck,32.4,-309.6,-22,0,12,1,1,0","adaqua,body,1.6,-190.8,-12,0,13,1,1,0","adaqua,arm_up,-62,-237.4,-26.4,0,8,1,1,0","adaqua,arm_low,-70.8,-163.2,36,0,7,1,1,0","white_human,open,-9,-112.6,61,0,10,1,1,0","adaqua,arm_up,79.2,-210.4,2,1,24,1,1,0","adaqua,arm_low,94.4,-125.6,11,1,23,1,1,0","white_human,open,115.4,-46.8,27,1,21,1,1,0","adaqua,leg_up,-25,-57.4,28.8,0,15,1,1,0","adaqua,leg_low,-53,-18.4,-102,0,14,1,1,0","adaqua,foot,-134.8,-13.4,-114,0,18,1,1,0","adaqua,leg_up,42.4,-69.6,72.7,0,19,1,1,0","adaqua,leg_low,44,-27.4,-65,0,18,1,1,0","adaqua,foot,-19.8,-10.4,-122,0,20,1,1,0","adaqua,base,209.6,-45.2,88,0,22,1,1,0","adaqua,quiver,4.8,-54.8,88,0,24,1,1,0","adaqua,cloak,-106.8,-300,-128,1,5,1,1,0","adaqua,cloak_wide,-47.6,-305.6,174,0,26,1,1,0",,,,,,,,,,,,,,,,,,,,,,,,,,,,,,,,,,,,,,,,,,,,,,,,,,,,,,,,,,,,,,,,,,,,,,,,,,,,,,,,,,,,,,,,,,,,,,,,,,,,
Die/8,"adaqua,close,53,-336.4,-11,0,4,1,1,0","adaqua,neck,39.4,-306.6,-25,0,12,1,1,0","adaqua,body,1.6,-186.8,-14,0,13,1,1,0","adaqua,arm_up,-57,-228.4,-20.4,0,8,1,1,0","adaqua,arm_low,-52.8,-163.2,56,0,7,1,1,0","white_human,open,16,-139.6,87,0,10,1,1,0","adaqua,arm_up,79.2,-198.4,-1,1,24,1,1,0","adaqua,arm_low,94.4,-111.6,9,1,23,1,1,0","white_human,open,119.4,-32.8,31,1,21,1,1,0","adaqua,leg_up,-29,-58.4,30.8,0,15,1,1,0","adaqua,leg_low,-53,-17.4,-104,0,14,1,1,0","adaqua,foot,-134.8,-13.4,-114,0,18,1,1,0","adaqua,leg_up,42.4,-47.6,58.7,0,19,1,1,0","adaqua,leg_low,38,-13.4,-87,0,18,1,1,0","adaqua,foot,-31.8,-6.4,-135,0,20,1,1,0","adaqua,base,209.6,-45.2,88,0,22,1,1,0","adaqua,quiver,4.8,-54.8,88,0,24,1,1,0","adaqua,cloak,-98.8,-259,-100,1,5,1,1,0","adaqua,cloak_wide,-55.6,-269.6,-174,0,26,1,1,0",,,,,,,,,,,,,,,,,,,,,,,,,,,,,,,,,,,,,,,,,,,,,,,,,,,,,,,,,,,,,,,,,,,,,,,,,,,,,,,,,,,,,,,,,,,,,,,,,,,,
Die/9,"adaqua,close,43,-314.4,-15,0,4,1,1,0","adaqua,neck,27.4,-283.6,-25,0,12,1,1,0","adaqua,body,-6.4,-168.8,-12,0,13,1,1,0","adaqua,arm_up,-71,-210.4,-20.4,0,8,1,1,0","adaqua,arm_low,-64.8,-145.2,65,0,7,1,1,0","white_human,open,10,-131.6,90,0,10,1,1,0","adaqua,arm_up,71.2,-186.4,2,1,24,1,1,0","adaqua,arm_low,90.4,-99.6,12,1,23,1,1,0","white_human,open,116.4,-19.8,30,1,21,1,1,0","adaqua,leg_up,-29,-46.4,43.8,0,15,1,1,0","adaqua,leg_low,-50,-10.4,-97,0,14,1,1,0","adaqua,foot,-134.8,-6.4,-125,0,18,1,1,0","adaqua,leg_up,42.4,-39.6,61.7,0,19,1,1,0","adaqua,leg_low,38,-10.4,-91,0,18,1,1,0","adaqua,foot,-31.8,-6.4,-135,0,20,1,1,0","adaqua,base,209.6,-45.2,88,0,25,1,1,0","adaqua,quiver,4.8,-54.8,88,0,24,1,1,0","adaqua,cloak,-110.8,-228,-39,0,5,1,1,0","adaqua,cloak_wide,-71.6,-215.6,-155,0,26,1,1,0",,,,,,,,,,,,,,,,,,,,,,,,,,,,,,,,,,,,,,,,,,,,,,,,,,,,,,,,,,,,,,,,,,,,,,,,,,,,,,,,,,,,,,,,,,,,,,,,,,,,
Die/10,"adaqua,close,45,-309.4,-19,0,4,1,1,0","adaqua,neck,24.4,-283.6,-25,0,12,1,1,0","adaqua,body,-6.4,-168.8,-12,0,13,1,1,0","adaqua,arm_up,-71,-210.4,-20.4,0,8,1,1,0","adaqua,arm_low,-64.8,-138.2,57,0,7,1,1,0","white_human,open,7,-96.6,57,0,10,1,1,0","adaqua,arm_up,71.2,-186.4,2,1,24,1,1,0","adaqua,arm_low,90.4,-99.6,12,1,23,1,1,0","white_human,open,117.4,-20.8,30,1,21,1,1,0","adaqua,leg_up,-29,-46.4,43.8,0,15,1,1,0","adaqua,leg_low,-50,-10.4,-97,0,14,1,1,0","adaqua,foot,-134.8,-6.4,-125,0,18,1,1,0","adaqua,leg_up,42.4,-39.6,61.7,0,19,1,1,0","adaqua,leg_low,38,-10.4,-91,0,18,1,1,0","adaqua,foot,-31.8,-6.4,-135,0,20,1,1,0","adaqua,base,209.6,-45.2,88,0,25,1,1,0","adaqua,quiver,4.8,-54.8,88,0,24,1,1,0","adaqua,cloak,-91.8,-203,-17,0,5,1,1,0","adaqua,cloak_wide,-45.6,-191.6,-141,0,26,1,1,0",,,,,,,,,,,,,,,,,,,,,,,,,,,,,,,,,,,,,,,,,,,,,,,,,,,,,,,,,,,,,,,,,,,,,,,,,,,,,,,,,,,,,,,,,,,,,,,,,,hold,,
EXCLUDE_CityIdle/0,"adaqua,head,1,-511.4,4,0,4,1,1,0","adaqua,neck,0.4,-469.6,-6,0,12,1,1,0","adaqua,body,-4.4,-346.8,0,0,13,1,1,0","adaqua,arm_up,-91,-380.4,-23.4,0,8,1,1,0","adaqua,arm_low,-108.8,-297.2,51,0,7,1,1,0","white_human,open,-62,-244.8,21,0,10,1,1,0","adaqua,arm_up,69.2,-380.4,14,1,18,1,1,0","adaqua,arm_low,101.6,-285.2,21,0,18,1,1,0","white_human,open,129.6,-219.2,23,0,21,1,1,0","adaqua,leg_up,-45,-198.4,-10.2,0,15,1,1,0","adaqua,leg_low,-59,-96.4,-6,0,14,1,1,0","adaqua,foot,-40.8,-19.4,-0.1,0,18,1,1,0","adaqua,leg_up,38.4,-195.6,12.7,0,19,1,1,0","adaqua,leg_low,52,-93.4,6,0,18,1,1,0","adaqua,foot,82.2,-24.4,1,0,20,1,1,0",,,"adaqua,cloak,-110.8,-370,-15,0,5,1,1,0","adaqua,cloak_wide,-53.6,-371.6,24,0,20,1,1,0","item,bronze_coin,122,-237.2,15,0,14,1,1,0",,,,,,,,,,,,,,,,,,,,,,,,,,,,,,,,,,,,,,,,,,,,,,,,,,,,,,,,,,,,,,,,,,,,,,,,,,,,,,,,,,,,,,,,,,,,,,,,,,,
EXCLUDE_CityIdle/1,"adaqua,head,1,-507.4,2,0,4,1,1,0","adaqua,neck,0.4,-469.6,-6,0,12,1,1,0","adaqua,body,-4.4,-342.8,0,0,13,1,1,0","adaqua,arm_up,-91,-376.4,-26.4,0,8,1,1,0","adaqua,arm_low,-108.8,-297.2,52,0,7,1,1,0","white_human,open,-62,-244.8,18,0,10,1,1,0","adaqua,arm_up,69.2,-376.4,16,1,18,1,1,0","adaqua,arm_low,105.6,-285.2,23,0,18,1,1,0","white_human,open,133.6,-219.2,25,0,21,1,1,0","adaqua,leg_up,-45,-198.4,-10.2,0,15,1,1,0","adaqua,leg_low,-59,-96.4,-6,0,14,1,1,0","adaqua,foot,-40.8,-19.4,-0.1,0,18,1,1,0","adaqua,leg_up,38.4,-195.6,12.7,0,19,1,1,0","adaqua,leg_low,52,-93.4,6,0,18,1,1,0","adaqua,foot,82.2,-24.4,1,0,20,1,1,0",,,"adaqua,cloak,-110.8,-370,-17,0,5,1,1,0","adaqua,cloak_wide,-53.6,-367.6,24,0,20,1,1,0","item,bronze_coin,126,-237.2,17,0,14,1,1,0",,,,,,,,,,,,,,,,,,,,,,,,,,,,,,,,,,,,,,,,,,,,,,,,,,,,,,,,,,,,,,,,,,,,,,,,,,,,,,,,,,,,,,,,,,,,,,,,,play_time_mod_1.3,,
EXCLUDE_CityIdle/2,"adaqua,head,5,-503.4,0,0,4,1,1,0","adaqua,neck,0.4,-465.6,-8,0,12,1,1,0","adaqua,body,-4.4,-338.8,-1,0,13,1,1,0","adaqua,arm_up,-91,-368.4,-24.4,0,8,1,1,0","adaqua,arm_low,-104.8,-297.2,47,0,7,1,1,0","white_human,open,-62,-244.8,16,0,10,1,1,0","adaqua,arm_up,69.2,-372.4,14,1,18,1,1,0","adaqua,arm_low,105.6,-281.2,25,0,18,1,1,0","white_human,open,133.6,-215.2,28,0,21,1,1,0","adaqua,leg_up,-45,-198.4,-10.2,0,15,1,1,0","adaqua,leg_low,-59,-96.4,-6,0,14,1,1,0","adaqua,foot,-40.8,-19.4,-0.1,0,18,1,1,0","adaqua,leg_up,38.4,-191.6,13.7,0,19,1,1,0","adaqua,leg_low,54,-93.4,6,0,18,1,1,0","adaqua,foot,82.2,-24.4,-3,0,20,1,1,0",,,"adaqua,cloak,-110.8,-370,-20,0,5,1,1,0","adaqua,cloak_wide,-53.6,-367.6,19,0,20,1,1,0","item,bronze_coin,126,-233.2,20,0,14,1,1,0",,,,,,,,,,,,,,,,,,,,,,,,,,,,,,,,,,,,,,,,,,,,,,,,,,,,,,,,,,,,,,,,,,,,,,,,,,,,,,,,,,,,,,,,,,,,,,,,,play_time_mod_1.5,,
EXCLUDE_CityIdle/3,"adaqua,head,15,-499.4,-1,0,4,1,1,0","adaqua,neck,8.4,-457.6,-10,0,12,1,1,0","adaqua,body,-0.4,-336.8,-3,0,13,1,1,0","adaqua,arm_up,-91,-368.4,-24.4,0,8,1,1,0","adaqua,arm_low,-100.8,-297.2,44,0,7,1,1,0","white_human,open,-62,-244.8,13,0,10,1,1,0","adaqua,arm_up,69.2,-368.4,13,1,18,1,1,0","adaqua,arm_low,107.6,-277.2,29,0,18,1,1,0","white_human,open,137.6,-213.2,30,0,21,1,1,0","adaqua,leg_up,-45,-198.4,-10.2,0,15,1,1,0","adaqua,leg_low,-59,-96.4,-6,0,14,1,1,0","adaqua,foot,-40.8,-19.4,-0.1,0,18,1,1,0","adaqua,leg_up,38.4,-191.6,15.7,0,19,1,1,0","adaqua,leg_low,56,-93.4,6,0,18,1,1,0","adaqua,foot,82.2,-24.4,-5,0,20,1,1,0",,,"adaqua,cloak,-106.8,-370,-22,0,5,1,1,0","adaqua,cloak_wide,-47.6,-359.6,13,0,20,1,1,0","item,bronze_coin,130,-231.2,22,0,14,1,1,0",,,,,,,,,,,,,,,,,,,,,,,,,,,,,,,,,,,,,,,,,,,,,,,,,,,,,,,,,,,,,,,,,,,,,,,,,,,,,,,,,,,,,,,,,,,,,,,,,play_time_mod_2,,
EXCLUDE_CityIdle/4,"adaqua,head,5,-503.4,0,0,4,1,1,0","adaqua,neck,0.4,-465.6,-8,0,12,1,1,0","adaqua,body,-4.4,-338.8,-1,0,13,1,1,0","adaqua,arm_up,-91,-368.4,-24.4,0,8,1,1,0","adaqua,arm_low,-104.8,-297.2,47,0,7,1,1,0","white_human,open,-62,-244.8,16,0,10,1,1,0","adaqua,arm_up,69.2,-372.4,14,1,18,1,1,0","adaqua,arm_low,105.6,-281.2,25,0,18,1,1,0","white_human,open,133.6,-215.2,28,0,21,1,1,0","adaqua,leg_up,-45,-198.4,-10.2,0,15,1,1,0","adaqua,leg_low,-59,-96.4,-6,0,14,1,1,0","adaqua,foot,-40.8,-19.4,-0.1,0,18,1,1,0","adaqua,leg_up,38.4,-191.6,13.7,0,19,1,1,0","adaqua,leg_low,54,-93.4,6,0,18,1,1,0","adaqua,foot,82.2,-24.4,-3,0,20,1,1,0",,,"adaqua,cloak,-110.8,-370,-20,0,5,1,1,0","adaqua,cloak_wide,-53.6,-367.6,19,0,20,1,1,0","item,bronze_coin,126,-233.2,20,0,14,1,1,0",,,,,,,,,,,,,,,,,,,,,,,,,,,,,,,,,,,,,,,,,,,,,,,,,,,,,,,,,,,,,,,,,,,,,,,,,,,,,,,,,,,,,,,,,,,,,,,,,play_time_mod_1.7,,
EXCLUDE_CityIdle/5,"adaqua,head,1,-507.4,2,0,4,1,1,0","adaqua,neck,0.4,-469.6,-6,0,12,1,1,0","adaqua,body,-4.4,-342.8,0,0,13,1,1,0","adaqua,arm_up,-91,-376.4,-26.4,0,8,1,1,0","adaqua,arm_low,-108.8,-297.2,52,0,7,1,1,0","white_human,open,-62,-244.8,18,0,10,1,1,0","adaqua,arm_up,69.2,-376.4,16,1,18,1,1,0","adaqua,arm_low,105.6,-285.2,23,0,18,1,1,0","white_human,open,133.6,-219.2,25,0,21,1,1,0","adaqua,leg_up,-45,-198.4,-10.2,0,15,1,1,0","adaqua,leg_low,-59,-96.4,-6,0,14,1,1,0","adaqua,foot,-40.8,-19.4,-0.1,0,18,1,1,0","adaqua,leg_up,38.4,-195.6,12.7,0,19,1,1,0","adaqua,leg_low,52,-93.4,6,0,18,1,1,0","adaqua,foot,82.2,-24.4,1,0,20,1,1,0",,,"adaqua,cloak,-110.8,-370,-17,0,5,1,1,0","adaqua,cloak_wide,-53.6,-367.6,24,0,20,1,1,0","item,bronze_coin,126,-237.2,17,0,14,1,1,0",,,,,,,,,,,,,,,,,,,,,,,,,,,,,,,,,,,,,,,,,,,,,,,,,,,,,,,,,,,,,,,,,,,,,,,,,,,,,,,,,,,,,,,,,,,,,,,,,play_time_mod_1.5,,
EXCLUDE_CityKneel/0,"adaqua,head,19,-495.4,0,0,4,1,1,0","adaqua,neck,10.4,-461.6,-14,0,12,1,1,0","adaqua,body,1.6,-334.8,-5,0,13,1,1,0","adaqua,arm_up,-91,-362.4,-33.4,0,8,1,1,0","adaqua,arm_low,-112.8,-289.2,26,0,7,1,1,0","white_human,open,-86,-222.8,17,0,10,1,1,0","adaqua,arm_up,69.2,-360.4,4,1,18,1,1,0","adaqua,arm_low,95.6,-277.2,19,0,18,1,1,0","white_human,open,133.6,-203.2,21,0,21,1,1,0","adaqua,leg_up,-45,-198.4,-15.2,0,15,1,1,0","adaqua,leg_low,-77,-96.4,-18,0,14,1,1,0","adaqua,foot,-66.8,-19.4,-0.1,0,18,1,1,0","adaqua,leg_up,48.4,-195.6,26.7,0,19,1,1,0","adaqua,leg_low,72,-93.4,2,0,18,1,1,0","adaqua,foot,94.2,-24.4,1,0,20,1,1,0",,,"adaqua,cloak,-106.8,-378,-27,0,5,1,1,0","adaqua,cloak_wide,-53.6,-369.6,14,0,20,1,1,0","item,bronze_coin,128,-217.2,13,0,14,1,1,0",,,,,,,,,,,,,,,,,,,,,,,,,,,,,,,,,,,,,,,,,,,,,,,,,,,,,,,,,,,,,,,,,,,,,,,,,,,,,,,,,,,,,,,,,,,,,,,,,,,
EXCLUDE_CityKneel/1,"adaqua,head,19,-467.4,0,0,4,1,1,0","adaqua,neck,10.4,-433.6,-14,0,12,1,1,0","adaqua,body,1.6,-306.8,-5,0,13,1,1,0","adaqua,arm_up,-91,-328.4,-33.4,0,8,1,1,0","adaqua,arm_low,-122.8,-243.2,2,0,7,1,1,0","white_human,open,-126,-174.8,-9,0,10,1,1,0","adaqua,arm_up,75.2,-332.4,14,1,18,1,1,0","adaqua,arm_low,115.6,-249.2,36,0,18,1,1,0","white_human,open,165.6,-189.2,38,0,21,1,1,0","adaqua,leg_up,-39,-176.4,-6.2,0,15,1,1,0","adaqua,leg_low,-81,-90.4,-45,0,14,1,1,0","adaqua,foot,-112.8,-23.4,-38.1,0,18,1,1,0","adaqua,leg_up,62.4,-183.6,45.7,0,19,1,1,0","adaqua,leg_low,96,-93.4,1,0,18,1,1,0","adaqua,foot,120.2,-24.4,0,0,20,1,1,0",,,"adaqua,cloak,-120.8,-376,-49,0,5,1,1,0","adaqua,cloak_wide,-53.6,-357.6,7,0,20,1,1,0","item,bronze_coin,162,-207.2,18,0,14,1,1,0",,,,,,,,,,,,,,,,,,,,,,,,,,,,,,,,,,,,,,,,,,,,,,,,,,,,,,,,,,,,,,,,,,,,,,,,,,,,,,,,,,,,,,,,,,,,,,,,,,,
EXCLUDE_CityKneel/2,"adaqua,head,23,-441.4,-6,0,4,1,1,0","adaqua,neck,10.4,-407.6,-14,0,12,1,1,0","adaqua,body,1.6,-284.8,-5,0,13,1,1,0","adaqua,arm_up,-91,-324.4,-42.4,0,8,1,1,0","adaqua,arm_low,-146.8,-243.2,-21,0,7,1,1,0","white_human,open,-164,-174.8,-13,0,10,1,1,0","adaqua,arm_up,75.2,-318.4,21,1,18,1,1,0","adaqua,arm_low,123.6,-235.2,40,0,18,1,1,0","white_human,open,173.6,-181.2,43,0,21,1,1,0","adaqua,leg_up,-39,-136.4,-3.2,0,15,1,1,0","adaqua,leg_low,-93,-74.4,-68,0,14,1,1,0","adaqua,foot,-144.8,-23.4,-67.1,0,18,1,1,0","adaqua,leg_up,62.4,-155.6,70.7,0,19,1,1,0","adaqua,leg_low,106,-87.4,1,0,18,1,1,0","adaqua,foot,132.2,-24.4,0,0,20,1,1,0",,,"adaqua,cloak,-118.8,-372,-106,1,5,1,1,0","adaqua,cloak_wide,-59.6,-379.6,-5,0,20,1,1,0","item,bronze_coin,170,-199.2,23,0,14,1,1,0",,,,,,,,,,,,,,,,,,,,,,,,,,,,,,,,,,,,,,,,,,,,,,,,,,,,,,,,,,,,,,,,,,,,,,,,,,,,,,,,,,,,,,,,,,,,,,,,,,,
EXCLUDE_CityKneel/3,"adaqua,head,23,-387.4,-5,0,4,1,1,0","adaqua,neck,10.4,-347.6,-14,0,12,1,1,0","adaqua,body,1.6,-224.8,-8,0,13,1,1,0","adaqua,arm_up,-95,-266.4,-49.4,0,8,1,1,0","adaqua,arm_low,-166.8,-201.2,-40,0,7,1,1,0","white_human,open,-206,-136.8,-30,0,10,1,1,0","adaqua,arm_up,81.2,-254.4,16,1,18,1,1,0","adaqua,arm_low,127.6,-175.2,48,0,18,1,1,0","white_human,open,197.6,-135.2,49,0,21,1,1,0","adaqua,leg_up,-39,-88.4,-3.2,0,15,1,1,0","adaqua,leg_low,-87,-48.4,-90,0,14,1,1,0","adaqua,foot,-158.8,-33.4,-83.1,0,18,1,1,0","adaqua,leg_up,62.4,-129.6,100.7,0,19,1,1,0","adaqua,leg_low,106,-87.4,1,0,18,1,1,0","adaqua,foot,132.2,-24.4,0,0,20,1,1,0",,,"adaqua,cloak,-120.8,-332,-127,1,5,1,1,0","adaqua,cloak_wide,-65.6,-361.6,-21,0,20,1,1,0","item,bronze_coin,188,-157.2,0,0,14,1,1,0",,,,,,,,,,,,,,,,,,,,,,,,,,,,,,,,,,,,,,,,,,,,,,,,,,,,,,,,,,,,,,,,,,,,,,,,,,,,,,,,,,,,,,,,,,,,,,,,,,,
EXCLUDE_CityKneel/4,"adaqua,head,31,-375.4,-9,0,4,1,1,0","adaqua,neck,18.4,-343.6,-14,0,12,1,1,0","adaqua,body,5.6,-216.8,-8,0,13,1,1,0","adaqua,arm_up,-95,-250.4,-41.4,0,8,1,1,0","adaqua,arm_low,-162.8,-177.2,-37,0,7,1,1,0","white_human,open,-202,-108.8,-24,0,10,1,1,0","adaqua,arm_up,81.2,-250.4,13,1,18,1,1,0","adaqua,arm_low,127.6,-169.2,44,0,18,1,1,0","white_human,open,197.6,-123.2,41,0,21,1,1,0","adaqua,leg_up,-39,-72.4,-3.2,0,15,1,1,0","adaqua,leg_low,-91,-40.4,-106,0,14,1,1,0","adaqua,foot,-158.8,-33.4,-83.1,0,18,1,1,0","adaqua,leg_up,58.4,-125.6,97.7,0,19,1,1,0","adaqua,leg_low,106,-87.4,4,0,18,1,1,0","adaqua,foot,132.2,-24.4,0,0,20,1,1,0",,,"adaqua,cloak,-114.8,-306,-115,1,5,1,1,0","adaqua,cloak_wide,-65.6,-333.6,-9,0,20,1,1,0","item,bronze_coin,196,-141.2,-13,0,14,1,1,0",,,,,,,,,,,,,,,,,,,,,,,,,,,,,,,,,,,,,,,,,,,,,,,,,,,,,,,,,,,,,,,,,,,,,,,,,,,,,,,,,,,,,,,,,,,,,,,,,,,
EXCLUDE_CityKneel/5,"adaqua,head,31,-375.4,-7,0,4,1,1,0","adaqua,neck,18.4,-343.6,-14,0,12,1,1,0","adaqua,body,5.6,-216.8,-8,0,13,1,1,0","adaqua,arm_up,-95,-250.4,-41.4,0,8,1,1,0","adaqua,arm_low,-162.8,-177.2,-37,0,7,1,1,0","white_human,open,-202,-108.8,-24,0,10,1,1,0","adaqua,arm_up,81.2,-250.4,13,1,18,1,1,0","adaqua,arm_low,127.6,-169.2,44,0,18,1,1,0","white_human,open,197.6,-123.2,41,0,21,1,1,0","adaqua,leg_up,-39,-72.4,-3.2,0,15,1,1,0","adaqua,leg_low,-91,-40.4,-106,0,14,1,1,0","adaqua,foot,-158.8,-33.4,-83.1,0,18,1,1,0","adaqua,leg_up,58.4,-125.6,97.7,0,19,1,1,0","adaqua,leg_low,106,-87.4,4,0,18,1,1,0","adaqua,foot,132.2,-24.4,0,0,20,1,1,0",,,"adaqua,cloak,-110.8,-278,-94,1,5,1,1,0","adaqua,cloak_wide,-65.6,-293.6,-2,0,20,1,1,0","item,bronze_coin,196,-141.2,-13,0,14,1,1,0",,,,,,,,,,,,,,,,,,,,,,,,,,,,,,,,,,,,,,,,,,,,,,,,,,,,,,,,,,,,,,,,,,,,,,,,,,,,,,,,,,,,,,,,,,,,,,,,,,,
EXCLUDE_CityKneel/6,"adaqua,head,31,-375.4,-4,0,4,1,1,0","adaqua,neck,18.4,-343.6,-14,0,12,1,1,0","adaqua,body,5.6,-216.8,-8,0,13,1,1,0","adaqua,arm_up,-95,-250.4,-41.4,0,8,1,1,0","adaqua,arm_low,-162.8,-177.2,-35,0,7,1,1,0","white_human,open,-198,-108.8,-21,0,10,1,1,0","adaqua,arm_up,81.2,-250.4,13,1,18,1,1,0","adaqua,arm_low,127.6,-169.2,44,0,18,1,1,0","white_human,open,197.6,-123.2,41,0,21,1,1,0","adaqua,leg_up,-39,-72.4,-3.2,0,15,1,1,0","adaqua,leg_low,-91,-40.4,-106,0,14,1,1,0","adaqua,foot,-158.8,-33.4,-83.1,0,18,1,1,0","adaqua,leg_up,58.4,-125.6,97.7,0,19,1,1,0","adaqua,leg_low,106,-87.4,4,0,18,1,1,0","adaqua,foot,132.2,-24.4,0,0,20,1,1,0",,,"adaqua,cloak,-110.8,-280,-44,0,5,1,1,0","adaqua,cloak_wide,-61.6,-277.6,15,0,20,1,1,0","item,bronze_coin,196,-141.2,-13,0,14,1,1,0",,,,,,,,,,,,,,,,,,,,,,,,,,,,,,,,,,,,,,,,,,,,,,,,,,,,,,,,,,,,,,,,,,,,,,,,,,,,,,,,,,,,,,,,,,,,,,,,,,,
EXCLUDE_CityKneel/7,"adaqua,head,25,-375.4,0,0,4,1,1,0","adaqua,neck,18.4,-343.6,-14,0,12,1,1,0","adaqua,body,5.6,-216.8,-8,0,13,1,1,0","adaqua,arm_up,-89,-254.4,-37.4,0,8,1,1,0","adaqua,arm_low,-158.8,-171.2,-34,0,7,1,1,0","white_human,open,-196,-104.8,-30,0,10,1,1,0","adaqua,arm_up,81.2,-250.4,16,1,18,1,1,0","adaqua,arm_low,127.6,-173.2,46,0,18,1,1,0","white_human,open,197.6,-131.2,43,0,21,1,1,0","adaqua,leg_up,-39,-72.4,-3.2,0,15,1,1,0","adaqua,leg_low,-91,-40.4,-106,0,14,1,1,0","adaqua,foot,-158.8,-33.4,-83.1,0,18,1,1,0","adaqua,leg_up,58.4,-125.6,97.7,0,19,1,1,0","adaqua,leg_low,106,-87.4,4,0,18,1,1,0","adaqua,foot,132.2,-24.4,0,0,20,1,1,0",,,"adaqua,cloak,-102.8,-264,-34,0,5,1,1,0","adaqua,cloak_wide,-47.6,-269.6,22,0,20,1,1,0","item,bronze_coin,196,-149.2,-11,0,14,1,1,0",,,,,,,,,,,,,,,,,,,,,,,,,,,,,,,,,,,,,,,,,,,,,,,,,,,,,,,,,,,,,,,,,,,,,,,,,,,,,,,,,,,,,,,,,,,,,,,,,hold,,
EXCLUDE_CityTalk/0,"adaqua,head,1,-511.4,4,0,4,1,1,0","adaqua,neck,0.4,-469.6,-6,0,12,1,1,0","adaqua,body,-4.4,-346.8,0,0,13,1,1,0","adaqua,arm_up,-91,-380.4,-23.4,0,8,1,1,0","adaqua,arm_low,-98.8,-297.2,60,0,7,1,1,0","white_human,open,-32,-258.8,47,0,10,1,1,0","adaqua,arm_up,69.2,-380.4,14,1,18,1,1,0","adaqua,arm_low,101.6,-285.2,21,0,18,1,1,0","white_human,open,129.6,-219.2,23,0,21,1,1,0","adaqua,leg_up,-45,-198.4,-10.2,0,15,1,1,0","adaqua,leg_low,-59,-96.4,-6,0,14,1,1,0","adaqua,foot,-40.8,-19.4,-0.1,0,18,1,1,0","adaqua,leg_up,38.4,-195.6,12.7,0,19,1,1,0","adaqua,leg_low,52,-93.4,6,0,18,1,1,0","adaqua,foot,82.2,-24.4,1,0,20,1,1,0",,,"adaqua,cloak,-110.8,-368,-13,0,5,1,1,0","adaqua,cloak_wide,-49.6,-371.6,28,0,20,1,1,0","item,bronze_coin,122,-237.2,15,0,14,1,1,0",,,,,,,,,,,,,,,,,,,,,,,,,,,,,,,,,,,,,,,,,,,,,,,,,,,,,,,,,,,,,,,,,,,,,,,,,,,,,,,,,,,,,,,,,,,,,,,,,,,
EXCLUDE_CityTalk/1,"adaqua,head,-9,-511.4,10,0,4,1,1,0","adaqua,neck,-7.6,-469.6,1,0,12,1,1,0","adaqua,body,-8.4,-346.8,2,0,13,1,1,0","adaqua,arm_up,-87,-362.4,-6.4,0,8,1,1,0","adaqua,arm_low,-50.8,-293.2,83,0,7,1,1,0","white_human,open,24,-296.8,97,0,10,1,1,0","adaqua,arm_up,61.2,-380.4,14,1,18,1,1,0","adaqua,arm_low,99.6,-285.2,24,0,18,1,1,0","white_human,open,133.6,-223.2,25,0,21,1,1,0","adaqua,leg_up,-45,-198.4,-10.2,0,15,1,1,0","adaqua,leg_low,-59,-96.4,-6,0,14,1,1,0","adaqua,foot,-40.8,-19.4,-0.1,0,18,1,1,0","adaqua,leg_up,38.4,-195.6,12.7,0,19,1,1,0","adaqua,leg_low,52,-93.4,6,0,18,1,1,0","adaqua,foot,82.2,-24.4,1,0,20,1,1,0",,,"adaqua,cloak,-104.8,-360,-3,0,5,1,1,0","adaqua,cloak_wide,-45.6,-371.6,35,0,20,1,1,0","item,bronze_coin,126,-241.2,17,0,14,1,1,0",,,,,,,,,,,,,,,,,,,,,,,,,,,,,,,,,,,,,,,,,,,,,,,,,,,,,,,,,,,,,,,,,,,,,,,,,,,,,,,,,,,,,,,,,,,,,,,,,,,
EXCLUDE_CityTalk/2,"adaqua,head,-25,-509.4,14,0,4,1,1,0","adaqua,neck,-19.6,-467.6,3,0,12,1,1,0","adaqua,body,-8.4,-346.8,4,0,13,1,1,0","adaqua,arm_up,-73,-348.4,10.6,0,8,1,1,0","adaqua,arm_low,-22.8,-305.2,100,0,7,1,1,0","white_human,twopoint,56,-324.8,105,0,10,1,1,0","adaqua,arm_up,51.2,-386.4,16,1,18,1,1,0","adaqua,arm_low,89.6,-291.2,26,0,18,1,1,0","white_human,open,123.6,-229.2,27,0,21,1,1,0","adaqua,leg_up,-45,-198.4,-10.2,0,15,1,1,0","adaqua,leg_low,-59,-96.4,-6,0,14,1,1,0","adaqua,foot,-40.8,-19.4,-0.1,0,18,1,1,0","adaqua,leg_up,42.4,-199.6,18.7,0,19,1,1,0","adaqua,leg_low,56,-93.4,1,0,18,1,1,0","adaqua,foot,82.2,-24.4,1,0,20,1,1,0",,,"adaqua,cloak,-92.8,-352,9,0,5,1,1,0","adaqua,cloak_wide,-45.6,-363.6,46,0,20,1,1,0","item,bronze_coin,116,-247.2,19,0,14,1,1,0",,,,,,,,,,,,,,,,,,,,,,,,,,,,,,,,,,,,,,,,,,,,,,,,,,,,,,,,,,,,,,,,,,,,,,,,,,,,,,,,,,,,,,,,,,,,,,,,,,,
EXCLUDE_CityTalk/3,"adaqua,head,-25,-509.4,13,0,4,1,1,0","adaqua,neck,-19.6,-467.6,3,0,12,1,1,0","adaqua,body,-8.4,-346.8,4,0,13,1,1,0","adaqua,arm_up,-73,-348.4,10.6,0,8,1,1,0","adaqua,arm_low,-22.8,-319.2,118,0,7,1,1,0","white_human,twopoint,48,-362.8,119,0,10,1,1,0","adaqua,arm_up,51.2,-386.4,16,1,18,1,1,0","adaqua,arm_low,85.6,-291.2,20,0,18,1,1,0","white_human,open,117.6,-229.2,21,0,21,1,1,0","adaqua,leg_up,-45,-198.4,-10.2,0,15,1,1,0","adaqua,leg_low,-59,-96.4,-6,0,14,1,1,0","adaqua,foot,-40.8,-19.4,-0.1,0,18,1,1,0","adaqua,leg_up,42.4,-199.6,16.7,0,19,1,1,0","adaqua,leg_low,58,-93.4,2,0,18,1,1,0","adaqua,foot,82.2,-24.4,1,0,20,1,1,0",,,"adaqua,cloak,-88.8,-352,11,0,5,1,1,0","adaqua,cloak_wide,-45.6,-363.6,48,0,20,1,1,0","item,bronze_coin,110,-247.2,17,0,14,1,1,0",,,,,,,,,,,,,,,,,,,,,,,,,,,,,,,,,,,,,,,,,,,,,,,,,,,,,,,,,,,,,,,,,,,,,,,,,,,,,,,,,,,,,,,,,,,,,,,,,,,
EXCLUDE_CityTalk/4,"adaqua,head,-21,-509.4,8,0,4,1,1,0","adaqua,neck,-19.6,-467.6,0,0,12,1,1,0","adaqua,body,-8.4,-346.8,4,0,13,1,1,0","adaqua,arm_up,-73,-348.4,10.6,0,8,1,1,0","adaqua,arm_low,-22.8,-327.2,127,0,7,1,1,0","white_human,twopoint,38,-388.8,139,0,10,1,1,0","adaqua,arm_up,47.2,-382.4,11,1,18,1,1,0","adaqua,arm_low,77.6,-283.2,17,0,18,1,1,0","white_human,open,109.6,-221.2,18,0,21,1,1,0","adaqua,leg_up,-45,-198.4,-10.2,0,15,1,1,0","adaqua,leg_low,-59,-96.4,-6,0,14,1,1,0","adaqua,foot,-40.8,-19.4,-0.1,0,18,1,1,0","adaqua,leg_up,46.4,-199.6,18.7,0,19,1,1,0","adaqua,leg_low,60,-93.4,0,0,18,1,1,0","adaqua,foot,82.2,-24.4,1,0,20,1,1,0",,,"adaqua,cloak,-88.8,-352,11,0,5,1,1,0","adaqua,cloak_wide,-45.6,-363.6,48,0,20,1,1,0","item,bronze_coin,100,-237.2,10,0,14,1,1,0",,,,,,,,,,,,,,,,,,,,,,,,,,,,,,,,,,,,,,,,,,,,,,,,,,,,,,,,,,,,,,,,,,,,,,,,,,,,,,,,,,,,,,,,,,,,,,,,,hold,,
EXCLUDE_Menu/0,"adaqua,head,304.4,-188.8,11,0,4,1,1,0","adaqua,neck,301.6,-157.2,-33,0,12,1,1,0","adaqua,body,194.4,-102.4,-69,0,13,1,1,0","adaqua,arm_up,184.4,-134,-43,0,8,1,1,0","adaqua,arm_low,158,-58.8,20,0,7,1,1,0","white_human,open,202,2.4,55,0,10,1,1,0","adaqua,arm_up,328,-81.6,86,1,18,1,1,0","adaqua,arm_low,422.4,-93.6,104,0,18,1,1,0","white_human,open,492.4,-126.4,120,0,21,1,1,0","adaqua,leg_up,49.6,-78.4,-64.2,0,15,1,1,0","adaqua,leg_low,-51.2,-39.6,-73,0,14,1,1,0","adaqua,foot,-126.8,-12,-127,0,18,1,1,0","adaqua,leg_up,124.8,-35.6,44,0,19,1,1,0","adaqua,leg_low,96.4,-5.6,-90,0,18,1,1,0","adaqua,foot,12.2,13.6,-129,0,20,1,1,0","adaqua,base,35.6,-60,71,0,22,1,1,0",,"adaqua,cloak,168,-156.4,-51,0,5,1,1,0","adaqua,cloak_wide,195.6,-118.8,-4,0,21,1,1,0",,,,,,,,,,,,,,,,,,,,,,,,,,,,,,,,,,,,,,,,,,,,,,,,,,,,,,,,,,,,,,,,,,,,,,,,,,,,,,,,,,,,,,,,,,,,,,,,,,,,
EXCLUDE_Menu/1,"adaqua,head,304.4,-184.8,9,0,4,1,1,0","adaqua,neck,301.6,-153.2,-35,0,12,1,1,0","adaqua,body,194.4,-98.4,-71,0,13,1,1,0","adaqua,arm_up,184.4,-134,-43,0,8,1,1,0","adaqua,arm_low,158,-58.8,20,0,7,1,1,0","white_human,open,202,2.4,53,0,10,1,1,0","adaqua,arm_up,328,-77.6,84,1,18,1,1,0","adaqua,arm_low,422.4,-87.6,107,0,18,1,1,0","white_human,open,492.4,-126.4,125,0,21,1,1,0","adaqua,leg_up,49.6,-78.4,-64.2,0,15,1,1,0","adaqua,leg_low,-51.2,-39.6,-73,0,14,1,1,0","adaqua,foot,-126.8,-12,-127,0,18,1,1,0","adaqua,leg_up,124.8,-35.6,44,0,19,1,1,0","adaqua,leg_low,96.4,-5.6,-90,0,18,1,1,0","adaqua,foot,12.2,13.6,-129,0,20,1,1,0","adaqua,base,35.6,-60,71,0,22,1,1,0",,"adaqua,cloak,168,-152.4,-49,0,5,1,1,0","adaqua,cloak_wide,195.6,-118.8,-4,0,21,1,1,0",,,,,,,,,,,,,,,,,,,,,,,,,,,,,,,,,,,,,,,,,,,,,,,,,,,,,,,,,,,,,,,,,,,,,,,,,,,,,,,,,,,,,,,,,,,,,,,,,,,,
EXCLUDE_Menu/2,"adaqua,head,304.4,-184.8,11,0,4,1,1,0","adaqua,neck,301.6,-153.2,-35,0,12,1,1,0","adaqua,body,194.4,-94.4,-69,0,13,1,1,0","adaqua,arm_up,184.4,-134,-43,0,8,1,1,0","adaqua,arm_low,158,-58.8,20,0,7,1,1,0","white_human,open,202,4.4,51,0,10,1,1,0","adaqua,arm_up,328,-73.6,79,1,18,1,1,0","adaqua,arm_low,422.4,-85.6,115,0,18,1,1,0","white_human,open,488.4,-132.4,128,0,21,1,1,0","adaqua,leg_up,49.6,-78.4,-61.2,0,15,1,1,0","adaqua,leg_low,-51.2,-39.6,-76,0,14,1,1,0","adaqua,foot,-126.8,-12,-129,0,18,1,1,0","adaqua,leg_up,124.8,-35.6,44,0,19,1,1,0","adaqua,leg_low,96.4,-5.6,-90,0,18,1,1,0","adaqua,foot,12.2,13.6,-129,0,20,1,1,0","adaqua,base,35.6,-60,71,0,22,1,1,0",,"adaqua,cloak,168,-148.4,-47,0,5,1,1,0","adaqua,cloak_wide,195.6,-118.8,-4,0,21,1,1,0",,,,,,,,,,,,,,,,,,,,,,,,,,,,,,,,,,,,,,,,,,,,,,,,,,,,,,,,,,,,,,,,,,,,,,,,,,,,,,,,,,,,,,,,,,,,,,,,,,,,
EXCLUDE_Menu/3,"adaqua,head,304.4,-184.8,12,0,4,1,1,0","adaqua,neck,301.6,-153.2,-35,0,12,1,1,0","adaqua,body,194.4,-94.4,-69,0,13,1,1,0","adaqua,arm_up,184.4,-134,-43,0,8,1,1,0","adaqua,arm_low,158,-58.8,20,0,7,1,1,0","white_human,open,202,2.4,53,0,10,1,1,0","adaqua,arm_up,328,-77.6,82,1,18,1,1,0","adaqua,arm_low,422.4,-93.6,119,0,18,1,1,0","white_human,open,488.4,-144.4,131,0,21,1,1,0","adaqua,leg_up,49.6,-78.4,-61.2,0,15,1,1,0","adaqua,leg_low,-51.2,-39.6,-76,0,14,1,1,0","adaqua,foot,-126.8,-12,-129,0,18,1,1,0","adaqua,leg_up,124.8,-35.6,44,0,19,1,1,0","adaqua,leg_low,96.4,-5.6,-90,0,18,1,1,0","adaqua,foot,12.2,13.6,-129,0,20,1,1,0","adaqua,base,35.6,-60,71,0,22,1,1,0",,"adaqua,cloak,168,-148.4,-47,0,5,1,1,0","adaqua,cloak_wide,195.6,-118.8,-4,0,21,1,1,0",,,,,,,,,,,,,,,,,,,,,,,,,,,,,,,,,,,,,,,,,,,,,,,,,,,,,,,,,,,,,,,,,,,,,,,,,,,,,,,,,,,,,,,,,,,,,,,,,,,,
EXCLUDE_Menu/4,"adaqua,head,304.4,-184.8,14,0,4,1,1,0","adaqua,neck,301.6,-153.2,-35,0,12,1,1,0","adaqua,body,194.4,-90.4,-67,0,13,1,1,0","adaqua,arm_up,184.4,-134,-43,0,8,1,1,0","adaqua,arm_low,158,-54.8,22,0,7,1,1,0","white_human,open,202,2.4,57,0,10,1,1,0","adaqua,arm_up,328,-77.6,82,1,18,1,1,0","adaqua,arm_low,422.4,-97.6,122,0,18,1,1,0","white_human,open,488.4,-152.4,133,0,21,1,1,0","adaqua,leg_up,49.6,-70.4,-64.2,0,15,1,1,0","adaqua,leg_low,-51.2,-39.6,-80,0,14,1,1,0","adaqua,foot,-126.8,-12,-133,0,18,1,1,0","adaqua,leg_up,124.8,-31.6,45,0,19,1,1,0","adaqua,leg_low,96.4,-5.6,-90,0,18,1,1,0","adaqua,foot,12.2,13.6,-129,0,20,1,1,0","adaqua,base,35.6,-60,71,0,22,1,1,0",,"adaqua,cloak,168,-146.4,-45,0,5,1,1,0","adaqua,cloak_wide,195.6,-114.8,-4,0,21,1,1,0",,,,,,,,,,,,,,,,,,,,,,,,,,,,,,,,,,,,,,,,,,,,,,,,,,,,,,,,,,,,,,,,,,,,,,,,,,,,,,,,,,,,,,,,,,,,,,,,,,,,
EXCLUDE_Menu/5,"adaqua,head,304.4,-184.8,12,0,4,1,1,0","adaqua,neck,301.6,-153.2,-35,0,12,1,1,0","adaqua,body,194.4,-92.4,-68,0,13,1,1,0","adaqua,arm_up,184.4,-134,-43,0,8,1,1,0","adaqua,arm_low,158,-58.8,20,0,7,1,1,0","white_human,open,202,2.4,53,0,10,1,1,0","adaqua,arm_up,328,-77.6,82,1,18,1,1,0","adaqua,arm_low,422.4,-93.6,119,0,18,1,1,0","white_human,open,488.4,-144.4,131,0,21,1,1,0","adaqua,leg_up,49.6,-74.4,-61.2,0,15,1,1,0","adaqua,leg_low,-51.2,-39.6,-78,0,14,1,1,0","adaqua,foot,-126.8,-12,-129,0,18,1,1,0","adaqua,leg_up,124.8,-35.6,44,0,19,1,1,0","adaqua,leg_low,96.4,-5.6,-90,0,18,1,1,0","adaqua,foot,12.2,13.6,-129,0,20,1,1,0","adaqua,base,35.6,-60,71,0,22,1,1,0",,"adaqua,cloak,168,-148.4,-47,0,5,1,1,0","adaqua,cloak_wide,195.6,-118.8,-4,0,21,1,1,0",,,,,,,,,,,,,,,,,,,,,,,,,,,,,,,,,,,,,,,,,,,,,,,,,,,,,,,,,,,,,,,,,,,,,,,,,,,,,,,,,,,,,,,,,,,,,,,,,,,,
EXCLUDE_Menu/6,"adaqua,head,304.4,-184.8,11,0,4,1,1,0","adaqua,neck,301.6,-153.2,-35,0,12,1,1,0","adaqua,body,194.4,-94.4,-69,0,13,1,1,0","adaqua,arm_up,184.4,-134,-43,0,8,1,1,0","adaqua,arm_low,158,-58.8,20,0,7,1,1,0","white_human,open,202,4.4,51,0,10,1,1,0","adaqua,arm_up,328,-73.6,79,1,18,1,1,0","adaqua,arm_low,422.4,-85.6,115,0,18,1,1,0","white_human,open,488.4,-132.4,128,0,21,1,1,0","adaqua,leg_up,49.6,-78.4,-61.2,0,15,1,1,0","adaqua,leg_low,-51.2,-39.6,-76,0,14,1,1,0","adaqua,foot,-126.8,-12,-129,0,18,1,1,0","adaqua,leg_up,124.8,-35.6,44,0,19,1,1,0","adaqua,leg_low,96.4,-5.6,-90,0,18,1,1,0","adaqua,foot,12.2,13.6,-129,0,20,1,1,0","adaqua,base,35.6,-60,71,0,22,1,1,0",,"adaqua,cloak,168,-148.4,-47,0,5,1,1,0","adaqua,cloak_wide,195.6,-118.8,-4,0,21,1,1,0",,,,,,,,,,,,,,,,,,,,,,,,,,,,,,,,,,,,,,,,,,,,,,,,,,,,,,,,,,,,,,,,,,,,,,,,,,,,,,,,,,,,,,,,,,,,,,,,,,,,
EXCLUDE_Menu/7,"adaqua,head,304.4,-184.8,9,0,4,1,1,0","adaqua,neck,301.6,-153.2,-35,0,12,1,1,0","adaqua,body,194.4,-98.4,-71,0,13,1,1,0","adaqua,arm_up,184.4,-134,-43,0,8,1,1,0","adaqua,arm_low,158,-58.8,20,0,7,1,1,0","white_human,open,202,2.4,53,0,10,1,1,0","adaqua,arm_up,328,-77.6,84,1,18,1,1,0","adaqua,arm_low,422.4,-87.6,107,0,18,1,1,0","white_human,open,492.4,-126.4,125,0,21,1,1,0","adaqua,leg_up,49.6,-78.4,-64.2,0,15,1,1,0","adaqua,leg_low,-51.2,-39.6,-73,0,14,1,1,0","adaqua,foot,-126.8,-12,-127,0,18,1,1,0","adaqua,leg_up,124.8,-35.6,44,0,19,1,1,0","adaqua,leg_low,96.4,-5.6,-90,0,18,1,1,0","adaqua,foot,12.2,13.6,-129,0,20,1,1,0","adaqua,base,35.6,-60,71,0,22,1,1,0",,"adaqua,cloak,168,-152.4,-49,0,5,1,1,0","adaqua,cloak_wide,195.6,-118.8,-4,0,21,1,1,0",,,,,,,,,,,,,,,,,,,,,,,,,,,,,,,,,,,,,,,,,,,,,,,,,,,,,,,,,,,,,,,,,,,,,,,,,,,,,,,,,,,,,,,,,,,,,,,,,,,,
Idle/0,"adaqua,head,20,-501.4,-1,0,4,1,1,0","adaqua,neck,8.4,-465.6,-7,0,12,1,1,0","adaqua,body,-4.4,-336.8,-3,0,13,1,1,0","adaqua,arm_up,-85,-374.4,-28.4,0,8,1,1,0","adaqua,arm_low,-136.8,-287.2,-22,0,7,1,1,0","white_human,open,-152,-209.6,-4,0,10,1,1,0","adaqua,arm_up,87.2,-396.4,53,1,24,1,1,0","adaqua,arm_low,172.4,-353.6,69,1,23,1,1,0","white_human,fist,230.4,-328.8,67,1,21,1,1,0","adaqua,leg_up,-55,-198.4,-20.2,0,15,1,1,0","adaqua,leg_low,-97,-92.4,-19,0,14,1,1,0","adaqua,foot,-92.8,-19.4,-5.1,0,18,1,1,0","adaqua,leg_up,50.4,-191.6,34.7,0,19,1,1,0","adaqua,leg_low,84,-93.4,3,0,18,1,1,0","adaqua,foot,110.2,-20.4,1,0,20,1,1,0","adaqua,base,209.6,-349.2,159,0,22,1,1,0","adaqua,quiver,2.8,-262.8,93,0,24,1,1,0","adaqua,cloak,-102.8,-360,-11,0,5,1,1,0","adaqua,cloak_wide,-47.6,-351.6,30,0,26,1,1,0",,,,,,,,,,,,,,,,,,,,,,,,,,,,,,,,,,,,,,,,,,,,,,,,,,,,,,,,,,,,,,,,,,,,,,,,,,,,,,,,,,,,,,,,,,,,,,,,,,,,
Idle/1,"adaqua,head,25,-496.4,-3,0,4,1,1,0","adaqua,neck,12.4,-461.6,-9,0,12,1,1,0","adaqua,body,-4.4,-332.8,-5,0,13,1,1,0","adaqua,arm_up,-89,-368.4,-30.4,0,8,1,1,0","adaqua,arm_low,-136.8,-284.2,-17,0,7,1,1,0","white_human,open,-150,-204.6,-8,0,10,1,1,0","adaqua,arm_up,87.2,-392.4,51,1,24,1,1,0","adaqua,arm_low,172.4,-345.6,66,1,23,1,1,0","white_human,fist,232.4,-312.8,65,1,21,1,1,0","adaqua,leg_up,-55,-194.4,-20.2,0,15,1,1,0","adaqua,leg_low,-96,-90.4,-20,0,14,1,1,0","adaqua,foot,-92.8,-19.4,-5.1,0,18,1,1,0","adaqua,leg_up,50.4,-187.6,36.7,0,19,1,1,0","adaqua,leg_low,85,-93.4,1,0,18,1,1,0","adaqua,foot,110.2,-20.4,1,0,20,1,1,0","adaqua,base,209.6,-335.2,158,0,22,1,1,0","adaqua,quiver,2.8,-258.8,91,0,24,1,1,0","adaqua,cloak,-102.8,-360,-14,0,5,1,1,0","adaqua,cloak_wide,-47.6,-351.6,27,0,26,1,1,0",,,,,,,,,,,,,,,,,,,,,,,,,,,,,,,,,,,,,,,,,,,,,,,,,,,,,,,,,,,,,,,,,,,,,,,,,,,,,,,,,,,,,,,,,,,,,,,,,,,,
Idle/2,"adaqua,head,29,-490.4,-5,0,4,1,1,0","adaqua,neck,14.4,-455.6,-9,0,12,1,1,0","adaqua,body,-4.4,-328.8,-5,0,13,1,1,0","adaqua,arm_up,-85,-368.4,-30.4,0,8,1,1,0","adaqua,arm_low,-127.8,-283.2,-9,0,7,1,1,0","white_human,open,-137,-199.6,-8,0,10,1,1,0","adaqua,arm_up,87.2,-384.4,52,1,24,1,1,0","adaqua,arm_low,172.4,-334.6,62,1,23,1,1,0","white_human,fist,237.4,-298.8,65,1,21,1,1,0","adaqua,leg_up,-59,-194.4,-22.2,0,15,1,1,0","adaqua,leg_low,-103,-88.4,-21,0,14,1,1,0","adaqua,foot,-98.8,-19.4,-6.1,0,18,1,1,0","adaqua,leg_up,50.4,-183.6,38.7,0,19,1,1,0","adaqua,leg_low,85,-89.4,-1,0,18,1,1,0","adaqua,foot,110.2,-20.4,1,0,20,1,1,0","adaqua,base,213.6,-326.2,154,0,22,1,1,0","adaqua,quiver,2.8,-254.8,89,0,24,1,1,0","adaqua,cloak,-106.8,-360,-18,0,5,1,1,0","adaqua,cloak_wide,-47.6,-355.6,23,0,26,1,1,0",,,,,,,,,,,,,,,,,,,,,,,,,,,,,,,,,,,,,,,,,,,,,,,,,,,,,,,,,,,,,,,,,,,,,,,,,,,,,,,,,,,,,,,,,,,,,,,,,,play_time_mod_1.25,,
Idle/3,"adaqua,head,32,-483.4,-7,0,4,1,1,0","adaqua,neck,18.4,-453.6,-18,0,12,1,1,0","adaqua,body,-4.4,-324.8,-7,0,13,1,1,0","adaqua,arm_up,-87,-364.4,-35.4,0,8,1,1,0","adaqua,arm_low,-126.8,-286.2,-5,0,7,1,1,0","white_human,open,-129,-206.6,-4,0,10,1,1,0","adaqua,arm_up,87.2,-374.4,52,1,24,1,1,0","adaqua,arm_low,173.4,-321.6,58,1,23,1,1,0","white_human,fist,235.4,-281.8,64,1,21,1,1,0","adaqua,leg_up,-63,-194.4,-24.2,0,15,1,1,0","adaqua,leg_low,-108,-88.4,-20,0,14,1,1,0","adaqua,foot,-102.8,-19.4,-8.1,0,18,1,1,0","adaqua,leg_up,54.4,-179.6,40.7,0,19,1,1,0","adaqua,leg_low,87,-89.4,-2,0,18,1,1,0","adaqua,foot,110.2,-20.4,1,0,20,1,1,0","adaqua,base,212.6,-306.2,150,0,22,1,1,0","adaqua,quiver,2.8,-250.8,87,0,23,1,1,0","adaqua,cloak,-106.8,-364,-23,0,5,1,1,0","adaqua,cloak_wide,-47.6,-359.6,18,0,26,1,1,0",,,,,,,,,,,,,,,,,,,,,,,,,,,,,,,,,,,,,,,,,,,,,,,,,,,,,,,,,,,,,,,,,,,,,,,,,,,,,,,,,,,,,,,,,,,,,,,,,,play_time_mod_1.7,,
Idle/4,"adaqua,head,35,-483,-8,0,4,1,1,0","adaqua,neck,19,-453,-20,0,12,1,1,0","adaqua,body,-4,-323,-8,0,13,1,1,0","adaqua,arm_up,-86,-364,-35.4,0,8,1,1,0","adaqua,arm_low,-125,-286,-5,0,7,1,1,0","white_human,open,-128,-206,-4,0,10,1,1,0","adaqua,arm_up,88,-373,51,1,24,1,1,0","adaqua,arm_low,173,-319,57,1,23,1,1,0","white_human,fist,234,-278,63,1,21,1,1,0","adaqua,leg_up,-63,-194.4,-24.2,0,15,1,1,0","adaqua,leg_low,-108,-88.4,-20,0,14,1,1,0","adaqua,foot,-102.8,-19.4,-8.1,0,18,1,1,0","adaqua,leg_up,54.4,-179.6,40.7,0,19,1,1,0","adaqua,leg_low,87,-89.4,-2,0,18,1,1,0","adaqua,foot,110.2,-20.4,1,0,20,1,1,0","adaqua,base,212,-301,149,0,22,1,1,0","adaqua,quiver,2,-249,86,0,23,1,1,0","adaqua,cloak,-105,-364,-23,0,5,1,1,0","adaqua,cloak_wide,-46,-359,18,0,26,1,1,0",,,,,,,,,,,,,,,,,,,,,,,,,,,,,,,,,,,,,,,,,,,,,,,,,,,,,,,,,,,,,,,,,,,,,,,,,,,,,,,,,,,,,,,,,,,,,,,,,,,,
Idle/5,"adaqua,head,29,-490.4,-5,0,4,1,1,0","adaqua,neck,14.4,-455.6,-9,0,12,1,1,0","adaqua,body,-4.4,-328.8,-5,0,13,1,1,0","adaqua,arm_up,-85,-368.4,-30.4,0,8,1,1,0","adaqua,arm_low,-127.8,-283.2,-9,0,7,1,1,0","white_human,open,-137,-199.6,-8,0,10,1,1,0","adaqua,arm_up,87.2,-384.4,52,1,24,1,1,0","adaqua,arm_low,172.4,-334.6,62,1,23,1,1,0","white_human,fist,237.4,-298.8,65,1,21,1,1,0","adaqua,leg_up,-59,-194.4,-22.2,0,15,1,1,0","adaqua,leg_low,-103,-88.4,-21,0,14,1,1,0","adaqua,foot,-98.8,-19.4,-6.1,0,18,1,1,0","adaqua,leg_up,50.4,-183.6,38.7,0,19,1,1,0","adaqua,leg_low,85,-89.4,-1,0,18,1,1,0","adaqua,foot,110.2,-20.4,1,0,20,1,1,0","adaqua,base,213.6,-326.2,154,0,22,1,1,0","adaqua,quiver,2.8,-254.8,89,0,24,1,1,0","adaqua,cloak,-106.8,-360,-18,0,5,1,1,0","adaqua,cloak_wide,-47.6,-355.6,23,0,26,1,1,0",,,,,,,,,,,,,,,,,,,,,,,,,,,,,,,,,,,,,,,,,,,,,,,,,,,,,,,,,,,,,,,,,,,,,,,,,,,,,,,,,,,,,,,,,,,,,,,,,,play_time_mod_1.3,,
Idle/6,"adaqua,head,25,-496.4,-3,0,4,1,1,0","adaqua,neck,12.4,-461.6,-9,0,12,1,1,0","adaqua,body,-4.4,-332.8,-5,0,13,1,1,0","adaqua,arm_up,-89,-368.4,-30.4,0,8,1,1,0","adaqua,arm_low,-136.8,-284.2,-17,0,7,1,1,0","white_human,open,-150,-204.6,-8,0,10,1,1,0","adaqua,arm_up,87.2,-392.4,51,1,24,1,1,0","adaqua,arm_low,172.4,-345.6,66,1,23,1,1,0","white_human,fist,232.4,-312.8,65,1,21,1,1,0","adaqua,leg_up,-55,-194.4,-20.2,0,15,1,1,0","adaqua,leg_low,-96,-90.4,-20,0,14,1,1,0","adaqua,foot,-92.8,-19.4,-5.1,0,18,1,1,0","adaqua,leg_up,50.4,-187.6,36.7,0,19,1,1,0","adaqua,leg_low,85,-93.4,1,0,18,1,1,0","adaqua,foot,110.2,-20.4,1,0,20,1,1,0","adaqua,base,209.6,-335.2,154,0,22,1,1,0","adaqua,quiver,2.8,-258.8,91,0,24,1,1,0","adaqua,cloak,-102.8,-360,-14,0,5,1,1,0","adaqua,cloak_wide,-47.6,-351.6,27,0,26,1,1,0",,,,,,,,,,,,,,,,,,,,,,,,,,,,,,,,,,,,,,,,,,,,,,,,,,,,,,,,,,,,,,,,,,,,,,,,,,,,,,,,,,,,,,,,,,,,,,,,,,play_time_mod_1.5,,
Knockdown/0,"adaqua,angry,-22,-495.4,14,0,4,1,1,0","adaqua,neck,-21.6,-461.6,-21,0,12,1,1,0","adaqua,body,-16.4,-340.8,11,0,13,1,1,0","adaqua,arm_up,-119,-362.4,-31.4,0,8,1,1,0","adaqua,arm_low,-155.8,-276.2,-2,0,7,1,1,0","white_human,open,-151,-193,1,0,10,1,1,0","adaqua,arm_up,69.2,-396.4,48,1,24,1,1,0","adaqua,arm_low,157.4,-351.6,75,1,23,1,1,0","white_human,fist,223.4,-338.8,86,1,21,1,1,0","adaqua,leg_up,-39,-210.4,-15.2,0,15,1,1,0","adaqua,leg_low,-89,-104.4,-31,0,14,1,1,0","adaqua,foot,-100.8,-35.4,-17.1,0,18,1,1,0","adaqua,leg_up,66.4,-205.6,39.7,0,19,1,1,0","adaqua,leg_low,100,-106,6,0,18,1,1,0","adaqua,foot,132,-32,4,0,20,1,1,0","adaqua,base,194.6,-359.2,171,0,22,1,1,0","adaqua,quiver,-7.2,-264.8,95,0,24,1,1,0","adaqua,cloak,-150.8,-390,-39,0,5,1,1,0","adaqua,cloak_wide,-91.6,-382.6,28,0,26,1,1,0",,,,,,,,,,,,,,,,,,,,,,,,,,,,,,,,,,,,,,,,,,,,,,,,,,,,,,,,,,,,,,,,,,,,,,,,,,,,,,,,,,,,,,,,,,,,,,,,,,,play_time_mod_0.5,
Knockdown/1,"adaqua,angry,-133,-462.4,54,0,4,1,1,0","adaqua,neck,-110.6,-437.6,17,0,12,1,1,0","adaqua,body,-50.4,-328.8,33,0,13,1,1,0","adaqua,arm_up,-163,-319.4,-20.4,0,8,1,1,0","adaqua,arm_low,-163.8,-240.2,43,0,7,1,1,0","white_human,open,-108,-186,43,0,10,1,1,0","adaqua,arm_up,-5.8,-404.4,69,1,24,1,1,0","adaqua,arm_low,94.4,-383.6,79,1,23,1,1,0","white_human,fist,164.4,-371.8,89,1,21,1,1,0","adaqua,leg_up,-26,-178,-5.2,0,15,1,1,0","adaqua,leg_low,-54,-96,-27,0,14,1,1,0","adaqua,foot,-58,-20,-13.1,0,18,1,1,0","adaqua,leg_up,66,-240,54.7,0,19,1,1,0","adaqua,leg_low,140,-160,33,0,18,1,1,0","adaqua,foot,192,-94,4,0,20,1,1,0","adaqua,base,135.6,-392.2,174,0,22,1,1,0","adaqua,quiver,-25.2,-268.8,113,0,24,1,1,0","adaqua,cloak,-216.8,-344,-39,0,5,1,1,0","adaqua,cloak_wide,-141.6,-349.6,27,0,26,1,1,0",,,,,,,,,,,,,,,,,,,,,,,,,,,,,,,,,,,,,,,,,,,,,,,,,,,,,,,,,,,,,,,,,,,,,,,,,,,,,,,,,,,,,,,,,,,,,,,,,,,play_time_mod_0.5,
Knockdown/2,"adaqua,hurt,-176,-433.4,72,0,4,1,1,0","adaqua,neck,-141.6,-422.6,47,0,12,1,1,0","adaqua,body,-58.4,-324.8,43,0,13,1,1,0","adaqua,arm_up,-146,-302,21,0,8,1,1,0","adaqua,arm_low,-102.8,-239.2,64,0,7,1,1,0","white_human,open,-30,-207,63,0,10,1,1,0","adaqua,arm_up,-26.8,-413.4,73,1,24,1,1,0","adaqua,arm_low,76.4,-398.6,83,1,23,1,1,0","white_human,fist,146.4,-392.8,96,1,21,1,1,0","adaqua,leg_up,-4,-184,19,0,15,1,1,0","adaqua,leg_low,-6,-94,-16,0,14,1,1,0","adaqua,foot,0,-26,-13.1,0,18,1,1,0","adaqua,leg_up,66,-246,58.7,0,19,1,1,0","adaqua,leg_low,140,-166,30,0,18,1,1,0","adaqua,foot,192,-106,8,0,20,1,1,0","adaqua,base,111.6,-398.2,-173,0,22,1,1,0","adaqua,quiver,-25.2,-268.8,123,0,24,1,1,0","adaqua,cloak,-240.8,-342,-46,0,5,1,1,0","adaqua,cloak_wide,-179.6,-343.6,27,0,26,1,1,0",,,,,,,,,,,,,,,,,,,,,,,,,,,,,,,,,,,,,,,,,,,,,,,,,,,,,,,,,,,,,,,,,,,,,,,,,,,,,,,,,,,,,,,,,,,,,,,,,,hold,play_time_mod_0.5,
Knockdown/3,"adaqua,hurt,-210,-350,73,0,4,1,1,0","adaqua,neck,-177.6,-331.6,63,0,12,1,1,0","adaqua,body,-76.4,-270.8,59,0,13,1,1,0","adaqua,arm_up,-144,-224,44,0,8,1,1,0","adaqua,arm_low,-70.8,-177.2,93,0,7,1,1,0","white_human,open,9,-197,110,0,10,1,1,0","adaqua,arm_up,-66.6,-353.8,78,1,24,1,1,0","adaqua,arm_low,30.6,-349,88,1,23,1,1,0","white_human,fist,100.6,-350.2,97,1,21,1,1,0","adaqua,leg_up,20,-176,43,0,15,1,1,0","adaqua,leg_low,52,-94,3,0,14,1,1,0","adaqua,foot,78,-22,-13.1,0,18,1,1,0","adaqua,leg_up,72,-242,76.7,0,19,1,1,0","adaqua,leg_low,159,-182,34,0,18,1,1,0","adaqua,foot,222,-124,18,0,20,1,1,0","adaqua,base,67.8,-358.6,-172,0,22,1,1,0","adaqua,quiver,-21.2,-248.8,160,0,26,1,1,0","adaqua,cloak,-266.8,-266,-71,0,5,1,1,0","adaqua,cloak_wide,-235.6,-295.6,22,0,26,1,1,0",,,,,,,,,,,,,,,,,,,,,,,,,,,,,,,,,,,,,,,,,,,,,,,,,,,,,,,,,,,,,,,,,,,,,,,,,,,,,,,,,,,,,,,,,,,,,,,,,,,play_time_mod_0.5,
Knockdown/4,"adaqua,hurt,-224,-198,108,0,4,1,1,0","adaqua,neck,-201.6,-193.6,84,0,12,1,1,0","adaqua,body,-76.4,-212.8,103,0,13,1,1,0","adaqua,arm_up,-93,-129.4,85,0,8,1,1,0","adaqua,arm_low,4,-126,103,0,7,1,1,0","white_human,open,78,-161,119,0,10,1,1,0","adaqua,arm_up,-118,-274,109,1,24,1,1,0","adaqua,arm_low,-42,-314,115,1,23,1,1,0","white_human,fist,14,-344,120,1,21,1,1,0","adaqua,leg_up,58,-188,59,0,15,1,1,0","adaqua,leg_low,130,-112,33,0,14,1,1,0","adaqua,foot,188,-52,12,0,18,1,1,0","adaqua,leg_up,72,-252,86.7,0,19,1,1,0","adaqua,leg_low,166,-206,52,0,18,1,1,0","adaqua,foot,238,-166,30,0,20,1,1,0","adaqua,base,-30,-360,-142,0,22,1,1,0","adaqua,quiver,-21.2,-248.8,-160,0,26,1,1,0","adaqua,cloak,-232,-134,-118,1,5,1,1,0","adaqua,cloak_wide,-194,-194,22,0,26,1,1,0",,,,,,,,,,,,,,,,,,,,,,,,,,,,,,,,,,,,,,,,,,,,,,,,,,,,,,,,,,,,,,,,,,,,,,,,,,,,,,,,,,,,,,,,,,,,,,,,,,,play_time_mod_0.5,
Knockdown/5,"adaqua,hurt,-219,-54,133,0,4,1,1,0","adaqua,neck,-188.6,-66.6,102,0,12,1,1,0","adaqua,body,-76.4,-106.8,112,0,13,1,1,0","adaqua,arm_up,-82,-24.4,102,0,8,1,1,0","adaqua,arm_low,1,-58,139,0,7,1,1,0","white_human,open,47,-125,143,0,10,1,1,0","adaqua,arm_up,-139,-157,121,1,24,1,1,0","adaqua,arm_low,-66,-212,125,1,23,1,1,0","white_human,fist,-4,-252,129,1,21,1,1,0","adaqua,leg_up,62,-92,68,0,15,1,1,0","adaqua,leg_low,150,-21,33,0,14,1,1,0","adaqua,foot,214,35,22,0,18,1,1,0","adaqua,leg_up,64,-164,95.7,0,19,1,1,0","adaqua,leg_low,169,-148,66,0,18,1,1,0","adaqua,foot,251,-127,36,0,20,1,1,0","adaqua,base,-62,-266,-129,0,22,1,1,0","adaqua,quiver,-21.2,-146.8,-160,0,26,1,1,0","adaqua,cloak,-220,-24,-112,1,5,1,1,0","adaqua,cloak_wide,-194,-104,17,0,26,1,1,0",,,,,,,,,,,,,,,,,,,,,,,,,,,,,,,,,,,,,,,,,,,,,,,,,,,,,,,,,,,,,,,,,,,,,,,,,,,,,,,,,,,,,,,,,,,,,,,,,,,play_time_mod_0.5,
Knockdown/6,"adaqua,hurt,-222,-102,72,0,4,1,1,0","adaqua,neck,-192,-84,78,0,12,1,1,0","adaqua,body,-76.4,-60.8,80,0,13,1,1,0","adaqua,arm_up,-125,-10.4,83,0,8,1,1,0","adaqua,arm_low,-38,-20,129,0,7,1,1,0","white_human,open,22,-74,127,0,10,1,1,0","adaqua,arm_up,-116,-144,106,1,24,1,1,0","adaqua,arm_low,-45,-175,113,1,23,1,1,0","white_human,fist,23,-203,117,1,21,1,1,0","adaqua,leg_up,62,-34,107,0,15,1,1,0","adaqua,leg_low,162,-27,65,0,14,1,1,0","adaqua,foot,234,-8,30,0,18,1,1,0","adaqua,leg_up,58,-86,104.7,0,19,1,1,0","adaqua,leg_low,160,-81,68,0,18,1,1,0","adaqua,foot,243,-64,40,0,20,1,1,0","adaqua,base,-35,-217,-141,0,22,1,1,0","adaqua,quiver,-15.2,-60.8,-174,0,26,1,1,0","adaqua,cloak,-248,-20,-120,1,5,1,1,0","adaqua,cloak_wide,-194,-104,17,0,26,1,1,0",,,,,,,,,,,,,,,,,,,,,,,,,,,,,,,,,,,,,,,,,,,,,,,,,,,,,,,,,,,,,,,,,,,,,,,,,,,,,,,,,,,,,,,,,,,,,,,,,,,play_time_mod_0.5,
Knockdown/7,"adaqua,hurt,-243,-51,102,0,4,1,1,0","adaqua,neck,-200,-53,76,0,12,1,1,0","adaqua,body,-76.4,-38.8,87,0,13,1,1,0","adaqua,arm_up,-133,17.6,90,0,8,1,1,0","adaqua,arm_low,-38,12,109,0,7,1,1,0","white_human,open,34,-18,110,0,10,1,1,0","adaqua,arm_up,-116,-89,92,1,24,1,1,0","adaqua,arm_low,-36,-104,98,1,23,1,1,0","white_human,fist,36,-114,100,1,21,1,1,0","adaqua,leg_up,62,-4,93,0,15,1,1,0","adaqua,leg_low,162,8,77,0,14,1,1,0","adaqua,foot,242,0,59,0,18,1,1,0","adaqua,leg_up,58,-66,104.7,0,19,1,1,0","adaqua,leg_low,161,-59,65,0,18,1,1,0","adaqua,foot,238,-34,34,0,20,1,1,0","adaqua,base,-4,-134,-164,0,22,1,1,0","adaqua,quiver,-15.2,-44.8,-174,0,26,1,1,0","adaqua,cloak,-252,-4,-65,0,5,1,1,0","adaqua,cloak_wide,-228,-36,25,0,26,1,1,0",,,,,,,,,,,,,,,,,,,,,,,,,,,,,,,,,,,,,,,,,,,,,,,,,,,,,,,,,,,,,,,,,,,,,,,,,,,,,,,,,,,,,,,,,,,,,,,,,,,play_time_mod_0.5,
Knockdown/8,"adaqua,close,-234,-22,129,0,4,1,1,0","adaqua,neck,-202,-42,102,0,12,1,1,0","adaqua,body,-76.4,-38.8,87,0,13,1,1,0","adaqua,arm_up,-133,19.6,88,0,8,1,1,0","adaqua,arm_low,-38,28,90,0,7,1,1,0","white_human,open,42,24,89,0,10,1,1,0","adaqua,arm_up,-116,-64,72,1,24,1,1,0","adaqua,arm_low,-36,-56,89,1,23,1,1,0","white_human,fist,36,-66,65,1,21,1,1,0","adaqua,leg_up,62,0,91,0,15,1,1,0","adaqua,leg_low,162,12,79,0,14,1,1,0","adaqua,foot,242,8,56,0,18,1,1,0","adaqua,leg_up,58,-66,104.7,0,19,1,1,0","adaqua,leg_low,160,-51,57,0,18,1,1,0","adaqua,foot,235,-18,21,0,20,1,1,0","adaqua,base,36,-74,126,0,22,1,1,0","adaqua,quiver,-15.2,-44.8,-174,0,26,1,1,0","adaqua,cloak,-252,6,-59,0,5,1,1,0","adaqua,cloak_wide,-228,-20,25,0,26,1,1,0",,,,,,,,,,,,,,,,,,,,,,,,,,,,,,,,,,,,,,,,,,,,,,,,,,,,,,,,,,,,,,,,,,,,,,,,,,,,,,,,,,,,,,,,,,,,,,,,,,play_time_mod_5,play_time_mod_0.5,
Run/0,"adaqua,head,67,-487.4,-1,0,4,1,1,0","adaqua,neck,55.4,-455.6,-27,0,12,1,1,0","adaqua,body,17.6,-334.8,-13,0,13,1,1,0","adaqua,arm_up,-22,-375.4,0,0,8,1,1,0","adaqua,arm_low,2,-298,56,0,7,1,1,0","white_human,open,72,-246,48,0,10,1,1,0","adaqua,arm_up,52,-362,-25,1,18,1,1,0","adaqua,arm_low,10,-290,-23,1,18,1,1,0","white_human,fist,6,-260,8,1,21,1,1,0","adaqua,leg_up,-51,-194.4,-15.2,0,15,1,1,0","adaqua,leg_low,-87,-94.4,-23,0,14,1,1,0","adaqua,foot,-92.8,-21.4,-22.1,0,18,1,1,0","adaqua,leg_up,52.4,-197.6,40.7,0,19,1,1,0","adaqua,leg_low,98,-103.4,12,0,18,1,1,0","adaqua,foot,136,-44,16,0,20,1,1,0","adaqua,base,0,-236,93,0,23,1,1,0","adaqua,quiver,2.8,-272.8,81,0,24,1,1,0","adaqua,cloak,-96.8,-438,-120,1,5,1,1,0","adaqua,cloak_wide,-52.6,-478.6,-11,0,20,1,1,0",,,,,,,,,,,,,,,,,,,,,,,,,,,,,,,,,,,,,,,,,,,,,,,,,,,,,,,,,,,,,,,,,,,,,,,,,,,,,,,,,,,,,,,,,,,,,,,,,,,play_time_mod_0.8,
Run/1,"adaqua,head,103,-467.4,-9,0,4,1,1,0","adaqua,neck,90.4,-438.6,-34,0,12,1,1,0","adaqua,body,31.6,-322.8,-20,0,13,1,1,0","adaqua,arm_up,11,-358.4,12,0,8,1,1,0","adaqua,arm_low,58,-284,68,0,7,1,1,0","white_human,open,130,-260,68,0,10,1,1,0","adaqua,arm_up,70,-354,-55,1,18,1,1,0","adaqua,arm_low,10,-290,-23,1,18,1,1,0","white_human,fist,6,-260,8,1,21,1,1,0","adaqua,leg_up,-67,-188.4,-29.2,0,15,1,1,0","adaqua,leg_low,-133,-96.4,-39,0,14,1,1,0","adaqua,foot,-156,-28,-32.1,0,18,1,1,0","adaqua,leg_up,66.4,-183.6,41.7,0,19,1,1,0","adaqua,leg_low,130,-86,28,0,18,1,1,0","adaqua,foot,178,-22,1,0,20,1,1,0","adaqua,base,-6,-286,66,0,23,1,1,0","adaqua,quiver,19.8,-273.8,73,0,24,1,1,0","adaqua,cloak,-62.8,-436,-123,1,5,1,1,0","adaqua,cloak_wide,-14.6,-478.6,-11,0,20,1,1,0",,,,,,,,,,,,,,,,,,,,,,,,,,,,,,,,,,,,,,,,,,,,,,,,,,,,,,,,,,,,,,,,,,,,,,,,,,,,,,,,,,,,,,,,,,,,,,,,,,,play_time_mod_0.8,
Run/2,"adaqua,head,81,-478.4,2,0,4,1,1,0","adaqua,neck,72.4,-450.6,-19,0,12,1,1,0","adaqua,body,27.6,-326.8,-17,0,13,1,1,0","adaqua,arm_up,-7,-366.4,4,0,8,1,1,0","adaqua,arm_low,30,-288,66,0,7,1,1,0","white_human,open,102,-262,66,0,10,1,1,0","adaqua,arm_up,82,-354,-26,1,18,1,1,0","adaqua,arm_low,10,-290,-23,1,18,1,1,0","white_human,fist,6,-260,8,1,21,1,1,0","adaqua,leg_up,-55,-192.4,-18.2,0,15,1,1,0","adaqua,leg_low,-109,-106.4,-50,0,14,1,1,0","adaqua,foot,-145,-50,-51.1,0,18,1,1,0","adaqua,leg_up,56.4,-183.6,32.7,0,19,1,1,0","adaqua,leg_low,84,-86,1,0,18,1,1,0","adaqua,foot,116,-16,1,0,20,1,1,0","adaqua,base,34,-254,86,0,23,1,1,0","adaqua,quiver,16.8,-280.8,71,0,24,1,1,0","adaqua,cloak,-63.8,-462,-94,0,5,1,1,0","adaqua,cloak_wide,-36.6,-465.6,-1,0,20,1,1,0",,,,,,,,,,,,,,,,,,,,,,,,,,,,,,,,,,,,,,,,,,,,,,,,,,,,,,,,,,,,,,,,,,,,,,,,,,,,,,,,,,,,,,,,,,,,,,,,,,,play_time_mod_0.8,
Run/3,"adaqua,head,60,-491.4,2,0,4,1,1,0","adaqua,neck,47.4,-449.6,-27,0,12,1,1,0","adaqua,body,17.6,-332.8,-11,0,13,1,1,0","adaqua,arm_up,-35,-370.4,-7,0,8,1,1,0","adaqua,arm_low,-12,-301,66,0,7,1,1,0","white_human,open,60,-275,66,0,10,1,1,0","adaqua,arm_up,82,-358,-5,1,18,1,1,0","adaqua,arm_low,72,-278,-18,1,18,1,1,0","white_human,fist,88,-214,16,1,21,1,1,0","adaqua,leg_up,-31,-192.4,-2.2,0,15,1,1,0","adaqua,leg_low,-69,-106.4,-49,0,14,1,1,0","adaqua,foot,-110,-48,-67.1,0,18,1,1,0","adaqua,leg_up,48.4,-183.6,24.7,0,19,1,1,0","adaqua,leg_low,72,-86,6,0,18,1,1,0","adaqua,foot,102,-16,1,0,20,1,1,0","adaqua,base,74,-252,98,0,23,1,1,0","adaqua,quiver,16.8,-276.8,81,0,24,1,1,0","adaqua,cloak,-74.8,-466,-97,0,5,1,1,0","adaqua,cloak_wide,-46.6,-467.6,-6,0,20,1,1,0",,,,,,,,,,,,,,,,,,,,,,,,,,,,,,,,,,,,,,,,,,,,,,,,,,,,,,,,,,,,,,,,,,,,,,,,,,,,,,,,,,,,,,,,,,,,,,,,,,,play_time_mod_0.8,
Run/4,"adaqua,head,63,-495.4,-1,0,4,1,1,0","adaqua,neck,49.4,-458.6,-23,0,12,1,1,0","adaqua,body,17.6,-342.8,-11,0,13,1,1,0","adaqua,arm_up,-38,-385.4,-14,0,8,1,1,0","adaqua,arm_low,-24,-310,57,0,7,1,1,0","white_human,open,46,-266,53,0,10,1,1,0","adaqua,arm_up,90,-368,2,1,18,1,1,0","adaqua,arm_low,98,-280,5,1,18,1,1,0","white_human,fist,108,-210,18,1,21,1,1,0","adaqua,leg_up,-17,-200.4,13.8,0,15,1,1,0","adaqua,leg_low,-22,-107.4,-24,0,14,1,1,0","adaqua,foot,-34,-40,-36.1,0,18,1,1,0","adaqua,leg_up,36.4,-197.6,3.7,0,19,1,1,0","adaqua,leg_low,34,-88,-3,0,18,1,1,0","adaqua,foot,54,-18,-1,0,20,1,1,0","adaqua,base,94,-240,100,0,23,1,1,0","adaqua,quiver,14.8,-286.8,87,0,24,1,1,0","adaqua,cloak,-84.8,-448,-125,1,5,1,1,0","adaqua,cloak_wide,-34.6,-487.6,-16,1,20,1,1,0",,,,,,,,,,,,,,,,,,,,,,,,,,,,,,,,,,,,,,,,,,,,,,,,,,,,,,,,,,,,,,,,,,,,,,,,,,,,,,,,,,,,,,,,,,,,,,,,,,,play_time_mod_0.8,
Run/5,"adaqua,head,78,-492.4,-4,0,4,1,1,0","adaqua,neck,63.4,-457.6,-28,0,12,1,1,0","adaqua,body,25.6,-342.8,-16,0,13,1,1,0","adaqua,arm_up,-37,-396.4,-30,0,8,1,1,0","adaqua,arm_low,-57,-315,22,0,7,1,1,0","white_human,open,-17,-247,31,0,10,1,1,0","adaqua,arm_up,112,-376,22,1,18,1,1,0","adaqua,arm_low,162,-296,35,1,18,1,1,0","white_human,fist,200,-238,33,1,21,1,1,0","adaqua,leg_up,-1,-206.4,36,0,15,1,1,0","adaqua,leg_low,42,-118,17,0,14,1,1,0","adaqua,foot,78,-48,-9,0,16,1,1,0","adaqua,leg_up,24.4,-197.6,-11.3,0,19,1,1,0","adaqua,leg_low,-6,-88,-18,0,18,1,1,0","adaqua,foot,8,-18,-7,0,20,1,1,0","adaqua,base,170,-256,130,0,23,1,1,0","adaqua,quiver,14.8,-273.8,81,0,24,1,1,0","adaqua,cloak,-79.8,-443,-122,1,5,1,1,0","adaqua,cloak_wide,-32.6,-485.6,-12,1,20,1,1,0",,,,,,,,,,,,,,,,,,,,,,,,,,,,,,,,,,,,,,,,,,,,,,,,,,,,,,,,,,,,,,,,,,,,,,,,,,,,,,,,,,,,,,,,,,,,,,,,,,,play_time_mod_0.8,
Run/6,"adaqua,head,94,-481.4,-7,0,4,1,1,0","adaqua,neck,80.4,-449.6,-32,0,12,1,1,0","adaqua,body,33.6,-334.8,-18,0,13,1,1,0","adaqua,arm_up,-35,-391.4,-45,0,8,1,1,0","adaqua,arm_low,-89,-313,-7,0,7,1,1,0","white_human,open,-93,-232,-5,0,10,1,1,0","adaqua,arm_up,132,-368,36,1,18,1,1,0","adaqua,arm_low,198,-294,42,1,18,1,1,0","white_human,fist,240,-244,40,1,21,1,1,0","adaqua,leg_up,17,-212.4,41,0,15,1,1,0","adaqua,leg_low,74,-112,20,0,14,1,1,0","adaqua,foot,114,-44,-9,0,16,1,1,0","adaqua,leg_up,16.4,-197.6,-25.3,0,19,1,1,0","adaqua,leg_low,-30,-92,-22,0,18,1,1,0","adaqua,foot,-30,-18,1,0,20,1,1,0","adaqua,base,214,-264,139,0,23,1,1,0","adaqua,quiver,18.8,-264.8,76,0,24,1,1,0","adaqua,cloak,-64.8,-464,-90,0,5,1,1,0","adaqua,cloak_wide,-33.6,-469.6,2,0,20,1,1,0",,,,,,,,,,,,,,,,,,,,,,,,,,,,,,,,,,,,,,,,,,,,,,,,,,,,,,,,,,,,,,,,,,,,,,,,,,,,,,,,,,,,,,,,,,,,,,,,,,,play_time_mod_0.8,
Run/7,"adaqua,head,107,-466.4,-5,0,4,1,1,0","adaqua,neck,95.4,-430.6,-29,0,12,1,1,0","adaqua,body,51.6,-318.8,-18,0,13,1,1,0","adaqua,arm_up,-26,-393.4,-63,0,8,1,1,0","adaqua,arm_low,-106,-343,-39,0,7,1,1,0","white_human,open,-152,-277,-38,0,10,1,1,0","adaqua,arm_up,150,-362,53,1,18,1,1,0","adaqua,arm_low,244,-318,73,1,18,1,1,0","white_human,fist,304,-300,73,1,21,1,1,0","adaqua,leg_up,35,-190.4,36,0,15,1,1,0","adaqua,leg_low,88,-90,20,0,14,1,1,0","adaqua,foot,138,-21,9,0,16,1,1,0","adaqua,leg_up,16.4,-181.6,-34.3,0,19,1,1,0","adaqua,leg_low,-58,-94,-38,0,18,1,1,0","adaqua,foot,-78,-26,-32,0,20,1,1,0","adaqua,base,276,-312,155,0,23,1,1,0","adaqua,quiver,36.8,-252.8,69,0,24,1,1,0","adaqua,cloak,-36.8,-454,-101,0,5,1,1,0","adaqua,cloak_wide,-7.6,-458.6,-5,0,20,1,1,0",,,,,,,,,,,,,,,,,,,,,,,,,,,,,,,,,,,,,,,,,,,,,,,,,,,,,,,,,,,,,,,,,,,,,,,,,,,,,,,,,,,,,,,,,,,,,,,,,,,play_time_mod_0.8,
Run/8,"adaqua,head,79,-479.4,2,0,4,1,1,0","adaqua,neck,72.4,-443.6,-25,0,12,1,1,0","adaqua,body,37.6,-328.8,-15,0,13,1,1,0","adaqua,arm_up,-40,-383.4,-48,0,8,1,1,0","adaqua,arm_low,-92,-311,-5,0,7,1,1,0","white_human,open,-94,-233,-7,0,10,1,1,0","adaqua,arm_up,136,-362,39,1,18,1,1,0","adaqua,arm_low,212,-298,56,1,18,1,1,0","white_human,fist,266,-262,65,1,21,1,1,0","adaqua,leg_up,0,-200.4,19,0,15,1,1,0","adaqua,leg_low,26,-89,8,0,14,1,1,0","adaqua,foot,53,-20,-3,0,16,1,1,0","adaqua,leg_up,32.4,-181.6,-14.3,0,19,1,1,0","adaqua,leg_low,-8,-107,-54,0,18,1,1,0","adaqua,foot,-51,-51,-59,0,20,1,1,0","adaqua,base,234,-272,149,0,23,1,1,0","adaqua,quiver,22.8,-263.8,80,0,24,1,1,0","adaqua,cloak,-68.8,-420,-112,1,5,1,1,0","adaqua,cloak_wide,-31.6,-465.6,-3,0,20,1,1,0",,,,,,,,,,,,,,,,,,,,,,,,,,,,,,,,,,,,,,,,,,,,,,,,,,,,,,,,,,,,,,,,,,,,,,,,,,,,,,,,,,,,,,,,,,,,,,,,,,,play_time_mod_0.8,
Run/9,"adaqua,head,50,-494.4,-1,0,4,1,1,0","adaqua,neck,41.4,-454.6,-25,0,12,1,1,0","adaqua,body,19.6,-336.8,-7,0,13,1,1,0","adaqua,arm_up,-48,-379.4,-20,0,8,1,1,0","adaqua,arm_low,-62,-290,20,0,7,1,1,0","white_human,open,-26,-218,30,0,10,1,1,0","adaqua,arm_up,96,-370,19,1,18,1,1,0","adaqua,arm_low,134,-282,23,1,18,1,1,0","white_human,fist,158,-218,25,1,21,1,1,0","adaqua,leg_up,-6,-200.4,6,0,15,1,1,0","adaqua,leg_low,-4,-89,-2,0,14,1,1,0","adaqua,foot,16,-20,1,0,16,1,1,0","adaqua,leg_up,51.4,-189.6,9,0,19,1,1,0","adaqua,leg_low,25,-105,-50,0,18,1,1,0","adaqua,foot,-28,-47,-68,0,20,1,1,0","adaqua,base,130,-240,109,0,23,1,1,0","adaqua,quiver,10.8,-266.8,87,0,24,1,1,0","adaqua,cloak,-94.8,-446,-82,0,5,1,1,0","adaqua,cloak_wide,-61.6,-456.6,10,0,20,1,1,0",,,,,,,,,,,,,,,,,,,,,,,,,,,,,,,,,,,,,,,,,,,,,,,,,,,,,,,,,,,,,,,,,,,,,,,,,,,,,,,,,,,,,,,,,,,,,,,,,,,play_time_mod_0.8,
Run/10,"adaqua,head,57,-493.4,-4,0,4,1,1,0","adaqua,neck,46.4,-454.6,-26,0,12,1,1,0","adaqua,body,22.6,-336.8,-9,0,13,1,1,0","adaqua,arm_up,-38,-376.4,-11,0,8,1,1,0","adaqua,arm_low,-45,-290,20,0,7,1,1,0","white_human,open,-9,-218,30,0,10,1,1,0","adaqua,arm_up,87,-370,8,1,18,1,1,0","adaqua,arm_low,110,-280,13,1,18,1,1,0","white_human,fist,122,-206,13,1,21,1,1,0","adaqua,leg_up,-29,-200.4,-12,0,15,1,1,0","adaqua,leg_low,-58,-89,-19,0,14,1,1,0","adaqua,foot,-54,-20,-5,0,16,1,1,0","adaqua,leg_up,58.4,-189.6,29,0,19,1,1,0","adaqua,leg_low,66,-95,-20,0,18,1,1,0","adaqua,foot,62,-27,-28,0,20,1,1,0","adaqua,base,109,-236,107,0,23,1,1,0","adaqua,quiver,10.8,-266.8,89,0,24,1,1,0","adaqua,cloak,-91.8,-451,-85,0,5,1,1,0","adaqua,cloak_wide,-61.6,-454.6,4,0,20,1,1,0",,,,,,,,,,,,,,,,,,,,,,,,,,,,,,,,,,,,,,,,,,,,,,,,,,,,,,,,,,,,,,,,,,,,,,,,,,,,,,,,,,,,,,,,,,,,,,,,,,,play_time_mod_0.8,
Skill1/0,"adaqua,head,45,-495.4,-1,0,4,1,1,0","adaqua,neck,36.4,-457.6,-19,0,12,1,1,0","adaqua,body,11.6,-336.8,-9,0,13,1,1,0","adaqua,arm_up,-71,-378.4,-36.4,0,8,1,1,0","adaqua,arm_low,-128.8,-289.2,4,0,7,1,1,0","white_human,fist,-118,-227.6,14,0,10,1,1,0","adaqua,arm_up,101.2,-388.4,57,1,24,1,1,0","adaqua,arm_low,184.4,-355.6,74,1,23,1,1,0","white_human,fist,246.4,-334.8,77,1,21,1,1,0","adaqua,leg_up,-55,-198.4,-20.2,0,15,1,1,0","adaqua,leg_low,-93,-96.4,-20,0,14,1,1,0","adaqua,foot,-92.8,-19.4,-5.1,0,18,1,1,0","adaqua,leg_up,50.4,-191.6,34.7,0,19,1,1,0","adaqua,leg_low,81,-93.4,-2,0,18,1,1,0","adaqua,foot,104.2,-20.4,1,0,20,1,1,0","adaqua,base,219.6,-347.2,166,0,22,1,1,0","adaqua,quiver,2.8,-262.8,93,0,24,1,1,0","adaqua,cloak,-92.8,-382,-30,0,5,1,1,0","adaqua,cloak_wide,-47.6,-369.6,25,0,20,1,1,0",,,,,,,,,,,,,,,,,,,,,,,,,,,,,,,,,,,,,,,,,,,,,,,,,,,,,,,,,,,,,,,,,,,,,,,,,,,,,,,,,,,,,,,,,,,,,,,,,,,,
Skill1/1,"adaqua,head,55,-487.4,-4,0,4,1,1,0","adaqua,neck,42.4,-453.6,-19,0,12,1,1,0","adaqua,body,17.6,-336.8,-11,0,13,1,1,0","adaqua,arm_up,-71,-384.4,-41.4,0,8,1,1,0","adaqua,arm_low,-166.8,-313.2,-48,0,7,1,1,0","white_human,fist,-208,-259.6,-29,0,10,1,1,0","adaqua,arm_up,111.2,-388.4,67,1,24,1,1,0","adaqua,arm_low,192.4,-369.6,81,1,23,1,1,0","white_human,fist,256.4,-358.8,88,1,21,1,1,0","adaqua,leg_up,-55,-194.4,-24.2,0,15,1,1,0","adaqua,leg_low,-97,-96.4,-24,0,14,1,1,0","adaqua,foot,-98.8,-19.4,-11.1,0,18,1,1,0","adaqua,leg_up,66.4,-189.6,39.7,0,19,1,1,0","adaqua,leg_low,91,-93.4,-13,0,18,1,1,0","adaqua,foot,104.2,-20.4,1,0,20,1,1,0","adaqua,base,221.6,-365.2,176,0,22,1,1,0","adaqua,quiver,2.8,-262.8,91,0,24,1,1,0","adaqua,cloak,-88.8,-386,-35,0,5,1,1,0","adaqua,cloak_wide,-43.6,-371.6,16,0,20,1,1,0","item,adaqua_arrow,-87.6,-232,-95,0,27,1,1,0","item,adaqua_arrow,-81.2,-265.6,-85,0,28,1,1,0","item,adaqua_arrow,-82,-213.6,-100,0,28,1,1,0","item,adaqua_arrow,-89.6,-203.6,-103,0,27,1,1,0","item,adaqua_arrow,-72,-224,-99,0,27,1,1,0","item,adaqua_arrow,-77.2,-242.4,-93,0,27,1,1,0",,,,,,,,,,,,,,,,,,,,,,,,,,,,,,,,,,,,,,,,,,,,,,,,,,,,,,,,,,,,,,,,,,,,,,,,,,,,,,,,,,,,,,,,,,,,,,
Skill1/2,"adaqua,head,51,-487.4,-1,0,4,1,1,0","adaqua,neck,42.4,-453.6,-19,0,12,1,1,0","adaqua,body,17.6,-336.8,-9,0,13,1,1,0","adaqua,arm_up,-63,-374.4,-32.4,0,8,1,1,0","adaqua,arm_low,-112.8,-305.2,2,0,7,1,1,0","white_human,fist,-105.6,-238.4,3,0,10,1,1,0","adaqua,arm_up,111.2,-398.4,76,1,24,1,1,0","adaqua,arm_low,192.4,-391.6,88,1,23,1,1,0","white_human,fist,256.4,-389.8,95,1,21,1,1,0","adaqua,leg_up,-55,-194.4,-24.2,0,15,1,1,0","adaqua,leg_low,-97,-96.4,-24,0,14,1,1,0","adaqua,foot,-98.8,-19.4,-11.1,0,18,1,1,0","adaqua,leg_up,66.4,-189.6,39.7,0,19,1,1,0","adaqua,leg_low,91,-93.4,-13,0,18,1,1,0","adaqua,foot,104.2,-20.4,1,0,20,1,1,0","adaqua,base,225.6,-404.2,176,0,22,1,1,0","adaqua,quiver,2.8,-262.8,93,0,24,1,1,0","adaqua,cloak,-78.8,-372,-20,0,5,1,1,0","adaqua,cloak_wide,-29.6,-367.6,19,0,20,1,1,0","item,adaqua_arrow,19.2,-250.4,-87,0,11,1,1,0","item,adaqua_arrow,21.6,-255.4,-85,0,12,1,1,0","item,adaqua_arrow,20.8,-203.4,-100,0,12,1,1,0","item,adaqua_arrow,13.2,-193.4,-103,0,11,1,1,0","item,adaqua_arrow,30.8,-213.8,-99,0,11,1,1,0","item,adaqua_arrow,25.6,-232.2,-93,0,11,1,1,0",,,,,,,,,,,,,,,,,,,,,,,,,,,,,,,,,,,,,,,,,,,,,,,,,,,,,,,,,,,,,,,,,,,,,,,,,,,,,,,,,,,,,,,,,,,,,,
Skill1/3,"adaqua,head,47,-487.4,2,0,4,1,1,0","adaqua,neck,42.4,-453.6,-19,0,12,1,1,0","adaqua,body,17.6,-336.8,-9,0,13,1,1,0","adaqua,arm_up,-57,-360.4,-25.4,0,8,1,1,0","adaqua,arm_low,-52.8,-305.2,53,0,7,1,1,0","white_human,fist,-0.8,-266.4,50,0,10,1,1,0","adaqua,arm_up,111.2,-399.4,84,1,24,1,1,0","adaqua,arm_low,198.4,-398.6,90,1,23,1,1,0","white_human,fist,267.4,-398.8,97,1,21,1,1,0","adaqua,leg_up,-55,-194.4,-24.2,0,15,1,1,0","adaqua,leg_low,-97,-96.4,-24,0,14,1,1,0","adaqua,foot,-98.8,-19.4,-11.1,0,18,1,1,0","adaqua,leg_up,66.4,-189.6,42.7,0,19,1,1,0","adaqua,leg_low,101,-93.4,-4,0,18,1,1,0","adaqua,foot,122.2,-20.4,1,0,20,1,1,0","adaqua,base,231.6,-413.2,179,0,22,1,1,0","adaqua,quiver,2.8,-262.8,95,0,24,1,1,0","adaqua,cloak,-70.8,-360,-12,0,5,1,1,0","adaqua,cloak_wide,10.4,-367.6,29,0,26,1,1,0","item,adaqua_arrow,113.2,-286.4,-75,0,11,1,1,0","item,adaqua_arrow,121.2,-306.2,-63,0,12,1,1,0","item,adaqua_arrow,130.4,-272.2,-81,0,12,1,1,0","item,adaqua_arrow,122.8,-262.2,-84,0,11,1,1,0","item,adaqua_arrow,140.4,-282.6,-80,0,11,1,1,0","item,adaqua_arrow,135.2,-301,-74,0,11,1,1,0",,,,,,,,,,,,,,,,,,,,,,,,,,,,,,,,,,,,,,,,,,,,,,,,,,,,,,,,,,,,,,,,,,,,,,,,,,,,,,,,,,,,,,,,,,,,play_time_mod_0.6,,
Skill1/4,"adaqua,head,45,-487.4,5,0,4,1,1,0","adaqua,neck,42.4,-453.6,-19,0,12,1,1,0","adaqua,body,17.6,-336.8,-9,0,13,1,1,0","adaqua,arm_up,17,-364.4,51,0,8,1,1,0","adaqua,arm_low,98,-320.6,89,0,7,1,1,0","white_human,fist,158.6,-307.6,54,0,10,1,1,0","adaqua,arm_up,111.2,-399.4,84,1,24,1,1,0","adaqua,arm_low,198.4,-398.6,90,1,23,1,1,0","white_human,fist,267.4,-398.8,97,1,21,1,1,0","adaqua,leg_up,-55,-194.4,-24.2,0,15,1,1,0","adaqua,leg_low,-97,-96.4,-24,0,14,1,1,0","adaqua,foot,-98.8,-19.4,-11.1,0,18,1,1,0","adaqua,leg_up,68.4,-190.6,41.7,0,19,1,1,0","adaqua,leg_low,111,-93.4,4,0,18,1,1,0","adaqua,foot,140.2,-20.4,1,0,20,1,1,0","adaqua,base,231.6,-413.2,179,0,22,1,1,0","adaqua,quiver,2.8,-262.8,95,0,24,1,1,0","adaqua,cloak,-62.8,-358,-6,0,5,1,1,0","adaqua,cloak_wide,10.4,-367.6,29,0,26,1,1,0","item,adaqua_arrow,303.6,-338.4,-75,0,11,1,1,0","item,adaqua_arrow,289.2,-354,-63,0,12,1,1,0","item,adaqua_arrow,298.4,-320,-81,0,12,1,1,0","item,adaqua_arrow,290.8,-310,-84,0,11,1,1,0","item,adaqua_arrow,308.4,-330.4,-80,0,11,1,1,0","item,adaqua_arrow,303.2,-348.8,-74,0,11,1,1,0",,,,,,,,,,,,,,,,,,,,,,,,,,,,,,,,,,,,,,,,,,,,,,,,,,,,,,,,,,,,,,,,,,,,,,,,,,,,,,,,,,,,,,,,,,,,play_time_mod_0.5,,
Skill1/5,"adaqua,head,48,-487.4,2,0,4,1,1,0","adaqua,neck,42.4,-453.6,-19,0,12,1,1,0","adaqua,body,17.6,-336.8,-9,0,13,1,1,0","adaqua,arm_up,29,-406.4,89,0,8,1,1,0","adaqua,arm_low,113.8,-397.8,88,0,7,1,1,0","white_human,twopoint,194.4,-401.2,95,0,10,1,1,0","adaqua,arm_up,111.2,-398.4,84,1,24,1,1,0","adaqua,arm_low,198.4,-395.6,88,1,23,1,1,0","white_human,fist,264.4,-392.8,86,1,21,1,1,0","adaqua,leg_up,-55,-194.4,-24.2,0,15,1,1,0","adaqua,leg_low,-97,-96.4,-24,0,14,1,1,0","adaqua,foot,-98.8,-19.4,-11.1,0,18,1,1,0","adaqua,leg_up,70.4,-193.6,43.7,0,19,1,1,0","adaqua,leg_low,112,-93.4,2,0,18,1,1,0","adaqua,foot,138.2,-20.4,-1,0,20,1,1,0","adaqua,draw_1,328.4,-428.4,-180,0,22,1,1,0","adaqua,quiver,2.8,-262.8,93,0,24,1,1,0","adaqua,cloak,-52.8,-358,-1,0,5,1,1,0","adaqua,cloak_wide,14.4,-367.6,32,0,26,1,1,0",,"item,adaqua_arrow,321.6,-432,-83,0,12,1,1,0","item,adaqua_arrow,330.8,-410,-92,0,12,1,1,0","item,adaqua_arrow,323.2,-398,-93,0,11,1,1,0","item,adaqua_arrow,340.8,-426.4,-86,0,11,1,1,0","item,adaqua_arrow,335.6,-420.8,-91,0,11,1,1,0",,,,,,,,,,,,,,,,,,,,,,,,,,,,,,,,,,,,,,,,,,,,,,,,,,,,,,,,,,,,,,,,,,,,,,,,,,,,,,,,,,,,,,,,,,,,play_time_mod_1.5,,
Skill1/6,"adaqua,head,51,-487.4,-2,0,4,1,1,0","adaqua,neck,42.4,-453.6,-19,0,12,1,1,0","adaqua,body,17.6,-336.8,-9,0,13,1,1,0","adaqua,arm_up,17,-410,83,0,7,1,0.8,0","adaqua,arm_low,69,-403,87,0,7,1,1,0","white_human,twopoint,156.4,-403.2,91,0,10,1,1,0","adaqua,arm_up,111.2,-398.4,84,1,24,1,1,0","adaqua,arm_low,198.4,-395.6,88,1,23,1,1,0","white_human,fist,264.4,-388.8,86,1,21,1,1,0","adaqua,leg_up,-55,-194.4,-27.2,0,15,1,1,0","adaqua,leg_low,-105,-96.4,-24,0,14,1,1,0","adaqua,foot,-110.8,-23.4,-13.1,0,18,1,1,0","adaqua,leg_up,70.4,-193.6,43.7,0,19,1,1,0","adaqua,leg_low,112,-93.4,2,0,18,1,1,0","adaqua,foot,138.2,-20.4,-1,0,20,1,1,0","adaqua,draw_2,300.4,-418.4,178,0,22,1,1,0","adaqua,quiver,2.8,-262.8,93,0,24,1,1,0","adaqua,cloak,-64.8,-366,-12,0,5,1,1,0","adaqua,cloak_wide,14.4,-367.6,35,0,26,1,1,0",,"item,adaqua_arrow,295.6,-426,-83,0,12,1,1,0","item,adaqua_arrow,304.8,-404,-92,0,12,1,1,0","item,adaqua_arrow,297.2,-392,-93,0,11,1,1,0","item,adaqua_arrow,314.8,-420.4,-86,0,11,1,1,0","item,adaqua_arrow,309.6,-414.8,-91,0,11,1,1,0",,,,,,,,,,,,,,,,,,,,,,,,,,,,,,,,,,,,,,,,,,,,,,,,,,,,,,,,,,,,,,,,,,,,,,,,,,,,,,,,,,,,,,,,,,,,play_time_mod_0.5,,
Skill1/7,"adaqua,head,52,-483.4,-6,0,4,1,1,0","adaqua,neck,42.4,-453.6,-19,0,12,1,1,0","adaqua,body,17.6,-336.8,-9,0,13,1,1,0","adaqua,arm_up,-21,-404.4,-89,0,8,0.9,0.9,0","adaqua,arm_low,-11.2,-404.8,88,0,7,1,1.2,0","white_human,twopoint,84.4,-407.2,91,0,10,1,1,0","adaqua,arm_up,111.2,-398.4,84,1,24,1,1,0","adaqua,arm_low,198.4,-395.6,88,1,23,1,1,0","white_human,fist,264.4,-388.8,86,1,21,1,1,0","adaqua,leg_up,-55,-194.4,-29.2,0,15,1,1,0","adaqua,leg_low,-115,-100.4,-34,0,14,1,1,0","adaqua,foot,-132.8,-27.4,-19.1,0,18,1,1,0","adaqua,leg_up,70.4,-193.6,43.7,0,19,1,1,0","adaqua,leg_low,112,-93.4,2,0,18,1,1,0","adaqua,foot,138.2,-20.4,-1,0,20,1,1,0","adaqua,draw_3,218.4,-418.4,178,0,22,1,1,0","adaqua,quiver,2.8,-262.8,92,0,24,1,1,0","adaqua,cloak,-88.8,-402,-37,0,5,1,1,0","adaqua,cloak_wide,-29.6,-393.6,17,0,26,1,1,0",,"item,adaqua_arrow,219.6,-426,-83,0,12,1,1,0","item,adaqua_arrow,228.8,-404,-92,0,12,1,1,0","item,adaqua_arrow,221.2,-392,-93,0,11,1,1,0","item,adaqua_arrow,238.8,-420.4,-86,0,11,1,1,0","item,adaqua_arrow,233.6,-414.8,-91,0,11,1,1,0",,,,,,,,,,,,,,,,,,,,,,,,,,,,,,,,,,,,,,,,,,,,,,,,,,,,,,,,,,,,,,,,,,,,,,,,,,,,,,,,,,,,,,,,,,,,play_time_mod_4,,
Skill1/8,"adaqua,head,51,-487.4,-1,0,4,1,1,0","adaqua,neck,42.4,-453.6,-19,0,12,1,1,0","adaqua,body,17.6,-336.8,-9,0,13,1,1,0","adaqua,arm_up,-21,-404.4,-89,0,8,0.9,0.9,0","adaqua,arm_low,-17.2,-403.8,86,0,7,1,1.2,0","white_human,twopoint,68.4,-401.2,87,0,10,1,1,0","adaqua,arm_up,111.2,-398.4,84,1,24,1,1,0","adaqua,arm_low,198.4,-395.6,88,1,23,1,1,0","white_human,fist,264.4,-388.8,86,1,21,1,1,0","adaqua,leg_up,-55,-194.4,-29.2,0,15,1,1,0","adaqua,leg_low,-115,-100.4,-34,0,14,1,1,0","adaqua,foot,-132.8,-27.4,-19.1,0,18,1,1,0","adaqua,leg_up,70.4,-193.6,43.7,0,19,1,1,0","adaqua,leg_low,112,-93.4,2,0,18,1,1,0","adaqua,foot,138.2,-20.4,-1,0,20,1,1,0","adaqua,draw_2,300.4,-418.4,178,0,22,1,1,0","adaqua,quiver,2.8,-262.8,92,0,24,1,1,0","adaqua,cloak,-88.8,-424,-54,0,5,1,1,0","adaqua,cloak_wide,-51.6,-411.6,-168,0,26,1,1,0",,"item,adaqua_arrow,293.6,-438,-80,0,12,1,1,0","item,adaqua_arrow,298.8,-374,-100,0,12,1,1,0","item,adaqua_arrow,295.2,-392,-93,0,11,1,1,0","item,adaqua_arrow,312.8,-420.4,-86,0,11,1,1,0","item,adaqua_arrow,307.6,-414.8,-91,0,11,1,1,0",,,,,,,,,,,,,,,,,,,,,,,,,,,,,,,,,,,,,,,,,,,,,,,,,,,,,,,,,,,,,,,,,,,,,,,,,,,,,,,,,,,,,,,,,,,,play_time_mod_0.7,,"bow_big_loose,1000,1"
Skill1/9,"adaqua,head,50,-487.4,1,0,4,1,1,0","adaqua,neck,42.4,-453.6,-19,0,12,1,1,0","adaqua,body,17.6,-336.8,-9,0,13,1,1,0","adaqua,arm_up,-51,-404.4,-89,0,8,0.9,0.9,0","adaqua,arm_low,-46.2,-406.8,89,0,7,1,1.2,0","white_human,twopoint,48.4,-403.2,84,0,10,1,1,0","adaqua,arm_up,111.2,-398.4,86,1,24,1,1,0","adaqua,arm_low,198.4,-395.6,88,1,23,1,1,0","white_human,fist,264.4,-388.8,86,1,21,1,1,0","adaqua,leg_up,-55,-194.4,-29.2,0,15,1,1,0","adaqua,leg_low,-115,-100.4,-34,0,14,1,1,0","adaqua,foot,-132.8,-27.4,-19.1,0,18,1,1,0","adaqua,leg_up,70.4,-193.6,43.7,0,19,1,1,0","adaqua,leg_low,112,-93.4,2,0,18,1,1,0","adaqua,foot,138.2,-20.4,-1,0,20,1,1,0","adaqua,draw_1,322.4,-430.4,-180,0,22,1,1,0","adaqua,quiver,2.8,-262.8,92,0,24,1,1,0","adaqua,cloak,-102.8,-434,-65,0,5,1,1,0","adaqua,cloak_wide,-57.6,-441.6,-170,0,26,1,1,0",,"item,adaqua_arrow,323.6,-446,-80,0,12,1,1,0","item,adaqua_arrow,322.8,-380,-100,0,12,1,1,0","item,adaqua_arrow,325.2,-402,-93,0,11,1,1,0","item,adaqua_arrow,342.8,-430.4,-86,0,11,1,1,0","item,adaqua_arrow,337.6,-424.8,-91,0,11,1,1,0",,,,,,,,,,,,,,,,,,,,,,,,,,,,,,,,,,,,,,,,,,,,,,,,,,,,,,,,,,,,,,,,,,,,,,,,,,,,,,,,,,,,,,,,,,,,play_time_mod_0.5,,
Skill1/10,"adaqua,head,48,-487.4,4,0,4,1,1,0","adaqua,neck,42.4,-453.6,-19,0,12,1,1,0","adaqua,body,17.6,-336.8,-9,0,13,1,1,0","adaqua,arm_up,-73,-427.4,-93,0,8,0.9,0.9,0","adaqua,arm_low,-139.2,-455.8,-125,0,7,1,1,0","white_human,open,-202.4,-500,-126,1,10,1,1,0","adaqua,arm_up,111.2,-398.4,86,1,24,1,1,0","adaqua,arm_low,198.4,-395.6,86,1,23,1,1,0","white_human,fist,264.4,-388.8,81,1,21,1,1,0","adaqua,leg_up,-55,-194.4,-29.2,0,15,1,1,0","adaqua,leg_low,-115,-100.4,-34,0,14,1,1,0","adaqua,foot,-132.8,-27.4,-19.1,0,18,1,1,0","adaqua,leg_up,70.4,-193.6,45.7,0,19,1,1,0","adaqua,leg_low,119,-97.4,7,0,18,1,1,0","adaqua,foot,148.2,-20.4,-1,0,20,1,1,0","adaqua,base,241.2,-419.6,177,0,22,1,1,0","adaqua,quiver,2.8,-262.8,92,0,24,1,1,0","adaqua,cloak,-96.8,-464,-141,1,5,1,1,0","adaqua,cloak_wide,-33.6,-451.6,152,0,26,1,1,0",,,,,,,,,,,,,,,,,,,,,,,,,,,,,,,,,,,,,,,,,,,,,,,,,,,,,,,,,,,,,,,,,,,,,,,,,,,,,,,,,,,,,,,,,,"adaqua_arrow,speed,436.8,-408.8,-89,0,0,1,1,1","adaqua_arrow,speed,433.2,-495.6,-75,0,0,1,1,1","adaqua_arrow,speed,422.8,-330,-99,0,0,1,1,1","adaqua_arrow,speed,436.8,-456.4,-80,0,0,1,1,1","adaqua_arrow,speed,431.6,-362.4,-95,0,0,1,1,1","adaqua_arrow,speed,397.6,-522,-62,0,0,1,1,1",,,play_time_mod_0.5,,"pierce,1000,1"
Skill1/11,"adaqua,head,17,-493.4,3,0,4,1,1,0","adaqua,neck,10.4,-459.6,-16,0,12,1,1,0","adaqua,body,1.6,-336.8,0,0,13,1,1,0","adaqua,arm_up,-104,-424.4,-91,0,8,0.9,0.9,0","adaqua,arm_low,-182.2,-448.8,-114,0,7,1,1,0","white_human,open,-252.2,-488,-126,1,10,1,1,0","adaqua,arm_up,103.2,-406.4,86,1,24,1,1,0","adaqua,arm_low,188.4,-403.6,87,1,23,1,1,0","white_human,fist,246.4,-394.8,80,1,21,1,1,0","adaqua,leg_up,-61,-194.4,-32.2,0,15,1,1,0","adaqua,leg_low,-125,-100.4,-34,0,14,1,1,0","adaqua,foot,-142.8,-27.4,-23.1,0,18,1,1,0","adaqua,leg_up,70.4,-193.6,45.7,0,19,1,1,0","adaqua,leg_low,118,-97.4,7,0,18,1,1,0","adaqua,foot,148.2,-20.4,-1,0,20,1,1,0","adaqua,base,215.2,-411.6,171,0,22,1,1,0","adaqua,quiver,-5.2,-262.8,95,0,24,1,1,0","adaqua,cloak,-116.8,-468,-151,1,5,1,1,0","adaqua,cloak_wide,-55.6,-457.6,147,0,26,1,1,0",,,,,,,,,,,,,,,,,,,,,,,,,,,,,,,,,,,,,,,,,,,,,,,,,,,,,,,,,,,,,,,,,,,,,,,,,,,,,,,,,,,,,,,,,,,,,,,,,,,,
Skill1/12,"adaqua,head,31,-491.4,5,0,4,1,1,0","adaqua,neck,28.4,-457.6,-19,0,12,1,1,0","adaqua,body,11.6,-336.8,-5,0,13,1,1,0","adaqua,arm_up,-77,-416.4,-77,0,8,0.9,0.9,0","adaqua,arm_low,-159.2,-416.8,-99,0,7,1,1,0","white_human,open,-237.2,-426,-104,0,10,1,1,0","adaqua,arm_up,109.2,-398.4,60,1,24,1,1,0","adaqua,arm_low,190.4,-359.6,63,1,23,1,1,0","white_human,fist,246.4,-330.8,65,1,21,1,1,0","adaqua,leg_up,-55,-194.4,-22.2,0,15,1,1,0","adaqua,leg_low,-103,-92.4,-27,0,14,1,1,0","adaqua,foot,-116.8,-21.4,-17.1,0,18,1,1,0","adaqua,leg_up,70.4,-195.6,42.7,0,19,1,1,0","adaqua,leg_low,118,-97.4,7,0,18,1,1,0","adaqua,foot,148.2,-20.4,-1,0,20,1,1,0","adaqua,base,225.2,-367.6,161,0,22,1,1,0","adaqua,quiver,2.8,-262.8,90,0,24,1,1,0","adaqua,cloak,-98.8,-456,-137,1,5,1,1,0","adaqua,cloak_wide,-33.6,-453.6,156,0,26,1,1,0",,,,,,,,,,,,,,,,,,,,,,,,,,,,,,,,,,,,,,,,,,,,,,,,,,,,,,,,,,,,,,,,,,,,,,,,,,,,,,,,,,,,,,,,,,,,,,,,,,,,
Skill1/13,"adaqua,head,28,-491.4,7,0,4,1,1,0","adaqua,neck,24.4,-457.6,-16,0,12,1,1,0","adaqua,body,7.6,-332.8,-5,0,13,1,1,0","adaqua,arm_up,-82,-397.4,-62,0,8,0.9,0.9,0","adaqua,arm_low,-146.2,-365.8,-60,0,7,1,1,0","white_human,open,-211.4,-319.8,-53,0,10,1,1,0","adaqua,arm_up,103.2,-398.4,55,1,24,1,1,0","adaqua,arm_low,184.4,-355.6,68,1,23,1,1,0","white_human,fist,242.4,-330.8,68,1,21,1,1,0","adaqua,leg_up,-55,-194.4,-22.2,0,15,1,1,0","adaqua,leg_low,-103,-92.4,-27,0,14,1,1,0","adaqua,foot,-116.8,-21.4,-17.1,0,18,1,1,0","adaqua,leg_up,61.4,-195.6,36.7,0,19,1,1,0","adaqua,leg_low,97,-96.4,0,0,18,1,1,0","adaqua,foot,124.2,-20.4,-1,0,20,1,1,0","adaqua,base,225.2,-367.6,163,0,22,1,1,0","adaqua,quiver,2.8,-262.8,90,0,24,1,1,0","adaqua,cloak,-118.8,-420,-114,1,5,1,1,0","adaqua,cloak_wide,-61.6,-427.6,173,0,26,1,1,0",,,,,,,,,,,,,,,,,,,,,,,,,,,,,,,,,,,,,,,,,,,,,,,,,,,,,,,,,,,,,,,,,,,,,,,,,,,,,,,,,,,,,,,,,,,,,,,,,,,,
Skill1/14,"adaqua,head,20,-491.4,5,0,4,1,1,0","adaqua,neck,16.4,-457.6,-16,0,12,1,1,0","adaqua,body,3.6,-332.8,-2,0,13,1,1,0","adaqua,arm_up,-86,-380.4,-43,0,8,0.9,0.9,0","adaqua,arm_low,-140.2,-320.8,-38,0,7,1,1,0","white_human,open,-177,-252.4,-22,0,10,1,1,0","adaqua,arm_up,103.2,-388.4,51,1,24,1,1,0","adaqua,arm_low,178.4,-349.6,71,1,23,1,1,0","white_human,fist,234.4,-324.8,62,1,21,1,1,0","adaqua,leg_up,-45,-194.4,-13.2,0,15,1,1,0","adaqua,leg_low,-83,-92.4,-27,0,14,1,1,0","adaqua,foot,-88.8,-21.4,-14.1,0,18,1,1,0","adaqua,leg_up,60.4,-195.6,34.7,0,19,1,1,0","adaqua,leg_low,94,-96.4,3,0,18,1,1,0","adaqua,foot,122.2,-20.4,-1,0,20,1,1,0","adaqua,base,209.2,-357.6,160,0,22,1,1,0","adaqua,quiver,2.8,-262.8,93,0,24,1,1,0","adaqua,cloak,-118.8,-386,-42,0,5,1,1,0","adaqua,cloak_wide,-71.6,-379.6,24,0,26,1,1,0",,,,,,,,,,,,,,,,,,,,,,,,,,,,,,,,,,,,,,,,,,,,,,,,,,,,,,,,,,,,,,,,,,,,,,,,,,,,,,,,,,,,,,,,,,,,,,,,,,,,
Skill2/0,"adaqua,head,45,-495.4,-1,0,4,1,1,0","adaqua,neck,36.4,-457.6,-19,0,12,1,1,0","adaqua,body,11.6,-336.8,-9,0,13,1,1,0","adaqua,arm_up,-71,-378.4,-36.4,0,8,1,1,0","adaqua,arm_low,-128.8,-289.2,4,0,7,1,1,0","white_human,fist,-118,-227.6,14,0,10,1,1,0","adaqua,arm_up,101.2,-388.4,57,1,24,1,1,0","adaqua,arm_low,184.4,-355.6,74,1,23,1,1,0","white_human,fist,244.4,-340.8,77,1,21,1,1,0","adaqua,leg_up,-55,-198.4,-20.2,0,15,1,1,0","adaqua,leg_low,-93,-96.4,-20,0,14,1,1,0","adaqua,foot,-92.8,-19.4,-10.1,0,18,1,1,0","adaqua,leg_up,50.4,-191.6,34.7,0,19,1,1,0","adaqua,leg_low,84,-93.4,3,0,18,1,1,0","adaqua,foot,110.2,-20.4,1,0,20,1,1,0","adaqua,base,217.6,-353.2,166,0,22,1,1,0","adaqua,quiver,2.8,-262.8,93,0,24,1,1,0","adaqua,cloak,-92.8,-382,-30,0,5,1,1,0","adaqua,cloak_wide,-47.6,-369.6,25,0,20,1,1,0",,,,,,,,,,,,,,,,,,,,,,,,,,,,,,,,,,,,,,,,,,,,,,,,,,,,,,,,,,,,,,,,,,,,,,,,,,,,,,,,,,,,,,,,,,,,,,,,,,,,
Skill2/1,"adaqua,head,55,-487.4,-4,0,4,1,1,0","adaqua,neck,42.4,-453.6,-19,0,12,1,1,0","adaqua,body,17.6,-336.8,-11,0,13,1,1,0","adaqua,arm_up,-71,-384.4,-41.4,0,8,1,1,0","adaqua,arm_low,-166.8,-313.2,-48,0,7,1,1,0","white_human,fist,-208,-259.6,-29,0,10,1,1,0","adaqua,arm_up,111.2,-388.4,67,1,24,1,1,0","adaqua,arm_low,192.4,-369.6,81,1,23,1,1,0","white_human,fist,254.4,-362.8,88,1,21,1,1,0","adaqua,leg_up,-55,-194.4,-24.2,0,15,1,1,0","adaqua,leg_low,-97,-96.4,-24,0,14,1,1,0","adaqua,foot,-98.8,-19.4,-11.1,0,18,1,1,0","adaqua,leg_up,66.4,-189.6,39.7,0,19,1,1,0","adaqua,leg_low,100,-93.4,-4,0,18,1,1,0","adaqua,foot,120.2,-20.4,1,0,20,1,1,0","adaqua,base,219.6,-369.2,176,0,22,1,1,0","adaqua,quiver,2.8,-262.8,91,0,24,1,1,0","adaqua,cloak,-88.8,-386,-35,0,5,1,1,0","adaqua,cloak_wide,-43.6,-371.6,16,0,20,1,1,0","item,adaqua_arrow,-87.6,-232,-95,0,27,1,1,0",,,,,,,,,,,,,,,,,,,,,,,,,,,,,,,,,,,,,,,,,,,,,,,,,,,,,,,,,,,,,,,,,,,,,,,,,,,,,,,,,,,,,,,,,,,,,,,,,,,
Skill2/2,"adaqua,head,41,-441.4,-1,0,4,1,1,0","adaqua,neck,32.4,-407.6,-19,0,12,1,1,0","adaqua,body,7.6,-290.8,-9,0,13,1,1,0","adaqua,arm_up,-73,-328.4,-32.4,0,8,1,1,0","adaqua,arm_low,-122.8,-259.2,2,0,7,1,1,0","white_human,fist,-115.6,-192.4,3,0,10,1,1,0","adaqua,arm_up,101.2,-352.4,81,1,24,1,1,0","adaqua,arm_low,182.4,-349.6,88,1,23,1,1,0","white_human,fist,244.4,-350.8,98,1,21,1,1,0","adaqua,leg_up,-55,-168.4,-13.2,0,15,1,1,0","adaqua,leg_low,-95,-82.4,-39,0,14,1,1,0","adaqua,foot,-104.8,-19.4,-14.1,0,18,1,1,0","adaqua,leg_up,72.4,-165.6,61.7,0,19,1,1,0","adaqua,leg_low,114,-93.4,-4,0,18,1,1,0","adaqua,foot,136.2,-20.4,1,0,20,1,1,0","adaqua,base,213.6,-361.2,178,0,22,1,1,0","adaqua,quiver,-7.2,-216.8,92,0,24,1,1,0","adaqua,cloak,-98.8,-340,-31,0,5,1,1,0","adaqua,cloak_wide,-39.6,-321.6,19,0,20,1,1,0","item,adaqua_arrow,9.2,-204.4,-87,0,11,1,1,0",,,,,,,,,,,,,,,,,,,,,,,,,,,,,,,,,,,,,,,,,,,,,,,,,,,,,,,,,,,,,,,,,,,,,,,,,,,,,,,,,,,,,,,,,,,,,,,,,,,
Skill2/3,"adaqua,head,41,-401.4,2,0,4,1,1,0","adaqua,neck,36.4,-367.6,-19,0,12,1,1,0","adaqua,body,11.6,-250.8,-9,0,13,1,1,0","adaqua,arm_up,-63,-274.4,-25.4,0,8,1,1,0","adaqua,arm_low,-58.8,-219.2,53,0,7,1,1,0","white_human,fist,-6.8,-180.4,50,0,10,1,1,0","adaqua,arm_up,105.2,-312.4,84,1,24,1,1,0","adaqua,arm_low,192.4,-309.6,88,1,23,1,1,0","white_human,fist,258.4,-310.8,95,1,21,1,1,0","adaqua,leg_up,-55,-120.4,-14.2,0,15,1,1,0","adaqua,leg_low,-111,-52.4,-65,0,14,1,1,0","adaqua,foot,-138.8,-7.4,-25.1,0,18,1,1,0","adaqua,leg_up,72.4,-145.6,78.7,0,19,1,1,0","adaqua,leg_low,123,-93.4,0,0,18,1,1,0","adaqua,foot,151.2,-20.4,1,0,20,1,1,0","adaqua,base,225.6,-327.2,179,0,22,1,1,0","adaqua,quiver,-3.2,-176.8,95,0,24,1,1,0","adaqua,cloak,-86.8,-286,-23,0,5,1,1,0","adaqua,cloak_wide,4.4,-281.6,29,0,26,1,1,0","item,adaqua_arrow,107.2,-200.4,-75,0,11,1,1,0",,,,,,,,,,,,,,,,,,,,,,,,,,,,,,,,,,,,,,,,,,,,,,,,,,,,,,,,,,,,,,,,,,,,,,,,,,,,,,,,,,,,,,,,,,,,,,,,,play_time_mod_0.6,,
Skill2/4,"adaqua,head,29,-379.4,5,0,4,1,1,0","adaqua,neck,28.4,-345.6,-19,0,12,1,1,0","adaqua,body,3.6,-228.8,-9,0,13,1,1,0","adaqua,arm_up,3,-256.4,51,0,8,1,1,0","adaqua,arm_low,83,-214.6,88,0,7,1,1,0","white_human,fist,147.6,-201.6,60,0,10,1,1,0","adaqua,arm_up,97.2,-290.4,84,1,24,1,1,0","adaqua,arm_low,184.4,-287.6,88,1,23,1,1,0","white_human,fist,250.4,-288.8,95,1,21,1,1,0","adaqua,leg_up,-55,-68.4,-9.2,0,15,1,1,0","adaqua,leg_low,-111,-22.4,-102,0,14,1,1,0","adaqua,foot,-184.8,-13.4,-103,0,18,1,1,0","adaqua,leg_up,64.4,-135.6,91.7,0,19,1,1,0","adaqua,leg_low,123,-93.4,0,0,18,1,1,0","adaqua,foot,151.2,-20.4,1,0,20,1,1,0","adaqua,base,217.6,-305.2,179,0,22,1,1,0","adaqua,quiver,-11.2,-154.8,95,0,24,1,1,0","adaqua,cloak,-96.8,-272,-26,0,5,1,1,0","adaqua,cloak_wide,-3.6,-259.6,29,0,26,1,1,0","item,adaqua_arrow,289.6,-234.4,-74,0,11,1,1,0",,,,,,,,,,,,,,,,,,,,,,,,,,,,,,,,,,,,,,,,,,,,,,,,,,,,,,,,,,,,,,,,,,,,,,,,,,,,,,,,,,,,,,,,,,,,,,,,,play_time_mod_0.5,,
Skill2/5,"adaqua,head,19,-379.4,14,0,4,1,1,0","adaqua,neck,20.4,-345.6,-17,0,12,1,1,0","adaqua,body,3.6,-228.8,-9,0,13,1,1,0","adaqua,arm_up,3,-280.4,73,0,8,1,1,0","adaqua,arm_low,88,-265.6,101,0,7,1,1,0","white_human,open,159.6,-287.6,111,0,10,1,1,0","adaqua,arm_up,97.2,-290.4,84,1,24,1,1,0","adaqua,arm_low,184.4,-287.6,88,1,23,1,1,0","white_human,fist,250.4,-288.8,95,1,21,1,1,0","adaqua,leg_up,-55,-68.4,-9.2,0,15,1,1,0","adaqua,leg_low,-111,-22.4,-102,0,14,1,1,0","adaqua,foot,-184.8,-13.4,-103,0,18,1,1,0","adaqua,leg_up,64.4,-135.6,91.7,0,19,1,1,0","adaqua,leg_low,123,-93.4,0,0,18,1,1,0","adaqua,foot,151.2,-20.4,1,0,20,1,1,0","adaqua,base,217.6,-305.2,179,0,22,1,1,0","adaqua,quiver,-11.2,-154.8,95,0,24,1,1,0","adaqua,cloak,-104.8,-282,-37,0,5,1,1,0","adaqua,cloak_wide,-31.6,-273.6,26,0,26,1,1,0","item,adaqua_arrow,211.2,-493.2,-35,0,11,1,1,0",,,,,,,,,,,,,,,,,,,,,,,,,,,,,,,,,,,,,,,,,,,,,,,,,,,,,,,,,,,,,,,,,,,,,,,,,,,,,,,,,,,,,,,,,,,,,,,,,play_time_mod_0.5,,
Skill2/6,"adaqua,head,17,-379.4,16,0,4,1,1,0","adaqua,neck,20.4,-345.6,-17,0,12,1,1,0","adaqua,body,3.6,-228.8,-7,0,13,1,1,0","adaqua,arm_up,3,-280.4,73,0,8,1,1,0","adaqua,arm_low,86,-278.6,124,0,7,1,1,0","white_human,open,153.6,-321.6,114,0,10,1,1,0","adaqua,arm_up,93.2,-290.4,86,1,24,1,1,0","adaqua,arm_low,184.4,-291.6,88,1,23,1,1,0","white_human,fist,250.4,-292.8,97,1,21,1,1,0","adaqua,leg_up,-55,-68.4,-9.2,0,15,1,1,0","adaqua,leg_low,-111,-22.4,-102,0,14,1,1,0","adaqua,foot,-184.8,-13.4,-103,0,18,1,1,0","adaqua,leg_up,64.4,-135.6,91.7,0,19,1,1,0","adaqua,leg_low,123,-93.4,0,0,18,1,1,0","adaqua,foot,151.2,-20.4,1,0,20,1,1,0","adaqua,base,217.6,-309.2,-179,0,22,1,1,0","adaqua,quiver,-11.2,-154.8,95,0,24,1,1,0","adaqua,cloak,-104.8,-294,-44,0,5,1,1,0","adaqua,cloak_wide,-39.6,-289.6,24,0,26,1,1,0","item,adaqua_arrow,199.2,-633.2,29,0,11,1,1,0",,,,,,,,,,,,,,,,,,,,,,,,,,,,,,,,,,,,,,,,,,,,,,,,,,,,,,,,,,,,,,,,,,,,,,,,,,,,,,,,,,,,,,,,,,,,,,,,,play_time_mod_0.7,,
Skill2/7,"adaqua,head,19,-379.4,14,0,4,1,1,0","adaqua,neck,20.4,-345.6,-17,0,12,1,1,0","adaqua,body,3.6,-228.8,-7,0,13,1,1,0","adaqua,arm_up,3,-280.4,73,0,8,1,1,0","adaqua,arm_low,88,-272.6,113,0,7,1,1,0","white_human,open,157.6,-299.6,104,0,10,1,1,0","adaqua,arm_up,93.2,-290.4,86,1,24,1,1,0","adaqua,arm_low,184.4,-291.6,88,1,23,1,1,0","white_human,fist,250.4,-292.8,97,1,21,1,1,0","adaqua,leg_up,-55,-68.4,-9.2,0,15,1,1,0","adaqua,leg_low,-111,-22.4,-102,0,14,1,1,0","adaqua,foot,-184.8,-13.4,-103,0,18,1,1,0","adaqua,leg_up,64.4,-135.6,91.7,0,19,1,1,0","adaqua,leg_low,123,-93.4,0,0,18,1,1,0","adaqua,foot,151.2,-20.4,1,0,20,1,1,0","adaqua,base,217.6,-309.2,-179,0,22,1,1,0","adaqua,quiver,-11.2,-154.8,95,0,24,1,1,0","adaqua,cloak,-104.8,-282,-34,0,5,1,1,0","adaqua,cloak_wide,-31.6,-273.6,26,0,26,1,1,0","item,adaqua_arrow,172.8,-597.2,131,0,11,1,1,0",,,,,,,,,,,,,,,,,,,,,,,,,,,,,,,,,,,,,,,,,,,,,,,,,,,,,,,,,,,,,,,,,,,,,,,,,,,,,,,,,,,,,,,,,,,,,,,,,play_time_mod_0.6,,
Skill2/8,"adaqua,head,21,-379.4,12,0,4,1,1,0","adaqua,neck,20.4,-345.6,-17,0,12,1,1,0","adaqua,body,3.6,-228.8,-7,0,13,1,1,0","adaqua,arm_up,3,-286.4,82,0,8,1,1,0","adaqua,arm_low,88,-279.6,97,0,7,1,1,0","white_human,open,159.6,-289.6,95,0,10,1,1,0","adaqua,arm_up,93.2,-290.4,86,1,24,1,1,0","adaqua,arm_low,184.4,-291.6,88,1,23,1,1,0","white_human,fist,250.4,-292.8,97,1,21,1,1,0","adaqua,leg_up,-55,-68.4,-9.2,0,15,1,1,0","adaqua,leg_low,-111,-22.4,-102,0,14,1,1,0","adaqua,foot,-184.8,-13.4,-103,0,18,1,1,0","adaqua,leg_up,64.4,-135.6,91.7,0,19,1,1,0","adaqua,leg_low,123,-93.4,0,0,18,1,1,0","adaqua,foot,151.2,-20.4,1,0,20,1,1,0","adaqua,base,217.6,-309.2,-179,0,22,1,1,0","adaqua,quiver,-11.2,-154.8,95,0,24,1,1,0","adaqua,cloak,-104.8,-282,-34,0,5,1,1,0","adaqua,cloak_wide,-31.6,-273.6,26,0,26,1,1,0","item,adaqua_arrow,213.2,-387.6,-146,0,11,1,1,0",,,,,,,,,,,,,,,,,,,,,,,,,,,,,,,,,,,,,,,,,,,,,,,,,,,,,,,,,,,,,,,,,,,,,,,,,,,,,,,,,,,,,,,,,,,,,,,,,play_time_mod_0.4,,
Skill2/9,"adaqua,head,23,-379.4,9,0,4,1,1,0","adaqua,neck,20.4,-345.6,-17,0,12,1,1,0","adaqua,body,3.6,-228.8,-7,0,13,1,1,0","adaqua,arm_up,3,-304.4,93,0,8,1,1,0","adaqua,arm_low,88,-299.6,97,0,7,1,1,0","white_human,fist,159.6,-301.6,81,0,10,1,1,0","adaqua,arm_up,93.2,-290.4,86,1,24,1,1,0","adaqua,arm_low,184.4,-291.6,88,1,23,1,1,0","white_human,fist,250.4,-286.8,90,1,21,1,1,0","adaqua,leg_up,-55,-68.4,-9.2,0,15,1,1,0","adaqua,leg_low,-111,-22.4,-102,0,14,1,1,0","adaqua,foot,-184.8,-13.4,-103,0,18,1,1,0","adaqua,leg_up,64.4,-135.6,91.7,0,19,1,1,0","adaqua,leg_low,123,-93.4,0,0,18,1,1,0","adaqua,foot,151.2,-20.4,1,0,20,1,1,0","adaqua,base,217.6,-303.2,178,0,22,1,1,0","adaqua,quiver,-11.2,-154.8,95,0,24,1,1,0","adaqua,cloak,-82.8,-274,-19,0,5,1,1,0","adaqua,cloak_wide,-31.6,-273.6,26,0,26,1,1,0","item,adaqua_arrow,277.6,-328,-84,0,11,1,1,0",,,,,,,,,,,,,,,,,,,,,,,,,,,,,,,,,,,,,,,,,,,,,,,,,,,,,,,,,,,,,,,,,,,,,,,,,,,,,,,,,,,,,,,,,,,,,,,,,,,
Skill2/10,"adaqua,head,35,-379.4,2,0,4,1,1,0","adaqua,neck,29.4,-346,-19,0,12,1,1,0","adaqua,body,4.6,-228.8,-9,0,13,1,1,0","adaqua,arm_up,16,-298.4,91,0,8,1,1,0","adaqua,arm_low,105.8,-292.8,89,0,7,1,1,0","white_human,twopoint,181.4,-293.4,95,0,10,1,1,0","adaqua,arm_up,98.2,-290.4,84,1,24,1,1,0","adaqua,arm_low,185.4,-288,88,1,23,1,1,0","white_human,fist,251.4,-284.8,86,1,21,1,1,0","adaqua,leg_up,-55,-68.4,-9.2,0,15,1,1,0","adaqua,leg_low,-111,-22.4,-102,0,14,1,1,0","adaqua,foot,-184.8,-13.4,-103,0,18,1,1,0","adaqua,leg_up,64.4,-135.6,91.7,0,19,1,1,0","adaqua,leg_low,123,-93.4,2,0,18,1,1,0","adaqua,foot,151.2,-20.4,3,0,20,1,1,0","adaqua,draw_1,315.4,-320.4,-180,0,22,1,1,0","adaqua,quiver,-10.2,-155,93,0,24,1,1,0","adaqua,cloak,-65.8,-250,-1,0,5,1,1,0","adaqua,cloak_wide,1.4,-260,32,0,26,1,1,0",,,,,,,,,,,,,,,,,,,,,,,,,,,,,,,,,,,,,,,,,,,,,,,,,,,,,,,,,,,,,,,,,,,,,,,,,,,,,,,,,,,,,,,,,,,,,,,,,,play_time_mod_1.5,,
Skill2/11,"adaqua,head,37.2,-378.2,-2,0,4,1,1,0","adaqua,neck,28.6,-345.4,-19,0,12,1,1,0","adaqua,body,3.8,-228.4,-9,0,13,1,1,0","adaqua,arm_up,5.2,-301.2,86,0,8,1,1,0","adaqua,arm_low,69,-294.4,87,0,7,1,1,0","white_human,twopoint,142.6,-295,91,0,10,1,1,0","adaqua,arm_up,97.4,-290.2,84,1,24,1,1,0","adaqua,arm_low,184.6,-287.4,88,1,23,1,1,0","white_human,fist,250.6,-280.4,86,1,21,1,1,0","adaqua,leg_up,-55,-68.4,-9.2,0,15,1,1,0","adaqua,leg_low,-111,-22.4,-102,0,14,1,1,0","adaqua,foot,-184.8,-13.4,-103,0,18,1,1,0","adaqua,leg_up,64.4,-135.6,91.7,0,19,1,1,0","adaqua,leg_low,123,-93.4,2,0,18,1,1,0","adaqua,foot,151.2,-20.4,3,0,20,1,1,0","adaqua,draw_2,286.6,-310.2,178,0,22,1,1,0","adaqua,quiver,-11,-154.4,93,0,24,1,1,0","adaqua,cloak,-78.6,-257.8,-12,0,5,1,1,0","adaqua,cloak_wide,0.6,-259.4,35,0,26,1,1,0",,,,,,,,,,,,,,,,,,,,,,,,,,,,,,,,,,,,,,,,,,,,,,,,,,,,,,,,,,,,,,,,,,,,,,,,,,,,,,,,,,,,,,,,,,,,,,,,,,play_time_mod_1.2,,
Skill2/12,"adaqua,head,38,-373.6,-6,0,4,1,1,0","adaqua,neck,27.4,-343.8,-19,0,12,1,1,0","adaqua,body,2.6,-226.8,-9,0,13,1,1,0","adaqua,arm_up,-40,-298.2,-87,0,8,0.9,0.9,0","adaqua,arm_low,-29.2,-297.8,87,0,7,1,1.3,0","white_human,twopoint,69.4,-297.6,91,0,10,1,1,0","adaqua,arm_up,96.2,-288.2,84,1,24,1,1,0","adaqua,arm_low,183.4,-285.8,88,1,23,1,1,0","white_human,fist,249.4,-278.8,86,1,21,1,1,0","adaqua,leg_up,-55,-68.4,-9.2,0,15,1,1,0","adaqua,leg_low,-111,-22.4,-102,0,14,1,1,0","adaqua,foot,-184.8,-13.4,-103,0,18,1,1,0","adaqua,leg_up,64.4,-135.6,91.7,0,19,1,1,0","adaqua,leg_low,123,-93.4,2,0,18,1,1,0","adaqua,foot,151.2,-20.4,3,0,20,1,1,0","adaqua,draw_3,203.4,-308.2,178,0,22,1,1,0","adaqua,quiver,-12.2,-153,92,0,24,1,1,0","adaqua,cloak,-103.8,-292,-37,0,5,1,1,0","adaqua,cloak_wide,-44.6,-283.8,17,0,26,1,1,0",,,,,,,,,,,,,,,,,,,,,,,,,,,,,,,,,,,,,,,,,,,,,,,,,,,,,,,,,,,,,,,,,,,,,,,,,,,,,,,,,,,,,,,,,,,,,,,,,,play_time_mod_1.5,,
Skill2/13,"adaqua,head,40,-373.6,-8,0,4,1,1,0","adaqua,neck,27.4,-343.8,-19,0,12,1,1,0","adaqua,body,2.6,-226.8,-9,0,13,1,1,0","adaqua,arm_up,-36,-294.2,-89,0,8,0.9,0.9,0","adaqua,arm_low,-29.2,-295.8,87,0,7,1,1.3,0","white_human,twopoint,69,-294,89,0,10,1,1,0","adaqua,arm_up,96.2,-288.2,84,1,24,1,1,0","adaqua,arm_low,183.4,-285.8,88,1,23,1,1,0","white_human,fist,249,-277,82,1,21,1,1,0","adaqua,leg_up,-55,-68.4,-9.2,0,15,1,1,0","adaqua,leg_low,-111,-22.4,-102,0,14,1,1,0","adaqua,foot,-184.8,-13.4,-103,0,18,1,1,0","adaqua,leg_up,64.4,-135.6,91.7,0,19,1,1,0","adaqua,leg_low,123,-93.4,2,0,18,1,1,0","adaqua,foot,151.2,-20.4,3,0,20,1,1,0","adaqua,draw_3,203.4,-304.2,176,0,22,1,1,0","adaqua,quiver,-12.2,-153,92,0,24,1,1,0","adaqua,cloak,-103.8,-292,-37,0,5,1,1,0","adaqua,cloak_wide,-44.6,-283.8,17,0,26,1,1,0",,,,,,,,,,,,,,,,,,,,,,,,,,,,,,,,,,,,,,,,,,,,,,,,,,,,,,,,,,,,,,,,,,,,,,,,,,,,,,,,,,,,,,,,,,,,,,,,,,,,
Skill2/14,"adaqua,smirk,38,-373.6,-6,0,4,1,1,0","adaqua,neck,27.4,-343.8,-19,0,12,1,1,0","adaqua,body,2.6,-226.8,-9,0,13,1,1,0","adaqua,arm_up,-36,-295.2,-88,0,8,0.9,0.9,0","adaqua,arm_low,-29.2,-297.8,87,0,7,1,1.3,0","white_human,twopoint,69.4,-297.6,91,0,10,1,1,0","adaqua,arm_up,96.2,-288.2,84,1,24,1,1,0","adaqua,arm_low,183.4,-285.8,88,1,23,1,1,0","white_human,fist,249.4,-278.8,86,1,21,1,1,0","adaqua,leg_up,-55,-68.4,-9.2,0,15,1,1,0","adaqua,leg_low,-111,-22.4,-102,0,14,1,1,0","adaqua,foot,-184.8,-13.4,-103,0,18,1,1,0","adaqua,leg_up,64.4,-135.6,91.7,0,19,1,1,0","adaqua,leg_low,123,-93.4,2,0,18,1,1,0","adaqua,foot,151.2,-20.4,3,0,20,1,1,0","adaqua,draw_3,203.4,-308.2,178,0,22,1,1,0","adaqua,quiver,-12.2,-153,92,0,24,1,1,0","adaqua,cloak,-103.8,-292,-37,0,5,1,1,0","adaqua,cloak_wide,-44.6,-283.8,17,0,26,1,1,0",,,,,,,,,,,,,,,,,,,,,,,,,,,,,,,,,,,,,,,,,,,,,,,,,,,,,,,,,,,,,,,,,,,,,,,,,,,,,,,,,,,,,,,,,,,,,,,,,,play_time_mod_3,,
Skill2/15,"adaqua,head,36,-376.6,1,0,4,1,1,0","adaqua,neck,27.4,-342.8,-19,0,12,1,1,0","adaqua,body,2.6,-226.2,-9,0,13,1,1,0","adaqua,arm_up,-36,-293.6,-89,0,8,0.9,0.9,0","adaqua,arm_low,-38.2,-295.8,87,0,7,1,1.3,0","white_human,twopoint,53.4,-290.4,87,0,10,1,1,0","adaqua,arm_up,96.2,-287.6,84,1,24,1,1,0","adaqua,arm_low,183.4,-284.8,88,1,23,1,1,0","white_human,fist,249.4,-278.2,86,1,21,1,1,0","adaqua,leg_up,-55,-68.4,-9.2,0,15,1,1,0","adaqua,leg_low,-111,-22.4,-102,0,14,1,1,0","adaqua,foot,-184.8,-13.4,-103,0,18,1,1,0","adaqua,leg_up,64.4,-135.6,91.7,0,19,1,1,0","adaqua,leg_low,123,-93.4,2,0,18,1,1,0","adaqua,foot,151.2,-20.4,3,0,20,1,1,0","adaqua,draw_2,285.4,-307.6,178,0,22,1,1,0","adaqua,quiver,-12.2,-152.2,92,0,24,1,1,0","adaqua,cloak,-103.8,-313.2,-54,0,5,1,1,0","adaqua,cloak_wide,-66.6,-300.8,-168,0,26,1,1,0",,,,,,,,,,,,,,,,,,,,,,,,,,,,,,,,,,,,,,,,,,,,,,,,,,,,,,,,,,,,,,,,,,,,,,,,,,,,,,,,,,,,,,,,,,,,,,,,,,play_time_mod_0.7,,"bow_big_loose,1000,1"
Skill2/16,"adaqua,head,31.8,-377.4,2,0,4,1,1,0","adaqua,neck,26.2,-343.6,-19,0,12,1,1,0","adaqua,body,1.4,-227,-9,0,13,1,1,0","adaqua,arm_up,-67.2,-294.4,-89,0,8,0.9,0.9,0","adaqua,arm_low,-65.2,-296.8,89,0,7,1,1.3,0","white_human,twopoint,32.2,-293.2,84,0,10,1,1,0","adaqua,arm_up,95,-288.4,86,1,24,1,1,0","adaqua,arm_low,182.2,-285.6,88,1,23,1,1,0","white_human,fist,248.2,-279,86,1,21,1,1,0","adaqua,leg_up,-55,-68.4,-9.2,0,15,1,1,0","adaqua,leg_low,-111,-22.4,-102,0,14,1,1,0","adaqua,foot,-184.8,-13.4,-103,0,18,1,1,0","adaqua,leg_up,64.4,-135.6,91.7,0,19,1,1,0","adaqua,leg_low,123,-93.4,2,0,18,1,1,0","adaqua,foot,151.2,-20.4,3,0,20,1,1,0","adaqua,draw_1,306.2,-322.4,-180,0,22,1,1,0","adaqua,quiver,-13.4,-153,92,0,24,1,1,0","adaqua,cloak,-119,-324,-65,0,5,1,1,0","adaqua,cloak_wide,-73.8,-331.6,-170,0,26,1,1,0",,,,,,,,,,,,,,,,,,,,,,,,,,,,,,,,,,,,,,,,,,,,,,,,,,,,,,,,,,,,,,,,,,,,,,,,,,,,,,,,,,,,,,,,,,,,,,,,,,play_time_mod_0.5,,
Skill2/17,"adaqua,head,28.8,-375.8,4,0,4,1,1,0","adaqua,neck,24.2,-342,-19,0,12,1,1,0","adaqua,body,-0.6,-225.2,-9,0,13,1,1,0","adaqua,arm_up,-99.2,-310.8,-89,0,8,0.9,0.9,0","adaqua,arm_low,-157.4,-337.2,-133,0,7,1,1,0","white_human,open,-213.6,-387.4,-124,1,10,1,1,0","adaqua,arm_up,93,-286.8,86,1,24,1,1,0","adaqua,arm_low,180.2,-284,86,1,23,1,1,0","white_human,fist,246.2,-277.2,81,1,21,1,1,0","adaqua,leg_up,-55,-68.4,-9.2,0,15,1,1,0","adaqua,leg_low,-111,-22.4,-102,0,14,1,1,0","adaqua,foot,-184.8,-13.4,-103,0,18,1,1,0","adaqua,leg_up,64.4,-135.6,91.7,0,19,1,1,0","adaqua,leg_low,124,-93.4,6,0,18,1,1,0","adaqua,foot,156.2,-20.4,1,0,20,1,1,0","adaqua,base,223,-308,177,0,22,1,1,0","adaqua,quiver,-15.4,-151.2,92,0,24,1,1,0","adaqua,cloak,-115,-352.4,-141,1,5,1,1,0","adaqua,cloak_wide,-51.8,-340,152,0,26,1,1,0",,,,,,,,,,,,,,,,,,,,,,,,,,,,,,,,,,,,,,,,,,,,,,,,,,,,,,,,,,,,,,,,,,,,,,,,,,,,,,,,,,,,,,,,,,"adaqua_arrow,speed,419,-301,-89,0,0,1,1,1","crash_enemy,base,146.8,-303.2,90,0,0,1,1,0",,,,,,,play_time_mod_0.5,,"pierce_small,1000,1"
Skill2/18,"adaqua,head,33.4,-378.8,0,0,4,1,1,0","adaqua,neck,24.8,-345,-19,0,12,1,1,0","adaqua,body,0,-228,-9,0,13,1,1,0","adaqua,arm_up,-98.6,-313.4,-91,0,8,0.9,0.9,0","adaqua,arm_low,-176.8,-338,-114,0,7,1,1,0","white_human,open,-246.8,-377.4,-126,1,10,1,1,0","adaqua,arm_up,99.6,-289.4,83,1,24,1,1,0","adaqua,arm_low,180.8,-281,82,1,23,1,1,0","white_human,fist,250.8,-264,76,1,21,1,1,0","adaqua,leg_up,-55,-68.4,-9.2,0,15,1,1,0","adaqua,leg_low,-111,-22.4,-102,0,14,1,1,0","adaqua,foot,-184.8,-13.4,-103,0,18,1,1,0","adaqua,leg_up,64.4,-135.6,91.7,0,19,1,1,0","adaqua,leg_low,126,-93.4,12,0,18,1,1,0","adaqua,foot,160.2,-20.4,1,0,20,1,1,0","adaqua,base,223.6,-295,171,0,22,1,1,0","adaqua,quiver,-14.8,-154,92,0,24,1,1,0","adaqua,cloak,-102.4,-373.4,-155,1,5,1,1,0","adaqua,cloak_wide,-41.2,-363,143,0,26,1,1,0",,,,,,,,,,,,,,,,,,,,,,,,,,,,,,,,,,,,,,,,,,,,,,,,,,,,,,,,,,,,,,,,,,,,,,,,,,,,,,,,,,,,,,,,,,,,,,,,,,,,
Skill2/19,"adaqua,head,17.8,-381.4,5,0,4,1,1,0","adaqua,neck,14.2,-348,-19,0,12,1,1,0","adaqua,body,-2.6,-227,-5,0,13,1,1,0","adaqua,arm_up,-91.2,-307.4,-77,0,8,0.9,0.9,0","adaqua,arm_low,-175.4,-309,-99,0,7,1,1,0","white_human,open,-251.4,-320,-101,0,10,1,1,0","adaqua,arm_up,95,-288.4,60,1,24,1,1,0","adaqua,arm_low,176.2,-250,63,1,23,1,1,0","white_human,fist,232.2,-221,65,1,21,1,1,0","adaqua,leg_up,-55,-68.4,-9.2,0,15,1,1,0","adaqua,leg_low,-111,-22.4,-102,0,14,1,1,0","adaqua,foot,-184.8,-13.4,-103,0,18,1,1,0","adaqua,leg_up,64.4,-135.6,91.7,0,19,1,1,0","adaqua,leg_low,120,-93.4,0,0,18,1,1,0","adaqua,foot,148.2,-20.4,1,0,20,1,1,0","adaqua,base,211,-258,161,0,22,1,1,0","adaqua,quiver,-11.4,-153,90,0,24,1,1,0","adaqua,cloak,-113,-346,-137,1,5,1,1,0","adaqua,cloak_wide,-47.8,-344,156,0,26,1,1,0",,,,,,,,,,,,,,,,,,,,,,,,,,,,,,,,,,,,,,,,,,,,,,,,,,,,,,,,,,,,,,,,,,,,,,,,,,,,,,,,,,,,,,,,,,,,,,,,,,,,
Skill2/20,"adaqua,head,18.8,-425.4,5,0,4,1,1,0","adaqua,neck,14.2,-392,-19,0,12,1,1,0","adaqua,body,-2.6,-271,-5,0,13,1,1,0","adaqua,arm_up,-98.2,-341.4,-68,0,8,0.9,0.9,0","adaqua,arm_low,-168.4,-317,-68,0,7,1,1,0","white_human,open,-239,-280.2,-60,0,10,1,1,0","adaqua,arm_up,95,-332.4,60,1,24,1,1,0","adaqua,arm_low,176.2,-294,63,1,23,1,1,0","white_human,fist,232.2,-265,65,1,21,1,1,0","adaqua,leg_up,-55,-112.4,-9.2,0,15,1,1,0","adaqua,leg_low,-110,-46.4,-72,0,14,1,1,0","adaqua,foot,-160.8,-1.4,-54,0,18,1,1,0","adaqua,leg_up,64.4,-155.6,68.7,0,19,1,1,0","adaqua,leg_low,115,-93.4,0,0,18,1,1,0","adaqua,foot,141.2,-20.4,1,0,20,1,1,0","adaqua,base,211,-302,161,0,22,1,1,0","adaqua,quiver,-11.4,-197,90,0,24,1,1,0","adaqua,cloak,-125,-364,-121,1,5,1,1,0","adaqua,cloak_wide,-59.8,-368,166,0,26,1,1,0",,,,,,,,,,,,,,,,,,,,,,,,,,,,,,,,,,,,,,,,,,,,,,,,,,,,,,,,,,,,,,,,,,,,,,,,,,,,,,,,,,,,,,,,,,,,,,,,,,,,
Skill2/21,"adaqua,head,27,-491.4,7,0,4,1,1,0","adaqua,neck,24.4,-457.6,-16,0,12,1,1,0","adaqua,body,7.6,-332.8,-5,0,13,1,1,0","adaqua,arm_up,-82,-397.4,-61,0,8,0.9,0.9,0","adaqua,arm_low,-149.2,-360.8,-60,0,7,1,1,0","white_human,open,-214.4,-314.8,-53,0,10,1,1,0","adaqua,arm_up,103.2,-398.4,55,1,24,1,1,0","adaqua,arm_low,184.4,-355.6,68,1,23,1,1,0","white_human,fist,242.4,-330.8,68,1,21,1,1,0","adaqua,leg_up,-55,-194.4,-22.2,0,15,1,1,0","adaqua,leg_low,-106,-92.4,-30,0,14,1,1,0","adaqua,foot,-116.8,-21.4,-17.1,0,18,1,1,0","adaqua,leg_up,60.4,-195.6,34.7,0,19,1,1,0","adaqua,leg_low,95,-97.4,5,0,18,1,1,0","adaqua,foot,127.2,-20.4,-1,0,20,1,1,0","adaqua,base,225.2,-367.6,163,0,22,1,1,0","adaqua,quiver,2.8,-262.8,90,0,24,1,1,0","adaqua,cloak,-118.8,-402,-106,1,5,1,1,0","adaqua,cloak_wide,-61.6,-411.6,-179,0,26,1,1,0",,,,,,,,,,,,,,,,,,,,,,,,,,,,,,,,,,,,,,,,,,,,,,,,,,,,,,,,,,,,,,,,,,,,,,,,,,,,,,,,,,,,,,,,,,,,,,,,,,,,
Skill2/22,"adaqua,head,21,-491.4,5,0,4,1,1,0","adaqua,neck,16.4,-457.6,-16,0,12,1,1,0","adaqua,body,3.6,-332.8,-2,0,13,1,1,0","adaqua,arm_up,-85,-377.4,-41,0,8,0.9,0.9,0","adaqua,arm_low,-145.2,-310.8,-38,0,7,1,1,0","white_human,open,-182,-242.4,-22,0,10,1,1,0","adaqua,arm_up,103.2,-388.4,51,1,24,1,1,0","adaqua,arm_low,178.4,-349.6,71,1,23,1,1,0","white_human,fist,234.4,-324.8,62,1,21,1,1,0","adaqua,leg_up,-45,-194.4,-13.2,0,15,1,1,0","adaqua,leg_low,-83,-92.4,-27,0,14,1,1,0","adaqua,foot,-88.8,-21.4,-14.1,0,18,1,1,0","adaqua,leg_up,60.4,-195.6,34.7,0,19,1,1,0","adaqua,leg_low,93,-97.4,5,0,18,1,1,0","adaqua,foot,125.2,-20.4,-1,0,20,1,1,0","adaqua,base,209.2,-357.6,160,0,22,1,1,0","adaqua,quiver,2.8,-262.8,93,0,24,1,1,0","adaqua,cloak,-118.8,-386,-42,0,5,1,1,0","adaqua,cloak_wide,-71.6,-379.6,24,0,26,1,1,0",,,,,,,,,,,,,,,,,,,,,,,,,,,,,,,,,,,,,,,,,,,,,,,,,,,,,,,,,,,,,,,,,,,,,,,,,,,,,,,,,,,,,,,,,,,,,,,,,,,,
Skill3/0,"adaqua,head,20,-498.4,0,0,4,1,1,0","adaqua,neck,8.4,-465.6,-7,0,12,1,1,0","adaqua,body,-4.4,-336.8,-3,0,13,1,1,0","adaqua,arm_up,-85,-368.4,-28.4,0,8,1,1,0","adaqua,arm_low,-136.8,-287.2,-22,0,7,1,1,0","white_human,open,-150,-217.6,-2,0,10,1,1,0","adaqua,arm_up,89.2,-394.4,55,1,24,1,1,0","adaqua,arm_low,172.4,-353.6,69,1,23,1,1,0","white_human,fist,230.4,-326.8,67,1,21,1,1,0","adaqua,leg_up,-55,-198.4,-20.2,0,15,1,1,0","adaqua,leg_low,-95,-94.4,-20,0,14,1,1,0","adaqua,foot,-92.8,-19.4,-5.1,0,18,1,1,0","adaqua,leg_up,50.4,-191.6,34.7,0,19,1,1,0","adaqua,leg_low,83,-93.4,3,0,18,1,1,0","adaqua,foot,109.2,-20.4,1,0,20,1,1,0","adaqua,base,209.6,-347.2,157,0,22,1,1,0","adaqua,quiver,2.8,-262.8,93,0,24,1,1,0","adaqua,cloak,-98.8,-360,-9,0,5,1,1,0","adaqua,cloak_wide,-41.6,-354.6,29,0,26,1,1,0",,,,,,,,,,,,,,,,,,,,,,,,,,,,,,,,,,,,,,,,,,,,,,,,,,,,,,,,,,,,,,,,,,,,,,,,,,,,,,,,,,,,,,,,,,,,,,,,,,,,
Skill3/1,"adaqua,head,7,-493.4,4,0,4,1,1,0","adaqua,neck,0.4,-461.6,-9,0,12,1,1,0","adaqua,body,-10.4,-332.8,-2,0,13,1,1,0","adaqua,arm_up,-89,-368.4,-30.4,0,8,1,1,0","adaqua,arm_low,-98.8,-281.2,19,0,7,1,1,0","white_human,open,-67.2,-214.4,23,0,10,1,1,0","adaqua,arm_up,83.2,-392.4,51,1,24,1,1,0","adaqua,arm_low,166.4,-345.6,66,1,23,1,1,0","white_human,fist,226.4,-311.8,61,1,21,1,1,0","adaqua,leg_up,-55,-194.4,-20.2,0,15,1,1,0","adaqua,leg_low,-93,-92.4,-22,0,14,1,1,0","adaqua,foot,-92.8,-19.4,-5.1,0,18,1,1,0","adaqua,leg_up,50.4,-187.6,36.7,0,19,1,1,0","adaqua,leg_low,84,-93.4,1,0,18,1,1,0","adaqua,foot,110.2,-20.4,-3,0,20,1,1,0","adaqua,base,209.6,-342.2,158,0,22,1,1,0","adaqua,quiver,2.8,-258.8,91,0,24,1,1,0","adaqua,cloak,-102.8,-356,-11,0,5,1,1,0","adaqua,cloak_wide,-47.6,-351.6,27,0,26,1,1,0",,,,,,,,,,,,,,,,,,,,,,,,,,,,,,,,,,,,,,,,,,,,,,,,,,,,,,,,,,,,,,,,,,,,,,,,,,,,,,,,,,,,,,,,,,,,,,,,,,play_time_mod_1.3,,
Skill3/2,"adaqua,head,7,-493.4,4,0,4,1,1,0","adaqua,neck,0.4,-461.6,-9,0,12,1,1,0","adaqua,body,-10.4,-332.8,-2,0,13,1,1,0","adaqua,arm_up,-89,-368.4,-30.4,0,8,1,1,0","adaqua,arm_low,-143.8,-286.2,-29,0,7,1,1,0","white_human,open,-176.2,-216.6,-23,0,10,1,1,0","adaqua,arm_up,83.2,-392.4,51,1,24,1,1,0","adaqua,arm_low,166.4,-345.6,66,1,23,1,1,0","white_human,fist,226.4,-311.8,61,1,21,1,1,0","adaqua,leg_up,-55,-194.4,-20.2,0,15,1,1,0","adaqua,leg_low,-93,-92.4,-22,0,14,1,1,0","adaqua,foot,-92.8,-19.4,-5.1,0,18,1,1,0","adaqua,leg_up,50.4,-187.6,36.7,0,19,1,1,0","adaqua,leg_low,84,-93.4,1,0,18,1,1,0","adaqua,foot,110.2,-20.4,-3,0,20,1,1,0","adaqua,base,209.6,-342.2,158,0,22,1,1,0","adaqua,quiver,2.8,-258.8,91,0,24,1,1,0","adaqua,cloak,-106.8,-356,-12,0,5,1,1,0","adaqua,cloak_wide,-47.6,-351.6,27,0,26,1,1,0",,,,,,,,,,,,,,,,,,,,,,,,,,,,,,,,,,,,,,,,,,,,,,,,,,,,,,,,,,,,,,,,,,,,,,,,,,,,,,,,,,,,,,,,,,,,,,,,,,play_time_mod_0.2,,
Skill3/3,"adaqua,head,-1,-493.4,8,0,4,1,1,0","adaqua,neck,-6.6,-457.6,-9,0,12,1,1,0","adaqua,body,-14.4,-332.8,0,0,13,1,1,0","adaqua,arm_up,-109,-375.4,-45.4,0,8,1,1,0","adaqua,arm_low,-179.8,-323.2,-54,0,7,1,1,0","white_human,open,-242.6,-274.8,-57,0,10,1,1,0","adaqua,arm_up,79.2,-392.4,51,1,24,1,1,0","adaqua,arm_low,160.4,-350.6,66,1,23,1,1,0","white_human,fist,220.4,-317.8,61,1,21,1,1,0","adaqua,leg_up,-55,-194.4,-20.2,0,15,1,1,0","adaqua,leg_low,-93,-92.4,-22,0,14,1,1,0","adaqua,foot,-92.8,-19.4,-5.1,0,18,1,1,0","adaqua,leg_up,50.4,-187.6,36.7,0,19,1,1,0","adaqua,leg_low,84,-93.4,1,0,18,1,1,0","adaqua,foot,110.2,-20.4,-3,0,20,1,1,0","adaqua,base,199.6,-348.2,156,0,22,1,1,0","adaqua,quiver,2.8,-262.8,92,0,24,1,1,0","adaqua,cloak,-132.8,-384,-36,0,5,1,1,0","adaqua,cloak_wide,-47.6,-391.6,17,0,26,1,1,0",,,,,,,,,,,,,,,,,,,,,,,,,,,,,,,,,,,,,,,,,,,,,,,,,,,,,,,,,,,,,,,,,,,,,,,,,,,,,,,,,,,,,,,,,,,,,,,,,,play_time_mod_0.2,,
Skill3/4,"adaqua,smirk,-5,-496.4,10,0,4,1,1,0","adaqua,neck,-7.6,-461.6,-9,0,12,1,1,0","adaqua,body,-14.4,-332.8,1,0,13,1,1,0","adaqua,arm_up,-123,-405.4,-77,0,8,1,1,0","adaqua,arm_low,-220.8,-395.2,-84,0,7,1,1,0","white_human,open,-294,-384,-86,0,10,1,1,0","adaqua,arm_up,78.2,-392.4,52,1,24,1,1,0","adaqua,arm_low,158.4,-351.6,65,1,23,1,1,0","white_human,fist,217.4,-318.8,63,1,21,1,1,0","adaqua,leg_up,-55,-194.4,-20.2,0,15,1,1,0","adaqua,leg_low,-93,-92.4,-22,0,14,1,1,0","adaqua,foot,-92.8,-19.4,-5.1,0,18,1,1,0","adaqua,leg_up,50.4,-187.6,36.7,0,19,1,1,0","adaqua,leg_low,84,-93.4,1,0,18,1,1,0","adaqua,foot,110.2,-20.4,-3,0,20,1,1,0","adaqua,base,196.6,-349.2,158,0,22,1,1,0","adaqua,quiver,2.8,-258.8,93,0,24,1,1,0","adaqua,cloak,-146.8,-432,-75,0,5,1,1,0","adaqua,cloak_wide,-83.6,-421.6,-3,0,20,1,1,0",,,,,,,,,,,,,,,,,,,,,,,,,,,,,,,,,,,,,,,,,,,,,,,,,,,,,,,,,,,,,,,,,,,,,,,,,,,,,,,,,,,,,,,,,,,,,,,,,,play_time_mod_0.3,,
Skill3/5,"adaqua,smirk,-13,-498.4,18,0,4,1,1,0","adaqua,neck,-9.6,-461.6,-9,0,12,1,1,0","adaqua,body,-14.4,-332.8,3,0,13,1,1,0","adaqua,arm_up,-129,-424.4,-96,0,8,1,1,0","adaqua,arm_low,-220.8,-437.2,-96,0,7,1,1,0","white_human,open,-300,-456,-115,0,10,1,1,0","adaqua,arm_up,69.2,-398.4,53,1,24,1,1,0","adaqua,arm_low,151.4,-355.6,66,1,23,1,1,0","white_human,fist,209.4,-323.8,61,1,21,1,1,0","adaqua,leg_up,-55,-194.4,-20.2,0,15,1,1,0","adaqua,leg_low,-93,-92.4,-22,0,14,1,1,0","adaqua,foot,-92.8,-19.4,-5.1,0,18,1,1,0","adaqua,leg_up,54.4,-187.6,36.7,0,19,1,1,0","adaqua,leg_low,89,-93.4,3,0,18,1,1,0","adaqua,foot,113.2,-20.4,-3,0,20,1,1,0","adaqua,base,188.6,-348.2,156,0,22,1,1,0","adaqua,quiver,2.8,-258.8,94,0,24,1,1,0","adaqua,cloak,-144.8,-440,-137,1,5,1,1,0","adaqua,cloak_wide,-83.6,-463.6,-29,0,20,1,1,0",,,,,,,,,,,,,,,,,,,,,,,,,,,,,,,,,,,,,,,,,,,,,,,,,,,,,,,,,,,,,,,,,,,,,,,,,,,,,,,,,,,,,,,,,,,,,,,,,,play_time_mod_1.5,,
Skill3/6,"adaqua,smirk,-15,-499.4,19,0,4,1,1,0","adaqua,neck,-9.6,-461.6,-9,0,12,1,1,0","adaqua,body,-14.4,-332.8,3,0,13,1,1,0","adaqua,arm_up,-129,-424.4,-98,0,8,1,1,0","adaqua,arm_low,-220.8,-445.2,-102,0,7,1,1,0","white_human,open,-296,-472,-118,0,10,1,1,0","adaqua,arm_up,69.2,-398.4,53,1,24,1,1,0","adaqua,arm_low,148.4,-353.6,66,1,23,1,1,0","white_human,fist,206.4,-322.8,61,1,21,1,1,0","adaqua,leg_up,-55,-194.4,-20.2,0,15,1,1,0","adaqua,leg_low,-93,-92.4,-22,0,14,1,1,0","adaqua,foot,-92.8,-19.4,-5.1,0,18,1,1,0","adaqua,leg_up,54.4,-187.6,36.7,0,19,1,1,0","adaqua,leg_low,89,-93.4,3,0,18,1,1,0","adaqua,foot,113.2,-20.4,-3,0,20,1,1,0","adaqua,base,185.6,-347.2,156,0,22,1,1,0","adaqua,quiver,2.8,-258.8,94,0,24,1,1,0","adaqua,cloak,-140.8,-452,-146,1,5,1,1,0","adaqua,cloak_wide,-83.6,-467.6,-35,0,20,1,1,0",,,,,,,,,,,,,,,,,,,,,,,,,,,,,,,,,,,,,,,,,,,,,,,,,,,,,,,,,,,,,,,,,,,,,,,,,,,,,,,,,,,,,,,,,,,,,,,,,,,,
Skill3/7,"adaqua,smirk,-17,-499.4,21,0,4,1,1,0","adaqua,neck,-10.6,-461.6,-9,0,12,1,1,0","adaqua,body,-14.4,-332.8,3,0,13,1,1,0","adaqua,arm_up,-129,-424.4,-98,0,8,1,1,0","adaqua,arm_low,-220.8,-449.2,-104,0,7,1,1,0","white_human,open,-296,-480,-127,0,10,1,1,0","adaqua,arm_up,69.2,-398.4,53,1,24,1,1,0","adaqua,arm_low,148.4,-353.6,66,1,23,1,1,0","white_human,fist,206.4,-322.8,61,1,21,1,1,0","adaqua,leg_up,-55,-194.4,-20.2,0,15,1,1,0","adaqua,leg_low,-93,-92.4,-22,0,14,1,1,0","adaqua,foot,-92.8,-19.4,-5.1,0,18,1,1,0","adaqua,leg_up,54.4,-187.6,36.7,0,19,1,1,0","adaqua,leg_low,89,-93.4,3,0,18,1,1,0","adaqua,foot,113.2,-20.4,-3,0,20,1,1,0","adaqua,base,185.6,-347.2,156,0,22,1,1,0","adaqua,quiver,2.8,-258.8,94,0,24,1,1,0","adaqua,cloak,-138.8,-462,-152,1,5,1,1,0","adaqua,cloak_wide,-101.6,-478.6,-27,0,20,1,1,0",,,,,,,,,,,,,,,,,,,,,,,,,,,,,,,,,,,,,,,,,,,,,,,,,,,,,,,,,,,,,,,,,,,,,,,,,,,,,,,,,,,,,,,,,,,,,,,,,,,,
Skill3/8,"adaqua,smirk,-18,-499.4,22,0,4,1,1,0","adaqua,neck,-10.6,-461.6,-8,0,12,1,1,0","adaqua,body,-14.4,-332.8,3,0,13,1,1,0","adaqua,arm_up,-129,-424.4,-98,0,8,1,1,0","adaqua,arm_low,-220.8,-449.2,-106,0,7,1,1,0","white_human,open,-296,-476,-121,0,10,1,1,0","adaqua,arm_up,69.2,-398.4,53,1,24,1,1,0","adaqua,arm_low,148.4,-353.6,66,1,23,1,1,0","white_human,fist,206.4,-322.8,61,1,21,1,1,0","adaqua,leg_up,-55,-194.4,-20.2,0,15,1,1,0","adaqua,leg_low,-93,-92.4,-22,0,14,1,1,0","adaqua,foot,-92.8,-19.4,-5.1,0,18,1,1,0","adaqua,leg_up,54.4,-187.6,36.7,0,19,1,1,0","adaqua,leg_low,89,-93.4,3,0,18,1,1,0","adaqua,foot,113.2,-20.4,-3,0,20,1,1,0","adaqua,base,185.6,-347.2,156,0,22,1,1,0","adaqua,quiver,2.8,-258.8,95,0,24,1,1,0","adaqua,cloak,-134.8,-466,-157,1,5,1,1,0","adaqua,cloak_wide,-90.6,-473.6,-32,0,20,1,1,0",,,,,,,,,,,,,,,,,,,,,,,,,,,,,,,,,,,,,,,,,,,,,,,,,,,,,,,,,,,,,,,,,,,,,,,,,,,,,,,,,,,,,,,,,,,,,,,,,,,,
Skill3/9,"adaqua,smirk,-6,-499.4,15,0,4,1,1,0","adaqua,neck,-3.6,-461.6,-9,0,12,1,1,0","adaqua,body,-10.4,-332.8,1,0,13,1,1,0","adaqua,arm_up,-122,-414.4,-90,0,8,1,1,0","adaqua,arm_low,-217.8,-429.2,-101,0,8,1,1,0","white_human,open,-296,-449,-114,0,10,1,1,0","adaqua,arm_up,75.2,-392.4,49,1,24,1,1,0","adaqua,arm_low,150.4,-346.6,61,1,23,1,1,0","white_human,fist,209.4,-311.8,64,1,21,1,1,0","adaqua,leg_up,-55,-194.4,-20.2,0,15,1,1,0","adaqua,leg_low,-93,-92.4,-22,0,14,1,1,0","adaqua,foot,-92.8,-19.4,-5.1,0,18,1,1,0","adaqua,leg_up,54.4,-187.6,36.7,0,19,1,1,0","adaqua,leg_low,89,-93.4,3,0,18,1,1,0","adaqua,foot,113.2,-20.4,-3,0,20,1,1,0","adaqua,base,185.6,-341.2,153,0,22,1,1,0","adaqua,quiver,0.8,-258.8,92,0,24,1,1,0","adaqua,cloak,-126.8,-470,-159,1,5,1,1,0","adaqua,cloak_wide,-83.6,-479.6,-33,0,20,1,1,0",,,,,,,,,,,,,,,,,,,,,,,,,,,,,,,,,,,,,,,,,,,,,,,,,,,,,,,,,,,,,,,,,,,,,,,,,,,,,,,,,,,,,,,,,,,,,,,,,,play_time_mod_0.7,,
Skill3/10,"adaqua,head,10,-499.4,10,0,4,1,1,0","adaqua,neck,8.4,-461.6,-9,0,12,1,1,0","adaqua,body,-4.4,-332.8,-4,0,13,1,1,0","adaqua,arm_up,-113,-404.4,-72,0,8,1,1,0","adaqua,arm_low,-208.8,-385.2,-82,0,7,1,1,0","white_human,open,-286,-370,-86,0,10,1,1,0","adaqua,arm_up,81.2,-386.4,46,1,24,1,1,0","adaqua,arm_low,148.4,-335.6,57,1,23,1,1,0","white_human,fist,206.4,-292.8,53,1,21,1,1,0","adaqua,leg_up,-55,-194.4,-20.2,0,15,1,1,0","adaqua,leg_low,-94,-92.4,-20,0,14,1,1,0","adaqua,foot,-92.8,-19.4,-5.1,0,18,1,1,0","adaqua,leg_up,54.4,-187.6,30.7,0,19,1,1,0","adaqua,leg_low,83,-93.4,3,0,18,1,1,0","adaqua,foot,109.2,-20.4,1,0,20,1,1,0","adaqua,base,185.6,-313.2,149,0,22,1,1,0","adaqua,quiver,0.8,-258.8,90,0,24,1,1,0","adaqua,cloak,-120.8,-466,-148,1,5,1,1,0","adaqua,cloak_wide,-80.6,-478.6,-24,0,20,1,1,0",,,,,,,,,,,,,,,,,,,,,,,,,,,,,,,,,,,,,,,,,,,,,,,,,,,,,,,,,,,,,,,,,,,,,,,,,,,,,,,,,,,,,,,,,,,,,,,,,,play_time_mod_0.8,,
Skill3/11,"adaqua,head,10,-499.4,10,0,4,1,1,0","adaqua,neck,8.4,-461.6,-9,0,12,1,1,0","adaqua,body,-4.4,-332.8,-4,0,13,1,1,0","adaqua,arm_up,-102,-392.4,-59,0,8,1,1,0","adaqua,arm_low,-187.8,-355.2,-68,0,7,1,1,0","white_human,open,-253,-328,-75,0,10,1,1,0","adaqua,arm_up,81.2,-386.4,46,1,24,1,1,0","adaqua,arm_low,148.4,-335.6,57,1,23,1,1,0","white_human,fist,206.4,-292.8,53,1,21,1,1,0","adaqua,leg_up,-55,-194.4,-20.2,0,15,1,1,0","adaqua,leg_low,-94,-92.4,-20,0,14,1,1,0","adaqua,foot,-92.8,-19.4,-5.1,0,18,1,1,0","adaqua,leg_up,54.4,-187.6,30.7,0,19,1,1,0","adaqua,leg_low,83,-93.4,3,0,18,1,1,0","adaqua,foot,109.2,-20.4,1,0,20,1,1,0","adaqua,base,185.6,-313.2,149,0,22,1,1,0","adaqua,quiver,0.8,-258.8,90,0,24,1,1,0","adaqua,cloak,-124.8,-450,-140,1,5,1,1,0","adaqua,cloak_wide,-87.6,-467.6,-17,0,20,1,1,0",,,,,,,,,,,,,,,,,,,,,,,,,,,,,,,,,,,,,,,,,,,,,,,,,,,,,,,,,,,,,,,,,,,,,,,,,,,,,,,,,,,,,,,,,,,,,,,,,,play_time_mod_0.8,,
Skill3/12,"adaqua,head,14,-498.4,4,0,4,1,1,0","adaqua,neck,8.4,-460.6,-9,0,12,1,1,0","adaqua,body,-4.4,-332.8,-4,0,13,1,1,0","adaqua,arm_up,-97,-382.4,-48,0,8,1,1,0","adaqua,arm_low,-184.8,-327.2,-62,0,7,1,1,0","white_human,open,-248,-284,-56,0,10,1,1,0","adaqua,arm_up,81.2,-386.4,51,1,24,1,1,0","adaqua,arm_low,154.4,-341.6,57,1,23,1,1,0","white_human,fist,211.4,-302.8,60,1,21,1,1,0","adaqua,leg_up,-57,-194.4,-16.2,0,15,1,1,0","adaqua,leg_low,-95,-91.4,-20,0,14,1,1,0","adaqua,foot,-92.8,-19.4,-5.1,0,18,1,1,0","adaqua,leg_up,54.4,-187.6,30.7,0,19,1,1,0","adaqua,leg_low,83,-93.4,3,0,18,1,1,0","adaqua,foot,109.2,-20.4,1,0,20,1,1,0","adaqua,base,186.6,-323.2,151,0,22,1,1,0","adaqua,quiver,0.8,-258.8,90,0,24,1,1,0","adaqua,cloak,-130.8,-430,-125,1,5,1,1,0","adaqua,cloak_wide,-100.6,-458.6,-2,0,20,1,1,0",,,,,,,,,,,,,,,,,,,,,,,,,,,,,,,,,,,,,,,,,,,,,,,,,,,,,,,,,,,,,,,,,,,,,,,,,,,,,,,,,,,,,,,,,,,,,,,,,,play_time_mod_0.8,,
Skill3/13,"adaqua,head,15,-496.4,1,0,4,1,1,0","adaqua,neck,7.4,-461.6,-7,0,12,1,1,0","adaqua,body,-4.4,-332.8,-4,0,13,1,1,0","adaqua,arm_up,-103,-366.4,-38,0,8,1,1,0","adaqua,arm_low,-170.8,-297.2,-47,0,7,1,1,0","white_human,open,-222,-247.2,-46,0,10,1,1,0","adaqua,arm_up,81.2,-387.4,53,1,24,1,1,0","adaqua,arm_low,156.4,-343.6,59,1,23,1,1,0","white_human,fist,215.4,-306.8,62,1,21,1,1,0","adaqua,leg_up,-57,-194.4,-16.2,0,15,1,1,0","adaqua,leg_low,-95,-94.4,-20,0,14,1,1,0","adaqua,foot,-92.8,-19.4,-5.1,0,18,1,1,0","adaqua,leg_up,54.4,-187.6,30.7,0,19,1,1,0","adaqua,leg_low,83,-93.4,3,0,18,1,1,0","adaqua,foot,109.2,-20.4,1,0,20,1,1,0","adaqua,base,190.6,-327.2,153,0,22,1,1,0","adaqua,quiver,0.8,-258.8,90,0,24,1,1,0","adaqua,cloak,-130.8,-412,-63,0,5,1,1,0","adaqua,cloak_wide,-94.6,-393.6,-178,0,20,1,1,0",,,,,,,,,,,,,,,,,,,,,,,,,,,,,,,,,,,,,,,,,,,,,,,,,,,,,,,,,,,,,,,,,,,,,,,,,,,,,,,,,,,,,,,,,,,,,,,,,,play_time_mod_0.8,,
Skill3/14,"adaqua,head,16,-499.4,3,0,4,1,1,0","adaqua,neck,8.4,-465.6,-7,0,12,1,1,0","adaqua,body,-4.4,-336.8,-3,0,13,1,1,0","adaqua,arm_up,-91,-368.4,-33.4,0,8,1,1,0","adaqua,arm_low,-146.8,-287.2,-28,0,7,1,1,0","white_human,open,-166,-217.6,-11,0,10,1,1,0","adaqua,arm_up,91.2,-394.4,53,1,24,1,1,0","adaqua,arm_low,172.4,-353.6,69,1,23,1,1,0","white_human,fist,230.4,-328.8,67,1,21,1,1,0","adaqua,leg_up,-55,-198.4,-20.2,0,15,1,1,0","adaqua,leg_low,-95,-94.4,-20,0,14,1,1,0","adaqua,foot,-92.8,-19.4,-7.1,0,18,1,1,0","adaqua,leg_up,50.4,-191.6,34.7,0,19,1,1,0","adaqua,leg_low,83,-93.4,3,0,18,1,1,0","adaqua,foot,109.2,-20.4,1,0,20,1,1,0","adaqua,base,209.6,-349.2,157,0,22,1,1,0","adaqua,quiver,2.8,-262.8,93,0,24,1,1,0","adaqua,cloak,-126.8,-394,-44,0,5,1,1,0","adaqua,cloak_wide,-86.6,-376.6,-165,0,26,1,1,0",,,,,,,,,,,,,,,,,,,,,,,,,,,,,,,,,,,,,,,,,,,,,,,,,,,,,,,,,,,,,,,,,,,,,,,,,,,,,,,,,,,,,,,,,,,,,,,,,,,,
Standup/0,"adaqua,angry,-237,-64,75,0,4,1,1,0","adaqua,neck,-201,-49,71,0,12,1,1,0","adaqua,body,-76.4,-38.8,87,0,13,1,1,0","adaqua,arm_up,-137,19.6,86,0,8,1,1,0","adaqua,arm_low,-46,30,94,0,7,1,1,0","white_human,open,36,24,89,0,10,1,1,0","adaqua,arm_up,-116,-64,72,1,24,1,1,0","adaqua,arm_low,-36,-56,89,1,23,1,1,0","white_human,fist,36,-66,65,1,21,1,1,0","adaqua,leg_up,62,0,91,0,15,1,1,0","adaqua,leg_low,162,12,74,0,14,1,1,0","adaqua,foot,242,8,56,0,18,1,1,0","adaqua,leg_up,58,-66,104.7,0,19,1,1,0","adaqua,leg_low,160,-54,62,0,18,1,1,0","adaqua,foot,238,-19,22,0,20,1,1,0","adaqua,base,36,-74,126,0,22,1,1,0","adaqua,quiver,-15.2,-44.8,-174,0,26,1,1,0","adaqua,cloak,-252,-4,-67,0,5,1,1,0","adaqua,cloak_wide,-228,-28,22,0,26,1,1,0",,,,,,,,,,,,,,,,,,,,,,,,,,,,,,,,,,,,,,,,,,,,,,,,,,,,,,,,,,,,,,,,,,,,,,,,,,,,,,,,,,,,,,,,,,,,,,,,,,play_time_mod_1.3,,
Standup/1,"adaqua,angry,-164,-206,37,0,4,1,1,0","adaqua,neck,-152,-172,43,0,12,1,1,0","adaqua,body,-62.4,-94.8,49,0,13,1,1,0","adaqua,arm_up,-148,-54,16,0,8,1,1,0","adaqua,arm_low,-94,7,90,0,7,1,1,0","white_human,open,-14,6,89,0,10,1,1,0","adaqua,arm_up,-38,-134,43,1,24,1,1,0","adaqua,arm_low,50,-120,107,1,23,1,1,0","white_human,fist,102,-142,124,1,21,1,1,0","adaqua,leg_up,38,-6,87,0,15,1,1,0","adaqua,leg_low,125,10,73,0,14,1,1,0","adaqua,foot,194,36,7,0,18,1,1,0","adaqua,leg_up,84,-58,104.7,0,19,1,1,0","adaqua,leg_low,178,-46,59,0,18,1,1,0","adaqua,foot,242,-12,16,0,20,1,1,0","adaqua,base,58,-162,-154,0,22,1,1,0","adaqua,quiver,-2,-68,144,0,26,1,1,0","adaqua,cloak,-200,-36,-4,0,5,1,1,0","adaqua,cloak_wide,-120,-38,33,0,26,1,1,0",,,,,,,,,,,,,,,,,,,,,,,,,,,,,,,,,,,,,,,,,,,,,,,,,,,,,,,,,,,,,,,,,,,,,,,,,,,,,,,,,,,,,,,,,,,,,,,,,,,,
Standup/2,"adaqua,angry,-118,-323,19,0,4,1,1,0","adaqua,neck,-114,-295,29,0,12,1,1,0","adaqua,body,-48,-188,35,0,13,1,1,0","adaqua,arm_up,-154,-166,-10,0,8,1,1,0","adaqua,arm_low,-172,-62,-2,0,7,1,1,0","white_human,open,-202,-5,-63,0,10,1,1,0","adaqua,arm_up,-14,-242,40,1,24,1,1,0","adaqua,arm_low,68,-194,86,1,23,1,1,0","white_human,fist,142,-188,85,1,21,1,1,0","adaqua,leg_up,4,-68,27,0,15,1,1,0","adaqua,leg_low,-20,-8,-78,0,14,1,1,0","adaqua,foot,-96,24,-97,0,18,1,1,0","adaqua,leg_up,88,-118,98,0,19,1,1,0","adaqua,leg_low,154,-80,13,0,18,1,1,0","adaqua,foot,194,-10,-3,0,20,1,1,0","adaqua,base,114,-202,166,0,22,1,1,0","adaqua,quiver,-2,-132,124,0,26,1,1,0","adaqua,cloak,-168,-168,2,0,5,1,1,0","adaqua,cloak_wide,-96,-174,33,0,26,1,1,0",,,,,,,,,,,,,,,,,,,,,,,,,,,,,,,,,,,,,,,,,,,,,,,,,,,,,,,,,,,,,,,,,,,,,,,,,,,,,,,,,,,,,,,,,,,,,,,,,,,,
Standup/3,"adaqua,angry,4,-425,-2,0,4,1,1,0","adaqua,neck,-10,-389,-8,0,12,1,1,0","adaqua,body,-8,-268,5,0,13,1,1,0","adaqua,arm_up,-84,-288,-10,0,8,1,1,0","adaqua,arm_low,-94,-194,5,0,7,1,1,0","white_human,open,-85,-113,1,0,10,1,1,0","adaqua,arm_up,48,-320,21,1,24,1,1,0","adaqua,arm_low,116,-254,68,1,23,1,1,0","white_human,fist,176,-240,96,1,21,1,1,0","adaqua,leg_up,-18,-140,17,0,15,1,1,0","adaqua,leg_low,-37,-56,-45,0,14,1,1,0","adaqua,foot,-46,-2,-6,0,18,1,1,0","adaqua,leg_up,82,-148,62,0,19,1,1,0","adaqua,leg_low,148,-78,25,0,18,1,1,0","adaqua,foot,192,-10,3,0,20,1,1,0","adaqua,base,146,-262,-180,0,22,1,1,0","adaqua,quiver,-2,-212,94,0,26,1,1,0","adaqua,cloak,-106,-284,-2,0,5,1,1,0","adaqua,cloak_wide,-48,-276,25,0,26,1,1,0",,,,,,,,,,,,,,,,,,,,,,,,,,,,,,,,,,,,,,,,,,,,,,,,,,,,,,,,,,,,,,,,,,,,,,,,,,,,,,,,,,,,,,,,,,,,,,,,,,,,
Standup/4,"adaqua,angry,23,-482,-4,0,4,1,1,0","adaqua,neck,8,-449,-8,0,12,1,1,0","adaqua,body,-8,-322,-5,0,13,1,1,0","adaqua,arm_up,-84,-356,-26,0,8,1,1,0","adaqua,arm_low,-113,-270,1,0,7,1,1,0","white_human,open,-113,-192,-9,0,10,1,1,0","adaqua,arm_up,70,-368,21,1,24,1,1,0","adaqua,arm_low,138,-302,68,1,23,1,1,0","white_human,fist,198,-288,96,1,21,1,1,0","adaqua,leg_up,-48,-178,0,0,15,1,1,0","adaqua,leg_low,-58,-74,-12,0,14,1,1,0","adaqua,foot,-50,-2,-6,0,18,1,1,0","adaqua,leg_up,42,-188,42,0,19,1,1,0","adaqua,leg_low,84,-92,5,0,18,1,1,0","adaqua,foot,110,-14,-1,0,20,1,1,0","adaqua,base,168,-310,-180,0,22,1,1,0","adaqua,quiver,-2,-252,84,0,26,1,1,0","adaqua,cloak,-110,-352,-22,0,5,1,1,0","adaqua,cloak_wide,-56,-348,24,0,26,1,1,0",,,,,,,,,,,,,,,,,,,,,,,,,,,,,,,,,,,,,,,,,,,,,,,,,,,,,,,,,,,,,,,,,,,,,,,,,,,,,,,,,,,,,,,,,,,,,,,,,,,,
Standup/5,"adaqua,angry,19,-485,3,0,4,1,1,0","adaqua,neck,10,-447,-8,0,12,1,1,0","adaqua,body,-8,-326,-5,0,13,1,1,0","adaqua,arm_up,-86,-366,-29,0,8,1,1,0","adaqua,arm_low,-120,-276,-8,0,7,1,1,0","white_human,open,-136,-198,-20,0,10,1,1,0","adaqua,arm_up,78,-368,32,1,24,1,1,0","adaqua,arm_low,144,-314,68,1,23,1,1,0","white_human,fist,210,-298,96,1,21,1,1,0","adaqua,leg_up,-48,-182,-4,0,15,1,1,0","adaqua,leg_low,-68,-74,-15,0,14,1,1,0","adaqua,foot,-58,-8,-2,0,18,1,1,0","adaqua,leg_up,42,-188,42,0,19,1,1,0","adaqua,leg_low,84,-92,5,0,18,1,1,0","adaqua,foot,110,-14,-1,0,20,1,1,0","adaqua,base,180,-320,-180,0,22,1,1,0","adaqua,quiver,-2,-254,87,0,26,1,1,0","adaqua,cloak,-112,-356,-19,0,5,1,1,0","adaqua,cloak_wide,-56,-352,22,0,26,1,1,0",,,,,,,,,,,,,,,,,,,,,,,,,,,,,,,,,,,,,,,,,,,,,,,,,,,,,,,,,,,,,,,,,,,,,,,,,,,,,,,,,,,,,,,,,,,,,,,,,,,,
Standup/6,"adaqua,angry,15,-491,5,0,4,1,1,0","adaqua,neck,7,-453,-6,0,12,1,1,0","adaqua,body,-8,-328,-3,0,13,1,1,0","adaqua,arm_up,-86,-366,-29,0,8,1,1,0","adaqua,arm_low,-132,-282,-21,0,7,1,1,0","white_human,open,-158,-204,-20,0,10,1,1,0","adaqua,arm_up,82,-372,41,1,24,1,1,0","adaqua,arm_low,150,-324,62,1,23,1,1,0","white_human,fist,218,-298,82,1,21,1,1,0","adaqua,leg_up,-52,-182,-11,0,15,1,1,0","adaqua,leg_low,-76,-74,-12,0,14,1,1,0","adaqua,foot,-68,-10,-2,0,18,1,1,0","adaqua,leg_up,48,-188,41,0,19,1,1,0","adaqua,leg_low,83,-92,-2,0,18,1,1,0","adaqua,foot,104,-14,-1,0,20,1,1,0","adaqua,base,186,-316,166,0,22,1,1,0","adaqua,quiver,-2,-254,87,0,26,1,1,0","adaqua,cloak,-108,-352,-12,0,5,1,1,0","adaqua,cloak_wide,-46,-346,24,0,26,1,1,0",,,,,,,,,,,,,,,,,,,,,,,,,,,,,,,,,,,,,,,,,,,,,,,,,,,,,,,,,,,,,,,,,,,,,,,,,,,,,,,,,,,,,,,,,,,,,,,,,,,,
UseItem/0,"adaqua,head,20,-500.4,-1,0,4,1,1,0","adaqua,neck,8.4,-465.6,-7,0,12,1,1,0","adaqua,body,-4.4,-336.8,-3,0,13,1,1,0","adaqua,arm_up,-85,-374.4,-28.4,0,8,1,1,0","adaqua,arm_low,-136.8,-287.2,-22,0,7,1,1,0","white_human,open,-150,-217.6,-2,0,10,1,1,0","adaqua,arm_up,73.2,-386.4,38,1,29,1,1,0","adaqua,arm_low,118.4,-323.6,27,1,28,1,1,0","white_human,fist,139.2,-255.6,14,1,26,1,1,0","adaqua,leg_up,-55,-198.4,-20.2,0,15,1,1,0","adaqua,leg_low,-93,-96.4,-20,0,14,1,1,0","adaqua,foot,-92.8,-19.4,-5.1,0,18,1,1,0","adaqua,leg_up,50.4,-191.6,34.7,0,19,1,1,0","adaqua,leg_low,81,-93.4,-1,0,18,1,1,0","adaqua,foot,104.2,-20.4,1,0,20,1,1,0","adaqua,base,120.8,-279.2,114,0,27,1,1,0","adaqua,quiver,2.8,-262.8,93,0,25,1,1,0","adaqua,cloak,-102.8,-360,-11,0,5,1,1,0","adaqua,cloak_wide,-47.6,-351.6,30,0,31,1,1,0",,,,,,,,,,,,,,,,,,,,,,,,,,,,,,,,,,,,,,,,,,,,,,,,,,,,,,,,,,,,,,,,,,,,,,,,,,,,,,,,,,,,,,,,,,,,,,,,,,play_time_mod_0.8,,
UseItem/1,"adaqua,head,33,-488.4,-3,0,4,1,1,0","adaqua,neck,24.4,-457.6,-25,0,12,1,1,0","adaqua,body,3.6,-330.8,-6,0,13,1,1,0","adaqua,arm_up,-76,-371.4,-30.4,0,8,1,1,0","adaqua,arm_low,-137.8,-290.2,-32,0,7,1,1,0","white_human,open,-169,-219.6,-23,0,10,1,1,0","adaqua,arm_up,77.2,-374.4,22,1,29,1,1,0","adaqua,arm_low,82.4,-299.6,-31,1,28,1,1,0","white_human,fist,55.2,-247.2,-60,1,26,1,1,0","adaqua,leg_up,-51,-192.4,-15.2,0,15,1,1,0","adaqua,leg_low,-89,-88.4,-25,0,14,1,1,0","adaqua,foot,-92.8,-19.4,-5.1,0,18,1,1,0","adaqua,leg_up,50.4,-191.6,37.7,0,19,1,1,0","adaqua,leg_low,84,-93.4,-2,0,18,1,1,0","adaqua,foot,104.2,-20.4,1,0,20,1,1,0","adaqua,base,53.6,-276,84,0,27,1,1,0","adaqua,quiver,2.8,-262.8,90,0,25,1,1,0","adaqua,cloak,-100.8,-368,-23,0,5,1,1,0","adaqua,cloak_wide,-47.6,-351.6,30,0,31,1,1,0",,,,,,,,,,,,,,,,,,,,,,,,,,,,,,,,,,,,,,,,,,,,,,,,,,,,,,,,,,,,,,,,,,,,,,,,,,,,,,,,,,,,,,,,,,,,,,,,,,play_time_mod_0.5,,
UseItem/2,"adaqua,head,44,-487.4,-7,0,4,1,1,0","adaqua,neck,30.4,-455.6,-25,0,12,1,1,0","adaqua,body,3.6,-330.8,-8,0,13,1,1,0","adaqua,arm_up,-79,-368.4,-30.4,0,8,1,1,0","adaqua,arm_low,-134.8,-286.2,-25,0,7,1,1,0","white_human,open,-159,-209.6,-14,0,10,1,1,0","adaqua,arm_up,77.2,-368.4,18,1,29,1,1,0","adaqua,arm_low,80.4,-297.6,-30,1,28,1,1,0","white_human,fist,45.2,-247.2,-63,1,26,1,1,0","adaqua,leg_up,-55,-192.4,-13.2,0,15,1,1,0","adaqua,leg_low,-89,-88.4,-25,0,14,1,1,0","adaqua,foot,-92.8,-19.4,-5.1,0,18,1,1,0","adaqua,leg_up,50.4,-191.6,35.7,0,19,1,1,0","adaqua,leg_low,83,-93.4,-2,0,18,1,1,0","adaqua,foot,104.2,-20.4,1,0,20,1,1,0","adaqua,base,53.6,-268,79,0,27,1,1,0","adaqua,quiver,2.8,-262.8,90,0,25,1,1,0","adaqua,cloak,-96.8,-368,-21,0,5,1,1,0","adaqua,cloak_wide,-47.6,-351.6,30,0,31,1,1,0",,,,,,,,,,,,,,,,,,,,,,,,,,,,,,,,,,,,,,,,,,,,,,,,,,,,,,,,,,,,,,,,,,,,,,,,,,,,,,,,,,,,,,,,,,,,,,,,,,play_time_mod_1.2,,
UseItem/3,"adaqua,head,20,-502.4,-1,0,4,1,1,0","adaqua,neck,10.4,-465.6,-7,0,12,1,1,0","adaqua,body,-4.4,-336.8,-3,0,13,1,1,0","adaqua,arm_up,-85,-374.4,-28.4,0,8,1,1,0","adaqua,arm_low,-136.8,-287.2,-22,0,7,1,1,0","white_human,open,-158,-208.6,-14,0,10,1,1,0","adaqua,arm_up,73.2,-386.4,38,1,29,1,1,0","adaqua,arm_low,118.4,-323.6,27,1,28,1,1,0","white_human,fist,139.2,-255.6,14,1,26,1,1,0","adaqua,leg_up,-55,-198.4,-20.2,0,15,1,1,0","adaqua,leg_low,-93,-96.4,-20,0,14,1,1,0","adaqua,foot,-92.8,-19.4,-5.1,0,18,1,1,0","adaqua,leg_up,50.4,-191.6,34.7,0,19,1,1,0","adaqua,leg_low,81,-93.4,-2,0,18,1,1,0","adaqua,foot,104.2,-20.4,1,0,20,1,1,0","adaqua,base,120.8,-279.2,114,0,27,1,1,0","adaqua,quiver,2.8,-262.8,93,0,25,1,1,0","adaqua,cloak,-102.8,-360,-11,0,5,1,1,0","adaqua,cloak_wide,-47.6,-351.6,30,0,31,1,1,0",,,,,,,,,,,,,,,,,,,,,,,,,,,,,,,,,,,,,,,,,,,,,,,,,,,,,,,,,,,,,,,,,,,,,,,,,,,,,,,,"item,large_health_potion,160,-238,-5,0,0,1,1,0",,,,,,,,,,,,,,,,,,,,
UseItem/4,"adaqua,head,39,-502.4,7,0,4,1,1,0","adaqua,neck,32.4,-464.6,-7,0,12,1,1,0","adaqua,body,5.6,-336.8,-9,0,13,1,1,0","adaqua,arm_up,-73,-376.4,-35.4,0,8,1,1,0","adaqua,arm_low,-137.8,-295.2,-29,0,7,1,1,0","white_human,open,-171,-218.6,-23,0,10,1,1,0","adaqua,arm_up,87.2,-388.4,46,1,29,1,1,0","adaqua,arm_low,150.4,-327.6,43,1,28,1,1,0","white_human,fist,185.2,-273.6,24,1,26,1,1,0","adaqua,leg_up,-55,-198.4,-20.2,0,15,1,1,0","adaqua,leg_low,-93,-96.4,-20,0,14,1,1,0","adaqua,foot,-92.8,-19.4,-5.1,0,18,1,1,0","adaqua,leg_up,54.4,-191.6,37.7,0,19,1,1,0","adaqua,leg_low,84,-93.4,-5,0,18,1,1,0","adaqua,foot,104.2,-20.4,1,0,20,1,1,0","adaqua,base,170.8,-303.2,124,0,27,1,1,0","adaqua,quiver,6.8,-266.8,87,0,25,1,1,0","adaqua,cloak,-94.8,-374,-22,0,5,1,1,0","adaqua,cloak_wide,-47.6,-351.6,30,0,31,1,1,0",,,,,,,,,,,,,,,,,,,,,,,,,,,,,,,,,,,,,,,,,,,,,,,,,,,,,,,,,,,,,,,,,,,,,,,,,,,,,,,,"item,large_health_potion,190,-264,-5,0,0,1,1,0",,,,,,,,,,,,,,,,,,,,
UseItem/5,"adaqua,smirk,35,-501.4,11,0,4,1,1,0","adaqua,neck,32.4,-463.6,-7,0,12,1,1,0","adaqua,body,5.6,-336.8,-9,0,13,1,1,0","adaqua,arm_up,-75,-379.4,-35.4,0,8,1,1,0","adaqua,arm_low,-139.8,-296.2,-28,0,7,1,1,0","white_human,open,-177,-220.6,-31,0,10,1,1,0","adaqua,arm_up,87.2,-388.4,46,1,29,1,1,0","adaqua,arm_low,154.4,-327.6,45,1,28,1,1,0","white_human,twopoint,205.2,-273.6,48,1,26,1,1,0","adaqua,leg_up,-55,-198.4,-20.2,0,15,1,1,0","adaqua,leg_low,-93,-96.4,-20,0,14,1,1,0","adaqua,foot,-92.8,-19.4,-5.1,0,18,1,1,0","adaqua,leg_up,54.4,-191.6,37.7,0,19,1,1,0","adaqua,leg_low,84,-93.4,-5,0,18,1,1,0","adaqua,foot,104.2,-20.4,1,0,20,1,1,0","adaqua,base,172.8,-309.2,129,0,27,1,1,0","adaqua,quiver,6.8,-266.8,87,0,25,1,1,0","adaqua,cloak,-94.8,-374,-22,0,5,1,1,0","adaqua,cloak_wide,-47.6,-351.6,30,0,31,1,1,0",,,,,,,,,,,,,,,,,,,,,,,,,,,,,,,,,,,,,,,,,,,,,,,,,,,,,,,,,,,,,,,,,,,,,,,,,,,,,,,,"item,large_health_potion,224,-256,-16,0,0,1,1,0",,,,,,,,,,,,,,,,,,play_time_mod_0.7,,
UseItem/6,"adaqua,smirk,15,-500.4,9,0,4,1,1,0","adaqua,neck,11.4,-465.6,-3,0,12,1,1,0","adaqua,body,-0.4,-336.8,-3,0,13,1,1,0","adaqua,arm_up,-80,-370.4,-31.4,0,8,1,1,0","adaqua,arm_low,-131.8,-291.2,-26,0,7,1,1,0","white_human,open,-169,-214.6,-30,0,10,1,1,0","adaqua,arm_up,93.2,-392.4,56,1,29,1,1,0","adaqua,arm_low,168.4,-357.6,70,1,28,1,1,0","white_human,point,239.2,-337.6,84,1,26,1,1,0","adaqua,leg_up,-55,-198.4,-20.2,0,15,1,1,0","adaqua,leg_low,-93,-96.4,-20,0,14,1,1,0","adaqua,foot,-92.8,-19.4,-5.1,0,18,1,1,0","adaqua,leg_up,54.4,-191.6,37.7,0,19,1,1,0","adaqua,leg_low,84,-93.4,-5,0,18,1,1,0","adaqua,foot,104.2,-20.4,1,0,20,1,1,0","adaqua,base,184,-354.8,167,0,27,1,1,0","adaqua,quiver,6.8,-266.8,87,0,25,1,1,0","adaqua,cloak,-96.8,-358,-13,0,5,1,1,0","adaqua,cloak_wide,-39.6,-345.6,32,0,31,1,1,0",,,,,,,,,,,,,,,,,,,,,,,,,,,,,,,,,,,,,,,,,,,,,,,,,,,,,,,,,,,,,,,,,,,,,,,,,,,,,,,,"item,large_health_potion,246,-210,-16,0,0,1,1,0",,,,,,,,,,,,,,,,,,play_time_mod_0.3,,
UseItem/7,"adaqua,smirk,11,-502.4,15,0,4,1,1,0","adaqua,neck,10.4,-465.6,-10,0,12,1,1,0","adaqua,body,-4.4,-336.8,-3,0,13,1,1,0","adaqua,arm_up,-79,-364.4,-25.4,0,8,1,1,0","adaqua,arm_low,-120.8,-280.2,-18,0,7,1,1,0","white_human,open,-140,-202.6,-14,0,10,1,1,0","adaqua,arm_up,87.2,-390.4,49,1,29,1,1,0","adaqua,arm_low,174.4,-357.6,90,1,28,1,1,0","white_human,point,244,-367.2,102,1,26,1,1,0","adaqua,leg_up,-51,-198.4,-14.2,0,15,1,1,0","adaqua,leg_low,-87,-96.4,-23,0,14,1,1,0","adaqua,foot,-92.8,-19.4,-13.1,0,18,1,1,0","adaqua,leg_up,54.4,-191.6,34.7,0,19,1,1,0","adaqua,leg_low,84,-93.4,-5,0,18,1,1,0","adaqua,foot,104.2,-20.4,1,0,20,1,1,0","adaqua,base,194,-364,-164,0,27,1,1,0","adaqua,quiver,6.8,-266.8,87,0,25,1,1,0","adaqua,cloak,-94.8,-352,-8,0,5,1,1,0","adaqua,cloak_wide,-39.6,-345.6,32,0,31,1,1,0",,,,,,,,,,,,,,,,,,,,,,,,,,,,,,,,,,,,,,,,,,,,,,,,,,,,,,,,,,,,,,,,,,,,,,,,,,,,,,,,"item,large_health_potion,244,-134,-20,0,0,1,1,0",,,,,,,,,,,,,,,,,,,,
UseItem/8,"adaqua,head,31,-500.4,5,0,4,1,1,0","adaqua,neck,25.4,-461.6,-11,0,12,1,1,0","adaqua,body,3.6,-336.8,-7,0,13,1,1,0","adaqua,arm_up,-73,-375.4,-31.4,0,8,1,1,0","adaqua,arm_low,-122.8,-295.2,-26,0,7,1,1,0","white_human,open,-155,-220.6,-25,0,10,1,1,0","adaqua,arm_up,93.2,-394.4,58,1,29,1,1,0","adaqua,arm_low,174.4,-371.6,87,1,28,1,1,0","white_human,point,252,-367.2,87,1,26,1,1,0","adaqua,leg_up,-49,-196.4,-14.2,0,15,1,1,0","adaqua,leg_low,-81,-92.4,-17,0,14,1,1,0","adaqua,foot,-80.8,-19.4,-13.1,0,18,1,1,0","adaqua,leg_up,58.4,-191.6,28.7,0,19,1,1,0","adaqua,leg_low,82,-93.4,0,0,18,1,1,0","adaqua,foot,104.2,-20.4,1,0,20,1,1,0","adaqua,base,202,-384,-179,0,27,1,1,0","adaqua,quiver,6.8,-266.8,85,0,25,1,1,0","adaqua,cloak,-100.8,-376,-28,0,5,1,1,0","adaqua,cloak_wide,-49.6,-373.6,24,0,31,1,1,0",,,,,,,,,,,,,,,,,,,,,,,,,,,,,,,,,,,,,,,,,,,,,,,,,,,,,,,,,,,,,,,,,,,,,,,,,,,,,,,,"item,large_health_potion,248,-62,-17,0,0,1,1,0",,,,,,,,,,,,,,,,,,play_time_mod_1.5,,
UseItem/9,"adaqua,head,55,-494.4,-1,0,4,1,1,0","adaqua,neck,40.4,-461.6,-24,0,12,1,1,0","adaqua,body,9.6,-336.8,-9,0,13,1,1,0","adaqua,arm_up,-71,-384.4,-40.4,0,8,1,1,0","adaqua,arm_low,-135.8,-311.2,-33,0,7,1,1,0","white_human,open,-183,-248.6,-48,0,10,1,1,0","adaqua,arm_up,101.2,-384.4,54,1,29,1,1,0","adaqua,arm_low,175.4,-352.6,73,1,28,1,1,0","white_human,point,250,-319.2,64,1,26,1,1,0","adaqua,leg_up,-49,-196.4,-14.2,0,15,1,1,0","adaqua,leg_low,-81,-92.4,-17,0,14,1,1,0","adaqua,foot,-80.8,-19.4,-13.1,0,18,1,1,0","adaqua,leg_up,58.4,-191.6,28.7,0,19,1,1,0","adaqua,leg_low,82,-93.4,0,0,18,1,1,0","adaqua,foot,104.2,-20.4,1,0,20,1,1,0","adaqua,base,205,-347,158,0,27,1,1,0","adaqua,quiver,6.8,-266.8,84,0,25,1,1,0","adaqua,cloak,-94.8,-392,-39,0,5,1,1,0","adaqua,cloak_wide,-45.6,-379.6,12,0,31,1,1,0",,,,,,,,,,,,,,,,,,,,,,,,,,,,,,,,,,,,,,,,,,,,,,,,,,,,,,,,,,,,,,,,,,,,,,,,,,,,,,,,"item,large_health_potion,262,-26,-21,0,0,1,1,0",,,,,,,,,,"use_item,base,244,-8,0,0,0,1,1,1",,,,,,,,,,
UseItem/10,"adaqua,head,60,-494.4,-5,0,4,1,1,0","adaqua,neck,46.4,-457.6,-23,0,12,1,1,0","adaqua,body,13.6,-336.8,-11,0,13,1,1,0","adaqua,arm_up,-67,-393.4,-46.4,0,8,1,1,0","adaqua,arm_low,-146.8,-327.2,-46,0,7,1,1,0","white_human,open,-208,-273.6,-58,0,10,1,1,0","adaqua,arm_up,101.2,-378.4,44,1,29,1,1,0","adaqua,arm_low,170.4,-327.6,58,1,28,1,1,0","white_human,point,224,-279.2,44,1,26,1,1,0","adaqua,leg_up,-49,-196.4,-11.2,0,15,1,1,0","adaqua,leg_low,-81,-92.4,-19,0,14,1,1,0","adaqua,foot,-80.8,-19.4,-13.1,0,18,1,1,0","adaqua,leg_up,58.4,-191.6,32.7,0,19,1,1,0","adaqua,leg_low,84,-93.4,-5,0,18,1,1,0","adaqua,foot,104.2,-20.4,1,0,20,1,1,0","adaqua,base,194,-316,141,0,27,1,1,0","adaqua,quiver,6.8,-266.8,82,0,25,1,1,0","adaqua,cloak,-94.8,-410,-48,0,5,1,1,0","adaqua,cloak_wide,-45.6,-389.6,-1,0,31,1,1,0",,,,,,,,,,,,,,,,,,,,,,,,,,,,,,,,,,,,,,,,,,,,,,,,,,,,,,,,,,,,,,,,,,,,,,,,,,,,,,,,"item,large_health_potion,262,-26,-31,0,0,1,1,0",,,,,,,,,,,,,,,,,,,,
Walk/0,"adaqua,head,21,-495.4,0,0,4,1,1,0","adaqua,neck,14.4,-463.6,-15,0,12,1,1,0","adaqua,body,-0.4,-336.8,-6,0,13,1,1,0","adaqua,arm_up,-83,-374.4,-28.4,0,8,1,1,0","adaqua,arm_low,-117.8,-287.2,-1,0,7,1,1,0","white_human,open,-113,-211.6,6,0,10,1,1,0","adaqua,arm_up,87.2,-388.4,50,1,18,1,1,0","adaqua,arm_low,168.4,-333.6,56,1,18,1,1,0","white_human,fist,226.4,-298.8,64,1,21,1,1,0","adaqua,leg_up,-47,-198.4,-10.2,0,15,1,1,0","adaqua,leg_low,-81,-104.4,-29,0,14,1,1,0","adaqua,foot,-92.8,-35.4,-29.1,0,18,1,1,0","adaqua,leg_up,38.4,-191.6,21.7,0,19,1,1,0","adaqua,leg_low,56,-93.4,-2,0,18,1,1,0","adaqua,foot,78.2,-20.4,1,0,20,1,1,0","adaqua,base,205.6,-329.2,150,0,23,1,1,0","adaqua,quiver,2.8,-266.8,90,0,24,1,1,0","adaqua,cloak,-104.8,-383,-31,0,5,1,1,0","adaqua,cloak_wide,-64.6,-369.6,-152,0,20,1,1,0",,,,,,,,,,,,,,,,,,,,,,,,,,,,,,,,,,,,,,,,,,,,,,,,,,,,,,,,,,,,,,,,,,,,,,,,,,,,,,,,,,,,,,,,,,,,,,,,,,,,
Walk/1,"adaqua,head,17,-499.4,1,0,4,1,1,0","adaqua,neck,14.4,-463.6,-15,0,12,1,1,0","adaqua,body,3.6,-336.8,-3,0,13,1,1,0","adaqua,arm_up,-83,-374.4,-28.4,0,8,1,1,0","adaqua,arm_low,-125.8,-287.2,-14,0,7,1,1,0","white_human,open,-141,-211.6,-14,0,10,1,1,0","adaqua,arm_up,87.2,-388.4,45,1,18,1,1,0","adaqua,arm_low,164.4,-330.6,57,1,18,1,1,0","white_human,fist,220.4,-289.8,56,1,21,1,1,0","adaqua,leg_up,-17,-204.4,12.8,0,15,1,1,0","adaqua,leg_low,-41,-110.4,-34,0,14,1,1,0","adaqua,foot,-74.8,-41.4,-52.1,0,18,1,1,0","adaqua,leg_up,34.4,-191.6,11.7,0,19,1,1,0","adaqua,leg_low,40,-93.4,-2,0,18,1,1,0","adaqua,foot,60.2,-20.4,1,0,20,1,1,0","adaqua,base,199.6,-322.2,152,0,23,1,1,0","adaqua,quiver,6.8,-266.8,87,0,24,1,1,0","adaqua,cloak,-108.8,-376,-27,0,5,1,1,0","adaqua,cloak_wide,-68.6,-370.6,-147,0,20,1,1,0",,,,,,,,,,,,,,,,,,,,,,,,,,,,,,,,,,,,,,,,,,,,,,,,,,,,,,,,,,,,,,,,,,,,,,,,,,,,,,,,,,,,,,,,,,,,,,,,,,,,
Walk/2,"adaqua,head,23,-499.4,-6,0,4,1,1,0","adaqua,neck,16.4,-463.6,-14,0,12,1,1,0","adaqua,body,3.6,-336.8,-6,0,13,1,1,0","adaqua,arm_up,-83,-374.4,-28.4,0,8,1,1,0","adaqua,arm_low,-132.8,-290.2,-24,0,7,1,1,0","white_human,open,-158,-218.6,-21,0,10,1,1,0","adaqua,arm_up,87.2,-392.4,43,1,18,1,1,0","adaqua,arm_low,172.4,-330.6,58,1,18,1,1,0","white_human,fist,230.4,-289.8,57,1,21,1,1,0","adaqua,leg_up,-5,-200.4,33.8,0,15,1,1,0","adaqua,leg_low,-6,-118.4,-40,0,14,1,1,0","adaqua,foot,-32.8,-47.4,-35.1,0,18,1,1,0","adaqua,leg_up,22.4,-191.6,1.7,0,19,1,1,0","adaqua,leg_low,22,-93.4,-2,0,18,1,1,0","adaqua,foot,42.2,-20.4,1,0,20,1,1,0","adaqua,base,209.6,-312.2,145,0,23,1,1,0","adaqua,quiver,8.8,-266.8,87,0,24,1,1,0","adaqua,cloak,-104.8,-386,-31,0,5,1,1,0","adaqua,cloak_wide,-62.6,-373.6,-152,0,20,1,1,0",,,,,,,,,,,,,,,,,,,,,,,,,,,,,,,,,,,,,,,,,,,,,,,,,,,,,,,,,,,,,,,,,,,,,,,,,,,,,,,,,,,,,,,,,,,,,,,,,,,,
Walk/3,"adaqua,head,33,-495.4,-4,0,4,1,1,0","adaqua,neck,26.4,-459.6,-14,0,12,1,1,0","adaqua,body,7.6,-332.8,-8,0,13,1,1,0","adaqua,arm_up,-74,-378.4,-37.4,0,8,1,1,0","adaqua,arm_low,-138.8,-297.2,-32,0,7,1,1,0","white_human,open,-174,-226.6,-25,0,10,1,1,0","adaqua,arm_up,87.2,-388.4,40,1,18,1,1,0","adaqua,arm_low,169.4,-316.6,52,1,18,1,1,0","white_human,fist,221.4,-271.8,55,1,21,1,1,0","adaqua,leg_up,-3,-204.4,38.8,0,15,1,1,0","adaqua,leg_low,40,-120.4,14,0,14,1,1,0","adaqua,foot,73.6,-45.2,-14.1,0,18,1,1,0","adaqua,leg_up,14.4,-191.6,-11.3,0,19,1,1,0","adaqua,leg_low,-12,-87.4,-20,0,18,1,1,0","adaqua,foot,-5.8,-20.4,1,0,20,1,1,0","adaqua,base,200.6,-292.2,141,0,23,1,1,0","adaqua,quiver,8.8,-264.8,84,0,24,1,1,0","adaqua,cloak,-103.8,-392,-39,0,5,1,1,0","adaqua,cloak_wide,-66.6,-372.6,-163,0,20,1,1,0",,,,,,,,,,,,,,,,,,,,,,,,,,,,,,,,,,,,,,,,,,,,,,,,,,,,,,,,,,,,,,,,,,,,,,,,,,,,,,,,,,,,,,,,,,,,,,,,,,,,
Walk/4,"adaqua,head,45,-477.4,-1,0,4,1,1,0","adaqua,neck,38.4,-443.6,-17,0,12,1,1,0","adaqua,body,11.6,-320.8,-11,0,13,1,1,0","adaqua,arm_up,-71,-374.4,-43.4,0,8,1,1,0","adaqua,arm_low,-150.8,-306.2,-47,0,7,1,1,0","white_human,open,-206,-258.6,-56,0,10,1,1,0","adaqua,arm_up,90.2,-369.4,37,1,18,1,1,0","adaqua,arm_low,167.4,-296.6,52,1,18,1,1,0","white_human,fist,221.4,-253.8,55,1,21,1,1,0","adaqua,leg_up,9,-188.4,30.8,0,15,1,1,0","adaqua,leg_low,47,-92.4,18,0,14,1,1,0","adaqua,foot,91.6,-17.2,-1.1,0,18,1,1,0","adaqua,leg_up,-7.6,-191.6,-25.3,0,19,1,1,0","adaqua,leg_low,-60,-91.4,-25,0,18,1,1,0","adaqua,foot,-73.8,-26.4,-26,0,20,1,1,0","adaqua,base,202.6,-276.2,138,0,23,1,1,0","adaqua,quiver,14.8,-258.8,82,0,24,1,1,0","adaqua,cloak,-100.8,-399,-52,0,5,1,1,0","adaqua,cloak_wide,-66.6,-374.6,-172,0,20,1,1,0",,,,,,,,,,,,,,,,,,,,,,,,,,,,,,,,,,,,,,,,,,,,,,,,,,,,,,,,,,,,,,,,,,,,,,,,,,,,,,,,,,,,,,,,,,,,,,,,,,,,
Walk/5,"adaqua,head,27,-487.4,4,0,4,1,1,0","adaqua,neck,20.4,-449.6,-14,0,12,1,1,0","adaqua,body,5.6,-326.8,-8,0,13,1,1,0","adaqua,arm_up,-77,-380.4,-40.4,0,8,1,1,0","adaqua,arm_low,-148.8,-303.2,-35,0,7,1,1,0","white_human,open,-188,-237.6,-34,0,10,1,1,0","adaqua,arm_up,77.2,-382.4,40,1,18,1,1,0","adaqua,arm_low,154.4,-317.6,55,1,18,1,1,0","white_human,fist,210.4,-278.8,58,1,21,1,1,0","adaqua,leg_up,-3,-188.4,30.8,0,15,1,1,0","adaqua,leg_low,31,-92.4,12,0,14,1,1,0","adaqua,foot,69.6,-17.2,-1.1,0,18,1,1,0","adaqua,leg_up,4.4,-191.6,-9.3,0,19,1,1,0","adaqua,leg_low,-28,-111.4,-42,0,18,1,1,0","adaqua,foot,-67.8,-48.4,-69,0,20,1,1,0","adaqua,base,191.6,-301.2,144,0,23,1,1,0","adaqua,quiver,4.8,-266.8,89,0,24,1,1,0","adaqua,cloak,-107.8,-397,-45,0,5,1,1,0","adaqua,cloak_wide,-67.6,-379.6,-165,0,20,1,1,0",,,,,,,,,,,,,,,,,,,,,,,,,,,,,,,,,,,,,,,,,,,,,,,,,,,,,,,,,,,,,,,,,,,,,,,,,,,,,,,,,,,,,,,,,,,,,,,,,,,,
Walk/6,"adaqua,head,17,-493.4,6,0,4,1,1,0","adaqua,neck,14.4,-455.6,-12,0,12,1,1,0","adaqua,body,1.6,-332.8,-6,0,13,1,1,0","adaqua,arm_up,-79,-376.4,-31.4,0,8,1,1,0","adaqua,arm_low,-124.8,-293.2,-17,0,7,1,1,0","white_human,open,-143.2,-220.4,-19,0,10,1,1,0","adaqua,arm_up,75.2,-388.4,45,1,18,1,1,0","adaqua,arm_low,148.4,-331.6,57,1,18,1,1,0","white_human,fist,209.4,-290.8,60,1,21,1,1,0","adaqua,leg_up,-19,-188.4,19.8,0,15,1,1,0","adaqua,leg_low,3,-92.4,4,0,14,1,1,0","adaqua,foot,33.6,-17.2,-1.1,0,18,1,1,0","adaqua,leg_up,30.4,-191.6,16.7,0,19,1,1,0","adaqua,leg_low,14,-121.4,-44,0,18,1,1,0","adaqua,foot,-27.8,-64.4,-74,0,20,1,1,0","adaqua,base,184.6,-309.2,149,0,23,1,1,0","adaqua,quiver,-3.2,-272.8,91,0,24,1,1,0","adaqua,cloak,-110.8,-390,-39,0,5,1,1,0","adaqua,cloak_wide,-70.6,-374.6,-160,0,20,1,1,0",,,,,,,,,,,,,,,,,,,,,,,,,,,,,,,,,,,,,,,,,,,,,,,,,,,,,,,,,,,,,,,,,,,,,,,,,,,,,,,,,,,,,,,,,,,,,,,,,,,,
Walk/7,"adaqua,head,29,-493.4,4,0,4,1,1,0","adaqua,neck,22.4,-455.6,-17,0,12,1,1,0","adaqua,body,5.6,-332.8,-8,0,13,1,1,0","adaqua,arm_up,-75,-372.4,-26.4,0,8,1,1,0","adaqua,arm_low,-104.8,-287.2,-3,0,7,1,1,0","white_human,open,-97.2,-206.4,6,0,10,1,1,0","adaqua,arm_up,85.2,-384.4,45,1,18,1,1,0","adaqua,arm_low,156.4,-325.6,54,1,18,1,1,0","white_human,fist,214.4,-280.8,57,1,21,1,1,0","adaqua,leg_up,-33,-188.4,6.8,0,15,1,1,0","adaqua,leg_low,-31,-92.4,-5,0,14,1,1,0","adaqua,foot,-8.4,-17.2,-1.1,0,18,1,1,0","adaqua,leg_up,50.4,-195.6,34.7,0,19,1,1,0","adaqua,leg_low,57,-113.4,-34,0,18,1,1,0","adaqua,foot,21.2,-50.4,-80,0,20,1,1,0","adaqua,base,197.6,-303.2,144,0,23,1,1,0","adaqua,quiver,2.8,-268.8,88,0,24,1,1,0","adaqua,cloak,-104.8,-385,-35,0,5,1,1,0","adaqua,cloak_wide,-64.6,-366.6,-157,0,20,1,1,0",,,,,,,,,,,,,,,,,,,,,,,,,,,,,,,,,,,,,,,,,,,,,,,,,,,,,,,,,,,,,,,,,,,,,,,,,,,,,,,,,,,,,,,,,,,,,,,,,,,,
Walk/8,"adaqua,head,35,-489.4,2,0,4,1,1,0","adaqua,neck,28.4,-455.6,-17,0,12,1,1,0","adaqua,body,5.6,-328.8,-9,0,13,1,1,0","adaqua,arm_up,-67,-376.4,-28.4,0,8,1,1,0","adaqua,arm_low,-90.8,-287.2,13,0,7,1,1,0","white_human,open,-67.2,-212.4,15,0,10,1,1,0","adaqua,arm_up,91.2,-378.4,42,1,18,1,1,0","adaqua,arm_low,160.4,-317.6,51,1,18,1,1,0","white_human,fist,214.4,-271.8,54,1,21,1,1,0","adaqua,leg_up,-51,-188.4,-11.2,0,15,1,1,0","adaqua,leg_low,-73,-92.4,-12,0,14,1,1,0","adaqua,foot,-58.4,-17.2,-1.1,0,18,1,1,0","adaqua,leg_up,48.4,-181.6,26.7,0,19,1,1,0","adaqua,leg_low,81,-94.4,10,0,18,1,1,0","adaqua,foot,119.4,-25.2,16,0,20,1,1,0","adaqua,base,197.6,-294.2,141,0,23,1,1,0","adaqua,quiver,6.8,-260.8,85,0,24,1,1,0","adaqua,cloak,-99.8,-380,-30,0,5,1,1,0","adaqua,cloak_wide,-58.6,-363.6,-154,0,20,1,1,0",,,,,,,,,,,,,,,,,,,,,,,,,,,,,,,,,,,,,,,,,,,,,,,,,,,,,,,,,,,,,,,,,,,,,,,,,,,,,,,,,,,,,,,,,,,,,,,,,,,,
Damaged/0,"adaqua,head,15,-500.4,5,0,4,1,1,0","adaqua,neck,8.4,-465.6,-7,0,12,1,1,0","adaqua,body,-6.4,-336.8,0,0,13,1,1,0","adaqua,arm_up,-93,-372.4,-28.4,0,8,1,1,0","adaqua,arm_low,-150.8,-285.2,-28,0,7,1,1,0","white_human,open,-181,-210.6,-19,0,10,1,1,0","adaqua,arm_up,81.2,-396.4,48,1,24,1,1,0","adaqua,arm_low,168.4,-357.6,82,1,23,1,1,0","white_human,fist,230.4,-348.8,86,1,21,1,1,0","adaqua,leg_up,-55,-198.4,-18.2,0,15,1,1,0","adaqua,leg_low,-93,-96.4,-20,0,14,1,1,0","adaqua,foot,-94.8,-19.4,-11.1,0,18,1,1,0","adaqua,leg_up,56.4,-189.6,38.7,0,19,1,1,0","adaqua,leg_low,86,-93.4,-5,0,18,1,1,0","adaqua,foot,104.2,-20.4,1,0,20,1,1,0","adaqua,base,201.6,-369.2,171,0,22,1,1,0","adaqua,quiver,0.8,-266.8,98,0,24,1,1,0","adaqua,cloak,-122.8,-368,-28,0,5,1,1,0","adaqua,cloak_wide,-53.6,-369.6,26,0,26,1,1,0",,,,,,,,,,,,,,,,,,,,,,,,,,,,,,,,,,,,,,,,,,,,,,,,,,,,,,,,,,,,,,,,,,,,,,,,,,,,,,,,,,,,,,,,,,,,,,,,,,,,
Damaged/1,"adaqua,angry,-19,-499.4,14,0,4,1,1,0","adaqua,neck,-13.6,-461.6,-7,0,12,1,1,0","adaqua,body,-16.4,-336.8,4,0,13,1,1,0","adaqua,arm_up,-119,-370.4,-36.4,0,8,1,1,0","adaqua,arm_low,-184.8,-283.2,-33,0,7,1,1,0","white_human,open,-220,-211.6,-25,0,10,1,1,0","adaqua,arm_up,71.2,-404.4,52,1,24,1,1,0","adaqua,arm_low,164.4,-371.6,88,1,23,1,1,0","white_human,fist,230.4,-372.8,98,1,21,1,1,0","adaqua,leg_up,-55,-198.4,-18.2,0,15,1,1,0","adaqua,leg_low,-95,-96.4,-24,0,14,1,1,0","adaqua,foot,-100.8,-19.4,-14.1,0,18,1,1,0","adaqua,leg_up,60.4,-193.6,38.7,0,19,1,1,0","adaqua,leg_low,103,-95.4,10,0,18,1,1,0","adaqua,foot,138.2,-20.4,1,0,20,1,1,0","adaqua,base,195.6,-391.2,-176,0,22,1,1,0","adaqua,quiver,0.8,-266.8,101,0,24,1,1,0","adaqua,cloak,-138.8,-384,-33,0,5,1,1,0","adaqua,cloak_wide,-65.6,-383.6,23,0,26,1,1,0",,,,,,,,,,,,,,,,,,,,,,,,,,,,,,,,,,,,,,,,,,,,,,,,,,,,,,,,,,,,,,,,,,,,,,,,,,,,,,,,,,,,,,,,,,,,,,,,,,,,
Damaged/2,"adaqua,hurt,-50,-497.4,37,0,4,1,1,0","adaqua,neck,-35.6,-463.6,13,0,12,1,1,0","adaqua,body,-20.4,-336.8,10,0,13,1,1,0","adaqua,arm_up,-127,-364.4,-40.4,0,8,1,1,0","adaqua,arm_low,-200.8,-291.2,-39,0,7,1,1,0","white_human,open,-246,-224.6,-35,0,10,1,1,0","adaqua,arm_up,65.2,-408.4,62,1,24,1,1,0","adaqua,arm_low,164.4,-388.6,94,1,23,1,1,0","white_human,fist,230.4,-395.8,109,1,21,1,1,0","adaqua,leg_up,-51,-186.4,-12.2,0,15,1,1,0","adaqua,leg_low,-93,-86.4,-34,0,14,1,1,0","adaqua,foot,-104.8,-15.4,-18.1,0,18,1,1,0","adaqua,leg_up,64.4,-195.6,38.7,0,19,1,1,0","adaqua,leg_low,108,-97.4,12,0,18,1,1,0","adaqua,foot,146.2,-22.4,-6,0,20,1,1,0","adaqua,base,191.6,-402.2,-165,0,22,1,1,0","adaqua,quiver,0.8,-266.8,103,0,24,1,1,0","adaqua,cloak,-156.8,-384,-40,0,5,1,1,0","adaqua,cloak_wide,-78.6,-388.6,21,0,26,1,1,0",,,,,,,,,,,,,,,,,,,,,,,,,,,,,,,,,,,,,,,,,,,,,,,,,,,,,,,,,,,,,,,,,,,,,,,,,,,,,,,,,,,,,,,,,,,,,,,,,,hold,,
Damaged/3,"adaqua,close,29,-483.4,-3,0,4,1,1,0","adaqua,neck,18.4,-453.6,-18,0,12,1,1,0","adaqua,body,-4.4,-324.8,-7,0,13,1,1,0","adaqua,arm_up,-86,-370.4,-37.4,0,8,1,1,0","adaqua,arm_low,-149.8,-299.2,-40,0,7,1,1,0","white_human,open,-196,-231.6,-34,0,10,1,1,0","adaqua,arm_up,87.2,-384.4,57,1,24,1,1,0","adaqua,arm_low,176.4,-345.6,74,1,23,1,1,0","white_human,fist,244.4,-328.8,80,1,21,1,1,0","adaqua,leg_up,-63,-184.4,-15.2,0,15,1,1,0","adaqua,leg_low,-105,-80.4,-27,0,14,1,1,0","adaqua,foot,-102.8,-19.4,-12.1,0,18,1,1,0","adaqua,leg_up,54.4,-179.6,40.7,0,19,1,1,0","adaqua,leg_low,87,-86.4,-3,0,18,1,1,0","adaqua,foot,108.2,-19.4,-4,0,20,1,1,0","adaqua,base,221.6,-347.2,166,0,22,1,1,0","adaqua,quiver,2.8,-250.8,87,0,23,1,1,0","adaqua,cloak,-116.8,-382,-40,0,5,1,1,0","adaqua,cloak_wide,-57.6,-359.6,13,0,20,1,1,0",,,,,,,,,,,,,,,,,,,,,,,,,,,,,,,,,,,,,,,,,,,,,,,,,,,,,,,,,,,,,,,,,,,,,,,,,,,,,,,,,,,,,,,,,,,,,,,,,,,,
Damaged/4,"adaqua,close,48,-471.4,-12,0,4,1,1,0","adaqua,neck,33.4,-443.6,-24,0,12,1,1,0","adaqua,body,3.6,-320.8,-10,0,13,1,1,0","adaqua,arm_up,-93,-358.4,-40.4,0,8,1,1,0","adaqua,arm_low,-148.8,-279.2,-39,0,7,1,1,0","white_human,open,-186,-208.6,-21,0,10,1,1,0","adaqua,arm_up,103.2,-376.4,57,1,24,1,1,0","adaqua,arm_low,186.4,-337.6,74,1,23,1,1,0","white_human,fist,254.4,-318.8,78,1,21,1,1,0","adaqua,leg_up,-65,-184.4,-17.2,0,15,1,1,0","adaqua,leg_low,-107,-80.4,-25,0,14,1,1,0","adaqua,foot,-108.8,-19.4,-8.1,0,18,1,1,0","adaqua,leg_up,54.4,-175.6,46.7,0,19,1,1,0","adaqua,leg_low,87,-86.4,-7,0,18,1,1,0","adaqua,foot,105.2,-17.4,-8,0,20,1,1,0","adaqua,base,231.6,-337.2,164,0,22,1,1,0","adaqua,quiver,2.8,-250.8,87,0,23,1,1,0","adaqua,cloak,-106.8,-372,-35,0,5,1,1,0","adaqua,cloak_wide,-51.6,-363.6,13,0,20,1,1,0",,,,,,,,,,,,,,,,,,,,,,,,,,,,,,,,,,,,,,,,,,,,,,,,,,,,,,,,,,,,,,,,,,,,,,,,,,,,,,,,,,,,,,,,,,,,,,,,,,,,
Damaged/5,"adaqua,angry,25,-489.4,-4,0,4,1,1,0","adaqua,neck,13.4,-461.6,-9,0,12,1,1,0","adaqua,body,-4.4,-328.8,-5,0,13,1,1,0","adaqua,arm_up,-89,-368.4,-30.4,0,8,1,1,0","adaqua,arm_low,-140.8,-287.2,-23,0,7,1,1,0","white_human,open,-160,-212.6,-11,0,10,1,1,0","adaqua,arm_up,91.2,-384.4,51,1,24,1,1,0","adaqua,arm_low,172.4,-339.6,66,1,23,1,1,0","white_human,fist,232.4,-308.8,65,1,21,1,1,0","adaqua,leg_up,-57,-184.4,-14.2,0,15,1,1,0","adaqua,leg_low,-93,-86.4,-28,0,14,1,1,0","adaqua,foot,-92.8,-19.4,-5.1,0,18,1,1,0","adaqua,leg_up,54.4,-187.6,40.7,0,19,1,1,0","adaqua,leg_low,82,-91.4,-5,0,18,1,1,0","adaqua,foot,106.2,-20.4,-3,0,20,1,1,0","adaqua,base,209.6,-327.2,153,0,22,1,1,0","adaqua,quiver,2.8,-258.8,91,0,24,1,1,0","adaqua,cloak,-102.8,-358,-14,0,5,1,1,0","adaqua,cloak_wide,-47.6,-351.6,27,0,20,1,1,0",,,,,,,,,,,,,,,,,,,,,,,,,,,,,,,,,,,,,,,,,,,,,,,,,,,,,,,,,,,,,,,,,,,,,,,,,,,,,,,,,,,,,,,,,,,,,,,,,,,,
Spirit/0,"adaqua,close,16,-501,-16,0,4,1,1,0","adaqua,neck,2,-473,-17,0,12,1,1,0","adaqua,body,-4.4,-346.8,0,0,13,1,1,0","adaqua,arm_up,-95,-388.4,-34.4,0,8,1,1,0","adaqua,arm_low,-132,-317,-8,0,7,1,1,0","white_human,fist,-133,-253,1,0,10,1,1,0","adaqua,arm_up,71,-402,57,1,18,1,1,0","adaqua,arm_low,143,-408,147,0,18,1,1,0","white_human,twopoint,177,-483,160,0,21,1,1,0","adaqua,leg_up,-27,-198,11.8,0,15,1,1,0","adaqua,leg_low,-34,-96,-16,0,14,1,1,0","adaqua,foot,-52,-19,-50.1,0,18,1,1,0","adaqua,leg_up,18,-206,-7.3,0,19,1,1,0","adaqua,leg_low,-15,-93,-24,0,18,1,1,0","adaqua,foot,-38,-14,-59,0,20,1,1,0",,,"adaqua,cloak,-110,-369,-12,0,5,1,1,0","adaqua,cloak_wide,-43,-366,32,0,20,1,1,0",,,,,,,,,,,,,,,,,,,,,,,,,,,,,,,,,,,,,,,,,,,,,,,,,,,,,,,,,,,,,,,,,,,,,,,,,,,,,,,,,,,,,,,,,,,,,,,,,,"hold,effect_grey,effect_fade_5",,
