Name,p1_head,p1_neck,p1_body,p1_r_arm_up,p1_r_arm_low,p1_r_hand,p1_l_arm_up,p1_l_arm_low,p1_l_hand,p1_r_leg_up,p1_r_leg_low,p1_r_foot,p1_l_leg_up,p1_l_leg_low,p1_l_foot,p1_main_weapon,p1_sub_weapon,p1_special_1,p1_special_2,p1_special_3,p1_special_4,p1_special_5,p1_special_6,p1_special_7,p1_special_8,p1_special_9,p1_special_10,p2_head,p2_neck,p2_body,p2_r_arm_up,p2_r_arm_low,p2_r_hand,p2_l_arm_up,p2_l_arm_low,p2_l_hand,p2_r_leg_up,p2_r_leg_low,p2_r_foot,p2_l_leg_up,p2_l_leg_low,p2_l_foot,p2_main_weapon,p2_sub_weapon,p2_special_1,p2_special_2,p2_special_3,p2_special_4,p2_special_5,p2_special_6,p2_special_7,p2_special_8,p2_special_9,p2_special_10,p3_head,p3_neck,p3_body,p3_r_arm_up,p3_r_arm_low,p3_r_hand,p3_l_arm_up,p3_l_arm_low,p3_l_hand,p3_r_leg_up,p3_r_leg_low,p3_r_foot,p3_l_leg_up,p3_l_leg_low,p3_l_foot,p3_main_weapon,p3_sub_weapon,p3_special_1,p3_special_2,p3_special_3,p3_special_4,p3_special_5,p3_special_6,p3_special_7,p3_special_8,p3_special_9,p3_special_10,p4_head,p4_neck,p4_body,p4_r_arm_up,p4_r_arm_low,p4_r_hand,p4_l_arm_up,p4_l_arm_low,p4_l_hand,p4_r_leg_up,p4_r_leg_low,p4_r_foot,p4_l_leg_up,p4_l_leg_low,p4_l_foot,p4_main_weapon,p4_sub_weapon,p4_special_1,p4_special_2,p4_special_3,p4_special_4,p4_special_5,p4_special_6,p4_special_7,p4_special_8,p4_special_9,p4_special_10,effect_1,effect_2,effect_3,effect_4,effect_5,effect_6,effect_7,effect_8,frame_property,animation_property,sound_effect
EXCLUDE_CityCourtEnd/0,"dashisi,head,-7,-271,2,0,2,1,1,0","dashisi,neck,-8,-235,9,0,4,1,1,0","dashisi,body,-2,-191,6.5,0,5,1,1,0","dashisi,arm_up,-50,-189,-24,0,7,0.9,1,0","dashisi,arm_low,-69,-138,-11,0,9,1,1,0","dashisi,fist,-78,-103,-18,0,11,1,1,0","dashisi,arm_up,38,-208,48,1,13,1,1,0","dashisi,arm_low,78,-174,53,1,15,1,1,0","dashisi,fist_back,111,-148,27,0,12,1,1,0","dashisi,leg_up,-16,-106,-3.7,0,7,1,1,0","dashisi,leg_low,-34,-46,-18,0,10,1,1,0","dashisi,foot,-32,-11,-19.6,0,9,1,1,0","dashisi,leg_up,25,-127,35.7,0,16,1,1,0","dashisi,leg_low,34,-66,3.5,0,18,1,1,0","dashisi,foot,43,-34,-14,0,15,0.9,0.9,0",,,"dashisi,feather,-62,-314,-1,0,5,1,1,0","dashisi,wing1,-42,-223,-24,0,9,1,1,0",,,,,,,,,,,,,,,,,,,,,,,,,,,,,,,,,,,,,,,,,,,,,,,,,,,,,,,,,,,,,,,,,,,,,,,,,,,,,,,,,,,,,,,,,,,,,,,,,,,,
EXCLUDE_CityCourtEnd/1,"dashisi,head,2.8,-186.8,4,0,2,1,1,0","dashisi,neck,-3.2,-129.6,25,0,4,1,1,0","dashisi,body,-2.8,-81.6,7.5,0,5,1,1,0","dashisi,arm_up,-49.2,-81.6,-25,0,5,1,1,0","dashisi,arm_low,-72.8,-28,-21,0,4,1,1,0","dashisi,open,-92,4.8,-27,1,3,1,1,0","dashisi,arm_up,42.4,-106,59,1,13,1,1,0","dashisi,arm_low,88.4,-83.2,66,1,13,1,1,0","dashisi,open,126.4,-76,64,0,12,1,1,0","dashisi,leg_up,-17.2,3.6,-3.7,0,7,1,1,0","dashisi,leg_low,-36,69.6,-13,0,10,1,1,0","dashisi,foot,-31.2,108,-17.6,0,9,1,1,0","dashisi,leg_up,25.2,0.8,27.7,0,16,1,1,0","dashisi,leg_low,41.2,67.2,11.5,0,18,1,1,0","dashisi,foot,56,108.8,-9,0,15,1,1,0",,,"dashisi,feather,-32.8,-254.4,-18,0,5,1,1,0","dashisi,wing1,-52,-213,6,0,9,1,1,1",,,,,,,,,,,,,,,,,,,,,,,,,,,,,,,,,,,,,,,,,,,,,,,,,,,,,,,,,,,,,,,,,,,,,,,,,,,,,,,,,,,,,,,,,,,,,,,,,,,,
EXCLUDE_CityCourtEnd/2,"dashisi,head,-7.2,-186.8,11,0,2,1,1,0","dashisi,neck,-9.2,-129.6,35,0,4,1,1,0","dashisi,body,1.2,-81.6,13.5,0,5,1,1,0","dashisi,arm_up,-45.2,-81.6,-28,0,5,1,1,0","dashisi,arm_low,-70.8,-32,-25,0,4,1,1,0","dashisi,open,-96,-1.2,-33,1,3,1,1,0","dashisi,arm_up,42.4,-114,72,1,13,1,1,0","dashisi,arm_low,88.4,-107.2,83,1,13,1,1,0","dashisi,open,130.4,-112,82,0,12,1,1,0","dashisi,leg_up,-11.2,3.6,-6.7,0,7,1,1,0","dashisi,leg_low,-34,69.6,-20,0,10,1,1,0","dashisi,foot,-37.2,108,-22.6,0,9,1,1,0","dashisi,leg_up,39.2,-7.2,33.7,0,16,1,1,0","dashisi,leg_low,63.2,59.2,14.5,0,18,1,1,0","dashisi,foot,78,102.8,-9,0,15,1,1,0",,,"dashisi,feather,-50.8,-248.4,-13,0,5,1,1,0","dashisi,wing1,-52,-213,6,0,9,1,1,2",,,,,,,,,,,,,,,,,,,,,,,,,,,,,,,,,,,,,,,,,,,,,,,,,,,,,,,,,,,,,,,,,,,,,,,,,,,,,,,,,,,,,,,,,,,,,,,,,,,,
EXCLUDE_CityCourtEnd/3,"dashisi,head,-13.2,-188.8,19,0,2,1,1,0","dashisi,neck,-9.2,-127.6,37,0,4,1,1,0","dashisi,body,7.2,-81.6,22.5,0,5,1,1,0","dashisi,arm_up,-45.2,-79.6,-20,0,5,1,1,0","dashisi,arm_low,-66.8,-32,-20,0,4,1,1,0","dashisi,open,-90,2.8,-26,1,3,1,1,0","dashisi,arm_up,42.4,-122,96,1,13,1,1,0","dashisi,arm_low,88.4,-135.2,103,1,13,1,1,0","dashisi,open,126.4,-156,111,0,12,1,1,0","dashisi,leg_up,-1.2,-2.4,-3.7,0,7,1,1,0","dashisi,leg_low,-24,61.6,-27,0,10,1,1,0","dashisi,foot,-31.2,100,-29.6,0,9,1,1,0","dashisi,leg_up,45.2,-17.2,37.7,0,16,1,1,0","dashisi,leg_low,69.2,45.2,14.5,0,18,1,1,0","dashisi,foot,90,86.8,-9,0,15,1,1,0",,,"dashisi,feather,-72.8,-240.4,-7,0,5,1,1,0","dashisi,wing1,-52,-213,6,0,9,1,1,3",,,,,,,,,,,,,,,,,,,,,,,,,,,,,,,,,,,,,,,,,,,,,,,,,,,,,,,,,,,,,,,,,,,,,,,,,,,,,,,,,,,,,,,,,,,,,,,,,,,,
EXCLUDE_CityCourtEnd/4,"dashisi,head,-21.2,-186.8,32,0,2,1,1,0","dashisi,neck,-9.2,-127.6,37,0,4,1,1,0","dashisi,body,7.2,-81.6,31.5,0,5,1,1,0","dashisi,arm_up,-45.2,-71.6,-14,0,5,1,1,0","dashisi,arm_low,-62.8,-22,-14,0,4,1,1,0","dashisi,open,-78,18.8,-11,1,3,1,1,0","dashisi,arm_up,42.4,-134,113,1,13,1,1,0","dashisi,arm_low,88.4,-161.2,124,1,13,1,1,0","dashisi,open,122.4,-192,125,0,12,1,1,0","dashisi,leg_up,10.8,-4.4,-1.7,0,7,1,1,0","dashisi,leg_low,-4,59.6,-23,0,10,1,1,0","dashisi,foot,-11.2,98,-25.6,0,9,1,1,0","dashisi,leg_up,53.2,-27.2,42.7,0,16,1,1,0","dashisi,leg_low,77.2,29.2,14.5,0,18,1,1,0","dashisi,foot,98,68.8,-9,0,15,1,1,0",,,"dashisi,feather,-100.8,-226.4,6,0,5,1,1,0","dashisi,wing1,-52,-213,6,0,9,1,1,4",,,,,,,,,,,,,,,,,,,,,,,,,,,,,,,,,,,,,,,,,,,,,,,,,,,,,,,,,,,,,,,,,,,,,,,,,,,,,,,,,,,,,,,,,,,,,,,,,,,,
EXCLUDE_CityCourtEnd/5,"dashisi,head,-27.2,-182.8,37,0,2,1,1,0","dashisi,neck,-9.2,-127.6,43,0,4,1,1,0","dashisi,body,7.2,-81.6,31.5,0,5,1,1,0","dashisi,arm_up,-45.2,-71.6,-14,0,5,1,1,0","dashisi,arm_low,-66.8,-22,-30,0,4,1,1,0","dashisi,open,-90,16.8,-14,1,3,1,1,0","dashisi,arm_up,42.4,-134,113,1,13,1,1,0","dashisi,arm_low,78.4,-165.2,158,1,13,1,1,0","dashisi,open,92.4,-206,133,0,12,1,1,0","dashisi,leg_up,14.8,-4.4,1.3,0,7,1,1,0","dashisi,leg_low,0,55.6,-21,0,10,1,1,0","dashisi,foot,-5.2,98,-22.6,0,9,1,1,0","dashisi,leg_up,57.2,-27.2,48.7,0,16,1,1,0","dashisi,leg_low,85.2,25.2,11.5,0,18,1,1,0","dashisi,foot,102,64.8,-1,0,15,1,1,0",,,"dashisi,feather,-110.8,-212.4,11,0,5,1,1,0","dashisi,wing1,-52,-213,6,0,9,1,1,5",,,,,,,,,,,,,,,,,,,,,,,,,,,,,,,,,,,,,,,,,,,,,,,,,,,,,,,,,,,,,,,,,,,,,,,,,,,,,,,,,,,,,,,,,,,,,,,,,,,,
EXCLUDE_CityCourtEnd/6,"dashisi,head,-27.2,-182.8,40,0,2,1,1,0","dashisi,neck,-9.2,-127.6,43,0,4,1,1,0","dashisi,body,7.2,-81.6,31.5,0,5,1,1,0","dashisi,arm_up,-45.2,-71.6,-17,0,5,1,1,0","dashisi,arm_low,-70.8,-22,-33,0,4,1,1,0","dashisi,open,-94,12.8,-22,1,3,1,1,0","dashisi,arm_up,38.4,-140,135,1,13,1,1,0","dashisi,arm_low,62.4,-183.2,158,1,13,1,1,0","dashisi,open,76.4,-224,133,0,12,1,1,0","dashisi,leg_up,14.8,-4.4,1.3,0,7,1,1,0","dashisi,leg_low,0,55.6,-21,0,10,1,1,0","dashisi,foot,-5.2,98,-22.6,0,9,1,1,0","dashisi,leg_up,57.2,-27.2,48.7,0,16,1,1,0","dashisi,leg_low,85.2,25.2,11.5,0,18,1,1,0","dashisi,foot,102,64.8,-1,0,15,1,1,0",,,"dashisi,feather,-110.8,-208.4,15,0,5,1,1,0","dashisi,wing1,-52,-213,6,0,9,1,1,6",,,,,,,,,,,,,,,,,,,,,,,,,,,,,,,,,,,,,,,,,,,,,,,,,,,,,,,,,,,,,,,,,,,,,,,,,,,,,,,,,,,,,,,,,,,,,,,,,,,,
EXCLUDE_CityCourtEnd/7,"dashisi,head,-27.2,-186.8,36,0,2,1,1,0","dashisi,neck,-9.2,-127.6,43,0,4,1,1,0","dashisi,body,7.2,-81.6,31.5,0,5,1,1,0","dashisi,arm_up,-51.2,-73.6,-51,0,5,1,1,0","dashisi,arm_low,-50.8,-74,138,0,4,1,1,0","dashisi,open,-22.8,-92.8,127,1,3,1,1,0","dashisi,arm_up,38.4,-140,135,1,13,1,1,0","dashisi,arm_low,40.4,-141.2,-57,1,9,1,1,0","dashisi,open,10.4,-121.2,-87,0,3,1,1,0","dashisi,leg_up,14.8,-4.4,6.3,0,7,1,1,0","dashisi,leg_low,20,59.6,15,1,10,1,1,0","dashisi,foot,15.2,93.6,13.4,1,9,1,1,0","dashisi,leg_up,53.2,-27.2,28.7,1,16,1,1,0","dashisi,leg_low,91.2,25.2,22.5,1,18,1,1,0","dashisi,foot,94,62.8,16,1,15,1,1,0",,,"dashisi,feather,-110.8,-218.4,8,0,5,1,1,0","dashisi,wing1,-52,-213,6,0,9,1,1,7",,,,,,,,,,,,,,,,,,,,,,,,,,,,,,,,,,,,,,,,,,,,,,,,,,,,,,,,,,,,,,,,,,,,,,,,,,,,,,,,,,,,,,,,,,,,,,,,,,,,
EXCLUDE_CityCourtEnd/8,"dashisi,head,-61.2,-166.8,37,1,2,1,1,0","dashisi,neck,-13.2,-121.6,33,1,4,1,1,0","dashisi,body,7.2,-81.6,31.5,1,5,1,1,0","dashisi,arm_up,44,-135.6,112,1,5,1,1,0","dashisi,arm_low,94.8,-162,118,1,4,1,1,0","dashisi,open,120,-182.4,114,0,3,1,1,0","dashisi,arm_up,-48.4,-64,-30,0,13,1,1,0","dashisi,arm_low,-79.2,-22.4,-32,0,13,1,1,0","dashisi,open,-110.4,2.8,-45,1,12,1,1,0","dashisi,leg_up,74.8,-34.4,68,1,7,1,1,0","dashisi,leg_low,132,-23.6,81,1,10,1,1,0","dashisi,foot,166,-7.2,79,1,9,1,1,0","dashisi,leg_up,29.2,-3.2,18.7,1,16,1,1,0","dashisi,leg_low,59.2,49.2,31.5,1,18,1,1,0","dashisi,foot,64.4,82.4,14,1,15,1,1,0",,,"dashisi,feather,-92.8,-246.4,86,1,5,1,1,0","dashisi,wing1,-52,-213,6,0,9,1,1,8",,,,,,,,,,,,,,,,,,,,,,,,,,,,,,,,,,,,,,,,,,,,,,,,,,,,,,,,,,,,,,,,,,,,,,,,,,,,,,,,,,,,,,,,,,"movement,swirl,0,-60,17,0,0,1,1,0",,,,,,,,,,
EXCLUDE_CityCourtEnd/9,"dashisi,head,-51.2,-170.8,27,1,2,1,1,0","dashisi,neck,-13.2,-125.6,23,1,4,1,1,0","dashisi,body,7.2,-83.6,26.5,1,5,1,1,0","dashisi,arm_up,50,-135.6,112,1,5,1,1,0","dashisi,arm_low,100.8,-162,118,1,4,1,1,0","dashisi,open,126,-182.4,114,0,3,1,1,0","dashisi,arm_up,-46.4,-70,-34,0,13,1,1,0","dashisi,arm_low,-77.2,-30.4,-37,0,13,1,1,0","dashisi,open,-108.4,-5.2,-45,1,12,1,1,0","dashisi,leg_up,74.8,-36.4,71,1,7,1,1,0","dashisi,leg_low,136,-33.6,93,1,10,1,1,0","dashisi,foot,166,-23.2,93,1,9,1,1,0","dashisi,leg_up,35.2,-3.2,23.7,1,16,1,1,0","dashisi,leg_low,69.2,49.2,39.5,1,18,1,1,0","dashisi,foot,82.4,82.4,31,1,15,1,1,0",,,"dashisi,feather,-72.8,-256.4,80,1,5,1,1,0","dashisi,wing1,-52,-213,6,0,9,1,1,9",,,,,,,,,,,,,,,,,,,,,,,,,,,,,,,,,,,,,,,,,,,,,,,,,,,,,,,,,,,,,,,,,,,,,,,,,,,,,,,,,,,,,,,,,,,,,,,,,,,,
EXCLUDE_CityCourtEnd/10,"dashisi,head,-43.2,-188.8,19,1,2,1,1,0","dashisi,neck,-13.2,-129.6,15,1,4,1,1,0","dashisi,body,3.2,-89.6,24.5,1,5,1,1,0","dashisi,arm_up,52,-139.6,103,1,5,1,1,0","dashisi,arm_low,102.8,-158,110,1,4,1,1,0","dashisi,open,134,-176.4,106,0,3,1,1,0","dashisi,arm_up,-48.4,-78,-41,0,13,1,1,0","dashisi,arm_low,-83.2,-40.4,-44,0,13,1,1,0","dashisi,open,-118.4,-21.2,-56,1,12,1,1,0","dashisi,leg_up,74.8,-46.4,76,1,7,1,1,0","dashisi,leg_low,132,-49.6,100,1,10,1,1,0","dashisi,foot,170,-41.2,85,1,9,1,1,0","dashisi,leg_up,35.2,-5.2,26.7,1,16,1,1,0","dashisi,leg_low,75.2,47.2,39.5,1,18,1,1,0","dashisi,foot,86.4,82.4,31,1,15,1,1,0",,,"dashisi,feather,-60.8,-274.4,70,1,5,1,1,0","dashisi,wing1,-52,-213,6,0,9,1,1,10",,,,,,,,,,,,,,,,,,,,,,,,,,,,,,,,,,,,,,,,,,,,,,,,,,,,,,,,,,,,,,,,,,,,,,,,,,,,,,,,,,,,,,,,,,,,,,,,,,,,
EXCLUDE_CityCourtEnd/11,"dashisi,head,-29.2,-198.8,7,1,2,1,1,0","dashisi,neck,-5.2,-139.6,-10,1,4,1,1,0","dashisi,body,3.2,-89.6,9.5,1,5,1,1,0","dashisi,arm_up,60,-125.6,89,1,5,1,1,0","dashisi,arm_low,112.8,-140,110,1,4,1,1,0","dashisi,open,144,-158.4,106,0,3,1,1,0","dashisi,arm_up,-50.4,-112,-58,0,13,1,1,0","dashisi,arm_low,-100.4,-81.6,-70,0,13,1,1,0","dashisi,open,-140.4,-75.2,-71,1,12,1,1,0","dashisi,leg_up,62.8,-40.4,82,1,7,1,1,0","dashisi,leg_low,132,-57.6,113,1,10,1,1,0","dashisi,foot,166,-59.2,100,1,9,1,1,0","dashisi,leg_up,17.2,-5.2,21.7,1,16,1,1,0","dashisi,leg_low,63.2,43.2,54.5,1,18,1,1,0","dashisi,foot,86.4,74.4,42,1,15,1,1,0",,,"dashisi,feather,-20.8,-278.4,50,1,5,1,1,0","dashisi,wing1,-52,-213,6,0,9,1,1,11",,,,,,,,,,,,,,,,,,,,,,,,,,,,,,,,,,,,,,,,,,,,,,,,,,,,,,,,,,,,,,,,,,,,,,,,,,,,,,,,,,,,,,,,,,,,,,,,,,,,
EXCLUDE_CityCourtEnd/12,"dashisi,head,30.8,-216.8,-20,1,2,1,1,0","dashisi,neck,16.8,-151.6,-37,1,4,1,1,0","dashisi,body,3.2,-95.6,-13.5,1,5,1,1,0","dashisi,arm_up,76,-111.6,85,1,5,1,1,0","dashisi,arm_low,132.8,-118,110,1,4,1,1,0","dashisi,open,166,-136.4,106,0,3,1,1,0","dashisi,arm_up,-46.4,-144,-106,0,13,1,1,0","dashisi,arm_low,-99.6,-165.6,-120,0,13,1,1,0","dashisi,open,-133.6,-199.2,-122,1,12,1,1,0","dashisi,leg_up,34.8,-38.4,59,1,7,1,1,0","dashisi,leg_low,94,-23.6,87,1,10,1,1,0","dashisi,foot,132.8,-10.8,86,1,9,1,1,0","dashisi,leg_up,-12.8,-21.2,0.7,1,16,1,1,0","dashisi,leg_low,23.2,29.2,60.5,1,18,1,1,0","dashisi,foot,46.4,62.4,52,1,15,1,1,0",,,"dashisi,feather,95.2,-274.4,16,1,5,1,1,0","dashisi,wing1,-52,-213,6,0,9,1,1,12",,,,,,,,,,,,,,,,,,,,,,,,,,,,,,,,,,,,,,,,,,,,,,,,,,,,,,,,,,,,,,,,,,,,,,,,,,,,,,,,,,,,,,,,,,,,,,,,,,,,
EXCLUDE_CityCourtEnd/13,"dashisi,head,58.8,-202.8,-35,1,2,1,1,0","dashisi,neck,34.8,-145.6,-48,1,4,1,1,0","dashisi,body,7.2,-101.6,-33.5,1,5,1,1,0","dashisi,arm_up,78,-115.6,102,1,5,1,1,0","dashisi,arm_low,132.8,-136,118,1,4,1,1,0","dashisi,open,160,-154.4,114,0,3,1,1,0","dashisi,arm_up,-32.4,-154,-125,0,13,1,1,0","dashisi,arm_low,-81.6,-195.6,-134,0,13,1,1,0","dashisi,open,-103.2,-229.6,-141,1,12,1,1,0","dashisi,leg_up,16.8,-38.4,38,1,7,1,1,0","dashisi,leg_low,60,-5.6,87,1,10,1,1,0","dashisi,foot,98.8,7.2,86,1,9,1,1,0","dashisi,leg_up,-32.8,-37.2,-25.3,1,16,1,1,0","dashisi,leg_low,-26.8,21.2,44.5,1,18,1,1,0","dashisi,foot,-9.6,58.4,41,1,15,1,1,0",,,"dashisi,feather,167.2,-238.4,-9,1,5,1,1,0","dashisi,wing1,-52,-213,6,0,9,1,1,13",,,,,,,,,,,,,,,,,,,,,,,,,,,,,,,,,,,,,,,,,,,,,,,,,,,,,,,,,,,,,,,,,,,,,,,,,,,,,,,,,,,,,,,,,,,,,,,,,,,,
EXCLUDE_CityCourtEnd/14,"dashisi,head,88.8,-174.8,-54,1,2,1,1,0","dashisi,neck,56.8,-129.6,-63,1,4,1,1,0","dashisi,body,11.2,-97.6,-49.5,1,5,1,1,0","dashisi,arm_up,86,-91.6,88,1,5,1,1,0","dashisi,arm_low,148.8,-102,113,1,4,1,1,0","dashisi,open,176,-120.4,109,0,3,1,1,0","dashisi,arm_up,-14.4,-170,-135,0,13,1,1,0","dashisi,arm_low,-35.6,-205.6,-155,0,13,1,1,0","dashisi,open,-41.2,-243.6,-169,1,12,1,1,0","dashisi,leg_up,-9.2,-38.4,2,1,7,1,1,0","dashisi,leg_low,10.4,22,27,1,10,1,1,0","dashisi,foot,25.6,60.8,63,1,9,1,1,0","dashisi,leg_up,-50.8,-49.2,-51.3,1,16,1,1,0","dashisi,leg_low,-70.8,3.2,16.5,1,18,1,1,0","dashisi,foot,-70,45.2,22,1,15,1,1,0",,,"dashisi,feather,257.4,-128.4,-17,1,5,1,1,0","dashisi,wing1,-52,-213,6,0,9,1,1,14",,,,,,,,,,,,,,,,,,,,,,,,,,,,,,,,,,,,,,,,,,,,,,,,,,,,,,,,,,,,,,,,,,,,,,,,,,,,,,,,,,,,,,,,,,,,,,,,,,,,
EXCLUDE_CityCourtEnd/15,"dashisi,head,114.8,-116.8,-84,1,2,1,1,0","dashisi,neck,60.8,-97.6,-101,1,4,1,1,0","dashisi,body,11.2,-99.6,-95.5,1,5,1,1,0","dashisi,arm_up,62,-53.6,62,1,5,1,1,0","dashisi,arm_low,114.8,-28,67,1,4,1,1,0","dashisi,open,148,-32.4,117,0,3,1,1,0","dashisi,arm_up,19.6,-142,-138,0,13,1,1,0","dashisi,arm_low,-3.6,-191.6,-162,0,13,1,1,0","dashisi,open,-1.2,-233.6,-176,1,12,1,1,0","dashisi,leg_up,-61.6,-91.2,-58,1,7,1,1,0","dashisi,leg_low,-85.6,-40,9,1,10,1,1,0","dashisi,foot,-92.8,0.8,19,1,9,1,1,0","dashisi,leg_up,-68.8,-138.8,-125,1,16,1,1,0","dashisi,leg_low,-129.6,-166.8,-113,1,18,1,1,0","dashisi,foot,-160.4,-191.2,-120,1,15,1,1,0",,,"dashisi,feather,229.4,-54.4,9,1,5,1,1,0","dashisi,wing1,-52,-213,6,0,9,1,1,15",,,,,,,,,,,,,,,,,,,,,,,,,,,,,,,,,,,,,,,,,,,,,,,,,,,,,,,,,,,,,,,,,,,,,,,,,,,,,,,,,,,,,,,,,,,,,,,,,,,,
EXCLUDE_CityCourtEnd/16,"dashisi,head,88.8,-54.8,-118,1,2,1,1,0","dashisi,neck,34.8,-65.6,-138,1,3,1,1,0","dashisi,body,11.2,-99.6,-146.5,1,5,1,1,0","dashisi,arm_up,16.8,-36.6,44,1,5,1,1,0","dashisi,arm_low,69.6,-1,67,1,4,1,1,0","dashisi,open,102.8,-5.4,117,0,3,1,1,0","dashisi,arm_up,47.6,-136,160,0,13,1,1,0","dashisi,arm_low,65.2,-190.2,162,0,13,1,1,0","dashisi,open,79.2,-226.4,176,1,12,1,1,0","dashisi,leg_up,-57.6,-153.6,-143,1,7,1,1,0","dashisi,leg_low,-105.6,-185.6,-124,1,10,1,1,0","dashisi,foot,-129.6,-216.8,-138,1,9,1,1,0","dashisi,leg_up,-14.8,-168.8,-167,1,16,1,1,0","dashisi,leg_low,-36,-228,-158,1,18,1,1,0","dashisi,foot,-45.6,-263.6,-136,1,15,1,1,0",,,"dashisi,feather,178.8,4,-10,1,5,1,1,0","dashisi,wing1,-52,-213,6,0,9,1,1,16",,,,,,,,,,,,,,,,,,,,,,,,,,,,,,,,,,,,,,,,,,,,,,,,,,,,,,,,,,,,,,,,,,,,,,,,,,,,,,,,,,,,,,,,,,,,,,,,,,,,
EXCLUDE_CityCourtEnd/17,"dashisi,head,68.8,-36.8,-131,1,2,1,1,0","dashisi,neck,26.8,-55.6,-175,1,3,1,1,0","dashisi,body,15.2,-99.6,-165.5,1,5,1,1,0","dashisi,arm_up,-21.2,-38.6,-23,1,5,1,1,0","dashisi,arm_low,-45.6,2.4,-30,1,4,1,1,0","dashisi,open,-67.2,30,-69,0,3,1,1,0","dashisi,arm_up,53.6,-126,144,0,13,1,1,0","dashisi,arm_low,89.2,-176.2,145,0,13,1,1,0","dashisi,open,115.2,-208.4,152,1,12,1,1,0","dashisi,leg_up,-31.6,-171.6,-143,1,7,1,1,0","dashisi,leg_low,-79.6,-203.6,-124,1,10,1,1,0","dashisi,foot,-103.6,-234.8,-138,1,9,1,1,0","dashisi,leg_up,15.2,-168.8,175,1,16,1,1,0","dashisi,leg_low,0,-230,-158,1,18,1,1,0","dashisi,foot,-9.6,-265.6,-136,1,15,1,1,0",,,"dashisi,feather,-8.4,21.4,-13,1,5,1,1,0","dashisi,wing1,-52,-213,6,0,9,1,1,17",,,,,,,,,,,,,,,,,,,,,,,,,,,,,,,,,,,,,,,,,,,,,,,,,,,,,,,,,,,,,,,,,,,,,,,,,,,,,,,,,,,,,,,,,,,,,,,,,,,,
EXCLUDE_CityCourtEnd/18,"dashisi,head,68.8,-32.8,-144,1,2,1,1,0","dashisi,neck,26.8,-55.6,-175,1,3,1,1,0","dashisi,body,21.2,-99.6,-177.5,1,5,1,1,0","dashisi,arm_up,-21.2,-92.6,-148,1,5,1,1,0","dashisi,arm_low,-47.2,-149.2,-171,1,4,1,1,0","dashisi,open,-48,-194,168,0,3,1,1,0","dashisi,arm_up,57.6,-102,133,0,13,1,1,0","dashisi,arm_low,105.2,-144.2,137,0,13,1,1,0","dashisi,open,137.2,-168.4,144,1,12,1,1,0","dashisi,leg_up,-17.6,-171.6,-148,1,7,1,1,0","dashisi,leg_low,-65.6,-215.6,-129,1,10,1,1,0","dashisi,foot,-79.6,-248.8,-147,1,9,1,1,0","dashisi,leg_up,29.2,-168.8,170,1,16,1,1,0","dashisi,leg_low,14,-242,-163,1,18,1,1,0","dashisi,foot,12.4,-285.6,-150,1,15,1,1,0",,,"dashisi,feather,30,-208.4,-36,1,5,1,1,0","dashisi,wing1,-52,-213,6,0,9,1,1,18",,,,,,,,,,,,,,,,,,,,,,,,,,,,,,,,,,,,,,,,,,,,,,,,,,,,,,,,,,,,,,,,,,,,,,,,,,,,,,,,,,,,,,,,,,,,,,,,,,,,
EXCLUDE_CityCourtEnd/19,"dashisi,head,7.2,-2.4,-152,0,2,1,1,0","dashisi,neck,3.2,-45.6,-166,0,4,1,1,0","dashisi,body,7.2,-93.6,-179,0,5,1,1,0","dashisi,arm_up,48.4,-99.6,158,0,5,1,1,0","dashisi,arm_low,71.2,-150,157,0,4,1,1,0","dashisi,open,85.2,-181.2,173,1,3,1,1,0","dashisi,arm_up,-39.2,-60.4,-90,1,13,1,1,0","dashisi,arm_low,-96,-52.4,-85,1,13,1,1,0","dashisi,open,-129.2,-31.6,-63,0,12,1,1,0","dashisi,leg_up,-6,-175.2,-166,0,7,1,1,0","dashisi,leg_low,-7.2,-247.2,178,0,10,1,1,0","dashisi,foot,-11.6,-280.8,171,0,9,1,1,0","dashisi,leg_up,29.6,-174,162,0,16,1,1,0","dashisi,leg_low,59.6,-236.4,159,0,18,1,1,0","dashisi,foot,72.4,-274.8,150,0,15,1,1,0",,,"dashisi,feather,57.6,-513.6,178,0,5,1,1,0","dashisi,wing1,-52,-213,6,0,9,1,1,19",,,,,,,,,,,,,,,,,,,,,,,,,,,,,,,,,,,,,,,,,,,,,,,,,,,,,,,,,,,,,,,,,,,,,,,,,,,,,,,,,,,,,,,,,,"movement,swirl,6,-154,-176,0,0,1,1,0",,,,,,,,,,
EXCLUDE_CityCourtEnd/20,"dashisi,head,-52.8,-2.4,-178,0,2,1,1,0","dashisi,neck,-22.8,-57.6,174,0,4,1,1,0","dashisi,body,3.2,-105.6,149,0,5,1,1,0","dashisi,arm_up,48.4,-69.6,110,0,5,1,1,0","dashisi,arm_low,93.2,-92,122,0,4,1,1,0","dashisi,open,128,-102.4,133,1,3,1,1,0","dashisi,arm_up,-59.2,-86.4,-99,1,13,1,1,0","dashisi,arm_low,-121.4,-85.6,-85,1,13,1,1,0","dashisi,open,-154.6,-64.8,-63,0,12,1,1,0","dashisi,leg_up,12,-175.2,-166,0,7,1,1,0","dashisi,leg_low,10.8,-247.2,178,0,10,1,1,0","dashisi,foot,6.4,-280.8,171,0,9,1,1,0","dashisi,leg_up,51.6,-168,150,0,16,1,1,0","dashisi,leg_low,89.6,-222.4,148,0,18,1,1,0","dashisi,foot,104.4,-260.8,143,0,15,1,1,0",,,"dashisi,feather,62.4,-527.2,-146,0,5,1,1,0","dashisi,wing1,-52,-213,6,0,9,1,1,20",,,,,,,,,,,,,,,,,,,,,,,,,,,,,,,,,,,,,,,,,,,,,,,,,,,,,,,,,,,,,,,,,,,,,,,,,,,,,,,,,,,,,,,,,,,,,,,,,,,,
EXCLUDE_CityCourtEnd/21,"dashisi,head,-114.4,-80,128,0,2,1,1,0","dashisi,neck,-53.2,-89.6,125,0,4,1,1,0","dashisi,body,-4.8,-107.6,114,0,5,1,1,0","dashisi,arm_up,12.4,-51.6,71,0,5,1,1,0","dashisi,arm_low,67.2,-54,122,0,4,1,1,0","dashisi,open,102,-64.4,133,1,3,1,1,0","dashisi,arm_up,-67.2,-140.4,-153,1,13,1,1,0","dashisi,arm_low,-105.6,-183.6,-132,1,13,1,1,0","dashisi,open,-143.6,-207.6,-128,0,12,1,1,0","dashisi,leg_up,44,-151.2,159,0,7,1,1,0","dashisi,leg_low,84.8,-200.4,127,0,10,1,1,0","dashisi,foot,108.4,-231.2,117,0,9,1,1,0","dashisi,leg_up,59.6,-108,112,0,16,1,1,0","dashisi,leg_low,122.4,-111.2,84,0,18,1,1,0","dashisi,foot,156,-122.4,91,0,15,1,1,0",,,"dashisi,feather,45.2,-439.8,163,0,5,1,1,0","dashisi,wing1,-52,-213,6,0,9,1,1,21",,,,,,,,,,,,,,,,,,,,,,,,,,,,,,,,,,,,,,,,,,,,,,,,,,,,,,,,,,,,,,,,,,,,,,,,,,,,,,,,,,,,,,,,,,,,,,,,,,,,
EXCLUDE_CityCourtEnd/22,"dashisi,head,-79.8,-232,59,0,2,1,1,0","dashisi,neck,-36.6,-181.6,59,0,4,1,1,0","dashisi,body,-10.8,-139.6,33,0,5,1,1,0","dashisi,arm_up,-52.8,-117.6,0,0,5,1,1,0","dashisi,arm_low,-38.2,-64,36,0,4,1,1,0","dashisi,open,-19.4,-26.4,40,1,3,1,1,0","dashisi,arm_up,14.6,-214,127,1,13,1,1,0","dashisi,arm_low,44.2,-247.2,139,1,13,1,1,0","dashisi,open,62,-283.2,152,0,12,1,1,0","dashisi,leg_up,19.8,-69.4,41,0,7,1,1,0","dashisi,leg_low,42.6,-28.6,22,0,10,1,1,0","dashisi,foot,67.2,-1.2,23,0,9,1,1,0","dashisi,leg_up,44,-113.6,91,0,16,1,1,0","dashisi,leg_low,110.8,-106.8,84,0,18,1,1,0","dashisi,foot,145.2,-117.6,91,0,15,1,1,0",,,"dashisi,feather,-53.6,-380,72,0,5,1,1,0","dashisi,wing1,-52,-213,6,0,9,1,1,22",,,,,,,,,,,,,,,,,,,,,,,,,,,,,,,,,,,,,,,,,,,,,,,,,,,,,,,,,,,,,,,,,,,,,,,,,,,,,,,,,,,,,,,,,,,,,,,,,,,,
EXCLUDE_CityCourtEnd/23,"dashisi,head,-23.8,-250,29,0,2,1,1,0","dashisi,neck,-10.6,-191.6,29,0,4,1,1,0","dashisi,body,1.2,-145.6,9,0,5,1,1,0","dashisi,arm_up,-44.8,-141.6,-17,0,5,1,1,0","dashisi,arm_low,-46.2,-82,14,0,4,1,1,0","dashisi,open,-39.4,-42.4,19,1,3,1,1,0","dashisi,arm_up,58.6,-206,119,1,13,1,1,0","dashisi,arm_low,96.2,-233.2,131,1,13,1,1,0","dashisi,open,114,-269.2,144,0,12,1,1,0","dashisi,leg_up,15.8,-63.4,31,0,7,1,1,0","dashisi,leg_low,36.6,5.4,22,0,10,1,1,0","dashisi,foot,61.2,32.8,23,0,9,1,1,0","dashisi,leg_up,44,-95.6,91,0,16,1,1,0","dashisi,leg_low,110.8,-84.8,84,0,18,1,1,0","dashisi,foot,145.2,-91.6,91,0,15,1,1,0",,,"dashisi,feather,-81.6,-382,7,0,5,1,1,0","dashisi,wing1,-52,-213,6,0,9,1,1,23",,,,,,,,,,,,,,,,,,,,,,,,,,,,,,,,,,,,,,,,,,,,,,,,,,,,,,,,,,,,,,,,,,,,,,,,,,,,,,,,,,,,,,,,,,,,,,,,,,,,
EXCLUDE_CityCourtEnd/24,"dashisi,head,18.2,-234,14,0,2,1,1,0","dashisi,neck,11.4,-173.6,22,0,4,1,1,0","dashisi,body,7.2,-127.6,-1,0,5,1,1,0","dashisi,arm_up,-40.8,-133.6,-27,0,5,1,1,0","dashisi,arm_low,-52.2,-82,6,0,4,1,1,0","dashisi,open,-49.4,-44.4,13,1,3,1,1,0","dashisi,arm_up,46.6,-178,123,1,13,1,1,0","dashisi,arm_low,64.2,-221.2,-155,1,13,1,1,0","dashisi,open,46.8,-256.4,-147,0,12,1,1,0","dashisi,leg_up,-8.2,-47.4,-5,0,7,1,1,0","dashisi,leg_low,-31.4,25.4,-17,0,10,1,1,0","dashisi,foot,-27.2,54.4,-4,0,9,1,1,0","dashisi,leg_up,36,-57.6,67,0,16,1,1,0","dashisi,leg_low,92.8,-16.8,46,0,18,1,1,0","dashisi,foot,124.4,-2.4,62,0,15,1,1,0",,,"dashisi,feather,-69.6,-300,-9,0,5,1,1,0","dashisi,wing1,-52,-213,6,0,9,1,1,24",,,,,,,,,,,,,,,,,,,,,,,,,,,,,,,,,,,,,,,,,,,,,,,,,,,,,,,,,,,,,,,,,,,,,,,,,,,,,,,,,,,,,,,,,,,,,,,,,,,,
EXCLUDE_CityCourtEnd/25,"dashisi,head,18.2,-214,14,0,2,1,1,0","dashisi,neck,11.4,-153.6,22,0,4,1,1,0","dashisi,body,11.2,-107.6,-4,0,5,1,1,0","dashisi,arm_up,-40.8,-113.6,-30,0,5,1,1,0","dashisi,arm_low,-56.2,-70,-7,0,4,1,1,0","dashisi,open,-63.4,-32.4,-8,1,3,1,1,0","dashisi,arm_up,46.6,-148,116,1,13,1,1,0","dashisi,arm_low,78.2,-191.2,-178,1,13,1,1,0","dashisi,open,72.8,-230.4,178,0,12,1,1,0","dashisi,leg_up,-12.2,-27.4,-13,0,7,1,1,0","dashisi,leg_low,-39.4,37.4,-17,0,10,1,1,0","dashisi,foot,-35.2,66.4,-4,0,9,1,1,0","dashisi,leg_up,28,-29.6,46,0,16,1,1,0","dashisi,leg_low,58.8,33.2,13,0,18,1,1,0","dashisi,foot,77.6,65.2,12,0,15,1,1,0",,,"dashisi,feather,-69.6,-280,-9,0,5,1,1,0","dashisi,wing1,-52,-213,6,0,9,1,1,25",,,,,,,,,,,,,,,,,,,,,,,,,,,,,,,,,,,,,,,,,,,,,,,,,,,,,,,,,,,,,,,,,,,,,,,,,,,,,,,,,,,,,,,,,,,,,,,,,,,,
EXCLUDE_CityCourtStart/0,"dashisi,head,22.8,-182.8,-4,0,2,1,1,0","dashisi,neck,8.8,-125.6,14,0,4,1,1,0","dashisi,body,-0.8,-77.6,-2.5,0,5,1,1,0","dashisi,arm_up,-39.2,-87.6,-28,0,5,1,1,0","dashisi,arm_low,-54.8,-32,5,0,4,1,1,0","dashisi,fist,-52,0.8,-6,0,3,1,1,0","dashisi,arm_up,32.4,-100,23,1,13,1,1,0","dashisi,arm_low,66.4,-47.2,40,1,13,1,1,0","dashisi,fist_back,88.8,-21.6,23,0,12,1,1,0","dashisi,leg_up,-17.2,3.6,-3.7,0,7,1,1,0","dashisi,leg_low,-36,69.6,-13,0,10,1,1,0","dashisi,foot,-31.2,108,-17.6,0,9,1,1,0","dashisi,leg_up,19.2,4.8,22.7,0,16,1,1,0","dashisi,leg_low,33.2,67.2,7.5,0,18,1,1,0","dashisi,foot,44,110.8,-14,0,15,1,1,0",,,"dashisi,feather,-6.8,-254.4,-26,0,5,1,1,0","dashisi,wing1,-52,-213,6,0,9,1,1,26",,,,,,,,,,,,,,,,,,,,,,,,,,,,,,,,,,,,,,,,,,,,,,,,,,,,,,,,,,,,,,,,,,,,,,,,,,,,,,,,,,,,,,,,,,,,,,,,,,,play_time_mod_1.1,
EXCLUDE_CityCourtStart/1,"dashisi,head,28.8,-182.8,-6,0,2,1,1,0","dashisi,neck,14.8,-129.6,18,0,4,1,1,0","dashisi,body,1.2,-77.6,-8.5,0,5,1,1,0","dashisi,arm_up,-41.2,-85.6,-31,0,5,1,1,0","dashisi,arm_low,-64.8,-34,-12,0,4,1,1,0","dashisi,open,-74,2.8,-25,0,3,1,1,0","dashisi,arm_up,42.4,-106,59,1,13,1,1,0","dashisi,arm_low,88.4,-83.2,66,1,13,1,1,0","dashisi,open,126.4,-76,64,0,12,1,1,0","dashisi,leg_up,-27.2,3.6,-10.7,0,7,1,1,0","dashisi,leg_low,-50,65.6,-13,0,10,1,1,0","dashisi,foot,-45.2,104,-17.6,0,9,1,1,0","dashisi,leg_up,25.2,0.8,35.7,0,16,1,1,0","dashisi,leg_low,43.2,67.2,3.5,0,18,1,1,0","dashisi,foot,58,104.8,-9,0,15,1,1,0",,,"dashisi,feather,-6.8,-250.4,-28,0,5,1,1,0","dashisi,wing1,-52,-213,6,0,9,1,1,27",,,,,,,,,,,,,,,,,,,,,,,,,,,,,,,,,,,,,,,,,,,,,,,,,,,,,,,,,,,,,,,,,,,,,,,,,,,,,,,,,,,,,,,,,,,,,,,,,,,play_time_mod_1.1,
EXCLUDE_CityCourtStart/2,"dashisi,head,42.8,-174.8,-9,0,2,1,1,0","dashisi,neck,20.8,-119.6,15,0,4,1,1,0","dashisi,body,3.2,-69.6,-14.5,0,5,1,1,0","dashisi,arm_up,-41.2,-85.6,-40,0,5,1,1,0","dashisi,arm_low,-74.8,-38,-22,0,4,1,1,0","dashisi,open,-94,-5.2,-27,1,3,1,1,0","dashisi,arm_up,54.4,-96,59,1,13,1,1,0","dashisi,arm_low,100.4,-73.2,66,1,13,1,1,0","dashisi,open,138.4,-66,64,0,12,1,1,0","dashisi,leg_up,-27.2,-2.4,-18.7,0,7,1,1,0","dashisi,leg_low,-58,59.6,-22,0,10,1,1,0","dashisi,foot,-59.2,98,-20.6,0,9,1,1,0","dashisi,leg_up,25.2,0.8,41.7,0,16,1,1,0","dashisi,leg_low,47.2,61.2,3.5,0,18,1,1,0","dashisi,foot,58,98.8,-9,0,15,1,1,0",,,"dashisi,feather,7.2,-242.4,-31,0,5,1,1,0","dashisi,wing1,-52,-213,6,0,9,1,1,28",,,,,,,,,,,,,,,,,,,,,,,,,,,,,,,,,,,,,,,,,,,,,,,,,,,,,,,,,,,,,,,,,,,,,,,,,,,,,,,,,,,,,,,,,,,,,,,,,,,play_time_mod_1.1,
EXCLUDE_CityCourtStart/3,"dashisi,head,52.8,-160.8,-17,0,2,1,1,0","dashisi,neck,26.8,-111.6,8,0,4,1,1,0","dashisi,body,5.2,-69.6,-20.5,0,5,1,1,0","dashisi,arm_up,-37.2,-87.6,-51,0,5,1,1,0","dashisi,arm_low,-80.8,-56,-46,0,4,1,1,0","dashisi,open,-116,-39.2,-51,1,3,1,1,0","dashisi,arm_up,58.4,-94,68,1,13,1,1,0","dashisi,arm_low,106.4,-77.2,74,1,13,1,1,0","dashisi,open,148.4,-72,72,0,12,1,1,0","dashisi,leg_up,-31.2,-0.4,-16.7,0,7,1,1,0","dashisi,leg_low,-60,61.6,-25,0,10,1,1,0","dashisi,foot,-65.2,104,-23.6,0,9,1,1,0","dashisi,leg_up,27.2,0.8,48.7,0,16,1,1,0","dashisi,leg_low,49.2,55.2,-0.5,0,18,1,1,0","dashisi,foot,58,92.8,-9,0,15,1,1,0",,,"dashisi,feather,25.2,-234.4,-42,0,5,1,1,0","dashisi,wing1,-52,-213,6,0,9,1,1,29",,,,,,,,,,,,,,,,,,,,,,,,,,,,,,,,,,,,,,,,,,,,,,,,,,,,,,,,,,,,,,,,,,,,,,,,,,,,,,,,,,,,,,,,,,,,,,,,,,,play_time_mod_1.1,
EXCLUDE_CityCourtStart/4,"dashisi,head,68.8,-152.8,-20,0,2,1,1,0","dashisi,neck,36.8,-107.6,5,0,4,1,1,0","dashisi,body,9.2,-63.6,-26.5,0,5,1,1,0","dashisi,arm_up,-31.2,-93.6,-58,0,5,1,1,0","dashisi,arm_low,-76.8,-68,-53,0,4,1,1,0","dashisi,open,-110,-55.2,-56,1,3,1,1,0","dashisi,arm_up,64.4,-88,78,1,13,1,1,0","dashisi,arm_low,116.4,-79.2,81,1,13,1,1,0","dashisi,open,158.4,-80,79,0,12,1,1,0","dashisi,leg_up,-27.2,-2.4,-20.7,0,7,1,1,0","dashisi,leg_low,-70,49.6,-38,0,10,1,1,0","dashisi,foot,-83.2,88,-34.6,0,9,1,1,0","dashisi,leg_up,27.2,6.8,56.7,0,16,1,1,0","dashisi,leg_low,55.2,59.2,2.5,0,18,1,1,0","dashisi,foot,64,96.8,-6,0,15,1,1,0",,,"dashisi,feather,41.2,-226.4,-45,0,5,1,1,0","dashisi,wing1,-52,-213,6,0,9,1,1,30",,,,,,,,,,,,,,,,,,,,,,,,,,,,,,,,,,,,,,,,,,,,,,,,,,,,,,,,,,,,,,,,,,,,,,,,,,,,,,,,,,,,,,,,,,,,,,,,,,,play_time_mod_1.1,
EXCLUDE_CityCourtStart/5,"dashisi,head,76.8,-134.8,-32,0,2,1,1,0","dashisi,neck,46.8,-97.6,4,0,4,1,1,0","dashisi,body,13.2,-59.6,-30.5,0,5,1,1,0","dashisi,arm_up,-29.2,-91.6,-66,0,5,1,1,0","dashisi,arm_low,-82.8,-70,-63,0,4,1,1,0","dashisi,open,-120,-59.2,-55,1,3,1,1,0","dashisi,arm_up,74.4,-80,77,1,13,1,1,0","dashisi,arm_low,124.4,-77.2,90,1,13,1,1,0","dashisi,open,164.4,-82,87,0,12,1,1,0","dashisi,leg_up,-27.2,-6.4,-27.7,0,7,1,1,0","dashisi,leg_low,-74,47.6,-39,0,10,1,1,0","dashisi,foot,-85.2,82,-31.6,0,9,1,1,0","dashisi,leg_up,31.2,10.8,61.7,0,16,1,1,0","dashisi,leg_low,63.2,65.2,7.5,0,18,1,1,0","dashisi,foot,76,100.8,-1,0,15,1,1,0",,,"dashisi,feather,81.2,-212.4,-55,0,5,1,1,0","dashisi,wing1,-52,-213,6,0,9,1,1,31",,,,,,,,,,,,,,,,,,,,,,,,,,,,,,,,,,,,,,,,,,,,,,,,,,,,,,,,,,,,,,,,,,,,,,,,,,,,,,,,,,,,,,,,,,,,,,,,,,play_time_mod_1.4,play_time_mod_1.1,
EXCLUDE_CityCourtStart/6,"dashisi,head,94.8,-124.8,-40,0,2,1,1,0","dashisi,neck,56.8,-93.6,1,0,4,1,1,0","dashisi,body,13.2,-51.6,-37.5,0,5,1,1,0","dashisi,arm_up,-25.2,-93.6,-87,0,5,1,1,0","dashisi,arm_low,-82.8,-96,-95,0,4,1,1,0","dashisi,open,-126,-101.2,-81,1,3,1,1,0","dashisi,arm_up,86.4,-62,77,1,13,1,1,0","dashisi,arm_low,136.4,-53.2,77,1,13,1,1,0","dashisi,open,176.4,-52,77,0,12,1,1,0","dashisi,leg_up,-31.2,-6.4,-36.7,0,7,1,1,0","dashisi,leg_low,-84,35.6,-51,0,10,1,1,0","dashisi,foot,-101.2,66,-37.6,0,9,1,1,0","dashisi,leg_up,27.2,10.8,66.7,0,16,1,1,0","dashisi,leg_low,63.2,65.2,10.5,0,18,1,1,0","dashisi,foot,82,100.8,5,0,15,1,1,0",,,"dashisi,feather,101.2,-196.4,-66,0,5,1,1,0","dashisi,wing1,-52,-213,6,0,9,1,1,32",,,,,,,,,,,,,,,,,,,,,,,,,,,,,,,,,,,,,,,,,,,,,,,,,,,,,,,,,,,,,,,,,,,,,,,,,,,,,,,,,,,,,,,,,,,,,,,,,,play_time_mod_1.8,play_time_mod_1.1,
EXCLUDE_CityCourtStart/7,"dashisi,head,94.8,-118.8,-45,0,2,1,1,0","dashisi,neck,56.8,-93.6,1,0,4,1,1,0","dashisi,body,13.2,-51.6,-37.5,0,5,1,1,0","dashisi,arm_up,-25.2,-93.6,-87,0,5,1,1,0","dashisi,arm_low,-82.8,-100,-98,0,4,1,1,0","dashisi,open,-122,-111.2,-88,1,3,1,1,0","dashisi,arm_up,86.4,-58,71,1,13,1,1,0","dashisi,arm_low,136.4,-47.2,81,1,13,1,1,0","dashisi,open,176.4,-50,84,0,12,1,1,0","dashisi,leg_up,-31.2,-0.4,-27.7,0,7,1,1,0","dashisi,leg_low,-80,43.6,-46,0,10,1,1,0","dashisi,foot,-91.2,74,-35.6,0,9,1,1,0","dashisi,leg_up,27.2,16.8,66.7,0,16,1,1,0","dashisi,leg_low,63.2,69.2,5.5,0,18,1,1,0","dashisi,foot,78,104.8,3,0,15,1,1,0",,,"dashisi,feather,113.2,-192.4,-71,0,5,1,1,0","dashisi,wing1,-52,-213,6,0,9,1,1,33",,,,,,,,,,,,,,,,,,,,,,,,,,,,,,,,,,,,,,,,,,,,,,,,,,,,,,,,,,,,,,,,,,,,,,,,,,,,,,,,,,,,,,,,,,,,,,,,,,,play_time_mod_1.1,
EXCLUDE_CityCourtStart/8,"dashisi,head,72.8,-142.8,-16,0,2,1,1,0","dashisi,neck,46.8,-97.6,4,0,4,1,1,0","dashisi,body,13.2,-59.6,-30.5,0,5,1,1,0","dashisi,arm_up,-29.2,-91.6,-66,0,5,1,1,0","dashisi,arm_low,-82.8,-70,-63,0,4,1,1,0","dashisi,open,-120,-59.2,-55,1,3,1,1,0","dashisi,arm_up,74.4,-68,56,1,13,1,1,0","dashisi,arm_low,124.4,-53.2,90,1,13,1,1,0","dashisi,open,164.4,-58,87,0,12,1,1,0","dashisi,leg_up,-27.2,5.6,-17.7,0,7,1,1,0","dashisi,leg_low,-66,61.6,-46,0,10,1,1,0","dashisi,foot,-75.2,94,-31.6,0,9,1,1,0","dashisi,leg_up,27.2,14.8,58.7,0,16,1,1,0","dashisi,leg_low,57.2,67.2,2.5,0,18,1,1,0","dashisi,foot,68,100.8,-1,0,15,1,1,0",,,"dashisi,feather,55.2,-212.4,-38,0,5,1,1,0","dashisi,wing1,-52,-213,6,0,9,1,1,34",,,,,,,,,,,,,,,,,,,,,,,,,,,,,,,,,,,,,,,,,,,,,,,,,,,,,,,,,,,,,,,,,,,,,,,,,,,,,,,,,,,,,,,,,,,,,,,,,,,play_time_mod_1.1,
EXCLUDE_CityCourtStart/9,"dashisi,head,48.8,-164.8,-9,0,2,1,1,0","dashisi,neck,26.8,-111.6,8,0,4,1,1,0","dashisi,body,5.2,-69.6,-20.5,0,5,1,1,0","dashisi,arm_up,-37.2,-87.6,-51,0,5,1,1,0","dashisi,arm_low,-80.8,-56,-46,0,4,1,1,0","dashisi,open,-116,-39.2,-51,1,3,1,1,0","dashisi,arm_up,58.4,-84,42,1,13,1,1,0","dashisi,arm_low,106.4,-49.2,64,1,13,1,1,0","dashisi,open,148.4,-36,60,0,12,1,1,0","dashisi,leg_up,-31.2,-0.4,-16.7,0,7,1,1,0","dashisi,leg_low,-60,61.6,-25,0,10,1,1,0","dashisi,foot,-65.2,104,-23.6,0,9,1,1,0","dashisi,leg_up,23.2,4.8,48.7,0,16,1,1,0","dashisi,leg_low,45.2,59.2,-0.5,0,18,1,1,0","dashisi,foot,54,96.8,-9,0,15,1,1,0",,,"dashisi,feather,11.2,-234.4,-31,0,5,1,1,0","dashisi,wing1,-52,-213,6,0,9,1,1,35",,,,,,,,,,,,,,,,,,,,,,,,,,,,,,,,,,,,,,,,,,,,,,,,,,,,,,,,,,,,,,,,,,,,,,,,,,,,,,,,,,,,,,,,,,,,,,,,,,,play_time_mod_1.1,
EXCLUDE_CityCourtStart/10,"dashisi,head,42.8,-174.8,-9,0,2,1,1,0","dashisi,neck,20.8,-119.6,15,0,4,1,1,0","dashisi,body,3.2,-69.6,-14.5,0,5,1,1,0","dashisi,arm_up,-41.2,-85.6,-40,0,5,1,1,0","dashisi,arm_low,-74.8,-38,-22,0,4,1,1,0","dashisi,open,-94,-5.2,-27,1,3,1,1,0","dashisi,arm_up,54.4,-90,42,1,13,1,1,0","dashisi,arm_low,100.4,-55.2,60,1,13,1,1,0","dashisi,open,138.4,-42,54,0,12,1,1,0","dashisi,leg_up,-27.2,-2.4,-18.7,0,7,1,1,0","dashisi,leg_low,-58,59.6,-22,0,10,1,1,0","dashisi,foot,-59.2,98,-20.6,0,9,1,1,0","dashisi,leg_up,15.2,8.8,41.7,0,16,1,1,0","dashisi,leg_low,37.2,69.2,3.5,0,18,1,1,0","dashisi,foot,48,106.8,-9,0,15,1,1,0",,,"dashisi,feather,7.2,-242.4,-31,0,5,1,1,0","dashisi,wing1,-52,-213,6,0,9,1,1,36",,,,,,,,,,,,,,,,,,,,,,,,,,,,,,,,,,,,,,,,,,,,,,,,,,,,,,,,,,,,,,,,,,,,,,,,,,,,,,,,,,,,,,,,,,,,,,,,,,,play_time_mod_1.1,
EXCLUDE_CityCourtStart/11,"dashisi,head,22.8,-182.8,-4,0,2,1,1,0","dashisi,neck,8.8,-125.6,14,0,4,1,1,0","dashisi,body,-0.8,-77.6,-2.5,0,5,1,1,0","dashisi,arm_up,-39.2,-87.6,-28,0,5,1,1,0","dashisi,arm_low,-54.8,-32,5,0,4,1,1,0","dashisi,fist,-52,0.8,-6,0,3,1,1,0","dashisi,arm_up,32.4,-100,23,1,13,1,1,0","dashisi,arm_low,66.4,-47.2,40,1,13,1,1,0","dashisi,fist_back,88.8,-21.6,23,0,12,1,1,0","dashisi,leg_up,-17.2,3.6,-3.7,0,7,1,1,0","dashisi,leg_low,-36,69.6,-13,0,10,1,1,0","dashisi,foot,-31.2,108,-17.6,0,9,1,1,0","dashisi,leg_up,19.2,4.8,22.7,0,16,1,1,0","dashisi,leg_low,33.2,67.2,7.5,0,18,1,1,0","dashisi,foot,44,110.8,-14,0,15,1,1,0",,,"dashisi,feather,-6.8,-254.4,-26,0,5,1,1,0","dashisi,wing1,-52,-213,6,0,9,1,1,37",,,,,,,,,,,,,,,,,,,,,,,,,,,,,,,,,,,,,,,,,,,,,,,,,,,,,,,,,,,,,,,,,,,,,,,,,,,,,,,,,,,,,,,,,,,,,,,,,,,play_time_mod_1.1,
EXCLUDE_CityIdle/0,"dashisi,head,24.8,-174.8,-12,0,2,1,1,0","dashisi,neck,8.8,-121.6,19,0,4,1,1,0","dashisi,body,-2.8,-77.6,-1.5,0,5,1,1,0","dashisi,arm_up,-35.2,-83.6,-13,0,5,1,1,0","dashisi,arm_low,-28.8,-24,35,0,4,1,1,0","dashisi,fist,-6.8,4,28,0,3,1,1,0","dashisi,arm_up,46.4,-88,41,1,13,1,1,0","dashisi,arm_low,82.4,-47.2,30,1,13,1,1,0","dashisi,fist_back,96,-27.6,26,0,12,1,1,0","dashisi,leg_up,-17.2,7.6,-3.7,0,7,1,1,0","dashisi,leg_low,-36,73.6,-13,0,10,1,1,0","dashisi,foot,-31.2,112,-17.6,0,9,1,1,0","dashisi,leg_up,19.2,8.8,22.7,0,16,1,1,0","dashisi,leg_low,33.2,71.2,7.5,0,18,1,1,0","dashisi,foot,44,114.8,-14,0,15,1,1,0",,,"dashisi,feather,5.2,-254.4,-34,0,5,1,1,0","dashisi,wing1,-52,-213,6,0,9,1,1,38",,,,"dashisi,book,36,-29.6,6,0,5,1,1,0",,,,,,,,,,,,,,,,,,,,,,,,,,,,,,,,,,,,,,,,,,,,,,,,,,,,,,,,,,,,,,,,,,,,,,,,,,,,,,,,,,,,,,,,,,,,,,,play_time_mod_1.5,
EXCLUDE_CityIdle/1,"dashisi,head,24.8,-170.8,-14,0,2,1,1,0","dashisi,neck,8.8,-117.6,17,0,4,1,1,0","dashisi,body,-0.8,-73,-5.5,0,5,1,1,0","dashisi,arm_up,-35.2,-79.6,-15,0,5,1,1,0","dashisi,arm_low,-28.8,-20,33,0,4,1,1,0","dashisi,fist,-6.8,8,26,0,3,1,1,0","dashisi,arm_up,46.4,-84,39,1,13,1,1,0","dashisi,arm_low,82.4,-43.2,28,1,13,1,1,0","dashisi,fist_back,96,-23.6,24,0,12,1,1,0","dashisi,leg_up,-19.2,12.2,-3.7,0,7,1,1,0","dashisi,leg_low,-38,78.2,-13,0,10,1,1,0","dashisi,foot,-33.2,116.6,-23.6,0,9,1,1,0","dashisi,leg_up,17.2,13.4,22.7,0,16,1,1,0","dashisi,leg_low,31.2,75.8,7.5,0,18,1,1,0","dashisi,foot,42,117.4,-15,0,15,1,1,0",,,"dashisi,feather,5.2,-250.4,-36,0,5,1,1,0","dashisi,wing1,-52,-213,6,0,9,1,1,39",,,,"dashisi,book,36,-25.6,4,0,5,1,1,0",,,,,,,,,,,,,,,,,,,,,,,,,,,,,,,,,,,,,,,,,,,,,,,,,,,,,,,,,,,,,,,,,,,,,,,,,,,,,,,,,,,,,,,,,,,,,,,play_time_mod_1.5,
EXCLUDE_CityIdle/2,"dashisi,head,24.8,-166.8,-16,0,2,1,1,0","dashisi,neck,8.8,-113.6,15,0,4,1,1,0","dashisi,body,-2.8,-68,-7.5,0,5,1,1,0","dashisi,arm_up,-35.2,-75.6,-14,0,5,1,1,0","dashisi,arm_low,-28.8,-16,31,0,4,1,1,0","dashisi,fist,-6.8,12,24,0,3,1,1,0","dashisi,arm_up,46.4,-80,37,1,13,1,1,0","dashisi,arm_low,82.4,-39.2,26,1,13,1,1,0","dashisi,fist_back,96,-19.6,22,0,12,1,1,0","dashisi,leg_up,-21.2,17.2,-3.7,0,7,1,1,0","dashisi,leg_low,-40,83.2,-13,0,10,1,1,0","dashisi,foot,-37.2,121.6,-33.6,0,9,1,1,0","dashisi,leg_up,15.2,18.4,22.7,0,16,1,1,0","dashisi,leg_low,29.2,80.8,7.5,0,18,1,1,0","dashisi,foot,38,122.4,-24,0,15,1,1,0",,,"dashisi,feather,5.2,-246.4,-38,0,5,1,1,0","dashisi,wing1,-52,-213,6,0,9,1,1,40",,,,"dashisi,book,36,-21.6,2,0,5,1,1,0",,,,,,,,,,,,,,,,,,,,,,,,,,,,,,,,,,,,,,,,,,,,,,,,,,,,,,,,,,,,,,,,,,,,,,,,,,,,,,,,,,,,,,,,,,,,,,,play_time_mod_1.5,
EXCLUDE_CityIdle/3,"dashisi,head,24.8,-170.8,-14,0,2,1,1,0","dashisi,neck,8.8,-117.6,17,0,4,1,1,0","dashisi,body,-0.8,-73,-5.5,0,5,1,1,0","dashisi,arm_up,-35.2,-79.6,-15,0,5,1,1,0","dashisi,arm_low,-28.8,-20,33,0,4,1,1,0","dashisi,fist,-6.8,8,26,0,3,1,1,0","dashisi,arm_up,46.4,-84,39,1,13,1,1,0","dashisi,arm_low,82.4,-43.2,28,1,13,1,1,0","dashisi,fist_back,96,-23.6,24,0,12,1,1,0","dashisi,leg_up,-19.2,12.2,-3.7,0,7,1,1,0","dashisi,leg_low,-38,78.2,-13,0,10,1,1,0","dashisi,foot,-33.2,116.6,-23.6,0,9,1,1,0","dashisi,leg_up,17.2,13.4,22.7,0,16,1,1,0","dashisi,leg_low,31.2,75.8,7.5,0,18,1,1,0","dashisi,foot,42,117.4,-15,0,15,1,1,0",,,"dashisi,feather,5.2,-250.4,-36,0,5,1,1,0","dashisi,wing1,-52,-213,6,0,9,1,1,41",,,,"dashisi,book,36,-25.6,4,0,5,1,1,0",,,,,,,,,,,,,,,,,,,,,,,,,,,,,,,,,,,,,,,,,,,,,,,,,,,,,,,,,,,,,,,,,,,,,,,,,,,,,,,,,,,,,,,,,,,,,,,play_time_mod_1.5,
EXCLUDE_CityTalk/0,"dashisi,head,20.8,-178.8,-1,0,2,1,1,0","dashisi,neck,8.8,-121.6,19,0,4,1,1,0","dashisi,body,-2.8,-77.6,-1.5,0,5,1,1,0","dashisi,arm_up,-35.2,-83.6,-13,0,5,1,1,0","dashisi,arm_low,-28.8,-24,35,0,4,1,1,0","dashisi,fist,-6.8,4,28,0,3,1,1,0","dashisi,arm_up,46.4,-88,41,1,13,1,1,0","dashisi,arm_low,82.4,-47.2,30,1,13,1,1,0","dashisi,fist_back,96,-27.6,26,0,12,1,1,0","dashisi,leg_up,-17.2,7.6,-3.7,0,7,1,1,0","dashisi,leg_low,-36,73.6,-13,0,10,1,1,0","dashisi,foot,-31.2,112,-17.6,0,9,1,1,0","dashisi,leg_up,19.2,8.8,22.7,0,16,1,1,0","dashisi,leg_low,33.2,71.2,7.5,0,18,1,1,0","dashisi,foot,44,114.8,-14,0,15,1,1,0",,,"dashisi,feather,-16.8,-252.4,-31,0,5,1,1,0","dashisi,wing1,-52,-213,6,0,9,1,1,42",,,,"dashisi,book,36,-29.6,6,0,5,1,1,0",,,,,,,,,,,,,,,,,,,,,,,,,,,,,,,,,,,,,,,,,,,,,,,,,,,,,,,,,,,,,,,,,,,,,,,,,,,,,,,,,,,,,,,,,,,,,,,play_time_mod_0.7,
EXCLUDE_CityTalk/1,"dashisi,head,18.8,-174.8,1,0,2,1,1,0","dashisi,neck,6.8,-117.6,21,0,4,1,1,0","dashisi,body,-0.8,-73,-5.5,0,5,1,1,0","dashisi,arm_up,-35.2,-79.6,-15,0,5,1,1,0","dashisi,arm_low,-28.8,-20,33,0,4,1,1,0","dashisi,fist,-6.8,8,26,0,3,1,1,0","dashisi,arm_up,46.4,-98,53,1,13,1,1,0","dashisi,arm_low,92.4,-59.2,46,1,13,1,1,0","dashisi,fist_back,122,-51.6,49,0,12,1,1,0","dashisi,leg_up,-19.2,12.2,-3.7,0,7,1,1,0","dashisi,leg_low,-38,78.2,-13,0,10,1,1,0","dashisi,foot,-33.2,116.6,-23.6,0,9,1,1,0","dashisi,leg_up,17.2,13.4,22.7,0,16,1,1,0","dashisi,leg_low,31.2,75.8,7.5,0,18,1,1,0","dashisi,foot,42,117.4,-15,0,15,1,1,0",,,"dashisi,feather,-20.8,-246.4,-27,0,5,1,1,0","dashisi,wing1,-52,-213,6,0,9,1,1,43",,,,"dashisi,book,36,-25.6,4,0,5,1,1,0",,,,,,,,,,,,,,,,,,,,,,,,,,,,,,,,,,,,,,,,,,,,,,,,,,,,,,,,,,,,,,,,,,,,,,,,,,,,,,,,,,,,,,,,,,,,,,,play_time_mod_0.7,
EXCLUDE_CityTalk/2,"dashisi,head,18.8,-170.8,3,0,2,1,1,0","dashisi,neck,6.8,-113.6,23,0,4,1,1,0","dashisi,body,-2.8,-68,-7.5,0,5,1,1,0","dashisi,arm_up,-35.2,-75.6,-14,0,5,1,1,0","dashisi,arm_low,-28.8,-16,31,0,4,1,1,0","dashisi,fist,-6.8,12,24,0,3,1,1,0","dashisi,arm_up,54.4,-98,75,1,13,1,1,0","dashisi,arm_low,102.4,-81.2,64,1,13,1,1,0","dashisi,fist_back,134,-71.6,60,0,12,1,1,0","dashisi,leg_up,-21.2,17.2,-3.7,0,7,1,1,0","dashisi,leg_low,-40,83.2,-13,0,10,1,1,0","dashisi,foot,-37.2,121.6,-33.6,0,9,1,1,0","dashisi,leg_up,15.2,18.4,22.7,0,16,1,1,0","dashisi,leg_low,29.2,80.8,7.5,0,18,1,1,0","dashisi,foot,38,122.4,-24,0,15,1,1,0",,,"dashisi,feather,-20.8,-242.4,-27,0,5,1,1,0","dashisi,wing1,-52,-213,6,0,9,1,1,44",,,,"dashisi,book,36,-21.6,2,0,5,1,1,0",,,,,,,,,,,,,,,,,,,,,,,,,,,,,,,,,,,,,,,,,,,,,,,,,,,,,,,,,,,,,,,,,,,,,,,,,,,,,,,,,,,,,,,,,,,,,,,play_time_mod_0.7,
EXCLUDE_CityTalk/3,"dashisi,head,18.8,-174.8,1,0,2,1,1,0","dashisi,neck,6.8,-117.6,21,0,4,1,1,0","dashisi,body,-0.8,-73,-5.5,0,5,1,1,0","dashisi,arm_up,-35.2,-79.6,-15,0,5,1,1,0","dashisi,arm_low,-28.8,-20,33,0,4,1,1,0","dashisi,fist,-6.8,8,26,0,3,1,1,0","dashisi,arm_up,46.4,-104,77,1,13,1,1,0","dashisi,arm_low,98.4,-109.2,121,1,13,1,1,0","dashisi,twopoint,128,-135.2,114,0,12,1,1,0","dashisi,leg_up,-19.2,12.2,-3.7,0,7,1,1,0","dashisi,leg_low,-38,78.2,-13,0,10,1,1,0","dashisi,foot,-33.2,116.6,-23.6,0,9,1,1,0","dashisi,leg_up,17.2,13.4,22.7,0,16,1,1,0","dashisi,leg_low,31.2,75.8,7.5,0,18,1,1,0","dashisi,foot,42,117.4,-15,0,15,1,1,0",,,"dashisi,feather,-20.8,-244.4,-29,0,5,1,1,0","dashisi,wing1,-52,-213,6,0,9,1,1,45",,,,"dashisi,book,36,-25.6,4,0,5,1,1,0",,,,,,,,,,,,,,,,,,,,,,,,,,,,,,,,,,,,,,,,,,,,,,,,,,,,,,,,,,,,,,,,,,,,,,,,,,,,,,,,,,,,,,,,,,,,,,,play_time_mod_0.7,
EXCLUDE_CityTalk/4,"dashisi,head,16.8,-180.8,5,0,2,1,1,0","dashisi,neck,8.8,-121.6,19,0,4,1,1,0","dashisi,body,-2.8,-77.6,-1.5,0,5,1,1,0","dashisi,arm_up,-35.2,-83.6,-13,0,5,1,1,0","dashisi,arm_low,-28.8,-24,35,0,4,1,1,0","dashisi,fist,-6.8,4,28,0,3,1,1,0","dashisi,arm_up,46.4,-110,88,1,13,1,1,0","dashisi,arm_low,98.4,-127.2,127,1,13,1,1,0","dashisi,twopoint,128,-157.2,117,0,12,1,1,0","dashisi,leg_up,-17.2,7.6,-3.7,0,7,1,1,0","dashisi,leg_low,-36,73.6,-13,0,10,1,1,0","dashisi,foot,-31.2,112,-17.6,0,9,1,1,0","dashisi,leg_up,19.2,8.8,22.7,0,16,1,1,0","dashisi,leg_low,33.2,71.2,7.5,0,18,1,1,0","dashisi,foot,44,114.8,-14,0,15,1,1,0",,,"dashisi,feather,-24.8,-250.4,-28,0,5,1,1,0","dashisi,wing1,-52,-213,6,0,9,1,1,46",,,,"dashisi,book,36,-29.6,6,0,5,1,1,0",,,,,,,,,,,,,,,,,,,,,,,,,,,,,,,,,,,,,,,,,,,,,,,,,,,,,,,,,,,,,,,,,,,,,,,,,,,,,,,,,,,,,,,,,,,,,,hold,play_time_mod_0.7,
EXCLUDE_CityTalkIdle/0,"dashisi,head,20.8,-178.8,-1,0,2,1,1,0","dashisi,neck,8.8,-121.6,19,0,4,1,1,0","dashisi,body,-2.8,-77.6,-1.5,0,5,1,1,0","dashisi,arm_up,-35.2,-83.6,-13,0,5,1,1,0","dashisi,arm_low,-28.8,-24,35,0,4,1,1,0","dashisi,fist,-6.8,4,28,0,3,1,1,0","dashisi,arm_up,46.4,-88,41,1,13,1,1,0","dashisi,arm_low,82.4,-47.2,30,1,13,1,1,0","dashisi,fist_back,96,-27.6,26,0,12,1,1,0","dashisi,leg_up,-17.2,7.6,-3.7,0,7,1,1,0","dashisi,leg_low,-36,73.6,-13,0,10,1,1,0","dashisi,foot,-31.2,112,-17.6,0,9,1,1,0","dashisi,leg_up,19.2,8.8,22.7,0,16,1,1,0","dashisi,leg_low,33.2,71.2,7.5,0,18,1,1,0","dashisi,foot,44,114.8,-14,0,15,1,1,0",,,"dashisi,feather,-16.8,-252.4,-31,0,5,1,1,0","dashisi,wing1,-52,-213,6,0,9,1,1,47",,,,"dashisi,book,36,-29.6,6,0,5,1,1,0",,,,,,,,,,,,,,,,,,,,,,,,,,,,,,,,,,,,,,,,,,,,,,,,,,,,,,,,,,,,,,,,,,,,,,,,,,,,,,,,,,,,,,,,,,,,,,,play_time_mod_1.5,
EXCLUDE_CityTalkIdle/1,"dashisi,head,20.8,-174.8,-1,0,2,1,1,0","dashisi,neck,8.8,-117.6,17,0,4,1,1,0","dashisi,body,-0.8,-73,-5.5,0,5,1,1,0","dashisi,arm_up,-35.2,-79.6,-15,0,5,1,1,0","dashisi,arm_low,-28.8,-20,33,0,4,1,1,0","dashisi,fist,-6.8,8,26,0,3,1,1,0","dashisi,arm_up,46.4,-84,39,1,13,1,1,0","dashisi,arm_low,82.4,-43.2,28,1,13,1,1,0","dashisi,fist_back,96,-23.6,24,0,12,1,1,0","dashisi,leg_up,-19.2,12.2,-3.7,0,7,1,1,0","dashisi,leg_low,-38,78.2,-13,0,10,1,1,0","dashisi,foot,-33.2,116.6,-23.6,0,9,1,1,0","dashisi,leg_up,17.2,13.4,22.7,0,16,1,1,0","dashisi,leg_low,31.2,75.8,7.5,0,18,1,1,0","dashisi,foot,42,117.4,-15,0,15,1,1,0",,,"dashisi,feather,-16.8,-248.4,-31,0,5,1,1,0","dashisi,wing1,-52,-213,6,0,9,1,1,48",,,,"dashisi,book,36,-25.6,4,0,5,1,1,0",,,,,,,,,,,,,,,,,,,,,,,,,,,,,,,,,,,,,,,,,,,,,,,,,,,,,,,,,,,,,,,,,,,,,,,,,,,,,,,,,,,,,,,,,,,,,,,play_time_mod_1.5,
EXCLUDE_CityTalkIdle/2,"dashisi,head,20.8,-172.8,-1,0,2,1,1,0","dashisi,neck,8.8,-113.6,15,0,4,1,1,0","dashisi,body,-2.8,-68,-7.5,0,5,1,1,0","dashisi,arm_up,-35.2,-75.6,-14,0,5,1,1,0","dashisi,arm_low,-28.8,-16,31,0,4,1,1,0","dashisi,fist,-6.8,12,24,0,3,1,1,0","dashisi,arm_up,46.4,-80,37,1,13,1,1,0","dashisi,arm_low,82.4,-39.2,26,1,13,1,1,0","dashisi,fist_back,96,-19.6,22,0,12,1,1,0","dashisi,leg_up,-21.2,17.2,-3.7,0,7,1,1,0","dashisi,leg_low,-40,83.2,-13,0,10,1,1,0","dashisi,foot,-37.2,121.6,-33.6,0,9,1,1,0","dashisi,leg_up,15.2,18.4,22.7,0,16,1,1,0","dashisi,leg_low,29.2,80.8,7.5,0,18,1,1,0","dashisi,foot,38,122.4,-24,0,15,1,1,0",,,"dashisi,feather,-16.8,-246.4,-31,0,5,1,1,0","dashisi,wing1,-52,-213,6,0,9,1,1,49",,,,"dashisi,book,36,-21.6,2,0,5,1,1,0",,,,,,,,,,,,,,,,,,,,,,,,,,,,,,,,,,,,,,,,,,,,,,,,,,,,,,,,,,,,,,,,,,,,,,,,,,,,,,,,,,,,,,,,,,,,,,,play_time_mod_1.5,
EXCLUDE_CityTalkIdle/3,"dashisi,head,20.8,-174.8,-1,0,2,1,1,0","dashisi,neck,8.8,-117.6,17,0,4,1,1,0","dashisi,body,-0.8,-73,-5.5,0,5,1,1,0","dashisi,arm_up,-35.2,-79.6,-15,0,5,1,1,0","dashisi,arm_low,-28.8,-20,33,0,4,1,1,0","dashisi,fist,-6.8,8,26,0,3,1,1,0","dashisi,arm_up,46.4,-84,39,1,13,1,1,0","dashisi,arm_low,82.4,-43.2,28,1,13,1,1,0","dashisi,fist_back,96,-23.6,24,0,12,1,1,0","dashisi,leg_up,-19.2,12.2,-3.7,0,7,1,1,0","dashisi,leg_low,-38,78.2,-13,0,10,1,1,0","dashisi,foot,-33.2,116.6,-23.6,0,9,1,1,0","dashisi,leg_up,17.2,13.4,22.7,0,16,1,1,0","dashisi,leg_low,31.2,75.8,7.5,0,18,1,1,0","dashisi,foot,42,117.4,-15,0,15,1,1,0",,,"dashisi,feather,-16.8,-248.4,-31,0,5,1,1,0","dashisi,wing1,-52,-213,6,0,9,1,1,50",,,,"dashisi,book,36,-25.6,4,0,5,1,1,0",,,,,,,,,,,,,,,,,,,,,,,,,,,,,,,,,,,,,,,,,,,,,,,,,,,,,,,,,,,,,,,,,,,,,,,,,,,,,,,,,,,,,,,,,,,,,,,play_time_mod_1.5,
Default/0,"dashisi,head,1,-376,-5,0,2,1,1,0","dashisi,neck,-4,-340,10,0,4,1,1,0","dashisi,body,-4,-291,-1.5,0,5,1,1,0","dashisi,arm_up,-63,-304,-60,0,6,1,1,0","dashisi,arm_low,-108,-277,-52,0,5,1,1,0","dashisi,fist,-143,-245,-61,0,10,1,1,0","dashisi,arm_up,47,-308,61,1,15,0.9,0.9,0","dashisi,arm_low,91,-285,62,1,14,1,1,0","dashisi,fist_back,134,-266,49,0,19,0.8,0.9,0","dashisi,leg_up,-24,-203,-1.7,0,7,1,1,0","dashisi,leg_low,-44,-152,-19,0,10,1,1,0","dashisi,foot,-42,-120,-17.6,0,9,1,1,0","dashisi,leg_up,21,-204,34.7,0,16,1,1,0","dashisi,leg_low,37,-149,13.5,0,18,1,1,0","dashisi,foot,49,-118,-9,0,15,0.9,0.9,0",,,"dashisi,feather,-41,-415,-3,0,5,1,1,0","dashisi,wing1,-38,-333,-14,0,9,1,1,51","dashisi,skirt,-7,-231,-2,0,6,1.1,0.6,0",,,,,,,,,,,,,,,,,,,,,,,,,,,,,,,,,,,,,,,,,,,,,,,,,,,,,,,,,,,,,,,,,,,,,,,,,,,,,,,,,,,,,,,,,,,,,,,,,,,
EXCLUDE_Execute/0,"dashisi,head,20.8,-178.8,-10,0,2,1,1,0","dashisi,neck,8.8,-121.6,19,0,4,1,1,0","dashisi,body,-2.8,-77.6,-1.5,0,5,1,1,0","dashisi,arm_up,-49.2,-83.6,-41,0,5,1,1,0","dashisi,arm_low,-72.8,-32,-4,0,4,1,1,0","dashisi,fist,-72,2.8,-4,0,3,1,1,0","dashisi,arm_up,46.4,-78,26,1,13,1,1,0","dashisi,arm_low,34.4,-39.2,-59,1,13,1,1,0","dashisi,fist_back,-1.6,-30,-107,0,12,1,1,0","dashisi,leg_up,-17.2,7.6,-3.7,0,7,1,1,0","dashisi,leg_low,-36,73.6,-13,0,10,1,1,0","dashisi,foot,-31.2,112,-17.6,0,9,1,1,0","dashisi,leg_up,19.2,8.8,22.7,0,16,1,1,0","dashisi,leg_low,33.2,71.2,7.5,0,18,1,1,0","dashisi,foot,44,114.8,-14,0,15,1,1,0",,,"dashisi,feather,-10.8,-262.4,-32,0,5,1,1,0","dashisi,wing1,-52,-213,6,0,9,1,1,52",,,,"dashisi,boombox,-12.4,11.2,-4,0,3,1,1,0",,,,,,,,,,,,,,,,,,,,,,,,,,,,,,,,,,,,,,,,,,,,,,,,,,,,,,,,,,,,,,,,,,,,,,,,,,,,,,,,,,,,,,,,,,,,,,play_time_mod_1.5,,
EXCLUDE_Execute/1,"dashisi,head,20.8,-178.8,-10,0,2,1,1,0","dashisi,neck,8.8,-121.6,19,0,4,1,1,0","dashisi,body,-2.8,-77.6,-1.5,0,5,1,1,0","dashisi,arm_up,-49.2,-83.6,-41,0,5,1,1,0","dashisi,arm_low,-72.8,-32,-4,0,4,1,1,0","dashisi,fist,-72,2.8,-4,0,3,1,1,0","dashisi,arm_up,52.4,-86,49,1,13,1,1,0","dashisi,arm_low,102.4,-61.6,85,1,13,1,1,0","dashisi,fist_back,135.6,-64,77,0,12,1,1,0","dashisi,leg_up,-17.2,7.6,-3.7,0,7,1,1,0","dashisi,leg_low,-36,73.6,-13,0,10,1,1,0","dashisi,foot,-31.2,112,-17.6,0,9,1,1,0","dashisi,leg_up,19.2,8.8,22.7,0,16,1,1,0","dashisi,leg_low,33.2,71.2,7.5,0,18,1,1,0","dashisi,foot,44,114.8,-14,0,15,1,1,0","dashisi,base,151.6,-214.8,174,0,15,1,1,0",,"dashisi,feather,-10.8,-262.4,-32,0,5,1,1,0","dashisi,wing1,-52,-213,6,0,9,1,1,53",,,,"dashisi,boombox,-12.4,11.2,-4,0,3,1,1,0",,,,,,,,,,,,,,,,,,,,,,,,,,,,,,,,,,,,,,,,,,,,,,,,,,,,,,,,,,,,,,,,,,,,,,,,,,,,,,,,,,,,,,,,,,,,,,play_time_mod_0.3,,
EXCLUDE_Execute/2,"dashisi,head,2.8,-188.8,11,0,2,1,1,0","dashisi,neck,4.8,-123.6,22,0,4,1,1,0","dashisi,body,-2.8,-77.6,3.5,0,5,1,1,0","dashisi,arm_up,-49.2,-83.6,-41,0,5,1,1,0","dashisi,arm_low,-76.8,-32,-12,0,4,1,1,0","dashisi,fist,-80,2.8,-9,0,3,1,1,0","dashisi,arm_up,52.4,-122,125,1,13,1,1,0","dashisi,arm_low,93.6,-151.6,133,1,13,1,1,0","dashisi,fist_back,127.2,-172.4,85,0,12,1,1,0","dashisi,leg_up,-17.2,7.6,-3.7,0,7,1,1,0","dashisi,leg_low,-36,73.6,-13,0,10,1,1,0","dashisi,foot,-31.2,112,-17.6,0,9,1,1,0","dashisi,leg_up,23.2,8.8,26.7,0,16,1,1,0","dashisi,leg_low,39.2,71.2,12.5,0,18,1,1,0","dashisi,foot,52,110.8,-12,0,15,1,1,0","dashisi,base,115.6,-320.8,-177,0,15,1,1,0",,"dashisi,feather,-58.8,-250.4,-20,0,5,1,1,0","dashisi,wing1,-52,-213,6,0,9,1,1,54",,,,"dashisi,boombox,-12.4,11.2,-4,0,3,1,1,0",,,,,,,,,,,,,,,,,,,,,,,,,,,,,,,,,,,,,,,,,,,,,,,,,,,,,,,,,,,,,,,,,,,,,,,,,,,,,,,,,,,,,,,,,,,,,,play_time_mod_1.5,,
EXCLUDE_Execute/3,"dashisi,head,12.8,-184.8,2,0,2,1,1,0","dashisi,neck,4.8,-123.6,22,0,4,1,1,0","dashisi,body,-2.8,-77.6,3.5,0,5,1,1,0","dashisi,arm_up,-39.2,-79.6,-17,0,5,1,1,0","dashisi,arm_low,-36.8,-38,37,0,4,1,1,0","dashisi,fist,-16.8,-28,103,0,3,1,1,0","dashisi,arm_up,52.4,-106,83,1,13,1,1,0","dashisi,arm_low,93.6,-109.6,102,1,13,1,1,0","dashisi,fist_back,127.2,-114.4,85,0,12,1,1,0","dashisi,leg_up,-17.2,7.6,-3.7,0,7,1,1,0","dashisi,leg_low,-36,73.6,-13,0,10,1,1,0","dashisi,foot,-31.2,112,-17.6,0,9,1,1,0","dashisi,leg_up,23.2,8.8,26.7,0,16,1,1,0","dashisi,leg_low,39.2,71.2,12.5,0,18,1,1,0","dashisi,foot,52,110.8,-12,0,15,1,1,0","dashisi,base,147.6,-256.8,172,0,15,1,1,0",,"dashisi,feather,-44.8,-256.4,-29,0,5,1,1,0","dashisi,wing1,-52,-213,6,0,9,1,1,55",,,,"dashisi,boombox,-12.4,11.2,-4,0,3,1,1,0",,,,,,,,,,,,,,,,,,,,,,,,,,,,,,,,,,,,,,,,,,,,,,,,,,,,,,,,,,,,,,,,,,,,,,,,,,,,,,,,,,,,,,,,,,,,,,,,
EXCLUDE_Execute/4,"dashisi,head,20.8,-178.8,-9,0,2,1,1,0","dashisi,neck,4.8,-123.6,9,0,4,1,1,0","dashisi,body,-2.8,-77.6,3.5,0,5,1,1,0","dashisi,arm_up,-3.2,-95.6,70,0,5,1,1,0","dashisi,arm_low,59.2,-80,82,0,4,1,1,0","dashisi,fist,97.2,-71.2,71,0,3,1,1,0","dashisi,arm_up,52.4,-106,83,1,13,1,1,0","dashisi,arm_low,79.6,-107.6,89,1,13,1,1,0","dashisi,fist_back,111.2,-112.4,71,0,12,1,1,0","dashisi,leg_up,-17.2,7.6,-3.7,0,7,1,1,0","dashisi,leg_low,-36,73.6,-13,0,10,1,1,0","dashisi,foot,-31.2,112,-17.6,0,9,1,1,0","dashisi,leg_up,23.2,8.8,26.7,0,16,1,1,0","dashisi,leg_low,33.2,71.2,5.5,0,18,1,1,0","dashisi,foot,44,110.8,-16,0,15,1,1,0","dashisi,base,139.6,-246.8,167,0,15,1,1,0",,"dashisi,feather,-24.8,-268.4,-40,0,5,1,1,0","dashisi,wing1,-52,-213,6,0,9,1,1,56",,,,"dashisi,boombox,-12.4,11.2,-11,0,3,1,1,0",,,,,,,,,,,,,,,,,,,,,,,,,,,,,,,,,,,,,,,,,,,,,,,,,,,,,,,,,,,,,,,,,,,,,,,,,,,,,,,,,,,,,,,,,,,,,,play_time_mod_1.5,,
EXCLUDE_Execute/5,"dashisi,head,38.8,-174.8,-14,0,2,1,1,0","dashisi,neck,14.8,-123.6,4,0,4,1,1,0","dashisi,body,3.2,-67.6,-6.5,0,5,1,1,0","dashisi,arm_up,0.8,-91.6,27,0,5,1,1,0","dashisi,arm_low,29.2,-44,31,0,4,1,1,0","dashisi,fist,45.2,-10,2,0,3,1,1,0","dashisi,arm_up,46.4,-78,32,1,13,1,1,0","dashisi,arm_low,71.6,-35.6,29,1,13,1,1,0","dashisi,fist_back,82.4,-14,22,0,12,1,1,0","dashisi,leg_up,-21.2,7.6,-16.7,0,7,1,1,0","dashisi,leg_low,-54,71.6,-24,0,10,1,1,0","dashisi,foot,-57.2,106,-30.6,0,9,1,1,0","dashisi,leg_up,19.2,8.8,20.7,0,16,1,1,0","dashisi,leg_low,23.2,71.2,-13.5,0,18,1,1,0","dashisi,foot,22,110.8,-23,0,15,1,1,0","dashisi,swing,215.2,-67.2,97,0,15,1,1,0",,"dashisi,feather,-6.8,-264.4,-45,0,5,1,1,0","dashisi,wing1,-52,-213,6,0,9,1,1,57",,,,"dashisi,boombox,-20.4,7.2,-22,0,3,1,1,0",,,,,,,,,,,,,,,,,,,,,,,,,,,,,,,,,,,,,,,,,,,,,,,,,,,,,,,,,,,,,,,,,,,,,,,,,,,,,,,,,,,,,,,,,,,,,,play_time_mod_0.2,,"swing_flat_large,1000,10"
EXCLUDE_Execute/6,"dashisi,head,60.8,-160.8,-14,0,2,1,1,0","dashisi,neck,36.8,-109.6,4,0,4,1,1,0","dashisi,body,11.2,-61.6,-21.5,0,5,1,1,0","dashisi,arm_up,16.8,-77.6,11,0,5,1,1,0","dashisi,arm_low,37.2,-30,31,0,4,1,1,0","dashisi,fist,53.2,4,2,0,3,1,1,0","dashisi,arm_up,66.4,-60,19,1,13,1,1,0","dashisi,arm_low,81.6,-21.6,16,1,13,1,1,0","dashisi,fist_back,92.4,0,9,0,12,1,1,0","dashisi,leg_up,-31.2,-0.4,-30.7,0,7,1,1,0","dashisi,leg_low,-68,59.6,-37,0,10,1,1,0","dashisi,foot,-71.2,96,-30.6,0,9,1,1,0","dashisi,leg_up,19.2,8.8,20.7,0,16,1,1,0","dashisi,leg_low,19.2,71.2,-23.5,0,18,1,1,0","dashisi,foot,14,108.8,-43,0,15,1,1,0","dashisi,swing,223.2,-3.2,79,0,15,1,1,0",,"dashisi,feather,15.2,-250.4,-45,0,5,1,1,0","dashisi,wing1,-52,-213,6,0,9,1,1,58",,,,"dashisi,boombox,-24.4,11.2,-37,0,3,1,1,0",,,,,,,,,,,,,,,,,,,,,,,,,,,,,,,,,,,,,,,,,,,,,,,,,,,,,,,,,,,,,,,,,,,,,,,,,,,,,,,,,,,,,,,,,,,,,,play_time_mod_0.1,,
EXCLUDE_Execute/7,"dashisi,head,84.8,-138.8,-26,0,2,1,1,0","dashisi,neck,54.8,-85.6,-17,0,4,1,1,0","dashisi,body,21.2,-53.6,-42.5,0,5,1,1,0","dashisi,arm_up,26.8,-67.6,-6,0,5,1,1,0","dashisi,arm_low,23.2,-20,-7,0,4,1,1,0","dashisi,fist,25.2,14,-16,0,3,1,1,0","dashisi,arm_up,70.4,-28,0,1,13,1,1,0","dashisi,arm_low,67.6,8.4,-9,1,13,1,1,0","dashisi,fist_back,64.4,30,-29,0,12,1,1,0","dashisi,leg_up,-31.2,-0.4,-30.7,0,7,1,1,0","dashisi,leg_low,-76,47.6,-50,0,10,1,1,0","dashisi,foot,-87.2,82,-51.6,0,9,1,1,0","dashisi,leg_up,19.2,8.8,20.7,0,16,1,1,0","dashisi,leg_low,13.2,71.2,-31.5,0,18,1,1,0","dashisi,foot,2,106.8,-50,0,15,1,1,0","dashisi,swing,187.2,88.8,53,0,15,1,1,0",,"dashisi,feather,79.2,-224.4,-67,0,5,1,1,0","dashisi,wing1,-52,-213,6,0,9,1,1,59",,,,"dashisi,boombox,-34.4,-2.8,-71,0,3,1,1,0",,,,,,,,,,,,,,,,,,,,,,,,,,,,,,,,,,,,,,,,,,,,,,,,,,,,,,,,,,,,,,,,,,,,,,,,,,,,,,,,,,,,,,,,,,,,,,play_time_mod_0.1,,
EXCLUDE_Execute/8,"dashisi,head,128.8,-80.8,-64,0,2,1,1,0","dashisi,neck,72.8,-69.6,-60,0,4,1,1,0","dashisi,body,15.2,-51.6,-74.5,0,5,1,1,0","dashisi,arm_up,44.8,-49.6,-6,0,5,1,1,0","dashisi,arm_low,37.2,-2,-7,0,4,1,1,0","dashisi,fist,39.2,32,-16,0,3,1,1,0","dashisi,arm_up,62.4,-18,0,1,13,1,1,0","dashisi,arm_low,59.6,18.4,-9,1,13,1,1,0","dashisi,fist_back,54.4,36,-51,0,12,1,1,0","dashisi,leg_up,-45.2,-46.4,-85,0,7,1,1,0","dashisi,leg_low,-104.4,-57.6,-118,0,10,1,1,0","dashisi,foot,-142.8,-69.6,-137,0,9,1,1,0","dashisi,leg_up,-42.8,-1.2,-17.3,0,16,1,1,0","dashisi,leg_low,-85.2,45.4,-60,0,18,1,1,0","dashisi,foot,-115.2,64,-107,0,15,1,1,0","dashisi,swing,93.2,174.8,2,0,15,1,1,0",,"dashisi,feather,184.8,-136,-109,0,5,1,1,0","dashisi,wing1,-52,-213,6,0,9,1,1,60",,,,"dashisi,boombox,-58.4,-62.8,-122,0,3,1,1,0",,,,,,,,,,,,,,,,,,,,,,,,,,,,,,,,,,,,,,,,,,,,,,,,,,,,,,,,,,,,,,,,,,,,,,,,,,,,,,,,,,,,,,,,,,,,,,,,
EXCLUDE_Execute/9,"dashisi,head,126.8,-76.8,-71,0,2,1,1,0","dashisi,neck,72.8,-69.6,-60,0,4,1,1,0","dashisi,body,15.2,-51.6,-83.5,0,5,1,1,0","dashisi,arm_up,44.8,-49.6,-6,0,5,1,1,0","dashisi,arm_low,37.2,-2,-7,0,4,1,1,0","dashisi,fist,39.2,32,-16,0,3,1,1,0","dashisi,arm_up,62.4,-18,0,1,13,1,1,0","dashisi,arm_low,59.6,18.4,-9,1,13,1,1,0","dashisi,fist_back,54.4,36,-51,0,12,1,1,0","dashisi,leg_up,-57.2,-58.4,-94,0,7,1,1,0","dashisi,leg_low,-104.4,-57.6,-118,0,10,1,1,0","dashisi,foot,-142.8,-73.6,-149,0,9,1,1,0","dashisi,leg_up,-48.8,-7.2,-21.3,0,16,1,1,0","dashisi,leg_low,-93.2,31.4,-74,0,18,1,1,0","dashisi,foot,-127.2,46,-104,0,15,1,1,0","dashisi,base,45.2,176.8,0,0,15,1,1,0",,"dashisi,feather,186.8,-108,-119,0,5,1,1,0","dashisi,wing1,-52,-213,6,0,9,1,1,61",,,,"dashisi,boombox,-54.4,-78.8,-134,0,3,1,1,0",,,,,,,,,,,,,,,,,,,,,,,,,,,,,,,,,,,,,,,,,,,,,,,,,,,,,,,,,,,,,,,,,,,,,,,,,,,,,,,,,,,,,,,,,,,,,,play_time_mod_1.5,,
EXCLUDE_Execute/10,"dashisi,head,120.8,-88.8,-55,0,2,1,1,0","dashisi,neck,64.8,-75.6,-43,0,4,1,1,0","dashisi,body,11.2,-57.6,-67.5,0,5,1,1,0","dashisi,arm_up,24.8,-65.6,-19,0,5,1,1,0","dashisi,arm_low,11.2,-12,-1,0,4,1,1,0","dashisi,fist,9.2,28,-16,0,3,1,1,0","dashisi,arm_up,68.4,-18,8,1,13,1,1,0","dashisi,arm_low,71.6,18.4,-1,1,13,1,1,0","dashisi,fist_back,70.4,46,-41,0,12,1,1,0","dashisi,leg_up,-57.2,-46.4,-85,0,7,1,1,0","dashisi,leg_low,-98.4,-39.6,-102,0,10,1,1,0","dashisi,foot,-132.8,-43.6,-131,0,9,1,1,0","dashisi,leg_up,-40.8,6.8,-16.3,0,16,1,1,0","dashisi,leg_low,-81.2,53.4,-60,0,18,1,1,0","dashisi,foot,-119.2,78,-84,0,15,1,1,0","dashisi,base,103.2,176.8,13,0,15,1,1,0",,"dashisi,feather,156.8,-144,-107,0,5,1,1,0","dashisi,wing1,-52,-213,6,0,9,1,1,62",,,,"dashisi,boombox,-54.4,-66.8,-121,0,3,1,1,0",,,,,,,,,,,,,,,,,,,,,,,,,,,,,,,,,,,,,,,,,,,,,,,,,,,,,,,,,,,,,,,,,,,,,,,,,,,,,,,,,,,,,,,,,,,,,,,,
EXCLUDE_Execute/11,"dashisi,head,80.8,-146.8,-30,0,2,1,1,0","dashisi,neck,38.8,-105.6,-19,0,4,1,1,0","dashisi,body,3.2,-77.6,-44.5,0,5,1,1,0","dashisi,arm_up,-9.2,-95.6,-32,0,5,1,1,0","dashisi,arm_low,-24.8,-42,-6,0,4,1,1,0","dashisi,fist,-26.8,-2,-9,0,3,1,1,0","dashisi,arm_up,54.4,-60,25,1,13,1,1,0","dashisi,arm_low,77.6,-1.6,24,1,13,1,1,0","dashisi,fist_back,84.4,30,-29,0,12,1,1,0","dashisi,leg_up,-53.2,-38.4,-49,0,7,1,1,0","dashisi,leg_low,-118.4,-9.6,-72,0,10,1,1,0","dashisi,foot,-150.8,6.4,-90,0,9,1,1,0","dashisi,leg_up,-22.8,6.8,-5.3,0,16,1,1,0","dashisi,leg_low,-49.2,59.4,-37,0,18,1,1,0","dashisi,foot,-66.8,92.8,-51,0,15,1,1,0","dashisi,base,125.2,164.8,17,0,15,1,1,0",,"dashisi,feather,74.8,-226,-57,0,5,1,1,0","dashisi,wing1,-52,-213,6,0,9,1,1,63",,,,"dashisi,boombox,-60.4,-50.8,-70,0,3,1,1,0",,,,,,,,,,,,,,,,,,,,,,,,,,,,,,,,,,,,,,,,,,,,,,,,,,,,,,,,,,,,,,,,,,,,,,,,,,,,,,,,,,,,,,,,,,,,,,,,
EXCLUDE_Execute/12,"dashisi,head,46.8,-172.8,-18,0,2,1,1,0","dashisi,neck,16.8,-117.6,-3,0,4,1,1,0","dashisi,body,3.2,-77.6,-12.5,0,5,1,1,0","dashisi,arm_up,-31.2,-97.6,-45,0,5,1,1,0","dashisi,arm_low,-62.8,-64,-35,0,4,1,1,0","dashisi,fist,-74.8,-36,-17,0,3,1,1,0","dashisi,arm_up,48.4,-78,25,1,13,1,1,0","dashisi,arm_low,71.6,-19.6,24,1,13,1,1,0","dashisi,fist_back,78.4,12,-29,0,12,1,1,0","dashisi,leg_up,-39.2,-12.4,-31,0,7,1,1,0","dashisi,leg_low,-82.4,32.4,-46,0,10,1,1,0","dashisi,foot,-104,63.6,-52,0,9,1,1,0","dashisi,leg_up,11.2,2.8,27.7,0,16,1,1,0","dashisi,leg_low,10.8,59.4,-26,0,18,1,1,0","dashisi,foot,1.2,100.8,-39,0,15,1,1,0","dashisi,base,139.2,134.8,26,0,15,1,1,0",,"dashisi,feather,34.8,-252,-45,0,5,1,1,0","dashisi,wing1,-52,-213,6,0,9,1,1,64",,,,"dashisi,boombox,-56.4,-10.8,-54,0,3,1,1,0",,,,,,,,,,,,,,,,,,,,,,,,,,,,,,,,,,,,,,,,,,,,,,,,,,,,,,,,,,,,,,,,,,,,,,,,,,,,,,,,,,,,,,,,,,,,,,,,
EXCLUDE_Execute/13,"dashisi,head,46.8,-172.8,-14,0,2,1,1,0","dashisi,neck,24.8,-121.6,15,0,4,1,1,0","dashisi,body,9.2,-77.6,-11.5,0,5,1,1,0","dashisi,arm_up,-35.2,-93.6,-41,0,5,1,1,0","dashisi,arm_low,-58.8,-42,-4,0,4,1,1,0","dashisi,fist,-58,-7.2,-4,0,3,1,1,0","dashisi,arm_up,60.4,-72,26,1,13,1,1,0","dashisi,arm_low,48.4,-33.2,-59,1,19,1,1,0","dashisi,fist_back,12.4,-24,-107,0,18,1,1,0","dashisi,leg_up,-17.2,7.6,-3.7,0,7,1,1,0","dashisi,leg_low,-36,73.6,-23,0,10,1,1,0","dashisi,foot,-43.2,110,-17.6,0,9,1,1,0","dashisi,leg_up,19.2,8.8,22.7,0,16,1,1,0","dashisi,leg_low,33.2,71.2,7.5,0,18,1,1,0","dashisi,foot,44,114.8,-14,0,15,1,1,0",,,"dashisi,feather,15.2,-256.4,-36,0,5,1,1,0","dashisi,wing1,-52,-213,6,0,9,1,1,65",,,,"dashisi,boombox,-12.4,11.2,-4,0,3,1,1,0",,,,,,,,,,,,,,,,,,,,,,,,,,,,,,,,,,,,,,,,,,,,,,,,,,,,,,,,,,,,,,,,,,,,,,,,,,,,,,,,,,,,,,,,,,,,,,,,
EXCLUDE_Halt/0,"dashisi,head,45.8,-143.8,-4,0,2,1,1,0","dashisi,neck,31.8,-86.6,12,0,4,1,1,0","dashisi,body,14.2,-38.6,-16.5,0,5,1,1,0","dashisi,arm_up,-36.2,-56.6,-56,0,5,1,1,0","dashisi,arm_low,-89.8,-21,-47,0,4,1,1,0","dashisi,fist,-117,5.8,-54,0,3,1,1,0","dashisi,arm_up,35.4,-41,-21,1,18,1,1,0","dashisi,arm_low,13.4,15.8,-28,1,17,1,1,0","dashisi,fist_back,5,37.4,-40,0,16,1,1,0","dashisi,leg_up,-30.2,42.6,-19.7,0,7,1,1,0","dashisi,leg_low,-63,112.6,-29,0,10,1,1,0","dashisi,foot,-70.2,151,-48.6,0,9,1,1,0","dashisi,leg_up,8.2,47.8,4.7,0,16,1,1,0","dashisi,leg_low,4.2,112.2,-1.5,0,18,1,1,0","dashisi,foot,5,153.8,-43,0,15,1,1,0",,,"dashisi,feather,20.2,-211.4,-30,0,5,1,1,0","dashisi,wing1,-52,-213,6,0,9,1,1,66",,,,"dashisi,boombox,-13.4,40.2,-11,0,3,1,1,0",,,,,,,,,,,,,,,,,,,,,,,,,,,,,,,,,,,,,,,,,,,,,,,,,,,,,,,,,,,,,,,,,,,,,,,,,,,,,,,,,,,,,,,,,,,,,,,,
EXCLUDE_Halt/1,"dashisi,head,29,-141.4,-3,0,2,1,1,0","dashisi,neck,13,-84.2,16,0,4,1,1,0","dashisi,body,7.4,-36.2,0.5,0,5,1,1,0","dashisi,arm_up,-49,-48.2,-50,0,5,1,1,0","dashisi,arm_low,-82.6,-8.6,-21,0,4,1,1,0","dashisi,fist,-95.8,20.2,-42,0,3,1,1,0","dashisi,arm_up,24.6,-38.6,-23,1,18,1,1,0","dashisi,arm_low,2.6,18.2,-30,1,17,1,1,0","dashisi,fist_back,-5.8,39.8,-42,0,16,1,1,0","dashisi,leg_up,-19,49,-12.7,0,7,1,1,0","dashisi,leg_low,-35.8,111,-17,0,10,1,1,0","dashisi,foot,-41,149.4,-50.6,0,9,1,1,0","dashisi,leg_up,19.4,44.2,8.7,0,16,1,1,0","dashisi,leg_low,13.4,114.6,0.5,0,18,1,1,0","dashisi,foot,18.2,156.2,-41,0,15,1,1,0",,,"dashisi,feather,5.4,-209,-29,0,5,1,1,0","dashisi,wing1,-52,-213,6,0,9,1,1,67",,,,"dashisi,boombox,7.8,38.6,22,0,3,1,1,0",,,,,,,,,,,,,,,,,,,,,,,,,,,,,,,,,,,,,,,,,,,,,,,,,,,,,,,,,,,,,,,,,,,,,,,,,,,,,,,,,,,,,,,,,,,,,,,,
EXCLUDE_Halt/2,"dashisi,head,21,-133.4,-8,0,2,1,1,0","dashisi,neck,1,-84.2,25,0,4,1,1,0","dashisi,body,1.4,-36.2,7.5,0,5,1,1,0","dashisi,arm_up,-55,-44.2,-39,0,5,1,1,0","dashisi,arm_low,-74.6,-0.6,-4,0,4,1,1,0","dashisi,fist,-77.8,34.2,-21,0,3,1,1,0","dashisi,arm_up,16.6,-42.6,-23,1,18,1,1,0","dashisi,arm_low,-5.4,14.2,-30,1,17,1,1,0","dashisi,fist_back,-13.8,35.8,-42,0,16,1,1,0","dashisi,leg_up,-11,49,1.3,0,7,1,1,0","dashisi,leg_low,-17.8,111,-10,0,10,1,1,0","dashisi,foot,-21,149.4,-41.6,0,9,1,1,0","dashisi,leg_up,35.4,44.2,26.7,0,16,1,1,0","dashisi,leg_low,47.4,114.6,9.5,0,18,1,1,0","dashisi,foot,52.2,156.2,-34,0,15,1,1,0",,,"dashisi,feather,-2.6,-201,-34,0,5,1,1,0","dashisi,wing1,-52,-213,6,0,9,1,1,68",,,,"dashisi,boombox,7.8,38.6,35,0,3,1,1,0",,,,,,,,,,,,,,,,,,,,,,,,,,,,,,,,,,,,,,,,,,,,,,,,,,,,,,,,,,,,,,,,,,,,,,,,,,,,,,,,,,,,,,,,,,,,,,,,
EXCLUDE_Halt/3,"dashisi,head,29,-141.4,-3,0,2,1,1,0","dashisi,neck,13,-84.2,16,0,4,1,1,0","dashisi,body,7.4,-36.2,0.5,0,5,1,1,0","dashisi,arm_up,-49,-48.2,-50,0,5,1,1,0","dashisi,arm_low,-82.6,-8.6,-21,0,4,1,1,0","dashisi,fist,-95.8,20.2,-42,0,3,1,1,0","dashisi,arm_up,24.6,-38.6,-23,1,18,1,1,0","dashisi,arm_low,2.6,18.2,-30,1,17,1,1,0","dashisi,fist_back,-5.8,39.8,-42,0,16,1,1,0","dashisi,leg_up,-19,49,-12.7,0,7,1,1,0","dashisi,leg_low,-35.8,111,-17,0,10,1,1,0","dashisi,foot,-41,149.4,-50.6,0,9,1,1,0","dashisi,leg_up,19.4,44.2,8.7,0,16,1,1,0","dashisi,leg_low,13.4,114.6,0.5,0,18,1,1,0","dashisi,foot,18.2,156.2,-41,0,15,1,1,0",,,"dashisi,feather,5.4,-209,-29,0,5,1,1,0","dashisi,wing1,-52,-213,6,0,9,1,1,69",,,,"dashisi,boombox,7.8,38.6,22,0,3,1,1,0",,,,,,,,,,,,,,,,,,,,,,,,,,,,,,,,,,,,,,,,,,,,,,,,,,,,,,,,,,,,,,,,,,,,,,,,,,,,,,,,,,,,,,,,,,,,,,,,
Idle/0,"dashisi,head,1,-429,-1,0,2,1,1,0","dashisi,neck,-2,-389,14,0,4,1,1,0","dashisi,body,-2,-342,-1.5,0,5,1,1,0","dashisi,arm_up,-41,-349,-14,0,5,1,1,0","dashisi,arm_low,-39,-313,38,0,2,1,1,0","dashisi,fist,-20,-276,-4,0,4,1,1,0","dashisi,arm_up,36,-350,16,1,13,1,1,0","dashisi,arm_low,36,-311,-26,0,3,1,1,0","dashisi,fist_back,7,-274,-56,0,4,1,1,0","dashisi,leg_up,-23,-246,-6.7,0,7,1,1,0","dashisi,leg_low,-41,-199,-20,0,10,1,1,0","dashisi,foot,-44,-162,-22.6,0,9,1,1,0","dashisi,leg_up,28,-245,32.7,0,16,1,1,0","dashisi,leg_low,36,-194,3.5,0,18,1,1,0","dashisi,foot,47,-163,-10,0,15,0.9,0.9,0","dashisi,base,95,-209,58,0,5,1,1,0",,"dashisi,feather,-46,-461,-4,0,5,1,1,0","dashisi,wing1,-27,-373,-34,0,9,1,1,70","dashisi,skirt,-5,-273,3,0,6,1.3,0.6,0",,,,,,,,,,,,,,,,,,,,,,,,,,,,,,,,,,,,,,,,,,,,,,,,,,,,,,,,,,,,,,,,,,,,,,,,,,,,,,,,,,,,,,,,,,,,,,,,,,play_time_mod_1.25,
Idle/1,"dashisi,head,2,-422,-5,0,2,1,1,0","dashisi,neck,-1,-382,13,0,4,1,1,0","dashisi,body,-2,-336,-2.5,0,5,1,1,0","dashisi,arm_up,-40,-344,-16,0,5,1,1,0","dashisi,arm_low,-38,-308,36,0,2,1,1,0","dashisi,fist,-21,-271,-6,0,4,1,1,0","dashisi,arm_up,35,-342,16,1,13,1,1,0","dashisi,arm_low,35,-303,-26,0,3,1,1,0","dashisi,fist_back,6,-266,-56,0,4,1,1,0","dashisi,leg_up,-23,-239,-6.7,0,7,1,1,0","dashisi,leg_low,-41,-193,-22,0,10,1,1,0","dashisi,foot,-45,-156,-27.6,0,9,1,1,0","dashisi,leg_up,28,-239,32.7,0,16,1,1,0","dashisi,leg_low,35,-188,-0.5,0,18,1,1,0","dashisi,foot,41,-157,-16,0,15,0.9,0.9,0","dashisi,base,92,-200,56,0,5,1,1,0",,"dashisi,feather,-44,-454,-10,0,5,1,1,0","dashisi,wing2,-24,-364,-24,0,9,1,1,70","dashisi,skirt,-5,-267,3,0,6,1.3,0.6,0",,,,,,,,,,,,,,,,,,,,,,,,,,,,,,,,,,,,,,,,,,,,,,,,,,,,,,,,,,,,,,,,,,,,,,,,,,,,,,,,,,,,,,,,,,,,,,,,,,play_time_mod_1.25,
Idle/2,"dashisi,head,5,-417,-8,0,2,1,1,0","dashisi,neck,0,-376,13,0,4,1,1,0","dashisi,body,-1,-330,-2.5,0,5,1,1,0","dashisi,arm_up,-40,-336,-16,0,5,1,1,0","dashisi,arm_low,-38,-300,36,0,2,1,1,0","dashisi,fist,-21,-263,-6,0,4,1,1,0","dashisi,arm_up,36,-336,13,1,13,1,1,0","dashisi,arm_low,34,-296,-32,0,3,1,1,0","dashisi,fist_back,6,-258,-57,0,4,1,1,0","dashisi,leg_up,-24,-234,-7.7,0,7,1,1,0","dashisi,leg_low,-44,-187,-26,0,10,1,1,0","dashisi,foot,-49,-150,-30.6,0,9,1,1,0","dashisi,leg_up,30,-231,35.7,0,16,1,1,0","dashisi,leg_low,36,-182,-4.5,0,18,1,1,0","dashisi,foot,42,-151,-15,0,15,0.9,0.9,0","dashisi,base,92,-192,56,0,5,1,1,0",,"dashisi,feather,-44,-452,-13,0,5,1,1,0","dashisi,wing3,-37,-360,0,0,16,1.5,1,70","dashisi,skirt,-5,-261,3,0,6,1.3,0.6,0",,,,,,,,,,,,,,,,,,,,,,,,,,,,,,,,,,,,,,,,,,,,,,,,,,,,,,,,,,,,,,,,,,,,,,,,,,,,,,,,,,,,,,,,,,,,,,,,,,play_time_mod_1.25,
Idle/3,"dashisi,head,11,-409,-11,0,2,1,1,0","dashisi,neck,5,-369,11,0,4,1,1,0","dashisi,body,0,-324,-4.5,0,5,1,1,0","dashisi,arm_up,-40,-331,-17,0,5,1,1,0","dashisi,arm_low,-39,-295,35,0,2,1,1,0","dashisi,fist,-23,-258,-7,0,4,1,1,0","dashisi,arm_up,36,-328,11,1,13,1,1,0","dashisi,arm_low,33,-286,-33,0,3,1,1,0","dashisi,fist_back,0,-250,-60,0,4,1,1,0","dashisi,leg_up,-26,-229,-8.7,0,7,1,1,0","dashisi,leg_low,-47,-182,-27,0,10,1,1,0","dashisi,foot,-53,-145,-31.6,0,9,1,1,0","dashisi,leg_up,28,-224,34.7,0,16,1,1,0","dashisi,leg_low,33,-176,-5.5,0,18,1,1,0","dashisi,foot,38,-145,-16,0,15,0.9,0.9,0","dashisi,base,81,-178,52,0,5,1,1,0",,"dashisi,feather,-38,-442,-20,0,5,1,1,0","dashisi,wing4,-55,-305,74,0,15,1,1,70","dashisi,skirt,-7,-255,2,0,6,1.3,0.6,0",,,,,,,,,,,,,,,,,,,,,,,,,,,,,,,,,,,,,,,,,,,,,,,,,,,,,,,,,,,,,,,,,,,,,,,,,,,,,,,,,,,,,,,,,,,,,,,,,,play_time_mod_1.25,
Idle/4,"dashisi,head,18,-401,-12,0,2,1,1,0","dashisi,neck,7,-361,6,0,4,1,1,0","dashisi,body,3,-315,-9.5,0,5,1,1,0","dashisi,arm_up,-36,-330,-28,0,5,1,1,0","dashisi,arm_low,-40,-293,34,0,2,1,1,0","dashisi,fist,-25,-255,-12,0,4,1,1,0","dashisi,arm_up,37,-320,4,1,13,1,1,0","dashisi,arm_low,30,-281,-41,0,3,1,1,0","dashisi,fist_back,-2,-248,-61,0,4,1,1,0","dashisi,leg_up,-28,-223,-10.7,0,7,1,1,0","dashisi,leg_low,-52,-176,-26,0,10,1,1,0","dashisi,foot,-59,-137,-27.6,0,9,1,1,0","dashisi,leg_up,26,-216,32.7,0,16,1,1,0","dashisi,leg_low,33,-167,0.5,0,18,1,1,0","dashisi,foot,39,-136,-14,0,15,0.9,0.9,0","dashisi,base,75,-172,48,0,5,1,1,0",,"dashisi,feather,-25,-432,-12,0,5,1,1,0","dashisi,wing5,-33,-271,76,0,15,1,1,70","dashisi,skirt,-9,-248,-1,0,6,1.3,0.6,0",,,,,,,,,,,,,,,,,,,,,,,,,,,,,,,,,,,,,,,,,,,,,,,,,,,,,,,,,,,,,,,,,,,,,,,,,,,,,,,,,,,,,,,,,,,,,,,,,,play_time_mod_1.25,
Idle/5,"dashisi,head,11,-409,-11,0,2,1,1,0","dashisi,neck,5,-369,11,0,4,1,1,0","dashisi,body,0,-324,-4.5,0,5,1,1,0","dashisi,arm_up,-40,-331,-17,0,5,1,1,0","dashisi,arm_low,-39,-295,35,0,2,1,1,0","dashisi,fist,-23,-258,-7,0,4,1,1,0","dashisi,arm_up,36,-328,11,1,13,1,1,0","dashisi,arm_low,33,-286,-33,0,3,1,1,0","dashisi,fist_back,0,-250,-60,0,4,1,1,0","dashisi,leg_up,-26,-229,-8.7,0,7,1,1,0","dashisi,leg_low,-47,-182,-27,0,10,1,1,0","dashisi,foot,-53,-145,-31.6,0,9,1,1,0","dashisi,leg_up,28,-224,34.7,0,16,1,1,0","dashisi,leg_low,33,-176,-5.5,0,18,1,1,0","dashisi,foot,38,-145,-16,0,15,0.9,0.9,0","dashisi,base,81,-178,52,0,5,1,1,0",,"dashisi,feather,-38,-442,-20,0,5,1,1,0","dashisi,wing4,-55,-305,74,0,15,1,1,70","dashisi,skirt,-7,-255,2,0,6,1.3,0.6,0",,,,,,,,,,,,,,,,,,,,,,,,,,,,,,,,,,,,,,,,,,,,,,,,,,,,,,,,,,,,,,,,,,,,,,,,,,,,,,,,,,,,,,,,,,,,,,,,,,play_time_mod_1.25,
Idle/6,"dashisi,head,5,-417,-8,0,2,1,1,0","dashisi,neck,0,-376,13,0,4,1,1,0","dashisi,body,-1,-330,-2.5,0,5,1,1,0","dashisi,arm_up,-40,-336,-16,0,5,1,1,0","dashisi,arm_low,-38,-300,36,0,2,1,1,0","dashisi,fist,-21,-263,-6,0,4,1,1,0","dashisi,arm_up,36,-336,13,1,13,1,1,0","dashisi,arm_low,34,-296,-32,0,3,1,1,0","dashisi,fist_back,6,-258,-57,0,4,1,1,0","dashisi,leg_up,-24,-234,-7.7,0,7,1,1,0","dashisi,leg_low,-44,-187,-26,0,10,1,1,0","dashisi,foot,-49,-150,-30.6,0,9,1,1,0","dashisi,leg_up,30,-231,35.7,0,16,1,1,0","dashisi,leg_low,36,-182,-4.5,0,18,1,1,0","dashisi,foot,42,-151,-15,0,15,0.9,0.9,0","dashisi,base,92,-192,56,0,5,1,1,0",,"dashisi,feather,-44,-452,-13,0,5,1,1,0","dashisi,wing3,-37,-360,0,0,16,1.5,1,70","dashisi,skirt,-5,-261,3,0,6,1.3,0.6,0",,,,,,,,,,,,,,,,,,,,,,,,,,,,,,,,,,,,,,,,,,,,,,,,,,,,,,,,,,,,,,,,,,,,,,,,,,,,,,,,,,,,,,,,,,,,,,,,,,play_time_mod_1.25,
Idle/7,"dashisi,head,2,-422,-5,0,2,1,1,0","dashisi,neck,-1,-382,13,0,4,1,1,0","dashisi,body,-2,-336,-2.5,0,5,1,1,0","dashisi,arm_up,-40,-344,-16,0,5,1,1,0","dashisi,arm_low,-38,-308,36,0,2,1,1,0","dashisi,fist,-21,-271,-6,0,4,1,1,0","dashisi,arm_up,35,-342,16,1,13,1,1,0","dashisi,arm_low,35,-303,-26,0,3,1,1,0","dashisi,fist_back,6,-266,-56,0,4,1,1,0","dashisi,leg_up,-23,-239,-6.7,0,7,1,1,0","dashisi,leg_low,-41,-193,-22,0,10,1,1,0","dashisi,foot,-45,-156,-27.6,0,9,1,1,0","dashisi,leg_up,28,-239,32.7,0,16,1,1,0","dashisi,leg_low,35,-188,-0.5,0,18,1,1,0","dashisi,foot,41,-157,-16,0,15,0.9,0.9,0","dashisi,base,92,-200,56,0,5,1,1,0",,"dashisi,feather,-44,-454,-10,0,5,1,1,0","dashisi,wing2,-24,-364,-24,0,9,1,1,70","dashisi,skirt,-5,-267,3,0,6,1.3,0.6,0",,,,,,,,,,,,,,,,,,,,,,,,,,,,,,,,,,,,,,,,,,,,,,,,,,,,,,,,,,,,,,,,,,,,,,,,,,,,,,,,,,,,,,,,,,,,,,,,,,play_time_mod_1.25,
Run/0,"dashisi,head,37,-423,-6,0,2,1,1,0","dashisi,neck,26,-388,2,0,4,1,1,0","dashisi,body,9,-353,-21.5,0,5,1,1,0","dashisi,arm_up,-25,-372,-35,0,5,1,1,0","dashisi,arm_low,-42,-341,-14,0,2,1,1,0","dashisi,fist,-55,-299,-40,0,4,1,1,0","dashisi,arm_up,38,-342,-22,1,13,1,1.1,0","dashisi,arm_low,12,-300,-55,0,3,1,1.1,0","dashisi,fist_back,-31,-273,-77,0,4,1,1,0","dashisi,leg_up,-54,-267,-25.7,0,7,1,1,0","dashisi,leg_low,-87,-242,-60,0,10,1,1,0","dashisi,foot,-117,-218,-77.6,0,9,1,1,0","dashisi,leg_up,9,-246,1.7,0,16,1,1,0","dashisi,leg_low,-13,-199,-38.5,0,18,1,1,0","dashisi,foot,-25,-170,-43,0,15,0.9,0.9,0","dashisi,base,25,-181,34,0,5,1,1,0",,"dashisi,feather,-22,-448,6,0,5,1,1,0","dashisi,wing1,-5,-395,-54,0,9,1,1,70","dashisi,skirt,-16,-289,-16,0,6,1.3,0.6,0",,,,,,,,,,,,,,,,,,,,,,,,,,,,,,,,,,,,,,,,,,,,,,,,,,,,,,,,,,,,,,,,,,,,,,,,,,,,,,,,,,,,,,,,,,,,,,,,,,play_time_mod_0.8,
Run/1,"dashisi,head,39,-418,-7,0,2,1,1,0","dashisi,neck,27,-383,1,0,4,1,1,0","dashisi,body,9,-348,-22.5,0,5,1,1,0","dashisi,arm_up,-24,-368,-36,0,5,1,1,0","dashisi,arm_low,-42,-337,-15,0,2,1,1,0","dashisi,fist,-57,-295,-41,0,4,1,1,0","dashisi,arm_up,38,-337,-23,1,13,1,1.1,0","dashisi,arm_low,12,-295,-56,0,3,1,1.1,0","dashisi,fist_back,-32,-269,-78,0,4,1,1,0","dashisi,leg_up,-56,-266,-29.7,0,7,1,1,0","dashisi,leg_low,-93,-241,-64,0,10,1,1,0","dashisi,foot,-123,-218,-77.6,0,9,1,1,0","dashisi,leg_up,5,-240,-6.3,0,16,1,1,0","dashisi,leg_low,-21,-194,-39.5,0,18,1,1,0","dashisi,foot,-33,-166,-46,0,15,0.9,0.9,0","dashisi,base,23,-178,34,0,5,1,1,0",,"dashisi,feather,-19,-445,11,0,5,1,1,0","dashisi,wing2,-2,-382,-44,0,9,1,1,70","dashisi,skirt,-17,-285,-17,0,6,1.3,0.6,0",,,,,,,,,,,,,,,,,,,,,,,,,,,,,,,,,,,,,,,,,,,,,,,,,,,,,,,,,,,,,,,,,,,,,,,,,,,,,,,,,,,,,,,,,,,,,,,,,,play_time_mod_0.8,
Run/2,"dashisi,head,39,-412,-9,0,2,1,1,0","dashisi,neck,27,-375,-6,0,4,1,1,0","dashisi,body,8,-342,-25.5,0,5,1,1,0","dashisi,arm_up,-22,-365,-33,0,5,1,1,0","dashisi,arm_low,-43,-334,-18,0,2,1,1,0","dashisi,fist,-59,-292,-44,0,4,1,1,0","dashisi,arm_up,37,-330,-24,1,13,1,1.1,0","dashisi,arm_low,11,-293,-54,0,3,1,1.1,0","dashisi,fist_back,-31,-267,-68,0,4,1,1,0","dashisi,leg_up,-59,-265,-34.7,0,7,1,1,0","dashisi,leg_low,-95,-243,-69,0,10,1,1,0","dashisi,foot,-130,-224,-87.6,0,9,1,1,0","dashisi,leg_up,-1,-234,-5.3,0,16,1,1,0","dashisi,leg_low,-25,-191,-43.5,0,18,1,1,0","dashisi,foot,-43,-162,-57,0,15,0.9,0.9,0","dashisi,base,28,-180,36,0,5,1,1,0",,"dashisi,feather,-19,-437,17,0,5,1,1,0","dashisi,wing3,-6,-388,-25,0,16,1.5,1,70","dashisi,skirt,-23,-283,-20,0,6,1.3,0.6,0",,,,,,,,,,,,,,,,,,,,,,,,,,,,,,,,,,,,,,,,,,,,,,,,,,,,,,,,,,,,,,,,,,,,,,,,,,,,,,,,,,,,,,,,,,,,,,,,,,play_time_mod_0.8,
Run/3,"dashisi,head,41,-408,-10,0,2,1,1,0","dashisi,neck,28,-371,-7,0,4,1,1,0","dashisi,body,8,-338,-26.5,0,5,1,1,0","dashisi,arm_up,-23,-361,-39,0,5,1,1,0","dashisi,arm_low,-44,-330,-18,0,2,1,1,0","dashisi,fist,-60,-288,-40,0,4,1,1,0","dashisi,arm_up,37,-326,-25,1,13,1,1.1,0","dashisi,arm_low,11,-290,-57,0,3,1,1.1,0","dashisi,fist_back,-32,-264,-67,0,4,1,1,0","dashisi,leg_up,-60,-262,-35.7,0,7,1,1,0","dashisi,leg_low,-96,-241,-70,0,10,1,1,0","dashisi,foot,-132,-222,-88.6,0,9,1,1,0","dashisi,leg_up,-2,-230,-6.3,0,16,1,1,0","dashisi,leg_low,-27,-188,-44.5,0,18,1,1,0","dashisi,foot,-46,-159,-58,0,15,0.9,0.9,0","dashisi,base,31,-180,38,0,5,1,1,0",,"dashisi,feather,-19,-430,20,0,5,1,1,0","dashisi,wing4,-45,-354,46,0,15,1,1,70","dashisi,skirt,-24,-280,-21,0,6,1.3,0.6,0",,,,,,,,,,,,,,,,,,,,,,,,,,,,,,,,,,,,,,,,,,,,,,,,,,,,,,,,,,,,,,,,,,,,,,,,,,,,,,,,,,,,,,,,,,,,,,,,,,play_time_mod_0.8,
Run/4,"dashisi,head,43,-404,-13,0,2,1,1,0","dashisi,neck,29,-369,-8,0,4,1,1,0","dashisi,body,8,-336,-27.5,0,5,1,1,0","dashisi,arm_up,-22,-359,-38,0,5,1,1,0","dashisi,arm_low,-42,-328,-17,0,2,1,1,0","dashisi,fist,-55,-286,-32,0,4,1,1,0","dashisi,arm_up,38,-324,-23,1,13,1,1.1,0","dashisi,arm_low,14,-287,-54,0,3,1,1.1,0","dashisi,fist_back,-30,-260,-64,0,4,1,1,0","dashisi,leg_up,-61,-261,-36.7,0,7,1,1,0","dashisi,leg_low,-97,-241,-71,0,10,1,1,0","dashisi,foot,-134,-223,-89.6,0,9,1,1,0","dashisi,leg_up,-3,-228,-7.3,0,16,1,1,0","dashisi,leg_low,-29,-187,-45.5,0,18,1,1,0","dashisi,foot,-49,-158,-59,0,15,0.9,0.9,0","dashisi,base,36,-178,40,0,5,1,1,0",,"dashisi,feather,-16,-421,26,0,5,1,1,0","dashisi,wing5,-26,-308,66,0,15,1,1,70","dashisi,skirt,-25,-279,-22,0,6,1.3,0.6,0",,,,,,,,,,,,,,,,,,,,,,,,,,,,,,,,,,,,,,,,,,,,,,,,,,,,,,,,,,,,,,,,,,,,,,,,,,,,,,,,,,,,,,,,,,,,,,,,,,play_time_mod_0.8,
Run/5,"dashisi,head,41,-408,-10,0,2,1,1,0","dashisi,neck,28,-371,-7,0,4,1,1,0","dashisi,body,8,-338,-26.5,0,5,1,1,0","dashisi,arm_up,-23,-361,-39,0,5,1,1,0","dashisi,arm_low,-44,-330,-18,0,2,1,1,0","dashisi,fist,-60,-288,-40,0,4,1,1,0","dashisi,arm_up,37,-326,-25,1,13,1,1.1,0","dashisi,arm_low,11,-290,-57,0,3,1,1.1,0","dashisi,fist_back,-32,-264,-67,0,4,1,1,0","dashisi,leg_up,-60,-262,-35.7,0,7,1,1,0","dashisi,leg_low,-96,-241,-70,0,10,1,1,0","dashisi,foot,-132,-222,-88.6,0,9,1,1,0","dashisi,leg_up,-2,-230,-6.3,0,16,1,1,0","dashisi,leg_low,-27,-188,-44.5,0,18,1,1,0","dashisi,foot,-46,-159,-58,0,15,0.9,0.9,0","dashisi,base,31,-180,38,0,5,1,1,0",,"dashisi,feather,-19,-430,20,0,5,1,1,0","dashisi,wing4,-45,-354,46,0,15,1,1,70","dashisi,skirt,-24,-280,-21,0,6,1.3,0.6,0",,,,,,,,,,,,,,,,,,,,,,,,,,,,,,,,,,,,,,,,,,,,,,,,,,,,,,,,,,,,,,,,,,,,,,,,,,,,,,,,,,,,,,,,,,,,,,,,,,play_time_mod_0.8,
Run/6,"dashisi,head,39,-412,-9,0,2,1,1,0","dashisi,neck,27,-375,-6,0,4,1,1,0","dashisi,body,8,-342,-25.5,0,5,1,1,0","dashisi,arm_up,-22,-365,-33,0,5,1,1,0","dashisi,arm_low,-43,-334,-18,0,2,1,1,0","dashisi,fist,-59,-292,-44,0,4,1,1,0","dashisi,arm_up,37,-330,-24,1,13,1,1.1,0","dashisi,arm_low,11,-293,-54,0,3,1,1.1,0","dashisi,fist_back,-31,-267,-68,0,4,1,1,0","dashisi,leg_up,-59,-265,-34.7,0,7,1,1,0","dashisi,leg_low,-95,-243,-69,0,10,1,1,0","dashisi,foot,-130,-224,-87.6,0,9,1,1,0","dashisi,leg_up,-1,-234,-5.3,0,16,1,1,0","dashisi,leg_low,-25,-191,-43.5,0,18,1,1,0","dashisi,foot,-43,-162,-57,0,15,0.9,0.9,0","dashisi,base,28,-180,36,0,5,1,1,0",,"dashisi,feather,-19,-437,17,0,5,1,1,0","dashisi,wing3,-6,-388,-25,0,16,1.5,1,70","dashisi,skirt,-23,-283,-20,0,6,1.3,0.6,0",,,,,,,,,,,,,,,,,,,,,,,,,,,,,,,,,,,,,,,,,,,,,,,,,,,,,,,,,,,,,,,,,,,,,,,,,,,,,,,,,,,,,,,,,,,,,,,,,,play_time_mod_0.8,
Run/7,"dashisi,head,39,-418,-7,0,2,1,1,0","dashisi,neck,27,-383,1,0,4,1,1,0","dashisi,body,9,-348,-22.5,0,5,1,1,0","dashisi,arm_up,-24,-368,-36,0,5,1,1,0","dashisi,arm_low,-42,-337,-15,0,2,1,1,0","dashisi,fist,-57,-295,-41,0,4,1,1,0","dashisi,arm_up,38,-337,-23,1,13,1,1.1,0","dashisi,arm_low,12,-295,-56,0,3,1,1.1,0","dashisi,fist_back,-32,-269,-78,0,4,1,1,0","dashisi,leg_up,-56,-266,-29.7,0,7,1,1,0","dashisi,leg_low,-93,-241,-64,0,10,1,1,0","dashisi,foot,-123,-218,-77.6,0,9,1,1,0","dashisi,leg_up,5,-240,-6.3,0,16,1,1,0","dashisi,leg_low,-21,-194,-39.5,0,18,1,1,0","dashisi,foot,-33,-166,-46,0,15,0.9,0.9,0","dashisi,base,23,-178,34,0,5,1,1,0",,"dashisi,feather,-19,-445,11,0,5,1,1,0","dashisi,wing2,-2,-382,-44,0,9,1,1,70","dashisi,skirt,-17,-285,-17,0,6,1.3,0.6,0",,,,,,,,,,,,,,,,,,,,,,,,,,,,,,,,,,,,,,,,,,,,,,,,,,,,,,,,,,,,,,,,,,,,,,,,,,,,,,,,,,,,,,,,,,,,,,,,,,play_time_mod_0.8,
EXCLUDE_Talk/0,"dashisi,head,24.8,-176.8,-9,0,2,1,1,0","dashisi,neck,6.8,-125.6,19,0,4,1,1,0","dashisi,body,-2.8,-77.6,-1.5,0,5,1,1,0","dashisi,arm_up,-49.2,-83.6,-29,0,5,1,1,0","dashisi,arm_low,-74.8,-28,-14,0,4,1,1,0","dashisi,fist,-82,4.8,-28,0,3,1,1,0","dashisi,arm_up,46.4,-80,31,1,13,1,1,0","dashisi,arm_low,82.4,-33.2,37,1,13,1,1,0","dashisi,fist_back,106,-9.6,35,0,12,1,1,0","dashisi,leg_up,-17.2,3.6,-3.7,0,7,1,1,0","dashisi,leg_low,-36,69.6,-13,0,10,1,1,0","dashisi,foot,-31.2,108,-17.6,0,9,1,1,0","dashisi,leg_up,19.2,4.8,22.7,0,16,1,1,0","dashisi,leg_low,33.2,67.2,7.5,0,18,1,1,0","dashisi,foot,44,110.8,-14,0,15,1,1,0",,,"dashisi,feather,-2.8,-254.4,-32,0,5,1,1,0","dashisi,wing1,-52,-213,6,0,9,1,1,89",,,,"dashisi,boombox,-12.4,11.2,-4,0,3,1,1,0",,,,,,,,,,,,,,,,,,,,,,,,,,,,,,,,,,,,,,,,,,,,,,,,,,,,,,,,,,,,,,,,,,,,,,,,,,,,,,,,,,,,,,,,,,,,,,,play_time_mod_0.7,
EXCLUDE_Talk/1,"dashisi,head,30.8,-166.8,-14,0,2,1,1,0","dashisi,neck,6.8,-115.6,11,0,4,1,1,0","dashisi,body,-2.8,-73.6,-4.5,0,5,1,1,0","dashisi,arm_up,-49.2,-91.6,-40,0,5,1,1,0","dashisi,arm_low,-72.8,-44,-5,0,4,1,1,0","dashisi,fist,-78,-11.2,-19,0,3,1,1,0","dashisi,arm_up,58.4,-80,60,1,13,1,1,0","dashisi,arm_low,112.4,-67.2,98,1,13,1,1,0","dashisi,fist_back,148.2,-78.8,102,0,12,1,1,0","dashisi,leg_up,-23.2,7.6,-8.7,0,7,1,1,0","dashisi,leg_low,-38,69.6,-19,0,10,1,1,0","dashisi,foot,-39.2,108,-23.6,0,9,1,1,0","dashisi,leg_up,23.2,4.8,30.7,0,16,1,1,0","dashisi,leg_low,39.2,67.2,7.5,0,18,1,1,0","dashisi,foot,48,110.8,-14,0,15,1,1,0",,,"dashisi,feather,11.2,-248.4,-39,0,5,1,1,0","dashisi,wing1,-52,-213,6,0,9,1,1,90",,,,"dashisi,boombox,-16.4,11.2,-9,0,3,1,1,0",,,,,,,,,,,,,,,,,,,,,,,,,,,,,,,,,,,,,,,,,,,,,,,,,,,,,,,,,,,,,,,,,,,,,,,,,,,,,,,,,,,,,,,,,,,,,,,play_time_mod_0.7,
EXCLUDE_Talk/2,"dashisi,head,30.8,-162.8,-14,0,2,1,1,0","dashisi,neck,6.8,-111.6,16,0,4,1,1,0","dashisi,body,-2.8,-65.6,-8.5,0,5,1,1,0","dashisi,arm_up,-49.2,-85.6,-50,0,5,1,1,0","dashisi,arm_low,-76.8,-44,-15,0,4,1,1,0","dashisi,fist,-84,-11.2,-23,0,3,1,1,0","dashisi,arm_up,58.4,-80,60,1,13,1,1,0","dashisi,arm_low,112.4,-59.2,80,1,13,1,1,0","dashisi,twopoint,154.2,-58.8,70,0,12,1,1,0","dashisi,leg_up,-27.2,7.6,-16.7,0,7,1,1,0","dashisi,leg_low,-56,69.6,-28,0,10,1,1,0","dashisi,foot,-65.2,108,-26.6,0,9,1,1,0","dashisi,leg_up,21.2,10.8,37.7,0,16,1,1,0","dashisi,leg_low,41.2,73.2,0.5,0,18,1,1,0","dashisi,foot,48,110.8,-18,0,15,1,1,0",,,"dashisi,feather,11.2,-244.4,-41,0,5,1,1,0","dashisi,wing1,-52,-213,6,0,9,1,1,91",,,,"dashisi,boombox,-24.4,19.2,-12,0,3,1,1,0",,,,,,,,,,,,,,,,,,,,,,,,,,,,,,,,,,,,,,,,,,,,,,,,,,,,,,,,,,,,,,,,,,,,,,,,,,,,,,,,,,,,,,,,,,,,,,,play_time_mod_0.7,
EXCLUDE_Talk/3,"dashisi,head,34.8,-154.8,-18,0,2,1,1,0","dashisi,neck,10.8,-107.6,13,0,4,1,1,0","dashisi,body,-2.8,-61.6,-11.5,0,5,1,1,0","dashisi,arm_up,-57.2,-79.6,-59,0,5,1,1,0","dashisi,arm_low,-90.8,-46,-30,0,4,1,1,0","dashisi,fist,-104,-11.2,-27,0,3,1,1,0","dashisi,arm_up,58.4,-76,52,1,13,1,1,0","dashisi,arm_low,108.4,-45.2,63,1,13,1,1,0","dashisi,twopoint,148.2,-32.8,52,0,12,1,1,0","dashisi,leg_up,-27.2,11.6,-16.7,0,7,1,1,0","dashisi,leg_low,-66,69.6,-34,0,10,1,1,0","dashisi,foot,-75.2,104,-31.6,0,9,1,1,0","dashisi,leg_up,21.2,16.8,43.7,0,16,1,1,0","dashisi,leg_low,43.2,73.2,-3.5,0,18,1,1,0","dashisi,foot,50,110.8,-18,0,15,1,1,0",,,"dashisi,feather,21.2,-236.4,-45,0,5,1,1,0","dashisi,wing1,-52,-213,6,0,9,1,1,92",,,,"dashisi,boombox,-30.4,15.2,-19,0,3,1,1,0",,,,,,,,,,,,,,,,,,,,,,,,,,,,,,,,,,,,,,,,,,,,,,,,,,,,,,,,,,,,,,,,,,,,,,,,,,,,,,,,,,,,,,,,,,,,,,,play_time_mod_0.7,
EXCLUDE_Talk/4,"dashisi,head,34.8,-150.8,-24,0,2,1,1,0","dashisi,neck,10.8,-107.6,11,0,4,1,1,0","dashisi,body,-2.8,-61.6,-11.5,0,5,1,1,0","dashisi,arm_up,-57.2,-83.6,-69,0,5,1,1,0","dashisi,arm_low,-104.8,-54,-37,0,4,1,1,0","dashisi,fist,-126,-25.2,-43,0,3,1,1,0","dashisi,arm_up,58.4,-70,44,1,13,1,1,0","dashisi,arm_low,102.4,-27.2,47,1,13,1,1,0","dashisi,twopoint,140.2,-2.8,33,0,12,1,1,0","dashisi,leg_up,-27.2,11.6,-16.7,0,7,1,1,0","dashisi,leg_low,-68,69.6,-41,0,10,1,1,0","dashisi,foot,-81.2,104,-35.6,0,9,1,1,0","dashisi,leg_up,21.2,12.8,48.7,0,16,1,1,0","dashisi,leg_low,47.2,69.2,2.5,0,18,1,1,0","dashisi,foot,56,110.8,-18,0,15,1,1,0",,,"dashisi,feather,25.2,-230.4,-48,0,5,1,1,0","dashisi,wing1,-52,-213,6,0,9,1,1,93",,,,"dashisi,boombox,-36.4,15.2,-28,0,3,1,1,0",,,,,,,,,,,,,,,,,,,,,,,,,,,,,,,,,,,,,,,,,,,,,,,,,,,,,,,,,,,,,,,,,,,,,,,,,,,,,,,,,,,,,,,,,,,,,,hold,play_time_mod_0.7,
Walk/0,"dashisi,head,22,-438,-11,0,2,1,1,0","dashisi,neck,12,-399,4,0,4,1,1,0","dashisi,body,4,-353,-11.5,0,5,1,1,0","dashisi,arm_up,-33,-367,-24,0,5,1,1,0","dashisi,arm_low,-38,-331,28,0,2,1,1,0","dashisi,fist,-25,-291,-14,0,4,1,1,0","dashisi,arm_up,41,-354,8,1,13,1,1,0","dashisi,arm_low,36,-316,-36,0,3,1,1,0","dashisi,fist_back,1,-285,-66,0,4,1,1,0","dashisi,leg_up,-34,-262,-16.7,0,7,1,1,0","dashisi,leg_low,-60,-219,-30,0,10,1,1,0","dashisi,foot,-69,-183,-32.6,0,9,1,1,0","dashisi,leg_up,22,-253,24.7,0,16,1,1,0","dashisi,leg_low,15,-202,-24.5,0,18,1,1,0","dashisi,foot,11,-170,-29,0,15,0.9,0.9,0","dashisi,base,76,-205,48,0,5,1,1,0",,"dashisi,feather,-19,-478,-14,0,5,1,1,0","dashisi,wing1,-16,-388,-44,0,9,1,1,70","dashisi,skirt,-11,-286,-7,0,6,1.3,0.6,0",,,,,,,,,,,,,,,,,,,,,,,,,,,,,,,,,,,,,,,,,,,,,,,,,,,,,,,,,,,,,,,,,,,,,,,,,,,,,,,,,,,,,,,,,,,,,,,,,,,
Walk/1,"dashisi,head,23,-434,-11,0,2,1,1,0","dashisi,neck,13,-395,3,0,4,1,1,0","dashisi,body,4,-350,-12.5,0,5,1,1,0","dashisi,arm_up,-32,-364,-26,0,5,1,1,0","dashisi,arm_low,-37,-329,26,0,2,1,1,0","dashisi,fist,-26,-289,-16,0,4,1,1,0","dashisi,arm_up,41,-349,6,1,13,1,1,0","dashisi,arm_low,34,-311,-36,0,3,1,1,0","dashisi,fist_back,-1,-280,-66,0,4,1,1,0","dashisi,leg_up,-38,-258,-19.7,0,7,1,1,0","dashisi,leg_low,-65,-219,-35,0,10,1,1,0","dashisi,foot,-78,-183,-43.6,0,9,1,1,0","dashisi,leg_up,20,-249,27.7,0,16,1,1,0","dashisi,leg_low,16,-198,-21.5,0,18,1,1,0","dashisi,foot,13,-166,-27,0,15,0.9,0.9,0","dashisi,base,73,-200,46,0,5,1,1,0",,"dashisi,feather,-23,-473,-16,0,5,1,1,0","dashisi,wing2,-13,-381,-34,0,9,1,1,70","dashisi,skirt,-11,-283,-7,0,6,1.3,0.6,0",,,,,,,,,,,,,,,,,,,,,,,,,,,,,,,,,,,,,,,,,,,,,,,,,,,,,,,,,,,,,,,,,,,,,,,,,,,,,,,,,,,,,,,,,,,,,,,,,,,
Walk/2,"dashisi,head,24,-431,-9,0,2,1,1,0","dashisi,neck,15,-393,2,0,4,1,1,0","dashisi,body,5,-348,-13.5,0,5,1,1,0","dashisi,arm_up,-31,-362,-27,0,5,1,1,0","dashisi,arm_low,-36,-327,25,0,2,1,1,0","dashisi,fist,-27,-286,-17,0,4,1,1,0","dashisi,arm_up,44,-348,2,1,13,1,1,0","dashisi,arm_low,34,-308,-43,0,3,1,1,0","dashisi,fist_back,-2,-277,-68,0,4,1,1,0","dashisi,leg_up,-40,-256,-18.7,0,7,1,1,0","dashisi,leg_low,-70,-215,-37,0,10,1,1,0","dashisi,foot,-82,-184,-44.6,0,9,1,1,0","dashisi,leg_up,21,-245,24.7,0,16,1,1,0","dashisi,leg_low,14,-193,-19.5,0,18,1,1,0","dashisi,foot,10,-159,-29,0,15,0.9,0.9,0","dashisi,base,71,-196,45,0,5,1,1,0",,"dashisi,feather,-23,-464,-11,0,5,1,1,0","dashisi,wing3,-24,-385,-11,0,16,1.5,1,70","dashisi,skirt,-12,-279,-9,0,6,1.3,0.6,0",,,,,,,,,,,,,,,,,,,,,,,,,,,,,,,,,,,,,,,,,,,,,,,,,,,,,,,,,,,,,,,,,,,,,,,,,,,,,,,,,,,,,,,,,,,,,,,,,,,
Walk/3,"dashisi,head,26,-428,-9,0,2,1,1,0","dashisi,neck,18,-389,1,0,4,1,1,0","dashisi,body,5,-346,-14.5,0,5,1,1,0","dashisi,arm_up,-33,-360,-27,0,5,1,1,0","dashisi,arm_low,-38,-324,25,0,2,1,1,0","dashisi,fist,-29,-285,-17,0,4,1,1,0","dashisi,arm_up,42,-343,1,1,13,1,1,0","dashisi,arm_low,31,-303,-43,0,3,1,1,0","dashisi,fist_back,-7,-273,-70,0,4,1,1,0","dashisi,leg_up,-41,-257,-21.7,0,7,1,1,0","dashisi,leg_low,-71,-214,-41,0,10,1,1,0","dashisi,foot,-87,-182,-51.6,0,9,1,1,0","dashisi,leg_up,19,-244,26.7,0,16,1,1,0","dashisi,leg_low,12,-190,-20.5,0,18,1,1,0","dashisi,foot,7,-160,-40,0,15,0.9,0.9,0","dashisi,base,60,-186,43,0,5,1,1,0",,"dashisi,feather,-23,-459,-6,0,5,1,1,0","dashisi,wing4,-52,-337,64,0,15,1,1,70","dashisi,skirt,-13,-279,-8,0,6,1.3,0.6,0",,,,,,,,,,,,,,,,,,,,,,,,,,,,,,,,,,,,,,,,,,,,,,,,,,,,,,,,,,,,,,,,,,,,,,,,,,,,,,,,,,,,,,,,,,,,,,,,,,,
Walk/4,"dashisi,head,29,-421,-5,0,2,1,1,0","dashisi,neck,20,-383,-1,0,4,1,1,0","dashisi,body,7,-340,-15.5,0,5,1,1,0","dashisi,arm_up,-27,-360,-38,0,5,1,1,0","dashisi,arm_low,-38,-324,24,0,2,1,1,0","dashisi,fist,-30,-284,-22,0,4,1,1,0","dashisi,arm_up,43,-337,-6,1,13,1,1,0","dashisi,arm_low,29,-297,-49,0,3,1,1,0","dashisi,fist_back,-11,-271,-72,0,4,1,1,0","dashisi,leg_up,-43,-253,-20.7,0,7,1,1,0","dashisi,leg_low,-74,-211,-39,0,10,1,1,0","dashisi,foot,-90,-178,-49.6,0,9,1,1,0","dashisi,leg_up,16,-237,27.7,0,16,1,1,0","dashisi,leg_low,10,-181,-20.5,0,18,1,1,0","dashisi,foot,5,-153,-43,0,15,0.9,0.9,0","dashisi,base,52,-183,40,0,5,1,1,0",,"dashisi,feather,-23,-451,-2,0,5,1,1,0","dashisi,wing5,-35,-301,66,0,15,1,1,70","dashisi,skirt,-15,-274,-11,0,6,1.3,0.6,0",,,,,,,,,,,,,,,,,,,,,,,,,,,,,,,,,,,,,,,,,,,,,,,,,,,,,,,,,,,,,,,,,,,,,,,,,,,,,,,,,,,,,,,,,,,,,,,,,,,
Walk/5,"dashisi,head,26,-428,-9,0,2,1,1,0","dashisi,neck,18,-389,1,0,4,1,1,0","dashisi,body,5,-346,-14.5,0,5,1,1,0","dashisi,arm_up,-33,-360,-27,0,5,1,1,0","dashisi,arm_low,-38,-324,25,0,2,1,1,0","dashisi,fist,-29,-285,-17,0,4,1,1,0","dashisi,arm_up,42,-343,1,1,13,1,1,0","dashisi,arm_low,31,-303,-43,0,3,1,1,0","dashisi,fist_back,-7,-273,-70,0,4,1,1,0","dashisi,leg_up,-41,-257,-21.7,0,7,1,1,0","dashisi,leg_low,-71,-214,-41,0,10,1,1,0","dashisi,foot,-87,-182,-51.6,0,9,1,1,0","dashisi,leg_up,19,-244,26.7,0,16,1,1,0","dashisi,leg_low,12,-190,-20.5,0,18,1,1,0","dashisi,foot,7,-160,-40,0,15,0.9,0.9,0","dashisi,base,60,-186,43,0,5,1,1,0",,"dashisi,feather,-23,-459,-6,0,5,1,1,0","dashisi,wing4,-52,-337,64,0,15,1,1,70","dashisi,skirt,-13,-279,-8,0,6,1.3,0.6,0",,,,,,,,,,,,,,,,,,,,,,,,,,,,,,,,,,,,,,,,,,,,,,,,,,,,,,,,,,,,,,,,,,,,,,,,,,,,,,,,,,,,,,,,,,,,,,,,,,,
Walk/6,"dashisi,head,24,-431,-9,0,2,1,1,0","dashisi,neck,15,-393,2,0,4,1,1,0","dashisi,body,5,-348,-13.5,0,5,1,1,0","dashisi,arm_up,-31,-362,-27,0,5,1,1,0","dashisi,arm_low,-36,-327,25,0,2,1,1,0","dashisi,fist,-27,-286,-17,0,4,1,1,0","dashisi,arm_up,44,-348,2,1,13,1,1,0","dashisi,arm_low,34,-308,-43,0,3,1,1,0","dashisi,fist_back,-2,-277,-68,0,4,1,1,0","dashisi,leg_up,-40,-256,-18.7,0,7,1,1,0","dashisi,leg_low,-70,-215,-37,0,10,1,1,0","dashisi,foot,-82,-184,-44.6,0,9,1,1,0","dashisi,leg_up,21,-245,24.7,0,16,1,1,0","dashisi,leg_low,14,-193,-19.5,0,18,1,1,0","dashisi,foot,10,-159,-29,0,15,0.9,0.9,0","dashisi,base,71,-196,45,0,5,1,1,0",,"dashisi,feather,-23,-464,-11,0,5,1,1,0","dashisi,wing3,-24,-385,-11,0,16,1.5,1,70","dashisi,skirt,-12,-279,-9,0,6,1.3,0.6,0",,,,,,,,,,,,,,,,,,,,,,,,,,,,,,,,,,,,,,,,,,,,,,,,,,,,,,,,,,,,,,,,,,,,,,,,,,,,,,,,,,,,,,,,,,,,,,,,,,,
Walk/7,"dashisi,head,23,-434,-11,0,2,1,1,0","dashisi,neck,13,-395,3,0,4,1,1,0","dashisi,body,4,-350,-12.5,0,5,1,1,0","dashisi,arm_up,-32,-364,-26,0,5,1,1,0","dashisi,arm_low,-37,-329,26,0,2,1,1,0","dashisi,fist,-26,-289,-16,0,4,1,1,0","dashisi,arm_up,41,-349,6,1,13,1,1,0","dashisi,arm_low,34,-311,-36,0,3,1,1,0","dashisi,fist_back,-1,-280,-66,0,4,1,1,0","dashisi,leg_up,-38,-258,-19.7,0,7,1,1,0","dashisi,leg_low,-65,-219,-35,0,10,1,1,0","dashisi,foot,-78,-183,-43.6,0,9,1,1,0","dashisi,leg_up,20,-249,27.7,0,16,1,1,0","dashisi,leg_low,16,-198,-21.5,0,18,1,1,0","dashisi,foot,13,-166,-27,0,15,0.9,0.9,0","dashisi,base,73,-200,46,0,5,1,1,0",,"dashisi,feather,-23,-473,-16,0,5,1,1,0","dashisi,wing2,-13,-381,-34,0,9,1,1,70","dashisi,skirt,-11,-283,-7,0,6,1.3,0.6,0",,,,,,,,,,,,,,,,,,,,,,,,,,,,,,,,,,,,,,,,,,,,,,,,,,,,,,,,,,,,,,,,,,,,,,,,,,,,,,,,,,,,,,,,,,,,,,,,,,,
Damaged/0,"dashisi,head,8,-422,-8,0,2,1,1,0","dashisi,neck,2,-382,10,0,4,1,1,0","dashisi,body,1,-336,-5.5,0,5,1,1,0","dashisi,arm_up,-37,-347,-19,0,5,1,1,0","dashisi,arm_low,-38,-311,33,0,2,1,1,0","dashisi,fist,-24,-274,-9,0,4,1,1,0","dashisi,arm_up,38,-342,13,1,13,1,1,0","dashisi,arm_low,35,-303,-29,0,3,1,1,0","dashisi,fist_back,3,-266,-59,0,4,1,1,0","dashisi,leg_up,-26,-242,-9.7,0,7,1,1,0","dashisi,leg_low,-49,-196,-28,0,10,1,1,0","dashisi,foot,-54,-159,-30.6,0,9,1,1,0","dashisi,leg_up,25,-239,29.7,0,16,1,1,0","dashisi,leg_low,29,-188,-6.5,0,18,1,1,0","dashisi,foot,32,-157,-19,0,15,0.9,0.9,0","dashisi,base,86,-197,53,0,5,1,1,0",,"dashisi,feather,-35,-457,-13,0,5,1,1,0","dashisi,wing1,-21,-367,-27,0,9,1,1,70","dashisi,skirt,-8,-268,0,0,6,1.3,0.6,0",,,,,,,,,,,,,,,,,,,,,,,,,,,,,,,,,,,,,,,,,,,,,,,,,,,,,,,,,,,,,,,,,,,,,,,,,,,,,,,,,,,,,,,,,,,,,,,,,,,
Damaged/1,"dashisi,close,21,-418,-21,0,2,1,1,0","dashisi,neck,9,-380,5,0,4,1,1,0","dashisi,body,2,-336,-8.5,0,5,1,1,0","dashisi,arm_up,-34,-356,-27,0,5,1,1,0","dashisi,arm_low,-40,-322,22,0,2,1,1,0","dashisi,fist,-29,-281,-5,0,4,1,1,0","dashisi,arm_up,39,-335,7,1,13,1,1,0","dashisi,arm_low,34,-298,-39,0,3,1,1,0","dashisi,fist_back,0,-266,-62,0,4,1,1,0","dashisi,leg_up,-33,-245,-12.7,0,7,1,1,0","dashisi,leg_low,-58,-199,-28,0,10,1,1,0","dashisi,foot,-65,-162,-33.6,0,9,1,1,0","dashisi,leg_up,22,-239,26.7,0,16,1,1,0","dashisi,leg_low,23,-188,-6.5,0,18,1,1,0","dashisi,foot,23,-157,-22,0,15,0.9,0.9,0","dashisi,base,68,-184,42,0,5,1,1,0",,"dashisi,feather,-26,-460,-16,0,5,1,1,0","dashisi,wing1,-16,-362,-34,0,9,1,1,70","dashisi,skirt,-11,-268,-3,0,6,1.3,0.6,0",,,,,,,,,,,,,,,,,,,,,,,,,,,,,,,,,,,,,,,,,,,,,,,,,,,,,,,,,,,,,,,,,,,,,,,,,,,,,,,,,,,,,,,,,,,,,,,,,,,
Damaged/2,"dashisi,close,36,-412,-33,0,2,1,1,0","dashisi,neck,16,-374,-5,0,4,1,1,0","dashisi,body,2,-336,-14.5,0,5,1,1,0","dashisi,arm_up,-29,-363,-37,0,5,1,1,0","dashisi,arm_low,-41,-330,14,0,2,1,1,0","dashisi,fist,-34,-287,-11,0,4,1,1,0","dashisi,arm_up,44,-333,1,1,13,1,1,0","dashisi,arm_low,30,-295,-48,0,3,1,1,0","dashisi,fist_back,-8,-267,-74,0,4,1,1,0","dashisi,leg_up,-41,-250,-18.7,0,7,1,1,0","dashisi,leg_low,-71,-205,-34,0,10,1,1,0","dashisi,foot,-83,-170,-39.6,0,9,1,1,0","dashisi,leg_up,16,-239,20.7,0,16,1,1,0","dashisi,leg_low,11,-188,-12.5,0,18,1,1,0","dashisi,foot,5,-157,-28,0,15,0.9,0.9,0","dashisi,base,45,-177,34,0,5,1,1,0",,"dashisi,feather,-8,-465,-30,0,5,1,1,0","dashisi,wing2,-8,-367,-42,0,9,1,1,70","dashisi,skirt,-17,-268,-9,0,6,1.3,0.6,0",,,,,,,,,,,,,,,,,,,,,,,,,,,,,,,,,,,,,,,,,,,,,,,,,,,,,,,,,,,,,,,,,,,,,,,,,,,,,,,,,,,,,,,,,,,,,,,,,hold,,
Damaged/3,"dashisi,close,42,-403,-39,0,2,1,1,0","dashisi,neck,21,-366,-10,0,4,1,1,0","dashisi,body,3,-334,-20.5,0,5,1,1,0","dashisi,arm_up,-26,-363,-40,0,5,1,1,0","dashisi,arm_low,-39,-333,10,0,2,1,1,0","dashisi,fist,-36,-290,-20,0,4,1,1,0","dashisi,arm_up,44,-330,-2,1,13,1,1,0","dashisi,arm_low,30,-297,-55,0,3,1,1,0","dashisi,fist_back,-11,-273,-76,0,4,1,1,0","dashisi,leg_up,-44,-250,-21.7,0,7,1,1,0","dashisi,leg_low,-77,-208,-37,0,10,1,1,0","dashisi,foot,-89,-173,-42.6,0,9,1,1,0","dashisi,leg_up,13,-236,17.7,0,16,1,1,0","dashisi,leg_low,5,-188,-15.5,0,18,1,1,0","dashisi,foot,-4,-157,-31,0,15,0.9,0.9,0","dashisi,base,37,-178,30,0,5,1,1,0",,"dashisi,feather,9,-459,-36,0,5,1,1,0","dashisi,wing3,-5,-367,-45,0,9,1,1,70","dashisi,skirt,-20,-268,-12,0,6,1.3,0.6,0",,,,,,,,,,,,,,,,,,,,,,,,,,,,,,,,,,,,,,,,,,,,,,,,,,,,,,,,,,,,,,,,,,,,,,,,,,,,,,,,,,,,,,,,,,,,,,,,,,,
Damaged/4,"dashisi,head,24,-418,-17,0,2,1,1,0","dashisi,neck,11,-380,3,0,4,1,1,0","dashisi,body,2,-336,-10.5,0,5,1,1,0","dashisi,arm_up,-32,-358,-29,0,5,1,1,0","dashisi,arm_low,-40,-324,20,0,2,1,1,0","dashisi,fist,-29,-282,-7,0,4,1,1,0","dashisi,arm_up,39,-333,5,1,13,1,1,0","dashisi,arm_low,34,-296,-41,0,3,1,1,0","dashisi,fist_back,-2,-266,-64,0,4,1,1,0","dashisi,leg_up,-35,-247,-14.7,0,7,1,1,0","dashisi,leg_low,-62,-201,-30,0,10,1,1,0","dashisi,foot,-71,-164,-35.6,0,9,1,1,0","dashisi,leg_up,20,-239,24.7,0,16,1,1,0","dashisi,leg_low,19,-188,-8.5,0,18,1,1,0","dashisi,foot,17,-157,-24,0,15,0.9,0.9,0","dashisi,base,64,-182,40,0,5,1,1,0",,"dashisi,feather,-20,-460,-18,0,5,1,1,0","dashisi,wing2,-14,-362,-36,0,9,1,1,70","dashisi,skirt,-13,-268,-5,0,6,1.3,0.6,0",,,,,,,,,,,,,,,,,,,,,,,,,,,,,,,,,,,,,,,,,,,,,,,,,,,,,,,,,,,,,,,,,,,,,,,,,,,,,,,,,,,,,,,,,,,,,,,,,,,
Damaged/5,"dashisi,head,10,-422,-9,0,2,1,1,0","dashisi,neck,3,-382,9,0,4,1,1,0","dashisi,body,2,-336,-6.5,0,5,1,1,0","dashisi,arm_up,-36,-348,-20,0,5,1,1,0","dashisi,arm_low,-38,-312,32,0,2,1,1,0","dashisi,fist,-25,-275,-10,0,4,1,1,0","dashisi,arm_up,39,-342,12,1,13,1,1,0","dashisi,arm_low,35,-303,-30,0,3,1,1,0","dashisi,fist_back,2,-266,-60,0,4,1,1,0","dashisi,leg_up,-27,-243,-10.7,0,7,1,1,0","dashisi,leg_low,-51,-197,-29,0,10,1,1,0","dashisi,foot,-57,-160,-31.6,0,9,1,1,0","dashisi,leg_up,24,-239,28.7,0,16,1,1,0","dashisi,leg_low,27,-188,-7.5,0,18,1,1,0","dashisi,foot,29,-157,-20,0,15,0.9,0.9,0","dashisi,base,84,-196,52,0,5,1,1,0",,"dashisi,feather,-32,-458,-14,0,5,1,1,0","dashisi,wing1,-20,-368,-28,0,9,1,1,70","dashisi,skirt,-9,-268,-1,0,6,1.3,0.6,0",,,,,,,,,,,,,,,,,,,,,,,,,,,,,,,,,,,,,,,,,,,,,,,,,,,,,,,,,,,,,,,,,,,,,,,,,,,,,,,,,,,,,,,,,,,,,,,,,,,
Die/0,"dashisi,close,-13,-420,19,0,2,1,1,0","dashisi,neck,-4,-380,15,0,4,1,1,0","dashisi,body,-3,-336,1.5,0,5,1,1,0","dashisi,arm_up,-42,-349,-17,0,5,1,1,0","dashisi,arm_low,-42,-315,32,0,2,1,1,0","dashisi,fist,-24,-276,5,0,4,1,1,0","dashisi,arm_up,34,-341,17,1,13,1,1,0","dashisi,arm_low,35,-304,-29,0,3,1,1,0","dashisi,fist_back,7,-266,-52,0,4,1,1,0","dashisi,leg_up,-21,-240,-2.7,0,7,1,1,0","dashisi,leg_low,-38,-190,-18,0,10,1,1,0","dashisi,foot,-39,-153,-23.6,0,9,1,1,0","dashisi,leg_up,34,-244,36.7,0,16,1,1,0","dashisi,leg_low,44,-194,3.5,0,18,1,1,0","dashisi,foot,49,-163,-12,0,15,0.9,0.9,0","dashisi,base,89,-197,52,0,5,1,1,0",,"dashisi,feather,-62,-433,4,0,5,1,1,0","dashisi,wing1,-25,-358,-16,0,9,1,1,70","dashisi,skirt,-4,-266,7,0,6,1.3,0.6,0",,,,,,,,,,,,,,,,,,,,,,,,,,,,,,,,,,,,,,,,,,,,,,,,,,,,,,,,,,,,,,,,,,,,,,,,,,,,,,,,,,,,,,,,,,,,,,,,,,,
Die/1,"dashisi,close,-45,-423,29,0,2,1,1,0","dashisi,neck,-29,-386,25,0,4,1,1,0","dashisi,body,-20,-342,11.5,0,5,1,1,0","dashisi,arm_up,-65,-343,-4,0,5,1,1,0","dashisi,arm_low,-55,-307,50,0,2,1,1,0","dashisi,fist,-20,-273,25,0,4,1,1,0","dashisi,arm_up,15,-364,47,1,13,1,1,0","dashisi,arm_low,43,-328,21,0,3,1,1,0","dashisi,open,58,-281,-2,0,4,1,1,0","dashisi,leg_up,-22,-245,5.3,0,7,1,1,0","dashisi,leg_low,-41,-193,-17,0,10,1,1,0","dashisi,foot,-46,-156,-33.6,0,9,1,1,0","dashisi,leg_up,34,-254,46.7,0,16,1,1,0","dashisi,leg_low,50,-207,10.5,0,18,1,1,0","dashisi,foot,62,-177,-8,0,15,0.9,0.9,0","dashisi,base,85,-243,72,0,5,1,1,0",,"dashisi,feather,-95,-428,14,0,5,1,1,0","dashisi,wing1,-46,-360,-6,0,9,1,1,70","dashisi,skirt,-9,-276,17,0,6,1.3,0.6,0",,,,,,,,,,,,,,,,,,,,,,,,,,,,,,,,,,,,,,,,,,,,,,,,,,,,,,,,,,,,,,,,,,,,,,,,,,,,,,,,,,,,,,,,,,,,,,,,,hold,,
Die/2,"dashisi,close,-107,-425,49,0,2,1,1,0","dashisi,neck,-79,-395,45,0,4,1,1,0","dashisi,body,-55,-357,31.5,0,5,1,1,0","dashisi,arm_up,-99,-343,-4,0,5,1,1,0","dashisi,arm_low,-86,-302,40,0,2,1,1,0","dashisi,open,-66,-257,-5,0,4,1,1,0","dashisi,arm_up,-28,-387,67,1,13,1,1,0","dashisi,arm_low,9,-361,43,0,3,1,1,0","dashisi,open,42,-327,68,1,4,1,1,0","dashisi,leg_up,-24,-266,25.3,0,7,1,1,0","dashisi,leg_low,-23,-209,-4,0,10,1,1,0","dashisi,foot,-17,-174,-13.6,0,9,1,1,0","dashisi,leg_up,25,-293,66.7,0,16,1,1,0","dashisi,leg_low,56,-254,30.5,0,18,1,1,0","dashisi,foot,79,-231,12,0,15,0.9,0.9,0","dashisi,base,86,-180,52,0,5,1,1,0",,"dashisi,feather,-155,-412,34,0,5,1,1,0","dashisi,wing2,-76,-375,44,0,19,1,1,70","dashisi,skirt,-23,-302,34,0,6,1.2,0.7,0",,,,,,,,,,,,,,,,,,,,,,,,,,,,,,,,,,,,,,,,,,,,,,,,,,,,,,,,,,,,,,,,,,,,,,,,,,,,,,,,,,,,,,,,,,,,,,,,,,,
Die/3,"dashisi,close,-200,-287,125,0,2,1,1,0","dashisi,neck,-163,-303,115,0,4,1,1,0","dashisi,body,-119,-313,101.5,0,5,1,1,0","dashisi,arm_up,-120,-267,66,0,5,1,1,0","dashisi,arm_low,-77,-265,110,0,2,1,1,0","dashisi,open,-28,-268,65,0,4,1,1,0","dashisi,arm_up,-144,-345,137,1,13,1,1,0","dashisi,arm_low,-100,-375,113,0,3,1,1,0","dashisi,open,-57,-394,138,1,4,1,1,0","dashisi,leg_up,-21,-311,85.3,0,7,1,1,0","dashisi,leg_low,23,-283,56,0,10,1,1,0","dashisi,foot,58,-274,56.4,0,9,1,1,0","dashisi,leg_up,-30,-366,136.7,0,16,1,1,0","dashisi,leg_low,16,-383,100.5,0,18,1,1,0","dashisi,foot,46,-396,82,0,15,0.9,0.9,0","dashisi,base,149,-169,4,0,5,1,1,0",,"dashisi,feather,-183,-227,134,0,5,1,1,0","dashisi,wing3,-186,-291,104,0,16,1,1,70","dashisi,skirt,-56,-324,104,0,6,1.2,0.7,0",,,,,,,,,,,,,,,,,,,,,,,,,,,,,,,,,,,,,,,,,,,,,,,,,,,,,,,,,,,,,,,,,,,,,,,,,,,,,,,,,,,,,,,,,,,,,,,,,,,
Die/4,"dashisi,close,-175,-189,175,0,2,1,1,0","dashisi,neck,-164,-228,165,0,4,1,1,0","dashisi,body,-144,-269,151.5,0,5,1,1,0","dashisi,arm_up,-110,-249,144,0,5,1,1,0","dashisi,arm_low,-83,-293,159,0,2,1,1,0","dashisi,open,-62,-339,145,0,4,1,1,0","dashisi,arm_up,-185,-270,-180,1,13,1,1,0","dashisi,arm_low,-191,-321,-170,0,3,1,1,0","dashisi,open,-187,-366,-160,1,4,1,1,0","dashisi,leg_up,-79,-342,135.3,0,7,1,1,0","dashisi,leg_low,-29,-358,106,0,10,1,1,0","dashisi,foot,0,-376,106.4,0,9,1,1,0","dashisi,leg_up,-126,-370,-180,0,16,1,1,0","dashisi,leg_low,-110,-415,150.5,0,18,1,1,0","dashisi,foot,-101,-449,132,0,15,0.9,0.9,0","dashisi,base,231,-199,-38,0,5,1,1,0",,"dashisi,feather,-120,-183,-130,0,5,1,1,0","dashisi,wing4,-140,-281,-90,0,16,1,1,70","dashisi,skirt,-113,-323,154,0,6,1.2,0.7,0",,,,,,,,,,,,,,,,,,,,,,,,,,,,,,,,,,,,,,,,,,,,,,,,,,,,,,,,,,,,,,,,,,,,,,,,,,,,,,,,,,,,,,,,,,,,,,,,,,,
Die/5,"dashisi,close,-168,-59,-170,0,2,1,1,0","dashisi,neck,-171,-99,-180,0,4,1,1,0","dashisi,body,-166,-145,171.5,0,5,1,1,0","dashisi,arm_up,-127,-138,164,0,5,1,1,0","dashisi,arm_low,-117,-189,179,0,2,1,1,0","dashisi,open,-113,-239,165,0,4,1,1,0","dashisi,arm_up,-205,-132,-160,1,13,1,1,0","dashisi,arm_low,-227,-178,-150,0,3,1,1,0","dashisi,open,-239,-221,-140,1,4,1,1,0","dashisi,leg_up,-130,-236,155.3,0,7,1,1,0","dashisi,leg_low,-88,-271,126,0,10,1,1,0","dashisi,foot,-70,-303,126.4,0,9,1,1,0","dashisi,leg_up,-184,-246,-160,0,16,1,1,0","dashisi,leg_low,-184,-294,170.5,0,18,1,1,0","dashisi,foot,-187,-329,152,0,15,0.9,0.9,0","dashisi,base,321,-179,-138,0,5,1,1,0",,"dashisi,feather,-114,-73,-110,0,5,1,1,0","dashisi,wing4,-166,-158,-70,0,16,1,1,70","dashisi,skirt,-155,-207,174,0,6,1.2,0.7,0",,,,,,,,,,,,,,,,,,,,,,,,,,,,,,,,,,,,,,,,,,,,,,,,,,,,,,,,,,,,,,,,,,,,,,,,,,,,,,,,,,,,,,,,,,,,,,,,,,,
Die/6,"dashisi,close,-178,-28,150,0,2,1,1,0","dashisi,neck,-161,-58,-180,0,4,1,1,0","dashisi,body,-165,-104,-170,0,5,1,1,0","dashisi,arm_up,-117,-107,164,0,5,1,1,0","dashisi,arm_low,-107,-158,179,0,2,1,1,0","dashisi,open,-103,-208,165,0,4,1,1,0","dashisi,arm_up,-208,-85,-150,1,13,1,1,0","dashisi,arm_low,-240,-127,-140,0,3,1,1,0","dashisi,open,-257,-166,-130,1,4,1,1,0","dashisi,leg_up,-180,-205,175.3,0,7,1,1,0","dashisi,leg_low,-158,-250,146,0,10,1,1,0","dashisi,foot,-140,-282,116.4,0,9,1,1,0","dashisi,leg_up,-234,-194,-160,0,16,1,1,0","dashisi,leg_low,-234,-245,170.5,0,18,1,1,0","dashisi,foot,-236,-280,152,0,15,0.9,0.9,0","dashisi,base,392,-179,-170,0,5,1,1,0",,"dashisi,feather,-125,-32,-110,0,5,1,1,0","dashisi,wing4,-156,-117,-70,0,16,1,1,70","dashisi,skirt,-185,-166,-160,0,6,1.2,0.7,0",,,,,,,,,,,,,,,,,,,,,,,,,,,,,,,,,,,,,,,,,,,,,,,,,,,,,,,,,,,,,,,,,,,,,,,,,,,,,,,,,,,,,,,,,,,,,,,,,,,
Die/7,"dashisi,close,-181,-20,130,0,2,1,1,0","dashisi,neck,-158,-40,180,0,4,1,1,0","dashisi,body,-149,-78,-180,0,5,1,1,0","dashisi,arm_up,-104,-73,154,0,5,1,1,0","dashisi,arm_low,-86,-123,170,0,2,1,1,0","dashisi,open,-71,-171,155,0,4,1,1,0","dashisi,arm_up,-198,-65,-140,1,13,1,1,0","dashisi,arm_low,-232,-107,-140,0,3,1,1,0","dashisi,open,-259,-151,-130,1,4,1,1,0","dashisi,leg_up,-143,-176,172,0,7,1,1,0","dashisi,leg_low,-120,-210,128,0,10,1,1,0","dashisi,foot,-97,-236,106.4,0,9,1,1,0","dashisi,leg_up,-205,-169,-130,0,16,1,1,0","dashisi,leg_low,-215,-223,180,0,18,1,1,0","dashisi,foot,-219,-254,152,0,15,0.9,0.9,0","dashisi,base,522,-209,150,0,5,1,1,0",,"dashisi,feather,-128,-15,-126,0,5,1,1,0","dashisi,wing4,-140,-91,-80,0,16,1,1,70","dashisi,skirt,-157,-138,-167,0,6,1.2,0.7,0",,,,,,,,,,,,,,,,,,,,,,,,,,,,,,,,,,,,,,,,,,,,,,,,,,,,,,,,,,,,,,,,,,,,,,,,,,,,,,,,,,,,,,,,,,,,,,,,,,,
Die/8,"dashisi,close,-181,-20,125,0,2,1,1,0","dashisi,neck,-153,-42,140,0,4,1,1,0","dashisi,body,-121,-65,150,0,5,1,1,0","dashisi,arm_up,-80,-33,104,0,5,1,1,0","dashisi,arm_low,-33,-59,140,0,2,1,1,0","dashisi,open,2,-91,115,0,4,1,1,0","dashisi,arm_up,-187,-70,-140,1,13,1,1,0","dashisi,arm_low,-223,-106,-130,0,3,1,1,0","dashisi,open,-262,-142,-120,1,4,1,1,0","dashisi,leg_up,-53,-137,132,0,7,1,1,0","dashisi,leg_low,-14,-148,88,0,10,1,1,0","dashisi,foot,20,-153,66.4,0,9,1,1,0","dashisi,leg_up,-106,-172,-170,0,16,1,1,0","dashisi,leg_low,-79,-220,140,0,18,1,1,0","dashisi,foot,-61,-246,112,0,15,0.9,0.9,0","dashisi,base,662,-159,100,0,5,1,1,0",,"dashisi,feather,-131,12,-150,0,5,1,1,0","dashisi,wing4,-109,-60,-100,0,16,1,1,70","dashisi,skirt,-89,-117,160,0,6,1.2,0.7,0",,,,,,,,,,,,,,,,,,,,,,,,,,,,,,,,,,,,,,,,,,,,,,,,,,,,,,,,,,,,,,,,,,,,,,,,,,,,,,,,,,,,,,,,,,,,,,,,,,,
Die/9,"dashisi,close,-181,-20,115,0,2,1,1,0","dashisi,neck,-146,-40,137,0,4,1,1,0","dashisi,body,-111,-55,130,0,5,1,1,0","dashisi,arm_up,-91,-14,84,0,5,1,1,0","dashisi,arm_low,-39,-22,120,0,2,1,1,0","dashisi,open,5,-40,95,0,4,1,1,0","dashisi,arm_up,-194,-64,-120,1,13,1,1,0","dashisi,arm_low,-243,-86,-110,0,3,1,1,0","dashisi,open,-285,-105,-90,1,4,1,1,0","dashisi,leg_up,-24,-90,112,0,7,1,1,0","dashisi,leg_low,16,-88,68,0,10,1,1,0","dashisi,foot,51,-80,46.4,0,9,1,1,0","dashisi,leg_up,-57,-141,180,0,16,1,1,0","dashisi,leg_low,-15,-178,120,0,18,1,1,0","dashisi,foot,10,-197,92,0,15,0.9,0.9,0","dashisi,base,732,-59,70,0,5,1,1,0",,"dashisi,feather,-151,23,180,0,5,1,1,0","dashisi,wing4,-105,-60,-80,0,16,1,1,70","dashisi,skirt,-59,-94,120,0,6,1.2,0.7,0",,,,,,,,,,,,,,,,,,,,,,,,,,,,,,,,,,,,,,,,,,,,,,,,,,,,,,,,,,,,,,,,,,,,,,,,,,,,,,,,,,,,,,,,,,,,,,,,,,,
Die/10,"dashisi,close,-181,-16,121,0,2,1,1,0","dashisi,neck,-146,-36,130,0,4,1,1,0","dashisi,body,-111,-44,110,0,5,1,1,0","dashisi,arm_up,-97,-4,84,0,5,1,1,0","dashisi,arm_low,-44,-8,121,0,2,1,1,0","dashisi,open,0,-26,95,0,4,1,1,0","dashisi,arm_up,-194,-44,-90,1,13,1,1,0","dashisi,arm_low,-243,-36,-60,0,3,1,1,0","dashisi,open,-278,-16,-30,1,4,1,1,0","dashisi,leg_up,-24,-50,112,0,7,1,1,0","dashisi,leg_low,16,-48,68,0,10,1,1,0","dashisi,foot,51,-40,46.4,0,9,1,1,0","dashisi,leg_up,-52,-119,160,0,16,1,1,0","dashisi,leg_low,0,-140,100,0,18,1,1,0","dashisi,foot,37,-154,92,0,15,0.9,0.9,0","dashisi,base,763,-9,80,0,5,1,1,0",,"dashisi,feather,-151,23,180,0,5,1,1,0","dashisi,wing4,-105,-60,-80,0,16,1,1,70","dashisi,skirt,-59,-64,120,0,6,1.2,0.7,0",,,,,,,,,,,,,,,,,,,,,,,,,,,,,,,,,,,,,,,,,,,,,,,,,,,,,,,,,,,,,,,,,,,,,,,,,,,,,,,,,,,,,,,,,,,,,,,,,,,
Die/11,"dashisi,close,-181,-16,124,0,2,1,1,0","dashisi,neck,-146,-33,123,0,4,1,1,0","dashisi,body,-111,-37,98,0,5,1,1,0","dashisi,arm_up,-102,-1,87,0,5,1,1,0","dashisi,arm_low,-47,-1,101,0,2,1,1,0","dashisi,open,2,-7,75,0,4,1,1,0","dashisi,arm_up,-194,-44,-77,1,13,1,1,0","dashisi,arm_low,-243,-27,-54,0,3,1,1,0","dashisi,open,-278,-14,-50,1,4,1,1,0","dashisi,leg_up,-24,-29,112,0,7,1,1,0","dashisi,leg_low,16,-27,68,0,10,1,1,0","dashisi,foot,51,-19,46.4,0,9,1,1,0","dashisi,leg_up,-32,-79,130,0,16,1,1,0","dashisi,leg_low,17,-89,90,0,18,1,1,0","dashisi,foot,54,-93,82,0,15,0.9,0.9,0","dashisi,base,763,-29,98,0,5,1,1,0",,"dashisi,feather,-151,23,-173,0,5,1,1,0","dashisi,wing4,-105,-53,-86,0,16,1,1,70","dashisi,skirt,-49,-43,110,0,6,1.2,0.7,0",,,,,,,,,,,,,,,,,,,,,,,,,,,,,,,,,,,,,,,,,,,,,,,,,,,,,,,,,,,,,,,,,,,,,,,,,,,,,,,,,,,,,,,,,,,,,,,,,,,
Die/12,"dashisi,close,-181,-16,124,0,2,1,1,0","dashisi,neck,-146,-33,123,0,4,1,1,0","dashisi,body,-111,-35,96,0,5,1,1,0","dashisi,arm_up,-102,2,84,0,5,1,1,0","dashisi,arm_low,-47,3,97,0,2,1,1,0","dashisi,open,2,1,71,0,4,1,1,0","dashisi,arm_up,-194,-44,-77,1,13,1,1,0","dashisi,arm_low,-243,-27,-50,0,3,1,1,0","dashisi,open,-278,-7,-50,1,4,1,1,0","dashisi,leg_up,-24,-21,109,0,7,1,1,0","dashisi,leg_low,16,-16,68,0,10,1,1,0","dashisi,foot,51,-9,46.4,0,9,1,1,0","dashisi,leg_up,-26,-63,90,0,16,1,1,0","dashisi,leg_low,17,-38,40,0,18,1,1,0","dashisi,foot,44,-23,2,0,15,0.9,0.9,0","dashisi,base,763,-9,87,0,5,1,1,0",,"dashisi,feather,-151,23,-173,0,5,1,1,0","dashisi,wing4,-105,-50,-90,0,16,1,1,70","dashisi,skirt,-49,-40,108,0,6,1.2,0.7,0",,,,,,,,,,,,,,,,,,,,,,,,,,,,,,,,,,,,,,,,,,,,,,,,,,,,,,,,,,,,,,,,,,,,,,,,,,,,,,,,,,,,,,,,,,,,,,,,,,,
Knockdown/0,"dashisi,close,27,-417,-24,0,2,1,1,0","dashisi,neck,12,-380,2,0,4,1,1,0","dashisi,body,2,-336,-11.5,0,5,1,1,0","dashisi,arm_up,-31,-358,-30,0,5,1,1,0","dashisi,arm_low,-40,-325,19,0,2,1,1,0","dashisi,fist,-29,-282,-8,0,4,1,1,0","dashisi,arm_up,39,-332,4,1,13,1,1,0","dashisi,arm_low,34,-295,-42,0,3,1,1,0","dashisi,fist_back,-3,-266,-65,0,4,1,1,0","dashisi,leg_up,-36,-248,-15.7,0,7,1,1,0","dashisi,leg_low,-64,-202,-31,0,10,1,1,0","dashisi,foot,-74,-165,-36.6,0,9,1,1,0","dashisi,leg_up,19,-239,23.7,0,16,1,1,0","dashisi,leg_low,17,-188,-9.5,0,18,1,1,0","dashisi,foot,14,-157,-25,0,15,0.9,0.9,0","dashisi,base,62,-181,39,0,5,1,1,0",,"dashisi,feather,-17,-460,-19,0,5,1,1,0","dashisi,wing1,-13,-362,-37,0,9,1,1,70","dashisi,skirt,-14,-268,-6,0,6,1.3,0.6,0",,,,,,,,,,,,,,,,,,,,,,,,,,,,,,,,,,,,,,,,,,,,,,,,,,,,,,,,,,,,,,,,,,,,,,,,,,,,,,,,,,,,,,,,,,,,,,,,,,,
Knockdown/1,"dashisi,close,37,-405,-31,0,2,1,1,0","dashisi,neck,17,-374,-3,0,4,1,1,0","dashisi,body,2,-333,-16.5,0,5,1,1,0","dashisi,arm_up,-28,-356,-40,0,5,1,1,0","dashisi,arm_low,-43,-325,8,0,2,1,1,0","dashisi,fist,-45,-280,-33,0,4,1,1,0","dashisi,arm_up,39,-325,-1,1,13,1,1,0","dashisi,arm_low,32,-288,-35,0,3,1,1,0","dashisi,open,-2,-253,-40,1,5,1,1,0","dashisi,leg_up,-42,-249,-20.7,0,7,1,1,0","dashisi,leg_low,-74,-205,-36,0,10,1,1,0","dashisi,foot,-84,-168,-41.6,0,9,1,1,0","dashisi,leg_up,14,-237,18.7,0,16,1,1,0","dashisi,leg_low,4,-186,-28.5,0,18,1,1,0","dashisi,foot,-1,-155,-30,0,15,0.9,0.9,0","dashisi,base,23,-179,34,0,5,1,1,0",,"dashisi,feather,-2,-458,-24,0,5,1,1,0","dashisi,wing1,-8,-360,-44,0,9,1,1,70","dashisi,skirt,-19,-270,-13,0,6,1.3,0.6,0",,,,,,,,,,,,,,,,,,,,,,,,,,,,,,,,,,,,,,,,,,,,,,,,,,,,,,,,,,,,,,,,,,,,,,,,,,,,,,,,,,,,,,,,,,,,,,,,,,,
Knockdown/2,"dashisi,close,69,-374,-61,0,2,1,1,0","dashisi,neck,41,-345,-26,0,4,1,1,0","dashisi,body,10,-320,-39.5,0,5,1,1,0","dashisi,arm_up,-11,-354,-76,0,5,1,1,0","dashisi,arm_low,-34,-330,-12,0,2,1,1,0","dashisi,fist,-52,-288,-53,0,4,1,1,0","dashisi,arm_up,41,-300,-1,1,13,1,1,0","dashisi,arm_low,34,-260,-25,0,3,1,1,0","dashisi,open,12,-221,-10,1,5,1,1,0","dashisi,leg_up,-60,-258,-20.7,0,7,1,1,0","dashisi,leg_low,-95,-225,-66,0,10,1,1,0","dashisi,foot,-128,-207,-91.6,0,9,1,1,0","dashisi,leg_up,-12,-228,-1.3,0,16,1,1,0","dashisi,leg_low,-38,-183,-48.5,0,18,1,1,0","dashisi,foot,-54,-156,-50,0,15,0.9,0.9,0","dashisi,base,-26,-182,13,0,5,1,1,0",,"dashisi,feather,58,-435,-54,0,5,1,1,0","dashisi,wing1,16,-344,-67,0,9,1,1,70","dashisi,skirt,-31,-270,-33,0,6,1.3,0.6,0",,,,,,,,,,,,,,,,,,,,,,,,,,,,,,,,,,,,,,,,,,,,,,,,,,,,,,,,,,,,,,,,,,,,,,,,,,,,,,,,,,,,,,,,,,,,,,,,,hold,,
Knockdown/3,"dashisi,head,71,-351,-32,0,2,1,1,0","dashisi,neck,41,-311,-30,0,4,1,1,0","dashisi,body,17,-294,-46.5,0,5,1,1,0","dashisi,arm_up,-8,-333,-80,0,5,1,1,0","dashisi,arm_low,-35,-313,-16,0,2,1,1,0","dashisi,fist,-54,-274,-57,0,4,1,1,0","dashisi,arm_up,49,-266,-25,1,13,1,1,0","dashisi,arm_low,32,-229,-29,0,3,1,1,0","dashisi,open,3,-193,-24,1,5,1,1,0","dashisi,leg_up,-67,-240,-24.7,0,7,1,1,0","dashisi,leg_low,-102,-213,-70,0,10,1,1,0","dashisi,foot,-137,-195,-95.6,0,9,1,1,0","dashisi,leg_up,-19,-208,-5.3,0,16,1,1,0","dashisi,leg_low,-47,-168,-52.5,0,18,1,1,0","dashisi,foot,-70,-138,-55,0,15,0.9,0.9,0","dashisi,base,-61,-161,-3,0,5,1,1,0",,"dashisi,feather,31,-394,-18,0,5,1,1,0","dashisi,wing1,16,-323,-71,0,9,1,1,70","dashisi,skirt,-37,-253,-37,0,6,1.3,0.6,0",,,,,,,,,,,,,,,,,,,,,,,,,,,,,,,,,,,,,,,,,,,,,,,,,,,,,,,,,,,,,,,,,,,,,,,,,,,,,,,,,,,,,,,,,,,,,,,,,,,
Knockdown/4,"dashisi,head,80,-334,-45,0,2,1,1,0","dashisi,neck,47,-305,-36,0,4,1,1,0","dashisi,body,17,-288,-52.5,0,5,1,1,0","dashisi,arm_up,-2,-332,-86,0,5,1,1,0","dashisi,arm_low,-35,-316,-32,0,2,1,1,0","dashisi,fist,-62,-284,-65,0,4,1,1,0","dashisi,arm_up,49,-260,-31,1,13,1,1,0","dashisi,arm_low,26,-223,-35,0,3,1,1,0","dashisi,open,-3,-187,-30,1,5,1,1,0","dashisi,leg_up,-67,-244,-30.7,0,7,1,1,0","dashisi,leg_low,-108,-219,-76,0,10,1,1,0","dashisi,foot,-143,-207,-101.6,0,9,1,1,0","dashisi,leg_up,-25,-205,-13.3,0,16,1,1,0","dashisi,leg_low,-59,-168,-58.5,0,18,1,1,0","dashisi,foot,-85,-144,-72,0,15,0.9,0.9,0","dashisi,base,-85,-177,-11,0,5,1,1,0",,"dashisi,feather,55,-388,-44,0,5,1,1,0","dashisi,wing1,22,-317,-77,0,9,1,1,70","dashisi,skirt,-37,-253,-43,0,6,1.3,0.6,0",,,,,,,,,,,,,,,,,,,,,,,,,,,,,,,,,,,,,,,,,,,,,,,,,,,,,,,,,,,,,,,,,,,,,,,,,,,,,,,,,,,,,,,,,,,,,,,,,,,
Standup/0,"dashisi,head,95,-278,-87,0,2,1,1,0","dashisi,neck,57,-276,-56,0,4,1,1,0","dashisi,body,22,-270,-72.5,0,5,1,1,0","dashisi,arm_up,19,-318,-106,0,5,1,1,0","dashisi,arm_low,-25,-317,-62,0,2,1,1,0","dashisi,fist,-63,-303,-95,0,4,1,1,0","dashisi,arm_up,43,-233,-51,1,13,1,1,0","dashisi,arm_low,-5,-212,-85,0,3,1,1,0","dashisi,open,-51,-213,-80,1,5,1,1,0","dashisi,leg_up,-72,-258,-70.7,0,7,1,1,0","dashisi,leg_low,-119,-258,-96,0,10,1,1,0","dashisi,foot,-156,-259,-121.6,0,9,1,1,0","dashisi,leg_up,-56,-215,-37.3,0,16,1,1,0","dashisi,leg_low,-102,-194,-78.5,0,18,1,1,0","dashisi,foot,-133,-189,-102,0,15,0.9,0.9,0","dashisi,base,-122,-201,-33,0,5,1,1,0",,"dashisi,feather,103,-339,-86,0,5,1,1,0","dashisi,wing1,36,-288,-102,0,9,1,1,70","dashisi,skirt,-40,-256,-75,0,6,1.3,0.6,0",,,,,,,,,,,,,,,,,,,,,,,,,,,,,,,,,,,,,,,,,,,,,,,,,,,,,,,,,,,,,,,,,,,,,,,,,,,,,,,,,,,,,,,,,,,,,,,,,,,
Standup/1,"dashisi,head,85,-218,-117,0,2,1,1,0","dashisi,neck,52,-233,-86,0,4,1,1,0","dashisi,body,16,-248,-102.5,0,5,1,1,0","dashisi,arm_up,43,-290,-146,0,5,1,1,0","dashisi,arm_low,11,-322,-92,0,2,1,1,0","dashisi,fist,-29,-332,-125,0,4,1,1,0","dashisi,arm_up,17,-206,-81,1,13,1,1,0","dashisi,arm_low,-33,-214,-117,0,3,1,1,0","dashisi,open,-73,-246,-120,1,5,1,1,0","dashisi,leg_up,-60,-304,-120.7,0,7,1,1,0","dashisi,leg_low,-91,-352,-146,0,10,1,1,0","dashisi,foot,-113,-378,-171.6,0,9,1,1,0","dashisi,leg_up,-76,-257,-97.3,0,16,1,1,0","dashisi,leg_low,-117,-284,-138.5,0,18,1,1,0","dashisi,foot,-145,-313,-172,0,15,0.9,0.9,0","dashisi,base,-132,-296,-73,0,5,1,1,0",,"dashisi,feather,135,-264,-136,0,5,1,1,0","dashisi,wing1,40,-256,-142,0,9,1,1,70","dashisi,skirt,-42,-267,-105,0,6,1.3,0.6,0",,,,,,,,,,,,,,,,,,,,,,,,,,,,,,,,,,,,,,,,,,,,,,,,,,,,,,,,,,,,,,,,,,,,,,,,,,,,,,,,,,,,,,,,,,,,,,,,,,,
Standup/2,"dashisi,head,35,-183,-150,0,2,1,1,0","dashisi,neck,15,-212,-116,0,4,1,1,0","dashisi,body,-9,-245,-132.5,0,5,1,1,0","dashisi,arm_up,36,-268,-180,0,5,1,1,0","dashisi,arm_low,25,-309,-122,0,2,1,1,0","dashisi,fist,-6,-341,-155,0,4,1,1,0","dashisi,arm_up,-28,-206,-111,1,13,1,1,0","dashisi,arm_low,-77,-227,-115,0,3,1,1,0","dashisi,open,-115,-249,-109,1,5,1,1,0","dashisi,leg_up,-45,-331,-150.7,0,7,1,1,0","dashisi,leg_low,-39,-386,160,0,10,1,1,0","dashisi,foot,-25,-425,127,0,9,1,1,0","dashisi,leg_up,-91,-291,-106.3,0,16,1,1,0","dashisi,leg_low,-107,-331,180,0,18,1,1,0","dashisi,foot,-110,-368,150,0,15,0.9,0.9,0","dashisi,base,-105,-361,-103,0,5,1,1,0",,"dashisi,feather,105,-197,-168,0,5,1,1,0","dashisi,wing1,16,-238,-180,0,9,1,1,70","dashisi,skirt,-50,-290,-135,0,6,1.3,0.6,0",,,,,,,,,,,,,,,,,,,,,,,,,,,,,,,,,,,,,,,,,,,,,,,,,,,,,,,,,,,,,,,,,,,,,,,,,,,,,,,,,,,,,,,,,,,,,,,,,,,
Standup/3,"dashisi,head,-61,-175,170,0,2,1,1,0","dashisi,neck,-51,-208,-170,0,4,1,1,0","dashisi,body,-43,-249,180,0,5,1,1,0","dashisi,arm_up,4,-228,140,0,5,1,1,0","dashisi,arm_low,26,-265,168,0,2,1,1,0","dashisi,fist,36,-306,140,0,4,1,1,0","dashisi,arm_up,-84,-236,-170,1,13,1,1,0","dashisi,arm_low,-103,-289,-170,0,3,1,1,0","dashisi,open,-109,-336,-170,1,5,1,1,0","dashisi,leg_up,0,-332,160,0,7,1,1,0","dashisi,leg_low,49,-360,105,0,10,1,1,0","dashisi,foot,88,-372,75,0,9,1,1,0","dashisi,leg_up,-69,-341,-156.3,0,16,1,1,0","dashisi,leg_low,-56,-391,150,0,18,1,1,0","dashisi,foot,-39,-424,120,0,15,0.9,0.9,0","dashisi,base,-14,-396,-153,0,5,1,1,0",,"dashisi,feather,-5,-131,150,0,5,1,1,0","dashisi,wing1,-30,-224,140,0,9,1,1,70","dashisi,skirt,-35,-307,180,0,6,1.3,0.6,0",,,,,,,,,,,,,,,,,,,,,,,,,,,,,,,,,,,,,,,,,,,,,,,,,,,,,,,,,,,,,,,,,,,,,,,,,,,,,,,,,,,,,,,,,,,,,,,,,,,
Standup/4,"dashisi,head,-102,-263,140,0,2,1,1,0","dashisi,neck,-78,-297,170,0,4,1,1,0","dashisi,body,-51,-319,150,0,5,1,1,0","dashisi,arm_up,-20,-276,100,0,5,1,1,0","dashisi,arm_low,19,-291,138,0,2,1,1,0","dashisi,fist,50,-323,110,0,4,1,1,0","dashisi,arm_up,-93,-329,170,1,13,1,1,0","dashisi,arm_low,-83,-384,170,0,3,1,1,0","dashisi,open,-65,-428,170,1,5,1,1,0","dashisi,leg_up,25,-369,130,0,7,1,1,0","dashisi,leg_low,83,-379,85,0,10,1,1,0","dashisi,foot,123,-375,45,0,9,1,1,0","dashisi,leg_up,-28,-412,167,0,16,1,1,0","dashisi,leg_low,9,-450,120,0,18,1,1,0","dashisi,foot,41,-469,90,0,15,0.9,0.9,0","dashisi,base,47,-427,180,0,5,1,1,0",,"dashisi,feather,-78,-197,120,0,5,1,1,0","dashisi,wing2,-54,-291,100,0,9,1,1,70","dashisi,skirt,-17,-366,148,0,6,1.3,0.6,0",,,,,,,,,,,,,,,,,,,,,,,,,,,,,,,,,,,,,,,,,,,,,,,,,,,,,,,,,,,,,,,,,,,,,,,,,,,,,,,,,,,,,,,,,,,,,,,,,play_time_mod_0.5,,
Standup/5,"dashisi,head,-97,-415,56,0,2,1,1,0","dashisi,neck,-63,-397,90,0,4,1,1,0","dashisi,body,-36,-376,70,0,5,1,1,0","dashisi,arm_up,-74,-339,20,0,5,1,1,0","dashisi,arm_low,-54,-301,58,0,2,1,1,0","dashisi,fist,-20,-274,30,0,4,1,1,0","dashisi,arm_up,-31,-417,90,1,13,1,1,0","dashisi,arm_low,23,-419,80,0,3,1,1,0","dashisi,open,60,-402,60,1,5,1,1,0","dashisi,leg_up,27,-314,47,0,7,1,1,0","dashisi,leg_low,45,-256,5,0,10,1,1,0","dashisi,foot,51,-216,-35,0,9,1,1,0","dashisi,leg_up,61,-369,90,0,16,1,1,0","dashisi,leg_low,101,-339,40,0,18,1,1,0","dashisi,foot,128,-311,10,0,15,0.9,0.9,0","dashisi,base,87,-292,98,0,5,1,1,0",,"dashisi,feather,-151,-362,60,0,5,1,1,0","dashisi,wing3,-75,-371,70,0,9,1,1,70","dashisi,skirt,16,-348,63,0,6,1.3,0.6,0",,,,,,,,,,,,,,,,,,,,,,,,,,,,,,,,,,,,,,,,,,,,,,,,,,,,,,,,,,,,,,,,,,,,,,,,,,,,,,,,,,,,,,,,,,,,,,,,,play_time_mod_0.25,,
Standup/6,"dashisi,head,-67,-427,32,0,2,1,1,0","dashisi,neck,-42,-400,70,0,4,1,1,0","dashisi,body,-25,-370,50,0,5,1,1,0","dashisi,arm_up,-71,-346,-12,0,5,1,1,0","dashisi,arm_low,-67,-306,38,0,2,1,1,0","dashisi,fist,-45,-268,10,0,4,1,1,0","dashisi,arm_up,-6,-407,70,1,13,1,1,0","dashisi,arm_low,36,-379,30,0,3,1,1,0","dashisi,open,49,-331,20,1,5,1,1,0","dashisi,leg_up,14,-290,27,0,7,1,1,0","dashisi,leg_low,8,-229,-24,0,10,1,1,0","dashisi,foot,0,-192,-39,0,9,1,1,0","dashisi,leg_up,64,-320,70,0,16,1,1,0","dashisi,leg_low,94,-271,20,0,18,1,1,0","dashisi,foot,108,-243,-10,0,15,0.9,0.9,0","dashisi,base,62,-249,78,0,5,1,1,0",,"dashisi,feather,-131,-391,63,0,5,1,1,0","dashisi,wing4,-46,-338,123,0,9,1,1,70","dashisi,skirt,17,-326,38,0,6,1.3,0.6,0",,,,,,,,,,,,,,,,,,,,,,,,,,,,,,,,,,,,,,,,,,,,,,,,,,,,,,,,,,,,,,,,,,,,,,,,,,,,,,,,,,,,,,,,,,,,,,,,,play_time_mod_0.25,,
Standup/7,"dashisi,head,-40,-426,16,0,2,1,1,0","dashisi,neck,-22,-393,58,0,4,1,1,0","dashisi,body,-12,-361,38,0,5,1,1,0","dashisi,arm_up,-55,-342,-1,0,5,1,1,0","dashisi,arm_low,-55,-300,26,0,2,1,1,0","dashisi,fist,-41,-259,-2,0,4,1,1,0","dashisi,arm_up,15,-383,58,1,13,1,1,0","dashisi,arm_low,47,-349,18,0,3,1,1,0","dashisi,open,45,-302,-10,1,5,1,1,0","dashisi,leg_up,8,-276,15,0,7,1,1,0","dashisi,leg_low,-8,-217,-32,0,10,1,1,0","dashisi,foot,-21,-182,-49,0,9,1,1,0","dashisi,leg_up,64,-292,56,0,16,1,1,0","dashisi,leg_low,83,-239,13,0,18,1,1,0","dashisi,foot,92,-210,-22,0,15,0.9,0.9,0","dashisi,base,60,-218,66,0,5,1,1,0",,"dashisi,feather,-103,-424,41,0,5,1,1,0","dashisi,wing5,-39,-328,105,0,16,1,1,70","dashisi,skirt,19,-311,26,0,6,1.3,0.6,0",,,,,,,,,,,,,,,,,,,,,,,,,,,,,,,,,,,,,,,,,,,,,,,,,,,,,,,,,,,,,,,,,,,,,,,,,,,,,,,,,,,,,,,,,,,,,,,,,play_time_mod_0.5,,
Standup/8,"dashisi,head,-17,-419,2,0,2,1,1,0","dashisi,neck,-7,-384,44,0,4,1,1,0","dashisi,body,-1,-351,28,0,5,1,1,0","dashisi,arm_up,-44,-340,-8,0,5,1,1,0","dashisi,arm_low,-48,-295,16,0,2,1,1,0","dashisi,fist,-42,-251,-2,0,4,1,1,0","dashisi,arm_up,28,-367,42,1,13,1,1,0","dashisi,arm_low,50,-324,-3,0,3,1,1,0","dashisi,open,38,-277,-13,1,5,1,1,0","dashisi,leg_up,4,-264,5,0,7,1,1,0","dashisi,leg_low,-22,-209,-42,0,10,1,1,0","dashisi,foot,-42,-176,-59,0,9,1,1,0","dashisi,leg_up,62,-269,46,0,16,1,1,0","dashisi,leg_low,71,-214,3,0,18,1,1,0","dashisi,foot,75,-183,-32,0,15,0.9,0.9,0","dashisi,base,69,-208,66,0,5,1,1,0",,"dashisi,feather,-80,-428,19,0,5,1,1,0","dashisi,wing3,-34,-341,74,0,16,1,1,70","dashisi,skirt,20,-297,16,0,6,1.3,0.6,0",,,,,,,,,,,,,,,,,,,,,,,,,,,,,,,,,,,,,,,,,,,,,,,,,,,,,,,,,,,,,,,,,,,,,,,,,,,,,,,,,,,,,,,,,,,,,,,,,,,
Standup/9,"dashisi,head,6,-423,-8,0,2,1,1,0","dashisi,neck,9,-385,34,0,4,1,1,0","dashisi,body,6,-346,10,0,5,1,1,0","dashisi,arm_up,-34,-345,-11,0,5,1,1,0","dashisi,arm_low,-37,-304,16,0,2,1,1,0","dashisi,fist,-29,-265,-12,0,4,1,1,0","dashisi,arm_up,40,-354,23,1,13,1,1,0","dashisi,arm_low,41,-315,-35,0,3,1,1,0","dashisi,open,5,-278,-28,1,5,1,1,0","dashisi,leg_up,-12,-252,-10,0,7,1,1,0","dashisi,leg_low,-33,-203,-22,0,10,1,1,0","dashisi,foot,-41,-166,-39,0,9,1,1,0","dashisi,leg_up,47,-257,25,0,16,1,1,0","dashisi,leg_low,46,-203,-7,0,18,1,1,0","dashisi,foot,44,-164,-31,0,15,0.9,0.9,0","dashisi,base,76,-200,56,0,5,1,1,0",,"dashisi,feather,-56,-446,0,0,5,1,1,0","dashisi,wing2,-11,-377,-9,0,16,1,1,70","dashisi,skirt,15,-288,1,0,6,1.3,0.6,0",,,,,,,,,,,,,,,,,,,,,,,,,,,,,,,,,,,,,,,,,,,,,,,,,,,,,,,,,,,,,,,,,,,,,,,,,,,,,,,,,,,,,,,,,,,,,,,,,,,
Standup/10,"dashisi,head,5,-417,-8,0,2,1,1,0","dashisi,neck,0,-376,13,0,4,1,1,0","dashisi,body,-1,-330,-2.5,0,5,1,1,0","dashisi,arm_up,-40,-336,-16,0,5,1,1,0","dashisi,arm_low,-38,-300,36,0,2,1,1,0","dashisi,fist,-21,-263,-6,0,4,1,1,0","dashisi,arm_up,36,-336,13,1,13,1,1,0","dashisi,arm_low,34,-296,-32,0,3,1,1,0","dashisi,fist_back,6,-258,-57,0,4,1,1,0","dashisi,leg_up,-24,-234,-7.7,0,7,1,1,0","dashisi,leg_low,-44,-187,-26,0,10,1,1,0","dashisi,foot,-49,-150,-30.6,0,9,1,1,0","dashisi,leg_up,30,-231,35.7,0,16,1,1,0","dashisi,leg_low,36,-182,-4.5,0,18,1,1,0","dashisi,foot,42,-151,-15,0,15,0.9,0.9,0","dashisi,base,92,-192,56,0,5,1,1,0",,"dashisi,feather,-44,-452,-13,0,5,1,1,0","dashisi,wing3,-37,-360,0,0,16,1.5,1,70","dashisi,skirt,-5,-261,3,0,6,1.3,0.6,0",,,,,,,,,,,,,,,,,,,,,,,,,,,,,,,,,,,,,,,,,,,,,,,,,,,,,,,,,,,,,,,,,,,,,,,,,,,,,,,,,,,,,,,,,,,,,,,,,,,
Spirit/0,"dashisi,close,-31,-312,40,0,2,1,1,0","dashisi,neck,-13,-277,43,0,4,1,1,0","dashisi,body,7,-241,31.5,0,5,1,1,0","dashisi,arm_up,-40,-223,-25,0,5,1,1,0","dashisi,arm_low,-64,-182,-36,0,4,1,1,0","dashisi,open,-90,-149,-24,1,6,1,1,0","dashisi,arm_up,27,-290,135,1,13,1,1,0","dashisi,arm_low,51,-333,170,1,13,1,1,0","dashisi,open,54,-374,168,0,16,1,1,0","dashisi,leg_up,25,-148,1.3,0,7,1,1,0","dashisi,leg_low,6,-100,-36,0,10,1,1,0","dashisi,foot,-5,-62,-22.6,0,9,1,1,0","dashisi,leg_up,65,-177,48.7,0,16,1,1,0","dashisi,leg_low,85,-127,11.5,0,18,1,1,0","dashisi,foot,99,-93,-5,0,15,1,1,0",,,"dashisi,feather,-68,-282,85,0,5,1,1,0","dashisi,wing1,-10,-235,56,0,9,1,1,6","dashisi,skirt,33,-183,24,0,6,1.3,0.6,0",,,,,,,,,,,,,,,,,,,,,,,,,,,,,,,,,,,,,,,,,,,,,,,,,,,,,,,,,,,,,,,,,,,,,,,,,,,,,,,,,,,,,,,,,,,,,,,,,"hold,effect_fade_5,effect_grey",,
Attack1/0,"dashisi,head,3,-417,-4,0,2,1,1,0","dashisi,neck,-2,-374,19,0,4,1,1,0","dashisi,body,-1,-330,-2.5,0,5,1,1,0","dashisi,arm_up,-33,-340,4,0,5,1,1,0","dashisi,arm_low,-18,-294,36,0,2,1,1,0","dashisi,fist,-1,-257,-6,0,4,1,1,0","dashisi,arm_up,33,-338,23,1,13,1,1,0","dashisi,arm_low,46,-293,-1,0,3,1,1,0","dashisi,fist_back,45,-251,-7,0,4,1,1,0","dashisi,leg_up,-26,-238,-7.7,0,7,1,1,0","dashisi,leg_low,-46,-191,-26,0,10,1,1,0","dashisi,foot,-51,-154,-30.6,0,9,1,1,0","dashisi,leg_up,30,-231,35.7,0,16,1,1,0","dashisi,leg_low,36,-182,-4.5,0,18,1,1,0","dashisi,foot,42,-151,-15,0,15,0.9,0.9,0","dashisi,base,155,-247,88,0,5,1,1,0",,"dashisi,feather,-47,-450,-9,0,5,1,1,0","dashisi,wing3,-37,-360,3,0,16,1.5,1,70","dashisi,skirt,-5,-266,2,0,6,1.3,0.6,0",,,,,,,,,,,,,,,,,,,,,,,,,,,,,,,,,,,,,,,,,,,,,,,,,,,,,,,,,,,,,,,,,,,,,,,,,,,,,,,,,,,,,,,,,,,,,,,,,,,
Attack1/1,"dashisi,head,-4,-427,1,0,2,1,1,0","dashisi,neck,-1,-385,25,0,4,1,1,0","dashisi,body,-2,-343,-1.5,0,5,1,1,0","dashisi,arm_up,-23,-348,35,0,5,1,1,0","dashisi,arm_low,12,-307,57,0,2,1,1,0","dashisi,fist,51,-290,45,0,4,1,1,0","dashisi,arm_up,30,-360,29,1,13,1,1,0","dashisi,arm_low,60,-327,64,0,3,1,1,0","dashisi,fist_back,97,-305,55,0,4,1,1,0","dashisi,leg_up,-23,-252,-3.7,0,7,1,1,0","dashisi,leg_low,-40,-202,-23,0,10,1,1,0","dashisi,foot,-44,-166,-30.6,0,9,1,1,0","dashisi,leg_up,34,-254,36.7,0,16,1,1,0","dashisi,leg_low,43,-201,-3.5,0,18,1,1,0","dashisi,foot,50,-170,-14,0,15,0.9,0.9,0","dashisi,base,189,-353,119,0,5,1,1,0",,"dashisi,feather,-55,-450,-6,0,5,1,1,0","dashisi,wing4,-48,-377,6,0,16,1.5,1,70","dashisi,skirt,0,-282,6,0,6,1.3,0.6,0",,,,,,,,,,,,,,,,,,,,,,,,,,,,,,,,,,,,,,,,,,,,,,,,,,,,,,,,,,,,,,,,,,,,,,,,,,,,,,,,,,,,,,,,,,,,,,,,,,,
Attack1/2,"dashisi,head,-2,-437,5,0,2,1,1,0","dashisi,neck,1,-400,29,0,4,1,1,0","dashisi,body,-2,-352,-1.5,0,5,1,1,0","dashisi,arm_up,-10,-366,69,0,5,1,1,0","dashisi,arm_low,46,-350,89,0,2,1,1,0","dashisi,fist,91,-350,75,0,4,1,1,0","dashisi,arm_up,50,-379,79,1,13,1,1,0","dashisi,arm_low,81,-382,95,0,3,1,1,0","dashisi,fist_back,115,-382,85,0,4,1,1,0","dashisi,leg_up,-23,-263,-3.7,0,7,1,1,0","dashisi,leg_low,-40,-213,-20,0,10,1,1,0","dashisi,foot,-42,-176,-30.6,0,9,1,1,0","dashisi,leg_up,38,-266,38.7,0,16,1,1,0","dashisi,leg_low,47,-213,-3.5,0,18,1,1,0","dashisi,foot,54,-183,-14,0,15,0.9,0.9,0","dashisi,base,168,-476,152,0,5,1,1,0",,"dashisi,feather,-58,-457,2,0,5,1,1,0","dashisi,wing5,-44,-399,-27,0,21,1.5,1,70","dashisi,skirt,0,-293,6,0,6,1.3,0.6,0",,,,,,,,,,,,,,,,,,,,,,,,,,,,,,,,,,,,,,,,,,,,,,,,,,,,,,,,,,,,,,,,,,,,,,,,,,,,,,,,,,,,,,,,,,,,,,,,,,,
Attack1/3,"dashisi,head,-9,-450,11,0,2,1,1,0","dashisi,neck,-1,-413,31,0,4,1,1,0","dashisi,body,-1,-366,5.5,0,5,1,1,0","dashisi,arm_up,0,-386,85,0,5,1,1,0","dashisi,arm_low,57,-384,111,0,2,1,1,0","dashisi,fist,101,-398,101,0,4,1,1,0","dashisi,arm_up,40,-399,119,1,13,1,1,0","dashisi,arm_low,69,-418,123,0,3,1,1,0","dashisi,fist_back,105,-441,115,0,4,1,1,0","dashisi,leg_up,-19,-278,-8.7,0,7,1,1,0","dashisi,leg_low,-43,-228,-20,0,10,1,1,0","dashisi,foot,-46,-191,-30.6,0,9,1,1,0","dashisi,leg_up,42,-277,40.7,0,16,1,1,0","dashisi,leg_low,47,-223,-3.5,0,18,1,1,0","dashisi,foot,54,-193,-14,0,15,0.9,0.9,0","dashisi,base,98,-546,-175,0,5,1,1,0",,"dashisi,feather,-68,-464,3,0,5,1,1,0","dashisi,wing4,-44,-402,3,0,21,1.5,1,70","dashisi,skirt,3,-305,2,0,6,1.3,0.7,0",,,,,,,,,,,,,,,,,,,,,,,,,,,,,,,,,,,,,,,,,,,,,,,,,,,,,,,,,,,,,,,,,,,,,,,,,,,,,,,,,,,,,,,,,,,,,,,,,,,
Attack1/4,"dashisi,head,-13,-460,18,0,2,1,1,0","dashisi,neck,-3,-426,28,0,4,1,1,0","dashisi,body,-1,-376,7.5,0,5,1,1,0","dashisi,arm_up,4,-399,94,0,5,1,1.1,0","dashisi,arm_low,61,-431,151,0,2,1,1.1,0","dashisi,fist,88,-474,143,0,4,1,1,0","dashisi,arm_up,38,-411,121,1,13,1,1,0","dashisi,arm_low,47,-453,165,0,5,1,1,0","dashisi,fist_back,61,-492,147,0,6,1,1,0","dashisi,leg_up,-12,-288,-11.7,0,7,1,1,0","dashisi,leg_low,-41,-239,-27,0,10,1,1,0","dashisi,foot,-50,-206,-29.6,0,9,1,1,0","dashisi,leg_up,49,-296,43.7,0,16,1,1,0","dashisi,leg_low,58,-241,-1.5,0,18,1,1,0","dashisi,foot,64,-209,-14,0,15,0.9,0.9,0","dashisi,base,-31,-555,-123,0,7,1,1,0",,"dashisi,feather,-75,-464,11,0,5,1,1,0","dashisi,wing3,-25,-414,5,0,21,1.5,1,70","dashisi,skirt,7,-318,14,0,6,1.3,0.7,0",,,,,,,,,,,,,,,,,,,,,,,,,,,,,,,,,,,,,,,,,,,,,,,,,,,,,,,,,,,,,,,,,,,,,,,,,,,,,,,,,,,,,,,,,,,,,,,,,,,
Attack1/5,"dashisi,head,-23,-473,27,0,2,1,1,0","dashisi,neck,-9,-440,32,0,4,1,1,0","dashisi,body,-1,-390,8.5,0,5,1,1,0","dashisi,arm_up,4,-416,106,0,5,1,1.1,0","dashisi,arm_low,54,-452,158,0,2,1,1.1,0","dashisi,fist,74,-495,148,0,4,1,1,0","dashisi,arm_up,34,-430,125,1,13,1,1,0","dashisi,arm_low,40,-472,171,0,5,1,1,0","dashisi,fist_back,49,-511,154,0,6,1,1,0","dashisi,leg_up,-5,-303,-8.7,0,7,1,1,0","dashisi,leg_low,-35,-250,-29,0,10,1,1,0","dashisi,foot,-40,-217,-32.6,0,9,1,1,0","dashisi,leg_up,54,-315,47.7,0,16,1,1,0","dashisi,leg_low,66,-260,2.5,0,18,1,1,0","dashisi,foot,76,-228,-10,0,15,0.9,0.9,0","dashisi,base,-50,-554,-112,0,7,1,1,0",,"dashisi,feather,-79,-467,21,0,5,1,1,0","dashisi,wing2,-17,-432,-9,0,21,1.2,1,70","dashisi,skirt,11,-333,18,0,6,1.3,0.7,0",,,,,,,,,,,,,,,,,,,,,,,,,,,,,,,,,,,,,,,,,,,,,,,,,,,,,,,,,,,,,,,,,,,,,,,,,,,,,,,,,,,,,,,,,,,,,,,,,,,"swing_flat_large,1000,0"
Attack1/6,"dashisi,head,20,-476,0,0,2,1,1,0","dashisi,neck,21,-440,2,0,4,1,1,0","dashisi,body,2,-394,-21.5,0,5,1,1,0","dashisi,arm_up,19,-412,76,0,5,1,1.1,0","dashisi,arm_low,82,-400,98,0,2,1,1.1,0","dashisi,fist,131,-397,48,0,4,1,1,0","dashisi,arm_up,61,-417,95,1,13,1,1,0","dashisi,arm_low,115,-426,98,0,5,1,1,0","dashisi,fist_back,156,-429,64,0,6,1,1,0","dashisi,leg_up,-46,-321,-18.7,0,7,1,1,0","dashisi,leg_low,-88,-280,-49,0,10,1,1,0","dashisi,foot,-108,-250,-56.6,0,9,1,1,0","dashisi,leg_up,15,-301,17.7,0,16,1,1,0","dashisi,leg_low,4,-248,-24.5,0,18,1,1,0","dashisi,foot,4,-216,-40,0,15,0.9,0.9,0","dashisi,swing,215,-528,150,0,7,1.1,1.1,0",,"dashisi,feather,-32,-493,-4,0,5,1,1,0","dashisi,wing1,-11,-438,-49,0,21,1.2,1,70","dashisi,skirt,-14,-337,-7,0,6,1.3,0.7,0",,,,,,,,,,,,,,,,,,,,,,,,,,,,,,,,,,,,,,,,,,,,,,,,,,,,,,,,,,,,,,,,,,,,,,,,,,,,,,,,,,,,,,,,,,,,,,,,,sprite_deal_damage,,
Attack1/7,"dashisi,head,41,-480,-16,0,2,1,1,0","dashisi,neck,34,-444,-8,0,4,1,1,0","dashisi,body,7,-401,-31.5,0,5,1,1,0","dashisi,arm_up,16,-423,56,0,5,1,1.1,0","dashisi,arm_low,67,-387,64,0,2,1,1.1,0","dashisi,fist,101,-360,18,0,4,1,1,0","dashisi,arm_up,69,-415,65,1,13,1,1,0","dashisi,arm_low,114,-392,58,0,5,1,1,0","dashisi,fist_back,145,-373,26,0,6,1,1,0","dashisi,leg_up,-55,-339,-37.7,0,7,1,1,0","dashisi,leg_low,-106,-320,-70,0,10,1,1,0","dashisi,foot,-140,-303,-96.6,0,9,1,1,0","dashisi,leg_up,3,-308,7.7,0,16,1,1,0","dashisi,leg_low,-16,-258,-34.5,0,18,1,1,0","dashisi,foot,-22,-227,-50,0,15,0.9,0.9,0","dashisi,swing,258,-392,100,0,7,1.1,1.1,0",,"dashisi,feather,-2,-512,-19,0,5,1,1,0","dashisi,wing1,2,-448,-59,0,21,1.2,1,70","dashisi,skirt,-22,-349,-27,0,6,1.3,0.7,0",,,,,,,,,,,,,,,,,,,,,,,,,,,,,,,,,,,,,,,,,,,,,,,,,,,,,,,,,,,,,,,,,,,,,,,,,,,,,,,,,,,,,,,,,,,,,,,,,"sprite_deal_damage,play_time_mod_0.5",,
Attack1/8,"dashisi,head,106,-457,-68,0,2,1,1,0","dashisi,neck,75,-438,-48,0,4,1,1,0","dashisi,body,28,-423,-71.5,0,5,1,1,0","dashisi,arm_up,49,-433,16,0,5,1,1.1,0","dashisi,arm_low,65,-373,24,0,2,1,1.1,0","dashisi,fist,74,-330,-22,0,4,1,1,0","dashisi,arm_up,85,-393,25,1,13,1,1,0","dashisi,arm_low,104,-347,18,0,5,1,1,0","dashisi,fist_back,115,-311,-14,0,6,1,1,0","dashisi,leg_up,-60,-413,-77.7,0,7,1,1,0","dashisi,leg_low,-111,-436,-113,0,10,1,1,0","dashisi,foot,-148,-446,-137.6,0,9,1,1,0","dashisi,leg_up,-40,-355,-34.3,0,16,1,1,0","dashisi,leg_low,-91,-329,-74.5,0,18,1,1,0","dashisi,foot,-127,-315,-93,0,15,0.9,0.9,0","dashisi,swing,214,-256,60,0,7,1.1,1.1,0",,"dashisi,feather,102,-510,-69,0,5,1,1,0","dashisi,wing1,54,-461,-99,0,21,1.2,1,70","dashisi,skirt,-28,-399,-67,0,6,1.3,0.7,0",,,,,,,,,,,,,,,,,,,,,,,,,,,,,,,,,,,,,,,,,,,,,,,,,,,,,,,,,,,,,,,,,,,,,,,,,,,,,,,,,,,,,,,,,,,,,,,,,"sprite_deal_damage,play_time_mod_0.4",,
Attack1/9,"dashisi,head,138,-386,-110,0,2,1,1,0","dashisi,neck,101,-391,-78,0,4,1,1,0","dashisi,body,54,-401,-101.5,0,5,1,1,0","dashisi,arm_up,77,-400,-14,0,5,1,1.1,0","dashisi,arm_low,60,-339,-6,0,2,1,1.1,0","dashisi,fist,47,-299,-52,0,4,1,1,0","dashisi,arm_up,87,-347,-5,1,13,1,1,0","dashisi,arm_low,81,-298,-12,0,5,1,1,0","dashisi,fist_back,73,-261,-44,0,6,1,1,0","dashisi,leg_up,-29,-439,-110.7,0,7,1,1,0","dashisi,leg_low,-60,-481,-154,0,10,1,1,0","dashisi,foot,-82,-510,-169.6,0,9,1,1,0","dashisi,leg_up,-48,-382,-84.3,0,16,1,1,0","dashisi,leg_low,-97,-399,-114.5,0,18,1,1,0","dashisi,foot,-134,-414,-143,0,15,0.9,0.9,0","dashisi,swing,133,-162,30,0,7,1.1,1.1,0",,"dashisi,feather,183,-442,-119,0,5,1,1,0","dashisi,wing1,95,-411,-142,0,21,1.2,1,70","dashisi,skirt,-8,-410,-97,0,6,1.3,0.7,0",,,,,,,,,,,,,,,,,,,,,,,,,,,,,,,,,,,,,,,,,,,,,,,,,,,,,,,,,,,,,,,,,,,,,,,,,,,,,,,,,,,,,,,,,,,,,,,,,"sprite_deal_damage,play_time_mod_0.3",,
Attack1/10,"dashisi,head,88,-334,-140,0,2,1,1,0","dashisi,neck,60,-355,-108,0,4,1,1,0","dashisi,body,22,-386,-131.5,0,5,1,1,0","dashisi,arm_up,43,-374,-44,0,5,1,1.1,0","dashisi,arm_low,-3,-333,-45,0,2,1,1.1,0","dashisi,fist,-37,-306,-82,0,4,1,1,0","dashisi,arm_up,26,-324,-35,1,13,1,1,0","dashisi,arm_low,-5,-286,-46,0,5,1,1,0","dashisi,fist_back,-42,-263,-84,0,6,1,1,0","dashisi,leg_up,-26,-460,-140.7,0,7,1,1,0","dashisi,leg_low,-37,-514,180,0,10,1,1,0","dashisi,foot,-45,-551,170,0,9,1,1,0","dashisi,leg_up,-75,-421,-114.3,0,16,1,1,0","dashisi,leg_low,-110,-460,-144.5,0,18,1,1,0","dashisi,foot,-134,-488,-180,0,15,0.9,0.9,0","dashisi,swing,-36,-146,0,0,7,1.1,1.1,0",,"dashisi,feather,155,-357,-149,0,5,1,1,0","dashisi,wing1,65,-377,-180,0,21,1.2,1,70","dashisi,skirt,-26,-425,-127,0,6,1.3,0.7,0",,,,,,,,,,,,,,,,,,,,,,,,,,,,,,,,,,,,,,,,,,,,,,,,,,,,,,,,,,,,,,,,,,,,,,,,,,,,,,,,,,,,,,,,,,,,,,,,,"sprite_deal_damage,play_time_mod_0.3",,
Attack1/11,"dashisi,head,40,-346,-180,0,2,1,1,0","dashisi,neck,26,-381,-150,0,4,1,1,0","dashisi,body,18,-428,-180,0,5,1,1,0","dashisi,arm_up,27,-407,-84,0,5,1,1.1,0","dashisi,arm_low,-34,-406,-85,0,2,1,1.1,0","dashisi,fist,-75,-406,-130,0,4,1,1,0","dashisi,arm_up,-15,-379,-75,1,13,1,1,0","dashisi,arm_low,-65,-370,-86,0,5,1,1,0","dashisi,fist_back,-109,-379,-130,0,6,1,1,0","dashisi,leg_up,30,-516,180,0,7,1,1,0","dashisi,leg_low,57,-564,140,0,10,1,1,0","dashisi,foot,75,-596,130,0,9,1,1,0","dashisi,leg_up,-39,-514,-170,0,16,1,1,0","dashisi,leg_low,-42,-564,170,0,18,1,1,0","dashisi,foot,-40,-604,150,0,15,0.9,0.9,0","dashisi,swing,-181,-280,-40,0,7,1.1,1.1,0",,"dashisi,feather,104,-341,-140,0,5,1,1,0","dashisi,wing1,42,-396,150,0,21,1.2,1,70","dashisi,skirt,7,-488,-170,0,6,1.3,0.7,0",,,,,,,,,,,,,,,,,,,,,,,,,,,,,,,,,,,,,,,,,,,,,,,,,,,,,,,,,,,,,,,,,,,,,,,,,,,,,,,,,,,,,,,,,,,,,,,,,"sprite_deal_damage,play_time_mod_0.2",,"swing_flat_large,1000,0"
Attack1/12,"dashisi,head,-78,-389,107,0,2,1,1,0","dashisi,neck,-43,-402,140,0,4,1,1,0","dashisi,body,0,-415,110,0,5,1,1,0","dashisi,arm_up,-16,-405,-170,0,5,1,1.1,0","dashisi,arm_low,-28,-466,-170,0,2,1,1.1,0","dashisi,fist,-40,-510,170,0,4,1,1,0","dashisi,arm_up,-52,-447,-160,1,13,1,1,0","dashisi,arm_low,-71,-491,-170,0,5,1,1,0","dashisi,fist_back,-70,-533,160,0,6,1,1,0","dashisi,leg_up,91,-421,100,0,7,1,1,0","dashisi,leg_low,143,-405,60,0,10,1,1,0","dashisi,foot,181,-392,50,0,9,1,1,0","dashisi,leg_up,75,-489,120,0,16,1,1,0","dashisi,leg_low,130,-502,92,0,18,1,1,0","dashisi,foot,164,-507,70,0,15,0.9,0.9,0","dashisi,swing,-167,-592,-120,0,7,1.1,1.1,0",,"dashisi,feather,-71,-327,150,0,5,1,1,0","dashisi,wing1,-25,-387,70,0,21,1.2,1,70","dashisi,skirt,61,-440,120,0,6,1.3,0.7,0",,,,,,,,,,,,,,,,,,,,,,,,,,,,,,,,,,,,,,,,,,,,,,,,,,,,,,,,,,,,,,,,,,,,,,,,,,,,,,,,,,,,,,,,,,,,,,,,,"sprite_deal_damage,play_time_mod_0.5",,
Attack1/13,"dashisi,head,-88,-485,47,0,2,1,1,0","dashisi,neck,-62,-460,80,0,4,1,1,0","dashisi,body,-27,-431,50,0,5,1,1,0","dashisi,arm_up,-44,-438,140,0,5,1,1.1,0","dashisi,arm_low,3,-481,140,0,2,1,1.1,0","dashisi,fist,39,-513,100,0,4,1,1,0","dashisi,arm_up,-25,-493,150,1,13,1,1,0","dashisi,arm_low,2,-528,140,0,5,1,1,0","dashisi,fist_back,41,-552,100,0,6,1,1,0","dashisi,leg_up,27,-355,39,0,7,1,1,0","dashisi,leg_low,38,-303,0,0,10,1,1,0","dashisi,foot,47,-267,-10,0,9,1,1,0","dashisi,leg_up,61,-401,70,0,16,1,1,0","dashisi,leg_low,98,-362,30,0,18,1,1,0","dashisi,foot,123,-331,10,0,15,0.9,0.9,0","dashisi,swing,39,-669,-180,0,7,1.1,1.1,0",,"dashisi,feather,-131,-451,90,0,5,1,1,0","dashisi,wing1,-63,-438,10,0,21,1.2,1,70","dashisi,skirt,20,-392,54,0,6,1.3,0.7,0",,,,,,,,,,,,,,,,,,,,,,,,,,,,,,,,,,,,,,,,,,,,,,,,,,,,,,,,,,,,,,,,,,,,,,,,,,,,,,,,,,,,,,,,,,,,,,,,,"sprite_deal_damage,play_time_mod_0.1",,
Attack1/14,"dashisi,head,-27,-525,-1,0,2,1,1,0","dashisi,neck,-27,-485,27,0,4,1,1,0","dashisi,body,-24,-445,7,0,5,1,1,0","dashisi,arm_up,-31,-461,97,0,5,1,1.1,0","dashisi,arm_low,34,-461,97,0,2,1,1.1,0","dashisi,fist,81,-459,57,0,4,1,1,0","dashisi,arm_up,19,-487,100,1,13,1,1,0","dashisi,arm_low,62,-494,92,0,5,1,1,0","dashisi,fist_back,104,-490,57,0,6,1,1,0","dashisi,leg_up,-41,-353,-6,0,7,1,1,0","dashisi,leg_low,-67,-309,-43,0,10,1,1,0","dashisi,foot,-82,-279,-53,0,9,1,1,0","dashisi,leg_up,20,-365,25,0,16,1,1,0","dashisi,leg_low,20,-313,-13,0,18,1,1,0","dashisi,foot,17,-276,-33,0,15,0.9,0.9,0","dashisi,swing,189,-569,137,0,7,1.1,1.1,0",,"dashisi,feather,-92,-526,37,0,5,1,1,0","dashisi,wing1,-46,-474,-33,0,21,1.2,1,70","dashisi,skirt,-18,-388,9,0,6,1.3,0.7,0",,,,,,,,,,,,,,,,,,,,,,,,,,,,,,,,,,,,,,,,,,,,,,,,,,,,,,,,,,,,,,,,,,,,,,,,,,,,,,,,,,,,,,,,,,,,,,,,,"sprite_deal_damage,play_time_mod_0.1",,
Attack1/15,"dashisi,head,23,-511,-19,0,2,1,1,0","dashisi,neck,8,-473,9,0,4,1,1,0","dashisi,body,-4,-435,-11,0,5,1,1,0","dashisi,arm_up,-9,-450,69,0,5,1,1.1,0","dashisi,arm_low,51,-421,69,0,2,1,1.1,0","dashisi,fist,89,-396,29,0,4,1,1,0","dashisi,arm_up,50,-449,62,1,13,1,1,0","dashisi,arm_low,90,-433,62,0,5,1,1,0","dashisi,fist_back,121,-412,32,0,6,1,1,0","dashisi,leg_up,-49,-354,-28,0,7,1,1,0","dashisi,leg_low,-85,-318,-41,0,10,1,1,0","dashisi,foot,-110,-283,-71,0,9,1,1,0","dashisi,leg_up,7,-348,7,0,16,1,1,0","dashisi,leg_low,-10,-298,-31,0,18,1,1,0","dashisi,foot,-26,-264,-51,0,15,0.9,0.9,0","dashisi,swing,225,-461,119,0,7,1.1,1.1,0",,"dashisi,feather,-42,-553,-1,0,5,1,1,0","dashisi,wing2,-10,-478,-36,0,21,1.2,1,70","dashisi,skirt,-18,-376,-14,0,6,1.3,0.7,0",,,,,,,,,,,,,,,,,,,,,,,,,,,,,,,,,,,,,,,,,,,,,,,,,,,,,,,,,,,,,,,,,,,,,,,,,,,,,,,,,,,,,,,,,,,,,,,,,"play_time_mod_0.1,sprite_deal_damage",,
Attack1/16,"dashisi,head,24,-489,-25,0,2,1,1,0","dashisi,neck,7,-451,9,0,4,1,1,0","dashisi,body,-4,-412,-11,0,5,1,1,0","dashisi,arm_up,-11,-431,49,0,5,1,1.1,0","dashisi,arm_low,30,-397,59,0,2,1,1.1,0","dashisi,fist,59,-367,19,0,4,1,1,0","dashisi,arm_up,36,-428,42,1,13,1,1,0","dashisi,arm_low,68,-398,42,0,5,1,1,0","dashisi,fist_back,89,-368,12,0,6,1,1,0","dashisi,leg_up,-50,-331,-28,0,7,1,1,0","dashisi,leg_low,-85,-295,-41,0,10,1,1,0","dashisi,foot,-109,-260,-71,0,9,1,1,0","dashisi,leg_up,7,-325,7,0,16,1,1,0","dashisi,leg_low,-10,-275,-31,0,18,1,1,0","dashisi,foot,-26,-242,-51,0,15,0.9,0.9,0","dashisi,swing,200,-311,63,0,7,1.1,1.1,0",,"dashisi,feather,-35,-534,-6,0,5,1,1,0","dashisi,wing2,-11,-455,-36,0,21,1.2,1,70","dashisi,skirt,-19,-353,-14,0,6,1.3,0.7,0",,,,,,,,,,,,,,,,,,,,,,,,,,,,,,,,,,,,,,,,,,,,,,,,,,,,,,,,,,,,,,,,,,,,,,,,,,,,,,,,,,,,,,,,,,,,,,,,,"play_time_mod_0.1,sprite_deal_damage",,
Attack1/17,"dashisi,head,45,-444,-47,0,2,1,1,0","dashisi,neck,22,-409,-8,0,4,1,1,0","dashisi,body,-1,-378,-25,0,5,1,1,0","dashisi,arm_up,-5,-392,19,0,5,1,1.1,0","dashisi,arm_low,15,-343,29,0,2,1,1.1,0","dashisi,fist,24,-301,-11,0,4,1,1,0","dashisi,arm_up,36,-366,12,1,13,1,1,0","dashisi,arm_low,48,-325,12,0,5,1,1,0","dashisi,fist_back,51,-287,-18,0,6,1,1,0","dashisi,leg_up,-59,-297,-18,0,7,1,1,0","dashisi,leg_low,-92,-259,-41,0,10,1,1,0","dashisi,foot,-114,-225,-61,0,9,1,1,0","dashisi,leg_up,3,-280,10,0,16,1,1,0","dashisi,leg_low,-18,-236,-31,0,18,1,1,0","dashisi,foot,-32,-204,-51,0,15,0.9,0.9,0","dashisi,swing,111,-190,33,0,7,1.1,1.1,0",,"dashisi,feather,16,-510,-50,0,5,1,1,0","dashisi,wing2,1,-424,-48,0,21,1.2,1,70","dashisi,skirt,-26,-323,-29,0,6,1.3,0.7,0",,,,,,,,,,,,,,,,,,,,,,,,,,,,,,,,,,,,,,,,,,,,,,,,,,,,,,,,,,,,,,,,,,,,,,,,,,,,,,,,,,,,,,,,,,,,,,,,,"play_time_mod_0.1,sprite_deal_damage",,
Attack1/18,"dashisi,head,60,-384,-47,0,2,1,1,0","dashisi,neck,32,-353,-18,0,4,1,1,0","dashisi,body,4,-327,-35,0,5,1,1,0","dashisi,arm_up,-6,-349,-11,0,5,1,1.1,0","dashisi,arm_low,-14,-295,-1,0,2,1,1.1,0","dashisi,fist,-26,-256,-41,0,4,1,1,0","dashisi,arm_up,16,-305,-18,1,13,1,1,0","dashisi,arm_low,6,-264,-18,0,5,1,1,0","dashisi,fist_back,-10,-230,-48,0,6,1,1,0","dashisi,leg_up,-68,-263,-33,0,7,1,1,0","dashisi,leg_low,-109,-235,-61,0,10,1,1,0","dashisi,foot,-144,-214,-85,0,9,1,1,0","dashisi,leg_up,-10,-230,0,0,16,1,1,0","dashisi,leg_low,-39,-191,-46,0,18,1,1,0","dashisi,foot,-59,-163,-65,0,15,0.9,0.9,0","dashisi,swing,-13,-117,3,0,7,1.1,1.1,0",,"dashisi,feather,32,-454,-60,0,5,1,1,0","dashisi,wing3,13,-382,-38,0,21,1.2,1,70","dashisi,skirt,-31,-275,-42,0,6,1.3,0.7,0",,,,,,,,,,,,,,,,,,,,,,,,,,,,,,,,,,,,,,,,,,,,,,,,,,,,,,,,,,,,,,,,,,,,,,,,,,,,,,,,,,,,,,,,,,,,,,,,,"play_time_mod_0.1,sprite_deal_damage",,
Attack1/19,"dashisi,head,60,-367,-52,0,2,1,1,0","dashisi,neck,30,-340,-26,0,4,1,1,0","dashisi,body,4,-316,-39,0,5,1,1,0","dashisi,arm_up,-26,-340,-41,0,5,1,1.1,0","dashisi,arm_low,-52,-295,-10,0,2,1,1,0","dashisi,fist,-63,-255,-43,0,4,1,1,0","dashisi,arm_up,23,-286,-38,1,13,1,1,0","dashisi,arm_low,-14,-254,-58,0,5,1,1,0","dashisi,fist_back,-50,-240,-78,0,6,1,1,0","dashisi,leg_up,-68,-253,-33,0,7,1,1,0","dashisi,leg_low,-109,-227,-66,0,10,1,1,0","dashisi,foot,-144,-206,-88,0,9,1,1,0","dashisi,leg_up,-18,-220,-3,0,16,1,1,0","dashisi,leg_low,-40,-181,-49,0,18,1,1,0","dashisi,foot,-66,-153,-70,0,15,0.9,0.9,0","dashisi,swing,-74,-132,-10,0,7,1,1,0",,"dashisi,feather,41,-441,-67,0,5,1,1,0","dashisi,wing4,3,-385,-68,0,21,1.2,1,70","dashisi,skirt,-31,-265,-42,0,6,1.3,0.7,0",,,,,,,,,,,,,,,,,,,,,,,,,,,,,,,,,,,,,,,,,,,,,,,,,,,,,,,,,,,,,,,,,,,,,,,,,,,,,,,,,,,,,,,,,,,,,,,,,,,
Attack1/20,"dashisi,head,60,-353,-55,0,2,1,1,0","dashisi,neck,30,-328,-30,0,4,1,1,0","dashisi,body,4,-306,-42,0,5,1,1,0","dashisi,arm_up,-26,-332,-49,0,5,1,1.1,0","dashisi,arm_low,-56,-294,-10,0,2,1,1,0","dashisi,fist,-67,-254,-43,0,4,1,1,0","dashisi,arm_up,22,-283,-44,1,13,1,1,0","dashisi,arm_low,-18,-252,-71,0,5,1,1,0","dashisi,fist_back,-55,-235,-91,0,6,1,1,0","dashisi,leg_up,-70,-245,-42,0,7,1,1,0","dashisi,leg_low,-116,-229,-76,0,10,1,1,0","dashisi,foot,-155,-214,-98,0,9,1,1,0","dashisi,leg_up,-26,-205,-17,0,16,1,1,0","dashisi,leg_low,-54,-171,-59,0,18,1,1,0","dashisi,foot,-84,-148,-80,0,15,0.9,0.9,0","dashisi,base,-87,-135,-13,0,7,1,1,0",,"dashisi,feather,45,-430,-71,0,5,1,1,0","dashisi,wing5,12,-375,-92,0,21,1.2,1,70","dashisi,skirt,-31,-255,-42,0,6,1.3,0.7,0",,,,,,,,,,,,,,,,,,,,,,,,,,,,,,,,,,,,,,,,,,,,,,,,,,,,,,,,,,,,,,,,,,,,,,,,,,,,,,,,,,,,,,,,,,,,,,,,,,,
Attack1/21,"dashisi,head,59,-346,-48,0,2,1,1,0","dashisi,neck,31,-321,-33,0,4,1,1,0","dashisi,body,4,-299,-46,0,5,1,1,0","dashisi,arm_up,-25,-326,-61,0,5,1,1.1,0","dashisi,arm_low,-59,-294,-15,0,2,1,1,0","dashisi,fist,-71,-255,-50,0,4,1,1,0","dashisi,arm_up,22,-276,-45,1,13,1,1,0","dashisi,arm_low,-19,-245,-79,0,5,1,1,0","dashisi,fist_back,-56,-238,-98,0,6,1,1,0","dashisi,leg_up,-71,-239,-43,0,7,1,1,0","dashisi,leg_low,-117,-224,-84,0,10,1,1,0","dashisi,foot,-156,-216,-105,0,9,1,1,0","dashisi,leg_up,-24,-199,-7,0,16,1,1,0","dashisi,leg_low,-58,-157,-47,0,18,1,1,0","dashisi,foot,-89,-134,-84,0,15,0.9,0.9,0","dashisi,base,-108,-145,-23,0,7,1,1,0",,"dashisi,feather,40,-417,-65,0,5,1,1,0","dashisi,wing4,4,-367,-73,0,21,1.2,1,70","dashisi,skirt,-31,-249,-43,0,6,1.3,0.7,0",,,,,,,,,,,,,,,,,,,,,,,,,,,,,,,,,,,,,,,,,,,,,,,,,,,,,,,,,,,,,,,,,,,,,,,,,,,,,,,,,,,,,,,,,,,,,,,,,,,
Attack1/22,"dashisi,head,31,-407,-26,0,2,1,1,0","dashisi,neck,15,-373,-12,0,4,1,1,0","dashisi,body,-4,-343,-24,0,5,1,1,0","dashisi,arm_up,-36,-357,-38,0,5,1,1.1,0","dashisi,arm_low,-50,-312,11,0,2,1,1,0","dashisi,fist,-41,-278,-23,0,4,1,1,0","dashisi,arm_up,27,-336,-4,1,12,1,1,0","dashisi,arm_low,10,-290,-38,0,4,1,1,0","dashisi,fist_back,-22,-261,-67,0,5,1,1,0","dashisi,leg_up,-51,-259,-12,0,7,1,1,0","dashisi,leg_low,-79,-219,-43,0,10,1,1,0","dashisi,foot,-99,-187,-54,0,9,1,1,0","dashisi,leg_up,6,-238,18,0,16,1,1,0","dashisi,leg_low,-6,-198,-36,0,18,1,1,0","dashisi,foot,-20,-163,-46,0,15,0.9,0.9,0","dashisi,base,3,-162,16,0,7,1,1,0",,"dashisi,feather,-12,-466,-44,0,5,1,1,0","dashisi,wing4,-29,-405,-52,0,21,1.2,1,70","dashisi,skirt,-18,-284,-22,0,6,1.3,0.7,0",,,,,,,,,,,,,,,,,,,,,,,,,,,,,,,,,,,,,,,,,,,,,,,,,,,,,,,,,,,,,,,,,,,,,,,,,,,,,,,,,,,,,,,,,,,,,,,,,,,
Attack1/23,"dashisi,head,16,-420,-13,0,2,1,1,0","dashisi,neck,10,-384,-5,0,4,1,1,0","dashisi,body,-3,-344,-14,0,5,1,1,0","dashisi,arm_up,-40,-354,-30,0,5,1,1.1,0","dashisi,arm_low,-46,-309,19,0,2,1,1,0","dashisi,fist,-29,-275,-15,0,4,1,1,0","dashisi,arm_up,32,-341,3,1,12,1,1,0","dashisi,arm_low,26,-297,-31,0,4,1,1,0","dashisi,fist_back,-8,-264,-60,0,5,1,1,0","dashisi,leg_up,-39,-253,-2,0,7,1,1,0","dashisi,leg_low,-58,-213,-26,0,10,1,1,0","dashisi,foot,-70,-174,-47,0,9,1,1,0","dashisi,leg_up,15,-249,25,0,16,1,1,0","dashisi,leg_low,10,-209,-29,0,18,1,1,0","dashisi,foot,3,-167,-39,0,15,0.9,0.9,0","dashisi,base,46,-179,37,0,7,1,1,0",,"dashisi,feather,-31,-467,-34,0,5,1,1,0","dashisi,wing3,-31,-393,-23,0,21,1.2,1,70","dashisi,skirt,-10,-288,-15,0,6,1.3,0.7,0",,,,,,,,,,,,,,,,,,,,,,,,,,,,,,,,,,,,,,,,,,,,,,,,,,,,,,,,,,,,,,,,,,,,,,,,,,,,,,,,,,,,,,,,,,,,,,,,,,,
Attack1/24,"dashisi,head,5,-417,-8,0,2,1,1,0","dashisi,neck,0,-376,13,0,4,1,1,0","dashisi,body,-1,-330,-2.5,0,5,1,1,0","dashisi,arm_up,-40,-336,-16,0,5,1,1,0","dashisi,arm_low,-38,-300,36,0,2,1,1,0","dashisi,fist,-21,-263,-6,0,4,1,1,0","dashisi,arm_up,36,-336,13,1,13,1,1,0","dashisi,arm_low,34,-296,-32,0,3,1,1,0","dashisi,fist_back,6,-258,-57,0,4,1,1,0","dashisi,leg_up,-24,-234,-7.7,0,7,1,1,0","dashisi,leg_low,-44,-187,-26,0,10,1,1,0","dashisi,foot,-49,-150,-30.6,0,9,1,1,0","dashisi,leg_up,30,-231,35.7,0,16,1,1,0","dashisi,leg_low,36,-182,-4.5,0,18,1,1,0","dashisi,foot,42,-151,-15,0,15,0.9,0.9,0","dashisi,base,92,-192,56,0,5,1,1,0",,"dashisi,feather,-44,-452,-13,0,5,1,1,0","dashisi,wing3,-37,-360,0,0,16,1.5,1,70","dashisi,skirt,-5,-261,3,0,6,1.3,0.6,0",,,,,,,,,,,,,,,,,,,,,,,,,,,,,,,,,,,,,,,,,,,,,,,,,,,,,,,,,,,,,,,,,,,,,,,,,,,,,,,,,,,,,,,,,,,,,,,,,,,
Skill1/0,"dashisi,head,82,-502,-29,0,2,1,1,0","dashisi,neck,51,-479,-29,0,4,1,1,0","dashisi,body,17,-451,-61.5,0,5,1,1,0","dashisi,arm_up,21,-477,-24,0,5,1,1,0","dashisi,arm_low,10,-439,-12,0,1,1,1,0","dashisi,fist,-6,-405,-52,0,2,1,1,0","dashisi,arm_up,72,-440,31,1,13,1,1,0","dashisi,arm_low,64,-419,-95,0,3,1,1,0","dashisi,fist,30,-424,-112,0,4,1,1,0","dashisi,leg_up,-70,-429,-69.7,0,7,1,1,0","dashisi,leg_low,-124,-426,-90,0,10,1,1,0","dashisi,foot,-163,-427,-133.6,0,9,1,1,0","dashisi,leg_up,-49,-386,-51.3,0,16,1,1,0","dashisi,leg_low,-101,-361,-66.5,0,18,1,1,0","dashisi,foot,-138,-351,-120,0,15,0.9,0.9,0","dashisi,swing,-87,-316,-46,1,5,1.1,1.1,0",,"dashisi,feather,34,-534,-4,0,5,1,1,0","dashisi,wing1,-10,-470,9,0,16,1.5,1,70","dashisi,skirt,-38,-424,-60,0,6,1.3,0.6,0",,,,,,,,,,,,,,,,,,,,,,,,,,,,,,,,,,,,,,,,,,,,,,,,,,,,,,,,,,,,,,,,,,,,,,,,,,,,,,,,,,,,,,,,,,,,,,,,,sprite_deal_damage,,
Skill2/0,"dashisi,head,3,-417,-4,0,2,1,1,0","dashisi,neck,-2,-374,19,0,4,1,1,0","dashisi,body,-1,-330,-2.5,0,5,1,1,0","dashisi,arm_up,-33,-340,4,0,5,1,1,0","dashisi,arm_low,-18,-294,36,0,2,1,1,0","dashisi,fist,-1,-257,-6,0,4,1,1,0","dashisi,arm_up,33,-338,23,1,13,1,1,0","dashisi,arm_low,46,-293,-1,0,3,1,1,0","dashisi,fist_back,45,-251,-7,0,4,1,1,0","dashisi,leg_up,-26,-238,-7.7,0,7,1,1,0","dashisi,leg_low,-46,-191,-26,0,10,1,1,0","dashisi,foot,-51,-154,-30.6,0,9,1,1,0","dashisi,leg_up,30,-231,35.7,0,16,1,1,0","dashisi,leg_low,36,-182,-4.5,0,18,1,1,0","dashisi,foot,42,-151,-15,0,15,0.9,0.9,0","dashisi,base,155,-247,88,0,5,1,1,0",,"dashisi,feather,-47,-450,-9,0,5,1,1,0","dashisi,wing3,-37,-360,3,0,16,1.5,1,70","dashisi,skirt,-5,-266,2,0,6,1.3,0.6,0",,,,,,,,,,,,,,,,,,,,,,,,,,,,,,,,,,,,,,,,,,,,,,,,,,,,,,,,,,,,,,,,,,,,,,,,,,,,,,,,,,,,,,,,,,,,,,,,,play_time_mod_1.25,,
Skill2/1,"dashisi,head,-4,-427,1,0,2,1,1,0","dashisi,neck,-1,-385,25,0,4,1,1,0","dashisi,body,-2,-343,-1.5,0,5,1,1,0","dashisi,arm_up,-23,-348,35,0,5,1,1,0","dashisi,arm_low,12,-307,57,0,2,1,1,0","dashisi,fist,51,-290,45,0,4,1,1,0","dashisi,arm_up,30,-360,29,1,13,1,1,0","dashisi,arm_low,60,-327,64,0,3,1,1,0","dashisi,fist_back,97,-305,55,0,4,1,1,0","dashisi,leg_up,-23,-252,-3.7,0,7,1,1,0","dashisi,leg_low,-40,-202,-23,0,10,1,1,0","dashisi,foot,-44,-166,-30.6,0,9,1,1,0","dashisi,leg_up,34,-254,36.7,0,16,1,1,0","dashisi,leg_low,43,-201,-3.5,0,18,1,1,0","dashisi,foot,50,-170,-14,0,15,0.9,0.9,0","dashisi,base,189,-353,119,0,5,1,1,0",,"dashisi,feather,-55,-450,-6,0,5,1,1,0","dashisi,wing4,-48,-377,6,0,16,1.5,1,70","dashisi,skirt,0,-282,6,0,6,1.3,0.6,0",,,,,,,,,,,,,,,,,,,,,,,,,,,,,,,,,,,,,,,,,,,,,,,,,,,,,,,,,,,,,,,,,,,,,,,,,,,,,,,,,,,,,,,,,,,,,,,,,play_time_mod_1.25,,
Skill2/2,"dashisi,head,-2,-437,5,0,2,1,1,0","dashisi,neck,1,-400,29,0,4,1,1,0","dashisi,body,-2,-352,-1.5,0,5,1,1,0","dashisi,arm_up,-10,-366,69,0,5,1,1,0","dashisi,arm_low,46,-350,89,0,2,1,1,0","dashisi,fist,91,-350,75,0,4,1,1,0","dashisi,arm_up,50,-379,79,1,13,1,1,0","dashisi,arm_low,81,-382,95,0,3,1,1,0","dashisi,fist_back,115,-382,85,0,4,1,1,0","dashisi,leg_up,-23,-263,-3.7,0,7,1,1,0","dashisi,leg_low,-40,-213,-20,0,10,1,1,0","dashisi,foot,-42,-176,-30.6,0,9,1,1,0","dashisi,leg_up,38,-266,38.7,0,16,1,1,0","dashisi,leg_low,47,-213,-3.5,0,18,1,1,0","dashisi,foot,54,-183,-14,0,15,0.9,0.9,0","dashisi,base,168,-476,152,0,5,1,1,0",,"dashisi,feather,-58,-457,2,0,5,1,1,0","dashisi,wing5,-51,-396,-31,0,21,1.5,1,70","dashisi,skirt,0,-293,6,0,6,1.3,0.6,0",,,,,,,,,,,,,,,,,,,,,,,,,,,,,,,,,,,,,,,,,,,,,,,,,,,,,,,,,,,,,,,,,,,,,,,,,,,,,,,,,,,,,,,,,,,,,,,,,play_time_mod_1.25,,
Skill2/3,"dashisi,head,1,-437,-6,0,2,1,1,0","dashisi,neck,1,-398,23,0,4,1,1,0","dashisi,body,-4,-350,1.5,0,5,1,1,0","dashisi,arm_up,-11,-366,69,0,5,1.1,1,0","dashisi,arm_low,33,-355,89,0,2,1.1,1,0","dashisi,fist,84,-350,78,0,4,1,1,0","dashisi,arm_up,50,-379,79,1,13,1,1,0","dashisi,arm_low,60,-378,97,0,3,1,1,0","dashisi,fist_back,95,-382,85,0,4,1,1,0","dashisi,leg_up,-23,-265,-3.7,0,7,1,1,0","dashisi,leg_low,-40,-215,-20,0,10,1,1,0","dashisi,foot,-43,-177,-32.6,0,9,1,1,0","dashisi,leg_up,34,-270,38.7,0,16,1,1,0","dashisi,leg_low,44,-217,-3.5,0,18,1,1,0","dashisi,foot,51,-187,-14,0,15,0.9,0.9,0","dashisi,base,88,-486,-180,0,5,1,1,0",,"dashisi,feather,-56,-462,-18,0,5,1,1,0","dashisi,wing4,-36,-390,-14,0,21,1.5,1,70","dashisi,skirt,-3,-295,5,0,6,1.2,0.6,0",,,,,,,,,,,,,,,,,,,,,,,,,,,,,,,,,,,,,,,,,,,,,,,,,,,,,,,,,,,,,,,,,,,,,,,,,,,,,,,,,,,,,,,,,,,,,,,,,,,
Skill2/4,"dashisi,head,8,-437,-17,0,2,1,1,0","dashisi,neck,7,-397,17,0,4,1,1,0","dashisi,body,0,-352,0.5,0,5,1,1,0","dashisi,arm_up,-12,-371,66,0,2,1.1,0.8,0","dashisi,arm_low,20,-353,79,0,2,1.1,1,0","dashisi,fist,60,-342,70,0,4,1,1,0","dashisi,arm_up,40,-375,66,1,6,1,0.7,0","dashisi,arm_low,38,-364,85,0,3,1.1,0.6,0","dashisi,fist_back,70,-372,77,0,4,1,1,0","dashisi,leg_up,-28,-263,-6.7,0,7,1,1,0","dashisi,leg_low,-43,-213,-20,0,10,1,1,0","dashisi,foot,-45,-176,-30.6,0,9,1,1,0","dashisi,leg_up,35,-266,42.7,0,16,1,1,0","dashisi,leg_low,48,-214,3.5,0,18,1,1,0","dashisi,foot,57,-184,-12,0,15,0.9,0.9,0","dashisi,base,66,-482,-178,0,5,1,1,0",,"dashisi,feather,-49,-474,-22,0,5,1,1,0","dashisi,wing3,-36,-400,-14,0,21,1.5,1,70","dashisi,skirt,-4,-293,-2,0,6,1.3,0.6,0",,,,,,,,,,,,,,,,,,,,,,,,,,,,,,,,,,,,,,,,,,,,,,,,,,,,,,,,,,,,,,,,,,,,,,,,,,,,,,,,,,,,,,,,,,,,,,,,,,,
Skill2/5,"dashisi,close,12,-437,-20,0,2,1,1,0","dashisi,neck,7,-397,16,0,4,1,1,0","dashisi,body,0,-352,-0.5,0,5,1,1,0","dashisi,arm_up,-12,-371,65,0,2,1.1,0.8,0","dashisi,arm_low,20,-353,83,0,2,1.1,1,0","dashisi,fist,64,-347,76,0,4,1,1,0","dashisi,arm_up,34,-375,65,1,6,1,0.7,0","dashisi,arm_low,36,-366,94,0,3,1.1,0.6,0","dashisi,fist_back,68,-369,69,0,4,1,1,0","dashisi,leg_up,-29,-264,-7.7,0,7,1,1,0","dashisi,leg_low,-47,-213,-22,0,10,1,1,0","dashisi,foot,-51,-178,-34.6,0,9,1,1,0","dashisi,leg_up,35,-266,41.7,0,16,1,1,0","dashisi,leg_low,48,-214,2.5,0,18,1,1,0","dashisi,foot,57,-184,-13,0,15,0.9,0.9,0","dashisi,base,60,-478,-177,0,5,1,1,0",,"dashisi,feather,-42,-476,-25,0,5,1,1,0","dashisi,wing3,-34,-400,-3,0,21,1.5,1,70","dashisi,skirt,-2,-293,-3,0,6,1.3,0.6,0",,,,,,,,,,,,,,,,,,,,,,,,,,,,,,,,,,,,,,,,,,,,,,,,,,,,,,,,,,,,,,,,,,,,,,,,,,,,,,,,,,,,,,,,,,,,,,,,,,,
Skill2/6,"dashisi,close,12,-422,-22,0,2,1,1,0","dashisi,neck,7,-385,16,0,4,1,1,0","dashisi,body,0,-340,-0.5,0,5,1,1,0","dashisi,arm_up,-12,-359,65,0,2,1.1,0.8,0","dashisi,arm_low,20,-341,83,0,2,1.1,1,0","dashisi,fist,64,-335,76,0,4,1,1,0","dashisi,arm_up,34,-363,65,1,6,1,0.7,0","dashisi,arm_low,36,-354,94,0,3,1.1,0.6,0","dashisi,fist_back,68,-357,69,0,4,1,1,0","dashisi,leg_up,-30,-252,-9.7,0,7,1,1,0","dashisi,leg_low,-50,-201,-24,0,10,1,1,0","dashisi,foot,-56,-166,-36.6,0,9,1,1,0","dashisi,leg_up,35,-254,44.7,0,16,1,1,0","dashisi,leg_low,49,-202,0.5,0,18,1,1,0","dashisi,foot,55,-172,-16,0,15,0.9,0.9,0","dashisi,base,58,-466,-176,0,5,1,1,0",,"dashisi,feather,-42,-464,-27,0,5,1,1,0","dashisi,wing3,-32,-384,6,0,21,1.5,1,70","dashisi,skirt,-2,-281,-3,0,6,1.3,0.6,0",,,,,,,,,,,,,,,,,,,,,,,,,,,,,,,,,,,,,,,,,,,,,,,,,,,,,,,,,,,,,,,,,,,,,,,,,,,,,,,,,,,,,,,,,"crash_enemy,base,3,-558,0,0,0,1,1,1",,,,,,,,,,
Skill2/7,"dashisi,head,6,-445,-6,0,2,1,1,0","dashisi,neck,7,-405,16,0,4,1,1,0","dashisi,body,0,-360,-0.5,0,5,1,1,0","dashisi,arm_up,-12,-379,65,0,2,1.1,0.8,0","dashisi,arm_low,20,-361,83,0,2,1.1,1,0","dashisi,fist,64,-355,76,0,4,1,1,0","dashisi,arm_up,34,-383,65,1,6,1,0.7,0","dashisi,arm_low,36,-374,94,0,3,1.1,0.6,0","dashisi,fist_back,68,-377,69,0,4,1,1,0","dashisi,leg_up,-31,-272,-12.7,0,7,1,1,0","dashisi,leg_low,-53,-221,-27,0,10,1,1,0","dashisi,foot,-62,-186,-40.6,0,9,1,1,0","dashisi,leg_up,35,-274,48.7,0,16,1,1,0","dashisi,leg_low,49,-226,-2.5,0,18,1,1,0","dashisi,foot,55,-192,-16,0,15,0.9,0.9,0","dashisi,base,62,-483,-180,0,5,1,1,0",,"dashisi,feather,-55,-478,-17,0,5,1,1,0","dashisi,wing2,-32,-406,-14,0,21,1.5,1,70","dashisi,skirt,-1,-300,-3,0,6,1.2,0.6,0",,,,,,,,,,,,,,,,,,,,,,,,,,,,,,,,,,,,,,,,,,,,,,,,,,,,,,,,,,,,,,,,,,,,,,,,,,,,,,,,,,,,,,,,,,,,,,,,,,,"wind,1000,0"
Skill2/8,"dashisi,head,6,-495,-6,0,2,1,1,0","dashisi,neck,7,-455,16,0,4,1,1,0","dashisi,body,0,-410,-0.5,0,5,1,1,0","dashisi,arm_up,-12,-429,65,0,2,1.1,0.8,0","dashisi,arm_low,25,-404,76,0,2,1.1,1,0","dashisi,fist,64,-393,76,0,4,1,1,0","dashisi,arm_up,34,-433,65,1,6,1,0.7,0","dashisi,arm_low,36,-415,87,0,3,1.1,0.6,0","dashisi,fist_back,66,-417,62,0,4,1,1,0","dashisi,leg_up,-33,-322,-22.7,0,7,1,1,0","dashisi,leg_low,-63,-279,-39,0,10,1,1,0","dashisi,foot,-85,-246,-62.6,0,9,1,1,0","dashisi,leg_up,34,-324,38.7,0,16,1,1,0","dashisi,leg_low,49,-276,-2.5,0,18,1,1,0","dashisi,foot,55,-242,-16,0,15,0.9,0.9,0","dashisi,base,71,-525,176,0,5,1,1,0",,"dashisi,feather,-42,-518,3,0,5,1,1,0","dashisi,wing1,-31,-461,-21,0,21,1.6,1.2,70","dashisi,skirt,-1,-349,-6,0,6,1.2,0.6,0",,,,,,,,,,,,,,,,,,,,,,,,,,,,,,,,,,,,,,,,,,,,,,,,,,,,,,,,,,,,,,,,,,,,,,,,,,,,,,,,,,,,,,,,,,,,,,,,,play_time_mod_0.5,,
Skill2/9,"dashisi,head,12,-565,-13,0,2,1,1,0","dashisi,neck,7,-525,16,0,4,1,1,0","dashisi,body,0,-480,-0.5,0,5,1,1,0","dashisi,arm_up,-13,-493,45,0,2,1.1,0.8,0","dashisi,arm_low,25,-464,76,0,2,1.1,1,0","dashisi,fist,64,-453,46,0,4,1,1,0","dashisi,arm_up,40,-500,49,1,6,1,0.7,0","dashisi,arm_low,63,-485,47,0,3,1.1,0.6,0","dashisi,fist_back,86,-472,32,0,4,1,1,0","dashisi,leg_up,-33,-392,-22.7,0,7,1,1,0","dashisi,leg_low,-65,-350,-43,0,10,1,1,0","dashisi,foot,-85,-320,-65.6,0,9,1,1,0","dashisi,leg_up,34,-392,43.7,0,16,1,1,0","dashisi,leg_low,47,-344,2.5,0,18,1,1,0","dashisi,foot,52,-309,-20,0,15,0.9,0.9,0","dashisi,base,158,-545,136,0,5,1,1,0",,"dashisi,feather,-42,-578,32,0,5,1,1,0","dashisi,wing1,-41,-543,-31,0,21,1.9,1.5,70","dashisi,skirt,-1,-419,-6,0,6,1.2,0.6,0",,,,,,,,,,,,,,,,,,,,,,,,,,,,,,,,,,,,,,,,,,,,,,,,,,,,,,,,,,,,,,,,,,,,,,,,,,,,,,,,,,,,,,,,,,,,,,,,,play_time_mod_0.5,,
Skill2/10,"dashisi,head,18,-578,-16,0,2,1,1,0","dashisi,neck,10,-541,13,0,4,1,1,0","dashisi,body,3,-496,-3.5,0,5,1,1,0","dashisi,arm_up,-10,-509,42,0,2,1.1,0.8,0","dashisi,arm_low,25,-477,73,0,2,1.1,1,0","dashisi,fist,64,-466,43,0,4,1,1,0","dashisi,arm_up,43,-513,46,1,6,1,0.7,0","dashisi,arm_low,66,-498,44,0,3,1.1,0.6,0","dashisi,fist_back,86,-482,29,0,4,1,1,0","dashisi,leg_up,-31,-408,-25.7,0,7,1,1,0","dashisi,leg_low,-64,-369,-46,0,10,1,1,0","dashisi,foot,-88,-340,-68.6,0,9,1,1,0","dashisi,leg_up,31,-405,40.7,0,16,1,1,0","dashisi,leg_low,41,-357,-0.5,0,18,1,1,0","dashisi,foot,46,-322,-23,0,15,0.9,0.9,0","dashisi,base,170,-546,129,0,5,1,1,0",,"dashisi,feather,-36,-594,29,0,5,1,1,0","dashisi,wing1,-47,-567,-36,0,21,2,1.6,70","dashisi,skirt,-1,-435,-9,0,6,1.2,0.6,0",,,,,,,,,,,,,,,,,,,,,,,,,,,,,,,,,,,,,,,,,,,,,,,,,,,,,,,,,,,,,,,,,,,,,,,,,,,,,,,,,,,,,,,,,,,,,,,,,,,
Skill2/11,"dashisi,head,20,-581,-21,0,2,1,1,0","dashisi,neck,11,-545,12,0,4,1,1,0","dashisi,body,4,-500,-4.5,0,5,1,1,0","dashisi,arm_up,-9,-513,41,0,2,1.1,0.8,0","dashisi,arm_low,25,-480,69,0,2,1.1,1,0","dashisi,fist,59,-468,39,0,4,1,1,0","dashisi,arm_up,44,-516,45,1,6,1,0.7,0","dashisi,arm_low,67,-501,43,0,3,1.1,0.6,0","dashisi,fist_back,84,-481,27,0,4,1,1,0","dashisi,leg_up,-32,-412,-26.7,0,7,1,1,0","dashisi,leg_low,-66,-374,-47,0,10,1,1,0","dashisi,foot,-90,-345,-69.6,0,9,1,1,0","dashisi,leg_up,30,-408,39.7,0,16,1,1,0","dashisi,leg_low,39,-360,-1.5,0,18,1,1,0","dashisi,foot,44,-325,-24,0,15,0.9,0.9,0","dashisi,base,171,-541,126,0,5,1,1,0",,"dashisi,feather,-34,-598,28,0,5,1,1,0","dashisi,wing1,-46,-582,-43,0,21,2.5,2.1,70","dashisi,skirt,-1,-439,-10,0,6,1.2,0.6,0",,,,,,,,,,,,,,,,,,,,,,,,,,,,,,,,,,,,,,,,,,,,,,,,,,,,,,,,,,,,,,,,,,,,,,,,,,,,,,,,,,,,,,,,,,,,,,,,,,,
Skill2/12,"dashisi,head,27,-563,-20,0,2,1,1,0","dashisi,neck,19,-525,9,0,4,1,1,0","dashisi,body,4,-482,-7.5,0,5,1,1,0","dashisi,arm_up,-28,-491,-16,0,2,1,0.8,0","dashisi,arm_low,-18,-463,59,0,2,1,1,0","dashisi,fist,10,-437,19,0,4,1,1,0","dashisi,arm_up,44,-482,22,1,6,1,0.8,0","dashisi,arm_low,51,-461,-30,0,3,1,0.8,0","dashisi,fist_back,36,-438,-25,0,4,1,1,0","dashisi,leg_up,-36,-392,-25.7,0,7,1,1,0","dashisi,leg_low,-77,-358,-50,0,10,1,1,0","dashisi,foot,-99,-333,-77.6,0,9,1,1,0","dashisi,leg_up,26,-387,43.7,0,16,1,1,0","dashisi,leg_low,32,-338,-12.5,0,18,1,1,0","dashisi,foot,34,-304,-27,0,15,0.9,0.9,0","dashisi,base,146,-448,96,0,5,1,1,0",,"dashisi,feather,-24,-582,25,0,5,1,1,0","dashisi,wing2,-26,-563,-42,0,21,2.3,1.9,70","dashisi,skirt,-5,-422,-13,0,6,1.2,0.6,0",,,,,,,,,,,,,,,,,,,,,,,,,,,,,,,,,,,,,,,,,,,,,,,,,,,,,,,,,,,,,,,,,,,,,,,,,,,,,,,,,,,,,,,,,,,,,,,,,,,
Skill2/13,"dashisi,head,33,-543,-23,0,2,1,1,0","dashisi,neck,22,-505,6,0,4,1,1,0","dashisi,body,7,-462,-10.5,0,5,1,1,0","dashisi,arm_up,-25,-474,-19,0,2,1,0.8,0","dashisi,arm_low,-26,-436,26,0,2,1,1,0","dashisi,fist,-10,-397,6,0,4,1,1,0","dashisi,arm_up,47,-456,7,1,6,1,0.8,0","dashisi,arm_low,41,-420,-33,0,3,1,0.8,0","dashisi,fist_back,13,-388,-28,0,4,1,1,0","dashisi,leg_up,-34,-375,-18.7,0,7,1,1,0","dashisi,leg_low,-60,-334,-33,0,10,1,1,0","dashisi,foot,-73,-300,-50.6,0,9,1,1,0","dashisi,leg_up,23,-367,40.7,0,16,1,1,0","dashisi,leg_low,26,-318,-15.5,0,18,1,1,0","dashisi,foot,28,-284,-30,0,15,0.9,0.9,0","dashisi,base,113,-361,76,0,5,1,1,0",,"dashisi,feather,-18,-576,2,0,5,1,1,0","dashisi,wing2,-12,-527,-39,0,21,1.9,1.5,70","dashisi,skirt,-5,-403,-16,0,6,1.2,0.6,0",,,,,,,,,,,,,,,,,,,,,,,,,,,,,,,,,,,,,,,,,,,,,,,,,,,,,,,,,,,,,,,,,,,,,,,,,,,,,,,,,,,,,,,,,,,,,,,,,play_time_mod_0.5,,
Skill2/14,"dashisi,head,26,-492,-10,0,2,1,1,0","dashisi,neck,15,-451,8,0,4,1,1,0","dashisi,body,7,-412,-7.5,0,5,1,1,0","dashisi,arm_up,-25,-424,-19,0,2,1,0.8,0","dashisi,arm_low,-26,-386,26,0,2,1,1,0","dashisi,fist,-10,-347,6,0,4,1,1,0","dashisi,arm_up,47,-406,7,1,6,1,0.8,0","dashisi,arm_low,45,-370,-27,0,3,1,0.8,0","dashisi,fist_back,24,-335,-39,0,4,1,1,0","dashisi,leg_up,-31,-325,-13.7,0,7,1,1,0","dashisi,leg_low,-60,-284,-33,0,10,1,1,0","dashisi,foot,-73,-250,-50.6,0,9,1,1,0","dashisi,leg_up,23,-317,40.7,0,16,1,1,0","dashisi,leg_low,26,-268,-15.5,0,18,1,1,0","dashisi,foot,28,-234,-30,0,15,0.9,0.9,0","dashisi,base,119,-295,69,0,5,1,1,0",,"dashisi,feather,-21,-526,-23,0,5,1,1,0","dashisi,wing2,-13,-458,-37,0,21,1.5,1.1,70","dashisi,skirt,-5,-353,-16,0,6,1.2,0.6,0",,,,,,,,,,,,,,,,,,,,,,,,,,,,,,,,,,,,,,,,,,,,,,,,,,,,,,,,,,,,,,,,,,,,,,,,,,,,,,,,,,,,,,,,,,,,,,,,,play_time_mod_0.5,,
Skill2/15,"dashisi,head,13,-443,-3,0,2,1,1,0","dashisi,neck,6,-402,15,0,4,1,1,0","dashisi,body,5,-362,-0.5,0,5,1,1,0","dashisi,arm_up,-29,-368,-12,0,2,1,0.8,0","dashisi,arm_low,-26,-330,33,0,2,1,1,0","dashisi,fist,-7,-295,13,0,4,1,1,0","dashisi,arm_up,45,-360,14,1,6,1,0.8,0","dashisi,arm_low,46,-324,-20,0,3,1,0.8,0","dashisi,fist_back,29,-286,-32,0,4,1,1,0","dashisi,leg_up,-24,-269,-6.7,0,7,1,1,0","dashisi,leg_low,-44,-224,-24,0,10,1,1,0","dashisi,foot,-49,-191,-34.6,0,9,1,1,0","dashisi,leg_up,31,-268,47.7,0,16,1,1,0","dashisi,leg_low,39,-217,-8.5,0,18,1,1,0","dashisi,foot,41,-180,-25,0,15,0.9,0.9,0","dashisi,base,129,-260,78,0,5,1,1,0",,"dashisi,feather,-40,-470,-16,0,5,1,1,0","dashisi,wing2,-14,-396,-21,0,21,1.4,1,70","dashisi,skirt,0,-302,-9,0,6,1.2,0.6,0",,,,,,,,,,,,,,,,,,,,,,,,,,,,,,,,,,,,,,,,,,,,,,,,,,,,,,,,,,,,,,,,,,,,,,,,,,,,,,,,,,,,,,,,,,,,,,,,,play_time_mod_0.5,,
Skill2/16,"dashisi,head,3,-417,-4,0,2,1,1,0","dashisi,neck,-2,-374,19,0,4,1,1,0","dashisi,body,-1,-330,-2.5,0,5,1,1,0","dashisi,arm_up,-33,-340,4,0,5,1,1,0","dashisi,arm_low,-18,-294,36,0,2,1,1,0","dashisi,fist,-1,-257,-6,0,4,1,1,0","dashisi,arm_up,33,-338,23,1,13,1,1,0","dashisi,arm_low,46,-293,-1,0,3,1,1,0","dashisi,fist_back,45,-251,-7,0,4,1,1,0","dashisi,leg_up,-26,-238,-7.7,0,7,1,1,0","dashisi,leg_low,-46,-191,-26,0,10,1,1,0","dashisi,foot,-51,-154,-30.6,0,9,1,1,0","dashisi,leg_up,30,-231,35.7,0,16,1,1,0","dashisi,leg_low,36,-182,-4.5,0,18,1,1,0","dashisi,foot,42,-151,-15,0,15,0.9,0.9,0","dashisi,base,155,-247,88,0,5,1,1,0",,"dashisi,feather,-47,-450,-9,0,5,1,1,0","dashisi,wing3,-37,-360,3,0,16,1.5,1,70","dashisi,skirt,-5,-266,2,0,6,1.3,0.6,0",,,,,,,,,,,,,,,,,,,,,,,,,,,,,,,,,,,,,,,,,,,,,,,,,,,,,,,,,,,,,,,,,,,,,,,,,,,,,,,,,,,,,,,,,,,,,,,,,,,
UseItem/0,"dashisi,head,7,-418,-9,0,2,1,1,0","dashisi,neck,2,-378,13,0,4,1,1,0","dashisi,body,1,-336,-3.5,0,5,1,1,0","dashisi,arm_up,-42,-344,-23,0,5,1,1,0","dashisi,arm_low,-44,-308,27,0,2,1,1,0","dashisi,fist,-31,-268,-8,0,4,1,1,0","dashisi,arm_up,37,-340,17,1,13,1,1,0","dashisi,arm_low,46,-301,0,0,3,1,1,0","dashisi,open,43,-258,12,1,4,1,1,0","dashisi,leg_up,-24,-239,-8.7,0,7,1,1,0","dashisi,leg_low,-43,-193,-24,0,10,1,1,0","dashisi,foot,-47,-156,-29.6,0,9,1,1,0","dashisi,leg_up,30,-239,32.7,0,16,1,1,0","dashisi,leg_low,37,-188,-0.5,0,18,1,1,0","dashisi,foot,43,-157,-16,0,15,0.9,0.9,0","dashisi,base,50,-190,46,0,5,1,1,0",,"dashisi,feather,-44,-455,-15,0,5,1,1,0","dashisi,wing2,-17,-365,-26,0,9,1,1,70","dashisi,skirt,-5,-269,3,0,6,1.3,0.6,0",,,,,,,,,,,,,,,,,,,,,,,,,,,,,,,,,,,,,,,,,,,,,,,,,,,,,,,,,,,,,,,,,,,,,,,,,,,,,,,,,,,,,,,,,,,,,,,,,,,
UseItem/1,"dashisi,head,14,-410,-13,0,2,1,1,0","dashisi,neck,9,-371,12,0,4,1,1,0","dashisi,body,3,-332,-5.5,0,5,1,1,0","dashisi,arm_up,-43,-342,-30,0,5,1,1,0","dashisi,arm_low,-49,-308,27,0,2,1,1,0","dashisi,fist,-36,-268,-8,0,4,1,1,0","dashisi,arm_up,40,-334,17,1,17,1,1,0","dashisi,arm_low,44,-297,-20,0,7,1,1,0","dashisi,open,22,-254,-18,1,17,1,1,0","dashisi,leg_up,-26,-235,-10.7,0,7,1,1,0","dashisi,leg_low,-47,-189,-26,0,10,1,1,0","dashisi,foot,-53,-152,-32.6,0,9,1,1,0","dashisi,leg_up,30,-235,32.7,0,16,1,1,0","dashisi,leg_low,39,-184,-2.5,0,18,1,1,0","dashisi,foot,42,-153,-21,0,15,0.9,0.9,0","dashisi,base,43,-193,44,0,5,1,1,0",,"dashisi,feather,-42,-454,-21,0,5,1,1,0","dashisi,wing3,-16,-377,-23,0,9,1,1,70","dashisi,skirt,-5,-268,0,0,6,1.3,0.6,0",,,,,,,,,,,,,,,,,,,,,,,,,,,,,,,,,,,,,,,,,,,,,,,,,,,,,,,,,,,,,,,,,,,,,,,,,,,,,,,,,,,,,,,,,,,,,,,,,,,
UseItem/2,"dashisi,head,16,-407,-16,0,2,1,1,0","dashisi,neck,9,-368,12,0,4,1,1,0","dashisi,body,3,-327,-5.5,0,5,1,1,0","dashisi,arm_up,-43,-341,-34,0,5,1,1,0","dashisi,arm_low,-52,-305,24,0,2,1,1,0","dashisi,fist,-40,-265,-8,0,4,1,1,0","dashisi,arm_up,38,-331,12,1,17,1,1,0","dashisi,arm_low,38,-294,-31,0,7,1,1,0","dashisi,open,12,-260,-28,1,8,1,1,0","dashisi,leg_up,-26,-232,-10.7,0,7,1,1,0","dashisi,leg_low,-48,-186,-28,0,10,1,1,0","dashisi,foot,-54,-149,-34.6,0,9,1,1,0","dashisi,leg_up,32,-232,34.7,0,16,1,1,0","dashisi,leg_low,41,-181,-4.5,0,18,1,1,0","dashisi,foot,45,-150,-21,0,15,0.9,0.9,0","dashisi,base,38,-190,43,0,5,1,1,0",,"dashisi,feather,-39,-451,-24,0,5,1,1,0","dashisi,wing4,-17,-374,-23,0,9,1,1,70","dashisi,skirt,-5,-267,-5,0,6,1.3,0.6,0",,,,,,,,,,,,,,,,,,,,,,,,,,,,,,,,,,,,,,,,,,,,,,,,,,,,,,,,,,,,,,,,,,,,,,,,,,,,,,,,,,,,,,,,,,,,,,,,,,,
UseItem/3,"dashisi,head,13,-405,-10,0,2,1,1,0","dashisi,neck,9,-366,12,0,4,1,1,0","dashisi,body,2,-323,-5.5,0,5,1,1,0","dashisi,arm_up,-43,-337,-30,0,5,1,1,0","dashisi,arm_low,-49,-303,27,0,2,1,1,0","dashisi,fist,-36,-263,-8,0,4,1,1,0","dashisi,arm_up,42,-329,21,1,17,1,1,0","dashisi,arm_low,49,-292,-15,0,7,1,1,0","dashisi,open,33,-249,-8,1,17,1,1,0","dashisi,leg_up,-26,-230,-10.7,0,7,1,1,0","dashisi,leg_low,-47,-184,-26,0,10,1,1,0","dashisi,foot,-53,-147,-32.6,0,9,1,1,0","dashisi,leg_up,30,-230,32.7,0,16,1,1,0","dashisi,leg_low,39,-179,-2.5,0,18,1,1,0","dashisi,foot,42,-148,-21,0,15,0.9,0.9,0","dashisi,base,43,-188,44,0,5,1,1,0",,"dashisi,feather,-43,-446,-16,0,5,1,1,0","dashisi,wing5,-38,-379,-26,0,9,1,1,70","dashisi,skirt,-5,-258,3,0,6,1.3,0.6,0",,,,,,,,,,,,,,,,,,,,,,,,,,,,,,,,,,,,,,,,,,,,,,,,,,,,,,,,,,,,,,,,,,,,,,,,,,,,,,,,,,,,,,,,,,,,,,,,,,,
UseItem/4,"dashisi,head,10,-407,-7,0,2,1,1,0","dashisi,neck,6,-368,13,0,4,1,1,0","dashisi,body,0,-327,-2.5,0,5,1,1,0","dashisi,arm_up,-46,-338,-29,0,5,1,1,0","dashisi,arm_low,-52,-304,28,0,2,1,1,0","dashisi,fist,-38,-264,-7,0,4,1,1,0","dashisi,arm_up,47,-335,44,1,17,0.9,1,0","dashisi,arm_low,77,-304,47,0,7,0.9,1,0","dashisi,open,108,-273,35,0,17,1,1,0","dashisi,leg_up,-26,-232,-9.7,0,7,1,1,0","dashisi,leg_low,-47,-186,-26,0,10,1,1,0","dashisi,foot,-53,-149,-32.6,0,9,1,1,0","dashisi,leg_up,34,-236,32.7,0,16,1,1,0","dashisi,leg_low,41,-185,-3.5,0,18,1,1,0","dashisi,foot,44,-154,-22,0,15,0.9,0.9,0","dashisi,base,42,-191,45,0,5,1,1,0",,"dashisi,feather,-49,-447,-9,0,5,1,1,0","dashisi,wing4,-42,-384,-26,0,9,1,1,70","dashisi,skirt,-5,-265,4,0,6,1.3,0.6,0","item,weird_potion,113,-278,-43,0,1,1,1,0",,,,,,,,,,,,,,,,,,,,,,,,,,,,,,,,,,,,,,,,,,,,,,,,,,,,,,,,,,,,,,,,,,,,,,,,,,,,,,,,,,,,,,,,,,,,,,,,,,
UseItem/5,"dashisi,head,7,-412,-6,0,2,1,1,0","dashisi,neck,6,-371,18,0,4,1,1,0","dashisi,body,0,-330,-0.5,0,5,1,1,0","dashisi,arm_up,-46,-341,-29,0,5,1,1,0","dashisi,arm_low,-52,-307,28,0,2,1,1,0","dashisi,fist,-38,-267,-7,0,4,1,1,0","dashisi,arm_up,45,-344,40,1,17,0.9,1,0","dashisi,arm_low,87,-320,87,0,7,0.9,1,0","dashisi,open,128,-315,65,0,17,1,1,0","dashisi,leg_up,-26,-235,-1.7,0,7,1,1,0","dashisi,leg_low,-46,-189,-24,0,10,1,1,0","dashisi,foot,-51,-151,-34.6,0,9,1,1,0","dashisi,leg_up,34,-241,33.7,0,16,1,1,0","dashisi,leg_low,41,-191,-3.5,0,18,1,1,0","dashisi,foot,44,-160,-22,0,15,0.9,0.9,0","dashisi,base,42,-194,45,0,5,1,1,0",,"dashisi,feather,-53,-446,-7,0,5,1,1,0","dashisi,wing3,-41,-382,-16,0,9,1,1,70","dashisi,skirt,-5,-268,4,0,6,1.3,0.6,0","item,weird_potion,133,-320,-13,0,1,1,1,0",,,,,,,,,,,,,,,,,,,,,,,,,,,,,,,,,,,,,,,,,,,,,,,,,,,,,,,,,,,,,,,,,,,,,,,,,,,,,,,,,,,,,,,,,,,,,,,,,,
UseItem/6,"dashisi,head,5,-416,3,0,2,1,1,0","dashisi,neck,6,-375,18,0,4,1,1,0","dashisi,body,0,-334,-0.5,0,5,1,1,0","dashisi,arm_up,-46,-345,-29,0,5,1,1,0","dashisi,arm_low,-52,-311,28,0,2,1,1,0","dashisi,fist,-38,-271,-7,0,4,1,1,0","dashisi,arm_up,45,-347,47,1,17,0.9,1,0","dashisi,arm_low,70,-347,157,0,7,0.9,1,0","dashisi,open,89,-388,146,0,17,1,1,0","dashisi,leg_up,-26,-239,-1.7,0,7,1,1,0","dashisi,leg_low,-46,-193,-24,0,10,1,1,0","dashisi,foot,-51,-155,-34.6,0,9,1,1,0","dashisi,leg_up,36,-245,35.7,0,16,1,1,0","dashisi,leg_low,43,-195,-3.5,0,18,1,1,0","dashisi,foot,46,-164,-22,0,15,0.9,0.9,0","dashisi,base,42,-198,45,0,5,1,1,0",,"dashisi,feather,-57,-438,-2,0,5,1,1,0","dashisi,wing2,-20,-372,-28,0,9,1,1,70","dashisi,skirt,-5,-272,4,0,6,1.3,0.6,0","item,weird_potion,63,-389,80,0,1,1,1,0",,,,,,,,,,,,,,,,,,,,,,,,,,,,,,,,,,,,,,,,,,,,,,,,,,,,,,,,,,,,,,,,,,,,,,,,,,,,,,,,,,,,,,,,,,,,,,,,play_time_mod_1.25,,
UseItem/7,"dashisi,close,-4,-415,9,0,2,1,1,0","dashisi,neck,3,-375,21,0,4,1,1,0","dashisi,body,-3,-334,2.5,0,5,1,1,0","dashisi,arm_up,-49,-342,-26,0,5,1,1,0","dashisi,arm_low,-52,-308,31,0,2,1,1,0","dashisi,fist,-38,-268,-4,0,4,1,1,0","dashisi,arm_up,42,-349,62,1,17,0.9,1,0","dashisi,arm_low,64,-357,180,0,7,0.9,1,0","dashisi,open,62,-402,178,0,17,1,1,0","dashisi,leg_up,-26,-239,-2.7,0,7,1,1,0","dashisi,leg_low,-47,-194,-25,0,10,1,1,0","dashisi,foot,-53,-156,-35.6,0,9,1,1,0","dashisi,leg_up,36,-244,34.7,0,16,1,1,0","dashisi,leg_low,42,-194,-4.5,0,18,1,1,0","dashisi,foot,44,-163,-23,0,15,0.9,0.9,0","dashisi,base,48,-201,48,0,5,1,1,0",,"dashisi,feather,-63,-435,1,0,5,1,1,0","dashisi,wing1,-26,-362,-13,0,9,1,1,70","dashisi,skirt,-5,-272,7,0,6,1.3,0.6,0","item,weird_potion,43,-394,103,0,1,1,1,0",,,,,,,,,,,,,,,,,,,,,,,,,,,,,,,,,,,,,,,,,,,,,,,,,,,,,,,,,,,,,,,,,,,,,,,,,,,,,,,,,,,,,,,,,,,,,,,,play_time_mod_1.25,,
UseItem/8,"dashisi,close,-12,-415,17,0,2,1,1,0","dashisi,neck,-4,-375,22,0,4,1,1,0","dashisi,body,-4,-334,3.5,0,5,1,1,0","dashisi,arm_up,-50,-341,-25,0,5,1,1,0","dashisi,arm_low,-52,-307,32,0,2,1,1,0","dashisi,fist,-38,-267,-3,0,4,1,1,0","dashisi,arm_up,31,-359,101,1,17,0.9,1,0","dashisi,arm_low,61,-387,-180,0,7,0.9,1,0","dashisi,fist_back,60,-430,169,0,17,1,1,0","dashisi,leg_up,-25,-238,-1.7,0,7,1,1,0","dashisi,leg_low,-45,-193,-24,0,10,1,1,0","dashisi,foot,-51,-155,-34.6,0,9,1,1,0","dashisi,leg_up,37,-244,35.7,0,16,1,1,0","dashisi,leg_low,44,-195,-3.5,0,18,1,1,0","dashisi,foot,46,-164,-22,0,15,0.9,0.9,0","dashisi,base,50,-202,49,0,5,1,1,0",,"dashisi,feather,-65,-427,6,0,5,1,1,0","dashisi,wing2,-28,-366,-3,0,9,1,1,70","dashisi,skirt,-5,-272,8,0,6,1.3,0.6,0",,,,,,,,,,,,,,,,,,,,,,,,,,,,,,,,,,,,,,,,,,,,,,,,,,,,,,,,,,,,,,,,,,,,,,,,,,,,,,,,,,,,,,,,,"use_item,base,27,-409,0,0,0,1,1,1",,,,,,,,,,
UseItem/9,"dashisi,close,-17,-411,22,0,2,1,1,0","dashisi,neck,-8,-371,24,0,4,1,1,0","dashisi,body,-5,-331,4.5,0,5,1,1,0","dashisi,arm_up,-51,-337,-24,0,5,1,1,0","dashisi,arm_low,-53,-303,30,0,2,1,1,0","dashisi,fist,-40,-263,-4,0,4,1,1,0","dashisi,arm_up,32,-349,82,1,17,0.9,1,0","dashisi,arm_low,73,-361,142,0,7,0.9,1,0","dashisi,twopoint,107,-389,90,0,17,1,1,0","dashisi,leg_up,-24,-234,-0.7,0,7,1,1,0","dashisi,leg_low,-43,-189,-23,0,10,1,1,0","dashisi,foot,-49,-151,-33.6,0,9,1,1,0","dashisi,leg_up,38,-241,36.7,0,16,1,1,0","dashisi,leg_low,46,-192,-2.5,0,18,1,1,0","dashisi,foot,48,-161,-21,0,15,0.9,0.9,0","dashisi,base,49,-198,49,0,5,1,1,0",,"dashisi,feather,-67,-422,7,0,5,1,1,0","dashisi,wing3,-33,-364,18,0,9,1,1,70","dashisi,skirt,-5,-269,9,0,6,1.3,0.6,0",,,,,,,,,,,,,,,,,,,,,,,,,,,,,,,,,,,,,,,,,,,,,,,,,,,,,,,,,,,,,,,,,,,,,,,,,,,,,,,,,,,,,,,,,,,,,,,,,,,
UseItem/10,"dashisi,close,-19,-405,23,0,2,1,1,0","dashisi,neck,-9,-364,22,0,4,1,1,0","dashisi,body,-6,-324,5.5,0,5,1,1,0","dashisi,arm_up,-52,-331,-26,0,5,1,1,0","dashisi,arm_low,-54,-297,28,0,2,1,1,0","dashisi,fist,-43,-257,-6,0,4,1,1,0","dashisi,arm_up,32,-347,73,1,17,0.9,1,0","dashisi,arm_low,77,-348,125,0,7,0.9,1,0","dashisi,twopoint,118,-366,77,0,17,1,1,0","dashisi,leg_up,-25,-228,-1.7,0,7,1,1,0","dashisi,leg_low,-45,-183,-24,0,10,1,1,0","dashisi,foot,-51,-145,-36.6,0,9,1,1,0","dashisi,leg_up,40,-235,36.7,0,16,1,1,0","dashisi,leg_low,48,-186,-2.5,0,18,1,1,0","dashisi,foot,50,-155,-21,0,15,0.9,0.9,0","dashisi,base,44,-188,47,0,5,1,1,0",,"dashisi,feather,-71,-408,11,0,5,1,1,0","dashisi,wing4,-39,-355,18,0,9,1,1,70","dashisi,skirt,-5,-263,9,0,6,1.3,0.6,0",,,,,,,,,,,,,,,,,,,,,,,,,,,,,,,,,,,,,,,,,,,,,,,,,,,,,,,,,,,,,,,,,,,,,,,,,,,,,,,,,,,,,,,,,,,,,,,,,,,
UseItem/11,"dashisi,head,-17,-410,11,0,2,1,1,0","dashisi,neck,-9,-369,22,0,4,1,1,0","dashisi,body,-6,-329,5.5,0,5,1,1,0","dashisi,arm_up,-49,-336,-29,0,5,1,1,0","dashisi,arm_low,-52,-302,26,0,2,1,1,0","dashisi,fist,-38,-262,-6,0,4,1,1,0","dashisi,arm_up,42,-349,53,1,17,0.9,1,0","dashisi,arm_low,87,-332,95,0,7,0.9,1,0","dashisi,open,132,-334,74,0,17,1,1,0","dashisi,leg_up,-25,-233,-1.7,0,7,1,1,0","dashisi,leg_low,-45,-188,-24,0,10,1,1,0","dashisi,foot,-51,-150,-36.6,0,9,1,1,0","dashisi,leg_up,40,-240,36.7,0,16,1,1,0","dashisi,leg_low,48,-191,-2.5,0,18,1,1,0","dashisi,foot,50,-160,-21,0,15,0.9,0.9,0","dashisi,base,47,-193,49,0,5,1,1,0",,"dashisi,feather,-71,-413,11,0,5,1,1,0","dashisi,wing5,-49,-374,-24,0,9,1,1,70","dashisi,skirt,-5,-268,9,0,6,1.3,0.6,0",,,,,,,,,,,,,,,,,,,,,,,,,,,,,,,,,,,,,,,,,,,,,,,,,,,,,,,,,,,,,,,,,,,,,,,,,,,,,,,,,,,,,,,,,,,,,,,,,,,
UseItem/12,"dashisi,head,-8,-416,1,0,2,1,1,0","dashisi,neck,-5,-375,20,0,4,1,1,0","dashisi,body,-3,-335,2.5,0,5,1,1,0","dashisi,arm_up,-47,-342,-29,0,5,1,1,0","dashisi,arm_low,-52,-308,30,0,2,1,1,0","dashisi,fist,-37,-266,-6,0,4,1,1,0","dashisi,arm_up,44,-350,41,1,17,0.9,1,0","dashisi,arm_low,73,-313,33,0,7,0.9,1,0","dashisi,open,92,-267,32,1,17,1,1,0","dashisi,leg_up,-25,-239,1.3,0,7,1,1,0","dashisi,leg_low,-44,-194,-24,0,10,1,1,0","dashisi,foot,-52,-153,-40.6,0,9,1,1,0","dashisi,leg_up,36,-246,27.7,0,16,1,1,0","dashisi,leg_low,40,-193,-2.5,0,18,1,1,0","dashisi,foot,46,-159,-23,0,15,0.9,0.9,0","dashisi,base,49,-197,49,0,5,1,1,0",,"dashisi,feather,-67,-434,-1,0,5,1,1,0","dashisi,wing4,-40,-382,-8,0,9,1,1,70","dashisi,skirt,-5,-274,7,0,6,1.3,0.6,0",,,,,,,,,,,,,,,,,,,,,,,,,,,,,,,,,,,,,,,,,,,,,,,,,,,,,,,,,,,,,,,,,,,,,,,,,,,,,,,,,,,,,,,,,,,,,,,,,,,
UseItem/13,"dashisi,head,-2,-419,-5,0,2,1,1,0","dashisi,neck,-2,-378,18,0,4,1,1,0","dashisi,body,-1,-337,-1.5,0,5,1,1,0","dashisi,arm_up,-44,-342,-22,0,5,1,1,0","dashisi,arm_low,-44,-301,32,0,2,1,1,0","dashisi,fist,-27,-259,-4,0,4,1,1,0","dashisi,arm_up,45,-344,31,1,17,0.9,1,0","dashisi,arm_low,56,-302,-7,0,2,0.9,1,0","dashisi,open,35,-255,-21,1,4,1,1,0","dashisi,leg_up,-25,-239,1.3,0,7,1,1,0","dashisi,leg_low,-41,-194,-21,0,10,1,1,0","dashisi,foot,-48,-157,-34.6,0,9,1,1,0","dashisi,leg_up,35,-243,24.7,0,16,1,1,0","dashisi,leg_low,39,-189,-2.5,0,18,1,1,0","dashisi,foot,45,-155,-23,0,15,0.9,0.9,0","dashisi,base,68,-196,55,0,5,1,1,0",,"dashisi,feather,-69,-442,-2,0,5,1,1,0","dashisi,wing3,-40,-380,-11,0,9,1,1,70","dashisi,skirt,-5,-274,7,0,6,1.3,0.6,0",,,,,,,,,,,,,,,,,,,,,,,,,,,,,,,,,,,,,,,,,,,,,,,,,,,,,,,,,,,,,,,,,,,,,,,,,,,,,,,,,,,,,,,,,,,,,,,,,,,
UseItem/14,"dashisi,head,2,-422,-5,0,2,1,1,0","dashisi,neck,-1,-382,13,0,4,1,1,0","dashisi,body,-2,-336,-2.5,0,5,1,1,0","dashisi,arm_up,-40,-344,-16,0,5,1,1,0","dashisi,arm_low,-38,-308,36,0,2,1,1,0","dashisi,fist,-21,-271,-6,0,4,1,1,0","dashisi,arm_up,35,-342,16,1,13,1,1,0","dashisi,arm_low,35,-303,-26,0,3,1,1,0","dashisi,fist_back,6,-266,-56,0,4,1,1,0","dashisi,leg_up,-23,-239,-6.7,0,7,1,1,0","dashisi,leg_low,-41,-193,-22,0,10,1,1,0","dashisi,foot,-45,-156,-27.6,0,9,1,1,0","dashisi,leg_up,28,-239,32.7,0,16,1,1,0","dashisi,leg_low,35,-188,-0.5,0,18,1,1,0","dashisi,foot,41,-157,-16,0,15,0.9,0.9,0","dashisi,base,92,-200,56,0,5,1,1,0",,"dashisi,feather,-44,-454,-10,0,5,1,1,0","dashisi,wing2,-24,-364,-24,0,9,1,1,70","dashisi,skirt,-5,-267,3,0,6,1.3,0.6,0",,,,,,,,,,,,,,,,,,,,,,,,,,,,,,,,,,,,,,,,,,,,,,,,,,,,,,,,,,,,,,,,,,,,,,,,,,,,,,,,,,,,,,,,,,,,,,,,,,,
Skill1Ready/0,"dashisi,head,3,-457,-4,0,2,1,1,0","dashisi,neck,-2,-414,19,0,4,1,1,0","dashisi,body,-1,-370,-2.5,0,5,1,1,0","dashisi,arm_up,-33,-380,4,0,5,1,1,0","dashisi,arm_low,-18,-334,36,0,2,1,1,0","dashisi,fist,-1,-297,-6,0,4,1,1,0","dashisi,arm_up,33,-378,23,1,13,1,1,0","dashisi,arm_low,46,-333,-1,0,3,1,1,0","dashisi,fist_back,45,-291,-7,0,4,1,1,0","dashisi,leg_up,-26,-278,-7.7,0,7,1,1,0","dashisi,leg_low,-46,-231,-26,0,10,1,1,0","dashisi,foot,-51,-194,-30.6,0,9,1,1,0","dashisi,leg_up,30,-271,35.7,0,16,1,1,0","dashisi,leg_low,36,-222,-4.5,0,18,1,1,0","dashisi,foot,42,-191,-15,0,15,0.9,0.9,0","dashisi,base,155,-287,88,0,5,1,1,0",,"dashisi,feather,-47,-490,-9,0,5,1,1,0","dashisi,wing3,-27,-390,23,0,16,1.5,1,70","dashisi,skirt,-5,-306,2,0,6,1.3,0.6,0",,,,,,,,,,,,,,,,,,,,,,,,,,,,,,,,,,,,,,,,,,,,,,,,,,,,,,,,,,,,,,,,,,,,,,,,,,,,,,,,,,,,,,,,,,,,,,,,,,,
Skill1Ready/1,"dashisi,head,-14,-513,6,0,2,1,1,0","dashisi,neck,-8,-472,30,0,4,1,1,0","dashisi,body,-1,-430,3.5,0,5,1,1,0","dashisi,arm_up,-24,-432,40,0,5,1,1,0","dashisi,arm_low,13,-402,65,0,2,1,1,0","dashisi,fist,54,-383,50,0,4,1,1,0","dashisi,arm_up,27,-449,34,1,13,1,1,0","dashisi,arm_low,62,-421,69,0,3,1,1,0","dashisi,fist_back,95,-400,53,0,4,1,1,0","dashisi,leg_up,-17,-337,1.3,0,7,1,1,0","dashisi,leg_low,-30,-285,-18,0,10,1,1,0","dashisi,foot,-33,-249,-35.6,0,9,1,1,0","dashisi,leg_up,39,-344,41.7,0,16,1,1,0","dashisi,leg_low,52,-294,1.5,0,18,1,1,0","dashisi,foot,52,-262,-49,0,15,0.9,0.9,0","dashisi,base,182,-460,124,0,5,1,1,0",,"dashisi,feather,-68,-522,39,0,5,1,1,0","dashisi,wing1,-25,-415,64,0,16,1.5,1,70","dashisi,skirt,4,-372,6,0,6,1.3,0.6,0",,,,,,,,,,,,,,,,,,,,,,,,,,,,,,,,,,,,,,,,,,,,,,,,,,,,,,,,,,,,,,,,,,,,,,,,,,,,,,,,,,,,,,,,,,,,,,,,,,,
Skill1Ready/2,"dashisi,head,-18,-583,18,0,2,1,1,0","dashisi,neck,-8,-542,30,0,4,1,1,0","dashisi,body,-1,-500,3.5,0,5,1,1,0","dashisi,arm_up,-24,-502,40,0,5,1,1,0","dashisi,arm_low,13,-472,65,0,2,1,1,0","dashisi,fist,54,-453,50,0,4,1,1,0","dashisi,arm_up,27,-507,4,1,13,1,1,0","dashisi,arm_low,51,-491,79,0,3,1,1,0","dashisi,fist_back,75,-490,73,0,4,1,1,0","dashisi,leg_up,-17,-407,1.3,0,7,1,1,0","dashisi,leg_low,-30,-355,-18,0,10,1,1,0","dashisi,foot,-28,-319,-25.6,0,9,1,1,0","dashisi,leg_up,39,-414,41.7,0,16,1,1,0","dashisi,leg_low,52,-364,1.5,0,18,1,1,0","dashisi,foot,64,-334,-9,0,15,0.9,0.9,0","dashisi,base,90,-596,170,0,5,1,1,0",,"dashisi,feather,-68,-578,59,0,5,1,1,0","dashisi,wing1,-25,-478,74,0,16,1.5,1,70","dashisi,skirt,4,-442,6,0,6,1.3,0.6,0",,,,,,,,,,,,,,,,,,,,,,,,,,,,,,,,,,,,,,,,,,,,,,,,,,,,,,,,,,,,,,,,,,,,,,,,,,,,,,,,,,,,,,,,,,,,,,,,,play_time_mod_0.7,,
Skill1Ready/3,"dashisi,head,-20,-663,22,0,2,1,1,0","dashisi,neck,-8,-622,30,0,4,1,1,0","dashisi,body,-1,-580,3.5,0,5,1,1,0","dashisi,arm_up,-24,-582,40,0,5,1,1,0","dashisi,arm_low,21,-550,65,0,2,1,1,0","dashisi,fist,64,-534,80,0,4,1,1,0","dashisi,arm_up,27,-587,4,1,13,1,1,0","dashisi,arm_low,43,-573,79,0,3,1,1,0","dashisi,fist_back,75,-570,73,0,4,1,1,0","dashisi,leg_up,-17,-487,1.3,0,7,1,1,0","dashisi,leg_low,-30,-435,-18,0,10,1,1,0","dashisi,foot,-39,-399,-45.6,0,9,1,1,0","dashisi,leg_up,39,-494,41.7,0,16,1,1,0","dashisi,leg_low,42,-444,-8.5,0,18,1,1,0","dashisi,foot,37,-408,-41,0,15,0.9,0.9,0","dashisi,base,63,-680,-176,0,5,1,1,0",,"dashisi,feather,-64,-650,79,0,5,1,1,0","dashisi,wing1,-25,-558,74,0,16,1.5,1,70","dashisi,skirt,4,-522,6,0,6,1.3,0.6,0",,,,,,,,,,,,,,,,,,,,,,,,,,,,,,,,,,,,,,,,,,,,,,,,,,,,,,,,,,,,,,,,,,,,,,,,,,,,,,,,,,,,,,,,,,,,,,,,,play_time_mod_0.6,,
Skill1Ready/4,"dashisi,head,-38,-758,31,0,2,1,1,0","dashisi,neck,-17,-725,51,0,4,1,1,0","dashisi,body,-2,-681,25.5,0,5,1,1,0","dashisi,arm_up,-9,-699,105,0,5,1,1,0","dashisi,arm_low,47,-717,131,0,2,1,1,0","dashisi,fist,84,-746,121,0,4,1,1,0","dashisi,arm_up,26,-725,139,1,13,1,1,0","dashisi,arm_low,48,-753,143,0,3,1,1,0","dashisi,fist_back,72,-787,135,0,4,1,1,0","dashisi,leg_up,9,-593,11.3,0,7,1,1,0","dashisi,leg_low,3,-538,-6,0,10,1,1,0","dashisi,foot,5,-504,-30.6,0,9,1,1,0","dashisi,leg_up,70,-608,60.7,0,16,1,1,0","dashisi,leg_low,95,-562,16.5,0,18,1,1,0","dashisi,foot,101,-531,-37,0,15,0.9,0.9,0","dashisi,base,29,-883,-156,0,5,1,1,0",,"dashisi,feather,-87,-705,93,0,5,1,1,0","dashisi,wing1,-13,-661,101,0,16,1.5,1,70","dashisi,skirt,22,-625,22,0,6,1.3,0.7,0",,,,,,,,,,,,,,,,,,,,,,,,,,,,,,,,,,,,,,,,,,,,,,,,,,,,,,,,,,,,,,,,,,,,,,,,,,,,,,,,,,,,,,,,,,,,,,,,,play_time_mod_0.5,,
Skill1Ready/5,"dashisi,head,-153,-948,91,0,2,1,1,0","dashisi,neck,-114,-937,91,0,4,1,1,0","dashisi,body,-76,-912,65.5,0,5,1,1,0","dashisi,arm_up,-89,-928,152,0,5,1,1.3,0","dashisi,arm_low,-65,-985,-180,0,2,1,1,0","dashisi,fist,-66,-1031,180,0,4,1,1,0","dashisi,arm_up,-86,-972,180,1,13,1,1,0","dashisi,arm_low,-94,-997,-150,0,3,1,1,0","dashisi,fist_back,-110,-1039,-170,0,4,1,1,0","dashisi,leg_up,-11,-848,51.3,0,7,1,1,0","dashisi,leg_low,20,-809,40,0,10,1,1,0","dashisi,foot,43,-779,9.4,0,9,1,1,0","dashisi,leg_up,26,-898,100.7,0,16,1,1,0","dashisi,leg_low,72,-880,56.5,0,18,1,1,0","dashisi,foot,101,-873,46,0,15,0.9,0.9,0","dashisi,base,-225,-1039,-90,0,5,1,1,0",,"dashisi,feather,-170,-895,103,0,5,1,1,0","dashisi,wing1,-74,-894,151,0,16,1.5,1,70","dashisi,skirt,-24,-886,62,0,6,1.3,0.7,0",,,,,,,,,,,,,,,,,,,,,,,,,,,,,,,,,,,,,,,,,,,,,,,,,,,,,,,,,,,,,,,,,,,,,,,,,,,,,,,,,,,,,,,,,,,,,,,,,play_time_mod_0.7,,
Skill1Ready/6,"dashisi,head,-245,-962,151,0,2,1,1,0","dashisi,neck,-217,-991,151,0,4,1,1,0","dashisi,body,-176,-1010,125.5,0,5,1,1,0","dashisi,arm_up,-195,-1006,-150,0,5,1,1.3,0","dashisi,arm_low,-232,-1056,-120,0,2,1,1,0","dashisi,fist,-271,-1077,-130,0,4,1,1,0","dashisi,arm_up,-231,-1033,-130,1,13,1,1,0","dashisi,arm_low,-257,-1037,-90,0,3,1,1,0","dashisi,fist_back,-301,-1045,-110,0,4,1,1,0","dashisi,leg_up,-87,-1034,111.3,0,7,1,1,0","dashisi,leg_low,-37,-1043,100,0,10,1,1,0","dashisi,foot,0,-1051,69.4,0,9,1,1,0","dashisi,leg_up,-112,-1091,160.7,0,16,1,1,0","dashisi,leg_low,-73,-1123,116.5,0,18,1,1,0","dashisi,foot,-39,-1142,86,0,15,0.9,0.9,0","dashisi,base,-363,-962,-40,0,5,1,1,0",,"dashisi,feather,-212,-922,153,0,5,1,1,0","dashisi,wing1,-164,-990,-170,0,16,1.5,1,70","dashisi,skirt,-125,-1042,122,0,6,1.3,0.7,0",,,,,,,,,,,,,,,,,,,,,,,,,,,,,,,,,,,,,,,,,,,,,,,,,,,,,,,,,,,,,,,,,,,,,,,,,,,,,,,,,,,,,,,,,,,,,,,,,,,
Skill1Ready/7,"dashisi,head,-276,-739,-168,0,2,1,1,0","dashisi,neck,-289,-772,-148,0,4,1,1,0","dashisi,body,-296,-820,-171.5,0,5,1,1,0","dashisi,arm_up,-278,-814,-116,0,5,1,1.1,0","dashisi,arm_low,-336,-823,-76,0,2,1,1.1,0","dashisi,fist,-380,-814,-72,0,4,1,1,0","dashisi,arm_up,-334,-771,-75,1,13,1,1,0","dashisi,arm_low,-373,-764,-92,0,3,1,1,0","dashisi,fist_back,-410,-769,-124,0,4,1,1,0","dashisi,leg_up,-289,-910,-177.7,0,7,1,1,0","dashisi,leg_low,-259,-957,150,0,10,1,1,0","dashisi,foot,-241,-989,130,0,9,1,1,0","dashisi,leg_up,-350,-899,-134.3,0,16,1,1,0","dashisi,leg_low,-367,-956,-174.5,0,18,1,1,0","dashisi,foot,-374,-992,170,0,15,0.9,0.9,0","dashisi,swing,-321,-914,150,0,5,1.1,1.1,0",,"dashisi,feather,-222,-735,-129,0,5,1,1,0","dashisi,wing1,-263,-789,170,0,21,1.2,1,70","dashisi,skirt,-311,-880,-167,0,6,1.3,0.7,0",,,,,,,,,,,,,,,,,,,,,,,,,,,,,,,,,,,,,,,,,,,,,,,,,,,,,,,,,,,,,,,,,,,,,,,,,,,,,,,,,,,,,,,,,,,,,,,,,"sprite_deal_damage,play_time_mod_0.4",,
Skill1Ready/8,"dashisi,head,-143,-612,-108,0,2,1,1,0","dashisi,neck,-178,-618,-88,0,4,1,1,0","dashisi,body,-225,-638,-111.5,0,5,1,1,0","dashisi,arm_up,-209,-646,-56,0,5,1,1.1,0","dashisi,arm_low,-246,-602,-16,0,2,1,1.1,0","dashisi,fist,-260,-559,-12,0,4,1,1,0","dashisi,arm_up,-199,-576,-15,1,13,1,1,0","dashisi,arm_low,-212,-540,-32,0,3,1,1,0","dashisi,fist_back,-237,-512,-64,0,4,1,1,0","dashisi,leg_up,-297,-685,-117.7,0,7,1,1,0","dashisi,leg_low,-324,-737,-153,0,10,1,1,0","dashisi,foot,-344,-768,-177.6,0,9,1,1,0","dashisi,leg_up,-319,-628,-74.3,0,16,1,1,0","dashisi,leg_low,-375,-640,-114.5,0,18,1,1,0","dashisi,foot,-412,-653,-133,0,15,0.9,0.9,0","dashisi,swing,-319,-660,-149,0,5,1.1,1.1,0",,"dashisi,feather,-111,-655,-109,0,5,1,1,0","dashisi,wing1,-180,-650,-139,0,21,1.2,1,70","dashisi,skirt,-283,-653,-107,0,6,1.3,0.7,0",,,,,,,,,,,,,,,,,,,,,,,,,,,,,,,,,,,,,,,,,,,,,,,,,,,,,,,,,,,,,,,,,,,,,,,,,,,,,,,,,,,,,,,,,,,,,,,,,"sprite_deal_damage,play_time_mod_0.3",,
Skill1Ready/9,"dashisi,head,-97,-611,-68,0,2,1,1,0","dashisi,neck,-129,-596,-68,0,4,1,1,0","dashisi,body,-182,-599,-91.5,0,5,1,1,0","dashisi,arm_up,-169,-612,-36,0,5,1,1.1,0","dashisi,arm_low,-188,-562,6,0,2,1,1.1,0","dashisi,fist,-179,-513,8,0,4,1,1,0","dashisi,arm_up,-136,-548,5,1,13,1,1,0","dashisi,arm_low,-135,-540,-2,0,3,1,1,0","dashisi,fist_back,-132,-515,-24,0,4,1,1,0","dashisi,leg_up,-265,-619,-97.7,0,7,1,1,0","dashisi,leg_low,-307,-657,-133,0,10,1,1,0","dashisi,foot,-338,-679,-157.6,0,9,1,1,0","dashisi,leg_up,-266,-558,-54.3,0,16,1,1,0","dashisi,leg_low,-323,-549,-94.5,0,18,1,1,0","dashisi,foot,-362,-548,-113,0,15,0.9,0.9,0","dashisi,swing,-297,-508,-89,0,5,1.1,1.1,0",,"dashisi,feather,-85,-663,-86,0,5,1,1,0","dashisi,wing1,-142,-625,-119,0,21,1.2,1,70","dashisi,skirt,-241,-592,-87,0,6,1.3,0.7,0",,,,,,,,,,,,,,,,,,,,,,,,,,,,,,,,,,,,,,,,,,,,,,,,,,,,,,,,,,,,,,,,,,,,,,,,,,,,,,,,,,,,,,,,,,,,,,,,,"sprite_deal_damage,play_time_mod_0.3",,
Skill1Ready/10,"dashisi,head,-42,-553,-58,0,2,1,1,0","dashisi,neck,-71,-532,-58,0,4,1,1,0","dashisi,body,-124,-526,-81.5,0,5,1,1,0","dashisi,arm_up,-106,-531,-16,0,5,1,1.1,0","dashisi,arm_low,-113,-474,26,0,2,1,1.1,0","dashisi,fist,-96,-432,18,0,4,1,1,0","dashisi,arm_up,-69,-484,15,1,13,1,1,0","dashisi,arm_low,-67,-476,18,0,3,1,1,0","dashisi,fist_back,-60,-442,6,0,4,1,1,0","dashisi,leg_up,-209,-531,-87.7,0,7,1,1,0","dashisi,leg_low,-257,-562,-123,0,10,1,1,0","dashisi,foot,-291,-578,-147.6,0,9,1,1,0","dashisi,leg_up,-199,-471,-44.3,0,16,1,1,0","dashisi,leg_low,-254,-452,-84.5,0,18,1,1,0","dashisi,foot,-292,-445,-103,0,15,0.9,0.9,0","dashisi,swing,-200,-357,-59,0,5,1.1,1.1,0",,"dashisi,feather,-39,-606,-76,0,5,1,1,0","dashisi,wing1,-89,-559,-109,0,21,1.2,1,70","dashisi,skirt,-180,-509,-77,0,6,1.3,0.7,0",,,,,,,,,,,,,,,,,,,,,,,,,,,,,,,,,,,,,,,,,,,,,,,,,,,,,,,,,,,,,,,,,,,,,,,,,,,,,,,,,,,,,,,,,,,,,,,,,"sprite_deal_damage,play_time_mod_0.2",,"swing_flat_large,1000,0"
Skill1End/0,"dashisi,head,82,-502,-29,0,2,1,1,0","dashisi,neck,51,-479,-29,0,4,1,1,0","dashisi,body,17,-451,-61.5,0,5,1,1,0","dashisi,arm_up,21,-477,-24,0,5,1,1,0","dashisi,arm_low,10,-439,-12,0,1,1,1,0","dashisi,fist,-6,-405,-52,0,2,1,1,0","dashisi,arm_up,72,-440,31,1,13,1,1,0","dashisi,arm_low,64,-419,-95,0,3,1,1,0","dashisi,fist,30,-424,-112,0,4,1,1,0","dashisi,leg_up,-70,-429,-69.7,0,7,1,1,0","dashisi,leg_low,-124,-426,-90,0,10,1,1,0","dashisi,foot,-163,-427,-133.6,0,9,1,1,0","dashisi,leg_up,-49,-386,-51.3,0,16,1,1,0","dashisi,leg_low,-101,-361,-66.5,0,18,1,1,0","dashisi,foot,-138,-351,-120,0,15,0.9,0.9,0","dashisi,swing,-87,-316,-46,1,5,1.1,1.1,0",,"dashisi,feather,34,-534,-4,0,5,1,1,0","dashisi,wing1,-10,-470,9,0,16,1.5,1,70","dashisi,skirt,-38,-424,-60,0,6,1.3,0.6,0",,,,,,,,,,,,,,,,,,,,,,,,,,,,,,,,,,,,,,,,,,,,,,,,,,,,,,,,,,,,,,,,,,,,,,,,,,,,,,,,,,,,,,,,,,,,,,,,,,,
Skill1End/1,"dashisi,head,214,-498,-17,0,2,1,1,0","dashisi,neck,193,-467,-21,0,4,1,1,0","dashisi,body,159,-439,-52.5,0,5,1,1,0","dashisi,arm_up,162,-463,-18,0,5,1,1,0","dashisi,arm_low,151,-425,-6,0,1,1,1,0","dashisi,fist,141,-391,-46,0,2,1,1,0","dashisi,arm_up,213,-432,37,1,13,1,1,0","dashisi,arm_low,209,-411,-89,0,3,1,1,0","dashisi,fist,172,-416,-106,0,4,1,1,0","dashisi,leg_up,83,-400,-61.7,0,7,1,1,0","dashisi,leg_low,26,-390,-82,0,10,1,1,0","dashisi,foot,-13,-387,-125.6,0,9,1,1,0","dashisi,leg_up,109,-365,-41.3,0,16,1,1,0","dashisi,leg_low,60,-333,-56.5,0,18,1,1,0","dashisi,foot,24,-315,-112,0,15,0.9,0.9,0","dashisi,swing,66,-296,-40,1,5,1.1,1.1,0",,"dashisi,feather,166,-526,-2,0,5,1,1,0","dashisi,wing2,138,-463,14,0,9,1.1,1.1,70","dashisi,skirt,112,-404,-52,0,6,1.3,0.6,0",,,,,,,,,,,,,,,,,,,,,,,,,,,,,,,,,,,,,,,,,,,,,,,,,,,,,,,,,,,,,,,,,,,,,,,,,,,,,,,,,,,,,,,,,,,,,,,,,"sprite_deal_damage,play_time_mod_0.2",,
Skill1End/2,"dashisi,head,273,-494,-24,0,2,1,1,0","dashisi,neck,255,-463,-21,0,4,1,1,0","dashisi,body,223,-435,-46.5,0,5,1,1,0","dashisi,arm_up,210,-452,-7,0,5,1,1,0","dashisi,arm_low,209,-414,5,0,1,1,1,0","dashisi,fist,213,-378,-35,0,2,1,1,0","dashisi,arm_up,274,-431,48,1,13,1,1,0","dashisi,arm_low,267,-411,-78,0,3,1,1,0","dashisi,fist,228,-405,-95,0,4,1,1,0","dashisi,leg_up,144,-396,-61.7,0,7,1,1,0","dashisi,leg_low,88,-385,-82,0,10,1,1,0","dashisi,foot,47,-379,-115.6,0,9,1,1,0","dashisi,leg_up,177,-357,1.7,0,16,1,1,0","dashisi,leg_low,149,-324,-66.5,0,18,1,1,0","dashisi,foot,114,-307,-98,0,15,0.9,0.9,0","dashisi,swing,157,-271,-29,1,5,1.1,1.1,0",,"dashisi,feather,228,-525,3,0,5,1,1,0","dashisi,wing2,200,-459,14,0,9,1.1,1.1,70","dashisi,skirt,174,-400,-52,0,6,1.3,0.6,0",,,,,,,,,,,,,,,,,,,,,,,,,,,,,,,,,,,,,,,,,,,,,,,,,,,,,,,,,,,,,,,,,,,,,,,,,,,,,,,,,,,,,,,,,,,,,,,,,"sprite_deal_damage,play_time_mod_0.3",,
Skill1End/3,"dashisi,head,347,-490,-32,0,2,1,1,0","dashisi,neck,323,-461,-31,0,4,1,1,0","dashisi,body,288,-439,-56.5,0,5,1,1,0","dashisi,arm_up,289,-455,3,0,5,1,1,0","dashisi,arm_low,292,-415,15,0,1,1,1,0","dashisi,fist,304,-382,-25,0,2,1,1,0","dashisi,arm_up,331,-426,-1,1,13,1,1,0","dashisi,arm_low,323,-399,-54,0,3,1,1,0","dashisi,fist,299,-377,-93,0,4,1,1,0","dashisi,leg_up,200,-417,-60.7,0,7,1,1,0","dashisi,leg_low,149,-411,-92,0,10,1,1,0","dashisi,foot,112,-406,-112.6,0,9,1,1,0","dashisi,leg_up,225,-369,-27.3,0,16,1,1,0","dashisi,leg_low,193,-343,-46.5,0,18,1,1,0","dashisi,foot,170,-313,-59,0,15,0.9,0.9,0","dashisi,swing,270,-287,-15,1,5,1.3,0.9,0",,"dashisi,feather,302,-524,9,0,5,1,1,0","dashisi,wing2,265,-463,-7,0,9,1.1,1.1,70","dashisi,skirt,233,-413,-62,0,6,1.3,0.6,0",,,,,,,,,,,,,,,,,,,,,,,,,,,,,,,,,,,,,,,,,,,,,,,,,,,,,,,,,,,,,,,,,,,,,,,,,,,,,,,,,,,,,,,,,,,,,,,,,"sprite_deal_damage,play_time_mod_0.1",,
Skill1End/4,"dashisi,head,396,-492,-24,0,2,1,1,0","dashisi,neck,373,-461,-31,0,4,1,1,0","dashisi,body,338,-439,-56.5,0,5,1,1,0","dashisi,arm_up,350,-455,23,0,5,1,1,0","dashisi,arm_low,367,-418,35,0,1,1,1,0","dashisi,fist,389,-392,-5,0,2,1,1,0","dashisi,arm_up,391,-426,29,1,13,1,1,0","dashisi,arm_low,411,-399,46,0,3,1,1,0","dashisi,fist_back,440,-377,27,0,4,1,1,0","dashisi,leg_up,250,-415,-55.7,0,7,1,1,0","dashisi,leg_low,199,-409,-87,0,10,1,1,0","dashisi,foot,162,-403,-112.6,0,9,1,1,0","dashisi,leg_up,275,-365,-23.3,0,16,1,1,0","dashisi,leg_low,243,-333,-56.5,0,18,1,1,0","dashisi,foot,220,-309,-59,0,15,0.9,0.9,0","dashisi,swing,528,-353,75,1,5,1.3,0.9,0",,"dashisi,feather,341,-525,-1,0,5,1,1,0","dashisi,wing2,345,-495,-47,0,9,1.1,1.1,70","dashisi,skirt,283,-413,-62,0,6,1.3,0.6,0",,,,,,,,,,,,,,,,,,,,,,,,,,,,,,,,,,,,,,,,,,,,,,,,,,,,,,,,,,,,,,,,,,,,,,,,,,,,,,,,,,,,,,,,,,,,,,,,,"sprite_deal_damage,play_time_mod_0.2",,
Skill1End/5,"dashisi,head,414,-501,-15,0,2,1,1,0","dashisi,neck,395,-466,-11,0,4,1,1,0","dashisi,body,368,-431,-38.5,0,5,1,1,0","dashisi,arm_up,375,-453,43,0,5,1,1,0","dashisi,arm_low,413,-424,75,0,1,1,1,0","dashisi,fist,443,-418,46,0,2,1,1,0","dashisi,arm_up,424,-452,72,1,13,1,1,0","dashisi,arm_low,459,-448,79,0,3,0.9,0.9,0","dashisi,fist_back,487,-445,87,0,4,0.9,0.9,0","dashisi,leg_up,293,-382,-44.7,0,7,1,1,0","dashisi,leg_low,247,-364,-70,0,10,1,1,0","dashisi,foot,207,-350,-102.6,0,9,1,1,0","dashisi,leg_up,339,-341,-1.3,0,16,1,1,0","dashisi,leg_low,316,-294,-42.5,0,18,1,1,0","dashisi,foot,303,-264,-39,0,15,0.9,0.9,0","dashisi,swing,556,-483,115,1,5,1.1,0.7,0",,"dashisi,feather,346,-525,9,0,5,1,1,0","dashisi,wing3,356,-494,-27,0,9,1.1,1.1,70","dashisi,skirt,331,-388,-49,0,6,1.3,0.6,0",,,,,,,,,,,,,,,,,,,,,,,,,,,,,,,,,,,,,,,,,,,,,,,,,,,,,,,,,,,,,,,,,,,,,,,,,,,,,,,,,,,,,,,,,,,,,,,,,"sprite_deal_damage,play_time_mod_0.3",,
Skill1End/6,"dashisi,head,437,-504,-12,0,2,1,1,0","dashisi,neck,422,-469,-8,0,4,1,1,0","dashisi,body,395,-431,-35.5,0,5,1,1,0","dashisi,arm_up,402,-452,53,0,5,1,1,0","dashisi,arm_low,450,-437,108,0,1,1,1,0","dashisi,fist,490,-444,109,0,2,1,1,0","dashisi,arm_up,451,-445,105,1,13,1,1,0","dashisi,arm_low,472,-457,126,0,3,0.8,0.8,0","dashisi,fist_back,494,-471,110,0,4,0.9,0.9,0","dashisi,leg_up,323,-372,-38.7,0,7,1,1,0","dashisi,leg_low,280,-349,-63,0,10,1,1,0","dashisi,foot,245,-328,-89.6,0,9,1,1,0","dashisi,leg_up,384,-339,12.7,0,16,1,1,0","dashisi,leg_low,363,-292,-35.5,0,18,1,1,0","dashisi,foot,352,-255,-26,0,15,0.9,0.9,0","dashisi,swing,485,-529,-179,1,5,1,0.5,0",,"dashisi,feather,368,-525,12,0,5,1,1,0","dashisi,wing4,370,-484,-14,0,9,1.1,1.1,70","dashisi,skirt,362,-384,-39,0,6,1.3,0.6,0",,,,,,,,,,,,,,,,,,,,,,,,,,,,,,,,,,,,,,,,,,,,,,,,,,,,,,,,,,,,,,,,,,,,,,,,,,,,,,,,,,,,,,,,,,,,,,,,,"sprite_deal_damage,play_time_mod_0.2",,
Skill1End/7,"dashisi,head,455,-513,1,0,2,1,1,0","dashisi,neck,447,-478,4,0,4,1,1,0","dashisi,body,428,-431,-28.5,0,5,1,1,0","dashisi,arm_up,433,-455,64,0,5,1,1,0","dashisi,arm_low,480,-448,125,0,1,1,1,0","dashisi,fist,508,-482,138,0,2,1,1,0","dashisi,arm_up,484,-452,112,1,13,1,1,0","dashisi,arm_low,507,-473,138,0,3,0.8,0.8,0","dashisi,fist_back,516,-477,149,0,4,0.9,0.9,0","dashisi,leg_up,371,-358,-31.7,0,7,1,1,0","dashisi,leg_low,334,-333,-56,0,10,1,1,0","dashisi,foot,299,-305,-82.6,0,9,1,1,0","dashisi,leg_up,427,-340,41.7,0,16,1,1,0","dashisi,leg_low,421,-291,-18.5,0,18,1,1,0","dashisi,foot,416,-255,-19,0,15,0.9,0.9,0","dashisi,swing,410,-516,-113,1,5,0.9,0.8,0",,"dashisi,feather,394,-522,23,0,5,1,1,0","dashisi,wing4,396,-483,-6,0,9,1.1,1.1,70","dashisi,skirt,403,-383,-16,0,6,1.3,0.6,0",,,,,,,,,,,,,,,,,,,,,,,,,,,,,,,,,,,,,,,,,,,,,,,,,,,,,,,,,,,,,,,,,,,,,,,,,,,,,,,,,,,,,,,,,,,,,,,,,,,
Skill1End/8,"dashisi,head,432,-517,1,0,2,1,1,0","dashisi,neck,427,-480,14,0,4,1,1,0","dashisi,body,415,-429,-16.5,0,5,1,1,0","dashisi,arm_up,418,-455,76,0,5,1,1,0","dashisi,arm_low,470,-458,135,0,1,1,1,0","dashisi,fist,488,-500,148,0,2,1,1,0","dashisi,arm_up,474,-462,122,1,13,1,1,0","dashisi,arm_low,488,-491,148,0,3,0.8,0.8,0","dashisi,fist_back,496,-497,159,0,4,0.9,0.9,0","dashisi,leg_up,377,-349,-19.7,0,7,1,1,0","dashisi,leg_low,345,-316,-58,0,10,1,1,0","dashisi,foot,315,-292,-80.6,0,9,1,1,0","dashisi,leg_up,440,-348,47.7,0,16,1,1,0","dashisi,leg_low,445,-294,-8.5,0,18,1,1,0","dashisi,foot,452,-255,-11,0,15,0.9,0.9,0","dashisi,base,365,-497,-86,1,11,0.9,0.8,0",,"dashisi,feather,374,-518,34,0,5,1,1,0","dashisi,wing5,372,-482,6,0,9,1.1,1.1,70","dashisi,skirt,403,-376,-6,0,6,1.1,0.6,0",,,,,,,,,,,,,,,,,,,,,,,,,,,,,,,,,,,,,,,,,,,,,,,,,,,,,,,,,,,,,,,,,,,,,,,,,,,,,,,,,,,,,,,,,,,,,,,,,,,
Skill1End/9,"dashisi,head,416,-517,4,0,2,1,1,0","dashisi,neck,417,-480,19,0,4,1,1,0","dashisi,body,410,-429,-11.5,0,5,1,1,0","dashisi,arm_up,410,-453,79,0,5,1,1,0","dashisi,arm_low,462,-463,153,0,1,1,1,0","dashisi,fist,478,-505,153,0,2,1,1,0","dashisi,arm_up,469,-467,127,1,13,1,1,0","dashisi,arm_low,478,-496,153,0,3,0.8,0.8,0","dashisi,fist_back,486,-504,164,0,4,0.9,0.9,0","dashisi,leg_up,382,-349,-14.7,0,7,1,1,0","dashisi,leg_low,350,-311,-53,0,10,1,1,0","dashisi,foot,325,-285,-75.6,0,9,1,1,0","dashisi,leg_up,440,-353,56.7,0,16,1,1,0","dashisi,leg_low,469,-303,26.5,0,18,1,1,0","dashisi,foot,485,-270,-7,0,15,0.9,0.9,0","dashisi,base,355,-492,-81,1,11,0.9,0.8,0",,"dashisi,feather,364,-512,48,0,5,1,1,0","dashisi,wing4,362,-480,2,0,9,1.1,1.1,70","dashisi,skirt,403,-376,-1,0,6,1.1,0.6,0",,,,,,,,,,,,,,,,,,,,,,,,,,,,,,,,,,,,,,,,,,,,,,,,,,,,,,,,,,,,,,,,,,,,,,,,,,,,,,,,,,,,,,,,,,,,,,,,,play_time_mod_1.25,,
Skill1End/10,"dashisi,head,386,-517,-6,0,2,1,1,0","dashisi,neck,395,-474,33,0,4,1,1,0","dashisi,body,391,-429,5.5,0,5,1,1,0","dashisi,arm_up,394,-451,93,0,5,1,1.1,0","dashisi,arm_low,433,-473,162,0,1,1,1,0","dashisi,fist,448,-515,163,0,2,1,1,0","dashisi,arm_up,441,-477,152,1,13,1,1,0","dashisi,arm_low,448,-506,163,0,3,0.8,0.8,0","dashisi,fist_back,456,-514,174,0,4,0.9,0.9,0","dashisi,leg_up,377,-345,-16.7,0,7,1,1,0","dashisi,leg_low,348,-301,-43,0,10,1,1,0","dashisi,foot,325,-272,-71.6,0,9,1,1,0","dashisi,leg_up,439,-359,69.7,0,16,1,1,0","dashisi,leg_low,478,-321,37.5,0,18,1,1,0","dashisi,foot,503,-292,10,0,15,0.9,0.9,0","dashisi,base,326,-482,-71,1,11,0.9,0.8,0",,"dashisi,feather,334,-522,48,0,5,1,1,0","dashisi,wing3,339,-460,26,0,9,1.1,1.1,70","dashisi,skirt,393,-376,9,0,6,1.1,0.6,0",,,,,,,,,,,,,,,,,,,,,,,,,,,,,,,,,,,,,,,,,,,,,,,,,,,,,,,,,,,,,,,,,,,,,,,,,,,,,,,,,,,,,,,,,,,,,,,,,play_time_mod_1.25,,
Skill1End/11,"dashisi,head,375,-517,-11,0,2,1,1,0","dashisi,neck,375,-474,25,0,4,1,1,0","dashisi,body,374,-429,0.5,0,5,1,1,0","dashisi,arm_up,365,-451,71,0,5,1,1.1,0","dashisi,arm_low,413,-452,135,0,1,1,1,0","dashisi,fist,444,-480,118,0,2,1,1,0","dashisi,arm_up,404,-456,82,1,13,1,1,0","dashisi,arm_low,453,-457,133,0,3,0.8,0.8,0","dashisi,fist_back,476,-479,123,0,4,0.9,0.9,0","dashisi,leg_up,351,-347,-19.7,0,7,1,1,0","dashisi,leg_low,317,-302,-37,0,10,1,1,0","dashisi,foot,301,-269,-55.6,0,9,1,1,0","dashisi,leg_up,408,-350,64.7,0,16,1,1,0","dashisi,leg_low,440,-307,27.5,0,18,1,1,0","dashisi,foot,459,-276,-6,0,15,0.9,0.9,0","dashisi,base,365,-491,-96,1,11,0.9,0.8,0",,"dashisi,feather,323,-537,13,0,5,1,1,0","dashisi,wing2,343,-484,-14,0,9,1.1,1.1,70","dashisi,skirt,372,-376,4,0,6,1.1,0.6,0",,,,,,,,,,,,,,,,,,,,,,,,,,,,,,,,,,,,,,,,,,,,,,,,,,,,,,,,,,,,,,,,,,,,,,,,,,,,,,,,,,,,,,,,,,,,,,,,,,,
Skill1End/12,"dashisi,head,349,-497,-18,0,2,1,1,0","dashisi,neck,346,-454,22,0,4,1,1,0","dashisi,body,344,-409,-2.5,0,5,1,1,0","dashisi,arm_up,335,-428,51,0,5,1,1.1,0","dashisi,arm_low,373,-421,135,0,1,1,1,0","dashisi,fist,404,-449,118,0,2,1,1,0","dashisi,arm_up,364,-426,72,1,13,1,1,0","dashisi,arm_low,411,-420,133,0,3,0.8,0.8,0","dashisi,fist_back,434,-442,123,0,4,0.9,0.9,0","dashisi,leg_up,322,-327,-16.7,0,7,1,1,0","dashisi,leg_low,290,-282,-33,0,10,1,1,0","dashisi,foot,275,-249,-59.6,0,9,1,1,0","dashisi,leg_up,374,-328,50.7,0,16,1,1,0","dashisi,leg_low,387,-282,7.5,0,18,1,1,0","dashisi,foot,399,-243,-11,0,15,0.9,0.9,0","dashisi,base,326,-485,-113,1,11,0.9,0.9,0",,"dashisi,feather,300,-530,-9,0,5,1,1,0","dashisi,wing1,313,-464,-14,0,9,1.1,1.1,70","dashisi,skirt,342,-356,4,0,6,1.1,0.6,0",,,,,,,,,,,,,,,,,,,,,,,,,,,,,,,,,,,,,,,,,,,,,,,,,,,,,,,,,,,,,,,,,,,,,,,,,,,,,,,,,,,,,,,,,,,,,,,,,,,
Skill1End/13,"dashisi,head,318,-471,-23,0,2,1,1,0","dashisi,neck,311,-429,16,0,4,1,1,0","dashisi,body,304,-384,-6.5,0,5,1,1,0","dashisi,arm_up,295,-399,43,0,5,1,1.1,0","dashisi,arm_low,339,-390,129,0,1,1,1,0","dashisi,fist,370,-415,112,0,2,1,1,0","dashisi,arm_up,327,-406,69,1,13,1,1,0","dashisi,arm_low,374,-392,120,0,3,0.8,0.8,0","dashisi,fist_back,404,-408,110,0,4,0.9,0.9,0","dashisi,leg_up,277,-310,-15.7,0,7,1,1,0","dashisi,leg_low,244,-265,-36,0,10,1,1,0","dashisi,foot,229,-232,-62.6,0,9,1,1,0","dashisi,leg_up,328,-305,43.7,0,16,1,1,0","dashisi,leg_low,341,-259,3.5,0,18,1,1,0","dashisi,foot,350,-220,-14,0,15,0.9,0.9,0","dashisi,base,294,-460,-119,1,11,0.9,0.9,0",,"dashisi,feather,272,-507,-14,0,5,1,1,0","dashisi,wing2,276,-447,-17,0,9,1.1,1.1,70","dashisi,skirt,296,-330,-3,0,6,1.1,0.6,0",,,,,,,,,,,,,,,,,,,,,,,,,,,,,,,,,,,,,,,,,,,,,,,,,,,,,,,,,,,,,,,,,,,,,,,,,,,,,,,,,,,,,,,,,,,,,,,,,,,
Skill1End/14,"dashisi,head,263,-450,-5,0,2,1,1,0","dashisi,neck,261,-407,24,0,4,1,1,0","dashisi,body,260,-361,1.5,0,5,1,1,0","dashisi,arm_up,250,-374,51,0,5,1,1.1,0","dashisi,arm_low,295,-353,97,0,1,1,1,0","dashisi,fist,339,-364,100,0,2,1,1,0","dashisi,arm_up,297,-377,20,1,13,1,1,0","dashisi,arm_low,324,-339,68,0,2,0.9,0.9,0","dashisi,fist_back,349,-333,68,0,4,0.9,0.9,0","dashisi,leg_up,249,-276,10.3,0,7,1,1,0","dashisi,leg_low,237,-224,-13,0,10,1,1,0","dashisi,foot,239,-185,-26.6,0,9,1,1,0","dashisi,leg_up,308,-286,57.7,0,16,1,1,0","dashisi,leg_low,324,-240,12.5,0,18,1,1,0","dashisi,foot,338,-206,-6,0,15,0.9,0.9,0","dashisi,base,302,-458,-161,1,11,0.9,0.9,0",,"dashisi,feather,208,-475,-9,0,5,1,1,0","dashisi,wing3,223,-418,-4,0,9,1.1,1.1,70","dashisi,skirt,261,-302,13,0,6,1.1,0.6,0",,,,,,,,,,,,,,,,,,,,,,,,,,,,,,,,,,,,,,,,,,,,,,,,,,,,,,,,,,,,,,,,,,,,,,,,,,,,,,,,,,,,,,,,,,,,,,,,,,,
Skill1End/15,"dashisi,head,192,-414,-5,0,2,1,1,0","dashisi,neck,190,-371,24,0,4,1,1,0","dashisi,body,189,-326,1.5,0,5,1,1,0","dashisi,arm_up,173,-335,36,0,5,1,1.1,0","dashisi,arm_low,208,-298,62,0,1,1,1,0","dashisi,fist,246,-283,85,0,2,1,1,0","dashisi,arm_up,235,-344,32,1,13,1,1,0","dashisi,arm_low,256,-304,-70,0,2,0.9,0.7,0","dashisi,fist_back,236,-302,160,1,4,0.9,0.9,0","dashisi,leg_up,186,-244,10.3,0,7,1,1,0","dashisi,leg_low,179,-193,-9,0,10,1,1,0","dashisi,foot,181,-152,-26.6,0,9,1,1,0","dashisi,leg_up,234,-253,62.7,0,16,1,1,0","dashisi,leg_low,263,-213,22.5,0,18,1,1,0","dashisi,foot,282,-182,4,0,15,0.9,0.9,0","dashisi,base,250,-399,175,1,11,0.9,0.9,0",,"dashisi,feather,137,-449,-19,0,5,1,1,0","dashisi,wing3,152,-383,-4,0,9,1.1,1.1,70","dashisi,skirt,193,-268,15,0,6,1.1,0.6,0",,,,,,,,,,,,,,,,,,,,,,,,,,,,,,,,,,,,,,,,,,,,,,,,,,,,,,,,,,,,,,,,,,,,,,,,,,,,,,,,,,,,,,,,,,,,,,,,,,,
Skill1End/16,"dashisi,head,114,-404,-14,0,2,1,1,0","dashisi,neck,108,-362,15,0,4,1,1,0","dashisi,body,102,-319,-5.5,0,5,1,1,0","dashisi,arm_up,76,-327,9,0,5,1,1.1,0","dashisi,arm_low,91,-280,35,0,1,1,1,0","dashisi,fist,118,-251,58,0,2,1,1,0","dashisi,arm_up,145,-323,15,1,13,1,1,0","dashisi,arm_low,164,-263,-97,0,2,0.9,0.7,0","dashisi,fist_back,144,-278,-120,1,4,0.9,0.9,0","dashisi,leg_up,88,-236,13.3,0,7,1,1,0","dashisi,leg_low,85,-187,-6,0,10,1,1,0","dashisi,foot,87,-146,-29.6,0,9,1,1,0","dashisi,leg_up,149,-240,66.7,0,16,1,1,0","dashisi,leg_low,171,-198,15.5,0,18,1,1,0","dashisi,foot,187,-164,-2,0,15,0.9,0.9,0","dashisi,base,211,-347,140,1,11,0.9,0.9,0",,"dashisi,feather,62,-439,-34,0,5,1,1,0","dashisi,wing4,70,-369,-1,0,9,1.1,1.1,70","dashisi,skirt,99,-262,8,0,6,1.1,0.6,0",,,,,,,,,,,,,,,,,,,,,,,,,,,,,,,,,,,,,,,,,,,,,,,,,,,,,,,,,,,,,,,,,,,,,,,,,,,,,,,,,,,,,,,,,,,,,,,,,,,
Skill1End/17,"dashisi,head,5,-417,-8,0,2,1,1,0","dashisi,neck,0,-376,13,0,4,1,1,0","dashisi,body,-1,-330,-2.5,0,5,1,1,0","dashisi,arm_up,-40,-336,-16,0,5,1,1,0","dashisi,arm_low,-38,-300,36,0,2,1,1,0","dashisi,fist,-21,-263,-6,0,4,1,1,0","dashisi,arm_up,36,-336,13,1,13,1,1,0","dashisi,arm_low,34,-296,-32,0,3,1,1,0","dashisi,fist_back,6,-258,-57,0,4,1,1,0","dashisi,leg_up,-24,-234,-7.7,0,7,1,1,0","dashisi,leg_low,-44,-187,-26,0,10,1,1,0","dashisi,foot,-49,-150,-30.6,0,9,1,1,0","dashisi,leg_up,30,-231,35.7,0,16,1,1,0","dashisi,leg_low,36,-182,-4.5,0,18,1,1,0","dashisi,foot,42,-151,-15,0,15,0.9,0.9,0","dashisi,base,92,-192,56,0,5,1,1,0",,"dashisi,feather,-44,-452,-13,0,5,1,1,0","dashisi,wing3,-37,-360,0,0,16,1.5,1,70","dashisi,skirt,-5,-261,3,0,6,1.3,0.6,0",,,,,,,,,,,,,,,,,,,,,,,,,,,,,,,,,,,,,,,,,,,,,,,,,,,,,,,,,,,,,,,,,,,,,,,,,,,,,,,,,,,,,,,,,,,,,,,,,,,
