Name,p1_head,p1_neck,p1_body,p1_r_arm_up,p1_r_arm_low,p1_r_hand,p1_l_arm_up,p1_l_arm_low,p1_l_hand,p1_r_leg_up,p1_r_leg_low,p1_r_foot,p1_l_leg_up,p1_l_leg_low,p1_l_foot,p1_main_weapon,p1_sub_weapon,p1_special_1,p1_special_2,p1_special_3,p1_special_4,p1_special_5,p1_special_6,p1_special_7,p1_special_8,p1_special_9,p1_special_10,p2_head,p2_neck,p2_body,p2_r_arm_up,p2_r_arm_low,p2_r_hand,p2_l_arm_up,p2_l_arm_low,p2_l_hand,p2_r_leg_up,p2_r_leg_low,p2_r_foot,p2_l_leg_up,p2_l_leg_low,p2_l_foot,p2_main_weapon,p2_sub_weapon,p2_special_1,p2_special_2,p2_special_3,p2_special_4,p2_special_5,p2_special_6,p2_special_7,p2_special_8,p2_special_9,p2_special_10,p3_head,p3_neck,p3_body,p3_r_arm_up,p3_r_arm_low,p3_r_hand,p3_l_arm_up,p3_l_arm_low,p3_l_hand,p3_r_leg_up,p3_r_leg_low,p3_r_foot,p3_l_leg_up,p3_l_leg_low,p3_l_foot,p3_main_weapon,p3_sub_weapon,p3_special_1,p3_special_2,p3_special_3,p3_special_4,p3_special_5,p3_special_6,p3_special_7,p3_special_8,p3_special_9,p3_special_10,p4_head,p4_neck,p4_body,p4_r_arm_up,p4_r_arm_low,p4_r_hand,p4_l_arm_up,p4_l_arm_low,p4_l_hand,p4_r_leg_up,p4_r_leg_low,p4_r_foot,p4_l_leg_up,p4_l_leg_low,p4_l_foot,p4_main_weapon,p4_sub_weapon,p4_special_1,p4_special_2,p4_special_3,p4_special_4,p4_special_5,p4_special_6,p4_special_7,p4_special_8,p4_special_9,p4_special_10,effect_1,effect_2,effect_3,effect_4,effect_5,effect_6,effect_7,effect_8,frame_property,animation_property,sound_effect
Attack1/0,"vraesier,head,17,-522.4,-7,0,4,1,1,0","vraesier,neck,-3,-481.4,-12.5,0,7,1,1,0","vraesier,body,-12.8,-358.4,-4,0,6,1,1,0","vraesier,arm_up,-94,-408.4,-32.4,0,6,1,1,0","vraesier,arm_low,-130.8,-313.4,-5.3,0,8,1,1,0","vraesier,fist,-136,-243.5,-19.2,0,10,1,1,0","vraesier,arm_up,66,-396.6,24.8,0,18,1,1,0","vraesier,arm_low,41.2,-341.4,-75,0,4,1,1,0","vraesier,fist,-30.5,-324.5,-65,1,5,1,1,0","vraesier,leg_up,-64,-212,-12.7,0,8,1.1,1,0","vraesier,leg_low,-99,-118,-17,0,10,1,1,0","vraesier,foot,-98.8,-28.4,-3.1,0,13,1,1,0","vraesier,leg_up,28,-221,33.7,0,12,1,1,0","vraesier,leg_low,66,-126.4,7,0,13,1,1,0","vraesier,foot,96.2,-31.4,6.5,0,15,1,1,0","vraesier,greatsword_base,-19.4,-347.4,17.1,0,14,1,1,0","vraesier,sword_base,-47.5,-422,-170.7,0,6,1,1,0","vraesier,handkerchief,-52.6,-272.6,-4,0,6,1,1,0",,,,,,,,,,,,,,,,,,,,,,,,,,,,,,,,,,,,,,,,,,,,,,,,,,,,,,,,,,,,,,,,,,,,,,,,,,,,,,,,,,,,,,,,,,,,,,,,,,,play_time_mod_0.5,,
Attack1/1,"vraesier,head,52,-514.4,-15,0,4,1,1,0","vraesier,neck,31,-477.4,-17,0,7,1,1,0","vraesier,body,-6.8,-358.4,-14,0,6,1,1,0","vraesier,arm_up,-83,-423.4,-47.3,0,4,1,1,0","vraesier,arm_low,-145.8,-346.4,-24,0,6,1,1,0","vraesier,fist,-173,-275.5,-33.2,0,13,1,1,0","vraesier,arm_up,74,-383.6,15,0,18,1,1,0","vraesier,arm_low,45.2,-309.4,-55,0,4,1,1,0","vraesier,fist,0.4,-278.2,-40,1,3,1,1,0","vraesier,leg_up,-72,-226,-14.7,0,8,1.1,1.1,0","vraesier,leg_low,-119,-126.4,-30,0,10,1,1,0","vraesier,foot,-139.8,-34.4,-19.1,0,13,1,1,0","vraesier,leg_up,24,-214.4,37.7,0,12,1,1,0","vraesier,leg_low,66,-123.4,11,0,13,1,1,0","vraesier,foot,98.2,-32.4,4.5,0,15,1,1,0","vraesier,greatsword_base,-10.4,-350.4,3.1,0,14,1,1,0","vraesier,sword_base,-55.6,-362,-148,0,4,1,1,0","vraesier,handkerchief,-60.6,-282.6,-23,0,5,1,1,0",,,,,,,,,,,,,,,,,,,,,,,,,,,,,,,,,,,,,,,,,,,,,,,,,,,,,,,,,,,,,,,,,,,,,,,,,,,,,,,,,,,,,,,,,,,,,,,,,,,,,
Attack1/2,"vraesier,head,45,-517.4,-10,0,4,1,1,0","vraesier,neck,25,-480.4,-17,0,7,1,1,0","vraesier,body,-7.8,-358.4,-13,0,6,1,1,0","vraesier,arm_up,-86,-422.4,-47.3,0,4,1,1,0","vraesier,arm_low,-151.8,-342.4,-26,0,3,1,1,0","vraesier,fist,-182,-273.5,-34.2,0,10,1,1,0","vraesier,arm_up,84,-387.6,23,0,18,1,1,0","vraesier,arm_low,75.2,-304.4,-33,0,4,1,1,0","vraesier,fist,54.4,-263.2,-12,1,1,1,1,0","vraesier,leg_up,-85,-214,-21.7,0,8,1.1,1,0","vraesier,leg_low,-135,-125.4,-25,0,10,1,1,0","vraesier,foot,-151.8,-33.4,-18.1,0,13,1,1,0","vraesier,leg_up,26,-214.4,46.7,0,12,1,1,0","vraesier,leg_low,79,-123.4,8,0,13,1,1,0","vraesier,foot,111.2,-32.4,5.5,0,15,1,1,0","vraesier,greatsword_base,-12.4,-349.4,5.1,0,14,1,1,0","vraesier,sword_swing_2,-35.6,-322,-122,0,2,1,1,1","vraesier,hankerchief_speed2,-68.6,-297.6,4,0,5,1,1,0",,,,,,,,,,,,,,,,,,,,,,,,,,,,,,,,,,,,,,,,,,,,,,,,,,,,,,,,,,,,,,,,,,,,,,,,,,,,,,,,,,,,,,,,,,,,,,,,,,,play_time_mod_0.3,,
Attack1/3,"vraesier,head,44,-506.4,-6,0,4,1,1,0","vraesier,neck,20,-474.4,-25,0,7,1,1,0","vraesier,body,-11.8,-346.4,-14,0,6,1,1,0","vraesier,arm_up,-89,-417.4,-47.3,0,4,1,1,0","vraesier,arm_low,-160.8,-344.4,-34,0,6,1,1,0","vraesier,fist,-195,-281.5,-36.2,0,13,1,1,0","vraesier,arm_up,74,-397.6,34.3,0,18,1,1,0","vraesier,arm_low,104.2,-308.4,8,0,19,1,1,0","vraesier,fist,114.4,-236.2,29,1,5,1,1,0","vraesier,leg_up,-83,-216.4,-20.7,0,8,1.1,1,0","vraesier,leg_low,-137,-124.4,-32,0,10,1,1,0","vraesier,foot,-164.8,-33.4,-24.1,0,13,1,1,0","vraesier,leg_up,27,-212.4,45.7,0,12,1,1,0","vraesier,leg_low,79,-119.4,7,0,13,1,1,0","vraesier,foot,109.2,-29.4,7.5,0,15,1,1,0","vraesier,greatsword_base,-12.4,-344.4,5.1,0,14,1,1,0","vraesier,sword_swing_2,18.6,-188.8,-68,0,7,1,1,1","vraesier,hankerchief_speed1,-74.6,-288.6,-17,0,5,1,1,0",,,,,,,,,,,,,,,,,,,,,,,,,,,,,,,,,,,,,,,,,,,,,,,,,,,,,,,,,,,,,,,,,,,,,,,,,,,,,,,,,,,,,,,,,,,,,,,,,,,play_time_mod_0.1,,
Attack1/4,"vraesier,head,48,-506.4,-5,0,4,1,1,0","vraesier,neck,21,-476.4,-25,0,7,1,1,0","vraesier,body,-9.8,-346.4,-16,0,6,1,1,0","vraesier,arm_up,-85,-419.4,-51.3,0,4,1,1,0","vraesier,arm_low,-156.8,-351.4,-34,0,6,1,1,0","vraesier,fist,-194,-288.5,-42.2,0,13,1,1,0","vraesier,arm_up,85,-397.6,63.3,0,18,1,1,0","vraesier,arm_low,163.2,-356.4,66,0,19,1,1,0","vraesier,fist,228.2,-328.6,91,1,21,1,1,0","vraesier,leg_up,-87,-212,-22.7,0,8,1.1,1,0","vraesier,leg_low,-142,-124.4,-32,0,10,1,1,0","vraesier,foot,-168.8,-33.4,-24.1,0,13,1,1,0","vraesier,leg_up,27,-212.4,45.7,0,12,1,1,0","vraesier,leg_low,79,-119.4,7,0,13,1,1,0","vraesier,foot,109.2,-29.4,7.5,0,15,1,1,0","vraesier,greatsword_base,-12.4,-344.4,4.1,0,14,1,1,0","vraesier,sword_swing_2,195.2,-226,-15,0,23,1,1,1","vraesier,hankerchief_speed2,-74.6,-297.6,-36,0,5,1,1,0",,,,,,,,,,,,,,,,,,,,,,,,,,,,,,,,,,,,,,,,,,,,,,,,,,,,,,,,,,,,,,,,,,,,,,,,,,,,,,,,,,,,,,,,,,,,,,,,,,,"play_time_mod_0.1,sprite_deal_damage",,"swing_flat_small,2500,0"
Attack1/5,"vraesier,head,13,-512.4,1,0,4,1,1,0","vraesier,neck,-7,-477.4,-20,0,7,1,1,0","vraesier,body,-20.8,-348.4,-6,0,6,1,1,0","vraesier,arm_up,-109,-404.4,-50.3,0,4,1,1,0","vraesier,arm_low,-179.8,-328.4,-31,0,6,1,1,0","vraesier,fist,-216,-267.5,-44.2,0,13,1,1,0","vraesier,arm_up,72,-413.6,70.3,0,18,1,1,0","vraesier,arm_low,157.2,-378.4,73,0,19,1,1,0","vraesier,fist,222.2,-362.6,116,1,21,1,1,0","vraesier,leg_up,-82,-212,-17.7,0,8,1.1,1,0","vraesier,leg_low,-133,-123.4,-36,0,10,1,1,0","vraesier,foot,-166.8,-35.4,-27.1,0,13,1,1,0","vraesier,leg_up,25,-210.4,42.7,0,12,1,1,0","vraesier,leg_low,73,-114.4,5,0,13,1,1,0","vraesier,foot,96.2,-26.4,3.5,0,15,1,1,0","vraesier,greatsword_base,-16.4,-348.4,16.1,0,14,1,1,0","vraesier,sword_swing_2,271.2,-276,33,0,23,1,1,1","vraesier,hankerchief_speed1,-80.6,-289.6,-24,0,5,1,1,0",,,,,,,,,,,,,,,,,,,,,,,,,,,,,,,,,,,,,,,,,,,,,,,,,,,,,,,,,,,,,,,,,,,,,,,,,,,,,,,,,,,,,,,,,,,,,,,,,,,"play_time_mod_0.1,sprite_deal_damage",,
Attack1/6,"vraesier,head,-5,-513.4,-1,0,4,1,1,0","vraesier,neck,-24,-481.4,-20,0,7,1,1,0","vraesier,body,-27.8,-348.4,-1,0,6,1,1,0","vraesier,arm_up,-121,-404.4,-50.3,0,4,1,1,0","vraesier,arm_low,-197.8,-334.4,-37,0,6,1,1,0","vraesier,fist,-241,-271.5,-48.2,0,13,1,1,0","vraesier,arm_up,72,-433.6,100.3,0,18,1,1,0","vraesier,arm_low,157.2,-442.4,97,0,19,1,1,0","vraesier,fist_back,212.2,-430.6,26,0,21,1,1,0","vraesier,leg_up,-83,-213,-22.7,0,8,1.1,1.1,0","vraesier,leg_low,-138,-123.4,-36,0,10,1,1,0","vraesier,foot,-171.8,-35.4,-27.1,0,13,1,1,0","vraesier,leg_up,31,-206.4,44.7,0,12,1,1.1,0","vraesier,leg_low,82,-111.4,4,0,13,1,1,0","vraesier,foot,104.2,-23.4,2.5,0,15,1,1,0","vraesier,greatsword_base,-26.4,-341.4,17.1,0,14,1,1,0","vraesier,sword_swing_2,319.2,-456,105,0,23,1,1,1","vraesier,hankerchief_speed2,-77.6,-284.6,-19,0,5,1,1,0",,,,,,,,,,,,,,,,,,,,,,,,,,,,,,,,,,,,,,,,,,,,,,,,,,,,,,,,,,,,,,,,,,,,,,,,,,,,,,,,,,,,,,,,,,,,,,,,,,,"play_time_mod_0.1,sprite_deal_damage",,
Attack1/7,"vraesier,head,-10,-510.4,0,0,4,1,1,0","vraesier,neck,-29,-474.4,-17,0,7,1,1,0","vraesier,body,-29.8,-344.4,0,0,6,1,1,0","vraesier,arm_up,-127,-402.4,-52.3,0,4,1,1,0","vraesier,arm_low,-194.8,-334.4,-31,0,6,1,1,0","vraesier,fist,-226,-268.5,-38.2,0,13,1,1,0","vraesier,arm_up,62,-447.6,109,0,18,1,1,0","vraesier,arm_low,146.8,-476,114,0,21,1,1,0","vraesier,fist_back,201.8,-485.6,55,0,25,1,1,0","vraesier,leg_up,-84,-209,-25.7,0,8,1.1,1,0","vraesier,leg_low,-141,-124.4,-32,0,10,1,1,0","vraesier,foot,-171.8,-34.4,-30.1,0,13,1,1,0","vraesier,leg_up,31,-206.4,44.7,0,12,1,1.1,0","vraesier,leg_low,81,-111.4,2,0,13,1,1,0","vraesier,foot,104.2,-23.4,2.5,0,15,1,1,0","vraesier,greatsword_base,-31.4,-339.4,19.1,0,14,1,1,0","vraesier,sword_swing_2,275.6,-571.6,140,0,27,1,1,1","vraesier,hankerchief_speed1,-79.6,-283.6,-17,0,5,1,1,0",,,,,,,,,,,,,,,,,,,,,,,,,,,,,,,,,,,,,,,,,,,,,,,,,,,,,,,,,,,,,,,,,,,,,,,,,,,,,,,,,,,,,,,,,,,,,,,,,,,"play_time_mod_0.2,sprite_deal_damage",,
Attack1/8,"vraesier,head,-15,-507.4,-1,0,4,1,1,0","vraesier,neck,-34,-471.4,-18,0,7,1,1,0","vraesier,body,-30.8,-344.4,2,0,6,1,1,0","vraesier,arm_up,-127,-395.4,-49.3,0,4,1,1,0","vraesier,arm_low,-194.8,-323.4,-31,0,6,1,1,0","vraesier,fist,-226,-256.5,-36.2,0,13,1,1,0","vraesier,arm_up,51,-446.6,124,0,18,1,1,0","vraesier,arm_low,130,-506,140,0,20,1,1,0","vraesier,fist_back,179,-550,121,0,22,1,1,0","vraesier,leg_up,-85,-207,-26.7,0,8,1.1,1,0","vraesier,leg_low,-141,-124.4,-32,0,10,1,1,0","vraesier,foot,-171.8,-34.4,-30.1,0,13,1,1,0","vraesier,leg_up,31,-206.4,44.7,0,12,1,1.1,0","vraesier,leg_low,81,-111.4,2,0,13,1,1,0","vraesier,foot,104.2,-23.4,2.5,0,15,1,1,0","vraesier,greatsword_base,-26.4,-339.4,24.1,0,14,1,1,0","vraesier,sword_swing_2,188,-649,173,0,23,0.9,0.9,1","vraesier,hankerchief_speed2,-83.6,-285.6,-29,0,5,1,1,0",,,,,,,,,,,,,,,,,,,,,,,,,,,,,,,,,,,,,,,,,,,,,,,,,,,,,,,,,,,,,,,,,,,,,,,,,,,,,,,,,,,,,,,,,,,,,,,,,,,"play_time_mod_0.5,sprite_deal_damage",,
Attack1/9,"vraesier,head,-13,-507.4,-4,0,4,1,1,0","vraesier,neck,-35,-471.4,-19,0,7,1,1,0","vraesier,body,-30.8,-344.4,2,0,6,1,1,0","vraesier,arm_up,-127,-395.4,-49.3,0,4,1,1,0","vraesier,arm_low,-190.8,-320.4,-24,0,6,1,1,0","vraesier,fist,-218,-251.5,-34.2,0,13,1,1,0","vraesier,arm_up,45,-446.6,129,0,18,1,1,0","vraesier,arm_low,116.8,-520,150,0,20,1,1,0","vraesier,fist_back,158,-580,131,0,22,1,1,0","vraesier,leg_up,-85,-207,-26.7,0,8,1.1,1,0","vraesier,leg_low,-141,-124.4,-32,0,10,1,1,0","vraesier,foot,-171.8,-34.4,-30.1,0,13,1,1,0","vraesier,leg_up,31,-206.4,44.7,0,12,1,1.1,0","vraesier,leg_low,81,-111.4,2,0,13,1,1,0","vraesier,foot,104.2,-23.4,2.5,0,15,1,1,0","vraesier,greatsword_base,-26.4,-339.4,24.1,0,14,1,1,0","vraesier,sword_base,125,-659,-157,0,23,0.9,0.9,1","vraesier,hankerchief_speed2,-83.6,-284.6,-18,0,5,1,1,0",,,,,,,,,,,,,,,,,,,,,,,,,,,,,,,,,,,,,,,,,,,,,,,,,,,,,,,,,,,,,,,,,,,,,,,,,,,,,,,,,,,,,,,,,,,,,,,,,,,,,
Attack1/10,"vraesier,head,-14,-509.4,1,0,4,1,1,0","vraesier,neck,-35,-471.4,-19,0,7,1,1,0","vraesier,body,-32.8,-344.4,3,0,6,1,1,0","vraesier,arm_up,-129,-395.4,-48.3,0,4,1,1,0","vraesier,arm_low,-191.8,-318.4,-23,0,6,1,1,0","vraesier,fist,-218,-249.5,-33.2,0,13,1,1,0","vraesier,arm_up,37,-446.6,138,0,18,1,1,0","vraesier,arm_low,98.8,-520,154,0,20,1,1,0","vraesier,fist_back,133,-584,137,0,22,1,1,0","vraesier,leg_up,-85,-207,-26.7,0,8,1.1,1,0","vraesier,leg_low,-143,-124.4,-32,0,10,1,1,0","vraesier,foot,-171.8,-34.4,-27.1,0,13,1,1,0","vraesier,leg_up,33,-206.4,45.7,0,12,1,1.1,0","vraesier,leg_low,85,-111.4,5,0,13,1,1,0","vraesier,foot,110.2,-23.4,3.5,0,15,1,1,0","vraesier,greatsword_base,-31.4,-338.4,24.1,0,14,1,1,0","vraesier,sword_base,84,-661,-148,0,23,0.9,0.9,1","vraesier,hankerchief_speed1,-85.6,-277.6,-3,0,5,1,1,0",,,,,,,,,,,,,,,,,,,,,,,,,,,,,,,,,,,,,,,,,,,,,,,,,,,,,,,,,,,,,,,,,,,,,,,,,,,,,,,,,,,,,,,,,,,,,,,,,,,play_time_mod_0.5,,
Attack1/11,"vraesier,head,-4,-514.4,2,0,4,1,1,0","vraesier,neck,-24,-472.4,-17,0,7,1,1,0","vraesier,body,-30.8,-344.4,-2,0,6,1,1,0","vraesier,arm_up,-124,-398.4,-47.3,0,4,1,1,0","vraesier,arm_low,-183.8,-321.4,-23,0,5,1,1,0","vraesier,fist,-206,-250.5,-26.2,0,15,1,1,0","vraesier,arm_up,54,-447.6,124,0,18,1,1,0","vraesier,arm_low,112.8,-508,162,0,10,0.9,0.9,0","vraesier,fist_back,137,-567,136,0,12,0.9,0.9,0","vraesier,leg_up,-87,-206,-27.7,0,8,1.1,1,0","vraesier,leg_low,-145,-124.4,-32,0,10,1,1,0","vraesier,foot,-173.8,-34.4,-28.1,0,13,1,1,0","vraesier,leg_up,33,-206.4,45.7,0,12,1,1.1,0","vraesier,leg_low,85,-111.4,5,0,13,1,1,0","vraesier,foot,110.2,-23.4,3.5,0,15,1,1,0","vraesier,greatsword_base,-20.4,-342.4,20.1,0,14,1,1,0","vraesier,sword_base,60,-624,-131,0,16,0.9,0.9,1","vraesier,hankerchief_speed2,-81.6,-275.6,1,0,5,1,1,0",,,,,,,,,,,,,,,,,,,,,,,,,,,,,,,,,,,,,,,,,,,,,,,,,,,,,,,,,,,,,,,,,,,,,,,,,,,,,,,,,,,,,,,,,,,,,,,,,,,,,
Attack1/12,"vraesier,head,0,-514.4,2,0,4,1,1,0","vraesier,neck,-18,-472.4,-15,0,7,1,1,0","vraesier,body,-28.8,-344.4,-4,0,6,1,1,0","vraesier,arm_up,-121,-398.4,-43.3,0,4,1,1,0","vraesier,arm_low,-178.8,-315.4,-23,0,5,1,1,0","vraesier,fist,-201,-244.5,-26.2,0,15,1,1,0","vraesier,arm_up,54,-444.6,119,0,18,1,1,0","vraesier,arm_low,93.8,-511,-171,0,10,0.9,0.9,0","vraesier,fist,87,-568,-148,0,12,0.9,0.9,0","vraesier,leg_up,-82,-213,-20.7,0,8,1.1,1,0","vraesier,leg_low,-135,-124.4,-32,0,10,1,1,0","vraesier,foot,-163.8,-34.4,-28.1,0,13,1,1,0","vraesier,leg_up,31,-206.4,44.7,0,12,1,1.1,0","vraesier,leg_low,81,-111.4,2,0,13,1,1,0","vraesier,foot,104.2,-23.4,2.5,0,15,1,1,0","vraesier,greatsword_base,-20.4,-340.4,19.1,0,14,1,1,0","vraesier,sword_base,51,-655,-158,0,16,0.9,0.9,1","vraesier,handkerchief,-82.6,-266.6,-53,1,5,1,1,0",,,,,,,,,,,,,,,,,,,,,,,,,,,,,,,,,,,,,,,,,,,,,,,,,,,,,,,,,,,,,,,,,,,,,,,,,,,,,,,,,,,,,,,,,,,,,,,,,,,play_time_mod_0.5,,
Attack1/13,"vraesier,head,11,-519.4,-1,0,4,1,1,0","vraesier,neck,-10,-486.4,-15,0,7,1,1,0","vraesier,body,-22.8,-348.4,-4,0,6,1,1,0","vraesier,arm_up,-107,-402.4,-39.3,0,4,1,1,0","vraesier,arm_low,-160.8,-321.4,-23,0,5,1,1,0","vraesier,fist,-180,-251.5,-25.2,0,15,1,1,0","vraesier,arm_up,78,-423.6,62.3,0,18,1,1,0","vraesier,arm_low,83.2,-425.4,-124,0,0,1,1,0","vraesier,fist,16,-466,-85,1,1,1,1,0","vraesier,leg_up,-73,-214,-20.7,0,8,1.1,1,0","vraesier,leg_low,-121,-123.4,-26,0,10,1,1,0","vraesier,foot,-136.8,-31.4,-16.1,0,13,1,1,0","vraesier,leg_up,34,-203,45.7,0,13,1,1,0","vraesier,leg_low,80,-118.4,6,0,14,1,1,0","vraesier,foot,108.2,-28.4,5.5,0,15,1,1,0","vraesier,greatsword_base,-10.4,-346.4,16.1,0,14,1,1,0","vraesier,sword_base,-3,-565,-169,0,3,1,1,0","vraesier,handkerchief,-69.6,-265.6,-20,0,5,1,1,0",,,,,,,,,,,,,,,,,,,,,,,,,,,,,,,,,,,,,,,,,,,,,,,,,,,,,,,,,,,,,,,,,,,,,,,,,,,,,,,,,,,,,,,,,,,,,,,,,,,play_time_mod_0.5,,
Attack1/14,"vraesier,head,19,-519.4,-4,0,4,1,1,0","vraesier,neck,-4,-486.4,-15,0,7,1,1,0","vraesier,body,-18.8,-354.4,-7,0,6,1,1,0","vraesier,arm_up,-102,-406.4,-35.3,0,4,1,1,0","vraesier,arm_low,-146.8,-320.4,-15,0,5,1,1,0","vraesier,fist,-163,-248.5,-15.2,0,15,1,1,0","vraesier,arm_up,64,-407.6,41.3,0,18,1,1,0","vraesier,arm_low,53,-374,-88,0,2,1,1,0","vraesier,fist,-13,-376,-80,1,3,1,1,0","vraesier,leg_up,-73,-216.4,-12.7,0,8,1.1,1,0","vraesier,leg_low,-108,-124.4,-21,0,10,1,1,0","vraesier,foot,-119.8,-31.4,-16.1,0,13,1,1,0","vraesier,leg_up,37,-212,40.7,0,13,1,1,0","vraesier,leg_low,71,-121.4,-4,0,14,1,1,0","vraesier,foot,84.2,-31.4,0.5,0,15,1,1,0","vraesier,greatsword_base,-6.4,-342.4,13.1,0,14,1,1,0","vraesier,sword_base,-47,-474,-166,0,5,1,1,0","vraesier,handkerchief,-61.6,-271.6,-13,0,5,1,1,0",,,,,,,,,,,,,,,,,,,,,,,,,,,,,,,,,,,,,,,,,,,,,,,,,,,,,,,,,,,,,,,,,,,,,,,,,,,,,,,,,,,,,,,,,,,,,,,,,,,,,
Attack2/0,"vraesier,head,17,-522.4,-7,0,4,1,1,0","vraesier,neck,-3,-481.4,-12.5,0,7,1,1,0","vraesier,body,-12.8,-358.4,-4,0,6,1,1,0","vraesier,arm_up,-94,-408.4,-32.4,0,6,1,1,0","vraesier,arm_low,-130.8,-313.4,-5.3,0,8,1,1,0","vraesier,fist,-136,-243.5,-19.2,0,10,1,1,0","vraesier,arm_up,66,-396.6,24.8,0,18,1,1,0","vraesier,arm_low,41.2,-341.4,-75,0,4,1,1,0","vraesier,fist,-30.5,-324.5,-65,1,5,1,1,0","vraesier,leg_up,-64,-212,-12.7,0,8,1.1,1,0","vraesier,leg_low,-99,-118,-17,0,10,1,1,0","vraesier,foot,-98.8,-28.4,-3.1,0,13,1,1,0","vraesier,leg_up,28,-221,33.7,0,12,1,1,0","vraesier,leg_low,66,-126.4,7,0,13,1,1,0","vraesier,foot,96.2,-31.4,6.5,0,15,1,1,0","vraesier,greatsword_base,-19.4,-347.4,17.1,0,14,1,1,0","vraesier,sword_base,-47.5,-422,-170.7,0,6,1,1,0","vraesier,handkerchief,-52.6,-272.6,-4,0,6,1,1,0",,,,,,,,,,,,,,,,,,,,,,,,,,,,,,,,,,,,,,,,,,,,,,,,,,,,,,,,,,,,,,,,,,,,,,,,,,,,,,,,,,,,,,,,,,,,,,,,,,,,,
Attack2/1,"vraesier,head,18,-522,-9,0,4,1,1,0","vraesier,neck,-3,-481.4,-12.5,0,7,1,1,0","vraesier,body,-12.8,-358.4,-4,0,6,1,1,0","vraesier,arm_up,-96,-411,-38.4,0,4,1,1,0","vraesier,arm_low,-121,-331,14.7,0,5,1,1,0","vraesier,fist,-103,-263,0.8,0,7,1,1,0","vraesier,arm_up,66,-396.6,24.8,0,18,1,1,0","vraesier,arm_low,40,-350,-88,0,2,1,1,0","vraesier,fist,-34,-352,-78,1,3,1,1,0","vraesier,leg_up,-64,-212,-12.7,0,8,1.1,1,0","vraesier,leg_low,-103,-118,-20,0,10,1,1,0","vraesier,foot,-109,-28,-7.1,0,13,1,1,0","vraesier,leg_up,32,-221,35.7,0,12,1,1,0","vraesier,leg_low,68,-126,4,0,13,1,1,0","vraesier,foot,94,-31,1.5,0,15,1,1,0","vraesier,greatsword_base,-19.4,-347.4,17.1,0,14,1,1,0","vraesier,sword_base,-27,-451,177,0,4,1,1,0","vraesier,handkerchief,-52.6,-272.6,-4,0,6,1,1,0",,,,,,,,,,,,,,,,,,,,,,,,,,,,,,,,,,,,,,,,,,,,,,,,,,,,,,,,,,,,,,,,,,,,,,,,,,,,,,,,,,,,,,,,,,,,,,,,,,,,,
Attack2/2,"vraesier,head,19,-519.4,-4,0,4,1,1,0","vraesier,neck,-4,-486.4,-15,0,7,1,1,0","vraesier,body,-18.8,-354.4,-7,0,6,1,1,0","vraesier,arm_up,-103,-410.4,-47.3,0,4,1,1,0","vraesier,arm_low,-103.8,-334.4,40,0,3,1,1,0","vraesier,open,-47,-279,38,1,4,1,1,0","vraesier,arm_up,64,-407.6,41.3,0,18,1,1,0","vraesier,arm_low,45.2,-382.4,-105,0,5,1,1,0","vraesier,fist,3.6,-400.8,-106,1,1,1,1,0","vraesier,leg_up,-73,-215,-16.7,0,8,1.1,1,0","vraesier,leg_low,-119,-124.4,-30,0,10,1,1,0","vraesier,foot,-136.8,-31.4,-16.1,0,13,1,1,0","vraesier,leg_up,32,-218,41.7,0,12,1,1,0","vraesier,leg_low,70,-125.4,-2,0,13,1,1,0","vraesier,foot,84.2,-34.4,-1.5,0,15,1,1,0","vraesier,greatsword_base,-8.4,-342.4,13.1,0,14,1,1,0","vraesier,sword_base,43.2,-494.4,154,0,3,1,1,0","vraesier,handkerchief,-61,-271,-13,0,5,1,1,0",,,,,,,,,,,,,,,,,,,,,,,,,,,,,,,,,,,,,,,,,,,,,,,,,,,,,,,,,,,,,,,,,,,,,,,,,,,,,,,,,,,,,,,,,,,,,,,,,,,,,
Attack2/3,"vraesier,head,12,-517,-2,0,4,1,1,0","vraesier,neck,-10,-486.4,-15,0,7,1,1,0","vraesier,body,-22.8,-354.4,-3,0,6,1,1,0","vraesier,arm_up,-107,-414.4,-54.3,0,4,1,1,0","vraesier,arm_low,-102,-375,75,0,3,1,1,0","vraesier,open,-24,-367,81,1,5,1,1,0","vraesier,arm_up,64,-407.6,41.3,0,18,1,1,0","vraesier,arm_low,53,-384,-111,0,3,1,1,0","vraesier,fist,2,-416,-123,1,4,1,1,0","vraesier,leg_up,-69,-216,-14.7,0,8,1.1,1,0","vraesier,leg_low,-113,-124.4,-30,0,10,1,1,0","vraesier,foot,-134,-34,-16.1,0,13,1,1,0","vraesier,leg_up,35,-212,40.7,0,12,1,1,0","vraesier,leg_low,72,-125,-2,0,13,1,1,0","vraesier,foot,86,-34,-1.5,0,15,1,1,0","vraesier,greatsword_base,-14.4,-348.4,16.1,0,14,1,1,0","vraesier,sword_base,95,-461,113,0,5,1,1,0","vraesier,handkerchief,-61,-267,-9,0,5,1,1,0",,,,,,,,,,,,,,,,,,,,,,,,,,,,,,,,,,,,,,,,,,,,,,,,,,,,,,,,,,,,,,,,,,,,,,,,,,,,,,,,,,,,,,,,,,,,,,,,,,,play_time_mod_0.5,,
Attack2/4,"vraesier,head,0,-519,-6,0,4,1,1,0","vraesier,neck,-23,-477,-15.5,0,7,1,1,0","vraesier,body,-20.8,-358.4,2.5,0,6,1,1,0","vraesier,arm_up,-127,-416.4,-57.3,0,4,1,1,0","vraesier,arm_low,-120,-412,111.5,0,3,1,1.1,0","vraesier,open,-34,-433,107.5,0,3,1,1,0","vraesier,arm_up,46,-411.6,32.3,0,18,1,1,0","vraesier,arm_low,31,-395,-129.7,0,4,1,1,0","vraesier,fist,-3,-441,171.1,0,3,1,1,0","vraesier,leg_up,-64,-215,-16.7,0,8,1.1,1,0","vraesier,leg_low,-107,-124.4,-26,0,10,1,1,0","vraesier,foot,-124.8,-31.4,-14.6,0,13,1,1,0","vraesier,leg_up,46,-212,40.7,0,12,1,1,0","vraesier,leg_low,84,-120,-2,0,13,1,1,0","vraesier,foot,100,-31,3.5,0,15,1,1,0","vraesier,greatsword_base,-12.4,-356.4,21.6,0,14,1,1,0","vraesier,sword_base,103.2,-432.8,87.2,0,4,1,1,0","vraesier,handkerchief,-55,-268,-5.5,0,5,1,1,0",,,,,,,,,,,,,,,,,,,,,,,,,,,,,,,,,,,,,,,,,,,,,,,,,,,,,,,,,,,,,,,,,,,,,,,,,,,,,,,,,,,,,,,,,,,,,,,,,,,play_time_mod_2,,
Attack2/5,"vraesier,head,13,-523,-7,0,4,1,1,0","vraesier,neck,-6,-478,-4,0,7,1,1,0","vraesier,body,-16.8,-358.4,-5,0,6,1,1,0","vraesier,arm_up,-111,-430.4,-62.3,0,4,1,1,0","vraesier,arm_low,-89.8,-426.4,107.5,0,3,1,1,0","vraesier,open,-10,-443,112.5,0,3,1,1,0","vraesier,arm_up,66,-407,49.3,0,18,1,1,0","vraesier,arm_low,63,-394,-119.7,0,4,1,1,0","vraesier,fist,22,-438,162.6,0,3,1,1,0","vraesier,leg_up,-75,-216,-21.2,0,8,1.1,1,0","vraesier,leg_low,-121,-128.4,-25.5,0,10,1,1,0","vraesier,foot,-146.8,-35.4,-28.6,0,13,1,1,0","vraesier,leg_up,46,-212,40.7,0,12,1,1,0","vraesier,leg_low,84,-120,-2,0,13,1,1,0","vraesier,foot,100,-31,3.5,0,15,1,1,0","vraesier,greatsword_base,-20.4,-354.4,15.1,0,14,1,1,0","vraesier,sword_base,129,-432,85.2,0,4,1,1,0","vraesier,handkerchief,-69,-282,-32.5,0,5,1,1,0",,,,,,,,,,,,,,,,,,,,,,,,,,,,,,,,,,,,,,,,,,,,,,,,,,,,,,,,,,,,,,,,,,,,,,,,,,,,,,,,,,,,,,,,,,,,,,,,,,,play_time_mod_0.4,,
Attack2/6,"vraesier,head,38,-519,-14,0,4,1,1,0","vraesier,neck,14,-473,-14,0,7,1,1,0","vraesier,body,-10.8,-358.4,-10.5,0,6,1,1,0","vraesier,arm_up,0,-438,82.2,0,4,1.1,1.1,0","vraesier,arm_low,122.4,-417.6,86.2,0,3,1,1,0","vraesier,open,209,-412,70.9,1,3,1,1,0","vraesier,arm_up,84,-425.6,81.9,0,18,1,1,0","vraesier,arm_low,187.6,-417.6,85.4,0,4,1,1,0","vraesier,fist_back,236.4,-409.6,51.8,0,3,1,1,0","vraesier,leg_up,-84,-215,-22.7,0,8,1.1,1,0","vraesier,leg_low,-133,-130.4,-27.5,0,10,1,1,0","vraesier,foot,-158.8,-35.4,-26.1,0,13,1,1,0","vraesier,leg_up,45,-210,45.7,0,12,1,1,0","vraesier,leg_low,87,-119,-8,0,13,1,1,0","vraesier,foot,100,-31,3.5,0,15,1,1,0","vraesier,greatsword_base,-14.4,-352.4,11.1,0,14,1,1,0","vraesier,sword_stab,359,-389,80.2,0,4,1,1.1,1","vraesier,hankerchief_speed1,-75,-301,-23.5,0,5,1,1,0",,,,,,,,,,,,,,,,,,,,,,,,,,,,,,,,,,,,,,,,,,,,,,,,,,,,,,,,,,,,,,,,,,,,,,,,,,,,,,,,,,,,,,,,,,,,,,,,,,,"play_time_mod_0.3,sprite_deal_damage",,"pierce,2500,0"
Attack2/7,"vraesier,head,63,-506,-12,0,4,1,1,0","vraesier,neck,32,-466,-40,0,7,1,1,0","vraesier,body,-3,-353,-14.5,0,6,1,1,0","vraesier,arm_up,10,-438,82.2,0,4,1.1,1.1,0","vraesier,arm_low,130.4,-417.6,86.2,0,3,1,1,0","vraesier,open,219,-409,63.9,1,2,1,1,0","vraesier,arm_up,100,-425.6,81.9,0,18,1,1,0","vraesier,arm_low,203.6,-417.6,85.4,0,4,1,1,0","vraesier,fist_back,263,-392,19.8,0,3,1,1,0","vraesier,leg_up,-86,-213,-26.2,0,8,1.1,1,0","vraesier,leg_low,-141,-130.4,-33,0,10,1,1,0","vraesier,foot,-170.8,-35.4,-29.6,0,13,1,1,0","vraesier,leg_up,41,-208,49.7,0,12,1,1.1,0","vraesier,leg_low,89,-116,-9,0,13,1,1,0","vraesier,foot,100,-31,3.5,0,15,1,1,0","vraesier,greatsword_base,-11,-348,3.1,0,14,1,1,0","vraesier,sword_base,380,-376,80.2,0,4,1,1.1,0","vraesier,hankerchief_speed2,-71,-297,-19,0,5,1,1,0",,,,,,,,,,,,,,,,,,,,,,,,,,,,,,,,,,,,,,,,,,,,,,,,,,,,,,,,,,,,,,,,,,,,,,,,,,,,,,,,,,,,,,,,,,,,,,,,,,,"sprite_deal_damage,play_time_mod_1.5",,
Attack2/8,"vraesier,head,66,-503,-14,0,4,1,1,0","vraesier,neck,34,-464,-40,0,7,1,1,0","vraesier,body,-1,-350,-15.5,0,6,1,1,0","vraesier,arm_up,15,-436,82.2,0,4,1.1,1.1,0","vraesier,arm_low,135,-415,86.2,0,3,1,1,0","vraesier,open,224,-407,63.9,1,2,1,1,0","vraesier,arm_up,105,-423,81.9,0,18,1,1,0","vraesier,arm_low,208,-415,85.4,0,4,1,1,0","vraesier,fist_back,268,-390,19.8,0,3,1,1,0","vraesier,leg_up,-85,-212,-27.2,0,8,1.1,1,0","vraesier,leg_low,-141,-130.4,-33,0,10,1,1,0","vraesier,foot,-170.8,-35.4,-29.6,0,13,1,1,0","vraesier,leg_up,41,-208,49.7,0,12,1,1.1,0","vraesier,leg_low,89,-116,-9,0,13,1,1,0","vraesier,foot,100,-31,3.5,0,15,1,1,0","vraesier,greatsword_base,-6,-346,3.1,0,14,1,1,0","vraesier,sword_base,376,-371,80.2,0,4,1,1,0","vraesier,hankerchief_speed1,-69,-301,-31,0,5,1,1,0",,,,,,,,,,,,,,,,,,,,,,,,,,,,,,,,,,,,,,,,,,,,,,,,,,,,,,,,,,,,,,,,,,,,,,,,,,,,,,,,,,,,,,,,,,,,,,,,,,,,,
Attack2/9,"vraesier,head,32,-515,-7.5,0,4,1,1,0","vraesier,neck,9,-470,-12.5,0,7,1,1,0","vraesier,body,-14,-356,-6.5,0,6,1,1,0","vraesier,arm_up,-38,-416,43.2,0,4,1,1,0","vraesier,arm_low,54.4,-369.6,86.2,0,3,1,1,0","vraesier,open,138,-364,68.4,1,4,1,1,0","vraesier,arm_up,68,-425.6,68.4,0,18,1,1,0","vraesier,arm_low,162,-391,75.9,0,6,1,1,0","vraesier,fist_back,223,-361,37.3,0,3,1,1,0","vraesier,leg_up,-65,-216.4,-14.7,0,8,1.1,1,0","vraesier,leg_low,-105,-124.4,-27,0,10,1,1,0","vraesier,foot,-122.8,-31.4,-17.1,0,13,1,1,0","vraesier,leg_up,36,-211,44.7,0,12,1,1,0","vraesier,leg_low,78,-117,-3,0,13,1,1,0","vraesier,foot,97,-31,3.5,0,15,1,1,0","vraesier,greatsword_base,-14,-347,8.1,0,14,1,1,0","vraesier,sword_base,336,-366,93.2,0,4,1,1,0","vraesier,hankerchief_speed2,-71,-295,-21.2,0,5,1,1,0",,,,,,,,,,,,,,,,,,,,,,,,,,,,,,,,,,,,,,,,,,,,,,,,,,,,,,,,,,,,,,,,,,,,,,,,,,,,,,,,,,,,,,,,,,,,,,,,,,,,,
Attack2/10,"vraesier,head,11,-520,-4.5,0,4,1,1,0","vraesier,neck,-6,-478.4,-3.5,0,7,1,1,0","vraesier,body,-20.8,-358.4,-2.5,0,6,1,1,0","vraesier,arm_up,-42,-408,30.2,0,4,1,1,0","vraesier,arm_low,29,-350,78.2,0,3,1,1,0","vraesier,open,110,-334,59.4,1,4,1,1,0","vraesier,arm_up,64,-421.6,52.4,0,18,1,1,0","vraesier,arm_low,151,-368,65.9,0,4,1,1,0","vraesier,fist_back,214,-333,37.3,0,6,1,1,0","vraesier,leg_up,-61,-216.4,-13.7,0,8,1.1,1,0","vraesier,leg_low,-97,-124.4,-20,0,10,1,1,0","vraesier,foot,-106.8,-31.4,-17.1,0,13,1,1,0","vraesier,leg_up,26,-218.4,34.7,0,13,1,1,0","vraesier,leg_low,61,-120,1.5,0,14,1,1,0","vraesier,foot,85,-31,5.5,0,15,1,1,0","vraesier,greatsword_base,-22.4,-352.4,13.1,0,14,1,1,0","vraesier,sword_base,316,-374,113.2,0,7,1,1,0","vraesier,hankerchief_speed1,-74,-289,-5.2,0,5,1,1,0",,,,,,,,,,,,,,,,,,,,,,,,,,,,,,,,,,,,,,,,,,,,,,,,,,,,,,,,,,,,,,,,,,,,,,,,,,,,,,,,,,,,,,,,,,,,,,,,,,,play_time_mod_0.5,,
Attack2/11,"vraesier,head,4,-523,-2.5,0,4,1,1,0","vraesier,neck,-10,-478.4,-3.5,0,7,1,1,0","vraesier,body,-20.8,-358.4,-1.5,0,6,1,1,0","vraesier,arm_up,-62,-402,8.7,0,4,1,1,0","vraesier,arm_low,-10.8,-317.2,56.7,0,3,1,1,0","vraesier,open,61,-273,41.5,1,4,1,1,0","vraesier,arm_up,54,-407.6,33.9,0,18,1,1,0","vraesier,arm_low,121,-340,57.9,0,2,1,1,0","vraesier,fist_back,182,-300,37.3,0,3,1,1,0","vraesier,leg_up,-61,-216.4,-13.7,0,8,1.1,1,0","vraesier,leg_low,-97,-124.4,-20,0,10,1,1,0","vraesier,foot,-106.8,-31.4,-17.1,0,13,1,1,0","vraesier,leg_up,32,-216.4,32.2,0,13,1,1,0","vraesier,leg_low,65,-118,3.5,0,14,1,1,0","vraesier,foot,88.2,-34.4,4,0,15,1,1,0","vraesier,greatsword_base,-20.4,-354.4,17.1,0,14,1,1,0","vraesier,sword_base,278,-351,122.7,0,4,1,1,0","vraesier,hankerchief_speed2,-70,-279,24.8,0,5,1,1,0",,,,,,,,,,,,,,,,,,,,,,,,,,,,,,,,,,,,,,,,,,,,,,,,,,,,,,,,,,,,,,,,,,,,,,,,,,,,,,,,,,,,,,,,,,,,,,,,,,,play_time_mod_0.5,,
Attack2/12,"vraesier,head,14,-524,-1.5,0,4,1,1,0","vraesier,neck,-2,-478,-5.5,0,7,1,1,0","vraesier,body,-18.8,-358.4,-3.5,0,6,1,1,0","vraesier,arm_up,-72,-406,-8.3,0,4,1,1,0","vraesier,arm_low,-52,-316,37.7,0,3,1,1,0","vraesier,fist,-5,-257,22.8,0,4,1,1,0","vraesier,arm_up,60,-405.6,30.9,0,18,1,1,0","vraesier,arm_low,119,-332,48.9,0,2,1,1,0","vraesier,fist_back,168.4,-287.6,27.3,0,3,1,1,0","vraesier,leg_up,-65,-216,-8.7,0,8,1.1,1,0","vraesier,leg_low,-97,-124.4,-20,0,10,1,1,0","vraesier,foot,-106.8,-31.4,-17.1,0,13,1,1,0","vraesier,leg_up,32,-216.4,32.2,0,13,1,1,0","vraesier,leg_low,65,-118,3.5,0,14,1,1,0","vraesier,foot,88.2,-34.4,4,0,15,1,1,0","vraesier,greatsword_base,-18.4,-352.4,16.1,0,14,1,1,0","vraesier,sword_base,260,-344.8,120.7,0,4,1,1,0","vraesier,handkerchief,-59,-269,-12.5,0,5,1,1,0",,,,,,,,,,,,,,,,,,,,,,,,,,,,,,,,,,,,,,,,,,,,,,,,,,,,,,,,,,,,,,,,,,,,,,,,,,,,,,,,,,,,,,,,,,,,,,,,,,,play_time_mod_0.5,,
Attack2/13,"vraesier,head,16,-524,-2.5,0,4,1,1,0","vraesier,neck,0,-479,-6.5,0,7,1,1,0","vraesier,body,-18.8,-358.4,-4.5,0,6,1,1,0","vraesier,arm_up,-88,-413,-25.3,0,4,1,1,0","vraesier,arm_low,-96,-322,20.7,0,3,1,1,0","vraesier,fist,-69,-250,5.8,0,4,1,1,0","vraesier,arm_up,60,-405.6,27.9,0,18,1,1,0","vraesier,arm_low,65,-323,-21.1,0,2,1,1,0","vraesier,fist,34,-251,-32.7,1,3,1,1,0","vraesier,leg_up,-66,-216,-9.7,0,8,1.1,1,0","vraesier,leg_low,-100,-124,-21,0,10,1,1,0","vraesier,foot,-111,-31,-18.1,0,13,1,1,0","vraesier,leg_up,34,-216,36.2,0,13,1,1,0","vraesier,leg_low,69,-120,-1.5,0,14,1,1,0","vraesier,foot,84.2,-31.4,0.5,0,15,1,1,0","vraesier,greatsword_base,-18.4,-352.4,16.1,0,14,1,1,0","vraesier,sword_base,-33,-331,-140,0,4,1,1,0","vraesier,handkerchief,-51.6,-269.6,-2.5,0,5,1,1,0",,,,,,,,,,,,,,,,,,,,,,,,,,,,,,,,,,,,,,,,,,,,,,,,,,,,,,,,,,,,,,,,,,,,,,,,,,,,,,,,,,,,,,,,,,,,,,,,,,,play_time_mod_0.5,,
Attack2/14,"vraesier,head,17,-522.4,-7,0,4,1,1,0","vraesier,neck,-3,-481.4,-12.5,0,7,1,1,0","vraesier,body,-12.8,-358.4,-4,0,6,1,1,0","vraesier,arm_up,-94,-408.4,-32.4,0,6,1,1,0","vraesier,arm_low,-130.8,-313.4,-5.3,0,8,1,1,0","vraesier,fist,-136,-243.5,-19.2,0,10,1,1,0","vraesier,arm_up,66,-396.6,24.8,0,18,1,1,0","vraesier,arm_low,41.2,-341.4,-75,0,4,1,1,0","vraesier,fist,-30.5,-324.5,-65,1,5,1,1,0","vraesier,leg_up,-64,-212,-12.7,0,8,1.1,1,0","vraesier,leg_low,-99,-118,-17,0,10,1,1,0","vraesier,foot,-98.8,-28.4,-3.1,0,13,1,1,0","vraesier,leg_up,28,-221,33.7,0,12,1,1,0","vraesier,leg_low,66,-126.4,7,0,13,1,1,0","vraesier,foot,96.2,-31.4,6.5,0,15,1,1,0","vraesier,greatsword_base,-19.4,-347.4,17.1,0,14,1,1,0","vraesier,sword_base,-47.5,-422,-170.7,0,6,1,1,0","vraesier,handkerchief,-52.6,-272.6,-4,0,6,1,1,0",,,,,,,,,,,,,,,,,,,,,,,,,,,,,,,,,,,,,,,,,,,,,,,,,,,,,,,,,,,,,,,,,,,,,,,,,,,,,,,,,,,,,,,,,,,,,,,,,,,,,
EXCLUDE_Cross/0,"vraesier,head,-3,-525.4,0,0,4,1,1,0","vraesier,neck,-10,-482.4,2,0,7,1,1,0","vraesier,body_city,-12.8,-358.4,-0.5,0,6,1,1,0","vraesier,arm_up,-85,-398.4,-16.4,0,4,1,1,0","vraesier,arm_low,-75.8,-306.4,28.2,0,3,1,1,0","vraesier,fist,-46.8,-266,24.8,0,3,1,1,0","vraesier,arm_up,38,-407.6,15,0,18,1,1,0","vraesier,arm_low,89.2,-340.4,61.3,0,8,1,1,0","vraesier,fist,124.4,-303.6,34.7,1,3,1,1,0","vraesier,leg_up,-47,-216.4,-6.2,0,8,1,1,0","vraesier,leg_low,-65,-120.4,-6,0,10,1,1,0","vraesier,foot,-50.8,-27.4,-1.1,0,13,1,1,0","vraesier,leg_up,24,-226.4,21.7,0,12,1,1,0","vraesier,leg_low,36,-119.4,-3,0,13,1,1,0","vraesier,foot,52.2,-30.4,0,0,15,1,1,0","vraesier,greatsword_base,-22.4,-348.4,15.1,0,14,1,1,0","vraesier,sword_base,-11.6,-258.4,-75,0,18,1,1,0","vraesier,handkerchief,-51.6,-275.6,-3,0,5,1,1,0",,,,,,,,,,,,,,,,,,,,,,,,,,,,,,,,,,,,,,,,,,,,,,,,,,,,,,,,,,,,,,,,,,,,,,,,,,,,,,,,,,,,,,,,,,,,,,,,,,,,,
EXCLUDE_Cross/1,"vraesier,head,1,-523.4,-1,0,4,1,1,0","vraesier,neck,-6,-476.4,2,0,7,1,1,0","vraesier,body_city,-12.8,-354.4,-1.5,0,6,1,1,0","vraesier,arm_up,-73,-398.4,2.6,0,4,1,1,0","vraesier,arm_low,-29.8,-318.4,52.2,0,3,1,1,0","vraesier,open,21.2,-288,43.8,0,3,1,1,0","vraesier,arm_up,38,-397.6,15,0,18,1,1,0","vraesier,arm_low,99.2,-350.4,81.3,0,8,1,1,0","vraesier,fist,152.4,-335.6,91.7,1,3,1,1,0","vraesier,leg_up,-47,-216.4,-6.2,0,8,1,1,0","vraesier,leg_low,-65,-120.4,-6,0,10,1,1,0","vraesier,foot,-50.8,-27.4,-1.1,0,13,1,1,0","vraesier,leg_up,24,-222.4,21.7,0,12,1,1,0","vraesier,leg_low,36,-119.4,-3,0,13,1,1,0","vraesier,foot,52.2,-30.4,0,0,15,1,1,0","vraesier,greatsword_base,-22.4,-342.4,15.1,0,14,1,1,0","vraesier,sword_base,-11.6,-254.4,-78,0,18,1,1,0","vraesier,handkerchief,-51.6,-271.6,-1.5,0,5,1,1,0",,,,,,,,,,,,,,,,,,,,,,,,,,,,,,,,,,,,,,,,,,,,,,,,,,,,,,,,,,,,,,,,,,,,,,,,,,,,,,,,,,,,,,,,,,,,,,,,,,,,,
EXCLUDE_Cross/2,"vraesier,head,3,-515.4,-3.5,0,4,1,1,0","vraesier,neck,-4,-468.4,2,0,7,1,1,0","vraesier,body_city,-12.8,-350.4,-2.5,0,6,1,1,0","vraesier,arm_up,-49,-398.4,17.6,0,4,1,1,0","vraesier,arm_low,18.2,-360.4,97,0,3,1,1,0","vraesier,fist,68.8,-368.4,83,0,3,1,1,0","vraesier,arm_up,42,-389.6,15,0,18,1,1,0","vraesier,arm_low,93.2,-372.4,116,0,8,1,1,0","vraesier,fist_back,138.4,-392.8,108,0,3,1,1,0","vraesier,leg_up,-47,-216.4,-6.2,0,8,1,1,0","vraesier,leg_low,-65,-120.4,-6,0,10,1,1,0","vraesier,foot,-50.8,-27.4,-1.1,0,13,1,1,0","vraesier,leg_up,26,-218.4,21.7,0,12,1,1,0","vraesier,leg_low,40,-119.4,-6,0,13,1,1,0","vraesier,foot,52.2,-30.4,0,0,15,1,1,0","vraesier,greatsword_base,-22.4,-336.4,14.6,0,14,1,1,0","vraesier,sword_base,-11.6,-252.4,-78,0,18,1,1,0","vraesier,handkerchief,-51.6,-265.6,1.5,0,5,1,1,0",,,,,,,,,,,,,,,,,,,,,,,,,,,,,,,,,,,,,,,,,,,,,,,,,,,,,,,,,,,,,,,,,,,,,,,,,,,,,,,,,,,,,,,,,,,,,,,,,,,,,
EXCLUDE_Cross/3,"vraesier,head,7,-509.4,-6,0,4,1,1,0","vraesier,neck,-2,-464.4,0,0,7,1,1,0","vraesier,body_city,-12.8,-344.4,-4,0,6,1,1,0","vraesier,arm_up,-39,-398.4,36.6,0,4,1,1,0","vraesier,arm_low,38.2,-384.4,119,0,3,1,1,0","vraesier,fist,83.2,-404.4,86.8,0,3,1,1,0","vraesier,arm_up,72,-401.6,49,0,18,1,1,0","vraesier,arm_low,50.4,-404,-113,0,5,1,1,0","vraesier,fist,4.8,-404.8,-59,0,3,1,1,0","vraesier,leg_up,-47,-216.4,-6.2,0,8,1,1,0","vraesier,leg_low,-65,-120.4,-6,0,10,1,1,0","vraesier,foot,-50.8,-27.4,-1.1,0,13,1,1,0","vraesier,leg_up,28,-216.4,21.2,0,12,1,1,0","vraesier,leg_low,40,-119.4,-9,0,13,1,1,0","vraesier,foot,52.2,-30.4,3,0,15,1,1,0","vraesier,greatsword_base,-22.4,-332.4,13.1,0,14,1,1,0","vraesier,sword_base,-11.6,-248.4,-80,0,18,1,1,0","vraesier,handkerchief,-51.6,-261.6,4.5,0,5,1,1,0",,,,,,,,,,,,,,,,,,,,,,,,,,,,,,,,,,,,,,,,,,,,,,,,,,,,,,,,,,,,,,,,,,,,,,,,,,,,,,,,,,,,,,,,,,,,,,,,,,,,,
EXCLUDE_Cross/4,"vraesier,head,7,-503.4,-7,0,4,1,1,0","vraesier,neck,-2,-464.4,0,0,7,1,1,0","vraesier,body_city,-12.8,-338.4,-4,0,6,1,1,0","vraesier,arm_up,-39,-390.4,36.6,0,4,1,1,0","vraesier,arm_low,38.2,-376.4,119,0,3,1,1,0","vraesier,fist,81.2,-396.4,85.8,0,3,0.9,0.9,0","vraesier,arm_up,66,-401.6,61,0,10,1,1,0","vraesier,arm_low,50.4,-386,-101,0,5,1,1,0","vraesier,fist,0.8,-376.8,-46,0,3,1,1,0","vraesier,leg_up,-47,-216.4,-6.2,0,8,1,1,0","vraesier,leg_low,-65,-120.4,-6,0,10,1,1,0","vraesier,foot,-50.8,-27.4,-1.1,0,13,1,1,0","vraesier,leg_up,28,-216.4,24.2,0,12,1,1,0","vraesier,leg_low,40,-119.4,-12,0,13,1,1,0","vraesier,foot,52.2,-30.4,3,0,15,1,1,0","vraesier,greatsword_base,-22.4,-326.4,15.1,0,14,1,1,0","vraesier,sword_base,-11.6,-248.4,-83,0,18,1,1,0","vraesier,handkerchief,-51.6,-251.6,-3.5,0,5,1,1,0",,,,,,,,,,,,,,,,,,,,,,,,,,,,,,,,,,,,,,,,,,,,,,,,,,,,,,,,,,,,,,,,,,,,,,,,,,,,,,,,,,,,,,,,,,,,,,,,,,,"hold,play_time_mod_1.5",,
EXCLUDE_Idle/0,"vraesier,head,-3,-525.4,0,0,4,1,1,0","vraesier,neck,-10,-482.4,2,0,7,1,1,0","vraesier,body_city,-12.8,-358.4,-0.5,0,6,1,1,0","vraesier,arm_up,-85,-398.4,-16.4,0,4,1,1,0","vraesier,arm_low,-91.8,-302.4,7.2,0,3,1,1,0","vraesier,fist,-82.8,-254,-2.2,0,3,1,1,0","vraesier,arm_up,38,-407.6,15,0,18,1,1,0","vraesier,arm_low,89.2,-340.4,61.3,0,8,1,1,0","vraesier,fist,124.4,-303.6,34.7,1,3,1,1,0","vraesier,leg_up,-47,-216.4,-6.2,0,8,1,1,0","vraesier,leg_low,-65,-120.4,-6,0,10,1,1,0","vraesier,foot,-50.8,-27.4,-1.1,0,13,1,1,0","vraesier,leg_up,24,-222.4,21.7,0,12,1,1,0","vraesier,leg_low,36,-119.4,-3,0,13,1,1,0","vraesier,foot,52.2,-30.4,0,0,15,1,1,0","vraesier,greatsword_base,-22.4,-348.4,15.1,0,14,1,1,0","vraesier,sword_base,-11.6,-258.4,-75,0,18,1,1,0","vraesier,handkerchief,-51.6,-275.6,-3,0,5,1,1,0",,,,,,,,,,,,,,,,,,,,,,,,,,,,,,,,,,,,,,,,,,,,,,,,,,,,,,,,,,,,,,,,,,,,,,,,,,,,,,,,,,,,,,,,,,,,,,,,,,,,,
EXCLUDE_Idle/1,"vraesier,head,1,-521.4,-1,0,4,1,1,0","vraesier,neck,-6,-474.4,2,0,7,1,1,0","vraesier,body_city,-12.8,-354.4,-1.5,0,6,1,1,0","vraesier,arm_up,-85,-394.4,-16.4,0,4,1,1,0","vraesier,arm_low,-91.8,-298.4,9.2,0,3,1,1,0","vraesier,fist,-78.8,-250,0.8,0,3,1,1,0","vraesier,arm_up,38,-397.6,15,0,18,1,1,0","vraesier,arm_low,89.2,-330.4,61.3,0,8,1,1,0","vraesier,fist,124.4,-293.6,34.7,1,3,1,1,0","vraesier,leg_up,-47,-216.4,-6.2,0,8,1,1,0","vraesier,leg_low,-65,-120.4,-6,0,10,1,1,0","vraesier,foot,-50.8,-27.4,-1.1,0,13,1,1,0","vraesier,leg_up,24,-222.4,21.7,0,12,1,1,0","vraesier,leg_low,36,-119.4,-3,0,13,1,1,0","vraesier,foot,52.2,-30.4,0,0,15,1,1,0","vraesier,greatsword_base,-22.4,-342.4,15.1,0,14,1,1,0","vraesier,sword_base,-11.6,-254.4,-78,0,18,1,1,0","vraesier,handkerchief,-51.6,-271.6,-1.5,0,5,1,1,0",,,,,,,,,,,,,,,,,,,,,,,,,,,,,,,,,,,,,,,,,,,,,,,,,,,,,,,,,,,,,,,,,,,,,,,,,,,,,,,,,,,,,,,,,,,,,,,,,,,play_time_mod_1.6,,
EXCLUDE_Idle/2,"vraesier,head,3,-515.4,-3.5,0,4,1,1,0","vraesier,neck,-4,-468.4,2,0,7,1,1,0","vraesier,body_city,-12.8,-350.4,-2.5,0,6,1,1,0","vraesier,arm_up,-83,-388.4,-15.4,0,4,1,1,0","vraesier,arm_low,-87.8,-292.4,12.2,0,3,1,1,0","vraesier,fist,-70.8,-244,5.8,0,3,1,1,0","vraesier,arm_up,42,-389.6,15,0,18,1,1,0","vraesier,arm_low,93.2,-322.4,61.3,0,8,1,1,0","vraesier,fist,128.4,-285.6,34.7,1,3,1,1,0","vraesier,leg_up,-47,-216.4,-6.2,0,8,1,1,0","vraesier,leg_low,-65,-120.4,-6,0,10,1,1,0","vraesier,foot,-50.8,-27.4,-1.1,0,13,1,1,0","vraesier,leg_up,26,-218.4,23.7,0,12,1,1,0","vraesier,leg_low,40,-119.4,-6,0,13,1,1,0","vraesier,foot,52.2,-30.4,0,0,15,1,1,0","vraesier,greatsword_base,-22.4,-336.4,14.6,0,14,1,1,0","vraesier,sword_base,-11.6,-252.4,-78,0,18,1,1,0","vraesier,handkerchief,-51.6,-265.6,1.5,0,5,1,1,0",,,,,,,,,,,,,,,,,,,,,,,,,,,,,,,,,,,,,,,,,,,,,,,,,,,,,,,,,,,,,,,,,,,,,,,,,,,,,,,,,,,,,,,,,,,,,,,,,,,play_time_mod_1.8,,
EXCLUDE_Idle/3,"vraesier,head,7,-509.4,-8,0,4,1,1,0","vraesier,neck,-2,-464.4,0,0,7,1,1,0","vraesier,body_city,-12.8,-344.4,-4,0,6,1,1,0","vraesier,arm_up,-81,-384.4,-15.4,0,4,1,1,0","vraesier,arm_low,-83.8,-288.4,13.2,0,3,1,1,0","vraesier,fist,-66.8,-240,2.8,0,3,1,1,0","vraesier,arm_up,46,-383.6,14,0,18,1,1,0","vraesier,arm_low,97.2,-316.4,60.3,0,8,1,1,0","vraesier,fist,132.4,-279.6,33.7,1,3,1,1,0","vraesier,leg_up,-47,-216.4,-6.2,0,8,1,1,0","vraesier,leg_low,-65,-120.4,-6,0,10,1,1,0","vraesier,foot,-50.8,-27.4,-1.1,0,13,1,1,0","vraesier,leg_up,26,-216.4,26.2,0,12,1,1,0","vraesier,leg_low,40,-119.4,-9,0,13,1,1,0","vraesier,foot,52.2,-30.4,3,0,15,1,1,0","vraesier,greatsword_base,-22.4,-332.4,13.1,0,14,1,1,0","vraesier,sword_base,-11.6,-248.4,-80,0,18,1,1,0","vraesier,handkerchief,-51.6,-261.6,4.5,0,5,1,1,0",,,,,,,,,,,,,,,,,,,,,,,,,,,,,,,,,,,,,,,,,,,,,,,,,,,,,,,,,,,,,,,,,,,,,,,,,,,,,,,,,,,,,,,,,,,,,,,,,,,play_time_mod_2.5,,
EXCLUDE_Idle/4,"vraesier,head,3,-515.4,-3.5,0,4,1,1,0","vraesier,neck,-4,-468.4,2,0,7,1,1,0","vraesier,body_city,-12.8,-350.4,-2.5,0,6,1,1,0","vraesier,arm_up,-83,-388.4,-15.4,0,4,1,1,0","vraesier,arm_low,-87.8,-292.4,12.2,0,3,1,1,0","vraesier,fist,-70.8,-244,5.8,0,3,1,1,0","vraesier,arm_up,42,-389.6,15,0,18,1,1,0","vraesier,arm_low,93.2,-322.4,61.3,0,8,1,1,0","vraesier,fist,128.4,-285.6,34.7,1,3,1,1,0","vraesier,leg_up,-47,-216.4,-6.2,0,8,1,1,0","vraesier,leg_low,-65,-120.4,-6,0,10,1,1,0","vraesier,foot,-50.8,-27.4,-1.1,0,13,1,1,0","vraesier,leg_up,26,-218.4,23.7,0,12,1,1,0","vraesier,leg_low,40,-119.4,-6,0,13,1,1,0","vraesier,foot,52.2,-30.4,0,0,15,1,1,0","vraesier,greatsword_base,-22.4,-336.4,14.6,0,14,1,1,0","vraesier,sword_base,-11.6,-252.4,-78,0,18,1,1,0","vraesier,handkerchief,-51.6,-265.6,1.5,0,5,1,1,0",,,,,,,,,,,,,,,,,,,,,,,,,,,,,,,,,,,,,,,,,,,,,,,,,,,,,,,,,,,,,,,,,,,,,,,,,,,,,,,,,,,,,,,,,,,,,,,,,,,play_time_mod_1.8,,
EXCLUDE_Idle/5,"vraesier,head,1,-521.4,-1,0,4,1,1,0","vraesier,neck,-6,-474.4,2,0,7,1,1,0","vraesier,body_city,-12.8,-354.4,-1.5,0,6,1,1,0","vraesier,arm_up,-85,-394.4,-16.4,0,4,1,1,0","vraesier,arm_low,-91.8,-298.4,9.2,0,3,1,1,0","vraesier,fist,-78.8,-250,0.8,0,3,1,1,0","vraesier,arm_up,38,-397.6,15,0,18,1,1,0","vraesier,arm_low,89.2,-330.4,61.3,0,8,1,1,0","vraesier,fist,124.4,-293.6,34.7,1,3,1,1,0","vraesier,leg_up,-47,-216.4,-6.2,0,8,1,1,0","vraesier,leg_low,-65,-120.4,-6,0,10,1,1,0","vraesier,foot,-50.8,-27.4,-1.1,0,13,1,1,0","vraesier,leg_up,24,-222.4,21.7,0,12,1,1,0","vraesier,leg_low,36,-119.4,-3,0,13,1,1,0","vraesier,foot,52.2,-30.4,0,0,15,1,1,0","vraesier,greatsword_base,-22.4,-342.4,15.1,0,14,1,1,0","vraesier,sword_base,-11.6,-254.4,-78,0,18,1,1,0","vraesier,handkerchief,-51.6,-271.6,-1.5,0,5,1,1,0",,,,,,,,,,,,,,,,,,,,,,,,,,,,,,,,,,,,,,,,,,,,,,,,,,,,,,,,,,,,,,,,,,,,,,,,,,,,,,,,,,,,,,,,,,,,,,,,,,,,,
EXCLUDE_Nod/0,"vraesier,head,-3,-525.4,0,0,4,1,1,0","vraesier,neck,-10,-482.4,2,0,7,1,1,0","vraesier,body_city,-12.8,-358.4,-0.5,0,6,1,1,0","vraesier,arm_up,-85,-398.4,-16.4,0,4,1,1,0","vraesier,arm_low,-91.8,-302.4,7.2,0,3,1,1,0","vraesier,fist,-82.8,-254,-2.2,0,3,1,1,0","vraesier,arm_up,38,-407.6,15,0,18,1,1,0","vraesier,arm_low,89.2,-340.4,61.3,0,8,1,1,0","vraesier,fist,124.4,-303.6,34.7,1,3,1,1,0","vraesier,leg_up,-47,-216.4,-6.2,0,8,1,1,0","vraesier,leg_low,-65,-120.4,-6,0,10,1,1,0","vraesier,foot,-50.8,-27.4,-1.1,0,13,1,1,0","vraesier,leg_up,24,-222.4,21.7,0,12,1,1,0","vraesier,leg_low,36,-119.4,-3,0,13,1,1,0","vraesier,foot,52.2,-30.4,0,0,15,1,1,0","vraesier,greatsword_base,-22.4,-348.4,15.1,0,14,1,1,0","vraesier,sword_base,-11.6,-258.4,-75,0,18,1,1,0","vraesier,handkerchief,-51.6,-275.6,-3,0,5,1,1,0",,,,,,,,,,,,,,,,,,,,,,,,,,,,,,,,,,,,,,,,,,,,,,,,,,,,,,,,,,,,,,,,,,,,,,,,,,,,,,,,,,,,,,,,,,,,,,,,,,,,,
EXCLUDE_Nod/1,"vraesier,head,5,-525.4,-8,0,4,1,1,0","vraesier,neck,-6,-476.4,2,0,7,1,1,0","vraesier,body_city,-12.8,-358.4,-0.5,0,6,1,1,0","vraesier,arm_up,-85,-398.4,-18.4,0,4,1,1,0","vraesier,arm_low,-99.8,-302.4,4.2,0,3,1,1,0","vraesier,fist,-86.8,-254,-2.2,0,3,1,1,0","vraesier,arm_up,38,-407.6,15,0,18,1,1,0","vraesier,arm_low,89.2,-340.4,61.3,0,8,1,1,0","vraesier,fist,124.4,-303.6,34.7,1,3,1,1,0","vraesier,leg_up,-47,-216.4,-6.2,0,8,1,1,0","vraesier,leg_low,-65,-120.4,-6,0,10,1,1,0","vraesier,foot,-50.8,-27.4,-1.1,0,13,1,1,0","vraesier,leg_up,24,-222.4,21.7,0,12,1,1,0","vraesier,leg_low,36,-119.4,-3,0,13,1,1,0","vraesier,foot,52.2,-30.4,0,0,15,1,1,0","vraesier,greatsword_base,-22.4,-348.4,15.1,0,14,1,1,0","vraesier,sword_base,-11.6,-258.4,-75,0,18,1,1,0","vraesier,handkerchief,-51.6,-275.6,-3,0,5,1,1,0",,,,,,,,,,,,,,,,,,,,,,,,,,,,,,,,,,,,,,,,,,,,,,,,,,,,,,,,,,,,,,,,,,,,,,,,,,,,,,,,,,,,,,,,,,,,,,,,,,,,,
EXCLUDE_Nod/2,"vraesier,head,17,-515.4,-19,0,4,1,1,0","vraesier,neck,-4,-482.4,-19,0,7,1,1,0","vraesier,body_city,-12.8,-358.4,-2.5,0,6,1,1,0","vraesier,arm_up,-85,-398.4,-19.4,0,4,1,1,0","vraesier,arm_low,-99.8,-302.4,3.2,0,3,1,1,0","vraesier,fist,-90.8,-254,-2.2,0,3,1,1,0","vraesier,arm_up,38,-407.6,15,0,18,1,1,0","vraesier,arm_low,89.2,-336.4,58.3,0,8,1,1,0","vraesier,fist,124.4,-299.6,34.7,1,3,1,1,0","vraesier,leg_up,-47,-216.4,-6.2,0,8,1,1,0","vraesier,leg_low,-65,-120.4,-6,0,10,1,1,0","vraesier,foot,-50.8,-27.4,-1.1,0,13,1,1,0","vraesier,leg_up,24,-218.4,21.7,0,12,1,1,0","vraesier,leg_low,38,-119.4,-5,0,13,1,1,0","vraesier,foot,52.2,-30.4,0,0,15,1,1,0","vraesier,greatsword_base,-22.4,-348.4,13.1,0,14,1,1,0","vraesier,sword_base,-11.6,-258.4,-77,0,18,1,1,0","vraesier,handkerchief,-55.6,-275.6,-6,0,5,1,1,0",,,,,,,,,,,,,,,,,,,,,,,,,,,,,,,,,,,,,,,,,,,,,,,,,,,,,,,,,,,,,,,,,,,,,,,,,,,,,,,,,,,,,,,,,,,,,,,,,,,,,
EXCLUDE_Nod/3,"vraesier,head,5,-525.4,-8,0,4,1,1,0","vraesier,neck,-6,-476.4,2,0,7,1,1,0","vraesier,body_city,-12.8,-358.4,-0.5,0,6,1,1,0","vraesier,arm_up,-85,-398.4,-16.4,0,4,1,1,0","vraesier,arm_low,-91.8,-302.4,7.2,0,3,1,1,0","vraesier,fist,-82.8,-254,-2.2,0,3,1,1,0","vraesier,arm_up,38,-407.6,15,0,18,1,1,0","vraesier,arm_low,89.2,-340.4,61.3,0,8,1,1,0","vraesier,fist,124.4,-303.6,34.7,1,3,1,1,0","vraesier,leg_up,-47,-216.4,-6.2,0,8,1,1,0","vraesier,leg_low,-65,-120.4,-6,0,10,1,1,0","vraesier,foot,-50.8,-27.4,-1.1,0,13,1,1,0","vraesier,leg_up,24,-222.4,21.7,0,12,1,1,0","vraesier,leg_low,36,-119.4,-3,0,13,1,1,0","vraesier,foot,52.2,-30.4,0,0,15,1,1,0","vraesier,greatsword_base,-22.4,-348.4,15.1,0,14,1,1,0","vraesier,sword_base,-11.6,-258.4,-75,0,18,1,1,0","vraesier,handkerchief,-51.6,-275.6,-3,0,5,1,1,0",,,,,,,,,,,,,,,,,,,,,,,,,,,,,,,,,,,,,,,,,,,,,,,,,,,,,,,,,,,,,,,,,,,,,,,,,,,,,,,,,,,,,,,,,,,,,,,,,,,,,
EXCLUDE_Nod/4,"vraesier,head,-3,-525.4,0,0,4,1,1,0","vraesier,neck,-10,-482.4,2,0,7,1,1,0","vraesier,body_city,-12.8,-358.4,-0.5,0,6,1,1,0","vraesier,arm_up,-85,-398.4,-16.4,0,4,1,1,0","vraesier,arm_low,-91.8,-302.4,7.2,0,3,1,1,0","vraesier,fist,-82.8,-254,-2.2,0,3,1,1,0","vraesier,arm_up,38,-407.6,15,0,18,1,1,0","vraesier,arm_low,89.2,-340.4,61.3,0,8,1,1,0","vraesier,fist,124.4,-303.6,34.7,1,3,1,1,0","vraesier,leg_up,-47,-216.4,-6.2,0,8,1,1,0","vraesier,leg_low,-65,-120.4,-6,0,10,1,1,0","vraesier,foot,-50.8,-27.4,-1.1,0,13,1,1,0","vraesier,leg_up,24,-222.4,21.7,0,12,1,1,0","vraesier,leg_low,36,-119.4,-3,0,13,1,1,0","vraesier,foot,52.2,-30.4,0,0,15,1,1,0","vraesier,greatsword_base,-22.4,-348.4,15.1,0,14,1,1,0","vraesier,sword_base,-11.6,-258.4,-75,0,18,1,1,0","vraesier,handkerchief,-51.6,-275.6,-3,0,5,1,1,0",,,,,,,,,,,,,,,,,,,,,,,,,,,,,,,,,,,,,,,,,,,,,,,,,,,,,,,,,,,,,,,,,,,,,,,,,,,,,,,,,,,,,,,,,,,,,,,,,,,,,
EXCLUDE_SitIdle/0,"vraesier,head,19,-425.4,-25,0,4,1,1,0","vraesier,neck,-8,-394.4,-30,0,7,1,1,0","vraesier,body_city,-26.8,-268.4,-11.5,0,6,1,1,0","vraesier,arm_up,-57,-310.4,17,0,4,1,1,0","vraesier,arm_low,-7.8,-232.4,45,0,3,1,1,0","vraesier,open,42,-195.2,33.8,0,3,1,1,0","vraesier,arm_up,42,-327.6,30,0,18,1,1,0","vraesier,arm_low,105.2,-262.4,46.3,0,8,1,1,0","vraesier,fist_back,140.4,-223.6,29.7,0,7,1,1,0","vraesier,leg_up,-35,-172.4,49,0,8,1,1,0","vraesier,leg_low,-2.4,-92.8,-11,0,8,1,1,0","vraesier,foot,8,-19.8,-2.1,0,13,1,1,0","vraesier,leg_up,18,-162,75,0,12,1,1,0","vraesier,leg_low,90,-93.4,13,0,13,1,1,0","vraesier,foot,124.2,-24.4,8,0,15,1,1,0","vraesier,greatsword_base,-16.8,-156.4,-64,0,5,1,1,0","vraesier,sword_base,-23.6,-178.4,-75,0,18,1,1,0","vraesier,handkerchief,75.6,-186.8,65,0,5,1,1,0",,,,,,,,,,,,,,,,,,,,,,,,,,,,,,,,,,,,,,,,,,,,,,,,,,,,,,,,,,,,,,,,,,,,,,,,,,,,,,,,,,,,,,,,,,,,,,,,,,,play_time_mod_0.8,,
EXCLUDE_SitIdle/1,"vraesier,head,29,-421.4,-28,0,4,1,1,0","vraesier,neck,2,-390.4,-30,0,7,1,1,0","vraesier,body_city,-26.8,-268.4,-14.5,0,6,1,1,0","vraesier,arm_up,-55,-314.4,8,0,4,1,1,0","vraesier,arm_low,-19.8,-218.4,31,0,3,1,1,0","vraesier,open,14,-177.2,25.8,0,3,1,1,0","vraesier,arm_up,42,-327.6,30,0,18,1,1,0","vraesier,arm_low,105.2,-262.4,46.3,0,8,1,1,0","vraesier,fist_back,140.4,-223.6,29.7,0,7,1,1,0","vraesier,leg_up,-35,-172.4,49,0,8,1,1,0","vraesier,leg_low,-2.4,-92.8,-11,0,8,1,1,0","vraesier,foot,8,-19.8,-2.1,0,13,1,1,0","vraesier,leg_up,18,-162,75,0,12,1,1,0","vraesier,leg_low,90,-93.4,13,0,13,1,1,0","vraesier,foot,124.2,-24.4,8,0,15,1,1,0","vraesier,greatsword_base,-16.8,-156.4,-64,0,5,1,1,0","vraesier,sword_base,-23.6,-178.4,-75,0,18,1,1,0","vraesier,handkerchief,33.6,-162.8,59,0,5,1,1,0",,,,,,,,,,,,,,,,,,,,,,,,,,,,,,,,,,,,,,,,,,,,,,,,,,,,,,,,,,,,,,,,,,,,,,,,,,,,,,,,,,,,,,,,,,,,,,,,,,,play_time_mod_1.2,,
EXCLUDE_SitIdle/2,"vraesier,head,29,-421.4,-28,0,4,1,1,0","vraesier,neck,2,-390.4,-30,0,7,1,1,0","vraesier,body_city,-26.8,-268.4,-14.5,0,6,1,1,0","vraesier,arm_up,-59,-314.4,-3,0,4,1,1,0","vraesier,arm_low,-45.8,-218.4,20,0,3,1,1,0","vraesier,open,-16,-169.2,16.8,0,3,1,1,0","vraesier,arm_up,42,-327.6,30,0,18,1,1,0","vraesier,arm_low,105.2,-262.4,46.3,0,8,1,1,0","vraesier,fist_back,140.4,-223.6,29.7,0,7,1,1,0","vraesier,leg_up,-35,-172.4,49,0,8,1,1,0","vraesier,leg_low,-2.4,-92.8,-11,0,8,1,1,0","vraesier,foot,8,-19.8,-2.1,0,13,1,1,0","vraesier,leg_up,18,-162,75,0,12,1,1,0","vraesier,leg_low,90,-93.4,13,0,13,1,1,0","vraesier,foot,124.2,-24.4,8,0,15,1,1,0","vraesier,greatsword_base,-16.8,-156.4,-64,0,5,1,1,0","vraesier,sword_base,-23.6,-178.4,-75,0,18,1,1,0","vraesier,handkerchief,-6.4,-144.8,47,0,5,1,1,0",,,,,,,,,,,,,,,,,,,,,,,,,,,,,,,,,,,,,,,,,,,,,,,,,,,,,,,,,,,,,,,,,,,,,,,,,,,,,,,,,,,,,,,,,,,,,,,,,,,play_time_mod_1.5,,
EXCLUDE_SitIdle/3,"vraesier,head,25,-425.4,-23,0,4,1,1,0","vraesier,neck,2,-390.4,-30,0,7,1,1,0","vraesier,body_city,-26.8,-268.4,-14.5,0,6,1,1,0","vraesier,arm_up,-71,-318.4,-12,0,4,1,1,0","vraesier,arm_low,-77.8,-208.4,6,0,3,1,1,0","vraesier,open,-66,-145.2,-5.2,0,3,1,1,0","vraesier,arm_up,46,-327.6,35,0,18,1,1,0","vraesier,arm_low,109.2,-262.4,46.3,0,8,1,1,0","vraesier,fist_back,146.4,-225.6,34.7,0,7,1,1,0","vraesier,leg_up,-35,-172.4,49,0,8,1,1,0","vraesier,leg_low,-2.4,-92.8,-11,0,8,1,1,0","vraesier,foot,8,-19.8,-2.1,0,13,1,1,0","vraesier,leg_up,18,-162,75,0,12,1,1,0","vraesier,leg_low,90,-93.4,13,0,13,1,1,0","vraesier,foot,124.2,-24.4,8,0,15,1,1,0","vraesier,greatsword_base,-10.8,-160.4,-64,0,5,1,1,0","vraesier,sword_base,-23.6,-178.4,-75,0,18,1,1,0","vraesier,handkerchief,-62.4,-124.8,21,0,5,1,1,0",,,,,,,,,,,,,,,,,,,,,,,,,,,,,,,,,,,,,,,,,,,,,,,,,,,,,,,,,,,,,,,,,,,,,,,,,,,,,,,,,,,,,,,,,,,,,,,,,,,play_time_mod_1.5,,
EXCLUDE_SitIdle/4,"vraesier,head,25,-425.4,-23,0,4,1,1,0","vraesier,neck,2,-390.4,-30,0,7,1,1,0","vraesier,body_city,-26.8,-268.4,-14.5,0,6,1,1,0","vraesier,arm_up,-77,-314.4,-16,0,4,1,1,0","vraesier,arm_low,-99.8,-202.4,-1,0,3,1,1,0","vraesier,open,-92,-135.2,-3.2,0,3,1,1,0","vraesier,arm_up,52,-321.6,35,0,18,1,1,0","vraesier,arm_low,115.2,-262.4,46.3,0,8,1,1,0","vraesier,fist_back,150.4,-229.6,39.7,0,7,1,1,0","vraesier,leg_up,-35,-172.4,49,0,8,1,1,0","vraesier,leg_low,-2.4,-92.8,-11,0,8,1,1,0","vraesier,foot,8,-19.8,-2.1,0,13,1,1,0","vraesier,leg_up,18,-162,75,0,12,1,1,0","vraesier,leg_low,90,-93.4,13,0,13,1,1,0","vraesier,foot,124.2,-24.4,8,0,15,1,1,0","vraesier,greatsword_base,-6.8,-160.4,-66,0,5,1,1,0","vraesier,sword_base,-23.6,-178.4,-75,0,18,1,1,0","vraesier,handkerchief,-90.4,-112.8,13,0,5,1,1,0",,,,,,,,,,,,,,,,,,,,,,,,,,,,,,,,,,,,,,,,,,,,,,,,,,,,,,,,,,,,,,,,,,,,,,,,,,,,,,,,,,,,,,,,,,,,,,,,,,,play_time_mod_1.5,,
EXCLUDE_SitIdle/5,"vraesier,head,19,-425.4,-25,0,4,1,1,0","vraesier,neck,-8,-394.4,-30,0,7,1,1,0","vraesier,body_city,-26.8,-268.4,-11.5,0,6,1,1,0","vraesier,arm_up,-75,-314.4,-11,0,4,1,1,0","vraesier,arm_low,-57.8,-232.4,36,0,3,1,1,0","vraesier,open,-16,-189.2,22.8,0,3,1,1,0","vraesier,arm_up,46,-327.6,35,0,18,1,1,0","vraesier,arm_low,109.2,-262.4,46.3,0,8,1,1,0","vraesier,fist_back,146.4,-225.6,34.7,0,7,1,1,0","vraesier,leg_up,-35,-172.4,49,0,8,1,1,0","vraesier,leg_low,-2.4,-92.8,-11,0,8,1,1,0","vraesier,foot,8,-19.8,-2.1,0,13,1,1,0","vraesier,leg_up,18,-162,75,0,12,1,1,0","vraesier,leg_low,90,-93.4,13,0,13,1,1,0","vraesier,foot,124.2,-24.4,8,0,15,1,1,0","vraesier,greatsword_base,-10.8,-160.4,-64,0,5,1,1,0","vraesier,sword_base,-23.6,-178.4,-75,0,18,1,1,0","vraesier,handkerchief,-2.8,-188.4,104,0,5,1,1,0",,,,,,,,,,,,,,,,,,,,,,,,,,,,,,,,,,,,,,,,,,,,,,,,,,,,,,,,,,,,,,,,,,,,,,,,,,,,,,,,,,,,,,,,,,,,,,,,,,,,,
EXCLUDE_SitIdle/6,"vraesier,head,19,-425.4,-25,0,4,1,1,0","vraesier,neck,-8,-394.4,-30,0,7,1,1,0","vraesier,body_city,-26.8,-268.4,-11.5,0,6,1,1,0","vraesier,arm_up,-65,-318.4,8,0,4,1,1,0","vraesier,arm_low,-19.8,-244.4,54,0,3,1,1,0","vraesier,open,30,-209.2,37.8,0,3,1,1,0","vraesier,arm_up,42,-327.6,30,0,18,1,1,0","vraesier,arm_low,105.2,-262.4,46.3,0,8,1,1,0","vraesier,fist_back,140.4,-223.6,29.7,0,7,1,1,0","vraesier,leg_up,-35,-172.4,49,0,8,1,1,0","vraesier,leg_low,-2.4,-92.8,-11,0,8,1,1,0","vraesier,foot,8,-19.8,-2.1,0,13,1,1,0","vraesier,leg_up,18,-162,75,0,12,1,1,0","vraesier,leg_low,90,-93.4,13,0,13,1,1,0","vraesier,foot,124.2,-24.4,8,0,15,1,1,0","vraesier,greatsword_base,-16.8,-156.4,-64,0,5,1,1,0","vraesier,sword_base,-23.6,-178.4,-75,0,18,1,1,0","vraesier,handkerchief,45.6,-198.8,72,0,5,1,1,0",,,,,,,,,,,,,,,,,,,,,,,,,,,,,,,,,,,,,,,,,,,,,,,,,,,,,,,,,,,,,,,,,,,,,,,,,,,,,,,,,,,,,,,,,,,,,,,,,,,,,
EXCLUDE_SitTalk/0,"vraesier,head,7,-437.4,-2,0,4,1,1,0","vraesier,neck,-6,-398.4,-20,0,7,1,1,0","vraesier,body_city,-26.8,-268.4,-9.5,0,6,1,1,0","vraesier,arm_up,-57,-310.4,17,0,4,1,1,0","vraesier,arm_low,4.2,-244.4,65,0,3,1,1,0","vraesier,fist,56,-223.2,51,0,3,1,1,0","vraesier,arm_up,42,-327.6,30,0,18,1,1,0","vraesier,arm_low,105.2,-258.4,44.3,0,8,1,1,0","vraesier,fist_back,140.4,-223.6,29.7,0,7,1,1,0","vraesier,leg_up,-35,-172.4,49,0,8,1,1,0","vraesier,leg_low,-2.4,-92.8,-11,0,8,1,1,0","vraesier,foot,8,-19.8,-2.1,0,13,1,1,0","vraesier,leg_up,18,-162,75,0,12,1,1,0","vraesier,leg_low,90,-93.4,13,0,13,1,1,0","vraesier,foot,124.2,-24.4,8,0,15,1,1,0","vraesier,greatsword_base,-16.8,-156.4,-64,0,5,1,1,0","vraesier,sword_base,-23.6,-178.4,-75,0,18,1,1,0","vraesier,handkerchief,51.6,-190.8,-15,0,5,1,1,0",,,,,,,,,,,,,,,,,,,,,,,,,,,,,,,,,,,,,,,,,,,,,,,,,,,,,,,,,,,,,,,,,,,,,,,,,,,,,,,,,,,,,,,,,,,,,,,,,,,,,
EXCLUDE_SitTalk/1,"vraesier,head,-5,-437.4,1,0,4,1,1,0","vraesier,neck,-18,-398.4,-20,0,7,1,1,0","vraesier,body_city,-30.8,-268.4,-7.5,0,6,1,1,0","vraesier,arm_up,-57,-318.4,27,0,4,1,1,0","vraesier,arm_low,12.2,-266.4,79,0,3,1,1,0","vraesier,fist,64,-257.2,63,0,3,1,1,0","vraesier,arm_up,38,-327.6,33,0,18,1,1,0","vraesier,arm_low,105.2,-254.4,43.3,0,8,1,1,0","vraesier,fist_back,140.4,-223.6,29.7,0,7,1,1,0","vraesier,leg_up,-35,-172.4,49,0,8,1,1,0","vraesier,leg_low,-2.4,-92.8,-11,0,8,1,1,0","vraesier,foot,8,-19.8,-2.1,0,13,1,1,0","vraesier,leg_up,18,-162,75,0,12,1,1,0","vraesier,leg_low,90,-93.4,13,0,13,1,1,0","vraesier,foot,124.2,-24.4,8,0,15,1,1,0","vraesier,greatsword_base,-16.8,-156.4,-64,0,5,1,1,0","vraesier,sword_base,-23.6,-178.4,-75,0,18,1,1,0","vraesier,handkerchief,55.6,-218.8,-6,0,5,1,1,0",,,,,,,,,,,,,,,,,,,,,,,,,,,,,,,,,,,,,,,,,,,,,,,,,,,,,,,,,,,,,,,,,,,,,,,,,,,,,,,,,,,,,,,,,,,,,,,,,,,,,
EXCLUDE_SitTalk/2,"vraesier,head,-11,-437.4,3,0,4,1,1,0","vraesier,neck,-22,-398.4,-20,0,7,1,1,0","vraesier,body_city,-34.8,-268.4,-5.5,0,6,1,1,0","vraesier,arm_up,-55,-322.4,41,0,4,1,1,0","vraesier,arm_low,24.2,-294.4,97,0,3,1,1,0","vraesier,twopoint,84,-307.2,86,0,3,1,1,0","vraesier,arm_up,34,-323.6,39,0,18,1,1,0","vraesier,arm_low,105.2,-254.4,43.3,0,8,1,1,0","vraesier,fist_back,136.4,-225.6,29.7,0,7,1,1,0","vraesier,leg_up,-35,-172.4,49,0,8,1,1,0","vraesier,leg_low,-2.4,-92.8,-11,0,8,1,1,0","vraesier,foot,8,-19.8,-2.1,0,13,1,1,0","vraesier,leg_up,18,-162,75,0,12,1,1,0","vraesier,leg_low,90,-93.4,13,0,13,1,1,0","vraesier,foot,124.2,-24.4,8,0,15,1,1,0","vraesier,greatsword_base,-16.8,-158.4,-63,0,5,1,1,0","vraesier,sword_base,-23.6,-178.4,-75,0,18,1,1,0","vraesier,handkerchief,75.6,-272.8,2,0,5,1,1,0",,,,,,,,,,,,,,,,,,,,,,,,,,,,,,,,,,,,,,,,,,,,,,,,,,,,,,,,,,,,,,,,,,,,,,,,,,,,,,,,,,,,,,,,,,,,,,,,,,,,,
EXCLUDE_SitTalk/3,"vraesier,head,-21,-437.4,4,0,4,1,1,0","vraesier,neck,-32,-398.4,-20,0,7,1,1,0","vraesier,body_city,-38.8,-268.4,-3.5,0,6,1,1,0","vraesier,arm_up,-53,-328.4,54,0,4,1,1,0","vraesier,arm_low,32.2,-306.4,94,0,3,1,1,0","vraesier,twopoint,92,-317.2,83,0,3,1,1,0","vraesier,arm_up,30,-323.6,41,0,18,1,1,0","vraesier,arm_low,101.2,-254.4,47.3,0,8,1,1,0","vraesier,fist_back,136.4,-223.6,29.7,0,7,1,1,0","vraesier,leg_up,-35,-172.4,49,0,8,1,1,0","vraesier,leg_low,-2.4,-92.8,-11,0,8,1,1,0","vraesier,foot,8,-19.8,-2.1,0,13,1,1,0","vraesier,leg_up,18,-162,75,0,12,1,1,0","vraesier,leg_low,90,-93.4,13,0,13,1,1,0","vraesier,foot,124.2,-24.4,8,0,15,1,1,0","vraesier,greatsword_base,-16.8,-156.4,-62,0,5,1,1,0","vraesier,sword_base,-23.6,-178.4,-75,0,18,1,1,0","vraesier,handkerchief,81.6,-286.8,2,0,5,1,1,0",,,,,,,,,,,,,,,,,,,,,,,,,,,,,,,,,,,,,,,,,,,,,,,,,,,,,,,,,,,,,,,,,,,,,,,,,,,,,,,,,,,,,,,,,,,,,,,,,,,,,
EXCLUDE_SitTalk/4,"vraesier,head,-21,-437.4,4,0,4,1,1,0","vraesier,neck,-32,-398.4,-20,0,7,1,1,0","vraesier,body_city,-38.8,-268.4,-3.5,0,6,1,1,0","vraesier,arm_up,-45,-334.4,64,0,4,1,1,0","vraesier,arm_low,46.2,-324.4,105,0,3,1,1,0","vraesier,twopoint,106,-341.2,89,0,3,1,1,0","vraesier,arm_up,30,-323.6,41,0,18,1,1,0","vraesier,arm_low,101.2,-258.4,49.3,0,8,1,1,0","vraesier,fist_back,136.4,-227.6,30.7,0,7,1,1,0","vraesier,leg_up,-35,-172.4,49,0,8,1,1,0","vraesier,leg_low,-2.4,-92.8,-11,0,8,1,1,0","vraesier,foot,8,-19.8,-2.1,0,13,1,1,0","vraesier,leg_up,18,-162,75,0,12,1,1,0","vraesier,leg_low,90,-93.4,13,0,13,1,1,0","vraesier,foot,124.2,-24.4,8,0,15,1,1,0","vraesier,greatsword_base,-16.8,-160.4,-62,0,5,1,1,0","vraesier,sword_base,-23.6,-178.4,-75,0,18,1,1,0","vraesier,handkerchief,81.6,-286.8,2,0,5,1,1,0",,,,,,,,,,,,,,,,,,,,,,,,,,,,,,,,,,,,,,,,,,,,,,,,,,,,,,,,,,,,,,,,,,,,,,,,,,,,,,,,,,,,,,,,,,,,,,,,,,,"play_time_mod_1.5,hold",,
EXCLUDE_SitTalkIdle/0,"vraesier,head,7,-437.4,-2,0,4,1,1,0","vraesier,neck,-6,-398.4,-20,0,7,1,1,0","vraesier,body_city,-26.8,-268.4,-9.5,0,6,1,1,0","vraesier,arm_up,-57,-310.4,17,0,4,1,1,0","vraesier,arm_low,-7.8,-232.4,45,0,3,1,1,0","vraesier,open,42,-195.2,33.8,0,3,1,1,0","vraesier,arm_up,42,-327.6,30,0,18,1,1,0","vraesier,arm_low,105.2,-262.4,46.3,0,8,1,1,0","vraesier,fist_back,140.4,-223.6,29.7,0,7,1,1,0","vraesier,leg_up,-35,-172.4,49,0,8,1,1,0","vraesier,leg_low,-2.4,-92.8,-11,0,8,1,1,0","vraesier,foot,8,-19.8,-2.1,0,13,1,1,0","vraesier,leg_up,18,-162,75,0,12,1,1,0","vraesier,leg_low,90,-93.4,13,0,13,1,1,0","vraesier,foot,124.2,-24.4,8,0,15,1,1,0","vraesier,greatsword_base,-16.8,-156.4,-64,0,5,1,1,0","vraesier,sword_base,-23.6,-178.4,-75,0,18,1,1,0","vraesier,handkerchief,75.6,-186.8,65,0,5,1,1,0",,,,,,,,,,,,,,,,,,,,,,,,,,,,,,,,,,,,,,,,,,,,,,,,,,,,,,,,,,,,,,,,,,,,,,,,,,,,,,,,,,,,,,,,,,,,,,,,,,,,,
EXCLUDE_SitTalkIdle/1,"vraesier,head,7,-437.4,-4,0,4,1,1,0","vraesier,neck,-6,-398.4,-20,0,7,1,1,0","vraesier,body_city,-26.8,-268.4,-11.5,0,6,1,1,0","vraesier,arm_up,-57,-310.4,15,0,4,1,1,0","vraesier,arm_low,-7.8,-232.4,47,0,3,1,1,0","vraesier,open,42,-195.2,36.8,0,3,1,1,0","vraesier,arm_up,42,-323.6,28,0,18,1,1,0","vraesier,arm_low,105.2,-262.4,48.3,0,8,1,1,0","vraesier,fist_back,140.4,-223.6,27.7,0,7,1,1,0","vraesier,leg_up,-35,-172.4,49,0,8,1,1,0","vraesier,leg_low,-2.4,-92.8,-11,0,8,1,1,0","vraesier,foot,8,-19.8,-2.1,0,13,1,1,0","vraesier,leg_up,18,-162,75,0,12,1,1,0","vraesier,leg_low,90,-93.4,13,0,13,1,1,0","vraesier,foot,124.2,-24.4,8,0,15,1,1,0","vraesier,greatsword_base,-16.8,-156.4,-64,0,5,1,1,0","vraesier,sword_base,-23.6,-178.4,-75,0,18,1,1,0","vraesier,handkerchief,75.6,-186.8,65,0,5,1,1,0",,,,,,,,,,,,,,,,,,,,,,,,,,,,,,,,,,,,,,,,,,,,,,,,,,,,,,,,,,,,,,,,,,,,,,,,,,,,,,,,,,,,,,,,,,,,,,,,,,,play_time_mod_1.3,,
EXCLUDE_SitTalkIdle/2,"vraesier,head,7,-433.4,-6,0,4,1,1,0","vraesier,neck,-6,-398.4,-20,0,7,1,1,0","vraesier,body_city,-26.8,-264.4,-11.5,0,6,1,1,0","vraesier,arm_up,-57,-306.4,13,0,4,1,1,0","vraesier,arm_low,-11.8,-228.4,44,0,3,1,1,0","vraesier,open,38,-193.2,41.8,0,3,1,1,0","vraesier,arm_up,42,-319.6,28,0,18,1,1,0","vraesier,arm_low,105.2,-258.4,50.3,0,8,1,1,0","vraesier,fist_back,140.4,-223.6,27.7,0,7,1,1,0","vraesier,leg_up,-35,-168.4,49,0,8,1,1,0","vraesier,leg_low,-2.4,-92.8,-11,0,8,1,1,0","vraesier,foot,8,-19.8,-2.1,0,13,1,1,0","vraesier,leg_up,18,-162,75,0,12,1,1,0","vraesier,leg_low,90,-93.4,13,0,13,1,1,0","vraesier,foot,124.2,-24.4,8,0,15,1,1,0","vraesier,greatsword_base,-16.8,-156.4,-64,0,5,1,1,0","vraesier,sword_base,-23.6,-178.4,-75,0,18,1,1,0","vraesier,handkerchief,75.6,-186.8,65,0,5,1,1,0",,,,,,,,,,,,,,,,,,,,,,,,,,,,,,,,,,,,,,,,,,,,,,,,,,,,,,,,,,,,,,,,,,,,,,,,,,,,,,,,,,,,,,,,,,,,,,,,,,,play_time_mod_1.6,,
EXCLUDE_SitTalkIdle/3,"vraesier,head,7,-429.4,-8,0,4,1,1,0","vraesier,neck,-6,-394.4,-20,0,7,1,1,0","vraesier,body_city,-26.8,-260.4,-11.5,0,6,1,1,0","vraesier,arm_up,-57,-302.4,13,0,4,1,1,0","vraesier,arm_low,-11.8,-224.4,46,0,3,1,1,0","vraesier,open,38,-193.2,41.8,0,3,1,1,0","vraesier,arm_up,42,-315.6,28,0,18,1,1,0","vraesier,arm_low,105.2,-254.4,52.3,0,8,1,1,0","vraesier,fist_back,140.4,-223.6,29.7,0,7,1,1,0","vraesier,leg_up,-35,-168.4,53,0,8,1,1,0","vraesier,leg_low,-2.4,-92.8,-11,0,8,1,1,0","vraesier,foot,8,-19.8,-2.1,0,13,1,1,0","vraesier,leg_up,18,-162,75,0,12,1,1,0","vraesier,leg_low,90,-93.4,13,0,13,1,1,0","vraesier,foot,124.2,-24.4,8,0,15,1,1,0","vraesier,greatsword_base,-16.8,-156.4,-64,0,5,1,1,0","vraesier,sword_base,-23.6,-178.4,-75,0,18,1,1,0","vraesier,handkerchief,75.6,-186.8,65,0,5,1,1,0",,,,,,,,,,,,,,,,,,,,,,,,,,,,,,,,,,,,,,,,,,,,,,,,,,,,,,,,,,,,,,,,,,,,,,,,,,,,,,,,,,,,,,,,,,,,,,,,,,,play_time_mod_2.2,,
EXCLUDE_SitTalkIdle/4,"vraesier,head,7,-433.4,-6,0,4,1,1,0","vraesier,neck,-6,-398.4,-20,0,7,1,1,0","vraesier,body_city,-26.8,-264.4,-11.5,0,6,1,1,0","vraesier,arm_up,-57,-306.4,13,0,4,1,1,0","vraesier,arm_low,-11.8,-228.4,44,0,3,1,1,0","vraesier,open,38,-193.2,41.8,0,3,1,1,0","vraesier,arm_up,42,-319.6,28,0,18,1,1,0","vraesier,arm_low,105.2,-258.4,50.3,0,8,1,1,0","vraesier,fist_back,140.4,-223.6,29.7,0,7,1,1,0","vraesier,leg_up,-35,-168.4,49,0,8,1,1,0","vraesier,leg_low,-2.4,-92.8,-11,0,8,1,1,0","vraesier,foot,8,-19.8,-2.1,0,13,1,1,0","vraesier,leg_up,18,-162,75,0,12,1,1,0","vraesier,leg_low,90,-93.4,13,0,13,1,1,0","vraesier,foot,124.2,-24.4,8,0,15,1,1,0","vraesier,greatsword_base,-16.8,-156.4,-64,0,5,1,1,0","vraesier,sword_base,-23.6,-178.4,-75,0,18,1,1,0","vraesier,handkerchief,75.6,-186.8,65,0,5,1,1,0",,,,,,,,,,,,,,,,,,,,,,,,,,,,,,,,,,,,,,,,,,,,,,,,,,,,,,,,,,,,,,,,,,,,,,,,,,,,,,,,,,,,,,,,,,,,,,,,,,,play_time_mod_1.7,,
EXCLUDE_SitTalkIdle/5,"vraesier,head,7,-437.4,-4,0,4,1,1,0","vraesier,neck,-6,-398.4,-20,0,7,1,1,0","vraesier,body_city,-26.8,-268.4,-11.5,0,6,1,1,0","vraesier,arm_up,-57,-310.4,15,0,4,1,1,0","vraesier,arm_low,-7.8,-232.4,47,0,3,1,1,0","vraesier,open,42,-195.2,36.8,0,3,1,1,0","vraesier,arm_up,42,-323.6,28,0,18,1,1,0","vraesier,arm_low,105.2,-262.4,48.3,0,8,1,1,0","vraesier,fist_back,140.4,-223.6,27.7,0,7,1,1,0","vraesier,leg_up,-35,-172.4,49,0,8,1,1,0","vraesier,leg_low,-2.4,-92.8,-11,0,8,1,1,0","vraesier,foot,8,-19.8,-2.1,0,13,1,1,0","vraesier,leg_up,18,-162,75,0,12,1,1,0","vraesier,leg_low,90,-93.4,13,0,13,1,1,0","vraesier,foot,124.2,-24.4,8,0,15,1,1,0","vraesier,greatsword_base,-16.8,-156.4,-64,0,5,1,1,0","vraesier,sword_base,-23.6,-178.4,-75,0,18,1,1,0","vraesier,handkerchief,75.6,-186.8,65,0,5,1,1,0",,,,,,,,,,,,,,,,,,,,,,,,,,,,,,,,,,,,,,,,,,,,,,,,,,,,,,,,,,,,,,,,,,,,,,,,,,,,,,,,,,,,,,,,,,,,,,,,,,,,,
EXCLUDE_Talk/0,"vraesier,head,-3,-525.4,0,0,4,1,1,0","vraesier,neck,-10,-482.4,2,0,7,1,1,0","vraesier,body_city,-12.8,-358.4,-0.5,0,6,1,1,0","vraesier,arm_up,-85,-398.4,-16.4,0,4,1,1,0","vraesier,arm_low,-75.8,-306.4,28.2,0,3,1,1,0","vraesier,fist,-46.8,-266,24.8,0,3,1,1,0","vraesier,arm_up,38,-407.6,15,0,18,1,1,0","vraesier,arm_low,89.2,-340.4,61.3,0,8,1,1,0","vraesier,fist,124.4,-303.6,34.7,1,3,1,1,0","vraesier,leg_up,-47,-216.4,-6.2,0,8,1,1,0","vraesier,leg_low,-65,-120.4,-6,0,10,1,1,0","vraesier,foot,-50.8,-27.4,-1.1,0,13,1,1,0","vraesier,leg_up,24,-226.4,21.7,0,12,1,1,0","vraesier,leg_low,36,-119.4,-3,0,13,1,1,0","vraesier,foot,52.2,-30.4,0,0,15,1,1,0","vraesier,greatsword_base,-22.4,-348.4,15.1,0,14,1,1,0","vraesier,sword_base,-11.6,-258.4,-75,0,18,1,1,0","vraesier,handkerchief,-51.6,-275.6,-3,0,5,1,1,0",,,,,,,,,,,,,,,,,,,,,,,,,,,,,,,,,,,,,,,,,,,,,,,,,,,,,,,,,,,,,,,,,,,,,,,,,,,,,,,,,,,,,,,,,,,,,,,,,,,,play_time_mod_0.7,
EXCLUDE_Talk/1,"vraesier,head,1,-523.4,-1,0,4,1,1,0","vraesier,neck,-6,-476.4,2,0,7,1,1,0","vraesier,body_city,-12.8,-354.4,-1.5,0,6,1,1,0","vraesier,arm_up,-73,-398.4,2.6,0,4,1,1,0","vraesier,arm_low,-35.8,-310.4,40.2,0,3,1,1,0","vraesier,open,5.2,-272,36.8,0,3,1,1,0","vraesier,arm_up,38,-397.6,15,0,18,1,1,0","vraesier,arm_low,89.2,-330.4,61.3,0,8,1,1,0","vraesier,fist,124.4,-293.6,34.7,1,3,1,1,0","vraesier,leg_up,-47,-216.4,-6.2,0,8,1,1,0","vraesier,leg_low,-65,-120.4,-6,0,10,1,1,0","vraesier,foot,-50.8,-27.4,-1.1,0,13,1,1,0","vraesier,leg_up,24,-222.4,21.7,0,12,1,1,0","vraesier,leg_low,36,-119.4,-3,0,13,1,1,0","vraesier,foot,52.2,-30.4,0,0,15,1,1,0","vraesier,greatsword_base,-22.4,-342.4,15.1,0,14,1,1,0","vraesier,sword_base,-11.6,-254.4,-78,0,18,1,1,0","vraesier,handkerchief,-51.6,-271.6,-1.5,0,5,1,1,0",,,,,,,,,,,,,,,,,,,,,,,,,,,,,,,,,,,,,,,,,,,,,,,,,,,,,,,,,,,,,,,,,,,,,,,,,,,,,,,,,,,,,,,,,,,,,,,,,,,,play_time_mod_0.7,
EXCLUDE_Talk/2,"vraesier,head,3,-515.4,-3.5,0,4,1,1,0","vraesier,neck,-4,-468.4,2,0,7,1,1,0","vraesier,body_city,-12.8,-350.4,-2.5,0,6,1,1,0","vraesier,arm_up,-43,-398.4,27.6,0,4,1,1,0","vraesier,arm_low,18.2,-328.4,55,0,3,1,1,0","vraesier,twopoint,73.2,-302.4,46.8,0,3,1,1,0","vraesier,arm_up,42,-389.6,15,0,18,1,1,0","vraesier,arm_low,93.2,-322.4,61.3,0,8,1,1,0","vraesier,fist,128.4,-285.6,34.7,1,3,1,1,0","vraesier,leg_up,-47,-216.4,-6.2,0,8,1,1,0","vraesier,leg_low,-65,-120.4,-6,0,10,1,1,0","vraesier,foot,-50.8,-27.4,-1.1,0,13,1,1,0","vraesier,leg_up,26,-218.4,21.7,0,12,1,1,0","vraesier,leg_low,40,-119.4,-6,0,13,1,1,0","vraesier,foot,52.2,-30.4,0,0,15,1,1,0","vraesier,greatsword_base,-22.4,-336.4,14.6,0,14,1,1,0","vraesier,sword_base,-11.6,-252.4,-78,0,18,1,1,0","vraesier,handkerchief,-51.6,-265.6,1.5,0,5,1,1,0",,,,,,,,,,,,,,,,,,,,,,,,,,,,,,,,,,,,,,,,,,,,,,,,,,,,,,,,,,,,,,,,,,,,,,,,,,,,,,,,,,,,,,,,,,,,,,,,,,,,play_time_mod_0.7,
EXCLUDE_Talk/3,"vraesier,head,7,-509.4,-6,0,4,1,1,0","vraesier,neck,-2,-464.4,0,0,7,1,1,0","vraesier,body_city,-12.8,-344.4,-4,0,6,1,1,0","vraesier,arm_up,-39,-398.4,36.6,0,4,1,1,0","vraesier,arm_low,38.2,-352.4,81,0,3,1,1,0","vraesier,twopoint,101.2,-358.4,86.8,0,3,1,1,0","vraesier,arm_up,46,-383.6,14,0,18,1,1,0","vraesier,arm_low,97.2,-316.4,60.3,0,8,1,1,0","vraesier,fist,132.4,-279.6,33.7,1,3,1,1,0","vraesier,leg_up,-47,-216.4,-6.2,0,8,1,1,0","vraesier,leg_low,-65,-120.4,-6,0,10,1,1,0","vraesier,foot,-50.8,-27.4,-1.1,0,13,1,1,0","vraesier,leg_up,28,-216.4,21.2,0,12,1,1,0","vraesier,leg_low,40,-119.4,-9,0,13,1,1,0","vraesier,foot,52.2,-30.4,3,0,15,1,1,0","vraesier,greatsword_base,-22.4,-332.4,13.1,0,14,1,1,0","vraesier,sword_base,-11.6,-248.4,-80,0,18,1,1,0","vraesier,handkerchief,-51.6,-261.6,4.5,0,5,1,1,0",,,,,,,,,,,,,,,,,,,,,,,,,,,,,,,,,,,,,,,,,,,,,,,,,,,,,,,,,,,,,,,,,,,,,,,,,,,,,,,,,,,,,,,,,,,,,,,,,,,,play_time_mod_0.7,
EXCLUDE_Talk/4,"vraesier,head,7,-513.4,-2,0,4,1,1,0","vraesier,neck,-2,-464.4,0,0,7,1,1,0","vraesier,body_city,-12.8,-344.4,-2,0,6,1,1,0","vraesier,arm_up,-39,-398.4,36.6,0,4,1,1,0","vraesier,arm_low,38.2,-356.4,87,0,3,1,1,0","vraesier,twopoint,101.2,-366.4,86.8,0,3,1,1,0","vraesier,arm_up,46,-383.6,14,0,18,1,1,0","vraesier,arm_low,97.2,-312.4,57.3,0,8,1,1,0","vraesier,fist,132.4,-273.6,33.7,1,3,1,1,0","vraesier,leg_up,-47,-216.4,-6.2,0,8,1,1,0","vraesier,leg_low,-65,-120.4,-6,0,10,1,1,0","vraesier,foot,-50.8,-27.4,-1.1,0,13,1,1,0","vraesier,leg_up,28,-216.4,24.2,0,12,1,1,0","vraesier,leg_low,40,-119.4,-12,0,13,1,1,0","vraesier,foot,52.2,-30.4,3,0,15,1,1,0","vraesier,greatsword_base,-22.4,-332.4,15.1,0,14,1,1,0","vraesier,sword_base,-11.6,-248.4,-83,0,18,1,1,0","vraesier,handkerchief,-51.6,-261.6,4.5,0,5,1,1,0",,,,,,,,,,,,,,,,,,,,,,,,,,,,,,,,,,,,,,,,,,,,,,,,,,,,,,,,,,,,,,,,,,,,,,,,,,,,,,,,,,,,,,,,,,,,,,,,,,,"hold,play_time_mod_1.5",play_time_mod_0.7,
EXCLUDE_Think/0,"vraesier,head,-1,-525.4,-3,0,4,1,1,0","vraesier,neck,-10,-482.4,2,0,7,1,1,0","vraesier,body_city,-12.8,-358.4,-0.5,0,6,1,1,0","vraesier,arm_up,-85,-398.4,-16.4,0,4,1,1,0","vraesier,arm_low,-99.8,-302.4,3.2,0,3,1,1,0","vraesier,fist,-90.8,-254,-2.2,0,3,1,1,0","vraesier,arm_up,38,-407.6,15,0,18,1,1,0","vraesier,arm_low,89.2,-350.4,73.3,0,8,1,1,0","vraesier,fist_back,136.4,-335.6,57.7,0,3,1,1,0","vraesier,leg_up,-47,-216.4,-6.2,0,8,1,1,0","vraesier,leg_low,-65,-120.4,-6,0,10,1,1,0","vraesier,foot,-50.8,-27.4,-1.1,0,13,1,1,0","vraesier,leg_up,24,-222.4,21.7,0,12,1,1,0","vraesier,leg_low,36,-119.4,-3,0,13,1,1,0","vraesier,foot,52.2,-30.4,0,0,15,1,1,0","vraesier,greatsword_base,-22.4,-348.4,15.1,0,14,1,1,0","vraesier,sword_base,-11.6,-258.4,-75,0,18,1,1,0","vraesier,handkerchief,-51.6,-275.6,-3,0,5,1,1,0",,,,,,,,,,,,,,,,,,,,,,,,,,,,,,,,,,,,,,,,,,,,,,,,,,,,,,,,,,,,,,,,,,,,,,,,,,,,,,,,,,,,,,,,,,,,,,,,,,,,,
EXCLUDE_Think/1,"vraesier,head,3,-525.4,-8,0,4,1,1,0","vraesier,neck,-6,-482.4,0,0,7,1,1,0","vraesier,body_city,-12.8,-358.4,-2.5,0,6,1,1,0","vraesier,arm_up,-85,-402.4,-19.4,0,4,1,1,0","vraesier,arm_low,-103.8,-302.4,1.2,0,3,1,1,0","vraesier,fist,-94.8,-254,-4.2,0,3,1,1,0","vraesier,arm_up,44,-403.6,12,0,18,1,1,0","vraesier,arm_low,105.2,-362.4,91.3,0,8,1,1,0","vraesier,open,160.4,-373.6,82.7,0,3,1,1,0","vraesier,leg_up,-47,-216.4,-6.2,0,8,1,1,0","vraesier,leg_low,-65,-120.4,-6,0,10,1,1,0","vraesier,foot,-50.8,-27.4,-1.1,0,13,1,1,0","vraesier,leg_up,24,-222.4,23.7,0,12,1,1,0","vraesier,leg_low,36,-119.4,-3,0,13,1,1,0","vraesier,foot,52.2,-30.4,0,0,15,1,1,0","vraesier,greatsword_base,-22.4,-348.4,14.1,0,14,1,1,0","vraesier,sword_base,-11.6,-258.4,-74,0,18,1,1,0","vraesier,handkerchief,-51.6,-275.6,-6,0,5,1,1,0",,,,,,,,,,,,,,,,,,,,,,,,,,,,,,,,,,,,,,,,,,,,,,,,,,,,,,,,,,,,,,,,,,,,,,,,,,,,,,,,,,,,,,,,,,,,,,,,,,,,,
EXCLUDE_Think/2,"vraesier,head,3,-525.4,-10,0,4,1,1,0","vraesier,neck,-6,-482.4,0,0,7,1,1,0","vraesier,body_city,-12.8,-358.4,-2.5,0,6,1,1,0","vraesier,arm_up,-85,-402.4,-19.4,0,4,1,1,0","vraesier,arm_low,-103.8,-302.4,1.2,0,3,1,1,0","vraesier,fist,-94.8,-254,-4.2,0,3,1,1,0","vraesier,arm_up,44,-401.6,11,0,18,1,1,0","vraesier,arm_low,105.2,-378.4,105.3,0,8,1,1,0","vraesier,open,160.4,-405.6,102.7,0,3,1,1,0","vraesier,leg_up,-47,-216.4,-6.2,0,8,1,1,0","vraesier,leg_low,-65,-120.4,-6,0,10,1,1,0","vraesier,foot,-50.8,-27.4,-1.1,0,13,1,1,0","vraesier,leg_up,24,-222.4,23.7,0,12,1,1,0","vraesier,leg_low,36,-119.4,-3,0,13,1,1,0","vraesier,foot,52.2,-30.4,0,0,15,1,1,0","vraesier,greatsword_base,-22.4,-348.4,14.1,0,14,1,1,0","vraesier,sword_base,-11.6,-258.4,-74,0,18,1,1,0","vraesier,handkerchief,-51.6,-275.6,-6,0,5,1,1,0",,,,,,,,,,,,,,,,,,,,,,,,,,,,,,,,,,,,,,,,,,,,,,,,,,,,,,,,,,,,,,,,,,,,,,,,,,,,,,,,,,,,,,,,,,,,,,,,,,,,,
EXCLUDE_Think/3,"vraesier,head,3,-525.4,-10,0,4,1,1,0","vraesier,neck,-6,-482.4,0,0,7,1,1,0","vraesier,body_city,-12.8,-358.4,-2.5,0,6,1,1,0","vraesier,arm_up,-85,-402.4,-21.4,0,4,1,1,0","vraesier,arm_low,-107.8,-302.4,-1.8,0,3,1,1,0","vraesier,fist,-104.8,-258,-12.2,0,3,1,1,0","vraesier,arm_up,48,-403.6,19,0,18,1,1,0","vraesier,arm_low,109.2,-400.4,130.3,0,8,1,1,0","vraesier,open,146.4,-441.6,125.7,0,3,1,1,0","vraesier,leg_up,-47,-216.4,-6.2,0,8,1,1,0","vraesier,leg_low,-65,-120.4,-6,0,10,1,1,0","vraesier,foot,-50.8,-27.4,-1.1,0,13,1,1,0","vraesier,leg_up,24,-222.4,23.7,0,12,1,1,0","vraesier,leg_low,36,-119.4,-3,0,13,1,1,0","vraesier,foot,52.2,-30.4,0,0,15,1,1,0","vraesier,greatsword_base,-22.4,-348.4,14.1,0,14,1,1,0","vraesier,sword_base,-11.6,-258.4,-74,0,18,1,1,0","vraesier,handkerchief,-51.6,-275.6,-6,0,5,1,1,0",,,,,,,,,,,,,,,,,,,,,,,,,,,,,,,,,,,,,,,,,,,,,,,,,,,,,,,,,,,,,,,,,,,,,,,,,,,,,,,,,,,,,,,,,,,,,,,,,,,,,
EXCLUDE_Think/4,"vraesier,head,3,-525.4,-11,0,4,1,1,0","vraesier,neck,-6,-482.4,0,0,7,1,1,0","vraesier,body_city,-12.8,-358.4,-2.5,0,6,1,1,0","vraesier,arm_up,-85,-402.4,-23.4,0,4,1,1,0","vraesier,arm_low,-105.8,-302.4,2.2,0,3,1,1,0","vraesier,fist,-100.8,-258,-9.2,0,3,1,1,0","vraesier,arm_up,48,-403.6,19,0,18,1,1,0","vraesier,arm_low,107.2,-400.4,134.3,0,8,1,1,0","vraesier,fist,138.4,-435.6,132.7,0,3,1,1,0","vraesier,leg_up,-47,-216.4,-6.2,0,8,1,1,0","vraesier,leg_low,-65,-120.4,-6,0,10,1,1,0","vraesier,foot,-50.8,-27.4,-1.1,0,13,1,1,0","vraesier,leg_up,24,-222.4,23.7,0,12,1,1,0","vraesier,leg_low,36,-119.4,-3,0,13,1,1,0","vraesier,foot,52.2,-30.4,0,0,15,1,1,0","vraesier,greatsword_base,-22.4,-348.4,14.1,0,14,1,1,0","vraesier,sword_base,-11.6,-258.4,-74,0,18,1,1,0","vraesier,handkerchief,-51.6,-275.6,-3,0,5,1,1,0",,,,,,,,,,,,,,,,,,,,,,,,,,,,,,,,,,,,,,,,,,,,,,,,,,,,,,,,,,,,,,,,,,,,,,,,,,,,,,,,,,,,,,,,,,,,,,,,,,,play_time_mod_2.5,,
EXCLUDE_Think/5,"vraesier,head,9,-525.4,-12,0,4,1,1,0","vraesier,neck,-2,-482.4,0,0,7,1,1,0","vraesier,body_city,-12.8,-358.4,-4.5,0,6,1,1,0","vraesier,arm_up,-85,-402.4,-25.4,0,4,1,1,0","vraesier,arm_low,-105.8,-302.4,4.2,0,3,1,1,0","vraesier,fist,-96.8,-258,-6.2,0,3,1,1,0","vraesier,arm_up,48,-403.6,19,0,18,1,1,0","vraesier,arm_low,107.2,-396.4,128.3,0,8,1,1,0","vraesier,fist,142.4,-427.6,121.7,0,3,1,1,0","vraesier,leg_up,-47,-216.4,-6.2,0,8,1,1,0","vraesier,leg_low,-65,-120.4,-6,0,10,1,1,0","vraesier,foot,-50.8,-27.4,-1.1,0,13,1,1,0","vraesier,leg_up,24,-222.4,23.7,0,12,1,1,0","vraesier,leg_low,36,-119.4,-3,0,13,1,1,0","vraesier,foot,52.2,-30.4,0,0,15,1,1,0","vraesier,greatsword_base,-22.4,-348.4,13.1,0,14,1,1,0","vraesier,sword_base,-11.6,-258.4,-75,0,18,1,1,0","vraesier,handkerchief,-49.6,-275.6,-1,0,5,1,1,0",,,,,,,,,,,,,,,,,,,,,,,,,,,,,,,,,,,,,,,,,,,,,,,,,,,,,,,,,,,,,,,,,,,,,,,,,,,,,,,,,,,,,,,,,,,,,,,,,,,,,
EXCLUDE_Think/6,"vraesier,head,3,-525.4,-9,0,4,1,1,0","vraesier,neck,-6,-482.4,0,0,7,1,1,0","vraesier,body_city,-12.8,-358.4,-2.5,0,6,1,1,0","vraesier,arm_up,-85,-402.4,-23.4,0,4,1,1,0","vraesier,arm_low,-105.8,-302.4,2.2,0,3,1,1,0","vraesier,fist,-100.8,-258,-9.2,0,3,1,1,0","vraesier,arm_up,60,-403.6,30,0,18,1,1,0","vraesier,arm_low,121.2,-408.4,139.3,0,8,1,1,0","vraesier,open_back,156.4,-455.6,134.7,1,3,1,1,0","vraesier,leg_up,-47,-216.4,-6.2,0,8,1,1,0","vraesier,leg_low,-65,-120.4,-6,0,10,1,1,0","vraesier,foot,-50.8,-27.4,-1.1,0,13,1,1,0","vraesier,leg_up,24,-222.4,23.7,0,12,1,1,0","vraesier,leg_low,36,-119.4,-3,0,13,1,1,0","vraesier,foot,52.2,-30.4,0,0,15,1,1,0","vraesier,greatsword_base,-22.4,-348.4,14.1,0,14,1,1,0","vraesier,sword_base,-11.6,-258.4,-74,0,18,1,1,0","vraesier,handkerchief,-49.6,-275.6,-1,0,5,1,1,0",,,,,,,,,,,,,,,,,,,,,,,,,,,,,,,,,,,,,,,,,,,,,,,,,,,,,,,,,,,,,,,,,,,,,,,,,,,,,,,,,,,,,,,,,,,,,,,,,,,,,
EXCLUDE_Think/7,"vraesier,head,3,-525.4,-9,0,4,1,1,0","vraesier,neck,-6,-482.4,0,0,7,1,1,0","vraesier,body_city,-12.8,-358.4,-2.5,0,6,1,1,0","vraesier,arm_up,-85,-402.4,-23.4,0,4,1,1,0","vraesier,arm_low,-109.8,-302.4,0.2,0,3,1,1,0","vraesier,fist,-106.8,-258,-11.2,0,3,1,1,0","vraesier,arm_up,60,-409.6,35,0,18,1,1,0","vraesier,arm_low,131.2,-420.4,134.3,0,8,1,1,0","vraesier,open_back,166.4,-471.6,134.7,1,3,1,1,0","vraesier,leg_up,-47,-216.4,-6.2,0,8,1,1,0","vraesier,leg_low,-65,-120.4,-6,0,10,1,1,0","vraesier,foot,-50.8,-27.4,-1.1,0,13,1,1,0","vraesier,leg_up,24,-222.4,23.7,0,12,1,1,0","vraesier,leg_low,36,-119.4,-3,0,13,1,1,0","vraesier,foot,52.2,-30.4,0,0,15,1,1,0","vraesier,greatsword_base,-22.4,-348.4,14.1,0,14,1,1,0","vraesier,sword_base,-11.6,-258.4,-74,0,18,1,1,0","vraesier,handkerchief,-49.6,-275.6,-1,0,5,1,1,0",,,,,,,,,,,,,,,,,,,,,,,,,,,,,,,,,,,,,,,,,,,,,,,,,,,,,,,,,,,,,,,,,,,,,,,,,,,,,,,,,,,,,,,,,,,,,,,,,,,play_time_mod_1.5,,
EXCLUDE_Think/8,"vraesier,head,5,-525.4,-6,0,4,1,1,0","vraesier,neck,-6,-482.4,0,0,7,1,1,0","vraesier,body_city,-12.8,-358.4,-2.5,0,6,1,1,0","vraesier,arm_up,-85,-402.4,-23.4,0,4,1,1,0","vraesier,arm_low,-113.8,-302.4,-2.8,0,3,1,1,0","vraesier,fist,-108.8,-258,-14.2,0,3,1,1,0","vraesier,arm_up,62,-415.6,42,0,18,1,1,0","vraesier,arm_low,135.2,-430.4,136.3,0,8,1,1,0","vraesier,open_back,164.4,-477.6,142.7,1,3,1,1,0","vraesier,leg_up,-47,-216.4,-6.2,0,8,1,1,0","vraesier,leg_low,-65,-120.4,-6,0,10,1,1,0","vraesier,foot,-50.8,-27.4,-1.1,0,13,1,1,0","vraesier,leg_up,24,-222.4,23.7,0,12,1,1,0","vraesier,leg_low,36,-119.4,-3,0,13,1,1,0","vraesier,foot,52.2,-30.4,0,0,15,1,1,0","vraesier,greatsword_base,-22.4,-348.4,14.1,0,14,1,1,0","vraesier,sword_base,-11.6,-258.4,-74,0,18,1,1,0","vraesier,handkerchief,-49.6,-275.6,-1,0,5,1,1,0",,,,,,,,,,,,,,,,,,,,,,,,,,,,,,,,,,,,,,,,,,,,,,,,,,,,,,,,,,,,,,,,,,,,,,,,,,,,,,,,,,,,,,,,,,,,,,,,,,,play_time_mod_2,,
EXCLUDE_Think/9,"vraesier,head,5,-525.4,-10,0,4,1,1,0","vraesier,neck,-6,-482.4,0,0,7,1,1,0","vraesier,body_city,-12.8,-358.4,-2.5,0,6,1,1,0","vraesier,arm_up,-85,-402.4,-23.4,0,4,1,1,0","vraesier,arm_low,-113.8,-302.4,-2.8,0,3,1,1,0","vraesier,fist,-108.8,-258,-14.2,0,3,1,1,0","vraesier,arm_up,56,-409.6,31,0,18,1,1,0","vraesier,arm_low,131.2,-412.4,125.3,0,8,1,1,0","vraesier,open_back,174.4,-451.6,121.7,1,3,1,1,0","vraesier,leg_up,-47,-216.4,-6.2,0,8,1,1,0","vraesier,leg_low,-65,-120.4,-6,0,10,1,1,0","vraesier,foot,-50.8,-27.4,-1.1,0,13,1,1,0","vraesier,leg_up,24,-222.4,23.7,0,12,1,1,0","vraesier,leg_low,36,-119.4,-3,0,13,1,1,0","vraesier,foot,52.2,-30.4,0,0,15,1,1,0","vraesier,greatsword_base,-22.4,-348.4,14.1,0,14,1,1,0","vraesier,sword_base,-11.6,-258.4,-74,0,18,1,1,0","vraesier,handkerchief,-49.6,-275.6,-1,0,5,1,1,0",,,,,,,,,,,,,,,,,,,,,,,,,,,,,,,,,,,,,,,,,,,,,,,,,,,,,,,,,,,,,,,,,,,,,,,,,,,,,,,,,,,,,,,,,,,,,,,,,,,play_time_mod_1.2,,
EXCLUDE_Think/10,"vraesier,head,3,-525.4,-9,0,4,1,1,0","vraesier,neck,-6,-482.4,0,0,7,1,1,0","vraesier,body_city,-12.8,-358.4,-2.5,0,6,1,1,0","vraesier,arm_up,-85,-402.4,-23.4,0,4,1,1,0","vraesier,arm_low,-105.8,-302.4,2.2,0,3,1,1,0","vraesier,fist,-102.8,-258,-11.2,0,3,1,1,0","vraesier,arm_up,54,-403.6,24,0,18,1,1,0","vraesier,arm_low,117.2,-386.4,125.3,0,8,1,1,0","vraesier,open_back,166.4,-421.6,112.7,1,3,1,1,0","vraesier,leg_up,-47,-216.4,-6.2,0,8,1,1,0","vraesier,leg_low,-65,-120.4,-6,0,10,1,1,0","vraesier,foot,-50.8,-27.4,-1.1,0,13,1,1,0","vraesier,leg_up,24,-222.4,23.7,0,12,1,1,0","vraesier,leg_low,36,-119.4,-3,0,13,1,1,0","vraesier,foot,52.2,-30.4,0,0,15,1,1,0","vraesier,greatsword_base,-22.4,-348.4,14.1,0,14,1,1,0","vraesier,sword_base,-11.6,-258.4,-74,0,18,1,1,0","vraesier,handkerchief,-49.6,-275.6,-1,0,5,1,1,0",,,,,,,,,,,,,,,,,,,,,,,,,,,,,,,,,,,,,,,,,,,,,,,,,,,,,,,,,,,,,,,,,,,,,,,,,,,,,,,,,,,,,,,,,,,,,,,,,,,play_time_mod_1.3,,
EXCLUDE_Think/11,"vraesier,head,3,-525.4,-6,0,4,1,1,0","vraesier,neck,-6,-482.4,0,0,7,1,1,0","vraesier,body_city,-12.8,-358.4,-2.5,0,6,1,1,0","vraesier,arm_up,-85,-402.4,-23.4,0,4,1,1,0","vraesier,arm_low,-105.8,-302.4,2.2,0,3,1,1,0","vraesier,fist,-100.8,-258,-9.2,0,3,1,1,0","vraesier,arm_up,48,-403.6,19,0,18,1,1,0","vraesier,arm_low,111.2,-382.4,110.3,0,8,1,1,0","vraesier,open_back,164.4,-407.6,97.7,1,3,1,1,0","vraesier,leg_up,-47,-216.4,-6.2,0,8,1,1,0","vraesier,leg_low,-65,-120.4,-6,0,10,1,1,0","vraesier,foot,-50.8,-27.4,-1.1,0,13,1,1,0","vraesier,leg_up,24,-222.4,23.7,0,12,1,1,0","vraesier,leg_low,36,-119.4,-3,0,13,1,1,0","vraesier,foot,52.2,-30.4,0,0,15,1,1,0","vraesier,greatsword_base,-22.4,-348.4,14.1,0,14,1,1,0","vraesier,sword_base,-11.6,-258.4,-74,0,18,1,1,0","vraesier,handkerchief,-51.6,-275.6,-3,0,5,1,1,0",,,,,,,,,,,,,,,,,,,,,,,,,,,,,,,,,,,,,,,,,,,,,,,,,,,,,,,,,,,,,,,,,,,,,,,,,,,,,,,,,,,,,,,,,,,,,,,,,,,play_time_mod_1.5,,
EXCLUDE_Think/12,"vraesier,head,3,-525.4,-6,0,4,1,1,0","vraesier,neck,-6,-482.4,0,0,7,1,1,0","vraesier,body_city,-12.8,-358.4,-2.5,0,6,1,1,0","vraesier,arm_up,-85,-402.4,-19.4,0,4,1,1,0","vraesier,arm_low,-103.8,-302.4,1.2,0,3,1,1,0","vraesier,fist,-94.8,-254,-4.2,0,3,1,1,0","vraesier,arm_up,44,-401.6,11,0,18,1,1,0","vraesier,arm_low,105.2,-372.4,96.3,0,8,1,1,0","vraesier,open_back,166.4,-383.6,89.7,1,3,1,1,0","vraesier,leg_up,-47,-216.4,-6.2,0,8,1,1,0","vraesier,leg_low,-65,-120.4,-6,0,10,1,1,0","vraesier,foot,-50.8,-27.4,-1.1,0,13,1,1,0","vraesier,leg_up,24,-222.4,23.7,0,12,1,1,0","vraesier,leg_low,36,-119.4,-3,0,13,1,1,0","vraesier,foot,52.2,-30.4,0,0,15,1,1,0","vraesier,greatsword_base,-22.4,-348.4,14.1,0,14,1,1,0","vraesier,sword_base,-11.6,-258.4,-74,0,18,1,1,0","vraesier,handkerchief,-51.6,-275.6,-6,0,5,1,1,0",,,,,,,,,,,,,,,,,,,,,,,,,,,,,,,,,,,,,,,,,,,,,,,,,,,,,,,,,,,,,,,,,,,,,,,,,,,,,,,,,,,,,,,,,,,,,,,,,,,,,
EXCLUDE_Think/13,"vraesier,head,3,-525.4,-5,0,4,1,1,0","vraesier,neck,-6,-482.4,0,0,7,1,1,0","vraesier,body_city,-12.8,-358.4,-2.5,0,6,1,1,0","vraesier,arm_up,-85,-402.4,-19.4,0,4,1,1,0","vraesier,arm_low,-103.8,-302.4,1.2,0,3,1,1,0","vraesier,fist,-94.8,-254,-4.2,0,3,1,1,0","vraesier,arm_up,44,-403.6,12,0,18,1,1,0","vraesier,arm_low,105.2,-358.4,83.3,0,8,1,1,0","vraesier,open_back,164.4,-361.6,79.7,1,3,1,1,0","vraesier,leg_up,-47,-216.4,-6.2,0,8,1,1,0","vraesier,leg_low,-65,-120.4,-6,0,10,1,1,0","vraesier,foot,-50.8,-27.4,-1.1,0,13,1,1,0","vraesier,leg_up,24,-222.4,23.7,0,12,1,1,0","vraesier,leg_low,36,-119.4,-3,0,13,1,1,0","vraesier,foot,52.2,-30.4,0,0,15,1,1,0","vraesier,greatsword_base,-22.4,-348.4,14.1,0,14,1,1,0","vraesier,sword_base,-11.6,-258.4,-74,0,18,1,1,0","vraesier,handkerchief,-51.6,-275.6,-6,0,5,1,1,0",,,,,,,,,,,,,,,,,,,,,,,,,,,,,,,,,,,,,,,,,,,,,,,,,,,,,,,,,,,,,,,,,,,,,,,,,,,,,,,,,,,,,,,,,,,,,,,,,,,,,
EXCLUDE_Think/14,"vraesier,head,-1,-525.4,-3,0,4,1,1,0","vraesier,neck,-10,-482.4,2,0,7,1,1,0","vraesier,body_city,-12.8,-358.4,-0.5,0,6,1,1,0","vraesier,arm_up,-85,-398.4,-16.4,0,4,1,1,0","vraesier,arm_low,-99.8,-302.4,3.2,0,3,1,1,0","vraesier,fist,-90.8,-254,-2.2,0,3,1,1,0","vraesier,arm_up,38,-407.6,15,0,18,1,1,0","vraesier,arm_low,89.2,-350.4,73.3,0,8,1,1,0","vraesier,fist_back,136.4,-335.6,57.7,0,3,1,1,0","vraesier,leg_up,-47,-216.4,-6.2,0,8,1,1,0","vraesier,leg_low,-65,-120.4,-6,0,10,1,1,0","vraesier,foot,-50.8,-27.4,-1.1,0,13,1,1,0","vraesier,leg_up,24,-222.4,21.7,0,12,1,1,0","vraesier,leg_low,36,-119.4,-3,0,13,1,1,0","vraesier,foot,52.2,-30.4,0,0,15,1,1,0","vraesier,greatsword_base,-22.4,-348.4,15.1,0,14,1,1,0","vraesier,sword_base,-11.6,-258.4,-75,0,18,1,1,0","vraesier,handkerchief,-51.6,-275.6,-3,0,5,1,1,0",,,,,,,,,,,,,,,,,,,,,,,,,,,,,,,,,,,,,,,,,,,,,,,,,,,,,,,,,,,,,,,,,,,,,,,,,,,,,,,,,,,,,,,,,,,,,,,,,,,,,
EXCLUDE_Walk/0,"vraesier,head,5,-515.4,-6,0,4,1,1,0","vraesier,neck,-8,-480.4,-4,0,7,1,1,0","vraesier,body_city,-16.8,-352.4,-4.5,0,6,1,1,0","vraesier,arm_up,-81,-396.4,-5.9,0,4,1,1,0","vraesier,arm_low,-73.8,-306.4,15.7,0,3,1,1,0","vraesier,fist,-56.8,-262,10.8,0,3,1,1,0","vraesier,arm_up,36,-391.6,2,0,18,1,1,0","vraesier,arm_low,91.2,-328.4,51.3,0,8,1,1,0","vraesier,fist,122.4,-287.6,40.7,1,3,1,1,0","vraesier,leg_up,-56,-223,-7.2,0,8,1,1,0","vraesier,leg_low,-88,-128,-28.5,0,10,1,1,0","vraesier,foot,-112.8,-53,-38.1,0,14,1,1,0","vraesier,leg_up,29,-217,20.2,0,12,1,1,0","vraesier,leg_low,52,-121,11,0,13,1,1,0","vraesier,foot,85.2,-29,6,0,16,1,1,0","vraesier,greatsword_base,-22.4,-342.4,15.1,0,14,1,1,0","vraesier,sword_base,-11.6,-258.4,-84,0,18,1,1,0","vraesier,handkerchief,-51.6,-267.6,-3,0,5,1,1,0",,,,,,,,,,,,,,,,,,,,,,,,,,,,,,,,,,,,,,,,,,,,,,,,,,,,,,,,,,,,,,,,,,,,,,,,,,,,,,,,,,,,,,,,,,,,,,,,,,,,,
EXCLUDE_Walk/1,"vraesier,head,7,-521.4,-4,0,4,1,1,0","vraesier,neck,-4,-474.4,2,0,7,1,1,0","vraesier,body_city,-12.8,-354.4,-2.5,0,6,1,1,0","vraesier,arm_up,-85,-400.4,-18.9,0,4,1,1,0","vraesier,arm_low,-95.8,-302.4,6.7,0,3,1,1,0","vraesier,fist,-86.8,-256,-0.2,0,3,1,1,0","vraesier,arm_up,40,-393.6,0,0,18,1,1,0","vraesier,arm_low,99.2,-336.4,52.3,0,8,1,1,0","vraesier,fist,130.4,-295.6,40.7,1,3,1,1,0","vraesier,leg_up,-42,-229,18.8,0,8,1,1,0","vraesier,leg_low,-40,-130,-20.5,0,10,1,1,0","vraesier,foot,-56.8,-41,-22.1,0,14,1,1,0","vraesier,leg_up,15,-227,22.2,0,12,1,1,0","vraesier,leg_low,30,-133,-5,0,13,1,1,0","vraesier,foot,49.2,-37,5,0,16,1,1,0","vraesier,greatsword_base,-22.4,-342.4,12.1,0,14,1,1,0","vraesier,sword_base,-11.6,-260.4,-80,0,18,1,1,0","vraesier,handkerchief,-49.6,-271.6,-4.5,0,5,1,1,0",,,,,,,,,,,,,,,,,,,,,,,,,,,,,,,,,,,,,,,,,,,,,,,,,,,,,,,,,,,,,,,,,,,,,,,,,,,,,,,,,,,,,,,,,,,,,,,,,,,,,
EXCLUDE_Walk/2,"vraesier,head,17,-523.4,-8.5,0,4,1,1,0","vraesier,neck,6,-476.4,2,0,7,1,1,0","vraesier,body_city,-6.8,-356.4,-4.5,0,6,1,1,0","vraesier,arm_up,-83,-400.4,-28.9,0,4,1,1,0","vraesier,arm_low,-115.8,-310.4,-7.3,0,3,1,1,0","vraesier,fist,-118.8,-258,-16.7,0,3,1,1,0","vraesier,arm_up,52,-389.6,8,0,18,1,1,0","vraesier,arm_low,99.2,-326.4,50.3,0,8,1,1,0","vraesier,fist,128.4,-287.6,34.7,1,3,1,1,0","vraesier,leg_up,-14,-235,24.3,0,8,1,1,0","vraesier,leg_low,0,-138,-14,0,10,1,1,0","vraesier,foot,-0.8,-47,-9.6,0,11,1,1,0","vraesier,leg_up,11,-239,11.7,0,12,1,1,0","vraesier,leg_low,8,-133,-10,0,13,1,1,0","vraesier,foot,17.2,-31,5,0,16,1,1,0","vraesier,greatsword_base,-14.4,-346.4,11.6,0,14,1,1,0","vraesier,sword_base,-11.6,-258.4,-84,0,18,1,1,0","vraesier,handkerchief,-45.6,-271.6,-3.5,0,5,1,1,0",,,,,,,,,,,,,,,,,,,,,,,,,,,,,,,,,,,,,,,,,,,,,,,,,,,,,,,,,,,,,,,,,,,,,,,,,,,,,,,,,,,,,,,,,,,,,,,,,,,,,
EXCLUDE_Walk/3,"vraesier,head,19,-513.4,-8,0,4,1,1,0","vraesier,neck,4,-476.4,-6,0,7,1,1,0","vraesier,body_city,-10.8,-348.4,-6,0,6,1,1,0","vraesier,arm_up,-91,-400.4,-35.9,0,4,1,1,0","vraesier,arm_low,-137.8,-304.4,-13.3,0,3,1,1,0","vraesier,fist,-144.8,-254,-15.7,0,3,1,1,0","vraesier,arm_up,54,-391.6,19,0,18,1,1,0","vraesier,arm_low,107.2,-320.4,41.3,0,8,1,1,0","vraesier,fist,132.4,-285.6,31.7,1,3,1,1,0","vraesier,leg_up,-8,-227,34.3,0,8,1,1,0","vraesier,leg_low,32,-132,14,0,10,1,1,0","vraesier,foot,63.2,-47,3.4,0,14,1,1,0","vraesier,leg_up,-5,-217,-12.3,0,12,1,1,0","vraesier,leg_low,-40,-117,-13,0,13,1,1,0","vraesier,foot,-32.8,-29,1,0,16,1,1,0","vraesier,greatsword_base,-14.4,-338.4,10.6,0,14,1,1,0","vraesier,sword_base,-19.6,-262.4,-88,0,18,1,1,0","vraesier,handkerchief,-43.6,-263.6,6.5,0,5,1,1,0",,,,,,,,,,,,,,,,,,,,,,,,,,,,,,,,,,,,,,,,,,,,,,,,,,,,,,,,,,,,,,,,,,,,,,,,,,,,,,,,,,,,,,,,,,,,,,,,,,,,,
EXCLUDE_Walk/4,"vraesier,head,21,-495.4,-9,0,4,1,1,0","vraesier,neck,6,-460.4,-15,0,7,1,1,0","vraesier,body_city,-12.8,-334.4,-9,0,6,1,1,0","vraesier,arm_up,-97,-394.4,-46.9,0,4,1,1,0","vraesier,arm_low,-163.8,-312.4,-31.3,0,3,1,1,0","vraesier,fist,-186.8,-272,-42.7,0,3,1,1,0","vraesier,arm_up,52,-373.6,15,0,18,1,1,0","vraesier,arm_low,109.2,-294.4,37.3,0,8,1,1,0","vraesier,fist,130.4,-253.6,33.7,1,3,1,1,0","vraesier,leg_up,-16,-215,32.3,0,8,1,1,0","vraesier,leg_low,26,-120,24,0,10,1,1,0","vraesier,foot,85.2,-45,29.9,0,14,1,1,0","vraesier,leg_up,-21,-197,-25.8,0,12,1,1,0","vraesier,leg_low,-74,-119,-32.5,0,13,1,1,0","vraesier,foot,-100.8,-37,-27.5,0,16,1,1,0","vraesier,greatsword_base,-16.4,-324.4,8.1,0,14,1,1,0","vraesier,sword_base,-23.6,-256.4,-94,0,18,1,1,0","vraesier,handkerchief,-41.6,-251.6,13.5,0,5,1,1,0",,,,,,,,,,,,,,,,,,,,,,,,,,,,,,,,,,,,,,,,,,,,,,,,,,,,,,,,,,,,,,,,,,,,,,,,,,,,,,,,,,,,,,,,,,,,,,,,,,,,,
EXCLUDE_Walk/5,"vraesier,head,13,-503.4,-6,0,4,1,1,0","vraesier,neck,0,-466.4,-15,0,7,1,1,0","vraesier,body_city,-10.8,-338.4,-6,0,6,1,1,0","vraesier,arm_up,-89,-388.4,-35.9,0,4,1,1,0","vraesier,arm_low,-139.8,-298.4,-19.3,0,3,1,1,0","vraesier,fist,-150.8,-248,-24.7,0,3,1,1,0","vraesier,arm_up,50,-381.6,10,0,18,1,1,0","vraesier,arm_low,101.2,-316.4,44.3,0,8,1,1,0","vraesier,fist,124.4,-275.6,34.7,1,3,1,1,0","vraesier,leg_up,-22,-223,16.3,0,8,1,1,0","vraesier,leg_low,-6,-124,11,0,10,1,1,0","vraesier,foot,31.2,-35,8.9,0,14,1,1,0","vraesier,leg_up,-7,-211,-13.8,0,12,1,1,0","vraesier,leg_low,-64,-129,-47.5,0,13,1,1,0","vraesier,foot,-106.8,-65,-51.5,0,16,1,1,0","vraesier,greatsword_base,-16.4,-328.4,14.1,0,14,1,1,0","vraesier,sword_base,-15.6,-260.4,-87,0,18,1,1,0","vraesier,handkerchief,-45.6,-251.6,1.5,0,5,1,1,0",,,,,,,,,,,,,,,,,,,,,,,,,,,,,,,,,,,,,,,,,,,,,,,,,,,,,,,,,,,,,,,,,,,,,,,,,,,,,,,,,,,,,,,,,,,,,,,,,,,,,
EXCLUDE_Walk/6,"vraesier,head,3,-517.4,-3.5,0,4,1,1,0","vraesier,neck,-4,-470.4,2,0,7,1,1,0","vraesier,body_city,-12.8,-350.4,-2.5,0,6,1,1,0","vraesier,arm_up,-91,-400.4,-31.9,0,4,1,1,0","vraesier,arm_low,-117.8,-304.4,1.7,0,3,1,1,0","vraesier,fist,-112.8,-254,-9.7,0,3,1,1,0","vraesier,arm_up,46,-395.6,16,0,18,1,1,0","vraesier,arm_low,97.2,-336.4,45.3,0,8,1,1,0","vraesier,fist,126.4,-291.6,34.7,1,3,1,1,0","vraesier,leg_up,-30,-223,5.8,0,8,1,1,0","vraesier,leg_low,-32,-124,-4,0,10,1,1,0","vraesier,foot,-24.8,-33,-0.1,0,14,1,1,0","vraesier,leg_up,7,-223,4.7,0,12,1,1,0","vraesier,leg_low,-16,-127,-35.5,0,13,1,1,0","vraesier,foot,-48.8,-55,-42,0,16,1,1,0","vraesier,greatsword_base,-22.4,-336.4,14.6,0,14,1,1,0","vraesier,sword_base,-13.6,-266.4,-81,0,18,1,1,0","vraesier,handkerchief,-47.6,-265.6,-0.5,0,5,1,1,0",,,,,,,,,,,,,,,,,,,,,,,,,,,,,,,,,,,,,,,,,,,,,,,,,,,,,,,,,,,,,,,,,,,,,,,,,,,,,,,,,,,,,,,,,,,,,,,,,,,,,
EXCLUDE_Walk/7,"vraesier,head,-3,-521.4,-3,0,4,1,1,0","vraesier,neck,-10,-474.4,2,0,7,1,1,0","vraesier,body_city,-14.8,-354.4,-1.5,0,6,1,1,0","vraesier,arm_up,-91,-400.4,-16.9,0,4,1,1,0","vraesier,arm_low,-99.8,-300.4,10.7,0,3,1,1,0","vraesier,fist,-84.8,-250,-1.7,0,3,1,1,0","vraesier,arm_up,36,-397.6,8,0,18,1,1,0","vraesier,arm_low,87.2,-332.4,46.3,0,8,1,1,0","vraesier,fist,116.4,-291.6,34.7,1,3,1,1,0","vraesier,leg_up,-44,-223,-1.2,0,8,1,1,0","vraesier,leg_low,-52,-124,0,0,10,1,1,0","vraesier,foot,-34.8,-33,-0.1,0,14,1,1,0","vraesier,leg_up,21,-233,26.7,0,12,1,1,0","vraesier,leg_low,18,-133,-37.5,0,13,1,1,0","vraesier,foot,-18.8,-59,-45,0,16,1,1,0","vraesier,greatsword_base,-26.4,-342.4,15.1,0,14,1,1,0","vraesier,sword_base,-15.6,-264.4,-82,0,18,1,1,0","vraesier,handkerchief,-53.6,-267.6,-6.5,0,5,1,1,0",,,,,,,,,,,,,,,,,,,,,,,,,,,,,,,,,,,,,,,,,,,,,,,,,,,,,,,,,,,,,,,,,,,,,,,,,,,,,,,,,,,,,,,,,,,,,,,,,,,,,
EXCLUDE_Walk/8,"vraesier,head,11,-521.4,-4,0,4,1,1,0","vraesier,neck,-2,-474.4,-10,0,7,1,1,0","vraesier,body_city,-10.8,-354.4,-4.5,0,6,1,1,0","vraesier,arm_up,-75,-400.4,-8.9,0,4,1,1,0","vraesier,arm_low,-67.8,-300.4,22.7,0,3,1,1,0","vraesier,fist,-48.8,-250,9.3,0,3,1,1,0","vraesier,arm_up,40,-397.6,8,0,18,1,1,0","vraesier,arm_low,91.2,-324.4,46.3,0,8,1,1,0","vraesier,fist,122.4,-279.6,38.7,1,3,1,1,0","vraesier,leg_up,-50,-221,-3.7,0,8,1,1,0","vraesier,leg_low,-66,-132,-6,0,10,1,1,0","vraesier,foot,-50.8,-37,-0.1,0,14,1,1,0","vraesier,leg_up,25,-239,34.2,0,12,1,1,0","vraesier,leg_low,64,-143,13.5,0,13,1,1,0","vraesier,foot,89.2,-55,-6,0,16,1,1,0","vraesier,greatsword_base,-22.4,-342.4,12.1,0,14,1,1,0","vraesier,sword_base,-11.6,-264.4,-86,0,18,1,1,0","vraesier,handkerchief,-53.6,-267.6,-13.5,0,5,1,1,0",,,,,,,,,,,,,,,,,,,,,,,,,,,,,,,,,,,,,,,,,,,,,,,,,,,,,,,,,,,,,,,,,,,,,,,,,,,,,,,,,,,,,,,,,,,,,,,,,,,,,
EXCLUDE_Walk/9,"vraesier,head,19,-513.4,-7,0,4,1,1,0","vraesier,neck,6,-478.4,-17,0,7,1,1,0","vraesier,body_city,-10.8,-346.4,-7.5,0,6,1,1,0","vraesier,arm_up,-57,-392.4,6.1,0,4,1,1,0","vraesier,arm_low,-19.8,-300.4,36.7,0,3,1,1,0","vraesier,fist,13.2,-266,35.3,0,3,1,1,0","vraesier,arm_up,44,-389.6,13,0,18,1,1,0","vraesier,arm_low,103.2,-308.4,45.3,0,8,1,1,0","vraesier,fist,130.4,-267.6,38.7,1,3,1,1,0","vraesier,leg_up,-56,-221,-10.7,0,8,1,1,0","vraesier,leg_low,-84,-126,-10,0,10,1,1,0","vraesier,foot,-74.8,-37,1.9,0,14,1,1,0","vraesier,leg_up,25,-215,26.2,0,12,1,1,0","vraesier,leg_low,56,-115,14.5,0,13,1,1,0","vraesier,foot,89.2,-33,10,0,16,1,1,0","vraesier,greatsword_base,-20.4,-334.4,10.1,0,14,1,1,0","vraesier,sword_base,-11.6,-258.4,-91,0,18,1,1,0","vraesier,handkerchief,-51.6,-271.6,-1.5,0,5,1,1,0",,,,,,,,,,,,,,,,,,,,,,,,,,,,,,,,,,,,,,,,,,,,,,,,,,,,,,,,,,,,,,,,,,,,,,,,,,,,,,,,,,,,,,,,,,,,,,,,,,,,,
Damaged/0,"vraesier,close,29,-518.4,-13,0,4,1,1,0","vraesier,neck,2,-481.4,-26.5,0,7,1,1,0","vraesier,body,-7.8,-358.4,-8,0,6,1,1,0","vraesier,arm_up,-85,-410.4,-21.4,0,3,1,1,0","vraesier,arm_low,-106.8,-314.4,5.7,0,5,1,1,0","vraesier,fist,-95,-242.5,-2.2,0,7,1,1,0","vraesier,arm_up,74,-390.6,23.8,0,18,1,1,0","vraesier,arm_low,49.2,-336.4,-77,0,4,1,1,0","vraesier,fist,-22.5,-320.5,-67,1,5,1,1,0","vraesier,leg_up,-65,-217.4,-12.7,0,8,1.1,1,0","vraesier,leg_low,-99,-121.4,-16,0,10,1,1,0","vraesier,foot,-98.8,-28.4,-3.1,0,13,1,1,0","vraesier,leg_up,31,-219.4,30.7,0,12,1,1,0","vraesier,leg_low,61,-121.4,3,0,13,1,1,0","vraesier,foot,84.2,-31.4,3.5,0,15,1,1,0","vraesier,greatsword_base,-17.4,-348.4,15.1,0,14,1,1,0","vraesier,sword_base,-36.5,-421,-172.7,0,6,1,1,0","vraesier,handkerchief,-53.6,-274.6,-14,0,6,1,1,0",,,,,,,,,,,,,,,,,,,,,,,,,,,,,,,,,,,,,,,,,,,,,,,,,,,,,,,,,,,,,,,,,,,,,,,,,,,,,,,,,,,,,,,,,,,,,,,,,,,,,
Damaged/1,"vraesier,close,57,-505.4,-24,0,4,1,1,0","vraesier,neck,24,-469.4,-38.5,0,7,1,1,0","vraesier,body,4.2,-351.4,-12,0,6,1,1,0","vraesier,arm_up,-69,-406.4,-30.4,0,1,1,1,0","vraesier,arm_low,-88.8,-319.4,15.7,0,3,1,1,0","vraesier,fist,-63,-253.5,14.8,0,5,1,1,0","vraesier,arm_up,92,-380.6,23.8,0,18,1,1,0","vraesier,arm_low,73.2,-327.4,-77,0,4,1,0.9,0","vraesier,fist,8.5,-316.5,-67,1,5,1,1,0","vraesier,leg_up,-57,-215,-14.7,0,8,1.1,1,0","vraesier,leg_low,-101,-120.4,-27,0,10,1,1,0","vraesier,foot,-119.8,-32.4,-19.1,0,13,1,1,0","vraesier,leg_up,36,-212.4,37.7,0,12,1,1,0","vraesier,leg_low,73,-117.4,2,0,13,1,1,0","vraesier,foot,89.2,-29.4,-4.5,0,15,1,1,0","vraesier,greatsword_base,-4.4,-343.4,5.1,0,14,1,1,0","vraesier,sword_base,-7.5,-415,-174.7,0,6,1,1,0","vraesier,handkerchief,-47.6,-270.6,-24,0,6,1,1,0",,,,,,,,,,,,,,,,,,,,,,,,,,,,,,,,,,,,,,,,,,,,,,,,,,,,,,,,,,,,,,,,,,,,,,,,,,,,,,,,,,,,,,,,,,,,,,,,,,,,,
Damaged/2,"vraesier,hurt,109,-460.4,-43,0,4,1,1,0","vraesier,neck,68,-442.4,-58.5,0,7,1,1,0","vraesier,body,24.2,-333.4,-22,0,6,1,1,0","vraesier,arm_up,-25,-396.4,-30.4,0,3,1,1,0","vraesier,arm_low,-35.8,-319.4,25.7,0,5,1,1,0","vraesier,fist,-3,-257.5,12.8,0,6,1,1,0","vraesier,arm_up,128,-354.6,23.8,0,18,1,1,0","vraesier,arm_low,109.2,-309.4,-81,0,4,1,0.9,0","vraesier,fist,44.5,-305.5,-77,1,5,1,1,0","vraesier,leg_up,-52,-213,-19.7,0,8,1.1,1,0","vraesier,leg_low,-106,-126.4,-37,0,10,1,1,0","vraesier,foot,-142.8,-40.4,-30.1,0,13,1,1,0","vraesier,leg_up,39,-208.4,36.7,0,12,1,1,0","vraesier,leg_low,75,-114.4,3,0,13,1,1,0","vraesier,foot,95.2,-27.4,1.5,0,15,1,1,0","vraesier,greatsword_base,6.6,-319.4,-4.9,0,14,1,1,0","vraesier,sword_base,30.5,-402,-174.7,0,6,1,1,0","vraesier,handkerchief,-35.6,-272.6,-24,0,6,1,1,0",,,,,,,,,,,,,,,,,,,,,,,,,,,,,,,,,,,,,,,,,,,,,,,,,,,,,,,,,,,,,,,,,,,,,,,,,,,,,,,,,,,,,,,,,,,,,,,,,,,hold,,
Damaged/3,"vraesier,close,84,-484.4,-21,0,4,1,1,0","vraesier,neck,56,-452.4,-18.5,0,7,1,1,0","vraesier,body,16.2,-335.4,-14,0,6,1,1,0","vraesier,arm_up,-29,-396.4,-16.4,0,3,1,1,0","vraesier,arm_low,-29.8,-304.4,25.7,0,5,1,1,0","vraesier,fist,13,-245.5,30.8,0,6,1,1,0","vraesier,arm_up,115,-365.6,31.8,0,18,1,1,0","vraesier,arm_low,99.2,-314.4,-77,0,4,1,0.9,0","vraesier,fist,35.5,-302.5,-75,1,5,1,1,0","vraesier,leg_up,-48,-215,-14.7,0,8,1.1,1,0","vraesier,leg_low,-93,-126.4,-39,0,10,1,1,0","vraesier,foot,-127.8,-40.4,-26.1,0,13,1,1,0","vraesier,leg_up,39,-208.4,36.7,0,12,1,1,0","vraesier,leg_low,75,-114.4,3,0,13,1,1,0","vraesier,foot,95.2,-27.4,1.5,0,15,1,1,0","vraesier,greatsword_base,11.6,-321.4,5.1,0,14,1,1,0","vraesier,sword_base,21.5,-399,-172.7,0,6,1,1,0","vraesier,handkerchief,-31.6,-263.6,-20,0,6,1,1,0",,,,,,,,,,,,,,,,,,,,,,,,,,,,,,,,,,,,,,,,,,,,,,,,,,,,,,,,,,,,,,,,,,,,,,,,,,,,,,,,,,,,,,,,,,,,,,,,,,,,,
Damaged/4,"vraesier,head,52,-501.4,-14,0,4,1,1,0","vraesier,neck,28,-453.4,-8.5,0,7,1,1,0","vraesier,body,1.2,-343.4,-12,0,6,1,1,0","vraesier,arm_up,-66,-394.4,-20.4,0,2,1,1,0","vraesier,arm_low,-58.8,-304.4,34.7,0,4,1,1,0","vraesier,fist,-14,-244.5,22.8,0,5,1,1,0","vraesier,arm_up,90,-384.6,38.8,0,18,1,1,0","vraesier,arm_low,88.2,-334.4,-62,0,4,1,0.9,0","vraesier,fist,24.5,-302.5,-56,1,5,1,1,0","vraesier,leg_up,-51,-217.4,-11.7,0,8,1.1,1,0","vraesier,leg_low,-88,-123.4,-27,0,10,1,1,0","vraesier,foot,-104.8,-30.4,-16.1,0,13,1,1,0","vraesier,leg_up,36,-210.4,33.7,0,12,1,1,0","vraesier,leg_low,70,-119.4,7,0,13,1,1,0","vraesier,foot,97.2,-27.4,4.5,0,15,1,1,0","vraesier,greatsword_base,-10.4,-327.4,8.1,0,14,1,1,0","vraesier,sword_base,-6.5,-399,-164.7,0,6,1,1,0","vraesier,handkerchief,-33.6,-256.6,-10,0,6,1,1,0",,,,,,,,,,,,,,,,,,,,,,,,,,,,,,,,,,,,,,,,,,,,,,,,,,,,,,,,,,,,,,,,,,,,,,,,,,,,,,,,,,,,,,,,,,,,,,,,,,,,,
Damaged/5,"vraesier,head,27,-520.4,-8,0,4,1,1,0","vraesier,neck,2,-481.4,-26.5,0,7,1,1,0","vraesier,body,-7.8,-358.4,-8,0,6,1,1,0","vraesier,arm_up,-85,-410.4,-21.4,0,3,1,1,0","vraesier,arm_low,-106.8,-314.4,5.7,0,5,1,1,0","vraesier,fist,-95,-242.5,-2.2,0,7,1,1,0","vraesier,arm_up,74,-390.6,23.8,0,18,1,1,0","vraesier,arm_low,49.2,-336.4,-77,0,4,1,1,0","vraesier,fist,-22.5,-320.5,-67,1,5,1,1,0","vraesier,leg_up,-65,-217.4,-12.7,0,8,1.1,1,0","vraesier,leg_low,-99,-121.4,-16,0,10,1,1,0","vraesier,foot,-98.8,-28.4,-3.1,0,13,1,1,0","vraesier,leg_up,31,-219.4,30.7,0,12,1,1,0","vraesier,leg_low,61,-121.4,3,0,13,1,1,0","vraesier,foot,84.2,-31.4,3.5,0,15,1,1,0","vraesier,greatsword_base,-17.4,-348.4,15.1,0,14,1,1,0","vraesier,sword_base,-36.5,-421,-172.7,0,6,1,1,0","vraesier,handkerchief,-53.6,-274.6,-14,0,6,1,1,0",,,,,,,,,,,,,,,,,,,,,,,,,,,,,,,,,,,,,,,,,,,,,,,,,,,,,,,,,,,,,,,,,,,,,,,,,,,,,,,,,,,,,,,,,,,,,,,,,,,,,
Default/0,"vraesier,head,17,-534.4,1.5,0,4,1,1,0","vraesier,neck,-1,-497.4,-6,0,7,1,1,0","vraesier,body,-4.8,-364.4,-0.5,0,6,1,1,0","vraesier,arm_up,-108,-436.4,-77,0,4,1,1,0","vraesier,arm_low,-215.2,-425.8,-86,0,6,1,1,0","vraesier,fist_back,-280.4,-421.2,-76,1,8,1,1,0","vraesier,arm_up,91,-437.4,81,1,13,1,1,0","vraesier,arm_low,192.2,-433,95,0,15,1,1,0","vraesier,fist_back,255.8,-438.6,83,0,17,1,1,0","vraesier,leg_up,-48,-217,-12.2,0,8,1.1,1,0","vraesier,leg_low,-83,-122.4,-15,0,10,1,1,0","vraesier,foot,-80.8,-31.4,-3.6,0,13,1,1,0","vraesier,leg_up,41,-220.4,19.7,0,12,1,1,0","vraesier,leg_low,62,-117.4,6.5,0,13,1,1,0","vraesier,foot,92.2,-28.4,7.5,0,15,1,1,0",,,"vraesier,handkerchief,-36.6,-271.6,2,0,5,1,1,0",,,,,,,,,,,,,,,,,,,,,,,,,,,,,,,,,,,,,,,,,,,,,,,,,,,,,,,,,,,,,,,,,,,,,,,,,,,,,,,,,,,,,,,,,,,,,,,,,,,,,
Die/0,"vraesier,hurt,47,-493.4,-18,0,4,1,1,0","vraesier,neck,20,-463.4,-32.5,0,7,1,1,0","vraesier,body,-4.8,-337.4,-9,0,6,1,1,0","vraesier,arm_up,-81,-391.4,-35.4,0,6,1,1,0","vraesier,arm_low,-120.8,-311.4,-12.3,0,8,1,1,0","vraesier,fist,-134,-240.5,-22.2,0,10,1,1,0","vraesier,arm_up,84,-368.6,22.8,0,18,1,1,0","vraesier,arm_low,60.2,-301.4,-61,0,4,1,1,0","vraesier,fist,-5.5,-273.5,-98,0,5,1,1,0","vraesier,leg_up,-55,-209,-8.7,0,8,1.1,1,0","vraesier,leg_low,-95,-115.4,-36,0,10,1,1,0","vraesier,foot,-112.8,-26.4,-5.1,0,13,1,1,0","vraesier,leg_up,33,-207.4,43.7,0,12,1,1,0","vraesier,leg_low,75,-124.4,4,0,13,1,1,0","vraesier,foot,100.2,-31.4,3.5,0,15,1,1,0","vraesier,greatsword_base,-4.4,-331.4,5.1,0,14,1,1,0","vraesier,sword_base,-18.5,-379,-177.7,0,6,1,1,0","vraesier,handkerchief,-48.6,-262.6,0,0,6,1,1,0",,,,,,,,,,,,,,,,,,,,,,,,,,,,,,,,,,,,,,,,,,,,,,,,,,,,,,,,,,,,,,,,,,,,,,,,,,,,,,,,,,,,,,,,,,,,,,,,,,,,,
Die/1,"vraesier,hurt,97,-470.4,-20,0,4,1,1,0","vraesier,neck,65,-453.4,-37.5,0,7,1,1,0","vraesier,body,18.2,-327.4,-19,0,6,1,1,0","vraesier,arm_up,-50,-399.4,-52.4,0,6,1,1,0","vraesier,arm_low,-99.8,-321.4,-12.3,0,8,1,1,0","vraesier,fist,-115,-251.5,-32.2,0,10,1,1,0","vraesier,arm_up,104,-368.6,22.8,0,18,1,1,0","vraesier,arm_low,90.2,-291.4,-41,0,4,1,1,0","vraesier,fist,36.5,-244.5,-77,0,5,1,1,0","vraesier,leg_up,-48,-199,-9.7,0,8,1.1,1,0","vraesier,leg_low,-89,-110.4,-42,0,10,1,1,0","vraesier,foot,-122.8,-29.4,-25.1,0,13,1,1,0","vraesier,leg_up,43,-184.4,52.7,0,13,1,1,0","vraesier,leg_low,94,-97.4,-1,0,13,1,1,0","vraesier,foot,112.2,-14.4,2.5,0,15,1,1,0","vraesier,greatsword_base,18.6,-321.4,4.1,0,14,1,1,0","vraesier,sword_base,-5.5,-346,-162.7,0,6,1,1,0","vraesier,handkerchief,-38.6,-249.6,-15,0,6,1,1,0",,,,,,,,,,,,,,,,,,,,,,,,,,,,,,,,,,,,,,,,,,,,,,,,,,,,,,,,,,,,,,,,,,,,,,,,,,,,,,,,,,,,,,,,,,,,,,,,,,,,,
Die/2,"vraesier,hurt,159,-425.4,-27,0,4,1,1,0","vraesier,neck,127,-410.4,-41.5,0,7,1,1,0","vraesier,body,58.2,-297.4,-29,0,6,1,1,0","vraesier,arm_up,10,-369.4,-52.4,0,6,1,1,0","vraesier,arm_low,-59.8,-300.4,-32.3,0,8,1,1,0","vraesier,fist,-95,-238.5,-39.2,0,10,1,1,0","vraesier,arm_up,164,-322.6,32.8,0,18,1,1,0","vraesier,arm_low,169.2,-235.4,-21,0,4,1,1,0","vraesier,fist,131.5,-178.5,-72,0,5,1,1,0","vraesier,leg_up,-29,-185,-20.7,0,9,1.1,1,0","vraesier,leg_low,-92,-100.4,-53,0,10,1,1,0","vraesier,foot,-142.8,-29.4,-35.1,0,13,1,1,0","vraesier,leg_up,63,-154.4,32.7,0,13,1,1,0","vraesier,leg_low,71,-65.4,-31,0,13,1,1,0","vraesier,foot,50.2,12.6,-26.5,0,15,1,1,0","vraesier,greatsword_base,68.6,-285.4,-6.9,0,14,1,1,0","vraesier,sword_base,73.5,-270,-152.7,0,6,1,1,0","vraesier,handkerchief,-2.6,-226.6,-13,0,6,1,1,0",,,,,,,,,,,,,,,,,,,,,,,,,,,,,,,,,,,,,,,,,,,,,,,,,,,,,,,,,,,,,,,,,,,,,,,,,,,,,,,,,,,,,,,,,,,,,,,,,,,hold,,
Die/3,"vraesier,close,167,-416.4,-37,0,4,1,1,0","vraesier,neck,132,-401.4,-43.5,0,7,1,1,0","vraesier,body,60.2,-287.4,-32,0,6,1,1,0","vraesier,arm_up,15,-361.4,-50.4,0,6,1,1,0","vraesier,arm_low,-53.8,-293.4,-32.3,0,8,1,1,0","vraesier,fist,-89,-231.5,-39.2,0,10,1,1,0","vraesier,arm_up,164,-301.6,22.8,0,18,1,1,0","vraesier,arm_low,170.2,-210.4,-11,0,20,1,1,0","vraesier,open_back,151,-129,-34,1,21,1,1,0","vraesier,leg_up,-26,-179,-18.7,0,9,1.1,1,0","vraesier,leg_low,-79,-91.4,-45,0,10,1,1,0","vraesier,foot,-135.8,-21.4,-59.1,0,13,1,1,0","vraesier,leg_up,63,-148.4,47.7,0,13,1,1,0","vraesier,leg_low,72,-75.4,-43,0,13,1,1,0","vraesier,foot,30.2,-5.4,-46.5,0,15,1,1,0","vraesier,greatsword_base,70.6,-276.4,-9.9,0,14,1,1,0","vraesier,sword_base,25.5,-152,-112.7,0,5,1,1,0","vraesier,handkerchief,-1.6,-216.6,-13,0,6,1,1,0",,,,,,,,,,,,,,,,,,,,,,,,,,,,,,,,,,,,,,,,,,,,,,,,,,,,,,,,,,,,,,,,,,,,,,,,,,,,,,,,,,,,,,,,,,,,,,,,,,,,,
Die/4,"vraesier,close,211,-353.4,-46,0,4,1,1,0","vraesier,neck,174,-342.4,-48.5,0,7,1,1,0","vraesier,body,78.2,-257.4,-47,0,6,1,1,0","vraesier,arm_up,57,-337.4,-60.4,0,3,1,1,0","vraesier,arm_low,-15.8,-279.4,-32.3,0,5,1,1,0","vraesier,fist,-50,-217.5,-39.2,0,7,1,1,0","vraesier,arm_up,182,-244.6,12.8,0,18,1,1,0","vraesier,arm_low,207.2,-156.4,29,0,20,1,1,0","vraesier,open_back,249.5,-85.5,13,1,21,1,1,0","vraesier,leg_up,-18,-172,-15.7,0,9,1.1,1,0","vraesier,leg_low,-72,-83.4,-47,0,10,1,1,0","vraesier,foot,-135.8,-21.4,-74.1,0,13,1,1,0","vraesier,leg_up,59,-128.4,35.7,0,13,1,1,0","vraesier,leg_low,56,-55.4,-53,0,13,1,1,0","vraesier,foot,0.2,4.6,-56.5,0,15,1,1,0","vraesier,greatsword_base,80.6,-255.4,-28.9,0,14,1,1,0","vraesier,sword_base,14.5,-70,-90.7,0,5,1,1,0","vraesier,hankerchief_speed1,0.4,-238.6,-54,0,6,1,1,0",,,,,,,,,,,,,,,,,,,,,,,,,,,,,,,,,,,,,,,,,,,,,,,,,,,,,,,,,,,,,,,,,,,,,,,,,,,,,,,,,,,,,,,,,,,,,,,,,,,,,
Die/5,"vraesier,close,258,-267.4,-57,0,4,1,1,0","vraesier,neck,215,-262.4,-66.5,0,7,1,1,0","vraesier,body,101.2,-202.4,-62,0,6,1,1,0","vraesier,arm_up,99,-272.4,-60.4,0,2,1,1,0","vraesier,arm_low,26.2,-214.4,-32.3,0,4,1,1,0","vraesier,fist,-8,-152.5,-39.2,0,6,1,1,0","vraesier,arm_up,207,-167.6,22.8,0,18,1,1,0","vraesier,arm_low,250.2,-76.4,39,0,20,1,1,0","vraesier,open_back,306.5,-19.5,31,1,21,1,1,0","vraesier,leg_up,-1,-139,-27.7,0,9,1.1,1,0","vraesier,leg_low,-66,-68.4,-59,0,10,1,1,0","vraesier,foot,-137.8,-15.4,-84.1,0,13,1,1,0","vraesier,leg_up,53,-68.4,17.7,0,13,1,1,0","vraesier,leg_low,26,-11.4,-83,0,13,1,1,0","vraesier,foot,-49.8,23.6,-66.5,0,15,1,1,0","vraesier,greatsword_base,110.6,-189.4,-32.9,0,14,1,1,0","vraesier,sword_base,23.5,-22,-80.7,0,5,1,1,0","vraesier,hankerchief_speed2,21.4,-209.6,-74,0,6,1,1,0",,,,,,,,,,,,,,,,,,,,,,,,,,,,,,,,,,,,,,,,,,,,,,,,,,,,,,,,,,,,,,,,,,,,,,,,,,,,,,,,,,,,,,,,,,,,,,,,,,,,,
Die/6,"vraesier,close,289,-215.4,-72,0,4,1,1,0","vraesier,neck,246,-222.4,-79.5,0,7,1,1,0","vraesier,body,121.2,-182.4,-72,0,6,1,1,0","vraesier,arm_up,139,-239.4,-60.4,0,2,1,1,0","vraesier,arm_low,78.2,-179.4,-22.3,0,4,1,1,0","vraesier,fist,60,-109.5,-19.2,0,6,1,1,0","vraesier,arm_up,217,-127.6,22.8,0,18,1,1,0","vraesier,arm_low,263.2,-56.4,49,0,20,1,1,0","vraesier,open_back,326.5,-9.5,41,1,21,1,1,0","vraesier,leg_up,14,-132,-30.7,0,9,1.1,1.1,0","vraesier,leg_low,-64,-56.4,-65,0,10,1,1,0","vraesier,foot,-137.8,-11.4,-85.1,0,13,1,1,0","vraesier,leg_up,58,-68.4,7.7,0,13,1,1,0","vraesier,leg_low,22,-11.4,-83,0,13,1,1,0","vraesier,foot,-54.8,21.6,-74.5,0,15,1,1,0","vraesier,greatsword_base,118.6,-177.4,-52.9,0,14,1,1,0","vraesier,sword_base,23,-19,-85.7,0,5,1,1,0","vraesier,hankerchief_speed2,52.4,-199.6,-74,0,6,1,1,0",,,,,,,,,,,,,,,,,,,,,,,,,,,,,,,,,,,,,,,,,,,,,,,,,,,,,,,,,,,,,,,,,,,,,,,,,,,,,,,,,,,,,,,,,,,,,,,,,,,,,
Die/7,"vraesier,close,328.5,-82.3,-96,0,4,1,1,0","vraesier,neck,280.5,-111.3,-128.5,0,7,1,1,0","vraesier,body,161.2,-122.4,-92,0,6,1,1,0","vraesier,arm_up,204.5,-162.1,-60.4,0,2,1,1,0","vraesier,arm_low,133.7,-91.1,-22.3,0,4,1,1,0","vraesier,fist,113.5,-22.3,-29.2,0,6,1,1,0","vraesier,arm_up,252,-36.6,52.8,0,18,1,1,0","vraesier,arm_low,330.2,-6.4,89,0,20,1,1,0","vraesier,open_back,414.5,-9.5,81,1,21,1,1,0","vraesier,leg_up,39,-116,-49.7,0,9,1.1,1.1,0","vraesier,leg_low,-60,-63.4,-72,0,10,1,1,0","vraesier,foot,-138.8,-25.4,-92.1,0,13,1,1,0","vraesier,leg_up,53,-58.4,-2.3,0,13,1,1,0","vraesier,leg_low,9,-9.4,-91,0,13,1,1,0","vraesier,foot,-79.8,6.6,-92.5,0,15,1,1,0","vraesier,greatsword_base,164,-110.2,-72.9,0,14,1,1,0","vraesier,sword_base,23.5,-14,-100.7,0,5,1,1,0","vraesier,hankerchief_speed1,93.4,-172.6,-100,0,6,1,1,0",,,,,,,,,,,,,,,,,,,,,,,,,,,,,,,,,,,,,,,,,,,,,,,,,,,,,,,,,,,,,,,,,,,,,,,,,,,,,,,,,,,,,,,,,,,,,,,,,,,,,
Die/8,"vraesier,close,324.5,-69.3,-101,0,4,1,1,0","vraesier,neck,280.5,-101.3,-128.5,0,7,1,1,0","vraesier,body,161.2,-82.4,-82,0,6,1,1,0","vraesier,arm_up,195.5,-132.1,-60.4,0,2,1,1,0","vraesier,arm_low,119.7,-61.1,-32.3,0,4,1,1,0","vraesier,fist,84.5,2.7,-49.2,0,6,1,1,0","vraesier,arm_up,272,-16.6,72.8,0,18,1,1,0","vraesier,arm_low,360.2,3.6,94,0,20,1,1,0","vraesier,open_back,445.5,-0.5,77,1,21,1,1,0","vraesier,leg_up,35,-72,-61.7,0,9,1.1,1,0","vraesier,leg_low,-60,-43.4,-82,0,10,1,1,0","vraesier,foot,-146.8,-19.4,-94.1,0,13,1,1,0","vraesier,leg_up,33,-21.4,-49.3,0,13,1,1,0","vraesier,leg_low,-51,10.6,-91,0,13,1,1,0","vraesier,foot,-139.8,26.6,-92.5,0,15,1,1,0","vraesier,greatsword_base,154,-96.2,-75.9,0,14,1,1,0","vraesier,sword_base,24,3,-86.7,0,4,1,1,0","vraesier,hankerchief_speed1,82.4,-120.6,-76,0,6,1,1,0",,,,,,,,,,,,,,,,,,,,,,,,,,,,,,,,,,,,,,,,,,,,,,,,,,,,,,,,,,,,,,,,,,,,,,,,,,,,,,,,,,,,,,,,,,,,,,,,,,,,,
Die/9,"vraesier,close,318.5,-50.3,-106,0,4,1,1,0","vraesier,neck,278.5,-86.3,-128.5,0,7,1,1,0","vraesier,body,161.2,-68.4,-85,0,6,1,1,0","vraesier,arm_up,195.5,-119.1,-60.4,0,2,1,1,0","vraesier,arm_low,113.7,-48.1,-34.3,0,4,1,1,0","vraesier,fist,75.5,15.7,-49.2,0,6,1,1,0","vraesier,arm_up,272,-2.6,80.8,0,18,1,1,0","vraesier,arm_low,360.2,3.6,96,0,20,1,1,0","vraesier,open_back,445.5,1.5,73,1,21,1,1,0","vraesier,leg_up,34,-66,-60.7,0,9,1.1,1,0","vraesier,leg_low,-60,-32.4,-78,0,10,1,1,0","vraesier,foot,-153.8,-10.4,-114.1,0,13,1,1,0","vraesier,leg_up,33,-21.4,-49.3,0,13,1,1,0","vraesier,leg_low,-51,12.6,-90,0,13,1,1,0","vraesier,foot,-139.8,26.6,-98.5,0,15,1,1,0","vraesier,greatsword_base,154,-86.2,-78.9,0,14,1,1,0","vraesier,sword_base,24,8,-89.7,0,4,1,1,0","vraesier,handkerchief,70.4,-78.6,-56,0,6,1,1,0",,,,,,,,,,,,,,,,,,,,,,,,,,,,,,,,,,,,,,,,,,,,,,,,,,,,,,,,,,,,,,,,,,,,,,,,,,,,,,,,,,,,,,,,,,,,,,,,,,,,,
Idle/0,"vraesier,head,17,-523.4,-6,0,4,1,1,0","vraesier,neck,-3,-481.4,-12.5,0,7,1,1,0","vraesier,body,-12.8,-358.4,-4,0,6,1,1,0","vraesier,arm_up,-94,-409.4,-32.4,0,6,1,1,0","vraesier,arm_low,-131.8,-314.4,-6.3,0,8,1,1,0","vraesier,fist,-138,-242.5,-21.2,0,10,1,1,0","vraesier,arm_up,66,-397.6,24.8,0,18,1,1,0","vraesier,arm_low,41.2,-343.4,-76,0,4,1,1,0","vraesier,fist,-30.5,-327.5,-66,1,5,1,1,0","vraesier,leg_up,-64,-212,-12.7,0,8,1.1,1,0","vraesier,leg_low,-99,-118,-16,0,10,1,1,0","vraesier,foot,-98.8,-28.4,-3.1,0,13,1,1,0","vraesier,leg_up,28,-221,33.7,0,12,1,1,0","vraesier,leg_low,66,-126.4,7,0,13,1,1,0","vraesier,foot,96.2,-31.4,6.5,0,15,1,1,0","vraesier,greatsword_base,-19.4,-348.4,17.1,0,14,1,1,0","vraesier,sword_base,-47.5,-424,-170.7,0,6,1,1,0","vraesier,handkerchief,-52.6,-272.6,-4,0,6,1,1,0",,,,,,,,,,,,,,,,,,,,,,,,,,,,,,,,,,,,,,,,,,,,,,,,,,,,,,,,,,,,,,,,,,,,,,,,,,,,,,,,,,,,,,,,,,,,,,,,,,,play_time_mod_2,,
Idle/1,"vraesier,head,17,-522.4,-7,0,4,1,1,0","vraesier,neck,-3,-481.4,-12.5,0,7,1,1,0","vraesier,body,-12.8,-358.4,-4,0,6,1,1,0","vraesier,arm_up,-94,-408.4,-32.4,0,6,1,1,0","vraesier,arm_low,-130.8,-313.4,-5.3,0,8,1,1,0","vraesier,fist,-136,-243.5,-19.2,0,10,1,1,0","vraesier,arm_up,66,-396.6,24.8,0,18,1,1,0","vraesier,arm_low,41.2,-341.4,-75,0,4,1,1,0","vraesier,fist,-30.5,-324.5,-65,1,5,1,1,0","vraesier,leg_up,-64,-212,-12.7,0,8,1.1,1,0","vraesier,leg_low,-99,-118,-17,0,10,1,1,0","vraesier,foot,-98.8,-28.4,-3.1,0,13,1,1,0","vraesier,leg_up,28,-221,33.7,0,12,1,1,0","vraesier,leg_low,66,-126.4,7,0,13,1,1,0","vraesier,foot,96.2,-31.4,6.5,0,15,1,1,0","vraesier,greatsword_base,-19.4,-347.4,17.1,0,14,1,1,0","vraesier,sword_base,-47.5,-422,-170.7,0,6,1,1,0","vraesier,handkerchief,-52.6,-272.6,-4,0,6,1,1,0",,,,,,,,,,,,,,,,,,,,,,,,,,,,,,,,,,,,,,,,,,,,,,,,,,,,,,,,,,,,,,,,,,,,,,,,,,,,,,,,,,,,,,,,,,,,,,,,,,,,,
Idle/2,"vraesier,head,18,-518.4,-8,0,4,1,1,0","vraesier,neck,-3,-481.4,-12.5,0,7,1,1,0","vraesier,body,-12.8,-355.4,-4,0,6,1,1,0","vraesier,arm_up,-94,-406.4,-32.4,0,6,1,1,0","vraesier,arm_low,-130.8,-312.4,-4.3,0,8,1,1,0","vraesier,fist,-135,-241.5,-17.2,0,10,1,1,0","vraesier,arm_up,66,-394.6,24.8,0,18,1,1,0","vraesier,arm_low,41.2,-339.4,-75,0,4,1,1,0","vraesier,fist,-30.5,-322.5,-65,1,5,1,1,0","vraesier,leg_up,-65,-212,-12.7,0,8,1.1,1,0","vraesier,leg_low,-99,-119,-16,0,10,1,1,0","vraesier,foot,-98.8,-28.4,-3.1,0,13,1,1,0","vraesier,leg_up,30,-217,33.7,0,12,1,1,0","vraesier,leg_low,66,-123,6,0,13,1,1,0","vraesier,foot,96,-31,6.5,0,15,1,1,0","vraesier,greatsword_base,-19.4,-346.4,17.1,0,14,1,1,0","vraesier,sword_base,-47.5,-420,-170.7,0,6,1,1,0","vraesier,handkerchief,-52.6,-270.6,-4,0,6,1,1,0",,,,,,,,,,,,,,,,,,,,,,,,,,,,,,,,,,,,,,,,,,,,,,,,,,,,,,,,,,,,,,,,,,,,,,,,,,,,,,,,,,,,,,,,,,,,,,,,,,,play_time_mod_1.2,,
Idle/3,"vraesier,smile,21,-516.4,-9,0,4,1,1,0","vraesier,neck,-2,-479.4,-13.5,0,7,1,1,0","vraesier,body,-11.8,-354.4,-5,0,6,1,1,0","vraesier,arm_up,-94,-405.4,-33.4,0,6,1,1,0","vraesier,arm_low,-133.8,-312.4,-5.3,0,8,1,1,0","vraesier,fist,-140,-241.5,-20.2,0,10,1,1,0","vraesier,arm_up,66,-391.6,23.8,0,18,1,1,0","vraesier,arm_low,41.2,-336.4,-76,0,4,1,1,0","vraesier,fist,-30.5,-319.5,-66,1,5,1,1,0","vraesier,leg_up,-65,-210,-12.7,0,8,1.1,1,0","vraesier,leg_low,-99,-117,-16,0,10,1,1,0","vraesier,foot,-98.8,-28.4,-3.1,0,13,1,1,0","vraesier,leg_up,29,-215,35.7,0,12,1,1,0","vraesier,leg_low,67,-120,6,0,13,1,1,0","vraesier,foot,96.2,-31.4,4.5,0,15,1,1,0","vraesier,greatsword_base,-18.4,-343.4,16.1,0,14,1,1,0","vraesier,sword_base,-47.5,-417,-171.7,0,6,1,1,0","vraesier,handkerchief,-51.6,-267.6,-2,0,6,1,1,0",,,,,,,,,,,,,,,,,,,,,,,,,,,,,,,,,,,,,,,,,,,,,,,,,,,,,,,,,,,,,,,,,,,,,,,,,,,,,,,,,,,,,,,,,,,,,,,,,,,play_time_mod_1.5,,
Idle/4,"vraesier,smile,23,-512.4,-9,0,4,1,1,0","vraesier,neck,0,-477.4,-14.5,0,7,1,1,0","vraesier,body,-10.8,-351.4,-6,0,6,1,1,0","vraesier,arm_up,-93,-402.4,-35.4,0,6,1,1,0","vraesier,arm_low,-137.8,-311.4,-8.3,0,8,1,1,0","vraesier,fist,-146,-240.5,-20.2,0,10,1,1,0","vraesier,arm_up,67,-387.6,23.8,0,18,1,1,0","vraesier,arm_low,42.2,-332.4,-77,0,4,1,1,0","vraesier,fist,-29.5,-317.5,-68,1,5,1,1,0","vraesier,leg_up,-65,-208,-14.7,0,8,1.1,1,0","vraesier,leg_low,-100,-114,-16,0,10,1,1,0","vraesier,foot,-99.8,-28.4,-5.1,0,13,1,1,0","vraesier,leg_up,29,-212,35.7,0,12,1,1,0","vraesier,leg_low,67,-117,6,0,13,1,1,0","vraesier,foot,96.2,-31.4,4.5,0,15,1,1,0","vraesier,greatsword_base,-18.4,-342.4,15.1,0,14,1,1,0","vraesier,sword_base,-46.5,-415,-172.7,0,6,1,1,0","vraesier,handkerchief,-48.6,-262.6,0,0,6,1,1,0",,,,,,,,,,,,,,,,,,,,,,,,,,,,,,,,,,,,,,,,,,,,,,,,,,,,,,,,,,,,,,,,,,,,,,,,,,,,,,,,,,,,,,,,,,,,,,,,,,,play_time_mod_1.8,,
Idle/5,"vraesier,smile,25,-509.4,-10,0,4,1,1,0","vraesier,neck,2,-475.4,-15.5,0,7,1,1,0","vraesier,body,-10.8,-349.4,-6,0,6,1,1,0","vraesier,arm_up,-94,-401.4,-36.4,0,6,1,1,0","vraesier,arm_low,-138.8,-311.4,-10.3,0,8,1,1,0","vraesier,fist,-148,-240.5,-21.2,0,10,1,1,0","vraesier,arm_up,67,-383.6,22.8,0,18,1,1,0","vraesier,arm_low,42.2,-330.4,-78,0,4,1,1,0","vraesier,fist,-29.5,-315.5,-69,1,5,1,1,0","vraesier,leg_up,-65,-208,-14.7,0,8,1.1,1,0","vraesier,leg_low,-100,-114,-16,0,10,1,1,0","vraesier,foot,-99.8,-28.4,-5.1,0,13,1,1,0","vraesier,leg_up,29,-212,35.7,0,12,1,1,0","vraesier,leg_low,67,-117,6,0,13,1,1,0","vraesier,foot,96.2,-31.4,4.5,0,15,1,1,0","vraesier,greatsword_base,-18.4,-340.4,14.1,0,14,1,1,0","vraesier,sword_base,-45.5,-414,-173.7,0,6,1,1,0","vraesier,handkerchief,-48.6,-262.6,0,0,6,1,1,0",,,,,,,,,,,,,,,,,,,,,,,,,,,,,,,,,,,,,,,,,,,,,,,,,,,,,,,,,,,,,,,,,,,,,,,,,,,,,,,,,,,,,,,,,,,,,,,,,,,play_time_mod_2,,
Idle/6,"vraesier,head,22,-512.4,-7,0,4,1,1,0","vraesier,neck,0,-477.4,-14.5,0,7,1,1,0","vraesier,body,-10.8,-351.4,-6,0,6,1,1,0","vraesier,arm_up,-93,-402.4,-35.4,0,6,1,1,0","vraesier,arm_low,-137.8,-311.4,-8.3,0,8,1,1,0","vraesier,fist,-146,-240.5,-20.2,0,10,1,1,0","vraesier,arm_up,67,-387.6,23.8,0,18,1,1,0","vraesier,arm_low,42.2,-332.4,-77,0,4,1,1,0","vraesier,fist,-29.5,-317.5,-68,1,5,1,1,0","vraesier,leg_up,-65,-210,-14.7,0,8,1.1,1,0","vraesier,leg_low,-100,-117,-16,0,10,1,1,0","vraesier,foot,-99.8,-28.4,-5.1,0,13,1,1,0","vraesier,leg_up,29,-215,35.7,0,12,1,1,0","vraesier,leg_low,67,-120,6,0,13,1,1,0","vraesier,foot,96.2,-31.4,4.5,0,15,1,1,0","vraesier,greatsword_base,-18.4,-342.4,15.1,0,14,1,1,0","vraesier,sword_base,-46.5,-415,-172.7,0,6,1,1,0","vraesier,handkerchief,-48.6,-262.6,0,0,6,1,1,0",,,,,,,,,,,,,,,,,,,,,,,,,,,,,,,,,,,,,,,,,,,,,,,,,,,,,,,,,,,,,,,,,,,,,,,,,,,,,,,,,,,,,,,,,,,,,,,,,,,play_time_mod_1.2,,
Idle/7,"vraesier,head,18,-518.4,-8,0,4,1,1,0","vraesier,neck,-3,-481.4,-12.5,0,7,1,1,0","vraesier,body,-12.8,-355.4,-4,0,6,1,1,0","vraesier,arm_up,-94,-406.4,-32.4,0,6,1,1,0","vraesier,arm_low,-130.8,-312.4,-4.3,0,8,1,1,0","vraesier,fist,-135,-241.5,-17.2,0,10,1,1,0","vraesier,arm_up,66,-394.6,24.8,0,18,1,1,0","vraesier,arm_low,41.2,-339.4,-75,0,4,1,1,0","vraesier,fist,-30.5,-322.5,-65,1,5,1,1,0","vraesier,leg_up,-65,-212,-12.7,0,8,1.1,1,0","vraesier,leg_low,-99,-119,-16,0,10,1,1,0","vraesier,foot,-98.8,-28.4,-3.1,0,13,1,1,0","vraesier,leg_up,30,-217,33.7,0,12,1,1,0","vraesier,leg_low,66,-123,6,0,13,1,1,0","vraesier,foot,96,-31,6.5,0,15,1,1,0","vraesier,greatsword_base,-19.4,-346.4,17.1,0,14,1,1,0","vraesier,sword_base,-47.5,-420,-170.7,0,6,1,1,0","vraesier,handkerchief,-52.6,-270.6,-4,0,6,1,1,0",,,,,,,,,,,,,,,,,,,,,,,,,,,,,,,,,,,,,,,,,,,,,,,,,,,,,,,,,,,,,,,,,,,,,,,,,,,,,,,,,,,,,,,,,,,,,,,,,,,,,
Idle/8,"vraesier,head,17,-522.4,-7,0,4,1,1,0","vraesier,neck,-3,-481.4,-12.5,0,7,1,1,0","vraesier,body,-12.8,-358.4,-4,0,6,1,1,0","vraesier,arm_up,-94,-408.4,-32.4,0,6,1,1,0","vraesier,arm_low,-130.8,-313.4,-5.3,0,8,1,1,0","vraesier,fist,-136,-243.5,-19.2,0,10,1,1,0","vraesier,arm_up,66,-396.6,24.8,0,18,1,1,0","vraesier,arm_low,41.2,-341.4,-75,0,4,1,1,0","vraesier,fist,-30.5,-324.5,-65,1,5,1,1,0","vraesier,leg_up,-64,-212,-12.7,0,8,1.1,1,0","vraesier,leg_low,-99,-118,-17,0,10,1,1,0","vraesier,foot,-98.8,-28.4,-3.1,0,13,1,1,0","vraesier,leg_up,28,-221,33.7,0,12,1,1,0","vraesier,leg_low,66,-126.4,7,0,13,1,1,0","vraesier,foot,96.2,-31.4,6.5,0,15,1,1,0","vraesier,greatsword_base,-19.4,-347.4,17.1,0,14,1,1,0","vraesier,sword_base,-47.5,-422,-170.7,0,6,1,1,0","vraesier,handkerchief,-52.6,-272.6,-4,0,6,1,1,0",,,,,,,,,,,,,,,,,,,,,,,,,,,,,,,,,,,,,,,,,,,,,,,,,,,,,,,,,,,,,,,,,,,,,,,,,,,,,,,,,,,,,,,,,,,,,,,,,,,,,
Knockdown/0,"vraesier,hurt,-3,-500.4,-2,0,4,1,1,0","vraesier,neck,-26,-461.4,-32.5,0,7,1,1,0","vraesier,body,-24.8,-337.4,1,0,6,1,1,0","vraesier,arm_up,-115,-381.4,-35.4,0,6,1,1,0","vraesier,arm_low,-139.8,-291.4,7.7,0,8,1,1,0","vraesier,fist,-124,-220.5,-2.2,0,10,1,1,0","vraesier,arm_up,45,-393.6,37.8,0,18,1,1,0","vraesier,arm_low,36.2,-328.4,-58,0,4,1,1,0","vraesier,fist,-25.5,-293.5,-78,0,5,1,1,0","vraesier,leg_up,-55,-210,-1.7,0,8,1.1,1,0","vraesier,leg_low,-74,-112.4,-15,0,10,1,1,0","vraesier,foot,-72.8,-26.4,-5.1,0,13,1,1,0","vraesier,leg_up,37,-207.4,45.7,0,12,1,1,0","vraesier,leg_low,90,-120.4,16,0,13,1,1,0","vraesier,foot,127.2,-31.4,3.5,0,15,1,1,0","vraesier,greatsword_base,-24.4,-319.4,23.1,0,14,1,1,0","vraesier,sword_base,-48.5,-389,-167.7,0,6,1,1,0","vraesier,handkerchief,-45.6,-245.6,8,0,6,1,1,0",,,,,,,,,,,,,,,,,,,,,,,,,,,,,,,,,,,,,,,,,,,,,,,,,,,,,,,,,,,,,,,,,,,,,,,,,,,,,,,,,,,,,,,,,,,,,,,,,,,,,
Knockdown/1,"vraesier,hurt,-38,-507.4,14,0,4,1,1,0","vraesier,neck,-46,-458.4,-11.5,0,7,1,1,0","vraesier,body,-33.8,-339.4,7,0,6,1,1,0","vraesier,arm_up,-130,-370.4,-33.4,0,6,1,1,0","vraesier,arm_low,-158.8,-281.4,5.7,0,8,1,1,0","vraesier,fist,-146,-207.5,-5.2,0,10,1,1,0","vraesier,arm_up,42,-395.6,43.8,0,18,1,1,0","vraesier,arm_low,38.2,-336.4,-58,0,4,1,1,0","vraesier,fist,-23.5,-301.5,-78,0,5,1,1,0","vraesier,leg_up,-50,-210,2.3,0,8,1.1,1,0","vraesier,leg_low,-60,-112.4,-5,0,10,1,1,0","vraesier,foot,-55.8,-26.4,-15.1,0,13,1,1,0","vraesier,leg_up,40,-211.4,45.7,0,12,1,1,0","vraesier,leg_low,92,-126.4,16,0,13,1,1,0","vraesier,foot,127.2,-37.4,-1.5,0,15,1,1,0","vraesier,greatsword_base,-29.4,-321.4,27.1,0,14,1,1,0","vraesier,sword_base,-71.5,-396,-158.7,0,6,1,1,0","vraesier,handkerchief,-48.6,-247.6,12,0,6,1,1,0",,,,,,,,,,,,,,,,,,,,,,,,,,,,,,,,,,,,,,,,,,,,,,,,,,,,,,,,,,,,,,,,,,,,,,,,,,,,,,,,,,,,,,,,,,,,,,,,,,,play_time_mod_0.7,,
Knockdown/2,"vraesier,hurt,-78,-504.4,27,0,4,1,1,0","vraesier,neck,-76,-460.4,18.5,0,7,1,1,0","vraesier,body,-33.8,-339.4,17,0,6,1,1,0","vraesier,arm_up,-136,-356.4,-23.4,0,6,1,1,0","vraesier,arm_low,-158.8,-261.4,5.7,0,8,1,1,0","vraesier,fist,-146,-185.5,-4.2,0,10,1,1,0","vraesier,arm_up,22,-415.6,53.8,0,18,1,1,0","vraesier,arm_low,39.2,-345.4,-28,0,3,1,1,0","vraesier,fist,5.5,-280.5,-38,0,4,1,1,0","vraesier,leg_up,-24,-201,19.3,0,8,1.1,1,0","vraesier,leg_low,-16,-101.4,-7,0,10,1,1,0","vraesier,foot,-12.8,-6.4,-14.1,0,13,1,1,0","vraesier,leg_up,71,-211.4,55.7,0,12,1,1,0","vraesier,leg_low,136,-133.4,19,0,13,1,1,0","vraesier,foot,178.2,-47.4,2.5,0,15,1,1,0","vraesier,greatsword_base,-33.4,-331.4,40.1,0,14,1,1,0","vraesier,sword_base,-81.5,-341,-129.7,0,5,1,1,0","vraesier,handkerchief,-23.6,-255.6,32,0,6,1,1,0",,,,,,,,,,,,,,,,,,,,,,,,,,,,,,,,,,,,,,,,,,,,,,,,,,,,,,,,,,,,,,,,,,,,,,,,,,,,,,,,,,,,,,,,,,,,,,,,,,,"play_time_mod_0.5,hold",,
Knockdown/3,"vraesier,hurt,-185,-409.6,56,0,4,1,1,0","vraesier,neck,-162.6,-371,35.5,0,7,1,1,0","vraesier,body,-83.8,-269.4,37,0,6,1,1,0","vraesier,arm_up,-175,-255.4,17.6,0,6,1,1,0","vraesier,arm_low,-138.8,-170.4,33.7,0,8,1,1,0","vraesier,fist,-100,-116.6,24.8,0,10,1,1,0","vraesier,arm_up,-78,-360.6,93,0,18,1,1,0","vraesier,arm_low,-9.8,-318.4,24,0,3,1,1,0","vraesier,fist,3.2,-252.8,8,1,4,1,1,0","vraesier,leg_up,-19,-154,49.3,0,8,1.1,1,0","vraesier,leg_low,26,-65.4,-7,0,10,1,1,0","vraesier,foot,32.2,22.6,-10.1,0,13,1,1,0","vraesier,leg_up,61,-204.4,65.7,0,13,1,1,0","vraesier,leg_low,130,-133.4,16,0,13,1,1,0","vraesier,foot,167.2,-50.4,5.5,0,15,1,1,0","vraesier,greatsword_base,-76.2,-274.4,61.1,0,14,1,1,0","vraesier,sword_base,-98.6,-266.6,-103.7,0,5,1,1,0","vraesier,handkerchief,-33.6,-227.6,-8,0,6,1,1,0",,,,,,,,,,,,,,,,,,,,,,,,,,,,,,,,,,,,,,,,,,,,,,,,,,,,,,,,,,,,,,,,,,,,,,,,,,,,,,,,,,,,,,,,,,,,,,,,,,,play_time_mod_0.5,,
Knockdown/4,"vraesier,hurt,-221,-351.6,63,0,4,1,1,0","vraesier,neck,-192.6,-321,65.5,0,7,1,1,0","vraesier,body,-83.8,-249.4,57,0,6,1,1,0","vraesier,arm_up,-171,-195.4,20.6,0,6,1,1,0","vraesier,arm_low,-118.8,-123.4,56.7,0,8,1,1,0","vraesier,fist,-60,-86.6,47.8,0,10,1,1,0","vraesier,arm_up,-78,-347.6,97,0,18,1,1,0","vraesier,arm_low,-0.8,-306.4,32,0,3,1,1,0","vraesier,fist,27.2,-241.8,32,1,4,1,1,0","vraesier,leg_up,6,-141,49.3,0,8,1.1,1,0","vraesier,leg_low,62,-55.4,13,0,10,1,1,0","vraesier,foot,83.2,32.6,-14.1,0,13,1,1,0","vraesier,leg_up,71,-211.4,65.7,0,12,1,1,0","vraesier,leg_low,152,-145.4,34,0,13,1,1,0","vraesier,foot,210.2,-71.4,12.5,0,15,1,1,0","vraesier,greatsword_base,-76.2,-254.4,84.1,0,14,1,1,0","vraesier,sword_base,-79.6,-234.6,-87.7,0,5,1,1,0","vraesier,handkerchief,-33.6,-227.6,-8,0,6,1,1,0",,,,,,,,,,,,,,,,,,,,,,,,,,,,,,,,,,,,,,,,,,,,,,,,,,,,,,,,,,,,,,,,,,,,,,,,,,,,,,,,,,,,,,,,,,,,,,,,,,,play_time_mod_0.5,,
Knockdown/5,"vraesier,hurt,-231.6,-283.2,85.7,0,4,1,1,0","vraesier,neck,-192,-260.4,69.9,0,7,1,1,0","vraesier,body,-72.4,-203.2,64.2,0,6,1,1,0","vraesier,arm_up,-153,-146.4,27.6,0,6,1,1,0","vraesier,arm_low,-92.8,-74.4,60.7,0,8,1,1,0","vraesier,fist,-24,-44.6,59.8,0,10,1,1,0","vraesier,arm_up,-88,-290.6,102,0,17,1,1,0","vraesier,arm_low,-6.8,-259.4,42,0,2,1,1,0","vraesier,fist,34.2,-202.8,52,1,3,1,1,0","vraesier,leg_up,28,-105,50.8,0,8,1.1,1,0","vraesier,leg_low,89.6,-26.6,29,0,10,1,1,0","vraesier,foot,144.2,52.6,15.4,0,13,1,1,0","vraesier,leg_up,79.2,-172.2,78.2,0,12,1,1,0","vraesier,leg_low,167.2,-126.2,44.1,0,13,1,1,0","vraesier,foot,238,-62.8,25.5,0,15,1.1,1.1,0","vraesier,greatsword_base,-68,-224.4,98.5,0,14,1,1,0","vraesier,sword_base,-60.6,-167.6,-75.7,0,4,1,1,0","vraesier,hankerchief_speed2,-6.8,-169,67.2,1,5,1,1,0",,,,,,,,,,,,,,,,,,,,,,,,,,,,,,,,,,,,,,,,,,,,,,,,,,,,,,,,,,,,,,,,,,,,,,,,,,,,,,,,,,,,,,,,,,,,,,,,,,,play_time_mod_0.5,,
Knockdown/6,"vraesier,hurt,-217.6,-210.2,80.7,0,4,1,1,0","vraesier,neck,-180,-183.4,60.9,0,7,1,1,0","vraesier,body,-62.4,-123.2,64.2,0,6,1,1,0","vraesier,arm_up,-138,-65.4,36.6,0,6,1,1,0","vraesier,arm_low,-64.8,-8.4,76.7,0,8,1,1,0","vraesier,fist,2,3.4,70.8,0,10,1,1,0","vraesier,arm_up,-78,-213.6,102,0,17,1,1,0","vraesier,arm_low,3.2,-192.4,52,0,2,1,1,0","vraesier,fist,54.2,-145.8,52,1,3,1,1,0","vraesier,leg_up,49,-42,73.8,0,8,1.1,1,0","vraesier,leg_low,134.6,12.4,39,0,10,1,1,0","vraesier,foot,199.2,70.6,26.4,0,13,1,1,0","vraesier,leg_up,89.2,-112.2,98.2,0,13,1,1,0","vraesier,leg_low,185.2,-93.2,54.1,0,13,1,1,0","vraesier,foot,274,-49.8,45.5,0,15,1.1,1.1,0","vraesier,greatsword_base,-58,-150.4,98.5,0,14,1,1,0","vraesier,sword_base,-34.6,-97.6,-66.7,0,4,1,1,0","vraesier,hankerchief_speed2,7.2,-95,67.2,1,5,1,1,0",,,,,,,,,,,,,,,,,,,,,,,,,,,,,,,,,,,,,,,,,,,,,,,,,,,,,,,,,,,,,,,,,,,,,,,,,,,,,,,,,,,,,,,,,,,,,,,,,,,play_time_mod_0.5,,
Knockdown/7,"vraesier,hurt,-199.6,-207.2,70.7,0,4,1,1,0","vraesier,neck,-168,-177.4,59.9,0,7,1,1.2,0","vraesier,body,-62.4,-101.2,54.2,0,6,1,1,0","vraesier,arm_up,-141,-55.4,29.6,0,4,1,1,0","vraesier,arm_low,-70.8,-0.4,79.7,0,6,1,1,0","vraesier,fist,1,6.4,71.8,0,8,1,1,0","vraesier,arm_up,-75,-196.6,102,0,17,1,1,0","vraesier,arm_low,3.2,-174.4,52,0,2,1,1,0","vraesier,fist,53.2,-121.8,52,1,3,1,1,0","vraesier,leg_up,35,-25,83.8,0,8,1.1,1,0","vraesier,leg_low,134.6,2.4,69,0,10,1,1,0","vraesier,foot,219.2,19.6,56.4,0,13,1,1,0","vraesier,leg_up,89.2,-102.2,108.2,0,13,1,1,0","vraesier,leg_low,174.2,-88.2,43.1,0,13,1,1,0","vraesier,foot,251,-29.8,35.5,0,15,1.1,1.1,0","vraesier,greatsword_base,-58,-136.4,88.5,0,14,1,1,0","vraesier,sword_base,-35.6,-73.6,-66.7,0,4,1,1,0","vraesier,hankerchief_speed2,-10.8,-68,67.2,1,5,1,1,0",,,,,,,,,,,,,,,,,,,,,,,,,,,,,,,,,,,,,,,,,,,,,,,,,,,,,,,,,,,,,,,,,,,,,,,,,,,,,,,,,,,,,,,,,,,,,,,,,,,,,
Knockdown/8,"vraesier,hurt,-234.6,-157.2,79.7,0,4,1,1,0","vraesier,neck,-200,-128.4,65.9,0,7,1,1.2,0","vraesier,body,-82.4,-76.2,65.2,0,6,1,1,0","vraesier,arm_up,-150,-24.4,49.6,0,3,1,1,0","vraesier,arm_low,-64.8,2.6,100.7,0,5,1,1,0","vraesier,fist,20,-5.6,76.8,0,7,1,1,0","vraesier,arm_up,-95,-163.6,102,0,17,1,1,0","vraesier,arm_low,-16.8,-146.4,59,0,2,1,1,0","vraesier,fist,43.2,-100.8,69,1,3,1,1,0","vraesier,leg_up,34,-23,87.8,0,8,1.1,1,0","vraesier,leg_low,132.6,2.4,63,0,10,1,1,0","vraesier,foot,216.2,24.6,56.4,0,13,1,1,0","vraesier,leg_up,89.2,-91.2,107.2,0,13,1,1,0","vraesier,leg_low,185.2,-76.2,44.1,0,13,1,1,0","vraesier,foot,251,-16.8,25.5,0,15,1.1,1.1,0","vraesier,greatsword_base,-73,-70.4,85.5,0,14,1,1,0","vraesier,sword_base,-32.6,-33.6,-49.7,0,4,1,1,0","vraesier,hankerchief_speed2,-2.8,-65,57.2,1,5,1,1,0",,,,,,,,,,,,,,,,,,,,,,,,,,,,,,,,,,,,,,,,,,,,,,,,,,,,,,,,,,,,,,,,,,,,,,,,,,,,,,,,,,,,,,,,,,,,,,,,,,,play_time_mod_0.5,,
Knockdown/9,"vraesier,hurt,-249.6,-126.2,91.7,0,4,1,1,0","vraesier,neck,-210,-108.4,77.9,0,7,1,1.2,0","vraesier,body,-82.4,-75.2,75.2,0,6,1,1,0","vraesier,arm_up,-140,-13.4,59.6,0,3,1,1,0","vraesier,arm_low,-54.8,12.6,90.7,0,5,1,1,0","vraesier,fist,20,14.4,66.8,0,7,1,1,0","vraesier,arm_up,-115,-152.6,102,0,17,1,1,0","vraesier,arm_low,-36.8,-135.4,59,0,2,1,1,0","vraesier,fist,23.2,-89.8,69,1,3,1,1,0","vraesier,leg_up,33,-24,94.8,0,8,1.2,1,0","vraesier,leg_low,132.6,-9.6,68,0,10,1,1,0","vraesier,foot,226.2,11.6,60.4,0,13,1,1,0","vraesier,leg_up,89.2,-91.2,107.2,0,13,1,1,0","vraesier,leg_low,185.2,-76.2,44.1,0,13,1,1,0","vraesier,foot,251,-16.8,25.5,0,15,1.1,1.1,0","vraesier,greatsword_base,-73,-59.4,92.5,0,14,1,1,0","vraesier,sword_base,-42.6,-11.6,-40.7,0,4,1,1,0","vraesier,hankerchief_speed2,-2.8,-65,57.2,1,5,1,1,0",,,,,,,,,,,,,,,,,,,,,,,,,,,,,,,,,,,,,,,,,,,,,,,,,,,,,,,,,,,,,,,,,,,,,,,,,,,,,,,,,,,,,,,,,,,,,,,,,,,,,
Knockdown/10,"vraesier,close,-262.6,-44.2,119.7,0,4,1,1,0","vraesier,neck,-220,-48.4,97.9,0,7,1,1.2,0","vraesier,body,-82.4,-39.2,89.2,0,6,1,1,0","vraesier,arm_up,-134,19.6,82.6,0,3,1,1,0","vraesier,arm_low,-40.8,30.6,84.7,0,5,1,1,0","vraesier,fist,36,39.4,61.8,0,7,1,1,0","vraesier,arm_up,-120,-117.6,102,0,17,1,1,0","vraesier,arm_low,-29.8,-107.4,69,0,2,1,1,0","vraesier,fist,33.2,-76.8,72,1,3,1,1,0","vraesier,leg_up,39.6,-16.6,97.8,0,8,1.1,1,0","vraesier,leg_low,135.6,-12.6,80,0,10,1,1,0","vraesier,foot,226.2,-7.4,66.4,0,13,1,1,0","vraesier,leg_up,89.2,-95.2,112.2,0,13,1,1,0","vraesier,leg_low,181.2,-81.2,42.1,0,13,1,1,0","vraesier,foot,246,-18.8,20.5,0,15,1.1,1.1,0","vraesier,greatsword_base,-73,-31.4,102.5,0,14,1,1,0","vraesier,sword_base,-10.6,8.4,-27.7,0,4,1,1,0","vraesier,hankerchief_speed2,-2.8,-67,57.2,1,5,1,1,0",,,,,,,,,,,,,,,,,,,,,,,,,,,,,,,,,,,,,,,,,,,,,,,,,,,,,,,,,,,,,,,,,,,,,,,,,,,,,,,,,,,,,,,,,,,,,,,,,,,,,
Run/0,"vraesier,head,28,-512.4,-3.5,0,4,1,1,0","vraesier,neck,7,-474.4,-16.5,0,7,1,1,0","vraesier,body,-15.2,-351.8,-9.5,0,6,1,1,0","vraesier,arm_up,-89,-404.4,-37.9,0,4,1,1,0","vraesier,arm_low,-129.8,-308.4,-5.5,0,8,1,1,0","vraesier,fist,-133.4,-236.2,-12.8,0,10,1,1,0","vraesier,arm_up,78,-385.4,34.2,0,18,1,1,0","vraesier,arm_low,63.8,-327.6,-61,0,3,1,1,0","vraesier,fist,1.2,-298.4,-67.2,1,5,1,1,0","vraesier,leg_up,-48.4,-214.8,11.3,0,8,1.1,1,0","vraesier,leg_low,-50.4,-117.6,-9.5,0,10,1,1,0","vraesier,foot,-45.4,-25,-2.6,0,11,1,1,0","vraesier,leg_up,-4.4,-225.6,8.4,0,12,1,1,0","vraesier,leg_low,-11.4,-121.6,-13.9,0,13,1,1,0","vraesier,foot,-13.4,-35.6,-7.5,0,15,1,1,0","vraesier,greatsword_base,-7.4,-336.4,12.1,0,14,1,1,0","vraesier,sword_base,-24.4,-398.6,-167.4,0,6,1,1,0","vraesier,handkerchief,-82.6,-282.6,-52.5,0,5,1,1,0",,,,,,,,,,,,,,,,,,,,,,,,,,,,,,,,,,,,,,,,,,,,,,,,,,,,,,,,,,,,,,,,,,,,,,,,,,,,,,,,,,,,,,,,,,,,,,,,,,,,play_time_mod_0.8,
Run/1,"vraesier,head,41,-508,-11.5,0,4,1,1,0","vraesier,neck,14,-472,-21.5,0,7,1,1,0","vraesier,body,-11,-346,-12.5,0,6,1,1,0","vraesier,arm_up,-79,-400,-27.9,0,4,1,1,0","vraesier,arm_low,-105,-306,0.5,0,3,1,1,0","vraesier,fist,-101,-231,-9.8,0,4,1,1,0","vraesier,arm_up,82,-381,32.2,0,18,1,1,0","vraesier,arm_low,71,-322,-61,0,3,1,1,0","vraesier,fist,5,-294,-69.2,1,5,1,1,0","vraesier,leg_up,-70.4,-214.8,-5.7,0,8,1.1,1,0","vraesier,leg_low,-92.4,-117.6,-9.5,0,10,1,1,0","vraesier,foot,-84.4,-28,-3.6,0,11,1,1,0","vraesier,leg_up,9.6,-219.6,46.4,0,13,1,1,0","vraesier,leg_low,33.6,-134.6,-21.9,0,13,1,1,0","vraesier,foot,7.6,-49.6,-39.5,0,15,1,1,0","vraesier,greatsword_base,-4,-334,8.1,0,14,1,1,0","vraesier,sword_base,-20,-394,-169.4,0,6,1,1,0","vraesier,handkerchief,-83,-295,-76.5,0,5,1,1,0",,,,,,,,,,,,,,,,,,,,,,,,,,,,,,,,,,,,,,,,,,,,,,,,,,,,,,,,,,,,,,,,,,,,,,,,,,,,,,,,,,,,,,,,,,,,,,,,,,,,play_time_mod_0.8,
Run/2,"vraesier,head,51,-503,-13,0,4,1,1,0","vraesier,neck,23,-472,-27.5,0,7,1,1,0","vraesier,body,-11,-340,-15.5,0,6,1,1,0","vraesier,arm_up,-66,-399,-18,0,1,1,1,0","vraesier,arm_low,-72,-304,17,0,3,1,1,0","vraesier,fist,-44,-236,13,0,6,1,1,0","vraesier,arm_up,77,-380,35.7,0,18,1,1,0","vraesier,arm_low,75,-325,-60,0,3,1,0.9,0","vraesier,fist,16,-303,-68.2,1,5,1,1,0","vraesier,leg_up,-76.6,-216.8,-14.7,0,8,1.1,1,0","vraesier,leg_low,-124.6,-121.8,-36.5,0,10,1,1,0","vraesier,foot,-153.6,-35.8,-28.3,0,14,1,1,0","vraesier,leg_up,9,-226,58.7,0,13,1,1,0","vraesier,leg_low,72,-144,4.5,0,13,1,1,0","vraesier,foot,105,-62,10.5,0,16,1.1,1,0","vraesier,greatsword_base,-7,-329,2.6,0,14,1,1,0","vraesier,sword_base,-13,-403,-165.4,0,6,1,1,0","vraesier,hankerchief_speed2,-69,-292,-27,0,5,1,1,0",,,,,,,,,,,,,,,,,,,,,,,,,,,,,,,,,,,,,,,,,,,,,,,,,,,,,,,,,,,,,,,,,,,,,,,,,,,,,,,,,,,,,,,,,,,,,,,,,,,,play_time_mod_0.8,
Run/3,"vraesier,head,53,-489,-9,0,4,1,1,0","vraesier,neck,26,-451,-33.5,0,7,1,1,0","vraesier,body,-14,-333,-17.5,0,6,1,1,0","vraesier,arm_up,-43,-385,5,0,1,1,1,0","vraesier,arm_low,-13,-298,43,0,3,1,1,0","vraesier,fist,31,-263,41,0,3,1,1,0","vraesier,arm_up,85,-363,37.7,0,18,1,1,0","vraesier,arm_low,77,-303,-55.5,0,5,1,1,0","vraesier,fist,29,-273,-61.7,1,6,1,1,0","vraesier,leg_up,-94.2,-230,-50.1,0,8,1.1,1,0","vraesier,leg_low,-185.2,-182,-74.2,0,10,1,1,0","vraesier,foot,-262.4,-145.6,-87.4,0,15,1,1,0","vraesier,leg_up,14,-189,44.6,0,12,1,1,0","vraesier,leg_low,67.8,-100,13.5,0,13,1,1,0","vraesier,foot,100,-24,2,0,17,1.1,1,0","vraesier,greatsword_base,-7,-319,1.1,0,14,1,1,0","vraesier,sword_base,-3,-374,-169.4,0,4,1,1,0","vraesier,hankerchief_speed1,-74,-291,-47,0,5,1,1,0",,,,,,,,,,,,,,,,,,,,,,,,,,,,,,,,,,,,,,,,,,,,,,,,,,,,,,,,,,,,,,,,,,,,,,,,,,,,,,,,,,,,,,,,,,,,,,,,,,,,play_time_mod_0.8,
Run/4,"vraesier,head,47,-501,-8,0,4,1,1,0","vraesier,neck,22,-459,-16.5,0,7,1,1,0","vraesier,body,-12,-342,-12.5,0,6,1,1,0","vraesier,arm_up,-65,-398,-9,0,2,1,1,0","vraesier,arm_low,-57,-302,26,0,3,1,1,0","vraesier,fist,-23,-238,16,0,4,1,1,0","vraesier,arm_up,82,-379,33.7,0,18,1,1,0","vraesier,arm_low,78,-329,-61,0,3,1,0.9,0","vraesier,fist,19,-306,-69.2,1,5,1,1,0","vraesier,leg_up,-70.2,-226,-19.1,0,8,1.1,1,0","vraesier,leg_low,-130.2,-143,-57.2,0,10,1,1,0","vraesier,foot,-201.4,-87.6,-82.4,0,15,1,1,0","vraesier,leg_up,13.8,-211,47.6,0,13,1,1,0","vraesier,leg_low,65.8,-120,8.5,0,13,1,1,0","vraesier,foot,96,-34,5,0,17,1,1,0","vraesier,greatsword_base,-9,-334,6.1,0,14,1,1,0","vraesier,sword_base,-12,-406,-166.4,0,6,1,1,0","vraesier,hankerchief_speed2,-68,-293,-41,0,5,1,1,0",,,,,,,,,,,,,,,,,,,,,,,,,,,,,,,,,,,,,,,,,,,,,,,,,,,,,,,,,,,,,,,,,,,,,,,,,,,,,,,,,,,,,,,,,,,,,,,,,,,,play_time_mod_0.8,
Run/5,"vraesier,head,37,-513,-6,0,4,1,1,0","vraesier,neck,15,-473,-16.5,0,7,1,1,0","vraesier,body,-13,-351,-12.5,0,6,1,1,0","vraesier,arm_up,-79,-407,-22,0,1,1,1,0","vraesier,arm_low,-103,-314,1,0,3,1,1,0","vraesier,fist,-97,-241,-8,0,4,1,1,0","vraesier,arm_up,76,-381,28.7,0,18,1,1,0","vraesier,arm_low,67,-329,-64,0,3,1,0.9,0","vraesier,fist,8,-310,-72.2,1,5,1,1,0","vraesier,leg_up,-54.2,-226,0.9,0,10,1.1,1,0","vraesier,leg_low,-92.2,-137,-54.2,0,10,1,1,0","vraesier,foot,-160.4,-77.6,-73.4,0,15,1,1,0","vraesier,leg_up,5.8,-215,29.6,0,12,1,1,0","vraesier,leg_low,36.8,-120,6.5,0,13,1,1,0","vraesier,foot,64,-34,5,0,17,1,1,0","vraesier,greatsword_base,-2,-337,9.1,0,14,1,1,0","vraesier,sword_base,-15,-410,-169.4,0,6,1,1,0","vraesier,hankerchief_speed1,-73,-304,-45,0,5,1,1,0",,,,,,,,,,,,,,,,,,,,,,,,,,,,,,,,,,,,,,,,,,,,,,,,,,,,,,,,,,,,,,,,,,,,,,,,,,,,,,,,,,,,,,,,,,,,,,,,,,,,play_time_mod_0.8,
Run/6,"vraesier,head,37,-508,-5,0,4,1,1,0","vraesier,neck,18,-476,-4.5,0,7,1,1,0","vraesier,body,-11,-348,-11.5,0,6,1,1,0","vraesier,arm_up,-87,-401,-33,0,4,1,1,0","vraesier,arm_low,-128,-305,-6,0,5,1,1,0","vraesier,fist,-129,-238,-18,0,6,1,1,0","vraesier,arm_up,76,-378,28.7,0,18,1,1,0","vraesier,arm_low,64,-326,-64,0,3,1,0.9,0","vraesier,fist,0,-306,-69.2,1,5,1,1,0","vraesier,leg_up,-34.2,-244,22.9,0,8,1.1,1,0","vraesier,leg_low,-25.2,-147,-18,0,10,1,1,0","vraesier,foot,-58.8,-67.2,-65.4,0,11,1,1,0","vraesier,leg_up,-7.2,-218,-6.4,0,12,1,1,0","vraesier,leg_low,-37.2,-126,-25,0,13,1,1,0","vraesier,foot,-42,-36,2,0,17,1,1,0","vraesier,greatsword_base,-4,-333,10.1,0,14,1,1,0","vraesier,sword_base,-20,-406,-168.4,0,6,1,1,0","vraesier,hankerchief_speed2,-71,-301,-42,0,5,1,1,0",,,,,,,,,,,,,,,,,,,,,,,,,,,,,,,,,,,,,,,,,,,,,,,,,,,,,,,,,,,,,,,,,,,,,,,,,,,,,,,,,,,,,,,,,,,,,,,,,,,,play_time_mod_0.8,
Run/7,"vraesier,head,43,-502,-10,0,4,1,1,0","vraesier,neck,18,-464,-19.5,0,7,1,1,0","vraesier,body,-15,-340,-15.5,0,6,1,1,0","vraesier,arm_up,-89,-398,-39,0,4,1,1,0","vraesier,arm_low,-140,-319,-22,0,5,1,1,0","vraesier,fist,-163,-251,-35,0,7,1,1,0","vraesier,arm_up,75,-379,27.7,0,18,1,1,0","vraesier,arm_low,53,-316,-62.5,0,5,1,1,0","vraesier,fist,8,-302,-66.7,1,3,1,1,0","vraesier,leg_up,-34,-235,36.9,0,8,1.1,1.1,0","vraesier,leg_low,14,-139,16,0,10,1,1,0","vraesier,foot,43,-52,-10.4,0,11,1,1,0","vraesier,leg_up,-15.2,-218,-14.4,0,12,1,1,0","vraesier,leg_low,-53.2,-126,-25,0,13,1,1,0","vraesier,foot,-69,-36,-17,0,17,1,1,0","vraesier,greatsword_base,-10,-324,7.1,0,14,1,1,0","vraesier,sword_base,-12,-403,-169.4,0,4,1,1,0","vraesier,hankerchief_speed1,-73,-304,-54,0,5,1,1,0",,,,,,,,,,,,,,,,,,,,,,,,,,,,,,,,,,,,,,,,,,,,,,,,,,,,,,,,,,,,,,,,,,,,,,,,,,,,,,,,,,,,,,,,,,,,,,,,,,,,play_time_mod_0.8,
Run/8,"vraesier,head,43,-493,-8,0,4,1,1,0","vraesier,neck,21,-455,-17.5,0,7,1,1,0","vraesier,body,-12,-329,-14.5,0,6,1,1,0","vraesier,arm_up,-87,-400,-52,0,4,1,1,0","vraesier,arm_low,-165,-331,-36,0,5,1,1,0","vraesier,fist,-201,-276,-42,0,7,1,1,0","vraesier,arm_up,76,-363,34.7,0,18,1,1,0","vraesier,arm_low,60,-303,-60.5,0,5,1,1,0","vraesier,fist,17,-287,-64.7,1,3,1,1,0","vraesier,leg_up,-25,-225,46.9,0,8,1.1,1.2,0","vraesier,leg_low,38,-124,11,0,10,1,1,0","vraesier,foot,72,-48,14.6,0,11,1,1,0","vraesier,leg_up,-32.2,-202,-34.4,0,12,1,1,0","vraesier,leg_low,-95.2,-126,-32,0,13,1,1,0","vraesier,foot,-120,-37,-20,0,17,1,1,0","vraesier,greatsword_base,-2,-319,11.1,0,14,1,1,0","vraesier,sword_base,-9,-388,-167.4,0,4,1,1,0","vraesier,hankerchief_speed2,-73,-285,-41,0,5,1,1,0",,,,,,,,,,,,,,,,,,,,,,,,,,,,,,,,,,,,,,,,,,,,,,,,,,,,,,,,,,,,,,,,,,,,,,,,,,,,,,,,,,,,,,,,,,,,,,,,,,,,play_time_mod_0.8,
Run/9,"vraesier,head,67,-482,-11.5,0,4,1,1,0","vraesier,neck,42,-455,-24.5,0,7,1,1,0","vraesier,body,-5,-326,-18.5,0,6,1,1,0","vraesier,arm_up,-76,-407,-70,0,4,1,1,0","vraesier,arm_low,-181,-365,-61,0,5,1,1,0","vraesier,fist,-240,-326,-67,0,7,1,1,0","vraesier,arm_up,87,-361,33.7,0,18,1,1,0","vraesier,arm_low,77,-299,-58.5,0,5,1,1,0","vraesier,fist,30,-287,-70.7,1,3,1,1,0","vraesier,leg_up,-17,-213,40.8,0,7,1,1.3,0","vraesier,leg_low,44,-111,13.7,0,10,1,1,0","vraesier,foot,80,-28,4.4,0,14,1.1,1.1,0","vraesier,leg_up,-42.6,-199.4,-54.3,0,12,1,1,0","vraesier,leg_low,-139.6,-157.4,-77.2,0,13,1,1,0","vraesier,foot,-226.4,-134,-99,0,16,1,1,0","vraesier,greatsword_base,3,-316,4.1,0,14,1,1,0","vraesier,sword_base,6,-389,-170.4,0,4,1,1,0","vraesier,hankerchief_speed1,-66,-290,-53,0,5,1,1,0",,,,,,,,,,,,,,,,,,,,,,,,,,,,,,,,,,,,,,,,,,,,,,,,,,,,,,,,,,,,,,,,,,,,,,,,,,,,,,,,,,,,,,,,,,,,,,,,,,,,play_time_mod_0.8,
Run/10,"vraesier,head,65,-488,-9.5,0,4,1,1,0","vraesier,neck,42,-447,-26.5,0,7,1,1,0","vraesier,body,5,-325,-13.5,0,6,1,1,0","vraesier,arm_up,-71,-388,-63,0,4,1,1,0","vraesier,arm_low,-156,-333,-43,0,6,1,1,0","vraesier,fist,-198,-280,-40,0,8,1,1,0","vraesier,arm_up,100,-357,30.7,0,18,1,1,0","vraesier,arm_low,84,-295,-61.5,0,5,1,1,0","vraesier,fist,37,-286,-73.7,1,3,1,1,0","vraesier,leg_up,-4.6,-209.4,31.8,0,7,1,1.1,0","vraesier,leg_low,37,-113.6,11.7,0,10,1,1,0","vraesier,foot,71,-25.8,5.4,0,14,1,1,0","vraesier,leg_up,-39.6,-199.4,-39.3,0,12,1,1,0","vraesier,leg_low,-118.6,-140.4,-67.2,0,13,1,1,0","vraesier,foot,-198.4,-101,-89,0,16,1,1,0","vraesier,greatsword_base,9,-310,8.1,0,14,1,1,0","vraesier,sword_base,19,-391,-173.4,0,4,1,1,0","vraesier,hankerchief_speed2,-57,-281,-56,0,5,1,1,0",,,,,,,,,,,,,,,,,,,,,,,,,,,,,,,,,,,,,,,,,,,,,,,,,,,,,,,,,,,,,,,,,,,,,,,,,,,,,,,,,,,,,,,,,,,,,,,,,,,,play_time_mod_0.8,
Run/11,"vraesier,head,51,-499,-6.5,0,4,1,1,0","vraesier,neck,30,-452.4,-11.5,0,7,1,1,0","vraesier,body,-1.2,-333.8,-13.5,0,6,1,1,0","vraesier,arm_up,-79,-396.4,-45.9,0,4,1,1,0","vraesier,arm_low,-137.8,-316.4,-20.5,0,6,1,1,0","vraesier,fist,-159.4,-249.2,-27.8,0,8,1,1,0","vraesier,arm_up,86,-377.4,34.2,0,18,1,1,0","vraesier,arm_low,66.8,-317.6,-68,0,5,1,1,0","vraesier,fist,21.2,-310.4,-68.2,1,3,1,1,0","vraesier,leg_up,-26.4,-218.8,21.3,0,8,1,1,0","vraesier,leg_low,-2.4,-117.6,11.5,0,10,1,1,0","vraesier,foot,29.6,-30,6.4,0,11,1,1,0","vraesier,leg_up,-30.4,-205.6,-27.6,0,12,1,1,0","vraesier,leg_low,-89.4,-129.6,-48.9,0,13,1,1,0","vraesier,foot,-149.4,-57.6,-55,0,16,1,1,0","vraesier,greatsword_base,7.6,-324.4,10.1,0,14,1,1,0","vraesier,sword_base,-8.4,-405.6,-170.4,0,4,1,1,0","vraesier,hankerchief_speed1,-65.6,-289.6,-34.5,0,5,1,1,0",,,,,,,,,,,,,,,,,,,,,,,,,,,,,,,,,,,,,,,,,,,,,,,,,,,,,,,,,,,,,,,,,,,,,,,,,,,,,,,,,,,,,,,,,,,,,,,,,,,,play_time_mod_0.8,
Skill1/0,"vraesier,head,16,-522.4,-2,0,4,1,1,0","vraesier,neck,-3,-481.4,-12.5,0,7,1,1,0","vraesier,body,-12.8,-358.4,-4,0,6,1,1,0","vraesier,arm_up,-104,-418.4,-49.4,0,6,1,1,0","vraesier,arm_low,-173.4,-378.9,-65.3,0,8,1,1,0","vraesier,open_back,-238.4,-361.8,-68.2,0,10,1,1,0","vraesier,arm_up,72,-396.6,30.8,0,18,1,1,0","vraesier,arm_low,51.2,-341.4,-70,0,4,1,1,0","vraesier,fist,-23.5,-317.5,-65,1,5,1,1,0","vraesier,leg_up,-68,-215,-14.7,0,8,1.1,1,0","vraesier,leg_low,-105,-121.4,-18,0,10,1,1,0","vraesier,foot,-105.8,-28.4,-3.1,0,13,1,1,0","vraesier,leg_up,31,-221.4,33.7,0,12,1,1,0","vraesier,leg_low,66,-126.4,7,0,13,1,1,0","vraesier,foot,96.2,-31.4,6.5,0,15,1,1,0","vraesier,greatsword_base,-19.4,-347.4,18.1,0,14,1,1,0","vraesier,sword_base,-45.5,-414,-165.7,0,6,1,1,0","vraesier,handkerchief,-52.6,-272.6,-4,0,6,1,1,0",,,,,,,,,,,,,,,,,,,,,,,,,,,,,,,,,,,,,,,,,,,,,,,,,,,,,,,,,,,,,,,,,,,,,,,,,,,,,,,,,,,,,,,,,,,,,,,,,,,,,
Skill1/1,"vraesier,head,5,-522.4,2,0,4,1,1,0","vraesier,neck,-8,-481.4,-12.5,0,7,1,1,0","vraesier,body,-13.8,-358.4,-2,0,6,1,1,0","vraesier,arm_up,-104,-422.4,-53.4,0,6,1,1,0","vraesier,arm_low,-172.4,-432.9,-145.3,0,5,1,1,0","vraesier,open_back,-213,-504.1,-138.2,0,7,1,1,0","vraesier,arm_up,72,-397.6,34.8,0,18,1,1,0","vraesier,arm_low,57.2,-338.4,-62,0,4,1,1,0","vraesier,fist,-10.5,-307.5,-62,1,5,1,1,0","vraesier,leg_up,-66,-214,-15.7,0,8,1.1,1,0","vraesier,leg_low,-105,-121.4,-18,0,10,1,1,0","vraesier,foot,-105.8,-28.4,-3.1,0,13,1,1,0","vraesier,leg_up,38,-219.4,36.7,0,12,1,1,0","vraesier,leg_low,71,-126.4,4,0,13,1,1,0","vraesier,foot,96.2,-31.4,3.5,0,15,1,1,0","vraesier,greatsword_base,-20.4,-347.4,20.1,0,14,1,1,0","vraesier,sword_base,-45.5,-400,-159.7,0,6,1,1,0","vraesier,handkerchief,-47.6,-272.6,1,0,6,1,1,0",,,,,,,,,,,,,,,,,,,,,,,,,,,,,,,,,,,,,,,,,,,,,,,,,,,,,,,,,,,,,,,,,,,,,,,,,,,,,,,,,,,,,,,,,,,,,,,,,,,,,
Skill1/2,"vraesier,close,-9,-524.4,5,0,4,1,1,0","vraesier,neck,-22,-481.4,-12.5,0,7,1,1,0","vraesier,body,-21.8,-358.4,1,0,6,1,1,0","vraesier,arm_up,-128,-424.4,-80.4,0,6,1,1,0","vraesier,arm_low,-147.4,-467.9,145.7,0,5,1,1.1,0","vraesier,open_back,-100.8,-528.3,112.8,1,19,1,1,0","vraesier,arm_up,72,-407.6,44.8,0,18,1,1,0","vraesier,arm_low,67.2,-338.4,-42,0,4,1,1,0","vraesier,fist,13.5,-287.5,-33,1,5,1,1,0","vraesier,leg_up,-67,-215,-16.7,0,8,1.1,1,0","vraesier,leg_low,-108,-121.4,-18,0,10,1,1,0","vraesier,foot,-108.8,-28.4,-4.1,0,13,1,1,0","vraesier,leg_up,41,-219.4,37.7,0,12,1,1,0","vraesier,leg_low,80,-125.4,6,0,13,1,1,0","vraesier,foot,106.2,-31.4,4.5,0,15,1,1,0","vraesier,greatsword_base,-21.4,-347.4,22.1,0,14,1,1,0","vraesier,sword_base,-41.5,-361,-143.7,0,6,1,1,0","vraesier,handkerchief,-47.6,-269.6,8,0,6,1,1,0",,,,,,,,,,,,,,,,,,,,,,,,,,,,,,,,,,,,,,,,,,,,,,,,,,,,,,,,,,,,,,,,,,,,,,,,,,,,,,,,,,,,,,,,,,,,,,,,,,,play_time_mod_1.5,,"sword_unsheathe,2000,0"
Skill1/3,"vraesier,close,-6,-524.4,1,0,4,1,1,0","vraesier,neck,-22,-481.4,-12.5,0,7,1,1,0","vraesier,body,-21.8,-358.4,1,0,6,1,1,0","vraesier,arm_up,-130,-449.4,-112.4,0,6,1.1,1,0","vraesier,arm_low,-152.4,-505.9,145.7,0,3,1,1.1,0","vraesier,fist_back,-107.8,-558.3,132.8,1,12,1,1,0","vraesier,arm_up,72,-405.6,41.8,0,18,1,1,0","vraesier,arm_low,69.2,-336.4,-39,0,4,1,1,0","vraesier,fist,18.5,-284.5,-27,1,5,1,1,0","vraesier,leg_up,-67,-215,-16.7,0,8,1.1,1,0","vraesier,leg_low,-108,-121.4,-18,0,10,1,1,0","vraesier,foot,-108.8,-28.4,-4.1,0,13,1,1,0","vraesier,leg_up,41,-219.4,37.7,0,12,1,1,0","vraesier,leg_low,80,-125.4,6,0,13,1,1,0","vraesier,foot,106.2,-31.4,4.5,0,15,1,1,0","vraesier,greatsword_base,-46.4,-407.4,21.1,0,14,1,1,0","vraesier,sword_base,-46.5,-353,-137.7,0,6,1,1,0","vraesier,handkerchief,-47.6,-269.6,6,0,6,1,1,0",,,,,,,,,,,,,,,,,,,,,,,,,,,,,,,,,,,,,,,,,,,,,,,,,,,,,,,,,,,,,,,,,,,,,,,,,,,,,,,,,,,,,,,,,,,,,,,,,,,play_time_mod_0.5,,
Skill1/4,"vraesier,close,3,-525.4,-4,0,4,1,1,0","vraesier,neck,-17,-481.4,-12.5,0,7,1,1,0","vraesier,body,-21.8,-360.4,0,0,6,1,1,0","vraesier,arm_up,-124,-453.4,-108.4,0,4,1.1,1,0","vraesier,arm_low,-217.6,-491.9,-112.3,0,3,1,1,0","vraesier,fist_back,-282.6,-523.9,-107,1,12,1,1,0","vraesier,arm_up,65,-406.6,33.8,0,18,1,1,0","vraesier,arm_low,60.2,-337.4,-49,0,0,1,1,0","vraesier,fist,-0.5,-293.5,-45,1,2,1,1,0","vraesier,leg_up,-76,-214,-20.7,0,8,1.1,1,0","vraesier,leg_low,-124,-122.4,-25,0,10,1,1,0","vraesier,foot,-130.8,-28.4,-4.1,0,13,1,1,0","vraesier,leg_up,42,-219.4,37.7,0,12,1,1,0","vraesier,leg_low,80,-125.4,6,0,13,1,1,0","vraesier,foot,106.2,-31.4,4.5,0,15,1,1,0","vraesier,greatsword_base,-179.1,-650.4,141.1,0,14,1,1,0","vraesier,sword_base,-47.5,-384,-155.7,0,3,1,1,0","vraesier,handkerchief,-50.6,-272.6,-5,0,6,1,1,0",,,,,,,,,,,,,,,,,,,,,,,,,,,,,,,,,,,,,,,,,,,,,,,,,,,,,,,,,,,,,,,,,,,,,,,,,,,,,,,,,,,,,,,,,,,,,,,,,,,play_time_mod_0.2,,
Skill1/5,"vraesier,close,3,-525.4,-7,0,4,1,1,0","vraesier,neck,-17,-481.4,-12.5,0,7,1,1,0","vraesier,body,-21.8,-360.4,-1,0,6,1,1,0","vraesier,arm_up,-124,-445.4,-112.4,0,4,1,1,0","vraesier,arm_low,-141.6,-453.9,-108.3,0,3,1.2,1,0","vraesier,fist_back,-204.6,-477.9,-97,1,12,1,1.1,0","vraesier,arm_up,65,-406.6,33.8,0,18,1,1,0","vraesier,arm_low,60.2,-339.4,-51,0,0,1,1,0","vraesier,fist,-1.5,-298.5,-46,1,2,1,1,0","vraesier,leg_up,-75,-214,-20.7,0,8,1.1,1,0","vraesier,leg_low,-124,-122.4,-25,0,10,1,1,0","vraesier,foot,-130.8,-28.4,-4.1,0,13,1,1,0","vraesier,leg_up,42,-219.4,37.7,0,12,1,1,0","vraesier,leg_low,80,-125.4,6,0,13,1,1,0","vraesier,foot,106.2,-31.4,4.5,0,15,1,1,0","vraesier,greatsword_base,-153.2,-630,163.1,0,14,1.1,1,0","vraesier,sword_base,-45.5,-388,-156.7,0,3,1,1,0","vraesier,handkerchief,-50.6,-272.6,-5,0,6,1,1,0",,,,,,,,,,,,,,,,,,,,,,,,,,,,,,,,,,,,,,,,,,,,,,,,,,,,,,,,,,,,,,,,,,,,,,,,,,,,,,,,,,,,,,,,,,,,,,,,,,,play_time_mod_0.2,,
Skill1/6,"vraesier,head,6,-523.4,-7,0,4,1,1,0","vraesier,neck,-15,-479.4,-12.5,0,7,1,1,0","vraesier,body,-23.8,-360.4,-2,0,6,1,1,0","vraesier,arm_up,-114,-433.4,-68.4,0,4,1.1,1,0","vraesier,arm_low,-125.4,-393.2,51,0,1,1,1,0","vraesier,fist,-69.7,-349.9,59,1,3,1,1,0","vraesier,arm_up,63,-406.6,33.8,0,18,1,1,0","vraesier,arm_low,57.2,-341.4,-57,0,0,1,1,0","vraesier,fist,-6.5,-308.5,-46,1,2,1,1,0","vraesier,leg_up,-77,-213,-16.7,0,8,1.1,1.1,0","vraesier,leg_low,-125,-118.4,-30,0,10,1,1,0","vraesier,foot,-139.8,-30.4,-10.1,0,13,1,1,0","vraesier,leg_up,42,-217.4,40.7,0,12,1,1,0","vraesier,leg_low,81,-124.4,0,0,13,1,1,0","vraesier,foot,102.2,-31.4,2.5,0,15,1,1,0","vraesier,greatsword_base,10.7,-478,148.1,0,4,1.2,1,0","vraesier,sword_base,-53.5,-399,-156.7,0,3,1,1,0","vraesier,handkerchief,-50.6,-271.6,0,0,6,1,1,0",,,,,,,,,,,,,,,,,,,,,,,,,,,,,,,,,,,,,,,,,,,,,,,,,,,,,,,,,,,,,,,,,,,,,,,,,,,,,,,,,,,,,,,,,,,,,,,,,,,play_time_mod_0.5,,
Skill1/7,"vraesier,head,17,-523.4,-10,0,4,1,1,0","vraesier,neck,-7,-481.4,-12.5,0,7,1,1,0","vraesier,body,-16.8,-360.4,-5,0,6,1,1,0","vraesier,arm_up,-94,-412.4,-28.4,0,4,1.1,1,0","vraesier,arm_low,-85.8,-352.3,57,0,3,1,1,0","vraesier,fist,-13.4,-316.8,52,0,5,1,1,0","vraesier,arm_up,71,-406.6,39.8,0,18,1,1,0","vraesier,arm_low,56.2,-354.4,-72,0,0,1,1,0","vraesier,fist,-13.5,-340.5,-67,1,2,1,1,0","vraesier,leg_up,-73,-218,-14.7,0,8,1.1,1.1,0","vraesier,leg_low,-117,-121.4,-27,0,10,1,1,0","vraesier,foot,-133.8,-31.4,-11.1,0,13,1,1,0","vraesier,leg_up,42,-216.4,35.7,0,12,1,1,0","vraesier,leg_low,79,-122.4,5,0,13,1,1,0","vraesier,foot,103.2,-31.4,4.5,0,15,1,1,0","vraesier,greatsword_base,58.8,-457.8,154.1,0,6,1,1,0","vraesier,sword_base,-44.5,-438,-165.7,0,3,1,1,0","vraesier,handkerchief,-51.6,-274.6,-3,0,6,1,1,0",,,,,,,,,,,,,,,,,,,,,,,,,,,,,,,,,,,,,,,,,,,,,,,,,,,,,,,,,,,,,,,,,,,,,,,,,,,,,,,,,,,,,,,,,,,,,,,,,,,,,
Skill1/8,"vraesier,head,8,-523.4,-3,0,4,1,1,0","vraesier,neck,-12,-481.4,-12.5,0,7,1,1,0","vraesier,body,-18.8,-360.4,-3,0,6,1,1,0","vraesier,arm_up,-76,-408.4,-8.4,0,4,1.1,1,0","vraesier,arm_low,-45.8,-355.3,77,0,3,1,1,0","vraesier,fist,18.6,-344.8,62,0,5,1,1,0","vraesier,arm_up,61,-420.6,49.8,0,18,1,1,0","vraesier,arm_low,54.2,-383.4,-82,0,0,1,1,0","vraesier,fist,-15.5,-375.5,-57,1,2,1,1,0","vraesier,leg_up,-74,-218,-15.7,0,8,1.1,1.1,0","vraesier,leg_low,-120,-121.4,-27,0,10,1,1,0","vraesier,foot,-133.8,-31.4,-11.1,0,13,1,1,0","vraesier,leg_up,42,-216.4,35.7,0,12,1,1,0","vraesier,leg_low,80,-122.4,8,0,13,1,1,0","vraesier,foot,108.2,-31.4,4.5,0,15,1,1,0","vraesier,greatsword_base,64.8,-503.8,164.1,0,6,1,1,0","vraesier,sword_base,-64.5,-468,-155.7,0,3,1,1,0","vraesier,handkerchief,-53.6,-274.6,-6,0,6,1,1,0",,,,,,,,,,,,,,,,,,,,,,,,,,,,,,,,,,,,,,,,,,,,,,,,,,,,,,,,,,,,,,,,,,,,,,,,,,,,,,,,,,,,,,,,,,,,,,,,,,,,,
Skill1/9,"vraesier,head,-9,-521.4,-1,0,4,1,1,0","vraesier,neck,-14,-480.4,0,0,7,1,1,0","vraesier,body,-26.8,-358.4,-0.5,0,6,1,1,0","vraesier,arm_up,-41.2,-430.4,66,0,4,1,1,0","vraesier,arm_low,24,-437.2,131,0,3,1,1,0","vraesier,fist,74.4,-487.6,129,0,8,0.9,0.9,0","vraesier,arm_up,26,-417.6,44,0,18,1,1,0","vraesier,arm_low,18,-404.8,-119,0,1,1,1,0","vraesier,fist,-41.8,-420.2,-54,1,0,1,1,0","vraesier,leg_up,-78,-213.4,-14.2,0,8,1.1,1,0","vraesier,leg_low,-121,-124.4,-35,0,10,1,1,0","vraesier,foot,-152.8,-39.4,-28.6,0,13,1,1,0","vraesier,leg_up,42,-213.4,41.2,0,13,1,1,0","vraesier,leg_low,87,-122.4,3,0,14,1,1,0","vraesier,foot,109.2,-34.4,3,0,15,1,1,0","vraesier,greatsword_base,-43.4,-565.4,-123,0,9,0.9,0.9,0","vraesier,sword_base,-93,-509.8,-150,0,2,1,1,0","vraesier,handkerchief,-60.6,-270.6,-4,0,5,1,1,0",,,,,,,,,,,,,,,,,,,,,,,,,,,,,,,,,,,,,,,,,,,,,,,,,,,,,,,,,,,,,,,,,,,,,,,,,,,,,,,,,,,,,,,,,,,"demon,base,-2,-524,0,0,0,1,1,0",,,,,,,,,,
Skill1/10,"vraesier,head,36,-506.4,-7,0,4,1,1,0","vraesier,neck,10,-468.4,-24,0,7,1,1,0","vraesier,body,-12.8,-346.4,-8.5,0,6,1,1,0","vraesier,arm_up,-13.2,-422.4,66,0,4,1,1,0","vraesier,arm_low,78,-415.2,111,0,3,1,1,0","vraesier,fist,144.4,-435.6,98,0,3,1,1,0","vraesier,arm_up,77,-416.6,66,0,18,1,1,0","vraesier,arm_low,100,-394.8,-68,0,2,1,0.6,0","vraesier,fist,77.2,-391.2,-54,1,0,1,1,0","vraesier,leg_up,-86,-210,-30.2,0,8,1.1,1,0","vraesier,leg_low,-147,-130.4,-36,0,10,1,1,0","vraesier,foot,-174.8,-43.4,-27.6,0,13,1,1,0","vraesier,leg_up,38,-212.4,54.2,0,13,1,1,0","vraesier,leg_low,86,-123.4,-3.5,0,14,1,1,0","vraesier,foot,102.2,-34.4,3,0,15,1,1,0","vraesier,greatsword_swing_2,77.6,-565.4,-152,0,9,0.9,0.9,0","vraesier,sword_stab,-10,-442.8,-126,0,2,1,1,0","vraesier,hankerchief_speed1,-69.6,-283.6,-6,0,5,1,1,0",,,,,,,,,,,,,,,,,,,,,,,,,,,,,,,,,,,,,,,,,,,,,,,,,,,,,,,,,,,,,,,,,,,,,,,,,,,,,,,,,,,,,,,,,,,,,,,,,,,play_time_mod_0.4,,"swing_flat,2500,0"
Skill1/11,"vraesier,head,72,-483.4,-18,0,4,1,1,0","vraesier,neck,48,-456.4,-34,0,7,1,1,0","vraesier,body,1.2,-332.4,-15.5,0,6,1,1,0","vraesier,arm_up,14.8,-411.4,64,0,4,1,1,0","vraesier,arm_low,116,-385.2,90,0,3,1,1,0","vraesier,fist,187.8,-391.2,90,0,5,1,1,0","vraesier,arm_up,86,-393.6,44,0,18,1,1,0","vraesier,arm_low,159,-364.8,103,0,7,1,1,0","vraesier,fist,172,-367.8,-51,1,1,1,1,0","vraesier,leg_up,-79,-209,-34.2,0,8,1.1,1,0","vraesier,leg_low,-147,-136.4,-40,0,10,1,1,0","vraesier,foot,-184.8,-47.4,-34.6,0,13,1,1,0","vraesier,leg_up,55,-207,54.2,0,15,1,1,0","vraesier,leg_low,97,-123.4,-12.5,0,15,1,1,0","vraesier,foot,104.2,-30.4,-1,0,15,1,1,0","vraesier,greatsword_swing_2,125.6,-541.4,-160,0,23,1,1,1","vraesier,sword_stab,66,-430.8,-116,0,2,0.8,1.1,1","vraesier,hankerchief_speed2,-63.6,-285.6,-37,0,5,1,1,0",,,,,,,,,,,,,,,,,,,,,,,,,,,,,,,,,,,,,,,,,,,,,,,,,,,,,,,,,,,,,,,,,,,,,,,,,,,,,,,,,,,,,,,,,,,,,,,,,,,"sprite_deal_damage,play_time_mod_0.1",,"swing_flat_small,2500,0"
Skill1/12,"vraesier,head,73,-473.4,-20,0,4,1,1,0","vraesier,neck,48,-452.4,-34,0,7,1,1,0","vraesier,body,7.2,-326.4,-17.5,0,6,1,1,0","vraesier,arm_up,26.8,-402.4,72,0,4,1,1,0","vraesier,arm_low,134,-367.2,78,0,3,1,1,0","vraesier,fist,199.8,-345.2,37,0,4,1,1,0","vraesier,arm_up,102,-389.6,54,0,18,1,1,0","vraesier,arm_low,162,-340.8,52,0,4,1,1,0","vraesier,fist_back,211,-285.8,14,0,6,1,1,0","vraesier,leg_up,-81,-207,-39.2,0,8,1.1,1,0","vraesier,leg_low,-148,-140,-43,0,10,1,1,0","vraesier,foot,-198,-54,-38.6,0,13,1,1,0","vraesier,leg_up,50,-204.4,58.2,0,13,1,1,0","vraesier,leg_low,92,-125.4,-12.5,0,13,1,1,0","vraesier,foot,102.2,-34.4,3,0,15,1,1,0","vraesier,greatsword_swing_2,338,-445.2,126,0,9,1.1,1.1,1","vraesier,sword_swing,327.2,-277.6,91,1,7,1.1,1.1,1","vraesier,hankerchief_speed1,-61.6,-285.6,-45,0,5,1,1,0",,,,,,,,,,,,,,,,,,,,,,,,,,,,,,,,,,,,,,,,,,,,,,,,,,,,,,,,,,,,,,,,,,,,,,,,,,,,,,,,,,,,,,,,,,,,,,,,,,,"sprite_deal_damage,play_time_mod_0.1",,
Skill1/13,"vraesier,head,69,-477.4,-10,0,4,1,1,0","vraesier,neck,48,-450.4,-34,0,7,1,1,0","vraesier,body,7.2,-326.4,-17.5,0,6,1,1,0","vraesier,arm_up,10.8,-390.4,43,0,4,1,1,0","vraesier,arm_low,76,-322,47,0,3,1,1,0","vraesier,fist,115.8,-272.4,1,0,4,1,1,0","vraesier,arm_up,108,-389.6,71,0,18,1,1,0","vraesier,arm_low,206,-358.8,78,0,20,1,1,0","vraesier,fist_back,268.8,-333.6,37,0,27,1,1,0","vraesier,leg_up,-81,-207,-39.2,0,8,1.1,1,0","vraesier,leg_low,-148,-140,-43,0,10,1,1,0","vraesier,foot,-198,-54,-38.6,0,13,1,1,0","vraesier,leg_up,50,-204.4,58.2,0,13,1,1,0","vraesier,leg_low,92,-125.4,-12.5,0,13,1,1,0","vraesier,foot,102.2,-34.4,3,0,15,1,1,0","vraesier,greatsword_swing_2,291.6,-230,79,0,5,1.2,1.1,1","vraesier,sword_swing,367.4,-372.6,113,1,30,1,1,1","vraesier,hankerchief_speed2,-61.6,-285.6,-45,0,5,1,1,0",,,,,,,,,,,,,,,,,,,,,,,,,,,,,,,,,,,,,,,,,,,,,,,,,,,,,,,,,,,,,,,,,,,,,,,,,,,,,,,,,,,,,,,,,,,,,,,,,,,"sprite_deal_damage,play_time_mod_0.1",,
Skill1/14,"vraesier,head,75,-481.4,-8,0,4,1,1,0","vraesier,neck,48,-444.4,-42,0,7,1,1,0","vraesier,body,7.2,-326.4,-17.5,0,6,1,1,0","vraesier,arm_up,-7.2,-376.4,28,0,4,1,1,0","vraesier,arm_low,29,-318,39,0,3,1.2,1,0","vraesier,fist,64.8,-258.4,-2,0,4,1.1,1.1,0","vraesier,arm_up,94,-389.6,94,0,18,1,1,0","vraesier,arm_low,192,-399.8,103,0,20,1,1,0","vraesier,fist_back,263.8,-399.6,57,0,22,1,1,0","vraesier,leg_up,-81,-207,-39.2,0,8,1.1,1,0","vraesier,leg_low,-148,-140,-43,0,10,1,1,0","vraesier,foot,-198,-54,-38.6,0,13,1,1,0","vraesier,leg_up,50,-204.4,58.2,0,13,1,1,0","vraesier,leg_low,92,-125.4,-12.5,0,13,1,1,0","vraesier,foot,102.2,-34.4,3,0,15,1,1,0","vraesier,greatsword_swing_2,220.6,-195,70,0,6,1.3,1,1","vraesier,sword_swing,337.5,-475.4,138,1,24,0.9,0.9,1","vraesier,hankerchief_speed1,-57.6,-285.6,-45,0,5,1,1,0",,,,,,,,,,,,,,,,,,,,,,,,,,,,,,,,,,,,,,,,,,,,,,,,,,,,,,,,,,,,,,,,,,,,,,,,,,,,,,,,,,,,,,,,,,,,,,,,,,,"play_time_mod_0.1,sprite_deal_damage",,
Skill1/15,"vraesier,head,91,-473.4,-7,0,4,1,1,0","vraesier,neck,66,-442.4,-23,0,7,1,1,0","vraesier,body,15.2,-320.4,-20.5,0,6,1,1,0","vraesier,arm_up,-53.2,-388.4,-53,0,4,1,1,0","vraesier,arm_low,-97.2,-362.8,-55,0,3,1.1,1,0","vraesier,fist,-149.6,-328.6,-86,0,6,1,1,0","vraesier,arm_up,88,-401.6,113,0,18,1,1,0","vraesier,arm_low,170,-450.8,121,0,8,0.9,0.9,0","vraesier,fist_back,209.2,-464.8,95,1,8,0.9,0.9,0","vraesier,leg_up,-80,-206,-38.2,0,8,1.1,1,0","vraesier,leg_low,-148,-140,-44,0,10,1,1,0","vraesier,foot,-199,-55,-39.6,0,13,1,1,0","vraesier,leg_up,56,-196.4,59.2,0,13,1,1,0","vraesier,leg_low,99,-119.4,-10.5,0,13,1,1,0","vraesier,foot,108.2,-31.4,0,0,15,1,1,0","vraesier,greatsword_swing_2,-281.6,-251,-58,0,9,1,1,0","vraesier,sword_swing,274.4,-536,149,1,11,0.9,0.9,0","vraesier,hankerchief_speed2,-57.6,-285.6,-49,0,5,1,1,0",,,,,,,,,,,,,,,,,,,,,,,,,,,,,,,,,,,,,,,,,,,,,,,,,,,,,,,,,,,,,,,,,,,,,,,,,,,,,,,,,,,,,,,,,,,,,,,,,,,"sprite_deal_damage,play_time_mod_0.7",,
Skill1/16,"vraesier,head,80,-480.4,4,0,4,1,1,0","vraesier,neck,60,-438.4,-34,0,7,1,1,0","vraesier,body,15.2,-320.4,-18.5,0,6,1,1,0","vraesier,arm_up,-55.2,-396.4,-57,0,4,1,1,0","vraesier,arm_low,-121.2,-358.8,-62,0,6,1,1,0","vraesier,fist,-181.6,-338.6,-125,0,9,1,1,0","vraesier,arm_up,88,-407.6,120,0,18,1,1,0","vraesier,arm_low,171,-464.8,132,0,20,0.9,0.9,0","vraesier,fist_back,221.2,-494.8,78,0,22,0.9,0.9,0","vraesier,leg_up,-80,-203,-36.2,0,8,1.1,1,0","vraesier,leg_low,-148,-136,-48,0,10,1,1,0","vraesier,foot,-200,-55,-42.6,0,13,1,1,0","vraesier,leg_up,53,-196.4,59.2,0,13,1,1,0","vraesier,leg_low,96,-119.4,-10.5,0,13,1,1,0","vraesier,foot,105.2,-31.4,0,0,15,1,1,0","vraesier,greatsword_base,-337.6,-296,-77,0,10,1,1,0","vraesier,sword_base,240.4,-574,169,1,25,0.7,0.8,0","vraesier,hankerchief_speed1,-51.6,-280.6,-52,0,5,1,1,0",,,,,,,,,,,,,,,,,,,,,,,,,,,,,,,,,,,,,,,,,,,,,,,,,,,,,,,,,,,,,,,,,,,,,,,,,,,,,,,,,,,,,,,,,,,,,,,,,,,play_time_mod_1.5,,
Skill1/17,"vraesier,head,78,-481.4,2,0,4,1,1,0","vraesier,neck,63,-442.4,-34,0,7,1,1,0","vraesier,body,15.2,-320.4,-18.5,0,6,1,1,0","vraesier,arm_up,-55.2,-396.4,-61,0,4,1,1,0","vraesier,arm_low,-135.2,-364.8,-69,0,6,1,1,0","vraesier,fist,-185.6,-353.6,-121,0,9,1,1,0","vraesier,arm_up,86,-409.6,126,0,18,1,1,0","vraesier,arm_low,164,-464.8,138,0,20,0.9,0.9,0","vraesier,fist_back,207.2,-502.8,93,0,22,0.9,0.9,0","vraesier,leg_up,-77,-203,-32.2,0,8,1.1,1,0","vraesier,leg_low,-144,-128.4,-44,0,10,1,1,0","vraesier,foot,-184.8,-49.4,-34.6,0,13,1,1,0","vraesier,leg_up,56,-196.4,59.2,0,13,1,1,0","vraesier,leg_low,97,-119.4,-13.5,0,13,1,1,0","vraesier,foot,102.2,-31.4,0,0,15,1,1,0","vraesier,greatsword_base,-353.6,-335,-88,0,10,1,1,0","vraesier,sword_base,202.4,-583,-177,1,25,0.7,0.8,0","vraesier,hankerchief_speed1,-52.6,-272.6,-31,0,5,1,1,0",,,,,,,,,,,,,,,,,,,,,,,,,,,,,,,,,,,,,,,,,,,,,,,,,,,,,,,,,,,,,,,,,,,,,,,,,,,,,,,,,,,,,,,,,,,,,,,,,,,,,
Skill1/18,"vraesier,head,48,-488.4,-4,0,4,1,1,0","vraesier,neck,26,-458.4,-23,0,7,1,1,0","vraesier,body,-2.8,-326.4,-11.5,0,6,1,1,0","vraesier,arm_up,-89.2,-397.4,-56,0,4,1,1,0","vraesier,arm_low,-175.4,-395.6,-116,0,11,1,1,0","vraesier,fist_back,-245.4,-422.8,-91,1,14,1,1,0","vraesier,arm_up,82,-395.6,91,0,18,1,1,0","vraesier,arm_low,169.2,-406.8,113,0,8,1,1,0","vraesier,fist_back,235.4,-431.4,94,0,10,1,1,0","vraesier,leg_up,-73,-201,-25.2,0,8,1.1,1,0","vraesier,leg_low,-129,-121.4,-40,0,10,1,1,0","vraesier,foot,-160.8,-36.4,-20.6,0,13,1,1,0","vraesier,leg_up,38,-199.4,48.2,0,13,1,1,0","vraesier,leg_low,89,-113.4,6.5,0,14,1,1,0","vraesier,foot,112.2,-30.4,5,0,15,1,1,0","vraesier,greatsword_base,-246.6,-588.4,179,0,18,1,1,0","vraesier,sword_base,198.2,-530.6,-162,1,13,1,1,0","vraesier,hankerchief_speed2,-65.6,-270.6,-17,0,5,1,1,0",,,,,,,,,,,,,,,,,,,,,,,,,,,,,,,,,,,,,,,,,,,,,,,,,,,,,,,,,,,,,,,,,,,,,,,,,,,,,,,,,,,,,,,,,,,,,,,,,,,play_time_mod_0.5,,
Skill1/19,"vraesier,head,24,-498.4,-6,0,4,1,1,0","vraesier,neck,-1,-458.4,-33,0,7,1,1,0","vraesier,body,-12.8,-336.4,-5.5,0,6,1,1,0","vraesier,arm_up,-107.2,-442.4,-124,0,4,1,1,0","vraesier,arm_low,-177.4,-521.6,-150,0,3,1,1,0","vraesier,fist_back,-204.4,-575.8,-147,1,5,1,1,0","vraesier,arm_up,72,-399.6,64,0,18,1,1,0","vraesier,arm_low,165.2,-357.8,74,0,20,1,1,0","vraesier,fist_back,228.4,-332.4,48,0,22,1,1,0","vraesier,leg_up,-70,-207,-19.2,0,8,1.1,1,0","vraesier,leg_low,-122,-118.4,-34,0,10,1,1,0","vraesier,foot,-147.8,-29.4,-21.6,0,13,1,1,0","vraesier,leg_up,38,-202.4,41.2,0,13,1,1,0","vraesier,leg_low,82,-113.4,6.5,0,14,1,1,0","vraesier,foot,108.2,-30.4,5,0,15,1,1,0","vraesier,greatsword_base,-55.6,-649.4,116,0,7,1,1,0","vraesier,sword_base,273.2,-423.6,155,1,25,1,1,0","vraesier,hankerchief_speed1,-66.6,-261.6,12,0,5,1,1,0",,,,,,,,,,,,,,,,,,,,,,,,,,,,,,,,,,,,,,,,,,,,,,,,,,,,,,,,,,,,,,,,,,,,,,,,,,,,,,,,,,,,,,,,,,,,,,,,,,,play_time_mod_0.5,,
Skill1/20,"vraesier,head,22,-512.4,-1,0,4,1,1,0","vraesier,neck,3,-479.4,-13,0,7,1,1,0","vraesier,body,-11.8,-351.4,-5.5,0,6,1,1,0","vraesier,arm_up,-89.2,-463.4,-151,0,4,1,1,0","vraesier,arm_low,-89.8,-561,161,0,3,1,1,0","vraesier,fist_back,-59,-598.2,114,1,1,1,1,0","vraesier,arm_up,71,-405.6,50,0,18,1,1,0","vraesier,arm_low,117.2,-372.8,60,0,8,1.1,1,0","vraesier,fist_back,162.1,-341.2,48,0,8,1.1,1,0","vraesier,leg_up,-67,-210,-11.2,0,8,1.1,1,0","vraesier,leg_low,-100,-116.4,-20,0,10,1,1,0","vraesier,foot,-103.8,-27.4,-11.6,0,13,1,1,0","vraesier,leg_up,38,-198.4,34.2,0,13,1,1,0","vraesier,leg_low,74,-107.4,6.5,0,14,1,1,0","vraesier,foot,100.2,-28.4,5,0,15,1,1,0","vraesier,greatsword_base,-38.6,-432.2,4,0,10,1,1,0","vraesier,sword_base,208.5,-435.9,155,1,11,1.1,1,0","vraesier,hankerchief_speed2,-60.6,-273.6,23,0,5,1,1,0",,,,,,,,,,,,,,,,,,,,,,,,,,,,,,,,,,,,,,,,,,,,,,,,,,,,,,,,,,,,,,,,,,,,,,,,,,,,,,,,,,,,,,,,,,,,,,,,,,,play_time_mod_0.5,,
Skill1/21,"vraesier,head,27,-515.4,-0.5,0,4,1,1,0","vraesier,neck,8.4,-464.6,-13,0,7,1,1,0","vraesier,body,-8.8,-350.4,-4,0,6,1,1,0","vraesier,arm_up,-91.2,-453.4,-145,0,4,1,1,0","vraesier,arm_low,-90.8,-531,141,0,23,1,1,0","vraesier,fist_back,-40,-569.2,113,1,25,1,1,0","vraesier,arm_up,89,-397.6,42.8,0,18,1,1,0","vraesier,arm_low,95.2,-353.4,-76,0,1,1,0.8,0","vraesier,fist,41.5,-347.5,-66,1,2,1,1,0","vraesier,leg_up,-59,-214,-14.2,0,8,1.1,1,0","vraesier,leg_low,-100,-121.4,-28.5,0,10,1,1,0","vraesier,foot,-115.8,-32.4,-13.6,0,13,1,1,0","vraesier,leg_up,33,-212.4,36.2,0,13,1,1,0","vraesier,leg_low,68,-119.4,3,0,14,1,1,0","vraesier,foot,91.2,-30.4,4,0,15,1,1,0","vraesier,greatsword_base,-28.6,-402.2,4,0,26,1,1,0","vraesier,sword_base,19.5,-444,-168.7,0,3,1,1,0","vraesier,handkerchief,-56.6,-269.6,-43.5,1,5,1,1,0",,,,,,,,,,,,,,,,,,,,,,,,,,,,,,,,,,,,,,,,,,,,,,,,,,,,,,,,,,,,,,,,,,,,,,,,,,,,,,,,,,,,,,,,,,,,,,,,,,,,,"sword_sheathe,2000,0"
Skill1/22,"vraesier,head,21,-514.4,-6,0,4,1,1,0","vraesier,neck,-5.6,-459.6,-14.5,0,7,1,1,0","vraesier,body,-9.8,-350.4,-2.5,0,6,1,1,0","vraesier,arm_up,-105.2,-446.4,-133,0,4,1.1,0.9,0","vraesier,arm_low,-99.8,-487,119,0,23,1,1,0","vraesier,fist_back,-37,-512.2,113,1,25,1,1,0","vraesier,arm_up,83,-396.6,42.8,0,18,1,1,0","vraesier,arm_low,79.2,-353.4,-79,0,1,1,0.9,0","vraesier,fist,20.5,-346.5,-66,1,2,1,1,0","vraesier,leg_up,-61,-214,-15.7,0,8,1.1,1,0","vraesier,leg_low,-104,-124.4,-25,0,10,1,1,0","vraesier,foot,-121.8,-29.4,-17.1,0,13,1,1,0","vraesier,leg_up,34,-215.4,34.2,0,13,1,1,0","vraesier,leg_low,67,-119.4,4,0,14,1,1,0","vraesier,foot,92.2,-30.4,5,0,15,1,1,0","vraesier,greatsword_base,-25.6,-345.2,3,0,26,1,1,0","vraesier,sword_base,-1.5,-443,-168.7,0,3,1,1,0","vraesier,handkerchief,-44.6,-263.6,3.5,0,5,1,1,0",,,,,,,,,,,,,,,,,,,,,,,,,,,,,,,,,,,,,,,,,,,,,,,,,,,,,,,,,,,,,,,,,,,,,,,,,,,,,,,,,,,,,,,,,,,,,,,,,,,,,
Skill1/23,"vraesier,head,6,-521.4,-5,0,4,1,1,0","vraesier,neck,-11,-476.4,-4.5,0,7,1,1,0","vraesier,body,-19.8,-354.4,-3,0,6,1,1,0","vraesier,arm_up,-119.2,-457.4,-108,0,4,1,1,0","vraesier,arm_low,-199.8,-506,-131,0,23,1,1,0","vraesier,fist_back,-253.5,-556,-119,1,25,1,1,0","vraesier,arm_up,70,-405.6,42.8,0,18,1,1,0","vraesier,arm_low,60.2,-362.4,-79,0,1,1,1,0","vraesier,fist,-10.5,-353.5,-66,1,2,1,1,0","vraesier,leg_up,-67,-217,-10.2,0,8,1.1,1,0","vraesier,leg_low,-97,-124.4,-16.5,0,10,1,1,0","vraesier,foot,-100.8,-31.4,-12.1,0,13,1,1,0","vraesier,leg_up,30,-215.4,34.2,0,13,1,1,0","vraesier,leg_low,68,-119.4,8,0,14,1,1,0","vraesier,foot,97.2,-30.4,5,0,15,1,1,0","vraesier,greatsword_base,-16.4,-348.4,13.6,0,14,1,1,0","vraesier,sword_base,-32.5,-450,-169.7,0,3,1,1,0","vraesier,handkerchief,-55.6,-267.6,-3,0,5,1,1,0",,,,,,,,,,,,,,,,,,,,,,,,,,,,,,,,,,,,,,,,,,,,,,,,,,,,,,,,,,,,,,,,,,,,,,,,,,,,,,,,,,,,,,,,,,,,,,,,,,,play_time_mod_0.5,,
Skill1/24,"vraesier,head,15,-523.4,-2,0,4,1,1,0","vraesier,neck,-3,-481.4,-12.5,0,7,1,1,0","vraesier,body,-12.8,-358.4,-4,0,6,1,1,0","vraesier,arm_up,-103,-423.4,-52.4,0,6,1,1,0","vraesier,arm_low,-183.8,-363.4,-44.3,0,8,1,1,0","vraesier,fist,-232,-312.5,-61.2,0,10,1,1,0","vraesier,arm_up,74,-397.6,30.8,0,18,1,1,0","vraesier,arm_low,51.2,-343.4,-76,0,4,1,1,0","vraesier,fist,-20.5,-327.5,-66,1,5,1,1,0","vraesier,leg_up,-65,-219,-9.2,0,8,1.1,1,0","vraesier,leg_low,-95,-124.4,-16.5,0,10,1,1,0","vraesier,foot,-97.8,-33.4,-9.1,0,13,1,1,0","vraesier,leg_up,31,-221.4,32.7,0,12,1,1,0","vraesier,leg_low,66,-126.4,7,0,13,1,1,0","vraesier,foot,96.2,-31.4,6.5,0,15,1,1,0","vraesier,greatsword_base,-12.4,-350.4,12.1,0,14,1,1,0","vraesier,sword_base,-34.5,-424,-169.7,0,6,1,1,0","vraesier,handkerchief,-52.6,-272.6,-4,0,6,1,1,0",,,,,,,,,,,,,,,,,,,,,,,,,,,,,,,,,,,,,,,,,,,,,,,,,,,,,,,,,,,,,,,,,,,,,,,,,,,,,,,,,,,,,,,,,,,,,,,,,,,,,
Skill2/0,"vraesier,head,36,-512.4,-11,0,4,1,1,0","vraesier,neck,9,-477.4,-26.5,0,7,1,1,0","vraesier,body,-10.8,-353.4,-9,0,6,1,1,0","vraesier,arm_up,-89,-410.4,-35.4,0,6,1,1,0","vraesier,arm_low,-133.8,-319.4,-8.3,0,8,1,1,0","vraesier,fist,-142,-248.5,-20.2,0,10,1,1,0","vraesier,arm_up,73,-389.6,28.8,0,18,1,1,0","vraesier,arm_low,52.2,-346.4,-89,0,4,1,1,0","vraesier,fist,-19.5,-350.5,-71,1,5,1,1,0","vraesier,leg_up,-70,-216,-15.7,0,8,1.1,1,0","vraesier,leg_low,-113,-121.4,-22,0,10,1,1,0","vraesier,foot,-122.8,-31.4,-12.1,0,13,1,1,0","vraesier,leg_up,29,-219.4,36.7,0,12,1,1,0","vraesier,leg_low,68,-124.4,5,0,13,1,1,0","vraesier,foot,96.2,-31.4,4.5,0,15,1,1,0","vraesier,greatsword_base,-18.4,-342.4,15.1,0,14,1,1,0","vraesier,sword_base,-38.5,-448,-172.7,0,6,1,1,0","vraesier,handkerchief,-48.6,-262.6,0,0,6,1,1,0",,,,,,,,,,,,,,,,,,,,,,,,,,,,,,,,,,,,,,,,,,,,,,,,,,,,,,,,,,,,,,,,,,,,,,,,,,,,,,,,,,,,,,,,,,,,,,,,,,,play_time_mod_0.5,,
Skill2/1,"vraesier,head,48,-508.4,-13,0,4,1,1,0","vraesier,neck,19,-474.4,-26.5,0,7,1,1,0","vraesier,body,-7.8,-351.4,-13,0,6,1,1,0","vraesier,arm_up,-78,-414.4,-45.4,0,6,1,1,0","vraesier,arm_low,-131.8,-331.4,-15.3,0,8,1,1,0","vraesier,fist,-150,-260.5,-30.2,0,10,1,1,0","vraesier,arm_up,86,-395.6,36.8,0,18,1,1,0","vraesier,arm_low,68.2,-369.4,-102,0,4,1,1,0","vraesier,fist,-1.5,-379.5,-61,1,5,1,1,0","vraesier,leg_up,-77,-219,-16.7,0,8,1.1,1,0","vraesier,leg_low,-123,-126.4,-28,0,10,1,1,0","vraesier,foot,-143.8,-33.4,-18.1,0,13,1,1,0","vraesier,leg_up,29,-217.4,40.7,0,12,1,1,0","vraesier,leg_low,71,-124.4,2,0,13,1,1,0","vraesier,foot,96.2,-31.4,4.5,0,15,1,1,0","vraesier,greatsword_base,-8.4,-341.4,6.1,0,14,1,1,0","vraesier,sword_base,-40.5,-473,-159.7,0,6,1,1,0","vraesier,handkerchief,-47.6,-264.6,4,0,6,1,1,0",,,,,,,,,,,,,,,,,,,,,,,,,,,,,,,,,,,,,,,,,,,,,,,,,,,,,,,,,,,,,,,,,,,,,,,,,,,,,,,,,,,,,,,,,,,,,,,,,,,,,
Skill2/2,"vraesier,head,56,-504.4,-11,0,4,1,1,0","vraesier,neck,29,-471.4,-26.5,0,7,1,1,0","vraesier,body,-3.8,-347.4,-16,0,6,1,1,0","vraesier,arm_up,-75,-414.4,-48.4,0,6,1,1,0","vraesier,arm_low,-131.8,-337.4,-19.3,0,8,1,1,0","vraesier,fist,-155,-265.5,-30.2,0,10,1,1,0","vraesier,arm_up,90,-398.6,54.3,0,18,1,1,0","vraesier,arm_low,93.2,-389.4,-120,0,3,1,1,0","vraesier,fist,28.2,-405.4,-55,1,4,1,1,0","vraesier,leg_up,-81,-218,-19.7,0,8,1.1,1,0","vraesier,leg_low,-130,-128.4,-30,0,10,1,1,0","vraesier,foot,-153.8,-36.4,-21.1,0,13,1,1,0","vraesier,leg_up,30,-213.4,44.7,0,12,1,1,0","vraesier,leg_low,74,-120.4,-1,0,13,1,1,0","vraesier,foot,96.2,-31.4,6.5,0,15,1,1,0","vraesier,greatsword_base,-3.4,-341.4,5.1,0,14,1,1,0","vraesier,sword_base,-53.8,-473.4,-131,0,6,1,1,0","vraesier,handkerchief,-45.6,-262.6,6,0,6,1,1,0",,,,,,,,,,,,,,,,,,,,,,,,,,,,,,,,,,,,,,,,,,,,,,,,,,,,,,,,,,,,,,,,,,,,,,,,,,,,,,,,,,,,,,,,,,,,,,,,,,,play_time_mod_0.7,,
Skill2/3,"vraesier,head,69,-502.4,-11,0,4,1,1,0","vraesier,neck,39,-466.4,-40.5,0,7,1,1,0","vraesier,body,1.2,-347.4,-18,0,6,1,1,0","vraesier,arm_up,-72,-414.4,-53.4,0,6,1,1,0","vraesier,arm_low,-136.8,-343.4,-23.3,0,8,1,1,0","vraesier,fist,-164,-272.5,-35.2,0,10,1,1,0","vraesier,arm_up,101,-398.6,54.3,0,18,1,1,0","vraesier,arm_low,104.2,-394.4,-127,0,3,1,1,0","vraesier,fist,42.2,-416.4,-65,1,4,1,1,0","vraesier,leg_up,-77,-221,-21.7,0,8,1.1,1,0","vraesier,leg_low,-131,-131.4,-33,0,10,1,1,0","vraesier,foot,-161.8,-39.4,-24.1,0,13,1,1,0","vraesier,leg_up,30,-213.4,44.7,0,12,1,1,0","vraesier,leg_low,74,-120.4,-1,0,13,1,1,0","vraesier,foot,96.2,-31.4,6.5,0,15,1,1,0","vraesier,greatsword_base,4.6,-341.4,3.1,0,14,1,1,0","vraesier,sword_base,-28.8,-482.4,-135,0,6,1,1,0","vraesier,handkerchief,-38.6,-263.6,9,0,6,1,1,0",,,,,,,,,,,,,,,,,,,,,,,,,,,,,,,,,,,,,,,,,,,,,,,,,,,,,,,,,,,,,,,,,,,,,,,,,,,,,,,,,,,,,,,,,,,,,,,,,,,,,
Skill2/4,"vraesier,head,73,-500.4,-14,0,4,1,1,0","vraesier,neck,42,-466.4,-40.5,0,7,1,1,0","vraesier,body,4.2,-345.4,-19,0,6,1,1,0","vraesier,arm_up,-68,-415.4,-56.4,0,6,1,1,0","vraesier,arm_low,-136.8,-347.4,-28.3,0,8,1,1,0","vraesier,fist,-169,-278.5,-40.2,0,10,1,1,0","vraesier,arm_up,116,-392.6,56.3,0,18,1,1.1,0","vraesier,arm_low,123.2,-383.4,-123,0,3,1,1,0","vraesier,fist,59.2,-414.4,-65,1,4,1,1,0","vraesier,leg_up,-76,-221,-21.7,0,8,1.1,1,0","vraesier,leg_low,-131,-131.4,-36,0,10,1,1,0","vraesier,foot,-166.8,-43.4,-31.1,0,13,1,1,0","vraesier,leg_up,35,-210.4,48.7,0,12,1,1,0","vraesier,leg_low,77,-120.4,-4,0,13,1,1,0","vraesier,foot,96.2,-31.4,6.5,0,15,1,1,0","vraesier,greatsword_base,6.6,-336.4,1.1,0,14,1,1,0","vraesier,sword_base,-17.8,-483.4,-135,0,6,1,1,0","vraesier,handkerchief,-47.6,-264.6,-11,0,6,1,1,0",,,,,,,,,,,,,,,,,,,,,,,,,,,,,,,,,,,,,,,,,,,,,,,,,,,,,,,,,,,,,,,,,,,,,,,,,,,,,,,,,,,,,,,,,,,,,,,,,,,,,"swing_flat_small,2500,0"
Skill2/5,"vraesier,head,85,-491.4,-17,0,4,1,1,0","vraesier,neck,52,-457.4,-40.5,0,7,1,1,0","vraesier,body,10.2,-341.4,-22,0,6,1,1,0","vraesier,arm_up,-60,-420.4,-60.4,0,6,1,1,0","vraesier,arm_low,-139.8,-366.4,-45.3,0,8,1,1,0","vraesier,fist,-189,-312.5,-55.2,0,10,1,1,0","vraesier,arm_up,103,-377.6,45.3,0,18,1,1,0","vraesier,arm_low,101.2,-371.4,-128,0,5,1,1,0","vraesier,fist,75.4,-409.6,-178,1,3,1,1,0","vraesier,leg_up,-76,-221,-25.7,0,8,1.1,1,0","vraesier,leg_low,-135,-134.4,-36,0,10,1,1,0","vraesier,foot,-172.8,-44.4,-31.1,0,13,1,1,0","vraesier,leg_up,41,-208.4,51.7,0,12,1,1.1,0","vraesier,leg_low,88,-115.4,-12,0,13,1,1,0","vraesier,foot,96.2,-31.4,5.5,0,15,1,1,0","vraesier,greatsword_base,8.6,-336.4,-0.9,0,14,1,1,0","vraesier,sword_stab,164.4,-357,59,0,5,1.1,1.1,1","vraesier,handkerchief,-62.6,-280.6,-62,1,6,1,1,0",,,,,,,,,,,,,,,,,,,,,,,,,,,,,,,,,,,,,,,,,,,,,,,,,,,,,,,,,,,,,,,,,,,,,,,,,,,,,,,,,,,,,,,,,,,,,,,,,,,"play_time_mod_0.3,sprite_deal_damage",,
Skill2/6,"vraesier,head,45,-515.4,-9,0,4,1,1,0","vraesier,neck,22,-482.4,-17,0,7,1,1,0","vraesier,body,-6.8,-358.4,-14,0,6,1,1,0","vraesier,arm_up,-95,-424.4,-61.3,0,4,1,1,0","vraesier,arm_low,-173.8,-363.4,-37,0,6,1,1,0","vraesier,fist,-213,-307.5,-55.2,0,13,1,1,0","vraesier,arm_up,82,-399.2,39.3,0,18,1,1,0","vraesier,arm_low,143.6,-340,50.3,0,5,1,1,0","vraesier,fist_back,180.8,-293.2,-7,0,8,1,1,0","vraesier,leg_up,-86,-224,-20.7,0,8,1.1,1.1,0","vraesier,leg_low,-135,-129.4,-25,0,10,1,1,0","vraesier,foot,-150.8,-31.4,-16.1,0,13,1,1,0","vraesier,leg_up,41,-213.4,47.7,0,12,1,1.1,0","vraesier,leg_low,86,-115.4,-8,0,13,1,1,0","vraesier,foot,96.2,-31.4,5.5,0,15,1,1,0","vraesier,greatsword_base,-6.4,-348.4,5.1,0,14,1,1,0","vraesier,sword_stab,291.6,-249.2,68,0,18,0.7,1.1,1","vraesier,hankerchief_speed1,-73.6,-305.6,-23,0,5,1,1,0",,,,,,,,,,,,,,,,,,,,,,,,,,,,,,,,,,,,,,,,,,,,,,,,,,,,,,,,,,,,,,,,,,,,,,,,,,,,,,,,,,,,,,,,,,,,,,,,,,,"play_time_mod_0.3,sprite_deal_damage",,
Skill2/7,"vraesier,head,61,-499.4,-9,0,4,1,1,0","vraesier,neck,36,-464.4,-33,0,7,1,1,0","vraesier,body,-0.8,-348.4,-15,0,6,1,1,0","vraesier,arm_up,-83,-426.4,-68.3,0,4,1,1,0","vraesier,arm_low,-165.8,-372.4,-41,0,6,1,1,0","vraesier,fist,-217,-315.5,-55.2,0,13,1,1,0","vraesier,arm_up,79.2,-377.2,17,0,18,1,1,0","vraesier,arm_low,120.2,-294.4,42.3,0,20,1,1,0","vraesier,fist_back,165.8,-236.2,13,0,22,1,1,0","vraesier,leg_up,-88,-214,-27.7,0,8,1.1,1.1,0","vraesier,leg_low,-145,-124.4,-26,0,10,1,1,0","vraesier,foot,-158.8,-31.4,-14.1,0,13,1,1,0","vraesier,leg_up,44,-214.4,47.7,0,13,1,1,0","vraesier,leg_low,84,-122.4,-9,0,14,1,1,0","vraesier,foot,93.2,-30.4,1.5,0,15,1,1,0","vraesier,greatsword_base,-6.4,-344.4,1.1,0,14,1,1,0","vraesier,sword_stab,258.4,-205.8,71,0,38,0.7,0.9,1","vraesier,hankerchief_speed2,-69.6,-298.6,-26,0,5,1,1,0",,,,,,,,,,,,,,,,,,,,,,,,,,,,,,,,,,,,,,,,,,,,,,,,,,,,,,,,,,,,,,,,,,,,,,,,,,,,,,,,,,,,,,,,,,,,,,,,,,,"play_time_mod_0.3,sprite_deal_damage",,
Skill2/8,"vraesier,head,43,-515.4,-8,0,4,1,1,0","vraesier,neck,22,-478.4,-17,0,7,1,1,0","vraesier,body,-6.8,-358.4,-14,0,6,1,1,0","vraesier,arm_up,-83,-430.4,-53.3,0,4,1,1,0","vraesier,arm_low,-149.8,-362.4,-28,0,6,1,1,0","vraesier,fist,-188,-297.5,-51.2,0,13,1,1,0","vraesier,arm_up,40,-393.6,-13.7,0,18,1,1,0","vraesier,arm_low,51.2,-314.4,34.3,0,15,1,1,0","vraesier,fist,94.4,-283,130,1,17,1,1,0","vraesier,leg_up,-87,-218,-21.7,0,8,1.1,1.1,0","vraesier,leg_low,-137,-124.4,-25,0,10,1,1,0","vraesier,foot,-150.8,-31.4,-16.1,0,13,1,1,0","vraesier,leg_up,36,-214.4,42.7,0,13,1,1,0","vraesier,leg_low,71,-124.4,-8,0,14,1,1,0","vraesier,foot,84.2,-34.4,4.5,0,15,1,1,0","vraesier,greatsword_base,-10.4,-350.4,3.1,0,14,1,1,0","vraesier,sword_base,19.2,-336.6,-125,0,22,0.9,0.9,0","vraesier,handkerchief,-74.6,-291.6,-70,1,5,1,1,0",,,,,,,,,,,,,,,,,,,,,,,,,,,,,,,,,,,,,,,,,,,,,,,,,,,,,,,,,,,,,,,,,,,,,,,,,,,,,,,,,,,,,,,,,,,,,,,,,,,"play_time_mod_1.5,sprite_deal_damage",,
Skill2/9,"vraesier,head,32,-518.4,-2,0,4,1,1,0","vraesier,neck,19,-474.4,-17,0,7,1,1,0","vraesier,body,-9.8,-358.4,-8,0,6,1,1,0","vraesier,arm_up,-95,-420.4,-50.3,0,4,1,1,0","vraesier,arm_low,-157.8,-344.4,-23,0,6,1,1,0","vraesier,fist,-182,-278.5,-35.2,0,13,1,1,0","vraesier,arm_up,48,-393.6,-7.7,0,18,1,1,0","vraesier,arm_low,49.2,-319.4,44.3,0,15,1,1,0","vraesier,fist,88.4,-294,144,1,17,1,1,0","vraesier,leg_up,-79,-214,-21.7,0,8,1.1,1,0","vraesier,leg_low,-128,-124.4,-23,0,10,1,1,0","vraesier,foot,-137.8,-33.4,-12.1,0,13,1,1,0","vraesier,leg_up,36,-221.4,38.7,0,13,1,1,0","vraesier,leg_low,68,-126.4,-8,0,14,1,1,0","vraesier,foot,80.2,-34.4,1.5,0,15,1,1,0","vraesier,greatsword_base,-12.4,-352.4,8.1,0,14,1,1,0","vraesier,sword_base,-4.8,-355.6,-123,0,22,1,1,0","vraesier,handkerchief,-61.6,-279.6,-15,0,5,1,1,0",,,,,,,,,,,,,,,,,,,,,,,,,,,,,,,,,,,,,,,,,,,,,,,,,,,,,,,,,,,,,,,,,,,,,,,,,,,,,,,,,,,,,,,,,,,,,,,,,,,play_time_mod_0.5,,
Skill2/10,"vraesier,head,23,-519.4,-3,0,4,1,1,0","vraesier,neck,4,-482.4,-26,0,7,1,1,0","vraesier,body,-12.8,-358.4,-7,0,6,1,1,0","vraesier,arm_up,-101,-415.4,-45.3,0,4,1,1,0","vraesier,arm_low,-146.8,-331.4,-5,0,6,1,1,0","vraesier,fist,-150,-261.5,-20.2,0,13,1,1,0","vraesier,arm_up,56,-391.6,14.3,0,18,1,1,0","vraesier,arm_low,92.2,-294.4,42.3,0,20,1,1,0","vraesier,fist_back,142.4,-250.6,52.3,0,22,1,1,0","vraesier,leg_up,-73,-218.4,-16.7,0,8,1.1,1,0","vraesier,leg_low,-115,-126.4,-23,0,10,1,1,0","vraesier,foot,-124.8,-33.4,-11.1,0,13,1,1,0","vraesier,leg_up,33,-218.4,33.7,0,13,1,1,0","vraesier,leg_low,66,-122.4,-1,0,14,1,1,0","vraesier,foot,84.2,-30.4,1.5,0,15,1,1,0","vraesier,greatsword_base,-10.4,-354.4,12.1,0,14,1,1,0","vraesier,sword_base,170.2,-354,164,0,26,1,1,0","vraesier,handkerchief,-61.6,-275.6,-13,0,5,1,1,0",,,,,,,,,,,,,,,,,,,,,,,,,,,,,,,,,,,,,,,,,,,,,,,,,,,,,,,,,,,,,,,,,,,,,,,,,,,,,,,,,,,,,,,,,,,,,,,,,,,,,
Skill2/11,"vraesier,head,22,-519.4,-3,0,4,1,1,0","vraesier,neck,4,-482.4,-26,0,7,1,1,0","vraesier,body,-12.8,-358.4,-7,0,6,1,1,0","vraesier,arm_up,-101,-415.4,-45.3,0,4,1,1,0","vraesier,arm_low,-146.8,-331.4,-5,0,6,1,1,0","vraesier,fist,-150,-261.5,-20.2,0,13,1,1,0","vraesier,arm_up,52,-386.6,7.3,0,18,1,1,0","vraesier,arm_low,78.2,-306.4,65.3,0,20,1,0.8,0","vraesier,fist_back,129.4,-282.6,53.3,0,22,1,1,0","vraesier,leg_up,-73,-218.4,-16.7,0,8,1.1,1,0","vraesier,leg_low,-115,-126.4,-23,0,10,1,1,0","vraesier,foot,-124.8,-33.4,-11.1,0,13,1,1,0","vraesier,leg_up,33,-218.4,33.7,0,13,1,1,0","vraesier,leg_low,66,-122.4,-1,0,14,1,1,0","vraesier,foot,84.2,-30.4,1.5,0,15,1,1,0","vraesier,greatsword_base,-10.4,-354.4,12.1,0,14,1,1,0","vraesier,sword_base,153.2,-386,165,0,26,1,1,0","vraesier,handkerchief,-60.6,-274.6,-10,0,5,1,1,0",,,,,,,,,,,,,,,,,,,,,,,,,,,,,,,,,,,,,,,,,,,,,,,,,,,,,,,,,,,,,,,,,,,,,,,,,,,,,,,,,,,,,,,,,,,,,,,,,,,play_time_mod_0.2,,
Skill2/12,"vraesier,head,19,-520.4,-2,0,4,1,1,0","vraesier,neck,4,-482.4,-26,0,7,1,1,0","vraesier,body,-13.8,-358.4,-5,0,6,1,1,0","vraesier,arm_up,-99,-412.4,-41.3,0,4,1,1,0","vraesier,arm_low,-139.8,-325.4,-3,0,6,1,1,0","vraesier,fist,-142,-254.5,-15.2,0,13,1,1,0","vraesier,arm_up,76,-391.6,29.3,0,18,1,1,0","vraesier,arm_low,70.2,-332.4,-62.7,0,4,1,0.8,0","vraesier,fist,11,-315,-63,1,5,1,1,0","vraesier,leg_up,-68,-218.4,-12.7,0,8,1.1,1,0","vraesier,leg_low,-104,-126.4,-19,0,10,1,1,0","vraesier,foot,-108.8,-33.4,-8.1,0,13,1,1,0","vraesier,leg_up,33,-218.4,33.7,0,13,1,1,0","vraesier,leg_low,66,-122.4,-1,0,14,1,1,0","vraesier,foot,84.2,-30.4,1.5,0,15,1,1,0","vraesier,greatsword_base,-14.4,-351.4,15.1,0,14,1,1,0","vraesier,sword_base,-19.5,-413.5,-162,0,6,1,1,0","vraesier,handkerchief,-57.6,-270.6,-10,0,5,1,1,0",,,,,,,,,,,,,,,,,,,,,,,,,,,,,,,,,,,,,,,,,,,,,,,,,,,,,,,,,,,,,,,,,,,,,,,,,,,,,,,,,,,,,,,,,,,,,,,,,,,,,
Skill3/0,"vraesier,head,17,-522.4,-7,0,4,1,1,0","vraesier,neck,-3,-481.4,-12.5,0,7,1,1,0","vraesier,body,-12.8,-358.4,-4,0,6,1,1,0","vraesier,arm_up,-94,-408.4,-32.4,0,6,1,1,0","vraesier,arm_low,-130.8,-313.4,-5.3,0,8,1,1,0","vraesier,fist,-136,-243.5,-19.2,0,10,1,1,0","vraesier,arm_up,66,-396.6,24.8,0,18,1,1,0","vraesier,arm_low,41.2,-341.4,-75,0,4,1,1,0","vraesier,fist,-30.5,-324.5,-65,1,5,1,1,0","vraesier,leg_up,-64,-212,-12.7,0,8,1.1,1,0","vraesier,leg_low,-99,-118,-17,0,10,1,1,0","vraesier,foot,-98.8,-28.4,-3.1,0,13,1,1,0","vraesier,leg_up,28,-221,33.7,0,12,1,1,0","vraesier,leg_low,66,-126.4,7,0,13,1,1,0","vraesier,foot,96.2,-31.4,6.5,0,15,1,1,0","vraesier,greatsword_base,-19.4,-347.4,17.1,0,14,1,1,0","vraesier,sword_base,-47.5,-422,-170.7,0,6,1,1,0","vraesier,handkerchief,-52.6,-272.6,-4,0,6,1,1,0",,,,,,,,,,,,,,,,,,,,,,,,,,,,,,,,,,,,,,,,,,,,,,,,,,,,,,,,,,,,,,,,,,,,,,,,,,,,,,,,,,,,,,,,,,,,,,,,,,,,,
Skill3/1,"vraesier,head,6,-527.4,3,0,4,1,1,0","vraesier,neck,-8,-481.4,-12.5,0,7,1,1,0","vraesier,body,-15.8,-358.4,-2,0,6,1,1,0","vraesier,arm_up,-103,-408.4,-32.4,0,6,1,1,0","vraesier,arm_low,-141.8,-313.4,-5.3,0,8,1,1,0","vraesier,open,-138,-233.5,-8.2,1,10,1,1,0","vraesier,arm_up,66,-399.6,29.8,0,18,1,1,0","vraesier,arm_low,46.2,-344.4,-73,0,4,1,1,0","vraesier,fist,-25.5,-327.5,-63,1,5,1,1,0","vraesier,leg_up,-65,-217.4,-12.7,0,8,1.1,1,0","vraesier,leg_low,-99,-121.4,-16,0,10,1,1,0","vraesier,foot,-98.8,-28.4,-3.1,0,13,1,1,0","vraesier,leg_up,33,-219.4,29.7,0,12,1,1,0","vraesier,leg_low,68,-123.4,9,0,13,1,1,0","vraesier,foot,101.2,-31.4,8.5,0,15,1,1,0","vraesier,greatsword_base,-23.4,-348.4,19.1,0,14,1,1,0","vraesier,sword_base,-47.5,-426,-168.7,0,6,1,1,0","vraesier,handkerchief,-50.6,-272.6,-2,0,6,1,1,0",,,,,,,,,,,,,,,,,,,,,,,,,,,,,,,,,,,,,,,,,,,,,,,,,,,,,,,,,,,,,,,,,,,,,,,,,,,,,,,,,,,,,,,,,,,,,,,,,,,,,
Skill3/2,"vraesier,close,-3,-528.4,9,0,4,1,1,0","vraesier,neck,-14,-479.4,-12.5,0,7,1,1,0","vraesier,body,-21.8,-358.4,0,0,6,1,1,0","vraesier,arm_up,-106,-404.4,-30.4,0,6,1,1,0","vraesier,arm_low,-144.8,-313.4,-11.3,0,8,1,1,0","vraesier,open,-155,-233.5,-20.2,1,10,1,1,0","vraesier,arm_up,60,-403.6,33.8,0,18,1,1,0","vraesier,arm_low,46.2,-349.4,-67,0,4,1,1,0","vraesier,fist,-24.5,-323.5,-55,1,5,1,1,0","vraesier,leg_up,-65,-217.4,-12.7,0,8,1.1,1,0","vraesier,leg_low,-99,-121.4,-16,0,10,1,1,0","vraesier,foot,-98.8,-28.4,-3.1,0,13,1,1,0","vraesier,leg_up,33,-219.4,31.7,0,12,1,1,0","vraesier,leg_low,68,-123.4,7,0,13,1,1,0","vraesier,foot,101.2,-31.4,9.5,0,15,1,1,0","vraesier,greatsword_base,-23.4,-346.4,21.1,0,14,1,1,0","vraesier,sword_base,-50.5,-425,-165.7,0,6,1,1,0","vraesier,handkerchief,-51.6,-270.6,1,0,6,1,1,0",,,,,,,,,,,,,,,,,,,,,,,,,,,,,,,,,,,,,,,,,,,,,,,,,,,,,,,,,,,,,,,,,,,,,,,,,,,,,,,,,,,,,,,,,,,,,,,,,,,,,
Skill3/3,"vraesier,close,-5,-528.4,12,0,4,1,1,0","vraesier,neck,-16,-479.4,-12.5,0,7,1,1,0","vraesier,body,-21.8,-358.4,0,0,6,1,1,0","vraesier,arm_up,-106,-404.4,-31.4,0,6,1,1,0","vraesier,arm_low,-147.8,-313.4,-15.3,0,8,1,1,0","vraesier,open,-162,-233.5,-26.2,1,10,1,1,0","vraesier,arm_up,60,-403.6,33.8,0,18,1,1,0","vraesier,arm_low,46.2,-351.4,-69,0,4,1,1,0","vraesier,fist,-24.5,-328.5,-59,1,5,1,1,0","vraesier,leg_up,-65,-217.4,-12.7,0,8,1.1,1,0","vraesier,leg_low,-99,-121.4,-16,0,10,1,1,0","vraesier,foot,-98.8,-28.4,-3.1,0,13,1,1,0","vraesier,leg_up,33,-219.4,31.7,0,12,1,1,0","vraesier,leg_low,68,-123.4,7,0,13,1,1,0","vraesier,foot,101.2,-31.4,9.5,0,15,1,1,0","vraesier,greatsword_base,-23.4,-346.4,21.1,0,14,1,1,0","vraesier,sword_base,-50.5,-428,-167.7,0,6,1,1,0","vraesier,handkerchief,-51.6,-270.6,1,0,6,1,1,0",,,,,,,,,,,,,,,,,,,,,,,,,,,,,,,,,,,,,,,,,,,,,,,,,,,,,,,,,,,,,,,,,,,,,,,,,,,,,,,,,,,,,,,,,,,,,,,,,,,,,
Skill3/4,"vraesier,close,25,-512.4,-8,0,4,1,1,0","vraesier,neck,-1,-479.4,-19.5,0,7,1,1,0","vraesier,body,-15.8,-352.4,-7,0,6,1,1,0","vraesier,arm_up,-102,-405.4,-37.4,0,6,1,1,0","vraesier,arm_low,-146.8,-315.4,-8.3,0,8,1,1,0","vraesier,fist,-152,-246.5,13.8,1,10,1,1,0","vraesier,arm_up,70,-393.6,33.8,0,18,1,1,0","vraesier,arm_low,56.2,-341.4,-69,0,4,1,1,0","vraesier,fist,-14.5,-318.5,-59,1,5,1,1,0","vraesier,leg_up,-65,-215.4,-8.7,0,8,1.1,1,0","vraesier,leg_low,-99,-119.4,-21,0,10,1,1,0","vraesier,foot,-103.8,-28.4,-3.1,0,13,1,1,0","vraesier,leg_up,31,-213.4,39.7,0,12,1,1,0","vraesier,leg_low,71,-123.4,4,0,13,1,1,0","vraesier,foot,101.2,-31.4,9.5,0,15,1,1,0","vraesier,greatsword_base,-13.4,-336.4,10.1,0,14,1,1,0","vraesier,sword_base,-40.5,-418,-167.7,0,6,1,1,0","vraesier,handkerchief,-51.6,-261.6,1,0,6,1,1,0",,,,,,,,,,,,,,,,,,,,,,,,,,,,,,,,,,,,,,,,,,,,,,,,,,,,,,,,,,,,,,,,,,,,,,,,,,,,,,,,,,,,,,,,,,,"movement,summon,-8,-100,0,0,7,1.5,1,0",,,,,,,,,,"deep_flow,2000,0"
Skill3/5,"vraesier,close,38,-504.4,-18,0,4,1,1,0","vraesier,neck,7,-475.4,-23.5,0,7,1,1,0","vraesier,body,-12.8,-347.4,-9,0,6,1,1,0","vraesier,arm_up,-92,-407.4,-44.4,0,6,1,1,0","vraesier,arm_low,-146.8,-322.4,-12.3,0,8,1,1,0","vraesier,fist,-158,-251.5,13.8,1,10,1,1,0","vraesier,arm_up,74,-386.6,33.8,0,18,1,1,0","vraesier,arm_low,60.2,-334.4,-74,0,4,1,1,0","vraesier,fist,-10.5,-317.5,-66,1,5,1,1,0","vraesier,leg_up,-65,-215.4,-8.7,0,8,1.1,1,0","vraesier,leg_low,-101,-119.4,-25,0,10,1,1,0","vraesier,foot,-109.8,-28.4,-3.1,0,13,1,1,0","vraesier,leg_up,33,-212.4,41.7,0,12,1,1,0","vraesier,leg_low,72,-123.4,3,0,13,1,1,0","vraesier,foot,101.2,-31.4,9.5,0,15,1,1,0","vraesier,greatsword_base,-12.4,-334.4,8.1,0,14,1,1,0","vraesier,sword_base,-28.5,-421,-172.7,0,6,1,1,0","vraesier,handkerchief,-47.6,-262.6,4,0,6,1,1,0",,,,,,,,,,,,,,,,,,,,,,,,,,,,,,,,,,,,,,,,,,,,,,,,,,,,,,,,,,,,,,,,,,,,,,,,,,,,,,,,,,,,,,,,,,,"movement,summon,-8,-86,0,1,7,1.6,0.8,0",,,,,,,,play_time_mod_1.2,,
Skill3/6,"vraesier,close,38,-502.4,-20,0,4,1,1,0","vraesier,neck,7,-475.4,-23.5,0,7,1,1,0","vraesier,body,-12.8,-347.4,-9,0,6,1,1,0","vraesier,arm_up,-92,-411.4,-49.4,0,6,1,1,0","vraesier,arm_low,-144.8,-329.4,-12.3,0,8,1,1,0","vraesier,fist,-153,-261.5,18.8,1,10,1,1,0","vraesier,arm_up,77,-382.6,32.8,0,18,1,1,0","vraesier,arm_low,60.2,-335.4,-79,0,4,1,1,0","vraesier,fist,-10.5,-321.5,-71,1,5,1,1,0","vraesier,leg_up,-65,-215.4,-8.7,0,8,1.1,1,0","vraesier,leg_low,-101,-119.4,-25,0,10,1,1,0","vraesier,foot,-109.8,-28.4,-3.1,0,13,1,1,0","vraesier,leg_up,33,-212.4,41.7,0,12,1,1,0","vraesier,leg_low,72,-123.4,3,0,13,1,1,0","vraesier,foot,101.2,-31.4,9.5,0,15,1,1,0","vraesier,greatsword_base,-12.4,-334.4,8.1,0,14,1,1,0","vraesier,sword_base,-28.5,-425,-173.7,0,6,1,1,0","vraesier,handkerchief,-47.6,-262.6,4,0,6,1,1,0",,,,,,,,,,,,,,,,,,,,,,,,,,,,,,,,,,,,,,,,,,,,,,,,,,,,,,,,,,,,,,,,,,,,,,,,,,,,,,,,,,,,,,,,,,,"movement,summon,-8,-44,0,0,7,1.2,0.4,0",,,,,,,,play_time_mod_1.5,,
Standup/0,"vraesier,head,-255.8,-183.8,49.5,0,4,1,1,0","vraesier,neck,-237.4,-148.2,49.2,0,7,1,1,0","vraesier,body,-117.4,-98.2,69.8,0,6,1,1,0","vraesier,arm_up,-187.4,-38.2,45.9,0,4,1,1,0","vraesier,arm_low,-101,1,89.3,0,5,1,1,0","vraesier,fist,-41.2,-1.6,77.5,0,6,1,1,0","vraesier,arm_up,-126,-183.6,92,0,17,1,1,0","vraesier,arm_low,-28.8,-159.4,69,0,2,1,1,0","vraesier,fist,32.2,-130.8,72,1,3,1,1,0","vraesier,leg_up,34,-35,86.9,0,8,1.1,1,0","vraesier,leg_low,134.8,-20.6,85.7,0,10,1,1,0","vraesier,foot,228,-30.4,81,0,12,1,1,0","vraesier,leg_up,46.2,-124.4,106.1,0,17,1,1,0","vraesier,leg_low,137.6,-102.2,38.5,0,17,1,1,0","vraesier,foot,192.8,-35.6,5.2,0,18,1,1,0","vraesier,greatsword_base,-117.2,-110.8,93.5,0,19,1,1,0","vraesier,sword_base,-11.6,-45.6,-27.7,0,4,1,1,0","vraesier,handkerchief,-60,-24.6,26,0,5,1,1,0",,,,,,,,,,,,,,,,,,,,,,,,,,,,,,,,,,,,,,,,,,,,,,,,,,,,,,,,,,,,,,,,,,,,,,,,,,,,,,,,,,,,,,,,,,,,,,,,,,,play_time_mod_1.3,,
Standup/1,"vraesier,head,-200.8,-252.8,31.5,0,4,1,1,0","vraesier,neck,-194.4,-213.2,22.2,0,7,1,1,0","vraesier,body,-97.4,-136.2,49.8,0,6,1,1,0","vraesier,arm_up,-190.4,-95.2,9.9,0,4,1,1,0","vraesier,arm_low,-151,-20,51.3,0,5,1,1,0","vraesier,fist,-99.1,20.2,47.5,0,6,1,1,0","vraesier,arm_up,-86,-226.6,92,0,17,1,1,0","vraesier,arm_low,10.2,-192.4,57,0,2,1,1,0","vraesier,fist,62.2,-143.8,48,1,3,1,1,0","vraesier,leg_up,1,-39,76.9,0,8,1.1,1,0","vraesier,leg_low,94.8,3.4,54.7,0,10,1,1,0","vraesier,foot,178,33.6,56,0,12,1,1,0","vraesier,leg_up,53.2,-117.4,106.1,0,17,1,1,0","vraesier,leg_low,134.6,-90.2,28.5,0,17,1,1,0","vraesier,foot,177.8,-17.6,7.2,0,18,1,1,0","vraesier,greatsword_base,-97.2,-119.8,65.5,0,19,1,1,0","vraesier,sword_base,-12.6,-71.6,-45.7,0,4,1,1,0","vraesier,handkerchief,-53,-53.6,26,0,5,1,1,0",,,,,,,,,,,,,,,,,,,,,,,,,,,,,,,,,,,,,,,,,,,,,,,,,,,,,,,,,,,,,,,,,,,,,,,,,,,,,,,,,,,,,,,,,,,,,,,,,,,play_time_mod_0.2,,
Standup/2,"vraesier,head,-140,-339.8,24,0,4,1,1,0","vraesier,neck,-140.4,-298.2,23.2,0,7,1,1,0","vraesier,body,-78.8,-187.2,27.6,0,6,1,1,0","vraesier,arm_up,-184,-181,-16.5,0,4,1,1,0","vraesier,arm_low,-179,-91,29.4,0,6,1,1,0","vraesier,fist,-144,-32,12.7,0,8,1,1,0","vraesier,arm_up,-18.7,-263.8,64,0,17,1,1,0","vraesier,arm_low,41.5,-200.6,31,0,2,1,1,0","vraesier,fist,73.5,-135,36,1,3,1,1,0","vraesier,leg_up,-28,-81,57.9,0,8,1.1,1,0","vraesier,leg_low,36.8,-3.6,15.7,0,10,1,1,0","vraesier,foot,66,63,1,0,12,1,1,0","vraesier,leg_up,32,-116.6,103.6,0,17,1,1,0","vraesier,leg_low,127.2,-86.4,33.7,0,17,1,1,0","vraesier,foot,177,-15.8,6.2,0,18,1,1,0","vraesier,greatsword_base,-55.4,-197.4,55.4,0,19,1,1,0","vraesier,sword_base,0.7,-62.8,-48,0,4,1,1,0","vraesier,handkerchief,-74,-95.6,13.5,0,5,1,1,0",,,,,,,,,,,,,,,,,,,,,,,,,,,,,,,,,,,,,,,,,,,,,,,,,,,,,,,,,,,,,,,,,,,,,,,,,,,,,,,,,,,,,,,,,,,,,,,,,,,play_time_mod_0.5,,
Standup/3,"vraesier,head,-102.8,-378,9,0,4,1,1,0","vraesier,neck,-112.6,-328.2,-13.8,0,7,1,1,0","vraesier,body,-70.8,-225.2,22.1,0,6,1,1,0","vraesier,arm_up,-178,-234,-30.2,0,4,1,1,0","vraesier,arm_low,-199,-149,9.9,0,6,1,1,0","vraesier,fist,-185,-82,1.7,0,7,1,1,0","vraesier,arm_up,-14.7,-296.8,52,0,17,1,1,0","vraesier,arm_low,32.5,-221.6,19,0,2,1,1,0","vraesier,fist,51.5,-155,26,1,3,1,1,0","vraesier,leg_up,-55,-97,-0.8,0,11,1.2,1,0","vraesier,leg_low,-99,-35,-83.3,0,10,1,1,0","vraesier,foot,-167,-5,-70.7,0,12,1,1,0","vraesier,leg_up,38,-137.6,95.6,0,17,1,1,0","vraesier,leg_low,108.2,-94.4,11.2,0,17,1,1,0","vraesier,foot,140,-11.8,3.2,0,18,1,1,0","vraesier,greatsword_base,-61.4,-233.4,43.4,0,19,1,1,0","vraesier,sword_base,-35.3,-113.8,-72,0,4,1,1,0","vraesier,handkerchief,-70,-130.6,11,0,5,1,1,0",,,,,,,,,,,,,,,,,,,,,,,,,,,,,,,,,,,,,,,,,,,,,,,,,,,,,,,,,,,,,,,,,,,,,,,,,,,,,,,,,,,,,,,,,,,,,,,,,,,,,
Standup/4,"vraesier,head,-57.8,-437,3,0,4,1,1,0","vraesier,neck,-75.6,-387.2,-13.8,0,7,1,1,0","vraesier,body,-55.8,-275.2,8.1,0,6,1,1,0","vraesier,arm_up,-153,-302,-20.2,0,4,1,1,0","vraesier,arm_low,-171,-208,2.9,0,6,1,1,0","vraesier,fist,-165,-135,-7.3,0,7,1,1,0","vraesier,arm_up,15.3,-336.8,52,0,17,1,1,0","vraesier,arm_low,48.5,-264.6,0,0,2,1,1,0","vraesier,fist,47.5,-195,21,1,3,1,1,0","vraesier,leg_up,-58,-148,13.2,0,12,1.1,1,0","vraesier,leg_low,-83,-60,-51.3,0,12,1.1,1,0","vraesier,foot,-143,0,-67.7,0,14,1,1,0","vraesier,leg_up,49,-165.6,70.6,0,17,1,1,0","vraesier,leg_low,105.2,-96.4,-1.8,0,17,1,1,0","vraesier,foot,121,-13.8,1.2,0,18,1,1,0","vraesier,greatsword_base,-59.4,-263.4,32.4,0,19,1,1,0","vraesier,sword_base,-52.3,-176.8,-87,0,4,1,1,0","vraesier,handkerchief,-68,-183.6,6,0,5,1,1,0",,,,,,,,,,,,,,,,,,,,,,,,,,,,,,,,,,,,,,,,,,,,,,,,,,,,,,,,,,,,,,,,,,,,,,,,,,,,,,,,,,,,,,,,,,,,,,,,,,,,,
Standup/5,"vraesier,smile,-18,-490,0,0,4,1,1,0","vraesier,neck,-37,-436,-13.8,0,7,1,1,0","vraesier,body,-31,-326,3.1,0,6,1,1,0","vraesier,arm_up,-108,-370,-20.2,0,4,1,1,0","vraesier,arm_low,-134,-268,-0.1,0,6,1,1,0","vraesier,fist,-131,-194,-8.3,0,7,1,1,0","vraesier,arm_up,43,-372,32,0,17,1,1,0","vraesier,arm_low,56,-287,-8,0,2,1,1,0","vraesier,fist,45,-210,10,1,3,1,1,0","vraesier,leg_up,-57,-181,-3.8,0,11,1.1,1,0","vraesier,leg_low,-91,-82,-35.3,0,13,1.1,1,0","vraesier,foot,-130,-6,-37.7,0,14,1,1,0","vraesier,leg_up,37,-175.6,40.6,0,17,1,1,0","vraesier,leg_low,80.2,-86.4,7.2,0,19,1,1,0","vraesier,foot,106,-8.8,1.2,0,20,1,1,0","vraesier,greatsword_base,-30,-315,23.4,0,19,1,1,0","vraesier,sword_base,-51,-230,-99,0,4,1,1,0","vraesier,handkerchief,-52,-238,11,0,5,1,1,0",,,,,,,,,,,,,,,,,,,,,,,,,,,,,,,,,,,,,,,,,,,,,,,,,,,,,,,,,,,,,,,,,,,,,,,,,,,,,,,,,,,,,,,,,,,,,,,,,,,play_time_mod_0.5,,
Standup/6,"vraesier,smile,15,-515,-4,0,4,1,1,0","vraesier,neck,-3,-463,-13.8,0,7,1,1,0","vraesier,body,-13,-350,-4.9,0,6,1,1,0","vraesier,arm_up,-94,-401,-30.2,0,4,1,1,0","vraesier,arm_low,-125,-306,-0.1,0,6,1,1,0","vraesier,fist,-122,-238,-8.3,0,7,1,1,0","vraesier,arm_up,63,-396,32,0,17,1,1,0","vraesier,arm_low,63,-313,-26,0,2,1,1,0","vraesier,fist,28,-248,-11,1,3,1,1,0","vraesier,leg_up,-60,-209,-12.8,0,11,1.1,1,0","vraesier,leg_low,-91,-118,-13.3,0,13,1,1,0","vraesier,foot,-88,-26,-4.7,0,14,1,1,0","vraesier,leg_up,38,-205,32.6,0,17,1,1,0","vraesier,leg_low,73,-109,8.2,0,19,1,1,0","vraesier,foot,101,-23,2.2,0,20,1,1,0","vraesier,greatsword_base,-22,-337,13.4,0,19,1,1,0","vraesier,sword_base,-55,-303,-124,0,4,1,1,0","vraesier,handkerchief,-48,-259,7,0,5,1,1,0",,,,,,,,,,,,,,,,,,,,,,,,,,,,,,,,,,,,,,,,,,,,,,,,,,,,,,,,,,,,,,,,,,,,,,,,,,,,,,,,,,,,,,,,,,,,,,,,,,,play_time_mod_0.5,,
Standup/7,"vraesier,head,17,-522.4,-7,0,4,1,1,0","vraesier,neck,-3,-481.4,-12.5,0,7,1,1,0","vraesier,body,-12.8,-358.4,-4,0,6,1,1,0","vraesier,arm_up,-94,-408.4,-32.4,0,6,1,1,0","vraesier,arm_low,-130.8,-313.4,-5.3,0,8,1,1,0","vraesier,fist,-136,-243.5,-19.2,0,10,1,1,0","vraesier,arm_up,66,-396.6,24.8,0,18,1,1,0","vraesier,arm_low,41.2,-341.4,-75,0,4,1,1,0","vraesier,fist,-30.5,-324.5,-65,1,5,1,1,0","vraesier,leg_up,-64,-212,-12.7,0,8,1.1,1,0","vraesier,leg_low,-99,-118,-17,0,10,1,1,0","vraesier,foot,-98.8,-28.4,-3.1,0,13,1,1,0","vraesier,leg_up,28,-221,33.7,0,12,1,1,0","vraesier,leg_low,66,-126.4,7,0,13,1,1,0","vraesier,foot,96.2,-31.4,6.5,0,15,1,1,0","vraesier,greatsword_base,-19.4,-347.4,17.1,0,14,1,1,0","vraesier,sword_base,-47.5,-422,-170.7,0,6,1,1,0","vraesier,handkerchief,-52.6,-272.6,-4,0,6,1,1,0",,,,,,,,,,,,,,,,,,,,,,,,,,,,,,,,,,,,,,,,,,,,,,,,,,,,,,,,,,,,,,,,,,,,,,,,,,,,,,,,,,,,,,,,,,,,,,,,,,,,,
UseItem/0,"vraesier,head,19,-522.4,-8,0,4,1,1,0","vraesier,neck,-1,-480.4,-14.5,0,7,1,1,0","vraesier,body,-11.8,-358.4,-6,0,6,1,1,0","vraesier,arm_up,-99,-416.4,-41.4,0,6,1,1,0","vraesier,arm_low,-116.8,-340.4,22.7,0,13,1,1,0","vraesier,open_back,-81.8,-269,12.8,1,15,1,1,0","vraesier,arm_up,66,-395.6,23.8,0,18,1,1,0","vraesier,arm_low,41.2,-342.4,-78,0,4,1,1,0","vraesier,fist,-30.5,-330.5,-70,1,5,1,1,0","vraesier,leg_up,-65,-217.4,-12.7,0,8,1.1,1,0","vraesier,leg_low,-99,-121.4,-16,0,10,1,1,0","vraesier,foot,-98.8,-28.4,-3.1,0,13,1,1,0","vraesier,leg_up,31,-219.4,34.7,0,12,1,1,0","vraesier,leg_low,66,-126.4,4,0,13,1,1,0","vraesier,foot,93.2,-31.4,4.5,0,15,1,1,0","vraesier,greatsword_base,-18.4,-348.4,16.1,0,14,1,1,0","vraesier,sword_base,-48.5,-428,-172.7,0,6,1,1,0","vraesier,handkerchief,-50.6,-269.6,-1,0,6,1,1,0",,,,,,,,,,,,,,,,,,,,,,,,,,,,,,,,,,,,,,,,,,,,,,,,,,,,,,,,,,,,,,,,,,,,,,,,,,,,,,,,,,,,,,,,,,,,,,,,,,,play_time_mod_0.8,,
UseItem/1,"vraesier,head,25,-517.4,-10,0,4,1,1,0","vraesier,neck,3,-478.4,-14.5,0,7,1,1,0","vraesier,body,-9.8,-356.4,-8,0,6,1,1,0","vraesier,arm_up,-93,-414.4,-36.4,0,6,1,1,0","vraesier,arm_low,-98.8,-340.4,35.7,0,13,1,1,0","vraesier,open_back,-37.8,-279,42.8,1,15,1,1,0","vraesier,arm_up,69,-384.6,16.8,0,18,1,1,0","vraesier,arm_low,41.2,-336.4,-84,0,4,1,1,0","vraesier,fist,-30.5,-331.5,-74,1,5,1,1,0","vraesier,leg_up,-67,-218.4,-10.7,0,8,1.1,1,0","vraesier,leg_low,-101,-121.4,-18,0,10,1,1,0","vraesier,foot,-101.8,-28.4,-3.1,0,13,1,1,0","vraesier,leg_up,29,-216.4,40.7,0,12,1,1,0","vraesier,leg_low,69,-123.4,1,0,13,1,1,0","vraesier,foot,91.2,-31.4,1.5,0,15,1,1,0","vraesier,greatsword_base,-15.4,-345.4,13.1,0,14,1,1,0","vraesier,sword_base,-44.5,-430,-175.7,0,6,1,1,0","vraesier,handkerchief,-49.6,-269.6,3,0,6,1,1,0",,,,,,,,,,,,,,,,,,,,,,,,,,,,,,,,,,,,,,,,,,,,,,,,,,,,,,,,,,,,,,,,,,,,,,,,,,,,,,,,,,,,,,,,,,,,,,,,,,,play_time_mod_0.5,,
UseItem/2,"vraesier,head,26,-516.4,-11,0,4,1,1,0","vraesier,neck,3,-478.4,-14.5,0,7,1,1,0","vraesier,body,-9.8,-356.4,-8,0,6,1,1,0","vraesier,arm_up,-92,-414.4,-34.4,0,6,1,1,0","vraesier,arm_low,-92.8,-340.4,41.7,0,13,1,1,0","vraesier,open_back,-33.8,-281,42.8,1,15,1,1,0","vraesier,arm_up,69,-384.6,16.8,0,18,1,1,0","vraesier,arm_low,41.2,-337.4,-85,0,4,1,1,0","vraesier,fist,-30.5,-333.5,-75,1,5,1,1,0","vraesier,leg_up,-67,-218.4,-10.7,0,8,1.1,1,0","vraesier,leg_low,-101,-121.4,-18,0,10,1,1,0","vraesier,foot,-101.8,-28.4,-3.1,0,13,1,1,0","vraesier,leg_up,29,-216.4,40.7,0,12,1,1,0","vraesier,leg_low,69,-123.4,1,0,13,1,1,0","vraesier,foot,91.2,-31.4,1.5,0,15,1,1,0","vraesier,greatsword_base,-15.4,-345.4,13.1,0,14,1,1,0","vraesier,sword_base,-44.5,-432,-176.7,0,6,1,1,0","vraesier,handkerchief,-49.6,-269.6,3,0,6,1,1,0",,,,,,,,,,,,,,,,,,,,,,,,,,,,,,,,,,,,,,,,,,,,,,,,,,,,,,,,,,,,,,,,,,,,,,,,,,,,,,,,,,,,,,,,,,,,,,,,,,,play_time_mod_1.2,,
UseItem/3,"vraesier,head,21,-518.4,-7,0,4,1,1,0","vraesier,neck,-2,-478.4,-14.5,0,7,1,1,0","vraesier,body,-13.8,-356.4,-6,0,6,1,1,0","vraesier,arm_up,-96,-415.4,-26.4,0,6,1,1,0","vraesier,arm_low,-124.8,-336.4,-1.3,0,13,1,1,0","vraesier,open_back,-117.8,-261,-7.2,1,15,1,1,0","vraesier,arm_up,64,-390.6,16.8,0,18,1,1,0","vraesier,arm_low,31.2,-333.4,-77,0,4,1,1,0","vraesier,fist,-44.5,-315.5,-61,1,5,1,1,0","vraesier,leg_up,-67,-217,-10.7,0,8,1.1,1,0","vraesier,leg_low,-101,-121.4,-18,0,10,1,1,0","vraesier,foot,-101.8,-28.4,-3.1,0,13,1,1,0","vraesier,leg_up,30,-216.4,40.7,0,12,1,1,0","vraesier,leg_low,72,-123.4,3,0,13,1,1,0","vraesier,foot,95.2,-31.4,3.5,0,15,1,1,0","vraesier,greatsword_base,-21.4,-346.4,14.1,0,14,1,1,0","vraesier,sword_base,-61.5,-413,-171.7,0,6,1,1,0","vraesier,handkerchief,-49.6,-267.6,2,0,6,1,1,0",,,,,,,,,,,,,,,,,,,,,,,,,,,,,,,,,,,,,,,,,,,,,,,,,,,,,,,,,,,,,,,,,,,,,,,,,,,,,,,,,"item,speed_potion,-103,-269,-45,0,17,1,1,0",,,,,,,,,,,,,,,,,,,,
UseItem/4,"vraesier,head,8,-520.4,-3,0,4,1,1,0","vraesier,neck,-12,-478.4,-14.5,0,7,1,1,0","vraesier,body,-17.8,-356.4,-3,0,6,1,1,0","vraesier,arm_up,-93,-413.4,-23.4,0,6,1,1,0","vraesier,arm_low,-84.8,-336.4,40.7,0,3,1,1,0","vraesier,fist,-34.8,-277,24.8,0,4,1,1,0","vraesier,arm_up,58,-392.6,21.8,0,18,1,1,0","vraesier,arm_low,34.2,-337.4,-71,0,4,1,1,0","vraesier,fist,-38.5,-314.5,-60,1,5,1,1,0","vraesier,leg_up,-67,-216,-12.7,0,8,1.1,1,0","vraesier,leg_low,-104,-121.4,-20,0,10,1,1,0","vraesier,foot,-106.8,-28.4,-3.1,0,13,1,1,0","vraesier,leg_up,32,-216.4,37.7,0,12,1,1,0","vraesier,leg_low,74,-123.4,9,0,13,1,1,0","vraesier,foot,104.2,-31.4,4.5,0,15,1,1,0","vraesier,greatsword_base,-22.4,-346.4,16.1,0,14,1,1,0","vraesier,sword_base,-58.5,-412,-167.7,0,6,1,1,0","vraesier,handkerchief,-49.6,-267.6,3,0,6,1,1,0",,,,,,,,,,,,,,,,,,,,,,,,,,,,,,,,,,,,,,,,,,,,,,,,,,,,,,,,,,,,,,,,,,,,,,,,,,,,,,,,,"item,speed_potion,-12,-282,-65,0,6,1,1,0",,,,,,,,,,,,,,,,,,,,
UseItem/5,"vraesier,head,-10,-519.4,2,0,4,1,1,0","vraesier,neck,-26,-476.4,-13.5,0,7,1,1,0","vraesier,body,-21.8,-356.4,0,0,6,1,1,0","vraesier,arm_up,-83,-396.4,5.6,0,6,1,1,0","vraesier,arm_low,-34.8,-343.4,83.7,0,1,1,1,0","vraesier,fist,38,-340,66.8,0,2,1,1,0","vraesier,arm_up,53,-399.6,29.8,0,18,1,1,0","vraesier,arm_low,39.2,-344.4,-64,0,4,1,1,0","vraesier,fist,-21.5,-319.5,-58,1,3,1,1,0","vraesier,leg_up,-67,-216,-12.7,0,8,1.1,1,0","vraesier,leg_low,-104,-121.4,-20,0,10,1,1,0","vraesier,foot,-106.8,-28.4,-3.1,0,13,1,1,0","vraesier,leg_up,34,-216.4,37.7,0,12,1,1,0","vraesier,leg_low,77,-123.4,11,0,13,1,1,0","vraesier,foot,108.2,-31.4,3.5,0,15,1,1,0","vraesier,greatsword_base,-31.4,-344.4,19.1,0,14,1,1,0","vraesier,sword_base,-40.5,-420,-168.7,0,4,1,1,0","vraesier,handkerchief,-49.6,-267.6,7,0,6,1,1,0",,,,,,,,,,,,,,,,,,,,,,,,,,,,,,,,,,,,,,,,,,,,,,,,,,,,,,,,,,,,,,,,,,,,,,,,,,,,,,,,,"item,speed_potion,50,-359,-5,0,4,1,1,0",,,,,,,,,,,,,,,,,,play_time_mod_0.7,,
UseItem/6,"vraesier,head,-13,-519.4,4,0,4,1,1,0","vraesier,neck,-26,-476.4,-13.5,0,7,1,1,0","vraesier,body,-23.8,-356.4,1,0,6,1,1,0","vraesier,arm_up,-43,-406.4,45.6,0,3,1,1,0","vraesier,arm_low,35.2,-366.4,83.7,0,1,1,1,0","vraesier,fist,108,-362,78.8,0,2,1,1,0","vraesier,arm_up,57,-412.6,46.8,0,18,1,1,0","vraesier,arm_low,58.2,-368.4,-62,0,4,1,0.9,0","vraesier,fist,7.5,-345.5,-56,1,3,1,1,0","vraesier,leg_up,-67,-216,-12.7,0,8,1.1,1,0","vraesier,leg_low,-104,-121.4,-20,0,10,1,1,0","vraesier,foot,-106.8,-28.4,-3.1,0,13,1,1,0","vraesier,leg_up,36,-213.4,36.7,0,12,1,1,0","vraesier,leg_low,80,-121.4,14,0,13,1,1,0","vraesier,foot,114.2,-31.4,3.5,0,15,1,1,0","vraesier,greatsword_base,-30.4,-344.4,20.1,0,14,1,1,0","vraesier,sword_base,-23.5,-438,-163.7,0,4,1,1,0","vraesier,handkerchief,-49.6,-264.6,9,0,6,1,1,0",,,,,,,,,,,,,,,,,,,,,,,,,,,,,,,,,,,,,,,,,,,,,,,,,,,,,,,,,,,,,,,,,,,,,,,,,,,,,,,,,"item,speed_potion,121,-389,-5,0,4,1,1,0",,,,,,,,,,,,,,,,,,play_time_mod_0.3,,
UseItem/7,"vraesier,head,-15,-519.4,12,0,5,1,1,0","vraesier,neck,-26,-476.4,-13.5,0,8,1,1,0","vraesier,body,-23.8,-356.4,2,0,6,1,1,0","vraesier,arm_up,-33,-436.4,85.6,0,3,1,1,0","vraesier,arm_low,64.2,-441.4,106.7,0,4,1,1,0","vraesier,open,141.2,-473,98.8,1,5,1,1,0","vraesier,arm_up,61,-414.6,45.8,0,18,1,1,0","vraesier,arm_low,57.2,-369.4,-65,0,3,1,0.9,0","vraesier,fist,1.5,-349.5,-57,1,4,1,1,0","vraesier,leg_up,-67,-215,-12.7,0,8,1.1,1,0","vraesier,leg_low,-104,-121.4,-20,0,10,1,1,0","vraesier,foot,-106.8,-28.4,-3.1,0,13,1,1,0","vraesier,leg_up,38,-213.4,36.7,0,12,1,1,0","vraesier,leg_low,81,-121.4,12,0,13,1,1,0","vraesier,foot,114.2,-31.4,3.5,0,15,1,1,0","vraesier,greatsword_base,-30.4,-344.4,21.1,0,14,1,1,0","vraesier,sword_base,-37.5,-445,-162.7,0,5,1,1,0","vraesier,handkerchief,-48.6,-264.6,10,0,6,1,1,0",,,,,,,,,,,,,,,,,,,,,,,,,,,,,,,,,,,,,,,,,,,,,,,,,,,,,,,,,,,,,,,,,,,,,,,,,,,,,,,,,"item,speed_potion,143,-563,-5,0,4,1,1,0",,,,,,,,,,,,,,,,,,,,
UseItem/8,"vraesier,head,-27,-519.4,17,0,5,1,1,0","vraesier,neck,-38,-474.4,-13.5,0,8,1,1,0","vraesier,body,-26.8,-356.4,3,0,6,1,1,0","vraesier,arm_up,-40,-441.4,92.6,0,3,1,1,0","vraesier,arm_low,54.2,-460.4,117.7,0,4,1,1,0","vraesier,open,120.2,-506,112.8,1,6,1,1,0","vraesier,arm_up,59,-418.6,46.8,0,18,1,1,0","vraesier,arm_low,58.2,-373.4,-61,0,3,1,0.9,0","vraesier,fist,4.5,-352.5,-62,1,4,1,1,0","vraesier,leg_up,-67,-216,-12.7,0,8,1.1,1,0","vraesier,leg_low,-104,-121.4,-20,0,10,1,1,0","vraesier,foot,-106.8,-28.4,-3.1,0,13,1,1,0","vraesier,leg_up,38,-213.4,36.7,0,12,1,1,0","vraesier,leg_low,81,-121.4,12,0,13,1,1,0","vraesier,foot,114.2,-31.4,3.5,0,15,1,1,0","vraesier,greatsword_base,-32.4,-343.4,22.1,0,14,1,1,0","vraesier,sword_base,-31.5,-448,-162.7,0,5,1,1,0","vraesier,handkerchief,-48.6,-264.6,10,0,6,1,1,0",,,,,,,,,,,,,,,,,,,,,,,,,,,,,,,,,,,,,,,,,,,,,,,,,,,,,,,,,,,,,,,,,,,,,,,,,,,,,,,,,"item,speed_potion,158,-646,-5,0,4,1,1,0",,,,,,,,,,,,,,,,,,play_time_mod_1.5,,
UseItem/9,"vraesier,head,-22,-519.4,11,0,5,1,1,0","vraesier,neck,-38,-474.4,-13.5,0,8,1,1,0","vraesier,body,-24.8,-351.4,-1,0,6,1,1,0","vraesier,arm_up,-40,-420.4,64.6,0,3,1,1,0","vraesier,arm_low,54.2,-420.4,121.7,0,4,1,1,0","vraesier,open,125.2,-460,101.8,1,6,1,1,0","vraesier,arm_up,65,-414.6,47.8,0,18,1,1,0","vraesier,arm_low,62.2,-367.4,-64,0,3,1,0.9,0","vraesier,fist,-2.5,-342.5,-62,1,4,1,1,0","vraesier,leg_up,-67,-217,-10.7,0,8,1.1,1,0","vraesier,leg_low,-101,-121.4,-19,0,10,1,1,0","vraesier,foot,-104.8,-28.4,-3.1,0,13,1,1,0","vraesier,leg_up,33,-213.4,36.7,0,12,1,1,0","vraesier,leg_low,73,-119.4,9,0,13,1,1,0","vraesier,foot,102.2,-31.4,3.5,0,15,1,1,0","vraesier,greatsword_base,-29.4,-343.4,21.1,0,14,1,1,0","vraesier,sword_base,-30.5,-440,-168.7,0,5,1,1,0","vraesier,handkerchief,-48.6,-260.6,6,0,6,1,1,0",,,,,,,,,,,,,,,,,,,,,,,,,,,,,,,,,,,,,,,,,,,,,,,,,,,,,,,,,,,,,,,,,,,,,,,,,,,,,,,,,"item,speed_potion,175,-754,-5,0,4,1,1,0",,,,,,,,,,"use_item,base,170,-760,0,0,0,1,1,1",,,,,,,,,,
UseItem/10,"vraesier,head,-14,-519.4,3,0,5,1,1,0","vraesier,neck,-35,-474.4,-13.5,0,8,1,1,0","vraesier,body,-23.8,-349.4,-2,0,6,1,1,0","vraesier,arm_up,-65,-400.4,20.6,0,3,1,1,0","vraesier,arm_low,-5.8,-344.4,80.7,0,1,1,1,0","vraesier,fist,61,-332,56.8,0,2,1,1,0","vraesier,arm_up,65,-394.6,34.8,0,18,1,1,0","vraesier,arm_low,52.2,-346.4,-76,0,4,1,1,0","vraesier,fist,-16.5,-330.5,-67,1,4,1,1,0","vraesier,leg_up,-67,-218.4,-10.7,0,8,1.1,1,0","vraesier,leg_low,-101,-121.4,-19,0,10,1,1,0","vraesier,foot,-104.8,-28.4,-3.1,0,13,1,1,0","vraesier,leg_up,30,-214.4,36.7,0,12,1,1,0","vraesier,leg_low,70,-119.4,8,0,13,1,1,0","vraesier,foot,99.2,-31.4,3.5,0,15,1,1,0","vraesier,greatsword_base,-26.4,-343.4,20.1,0,14,1,1,0","vraesier,sword_base,-37.5,-427,-170.7,0,5,1,1,0","vraesier,handkerchief,-51.6,-260.6,4,0,6,1,1,0",,,,,,,,,,,,,,,,,,,,,,,,,,,,,,,,,,,,,,,,,,,,,,,,,,,,,,,,,,,,,,,,,,,,,,,,,,,,,,,,,"item,speed_potion,184,-794,-7,0,4,1,1,0",,,,,,,,,,,,,,,,,,,,
Walk/0,"vraesier,head,20,-521.4,-6,0,4,1,1,0","vraesier,neck,-3,-481.4,-12.5,0,7,1,1,0","vraesier,body,-11.8,-359.4,-5,0,6,1,1,0","vraesier,arm_up,-86,-403.4,-15.4,0,1,1,1,0","vraesier,arm_low,-93.8,-313.4,13.7,0,3,1,1,0","vraesier,fist,-75,-243.5,1.8,0,5,1,1,0","vraesier,arm_up,66,-396.6,28.8,0,18,1,1,0","vraesier,arm_low,46.2,-341.4,-73,0,4,1,1,0","vraesier,fist,-24.5,-324.5,-64,1,5,1,1,0","vraesier,leg_up,-50,-227,-1.2,0,8,1.1,1,0","vraesier,leg_low,-76,-131,-28.5,0,10,1,1,0","vraesier,foot,-104.8,-57,-44.1,0,14,1,1,0","vraesier,leg_up,27,-214,24.2,0,12,1,1,0","vraesier,leg_low,52,-121,11,0,13,1,1,0","vraesier,foot,85.2,-29,6,0,16,1,1,0","vraesier,greatsword_base,-18.4,-347.4,16.1,0,14,1,1,0","vraesier,sword_base,-37.5,-422,-170.7,0,6,1,1,0","vraesier,handkerchief,-54.6,-272.6,-11,0,6,1,1,0",,,,,,,,,,,,,,,,,,,,,,,,,,,,,,,,,,,,,,,,,,,,,,,,,,,,,,,,,,,,,,,,,,,,,,,,,,,,,,,,,,,,,,,,,,,,,,,,,,,,,
Walk/1,"vraesier,head,10,-523.4,-3,0,4,1,1,0","vraesier,neck,-8,-481.4,-12.5,0,7,1,1,0","vraesier,body,-15.8,-360.4,-3,0,6,1,1,0","vraesier,arm_up,-90,-407.4,-20.4,0,1,1,1,0","vraesier,arm_low,-115.8,-311.4,0.7,0,3,1,1,0","vraesier,fist,-109,-241.5,-2.2,0,5,1,1,0","vraesier,arm_up,66,-402.6,31.8,0,18,1,1,0","vraesier,arm_low,51.2,-349.4,-72,0,4,1,1,0","vraesier,fist,-19.5,-332.5,-63,1,5,1,1,0","vraesier,leg_up,-40,-234,14.8,0,8,1.1,1,0","vraesier,leg_low,-42,-130,-20.5,0,10,1,1,0","vraesier,foot,-56.8,-41,-22.1,0,14,1,1,0","vraesier,leg_up,15,-222,22.2,0,12,1,1,0","vraesier,leg_low,30,-123,-4,0,13,1,1,0","vraesier,foot,49.2,-32,5,0,16,1,1,0","vraesier,greatsword_base,-18.4,-347.4,18.1,0,14,1,1,0","vraesier,sword_base,-44.5,-430,-167.7,0,6,1,1,0","vraesier,handkerchief,-58.6,-271.6,-16,0,6,1,1,0",,,,,,,,,,,,,,,,,,,,,,,,,,,,,,,,,,,,,,,,,,,,,,,,,,,,,,,,,,,,,,,,,,,,,,,,,,,,,,,,,,,,,,,,,,,,,,,,,,,,,
Walk/2,"vraesier,head,13,-526.4,-4,0,4,1,1,0","vraesier,neck,-8,-481.4,-12.5,0,7,1,1,0","vraesier,body,-16.8,-362.4,-3,0,6,1,1,0","vraesier,arm_up,-93,-412.4,-26.4,0,1,1,1,0","vraesier,arm_low,-121.8,-319.4,0.7,0,3,1,1,0","vraesier,fist,-115,-247.5,-4.2,0,5,1,1,0","vraesier,arm_up,68,-402.6,28.8,0,18,1,1,0","vraesier,arm_low,53.2,-355.4,-75,0,4,1,1,0","vraesier,fist,-17.5,-338.5,-66,1,5,1,1,0","vraesier,leg_up,-25,-241,31.3,0,8,1.1,1.1,0","vraesier,leg_low,2,-141,-10,0,10,1,1,0","vraesier,foot,4.2,-47,-9.6,0,11,1,1,0","vraesier,leg_up,10,-224,8.7,0,12,1,1,0","vraesier,leg_low,2,-133,-12,0,13,1,1,0","vraesier,foot,10.2,-31,5,0,16,1,1,0","vraesier,greatsword_base,-18.4,-350.4,16.1,0,14,1,1,0","vraesier,sword_base,-42.5,-436,-170.7,0,6,1,1,0","vraesier,handkerchief,-59.6,-277.6,-18,0,6,1,1,0",,,,,,,,,,,,,,,,,,,,,,,,,,,,,,,,,,,,,,,,,,,,,,,,,,,,,,,,,,,,,,,,,,,,,,,,,,,,,,,,,,,,,,,,,,,,,,,,,,,,,
Walk/3,"vraesier,head,18,-525.4,-6,0,4,1,1,0","vraesier,neck,-5,-479.4,-16.5,0,7,1,1,0","vraesier,body,-13.8,-361.4,-5,0,6,1,1,0","vraesier,arm_up,-93,-414.4,-29.4,0,2,1,1,0","vraesier,arm_low,-123.8,-324.4,-0.3,0,3,1,1,0","vraesier,fist,-120,-251.5,-8.2,0,5,1,1,0","vraesier,arm_up,75,-394.6,24.8,0,18,1,1,0","vraesier,arm_low,56.2,-351.4,-84,0,4,1,1,0","vraesier,fist,-16.5,-345.5,-66,1,5,1,1,0","vraesier,leg_up,-16,-238,34.3,0,8,1.1,1.2,0","vraesier,leg_low,28,-132,10,0,10,1,1,0","vraesier,foot,60.2,-47,3.4,0,14,1,1,0","vraesier,leg_up,-11,-212,-15.3,0,12,1,1,0","vraesier,leg_low,-50,-117,-18,0,13,1,1,0","vraesier,foot,-52.8,-29,-6,0,16,1,1,0","vraesier,greatsword_base,-18.4,-350.4,15.1,0,17,1,1,0","vraesier,sword_base,-42.5,-439,-170.7,0,6,1,1,0","vraesier,handkerchief,-52.6,-274.6,-5,0,6,1,1,0",,,,,,,,,,,,,,,,,,,,,,,,,,,,,,,,,,,,,,,,,,,,,,,,,,,,,,,,,,,,,,,,,,,,,,,,,,,,,,,,,,,,,,,,,,,,,,,,,,,,,
Walk/4,"vraesier,head,29,-512.4,-8,0,4,1,1,0","vraesier,neck,-1,-473.4,-14.5,0,7,1,1,0","vraesier,body,-13.8,-351.4,-7,0,6,1,1,0","vraesier,arm_up,-97,-407.4,-39.4,0,1,1,1,0","vraesier,arm_low,-136.8,-323.4,-1.3,0,3,1,1,0","vraesier,fist,-137,-249.5,-16.2,0,5,1,1,0","vraesier,arm_up,73,-376.6,17.8,0,18,1,1,0","vraesier,arm_low,49.2,-335.4,-94,0,4,1,1,0","vraesier,fist,-19.5,-343.5,-78,1,5,1,1,0","vraesier,leg_up,-18,-222,31.3,0,8,1.1,1.3,0","vraesier,leg_low,31,-114,23,0,10,1,1,0","vraesier,foot,79.2,-32,8.9,0,14,1,1,0","vraesier,leg_up,-14,-198,-18.8,0,12,1,1,0","vraesier,leg_low,-63,-113,-34.5,0,13,1,1,0","vraesier,foot,-86.8,-34,-22.5,0,16,1,1,0","vraesier,greatsword_base,-18.4,-342.4,14.1,0,14,1,1,0","vraesier,sword_base,-36.5,-444,-174.7,0,6,1,1,0","vraesier,handkerchief,-47.6,-263.6,5.5,0,6,1,1,0",,,,,,,,,,,,,,,,,,,,,,,,,,,,,,,,,,,,,,,,,,,,,,,,,,,,,,,,,,,,,,,,,,,,,,,,,,,,,,,,,,,,,,,,,,,,,,,,,,,,,
Walk/5,"vraesier,head,21,-518.4,0,0,4,1,1,0","vraesier,neck,1,-485.4,-12.5,0,7,1,1,0","vraesier,body,-14.8,-353.4,-5,0,6,1,1,0","vraesier,arm_up,-97,-403.4,-31.4,0,1,1,1,0","vraesier,arm_low,-122.8,-314.4,3.7,0,3,1,1,0","vraesier,fist,-118,-240.5,-10.2,0,5,1,1,0","vraesier,arm_up,72,-386.6,25.8,0,18,1,1,0","vraesier,arm_low,51.2,-341.4,-82,0,4,1,1,0","vraesier,fist,-18.5,-336.5,-70,1,5,1,1,0","vraesier,leg_up,-30,-229,24.3,0,8,1.1,1.1,0","vraesier,leg_low,-4,-121,4,0,10,1,1,0","vraesier,foot,24.2,-29,4.9,0,14,1,1,0","vraesier,leg_up,-7,-211,-13.8,0,12,1,1,0","vraesier,leg_low,-64,-129,-47.5,0,13,1,1,0","vraesier,foot,-106.8,-65,-51.5,0,16,1,1,0","vraesier,greatsword_base,-18.4,-344.4,15.1,0,14,1,1,0","vraesier,sword_base,-39.5,-435,-173.7,0,6,1,1,0","vraesier,handkerchief,-48.6,-265.6,3.5,0,6,1,1,0",,,,,,,,,,,,,,,,,,,,,,,,,,,,,,,,,,,,,,,,,,,,,,,,,,,,,,,,,,,,,,,,,,,,,,,,,,,,,,,,,,,,,,,,,,,,,,,,,,,,,
Walk/6,"vraesier,head,12,-524.4,3,0,4,1,1,0","vraesier,neck,-7,-486.4,-19.5,0,7,1,1,0","vraesier,body,-14.8,-358.4,-4,0,6,1,1,0","vraesier,arm_up,-92,-403.4,-18.4,0,1,1,1,0","vraesier,arm_low,-110.8,-309.4,2.7,0,3,1,1,0","vraesier,fist,-107,-235.5,-5.2,0,5,1,1,0","vraesier,arm_up,75,-394.6,29.8,0,18,1,1,0","vraesier,arm_low,55.2,-346.4,-76,0,4,1,1,0","vraesier,fist,-14.5,-330.5,-59,1,5,1,1,0","vraesier,leg_up,-36,-222,11.8,0,8,1.1,1,0","vraesier,leg_low,-33,-122,-4,0,10,1,1,0","vraesier,foot,-13.8,-32,2.9,0,14,1,1,0","vraesier,leg_up,7,-223,4.7,0,12,1,1,0","vraesier,leg_low,-16,-127,-35.5,0,13,1,1,0","vraesier,foot,-48.8,-55,-42,0,16,1,1,0","vraesier,greatsword_base,-18.4,-350.4,17.1,0,14,1,1,0","vraesier,sword_base,-40.5,-429,-169.7,0,6,1,1,0","vraesier,handkerchief,-49.6,-271.6,-2.5,0,6,1,1,0",,,,,,,,,,,,,,,,,,,,,,,,,,,,,,,,,,,,,,,,,,,,,,,,,,,,,,,,,,,,,,,,,,,,,,,,,,,,,,,,,,,,,,,,,,,,,,,,,,,,,
Walk/7,"vraesier,head,16,-523.4,0,0,4,1,1,0","vraesier,neck,-5,-484.4,-22.5,0,7,1,1,0","vraesier,body,-12.8,-356.4,-6,0,6,1,1,0","vraesier,arm_up,-86,-399.4,-8.4,0,1,1,1,0","vraesier,arm_low,-87.8,-307.4,12.7,0,3,1,1,0","vraesier,fist,-65,-235.5,5.8,0,5,1,1,0","vraesier,arm_up,77,-390.6,28.8,0,18,1,1,0","vraesier,arm_low,60.2,-339.4,-74,0,4,1,1,0","vraesier,fist,-11.5,-322.5,-64,1,5,1,1,0","vraesier,leg_up,-54,-220,-1.2,0,8,1.1,1,0","vraesier,leg_low,-70,-121,-10,0,10,1,1,0","vraesier,foot,-66.8,-28,-9.1,0,14,1,1,0","vraesier,leg_up,22,-233,30.7,0,13,1,1,0","vraesier,leg_low,28,-138,-32.5,0,13,1,1,0","vraesier,foot,-5.8,-57,-38,0,16,1,1,0","vraesier,greatsword_base,-18.4,-347.4,16.1,0,14,1,1,0","vraesier,sword_base,-36.5,-421,-167.7,0,6,1,1,0","vraesier,handkerchief,-54.6,-270.6,-10.5,0,6,1,1,0",,,,,,,,,,,,,,,,,,,,,,,,,,,,,,,,,,,,,,,,,,,,,,,,,,,,,,,,,,,,,,,,,,,,,,,,,,,,,,,,,,,,,,,,,,,,,,,,,,,,,
Walk/8,"vraesier,head,26,-521.4,-3,0,4,1,1,0","vraesier,neck,3,-481.4,-24.5,0,7,1,1,0","vraesier,body,-5.8,-355.4,-6,0,6,1,1,0","vraesier,arm_up,-66,-402.4,-11.4,0,1,1,1,0","vraesier,arm_low,-65.8,-309.4,22.7,0,3,1,1,0","vraesier,fist,-36,-241.5,14.8,0,5,1,1,0","vraesier,arm_up,88,-389.6,28.8,0,18,1,1,0","vraesier,arm_low,72.2,-339.4,-71,0,4,1,1,0","vraesier,fist,3.5,-320.5,-62,1,5,1,1,0","vraesier,leg_up,-54,-217,-8.7,0,8,1.1,1,0","vraesier,leg_low,-84,-120,-16,0,10,1,1,0","vraesier,foot,-83.8,-28,-1.1,0,14,1,1,0","vraesier,leg_up,27,-230,39.2,0,13,1,1,0","vraesier,leg_low,57,-143,-5.5,0,13,1,1,0","vraesier,foot,69.2,-57,-3,0,16,1,1,0","vraesier,greatsword_base,-12.4,-346.4,15.1,0,14,1,1,0","vraesier,sword_base,-20.5,-414,-167.7,0,6,1,1,0","vraesier,handkerchief,-52.6,-271.6,-16.5,0,6,1,1,0",,,,,,,,,,,,,,,,,,,,,,,,,,,,,,,,,,,,,,,,,,,,,,,,,,,,,,,,,,,,,,,,,,,,,,,,,,,,,,,,,,,,,,,,,,,,,,,,,,,,,
Walk/9,"vraesier,head,40,-510.4,-6,0,4,1,1,0","vraesier,neck,13,-471.4,-24.5,0,7,1,1,0","vraesier,body,-1.8,-349.4,-8,0,6,1,1,0","vraesier,arm_up,-55,-393.4,-5.4,0,1,1,1,0","vraesier,arm_low,-37.8,-302.4,33.7,0,3,1,1,0","vraesier,fist,12,-247.5,34.8,0,5,1,1,0","vraesier,arm_up,92,-387.6,32.8,0,18,1,1,0","vraesier,arm_low,85.2,-337.4,-68,0,4,1,0.8,0","vraesier,fist,22.5,-318.5,-55,1,5,1,1,0","vraesier,leg_up,-57,-217,-15.7,0,8,1.1,1,0","vraesier,leg_low,-98,-123,-22,0,10,1,1,0","vraesier,foot,-105.8,-32,-9.1,0,14,1,1,0","vraesier,leg_up,37,-206,27.2,0,12,1,1,0","vraesier,leg_low,71,-112,18.5,0,13,1,1,0","vraesier,foot,113.2,-31,8,0,16,1,1,0","vraesier,greatsword_base,-10.4,-328.4,11.1,0,14,1,1,0","vraesier,sword_base,-7.5,-411,-164.7,0,6,1,1,0","vraesier,handkerchief,-44.6,-264.6,-11.5,0,6,1,1,0",,,,,,,,,,,,,,,,,,,,,,,,,,,,,,,,,,,,,,,,,,,,,,,,,,,,,,,,,,,,,,,,,,,,,,,,,,,,,,,,,,,,,,,,,,,,,,,,,,,,,
Walk/10,"vraesier,head,30,-512.4,-5,0,4,1,1,0","vraesier,neck,8,-471.4,-24.5,0,7,1,1,0","vraesier,body,-5.8,-351.4,-4,0,6,1,1,0","vraesier,arm_up,-69,-399.4,-12.4,0,1,1,1,0","vraesier,arm_low,-63.8,-306.4,24.7,0,3,1,1,0","vraesier,fist,-33,-239.5,11.8,0,5,1,1,0","vraesier,arm_up,84,-390.6,28.8,0,18,1,1,0","vraesier,arm_low,68.2,-340.4,-71,0,4,1,1,0","vraesier,fist,-0.5,-321.5,-62,1,5,1,1,0","vraesier,leg_up,-53,-217,-10.7,0,8,1.1,1,0","vraesier,leg_low,-90,-123,-27,0,10,1,1,0","vraesier,foot,-105.8,-35,-17.1,0,14,1,1,0","vraesier,leg_up,35,-206,21.2,0,12,1,1,0","vraesier,leg_low,59,-112,14.5,0,13,1,1,0","vraesier,foot,93.2,-31,8,0,16,1,1,0","vraesier,greatsword_base,-12.4,-332.4,13.1,0,14,1,1,0","vraesier,sword_base,-24.5,-415,-167.7,0,6,1,1,0","vraesier,handkerchief,-46.6,-264.6,-6.5,0,6,1,1,0",,,,,,,,,,,,,,,,,,,,,,,,,,,,,,,,,,,,,,,,,,,,,,,,,,,,,,,,,,,,,,,,,,,,,,,,,,,,,,,,,,,,,,,,,,,,,,,,,,,,,
Attack3/0,"vraesier,head,20,-525.4,-3,0,4,1,1,0","vraesier,neck,-5,-478.4,-15.5,0,7,1,1,0","vraesier,body,-11.8,-356.4,-5,0,6,1,1,0","vraesier,arm_up,-94,-409.4,-32.4,0,2,1,1,0","vraesier,arm_low,-103.8,-317.4,20.7,0,4,1,1,0","vraesier,fist,-77,-252.5,4.8,0,5,1,1,0","vraesier,arm_up,63,-406.6,30.8,0,18,1,1,0","vraesier,arm_low,41.2,-378.4,-106,0,2,1,1,0","vraesier,fist,-22,-398,-96,1,3,1,1,0","vraesier,leg_up,-65,-216,-12.7,0,8,1.1,1,0","vraesier,leg_low,-99,-121.4,-16,0,10,1,1,0","vraesier,foot,-98.8,-28.4,-3.1,0,13,1,1,0","vraesier,leg_up,31,-221.4,32.7,0,12,1,1,0","vraesier,leg_low,66,-123.4,8,0,13,1,1,0","vraesier,foot,96.2,-31.4,6.5,0,15,1,1,0","vraesier,greatsword_base,-13.4,-346.4,15.1,0,14,1,1,0","vraesier,sword_base,-34,-505,-169,0,4,1,1,0","vraesier,handkerchief,-49.6,-272.6,-4,0,6,1,1,0",,,,,,,,,,,,,,,,,,,,,,,,,,,,,,,,,,,,,,,,,,,,,,,,,,,,,,,,,,,,,,,,,,,,,,,,,,,,,,,,,,,,,,,,,,,,,,,,,,,,,
Attack3/1,"vraesier,head,16,-525,1,0,4,1,1,0","vraesier,neck,-5,-478.4,-15.5,0,7,1,1,0","vraesier,body,-11.8,-356.4,-5,0,6,1,1,0","vraesier,arm_up,-52,-405,17.6,0,2,1,1,0","vraesier,arm_low,4,-348,90.7,0,4,1,1,0","vraesier,fist,72,-349,74.8,0,5,1,1,0","vraesier,arm_up,63,-406.6,30.8,0,18,1,1,0","vraesier,arm_low,51,-418,-136,0,2,1,1,0","vraesier,fist,-2,-468,-116,1,3,1,1,0","vraesier,leg_up,-68,-216,-16.7,0,8,1.1,1,0","vraesier,leg_low,-110,-121,-24,0,10,1,1,0","vraesier,foot,-120,-28,-10.1,0,13,1,1,0","vraesier,leg_up,33,-218,34.7,0,12,1,1,0","vraesier,leg_low,67,-123,5,0,13,1,1,0","vraesier,foot,96.2,-31.4,6.5,0,15,1,1,0","vraesier,greatsword_base,-13,-346,16.1,0,14,1,1,0","vraesier,sword_base,-57,-559,-150,0,4,1,1,0","vraesier,handkerchief,-49.6,-272.6,-4,0,6,1,1,0",,,,,,,,,,,,,,,,,,,,,,,,,,,,,,,,,,,,,,,,,,,,,,,,,,,,,,,,,,,,,,,,,,,,,,,,,,,,,,,,,,,,,,,,,,,,,,,,,,,play_time_mod_0.5,,
Attack3/2,"vraesier,head,-5,-527,0,0,4,1,1,0","vraesier,neck,-18,-478.4,2.5,0,7,1,1,0","vraesier,body,-20.8,-358.4,-2.5,0,6,1,1,0","vraesier,arm_up,-48,-490,152.8,0,4,1,1,0","vraesier,arm_low,-14.4,-587.2,172.4,0,3,1,1,0","vraesier,fist,-11,-650,172.3,0,4,1,1,0","vraesier,arm_up,36,-475.6,-177.6,0,18,1,1,0","vraesier,arm_low,5.6,-582.8,-152.9,0,5,1,1,0","vraesier,fist_back,-28.4,-638.8,-174.3,0,4,1,1,0","vraesier,leg_up,-82,-209,-22.2,0,8,1.1,1,0","vraesier,leg_low,-139,-122.4,-39,0,10,1,1,0","vraesier,foot,-168.8,-39.4,-26.1,0,13,1,1,0","vraesier,leg_up,35,-213.4,36.7,0,12,1,1,0","vraesier,leg_low,74,-117.4,2,0,13,1,1,0","vraesier,foot,92.2,-26.4,0.5,0,15,1,1,0","vraesier,greatsword_base,-14.4,-351.4,19.6,0,14,1,1,0","vraesier,sword_base,-128,-607.6,-69.6,0,6,1,1,0","vraesier,handkerchief,-58,-271,-2.5,0,5,1,1,0",,,,,,,,,,,,,,,,,,,,,,,,,,,,,,,,,,,,,,,,,,,,,,,,,,,,,,,,,,,,,,,,,,,,,,,,,,,,,,,,,,,,,,,,,,,,,,,,,,,play_time_mod_1.5,,
Attack3/3,"vraesier,head,-30,-532,5,0,4,1,1,0","vraesier,neck,-38,-482,7.5,0,7,1,1,0","vraesier,body,-30,-362,2.5,0,6,1,1,0","vraesier,arm_up,-71,-485,158.8,0,4,1,1,0","vraesier,arm_low,-48,-585,178.4,0,3,1,1,0","vraesier,fist,-52,-648,178.3,0,4,1,1,0","vraesier,arm_up,8,-486,-169.6,0,18,1,1,0","vraesier,arm_low,-36,-590,-144.9,0,5,1,1,0","vraesier,fist_back,-77,-638,-166.3,0,4,1,1,0","vraesier,leg_up,-82,-209,-22.2,0,8,1.1,1,0","vraesier,leg_low,-139,-122.4,-39,0,10,1,1,0","vraesier,foot,-168.8,-39.4,-26.1,0,13,1,1,0","vraesier,leg_up,35,-213.4,36.7,0,12,1,1,0","vraesier,leg_low,74,-117.4,2,0,13,1,1,0","vraesier,foot,92.2,-26.4,0.5,0,15,1,1,0","vraesier,greatsword_base,-24,-351,25.6,0,14,1,1,0","vraesier,sword_base,-172,-594,-61.6,0,6,1,1,0","vraesier,hankerchief_speed1,-78,-287,8.5,0,5,1,1,0",,,,,,,,,,,,,,,,,,,,,,,,,,,,,,,,,,,,,,,,,,,,,,,,,,,,,,,,,,,,,,,,,,,,,,,,,,,,,,,,,,,,,,,,,,,,,,,,,,,,,
Attack3/4,"vraesier,head,23,-521.4,-10.5,0,4,1,1,0","vraesier,neck,0,-478.4,-5,0,7,1,1,0","vraesier,body,-10.8,-358.4,-7.5,0,6,1,1,0","vraesier,arm_up,-26,-480,133.7,0,4,1,1,0","vraesier,arm_low,41.2,-566.8,153.9,0,3,1,1,0","vraesier,fist,77,-622,123,0,5,1,1,0","vraesier,arm_up,64,-445.6,162.9,0,18,1,1,0","vraesier,arm_low,75,-555,-168.7,0,5,1,1,0","vraesier,fist_back,74,-607,141,0,7,1,1,0","vraesier,leg_up,-88,-213,-30.2,0,8,1.1,1,0","vraesier,leg_low,-155,-132.4,-39,0,10,1,1,0","vraesier,foot,-202.8,-47.4,-49.6,0,13,1,1,0","vraesier,leg_up,34,-219.4,40.7,0,12,1,1,0","vraesier,leg_low,74,-117.4,-2,0,13,1,1,0","vraesier,foot,92.2,-26.4,3.5,0,15,1,1,0","vraesier,greatsword_base,-10.4,-356.4,8.6,0,14,1,1,0","vraesier,sword_base,44.4,-718,-158.6,0,6,1,1,0","vraesier,hankerchief_speed2,-71.6,-299.6,-23,0,5,1,1,0",,,,,,,,,,,,,,,,,,,,,,,,,,,,,,,,,,,,,,,,,,,,,,,,,,,,,,,,,,,,,,,,,,,,,,,,,,,,,,,,,,,,,,,,,,,,,,,,,,,play_time_mod_0.5,,
Attack3/5,"vraesier,head,45,-507.4,-12,0,4,1,1,0","vraesier,neck,21.2,-471.2,-33.1,0,7,1,1,0","vraesier,body,-10.8,-354.4,-12.5,0,6,1,1,0","vraesier,arm_up,-10,-462,110.2,0,4,1,1,0","vraesier,arm_low,91.2,-500.8,118.7,0,3,1,1,0","vraesier,fist,140,-526.4,85.9,0,3,1,1,0","vraesier,arm_up,76,-433.6,137.1,0,18,1,1,0","vraesier,arm_low,132.2,-512.6,157.1,0,5,1,1,0","vraesier,fist_back,159,-550,104.6,0,4,1,1,0","vraesier,leg_up,-94,-217,-25.2,0,8,1.1,1.1,0","vraesier,leg_low,-151,-128.4,-34,0,10,1,1,0","vraesier,foot,-202.8,-47.4,-55.6,0,13,1,1,0","vraesier,leg_up,32,-212,45.2,0,12,1,1,0","vraesier,leg_low,78,-117.4,-1.5,0,13,1,1,0","vraesier,foot,100.2,-26.4,4.5,0,15,1,1,0","vraesier,greatsword_base,-10.4,-348.4,2.1,0,14,1,1,0","vraesier,sword_swing,217,-648,147.3,0,6,1,1.1,1","vraesier,hankerchief_speed2,-74.6,-288.6,-7,0,5,1,1,0",,,,,,,,,,,,,,,,,,,,,,,,,,,,,,,,,,,,,,,,,,,,,,,,,,,,,,,,,,,,,,,,,,,,,,,,,,,,,,,,,,,,,,,,,,,,,,,,,,,"play_time_mod_0.2,sprite_deal_damage",,"swing_flat,2500,0"
Attack3/6,"vraesier,head,83,-481,-21.5,0,4,1,1,0","vraesier,neck,51.2,-455.2,-35.1,0,7,1,1,0","vraesier,body,1.2,-334.4,-21.5,0,6,1,1,0","vraesier,arm_up,33,-420,76.2,0,4,1,1.1,0","vraesier,arm_low,153.2,-397.8,88.4,0,3,1,1.1,0","vraesier,fist,230,-383.4,31.9,0,3,1,1,0","vraesier,arm_up,114,-413.6,79.1,0,18,1,1,0","vraesier,arm_low,203.6,-394.4,74.4,0,5,1,1,0","vraesier,fist_back,238.8,-378.8,42.5,0,4,1,1,0","vraesier,leg_up,-86,-213,-27.2,0,8,1.1,1.1,0","vraesier,leg_low,-147,-128.4,-38,0,10,1,1,0","vraesier,foot,-202.8,-47.4,-55.6,0,13,1,1,0","vraesier,leg_up,27,-203,53.7,0,12,1,1,0","vraesier,leg_low,78,-117.4,-1.5,0,13,1,1,0","vraesier,foot,100.2,-26.4,4.5,0,15,1,1,0","vraesier,greatsword_base,3.6,-330.4,-1.9,0,14,1,1,0","vraesier,sword_swing,365,-389,93.5,0,6,1,1.2,1","vraesier,hankerchief_speed1,-65.6,-285.6,-28,0,5,1,1,0",,,,,,,,,,,,,,,,,,,,,,,,,,,,,,,,,,,,,,,,,,,,,,,,,,,,,,,,,,,,,,,,,,,,,,,,,,,,,,,,,,,,,,,,,,,,,,,,,,,"play_time_mod_0.1,sprite_deal_damage",,
Attack3/7,"vraesier,head,114,-460,-30,0,4,1,1,0","vraesier,neck,76,-440,-55.1,0,7,1,1,0","vraesier,body,11.2,-330.4,-28.5,0,6,1,1,0","vraesier,arm_up,32,-398,51.2,0,4,1,1,0","vraesier,arm_low,119.6,-314.4,50.9,0,3,1,1,0","vraesier,fist,161,-263,-17.9,0,4,1,1,0","vraesier,arm_up,102.4,-373.2,36.5,0,18,1,1,0","vraesier,arm_low,166,-296.8,34.6,0,5,1,1,0","vraesier,fist_back,189,-246,-31.3,0,6,1,1,0","vraesier,leg_up,-88,-215,-26.2,0,8,1.1,1.1,0","vraesier,leg_low,-147,-128.4,-38,0,10,1,1,0","vraesier,foot,-202.8,-47.4,-55.6,0,13,1,1,0","vraesier,leg_up,24,-202.4,56.2,0,12,1,1,0","vraesier,leg_low,78,-117.4,-1.5,0,13,1,1,0","vraesier,foot,100.2,-26.4,4.5,0,15,1,1,0","vraesier,greatsword_base,13.6,-312.4,-9.9,0,14,1,1,0","vraesier,sword_swing,307,-217,74.6,0,7,1,1.1,1","vraesier,hankerchief_speed2,-63,-288.8,-32,0,5,1,1,0",,,,,,,,,,,,,,,,,,,,,,,,,,,,,,,,,,,,,,,,,,,,,,,,,,,,,,,,,,,,,,,,,,,,,,,,,,,,,,,,,,,,,,,,,,,,,,,,,,,"sprite_deal_damage,play_time_mod_0.1",,
Attack3/8,"vraesier,head,121,-446.4,-39,0,4,1,1,0","vraesier,neck,80.2,-427.2,-58.1,0,7,1,1,0","vraesier,body,11.2,-322.4,-32.5,0,6,1,1,0","vraesier,arm_up,31,-385,35.5,0,4,1,1,0","vraesier,arm_low,97.6,-296.4,43.4,0,3,1,1,0","vraesier,fist,126,-242,-20.9,0,4,1,1,0","vraesier,arm_up,102.4,-357.2,24.5,0,18,1,1,0","vraesier,arm_low,142,-266,29.1,0,5,1,1,0","vraesier,fist_back,156,-208,-33.3,0,6,1,1,0","vraesier,leg_up,-90,-215,-27.2,0,8,1.1,1.1,0","vraesier,leg_low,-151,-128.4,-34,0,10,1,1,0","vraesier,foot,-202.8,-47.4,-55.6,0,13,1,1,0","vraesier,leg_up,25,-198,57.2,0,13,1,1,0","vraesier,leg_low,78,-117.4,-1.5,0,13,1,1,0","vraesier,foot,100.2,-26.4,4.5,0,15,1,1,0","vraesier,greatsword_base,13.6,-308.4,-11.9,0,14,1,1,0","vraesier,sword_swing,236,-133,46.6,0,7,1,1.1,1","vraesier,hankerchief_speed1,-64.6,-286.6,-40,0,5,1,1,0",,,,,,,,,,,,,,,,,,,,,,,,,,,,,,,,,,,,,,,,,,,,,,,,,,,,,,,,,,,,,,,,,,,,,,,,,,,,,,,,,,,,,,,,,,,,,,,,,,,"sprite_deal_damage,play_time_mod_0.2",,
Attack3/9,"vraesier,head,126,-437,-41,0,4,1,1,0","vraesier,neck,85,-420,-60.1,0,7,1,1,0","vraesier,body,11.2,-319.4,-36.5,0,6,1,1,0","vraesier,arm_up,32,-381,27,0,4,1,1,0","vraesier,arm_low,74,-289,28.9,0,3,1,1,0","vraesier,fist,96,-230,-22.9,0,4,1,1,0","vraesier,arm_up,94.4,-357.2,22,0,18,1,1,0","vraesier,arm_low,110,-252,4.1,0,5,1,1,0","vraesier,fist_back,97,-193,-26.3,0,7,1,1,0","vraesier,leg_up,-90,-215,-27.2,0,8,1.1,1.1,0","vraesier,leg_low,-151,-128.4,-34,0,10,1,1,0","vraesier,foot,-202.8,-47.4,-55.6,0,13,1,1,0","vraesier,leg_up,20,-199,54.2,0,14,1,1,0","vraesier,leg_low,74,-117.4,2.5,0,13,1,1,0","vraesier,foot,100.2,-26.4,4.5,0,15,1,1,0","vraesier,greatsword_base,7.6,-309.4,-16.9,0,14,1,1,0","vraesier,sword_base,141,-109,25.1,0,6,1,1,1","vraesier,hankerchief_speed2,-69.6,-287.6,-36,0,5,1,1,0",,,,,,,,,,,,,,,,,,,,,,,,,,,,,,,,,,,,,,,,,,,,,,,,,,,,,,,,,,,,,,,,,,,,,,,,,,,,,,,,,,,,,,,,,,,,,,,,,,,,,
Attack3/10,"vraesier,head,126,-433,-43,0,4,1,1,0","vraesier,neck,85,-418,-60.1,0,7,1,1,0","vraesier,body,12,-319,-37.5,0,6,1,1,0","vraesier,arm_up,34,-379,24,0,4,1,1,0","vraesier,arm_low,73,-284,25.9,0,3,1,1,0","vraesier,fist,92,-225,-25.9,0,4,1,1,0","vraesier,arm_up,96,-352,19,0,18,1,1,0","vraesier,arm_low,106,-247,1.1,0,5,1,1,0","vraesier,fist_back,90,-188,-29.3,0,7,1,1,0","vraesier,leg_up,-90,-215,-27.2,0,8,1.1,1.1,0","vraesier,leg_low,-151,-128.4,-34,0,10,1,1,0","vraesier,foot,-202.8,-47.4,-55.6,0,13,1,1,0","vraesier,leg_up,20,-199,54.2,0,14,1,1,0","vraesier,leg_low,74,-117.4,2.5,0,13,1,1,0","vraesier,foot,100.2,-26.4,4.5,0,15,1,1,0","vraesier,greatsword_base,7,-307,-17.9,0,14,1,1,0","vraesier,sword_base,131,-101,22.1,0,6,1,1,1","vraesier,hankerchief_speed2,-70,-286,-22,0,5,1,1,0",,,,,,,,,,,,,,,,,,,,,,,,,,,,,,,,,,,,,,,,,,,,,,,,,,,,,,,,,,,,,,,,,,,,,,,,,,,,,,,,,,,,,,,,,,,,,,,,,,,,,
Attack3/11,"vraesier,head,51,-487.4,-16.5,0,4,1,1,0","vraesier,neck,21.2,-451.2,-36.1,0,7,1,1,0","vraesier,body,-14.8,-334.4,-15.5,0,6,1,1,0","vraesier,arm_up,-18,-384,30,0,4,1,1,0","vraesier,arm_low,33.6,-298.4,34.9,0,3,1,1,0","vraesier,fist,69,-238,0.1,0,4,1,1,0","vraesier,arm_up,62.4,-367.2,18,0,18,1,1,0","vraesier,arm_low,88,-283.8,32.1,0,7,1,1,0","vraesier,fist_back,104,-224,-32.3,0,8,1,1,0","vraesier,leg_up,-93,-215,-30.2,0,8,1.1,1.1,0","vraesier,leg_low,-155,-132.4,-39,0,10,1,1,0","vraesier,foot,-202.8,-47.4,-49.6,0,13,1,1,0","vraesier,leg_up,26,-204.4,55.2,0,12,1,1,0","vraesier,leg_low,78,-117.4,-1.5,0,13,1,1,0","vraesier,foot,100.2,-26.4,4.5,0,15,1,1,0","vraesier,greatsword_base,-14.4,-328.4,-1.9,0,14,1,1,0","vraesier,sword_base,176,-151,48.1,0,9,1,1,1","vraesier,hankerchief_speed1,-77.6,-276.6,-16,0,5,1,1,0",,,,,,,,,,,,,,,,,,,,,,,,,,,,,,,,,,,,,,,,,,,,,,,,,,,,,,,,,,,,,,,,,,,,,,,,,,,,,,,,,,,,,,,,,,,,,,,,,,,,,
Attack3/12,"vraesier,head,39,-495,-12,0,4,1,1,0","vraesier,neck,11.2,-455.2,-27.6,0,7,1,1,0","vraesier,body,-18.8,-338.4,-10,0,6,1,1,0","vraesier,arm_up,-32,-388,23,0,4,1,1,0","vraesier,arm_low,17.6,-292.4,38.4,0,3,1,1,0","vraesier,open,69,-226,20.6,1,5,1,1,0","vraesier,arm_up,62.4,-371.2,26,0,18,1,1,0","vraesier,arm_low,98,-292,27.1,0,5,1,1,0","vraesier,fist_back,123,-227,-5.8,0,7,1,1,0","vraesier,leg_up,-87,-207.4,-25.7,0,8,1.1,1,0","vraesier,leg_low,-141,-128.4,-39,0,10,1,1,0","vraesier,foot,-172.8,-47.4,-26.9,0,13,1,1,0","vraesier,leg_up,28,-211.4,43.2,0,12,1,1,0","vraesier,leg_low,70,-119.4,-3.5,0,13,1,1,0","vraesier,foot,84.2,-26.4,-1.5,0,15,1,1,0","vraesier,greatsword_base,-18.4,-332.4,3.6,0,14,1,1,0","vraesier,sword_base,220,-177,63.1,0,9,1,1,0","vraesier,handkerchief,-73.6,-264.6,-56,1,5,1,1,0",,,,,,,,,,,,,,,,,,,,,,,,,,,,,,,,,,,,,,,,,,,,,,,,,,,,,,,,,,,,,,,,,,,,,,,,,,,,,,,,,,,,,,,,,,,,,,,,,,,,,
Attack3/13,"vraesier,head,19,-519,-6.5,0,4,1,1,0","vraesier,neck,-4.8,-473.2,-23.6,0,7,1,1,0","vraesier,body,-18.8,-358.4,-6.5,0,6,1,1,0","vraesier,arm_up,-58,-404,8,0,4,1,1,0","vraesier,arm_low,-22.4,-306.4,38.4,0,3,1,1,0","vraesier,open,35,-246,29.6,1,4,1,1,0","vraesier,arm_up,52,-394,17,0,18,1,1,0","vraesier,arm_low,94,-310,42.6,0,5,1,1,0","vraesier,fist_back,141,-251,18.6,0,6,1,1,0","vraesier,leg_up,-72,-226,-15.7,0,8,1.1,1,0","vraesier,leg_low,-117,-134.4,-26.5,0,10,1,1,0","vraesier,foot,-135.8,-39.4,-15.9,0,13,1,1,0","vraesier,leg_up,34,-216.4,41.2,0,12,1,1,0","vraesier,leg_low,74,-119.4,-3.5,0,13,1,1,0","vraesier,foot,88.2,-26.4,-1.5,0,15,1,1,0","vraesier,greatsword_base,-26.4,-350.4,10.1,0,14,1,1,0","vraesier,sword_base,244,-286,113.5,0,8,1,1,0","vraesier,handkerchief,-63.6,-278.6,-28.5,0,5,1,1,0",,,,,,,,,,,,,,,,,,,,,,,,,,,,,,,,,,,,,,,,,,,,,,,,,,,,,,,,,,,,,,,,,,,,,,,,,,,,,,,,,,,,,,,,,,,,,,,,,,,play_time_mod_0.5,,
Attack3/14,"vraesier,head,1,-517.4,-3,0,4,1,1,0","vraesier,neck,-10.8,-473.2,-15.6,0,7,1,1,0","vraesier,body,-18.8,-358.4,-1.5,0,6,1,1,0","vraesier,arm_up,-80,-401,-11,0,4,1,1,0","vraesier,arm_low,-76,-306,21.9,0,3,1,1,0","vraesier,open,-46,-229,-0.4,1,4,1,1,0","vraesier,arm_up,50,-402,23,0,18,1,1,0","vraesier,arm_low,83,-313,19.1,0,7,1,1,0","vraesier,fist_back,105,-246,5.6,0,8,1,1,0","vraesier,leg_up,-62,-223,-12.2,0,8,1.1,1,0","vraesier,leg_low,-93,-130.4,-16,0,10,1,1,0","vraesier,foot,-92.8,-33.4,-6.9,0,13,1,1,0","vraesier,leg_up,28,-214.4,33.2,0,12,1,1,0","vraesier,leg_low,64,-115.4,7,0,13,1,1,0","vraesier,foot,90.2,-26.4,2.5,0,15,1,1,0","vraesier,greatsword_base,-30.4,-352.4,10.1,0,14,1,1,0","vraesier,sword_base,202,-267,105,0,10,1,1,0","vraesier,handkerchief,-60.6,-271.6,-10.5,0,5,1,1,0",,,,,,,,,,,,,,,,,,,,,,,,,,,,,,,,,,,,,,,,,,,,,,,,,,,,,,,,,,,,,,,,,,,,,,,,,,,,,,,,,,,,,,,,,,,,,,,,,,,play_time_mod_0.5,,
Attack3/15,"vraesier,head,16,-524,-2.5,0,4,1,1,0","vraesier,neck,0,-479,-6.5,0,7,1,1,0","vraesier,body,-18.8,-358.4,-4.5,0,6,1,1,0","vraesier,arm_up,-88,-413,-25.3,0,4,1,1,0","vraesier,arm_low,-96,-322,20.7,0,3,1,1,0","vraesier,fist,-69,-250,5.8,0,4,1,1,0","vraesier,arm_up,60,-405.6,27.9,0,18,1,1,0","vraesier,arm_low,65,-323,-21.1,0,2,1,1,0","vraesier,fist,34,-251,-32.7,1,3,1,1,0","vraesier,leg_up,-66,-216,-9.7,0,8,1.1,1,0","vraesier,leg_low,-100,-124,-21,0,10,1,1,0","vraesier,foot,-111,-31,-18.1,0,13,1,1,0","vraesier,leg_up,34,-216,36.2,0,13,1,1,0","vraesier,leg_low,69,-120,-1.5,0,14,1,1,0","vraesier,foot,84.2,-31.4,0.5,0,15,1,1,0","vraesier,greatsword_base,-18.4,-352.4,16.1,0,14,1,1,0","vraesier,sword_base,-33,-331,-140,0,4,1,1,0","vraesier,handkerchief,-51.6,-269.6,-2.5,0,5,1,1,0",,,,,,,,,,,,,,,,,,,,,,,,,,,,,,,,,,,,,,,,,,,,,,,,,,,,,,,,,,,,,,,,,,,,,,,,,,,,,,,,,,,,,,,,,,,,,,,,,,,,,
Attack3/16,"vraesier,head,17,-522.4,-7,0,4,1,1,0","vraesier,neck,-3,-481.4,-12.5,0,7,1,1,0","vraesier,body,-12.8,-358.4,-4,0,6,1,1,0","vraesier,arm_up,-94,-408.4,-32.4,0,6,1,1,0","vraesier,arm_low,-130.8,-313.4,-5.3,0,8,1,1,0","vraesier,fist,-136,-243.5,-19.2,0,10,1,1,0","vraesier,arm_up,66,-396.6,24.8,0,18,1,1,0","vraesier,arm_low,41.2,-341.4,-75,0,4,1,1,0","vraesier,fist,-30.5,-324.5,-65,1,5,1,1,0","vraesier,leg_up,-64,-212,-12.7,0,8,1.1,1,0","vraesier,leg_low,-99,-118,-17,0,10,1,1,0","vraesier,foot,-98.8,-28.4,-3.1,0,13,1,1,0","vraesier,leg_up,28,-221,33.7,0,12,1,1,0","vraesier,leg_low,66,-126.4,7,0,13,1,1,0","vraesier,foot,96.2,-31.4,6.5,0,15,1,1,0","vraesier,greatsword_base,-19.4,-347.4,17.1,0,14,1,1,0","vraesier,sword_base,-47.5,-422,-170.7,0,6,1,1,0","vraesier,handkerchief,-52.6,-272.6,-4,0,6,1,1,0",,,,,,,,,,,,,,,,,,,,,,,,,,,,,,,,,,,,,,,,,,,,,,,,,,,,,,,,,,,,,,,,,,,,,,,,,,,,,,,,,,,,,,,,,,,,,,,,,,,,,
Attack4/0,"vraesier,head,29,-523,-11,0,4,1,1,0","vraesier,neck,7,-482,-11,0,7,1,1,0","vraesier,body,-14.8,-358.4,-8.5,0,6,1,1,0","vraesier,arm_up,-95,-406.4,-39.4,0,6,1,1,0","vraesier,arm_low,-102,-334,32.7,0,3,1,1,0","vraesier,fist,-69,-271,6.3,0,4,1,1,0","vraesier,arm_up,70,-419.6,48.3,0,18,1,1,0","vraesier,arm_low,108,-436,-175,0,4,1,1,0","vraesier,fist,97,-505,-179,0,5,1,1,0","vraesier,leg_up,-64,-215,-19.7,0,8,1.1,1,0","vraesier,leg_low,-107,-124.4,-19,0,10,1,1,0","vraesier,foot,-108.8,-31.4,-11.1,0,13,1,1,0","vraesier,leg_up,39,-212,43.2,0,13,1,1,0","vraesier,leg_low,86,-123.4,6,0,13,1,1,0","vraesier,foot,114.2,-32.4,4,0,15,1,1,0","vraesier,greatsword_base,-10.4,-354.4,16.1,0,14,1,1,0","vraesier,sword_base,-5,-477,-74,0,4,1,1,0","vraesier,handkerchief,-49.6,-269.6,4,0,5,1,1,0",,,,,,,,,,,,,,,,,,,,,,,,,,,,,,,,,,,,,,,,,,,,,,,,,,,,,,,,,,,,,,,,,,,,,,,,,,,,,,,,,,,,,,,,,,,,,,,,,,,,,
Attack4/1,"vraesier,head,49,-520,-13,0,4,1,1,0","vraesier,neck,22,-482.4,-28,0,7,1,1,0","vraesier,body,-4.8,-358.4,-12.5,0,6,1,1,0","vraesier,arm_up,-83,-420.4,-47.4,0,6,1,1,0","vraesier,arm_low,-107.8,-340.4,19.7,0,5,1,1,0","vraesier,fist,-86,-277,10.3,0,6,1,1,0","vraesier,arm_up,79,-419,48.3,0,18,1,1,0","vraesier,arm_low,143.6,-434.8,154,0,5,1,1,0","vraesier,fist_back,165.6,-480.4,141,0,3,1,1,0","vraesier,leg_up,-62,-212,-24.7,0,8,1.1,1,0","vraesier,leg_low,-111,-124.4,-21,0,10,1,1,0","vraesier,foot,-118.8,-31.4,-13.1,0,13,1,1,0","vraesier,leg_up,44,-220.4,40.2,0,12,1,1,0","vraesier,leg_low,86,-123.4,4,0,13,1,1,0","vraesier,foot,114.2,-32.4,2,0,15,1,1,0","vraesier,greatsword_base,-4.4,-354.4,12.1,0,14,1,1,0","vraesier,sword_base,87.6,-552.8,-134,0,4,1,1,0","vraesier,handkerchief,-49.6,-275.6,-7,0,5,1,1,0",,,,,,,,,,,,,,,,,,,,,,,,,,,,,,,,,,,,,,,,,,,,,,,,,,,,,,,,,,,,,,,,,,,,,,,,,,,,,,,,,,,,,,,,,,,,,,,,,,,play_time_mod_0.5,,
Attack4/2,"vraesier,head,88,-510,-16,0,4,1,1,0","vraesier,neck,58,-474.4,-23,0,7,1,1,0","vraesier,body,21.2,-350.4,-17.5,0,6,1,1,0","vraesier,arm_up,-47,-426.4,-55.4,0,6,1,1,0","vraesier,arm_low,-93.8,-352.4,-13.3,0,5,1,1,0","vraesier,fist,-109,-291,-22.7,0,7,1,1,0","vraesier,arm_up,114,-405.6,46.3,0,18,1,1,0","vraesier,arm_low,195,-380,105,0,5,1,1,0","vraesier,fist_back,266,-404,100,0,7,1,1,0","vraesier,leg_up,-67,-219,-28.7,0,8,1.1,1.1,0","vraesier,leg_low,-123,-128.4,-26,0,10,1,1,0","vraesier,foot,-136.8,-31.4,-13.1,0,13,1,1,0","vraesier,leg_up,44,-220.4,48.2,0,12,1,1,0","vraesier,leg_low,90,-127.4,0,0,13,1,1,0","vraesier,foot,114.2,-32.4,2,0,15,1,1,0","vraesier,greatsword_base,37.6,-340.4,4.1,0,14,1,1,0","vraesier,sword_swing,243,-507,-164,0,9,1,1,0","vraesier,handkerchief,-37.6,-279.6,-27,0,5,1,1,0",,,,,,,,,,,,,,,,,,,,,,,,,,,,,,,,,,,,,,,,,,,,,,,,,,,,,,,,,,,,,,,,,,,,,,,,,,,,,,,,,,,,,,,,,,,,,,,,,,,"play_time_mod_0.3,sprite_deal_damage",,
Attack4/3,"vraesier,head,88,-508,-20,0,4,1,1,0","vraesier,neck,58,-474.4,-23,0,7,1,1,0","vraesier,body,21.2,-350.4,-17.5,0,6,1,1,0","vraesier,arm_up,-47,-426.4,-55.4,0,6,1,1,0","vraesier,arm_low,-93.8,-352.4,-13.3,0,5,1,1,0","vraesier,fist,-109,-291,-22.7,0,7,1,1,0","vraesier,arm_up,114,-396,46.3,0,18,1,1,0","vraesier,arm_low,193,-330,55,0,5,1,1,0","vraesier,fist_back,248,-284,20,0,7,1,1,0","vraesier,leg_up,-67,-219,-28.7,0,8,1.1,1.1,0","vraesier,leg_low,-123,-128.4,-26,0,10,1,1,0","vraesier,foot,-136.8,-31.4,-13.1,0,13,1,1,0","vraesier,leg_up,44,-220.4,48.2,0,12,1,1,0","vraesier,leg_low,90,-127.4,0,0,13,1,1,0","vraesier,foot,114.2,-32.4,2,0,15,1,1,0","vraesier,greatsword_base,37.6,-340.4,4.1,0,14,1,1,0","vraesier,sword_swing,369,-328,110,0,9,1,1.2,0","vraesier,handkerchief,-37.6,-279.6,-27,0,5,1,1,0",,,,,,,,,,,,,,,,,,,,,,,,,,,,,,,,,,,,,,,,,,,,,,,,,,,,,,,,,,,,,,,,,,,,,,,,,,,,,,,,,,,,,,,,,,,,,,,,,,,"sprite_deal_damage,play_time_mod_0.1",,"swing_flat_small,2500,0"
Attack4/4,"vraesier,head,104,-491,-14,0,4,1,1,0","vraesier,neck,76,-460.4,-25,0,7,1,1,0","vraesier,body,23.2,-340.4,-22.5,0,6,1,1,0","vraesier,arm_up,-49,-422.4,-71.4,0,6,1,1,0","vraesier,arm_low,-125,-370,-31.3,0,5,1,1,0","vraesier,fist,-158,-307,-37.7,0,7,1,1,0","vraesier,arm_up,118,-365.6,30.3,0,18,1,1,0","vraesier,arm_low,155,-277,22,0,5,1,1,0","vraesier,fist_back,168,-210,-28,0,7,1,1,0","vraesier,leg_up,-65,-217,-30.7,0,8,1.1,1.1,0","vraesier,leg_low,-126,-131,-30,0,10,1,1,0","vraesier,foot,-149,-35,-19.1,0,13,1,1,0","vraesier,leg_up,44,-220.4,48.2,0,12,1,1,0","vraesier,leg_low,90,-127.4,0,0,13,1,1,0","vraesier,foot,114.2,-32.4,2,0,15,1,1,0","vraesier,greatsword_base,29.6,-328.4,-0.9,0,14,1,1,0","vraesier,sword_swing,268,-145,63,0,8,1,1.1,1","vraesier,hankerchief_speed1,-41.6,-303.6,-41,0,5,1,1,0",,,,,,,,,,,,,,,,,,,,,,,,,,,,,,,,,,,,,,,,,,,,,,,,,,,,,,,,,,,,,,,,,,,,,,,,,,,,,,,,,,,,,,,,,,,,,,,,,,,"sprite_deal_damage,play_time_mod_0.5",,
Attack4/5,"vraesier,head,92,-496,-13,0,4,1,1,0","vraesier,neck,68,-460.4,-18,0,7,1,1,0","vraesier,body,23.2,-340.4,-17.5,0,6,1,1,0","vraesier,arm_up,-55,-424.4,-71.4,0,6,1,1,0","vraesier,arm_low,-129,-369,-31.3,0,5,1,1,0","vraesier,fist,-165,-307,-37.7,0,7,1,1,0","vraesier,arm_up,118,-365.6,29.3,0,18,1,1,0","vraesier,arm_low,108,-289,-42,0,1,1,1,0","vraesier,fist,70,-245,-60,0,3,1,1,0","vraesier,leg_up,-65,-217,-30.7,0,8,1.1,1.1,0","vraesier,leg_low,-126,-131,-30,0,10,1,1,0","vraesier,foot,-149,-35,-19.1,0,13,1,1,0","vraesier,leg_up,44,-220.4,48.2,0,12,1,1,0","vraesier,leg_low,90,-127.4,0,0,13,1,1,0","vraesier,foot,114.2,-32.4,2,0,15,1,1,0","vraesier,greatsword_base,21.6,-328.4,4.1,0,14,1,1,0","vraesier,sword_base,0.4,-327.6,-135,0,4,1,1,0","vraesier,handkerchief,-43.6,-281.6,-46,0,5,1,1,0",,,,,,,,,,,,,,,,,,,,,,,,,,,,,,,,,,,,,,,,,,,,,,,,,,,,,,,,,,,,,,,,,,,,,,,,,,,,,,,,,,,,,,,,,,,,,,,,,,,,,
Attack4/6,"vraesier,head,90,-498,-9,0,4,1,1,0","vraesier,neck,68,-460.4,-18,0,7,1,1,0","vraesier,body,23.2,-340.4,-18.5,0,6,1,1,0","vraesier,arm_up,-59,-424.4,-65.4,0,6,1,1,0","vraesier,arm_low,-137,-368,-37.3,0,5,1,1,0","vraesier,fist,-176,-312,-45.7,0,7,1,1,0","vraesier,arm_up,118,-365.6,29.3,0,18,1,1,0","vraesier,arm_low,104,-306,-58,0,1,1,1,0","vraesier,fist,46,-273,-68,0,3,1,1,0","vraesier,leg_up,-65,-217,-30.7,0,8,1.1,1.1,0","vraesier,leg_low,-126,-131,-30,0,10,1,1,0","vraesier,foot,-149,-35,-19.1,0,13,1,1,0","vraesier,leg_up,44,-220.4,48.2,0,12,1,1,0","vraesier,leg_low,90,-127.4,0,0,13,1,1,0","vraesier,foot,114.2,-32.4,2,0,15,1,1,0","vraesier,greatsword_base,21.6,-328.4,4.1,0,14,1,1,0","vraesier,sword_base,-18,-359,-145,0,4,1,1,0","vraesier,handkerchief,-33.6,-269.6,-28,0,5,1,1,0",,,,,,,,,,,,,,,,,,,,,,,,,,,,,,,,,,,,,,,,,,,,,,,,,,,,,,,,,,,,,,,,,,,,,,,,,,,,,,,,,,,,,,,,,,,,,,,,,,,play_time_mod_0.5,,
Attack4/7,"vraesier,head,93,-497,-7,0,4,1,1,0","vraesier,neck,68,-460.4,-18,0,7,1,1,0","vraesier,body,23.2,-340.4,-20.5,0,6,1,1,0","vraesier,arm_up,-55,-420.4,-65.4,0,6,1,1,0","vraesier,arm_low,-141.8,-358.4,-38.3,0,5,1,1,0","vraesier,fist,-176,-307,-43.7,0,7,1,1,0","vraesier,arm_up,118,-365.6,29.3,0,18,1,1,0","vraesier,arm_low,129,-278,-9,0,1,1,1,0","vraesier,fist,123,-204,0,0,3,1,1,0","vraesier,leg_up,-65,-217,-28.7,0,8,1.1,1.1,0","vraesier,leg_low,-126,-131,-30,0,10,1,1,0","vraesier,foot,-149,-35,-19.1,0,13,1,1,0","vraesier,leg_up,44,-220.4,48.2,0,12,1,1,0","vraesier,leg_low,90,-127.4,0,0,13,1,1,0","vraesier,foot,114.2,-32.4,2,0,15,1,1,0","vraesier,greatsword_base,21.6,-330.4,0.1,0,14,1,1,0","vraesier,sword_swing_2,26,-163,-62,0,4,1,1,0","vraesier,hankerchief_speed1,-39.6,-309.6,-57,0,5,1,1,0",,,,,,,,,,,,,,,,,,,,,,,,,,,,,,,,,,,,,,,,,,,,,,,,,,,,,,,,,,,,,,,,,,,,,,,,,,,,,,,,,,,,,,,,,,,,,,,,,,,"play_time_mod_0.3,sprite_deal_damage",,"swing_flat_small,2500,0"
Attack4/8,"vraesier,head,93,-493.4,-5,0,4,1,1,0","vraesier,neck,72,-462.4,-18,0,7,1,1,0","vraesier,body,23.2,-340.4,-20.5,0,6,1,1,0","vraesier,arm_up,-55,-420.4,-71.4,0,6,1,1,0","vraesier,arm_low,-144,-374,-46.3,0,5,1,1,0","vraesier,fist,-187,-327,-60.7,0,7,1,1,0","vraesier,arm_up,144,-407.6,90.3,0,18,1,1,0","vraesier,arm_low,238,-410,96,0,5,1,1,0","vraesier,fist,298,-428,119,0,6,1,1,0","vraesier,leg_up,-65,-217,-28.7,0,8,1.1,1.1,0","vraesier,leg_low,-126,-131,-30,0,10,1,1,0","vraesier,foot,-149,-35,-19.1,0,13,1,1,0","vraesier,leg_up,44,-220.4,48.2,0,12,1,1,0","vraesier,leg_low,96,-127.4,7,0,13,1,1,0","vraesier,foot,124.2,-32.4,7,0,15,1,1,0","vraesier,greatsword_base,25.6,-326.4,1.1,0,14,1,1,0","vraesier,sword_swing_2,417,-386,74,0,7,1,1.2,1","vraesier,hankerchief_speed2,-41.6,-305.6,-54,0,5,1,1,0",,,,,,,,,,,,,,,,,,,,,,,,,,,,,,,,,,,,,,,,,,,,,,,,,,,,,,,,,,,,,,,,,,,,,,,,,,,,,,,,,,,,,,,,,,,,,,,,,,,sprite_deal_damage,,
Attack4/9,"vraesier,head,79,-505.4,-1,0,4,1,1,0","vraesier,neck,62,-468.4,-18,0,7,1,1,0","vraesier,body,19.2,-344.4,-17.5,0,6,1,1,0","vraesier,arm_up,-65,-422.4,-71.4,0,6,1,1,0","vraesier,arm_low,-159,-376,-47.3,0,5,1,1,0","vraesier,fist,-205,-329,-58.7,0,7,1,1,0","vraesier,arm_up,114,-431.6,109.3,0,18,1,1,0","vraesier,arm_low,202,-468,120,0,5,1,1,0","vraesier,fist_back,261,-486,63,0,6,1,1,0","vraesier,leg_up,-65,-217,-28.7,0,8,1.1,1.1,0","vraesier,leg_low,-126,-131,-30,0,10,1,1,0","vraesier,foot,-149,-35,-19.1,0,13,1,1,0","vraesier,leg_up,44,-220.4,48.2,0,12,1,1,0","vraesier,leg_low,96,-127.4,7,0,13,1,1,0","vraesier,foot,124.2,-32.4,7,0,15,1,1,0","vraesier,greatsword_base,25.6,-330.4,7.1,0,14,1,1,0","vraesier,sword_base,348,-526,116,0,8,0.8,0.9,0","vraesier,hankerchief_speed1,-45.6,-303.6,-42,0,5,1,1,0",,,,,,,,,,,,,,,,,,,,,,,,,,,,,,,,,,,,,,,,,,,,,,,,,,,,,,,,,,,,,,,,,,,,,,,,,,,,,,,,,,,,,,,,,,,,,,,,,,,"play_time_mod_1.5,sprite_deal_damage",,
Attack4/10,"vraesier,head,61,-507,2,0,4,1,1,0","vraesier,neck,44,-468.4,-21,0,7,1,1,0","vraesier,body,7.2,-344.4,-12.5,0,6,1,1,0","vraesier,arm_up,-81,-418.4,-62.4,0,6,1,1,0","vraesier,arm_low,-169,-366,-48.3,0,5,1,1,0","vraesier,fist,-212,-318,-54.7,0,7,1,1,0","vraesier,arm_up,100,-438,124.3,0,18,1,1,0","vraesier,arm_low,192,-494,124,0,5,1,1,0","vraesier,fist_back,243,-514,74,0,7,1,1,0","vraesier,leg_up,-66,-208,-22.7,0,8,1.1,1,0","vraesier,leg_low,-117,-120.4,-31,0,10,1,1,0","vraesier,foot,-136.8,-31.4,-13.1,0,13,1,1,0","vraesier,leg_up,40,-212,51.2,0,12,1,1,0","vraesier,leg_low,96,-123.4,6,0,13,1,1,0","vraesier,foot,124.2,-32.4,7,0,15,1,1,0","vraesier,greatsword_base,19.6,-340.4,10.1,0,14,1,1,0","vraesier,sword_base,309,-568,131,0,8,0.8,0.8,0","vraesier,hankerchief_speed2,-53.6,-291.6,-26,0,5,1,1,0",,,,,,,,,,,,,,,,,,,,,,,,,,,,,,,,,,,,,,,,,,,,,,,,,,,,,,,,,,,,,,,,,,,,,,,,,,,,,,,,,,,,,,,,,,,,,,,,,,,,,
Attack4/11,"vraesier,head,52,-505,-1,0,4,1,1,0","vraesier,neck,30,-468.4,-20,0,7,1,1,0","vraesier,body,3.2,-344.4,-10.5,0,6,1,1,0","vraesier,arm_up,-87,-414.4,-56.4,0,6,1,1,0","vraesier,arm_low,-175,-350,-44.3,0,5,1,1,0","vraesier,fist,-216,-299,-47.7,0,7,1,1,0","vraesier,arm_up,102,-417.6,76.3,0,18,1,1,0","vraesier,arm_low,202,-406,94,0,5,1,1,0","vraesier,fist_back,272,-403,58,0,7,1,1,0","vraesier,leg_up,-66,-207,-21.7,0,8,1.1,1,0","vraesier,leg_low,-117,-120.4,-31,0,10,1,1,0","vraesier,foot,-136.8,-31.4,-13.1,0,13,1,1,0","vraesier,leg_up,36,-216.4,45.2,0,12,1,1,0","vraesier,leg_low,82,-121.4,6,0,13,1,1,0","vraesier,foot,112.2,-28.4,7,0,15,1,1,0","vraesier,greatsword_base,11.6,-340.4,11.1,0,14,1,1,0","vraesier,sword_base,308,-489,159,0,8,0.9,0.9,0","vraesier,hankerchief_speed1,-51.6,-273.6,14,0,5,1,1,0",,,,,,,,,,,,,,,,,,,,,,,,,,,,,,,,,,,,,,,,,,,,,,,,,,,,,,,,,,,,,,,,,,,,,,,,,,,,,,,,,,,,,,,,,,,,,,,,,,,play_time_mod_0.5,,
Attack4/12,"vraesier,head,35,-513,-9,0,4,1,1,0","vraesier,neck,10,-474.4,-15,0,7,1,1,0","vraesier,body,-12.8,-352.4,-10.5,0,6,1,1,0","vraesier,arm_up,-87,-410,-36.4,0,4,1,1,0","vraesier,arm_low,-131,-323,-11.3,0,7,1,1,0","vraesier,open,-143,-247,-18.7,1,9,1,1,0","vraesier,arm_up,68,-399.6,37.3,0,18,1,1,0","vraesier,arm_low,133,-326,50.8,0,20,1,1,0","vraesier,fist_back,189,-279,36.8,0,21,1,1,0","vraesier,leg_up,-79,-217,-16.7,0,8,1.1,1,0","vraesier,leg_low,-119,-124,-21,0,10,1,1,0","vraesier,foot,-124,-31,-8.1,0,13,1,1,0","vraesier,leg_up,30,-214,39.7,0,12,1,1,0","vraesier,leg_low,72,-128,6,0,13,1,1,0","vraesier,foot,100,-34,4,0,15,1,1,0","vraesier,greatsword_base,-4.4,-348.4,12.1,0,14,1,1,0","vraesier,sword_base,260,-350,136.8,0,22,1,1,0","vraesier,handkerchief,-61.6,-273.6,-19.5,0,5,1,1,0",,,,,,,,,,,,,,,,,,,,,,,,,,,,,,,,,,,,,,,,,,,,,,,,,,,,,,,,,,,,,,,,,,,,,,,,,,,,,,,,,,,,,,,,,,,,,,,,,,,play_time_mod_0.5,,
Attack4/13,"vraesier,head,16,-524,-2.5,0,4,1,1,0","vraesier,neck,0,-479,-6.5,0,7,1,1,0","vraesier,body,-18.8,-358.4,-4.5,0,6,1,1,0","vraesier,arm_up,-88,-413,-25.3,0,4,1,1,0","vraesier,arm_low,-96,-322,20.7,0,3,1,1,0","vraesier,fist,-69,-250,5.8,0,4,1,1,0","vraesier,arm_up,60,-405.6,27.9,0,18,1,1,0","vraesier,arm_low,65,-323,-21.1,0,2,1,1,0","vraesier,fist,34,-251,-32.7,1,3,1,1,0","vraesier,leg_up,-66,-216,-9.7,0,8,1.1,1,0","vraesier,leg_low,-100,-124,-21,0,10,1,1,0","vraesier,foot,-111,-31,-18.1,0,13,1,1,0","vraesier,leg_up,34,-216,36.2,0,13,1,1,0","vraesier,leg_low,69,-120,-1.5,0,14,1,1,0","vraesier,foot,84.2,-31.4,0.5,0,15,1,1,0","vraesier,greatsword_base,-18.4,-352.4,16.1,0,14,1,1,0","vraesier,sword_base,-33,-331,-140,0,4,1,1,0","vraesier,handkerchief,-51.6,-269.6,-2.5,0,5,1,1,0",,,,,,,,,,,,,,,,,,,,,,,,,,,,,,,,,,,,,,,,,,,,,,,,,,,,,,,,,,,,,,,,,,,,,,,,,,,,,,,,,,,,,,,,,,,,,,,,,,,,,
Attack4/14,"vraesier,head,17,-522.4,-7,0,4,1,1,0","vraesier,neck,-3,-481.4,-12.5,0,7,1,1,0","vraesier,body,-12.8,-358.4,-4,0,6,1,1,0","vraesier,arm_up,-94,-408.4,-32.4,0,6,1,1,0","vraesier,arm_low,-130.8,-313.4,-5.3,0,8,1,1,0","vraesier,fist,-136,-243.5,-19.2,0,10,1,1,0","vraesier,arm_up,66,-396.6,24.8,0,18,1,1,0","vraesier,arm_low,41.2,-341.4,-75,0,4,1,1,0","vraesier,fist,-30.5,-324.5,-65,1,5,1,1,0","vraesier,leg_up,-64,-212,-12.7,0,8,1.1,1,0","vraesier,leg_low,-99,-118,-17,0,10,1,1,0","vraesier,foot,-98.8,-28.4,-3.1,0,13,1,1,0","vraesier,leg_up,28,-221,33.7,0,12,1,1,0","vraesier,leg_low,66,-126.4,7,0,13,1,1,0","vraesier,foot,96.2,-31.4,6.5,0,15,1,1,0","vraesier,greatsword_base,-19.4,-347.4,17.1,0,14,1,1,0","vraesier,sword_base,-47.5,-422,-170.7,0,6,1,1,0","vraesier,handkerchief,-52.6,-272.6,-4,0,6,1,1,0",,,,,,,,,,,,,,,,,,,,,,,,,,,,,,,,,,,,,,,,,,,,,,,,,,,,,,,,,,,,,,,,,,,,,,,,,,,,,,,,,,,,,,,,,,,,,,,,,,,,,
Spirit/0,"vraesier,close,24,-492,-12,0,4,1,1,0","vraesier,neck,-2,-460,-20,0,7,1,1,0","vraesier,body,-12.8,-338.4,-4,0,6,1,1,0","vraesier,arm_up,-39,-390.4,36.6,0,4,1,1,0","vraesier,arm_low,38,-373,119,0,3,1,1,0","vraesier,fist,87,-393,86.8,0,5,0.9,0.9,0","vraesier,arm_up,66,-400,54,0,10,1,1,0","vraesier,arm_low,50,-380,-101,0,5,1,1,0","vraesier,fist,-1,-376,-56,0,3,1,1,0","vraesier,leg_up,-51,-214,-6.2,0,8,1.1,1,0","vraesier,leg_low,-74,-120,-8,0,10,1,1,0","vraesier,foot,-75,-27,-21.1,0,13,1,1,0","vraesier,leg_up,18,-216,24.2,0,12,1,1,0","vraesier,leg_low,30,-119,-12,0,13,1,1,0","vraesier,foot,24,-30,-17,0,15,1,1,0",,,"vraesier,handkerchief,-51.6,-251.6,-3.5,0,5,1,1,0",,,,,,,,,,,,,,,,,,,,,,,,,,,,,,,,,,,,,,,,,,,,,,,,,,,,,,,,,,,,,,,,,,,,,,,,,,,,,,,,,,,,,,,,,,,,,,,,,,,"hold,effect_fade_5,effect_grey",,
EXCLUDE_guide/0,"vraesier,head,24,-521.4,-9,0,4,1,1,0","vraesier,neck,1,-478.4,-15.5,0,7,1,1,0","vraesier,body,-9.8,-356.4,-7,0,6,1,1,0","vraesier,arm_up,-94,-409.4,-32.4,0,6,1,1,0","vraesier,arm_low,-131.8,-317.4,-6.3,0,8,1,1,0","vraesier,fist,-138,-245.5,-21.2,0,10,1,1,0","vraesier,arm_up,66,-397.6,24.8,0,18,1,1,0","vraesier,arm_low,41.2,-343.4,-76,0,4,1,1,0","vraesier,fist,-30.5,-327.5,-66,1,5,1,1,0","vraesier,leg_up,-65,-217.4,-12.7,0,8,1,1,0","vraesier,leg_low,-99,-121.4,-16,0,10,1,1,0","vraesier,foot,-98.8,-28.4,-3.1,0,13,1,1,0","vraesier,leg_up,31,-221.4,32.7,0,12,1,1,0","vraesier,leg_low,66,-123.4,8,0,13,1,1,0","vraesier,foot,96.2,-31.4,6.5,0,15,1,1,0","vraesier,greatsword_base,-13.4,-348.4,12.1,0,14,1,1,0","vraesier,sword_base,-47.5,-424,-170.7,0,6,1,1,0","vraesier,handkerchief,-49.6,-272.6,-4,0,6,1,1,0",,,,,,,,,,,,,,,,,,,,,,,,,,,,,,,,,,,,,,,,,,,,,,,,,,,,,,,,,,,,,,,,,,,,,,,,,,,,,,,,,,,,,,,,,,,"guide,base,-2320,-2680,-140,0,0,1,4,0","guide,base,0,0,90,0,0,1,0.5,0",,,,,,,play_time_mod_0.5,,
EVENT_Join/0,"vraesier,head,294,-529,3,1,4,1,1,0","vraesier,neck,315,-490,20.5,1,7,1,1,0","vraesier,body,307,-362,-1,1,6,1,1,0","vraesier,arm_up,386,-405,25.4,1,6,1,1,0","vraesier,arm_low,406,-315,-3.7,1,8,1,1,0","vraesier,fist,398,-244,6.2,1,10,1,1,0","vraesier,arm_up,234,-416,-34.8,1,18,1,1,0","vraesier,arm_low,169,-357,-70,1,20,1,1,0","vraesier,open_back,89,-339,-66,0,22,1,1,0","vraesier,leg_up,348,-210,14.7,1,8,1.2,1,0","vraesier,leg_low,386,-116,14,1,10,1.1,1,0","vraesier,foot,387,-28,7.1,1,13,1,1,0","vraesier,leg_up,261,-220,-17.7,1,12,1,1,0","vraesier,leg_low,246,-122,-7,1,13,1,1,0","vraesier,foot,214,-31,-6.5,1,15,1,1,0","vraesier,greatsword_base,311,-356,-23.1,1,14,1,1,0","vraesier,sword_base,300,-270,60.7,1,12,1,1,0","vraesier,handkerchief,342,-277,-6,1,6,1,1,0",,,,,,,,,,,,,,,,,,,,,,,,,,,,,,,,,,,,,,,,,,,,,,,,,,,,,,,,,,,,,,,,,,,,,,,,,,,,,,,,,,,,,,,,,,,,,,,,,,,play_time_mod_2,,
GRAND_Attack/0,"vraesier,head,17,-522.4,-7,0,4,1,1,0","vraesier,neck,-3,-481.4,-12.5,0,7,1,1,0","vraesier,body,-12.8,-358.4,-4,0,6,1,1,0","vraesier,arm_up,-94,-408.4,-32.4,0,6,1,1,0","vraesier,arm_low,-130.8,-313.4,-5.3,0,8,1,1,0","vraesier,fist,-136,-243.5,-19.2,0,10,1,1,0","vraesier,arm_up,66,-396.6,24.8,0,18,1,1,0","vraesier,arm_low,41.2,-341.4,-75,0,4,1,1,0","vraesier,fist,-30.5,-324.5,-65,1,5,1,1,0","vraesier,leg_up,-64,-212,-12.7,0,8,1.1,1,0","vraesier,leg_low,-99,-118,-17,0,10,1,1,0","vraesier,foot,-98.8,-28.4,-3.1,0,13,1,1,0","vraesier,leg_up,28,-221,33.7,0,12,1,1,0","vraesier,leg_low,66,-126.4,7,0,13,1,1,0","vraesier,foot,96.2,-31.4,6.5,0,15,1,1,0","vraesier,greatsword_base,-19.4,-347.4,17.1,0,14,1,1,0","vraesier,sword_base,-47.5,-422,-170.7,0,6,1,1,0","vraesier,handkerchief,-52.6,-272.6,-4,0,6,1,1,0",,,,,,,,,,,,,,,,,,,,,,,,,,,,,,,,,,,,,,,,,,,,,,,,,,,,,,,,,,,,,,,,,,,,,,,,,,,,,,,,,,,,,,,,,,,,,,,,,,,play_time_mod_0.5,,
GRAND_Attack/1,"vraesier,head,52,-514.4,-15,0,4,1,1,0","vraesier,neck,31,-477.4,-17,0,7,1,1,0","vraesier,body,-6.8,-358.4,-14,0,6,1,1,0","vraesier,arm_up,-83,-423.4,-47.3,0,4,1,1,0","vraesier,arm_low,-145.8,-346.4,-24,0,6,1,1,0","vraesier,fist,-173,-275.5,-33.2,0,13,1,1,0","vraesier,arm_up,74,-383.6,15,0,18,1,1,0","vraesier,arm_low,45.2,-309.4,-55,0,4,1,1,0","vraesier,fist,0.4,-278.2,-40,1,3,1,1,0","vraesier,leg_up,-72,-226,-14.7,0,8,1.1,1.1,0","vraesier,leg_low,-119,-126.4,-30,0,10,1,1,0","vraesier,foot,-139.8,-34.4,-19.1,0,13,1,1,0","vraesier,leg_up,24,-214.4,37.7,0,12,1,1,0","vraesier,leg_low,66,-123.4,11,0,13,1,1,0","vraesier,foot,98.2,-32.4,4.5,0,15,1,1,0","vraesier,greatsword_base,-10.4,-350.4,3.1,0,14,1,1,0","vraesier,sword_base,-55.6,-362,-148,0,4,1,1,0","vraesier,handkerchief,-60.6,-282.6,-23,0,5,1,1,0",,,,,,,,,,,,,,,,,,,,,,,,,,,,,,,,,,,,,,,,,,,,,,,,,,,,,,,,,,,,,,,,,,,,,,,,,,,,,,,,,,,,,,,,,,,,,,,,,,,,,
GRAND_Attack/2,"vraesier,head,45,-517.4,-10,0,4,1,1,0","vraesier,neck,25,-480.4,-17,0,7,1,1,0","vraesier,body,-7.8,-358.4,-13,0,6,1,1,0","vraesier,arm_up,-86,-422.4,-47.3,0,4,1,1,0","vraesier,arm_low,-151.8,-342.4,-26,0,3,1,1,0","vraesier,fist,-182,-273.5,-34.2,0,10,1,1,0","vraesier,arm_up,84,-387.6,23,0,18,1,1,0","vraesier,arm_low,75.2,-304.4,-33,0,4,1,1,0","vraesier,fist,54.4,-263.2,-12,1,1,1,1,0","vraesier,leg_up,-85,-214,-21.7,0,8,1.1,1,0","vraesier,leg_low,-135,-125.4,-25,0,10,1,1,0","vraesier,foot,-151.8,-33.4,-18.1,0,13,1,1,0","vraesier,leg_up,26,-214.4,46.7,0,12,1,1,0","vraesier,leg_low,79,-123.4,8,0,13,1,1,0","vraesier,foot,111.2,-32.4,5.5,0,15,1,1,0","vraesier,greatsword_base,-12.4,-349.4,5.1,0,14,1,1,0","vraesier,sword_swing_2,-35.6,-322,-122,0,2,1,1,1","vraesier,hankerchief_speed2,-68.6,-297.6,4,0,5,1,1,0",,,,,,,,,,,,,,,,,,,,,,,,,,,,,,,,,,,,,,,,,,,,,,,,,,,,,,,,,,,,,,,,,,,,,,,,,,,,,,,,,,,,,,,,,,,,,,,,,,,play_time_mod_0.3,,
GRAND_Attack/3,"vraesier,head,44,-506.4,-6,0,4,1,1,0","vraesier,neck,20,-474.4,-25,0,7,1,1,0","vraesier,body,-11.8,-346.4,-14,0,6,1,1,0","vraesier,arm_up,-89,-417.4,-47.3,0,4,1,1,0","vraesier,arm_low,-160.8,-344.4,-34,0,6,1,1,0","vraesier,fist,-195,-281.5,-36.2,0,13,1,1,0","vraesier,arm_up,74,-397.6,34.3,0,18,1,1,0","vraesier,arm_low,104.2,-308.4,8,0,19,1,1,0","vraesier,fist,114.4,-236.2,29,1,5,1,1,0","vraesier,leg_up,-83,-216.4,-20.7,0,8,1.1,1,0","vraesier,leg_low,-137,-124.4,-32,0,10,1,1,0","vraesier,foot,-164.8,-33.4,-24.1,0,13,1,1,0","vraesier,leg_up,27,-212.4,45.7,0,12,1,1,0","vraesier,leg_low,79,-119.4,7,0,13,1,1,0","vraesier,foot,109.2,-29.4,7.5,0,15,1,1,0","vraesier,greatsword_base,-12.4,-344.4,5.1,0,14,1,1,0","vraesier,sword_swing_2,18.6,-188.8,-68,0,7,1,1,1","vraesier,hankerchief_speed1,-74.6,-288.6,-17,0,5,1,1,0",,,,,,,,,,,,,,,,,,,,,,,,,,,,,,,,,,,,,,,,,,,,,,,,,,,,,,,,,,,,,,,,,,,,,,,,,,,,,,,,,,,,,,,,,,,,,,,,,,,play_time_mod_0.1,,
GRAND_Attack/4,"vraesier,head,48,-506.4,-5,0,4,1,1,0","vraesier,neck,21,-476.4,-25,0,7,1,1,0","vraesier,body,-9.8,-346.4,-16,0,6,1,1,0","vraesier,arm_up,-85,-419.4,-51.3,0,4,1,1,0","vraesier,arm_low,-156.8,-351.4,-34,0,6,1,1,0","vraesier,fist,-194,-288.5,-42.2,0,13,1,1,0","vraesier,arm_up,85,-397.6,63.3,0,18,1,1,0","vraesier,arm_low,163.2,-356.4,66,0,19,1,1,0","vraesier,fist,228.2,-328.6,91,1,21,1,1,0","vraesier,leg_up,-87,-212,-22.7,0,8,1.1,1,0","vraesier,leg_low,-142,-124.4,-32,0,10,1,1,0","vraesier,foot,-168.8,-33.4,-24.1,0,13,1,1,0","vraesier,leg_up,27,-212.4,45.7,0,12,1,1,0","vraesier,leg_low,79,-119.4,7,0,13,1,1,0","vraesier,foot,109.2,-29.4,7.5,0,15,1,1,0","vraesier,greatsword_base,-12.4,-344.4,4.1,0,14,1,1,0","vraesier,sword_swing_2,195.2,-226,-15,0,23,1,1,1","vraesier,hankerchief_speed2,-74.6,-297.6,-36,0,5,1,1,0",,,,,,,,,,,,,,,,,,,,,,,,,,,,,,,,,,,,,,,,,,,,,,,,,,,,,,,,,,,,,,,,,,,,,,,,,,,,,,,,,,,,,,,,,,,,,,,,,,,"play_time_mod_0.1,sprite_deal_damage",,"swing_flat_small,2500,0"
GRAND_Attack/5,"vraesier,head,13,-512.4,1,0,4,1,1,0","vraesier,neck,-7,-477.4,-20,0,7,1,1,0","vraesier,body,-20.8,-348.4,-6,0,6,1,1,0","vraesier,arm_up,-109,-404.4,-50.3,0,4,1,1,0","vraesier,arm_low,-179.8,-328.4,-31,0,6,1,1,0","vraesier,fist,-216,-267.5,-44.2,0,13,1,1,0","vraesier,arm_up,72,-413.6,70.3,0,18,1,1,0","vraesier,arm_low,157.2,-378.4,73,0,19,1,1,0","vraesier,fist,222.2,-362.6,116,1,21,1,1,0","vraesier,leg_up,-82,-212,-17.7,0,8,1.1,1,0","vraesier,leg_low,-133,-123.4,-36,0,10,1,1,0","vraesier,foot,-166.8,-35.4,-27.1,0,13,1,1,0","vraesier,leg_up,25,-210.4,42.7,0,12,1,1,0","vraesier,leg_low,73,-114.4,5,0,13,1,1,0","vraesier,foot,96.2,-26.4,3.5,0,15,1,1,0","vraesier,greatsword_base,-16.4,-348.4,16.1,0,14,1,1,0","vraesier,sword_swing_2,271.2,-276,33,0,23,1,1,1","vraesier,hankerchief_speed1,-80.6,-289.6,-24,0,5,1,1,0",,,,,,,,,,,,,,,,,,,,,,,,,,,,,,,,,,,,,,,,,,,,,,,,,,,,,,,,,,,,,,,,,,,,,,,,,,,,,,,,,,,,,,,,,,,,,,,,,,,"play_time_mod_0.1,sprite_deal_damage",,
GRAND_Attack/6,"vraesier,head,-5,-513.4,-1,0,4,1,1,0","vraesier,neck,-24,-481.4,-20,0,7,1,1,0","vraesier,body,-27.8,-348.4,-1,0,6,1,1,0","vraesier,arm_up,-121,-404.4,-50.3,0,4,1,1,0","vraesier,arm_low,-197.8,-334.4,-37,0,6,1,1,0","vraesier,fist,-241,-271.5,-48.2,0,13,1,1,0","vraesier,arm_up,72,-433.6,100.3,0,18,1,1,0","vraesier,arm_low,157.2,-442.4,97,0,19,1,1,0","vraesier,fist_back,212.2,-430.6,26,0,21,1,1,0","vraesier,leg_up,-83,-213,-22.7,0,8,1.1,1.1,0","vraesier,leg_low,-138,-123.4,-36,0,10,1,1,0","vraesier,foot,-171.8,-35.4,-27.1,0,13,1,1,0","vraesier,leg_up,31,-206.4,44.7,0,12,1,1.1,0","vraesier,leg_low,82,-111.4,4,0,13,1,1,0","vraesier,foot,104.2,-23.4,2.5,0,15,1,1,0","vraesier,greatsword_base,-26.4,-341.4,17.1,0,14,1,1,0","vraesier,sword_swing_2,319.2,-456,105,0,23,1,1,1","vraesier,hankerchief_speed2,-77.6,-284.6,-19,0,5,1,1,0",,,,,,,,,,,,,,,,,,,,,,,,,,,,,,,,,,,,,,,,,,,,,,,,,,,,,,,,,,,,,,,,,,,,,,,,,,,,,,,,,,,,,,,,,,,,,,,,,,,"play_time_mod_0.1,sprite_deal_damage",,
GRAND_Attack/7,"vraesier,head,-10,-510.4,0,0,4,1,1,0","vraesier,neck,-29,-474.4,-17,0,7,1,1,0","vraesier,body,-29.8,-344.4,0,0,6,1,1,0","vraesier,arm_up,-127,-402.4,-52.3,0,4,1,1,0","vraesier,arm_low,-194.8,-334.4,-31,0,6,1,1,0","vraesier,fist,-226,-268.5,-38.2,0,13,1,1,0","vraesier,arm_up,62,-447.6,109,0,18,1,1,0","vraesier,arm_low,146.8,-476,114,0,21,1,1,0","vraesier,fist_back,201.8,-485.6,55,0,25,1,1,0","vraesier,leg_up,-84,-209,-25.7,0,8,1.1,1,0","vraesier,leg_low,-141,-124.4,-32,0,10,1,1,0","vraesier,foot,-171.8,-34.4,-30.1,0,13,1,1,0","vraesier,leg_up,31,-206.4,44.7,0,12,1,1.1,0","vraesier,leg_low,81,-111.4,2,0,13,1,1,0","vraesier,foot,104.2,-23.4,2.5,0,15,1,1,0","vraesier,greatsword_base,-31.4,-339.4,19.1,0,14,1,1,0","vraesier,sword_swing_2,275.6,-571.6,140,0,27,1,1,1","vraesier,hankerchief_speed1,-79.6,-283.6,-17,0,5,1,1,0",,,,,,,,,,,,,,,,,,,,,,,,,,,,,,,,,,,,,,,,,,,,,,,,,,,,,,,,,,,,,,,,,,,,,,,,,,,,,,,,,,,,,,,,,,,,,,,,,,,"play_time_mod_0.2,sprite_deal_damage",,
GRAND_Attack/8,"vraesier,head,-15,-507.4,-1,0,4,1,1,0","vraesier,neck,-34,-471.4,-18,0,7,1,1,0","vraesier,body,-30.8,-344.4,2,0,6,1,1,0","vraesier,arm_up,-127,-395.4,-49.3,0,4,1,1,0","vraesier,arm_low,-194.8,-323.4,-31,0,6,1,1,0","vraesier,fist,-226,-256.5,-36.2,0,13,1,1,0","vraesier,arm_up,51,-446.6,124,0,18,1,1,0","vraesier,arm_low,130,-506,140,0,20,1,1,0","vraesier,fist_back,179,-550,121,0,22,1,1,0","vraesier,leg_up,-85,-207,-26.7,0,8,1.1,1,0","vraesier,leg_low,-141,-124.4,-32,0,10,1,1,0","vraesier,foot,-171.8,-34.4,-30.1,0,13,1,1,0","vraesier,leg_up,31,-206.4,44.7,0,12,1,1.1,0","vraesier,leg_low,81,-111.4,2,0,13,1,1,0","vraesier,foot,104.2,-23.4,2.5,0,15,1,1,0","vraesier,greatsword_base,-26.4,-339.4,24.1,0,14,1,1,0","vraesier,sword_swing_2,188,-649,173,0,23,0.9,0.9,1","vraesier,hankerchief_speed2,-83.6,-285.6,-29,0,5,1,1,0",,,,,,,,,,,,,,,,,,,,,,,,,,,,,,,,,,,,,,,,,,,,,,,,,,,,,,,,,,,,,,,,,,,,,,,,,,,,,,,,,,,,,,,,,,,,,,,,,,,"play_time_mod_0.5,sprite_deal_damage",,
GRAND_Attack/9,"vraesier,head,-13,-507.4,-4,0,4,1,1,0","vraesier,neck,-35,-471.4,-19,0,7,1,1,0","vraesier,body,-30.8,-344.4,2,0,6,1,1,0","vraesier,arm_up,-127,-395.4,-49.3,0,4,1,1,0","vraesier,arm_low,-190.8,-320.4,-24,0,6,1,1,0","vraesier,fist,-218,-251.5,-34.2,0,13,1,1,0","vraesier,arm_up,45,-446.6,129,0,18,1,1,0","vraesier,arm_low,116.8,-520,150,0,20,1,1,0","vraesier,fist_back,158,-580,131,0,22,1,1,0","vraesier,leg_up,-85,-207,-26.7,0,8,1.1,1,0","vraesier,leg_low,-141,-124.4,-32,0,10,1,1,0","vraesier,foot,-171.8,-34.4,-30.1,0,13,1,1,0","vraesier,leg_up,31,-206.4,44.7,0,12,1,1.1,0","vraesier,leg_low,81,-111.4,2,0,13,1,1,0","vraesier,foot,104.2,-23.4,2.5,0,15,1,1,0","vraesier,greatsword_base,-26.4,-339.4,24.1,0,14,1,1,0","vraesier,sword_base,125,-659,-157,0,23,0.9,0.9,1","vraesier,hankerchief_speed2,-83.6,-284.6,-18,0,5,1,1,0",,,,,,,,,,,,,,,,,,,,,,,,,,,,,,,,,,,,,,,,,,,,,,,,,,,,,,,,,,,,,,,,,,,,,,,,,,,,,,,,,,,,,,,,,,,,,,,,,,,,,
GRAND_Attack/10,"vraesier,head,-14,-509.4,1,0,4,1,1,0","vraesier,neck,-35,-471.4,-19,0,7,1,1,0","vraesier,body,-32.8,-344.4,3,0,6,1,1,0","vraesier,arm_up,-129,-395.4,-48.3,0,4,1,1,0","vraesier,arm_low,-191.8,-318.4,-23,0,6,1,1,0","vraesier,fist,-218,-249.5,-33.2,0,13,1,1,0","vraesier,arm_up,37,-446.6,138,0,18,1,1,0","vraesier,arm_low,98.8,-520,154,0,20,1,1,0","vraesier,fist_back,133,-584,137,0,22,1,1,0","vraesier,leg_up,-85,-207,-26.7,0,8,1.1,1,0","vraesier,leg_low,-143,-124.4,-32,0,10,1,1,0","vraesier,foot,-171.8,-34.4,-27.1,0,13,1,1,0","vraesier,leg_up,33,-206.4,45.7,0,12,1,1.1,0","vraesier,leg_low,85,-111.4,5,0,13,1,1,0","vraesier,foot,110.2,-23.4,3.5,0,15,1,1,0","vraesier,greatsword_base,-31.4,-338.4,24.1,0,14,1,1,0","vraesier,sword_base,84,-661,-148,0,23,0.9,0.9,1","vraesier,hankerchief_speed1,-85.6,-277.6,-3,0,5,1,1,0",,,,,,,,,,,,,,,,,,,,,,,,,,,,,,,,,,,,,,,,,,,,,,,,,,,,,,,,,,,,,,,,,,,,,,,,,,,,,,,,,,,,,,,,,,,,,,,,,,,play_time_mod_0.5,,
GRAND_Attack/11,"vraesier,head,-4,-514.4,2,0,4,1,1,0","vraesier,neck,-24,-472.4,-17,0,7,1,1,0","vraesier,body,-30.8,-344.4,-2,0,6,1,1,0","vraesier,arm_up,-124,-398.4,-47.3,0,4,1,1,0","vraesier,arm_low,-183.8,-321.4,-23,0,5,1,1,0","vraesier,fist,-206,-250.5,-26.2,0,15,1,1,0","vraesier,arm_up,54,-447.6,124,0,18,1,1,0","vraesier,arm_low,112.8,-508,162,0,10,0.9,0.9,0","vraesier,fist_back,137,-567,136,0,12,0.9,0.9,0","vraesier,leg_up,-87,-206,-27.7,0,8,1.1,1,0","vraesier,leg_low,-145,-124.4,-32,0,10,1,1,0","vraesier,foot,-173.8,-34.4,-28.1,0,13,1,1,0","vraesier,leg_up,33,-206.4,45.7,0,12,1,1.1,0","vraesier,leg_low,85,-111.4,5,0,13,1,1,0","vraesier,foot,110.2,-23.4,3.5,0,15,1,1,0","vraesier,greatsword_base,-20.4,-342.4,20.1,0,14,1,1,0","vraesier,sword_base,60,-624,-131,0,16,0.9,0.9,1","vraesier,hankerchief_speed2,-81.6,-275.6,1,0,5,1,1,0",,,,,,,,,,,,,,,,,,,,,,,,,,,,,,,,,,,,,,,,,,,,,,,,,,,,,,,,,,,,,,,,,,,,,,,,,,,,,,,,,,,,,,,,,,,,,,,,,,,,,
GRAND_Attack/12,"vraesier,head,0,-514.4,2,0,4,1,1,0","vraesier,neck,-18,-472.4,-15,0,7,1,1,0","vraesier,body,-28.8,-344.4,-4,0,6,1,1,0","vraesier,arm_up,-121,-398.4,-43.3,0,4,1,1,0","vraesier,arm_low,-178.8,-315.4,-23,0,5,1,1,0","vraesier,fist,-201,-244.5,-26.2,0,15,1,1,0","vraesier,arm_up,54,-444.6,119,0,18,1,1,0","vraesier,arm_low,93.8,-511,-171,0,10,0.9,0.9,0","vraesier,fist,87,-568,-148,0,12,0.9,0.9,0","vraesier,leg_up,-82,-213,-20.7,0,8,1.1,1,0","vraesier,leg_low,-135,-124.4,-32,0,10,1,1,0","vraesier,foot,-163.8,-34.4,-28.1,0,13,1,1,0","vraesier,leg_up,31,-206.4,44.7,0,12,1,1.1,0","vraesier,leg_low,81,-111.4,2,0,13,1,1,0","vraesier,foot,104.2,-23.4,2.5,0,15,1,1,0","vraesier,greatsword_base,-20.4,-340.4,19.1,0,14,1,1,0","vraesier,sword_base,51,-655,-158,0,16,0.9,0.9,1","vraesier,handkerchief,-82.6,-266.6,-53,1,5,1,1,0",,,,,,,,,,,,,,,,,,,,,,,,,,,,,,,,,,,,,,,,,,,,,,,,,,,,,,,,,,,,,,,,,,,,,,,,,,,,,,,,,,,,,,,,,,,,,,,,,,,play_time_mod_0.5,,
GRAND_Attack/13,"vraesier,head,11,-519.4,-1,0,4,1,1,0","vraesier,neck,-10,-486.4,-15,0,7,1,1,0","vraesier,body,-22.8,-348.4,-4,0,6,1,1,0","vraesier,arm_up,-107,-402.4,-39.3,0,4,1,1,0","vraesier,arm_low,-160.8,-321.4,-23,0,5,1,1,0","vraesier,fist,-180,-251.5,-25.2,0,15,1,1,0","vraesier,arm_up,78,-423.6,62.3,0,18,1,1,0","vraesier,arm_low,83.2,-425.4,-124,0,0,1,1,0","vraesier,fist,16,-466,-85,1,1,1,1,0","vraesier,leg_up,-73,-214,-20.7,0,8,1.1,1,0","vraesier,leg_low,-121,-123.4,-26,0,10,1,1,0","vraesier,foot,-136.8,-31.4,-16.1,0,13,1,1,0","vraesier,leg_up,34,-203,45.7,0,13,1,1,0","vraesier,leg_low,80,-118.4,6,0,14,1,1,0","vraesier,foot,108.2,-28.4,5.5,0,15,1,1,0","vraesier,greatsword_base,-10.4,-346.4,16.1,0,14,1,1,0","vraesier,sword_base,-3,-565,-169,0,3,1,1,0","vraesier,handkerchief,-69.6,-265.6,-20,0,5,1,1,0",,,,,,,,,,,,,,,,,,,,,,,,,,,,,,,,,,,,,,,,,,,,,,,,,,,,,,,,,,,,,,,,,,,,,,,,,,,,,,,,,,,,,,,,,,,,,,,,,,,play_time_mod_0.5,,
GRAND_Attack/14,"vraesier,head,19,-519.4,-4,0,4,1,1,0","vraesier,neck,-4,-486.4,-15,0,7,1,1,0","vraesier,body,-18.8,-354.4,-7,0,6,1,1,0","vraesier,arm_up,-102,-406.4,-35.3,0,4,1,1,0","vraesier,arm_low,-146.8,-320.4,-15,0,5,1,1,0","vraesier,fist,-163,-248.5,-15.2,0,15,1,1,0","vraesier,arm_up,64,-407.6,41.3,0,18,1,1,0","vraesier,arm_low,53,-374,-88,0,2,1,1,0","vraesier,fist,-13,-376,-80,1,3,1,1,0","vraesier,leg_up,-73,-216.4,-12.7,0,8,1.1,1,0","vraesier,leg_low,-108,-124.4,-21,0,10,1,1,0","vraesier,foot,-119.8,-31.4,-16.1,0,13,1,1,0","vraesier,leg_up,37,-212,40.7,0,13,1,1,0","vraesier,leg_low,71,-121.4,-4,0,14,1,1,0","vraesier,foot,84.2,-31.4,0.5,0,15,1,1,0","vraesier,greatsword_base,-6.4,-342.4,13.1,0,14,1,1,0","vraesier,sword_base,-47,-474,-166,0,5,1,1,0","vraesier,handkerchief,-61.6,-271.6,-13,0,5,1,1,0",,,,,,,,,,,,,,,,,,,,,,,,,,,,,,,,,,,,,,,,,,,,,,,,,,,,,,,,,,,,,,,,,,,,,,,,,,,,,,,,,,,,,,,,,,,,,,,,,,,,,
