Name,p1_head,p1_neck,p1_body,p1_r_arm_up,p1_r_arm_low,p1_r_hand,p1_l_arm_up,p1_l_arm_low,p1_l_hand,p1_r_leg_up,p1_r_leg_low,p1_r_foot,p1_l_leg_up,p1_l_leg_low,p1_l_foot,p1_main_weapon,p1_sub_weapon,p1_special_1,p1_special_2,p1_special_3,p1_special_4,p1_special_5,p1_special_6,p1_special_7,p1_special_8,p1_special_9,p1_special_10,p2_head,p2_neck,p2_body,p2_r_arm_up,p2_r_arm_low,p2_r_hand,p2_l_arm_up,p2_l_arm_low,p2_l_hand,p2_r_leg_up,p2_r_leg_low,p2_r_foot,p2_l_leg_up,p2_l_leg_low,p2_l_foot,p2_main_weapon,p2_sub_weapon,p2_special_1,p2_special_2,p2_special_3,p2_special_4,p2_special_5,p2_special_6,p2_special_7,p2_special_8,p2_special_9,p2_special_10,p3_head,p3_neck,p3_body,p3_r_arm_up,p3_r_arm_low,p3_r_hand,p3_l_arm_up,p3_l_arm_low,p3_l_hand,p3_r_leg_up,p3_r_leg_low,p3_r_foot,p3_l_leg_up,p3_l_leg_low,p3_l_foot,p3_main_weapon,p3_sub_weapon,p3_special_1,p3_special_2,p3_special_3,p3_special_4,p3_special_5,p3_special_6,p3_special_7,p3_special_8,p3_special_9,p3_special_10,p4_head,p4_neck,p4_body,p4_r_arm_up,p4_r_arm_low,p4_r_hand,p4_l_arm_up,p4_l_arm_low,p4_l_hand,p4_r_leg_up,p4_r_leg_low,p4_r_foot,p4_l_leg_up,p4_l_leg_low,p4_l_foot,p4_main_weapon,p4_sub_weapon,p4_special_1,p4_special_2,p4_special_3,p4_special_4,p4_special_5,p4_special_6,p4_special_7,p4_special_8,p4_special_9,p4_special_10,effect_1,effect_2,effect_3,effect_4,effect_5,effect_6,effect_7,effect_8,frame_property,animation_property,sound_effect
EXCLUDE_Cheer/0,"yuawies,head,-3,-509.4,-4,0,4,1,1,0","yuawies,neck,-8,-432.4,1,0,5,1,1,0","yuawies,body,-6.4,-320.8,1,0,6,1,1,0","yuawies,arm_up,-71,-372.4,-12,0,1,1,1,0","yuawies,arm_low,-101.2,-302.4,-6,0,2,1,1,0","white_human,open,-126.8,-249.6,-28,0,3,1,1,0","yuawies,arm_up,45.2,-380.4,23,1,18,1,1,0","yuawies,arm_low,70.8,-317.2,-17,1,19,1,1,0","white_human,open,63.2,-259.2,-12,1,21,1,1,0","yuawies,leg_up,-32,-181,1,0,8,1,1,0","yuawies,leg_low,-37,-84.4,-3,0,10,1,1,0","yuawies,foot,-26.8,-21.4,2.9,0,13,1,1,0","yuawies,leg_up,28,-183,2,0,9,1,1,0","yuawies,leg_low,25,-79,-1,0,13,1,1,0","yuawies,foot,42.2,-22.4,2,0,15,1,1,0",,,"yuawies,boobs,10,-360.4,1,0,5,1,1,0",,,,,,,,,,,,,,,,,,,,,,,,,,,,,,,,,,,,,,,,,,,,,,,,,,,,,,,,,,,,,,,,,,,,,,,,,,,,,,,,,,,,,,,,,,,,,,,,,,,,,
EXCLUDE_Cheer/1,"yuawies,head,1,-509.4,-6,0,4,1,1,0","yuawies,neck,-8,-432.4,1,0,5,1,1,0","yuawies,body,-6.4,-320.8,1,0,6,1,1,0","yuawies,arm_up,-71,-372.4,-10,0,1,1,1,0","yuawies,arm_low,-91.2,-296.4,4,0,2,1,1,0","white_human,open,-106.8,-235.6,-13,0,3,1,1,0","yuawies,arm_up,45.2,-374.4,16,1,18,1,1,0","yuawies,arm_low,54.8,-307.2,-41,1,19,1,1,0","white_human,open,25.2,-259.2,-19,1,21,1,1,0","yuawies,leg_up,-27.6,-182,-2,0,8,1,1,0","yuawies,leg_low,-37,-84.4,-3,0,10,1,1,0","yuawies,foot,-26.8,-21.4,2.9,0,13,1,1,0","yuawies,leg_up,35.6,-180,5,0,9,1,1,0","yuawies,leg_low,32,-79.4,-7,0,13,1,1,0","yuawies,foot,42.2,-22.4,2,0,15,1,1,0",,,"yuawies,boobs,10,-360.4,1,0,5,1,1,0",,,,,,,,,,,,,,,,,,,,,,,,,,,,,,,,,,,,,,,,,,,,,,,,,,,,,,,,,,,,,,,,,,,,,,,,,,,,,,,,,,,,,,,,,,,,,,,,,,,,,
EXCLUDE_Cheer/2,"yuawies,head,-3,-509.4,-1,0,4,1,1,0","yuawies,neck,-8,-432.4,6,0,5,1,1,0","yuawies,body,-6.4,-320.8,3,0,6,1,1,0","yuawies,arm_up,-71,-372.4,-10,0,1,1,1,0","yuawies,arm_low,-87.2,-296.4,13,0,2,1,1,0","white_human,open,-90.8,-229.6,-2,0,3,1,1,0","yuawies,arm_up,45.2,-374.4,16,1,18,1,1,0","yuawies,arm_low,80.8,-311.2,17,1,19,1,1,0","white_human,open,124.8,-278.4,65,0,21,1,1,0","yuawies,leg_up,-23.6,-182,-5,0,8,1,1,0","yuawies,leg_low,-37,-84.4,-6,0,10,1,1,0","yuawies,foot,-26.8,-21.4,2.9,0,13,1,1,0","yuawies,leg_up,39.6,-180,2,0,9,1,1,0","yuawies,leg_low,32,-79.4,-9,0,13,1,1,0","yuawies,foot,42.2,-22.4,2,0,15,1,1,0",,,"yuawies,boobs,10,-360.4,4,0,5,1,1,0",,,,,,,,,,,,,,,,,,,,,,,,,,,,,"item,golden_goblet,128,-290,-6,0,5,1,1,0",,,,,,,,,,,,,,,,,,,,,,,,,,,,,,,,,,,,,,,,,,,,,,,,,,,,,,,,,,,,,,,,,,,,,,,,
EXCLUDE_Cheer/3,"yuawies,head,-7,-509.4,1,0,4,1,1,0","yuawies,neck,-12,-432.4,6,0,5,1,1,0","yuawies,body,-6.4,-320.8,5,0,6,1,1,0","yuawies,arm_up,-69,-366.4,-8,0,1,1,1,0","yuawies,arm_low,-83.2,-290.4,17,0,2,1,1,0","white_human,open,-78.8,-221.6,8,0,3,1,1,0","yuawies,arm_up,45.2,-374.4,21,1,18,1,1,0","yuawies,arm_low,88.8,-333.2,55,1,19,1,1,0","white_human,open,152.8,-324.4,84,0,21,1,1,0","yuawies,leg_up,-23.6,-182,-5,0,8,1,1,0","yuawies,leg_low,-37,-84.4,-6,0,10,1,1,0","yuawies,foot,-26.8,-21.4,2.9,0,13,1,1,0","yuawies,leg_up,45.6,-184,8,0,9,1,1,0","yuawies,leg_low,36,-79.4,-13,0,13,1,1,0","yuawies,foot,42.2,-22.4,2,0,15,1,1,0",,,"yuawies,boobs,6,-360.4,7,0,5,1,1,0",,,,,,,,,,,,,,,,,,,,,,,,,,,,,"item,golden_goblet,158,-340,-4,0,5,1,1,0",,,,,,,,,,,,,,,,,,,,,,,,,,,,,,,,,,,,,,,,,,,,,,,,,,,,,,,,,,,,,,,,,,,,,,,,
EXCLUDE_Cheer/4,"yuawies,head,-7,-509.4,3,0,4,1,1,0","yuawies,neck,-12,-432.4,6,0,5,1,1,0","yuawies,body,-6.4,-320.8,5,0,6,1,1,0","yuawies,arm_up,-69,-366.4,-11,0,1,1,1,0","yuawies,arm_low,-89.2,-290.4,14,0,2,1,1,0","white_human,open,-88.8,-221.6,3,0,3,1,1,0","yuawies,arm_up,47.2,-394.4,53,1,18,1,1,0","yuawies,arm_low,110.8,-383.2,97,1,19,1,1,0","white_human,open,165.6,-398,90,0,21,1,1,0","yuawies,leg_up,-23.6,-182,-5,0,8,1,1,0","yuawies,leg_low,-37,-84.4,-6,0,10,1,1,0","yuawies,foot,-26.8,-21.4,2.9,0,13,1,1,0","yuawies,leg_up,45.6,-184,8,0,9,1,1,0","yuawies,leg_low,36,-79.4,-13,0,13,1,1,0","yuawies,foot,42.2,-22.4,2,0,15,1,1,0",,,"yuawies,boobs,6,-360.4,7,0,5,1,1,0",,,,,,,,,,,,,,,,,,,,,,,,,,,,,"item,golden_goblet,169.2,-409.6,-1,0,5,1,1,0",,,,,,,,,,,,,,,,,,,,,,,,,,,,,,,,,,,,,,,,,,,,,,,,,,,,,,,,,,,,,,,,,,,,,,,,
EXCLUDE_Cheer/5,"yuawies,head,-15,-509.4,6,0,4,1,1,0","yuawies,neck,-12,-432.4,6,0,5,1,1,0","yuawies,body,-6.4,-320.8,5,0,6,1,1,0","yuawies,arm_up,-73,-366.4,-17,0,1,1,1,0","yuawies,arm_low,-101.2,-290.4,6,0,2,1,1,0","white_human,open,-112.8,-227.6,-11,0,3,1,1,0","yuawies,arm_up,47.2,-406.4,68,1,18,1,1,0","yuawies,arm_low,110.8,-413.2,106,1,19,1,1,0","white_human,open,165.6,-444,107,0,21,1,1,0","yuawies,leg_up,-23.6,-182,-5,0,8,1,1,0","yuawies,leg_low,-37,-84.4,-6,0,10,1,1,0","yuawies,foot,-26.8,-21.4,2.9,0,13,1,1,0","yuawies,leg_up,45.6,-184,8,0,9,1,1,0","yuawies,leg_low,36,-79.4,-13,0,13,1,1,0","yuawies,foot,42.2,-22.4,2,0,15,1,1,0",,,"yuawies,boobs,6,-360.4,7,0,5,1,1,0",,,,,,,,,,,,,,,,,,,,,,,,,,,,,"item,golden_goblet,169.2,-471.6,-1,0,5,1,1,0",,,,,,,,,,,,,,,,,,,,,,,,,,,,,,,,,,,,,,,,,,,,,,,,,,,,,,,,,,,,,,,,,,,,,,,,
EXCLUDE_Cheer/6,"yuawies,head,-19,-509.4,8,0,4,1,1,0","yuawies,neck,-12,-432.4,6,0,5,1,1,0","yuawies,body,-6.4,-320.8,5,0,6,1,1,0","yuawies,arm_up,-77,-366.4,-17,0,1,1,1,0","yuawies,arm_low,-107.2,-290.4,2,0,2,1,1,0","white_human,open,-128.8,-227.6,-16,0,3,1,1,0","yuawies,arm_up,47.2,-416.4,105,1,18,1,1,0","yuawies,arm_low,116.8,-453.2,106,1,19,1,1,0","white_human,open,171.6,-484,107,0,21,1,1,0","yuawies,leg_up,-23.6,-182,-5,0,8,1,1,0","yuawies,leg_low,-37,-84.4,-6,0,10,1,1,0","yuawies,foot,-26.8,-21.4,2.9,0,13,1,1,0","yuawies,leg_up,45.6,-184,8,0,9,1,1,0","yuawies,leg_low,36,-79.4,-13,0,13,1,1,0","yuawies,foot,42.2,-22.4,2,0,15,1,1,0",,,"yuawies,boobs,6,-360.4,7,0,5,1,1,0",,,,,,,,,,,,,,,,,,,,,,,,,,,,,"item,golden_goblet,175.2,-511.6,-1,0,5,1,1,0",,,,,,,,,,,,,,,,,,,,,,,,,,,,,,,,,,,,,,,,,,,,,,,,,,,,,,,,,,,,,,,,,,,,,,play_time_mod_1.5,,
EXCLUDE_Cheer/7,"yuawies,head,-19,-509.4,11,0,4,1,1,0","yuawies,neck,-12,-432.4,6,0,5,1,1,0","yuawies,body,-6.4,-320.8,5,0,6,1,1,0","yuawies,arm_up,-77,-366.4,-19,0,1,1,1,0","yuawies,arm_low,-111.2,-290.4,-1,0,2,1,1,0","white_human,open,-132.8,-227.6,-19,0,3,1,1,0","yuawies,arm_up,47.2,-424.4,113,1,18,1,1,0","yuawies,arm_low,114.8,-467.2,109,1,19,1,1,0","white_human,open,169.6,-504,113,0,21,1,1,0","yuawies,leg_up,-23.6,-182,-5,0,8,1,1,0","yuawies,leg_low,-37,-84.4,-6,0,10,1,1,0","yuawies,foot,-26.8,-21.4,2.9,0,13,1,1,0","yuawies,leg_up,45.6,-184,8,0,9,1,1,0","yuawies,leg_low,36,-79.4,-13,0,13,1,1,0","yuawies,foot,42.2,-22.4,2,0,15,1,1,0",,,"yuawies,boobs,6,-360.4,7,0,5,1,1,0",,,,,,,,,,,,,,,,,,,,,,,,,,,,,"item,golden_goblet,173.2,-533.6,6,0,5,1,1,0",,,,,,,,,,,,,,,,,,,,,,,,,,,,,,,,,,,,,,,,,,,,,,,,,,,,,,,,,,,,,,,,,,,,,,play_time_mod_2.5,,
EXCLUDE_Cheer/8,"yuawies,head,-15,-509.4,6,0,4,1,1,0","yuawies,neck,-12,-432.4,6,0,5,1,1,0","yuawies,body,-6.4,-320.8,5,0,6,1,1,0","yuawies,arm_up,-73,-366.4,-17,0,1,1,1,0","yuawies,arm_low,-101.2,-290.4,6,0,2,1,1,0","white_human,open,-112.8,-227.6,-11,0,3,1,1,0","yuawies,arm_up,47.2,-406.4,68,1,18,1,1,0","yuawies,arm_low,110.8,-413.2,106,1,19,1,1,0","white_human,open,165.6,-444,107,0,21,1,1,0","yuawies,leg_up,-23.6,-182,-5,0,8,1,1,0","yuawies,leg_low,-37,-84.4,-6,0,10,1,1,0","yuawies,foot,-26.8,-21.4,2.9,0,13,1,1,0","yuawies,leg_up,45.6,-184,8,0,9,1,1,0","yuawies,leg_low,36,-79.4,-13,0,13,1,1,0","yuawies,foot,42.2,-22.4,2,0,15,1,1,0",,,"yuawies,boobs,6,-360.4,7,0,5,1,1,0",,,,,,,,,,,,,,,,,,,,,,,,,,,,,"item,golden_goblet,169.2,-471.6,-1,0,5,1,1,0",,,,,,,,,,,,,,,,,,,,,,,,,,,,,,,,,,,,,,,,,,,,,,,,,,,,,,,,,,,,,,,,,,,,,,,,
EXCLUDE_Cheer/9,"yuawies,head,-7,-509.4,3,0,4,1,1,0","yuawies,neck,-12,-432.4,6,0,5,1,1,0","yuawies,body,-6.4,-320.8,5,0,6,1,1,0","yuawies,arm_up,-69,-366.4,-11,0,1,1,1,0","yuawies,arm_low,-89.2,-290.4,14,0,2,1,1,0","white_human,open,-88.8,-221.6,3,0,3,1,1,0","yuawies,arm_up,47.2,-394.4,53,1,18,1,1,0","yuawies,arm_low,110.8,-383.2,97,1,19,1,1,0","white_human,open,165.6,-398,90,0,21,1,1,0","yuawies,leg_up,-23.6,-182,-5,0,8,1,1,0","yuawies,leg_low,-37,-84.4,-6,0,10,1,1,0","yuawies,foot,-26.8,-21.4,2.9,0,13,1,1,0","yuawies,leg_up,45.6,-184,8,0,9,1,1,0","yuawies,leg_low,36,-79.4,-13,0,13,1,1,0","yuawies,foot,42.2,-22.4,2,0,15,1,1,0",,,"yuawies,boobs,6,-360.4,7,0,5,1,1,0",,,,,,,,,,,,,,,,,,,,,,,,,,,,,"item,golden_goblet,169.2,-409.6,-1,0,5,1,1,0",,,,,,,,,,,,,,,,,,,,,,,,,,,,,,,,,,,,,,,,,,,,,,,,,,,,,,,,,,,,,,,,,,,,,,play_time_mod_1.5,,
EXCLUDE_Cheer/10,"yuawies,head,3,-509.4,0,0,4,1,1,0","yuawies,neck,-6,-432.4,6,0,5,1,1,0","yuawies,body,-2.4,-320.8,1,0,6,1,1,0","yuawies,arm_up,-65,-366.4,-11,0,1,1,1,0","yuawies,arm_low,-85.2,-290.4,15,0,2,1,1,0","white_human,open,-86.8,-221.6,0,0,3,1,1,0","yuawies,arm_up,51.2,-394.4,49,1,18,1,1,0","yuawies,arm_low,102.8,-391.2,116,1,19,1,1,0","white_human,open,151.6,-424,109,0,21,1,1,0","yuawies,leg_up,-19.6,-182,-3,0,8,1,1,0","yuawies,leg_low,-37,-84.4,-8,0,10,1,1,0","yuawies,foot,-26.8,-21.4,2.9,0,13,1,1,0","yuawies,leg_up,41.6,-184,7,0,9,1,1,0","yuawies,leg_low,36,-79.4,-11,0,13,1,1,0","yuawies,foot,42.2,-22.4,2,0,15,1,1,0",,,"yuawies,boobs,10,-360.4,4,0,5,1,1,0",,,,,,,,,,,,,,,,,,,,,,,,,,,,,"item,golden_goblet,141.2,-425.6,16,0,5,1,1,0",,,,,,,,,,,,,,,,,,,,,,,,,,,,,,,,,,,,,,,,,,,,,,,,,,,,,,,,,,,,,,,,,,,,,,,,
EXCLUDE_Cheer/11,"yuawies,head,17,-509.4,-10,0,4,1,1,0","yuawies,neck,0,-432.4,3,0,5,1,1,0","yuawies,body,1.6,-320.8,-1,0,6,1,1,0","yuawies,arm_up,-65,-366.4,-14,0,1,1,1,0","yuawies,arm_low,-85.2,-290.4,20,0,2,1,1,0","white_human,open,-78.8,-221.6,11,0,3,1,1,0","yuawies,arm_up,47.2,-392.4,35,1,18,1,1,0","yuawies,arm_low,96.8,-377.2,121,1,19,1,1,0","white_human,open,131.6,-412,116,0,21,1,1,0","yuawies,leg_up,-19.6,-182,-3,0,8,1,1,0","yuawies,leg_low,-37,-84.4,-6,0,10,1,1,0","yuawies,foot,-26.8,-21.4,2.9,0,13,1,1,0","yuawies,leg_up,41.6,-184,6,0,9,1,1,0","yuawies,leg_low,36,-79.4,-13,0,13,1,1,0","yuawies,foot,42.2,-22.4,2,0,15,1,1,0",,,"yuawies,boobs,14,-360.4,0,0,5,1,1,0",,,,,,,,,,,,,,,,,,,,,,,,,,,,,"item,golden_goblet,115.2,-417.6,41,0,2,1,1,0",,,,,,,,,,,,,,,,,,,,,,,,,,,,,,,,,,,,,,,,,,,,,,,,,,,,,,,,,,,,,,,,,,,,,,,,
EXCLUDE_Cheer/12,"yuawies,head,17,-509.4,-7,0,4,1,1,0","yuawies,neck,0,-432.4,3,0,5,1,1,0","yuawies,body,1.6,-320.8,1,0,6,1,1,0","yuawies,arm_up,-65,-366.4,-16,0,1,1,1,0","yuawies,arm_low,-89.2,-290.4,16,0,2,1,1,0","white_human,open,-86.8,-221.6,8,0,3,1,1,0","yuawies,arm_up,47.2,-392.4,35,1,18,1,1,0","yuawies,arm_low,96.8,-383.2,125,1,19,1,1,0","white_human,open,131.6,-430,134,0,21,1,1,0","yuawies,leg_up,-19.6,-182,-5,0,8,1,1,0","yuawies,leg_low,-37,-84.4,-6,0,10,1,1,0","yuawies,foot,-26.8,-21.4,2.9,0,13,1,1,0","yuawies,leg_up,41.6,-184,8,0,9,1,1,0","yuawies,leg_low,36,-79.4,-11,0,13,1,1,0","yuawies,foot,42.2,-22.4,2,0,15,1,1,0",,,"yuawies,boobs,14,-360.4,3,0,5,1,1,0",,,,,,,,,,,,,,,,,,,,,,,,,,,,,"item,golden_goblet,111.2,-439.6,58,0,2,1,1,0",,,,,,,,,,,,,,,,,,,,,,,,,,,,,,,,,,,,,,,,,,,,,,,,,,,,,,,,,,,,,,,,,,,,,,play_time_mod_1.5,,
EXCLUDE_Cheer/13,"yuawies,head,11,-509.4,-1,0,4,1,1,0","yuawies,neck,0,-432.4,3,0,5,1,1,0","yuawies,body,1.6,-320.8,1,0,6,1,1,0","yuawies,arm_up,-65,-366.4,-18,0,1,1,1,0","yuawies,arm_low,-93.2,-290.4,13,0,2,1,1,0","white_human,open,-96.8,-221.6,4,0,3,1,1,0","yuawies,arm_up,47.2,-396.4,43,1,18,1,1,0","yuawies,arm_low,96.8,-395.2,130,1,19,1,1,0","white_human,open,127.6,-446,139,0,21,1,1,0","yuawies,leg_up,-19.6,-182,-5,0,8,1,1,0","yuawies,leg_low,-37,-84.4,-6,0,10,1,1,0","yuawies,foot,-26.8,-21.4,2.9,0,13,1,1,0","yuawies,leg_up,41.6,-184,8,0,9,1,1,0","yuawies,leg_low,36,-79.4,-11,0,13,1,1,0","yuawies,foot,42.2,-22.4,2,0,15,1,1,0",,,"yuawies,boobs,14,-360.4,3,0,5,1,1,0",,,,,,,,,,,,,,,,,,,,,,,,,,,,,"item,golden_goblet,111.2,-451.6,66,0,2,1,1,0",,,,,,,,,,,,,,,,,,,,,,,,,,,,,,,,,,,,,,,,,,,,,,,,,,,,,,,,,,,,,,,,,,,,,,play_time_mod_2,,
EXCLUDE_Cheer/14,"yuawies,head,9,-509.4,-2,0,4,1,1,0","yuawies,neck,0,-432.4,3,0,5,1,1,0","yuawies,body,1.6,-320.8,-1,0,6,1,1,0","yuawies,arm_up,-65,-366.4,-14,0,1,1,1,0","yuawies,arm_low,-85.2,-290.4,20,0,2,1,1,0","white_human,open,-78.8,-221.6,11,0,3,1,1,0","yuawies,arm_up,47.2,-392.4,35,1,18,1,1,0","yuawies,arm_low,96.8,-377.2,121,1,19,1,1,0","white_human,open,131.6,-412,116,0,21,1,1,0","yuawies,leg_up,-19.6,-182,-3,0,8,1,1,0","yuawies,leg_low,-37,-84.4,-6,0,10,1,1,0","yuawies,foot,-26.8,-21.4,2.9,0,13,1,1,0","yuawies,leg_up,41.6,-184,6,0,9,1,1,0","yuawies,leg_low,36,-79.4,-13,0,13,1,1,0","yuawies,foot,42.2,-22.4,2,0,15,1,1,0",,,"yuawies,boobs,14,-360.4,0,0,5,1,1,0",,,,,,,,,,,,,,,,,,,,,,,,,,,,,"item,golden_goblet,115.2,-417.6,41,0,2,1,1,0",,,,,,,,,,,,,,,,,,,,,,,,,,,,,,,,,,,,,,,,,,,,,,,,,,,,,,,,,,,,,,,,,,,,,,,,
EXCLUDE_Cheer/15,"yuawies,head,-7,-509.4,1,0,4,1,1,0","yuawies,neck,-12,-432.4,6,0,5,1,1,0","yuawies,body,-6.4,-320.8,5,0,6,1,1,0","yuawies,arm_up,-69,-366.4,-8,0,1,1,1,0","yuawies,arm_low,-83.2,-290.4,17,0,2,1,1,0","white_human,open,-78.8,-221.6,8,0,3,1,1,0","yuawies,arm_up,45.2,-374.4,21,1,18,1,1,0","yuawies,arm_low,88.8,-333.2,55,1,19,1,1,0","white_human,open,152.8,-324.4,84,0,21,1,1,0","yuawies,leg_up,-23.6,-182,-5,0,8,1,1,0","yuawies,leg_low,-37,-84.4,-6,0,10,1,1,0","yuawies,foot,-26.8,-21.4,2.9,0,13,1,1,0","yuawies,leg_up,45.6,-184,8,0,9,1,1,0","yuawies,leg_low,36,-79.4,-13,0,13,1,1,0","yuawies,foot,42.2,-22.4,2,0,15,1,1,0",,,"yuawies,boobs,6,-360.4,7,0,5,1,1,0",,,,,,,,,,,,,,,,,,,,,,,,,,,,,"item,golden_goblet,158,-340,-4,0,5,1,1,0",,,,,,,,,,,,,,,,,,,,,,,,,,,,,,,,,,,,,,,,,,,,,,,,,,,,,,,,,,,,,,,,,,,,,,,,
EXCLUDE_Cheer/16,"yuawies,head,-3,-509.4,-1,0,4,1,1,0","yuawies,neck,-8,-432.4,6,0,5,1,1,0","yuawies,body,-6.4,-320.8,3,0,6,1,1,0","yuawies,arm_up,-71,-372.4,-10,0,1,1,1,0","yuawies,arm_low,-87.2,-296.4,13,0,2,1,1,0","white_human,open,-90.8,-229.6,-2,0,3,1,1,0","yuawies,arm_up,45.2,-374.4,16,1,18,1,1,0","yuawies,arm_low,80.8,-311.2,17,1,19,1,1,0","white_human,open,124.8,-278.4,65,0,21,1,1,0","yuawies,leg_up,-23.6,-182,-5,0,8,1,1,0","yuawies,leg_low,-37,-84.4,-6,0,10,1,1,0","yuawies,foot,-26.8,-21.4,2.9,0,13,1,1,0","yuawies,leg_up,39.6,-180,2,0,9,1,1,0","yuawies,leg_low,32,-79.4,-9,0,13,1,1,0","yuawies,foot,42.2,-22.4,2,0,15,1,1,0",,,"yuawies,boobs,10,-360.4,4,0,5,1,1,0",,,,,,,,,,,,,,,,,,,,,,,,,,,,,"item,golden_goblet,128,-290,-6,0,5,1,1,0",,,,,,,,,,,,,,,,,,,,,,,,,,,,,,,,,,,,,,,,,,,,,,,,,,,,,,,,,,,,,,,,,,,,,,,,
EXCLUDE_Cheer/17,"yuawies,head,1,-509.4,-6,0,4,1,1,0","yuawies,neck,-8,-432.4,1,0,5,1,1,0","yuawies,body,-6.4,-320.8,1,0,6,1,1,0","yuawies,arm_up,-71,-372.4,-10,0,1,1,1,0","yuawies,arm_low,-91.2,-296.4,4,0,2,1,1,0","white_human,open,-106.8,-235.6,-13,0,3,1,1,0","yuawies,arm_up,45.2,-374.4,16,1,18,1,1,0","yuawies,arm_low,54.8,-307.2,-41,1,19,1,1,0","white_human,open,25.2,-259.2,-19,1,21,1,1,0","yuawies,leg_up,-27.6,-182,-2,0,8,1,1,0","yuawies,leg_low,-37,-84.4,-3,0,10,1,1,0","yuawies,foot,-26.8,-21.4,2.9,0,13,1,1,0","yuawies,leg_up,35.6,-180,5,0,9,1,1,0","yuawies,leg_low,32,-79.4,-7,0,13,1,1,0","yuawies,foot,42.2,-22.4,2,0,15,1,1,0",,,"yuawies,boobs,10,-360.4,1,0,5,1,1,0",,,,,,,,,,,,,,,,,,,,,,,,,,,,,,,,,,,,,,,,,,,,,,,,,,,,,,,,,,,,,,,,,,,,,,,,,,,,,,,,,,,,,,,,,,,,,,,,,,,,,
EXCLUDE_Cheer/18,"yuawies,head,-3,-509.4,-4,0,4,1,1,0","yuawies,neck,-8,-432.4,1,0,5,1,1,0","yuawies,body,-6.4,-320.8,1,0,6,1,1,0","yuawies,arm_up,-71,-372.4,-12,0,1,1,1,0","yuawies,arm_low,-101.2,-302.4,-6,0,2,1,1,0","white_human,open,-126.8,-249.6,-28,0,3,1,1,0","yuawies,arm_up,45.2,-380.4,23,1,18,1,1,0","yuawies,arm_low,70.8,-317.2,-17,1,19,1,1,0","white_human,open,63.2,-259.2,-12,1,21,1,1,0","yuawies,leg_up,-27.6,-182,-2,0,8,1,1,0","yuawies,leg_low,-37,-84.4,-3,0,10,1,1,0","yuawies,foot,-26.8,-21.4,2.9,0,13,1,1,0","yuawies,leg_up,35.6,-180,5,0,9,1,1,0","yuawies,leg_low,32,-79.4,-7,0,13,1,1,0","yuawies,foot,42.2,-22.4,2,0,15,1,1,0",,,"yuawies,boobs,10,-360.4,1,0,5,1,1,0",,,,,,,,,,,,,,,,,,,,,,,,,,,,,,,,,,,,,,,,,,,,,,,,,,,,,,,,,,,,,,,,,,,,,,,,,,,,,,,,,,,,,,,,,,,,,,,,,,,,,
EXCLUDE_Idle2/0,"yuawies,head,-7,-509.4,0,0,4,1,1,0","yuawies,neck,-8,-432.4,1,0,5,1,1,0","yuawies,body,-6.4,-320.8,1,0,6,1,1,0","yuawies,arm_up,-75,-372.4,-17,0,1,1,1,0","yuawies,arm_low,-109.2,-310.4,-21,0,2,1,1,0","white_human,open,-148.8,-269.6,-49,0,3,1,1,0","yuawies,arm_up,45.2,-380.4,23,1,18,1,1,0","yuawies,arm_low,88.8,-317.2,21,1,19,1,1,0","white_human,open,125.2,-268.4,34,1,21,1,1,0","yuawies,leg_up,-27.6,-182,-2,0,8,1,1,0","yuawies,leg_low,-37,-84.4,-3,0,10,1,1,0","yuawies,foot,-26.8,-21.4,2.9,0,13,1,1,0","yuawies,leg_up,35.6,-180,5,0,9,1,1,0","yuawies,leg_low,32,-79.4,-7,0,13,1,1,0","yuawies,foot,42.2,-22.4,2,0,15,1,1,0",,,"yuawies,boobs,10,-360.4,1,0,5,1,1,0",,,,,,,,,,,,,,,,,,,,,,,,,,,,,,,,,,,,,,,,,,,,,,,,,,,,,,,,,,,,,,,,,,,,,,,,,,,,,,,,,,,,,,,,,,,,,,,,,,,,,
EXCLUDE_Idle2/1,"yuawies,head,-7,-505.4,0,0,4,1,1,0","yuawies,neck,-8,-428.4,1,0,5,1,1,0","yuawies,body,-6.4,-316.8,1,0,6,1,1,0","yuawies,arm_up,-75,-368.4,-21,0,1,1,1,0","yuawies,arm_low,-113.2,-306.4,-23,0,2,1,1,0","white_human,open,-154.8,-265.6,-49,0,3,1,1,0","yuawies,arm_up,49.2,-376.4,28,1,18,1,1,0","yuawies,arm_low,94.8,-315.2,24,1,19,1,1,0","white_human,open,131.2,-272.4,40,1,21,1,1,0","yuawies,leg_up,-27.6,-182,-3,0,8,1,1,0","yuawies,leg_low,-37,-84.4,-3,0,10,1,1,0","yuawies,foot,-26.8,-21.4,2.9,0,13,1,1,0","yuawies,leg_up,39.6,-180,9,0,9,1,1,0","yuawies,leg_low,36,-79.4,-9,0,13,1,1,0","yuawies,foot,42.2,-22.4,2,0,15,1,1,0",,,"yuawies,boobs,10,-358.4,2,0,5,1,1,0",,,,,,,,,,,,,,,,,,,,,,,,,,,,,,,,,,,,,,,,,,,,,,,,,,,,,,,,,,,,,,,,,,,,,,,,,,,,,,,,,,,,,,,,,,,,,,,,,,,play_time_mod_1.4,,
EXCLUDE_Idle2/2,"yuawies,head,1,-501.4,-3,0,4,1,1,0","yuawies,neck,-4,-424.4,1,0,5,1,1,0","yuawies,body,-2.4,-312.8,-1,0,6,1,1,0","yuawies,arm_up,-71,-366.4,-24,0,1,1,1,0","yuawies,arm_low,-113.2,-306.4,-29,0,2,1,1,0","white_human,open,-158.8,-269.6,-51,0,3,1,1,0","yuawies,arm_up,55.2,-372.4,28,1,18,1,1,0","yuawies,arm_low,104.8,-315.2,26,1,19,1,1,0","white_human,open,145.2,-272.4,40,1,21,1,1,0","yuawies,leg_up,-27.6,-178,-5,0,8,1,1,0","yuawies,leg_low,-37,-80.4,-3,0,10,1,1,0","yuawies,foot,-26.8,-21.4,2.9,0,13,1,1,0","yuawies,leg_up,39.6,-176,12,0,9,1,1,0","yuawies,leg_low,36,-79.4,-13,0,13,1,1,0","yuawies,foot,42.2,-22.4,2,0,15,1,1,0",,,"yuawies,boobs,16,-354.4,-1,0,5,1,1,0",,,,,,,,,,,,,,,,,,,,,,,,,,,,,,,,,,,,,,,,,,,,,,,,,,,,,,,,,,,,,,,,,,,,,,,,,,,,,,,,,,,,,,,,,,,,,,,,,,,play_time_mod_1.7,,
EXCLUDE_Idle2/3,"yuawies,head,5,-497.4,-5,0,4,1,1,0","yuawies,neck,-4,-420.4,1,0,5,1,1,0","yuawies,body,-2.4,-308.8,-1,0,6,1,1,0","yuawies,arm_up,-71,-364.4,-27,0,1,1,1,0","yuawies,arm_low,-117.2,-306.4,-31,0,2,1,1,0","white_human,open,-164.8,-269.6,-51,0,3,1,1,0","yuawies,arm_up,55.2,-368.4,35,1,18,1,1,0","yuawies,arm_low,108.8,-315.2,31,1,19,1,1,0","white_human,open,149.2,-278.4,45,1,21,1,1,0","yuawies,leg_up,-27.6,-174,-7,0,8,1,1,0","yuawies,leg_low,-37,-80.4,-3,0,10,1,1,0","yuawies,foot,-26.8,-21.4,2.9,0,13,1,1,0","yuawies,leg_up,39.6,-172,14,0,9,1,1,0","yuawies,leg_low,38,-79.4,-13,0,13,1,1,0","yuawies,foot,42.2,-22.4,2,0,15,1,1,0",,,"yuawies,boobs,14,-350.4,-2,0,5,1,1,0",,,,,,,,,,,,,,,,,,,,,,,,,,,,,,,,,,,,,,,,,,,,,,,,,,,,,,,,,,,,,,,,,,,,,,,,,,,,,,,,,,,,,,,,,,,,,,,,,,,play_time_mod_2.1,,
EXCLUDE_Idle2/4,"yuawies,head,1,-501.4,-3,0,4,1,1,0","yuawies,neck,-4,-424.4,1,0,5,1,1,0","yuawies,body,-2.4,-312.8,-1,0,6,1,1,0","yuawies,arm_up,-71,-366.4,-24,0,1,1,1,0","yuawies,arm_low,-113.2,-306.4,-29,0,2,1,1,0","white_human,open,-158.8,-269.6,-51,0,3,1,1,0","yuawies,arm_up,55.2,-372.4,28,1,18,1,1,0","yuawies,arm_low,104.8,-315.2,26,1,19,1,1,0","white_human,open,145.2,-272.4,40,1,21,1,1,0","yuawies,leg_up,-27.6,-178,-5,0,8,1,1,0","yuawies,leg_low,-37,-80.4,-3,0,10,1,1,0","yuawies,foot,-26.8,-21.4,2.9,0,13,1,1,0","yuawies,leg_up,39.6,-176,12,0,9,1,1,0","yuawies,leg_low,36,-79.4,-13,0,13,1,1,0","yuawies,foot,42.2,-22.4,2,0,15,1,1,0",,,"yuawies,boobs,16,-354.4,-1,0,5,1,1,0",,,,,,,,,,,,,,,,,,,,,,,,,,,,,,,,,,,,,,,,,,,,,,,,,,,,,,,,,,,,,,,,,,,,,,,,,,,,,,,,,,,,,,,,,,,,,,,,,,,play_time_mod_1.6,,
EXCLUDE_Idle2/5,"yuawies,head,-7,-505.4,0,0,4,1,1,0","yuawies,neck,-8,-428.4,1,0,5,1,1,0","yuawies,body,-6.4,-316.8,1,0,6,1,1,0","yuawies,arm_up,-75,-368.4,-21,0,1,1,1,0","yuawies,arm_low,-113.2,-306.4,-23,0,2,1,1,0","white_human,open,-154.8,-265.6,-49,0,3,1,1,0","yuawies,arm_up,49.2,-376.4,28,1,18,1,1,0","yuawies,arm_low,94.8,-315.2,24,1,19,1,1,0","white_human,open,131.2,-272.4,40,1,21,1,1,0","yuawies,leg_up,-27.6,-182,-3,0,8,1,1,0","yuawies,leg_low,-37,-84.4,-3,0,10,1,1,0","yuawies,foot,-26.8,-21.4,2.9,0,13,1,1,0","yuawies,leg_up,39.6,-180,9,0,9,1,1,0","yuawies,leg_low,36,-79.4,-9,0,13,1,1,0","yuawies,foot,42.2,-22.4,2,0,15,1,1,0",,,"yuawies,boobs,10,-358.4,2,0,5,1,1,0",,,,,,,,,,,,,,,,,,,,,,,,,,,,,,,,,,,,,,,,,,,,,,,,,,,,,,,,,,,,,,,,,,,,,,,,,,,,,,,,,,,,,,,,,,,,,,,,,,,play_time_mod_1.3,,
EXCLUDE_Idle/0,"yuawies,head,-43.2,-296,0,0,4,1,1,0","yuawies,neck,-34.2,-221,27,0,5,1,1,0","yuawies,body,-10.4,-109.4,14,0,6,1,1,0","yuawies,arm_up,-49.2,-149,61,0,1,1,1,0","yuawies,arm_low,8.2,-129.8,129,0,2,1,1,0","white_human,open,55.2,-149.2,121,0,3,1,1,0","yuawies,arm_up,15.2,-199,23,1,18,1,1,0","yuawies,arm_low,50.8,-155.8,81,1,19,1,1,0","white_human,fist,120,-168.8,93,0,26,1,1,0","yuawies,leg_up,13.2,-40,118,0,5,1,1,0","yuawies,leg_low,88.8,-33.2,54,0,6,1,1,0","yuawies,foot,133.2,-11.2,1.9,0,7,1,1,0","yuawies,leg_up,50.4,-31.6,93,0,9,1,1,0","yuawies,leg_low,127.6,-20,83,0,13,1,1,0","yuawies,foot,193.6,-34.8,84,0,15,1,1,0",,,"yuawies,boobs,1.8,-163,18,0,5,1,1,0",,,,,,,,,,,,,,,,,,,,,,,,,,,"item,apple,-52.4,-395.6,4,0,1,1,1,0","item,wine,114.8,-112.4,6,0,24,1,1,0","item,golden_goblet,60,-170,16,0,5,1,1,0",,,,,,,,,,,,,,,,,,,,,,,,,,,,,,,,,,,,,,,,,,,,,,,,,,,,,,,,,,,,,,,,,,,,,,,play_time_mod_1.5,
EXCLUDE_Idle/1,"yuawies,head,-33.2,-300,0,0,4,1,1,0","yuawies,neck,-24.2,-223,4,0,5,1,1,0","yuawies,body,-10.4,-109.4,12,0,6,1,1,0","yuawies,arm_up,-49.2,-153,56,0,1,1,1,0","yuawies,arm_low,2.2,-129.8,122,0,2,1,1,0","white_human,open,51.2,-145.2,110,0,3,1,1,0","yuawies,arm_up,15.2,-199,23,1,18,1,1,0","yuawies,arm_low,50.8,-155.8,81,1,19,1,1,0","white_human,fist,120,-168.8,93,0,26,1,1,0","yuawies,leg_up,9.2,-40,116,0,5,1,1,0","yuawies,leg_low,88.8,-33.2,51,0,6,1,1,0","yuawies,foot,133.2,-11.2,1.9,0,7,1,1,0","yuawies,leg_up,50.4,-31.6,93,0,9,1,1,0","yuawies,leg_low,127.6,-20,83,0,13,1,1,0","yuawies,foot,193.6,-34.8,84,0,15,1,1,0",,,"yuawies,boobs,5.8,-163,17,0,5,1,1,0",,,,,,,,,,,,,,,,,,,,,,,,,,,"item,apple,-44.4,-391.6,7,0,1,1,1,0","item,wine,114.8,-112.4,6,0,24,1,1,0","item,golden_goblet,56,-164,2,0,5,1,1,0",,,,,,,,,,,,,,,,,,,,,,,,,,,,,,,,,,,,,,,,,,,,,,,,,,,,,,,,,,,,,,,,,,,,,,,play_time_mod_1.5,
EXCLUDE_Idle/2,"yuawies,head,-23.2,-300,-6,0,4,1,1,0","yuawies,neck,-24.2,-227,4,0,5,1,1,0","yuawies,body,-6.4,-109.4,9,0,6,1,1,0","yuawies,arm_up,-41.2,-153,56,0,1,1,1,0","yuawies,arm_low,10.2,-129.8,122,0,2,1,1,0","white_human,open,59.2,-145.2,110,0,3,1,1,0","yuawies,arm_up,15.2,-199,23,1,18,1,1,0","yuawies,arm_low,50.8,-155.8,81,1,19,1,1,0","white_human,fist,120,-168.8,93,0,26,1,1,0","yuawies,leg_up,13.2,-40,115,0,5,1,1,0","yuawies,leg_low,88.8,-33.2,54,0,6,1,1,0","yuawies,foot,133.2,-11.2,1.9,0,7,1,1,0","yuawies,leg_up,50.4,-31.6,93,0,9,1,1,0","yuawies,leg_low,127.6,-20,83,0,13,1,1,0","yuawies,foot,193.6,-34.8,84,0,15,1,1,0",,,"yuawies,boobs,9.8,-163,17,0,5,1,1,0",,,,,,,,,,,,,,,,,,,,,,,,,,,"item,apple,-22.4,-393.6,0,0,1,1,1,0","item,wine,114.8,-112.4,6,0,24,1,1,0","item,golden_goblet,64,-164,2,0,5,1,1,0",,,,,,,,,,,,,,,,,,,,,,,,,,,,,,,,,,,,,,,,,,,,,,,,,,,,,,,,,,,,,,,,,,,,,,,play_time_mod_1.5,
EXCLUDE_Idle/3,"yuawies,head,-21.2,-300,-9,0,4,1,1,0","yuawies,neck,-24.2,-227,4,0,5,1,1,0","yuawies,body,-6.4,-109.4,9,0,6,1,1,0","yuawies,arm_up,-41.2,-153,56,0,1,1,1,0","yuawies,arm_low,10.2,-129.8,122,0,2,1,1,0","white_human,open,65.2,-141.2,105,0,3,1,1,0","yuawies,arm_up,15.2,-199,23,1,18,1,1,0","yuawies,arm_low,50.8,-155.8,81,1,19,1,1,0","white_human,fist,120,-168.8,100,0,26,1,1,0","yuawies,leg_up,13.2,-40,116,0,5,1,1,0","yuawies,leg_low,88.8,-33.2,54,0,6,1,1,0","yuawies,foot,133.2,-11.2,1.9,0,7,1,1,0","yuawies,leg_up,50.4,-31.6,93,0,9,1,1,0","yuawies,leg_low,127.6,-20,83,0,13,1,1,0","yuawies,foot,193.6,-34.8,84,0,15,1,1,0",,,"yuawies,boobs,9.8,-163,17,0,5,1,1,0",,,,,,,,,,,,,,,,,,,,,,,,,,,"item,apple,-6.4,-393.6,-4,0,1,1,1,0","item,wine,114.8,-112.4,7,0,24,1,1,0","item,golden_goblet,66,-164,-2,0,5,1,1,0",,,,,,,,,,,,,,,,,,,,,,,,,,,,,,,,,,,,,,,,,,,,,,,,,,,,,,,,,,,,,,,,,,,,,,,play_time_mod_1.5,
EXCLUDE_Idle/4,"yuawies,head,-25.2,-300,-1,0,4,1,1,0","yuawies,neck,-20.2,-227,2,0,5,1,1,0","yuawies,body,-6.4,-109.4,9,0,6,1,1,0","yuawies,arm_up,-41.2,-157,56,0,1,1,1,0","yuawies,arm_low,10.2,-133.8,122,0,2,1,1,0","white_human,open,65.2,-145.2,105,0,3,1,1,0","yuawies,arm_up,15.2,-199,23,1,18,1,1,0","yuawies,arm_low,50.8,-155.8,81,1,19,1,1,0","white_human,fist,120,-168.8,100,0,26,1,1,0","yuawies,leg_up,13.2,-40,118,0,5,1,1,0","yuawies,leg_low,88.8,-33.2,54,0,6,1,1,0","yuawies,foot,133.2,-11.2,1.9,0,7,1,1,0","yuawies,leg_up,50.4,-31.6,93,0,9,1,1,0","yuawies,leg_low,127.6,-20,83,0,13,1,1,0","yuawies,foot,193.6,-34.8,84,0,15,1,1,0",,,"yuawies,boobs,11.8,-163,17,0,5,1,1,0",,,,,,,,,,,,,,,,,,,,,,,,,,,"item,apple,-32.4,-399.6,12,0,1,1,1,0","item,wine,114.8,-112.4,7,0,24,1,1,0","item,golden_goblet,70,-168,4,0,5,1,1,0",,,,,,,,,,,,,,,,,,,,,,,,,,,,,,,,,,,,,,,,,,,,,,,,,,,,,,,,,,,,,,,,,,,,,,,play_time_mod_1.5,
EXCLUDE_Idle/5,"yuawies,head,-31.2,-300,2,0,4,1,1,0","yuawies,neck,-24.2,-227,4,0,5,1,1,0","yuawies,body,-6.4,-109.4,11,0,6,1,1,0","yuawies,arm_up,-45.2,-153,56,0,1,1,1,0","yuawies,arm_low,6.2,-129.8,122,0,2,1,1,0","white_human,open,59.2,-145.2,110,0,3,1,1,0","yuawies,arm_up,15.2,-199,23,1,18,1,1,0","yuawies,arm_low,50.8,-155.8,81,1,19,1,1,0","white_human,fist,120,-168.8,93,0,26,1,1,0","yuawies,leg_up,13.2,-40,118,0,5,1,1,0","yuawies,leg_low,88.8,-33.2,54,0,6,1,1,0","yuawies,foot,133.2,-11.2,1.9,0,7,1,1,0","yuawies,leg_up,50.4,-31.6,93,0,9,1,1,0","yuawies,leg_low,127.6,-20,83,0,13,1,1,0","yuawies,foot,193.6,-34.8,84,0,15,1,1,0",,,"yuawies,boobs,9.8,-163,17,0,5,1,1,0",,,,,,,,,,,,,,,,,,,,,,,,,,,"item,apple,-40.4,-393.6,9,0,1,1,1,0","item,wine,114.8,-112.4,6,0,24,1,1,0","item,golden_goblet,64,-170,9,0,5,1,1,0",,,,,,,,,,,,,,,,,,,,,,,,,,,,,,,,,,,,,,,,,,,,,,,,,,,,,,,,,,,,,,,,,,,,,,,play_time_mod_1.5,
EXCLUDE_Talk2/0,"yuawies,head,-7,-509.4,-3,0,4,1,1,0","yuawies,neck,-8,-432.4,1,0,5,1,1,0","yuawies,body,-6.4,-320.8,-1,0,6,1,1,0","yuawies,arm_up,-71,-372.4,-14,0,1,1,1,0","yuawies,arm_low,-91.2,-292.4,18,0,2,1,1,0","white_human,open,-92.8,-232.4,0,0,3,1,1,0","yuawies,arm_up,41.2,-376.4,17,1,18,1,1,0","yuawies,arm_low,78.8,-307.2,17,1,19,1,1,0","white_human,open,113.2,-258.4,31,1,21,1,1,0","yuawies,leg_up,-29.6,-182,5,0,8,1,1,0","yuawies,leg_low,-37,-84.4,-3,0,10,1,1,0","yuawies,foot,-26.8,-21.4,2.9,0,13,1,1,0","yuawies,leg_up,33.6,-180,10,0,9,1,1,0","yuawies,leg_low,32,-79.4,-7,0,13,1,1,0","yuawies,foot,42.2,-22.4,2,0,15,1,1,0",,,"yuawies,boobs,10,-360.4,-1,0,5,1,1,0",,,,,,,,,,,,,,,,,,,,,,,,,,,,,,,,,,,,,,,,,,,,,,,,,,,,,,,,,,,,,,,,,,,,,,,,,,,,,,,,,,,,,,,,,,,,,,,,,,,,play_time_mod_0.7,
EXCLUDE_Talk2/1,"yuawies,head,-11,-519.4,3,0,4,1,1,0","yuawies,neck,-8,-442.4,1,0,5,1,1,0","yuawies,body,-10.4,-326.8,2,0,6,1,1,0","yuawies,arm_up,-79,-374.4,-19,0,1,1,1,0","yuawies,arm_low,-105.2,-306.4,9,0,2,1,1,0","white_human,open,-114.8,-248.4,-7,0,3,1,1,0","yuawies,arm_up,51.2,-380.4,29,1,18,1,1,0","yuawies,arm_low,98.8,-323.2,29,1,19,1,1,0","white_human,open,139.2,-284.4,42,1,21,1,1,0","yuawies,leg_up,-29.6,-182,5,0,8,1,1,0","yuawies,leg_low,-37,-84.4,-3,0,10,1,1,0","yuawies,foot,-26.8,-21.4,2.9,0,13,1,1,0","yuawies,leg_up,37.6,-182,7,0,9,1,1,0","yuawies,leg_low,32,-79.4,-7,0,13,1,1,0","yuawies,foot,42.2,-22.4,2,0,15,1,1,0",,,"yuawies,boobs,6,-370.4,6,0,5,1,1,0",,,,,,,,,,,,,,,,,,,,,,,,,,,,,,,,,,,,,,,,,,,,,,,,,,,,,,,,,,,,,,,,,,,,,,,,,,,,,,,,,,,,,,,,,,,,,,,,,,,,play_time_mod_0.7,
EXCLUDE_Talk2/2,"yuawies,head,-19,-525.4,6,0,4,1,1,0","yuawies,neck,-8,-448.4,6,0,5,1,1,0","yuawies,body,-10.4,-330.8,2,0,6,1,1,0","yuawies,arm_up,-85,-378.4,-29,0,1,1,1,0","yuawies,arm_low,-115.2,-306.4,18,0,2,1,1,0","white_human,open,-115.6,-246.4,-1,0,3,1,1,0","yuawies,arm_up,55.2,-392.4,35,1,18,1,1,0","yuawies,arm_low,102.8,-347.2,37,1,19,1,1,0","white_human,open,155.2,-316.4,58,1,21,1,1,0","yuawies,leg_up,-29.6,-182,5,0,8,1,1,0","yuawies,leg_low,-37,-84.4,-3,0,10,1,1,0","yuawies,foot,-26.8,-21.4,2.9,0,13,1,1,0","yuawies,leg_up,37.6,-186,9,0,9,1,1,0","yuawies,leg_low,32,-79.4,-7,0,13,1,1,0","yuawies,foot,42.2,-22.4,2,0,15,1,1,0",,,"yuawies,boobs,2,-378.4,10,0,5,1,1,0",,,,,,,,,,,,,,,,,,,,,,,,,,,,,,,,,,,,,,,,,,,,,,,,,,,,,,,,,,,,,,,,,,,,,,,,,,,,,,,,,,,,,,,,,,,,,,,,,,,,play_time_mod_0.7,
EXCLUDE_Talk2/3,"yuawies,head,-3,-511.4,-6,0,4,1,1,0","yuawies,neck,-4,-434.4,2,0,5,1,1,0","yuawies,body,-2.4,-318.8,-2,0,6,1,1,0","yuawies,arm_up,-79,-368.4,-26,0,1,1,1,0","yuawies,arm_low,-93.2,-294.4,43,0,2,1,1,0","white_human,open,-66.8,-237.2,33,0,3,1,1,0","yuawies,arm_up,69.2,-386.4,46,1,18,1,1,0","yuawies,arm_low,126.8,-355.2,50,1,19,1,1,0","white_human,twopoint,181.2,-344.4,80,1,21,1,1,0","yuawies,leg_up,-29.6,-176,3,0,8,1,1,0","yuawies,leg_low,-41,-82.4,-8,0,10,1,1,0","yuawies,foot,-26.8,-21.4,2.9,0,13,1,1,0","yuawies,leg_up,41.6,-178,15,0,9,1,1,0","yuawies,leg_low,40,-79.4,-14,0,13,1,1,0","yuawies,foot,42.2,-22.4,2,0,15,1,1,0",,,"yuawies,boobs,14,-352.4,0,0,5,1,1,0",,,,,,,,,,,,,,,,,,,,,,,,,,,,,,,,,,,,,,,,,,,,,,,,,,,,,,,,,,,,,,,,,,,,,,,,,,,,,,,,,,,,,,,,,,,,,,,,,,,,play_time_mod_0.7,
EXCLUDE_Talk2/4,"yuawies,head,19,-499.4,-9,0,4,1,1,0","yuawies,neck,10,-426.4,-5,0,5,1,1,0","yuawies,body,5.6,-310.8,-5,0,6,1,1,0","yuawies,arm_up,-65,-362.4,-26,0,1,1,1,0","yuawies,arm_low,-75.2,-292.4,49,0,2,1,1,0","white_human,open,-56.8,-237.2,10,0,3,1,1,0","yuawies,arm_up,77.2,-380.4,55,1,18,1,1,0","yuawies,arm_low,144.8,-353.2,51,1,19,1,1,0","white_human,twopoint,201.2,-344.4,86,1,21,1,1,0","yuawies,leg_up,-29.6,-176,-1,0,8,1,1,0","yuawies,leg_low,-41,-78.4,-6,0,10,1,1,0","yuawies,foot,-26.8,-21.4,2.9,0,13,1,1,0","yuawies,leg_up,45.6,-176,19,0,9,1,1,0","yuawies,leg_low,46,-79.4,-20,0,13,1,1,0","yuawies,foot,42.2,-22.4,2,0,15,1,1,0",,,"yuawies,boobs,22,-344.4,-3,0,5,1,1,0",,,,,,,,,,,,,,,,,,,,,,,,,,,,,,,,,,,,,,,,,,,,,,,,,,,,,,,,,,,,,,,,,,,,,,,,,,,,,,,,,,,,,,,,,,,,,,,,,,,,play_time_mod_0.7,
EXCLUDE_Talk2/5,"yuawies,head,15,-497.4,-2,0,4,1,1,0","yuawies,neck,10,-426.4,-5,0,5,1,1,0","yuawies,body,5.6,-310.8,-5,0,6,1,1,0","yuawies,arm_up,-63,-362.4,-25,0,1,1,1,0","yuawies,arm_low,-75.2,-292.4,47,0,2,1,1,0","white_human,open,-56.8,-237.2,8,0,3,1,1,0","yuawies,arm_up,77.2,-380.4,66,1,18,1,1,0","yuawies,arm_low,146.8,-367.2,65,1,19,1,1,0","white_human,twopoint,209.2,-364.4,86,1,21,1,1,0","yuawies,leg_up,-29.6,-176,-1,0,8,1,1,0","yuawies,leg_low,-41,-78.4,-6,0,10,1,1,0","yuawies,foot,-26.8,-21.4,2.9,0,13,1,1,0","yuawies,leg_up,45.6,-176,19,0,9,1,1,0","yuawies,leg_low,46,-79.4,-20,0,13,1,1,0","yuawies,foot,42.2,-22.4,2,0,15,1,1,0",,,"yuawies,boobs,22,-352.4,1,0,5,1,1,0",,,,,,,,,,,,,,,,,,,,,,,,,,,,,,,,,,,,,,,,,,,,,,,,,,,,,,,,,,,,,,,,,,,,,,,,,,,,,,,,,,,,,,,,,,,,,,,,,,,,play_time_mod_0.7,
EXCLUDE_Talk2/6,"yuawies,head,15,-499.4,1,0,4,1,1,0","yuawies,neck,10,-426.4,-5,0,5,1,1,0","yuawies,body,5.6,-310.8,-5,0,6,1,1,0","yuawies,arm_up,-65,-362.4,-26,0,1,1,1,0","yuawies,arm_low,-75.2,-292.4,49,0,2,1,1,0","white_human,open,-56.8,-237.2,10,0,3,1,1,0","yuawies,arm_up,77.2,-380.4,70,1,18,1,1,0","yuawies,arm_low,146.8,-371.2,72,1,19,1,1,0","white_human,twopoint,209.2,-374.4,94,1,21,1,1,0","yuawies,leg_up,-29.6,-176,-1,0,8,1,1,0","yuawies,leg_low,-41,-78.4,-6,0,10,1,1,0","yuawies,foot,-26.8,-21.4,2.9,0,13,1,1,0","yuawies,leg_up,45.6,-176,19,0,9,1,1,0","yuawies,leg_low,46,-79.4,-20,0,13,1,1,0","yuawies,foot,42.2,-22.4,2,0,15,1,1,0",,,"yuawies,boobs,22,-350.4,-1,0,5,1,1,0",,,,,,,,,,,,,,,,,,,,,,,,,,,,,,,,,,,,,,,,,,,,,,,,,,,,,,,,,,,,,,,,,,,,,,,,,,,,,,,,,,,,,,,,,,,,,,,,,,,hold,play_time_mod_0.7,
EXCLUDE_Talk/0,"yuawies,head,-47.2,-296,6,0,4,1,1,0","yuawies,neck,-30.2,-221,27,0,5,1,1,0","yuawies,body,-6.4,-109.4,12,0,6,1,1,0","yuawies,arm_up,-37.2,-157,71,0,1,1,1,0","yuawies,arm_low,28.2,-145.8,135,0,2,1,1,0","white_human,open,79.2,-169.2,121,0,3,1,1,0","yuawies,arm_up,15.2,-199,23,1,18,1,1,0","yuawies,arm_low,50.8,-155.8,81,1,19,1,1,0","white_human,fist,120,-168.8,93,0,26,1,1,0","yuawies,leg_up,13.2,-40,118,0,5,1,1,0","yuawies,leg_low,82.8,-33.2,48,0,6,1,1,0","yuawies,foot,133.2,-11.2,1.9,0,7,1,1,0","yuawies,leg_up,50.4,-31.6,93,0,9,1,1,0","yuawies,leg_low,127.6,-20,83,0,13,1,1,0","yuawies,foot,193.6,-34.8,84,0,15,1,1,0",,,"yuawies,boobs,5.8,-159,15,0,5,1,1,0",,,,,,,,,,,,,,,,,,,,,,,,,,,"item,apple,-60.4,-389.6,8,0,1,1,1,0","item,wine,114.8,-112.4,6,0,24,1,1,0","item,golden_goblet,80,-188,16,0,5,1,1,0",,,,,,,,,,,,,,,,,,,,,,,,,,,,,,,,,,,,,,,,,,,,,,,,,,,,,,,,,,,,,,,,,,,,,,,play_time_mod_0.7,
EXCLUDE_Talk/1,"yuawies,head,-25.2,-302,2,0,4,1,1,0","yuawies,neck,-14.2,-227,23,0,5,1,1,0","yuawies,body,3.6,-109.4,7,0,6,1,1,0","yuawies,arm_up,-17.2,-167,81,0,1,1,1,0","yuawies,arm_low,56.2,-173.8,145,0,2,1,1,0","white_human,open,107.2,-213.2,131,0,3,1,1,0","yuawies,arm_up,15.2,-199,23,1,18,1,1,0","yuawies,arm_low,50.8,-155.8,81,1,19,1,1,0","white_human,fist,120,-168.8,93,0,26,1,1,0","yuawies,leg_up,17.2,-40,115,0,5,1,1,0","yuawies,leg_low,86.8,-31.2,50,0,6,1,1,0","yuawies,foot,133.2,-11.2,1.9,0,7,1,1,0","yuawies,leg_up,50.4,-31.6,93,0,9,1,1,0","yuawies,leg_low,127.6,-20,83,0,13,1,1,0","yuawies,foot,193.6,-34.8,84,0,15,1,1,0",,,"yuawies,boobs,17.8,-159,15,0,5,1,1,0",,,,,,,,,,,,,,,,,,,,,,,,,,,"item,apple,-30.4,-395.6,4,0,1,1,1,0","item,wine,114.8,-112.4,6,0,24,1,1,0","item,golden_goblet,104,-226,18,0,5,1,1,0",,,,,,,,,,,,,,,,,,,,,,,,,,,,,,,,,,,,,,,,,,,,,,,,,,,,,,,,,,,,,,,,,,,,,,,play_time_mod_0.7,
EXCLUDE_Talk/2,"yuawies,head,-9.2,-302,0,0,4,1,1,0","yuawies,neck,-4.2,-227,21,0,5,1,1,0","yuawies,body,7.6,-109.4,4,0,6,1,1,0","yuawies,arm_up,-7.2,-189,121,0,1,1,1,0","yuawies,arm_low,66.2,-211.8,126,0,2,1,1,0","white_human,twopoint,129.2,-231.2,108,0,3,1,1,0","yuawies,arm_up,15.2,-199,23,1,18,1,1,0","yuawies,arm_low,50.8,-155.8,81,1,19,1,1,0","white_human,fist,120,-168.8,93,0,26,1,1,0","yuawies,leg_up,17.2,-40,115,0,5,1,1,0","yuawies,leg_low,86.8,-31.2,50,0,6,1,1,0","yuawies,foot,133.2,-11.2,1.9,0,7,1,1,0","yuawies,leg_up,50.4,-31.6,93,0,9,1,1,0","yuawies,leg_low,127.6,-20,83,0,13,1,1,0","yuawies,foot,193.6,-34.8,84,0,15,1,1,0",,,"yuawies,boobs,25.8,-155,13,0,5,1,1,0",,,,,,,,,,,,,,,,,,,,,,,,,,,"item,apple,-2.4,-395.6,3,0,1,1,1,0","item,wine,114.8,-112.4,6,0,24,1,1,0","item,golden_goblet,120,-250,16,0,5,1,1,0",,,,,,,,,,,,,,,,,,,,,,,,,,,,,,,,,,,,,,,,,,,,,,,,,,,,,,,,,,,,,,,,,,,,,,,play_time_mod_0.7,
EXCLUDE_Talk/3,"yuawies,head,-11.2,-302,8,0,4,1,1,0","yuawies,neck,-2.2,-221,25,0,5,1,1,0","yuawies,body,7.6,-105.4,2,0,6,1,1,0","yuawies,arm_up,-3.2,-193,130,0,1,1,1,0","yuawies,arm_low,66.2,-229.8,142,0,2,1,1,0","white_human,twopoint,125.2,-261.2,117,0,3,1,1,0","yuawies,arm_up,15.2,-199,23,1,18,1,1,0","yuawies,arm_low,50.8,-155.8,81,1,19,1,1,0","white_human,fist,120,-168.8,93,0,26,1,1,0","yuawies,leg_up,17.2,-40,115,0,5,1,1,0","yuawies,leg_low,88.8,-33.2,52,0,6,1,1,0","yuawies,foot,133.2,-11.2,1.9,0,7,1,1,0","yuawies,leg_up,50.4,-31.6,93,0,9,1,1,0","yuawies,leg_low,127.6,-20,83,0,13,1,1,0","yuawies,foot,193.6,-34.8,84,0,15,1,1,0",,,"yuawies,boobs,25.8,-151,10,0,5,1,1,0",,,,,,,,,,,,,,,,,,,,,,,,,,,"item,apple,-14.4,-395.6,8,0,1,1,1,0","item,wine,114.8,-112.4,6,0,24,1,1,0","item,golden_goblet,116,-282,12,0,5,1,1,0",,,,,,,,,,,,,,,,,,,,,,,,,,,,,,,,,,,,,,,,,,,,,,,,,,,,,,,,,,,,,,,,,,,,,,,play_time_mod_0.7,
EXCLUDE_Talk/4,"yuawies,head,-7.2,-310,11,0,4,1,1,0","yuawies,neck,12.4,-216,20,0,5,1,1,0","yuawies,body,11.6,-105.4,0,0,6,1,1,0","yuawies,arm_up,-3.2,-197,139,0,1,1,1,0","yuawies,arm_low,64.2,-241.8,142,0,2,1,1,0","white_human,twopoint,123.2,-273.2,117,0,3,1,1,0","yuawies,arm_up,15.2,-199,23,1,18,1,1,0","yuawies,arm_low,50.8,-155.8,81,1,19,1,1,0","white_human,fist,120,-168.8,93,0,26,1,1,0","yuawies,leg_up,17.2,-40,115,0,5,1,1,0","yuawies,leg_low,88.8,-33.2,52,0,6,1,1,0","yuawies,foot,133.2,-11.2,1.9,0,7,1,1,0","yuawies,leg_up,50.4,-31.6,93,0,9,1,1,0","yuawies,leg_low,127.6,-20,83,0,13,1,1,0","yuawies,foot,193.6,-34.8,84,0,15,1,1,0",,,"yuawies,boobs,27.8,-151,7,0,5,1,1,0",,,,,,,,,,,,,,,,,,,,,,,,,,,"item,apple,-0.4,-411.6,1,0,1,1,1,0","item,wine,114.8,-112.4,6,0,24,1,1,0","item,golden_goblet,122,-292,11,0,5,1,1,0",,,,,,,,,,,,,,,,,,,,,,,,,,,,,,,,,,,,,,,,,,,,,,,,,,,,,,,,,,,,,,,,,,,,,,"hold,play_time_mod_1.5",play_time_mod_0.7,
EXCLUDE_Walk/0,"yuawies,head,1,-521.4,0,0,4,1,1,0","yuawies,neck,-6,-478.4,2,0,7,1,1,0","yuawies,body,-12.8,-358.4,-0.5,0,6,1,1,0","yuawies,arm_up,-87,-406.4,-14.9,0,4,1,1,0","yuawies,arm_low,-73.8,-310.4,30.7,0,3,1,1,0","white_human,fist,-42.8,-268,21.8,0,3,1,1,0","yuawies,arm_up,40,-395.6,-2,0,18,1,1,0","yuawies,arm_low,89.2,-340.4,61.3,0,8,1,1,0","white_human,fist,124.4,-303.6,34.7,1,3,1,1,0","yuawies,leg_up,-58,-215,-11.2,0,8,1,1,0","yuawies,leg_low,-80,-120,-8.5,0,10,1,1,0","yuawies,foot,-74.8,-29,-8.1,0,14,1,1,0","yuawies,leg_up,29,-219,29.2,0,12,1,1,0","yuawies,leg_low,62,-125,11,0,13,1,1,0","yuawies,foot,93.2,-29,5,0,16,1,1,0",,,,,,,,,,,,,,,,,,,,,,,,,,,,,,,,,,,,,,,,,,,,,,,,,,,,,,,,,,,,,,,,,,,,,,,,,,,,,,,,,,,,,,,,,,,,,,,,,,,,,,,,
EXCLUDE_Walk/1,"yuawies,head,3,-517.4,-1,0,4,1,1,0","yuawies,neck,-4,-470.4,2,0,7,1,1,0","yuawies,body,-12.8,-354.4,-1.5,0,6,1,1,0","yuawies,arm_up,-93,-400.4,-28.9,0,4,1,1,0","yuawies,arm_low,-105.8,-306.4,13.7,0,3,1,1,0","white_human,fist,-90.8,-258,-0.2,0,3,1,1,0","yuawies,arm_up,40,-389.6,-2,0,18,1,1,0","yuawies,arm_low,89.2,-330.4,61.3,0,8,1,1,0","white_human,fist,124.4,-293.6,34.7,1,3,1,1,0","yuawies,leg_up,-48,-215,-0.2,0,8,1,1,0","yuawies,leg_low,-62,-124,-3.5,0,10,1,1,0","yuawies,foot,-50.8,-41,-8.1,0,14,1,1,0","yuawies,leg_up,15,-223,22.2,0,12,1,1,0","yuawies,leg_low,36,-133,-2,0,13,1,1,0","yuawies,foot,55.2,-37,2,0,16,1,1,0",,,,,,,,,,,,,,,,,,,,,,,,,,,,,,,,,,,,,,,,,,,,,,,,,,,,,,,,,,,,,,,,,,,,,,,,,,,,,,,,,,,,,,,,,,,,,,,,,,,,,,,,
EXCLUDE_Walk/2,"yuawies,head,3,-521.4,-3.5,0,4,1,1,0","yuawies,neck,-4,-474.4,2,0,7,1,1,0","yuawies,body,-12.8,-356.4,-2.5,0,6,1,1,0","yuawies,arm_up,-91,-406.4,-35.9,0,4,1,1,0","yuawies,arm_low,-119.8,-310.4,3.7,0,3,1,1,0","white_human,fist,-114.8,-258,-7.7,0,3,1,1,0","yuawies,arm_up,40,-389.6,-2,0,18,1,1,0","yuawies,arm_low,93.2,-328.4,61.3,0,8,1,1,0","white_human,fist,128.4,-291.6,34.7,1,3,1,1,0","yuawies,leg_up,-30,-217,16.3,0,8,1,1,0","yuawies,leg_low,-26,-132,-5,0,10,1,1,0","yuawies,foot,-22.8,-39,-15.6,0,14,1,1,0","yuawies,leg_up,11,-239,11.7,0,12,1,1,0","yuawies,leg_low,8,-133,-10,0,13,1,1,0","yuawies,foot,13.2,-37,-2,0,16,1,1,0",,,,,,,,,,,,,,,,,,,,,,,,,,,,,,,,,,,,,,,,,,,,,,,,,,,,,,,,,,,,,,,,,,,,,,,,,,,,,,,,,,,,,,,,,,,,,,,,,,,,,,,,
EXCLUDE_Walk/3,"yuawies,head,7,-513.4,-6,0,4,1,1,0","yuawies,neck,-2,-468.4,0,0,7,1,1,0","yuawies,body,-12.8,-348.4,-4,0,6,1,1,0","yuawies,arm_up,-93,-398.4,-39.9,0,4,1,1,0","yuawies,arm_low,-137.8,-304.4,-10.3,0,3,1,1,0","white_human,fist,-144.8,-256,-23.7,0,3,1,1,0","yuawies,arm_up,40,-385.6,-2,0,18,1,1,0","yuawies,arm_low,97.2,-320.4,60.3,0,8,1,1,0","white_human,fist,132.4,-283.6,33.7,1,3,1,1,0","yuawies,leg_up,-22,-223,25.3,0,8,1,1,0","yuawies,leg_low,6,-124,9,0,10,1,1,0","yuawies,foot,29.2,-29,-3.1,0,14,1,1,0","yuawies,leg_up,-9,-229,-11.8,0,12,1,1,0","yuawies,leg_low,-40,-137,-22.5,0,13,1,1,0","yuawies,foot,-52.8,-51,-17.5,0,16,1,1,0",,,,,,,,,,,,,,,,,,,,,,,,,,,,,,,,,,,,,,,,,,,,,,,,,,,,,,,,,,,,,,,,,,,,,,,,,,,,,,,,,,,,,,,,,,,,,,,,,,,,,,,,
EXCLUDE_Walk/4,"yuawies,head,3,-517.4,-3.5,0,4,1,1,0","yuawies,neck,-4,-470.4,2,0,7,1,1,0","yuawies,body,-12.8,-350.4,-2.5,0,6,1,1,0","yuawies,arm_up,-91,-400.4,-31.9,0,4,1,1,0","yuawies,arm_low,-117.8,-304.4,1.7,0,3,1,1,0","white_human,fist,-112.8,-254,-9.7,0,3,1,1,0","yuawies,arm_up,40,-385.6,-2,0,18,1,1,0","yuawies,arm_low,93.2,-322.4,61.3,0,8,1,1,0","white_human,fist,128.4,-285.6,34.7,1,3,1,1,0","yuawies,leg_up,-30,-223,5.8,0,8,1,1,0","yuawies,leg_low,-32,-124,-4,0,10,1,1,0","yuawies,foot,-24.8,-33,-0.1,0,14,1,1,0","yuawies,leg_up,3,-227,8.7,0,12,1,1,0","yuawies,leg_low,-8,-123,-27.5,0,13,1,1,0","yuawies,foot,-32.8,-49,-23,0,16,1,1,0",,,,,,,,,,,,,,,,,,,,,,,,,,,,,,,,,,,,,,,,,,,,,,,,,,,,,,,,,,,,,,,,,,,,,,,,,,,,,,,,,,,,,,,,,,,,,,,,,,,,,,,,
EXCLUDE_Walk/5,"yuawies,head,1,-521.4,-1,0,4,1,1,0","yuawies,neck,-6,-474.4,2,0,7,1,1,0","yuawies,body,-12.8,-354.4,-1.5,0,6,1,1,0","yuawies,arm_up,-87,-400.4,-16.9,0,4,1,1,0","yuawies,arm_low,-95.8,-300.4,10.7,0,3,1,1,0","white_human,fist,-80.8,-250,-1.7,0,3,1,1,0","yuawies,arm_up,40,-391.6,-2,0,18,1,1,0","yuawies,arm_low,89.2,-330.4,61.3,0,8,1,1,0","white_human,fist,124.4,-293.6,34.7,1,3,1,1,0","yuawies,leg_up,-42,-221,3.3,0,8,1,1,0","yuawies,leg_low,-46,-132,-10,0,10,1,1,0","yuawies,foot,-36.8,-37,-5.1,0,14,1,1,0","yuawies,leg_up,17,-239,25.2,0,12,1,1,0","yuawies,leg_low,42,-133,2.5,0,13,1,1,0","yuawies,foot,65.2,-49,4,0,16,1,1,0",,,,,,,,,,,,,,,,,,,,,,,,,,,,,,,,,,,,,,,,,,,,,,,,,,,,,,,,,,,,,,,,,,,,,,,,,,,,,,,,,,,,,,,,,,,,,,,,,,,,,,,,
Default/0,"yuawies,head,10,-493,0,0,4,1,1,0","yuawies,neck,8,-435,1,0,5,1,1,0","yuawies,body,0,-314,-4,0,6,1,1,0","yuawies,arm_up,-81,-382,-48.4,0,4,1,1,0","yuawies,arm_low,-150,-344,-42,0,6,1,1,0","white_human,open,-213,-309,-61,0,7,0.7,0.8,0","yuawies,arm_up,76,-383,54,1,18,1,1,0","yuawies,arm_low,149,-351,48,1,19,1,1,0","white_human,open,214,-323,66,1,21,0.7,0.8,0","yuawies,leg_up,-34,-188,0,0,8,1.2,1.1,0","yuawies,leg_low,-43,-87,-7,0,10,1,1,0","yuawies,foot,-35,-18,0,0,10,1,1,0","yuawies,leg_up,29,-181,7,0,9,1,1,0","yuawies,leg_low,36,-82,4,0,13,1,1,0","yuawies,foot,61,-21,1,0,13,1,1,0",,,"yuawies,boobs,13,-349,4,0,5,1,0.9,0","yuawies,skirt,-15,-148,-3,0,18,1,1,0",,,,,,,,,,,,,,,,,,,,,,,,,,,,,,,,,,,,,,,,,,,,,,,,,,,,,,,,,,,,,,,,,,,,,,,,,,,,,,,,,,,,,,,,,,,,,,,,,,,,
Attack1/0,"yuawies,head,18,-486,-4,0,4,1,1,0","yuawies,neck,10,-435,1,0,5,1,1,0","yuawies,body,1,-313,-5,0,6,1,1,0","yuawies,arm_up,-64,-360,-6.4,0,4,1,1,0","yuawies,arm_low,-69,-286,39,0,6,1,1,0","white_human,open,-52,-230,15,0,6,0.7,0.8,0","yuawies,arm_up,58,-357,-2,1,18,1,1,0","yuawies,arm_low,69,-281,-14,1,19,1,1,0","white_human,open,73,-218,2,1,19,0.7,0.8,0","yuawies,leg_up,-32,-191,0,0,8,1.2,1.1,0","yuawies,leg_low,-42,-87,-9,0,10,1,1,0","yuawies,foot,-35,-18,0,0,10,1,1,0","yuawies,leg_up,29,-189,8,0,9,1,1,0","yuawies,leg_low,36,-83,4,0,13,1,1,0","yuawies,foot,61,-21,1,0,13,1,1,0",,,"yuawies,boobs,15,-345,-1,0,5,1,0.9,0","yuawies,skirt,-19,-148,-6,0,18,1,1,0",,,,,,,,,,,,,,,,,,,,,,,,,,,,,,,,,,,,,,,,,,,,,,,,,,,,,,,,,,,,,,,,,,,,,,,,,,,,,,,,,,,,,,,,,,,,,,,,,,play_time_mod_0.5,,
Attack1/1,"yuawies,head,21,-485,-6,0,4,1,1,0","yuawies,neck,12,-435,1,0,5,1,1,0","yuawies,body,3,-313,-6,0,6,1,1,0","yuawies,arm_up,-67,-364,-15.4,0,4,1,1,0","yuawies,arm_low,-88,-292,21,0,6,1,1,0","white_human,open,-84,-227,8,0,19,0.7,0.8,0","yuawies,arm_up,57,-357,-4,1,18,1,1,0","yuawies,arm_low,62,-281,-25,1,19,1,1,0","white_human,open,50,-218,-18,1,21,0.7,0.8,0","yuawies,leg_up,-35,-191,-2,0,8,1.2,1.1,0","yuawies,leg_low,-47,-87,-9,0,10,1,1,0","yuawies,foot,-40,-18,-3,0,10,1,1,0","yuawies,leg_up,29,-189,8,0,9,1,1,0","yuawies,leg_low,36,-83,4,0,13,1,1,0","yuawies,foot,61,-21,1,0,13,1,1,0",,,"yuawies,boobs,15,-345,-1,0,5,1,0.9,0","yuawies,skirt,-20,-148,-7,0,18,1,1,0",,,,,,,,,,,,,,,,,,,,,,,,,,,,,,,,,,,,,,,,,,,,,,,,,,,,,,,,,,,,,,,,,,,,,,,,,,,,,,,,,,,,,,,,,,,,,,,,,,play_time_mod_0.5,,
Attack1/2,"yuawies,head,22,-485,-7,0,4,1,1,0","yuawies,neck,12,-435,-1,0,5,1,1,0","yuawies,body,3,-313,-6,0,6,1,1,0","yuawies,arm_up,-64,-363,-13.4,0,4,1,1,0","yuawies,arm_low,-77,-291,32,0,19,1,1,0","white_human,open,-64,-227,8,0,19,0.7,0.8,0","yuawies,arm_up,58,-353,-8,1,18,1,1,0","yuawies,arm_low,56,-281,-30,1,19,1,1,0","white_human,open,38,-218,-18,1,21,0.7,0.8,0","yuawies,leg_up,-35,-191,-2,0,8,1.2,1.1,0","yuawies,leg_low,-47,-87,-9,0,10,1,1,0","yuawies,foot,-40,-18,-3,0,10,1,1,0","yuawies,leg_up,29,-189,8,0,9,1,1,0","yuawies,leg_low,36,-83,4,0,13,1,1,0","yuawies,foot,61,-21,1,0,13,1,1,0",,,"yuawies,boobs,15,-345,-1,0,5,1,0.9,0","yuawies,skirt,-20,-148,-7,0,18,1,1,0",,,,,,,,,,,,,,,,,,,,,,,,,,,,,,,,,,,,,,,,,,,,,,,,,,,,,,,,,,,,,,,,,,,,,,,,,,,,,,,,,,,,,,,,,,,,,,,,,,,,
Attack1/3,"yuawies,head,22,-485,-8,0,4,1,1,0","yuawies,neck,12,-435,-1,0,5,1,1,0","yuawies,body,2,-313,-5,0,6,1,1,0","yuawies,arm_up,-63,-363,-11.4,0,4,1,1,0","yuawies,arm_low,-76,-291,34,0,19,1,1,0","white_human,open,-64,-227,8,0,19,0.7,0.8,0","yuawies,arm_up,57,-353,-9,1,18,1,1,0","yuawies,arm_low,53,-281,-31,1,19,1,1,0","white_human,open,36,-218,-18,1,21,0.7,0.8,0","yuawies,leg_up,-35,-191,-2,0,8,1.2,1.1,0","yuawies,leg_low,-47,-87,-9,0,10,1,1,0","yuawies,foot,-40,-18,-3,0,10,1,1,0","yuawies,leg_up,29,-189,8,0,9,1,1,0","yuawies,leg_low,36,-83,4,0,13,1,1,0","yuawies,foot,61,-21,1,0,13,1,1,0",,,"yuawies,boobs,15,-345,0,0,5,1,0.9,0","yuawies,skirt,-17,-148,-5,0,18,1,1,0",,,,,,,,,,,,,,,,,,,,,,,,,,,,,,,,,,,,,,,,,,,,,,,,,,,,,,,,,,,,,,,,,,,,,,,,,,,,,,,,,,,,,,,,,,,,,,,,,,,,
Attack1/4,"yuawies,head,22,-485,-7,0,4,1,1,0","yuawies,neck,12,-435,-1,0,5,1,1,0","yuawies,body,3,-313,-6,0,6,1,1,0","yuawies,arm_up,-64,-363,-13.4,0,4,1,1,0","yuawies,arm_low,-77,-291,32,0,19,1,1,0","white_human,open,-64,-227,8,0,19,0.7,0.8,0","yuawies,arm_up,58,-353,-8,1,18,1,1,0","yuawies,arm_low,56,-281,-30,1,19,1,1,0","white_human,open,38,-218,-18,1,21,0.7,0.8,0","yuawies,leg_up,-35,-191,-2,0,8,1.2,1.1,0","yuawies,leg_low,-47,-87,-9,0,10,1,1,0","yuawies,foot,-40,-18,-3,0,10,1,1,0","yuawies,leg_up,29,-189,8,0,9,1,1,0","yuawies,leg_low,36,-83,4,0,13,1,1,0","yuawies,foot,61,-21,1,0,13,1,1,0",,,"yuawies,boobs,15,-345,-1,0,5,1,0.9,0","yuawies,skirt,-20,-148,-7,0,18,1,1,0",,,,,,,,,,,,,,,,,,,,,,,,,,,,,,,,,,,,,,,,,,,,,,,,,,,,,,,,,,,,,,,,,,,,,,,,,,,,,,,,,,,,,,,,,,,,,,,,,,,,
Attack1/5,"yuawies,head,21,-485,-6,0,4,1,1,0","yuawies,neck,12,-435,1,0,5,1,1,0","yuawies,body,3,-313,-6,0,6,1,1,0","yuawies,arm_up,-65,-364,-15.4,0,4,1,1,0","yuawies,arm_low,-86,-292,21,0,6,1,1,0","white_human,open,-82,-227,8,0,19,0.7,0.8,0","yuawies,arm_up,57,-357,-4,1,18,1,1,0","yuawies,arm_low,62,-281,-25,1,19,1,1,0","white_human,open,50,-218,-18,1,21,0.7,0.8,0","yuawies,leg_up,-35,-191,-2,0,8,1.2,1.1,0","yuawies,leg_low,-47,-87,-9,0,10,1,1,0","yuawies,foot,-40,-18,-3,0,10,1,1,0","yuawies,leg_up,29,-189,8,0,9,1,1,0","yuawies,leg_low,36,-83,4,0,13,1,1,0","yuawies,foot,61,-21,1,0,13,1,1,0",,,"yuawies,boobs,15,-345,-1,0,5,1,0.9,0","yuawies,skirt,-20,-148,-7,0,18,1,1,0",,,,,,,,,,,,,,,,,,,,,,,,,,,,,,,,,,,,,,,,,,,,,,,,,,,,,,,,,,,,,,,,,,,,,,,,,,,,,,,,,,,,,,,,,,"yuawies_leaf,base,-77,-189,-167,0,19,1,1,0","yuawies_leaf,base,40,-192,160,1,17,1,1,0",,,,,,,,,
Attack1/6,"yuawies,head,10,-485,0,0,4,1,1,0","yuawies,neck,1,-435,2,0,5,1,1,0","yuawies,body,-2,-313,-3,0,6,1,1,0","yuawies,arm_up,-72,-363,-15.4,0,4,1,1,0","yuawies,arm_low,-104,-291,1,0,6,1,1,0","white_human,open,-135,-229,-29,1,19,0.7,0.8,0","yuawies,arm_up,57,-356,2,1,18,1,1,0","yuawies,arm_low,77,-280,-2,1,19,1,1,0","white_human,open,106,-217,23,0,21,0.7,0.8,0","yuawies,leg_up,-36,-191,-5,0,8,1.2,1.1,0","yuawies,leg_low,-51,-87,-11,0,10,1,1,0","yuawies,foot,-44,-18,-3,0,10,1,1,0","yuawies,leg_up,30,-189,10,0,9,1,1,0","yuawies,leg_low,39,-83,5,0,13,1,1,0","yuawies,foot,63,-21,1,0,13,1,1,0",,,"yuawies,boobs,11,-345,3,0,5,1,0.9,0","yuawies,skirt,-25,-148,-10,0,18,1,1,0",,,,,,,,,,,,,,,,,,,,,,,,,,,,,,,,,,,,,,,,,,,,,,,,,,,,,,,,,,,,,,,,,,,,,,,,,,,,,,,,,,,,,,,,,,"yuawies_leaf,base,-154,-198,150,0,19,1,1,0","yuawies_leaf,base,120,-198,-160,1,17,1,1,0",,,,,,,play_time_mod_0.5,,
Attack1/7,"yuawies,head,7,-485,1,0,4,1,1,0","yuawies,neck,-2,-435,3,0,5,1,1,0","yuawies,body,-3,-313,-1,0,6,1,1,0","yuawies,arm_up,-82,-372,-35.4,0,4,1,1,0","yuawies,arm_low,-144,-318,-29,0,6,1,1,0","white_human,open,-199,-275,-49,1,19,0.7,0.8,0","yuawies,arm_up,65,-364,22,1,18,1,1,0","yuawies,arm_low,115,-303,29,1,19,1,1,0","white_human,open,172,-260,53,0,21,0.7,0.8,0","yuawies,leg_up,-36,-191,-5,0,8,1.2,1.1,0","yuawies,leg_low,-51,-87,-11,0,10,1,1,0","yuawies,foot,-44,-18,-3,0,10,1,1,0","yuawies,leg_up,30,-189,10,0,9,1,1,0","yuawies,leg_low,39,-83,5,0,13,1,1,0","yuawies,foot,63,-21,1,0,13,1,1,0",,,"yuawies,boobs,9,-345,4,0,5,1,0.9,0","yuawies,skirt,-25,-148,-10,0,18,1,1,0",,,,,,,,,,,,,,,,,,,,,,,,,,,,,,,,,,,,,,,,,,,,,,,,,,,,,,,,,,,,,,,,,,,,,,,,,,,,,,,,,,,,,,,,,,"yuawies_leaf,base,-228,-263,120,0,19,1,1,0","yuawies_leaf,base,192,-260,-110,1,17,1,1,0",,,,,,,,,
Attack1/8,"yuawies,head,3,-485,5,0,4,1,1,0","yuawies,neck,-4,-435,3,0,5,1,1,0","yuawies,body,-4,-313,0,0,6,1,1,0","yuawies,arm_up,-82,-374,-40.4,0,4,1,1,0","yuawies,arm_low,-151,-342,-66,0,6,1,1,0","white_human,open,-223,-342,-89,1,19,0.7,0.8,0","yuawies,arm_up,64,-372,31,1,18,1,1,0","yuawies,arm_low,122,-336,63,1,19,1,1,0","white_human,open,186,-333,85,0,21,0.7,0.8,0","yuawies,leg_up,-36,-191,-5,0,8,1.2,1.1,0","yuawies,leg_low,-53,-87,-11,0,10,1,1,0","yuawies,foot,-47,-18,-6,0,10,1,1,0","yuawies,leg_up,32,-189,11,0,9,1,1,0","yuawies,leg_low,41,-83,2,0,13,1,1,0","yuawies,foot,63,-21,1,0,13,1,1,0",,,"yuawies,boobs,7,-346,7,0,5,1,0.9,0","yuawies,skirt,-26,-148,-12,0,18,1,1,0",,,,,,,,,,,,,,,,,,,,,,,,,,,,,,,,,,,,,,,,,,,,,,,,,,,,,,,,,,,,,,,,,,,,,,,,,,,,,,,,,,,,,,,,,,"yuawies_leaf,base,-243,-402,80,0,19,1,1,0","yuawies_leaf,base,198,-391,-70,1,17,1,1,0",,,,,,,play_time_mod_0.1,,
Attack1/9,"yuawies,head,2,-485,6,0,4,1,1,0","yuawies,neck,-4,-435,3,0,5,1,1,0","yuawies,body,-4,-313,0,0,6,1,1,0","yuawies,arm_up,-82,-374,-40.4,0,4,1,1,0","yuawies,arm_low,-151,-344,-70,0,6,1,1,0","white_human,open,-221,-354,-100,1,19,0.7,0.8,0","yuawies,arm_up,64,-372,31,1,18,1,1,0","yuawies,arm_low,122,-338,68,1,19,1,1,0","white_human,open,188,-341,91,0,21,0.7,0.8,0","yuawies,leg_up,-36,-191,-5,0,8,1.2,1.1,0","yuawies,leg_low,-53,-87,-11,0,10,1,1,0","yuawies,foot,-47,-18,-6,0,10,1,1,0","yuawies,leg_up,32,-189,11,0,9,1,1,0","yuawies,leg_low,41,-83,2,0,13,1,1,0","yuawies,foot,63,-21,1,0,13,1,1,0",,,"yuawies,boobs,7,-346,7,0,5,1,0.9,0","yuawies,skirt,-26,-148,-12,0,18,1,1,0",,,,,,,,,,,,,,,,,,,,,,,,,,,,,,,,,,,,,,,,,,,,,,,,,,,,,,,,,,,,,,,,,,,,,,,,,,,,,,,,,,,,,,,,,,"yuawies_leaf,base,-243,-492,70,0,19,1,1,0","yuawies_leaf,base,182,-519,-67,1,17,1,1,0",,,,,,,play_time_mod_0.1,,
Attack1/10,"yuawies,head,1,-486,7,0,4,1,1,0","yuawies,neck,-4,-435,3,0,5,1,1,0","yuawies,body,-4,-313,0,0,6,1,1,0","yuawies,arm_up,-86,-375,-37.4,0,4,1,0.9,0","yuawies,arm_low,-148,-351,-74,0,6,1,1,0","white_human,open,-218,-367,-108,1,19,0.7,0.8,0","yuawies,arm_up,64,-373,33,1,18,1,1,0","yuawies,arm_low,122,-344,72,1,19,1,1,0","white_human,open,188,-353,95,0,21,0.7,0.8,0","yuawies,leg_up,-36,-191,-5,0,8,1.2,1.1,0","yuawies,leg_low,-53,-87,-11,0,10,1,1,0","yuawies,foot,-47,-18,-6,0,10,1,1,0","yuawies,leg_up,32,-189,11,0,9,1,1,0","yuawies,leg_low,41,-83,2,0,13,1,1,0","yuawies,foot,63,-21,1,0,13,1,1,0",,,"yuawies,boobs,7,-346,7,0,5,1,0.9,0","yuawies,skirt,-26,-148,-12,0,18,1,1,0",,,,,,,,,,,,,,,,,,,,,,,,,,,,,,,,,,,,,,,,,,,,,,,,,,,,,,,,,,,,,,,,,,,,,,,,,,,,,,,,,,,,,,,,,,"yuawies_leaf,base,-243,-592,40,0,19,1,1,0","yuawies_leaf,base,182,-570,-67,1,17,1,1,0",,,,,,,play_time_mod_0.1,,
Attack1/11,"yuawies,head,-1,-486,9,0,4,1,1,0","yuawies,neck,-4,-435,3,0,5,1,1,0","yuawies,body,-4,-313,0,0,6,1,1,0","yuawies,arm_up,-86,-375,-37.4,0,4,1,0.9,0","yuawies,arm_low,-148,-353,-75,0,6,1,1,0","white_human,open,-218,-371,-110,1,19,0.7,0.8,0","yuawies,arm_up,64,-374,34,1,18,1,1,0","yuawies,arm_low,122,-346,74,1,19,1,1,0","white_human,open,188,-356,97,0,21,0.7,0.8,0","yuawies,leg_up,-36,-191,-5,0,8,1.2,1.1,0","yuawies,leg_low,-53,-87,-11,0,10,1,1,0","yuawies,foot,-47,-18,-6,0,10,1,1,0","yuawies,leg_up,32,-189,11,0,9,1,1,0","yuawies,leg_low,41,-83,2,0,13,1,1,0","yuawies,foot,63,-21,1,0,13,1,1,0",,,"yuawies,boobs,7,-346,7,0,5,1,0.9,0","yuawies,skirt,-27,-148,-14,0,18,1,1,0",,,,,,,,,,,,,,,,,,,,,,,,,,,,,,,,,,,,,,,,,,,,,,,,,,,,,,,,,,,,,,,,,,,,,,,,,,,,,,,,,,,,,,,,,,"yuawies_leaf,base,-233,-692,-20,0,19,1,1,0","yuawies_leaf,base,182,-651,-67,1,17,1,1,0",,,,,,,,,
Attack1/12,"yuawies,head,-1,-486,9,0,4,1,1,0","yuawies,neck,-4,-435,3,0,5,1,1,0","yuawies,body,-4,-313,0,0,6,1,1,0","yuawies,arm_up,-86,-375,-37.4,0,4,1,0.9,0","yuawies,arm_low,-148,-346,-66,0,6,1,1,0","white_human,open,-218,-345,-90,1,19,0.7,0.8,0","yuawies,arm_up,64,-369,30,1,18,1,1,0","yuawies,arm_low,122,-335,67,1,19,1,1,0","white_human,open,189,-335,84,0,21,0.7,0.8,0","yuawies,leg_up,-36,-191,-5,0,8,1.2,1.1,0","yuawies,leg_low,-53,-87,-11,0,10,1,1,0","yuawies,foot,-47,-18,-6,0,10,1,1,0","yuawies,leg_up,32,-189,11,0,9,1,1,0","yuawies,leg_low,41,-83,2,0,13,1,1,0","yuawies,foot,63,-21,1,0,13,1,1,0",,,"yuawies,boobs,7,-346,7,0,5,1,0.9,0","yuawies,skirt,-27,-148,-14,0,18,1,1,0",,,,,,,,,,,,,,,,,,,,,,,,,,,,,,,,,,,,,,,,,,,,,,,,,,,,,,,,,,,,,,,,,,,,,,,,,,,,,,,,,,,,,,,,,,"yuawies_leaf,base,-223,-782,-90,0,19,1,1,0","yuawies_leaf,base,182,-713,-97,1,17,1,1,0",,,,,,,,,
Attack1/13,"yuawies,head,0,-486,5,0,4,1,1,0","yuawies,neck,-4,-435,3,0,5,1,1,0","yuawies,body,-4,-313,0,0,6,1,1,0","yuawies,arm_up,-86,-372,-30.4,0,4,1,0.9,0","yuawies,arm_low,-144,-338,-61,0,6,1,1,0","white_human,open,-218,-331,-83,1,19,0.7,0.8,0","yuawies,arm_up,62,-366,25,1,18,1,1,0","yuawies,arm_low,119,-326,63,1,19,1,1,0","white_human,open,186,-318,80,0,21,0.7,0.8,0","yuawies,leg_up,-36,-191,-5,0,8,1.2,1.1,0","yuawies,leg_low,-53,-87,-11,0,10,1,1,0","yuawies,foot,-47,-18,-6,0,10,1,1,0","yuawies,leg_up,32,-189,11,0,9,1,1,0","yuawies,leg_low,41,-83,2,0,13,1,1,0","yuawies,foot,63,-21,1,0,13,1,1,0",,,"yuawies,boobs,7,-346,7,0,5,1,0.9,0","yuawies,skirt,-27,-148,-14,0,18,1,1,0",,,,,,,,,,,,,,,,,,,,,,,,,,,,,,,,,,,,,,,,,,,,,,,,,,,,,,,,,,,,,,,,,,,,,,,,,,,,,,,,,,,,,,,,,,"yuawies_leaf,base,-223,-894,-96,0,19,1,1,0","yuawies_leaf,base,182,-808,-103,1,17,1,1,0",,,,,,,,,
Attack1/14,"yuawies,head,0,-486,3,0,4,1,1,0","yuawies,neck,-4,-435,3,0,5,1,1,0","yuawies,body,-4,-313,0,0,6,1,1,0","yuawies,arm_up,-86,-370,-27.4,0,4,1,0.9,0","yuawies,arm_low,-142,-330,-54,0,6,1,1,0","white_human,open,-214,-314,-75,1,19,0.7,0.8,0","yuawies,arm_up,62,-366,25,1,18,1,1,0","yuawies,arm_low,119,-315,48,1,19,1,1,0","white_human,open,186,-294,72,0,21,0.7,0.8,0","yuawies,leg_up,-36,-191,-5,0,8,1.2,1.1,0","yuawies,leg_low,-53,-87,-11,0,10,1,1,0","yuawies,foot,-47,-18,-6,0,10,1,1,0","yuawies,leg_up,32,-189,11,0,9,1,1,0","yuawies,leg_low,41,-83,2,0,13,1,1,0","yuawies,foot,63,-21,1,0,13,1,1,0",,,"yuawies,boobs,7,-346,7,0,5,1,0.9,0","yuawies,skirt,-27,-148,-14,0,18,1,1,0",,,,,,,,,,,,,,,,,,,,,,,,,,,,,,,,,,,,,,,,,,,,,,,,,,,,,,,,,,,,,,,,,,,,,,,,,,,,,,,,,,,,,,,,,,"yuawies_leaf,speed,-216,-944,-102,0,19,1,1,1","yuawies_leaf,speed,210,-838,-103,1,17,1,1,1",,,,,,,play_time_mod_0.5,,
Attack1/15,"yuawies,head,4,-486,1,0,4,1,1,0","yuawies,neck,-1,-435,3,0,5,1,1,0","yuawies,body,-3,-313,-1,0,6,1,1,0","yuawies,arm_up,-79,-364,-17.4,0,4,1,0.9,0","yuawies,arm_low,-128,-315,-44,0,6,1,1,0","white_human,open,-195,-287,-65,1,19,0.7,0.8,0","yuawies,arm_up,62,-364,22,1,18,1,1,0","yuawies,arm_low,114,-308,38,1,19,1,1,0","white_human,open,178,-278,65,0,21,0.7,0.8,0","yuawies,leg_up,-34,-191,-4,0,8,1.2,1.1,0","yuawies,leg_low,-49,-87,-8,0,10,1,1,0","yuawies,foot,-43,-18,-4,0,10,1,1,0","yuawies,leg_up,32,-189,11,0,9,1,1,0","yuawies,leg_low,41,-83,2,0,13,1,1,0","yuawies,foot,63,-21,1,0,13,1,1,0",,,"yuawies,boobs,9,-346,4,0,5,1,0.9,0","yuawies,skirt,-26,-148,-13,0,18,1,1,0",,,,,,,,,,,,,,,,,,,,,,,,,,,,,,,,,,,,,,,,,,,,,,,,,,,,,,,,,,,,,,,,,,,,,,,,,,,,,,,,,,,,,,,,,,,,,,,,,,,,
Attack1/16,"yuawies,head,7,-486,0,0,4,1,1,0","yuawies,neck,1,-435,3,0,5,1,1,0","yuawies,body,-2,-313,-2,0,6,1,1,0","yuawies,arm_up,-73,-361,-12.4,0,4,1,0.9,0","yuawies,arm_low,-109,-306,-24,0,6,1,1,0","white_human,open,-161,-258,-47,1,19,0.7,0.8,0","yuawies,arm_up,60,-361,12,1,18,1,1,0","yuawies,arm_low,89,-296,8,1,19,1,1,0","white_human,open,122,-234,25,0,21,0.7,0.8,0","yuawies,leg_up,-34,-191,-4,0,8,1.2,1.1,0","yuawies,leg_low,-49,-87,-8,0,10,1,1,0","yuawies,foot,-43,-18,-4,0,10,1,1,0","yuawies,leg_up,30,-189,9,0,9,1,1,0","yuawies,leg_low,38,-83,2,0,13,1,1,0","yuawies,foot,58,-21,0,0,13,1,1,0",,,"yuawies,boobs,9,-346,4,0,5,1,0.9,0","yuawies,skirt,-26,-148,-13,0,18,1,1,0",,,,,,,,,,,,,,,,,,,,,,,,,,,,,,,,,,,,,,,,,,,,,,,,,,,,,,,,,,,,,,,,,,,,,,,,,,,,,,,,,,,,,,,,,,,,,,,,,,,,
Attack1/17,"yuawies,head,18,-486,-4,0,4,1,1,0","yuawies,neck,10,-435,1,0,5,1,1,0","yuawies,body,1,-313,-5,0,6,1,1,0","yuawies,arm_up,-64,-360,-6.4,0,4,1,1,0","yuawies,arm_low,-69,-286,39,0,6,1,1,0","white_human,open,-52,-230,15,0,6,0.7,0.8,0","yuawies,arm_up,58,-357,-2,1,18,1,1,0","yuawies,arm_low,69,-281,-14,1,19,1,1,0","white_human,open,73,-218,2,1,19,0.7,0.8,0","yuawies,leg_up,-32,-191,0,0,8,1.2,1.1,0","yuawies,leg_low,-42,-87,-9,0,10,1,1,0","yuawies,foot,-35,-18,0,0,10,1,1,0","yuawies,leg_up,29,-189,8,0,9,1,1,0","yuawies,leg_low,36,-83,4,0,13,1,1,0","yuawies,foot,61,-21,1,0,13,1,1,0",,,"yuawies,boobs,15,-345,-1,0,5,1,0.9,0","yuawies,skirt,-19,-148,-6,0,18,1,1,0",,,,,,,,,,,,,,,,,,,,,,,,,,,,,,,,,,,,,,,,,,,,,,,,,,,,,,,,,,,,,,,,,,,,,,,,,,,,,,,,,,,,,,,,,,,,,,,,,,play_time_mod_0.2,,
Damaged/0,"yuawies,head,18,-486,-4,0,4,1,1,0","yuawies,neck,10,-435,1,0,5,1,1,0","yuawies,body,1,-313,-5,0,6,1,1,0","yuawies,arm_up,-64,-360,-6.4,0,4,1,1,0","yuawies,arm_low,-69,-286,39,0,6,1,1,0","white_human,open,-52,-230,15,0,6,0.7,0.8,0","yuawies,arm_up,58,-357,-2,1,18,1,1,0","yuawies,arm_low,69,-281,-14,1,19,1,1,0","white_human,open,73,-218,2,1,19,0.7,0.8,0","yuawies,leg_up,-32,-191,0,0,8,1.2,1.1,0","yuawies,leg_low,-42,-87,-9,0,10,1,1,0","yuawies,foot,-35,-18,0,0,10,1,1,0","yuawies,leg_up,29,-189,8,0,9,1,1,0","yuawies,leg_low,36,-83,4,0,13,1,1,0","yuawies,foot,61,-21,1,0,13,1,1,0",,,"yuawies,boobs,15,-345,-1,0,5,1,0.9,0","yuawies,skirt,-19,-148,-6,0,18,1,1,0",,,,,,,,,,,,,,,,,,,,,,,,,,,,,,,,,,,,,,,,,,,,,,,,,,,,,,,,,,,,,,,,,,,,,,,,,,,,,,,,,,,,,,,,,,,,,,,,,,,,
Damaged/1,"yuawies,head,26,-484,-8,0,4,1,1,0","yuawies,neck,17,-432,-4,0,5,1,1,0","yuawies,body,5,-312,-7,0,6,1,1,0","yuawies,arm_up,-56,-363,-12.4,0,4,1,1,0","yuawies,arm_low,-71,-289,32,0,6,1,1,0","white_human,open,-68,-230,-5,0,6,0.7,0.8,0","yuawies,arm_up,65,-353,-2,1,18,1,1,0","yuawies,arm_low,76,-277,-14,1,19,1,1,0","white_human,open,80,-214,2,1,19,0.7,0.8,0","yuawies,leg_up,-35,-191,-12,0,8,1.2,1.1,0","yuawies,leg_low,-61,-87,-12,0,10,1,1,0","yuawies,foot,-54,-18,-2,0,10,1,1,0","yuawies,leg_up,29,-189,8,0,9,1,1,0","yuawies,leg_low,36,-83,4,0,13,1,1,0","yuawies,foot,61,-21,1,0,13,1,1,0",,,"yuawies,boobs,20,-348,2,0,5,1,0.9,0","yuawies,skirt,-25,-148,-9,0,18,1,1,0",,,,,,,,,,,,,,,,,,,,,,,,,,,,,,,,,,,,,,,,,,,,,,,,,,,,,,,,,,,,,,,,,,,,,,,,,,,,,,,,,,,,,,,,,,,,,,,,,,,,
Damaged/2,"yuawies,close,38,-481,-12,0,4,1,1,0","yuawies,neck,23,-432,-7,0,5,1,1,0","yuawies,body,9,-312,-10,0,6,1,1,0","yuawies,arm_up,-50,-368,-16.4,0,4,1,1,0","yuawies,arm_low,-77,-294,15,0,6,1,1,0","white_human,open,-89,-231,-17,0,6,0.7,0.8,0","yuawies,arm_up,70,-353,-2,1,18,1,1,0","yuawies,arm_low,81,-277,-14,1,19,1,1,0","white_human,open,85,-214,2,1,19,0.7,0.8,0","yuawies,leg_up,-43,-191,-14,0,8,1.2,1.1,0","yuawies,leg_low,-71,-87,-14,0,10,1,1,0","yuawies,foot,-68,-18,-8,0,10,1,1,0","yuawies,leg_up,29,-189,8,0,9,1,1,0","yuawies,leg_low,36,-83,4,0,13,1,1,0","yuawies,foot,61,-21,1,0,13,1,1,0",,,"yuawies,boobs,25,-348,-1,0,5,1,0.9,0","yuawies,skirt,-34,-148,-16,0,18,1.1,0.9,0",,,,,,,,,,,,,,,,,,,,,,,,,,,,,,,,,,,,,,,,,,,,,,,,,,,,,,,,,,,,,,,,,,,,,,,,,,,,,,,,,,,,,,,,,,,,,,,,,,hold,,
Damaged/3,"yuawies,close,48,-478,-16,0,4,1,1,0","yuawies,neck,33,-431,-10,0,5,1,1,0","yuawies,body,13,-312,-12,0,6,1,1,0","yuawies,arm_up,-50,-369,-22.4,0,4,1,1,0","yuawies,arm_low,-85,-298,8,0,6,1,1,0","white_human,open,-108,-237,-27,0,6,0.7,0.8,0","yuawies,arm_up,78,-352,-1,1,18,1,1,0","yuawies,arm_low,90,-276,-13,1,19,1,1,0","white_human,open,95,-213,3,1,19,0.7,0.8,0","yuawies,leg_up,-45,-192,-17,0,8,1.2,1.1,0","yuawies,leg_low,-84,-89,-21,0,10,1,1,0","yuawies,foot,-92,-20,-28,0,10,1,1,0","yuawies,leg_up,28,-189,13,0,9,1,1,0","yuawies,leg_low,39,-83,0,0,13,1,1,0","yuawies,foot,61,-21,1,0,13,1,1,0",,,"yuawies,boobs,33,-342,-10,0,5,1.1,1,0","yuawies,skirt,-47,-159,-29,0,18,1,0.9,0",,,,,,,,,,,,,,,,,,,,,,,,,,,,,,,,,,,,,,,,,,,,,,,,,,,,,,,,,,,,,,,,,,,,,,,,,,,,,,,,,,,,,,,,,,,,,,,,,,,,
Damaged/4,"yuawies,head,26,-484,-8,0,4,1,1,0","yuawies,neck,17,-432,-4,0,5,1,1,0","yuawies,body,5,-312,-7,0,6,1,1,0","yuawies,arm_up,-56,-363,-12.4,0,4,1,1,0","yuawies,arm_low,-71,-289,32,0,6,1,1,0","white_human,open,-68,-230,-5,0,6,0.7,0.8,0","yuawies,arm_up,65,-353,-2,1,18,1,1,0","yuawies,arm_low,76,-277,-14,1,19,1,1,0","white_human,open,80,-214,2,1,19,0.7,0.8,0","yuawies,leg_up,-35,-191,-12,0,8,1.2,1.1,0","yuawies,leg_low,-61,-87,-12,0,10,1,1,0","yuawies,foot,-54,-18,-2,0,10,1,1,0","yuawies,leg_up,29,-189,8,0,9,1,1,0","yuawies,leg_low,36,-83,4,0,13,1,1,0","yuawies,foot,61,-21,1,0,13,1,1,0",,,"yuawies,boobs,20,-348,2,0,5,1,0.9,0","yuawies,skirt,-25,-148,-9,0,18,1,1,0",,,,,,,,,,,,,,,,,,,,,,,,,,,,,,,,,,,,,,,,,,,,,,,,,,,,,,,,,,,,,,,,,,,,,,,,,,,,,,,,,,,,,,,,,,,,,,,,,,,,
Damaged/5,"yuawies,head,18,-486,-4,0,4,1,1,0","yuawies,neck,10,-435,1,0,5,1,1,0","yuawies,body,1,-313,-5,0,6,1,1,0","yuawies,arm_up,-64,-360,-6.4,0,4,1,1,0","yuawies,arm_low,-69,-286,39,0,6,1,1,0","white_human,open,-52,-230,15,0,6,0.7,0.8,0","yuawies,arm_up,58,-357,-2,1,18,1,1,0","yuawies,arm_low,69,-281,-14,1,19,1,1,0","white_human,open,73,-218,2,1,19,0.7,0.8,0","yuawies,leg_up,-32,-191,0,0,8,1.2,1.1,0","yuawies,leg_low,-42,-87,-9,0,10,1,1,0","yuawies,foot,-35,-18,0,0,10,1,1,0","yuawies,leg_up,29,-189,8,0,9,1,1,0","yuawies,leg_low,36,-83,4,0,13,1,1,0","yuawies,foot,61,-21,1,0,13,1,1,0",,,"yuawies,boobs,15,-345,-1,0,5,1,0.9,0","yuawies,skirt,-19,-148,-6,0,18,1,1,0",,,,,,,,,,,,,,,,,,,,,,,,,,,,,,,,,,,,,,,,,,,,,,,,,,,,,,,,,,,,,,,,,,,,,,,,,,,,,,,,,,,,,,,,,,,,,,,,,,,,
Die/0,"yuawies,head,-32,-483,15,0,4,1,1,0","yuawies,neck,-24,-423,22,0,5,1,1,0","yuawies,body,-9,-306,6,0,6,1,1,0","yuawies,arm_up,-80,-341,1.6,0,4,1,1,0","yuawies,arm_low,-84,-267,28,0,6,1,1,0","white_human,open,-79,-198,-1,0,7,0.7,0.8,0","yuawies,arm_up,43,-375,34,1,18,1,1,0","yuawies,arm_low,97,-323,29,1,19,1,1,0","white_human,open,149,-277,46,1,21,0.7,0.8,0","yuawies,leg_up,-28,-188,-10,0,8,1.2,1.1,0","yuawies,leg_low,-54,-87,-15,0,10,1,1,0","yuawies,foot,-55,-18,-20,0,10,1,1,0","yuawies,leg_up,48,-173,22,0,9,1,1,0","yuawies,leg_low,57,-81,-11,0,13,1,1,0","yuawies,foot,61,-21,1,0,13,1,1,0",,,"yuawies,boobs,0,-345,14,0,5,1,0.9,0","yuawies,skirt,-5,-148,5,0,18,1,1,0",,,,,,,,,,,,,,,,,,,,,,,,,,,,,,,,,,,,,,,,,,,,,,,,,,,,,,,,,,,,,,,,,,,,,,,,,,,,,,,,,,,,,,,,,,,,,,,,,,,,
Die/1,"yuawies,close,-87,-462,34,0,4,1,1,0","yuawies,neck,-63,-411,32,0,5,1,1,0","yuawies,body,-28,-298,16,0,6,1,1,0","yuawies,arm_up,-90,-318,33.6,0,4,1,1,0","yuawies,arm_low,-48,-258,78,0,6,1,1,0","white_human,open,3,-216,43,0,6,0.7,0.8,0","yuawies,arm_up,8,-377,48,1,18,1,1,0","yuawies,arm_low,73,-345,49,1,19,1,1,0","white_human,open,136,-327,76,1,21,0.7,0.8,0","yuawies,leg_up,-23,-178,3,0,8,1.2,1.1,0","yuawies,leg_low,-34,-74,-15,0,10,1,1,0","yuawies,foot,-43,-6,-20,0,10,1,1,0","yuawies,leg_up,59,-183,42,0,9,1,1,0","yuawies,leg_low,98,-98,9,0,13,1,1,0","yuawies,foot,130,-41,21,0,13,1,1,0",,,"yuawies,boobs,-25,-338,24,0,5,1,0.9,0","yuawies,skirt,50,-167,37,1,18,1,1,0",,,,,,,,,,,,,,,,,,,,,,,,,,,,,,,,,,,,,,,,,,,,,,,,,,,,,,,,,,,,,,,,,,,,,,,,,,,,,,,,,,,,,,,,,,,,,,,,,,hold,,
Die/2,"yuawies,close,-225,-314,82,0,4,1,1,0","yuawies,neck,-172,-296,72,0,5,1,1,0","yuawies,body,-73,-232,56,0,6,1,1,0","yuawies,arm_up,-134,-209,73.6,0,4,1,1,0","yuawies,arm_low,-63,-189,118,0,6,1,1,0","white_human,open,3,-190,83,0,6,0.7,0.8,0","yuawies,arm_up,-97,-317,88,1,18,1,1,0","yuawies,arm_low,-27,-333,89,1,19,1,1,0","white_human,open,35,-360,116,1,21,0.7,0.8,0","yuawies,leg_up,8,-144,43,0,8,1.2,1.1,0","yuawies,leg_low,70,-58,25,0,10,1,1,0","yuawies,foot,115,-7,26,0,10,1,1,0","yuawies,leg_up,67,-200,82,0,9,1,1,0","yuawies,leg_low,152,-160,49,0,13,1,1,0","yuawies,foot,213,-138,61,0,13,1,1,0",,,"yuawies,boobs,-57,-315,94,0,5,1,0.9,0","yuawies,skirt,70,-192,87,1,18,1.1,1,0",,,,,,,,,,,,,,,,,,,,,,,,,,,,,,,,,,,,,,,,,,,,,,,,,,,,,,,,,,,,,,,,,,,,,,,,,,,,,,,,,,,,,,,,,,,,,,,,,,,,
Die/3,"yuawies,close,-254,-199,106,0,4,1,1,0","yuawies,neck,-198,-203,92,0,5,1,1,0","yuawies,body,-83,-178,76,0,6,1,1,0","yuawies,arm_up,-130,-145,103.6,0,4,1,1,0","yuawies,arm_low,-60,-164,148,0,6,1,1,0","white_human,open,-3,-198,113,0,6,0.7,0.8,0","yuawies,arm_up,-135,-245,100,1,18,1,1,0","yuawies,arm_low,-75,-277,109,1,19,1,1,0","white_human,open,-25,-320,135,1,21,0.7,0.8,0","yuawies,leg_up,23,-123,69,0,8,1.2,1.1,0","yuawies,leg_low,111,-71,45,0,10,1,1,0","yuawies,foot,171,-39,46,0,10,1,1,0","yuawies,leg_up,59,-195,102,0,9,1,1,0","yuawies,leg_low,153,-187,69,0,13,1,1,0","yuawies,foot,218,-187,81,0,13,1,1,0",,,"yuawies,boobs,-37,-315,54,0,5,1,0.9,0","yuawies,skirt,64,-189,107,1,18,1,1,0",,,,,,,,,,,,,,,,,,,,,,,,,,,,,,,,,,,,,,,,,,,,,,,,,,,,,,,,,,,,,,,,,,,,,,,,,,,,,,,,,,,,,,,,,,,,,,,,,,,,
Die/4,"yuawies,close,-254,-118,116,0,4,1,1,0","yuawies,neck,-199,-131,102,0,5,1,1,0","yuawies,body,-82,-127,86,0,6,1,1,0","yuawies,arm_up,-122,-86,113.6,0,4,1,1,0","yuawies,arm_low,-57,-117,158,0,6,1,1,0","white_human,open,-6,-160,123,0,6,0.7,0.8,0","yuawies,arm_up,-145,-184,110,1,18,1,1,0","yuawies,arm_low,-91,-226,119,1,19,1,1,0","white_human,open,-49,-277,145,1,21,0.7,0.8,0","yuawies,leg_up,32,-91,79,0,8,1.2,1.1,0","yuawies,leg_low,128,-55,55,0,10,1,1,0","yuawies,foot,193,-34,56,0,10,1,1,0","yuawies,leg_up,55,-166,112,0,9,1,1,0","yuawies,leg_low,149,-170,73,0,13,1,1,0","yuawies,foot,213,-165,71,0,13,1,1,0",,,"yuawies,boobs,83,-245,4,0,5,1,0.9,0","yuawies,skirt,61,-165,121,1,18,1.1,1,0",,,,,,,,,,,,,,,,,,,,,,,,,,,,,,,,,,,,,,,,,,,,,,,,,,,,,,,,,,,,,,,,,,,,,,,,,,,,,,,,,,,,,,,,,,,,,,,,,,,,
Die/5,"yuawies,close,-225,-35,105,0,4,1,1,0","yuawies,neck,-177,-41,122,0,5,1,1,0","yuawies,body,-68,-77,108,0,6,1,1,0","yuawies,arm_up,-90,-26,136.6,0,4,1,1,0","yuawies,arm_low,-42,-80,-180,0,6,1,1,0","white_human,open,-15,-138,146,0,6,0.7,0.8,0","yuawies,arm_up,-145,-109,130,1,18,1,1,0","yuawies,arm_low,-111,-167,147,1,19,1,1,0","white_human,open,-108,-239,-170,1,21,0.7,0.8,0","yuawies,leg_up,53,-94,120,0,8,1.2,1.1,0","yuawies,leg_low,146,-111,75,0,10,1,1,0","yuawies,foot,211,-114,86,0,10,1,1,0","yuawies,leg_up,49,-161,132,0,9,1,1,0","yuawies,leg_low,136,-196,93,0,13,1,1,0","yuawies,foot,198,-213,91,0,13,1,1,0",,,"yuawies,boobs,103,-175,-36,0,5,1,0.9,0","yuawies,skirt,50,-162,145,1,18,1,1,0",,,,,,,,,,,,,,,,,,,,,,,,,,,,,,,,,,,,,,,,,,,,,,,,,,,,,,,,,,,,,,,,,,,,,,,,,,,,,,,,,,,,,,,,,,,,,,,,,,,,
Die/6,"yuawies,close,-225,-34,101,0,4,1,1,0","yuawies,neck,-177,-41,122,0,5,1,1,0","yuawies,body,-70,-71,111,0,6,1,1,0","yuawies,arm_up,-88,-2,115.6,0,4,1,1,0","yuawies,arm_low,-37,-46,-170,0,6,1,1,0","white_human,open,-20,-108,156,0,6,0.7,0.8,0","yuawies,arm_up,-146,-93,120,1,18,1,1,0","yuawies,arm_low,-104,-144,146,1,19,1,1,0","white_human,open,-101,-212,-170,1,21,0.7,0.8,0","yuawies,leg_up,49,-97,129,0,8,1.2,1.1,0","yuawies,leg_low,142,-130,87,0,10,1,1,0","yuawies,foot,200,-147,106,0,10,1,1,0","yuawies,leg_up,39,-166,135,0,9,1,1,0","yuawies,leg_low,123,-211,103,0,13,1,1,0","yuawies,foot,181,-238,101,0,13,1,1,0",,,"yuawies,boobs,147,-87,-26,0,5,1,0.9,0","yuawies,skirt,37,-162,155,1,18,1,1,0",,,,,,,,,,,,,,,,,,,,,,,,,,,,,,,,,,,,,,,,,,,,,,,,,,,,,,,,,,,,,,,,,,,,,,,,,,,,,,,,,,,,,,,,,,,,,,,,,,,,
Die/7,"yuawies,close,-225,-40,91,0,4,1,1,0","yuawies,neck,-177,-41,122,0,5,1,1,0","yuawies,body,-70,-59,99,0,6,1,1,0","yuawies,arm_up,-97,2,105.6,0,4,1,1,0","yuawies,arm_low,-39,-32,-180,0,6,1,1,0","white_human,open,-11,-90,146,0,6,0.7,0.8,0","yuawies,arm_up,-135,-84,100,1,18,1,1,0","yuawies,arm_low,-78,-118,126,1,19,1,1,0","white_human,open,-52,-181,180,1,21,0.7,0.8,0","yuawies,leg_up,43,-56,119,0,8,1.2,1.1,0","yuawies,leg_low,140,-73,77,0,10,1,1,0","yuawies,foot,200,-79,96,0,10,1,1,0","yuawies,leg_up,45,-126,125,0,9,1,1,0","yuawies,leg_low,136,-141,75,0,13,1,1,0","yuawies,foot,199,-140,71,0,13,1,1,0",,,"yuawies,boobs,176,-30,-46,0,5,1.1,1,0","yuawies,skirt,52,-125,135,1,18,1,1,0",,,,,,,,,,,,,,,,,,,,,,,,,,,,,,,,,,,,,,,,,,,,,,,,,,,,,,,,,,,,,,,,,,,,,,,,,,,,,,,,,,,,,,,,,,,,,,,,,,,,
Die/8,"yuawies,close,-226,-24,100,0,4,1,1,0","yuawies,neck,-177,-29,116,0,5,1,1,0","yuawies,body,-70,-34,91,0,6,1,1,0","yuawies,arm_up,-102,23,99.6,0,4,1,1,0","yuawies,arm_low,-28,12,132,0,6,1,1,0","white_human,open,32,-10,107,0,6,0.7,0.8,0","yuawies,arm_up,-132,-68,94,1,18,1,1,0","yuawies,arm_low,-55,-86,80,1,19,1,1,0","white_human,open,3,-96,104,1,21,0.7,0.8,0","yuawies,leg_up,42,-12,93,0,8,1.2,1.1,0","yuawies,leg_low,149,-10,87,0,10,1,1,0","yuawies,foot,212,-19,80,0,10,1,1,0","yuawies,leg_up,52,-68,99,0,9,1,1,0","yuawies,leg_low,145,-58,69,0,13,1,1,0","yuawies,foot,207,-50,55,0,13,1,1,0",,,"yuawies,boobs,227,-67,-136,0,5,1,0.9,0","yuawies,skirt,79,-50,95,1,18,0.9,1,0",,,,,,,,,,,,,,,,,,,,,,,,,,,,,,,,,,,,,,,,,,,,,,,,,,,,,,,,,,,,,,,,,,,,,,,,,,,,,,,,,,,,,,,,,,,,,,,,,,,,
Die/9,"yuawies,close,-226,-24,97,0,4,1,1,0","yuawies,neck,-177,-29,116,0,5,1,1,0","yuawies,body,-70,-32,90,0,6,1,1,0","yuawies,arm_up,-102,24,98.6,0,4,1,1,0","yuawies,arm_low,-28,21,115,0,6,1,1,0","white_human,open,42,25,77,0,6,0.7,0.8,0","yuawies,arm_up,-132,-60,84,1,18,1,1,0","yuawies,arm_low,-55,-66,50,1,19,1,1,0","white_human,open,3,-46,74,1,21,0.7,0.8,0","yuawies,leg_up,41,-9,84,0,8,1.2,1.1,0","yuawies,leg_low,149,2,84,0,10,1,1,0","yuawies,foot,212,-1,77,0,10,1,1,0","yuawies,leg_up,51,-65,88,0,9,1,1,0","yuawies,leg_low,145,-43,65,0,13,1,1,0","yuawies,foot,207,-19,35,0,13,1,1,0",,,"yuawies,boobs,290,-19,164,0,5,1,0.9,0","yuawies,skirt,79,-17,75,1,18,0.9,1,0",,,,,,,,,,,,,,,,,,,,,,,,,,,,,,,,,,,,,,,,,,,,,,,,,,,,,,,,,,,,,,,,,,,,,,,,,,,,,,,,,,,,,,,,,,,,,,,,,,,,
Idle/0,"yuawies,head,11,-492,0,0,4,1,1,0","yuawies,neck,8,-435,1,0,5,1,1,0","yuawies,body,0,-314,-4,0,6,1,1,0","yuawies,arm_up,-64,-362,-8.4,0,4,1,1,0","yuawies,arm_low,-65,-289,48,0,6,1,1,0","white_human,open,-34,-232,29,0,6,0.7,0.8,0","yuawies,arm_up,56,-359,-1,1,18,1,1,0","yuawies,arm_low,72,-283,-9,1,19,1,1,0","white_human,open,85,-219,11,1,19,0.7,0.8,0","yuawies,leg_up,-32,-191,0,0,8,1.2,1.1,0","yuawies,leg_low,-41,-87,-7,0,10,1,1,0","yuawies,foot,-35,-18,0,0,10,1,1,0","yuawies,leg_up,30,-189,8,0,9,1,1,0","yuawies,leg_low,36,-83,3,0,13,1,1,0","yuawies,foot,61,-21,1,0,13,1,1,0",,,"yuawies,boobs,13,-349,2,0,5,1,0.9,0","yuawies,skirt,-15,-148,-3,0,18,1,1,0",,,,,,,,,,,,,,,,,,,,,,,,,,,,,,,,,,,,,,,,,,,,,,,,,,,,,,,,,,,,,,,,,,,,,,,,,,,,,,,,,,,,,,,,,,,,,,,,,,play_time_mod_2,,
Idle/1,"yuawies,head,7,-491,2,0,4,1,1,0","yuawies,neck,4,-435,1,0,5,1,1,0","yuawies,body,-1,-313,-2,0,6,1,1,0","yuawies,arm_up,-65,-361,-8.4,0,4,1,1,0","yuawies,arm_low,-67,-289,47,0,6,1,1,0","white_human,open,-35,-231,28,0,6,0.7,0.8,0","yuawies,arm_up,56,-355,-2,1,18,1,1,0","yuawies,arm_low,72,-278,-9,1,19,1,1,0","white_human,open,85,-213,11,1,19,0.7,0.8,0","yuawies,leg_up,-30,-191,-1,0,8,1.2,1.1,0","yuawies,leg_low,-41,-87,-7,0,10,1,1,0","yuawies,foot,-35,-18,0,0,10,1,1,0","yuawies,leg_up,31,-190,7,0,9,1,1,0","yuawies,leg_low,36,-83,3,0,13,1,1,0","yuawies,foot,61,-21,1,0,13,1,1,0",,,"yuawies,boobs,13,-348,2,0,5,1,0.9,0","yuawies,skirt,-13,-148,-2,0,18,1,1,0",,,,,,,,,,,,,,,,,,,,,,,,,,,,,,,,,,,,,,,,,,,,,,,,,,,,,,,,,,,,,,,,,,,,,,,,,,,,,,,,,,,,,,,,,,,,,,,,,,,,
Idle/2,"yuawies,head,5,-491,5,0,4,1,1,0","yuawies,neck,3,-435,1,0,5,1,1,0","yuawies,body,-2,-313,-1,0,6,1,1,0","yuawies,arm_up,-67,-360,-8.4,0,4,1,1,0","yuawies,arm_low,-68,-289,49,0,6,1,1,0","white_human,open,-35,-231,29,0,6,0.7,0.8,0","yuawies,arm_up,57,-355,0,1,18,1,1,0","yuawies,arm_low,75,-279,-7,1,19,1,1,0","white_human,open,89,-213,12,1,19,0.7,0.8,0","yuawies,leg_up,-30,-191,0,0,8,1.2,1.1,0","yuawies,leg_low,-41,-87,-8,0,10,1,1,0","yuawies,foot,-35,-18,0,0,10,1,1,0","yuawies,leg_up,31,-190,6,0,9,1,1,0","yuawies,leg_low,36,-83,3,0,13,1,1,0","yuawies,foot,61,-21,1,0,13,1,1,0",,,"yuawies,boobs,13,-350,6,0,5,1,0.9,0","yuawies,skirt,-10,-148,-1,0,18,1,1,0",,,,,,,,,,,,,,,,,,,,,,,,,,,,,,,,,,,,,,,,,,,,,,,,,,,,,,,,,,,,,,,,,,,,,,,,,,,,,,,,,,,,,,,,,,,,,,,,,,play_time_mod_1.2,,
Idle/3,"yuawies,head,3,-491,6,0,4,1,1,0","yuawies,neck,2,-435,1,0,5,1,1,0","yuawies,body,-3,-313,0,0,6,1,1,0","yuawies,arm_up,-67,-360,-7.4,0,4,1,1,0","yuawies,arm_low,-67,-289,50,0,6,1,1,0","white_human,open,-33,-231,30,0,6,0.7,0.8,0","yuawies,arm_up,57,-356,2,1,18,1,1,0","yuawies,arm_low,77,-280,-5,1,19,1,1,0","white_human,open,95,-214,15,1,19,0.7,0.8,0","yuawies,leg_up,-30,-191,-1,0,8,1.2,1.1,0","yuawies,leg_low,-41,-87,-9,0,10,1,1,0","yuawies,foot,-35,-18,0,0,10,1,1,0","yuawies,leg_up,32,-190,6,0,9,1,1,0","yuawies,leg_low,36,-83,3,0,13,1,1,0","yuawies,foot,61,-21,1,0,13,1,1,0",,,"yuawies,boobs,12,-351,8,0,5,1,0.9,0","yuawies,skirt,-9,-148,0,0,18,1,1,0",,,,,,,,,,,,,,,,,,,,,,,,,,,,,,,,,,,,,,,,,,,,,,,,,,,,,,,,,,,,,,,,,,,,,,,,,,,,,,,,,,,,,,,,,,,,,,,,,,play_time_mod_1.2,,
Idle/4,"yuawies,head,5,-491,5,0,4,1,1,0","yuawies,neck,3,-435,1,0,5,1,1,0","yuawies,body,-2,-313,-1,0,6,1,1,0","yuawies,arm_up,-67,-360,-8.4,0,4,1,1,0","yuawies,arm_low,-68,-289,49,0,6,1,1,0","white_human,open,-35,-231,29,0,6,0.7,0.8,0","yuawies,arm_up,57,-355,0,1,18,1,1,0","yuawies,arm_low,75,-279,-7,1,19,1,1,0","white_human,open,89,-213,12,1,19,0.7,0.8,0","yuawies,leg_up,-30,-191,0,0,8,1.2,1.1,0","yuawies,leg_low,-41,-87,-8,0,10,1,1,0","yuawies,foot,-35,-18,0,0,10,1,1,0","yuawies,leg_up,31,-190,6,0,9,1,1,0","yuawies,leg_low,36,-83,3,0,13,1,1,0","yuawies,foot,61,-21,1,0,13,1,1,0",,,"yuawies,boobs,13,-350,6,0,5,1,0.9,0","yuawies,skirt,-10,-148,-1,0,18,1,1,0",,,,,,,,,,,,,,,,,,,,,,,,,,,,,,,,,,,,,,,,,,,,,,,,,,,,,,,,,,,,,,,,,,,,,,,,,,,,,,,,,,,,,,,,,,,,,,,,,,play_time_mod_2,,
Idle/5,"yuawies,head,7,-491,2,0,4,1,1,0","yuawies,neck,4,-435,1,0,5,1,1,0","yuawies,body,-1,-313,-2,0,6,1,1,0","yuawies,arm_up,-65,-361,-8.4,0,4,1,1,0","yuawies,arm_low,-67,-289,47,0,6,1,1,0","white_human,open,-35,-231,28,0,6,0.7,0.8,0","yuawies,arm_up,56,-355,-2,1,18,1,1,0","yuawies,arm_low,72,-278,-9,1,19,1,1,0","white_human,open,85,-213,11,1,19,0.7,0.8,0","yuawies,leg_up,-30,-191,-1,0,8,1.2,1.1,0","yuawies,leg_low,-41,-87,-7,0,10,1,1,0","yuawies,foot,-35,-18,0,0,10,1,1,0","yuawies,leg_up,31,-190,7,0,9,1,1,0","yuawies,leg_low,36,-83,3,0,13,1,1,0","yuawies,foot,61,-21,1,0,13,1,1,0",,,"yuawies,boobs,13,-349,2,0,5,1,0.9,0","yuawies,skirt,-13,-148,-2,0,18,1,1,0",,,,,,,,,,,,,,,,,,,,,,,,,,,,,,,,,,,,,,,,,,,,,,,,,,,,,,,,,,,,,,,,,,,,,,,,,,,,,,,,,,,,,,,,,,,,,,,,,,,,
Idle/6,"yuawies,head,14,-489,-2,0,4,1,1,0","yuawies,neck,9,-435,1,0,5,1,1,0","yuawies,body,1,-313,-5,0,6,1,1,0","yuawies,arm_up,-64,-361,-10.4,0,4,1,1,0","yuawies,arm_low,-65,-290,50,0,6,1,1,0","white_human,open,-34,-237,32,0,6,0.7,0.8,0","yuawies,arm_up,56,-358,-3,1,18,1,1,0","yuawies,arm_low,70,-281,-10,1,19,1,1,0","white_human,open,81,-218,10,1,19,0.7,0.8,0","yuawies,leg_up,-32,-191,0,0,8,1.2,1.1,0","yuawies,leg_low,-42,-87,-9,0,10,1,1,0","yuawies,foot,-35,-18,0,0,10,1,1,0","yuawies,leg_up,29,-189,8,0,9,1,1,0","yuawies,leg_low,36,-83,4,0,13,1,1,0","yuawies,foot,61,-21,1,0,13,1,1,0",,,"yuawies,boobs,15,-347,1,0,5,1,0.9,0","yuawies,skirt,-15,-148,-3,0,18,1,1,0",,,,,,,,,,,,,,,,,,,,,,,,,,,,,,,,,,,,,,,,,,,,,,,,,,,,,,,,,,,,,,,,,,,,,,,,,,,,,,,,,,,,,,,,,,,,,,,,,,play_time_mod_1.25,,
Idle/7,"yuawies,head,17,-487,-4,0,4,1,1,0","yuawies,neck,10,-435,1,0,5,1,1,0","yuawies,body,1,-313,-5,0,6,1,1,0","yuawies,arm_up,-65,-361,-8.4,0,4,1,1,0","yuawies,arm_low,-66,-290,51,0,6,1,1,0","white_human,open,-33,-238,33,0,6,0.7,0.8,0","yuawies,arm_up,56,-357,-4,1,18,1,1,0","yuawies,arm_low,68,-281,-11,1,19,1,1,0","white_human,open,78,-218,9,1,19,0.7,0.8,0","yuawies,leg_up,-32,-191,0,0,8,1.2,1.1,0","yuawies,leg_low,-42,-87,-9,0,10,1,1,0","yuawies,foot,-35,-18,0,0,10,1,1,0","yuawies,leg_up,29,-189,8,0,9,1,1,0","yuawies,leg_low,36,-83,4,0,13,1,1,0","yuawies,foot,61,-21,1,0,13,1,1,0",,,"yuawies,boobs,15,-345,-1,0,5,1,0.9,0","yuawies,skirt,-18,-148,-5,0,18,1,1,0",,,,,,,,,,,,,,,,,,,,,,,,,,,,,,,,,,,,,,,,,,,,,,,,,,,,,,,,,,,,,,,,,,,,,,,,,,,,,,,,,,,,,,,,,,,,,,,,,,play_time_mod_1.5,,
Idle/8,"yuawies,head,14,-489,-2,0,4,1,1,0","yuawies,neck,9,-435,1,0,5,1,1,0","yuawies,body,1,-313,-5,0,6,1,1,0","yuawies,arm_up,-64,-361,-10.4,0,4,1,1,0","yuawies,arm_low,-65,-290,50,0,6,1,1,0","white_human,open,-34,-237,32,0,6,0.7,0.8,0","yuawies,arm_up,56,-358,-3,1,18,1,1,0","yuawies,arm_low,70,-281,-10,1,19,1,1,0","white_human,open,81,-218,10,1,19,0.7,0.8,0","yuawies,leg_up,-32,-191,0,0,8,1.2,1.1,0","yuawies,leg_low,-42,-87,-9,0,10,1,1,0","yuawies,foot,-35,-18,0,0,10,1,1,0","yuawies,leg_up,29,-189,8,0,9,1,1,0","yuawies,leg_low,36,-83,4,0,13,1,1,0","yuawies,foot,61,-21,1,0,13,1,1,0",,,"yuawies,boobs,15,-347,1,0,5,1,0.9,0","yuawies,skirt,-17,-148,-4,0,18,1,1,0",,,,,,,,,,,,,,,,,,,,,,,,,,,,,,,,,,,,,,,,,,,,,,,,,,,,,,,,,,,,,,,,,,,,,,,,,,,,,,,,,,,,,,,,,,,,,,,,,,,,
Knockdown/0,"yuawies,head,26,-484,-8,0,4,1,1,0","yuawies,neck,17,-432,-4,0,5,1,1,0","yuawies,body,5,-312,-7,0,6,1,1,0","yuawies,arm_up,-56,-363,-12.4,0,4,1,1,0","yuawies,arm_low,-71,-289,32,0,6,1,1,0","white_human,open,-68,-230,-5,0,6,0.7,0.8,0","yuawies,arm_up,65,-353,-2,1,18,1,1,0","yuawies,arm_low,76,-277,-14,1,19,1,1,0","white_human,open,80,-214,2,1,19,0.7,0.8,0","yuawies,leg_up,-35,-191,-12,0,8,1.2,1.1,0","yuawies,leg_low,-61,-87,-12,0,10,1,1,0","yuawies,foot,-54,-18,-2,0,10,1,1,0","yuawies,leg_up,29,-189,8,0,9,1,1,0","yuawies,leg_low,36,-83,4,0,13,1,1,0","yuawies,foot,61,-21,1,0,13,1,1,0",,,"yuawies,boobs,20,-348,2,0,5,1,0.9,0","yuawies,skirt,-25,-148,-9,0,18,1,1,0",,,,,,,,,,,,,,,,,,,,,,,,,,,,,,,,,,,,,,,,,,,,,,,,,,,,,,,,,,,,,,,,,,,,,,,,,,,,,,,,,,,,,,,,,,,,,,,,,,,,
Knockdown/1,"yuawies,head,41,-481,-12,0,4,1,1,0","yuawies,neck,27,-430,-13,0,5,1,1,0","yuawies,body,8,-312,-9,0,6,1,1,0","yuawies,arm_up,-53,-368,-18.4,0,4,1,1,0","yuawies,arm_low,-81,-296,13,0,6,1,1,0","white_human,open,-90,-232,-9,0,6,0.7,0.8,0","yuawies,arm_up,82,-351,6,1,18,1,1,0","yuawies,arm_low,107,-275,4,1,19,1,1,0","white_human,open,148,-216,43,1,19,0.7,0.8,0","yuawies,leg_up,-42,-193,-18,0,8,1.2,1.1,0","yuawies,leg_low,-80,-99,-24,0,10,1,1,0","yuawies,foot,-96,-32,-34,0,10,1,1,0","yuawies,leg_up,32,-189,13,0,9,1,1,0","yuawies,leg_low,35,-86,-7,0,13,1,1,0","yuawies,foot,44,-19,-11,0,13,1,1,0",,,"yuawies,boobs,25,-348,0,0,5,1,0.9,0","yuawies,skirt,-39,-150,-15,0,18,1,1,0",,,,,,,,,,,,,,,,,,,,,,,,,,,,,,,,,,,,,,,,,,,,,,,,,,,,,,,,,,,,,,,,,,,,,,,,,,,,,,,,,,,,,,,,,,,,,,,,,,,,
Knockdown/2,"yuawies,close,56,-480,-17,0,4,1,1,0","yuawies,neck,36,-430,-16,0,5,1,1,0","yuawies,body,11,-312,-12,0,6,1,1,0","yuawies,arm_up,-52,-374,-26.4,0,4,1,1,0","yuawies,arm_low,-86,-308,10,0,6,1,1,0","white_human,open,-103,-243,-20,0,6,0.7,0.8,0","yuawies,arm_up,88,-348,9,1,18,1,1,0","yuawies,arm_low,122,-276,11,1,19,1,1,0","white_human,open,165,-224,50,1,19,0.7,0.8,0","yuawies,leg_up,-51,-196,-26,0,8,1.2,1.1,0","yuawies,leg_low,-110,-107,-41,0,10,1,1,0","yuawies,foot,-146,-48,-57,0,10,1,1,0","yuawies,leg_up,29,-189,17,0,9,1,1,0","yuawies,leg_low,17,-100,-30,0,13,1,1,0","yuawies,foot,-8,-32,-44,0,13,1,1,0",,,"yuawies,boobs,31,-348,-3,0,5,1,0.9,0","yuawies,skirt,-55,-153,-24,0,18,1,1,0",,,,,,,,,,,,,,,,,,,,,,,,,,,,,,,,,,,,,,,,,,,,,,,,,,,,,,,,,,,,,,,,,,,,,,,,,,,,,,,,,,,,,,,,,,,,,,,,,,hold,,
Knockdown/3,"yuawies,close,132,-414,-40,0,4,1,1,0","yuawies,neck,95,-381,-36,0,5,1,1,0","yuawies,body,31,-277,-32,0,6,1,1,0","yuawies,arm_up,-6,-358,-46.4,0,4,1,1,0","yuawies,arm_low,-61,-308,-10,0,6,1,1,0","white_human,open,-98,-253,-40,0,6,0.7,0.8,0","yuawies,arm_up,115,-288,-7,1,18,1,1,0","yuawies,arm_low,126,-208,-5,1,19,1,1,0","white_human,open,152,-145,34,1,19,0.7,0.8,0","yuawies,leg_up,-67,-194,-57,0,8,1.2,1.1,0","yuawies,leg_low,-169,-150,-77,0,10,1,1,0","yuawies,foot,-234,-123,-97,0,10,1,1,0","yuawies,leg_up,-2,-156,-19,0,9,1,1,0","yuawies,leg_low,-61,-87,-60,0,13,1,1,0","yuawies,foot,-115,-53,-90,0,13,1,1,0",,,"yuawies,boobs,64,-304,-23,0,5,1,0.9,0","yuawies,skirt,-84,-171,-64,0,18,1,1,0",,,,,,,,,,,,,,,,,,,,,,,,,,,,,,,,,,,,,,,,,,,,,,,,,,,,,,,,,,,,,,,,,,,,,,,,,,,,,,,,,,,,,,,,,,,,,,,,,,,,
Knockdown/4,"yuawies,close,184,-302,-63,0,4,1,1,0","yuawies,neck,137,-288,-56,0,5,1,1,0","yuawies,body,41,-212,-52,0,6,1,1,0","yuawies,arm_up,35,-301,-66.4,0,4,1,1,0","yuawies,arm_low,-35,-272,-30,0,6,1,1,0","white_human,open,-89,-234,-60,0,6,0.7,0.8,0","yuawies,arm_up,135,-194,3,1,18,1,1,0","yuawies,arm_low,168,-134,34,1,19,1,1,0","white_human,open,223,-105,74,1,19,0.7,0.8,0","yuawies,leg_up,-78,-167,-77,0,8,1.2,1.1,0","yuawies,leg_low,-189,-163,-100,0,10,1,1,0","yuawies,foot,-257,-168,-120,0,10,1,1,0","yuawies,leg_up,-33,-109,-41,0,9,1,1,0","yuawies,leg_low,-116,-63,-80,0,13,1,1,0","yuawies,foot,-186,-52,-110,0,13,1,1,0",,,"yuawies,boobs,83,-226,-43,0,5,1,0.9,0","yuawies,skirt,-102,-177,-94,0,18,1,1,0",,,,,,,,,,,,,,,,,,,,,,,,,,,,,,,,,,,,,,,,,,,,,,,,,,,,,,,,,,,,,,,,,,,,,,,,,,,,,,,,,,,,,,,,,,,,,,,,,,,,
Knockdown/5,"yuawies,close,214,-179,-88,0,4,1,1,0","yuawies,neck,166,-188,-76,0,5,1,1,0","yuawies,body,49,-148,-72,0,6,1,1,0","yuawies,arm_up,74,-235,-90.4,0,4,1,1,0","yuawies,arm_low,-2,-238,-57,0,6,1,1,0","white_human,open,-65,-227,-85,0,6,0.7,0.8,0","yuawies,arm_up,150,-99,3,1,18,1,1,0","yuawies,arm_low,182,-43,34,1,19,1,1,0","white_human,open,245,-18,84,1,19,0.7,0.8,0","yuawies,leg_up,-78,-152,-103,0,8,1.2,1.1,0","yuawies,leg_low,-180,-193,-123,0,10,1,1,0","yuawies,foot,-246,-222,-140,0,10,1,1,0","yuawies,leg_up,-60,-76,-63,0,9,1,1,0","yuawies,leg_low,-148,-68,-106,0,13,1,1,0","yuawies,foot,-219,-80,-133,0,13,1,1,0",,,"yuawies,boobs,94,-144,-69,0,5,1,0.9,0","yuawies,skirt,-97,-168,-118,0,18,1,1,0",,,,,,,,,,,,,,,,,,,,,,,,,,,,,,,,,,,,,,,,,,,,,,,,,,,,,,,,,,,,,,,,,,,,,,,,,,,,,,,,,,,,,,,,,,,,,,,,,,,,
Knockdown/6,"yuawies,close,220,-90,-98,0,4,1,1,0","yuawies,neck,174,-107,-86,0,5,1,1,0","yuawies,body,52,-84,-86,0,6,1,1,0","yuawies,arm_up,91,-169,-100.4,0,4,1,1,0","yuawies,arm_low,15,-174,-47,0,6,1,1,0","white_human,open,-45,-152,-75,0,6,0.7,0.8,0","yuawies,arm_up,154,-40,33,1,18,1,1,0","yuawies,arm_low,222,-17,84,1,19,1,1,0","white_human,open,272,-37,114,1,19,0.7,0.8,0","yuawies,leg_up,-73,-114,-113,0,8,1.2,1.1,0","yuawies,leg_low,-166,-172,-133,0,10,1,1,0","yuawies,foot,-226,-212,-150,0,10,1,1,0","yuawies,leg_up,-68,-42,-77,0,9,1,1,0","yuawies,leg_low,-158,-54,-118,0,13,1,1,0","yuawies,foot,-224,-80,-143,0,13,1,1,0",,,"yuawies,boobs,95,-68,-79,0,5,1,0.9,0","yuawies,skirt,-89,-143,-139,0,18,1,1,0",,,,,,,,,,,,,,,,,,,,,,,,,,,,,,,,,,,,,,,,,,,,,,,,,,,,,,,,,,,,,,,,,,,,,,,,,,,,,,,,,,,,,,,,,,,,,,,,,,,,
Knockdown/7,"yuawies,close,217,-52,-105,0,4,1,1,0","yuawies,neck,170,-62,-90,0,5,1,1,0","yuawies,body,48,-59,-94,0,6,1,1,0","yuawies,arm_up,95,-134,-104.4,0,4,1,1,0","yuawies,arm_low,20,-157,-72,0,6,1,1,0","white_human,open,-49,-164,-100,0,6,0.7,0.8,0","yuawies,arm_up,164,-9,47,1,18,1,1,0","yuawies,arm_low,224,-6,78,1,19,1,1,0","white_human,open,276,-22,121,1,19,0.7,0.8,0","yuawies,leg_up,-73,-106,-117,0,8,1.2,1.1,0","yuawies,leg_low,-162,-169,-137,0,10,1,1,0","yuawies,foot,-217,-215,-158,0,10,1,1,0","yuawies,leg_up,-72,-31,-81,0,9,1,1,0","yuawies,leg_low,-162,-52,-124,0,13,1,1,0","yuawies,foot,-226,-83,-148,0,13,1,1,0",,,"yuawies,boobs,91,-34,-75,0,5,1.1,0.9,0","yuawies,skirt,-85,-134,-146,0,18,1,1,0",,,,,,,,,,,,,,,,,,,,,,,,,,,,,,,,,,,,,,,,,,,,,,,,,,,,,,,,,,,,,,,,,,,,,,,,,,,,,,,,,,,,,,,,,,,,,,,,,,,,
Run/0,"yuawies,happy,10,-493,1,0,4,1,1,0","yuawies,neck,8,-435,1,0,5,1,1,0","yuawies,body,0,-314,-4,0,6,1,1,0","yuawies,arm_up,-79,-377,-40.4,0,4,1,1,0","yuawies,arm_low,-145,-336,-48,0,6,1,1,0","white_human,open,-211,-318,-81,0,7,0.7,0.8,0","yuawies,arm_up,76,-376,39,1,18,1,1,0","yuawies,arm_low,139,-340,58,1,19,1,1,0","white_human,open,206,-333,88,1,21,0.7,0.8,0","yuawies,leg_up,-33,-193,3,0,8,1.2,1.1,0","yuawies,leg_low,-48,-94,-22,0,10,1,1,0","yuawies,foot,-54,-32,-20,0,10,1,1,0","yuawies,leg_up,30,-181,8,0,9,1,1,0","yuawies,leg_low,35,-84,-1,0,13,1,1,0","yuawies,foot,51,-21,-9,0,13,1,1,0",,,"yuawies,boobs,13,-349,-2,0,5,1,0.9,0","yuawies,skirt,-31,-157,-17,0,18,1,1,0",,,,,,,,,,,,,,,,,,,,,,,,,,,,,,,,,,,,,,,,,,,,,,,,,,,,,,,,,,,,,,,,,,,,,,,,,,,,,,,,,,,,,,,,,,,,,,,,,,,play_time_mod_0.6,
Run/1,"yuawies,happy,10,-503,4,0,4,1,1,0","yuawies,neck,8,-445,1,0,5,1,1,0","yuawies,body,0,-324,-4,0,6,1,1,0","yuawies,arm_up,-79,-390,-45.4,0,4,1,1,0","yuawies,arm_low,-145,-354,-53,0,6,1,1,0","white_human,open,-211,-340,-85,0,7,0.7,0.8,0","yuawies,arm_up,76,-387,43,1,18,1,1,0","yuawies,arm_low,139,-355,61,1,19,1,1,0","white_human,open,206,-350,93,1,21,0.7,0.8,0","yuawies,leg_up,-32,-206,10,0,8,1.2,1.1,0","yuawies,leg_low,-42,-106,-26,0,10,1,1,0","yuawies,foot,-54,-47,-22,0,10,1,1,0","yuawies,leg_up,28,-191,5,0,9,1,1,0","yuawies,leg_low,29,-94,-1,0,13,1,1,0","yuawies,foot,40,-30,-23,0,13,1,1,0",,,"yuawies,boobs,13,-365,8,0,5,1,0.9,0","yuawies,skirt,-17,-176,-7,0,18,1,1,0",,,,,,,,,,,,,,,,,,,,,,,,,,,,,,,,,,,,,,,,,,,,,,,,,,,,,,,,,,,,,,,,,,,,,,,,,,,,,,,,,,,,,,,,,,,,,,,,,,,play_time_mod_0.6,
Run/2,"yuawies,happy,10,-532,5,0,4,1,1,0","yuawies,neck,8,-474,1,0,5,1,1,0","yuawies,body,0,-353,-4,0,6,1,1,0","yuawies,arm_up,-79,-422,-48.4,0,4,1,1,0","yuawies,arm_low,-145,-393,-61,0,6,1,1,0","white_human,open,-211,-391,-97,0,7,0.7,0.8,0","yuawies,arm_up,76,-418,47,1,18,1,1,0","yuawies,arm_low,139,-392,65,1,19,1,1,0","white_human,open,208,-396,101,1,21,0.7,0.8,0","yuawies,leg_up,-25,-237,16,0,8,1.2,1.1,0","yuawies,leg_low,-36,-144,-37,0,10,1,1,0","yuawies,foot,-56,-86,-42,0,10,1,1,0","yuawies,leg_up,25,-220,4,0,9,1,1,0","yuawies,leg_low,17,-123,-9,0,13,1,1,0","yuawies,foot,24,-57,-26,0,13,1,1,0",,,"yuawies,boobs,13,-397,8,0,5,1,0.9,0","yuawies,skirt,-10,-214,2,0,18,0.9,0.9,0",,,,,,,,,,,,,,,,,,,,,,,,,,,,,,,,,,,,,,,,,,,,,,,,,,,,,,,,,,,,,,,,,,,,,,,,,,,,,,,,,,,,,,,,,,,,,,,,,,,play_time_mod_0.6,
Run/3,"yuawies,happy,8,-551,8,0,4,1,1,0","yuawies,neck,8,-494,1,0,5,1,1,0","yuawies,body,0,-373,-4,0,6,1,1,0","yuawies,arm_up,-79,-444,-49.4,0,4,1,1,0","yuawies,arm_low,-145,-423,-71,0,6,1,1,0","white_human,open,-213,-435,-107,0,7,0.7,0.8,0","yuawies,arm_up,76,-441,50,1,18,1,1,0","yuawies,arm_low,139,-422,75,1,19,1,1,0","white_human,open,208,-436,108,1,21,0.7,0.8,0","yuawies,leg_up,-25,-257,16,0,8,1.2,1.1,0","yuawies,leg_low,-36,-164,-37,0,10,1,1,0","yuawies,foot,-56,-106,-42,0,10,1,1,0","yuawies,leg_up,25,-240,4,0,9,1,1,0","yuawies,leg_low,15,-143,-12,0,13,1,1,0","yuawies,foot,19,-77,-29,0,13,1,1,0",,,"yuawies,boobs,13,-417,6,0,5,1,0.9,0","yuawies,skirt,0,-234,10,0,18,0.9,0.8,0",,,,,,,,,,,,,,,,,,,,,,,,,,,,,,,,,,,,,,,,,,,,,,,,,,,,,,,,,,,,,,,,,,,,,,,,,,,,,,,,,,,,,,,,,,,,,,,,,,,play_time_mod_0.6,
Run/4,"yuawies,happy,8,-538,5,0,4,1,1,0","yuawies,neck,8,-481,1,0,5,1,1,0","yuawies,body,0,-360,-4,0,6,1,1,0","yuawies,arm_up,-79,-431,-49.4,0,4,1,1,0","yuawies,arm_low,-145,-403,-63,0,6,1,1,0","white_human,open,-213,-405,-99,0,7,0.7,0.8,0","yuawies,arm_up,76,-428,50,1,18,1,1,0","yuawies,arm_low,139,-405,67,1,19,1,1,0","white_human,open,208,-410,101,1,21,0.7,0.8,0","yuawies,leg_up,-21,-244,20,0,7,1.2,1.1,0","yuawies,leg_low,-28,-157,-37,0,8,1,1,0","yuawies,foot,-48,-99,-42,0,8,1,1,0","yuawies,leg_up,25,-227,4,0,9,1,1,0","yuawies,leg_low,18,-130,-9,0,13,1,1,0","yuawies,foot,22,-64,-25,0,13,1,1,0",,,"yuawies,boobs,13,-404,6,0,5,1,0.9,0","yuawies,skirt,-18,-216,-8,0,18,1,0.9,0",,,,,,,,,,,,,,,,,,,,,,,,,,,,,,,,,,,,,,,,,,,,,,,,,,,,,,,,,,,,,,,,,,,,,,,,,,,,,,,,,,,,,,,,,,,,,,,,,,,play_time_mod_0.6,
Run/5,"yuawies,happy,9,-507,3,0,4,1,1,0","yuawies,neck,8,-451,1,0,5,1,1,0","yuawies,body,0,-330,-4,0,6,1,1,0","yuawies,arm_up,-79,-399,-43.4,0,4,1,1,0","yuawies,arm_low,-145,-363,-53,0,6,1,1,0","white_human,open,-213,-353,-89,0,7,0.7,0.8,0","yuawies,arm_up,76,-398,50,1,18,1,1,0","yuawies,arm_low,139,-371,57,1,19,1,1,0","white_human,open,208,-364,90,1,21,0.7,0.8,0","yuawies,leg_up,-19,-215,22,0,7,1.2,1.1,0","yuawies,leg_low,-24,-128,-35,0,8,1,1,0","yuawies,foot,-42,-70,-40,0,8,1,1,0","yuawies,leg_up,25,-197,4,0,9,1,1,0","yuawies,leg_low,19,-93,-6,0,13,1,1,0","yuawies,foot,25,-29,-16,0,13,1,1,0",,,"yuawies,boobs,13,-374,6,0,5,1,0.9,0","yuawies,skirt,-33,-196,-21,0,18,1.1,0.9,0",,,,,,,,,,,,,,,,,,,,,,,,,,,,,,,,,,,,,,,,,,,,,,,,,,,,,,,,,,,,,,,,,,,,,,,,,,,,,,,,,,,,,,,,,,,,,,,,,,,play_time_mod_0.6,
Run/6,"yuawies,happy,12,-493,-3,0,4,1,1,0","yuawies,neck,8,-441,1,0,5,1,1,0","yuawies,body,0,-317,-5,0,6,1,1,0","yuawies,arm_up,-77,-382,-36.4,0,4,1,1,0","yuawies,arm_low,-138,-333,-33,0,6,1,1,0","white_human,open,-200,-299,-69,0,7,0.7,0.8,0","yuawies,arm_up,76,-383,45,1,18,1,1,0","yuawies,arm_low,139,-351,52,1,19,1,1,0","white_human,open,208,-335,83,1,21,0.7,0.8,0","yuawies,leg_up,-27,-200,10,0,8,1.2,1.1,0","yuawies,leg_low,-34,-96,-21,0,10,1,1,0","yuawies,foot,-44,-26,-22,0,10,1,1,0","yuawies,leg_up,25,-187,4,0,9,1,1,0","yuawies,leg_low,21,-83,-3,0,13,1,1,0","yuawies,foot,34,-19,1,0,13,1,1,0",,,"yuawies,boobs,13,-353,-1,0,5,1.1,0.9,0","yuawies,skirt,-34,-190,-21,0,18,1.2,0.8,0",,,,,,,,,,,,,,,,,,,,,,,,,,,,,,,,,,,,,,,,,,,,,,,,,,,,,,,,,,,,,,,,,,,,,,,,,,,,,,,,,,,,,,,,,,,,,,,,,,,play_time_mod_0.6,
Run/7,"yuawies,happy,23,-483,-6,0,4,1,1,0","yuawies,neck,14,-430,1,0,5,1,1,0","yuawies,body,4,-312,-7,0,6,1,1,0","yuawies,arm_up,-72,-375,-36.4,0,4,1,1,0","yuawies,arm_low,-125,-322,-23,0,6,1,1,0","white_human,open,-178,-277,-59,0,7,0.7,0.8,0","yuawies,arm_up,76,-372,41,1,18,1,1,0","yuawies,arm_low,139,-333,49,1,19,1,1,0","white_human,open,208,-313,79,1,21,0.7,0.8,0","yuawies,leg_up,-29,-197,6,0,8,1.2,1.1,0","yuawies,leg_low,-34,-92,-9,0,10,1,1,0","yuawies,foot,-27,-19,-11,0,10,1,1,0","yuawies,leg_up,25,-187,2,0,9,1,1,0","yuawies,leg_low,21,-83,0,0,13,1,1,0","yuawies,foot,35,-19,-6,0,13,1,1,0",,,"yuawies,boobs,17,-347,-7,0,5,1,1,0","yuawies,skirt,-36,-177,-23,0,18,1.1,0.9,0",,,,,,,,,,,,,,,,,,,,,,,,,,,,,,,,,,,,,,,,,,,,,,,,,,,,,,,,,,,,,,,,,,,,,,,,,,,,,,,,,,,,,,,,,,,,,,,,,,,play_time_mod_0.6,
Run/8,"yuawies,happy,20,-490,1,0,4,1,1,0","yuawies,neck,14,-437,1,0,5,1,1,0","yuawies,body,1,-319,-5,0,6,1,1,0","yuawies,arm_up,-72,-384,-40.4,0,4,1,1,0","yuawies,arm_low,-136,-342,-47,0,6,1,1,0","white_human,open,-195,-315,-59,0,7,0.7,0.8,0","yuawies,arm_up,74,-379,45,1,18,1,1,0","yuawies,arm_low,139,-345,54,1,19,1,1,0","white_human,open,208,-330,86,1,21,0.7,0.8,0","yuawies,leg_up,-29,-204,3,0,8,1.2,1.1,0","yuawies,leg_low,-34,-99,-9,0,10,1,1,0","yuawies,foot,-28,-26,-17,0,10,1,1,0","yuawies,leg_up,30,-198,13,0,9,1,1,0","yuawies,leg_low,31,-102,-10,0,13,1,1,0","yuawies,foot,35,-45,-26,0,13,1,1,0",,,"yuawies,boobs,17,-349,-4,0,5,1,0.9,0","yuawies,skirt,-22,-172,-8,0,18,1,0.9,0",,,,,,,,,,,,,,,,,,,,,,,,,,,,,,,,,,,,,,,,,,,,,,,,,,,,,,,,,,,,,,,,,,,,,,,,,,,,,,,,,,,,,,,,,,,,,,,,,,,play_time_mod_0.6,
Run/9,"yuawies,happy,12,-507,3,0,4,1,1,0","yuawies,neck,8,-455,1,0,5,1,1,0","yuawies,body,-1,-337,-2,0,6,1,1,0","yuawies,arm_up,-76,-405,-43.4,0,4,1,1,0","yuawies,arm_low,-140,-366,-50,0,6,1,1,0","white_human,open,-205,-344,-73,0,7,0.7,0.8,0","yuawies,arm_up,74,-401,50,1,18,1,1,0","yuawies,arm_low,139,-372,58,1,19,1,1,0","white_human,open,208,-366,94,1,21,0.7,0.8,0","yuawies,leg_up,-29,-225,1,0,8,1.2,1.1,0","yuawies,leg_low,-38,-121,-9,0,10,1,1,0","yuawies,foot,-39,-48,-31,0,10,1,1,0","yuawies,leg_up,33,-223,20,0,9,1,1,0","yuawies,leg_low,37,-134,-14,0,13,1,1,0","yuawies,foot,33,-71,-29,0,13,1,1,0",,,"yuawies,boobs,17,-373,2,0,5,1,0.9,0","yuawies,skirt,-10,-188,0,0,18,0.9,0.9,0",,,,,,,,,,,,,,,,,,,,,,,,,,,,,,,,,,,,,,,,,,,,,,,,,,,,,,,,,,,,,,,,,,,,,,,,,,,,,,,,,,,,,,,,,,,,,,,,,,,play_time_mod_0.6,
Run/10,"yuawies,happy,8,-526,4,0,4,1,1,0","yuawies,neck,5,-474,2,0,5,1,1,0","yuawies,body,-2,-356,-1,0,6,1,1,0","yuawies,arm_up,-78,-425,-44.4,0,4,1,1,0","yuawies,arm_low,-142,-391,-55,0,6,1,1,0","white_human,open,-210,-383,-96,0,7,0.7,0.8,0","yuawies,arm_up,72,-421,51,1,18,1,1,0","yuawies,arm_low,137,-400,70,1,19,1,1,0","white_human,open,206,-414,116,1,21,0.7,0.8,0","yuawies,leg_up,-28,-243,2,0,8,1.2,1.1,0","yuawies,leg_low,-35,-139,-8,0,10,1,1,0","yuawies,foot,-35,-66,-30,0,10,1,1,0","yuawies,leg_up,35,-247,30,0,9,1,1,0","yuawies,leg_low,43,-165,-19,0,13,1,1,0","yuawies,foot,37,-104,-32,0,13,1,1,0",,,"yuawies,boobs,15,-392,3,0,5,1,0.9,0","yuawies,skirt,-8,-207,1,0,18,0.9,0.9,0",,,,,,,,,,,,,,,,,,,,,,,,,,,,,,,,,,,,,,,,,,,,,,,,,,,,,,,,,,,,,,,,,,,,,,,,,,,,,,,,,,,,,,,,,,,,,,,,,,,play_time_mod_0.6,
Run/11,"yuawies,happy,4,-537,7,0,4,1,1,0","yuawies,neck,2,-485,3,0,5,1,1,0","yuawies,body,-3,-367,0,0,6,1,1,0","yuawies,arm_up,-86,-437,-48.4,0,4,1,1,0","yuawies,arm_low,-149,-409,-59,0,6,1,1,0","white_human,open,-216,-408,-98,0,7,0.7,0.8,0","yuawies,arm_up,70,-436,55,1,18,1,1,0","yuawies,arm_low,135,-420,78,1,19,1,1,0","white_human,open,203,-439,116,1,21,0.7,0.8,0","yuawies,leg_up,-27,-254,3,0,8,1.2,1.1,0","yuawies,leg_low,-32,-149,-7,0,10,1,1,0","yuawies,foot,-31,-76,-29,0,10,1,1,0","yuawies,leg_up,36,-262,34,0,9,1,1,0","yuawies,leg_low,50,-179,-14,0,13,1,1,0","yuawies,foot,44,-116,-33,0,13,1,1,0",,,"yuawies,boobs,13,-403,4,0,5,1,0.9,0","yuawies,skirt,-5,-218,5,0,18,0.9,0.9,0",,,,,,,,,,,,,,,,,,,,,,,,,,,,,,,,,,,,,,,,,,,,,,,,,,,,,,,,,,,,,,,,,,,,,,,,,,,,,,,,,,,,,,,,,,,,,,,,,,,play_time_mod_0.6,
Run/12,"yuawies,happy,5,-526,3,0,4,1,1,0","yuawies,neck,2,-474,3,0,5,1,1,0","yuawies,body,0,-356,-1,0,6,1,1,0","yuawies,arm_up,-86,-421,-43.4,0,4,1,1,0","yuawies,arm_low,-145,-388,-55,0,6,1,1,0","white_human,open,-212,-380,-91,0,7,0.7,0.8,0","yuawies,arm_up,70,-422,52,1,18,1,1,0","yuawies,arm_low,135,-404,72,1,19,1,1,0","white_human,open,201,-423,117,1,21,0.7,0.8,0","yuawies,leg_up,-27,-243,0,0,8,1.2,1.1,0","yuawies,leg_low,-34,-136,-5,0,10,1,1,0","yuawies,foot,-31,-62,-29,0,10,1,1,0","yuawies,leg_up,40,-244,40,0,9,1,1,0","yuawies,leg_low,56,-161,-16,0,13,1,1,0","yuawies,foot,52,-95,-36,0,13,1,1,0",,,"yuawies,boobs,13,-392,4,0,5,1,0.9,0","yuawies,skirt,-27,-208,-14,0,18,0.9,0.9,0",,,,,,,,,,,,,,,,,,,,,,,,,,,,,,,,,,,,,,,,,,,,,,,,,,,,,,,,,,,,,,,,,,,,,,,,,,,,,,,,,,,,,,,,,,,,,,,,,,,play_time_mod_0.6,
Run/13,"yuawies,happy,8,-509,-1,0,4,1,1,0","yuawies,neck,2,-459,3,0,5,1,1,0","yuawies,body,0,-341,-1,0,6,1,1,0","yuawies,arm_up,-86,-402,-39.4,0,4,1,1,0","yuawies,arm_low,-145,-366,-50,0,6,1,1,0","white_human,open,-212,-355,-91,0,7,0.7,0.8,0","yuawies,arm_up,70,-403,45,1,18,1,1,0","yuawies,arm_low,134,-371,56,1,19,1,1,0","white_human,open,202,-369,101,1,21,0.7,0.8,0","yuawies,leg_up,-27,-228,0,0,8,1.2,1.1,0","yuawies,leg_low,-29,-121,-1,0,10,1,1,0","yuawies,foot,-21,-47,-23,0,10,1,1,0","yuawies,leg_up,43,-221,36,0,9,1,1,0","yuawies,leg_low,56,-143,-18,0,13,1,1,0","yuawies,foot,47,-74,-30,0,13,1,1,0",,,"yuawies,boobs,13,-377,4,0,5,1,0.9,0","yuawies,skirt,-36,-206,-21,0,18,1,0.9,0",,,,,,,,,,,,,,,,,,,,,,,,,,,,,,,,,,,,,,,,,,,,,,,,,,,,,,,,,,,,,,,,,,,,,,,,,,,,,,,,,,,,,,,,,,,,,,,,,,,play_time_mod_0.6,
Run/14,"yuawies,happy,13,-488,-3,0,4,1,1,0","yuawies,neck,5,-439,3,0,5,1,1,0","yuawies,body,4,-321,-4,0,6,1,1,0","yuawies,arm_up,-75,-382,-34.4,0,4,1,1,0","yuawies,arm_low,-133,-337,-45,0,6,1,1,0","white_human,open,-201,-319,-86,0,7,0.7,0.8,0","yuawies,arm_up,73,-377,41,1,18,1,1,0","yuawies,arm_low,137,-342,52,1,19,1,1,0","white_human,open,205,-335,97,1,21,0.7,0.8,0","yuawies,leg_up,-27,-204,0,0,8,1.2,1.1,0","yuawies,leg_low,-31,-93,-3,0,10,1,1,0","yuawies,foot,-19,-27,-14,0,10,1,1,0","yuawies,leg_up,42,-201,33,0,9,1,1,0","yuawies,leg_low,52,-117,-19,0,13,1,1,0","yuawies,foot,40,-50,-26,0,13,1,1,0",,,"yuawies,boobs,17,-360,-4,0,5,1,0.9,0","yuawies,skirt,-46,-186,-31,0,18,1,0.9,0",,,,,,,,,,,,,,,,,,,,,,,,,,,,,,,,,,,,,,,,,,,,,,,,,,,,,,,,,,,,,,,,,,,,,,,,,,,,,,,,,,,,,,,,,,,,,,,,,,,play_time_mod_0.6,
Run/15,"yuawies,happy,38,-471,-9,0,4,1,1,0","yuawies,neck,25,-423,-1,0,5,1,1,0","yuawies,body,9,-302,-7,0,6,1,1,0","yuawies,arm_up,-62,-367,-36.4,0,4,1,1,0","yuawies,arm_low,-122,-324,-47,0,6,1,1,0","white_human,open,-192,-308,-88,0,7,0.7,0.8,0","yuawies,arm_up,80,-359,38,1,18,1,1,0","yuawies,arm_low,144,-319,53,1,19,1,1,0","white_human,open,212,-309,89,1,21,0.7,0.8,0","yuawies,leg_up,-27,-186,0,0,8,1.2,1.1,0","yuawies,leg_low,-32,-77,-4,0,10,1,1,0","yuawies,foot,-18,-12,-3,0,10,1,1,0","yuawies,leg_up,42,-181,28,0,9,1,1,0","yuawies,leg_low,50,-91,-16,0,13,1,1,0","yuawies,foot,42,-26,-24,0,13,1,1,0",,,"yuawies,boobs,26,-340,-4,0,5,1.1,1,0","yuawies,skirt,-45,-173,-29,0,18,1,0.9,0",,,,,,,,,,,,,,,,,,,,,,,,,,,,,,,,,,,,,,,,,,,,,,,,,,,,,,,,,,,,,,,,,,,,,,,,,,,,,,,,,,,,,,,,,,,,,,,,,,,play_time_mod_0.6,
Run/16,"yuawies,happy,38,-467,-11,0,4,1,1,0","yuawies,neck,25,-421,-1,0,5,1,1,0","yuawies,body,7,-300,-5,0,6,1,1,0","yuawies,arm_up,-62,-363,-35.4,0,4,1,1,0","yuawies,arm_low,-122,-317,-45,0,6,1,1,0","white_human,open,-192,-297,-83,0,7,0.7,0.8,0","yuawies,arm_up,79,-353,35,1,18,1,1,0","yuawies,arm_low,144,-310,51,1,19,1,1,0","white_human,open,212,-296,89,1,21,0.7,0.8,0","yuawies,leg_up,-27,-184,0,0,8,1.2,1.1,0","yuawies,leg_low,-32,-75,-4,0,10,1,1,0","yuawies,foot,-18,-10,-3,0,10,1,1,0","yuawies,leg_up,42,-178,27,0,9,1,1,0","yuawies,leg_low,50,-87,-14,0,13,1,1,0","yuawies,foot,44,-21,-22,0,13,1,1,0",,,"yuawies,boobs,26,-328,-8,0,5,1,1,0","yuawies,skirt,-32,-161,-24,0,18,0.9,0.9,0",,,,,,,,,,,,,,,,,,,,,,,,,,,,,,,,,,,,,,,,,,,,,,,,,,,,,,,,,,,,,,,,,,,,,,,,,,,,,,,,,,,,,,,,,,,,,,,,,,,play_time_mod_0.6,
Run/17,"yuawies,happy,15,-470,-3,0,4,1,1,0","yuawies,neck,9,-417,-1,0,5,1,1,0","yuawies,body,2,-301,-4,0,6,1,1,0","yuawies,arm_up,-73,-363,-33.4,0,4,1,1,0","yuawies,arm_low,-128,-320,-47,0,6,1,1,0","white_human,open,-192,-303,-84,0,7,0.7,0.8,0","yuawies,arm_up,78,-357,37,1,18,1,1,0","yuawies,arm_low,144,-315,53,1,19,1,1,0","white_human,open,212,-305,91,1,21,0.7,0.8,0","yuawies,leg_up,-27,-184,0,0,8,1.2,1.1,0","yuawies,leg_low,-32,-75,-4,0,10,1,1,0","yuawies,foot,-18,-10,-3,0,10,1,1,0","yuawies,leg_up,39,-172,24,0,9,1,1,0","yuawies,leg_low,54,-75,-7,0,13,1,1,0","yuawies,foot,62,-13,3,0,13,1,1,0",,,"yuawies,boobs,20,-332,-2,0,5,1,1,0","yuawies,skirt,-21,-150,-13,0,18,1,1,0",,,,,,,,,,,,,,,,,,,,,,,,,,,,,,,,,,,,,,,,,,,,,,,,,,,,,,,,,,,,,,,,,,,,,,,,,,,,,,,,,,,,,,,,,,,,,,,,,,,play_time_mod_0.6,
Standup/0,"yuawies,close,224,-95,-87,0,4,1,1,0","yuawies,neck,176,-93,-83,0,5,1,1,0","yuawies,body,55,-69,-87,0,6,1,1,0","yuawies,arm_up,97,-145,-99.4,0,4,1,1,0","yuawies,arm_low,23,-159,-65,0,6,1,1,0","white_human,open,-46,-159,-93,0,6,0.7,0.8,0","yuawies,arm_up,177,-36,54,1,18,1,1,0","yuawies,arm_low,235,-27,85,1,19,1,1,0","white_human,open,283,-45,128,1,19,0.7,0.8,0","yuawies,leg_up,-73,-102,-110,0,8,1.2,1.1,0","yuawies,leg_low,-169,-158,-130,0,10,1,1,0","yuawies,foot,-229,-197,-151,0,10,1,1,0","yuawies,leg_up,-63,-27,-74,0,9,1,1,0","yuawies,leg_low,-158,-33,-110,0,13,1,1,0","yuawies,foot,-222,-53,-139,0,13,1,1,0",,,"yuawies,boobs,95,-56,-62,0,5,1.1,1,0","yuawies,skirt,-85,-130,-139,0,18,1,1,0",,,,,,,,,,,,,,,,,,,,,,,,,,,,,,,,,,,,,,,,,,,,,,,,,,,,,,,,,,,,,,,,,,,,,,,,,,,,,,,,,,,,,,,,,,"crash_player,base,108,14,-169,0,0,1,1,0",,,,,,,,,,"boing,1000,0"
Standup/1,"yuawies,close,213,-210,-56,0,4,1,1,0","yuawies,neck,171,-188,-63,0,5,1,1,0","yuawies,body,64,-132,-67,0,6,1,1,0","yuawies,arm_up,74,-213,-73.4,0,4,1,1,0","yuawies,arm_low,-3,-190,-35,0,6,1,1,0","white_human,open,-59,-149,-51,0,6,0.7,0.8,0","yuawies,arm_up,190,-132,44,1,18,1,1,0","yuawies,arm_low,258,-108,75,1,19,1,1,0","white_human,open,322,-114,98,1,19,0.7,0.8,0","yuawies,leg_up,-68,-118,-90,0,8,1.2,1.1,0","yuawies,leg_low,-175,-135,-109,0,10,1,1,0","yuawies,foot,-247,-147,-129,0,10,1,1,0","yuawies,leg_up,-33,-52,-54,0,9,1,1,0","yuawies,leg_low,-122,-27,-93,0,13,1,1,0","yuawies,foot,-192,-23,-118,0,13,1,1,0",,,"yuawies,boobs,109,-131,-40,0,5,1.2,0.9,0","yuawies,skirt,-86,-117,-98,0,18,1,1,0",,,,,,,,,,,,,,,,,,,,,,,,,,,,,,,,,,,,,,,,,,,,,,,,,,,,,,,,,,,,,,,,,,,,,,,,,,,,,,,,,,,,,,,,,,,,,,,,,,,,
Standup/2,"yuawies,close,174,-363,-36,0,4,1,1,0","yuawies,neck,142,-328,-43,0,5,1,1,0","yuawies,body,58,-242,-47,0,6,1,1,0","yuawies,arm_up,39,-322,-53.4,0,4,1,1,0","yuawies,arm_low,-26,-274,-15,0,6,1,1,0","white_human,open,-64,-217,-31,0,6,0.7,0.8,0","yuawies,arm_up,176,-282,54,1,18,1,1,0","yuawies,arm_low,248,-264,75,1,19,1,1,0","white_human,open,316,-271,98,1,19,0.7,0.8,0","yuawies,leg_up,-62,-185,-70,0,8,1.2,1.1,0","yuawies,leg_low,-168,-164,-89,0,10,1,1,0","yuawies,foot,-239,-150,-109,0,10,1,1,0","yuawies,leg_up,-5,-134,-32,0,9,1,1,0","yuawies,leg_low,-77,-76,-68,0,13,1,1,0","yuawies,foot,-136,-36,-77,0,13,1,1,0",,,"yuawies,boobs,99,-257,-33,0,5,1.1,1,0","yuawies,skirt,-69,-157,-58,0,18,1,1,0",,,,,,,,,,,,,,,,,,,,,,,,,,,,,,,,,,,,,,,,,,,,,,,,,,,,,,,,,,,,,,,,,,,,,,,,,,,,,,,,,,,,,,,,,,,,,,,,,,,,
Standup/3,"yuawies,head,107,-465,-10,0,4,1,1,0","yuawies,neck,90,-421,-23,0,5,1,1,0","yuawies,body,43,-308,-27,0,6,1,1,0","yuawies,arm_up,-1,-376,-33.4,0,4,1,1,0","yuawies,arm_low,-47,-309,5,0,6,1,1,0","white_human,open,-63,-242,-11,0,6,0.7,0.8,0","yuawies,arm_up,140,-356,54,1,18,1,1,0","yuawies,arm_low,212,-338,75,1,19,1,1,0","white_human,open,278,-348,105,1,19,0.7,0.8,0","yuawies,leg_up,-50,-213,-50,0,8,1.2,1.1,0","yuawies,leg_low,-143,-157,-69,0,10,1,1,0","yuawies,foot,-204,-120,-89,0,10,1,1,0","yuawies,leg_up,30,-185,8,0,9,1,1,0","yuawies,leg_low,13,-105,-28,0,13,1,1,0","yuawies,foot,-3,-37,-27,0,13,1,1,0",,,"yuawies,boobs,77,-336,-13,0,5,1.1,1,0","yuawies,skirt,-17,-154,-8,0,18,1,1,0",,,,,,,,,,,,,,,,,,,,,,,,,,,,,,,,,,,,,,,,,,,,,,,,,,,,,,,,,,,,,,,,,,,,,,,,,,,,,,,,,,,,,,,,,,,,,,,,,,,,
Standup/4,"yuawies,head,70,-475,2,0,4,1,1,0","yuawies,neck,69,-423,-9,0,5,1,1,0","yuawies,body,33,-308,-17,0,6,1,1,0","yuawies,arm_up,-21,-371,-25.4,0,4,1,1,0","yuawies,arm_low,-53,-301,14,0,6,1,1,0","white_human,open,-57,-234,-1,0,6,0.7,0.8,0","yuawies,arm_up,118,-359,34,1,18,1,1,0","yuawies,arm_low,171,-343,99,1,19,1,1,0","white_human,open,232,-374,115,1,19,0.7,0.8,0","yuawies,leg_up,-32,-198,-20,0,8,1.2,1.1,0","yuawies,leg_low,-81,-107,-39,0,10,1,1,0","yuawies,foot,-105,-42,-29,0,10,1,1,0","yuawies,leg_up,43,-185,22,0,9,1,1,0","yuawies,leg_low,72,-88,12,0,13,1,1,0","yuawies,foot,101,-28,13,0,13,1,1,0",,,"yuawies,boobs,62,-336,5,0,5,1.1,1.1,0","yuawies,skirt,13,-146,12,0,18,1,1,0",,,,,,,,,,,,,,,,,,,,,,,,,,,,,,,,,,,,,,,,,,,,,,,,,,,,,,,,,,,,,,,,,,,,,,,,,,,,,,,,,,,,,,,,,,,,,,,,,,play_time_mod_0.5,,
Standup/5,"yuawies,head,38,-464,-2,0,4,1,1,0","yuawies,neck,26,-415,7,0,5,1,1,0","yuawies,body,20,-293,-6,0,6,1,1,0","yuawies,arm_up,-45,-344,-15.4,0,4,1,1,0","yuawies,arm_low,-65,-270,24,0,6,1,1,0","white_human,open,-57,-203,9,0,6,0.7,0.8,0","yuawies,arm_up,98,-344,24,1,18,1,1,0","yuawies,arm_low,155,-302,66,1,19,1,1,0","white_human,open,222,-295,82,1,19,0.7,0.8,0","yuawies,leg_up,-23,-182,-15,0,8,1.2,1.1,0","yuawies,leg_low,-61,-82,-29,0,10,1,1,0","yuawies,foot,-75,-16,-27,0,10,1,1,0","yuawies,leg_up,53,-168,21,0,9,1,1,0","yuawies,leg_low,70,-80,2,0,13,1,1,0","yuawies,foot,92,-18,6,0,13,1,1,0",,,"yuawies,boobs,36,-326,3,0,5,1,1,0","yuawies,skirt,13,-131,12,0,18,1,1,0",,,,,,,,,,,,,,,,,,,,,,,,,,,,,,,,,,,,,,,,,,,,,,,,,,,,,,,,,,,,,,,,,,,,,,,,,,,,,,,,,,,,,,,,,,,,,,,,,,play_time_mod_0.25,,
Standup/6,"yuawies,head,39,-457,-6,0,4,1,1,0","yuawies,neck,27,-411,7,0,5,1,1,0","yuawies,body,20,-286,-6,0,6,1,1,0","yuawies,arm_up,-47,-345,-18.4,0,4,1,1,0","yuawies,arm_low,-69,-276,24,0,6,1,1,0","white_human,open,-65,-210,1,0,6,0.7,0.8,0","yuawies,arm_up,94,-336,24,1,18,1,1,0","yuawies,arm_low,149,-291,55,1,19,1,1,0","white_human,open,216,-277,82,1,19,0.7,0.8,0","yuawies,leg_up,-23,-176,-12,0,8,1.2,1.1,0","yuawies,leg_low,-63,-80,-35,0,10,1,1,0","yuawies,foot,-82,-16,-27,0,10,1,1,0","yuawies,leg_up,53,-163,29,0,9,1,1,0","yuawies,leg_low,74,-74,-5,0,13,1,1,0","yuawies,foot,90,-15,0,0,13,1,1,0",,,"yuawies,boobs,36,-323,11,0,5,1,1,0","yuawies,skirt,1,-143,3,0,18,1.1,0.9,0",,,,,,,,,,,,,,,,,,,,,,,,,,,,,,,,,,,,,,,,,,,,,,,,,,,,,,,,,,,,,,,,,,,,,,,,,,,,,,,,,,,,,,,,,,,,,,,,,,play_time_mod_0.25,,
Standup/7,"yuawies,head,46,-452,-8,0,4,1,1,0","yuawies,neck,32,-403,7,0,5,1,1,0","yuawies,body,20,-284,-8,0,6,1,1,0","yuawies,arm_up,-47,-347,-23.4,0,4,1,1,0","yuawies,arm_low,-76,-277,17,0,6,1,1,0","white_human,open,-83,-211,-10,0,6,0.7,0.8,0","yuawies,arm_up,94,-332,22,1,18,1,1,0","yuawies,arm_low,140,-281,35,1,19,1,1,0","white_human,open,197,-245,62,1,19,0.7,0.8,0","yuawies,leg_up,-25,-172,-14,0,8,1.2,1.1,0","yuawies,leg_low,-69,-78,-39,0,10,1,1,0","yuawies,foot,-85,-19,-30,0,10,1,1,0","yuawies,leg_up,56,-161,34,0,9,1,1,0","yuawies,leg_low,74,-74,-8,0,13,1,1,0","yuawies,foot,90,-15,0,0,13,1,1,0",,,"yuawies,boobs,36,-320,-5,0,5,1,1,0","yuawies,skirt,-7,-143,-5,0,18,1.1,0.9,0",,,,,,,,,,,,,,,,,,,,,,,,,,,,,,,,,,,,,,,,,,,,,,,,,,,,,,,,,,,,,,,,,,,,,,,,,,,,,,,,,,,,,,,,,,,,,,,,,,play_time_mod_0.5,,
Standup/8,"yuawies,head,32,-458,0,0,4,1,1,0","yuawies,neck,27,-405,7,0,5,1,1,0","yuawies,body,18,-290,-3,0,6,1,1,0","yuawies,arm_up,-52,-345,-19.4,0,4,1,1,0","yuawies,arm_low,-77,-271,19,0,6,1,1,0","white_human,open,-79,-209,-3,0,6,0.7,0.8,0","yuawies,arm_up,88,-339,15,1,18,1,1,0","yuawies,arm_low,123,-273,15,1,19,1,1,0","white_human,open,164,-219,42,1,19,0.7,0.8,0","yuawies,leg_up,-20,-172,-13,0,8,1.2,1.1,0","yuawies,leg_low,-55,-78,-29,0,10,1,1,0","yuawies,foot,-65,-19,-10,0,10,1,1,0","yuawies,leg_up,54,-165,18,0,9,1,1,0","yuawies,leg_low,69,-74,4,0,13,1,1,0","yuawies,foot,90,-15,0,0,13,1,1,0",,,"yuawies,boobs,32,-326,8,0,5,1,0.9,0","yuawies,skirt,8,-132,-2,0,18,1,1,0",,,,,,,,,,,,,,,,,,,,,,,,,,,,,,,,,,,,,,,,,,,,,,,,,,,,,,,,,,,,,,,,,,,,,,,,,,,,,,,,,,,,,,,,,,,,,,,,,,,,
Standup/9,"yuawies,head,27,-469,0,0,4,1,1,0","yuawies,neck,16,-418,7,0,5,1,1,0","yuawies,body,10,-300,-4,0,6,1,1,0","yuawies,arm_up,-56,-354,-19.4,0,4,1,1,0","yuawies,arm_low,-81,-280,19,0,6,1,1,0","white_human,open,-83,-218,-3,0,6,0.7,0.8,0","yuawies,arm_up,69,-347,5,1,18,1,1,0","yuawies,arm_low,92,-276,5,1,19,1,1,0","white_human,open,123,-215,32,1,19,0.7,0.8,0","yuawies,leg_up,-27,-176,-6,0,8,1.2,1.1,0","yuawies,leg_low,-45,-78,-13,0,10,1,1,0","yuawies,foot,-40,-19,-1,0,10,1,1,0","yuawies,leg_up,46,-165,16,0,9,1,1,0","yuawies,leg_low,65,-74,8,0,13,1,1,0","yuawies,foot,87,-15,-2,0,13,1,1,0",,,"yuawies,boobs,21,-337,-1,0,5,1,0.9,0","yuawies,skirt,-6,-138,-4,0,18,1,1,0",,,,,,,,,,,,,,,,,,,,,,,,,,,,,,,,,,,,,,,,,,,,,,,,,,,,,,,,,,,,,,,,,,,,,,,,,,,,,,,,,,,,,,,,,,,,,,,,,,,,
Standup/10,"yuawies,head,18,-486,-4,0,4,1,1,0","yuawies,neck,10,-435,1,0,5,1,1,0","yuawies,body,1,-313,-5,0,6,1,1,0","yuawies,arm_up,-64,-360,-6.4,0,4,1,1,0","yuawies,arm_low,-69,-286,39,0,6,1,1,0","white_human,open,-52,-230,15,0,6,0.7,0.8,0","yuawies,arm_up,58,-357,-2,1,18,1,1,0","yuawies,arm_low,69,-281,-14,1,19,1,1,0","white_human,open,73,-218,2,1,19,0.7,0.8,0","yuawies,leg_up,-32,-191,0,0,8,1.2,1.1,0","yuawies,leg_low,-42,-87,-9,0,10,1,1,0","yuawies,foot,-35,-18,0,0,10,1,1,0","yuawies,leg_up,29,-189,8,0,9,1,1,0","yuawies,leg_low,36,-83,4,0,13,1,1,0","yuawies,foot,61,-21,1,0,13,1,1,0",,,"yuawies,boobs,15,-345,-1,0,5,1,0.9,0","yuawies,skirt,-19,-148,-6,0,18,1,1,0",,,,,,,,,,,,,,,,,,,,,,,,,,,,,,,,,,,,,,,,,,,,,,,,,,,,,,,,,,,,,,,,,,,,,,,,,,,,,,,,,,,,,,,,,,,,,,,,,,,,
Walk/0,"yuawies,head,12,-491,-2,0,4,1,1,0","yuawies,neck,8,-435,1,0,5,1,1,0","yuawies,body,0,-314,-4,0,6,1,1,0","yuawies,arm_up,-58,-359,-0.4,0,4,1,1,0","yuawies,arm_low,-58,-284,40,0,6,1,1,0","white_human,open,-36,-228,23,0,6,0.7,0.8,0","yuawies,arm_up,57,-357,-4,1,18,1,1,0","yuawies,arm_low,68,-283,-11,1,19,1,1,0","white_human,open,78,-217,10,1,19,0.7,0.8,0","yuawies,leg_up,-29,-191,9,0,8,1.2,1.1,0","yuawies,leg_low,-35,-92,-17,0,10,1,1,0","yuawies,foot,-35,-29,-11,0,10,1,1,0","yuawies,leg_up,25,-189,3,0,9,1,1,0","yuawies,leg_low,24,-86,1,0,13,1,1,0","yuawies,foot,46,-21,0,0,13,1,1,0",,,"yuawies,boobs,13,-349,2,0,5,1,0.9,0","yuawies,skirt,-22,-152,-8,0,18,1,1,0",,,,,,,,,,,,,,,,,,,,,,,,,,,,,,,,,,,,,,,,,,,,,,,,,,,,,,,,,,,,,,,,,,,,,,,,,,,,,,,,,,,,,,,,,,,,,,,,,,,play_time_mod_0.9,
Walk/1,"yuawies,head,17,-490,-4,0,4,1,1,0","yuawies,neck,10,-435,-1,0,5,1,1,0","yuawies,body,1,-314,-5,0,6,1,1,0","yuawies,arm_up,-61,-361,-6.4,0,4,1,1,0","yuawies,arm_low,-71,-285,30,0,6,1,1,0","white_human,open,-59,-225,12,0,6,0.7,0.8,0","yuawies,arm_up,58,-357,-2,1,18,1,1,0","yuawies,arm_low,72,-283,-8,1,19,1,1,0","white_human,open,88,-217,13,1,19,0.7,0.8,0","yuawies,leg_up,-19,-191,21,0,7,1.2,1.1,0","yuawies,leg_low,-15,-95,-19,0,8,1,1,0","yuawies,foot,-22,-32,-21,0,10,1,1,0","yuawies,leg_up,21,-185,-6,0,9,1,1,0","yuawies,leg_low,5,-86,-7,0,13,1,1,0","yuawies,foot,21,-21,-5,0,13,1,1,0",,,"yuawies,boobs,15,-350,0,0,5,1,0.9,0","yuawies,skirt,-24,-148,-8,0,18,1,1,0",,,,,,,,,,,,,,,,,,,,,,,,,,,,,,,,,,,,,,,,,,,,,,,,,,,,,,,,,,,,,,,,,,,,,,,,,,,,,,,,,,,,,,,,,,,,,,,,,,,play_time_mod_0.9,
Walk/2,"yuawies,head,18,-490,-5,0,4,1,1,0","yuawies,neck,10,-434,-1,0,5,1,1,0","yuawies,body,2,-314,-5,0,6,1,1,0","yuawies,arm_up,-64,-361,-10.4,0,4,1,1,0","yuawies,arm_low,-80,-285,24,0,6,1,1,0","white_human,open,-77,-224,2,0,6,0.7,0.8,0","yuawies,arm_up,60,-357,5,1,18,1,1,0","yuawies,arm_low,82,-283,-6,1,19,1,1,0","white_human,open,101,-219,20,1,19,0.7,0.8,0","yuawies,leg_up,-13,-191,23,0,7,1.2,1.1,0","yuawies,leg_low,-1,-95,-14,0,8,1,1,0","yuawies,foot,1,-32,-21,0,10,1,1,0","yuawies,leg_up,18,-185,-12,0,9,1,1,0","yuawies,leg_low,-6,-86,-13,0,13,1,1,0","yuawies,foot,1,-21,-6,0,13,1,1,0",,,"yuawies,boobs,15,-350,-1,0,5,1,0.9,0","yuawies,skirt,-29,-151,-11,0,18,1,1,0",,,,,,,,,,,,,,,,,,,,,,,,,,,,,,,,,,,,,,,,,,,,,,,,,,,,,,,,,,,,,,,,,,,,,,,,,,,,,,,,,,,,,,,,,,,,,,,,,,,play_time_mod_0.9,
Walk/3,"yuawies,head,27,-486,-7,0,4,1,1,0","yuawies,neck,15,-433,-3,0,5,1,1,0","yuawies,body,4,-313,-6,0,6,1,1,0","yuawies,arm_up,-65,-361,-14.4,0,4,1,1,0","yuawies,arm_low,-89,-291,11,0,6,1,1,0","white_human,open,-107,-226,-22,0,6,0.7,0.8,0","yuawies,arm_up,65,-358,8,1,18,1,1,0","yuawies,arm_low,90,-286,-2,1,19,1,1,0","white_human,open,113,-224,24,1,19,0.7,0.8,0","yuawies,leg_up,-12,-191,34,0,7,1.2,1.1,0","yuawies,leg_low,31,-95,9,0,8,1,1,0","yuawies,foot,58,-30,-11,0,10,1,1,0","yuawies,leg_up,15,-185,-17,0,9,1,1,0","yuawies,leg_low,-17,-86,-16,0,13,1,1,0","yuawies,foot,-16,-21,-9,0,13,1,1,0",,,"yuawies,boobs,19,-350,-1,0,5,1,0.9,0","yuawies,skirt,-34,-159,-18,0,18,0.9,1,0",,,,,,,,,,,,,,,,,,,,,,,,,,,,,,,,,,,,,,,,,,,,,,,,,,,,,,,,,,,,,,,,,,,,,,,,,,,,,,,,,,,,,,,,,,,,,,,,,,,play_time_mod_0.9,
Walk/4,"yuawies,head,29,-483,-8,0,4,1,1,0","yuawies,neck,15,-433,-3,0,5,1,1,0","yuawies,body,4,-310,-6,0,6,1,1,0","yuawies,arm_up,-66,-361,-17.4,0,4,1,1,0","yuawies,arm_low,-95,-291,8,0,6,1,1,0","white_human,open,-115,-229,-24,0,6,0.7,0.8,0","yuawies,arm_up,68,-355,10,1,18,1,1,0","yuawies,arm_low,94,-286,2,1,19,1,1,0","white_human,open,125,-224,28,1,19,0.7,0.8,0","yuawies,leg_up,-15,-188,30,0,7,1.2,1.1,0","yuawies,leg_low,27,-82,13,0,8,1,1,0","yuawies,foot,62,-18,4,0,10,1,1,0","yuawies,leg_up,13,-185,-22,0,9,1,1,0","yuawies,leg_low,-30,-86,-18,0,13,1,1,0","yuawies,foot,-31,-21,-9,0,13,1,1,0",,,"yuawies,boobs,19,-346,-3,0,5,1,0.9,0","yuawies,skirt,-42,-164,-24,0,18,1,1,0",,,,,,,,,,,,,,,,,,,,,,,,,,,,,,,,,,,,,,,,,,,,,,,,,,,,,,,,,,,,,,,,,,,,,,,,,,,,,,,,,,,,,,,,,,,,,,,,,,play_time_mod_1,play_time_mod_0.9,
Walk/5,"yuawies,head,25,-485,-5,0,4,1,1,0","yuawies,neck,13,-433,-3,0,5,1,1,0","yuawies,body,3,-312,-5,0,6,1,1,0","yuawies,arm_up,-60,-359,-8.4,0,4,1,1,0","yuawies,arm_low,-83,-281,11,0,6,1,1,0","white_human,open,-97,-219,-21,0,6,0.7,0.8,0","yuawies,arm_up,67,-351,0,1,18,1,1,0","yuawies,arm_low,81,-283,-8,1,19,1,1,0","white_human,open,96,-217,17,1,19,0.7,0.8,0","yuawies,leg_up,-19,-190,21,0,7,1.2,1.1,0","yuawies,leg_low,11,-82,9,0,8,1,1,0","yuawies,foot,38,-18,0,0,10,1,1,0","yuawies,leg_up,15,-185,-19,0,9,1,1,0","yuawies,leg_low,-30,-97,-38,0,13,1,1,0","yuawies,foot,-52,-41,-39,0,13,1,1,0",,,"yuawies,boobs,19,-347,1,0,5,1,1,0","yuawies,skirt,-35,-163,-18,0,18,1,1,0",,,,,,,,,,,,,,,,,,,,,,,,,,,,,,,,,,,,,,,,,,,,,,,,,,,,,,,,,,,,,,,,,,,,,,,,,,,,,,,,,,,,,,,,,,,,,,,,,,,play_time_mod_0.9,
Walk/6,"yuawies,head,19,-485,0,0,4,1,1,0","yuawies,neck,13,-433,-3,0,5,1,1,0","yuawies,body,2,-312,-4,0,6,1,1,0","yuawies,arm_up,-58,-359,-1.4,0,4,1,1,0","yuawies,arm_low,-69,-282,21,0,6,1,1,0","white_human,open,-70,-218,-7,0,6,0.7,0.8,0","yuawies,arm_up,60,-348,-8,1,18,1,1,0","yuawies,arm_low,67,-280,-8,1,19,1,1,0","white_human,open,82,-214,17,1,19,0.7,0.8,0","yuawies,leg_up,-26,-190,11,0,7,1.2,1.1,0","yuawies,leg_low,-10,-82,8,0,8,1,1,0","yuawies,foot,15,-18,-1,0,10,1,1,0","yuawies,leg_up,29,-185,3,0,9,1,1,0","yuawies,leg_low,-10,-114,-58,0,13,1,1,0","yuawies,foot,-50,-68,-59,0,13,1,1,0",,,"yuawies,boobs,17,-349,4,0,5,1,0.9,0","yuawies,skirt,-31,-161,-15,0,18,1,1,0",,,,,,,,,,,,,,,,,,,,,,,,,,,,,,,,,,,,,,,,,,,,,,,,,,,,,,,,,,,,,,,,,,,,,,,,,,,,,,,,,,,,,,,,,,,,,,,,,,,play_time_mod_0.9,
Walk/7,"yuawies,head,13,-485,1,0,4,1,1,0","yuawies,neck,7,-433,-2,0,5,1,1,0","yuawies,body,-1,-312,-2,0,6,1,1,0","yuawies,arm_up,-56,-353,7.6,0,4,1,1,0","yuawies,arm_low,-53,-282,32,0,6,1,1,0","white_human,open,-41,-218,9,0,6,0.7,0.8,0","yuawies,arm_up,54,-348,-14,1,18,1,1,0","yuawies,arm_low,52,-277,-18,1,19,1,1,0","white_human,open,55,-206,7,1,19,0.7,0.8,0","yuawies,leg_up,-34,-190,4,0,7,1.2,1.1,0","yuawies,leg_low,-32,-84,1,0,8,1,1,0","yuawies,foot,-13,-16,-7,0,10,1,1,0","yuawies,leg_up,35,-190,17,0,9,1,1,0","yuawies,leg_low,16,-116,-46,0,13,1,1,0","yuawies,foot,-16,-64,-47,0,13,1,1,0",,,"yuawies,boobs,11,-351,4,0,5,1,0.9,0","yuawies,skirt,-22,-161,-11,0,18,1,1,0",,,,,,,,,,,,,,,,,,,,,,,,,,,,,,,,,,,,,,,,,,,,,,,,,,,,,,,,,,,,,,,,,,,,,,,,,,,,,,,,,,,,,,,,,,,,,,,,,,,play_time_mod_0.9,
Walk/8,"yuawies,head,17,-483,-1,0,4,1,1,0","yuawies,neck,7,-433,-2,0,5,1,1,0","yuawies,body,4,-312,-3,0,6,1,1,0","yuawies,arm_up,-47,-351,14.6,0,4,1,1,0","yuawies,arm_low,-34,-278,42,0,6,1,1,0","white_human,open,-12,-218,19,0,6,0.7,0.8,0","yuawies,arm_up,52,-350,-20,1,18,1,1,0","yuawies,arm_low,42,-277,-28,1,19,1,1,0","white_human,open,33,-206,-3,1,19,0.7,0.8,0","yuawies,leg_up,-33,-190,-4,0,7,1.2,1.1,0","yuawies,leg_low,-47,-84,-9,0,8,1,1,0","yuawies,foot,-39,-16,-12,0,10,1,1,0","yuawies,leg_up,39,-190,21,0,9,1,1,0","yuawies,leg_low,48,-96,-8,0,13,1,1,0","yuawies,foot,47,-31,-29,0,13,1,1,0",,,"yuawies,boobs,15,-350,1,0,5,1,0.9,0","yuawies,skirt,-15,-159,-6,0,18,1,1,0",,,,,,,,,,,,,,,,,,,,,,,,,,,,,,,,,,,,,,,,,,,,,,,,,,,,,,,,,,,,,,,,,,,,,,,,,,,,,,,,,,,,,,,,,,,,,,,,,,,play_time_mod_0.9,
Walk/9,"yuawies,head,21,-478,-5,0,4,1,1,0","yuawies,neck,9,-429,-2,0,5,1,1,0","yuawies,body,5,-309,-4,0,6,1,1,0","yuawies,arm_up,-43,-351,15.6,0,4,1,1,0","yuawies,arm_low,-29,-278,43,0,6,1,1,0","white_human,open,-6,-218,20,0,6,0.7,0.8,0","yuawies,arm_up,49,-348,-20,1,18,1,1,0","yuawies,arm_low,39,-275,-28,1,19,1,1,0","white_human,open,30,-204,-3,1,19,0.7,0.8,0","yuawies,leg_up,-35,-190,-6,0,7,1.2,1.1,0","yuawies,leg_low,-56,-84,-15,0,8,1,1,0","yuawies,foot,-59,-16,-22,0,10,1,1,0","yuawies,leg_up,41,-183,19,0,9,1,1,0","yuawies,leg_low,59,-89,6,0,13,1,1,0","yuawies,foot,78,-21,1,0,13,1,1,0",,,"yuawies,boobs,16,-344,-1,0,5,1.1,1,0","yuawies,skirt,-3,-148,-1,0,18,1,1,0",,,,,,,,,,,,,,,,,,,,,,,,,,,,,,,,,,,,,,,,,,,,,,,,,,,,,,,,,,,,,,,,,,,,,,,,,,,,,,,,,,,,,,,,,,,,,,,,,,,play_time_mod_0.9,
Walk/10,"yuawies,head,15,-483,-1,0,4,1,1,0","yuawies,neck,7,-433,-2,0,5,1,1,0","yuawies,body,2,-312,-2,0,6,1,1,0","yuawies,arm_up,-51,-352,10.6,0,4,1,1,0","yuawies,arm_low,-43,-281,38,0,6,1,1,0","white_human,open,-25,-221,15,0,6,0.7,0.8,0","yuawies,arm_up,53,-348,-12,1,18,1,1,0","yuawies,arm_low,51,-275,-20,1,19,1,1,0","white_human,open,55,-204,8,1,19,0.7,0.8,0","yuawies,leg_up,-29,-192,-3,0,7,1.2,1.1,0","yuawies,leg_low,-56,-88,-23,0,8,1,1,0","yuawies,foot,-64,-27,-26,0,10,1,1,0","yuawies,leg_up,36,-183,12,0,9,1,1,0","yuawies,leg_low,47,-89,6,0,13,1,1,0","yuawies,foot,66,-21,1,0,13,1,1,0",,,"yuawies,boobs,14,-345,2,0,5,1,0.9,0","yuawies,skirt,-15,-148,-10,0,18,1,1,0",,,,,,,,,,,,,,,,,,,,,,,,,,,,,,,,,,,,,,,,,,,,,,,,,,,,,,,,,,,,,,,,,,,,,,,,,,,,,,,,,,,,,,,,,,,,,,,,,,play_time_mod_1,play_time_mod_0.9,
Spirit/0,"yuawies,close,15,-489,-7,0,4,1,1,0","yuawies,neck,8,-435,1,0,5,1,1,0","yuawies,body,0,-314,-4,0,6,1,1,0","yuawies,arm_up,-60,-360,-4.4,0,4,1,1,0","yuawies,arm_low,-50,-297,68,0,11,1,1,0","white_human,open,-26,-266,-11,0,7,0.7,0.8,0","yuawies,arm_up,57,-353,-8,1,18,1,1,0","yuawies,arm_low,36,-290,-72,1,19,1,1,0","white_human,open,11,-248,26,1,21,0.7,0.8,0","yuawies,leg_up,-22,-192,22,0,8,1.2,1.1,0","yuawies,leg_low,-18,-99,-21,0,8,1,1,0","yuawies,foot,-32,-28,-40,0,10,1,1,0","yuawies,leg_up,24,-181,-5,0,9,1,1,0","yuawies,leg_low,2,-83,-16,0,13,1,1,0","yuawies,foot,-13,-21,-49,0,13,1,1,0",,,,"yuawies,skirt,-15,-148,-3,0,18,1,1,0",,,,,,,,,,,,,,,,,,,,,,,,,,,,,,,,,,,,,,,,,,,,,,,,,,,,,,,,,,,,,,,,,,,,,,,,,,,,,,,,,,,,,,,,,,,,,,,,,,"hold,effect_fade_5,effect_grey",,
Skill2/0,"yuawies,head,18,-486,-4,0,4,1,1,0","yuawies,neck,10,-435,1,0,5,1,1,0","yuawies,body,1,-313,-5,0,6,1,1,0","yuawies,arm_up,-64,-360,-6.4,0,4,1,1,0","yuawies,arm_low,-69,-286,39,0,6,1,1,0","white_human,open,-52,-230,15,0,6,0.7,0.8,0","yuawies,arm_up,58,-357,-2,1,18,1,1,0","yuawies,arm_low,69,-281,-14,1,19,1,1,0","white_human,open,73,-218,2,1,19,0.7,0.8,0","yuawies,leg_up,-32,-191,0,0,8,1.2,1.1,0","yuawies,leg_low,-42,-87,-9,0,10,1,1,0","yuawies,foot,-35,-18,0,0,10,1,1,0","yuawies,leg_up,29,-189,8,0,9,1,1,0","yuawies,leg_low,36,-83,4,0,13,1,1,0","yuawies,foot,61,-21,1,0,13,1,1,0",,,"yuawies,boobs,15,-345,-1,0,5,1,0.9,0","yuawies,skirt,-19,-148,-6,0,18,1,1,0",,,,,,,,,,,,,,,,,,,,,,,,,,,,,,,,,,,,,,,,,,,,,,,,,,,,,,,,,,,,,,,,,,,,,,,,,,,,,,,,,,,,,,,,,,,,,,,,,,,,
Skill2/1,"yuawies,head,14,-486,-2,0,4,1,1,0","yuawies,neck,6,-435,1,0,5,1,1,0","yuawies,body,-1,-313,-2,0,6,1,1,0","yuawies,arm_up,-66,-358,-6.4,0,4,1,1,0","yuawies,arm_low,-92,-284,-1,0,6,1,1,0","white_human,open,-116,-228,-17,1,6,0.7,0.8,0","yuawies,arm_up,60,-357,3,1,18,1,1,0","yuawies,arm_low,87,-281,6,1,19,1,1,0","white_human,open,123,-228,35,0,19,0.7,0.8,0","yuawies,leg_up,-32,-191,0,0,8,1.2,1.1,0","yuawies,leg_low,-42,-87,-9,0,10,1,1,0","yuawies,foot,-35,-18,0,0,10,1,1,0","yuawies,leg_up,33,-189,8,0,9,1,1,0","yuawies,leg_low,41,-83,6,0,13,1,1,0","yuawies,foot,65,-21,1,0,13,1,1,0",,,"yuawies,boobs,13,-345,1,0,5,1,0.9,0","yuawies,skirt,-17,-148,-4,0,18,1,1,0",,,,,,,,,,,,,,,,,,,,,,,,,,,,,,,,,,,,,,,,,,,,,,,,,,,,,,,,,,,,,,,,,,,,,,,,,,,,,,,,,,,,,,,,,,,,,,,,,,play_time_mod_0.7,,
Skill2/2,"yuawies,head,7,-486,2,0,4,1,1,0","yuawies,neck,3,-435,1,0,5,1,1,0","yuawies,body,-3,-313,-1,0,6,1,1,0","yuawies,arm_up,-69,-360,-8.4,0,4,1,1,0","yuawies,arm_low,-99,-290,-6,0,6,1,1,0","white_human,open,-130,-237,-27,1,6,0.7,0.8,0","yuawies,arm_up,60,-357,9,1,18,1,1,0","yuawies,arm_low,93,-286,11,1,19,1,1,0","white_human,open,135,-238,46,0,19,0.7,0.8,0","yuawies,leg_up,-32,-191,0,0,8,1.2,1.1,0","yuawies,leg_low,-42,-87,-9,0,10,1,1,0","yuawies,foot,-35,-18,0,0,10,1,1,0","yuawies,leg_up,35,-189,11,0,9,1,1,0","yuawies,leg_low,49,-83,9,0,13,1,1,0","yuawies,foot,69,-21,3,0,13,1,1,0",,,"yuawies,boobs,10,-345,3,0,5,1,0.9,0","yuawies,skirt,-14,-148,-2,0,18,1,1,0",,,,,,,,,,,,,,,,,,,,,,,,,,,,,,,,,,,,,,,,,,,,,,,,,,,,,,,,,,,,,,,,,,,,,,,,,,,,,,,,,,,,,,,,,,,,,,,,,,play_time_mod_0.7,,
Skill2/3,"yuawies,head,5,-486,5,0,4,1,1,0","yuawies,neck,3,-435,1,0,5,1,1,0","yuawies,body,-3,-313,-1,0,6,1,1,0","yuawies,arm_up,-72,-361,-13.4,0,4,1,1,0","yuawies,arm_low,-115,-293,-23,0,6,1,1,0","white_human,open,-158,-245,-36,1,6,0.7,0.8,0","yuawies,arm_up,62,-361,16,1,18,1,1,0","yuawies,arm_low,104,-296,22,1,19,1,1,0","white_human,open,153,-254,53,0,19,0.7,0.8,0","yuawies,leg_up,-32,-191,0,0,8,1.2,1.1,0","yuawies,leg_low,-42,-87,-9,0,10,1,1,0","yuawies,foot,-35,-18,0,0,10,1,1,0","yuawies,leg_up,35,-189,11,0,9,1,1,0","yuawies,leg_low,49,-83,9,0,13,1,1,0","yuawies,foot,69,-21,3,0,13,1,1,0",,,"yuawies,boobs,10,-347,5,0,5,1.1,1,0","yuawies,skirt,-14,-148,-2,0,18,1,1,0",,,,,,,,,,,,,,,,,,,,,,,,,,,,,,,,,,,,,,,,,,,,,,,,,,,,,,,,,,,,,,,,,,,,,,,,,,,,,,,,,,,,,,,,,,,,,,,,,,,,
Skill2/4,"yuawies,close,2,-486,6,0,4,1,1,0","yuawies,neck,3,-435,1,0,5,1,1,0","yuawies,body,-3,-313,-1,0,6,1,1,0","yuawies,arm_up,-76,-364,-17.4,0,4,1,1,0","yuawies,arm_low,-121,-308,-33,0,6,1,1,0","white_human,open,-174,-271,-51,1,6,0.7,0.8,0","yuawies,arm_up,62,-364,22,1,18,1,1,0","yuawies,arm_low,114,-304,32,1,19,1,1,0","white_human,open,169,-274,66,0,19,0.7,0.8,0","yuawies,leg_up,-32,-191,0,0,8,1.2,1.1,0","yuawies,leg_low,-42,-87,-9,0,10,1,1,0","yuawies,foot,-35,-18,0,0,10,1,1,0","yuawies,leg_up,34,-189,14,0,9,1,1,0","yuawies,leg_low,54,-83,11,0,13,1,1,0","yuawies,foot,77,-21,3,0,13,1,1,0",,,"yuawies,boobs,10,-349,6,0,5,1.1,1,0","yuawies,skirt,-10,-148,0,0,18,1,1,0",,,,,,,,,,,,,,,,,,,,,,,,,,,,,,,,,,,,,,,,,,,,,,,,,,,,,,,,,,,,,,,,,,,,,,,,,,,,,,,,,,,,,,,,,,,,,,,,,,,,"weapon_summon,1000,0"
Skill2/5,"yuawies,close,0,-486,8,0,4,1,1,0","yuawies,neck,3,-435,1,0,5,1,1,0","yuawies,body,-3,-313,-1,0,6,1,1,0","yuawies,arm_up,-78,-364,-23.4,0,4,1,1,0","yuawies,arm_low,-135,-315,-52,0,6,1,1,0","white_human,open,-199,-294,-65,1,6,0.7,0.8,0","yuawies,arm_up,62,-368,29,1,18,1,1,0","yuawies,arm_low,118,-325,52,1,19,1,1,0","white_human,open,183,-315,82,0,19,0.7,0.8,0","yuawies,leg_up,-32,-191,0,0,8,1.2,1.1,0","yuawies,leg_low,-42,-87,-9,0,10,1,1,0","yuawies,foot,-35,-18,0,0,10,1,1,0","yuawies,leg_up,34,-189,14,0,9,1,1,0","yuawies,leg_low,54,-83,11,0,13,1,1,0","yuawies,foot,77,-21,3,0,13,1,1,0",,,"yuawies,boobs,10,-349,6,0,5,1.1,1,0","yuawies,skirt,-10,-148,0,0,18,1,1,0",,,,,,,,,,,,,,,,,,,,,,,,,,,,,,,,,,,,,,,,,,,,,,,,,,,,,,,,,,,,,,,,,,,,,,,,,,,,,,,,,,,,,,,,,,"crash_gold,base,10,-539,0,0,0,1,1,1",,,,,,,,,,"weapon_summon2,1000,0"
Skill2/6,"yuawies,close,-1,-486,10,0,4,1,1,0","yuawies,neck,3,-435,1,0,5,1,1,0","yuawies,body,-3,-313,-1,0,6,1,1,0","yuawies,arm_up,-78,-368,-28.4,0,4,1,1,0","yuawies,arm_low,-136,-324,-54,0,6,1,1,0","white_human,open,-199,-316,-85,1,6,0.7,0.8,0","yuawies,arm_up,62,-372,31,1,18,1,1,0","yuawies,arm_low,118,-334,55,1,19,1,1,0","white_human,open,183,-330,93,0,19,0.7,0.8,0","yuawies,leg_up,-32,-191,0,0,8,1.2,1.1,0","yuawies,leg_low,-42,-87,-9,0,10,1,1,0","yuawies,foot,-35,-18,0,0,10,1,1,0","yuawies,leg_up,34,-189,14,0,9,1,1,0","yuawies,leg_low,54,-83,11,0,13,1,1,0","yuawies,foot,77,-21,3,0,13,1,1,0",,,"yuawies,boobs,10,-349,6,0,5,1.1,1,0","yuawies,skirt,-10,-148,0,0,18,1,1,0",,,,,,,,,,,,,,,,,,,,,,,,,,,,,,,,,,,,,,,,,,,,,,,,,,,,,,,,,,,,,,,,,,,,,,,,,,,,,,,,,,,,,,,,,,,,,,,,,,play_time_mod_2,,
Skill2/7,"yuawies,close,1,-486,7,0,4,1,1,0","yuawies,neck,3,-435,1,0,5,1,1,0","yuawies,body,-3,-313,-1,0,6,1,1,0","yuawies,arm_up,-78,-368,-29.4,0,4,1,1,0","yuawies,arm_low,-136,-335,-74,0,6,1,1,0","white_human,open,-200,-345,-96,1,6,0.7,0.8,0","yuawies,arm_up,62,-372,31,1,18,1,1,0","yuawies,arm_low,118,-344,70,1,19,1,1,0","white_human,open,183,-359,113,0,19,0.7,0.8,0","yuawies,leg_up,-32,-191,0,0,8,1.2,1.1,0","yuawies,leg_low,-42,-87,-9,0,10,1,1,0","yuawies,foot,-35,-18,0,0,10,1,1,0","yuawies,leg_up,34,-189,14,0,9,1,1,0","yuawies,leg_low,54,-83,11,0,13,1,1,0","yuawies,foot,77,-21,3,0,13,1,1,0",,,"yuawies,boobs,10,-349,6,0,5,1.1,1,0","yuawies,skirt,-10,-148,0,0,18,1,1,0",,,,,,,,,,,,,,,,,,,,,,,,,,,,,,,,,,,,,,,,,,,,,,,,,,,,,,,,,,,,,,,,,,,,,,,,,,,,,,,,,,,,,,,,,,,,,,,,,,,,
Skill2/8,"yuawies,close,1,-486,5,0,4,1,1,0","yuawies,neck,3,-435,1,0,5,1,1,0","yuawies,body,-3,-313,-1,0,6,1,1,0","yuawies,arm_up,-78,-368,-29.4,0,4,1,1,0","yuawies,arm_low,-133,-348,-94,0,6,1,1,0","white_human,open,-191,-389,-136,0,6,0.7,0.8,0","yuawies,arm_up,62,-372,31,1,18,1,1,0","yuawies,arm_low,118,-347,84,1,19,1,1,0","white_human,open,180,-380,133,1,19,0.7,0.8,0","yuawies,leg_up,-32,-191,0,0,8,1.2,1.1,0","yuawies,leg_low,-42,-87,-9,0,10,1,1,0","yuawies,foot,-35,-18,0,0,10,1,1,0","yuawies,leg_up,34,-189,14,0,9,1,1,0","yuawies,leg_low,54,-83,11,0,13,1,1,0","yuawies,foot,77,-21,3,0,13,1,1,0",,,"yuawies,boobs,12,-349,6,0,5,1.2,1.1,0","yuawies,skirt,-10,-148,0,0,18,1,1,0",,,,,,,,,,,,,,,,,,,,,,,,,,,,,,,,,,,,,,,,,,,,,,,,,,,,,,,,,,,,,,,,,,,,,,,,,,,,,,,,,,,,,,,,,,,,,,,,,,,,
Skill2/9,"yuawies,close,3,-486,3,0,4,1,1,0","yuawies,neck,4,-435,1,0,5,1,1,0","yuawies,body,-1,-313,-2,0,6,1,1,0","yuawies,arm_up,-76,-369,-33.4,0,4,1,1,0","yuawies,arm_low,-133,-348,-84,0,6,1,1,0","white_human,open,-194,-383,-136,0,6,0.7,0.8,0","yuawies,arm_up,67,-370,31,1,18,1,1,0","yuawies,arm_low,129,-343,80,1,19,1,1,0","white_human,open,192,-367,123,1,19,0.7,0.8,0","yuawies,leg_up,-32,-191,0,0,8,1.2,1.1,0","yuawies,leg_low,-42,-87,-9,0,10,1,1,0","yuawies,foot,-35,-18,0,0,10,1,1,0","yuawies,leg_up,34,-189,14,0,9,1,1,0","yuawies,leg_low,54,-83,11,0,13,1,1,0","yuawies,foot,77,-21,3,0,13,1,1,0",,,"yuawies,boobs,14,-346,2,0,5,1.1,1.1,0","yuawies,skirt,-9,-148,1,0,18,1,1,0",,,,,,,,,,,,,,,,,,,,,,,,,,,,,,,,,,,,,,,,,,,,,,,,,,,,,,,,,,,,,,,,,,,,,,,,,,,,,,,,,,,,,,,,,,,,,,,,,,,,
Skill2/10,"yuawies,close,3,-486,3,0,4,1,1,0","yuawies,neck,4,-435,1,0,5,1,1,0","yuawies,body,-1,-313,-2,0,6,1,1,0","yuawies,arm_up,-76,-367,-28.4,0,4,1,1,0","yuawies,arm_low,-133,-337,-72,0,6,1,1,0","white_human,open,-196,-356,-121,0,6,0.7,0.8,0","yuawies,arm_up,67,-368,29,1,18,1,1,0","yuawies,arm_low,126,-333,69,1,19,1,1,0","white_human,open,192,-348,117,1,19,0.7,0.8,0","yuawies,leg_up,-32,-191,0,0,8,1.2,1.1,0","yuawies,leg_low,-42,-87,-9,0,10,1,1,0","yuawies,foot,-35,-18,0,0,10,1,1,0","yuawies,leg_up,34,-189,14,0,9,1,1,0","yuawies,leg_low,54,-83,11,0,13,1,1,0","yuawies,foot,77,-21,3,0,13,1,1,0",,,"yuawies,boobs,12,-348,2,0,5,1,1,0","yuawies,skirt,-9,-148,1,0,18,1,1,0",,,,,,,,,,,,,,,,,,,,,,,,,,,,,,,,,,,,,,,,,,,,,,,,,,,,,,,,,,,,,,,,,,,,,,,,,,,,,,,,,,,,,,,,,,,,,,,,,,,,
Skill2/11,"yuawies,close,4,-484,2,0,4,1,1,0","yuawies,neck,4,-435,1,0,5,1,1,0","yuawies,body,-1,-313,-2,0,6,1,1,0","yuawies,arm_up,-76,-367,-28.4,0,4,1,1,0","yuawies,arm_low,-133,-327,-60,0,6,1,1,0","white_human,open,-198,-322,-91,0,6,0.7,0.8,0","yuawies,arm_up,67,-364,24,1,18,1,1,0","yuawies,arm_low,126,-319,56,1,19,1,1,0","white_human,open,189,-312,92,1,19,0.7,0.8,0","yuawies,leg_up,-32,-191,0,0,8,1.2,1.1,0","yuawies,leg_low,-42,-87,-9,0,10,1,1,0","yuawies,foot,-35,-18,0,0,10,1,1,0","yuawies,leg_up,34,-189,14,0,9,1,1,0","yuawies,leg_low,54,-83,11,0,13,1,1,0","yuawies,foot,77,-21,3,0,13,1,1,0",,,"yuawies,boobs,12,-348,2,0,5,1,1,0","yuawies,skirt,-9,-148,1,0,18,1,1,0",,,,,,,,,,,,,,,,,,,,,,,,,,,,,,,,,,,,,,,,,,,,,,,,,,,,,,,,,,,,,,,,,,,,,,,,,,,,,,,,,,,,,,,,,,,,,,,,,,,,
Skill2/12,"yuawies,head,6,-484,-1,0,4,1,1,0","yuawies,neck,3,-435,1,0,5,1,1,0","yuawies,body,-3,-313,-1,0,6,1,1,0","yuawies,arm_up,-72,-361,-13.4,0,4,1,1,0","yuawies,arm_low,-114,-296,-27,0,6,1,1,0","white_human,open,-165,-263,-69,0,6,0.7,0.8,0","yuawies,arm_up,62,-361,16,1,18,1,1,0","yuawies,arm_low,104,-296,22,1,19,1,1,0","white_human,open,153,-255,58,1,19,0.7,0.8,0","yuawies,leg_up,-32,-191,0,0,8,1.2,1.1,0","yuawies,leg_low,-42,-87,-9,0,10,1,1,0","yuawies,foot,-35,-18,0,0,10,1,1,0","yuawies,leg_up,35,-189,11,0,9,1,1,0","yuawies,leg_low,49,-83,9,0,13,1,1,0","yuawies,foot,69,-21,3,0,13,1,1,0",,,"yuawies,boobs,8,-348,3,0,5,1,0.9,0","yuawies,skirt,-14,-148,-2,0,18,1,1,0",,,,,,,,,,,,,,,,,,,,,,,,,,,,,,,,,,,,,,,,,,,,,,,,,,,,,,,,,,,,,,,,,,,,,,,,,,,,,,,,,,,,,,,,,,,,,,,,,,,,
Skill2/13,"yuawies,head,6,-484,1,0,4,1,1,0","yuawies,neck,3,-435,1,0,5,1,1,0","yuawies,body,-3,-313,-1,0,6,1,1,0","yuawies,arm_up,-69,-360,-8.4,0,4,1,1,0","yuawies,arm_low,-99,-290,-6,0,6,1,1,0","white_human,open,-130,-237,-33,0,6,0.7,0.8,0","yuawies,arm_up,60,-357,9,1,18,1,1,0","yuawies,arm_low,93,-286,11,1,19,1,1,0","white_human,open,130,-236,44,1,19,0.7,0.8,0","yuawies,leg_up,-32,-191,0,0,8,1.2,1.1,0","yuawies,leg_low,-42,-87,-9,0,10,1,1,0","yuawies,foot,-35,-18,0,0,10,1,1,0","yuawies,leg_up,35,-189,11,0,9,1,1,0","yuawies,leg_low,49,-83,9,0,13,1,1,0","yuawies,foot,69,-21,3,0,13,1,1,0",,,"yuawies,boobs,8,-347,4,0,5,1,0.9,0","yuawies,skirt,-14,-148,-2,0,18,1,1,0",,,,,,,,,,,,,,,,,,,,,,,,,,,,,,,,,,,,,,,,,,,,,,,,,,,,,,,,,,,,,,,,,,,,,,,,,,,,,,,,,,,,,,,,,,,,,,,,,,,,
Skill2/14,"yuawies,head,14,-486,-2,0,4,1,1,0","yuawies,neck,6,-435,1,0,5,1,1,0","yuawies,body,-1,-313,-2,0,6,1,1,0","yuawies,arm_up,-66,-358,-6.4,0,4,1,1,0","yuawies,arm_low,-92,-284,-1,0,6,1,1,0","white_human,open,-113,-223,-17,0,6,0.7,0.8,0","yuawies,arm_up,60,-357,3,1,18,1,1,0","yuawies,arm_low,87,-281,6,1,19,1,1,0","white_human,open,118,-224,31,1,19,0.7,0.8,0","yuawies,leg_up,-32,-191,0,0,8,1.2,1.1,0","yuawies,leg_low,-42,-87,-9,0,10,1,1,0","yuawies,foot,-35,-18,0,0,10,1,1,0","yuawies,leg_up,33,-189,8,0,9,1,1,0","yuawies,leg_low,41,-83,6,0,13,1,1,0","yuawies,foot,65,-21,1,0,13,1,1,0",,,"yuawies,boobs,13,-346,3,0,5,1,0.9,0","yuawies,skirt,-17,-148,-4,0,18,1,1,0",,,,,,,,,,,,,,,,,,,,,,,,,,,,,,,,,,,,,,,,,,,,,,,,,,,,,,,,,,,,,,,,,,,,,,,,,,,,,,,,,,,,,,,,,,,,,,,,,,,,
Skill2/15,"yuawies,head,18,-486,-4,0,4,1,1,0","yuawies,neck,10,-435,1,0,5,1,1,0","yuawies,body,1,-313,-5,0,6,1,1,0","yuawies,arm_up,-64,-360,-6.4,0,4,1,1,0","yuawies,arm_low,-69,-286,39,0,6,1,1,0","white_human,open,-52,-230,15,0,6,0.7,0.8,0","yuawies,arm_up,58,-357,-2,1,18,1,1,0","yuawies,arm_low,69,-281,-14,1,19,1,1,0","white_human,open,73,-218,2,1,19,0.7,0.8,0","yuawies,leg_up,-32,-191,0,0,8,1.2,1.1,0","yuawies,leg_low,-42,-87,-9,0,10,1,1,0","yuawies,foot,-35,-18,0,0,10,1,1,0","yuawies,leg_up,29,-189,8,0,9,1,1,0","yuawies,leg_low,36,-83,4,0,13,1,1,0","yuawies,foot,61,-21,1,0,13,1,1,0",,,"yuawies,boobs,15,-345,-1,0,5,1,0.9,0","yuawies,skirt,-19,-148,-6,0,18,1,1,0",,,,,,,,,,,,,,,,,,,,,,,,,,,,,,,,,,,,,,,,,,,,,,,,,,,,,,,,,,,,,,,,,,,,,,,,,,,,,,,,,,,,,,,,,,,,,,,,,,,,
Skill1/0,"yuawies,head,18,-486,-4,0,4,1,1,0","yuawies,neck,10,-435,1,0,5,1,1,0","yuawies,body,1,-313,-5,0,6,1,1,0","yuawies,arm_up,-64,-360,-6.4,0,4,1,1,0","yuawies,arm_low,-69,-286,39,0,6,1,1,0","white_human,open,-52,-230,15,0,6,0.7,0.8,0","yuawies,arm_up,58,-357,-2,1,18,1,1,0","yuawies,arm_low,69,-281,-14,1,19,1,1,0","white_human,open,73,-218,2,1,19,0.7,0.8,0","yuawies,leg_up,-32,-191,0,0,8,1.2,1.1,0","yuawies,leg_low,-42,-87,-9,0,10,1,1,0","yuawies,foot,-35,-18,0,0,10,1,1,0","yuawies,leg_up,29,-189,8,0,9,1,1,0","yuawies,leg_low,36,-83,4,0,13,1,1,0","yuawies,foot,61,-21,1,0,13,1,1,0",,,"yuawies,boobs,15,-345,-1,0,5,1,0.9,0","yuawies,skirt,-19,-148,-6,0,18,1,1,0",,,,,,,,,,,,,,,,,,,,,,,,,,,,,,,,,,,,,,,,,,,,,,,,,,,,,,,,,,,,,,,,,,,,,,,,,,,,,,,,,,,,,,,,,,,,,,,,,,,,
Skill1/1,"yuawies,head,11,-486,-1,0,4,1,1,0","yuawies,neck,4,-435,3,0,5,1,1,0","yuawies,body,-3,-313,-2,0,6,1,1,0","yuawies,arm_up,-64,-355,-0.4,0,4,1,1,0","yuawies,arm_low,-51,-288,64,0,6,1,1,0","white_human,open,-12,-248,45,0,6,0.7,0.8,0","yuawies,arm_up,56,-357,1,1,18,1,1,0","yuawies,arm_low,72,-281,-10,1,19,1,1,0","white_human,open,78,-218,5,1,19,0.7,0.8,0","yuawies,leg_up,-34,-191,-1,0,8,1.2,1.1,0","yuawies,leg_low,-43,-87,-7,0,10,1,1,0","yuawies,foot,-35,-18,0,0,10,1,1,0","yuawies,leg_up,31,-189,13,0,9,1,1,0","yuawies,leg_low,41,-83,-2,0,13,1,1,0","yuawies,foot,61,-21,1,0,13,1,1,0",,,"yuawies,boobs,10,-345,5,0,5,1,0.9,0","yuawies,skirt,-17,-148,-5,0,18,1,1,0",,,,,,,,,,,,,,,,,,,,,,,,,,,,,,,,,,,,,,,,,,,,,,,,,,,,,,,,,,,,,,,,,,,,,,,,,,,,,,,,,,,,,,,,,,,,,,,,,,,,
Skill1/2,"yuawies,head,8,-486,1,0,4,1,1,0","yuawies,neck,4,-435,3,0,5,1,1,0","yuawies,body,-3,-313,-2,0,6,1,1,0","yuawies,arm_up,-46,-352,23.6,0,4,1,1,0","yuawies,arm_low,-8,-292,88,0,6,1,1,0","white_human,open,46,-272,69,0,6,0.7,0.8,0","yuawies,arm_up,57,-357,2,1,18,1,1,0","yuawies,arm_low,73,-282,-9,1,19,1,1,0","white_human,open,82,-218,6,1,19,0.7,0.8,0","yuawies,leg_up,-34,-191,-1,0,8,1.2,1.1,0","yuawies,leg_low,-43,-87,-7,0,10,1,1,0","yuawies,foot,-35,-18,0,0,10,1,1,0","yuawies,leg_up,31,-189,13,0,9,1,1,0","yuawies,leg_low,41,-83,-2,0,13,1,1,0","yuawies,foot,61,-21,1,0,13,1,1,0",,,"yuawies,boobs,10,-345,5,0,5,1,0.9,0","yuawies,skirt,-17,-148,-5,0,18,1,1,0",,,,,,,,,,,,,,,,,,,,,,,,,,,,,,,,,,,,,,,,,,,,,,,,,,,,,,,,,,,,,,,,,,,,,,,,,,,,,,,,,,,,,,,,,,,,,,,,,,,,
Skill1/3,"yuawies,head,6,-486,2,0,4,1,1,0","yuawies,neck,2,-435,4,0,5,1,1,0","yuawies,body,-4,-313,-1,0,6,1,1,0","yuawies,arm_up,-25,-359,63.6,0,2,1,1,0","yuawies,arm_low,42,-340,128,0,4,1,1,0","white_human,open,100,-360,109,0,4,0.7,0.8,0","yuawies,arm_up,55,-357,3,1,18,1,1,0","yuawies,arm_low,73,-282,-8,1,19,1,1,0","white_human,open,83,-218,7,1,19,0.7,0.8,0","yuawies,leg_up,-34,-191,-1,0,8,1.2,1.1,0","yuawies,leg_low,-43,-87,-7,0,10,1,1,0","yuawies,foot,-35,-18,0,0,10,1,1,0","yuawies,leg_up,33,-189,14,0,9,1,1,0","yuawies,leg_low,42,-83,-3,0,13,1,1,0","yuawies,foot,61,-21,1,0,13,1,1,0",,,"yuawies,boobs,10,-345,5,0,5,1,0.9,0","yuawies,skirt,-15,-148,-4,0,18,1,1,0",,,,,,,,,,,,,,,,,,,,,,,,,,,,,,,,,,,,,,,,,,,,,,,,,,,,,,,,,,,,,,,,,,,,,,,,,,,,,,,,,,,,,,,,,,,,,,,,,,,,
Skill1/4,"yuawies,head,6,-486,3,0,4,1,1,0","yuawies,neck,2,-435,4,0,5,1,1,0","yuawies,body,-4,-313,-1,0,6,1,1,0","yuawies,arm_up,-25,-357,61.6,0,4,1,1,0","yuawies,arm_low,24,-357,168,0,4,1,1,0","white_human,twopoint,53,-412,157,0,4,0.7,0.8,0","yuawies,arm_up,55,-359,1,1,18,1,1,0","yuawies,arm_low,74,-282,-6,1,19,1,1,0","white_human,open,86,-218,9,1,19,0.7,0.8,0","yuawies,leg_up,-34,-191,-1,0,8,1.2,1.1,0","yuawies,leg_low,-43,-87,-7,0,10,1,1,0","yuawies,foot,-35,-18,0,0,10,1,1,0","yuawies,leg_up,33,-189,14,0,9,1,1,0","yuawies,leg_low,42,-83,-3,0,13,1,1,0","yuawies,foot,61,-21,1,0,13,1,1,0",,,"yuawies,boobs,10,-345,5,0,5,1,0.9,0","yuawies,skirt,-15,-148,-4,0,18,1,1,0",,,,,,,,,,,,,,,,,,,,,,,,,,,,,,,,,,,,,,,,,,,,,,,,,,,,,,,,,,,,,,,,,,,,,,,,,,,,,,,,,,,,,,,,,,,,,,,,,,,,
Skill1/5,"yuawies,happy,5,-487,6,0,4,1,1,0","yuawies,neck,2,-435,4,0,5,1,1,0","yuawies,body,-4,-313,-1,0,6,1,1,0","yuawies,arm_up,-23,-350,59.6,0,4,1.1,1.1,0","yuawies,arm_low,23,-345,178,0,4,1,1,0","white_human,twopoint,35,-406,-180,0,4,0.7,0.8,0","yuawies,arm_up,55,-359,1,1,18,1,1,0","yuawies,arm_low,74,-282,-6,1,19,1,1,0","white_human,open,86,-218,9,1,19,0.7,0.8,0","yuawies,leg_up,-34,-191,-1,0,8,1.2,1.1,0","yuawies,leg_low,-43,-87,-7,0,10,1,1,0","yuawies,foot,-35,-18,0,0,10,1,1,0","yuawies,leg_up,33,-189,14,0,9,1,1,0","yuawies,leg_low,42,-83,-3,0,13,1,1,0","yuawies,foot,61,-21,1,0,13,1,1,0",,,"yuawies,boobs,10,-345,5,0,5,1,0.9,0","yuawies,skirt,-15,-148,-4,0,18,1,1,0",,,,,,,,,,,,,,,,,,,,,,,,,,,,,,,,,,,,,,,,,,,,,,,,,,,,,,,,,,,,,,,,,,,,,,,,,,,,,,,,,,,,,,,,,,,,,,,,,,,,"whistle1,1000,0"
Skill1/6,"yuawies,happy,6,-487,3,0,4,1,1,0","yuawies,neck,2,-435,4,0,5,1,1,0","yuawies,body,-4,-313,-1,0,6,1,1,0","yuawies,arm_up,-23,-348,56.6,0,4,1.1,1.1,0","yuawies,arm_low,22,-342,-176,0,4,1,1,0","white_human,twopoint,30,-406,-174,0,4,0.7,0.8,0","yuawies,arm_up,53,-359,-1,1,18,1,1,0","yuawies,arm_low,74,-282,-1,1,19,1,1,0","white_human,open,93,-218,14,1,19,0.7,0.8,0","yuawies,leg_up,-34,-191,-1,0,8,1.2,1.1,0","yuawies,leg_low,-43,-87,-7,0,10,1,1,0","yuawies,foot,-35,-18,0,0,10,1,1,0","yuawies,leg_up,33,-189,14,0,9,1,1,0","yuawies,leg_low,42,-83,-3,0,13,1,1,0","yuawies,foot,61,-21,1,0,13,1,1,0",,,"yuawies,boobs,10,-345,4,0,5,1,0.9,0","yuawies,skirt,-13,-148,-3,0,18,1,1,0",,,,,,,,,,,,,,,,,,,,,,,,,,,,,,,,,,,,,,,,,,,,,,,,,,,,,,,,,,,,,,,,,,,,,,,,,,,,,,,,,,,,,,,,,,,,,,,,,,play_time_mod_1.5,,
Skill1/7,"yuawies,happy,6,-487,4,0,4,1,1,0","yuawies,neck,2,-435,4,0,5,1,1,0","yuawies,body,-4,-313,-1,0,6,1,1,0","yuawies,arm_up,-20,-351,62.6,0,4,1.1,1.1,0","yuawies,arm_low,33,-343,180,0,4,1,1,0","white_human,twopoint,59,-405,156,0,4,0.7,0.8,0","yuawies,arm_up,53,-359,0,1,18,1,1,0","yuawies,arm_low,74,-282,0,1,19,1,1,0","white_human,open,94,-218,15,1,19,0.7,0.8,0","yuawies,leg_up,-34,-191,-1,0,8,1.2,1.1,0","yuawies,leg_low,-43,-87,-7,0,10,1,1,0","yuawies,foot,-35,-18,0,0,10,1,1,0","yuawies,leg_up,33,-189,14,0,9,1,1,0","yuawies,leg_low,42,-83,-3,0,13,1,1,0","yuawies,foot,61,-21,1,0,13,1,1,0",,,"yuawies,boobs,10,-345,4,0,5,1,0.9,0","yuawies,skirt,-13,-148,-2,0,18,1,1,0",,,,,,,,,,,,,,,,,,,,,,,,,,,,,,,,,,,,,,,,,,,,,,,,,,,,,,,,,,,,,,,,,,,,,,,,,,,,,,,,,,,,,,,,,,,,,,,,,,,,
Skill1/8,"yuawies,happy,5,-487,5,0,4,1,1,0","yuawies,neck,2,-435,4,0,5,1,1,0","yuawies,body,-4,-313,-1,0,6,1,1,0","yuawies,arm_up,-20,-352,63.6,0,4,1.1,1.1,0","yuawies,arm_low,38,-344,159,0,4,1,1,0","white_human,twopoint,92,-393,126,0,4,0.7,0.8,0","yuawies,arm_up,53,-359,0,1,18,1,1,0","yuawies,arm_low,74,-282,0,1,19,1,1,0","white_human,open,94,-218,15,1,19,0.7,0.8,0","yuawies,leg_up,-34,-191,-1,0,8,1.2,1.1,0","yuawies,leg_low,-43,-87,-7,0,10,1,1,0","yuawies,foot,-35,-18,0,0,10,1,1,0","yuawies,leg_up,33,-189,14,0,9,1,1,0","yuawies,leg_low,42,-83,-3,0,13,1,1,0","yuawies,foot,61,-21,1,0,13,1,1,0",,,"yuawies,boobs,10,-345,4,0,5,1,0.9,0","yuawies,skirt,-12,-148,-1,0,18,1,1,0",,,,,,,,,,,,,,,,,,,,,,,,,,,,,,,,,,,,,,,,,,,,,,,,,,,,,,,,,,,,,,,,,,,,,,,,,,,,,,,,,,,,,,,,,,,,,,,,,,,,
Skill1/9,"yuawies,happy,5,-487,6,0,4,1,1,0","yuawies,neck,2,-435,4,0,5,1,1,0","yuawies,body,-4,-313,-1,0,6,1,1,0","yuawies,arm_up,-20,-352,63.6,0,4,1.1,1.1,0","yuawies,arm_low,38,-342,154,0,4,1,1,0","white_human,twopoint,94,-381,116,0,4,0.7,0.8,0","yuawies,arm_up,53,-359,0,1,18,1,1,0","yuawies,arm_low,74,-282,0,1,19,1,1,0","white_human,open,94,-218,15,1,19,0.7,0.8,0","yuawies,leg_up,-34,-191,-1,0,8,1.2,1.1,0","yuawies,leg_low,-43,-87,-7,0,10,1,1,0","yuawies,foot,-35,-18,0,0,10,1,1,0","yuawies,leg_up,33,-189,14,0,9,1,1,0","yuawies,leg_low,42,-83,-3,0,13,1,1,0","yuawies,foot,61,-21,1,0,13,1,1,0",,,"yuawies,boobs,10,-345,4,0,5,1,0.9,0","yuawies,skirt,-12,-148,-1,0,18,1,1,0",,,,,,,,,,,,,,,,,,,,,,,,,,,,,,,,,,,,,,,,,,,,,,,,,,,,,,,,,,,,,,,,,,,,,,,,,,,,,,,,,,,,,,,,,,,,,,,,,,play_time_mod_1.5,,
Skill1/10,"yuawies,head,6,-486,2,0,4,1,1,0","yuawies,neck,2,-435,4,0,5,1,1,0","yuawies,body,-4,-313,-1,0,6,1,1,0","yuawies,arm_up,-25,-359,63.6,0,2,1,1,0","yuawies,arm_low,42,-340,128,0,4,1,1,0","white_human,open,100,-360,109,0,4,0.7,0.8,0","yuawies,arm_up,55,-357,3,1,18,1,1,0","yuawies,arm_low,73,-282,-8,1,19,1,1,0","white_human,open,83,-218,7,1,19,0.7,0.8,0","yuawies,leg_up,-34,-191,-1,0,8,1.2,1.1,0","yuawies,leg_low,-43,-87,-7,0,10,1,1,0","yuawies,foot,-35,-18,0,0,10,1,1,0","yuawies,leg_up,33,-189,14,0,9,1,1,0","yuawies,leg_low,42,-83,-3,0,13,1,1,0","yuawies,foot,61,-21,1,0,13,1,1,0",,,"yuawies,boobs,10,-345,5,0,5,1,0.9,0","yuawies,skirt,-15,-148,-4,0,18,1,1,0",,,,,,,,,,,,,,,,,,,,,,,,,,,,,,,,,,,,,,,,,,,,,,,,,,,,,,,,,,,,,,,,,,,,,,,,,,,,,,,,,,,,,,,,,,,,,,,,,,,,
Skill1/11,"yuawies,head,8,-486,1,0,4,1,1,0","yuawies,neck,4,-435,3,0,5,1,1,0","yuawies,body,-3,-313,-2,0,6,1,1,0","yuawies,arm_up,-46,-352,23.6,0,4,1,1,0","yuawies,arm_low,-8,-292,88,0,6,1,1,0","white_human,open,46,-272,69,0,6,0.7,0.8,0","yuawies,arm_up,57,-357,2,1,18,1,1,0","yuawies,arm_low,73,-282,-9,1,19,1,1,0","white_human,open,82,-218,6,1,19,0.7,0.8,0","yuawies,leg_up,-34,-191,-1,0,8,1.2,1.1,0","yuawies,leg_low,-43,-87,-7,0,10,1,1,0","yuawies,foot,-35,-18,0,0,10,1,1,0","yuawies,leg_up,31,-189,13,0,9,1,1,0","yuawies,leg_low,41,-83,-2,0,13,1,1,0","yuawies,foot,61,-21,1,0,13,1,1,0",,,"yuawies,boobs,10,-345,5,0,5,1,0.9,0","yuawies,skirt,-17,-148,-5,0,18,1,1,0",,,,,,,,,,,,,,,,,,,,,,,,,,,,,,,,,,,,,,,,,,,,,,,,,,,,,,,,,,,,,,,,,,,,,,,,,,,,,,,,,,,,,,,,,,,,,,,,,,,,
Skill1/12,"yuawies,head,11,-486,-1,0,4,1,1,0","yuawies,neck,4,-435,3,0,5,1,1,0","yuawies,body,-3,-313,-2,0,6,1,1,0","yuawies,arm_up,-64,-355,-0.4,0,4,1,1,0","yuawies,arm_low,-51,-288,64,0,6,1,1,0","white_human,open,-12,-248,45,0,6,0.7,0.8,0","yuawies,arm_up,56,-357,1,1,18,1,1,0","yuawies,arm_low,72,-281,-10,1,19,1,1,0","white_human,open,78,-218,5,1,19,0.7,0.8,0","yuawies,leg_up,-34,-191,-1,0,8,1.2,1.1,0","yuawies,leg_low,-43,-87,-7,0,10,1,1,0","yuawies,foot,-35,-18,0,0,10,1,1,0","yuawies,leg_up,31,-189,13,0,9,1,1,0","yuawies,leg_low,41,-83,-2,0,13,1,1,0","yuawies,foot,61,-21,1,0,13,1,1,0",,,"yuawies,boobs,10,-345,5,0,5,1,0.9,0","yuawies,skirt,-17,-148,-5,0,18,1,1,0",,,,,,,,,,,,,,,,,,,,,,,,,,,,,,,,,,,,,,,,,,,,,,,,,,,,,,,,,,,,,,,,,,,,,,,,,,,,,,,,,,,,,,,,,,,,,,,,,,,,
Skill1/13,"yuawies,head,18,-486,-4,0,4,1,1,0","yuawies,neck,10,-435,1,0,5,1,1,0","yuawies,body,1,-313,-5,0,6,1,1,0","yuawies,arm_up,-64,-360,-6.4,0,4,1,1,0","yuawies,arm_low,-69,-286,39,0,6,1,1,0","white_human,open,-52,-230,15,0,6,0.7,0.8,0","yuawies,arm_up,58,-357,-2,1,18,1,1,0","yuawies,arm_low,69,-281,-14,1,19,1,1,0","white_human,open,73,-218,2,1,19,0.7,0.8,0","yuawies,leg_up,-32,-191,0,0,8,1.2,1.1,0","yuawies,leg_low,-42,-87,-9,0,10,1,1,0","yuawies,foot,-35,-18,0,0,10,1,1,0","yuawies,leg_up,29,-189,8,0,9,1,1,0","yuawies,leg_low,36,-83,4,0,13,1,1,0","yuawies,foot,61,-21,1,0,13,1,1,0",,,"yuawies,boobs,15,-345,-1,0,5,1,0.9,0","yuawies,skirt,-19,-148,-6,0,18,1,1,0",,,,,,,,,,,,,,,,,,,,,,,,,,,,,,,,,,,,,,,,,,,,,,,,,,,,,,,,,,,,,,,,,,,,,,,,,,,,,,,,,,,,,,,,,,,,,,,,,,,,
UseItem/0,"yuawies,head,18,-486,-4,0,4,1,1,0","yuawies,neck,10,-435,1,0,5,1,1,0","yuawies,body,1,-313,-5,0,6,1,1,0","yuawies,arm_up,-64,-360,-6.4,0,4,1,1,0","yuawies,arm_low,-69,-286,39,0,6,1,1,0","white_human,open,-52,-230,15,0,6,0.7,0.8,0","yuawies,arm_up,58,-357,-1,1,18,1,1,0","yuawies,arm_low,70,-281,-13,1,19,1,1,0","white_human,open,75,-218,3,1,19,0.7,0.8,0","yuawies,leg_up,-32,-191,0,0,8,1.2,1.1,0","yuawies,leg_low,-42,-87,-9,0,10,1,1,0","yuawies,foot,-35,-18,0,0,10,1,1,0","yuawies,leg_up,29,-189,8,0,9,1,1,0","yuawies,leg_low,36,-83,4,0,13,1,1,0","yuawies,foot,61,-21,1,0,13,1,1,0",,,"yuawies,boobs,15,-345,-1,0,5,1,0.9,0","yuawies,skirt,-19,-148,-6,0,18,1,1,0",,,,,,,,,,,,,,,,,,,,,,,,,,,,,,,,,,,,,,,,,,,,,,,,,,,,,,,,,,,,,,,,,,,,,,,,,,,,,,,,,,,,,,,,,,,,,,,,,,play_time_mod_0.5,,
UseItem/1,"yuawies,head,21,-485,-6,0,4,1,1,0","yuawies,neck,12,-435,1,0,5,1,1,0","yuawies,body,3,-313,-6,0,6,1,1,0","yuawies,arm_up,-67,-364,-15.4,0,4,1,1,0","yuawies,arm_low,-88,-292,21,0,6,1,1,0","white_human,open,-84,-227,8,0,19,0.7,0.8,0","yuawies,arm_up,64,-357,1,1,18,1,1,0","yuawies,arm_low,80,-281,-11,1,19,1,1,0","white_human,open,87,-218,5,1,19,0.7,0.8,0","yuawies,leg_up,-35,-191,-2,0,8,1.2,1.1,0","yuawies,leg_low,-47,-87,-9,0,10,1,1,0","yuawies,foot,-40,-18,-3,0,10,1,1,0","yuawies,leg_up,29,-189,8,0,9,1,1,0","yuawies,leg_low,36,-83,4,0,13,1,1,0","yuawies,foot,61,-21,1,0,13,1,1,0",,,"yuawies,boobs,15,-345,-1,0,5,1,0.9,0","yuawies,skirt,-20,-148,-7,0,18,1,1,0",,,,,,,,,,,,,,,,,,,,,,,,,,,,,,,,,,,,,,,,,,,,,,,,,,,,,,,,,,,,,,,,,,,,,,,,,,,,,,,,,,,,,,,,,,,,,,,,,,play_time_mod_0.5,,
UseItem/2,"yuawies,head,22,-485,-7,0,4,1,1,0","yuawies,neck,12,-435,-1,0,5,1,1,0","yuawies,body,3,-313,-6,0,6,1,1,0","yuawies,arm_up,-64,-363,-13.4,0,4,1,1,0","yuawies,arm_low,-77,-291,32,0,19,1,1,0","white_human,open,-64,-227,8,0,19,0.7,0.8,0","yuawies,arm_up,63,-356,2,1,18,1,1,0","yuawies,arm_low,80,-280,-10,1,19,1,1,0","white_human,open,88,-217,6,1,19,0.7,0.8,0","yuawies,leg_up,-35,-191,-2,0,8,1.2,1.1,0","yuawies,leg_low,-47,-87,-9,0,10,1,1,0","yuawies,foot,-40,-18,-3,0,10,1,1,0","yuawies,leg_up,29,-189,8,0,9,1,1,0","yuawies,leg_low,36,-83,4,0,13,1,1,0","yuawies,foot,61,-21,1,0,13,1,1,0",,,"yuawies,boobs,15,-345,-1,0,5,1,0.9,0","yuawies,skirt,-20,-148,-7,0,18,1,1,0",,,,,,,,,,,,,,,,,,,,,,,,,,,,,,,,,,,,,,,,,,,,,,,,,,,,,,,,,,,,,,,,,,,,,,,,,,,,,,,,,,,,,,,,,,,,,,,,,,,,
UseItem/3,"yuawies,head,22,-485,-8,0,4,1,1,0","yuawies,neck,12,-435,-1,0,5,1,1,0","yuawies,body,2,-313,-5,0,6,1,1,0","yuawies,arm_up,-63,-363,-11.4,0,4,1,1,0","yuawies,arm_low,-76,-291,34,0,19,1,1,0","white_human,open,-64,-227,8,0,19,0.7,0.8,0","yuawies,arm_up,62,-356,3,1,18,1,1,0","yuawies,arm_low,80,-280,-9,1,19,1,1,0","white_human,open,89,-217,7,1,19,0.7,0.8,0","yuawies,leg_up,-35,-191,-2,0,8,1.2,1.1,0","yuawies,leg_low,-47,-87,-9,0,10,1,1,0","yuawies,foot,-40,-18,-3,0,10,1,1,0","yuawies,leg_up,29,-189,8,0,9,1,1,0","yuawies,leg_low,36,-83,4,0,13,1,1,0","yuawies,foot,61,-21,1,0,13,1,1,0",,,"yuawies,boobs,15,-345,0,0,5,1,0.9,0","yuawies,skirt,-17,-148,-5,0,18,1,1,0",,,,,,,,,,,,,,,,,,,,,,,,,,,,,,,,,,,,,,,,,,,,,,,,,,,,,,,,,,,,,,,,,,,,,,,,,,,,,,,,,,,,,,,,,,,,,,,,,,,,
UseItem/4,"yuawies,head,22,-485,-7,0,4,1,1,0","yuawies,neck,12,-435,-1,0,5,1,1,0","yuawies,body,3,-313,-6,0,6,1,1,0","yuawies,arm_up,-64,-363,-13.4,0,4,1,1,0","yuawies,arm_low,-77,-291,32,0,19,1,1,0","white_human,open,-64,-227,8,0,19,0.7,0.8,0","yuawies,arm_up,63,-356,2,1,18,1,1,0","yuawies,arm_low,80,-280,-10,1,19,1,1,0","white_human,open,88,-217,6,1,19,0.7,0.8,0","yuawies,leg_up,-35,-191,-2,0,8,1.2,1.1,0","yuawies,leg_low,-47,-87,-9,0,10,1,1,0","yuawies,foot,-40,-18,-3,0,10,1,1,0","yuawies,leg_up,29,-189,8,0,9,1,1,0","yuawies,leg_low,36,-83,4,0,13,1,1,0","yuawies,foot,61,-21,1,0,13,1,1,0",,,"yuawies,boobs,15,-345,-1,0,5,1,0.9,0","yuawies,skirt,-20,-148,-7,0,18,1,1,0",,,,,,,,,,,,,,,,,,,,,,,,,,,,,,,,,,,,,,,,,,,,,,,,,,,,,,,,,,,,,,,,,,,,,,,,,,,,,,,,,,,,,,,,,,,,,,,,,,,,
UseItem/5,"yuawies,head,21,-485,-6,0,4,1,1,0","yuawies,neck,12,-435,1,0,5,1,1,0","yuawies,body,3,-313,-6,0,6,1,1,0","yuawies,arm_up,-65,-364,-15.4,0,4,1,1,0","yuawies,arm_low,-86,-292,21,0,6,1,1,0","white_human,open,-82,-227,8,0,19,0.7,0.8,0","yuawies,arm_up,64,-357,1,1,18,1,1,0","yuawies,arm_low,80,-281,-11,1,19,1,1,0","white_human,open,87,-218,5,1,19,0.7,0.8,0","yuawies,leg_up,-35,-191,-2,0,8,1.2,1.1,0","yuawies,leg_low,-47,-87,-9,0,10,1,1,0","yuawies,foot,-40,-18,-3,0,10,1,1,0","yuawies,leg_up,29,-189,8,0,9,1,1,0","yuawies,leg_low,36,-83,4,0,13,1,1,0","yuawies,foot,61,-21,1,0,13,1,1,0",,,"yuawies,boobs,15,-345,-1,0,5,1,0.9,0","yuawies,skirt,-20,-148,-7,0,18,1,1,0","item,meat,-59,-215,-100,0,20,1,1,0",,,,,,,,,,,,,,,,,,,,,,,,,,,,,,,,,,,,,,,,,,,,,,,,,,,,,,,,,,,,,,,,,,,,,,,,,,,,,,,,,,,,,,,,,,,,,,,,,,,
UseItem/6,"yuawies,head,10,-485,0,0,4,1,1,0","yuawies,neck,1,-435,2,0,5,1,1,0","yuawies,body,-2,-313,-3,0,6,1,1,0","yuawies,arm_up,-72,-363,-15.4,0,4,1,1,0","yuawies,arm_low,-104,-291,1,0,6,1,1,0","white_human,fist_back,-129,-232,-21,1,19,0.7,0.8,0","yuawies,arm_up,56,-354,3,1,18,1,1,0","yuawies,arm_low,74,-278,-9,1,19,1,1,0","white_human,open,82,-213,4,1,19,0.7,0.8,0","yuawies,leg_up,-36,-191,-5,0,8,1.2,1.1,0","yuawies,leg_low,-51,-87,-11,0,10,1,1,0","yuawies,foot,-44,-18,-3,0,10,1,1,0","yuawies,leg_up,30,-189,10,0,9,1,1,0","yuawies,leg_low,39,-83,5,0,13,1,1,0","yuawies,foot,63,-21,1,0,13,1,1,0",,,"yuawies,boobs,11,-345,3,0,5,1,0.9,0","yuawies,skirt,-32,-148,-15,0,18,1,1,0","item,meat,-161,-236,57,0,20,1,1,0",,,,,,,,,,,,,,,,,,,,,,,,,,,,,,,,,,,,,,,,,,,,,,,,,,,,,,,,,,,,,,,,,,,,,,,,,,,,,,,,,,,,,,,,,,,,,,,,,,,
UseItem/7,"yuawies,happy,8,-485,3,0,4,1,1,0","yuawies,neck,1,-435,2,0,5,1,1,0","yuawies,body,-2,-313,-3,0,6,1,1,0","yuawies,arm_up,-70,-358,-8.4,0,4,1,1,0","yuawies,arm_low,-82,-285,26,0,6,1,1,0","white_human,fist,-72,-228,18,0,5,0.7,0.8,0","yuawies,arm_up,55,-356,1,1,18,1,1,0","yuawies,arm_low,71,-279,-11,1,19,1,1,0","white_human,open,79,-213,4,1,19,0.7,0.8,0","yuawies,leg_up,-36,-191,-5,0,8,1.2,1.1,0","yuawies,leg_low,-51,-87,-11,0,10,1,1,0","yuawies,foot,-44,-18,-3,0,10,1,1,0","yuawies,leg_up,30,-189,10,0,9,1,1,0","yuawies,leg_low,39,-83,5,0,13,1,1,0","yuawies,foot,63,-21,1,0,13,1,1,0",,,"yuawies,boobs,11,-345,1,0,5,1,0.9,0","yuawies,skirt,-25,-148,-9,0,18,1,1,0","item,meat,-40,-229,-65,0,6,1,1,0",,,,,,,,,,,,,,,,,,,,,,,,,,,,,,,,,,,,,,,,,,,,,,,,,,,,,,,,,,,,,,,,,,,,,,,,,,,,,,,,,,,,,,,,,,,,,,,,,,,
UseItem/8,"yuawies,happy,11,-483,-4,0,4,1,1,0","yuawies,neck,1,-435,2,0,5,1,1,0","yuawies,body,-2,-313,-3,0,6,1,1,0","yuawies,arm_up,-55,-352,11.6,0,4,1,1,0","yuawies,arm_low,-34,-285,63,0,6,1,1,0","white_human,fist,3,-245,48,0,5,0.7,0.8,0","yuawies,arm_up,53,-356,-1,1,18,1,1,0","yuawies,arm_low,67,-279,-12,1,19,1,1,0","white_human,open,74,-213,4,1,19,0.7,0.8,0","yuawies,leg_up,-36,-191,-5,0,8,1.2,1.1,0","yuawies,leg_low,-51,-87,-11,0,10,1,1,0","yuawies,foot,-44,-18,-3,0,10,1,1,0","yuawies,leg_up,30,-189,10,0,9,1,1,0","yuawies,leg_low,39,-83,5,0,13,1,1,0","yuawies,foot,63,-21,1,0,13,1,1,0",,,"yuawies,boobs,11,-345,1,0,5,1,0.9,0","yuawies,skirt,-12,-148,-2,0,18,1,1,0","item,meat,33,-260,-42,0,6,1,1,0",,,,,,,,,,,,,,,,,,,,,,,,,,,,,,,,,,,,,,,,,,,,,,,,,,,,,,,,,,,,,,,,,,,,,,,,,,,,,,,,,,,,,,,,,,,,,,,,,,,
UseItem/9,"yuawies,happy,14,-483,-6,0,4,1,1,0","yuawies,neck,1,-435,2,0,5,1,1,0","yuawies,body,-2,-313,-3,0,6,1,1,0","yuawies,arm_up,-50,-352,16.6,0,4,1,1,0","yuawies,arm_low,-17,-300,93,0,5,1,1,0","white_human,fist,38,-286,80,0,4,0.7,0.8,0","yuawies,arm_up,53,-356,-1,1,18,1,1,0","yuawies,arm_low,65,-279,-14,1,19,1,1,0","white_human,open,70,-213,3,1,19,0.7,0.8,0","yuawies,leg_up,-36,-191,-5,0,8,1.2,1.1,0","yuawies,leg_low,-51,-87,-11,0,10,1,1,0","yuawies,foot,-44,-18,-3,0,10,1,1,0","yuawies,leg_up,30,-189,10,0,9,1,1,0","yuawies,leg_low,39,-83,5,0,13,1,1,0","yuawies,foot,63,-21,1,0,13,1,1,0",,,"yuawies,boobs,11,-345,1,0,5,1,0.9,0","yuawies,skirt,2,-148,9,0,18,1,1,0","item,meat,56,-319,-15,0,5,1,1,0",,,,,,,,,,,,,,,,,,,,,,,,,,,,,,,,,,,,,,,,,,,,,,,,,,,,,,,,,,,,,,,,,,,,,,,,,,,,,,,,,,,,,,,,,,,,,,,,,,,
UseItem/10,"yuawies,happy,20,-476,-10,0,4,1,1,0","yuawies,neck,3,-435,-2,0,5,1,1,0","yuawies,body,-1,-313,-4,0,6,1,1,0","yuawies,arm_up,-49,-353,16.6,0,4,1,1,0","yuawies,arm_low,-16,-321,124,0,4,1,1,0","white_human,fist,39,-336,111,0,3,0.7,0.8,0","yuawies,arm_up,53,-356,-1,1,18,1,1,0","yuawies,arm_low,65,-279,-14,1,19,1,1,0","white_human,open,70,-213,3,1,19,0.7,0.8,0","yuawies,leg_up,-39,-191,-6,0,8,1.2,1.1,0","yuawies,leg_low,-55,-87,-12,0,10,1,1,0","yuawies,foot,-47,-18,-4,0,10,1,1,0","yuawies,leg_up,30,-189,10,0,9,1,1,0","yuawies,leg_low,39,-83,5,0,13,1,1,0","yuawies,foot,63,-21,1,0,13,1,1,0",,,"yuawies,boobs,11,-345,1,0,5,1,0.9,0","yuawies,skirt,15,-155,14,1,18,1,1,0","item,meat,38,-374,16,0,4,1,1,0",,,,,,,,,,,,,,,,,,,,,,,,,,,,,,,,,,,,,,,,,,,,,,,,,,,,,,,,,,,,,,,,,,,,,,,,,,,,,,,,,,,,,,,,,,,,,,,,,,,
UseItem/11,"yuawies,happy,21,-473,-12,0,4,1,1,0","yuawies,neck,3,-435,-2,0,5,1,1,0","yuawies,body,0,-313,-5,0,6,1,1,0","yuawies,arm_up,-47,-353,15.6,0,4,1,1,0","yuawies,arm_low,-16,-321,125,0,4,1,1,0","white_human,fist,37,-340,115,0,3,0.7,0.8,0","yuawies,arm_up,52,-356,-3,1,18,1,1,0","yuawies,arm_low,64,-279,-14,1,19,1,1,0","white_human,open,70,-213,3,1,19,0.7,0.8,0","yuawies,leg_up,-39,-191,-6,0,8,1.2,1.1,0","yuawies,leg_low,-55,-87,-12,0,10,1,1,0","yuawies,foot,-47,-18,-4,0,10,1,1,0","yuawies,leg_up,30,-189,10,0,9,1,1,0","yuawies,leg_low,39,-83,5,0,13,1,1,0","yuawies,foot,63,-21,1,0,13,1,1,0",,,"yuawies,boobs,11,-345,1,0,5,1,0.9,0","yuawies,skirt,21,-154,18,1,18,1,1,0","item,meat,36,-378,20,0,4,1,1,0",,,,,,,,,,,,,,,,,,,,,,,,,,,,,,,,,,,,,,,,,,,,,,,,,,,,,,,,,,,,,,,,,,,,,,,,,,,,,,,,,,,,,,,,,,,,,,,,,,,
UseItem/12,"yuawies,happy,21,-473,-9,0,4,1,1,0","yuawies,neck,3,-435,-2,0,5,1,1,0","yuawies,body,0,-313,-5,0,6,1,1,0","yuawies,arm_up,-48,-353,14.6,0,4,1,1,0","yuawies,arm_low,-17,-320,124,0,4,1,1,0","white_human,fist,36,-338,114,0,3,0.7,0.8,0","yuawies,arm_up,52,-356,-3,1,18,1,1,0","yuawies,arm_low,63,-279,-15,1,19,1,1,0","white_human,open,68,-213,3,1,19,0.7,0.8,0","yuawies,leg_up,-39,-191,-6,0,8,1.2,1.1,0","yuawies,leg_low,-55,-87,-12,0,10,1,1,0","yuawies,foot,-47,-18,-4,0,10,1,1,0","yuawies,leg_up,30,-189,10,0,9,1,1,0","yuawies,leg_low,39,-83,5,0,13,1,1,0","yuawies,foot,63,-21,1,0,13,1,1,0",,,"yuawies,boobs,11,-345,1,0,5,1,0.9,0","yuawies,skirt,5,-154,10,0,18,1,1,0","item,meat,35,-376,19,0,4,1,1,0",,,,,,,,,,,,,,,,,,,,,,,,,,,,,,,,,,,,,,,,,,,,,,,,,,,,,,,,,,,,,,,,,,,,,,,,,,,,,,,,,,,,,,,,,"use_item,base,40,-390,0,0,0,1,1,1",,,,,,,,,,
UseItem/13,"yuawies,happy,15,-477,-2,0,4,1,1,0","yuawies,neck,3,-435,-2,0,5,1,1,0","yuawies,body,0,-313,-5,0,6,1,1,0","yuawies,arm_up,-54,-354,9.6,0,4,1,1,0","yuawies,arm_low,-27,-308,104,0,4,1,1,0","white_human,open,36,-304,89,0,3,0.7,0.8,0","yuawies,arm_up,52,-356,-3,1,18,1,1,0","yuawies,arm_low,63,-279,-15,1,19,1,1,0","white_human,open,68,-213,3,1,19,0.7,0.8,0","yuawies,leg_up,-39,-191,-6,0,8,1.2,1.1,0","yuawies,leg_low,-55,-87,-12,0,10,1,1,0","yuawies,foot,-47,-18,-4,0,10,1,1,0","yuawies,leg_up,30,-189,10,0,9,1,1,0","yuawies,leg_low,39,-83,5,0,13,1,1,0","yuawies,foot,63,-21,1,0,13,1,1,0",,,"yuawies,boobs,13,-342,2,0,5,1.1,1,0","yuawies,skirt,-11,-154,-2,0,18,1,1,0",,,,,,,,,,,,,,,,,,,,,,,,,,,,,,,,,,,,,,,,,,,,,,,,,,,,,,,,,,,,,,,,,,,,,,,,,,,,,,,,,,,,,,,,,,,,,,,,,,,,
UseItem/14,"yuawies,happy,11,-478,1,0,4,1,1,0","yuawies,neck,3,-435,-2,0,5,1,1,0","yuawies,body,0,-313,-5,0,6,1,1,0","yuawies,arm_up,-57,-355,1.6,0,4,1,1,0","yuawies,arm_low,-38,-303,94,0,4,1,1,0","white_human,open,23,-289,79,0,3,0.7,0.8,0","yuawies,arm_up,54,-359,-2,1,18,1,1,0","yuawies,arm_low,68,-279,-14,1,19,1,1,0","white_human,open,73,-213,5,1,19,0.7,0.8,0","yuawies,leg_up,-39,-191,-6,0,8,1.2,1.1,0","yuawies,leg_low,-55,-87,-12,0,10,1,1,0","yuawies,foot,-47,-18,-4,0,10,1,1,0","yuawies,leg_up,30,-189,9,0,9,1,1,0","yuawies,leg_low,39,-83,5,0,13,1,1,0","yuawies,foot,63,-21,1,0,13,1,1,0",,,"yuawies,boobs,18,-341,4,0,5,1.1,1.1,0","yuawies,skirt,-19,-154,-8,0,18,1,1,0",,,,,,,,,,,,,,,,,,,,,,,,,,,,,,,,,,,,,,,,,,,,,,,,,,,,,,,,,,,,,,,,,,,,,,,,,,,,,,,,,,,,,,,,,,,,,,,,,,play_time_mod_0.5,,
UseItem/15,"yuawies,happy,10,-482,1,0,4,1,1,0","yuawies,neck,5,-435,-2,0,5,1,1,0","yuawies,body,0,-313,-5,0,6,1,1,0","yuawies,arm_up,-61,-357,-3.4,0,4,1,1,0","yuawies,arm_low,-44,-305,91,0,4,1,1,0","white_human,open,16,-285,71,0,3,0.7,0.8,0","yuawies,arm_up,54,-359,-2,1,18,1,1,0","yuawies,arm_low,68,-279,-14,1,19,1,1,0","white_human,open,73,-213,5,1,19,0.7,0.8,0","yuawies,leg_up,-39,-191,-6,0,8,1.2,1.1,0","yuawies,leg_low,-55,-87,-12,0,10,1,1,0","yuawies,foot,-47,-18,-4,0,10,1,1,0","yuawies,leg_up,30,-189,9,0,9,1,1,0","yuawies,leg_low,39,-83,5,0,13,1,1,0","yuawies,foot,63,-21,1,0,13,1,1,0",,,"yuawies,boobs,16,-343,4,0,5,1,1,0","yuawies,skirt,-19,-154,-8,0,18,1,1,0",,,,,,,,,,,,,,,,,,,,,,,,,,,,,,,,,,,,,,,,,,,,,,,,,,,,,,,,,,,,,,,,,,,,,,,,,,,,,,,,,,,,,,,,,,,,,,,,,,,,
UseItem/16,"yuawies,happy,12,-484,-1,0,4,1,1,0","yuawies,neck,5,-435,-2,0,5,1,1,0","yuawies,body,0,-312,-5,0,6,1,1,0","yuawies,arm_up,-60,-357,-3.4,0,4,1,1,0","yuawies,arm_low,-44,-304,96,0,4,1,1,0","white_human,open,16,-296,89,0,3,0.7,0.8,0","yuawies,arm_up,54,-359,-2,1,18,1,1,0","yuawies,arm_low,68,-279,-14,1,19,1,1,0","white_human,open,73,-213,5,1,19,0.7,0.8,0","yuawies,leg_up,-36,-191,-5,0,8,1.2,1.1,0","yuawies,leg_low,-52,-87,-10,0,10,1,1,0","yuawies,foot,-45,-18,-4,0,10,1,1,0","yuawies,leg_up,30,-189,9,0,9,1,1,0","yuawies,leg_low,39,-83,5,0,13,1,1,0","yuawies,foot,63,-21,1,0,13,1,1,0",,,"yuawies,boobs,16,-343,4,0,5,1,0.9,0","yuawies,skirt,-19,-154,-8,0,18,1,1,0",,,,,,,,,,,,,,,,,,,,,,,,,,,,,,,,,,,,,,,,,,,,,,,,,,,,,,,,,,,,,,,,,,,,,,,,,,,,,,,,,,,,,,,,,,,,,,,,,,,,
UseItem/17,"yuawies,head,13,-486,-1,0,4,1,1,0","yuawies,neck,8,-435,-7,0,5,1,1,0","yuawies,body,0,-312,-5,0,6,1,1,0","yuawies,arm_up,-61,-359,-7.4,0,4,1,1,0","yuawies,arm_low,-50,-299,71,0,4,1,1,0","white_human,open,1,-261,55,0,3,0.7,0.8,0","yuawies,arm_up,54,-359,-2,1,18,1,1,0","yuawies,arm_low,68,-279,-14,1,19,1,1,0","white_human,open,73,-213,5,1,19,0.7,0.8,0","yuawies,leg_up,-36,-191,-5,0,8,1.2,1.1,0","yuawies,leg_low,-52,-87,-10,0,10,1,1,0","yuawies,foot,-45,-18,-4,0,10,1,1,0","yuawies,leg_up,30,-189,9,0,9,1,1,0","yuawies,leg_low,39,-83,5,0,13,1,1,0","yuawies,foot,63,-21,1,0,13,1,1,0",,,"yuawies,boobs,16,-343,1,0,5,1,0.9,0","yuawies,skirt,-19,-154,-8,0,18,1,1,0",,,,,,,,,,,,,,,,,,,,,,,,,,,,,,,,,,,,,,,,,,,,,,,,,,,,,,,,,,,,,,,,,,,,,,,,,,,,,,,,,,,,,,,,,,,,,,,,,,,,
UseItem/18,"yuawies,head,18,-486,-4,0,4,1,1,0","yuawies,neck,10,-435,1,0,5,1,1,0","yuawies,body,1,-313,-5,0,6,1,1,0","yuawies,arm_up,-64,-360,-6.4,0,4,1,1,0","yuawies,arm_low,-69,-286,39,0,6,1,1,0","white_human,open,-52,-230,15,0,6,0.7,0.8,0","yuawies,arm_up,58,-357,-2,1,18,1,1,0","yuawies,arm_low,69,-281,-14,1,19,1,1,0","white_human,open,73,-218,2,1,19,0.7,0.8,0","yuawies,leg_up,-32,-191,0,0,8,1.2,1.1,0","yuawies,leg_low,-42,-87,-9,0,10,1,1,0","yuawies,foot,-35,-18,0,0,10,1,1,0","yuawies,leg_up,29,-189,8,0,9,1,1,0","yuawies,leg_low,36,-83,4,0,13,1,1,0","yuawies,foot,61,-21,1,0,13,1,1,0",,,"yuawies,boobs,15,-345,-1,0,5,1,0.9,0","yuawies,skirt,-19,-148,-6,0,18,1,1,0",,,,,,,,,,,,,,,,,,,,,,,,,,,,,,,,,,,,,,,,,,,,,,,,,,,,,,,,,,,,,,,,,,,,,,,,,,,,,,,,,,,,,,,,,,,,,,,,,,play_time_mod_0.2,,
