Name,p1_head,p1_neck,p1_body,p1_r_arm_up,p1_r_arm_low,p1_r_hand,p1_l_arm_up,p1_l_arm_low,p1_l_hand,p1_r_leg_up,p1_r_leg_low,p1_r_foot,p1_l_leg_up,p1_l_leg_low,p1_l_foot,p1_main_weapon,p1_sub_weapon,p1_special_1,p1_special_2,p1_special_3,p1_special_4,p1_special_5,p1_special_6,p1_special_7,p1_special_8,p1_special_9,p1_special_10,p2_head,p2_neck,p2_body,p2_r_arm_up,p2_r_arm_low,p2_r_hand,p2_l_arm_up,p2_l_arm_low,p2_l_hand,p2_r_leg_up,p2_r_leg_low,p2_r_foot,p2_l_leg_up,p2_l_leg_low,p2_l_foot,p2_main_weapon,p2_sub_weapon,p2_special_1,p2_special_2,p2_special_3,p2_special_4,p2_special_5,p2_special_6,p2_special_7,p2_special_8,p2_special_9,p2_special_10,p3_head,p3_neck,p3_body,p3_r_arm_up,p3_r_arm_low,p3_r_hand,p3_l_arm_up,p3_l_arm_low,p3_l_hand,p3_r_leg_up,p3_r_leg_low,p3_r_foot,p3_l_leg_up,p3_l_leg_low,p3_l_foot,p3_main_weapon,p3_sub_weapon,p3_special_1,p3_special_2,p3_special_3,p3_special_4,p3_special_5,p3_special_6,p3_special_7,p3_special_8,p3_special_9,p3_special_10,p4_head,p4_neck,p4_body,p4_r_arm_up,p4_r_arm_low,p4_r_hand,p4_l_arm_up,p4_l_arm_low,p4_l_hand,p4_r_leg_up,p4_r_leg_low,p4_r_foot,p4_l_leg_up,p4_l_leg_low,p4_l_foot,p4_main_weapon,p4_sub_weapon,p4_special_1,p4_special_2,p4_special_3,p4_special_4,p4_special_5,p4_special_6,p4_special_7,p4_special_8,p4_special_9,p4_special_10,effect_1,effect_2,effect_3,effect_4,effect_5,effect_6,effect_7,effect_8,frame_property,animation_property,sound_effect
EXCLUDE_CityIdle/0,"vars,head,18,-537,-1,0,4,1,1,0","vars,neck,6,-498,-18,0,8,1,1,0","vars,body,5.2,-358.4,-2,0,7,1,1,0","vars,arm_up,-45.2,-416,39,0,7,1,1,0","vars,arm_low,15.6,-394.4,115,1,7,1,1,0","vraesier,fist,55.2,-400,-35,0,6,1,1,0","vars,arm_up,73.2,-423.2,15,1,13,1,1,0","vars,arm_low,54.8,-391.6,-107,0,6,1,1,0","vraesier,fist,4.8,-405.2,-98,0,7,1,1,0","vars,leg_up,-47,-216.4,-13.2,1,11,1,1,0","vars,leg_low,-73,-96.4,-12,0,9,1,1,0","vars,foot,-66.8,-17.4,2.4,0,13,1,1,0","vars,leg_up,50,-222.4,16.7,1,15,1,1,0","vars,leg_low,80,-101.4,10.5,0,15,1,1,0","vars,foot,110.2,-26.4,8.5,0,17,1,1,0","maelsen,base,2.4,-295.2,77,0,12,1,1,0",,"vars,cloak,0.8,-408.8,-2,0,17,1,1,0",,,,,,,,,,,,,,,,,,,,,,,,,,,,,,,,,,,,,,,,,,,,,,,,,,,,,,,,,,,,,,,,,,,,,,,,,,,,,,,,,,,,,,,,,,,,,,,,,,,,,
EXCLUDE_CityIdle/1,"vars,head,15,-543.4,-3,0,4,1,1,0","vars,neck,8,-498.4,-12,0,8,1,1,0","vars,body,5.2,-354.4,-1,0,7,1,1,0","vars,arm_up,-45.2,-412,39,0,7,1,1,0","vars,arm_low,15.6,-390.4,115,1,7,1,1,0","vraesier,fist,55.2,-396,-35,0,6,1,1,0","vars,arm_up,73.2,-419.2,15,1,13,1,1,0","vars,arm_low,54.8,-387.6,-107,0,6,1,1,0","vraesier,fist,4.8,-401.2,-98,0,7,1,1,0","vars,leg_up,-47,-216.4,-13.2,1,11,1,1,0","vars,leg_low,-73,-96.4,-12,0,9,1,1,0","vars,foot,-66.8,-17.4,2.4,0,13,1,1,0","vars,leg_up,50,-222.4,16.7,1,15,1,1,0","vars,leg_low,80,-101.4,10.5,0,15,1,1,0","vars,foot,110.2,-26.4,8.5,0,17,1,1,0","vars,base,2.4,-291.2,76,0,12,1,1,0",,"vars,cloak,2.8,-406.8,-2,0,17,1,1,0",,,,,,,,,,,,,,,,,,,,,,,,,,,,,,,,,,,,,,,,,,,,,,,,,,,,,,,,,,,,,,,,,,,,,,,,,,,,,,,,,,,,,,,,,,,,,,,,,,,play_time_mod_1.2,,
EXCLUDE_CityIdle/2,"vars,head,15,-539.4,-5,0,4,1,1,0","vars,neck,8,-498.4,-12,0,8,1,1,0","vars,body,5.2,-352.4,-1,0,7,1,1,0","vars,arm_up,-45.2,-408,37,0,7,1,1,0","vars,arm_low,15.6,-390.4,113,1,7,1,1,0","vraesier,fist,55.2,-396,-38,0,6,1,1,0","vars,arm_up,73.2,-419.2,12,1,13,1,1,0","vars,arm_low,54.8,-387.6,-103,0,6,1,1,0","vraesier,fist,4.8,-401.2,-95,0,7,1,1,0","vars,leg_up,-47,-216.4,-13.2,1,11,1,1,0","vars,leg_low,-73,-96.4,-12,0,9,1,1,0","vars,foot,-66.8,-17.4,2.4,0,13,1,1,0","vars,leg_up,50,-222.4,22.7,1,15,1,1,0","vars,leg_low,80,-101.4,8.5,0,15,1,1,0","vars,foot,110.2,-26.4,8.5,0,17,1,1,0","vars,base,2.4,-291.2,75,0,12,1,1,0",,"vars,cloak,2.8,-404.8,-3,0,17,1,1,0",,,,,,,,,,,,,,,,,,,,,,,,,,,,,,,,,,,,,,,,,,,,,,,,,,,,,,,,,,,,,,,,,,,,,,,,,,,,,,,,,,,,,,,,,,,,,,,,,,,play_time_mod_1.5,,
EXCLUDE_CityIdle/3,"vars,head,15,-537.4,-7,0,4,1,1,0","vars,neck,8,-494.4,-16,0,8,1,1,0","vars,body,5.2,-350.4,-2,0,7,1,1,0","vars,arm_up,-45.2,-404,35,0,7,1,1,0","vars,arm_low,15.6,-386.4,116,1,7,1,1,0","vraesier,fist,55.2,-392,-41,0,6,1,1,0","vars,arm_up,73.2,-415.2,12,1,13,1,1,0","vars,arm_low,54.8,-383.6,-101,0,6,1,1,0","vraesier,fist,4.8,-397.2,-93,0,7,1,1,0","vars,leg_up,-47,-216.4,-13.2,1,11,1,1,0","vars,leg_low,-73,-96.4,-12,0,9,1,1,0","vars,foot,-66.8,-17.4,2.4,0,13,1,1,0","vars,leg_up,50,-218.4,24.7,1,15,1,1,0","vars,leg_low,80,-101.4,7.5,0,15,1,1,0","vars,foot,110.2,-26.4,8.5,0,17,1,1,0","vars,base,2.4,-287.2,74,0,12,1,1,0",,"vars,cloak,2.8,-400.8,-6,0,17,1,1,0",,,,,,,,,,,,,,,,,,,,,,,,,,,,,,,,,,,,,,,,,,,,,,,,,,,,,,,,,,,,,,,,,,,,,,,,,,,,,,,,,,,,,,,,,,,,,,,,,,,play_time_mod_1.8,,
EXCLUDE_CityIdle/4,"vars,head,15,-539.4,-5,0,4,1,1,0","vars,neck,8,-498.4,-12,0,8,1,1,0","vars,body,5.2,-352.4,-1,0,7,1,1,0","vars,arm_up,-45.2,-408,37,0,7,1,1,0","vars,arm_low,15.6,-390.4,113,1,7,1,1,0","vraesier,fist,55.2,-396,-38,0,6,1,1,0","vars,arm_up,73.2,-419.2,12,1,13,1,1,0","vars,arm_low,54.8,-387.6,-103,0,6,1,1,0","vraesier,fist,4.8,-401.2,-95,0,7,1,1,0","vars,leg_up,-47,-216.4,-13.2,1,11,1,1,0","vars,leg_low,-73,-96.4,-12,0,9,1,1,0","vars,foot,-66.8,-17.4,2.4,0,13,1,1,0","vars,leg_up,50,-222.4,22.7,1,15,1,1,0","vars,leg_low,80,-101.4,8.5,0,15,1,1,0","vars,foot,110.2,-26.4,8.5,0,17,1,1,0","vars,base,2.4,-291.2,75,0,12,1,1,0",,"vars,cloak,2.8,-404.8,-3,0,17,1,1,0",,,,,,,,,,,,,,,,,,,,,,,,,,,,,,,,,,,,,,,,,,,,,,,,,,,,,,,,,,,,,,,,,,,,,,,,,,,,,,,,,,,,,,,,,,,,,,,,,,,play_time_mod_1.5,,
EXCLUDE_CityIdle/5,"vars,head,15,-543.4,-3,0,4,1,1,0","vars,neck,8,-498.4,-12,0,8,1,1,0","vars,body,5.2,-354.4,-1,0,7,1,1,0","vars,arm_up,-45.2,-412,39,0,7,1,1,0","vars,arm_low,15.6,-390.4,115,1,7,1,1,0","vraesier,fist,55.2,-396,-35,0,6,1,1,0","vars,arm_up,73.2,-419.2,15,1,13,1,1,0","vars,arm_low,54.8,-387.6,-107,0,6,1,1,0","vraesier,fist,4.8,-401.2,-98,0,7,1,1,0","vars,leg_up,-47,-216.4,-13.2,1,11,1,1,0","vars,leg_low,-73,-96.4,-12,0,9,1,1,0","vars,foot,-66.8,-17.4,2.4,0,13,1,1,0","vars,leg_up,50,-222.4,16.7,1,15,1,1,0","vars,leg_low,80,-101.4,10.5,0,15,1,1,0","vars,foot,110.2,-26.4,8.5,0,17,1,1,0","vars,base,2.4,-291.2,76,0,12,1,1,0",,"vars,cloak,2.8,-406.8,-2,0,17,1,1,0",,,,,,,,,,,,,,,,,,,,,,,,,,,,,,,,,,,,,,,,,,,,,,,,,,,,,,,,,,,,,,,,,,,,,,,,,,,,,,,,,,,,,,,,,,,,,,,,,,,,,
EXCLUDE_CityTalk/0,"vars,head,15,-543.4,-2,0,4,1,1,0","vars,neck,8,-498.4,-12,0,8,1,1,0","vars,body,5.2,-354.4,-1,0,7,1,1,0","vars,arm_up,-45.2,-408,37,0,7,1,1,0","vars,arm_low,15.6,-390.4,113,1,7,1,1,0","vraesier,fist,55.2,-396,-38,0,6,1,1,0","vars,arm_up,73.2,-419.2,12,1,13,1,1,0","vars,arm_low,52.8,-397.6,-126,0,6,1,1,0","vraesier,fist,4.8,-423.2,-102,0,7,1,1,0","vars,leg_up,-47,-216.4,-13.2,1,11,1,1,0","vars,leg_low,-73,-96.4,-12,0,9,1,1,0","vars,foot,-66.8,-17.4,2.4,0,13,1,1,0","vars,leg_up,50,-222.4,22.7,1,15,1,1,0","vars,leg_low,80,-101.4,8.5,0,15,1,1,0","vars,foot,110.2,-26.4,8.5,0,17,1,1,0","vars,base,2.4,-291.2,76,0,12,1,1,0",,"vars,cloak,-1.2,-404.8,-3,0,17,1,1,0",,,,,,,,,,,,,,,,,,,,,,,,,,,,,,,,,,,,,,,,,,,,,,,,,,,,,,,,,,,,,,,,,,,,,,,,,,,,,,,,,,,,,,,,,,,,,,,,,,,,,
EXCLUDE_CityTalk/1,"vars,head,15,-543.4,0,0,4,1,1,0","vars,neck,8,-498.4,-12,0,8,1,1,0","vars,body,5.2,-354.4,-1,0,7,1,1,0","vars,arm_up,-45.2,-408,37,0,7,1,1,0","vars,arm_low,15.6,-384.4,108,1,7,1,1,0","vraesier,fist,63.2,-400,-38,0,6,1,1,0","vars,arm_up,73.2,-419.2,12,1,13,1,1,0","vars,arm_low,60.8,-407.6,-145,0,6,1,1,0","vraesier,fist,14.8,-449.2,-119,0,7,1,1,0","vars,leg_up,-47,-216.4,-13.2,1,11,1,1,0","vars,leg_low,-73,-96.4,-12,0,9,1,1,0","vars,foot,-66.8,-17.4,2.4,0,13,1,1,0","vars,leg_up,50,-222.4,22.7,1,15,1,1,0","vars,leg_low,80,-101.4,8.5,0,15,1,1,0","vars,foot,110.2,-26.4,8.5,0,17,1,1,0","vars,base,2.4,-291.2,76,0,12,1,1,0",,"vars,cloak,-1.2,-404.8,-4,0,17,1,1,0",,,,,,,,,,,,,,,,,,,,,,,,,,,,,,,,,,,,,,,,,,,,,,,,,,,,,,,,,,,,,,,,,,,,,,,,,,,,,,,,,,,,,,,,,,,,,,,,,,,,,
EXCLUDE_CityTalk/2,"vars,head,11,-547.4,2,0,4,1,1,0","vars,neck,8,-498.4,-12,0,8,1,1,0","vars,body,5.2,-354.4,-1,0,7,1,1,0","vars,arm_up,-45.2,-406,34,0,7,1,1,0","vars,arm_low,15.6,-378.4,104,1,7,1,1,0","vraesier,fist,74,-399.6,103,0,6,1,1,0","vars,arm_up,73.2,-419.2,12,1,13,1,1,0","vars,arm_low,80.8,-417.6,-173,0,6,1,1,0","vraesier,twopoint,79.2,-493.2,158,0,7,1,1,0","vars,leg_up,-47,-216.4,-13.2,1,11,1,1,0","vars,leg_low,-73,-96.4,-12,0,9,1,1,0","vars,foot,-66.8,-17.4,2.4,0,13,1,1,0","vars,leg_up,46,-218.4,24.7,1,15,1,1,0","vars,leg_low,80,-101.4,10.5,0,15,1,1,0","vars,foot,110.2,-26.4,8.5,0,17,1,1,0","vars,base,2.4,-291.2,78,0,12,1,1,0",,"vars,cloak,-1.2,-404.8,-5,0,17,1,1,0",,,,,,,,,,,,,,,,,,,,,,,,,,,,,,,,,,,,,,,,,,,,,,,,,,,,,,,,,,,,,,,,,,,,,,,,,,,,,,,,,,,,,,,,,,,,,,,,,,,,,
EXCLUDE_CityTalk/3,"vars,head,15,-547.4,0,0,4,1,1,0","vars,neck,12,-498.4,-14,0,8,1,1,0","vars,body,9.2,-354.4,-3,0,7,1,1,0","vars,arm_up,-41.2,-406,32,0,7,1,1,0","vars,arm_low,15.6,-378.4,102,1,7,1,1,0","vraesier,fist,74,-395.6,101,0,6,1,1,0","vars,arm_up,73.2,-419.2,15,1,13,1,1,0","vars,arm_low,96.8,-413.6,167,0,6,1,1,0","vraesier,twopoint,115.2,-483.2,139,0,7,1,1,0","vars,leg_up,-47,-216.4,-13.2,1,11,1,1,0","vars,leg_low,-73,-96.4,-12,0,9,1,1,0","vars,foot,-66.8,-17.4,2.4,0,13,1,1,0","vars,leg_up,46,-218.4,24.7,1,15,1,1,0","vars,leg_low,80,-101.4,10.5,0,15,1,1,0","vars,foot,110.2,-26.4,8.5,0,17,1,1,0","vars,base,2.4,-291.2,78,0,12,1,1,0",,"vars,cloak,8.8,-404.8,-2,0,17,1,1,0",,,,,,,,,,,,,,,,,,,,,,,,,,,,,,,,,,,,,,,,,,,,,,,,,,,,,,,,,,,,,,,,,,,,,,,,,,,,,,,,,,,,,,,,,,,,,,,,,,,,,
EXCLUDE_CityTalk/4,"vars,head,15,-547.4,-2,0,4,1,1,0","vars,neck,12,-498.4,-7,0,8,1,1,0","vars,body,9.2,-354.4,-3,0,7,1,1,0","vars,arm_up,-41.2,-406,32,0,7,1,1,0","vars,arm_low,15.6,-378.4,102,1,7,1,1,0","vraesier,fist,74,-395.6,101,0,6,1,1,0","vars,arm_up,73.2,-419.2,15,1,13,1,1,0","vars,arm_low,102.8,-413.6,156,0,6,1,1,0","vraesier,twopoint,133.2,-477.2,132,0,7,1,1,0","vars,leg_up,-47,-216.4,-13.2,1,11,1,1,0","vars,leg_low,-73,-96.4,-12,0,9,1,1,0","vars,foot,-66.8,-17.4,2.4,0,13,1,1,0","vars,leg_up,46,-218.4,24.7,1,15,1,1,0","vars,leg_low,80,-101.4,10.5,0,15,1,1,0","vars,foot,110.2,-26.4,8.5,0,17,1,1,0","vars,base,2.4,-291.2,78,0,12,1,1,0",,"vars,cloak,8.8,-404.8,-5,0,17,1,1,0",,,,,,,,,,,,,,,,,,,,,,,,,,,,,,,,,,,,,,,,,,,,,,,,,,,,,,,,,,,,,,,,,,,,,,,,,,,,,,,,,,,,,,,,,,,,,,,,,,,"play_time_mod_1.5,hold",,
Default/0,"vars,head,18,-537,-1,0,4,1,1,0","vars,neck,6,-498,-18,0,8,1,1,0","vars,body,5.2,-358.4,-2,0,7,1,1,0","vars,arm_up,-101,-424,-56,0,7,1,1,0","vars,arm_low,-176,-373,-52,1,7,1,1,0","vraesier,fist,-221,-336,-34,1,9,1,1,0","vars,arm_up,80,-424,37,1,13,1,1,0","vars,arm_low,151,-362,55,0,6,1,1,0","vraesier,fist_back,205,-324,41,0,7,1,1,0","vars,leg_up,-49,-212,-14.2,1,16,1,1,0","vars,leg_low,-75,-96,-12,0,14,1,1,0","vars,foot,-66.8,-17.4,2.4,0,13,1,1,0","vars,leg_up,47,-211,18.7,1,18,1,1,0","vars,leg_low,78,-97,10.5,0,17,1,1,0","vars,foot,110.2,-26.4,8.5,0,17,1,1,0",,,"vars,cloak,-1.2,-408.8,-2,0,17,1,1,0",,,,,,,,,,,,,,,,,,,,,,,,,,,,,,,,,,,,,,,,,,,,,,,,,,,,,,,,,,,,,,,,,,,,,,,,,,,,,,,,,,,,,,,,,,,,,,,,,,,,,
EXCLUDE_Menu/0,"vars,head,3,-534,1,0,4,1,1,0","vars,neck,-10,-504,-11,0,8,1,1,0","vars,body,-1,-358,1,0,7,1,1,0","vars,arm_up,-55,-396,30,0,7,1,1,0","vars,arm_low,-6,-370,106,1,6,1,1,0","vraesier,fist,71,-398,62,0,7,1,1,0","vars,arm_up,72,-413,18,1,13,1,1,0","vars,arm_low,52,-389,-110,0,5,1,1,0","vraesier,fist,-5,-397,-61,1,7,1,1.1,0","vars,leg_up,-33,-205,14.8,1,11,1,0.9,0","vars,leg_low,-19,-96,1,0,9,1,1,0","vars,foot,3,-21,1.4,0,13,1,1,0","vars,leg_up,49,-205,29.7,1,15,1,1,0","vars,leg_low,62,-100,-10.5,1,15,1,1,0","vars,foot,72.2,-26.4,2.5,0,17,1,1,0",,,"vars,cloak,-57,-401,-3,0,17,1,1,0",,,,,,,,,,,,,,,,,,,,,,,,,,,,,,,,,,,,,,,,,,,,,,,,,,,,,,,,,,,,,,,,,,,,,,,,,,,,,,,,,,,,,,,,,,,,,,,,,,,,,
EXCLUDE_Menu/1,"vars,head,8,-534,-1,0,4,1,1,0","vars,neck,-5,-503,-13,0,8,1,1,0","vars,body,0,-357,0,0,7,1,1,0","vars,arm_up,-52,-396,29,0,7,1,1,0","vars,arm_low,-4,-369,105,1,6,1,1,0","vraesier,fist,73,-396,61,0,7,1,1,0","vars,arm_up,74,-411,17,1,13,1,1,0","vars,arm_low,54,-387,-111,0,5,1,1,0","vraesier,fist,-3,-398,-62,1,7,1,1.1,0","vars,leg_up,-33,-206,12.8,1,12,1,0.9,0","vars,leg_low,-19,-96.4,3,0,10,1,1,0","vars,foot,3,-21,1.4,0,13,1,1,0","vars,leg_up,48,-204,31.7,1,16,1,1,0","vars,leg_low,60,-102,-11.5,1,16,1,1,0","vars,foot,72.2,-26.4,4.5,0,17,1,1,0",,,"vars,cloak,-54,-401,-3,0,17,1,1,0",,,,,,,,,,,,,,,,,,,,,,,,,,,,,,,,,,,,,,,,,,,,,,,,,,,,,,,,,,,,,,,,,,,,,,,,,,,,,,,,,,,,,,,,,,,,,,,,,,,,,
EXCLUDE_Menu/2,"vars,head,12,-532,-2,0,4,1,1,0","vars,neck,-2,-500,-13,0,8,1,1,0","vars,body,1,-357,-1,0,7,1,1,0","vars,arm_up,-51,-396,27,0,7,1,1,0","vars,arm_low,-4,-367,104,1,6,1,1,0","vraesier,fist,73,-393,60,0,7,1,1,0","vars,arm_up,74,-408,16,1,13,1,1,0","vars,arm_low,54,-384,-112,0,5,1,1,0","vraesier,fist,-3,-394,-63,1,7,1,1.1,0","vars,leg_up,-33,-206,12.8,1,11,1,0.9,0","vars,leg_low,-19,-96.4,3,0,9,1,1,0","vars,foot,3,-21,1.4,0,13,1,1,0","vars,leg_up,48,-204,31.7,1,15,1,1,0","vars,leg_low,60,-101,-11.5,1,15,1,1,0","vars,foot,72.2,-26.4,4.5,0,17,1,1,0",,,"vars,cloak,-53,-401,-6,0,17,1,1,0",,,,,,,,,,,,,,,,,,,,,,,,,,,,,,,,,,,,,,,,,,,,,,,,,,,,,,,,,,,,,,,,,,,,,,,,,,,,,,,,,,,,,,,,,,,,,,,,,,,,,
EXCLUDE_Menu/3,"vars,head,13,-529,-4,0,4,1,1,0","vars,neck,0,-500,-13,0,8,1,1,0","vars,body,1,-355,-2,0,7,1,1,0","vars,arm_up,-51,-394,26,0,7,1,1,0","vars,arm_low,-4,-364,103,1,6,1,1,0","vraesier,fist,73,-389,59,0,7,1,1,0","vars,arm_up,74,-404,15,1,13,1,1,0","vars,arm_low,54,-380,-113,0,5,1,1,0","vraesier,fist,-3,-391,-64,1,7,1,1.1,0","vars,leg_up,-33,-204,12.8,1,11,1,0.9,0","vars,leg_low,-19,-96.4,2,0,9,1,1,0","vars,foot,3,-21,1.4,0,13,1,1,0","vars,leg_up,49,-198,33.7,1,15,1,1,0","vars,leg_low,62,-100,-13.5,1,15,1,1,0","vars,foot,72,-26,6.5,0,17,1,1,0",,,"vars,cloak,-53,-400,-10,0,17,1,1,0",,,,,,,,,,,,,,,,,,,,,,,,,,,,,,,,,,,,,,,,,,,,,,,,,,,,,,,,,,,,,,,,,,,,,,,,,,,,,,,,,,,,,,,,,,,,,,,,,,,,,
EXCLUDE_Menu/4,"vars,head,14,-528,-3,0,4,1,1,0","vars,neck,1,-498,-16,0,8,1,1,0","vars,body,2,-353,-2,0,7,1,1,0","vars,arm_up,-51,-394,25,0,7,1,1,0","vars,arm_low,-4,-363,102,1,6,1,1,0","vraesier,fist,73,-387,58,0,7,1,1,0","vars,arm_up,74,-402,14,1,13,1,1,0","vars,arm_low,54,-378,-114,0,5,1,1,0","vraesier,fist,-3,-390,-65,1,7,1,1.1,0","vars,leg_up,-33,-204,12.8,1,11,1,0.9,0","vars,leg_low,-19,-96.4,2,0,9,1,1,0","vars,foot,3,-21,1.4,0,13,1,1,0","vars,leg_up,49,-196,33.7,1,15,1,1,0","vars,leg_low,62,-98,-13.5,1,15,1,1,0","vars,foot,72,-26,6.5,0,17,1,1,0",,,"vars,cloak,-53,-400,-11,0,17,1,1,0",,,,,,,,,,,,,,,,,,,,,,,,,,,,,,,,,,,,,,,,,,,,,,,,,,,,,,,,,,,,,,,,,,,,,,,,,,,,,,,,,,,,,,,,,,,,,,,,,,,,,
EXCLUDE_Menu/5,"vars,head,13,-529,-4,0,4,1,1,0","vars,neck,0,-500,-13,0,8,1,1,0","vars,body,1,-355,-2,0,7,1,1,0","vars,arm_up,-51,-394,26,0,7,1,1,0","vars,arm_low,-4,-364,103,1,6,1,1,0","vraesier,fist,73,-389,59,0,7,1,1,0","vars,arm_up,74,-404,15,1,13,1,1,0","vars,arm_low,54,-380,-113,0,5,1,1,0","vraesier,fist,-3,-391,-64,1,7,1,1.1,0","vars,leg_up,-33,-204,12.8,1,11,1,0.9,0","vars,leg_low,-19,-96.4,2,0,9,1,1,0","vars,foot,3,-21,1.4,0,13,1,1,0","vars,leg_up,49,-198,33.7,1,15,1,1,0","vars,leg_low,62,-100,-13.5,1,15,1,1,0","vars,foot,72,-26,6.5,0,17,1,1,0",,,"vars,cloak,-53,-400,-10,0,17,1,1,0",,,,,,,,,,,,,,,,,,,,,,,,,,,,,,,,,,,,,,,,,,,,,,,,,,,,,,,,,,,,,,,,,,,,,,,,,,,,,,,,,,,,,,,,,,,,,,,,,,,,,
EXCLUDE_Menu/6,"vars,head,12,-532,-2,0,4,1,1,0","vars,neck,-2,-500,-13,0,8,1,1,0","vars,body,1,-357,-1,0,7,1,1,0","vars,arm_up,-51,-396,27,0,7,1,1,0","vars,arm_low,-4,-367,104,1,6,1,1,0","vraesier,fist,73,-393,60,0,7,1,1,0","vars,arm_up,74,-408,16,1,13,1,1,0","vars,arm_low,54,-384,-112,0,5,1,1,0","vraesier,fist,-3,-394,-63,1,7,1,1.1,0","vars,leg_up,-33,-206,12.8,1,11,1,0.9,0","vars,leg_low,-19,-96.4,3,0,9,1,1,0","vars,foot,3,-21,1.4,0,13,1,1,0","vars,leg_up,48,-204,31.7,1,15,1,1,0","vars,leg_low,60,-101,-11.5,1,15,1,1,0","vars,foot,72.2,-26.4,4.5,0,17,1,1,0",,,"vars,cloak,-53,-401,-6,0,17,1,1,0",,,,,,,,,,,,,,,,,,,,,,,,,,,,,,,,,,,,,,,,,,,,,,,,,,,,,,,,,,,,,,,,,,,,,,,,,,,,,,,,,,,,,,,,,,,,,,,,,,,,,
EXCLUDE_Menu/7,"vars,head,8,-534,-1,0,4,1,1,0","vars,neck,-5,-503,-13,0,8,1,1,0","vars,body,0,-357,0,0,7,1,1,0","vars,arm_up,-52,-396,29,0,7,1,1,0","vars,arm_low,-4,-369,105,1,6,1,1,0","vraesier,fist,73,-396,61,0,7,1,1,0","vars,arm_up,74,-411,17,1,13,1,1,0","vars,arm_low,54,-387,-111,0,5,1,1,0","vraesier,fist,-3,-398,-62,1,7,1,1.1,0","vars,leg_up,-33,-206,12.8,1,12,1,0.9,0","vars,leg_low,-19,-96.4,3,0,10,1,1,0","vars,foot,3,-21,1.4,0,13,1,1,0","vars,leg_up,48,-204,31.7,1,16,1,1,0","vars,leg_low,60,-102,-11.5,1,16,1,1,0","vars,foot,72.2,-26.4,4.5,0,17,1,1,0",,,"vars,cloak,-54,-401,-3,0,17,1,1,0",,,,,,,,,,,,,,,,,,,,,,,,,,,,,,,,,,,,,,,,,,,,,,,,,,,,,,,,,,,,,,,,,,,,,,,,,,,,,,,,,,,,,,,,,,,,,,,,,,,,,
Damaged/0,"vars,head,12,-534,0,0,4,1,1,0","vars,neck,0,-504,-13,0,8,1,1,0","vars,body,1,-357,-1,0,7,1,1,0","vars,arm_up,-82,-404,-25,0,7,1,0.9,0","vars,arm_low,-112,-329,-14,1,6,1,1,0","vraesier,fist,-123,-274,-21,0,7,1,1,0","vars,arm_up,78,-410,22,1,13,1,1,0","vars,arm_low,120,-352,46,0,5,1,1,0","vraesier,fist,157,-312,55,1,7,1,1.1,0","vars,leg_up,-44,-190,-4.2,1,11,1,0.9,0","vars,leg_low,-62,-92,-12,0,9,1,1,0","vars,foot,-50,-21,5.4,0,13,1,1,0","vars,leg_up,51,-196,24.7,1,15,1,1,0","vars,leg_low,73,-91,1.5,1,15,1,1,0","vars,foot,94,-25,6.5,0,17,1,1,0","vars,base,4,-270,-77,0,12,1,1,0",,"vars,cloak,-53,-401,-6,0,17,1,1,0",,,,,,,,,,,,,,,,,,,,,,,,,,,,,,,,,,,,,,,,,,,,,,,,,,,,,,,,,,,,,,,,,,,,,,,,,,,,,,,,,,,,,,,,,,,,,,,,,,,,,
Damaged/1,"vars,smile,13,-534,-2,0,4,1,1,0","vars,neck,0,-501,-17,0,8,1,1,0","vars,body,1,-357,-1,0,7,1,1,0","vars,arm_up,-82,-404,-25,0,7,1,0.9,0","vars,arm_low,-112,-329,-14,1,6,1,1,0","vraesier,fist,-123,-274,-21,0,7,1,1,0","vars,arm_up,79,-409,21,1,13,1,1,0","vars,arm_low,120,-350,45,0,5,1,1,0","vraesier,fist,156,-310,54,1,7,1,1.1,0","vars,leg_up,-44,-190,-4.2,1,11,1,0.9,0","vars,leg_low,-62,-92,-12,0,9,1,1,0","vars,foot,-50,-21,5.4,0,13,1,1,0","vars,leg_up,51,-196,24.7,1,15,1,1,0","vars,leg_low,73,-91,1.5,1,15,1,1,0","vars,foot,94,-25,6.5,0,17,1,1,0","vars,base,3,-270,-78,0,12,1,1,0",,"vars,cloak,-53,-401,-6,0,17,1,1,0",,,,,,,,,,,,,,,,,,,,,,,,,,,,,,,,,,,,,,,,,,,,,,,,,,,,,,,,,,,,,,,,,,,,,,,,,,,,,,,,,,,,,,,,,,,,,,,,,,,,,
Damaged/2,"vars,smile,13,-533,-3,0,4,1,1,0","vars,neck,0,-501,-17,0,8,1,1,0","vars,body,1,-356,-1,0,7,1,1,0","vars,arm_up,-83,-404,-27,0,7,1,0.9,0","vars,arm_low,-115,-329,-16,1,6,1,1,0","vraesier,fist,-128,-274,-23,0,7,1,1,0","vars,arm_up,80,-408,20,1,13,1,1,0","vars,arm_low,120,-348,44,0,5,1,1,0","vraesier,fist,155,-307,53,1,7,1,1.1,0","vars,leg_up,-44,-190,-4.2,1,11,1,0.9,0","vars,leg_low,-63,-92,-16,0,9,1,1,0","vars,foot,-50,-21,5.4,0,13,1,1,0","vars,leg_up,51,-196,27.7,1,15,1,1,0","vars,leg_low,74,-92,-0.5,1,15,1,1,0","vars,foot,94,-25,6.5,0,17,1,1,0","vars,base,3,-269,-78,0,12,1,1,0",,"vars,cloak,-53,-402,-7,0,17,1,1,0",,,,,,,,,,,,,,,,,,,,,,,,,,,,,,,,,,,,,,,,,,,,,,,,,,,,,,,,,,,,,,,,,,,,,,,,,,,,,,,,,,,,,,,,,,,,,,,,,,,hold,,
Damaged/3,"vars,smile,15,-533,-5,0,4,1,1,0","vars,neck,0,-501,-17,0,8,1,1,0","vars,body,1,-356,-1,0,7,1,1,0","vars,arm_up,-83,-404,-27,0,7,1,0.9,0","vars,arm_low,-117,-330,-15,1,6,1,1,0","vraesier,fist,-128,-275,-20,0,7,1,1,0","vars,arm_up,81,-407,19,1,13,1,1,0","vars,arm_low,120,-346,43,0,5,1,1,0","vraesier,fist,154,-305,52,1,7,1,1.1,0","vars,leg_up,-44,-190,-4.2,1,11,1,0.9,0","vars,leg_low,-63,-92,-16,0,9,1,1,0","vars,foot,-50,-21,5.4,0,13,1,1,0","vars,leg_up,51,-196,27.7,1,15,1,1,0","vars,leg_low,74,-92,-0.5,1,15,1,1,0","vars,foot,94,-25,6.5,0,17,1,1,0","vars,base,2,-269,-79,0,12,1,1,0",,"vars,cloak,-53,-402,-7,0,17,1,1,0",,,,,,,,,,,,,,,,,,,,,,,,,,,,,,,,,,,,,,,,,,,,,,,,,,,,,,,,,,,,,,,,,,,,,,,,,,,,,,,,,,,,,,,,,,,,,,,,,,,,,
Damaged/4,"vars,smile,13,-534,-2,0,4,1,1,0","vars,neck,0,-501,-17,0,8,1,1,0","vars,body,1,-357,-1,0,7,1,1,0","vars,arm_up,-82,-404,-25,0,7,1,0.9,0","vars,arm_low,-112,-329,-14,1,6,1,1,0","vraesier,fist,-123,-274,-21,0,7,1,1,0","vars,arm_up,79,-409,21,1,13,1,1,0","vars,arm_low,120,-350,45,0,5,1,1,0","vraesier,fist,156,-310,54,1,7,1,1.1,0","vars,leg_up,-44,-190,-4.2,1,11,1,0.9,0","vars,leg_low,-62,-92,-12,0,9,1,1,0","vars,foot,-50,-21,5.4,0,13,1,1,0","vars,leg_up,51,-196,24.7,1,15,1,1,0","vars,leg_low,73,-91,1.5,1,15,1,1,0","vars,foot,94,-25,6.5,0,17,1,1,0","vars,base,3,-270,-78,0,12,1,1,0",,"vars,cloak,-53,-401,-6,0,17,1,1,0",,,,,,,,,,,,,,,,,,,,,,,,,,,,,,,,,,,,,,,,,,,,,,,,,,,,,,,,,,,,,,,,,,,,,,,,,,,,,,,,,,,,,,,,,,,,,,,,,,,,,
Damaged/5,"vars,head,12,-534,0,0,4,1,1,0","vars,neck,0,-504,-13,0,8,1,1,0","vars,body,1,-357,-1,0,7,1,1,0","vars,arm_up,-82,-404,-25,0,7,1,0.9,0","vars,arm_low,-112,-329,-14,1,6,1,1,0","vraesier,fist,-123,-274,-21,0,7,1,1,0","vars,arm_up,78,-410,22,1,13,1,1,0","vars,arm_low,120,-352,46,0,5,1,1,0","vraesier,fist,157,-312,55,1,7,1,1.1,0","vars,leg_up,-44,-190,-4.2,1,11,1,0.9,0","vars,leg_low,-62,-92,-12,0,9,1,1,0","vars,foot,-50,-21,5.4,0,13,1,1,0","vars,leg_up,51,-196,24.7,1,15,1,1,0","vars,leg_low,73,-91,1.5,1,15,1,1,0","vars,foot,94,-25,6.5,0,17,1,1,0","vars,base,4,-270,-77,0,12,1,1,0",,"vars,cloak,-53,-401,-6,0,17,1,1,0",,,,,,,,,,,,,,,,,,,,,,,,,,,,,,,,,,,,,,,,,,,,,,,,,,,,,,,,,,,,,,,,,,,,,,,,,,,,,,,,,,,,,,,,,,,,,,,,,,,,,
Die/0,"vars,head,12,-534,0,0,4,1,1,0","vars,neck,0,-504,-13,0,8,1,1,0","vars,body,1,-357,-1,0,7,1,1,0","vars,arm_up,-82,-404,-25,0,7,1,0.9,0","vars,arm_low,-112,-329,-14,1,6,1,1,0","vraesier,fist,-123,-274,-21,0,7,1,1,0","vars,arm_up,78,-410,22,1,13,1,1,0","vars,arm_low,120,-352,46,0,5,1,1,0","vraesier,fist,157,-312,55,1,7,1,1.1,0","vars,leg_up,-44,-190,-4.2,1,11,1,0.9,0","vars,leg_low,-62,-92,-12,0,9,1,1,0","vars,foot,-50,-21,5.4,0,13,1,1,0","vars,leg_up,51,-196,24.7,1,15,1,1,0","vars,leg_low,73,-91,1.5,1,15,1,1,0","vars,foot,94,-25,6.5,0,17,1,1,0","vars,base,4,-270,-77,0,12,1,1,0",,"vars,cloak,-53,-401,-6,0,17,1,1,0",,,,,,,,,,,,,,,,,,,,,,,,,,,,,,,,,,,,,,,,,,,,,,,,,,,,,,,,,,,,,,,,,,,,,,,,,,,,,,,,,,,,,,,,,,,,,,,,,,,effect_fade_1.5,play_time_mod_0.7,
Die/1,"vars,smile,8,-534,3,0,4,1,1,0","vars,neck,-3,-504,-13,0,8,1,1,0","vars,body,1,-357,0,0,7,1,1,0","vars,arm_up,-84,-404,-26,0,7,1,0.9,0","vars,arm_low,-115,-329,-15,1,6,1,1,0","vraesier,fist,-127,-274,-22,0,7,1,1,0","vars,arm_up,75,-421,22,1,13,1,1,0","vars,arm_low,117,-358,45,0,5,1,1,0","vraesier,fist,157,-316,56,1,7,1,1.1,0","vars,leg_up,-44,-190,-4.2,1,11,1,0.9,0","vars,leg_low,-62,-92,-12,0,9,1,1,0","vars,foot,-50,-21,5.4,0,13,1,1,0","vars,leg_up,52,-196,26.7,1,15,1,1,0","vars,leg_low,77,-91,4.5,1,15,1,1,0","vars,foot,100,-27,7.5,0,17,1,1,0","vars,base,5,-270,-76,0,12,1,1,0",,"vars,cloak,-53,-401,-6,0,17,1,1,0",,,,,,,,,,,,,,,,,,,,,,,,,,,,,,,,,,,,,,,,,,,,,,,,,,,,,,,,,,,,,,,,,,,,,,,,,,,,,,,,,,,,,,,,,,,,,,,,,,,effect_fade_2,play_time_mod_0.7,
Die/2,"vars,smile,3,-535,5,0,4,1,1,0","vars,neck,-7,-505,-12,0,8,1,1,0","vars,body,0,-358,1,0,7,1,1,0","vars,arm_up,-86,-403,-25,0,7,1,0.9,0","vars,arm_low,-116,-328,-14,1,6,1,1,0","vraesier,fist,-127,-273,-21,0,7,1,1,0","vars,arm_up,72,-423,23,1,13,1,1,0","vars,arm_low,116,-361,46,0,5,1,1,0","vraesier,fist,156,-319,57,1,7,1,1.1,0","vars,leg_up,-42,-190,-3.2,1,11,1,0.9,0","vars,leg_low,-59,-92,-16,0,9,1,1,0","vars,foot,-51,-21,4.4,0,13,1,1,0","vars,leg_up,55,-199,27.7,1,15,1,1,0","vars,leg_low,84,-93,7.5,1,15,1,1,0","vars,foot,110,-30,8.5,0,17,1,1,0","vars,base,5,-271,-75,0,12,1,1,0",,"vars,cloak,-55,-401,-5,0,17,1,1,0",,,,,,,,,,,,,,,,,,,,,,,,,,,,,,,,,,,,,,,,,,,,,,,,,,,,,,,,,,,,,,,,,,,,,,,,,,,,,,,,,,,,,,,,,,,,,,,,,,,effect_fade_3,play_time_mod_0.7,
Die/3,"vars,smile,-6,-535,4,0,4,1,1,0","vars,neck,-16,-501,-10,0,8,1,1,0","vars,body,-2,-358,5,0,7,1,1,0","vars,arm_up,-93,-400,-25,0,7,1,0.9,0","vars,arm_low,-125,-325,-18,1,6,1,1,0","vraesier,fist,-140,-265,-24,0,7,1,1,0","vars,arm_up,65,-423,30,1,13,1,1,0","vars,arm_low,122,-361,60,0,5,1,1,0","vraesier,twopoint,192,-325,81,1,7,1,1.1,0","vars,leg_up,-41,-190,-7.2,1,11,1,0.9,0","vars,leg_low,-63,-92,-18,0,9,1,1,0","vars,foot,-58,-21,3.4,0,13,1,1,0","vars,leg_up,60,-201,27.7,1,15,1,1,0","vars,leg_low,90,-94,7.5,1,15,1,1,0","vars,foot,116,-31,8.5,0,17,1,1,0","vars,base,5,-271,-75,0,12,1,1,0",,"vars,cloak,-55,-401,-5,0,17,1,1,0",,,,,,,,,,,,,,,,,,,,,,,,,,,,,,,,,,,,,,,,,,,,,,,,,,,,,,,,,,,,,,,,,,,,,,,,,,,,,,,,,,,,,,,,,,,,,,,,,,,effect_fade_4,play_time_mod_0.7,
Die/4,"vars,smile,-14,-534,1,0,4,1,1,0","vars,neck,-26,-501,-9,0,8,1,1,0","vars,body,-4,-358,7,0,7,1,1,0","vars,arm_up,-100,-400,-27,0,7,1,0.9,0","vars,arm_low,-134,-325,-20,1,6,1,1,0","vraesier,fist,-151,-265,-26,0,7,1,1,0","vars,arm_up,64,-431,40,1,13,1,1,0","vars,arm_low,131,-380,70,0,5,1,1,0","vraesier,twopoint,207,-357,91,1,7,1,1.1,0","vars,leg_up,-41,-190,-7.2,1,11,1,0.9,0","vars,leg_low,-63,-92,-18,0,9,1,1,0","vars,foot,-58,-21,3.4,0,13,1,1,0","vars,leg_up,60,-201,29.7,1,15,1,1,0","vars,leg_low,90,-94,7.5,1,15,1,1,0","vars,foot,116,-31,8.5,0,17,1,1,0","vars,base,3,-270,-70,0,12,1,1,0",,"vars,cloak,-55,-401,-5,0,17,1,1,0",,,,,,,,,,,,,,,,,,,,,,,,,,,,,,,,,,,,,,,,,,,,,,,,,,,,,,,,,,,,,,,,,,,,,,,,,,,,,,,,,,,,,,,,,,,,,,,,,,,effect_fade_5,play_time_mod_0.7,
Die/5,"vars,smile,-14,-534,1,0,4,1,1,0","vars,neck,-26,-501,-9,0,8,1,1,0","vars,body,-4,-358,7,0,7,1,1,0","vars,arm_up,-100,-400,-27,0,7,1,0.9,0","vars,arm_low,-134,-325,-20,1,6,1,1,0","vraesier,fist,-151,-265,-26,0,7,1,1,0","vars,arm_up,67,-440,60,1,13,1,1,0","vars,arm_low,147,-415,90,0,5,1,1,0","vraesier,twopoint,226,-420,117,1,7,1,1.1,0","vars,leg_up,-41,-190,-7.2,1,11,1,0.9,0","vars,leg_low,-63,-92,-18,0,9,1,1,0","vars,foot,-58,-21,3.4,0,13,1,1,0","vars,leg_up,60,-201,29.7,1,15,1,1,0","vars,leg_low,90,-94,7.5,1,15,1,1,0","vars,foot,116,-31,8.5,0,17,1,1,0","vars,base,3,-270,-70,0,12,1,1,0",,"vars,cloak,-55,-401,-5,0,17,1,1,0",,,,,,,,,,,,,,,,,,,,,,,,,,,,,,,,,,,,,,,,,,,,,,,,,,,,,,,,,,,,,,,,,,,,,,,,,,,,,,,,,,,,,,,,,,,,,,,,,,,effect_fade_5,play_time_mod_0.7,
Die/6,"vars,smile,-20,-536,6,0,4,1,1,0","vars,neck,-30,-503,-8,0,8,1,1,0","vars,body,-5,-360,8,0,7,1,1,0","vars,arm_up,-106,-401,-28,0,7,1,0.9,0","vars,arm_low,-141,-325,-21,1,6,1,1,0","vraesier,fist,-159,-265,-27,0,7,1,1,0","vars,arm_up,63,-452,71,1,13,1,1,0","vars,arm_low,147,-443,101,0,5,1,1,0","vraesier,twopoint,223,-463,128,1,7,1,1.1,0","vars,leg_up,-39,-192,-6.2,1,11,1,0.9,0","vars,leg_low,-60,-93,-17,0,9,1,1,0","vars,foot,-54,-22,4.4,0,13,1,1,0","vars,leg_up,65,-204,32.7,1,15,1,1,0","vars,leg_low,103,-98,12.5,1,15,1,1,0","vars,foot,138,-35,13.5,0,17,1,1,0","vars,base,3,-272,-69,0,12,1,1,0",,"vars,cloak,-57,-402,-4,0,17,1,1,0",,,,,,,,,,,,,,,,,,,,,,,,,,,,,,,,,,,,,,,,,,,,,,,,,,,,,,,,,,,,,,,,,,,,,,,,,,,,,,,,,,,,,,,,,,,,,,,,,,,effect_fade_8,play_time_mod_0.7,
Die/7,,,,,,,,,,,,,,,,,,,,,,,,,,,,,,,,,,,,,,,,,,,,,,,,,,,,,,,,,,,,,,,,,,,,,,,,,,,,,,,,,,,,,,,,,,,,,,,,,,,,,,,,,,,,,"smoke_pop,base,7,-310,0,0,0,1,1,1",,,,,,,,,play_time_mod_0.7,
Idle/0,"vars,head,11,-535,1,0,4,1,1,0","vars,neck,-2,-504,-13,0,8,1,1,0","vars,body,1,-358,-1,0,7,1,1,0","vars,arm_up,-81,-405,-23,0,7,1,0.9,0","vars,arm_low,-109,-330,-12,1,6,1,1,0","vraesier,fist,-118,-275,-19,0,7,1,1,0","vars,arm_up,78,-413,22,1,13,1,1,0","vars,arm_low,120,-357,47,0,5,1,1,0","vraesier,fist,157,-316,56,1,7,1,1.1,0","vars,leg_up,-44,-190,-4.2,1,11,1,0.9,0","vars,leg_low,-62,-92,-12,0,9,1,1,0","vars,foot,-50,-21,5.4,0,13,1,1,0","vars,leg_up,49,-196,23.7,1,15,1,1,0","vars,leg_low,72,-91,1.5,1,15,1,1,0","vars,foot,94,-25,5.5,0,17,1,1,0","vars,base,5,-270,-76,0,12,1,1,0",,"vars,cloak,-53,-403,-5,0,17,1,1,0",,,,,,,,,,,,,,,,,,,,,,,,,,,,,,,,,,,,,,,,,,,,,,,,,,,,,,,,,,,,,,,,,,,,,,,,,,,,,,,,,,,,,,,,,,,,,,,,,,,play_time_mod_2,,
Idle/1,"vars,head,12,-534,0,0,4,1,1,0","vars,neck,0,-504,-13,0,8,1,1,0","vars,body,1,-357,-1,0,7,1,1,0","vars,arm_up,-82,-404,-25,0,7,1,0.9,0","vars,arm_low,-112,-329,-14,1,6,1,1,0","vraesier,fist,-123,-274,-21,0,7,1,1,0","vars,arm_up,78,-410,22,1,13,1,1,0","vars,arm_low,120,-352,46,0,5,1,1,0","vraesier,fist,157,-312,55,1,7,1,1.1,0","vars,leg_up,-44,-190,-4.2,1,11,1,0.9,0","vars,leg_low,-62,-92,-12,0,9,1,1,0","vars,foot,-50,-21,5.4,0,13,1,1,0","vars,leg_up,51,-196,24.7,1,15,1,1,0","vars,leg_low,73,-91,1.5,1,15,1,1,0","vars,foot,94,-25,6.5,0,17,1,1,0","vars,base,4,-270,-77,0,12,1,1,0",,"vars,cloak,-53,-401,-6,0,17,1,1,0",,,,,,,,,,,,,,,,,,,,,,,,,,,,,,,,,,,,,,,,,,,,,,,,,,,,,,,,,,,,,,,,,,,,,,,,,,,,,,,,,,,,,,,,,,,,,,,,,,,,,
Idle/2,"vars,head,16,-533,-2,0,4,1,1,0","vars,neck,3,-504,-13,0,8,1,1,0","vars,body,3,-357,-2,0,7,1,1,0","vars,arm_up,-83,-406,-27,0,7,1,0.9,0","vars,arm_low,-117,-332,-15,1,6,1,1,0","vraesier,fist,-128,-277,-22,0,7,1,1,0","vars,arm_up,81,-407,20,1,13,1,1,0","vars,arm_low,120,-347,42,0,5,1,1,0","vraesier,fist,157,-306,53,1,7,1,1.1,0","vars,leg_up,-44,-190,-4.2,1,11,1,0.9,0","vars,leg_low,-62,-92,-12,0,9,1,1,0","vars,foot,-50,-21,5.4,0,13,1,1,0","vars,leg_up,51,-196,24.7,1,15,1,1,0","vars,leg_low,73,-91,1.5,1,15,1,1,0","vars,foot,94,-25,6.5,0,17,1,1,0","vars,base,4,-268,-78,0,12,1,1,0",,"vars,cloak,-53,-401,-6,0,17,1,1,0",,,,,,,,,,,,,,,,,,,,,,,,,,,,,,,,,,,,,,,,,,,,,,,,,,,,,,,,,,,,,,,,,,,,,,,,,,,,,,,,,,,,,,,,,,,,,,,,,,,,,
Idle/3,"vars,head,18,-531,-4,0,4,1,1,0","vars,neck,3,-501,-15,0,8,1,1,0","vars,body,3,-356,-2,0,7,1,1,0","vars,arm_up,-83,-406,-28,0,7,1,0.9,0","vars,arm_low,-118,-332,-16,1,6,1,1,0","vraesier,fist,-130,-277,-23,0,7,1,1,0","vars,arm_up,82,-405,19,1,13,1,1,0","vars,arm_low,121,-344,41,0,5,1,1,0","vraesier,fist,157,-302,51,1,7,1,1.1,0","vars,leg_up,-44,-190,-4.2,1,11,1,0.9,0","vars,leg_low,-62,-92,-12,0,9,1,1,0","vars,foot,-50,-21,5.4,0,13,1,1,0","vars,leg_up,51,-194,25.7,1,15,1,1,0","vars,leg_low,73,-91,-0.5,1,15,1,1,0","vars,foot,94,-25,7.5,0,17,1,1,0","vars,base,3,-267,-79,0,12,1,1,0",,"vars,cloak,-53,-399,-7,0,17,1,1,0",,,,,,,,,,,,,,,,,,,,,,,,,,,,,,,,,,,,,,,,,,,,,,,,,,,,,,,,,,,,,,,,,,,,,,,,,,,,,,,,,,,,,,,,,,,,,,,,,,,play_time_mod_1.2,,
Idle/4,"vars,head,23,-531,-4,0,4,1,1,0","vars,neck,9,-497,-25,0,8,1,1,0","vars,body,6,-356,-3,0,7,1,1,0","vars,arm_up,-80,-408,-29,0,7,1,0.9,0","vars,arm_low,-117,-334,-17,1,6,1,1,0","vraesier,fist,-130,-279,-24,0,7,1,1,0","vars,arm_up,84,-404,17,1,13,1,1,0","vars,arm_low,121,-342,40,0,5,1,1,0","vraesier,fist,156,-300,50,1,7,1,1.1,0","vars,leg_up,-44,-190,-4.2,1,11,1,0.9,0","vars,leg_low,-62,-92,-12,0,9,1,1,0","vars,foot,-50,-21,5.4,0,13,1,1,0","vars,leg_up,53,-192,25.7,1,15,1,1,0","vars,leg_low,73,-90,-1.5,1,15,1,1,0","vars,foot,94,-25,8.5,0,17,1,1,0","vars,base,2,-267,-80,0,12,1,1,0",,"vars,cloak,-53,-399,-7,0,17,1,1,0",,,,,,,,,,,,,,,,,,,,,,,,,,,,,,,,,,,,,,,,,,,,,,,,,,,,,,,,,,,,,,,,,,,,,,,,,,,,,,,,,,,,,,,,,,,,,,,,,,,play_time_mod_1.5,,
Idle/5,"vars,head,25,-528,-5,0,4,1,1,0","vars,neck,10,-497,-25,0,8,1,1,0","vars,body,6,-354,-3,0,7,1,1,0","vars,arm_up,-80,-407,-30,0,7,1,0.9,0","vars,arm_low,-117,-333,-18,1,6,1,1,0","vraesier,fist,-131,-278,-25,0,7,1,1,0","vars,arm_up,85,-403,16,1,13,1,1,0","vars,arm_low,121,-340,39,0,5,1,1,0","vraesier,fist,155,-298,49,1,7,1,1.1,0","vars,leg_up,-44,-190,-4.2,1,11,1,0.9,0","vars,leg_low,-62,-92,-12,0,9,1,1,0","vars,foot,-50,-21,5.4,0,13,1,1,0","vars,leg_up,53,-192,25.7,1,15,1,1,0","vars,leg_low,73,-90,-1.5,1,15,1,1,0","vars,foot,94,-25,8.5,0,17,1,1,0","vars,base,1,-267,-81,0,12,1,1,0",,"vars,cloak,-53,-397,-8,0,17,1,1,0",,,,,,,,,,,,,,,,,,,,,,,,,,,,,,,,,,,,,,,,,,,,,,,,,,,,,,,,,,,,,,,,,,,,,,,,,,,,,,,,,,,,,,,,,,,,,,,,,,,play_time_mod_2,,
Idle/6,"vars,head,23,-531,-4,0,4,1,1,0","vars,neck,9,-497,-25,0,8,1,1,0","vars,body,6,-356,-3,0,7,1,1,0","vars,arm_up,-80,-408,-29,0,7,1,0.9,0","vars,arm_low,-117,-334,-17,1,6,1,1,0","vraesier,fist,-130,-279,-24,0,7,1,1,0","vars,arm_up,84,-404,17,1,13,1,1,0","vars,arm_low,121,-342,40,0,5,1,1,0","vraesier,fist,156,-300,50,1,7,1,1.1,0","vars,leg_up,-44,-190,-4.2,1,11,1,0.9,0","vars,leg_low,-62,-92,-12,0,9,1,1,0","vars,foot,-50,-21,5.4,0,13,1,1,0","vars,leg_up,53,-192,25.7,1,15,1,1,0","vars,leg_low,73,-90,-1.5,1,15,1,1,0","vars,foot,94,-25,8.5,0,17,1,1,0","vars,base,2,-267,-80,0,12,1,1,0",,"vars,cloak,-53,-399,-7,0,17,1,1,0",,,,,,,,,,,,,,,,,,,,,,,,,,,,,,,,,,,,,,,,,,,,,,,,,,,,,,,,,,,,,,,,,,,,,,,,,,,,,,,,,,,,,,,,,,,,,,,,,,,,,
Idle/7,"vars,head,18,-531,-4,0,4,1,1,0","vars,neck,3,-501,-15,0,8,1,1,0","vars,body,3,-356,-2,0,7,1,1,0","vars,arm_up,-83,-406,-28,0,7,1,0.9,0","vars,arm_low,-118,-332,-16,1,6,1,1,0","vraesier,fist,-130,-277,-23,0,7,1,1,0","vars,arm_up,82,-405,19,1,13,1,1,0","vars,arm_low,121,-344,41,0,5,1,1,0","vraesier,fist,157,-302,51,1,7,1,1.1,0","vars,leg_up,-44,-190,-4.2,1,11,1,0.9,0","vars,leg_low,-62,-92,-12,0,9,1,1,0","vars,foot,-50,-21,5.4,0,13,1,1,0","vars,leg_up,51,-194,25.7,1,15,1,1,0","vars,leg_low,73,-91,-0.5,1,15,1,1,0","vars,foot,94,-25,7.5,0,17,1,1,0","vars,base,3,-267,-79,0,12,1,1,0",,"vars,cloak,-53,-399,-7,0,17,1,1,0",,,,,,,,,,,,,,,,,,,,,,,,,,,,,,,,,,,,,,,,,,,,,,,,,,,,,,,,,,,,,,,,,,,,,,,,,,,,,,,,,,,,,,,,,,,,,,,,,,,play_time_mod_1.2,,
Idle/8,"vars,head,16,-533,-2,0,4,1,1,0","vars,neck,3,-504,-13,0,8,1,1,0","vars,body,3,-357,-2,0,7,1,1,0","vars,arm_up,-83,-406,-27,0,7,1,0.9,0","vars,arm_low,-117,-332,-15,1,6,1,1,0","vraesier,fist,-128,-277,-22,0,7,1,1,0","vars,arm_up,81,-407,20,1,13,1,1,0","vars,arm_low,120,-347,42,0,5,1,1,0","vraesier,fist,157,-306,53,1,7,1,1.1,0","vars,leg_up,-44,-190,-4.2,1,11,1,0.9,0","vars,leg_low,-62,-92,-12,0,9,1,1,0","vars,foot,-50,-21,5.4,0,13,1,1,0","vars,leg_up,49,-196,23.7,1,15,1,1,0","vars,leg_low,72,-91,1.5,1,15,1,1,0","vars,foot,94,-25,5.5,0,17,1,1,0","vars,base,4,-268,-78,0,12,1,1,0",,"vars,cloak,-53,-401,-6,0,17,1,1,0",,,,,,,,,,,,,,,,,,,,,,,,,,,,,,,,,,,,,,,,,,,,,,,,,,,,,,,,,,,,,,,,,,,,,,,,,,,,,,,,,,,,,,,,,,,,,,,,,,,,,
Idle/9,"vars,head,12,-534,0,0,4,1,1,0","vars,neck,0,-504,-13,0,8,1,1,0","vars,body,1,-357,-1,0,7,1,1,0","vars,arm_up,-82,-404,-25,0,7,1,0.9,0","vars,arm_low,-112,-329,-14,1,6,1,1,0","vraesier,fist,-123,-274,-21,0,7,1,1,0","vars,arm_up,78,-410,22,1,13,1,1,0","vars,arm_low,120,-352,46,0,5,1,1,0","vraesier,fist,157,-312,55,1,7,1,1.1,0","vars,leg_up,-44,-190,-4.2,1,11,1,0.9,0","vars,leg_low,-62,-92,-12,0,9,1,1,0","vars,foot,-50,-21,5.4,0,13,1,1,0","vars,leg_up,51,-196,24.7,1,15,1,1,0","vars,leg_low,73,-91,1.5,1,15,1,1,0","vars,foot,94,-25,6.5,0,17,1,1,0","vars,base,4,-270,-77,0,12,1,1,0",,"vars,cloak,-53,-401,-6,0,17,1,1,0",,,,,,,,,,,,,,,,,,,,,,,,,,,,,,,,,,,,,,,,,,,,,,,,,,,,,,,,,,,,,,,,,,,,,,,,,,,,,,,,,,,,,,,,,,,,,,,,,,,,,
Run/0,"vars,head,33,-538,-3,0,4,1,1,0","vars,neck,20,-505,-20,0,8,1,1,0","vars,body,11,-361,-6,0,7,1,1,0","vars,arm_up,-63,-419,-22,0,7,1,0.9,0","vars,arm_low,-80,-343,9,1,6,1,1,0","vraesier,fist,-66,-292,0,0,7,1,1,0","vars,arm_up,89,-404,12,1,13,1,1,0","vars,arm_low,121,-335,37,0,5,1,1,0","vraesier,fist,153,-280,37,1,7,1,1.1,0","vars,leg_up,-44,-210,-8.2,1,11,1,0.9,0","vars,leg_low,-88,-133,-49,0,9,1,1,0","vars,foot,-147,-79,-67.6,0,13,1,1,0","vars,leg_up,47,-202,21.7,1,15,1,1,0","vars,leg_low,61,-94,-5.5,1,15,1,1,0","vars,foot,78,-25,6.5,0,17,1,1,0","vars,base,4,-261,-86,0,12,1,1,0",,"vars,cloak,-51,-426,-45,0,17,1.1,1,0",,,,,,,,,,,,,,,,,,,,,,,,,,,,,,,,,,,,,,,,,,,,,,,,,,,,,,,,,,,,,,,,,,,,,,,,,,,,,,,,,,,,,,,,,,,,,,,,,,,,play_time_mod_0.7,
Run/1,"vars,head,36,-533,-7,0,4,1,1,0","vars,neck,21,-503,-22,0,8,1,1,0","vars,body,7,-359,-7,0,7,1,1,0","vars,arm_up,-76,-423,-42,0,7,1,0.9,0","vars,arm_low,-112,-360,-11,1,6,1,1,0","vraesier,fist,-117,-307,-20,0,7,1,1,0","vars,arm_up,86,-403,12,1,13,1,1,0","vars,arm_low,121,-333,39,0,5,1,1,0","vraesier,fist,159,-287,46,1,7,1,1.1,0","vars,leg_up,-33,-201,10.8,1,11,1,0.9,0","vars,leg_low,-61,-124,-46,0,9,1,0.9,0","vars,foot,-107,-65,-60.6,0,13,1,1,0","vars,leg_up,37,-202,3.7,1,15,1,1,0","vars,leg_low,23,-95,-15.5,1,15,1,1,0","vars,foot,26,-26,-5.5,0,17,1,1,0","vars,base,8,-259,-83,0,12,1,1,0",,"vars,cloak,-45,-421,-53,1,17,1.2,1,0",,,,,,,,,,,,,,,,,,,,,,,,,,,,,,,,,,,,,,,,,,,,,,,,,,,,,,,,,,,,,,,,,,,,,,,,,,,,,,,,,,,,,,,,,,,,,,,,,,,,play_time_mod_0.7,
Run/2,"vars,head,45,-531,-10,0,4,1,1,0","vars,neck,28,-503,-24,0,8,1,1,0","vars,body,9,-359,-9,0,7,1,1,0","vars,arm_up,-75,-436,-54,0,7,1,0.9,0","vars,arm_low,-124,-382,-23,1,6,1,1,0","vraesier,fist,-140,-332,-32,0,7,1,1,0","vars,arm_up,87,-399,11,1,13,1,1,0","vars,arm_low,121,-328,38,0,5,1,1,0","vraesier,fist,158,-282,45,1,7,1,1.1,0","vars,leg_up,-11,-213,29.8,1,11,1,0.9,0","vars,leg_low,-21,-123,-32,0,9,1,1,0","vars,foot,-55,-56,-46.6,0,13,1,1,0","vars,leg_up,4,-200,-4.3,1,15,1,1,0","vars,leg_low,-21,-95,-25.5,1,15,1,1,0","vars,foot,-30,-26,-15.5,0,17,1,1,0","vars,base,7,-256,-84,0,12,1,1,0",,"vars,cloak,-37,-432,-58,1,17,1.2,1,0",,,,,,,,,,,,,,,,,,,,,,,,,,,,,,,,,,,,,,,,,,,,,,,,,,,,,,,,,,,,,,,,,,,,,,,,,,,,,,,,,,,,,,,,,,,,,,,,,,,,play_time_mod_0.7,
Run/3,"vars,head,56,-523,-14,0,4,1,1,0","vars,neck,37,-493,-26,0,8,1,1,0","vars,body,12,-352,-12,0,7,1,1,0","vars,arm_up,-72,-439,-64,0,7,1,0.9,0","vars,arm_low,-130,-393,-33,1,6,1,1,0","vraesier,fist,-155,-345,-42,0,7,1,1,0","vars,arm_up,90,-392,8,1,13,1,1,0","vars,arm_low,121,-318,35,0,5,1,1,0","vraesier,fist,155,-269,42,1,7,1,1.1,0","vars,leg_up,-14,-215,46.8,1,11,1,1,0","vars,leg_low,30,-133,9,0,9,1,1,0","vars,foot,55,-59,-3.6,0,13,1,1,0","vars,leg_up,9,-189,-7.3,1,15,1,1,0","vars,leg_low,-56,-99,-49.5,1,15,1,1,0","vars,foot,-92,-39,-39.5,0,17,1,1,0","vars,base,6,-257,-91,0,12,1,1,0",,"vars,cloak,-31,-444,-63,0,17,1,1,0",,,,,,,,,,,,,,,,,,,,,,,,,,,,,,,,,,,,,,,,,,,,,,,,,,,,,,,,,,,,,,,,,,,,,,,,,,,,,,,,,,,,,,,,,,,,,,,,,,,,play_time_mod_0.7,
Run/4,"vars,head,57,-522,-9,0,4,1,1,0","vars,neck,43,-488,-26,0,8,1,1,0","vars,body,14,-350,-14,0,7,1,1,0","vars,arm_up,-70,-446,-77,0,7,1,0.9,0","vars,arm_low,-139,-417,-52,1,6,1,1,0","vraesier,fist,-179,-380,-55,0,7,1,1,0","vars,arm_up,93,-390,6,1,13,1,1,0","vars,arm_low,120,-307,26,0,5,1,1,0","vraesier,fist,145,-247,32,1,7,1,1.1,0","vars,leg_up,-17,-202,29.8,1,11,1,1,0","vars,leg_low,31,-90,19,0,9,1,1,0","vars,foot,68,-22,6.4,0,13,1.1,1.1,0","vars,leg_up,-1,-175,-27.3,1,15,1,1,0","vars,leg_low,-81,-101,-59.5,1,15,1,1,0","vars,foot,-131,-47,-54.5,0,17,1,1,0","vars,base,1,-254,-95,0,12,1,1,0",,"vars,cloak,-53,-468,-114,0,17,0.8,0.8,0",,,,,,,,,,,,,,,,,,,,,,,,,,,,,,,,,,,,,,,,,,,,,,,,,,,,,,,,,,,,,,,,,,,,,,,,,,,,,,,,,,,,,,,,,,,,,,,,,,,play_time_mod_0.9,play_time_mod_0.7,
Run/5,"vars,head,52,-522,-2,0,4,1,1,0","vars,neck,39,-487,-26,0,8,1,1,0","vars,body,13,-349,-12,0,7,1,1,0","vars,arm_up,-77,-439,-67,0,7,1,0.9,0","vars,arm_low,-139,-401,-42,1,6,1,1,0","vraesier,fist,-172,-358,-45,0,7,1,1,0","vars,arm_up,91,-402,11,1,13,1,1,0","vars,arm_low,121,-321,28,0,5,1,1,0","vraesier,fist,148,-263,34,1,7,1,1.1,0","vars,leg_up,-24,-201,24.8,1,11,1,1,0","vars,leg_low,18,-89,15,0,9,1,1,0","vars,foot,53,-22,6.4,0,13,1,1,0","vars,leg_up,9,-195,2.7,1,15,1,1,0","vars,leg_low,-61,-131,-69.5,1,15,1,1,0","vars,foot,-127,-100,-99.5,0,17,1,1,0","vars,base,1,-257,-89,0,12,1,1,0",,"vars,cloak,-60,-456,-99,1,17,0.8,0.8,0",,,,,,,,,,,,,,,,,,,,,,,,,,,,,,,,,,,,,,,,,,,,,,,,,,,,,,,,,,,,,,,,,,,,,,,,,,,,,,,,,,,,,,,,,,,,,,,,,,,,play_time_mod_0.7,
Run/6,"vars,head,43,-532,-2,0,4,1,1,0","vars,neck,30,-495,-26,0,8,1,1,0","vars,body,11,-360,-10,0,7,1,1,0","vars,arm_up,-77,-433,-57,0,7,1,0.9,0","vars,arm_low,-131,-381,-32,1,6,1,1,0","vraesier,fist,-156,-333,-35,0,7,1,1,0","vars,arm_up,88,-409,14,1,13,1,1,0","vars,arm_low,121,-331,31,0,5,1,1,0","vraesier,fist,151,-273,37,1,7,1,1.1,0","vars,leg_up,-40,-210,8.8,1,11,1,1,0","vars,leg_low,-36,-93,-3,0,9,1,1,0","vars,foot,-14,-24,10.4,0,13,1,1,0","vars,leg_up,16,-190,12.7,1,15,1,1,0","vars,leg_low,-31,-127,-70.5,1,15,1,0.8,0","vars,foot,-95,-86,-79.5,0,17,1,1,0","vars,base,4,-261,-86,0,12,1,1,0",,"vars,cloak,-60,-465,-96,0,17,0.8,0.9,0",,,,,,,,,,,,,,,,,,,,,,,,,,,,,,,,,,,,,,,,,,,,,,,,,,,,,,,,,,,,,,,,,,,,,,,,,,,,,,,,,,,,,,,,,,,,,,,,,,,,play_time_mod_0.7,
Run/7,"vars,head,28,-535,-4,0,4,1,1,0","vars,neck,16,-498,-26,0,8,1,1,0","vars,body,5,-361,-5,0,7,1,1,0","vars,arm_up,-78,-422,-37,0,7,1,0.9,0","vars,arm_low,-111,-356,-12,1,6,1,1,0","vraesier,fist,-119,-302,-15,0,7,1,1,0","vars,arm_up,83,-419,18,1,13,1,1,0","vars,arm_low,121,-345,35,0,5,1,1,0","vraesier,fist,155,-292,44,1,7,1,1.1,0","vars,leg_up,-46,-210,-1.2,1,11,1,1,0","vars,leg_low,-68,-93,-12,0,9,1,1,0","vars,foot,-55,-24,0.4,0,13,1,1,0","vars,leg_up,39,-199,15.7,1,15,1,1,0","vars,leg_low,8,-127,-58.5,1,15,1,0.9,0","vars,foot,-40,-80,-59.5,0,17,1,1,0","vars,base,8,-264,-82,0,12,1,1,0",,"vars,cloak,-66,-435,-67,1,17,1,0.9,0",,,,,,,,,,,,,,,,,,,,,,,,,,,,,,,,,,,,,,,,,,,,,,,,,,,,,,,,,,,,,,,,,,,,,,,,,,,,,,,,,,,,,,,,,,,,,,,,,,,,play_time_mod_0.7,
Run/8,"vars,head,37,-535,-6,0,4,1,1,0","vars,neck,21,-498,-32,0,8,1,1,0","vars,body,9,-361,-7,0,7,1,1,0","vars,arm_up,-67,-422,-27,0,7,1,0.9,0","vars,arm_low,-88,-350,-2,1,6,1,1,0","vraesier,fist,-86,-295,-5,0,7,1,1,0","vars,arm_up,85,-414,16,1,13,1,1,0","vars,arm_low,121,-338,33,0,5,1,1,0","vraesier,fist,151,-285,37,1,7,1,1.1,0","vars,leg_up,-57,-210,-11.2,1,11,1,1,0","vars,leg_low,-92,-94,-22,0,9,1,1,0","vars,foot,-91,-23,-9.6,0,13,1,1,0","vars,leg_up,39,-205,31.7,1,15,1,1,0","vars,leg_low,60,-113,-3.5,1,15,1,0.8,0","vars,foot,63,-53,-29.5,0,17,1,1,0","vars,base,6,-261,-84,0,12,1,1,0",,"vars,cloak,-35,-437,-27,0,17,1.1,0.9,0",,,,,,,,,,,,,,,,,,,,,,,,,,,,,,,,,,,,,,,,,,,,,,,,,,,,,,,,,,,,,,,,,,,,,,,,,,,,,,,,,,,,,,,,,,,,,,,,,,,,play_time_mod_0.7,
Run/9,"vars,head,43,-533,-9,0,4,1,1,0","vars,neck,28,-498,-42,0,8,1,1,0","vars,body,16,-359,-7,0,7,1,1,0","vars,arm_up,-53,-413,-11,0,7,1,0.9,0","vars,arm_low,-55,-338,14,1,6,1,1,0","vraesier,fist,-38,-284,11,0,7,1,1,0","vars,arm_up,90,-408,14,1,13,1,1,0","vars,arm_low,124,-329,31,0,5,1,1,0","vraesier,fist,152,-275,33,1,7,1,1.1,0","vars,leg_up,-58,-197,-18.2,1,11,1,1,0","vars,leg_low,-106,-94,-31,0,9,1,1,0","vars,foot,-117,-25,-18.6,0,13,1,1,0","vars,leg_up,43,-216,59.7,1,15,1,0.9,0","vars,leg_low,94,-142,18.5,1,15,1,1,0","vars,foot,130,-77,10.5,0,17,1,1,0","vars,base,7,-256,-86,0,12,1,1,0",,"vars,cloak,15,-434,86,0,17,0.8,0.8,0",,,,,,,,,,,,,,,,,,,,,,,,,,,,,,,,,,,,,,,,,,,,,,,,,,,,,,,,,,,,,,,,,,,,,,,,,,,,,,,,,,,,,,,,,,,,,,,,,,,,play_time_mod_0.7,
Run/10,"vars,head,48,-527,-8,0,4,1,1,0","vars,neck,31,-494,-45,0,8,1,1,0","vars,body,16,-352,-9,0,7,1,1,0","vars,arm_up,-39,-406,6,0,7,1,0.9,0","vars,arm_low,-12,-341,41,1,6,1,1,0","vraesier,fist,29,-296,38,0,7,1,1,0","vars,arm_up,93,-401,11,1,13,1,1,0","vars,arm_low,126,-318,28,0,5,1,1,0","vraesier,fist,148,-262,25,1,7,1,1.1,0","vars,leg_up,-68,-187,-31.2,1,11,1,1,0","vars,leg_low,-138,-97,-44,0,9,1,1,0","vars,foot,-172,-31,-41.6,0,13,1,1,0","vars,leg_up,52,-190,31.7,1,15,1,1.1,0","vars,leg_low,96,-86,15.5,1,15,1,1,0","vars,foot,131,-23,10.5,0,17,1.1,1.1,0","vars,base,7,-254,-90,0,12,1,1,0",,"vars,cloak,3,-446,-176,1,17,0.8,0.8,0",,,,,,,,,,,,,,,,,,,,,,,,,,,,,,,,,,,,,,,,,,,,,,,,,,,,,,,,,,,,,,,,,,,,,,,,,,,,,,,,,,,,,,,,,,,,,,,,,,,,play_time_mod_0.7,
Run/11,"vars,head,41,-532,-3,0,4,1,1,0","vars,neck,31,-497,-42,0,8,1,1,0","vars,body,16,-354,-7,0,7,1,1,0","vars,arm_up,-48,-409,-4,0,7,1,0.9,0","vars,arm_low,-33,-340,31,1,6,1,1,0","vraesier,fist,0,-289,28,0,7,1,1,0","vars,arm_up,93,-405,14,1,13,1,1,0","vars,arm_low,126,-325,30,0,5,1,1,0","vraesier,fist,148,-269,27,1,7,1,1.1,0","vars,leg_up,-54,-188,-21.2,1,11,1,1,0","vars,leg_low,-117,-118,-65,0,9,1,1,0","vars,foot,-171,-78,-72.6,0,13,1,1,0","vars,leg_up,46,-190,26.7,1,15,1,1.1,0","vars,leg_low,87,-86,15.5,1,15,1,1,0","vars,foot,122,-23,10.5,0,17,1,1,0","vars,base,7,-256,-88,0,12,1,1,0",,"vars,cloak,-33,-421,-125,1,17,0.8,0.8,0",,,,,,,,,,,,,,,,,,,,,,,,,,,,,,,,,,,,,,,,,,,,,,,,,,,,,,,,,,,,,,,,,,,,,,,,,,,,,,,,,,,,,,,,,,,,,,,,,,,,play_time_mod_0.7,
Walk/0,"vars,head,15,-532,-3,0,4,1,1,0","vars,neck,2,-499,-14,0,8,1,1,0","vars,body,0,-355,-2,0,7,1,1,0","vars,arm_up,-62,-398,2,0,7,1,0.9,0","vars,arm_low,-49,-324,25,1,6,1,1,0","vraesier,fist,-21,-274,18,0,7,1,1,0","vars,arm_up,78,-406,21,1,13,1,1,0","vars,arm_low,120,-345,44,0,5,1,1,0","vraesier,fist,155,-304,53,1,7,1,1.1,0","vars,leg_up,-46,-190,-7.2,1,11,1,0.9,0","vars,leg_low,-78,-94,-31,0,9,1,1,0","vars,foot,-91,-21,-16.6,0,13,1,1,0","vars,leg_up,44,-207,23.7,1,15,1,1,0","vars,leg_low,72,-93,5.5,1,15,1,1,0","vars,foot,100,-25,6.5,0,17,1,1,0","vars,base,1,-267,-79,0,12,1,1,0",,"vars,cloak,-61,-406,-15,0,17,1,1,0",,,,,,,,,,,,,,,,,,,,,,,,,,,,,,,,,,,,,,,,,,,,,,,,,,,,,,,,,,,,,,,,,,,,,,,,,,,,,,,,,,,,,,,,,,,,,,,,,,,,play_time_mod_0.85,
Walk/1,"vars,head,18,-537,-3,0,4,1,1,0","vars,neck,5,-505,-17,0,8,1,1,0","vars,body,5,-361,-2,0,7,1,1,0","vars,arm_up,-70,-411,-18,0,7,1,0.9,0","vars,arm_low,-88,-333,-7,1,6,1,1,0","vraesier,fist,-92,-276,-14,0,7,1,1,0","vars,arm_up,81,-413,20,1,13,1,1,0","vars,arm_low,120,-352,44,0,5,1,1,0","vraesier,fist,157,-313,54,1,7,1,1.1,0","vars,leg_up,-47,-197,-11.2,1,11,1,0.9,0","vars,leg_low,-92,-112,-42,0,9,1,1,0","vars,foot,-124,-53,-50.6,0,13,1,1,0","vars,leg_up,46,-206,16.7,1,15,1,1,0","vars,leg_low,62,-91,-1.5,1,15,1,1,0","vars,foot,82,-25,6.5,0,17,1,1,0","vars,base,4,-273,-78,0,12,1,1,0",,"vars,cloak,-60,-408,-12,0,17,1,1,0",,,,,,,,,,,,,,,,,,,,,,,,,,,,,,,,,,,,,,,,,,,,,,,,,,,,,,,,,,,,,,,,,,,,,,,,,,,,,,,,,,,,,,,,,,,,,,,,,,,,play_time_mod_0.85,
Walk/2,"vars,head,20,-534,-6,0,4,1,1,0","vars,neck,6,-497,-25,0,8,1,1,0","vars,body,5,-358,-3,0,7,1,1,0","vars,arm_up,-78,-412,-28,0,7,1,0.9,0","vars,arm_low,-111,-337,-17,1,6,1,1,0","vraesier,fist,-125,-282,-24,0,7,1,1,0","vars,arm_up,79,-411,18,1,13,1,1,0","vars,arm_low,120,-346,43,0,5,1,1,0","vraesier,fist,157,-304,52,1,7,1,1.1,0","vars,leg_up,-21,-193,11.8,1,9,1,0.9,0","vars,leg_low,-49,-113,-43,0,9,1,0.9,0","vars,foot,-80,-60,-54.6,0,13,1,1,0","vars,leg_up,32,-196,3.7,1,15,1,1,0","vars,leg_low,20,-91,-11.5,1,15,1,1,0","vars,foot,34,-25,6.5,0,17,1,1,0","vars,base,4,-266,-80,0,12,1,1,0",,"vars,cloak,-60,-405,-14,0,17,1,1,0",,,,,,,,,,,,,,,,,,,,,,,,,,,,,,,,,,,,,,,,,,,,,,,,,,,,,,,,,,,,,,,,,,,,,,,,,,,,,,,,,,,,,,,,,,,,,,,,,,,,play_time_mod_0.85,
Walk/3,"vars,head,23,-532,-6,0,4,1,1,0","vars,neck,8,-493,-30,0,8,1,1,0","vars,body,5,-355,-4,0,7,1,1,0","vars,arm_up,-79,-414,-32,0,7,1,0.9,0","vars,arm_low,-117,-341,-17,1,6,1,1,0","vraesier,fist,-131,-286,-24,0,7,1,1,0","vars,arm_up,80,-406,17,1,13,1,1,0","vars,arm_low,120,-340,42,0,5,1,1,0","vraesier,fist,156,-298,51,1,7,1,1.1,0","vars,leg_up,-11,-193,31.8,1,9,1,0.9,0","vars,leg_low,-9,-113,-23,0,9,1,0.9,0","vars,foot,-20,-50,-24.6,0,13,1,1,0","vars,leg_up,19,-196,-12.3,1,15,1,1,0","vars,leg_low,0,-91,-11.5,1,15,1,1,0","vars,foot,12,-25,3.5,0,17,1,1,0","vars,base,3,-262,-81,0,12,1,1,0",,"vars,cloak,-63,-405,-20,0,17,1,1,0",,,,,,,,,,,,,,,,,,,,,,,,,,,,,,,,,,,,,,,,,,,,,,,,,,,,,,,,,,,,,,,,,,,,,,,,,,,,,,,,,,,,,,,,,,,,,,,,,,,,play_time_mod_0.85,
Walk/4,"vars,head,27,-528,-6,0,4,1,1,0","vars,neck,12,-491,-30,0,8,1,1,0","vars,body,6,-351,-5,0,7,1,1,0","vars,arm_up,-83,-413,-43,0,7,1,0.9,0","vars,arm_low,-133,-347,-27,1,6,1,1,0","vraesier,fist,-157,-296,-34,0,7,1,1,0","vars,arm_up,81,-403,16,1,13,1,1,0","vars,arm_low,120,-336,41,0,5,1,1,0","vraesier,fist,155,-294,50,1,7,1,1.1,0","vars,leg_up,10,-193,31.8,1,9,1,0.9,0","vars,leg_low,39,-113,4,0,9,1,0.9,0","vars,foot,60,-50,-4.6,0,13,1,1,0","vars,leg_up,9,-196,-20.3,1,15,1,1,0","vars,leg_low,-38,-91,-25.5,1,15,1,1,0","vars,foot,-41,-25,2.5,0,17,1,1,0","vars,base,2,-260,-82,0,12,1,1,0",,"vars,cloak,-65,-407,-38,1,17,1,1,0",,,,,,,,,,,,,,,,,,,,,,,,,,,,,,,,,,,,,,,,,,,,,,,,,,,,,,,,,,,,,,,,,,,,,,,,,,,,,,,,,,,,,,,,,,,,,,,,,,,play_time_mod_1,play_time_mod_0.85,
Walk/5,"vars,head,32,-525,-4,0,4,1,1,0","vars,neck,16,-490,-35,0,8,1,1,0","vars,body,8,-348,-6,0,7,1,1,0","vars,arm_up,-81,-414,-47,0,7,1,0.9,0","vars,arm_low,-135,-355,-34,1,6,1,1,0","vraesier,fist,-168,-304,-44,0,7,1,1,0","vars,arm_up,82,-398,15,1,13,1,1,0","vars,arm_low,120,-330,40,0,5,1,1,0","vraesier,fist,154,-288,49,1,7,1,1.1,0","vars,leg_up,-13,-199,36.8,1,9,1,1.1,0","vars,leg_low,48,-92,21,0,9,1,1.1,0","vars,foot,90,-22,10.4,0,13,1,1,0","vars,leg_up,3,-190,-27.3,1,15,1,1,0","vars,leg_low,-58,-91,-32.5,1,15,1,1,0","vars,foot,-63,-25,-0.5,0,17,1,1,0","vars,base,1,-256,-83,0,12,1,1,0",,"vars,cloak,-58,-406,-41,1,17,1,1,0",,,,,,,,,,,,,,,,,,,,,,,,,,,,,,,,,,,,,,,,,,,,,,,,,,,,,,,,,,,,,,,,,,,,,,,,,,,,,,,,,,,,,,,,,,,,,,,,,,,play_time_mod_1.1,play_time_mod_0.85,
Walk/6,"vars,head,29,-528,-5,0,4,1,1,0","vars,neck,13,-490,-35,0,8,1,1,0","vars,body,7,-352,-4,0,7,1,1,0","vars,arm_up,-81,-405,-37,0,7,1,0.9,0","vars,arm_low,-124,-337,-24,1,6,1,1,0","vraesier,fist,-148,-281,-34,0,7,1,1,0","vars,arm_up,80,-403,17,1,13,1,1,0","vars,arm_low,120,-339,42,0,5,1,1,0","vraesier,fist,156,-295,51,1,7,1,1.1,0","vars,leg_up,-10,-191,26.8,1,9,1,1,0","vars,leg_low,33,-87,18,0,9,1,0.9,0","vars,foot,67,-22,9.4,0,13,1,1,0","vars,leg_up,4,-190,-17.3,1,15,1,1,0","vars,leg_low,-56,-112,-50.5,1,15,1,1,0","vars,foot,-82,-55,-30.5,0,17,1,1,0","vars,base,3,-259,-81,0,12,1,1,0",,"vars,cloak,-58,-402,-32,1,17,1,1,0",,,,,,,,,,,,,,,,,,,,,,,,,,,,,,,,,,,,,,,,,,,,,,,,,,,,,,,,,,,,,,,,,,,,,,,,,,,,,,,,,,,,,,,,,,,,,,,,,,,,play_time_mod_0.85,
Walk/7,"vars,head,20,-533,-3,0,4,1,1,0","vars,neck,7,-495,-34,0,8,1,1,0","vars,body,4,-357,-3,0,7,1,1,0","vars,arm_up,-82,-403,-26,0,7,1,0.9,0","vars,arm_low,-98,-329,7,1,6,1,1,0","vraesier,fist,-91,-267,-3,0,7,1,1,0","vars,arm_up,74,-409,19,1,13,1,1,0","vars,arm_low,117,-347,45,0,5,1,1,0","vraesier,fist,154,-305,52,1,7,1,1.1,0","vars,leg_up,-20,-199,16.8,1,9,1,1,0","vars,leg_low,-1,-93,4,0,9,1,0.9,0","vars,foot,26,-22,10.4,0,13,1,1,0","vars,leg_up,34,-205,-6.3,1,15,1,1,0","vars,leg_low,-15,-126,-50.5,1,15,1,1,0","vars,foot,-40,-69,-30.5,0,17,1,1,0","vars,base,1,-265,-80,0,12,1,1,0",,"vars,cloak,-59,-402,-22,1,17,1,1,0",,,,,,,,,,,,,,,,,,,,,,,,,,,,,,,,,,,,,,,,,,,,,,,,,,,,,,,,,,,,,,,,,,,,,,,,,,,,,,,,,,,,,,,,,,,,,,,,,,,,play_time_mod_0.85,
Walk/8,"vars,head,16,-539,-1,0,4,1,1,0","vars,neck,4,-497,-29,0,8,1,1,0","vars,body,3,-363,-1,0,7,1,1,0","vars,arm_up,-73,-400,-16,0,7,1,0.9,0","vars,arm_low,-76,-332,20,1,6,1,1,0","vraesier,fist,-52,-273,10,0,7,1,1,0","vars,arm_up,74,-416,20,1,13,1,1,0","vars,arm_low,117,-352,46,0,5,1,1,0","vraesier,fist,155,-311,53,1,7,1,1.1,0","vars,leg_up,-32,-199,10.8,1,9,1,1,0","vars,leg_low,-30,-93,-10,0,9,1,0.9,0","vars,foot,-15,-22,3.4,0,13,1,1,0","vars,leg_up,38,-209,32.7,1,15,1,1,0","vars,leg_low,35,-119,-28.5,1,15,1,1,0","vars,foot,16,-46,-30.5,0,17,1,1,0","vars,base,1,-267,-78,0,12,1,1,0",,"vars,cloak,-60,-407,-25,1,17,1,1,0",,,,,,,,,,,,,,,,,,,,,,,,,,,,,,,,,,,,,,,,,,,,,,,,,,,,,,,,,,,,,,,,,,,,,,,,,,,,,,,,,,,,,,,,,,,,,,,,,,,,play_time_mod_0.85,
Walk/9,"vars,head,22,-535,-4,0,4,1,1,0","vars,neck,7,-497,-29,0,8,1,1,0","vars,body,9,-360,-2,0,7,1,1,0","vars,arm_up,-54,-399,0,0,7,1,0.9,0","vars,arm_low,-38,-332,36,1,6,1,1,0","vraesier,fist,1,-282,26,0,7,1,1,0","vars,arm_up,81,-414,22,1,13,1,1,0","vars,arm_low,126,-346,43,0,5,1,1,0","vraesier,fist,161,-305,50,1,7,1,1.1,0","vars,leg_up,-46,-199,-9.2,1,9,1,1,0","vars,leg_low,-64,-93,-10,0,9,1,0.9,0","vars,foot,-50,-22,3.4,0,13,1,1,0","vars,leg_up,53,-213,35.7,1,15,1,1,0","vars,leg_low,86,-122,1.5,1,15,1,1,0","vars,foot,110,-46,-0.5,0,17,1,1,0","vars,base,7,-267,-81,0,12,1,1,0",,"vars,cloak,-59,-405,-32,0,17,1,1,0",,,,,,,,,,,,,,,,,,,,,,,,,,,,,,,,,,,,,,,,,,,,,,,,,,,,,,,,,,,,,,,,,,,,,,,,,,,,,,,,,,,,,,,,,,,,,,,,,,,,play_time_mod_0.85,
Walk/10,"vars,head,21,-530,-6,0,4,1,1,0","vars,neck,7,-487,-32,0,8,1,1,0","vars,body,6,-354,-2,0,7,1,1,0","vars,arm_up,-53,-396,17,0,7,1,0.9,0","vars,arm_low,-17,-332,50,1,6,1,1,0","vraesier,fist,33,-295,40,0,7,1,1,0","vars,arm_up,79,-403,19,1,13,1,1,0","vars,arm_low,121,-339,47,0,5,1,1,0","vraesier,fist,160,-294,48,1,7,1,1.1,0","vars,leg_up,-54,-199,-16.2,1,9,1,1,0","vars,leg_low,-84,-93,-17,0,9,1,1,0","vars,foot,-80,-22,-9.6,0,13,1,1,0","vars,leg_up,53,-200,32.7,1,15,1,1,0","vars,leg_low,94,-92,11.5,1,15,1,1,0","vars,foot,129,-19,9.5,0,17,1,1,0","vars,base,6,-264,-83,0,12,1,1,0",,"vars,cloak,-65,-411,-36,0,17,1,1,0",,,,,,,,,,,,,,,,,,,,,,,,,,,,,,,,,,,,,,,,,,,,,,,,,,,,,,,,,,,,,,,,,,,,,,,,,,,,,,,,,,,,,,,,,,,,,,,,,,,,play_time_mod_0.85,
Attack3/0,"vars,head,12,-534,0,0,4,1,1,0","vars,neck,0,-504,-13,0,8,1,1,0","vars,body,1,-357,-1,0,7,1,1,0","vars,arm_up,-82,-404,-25,0,7,1,0.9,0","vars,arm_low,-112,-329,-14,1,6,1,1,0","vraesier,fist,-123,-274,-21,0,7,1,1,0","vars,arm_up,78,-410,22,1,13,1,1,0","vars,arm_low,120,-352,46,0,5,1,1,0","vraesier,fist,157,-312,55,1,7,1,1.1,0","vars,leg_up,-44,-190,-4.2,1,11,1,0.9,0","vars,leg_low,-62,-92,-12,0,9,1,1,0","vars,foot,-50,-21,5.4,0,13,1,1,0","vars,leg_up,51,-196,24.7,1,15,1,1,0","vars,leg_low,73,-91,1.5,1,15,1,1,0","vars,foot,94,-25,6.5,0,17,1,1,0","vars,base,4,-270,-77,0,12,1,1,0",,"vars,cloak,-53,-401,-6,0,17,1,1,0",,,,,,,,,,,,,,,,,,,,,,,,,,,,,,,,,,,,,,,,,,,,,,,,,,,,,,,,,,,,,,,,,,,,,,,,,,,,,,,,,,,,,,,,,,,,,,,,,,,,,
Attack3/1,"vars,head,17,-533,-3,0,4,1,1,0","vars,neck,4,-503,-14,0,8,1,1,0","vars,body,5,-357,-2,0,7,1,1,0","vars,arm_up,-81,-405,-27,0,7,1,0.9,0","vars,arm_low,-113,-330,-16,1,6,1,1,0","vraesier,fist,-126,-275,-23,0,7,1,1,0","vars,arm_up,80,-410,22,1,13,1,1,0","vars,arm_low,116,-349,35,0,5,1,1,0","vraesier,fist,142,-295,25,1,7,1,1.1,0","vars,leg_up,-46,-190,-7.2,1,11,1,0.9,0","vars,leg_low,-66,-92,-14,0,9,1,1,0","vars,foot,-58,-21,3.4,0,13,1,1,0","vars,leg_up,51,-196,25.7,1,15,1,1,0","vars,leg_low,74,-91,1.5,1,15,1,1,0","vars,foot,94,-25,6.5,0,17,1,1,0","vars,base,6,-270,-79,0,12,1,1,0",,"vars,cloak,-53,-401,-6,0,17,1,1,0",,,,,,,,,,,,,,,,,,,,,,,,,,,,,,,,,,,,,,,,,,,,,,,,,,,,,,,,,,,,,,,,,,,,,,,,,,,,,,,,,,,,,,,,,,,,,,,,,,,play_time_mod_1.5,,
Attack3/2,"vars,head,18,-527,-5,0,4,1,1,0","vars,neck,6,-497,-14,0,8,1,1,0","vars,body,5,-355,-2,0,7,1,1,0","vars,arm_up,-81,-403,-27,0,7,1,0.9,0","vars,arm_low,-113,-330,-12,1,6,1,1,0","vraesier,fist,-122,-273,-19,0,7,1,1,0","vars,arm_up,80,-412,22,1,13,1,1,0","vars,arm_low,112,-330,16,0,5,1,1,0","vraesier,fist,118,-280,12,1,7,1,1.1,0","vars,leg_up,-46,-187,-7.2,1,11,1,0.9,0","vars,leg_low,-68,-92,-19,0,9,1,1,0","vars,foot,-63,-21,3.4,0,13,1,1,0","vars,leg_up,51,-194,28.7,1,15,1,1,0","vars,leg_low,75,-90,-2.5,1,15,1,1,0","vars,foot,94,-25,6.5,0,17,1,1,0","vars,base,6,-266,-83,0,12,1,1,0",,"vars,cloak,-53,-399,-6,0,17,1,1,0",,,,,,,,,,,,,,,,,,,,,,,,,,,,,,,,,,,,,,,,,,,,,,,,,,,,,,,,,,,,,,,,,,,,,,,,,,,,,,,,,,,,,,,,,,,,,,,,,,,,,
Attack3/3,"vars,head,39,-530,-5,0,4,1,1,0","vars,neck,25,-500,-19,0,8,1,1,0","vars,body,13,-353,-7,0,7,1,1,0","vars,arm_up,-76,-411,-39,0,7,1,0.9,0","vars,arm_low,-123,-345,-27,1,6,1,1,0","vraesier,fist,-144,-293,-34,0,7,1,1,0","vars,arm_up,103,-406,32,1,13,1,1,0","vars,arm_low,145,-333,21,0,5,1,1,0","vraesier,fist,161,-281,24,1,7,1,1.1,0","vars,leg_up,-49,-191,-15.2,1,11,1,0.9,0","vars,leg_low,-81,-92,-19,0,9,1,1,0","vars,foot,-78,-21,2.4,0,13,1,1,0","vars,leg_up,51,-196,24.7,1,15,1,1,0","vars,leg_low,73,-91,1.5,1,15,1,1,0","vars,foot,94,-25,6.5,0,17,1,1,0","vars,base,56,-268,-85,0,16,1,1,0",,"vars,cloak,-40,-402,-8,0,17,1,1,0",,,,,,,,,,,,,,,,,,,,,,,,,,,,,,,,,,,,,,,,,,,,,,,,,,,,,,,,,,,,,,,,,,,,,,,,,,,,,,,,,,,,,,,,,,,,,,,,,,,play_time_mod_0.5,,
Attack3/4,"vars,head,48,-527,-12,0,4,1,1,0","vars,neck,33,-497,-22,0,8,1,1,0","vars,body,17,-353,-9,0,7,1,1,0","vars,arm_up,-71,-416,-43,0,7,1,0.9,0","vars,arm_low,-125,-352,-31,1,6,1,1,0","vraesier,fist,-150,-299,-35,0,7,1,1,0","vars,arm_up,122,-417,44,1,13,1,1,0","vars,arm_low,193,-344,40,0,5,1,1,0","vraesier,fist,227,-291,33,1,7,1,1.1,0","vars,leg_up,-55,-191,-20.2,1,11,1,0.9,0","vars,leg_low,-100,-92,-29,0,9,1,1,0","vars,foot,-109,-21,-7.6,0,13,1,1,0","vars,leg_up,51,-196,25.7,1,15,1,1,0","vars,leg_low,73,-91,1.5,1,15,1,1,0","vars,foot,94,-25,6.5,0,17,1,1,0","vars,base,125,-264,-76,0,16,1,1,0",,"vars,cloak,-38,-403,-9,0,17,1,1,0",,,,,,,,,,,,,,,,,,,,,,,,,,,,,,,,,,,,,,,,,,,,,,,,,,,,,,,,,,,,,,,,,,,,,,,,,,,,,,,,,,,,,,,,,,,,,,,,,,,"play_time_mod_0.1,sprite_deal_damage",,
Attack3/5,"vars,smile,46,-528,-7,0,4,1,1,0","vars,neck,33,-497,-22,0,8,1,1,0","vars,body,17,-353,-8,0,7,1,1,0","vars,arm_up,-71,-416,-43,0,7,1,0.9,0","vars,arm_low,-125,-352,-31,1,6,1,1,0","vraesier,fist,-150,-299,-35,0,7,1,1,0","vars,arm_up,122,-427,64,1,13,1,1,0","vars,arm_low,215,-407,87,0,5,1,1,0","vraesier,fist,277,-403,100,1,7,1,1.1,0","vars,leg_up,-55,-191,-20.2,1,11,1,0.9,0","vars,leg_low,-100,-92,-29,0,9,1,1,0","vars,foot,-109,-21,-7.6,0,13,1,1,0","vars,leg_up,51,-196,25.7,1,15,1,1,0","vars,leg_low,73,-91,1.5,1,15,1,1,0","vars,foot,94,-25,6.5,0,17,1,1,0","vars,swing,267,-284,-9,1,16,1,1.1,0",,"vars,cloak,-38,-403,-9,0,17,1,1,0",,,,,,,,,,,,,,,,,,,,,,,,,,,,,,,,,,,,,,,,,,,,,,,,,,,,,,,,,,,,,,,,,,,,,,,,,,,,,,,,,,,,,,,,,,,,,,,,,,,"play_time_mod_0.5,sprite_deal_damage",,"swing_flat,1000,0"
Attack3/6,"vars,smile,30,-532,1,0,4,1,1,0","vars,neck,20,-497,-19,0,8,1,1,0","vars,body,11,-353,-5,0,7,1,1,0","vars,arm_up,-81,-413,-47,0,7,1,0.9,0","vars,arm_low,-134,-353,-28,1,6,1,1,0","vraesier,fist,-158,-295,-32,0,7,1,1,0","vars,arm_up,106,-437,97,1,13,1,1,0","vars,arm_low,193,-471,120,0,5,1,1,0","vraesier,fist,247,-501,133,1,7,1,1.1,0","vars,leg_up,-56,-191,-20.2,1,11,1,0.9,0","vars,leg_low,-101,-92,-29,0,9,1,1,0","vars,foot,-109,-21,-7.6,0,13,1,1,0","vars,leg_up,52,-196,29.7,1,15,1,1,0","vars,leg_low,74,-91,-3.5,1,15,1,1,0","vars,foot,94,-25,6.5,0,17,1,1,0","vars,swing,335,-414,44,1,16,1,1.1,0",,"vars,cloak,-42,-430,-52,1,17,1,1,0",,,,,,,,,,,,,,,,,,,,,,,,,,,,,,,,,,,,,,,,,,,,,,,,,,,,,,,,,,,,,,,,,,,,,,,,,,,,,,,,,,,,,,,,,,,,,,,,,,,"play_time_mod_0.2,sprite_deal_damage",,
Attack3/7,"vars,smile,-17,-529,2,0,4,1,1,0","vars,neck,-29,-496,-14,0,8,1,1,0","vars,body,-13,-353,5,0,7,1,1,0","vars,arm_up,-123,-407,-47,0,7,1,0.9,0","vars,arm_low,-176,-347,-28,1,6,1,1,0","vraesier,fist,-200,-289,-32,0,7,1,1,0","vars,arm_up,77,-478,117,1,13,1,1,0","vars,arm_low,148,-540,140,0,5,1,1,0","vraesier,fist,188,-587,153,1,7,1,1.1,0","vars,leg_up,-68,-181,-30.2,1,11,1,0.9,0","vars,leg_low,-120,-92,-30,0,9,1,1,0","vars,foot,-130,-21,-8.6,0,13,1,1,0","vars,leg_up,52,-196,29.7,1,15,1,1,0","vars,leg_low,74,-91,-3.5,1,15,1,1,0","vars,foot,94,-25,6.5,0,17,1,1,0","vars,swing,306,-540,70,1,16,1,1.2,0",,"vars,cloak,-62,-440,-122,0,17,1,1,0",,,,,,,,,,,,,,,,,,,,,,,,,,,,,,,,,,,,,,,,,,,,,,,,,,,,,,,,,,,,,,,,,,,,,,,,,,,,,,,,,,,,,,,,,,,,,,,,,,,"play_time_mod_0.2,sprite_deal_damage",,
Attack3/8,"vars,smile,-23,-528,7,0,4,1,1,0","vars,neck,-33,-493,-14,0,8,1,1,0","vars,body,-14,-353,6,0,7,1,1,0","vars,arm_up,-123,-407,-54,0,7,1,0.9,0","vars,arm_low,-176,-353,-28,1,6,1,1,0","vraesier,fist,-200,-295,-32,0,7,1,1,0","vars,arm_up,71,-478,127,1,13,1,1,0","vars,arm_low,124,-552,160,0,5,1,1,0","vraesier,fist,144,-609,-180,1,7,1,1.1,0","vars,leg_up,-68,-181,-30.2,1,11,1,0.9,0","vars,leg_low,-120,-92,-30,0,9,1,1,0","vars,foot,-130,-21,-8.6,0,13,1,1,0","vars,leg_up,52,-196,29.7,1,15,1,1,0","vars,leg_low,74,-91,-3.5,1,15,1,1,0","vars,foot,94,-25,6.5,0,17,1,1,0","vars,base,269,-591,80,1,16,1,1.2,0",,"vars,cloak,-62,-443,-129,1,17,1,1,0",,,,,,,,,,,,,,,,,,,,,,,,,,,,,,,,,,,,,,,,,,,,,,,,,,,,,,,,,,,,,,,,,,,,,,,,,,,,,,,,,,,,,,,,,,,,,,,,,,,"play_time_mod_0.1,sprite_deal_damage",,
Attack3/9,"vars,smile,24,-534,-5,0,4,1,1,0","vars,neck,8,-502,-17,0,8,1,1,0","vars,body,9,-357,-2,0,7,1,1,0","vars,arm_up,-83,-411,-41,0,7,1,0.9,0","vars,arm_low,-135,-348,-28,1,6,1,1,0","vraesier,fist,-157,-299,-35,0,7,1,1,0","vars,arm_up,98,-455,82,1,13,1,1,0","vars,arm_low,175,-439,69,0,5,1,1,0","vraesier,fist_back,227,-414,32,0,7,1,1.1,0","vars,leg_up,-49,-190,-17.2,1,11,1,0.9,0","vars,leg_low,-86,-92,-27,0,9,1,1,0","vars,foot,-93,-21,-7.6,0,13,1,1,0","vars,leg_up,65,-190,30.7,1,15,1,1,0","vars,leg_low,79,-91,-8.5,1,15,1,1,0","vars,foot,94,-25,6.5,0,17,1,1,0","vars,swing,357,-436,102,0,17,1,1.2,0",,"vars,cloak,-53,-401,-4,0,17,1,1,0",,,,,,,,,,,,,,,,,,,,,,,,,,,,,,,,,,,,,,,,,,,,,,,,,,,,,,,,,,,,,,,,,,,,,,,,,,,,,,,,,,,,,,,,,,,,,,,,,,,"sprite_deal_damage,play_time_mod_0.1",,"swing_flat_small,1000,0"
Attack3/10,"vars,smile,37,-528,-8,0,4,1,1,0","vars,neck,18,-488,-30,0,8,1,1,0","vars,body,12,-354,-4,0,7,1,1,0","vars,arm_up,-79,-413,-43,0,7,1,0.9,0","vars,arm_low,-130,-352,-30,1,6,1,1,0","vraesier,fist,-161,-307,-57,0,7,1,1,0","vars,arm_up,82,-422,43,1,13,1,1,0","vars,arm_low,130,-368,37,0,5,1.1,1.1,0","vraesier,fist_back,168,-316,18,0,7,1.1,1.2,0","vars,leg_up,-51,-190,-20.2,1,11,1,0.9,0","vars,leg_low,-91,-92,-27,0,9,1,1,0","vars,foot,-96,-21,-7.6,0,13,1,1,0","vars,leg_up,65,-190,30.7,1,15,1,1,0","vars,leg_low,79,-91,-8.5,1,15,1,1,0","vars,foot,94,-25,6.5,0,17,1,1,0","vars,swing,288,-335,105,0,17,0.9,1.1,0",,"vars,cloak,-55,-425,-44,0,17,1,1,0",,,,,,,,,,,,,,,,,,,,,,,,,,,,,,,,,,,,,,,,,,,,,,,,,,,,,,,,,,,,,,,,,,,,,,,,,,,,,,,,,,,,,,,,,,,,,,,,,,,"sprite_deal_damage,play_time_mod_0.1",,
Attack3/11,"vars,smile,41,-524,-9,0,4,1,1,0","vars,neck,22,-484,-31,0,8,1,1,0","vars,body,16,-350,-6,0,7,1,1,0","vars,arm_up,-74,-415,-47,0,7,1,0.9,0","vars,arm_low,-132,-364,-44,1,7,1,1,0","vraesier,fist,-171,-317,-61,0,9,1,1,0","vars,arm_up,93,-418,33,1,13,1,1,0","vars,arm_low,109,-343,-15,0,4,1.1,1.1,0","vraesier,fist,85,-281,-12,1,6,1.1,1.2,0","vars,leg_up,-54,-190,-23.2,1,11,1,0.9,0","vars,leg_low,-98,-92,-27,0,9,1,1,0","vars,foot,-105,-21,-7.6,0,13,1,1,0","vars,leg_up,65,-190,30.7,1,15,1,1,0","vars,leg_low,79,-91,-8.5,1,15,1,1,0","vars,foot,94,-25,6.5,0,17,1,1,0","vars,swing,-28,-307,-110,0,7,0.9,1,0",,"vars,cloak,-40,-431,-54,1,17,1,0.9,0",,,,,,,,,,,,,,,,,,,,,,,,,,,,,,,,,,,,,,,,,,,,,,,,,,,,,,,,,,,,,,,,,,,,,,,,,,,,,,,,,,,,,,,,,,,,,,,,,,,"sprite_deal_damage,play_time_mod_0.5",,
Attack3/12,"vars,head,46,-523,-9,0,4,1,1,0","vars,neck,25,-483,-32,0,8,1,1,0","vars,body,18,-350,-7,0,7,1,1,0","vars,arm_up,-74,-420,-50,0,7,1,0.9,0","vars,arm_low,-136,-372,-48,1,7,1,1,0","vraesier,fist,-179,-329,-65,0,9,1,1,0","vars,arm_up,97,-414,29,1,13,1,1,0","vars,arm_low,95,-361,-42,0,4,1.1,1.1,0","vraesier,fist,48,-314,-39,1,6,1.1,1.2,0","vars,leg_up,-56,-190,-24.2,1,11,1,0.9,0","vars,leg_low,-102,-92,-27,0,9,1,1,0","vars,foot,-109,-21,-7.6,0,13,1,1,0","vars,leg_up,65,-190,30.7,1,15,1,1,0","vars,leg_low,79,-91,-8.5,1,15,1,1,0","vars,foot,94,-25,6.5,0,17,1,1,0","vars,base,-50,-369,-123,0,7,1,1,0",,"vars,cloak,-40,-437,-57,0,17,1,0.9,0",,,,,,,,,,,,,,,,,,,,,,,,,,,,,,,,,,,,,,,,,,,,,,,,,,,,,,,,,,,,,,,,,,,,,,,,,,,,,,,,,,,,,,,,,,,,,,,,,,,,,
Attack3/13,"vars,head,46,-523,-10,0,4,1,1,0","vars,neck,25,-483,-32,0,8,1,1,0","vars,body,18,-350,-7,0,7,1,1,0","vars,arm_up,-75,-422,-58,0,7,1,0.9,0","vars,arm_low,-137,-379,-46,1,7,1,1,0","vraesier,fist,-178,-335,-63,0,9,1,1,0","vars,arm_up,100,-418,42,1,13,1,1,0","vars,arm_low,131,-354,-1,0,4,1,1,0","vraesier,fist,129,-291,7,1,6,1,1.1,0","vars,leg_up,-56,-190,-24.2,1,11,1,0.9,0","vars,leg_low,-102,-92,-27,0,9,1,1,0","vars,foot,-109,-21,-7.6,0,13,1,1,0","vars,leg_up,65,-190,30.7,1,15,1,1,0","vars,leg_low,79,-91,-8.5,1,15,1,1,0","vars,foot,94,-25,6.5,0,17,1,1,0","vars,base,21,-286,-90,0,7,0.9,1,0",,"vars,cloak,-30,-435,-65,1,17,1,0.9,0",,,,,,,,,,,,,,,,,,,,,,,,,,,,,,,,,,,,,,,,,,,,,,,,,,,,,,,,,,,,,,,,,,,,,,,,,,,,,,,,,,,,,,,,,,,,,,,,,,,,,
Attack3/14,"vars,head,31,-522,-3,0,4,1,1,0","vars,neck,15,-483,-32,0,8,1,1,0","vars,body,14,-348,-3,0,7,1,1,0","vars,arm_up,-78,-407,-41,0,7,1,0.9,0","vars,arm_low,-127,-351,-35,1,7,1,1,0","vraesier,fist,-159,-299,-52,0,9,1,1,0","vars,arm_up,111,-417,50,1,13,1,1,0","vars,arm_low,167,-353,21,0,4,1,1,0","vraesier,fist,188,-291,24,1,6,1,1.1,0","vars,leg_up,-49,-190,-16.2,1,11,1,0.9,0","vars,leg_low,-89,-92,-27,0,9,1,1,0","vars,foot,-96,-21,-7.6,0,13,1,1,0","vars,leg_up,61,-190,26.7,1,15,1,1,0","vars,leg_low,77,-91,-3.5,1,15,1,1,0","vars,foot,94,-25,6.5,0,17,1,1,0","vars,base,99,-255,-73,0,7,0.9,0.9,0",,"vars,cloak,-50,-423,-44,1,17,1,0.9,0",,,,,,,,,,,,,,,,,,,,,,,,,,,,,,,,,,,,,,,,,,,,,,,,,,,,,,,,,,,,,,,,,,,,,,,,,,,,,,,,,,,,,,,,,,,,,,,,,,,,,
Attack3/15,"vars,head,17,-524,-1,0,4,1,1,0","vars,neck,5,-485,-31,0,8,1,1,0","vars,body,7,-348,0,0,7,1,1,0","vars,arm_up,-85,-396,-30,0,7,1,0.9,0","vars,arm_low,-125,-329,-25,1,7,1,1,0","vraesier,fist,-151,-274,-36,0,9,1,1,0","vars,arm_up,100,-433,65,1,13,1,1,0","vars,arm_low,189,-395,61,0,4,1,1,0","vraesier,fist,249,-358,66,1,6,1,1.1,0","vars,leg_up,-44,-190,-8.2,1,11,1,0.9,0","vars,leg_low,-73,-92,-23,0,9,1,1,0","vars,foot,-72,-21,-3.6,0,13,1,1,0","vars,leg_up,61,-190,26.7,1,15,1,1,0","vars,leg_low,77,-91,-3.5,1,15,1,1,0","vars,foot,94,-25,6.5,0,17,1,1,0","vars,base,176,-310,-56,0,17,0.9,0.9,0",,"vars,cloak,-50,-408,-34,1,17,1,0.9,0",,,,,,,,,,,,,,,,,,,,,,,,,,,,,,,,,,,,,,,,,,,,,,,,,,,,,,,,,,,,,,,,,,,,,,,,,,,,,,,,,,,,,,,,,,,,,,,,,,,play_time_mod_0.5,,
Attack3/16,"vars,head,21,-524,-2,0,4,1,1,0","vars,neck,9,-485,-32,0,8,1,1,0","vars,body,9,-348,-1,0,7,1,1,0","vars,arm_up,-81,-396,-32,0,7,1,0.9,0","vars,arm_low,-122,-329,-25,1,7,1,1,0","vraesier,fist,-145,-274,-32,0,9,1,1,0","vars,arm_up,81,-413,45,1,13,1,1,0","vars,arm_low,151,-346,41,0,4,1,1,0","vraesier,fist,195,-291,46,1,6,1,1.1,0","vars,leg_up,-44,-190,-8.2,1,11,1,0.9,0","vars,leg_low,-73,-92,-23,0,9,1,1,0","vars,foot,-72,-21,-3.6,0,13,1,1,0","vars,leg_up,61,-190,26.7,1,15,1,1,0","vars,leg_low,77,-91,-3.5,1,15,1,1,0","vars,foot,94,-25,6.5,0,17,1,1,0","vars,base,110,-271,-76,0,17,0.9,0.9,0",,"vars,cloak,-50,-409,-22,0,17,1,0.9,0",,,,,,,,,,,,,,,,,,,,,,,,,,,,,,,,,,,,,,,,,,,,,,,,,,,,,,,,,,,,,,,,,,,,,,,,,,,,,,,,,,,,,,,,,,,,,,,,,,,,,
Attack3/17,"vars,head,21,-524,-4,0,4,1,1,0","vars,neck,7,-485,-31,0,8,1,1,0","vars,body,8,-348,-2,0,7,1,1,0","vars,arm_up,-82,-398,-36,0,7,1,0.9,0","vars,arm_low,-123,-329,-20,1,7,1,1,0","vraesier,fist,-139,-273,-28,0,9,1,1,0","vars,arm_up,73,-411,21,1,13,1,1,0","vars,arm_low,108,-327,16,0,4,1,1,0","vraesier,fist,121,-265,15,1,6,1,1.1,0","vars,leg_up,-44,-190,-8.2,1,11,1,0.9,0","vars,leg_low,-70,-92,-20,0,9,1,1,0","vars,foot,-69,-21,-2.6,0,13,1,1,0","vars,leg_up,55,-190,24.7,1,15,1,1,0","vars,leg_low,75,-91,-0.5,1,15,1,1,0","vars,foot,94,-25,6.5,0,17,1,1,0","vars,base,19,-265,-96,0,17,0.9,0.9,0",,"vars,cloak,-52,-408,-30,0,17,1,0.9,0",,,,,,,,,,,,,,,,,,,,,,,,,,,,,,,,,,,,,,,,,,,,,,,,,,,,,,,,,,,,,,,,,,,,,,,,,,,,,,,,,,,,,,,,,,,,,,,,,,,play_time_mod_0.5,,"sword_sheathe,1000,0"
Attack3/18,"vars,head,22,-525,-3,0,4,1,1,0","vars,neck,8,-490,-31,0,8,1,1,0","vars,body,8,-348,-3,0,7,1,1,0","vars,arm_up,-79,-397,-33,0,7,1,0.9,0","vars,arm_low,-119,-328,-18,1,7,1,1,0","vraesier,fist,-133,-272,-26,0,9,1,1,0","vars,arm_up,84,-409,32,1,13,1,1,0","vars,arm_low,126,-337,22,0,4,1,1,0","vraesier,fist,146,-276,25,1,6,1,1.1,0","vars,leg_up,-44,-190,-4.2,1,11,1,0.9,0","vars,leg_low,-67,-92,-16,0,9,1,1,0","vars,foot,-61,-21,0.4,0,13,1,1,0","vars,leg_up,55,-190,24.7,1,15,1,1,0","vars,leg_low,75,-91,-0.5,1,15,1,1,0","vars,foot,94,-25,6.5,0,17,1,1,0","vars,base,19,-265,-88,0,17,0.9,0.9,0",,"vars,cloak,-50,-407,-21,0,17,1,0.9,0",,,,,,,,,,,,,,,,,,,,,,,,,,,,,,,,,,,,,,,,,,,,,,,,,,,,,,,,,,,,,,,,,,,,,,,,,,,,,,,,,,,,,,,,,,,,,,,,,,,,,
Attack3/19,"vars,head,12,-534,0,0,4,1,1,0","vars,neck,0,-504,-13,0,8,1,1,0","vars,body,1,-357,-1,0,7,1,1,0","vars,arm_up,-82,-404,-25,0,7,1,0.9,0","vars,arm_low,-112,-329,-14,1,6,1,1,0","vraesier,fist,-123,-274,-21,0,7,1,1,0","vars,arm_up,78,-410,22,1,13,1,1,0","vars,arm_low,120,-352,46,0,5,1,1,0","vraesier,fist,157,-312,55,1,7,1,1.1,0","vars,leg_up,-44,-190,-4.2,1,11,1,0.9,0","vars,leg_low,-62,-92,-12,0,9,1,1,0","vars,foot,-50,-21,5.4,0,13,1,1,0","vars,leg_up,51,-196,24.7,1,15,1,1,0","vars,leg_low,73,-91,1.5,1,15,1,1,0","vars,foot,94,-25,6.5,0,17,1,1,0","vars,base,4,-270,-77,0,12,1,1,0",,"vars,cloak,-53,-401,-6,0,17,1,1,0",,,,,,,,,,,,,,,,,,,,,,,,,,,,,,,,,,,,,,,,,,,,,,,,,,,,,,,,,,,,,,,,,,,,,,,,,,,,,,,,,,,,,,,,,,,,,,,,,,,,,
Attack4/0,"vars,head,12,-534,0,0,4,1,1,0","vars,neck,0,-504,-13,0,8,1,1,0","vars,body,1,-357,-1,0,7,1,1,0","vars,arm_up,-82,-404,-25,0,7,1,0.9,0","vars,arm_low,-112,-329,-14,1,6,1,1,0","vraesier,fist,-123,-274,-21,0,7,1,1,0","vars,arm_up,78,-410,22,1,13,1,1,0","vars,arm_low,120,-352,46,0,5,1,1,0","vraesier,fist,157,-312,55,1,7,1,1.1,0","vars,leg_up,-44,-190,-4.2,1,11,1,0.9,0","vars,leg_low,-62,-92,-12,0,9,1,1,0","vars,foot,-50,-21,5.4,0,13,1,1,0","vars,leg_up,51,-196,24.7,1,15,1,1,0","vars,leg_low,73,-91,1.5,1,15,1,1,0","vars,foot,94,-25,6.5,0,17,1,1,0","vars,base,4,-270,-77,0,12,1,1,0",,"vars,cloak,-53,-401,-6,0,17,1,1,0",,,,,,,,,,,,,,,,,,,,,,,,,,,,,,,,,,,,,,,,,,,,,,,,,,,,,,,,,,,,,,,,,,,,,,,,,,,,,,,,,,,,,,,,,,,,,,,,,,,,,
Attack4/1,"vars,head,17,-533,-3,0,4,1,1,0","vars,neck,4,-503,-14,0,8,1,1,0","vars,body,5,-357,-2,0,7,1,1,0","vars,arm_up,-81,-405,-27,0,7,1,0.9,0","vars,arm_low,-113,-330,-16,1,6,1,1,0","vraesier,fist,-126,-275,-23,0,7,1,1,0","vars,arm_up,80,-410,22,1,13,1,1,0","vars,arm_low,123,-350,46,0,5,1,1,0","vraesier,fist,162,-310,55,1,7,1,1.1,0","vars,leg_up,-46,-190,-7.2,1,11,1,0.9,0","vars,leg_low,-66,-92,-14,0,9,1,1,0","vars,foot,-58,-21,3.4,0,13,1,1,0","vars,leg_up,51,-196,25.7,1,15,1,1,0","vars,leg_low,74,-91,1.5,1,15,1,1,0","vars,foot,94,-25,6.5,0,17,1,1,0","vars,base,6,-270,-79,0,12,1,1,0",,"vars,cloak,-53,-401,-6,0,17,1,1,0",,,,,,,,,,,,,,,,,,,,,,,,,,,,,,,,,,,,,,,,,,,,,,,,,,,,,,,,,,,,,,,,,,,,,,,,,,,,,,,,,,,,,,,,,,,,,,,,,,,,,
Attack4/2,"vars,head,35,-528,-7,0,4,1,1,0","vars,neck,19,-500,-18,0,8,1,1,0","vars,body,11,-354,-6,0,7,1,1,0","vars,arm_up,-73,-409,-35,0,7,1,0.9,0","vars,arm_low,-114,-336,-20,1,6,1,1,0","vraesier,fist,-131,-281,-27,0,7,1,1,0","vars,arm_up,89,-410,20,1,13,1,1,0","vars,arm_low,118,-340,22,0,5,1,1,0","vraesier,fist,131,-291,29,1,7,1,1.1,0","vars,leg_up,-46,-190,-7.2,1,11,1,0.9,0","vars,leg_low,-66,-92,-14,0,9,1,1,0","vars,foot,-58,-21,3.4,0,13,1,1,0","vars,leg_up,51,-188,32.7,1,15,1,1,0","vars,leg_low,75,-88,-4.5,1,15,1,1,0","vars,foot,94,-25,6.5,0,17,1,1,0","vars,base,10,-270,-82,0,12,1,1,0",,"vars,cloak,-45,-401,-6,0,17,1,1,0",,,,,,,,,,,,,,,,,,,,,,,,,,,,,,,,,,,,,,,,,,,,,,,,,,,,,,,,,,,,,,,,,,,,,,,,,,,,,,,,,,,,,,,,,,,,,,,,,,,,,
Attack4/3,"vars,head,35,-525,-9,0,4,1,1,0","vars,neck,19,-499,-18,0,8,1,1,0","vars,body,11,-352,-6,0,7,1,1,0","vars,arm_up,-73,-411,-39,0,7,1,0.9,0","vars,arm_low,-114,-344,-18,1,6,1,1,0","vraesier,fist,-130,-284,-24,0,7,1,1,0","vars,arm_up,90,-406,18,1,13,1,1,0","vars,arm_low,115,-336,11,0,5,1,1,0","vraesier,fist,117,-278,7,1,7,1,1.1,0","vars,leg_up,-47,-189,-8.2,1,11,1,0.9,0","vars,leg_low,-67,-92,-16,0,9,1,1,0","vars,foot,-58,-21,3.4,0,13,1,1,0","vars,leg_up,51,-185,34.7,1,15,1,1,0","vars,leg_low,75,-86,-5.5,1,15,1,1,0","vars,foot,94,-25,6.5,0,17,1,1,0","vars,base,10,-266,-85,0,12,1,1,0",,"vars,cloak,-44,-400,-8,0,17,1,1,0",,,,,,,,,,,,,,,,,,,,,,,,,,,,,,,,,,,,,,,,,,,,,,,,,,,,,,,,,,,,,,,,,,,,,,,,,,,,,,,,,,,,,,,,,,,,,,,,,,,play_time_mod_1.5,,
Attack4/4,"vars,head,54,-531,0,0,4,1,1,0","vars,neck,41,-501,-14,0,8,1,1,0","vars,body,27,-357,-9,0,7,1,1,0","vars,arm_up,-57,-420,-41,0,7,1,0.9,0","vars,arm_low,-109,-355,-28,1,6,1,1,0","vraesier,fist,-131,-303,-35,0,7,1,1,0","vars,arm_up,120,-426,55,1,13,1,1,0","vars,arm_low,201,-390,74,0,5,1,1,0","vraesier,fist_back,252,-368,37,0,7,1,1.1,0","vars,leg_up,-52,-190,-16.2,1,11,1,0.9,0","vars,leg_low,-85,-92,-21,0,9,1,1,0","vars,foot,-81,-21,3.4,0,13,1,1,0","vars,leg_up,57,-194,25.7,1,15,1,1,0","vars,leg_low,75,-91,-2.5,1,15,1,1,0","vars,foot,94,-25,6.5,0,17,1,1,0","vars,base,168,-299,-52,0,17,1,1,0",,"vars,cloak,-31,-429,-37,0,17,1,1,0",,,,,,,,,,,,,,,,,,,,,,,,,,,,,,,,,,,,,,,,,,,,,,,,,,,,,,,,,,,,,,,,,,,,,,,,,,,,,,,,,,,,,,,,,,,,,,,,,,,"play_time_mod_0.3,sprite_deal_damage",,
Attack4/5,"vars,smile,54,-531,2,0,4,1,1,0","vars,neck,41,-501,-14,0,8,1,1,0","vars,body,28,-357,-9,0,7,1,1,0","vars,arm_up,-58,-424,-50,0,7,1,0.9,0","vars,arm_low,-118,-371,-38,1,6,1,1,0","vraesier,fist,-153,-320,-48,0,7,1,1,0","vars,arm_up,129,-428,64,1,13,1,1,0","vars,arm_low,214,-407,92,0,5,1,1,0","vraesier,fist_back,277,-414,98,0,7,1,1.1,0","vars,leg_up,-54,-190,-20.2,1,11,1,0.9,0","vars,leg_low,-90,-92,-23,0,9,1,1,0","vars,foot,-88,-21,3.4,0,13,1,1,0","vars,leg_up,57,-194,27.7,1,15,1,1,0","vars,leg_low,77,-91,-4.5,1,15,1,1,0","vars,foot,95,-25,8.5,0,17,1,1,0","vars,swing,292,-309,8,1,17,1,1,0",,"vars,cloak,-21,-437,-49,1,17,1,1,0",,,,,,,,,,,,,,,,,,,,,,,,,,,,,,,,,,,,,,,,,,,,,,,,,,,,,,,,,,,,,,,,,,,,,,,,,,,,,,,,,,,,,,,,,,,,,,,,,,,"play_time_mod_0.2,sprite_deal_damage",,"swing_flat,1000,0"
Attack4/6,"vars,smile,53,-534,6,0,4,1,1,0","vars,neck,44,-501,-14,0,8,1,1,0","vars,body,28,-360,-9,0,7,1,1,0","vars,arm_up,-58,-429,-57,0,7,1,0.9,0","vars,arm_low,-120,-380,-35,1,6,1,1,0","vraesier,fist,-155,-329,-45,0,7,1,1,0","vars,arm_up,138,-455,99,1,13,1,1,0","vars,arm_low,218,-492,132,0,5,1,1,0","vraesier,fist_back,265,-536,128,0,7,1,1.1,0","vars,leg_up,-55,-190,-25.2,1,11,1,0.9,0","vars,leg_low,-100,-92,-23,0,9,1,1,0","vars,foot,-98,-21,3.4,0,13,1,1,0","vars,leg_up,57,-200,24.7,1,15,1,1,0","vars,leg_low,77,-94,-1.5,1,15,1,1,0","vars,foot,95,-25,8.5,0,17,1,1,0","vars,swing,370,-474,56,1,17,1,1.1,0",,"vars,cloak,-1,-453,-139,0,17,1,1,0",,,,,,,,,,,,,,,,,,,,,,,,,,,,,,,,,,,,,,,,,,,,,,,,,,,,,,,,,,,,,,,,,,,,,,,,,,,,,,,,,,,,,,,,,,,,,,,,,,,"play_time_mod_0.2,sprite_deal_damage",,
Attack4/7,"vars,smile,50,-539,13,0,4,1,1,0","vars,neck,41,-508,-12,0,8,1,1,0","vars,body,28,-364,-7,0,7,1,1,0","vars,arm_up,-60,-430,-55,0,7,1,0.9,0","vars,arm_low,-122,-384,-40,1,6,1,1,0","vraesier,fist,-162,-334,-50,0,7,1,1,0","vars,arm_up,111,-467,144,1,13,1,1,0","vars,arm_low,138,-550,-180,0,5,1,1,0","vraesier,fist_back,134,-608,180,0,7,1,1.1,0","vars,leg_up,-55,-193,-25.2,1,11,1,0.9,0","vars,leg_low,-100,-92,-24,0,9,1,1,0","vars,foot,-99,-21,3.4,0,13,1,1,0","vars,leg_up,59,-204,21.7,1,15,1,1,0","vars,leg_low,77,-94,-1.5,1,15,1,1,0","vars,foot,95,-25,8.5,0,17,1,1,0","vars,swing,254,-624,98,1,17,1,1.1,0",,"vars,cloak,-3,-450,-139,1,17,1,1,0",,,,,,,,,,,,,,,,,,,,,,,,,,,,,,,,,,,,,,,,,,,,,,,,,,,,,,,,,,,,,,,,,,,,,,,,,,,,,,,,,,,,,,,,,,,,,,,,,,,"play_time_mod_0.7,sprite_deal_damage",,
Attack4/8,"vars,head,50,-539,14,0,4,1,1,0","vars,neck,41,-508,-12,0,8,1,1,0","vars,body,28,-364,-7,0,7,1,1,0","vars,arm_up,-60,-433,-59,0,7,1,0.9,0","vars,arm_low,-124,-389,-46,1,6,1,1,0","vraesier,fist,-167,-343,-56,0,7,1,1,0","vars,arm_up,110,-470,142,1,13,1,1,0","vars,arm_low,136,-552,-178,0,5,1,1,0","vraesier,fist_back,127,-610,-160,0,7,1,1.1,0","vars,leg_up,-55,-193,-25.2,1,11,1,0.9,0","vars,leg_low,-100,-92,-24,0,9,1,1,0","vars,foot,-99,-21,3.4,0,13,1,1,0","vars,leg_up,59,-204,21.7,1,15,1,1,0","vars,leg_low,77,-94,-1.5,1,15,1,1,0","vars,foot,95,-25,8.5,0,17,1,1,0","vars,base,216,-679,124,1,17,1,1.1,0",,"vars,cloak,3,-458,-144,0,17,1,1,0",,,,,,,,,,,,,,,,,,,,,,,,,,,,,,,,,,,,,,,,,,,,,,,,,,,,,,,,,,,,,,,,,,,,,,,,,,,,,,,,,,,,,,,,,,,,,,,,,,,,,
Attack4/9,"vars,head,49,-533,-1,0,4,1,1,0","vars,neck,37,-502,-12,0,8,1,1,0","vars,body,23,-358,-7,0,7,1,1,0","vars,arm_up,-62,-425,-51,0,7,1,0.9,0","vars,arm_low,-115,-369,-26,1,6,1,1,0","vraesier,fist,-140,-311,-36,0,7,1,1,0","vars,arm_up,125,-461,112,1,13,1,1,0","vars,arm_low,187,-515,158,0,5,1,1,0","vraesier,fist_back,206,-573,163,0,7,1,1.1,0","vars,leg_up,-54,-193,-17.2,1,11,1,0.9,0","vars,leg_low,-91,-92,-24,0,9,1,1,0","vars,foot,-91,-21,3.4,0,13,1,1,0","vars,leg_up,59,-204,21.7,1,15,1,1,0","vars,leg_low,77,-94,-1.5,1,15,1,1,0","vars,foot,95,-25,8.5,0,17,1,1,0","vars,base,319,-568,84,1,17,1,1.1,0",,"vars,cloak,3,-453,-141,0,17,1,1,0",,,,,,,,,,,,,,,,,,,,,,,,,,,,,,,,,,,,,,,,,,,,,,,,,,,,,,,,,,,,,,,,,,,,,,,,,,,,,,,,,,,,,,,,,,,,,,,,,,,,,
Attack4/10,"vars,head,43,-532,-1,0,4,1,1,0","vars,neck,31,-501,-12,0,8,1,1,0","vars,body,21,-356,-5,0,7,1,1,0","vars,arm_up,-70,-424,-50,0,7,1,0.9,0","vars,arm_low,-119,-367,-25,1,6,1,1,0","vraesier,fist,-143,-308,-35,0,7,1,1,0","vars,arm_up,125,-458,102,1,13,1,1,0","vars,arm_low,189,-499,138,0,5,1,1,0","vraesier,fist_back,227,-548,143,0,7,1,1.1,0","vars,leg_up,-54,-193,-17.2,1,11,1,0.9,0","vars,leg_low,-91,-92,-24,0,9,1,1,0","vars,foot,-91,-21,3.4,0,13,1,1,0","vars,leg_up,59,-204,21.7,1,15,1,1,0","vars,leg_low,77,-94,-1.5,1,15,1,1,0","vars,foot,95,-25,8.5,0,17,1,1,0","vars,base,321,-486,50,1,17,1,1.1,0",,"vars,cloak,-7,-423,-141,1,17,1,1,0",,,,,,,,,,,,,,,,,,,,,,,,,,,,,,,,,,,,,,,,,,,,,,,,,,,,,,,,,,,,,,,,,,,,,,,,,,,,,,,,,,,,,,,,,,,,,,,,,,,,,
Attack4/11,"vars,head,37,-527,-1,0,4,1,1,0","vars,neck,25,-496,-12,0,8,1,1,0","vars,body,19,-352,-4,0,7,1,1,0","vars,arm_up,-74,-416,-46,0,7,1,0.9,0","vars,arm_low,-119,-355,-21,1,6,1,1,0","vraesier,fist,-139,-292,-31,0,7,1,1,0","vars,arm_up,124,-433,72,1,13,1,1,0","vars,arm_low,211,-428,98,0,5,1,1,0","vraesier,fist_back,264,-422,44,0,7,1,1.1,0","vars,leg_up,-44,-193,-17.2,1,11,1,0.9,0","vars,leg_low,-81,-92,-24,0,9,1,1,0","vars,foot,-81,-21,1.4,0,13,1,1,0","vars,leg_up,59,-204,21.7,1,15,1,1,0","vars,leg_low,77,-94,-1.5,1,15,1,1,0","vars,foot,95,-25,8.5,0,17,1,1,0","vars,base,205,-329,-35,1,17,1,1.1,0",,"vars,cloak,-8,-417,-141,0,17,1,1,0",,,,,,,,,,,,,,,,,,,,,,,,,,,,,,,,,,,,,,,,,,,,,,,,,,,,,,,,,,,,,,,,,,,,,,,,,,,,,,,,,,,,,,,,,,,,,,,,,,,play_time_mod_0.2,,
Attack4/12,"vars,head,17,-524,-1,0,4,1,1,0","vars,neck,5,-485,-31,0,8,1,1,0","vars,body,7,-348,0,0,7,1,1,0","vars,arm_up,-86,-400,-37,0,7,1,0.9,0","vars,arm_low,-134,-335,-25,1,7,1,1,0","vraesier,fist,-158,-280,-33,0,9,1,1,0","vars,arm_up,100,-433,65,1,13,1,1,0","vars,arm_low,189,-395,61,0,4,1,1,0","vraesier,fist,249,-358,66,1,6,1,1.1,0","vars,leg_up,-44,-190,-8.2,1,11,1,0.9,0","vars,leg_low,-73,-92,-23,0,9,1,1,0","vars,foot,-72,-21,-3.6,0,13,1,1,0","vars,leg_up,60,-190,26.7,1,15,1,1,0","vars,leg_low,77,-91,-3.5,1,15,1,1,0","vars,foot,94,-25,6.5,0,17,1,1,0","vars,base,176,-310,-56,0,17,0.9,0.9,0",,"vars,cloak,-50,-408,-34,1,17,1,0.9,0",,,,,,,,,,,,,,,,,,,,,,,,,,,,,,,,,,,,,,,,,,,,,,,,,,,,,,,,,,,,,,,,,,,,,,,,,,,,,,,,,,,,,,,,,,,,,,,,,,,play_time_mod_0.5,,
Attack4/13,"vars,head,21,-524,-2,0,4,1,1,0","vars,neck,9,-485,-32,0,8,1,1,0","vars,body,9,-348,-1,0,7,1,1,0","vars,arm_up,-81,-396,-32,0,7,1,0.9,0","vars,arm_low,-122,-329,-25,1,7,1,1,0","vraesier,fist,-145,-274,-32,0,9,1,1,0","vars,arm_up,81,-413,45,1,13,1,1,0","vars,arm_low,151,-346,41,0,4,1,1,0","vraesier,fist,195,-291,46,1,6,1,1.1,0","vars,leg_up,-44,-190,-8.2,1,11,1,0.9,0","vars,leg_low,-73,-92,-23,0,9,1,1,0","vars,foot,-72,-21,-3.6,0,13,1,1,0","vars,leg_up,61,-190,26.7,1,15,1,1,0","vars,leg_low,77,-91,-3.5,1,15,1,1,0","vars,foot,94,-25,6.5,0,17,1,1,0","vars,base,110,-271,-76,0,17,0.9,0.9,0",,"vars,cloak,-50,-409,-22,0,17,1,0.9,0",,,,,,,,,,,,,,,,,,,,,,,,,,,,,,,,,,,,,,,,,,,,,,,,,,,,,,,,,,,,,,,,,,,,,,,,,,,,,,,,,,,,,,,,,,,,,,,,,,,,,
Attack4/14,"vars,head,21,-524,-4,0,4,1,1,0","vars,neck,7,-485,-31,0,8,1,1,0","vars,body,8,-348,-2,0,7,1,1,0","vars,arm_up,-82,-398,-36,0,7,1,0.9,0","vars,arm_low,-123,-329,-20,1,7,1,1,0","vraesier,fist,-139,-273,-28,0,9,1,1,0","vars,arm_up,73,-411,21,1,13,1,1,0","vars,arm_low,108,-327,16,0,4,1,1,0","vraesier,fist,121,-265,15,1,6,1,1.1,0","vars,leg_up,-44,-190,-8.2,1,11,1,0.9,0","vars,leg_low,-70,-92,-20,0,9,1,1,0","vars,foot,-69,-21,-2.6,0,13,1,1,0","vars,leg_up,55,-190,24.7,1,15,1,1,0","vars,leg_low,75,-91,-0.5,1,15,1,1,0","vars,foot,94,-25,6.5,0,17,1,1,0","vars,base,19,-265,-96,0,17,0.9,0.9,0",,"vars,cloak,-52,-408,-30,0,17,1,0.9,0",,,,,,,,,,,,,,,,,,,,,,,,,,,,,,,,,,,,,,,,,,,,,,,,,,,,,,,,,,,,,,,,,,,,,,,,,,,,,,,,,,,,,,,,,,,,,,,,,,,play_time_mod_0.5,,"sword_sheathe,1000,0"
Attack4/15,"vars,head,22,-525,-3,0,4,1,1,0","vars,neck,8,-490,-31,0,8,1,1,0","vars,body,8,-348,-3,0,7,1,1,0","vars,arm_up,-79,-397,-33,0,7,1,0.9,0","vars,arm_low,-119,-328,-18,1,7,1,1,0","vraesier,fist,-133,-272,-26,0,9,1,1,0","vars,arm_up,84,-409,32,1,13,1,1,0","vars,arm_low,126,-337,22,0,4,1,1,0","vraesier,fist,146,-276,25,1,6,1,1.1,0","vars,leg_up,-44,-190,-4.2,1,11,1,0.9,0","vars,leg_low,-67,-92,-16,0,9,1,1,0","vars,foot,-61,-21,0.4,0,13,1,1,0","vars,leg_up,55,-190,24.7,1,15,1,1,0","vars,leg_low,75,-91,-0.5,1,15,1,1,0","vars,foot,94,-25,6.5,0,17,1,1,0","vars,base,19,-265,-88,0,17,0.9,0.9,0",,"vars,cloak,-50,-407,-21,0,17,1,0.9,0",,,,,,,,,,,,,,,,,,,,,,,,,,,,,,,,,,,,,,,,,,,,,,,,,,,,,,,,,,,,,,,,,,,,,,,,,,,,,,,,,,,,,,,,,,,,,,,,,,,,,
Attack4/16,"vars,head,12,-534,0,0,4,1,1,0","vars,neck,0,-504,-13,0,8,1,1,0","vars,body,1,-357,-1,0,7,1,1,0","vars,arm_up,-82,-404,-25,0,7,1,0.9,0","vars,arm_low,-112,-329,-14,1,6,1,1,0","vraesier,fist,-123,-274,-21,0,7,1,1,0","vars,arm_up,78,-410,22,1,13,1,1,0","vars,arm_low,120,-352,46,0,5,1,1,0","vraesier,fist,157,-312,55,1,7,1,1.1,0","vars,leg_up,-44,-190,-4.2,1,11,1,0.9,0","vars,leg_low,-62,-92,-12,0,9,1,1,0","vars,foot,-50,-21,5.4,0,13,1,1,0","vars,leg_up,51,-196,24.7,1,15,1,1,0","vars,leg_low,73,-91,1.5,1,15,1,1,0","vars,foot,94,-25,6.5,0,17,1,1,0","vars,base,4,-270,-77,0,12,1,1,0",,"vars,cloak,-53,-401,-6,0,17,1,1,0",,,,,,,,,,,,,,,,,,,,,,,,,,,,,,,,,,,,,,,,,,,,,,,,,,,,,,,,,,,,,,,,,,,,,,,,,,,,,,,,,,,,,,,,,,,,,,,,,,,,,
Attack1/0,"vars,head,12,-534,0,0,4,1,1,0","vars,neck,0,-504,-13,0,8,1,1,0","vars,body,1,-357,-1,0,7,1,1,0","vars,arm_up,-82,-404,-25,0,7,1,0.9,0","vars,arm_low,-112,-329,-14,1,6,1,1,0","vraesier,fist,-123,-274,-21,0,7,1,1,0","vars,arm_up,78,-410,22,1,13,1,1,0","vars,arm_low,120,-352,46,0,5,1,1,0","vraesier,fist,157,-312,55,1,7,1,1.1,0","vars,leg_up,-44,-190,-4.2,1,11,1,0.9,0","vars,leg_low,-62,-92,-12,0,9,1,1,0","vars,foot,-50,-21,5.4,0,13,1,1,0","vars,leg_up,51,-196,24.7,1,15,1,1,0","vars,leg_low,73,-91,1.5,1,15,1,1,0","vars,foot,94,-25,6.5,0,17,1,1,0","vars,base,4,-270,-77,0,12,1,1,0",,"vars,cloak,-53,-401,-6,0,17,1,1,0",,,,,,,,,,,,,,,,,,,,,,,,,,,,,,,,,,,,,,,,,,,,,,,,,,,,,,,,,,,,,,,,,,,,,,,,,,,,,,,,,,,,,,,,,,,,,,,,,,,,,
Attack1/1,"vars,head,17,-533,-3,0,4,1,1,0","vars,neck,4,-503,-14,0,8,1,1,0","vars,body,5,-357,-2,0,7,1,1,0","vars,arm_up,-81,-405,-27,0,7,1,0.9,0","vars,arm_low,-113,-330,-16,1,6,1,1,0","vraesier,fist,-126,-275,-23,0,7,1,1,0","vars,arm_up,80,-410,22,1,13,1,1,0","vars,arm_low,123,-350,46,0,5,1,1,0","vraesier,fist,162,-310,55,1,7,1,1.1,0","vars,leg_up,-46,-190,-7.2,1,11,1,0.9,0","vars,leg_low,-66,-92,-14,0,9,1,1,0","vars,foot,-58,-21,3.4,0,13,1,1,0","vars,leg_up,51,-196,25.7,1,15,1,1,0","vars,leg_low,74,-91,1.5,1,15,1,1,0","vars,foot,94,-25,6.5,0,17,1,1,0","vars,base,6,-270,-79,0,12,1,1,0",,"vars,cloak,-53,-401,-6,0,17,1,1,0",,,,,,,,,,,,,,,,,,,,,,,,,,,,,,,,,,,,,,,,,,,,,,,,,,,,,,,,,,,,,,,,,,,,,,,,,,,,,,,,,,,,,,,,,,,,,,,,,,,play_time_mod_1.5,,
Attack1/2,"vars,head,22,-534,-2,0,4,1,1,0","vars,neck,9,-504,-14,0,8,1,1,0","vars,body,6,-357,-3,0,7,1,1,0","vars,arm_up,-81,-405,-29,0,7,1,0.9,0","vars,arm_low,-115,-332,-16,1,6,1,1,0","vraesier,fist,-125,-277,-23,0,7,1,1,0","vars,arm_up,86,-410,33,1,13,1,1,0","vars,arm_low,143,-354,52,0,5,1,1,0","vraesier,fist,177,-312,35,1,7,1,1.1,0","vars,leg_up,-46,-190,-5.2,1,11,1,0.9,0","vars,leg_low,-69,-92,-18,0,9,1,1,0","vars,foot,-64,-21,3.4,0,13,1,1,0","vars,leg_up,51,-196,24.7,1,15,1,1,0","vars,leg_low,73,-91,1.5,1,15,1,1,0","vars,foot,94,-25,6.5,0,17,1,1,0","vars,base,48,-275,-77,0,16,1,1,0",,"vars,cloak,-53,-401,-6,0,17,1,1,0",,,,,,,,,,,,,,,,,,,,,,,,,,,,,,,,,,,,,,,,,,,,,,,,,,,,,,,,,,,,,,,,,,,,,,,,,,,,,,,,,,,,,,,,,,,,,,,,,,,play_time_mod_0.5,,
Attack1/3,"vars,head,14,-534,-1,0,4,1,1,0","vars,neck,1,-504,-14,0,8,1,1,0","vars,body,5,-357,-1,0,7,1,1,0","vars,arm_up,-83,-403,-31,0,7,1,0.9,0","vars,arm_low,-120,-331,-18,1,6,1,1,0","vraesier,fist,-132,-276,-25,0,7,1,1,0","vars,arm_up,94,-424,55,1,13,1,1,0","vars,arm_low,175,-388,74,0,5,1,1,0","vraesier,fist,228,-363,57,1,7,1,1.1,0","vars,leg_up,-46,-190,-5.2,1,11,1,0.9,0","vars,leg_low,-71,-92,-20,0,9,1,1,0","vars,foot,-64,-21,4.4,0,13,1,1,0","vars,leg_up,57,-194,25.7,1,15,1,1,0","vars,leg_low,75,-91,-2.5,1,15,1,1,0","vars,foot,94,-25,6.5,0,17,1,1,0","vars,base,147,-289,-52,0,17,1,1,0",,"vars,cloak,-52,-399,-1,0,17,1,1,0",,,,,,,,,,,,,,,,,,,,,,,,,,,,,,,,,,,,,,,,,,,,,,,,,,,,,,,,,,,,,,,,,,,,,,,,,,,,,,,,,,,,,,,,,,,,,,,,,,,play_time_mod_0.3,,
Attack1/4,"vars,head,11,-534,1,0,4,1,1,0","vars,neck,-1,-502,-13,0,8,1,1,0","vars,body,5,-357,0,0,7,1,1,0","vars,arm_up,-83,-403,-32,0,7,1,0.9,0","vars,arm_low,-121,-331,-19,1,6,1,1,0","vraesier,fist,-134,-276,-26,0,7,1,1,0","vars,arm_up,94,-429,65,1,13,1,1,0","vars,arm_low,180,-405,84,0,5,1,1,0","vraesier,fist,237,-397,97,1,7,1,1.1,0","vars,leg_up,-46,-190,-5.2,1,11,1,0.9,0","vars,leg_low,-71,-92,-20,0,9,1,1,0","vars,foot,-64,-21,4.4,0,13,1,1,0","vars,leg_up,58,-194,26.7,1,15,1,1,0","vars,leg_low,76,-91,-4.5,1,15,1,1,0","vars,foot,94,-25,6.5,0,17,1,1,0","vars,base,209,-292,-19,0,17,1,1,0",,"vars,cloak,-52,-398,2,0,17,1,1,0",,,,,,,,,,,,,,,,,,,,,,,,,,,,,,,,,,,,,,,,,,,,,,,,,,,,,,,,,,,,,,,,,,,,,,,,,,,,,,,,,,,,,,,,,,,,,,,,,,,play_time_mod_0.2,,
Attack1/5,"vars,head,11,-534,1,0,4,1,1,0","vars,neck,-1,-502,-13,0,8,1,1,0","vars,body,5,-357,0,0,7,1,1,0","vars,arm_up,-83,-403,-32,0,7,1,0.9,0","vars,arm_low,-121,-331,-19,1,6,1,1,0","vraesier,fist,-134,-276,-26,0,7,1,1,0","vars,arm_up,94,-429,64,1,13,1,1,0","vars,arm_low,175,-410,89,0,5,1,1,0","vraesier,fist,232,-416,108,1,7,1,1.1,0","vars,leg_up,-46,-190,-5.2,1,11,1,0.9,0","vars,leg_low,-71,-92,-20,0,9,1,1,0","vars,foot,-64,-21,4.4,0,13,1,1,0","vars,leg_up,58,-194,26.7,1,15,1,1,0","vars,leg_low,76,-91,-4.5,1,15,1,1,0","vars,foot,94,-25,6.5,0,17,1,1,0","vars,base,223,-314,-9,0,17,1.2,0.9,0",,"vars,cloak,-52,-398,2,0,17,1,1,0",,,,,,,,,,,,,,,,,,,,,,,,,,,,,,,,,,,,,,,,,,,,,,,,,,,,,,,,,,,,,,,,,,,,,,,,,,,,,,,,,,,,,,,,,,,,,,,,,,,play_time_mod_0.2,,
Attack1/6,"vars,head,11,-534,3,0,4,1,1,0","vars,neck,-1,-502,-13,0,8,1,1,0","vars,body,5,-357,0,0,7,1,1,0","vars,arm_up,-83,-403,-32,0,7,1,0.9,0","vars,arm_low,-121,-331,-19,1,6,1,1,0","vraesier,fist,-134,-276,-26,0,7,1,1,0","vars,arm_up,94,-429,66,1,13,1,1,0","vars,arm_low,182,-408,86,0,5,1,1,0","vraesier,fist_back,248,-402,77,0,7,1,1.1,0","vars,leg_up,-46,-190,-5.2,1,11,1,0.9,0","vars,leg_low,-71,-92,-20,0,9,1,1,0","vars,foot,-64,-21,4.4,0,13,1,1,0","vars,leg_up,58,-194,26.7,1,15,1,1,0","vars,leg_low,76,-91,-4.5,1,15,1,1,0","vars,foot,94,-25,6.5,0,17,1,1,0","vars,base,269,-496,173,1,17,1.1,0.8,0",,"vars,cloak,-52,-398,2,0,17,1,1,0",,,,,,,,,,,,,,,,,,,,,,,,,,,,,,,,,,,,,,,,,,,,,,,,,,,,,,,,,,,,,,,,,,,,,,,,,,,,,,,,,,,,,,,,,,,,,,,,,,,play_time_mod_0.7,,
Attack1/7,"vars,head,11,-534,2,0,4,1,1,0","vars,neck,-1,-502,-13,0,8,1,1,0","vars,body,5,-357,0,0,7,1,1,0","vars,arm_up,-85,-405,-35,0,7,1,0.9,0","vars,arm_low,-129,-338,-22,1,6,1,1,0","vraesier,fist,-145,-283,-29,0,7,1,1,0","vars,arm_up,107,-446,83,1,13,1,1,0","vars,arm_low,185,-466,123,0,5,1,1,0","vraesier,fist_back,243,-499,104,0,7,1,1.1,0","vars,leg_up,-46,-190,-5.2,1,11,1,0.9,0","vars,leg_low,-71,-92,-20,0,9,1,1,0","vars,foot,-64,-21,4.4,0,13,1,1,0","vars,leg_up,58,-194,26.7,1,15,1,1,0","vars,leg_low,76,-91,-4.5,1,15,1,1,0","vars,foot,94,-25,6.5,0,17,1,1,0","vars,base,198,-597,-153,0,17,1,1,0",,"vars,cloak,-53,-398,0,0,17,1,1,0",,,,,,,,,,,,,,,,,,,,,,,,,,,,,,,,,,,,,,,,,,,,,,,,,,,,,,,,,,,,,,,,,,,,,,,,,,,,,,,,,,,,,,,,,,,,,,,,,,,play_time_mod_0.2,,
Attack1/8,"vars,head,1,-530,8,0,4,1,1,0","vars,neck,-6,-498,-10,0,8,1,1,0","vars,body,3,-354,2,0,7,1,1,0","vars,arm_up,-90,-402,-35,0,7,1,0.9,0","vars,arm_low,-134,-335,-22,1,6,1,1,0","vraesier,fist,-150,-280,-29,0,7,1,1,0","vars,arm_up,103,-447,85,1,13,1,1,0","vars,arm_low,179,-475,135,0,5,1,1,0","vraesier,fist_back,230,-519,116,0,7,1,1.1,0","vars,leg_up,-46,-190,-5.2,1,11,1,0.9,0","vars,leg_low,-71,-92,-20,0,9,1,1,0","vars,foot,-64,-21,4.4,0,13,1,1,0","vars,leg_up,60,-194,26.7,1,15,1,1,0","vars,leg_low,77,-91,-4.5,1,15,1,1,0","vars,foot,94,-25,6.5,0,17,1,1,0","vars,base,165,-606,-141,0,17,1,1,0",,"vars,cloak,-53,-398,0,0,17,1,1,0",,,,,,,,,,,,,,,,,,,,,,,,,,,,,,,,,,,,,,,,,,,,,,,,,,,,,,,,,,,,,,,,,,,,,,,,,,,,,,,,,,,,,,,,,,,,,,,,,,,play_time_mod_0.2,,
Attack1/9,"vars,head,12,-534,-1,0,4,1,1,0","vars,neck,-1,-502,-15,0,8,1,1,0","vars,body,7,-357,0,0,7,1,1,0","vars,arm_up,-86,-408,-40,0,7,1,0.9,0","vars,arm_low,-135,-346,-27,1,6,1,1,0","vraesier,fist,-156,-296,-34,0,7,1,1,0","vars,arm_up,104,-439,63,1,13,1,1,0","vars,arm_low,188,-415,84,0,5,1,1,0","vraesier,fist_back,253,-402,62,0,7,1,1.1,0","vars,leg_up,-46,-190,-5.2,1,11,1,0.9,0","vars,leg_low,-71,-92,-20,0,9,1,1,0","vars,foot,-64,-21,4.4,0,13,1,1,0","vars,leg_up,63,-192,30.7,1,15,1,1,0","vars,leg_low,79,-91,-8.5,1,15,1,1,0","vars,foot,94,-25,6.5,0,17,1,1,0","vars,swing,332,-496,142,0,17,1,1.1,0",,"vars,cloak,-53,-400,-3,0,17,1,1,0",,,,,,,,,,,,,,,,,,,,,,,,,,,,,,,,,,,,,,,,,,,,,,,,,,,,,,,,,,,,,,,,,,,,,,,,,,,,,,,,,,,,,,,,,,,,,,,,,,,play_time_mod_0.2,,"swing_flat,1000,0"
Attack1/10,"vars,head,19,-534,-3,0,4,1,1,0","vars,neck,6,-502,-17,0,8,1,1,0","vars,body,8,-357,-1,0,7,1,1,0","vars,arm_up,-86,-408,-40,0,7,1,0.9,0","vars,arm_low,-135,-346,-27,1,6,1,1,0","vraesier,fist,-156,-296,-34,0,7,1,1,0","vars,arm_up,104,-435,59,1,13,1,1,0","vars,arm_low,184,-395,56,0,5,1,1,0","vraesier,fist_back,235,-357,34,0,7,1,1.1,0","vars,leg_up,-46,-190,-5.2,1,11,1,0.9,0","vars,leg_low,-71,-92,-20,0,9,1,1,0","vars,foot,-64,-21,4.4,0,13,1,1,0","vars,leg_up,63,-192,30.7,1,15,1,1,0","vars,leg_low,79,-91,-8.5,1,15,1,1,0","vars,foot,94,-25,6.5,0,17,1,1,0","vars,swing,354,-408,114,0,17,1,1.2,0",,"vars,cloak,-53,-400,-3,0,17,1,1,0",,,,,,,,,,,,,,,,,,,,,,,,,,,,,,,,,,,,,,,,,,,,,,,,,,,,,,,,,,,,,,,,,,,,,,,,,,,,,,,,,,,,,,,,,,,,,,,,,,,"play_time_mod_0.1,sprite_deal_damage",,"swing_flat_large,1000,0"
Attack1/11,"vars,smile,24,-534,-5,0,4,1,1,0","vars,neck,8,-502,-17,0,8,1,1,0","vars,body,9,-357,-2,0,7,1,1,0","vars,arm_up,-83,-411,-41,0,7,1,0.9,0","vars,arm_low,-135,-348,-28,1,6,1,1,0","vraesier,fist,-157,-299,-35,0,7,1,1,0","vars,arm_up,101,-422,43,1,13,1,1,0","vars,arm_low,172,-358,46,0,5,1,1,0","vraesier,fist_back,218,-312,30,0,7,1,1.1,0","vars,leg_up,-49,-190,-17.2,1,11,1,0.9,0","vars,leg_low,-86,-92,-27,0,9,1,1,0","vars,foot,-93,-21,-7.6,0,13,1,1,0","vars,leg_up,65,-190,30.7,1,15,1,1,0","vars,leg_low,79,-91,-8.5,1,15,1,1,0","vars,foot,94,-25,6.5,0,17,1,1,0","vars,swing,343,-348,110,0,17,1,1.2,0",,"vars,cloak,-53,-401,-4,0,17,1,1,0",,,,,,,,,,,,,,,,,,,,,,,,,,,,,,,,,,,,,,,,,,,,,,,,,,,,,,,,,,,,,,,,,,,,,,,,,,,,,,,,,,,,,,,,,,,,,,,,,,,"sprite_deal_damage,play_time_mod_0.1",,
Attack1/12,"vars,smile,37,-528,-8,0,4,1,1,0","vars,neck,18,-488,-30,0,8,1,1,0","vars,body,12,-354,-4,0,7,1,1,0","vars,arm_up,-79,-413,-43,0,7,1,0.9,0","vars,arm_low,-130,-352,-30,1,6,1,1,0","vraesier,fist,-161,-307,-57,0,7,1,1,0","vars,arm_up,82,-422,43,1,13,1,1,0","vars,arm_low,130,-368,37,0,5,1.1,1.1,0","vraesier,fist_back,168,-316,18,0,7,1.1,1.2,0","vars,leg_up,-51,-190,-20.2,1,11,1,0.9,0","vars,leg_low,-91,-92,-27,0,9,1,1,0","vars,foot,-96,-21,-7.6,0,13,1,1,0","vars,leg_up,59,-185,34.7,1,15,1,1,0","vars,leg_low,79,-91,-8.5,1,15,1,1,0","vars,foot,94,-25,6.5,0,17,1,1,0","vars,swing,288,-335,105,0,17,0.9,1.1,0",,"vars,cloak,-55,-425,-44,0,17,1,1,0",,,,,,,,,,,,,,,,,,,,,,,,,,,,,,,,,,,,,,,,,,,,,,,,,,,,,,,,,,,,,,,,,,,,,,,,,,,,,,,,,,,,,,,,,,,,,,,,,,,"sprite_deal_damage,play_time_mod_0.1",,
Attack1/13,"vars,smile,41,-524,-9,0,4,1,1,0","vars,neck,22,-484,-31,0,8,1,1,0","vars,body,16,-350,-6,0,7,1,1,0","vars,arm_up,-74,-415,-47,0,7,1,0.9,0","vars,arm_low,-132,-364,-44,1,7,1,1,0","vraesier,fist,-171,-317,-61,0,9,1,1,0","vars,arm_up,93,-418,33,1,13,1,1,0","vars,arm_low,109,-343,-15,0,4,1.1,1.1,0","vraesier,fist,85,-281,-12,1,6,1.1,1.2,0","vars,leg_up,-54,-190,-23.2,1,11,1,0.9,0","vars,leg_low,-98,-92,-27,0,9,1,1,0","vars,foot,-105,-21,-7.6,0,13,1,1,0","vars,leg_up,59,-184,35.7,1,15,1,1,0","vars,leg_low,79,-91,-8.5,1,15,1,1,0","vars,foot,94,-25,6.5,0,17,1,1,0","vars,swing,-28,-307,-110,0,7,0.9,1,0",,"vars,cloak,-40,-431,-54,1,17,1,0.9,0",,,,,,,,,,,,,,,,,,,,,,,,,,,,,,,,,,,,,,,,,,,,,,,,,,,,,,,,,,,,,,,,,,,,,,,,,,,,,,,,,,,,,,,,,,,,,,,,,,,"sprite_deal_damage,play_time_mod_0.5",,
Attack1/14,"vars,head,46,-523,-9,0,4,1,1,0","vars,neck,25,-483,-32,0,8,1,1,0","vars,body,18,-350,-7,0,7,1,1,0","vars,arm_up,-74,-420,-50,0,7,1,0.9,0","vars,arm_low,-136,-372,-48,1,7,1,1,0","vraesier,fist,-179,-329,-65,0,9,1,1,0","vars,arm_up,97,-414,29,1,13,1,1,0","vars,arm_low,95,-361,-42,0,4,1.1,1.1,0","vraesier,fist,48,-314,-39,1,6,1.1,1.2,0","vars,leg_up,-56,-190,-24.2,1,11,1,0.9,0","vars,leg_low,-102,-92,-27,0,9,1,1,0","vars,foot,-109,-21,-7.6,0,13,1,1,0","vars,leg_up,59,-184,36.7,1,15,1,1,0","vars,leg_low,79,-91,-8.5,1,15,1,1,0","vars,foot,94,-25,6.5,0,17,1,1,0","vars,base,-50,-369,-123,0,7,1,1,0",,"vars,cloak,-40,-437,-57,0,17,1,0.9,0",,,,,,,,,,,,,,,,,,,,,,,,,,,,,,,,,,,,,,,,,,,,,,,,,,,,,,,,,,,,,,,,,,,,,,,,,,,,,,,,,,,,,,,,,,,,,,,,,,,,,
Attack1/15,"vars,head,46,-523,-10,0,4,1,1,0","vars,neck,25,-483,-32,0,8,1,1,0","vars,body,18,-350,-7,0,7,1,1,0","vars,arm_up,-75,-422,-58,0,7,1,0.9,0","vars,arm_low,-137,-379,-46,1,7,1,1,0","vraesier,fist,-178,-335,-63,0,9,1,1,0","vars,arm_up,100,-418,42,1,13,1,1,0","vars,arm_low,131,-354,-1,0,4,1,1,0","vraesier,fist,129,-291,7,1,6,1,1.1,0","vars,leg_up,-56,-190,-24.2,1,11,1,0.9,0","vars,leg_low,-102,-92,-27,0,9,1,1,0","vars,foot,-109,-21,-7.6,0,13,1,1,0","vars,leg_up,59,-184,36.7,1,15,1,1,0","vars,leg_low,79,-91,-8.5,1,15,1,1,0","vars,foot,94,-25,6.5,0,17,1,1,0","vars,base,21,-286,-90,0,7,0.9,1,0",,"vars,cloak,-30,-435,-65,1,17,1,0.9,0",,,,,,,,,,,,,,,,,,,,,,,,,,,,,,,,,,,,,,,,,,,,,,,,,,,,,,,,,,,,,,,,,,,,,,,,,,,,,,,,,,,,,,,,,,,,,,,,,,,,,
Attack1/16,"vars,head,31,-522,-3,0,4,1,1,0","vars,neck,15,-483,-32,0,8,1,1,0","vars,body,14,-348,-3,0,7,1,1,0","vars,arm_up,-78,-407,-41,0,7,1,0.9,0","vars,arm_low,-127,-351,-35,1,7,1,1,0","vraesier,fist,-159,-299,-52,0,9,1,1,0","vars,arm_up,111,-417,50,1,13,1,1,0","vars,arm_low,167,-353,21,0,4,1,1,0","vraesier,fist,188,-291,24,1,6,1,1.1,0","vars,leg_up,-49,-190,-16.2,1,11,1,0.9,0","vars,leg_low,-89,-92,-27,0,9,1,1,0","vars,foot,-96,-21,-7.6,0,13,1,1,0","vars,leg_up,60,-190,26.7,1,15,1,1,0","vars,leg_low,77,-91,-3.5,1,15,1,1,0","vars,foot,94,-25,6.5,0,17,1,1,0","vars,base,99,-255,-73,0,7,0.9,0.9,0",,"vars,cloak,-50,-423,-44,1,17,1,0.9,0",,,,,,,,,,,,,,,,,,,,,,,,,,,,,,,,,,,,,,,,,,,,,,,,,,,,,,,,,,,,,,,,,,,,,,,,,,,,,,,,,,,,,,,,,,,,,,,,,,,,,
Attack1/17,"vars,head,17,-524,-1,0,4,1,1,0","vars,neck,5,-485,-31,0,8,1,1,0","vars,body,7,-348,0,0,7,1,1,0","vars,arm_up,-85,-396,-30,0,7,1,0.9,0","vars,arm_low,-125,-329,-25,1,7,1,1,0","vraesier,fist,-151,-274,-36,0,9,1,1,0","vars,arm_up,100,-433,65,1,13,1,1,0","vars,arm_low,189,-395,61,0,4,1,1,0","vraesier,fist,249,-358,66,1,6,1,1.1,0","vars,leg_up,-44,-190,-8.2,1,11,1,0.9,0","vars,leg_low,-73,-92,-23,0,9,1,1,0","vars,foot,-72,-21,-3.6,0,13,1,1,0","vars,leg_up,60,-190,26.7,1,15,1,1,0","vars,leg_low,77,-91,-3.5,1,15,1,1,0","vars,foot,94,-25,6.5,0,17,1,1,0","vars,base,176,-310,-56,0,17,0.9,0.9,0",,"vars,cloak,-50,-408,-34,1,17,1,0.9,0",,,,,,,,,,,,,,,,,,,,,,,,,,,,,,,,,,,,,,,,,,,,,,,,,,,,,,,,,,,,,,,,,,,,,,,,,,,,,,,,,,,,,,,,,,,,,,,,,,,play_time_mod_0.5,,
Attack1/18,"vars,head,21,-524,-2,0,4,1,1,0","vars,neck,9,-485,-32,0,8,1,1,0","vars,body,9,-348,-1,0,7,1,1,0","vars,arm_up,-81,-396,-32,0,7,1,0.9,0","vars,arm_low,-122,-329,-25,1,7,1,1,0","vraesier,fist,-145,-274,-32,0,9,1,1,0","vars,arm_up,81,-413,45,1,13,1,1,0","vars,arm_low,151,-346,41,0,4,1,1,0","vraesier,fist,195,-291,46,1,6,1,1.1,0","vars,leg_up,-44,-190,-8.2,1,11,1,0.9,0","vars,leg_low,-73,-92,-23,0,9,1,1,0","vars,foot,-72,-21,-3.6,0,13,1,1,0","vars,leg_up,61,-190,26.7,1,15,1,1,0","vars,leg_low,77,-91,-3.5,1,15,1,1,0","vars,foot,94,-25,6.5,0,17,1,1,0","vars,base,110,-271,-76,0,17,0.9,0.9,0",,"vars,cloak,-50,-409,-22,0,17,1,0.9,0",,,,,,,,,,,,,,,,,,,,,,,,,,,,,,,,,,,,,,,,,,,,,,,,,,,,,,,,,,,,,,,,,,,,,,,,,,,,,,,,,,,,,,,,,,,,,,,,,,,,,
Attack1/19,"vars,head,21,-524,-4,0,4,1,1,0","vars,neck,7,-485,-31,0,8,1,1,0","vars,body,8,-348,-2,0,7,1,1,0","vars,arm_up,-82,-398,-36,0,7,1,0.9,0","vars,arm_low,-123,-329,-20,1,7,1,1,0","vraesier,fist,-139,-273,-28,0,9,1,1,0","vars,arm_up,73,-411,21,1,13,1,1,0","vars,arm_low,108,-327,16,0,4,1,1,0","vraesier,fist,121,-265,15,1,6,1,1.1,0","vars,leg_up,-44,-190,-8.2,1,11,1,0.9,0","vars,leg_low,-70,-92,-20,0,9,1,1,0","vars,foot,-69,-21,-2.6,0,13,1,1,0","vars,leg_up,55,-190,24.7,1,15,1,1,0","vars,leg_low,75,-91,-0.5,1,15,1,1,0","vars,foot,94,-25,6.5,0,17,1,1,0","vars,base,19,-265,-96,0,17,0.9,0.9,0",,"vars,cloak,-52,-408,-30,0,17,1,0.9,0",,,,,,,,,,,,,,,,,,,,,,,,,,,,,,,,,,,,,,,,,,,,,,,,,,,,,,,,,,,,,,,,,,,,,,,,,,,,,,,,,,,,,,,,,,,,,,,,,,,play_time_mod_0.5,,"sword_sheathe,1000,0"
Attack1/20,"vars,head,22,-525,-3,0,4,1,1,0","vars,neck,8,-490,-31,0,8,1,1,0","vars,body,8,-348,-3,0,7,1,1,0","vars,arm_up,-79,-397,-33,0,7,1,0.9,0","vars,arm_low,-119,-328,-18,1,7,1,1,0","vraesier,fist,-133,-272,-26,0,9,1,1,0","vars,arm_up,84,-409,32,1,13,1,1,0","vars,arm_low,126,-337,22,0,4,1,1,0","vraesier,fist,146,-276,25,1,6,1,1.1,0","vars,leg_up,-44,-190,-4.2,1,11,1,0.9,0","vars,leg_low,-67,-92,-16,0,9,1,1,0","vars,foot,-61,-21,0.4,0,13,1,1,0","vars,leg_up,55,-190,24.7,1,15,1,1,0","vars,leg_low,75,-91,-0.5,1,15,1,1,0","vars,foot,94,-25,6.5,0,17,1,1,0","vars,base,19,-265,-88,0,17,0.9,0.9,0",,"vars,cloak,-50,-407,-21,0,17,1,0.9,0",,,,,,,,,,,,,,,,,,,,,,,,,,,,,,,,,,,,,,,,,,,,,,,,,,,,,,,,,,,,,,,,,,,,,,,,,,,,,,,,,,,,,,,,,,,,,,,,,,,,,
Attack1/21,"vars,head,12,-534,0,0,4,1,1,0","vars,neck,0,-504,-13,0,8,1,1,0","vars,body,1,-357,-1,0,7,1,1,0","vars,arm_up,-82,-404,-25,0,7,1,0.9,0","vars,arm_low,-112,-329,-14,1,6,1,1,0","vraesier,fist,-123,-274,-21,0,7,1,1,0","vars,arm_up,78,-410,22,1,13,1,1,0","vars,arm_low,120,-352,46,0,5,1,1,0","vraesier,fist,157,-312,55,1,7,1,1.1,0","vars,leg_up,-44,-190,-4.2,1,11,1,0.9,0","vars,leg_low,-62,-92,-12,0,9,1,1,0","vars,foot,-50,-21,5.4,0,13,1,1,0","vars,leg_up,51,-196,24.7,1,15,1,1,0","vars,leg_low,73,-91,1.5,1,15,1,1,0","vars,foot,94,-25,6.5,0,17,1,1,0","vars,base,4,-270,-77,0,12,1,1,0",,"vars,cloak,-53,-401,-6,0,17,1,1,0",,,,,,,,,,,,,,,,,,,,,,,,,,,,,,,,,,,,,,,,,,,,,,,,,,,,,,,,,,,,,,,,,,,,,,,,,,,,,,,,,,,,,,,,,,,,,,,,,,,,,
Attack2/0,"vars,head,12,-534,0,0,4,1,1,0","vars,neck,0,-504,-13,0,8,1,1,0","vars,body,1,-357,-1,0,7,1,1,0","vars,arm_up,-82,-404,-25,0,7,1,0.9,0","vars,arm_low,-112,-329,-14,1,6,1,1,0","vraesier,fist,-123,-274,-21,0,7,1,1,0","vars,arm_up,78,-410,22,1,13,1,1,0","vars,arm_low,120,-352,46,0,5,1,1,0","vraesier,fist,157,-312,55,1,7,1,1.1,0","vars,leg_up,-44,-190,-4.2,1,11,1,0.9,0","vars,leg_low,-62,-92,-12,0,9,1,1,0","vars,foot,-50,-21,5.4,0,13,1,1,0","vars,leg_up,51,-196,24.7,1,15,1,1,0","vars,leg_low,73,-91,1.5,1,15,1,1,0","vars,foot,94,-25,6.5,0,17,1,1,0","vars,base,4,-270,-77,0,12,1,1,0",,"vars,cloak,-53,-401,-6,0,17,1,1,0",,,,,,,,,,,,,,,,,,,,,,,,,,,,,,,,,,,,,,,,,,,,,,,,,,,,,,,,,,,,,,,,,,,,,,,,,,,,,,,,,,,,,,,,,,,,,,,,,,,,,
Attack2/1,"vars,head,19,-532,-3,0,4,1,1,0","vars,neck,6,-502,-14,0,8,1,1,0","vars,body,5,-357,-2,0,7,1,1,0","vars,arm_up,-81,-405,-27,0,7,1,0.9,0","vars,arm_low,-113,-330,-16,1,6,1,1,0","vraesier,fist,-126,-275,-23,0,7,1,1,0","vars,arm_up,80,-410,22,1,13,1,1,0","vars,arm_low,116,-349,35,0,5,1,1,0","vraesier,fist,142,-295,25,1,7,1,1.1,0","vars,leg_up,-46,-190,-7.2,1,11,1,0.9,0","vars,leg_low,-66,-92,-14,0,9,1,1,0","vars,foot,-58,-21,3.4,0,13,1,1,0","vars,leg_up,51,-196,25.7,1,15,1,1,0","vars,leg_low,74,-91,1.5,1,15,1,1,0","vars,foot,94,-25,6.5,0,17,1,1,0","vars,base,6,-270,-79,0,12,1,1,0",,"vars,cloak,-53,-401,-6,0,17,1,1,0",,,,,,,,,,,,,,,,,,,,,,,,,,,,,,,,,,,,,,,,,,,,,,,,,,,,,,,,,,,,,,,,,,,,,,,,,,,,,,,,,,,,,,,,,,,,,,,,,,,play_time_mod_1.5,,
Attack2/2,"vars,head,18,-527,-5,0,4,1,1,0","vars,neck,6,-497,-14,0,8,1,1,0","vars,body,5,-355,-2,0,7,1,1,0","vars,arm_up,-81,-403,-27,0,7,1,0.9,0","vars,arm_low,-113,-330,-12,1,6,1,1,0","vraesier,fist,-122,-273,-19,0,7,1,1,0","vars,arm_up,80,-412,22,1,13,1,1,0","vars,arm_low,111,-333,9,0,5,1,1,0","vraesier,fist_back,116,-280,-4,0,7,1,1.1,0","vars,leg_up,-46,-187,-7.2,1,11,1,0.9,0","vars,leg_low,-68,-92,-19,0,9,1,1,0","vars,foot,-63,-21,3.4,0,13,1,1,0","vars,leg_up,51,-194,28.7,1,15,1,1,0","vars,leg_low,75,-90,-2.5,1,15,1,1,0","vars,foot,94,-25,6.5,0,17,1,1,0","vars,base,6,-266,-83,0,12,1,1,0",,"vars,cloak,-53,-399,-6,0,17,1,1,0",,,,,,,,,,,,,,,,,,,,,,,,,,,,,,,,,,,,,,,,,,,,,,,,,,,,,,,,,,,,,,,,,,,,,,,,,,,,,,,,,,,,,,,,,,,,,,,,,,,play_time_mod_1.5,,
Attack2/3,"vars,head,39,-529,-5,0,4,1,1,0","vars,neck,25,-499,-19,0,8,1,1,0","vars,body,13,-353,-7,0,7,1,1,0","vars,arm_up,-76,-411,-39,0,7,1,0.9,0","vars,arm_low,-123,-345,-27,1,6,1,1,0","vraesier,fist,-144,-293,-34,0,7,1,1,0","vars,arm_up,103,-406,32,1,13,1,1,0","vars,arm_low,145,-333,21,0,5,1,1,0","vraesier,fist_back,165,-278,-1,0,7,1,1.1,0","vars,leg_up,-49,-191,-15.2,1,11,1,0.9,0","vars,leg_low,-81,-92,-19,0,9,1,1,0","vars,foot,-78,-21,2.4,0,13,1,1,0","vars,leg_up,51,-196,24.7,1,15,1,1,0","vars,leg_low,73,-91,1.5,1,15,1,1,0","vars,foot,94,-25,6.5,0,17,1,1,0","vars,base,56,-268,-85,0,16,1,1,0",,"vars,cloak,-40,-402,-8,0,17,1,1,0",,,,,,,,,,,,,,,,,,,,,,,,,,,,,,,,,,,,,,,,,,,,,,,,,,,,,,,,,,,,,,,,,,,,,,,,,,,,,,,,,,,,,,,,,,,,,,,,,,,play_time_mod_0.5,,
Attack2/4,"vars,head,49,-527,-12,0,4,1,1,0","vars,neck,34,-497,-22,0,8,1,1,0","vars,body,17,-353,-9,0,7,1,1,0","vars,arm_up,-71,-416,-43,0,7,1,0.9,0","vars,arm_low,-125,-352,-31,1,6,1,1,0","vraesier,fist,-150,-299,-35,0,7,1,1,0","vars,arm_up,110,-404,34,1,13,1,1,0","vars,arm_low,153,-326,20,0,5,1,1,0","vraesier,fist_back,169,-267,-10,0,7,1,1.1,0","vars,leg_up,-55,-191,-20.2,1,11,1,0.9,0","vars,leg_low,-100,-92,-29,0,9,1,1,0","vars,foot,-109,-21,-7.6,0,13,1,1,0","vars,leg_up,51,-196,25.7,1,15,1,1,0","vars,leg_low,73,-91,1.5,1,15,1,1,0","vars,foot,94,-25,6.5,0,17,1,1,0","vars,base,62,-274,-96,0,16,1,1,0",,"vars,cloak,-38,-403,-9,0,17,1,1,0",,,,,,,,,,,,,,,,,,,,,,,,,,,,,,,,,,,,,,,,,,,,,,,,,,,,,,,,,,,,,,,,,,,,,,,,,,,,,,,,,,,,,,,,,,,,,,,,,,,play_time_mod_0.5,,
Attack2/5,"vars,smile,55,-522,-10,0,4,1,1,0","vars,neck,38,-495,-23,0,8,1,1,0","vars,body,16,-352,-10,0,7,1,1,0","vars,arm_up,-68,-416,-44,0,7,1,0.9,0","vars,arm_low,-124,-352,-32,1,6,1,1,0","vraesier,fist,-150,-299,-35,0,7,1,1,0","vars,arm_up,132,-414,58,1,13,1.1,1.1,0","vars,arm_low,202,-360,33,0,5,1,1,0","vraesier,fist_back,233,-308,13,0,7,1,1.1,0","vars,leg_up,-55,-191,-20.2,1,11,1,0.9,0","vars,leg_low,-100,-92,-29,0,9,1,1,0","vars,foot,-109,-21,-7.6,0,13,1,1,0","vars,leg_up,51,-196,25.7,1,15,1,1,0","vars,leg_low,73,-91,1.5,1,15,1,1,0","vars,foot,94,-25,6.5,0,17,1,1,0","vars,swing,125,-274,-79,0,16,1,1.1,0",,"vars,cloak,-38,-406,-11,0,17,1,1,0",,,,,,,,,,,,,,,,,,,,,,,,,,,,,,,,,,,,,,,,,,,,,,,,,,,,,,,,,,,,,,,,,,,,,,,,,,,,,,,,,,,,,,,,,,,,,,,,,,,"play_time_mod_0.5,sprite_deal_damage",,"swing_flat,1000,0"
Attack2/6,"vars,smile,80,-511,-9,0,4,1,1,0","vars,neck,64,-478,-29,0,8,1,1,0","vars,body,32,-343,-15,0,7,1,1,0","vars,arm_up,-44,-423,-57,0,7,1,0.9,0","vars,arm_low,-107,-374,-38,1,6,1,1,0","vraesier,fist,-141,-321,-42,0,7,1,1,0","vars,arm_up,152,-392,58,1,13,1,1,0","vars,arm_low,231,-349,62,1,5,1,1,0","vraesier,fist,278,-313,49,1,7,1,1.1,0","vars,leg_up,-56,-191,-20.2,1,11,1,0.9,0","vars,leg_low,-101,-92,-29,0,9,1,1,0","vars,foot,-109,-21,-7.6,0,13,1,1,0","vars,leg_up,52,-196,29.7,1,15,1,1,0","vars,leg_low,74,-91,-3.5,1,15,1,1,0","vars,foot,94,-25,6.5,0,17,1,1,0","vars,swing,376,-378,127,0,16,0.9,1,0",,"vars,cloak,-12,-430,-62,1,17,1,1,0",,,,,,,,,,,,,,,,,,,,,,,,,,,,,,,,,,,,,,,,,,,,,,,,,,,,,,,,,,,,,,,,,,,,,,,,,,,,,,,,,,,,,,,,,,,,,,,,,,,"sprite_deal_damage,play_time_mod_0.1",,
Attack2/7,"vars,smile,88,-511,-12,0,4,1,1,0","vars,neck,69,-478,-29,0,8,1,1,0","vars,body,41,-343,-14,0,7,1,1,0","vars,arm_up,-42,-427,-64,0,7,1,0.9,0","vars,arm_low,-107,-383,-40,1,6,1,1,0","vraesier,fist,-143,-331,-44,0,7,1,1,0","vars,arm_up,160,-393,51,1,13,1,1,0","vars,arm_low,228,-336,43,0,5,1.1,1.1,0","vraesier,fist,257,-283,29,1,7,1.1,1.2,0","vars,leg_up,-56,-191,-25.2,1,11,1,0.9,0","vars,leg_low,-104,-92,-29,0,9,1,1,0","vars,foot,-111,-21,-7.6,0,13,1,1,0","vars,leg_up,58,-188,35.7,1,15,1,1,0","vars,leg_low,80,-91,-9.5,1,15,1,1,0","vars,foot,94,-25,6.5,0,17,1,1,0","vars,swing,389,-306,104,0,16,0.9,1.2,0",,"vars,cloak,15,-440,-72,0,17,1,1,0",,,,,,,,,,,,,,,,,,,,,,,,,,,,,,,,,,,,,,,,,,,,,,,,,,,,,,,,,,,,,,,,,,,,,,,,,,,,,,,,,,,,,,,,,,,,,,,,,,,"play_time_mod_0.2,sprite_deal_damage",,
Attack2/8,"vars,smile,89,-511,-16,0,4,1,1,0","vars,neck,69,-478,-29,0,8,1,1,0","vars,body,41,-343,-15,0,7,1,1,0","vars,arm_up,-42,-425,-68,0,7,1,0.9,0","vars,arm_low,-107,-383,-40,1,6,1,1,0","vraesier,fist,-143,-331,-44,0,7,1,1,0","vars,arm_up,148,-402,47,1,13,1,1,0","vars,arm_low,162,-341,-26,0,0,1.1,1.1,0","vraesier,fist,126,-279,-11,1,2,1.1,1.2,0","vars,leg_up,-56,-191,-25.2,1,11,1,0.9,0","vars,leg_low,-104,-92,-29,0,9,1,1,0","vars,foot,-111,-21,-7.6,0,13,1,1,0","vars,leg_up,58,-188,35.7,1,15,1,1,0","vars,leg_low,80,-91,-9.5,1,15,1,1,0","vars,foot,94,-25,6.5,0,17,1,1,0","vars,swing,251,-230,70,0,7,1.1,1.2,0",,"vars,cloak,25,-443,-108,1,17,1,1,0",,,,,,,,,,,,,,,,,,,,,,,,,,,,,,,,,,,,,,,,,,,,,,,,,,,,,,,,,,,,,,,,,,,,,,,,,,,,,,,,,,,,,,,,,,,,,,,,,,,"play_time_mod_0.1,sprite_deal_damage",,
Attack2/9,"vars,smile,90,-511,-17,0,4,1,1,0","vars,neck,69,-478,-29,0,8,1,1,0","vars,body,41,-343,-15,0,7,1,1,0","vars,arm_up,-37,-426,-69,0,7,1,0.9,0","vars,arm_low,-107,-387,-45,1,6,1,1,0","vraesier,fist,-148,-340,-49,0,7,1,1,0","vars,arm_up,122,-387,-3,1,13,1,1,0","vars,arm_low,84,-339,-76,0,0,1.1,1.1,0","vraesier,fist,15,-326,-61,1,2,1.1,1.2,0","vars,leg_up,-57,-191,-32.2,1,11,1,0.9,0","vars,leg_low,-115,-92,-29,0,9,1,1,0","vars,foot,-126,-21,-9.6,0,13,1,1,0","vars,leg_up,58,-188,35.7,1,15,1,1,0","vars,leg_low,80,-91,-9.5,1,15,1,1,0","vars,foot,94,-25,6.5,0,17,1,1,0","vars,swing,95,-252,51,0,7,1,1.1,0",,"vars,cloak,25,-445,-145,0,17,1,1,0",,,,,,,,,,,,,,,,,,,,,,,,,,,,,,,,,,,,,,,,,,,,,,,,,,,,,,,,,,,,,,,,,,,,,,,,,,,,,,,,,,,,,,,,,,,,,,,,,,,"sprite_deal_damage,play_time_mod_0.1",,
Attack2/10,"vars,smile,91,-511,-19,0,4,1,1,0","vars,neck,68,-478,-43,0,8,1,1,0","vars,body,41,-343,-15,0,7,1,1,0","vars,arm_up,-37,-428,-71,0,7,1,0.9,0","vars,arm_low,-107,-389,-45,1,6,1,1,0","vraesier,fist,-148,-341,-49,0,7,1,1,0","vars,arm_up,118,-384,-7,1,13,1,1,0","vars,arm_low,86,-353,-96,0,0,1.1,1.1,0","vraesier,fist,15,-364,-81,1,2,1.1,1.2,0","vars,leg_up,-57,-191,-32.2,1,11,1,0.9,0","vars,leg_low,-115,-92,-29,0,9,1,1,0","vars,foot,-126,-21,-9.6,0,13,1,1,0","vars,leg_up,58,-188,35.7,1,15,1,1,0","vars,leg_low,80,-91,-9.5,1,15,1,1,0","vars,foot,94,-25,6.5,0,17,1,1,0","vars,base,66,-255,26,0,7,1,1.1,0",,"vars,cloak,25,-441,-150,1,17,1,1,0",,,,,,,,,,,,,,,,,,,,,,,,,,,,,,,,,,,,,,,,,,,,,,,,,,,,,,,,,,,,,,,,,,,,,,,,,,,,,,,,,,,,,,,,,,,,,,,,,,,play_time_mod_0.5,,
Attack2/11,"vars,head,88,-513,-13,0,4,1,1,0","vars,neck,68,-478,-43,0,8,1,1,0","vars,body,41,-343,-15,0,7,1,1,0","vars,arm_up,-39,-428,-71,0,7,1,0.9,0","vars,arm_low,-107,-389,-45,1,6,1,1,0","vraesier,fist,-148,-341,-49,0,7,1,1,0","vars,arm_up,118,-382,-10,1,13,1,1,0","vars,arm_low,87,-357,-107,0,0,1.1,1.1,0","vraesier,fist,19,-382,-92,1,2,1.1,1.2,0","vars,leg_up,-57,-191,-32.2,1,11,1,0.9,0","vars,leg_low,-115,-92,-29,0,9,1,1,0","vars,foot,-126,-21,-9.6,0,13,1,1,0","vars,leg_up,58,-188,35.7,1,15,1,1,0","vars,leg_low,80,-91,-9.5,1,15,1,1,0","vars,foot,94,-25,6.5,0,17,1,1,0","vars,base,27,-259,10,0,7,1,1.1,0",,"vars,cloak,25,-433,-150,0,17,1,1,0",,,,,,,,,,,,,,,,,,,,,,,,,,,,,,,,,,,,,,,,,,,,,,,,,,,,,,,,,,,,,,,,,,,,,,,,,,,,,,,,,,,,,,,,,,,,,,,,,,,,,
Attack2/12,"vars,head,74,-513,-8,0,4,1,1,0","vars,neck,55,-470,-43,0,8,1,1,0","vars,body,34,-343,-10,0,7,1,1,0","vars,arm_up,-52,-421,-61,0,7,1,0.9,0","vars,arm_low,-118,-370,-35,1,6,1,1,0","vraesier,fist,-150,-316,-39,0,7,1,1,0","vars,arm_up,118,-372,0,1,13,1,1,0","vars,arm_low,88,-321,-67,0,0,1.1,1.1,0","vraesier,fist,18,-298,-52,1,2,1.1,1.2,0","vars,leg_up,-49,-189,-22.2,1,11,1,0.9,0","vars,leg_low,-103,-92,-29,0,9,1,1,0","vars,foot,-114,-18,-9.6,0,13,1,1,0","vars,leg_up,58,-188,35.7,1,15,1,1,0","vars,leg_low,80,-91,-9.5,1,15,1,1,0","vars,foot,94,-25,6.5,0,17,1,1,0","vars,base,57,-171,20,0,7,1,1.1,0",,"vars,cloak,25,-433,-150,0,17,1,1,0",,,,,,,,,,,,,,,,,,,,,,,,,,,,,,,,,,,,,,,,,,,,,,,,,,,,,,,,,,,,,,,,,,,,,,,,,,,,,,,,,,,,,,,,,,,,,,,,,,,,,
Attack2/13,"vars,head,45,-523,-6,0,4,1,1,0","vars,neck,28,-481,-32,0,8,1,1,0","vars,body,18,-350,-7,0,7,1,1,0","vars,arm_up,-73,-411,-48,0,7,1,0.9,0","vars,arm_low,-127,-358,-36,1,7,1,1,0","vraesier,fist,-160,-308,-53,0,9,1,1,0","vars,arm_up,99,-407,28,1,13,1,1,0","vars,arm_low,131,-329,8,0,4,1,1,0","vraesier,fist,139,-261,17,1,6,1,1.1,0","vars,leg_up,-56,-190,-24.2,1,11,1,0.9,0","vars,leg_low,-102,-92,-27,0,9,1,1,0","vars,foot,-109,-21,-7.6,0,13,1,1,0","vars,leg_up,65,-190,30.7,1,15,1,1,0","vars,leg_low,79,-91,-8.5,1,15,1,1,0","vars,foot,94,-25,6.5,0,17,1,1,0","vars,base,61,-179,-40,0,7,1,1,0",,"vars,cloak,-20,-425,-65,1,17,1,0.9,0",,,,,,,,,,,,,,,,,,,,,,,,,,,,,,,,,,,,,,,,,,,,,,,,,,,,,,,,,,,,,,,,,,,,,,,,,,,,,,,,,,,,,,,,,,,,,,,,,,,play_time_mod_0.5,,
Attack2/14,"vars,head,31,-522,-3,0,4,1,1,0","vars,neck,15,-483,-32,0,8,1,1,0","vars,body,14,-348,-3,0,7,1,1,0","vars,arm_up,-78,-407,-41,0,7,1,0.9,0","vars,arm_low,-127,-351,-35,1,7,1,1,0","vraesier,fist,-159,-299,-52,0,9,1,1,0","vars,arm_up,111,-417,50,1,13,1,1,0","vars,arm_low,167,-353,21,0,4,1,1,0","vraesier,fist,188,-291,24,1,6,1,1.1,0","vars,leg_up,-49,-190,-16.2,1,11,1,0.9,0","vars,leg_low,-89,-92,-27,0,9,1,1,0","vars,foot,-96,-21,-7.6,0,13,1,1,0","vars,leg_up,61,-190,26.7,1,15,1,1,0","vars,leg_low,77,-91,-3.5,1,15,1,1,0","vars,foot,94,-25,6.5,0,17,1,1,0","vars,base,99,-255,-73,0,7,1,0.9,0",,"vars,cloak,-50,-412,-44,1,17,1,0.9,0",,,,,,,,,,,,,,,,,,,,,,,,,,,,,,,,,,,,,,,,,,,,,,,,,,,,,,,,,,,,,,,,,,,,,,,,,,,,,,,,,,,,,,,,,,,,,,,,,,,play_time_mod_0.2,,
Attack2/15,"vars,head,17,-524,-1,0,4,1,1,0","vars,neck,5,-485,-31,0,8,1,1,0","vars,body,7,-348,0,0,7,1,1,0","vars,arm_up,-85,-396,-30,0,7,1,0.9,0","vars,arm_low,-125,-329,-25,1,7,1,1,0","vraesier,fist,-151,-274,-36,0,9,1,1,0","vars,arm_up,100,-433,65,1,13,1,1,0","vars,arm_low,189,-395,61,0,4,1,1,0","vraesier,fist,249,-358,66,1,6,1,1.1,0","vars,leg_up,-44,-190,-8.2,1,11,1,0.9,0","vars,leg_low,-73,-92,-23,0,9,1,1,0","vars,foot,-72,-21,-3.6,0,13,1,1,0","vars,leg_up,61,-190,26.7,1,15,1,1,0","vars,leg_low,77,-91,-3.5,1,15,1,1,0","vars,foot,94,-25,6.5,0,17,1,1,0","vars,base,176,-310,-56,0,17,0.9,0.9,0",,"vars,cloak,-50,-408,-34,1,17,1,0.9,0",,,,,,,,,,,,,,,,,,,,,,,,,,,,,,,,,,,,,,,,,,,,,,,,,,,,,,,,,,,,,,,,,,,,,,,,,,,,,,,,,,,,,,,,,,,,,,,,,,,play_time_mod_0.5,,
Attack2/16,"vars,head,21,-524,-2,0,4,1,1,0","vars,neck,9,-485,-32,0,8,1,1,0","vars,body,9,-348,-1,0,7,1,1,0","vars,arm_up,-81,-396,-32,0,7,1,0.9,0","vars,arm_low,-122,-329,-25,1,7,1,1,0","vraesier,fist,-145,-274,-32,0,9,1,1,0","vars,arm_up,81,-413,45,1,13,1,1,0","vars,arm_low,151,-346,41,0,4,1,1,0","vraesier,fist,195,-291,46,1,6,1,1.1,0","vars,leg_up,-44,-190,-8.2,1,11,1,0.9,0","vars,leg_low,-73,-92,-23,0,9,1,1,0","vars,foot,-72,-21,-3.6,0,13,1,1,0","vars,leg_up,61,-190,26.7,1,15,1,1,0","vars,leg_low,77,-91,-3.5,1,15,1,1,0","vars,foot,94,-25,6.5,0,17,1,1,0","vars,base,110,-271,-76,0,17,0.9,0.9,0",,"vars,cloak,-50,-409,-22,0,17,1,0.9,0",,,,,,,,,,,,,,,,,,,,,,,,,,,,,,,,,,,,,,,,,,,,,,,,,,,,,,,,,,,,,,,,,,,,,,,,,,,,,,,,,,,,,,,,,,,,,,,,,,,,,
Attack2/17,"vars,head,21,-524,-4,0,4,1,1,0","vars,neck,7,-485,-31,0,8,1,1,0","vars,body,8,-348,-2,0,7,1,1,0","vars,arm_up,-82,-398,-36,0,7,1,0.9,0","vars,arm_low,-123,-329,-20,1,7,1,1,0","vraesier,fist,-139,-273,-28,0,9,1,1,0","vars,arm_up,73,-411,21,1,13,1,1,0","vars,arm_low,108,-327,16,0,4,1,1,0","vraesier,fist,121,-265,15,1,6,1,1.1,0","vars,leg_up,-44,-190,-8.2,1,11,1,0.9,0","vars,leg_low,-70,-92,-20,0,9,1,1,0","vars,foot,-69,-21,-2.6,0,13,1,1,0","vars,leg_up,55,-190,24.7,1,15,1,1,0","vars,leg_low,75,-91,-0.5,1,15,1,1,0","vars,foot,94,-25,6.5,0,17,1,1,0","vars,base,19,-265,-96,0,17,0.9,0.9,0",,"vars,cloak,-52,-408,-30,0,17,1,0.9,0",,,,,,,,,,,,,,,,,,,,,,,,,,,,,,,,,,,,,,,,,,,,,,,,,,,,,,,,,,,,,,,,,,,,,,,,,,,,,,,,,,,,,,,,,,,,,,,,,,,play_time_mod_0.5,,"sword_sheathe,1000,0"
Attack2/18,"vars,head,22,-525,-3,0,4,1,1,0","vars,neck,8,-490,-31,0,8,1,1,0","vars,body,8,-348,-3,0,7,1,1,0","vars,arm_up,-79,-397,-33,0,7,1,0.9,0","vars,arm_low,-119,-328,-18,1,7,1,1,0","vraesier,fist,-133,-272,-26,0,9,1,1,0","vars,arm_up,84,-409,32,1,13,1,1,0","vars,arm_low,126,-337,22,0,4,1,1,0","vraesier,fist,146,-276,25,1,6,1,1.1,0","vars,leg_up,-44,-190,-4.2,1,11,1,0.9,0","vars,leg_low,-67,-92,-16,0,9,1,1,0","vars,foot,-61,-21,0.4,0,13,1,1,0","vars,leg_up,55,-190,24.7,1,15,1,1,0","vars,leg_low,75,-91,-0.5,1,15,1,1,0","vars,foot,94,-25,6.5,0,17,1,1,0","vars,base,19,-265,-88,0,17,0.9,0.9,0",,"vars,cloak,-50,-407,-21,0,17,1,0.9,0",,,,,,,,,,,,,,,,,,,,,,,,,,,,,,,,,,,,,,,,,,,,,,,,,,,,,,,,,,,,,,,,,,,,,,,,,,,,,,,,,,,,,,,,,,,,,,,,,,,,,
Attack2/19,"vars,head,12,-534,0,0,4,1,1,0","vars,neck,0,-504,-13,0,8,1,1,0","vars,body,1,-357,-1,0,7,1,1,0","vars,arm_up,-82,-404,-25,0,7,1,0.9,0","vars,arm_low,-112,-329,-14,1,6,1,1,0","vraesier,fist,-123,-274,-21,0,7,1,1,0","vars,arm_up,78,-410,22,1,13,1,1,0","vars,arm_low,120,-352,46,0,5,1,1,0","vraesier,fist,157,-312,55,1,7,1,1.1,0","vars,leg_up,-44,-190,-4.2,1,11,1,0.9,0","vars,leg_low,-62,-92,-12,0,9,1,1,0","vars,foot,-50,-21,5.4,0,13,1,1,0","vars,leg_up,51,-196,24.7,1,15,1,1,0","vars,leg_low,73,-91,1.5,1,15,1,1,0","vars,foot,94,-25,6.5,0,17,1,1,0","vars,base,4,-270,-77,0,12,1,1,0",,"vars,cloak,-53,-401,-6,0,17,1,1,0",,,,,,,,,,,,,,,,,,,,,,,,,,,,,,,,,,,,,,,,,,,,,,,,,,,,,,,,,,,,,,,,,,,,,,,,,,,,,,,,,,,,,,,,,,,,,,,,,,,,,
Attack5/0,"vars,head,12,-534,0,0,4,1,1,0","vars,neck,0,-504,-13,0,8,1,1,0","vars,body,1,-357,-1,0,7,1,1,0","vars,arm_up,-82,-404,-25,0,7,1,0.9,0","vars,arm_low,-112,-329,-14,1,6,1,1,0","vraesier,fist,-123,-274,-21,0,7,1,1,0","vars,arm_up,78,-410,22,1,13,1,1,0","vars,arm_low,120,-352,46,0,5,1,1,0","vraesier,fist,157,-312,55,1,7,1,1.1,0","vars,leg_up,-44,-190,-4.2,1,11,1,0.9,0","vars,leg_low,-62,-92,-12,0,9,1,1,0","vars,foot,-50,-21,5.4,0,13,1,1,0","vars,leg_up,51,-196,24.7,1,15,1,1,0","vars,leg_low,73,-91,1.5,1,15,1,1,0","vars,foot,94,-25,6.5,0,17,1,1,0","vars,base,4,-270,-77,0,12,1,1,0",,"vars,cloak,-53,-401,-6,0,17,1,1,0",,,,,,,,,,,,,,,,,,,,,,,,,,,,,,,,,,,,,,,,,,,,,,,,,,,,,,,,,,,,,,,,,,,,,,,,,,,,,,,,,,,,,,,,,,,,,,,,,,,,,
Attack5/1,"vars,head,17,-533,-3,0,4,1,1,0","vars,neck,4,-503,-14,0,8,1,1,0","vars,body,5,-357,-2,0,7,1,1,0","vars,arm_up,-81,-405,-27,0,7,1,0.9,0","vars,arm_low,-113,-330,-16,1,6,1,1,0","vraesier,fist,-126,-275,-23,0,7,1,1,0","vars,arm_up,80,-410,22,1,13,1,1,0","vars,arm_low,123,-350,46,0,5,1,1,0","vraesier,fist,162,-310,55,1,7,1,1.1,0","vars,leg_up,-46,-190,-7.2,1,11,1,0.9,0","vars,leg_low,-66,-92,-14,0,9,1,1,0","vars,foot,-58,-21,3.4,0,13,1,1,0","vars,leg_up,51,-196,25.7,1,15,1,1,0","vars,leg_low,74,-91,1.5,1,15,1,1,0","vars,foot,94,-25,6.5,0,17,1,1,0","vars,base,6,-270,-79,0,12,1,1,0",,"vars,cloak,-53,-401,-6,0,17,1,1,0",,,,,,,,,,,,,,,,,,,,,,,,,,,,,,,,,,,,,,,,,,,,,,,,,,,,,,,,,,,,,,,,,,,,,,,,,,,,,,,,,,,,,,,,,,,,,,,,,,,play_time_mod_1.5,,
Attack5/2,"vars,head,22,-534,-2,0,4,1,1,0","vars,neck,9,-504,-14,0,8,1,1,0","vars,body,6,-357,-3,0,7,1,1,0","vars,arm_up,-81,-405,-29,0,7,1,0.9,0","vars,arm_low,-115,-332,-16,1,6,1,1,0","vraesier,fist,-125,-277,-23,0,7,1,1,0","vars,arm_up,86,-410,33,1,13,1,1,0","vars,arm_low,143,-354,52,0,5,1,1,0","vraesier,fist,177,-312,35,1,7,1,1.1,0","vars,leg_up,-46,-190,-5.2,1,11,1,0.9,0","vars,leg_low,-69,-92,-18,0,9,1,1,0","vars,foot,-64,-21,3.4,0,13,1,1,0","vars,leg_up,51,-196,24.7,1,15,1,1,0","vars,leg_low,73,-91,1.5,1,15,1,1,0","vars,foot,94,-25,6.5,0,17,1,1,0","vars,base,48,-275,-77,0,16,1,1,0",,"vars,cloak,-53,-401,-6,0,17,1,1,0",,,,,,,,,,,,,,,,,,,,,,,,,,,,,,,,,,,,,,,,,,,,,,,,,,,,,,,,,,,,,,,,,,,,,,,,,,,,,,,,,,,,,,,,,,,,,,,,,,,play_time_mod_0.5,,
Attack5/3,"vars,head,14,-534,-1,0,4,1,1,0","vars,neck,1,-504,-14,0,8,1,1,0","vars,body,5,-357,-1,0,7,1,1,0","vars,arm_up,-83,-403,-31,0,7,1,0.9,0","vars,arm_low,-115,-332,-8,1,6,1,1,0","vraesier,fist,-117,-275,-15,0,7,1,1,0","vars,arm_up,94,-424,55,1,13,1,1,0","vars,arm_low,175,-388,74,0,5,1,1,0","vraesier,fist,228,-363,57,1,7,1,1.1,0","vars,leg_up,-46,-190,-5.2,1,11,1,0.9,0","vars,leg_low,-71,-92,-20,0,9,1,1,0","vars,foot,-64,-21,4.4,0,13,1,1,0","vars,leg_up,57,-194,25.7,1,15,1,1,0","vars,leg_low,75,-91,-2.5,1,15,1,1,0","vars,foot,94,-25,6.5,0,17,1,1,0","vars,base,147,-289,-52,0,17,1,1,0",,"vars,cloak,-52,-399,-1,0,17,1,1,0",,,,,,,,,,,,,,,,,,,,,,,,,,,,,,,,,,,,,,,,,,,,,,,,,,,,,,,,,,,,,,,,,,,,,,,,,,,,,,,,,,,,,,,,,,,,,,,,,,,play_time_mod_0.3,,
Attack5/4,"vars,head,11,-534,1,0,4,1,1,0","vars,neck,-1,-502,-13,0,8,1,1,0","vars,body,5,-357,0,0,7,1,1,0","vars,arm_up,-83,-403,-32,0,7,1,0.9,0","vars,arm_low,-100,-340,11,1,6,1,1,0","vraesier,fist,-83,-285,4,0,7,1,1,0","vars,arm_up,94,-429,65,1,13,1,1,0","vars,arm_low,180,-405,84,0,5,1,1,0","vraesier,fist,237,-397,97,1,7,1,1.1,0","vars,leg_up,-46,-190,-5.2,1,11,1,0.9,0","vars,leg_low,-71,-92,-20,0,9,1,1,0","vars,foot,-64,-21,4.4,0,13,1,1,0","vars,leg_up,58,-194,26.7,1,15,1,1,0","vars,leg_low,76,-91,-4.5,1,15,1,1,0","vars,foot,94,-25,6.5,0,17,1,1,0","vars,base,209,-292,-19,0,17,1,1,0",,"vars,cloak,-52,-398,2,0,17,1,1,0",,,,,,,,,,,,,,,,,,,,,,,,,,,,,,,,,,,,,,,,,,,,,,,,,,,,,,,,,,,,,,,,,,,,,,,,,,,,,,,,,,,,,,,,,,,,,,,,,,,play_time_mod_0.2,,
Attack5/5,"vars,head,11,-534,1,0,4,1,1,0","vars,neck,-1,-502,-13,0,8,1,1,0","vars,body,5,-357,0,0,7,1,1,0","vars,arm_up,-83,-403,-32,0,7,1,0.9,0","vars,arm_low,-100,-340,11,1,6,1,1,0","vraesier,fist,-83,-285,4,0,7,1,1,0","vars,arm_up,94,-429,64,1,13,1,1,0","vars,arm_low,175,-410,89,0,5,1,1,0","vraesier,fist,232,-416,108,1,7,1,1.1,0","vars,leg_up,-46,-190,-5.2,1,11,1,0.9,0","vars,leg_low,-71,-92,-20,0,9,1,1,0","vars,foot,-64,-21,4.4,0,13,1,1,0","vars,leg_up,58,-194,26.7,1,15,1,1,0","vars,leg_low,76,-91,-4.5,1,15,1,1,0","vars,foot,94,-25,6.5,0,17,1,1,0","vars,base,223,-314,-9,0,17,1.2,0.9,0",,"vars,cloak,-52,-398,2,0,17,1,1,0",,,,,,,,,,,,,,,,,,,,,,,,,,,,,,,,,,,,,,,,,,,,,,,,,,,,,,,,,,,,,,,,,,,,,,,,,,,,,,,,,,,,,,,,,,,,,,,,,,,play_time_mod_0.2,,
Attack5/6,"vars,head,11,-534,3,0,4,1,1,0","vars,neck,-1,-502,-13,0,8,1,1,0","vars,body,5,-357,0,0,7,1,1,0","vars,arm_up,-82,-397,-22,0,7,1,0.9,0","vars,arm_low,-90,-326,21,1,6,1,1,0","vraesier,fist,-64,-276,14,0,7,1,1,0","vars,arm_up,94,-429,66,1,13,1,1,0","vars,arm_low,182,-408,86,0,5,1,1,0","vraesier,fist_back,248,-402,77,0,7,1,1.1,0","vars,leg_up,-46,-190,-5.2,1,11,1,0.9,0","vars,leg_low,-71,-92,-20,0,9,1,1,0","vars,foot,-64,-21,4.4,0,13,1,1,0","vars,leg_up,58,-194,26.7,1,15,1,1,0","vars,leg_low,76,-91,-4.5,1,15,1,1,0","vars,foot,94,-25,6.5,0,17,1,1,0","vars,base,269,-496,173,1,17,1.1,0.8,0",,"vars,cloak,-52,-398,2,0,17,1,1,0",,,,,,,,,,,,,,,,,,,,,,,,,,,,,,,,,,,,,,,,,,,,,,,,,,,,,,,,,,,,,,,,,,,,,,,,,,,,,,,,,,,,,,,,,,,,,,,,,,,play_time_mod_0.7,,
Attack5/7,"vars,head,11,-534,2,0,4,1,1,0","vars,neck,-1,-502,-13,0,8,1,1,0","vars,body,5,-357,0,0,7,1,1,0","vars,arm_up,-81,-397,-21,0,7,1,0.9,0","vars,arm_low,-88,-326,22,1,6,1,1,0","vraesier,fist,-61,-276,15,0,7,1,1,0","vars,arm_up,82,-467,113,1,13,1,1,0","vars,arm_low,139,-525,160,0,5,1,1,0","vraesier,fist_back,163,-581,154,0,7,1,1.1,0","vars,leg_up,-46,-190,-5.2,1,11,1,0.9,0","vars,leg_low,-71,-92,-20,0,9,1,1,0","vars,foot,-64,-21,4.4,0,13,1,1,0","vars,leg_up,58,-194,26.7,1,15,1,1,0","vars,leg_low,76,-91,-4.5,1,15,1,1,0","vars,foot,94,-25,6.5,0,17,1,1,0","vars,base,56,-614,-103,0,17,1,1,0",,"vars,cloak,-53,-398,0,0,17,1,1,0",,,,,,,,,,,,,,,,,,,,,,,,,,,,,,,,,,,,,,,,,,,,,,,,,,,,,,,,,,,,,,,,,,,,,,,,,,,,,,,,,,,,,,,,,,,,,,,,,,,,,
Attack5/8,"vars,head,-4,-535,14,0,4,1,1,0","vars,neck,-8,-501,-3,0,8,1,1,0","vars,body,0,-359,3,0,7,1,1,0","vars,arm_up,-73,-390,-2,0,7,1,0.9,0","vars,arm_low,-57,-321,41,1,6,1,1,0","vraesier,fist,-15,-282,34,0,7,1,1,0","vars,arm_up,67,-483,133,1,13,1,1,0","vars,arm_low,101,-563,178,0,5,1,1.1,0","vraesier,fist_back,100,-630,175,0,7,1,1.1,0","vars,leg_up,-46,-189,-7.2,1,11,1,0.9,0","vars,leg_low,-71,-92,-20,0,9,1,1,0","vars,foot,-64,-21,4.4,0,13,1,1,0","vars,leg_up,64,-194,26.7,1,15,1,1,0","vars,leg_low,78,-91,-8.5,1,15,1,1,0","vars,foot,94,-25,6.5,0,17,1,1,0","vars,base,-11,-614,-80,0,17,1,1,0",,"vars,cloak,-53,-398,0,0,17,1,1,0",,,,,,,,,,,,,,,,,,,,,,,,,,,,,,,,,,,,,,,,,,,,,,,,,,,,,,,,,,,,,,,,,,,,,,,,,,,,,,,,,,,,,,,,,,,,,,,,,,,,,
Attack5/9,"vars,smile,31,-530,-5,0,4,1,1,0","vars,neck,16,-500,-19,0,8,1,1,0","vars,body,12,-357,-3,0,7,1,1,0","vars,arm_up,-81,-414,-45,0,7,1,0.9,0","vars,arm_low,-141,-355,-37,1,6,1,1,0","vraesier,fist,-170,-309,-44,0,7,1,1,0","vars,arm_up,115,-470,113,1,13,1,1,0","vars,arm_low,186,-520,134,0,5,1,1,0","vraesier,fist_back,238,-561,105,0,7,1,1.1,0","vars,leg_up,-46,-190,-5.2,1,11,1,0.9,0","vars,leg_low,-71,-92,-20,0,9,1,1,0","vars,foot,-64,-21,4.4,0,13,1,1,0","vars,leg_up,63,-192,30.7,1,15,1,1,0","vars,leg_low,79,-91,-8.5,1,15,1,1,0","vars,foot,94,-25,6.5,0,17,1,1,0","vars,swing,216,-678,-170,0,17,1,1.1,0",,"vars,cloak,-53,-400,-3,0,17,1,1,0",,,,,,,,,,,,,,,,,,,,,,,,,,,,,,,,,,,,,,,,,,,,,,,,,,,,,,,,,,,,,,,,,,,,,,,,,,,,,,,,,,,,,,,,,,,,,,,,,,,"play_time_mod_0.2,sprite_deal_damage",,"swing_flat_large,1000,0"
Attack5/10,"vars,smile,79,-519,-10,0,4,1,1,0","vars,neck,61,-488,-27,0,8,1,1,0","vars,body,35,-347,-11,0,7,1,1,0","vars,arm_up,-51,-428,-60,0,7,1,0.9,0","vars,arm_low,-118,-387,-47,1,6,1,1,0","vraesier,fist,-155,-346,-54,0,7,1,1,0","vars,arm_up,152,-404,54,1,13,1,1.1,0","vars,arm_low,237,-347,56,0,5,1,1,0","vraesier,fist_back,288,-309,34,0,7,1,1.1,0","vars,leg_up,-46,-190,-25.2,1,11,1,0.9,0","vars,leg_low,-88,-92,-24,0,9,1,1,0","vars,foot,-95,-21,-15.6,0,13,1,1,0","vars,leg_up,63,-188,33.7,1,15,1,1,0","vars,leg_low,79,-90,-10.5,1,15,1,1,0","vars,foot,94,-25,6.5,0,17,1,1,0","vars,swing,398,-378,124,0,17,1,1.2,0",,"vars,cloak,-13,-418,-34,0,17,1,1,0",,,,,,,,,,,,,,,,,,,,,,,,,,,,,,,,,,,,,,,,,,,,,,,,,,,,,,,,,,,,,,,,,,,,,,,,,,,,,,,,,,,,,,,,,,,,,,,,,,,"play_time_mod_0.1,sprite_deal_damage",,
Attack5/11,"vars,smile,93,-512,-13,0,4,1,1,0","vars,neck,73,-479,-32,0,8,1,1,0","vars,body,44,-340,-15,0,7,1,1,0","vars,arm_up,-41,-429,-71,0,7,1,0.9,0","vars,arm_low,-103,-394,-38,1,6,1,1,0","vraesier,fist,-133,-349,-45,0,7,1,1,0","vars,arm_up,149,-383,23,1,13,1,1,0","vars,arm_low,192,-300,27,0,5,1,1,0","vraesier,fist_back,215,-243,-7,0,7,1,1.1,0","vars,leg_up,-48,-188,-25.2,1,11,1,0.9,0","vars,leg_low,-92,-92,-28,0,9,1,1,0","vars,foot,-101,-21,-15.6,0,13,1,1,0","vars,leg_up,65,-182,31.7,1,15,1,1,0","vars,leg_low,79,-88,-11.5,1,15,1,1,0","vars,foot,94,-25,6.5,0,17,1,1,0","vars,swing,343,-220,85,0,17,1,1.2,0",,"vars,cloak,-11,-417,-45,1,17,1,1,0",,,,,,,,,,,,,,,,,,,,,,,,,,,,,,,,,,,,,,,,,,,,,,,,,,,,,,,,,,,,,,,,,,,,,,,,,,,,,,,,,,,,,,,,,,,,,,,,,,,"sprite_deal_damage,play_time_mod_0.1",,
Attack5/12,"vars,smile,131,-493,-10,0,4,1,1,0","vars,neck,115,-464,-42,0,8,1,1,0","vars,body,63,-333,-22,0,7,1,1,0","vars,arm_up,-8,-428,-74,0,7,1,0.9,0","vars,arm_low,-73,-398,-47,1,6,1,1,0","vraesier,fist,-106,-354,-48,0,7,1,1,0","vars,arm_up,173,-355,11,1,13,1,1,0","vars,arm_low,197,-265,15,0,5,1,1,0","vraesier,fist_back,207,-205,-19,0,7,1,1.1,0","vars,leg_up,-54,-186,-28.2,1,11,1,0.9,0","vars,leg_low,-102,-92,-28,0,9,1,1,0","vars,foot,-121,-21,-25.6,0,13,1,1,0","vars,leg_up,65,-182,31.7,1,15,1,1,0","vars,leg_low,79,-88,-11.5,1,15,1,1,0","vars,foot,94,-25,6.5,0,17,1,1,0","vars,swing,327,-154,72,0,17,1,1.2,0",,"vars,cloak,21,-417,-65,1,17,1,1,0",,,,,,,,,,,,,,,,,,,,,,,,,,,,,,,,,,,,,,,,,,,,,,,,,,,,,,,,,,,,,,,,,,,,,,,,,,,,,,,,,,,,,,,,,,,,,,,,,,,"sprite_deal_damage,play_time_mod_0.3",,
Attack5/13,"vars,smile,133,-490,-16,0,4,1,1,0","vars,neck,113,-460,-48,0,8,1,1,0","vars,body,63,-330,-23,0,7,1,1,0","vars,arm_up,-8,-430,-78,0,7,1,0.9,0","vars,arm_low,-74,-402,-48,1,6,1,1,0","vraesier,fist,-115,-356,-50,0,7,1,1,0","vars,arm_up,170,-350,11,1,13,1,1,0","vars,arm_low,188,-255,5,0,5,1,1,0","vraesier,fist_back,187,-195,-29,0,7,1,1.1,0","vars,leg_up,-54,-186,-28.2,1,11,1,0.9,0","vars,leg_low,-102,-92,-28,0,9,1,1,0","vars,foot,-121,-21,-25.6,0,13,1,1,0","vars,leg_up,65,-182,31.7,1,15,1,1,0","vars,leg_low,79,-88,-11.5,1,15,1,1,0","vars,foot,94,-25,6.5,0,17,1,1,0","vars,base,296,-122,60,0,17,1,1.2,0",,"vars,cloak,31,-413,-60,1,17,1,1,0",,,,,,,,,,,,,,,,,,,,,,,,,,,,,,,,,,,,,,,,,,,,,,,,,,,,,,,,,,,,,,,,,,,,,,,,,,,,,,,,,,,,,,,,,,,,,,,,,,,,,
Attack5/14,"vars,head,135,-487,-18,0,4,1,1,0","vars,neck,115,-457,-50,0,8,1,1,0","vars,body,65,-328,-23,0,7,1,1,0","vars,arm_up,-6,-429,-83,0,7,1,0.9,0","vars,arm_low,-74,-407,-48,1,6,1,1,0","vraesier,fist,-115,-361,-50,0,7,1,1,0","vars,arm_up,169,-341,4,1,13,1,1,0","vars,arm_low,183,-244,4,0,5,1,1,0","vraesier,fist_back,180,-185,-31,0,7,1,1.1,0","vars,leg_up,-54,-186,-32.2,1,11,1,0.9,0","vars,leg_low,-105,-92,-30,0,9,1,1,0","vars,foot,-124,-21,-26.6,0,13,1,1,0","vars,leg_up,64,-177,34.7,1,15,1,1,0","vars,leg_low,79,-84,-10.5,1,15,1,1,0","vars,foot,94,-25,6.5,0,17,1,1,0","vars,base,275,-102,53,0,17,1,1.1,0",,"vars,cloak,31,-416,-70,0,17,1,1,0",,,,,,,,,,,,,,,,,,,,,,,,,,,,,,,,,,,,,,,,,,,,,,,,,,,,,,,,,,,,,,,,,,,,,,,,,,,,,,,,,,,,,,,,,,,,,,,,,,,play_time_mod_1.5,,
Attack5/15,"vars,head,92,-508,-8,0,4,1,1,0","vars,neck,74,-476,-30,0,8,1,1,0","vars,body,44,-338,-13,0,7,1,1,0","vars,arm_up,-37,-412,-53,0,7,1,0.9,0","vars,arm_low,-95,-363,-38,1,6,1,1,0","vraesier,fist,-128,-311,-40,0,7,1,1,0","vars,arm_up,131,-380,24,1,13,1,1,0","vars,arm_low,178,-293,24,0,5,1,1,0","vraesier,fist_back,195,-237,-11,0,7,1,1.1,0","vars,leg_up,-44,-186,-22.2,1,11,1,0.9,0","vars,leg_low,-95,-92,-30,0,9,1,1,0","vars,foot,-106,-21,-16.6,0,13,1,1,0","vars,leg_up,64,-183,24.7,1,15,1,1,0","vars,leg_low,78,-84,-4.5,1,15,1,1,0","vars,foot,94,-25,6.5,0,17,1,1,0","vars,base,313,-221,83,0,17,1,1.1,0",,"vars,cloak,1,-406,-30,0,17,1,1,0",,,,,,,,,,,,,,,,,,,,,,,,,,,,,,,,,,,,,,,,,,,,,,,,,,,,,,,,,,,,,,,,,,,,,,,,,,,,,,,,,,,,,,,,,,,,,,,,,,,,,
Attack5/16,"vars,head,31,-522,-3,0,4,1,1,0","vars,neck,15,-483,-32,0,8,1,1,0","vars,body,14,-348,-3,0,7,1,1,0","vars,arm_up,-78,-407,-41,0,7,1,0.9,0","vars,arm_low,-127,-351,-35,1,7,1,1,0","vraesier,fist,-159,-299,-52,0,9,1,1,0","vars,arm_up,111,-417,50,1,13,1,1,0","vars,arm_low,183,-353,43,0,4,1,1,0","vraesier,fist,223,-310,54,1,6,1,1.1,0","vars,leg_up,-49,-190,-16.2,1,11,1,0.9,0","vars,leg_low,-89,-92,-27,0,9,1,1,0","vars,foot,-96,-21,-7.6,0,13,1,1,0","vars,leg_up,60,-190,26.7,1,15,1,1,0","vars,leg_low,77,-91,-3.5,1,15,1,1,0","vars,foot,94,-25,6.5,0,17,1,1,0","vars,base,164,-234,-43,0,7,0.9,0.9,0",,"vars,cloak,-50,-423,-44,1,17,1,0.9,0",,,,,,,,,,,,,,,,,,,,,,,,,,,,,,,,,,,,,,,,,,,,,,,,,,,,,,,,,,,,,,,,,,,,,,,,,,,,,,,,,,,,,,,,,,,,,,,,,,,,,
Attack5/17,"vars,head,17,-524,-1,0,4,1,1,0","vars,neck,5,-485,-31,0,8,1,1,0","vars,body,7,-348,0,0,7,1,1,0","vars,arm_up,-85,-396,-30,0,7,1,0.9,0","vars,arm_low,-125,-329,-25,1,7,1,1,0","vraesier,fist,-151,-274,-36,0,9,1,1,0","vars,arm_up,100,-433,65,1,13,1,1,0","vars,arm_low,189,-395,61,0,4,1,1,0","vraesier,fist,249,-358,66,1,6,1,1.1,0","vars,leg_up,-44,-190,-8.2,1,11,1,0.9,0","vars,leg_low,-73,-92,-23,0,9,1,1,0","vars,foot,-72,-21,-3.6,0,13,1,1,0","vars,leg_up,60,-190,26.7,1,15,1,1,0","vars,leg_low,77,-91,-3.5,1,15,1,1,0","vars,foot,94,-25,6.5,0,17,1,1,0","vars,base,176,-310,-56,0,17,0.9,0.9,0",,"vars,cloak,-50,-408,-34,1,17,1,0.9,0",,,,,,,,,,,,,,,,,,,,,,,,,,,,,,,,,,,,,,,,,,,,,,,,,,,,,,,,,,,,,,,,,,,,,,,,,,,,,,,,,,,,,,,,,,,,,,,,,,,play_time_mod_0.5,,
Attack5/18,"vars,head,21,-524,-2,0,4,1,1,0","vars,neck,9,-485,-32,0,8,1,1,0","vars,body,9,-348,-1,0,7,1,1,0","vars,arm_up,-81,-396,-32,0,7,1,0.9,0","vars,arm_low,-122,-329,-25,1,7,1,1,0","vraesier,fist,-145,-274,-32,0,9,1,1,0","vars,arm_up,81,-413,45,1,13,1,1,0","vars,arm_low,151,-346,41,0,4,1,1,0","vraesier,fist,195,-291,46,1,6,1,1.1,0","vars,leg_up,-44,-190,-8.2,1,11,1,0.9,0","vars,leg_low,-73,-92,-23,0,9,1,1,0","vars,foot,-72,-21,-3.6,0,13,1,1,0","vars,leg_up,61,-190,26.7,1,15,1,1,0","vars,leg_low,77,-91,-3.5,1,15,1,1,0","vars,foot,94,-25,6.5,0,17,1,1,0","vars,base,110,-271,-76,0,17,0.9,0.9,0",,"vars,cloak,-50,-409,-22,0,17,1,0.9,0",,,,,,,,,,,,,,,,,,,,,,,,,,,,,,,,,,,,,,,,,,,,,,,,,,,,,,,,,,,,,,,,,,,,,,,,,,,,,,,,,,,,,,,,,,,,,,,,,,,,,
Attack5/19,"vars,head,21,-524,-4,0,4,1,1,0","vars,neck,7,-485,-31,0,8,1,1,0","vars,body,8,-348,-2,0,7,1,1,0","vars,arm_up,-82,-398,-36,0,7,1,0.9,0","vars,arm_low,-123,-329,-20,1,7,1,1,0","vraesier,fist,-139,-273,-28,0,9,1,1,0","vars,arm_up,73,-411,21,1,13,1,1,0","vars,arm_low,108,-327,16,0,4,1,1,0","vraesier,fist,121,-265,15,1,6,1,1.1,0","vars,leg_up,-44,-190,-8.2,1,11,1,0.9,0","vars,leg_low,-70,-92,-20,0,9,1,1,0","vars,foot,-69,-21,-2.6,0,13,1,1,0","vars,leg_up,55,-190,24.7,1,15,1,1,0","vars,leg_low,75,-91,-0.5,1,15,1,1,0","vars,foot,94,-25,6.5,0,17,1,1,0","vars,base,19,-265,-96,0,17,0.9,0.9,0",,"vars,cloak,-52,-408,-30,0,17,1,0.9,0",,,,,,,,,,,,,,,,,,,,,,,,,,,,,,,,,,,,,,,,,,,,,,,,,,,,,,,,,,,,,,,,,,,,,,,,,,,,,,,,,,,,,,,,,,,,,,,,,,,play_time_mod_0.5,,"sword_sheathe,1000,0"
Attack5/20,"vars,head,22,-525,-3,0,4,1,1,0","vars,neck,8,-490,-31,0,8,1,1,0","vars,body,8,-348,-3,0,7,1,1,0","vars,arm_up,-79,-397,-33,0,7,1,0.9,0","vars,arm_low,-119,-328,-18,1,7,1,1,0","vraesier,fist,-133,-272,-26,0,9,1,1,0","vars,arm_up,84,-409,32,1,13,1,1,0","vars,arm_low,126,-337,22,0,4,1,1,0","vraesier,fist,146,-276,25,1,6,1,1.1,0","vars,leg_up,-44,-190,-4.2,1,11,1,0.9,0","vars,leg_low,-67,-92,-16,0,9,1,1,0","vars,foot,-61,-21,0.4,0,13,1,1,0","vars,leg_up,55,-190,24.7,1,15,1,1,0","vars,leg_low,75,-91,-0.5,1,15,1,1,0","vars,foot,94,-25,6.5,0,17,1,1,0","vars,base,19,-265,-88,0,17,0.9,0.9,0",,"vars,cloak,-50,-407,-21,0,17,1,0.9,0",,,,,,,,,,,,,,,,,,,,,,,,,,,,,,,,,,,,,,,,,,,,,,,,,,,,,,,,,,,,,,,,,,,,,,,,,,,,,,,,,,,,,,,,,,,,,,,,,,,,,
Attack5/21,"vars,head,12,-534,0,0,4,1,1,0","vars,neck,0,-504,-13,0,8,1,1,0","vars,body,1,-357,-1,0,7,1,1,0","vars,arm_up,-82,-404,-25,0,7,1,0.9,0","vars,arm_low,-112,-329,-14,1,6,1,1,0","vraesier,fist,-123,-274,-21,0,7,1,1,0","vars,arm_up,78,-410,22,1,13,1,1,0","vars,arm_low,120,-352,46,0,5,1,1,0","vraesier,fist,157,-312,55,1,7,1,1.1,0","vars,leg_up,-44,-190,-4.2,1,11,1,0.9,0","vars,leg_low,-62,-92,-12,0,9,1,1,0","vars,foot,-50,-21,5.4,0,13,1,1,0","vars,leg_up,51,-196,24.7,1,15,1,1,0","vars,leg_low,73,-91,1.5,1,15,1,1,0","vars,foot,94,-25,6.5,0,17,1,1,0","vars,base,4,-270,-77,0,12,1,1,0",,"vars,cloak,-53,-401,-6,0,17,1,1,0",,,,,,,,,,,,,,,,,,,,,,,,,,,,,,,,,,,,,,,,,,,,,,,,,,,,,,,,,,,,,,,,,,,,,,,,,,,,,,,,,,,,,,,,,,,,,,,,,,,,,
EVENT_Join/0,"vars,head,-17,-536,5,1,4,1,1,0","vars,neck,-4,-498,28,1,8,1,1,0","vars,body,-5.2,-358.4,2,1,7,1,1,0","vars,arm_up,41,-409,-42,1,7,1,1,0","vars,arm_low,-15.6,-394.4,-115,0,7,1,1,0","vraesier,fist,-55.2,-400,35,1,6,1,1,0","vars,arm_up,-73.2,-423.2,-15,0,13,1,1,0","vars,arm_low,-55,-397,106,1,6,1,1,0","vraesier,fist,-4.8,-405.2,98,1,7,1,1,0","vars,leg_up,47,-216.4,13.2,0,11,1,1,0","vars,leg_low,76,-97,14,1,9,1,1,0","vars,foot,66.8,-17.4,-2.4,1,13,1,1,0","vars,leg_up,-50,-222.4,-16.7,0,15,1,1,0","vars,leg_low,-80,-101.4,-10.5,1,15,1,1,0","vars,foot,-110.2,-26.4,-8.5,1,17,1,1,0","vars,base,-5,-260,77,1,12,1,1,0",,"vars,cloak,53,-401,5,1,17,1,1,0",,,,,,,,,,,,,,,,,,,,,,,,,,,,,,,,,,,,,,,,,,,,,,,,,,,,,,,,,,,,,,,,,,,,,,,,,,,,,,,,,,,,,,,,,,,,,,,,,,,,,
