Name,p1_head,p1_neck,p1_body,p1_r_arm_up,p1_r_arm_low,p1_r_hand,p1_l_arm_up,p1_l_arm_low,p1_l_hand,p1_r_leg_up,p1_r_leg_low,p1_r_foot,p1_l_leg_up,p1_l_leg_low,p1_l_foot,p1_main_weapon,p1_sub_weapon,p1_special_1,p1_special_2,p1_special_3,p1_special_4,p1_special_5,p1_special_6,p1_special_7,p1_special_8,p1_special_9,p1_special_10,p2_head,p2_neck,p2_body,p2_r_arm_up,p2_r_arm_low,p2_r_hand,p2_l_arm_up,p2_l_arm_low,p2_l_hand,p2_r_leg_up,p2_r_leg_low,p2_r_foot,p2_l_leg_up,p2_l_leg_low,p2_l_foot,p2_main_weapon,p2_sub_weapon,p2_special_1,p2_special_2,p2_special_3,p2_special_4,p2_special_5,p2_special_6,p2_special_7,p2_special_8,p2_special_9,p2_special_10,p3_head,p3_neck,p3_body,p3_r_arm_up,p3_r_arm_low,p3_r_hand,p3_l_arm_up,p3_l_arm_low,p3_l_hand,p3_r_leg_up,p3_r_leg_low,p3_r_foot,p3_l_leg_up,p3_l_leg_low,p3_l_foot,p3_main_weapon,p3_sub_weapon,p3_special_1,p3_special_2,p3_special_3,p3_special_4,p3_special_5,p3_special_6,p3_special_7,p3_special_8,p3_special_9,p3_special_10,p4_head,p4_neck,p4_body,p4_r_arm_up,p4_r_arm_low,p4_r_hand,p4_l_arm_up,p4_l_arm_low,p4_l_hand,p4_r_leg_up,p4_r_leg_low,p4_r_foot,p4_l_leg_up,p4_l_leg_low,p4_l_foot,p4_main_weapon,p4_sub_weapon,p4_special_1,p4_special_2,p4_special_3,p4_special_4,p4_special_5,p4_special_6,p4_special_7,p4_special_8,p4_special_9,p4_special_10,effect_1,effect_2,effect_3,effect_4,effect_5,effect_6,effect_7,effect_8,frame_property,animation_property,sound_effect
EXCLUDE_CityIdle/0,"elmaliern,head,-5,-531.4,0,0,4,1,1,0","elmaliern,neck,-4,-474.4,-3,0,5,1,1,0","elmaliern,body,-2.4,-368.8,-3,0,6,1,1,0","elmaliern,arm_up,-85,-370.4,15.6,0,4,1,1,0","elmaliern,arm_low,-58.8,-334.8,97,1,3,1,1,0","white_human,open,-6.4,-384.8,139,0,3,1,1,0","elmaliern,arm_up,61.2,-376.4,-9,1,18,1,1,0","elmaliern,arm_low,74.4,-280.8,-22,1,9,1,1,0","white_human,open,75,-213.2,-5,1,8,1,1,0","elmaliern,leg_up,-47,-216.4,-6.2,0,8,1,1,0","elmaliern,leg_low,-55,-92.4,-9,0,10,1,1,0","elmaliern,foot,-42.8,-15.4,-3.1,0,13,1,1,0","elmaliern,leg_up,24,-222.4,21.7,0,12,1,1,0","elmaliern,leg_low,48,-93.4,8,0,13,1,1,0","elmaliern,foot,76.2,-22.4,2,0,15,1,1,0",,,"elmaliern,skirt,-12,-210.4,-3,0,8,1,1,0",,,,,,,,,,,,,,,,,,,,,,,,,,,,,,,,,,,,,,,,,,,,,,,,,,,,,,,,,,,,,,,,,,,,,,,,,,,,,,,,,,,,,,,,,,,,,,,,,,,play_time_mod_1.3,,
EXCLUDE_CityIdle/1,"elmaliern,head,5,-527.4,-3,0,4,1,1,0","elmaliern,neck,2,-468.4,-6,0,5,1,1,0","elmaliern,body,-2.4,-364.8,-5,0,6,1,1,0","elmaliern,arm_up,-81,-370.4,17.6,0,4,1,1,0","elmaliern,arm_low,-54.8,-334.8,95,1,3,1,1,0","white_human,open,1.6,-380.8,135,0,3,1,1,0","elmaliern,arm_up,61.2,-372.4,-11,1,18,1,1,0","elmaliern,arm_low,74.4,-276.8,-22,1,9,1,1,0","white_human,open,75,-209.2,-5,1,8,1,1,0","elmaliern,leg_up,-47,-216.4,-6.2,0,8,1,1,0","elmaliern,leg_low,-55,-92.4,-9,0,10,1,1,0","elmaliern,foot,-42.8,-15.4,-3.1,0,13,1,1,0","elmaliern,leg_up,24,-222.4,21.7,0,12,1,1,0","elmaliern,leg_low,48,-93.4,8,0,13,1,1,0","elmaliern,foot,76.2,-22.4,2,0,15,1,1,0",,,"elmaliern,skirt,-16,-210.4,-5,0,8,1,1,0",,,,,,,,,,,,,,,,,,,,,,,,,,,,,,,,,,,,,,,,,,,,,,,,,,,,,,,,,,,,,,,,,,,,,,,,,,,,,,,,,,,,,,,,,,,,,,,,,,,play_time_mod_1.5,,
EXCLUDE_CityIdle/2,"elmaliern,head,13,-527.4,-5,0,4,1,1,0","elmaliern,neck,6,-468.4,-6,0,5,1,1,0","elmaliern,body,1.6,-364.8,-7,0,6,1,1,0","elmaliern,arm_up,-73,-370.4,19.6,0,4,1,1,0","elmaliern,arm_low,-46.8,-334.8,95,1,3,1,1,0","white_human,open,9.6,-380.8,135,0,3,1,1,0","elmaliern,arm_up,61.2,-372.4,-14,1,18,1,1,0","elmaliern,arm_low,70.4,-276.8,-24,1,9,1,1,0","white_human,open,71,-209.2,-5,1,8,1,1,0","elmaliern,leg_up,-47,-216.4,-6.2,0,8,1,1,0","elmaliern,leg_low,-55,-92.4,-9,0,10,1,1,0","elmaliern,foot,-42.8,-15.4,-3.1,0,13,1,1,0","elmaliern,leg_up,24,-222.4,21.7,0,12,1,1,0","elmaliern,leg_low,48,-93.4,8,0,13,1,1,0","elmaliern,foot,76.2,-22.4,2,0,15,1,1,0",,,"elmaliern,skirt,-16,-212.4,-7,0,8,1,1,0",,,,,,,,,,,,,,,,,,,,,,,,,,,,,,,,,,,,,,,,,,,,,,,,,,,,,,,,,,,,,,,,,,,,,,,,,,,,,,,,,,,,,,,,,,,,,,,,,,,play_time_mod_1.9,,
EXCLUDE_CityIdle/3,"elmaliern,head,17,-525.4,-7,0,4,1,1,0","elmaliern,neck,8,-466.4,-7,0,5,1,1,0","elmaliern,body,1.6,-364.8,-7,0,6,1,1,0","elmaliern,arm_up,-69,-370.4,21.6,0,4,1,1,0","elmaliern,arm_low,-44.8,-334.8,96,1,3,1,1,0","white_human,open,11.6,-380.8,132,0,3,1,1,0","elmaliern,arm_up,61.2,-368.4,-13,1,18,1,1,0","elmaliern,arm_low,66.4,-272.8,-24,1,9,1,1,0","white_human,open,67,-205.2,-7,1,8,1,1,0","elmaliern,leg_up,-47,-216.4,-6.2,0,8,1,1,0","elmaliern,leg_low,-55,-92.4,-9,0,10,1,1,0","elmaliern,foot,-42.8,-15.4,-3.1,0,13,1,1,0","elmaliern,leg_up,24,-222.4,21.7,0,12,1,1,0","elmaliern,leg_low,48,-93.4,8,0,13,1,1,0","elmaliern,foot,76.2,-22.4,2,0,15,1,1,0",,,"elmaliern,skirt,-18,-210.4,-7,0,8,1,1,0",,,,,,,,,,,,,,,,,,,,,,,,,,,,,,,,,,,,,,,,,,,,,,,,,,,,,,,,,,,,,,,,,,,,,,,,,,,,,,,,,,,,,,,,,,,,,,,,,,,play_time_mod_2.3,,
EXCLUDE_CityIdle/4,"elmaliern,head,13,-527.4,-5,0,4,1,1,0","elmaliern,neck,6,-468.4,-6,0,5,1,1,0","elmaliern,body,1.6,-364.8,-7,0,6,1,1,0","elmaliern,arm_up,-73,-370.4,19.6,0,4,1,1,0","elmaliern,arm_low,-46.8,-334.8,95,1,3,1,1,0","white_human,open,9.6,-380.8,135,0,3,1,1,0","elmaliern,arm_up,61.2,-372.4,-14,1,18,1,1,0","elmaliern,arm_low,70.4,-276.8,-24,1,9,1,1,0","white_human,open,71,-209.2,-5,1,8,1,1,0","elmaliern,leg_up,-47,-216.4,-6.2,0,8,1,1,0","elmaliern,leg_low,-55,-92.4,-9,0,10,1,1,0","elmaliern,foot,-42.8,-15.4,-3.1,0,13,1,1,0","elmaliern,leg_up,24,-222.4,21.7,0,12,1,1,0","elmaliern,leg_low,48,-93.4,8,0,13,1,1,0","elmaliern,foot,76.2,-22.4,2,0,15,1,1,0",,,"elmaliern,skirt,-16,-212.4,-7,0,8,1,1,0",,,,,,,,,,,,,,,,,,,,,,,,,,,,,,,,,,,,,,,,,,,,,,,,,,,,,,,,,,,,,,,,,,,,,,,,,,,,,,,,,,,,,,,,,,,,,,,,,,,play_time_mod_2,,
EXCLUDE_CityIdle/5,"elmaliern,head,5,-527.4,-3,0,4,1,1,0","elmaliern,neck,2,-468.4,-6,0,5,1,1,0","elmaliern,body,-2.4,-364.8,-5,0,6,1,1,0","elmaliern,arm_up,-81,-370.4,17.6,0,4,1,1,0","elmaliern,arm_low,-54.8,-334.8,95,1,3,1,1,0","white_human,open,1.6,-380.8,135,0,3,1,1,0","elmaliern,arm_up,61.2,-372.4,-11,1,18,1,1,0","elmaliern,arm_low,74.4,-276.8,-22,1,9,1,1,0","white_human,open,75,-209.2,-5,1,8,1,1,0","elmaliern,leg_up,-47,-216.4,-6.2,0,8,1,1,0","elmaliern,leg_low,-55,-92.4,-9,0,10,1,1,0","elmaliern,foot,-42.8,-15.4,-3.1,0,13,1,1,0","elmaliern,leg_up,24,-222.4,21.7,0,12,1,1,0","elmaliern,leg_low,48,-93.4,8,0,13,1,1,0","elmaliern,foot,76.2,-22.4,2,0,15,1,1,0",,,"elmaliern,skirt,-16,-210.4,-5,0,8,1,1,0",,,,,,,,,,,,,,,,,,,,,,,,,,,,,,,,,,,,,,,,,,,,,,,,,,,,,,,,,,,,,,,,,,,,,,,,,,,,,,,,,,,,,,,,,,,,,,,,,,,play_time_mod_1.7,,
EXCLUDE_CityTalk/0,"elmaliern,head,-5,-531.4,0,0,4,1,1,0","elmaliern,neck,-4,-474.4,-3,0,5,1,1,0","elmaliern,body,-2.4,-368.8,-3,0,6,1,1,0","elmaliern,arm_up,-67,-372.4,32.6,0,4,1,1,0","elmaliern,arm_low,-26.8,-340.8,97,1,3,1,1,0","white_human,open,25.6,-390.8,139,0,3,1,1,0","elmaliern,arm_up,61.2,-376.4,-9,1,18,1,1,0","elmaliern,arm_low,74.4,-280.8,-22,1,9,1,1,0","white_human,open,75,-213.2,-5,1,8,1,1,0","elmaliern,leg_up,-47,-216.4,-6.2,0,8,1,1,0","elmaliern,leg_low,-55,-92.4,-9,0,10,1,1,0","elmaliern,foot,-42.8,-15.4,-3.1,0,13,1,1,0","elmaliern,leg_up,24,-222.4,21.7,0,12,1,1,0","elmaliern,leg_low,48,-93.4,8,0,13,1,1,0","elmaliern,foot,76.2,-22.4,2,0,15,1,1,0",,,"elmaliern,skirt,-8,-214.4,-1,0,8,1,1,0",,,,,,,,,,,,,,,,,,,,,,,,,,,,,,,,,,,,,,,,,,,,,,,,,,,,,,,,,,,,,,,,,,,,,,,,,,,,,,,,,,,,,,,,,,,,,,,,,,,,play_time_mod_0.7,
EXCLUDE_CityTalk/1,"elmaliern,head,-11,-531.4,-4,0,4,1,1,0","elmaliern,neck,-10,-474.4,-3,0,5,1,1,0","elmaliern,body,-2.4,-368.8,-1,0,6,1,1,0","elmaliern,arm_up,-49,-376.4,48.6,0,4,1,1,0","elmaliern,arm_low,15.2,-340.8,97,1,3,1,1,0","white_human,open,71.6,-382.8,122,0,3,1,1,0","elmaliern,arm_up,57.2,-376.4,-13,1,18,1,1,0","elmaliern,arm_low,68.4,-280.8,-17,1,9,1,1,0","white_human,open,81,-213.2,3,1,8,1,1,0","elmaliern,leg_up,-47,-216.4,-6.2,0,8,1,1,0","elmaliern,leg_low,-55,-92.4,-9,0,10,1,1,0","elmaliern,foot,-42.8,-15.4,-3.1,0,13,1,1,0","elmaliern,leg_up,24,-222.4,21.7,0,12,1,1,0","elmaliern,leg_low,48,-93.4,8,0,13,1,1,0","elmaliern,foot,76.2,-22.4,2,0,15,1,1,0",,,"elmaliern,skirt,-6,-214.4,-4,0,8,1,1,0",,,,,,,,,,,,,,,,,,,,,,,,,,,,,,,,,,,,,,,,,,,,,,,,,,,,,,,,,,,,,,,,,,,,,,,,,,,,,,,,,,,,,,,,,,,,,,,,,,,,play_time_mod_0.7,
EXCLUDE_CityTalk/2,"elmaliern,head,-11,-531.4,-7,0,4,1,1,0","elmaliern,neck,-14,-474.4,-5,0,5,1,1,0","elmaliern,body,-2.4,-368.8,2,0,6,1,1,0","elmaliern,arm_up,-37,-384.4,71.6,0,4,1,1,0","elmaliern,arm_low,41.2,-368.8,97,1,3,1,1,0","white_human,open,97.6,-410.8,122,0,3,1,1,0","elmaliern,arm_up,49.2,-372.4,-21,1,18,1,1,0","elmaliern,arm_low,54.4,-276.8,-17,1,9,1,1,0","white_human,open,67,-209.2,3,1,8,1,1,0","elmaliern,leg_up,-41,-216.4,-9.2,0,8,1,1,0","elmaliern,leg_low,-55,-92.4,-9,0,10,1,1,0","elmaliern,foot,-42.8,-15.4,-3.1,0,13,1,1,0","elmaliern,leg_up,24,-222.4,21.7,0,12,1,1,0","elmaliern,leg_low,48,-93.4,8,0,13,1,1,0","elmaliern,foot,76.2,-22.4,2,0,15,1,1,0",,,"elmaliern,skirt,-8,-214.4,-7,0,8,1,1,0",,,,,,,,,,,,,,,,,,,,,,,,,,,,,,,,,,,,,,,,,,,,,,,,,,,,,,,,,,,,,,,,,,,,,,,,,,,,,,,,,,,,,,,,,,,,,,,,,,,,play_time_mod_0.7,
EXCLUDE_CityTalk/3,"elmaliern,head,-7,-531.4,-3,0,4,1,1,0","elmaliern,neck,-10,-474.4,-5,0,5,1,1,0","elmaliern,body,-2.4,-368.8,0,0,6,1,1,0","elmaliern,arm_up,-29,-394.4,75.6,0,4,1,1,0","elmaliern,arm_low,59.2,-372.8,76,1,3,1,1,0","white_human,twopoint,125.6,-400,122,0,3,1,1,0","elmaliern,arm_up,49.2,-372.4,-21,1,18,1,1,0","elmaliern,arm_low,54.4,-276.8,-17,1,9,1,1,0","white_human,open,67,-209.2,3,1,8,1,1,0","elmaliern,leg_up,-41,-216.4,-9.2,0,8,1,1,0","elmaliern,leg_low,-55,-92.4,-9,0,10,1,1,0","elmaliern,foot,-42.8,-15.4,-3.1,0,13,1,1,0","elmaliern,leg_up,24,-222.4,21.7,0,12,1,1,0","elmaliern,leg_low,48,-93.4,8,0,13,1,1,0","elmaliern,foot,76.2,-22.4,2,0,15,1,1,0",,,"elmaliern,skirt,-4,-214.4,-5,0,8,1,1,0",,,,,,,,,,,,,,,,,,,,,,,,,,,,,,,,,,,,,,,,,,,,,,,,,,,,,,,,,,,,,,,,,,,,,,,,,,,,,,,,,,,,,,,,,,,,,,,,,,,,play_time_mod_0.7,
EXCLUDE_CityTalk/4,"elmaliern,head,3,-531.4,-5,0,4,1,1,0","elmaliern,neck,0,-474.4,-5,0,5,1,1,0","elmaliern,body,1.6,-368.8,-3,0,6,1,1,0","elmaliern,arm_up,-29,-394.4,71.6,0,4,1,1,0","elmaliern,arm_low,65.2,-360.8,67,1,3,1,1,0","white_human,twopoint,139.6,-380,108,0,3,1,1,0","elmaliern,arm_up,49.2,-372.4,-21,1,18,1,1,0","elmaliern,arm_low,54.4,-276.8,-17,1,9,1,1,0","white_human,open,67,-209.2,3,1,8,1,1,0","elmaliern,leg_up,-41,-216.4,-9.2,0,8,1,1,0","elmaliern,leg_low,-55,-92.4,-9,0,10,1,1,0","elmaliern,foot,-42.8,-15.4,-3.1,0,13,1,1,0","elmaliern,leg_up,24,-222.4,21.7,0,12,1,1,0","elmaliern,leg_low,48,-93.4,8,0,13,1,1,0","elmaliern,foot,76.2,-22.4,2,0,15,1,1,0",,,"elmaliern,skirt,-2,-214.4,0,0,8,1,1,0",,,,,,,,,,,,,,,,,,,,,,,,,,,,,,,,,,,,,,,,,,,,,,,,,,,,,,,,,,,,,,,,,,,,,,,,,,,,,,,,,,,,,,,,,,,,,,,,,,,"hold,play_time_mod_1.5",play_time_mod_0.7,
EXCLUDE_CityWalk/0,"elmaliern,head,1,-529.4,-3,0,4,1,1,0","elmaliern,neck,2,-474.4,-6,0,5,1,1,0","elmaliern,body,1.6,-376.8,-3,0,6,1,1,0","elmaliern,arm_up,-81,-378.4,15.6,0,4,1,1,0","elmaliern,arm_low,-54.8,-342.8,97,1,3,1,1,0","white_human,open,-2.4,-392.8,139,0,3,1,1,0","elmaliern,arm_up,65.2,-382.4,-13,1,18,1,1,0","elmaliern,arm_low,72.4,-288.8,-22,1,9,1,1,0","white_human,open,73,-221.2,-5,1,8,1,1,0","elmaliern,leg_up,-47,-216.4,-6.2,0,8,1,1,0","elmaliern,leg_low,-33,-92.4,-6,0,10,1,1,0","elmaliern,foot,-14.8,-19.4,1.9,0,13,1,1,0","elmaliern,leg_up,24,-222.4,21.7,0,12,1,1,0","elmaliern,leg_low,20,-107.4,-20,0,13,1,1,0","elmaliern,foot,24.2,-46.4,-9,0,15,1,1,0",,,"elmaliern,skirt,-10,-214.4,-5,0,8,1,1,0",,,,,,,,,,,,,,,,,,,,,,,,,,,,,,,,,,,,,,,,,,,,,,,,,,,,,,,,,,,,,,,,,,,,,,,,,,,,,,,,,,,,,,,,,,,,,,,,,,,,,
EXCLUDE_CityWalk/1,"elmaliern,head,19,-527.4,-4,0,4,1,1,0","elmaliern,neck,20,-472.4,-14,0,5,1,1,0","elmaliern,body,13.6,-372.8,-6,0,6,1,1,0","elmaliern,arm_up,-65,-376.4,15.6,0,4,1,1,0","elmaliern,arm_low,-38.8,-340.8,97,1,3,1,1,0","white_human,open,13.6,-390.8,139,0,3,1,1,0","elmaliern,arm_up,85.2,-384.4,-1,1,18,1,1,0","elmaliern,arm_low,116.4,-298.8,-1,1,9,1,1,0","white_human,open,147,-233.2,27,1,8,1,1,0","elmaliern,leg_up,-43,-216.4,-6.2,0,8,1,1,0","elmaliern,leg_low,-39,-92.4,-14,0,10,1,1,0","elmaliern,foot,-26.8,-19.4,1.9,0,13,1,1,0","elmaliern,leg_up,28,-222.4,21.7,0,12,1,1,0","elmaliern,leg_low,34,-107.4,-10,0,13,1,1,0","elmaliern,foot,48.2,-46.4,-9,0,15,1,1,0",,,"elmaliern,skirt,-6,-214.4,-7,0,8,1,1,0",,,,,,,,,,,,,,,,,,,,,,,,,,,,,,,,,,,,,,,,,,,,,,,,,,,,,,,,,,,,,,,,,,,,,,,,,,,,,,,,,,,,,,,,,,,,,,,,,,,,,
EXCLUDE_CityWalk/2,"elmaliern,head,27,-513.4,-7,0,4,1,1,0","elmaliern,neck,28,-456.4,-10,0,5,1,1,0","elmaliern,body,17.6,-356.8,-8,0,6,1,1,0","elmaliern,arm_up,-61,-366.4,12.6,0,4,1,1,0","elmaliern,arm_low,-38.8,-330.8,94,1,3,1,1,0","white_human,open,13.6,-380.8,136,0,3,1,1,0","elmaliern,arm_up,97.2,-366.4,7,1,18,1,1,0","elmaliern,arm_low,142.4,-278.8,4,1,9,1,1,0","white_human,open,173,-219.2,28,1,8,1,1,0","elmaliern,leg_up,-20,-197,16.3,0,8,1,1,0","elmaliern,leg_low,70,-84,22,0,10,1,1,0","elmaliern,foot,115.2,-19,5.4,0,14,1,1,0","elmaliern,leg_up,-3,-183,-19.3,0,12,1,1,0","elmaliern,leg_low,-54,-79,-30,0,13,1,1,0","elmaliern,foot,-58.8,-21,-13,0,16,1,1,0",,,"elmaliern,skirt,-2,-202.4,-9,0,8,1,1,0",,,,,,,,,,,,,,,,,,,,,,,,,,,,,,,,,,,,,,,,,,,,,,,,,,,,,,,,,,,,,,,,,,,,,,,,,,,,,,,,,,,,,,,,,,,,,,,,,,,,,
EXCLUDE_CityWalk/3,"elmaliern,head,19,-519.4,-4,0,4,1,1,0","elmaliern,neck,20,-464.4,-7,0,5,1,1,0","elmaliern,body,13.6,-364.8,-5,0,6,1,1,0","elmaliern,arm_up,-67,-372.4,9.6,0,4,1,1,0","elmaliern,arm_low,-44.8,-336.8,91,1,3,1,1,0","white_human,open,7.6,-380.8,133,0,3,1,1,0","elmaliern,arm_up,91.2,-368.4,-3,1,18,1,1,0","elmaliern,arm_low,114.4,-278.8,-11,1,9,1,1,0","white_human,open,137,-211.2,18,1,8,1,1,0","elmaliern,leg_up,-20,-197,16.3,0,8,1,1,0","elmaliern,leg_low,40,-84,8,0,10,1,1,0","elmaliern,foot,73.2,-21,5.4,0,14,1,1,0","elmaliern,leg_up,-3,-183,-19.3,0,12,1,1,0","elmaliern,leg_low,-34,-109,-34,0,13,1,1,0","elmaliern,foot,-46.8,-39,-23,0,16,1,1,0",,,"elmaliern,skirt,2,-210.4,-5,0,8,1,1,0",,,,,,,,,,,,,,,,,,,,,,,,,,,,,,,,,,,,,,,,,,,,,,,,,,,,,,,,,,,,,,,,,,,,,,,,,,,,,,,,,,,,,,,,,,,,,,,,,,,,,
EXCLUDE_CityWalk/4,"elmaliern,head,11,-519.4,3,0,4,1,1,0","elmaliern,neck,12,-464.4,-1,0,5,1,1,0","elmaliern,body,9.6,-370.8,-4,0,6,1,1,0","elmaliern,arm_up,-73,-378.4,12.6,0,4,1,1,0","elmaliern,arm_low,-50.8,-342.8,94,1,3,1,1,0","white_human,open,1.6,-388.8,136,0,3,1,1,0","elmaliern,arm_up,81.2,-368.4,-8,1,18,1,1,0","elmaliern,arm_low,100.4,-278.8,-16,1,9,1,1,0","white_human,open,113,-209.2,9,1,8,1,1,0","elmaliern,leg_up,-20,-197,16.3,0,8,1,1,0","elmaliern,leg_low,26,-84,11,0,10,1,1,0","elmaliern,foot,61.2,-21,2.4,0,14,1,1,0","elmaliern,leg_up,15,-183,-13.3,0,12,1,1,0","elmaliern,leg_low,2,-109,-28,0,13,1,1,0","elmaliern,foot,-10.8,-43,-27,0,16,1,1,0",,,"elmaliern,skirt,0,-214.4,-3,0,8,1,1,0",,,,,,,,,,,,,,,,,,,,,,,,,,,,,,,,,,,,,,,,,,,,,,,,,,,,,,,,,,,,,,,,,,,,,,,,,,,,,,,,,,,,,,,,,,,,,,,,,,,,,
EXCLUDE_CityWalk/5,"elmaliern,head,21,-521.4,-1,0,4,1,1,0","elmaliern,neck,20,-468.4,-12,0,5,1,1,0","elmaliern,body,13.6,-368.8,-7,0,6,1,1,0","elmaliern,arm_up,-63,-376.4,17.6,0,4,1,1,0","elmaliern,arm_low,-36.8,-340.8,99,1,3,1,1,0","white_human,open,15.6,-390.8,141,0,3,1,1,0","elmaliern,arm_up,73.2,-370.4,-23,1,18,1,1,0","elmaliern,arm_low,66.4,-298.8,-31,1,9,1,1,0","white_human,open,62,-224,-10,1,8,1,1,0","elmaliern,leg_up,-24,-197,16.3,0,8,1,1,0","elmaliern,leg_low,0,-84,-4,0,10,1,1,0","elmaliern,foot,17.2,-21,2.4,0,14,1,1,0","elmaliern,leg_up,13,-183,47,0,12,1,1,0","elmaliern,leg_low,34,-115,-21,0,13,1,1,0","elmaliern,foot,33.2,-45,-16,0,16,1,1,0",,,"elmaliern,skirt,2,-214.4,0,0,8,1,1,0",,,,,,,,,,,,,,,,,,,,,,,,,,,,,,,,,,,,,,,,,,,,,,,,,,,,,,,,,,,,,,,,,,,,,,,,,,,,,,,,,,,,,,,,,,,,,,,,,,,,,
EXCLUDE_CityWalk/6,"elmaliern,head,27,-509.4,-8,0,4,1,1,0","elmaliern,neck,24,-456.4,-10,0,5,1,1,0","elmaliern,body,17.6,-356.8,-8,0,6,1,1,0","elmaliern,arm_up,-61,-366.4,12.6,0,4,1,1,0","elmaliern,arm_low,-36.8,-328.8,94,1,3,1,1,0","white_human,open,15.6,-374.8,136,0,3,1,1,0","elmaliern,arm_up,57.2,-346.4,-43,1,18,1,1,0","elmaliern,arm_low,4.8,-253.8,-36,1,9,1,1,0","white_human,open,35.2,-214.2,28,1,8,1,1,0","elmaliern,leg_up,-20,-197,16.3,0,8,1,1,0","elmaliern,leg_low,46,-90,17,0,10,1,1,0","elmaliern,foot,81.2,-19,0.4,0,14,1,1,0","elmaliern,leg_up,-3,-183,-19.3,0,12,1,1,0","elmaliern,leg_low,-26,-79,-31,0,13,1,1,0","elmaliern,foot,-32.8,-21,-15,0,16,1,1,0",,,"elmaliern,skirt,4,-202.4,0,0,8,1,1,0",,,,,,,,,,,,,,,,,,,,,,,,,,,,,,,,,,,,,,,,,,,,,,,,,,,,,,,,,,,,,,,,,,,,,,,,,,,,,,,,,,,,,,,,,,,,,,,,,,,,,
EXCLUDE_CityWalk/7,"elmaliern,head,19,-525.4,-5,0,4,1,1,0","elmaliern,neck,20,-472.4,-14,0,5,1,1,0","elmaliern,body,13.6,-372.8,-6,0,6,1,1,0","elmaliern,arm_up,-65,-376.4,15.6,0,4,1,1,0","elmaliern,arm_low,-38.8,-340.8,97,1,3,1,1,0","white_human,open,13.6,-390.8,139,0,3,1,1,0","elmaliern,arm_up,59.2,-364.4,-26,1,18,1,1,0","elmaliern,arm_low,56.4,-278.8,-21,1,9,1,1,0","white_human,open,67,-213.2,4,1,8,1,1,0","elmaliern,leg_up,-28,-197,16.3,0,8,1,1,0","elmaliern,leg_low,16,-90,21,0,10,1,1,0","elmaliern,foot,55.2,-21,7.4,0,14,1,1,0","elmaliern,leg_up,3,-183,-4.3,0,12,1,1,0","elmaliern,leg_low,-18,-103,-30,0,13,1,1,0","elmaliern,foot,-24.8,-35,-20,0,16,1,1,0",,,"elmaliern,skirt,2,-214.4,-2,0,8,1,1,0",,,,,,,,,,,,,,,,,,,,,,,,,,,,,,,,,,,,,,,,,,,,,,,,,,,,,,,,,,,,,,,,,,,,,,,,,,,,,,,,,,,,,,,,,,,,,,,,,,,,,
Default/0,"elmaliern,head,-5,-562,0,0,4,1,1,0","elmaliern,neck,-9,-516,-3,0,7,1,1,0","elmaliern,body,-2,-402,-3,0,6,1,1,0","elmaliern,arm_up,-122,-434,-32.4,0,4,1,1,0","elmaliern,arm_low,-193,-383,-43,0,3,1,1,0","white_human,fist,-259,-364,-76,0,5,1,1,0","elmaliern,arm_up,83,-448,45,1,18,1,1,0","elmaliern,arm_low,171,-400,42,1,8,1,1,0","white_human,fist,237,-382,83,1,10,1,1,0","elmaliern,leg_up,-50,-163,-11.2,0,10,1.1,1,0","elmaliern,leg_low,-60,-83,-7,0,10,1,1,0","elmaliern,foot,-43,-15,-3.1,0,13,1,1,0","elmaliern,leg_up,36,-169,14.7,0,15,1,1,0","elmaliern,leg_low,50,-83,6,0,13,0.9,1,0","elmaliern,foot,83,-22,2,0,15,1,1,0",,,"elmaliern,skirt,-12,-242,-1,0,8,1,1,0",,,,,,,,,,,,,,,,,,,,,,,,,,,,,,,,,,,,,,,,,,,,,,,,,,,,,,,,,,,,,,,,,,,,,,,,,,,,,,,,,,,,,,,,,,,,,,,,,,,,,
Damaged/0,"elmaliern,head,9,-566,-6,0,4,1,1,0","elmaliern,neck,1,-510,-1,0,7,1,1,0","elmaliern,body,0,-410,-7,0,6,1,1,0","elmaliern,arm_up,-101,-422,-4.4,0,4,1,1,0","elmaliern,arm_low,-130,-322,-35,1,4,1,1,0","white_human,open,-133,-246,0,0,5,1,1,0","elmaliern,arm_up,89,-426,14,1,18,1,1,0","elmaliern,arm_low,157,-366,51,1,8,1,1,0","white_human,fist,221,-357,76,1,10,1,1,0","elmaliern,leg_up,-64,-179,-6.2,0,10,1.1,1,0","elmaliern,leg_low,-77,-90,-10,0,10,1,1,0","elmaliern,foot,-65,-21,-1.1,0,13,1,1,0","elmaliern,leg_up,36,-172,14.7,0,15,1,1,0","elmaliern,leg_low,50,-87,6,0,13,0.9,1,0","elmaliern,foot,83,-22,2,0,15,1,1,0","elmaliern,base,221,-278,-1,0,12,1,1,0",,"elmaliern,skirt,-17,-251,-5,0,8,1,1,0",,,,,,,,,,,,,,,,,,,,,,,,,,,,,,,,,,,,,,,,,,,,,,,,,,,,,,,,,,,,,,,,,,,,,,,,,,,,,,,,,,,,,,,,,,,,,,,,,,,,,
Damaged/1,"elmaliern,head,51,-549,-14,0,4,1,1,0","elmaliern,neck,31,-509,-26,0,7,1,1,0","elmaliern,body,12,-400,-15,0,6,1,1,0","elmaliern,arm_up,-89,-424,-14.4,0,4,1,1,0","elmaliern,arm_low,-130,-330,-35,1,4,1,1,0","white_human,open,-127,-252,10,0,5,1,1,0","elmaliern,arm_up,94,-413,12,1,18,1,1,0","elmaliern,arm_low,155,-348,44,1,8,1,1,0","white_human,fist,218,-327,69,1,10,1,1,0","elmaliern,leg_up,-64,-179,-6.2,0,10,1.1,1,0","elmaliern,leg_low,-88,-97,-20,0,10,1,1,0","elmaliern,foot,-90,-24,-18.1,0,13,1,1,0","elmaliern,leg_up,41,-172,20.7,0,15,1,1,0","elmaliern,leg_low,54,-87,4,0,13,0.9,1,0","elmaliern,foot,85,-22,2,0,15,1,1,0","elmaliern,base,207,-252,-8,0,12,1,1,0",,"elmaliern,skirt,-19,-246,-8,0,8,1,1,0",,,,,,,,,,,,,,,,,,,,,,,,,,,,,,,,,,,,,,,,,,,,,,,,,,,,,,,,,,,,,,,,,,,,,,,,,,,,,,,,,,,,,,,,,,,,,,,,,,,,,
Damaged/2,"elmaliern,close,63,-546,-18,0,4,1,1,0","elmaliern,neck,41,-507,-28,0,7,1,1,0","elmaliern,body,20,-397,-18,0,6,1,1,0","elmaliern,arm_up,-77,-430,-16.4,0,4,1,1,0","elmaliern,arm_low,-120,-336,-37,1,4,1,1,0","white_human,open,-119,-258,8,0,5,1,1,0","elmaliern,arm_up,102,-405,6,1,18,1,1,0","elmaliern,arm_low,156,-334,38,1,8,1,1,0","white_human,fist,219,-307,63,1,10,1,1,0","elmaliern,leg_up,-64,-179,-6.2,0,10,1.1,1,0","elmaliern,leg_low,-99,-97,-33,0,10,1,1,0","elmaliern,foot,-120,-29,-36.1,0,13,1,1,0","elmaliern,leg_up,42,-172,25.7,0,15,1,1,0","elmaliern,leg_low,59,-82,1,0,13,0.9,1,0","elmaliern,foot,85,-22,2,0,15,1,1,0","elmaliern,base,202,-232,-14,0,12,1,1,0",,"elmaliern,skirt,-17,-246,-6,0,8,1,1,0",,,,,,,,,,,,,,,,,,,,,,,,,,,,,,,,,,,,,,,,,,,,,,,,,,,,,,,,,,,,,,,,,,,,,,,,,,,,,,,,,,,,,,,,,,,,,,,,,,,hold,,
Damaged/3,"elmaliern,close,63,-546,-20,0,4,1,1,0","elmaliern,neck,41,-507,-28,0,7,1,1,0","elmaliern,body,20,-397,-18,0,6,1,1,0","elmaliern,arm_up,-76,-431,-19.4,0,4,1,1,0","elmaliern,arm_low,-120,-341,-37,1,4,1,1,0","white_human,open,-122,-262,4,0,5,1,1,0","elmaliern,arm_up,102,-405,6,1,18,1,1,0","elmaliern,arm_low,151,-334,35,1,8,1,1,0","white_human,fist,211,-301,60,1,10,1,1,0","elmaliern,leg_up,-64,-179,-7.2,0,10,1.1,1,0","elmaliern,leg_low,-99,-97,-33,0,10,1,1,0","elmaliern,foot,-120,-29,-36.1,0,13,1,1,0","elmaliern,leg_up,45,-171,24.7,0,15,1,1,0","elmaliern,leg_low,59,-82,1,0,13,0.9,1,0","elmaliern,foot,85,-22,2,0,15,1,1,0","elmaliern,base,191,-229,-17,0,12,1,1,0",,"elmaliern,skirt,-17,-246,-7,0,8,1,1,0",,,,,,,,,,,,,,,,,,,,,,,,,,,,,,,,,,,,,,,,,,,,,,,,,,,,,,,,,,,,,,,,,,,,,,,,,,,,,,,,,,,,,,,,,,,,,,,,,,,,,
Damaged/4,"elmaliern,head,51,-549,-14,0,4,1,1,0","elmaliern,neck,31,-509,-26,0,7,1,1,0","elmaliern,body,12,-400,-15,0,6,1,1,0","elmaliern,arm_up,-89,-424,-14.4,0,4,1,1,0","elmaliern,arm_low,-130,-330,-35,1,4,1,1,0","white_human,open,-127,-252,10,0,5,1,1,0","elmaliern,arm_up,94,-413,12,1,18,1,1,0","elmaliern,arm_low,155,-348,44,1,8,1,1,0","white_human,fist,218,-327,69,1,10,1,1,0","elmaliern,leg_up,-64,-179,-6.2,0,10,1.1,1,0","elmaliern,leg_low,-88,-97,-20,0,10,1,1,0","elmaliern,foot,-90,-24,-18.1,0,13,1,1,0","elmaliern,leg_up,41,-172,20.7,0,15,1,1,0","elmaliern,leg_low,54,-87,4,0,13,0.9,1,0","elmaliern,foot,85,-22,2,0,15,1,1,0","elmaliern,base,207,-252,-8,0,12,1,1,0",,"elmaliern,skirt,-19,-246,-8,0,8,1,1,0",,,,,,,,,,,,,,,,,,,,,,,,,,,,,,,,,,,,,,,,,,,,,,,,,,,,,,,,,,,,,,,,,,,,,,,,,,,,,,,,,,,,,,,,,,,,,,,,,,,,,
Damaged/5,"elmaliern,head,9,-566,-6,0,4,1,1,0","elmaliern,neck,1,-510,-1,0,7,1,1,0","elmaliern,body,0,-410,-7,0,6,1,1,0","elmaliern,arm_up,-101,-422,-4.4,0,4,1,1,0","elmaliern,arm_low,-130,-322,-35,1,4,1,1,0","white_human,open,-133,-246,0,0,5,1,1,0","elmaliern,arm_up,89,-426,14,1,18,1,1,0","elmaliern,arm_low,157,-366,51,1,8,1,1,0","white_human,fist,221,-357,76,1,10,1,1,0","elmaliern,leg_up,-64,-179,-6.2,0,10,1.1,1,0","elmaliern,leg_low,-77,-90,-10,0,10,1,1,0","elmaliern,foot,-65,-21,-1.1,0,13,1,1,0","elmaliern,leg_up,36,-172,14.7,0,15,1,1,0","elmaliern,leg_low,50,-87,6,0,13,0.9,1,0","elmaliern,foot,83,-22,2,0,15,1,1,0","elmaliern,base,221,-278,-1,0,12,1,1,0",,"elmaliern,skirt,-17,-251,-5,0,8,1,1,0",,,,,,,,,,,,,,,,,,,,,,,,,,,,,,,,,,,,,,,,,,,,,,,,,,,,,,,,,,,,,,,,,,,,,,,,,,,,,,,,,,,,,,,,,,,,,,,,,,,,,
Die/0,"elmaliern,close,-66,-552,20,0,4,1,1,0","elmaliern,neck,-60,-510,23,0,7,1,1,0","elmaliern,body,-26,-399,8,0,6,1,1,0","elmaliern,arm_up,-137,-391,-2.4,0,4,1,1,0","elmaliern,arm_low,-162,-291,-33,1,4,1,1,0","white_human,open,-165,-215,1,0,5,1,1,0","elmaliern,arm_up,51,-430,19,1,18,1,1,0","elmaliern,arm_low,124,-375,56,1,8,1,1,0","white_human,fist,188,-371,81,1,10,1,1,0","elmaliern,leg_up,-58,-173,6.8,0,10,1.1,1,0","elmaliern,leg_low,-65,-85,-8,0,10,1,1,0","elmaliern,foot,-53,-17,-8.1,0,13,1,1,0","elmaliern,leg_up,43,-192,27.7,0,15,1,1,0","elmaliern,leg_low,79,-109,22,0,13,0.9,1,0","elmaliern,foot,133,-52,18,0,15,1,1,0","elmaliern,base,193,-292,4,0,12,1,1,0",,"elmaliern,skirt,-11,-249,3,0,8,1,1,0",,,,,,,,,,,,,,,,,,,,,,,,,,,,,,,,,,,,,,,,,,,,,,,,,,,,,,,,,,,,,,,,,,,,,,,,,,,,,,,,,,,,,,,,,,,,,,,,,,,,,
Die/1,"elmaliern,close,-119,-541,37,0,4,1,1,0","elmaliern,neck,-106,-501,35,0,7,1,1,0","elmaliern,body,-49,-399,20,0,6,1,1,0","elmaliern,arm_up,-155,-368,9.6,0,4,1,1,0","elmaliern,arm_low,-159,-265,-38,1,4,1,1,0","white_human,open,-171,-190,-17,0,5,1,1,0","elmaliern,arm_up,19,-454,41,1,18,1,1,0","elmaliern,arm_low,109,-415,58,1,8,1,1,0","white_human,fist,172,-413,83,1,10,1,1,0","elmaliern,leg_up,-10,-177,15.8,0,10,1.1,1,0","elmaliern,leg_low,-6,-93,-2,0,10,1,1,0","elmaliern,foot,15,-25,-3.1,0,13,1,1,0","elmaliern,leg_up,77,-218,39.7,0,15,1,1,0","elmaliern,leg_low,124,-148,34,0,13,0.9,1,0","elmaliern,foot,183,-103,30,0,15,1,1,0","elmaliern,base,201,-345,26,0,12,1,1,0",,"elmaliern,skirt,3,-255,19,0,8,1,1,0",,,,,,,,,,,,,,,,,,,,,,,,,,,,,,,,,,,,,,,,,,,,,,,,,,,,,,,,,,,,,,,,,,,,,,,,,,,,,,,,,,,,,,,,,,,,,,,,,,,,,
Die/2,"elmaliern,close,-187,-495,63,0,4,1,1,0","elmaliern,neck,-165,-464,51,0,7,1,1,0","elmaliern,body,-80,-382,36,0,6,1,1,0","elmaliern,arm_up,-185,-323,15.6,0,4,1,1,0","elmaliern,arm_low,-180,-221,-22,1,4,1,1,0","white_human,open,-180,-144,-13,0,5,1,1,0","elmaliern,arm_up,-30,-453,57,1,18,1,1,0","elmaliern,arm_low,68,-441,74,1,8,1,1,0","white_human,fist,128,-457,99,1,10,1,1,0","elmaliern,leg_up,19,-180,31.8,0,10,1.1,1,0","elmaliern,leg_low,54,-101,20,0,10,1,1,0","elmaliern,foot,104,-47,22.9,0,13,1,1,0","elmaliern,leg_up,91,-242,62.7,0,15,1,1,0","elmaliern,leg_low,164,-187,50,0,13,0.9,1,0","elmaliern,foot,227,-169,48,0,15,1,1,0","elmaliern,base,177,-397,42,0,12,1,1,0",,"elmaliern,skirt,7,-257,35,0,8,1,1,0",,,,,,,,,,,,,,,,,,,,,,,,,,,,,,,,,,,,,,,,,,,,,,,,,,,,,,,,,,,,,,,,,,,,,,,,,,,,,,,,,,,,,,,,,,,,,,,,,,,hold,,
Die/3,"elmaliern,close,-251,-393,88,0,4,1,1,0","elmaliern,neck,-210,-374,71,0,7,1,1,0","elmaliern,body,-110,-322,53,0,6,1,1,0","elmaliern,arm_up,-201,-240,25.6,0,4,1,1,0","elmaliern,arm_low,-172,-140,10,1,4,1,1,0","white_human,open,-109,-93,66,0,5,1,1,0","elmaliern,arm_up,-62,-409,68,1,18,1,1,0","elmaliern,arm_low,37,-420,84,1,8,1,1,0","white_human,open,110,-462,129,1,10,1,1,0","elmaliern,leg_up,44,-155,51.8,0,10,1.1,1,0","elmaliern,leg_low,99,-88,35,0,10,1,1,0","elmaliern,foot,161,-38,18.9,0,13,1,1,0","elmaliern,leg_up,95,-234,76.7,0,15,1,1,0","elmaliern,leg_low,176,-211,70,0,13,0.9,1,0","elmaliern,foot,241,-216,68,0,15,1,1,0","elmaliern,base,192,-396,32,0,12,1,1,0",,"elmaliern,skirt,11,-229,51,0,8,1,1,0",,,,,,,,,,,,,,,,,,,,,,,,,,,,,,,,,,,,,,,,,,,,,,,,,,,,,,,,,,,,,,,,,,,,,,,,,,,,,,,,,,,,,,,,,,,,,,,,,,,,,
Die/4,"elmaliern,close,-281,-251,108,0,4,1,1,0","elmaliern,neck,-236,-248,91,0,7,1,1,0","elmaliern,body,-124,-233,73,0,6,1,1,0","elmaliern,arm_up,-173,-125,55.6,0,4,1,1,0","elmaliern,arm_low,-103,-76,50,1,4,1,1,0","white_human,open,-24,-68,87,0,5,1,1,0","elmaliern,arm_up,-109,-331,88,1,18,1,1,0","elmaliern,arm_low,-19,-375,104,1,8,1,1,0","white_human,open,34,-440,149,1,10,1,1,0","elmaliern,leg_up,78,-122,81.8,0,10,1.1,1,0","elmaliern,leg_low,154,-102,75,0,10,1,1,0","elmaliern,foot,239,-101,48.9,0,13,1,1,0","elmaliern,leg_up,103,-225,96.7,0,15,1,1,0","elmaliern,leg_low,183,-226,90,0,13,0.9,1,0","elmaliern,foot,242,-253,88,0,15,1,1,0","elmaliern,light_1,222,-456,-18,0,12,1,1,0",,"elmaliern,skirt,21,-187,71,0,8,1,1,0",,,,,,,,,,,,,,,,,,,,,,,,,,,,,,,,,,,,,,,,,,,,,,,,,,,,,,,,,,,,,,,,,,,,,,,,,,,,,,,,,,,,,,,,,,,,,,,,,,,,,
Die/5,"elmaliern,close,-277,-156,121,0,4,1,1,0","elmaliern,neck,-236,-161,104,0,7,1,1,0","elmaliern,body,-123,-170,83,0,6,1,1,0","elmaliern,arm_up,-142,-58,75.6,0,4,1,1,0","elmaliern,arm_low,-59,-36,70,1,4,1,1,0","white_human,open,18,-55,107,0,5,1,1,0","elmaliern,arm_up,-117,-244,78,1,18,1,1,0","elmaliern,arm_low,-21,-272,94,1,8,1,1,0","white_human,open,42,-327,139,1,10,1,1,0","elmaliern,leg_up,78,-83,91.8,0,10,1.1,1,0","elmaliern,leg_low,161,-69,75,0,10,1,1,0","elmaliern,foot,246,-68,48.9,0,13,1,1,0","elmaliern,leg_up,123,-195,96.7,0,15,1,1,0","elmaliern,leg_low,203,-192,84,0,13,0.9,1,0","elmaliern,foot,262,-207,82,0,15,1,1,0","elmaliern,light_2,312,-406,-38,0,12,1,1,0",,"elmaliern,skirt,21,-144,77,0,8,1,1,0",,,,,,,,,,,,,,,,,,,,,,,,,,,,,,,,,,,,,,,,,,,,,,,,,,,,,,,,,,,,,,,,,,,,,,,,,,,,,,,,,,,,,,,,,,,,,,,,,,,,,
Die/6,"elmaliern,close,-277,-74,123,0,4,1,1,0","elmaliern,neck,-236,-79,106,0,7,1,1,0","elmaliern,body,-123,-94,93,0,6,1,1,0","elmaliern,arm_up,-129,11,86.6,0,4,1,1,0","elmaliern,arm_low,-43,17,81,1,4,1,1,0","white_human,open,29,-16,118,0,5,1,1,0","elmaliern,arm_up,-123,-154,74,1,18,1,1,0","elmaliern,arm_low,-24,-169,84,1,8,1,1,0","white_human,open,48,-209,129,1,10,1,1,0","elmaliern,leg_up,91,-17,81.8,0,10,1.1,1,0","elmaliern,leg_low,170,11,65,0,10,1,1,0","elmaliern,foot,243,16,58.9,0,13,1,1,0","elmaliern,leg_up,123,-127,86.7,0,15,1,1,0","elmaliern,leg_low,202,-110,74,0,13,0.9,1,0","elmaliern,foot,262,-115,72,0,15,1,1,0","elmaliern,light_3,364,-386,-48,0,12,1,1,0",,"elmaliern,skirt,21,-81,80,0,8,1,1,0",,,,,,,,,,,,,,,,,,,,,,,,,,,,,,,,,,,,,,,,,,,,,,,,,,,,,,,,,,,,,,,,,,,,,,,,,,,,,,,,,,,,,,,,,,,,,,,,,,,,,
Die/7,"elmaliern,close,-291,-82,113,0,4,1,1,0","elmaliern,neck,-250,-79,96,0,7,1,1,0","elmaliern,body,-130,-77,80,0,6,1,1,0","elmaliern,arm_up,-148,-2,95.6,0,4,1,1,0","elmaliern,arm_low,-61,-11,90,1,4,1,1,0","white_human,open,4,-55,127,0,5,1,1,0","elmaliern,arm_up,-123,-144,74,1,18,1,1,0","elmaliern,arm_low,-24,-149,74,1,8,1,1,0","white_human,open,48,-180,129,1,10,1,1,0","elmaliern,leg_up,88,-3,101.8,0,10,1.1,1,0","elmaliern,leg_low,173,-3,85,0,10,1,1,0","elmaliern,foot,254,-16,58.9,0,13,1,1,0","elmaliern,leg_up,122,-125,96.7,0,15,1,1,0","elmaliern,leg_low,203,-122,84,0,13,0.9,1,0","elmaliern,foot,263,-144,82,0,15,1,1,0",,,"elmaliern,skirt,21,-61,90,0,8,1,1,0",,,,,,,,,,,,,,,,,,,,,,,,,,,,,,,,,,,,,,,,,,,,,,,,,,,,,,,,,,,,,,,,,,,,,,,,,,,,,,,,,,,,,,,,,,,"smoke_pop,base,367,-370,0,0,0,1,1,1",,,,,,,,,,"smoke_puff,1000,0"
Die/8,"elmaliern,close,-290,-56,126,0,4,1,1,0","elmaliern,neck,-249,-63,112,0,7,1,1,0","elmaliern,body,-130,-72,83,0,6,1,1,0","elmaliern,arm_up,-148,5,96.6,0,4,1,1,0","elmaliern,arm_low,-63,11,71,1,4,1,1,0","white_human,open,12,-10,108,0,5,1,1,0","elmaliern,arm_up,-125,-133,64,1,18,1,1,0","elmaliern,arm_low,-26,-124,64,1,8,1,1,0","white_human,open,50,-129,89,1,10,1,1,0","elmaliern,leg_up,88,-15,83.8,0,10,1.1,1,0","elmaliern,leg_low,173,-3,81,0,10,1,1,0","elmaliern,foot,254,-7,55.9,0,13,1,1,0","elmaliern,leg_up,122,-100,86.7,0,15,1,1,0","elmaliern,leg_low,201,-83,74,0,13,0.9,1,0","elmaliern,foot,264,-95,72,0,15,1,1,0",,,"elmaliern,skirt,21,-54,85,0,8,0.9,1,0",,,,,,,,,,,,,,,,,,,,,,,,,,,,,,,,,,,,,,,,,,,,,,,,,,,,,,,,,,,,,,,,,,,,,,,,,,,,,,,,,,,,,,,,,,,,,,,,,,,,,
Idle/0,"elmaliern,head,5,-569,-5,0,4,1,1,0","elmaliern,neck,-3,-513,0,0,7,1,1,0","elmaliern,body,-2,-411,-5,0,6,1,1,0","elmaliern,arm_up,-105,-422,-3.4,0,4,1,1,0","elmaliern,arm_low,-132,-322,-34,1,4,1,1,0","white_human,open,-134,-246,0,0,5,1,1,0","elmaliern,arm_up,88,-428,15,1,18,1,1,0","elmaliern,arm_low,157,-369,52,1,8,1,1,0","white_human,fist,221,-361,77,1,10,1,1,0","elmaliern,leg_up,-64,-179,-6.2,0,10,1.1,1,0","elmaliern,leg_low,-77,-90,-10,0,10,1,1,0","elmaliern,foot,-65,-21,-1.1,0,13,1,1,0","elmaliern,leg_up,36,-172,14.7,0,15,1,1,0","elmaliern,leg_low,50,-87,6,0,13,0.9,1,0","elmaliern,foot,83,-22,2,0,15,1,1,0","elmaliern,base,222,-282,0,0,12,1,1,0",,"elmaliern,skirt,-16,-254,-4,0,8,1,1,0",,,,,,,,,,,,,,,,,,,,,,,,,,,,,,,,,,,,,,,,,,,,,,,,,,,,,,,,,,,,,,,,,,,,,,,,,,,,,,,,,,,,,,,,,,,,,,,,,,,play_time_mod_2,,
Idle/1,"elmaliern,head,9,-566,-6,0,4,1,1,0","elmaliern,neck,1,-510,-1,0,7,1,1,0","elmaliern,body,0,-410,-7,0,6,1,1,0","elmaliern,arm_up,-101,-422,-4.4,0,4,1,1,0","elmaliern,arm_low,-130,-322,-35,1,4,1,1,0","white_human,open,-133,-246,0,0,5,1,1,0","elmaliern,arm_up,89,-426,14,1,18,1,1,0","elmaliern,arm_low,157,-366,51,1,8,1,1,0","white_human,fist,221,-357,76,1,10,1,1,0","elmaliern,leg_up,-64,-179,-6.2,0,10,1.1,1,0","elmaliern,leg_low,-77,-90,-10,0,10,1,1,0","elmaliern,foot,-65,-21,-1.1,0,13,1,1,0","elmaliern,leg_up,36,-172,14.7,0,15,1,1,0","elmaliern,leg_low,50,-87,6,0,13,0.9,1,0","elmaliern,foot,83,-22,2,0,15,1,1,0","elmaliern,base,221,-278,-1,0,12,1,1,0",,"elmaliern,skirt,-17,-251,-5,0,8,1,1,0",,,,,,,,,,,,,,,,,,,,,,,,,,,,,,,,,,,,,,,,,,,,,,,,,,,,,,,,,,,,,,,,,,,,,,,,,,,,,,,,,,,,,,,,,,,,,,,,,,,,,
Idle/2,"elmaliern,head,15,-563,-8,0,4,1,1,0","elmaliern,neck,4,-510,-3,0,7,1,1,0","elmaliern,body,1,-408,-8,0,6,1,1,0","elmaliern,arm_up,-100,-422,-6.4,0,4,1,1,0","elmaliern,arm_low,-130,-320,-33,1,4,1,1,0","white_human,open,-132,-244,1,0,5,1,1,0","elmaliern,arm_up,89,-424,13,1,18,1,1,0","elmaliern,arm_low,157,-365,50,1,8,1,1,0","white_human,fist,221,-354,75,1,10,1,1,0","elmaliern,leg_up,-64,-179,-6.2,0,10,1.1,1,0","elmaliern,leg_low,-77,-90,-10,0,10,1,1,0","elmaliern,foot,-65,-21,-1.1,0,13,1,1,0","elmaliern,leg_up,36,-172,14.7,0,15,1,1,0","elmaliern,leg_low,50,-87,6,0,13,0.9,1,0","elmaliern,foot,83,-22,2,0,15,1,1,0","elmaliern,base,219,-275,-2,0,12,1,1,0",,"elmaliern,skirt,-17,-251,-5,0,8,1,1,0",,,,,,,,,,,,,,,,,,,,,,,,,,,,,,,,,,,,,,,,,,,,,,,,,,,,,,,,,,,,,,,,,,,,,,,,,,,,,,,,,,,,,,,,,,,,,,,,,,,play_time_mod_1.25,,
Idle/3,"elmaliern,head,18,-561,-9,0,4,1,1,0","elmaliern,neck,7,-508,-4,0,7,1,1,0","elmaliern,body,2,-408,-9,0,6,1,1,0","elmaliern,arm_up,-99,-422,-6.4,0,4,1,1,0","elmaliern,arm_low,-129,-320,-33,1,4,1,1,0","white_human,open,-130,-244,1,0,5,1,1,0","elmaliern,arm_up,90,-422,12,1,18,1,1,0","elmaliern,arm_low,157,-362,49,1,8,1,1,0","white_human,fist,221,-350,74,1,10,1,1,0","elmaliern,leg_up,-64,-179,-6.2,0,10,1.1,1,0","elmaliern,leg_low,-77,-90,-10,0,10,1,1,0","elmaliern,foot,-65,-21,-1.1,0,13,1,1,0","elmaliern,leg_up,36,-172,14.7,0,15,1,1,0","elmaliern,leg_low,50,-87,6,0,13,0.9,1,0","elmaliern,foot,83,-22,2,0,15,1,1,0","elmaliern,base,218,-271,-3,0,12,1,1,0",,"elmaliern,skirt,-17,-251,-5,0,8,1,1,0",,,,,,,,,,,,,,,,,,,,,,,,,,,,,,,,,,,,,,,,,,,,,,,,,,,,,,,,,,,,,,,,,,,,,,,,,,,,,,,,,,,,,,,,,,,,,,,,,,,play_time_mod_1.5,,
Idle/4,"elmaliern,head,19,-560,-10,0,4,1,1,0","elmaliern,neck,7,-508,-4,0,7,1,1,0","elmaliern,body,2,-408,-9,0,6,1,1,0","elmaliern,arm_up,-99,-422,-5.4,0,4,1,1,0","elmaliern,arm_low,-129,-320,-32,1,4,1,1,0","white_human,open,-128,-244,2,0,5,1,1,0","elmaliern,arm_up,90,-421,12,1,18,1,1,0","elmaliern,arm_low,158,-360,48,1,8,1,1,0","white_human,fist,222,-347,73,1,10,1,1,0","elmaliern,leg_up,-64,-179,-6.2,0,10,1.1,1,0","elmaliern,leg_low,-77,-90,-10,0,10,1,1,0","elmaliern,foot,-65,-21,-1.1,0,13,1,1,0","elmaliern,leg_up,36,-172,14.7,0,15,1,1,0","elmaliern,leg_low,50,-87,6,0,13,0.9,1,0","elmaliern,foot,83,-22,2,0,15,1,1,0","elmaliern,base,217,-269,-4,0,12,1,1,0",,"elmaliern,skirt,-17,-251,-5,0,8,1,1,0",,,,,,,,,,,,,,,,,,,,,,,,,,,,,,,,,,,,,,,,,,,,,,,,,,,,,,,,,,,,,,,,,,,,,,,,,,,,,,,,,,,,,,,,,,,,,,,,,,,play_time_mod_1.25,,
Idle/5,"elmaliern,head,15,-563,-8,0,4,1,1,0","elmaliern,neck,4,-510,-3,0,7,1,1,0","elmaliern,body,1,-408,-8,0,6,1,1,0","elmaliern,arm_up,-100,-422,-6.4,0,4,1,1,0","elmaliern,arm_low,-130,-320,-33,1,4,1,1,0","white_human,open,-132,-244,1,0,5,1,1,0","elmaliern,arm_up,89,-424,13,1,18,1,1,0","elmaliern,arm_low,157,-365,50,1,8,1,1,0","white_human,fist,221,-354,75,1,10,1,1,0","elmaliern,leg_up,-64,-179,-6.2,0,10,1.1,1,0","elmaliern,leg_low,-77,-90,-10,0,10,1,1,0","elmaliern,foot,-65,-21,-1.1,0,13,1,1,0","elmaliern,leg_up,36,-172,14.7,0,15,1,1,0","elmaliern,leg_low,50,-87,6,0,13,0.9,1,0","elmaliern,foot,83,-22,2,0,15,1,1,0","elmaliern,base,219,-275,-2,0,12,1,1,0",,"elmaliern,skirt,-17,-251,-5,0,8,1,1,0",,,,,,,,,,,,,,,,,,,,,,,,,,,,,,,,,,,,,,,,,,,,,,,,,,,,,,,,,,,,,,,,,,,,,,,,,,,,,,,,,,,,,,,,,,,,,,,,,,,,,
Idle/6,"elmaliern,head,9,-566,-6,0,4,1,1,0","elmaliern,neck,1,-510,-1,0,7,1,1,0","elmaliern,body,0,-410,-7,0,6,1,1,0","elmaliern,arm_up,-101,-422,-4.4,0,4,1,1,0","elmaliern,arm_low,-130,-322,-35,1,4,1,1,0","white_human,open,-133,-246,0,0,5,1,1,0","elmaliern,arm_up,89,-426,14,1,18,1,1,0","elmaliern,arm_low,157,-366,51,1,8,1,1,0","white_human,fist,221,-357,76,1,10,1,1,0","elmaliern,leg_up,-64,-179,-6.2,0,10,1.1,1,0","elmaliern,leg_low,-77,-90,-10,0,10,1,1,0","elmaliern,foot,-65,-21,-1.1,0,13,1,1,0","elmaliern,leg_up,36,-172,14.7,0,15,1,1,0","elmaliern,leg_low,50,-87,6,0,13,0.9,1,0","elmaliern,foot,83,-22,2,0,15,1,1,0","elmaliern,base,221,-278,-1,0,12,1,1,0",,"elmaliern,skirt,-17,-251,-5,0,8,1,1,0",,,,,,,,,,,,,,,,,,,,,,,,,,,,,,,,,,,,,,,,,,,,,,,,,,,,,,,,,,,,,,,,,,,,,,,,,,,,,,,,,,,,,,,,,,,,,,,,,,,,,
Knockdown/0,"elmaliern,head,51,-549,-14,0,4,1,1,0","elmaliern,neck,31,-509,-26,0,7,1,1,0","elmaliern,body,12,-400,-15,0,6,1,1,0","elmaliern,arm_up,-89,-424,-14.4,0,4,1,1,0","elmaliern,arm_low,-130,-330,-35,1,4,1,1,0","white_human,open,-127,-252,10,0,5,1,1,0","elmaliern,arm_up,94,-413,12,1,18,1,1,0","elmaliern,arm_low,155,-348,44,1,8,1,1,0","white_human,fist,218,-327,69,1,10,1,1,0","elmaliern,leg_up,-64,-179,-6.2,0,10,1.1,1,0","elmaliern,leg_low,-88,-97,-20,0,10,1,1,0","elmaliern,foot,-90,-24,-18.1,0,13,1,1,0","elmaliern,leg_up,41,-172,20.7,0,15,1,1,0","elmaliern,leg_low,54,-87,4,0,13,0.9,1,0","elmaliern,foot,85,-22,2,0,15,1,1,0","elmaliern,base,207,-252,-8,0,12,1,1,0",,"elmaliern,skirt,-19,-246,-8,0,8,1,1,0",,,,,,,,,,,,,,,,,,,,,,,,,,,,,,,,,,,,,,,,,,,,,,,,,,,,,,,,,,,,,,,,,,,,,,,,,,,,,,,,,,,,,,,,,,,,,,,,,,,,,
Knockdown/1,"elmaliern,head,72,-549,-23,0,4,1,1,0","elmaliern,neck,47,-509,-30,0,7,1,1,0","elmaliern,body,20,-403,-19,0,6,1,1,0","elmaliern,arm_up,-79,-441,-20.4,0,4,1,1,0","elmaliern,arm_low,-129,-357,-49,1,4,1,1,0","white_human,open,-148,-284,-11,0,5,1,1,0","elmaliern,arm_up,102,-409,8,1,18,1,1,0","elmaliern,arm_low,158,-335,30,1,8,1,1,0","white_human,fist,217,-299,55,1,10,1,1,0","elmaliern,leg_up,-81,-193,-20.2,0,10,1.1,1,0","elmaliern,leg_low,-123,-118,-34,0,10,1,1,0","elmaliern,foot,-142,-48,-32.1,0,13,1,1,0","elmaliern,leg_up,33,-172,16.7,0,15,1,1,0","elmaliern,leg_low,24,-85,-20,0,13,0.9,1,0","elmaliern,foot,25,-20,-12,0,15,1,1,0","elmaliern,base,184,-229,-22,0,12,1,1,0",,"elmaliern,skirt,-23,-250,-12,0,8,1,1,0",,,,,,,,,,,,,,,,,,,,,,,,,,,,,,,,,,,,,,,,,,,,,,,,,,,,,,,,,,,,,,,,,,,,,,,,,,,,,,,,,,,,,,,,,,,,,,,,,,,,,
Knockdown/2,"elmaliern,close,120,-547,-38,0,4,1,1,0","elmaliern,neck,87,-516,-40,0,7,1,1,0","elmaliern,body,40,-417,-29,0,6,1,1,0","elmaliern,arm_up,-49,-489,-50.4,0,4,1,1,0","elmaliern,arm_low,-135,-436,-71,1,4,1,1,0","white_human,open,-186,-376,-46,0,5,1,1,0","elmaliern,arm_up,122,-408,-2,1,18,1,1,0","elmaliern,arm_low,168,-327,20,1,8,1,1,0","white_human,fist,220,-281,45,1,10,1,1,0","elmaliern,leg_up,-93,-227,-30.2,0,10,1.1,1,0","elmaliern,leg_low,-150,-162,-44,0,10,1,1,0","elmaliern,foot,-182,-92,-42.1,0,13,1,1,0","elmaliern,leg_up,17,-186,6.7,0,15,1,1,0","elmaliern,leg_low,-16,-103,-40,0,13,0.9,1,0","elmaliern,foot,-43,-39,-42,0,15,1,1,0","elmaliern,base,174,-208,-34,0,12,1,1,0",,"elmaliern,skirt,-27,-274,-22,0,8,1,1,0",,,,,,,,,,,,,,,,,,,,,,,,,,,,,,,,,,,,,,,,,,,,,,,,,,,,,,,,,,,,,,,,,,,,,,,,,,,,,,,,,,,,,,,,,,,,,,,,,,,hold,,
Knockdown/3,"elmaliern,close,202,-493,-58,0,4,1,1,0","elmaliern,neck,160,-475,-60,0,7,1,1,0","elmaliern,body,81,-399,-49,0,6,1,1,0","elmaliern,arm_up,7,-483,-50.4,0,4,1,1,0","elmaliern,arm_low,-79,-430,-71,1,4,1,1,0","white_human,open,-130,-371,-46,0,5,1,1,0","elmaliern,arm_up,155,-362,-22,1,18,1,1,0","elmaliern,arm_low,143,-257,-32,1,3,1,1,0","white_human,fist,140,-188,-7,1,5,1,1,0","elmaliern,leg_up,-109,-273,-54.2,0,10,1.1,1,0","elmaliern,leg_low,-192,-239,-74,0,10,1,1,0","elmaliern,foot,-254,-195,-72.1,0,13,1,1,0","elmaliern,leg_up,-20,-190,-13.3,0,15,1,1,0","elmaliern,leg_low,-78,-125,-64,0,13,0.9,1,0","elmaliern,foot,-136,-76,-82,0,15,1,1,0","elmaliern,base,51,-180,-86,0,7,1,1,0",,"elmaliern,skirt,-31,-287,-42,0,8,1,1,0",,,,,,,,,,,,,,,,,,,,,,,,,,,,,,,,,,,,,,,,,,,,,,,,,,,,,,,,,,,,,,,,,,,,,,,,,,,,,,,,,,,,,,,,,,,,,,,,,,,,,
Knockdown/4,"elmaliern,close,260,-350,-82,0,4,1,1,0","elmaliern,neck,214,-352,-80,0,7,1,1,0","elmaliern,body,113,-308,-69,0,6,1,1,0","elmaliern,arm_up,67,-395,-60.4,0,4,1,1,0","elmaliern,arm_low,-27,-358,-81,1,4,1,1,0","white_human,open,-88,-309,-56,0,5,1,1,0","elmaliern,arm_up,157,-232,-52,1,18,1,1,0","elmaliern,arm_low,94,-156,-72,1,3,1,1,0","white_human,fist,47,-106,-47,1,5,1,1,0","elmaliern,leg_up,-108,-254,-74.2,0,10,1.1,1,0","elmaliern,leg_low,-197,-251,-94,0,10,1,1,0","elmaliern,foot,-271,-230,-92.1,0,13,1,1,0","elmaliern,leg_up,-53,-145,-33.3,0,15,1,1,0","elmaliern,leg_low,-130,-104,-84,0,13,0.9,1,0","elmaliern,foot,-201,-78,-102,0,15,1,1,0","elmaliern,base,-27,-157,-126,0,7,1,1,0",,"elmaliern,skirt,-29,-240,-62,0,8,1,1,0",,,,,,,,,,,,,,,,,,,,,,,,,,,,,,,,,,,,,,,,,,,,,,,,,,,,,,,,,,,,,,,,,,,,,,,,,,,,,,,,,,,,,,,,,,,,,,,,,,,,,
Knockdown/5,"elmaliern,close,284,-191,-106,0,4,1,1,0","elmaliern,neck,242,-211,-100,0,7,1,1,0","elmaliern,body,132,-204,-89,0,6,1,1,0","elmaliern,arm_up,117,-291,-70.4,0,4,1,1,0","elmaliern,arm_low,18,-271,-91,1,4,1,1,0","white_human,open,-54,-234,-66,0,5,1,1,0","elmaliern,arm_up,149,-110,-92,1,18,1,1,0","elmaliern,arm_low,48,-91,-110,1,3,1,1,0","white_human,fist,-22,-82,-84,1,5,1,1,0","elmaliern,leg_up,-94,-230,-94.2,0,10,1.1,1,0","elmaliern,leg_low,-180,-257,-114,0,10,1,1,0","elmaliern,foot,-256,-265,-120.1,0,13,1,1,0","elmaliern,leg_up,-90,-108,-63.3,0,15,1,1,0","elmaliern,leg_low,-177,-108,-109,0,13,0.9,1,0","elmaliern,foot,-253,-123,-132,0,15,1,1,0","elmaliern,base,-53,-163,-164,0,7,1,1,0",,"elmaliern,skirt,-25,-193,-82,0,8,1,1,0",,,,,,,,,,,,,,,,,,,,,,,,,,,,,,,,,,,,,,,,,,,,,,,,,,,,,,,,,,,,,,,,,,,,,,,,,,,,,,,,,,,,,,,,,,,,,,,,,,,play_time_mod_0.5,,
Knockdown/6,"elmaliern,close,281,-71,-116,0,4,1,1,0","elmaliern,neck,243,-98,-110,0,7,1,1,0","elmaliern,body,133,-110,-99,0,6,1,1,0","elmaliern,arm_up,133,-199,-80.4,0,4,1,1,0","elmaliern,arm_low,32,-197,-98,1,4,1,1,0","white_human,open,-45,-161,-61,0,5,1,1,0","elmaliern,arm_up,124,-29,-112,1,18,1,1,0","elmaliern,arm_low,21,-47,-132,1,3,1,1,0","white_human,fist,-51,-65,-107,1,5,1,1,0","elmaliern,leg_up,-85,-172,-92.2,0,10,1.1,1,0","elmaliern,leg_low,-175,-192,-107,0,10,1,1,0","elmaliern,foot,-250,-193,-113.1,0,13,1,1,0","elmaliern,leg_up,-100,-58,-63.3,0,15,1,1,0","elmaliern,leg_low,-190,-60,-112,0,13,0.9,1,0","elmaliern,foot,-262,-63,-132,0,15,1,1,0","elmaliern,base,-45,-152,180,0,7,1,1,0",,"elmaliern,skirt,-23,-127,-92,0,8,1,1,0",,,,,,,,,,,,,,,,,,,,,,,,,,,,,,,,,,,,,,,,,,,,,,,,,,,,,,,,,,,,,,,,,,,,,,,,,,,,,,,,,,,,,,,,,,,,,,,,,,,play_time_mod_0.5,,
Knockdown/7,"elmaliern,close,281,-50,-121,0,4,1,1,0","elmaliern,neck,243,-77,-110,0,7,1,1,0","elmaliern,body,133,-89,-99,0,6,1,1,0","elmaliern,arm_up,133,-175,-77.4,0,4,1,1,0","elmaliern,arm_low,32,-172,-95,1,4,1,1,0","white_human,open,-43,-125,-54,0,5,1,1,0","elmaliern,arm_up,124,-8,-112,1,18,1,1,0","elmaliern,arm_low,21,-27,-134,1,3,1,1,0","white_human,fist,-51,-49,-109,1,5,1,1,0","elmaliern,leg_up,-84,-149,-82.2,0,10,1.1,1,0","elmaliern,leg_low,-176,-153,-97,0,10,1,1,0","elmaliern,foot,-248,-138,-103.1,0,13,1,1,0","elmaliern,leg_up,-100,-37,-63.3,0,15,1,1,0","elmaliern,leg_low,-190,-33,-102,0,13,0.9,1,0","elmaliern,foot,-262,-29,-129,0,15,1,1,0","elmaliern,base,-48,-122,180,0,7,1,1,0",,"elmaliern,skirt,-23,-106,-92,0,8,1,1,0",,,,,,,,,,,,,,,,,,,,,,,,,,,,,,,,,,,,,,,,,,,,,,,,,,,,,,,,,,,,,,,,,,,,,,,,,,,,,,,,,,,,,,,,,,,,,,,,,,,,,
Knockdown/8,"elmaliern,close,281,-46,-124,0,4,1,1,0","elmaliern,neck,239,-78,-115,0,7,1,1,0","elmaliern,body,133,-80,-93,0,6,1,1,0","elmaliern,arm_up,127,-161,-67.4,0,4,1,1,0","elmaliern,arm_low,28,-136,-85,1,4,1,1,0","white_human,open,-37,-77,-44,0,5,1,1,0","elmaliern,arm_up,126,-14,-102,1,18,1,1,0","elmaliern,arm_low,21,-14,-124,1,3,1,1,0","white_human,fist,-53,-23,-99,1,5,1,1,0","elmaliern,leg_up,-94,-123,-72.2,0,10,1.1,1,0","elmaliern,leg_low,-175,-93,-69,0,10,1,1,0","elmaliern,foot,-245,-49,-103.1,0,13,1,1,0","elmaliern,leg_up,-100,-37,-63.3,0,15,1,1,0","elmaliern,leg_low,-188,-18,-84,0,13,0.9,1,0","elmaliern,foot,-262,-9,-147,0,15,1,1,0","elmaliern,base,-47,-81,170,0,7,1,1,0",,"elmaliern,skirt,-23,-86,-82,0,8,1,1,0",,,,,,,,,,,,,,,,,,,,,,,,,,,,,,,,,,,,,,,,,,,,,,,,,,,,,,,,,,,,,,,,,,,,,,,,,,,,,,,,,,,,,,,,,,,,,,,,,,,,,
Knockdown/9,"elmaliern,close,281,-45,-126,0,4,1,1,0","elmaliern,neck,239,-78,-115,0,7,1,1,0","elmaliern,body,133,-80,-93,0,6,1,1,0","elmaliern,arm_up,127,-159,-66.4,0,4,1,1,0","elmaliern,arm_low,27,-134,-84,1,4,1,1,0","white_human,open,-36,-73,-43,0,5,1,1,0","elmaliern,arm_up,126,-14,-102,1,18,1,1,0","elmaliern,arm_low,21,-16,-119,1,3,1,1,0","white_human,fist,-53,-15,-94,1,5,1,1,0","elmaliern,leg_up,-100,-115,-56.2,0,10,1.1,1,0","elmaliern,leg_low,-175,-84,-72,0,10,1,1,0","elmaliern,foot,-245,-44,-112.1,0,13,1,1,0","elmaliern,leg_up,-100,-37,-66.3,0,15,1,1,0","elmaliern,leg_low,-188,-18,-84,0,13,0.9,1,0","elmaliern,foot,-262,-9,-147,0,15,1,1,0","elmaliern,base,-47,-76,164,0,7,1,1,0",,"elmaliern,skirt,-23,-83,-81,0,8,1,1,0",,,,,,,,,,,,,,,,,,,,,,,,,,,,,,,,,,,,,,,,,,,,,,,,,,,,,,,,,,,,,,,,,,,,,,,,,,,,,,,,,,,,,,,,,,,,,,,,,,,,,
Run/0,"elmaliern,head,40,-538,-8,0,4,1,1,0","elmaliern,neck,29,-484,-2,0,7,1,1,0","elmaliern,body,15,-390,-11,0,6,1,1,0","elmaliern,arm_up,-39,-400,32.6,0,4,1,1,0","elmaliern,arm_low,6,-310,32,1,4,1,1,0","white_human,open,76,-274,66,0,5,1,1,0","elmaliern,arm_up,113,-411,34,1,18,1,1,0","elmaliern,arm_low,205,-360,49,1,8,1,1,0","white_human,fist,268,-347,74,1,10,1,1,0","elmaliern,leg_up,-74,-179,-26.2,0,10,1.1,1,0","elmaliern,leg_low,-127,-109,-45,0,10,1,1,0","elmaliern,foot,-157,-45,-41.1,0,13,1,1,0","elmaliern,leg_up,51,-175,32.7,0,15,1,1,0","elmaliern,leg_low,85,-87,17,0,13,0.9,1,0","elmaliern,foot,125,-22,4,0,15,1,1,0","elmaliern,base,243,-280,-23,0,12,1,1,0",,"elmaliern,skirt,-9,-237,-5,0,8,1,1,0",,,,,,,,,,,,,,,,,,,,,,,,,,,,,,,,,,,,,,,,,,,,,,,,,,,,,,,,,,,,,,,,,,,,,,,,,,,,,,,,,,,,,,,,,,,,,,,,,,,,play_time_mod_0.8,
Run/1,"elmaliern,head,32,-545,-3,0,4,1,1,0","elmaliern,neck,22,-491,-1,0,7,1,1,0","elmaliern,body,10,-395,-10,0,6,1,1,0","elmaliern,arm_up,-54,-405,18.6,0,4,1,1,0","elmaliern,arm_low,-24,-321,23,1,4,1,1,0","white_human,open,39,-274,57,0,5,1,1,0","elmaliern,arm_up,105,-420,35,1,18,1,1,0","elmaliern,arm_low,196,-371,55,1,8,1,1,0","white_human,fist,260,-366,83,1,10,1,1,0","elmaliern,leg_up,-44,-189,-36.2,0,10,1.1,1,0","elmaliern,leg_low,-117,-139,-65,0,10,1,1,0","elmaliern,foot,-167,-95,-71.1,0,13,1,1,0","elmaliern,leg_up,45,-168,18.7,0,15,1,1,0","elmaliern,leg_low,67,-87,15,0,13,0.9,1,0","elmaliern,foot,103,-22,2,0,15,1,1,0","elmaliern,base,247,-290,-7,0,12,1,1,0",,"elmaliern,skirt,-14,-238,-2,0,8,1,1,0",,,,,,,,,,,,,,,,,,,,,,,,,,,,,,,,,,,,,,,,,,,,,,,,,,,,,,,,,,,,,,,,,,,,,,,,,,,,,,,,,,,,,,,,,,,,,,,,,,,,play_time_mod_0.8,
Run/2,"elmaliern,head,22,-551,-2,0,4,1,1,0","elmaliern,neck,12,-497,0,0,7,1,1,0","elmaliern,body,5,-401,-7,0,6,1,1,0","elmaliern,arm_up,-82,-407,8.6,0,4,1,1,0","elmaliern,arm_low,-67,-319,13,1,4,1,1,0","white_human,open,-13,-262,47,0,5,1,1,0","elmaliern,arm_up,104,-426,37,1,18,1,1,0","elmaliern,arm_low,194,-380,57,1,8,1,1,0","white_human,fist,258,-377,85,1,10,1,1,0","elmaliern,leg_up,-33,-200,-8.2,0,10,1.1,1,0","elmaliern,leg_low,-87,-139,-65,0,10,1,1,0","elmaliern,foot,-137,-95,-71.1,0,13,1,1,0","elmaliern,leg_up,41,-173,8.7,0,15,1,1,0","elmaliern,leg_low,47,-89,2,0,13,0.9,1,0","elmaliern,foot,73,-22,2,0,15,1,1,0","elmaliern,base,264,-299,5,0,12,1,1,0",,"elmaliern,skirt,-17,-242,-4,0,8,1,1,0",,,,,,,,,,,,,,,,,,,,,,,,,,,,,,,,,,,,,,,,,,,,,,,,,,,,,,,,,,,,,,,,,,,,,,,,,,,,,,,,,,,,,,,,,,,,,,,,,,,,play_time_mod_0.8,
Run/3,"elmaliern,head,14,-554,-2,0,4,1,1,0","elmaliern,neck,4,-500,0,0,7,1,1,0","elmaliern,body,-1,-400,-4,0,6,1,1,0","elmaliern,arm_up,-94,-411,-1.4,0,4,1,1,0","elmaliern,arm_low,-94,-322,3,1,4,1,1,0","white_human,open,-51,-256,37,0,5,1,1,0","elmaliern,arm_up,101,-433,40,1,18,1,1,0","elmaliern,arm_low,194,-392,63,1,8,1,1,0","white_human,fist,258,-395,82,1,10,1,1,0","elmaliern,leg_up,18,-190,21.8,0,10,1.1,1,0","elmaliern,leg_low,-6,-131,-55,0,10,1,1,0","elmaliern,foot,-48,-79,-61.1,0,13,1,1,0","elmaliern,leg_up,14,-173,-11.3,0,15,1,1,0","elmaliern,leg_low,-10,-89,-18,0,13,0.9,1,0","elmaliern,foot,-7,-19,-6,0,15,1,1,0","elmaliern,base,282,-318,12,0,12,1,1,0",,"elmaliern,skirt,-15,-243,2,0,8,1,1,0",,,,,,,,,,,,,,,,,,,,,,,,,,,,,,,,,,,,,,,,,,,,,,,,,,,,,,,,,,,,,,,,,,,,,,,,,,,,,,,,,,,,,,,,,,,,,,,,,,,,play_time_mod_0.8,
Run/4,"elmaliern,head,15,-544,-4,0,4,1,1,0","elmaliern,neck,5,-493,-2,0,7,1,1,0","elmaliern,body,1,-390,-6,0,6,1,1,0","elmaliern,arm_up,-100,-409,-11.4,0,4,1,1,0","elmaliern,arm_low,-123,-323,-13,1,4,1,1,0","white_human,open,-102,-252,18,0,5,1,1,0","elmaliern,arm_up,113,-421,38,1,18,1,1,0","elmaliern,arm_low,204,-376,61,1,8,1,1,0","white_human,fist,268,-377,80,1,10,1,1,0","elmaliern,leg_up,40,-190,28.8,0,10,1.1,1,0","elmaliern,leg_low,53,-96,-5,0,10,1,1,0","elmaliern,foot,67,-34,-11.1,0,13,1,1,0","elmaliern,leg_up,-26,-170,-21.3,0,15,1,1,0","elmaliern,leg_low,-73,-93,-36,0,13,0.9,1,0","elmaliern,foot,-89,-26,-21,0,15,1,1,0","elmaliern,base,292,-298,13,0,12,1,1,0",,"elmaliern,skirt,-6,-237,5,0,8,1,1,0",,,,,,,,,,,,,,,,,,,,,,,,,,,,,,,,,,,,,,,,,,,,,,,,,,,,,,,,,,,,,,,,,,,,,,,,,,,,,,,,,,,,,,,,,,,,,,,,,,,,play_time_mod_0.8,
Run/5,"elmaliern,head,18,-536,-6,0,4,1,1,0","elmaliern,neck,8,-485,-4,0,7,1,1,0","elmaliern,body,1,-382,-8,0,6,1,1,0","elmaliern,arm_up,-106,-407,-21.4,0,4,1,1,0","elmaliern,arm_low,-157,-326,-48,1,4,1,1,0","white_human,open,-178,-253,-17,0,5,1,1,0","elmaliern,arm_up,113,-411,38,1,18,1,1,0","elmaliern,arm_low,204,-363,59,1,8,1,1,0","white_human,fist,268,-358,78,1,10,1,1,0","elmaliern,leg_up,67,-163,38.8,0,10,1.1,1,0","elmaliern,leg_low,100,-77,12,0,10,1,1,0","elmaliern,foot,137,-26,10.9,0,13,1,1,0","elmaliern,leg_up,-54,-170,-21.3,0,15,1.1,1,0","elmaliern,leg_low,-114,-90,-46,0,13,0.9,1,0","elmaliern,foot,-141,-29,-41,0,15,1,1,0","elmaliern,base,298,-286,19,0,12,1,1,0",,"elmaliern,skirt,-6,-230,6,0,8,1,1,0",,,,,,,,,,,,,,,,,,,,,,,,,,,,,,,,,,,,,,,,,,,,,,,,,,,,,,,,,,,,,,,,,,,,,,,,,,,,,,,,,,,,,,,,,,,,,,,,,,,,play_time_mod_0.8,
Run/6,"elmaliern,head,8,-537,-4,0,4,1,1,0","elmaliern,neck,-2,-486,-2,0,7,1,1,0","elmaliern,body,-4,-383,-5,0,6,1,1,0","elmaliern,arm_up,-115,-393,-11.4,0,4,1,1,0","elmaliern,arm_low,-149,-307,-38,1,4,1,1,0","white_human,open,-157,-232,-7,0,5,1,1,0","elmaliern,arm_up,105,-415,36,1,18,1,1,0","elmaliern,arm_low,190,-367,55,1,8,1,1,0","white_human,fist,258,-359,78,1,10,1,1,0","elmaliern,leg_up,67,-154,27.8,0,10,1.1,1,0","elmaliern,leg_low,90,-69,8,0,10,1,1,0","elmaliern,foot,122,-14,0.9,0,13,1,1,0","elmaliern,leg_up,-58,-170,-31.3,0,15,1.1,1,0","elmaliern,leg_low,-116,-107,-46,0,13,1,1,0","elmaliern,foot,-151,-50,-61,0,15,1,1,0","elmaliern,base,281,-285,14,0,12,1,1,0",,"elmaliern,skirt,-12,-230,3,0,8,1,1,0",,,,,,,,,,,,,,,,,,,,,,,,,,,,,,,,,,,,,,,,,,,,,,,,,,,,,,,,,,,,,,,,,,,,,,,,,,,,,,,,,,,,,,,,,,,,,,,,,,,,play_time_mod_0.8,
Run/7,"elmaliern,head,3,-544,-1,0,4,1,1,0","elmaliern,neck,-7,-493,1,0,7,1,1,0","elmaliern,body,-5,-388,-4,0,6,1,1,0","elmaliern,arm_up,-105,-403,-8.4,0,4,1,1,0","elmaliern,arm_low,-133,-307,-25,1,4,1,1,0","white_human,open,-122,-229,6,0,5,1,1,0","elmaliern,arm_up,98,-417,36,1,18,1,1,0","elmaliern,arm_low,181,-372,61,1,8,1,1,0","white_human,fist,249,-372,84,1,10,1,1,0","elmaliern,leg_up,43,-154,17.8,0,10,1.1,1,0","elmaliern,leg_low,60,-69,8,0,10,1,1,0","elmaliern,foot,92,-14,0.9,0,13,1,1,0","elmaliern,leg_up,-28,-180,-1.3,0,15,1.1,1,0","elmaliern,leg_low,-77,-122,-66,0,13,1,1,0","elmaliern,foot,-130,-79,-81,0,15,1,1,0","elmaliern,base,268,-300,12,0,12,1,1,0",,"elmaliern,skirt,-12,-236,-1,0,8,1,1,0",,,,,,,,,,,,,,,,,,,,,,,,,,,,,,,,,,,,,,,,,,,,,,,,,,,,,,,,,,,,,,,,,,,,,,,,,,,,,,,,,,,,,,,,,,,,,,,,,,,,play_time_mod_0.8,
Run/8,"elmaliern,head,0,-550,2,0,4,1,1,0","elmaliern,neck,-10,-496,2,0,7,1,1,0","elmaliern,body,-6,-394,-3,0,6,1,1,0","elmaliern,arm_up,-101,-404,-1.4,0,4,1,1,0","elmaliern,arm_low,-114,-307,-18,1,4,1,1,0","white_human,open,-92,-233,13,0,5,1,1,0","elmaliern,arm_up,96,-423,36,1,18,1,1,0","elmaliern,arm_low,177,-378,61,1,8,1,1,0","white_human,fist,245,-378,84,1,10,1,1,0","elmaliern,leg_up,-7,-160,7.8,0,10,1.1,1,0","elmaliern,leg_low,0,-70,3,0,10,1,1,0","elmaliern,foot,28,-15,0.9,0,13,1,1,0","elmaliern,leg_up,36,-188,8.7,0,15,1.1,1,0","elmaliern,leg_low,-4,-122,-56,0,13,1,1,0","elmaliern,foot,-48,-71,-71,0,15,1,1,0","elmaliern,base,250,-303,1,0,12,1,1,0",,"elmaliern,skirt,-10,-236,0,0,8,1,1,0",,,,,,,,,,,,,,,,,,,,,,,,,,,,,,,,,,,,,,,,,,,,,,,,,,,,,,,,,,,,,,,,,,,,,,,,,,,,,,,,,,,,,,,,,,,,,,,,,,,,play_time_mod_0.8,
Run/9,"elmaliern,head,14,-547,-1,0,4,1,1,0","elmaliern,neck,5,-496,-1,0,7,1,1,0","elmaliern,body,5,-393,-6,0,6,1,1,0","elmaliern,arm_up,-86,-402,4.6,0,4,1,1,0","elmaliern,arm_low,-86,-308,-2,1,4,1,1,0","white_human,open,-49,-243,29,0,5,1,1,0","elmaliern,arm_up,109,-421,36,1,18,1,1,0","elmaliern,arm_low,192,-377,56,1,8,1,1,0","white_human,fist,260,-367,79,1,10,1,1,0","elmaliern,leg_up,-39,-150,-12.2,0,10,1.1,1,0","elmaliern,leg_low,-50,-70,-7,0,10,1,1,0","elmaliern,foot,-32,-15,0.9,0,13,1,1,0","elmaliern,leg_up,47,-188,40.7,0,15,1.1,1,0","elmaliern,leg_low,46,-122,-36,0,13,1,1,0","elmaliern,foot,24,-61,-51,0,15,1,1,0","elmaliern,base,251,-294,-8,0,12,1,1,0",,"elmaliern,skirt,-5,-234,3,0,8,1,1,0",,,,,,,,,,,,,,,,,,,,,,,,,,,,,,,,,,,,,,,,,,,,,,,,,,,,,,,,,,,,,,,,,,,,,,,,,,,,,,,,,,,,,,,,,,,,,,,,,,,,play_time_mod_0.8,
Run/10,"elmaliern,head,28,-543,-3,0,4,1,1,0","elmaliern,neck,19,-492,-3,0,7,1,1,0","elmaliern,body,14,-389,-10,0,6,1,1,0","elmaliern,arm_up,-67,-401,11.6,0,4,1,1,0","elmaliern,arm_low,-53,-305,5,1,4,1,1,0","white_human,open,-8,-244,36,0,5,1,1,0","elmaliern,arm_up,115,-418,38,1,18,1,1,0","elmaliern,arm_low,200,-372,46,1,8,1,1,0","white_human,fist,265,-351,69,1,10,1,1,0","elmaliern,leg_up,-59,-150,-20.2,0,10,1.1,1,0","elmaliern,leg_low,-94,-71,-27,0,10,1,1,0","elmaliern,foot,-96,-14,-19.1,0,13,1,1,0","elmaliern,leg_up,47,-188,50.7,0,15,1.1,1,0","elmaliern,leg_low,88,-99,13,0,13,1,1,0","elmaliern,foot,122,-44,-2,0,15,1,1,0","elmaliern,base,234,-282,-28,0,12,1,1,0",,"elmaliern,skirt,-3,-234,3,0,8,1,1,0",,,,,,,,,,,,,,,,,,,,,,,,,,,,,,,,,,,,,,,,,,,,,,,,,,,,,,,,,,,,,,,,,,,,,,,,,,,,,,,,,,,,,,,,,,,,,,,,,,,,play_time_mod_0.8,
Standup/0,"elmaliern,head,281,-88,-77,0,4,1,1,0","elmaliern,neck,239,-93,-110,0,7,1,1,0","elmaliern,body,133,-84,-88,0,6,1,1,0","elmaliern,arm_up,127,-161,-67.4,0,4,1,1,0","elmaliern,arm_low,28,-136,-85,1,4,1,1,0","white_human,open,-37,-77,-44,0,5,1,1,0","elmaliern,arm_up,136,-12,-99,1,18,1,1,0","elmaliern,arm_low,38,-1,-114,1,3,1,1,0","white_human,fist,-36,3,-89,1,5,1,1,0","elmaliern,leg_up,-94,-123,-72.2,0,10,1.1,1,0","elmaliern,leg_low,-175,-85,-63,0,10,1,1,0","elmaliern,foot,-235,-30,-83.1,0,13,1,1,0","elmaliern,leg_up,-79,-32,-63.3,0,15,1,1,0","elmaliern,leg_low,-167,-8,-81,0,13,0.9,1,0","elmaliern,foot,-252,16,-127,0,15,1,1,0","elmaliern,base,-40,-55,180,0,7,1,1,0",,"elmaliern,skirt,-23,-86,-82,0,8,1,1,0",,,,,,,,,,,,,,,,,,,,,,,,,,,,,,,,,,,,,,,,,,,,,,,,,,,,,,,,,,,,,,,,,,,,,,,,,,,,,,,,,,,,,,,,,,,,,,,,,,,,play_time_mod_0.7,
Standup/1,"elmaliern,head,270,-201,-52,0,4,1,1,0","elmaliern,neck,228,-191,-90,0,7,1,1,0","elmaliern,body,129,-130,-68,0,6,1,1,0","elmaliern,arm_up,100,-192,-33.4,0,4,1,1,0","elmaliern,arm_low,29,-117,-55,1,4,1,1,0","white_human,open,1,-34,-14,0,5,1,1,0","elmaliern,arm_up,186,-54,-48,1,18,1,1,0","elmaliern,arm_low,120,1,-104,1,3,1,1,0","white_human,fist,48,18,-79,1,5,1,1,0","elmaliern,leg_up,-103,-75,-32.2,0,10,1.1,1,0","elmaliern,leg_low,-180,-27,-73,0,10,1,1,0","elmaliern,foot,-233,12,-93.1,0,13,1,1,0","elmaliern,leg_up,-51,-20,-33.3,0,15,1,1,0","elmaliern,leg_low,-130,22,-81,0,13,0.9,1,0","elmaliern,foot,-191,68,-77,0,15,1,1,0","elmaliern,base,5,-39,-150,0,7,1,1,0",,"elmaliern,skirt,-15,-83,-72,0,8,1,1,0",,,,,,,,,,,,,,,,,,,,,,,,,,,,,,,,,,,,,,,,,,,,,,,,,,,,,,,,,,,,,,,,,,,,,,,,,,,,,,,,,,,,,,,,,,,,,,,,,,,,play_time_mod_0.7,
Standup/2,"elmaliern,head,245,-323,-33,0,4,1,1,0","elmaliern,neck,201,-297,-52,0,7,1,1,0","elmaliern,body,116,-233,-60,0,6,1,1,0","elmaliern,arm_up,82,-280,-15.4,0,4,1,1,0","elmaliern,arm_low,38,-183,-35,1,4,1,1,0","white_human,open,34,-99,-1,0,5,1,1,0","elmaliern,arm_up,183,-170,-30,1,18,1,1,0","elmaliern,arm_low,146,-84,-66,1,3,1,1,0","white_human,fist,107,-31,-36,1,5,1,1,0","elmaliern,leg_up,-111,-115,-28.2,0,10,1.2,1,0","elmaliern,leg_low,-178,-47,-54,0,10,1,1,0","elmaliern,foot,-211,10,-75.1,0,13,1,1,0","elmaliern,leg_up,-43,-64,-5.3,0,15,1,1,0","elmaliern,leg_low,-95,-18,-83,0,13,0.9,1,0","elmaliern,foot,-149,18,-69,0,15,1,1,0","elmaliern,base,45,-54,-114,0,7,1,1,0",,"elmaliern,skirt,-19,-148,-54,0,8,1,1,0",,,,,,,,,,,,,,,,,,,,,,,,,,,,,,,,,,,,,,,,,,,,,,,,,,,,,,,,,,,,,,,,,,,,,,,,,,,,,,,,,,,,,,,,,,,,,,,,,,,,play_time_mod_0.7,
Standup/3,"elmaliern,head,135,-456,-12,0,4,1,1,0","elmaliern,neck,101,-413,-32,0,7,1,1,0","elmaliern,body,43,-323,-40,0,6,1,1,0","elmaliern,arm_up,-14,-360,-5.4,0,4,1,1,0","elmaliern,arm_low,-41,-260,-25,1,4,1,1,0","white_human,open,-30,-177,9,0,5,1,1,0","elmaliern,arm_up,130,-297,-10,1,18,1,1,0","elmaliern,arm_low,123,-206,-47,1,3,1,1,0","white_human,fist,108,-141,-6,1,5,1,1,0","elmaliern,leg_up,-99,-163,-21.2,0,10,1.2,1,0","elmaliern,leg_low,-148,-75,-35,0,10,1,1,0","elmaliern,foot,-170,-7,-45.1,0,13,1,1,0","elmaliern,leg_up,-13,-114,14.7,0,15,1,1,0","elmaliern,leg_low,-17,-58,-23,0,13,0.9,1,0","elmaliern,foot,-16,5,-9,0,15,1,1,0","elmaliern,base,48,-101,-62,0,7,1,1,0",,"elmaliern,skirt,-39,-198,-24,0,8,1,1,0",,,,,,,,,,,,,,,,,,,,,,,,,,,,,,,,,,,,,,,,,,,,,,,,,,,,,,,,,,,,,,,,,,,,,,,,,,,,,,,,,,,,,,,,,,,,,,,,,,,,play_time_mod_0.7,
Standup/4,"elmaliern,head,67,-491,-6,0,4,1,1,0","elmaliern,neck,49,-438,-12,0,7,1,1,0","elmaliern,body,23,-340,-24,0,6,1,1,0","elmaliern,arm_up,-64,-367,-5.4,0,4,1,1,0","elmaliern,arm_low,-91,-267,-25,1,4,1,1,0","white_human,open,-80,-184,9,0,5,1,1,0","elmaliern,arm_up,124,-325,9,1,18,1,1,0","elmaliern,arm_low,159,-237,-11,1,3,1,1,0","white_human,fist,180,-170,17,1,5,1,1,0","elmaliern,leg_up,-91,-154,-21.2,0,10,1.2,1,0","elmaliern,leg_low,-126,-73,-25,0,10,1,1,0","elmaliern,foot,-128,-10,-15.1,0,13,1,1,0","elmaliern,leg_up,-13,-165,24.7,0,15,1,1,0","elmaliern,leg_low,5,-63,-13,0,13,0.9,1,0","elmaliern,foot,24,-15,-6,0,15,1,1,0","elmaliern,base,141,-103,-36,0,7,1,1,0",,"elmaliern,skirt,-37,-198,-14,0,8,1,1,0",,,,,,,,,,,,,,,,,,,,,,,,,,,,,,,,,,,,,,,,,,,,,,,,,,,,,,,,,,,,,,,,,,,,,,,,,,,,,,,,,,,,,,,,,,,,,,,,,,,,play_time_mod_0.7,
Standup/5,"elmaliern,head,29,-526,-6,0,4,1,1,0","elmaliern,neck,11,-476,-11,0,7,1,1,0","elmaliern,body,3,-370,-14,0,6,1,1,0","elmaliern,arm_up,-91,-388,-5.4,0,4,1,1,0","elmaliern,arm_low,-118,-288,-25,1,4,1,1,0","white_human,open,-107,-205,9,0,5,1,1,0","elmaliern,arm_up,102,-376,14,1,18,1,1,0","elmaliern,arm_low,155,-293,12,1,3,1,1,0","white_human,fist,200,-241,37,1,5,1,1,0","elmaliern,leg_up,-88,-154,-11.2,0,10,1.2,1,0","elmaliern,leg_low,-120,-75,-25,0,10,1,1,0","elmaliern,foot,-123,-12,-15.1,0,13,1,1,0","elmaliern,leg_up,20,-165,24.7,0,15,1,1,0","elmaliern,leg_low,31,-74,-2,0,13,0.9,1,0","elmaliern,foot,54,-15,4,0,15,1,1,0","elmaliern,base,188,-161,-13,0,7,1,1,0",,"elmaliern,skirt,-29,-217,-7,0,8,1,1,0",,,,,,,,,,,,,,,,,,,,,,,,,,,,,,,,,,,,,,,,,,,,,,,,,,,,,,,,,,,,,,,,,,,,,,,,,,,,,,,,,,,,,,,,,,,,,,,,,,,,play_time_mod_0.7,
Standup/6,"elmaliern,head,12,-540,-6,0,4,1,1,0","elmaliern,neck,-6,-490,-11,0,7,1,1,0","elmaliern,body,-5,-385,-8,0,6,1,1,0","elmaliern,arm_up,-105,-399,-5.4,0,4,1,1,0","elmaliern,arm_low,-132,-299,-25,1,4,1,1,0","white_human,open,-121,-216,9,0,5,1,1,0","elmaliern,arm_up,99,-389,14,1,18,1,1,0","elmaliern,arm_low,156,-311,22,1,3,1,1,0","white_human,fist,209,-268,47,1,5,1,1,0","elmaliern,leg_up,-78,-157,-11.2,0,10,1.2,1,0","elmaliern,leg_low,-101,-78,-20,0,10,1,1,0","elmaliern,foot,-96,-15,-5.1,0,13,1,1,0","elmaliern,leg_up,20,-168,24.7,0,15,1,1,0","elmaliern,leg_low,41,-77,7,0,13,0.9,1,0","elmaliern,foot,75,-18,3,0,15,1,1,0","elmaliern,base,211,-187,-3,0,7,1,1,0",,"elmaliern,skirt,-29,-228,-7,0,8,1,1,0",,,,,,,,,,,,,,,,,,,,,,,,,,,,,,,,,,,,,,,,,,,,,,,,,,,,,,,,,,,,,,,,,,,,,,,,,,,,,,,,,,,,,,,,,,,,,,,,,,,,play_time_mod_0.7,
Standup/7,"elmaliern,head,9,-566,-6,0,4,1,1,0","elmaliern,neck,1,-510,-1,0,7,1,1,0","elmaliern,body,0,-410,-7,0,6,1,1,0","elmaliern,arm_up,-101,-422,-4.4,0,4,1,1,0","elmaliern,arm_low,-130,-322,-35,1,4,1,1,0","white_human,open,-133,-246,0,0,5,1,1,0","elmaliern,arm_up,89,-426,14,1,18,1,1,0","elmaliern,arm_low,157,-366,51,1,8,1,1,0","white_human,fist,221,-357,76,1,10,1,1,0","elmaliern,leg_up,-64,-179,-6.2,0,10,1.1,1,0","elmaliern,leg_low,-77,-90,-10,0,10,1,1,0","elmaliern,foot,-65,-21,-1.1,0,13,1,1,0","elmaliern,leg_up,36,-172,14.7,0,15,1,1,0","elmaliern,leg_low,50,-87,6,0,13,0.9,1,0","elmaliern,foot,83,-22,2,0,15,1,1,0","elmaliern,base,221,-278,-1,0,12,1,1,0",,"elmaliern,skirt,-17,-251,-5,0,8,1,1,0",,,,,,,,,,,,,,,,,,,,,,,,,,,,,,,,,,,,,,,,,,,,,,,,,,,,,,,,,,,,,,,,,,,,,,,,,,,,,,,,,,,,,,,,,,,,,,,,,,,,play_time_mod_0.7,
Walk/0,"elmaliern,head,14,-563,-7,0,4,1,1,0","elmaliern,neck,3,-509,-1,0,7,1,1,0","elmaliern,body,-1,-406,-7,0,6,1,1,0","elmaliern,arm_up,-72,-411,24.6,0,4,1,1,0","elmaliern,arm_low,-45,-315,-3,1,4,1,1,0","white_human,open,-7,-243,31,0,5,1,1,0","elmaliern,arm_up,89,-424,14,1,18,1,1,0","elmaliern,arm_low,157,-364,51,1,8,1,1,0","white_human,fist,221,-355,76,1,10,1,1,0","elmaliern,leg_up,-64,-179,-16.2,0,10,1.1,1,0","elmaliern,leg_low,-97,-100,-25,0,10,1,1,0","elmaliern,foot,-103,-30,-21.1,0,13,1,1,0","elmaliern,leg_up,41,-175,22.7,0,15,1,1,0","elmaliern,leg_low,59,-87,7,0,13,0.9,1,0","elmaliern,foot,95,-22,4,0,15,1,1,0","elmaliern,base,221,-276,-1,0,12,1,1,0",,"elmaliern,skirt,-16,-254,-4,0,8,1,1,0",,,,,,,,,,,,,,,,,,,,,,,,,,,,,,,,,,,,,,,,,,,,,,,,,,,,,,,,,,,,,,,,,,,,,,,,,,,,,,,,,,,,,,,,,,,,,,,,,,,,,
Walk/1,"elmaliern,head,19,-564,-8,0,4,1,1,0","elmaliern,neck,8,-509,-2,0,7,1,1,0","elmaliern,body,3,-409,-8,0,6,1,1,0","elmaliern,arm_up,-82,-417,9.6,0,4,1,1,0","elmaliern,arm_low,-83,-322,-14,1,4,1,1,0","white_human,open,-61,-244,15,0,5,1,1,0","elmaliern,arm_up,91,-422,12,1,18,1,1,0","elmaliern,arm_low,157,-360,49,1,8,1,1,0","white_human,fist,221,-349,74,1,10,1,1,0","elmaliern,leg_up,-50,-192,1.8,0,10,1.1,1,0","elmaliern,leg_low,-81,-109,-35,0,10,1,1,0","elmaliern,foot,-99,-41,-31.1,0,13,1,1,0","elmaliern,leg_up,38,-175,10.7,0,15,1,1,0","elmaliern,leg_low,49,-87,7,0,13,0.9,1,0","elmaliern,foot,83,-22,2,0,15,1,1,0","elmaliern,base,219,-270,-3,0,12,1,1,0",,"elmaliern,skirt,-16,-254,-6,0,8,1,1,0",,,,,,,,,,,,,,,,,,,,,,,,,,,,,,,,,,,,,,,,,,,,,,,,,,,,,,,,,,,,,,,,,,,,,,,,,,,,,,,,,,,,,,,,,,,,,,,,,,,,,
Walk/2,"elmaliern,head,12,-569,-4,0,4,1,1,0","elmaliern,neck,4,-514,0,0,7,1,1,0","elmaliern,body,-1,-414,-7,0,6,1,1,0","elmaliern,arm_up,-97,-419,3.6,0,4,1,1,0","elmaliern,arm_low,-108,-324,-27,1,4,1,1,0","white_human,open,-100,-246,9,0,5,1,1,0","elmaliern,arm_up,89,-428,14,1,18,1,1,0","elmaliern,arm_low,157,-368,51,1,8,1,1,0","white_human,fist,221,-359,76,1,10,1,1,0","elmaliern,leg_up,-30,-191,23.8,0,10,1.1,1,0","elmaliern,leg_low,-47,-109,-35,0,10,1,1,0","elmaliern,foot,-65,-41,-31.1,0,13,1,1,0","elmaliern,leg_up,23,-175,-6.3,0,15,1,1,0","elmaliern,leg_low,15,-89,-3,0,13,0.9,1,0","elmaliern,foot,37,-20,2,0,15,1,1,0","elmaliern,base,221,-280,-1,0,12,1,1,0",,"elmaliern,skirt,-15,-252,-2,0,8,1,1,0",,,,,,,,,,,,,,,,,,,,,,,,,,,,,,,,,,,,,,,,,,,,,,,,,,,,,,,,,,,,,,,,,,,,,,,,,,,,,,,,,,,,,,,,,,,,,,,,,,,,,
Walk/3,"elmaliern,head,3,-569,-2,0,4,1,1,0","elmaliern,neck,-5,-514,0,0,7,1,1,0","elmaliern,body,-6,-412,-3,0,6,1,1,0","elmaliern,arm_up,-105,-415,0.6,0,4,1,1,0","elmaliern,arm_low,-127,-323,-30,1,4,1,1,0","white_human,open,-122,-244,6,0,5,1,1,0","elmaliern,arm_up,84,-430,16,1,18,1,1,0","elmaliern,arm_low,154,-372,53,1,8,1,1,0","white_human,fist,218,-365,78,1,10,1,1,0","elmaliern,leg_up,-14,-199,33.8,0,10,1.1,1,0","elmaliern,leg_low,0,-110,-8,0,10,1,1,0","elmaliern,foot,10,-46,-23.1,0,13,1,1,0","elmaliern,leg_up,13,-175,-17.3,0,15,1,1,0","elmaliern,leg_low,-9,-90,-13,0,13,0.9,1,0","elmaliern,foot,1,-19,-8,0,15,1,1,0","elmaliern,base,220,-286,1,0,12,1,1,0",,"elmaliern,skirt,-15,-252,-1,0,8,1,1,0",,,,,,,,,,,,,,,,,,,,,,,,,,,,,,,,,,,,,,,,,,,,,,,,,,,,,,,,,,,,,,,,,,,,,,,,,,,,,,,,,,,,,,,,,,,,,,,,,,,,,
Walk/4,"elmaliern,head,15,-567,-3,0,4,1,1,0","elmaliern,neck,7,-512,-1,0,7,1,1,0","elmaliern,body,6,-409,-7,0,6,1,1,0","elmaliern,arm_up,-97,-422,-9.4,0,4,1,1,0","elmaliern,arm_low,-130,-335,-40,1,4,1,1,0","white_human,open,-139,-256,-4,0,5,1,1,0","elmaliern,arm_up,92,-425,15,1,18,1,1,0","elmaliern,arm_low,161,-366,52,1,8,1,1,0","white_human,fist,225,-358,77,1,10,1,1,0","elmaliern,leg_up,-4,-184,43.8,0,10,1.1,1,0","elmaliern,leg_low,32,-96,12,0,10,1,1,0","elmaliern,foot,62,-38,-3.1,0,13,1,1,0","elmaliern,leg_up,-7,-175,-31.3,0,15,1,1,0","elmaliern,leg_low,-43,-90,-23,0,13,0.9,1,0","elmaliern,foot,-45,-19,-8,0,15,1,1,0","elmaliern,base,226,-279,0,0,12,1,1,0",,"elmaliern,skirt,-12,-250,-3,0,8,1,1,0",,,,,,,,,,,,,,,,,,,,,,,,,,,,,,,,,,,,,,,,,,,,,,,,,,,,,,,,,,,,,,,,,,,,,,,,,,,,,,,,,,,,,,,,,,,,,,,,,,,,,
Walk/5,"elmaliern,head,24,-557,-6,0,4,1,1,0","elmaliern,neck,12,-502,-4,0,7,1,1,0","elmaliern,body,6,-400,-9,0,6,1,1,0","elmaliern,arm_up,-104,-422,-14.4,0,4,1,1,0","elmaliern,arm_low,-144,-335,-39,1,4,1,1,0","white_human,open,-156,-256,-9,0,5,1,1,0","elmaliern,arm_up,94,-415,13,1,18,1,1,0","elmaliern,arm_low,161,-354,50,1,8,1,1,0","white_human,fist,225,-344,75,1,10,1,1,0","elmaliern,leg_up,7,-162,35.8,0,10,1.1,1,0","elmaliern,leg_low,42,-73,14,0,10,1,1,0","elmaliern,foot,77,-17,0.9,0,13,1,1,0","elmaliern,leg_up,-22,-163,-31.3,0,15,1,1,0","elmaliern,leg_low,-69,-95,-34,0,13,0.9,1,0","elmaliern,foot,-84,-25,-14,0,15,1,1,0","elmaliern,base,224,-265,-2,0,12,1,1,0",,"elmaliern,skirt,-9,-248,3,0,8,1,1,0",,,,,,,,,,,,,,,,,,,,,,,,,,,,,,,,,,,,,,,,,,,,,,,,,,,,,,,,,,,,,,,,,,,,,,,,,,,,,,,,,,,,,,,,,,,,,,,,,,,,,
Walk/6,"elmaliern,head,21,-563,-4,0,4,1,1,0","elmaliern,neck,9,-506,-2,0,7,1,1,0","elmaliern,body,4,-405,-8,0,6,1,1,0","elmaliern,arm_up,-97,-419,-8.4,0,4,1,1,0","elmaliern,arm_low,-129,-332,-39,1,4,1,1,0","white_human,open,-137,-253,-3,0,5,1,1,0","elmaliern,arm_up,93,-419,14,1,18,1,1,0","elmaliern,arm_low,161,-359,51,1,8,1,1,0","white_human,fist,225,-350,76,1,10,1,1,0","elmaliern,leg_up,-3,-162,25.8,0,10,1.1,1,0","elmaliern,leg_low,20,-75,10,0,10,1,1,0","elmaliern,foot,57,-17,-0.1,0,13,1,1,0","elmaliern,leg_up,13,-173,-1.3,0,15,1,1,0","elmaliern,leg_low,-57,-105,-52,0,13,0.9,1,0","elmaliern,foot,-91,-48,-54,0,15,1,1,0","elmaliern,base,225,-271,-1,0,12,1,1,0",,"elmaliern,skirt,-14,-248,-2,0,8,1,1,0",,,,,,,,,,,,,,,,,,,,,,,,,,,,,,,,,,,,,,,,,,,,,,,,,,,,,,,,,,,,,,,,,,,,,,,,,,,,,,,,,,,,,,,,,,,,,,,,,,,,,
Walk/7,"elmaliern,head,17,-566,-2,0,4,1,1,0","elmaliern,neck,5,-509,0,0,7,1,1,0","elmaliern,body,2,-410,-7,0,6,1,1,0","elmaliern,arm_up,-99,-419,-2.4,0,4,1,1,0","elmaliern,arm_low,-125,-332,-33,1,4,1,1,0","white_human,open,-127,-253,3,0,5,1,1,0","elmaliern,arm_up,92,-423,15,1,18,1,1,0","elmaliern,arm_low,161,-364,52,1,8,1,1,0","white_human,fist,225,-356,77,1,10,1,1,0","elmaliern,leg_up,-23,-162,15.8,0,10,1.1,1,0","elmaliern,leg_low,-18,-77,-2,0,10,1,1,0","elmaliern,foot,7,-17,-0.1,0,13,1,1,0","elmaliern,leg_up,33,-179,18.7,0,15,1,1,0","elmaliern,leg_low,-1,-117,-62,0,13,0.9,1,0","elmaliern,foot,-45,-66,-64,0,15,1,1,0","elmaliern,base,226,-277,0,0,12,1,1,0",,"elmaliern,skirt,-14,-250,0,0,8,1,1,0",,,,,,,,,,,,,,,,,,,,,,,,,,,,,,,,,,,,,,,,,,,,,,,,,,,,,,,,,,,,,,,,,,,,,,,,,,,,,,,,,,,,,,,,,,,,,,,,,,,,,
Walk/8,"elmaliern,head,9,-566,0,0,4,1,1,0","elmaliern,neck,2,-509,0,0,7,1,1,0","elmaliern,body,-1,-410,-5,0,6,1,1,0","elmaliern,arm_up,-91,-417,2.6,0,4,1,1,0","elmaliern,arm_low,-107,-322,-28,1,4,1,1,0","white_human,open,-98,-244,8,0,5,1,1,0","elmaliern,arm_up,88,-426,16,1,18,1,1,0","elmaliern,arm_low,158,-368,53,1,8,1,1,0","white_human,fist,222,-361,78,1,10,1,1,0","elmaliern,leg_up,-42,-165,-2.2,0,10,1.1,1,0","elmaliern,leg_low,-52,-83,-9,0,10,1,1,0","elmaliern,foot,-37,-17,-0.1,0,13,1,1,0","elmaliern,leg_up,53,-183,28.7,0,15,1,1,0","elmaliern,leg_low,39,-113,-42,0,13,0.9,1,0","elmaliern,foot,15,-50,-44,0,15,1,1,0","elmaliern,base,224,-282,1,0,12,1,1,0",,"elmaliern,skirt,-11,-252,2,0,8,1,1,0",,,,,,,,,,,,,,,,,,,,,,,,,,,,,,,,,,,,,,,,,,,,,,,,,,,,,,,,,,,,,,,,,,,,,,,,,,,,,,,,,,,,,,,,,,,,,,,,,,,,,
Walk/9,"elmaliern,head,16,-562,-3,0,4,1,1,0","elmaliern,neck,9,-508,-2,0,7,1,1,0","elmaliern,body,3,-405,-7,0,6,1,1,0","elmaliern,arm_up,-77,-414,12.6,0,4,1,1,0","elmaliern,arm_low,-76,-312,-18,1,4,1,1,0","white_human,open,-59,-236,16,0,5,1,1,0","elmaliern,arm_up,84,-425,16,1,18,1,1,0","elmaliern,arm_low,154,-367,53,1,8,1,1,0","white_human,fist,218,-360,78,1,10,1,1,0","elmaliern,leg_up,-56,-165,-12.2,0,10,1.1,1,0","elmaliern,leg_low,-74,-83,-12,0,10,1,1,0","elmaliern,foot,-61,-17,-0.1,0,13,1,1,0","elmaliern,leg_up,56,-183,22.7,0,15,1,1,0","elmaliern,leg_low,68,-92,-2,0,13,0.9,1,0","elmaliern,foot,89,-33,-14,0,15,1,1,0","elmaliern,base,220,-281,1,0,12,1,1,0",,"elmaliern,skirt,-9,-252,0,0,8,1,1,0",,,,,,,,,,,,,,,,,,,,,,,,,,,,,,,,,,,,,,,,,,,,,,,,,,,,,,,,,,,,,,,,,,,,,,,,,,,,,,,,,,,,,,,,,,,,,,,,,,,,,
Spirit/0,"elmaliern,close,-30,-613,21,0,4,1,1,0","elmaliern,neck,-19,-559,4,0,7,1,1,0","elmaliern,body,-10,-457,-1,0,6,1,1,0","elmaliern,arm_up,-117,-469,-9.4,0,4,1,1,0","elmaliern,arm_low,-158,-376,-48,1,4,1,1,0","white_human,point,-175,-296,-7,0,5,1,1,0","elmaliern,arm_up,76,-490,39,1,18,1,1,0","elmaliern,arm_low,161,-446,46,1,8,1,1,0","white_human,open,235,-421,71,1,10,1,1,0","elmaliern,leg_up,-33,-222,47.8,0,10,1.1,1,0","elmaliern,leg_low,4,-136,4,0,10,1,1,0","elmaliern,foot,27,-59,-32.1,0,13,1,1,0","elmaliern,leg_up,21,-228,-11.3,0,15,1,1,0","elmaliern,leg_low,-28,-141,-40,0,13,0.9,1,0","elmaliern,foot,-77,-64,-84,0,15,1,1,0",,,"elmaliern,skirt,-12,-300,0,0,8,1,1,0",,,,,,,,,,,,,,,,,,,,,,,,,,,,,,,,,,,,,,,,,,,,,,,,,,,,,,,,,,,,,,,,,,,,,,,,,,,,,,,,,,,,,,,,,,,,,,,,,,,"effect_fade_5,hold,effect_grey",,
Skill1/0,"elmaliern,head,9,-566,-6,0,4,1,1,0","elmaliern,neck,1,-510,-1,0,7,1,1,0","elmaliern,body,0,-410,-7,0,6,1,1,0","elmaliern,arm_up,-101,-422,-4.4,0,4,1,1,0","elmaliern,arm_low,-130,-322,-35,1,4,1,1,0","white_human,open,-133,-246,0,0,5,1,1,0","elmaliern,arm_up,89,-426,14,1,18,1,1,0","elmaliern,arm_low,157,-366,51,1,8,1,1,0","white_human,fist,221,-357,76,1,10,1,1,0","elmaliern,leg_up,-64,-179,-6.2,0,10,1.1,1,0","elmaliern,leg_low,-77,-90,-10,0,10,1,1,0","elmaliern,foot,-65,-21,-1.1,0,13,1,1,0","elmaliern,leg_up,36,-172,14.7,0,15,1,1,0","elmaliern,leg_low,50,-87,6,0,13,0.9,1,0","elmaliern,foot,83,-22,2,0,15,1,1,0","elmaliern,base,221,-278,-1,0,12,1,1,0",,"elmaliern,skirt,-17,-251,-5,0,8,1,1,0",,,,,,,,,,,,,,,,,,,,,,,,,,,,,,,,,,,,,,,,,,,,,,,,,,,,,,,,,,,,,,,,,,,,,,,,,,,,,,,,,,,,,,,,,,,,,,,,,,,,,
Skill1/1,"elmaliern,head,6,-566,-1,0,4,1,1,0","elmaliern,neck,1,-510,-1,0,7,1,1,0","elmaliern,body,0,-410,-5,0,6,1,1,0","elmaliern,arm_up,-89,-419,5.6,0,4,1,1,0","elmaliern,arm_low,-94,-317,-13,1,4,1,1,0","white_human,open,-65,-245,22,0,5,1,1,0","elmaliern,arm_up,88,-425,12,1,18,1,1,0","elmaliern,arm_low,154,-363,49,1,8,1,1,0","white_human,fist,218,-352,74,1,10,1,1,0","elmaliern,leg_up,-64,-179,-6.2,0,10,1.1,1,0","elmaliern,leg_low,-77,-90,-10,0,10,1,1,0","elmaliern,foot,-65,-21,-1.1,0,13,1,1,0","elmaliern,leg_up,42,-172,14.7,0,15,1,1,0","elmaliern,leg_low,52,-87,4,0,13,0.9,1,0","elmaliern,foot,83,-22,2,0,15,1,1,0","elmaliern,base,216,-273,-3,0,12,1,1,0",,"elmaliern,skirt,-15,-251,-3,0,8,1,1,0",,,,,,,,,,,,,,,,,,,,,,,,,,,,,,,,,,,,,,,,,,,,,,,,,,,,,,,,,,,,,,,,,,,,,,,,,,,,,,,,,,,,,,,,,,,,,,,,,,,play_time_mod_0.5,,
Skill1/2,"elmaliern,head,-9,-566,2,0,4,1,1,0","elmaliern,neck,-23,-510,-2,0,7,1,1,0","elmaliern,body,-10,-411,-1,0,6,1,1,0","elmaliern,arm_up,-86,-403,29.6,0,4,1,1,0","elmaliern,arm_low,-52,-310,11,1,4,1,1,0","white_human,open,4,-256,46,0,5,1,1,0","elmaliern,arm_up,72,-425,12,1,18,1,1,0","elmaliern,arm_low,138,-363,49,1,8,1,1,0","white_human,fist,202,-352,74,1,10,1,1,0","elmaliern,leg_up,-64,-179,-6.2,0,10,1.1,1,0","elmaliern,leg_low,-77,-90,-10,0,10,1,1,0","elmaliern,foot,-65,-21,-1.1,0,13,1,1,0","elmaliern,leg_up,48,-172,14.7,0,15,1,1,0","elmaliern,leg_low,56,-87,1,0,13,0.9,1,0","elmaliern,foot,83,-22,0,0,15,1,1,0","elmaliern,base,200,-273,-3,0,12,1,1,0",,"elmaliern,skirt,-14,-255,-1,0,8,1,1,0",,,,,,,,,,,,,,,,,,,,,,,,,,,,,,,,,,,,,,,,,,,,,,,,,,,,,,,,,,,,,,,,,,,,,,,,,,,,,,,,,,,,,,,,,,,,,,,,,,,,,
Skill1/3,"elmaliern,head,-9,-566,5,0,4,1,1,0","elmaliern,neck,-23,-510,-2,0,7,1,1,0","elmaliern,body,-10,-411,-1,0,6,1,1,0","elmaliern,arm_up,-58,-413,49.6,0,4,1,1,0","elmaliern,arm_low,6,-337,31,1,4,1,1,0","white_human,open,76,-309,76,0,5,1,1,0","elmaliern,arm_up,72,-425,10,1,18,1,1,0","elmaliern,arm_low,131,-359,41,1,8,1,1,0","white_human,fist,193,-337,66,1,10,1,1,0","elmaliern,leg_up,-67,-177,-6.2,0,10,1.1,1,0","elmaliern,leg_low,-80,-90,-10,0,10,1,1,0","elmaliern,foot,-69,-21,-4.1,0,13,1,1,0","elmaliern,leg_up,48,-172,14.7,0,15,1,1,0","elmaliern,leg_low,56,-87,1,0,13,0.9,1,0","elmaliern,foot,83,-22,0,0,15,1,1,0","elmaliern,base,186,-261,-4,0,12,1,1,0",,"elmaliern,skirt,-14,-255,-1,0,8,1,1,0",,,,,,,,,,,,,,,,,,,,,,,,,,,,,,,,,,,,,,,,,,,,,,,,,,,,,,,,,,,,,,,,,,,,,,,,,,,,,,,,,,,,,,,,,,,,,,,,,,,,,
Skill1/4,"elmaliern,head,-14,-566,7,0,4,1,1,0","elmaliern,neck,-26,-510,-2,0,7,1,1,0","elmaliern,body,-12,-409,0,0,6,1,1,0","elmaliern,arm_up,-42,-415,69.6,0,4,1,1,0","elmaliern,arm_low,45,-363,41,1,4,1,1,0","white_human,open,119,-346,86,0,5,1,1,0","elmaliern,arm_up,70,-425,9,1,18,1,1,0","elmaliern,arm_low,129,-356,39,1,8,1,1,0","white_human,fist,191,-332,66,1,10,1,1,0","elmaliern,leg_up,-67,-177,-6.2,0,10,1.1,1,0","elmaliern,leg_low,-80,-90,-10,0,10,1,1,0","elmaliern,foot,-69,-21,-4.1,0,13,1,1,0","elmaliern,leg_up,48,-172,13.7,0,15,1,1,0","elmaliern,leg_low,56,-87,1,0,13,0.9,1,0","elmaliern,foot,83,-22,0,0,15,1,1,0","elmaliern,base,188,-253,-1,0,12,1,1,0",,"elmaliern,skirt,-14,-255,-2,0,8,1,1,0",,,,,,,,,,,,,,,,,,,,,,,,,,,,,,,,,,,,,,,,,,,,,,,,,,,,,,,,,,,,,,,,,,,,,,,,,,,,,,,,,,,,,,,,,,,,,,,,,,,,,
Skill1/5,"elmaliern,head,-14,-566,8,0,4,1,1,0","elmaliern,neck,-26,-510,-2,0,7,1,1,0","elmaliern,body,-12,-409,0,0,6,1,1,0","elmaliern,arm_up,-42,-417,71.6,0,4,1,1,0","elmaliern,arm_low,44,-378,56,1,4,1,1,0","white_human,open,120,-377,93,0,5,1,1,0","elmaliern,arm_up,69,-425,9,1,18,1,1,0","elmaliern,arm_low,129,-354,38,1,8,1,1,0","white_human,fist,190,-330,65,1,10,1,1,0","elmaliern,leg_up,-67,-177,-6.2,0,10,1.1,1,0","elmaliern,leg_low,-80,-90,-10,0,10,1,1,0","elmaliern,foot,-69,-21,-4.1,0,13,1,1,0","elmaliern,leg_up,48,-172,13.7,0,15,1,1,0","elmaliern,leg_low,56,-87,1,0,13,0.9,1,0","elmaliern,foot,83,-22,0,0,15,1,1,0","elmaliern,base,187,-252,-1,0,12,1,1,0",,"elmaliern,skirt,-14,-255,-2,0,8,1,1,0",,,,,,,,,,,,,,,,,,,,,,,,,,,,,,,,,,,,,,,,,,,,,,,,,,,,,,,,,,,,,,,,,,,,,,,,,,,,,,,,,,,,,,,,,,,"movement,summon,503,-117,0,1,0,1.2,1.3,0",,,,,,,,,,"weapon_summon,1000,0"
Skill1/6,"elmaliern,head,-16,-566,10,0,4,1,1,0","elmaliern,neck,-26,-510,-2,0,7,1,1,0","elmaliern,body,-12,-409,0,0,6,1,1,0","elmaliern,arm_up,-42,-421,72.6,0,4,1,1,0","elmaliern,arm_low,44,-392,67,1,4,1,1,0","white_human,open,120,-407,104,0,5,1,1,0","elmaliern,arm_up,69,-425,9,1,18,1,1,0","elmaliern,arm_low,126,-353,36,1,8,1,1,0","white_human,fist,185,-325,63,1,10,1,1,0","elmaliern,leg_up,-67,-177,-6.2,0,10,1.1,1,0","elmaliern,leg_low,-80,-90,-10,0,10,1,1,0","elmaliern,foot,-69,-21,-4.1,0,13,1,1,0","elmaliern,leg_up,48,-172,13.7,0,15,1,1,0","elmaliern,leg_low,56,-87,1,0,13,0.9,1,0","elmaliern,foot,83,-22,0,0,15,1,1,0","elmaliern,base,185,-248,0,0,12,1,1,0",,"elmaliern,skirt,-14,-255,-2,0,8,1,1,0",,,,,,,,,,,,,,,,,,,,,,,,,,,,,,,,,,,,,,,,,,,,,,,,,,,,,,,,,,,,,,,,,,,,,,,,,,,,,,,,,,,,,,,,,,,"movement,summon,503,-117,0,0,0,1.2,1.3,1",,,,,,,,,,
Skill1/7,"elmaliern,head,-18,-566,12,0,4,1,1,0","elmaliern,neck,-26,-510,-2,0,7,1,1,0","elmaliern,body,-12,-409,0,0,6,1,1,0","elmaliern,arm_up,-42,-423,73.6,0,4,1,1,0","elmaliern,arm_low,44,-400,79,1,4,1,1,0","white_human,open,116,-430,116,0,5,1,1,0","elmaliern,arm_up,69,-425,9,1,18,1,1,0","elmaliern,arm_low,126,-353,36,1,8,1,1,0","white_human,fist,185,-325,63,1,10,1,1,0","elmaliern,leg_up,-67,-177,-6.2,0,10,1.1,1,0","elmaliern,leg_low,-80,-90,-10,0,10,1,1,0","elmaliern,foot,-69,-21,-4.1,0,13,1,1,0","elmaliern,leg_up,48,-172,13.7,0,15,1,1,0","elmaliern,leg_low,56,-87,1,0,13,0.9,1,0","elmaliern,foot,83,-22,0,0,15,1,1,0","elmaliern,base,185,-248,0,0,12,1,1,0",,"elmaliern,skirt,-14,-255,-2,0,8,1,1,0",,,,,,,,,,,,,,,,,,,,,,,,,,,,,,,,,,,,,,,,,,,,,,,,,,,,,,,,,,,,,,,,,,,,,,,,,,,,,,,,,,,,,,,,,,,,"movement,summon,-275,-108,0,0,0,1.2,1.2,0",,,,,,,,,"weapon_summon2,1000,0"
Skill1/8,"elmaliern,head,-18,-566,12,0,4,1,1,0","elmaliern,neck,-26,-510,-2,0,7,1,1,0","elmaliern,body,-12,-409,0,0,6,1,1,0","elmaliern,arm_up,-42,-423,73.6,0,4,1,1,0","elmaliern,arm_low,44,-400,84,1,4,1,1,0","white_human,open,113,-440,121,0,5,1,1,0","elmaliern,arm_up,69,-425,9,1,18,1,1,0","elmaliern,arm_low,126,-353,36,1,8,1,1,0","white_human,fist,185,-325,63,1,10,1,1,0","elmaliern,leg_up,-67,-177,-6.2,0,10,1.1,1,0","elmaliern,leg_low,-80,-90,-10,0,10,1,1,0","elmaliern,foot,-69,-21,-4.1,0,13,1,1,0","elmaliern,leg_up,48,-172,13.7,0,15,1,1,0","elmaliern,leg_low,56,-87,1,0,13,0.9,1,0","elmaliern,foot,83,-22,0,0,15,1,1,0","elmaliern,base,185,-248,0,0,12,1,1,0",,"elmaliern,skirt,-14,-255,-2,0,8,1,1,0",,,,,,,,,,,,,,,,,,,,,,,,,,,,,,,,,,,,,,,,,,,,,,,,,,,,,,,,,,,,,,,,,,,,,,,,,,,,,,,,,,,,,,,,,,,"movement,summon,360,-104,0,0,0,1.2,1.3,0","movement,summon,-275,-108,0,1,0,1.2,1.2,1",,,,,,,,,"weapon_summon,1000,0"
Skill1/9,"elmaliern,head,-18,-566,13,0,4,1,1,0","elmaliern,neck,-26,-510,-2,0,7,1,1,0","elmaliern,body,-12,-409,0,0,6,1,1,0","elmaliern,arm_up,-40,-428,76.6,0,4,1,1,0","elmaliern,arm_low,46,-408,87,1,4,1,1,0","white_human,open,115,-451,124,0,5,1,1,0","elmaliern,arm_up,69,-425,9,1,18,1,1,0","elmaliern,arm_low,126,-351,34,1,8,1,1,0","white_human,fist,185,-321,62,1,10,1,1,0","elmaliern,leg_up,-67,-177,-6.2,0,10,1.1,1,0","elmaliern,leg_low,-80,-90,-10,0,10,1,1,0","elmaliern,foot,-69,-21,-4.1,0,13,1,1,0","elmaliern,leg_up,48,-172,13.7,0,15,1,1,0","elmaliern,leg_low,56,-87,1,0,13,0.9,1,0","elmaliern,foot,83,-22,0,0,15,1,1,0","elmaliern,base,185,-244,0,0,12,1,1,0",,"elmaliern,skirt,-14,-255,-2,0,8,1,1,0",,,,,,,,,,,,,,,,,,,,,,,,,,,,,,,,,,,,,,,,,,,,,,,,,,,,,,,,,,,,,,,,,,,,,,,,,,,,,,,,,,,,,,,,,,,"movement,summon,360,-104,0,1,0,1.2,1.3,1","movement,summon,-355,-108,0,0,0,1.2,1.2,0",,,,,,,,,"weapon_summon2,1000,0"
Skill1/10,"elmaliern,head,-18,-566,14,0,4,1,1,0","elmaliern,neck,-26,-510,-2,0,7,1,1,0","elmaliern,body,-12,-409,0,0,6,1,1,0","elmaliern,arm_up,-38,-431,81.6,0,4,1,1,0","elmaliern,arm_low,46,-416,87,1,4,1,1,0","white_human,open,115,-459,124,0,5,1,1,0","elmaliern,arm_up,69,-423,7,1,18,1,1,0","elmaliern,arm_low,126,-348,32,1,8,1,1,0","white_human,fist,183,-315,60,1,10,1,1,0","elmaliern,leg_up,-67,-177,-6.2,0,10,1.1,1,0","elmaliern,leg_low,-80,-90,-10,0,10,1,1,0","elmaliern,foot,-69,-21,-4.1,0,13,1,1,0","elmaliern,leg_up,48,-172,13.7,0,15,1,1,0","elmaliern,leg_low,56,-87,1,0,13,0.9,1,0","elmaliern,foot,83,-22,0,0,15,1,1,0","elmaliern,base,181,-239,-2,0,12,1,1,0",,"elmaliern,skirt,-14,-255,-2,0,8,1,1,0",,,,,,,,,,,,,,,,,,,,,,,,,,,,,,,,,,,,,,,,,,,,,,,,,,,,,,,,,,,,,,,,,,,,,,,,,,,,,,,,,,,,,,,,,,,,"movement,summon,-355,-108,0,1,0,1.2,1.2,1",,,,,,,,,
Skill1/11,"elmaliern,head,-16,-566,7,0,4,1,1,0","elmaliern,neck,-26,-510,-2,0,7,1,1,0","elmaliern,body,-12,-409,0,0,6,1,1,0","elmaliern,arm_up,-44,-424,69.6,0,4,1,1,0","elmaliern,arm_low,36,-400,91,1,4,1,1,0","white_human,open,102,-447,128,0,5,1,1,0","elmaliern,arm_up,72,-423,13,1,18,1,1,0","elmaliern,arm_low,131,-353,32,1,8,1,1,0","white_human,fist,192,-323,65,1,10,1,1,0","elmaliern,leg_up,-67,-177,-6.2,0,10,1.1,1,0","elmaliern,leg_low,-80,-90,-10,0,10,1,1,0","elmaliern,foot,-69,-21,-4.1,0,13,1,1,0","elmaliern,leg_up,48,-172,13.7,0,15,1,1,0","elmaliern,leg_low,56,-87,1,0,13,0.9,1,0","elmaliern,foot,83,-22,0,0,15,1,1,0","elmaliern,base,194,-244,1,0,12,1,1,0",,"elmaliern,skirt,-14,-255,-2,0,8,1,1,0",,,,,,,,,,,,,,,,,,,,,,,,,,,,,,,,,,,,,,,,,,,,,,,,,,,,,,,,,,,,,,,,,,,,,,,,,,,,,,,,,,,,,,,,,,,,,,,,,,,,,
Skill1/12,"elmaliern,head,-9,-563,2,0,4,1,1,0","elmaliern,neck,-19,-507,-7,0,7,1,1,0","elmaliern,body,-6,-406,-2,0,6,1,1,0","elmaliern,arm_up,-47,-410,57.6,0,4,1,1,0","elmaliern,arm_low,28,-370,79,1,4,1,1,0","white_human,open,101,-400,115,0,5,1,1,0","elmaliern,arm_up,74,-426,13,1,18,1,1,0","elmaliern,arm_low,133,-356,32,1,8,1,1,0","white_human,fist,194,-326,65,1,10,1,1,0","elmaliern,leg_up,-67,-177,-6.2,0,10,1.1,1,0","elmaliern,leg_low,-80,-90,-10,0,10,1,1,0","elmaliern,foot,-69,-21,-4.1,0,13,1,1,0","elmaliern,leg_up,46,-169,10.7,0,15,1,1,0","elmaliern,leg_low,53,-87,3,0,13,0.9,1,0","elmaliern,foot,83,-22,0,0,15,1,1,0","elmaliern,base,196,-247,1,0,12,1,1,0",,"elmaliern,skirt,-14,-252,-4,0,8,1,1,0",,,,,,,,,,,,,,,,,,,,,,,,,,,,,,,,,,,,,,,,,,,,,,,,,,,,,,,,,,,,,,,,,,,,,,,,,,,,,,,,,,,,,,,,,,,,,,,,,,,,,
Skill1/13,"elmaliern,head,-4,-563,0,0,4,1,1,0","elmaliern,neck,-16,-507,-9,0,7,1,1,0","elmaliern,body,-5,-406,-4,0,6,1,1,0","elmaliern,arm_up,-67,-400,37.6,0,4,1,1,0","elmaliern,arm_low,-15,-330,49,1,4,1,1,0","white_human,open,64,-318,82,0,5,1,1,0","elmaliern,arm_up,72,-429,14,1,18,1,1,0","elmaliern,arm_low,133,-356,32,1,8,1,1,0","white_human,fist,194,-331,66,1,10,1,1,0","elmaliern,leg_up,-66,-177,-6.2,0,10,1.1,1,0","elmaliern,leg_low,-77,-90,-8,0,10,1,1,0","elmaliern,foot,-62,-21,-4.1,0,13,1,1,0","elmaliern,leg_up,46,-169,10.7,0,15,1,1,0","elmaliern,leg_low,53,-87,3,0,13,0.9,1,0","elmaliern,foot,83,-22,0,0,15,1,1,0","elmaliern,base,198,-252,2,0,12,1,1,0",,"elmaliern,skirt,-14,-251,-4,0,8,1,1,0",,,,,,,,,,,,,,,,,,,,,,,,,,,,,,,,,,,,,,,,,,,,,,,,,,,,,,,,,,,,,,,,,,,,,,,,,,,,,,,,,,,,,,,,,,,,,,,,,,,,,
Skill1/14,"elmaliern,head,1,-563,-2,0,4,1,1,0","elmaliern,neck,-12,-507,-10,0,7,1,1,0","elmaliern,body,-2,-406,-5,0,6,1,1,0","elmaliern,arm_up,-87,-405,17.6,0,4,1,1,0","elmaliern,arm_low,-62,-322,29,1,4,1,1,0","white_human,open,8,-283,62,0,5,1,1,0","elmaliern,arm_up,78,-429,16,1,18,1,1,0","elmaliern,arm_low,143,-360,36,1,8,1,1,0","white_human,fist,204,-335,66,1,10,1,1,0","elmaliern,leg_up,-66,-177,-6.2,0,10,1.1,1,0","elmaliern,leg_low,-77,-90,-8,0,10,1,1,0","elmaliern,foot,-62,-21,-4.1,0,13,1,1,0","elmaliern,leg_up,41,-169,10.7,0,15,1,1,0","elmaliern,leg_low,51,-87,5,0,13,0.9,1,0","elmaliern,foot,83,-22,0,0,15,1,1,0","elmaliern,base,208,-256,2,0,12,1,1,0",,"elmaliern,skirt,-15,-251,-4,0,8,1,1,0",,,,,,,,,,,,,,,,,,,,,,,,,,,,,,,,,,,,,,,,,,,,,,,,,,,,,,,,,,,,,,,,,,,,,,,,,,,,,,,,,,,,,,,,,,,,,,,,,,,,,
Skill1/15,"elmaliern,head,9,-566,-6,0,4,1,1,0","elmaliern,neck,1,-510,-1,0,7,1,1,0","elmaliern,body,0,-410,-7,0,6,1,1,0","elmaliern,arm_up,-101,-422,-4.4,0,4,1,1,0","elmaliern,arm_low,-130,-322,-35,1,4,1,1,0","white_human,open,-133,-246,0,0,5,1,1,0","elmaliern,arm_up,89,-426,14,1,18,1,1,0","elmaliern,arm_low,157,-366,51,1,8,1,1,0","white_human,fist,221,-357,76,1,10,1,1,0","elmaliern,leg_up,-64,-179,-6.2,0,10,1.1,1,0","elmaliern,leg_low,-77,-90,-10,0,10,1,1,0","elmaliern,foot,-65,-21,-1.1,0,13,1,1,0","elmaliern,leg_up,36,-172,14.7,0,15,1,1,0","elmaliern,leg_low,50,-87,6,0,13,0.9,1,0","elmaliern,foot,83,-22,2,0,15,1,1,0","elmaliern,base,221,-278,-1,0,12,1,1,0",,"elmaliern,skirt,-17,-251,-5,0,8,1,1,0",,,,,,,,,,,,,,,,,,,,,,,,,,,,,,,,,,,,,,,,,,,,,,,,,,,,,,,,,,,,,,,,,,,,,,,,,,,,,,,,,,,,,,,,,,,,,,,,,,,play_time_mod_1.25,,
Skill2/0,"elmaliern,head,9,-566,-6,0,4,1,1,0","elmaliern,neck,1,-510,-1,0,7,1,1,0","elmaliern,body,0,-410,-7,0,6,1,1,0","elmaliern,arm_up,-101,-422,-4.4,0,4,1,1,0","elmaliern,arm_low,-130,-322,-35,1,4,1,1,0","white_human,open,-133,-246,0,0,5,1,1,0","elmaliern,arm_up,89,-426,14,1,18,1,1,0","elmaliern,arm_low,157,-366,51,1,8,1,1,0","white_human,fist,221,-357,76,1,10,1,1,0","elmaliern,leg_up,-64,-179,-6.2,0,10,1.1,1,0","elmaliern,leg_low,-77,-90,-10,0,10,1,1,0","elmaliern,foot,-65,-21,-1.1,0,13,1,1,0","elmaliern,leg_up,36,-172,14.7,0,15,1,1,0","elmaliern,leg_low,50,-87,6,0,13,0.9,1,0","elmaliern,foot,83,-22,2,0,15,1,1,0","elmaliern,base,221,-278,-1,0,12,1,1,0",,"elmaliern,skirt,-17,-251,-5,0,8,1,1,0",,,,,,,,,,,,,,,,,,,,,,,,,,,,,,,,,,,,,,,,,,,,,,,,,,,,,,,,,,,,,,,,,,,,,,,,,,,,,,,,,,,,,,,,,,,,,,,,,,,,,
Skill2/1,"elmaliern,head,18,-561,-8,0,4,1,1,0","elmaliern,neck,7,-510,-3,0,7,1,1,0","elmaliern,body,3,-407,-8,0,6,1,1,0","elmaliern,arm_up,-105,-425,-14.4,0,4,1,1,0","elmaliern,arm_low,-149,-332,-45,1,4,1,1,0","white_human,open,-166,-258,-10,0,5,1,1,0","elmaliern,arm_up,89,-426,14,1,18,1,1,0","elmaliern,arm_low,159,-363,49,1,8,1,1,0","white_human,fist,223,-350,74,1,10,1,1,0","elmaliern,leg_up,-68,-172,-9.2,0,10,1.1,1,0","elmaliern,leg_low,-85,-92,-14,0,10,1,1,0","elmaliern,foot,-75,-21,-1.1,0,13,1,1,0","elmaliern,leg_up,36,-172,14.7,0,15,1,1,0","elmaliern,leg_low,50,-87,6,0,13,0.9,1,0","elmaliern,foot,83,-22,2,0,15,1,1,0","elmaliern,base,223,-271,0,0,12,1,1,0",,"elmaliern,skirt,-17,-251,-6,0,8,1,1,0",,,,,,,,,,,,,,,,,,,,,,,,,,,,,,,,,,,,,,,,,,,,,,,,,,,,,,,,,,,,,,,,,,,,,,,,,,,,,,,,,,,,,,,,,,,,,,,,,,,play_time_mod_0.5,,
Skill2/2,"elmaliern,close,37,-554,-11,0,4,1,1,0","elmaliern,neck,21,-508,-3,0,7,1,1,0","elmaliern,body,11,-402,-11,0,6,1,1,0","elmaliern,arm_up,-95,-428,-17.4,0,4,1,1,0","elmaliern,arm_low,-152,-341,-55,1,4,1,1,0","white_human,open,-184,-271,-29,0,5,1,1,0","elmaliern,arm_up,94,-416,14,1,18,1,1,0","elmaliern,arm_low,164,-353,49,1,8,1,1,0","white_human,fist,228,-340,74,1,10,1,1,0","elmaliern,leg_up,-75,-164,-14.2,0,10,1.1,1,0","elmaliern,leg_low,-98,-88,-17,0,10,1,1,0","elmaliern,foot,-90,-21,-1.1,0,13,1,1,0","elmaliern,leg_up,40,-172,20.7,0,15,1,1,0","elmaliern,leg_low,53,-89,3,0,13,0.9,1,0","elmaliern,foot,83,-22,2,0,15,1,1,0","elmaliern,base,228,-261,0,0,12,1,1,0",,"elmaliern,skirt,-17,-247,-7,0,8,1,1,0",,,,,,,,,,,,,,,,,,,,,,,,,,,,,,,,,,,,,,,,,,,,,,,,,,,,,,,,,,,,,,,,,,,,,,,,,,,,,,,,,,,,,,,,,,,,,,,,,,,,,
Skill2/3,"elmaliern,close,43,-550,-13,0,4,1,1,0","elmaliern,neck,27,-504,-5,0,7,1,1,0","elmaliern,body,13,-402,-13,0,6,1,1,0","elmaliern,arm_up,-92,-434,-24.4,0,4,1,1,0","elmaliern,arm_low,-164,-354,-72,1,4,1,1,0","white_human,open,-225,-294,-57,0,5,1,1,0","elmaliern,arm_up,94,-414,12,1,18,1,1,0","elmaliern,arm_low,157,-346,39,1,8,1,1,0","white_human,fist,218,-322,64,1,10,1,1,0","elmaliern,leg_up,-75,-163,-14.2,0,10,1.1,1,0","elmaliern,leg_low,-103,-85,-22,0,10,1,1,0","elmaliern,foot,-102,-21,-1.1,0,13,1,1,0","elmaliern,leg_up,40,-172,20.7,0,15,1,1,0","elmaliern,leg_low,53,-89,3,0,13,0.9,1,0","elmaliern,foot,83,-22,2,0,15,1,1,0","elmaliern,base,222,-244,0,0,12,1,1,0",,"elmaliern,skirt,-17,-245,-7,0,8,1,1,0",,,,,,,,,,,,,,,,,,,,,,,,,,,,,,,,,,,,,,,,,,,,,,,,,,,,,,,,,,,,,,,,,,,,,,,,,,,,,,,,,,,,,,,,,,,"bless_white,base,7,-771,0,0,0,1,1,1",,,,,,,,,,
Skill2/4,"elmaliern,close,43,-548,-14,0,4,1,1,0","elmaliern,neck,27,-504,-5,0,7,1,1,0","elmaliern,body,13,-401,-13,0,6,1,1,0","elmaliern,arm_up,-91,-435,-26.4,0,4,1,1,0","elmaliern,arm_low,-165,-357,-74,1,4,1,1,0","white_human,open,-228,-299,-59,0,5,1,1,0","elmaliern,arm_up,94,-414,12,1,18,1,1,0","elmaliern,arm_low,157,-341,38,1,8,1,1,0","white_human,fist,218,-318,63,1,10,1,1,0","elmaliern,leg_up,-75,-163,-14.2,0,10,1.1,1,0","elmaliern,leg_low,-103,-85,-22,0,10,1,1,0","elmaliern,foot,-102,-21,-1.1,0,13,1,1,0","elmaliern,leg_up,40,-172,20.7,0,15,1,1,0","elmaliern,leg_low,53,-89,3,0,13,0.9,1,0","elmaliern,foot,83,-22,2,0,15,1,1,0","elmaliern,base,222,-240,-1,0,12,1,1,0",,"elmaliern,skirt,-17,-245,-7,0,8,1,1,0",,,,,,,,,,,,,,,,,,,,,,,,,,,,,,,,,,,,,,,,,,,,,,,,,,,,,,,,,,,,,,,,,,,,,,,,,,,,,,,,,,,,,,,,,,,,,,,,,,,,,
Skill2/5,"elmaliern,close,45,-548,-15,0,4,1,1,0","elmaliern,neck,29,-504,-5,0,7,1,1,0","elmaliern,body,13,-401,-14,0,6,1,1,0","elmaliern,arm_up,-91,-437,-28.4,0,4,1,1,0","elmaliern,arm_low,-165,-363,-74,1,4,1,1,0","white_human,open,-228,-309,-61,0,5,1,1,0","elmaliern,arm_up,104,-414,16,1,18,1,1,0","elmaliern,arm_low,170,-344,38,1,8,1,1,0","white_human,fist,231,-321,63,1,10,1,1,0","elmaliern,leg_up,-75,-163,-14.2,0,10,1.1,1,0","elmaliern,leg_low,-103,-85,-22,0,10,1,1,0","elmaliern,foot,-102,-21,-1.1,0,13,1,1,0","elmaliern,leg_up,40,-172,20.7,0,15,1,1,0","elmaliern,leg_low,53,-89,3,0,13,0.9,1,0","elmaliern,foot,83,-22,2,0,15,1,1,0","elmaliern,base,235,-243,-1,0,12,1,1,0",,"elmaliern,skirt,-17,-245,-7,0,8,1,1,0",,,,,,,,,,,,,,,,,,,,,,,,,,,,,,,,,,,,,,,,,,,,,,,,,,,,,,,,,,,,,,,,,,,,,,,,,,,,,,,,,,,,,,,,,,,,,,,,,,,,,
Skill2/6,"elmaliern,close,43,-549,-11,0,4,1,1,0","elmaliern,neck,29,-504,-5,0,7,1,1,0","elmaliern,body,13,-401,-14,0,6,1,1,0","elmaliern,arm_up,-91,-435,-24.4,0,4,1,1,0","elmaliern,arm_low,-162,-361,-71,1,4,1,1,0","white_human,open,-223,-301,-58,0,5,1,1,0","elmaliern,arm_up,104,-418,21,1,18,1,1,0","elmaliern,arm_low,168,-358,40,1,8,1,1,0","white_human,fist,231,-337,65,1,10,1,1,0","elmaliern,leg_up,-73,-163,-14.2,0,10,1.1,1,0","elmaliern,leg_low,-101,-85,-22,0,10,1,1,0","elmaliern,foot,-100,-21,-1.1,0,13,1,1,0","elmaliern,leg_up,40,-172,20.7,0,15,1,1,0","elmaliern,leg_low,53,-89,3,0,13,0.9,1,0","elmaliern,foot,83,-22,2,0,15,1,1,0","elmaliern,base,237,-261,1,0,12,1,1,0",,"elmaliern,skirt,-17,-245,-5,0,8,1,1,0",,,,,,,,,,,,,,,,,,,,,,,,,,,,,,,,,,,,,,,,,,,,,,,,,,,,,,,,,,,,,,,,,,,,,,,,,,,,,,,,,,,,,,,,,,,,,,,,,,,,,
Skill2/7,"elmaliern,close,23,-553,-7,0,4,1,1,0","elmaliern,neck,14,-506,-5,0,7,1,1,0","elmaliern,body,4,-401,-8,0,6,1,1,0","elmaliern,arm_up,-94,-424,-17.4,0,4,1,1,0","elmaliern,arm_low,-151,-337,-54,1,4,1,1,0","white_human,open,-190,-262,-36,0,5,1,1,0","elmaliern,arm_up,98,-420,18,1,18,1,1,0","elmaliern,arm_low,161,-358,40,1,8,1,1,0","white_human,fist,224,-337,65,1,10,1,1,0","elmaliern,leg_up,-69,-163,-14.2,0,10,1.1,1,0","elmaliern,leg_low,-96,-85,-22,0,10,1,1,0","elmaliern,foot,-95,-21,-1.1,0,13,1,1,0","elmaliern,leg_up,36,-176,20.7,0,15,1,1,0","elmaliern,leg_low,51,-89,5,0,13,0.9,1,0","elmaliern,foot,83,-22,2,0,15,1,1,0","elmaliern,base,230,-261,1,0,12,1,1,0",,"elmaliern,skirt,-15,-245,-4,0,8,1,1,0",,,,,,,,,,,,,,,,,,,,,,,,,,,,,,,,,,,,,,,,,,,,,,,,,,,,,,,,,,,,,,,,,,,,,,,,,,,,,,,,,,,,,,,,,,,,,,,,,,,,,
Skill2/8,"elmaliern,head,9,-566,-6,0,4,1,1,0","elmaliern,neck,1,-510,-1,0,7,1,1,0","elmaliern,body,0,-410,-7,0,6,1,1,0","elmaliern,arm_up,-101,-422,-4.4,0,4,1,1,0","elmaliern,arm_low,-130,-322,-35,1,4,1,1,0","white_human,open,-133,-246,0,0,5,1,1,0","elmaliern,arm_up,89,-426,14,1,18,1,1,0","elmaliern,arm_low,157,-366,51,1,8,1,1,0","white_human,fist,221,-357,76,1,10,1,1,0","elmaliern,leg_up,-64,-179,-6.2,0,10,1.1,1,0","elmaliern,leg_low,-77,-90,-10,0,10,1,1,0","elmaliern,foot,-65,-21,-1.1,0,13,1,1,0","elmaliern,leg_up,36,-172,14.7,0,15,1,1,0","elmaliern,leg_low,50,-87,6,0,13,0.9,1,0","elmaliern,foot,83,-22,2,0,15,1,1,0","elmaliern,base,221,-278,-1,0,12,1,1,0",,"elmaliern,skirt,-17,-251,-5,0,8,1,1,0",,,,,,,,,,,,,,,,,,,,,,,,,,,,,,,,,,,,,,,,,,,,,,,,,,,,,,,,,,,,,,,,,,,,,,,,,,,,,,,,,,,,,,,,,,,,,,,,,,,play_time_mod_1.25,,
Skill3/0,"elmaliern,head,9,-566,-6,0,4,1,1,0","elmaliern,neck,1,-510,-1,0,7,1,1,0","elmaliern,body,0,-410,-7,0,6,1,1,0","elmaliern,arm_up,-101,-422,-4.4,0,4,1,1,0","elmaliern,arm_low,-130,-322,-35,1,4,1,1,0","white_human,open,-133,-246,0,0,5,1,1,0","elmaliern,arm_up,89,-426,14,1,18,1,1,0","elmaliern,arm_low,157,-366,51,1,8,1,1,0","white_human,fist,221,-357,76,1,10,1,1,0","elmaliern,leg_up,-64,-179,-6.2,0,10,1.1,1,0","elmaliern,leg_low,-77,-90,-10,0,10,1,1,0","elmaliern,foot,-65,-21,-1.1,0,13,1,1,0","elmaliern,leg_up,36,-172,14.7,0,15,1,1,0","elmaliern,leg_low,50,-87,6,0,13,0.9,1,0","elmaliern,foot,83,-22,2,0,15,1,1,0","elmaliern,base,221,-278,-1,0,12,1,1,0",,"elmaliern,skirt,-17,-251,-5,0,8,1,1,0",,,,,,,,,,,,,,,,,,,,,,,,,,,,,,,,,,,,,,,,,,,,,,,,,,,,,,,,,,,,,,,,,,,,,,,,,,,,,,,,,,,,,,,,,,,,,,,,,,,,,
Skill3/1,"elmaliern,head,-4,-566,-2,0,4,1,1,0","elmaliern,neck,-11,-510,-1,0,7,1,1,0","elmaliern,body,-6,-410,-2,0,6,1,1,0","elmaliern,arm_up,-106,-418,-6.4,0,4,1,1,0","elmaliern,arm_low,-139,-318,-37,1,4,1,1,0","white_human,open,-146,-242,-2,0,5,1,1,0","elmaliern,arm_up,89,-431,24,1,18,1,1,0","elmaliern,arm_low,162,-386,59,1,8,1,1,0","white_human,fist,226,-386,84,1,10,1,1,0","elmaliern,leg_up,-64,-179,-6.2,0,10,1.1,1,0","elmaliern,leg_low,-77,-90,-10,0,10,1,1,0","elmaliern,foot,-65,-21,-1.1,0,13,1,1,0","elmaliern,leg_up,42,-172,13.7,0,15,1,1,0","elmaliern,leg_low,52,-87,3,0,13,0.9,1,0","elmaliern,foot,83,-22,0,0,15,1,1,0","elmaliern,base,231,-307,2,0,12,1,1,0",,"elmaliern,skirt,-14,-251,-2,0,8,1,1,0",,,,,,,,,,,,,,,,,,,,,,,,,,,,,,,,,,,,,,,,,,,,,,,,,,,,,,,,,,,,,,,,,,,,,,,,,,,,,,,,,,,,,,,,,,,,,,,,,,,play_time_mod_0.5,,
Skill3/2,"elmaliern,head,-17,-566,-3,0,4,1,1,0","elmaliern,neck,-24,-510,-2,0,7,1,1,0","elmaliern,body,-14,-411,1,0,6,1,1,0","elmaliern,arm_up,-115,-418,-6.4,0,4,1,1,0","elmaliern,arm_low,-148,-318,-37,1,4,1,1,0","white_human,open,-155,-242,-2,0,5,1,1,0","elmaliern,arm_up,84,-441,36,1,18,1,1,0","elmaliern,arm_low,172,-398,64,1,8,1,1,0","white_human,fist,236,-403,89,1,10,1,1,0","elmaliern,leg_up,-64,-179,-6.2,0,10,1.1,1,0","elmaliern,leg_low,-77,-90,-10,0,10,1,1,0","elmaliern,foot,-65,-21,-1.1,0,13,1,1,0","elmaliern,leg_up,48,-172,14.7,0,15,1,1,0","elmaliern,leg_low,56,-87,1,0,13,0.9,1,0","elmaliern,foot,83,-22,0,0,15,1,1,0","elmaliern,base,241,-323,3,0,12,1,1,0",,"elmaliern,skirt,-14,-255,-1,0,8,1,1,0",,,,,,,,,,,,,,,,,,,,,,,,,,,,,,,,,,,,,,,,,,,,,,,,,,,,,,,,,,,,,,,,,,,,,,,,,,,,,,,,,,,,,,,,,,,,,,,,,,,,,
Skill3/3,"elmaliern,head,-19,-566,-4,0,4,1,1,0","elmaliern,neck,-26,-510,-3,0,7,1,1,0","elmaliern,body,-15,-411,2,0,6,1,1,0","elmaliern,arm_up,-117,-418,-9.4,0,4,1,1,0","elmaliern,arm_low,-154,-318,-37,1,4,1,1,0","white_human,open,-161,-242,-2,0,5,1,1,0","elmaliern,arm_up,84,-456,46,1,18,1,1,0","elmaliern,arm_low,171,-429,65,1,8,1,1,0","white_human,fist,234,-433,82,1,10,1,1,0","elmaliern,leg_up,-64,-179,-6.2,0,10,1.1,1,0","elmaliern,leg_low,-77,-90,-10,0,10,1,1,0","elmaliern,foot,-65,-21,-1.1,0,13,1,1,0","elmaliern,leg_up,51,-172,14.7,0,15,1,1,0","elmaliern,leg_low,58,-87,0,0,13,0.9,1,0","elmaliern,foot,83,-22,0,0,15,1,1,0","elmaliern,base,240,-358,1,0,12,1,1,0",,"elmaliern,skirt,-12,-255,0,0,8,1,1,0",,,,,,,,,,,,,,,,,,,,,,,,,,,,,,,,,,,,,,,,,,,,,,,,,,,,,,,,,,,,,,,,,,,,,,,,,,,,,,,,,,,,,,,,,,,,,,,,,,,,,
Skill3/4,"elmaliern,head,-18,-566,-5,0,4,1,1,0","elmaliern,neck,-26,-510,-3,0,7,1,1,0","elmaliern,body,-15,-411,2,0,6,1,1,0","elmaliern,arm_up,-121,-418,-11.4,0,4,1,1,0","elmaliern,arm_low,-160,-318,-37,1,4,1,1,0","white_human,open,-166,-242,-2,0,5,1,1,0","elmaliern,arm_up,84,-469,66,1,18,1,1,0","elmaliern,arm_low,186,-469,75,1,8,1,1,0","white_human,fist,247,-483,92,1,10,1,1,0","elmaliern,leg_up,-64,-179,-6.2,0,10,1.1,1,0","elmaliern,leg_low,-77,-90,-10,0,10,1,1,0","elmaliern,foot,-65,-21,-1.1,0,13,1,1,0","elmaliern,leg_up,51,-172,14.7,0,15,1,1,0","elmaliern,leg_low,58,-87,0,0,13,0.9,1,0","elmaliern,foot,83,-22,0,0,15,1,1,0","elmaliern,base,258,-409,2,0,12,1,1,0",,"elmaliern,skirt,-12,-255,0,0,8,1,1,0",,,,,,,,,,,,,,,,,,,,,,,,,,,,,,,,,,,,,,,,,,,,,,,,,,,,,,,,,,,,,,,,,,,,,,,,,,,,,,,,,,,,,,,,,,,,,,,,,,,,,
Skill3/5,"elmaliern,head,-17,-566,-6,0,4,1,1,0","elmaliern,neck,-26,-510,-3,0,7,1,1,0","elmaliern,body,-15,-411,3,0,6,1,1,0","elmaliern,arm_up,-124,-420,-11.4,0,4,1,1,0","elmaliern,arm_low,-163,-323,-38,1,4,1,1,0","white_human,open,-173,-245,-9,0,5,1,1,0","elmaliern,arm_up,84,-472,66,1,18,1,1,0","elmaliern,arm_low,186,-471,78,1,8,1,1,0","white_human,fist,247,-489,97,1,10,1,1,0","elmaliern,leg_up,-64,-179,-6.2,0,10,1.1,1,0","elmaliern,leg_low,-77,-90,-10,0,10,1,1,0","elmaliern,foot,-65,-21,-1.1,0,13,1,1,0","elmaliern,leg_up,54,-172,15.7,0,15,1,1,0","elmaliern,leg_low,60,-87,-1,0,13,0.9,1,0","elmaliern,foot,83,-22,0,0,15,1,1,0","elmaliern,light_1,258,-414,2,0,12,1,1,0",,"elmaliern,skirt,-11,-255,1,0,8,1,1,0",,,,,,,,,,,,,,,,,,,,,,,,,,,,,,,,,,,,,,,,,,,,,,,,,,,,,,,,,,,,,,,,,,,,,,,,,,,,,,,,,,,,,,,,,,,,,,,,,,,,,
Skill3/6,"elmaliern,head,-17,-566,-6,0,4,1,1,0","elmaliern,neck,-26,-510,-3,0,7,1,1,0","elmaliern,body,-15,-411,3,0,6,1,1,0","elmaliern,arm_up,-124,-420,-11.4,0,4,1,1,0","elmaliern,arm_low,-163,-323,-38,1,4,1,1,0","white_human,open,-173,-245,-9,0,5,1,1,0","elmaliern,arm_up,84,-472,66,1,18,1,1,0","elmaliern,arm_low,186,-471,78,1,8,1,1,0","white_human,fist,247,-489,97,1,10,1,1,0","elmaliern,leg_up,-64,-179,-6.2,0,10,1.1,1,0","elmaliern,leg_low,-77,-90,-10,0,10,1,1,0","elmaliern,foot,-65,-21,-1.1,0,13,1,1,0","elmaliern,leg_up,54,-172,15.7,0,15,1,1,0","elmaliern,leg_low,60,-87,-1,0,13,0.9,1,0","elmaliern,foot,83,-22,0,0,15,1,1,0","elmaliern,light_2,258,-414,2,0,12,1,1,0",,"elmaliern,skirt,-11,-255,1,0,8,1,1,0",,,,,,,,,,,,,,,,,,,,,,,,,,,,,,,,,,,,,,,,,,,,,,,,,,,,,,,,,,,,,,,,,,,,,,,,,,,,,,,,,,,,,,,,,,,,,,,,,,,,,
Skill3/7,"elmaliern,head,-17,-566,-6,0,4,1,1,0","elmaliern,neck,-26,-510,-3,0,7,1,1,0","elmaliern,body,-15,-411,3,0,6,1,1,0","elmaliern,arm_up,-124,-420,-11.4,0,4,1,1,0","elmaliern,arm_low,-163,-323,-38,1,4,1,1,0","white_human,open,-173,-245,-9,0,5,1,1,0","elmaliern,arm_up,84,-472,66,1,18,1,1,0","elmaliern,arm_low,186,-471,78,1,8,1,1,0","white_human,fist,247,-489,97,1,10,1,1,0","elmaliern,leg_up,-64,-179,-6.2,0,10,1.1,1,0","elmaliern,leg_low,-77,-90,-10,0,10,1,1,0","elmaliern,foot,-65,-21,-1.1,0,13,1,1,0","elmaliern,leg_up,54,-172,15.7,0,15,1,1,0","elmaliern,leg_low,60,-87,-1,0,13,0.9,1,0","elmaliern,foot,83,-22,0,0,15,1,1,0","elmaliern,light_3,258,-414,2,0,12,1,1,0",,"elmaliern,skirt,-11,-255,1,0,8,1,1,0",,,,,,,,,,,,,,,,,,,,,,,,,,,,,,,,,,,,,,,,,,,,,,,,,,,,,,,,,,,,,,,,,,,,,,,,,,,,,,,,,,,,,,,,,,,"light_burst_medium,base,261,-405,0,0,0,0.7,0.7,1",,,,,,,,,,
Skill3/8,"elmaliern,head,-17,-566,-7,0,4,1,1,0","elmaliern,neck,-26,-510,-3,0,7,1,1,0","elmaliern,body,-15,-411,3,0,6,1,1,0","elmaliern,arm_up,-126,-421,-13.4,0,4,1,1,0","elmaliern,arm_low,-171,-323,-38,1,4,1,1,0","white_human,open,-183,-245,-13,0,5,1,1,0","elmaliern,arm_up,84,-474,64,1,18,1,1,0","elmaliern,arm_low,186,-475,81,1,8,1,1,0","white_human,fist,244,-496,100,1,10,1,1,0","elmaliern,leg_up,-64,-179,-6.2,0,10,1.1,1,0","elmaliern,leg_low,-77,-90,-10,0,10,1,1,0","elmaliern,foot,-65,-21,-1.1,0,13,1,1,0","elmaliern,leg_up,54,-172,15.7,0,15,1,1,0","elmaliern,leg_low,60,-87,-1,0,13,0.9,1,0","elmaliern,foot,83,-22,0,0,15,1,1,0","elmaliern,light_3,255,-424,1,0,12,1,1,0",,"elmaliern,skirt,-11,-255,1,0,8,1,1,0",,,,,,,,,,,,,,,,,,,,,,,,,,,,,,,,,,,,,,,,,,,,,,,,,,,,,,,,,,,,,,,,,,,,,,,,,,,,,,,,,,,,,,,,,,,,,,,,,,,,,
Skill3/9,"elmaliern,head,-17,-566,-2,0,4,1,1,0","elmaliern,neck,-26,-510,-3,0,7,1,1,0","elmaliern,body,-14,-411,2,0,6,1,1,0","elmaliern,arm_up,-123,-421,-14.4,0,4,1,1,0","elmaliern,arm_low,-167,-325,-39,1,4,1,1,0","white_human,open,-181,-247,-14,0,5,1,1,0","elmaliern,arm_up,84,-463,54,1,18,1,1,0","elmaliern,arm_low,186,-449,77,1,8,1,1,0","white_human,fist,248,-466,96,1,10,1,1,0","elmaliern,leg_up,-64,-179,-6.2,0,10,1.1,1,0","elmaliern,leg_low,-77,-90,-10,0,10,1,1,0","elmaliern,foot,-65,-21,-1.1,0,13,1,1,0","elmaliern,leg_up,54,-172,15.7,0,15,1,1,0","elmaliern,leg_low,60,-87,-1,0,13,0.9,1,0","elmaliern,foot,83,-22,0,0,15,1,1,0","elmaliern,light_2,251,-390,-1,0,12,1,1,0",,"elmaliern,skirt,-11,-255,0,0,8,1,1,0",,,,,,,,,,,,,,,,,,,,,,,,,,,,,,,,,,,,,,,,,,,,,,,,,,,,,,,,,,,,,,,,,,,,,,,,,,,,,,,,,,,,,,,,,,,,,,,,,,,,,
Skill3/10,"elmaliern,head,-13,-566,1,0,4,1,1,0","elmaliern,neck,-18,-510,-3,0,7,1,1,0","elmaliern,body,-11,-411,0,0,6,1,1,0","elmaliern,arm_up,-113,-422,-7.4,0,4,1,1,0","elmaliern,arm_low,-145,-320,-32,1,4,1,1,0","white_human,open,-151,-240,-7,0,5,1,1,0","elmaliern,arm_up,84,-458,47,1,18,1,1,0","elmaliern,arm_low,175,-438,75,1,8,1,1,0","white_human,fist,239,-451,94,1,10,1,1,0","elmaliern,leg_up,-64,-179,-6.2,0,10,1.1,1,0","elmaliern,leg_low,-77,-90,-10,0,10,1,1,0","elmaliern,foot,-65,-21,-1.1,0,13,1,1,0","elmaliern,leg_up,54,-169,9.7,0,15,1,1,0","elmaliern,leg_low,58,-87,0,0,13,0.9,1,0","elmaliern,foot,83,-22,0,0,15,1,1,0","elmaliern,light_2,238,-375,0,0,12,1,1,0",,"elmaliern,skirt,-11,-253,-1,0,8,1,1,0",,,,,,,,,,,,,,,,,,,,,,,,,,,,,,,,,,,,,,,,,,,,,,,,,,,,,,,,,,,,,,,,,,,,,,,,,,,,,,,,,,,,,,,,,,,,,,,,,,,,,
Skill3/11,"elmaliern,head,-1,-566,-1,0,4,1,1,0","elmaliern,neck,-8,-510,-6,0,7,1,1,0","elmaliern,body,-4,-411,-3,0,6,1,1,0","elmaliern,arm_up,-108,-422,-8.4,0,4,1,1,0","elmaliern,arm_low,-142,-320,-33,1,4,1,1,0","white_human,open,-148,-241,-9,0,5,1,1,0","elmaliern,arm_up,84,-454,42,1,18,1,1,0","elmaliern,arm_low,180,-423,65,1,8,1,1,0","white_human,fist,245,-425,84,1,10,1,1,0","elmaliern,leg_up,-64,-179,-6.2,0,10,1.1,1,0","elmaliern,leg_low,-77,-90,-10,0,10,1,1,0","elmaliern,foot,-65,-21,-1.1,0,13,1,1,0","elmaliern,leg_up,54,-169,9.7,0,15,1,1,0","elmaliern,leg_low,58,-87,0,0,13,0.9,1,0","elmaliern,foot,83,-22,0,0,15,1,1,0","elmaliern,light_1,241,-350,0,0,12,1,1,0",,"elmaliern,skirt,-12,-252,-2,0,8,1,1,0",,,,,,,,,,,,,,,,,,,,,,,,,,,,,,,,,,,,,,,,,,,,,,,,,,,,,,,,,,,,,,,,,,,,,,,,,,,,,,,,,,,,,,,,,,,,,,,,,,,,,
Skill3/12,"elmaliern,head,4,-566,-2,0,4,1,1,0","elmaliern,neck,-3,-510,-7,0,7,1,1,0","elmaliern,body,0,-411,-5,0,6,1,1,0","elmaliern,arm_up,-106,-425,-8.4,0,4,1,1,0","elmaliern,arm_low,-140,-322,-33,1,4,1,1,0","white_human,open,-146,-243,-9,0,5,1,1,0","elmaliern,arm_up,84,-437,28,1,18,1,1,0","elmaliern,arm_low,170,-393,65,1,8,1,1,0","white_human,fist,235,-395,84,1,10,1,1,0","elmaliern,leg_up,-64,-179,-6.2,0,10,1.1,1,0","elmaliern,leg_low,-77,-90,-10,0,10,1,1,0","elmaliern,foot,-65,-21,-1.1,0,13,1,1,0","elmaliern,leg_up,49,-169,9.7,0,15,1,1,0","elmaliern,leg_low,55,-87,2,0,13,0.9,1,0","elmaliern,foot,83,-22,0,0,15,1,1,0","elmaliern,light_1,231,-320,0,0,12,1,1,0",,"elmaliern,skirt,-12,-252,-3,0,8,1,1,0",,,,,,,,,,,,,,,,,,,,,,,,,,,,,,,,,,,,,,,,,,,,,,,,,,,,,,,,,,,,,,,,,,,,,,,,,,,,,,,,,,,,,,,,,,,,,,,,,,,,,
Skill3/13,"elmaliern,head,9,-566,-6,0,4,1,1,0","elmaliern,neck,1,-510,-1,0,7,1,1,0","elmaliern,body,0,-410,-7,0,6,1,1,0","elmaliern,arm_up,-101,-422,-4.4,0,4,1,1,0","elmaliern,arm_low,-130,-322,-35,1,4,1,1,0","white_human,open,-133,-246,0,0,5,1,1,0","elmaliern,arm_up,89,-426,14,1,18,1,1,0","elmaliern,arm_low,157,-366,51,1,8,1,1,0","white_human,fist,221,-357,76,1,10,1,1,0","elmaliern,leg_up,-64,-179,-6.2,0,10,1.1,1,0","elmaliern,leg_low,-77,-90,-10,0,10,1,1,0","elmaliern,foot,-65,-21,-1.1,0,13,1,1,0","elmaliern,leg_up,36,-172,14.7,0,15,1,1,0","elmaliern,leg_low,50,-87,6,0,13,0.9,1,0","elmaliern,foot,83,-22,2,0,15,1,1,0","elmaliern,base,221,-278,-1,0,12,1,1,0",,"elmaliern,skirt,-17,-251,-5,0,8,1,1,0",,,,,,,,,,,,,,,,,,,,,,,,,,,,,,,,,,,,,,,,,,,,,,,,,,,,,,,,,,,,,,,,,,,,,,,,,,,,,,,,,,,,,,,,,,,,,,,,,,,play_time_mod_1.25,,
EVENT_Join/0,"elmaliern,head,-37,-569,11,1,4,1,1,0","elmaliern,neck,-23,-513,7,1,7,1,1,0","elmaliern,body,-15,-409,8,1,6,1,1,0","elmaliern,arm_up,90,-422,8.4,1,4,1,1,0","elmaliern,arm_low,125,-325,39,0,4,1,1,0","white_human,open,139,-249,20,1,5,1,1,0","elmaliern,arm_up,-98,-413,-2,0,18,1,1,0","elmaliern,arm_low,-130,-331,-9,0,8,1,1,0","white_human,open,-183,-268,-39,1,10,1,1,0","elmaliern,leg_up,62,-172,10.2,1,10,1.1,1,0","elmaliern,leg_low,84,-92,15,1,10,1,1,0","elmaliern,foot,75,-21,4.1,1,13,1,1,0","elmaliern,leg_up,-46,-172,-14.7,1,15,1,1,0","elmaliern,leg_low,-60,-87,-6,1,13,0.9,1,0","elmaliern,foot,-93,-22,-2,1,15,1,1,0",,,"elmaliern,skirt,5,-254,6,1,8,1,1,0",,,,,,,,,,,,,,,,,,,,,,,,,,,,,,,,,,,,,,,,,,,,,,,,,,,,,,,,,,,,,,,,,,,,,,,,,,,,,,,,,,,,,,,,,,,,,,,,,,,play_time_mod_2,,
