Name,p1_head,p1_neck,p1_body,p1_r_arm_up,p1_r_arm_low,p1_r_hand,p1_l_arm_up,p1_l_arm_low,p1_l_hand,p1_r_leg_up,p1_r_leg_low,p1_r_foot,p1_l_leg_up,p1_l_leg_low,p1_l_foot,p1_main_weapon,p1_sub_weapon,p1_special_1,p1_special_2,p1_special_3,p1_special_4,p1_special_5,p1_special_6,p1_special_7,p1_special_8,p1_special_9,p1_special_10,p2_head,p2_neck,p2_body,p2_r_arm_up,p2_r_arm_low,p2_r_hand,p2_l_arm_up,p2_l_arm_low,p2_l_hand,p2_r_leg_up,p2_r_leg_low,p2_r_foot,p2_l_leg_up,p2_l_leg_low,p2_l_foot,p2_main_weapon,p2_sub_weapon,p2_special_1,p2_special_2,p2_special_3,p2_special_4,p2_special_5,p2_special_6,p2_special_7,p2_special_8,p2_special_9,p2_special_10,p3_head,p3_neck,p3_body,p3_r_arm_up,p3_r_arm_low,p3_r_hand,p3_l_arm_up,p3_l_arm_low,p3_l_hand,p3_r_leg_up,p3_r_leg_low,p3_r_foot,p3_l_leg_up,p3_l_leg_low,p3_l_foot,p3_main_weapon,p3_sub_weapon,p3_special_1,p3_special_2,p3_special_3,p3_special_4,p3_special_5,p3_special_6,p3_special_7,p3_special_8,p3_special_9,p3_special_10,p4_head,p4_neck,p4_body,p4_r_arm_up,p4_r_arm_low,p4_r_hand,p4_l_arm_up,p4_l_arm_low,p4_l_hand,p4_r_leg_up,p4_r_leg_low,p4_r_foot,p4_l_leg_up,p4_l_leg_low,p4_l_foot,p4_main_weapon,p4_sub_weapon,p4_special_1,p4_special_2,p4_special_3,p4_special_4,p4_special_5,p4_special_6,p4_special_7,p4_special_8,p4_special_9,p4_special_10,effect_1,effect_2,effect_3,effect_4,effect_5,effect_6,effect_7,effect_8,frame_property,animation_property,sound_effect
Damaged/0,"kelwy,head,15,-317,-16,0,5,1,1,0","kelwy,neck,0,-277,-6,0,6,1,1,0","kelwy,body,-5,-204,-7.5,0,7,1,1,0","kelwy,arm_up,-34,-239,-19,0,5,1,1,0","kelwy,arm_low,-27,-204,50,0,6,1,1,0","kelwy,fist,10,-196,59,0,4,1,1,0","kelwy,arm_up,28,-246,40,1,15,1,1,0","kelwy,arm_low,47,-211,11,1,2,1,1,0","kelwy,fist,40,-172,17,1,4,1,1,0","kelwy,leg_up,-36,-115,-14.7,0,6,1,1,0","kelwy,leg_low,-52,-56,-10,0,12,1,1,0","kelwy,foot,-62,-12,-42.6,0,15,1,1,0","kelwy,leg_up,20,-117,24.7,0,14,1,1,0","kelwy,leg_low,36,-59,3.5,0,15,1,1,0","kelwy,foot,36,-17,-33.5,0,17,1,1,0","kelwy,base,-130,-310,-123,1,5,1,1,0","kelwy,stick,-32,-235,-130,0,5,1,1,0","kelwy,ear,-42,-384,67,0,2,1,1,0","kelwy,ear_back,3,-389,38,0,22,1,1,0","kelwy,tail,-69,-135,-15,0,8,1,1,0",,,,,,,,"ulistaz,head,-10,-354,-13,0,8,1,1,0",,,"ulistaz,arm_up,-28,-330,7,0,7,1,1,0","ulistaz,arm_low,-14,-296,29,0,5,1,1,0",,"ulistaz,arm_up,32,-325,49,0,18,1,1,0","ulistaz,arm_low,41,-296,-3,0,18,1,1,0",,"ulistaz,leg_up,-60,-294,12.3,0,8,1,1,0","ulistaz,leg_low,-22,-265,62,0,6,1,1,0",,"ulistaz,leg_up,-44,-323,16.7,0,17,1,1,0","ulistaz,leg_low,23,-269,49.5,0,18,1,1,0",,,,"ulistaz,ear,-62,-437,55,0,9,1,1,0","ulistaz,ear_back,-19,-454,21,0,21,1,1,0","ulistaz,tail,-97,-276,4,0,11,1,1,0",,,,,,,,,,,,,,,,,,,,,,,,,,,,,,,,,,,,,,,,,,,,,,,,,,,,,,,,,,,,,,,,,,,,,,,,
Damaged/1,"kelwy,close,29,-314,-21,0,5,1,1,0","kelwy,neck,10,-277,-10,0,6,1,1,0","kelwy,body,0,-202,-12.5,0,7,1,1,0","kelwy,arm_up,-33,-236,-24,0,5,1,1,0","kelwy,arm_low,-26,-201,45,0,6,1,1,0","kelwy,fist,11,-193,54,0,4,1,1,0","kelwy,arm_up,35,-241,38,1,15,1,1,0","kelwy,arm_low,52,-206,9,1,2,1,1,0","kelwy,fist,43,-167,15,1,4,1,1,0","kelwy,leg_up,-37,-115,-19.7,0,6,1,1,0","kelwy,leg_low,-62,-56,-13,0,12,1,1,0","kelwy,foot,-75,-12,-42.6,0,15,1,1,0","kelwy,leg_up,24,-114,27.7,0,14,1,1,0","kelwy,leg_low,40,-56,-0.5,0,15,1,1,0","kelwy,foot,36,-17,-27.5,0,17,1,1,0","kelwy,base,-124,-311,-125,1,5,1,1,0","kelwy,stick,-30,-233,-132,0,5,1,1,0","kelwy,ear,-22,-385,63,0,2,1,1,0","kelwy,ear_back,23,-388,32,0,22,1,1,0","kelwy,tail,-69,-137,-19,0,8,1,1,0",,,,,,,,"ulistaz,head,3,-349,-17,0,8,1,1,0",,,"ulistaz,arm_up,-18,-327,4,0,7,1,1,0","ulistaz,arm_low,-2,-295,35,0,5,1,1,0",,"ulistaz,arm_up,42,-319,46,0,18,1,1,0","ulistaz,arm_low,51,-290,-6,0,18,1,1,0",,"ulistaz,leg_up,-50,-294,9.3,0,8,1,1,0","ulistaz,leg_low,-15,-262,59,0,6,1,1,0",,"ulistaz,leg_up,-34,-320,13.7,0,17,1,1,0","ulistaz,leg_low,30,-263,46.5,0,18,1,1,0",,,,"ulistaz,ear,-44,-439,50,0,9,1,1,0","ulistaz,ear_back,4,-451,16,0,21,1,1,0","ulistaz,tail,-87,-276,1,0,11,1,1,0",,,,,,,,,,,,,,,,,,,,,,,,,,,,,,,,,,,,,,,,,,,,,,,,,,,,,,,,,,,,,,,,,,,,,,,,
Damaged/2,"kelwy,close,31,-305,-26,0,5,1,1,0","kelwy,neck,12,-270,-11,0,6,1,1,0","kelwy,body,0,-195,-13.5,0,7,1,1,0","kelwy,arm_up,-32,-230,-25,0,5,1,1,0","kelwy,arm_low,-26,-195,44,0,6,1,1,0","kelwy,fist,11,-186,53,0,4,1,1,0","kelwy,arm_up,36,-234,37,1,15,1,1,0","kelwy,arm_low,52,-198,8,1,2,1,1,0","kelwy,fist,43,-160,14,1,4,1,1,0","kelwy,leg_up,-41,-115,-26.7,0,6,1,1,0","kelwy,leg_low,-74,-56,-23,0,12,1,1,0","kelwy,foot,-93,-15,-62.6,0,15,1,1,0","kelwy,leg_up,24,-111,31.7,0,14,1,1,0","kelwy,leg_low,43,-55,-4.5,0,15,1,1,0","kelwy,foot,36,-15,-28.5,0,17,1,1,0","kelwy,base,-122,-307,-126,1,5,1,1,0","kelwy,stick,-29,-227,-133,0,5,1,1,0","kelwy,ear,-15,-381,59,0,2,1,1,0","kelwy,ear_back,28,-381,28,0,22,1,1,0","kelwy,tail,-70,-136,-24,0,8,1,1,0",,,,,,,,"ulistaz,close,8,-340,-21,0,8,1,1,0",,,"ulistaz,arm_up,-15,-321,3,0,7,1,1,0","ulistaz,arm_low,0,-288,34,0,5,1,1,0",,"ulistaz,arm_up,44,-312,45,0,18,1,1,0","ulistaz,arm_low,53,-282,-7,0,18,1,1,0",,"ulistaz,leg_up,-48,-288,8.3,0,8,1,1,0","ulistaz,leg_low,-14,-256,58,0,6,1,1,0",,"ulistaz,leg_up,-32,-314,12.7,0,17,1,1,0","ulistaz,leg_low,31,-256,45.5,0,18,1,1,0",,,,"ulistaz,ear,-40,-433,47,0,9,1,1,0","ulistaz,ear_back,10,-444,13,0,21,1,1,0","ulistaz,tail,-85,-271,0,0,11,1,1,0",,,,,,,,,,,,,,,,,,,,,,,,,,,,,,,,,,,,,,,,,,,,,,,,,,,,,,,,,,,,,,,,,,,,,,hold,,
Damaged/3,"kelwy,close,31,-301,-27,0,5,1,1,0","kelwy,neck,12,-267,-11,0,6,1,1,0","kelwy,body,0,-192,-13.5,0,7,1,1,0","kelwy,arm_up,-32,-227,-25,0,5,1,1,0","kelwy,arm_low,-26,-192,44,0,6,1,1,0","kelwy,fist,11,-183,53,0,4,1,1,0","kelwy,arm_up,36,-231,37,1,15,1,1,0","kelwy,arm_low,52,-195,8,1,2,1,1,0","kelwy,fist,43,-157,14,1,4,1,1,0","kelwy,leg_up,-41,-115,-26.7,0,6,1,1,0","kelwy,leg_low,-74,-56,-23,0,12,1,1,0","kelwy,foot,-93,-15,-62.6,0,15,1,1,0","kelwy,leg_up,24,-111,31.7,0,14,1,1,0","kelwy,leg_low,43,-55,-4.5,0,15,1,1,0","kelwy,foot,36,-15,-28.5,0,17,1,1,0","kelwy,base,-122,-304,-126,1,5,1,1,0","kelwy,stick,-29,-224,-133,0,5,1,1,0","kelwy,ear,-15,-378,59,0,2,1,1,0","kelwy,ear_back,28,-378,28,0,22,1,1,0","kelwy,tail,-70,-136,-28,0,8,1,1,0",,,,,,,,"ulistaz,head,8,-336,-22,0,8,1,1,0",,,"ulistaz,arm_up,-15,-318,3,0,7,1,1,0","ulistaz,arm_low,0,-287,39,0,5,1,1,0",,"ulistaz,arm_up,44,-309,45,0,18,1,1,0","ulistaz,arm_low,53,-273,-14,0,18,1,1,0",,"ulistaz,leg_up,-48,-285,8.3,0,8,1,1,0","ulistaz,leg_low,-14,-253,58,0,6,1,1,0",,"ulistaz,leg_up,-32,-311,12.7,0,17,1,1,0","ulistaz,leg_low,31,-253,45.5,0,18,1,1,0",,,,"ulistaz,ear,-38,-430,46,0,9,1,1,0","ulistaz,ear_back,12,-441,12,0,21,1,1,0","ulistaz,tail,-85,-268,0,0,11,1,1,0",,,,,,,,,,,,,,,,,,,,,,,,,,,,,,,,,,,,,,,,,,,,,,,,,,,,,,,,,,,,,,,,,,,,,,,,
Damaged/4,"kelwy,close,29,-314,-21,0,5,1,1,0","kelwy,neck,10,-277,-10,0,6,1,1,0","kelwy,body,0,-202,-12.5,0,7,1,1,0","kelwy,arm_up,-33,-236,-24,0,5,1,1,0","kelwy,arm_low,-26,-201,45,0,6,1,1,0","kelwy,fist,11,-193,54,0,4,1,1,0","kelwy,arm_up,35,-241,38,1,15,1,1,0","kelwy,arm_low,52,-206,9,1,2,1,1,0","kelwy,fist,43,-167,15,1,4,1,1,0","kelwy,leg_up,-37,-115,-19.7,0,6,1,1,0","kelwy,leg_low,-62,-56,-13,0,12,1,1,0","kelwy,foot,-75,-12,-42.6,0,15,1,1,0","kelwy,leg_up,24,-114,27.7,0,14,1,1,0","kelwy,leg_low,40,-56,-0.5,0,15,1,1,0","kelwy,foot,36,-17,-27.5,0,17,1,1,0","kelwy,base,-124,-311,-125,1,5,1,1,0","kelwy,stick,-30,-233,-132,0,5,1,1,0","kelwy,ear,-22,-385,63,0,2,1,1,0","kelwy,ear_back,23,-388,32,0,22,1,1,0","kelwy,tail,-69,-137,-19,0,8,1,1,0",,,,,,,,"ulistaz,head,3,-349,-17,0,8,1,1,0",,,"ulistaz,arm_up,-18,-327,4,0,7,1,1,0","ulistaz,arm_low,-2,-295,35,0,5,1,1,0",,"ulistaz,arm_up,42,-319,46,0,18,1,1,0","ulistaz,arm_low,51,-290,-6,0,18,1,1,0",,"ulistaz,leg_up,-50,-294,9.3,0,8,1,1,0","ulistaz,leg_low,-15,-262,59,0,6,1,1,0",,"ulistaz,leg_up,-34,-320,13.7,0,17,1,1,0","ulistaz,leg_low,30,-263,46.5,0,18,1,1,0",,,,"ulistaz,ear,-44,-439,50,0,9,1,1,0","ulistaz,ear_back,4,-451,16,0,21,1,1,0","ulistaz,tail,-87,-276,1,0,11,1,1,0",,,,,,,,,,,,,,,,,,,,,,,,,,,,,,,,,,,,,,,,,,,,,,,,,,,,,,,,,,,,,,,,,,,,,,,,
Damaged/5,"kelwy,head,15,-317,-16,0,5,1,1,0","kelwy,neck,0,-277,-6,0,6,1,1,0","kelwy,body,-5,-204,-7.5,0,7,1,1,0","kelwy,arm_up,-34,-239,-19,0,5,1,1,0","kelwy,arm_low,-27,-204,50,0,6,1,1,0","kelwy,fist,10,-196,59,0,4,1,1,0","kelwy,arm_up,28,-246,40,1,15,1,1,0","kelwy,arm_low,47,-211,11,1,2,1,1,0","kelwy,fist,40,-172,17,1,4,1,1,0","kelwy,leg_up,-36,-115,-14.7,0,6,1,1,0","kelwy,leg_low,-52,-56,-10,0,12,1,1,0","kelwy,foot,-62,-12,-42.6,0,15,1,1,0","kelwy,leg_up,20,-117,24.7,0,14,1,1,0","kelwy,leg_low,36,-59,3.5,0,15,1,1,0","kelwy,foot,36,-17,-33.5,0,17,1,1,0","kelwy,base,-130,-310,-123,1,5,1,1,0","kelwy,stick,-32,-235,-130,0,5,1,1,0","kelwy,ear,-42,-384,67,0,2,1,1,0","kelwy,ear_back,3,-389,38,0,22,1,1,0","kelwy,tail,-69,-135,-15,0,8,1,1,0",,,,,,,,"ulistaz,head,-10,-354,-13,0,8,1,1,0",,,"ulistaz,arm_up,-28,-330,7,0,7,1,1,0","ulistaz,arm_low,-14,-296,29,0,5,1,1,0",,"ulistaz,arm_up,32,-325,49,0,18,1,1,0","ulistaz,arm_low,41,-296,-3,0,18,1,1,0",,"ulistaz,leg_up,-60,-294,12.3,0,8,1,1,0","ulistaz,leg_low,-22,-265,62,0,6,1,1,0",,"ulistaz,leg_up,-44,-323,16.7,0,17,1,1,0","ulistaz,leg_low,23,-269,49.5,0,18,1,1,0",,,,"ulistaz,ear,-62,-437,55,0,9,1,1,0","ulistaz,ear_back,-19,-454,21,0,21,1,1,0","ulistaz,tail,-97,-276,4,0,11,1,1,0",,,,,,,,,,,,,,,,,,,,,,,,,,,,,,,,,,,,,,,,,,,,,,,,,,,,,,,,,,,,,,,,,,,,,,,,
Default/0,"kelwy,head,15,-319,-14,0,5,1,1,0","kelwy,neck,0,-279,-6,0,6,1,1,0","kelwy,body,-5,-206,-7.5,0,7,1,1,0","kelwy,arm_up,-47,-256,-96,0,5,1,1,0","kelwy,arm_low,-97,-252,-90,0,6,1,1,0","kelwy,fist,-130,-235,-81,0,4,1,1,0","kelwy,arm_up,29,-258,80,1,15,1,1,0","kelwy,arm_low,77,-245,91,1,2,1,1,0","kelwy,fist,118,-238,110,1,4,1,1,0","kelwy,leg_up,-39,-115,-17.7,0,6,1,1,0","kelwy,leg_low,-58,-56,-12,0,12,1,1,0","kelwy,foot,-68,-12,-42.6,0,15,1,1,0","kelwy,leg_up,20,-119,23.7,0,14,1,1,0","kelwy,leg_low,35,-59,3.5,0,15,1,1,0","kelwy,foot,34,-17,-33.5,0,17,1,1,0",,,"kelwy,ear,-45,-384,68,0,2,1,1,0","kelwy,ear_back,0,-391,39,0,22,1,1,0","kelwy,tail,-69,-137,-15,0,8,1,1,0",,,,,,,,"ulistaz,head,-12,-360,-8,0,8,1,1,0",,,"ulistaz,arm_up,-43,-355,-74,0,7,1,1,0","ulistaz,arm_low,-84,-347,-95,0,5,1,1,0",,"ulistaz,arm_up,35,-336,84,0,18,1,1,0","ulistaz,arm_low,74,-333,80,0,18,1,1,0",,"ulistaz,leg_up,-61,-303,45.3,0,8,1,1,0","ulistaz,leg_low,-18,-276,63,0,6,1,1,0",,"ulistaz,leg_up,-41,-329,21.7,0,17,1,1,0","ulistaz,leg_low,31,-279,54.5,0,18,1,1,0",,,,"ulistaz,ear,-71,-438,61,0,9,1,1,0","ulistaz,ear_back,-33,-460,27,0,21,1,1,0","ulistaz,tail,-90,-277,9,0,11,1,1,0",,,,,,,,,,,,,,,,,,,,,,,,,,,,,,,,,,,,,,,,,,,,,,,,,,,,,,,,,,,,,,,,,,,,,,,,
Die/0,"kelwy,close,-8,-339,-1,0,5,1,1,0","kelwy,neck,-12,-297,8,0,6,1,1,0","kelwy,body,1,-223,6.5,0,7,1,1,0","kelwy,arm_up,-35,-252,-5,0,5,1,1,0","kelwy,arm_low,-18,-219,64,0,6,1,1,0","kelwy,fist,19,-222,73,0,4,1,1,0","kelwy,arm_up,25,-274,54,1,15,1,1,0","kelwy,arm_low,49,-244,25,1,2,1,1,0","kelwy,fist,53,-203,31,1,4,1,1,0","kelwy,leg_up,-8,-130,-20.7,0,6,1,1,0","kelwy,leg_low,-39,-66,-26,0,12,1,1,0","kelwy,foot,-57,-30,-68.6,0,15,1,1,0","kelwy,leg_up,47,-145,38.7,0,14,1,1,0","kelwy,leg_low,77,-92,17.5,0,15,1,1,0","kelwy,foot,86,-54,-19.5,0,17,1,1,0","kelwy,base,-110,-347,-129,1,5,1,1,0","kelwy,stick,5,-300,-156,0,5,1,1,0","kelwy,ear,-73,-390,81,0,2,1,1,0","kelwy,ear_back,-37,-406,52,0,22,1,1,0","kelwy,tail,-39,-151,9,0,8,1,1,0",,,,,,,,"ulistaz,close,-38,-370,1,0,8,1,1,0",,,"ulistaz,arm_up,-53,-339,21,0,7,1,1,0","ulistaz,arm_low,-43,-311,15,0,5,1,1,0",,"ulistaz,arm_up,7,-349,63,0,18,1,1,0","ulistaz,arm_low,25,-325,11,0,18,1,1,0",,"ulistaz,leg_up,-84,-298,46.3,0,8,1,1,0","ulistaz,leg_low,-48,-266,76,0,6,1,1,0",,"ulistaz,leg_up,-64,-329,30.7,0,17,1,1,0","ulistaz,leg_low,12,-293,63.5,0,18,1,1,0",,,,"ulistaz,ear,-109,-435,69,0,9,1,1,0","ulistaz,ear_back,-74,-464,35,0,21,1,1,0","ulistaz,tail,-102,-271,18,0,11,1,1,0",,,,,,,,,,,,,,,,,,,,,,,,,,,,,,,,,,,,,,,,,,,,,,,,,,,,,,,,,,,,,,,,,,,,,,,,
Die/1,"kelwy,close,-111,-344,19,0,5,1,1,0","kelwy,neck,-101,-303,28,0,6,1,1,0","kelwy,body,-63,-239,26.5,0,7,1,1,0","kelwy,arm_up,-107,-253,15,0,5,1,1,0","kelwy,arm_low,-80,-228,84,0,6,1,1,0","kelwy,fist,-46,-244,93,0,4,1,1,0","kelwy,arm_up,-60,-308,104,1,15,1,1,0","kelwy,arm_low,-14,-316,105,1,2,1,1,0","kelwy,fist,23,-314,113,1,4,1,1,0","kelwy,leg_up,-40,-148,-0.7,0,6,1,1,0","kelwy,leg_low,-56,-86,-26,0,12,1,1,0","kelwy,foot,-80,-52,-68.6,0,15,1,1,0","kelwy,leg_up,7,-182,64.7,0,14,1,1,0","kelwy,leg_low,60,-144,47.5,0,15,1,1,0","kelwy,foot,87,-115,10.5,0,17,1,1,0","kelwy,base,-210,-320,-111,1,5,1,1,0","kelwy,stick,-85,-312,-136,0,5,1,1,0","kelwy,ear,-190,-370,101,0,2,1,1,0","kelwy,ear_back,-161,-397,72,0,22,1,1,0","kelwy,tail,-76,-157,29,0,8,1,1,0",,,,,,,,"ulistaz,close,-150,-364,21,0,8,1,1,0",,,"ulistaz,arm_up,-153,-329,41,0,7,1,1,0","ulistaz,arm_low,-135,-307,35,0,5,1,1,0",,"ulistaz,arm_up,-101,-359,83,0,18,1,1,0","ulistaz,arm_low,-75,-342,31,0,18,1,1,0",,"ulistaz,leg_up,-169,-280,66.3,0,8,1,1,0","ulistaz,leg_low,-124,-262,96,0,6,1,1,0",,"ulistaz,leg_up,-160,-316,50.7,0,17,1,1,0","ulistaz,leg_low,-76,-308,83.5,0,18,1,1,0",,,,"ulistaz,ear,-239,-400,89,0,9,1,1,0","ulistaz,ear_back,-216,-439,55,0,21,1,1,0","ulistaz,tail,-177,-248,38,0,11,1,1,0",,,,,,,,,,,,,,,,,,,,,,,,,,,,,,,,,,,,,,,,,,,,,,,,,,,,,,,,,,,,,,,,,,,,,,hold,,
Die/2,"kelwy,close,-225,-250,58,0,5,1,1,0","kelwy,neck,-194,-223,58,0,6,1,1,0","kelwy,body,-128,-187,56.5,0,7,1,1,0","kelwy,arm_up,-183,-188,15,0,5,1,1,0","kelwy,arm_low,-161,-150,54,0,6,1,1,0","kelwy,fist,-123,-144,53,0,4,1,1,0","kelwy,arm_up,-159,-248,134,1,15,1,1,0","kelwy,arm_low,-130,-276,155,1,2,1,1,0","kelwy,fist,-104,-303,163,1,4,1,1,0","kelwy,leg_up,-53,-125,49.3,0,6,1,1,0","kelwy,leg_low,-16,-78,24,0,12,1,1,0","kelwy,foot,2,-36,-8.6,0,15,1,1,0","kelwy,leg_up,-38,-172,94.7,0,14,1,1,0","kelwy,leg_low,27,-166,77.5,0,15,1,1,0","kelwy,foot,63,-154,40.5,0,17,1,1,0","kelwy,base,-356,-334,-51,1,5,1,1,0","kelwy,stick,-36,-327,-166,0,5,1,1,0","kelwy,ear,-305,-218,144,0,2,1,1,0","kelwy,ear_back,-305,-246,132,0,22,1,1,0","kelwy,tail,-98,-109,59,0,8,1,1,0",,,,,,,,"ulistaz,close,-356,-211,91,0,15,1,1,0",,,"ulistaz,arm_up,-325,-196,111,0,14,1,1,0","ulistaz,arm_low,-297,-205,105,0,12,1,1,0",,"ulistaz,arm_up,-345,-246,-170,0,25,1,1,0","ulistaz,arm_low,-331,-284,151,0,25,1,1,0",,"ulistaz,leg_up,-292,-169,136.3,0,15,1,1,0","ulistaz,leg_low,-271,-195,-158,0,13,1,1,0",,"ulistaz,leg_up,-315,-185,120.7,0,24,1,1,0","ulistaz,leg_low,-280,-261,153.5,0,25,1,1,0",,,,"ulistaz,ear,-411,-139,169,0,16,1,1,0","ulistaz,ear_back,-451,-172,126,0,28,1,1,0","ulistaz,tail,-246,-155,118,0,18,1,1,0",,,,,,,,,,,,,,,,,,,,,,,,,,,,,,,,,,,,,,,,,,,,,,,,,,,,,,,,,,,,,,,,,,,,,,,,
Die/3,"kelwy,close,-258,-100,99,0,5,1,1,0","kelwy,neck,-217,-101,99,0,6,1,1,0","kelwy,body,-140,-108,89.5,0,7,1,1,0","kelwy,arm_up,-179,-88,45,0,5,1,1,0","kelwy,arm_low,-140,-70,84,0,6,1,1,0","kelwy,fist,-105,-84,83,0,4,1,1,0","kelwy,arm_up,-172,-137,174,1,15,1,1,0","kelwy,arm_low,-168,-176,-170,1,2,1,1,0","kelwy,fist,-166,-213,-160,1,4,1,1,0","kelwy,leg_up,-56,-70,59.3,0,6,1,1,0","kelwy,leg_low,-11,-31,34,0,12,1,1,0","kelwy,foot,14,8,1.4,0,15,1,1,0","kelwy,leg_up,-49,-119,114.7,0,14,1,1,0","kelwy,leg_low,16,-135,97.5,0,15,1,1,0","kelwy,foot,55,-133,50.5,0,17,1,1,0","kelwy,base,-450,-224,-21,1,5,1,1,0","kelwy,stick,37,-292,140,0,5,1,1,0","kelwy,ear,-306,-26,175,0,2,1,1,0","kelwy,ear_back,-319,-50,163,0,22,1,1,0","kelwy,tail,-97,-47,69,0,8,1,1,0",,,,,,,,"ulistaz,close,-429,-105,121,0,15,1,1,0",,,"ulistaz,arm_up,-415,-128,141,0,14,1,1,0","ulistaz,arm_low,-406,-160,175,0,12,1,1,0",,"ulistaz,arm_up,-438,-142,-140,0,25,1,1,0","ulistaz,arm_low,-445,-181,-180,0,25,1,1,0",,"ulistaz,leg_up,-354,-101,166.3,0,15,1,1,0","ulistaz,leg_low,-354,-133,-138,0,13,1,1,0",,"ulistaz,leg_up,-374,-85,150.7,0,24,1,1,0","ulistaz,leg_low,-382,-158,-160,0,25,1,1,0",,,,"ulistaz,ear,-441,-16,-170,0,16,1,1,0","ulistaz,ear_back,-492,-25,156,0,28,1,1,0","ulistaz,tail,-317,-109,158,0,18,1,1,0",,,,,,,,,,,,,,,,,,,,,,,,,,,,,,,,,,,,,,,,,,,,,,,,,,,,,,,,,,,,,,,,,,,,,,,,
Die/4,"kelwy,close,-258,-26,102,0,5,1,1,0","kelwy,neck,-217,-27,92,0,6,1,1,0","kelwy,body,-140,-41,100.5,0,7,1,1,0","kelwy,arm_up,-179,-13,48,0,5,1,1,0","kelwy,arm_low,-137,2,87,0,6,1,1,0","kelwy,fist,-105,-12,86,0,4,1,1,0","kelwy,arm_up,-181,-74,-170,1,15,1,1,0","kelwy,arm_low,-191,-111,-147,1,2,1,1,0","kelwy,fist,-206,-146,-137,1,4,1,1,0","kelwy,leg_up,-53,-16,79.3,0,6,1,1,0","kelwy,leg_low,2,5,57,0,12,1,1,0","kelwy,foot,40,32,14.4,0,15,1,1,0","kelwy,leg_up,-39,-50,97.7,0,14,1,1,0","kelwy,leg_low,25,-48,70.5,0,15,1,1,0","kelwy,foot,60,-28,23.5,0,17,1,1,0","kelwy,base,-585,-160,12,1,5,1,1,0","kelwy,stick,188,-194,60,0,5,1,1,0","kelwy,ear,-299,52,-180,0,2,1,1,0","kelwy,ear_back,-313,28,169,0,22,1,1,0","kelwy,tail,-84,2,112,0,8,1,1,0",,,,,,,,"ulistaz,close,-483,-22,145,0,15,1,1,0",,,"ulistaz,arm_up,-483,-55,180,0,14,1,1,0","ulistaz,arm_low,-505,-85,-130,0,12,1,1,0",,"ulistaz,arm_up,-506,-50,-90,0,25,1,1,0","ulistaz,arm_low,-540,-70,-130,0,25,1,1,0",,"ulistaz,leg_up,-432,-63,-150,0,15,1,1,0","ulistaz,leg_low,-452,-89,-119,0,13,1,1,0",,"ulistaz,leg_up,-423,-49,-180,0,24,1,1,0","ulistaz,leg_low,-470,-96,-130,0,25,1,1,0",,,,"ulistaz,ear,-440,21,-100,0,16,1,1,0","ulistaz,ear_back,-482,48,-127,0,28,1,1,0","ulistaz,tail,-379,-67,-169,0,18,1,1,0",,,,,,,,,,,,,,,,,,,,,,,,,,,,,,,,,,,,,,,,,,,,,,,,,,,,,,,,,,,,,,,,,,,,,,,,
Die/5,"kelwy,close,-258,-24,105,0,5,1,1,0","kelwy,neck,-217,-27,92,0,6,1,1,0","kelwy,body,-140,-41,100.5,0,7,1,1,0","kelwy,arm_up,-179,-13,48,0,5,1,1,0","kelwy,arm_low,-138,6,67,0,6,1,1,0","kelwy,fist,-104,4,66,0,4,1,1,0","kelwy,arm_up,-203,-55,-140,1,15,1,1,0","kelwy,arm_low,-234,-85,-109,1,2,1,1,0","kelwy,fist,-264,-104,-107,1,4,1,1,0","kelwy,leg_up,-53,-16,79.3,0,6,1,1,0","kelwy,leg_low,1,5,51,0,12,1,1,0","kelwy,foot,36,34,14.4,0,15,1,1,0","kelwy,leg_up,-39,-40,87.7,0,14,1,1,0","kelwy,leg_low,22,-27,60.5,0,15,1,1,0","kelwy,foot,51,-2,13.5,0,17,1,1,0","kelwy,base,-715,-110,62,1,5,1,1,0","kelwy,stick,295,-121,30,0,5,1,1,0","kelwy,ear,-299,56,-178,0,2,1,1,0","kelwy,ear_back,-313,32,171,0,22,1,1,0","kelwy,tail,-84,2,112,0,8,1,1,0",,,,,,,,"ulistaz,close,-483,-19,134,0,15,1,1,0",,,"ulistaz,arm_up,-476,-52,169,0,14,1,1,0","ulistaz,arm_low,-499,-76,-121,0,12,1,1,0",,"ulistaz,arm_up,-498,-48,-81,0,25,1,1,0","ulistaz,arm_low,-533,-61,-121,0,25,1,1,0",,"ulistaz,leg_up,-428,-40,-161,0,15,1,1,0","ulistaz,leg_low,-440,-80,-130,0,13,1,1,0",,"ulistaz,leg_up,-419,-35,170,0,24,1,1,0","ulistaz,leg_low,-456,-90,-141,0,25,1,1,0",,,,"ulistaz,ear,-441,26,-101,0,16,1,1,0","ulistaz,ear_back,-461,34,-108,0,28,1,1,0","ulistaz,tail,-371,-43,170,0,18,1,1,0",,,,,,,,,,,,,,,,,,,,,,,,,,,,,,,,,,,,,,,,,,,,,,,,,,,,,,,,,,,,,,,,,,,,,,,,
Die/6,"kelwy,close,-258,-24,105,0,5,1,1,0","kelwy,neck,-217,-27,92,0,6,1,1,0","kelwy,body,-140,-34,97.5,0,7,1,1,0","kelwy,arm_up,-179,-6,58,0,5,1,1,0","kelwy,arm_low,-138,6,67,0,6,1,1,0","kelwy,fist,-104,4,66,0,4,1,1,0","kelwy,arm_up,-226,-44,-120,1,19,1,1,0","kelwy,arm_low,-266,-62,-89,1,6,1,1,0","kelwy,fist,-301,-69,-87,1,8,1,1,0","kelwy,leg_up,-53,-11,82.3,0,6,1,1,0","kelwy,leg_low,1,2,61,0,12,1,1,0","kelwy,foot,36,27,14.4,0,15,1,1,0","kelwy,leg_up,-39,-37,80.7,0,14,1,1,0","kelwy,leg_low,22,-19,60.5,0,15,1,1,0","kelwy,foot,51,4,13.5,0,17,1,1,0","kelwy,base,-775,-38,94,1,5,1,1,0","kelwy,stick,359,-133,-6,0,5,1,1,0","kelwy,ear,-299,56,-178,0,2,1,1,0","kelwy,ear_back,-313,32,171,0,22,1,1,0","kelwy,tail,-84,2,112,0,8,1,1,0",,,,,,,,"ulistaz,close,-483,-18,132,0,15,1,1,0",,,"ulistaz,arm_up,-476,-49,167,0,14,1,1,0","ulistaz,arm_low,-497,-71,-119,0,12,1,1,0",,"ulistaz,arm_up,-498,-47,-83,0,25,1,1,0","ulistaz,arm_low,-531,-58,-120,0,25,1,1,0",,"ulistaz,leg_up,-428,-37,-163,0,15,1,1,0","ulistaz,leg_low,-438,-73,-132,0,13,1,1,0",,"ulistaz,leg_up,-419,-30,168,0,24,1,1,0","ulistaz,leg_low,-454,-80,-139,0,25,1,1,0",,,,"ulistaz,ear,-443,29,-103,0,16,1,1,0","ulistaz,ear_back,-463,37,-110,0,28,1,1,0","ulistaz,tail,-371,-38,168,0,18,1,1,0",,,,,,,,,,,,,,,,,,,,,,,,,,,,,,,,,,,,,,,,,,,,,,,,,,,,,,,,,,,,,,,,,,,,,,,,
Die/7,"kelwy,close,-258,-24,105,0,5,1,1,0","kelwy,neck,-217,-27,92,0,6,1,1,0","kelwy,body,-140,-34,97.5,0,7,1,1,0","kelwy,arm_up,-179,-6,58,0,5,1,1,0","kelwy,arm_low,-138,6,67,0,6,1,1,0","kelwy,fist,-104,4,66,0,4,1,1,0","kelwy,arm_up,-224,-31,-110,1,19,1,1,0","kelwy,arm_low,-266,-45,-69,1,6,1,1,0","kelwy,fist,-303,-42,-77,1,8,1,1,0","kelwy,leg_up,-53,-11,82.3,0,6,1,1,0","kelwy,leg_low,1,2,61,0,12,1,1,0","kelwy,foot,36,27,14.4,0,15,1,1,0","kelwy,leg_up,-39,-37,80.7,0,14,1,1,0","kelwy,leg_low,22,-19,60.5,0,15,1,1,0","kelwy,foot,51,4,13.5,0,17,1,1,0","kelwy,base,-775,-27,84,1,5,1,1,0","kelwy,stick,436,-133,-30,0,5,1,1,0","kelwy,ear,-299,56,-178,0,2,1,1,0","kelwy,ear_back,-313,32,171,0,22,1,1,0","kelwy,tail,-84,2,112,0,8,1,1,0",,,,,,,,"ulistaz,close,-483,-18,132,0,15,1,1,0",,,"ulistaz,arm_up,-476,-49,167,0,14,1,1,0","ulistaz,arm_low,-497,-71,-119,0,12,1,1,0",,"ulistaz,arm_up,-498,-47,-83,0,25,1,1,0","ulistaz,arm_low,-531,-58,-120,0,25,1,1,0",,"ulistaz,leg_up,-428,-37,-163,0,15,1,1,0","ulistaz,leg_low,-438,-73,-132,0,13,1,1,0",,"ulistaz,leg_up,-419,-30,168,0,24,1,1,0","ulistaz,leg_low,-454,-80,-139,0,25,1,1,0",,,,"ulistaz,ear,-443,29,-103,0,16,1,1,0","ulistaz,ear_back,-463,37,-110,0,28,1,1,0","ulistaz,tail,-371,-38,168,0,18,1,1,0",,,,,,,,,,,,,,,,,,,,,,,,,,,,,,,,,,,,,,,,,,,,,,,,,,,,,,,,,,,,,,,,,,,,,,,,
Die/8,"kelwy,close,-258,-24,105,0,5,1,1,0","kelwy,neck,-217,-27,92,0,6,1,1,0","kelwy,body,-140,-34,97.5,0,7,1,1,0","kelwy,arm_up,-179,-6,58,0,5,1,1,0","kelwy,arm_low,-138,6,67,0,6,1,1,0","kelwy,fist,-104,4,66,0,4,1,1,0","kelwy,arm_up,-223,-18,-100,1,19,1,1,0","kelwy,arm_low,-267,-24,-59,1,6,1,1,0","kelwy,fist,-303,-15,-67,1,8,1,1,0","kelwy,leg_up,-53,-11,82.3,0,6,1,1,0","kelwy,leg_low,1,2,61,0,12,1,1,0","kelwy,foot,36,27,14.4,0,15,1,1,0","kelwy,leg_up,-39,-37,80.7,0,14,1,1,0","kelwy,leg_low,22,-19,60.5,0,15,1,1,0","kelwy,foot,51,4,13.5,0,17,1,1,0","kelwy,base,-775,-18,90,1,5,1,1,0","kelwy,stick,506,-103,-60,0,5,1,1,0","kelwy,ear,-299,56,-178,0,2,1,1,0","kelwy,ear_back,-313,32,171,0,22,1,1,0","kelwy,tail,-84,2,112,0,8,1,1,0",,,,,,,,"ulistaz,close,-483,-18,132,0,15,1,1,0",,,"ulistaz,arm_up,-476,-49,167,0,14,1,1,0","ulistaz,arm_low,-497,-71,-119,0,12,1,1,0",,"ulistaz,arm_up,-498,-47,-83,0,25,1,1,0","ulistaz,arm_low,-531,-58,-120,0,25,1,1,0",,"ulistaz,leg_up,-428,-37,-163,0,15,1,1,0","ulistaz,leg_low,-438,-73,-132,0,13,1,1,0",,"ulistaz,leg_up,-419,-30,168,0,24,1,1,0","ulistaz,leg_low,-454,-80,-139,0,25,1,1,0",,,,"ulistaz,ear,-443,29,-103,0,16,1,1,0","ulistaz,ear_back,-463,37,-110,0,28,1,1,0","ulistaz,tail,-371,-38,168,0,18,1,1,0",,,,,,,,,,,,,,,,,,,,,,,,,,,,,,,,,,,,,,,,,,,,,,,,,,,,,,,,,,,,,,,,,,,,,,,,
Die/9,"kelwy,close,-258,-24,105,0,5,1,1,0","kelwy,neck,-217,-27,92,0,6,1,1,0","kelwy,body,-140,-34,97.5,0,7,1,1,0","kelwy,arm_up,-179,-6,58,0,5,1,1,0","kelwy,arm_low,-138,6,67,0,6,1,1,0","kelwy,fist,-104,4,66,0,4,1,1,0","kelwy,arm_up,-223,-18,-100,1,19,1,1,0","kelwy,arm_low,-267,-24,-59,1,6,1,1,0","kelwy,fist,-303,-15,-67,1,8,1,1,0","kelwy,leg_up,-53,-11,82.3,0,6,1,1,0","kelwy,leg_low,1,2,61,0,12,1,1,0","kelwy,foot,36,27,14.4,0,15,1,1,0","kelwy,leg_up,-39,-37,80.7,0,14,1,1,0","kelwy,leg_low,22,-19,60.5,0,15,1,1,0","kelwy,foot,51,4,13.5,0,17,1,1,0","kelwy,base,-775,-18,91,1,5,1,1,0","kelwy,stick,536,-50,-85,0,5,1,1,0","kelwy,ear,-299,56,-178,0,2,1,1,0","kelwy,ear_back,-313,32,171,0,22,1,1,0","kelwy,tail,-84,2,112,0,8,1,1,0",,,,,,,,"ulistaz,close,-483,-18,132,0,15,1,1,0",,,"ulistaz,arm_up,-476,-49,167,0,14,1,1,0","ulistaz,arm_low,-497,-71,-119,0,12,1,1,0",,"ulistaz,arm_up,-498,-47,-83,0,25,1,1,0","ulistaz,arm_low,-531,-58,-120,0,25,1,1,0",,"ulistaz,leg_up,-428,-37,-163,0,15,1,1,0","ulistaz,leg_low,-438,-73,-132,0,13,1,1,0",,"ulistaz,leg_up,-419,-30,168,0,24,1,1,0","ulistaz,leg_low,-454,-80,-139,0,25,1,1,0",,,,"ulistaz,ear,-443,29,-103,0,16,1,1,0","ulistaz,ear_back,-463,37,-110,0,28,1,1,0","ulistaz,tail,-371,-38,168,0,18,1,1,0",,,,,,,,,,,,,,,,,,,,,,,,,,,,,,,,,,,,,,,,,,,,,,,,,,,,,,,,,,,,,,,,,,,,,,,,
Die/10,"kelwy,close,-258,-24,105,0,5,1,1,0","kelwy,neck,-217,-27,92,0,6,1,1,0","kelwy,body,-140,-34,97.5,0,7,1,1,0","kelwy,arm_up,-179,-6,58,0,5,1,1,0","kelwy,arm_low,-138,6,67,0,6,1,1,0","kelwy,fist,-104,4,66,0,4,1,1,0","kelwy,arm_up,-223,-18,-100,1,19,1,1,0","kelwy,arm_low,-267,-24,-59,1,6,1,1,0","kelwy,fist,-303,-15,-67,1,8,1,1,0","kelwy,leg_up,-53,-11,82.3,0,6,1,1,0","kelwy,leg_low,1,2,61,0,12,1,1,0","kelwy,foot,36,27,14.4,0,15,1,1,0","kelwy,leg_up,-39,-37,80.7,0,14,1,1,0","kelwy,leg_low,22,-19,60.5,0,15,1,1,0","kelwy,foot,51,4,13.5,0,17,1,1,0","kelwy,base,-775,-18,91,1,5,1,1,0","kelwy,stick,536,-20,-95,0,5,1,1,0","kelwy,ear,-299,56,-178,0,2,1,1,0","kelwy,ear_back,-313,32,171,0,22,1,1,0","kelwy,tail,-84,2,112,0,8,1,1,0",,,,,,,,"ulistaz,close,-483,-18,132,0,15,1,1,0",,,"ulistaz,arm_up,-476,-49,167,0,14,1,1,0","ulistaz,arm_low,-497,-71,-119,0,12,1,1,0",,"ulistaz,arm_up,-498,-47,-83,0,25,1,1,0","ulistaz,arm_low,-531,-58,-120,0,25,1,1,0",,"ulistaz,leg_up,-428,-37,-163,0,15,1,1,0","ulistaz,leg_low,-438,-73,-132,0,13,1,1,0",,"ulistaz,leg_up,-419,-30,168,0,24,1,1,0","ulistaz,leg_low,-454,-80,-139,0,25,1,1,0",,,,"ulistaz,ear,-443,29,-103,0,16,1,1,0","ulistaz,ear_back,-463,37,-110,0,28,1,1,0","ulistaz,tail,-371,-38,168,0,18,1,1,0",,,,,,,,,,,,,,,,,,,,,,,,,,,,,,,,,,,,,,,,,,,,,,,,,,,,,,,,,,,,,,,,,,,,,,,,
Idle/0,"kelwy,head,15,-319,-14,0,5,1,1,0","kelwy,neck,0,-279,-6,0,6,1,1,0","kelwy,body,-5,-206,-7.5,0,7,1,1,0","kelwy,arm_up,-34,-241,-19,0,5,1,1,0","kelwy,arm_low,-27,-206,50,0,6,1,1,0","kelwy,fist,10,-198,59,0,4,1,1,0","kelwy,arm_up,28,-248,40,1,15,1,1,0","kelwy,arm_low,47,-213,11,1,2,1,1,0","kelwy,fist,40,-174,17,1,4,1,1,0","kelwy,leg_up,-36,-115,-14.7,0,6,1,1,0","kelwy,leg_low,-52,-56,-10,0,12,1,1,0","kelwy,foot,-62,-12,-42.6,0,15,1,1,0","kelwy,leg_up,20,-119,23.7,0,14,1,1,0","kelwy,leg_low,35,-59,3.5,0,15,1,1,0","kelwy,foot,34,-17,-33.5,0,17,1,1,0","kelwy,base,-131,-308,-122,1,5,1,1,0","kelwy,stick,-32,-237,-130,0,5,1,1,0","kelwy,ear,-45,-384,68,0,2,1,1,0","kelwy,ear_back,0,-391,39,0,22,1,1,0","kelwy,tail,-69,-137,-15,0,8,1,1,0",,,,,,,,"ulistaz,head,-10,-355,-12,0,8,1,1,0",,,"ulistaz,arm_up,-28,-330,12,0,7,1,1,0","ulistaz,arm_low,-16,-299,31,0,5,1,1,0",,"ulistaz,arm_up,33,-327,50,0,18,1,1,0","ulistaz,arm_low,44,-298,3,0,18,1,1,0",,"ulistaz,leg_up,-59,-294,13.3,0,8,1,1,0","ulistaz,leg_low,-20,-264,59,0,6,1,1,0",,"ulistaz,leg_up,-43,-324,17.7,0,17,1,1,0","ulistaz,leg_low,25,-271,50.5,0,18,1,1,0",,,,"ulistaz,ear,-65,-437,57,0,9,1,1,0","ulistaz,ear_back,-23,-455,23,0,21,1,1,0","ulistaz,tail,-96,-276,5,0,11,1,1,0",,,,,,,,,,,,,,,,,,,,,,,,,,,,,,,,,,,,,,,,,,,,,,,,,,,,,,,,,,,,,,,,,,,,,,play_time_mod_2,,
Idle/1,"kelwy,head,15,-317,-16,0,5,1,1,0","kelwy,neck,0,-277,-6,0,6,1,1,0","kelwy,body,-5,-204,-7.5,0,7,1,1,0","kelwy,arm_up,-34,-239,-19,0,5,1,1,0","kelwy,arm_low,-27,-204,50,0,6,1,1,0","kelwy,fist,10,-196,59,0,4,1,1,0","kelwy,arm_up,28,-246,40,1,15,1,1,0","kelwy,arm_low,47,-211,11,1,2,1,1,0","kelwy,fist,40,-172,17,1,4,1,1,0","kelwy,leg_up,-36,-115,-14.7,0,6,1,1,0","kelwy,leg_low,-52,-56,-10,0,12,1,1,0","kelwy,foot,-62,-12,-42.6,0,15,1,1,0","kelwy,leg_up,20,-117,24.7,0,14,1,1,0","kelwy,leg_low,36,-59,3.5,0,15,1,1,0","kelwy,foot,36,-17,-33.5,0,17,1,1,0","kelwy,base,-130,-310,-123,1,5,1,1,0","kelwy,stick,-32,-235,-130,0,5,1,1,0","kelwy,ear,-42,-384,67,0,2,1,1,0","kelwy,ear_back,3,-389,38,0,22,1,1,0","kelwy,tail,-69,-135,-15,0,8,1,1,0",,,,,,,,"ulistaz,head,-10,-354,-13,0,8,1,1,0",,,"ulistaz,arm_up,-28,-330,7,0,7,1,1,0","ulistaz,arm_low,-14,-296,29,0,5,1,1,0",,"ulistaz,arm_up,32,-325,49,0,18,1,1,0","ulistaz,arm_low,41,-296,-3,0,18,1,1,0",,"ulistaz,leg_up,-60,-294,12.3,0,8,1,1,0","ulistaz,leg_low,-22,-265,62,0,6,1,1,0",,"ulistaz,leg_up,-44,-323,16.7,0,17,1,1,0","ulistaz,leg_low,23,-269,49.5,0,18,1,1,0",,,,"ulistaz,ear,-62,-437,55,0,9,1,1,0","ulistaz,ear_back,-19,-454,21,0,21,1,1,0","ulistaz,tail,-97,-276,4,0,11,1,1,0",,,,,,,,,,,,,,,,,,,,,,,,,,,,,,,,,,,,,,,,,,,,,,,,,,,,,,,,,,,,,,,,,,,,,,play_time_mod_1.5,,
Idle/2,"kelwy,head,17,-315,-17,0,5,1,1,0","kelwy,neck,0,-277,-6,0,6,1,1,0","kelwy,body,-4,-202,-7.5,0,7,1,1,0","kelwy,arm_up,-33,-239,-20,0,5,1,1,0","kelwy,arm_low,-27,-203,49,0,6,1,1,0","kelwy,fist,10,-195,58,0,4,1,1,0","kelwy,arm_up,29,-245,39,1,15,1,1,0","kelwy,arm_low,47,-210,10,1,2,1,1,0","kelwy,fist,39,-171,16,1,4,1,1,0","kelwy,leg_up,-35,-114,-14.7,0,6,1,1,0","kelwy,leg_low,-52,-53,-12,0,12,1,1,0","kelwy,foot,-63,-12,-47.6,0,15,1,1,0","kelwy,leg_up,20,-115,25.7,0,14,1,1,0","kelwy,leg_low,37,-59,1.5,0,15,1,1,0","kelwy,foot,36,-17,-33.5,0,17,1,1,0","kelwy,base,-128,-311,-124,1,5,1,1,0","kelwy,stick,-31,-235,-131,0,5,1,1,0","kelwy,ear,-38,-383,66,0,2,1,1,0","kelwy,ear_back,7,-385,34,0,23,1,1,0","kelwy,tail,-69,-134,-18,0,8,1,1,0",,,,,,,,"ulistaz,head,-8,-351,-14,0,8,1,1,0",,,"ulistaz,arm_up,-27,-330,2,0,7,1,1,0","ulistaz,arm_low,-11,-295,28,0,5,1,1,0",,"ulistaz,arm_up,33,-321,48,0,18,1,1,0","ulistaz,arm_low,39,-291,-10,0,18,1,1,0",,"ulistaz,leg_up,-59,-292,11.3,0,8,1,1,0","ulistaz,leg_low,-22,-262,61,0,6,1,1,0",,"ulistaz,leg_up,-43,-320,15.7,0,17,1,1,0","ulistaz,leg_low,23,-265,48.5,0,18,1,1,0",,,,"ulistaz,ear,-61,-438,52,0,9,1,1,0","ulistaz,ear_back,-11,-451,17,0,21,1,1,0","ulistaz,tail,-96,-274,3,0,11,1,1,0",,,,,,,,,,,,,,,,,,,,,,,,,,,,,,,,,,,,,,,,,,,,,,,,,,,,,,,,,,,,,,,,,,,,,,,,
Idle/3,"kelwy,head,19,-310,-19,0,5,1,1,0","kelwy,neck,1,-274,-7,0,6,1,1,0","kelwy,body,-4,-199,-8.5,0,7,1,1,0","kelwy,arm_up,-32,-237,-21,0,5,1,1,0","kelwy,arm_low,-27,-201,48,0,6,1,1,0","kelwy,fist,10,-192,57,0,4,1,1,0","kelwy,arm_up,30,-242,38,1,15,1,1,0","kelwy,arm_low,47,-206,9,1,2,1,1,0","kelwy,fist,38,-168,15,1,4,1,1,0","kelwy,leg_up,-35,-114,-14.7,0,6,1,1,0","kelwy,leg_low,-52,-53,-12,0,12,1,1,0","kelwy,foot,-63,-12,-47.6,0,15,1,1,0","kelwy,leg_up,20,-113,27.7,0,14,1,1,0","kelwy,leg_low,38,-58,0.5,0,15,1,1,0","kelwy,foot,36,-17,-33.5,0,17,1,1,0","kelwy,base,-126,-311,-125,1,5,1,1,0","kelwy,stick,-30,-233,-132,0,5,1,1,0","kelwy,ear,-33,-380,63,0,2,1,1,0","kelwy,ear_back,12,-381,31,0,23,1,1,0","kelwy,tail,-70,-133,-19,0,8,1,1,0",,,,,,,,"ulistaz,head,-9,-347,-16,0,8,1,1,0",,,"ulistaz,arm_up,-23,-327,1,0,7,1,1,0","ulistaz,arm_low,-13,-291,20,0,5,1,1,0",,"ulistaz,arm_up,31,-317,47,0,18,1,1,0","ulistaz,arm_low,37,-287,-11,0,18,1,1,0",,"ulistaz,leg_up,-61,-290,10.3,0,8,1,1,0","ulistaz,leg_low,-25,-259,60,0,6,1,1,0",,"ulistaz,leg_up,-45,-317,14.7,0,17,1,1,0","ulistaz,leg_low,20,-261,47.5,0,18,1,1,0",,,,"ulistaz,ear,-62,-436,50,0,9,1,1,0","ulistaz,ear_back,-10,-448,12,0,21,1,1,0","ulistaz,tail,-98,-272,2,0,11,1,1,0",,,,,,,,,,,,,,,,,,,,,,,,,,,,,,,,,,,,,,,,,,,,,,,,,,,,,,,,,,,,,,,,,,,,,,play_time_mod_1.5,,
Idle/4,"kelwy,head,19,-309,-20,0,5,1,1,0","kelwy,neck,1,-274,-7,0,6,1,1,0","kelwy,body,-4,-199,-8.5,0,7,1,1,0","kelwy,arm_up,-32,-237,-21,0,5,1,1,0","kelwy,arm_low,-27,-201,48,0,6,1,1,0","kelwy,fist,10,-192,57,0,4,1,1,0","kelwy,arm_up,30,-242,38,1,15,1,1,0","kelwy,arm_low,47,-206,9,1,2,1,1,0","kelwy,fist,38,-168,15,1,4,1,1,0","kelwy,leg_up,-35,-114,-14.7,0,6,1,1,0","kelwy,leg_low,-52,-53,-12,0,12,1,1,0","kelwy,foot,-63,-12,-47.6,0,15,1,1,0","kelwy,leg_up,20,-113,27.7,0,14,1,1,0","kelwy,leg_low,38,-58,0.5,0,15,1,1,0","kelwy,foot,36,-17,-33.5,0,17,1,1,0","kelwy,base,-126,-311,-125,1,5,1,1,0","kelwy,stick,-30,-233,-132,0,5,1,1,0","kelwy,ear,-33,-379,62,0,2,1,1,0","kelwy,ear_back,12,-380,30,0,23,1,1,0","kelwy,tail,-70,-133,-19,0,8,1,1,0",,,,,,,,"ulistaz,head,-9,-347,-16,0,8,1,1,0",,,"ulistaz,arm_up,-23,-327,0,0,7,1,1,0","ulistaz,arm_low,-13,-290,19,0,5,1,1,0",,"ulistaz,arm_up,31,-317,47,0,18,1,1,0","ulistaz,arm_low,36,-287,-12,0,18,1,1,0",,"ulistaz,leg_up,-61,-290,10.3,0,8,1,1,0","ulistaz,leg_low,-25,-259,60,0,6,1,1,0",,"ulistaz,leg_up,-45,-317,14.7,0,17,1,1,0","ulistaz,leg_low,20,-261,47.5,0,18,1,1,0",,,,"ulistaz,ear,-62,-436,49,0,9,1,1,0","ulistaz,ear_back,-10,-448,11,0,21,1,1,0","ulistaz,tail,-98,-272,2,0,11,1,1,0",,,,,,,,,,,,,,,,,,,,,,,,,,,,,,,,,,,,,,,,,,,,,,,,,,,,,,,,,,,,,,,,,,,,,,play_time_mod_1.8,,
Idle/5,"kelwy,head,17,-315,-17,0,5,1,1,0","kelwy,neck,0,-277,-6,0,6,1,1,0","kelwy,body,-4,-202,-7.5,0,7,1,1,0","kelwy,arm_up,-33,-239,-20,0,5,1,1,0","kelwy,arm_low,-27,-203,49,0,6,1,1,0","kelwy,fist,10,-195,58,0,4,1,1,0","kelwy,arm_up,29,-245,39,1,15,1,1,0","kelwy,arm_low,47,-210,10,1,2,1,1,0","kelwy,fist,39,-171,16,1,4,1,1,0","kelwy,leg_up,-35,-114,-14.7,0,6,1,1,0","kelwy,leg_low,-52,-53,-12,0,12,1,1,0","kelwy,foot,-63,-12,-47.6,0,15,1,1,0","kelwy,leg_up,20,-115,25.7,0,14,1,1,0","kelwy,leg_low,37,-59,1.5,0,15,1,1,0","kelwy,foot,36,-17,-33.5,0,17,1,1,0","kelwy,base,-128,-311,-124,1,5,1,1,0","kelwy,stick,-31,-235,-131,0,5,1,1,0","kelwy,ear,-38,-383,66,0,2,1,1,0","kelwy,ear_back,7,-385,34,0,23,1,1,0","kelwy,tail,-69,-134,-18,0,8,1,1,0",,,,,,,,"ulistaz,head,-8,-351,-14,0,8,1,1,0",,,"ulistaz,arm_up,-27,-330,2,0,7,1,1,0","ulistaz,arm_low,-11,-295,28,0,5,1,1,0",,"ulistaz,arm_up,33,-321,48,0,18,1,1,0","ulistaz,arm_low,39,-291,-10,0,18,1,1,0",,"ulistaz,leg_up,-59,-292,11.3,0,8,1,1,0","ulistaz,leg_low,-22,-262,61,0,6,1,1,0",,"ulistaz,leg_up,-43,-320,15.7,0,17,1,1,0","ulistaz,leg_low,23,-265,48.5,0,18,1,1,0",,,,"ulistaz,ear,-61,-438,52,0,9,1,1,0","ulistaz,ear_back,-11,-451,17,0,21,1,1,0","ulistaz,tail,-96,-274,3,0,11,1,1,0",,,,,,,,,,,,,,,,,,,,,,,,,,,,,,,,,,,,,,,,,,,,,,,,,,,,,,,,,,,,,,,,,,,,,,play_time_mod_1.2,,
Idle/6,"kelwy,head,15,-317,-16,0,5,1,1,0","kelwy,neck,0,-277,-6,0,6,1,1,0","kelwy,body,-5,-204,-7.5,0,7,1,1,0","kelwy,arm_up,-34,-239,-19,0,5,1,1,0","kelwy,arm_low,-27,-204,50,0,6,1,1,0","kelwy,fist,10,-196,59,0,4,1,1,0","kelwy,arm_up,28,-246,40,1,15,1,1,0","kelwy,arm_low,47,-211,11,1,2,1,1,0","kelwy,fist,40,-172,17,1,4,1,1,0","kelwy,leg_up,-36,-115,-14.7,0,6,1,1,0","kelwy,leg_low,-52,-56,-10,0,12,1,1,0","kelwy,foot,-62,-12,-42.6,0,15,1,1,0","kelwy,leg_up,20,-117,24.7,0,14,1,1,0","kelwy,leg_low,36,-59,3.5,0,15,1,1,0","kelwy,foot,36,-17,-33.5,0,17,1,1,0","kelwy,base,-130,-310,-123,1,5,1,1,0","kelwy,stick,-32,-235,-130,0,5,1,1,0","kelwy,ear,-42,-384,67,0,2,1,1,0","kelwy,ear_back,3,-389,38,0,22,1,1,0","kelwy,tail,-69,-135,-15,0,8,1,1,0",,,,,,,,"ulistaz,head,-10,-354,-13,0,8,1,1,0",,,"ulistaz,arm_up,-28,-330,7,0,7,1,1,0","ulistaz,arm_low,-14,-299,29,0,5,1,1,0",,"ulistaz,arm_up,32,-325,49,0,18,1,1,0","ulistaz,arm_low,41,-296,-3,0,18,1,1,0",,"ulistaz,leg_up,-60,-294,12.3,0,8,1,1,0","ulistaz,leg_low,-22,-265,62,0,6,1,1,0",,"ulistaz,leg_up,-44,-323,16.7,0,17,1,1,0","ulistaz,leg_low,23,-269,49.5,0,18,1,1,0",,,,"ulistaz,ear,-64,-437,56,0,9,1,1,0","ulistaz,ear_back,-21,-454,22,0,21,1,1,0","ulistaz,tail,-97,-276,4,0,11,1,1,0",,,,,,,,,,,,,,,,,,,,,,,,,,,,,,,,,,,,,,,,,,,,,,,,,,,,,,,,,,,,,,,,,,,,,,,,
Knockdown/0,"kelwy,head,4,-329,-11,0,5,1,1,0","kelwy,neck,-8,-289,-1,0,6,1,1,0","kelwy,body,-7,-216,-2.5,0,7,1,1,0","kelwy,arm_up,-37,-246,-14,0,5,1,1,0","kelwy,arm_low,-25,-211,55,0,6,1,1,0","kelwy,fist,12,-208,64,0,4,1,1,0","kelwy,arm_up,25,-258,45,1,15,1,1,0","kelwy,arm_low,44,-228,16,1,2,1,1,0","kelwy,fist,42,-185,22,1,4,1,1,0","kelwy,leg_up,-15,-122,10.3,0,6,1,1,0","kelwy,leg_low,-4,-63,5,0,12,1,1,0","kelwy,foot,-1,-19,-27.6,0,15,1,1,0","kelwy,leg_up,37,-139,59.7,0,14,1,1,0","kelwy,leg_low,74,-100,18.5,0,15,1,1,0","kelwy,foot,87,-60,-18.5,0,17,1,1,0","kelwy,base,-138,-307,-118,1,5,1,1,0","kelwy,stick,-35,-242,-125,0,5,1,1,0","kelwy,ear,-60,-389,73,0,2,1,1,0","kelwy,ear_back,-15,-399,44,0,22,1,1,0","kelwy,tail,-62,-138,-7,0,8,1,1,0",,,,,,,,"ulistaz,head,-23,-363,-8,0,8,1,1,0",,,"ulistaz,arm_up,-41,-337,12,0,7,1,1,0","ulistaz,arm_low,-22,-302,34,0,5,1,1,0",,"ulistaz,arm_up,19,-337,54,0,18,1,1,0","ulistaz,arm_low,33,-308,2,0,18,1,1,0",,"ulistaz,leg_up,-68,-301,17.3,0,8,1,1,0","ulistaz,leg_low,-30,-272,67,0,6,1,1,0",,"ulistaz,leg_up,-57,-330,21.7,0,17,1,1,0","ulistaz,leg_low,15,-281,54.5,0,18,1,1,0",,,,"ulistaz,ear,-85,-441,60,0,9,1,1,0","ulistaz,ear_back,-42,-461,26,0,21,1,1,0","ulistaz,tail,-105,-278,9,0,11,1,1,0",,,,,,,,,,,,,,,,,,,,,,,,,,,,,,,,,,,,,,,,,,,,,,,,,,,,,,,,,,,,,,,,,,,,,,play_time_mod_0.5,,
Knockdown/1,"kelwy,close,-4,-335,-7,0,5,1,1,0","kelwy,neck,-12,-294,3,0,6,1,1,0","kelwy,body,-7,-221,1.5,0,7,1,1,0","kelwy,arm_up,-36,-249,-10,0,5,1,1,0","kelwy,arm_low,-21,-216,59,0,6,1,1,0","kelwy,fist,16,-217,68,0,4,1,1,0","kelwy,arm_up,25,-267,49,1,15,1,1,0","kelwy,arm_low,44,-237,20,1,2,1,1,0","kelwy,fist,46,-194,26,1,4,1,1,0","kelwy,leg_up,3,-127,24.3,0,6,1,1,0","kelwy,leg_low,22,-69,9,0,12,1,1,0","kelwy,foot,30,-27,-23.6,0,15,1,1,0","kelwy,leg_up,45,-150,67.7,0,14,1,1,0","kelwy,leg_low,88,-116,22.5,0,15,1,1,0","kelwy,foot,105,-76,-14.5,0,17,1,1,0","kelwy,base,-142,-304,-114,1,5,1,1,0","kelwy,stick,-35,-247,-121,0,5,1,1,0","kelwy,ear,-86,-375,96,0,2,1,1,0","kelwy,ear_back,-49,-403,67,0,22,1,1,0","kelwy,tail,-54,-139,-3,0,8,1,1,0",,,,,,,,"ulistaz,close,-31,-368,-4,0,8,1,1,0",,,"ulistaz,arm_up,-49,-342,16,0,7,1,1,0","ulistaz,arm_low,-26,-307,38,0,5,1,1,0",,"ulistaz,arm_up,11,-346,58,0,18,1,1,0","ulistaz,arm_low,23,-317,0,0,18,1,1,0",,"ulistaz,leg_up,-72,-302,21.3,0,8,1,1,0","ulistaz,leg_low,-34,-277,71,0,6,1,1,0",,"ulistaz,leg_up,-64,-331,25.7,0,17,1,1,0","ulistaz,leg_low,11,-290,58.5,0,18,1,1,0",,,,"ulistaz,ear,-97,-442,64,0,9,1,1,0","ulistaz,ear_back,-58,-465,30,0,21,1,1,0","ulistaz,tail,-109,-279,13,0,11,1,1,0",,,,,,,,,,,,,,,,,,,,,,,,,,,,,,,,,,,,,,,,,,,,,,,,,,,,,,,,,,,,,,,,,,,,,,play_time_mod_0.5,,
Knockdown/2,"kelwy,close,-13,-336,1,0,5,1,1,0","kelwy,neck,-15,-294,11,0,6,1,1,0","kelwy,body,0,-223,9.5,0,7,1,1,0","kelwy,arm_up,-32,-245,-2,0,5,1,1,0","kelwy,arm_low,-15,-215,67,0,6,1,1,0","kelwy,fist,22,-219,76,0,4,1,1,0","kelwy,arm_up,24,-272,57,1,15,1,1,0","kelwy,arm_low,48,-245,28,1,2,1,1,0","kelwy,fist,55,-203,34,1,4,1,1,0","kelwy,leg_up,36,-135,52.3,0,6,1,1,0","kelwy,leg_low,74,-86,22,0,12,1,1,0","kelwy,foot,90,-48,-15.6,0,15,1,1,0","kelwy,leg_up,60,-165,80.7,0,14,1,1,0","kelwy,leg_low,109,-137,30.5,0,15,1,1,0","kelwy,foot,130,-100,-6.5,0,17,1,1,0","kelwy,base,-146,-285,-106,1,5,1,1,0","kelwy,stick,-32,-243,-113,0,5,1,1,0","kelwy,ear,-100,-361,104,0,2,1,1,0","kelwy,ear_back,-88,-374,95,0,22,1,1,0","kelwy,tail,-36,-139,-15,0,8,1,1,0",,,,,,,,"ulistaz,close,-43,-364,2,0,8,1,1,0",,,"ulistaz,arm_up,-56,-336,22,0,7,1,1,0","ulistaz,arm_low,-32,-304,44,0,5,1,1,0",,"ulistaz,arm_up,2,-346,64,0,18,1,1,0","ulistaz,arm_low,11,-320,-8,0,18,1,1,0",,"ulistaz,leg_up,-76,-294,27.3,0,8,1,1,0","ulistaz,leg_low,-36,-274,77,0,6,1,1,0",,"ulistaz,leg_up,-72,-324,31.7,0,17,1,1,0","ulistaz,leg_low,8,-290,64.5,0,18,1,1,0",,,,"ulistaz,ear,-117,-430,70,0,9,1,1,0","ulistaz,ear_back,-79,-460,36,0,21,1,1,0","ulistaz,tail,-111,-269,19,0,11,1,1,0",,,,,,,,,,,,,,,,,,,,,,,,,,,,,,,,,,,,,,,,,,,,,,,,,,,,,,,,,,,,,,,,,,,,,,hold,,
Knockdown/3,"kelwy,close,-5,-294,-2,0,5,1,1,0","kelwy,neck,-10,-252,8,0,6,1,1,0","kelwy,body,2,-181,6.5,0,7,1,1,0","kelwy,arm_up,-33,-204,-5,0,5,1,1,0","kelwy,arm_low,-15,-173,64,0,6,1,1,0","kelwy,fist,24,-174,73,0,4,1,1,0","kelwy,arm_up,27,-230,54,1,15,1,1,0","kelwy,arm_low,50,-200,25,1,2,1,1,0","kelwy,fist,54,-158,31,1,4,1,1,0","kelwy,leg_up,28,-95,52.3,0,6,1,1,0","kelwy,leg_low,66,-46,22,0,12,1,1,0","kelwy,foot,82,-8,-15.6,0,15,1,1,0","kelwy,leg_up,52,-120,78.7,0,14,1,1,0","kelwy,leg_low,101,-91,30.5,0,15,1,1,0","kelwy,foot,122,-53,-6.5,0,17,1,1,0","kelwy,base,-141,-252,-109,1,5,1,1,0","kelwy,stick,-30,-204,-116,0,5,1,1,0","kelwy,ear,-86,-329,99,0,2,1,1,0","kelwy,ear_back,-74,-342,90,0,22,1,1,0","kelwy,tail,-40,-100,-18,0,8,1,1,0",,,,,,,,"ulistaz,close,-35,-325,-1,0,8,1,1,0",,,"ulistaz,arm_up,-48,-297,19,0,7,1,1,0","ulistaz,arm_low,-27,-265,41,0,5,1,1,0",,"ulistaz,arm_up,10,-304,61,0,18,1,1,0","ulistaz,arm_low,16,-278,-11,0,18,1,1,0",,"ulistaz,leg_up,-71,-257,24.3,0,8,1,1,0","ulistaz,leg_low,-31,-235,74,0,6,1,1,0",,"ulistaz,leg_up,-67,-285,28.7,0,17,1,1,0","ulistaz,leg_low,13,-248,61.5,0,18,1,1,0",,,,"ulistaz,ear,-106,-394,67,0,9,1,1,0","ulistaz,ear_back,-65,-422,33,0,21,1,1,0","ulistaz,tail,-108,-233,16,0,11,1,1,0",,,,,,,,,,,,,,,,,,,,,,,,,,,,,,,,,,,,,,,,,,,,,,,,,,,,,,,,,,,,,,,,,,,,,,play_time_mod_0.5,,
Knockdown/4,"kelwy,close,28,-246,-16,0,5,1,1,0","kelwy,neck,10,-205,-2,0,6,1,1,0","kelwy,body,9,-133,-3.5,0,7,1,1,0","kelwy,arm_up,-20,-162,-15,0,5,1,1,0","kelwy,arm_low,-9,-128,54,0,6,1,1,0","kelwy,fist,29,-125,63,0,4,1,1,0","kelwy,arm_up,43,-177,44,1,15,1,1,0","kelwy,arm_low,60,-144,15,1,2,1,1,0","kelwy,fist,57,-102,21,1,4,1,1,0","kelwy,leg_up,21,-54,52.3,0,6,1,1,0","kelwy,leg_low,60,-5,22,0,12,1,1,0","kelwy,foot,76,33,-15.6,0,15,1,1,0","kelwy,leg_up,46,-79,78.7,0,14,1,1,0","kelwy,leg_low,95,-50,30.5,0,15,1,1,0","kelwy,foot,116,-12,-6.5,0,17,1,1,0","kelwy,base,-119,-228,-119,1,5,1,1,0","kelwy,stick,-18,-162,-126,0,5,1,1,0","kelwy,ear,-48,-295,91,0,2,1,1,0","kelwy,ear_back,-26,-309,82,0,22,1,1,0","kelwy,tail,-46,-61,-28,0,8,1,1,0",,,,,,,,"ulistaz,close,6,-282,-13,0,8,1,1,0",,,"ulistaz,arm_up,-14,-256,7,0,7,1,1,0","ulistaz,arm_low,1,-221,29,0,5,1,1,0",,"ulistaz,arm_up,45,-251,49,0,18,1,1,0","ulistaz,arm_low,46,-224,-23,0,18,1,1,0",,"ulistaz,leg_up,-43,-221,12.3,0,8,1,1,0","ulistaz,leg_low,-10,-192,62,0,6,1,1,0",,"ulistaz,leg_up,-34,-248,16.7,0,17,1,1,0","ulistaz,leg_low,36,-195,49.5,0,18,1,1,0",,,,"ulistaz,ear,-50,-364,55,0,9,1,1,0","ulistaz,ear_back,-3,-382,21,0,21,1,1,0","ulistaz,tail,-84,-206,4,0,11,1,1,0",,,,,,,,,,,,,,,,,,,,,,,,,,,,,,,,,,,,,,,,,,,,,,,,,,,,,,,,,,,,,,,,,,,,,,play_time_mod_0.5,,
Knockdown/5,"kelwy,close,32,-213,-19,0,5,1,1,0","kelwy,neck,14,-172,-5,0,6,1,1,0","kelwy,body,7,-100,-6.5,0,7,1,1,0","kelwy,arm_up,-19,-132,-18,0,5,1,1,0","kelwy,arm_low,-11,-98,51,0,6,1,1,0","kelwy,fist,26,-92,58,0,4,1,1,0","kelwy,arm_up,44,-144,41,1,15,1,1,0","kelwy,arm_low,60,-108,12,1,2,1,1,0","kelwy,fist,55,-69,18,1,4,1,1,0","kelwy,leg_up,22,-38,72.3,0,6,1,1,0","kelwy,leg_low,64,-4,22,0,12,1,1,0","kelwy,foot,80,44,-15.6,0,15,1,1,0","kelwy,leg_up,46,-49,88.7,0,14,1,1,0","kelwy,leg_low,95,-28,30.5,0,15,1,1,0","kelwy,foot,116,10,-6.5,0,17,1,1,0","kelwy,base,-115,-204,-122,1,5,1,1,0","kelwy,stick,-17,-132,-129,0,5,1,1,0","kelwy,ear,-37,-265,92,0,2,1,1,0","kelwy,ear_back,-15,-279,83,0,22,1,1,0","kelwy,tail,-51,-40,-46,0,8,1,1,0",,,,,,,,"ulistaz,close,13,-249,-16,0,8,1,1,0",,,"ulistaz,arm_up,-7,-226,4,0,7,1,1,0","ulistaz,arm_low,5,-188,26,0,5,1,1,0",,"ulistaz,arm_up,49,-218,46,0,18,1,1,0","ulistaz,arm_low,50,-191,-26,0,18,1,1,0",,"ulistaz,leg_up,-39,-191,9.3,0,8,1,1,0","ulistaz,leg_low,-9,-162,59,0,6,1,1,0",,"ulistaz,leg_up,-30,-218,13.7,0,17,1,1,0","ulistaz,leg_low,37,-162,46.5,0,18,1,1,0",,,,"ulistaz,ear,-40,-334,52,0,9,1,1,0","ulistaz,ear_back,10,-350,18,0,21,1,1,0","ulistaz,tail,-80,-179,1,0,11,1,1,0",,,,,,,,,,,,,,,,,,,,,,,,,,,,,,,,,,,,,,,,,,,,,,,,,,,,,,,,,,,,,,,,,,,,,,play_time_mod_0.5,,
Knockdown/6,"kelwy,close,32,-191,-21,0,5,1,1,0","kelwy,neck,10,-152,-7,0,6,1,1,0","kelwy,body,3,-80,-8.5,0,7,1,1,0","kelwy,arm_up,-21,-112,-20,0,5,1,1,0","kelwy,arm_low,-15,-78,49,0,6,1,1,0","kelwy,fist,22,-69,58,0,4,1,1,0","kelwy,arm_up,42,-122,39,1,15,1,1,0","kelwy,arm_low,56,-86,10,1,2,1,1,0","kelwy,fist,51,-47,16,1,4,1,1,0","kelwy,leg_up,16,-18,70.3,0,6,1,1,0","kelwy,leg_low,65,17,33,0,12,1,1,0","kelwy,foot,92,56,12.4,0,15,1,1,0","kelwy,leg_up,40,-27,86.7,0,14,1,1,0","kelwy,leg_low,97,-7,56.5,0,15,1,1,0","kelwy,foot,132,17,19.5,0,17,1,1,0","kelwy,base,-115,-188,-124,1,5,1,1,0","kelwy,stick,-19,-112,-131,0,5,1,1,0","kelwy,ear,-46,-229,106,0,2,1,1,0","kelwy,ear_back,-26,-247,97,0,22,1,1,0","kelwy,tail,-57,-22,-48,0,8,1,1,0",,,,,,,,"ulistaz,close,15,-223,-24,0,8,1,1,0",,,"ulistaz,arm_up,-8,-206,-4,0,7,1,1,0","ulistaz,arm_low,-1,-168,18,0,5,1,1,0",,"ulistaz,arm_up,43,-190,38,0,18,1,1,0","ulistaz,arm_low,44,-163,-34,0,18,1,1,0",,"ulistaz,leg_up,-45,-173,1.3,0,8,1,1,0","ulistaz,leg_low,-23,-142,51,0,6,1,1,0",,"ulistaz,leg_up,-36,-199,5.7,0,17,1,1,0","ulistaz,leg_low,23,-134,38.5,0,18,1,1,0",,,,"ulistaz,ear,-29,-316,44,0,9,1,1,0","ulistaz,ear_back,26,-324,10,0,21,1,1,0","ulistaz,tail,-88,-167,-7,0,11,1,1,0",,,,,,,,,,,,,,,,,,,,,,,,,,,,,,,,,,,,,,,,,,,,,,,,,,,,,,,,,,,,,,,,,,,,,,,,
Knockdown/7,"kelwy,close,42,-188,-24,0,5,1,1,0","kelwy,neck,19,-149,-13,0,6,1,1,0","kelwy,body,7,-77,-11.5,0,7,1,1,0","kelwy,arm_up,-16,-108,-28,0,5,1,1,0","kelwy,arm_low,-18,-71,41,0,6,1,1,0","kelwy,fist,19,-57,50,0,4,1,1,0","kelwy,arm_up,47,-110,31,1,15,1,1,0","kelwy,arm_low,55,-74,0,1,2,1,1,0","kelwy,fist,40,-37,8,1,4,1,1,0","kelwy,leg_up,16,-18,70.3,0,6,1,1,0","kelwy,leg_low,61,17,29,0,12,1,1,0","kelwy,foot,86,58,6.4,0,15,1,1,0","kelwy,leg_up,40,-27,86.7,0,14,1,1,0","kelwy,leg_low,97,-5,51.5,0,15,1,1,0","kelwy,foot,130,24,15.5,0,17,1,1,0","kelwy,base,-102,-192,-132,1,5,1,1,0","kelwy,stick,-14,-108,-139,0,5,1,1,0","kelwy,ear,-37,-217,117,0,2,1,1,0","kelwy,ear_back,-25,-229,97,0,22,1,1,0","kelwy,tail,-56,-25,-55,0,8,1,1,0",,,,,,,,"ulistaz,close,28,-220,-27,0,8,1,1,0",,,"ulistaz,arm_up,5,-206,-7,0,7,1,1,0","ulistaz,arm_low,9,-166,15,0,5,1,1,0",,"ulistaz,arm_up,53,-187,35,0,18,1,1,0","ulistaz,arm_low,54,-160,-37,0,18,1,1,0",,"ulistaz,leg_up,-35,-173,-1.7,0,8,1,1,0","ulistaz,leg_low,-16,-142,48,0,6,1,1,0",,"ulistaz,leg_up,-26,-199,2.7,0,17,1,1,0","ulistaz,leg_low,30,-131,35.5,0,18,1,1,0",,,,"ulistaz,ear,-18,-314,43,0,9,1,1,0","ulistaz,ear_back,40,-323,9,0,21,1,1,0","ulistaz,tail,-78,-170,-10,0,11,1,1,0",,,,,,,,,,,,,,,,,,,,,,,,,,,,,,,,,,,,,,,,,,,,,,,,,,,,,,,,,,,,,,,,,,,,,,play_time_mod_0.5,,
Knockdown/8,"kelwy,close,42,-186,-26,0,5,1,1,0","kelwy,neck,19,-149,-13,0,6,1,1,0","kelwy,body,7,-77,-11.5,0,7,1,1,0","kelwy,arm_up,-18,-108,-30,0,5,1,1,0","kelwy,arm_low,-22,-71,39,0,6,1,1,0","kelwy,fist,15,-55,48,0,4,1,1,0","kelwy,arm_up,45,-108,29,1,15,1,1,0","kelwy,arm_low,51,-72,-2,1,2,1,1,0","kelwy,fist,36,-35,6,1,4,1,1,0","kelwy,leg_up,16,-18,70.3,0,6,1,1,0","kelwy,leg_low,60,17,27,0,12,1,1,0","kelwy,foot,83,58,5.4,0,15,1,1,0","kelwy,leg_up,40,-27,86.7,0,14,1,1,0","kelwy,leg_low,97,-5,49.5,0,15,1,1,0","kelwy,foot,130,26,14.5,0,17,1,1,0","kelwy,base,-102,-194,-134,1,5,1,1,0","kelwy,stick,-16,-108,-141,0,5,1,1,0","kelwy,ear,-38,-203,127,0,2,1,1,0","kelwy,ear_back,-29,-218,118,0,22,1,1,0","kelwy,tail,-56,-19,-49,0,8,1,1,0",,,,,,,,"ulistaz,close,28,-217,-28,0,8,1,1,0",,,"ulistaz,arm_up,5,-205,-8,0,7,1,1,0","ulistaz,arm_low,8,-165,14,0,5,1,1,0",,"ulistaz,arm_up,52,-185,34,0,18,1,1,0","ulistaz,arm_low,53,-158,-38,0,18,1,1,0",,"ulistaz,leg_up,-36,-172,-2.7,0,8,1,1,0","ulistaz,leg_low,-17,-141,47,0,6,1,1,0",,"ulistaz,leg_up,-26,-198,1.7,0,17,1,1,0","ulistaz,leg_low,28,-129,34.5,0,18,1,1,0",,,,"ulistaz,ear,-21,-300,50,0,9,1,1,0","ulistaz,ear_back,36,-314,16,0,21,1,1,0","ulistaz,tail,-79,-170,-11,0,11,1,1,0",,,,,,,,,,,,,,,,,,,,,,,,,,,,,,,,,,,,,,,,,,,,,,,,,,,,,,,,,,,,,,,,,,,,,,,,
Knockdown/9,"kelwy,close,42,-184,-30,0,5,1,1,0","kelwy,neck,19,-149,-13,0,6,1,1,0","kelwy,body,7,-77,-11.5,0,7,1,1,0","kelwy,arm_up,-20,-106,-34,0,5,1,1,0","kelwy,arm_low,-25,-69,38,0,6,1,1,0","kelwy,fist,15,-53,45,0,4,1,1,0","kelwy,arm_up,45,-108,29,1,15,1,1,0","kelwy,arm_low,51,-72,-2,1,2,1,1,0","kelwy,fist,36,-35,6,1,4,1,1,0","kelwy,leg_up,16,-18,70.3,0,6,1,1,0","kelwy,leg_low,60,17,27,0,12,1,1,0","kelwy,foot,83,58,5.4,0,15,1,1,0","kelwy,leg_up,40,-27,86.7,0,14,1,1,0","kelwy,leg_low,97,-5,49.5,0,15,1,1,0","kelwy,foot,130,26,14.5,0,17,1,1,0","kelwy,base,-103,-189,-133,1,5,1,1,0","kelwy,stick,-15,-105,-140,0,5,1,1,0","kelwy,ear,-38,-196,131,0,2,1,1,0","kelwy,ear_back,-29,-211,122,0,22,1,1,0","kelwy,tail,-56,-19,-49,0,8,1,1,0",,,,,,,,"ulistaz,close,28,-213,-29,0,8,1,1,0",,,"ulistaz,arm_up,5,-201,-9,0,7,1,1,0","ulistaz,arm_low,7,-162,13,0,5,1,1,0",,"ulistaz,arm_up,51,-181,33,0,18,1,1,0","ulistaz,arm_low,52,-154,-39,0,18,1,1,0",,"ulistaz,leg_up,-37,-169,-3.7,0,8,1,1,0","ulistaz,leg_low,-18,-138,46,0,6,1,1,0",,"ulistaz,leg_up,-26,-195,0.7,0,17,1,1,0","ulistaz,leg_low,26,-125,33.5,0,18,1,1,0",,,,"ulistaz,ear,-24,-291,53,0,9,1,1,0","ulistaz,ear_back,34,-312,19,0,21,1,1,0","ulistaz,tail,-80,-168,-12,0,11,1,1,0",,,,,,,,,,,,,,,,,,,,,,,,,,,,,,,,,,,,,,,,,,,,,,,,,,,,,,,,,,,,,,,,,,,,,,,,
Run/0,"kelwy,happy,29,-305,-24,0,5,1,1,0","kelwy,neck,8,-266,-14,0,6,1,1,0","kelwy,body,-9,-198,-15.5,0,7,1,1,0","kelwy,arm_up,-30,-238,-28,0,5,1,1,0","kelwy,arm_low,-27,-203,41,0,6,1,1,0","kelwy,fist,5,-186,50,0,4,1,1,0","kelwy,arm_up,32,-236,31,1,15,1,1,0","kelwy,arm_low,42,-198,2,1,2,1,1,0","kelwy,fist,31,-162,8,1,4,1,1,0","kelwy,leg_up,-56,-115,-30.7,0,6,1,1,0","kelwy,leg_low,-100,-75,-70,0,12,1,1,0","kelwy,foot,-145,-62,-105.6,0,15,1,1,0","kelwy,leg_up,8,-114,29.7,0,14,1,1,0","kelwy,leg_low,28,-54,2.5,0,15,1,1,0","kelwy,foot,30,-12,-31.5,0,17,1,1,0","kelwy,base,-115,-318,-131,1,5,1,1,0","kelwy,stick,-28,-234,-139,0,5,1,1,0","kelwy,ear,-33,-368,81,0,2,1,1,0","kelwy,ear_back,10,-369,81,0,22,1,1,0","kelwy,tail,-78,-147,-25,0,8,1,1,0",,,,,,,,"ulistaz,happy,19,-325,-25,0,8,1,1,0",,,"ulistaz,arm_up,1,-309,-1,0,7,1,1,0","ulistaz,arm_low,0,-278,18,0,5,1,1,0",,"ulistaz,arm_up,54,-286,30,0,18,1,1,0","ulistaz,arm_low,46,-258,-47,0,18,1,1,0",,"ulistaz,leg_up,-43,-277,0.3,0,8,1,1,0","ulistaz,leg_low,-21,-246,50,0,6,1,1,0",,"ulistaz,leg_up,-23,-303,4.7,0,17,1,1,0","ulistaz,leg_low,19,-225,42.5,0,18,1,1,0",,,,"ulistaz,ear,-31,-406,54,0,9,1,1,0","ulistaz,ear_back,11,-416,40,0,21,1,1,0","ulistaz,tail,-80,-268,-8,0,11,1,1,0",,,,,,,,,,,,,,,,,,,,,,,,,,,,,,,,,,,,,,,,,,,,,,,,,,,,,,,,,,,,,,,,,,,,,,,play_time_mod_0.8,
Run/1,"kelwy,happy,21,-309,-18,0,5,1,1,0","kelwy,neck,1,-270,-12,0,6,1,1,0","kelwy,body,-12,-200,-13.5,0,7,1,1,0","kelwy,arm_up,-34,-238,-22,0,5,1,1,0","kelwy,arm_low,-25,-203,47,0,6,1,1,0","kelwy,fist,7,-192,56,0,4,1,1,0","kelwy,arm_up,28,-242,37,1,15,1,1,0","kelwy,arm_low,44,-204,8,1,2,1,1,0","kelwy,fist,33,-168,14,1,4,1,1,0","kelwy,leg_up,-35,-115,-1.7,0,6,1,1,0","kelwy,leg_low,-59,-75,-70,0,12,1,1,0","kelwy,foot,-104,-62,-105.6,0,15,1,1,0","kelwy,leg_up,-10,-114,29.7,0,14,1,1,0","kelwy,leg_low,8,-54,3.5,0,15,1,1,0","kelwy,foot,12,-12,-31.5,0,17,1,1,0","kelwy,base,-125,-312,-125,1,5,1,1,0","kelwy,stick,-32,-234,-133,0,5,1,1,0","kelwy,ear,-42,-370,83,0,2,1,1,0","kelwy,ear_back,1,-373,83,0,22,1,1,0","kelwy,tail,-78,-142,-32,0,8,1,1,0",,,,,,,,"ulistaz,happy,8,-342,-22,0,8,1,1,0",,,"ulistaz,arm_up,-10,-325,2,0,7,1,1,0","ulistaz,arm_low,-8,-294,21,0,5,1,1,0",,"ulistaz,arm_up,41,-310,40,0,18,1,1,0","ulistaz,arm_low,38,-275,-44,0,18,1,1,0",,"ulistaz,leg_up,-51,-291,3.3,0,8,1,1,0","ulistaz,leg_low,-22,-257,49,0,6,1,1,0",,"ulistaz,leg_up,-34,-317,7.7,0,17,1,1,0","ulistaz,leg_low,21,-261,60.5,0,18,1,1,0",,,,"ulistaz,ear,-45,-420,57,0,9,1,1,0","ulistaz,ear_back,-5,-432,43,0,21,1,1,0","ulistaz,tail,-88,-279,-5,0,11,1,1,0",,,,,,,,,,,,,,,,,,,,,,,,,,,,,,,,,,,,,,,,,,,,,,,,,,,,,,,,,,,,,,,,,,,,,,,play_time_mod_0.8,
Run/2,"kelwy,happy,17,-310,-18,0,5,1,1,0","kelwy,neck,-3,-271,-12,0,6,1,1,0","kelwy,body,-14,-201,-13.5,0,7,1,1,0","kelwy,arm_up,-36,-239,-18,0,5,1,1,0","kelwy,arm_low,-21,-204,51,0,6,1,1,0","kelwy,fist,9,-197,60,0,4,1,1,0","kelwy,arm_up,26,-247,41,1,15,1,1,0","kelwy,arm_low,45,-210,12,1,2,1,1,0","kelwy,fist,35,-173,18,1,4,1,1,0","kelwy,leg_up,-13,-130,56.3,0,6,1,1,0","kelwy,leg_low,13,-91,-12,0,12,1,1,0","kelwy,foot,1,-46,-47.6,0,15,1,1,0","kelwy,leg_up,-35,-114,-12.3,0,14,1,1,0","kelwy,leg_low,-50,-54,-18.5,0,15,1,1,0","kelwy,foot,-66,-14,-53.5,0,17,1,1,0","kelwy,base,-131,-307,-121,1,5,1,1,0","kelwy,stick,-34,-235,-129,0,5,1,1,0","kelwy,ear,-44,-371,83,0,2,1,1,0","kelwy,ear_back,-1,-374,83,0,22,1,1,0","kelwy,tail,-80,-146,-38,0,8,1,1,0",,,,,,,,"ulistaz,happy,0,-354,-21,0,8,1,1,0",,,"ulistaz,arm_up,-18,-336,3,0,7,1,1,0","ulistaz,arm_low,-14,-312,29,0,5,1,1,0",,"ulistaz,arm_up,36,-322,41,0,18,1,1,0","ulistaz,arm_low,31,-287,-43,0,18,1,1,0",,"ulistaz,leg_up,-58,-302,4.3,0,8,1,1,0","ulistaz,leg_low,-49,-283,89,0,6,1,1,0",,"ulistaz,leg_up,-42,-328,8.7,0,17,1,1,0","ulistaz,leg_low,24,-273,81.5,0,18,1,1,0",,,,"ulistaz,ear,-54,-431,58,0,9,1,1,0","ulistaz,ear_back,-15,-443,44,0,21,1,1,0","ulistaz,tail,-95,-289,-4,0,11,1,1,0",,,,,,,,,,,,,,,,,,,,,,,,,,,,,,,,,,,,,,,,,,,,,,,,,,,,,,,,,,,,,,,,,,,,,,,play_time_mod_0.8,
Run/3,"kelwy,happy,30,-300,-22,0,5,1,1,0","kelwy,neck,10,-261,-16,0,6,1,1,0","kelwy,body,-7,-197,-17.5,0,7,1,1,0","kelwy,arm_up,-29,-235,-28,0,5,1,1,0","kelwy,arm_low,-22,-200,41,0,6,1,1,0","kelwy,fist,6,-183,50,0,4,1,1,0","kelwy,arm_up,33,-233,31,1,15,1,1,0","kelwy,arm_low,46,-195,2,1,2,1,1,0","kelwy,fist,32,-159,8,1,4,1,1,0","kelwy,leg_up,-12,-134,66.3,0,6,1,1,0","kelwy,leg_low,36,-96,25,0,12,1,1,0","kelwy,foot,49,-53,-21.6,0,15,1,1,0","kelwy,leg_up,-58,-105,-33.3,0,14,1,1,0","kelwy,leg_low,-100,-50,-32.5,0,15,1,1,0","kelwy,foot,-126,-17,-67.5,0,17,1,1,0","kelwy,base,-113,-318,-130,1,5,1,1,0","kelwy,stick,-28,-232,-138,0,5,1,1,0","kelwy,ear,-29,-365,79,0,2,1,1,0","kelwy,ear_back,16,-364,79,0,22,1,1,0","kelwy,tail,-77,-144,-48,0,8,1,1,0",,,,,,,,"ulistaz,happy,21,-341,-26,0,8,1,1,0",,,"ulistaz,arm_up,3,-327,-2,0,7,1,1,0","ulistaz,arm_low,6,-302,29,0,5,1,1,0",,"ulistaz,arm_up,52,-307,36,0,18,1,1,0","ulistaz,arm_low,47,-274,-48,0,18,1,1,0",,"ulistaz,leg_up,-42,-294,-0.7,0,8,1,1,0","ulistaz,leg_low,-26,-268,56,0,6,1,1,0",,"ulistaz,leg_up,-21,-320,3.7,0,17,1,1,0","ulistaz,leg_low,50,-260,86.5,0,18,1,1,0",,,,"ulistaz,ear,-28,-423,53,0,9,1,1,0","ulistaz,ear_back,16,-432,39,0,21,1,1,0","ulistaz,tail,-79,-286,-9,0,11,1,1,0",,,,,,,,,,,,,,,,,,,,,,,,,,,,,,,,,,,,,,,,,,,,,,,,,,,,,,,,,,,,,,,,,,,,,,,play_time_mod_0.8,
Run/4,"kelwy,happy,51,-287,-26,0,5,1,1,0","kelwy,neck,25,-250,-20,0,6,1,1,0","kelwy,body,4,-185,-21.5,0,7,1,1,0","kelwy,arm_up,-14,-230,-36,0,5,1,1,0","kelwy,arm_low,-17,-194,33,0,6,1,1,0","kelwy,fist,15,-174,42,0,4,1,1,0","kelwy,arm_up,48,-221,23,1,15,1,1,0","kelwy,arm_low,52,-181,-6,1,2,1,1,0","kelwy,fist,32,-145,0,1,4,1,1,0","kelwy,leg_up,1,-113,48.3,0,6,1,1,0","kelwy,leg_low,43,-60,31,0,12,1,1,0","kelwy,foot,60,-20,-15.6,0,15,1,1,0","kelwy,leg_up,-59,-93,-50.3,0,14,1,1,0","kelwy,leg_low,-109,-64,-76.5,0,15,1,1,0","kelwy,foot,-151,-56,-111.5,0,17,1,1,0","kelwy,base,-88,-322,-137,1,5,1,1,0","kelwy,stick,-14,-226,-145,0,5,1,1,0","kelwy,ear,-2,-356,75,0,2,1,1,0","kelwy,ear_back,41,-352,75,0,22,1,1,0","kelwy,tail,-71,-137,-52,0,8,1,1,0",,,,,,,,"ulistaz,happy,46,-320,-30,0,8,1,1,0",,,"ulistaz,arm_up,26,-306,-6,0,7,1,1,0","ulistaz,arm_low,24,-280,13,0,5,1,1,0",,"ulistaz,arm_up,75,-283,32,0,18,1,1,0","ulistaz,arm_low,66,-249,-52,0,18,1,1,0",,"ulistaz,leg_up,-19,-276,-4.7,0,8,1,1,0","ulistaz,leg_low,7,-240,41,0,6,1,1,0",,"ulistaz,leg_up,1,-301,-0.3,0,17,1,1,0","ulistaz,leg_low,49,-243,52.5,0,18,1,1,0",,,,"ulistaz,ear,6,-404,49,0,9,1,1,0","ulistaz,ear_back,47,-412,35,0,21,1,1,0","ulistaz,tail,-57,-271,-13,0,11,1,1,0",,,,,,,,,,,,,,,,,,,,,,,,,,,,,,,,,,,,,,,,,,,,,,,,,,,,,,,,,,,,,,,,,,,,,,,play_time_mod_0.8,
Run/5,"kelwy,happy,44,-287,-25,0,5,1,1,0","kelwy,neck,21,-251,-19,0,6,1,1,0","kelwy,body,-1,-184,-20.5,0,7,1,1,0","kelwy,arm_up,-23,-231,-37,0,5,1,1,0","kelwy,arm_low,-28,-195,32,0,6,1,1,0","kelwy,fist,5,-171,41,0,4,1,1,0","kelwy,arm_up,39,-219,22,1,15,1,1,0","kelwy,arm_low,42,-179,-7,1,2,1,1,0","kelwy,fist,24,-145,-1,1,4,1,1,0","kelwy,leg_up,-10,-108,41.3,0,6,1,1,0","kelwy,leg_low,23,-58,29,0,12,1,1,0","kelwy,foot,40,-16,-17.6,0,15,1,1,0","kelwy,leg_up,-53,-93,-42.3,0,14,1,1,0","kelwy,leg_low,-103,-64,-78.5,0,15,1,1,0","kelwy,foot,-145,-58,-113.5,0,17,1,1,0","kelwy,base,-90,-327,-140,1,5,1,1,0","kelwy,stick,-22,-226,-148,0,5,1,1,0","kelwy,ear,-10,-355,76,0,2,1,1,0","kelwy,ear_back,33,-354,76,0,22,1,1,0","kelwy,tail,-76,-137,-51,0,8,1,1,0",,,,,,,,"ulistaz,happy,34,-319,-29,0,8,1,1,0",,,"ulistaz,arm_up,14,-307,-5,0,7,1,1,0","ulistaz,arm_low,12,-276,14,0,5,1,1,0",,"ulistaz,arm_up,64,-282,33,0,18,1,1,0","ulistaz,arm_low,55,-248,-51,0,18,1,1,0",,"ulistaz,leg_up,-30,-276,-3.7,0,8,1,1,0","ulistaz,leg_low,-4,-238,42,0,6,1,1,0",,"ulistaz,leg_up,-11,-299,0.7,0,17,1,1,0","ulistaz,leg_low,39,-237,53.5,0,18,1,1,0",,,,"ulistaz,ear,-7,-402,50,0,9,1,1,0","ulistaz,ear_back,34,-411,36,0,21,1,1,0","ulistaz,tail,-68,-268,-12,0,11,1,1,0",,,,,,,,,,,,,,,,,,,,,,,,,,,,,,,,,,,,,,,,,,,,,,,,,,,,,,,,,,,,,,,,,,,,,,,play_time_mod_0.8,
Run/6,"kelwy,happy,34,-303,-20,0,5,1,1,0","kelwy,neck,15,-265,-16,0,6,1,1,0","kelwy,body,-4,-196,-18.5,0,7,1,1,0","kelwy,arm_up,-30,-243,-41,0,5,1,1,0","kelwy,arm_low,-41,-207,28,0,6,1,1,0","kelwy,fist,-8,-187,34,0,4,1,1,0","kelwy,arm_up,32,-227,18,1,15,1,1,0","kelwy,arm_low,32,-187,-18,1,2,1,1,0","kelwy,fist,7,-153,-5,1,4,1,1,0","kelwy,leg_up,-14,-111,26.3,0,6,1,1,0","kelwy,leg_low,5,-59,9,0,12,1,1,0","kelwy,foot,6,-15,-37.6,0,15,1,1,0","kelwy,leg_up,-53,-93,-22.3,0,14,1,1,0","kelwy,leg_low,-85,-56,-78.5,0,15,1,1,0","kelwy,foot,-127,-50,-113.5,0,17,1,1,0","kelwy,base,-89,-343,-144,1,5,1,1,0","kelwy,stick,-29,-238,-152,0,5,1,1,0","kelwy,ear,-24,-367,82,0,2,1,1,0","kelwy,ear_back,19,-368,82,0,22,1,1,0","kelwy,tail,-79,-147,-49,0,8,1,1,0",,,,,,,,"ulistaz,happy,26,-344,-24,0,8,1,1,0",,,"ulistaz,arm_up,6,-329,0,0,7,1,1,0","ulistaz,arm_low,7,-293,15,0,5,1,1,0",,"ulistaz,arm_up,61,-307,38,0,18,1,1,0","ulistaz,arm_low,55,-284,-31,1,18,1,1,0",,"ulistaz,leg_up,-33,-296,1.3,0,8,1,1,0","ulistaz,leg_low,-2,-258,47,0,6,1,1,0",,"ulistaz,leg_up,-19,-319,5.7,0,17,1,1,0","ulistaz,leg_low,39,-265,60.5,0,18,1,1,0",,,,"ulistaz,ear,-20,-422,55,0,9,1,1,0","ulistaz,ear_back,18,-434,41,0,21,1,1,0","ulistaz,tail,-71,-283,-7,0,11,1,1,0",,,,,,,,,,,,,,,,,,,,,,,,,,,,,,,,,,,,,,,,,,,,,,,,,,,,,,,,,,,,,,,,,,,,,,,play_time_mod_0.8,
Run/7,"kelwy,happy,17,-322,-14,0,5,1,1,0","kelwy,neck,0,-284,-3,0,6,1,1,0","kelwy,body,-7,-209,-12.5,0,7,1,1,0","kelwy,arm_up,-38,-256,-32,0,5,1,1,0","kelwy,arm_low,-46,-220,37,0,6,1,1,0","kelwy,fist,-6,-205,44,0,4,1,1,0","kelwy,arm_up,24,-249,27,1,15,1,1,0","kelwy,arm_low,32,-209,-2,1,2,1,1,0","kelwy,fist,19,-173,4,1,4,1,1,0","kelwy,leg_up,-27,-118,3.3,0,6,1,1,0","kelwy,leg_low,-28,-56,-1,0,12,1,1,0","kelwy,foot,-36,-12,-47.6,0,15,1,1,0","kelwy,leg_up,5,-128,17.7,0,14,1,1,0","kelwy,leg_low,4,-80,-38.5,0,15,1,1,0","kelwy,foot,-25,-49,-73.5,0,17,1,1,0","kelwy,base,-124,-345,-136,1,5,1,1,0","kelwy,stick,-48,-247,-144,0,5,1,1,0","kelwy,ear,-52,-380,88,0,2,1,1,0","kelwy,ear_back,-9,-387,88,0,22,1,1,0","kelwy,tail,-76,-154,-43,0,8,1,1,0",,,,,,,,"ulistaz,happy,1,-370,-20,0,8,1,1,0",,,"ulistaz,arm_up,-26,-349,-1,0,7,1,1,0","ulistaz,arm_low,-14,-312,26,0,5,1,1,0",,"ulistaz,arm_up,38,-329,40,0,18,1,1,0","ulistaz,arm_low,32,-306,-29,1,18,1,1,0",,"ulistaz,leg_up,-56,-321,3.3,0,8,1,1,0","ulistaz,leg_low,-26,-287,58,0,6,1,1,0",,"ulistaz,leg_up,-41,-339,7.7,0,17,1,1,0","ulistaz,leg_low,16,-287,62.5,0,18,1,1,0",,,,"ulistaz,ear,-52,-436,62,0,9,1,1,0","ulistaz,ear_back,-21,-447,48,0,21,1,1,0","ulistaz,tail,-92,-297,-5,0,11,1,1,0",,,,,,,,,,,,,,,,,,,,,,,,,,,,,,,,,,,,,,,,,,,,,,,,,,,,,,,,,,,,,,,,,,,,,,,play_time_mod_0.8,
Run/8,"kelwy,happy,31,-316,-19,0,5,1,1,0","kelwy,neck,15,-276,-14,0,6,1,1,0","kelwy,body,-3,-207,-17.5,0,7,1,1,0","kelwy,arm_up,-32,-238,-17,0,5,1,1,0","kelwy,arm_low,-27,-201,52,0,6,1,1,0","kelwy,fist,11,-193,54,0,4,1,1,0","kelwy,arm_up,31,-248,42,1,15,1,1,0","kelwy,arm_low,50,-211,15,1,2,1,1,0","kelwy,fist,47,-174,19,1,4,1,1,0","kelwy,leg_up,-42,-118,-18.7,0,6,1,1,0","kelwy,leg_low,-68,-55,-11,0,12,1,1,0","kelwy,foot,-86,-13,-57.6,0,15,1,1,0","kelwy,leg_up,17,-126,35.7,0,14,1,1,0","kelwy,leg_low,26,-83,-38.5,0,15,1,1,0","kelwy,foot,-3,-52,-73.5,0,17,1,1,0","kelwy,base,-123,-315,-125,1,5,1,1,0","kelwy,stick,-34,-233,-133,0,5,1,1,0","kelwy,ear,-33,-379,83,0,2,1,1,0","kelwy,ear_back,13,-381,83,0,22,1,1,0","kelwy,tail,-72,-158,-48,0,8,1,1,0",,,,,,,,"ulistaz,happy,22,-362,-25,0,8,1,1,0",,,"ulistaz,arm_up,-5,-346,-6,0,7,1,1,0","ulistaz,arm_low,-1,-313,19,0,5,1,1,0",,"ulistaz,arm_up,54,-321,35,0,18,1,1,0","ulistaz,arm_low,48,-298,-34,1,18,1,1,0",,"ulistaz,leg_up,-40,-318,-1.7,0,8,1,1,0","ulistaz,leg_low,-28,-283,61,0,6,1,1.1,0",,"ulistaz,leg_up,-20,-336,2.7,0,17,1,1,0","ulistaz,leg_low,32,-279,57.5,0,18,1,1,0",,,,"ulistaz,ear,-26,-433,57,0,9,1,1,0","ulistaz,ear_back,5,-444,43,0,21,1,1,0","ulistaz,tail,-76,-299,-10,0,11,1,1,0",,,,,,,,,,,,,,,,,,,,,,,,,,,,,,,,,,,,,,,,,,,,,,,,,,,,,,,,,,,,,,,,,,,,,,,play_time_mod_0.8,
Run/9,"kelwy,happy,35,-307,-21,0,5,1,1,0","kelwy,neck,17,-267,-16,0,6,1,1,0","kelwy,body,-4,-192,-20.5,0,7,1,1,0","kelwy,arm_up,-30,-232,-14,0,5,1,1,0","kelwy,arm_low,-22,-195,55,0,6,1,1,0","kelwy,fist,16,-190,57,0,4,1,1,0","kelwy,arm_up,33,-245,45,1,15,1,1,0","kelwy,arm_low,52,-212,18,1,2,1,1,0","kelwy,fist,52,-174,22,1,4,1,1,0","kelwy,leg_up,-52,-116,-27.7,0,6,1,1,0","kelwy,leg_low,-88,-55,-24,0,12,1,1,0","kelwy,foot,-108,-13,-59.6,0,15,1,1,0","kelwy,leg_up,29,-125,64.7,0,14,1,1,0","kelwy,leg_low,74,-86,25.5,0,15,1,1,0","kelwy,foot,90,-45,-15.5,0,17,1,1,0","kelwy,base,-129,-293,-117,1,5,1,1,0","kelwy,stick,-27,-227,-125,0,5,1,1,0","kelwy,ear,-27,-372,81,0,2,1,1,0","kelwy,ear_back,19,-372,81,0,22,1,1,0","kelwy,tail,-72,-152,-48,0,8,1,1,0",,,,,,,,"ulistaz,happy,28,-348,-27,0,8,1,1,0",,,"ulistaz,arm_up,1,-332,-8,0,7,1,1,0","ulistaz,arm_low,3,-299,15,0,5,1,1,0",,"ulistaz,arm_up,58,-305,33,0,18,1,1,0","ulistaz,arm_low,52,-284,-36,1,18,1,1,0",,"ulistaz,leg_up,-36,-306,-3.7,0,8,1,1,0","ulistaz,leg_low,-22,-271,69,0,6,1,1,0",,"ulistaz,leg_up,-16,-324,0.7,0,17,1,1,0","ulistaz,leg_low,34,-265,55.5,0,18,1,1,0",,,,"ulistaz,ear,-18,-421,55,0,9,1,1,0","ulistaz,ear_back,13,-430,41,0,21,1,1,0","ulistaz,tail,-72,-289,-12,0,11,1,1,0",,,,,,,,,,,,,,,,,,,,,,,,,,,,,,,,,,,,,,,,,,,,,,,,,,,,,,,,,,,,,,,,,,,,,,,play_time_mod_0.8,
Run/10,"kelwy,happy,39,-298,-24,0,5,1,1,0","kelwy,neck,21,-258,-19,0,6,1,1,0","kelwy,body,-6,-185,-23.5,0,7,1,1,0","kelwy,arm_up,-29,-231,-21,0,5,1,1,0","kelwy,arm_low,-28,-194,48,0,6,1,1,0","kelwy,fist,10,-182,50,0,4,1,1,0","kelwy,arm_up,34,-237,38,1,15,1,1,0","kelwy,arm_low,50,-199,11,1,2,1,1,0","kelwy,fist,46,-165,15,1,4,1,1,0","kelwy,leg_up,-59,-114,-40.7,0,6,1,1,0","kelwy,leg_low,-102,-68,-44,0,12,1,1,0","kelwy,foot,-134,-36,-79.6,0,15,1,1,0","kelwy,leg_up,29,-109,44.7,0,14,1,1,0","kelwy,leg_low,64,-54,19.5,0,15,1,1,0","kelwy,foot,75,-12,-20.5,0,17,1,1,0","kelwy,base,-121,-305,-124,1,5,1,1,0","kelwy,stick,-26,-226,-132,0,5,1,1,0","kelwy,ear,-20,-366,78,0,2,1,1,0","kelwy,ear_back,26,-363,78,0,22,1,1,0","kelwy,tail,-74,-149,-51,0,8,1,1,0",,,,,,,,"ulistaz,happy,33,-335,-29,0,8,1,1,0",,,"ulistaz,arm_up,6,-318,-10,0,7,1,1,0","ulistaz,arm_low,7,-283,15,0,5,1,1,0",,"ulistaz,arm_up,61,-289,31,0,18,1,1,0","ulistaz,arm_low,55,-268,-38,1,18,1,1,0",,"ulistaz,leg_up,-33,-294,-5.7,0,8,1,1,0","ulistaz,leg_low,-6,-254,57,0,6,1,1,0",,"ulistaz,leg_up,-11,-313,-1.3,0,17,1,1,0","ulistaz,leg_low,37,-241,43.5,0,18,1,1,0",,,,"ulistaz,ear,-11,-410,53,0,9,1,1,0","ulistaz,ear_back,20,-416,39,0,21,1,1,0","ulistaz,tail,-69,-280,-14,0,11,1,1,0",,,,,,,,,,,,,,,,,,,,,,,,,,,,,,,,,,,,,,,,,,,,,,,,,,,,,,,,,,,,,,,,,,,,,,,play_time_mod_0.8,
Skill1/0,"kelwy,head,15,-317,-16,0,5,1,1,0","kelwy,neck,0,-277,-6,0,6,1,1,0","kelwy,body,-5,-204,-7.5,0,7,1,1,0","kelwy,arm_up,-34,-239,-19,0,5,1,1,0","kelwy,arm_low,-27,-204,50,0,6,1,1,0","kelwy,fist,10,-196,59,0,4,1,1,0","kelwy,arm_up,28,-246,40,1,15,1,1,0","kelwy,arm_low,47,-211,11,1,2,1,1,0","kelwy,fist,40,-172,17,1,4,1,1,0","kelwy,leg_up,-36,-115,-14.7,0,6,1,1,0","kelwy,leg_low,-52,-56,-10,0,12,1,1,0","kelwy,foot,-62,-12,-42.6,0,15,1,1,0","kelwy,leg_up,20,-117,24.7,0,14,1,1,0","kelwy,leg_low,36,-59,3.5,0,15,1,1,0","kelwy,foot,36,-17,-33.5,0,17,1,1,0","kelwy,base,-130,-310,-123,1,5,1,1,0","kelwy,stick,-32,-235,-130,0,5,1,1,0","kelwy,ear,-42,-384,67,0,2,1,1,0","kelwy,ear_back,3,-389,38,0,22,1,1,0","kelwy,tail,-69,-135,-15,0,8,1,1,0",,,,,,,,"ulistaz,head,-10,-354,-13,0,8,1,1,0",,,"ulistaz,arm_up,-28,-330,7,0,7,1,1,0","ulistaz,arm_low,-14,-296,29,0,5,1,1,0",,"ulistaz,arm_up,32,-325,49,0,18,1,1,0","ulistaz,arm_low,41,-296,-3,0,18,1,1,0",,"ulistaz,leg_up,-60,-294,12.3,0,8,1,1,0","ulistaz,leg_low,-22,-265,62,0,6,1,1,0",,"ulistaz,leg_up,-44,-323,16.7,0,17,1,1,0","ulistaz,leg_low,23,-269,49.5,0,18,1,1,0",,,,"ulistaz,ear,-62,-437,55,0,9,1,1,0","ulistaz,ear_back,-19,-454,21,0,21,1,1,0","ulistaz,tail,-97,-276,4,0,11,1,1,0",,,,,,,,,,,,,,,,,,,,,,,,,,,,,,,,,,,,,,,,,,,,,,,,,,,,,,,,,,,,,,,,,,,,,,,,
Skill1/1,"kelwy,head,18,-316,-23,0,5,1,1,0","kelwy,neck,0,-277,-6,0,6,1,1,0","kelwy,body,-5,-204,-8.5,0,7,1,1,0","kelwy,arm_up,-34,-239,-20,0,5,1,1,0","kelwy,arm_low,-28,-204,49,0,6,1,1,0","kelwy,fist,9,-195,58,0,4,1,1,0","kelwy,arm_up,28,-245,39,1,15,1,1,0","kelwy,arm_low,46,-209,10,1,2,1,1,0","kelwy,fist,39,-171,16,1,4,1,1,0","kelwy,leg_up,-38,-115,-15.7,0,6,1,1,0","kelwy,leg_low,-54,-56,-10,0,12,1,1,0","kelwy,foot,-64,-12,-42.6,0,15,1,1,0","kelwy,leg_up,20,-117,24.7,0,14,1,1,0","kelwy,leg_low,36,-59,3.5,0,15,1,1,0","kelwy,foot,36,-17,-33.5,0,17,1,1,0","kelwy,base,-129,-312,-124,1,5,1,1,0","kelwy,stick,-32,-235,-131,0,5,1,1,0","kelwy,ear,-40,-386,69,0,2,1,1,0","kelwy,ear_back,3,-389,38,0,22,1,1,0","kelwy,tail,-69,-138,-16,0,8,1,1,0",,,,,,,,"ulistaz,head,0,-365,-17,0,8,1,1,0",,,"ulistaz,arm_up,-22,-341,3,0,7,1,1,0","ulistaz,arm_low,-5,-314,45,0,5,1,1,0",,"ulistaz,arm_up,38,-332,43,0,18,1,1,0","ulistaz,arm_low,37,-307,-32,0,18,1,1,0",,"ulistaz,leg_up,-54,-309,8.3,0,8,1,1,0","ulistaz,leg_low,-27,-276,61,0,6,1,1,0",,"ulistaz,leg_up,-38,-334,12.7,0,17,1,1,0","ulistaz,leg_low,25,-276,25.5,0,18,1,1,0",,,,"ulistaz,ear,-54,-449,52,0,9,1,1,0","ulistaz,ear_back,-7,-463,18,0,21,1,1,0","ulistaz,tail,-91,-291,0,0,11,1,1,0",,,,,,,,,,,,,,,,,,,,,,,,,,,,,,,,,,,,,,,,,,,,,,,,,,,,,,,,,,,,,,,,,,,,,,,,
Skill1/2,"kelwy,head,25,-313,-25,0,5,1,1,0","kelwy,neck,3,-275,-8,0,6,1,1,0","kelwy,body,-6,-202,-10.5,0,7,1,1,0","kelwy,arm_up,-33,-239,-22,0,5,1,1,0","kelwy,arm_low,-29,-204,47,0,6,1,1,0","kelwy,fist,8,-193,56,0,4,1,1,0","kelwy,arm_up,28,-243,35,1,15,1,1,0","kelwy,arm_low,42,-205,5,1,2,1,1,0","kelwy,fist,31,-169,12,1,4,1,1,0","kelwy,leg_up,-38,-115,-15.7,0,6,1,1,0","kelwy,leg_low,-54,-56,-10,0,12,1,1,0","kelwy,foot,-64,-12,-42.6,0,15,1,1,0","kelwy,leg_up,20,-117,24.7,0,14,1,1,0","kelwy,leg_low,36,-59,3.5,0,15,1,1,0","kelwy,foot,36,-17,-33.5,0,17,1,1,0","kelwy,base,-126,-316,-126,1,5,1,1,0","kelwy,stick,-31,-235,-133,0,5,1,1,0","kelwy,ear,-31,-385,67,0,2,1,1,0","kelwy,ear_back,12,-386,36,0,22,1,1,0","kelwy,tail,-72,-139,-18,0,8,1,1,0",,,,,,,,"ulistaz,head,8,-369,-22,0,8,1,1,0",,,"ulistaz,arm_up,-14,-347,-2,0,7,1,1,0","ulistaz,arm_low,-5,-311,20,0,5,1,1,0",,"ulistaz,arm_up,47,-332,33,0,18,1,1,0","ulistaz,arm_low,40,-303,-37,0,18,1,1,0",,"ulistaz,leg_up,-51,-320,3.3,0,8,1,1,0","ulistaz,leg_low,-29,-278,48,0,6,1,1,0",,"ulistaz,leg_up,-35,-340,7.7,0,17,1,1,0","ulistaz,leg_low,23,-274,17.5,0,18,1,1,0",,,,"ulistaz,ear,-42,-460,41,0,9,1,1,0","ulistaz,ear_back,10,-473,7,0,21,1,1,0","ulistaz,tail,-88,-302,-5,0,11,1,1,0",,,,,,,,,,,,,,,,,,,,,,,,,,,,,,,,,,,,,,,,,,,,,,,,,,,,,,,,,,,,,,,,,,,,,,,,
Skill1/3,"kelwy,happy,26,-312,-27,0,5,1,1,0","kelwy,neck,3,-275,-8,0,6,1,1,0","kelwy,body,-6,-202,-10.5,0,7,1,1,0","kelwy,arm_up,-33,-239,-22,0,5,1,1,0","kelwy,arm_low,-29,-204,47,0,6,1,1,0","kelwy,fist,8,-193,56,0,4,1,1,0","kelwy,arm_up,28,-243,35,1,15,1,1,0","kelwy,arm_low,42,-205,5,1,2,1,1,0","kelwy,fist,31,-169,12,1,4,1,1,0","kelwy,leg_up,-38,-115,-15.7,0,6,1,1,0","kelwy,leg_low,-54,-56,-10,0,12,1,1,0","kelwy,foot,-64,-12,-42.6,0,15,1,1,0","kelwy,leg_up,20,-117,24.7,0,14,1,1,0","kelwy,leg_low,36,-59,3.5,0,15,1,1,0","kelwy,foot,36,-17,-33.5,0,17,1,1,0","kelwy,base,-126,-316,-126,1,5,1,1,0","kelwy,stick,-31,-235,-133,0,5,1,1,0","kelwy,ear,-27,-385,66,0,2,1,1,0","kelwy,ear_back,16,-386,35,0,22,1,1,0","kelwy,tail,-72,-145,-26,0,8,1,1,0",,,,,,,,"ulistaz,happy,10,-369,-23,0,8,1,1,0",,,"ulistaz,arm_up,-12,-347,-7,0,7,1,1,0","ulistaz,arm_low,-5,-311,20,0,5,1,1,0",,"ulistaz,arm_up,49,-329,24,0,18,1,1,0","ulistaz,arm_low,41,-303,-39,0,18,1,1,0",,"ulistaz,leg_up,-51,-321,1.3,0,8,1,1,0","ulistaz,leg_low,-29,-278,46,0,6,1,1,0",,"ulistaz,leg_up,-35,-340,7.7,0,17,1,1,0","ulistaz,leg_low,23,-274,17.5,0,18,1,1,0",,,,"ulistaz,ear,-37,-469,31,0,9,1,1,0","ulistaz,ear_back,15,-482,-3,0,21,1,1,0","ulistaz,tail,-88,-302,-5,0,11,1,1,0",,,,,,,,,,,,,,,,,,,,,,,,,,,,,,,,,,,,,,,,,,,,,,,,,,,,,,,,,,,,,,"word,meep,175,-436,20,0,0,1,1,0",,,,,,,,,,"meep,3000,0"
Skill1/4,"kelwy,happy,26,-309,-28,0,5,1,1,0","kelwy,neck,3,-275,-8,0,6,1,1,0","kelwy,body,-6,-201,-10.5,0,7,1,1,0","kelwy,arm_up,-35,-238,-23,0,5,1,1,0","kelwy,arm_low,-32,-203,46,0,6,1,1,0","kelwy,fist,5,-191,55,0,4,1,1,0","kelwy,arm_up,26,-241,34,1,15,1,1,0","kelwy,arm_low,39,-203,4,1,2,1,1,0","kelwy,fist,28,-167,11,1,4,1,1,0","kelwy,leg_up,-39,-115,-16.7,0,6,1,1,0","kelwy,leg_low,-55,-56,-11,0,12,1,1,0","kelwy,foot,-65,-12,-42.6,0,15,1,1,0","kelwy,leg_up,20,-117,24.7,0,14,1,1,0","kelwy,leg_low,36,-59,3.5,0,15,1,1,0","kelwy,foot,36,-17,-33.5,0,17,1,1,0","kelwy,base,-127,-316,-127,1,5,1,1,0","kelwy,stick,-33,-234,-134,0,5,1,1,0","kelwy,ear,-25,-382,65,0,2,1,1,0","kelwy,ear_back,18,-383,34,0,22,1,1,0","kelwy,tail,-72,-146,-28,0,8,1,1,0",,,,,,,,"ulistaz,happy,13,-364,-26,0,8,1,1,0",,,"ulistaz,arm_up,-11,-345,-9,0,7,1,1,0","ulistaz,arm_low,-4,-309,18,0,5,1,1,0",,"ulistaz,arm_up,50,-324,22,0,18,1,1,0","ulistaz,arm_low,42,-299,-41,0,18,1,1,0",,"ulistaz,leg_up,-50,-321,-0.7,0,8,1,1,0","ulistaz,leg_low,-30,-276,44,0,6,1,1,0",,"ulistaz,leg_up,-34,-338,5.7,0,17,1,1,0","ulistaz,leg_low,22,-270,15.5,0,18,1,1,0",,,,"ulistaz,ear,-30,-467,29,0,9,1,1,0","ulistaz,ear_back,22,-478,-5,0,21,1,1,0","ulistaz,tail,-87,-302,-7,0,11,1,1,0",,,,,,,,,,,,,,,,,,,,,,,,,,,,,,,,,,,,,,,,,,,,,,,,,,,,,,,,,,,,,,"word,meep,171,-436,20,0,0,1.1,1.1,0","word,meep,306,-479,10,0,0,0.7,0.7,0",,,,,,,,,
Skill1/5,"kelwy,head,25,-313,-25,0,5,1,1,0","kelwy,neck,3,-275,-8,0,6,1,1,0","kelwy,body,-6,-202,-10.5,0,7,1,1,0","kelwy,arm_up,-33,-239,-22,0,5,1,1,0","kelwy,arm_low,-29,-204,47,0,6,1,1,0","kelwy,fist,8,-193,56,0,4,1,1,0","kelwy,arm_up,28,-243,35,1,15,1,1,0","kelwy,arm_low,42,-205,5,1,2,1,1,0","kelwy,fist,31,-169,12,1,4,1,1,0","kelwy,leg_up,-38,-115,-15.7,0,6,1,1,0","kelwy,leg_low,-54,-56,-10,0,12,1,1,0","kelwy,foot,-64,-12,-42.6,0,15,1,1,0","kelwy,leg_up,20,-117,24.7,0,14,1,1,0","kelwy,leg_low,36,-59,3.5,0,15,1,1,0","kelwy,foot,36,-17,-33.5,0,17,1,1,0","kelwy,base,-126,-316,-126,1,5,1,1,0","kelwy,stick,-31,-235,-133,0,5,1,1,0","kelwy,ear,-31,-385,67,0,2,1,1,0","kelwy,ear_back,12,-386,36,0,22,1,1,0","kelwy,tail,-72,-139,-18,0,8,1,1,0",,,,,,,,"ulistaz,head,8,-369,-22,0,8,1,1,0",,,"ulistaz,arm_up,-14,-347,-2,0,7,1,1,0","ulistaz,arm_low,-5,-311,20,0,5,1,1,0",,"ulistaz,arm_up,47,-332,33,0,18,1,1,0","ulistaz,arm_low,40,-303,-37,0,18,1,1,0",,"ulistaz,leg_up,-51,-320,3.3,0,8,1,1,0","ulistaz,leg_low,-29,-278,48,0,6,1,1,0",,"ulistaz,leg_up,-35,-340,7.7,0,17,1,1,0","ulistaz,leg_low,23,-274,17.5,0,18,1,1,0",,,,"ulistaz,ear,-42,-460,41,0,9,1,1,0","ulistaz,ear_back,10,-473,7,0,21,1,1,0","ulistaz,tail,-88,-302,-5,0,11,1,1,0",,,,,,,,,,,,,,,,,,,,,,,,,,,,,,,,,,,,,,,,,,,,,,,,,,,,,,,,,,,,,,"word,meep,249,-482,20,0,0,0.8,0.8,0","word,meep,363,-514,10,0,0,0.5,0.5,0",,,,,,,,,"meep,3000,0"
Skill1/6,"kelwy,head,18,-316,-23,0,5,1,1,0","kelwy,neck,0,-277,-6,0,6,1,1,0","kelwy,body,-5,-204,-8.5,0,7,1,1,0","kelwy,arm_up,-34,-239,-20,0,5,1,1,0","kelwy,arm_low,-28,-204,49,0,6,1,1,0","kelwy,fist,9,-195,58,0,4,1,1,0","kelwy,arm_up,28,-245,39,1,15,1,1,0","kelwy,arm_low,46,-209,10,1,2,1,1,0","kelwy,fist,39,-171,16,1,4,1,1,0","kelwy,leg_up,-38,-115,-15.7,0,6,1,1,0","kelwy,leg_low,-54,-56,-10,0,12,1,1,0","kelwy,foot,-64,-12,-42.6,0,15,1,1,0","kelwy,leg_up,20,-117,24.7,0,14,1,1,0","kelwy,leg_low,36,-59,3.5,0,15,1,1,0","kelwy,foot,36,-17,-33.5,0,17,1,1,0","kelwy,base,-129,-312,-124,1,5,1,1,0","kelwy,stick,-32,-235,-131,0,5,1,1,0","kelwy,ear,-40,-386,69,0,2,1,1,0","kelwy,ear_back,3,-389,38,0,22,1,1,0","kelwy,tail,-69,-138,-16,0,8,1,1,0",,,,,,,,"ulistaz,head,0,-365,-17,0,8,1,1,0",,,"ulistaz,arm_up,-22,-341,3,0,7,1,1,0","ulistaz,arm_low,-5,-314,45,0,5,1,1,0",,"ulistaz,arm_up,38,-332,43,0,18,1,1,0","ulistaz,arm_low,37,-307,-32,0,18,1,1,0",,"ulistaz,leg_up,-54,-309,8.3,0,8,1,1,0","ulistaz,leg_low,-27,-276,61,0,6,1,1,0",,"ulistaz,leg_up,-38,-334,12.7,0,17,1,1,0","ulistaz,leg_low,25,-276,25.5,0,18,1,1,0",,,,"ulistaz,ear,-54,-449,52,0,9,1,1,0","ulistaz,ear_back,-7,-463,18,0,21,1,1,0","ulistaz,tail,-91,-291,0,0,11,1,1,0",,,,,,,,,,,,,,,,,,,,,,,,,,,,,,,,,,,,,,,,,,,,,,,,,,,,,,,,,,,,,,"word,meep,315,-499,20,0,0,0.6,0.6,0","word,meep,395,-518,3,0,0,0.3,0.3,0",,,,,,,,,
Skill1/7,"kelwy,head,15,-317,-16,0,5,1,1,0","kelwy,neck,0,-277,-6,0,6,1,1,0","kelwy,body,-5,-204,-7.5,0,7,1,1,0","kelwy,arm_up,-34,-239,-19,0,5,1,1,0","kelwy,arm_low,-27,-204,50,0,6,1,1,0","kelwy,fist,10,-196,59,0,4,1,1,0","kelwy,arm_up,28,-246,40,1,15,1,1,0","kelwy,arm_low,47,-211,11,1,2,1,1,0","kelwy,fist,40,-172,17,1,4,1,1,0","kelwy,leg_up,-36,-115,-14.7,0,6,1,1,0","kelwy,leg_low,-52,-56,-10,0,12,1,1,0","kelwy,foot,-62,-12,-42.6,0,15,1,1,0","kelwy,leg_up,20,-117,24.7,0,14,1,1,0","kelwy,leg_low,36,-59,3.5,0,15,1,1,0","kelwy,foot,36,-17,-33.5,0,17,1,1,0","kelwy,base,-130,-310,-123,1,5,1,1,0","kelwy,stick,-32,-235,-130,0,5,1,1,0","kelwy,ear,-42,-384,67,0,2,1,1,0","kelwy,ear_back,3,-389,38,0,22,1,1,0","kelwy,tail,-69,-135,-15,0,8,1,1,0",,,,,,,,"ulistaz,head,-10,-354,-13,0,8,1,1,0",,,"ulistaz,arm_up,-28,-330,7,0,7,1,1,0","ulistaz,arm_low,-14,-296,29,0,5,1,1,0",,"ulistaz,arm_up,32,-325,49,0,18,1,1,0","ulistaz,arm_low,41,-296,-3,0,18,1,1,0",,"ulistaz,leg_up,-60,-294,12.3,0,8,1,1,0","ulistaz,leg_low,-22,-265,62,0,6,1,1,0",,"ulistaz,leg_up,-44,-323,16.7,0,17,1,1,0","ulistaz,leg_low,23,-269,49.5,0,18,1,1,0",,,,"ulistaz,ear,-62,-437,55,0,9,1,1,0","ulistaz,ear_back,-19,-454,21,0,21,1,1,0","ulistaz,tail,-97,-276,4,0,11,1,1,0",,,,,,,,,,,,,,,,,,,,,,,,,,,,,,,,,,,,,,,,,,,,,,,,,,,,,,,,,,,,,,,"word,meep,395,-518,2,0,0,0.3,0.3,0",,,,,,,,,
Standup/0,"kelwy,head,42,-184,-23,0,5,1,1,0","kelwy,neck,19,-149,-13,0,6,1,1,0","kelwy,body,7,-77,-11.5,0,7,1,1,0","kelwy,arm_up,-20,-106,-34,0,5,1,1,0","kelwy,arm_low,-25,-69,38,0,6,1,1,0","kelwy,fist,15,-53,45,0,4,1,1,0","kelwy,arm_up,45,-108,29,1,15,1,1,0","kelwy,arm_low,51,-72,-2,1,2,1,1,0","kelwy,fist,36,-35,6,1,4,1,1,0","kelwy,leg_up,16,-18,70.3,0,6,1,1,0","kelwy,leg_low,60,17,27,0,12,1,1,0","kelwy,foot,83,58,5.4,0,15,1,1,0","kelwy,leg_up,40,-27,86.7,0,14,1,1,0","kelwy,leg_low,97,-5,49.5,0,15,1,1,0","kelwy,foot,130,26,14.5,0,17,1,1,0","kelwy,base,-104,-189,-133,1,5,1,1,0","kelwy,stick,-16,-105,-140,0,5,1,1,0","kelwy,ear,-40,-219,109,0,2,1,1,0","kelwy,ear_back,-27,-230,100,0,22,1,1,0","kelwy,tail,-56,-19,-49,0,8,1,1,0",,,,,,,,"ulistaz,head,28,-213,-29,0,8,1,1,0",,,"ulistaz,arm_up,5,-201,-9,0,7,1,1,0","ulistaz,arm_low,7,-162,13,0,5,1,1,0",,"ulistaz,arm_up,51,-181,33,0,18,1,1,0","ulistaz,arm_low,52,-154,-39,0,18,1,1,0",,"ulistaz,leg_up,-37,-169,-3.7,0,8,1,1,0","ulistaz,leg_low,-18,-138,46,0,6,1,1,0",,"ulistaz,leg_up,-26,-195,0.7,0,17,1,1,0","ulistaz,leg_low,26,-125,33.5,0,18,1,1,0",,,,"ulistaz,ear,-24,-291,53,0,9,1,1,0","ulistaz,ear_back,34,-312,19,0,21,1,1,0","ulistaz,tail,-80,-168,-12,0,11,1,1,0",,,,,,,,,,,,,,,,,,,,,,,,,,,,,,,,,,,,,,,,,,,,,,,,,,,,,,,,,,,,,,,,,,,,,,,,
Standup/1,"kelwy,head,23,-214,-13,0,5,1,1,0","kelwy,neck,4,-177,-10,0,6,1,1,0","kelwy,body,-5,-105,-8.5,0,7,1,1,0","kelwy,arm_up,-32,-131,-31,0,5,1,1,0","kelwy,arm_low,-32,-97,41,0,6,1,1,0","kelwy,fist,6,-81,48,0,4,1,1,0","kelwy,arm_up,33,-136,32,1,15,1,1,0","kelwy,arm_low,42,-100,1,1,2,1,1,0","kelwy,fist,27,-63,9,1,4,1,1,0","kelwy,leg_up,3,-27,50.3,0,6,1,1,0","kelwy,leg_low,17,7,-33,0,12,1,1,0","kelwy,foot,0,37,-54.6,0,15,1,1,0","kelwy,leg_up,27,-57,86.7,0,14,1,1,0","kelwy,leg_low,81,-35,44.5,0,15,1,1,0","kelwy,foot,107,-3,1.5,0,17,1,1,0","kelwy,base,-118,-211,-130,1,5,1,1,0","kelwy,stick,-27,-130,-137,0,5,1,1,0","kelwy,ear,-51,-264,92,0,2,1,1,0","kelwy,ear_back,-34,-271,83,0,22,1,1,0","kelwy,tail,-62,-33,-26,0,8,1,1,0",,,,,,,,"ulistaz,head,10,-241,-26,0,8,1,1,0",,,"ulistaz,arm_up,-13,-227,-6,0,7,1,1,0","ulistaz,arm_low,-8,-190,16,0,5,1,1,0",,"ulistaz,arm_up,36,-209,36,0,18,1,1,0","ulistaz,arm_low,37,-182,-36,0,18,1,1,0",,"ulistaz,leg_up,-52,-194,-0.7,0,8,1,1,0","ulistaz,leg_low,-33,-163,49,0,6,1,1,0",,"ulistaz,leg_up,-44,-220,3.7,0,17,1,1,0","ulistaz,leg_low,14,-153,36.5,0,18,1,1,0",,,,"ulistaz,ear,-45,-316,56,0,9,1,1,0","ulistaz,ear_back,10,-340,22,0,21,1,1,0","ulistaz,tail,-95,-190,-9,0,11,1,1,0",,,,,,,,,,,,,,,,,,,,,,,,,,,,,,,,,,,,,,,,,,,,,,,,,,,,,,,,,,,,,,,,,,,,,,,,
Standup/2,"kelwy,head,27,-244,-13,0,5,1,1,0","kelwy,neck,7,-207,-10,0,6,1,1,0","kelwy,body,-1,-135,-8.5,0,7,1,1,0","kelwy,arm_up,-28,-161,-31,0,5,1,1,0","kelwy,arm_low,-28,-127,41,0,6,1,1,0","kelwy,fist,10,-111,48,0,4,1,1,0","kelwy,arm_up,37,-166,32,1,15,1,1,0","kelwy,arm_low,46,-130,1,1,2,1,1,0","kelwy,fist,31,-93,9,1,4,1,1,0","kelwy,leg_up,-6,-52,20.3,0,6,1,1,0","kelwy,leg_low,-8,-14,-63,0,12,1,1,0","kelwy,foot,-36,3,-84.6,0,15,1,1,0","kelwy,leg_up,26,-80,76.7,0,14,1,1,0","kelwy,leg_low,62,-50,14.5,0,15,1,1,0","kelwy,foot,70,-10,-28.5,0,17,1,1,0","kelwy,base,-114,-241,-130,1,5,1,1,0","kelwy,stick,-23,-160,-137,0,5,1,1,0","kelwy,ear,-47,-294,92,0,2,1,1,0","kelwy,ear_back,-30,-301,83,0,22,1,1,0","kelwy,tail,-58,-63,-26,0,8,1,1,0",,,,,,,,"ulistaz,head,14,-271,-26,0,8,1,1,0",,,"ulistaz,arm_up,-9,-257,-6,0,7,1,1,0","ulistaz,arm_low,-4,-220,16,0,5,1,1,0",,"ulistaz,arm_up,40,-239,36,0,18,1,1,0","ulistaz,arm_low,41,-212,-36,0,18,1,1,0",,"ulistaz,leg_up,-48,-224,-0.7,0,8,1,1,0","ulistaz,leg_low,-29,-193,49,0,6,1,1,0",,"ulistaz,leg_up,-40,-250,3.7,0,17,1,1,0","ulistaz,leg_low,18,-183,36.5,0,18,1,1,0",,,,"ulistaz,ear,-41,-346,56,0,9,1,1,0","ulistaz,ear_back,14,-370,22,0,21,1,1,0","ulistaz,tail,-91,-220,-9,0,11,1,1,0",,,,,,,,,,,,,,,,,,,,,,,,,,,,,,,,,,,,,,,,,,,,,,,,,,,,,,,,,,,,,,,,,,,,,,,,
Standup/3,"kelwy,head,25,-264,-13,0,5,1,1,0","kelwy,neck,5,-227,-10,0,6,1,1,0","kelwy,body,-3,-155,-8.5,0,7,1,1,0","kelwy,arm_up,-30,-181,-29,0,5,1,1,0","kelwy,arm_low,-28,-147,43,0,6,1,1,0","kelwy,fist,10,-133,50,0,4,1,1,0","kelwy,arm_up,35,-188,34,1,15,1,1,0","kelwy,arm_low,46,-152,3,1,2,1,1,0","kelwy,fist,31,-115,11,1,4,1,1,0","kelwy,leg_up,-7,-70,23.3,0,6,1,1,0","kelwy,leg_low,-9,-21,-46,0,12,1,1,0","kelwy,foot,-37,5,-67.6,0,15,1,1,0","kelwy,leg_up,27,-86,54.7,0,14,1,1,0","kelwy,leg_low,55,-43,-5.5,0,15,1,1,0","kelwy,foot,50,-4,-48.5,0,17,1,1,0","kelwy,base,-118,-259,-128,1,5,1,1,0","kelwy,stick,-25,-180,-135,0,5,1,1,0","kelwy,ear,-41,-324,82,0,2,1,1,0","kelwy,ear_back,-24,-327,73,0,22,1,1,0","kelwy,tail,-60,-83,-26,0,8,1,1,0",,,,,,,,"ulistaz,head,12,-291,-26,0,8,1,1,0",,,"ulistaz,arm_up,-11,-277,-6,0,7,1,1,0","ulistaz,arm_low,-9,-243,18,0,5,1,1,0",,"ulistaz,arm_up,38,-259,36,0,18,1,1,0","ulistaz,arm_low,39,-232,-36,0,18,1,1,0",,"ulistaz,leg_up,-50,-244,-0.7,0,8,1,1,0","ulistaz,leg_low,-31,-213,49,0,6,1,1,0",,"ulistaz,leg_up,-42,-270,3.7,0,17,1,1,0","ulistaz,leg_low,16,-203,36.5,0,18,1,1,0",,,,"ulistaz,ear,-43,-366,56,0,9,1,1,0","ulistaz,ear_back,12,-390,22,0,21,1,1,0","ulistaz,tail,-93,-240,-9,0,11,1,1,0",,,,,,,,,,,,,,,,,,,,,,,,,,,,,,,,,,,,,,,,,,,,,,,,,,,,,,,,,,,,,,,,,,,,,,,,
Standup/4,"kelwy,head,20,-272,-12,0,5,1,1,0","kelwy,neck,3,-234,-9,0,6,1,1,0","kelwy,body,-5,-166,-8.5,0,7,1,1,0","kelwy,arm_up,-32,-191,-30,0,5,1,1,0","kelwy,arm_low,-31,-157,42,0,6,1,1,0","kelwy,fist,7,-142,49,0,4,1,1,0","kelwy,arm_up,33,-197,33,1,15,1,1,0","kelwy,arm_low,45,-161,2,1,2,1,1,0","kelwy,fist,28,-124,10,1,4,1,1,0","kelwy,leg_up,-18,-77,9.3,0,6,1,1,0","kelwy,leg_low,-22,-25,-26,0,12,1,1,0","kelwy,foot,-37,5,-60.6,0,15,1,1,0","kelwy,leg_up,19,-87,45.7,0,14,1,1,0","kelwy,leg_low,45,-43,2.5,0,15,1,1,0","kelwy,foot,42,-2,-42.5,0,17,1,1,0","kelwy,base,-119,-270,-129,1,5,1,1,0","kelwy,stick,-27,-190,-136,0,5,1,1,0","kelwy,ear,-45,-333,80,0,2,1,1,0","kelwy,ear_back,-29,-339,71,0,22,1,1,0","kelwy,tail,-66,-93,-28,0,8,1,1,0",,,,,,,,"ulistaz,head,14,-299,-28,0,8,1,1,0",,,"ulistaz,arm_up,-9,-287,-8,0,7,1,1,0","ulistaz,arm_low,-9,-253,16,0,5,1,1,0",,"ulistaz,arm_up,38,-267,34,0,18,1,1,0","ulistaz,arm_low,39,-240,-38,0,18,1,1,0",,"ulistaz,leg_up,-50,-254,-2.7,0,8,1,1,0","ulistaz,leg_low,-31,-223,47,0,6,1,1,0",,"ulistaz,leg_up,-40,-280,1.7,0,17,1,1,0","ulistaz,leg_low,14,-211,34.5,0,18,1,1,0",,,,"ulistaz,ear,-39,-376,54,0,9,1,1,0","ulistaz,ear_back,18,-398,20,0,21,1,1,0","ulistaz,tail,-93,-252,-11,0,11,1,1,0",,,,,,,,,,,,,,,,,,,,,,,,,,,,,,,,,,,,,,,,,,,,,,,,,,,,,,,,,,,,,,,,,,,,,,,,
Standup/5,"kelwy,head,19,-289,-12,0,5,1,1,0","kelwy,neck,2,-252,-9,0,6,1,1,0","kelwy,body,-6,-183,-8.5,0,7,1,1,0","kelwy,arm_up,-33,-208,-30,0,5,1,1,0","kelwy,arm_low,-32,-174,42,0,6,1,1,0","kelwy,fist,6,-159,49,0,4,1,1,0","kelwy,arm_up,32,-214,33,1,15,1,1,0","kelwy,arm_low,44,-178,2,1,2,1,1,0","kelwy,fist,27,-141,10,1,4,1,1,0","kelwy,leg_up,-25,-99,-0.7,0,6,1,1,0","kelwy,leg_low,-35,-40,-20,0,12,1,1,0","kelwy,foot,-53,-3,-50.6,0,15,1,1,0","kelwy,leg_up,16,-106,39.7,0,14,1,1,0","kelwy,leg_low,37,-52,-5.5,0,15,1,1,0","kelwy,foot,27,-13,-54.5,0,17,1,1,0","kelwy,base,-122,-289,-129,1,5,1,1,0","kelwy,stick,-30,-209,-136,0,5,1,1,0","kelwy,ear,-41,-352,74,0,2,1,1,0","kelwy,ear_back,-25,-358,65,0,22,1,1,0","kelwy,tail,-67,-110,-28,0,8,1,1,0",,,,,,,,"ulistaz,head,13,-316,-28,0,8,1,1,0",,,"ulistaz,arm_up,-10,-304,-8,0,7,1,1,0","ulistaz,arm_low,-10,-270,16,0,5,1,1,0",,"ulistaz,arm_up,37,-284,34,0,18,1,1,0","ulistaz,arm_low,38,-257,-38,0,18,1,1,0",,"ulistaz,leg_up,-51,-271,-2.7,0,8,1,1,0","ulistaz,leg_low,-32,-240,47,0,6,1,1,0",,"ulistaz,leg_up,-41,-297,1.7,0,17,1,1,0","ulistaz,leg_low,13,-228,34.5,0,18,1,1,0",,,,"ulistaz,ear,-40,-393,54,0,9,1,1,0","ulistaz,ear_back,17,-415,20,0,21,1,1,0","ulistaz,tail,-94,-269,-11,0,11,1,1,0",,,,,,,,,,,,,,,,,,,,,,,,,,,,,,,,,,,,,,,,,,,,,,,,,,,,,,,,,,,,,,,,,,,,,,,,
Standup/6,"kelwy,head,19,-302,-12,0,5,1,1,0","kelwy,neck,2,-269,-9,0,6,1,1,0","kelwy,body,-6,-196,-8.5,0,7,1,1,0","kelwy,arm_up,-33,-221,-30,0,5,1,1,0","kelwy,arm_low,-32,-187,42,0,6,1,1,0","kelwy,fist,6,-172,49,0,4,1,1,0","kelwy,arm_up,32,-227,33,1,15,1,1,0","kelwy,arm_low,42,-191,2,1,2,1,1,0","kelwy,fist,27,-154,10,1,4,1,1,0","kelwy,leg_up,-32,-106,-11.7,0,6,1,1,0","kelwy,leg_low,-45,-48,-11,0,12,1,1,0","kelwy,foot,-56,-11,-50.6,0,15,1,1,0","kelwy,leg_up,16,-114,35.7,0,14,1,1,0","kelwy,leg_low,38,-61,1.5,0,15,1,1,0","kelwy,foot,34,-17,-39.5,0,17,1,1,0","kelwy,base,-125,-300,-126,1,5,1,1,0","kelwy,stick,-27,-226,-133,0,5,1,1,0","kelwy,ear,-40,-366,74,0,2,1,1,0","kelwy,ear_back,-25,-371,65,0,22,1,1,0","kelwy,tail,-67,-128,-28,0,8,1,1,0",,,,,,,,"ulistaz,head,13,-329,-28,0,8,1,1,0",,,"ulistaz,arm_up,-10,-317,-8,0,7,1,1,0","ulistaz,arm_low,-10,-283,16,0,5,1,1,0",,"ulistaz,arm_up,37,-297,34,0,18,1,1,0","ulistaz,arm_low,38,-270,-38,0,18,1,1,0",,"ulistaz,leg_up,-51,-284,-2.7,0,8,1,1,0","ulistaz,leg_low,-32,-253,47,0,6,1,1,0",,"ulistaz,leg_up,-41,-310,1.7,0,17,1,1,0","ulistaz,leg_low,13,-241,34.5,0,18,1,1,0",,,,"ulistaz,ear,-40,-406,54,0,9,1,1,0","ulistaz,ear_back,17,-428,20,0,21,1,1,0","ulistaz,tail,-94,-282,-11,0,11,1,1,0",,,,,,,,,,,,,,,,,,,,,,,,,,,,,,,,,,,,,,,,,,,,,,,,,,,,,,,,,,,,,,,,,,,,,,,,
Standup/7,"kelwy,head,15,-317,-16,0,5,1,1,0","kelwy,neck,0,-277,-6,0,6,1,1,0","kelwy,body,-5,-204,-7.5,0,7,1,1,0","kelwy,arm_up,-34,-239,-19,0,5,1,1,0","kelwy,arm_low,-27,-204,50,0,6,1,1,0","kelwy,fist,10,-196,59,0,4,1,1,0","kelwy,arm_up,28,-246,40,1,15,1,1,0","kelwy,arm_low,47,-211,11,1,2,1,1,0","kelwy,fist,40,-172,17,1,4,1,1,0","kelwy,leg_up,-36,-115,-14.7,0,6,1,1,0","kelwy,leg_low,-52,-56,-10,0,12,1,1,0","kelwy,foot,-62,-12,-42.6,0,15,1,1,0","kelwy,leg_up,20,-117,24.7,0,14,1,1,0","kelwy,leg_low,36,-59,3.5,0,15,1,1,0","kelwy,foot,36,-17,-33.5,0,17,1,1,0","kelwy,base,-130,-310,-123,1,5,1,1,0","kelwy,stick,-32,-235,-130,0,5,1,1,0","kelwy,ear,-42,-384,67,0,2,1,1,0","kelwy,ear_back,3,-389,38,0,22,1,1,0","kelwy,tail,-69,-135,-15,0,8,1,1,0",,,,,,,,"ulistaz,head,-10,-354,-13,0,8,1,1,0",,,"ulistaz,arm_up,-28,-330,7,0,7,1,1,0","ulistaz,arm_low,-14,-296,29,0,5,1,1,0",,"ulistaz,arm_up,32,-325,49,0,18,1,1,0","ulistaz,arm_low,41,-296,-3,0,18,1,1,0",,"ulistaz,leg_up,-60,-294,12.3,0,8,1,1,0","ulistaz,leg_low,-22,-265,62,0,6,1,1,0",,"ulistaz,leg_up,-44,-323,16.7,0,17,1,1,0","ulistaz,leg_low,23,-269,49.5,0,18,1,1,0",,,,"ulistaz,ear,-62,-437,55,0,9,1,1,0","ulistaz,ear_back,-19,-454,21,0,21,1,1,0","ulistaz,tail,-97,-276,4,0,11,1,1,0",,,,,,,,,,,,,,,,,,,,,,,,,,,,,,,,,,,,,,,,,,,,,,,,,,,,,,,,,,,,,,,,,,,,,,,,
Walk/0,"kelwy,head,24,-310,-19,0,5,1,1,0","kelwy,neck,6,-272,-9,0,6,1,1,0","kelwy,body,-4,-201,-10.5,0,7,1,1,0","kelwy,arm_up,-30,-238,-23,0,5,1,1,0","kelwy,arm_low,-27,-203,46,0,6,1,1,0","kelwy,fist,10,-191,55,0,4,1,1,0","kelwy,arm_up,32,-241,36,1,15,1,1,0","kelwy,arm_low,47,-203,7,1,2,1,1,0","kelwy,fist,40,-167,13,1,4,1,1,0","kelwy,leg_up,-35,-115,-15.7,0,6,1,1,0","kelwy,leg_low,-55,-65,-25,0,12,1,1,0","kelwy,foot,-77,-25,-60.6,0,15,1,1,0","kelwy,leg_up,16,-119,21.7,0,14,1,1,0","kelwy,leg_low,30,-59,5.5,0,15,1,1,0","kelwy,foot,31,-17,-36.5,0,17,1,1,0","kelwy,base,-123,-313,-126,1,5,1,1,0","kelwy,stick,-28,-234,-134,0,5,1,1,0","kelwy,ear,-29,-380,65,0,2,1,1,0","kelwy,ear_back,16,-384,36,0,22,1,1,0","kelwy,tail,-71,-142,-20,0,8,1,1,0",,,,,,,,"ulistaz,head,1,-344,-15,0,8,1,1,0",,,"ulistaz,arm_up,-17,-322,9,0,7,1,1,0","ulistaz,arm_low,-8,-291,28,0,5,1,1,0",,"ulistaz,arm_up,41,-316,47,0,18,1,1,0","ulistaz,arm_low,49,-284,-7,0,18,1,1,0",,"ulistaz,leg_up,-51,-286,10.3,0,8,1,1,0","ulistaz,leg_low,-15,-256,56,0,6,1,1,0",,"ulistaz,leg_up,-35,-316,14.7,0,17,1,1,0","ulistaz,leg_low,30,-260,47.5,0,18,1,1,0",,,,"ulistaz,ear,-51,-429,54,0,9,1,1,0","ulistaz,ear_back,-6,-446,20,0,21,1,1,0","ulistaz,tail,-88,-271,2,0,11,1,1,0",,,,,,,,,,,,,,,,,,,,,,,,,,,,,,,,,,,,,,,,,,,,,,,,,,,,,,,,,,,,,,,,,,,,,,,,
Walk/1,"kelwy,head,28,-316,-18,0,5,1,1,0","kelwy,neck,9,-278,-8,0,6,1,1,0","kelwy,body,0,-206,-9.5,0,7,1,1,0","kelwy,arm_up,-31,-242,-22,0,5,1,1,0","kelwy,arm_low,-25,-207,47,0,6,1,1,0","kelwy,fist,12,-198,56,0,4,1,1,0","kelwy,arm_up,33,-243,34,1,15,1,1,0","kelwy,arm_low,46,-207,5,1,2,1,1,0","kelwy,fist,34,-169,11,1,4,1,1,0","kelwy,leg_up,-27,-119,-15.7,0,6,1,1,0","kelwy,leg_low,-53,-70,-47,0,12,1,1,0","kelwy,foot,-81,-46,-82.6,0,15,1,1,0","kelwy,leg_up,5,-119,15.7,0,14,1,1,0","kelwy,leg_low,12,-59,-2.5,0,15,1,1,0","kelwy,foot,7,-17,-40.5,0,17,1,1,0","kelwy,base,-125,-315,-124,1,5,1,1,0","kelwy,stick,-29,-240,-132,0,5,1,1,0","kelwy,ear,-29,-386,66,0,2,1,1,0","kelwy,ear_back,16,-392,37,0,22,1,1,0","kelwy,tail,-63,-149,-17,0,8,1,1,0",,,,,,,,"ulistaz,head,2,-355,-15,0,8,1,1,0",,,"ulistaz,arm_up,-19,-330,9,0,7,1,1,0","ulistaz,arm_low,-7,-299,28,0,5,1,1,0",,"ulistaz,arm_up,42,-324,47,0,18,1,1,0","ulistaz,arm_low,53,-295,0,0,18,1,1,0",,"ulistaz,leg_up,-50,-297,10.3,0,8,1,1,0","ulistaz,leg_low,-14,-264,56,0,6,1,1,0",,"ulistaz,leg_up,-34,-324,14.7,0,17,1,1,0","ulistaz,leg_low,31,-268,47.5,0,18,1,1,0",,,,"ulistaz,ear,-50,-440,54,0,9,1,1,0","ulistaz,ear_back,-5,-455,20,0,21,1,1,0","ulistaz,tail,-87,-279,2,0,11,1,1,0",,,,,,,,,,,,,,,,,,,,,,,,,,,,,,,,,,,,,,,,,,,,,,,,,,,,,,,,,,,,,,,,,,,,,,,,
Walk/2,"kelwy,head,30,-314,-19,0,5,1,1,0","kelwy,neck,11,-276,-9,0,6,1,1,0","kelwy,body,0,-204,-10.5,0,7,1,1,0","kelwy,arm_up,-30,-241,-23,0,5,1,1,0","kelwy,arm_low,-25,-206,46,0,6,1,1,0","kelwy,fist,12,-196,55,0,4,1,1,0","kelwy,arm_up,34,-241,33,1,15,1,1,0","kelwy,arm_low,44,-205,-3,1,2,1,1,0","kelwy,fist,32,-167,3,1,4,1,1,0","kelwy,leg_up,-7,-119,14.3,0,6,1,1,0","kelwy,leg_low,-13,-70,-47,0,12,1,1,0","kelwy,foot,-45,-44,-82.6,0,13,1,1,0","kelwy,leg_up,-9,-119,-4.3,0,14,1,1,0","kelwy,leg_low,-20,-58,-12.5,0,15,1,1,0","kelwy,foot,-33,-18,-50.5,0,17,1,1,0","kelwy,base,-123,-317,-127,1,5,1,1,0","kelwy,stick,-28,-239,-134,0,5,1,1,0","kelwy,ear,-26,-385,65,0,2,1,1,0","kelwy,ear_back,20,-390,36,0,22,1,1,0","kelwy,tail,-63,-150,-23,0,8,1,1,0",,,,,,,,"ulistaz,head,5,-353,-16,0,8,1,1,0",,,"ulistaz,arm_up,-17,-329,8,0,7,1,1,0","ulistaz,arm_low,-5,-297,27,0,5,1,1,0",,"ulistaz,arm_up,44,-322,46,0,18,1,1,0","ulistaz,arm_low,55,-292,-1,0,18,1,1,0",,"ulistaz,leg_up,-48,-296,9.3,0,8,1,1,0","ulistaz,leg_low,-13,-263,55,0,6,1,1,0",,"ulistaz,leg_up,-32,-323,13.7,0,17,1,1,0","ulistaz,leg_low,32,-266,46.5,0,18,1,1,0",,,,"ulistaz,ear,-46,-439,53,0,9,1,1,0","ulistaz,ear_back,0,-453,19,0,21,1,1,0","ulistaz,tail,-85,-279,1,0,11,1,1,0",,,,,,,,,,,,,,,,,,,,,,,,,,,,,,,,,,,,,,,,,,,,,,,,,,,,,,,,,,,,,,,,,,,,,,,,
Walk/3,"kelwy,head,34,-306,-20,0,5,1,1,0","kelwy,neck,15,-268,-10,0,6,1,1,0","kelwy,body,2,-196,-11.5,0,7,1,1,0","kelwy,arm_up,-27,-234,-24,0,5,1,1,0","kelwy,arm_low,-23,-199,45,0,6,1,1,0","kelwy,fist,14,-188,54,0,4,1,1,0","kelwy,arm_up,37,-233,32,1,15,1,1,0","kelwy,arm_low,46,-197,-4,1,2,1,1,0","kelwy,fist,34,-159,2,1,4,1,1,0","kelwy,leg_up,4,-123,48.3,0,6,1,1,0","kelwy,leg_low,31,-77,2,0,12,1,1,0","kelwy,foot,30,-36,-22.6,0,13,1,1,0","kelwy,leg_up,-18,-119,-14.3,0,14,1,1,0","kelwy,leg_low,-43,-58,-22.5,0,15,1,1,0","kelwy,foot,-66,-18,-56.5,0,17,1,1,0","kelwy,base,-119,-312,-128,1,5,1,1,0","kelwy,stick,-25,-232,-135,0,5,1,1,0","kelwy,ear,-19,-375,64,0,2,1,1,0","kelwy,ear_back,26,-382,30,0,22,1,1,0","kelwy,tail,-60,-143,-24,0,8,1,1,0",,,,,,,,"ulistaz,head,15,-335,-20,0,8,1,1,0",,,"ulistaz,arm_up,-8,-312,5,0,7,1,1,0","ulistaz,arm_low,5,-279,34,0,5,1,1,0",,"ulistaz,arm_up,51,-302,43,0,18,1,1,0","ulistaz,arm_low,55,-271,-24,0,18,1,1,0",,"ulistaz,leg_up,-41,-281,6.3,0,8,1,1,0","ulistaz,leg_low,-9,-246,52,0,6,1,1,0",,"ulistaz,leg_up,-25,-306,10.7,0,17,1,1,0","ulistaz,leg_low,36,-246,43.5,0,18,1,1,0",,,,"ulistaz,ear,-33,-417,50,0,9,1,1,0","ulistaz,ear_back,19,-432,12,0,21,1,1,0","ulistaz,tail,-78,-265,-2,0,11,1,1,0",,,,,,,,,,,,,,,,,,,,,,,,,,,,,,,,,,,,,,,,,,,,,,,,,,,,,,,,,,,,,,,,,,,,,,,,
Walk/4,"kelwy,head,37,-300,-22,0,5,1,1,0","kelwy,neck,16,-262,-12,0,6,1,1,0","kelwy,body,1,-184,-16.5,0,7,1,1,0","kelwy,arm_up,-26,-230,-26,0,5,1,1,0","kelwy,arm_low,-24,-195,43,0,6,1,1,0","kelwy,fist,13,-182,52,0,4,1,1,0","kelwy,arm_up,36,-227,30,1,15,1,1,0","kelwy,arm_low,45,-191,-6,1,2,1,1,0","kelwy,fist,31,-153,0,1,4,1,1,0","kelwy,leg_up,2,-110,47.3,0,6,1,1,0","kelwy,leg_low,31,-60,2,0,12,1,1,0","kelwy,foot,30,-19,-22.6,0,13,1,1,0","kelwy,leg_up,-29,-115,-16.3,0,14,1,1,0","kelwy,leg_low,-55,-58,-22.5,0,15,1,1,0","kelwy,foot,-76,-18,-56.5,0,17,1,1,0","kelwy,base,-116,-310,-130,1,5,1,1,0","kelwy,stick,-26,-228,-137,0,5,1,1,0","kelwy,ear,-14,-371,62,0,2,1,1,0","kelwy,ear_back,31,-376,28,0,22,1,1,0","kelwy,tail,-63,-139,-31,0,8,1,1,0",,,,,,,,"ulistaz,head,19,-325,-22,0,8,1,1,0",,,"ulistaz,arm_up,-4,-302,3,0,7,1,1,0","ulistaz,arm_low,7,-269,32,0,5,1,1,0",,"ulistaz,arm_up,53,-290,41,0,18,1,1,0","ulistaz,arm_low,53,-259,-32,0,18,1,1,0",,"ulistaz,leg_up,-39,-273,4.3,0,8,1,1,0","ulistaz,leg_low,-9,-236,50,0,6,1,1,0",,"ulistaz,leg_up,-23,-296,8.7,0,17,1,1,0","ulistaz,leg_low,36,-234,41.5,0,18,1,1,0",,,,"ulistaz,ear,-27,-407,48,0,9,1,1,0","ulistaz,ear_back,27,-420,10,0,21,1,1,0","ulistaz,tail,-76,-257,-4,0,11,1,1,0",,,,,,,,,,,,,,,,,,,,,,,,,,,,,,,,,,,,,,,,,,,,,,,,,,,,,,,,,,,,,,,,,,,,,,,,
Walk/5,"kelwy,head,34,-304,-18,0,5,1,1,0","kelwy,neck,16,-266,-9,0,6,1,1,0","kelwy,body,4,-188,-13.5,0,7,1,1,0","kelwy,arm_up,-26,-231,-23,0,5,1,1,0","kelwy,arm_low,-21,-196,46,0,6,1,1,0","kelwy,fist,16,-186,55,0,4,1,1,0","kelwy,arm_up,39,-231,33,1,15,1,1,0","kelwy,arm_low,48,-195,-3,1,2,1,1,0","kelwy,fist,37,-157,3,1,4,1,1,0","kelwy,leg_up,0.8,-105.4,29.3,0,4,1,1,0","kelwy,leg_low,21,-50.4,9,0,10,1,1,0","kelwy,foot,24.2,-8.6,-37.6,0,13,1,1,0","kelwy,leg_up,-23.8,-107.2,-12.3,0,12,1,1,0","kelwy,leg_low,-50.8,-52.8,-41.5,0,13,1,1,0","kelwy,foot,-84.2,-22.6,-66.5,0,15,1,1,0","kelwy,base,-119,-308,-127,1,5,1,1,0","kelwy,stick,-23,-229,-134,0,5,1,1,0","kelwy,ear,-22,-372,69,0,2,1,1,0","kelwy,ear_back,25,-380,31,0,22,1,1,0","kelwy,tail,-57,-140,-28,0,8,1,1,0",,,,,,,,"ulistaz,head,19,-330,-18,0,8,1,1,0",,,"ulistaz,arm_up,-4,-305,7,0,7,1,1,0","ulistaz,arm_low,6,-270,32,0,5,1,1,0",,"ulistaz,arm_up,57,-297,45,0,18,1,1,0","ulistaz,arm_low,57,-272,-24,0,18,1,1,0",,"ulistaz,leg_up,-35,-276,8.3,0,8,1,1,0","ulistaz,leg_low,-1,-239,54,0,6,1,1,0",,"ulistaz,leg_up,-19,-299,12.7,0,17,1,1,0","ulistaz,leg_low,37,-241,43.5,0,18,1,1,0",,,,"ulistaz,ear,-31,-410,52,0,9,1,1,0","ulistaz,ear_back,19,-427,14,0,21,1,1,0","ulistaz,tail,-72,-256,0,0,11,1,1,0",,,,,,,,,,,,,,,,,,,,,,,,,,,,,,,,,,,,,,,,,,,,,,,,,,,,,,,,,,,,,,,,,,,,,,,,
Walk/6,"kelwy,head,23,-309,-15,0,5,1,1,0","kelwy,neck,5,-271,-6,0,6,1,1,0","kelwy,body,-1,-193,-10.5,0,7,1,1,0","kelwy,arm_up,-34,-233,-20,0,5,1,1,0","kelwy,arm_low,-26,-198,49,0,6,1,1,0","kelwy,fist,11,-191,58,0,4,1,1,0","kelwy,arm_up,31,-236,36,1,15,1,1,0","kelwy,arm_low,43,-200,0,1,2,1,1,0","kelwy,fist,32,-162,6,1,4,1,1,0","kelwy,leg_up,-10.2,-106.4,15.3,0,4,1,1,0","kelwy,leg_low,0,-48.4,0,0,10,1,1,0","kelwy,foot,-2.8,-7.6,-45.6,0,13,1,1,0","kelwy,leg_up,-16.8,-107.2,-2.3,0,12,1,1,0","kelwy,leg_low,-36.8,-52.8,-31.5,0,13,1,1,0","kelwy,foot,-62.2,-19.6,-66.5,0,15,1,1,0","kelwy,base,-128,-310,-126,1,5,1,1,0","kelwy,stick,-33,-233,-133,0,5,1,1,0","kelwy,ear,-39,-374,72,0,2,1,1,0","kelwy,ear_back,8,-385,34,0,22,1,1,0","kelwy,tail,-59,-142,-25,0,8,1,1,0",,,,,,,,"ulistaz,head,1,-331,-15,0,8,1,1,0",,,"ulistaz,arm_up,-19,-303,10,0,7,1,1,0","ulistaz,arm_low,-9,-271,35,0,5,1,1,0",,"ulistaz,arm_up,42,-301,48,0,18,1,1,0","ulistaz,arm_low,38,-276,-27,0,18,1,1,0",,"ulistaz,leg_up,-50,-274,11.3,0,8,1,1,0","ulistaz,leg_low,-13,-240,57,0,6,1,1,0",,"ulistaz,leg_up,-34,-297,15.7,0,17,1,1,0","ulistaz,leg_low,25,-242,46.5,0,18,1,1,0",,,,"ulistaz,ear,-52,-408,55,0,9,1,1,0","ulistaz,ear_back,-5,-428,17,0,21,1,1,0","ulistaz,tail,-85,-251,3,0,11,1,1,0",,,,,,,,,,,,,,,,,,,,,,,,,,,,,,,,,,,,,,,,,,,,,,,,,,,,,,,,,,,,,,,,,,,,,,,,
Walk/7,"kelwy,head,12,-315,-11,0,5,1,1,0","kelwy,neck,-6,-277,-2,0,6,1,1,0","kelwy,body,-4,-199,-6.5,0,7,1,1,0","kelwy,arm_up,-41,-235,-16,0,5,1,1,0","kelwy,arm_low,-29,-200,53,0,6,1,1,0","kelwy,fist,8,-197,62,0,4,1,1,0","kelwy,arm_up,24,-242,40,1,15,1,1,0","kelwy,arm_low,36,-210,4,1,2,1,1,0","kelwy,fist,29,-168,10,1,4,1,1,0","kelwy,leg_up,-18.2,-109.4,3.3,0,4,1,1,0","kelwy,leg_low,-20,-48.4,-5,0,10,1,1,0","kelwy,foot,-26.8,-7.6,-45.6,0,13,1,1,0","kelwy,leg_up,-1.8,-123.2,27.7,0,12,1,1,0","kelwy,leg_low,-3.8,-82.8,-51.5,0,13,1,1,0","kelwy,foot,-35.2,-51.6,-86.5,0,15,1,1,0","kelwy,base,-139,-305,-122,1,5,1,1,0","kelwy,stick,-40,-235,-129,0,5,1,1,0","kelwy,ear,-58,-376,76,0,2,1,1,0","kelwy,ear_back,-11,-391,38,0,22,1,1,0","kelwy,tail,-59,-144,-21,0,8,1,1,0",,,,,,,,"ulistaz,head,-14,-337,-11,0,8,1,1,0",,,"ulistaz,arm_up,-30,-305,14,0,7,1,1,0","ulistaz,arm_low,-20,-277,39,0,5,1,1,0",,"ulistaz,arm_up,31,-307,52,0,18,1,1,0","ulistaz,arm_low,27,-282,-23,0,18,1,1,0",,"ulistaz,leg_up,-61,-276,15.3,0,8,1,1,0","ulistaz,leg_low,-20,-246,61,0,6,1,1,0",,"ulistaz,leg_up,-45,-299,19.7,0,17,1,1,0","ulistaz,leg_low,18,-248,50.5,0,18,1,1,0",,,,"ulistaz,ear,-71,-410,59,0,9,1,1,0","ulistaz,ear_back,-28,-433,21,0,21,1,1,0","ulistaz,tail,-92,-249,7,0,11,1,1,0",,,,,,,,,,,,,,,,,,,,,,,,,,,,,,,,,,,,,,,,,,,,,,,,,,,,,,,,,,,,,,,,,,,,,,,,
Walk/8,"kelwy,head,26,-307,-17,0,5,1,1,0","kelwy,neck,8,-269,-8,0,6,1,1,0","kelwy,body,-2,-191,-12.5,0,7,1,1,0","kelwy,arm_up,-33,-233,-22,0,5,1,1,0","kelwy,arm_low,-27,-198,47,0,6,1,1,0","kelwy,fist,10,-189,56,0,4,1,1,0","kelwy,arm_up,32,-234,34,1,15,1,1,0","kelwy,arm_low,43,-198,-2,1,2,1,1,0","kelwy,fist,31,-160,4,1,4,1,1,0","kelwy,leg_up,-31.2,-106.4,-14.7,0,4,1,1,0","kelwy,leg_low,-50,-48.4,-15,0,10,1,1,0","kelwy,foot,-62.8,-7.6,-45.6,0,13,1,1,0","kelwy,leg_up,4.2,-125.2,37.7,0,12,1,1,0","kelwy,leg_low,19.2,-80.8,-21.5,0,13,1,1,0","kelwy,foot,3.8,-39.6,-36.5,0,15,1,1,0","kelwy,base,-125,-312,-128,1,5,1,1,0","kelwy,stick,-32,-233,-135,0,5,1,1,0","kelwy,ear,-32,-374,70,0,2,1,1,0","kelwy,ear_back,15,-383,32,0,22,1,1,0","kelwy,tail,-60,-142,-27,0,8,1,1,0",,,,,,,,"ulistaz,head,6,-329,-17,0,8,1,1,0",,,"ulistaz,arm_up,-16,-303,8,0,7,1,1,0","ulistaz,arm_low,-6,-269,33,0,5,1,1,0",,"ulistaz,arm_up,45,-299,46,0,18,1,1,0","ulistaz,arm_low,41,-274,-29,0,18,1,1,0",,"ulistaz,leg_up,-47,-274,9.3,0,8,1,1,0","ulistaz,leg_low,-12,-239,55,0,6,1,1,0",,"ulistaz,leg_up,-31,-297,13.7,0,17,1,1,0","ulistaz,leg_low,26,-240,44.5,0,18,1,1,0",,,,"ulistaz,ear,-45,-408,53,0,9,1,1,0","ulistaz,ear_back,2,-426,15,0,21,1,1,0","ulistaz,tail,-84,-253,1,0,11,1,1,0",,,,,,,,,,,,,,,,,,,,,,,,,,,,,,,,,,,,,,,,,,,,,,,,,,,,,,,,,,,,,,,,,,,,,,,,
Walk/9,"kelwy,head,35,-302,-19,0,5,1,1,0","kelwy,neck,17,-264,-10,0,6,1,1,0","kelwy,body,3,-186,-14.5,0,7,1,1,0","kelwy,arm_up,-26,-230,-24,0,5,1,1,0","kelwy,arm_low,-21,-195,45,0,6,1,1,0","kelwy,fist,15,-184,54,0,4,1,1,0","kelwy,arm_up,39,-229,32,1,15,1,1,0","kelwy,arm_low,48,-193,-4,1,2,1,1,0","kelwy,fist,36,-155,2,1,4,1,1,0","kelwy,leg_up,-33.2,-105.4,-22.7,0,4,1,1,0","kelwy,leg_low,-64,-47.4,-25,0,10,1,1,0","kelwy,foot,-84.8,-7.6,-55.6,0,13,1,1,0","kelwy,leg_up,15.2,-125.2,40.7,0,12,1,1,0","kelwy,leg_low,41.2,-80.8,12.5,0,13,1,1,0","kelwy,foot,45.8,-35.6,-36.5,0,15,1,1,0","kelwy,base,-114,-311,-130,1,5,1,1,0","kelwy,stick,-25,-230,-137,0,5,1,1,0","kelwy,ear,-19,-371,68,0,2,1,1,0","kelwy,ear_back,28,-378,30,0,22,1,1,0","kelwy,tail,-55,-139,-29,0,8,1,1,0",,,,,,,,"ulistaz,head,17,-320,-20,0,8,1,1,0",,,"ulistaz,arm_up,-7,-296,5,0,7,1,1,0","ulistaz,arm_low,2,-260,30,0,5,1,1,0",,"ulistaz,arm_up,53,-289,43,0,18,1,1,0","ulistaz,arm_low,49,-264,-32,0,18,1,1,0",,"ulistaz,leg_up,-39,-267,6.3,0,8,1,1,0","ulistaz,leg_low,-7,-232,52,0,6,1,1,0",,"ulistaz,leg_up,-23,-290,10.7,0,17,1,1,0","ulistaz,leg_low,31,-230,41.5,0,18,1,1,0",,,,"ulistaz,ear,-31,-401,50,0,9,1,1,0","ulistaz,ear_back,17,-417,12,0,21,1,1,0","ulistaz,tail,-78,-249,-2,0,11,1,1,0",,,,,,,,,,,,,,,,,,,,,,,,,,,,,,,,,,,,,,,,,,,,,,,,,,,,,,,,,,,,,,,,,,,,,,,,
Walk/10,"kelwy,head,37,-292,-22,0,5,1,1,0","kelwy,neck,16,-258,-11,0,6,1,1,0","kelwy,body,3,-180,-15.5,0,7,1,1,0","kelwy,arm_up,-25,-225,-25,0,5,1,1,0","kelwy,arm_low,-20,-190,44,0,6,1,1,0","kelwy,fist,15,-178,53,0,4,1,1,0","kelwy,arm_up,40,-223,31,1,15,1,1,0","kelwy,arm_low,48,-187,-5,1,2,1,1,0","kelwy,fist,36,-149,1,1,4,1,1,0","kelwy,leg_up,-36,-105,-22.7,0,4,1,1,0","kelwy,leg_low,-69,-47,-25,0,10,1,1,0","kelwy,foot,-92,-7,-55.6,0,13,1,1,0","kelwy,leg_up,21,-112,37.7,0,12,1,1,0","kelwy,leg_low,45,-60,2.5,0,13,1,1,0","kelwy,foot,41,-15,-46.5,0,15,1,1,0","kelwy,base,-111,-307,-131,1,5,1,1,0","kelwy,stick,-24,-225,-138,0,5,1,1,0","kelwy,ear,-15,-366,67,0,2,1,1,0","kelwy,ear_back,32,-372,29,0,22,1,1,0","kelwy,tail,-57,-131,-30,0,8,1,1,0",,,,,,,,"ulistaz,head,22,-309,-23,0,8,1,1,0",,,"ulistaz,arm_up,-5,-288,3,0,7,1,1,0","ulistaz,arm_low,3,-251,20,0,5,1,1,0",,"ulistaz,arm_up,54,-279,41,0,18,1,1,0","ulistaz,arm_low,50,-251,-34,0,18,1,1,0",,"ulistaz,leg_up,-41,-255,-4.7,0,8,1,1,0","ulistaz,leg_low,-11,-216,50,0,6,1,1,0",,"ulistaz,leg_up,-22,-282,8.7,0,17,1,1,0","ulistaz,leg_low,30,-220,39.5,0,18,1,1,0",,,,"ulistaz,ear,-26,-393,48,0,9,1,1,0","ulistaz,ear_back,23,-406,10,0,21,1,1,0","ulistaz,tail,-77,-243,-4,0,11,1,1,0",,,,,,,,,,,,,,,,,,,,,,,,,,,,,,,,,,,,,,,,,,,,,,,,,,,,,,,,,,,,,,,,,,,,,,,,
Spirit/0,"kelwy,happy,48,-346,-9,0,5,1,1,0","kelwy,neck,27,-308,-18,0,6,1,1,0","kelwy,body,8,-237,-19.5,0,7,1,1,0","kelwy,arm_up,-9,-278,-41,0,5,1,1,0","kelwy,arm_low,-15,-244,31,0,6,1,1,0","kelwy,fist,21,-225,47,0,4,1,1,0","kelwy,arm_up,46,-271,28,1,15,1,1,0","kelwy,arm_low,41,-263,-121,1,2,1,1,0","kelwy,fist,13,-291,-105,1,4,1,1,0","kelwy,leg_up,-41,-158,-26.7,0,6,1,1,0","kelwy,leg_low,-75,-109,-49,0,12,1,1,0","kelwy,foot,-111,-81,-84.6,0,15,1,1,0","kelwy,leg_up,24,-167,71.7,0,14,1,1,0","kelwy,leg_low,57,-133,1.5,0,15,1,1,0","kelwy,foot,57,-90,-35.5,0,17,1,1,0",,,"kelwy,ear,-12,-415,68,0,2,1,1,0","kelwy,ear_back,34,-421,39,0,22,1,1,0","kelwy,tail,-71,-184,-27,0,8,1,1,0",,,,,,,,"ulistaz,happy,12,-384,6,0,8,1,1,0",,,"ulistaz,arm_up,4,-355,30,0,7,1,1,0","ulistaz,arm_low,27,-362,119,0,5,1,1,0",,"ulistaz,arm_up,63,-371,68,0,18,1,1,0","ulistaz,arm_low,79,-346,8,0,18,1,1,0",,"ulistaz,leg_up,-15,-313,31.3,0,8,1,1,0","ulistaz,leg_low,3,-293,97,0,6,1,1,0",,"ulistaz,leg_up,-9,-345,35.7,0,17,1,1,0","ulistaz,leg_low,71,-317,72.5,0,18,1,1,0",,,,"ulistaz,ear,-67,-445,75,0,9,1,1,0","ulistaz,ear_back,-31,-476,41,0,21,1,1,0","ulistaz,tail,-46,-288,20,0,11,1,1,0",,,,,,,,,,,,,,,,,,,,,,,,,,,,,,,,,,,,,,,,,,,,,,,,,,,,,,,,,,,,,,,,,,,,,,"effect_fade_5,hold,effect_grey",,
Attack1/0,"kelwy,head,12,-262,-24,0,5,1,1,0","kelwy,neck,-5,-227,-8,0,6,1,1,0","kelwy,body,-3,-146,-0.5,0,7,1,1,0","kelwy,arm_up,-36,-191,-39,0,5,1,1,0","kelwy,arm_low,-50,-150,-7,0,2,1,1,0","kelwy,fist,-52,-112,-48,0,0,1,1,0","kelwy,arm_up,27,-191,46,1,15,1,1.3,0","kelwy,arm_low,38,-165,-67,1,2,1,1,0","kelwy,fist,0,-159,-36,1,4,1,1,0","kelwy,leg_up,-40,-48,-22.7,0,6,1,1,0","kelwy,leg_low,-79,-12,-76,0,12,1,1,0","kelwy,foot,-120,-7,-102.6,0,15,1,1,0","kelwy,leg_up,33,-81,71.7,0,14,1,1,0","kelwy,leg_low,66,-48,0.5,0,15,1,1,0","kelwy,foot,62,-7,-46.5,0,17,1,1,0","kelwy,base,92,-203,127,0,1,1,1,0","kelwy,stick,128,-118,-180,0,2,1,1,0","kelwy,ear,-38,-335,64,0,2,1,1,0","kelwy,ear_back,19,-331,21,0,22,1,1,0","kelwy,tail,-69,-74,-16,0,8,1,1,0",,,,,,,,"ulistaz,head,-23,-286,-10,0,8,1,1,0",,,"ulistaz,arm_up,-43,-260,3,0,7,1,1,0","ulistaz,arm_low,-20,-231,48,0,5,1,1,0",,"ulistaz,arm_up,16,-258,52,0,18,1,1,0","ulistaz,arm_low,27,-236,0,0,18,1,1,0",,"ulistaz,leg_up,-64,-219,29.3,0,8,1,1,0","ulistaz,leg_low,-48,-190,76,0,4,1,1,0",,"ulistaz,leg_up,-38,-240,19.7,0,17,1,1,0","ulistaz,leg_low,21,-203,22.5,0,18,1,1,0",,,,"ulistaz,ear,-81,-369,48,0,9,1,1,0","ulistaz,ear_back,-29,-391,12,0,21,1,1,0","ulistaz,tail,-105,-201,7,0,11,1,1,0",,,,,,,,,,,,,,,,,,,,,,,,,,,,,,,,,,,,,,,,,,,,,,,,,,,,,,,,,,,,,,,,,,,,,,,,
Attack1/1,"kelwy,head,9,-262,-18,0,5,1,1,0","kelwy,neck,-8,-227,-8,0,6,1,1,0","kelwy,body,-8,-147,-1.5,0,7,1,1,0","kelwy,arm_up,-46,-198,-69,0,5,1,1,0","kelwy,arm_low,-76,-157,-16,0,0,1,1.2,0","kelwy,fist,-68,-113,-8,0,0,1,1,0","kelwy,arm_up,19,-177,28,1,15,1,1.3,0","kelwy,arm_low,45,-167,143,1,2,1,1,0","kelwy,fist,73,-189,174,1,4,1,1,0","kelwy,leg_up,-38,-50,-22.7,0,6,1,1,0","kelwy,leg_low,-79,-12,-76,0,12,1,1,0","kelwy,foot,-120,-7,-102.6,0,15,1,1,0","kelwy,leg_up,33,-83,65.7,0,14,1,1,0","kelwy,leg_low,66,-48,0.5,0,15,1,1,0","kelwy,foot,62,-7,-46.5,0,17,1,1,0","kelwy,base,94,-216,121,0,1,1,1,0","kelwy,stick_place,128,-118,-180,0,1,1,1,0","kelwy,ear,-47,-332,69,0,2,1,1,0","kelwy,ear_back,10,-328,26,0,22,1,1,0","kelwy,tail,-69,-74,-16,0,8,1,1,0",,,,,,,,"ulistaz,head,-28,-290,-7,0,8,1,1,0",,,"ulistaz,arm_up,-45,-264,6,0,7,1,1,0","ulistaz,arm_low,-22,-236,51,0,5,1,1,0",,"ulistaz,arm_up,14,-265,55,0,18,1,1,0","ulistaz,arm_low,25,-243,3,0,18,1,1,0",,"ulistaz,leg_up,-65,-223,32.3,0,8,1,1,0","ulistaz,leg_low,-51,-203,80,0,4,1,1,0",,"ulistaz,leg_up,-40,-244,22.7,0,17,1,1,0","ulistaz,leg_low,22,-210,25.5,0,18,1,1,0",,,"kelwy,stick,128,-120,-180,0,8,1,1,0","ulistaz,ear,-93,-367,59,0,9,1,1,0","ulistaz,ear_back,-43,-392,23,0,21,1,1,0","ulistaz,tail,-104,-202,10,0,11,1,1,0",,,,,,,,,,,,,,,,,,,,,,,,,,,,,,,,,,,,,,,,,,,,,,,,,,,,,,,,,,,,,,,,,,,,,,,,
Attack1/2,"kelwy,head,6,-262,-14,0,5,1,1,0","kelwy,neck,-12,-227,-6,0,6,1,1,0","kelwy,body,-8,-148,0.5,0,7,1,1,0","kelwy,arm_up,-53,-196,-59,0,5,1,1,0","kelwy,arm_low,-51,-174,53,0,0,1,1.2,0","kelwy,fist,-21,-156,41,0,0,1,1,0","kelwy,arm_up,29,-191,68,1,15,1,1.3,0","kelwy,arm_low,66,-187,143,1,2,1,1,0","kelwy,fist,95,-211,174,1,4,1,1,0","kelwy,leg_up,-38,-50,-22.7,0,6,1,1,0","kelwy,leg_low,-79,-12,-76,0,12,1,1,0","kelwy,foot,-120,-7,-102.6,0,15,1,1,0","kelwy,leg_up,33,-83,65.7,0,14,1,1,0","kelwy,leg_low,66,-48,0.5,0,15,1,1,0","kelwy,foot,62,-7,-46.5,0,17,1,1,0","kelwy,base,158,-247,110,0,1,1,1,0","kelwy,stick_place,128,-118,-180,0,1,1,1,0","kelwy,ear,-56,-327,76,0,2,1,1,0","kelwy,ear_back,1,-323,33,0,22,1,1,0","kelwy,tail,-69,-74,-16,0,8,1,1,0",,,,,,,,"ulistaz,head,-23,-297,-13,0,8,1,1,0",,,"ulistaz,arm_up,-44,-271,2,0,7,1,1,0","ulistaz,arm_low,-21,-243,47,0,5,1,1,0",,"ulistaz,arm_up,15,-268,51,0,18,1,1,0","ulistaz,arm_low,26,-246,-1,0,18,1,1,0",,"ulistaz,leg_up,-64,-230,28.3,0,8,1,1,0","ulistaz,leg_low,-54,-210,76,0,4,1,1,0",,"ulistaz,leg_up,-39,-251,18.7,0,17,1,1,0","ulistaz,leg_low,19,-213,21.5,0,18,1,1,0",,,"kelwy,stick,128,-120,-180,0,8,1,1,0","ulistaz,ear,-84,-378,55,0,9,1,1,0","ulistaz,ear_back,-30,-399,19,0,21,1,1,0","ulistaz,tail,-104,-220,6,0,11,1,1,0",,,,,,,,,,,,,,,,,,,,,,,,,,,,,,,,,,,,,,,,,,,,,,,,,,,,,,,,,,,,,,,,,,,,,,,,
Attack1/3,"kelwy,head,6,-262,-19,0,5,1,1,0","kelwy,neck,-12,-227,-6,0,6,1,1,0","kelwy,body,-8,-148,-1.5,0,7,1,1,0","kelwy,arm_up,-61,-219,-88,0,5,1,1,0","kelwy,arm_low,-62,-207,65,0,0,1,1.3,0","kelwy,fist,-13,-204,124,1,0,1,1,0","kelwy,arm_up,39,-194,88,1,15,1,1.3,0","kelwy,arm_low,92,-191,103,1,2,1,1,0","kelwy,fist,129,-191,134,1,4,1,1,0","kelwy,leg_up,-40,-50,-26.7,0,6,1,1,0","kelwy,leg_low,-84,-11,-76,0,12,1,1,0","kelwy,foot,-127,-7,-102.6,0,15,1,1,0","kelwy,leg_up,35,-81,68.7,0,14,1,1,0","kelwy,leg_low,68,-48,-3.5,0,15,1,1,0","kelwy,foot,62,-7,-50.5,0,17,1,1,0","kelwy,base,181,-233,93,0,1,1,1,0","kelwy,stick_place,128,-118,-180,0,1,1,1,0","kelwy,ear,-55,-327,73,0,2,1,1,0","kelwy,ear_back,1,-326,29,0,22,1,1,0","kelwy,tail,-69,-78,-19,0,8,1,1,0",,,,,,,,"ulistaz,head,-23,-297,-13,0,8,1,1,0",,,"ulistaz,arm_up,-44,-271,2,0,7,1,1,0","ulistaz,arm_low,-21,-245,50,0,5,1,1,0",,"ulistaz,arm_up,15,-268,51,0,18,1,1,0","ulistaz,arm_low,26,-246,-1,0,18,1,1,0",,"ulistaz,leg_up,-64,-230,28.3,0,8,1,1,0","ulistaz,leg_low,-54,-210,76,0,4,1,1,0",,"ulistaz,leg_up,-39,-251,18.7,0,17,1,1,0","ulistaz,leg_low,19,-213,21.5,0,18,1,1,0",,,"kelwy,stick,128,-120,-180,0,8,1,1,0","ulistaz,ear,-84,-378,55,0,9,1,1,0","ulistaz,ear_back,-30,-399,19,0,21,1,1,0","ulistaz,tail,-104,-220,6,0,11,1,1,0",,,,,,,,,,,,,,,,,,,,,,,,,,,,,,,,,,,,,,,,,,,,,,,,,,,,,,,,,,,,,,,,,,,,,,,,
Attack1/4,"kelwy,head,6,-261,-21,0,5,1,1,0","kelwy,neck,-12,-227,-6,0,6,1,1,0","kelwy,body,-8,-148,-1.5,0,7,1,1,0","kelwy,arm_up,-63,-218,-80,0,5,1,1,0","kelwy,arm_low,-61,-209,77,0,0,1,1.3,0","kelwy,fist,-12,-211,123,1,0,1,1,0","kelwy,arm_up,39,-194,85,1,15,1,1.3,0","kelwy,arm_low,92,-190,99,1,2,1,1,0","kelwy,fist,129,-192,139,1,4,1,1,0","kelwy,leg_up,-40,-50,-26.7,0,6,1,1,0","kelwy,leg_low,-84,-11,-76,0,12,1,1,0","kelwy,foot,-127,-7,-102.6,0,15,1,1,0","kelwy,leg_up,35,-81,68.7,0,14,1,1,0","kelwy,leg_low,68,-48,-3.5,0,15,1,1,0","kelwy,foot,62,-7,-50.5,0,17,1,1,0","kelwy,base,184,-231,91,0,1,1,1,0","kelwy,stick_place,127,-118,-179,0,1,1,1,0","kelwy,ear,-53,-328,72,0,2,1,1,0","kelwy,ear_back,3,-326,28,0,22,1,1,0","kelwy,tail,-69,-78,-19,0,8,1,1,0",,,,,,,,"ulistaz,head,-17,-302,-22,0,8,1,1,0",,,"ulistaz,arm_up,-47,-275,-7,0,7,1,1,0","ulistaz,arm_low,-36,-247,41,0,5,1,1,0",,"ulistaz,arm_up,12,-263,42,0,18,1,1,0","ulistaz,arm_low,23,-241,-10,0,18,1,1,0",,"ulistaz,leg_up,-68,-246,9.3,0,8,1,1,0","ulistaz,leg_low,-56,-224,57,0,4,1,1,0",,"ulistaz,leg_up,-42,-255,9.7,0,17,1,1,0","ulistaz,leg_low,7,-208,12.5,0,18,1,1,0",,,"kelwy,stick,127,-118,-179,0,8,1,1,0","ulistaz,ear,-69,-390,46,0,9,1,1,0","ulistaz,ear_back,-8,-402,10,0,21,1,1,0","ulistaz,tail,-108,-233,-3,0,11,1,1,0",,,,,,,,,,,,,,,,,,,,,,,,,,,,,,,,,,,,,,,,,,,,,,,,,,,,,,,,,,,,,,,,,,,,,,,,
Attack1/5,"kelwy,head,6,-261,-23,0,5,1,1,0","kelwy,neck,-12,-227,-6,0,6,1,1,0","kelwy,body,-8,-148,-1.5,0,7,1,1,0","kelwy,arm_up,-63,-222,-87,0,5,1,1,0","kelwy,arm_low,-61,-213,77,0,0,1,1.3,0","kelwy,fist,-12,-211,115,1,0,1,1,0","kelwy,arm_up,39,-192,82,1,15,1,1.3,0","kelwy,arm_low,92,-187,104,1,2,1,1,0","kelwy,fist,129,-192,143,1,4,1,1,0","kelwy,leg_up,-41,-50,-26.7,0,6,1,1,0","kelwy,leg_low,-85,-11,-80,0,12,1,1,0","kelwy,foot,-127,-8,-102.6,0,15,1,1,0","kelwy,leg_up,35,-81,68.7,0,14,1,1,0","kelwy,leg_low,68,-48,-3.5,0,15,1,1,0","kelwy,foot,62,-7,-50.5,0,17,1,1,0","kelwy,base,184,-230,90,0,1,1,1,0","kelwy,stick_place,127,-118,-179,0,1,1,1,0","kelwy,ear,-51,-331,69,0,2,1,1,0","kelwy,ear_back,5,-326,26,0,22,1,1,0","kelwy,tail,-69,-79,-21,0,8,1,1,0",,,,,,,,"ulistaz,head,-13,-302,-25,0,8,1,1,0",,,"ulistaz,arm_up,-45,-275,-10,0,7,1,1,0","ulistaz,arm_low,-35,-247,38,0,5,1,1,0",,"ulistaz,arm_up,13,-260,39,0,18,1,1,0","ulistaz,arm_low,24,-238,-13,0,18,1,1,0",,"ulistaz,leg_up,-67,-246,6.3,0,8,1,1,0","ulistaz,leg_low,-55,-224,54,0,4,1,1,0",,"ulistaz,leg_up,-41,-255,6.7,0,17,1,1,0","ulistaz,leg_low,5,-205,9.5,0,18,1,1,0",,,"kelwy,stick,127,-118,-179,0,8,1,1,0","ulistaz,ear,-60,-390,43,0,9,1,1,0","ulistaz,ear_back,2,-399,7,0,21,1,1,0","ulistaz,tail,-107,-236,-6,0,11,1,1,0",,,,,,,,,,,,,,,,,,,,,,,,,,,,,,,,,,,,,,,,,,,,,,,,,,,,,,,,,,,,,,,,,,,,,,play_time_mod_3,,
Attack1/6,"kelwy,head,6,-261,-23,0,5,1,1,0","kelwy,neck,-12,-227,-6,0,6,1,1,0","kelwy,body,-8,-148,-1.5,0,7,1,1,0","kelwy,arm_up,-63,-222,-87,0,5,1,1,0","kelwy,arm_low,-61,-213,77,0,0,1,1.3,0","kelwy,fist,-12,-211,115,1,0,1,1,0","kelwy,arm_up,39,-192,82,1,15,1,1.3,0","kelwy,arm_low,92,-187,104,1,2,1,1,0","kelwy,fist,129,-192,143,1,4,1,1,0","kelwy,leg_up,-41,-50,-26.7,0,6,1,1,0","kelwy,leg_low,-85,-11,-80,0,12,1,1,0","kelwy,foot,-127,-8,-102.6,0,15,1,1,0","kelwy,leg_up,35,-81,68.7,0,14,1,1,0","kelwy,leg_low,68,-48,-3.5,0,15,1,1,0","kelwy,foot,62,-7,-50.5,0,17,1,1,0","kelwy,draw,184,-230,90,0,1,1,1,0","kelwy,stick_place,127,-118,-179,0,1,1,1,0","kelwy,ear,-51,-331,69,0,2,1,1,0","kelwy,ear_back,5,-326,26,0,22,1,1,0","kelwy,tail,-69,-79,-21,0,8,1,1,0",,,,,,,,"ulistaz,head,-13,-302,-26,0,8,1,1,0",,,"ulistaz,arm_up,-45,-275,-11,0,7,1,1,0","ulistaz,arm_low,-36,-247,38,0,5,1,1,0",,"ulistaz,arm_up,12,-259,38,0,18,1,1,0","ulistaz,arm_low,23,-237,-14,0,18,1,1,0",,"ulistaz,leg_up,-68,-246,5.3,0,8,1,1,0","ulistaz,leg_low,-56,-224,53,0,4,1,1,0",,"ulistaz,leg_up,-42,-255,5.7,0,17,1,1,0","ulistaz,leg_low,3,-204,8.5,0,18,1,1,0",,,"kelwy,stick,127,-118,-179,0,8,1,1,0","ulistaz,ear,-58,-390,42,0,9,1,1,0","ulistaz,ear_back,4,-398,6,0,21,1,1,0","ulistaz,tail,-108,-237,-7,0,11,1,1,0",,,,,,,,,,,,,,,,,,,,,,,,,,,,,,,,,,,,,,,,,,,,,,,,,,,,,,,,,,,,,,,,,,,,,,,,
Attack1/7,"kelwy,happy,4,-261,-23,0,5,1,1,0","kelwy,neck,-12,-227,-6,0,6,1,1,0","kelwy,body,-9,-148,0.5,0,7,1,1,0","kelwy,arm_up,-63,-222,-87,0,5,1,1,0","kelwy,arm_low,-63,-213,77,0,0,1,1.3,0","kelwy,fist,-17,-209,104,1,0,1,1,0","kelwy,arm_up,37,-192,80,1,15,1,1.3,0","kelwy,arm_low,91,-187,104,1,2,1,1,0","kelwy,fist,128,-192,143,1,4,1,1,0","kelwy,leg_up,-41,-50,-26.7,0,6,1,1,0","kelwy,leg_low,-85,-11,-80,0,12,1,1,0","kelwy,foot,-127,-8,-102.6,0,15,1,1,0","kelwy,leg_up,33,-81,68.7,0,14,1,1,0","kelwy,leg_low,66,-48,0.5,0,15,1,1,0","kelwy,foot,62,-7,-50.5,0,17,1,1,0","kelwy,shoot_1,180,-230,90,0,1,1,1,0","kelwy,stick_place,127,-118,-177,0,1,1,1,0","kelwy,ear,-54,-329,70,0,2,1,1,0","kelwy,ear_back,5,-326,26,0,22,1,1,0","kelwy,tail,-70,-79,-20,0,8,1,1,0",,,,,,,,"ulistaz,happy,-19,-304,-23,0,8,1,1,0",,,"ulistaz,arm_up,-51,-275,-8,0,7,1,1,0","ulistaz,arm_low,-40,-247,41,0,5,1,1,0",,"ulistaz,arm_up,9,-262,41,0,18,1,1,0","ulistaz,arm_low,20,-240,-11,0,18,1,1,0",,"ulistaz,leg_up,-71,-246,8.3,0,8,1,1,0","ulistaz,leg_low,-59,-224,56,0,4,1,1,0",,"ulistaz,leg_up,-45,-255,8.7,0,17,1,1,0","ulistaz,leg_low,3,-207,11.5,0,18,1,1,0",,,"kelwy,stick,127,-118,-177,0,8,1,1,0","ulistaz,ear,-70,-390,45,0,9,1,1,0","ulistaz,ear_back,-8,-401,9,0,21,1,1,0","ulistaz,tail,-111,-234,-4,0,11,1,1,0",,,,,,,,,,,,,,,,,,,,,,,,,,,,,,,,,,,,,,,,,,,,,,,,,,,,,,,,,,,,,,,,,,,,,,play_time_mod_0.4,,"musket_shot,8000,0"
Attack1/8,"kelwy,happy,0,-261,-25,0,5,1,1,0","kelwy,neck,-12,-227,-6,0,6,1,1,0","kelwy,body,-12,-148,3.5,0,7,1,1,0","kelwy,arm_up,-63,-222,-87,0,5,1,1,0","kelwy,arm_low,-64,-213,77,0,0,1,1.3,0","kelwy,fist,-18,-209,104,1,0,1,1,0","kelwy,arm_up,35,-192,80,1,15,1,1.3,0","kelwy,arm_low,88,-186,104,1,2,1,1,0","kelwy,fist,124,-192,143,1,4,1,1,0","kelwy,leg_up,-43,-50,-26.7,0,6,1,1,0","kelwy,leg_low,-87,-11,-80,0,12,1,1,0","kelwy,foot,-128,-8,-102.6,0,15,1,1,0","kelwy,leg_up,31,-81,68.7,0,14,1,1,0","kelwy,leg_low,64,-48,2.5,0,15,1,1,0","kelwy,foot,62,-7,-50.5,0,17,1,1,0","kelwy,shoot_2,178,-230,91,0,1,1,1,0","kelwy,stick_place,127,-118,-175,0,1,1,1,0","kelwy,ear,-54,-331,68,0,2,1,1,0","kelwy,ear_back,5,-324,24,0,22,1,1,0","kelwy,tail,-72,-79,-20,0,8,1,1,0",,,,,,,,"ulistaz,happy,-34,-309,-13,0,8,1,1,0",,,"ulistaz,arm_up,-61,-276,2,0,7,1,1,0","ulistaz,arm_low,-45,-250,51,0,5,1,1,0",,"ulistaz,arm_up,1,-272,51,0,18,1,1,0","ulistaz,arm_low,14,-252,-1,0,18,1,1,0",,"ulistaz,leg_up,-76,-243,18.3,0,8,1,1,0","ulistaz,leg_low,-62,-224,66,0,4,1,1,0",,"ulistaz,leg_up,-52,-257,18.7,0,17,1,1,0","ulistaz,leg_low,4,-218,21.5,0,18,1,1,0",,,"kelwy,stick,127,-121,-175,0,8,1,1,0","ulistaz,ear,-101,-386,55,0,9,1,1,0","ulistaz,ear_back,-40,-409,19,0,21,1,1,0","ulistaz,tail,-116,-225,6,0,11,1,1,0",,,,,,,,,,,,,,,,,,,,,,,,,,,,,,,,,,,,,,,,,,,,,,,,,,,,,,,,,,,,,,,,,,,,,,play_time_mod_0.2,,
Attack1/9,"kelwy,happy,-21,-263,-18,0,5,1,1,0","kelwy,neck,-26,-227,1,0,6,1,1,0","kelwy,body,-21,-148,9.5,0,7,1,1,0","kelwy,arm_up,-74,-217,-77,0,5,1,1,0","kelwy,arm_low,-73,-208,87,0,0,1,1.3,0","kelwy,fist,-27,-212,114,1,0,1,1,0","kelwy,arm_up,30,-192,76,1,15,1,1.3,0","kelwy,arm_low,81,-184,110,1,2,1,1,0","kelwy,fist,119,-194,147,1,4,1,1,0","kelwy,leg_up,-47,-49,-27.7,0,6,1,1,0","kelwy,leg_low,-90,-10,-80,0,12,1,1,0","kelwy,foot,-133,-8,-102.6,0,15,1,1,0","kelwy,leg_up,28,-81,68.7,0,14,1,1,0","kelwy,leg_low,63,-48,5.5,0,15,1,1,0","kelwy,foot,63,-7,-47.5,0,17,1,1,0","kelwy,shoot_3,171,-230,92,0,1,1,1,0","kelwy,stick_place,126,-118,-174,0,1,1,1,0","kelwy,ear,-82,-324,75,0,2,1,1,0","kelwy,ear_back,-23,-330,31,0,22,1,1,0","kelwy,tail,-74,-79,-18,0,8,1,1,0",,,,,,,,"ulistaz,happy,-46,-309,-9,0,8,1,1,0",,,"ulistaz,arm_up,-69,-276,6,0,7,1,1,0","ulistaz,arm_low,-53,-250,55,0,5,1,1,0",,"ulistaz,arm_up,-7,-276,55,0,18,1,1,0","ulistaz,arm_low,6,-256,3,0,18,1,1,0",,"ulistaz,leg_up,-84,-243,22.3,0,8,1,1,0","ulistaz,leg_low,-66,-224,70,0,4,1,1,0",,"ulistaz,leg_up,-60,-257,22.7,0,17,1,1,0","ulistaz,leg_low,0,-222,25.5,0,18,1,1,0",,,"kelwy,stick,126,-121,-174,0,8,1,1,0","ulistaz,ear,-117,-382,59,0,9,1,1,0","ulistaz,ear_back,-60,-409,23,0,21,1,1,0","ulistaz,tail,-120,-221,10,0,11,1,1,0",,,,,,,,,,,,,,,,,,,,,,,,,,,,,,,,,,,,,,,,,,,,,,,,,,,,,,,,,,,,,,,,,,,,,,play_time_mod_0.1,,
Attack1/10,"kelwy,happy,-30,-267,-13,0,5,1,1,0","kelwy,neck,-26,-227,1,0,6,1,1,0","kelwy,body,-22,-148,10.5,0,7,1,1,0","kelwy,arm_up,-82,-215,-73,0,5,1,1,0","kelwy,arm_low,-81,-206,91,0,0,1,1.3,0","kelwy,fist,-35,-210,118,1,0,1,1,0","kelwy,arm_up,27,-192,76,1,15,1,1.3,0","kelwy,arm_low,78,-184,110,1,2,1,1,0","kelwy,fist,116,-194,147,1,4,1,1,0","kelwy,leg_up,-49,-49,-27.7,0,6,1,1,0","kelwy,leg_low,-93,-10,-80,0,12,1,1,0","kelwy,foot,-134,-8,-102.6,0,15,1,1,0","kelwy,leg_up,26,-81,70.7,0,14,1,1,0","kelwy,leg_low,61,-48,8.5,0,15,1,1,0","kelwy,foot,63,-7,-47.5,0,17,1,1,0","kelwy,shoot_4,165,-230,92,0,1,1,1,0","kelwy,stick_place,120,-118,-171,0,1,1,1,0","kelwy,ear,-100,-324,82,0,2,1,1,0","kelwy,ear_back,-42,-329,36,0,22,1,1,0","kelwy,tail,-74,-79,-18,0,8,1,1,0",,,,,,,,"ulistaz,happy,-56,-309,-5,0,8,1,1,0",,,"ulistaz,arm_up,-79,-275,10,0,7,1,1,0","ulistaz,arm_low,-59,-250,59,0,5,1,1,0",,"ulistaz,arm_up,-13,-280,59,0,18,1,1,0","ulistaz,arm_low,0,-260,7,0,18,1,1,0",,"ulistaz,leg_up,-90,-243,26.3,0,8,1,1,0","ulistaz,leg_low,-68,-224,74,0,4,1,1,0",,"ulistaz,leg_up,-66,-257,26.7,0,17,1,1,0","ulistaz,leg_low,-2,-226,29.5,0,18,1,1,0",,,"kelwy,stick,120,-121,-171,0,8,1,1,0","ulistaz,ear,-131,-378,63,0,9,1,1,0","ulistaz,ear_back,-78,-409,27,0,21,1,1,0","ulistaz,tail,-122,-217,14,0,11,1,1,0",,,,,,,,,,,,,,,,,,,,,,,,,,,,,,,,,,,,,,,,,,,,,,,,,,,,,,,,,,,,,,"bullet,base,368,-239,-90,0,0,1,1,1",,,,,,,,play_time_mod_0.1,,
Attack1/11,"kelwy,happy,-35,-268,-8,0,5,1,1,0","kelwy,neck,-31,-227,1,0,6,1,1,0","kelwy,body,-23,-148,11.5,0,7,1,1,0","kelwy,arm_up,-92,-214,-71,0,5,1,1,0","kelwy,arm_low,-92,-202,93,0,0,1,1.3,0","kelwy,fist,-45,-209,120,1,0,1,1,0","kelwy,arm_up,21,-194,83,1,15,1,1.3,0","kelwy,arm_low,72,-190,112,1,2,1,1,0","kelwy,fist,110,-200,149,1,4,1,1,0","kelwy,leg_up,-48,-44,-27.7,0,6,1,1,0","kelwy,leg_low,-91,-8,-80,0,12,1,1,0","kelwy,foot,-134,-8,-105.6,0,15,1,1,0","kelwy,leg_up,24,-81,74.7,0,14,1,1,0","kelwy,leg_low,61,-50,13.5,0,15,1,1,0","kelwy,foot,66,-9,-36.5,0,17,1,1,0","kelwy,shoot_5,160,-235,94,0,1,1,1,0","kelwy,stick_place,114,-118,-168,0,1,1,1,0","kelwy,ear,-108,-319,87,0,2,1,1,0","kelwy,ear_back,-55,-329,41,0,22,1,1,0","kelwy,tail,-75,-76,-15,0,8,1,1,0",,,,,,,,"ulistaz,happy,-68,-307,-1,0,8,1,1,0",,,"ulistaz,arm_up,-87,-273,14,0,7,1,1,0","ulistaz,arm_low,-67,-248,63,0,5,1,1,0",,"ulistaz,arm_up,-22,-282,63,0,18,1,1,0","ulistaz,arm_low,-8,-262,11,0,18,1,1,0",,"ulistaz,leg_up,-98,-241,30.3,0,8,1,1,0","ulistaz,leg_low,-72,-222,78,0,4,1,1,0",,"ulistaz,leg_up,-74,-255,30.7,0,17,1,1,0","ulistaz,leg_low,-9,-228,33.5,0,18,1,1,0",,,"kelwy,stick,113,-121,-168,0,8,1,1,0","ulistaz,ear,-147,-372,67,0,9,1,1,0","ulistaz,ear_back,-98,-407,31,0,21,1,1,0","ulistaz,tail,-126,-211,18,0,11,1,1,0",,,,,,,,,,,,,,,,,,,,,,,,,,,,,,,,,,,,,,,,,,,,,,,,,,,,,,,,,,,,,,,,,,,,,,play_time_mod_0.1,,
Attack1/12,"kelwy,happy,-49,-267,-4,0,5,1,1,0","kelwy,neck,-51,-226,10,0,6,1,1,0","kelwy,body,-28,-144,14.5,0,7,1,1,0","kelwy,arm_up,-101,-202,-61,0,5,1,1,0","kelwy,arm_low,-92,-186,83,0,0,1,1.3,0","kelwy,fist,-45,-185,110,1,0,1,1,0","kelwy,arm_up,-1,-192,73,1,15,1,1.3,0","kelwy,arm_low,42,-182,112,1,2,1,1,0","kelwy,fist,80,-192,149,1,4,1,1,0","kelwy,leg_up,-50,-44,-25.7,0,6,1,1,0","kelwy,leg_low,-91,-7,-82,0,12,1,1,0","kelwy,foot,-136,-5,-106.6,0,15,1,1,0","kelwy,leg_up,20,-79,72.7,0,14,1,1,0","kelwy,leg_low,59,-49,18.5,0,15,1,1,0","kelwy,foot,66,-9,-36.5,0,17,1,1,0","kelwy,base,144,-235,100,0,1,1,1,0","kelwy,stick_place,102,-116,-162,0,1,1,1,0","kelwy,ear,-126,-310,91,0,2,1,1,0","kelwy,ear_back,-73,-324,45,0,22,1,1,0","kelwy,tail,-77,-71,-14,0,8,1,1,0",,,,,,,,"ulistaz,happy,-75,-304,3,0,8,1,1,0",,,"ulistaz,arm_up,-90,-270,18,0,7,1,1,0","ulistaz,arm_low,-70,-250,67,0,5,1,1,0",,"ulistaz,arm_up,-29,-277,57,0,18,1,1,0","ulistaz,arm_low,-21,-253,-15,0,18,1,1,0",,"ulistaz,leg_up,-101,-238,34.3,0,8,1,1,0","ulistaz,leg_low,-73,-219,82,0,4,1,1,0",,"ulistaz,leg_up,-77,-252,34.7,0,17,1,1,0","ulistaz,leg_low,-12,-229,37.5,0,18,1,1,0",,,"kelwy,stick,102,-119,-162,0,8,1,1,0","ulistaz,ear,-158,-365,71,0,9,1,1,0","ulistaz,ear_back,-113,-404,35,0,21,1,1,0","ulistaz,tail,-125,-204,22,0,11,1,1,0",,,,,,,,,,,,,,,,,,,,,,,,,,,,,,,,,,,,,,,,,,,,,,,,,,,,,,,,,,,,,,,,,,,,,,,,
Attack1/13,"kelwy,happy,-50,-266,-11,0,5,1,1,0","kelwy,neck,-58,-226,10,0,6,1,1,0","kelwy,body,-32,-144,14.5,0,7,1,1,0","kelwy,arm_up,-101,-186,-49,0,5,1,1,0","kelwy,arm_low,-92,-180,113,0,0,1,1.3,0","kelwy,fist,-55,-202,140,1,0,1,1,0","kelwy,arm_up,-8,-189,73,1,15,1,1.3,0","kelwy,arm_low,32,-179,112,1,2,1,1,0","kelwy,fist,70,-189,149,1,4,1,1,0","kelwy,leg_up,-55,-44,-28.7,0,6,1,1,0","kelwy,leg_low,-95,-7,-82,0,12,1,1,0","kelwy,foot,-139,-5,-106.6,0,15,1,1,0","kelwy,leg_up,16,-79,72.7,0,14,1,1,0","kelwy,leg_low,56,-49,21.5,0,15,1,1,0","kelwy,foot,66,-9,-36.5,0,17,1,1,0","kelwy,base,134,-235,102,0,1,1,1,0","kelwy,stick_place,96,-115,-160,0,1,1,1,0","kelwy,ear,-126,-316,89,0,2,1,1,0","kelwy,ear_back,-73,-330,41,0,22,1,1,0","kelwy,tail,-79,-72,-14,0,8,1,1,0",,,,,,,,"ulistaz,happy,-79,-304,0,0,8,1,1,0",,,"ulistaz,arm_up,-97,-268,15,0,7,1,1,0","ulistaz,arm_low,-77,-250,64,0,5,1,1,0",,"ulistaz,arm_up,-35,-274,54,0,18,1,1,0","ulistaz,arm_low,-28,-250,-18,0,18,1,1,0",,"ulistaz,leg_up,-109,-240,31.3,0,8,1,1,0","ulistaz,leg_low,-85,-215,75,0,4,1,1,0",,"ulistaz,leg_up,-84,-252,31.7,0,17,1,1,0","ulistaz,leg_low,-19,-226,34.5,0,18,1,1,0",,,"kelwy,stick,96,-118,-160,0,8,1,1,0","ulistaz,ear,-159,-368,68,0,9,1,1,0","ulistaz,ear_back,-111,-404,32,0,21,1,1,0","ulistaz,tail,-135,-207,19,0,11,1,1,0",,,,,,,,,,,,,,,,,,,,,,,,,,,,,,,,,,,,,,,,,,,,,,,,,,,,,,,,,,,,,,,,,,,,,,,,
Attack1/14,"kelwy,head,-50,-266,-15,0,5,1,1,0","kelwy,neck,-58,-226,10,0,6,1,1,0","kelwy,body,-32,-144,14.5,0,7,1,1,0","kelwy,arm_up,-101,-186,-49,0,5,1,1,0","kelwy,arm_low,-92,-180,113,0,0,1,1.3,0","kelwy,fist,-55,-202,140,1,0,1,1,0","kelwy,arm_up,-8,-189,73,1,15,1,1.3,0","kelwy,arm_low,32,-179,112,1,2,1,1,0","kelwy,fist,70,-189,149,1,4,1,1,0","kelwy,leg_up,-55,-44,-28.7,0,6,1,1,0","kelwy,leg_low,-95,-7,-82,0,12,1,1,0","kelwy,foot,-139,-5,-106.6,0,15,1,1,0","kelwy,leg_up,16,-79,72.7,0,14,1,1,0","kelwy,leg_low,56,-49,21.5,0,15,1,1,0","kelwy,foot,66,-9,-36.5,0,17,1,1,0","kelwy,base,132,-232,101,0,1,1,1,0","kelwy,stick_place,96,-115,-159,0,1,1,1,0","kelwy,ear,-126,-316,88,0,2,1,1,0","kelwy,ear_back,-73,-330,38,0,22,1,1,0","kelwy,tail,-79,-72,-14,0,8,1,1,0",,,,,,,,"ulistaz,head,-79,-304,-1,0,8,1,1,0",,,"ulistaz,arm_up,-97,-268,15,0,7,1,1,0","ulistaz,arm_low,-77,-250,64,0,5,1,1,0",,"ulistaz,arm_up,-35,-274,54,0,18,1,1,0","ulistaz,arm_low,-28,-250,-18,0,18,1,1,0",,"ulistaz,leg_up,-109,-240,31.3,0,8,1,1,0","ulistaz,leg_low,-85,-215,75,0,4,1,1,0",,"ulistaz,leg_up,-84,-252,31.7,0,17,1,1,0","ulistaz,leg_low,-19,-226,34.5,0,18,1,1,0",,,"kelwy,stick,96,-118,-159,0,8,1,1,0","ulistaz,ear,-159,-366,66,0,9,1,1,0","ulistaz,ear_back,-111,-402,30,0,21,1,1,0","ulistaz,tail,-135,-207,19,0,11,1,1,0",,,,,,,,,,,,,,,,,,,,,,,,,,,,,,,,,,,,,,,,,,,,,,,,,,,,,,,,,,,,,,,,,,,,,,,,
Attack1/15,"kelwy,head,-30,-274,-14,0,5,1,1,0","kelwy,neck,-38,-234,10,0,6,1,1,0","kelwy,body,-32,-159,4.5,0,7,1,1,0","kelwy,arm_up,-81,-186,-29,0,5,1,1,0","kelwy,arm_low,-75,-165,76,0,0,1,1.3,0","kelwy,fist,-32,-157,103,1,0,1,1,0","kelwy,arm_up,2,-190,63,1,15,1,1.3,0","kelwy,arm_low,43,-179,120,1,2,1,1,0","kelwy,fist,78,-192,158,1,4,1,1,0","kelwy,leg_up,-54,-62,-18.7,0,6,1,1,0","kelwy,leg_low,-86,-17,-61,0,12,1,1,0","kelwy,foot,-129,-2,-106.6,0,15,1,1,0","kelwy,leg_up,11,-91,62.7,0,14,1,1,0","kelwy,leg_low,46,-51,10.5,0,15,1,1,0","kelwy,foot,48,-9,-36.5,0,17,1,1,0","kelwy,base,102,-259,122,0,1,1,1,0","kelwy,stick,93,-138,-163,0,1,1,1,0","kelwy,ear,-97,-331,84,0,2,1,1,0","kelwy,ear_back,-44,-345,36,0,22,1,1,0","kelwy,tail,-79,-95,-14,0,8,1,1,0",,,,,,,,"ulistaz,head,-61,-304,-3,0,8,1,1,0",,,"ulistaz,arm_up,-82,-268,12,0,7,1,1,0","ulistaz,arm_low,-62,-250,61,0,5,1,1,0",,"ulistaz,arm_up,-20,-271,51,0,18,1,1,0","ulistaz,arm_low,-13,-247,-21,0,18,1,1,0",,"ulistaz,leg_up,-98,-239,24.3,0,8,1,1,0","ulistaz,leg_low,-77,-213,82,0,4,1,1,0",,"ulistaz,leg_up,-69,-252,28.7,0,17,1,1,0","ulistaz,leg_low,-4,-223,31.5,0,18,1,1,0",,,,"ulistaz,ear,-138,-371,65,0,9,1,1,0","ulistaz,ear_back,-87,-404,29,0,21,1,1,0","ulistaz,tail,-123,-210,16,0,11,1,1,0",,,,,,,,,,,,,,,,,,,,,,,,,,,,,,,,,,,,,,,,,,,,,,,,,,,,,,,,,,,,,,,,,,,,,,play_time_mod_1.25,,
Attack1/16,"kelwy,head,-5,-288,-14,0,5,1,1,0","kelwy,neck,-21,-253,0,0,6,1,1,0","kelwy,body,-22,-180,-5.5,0,7,1,1,0","kelwy,arm_up,-65,-217,-45,0,5,1,1,0","kelwy,arm_low,-59,-198,76,0,0,1,1.3,0","kelwy,fist,-16,-191,103,1,0,1,1,0","kelwy,arm_up,11,-190,30,1,15,1,1.3,0","kelwy,arm_low,31,-176,157,1,2,1,1,0","kelwy,fist,53,-209,180,1,4,1,1,0","kelwy,leg_up,-54,-83,-18.7,0,6,1,1,0","kelwy,leg_low,-86,-27,-41,0,12,1,1,0","kelwy,foot,-113,1,-66.6,0,15,1,1,0","kelwy,leg_up,10,-98,51.7,0,14,1,1,0","kelwy,leg_low,42,-51,6.5,0,15,1,1,0","kelwy,foot,43,-9,-39.5,0,17,1,1,0","kelwy,base,57,-302,141,0,1,1,1,0","kelwy,stick,70,-165,-158,0,1,1,1,0","kelwy,ear,-72,-346,84,0,2,1,1,0","kelwy,ear_back,-20,-360,36,0,22,1,1,0","kelwy,tail,-79,-95,-14,0,8,1,1,0",,,,,,,,"ulistaz,head,-43,-313,-7,0,8,1,1,0",,,"ulistaz,arm_up,-69,-277,28,0,7,1,1,0","ulistaz,arm_low,-42,-254,56,0,5,1,1,0",,"ulistaz,arm_up,-6,-276,47,0,18,1,1,0","ulistaz,arm_low,1,-252,-25,0,18,1,1,0",,"ulistaz,leg_up,-84,-250,20.3,0,8,1,1,0","ulistaz,leg_low,-67,-222,78,0,4,1,1,0",,"ulistaz,leg_up,-55,-261,24.7,0,17,1,1,0","ulistaz,leg_low,7,-228,27.5,0,18,1,1,0",,,,"ulistaz,ear,-116,-384,61,0,9,1,1,0","ulistaz,ear_back,-61,-413,25,0,21,1,1,0","ulistaz,tail,-113,-223,12,0,11,1,1,0",,,,,,,,,,,,,,,,,,,,,,,,,,,,,,,,,,,,,,,,,,,,,,,,,,,,,,,,,,,,,,,,,,,,,,play_time_mod_1.25,,
Attack1/17,"kelwy,head,6,-304,-15,0,5,1,1,0","kelwy,neck,-11,-269,-1,0,6,1,1,0","kelwy,body,-13,-197,-6.5,0,7,1,1,0","kelwy,arm_up,-56,-234,-46,0,5,1,1,0","kelwy,arm_low,-50,-215,75,0,0,1,1.3,0","kelwy,fist,-7,-207,42,0,0,1,1,0","kelwy,arm_up,20,-206,29,1,15,1,1.3,0","kelwy,arm_low,23,-200,-141,1,2,1,1,0","kelwy,fist,-1,-233,-121,1,4,1,1,0","kelwy,leg_up,-43,-101,-19.7,0,6,1,1,0","kelwy,leg_low,-71,-38,-21,0,12,1,1,0","kelwy,foot,-92,1,-66.6,0,15,1,1,0","kelwy,leg_up,10,-111,33.7,0,14,1,1,0","kelwy,leg_low,35,-51,10.5,0,15,1,1,0","kelwy,foot,38,-9,-39.5,0,17,1,1,0","kelwy,base,-6,-348,177,1,1,1,1,0","kelwy,stick,-4,-243,-158,0,1,1,1,0","kelwy,ear,-60,-363,83,0,2,1,1,0","kelwy,ear_back,-8,-376,35,0,22,1,1,0","kelwy,tail,-72,-124,-12,0,8,1,1,0",,,,,,,,"ulistaz,head,-25,-335,-13,0,8,1,1,0",,,"ulistaz,arm_up,-57,-299,22,0,7,1,1,0","ulistaz,arm_low,-30,-276,50,0,5,1,1,0",,"ulistaz,arm_up,6,-292,41,0,18,1,1,0","ulistaz,arm_low,13,-268,-31,0,18,1,1,0",,"ulistaz,leg_up,-72,-276,14.3,0,8,1,1,0","ulistaz,leg_low,-61,-244,72,0,4,1,1,0",,"ulistaz,leg_up,-43,-283,18.7,0,17,1,1,0","ulistaz,leg_low,14,-244,21.5,0,18,1,1,0",,,,"ulistaz,ear,-92,-412,55,0,9,1,1,0","ulistaz,ear_back,-31,-435,19,0,21,1,1,0","ulistaz,tail,-107,-251,6,0,11,1,1,0",,,,,,,,,,,,,,,,,,,,,,,,,,,,,,,,,,,,,,,,,,,,,,,,,,,,,,,,,,,,,,,,,,,,,,,,
Attack1/18,"kelwy,head,10,-314,-13,0,5,1,1,0","kelwy,neck,-7,-270,1,0,6,1,1,0","kelwy,body,-12,-200,-8.5,0,7,1,1,0","kelwy,arm_up,-55,-223,-27,0,5,1,1,0","kelwy,arm_low,-52,-202,73,0,6,1,1,0","kelwy,fist,-15,-195,42,0,0,1,1,0","kelwy,arm_up,20,-235,39,1,15,1,1.3,0","kelwy,arm_low,38,-198,-51,1,1,1,1,0","kelwy,fist,4,-183,-91,0,2,1,1,0","kelwy,leg_up,-42,-105,-14.7,0,6,1,1,0","kelwy,leg_low,-61,-38,-16,0,12,1,1,0","kelwy,foot,-78,-1,-61.6,0,15,1,1,0","kelwy,leg_up,12,-111,31.7,0,14,1,1,0","kelwy,leg_low,34,-54,9.5,0,15,1,1,0","kelwy,foot,35,-12,-39.5,0,17,1,1,0","kelwy,base,-85,-336,-152,1,3,1,1,0","kelwy,stick,-43,-233,-140,0,3,1,1,0","kelwy,ear,-59,-371,79,0,2,1,1,0","kelwy,ear_back,-5,-376,31,0,22,1,1,0","kelwy,tail,-72,-124,-12,0,8,1,1,0",,,,,,,,"ulistaz,head,-17,-347,-14,0,8,1,1,0",,,"ulistaz,arm_up,-44,-311,21,0,7,1,1,0","ulistaz,arm_low,-14,-289,44,0,5,1,1,0",,"ulistaz,arm_up,7,-301,70,0,18,1,1,0","ulistaz,arm_low,26,-283,-2,0,18,1,1,0",,"ulistaz,leg_up,-65,-290,13.3,0,8,1,1,0","ulistaz,leg_low,-55,-256,71,0,4,1,1,0",,"ulistaz,leg_up,-36,-295,17.7,0,17,1,1,0","ulistaz,leg_low,16,-259,24.5,0,18,1,1,0",,,,"ulistaz,ear,-83,-425,54,0,9,1,1,0","ulistaz,ear_back,-21,-447,18,0,21,1,1,0","ulistaz,tail,-101,-264,5,0,11,1,1,0",,,,,,,,,,,,,,,,,,,,,,,,,,,,,,,,,,,,,,,,,,,,,,,,,,,,,,,,,,,,,,,,,,,,,,play_time_mod_1.2,,
Attack1/19,"kelwy,head,15,-317,-16,0,5,1,1,0","kelwy,neck,0,-277,-6,0,6,1,1,0","kelwy,body,-5,-204,-7.5,0,7,1,1,0","kelwy,arm_up,-34,-239,-19,0,5,1,1,0","kelwy,arm_low,-28,-204,50,0,6,1,1,0","kelwy,fist,10,-196,59,0,4,1,1,0","kelwy,arm_up,28,-246,40,1,15,1,1,0","kelwy,arm_low,47,-211,11,1,2,1,1,0","kelwy,fist,40,-172,17,1,4,1,1,0","kelwy,leg_up,-36,-115,-14.7,0,6,1,1,0","kelwy,leg_low,-52,-56,-10,0,12,1,1,0","kelwy,foot,-62,-12,-42.6,0,15,1,1,0","kelwy,leg_up,20,-117,24.7,0,14,1,1,0","kelwy,leg_low,36,-59,3.5,0,15,1,1,0","kelwy,foot,36,-17,-33.5,0,17,1,1,0","kelwy,base,-130,-310,-123,1,5,1,1,0","kelwy,stick,-32,-235,-130,0,5,1,1,0","kelwy,ear,-42,-384,67,0,2,1,1,0","kelwy,ear_back,3,-389,38,0,22,1,1,0","kelwy,tail,-69,-135,-15,0,8,1,1,0",,,,,,,,"ulistaz,head,-10,-354,-13,0,8,1,1,0",,,"ulistaz,arm_up,-28,-330,7,0,7,1,1,0","ulistaz,arm_low,-14,-296,29,0,5,1,1,0",,"ulistaz,arm_up,32,-325,49,0,18,1,1,0","ulistaz,arm_low,41,-296,-3,0,18,1,1,0",,"ulistaz,leg_up,-60,-294,12.3,0,8,1,1,0","ulistaz,leg_low,-22,-265,62,0,6,1,1,0",,"ulistaz,leg_up,-44,-323,16.7,0,17,1,1,0","ulistaz,leg_low,23,-269,49.5,0,18,1,1,0",,,,"ulistaz,ear,-62,-437,55,0,9,1,1,0","ulistaz,ear_back,-19,-454,21,0,21,1,1,0","ulistaz,tail,-97,-276,4,0,11,1,1,0",,,,,,,,,,,,,,,,,,,,,,,,,,,,,,,,,,,,,,,,,,,,,,,,,,,,,,,,,,,,,,,,,,,,,,,,
Attack1Ready/0,"kelwy,head,15,-317,-16,0,5,1,1,0","kelwy,neck,0,-277,-6,0,6,1,1,0","kelwy,body,-5,-204,-7.5,0,7,1,1,0","kelwy,arm_up,-34,-239,-19,0,5,1,1,0","kelwy,arm_low,-27,-204,50,0,6,1,1,0","kelwy,fist,10,-196,59,0,4,1,1,0","kelwy,arm_up,28,-246,40,1,15,1,1,0","kelwy,arm_low,47,-211,11,1,2,1,1,0","kelwy,fist,40,-172,17,1,4,1,1,0","kelwy,leg_up,-36,-115,-14.7,0,6,1,1,0","kelwy,leg_low,-52,-56,-10,0,12,1,1,0","kelwy,foot,-62,-12,-42.6,0,15,1,1,0","kelwy,leg_up,20,-117,24.7,0,14,1,1,0","kelwy,leg_low,36,-59,3.5,0,15,1,1,0","kelwy,foot,36,-17,-33.5,0,17,1,1,0","kelwy,base,-130,-310,-123,1,5,1,1,0","kelwy,stick,-32,-235,-130,0,5,1,1,0","kelwy,ear,-42,-384,67,0,2,1,1,0","kelwy,ear_back,3,-389,38,0,22,1,1,0","kelwy,tail,-69,-135,-15,0,8,1,1,0",,,,,,,,"ulistaz,head,-10,-354,-13,0,8,1,1,0",,,"ulistaz,arm_up,-28,-330,7,0,7,1,1,0","ulistaz,arm_low,-14,-296,29,0,5,1,1,0",,"ulistaz,arm_up,32,-325,49,0,18,1,1,0","ulistaz,arm_low,41,-296,-3,0,18,1,1,0",,"ulistaz,leg_up,-60,-294,12.3,0,8,1,1,0","ulistaz,leg_low,-22,-265,62,0,6,1,1,0",,"ulistaz,leg_up,-44,-323,16.7,0,17,1,1,0","ulistaz,leg_low,23,-269,49.5,0,18,1,1,0",,,,"ulistaz,ear,-62,-437,55,0,9,1,1,0","ulistaz,ear_back,-19,-454,21,0,21,1,1,0","ulistaz,tail,-97,-276,4,0,11,1,1,0",,,,,,,,,,,,,,,,,,,,,,,,,,,,,,,,,,,,,,,,,,,,,,,,,,,,,,,,,,,,,,,,,,,,,,play_time_mod_2,,
Attack1Ready/1,"kelwy,head,27,-313,-18,0,5,1,1,0","kelwy,neck,10,-275,-8,0,6,1,1,0","kelwy,body,-1,-199,-13.5,0,7,1,1,0","kelwy,arm_up,-37,-235,-29,0,5,1,1,0","kelwy,arm_low,-36,-199,40,0,6,1,1,0","kelwy,fist,-1,-185,49,0,4,1,1,0","kelwy,arm_up,38,-245,50,1,15,1,1,0","kelwy,arm_low,63,-207,21,1,2,1,1,0","kelwy,fist,62,-167,27,1,4,1,1,0","kelwy,leg_up,-44,-115,-24.7,0,6,1,1,0","kelwy,leg_low,-76,-56,-22,0,12,1,1,0","kelwy,foot,-100,-12,-62.6,0,15,1,1,0","kelwy,leg_up,26,-114,34.7,0,14,1,1,0","kelwy,leg_low,49,-59,-1.5,0,15,1,1,0","kelwy,foot,45,-17,-33.5,0,17,1,1,0","kelwy,base,-126,-317,-133,1,5,1,1,0","kelwy,stick,9,-226,-140,0,5,1,1,0","kelwy,ear,-28,-379,71,0,2,1,1,0","kelwy,ear_back,21,-385,35,0,22,1,1,0","kelwy,tail,-69,-135,-16,0,8,1,1,0",,,,,,,,"ulistaz,head,1,-352,-15,0,8,1,1,0",,,"ulistaz,arm_up,-19,-328,5,0,7,1,1,0","ulistaz,arm_low,-5,-294,27,0,5,1,1,0",,"ulistaz,arm_up,41,-321,47,0,18,1,1,0","ulistaz,arm_low,50,-292,-5,0,18,1,1,0",,"ulistaz,leg_up,-51,-294,10.3,0,8,1,1,0","ulistaz,leg_low,-15,-263,60,0,6,1,1,0",,"ulistaz,leg_up,-35,-321,14.7,0,17,1,1,0","ulistaz,leg_low,30,-265,47.5,0,18,1,1,0",,,,"ulistaz,ear,-49,-437,53,0,9,1,1,0","ulistaz,ear_back,-4,-452,19,0,21,1,1,0","ulistaz,tail,-88,-276,2,0,11,1,1,0",,,,,,,,,,,,,,,,,,,,,,,,,,,,,,,,,,,,,,,,,,,,,,,,,,,,,,,,,,,,,,,,,,,,,,,,
Attack1Ready/2,"kelwy,head,31,-292,-21,0,5,1,1,0","kelwy,neck,10,-254,-10,0,6,1,1,0","kelwy,body,-3,-180,-13.5,0,7,1,1,0","kelwy,arm_up,-32,-228,-39,0,5,1,1,0","kelwy,arm_low,-38,-192,30,0,6,1,1,0","kelwy,fist,-6,-172,39,0,4,1,1,0","kelwy,arm_up,47,-221,50,1,15,1,1,0","kelwy,arm_low,83,-187,61,1,2,1,1,0","kelwy,fist,114,-170,97,1,4,1,1,0","kelwy,leg_up,-43,-91,-22.7,0,6,1,1,0","kelwy,leg_low,-79,-40,-50,0,12,1,1,0","kelwy,foot,-110,-13,-82.6,0,15,1,1,0","kelwy,leg_up,31,-104,48.7,0,14,1,1,0","kelwy,leg_low,58,-59,-5.5,0,15,1,1,0","kelwy,foot,45,-17,-53.5,0,17,1,1,0","kelwy,base,-79,-328,-153,1,5,1,1,0","kelwy,stick,108,-226,-169,0,2,1,1,0","kelwy,ear,-22,-358,69,0,2,1,1,0","kelwy,ear_back,27,-364,33,0,22,1,1,0","kelwy,tail,-69,-123,-16,0,8,1,1,0",,,,,,,,"ulistaz,head,11,-336,-18,0,8,1,1,0",,,"ulistaz,arm_up,-10,-324,-8,0,7,1,1,0","ulistaz,arm_low,2,-278,24,0,5,1,1,0",,"ulistaz,arm_up,48,-302,44,0,18,1,1,0","ulistaz,arm_low,57,-273,-8,0,18,1,1,0",,"ulistaz,leg_up,-44,-281,7.3,0,8,1,1,0","ulistaz,leg_low,-11,-247,57,0,6,1,1,0",,"ulistaz,leg_up,-28,-305,11.7,0,17,1,1,0","ulistaz,leg_low,34,-246,44.5,0,18,1,1,0",,,,"ulistaz,ear,-36,-422,50,0,9,1,1,0","ulistaz,ear_back,12,-436,16,0,21,1,1,0","ulistaz,tail,-81,-263,-1,0,11,1,1,0",,,,,,,,,,,,,,,,,,,,,,,,,,,,,,,,,,,,,,,,,,,,,,,,,,,,,,,,,,,,,,,,,,,,,,,,
Attack1Ready/3,"kelwy,head,41,-265,-25,0,5,1,1,0","kelwy,neck,16,-227,-14,0,6,1,1,0","kelwy,body,0,-163,-15.5,0,7,1,1,0","kelwy,arm_up,-20,-212,-49,0,5,1,1,0","kelwy,arm_low,-32,-177,20,0,6,1,1,0","kelwy,fist,-4,-152,29,0,4,1,1,0","kelwy,arm_up,44,-181,50,1,15,1,1.2,0","kelwy,arm_low,85,-146,65,1,2,1,1,0","kelwy,fist,117,-130,109,1,4,1,1,0","kelwy,leg_up,-43,-74,-22.7,0,6,1,1,0","kelwy,leg_low,-79,-28,-60,0,12,1,1,0","kelwy,foot,-120,-10,-95.6,0,15,1,1,0","kelwy,leg_up,34,-97,57.7,0,14,1,1,0","kelwy,leg_low,62,-54,-1.5,0,15,1,1,0","kelwy,foot,59,-12,-43.5,0,17,1,1,0","kelwy,base,-29,-278,-166,0,5,1,1,0","kelwy,stick,128,-141,-180,0,2,1,1,0","kelwy,ear,-10,-336,65,0,2,1,1,0","kelwy,ear_back,41,-337,29,0,22,1,1,0","kelwy,tail,-69,-113,-16,0,8,1,1,0",,,,,,,,"ulistaz,head,28,-322,-29,0,8,1,1,0",,,"ulistaz,arm_up,1,-302,-16,0,7,1,1,0","ulistaz,arm_low,11,-265,25,0,5,1,1,0",,"ulistaz,arm_up,57,-282,33,0,18,1,1,0","ulistaz,arm_low,61,-252,-19,0,18,1,1,0",,"ulistaz,leg_up,-34,-279,5.3,0,8,1,1,0","ulistaz,leg_low,-27,-244,51,0,6,1,1,0",,"ulistaz,leg_up,-16,-299,0.7,0,17,1,1,0","ulistaz,leg_low,33,-229,33.5,0,18,1,1,0",,,,"ulistaz,ear,-2,-416,39,0,9,1,1,0","ulistaz,ear_back,48,-420,5,0,21,1,1,0","ulistaz,tail,-76,-268,-12,0,11,1,1,0",,,,,,,,,,,,,,,,,,,,,,,,,,,,,,,,,,,,,,,,,,,,,,,,,,,,,,,,,,,,,,,,,,,,,,,,
Attack1Ready/4,"kelwy,head,43,-248,-27,0,5,1,1,0","kelwy,neck,16,-210,-16,0,6,1,1,0","kelwy,body,0,-145,-15.5,0,7,1,1,0","kelwy,arm_up,-20,-197,-56,0,5,1,1,0","kelwy,arm_low,-38,-164,10,0,2,1,1,0","kelwy,fist,-14,-135,19,0,0,1,1,0","kelwy,arm_up,44,-165,40,1,15,1,1.2,0","kelwy,arm_low,76,-121,45,1,2,1,1,0","kelwy,fist,100,-95,89,1,4,1,1,0","kelwy,leg_up,-43,-51,-22.7,0,6,1,1,0","kelwy,leg_low,-79,-12,-74,0,12,1,1,0","kelwy,foot,-120,-7,-102.6,0,15,1,1,0","kelwy,leg_up,35,-86,64.7,0,14,1,1,0","kelwy,leg_low,66,-48,0.5,0,15,1,1,0","kelwy,foot,62,-7,-46.5,0,17,1,1,0","kelwy,base,-2,-252,178,0,1,1,1,0","kelwy,stick,128,-126,-180,0,2,1,1,0","kelwy,ear,-2,-323,62,0,2,1,1,0","kelwy,ear_back,49,-320,27,0,22,1,1,0","kelwy,tail,-69,-88,-26,0,8,1,1,0",,,,,,,,"ulistaz,head,35,-300,-33,0,8,1,1,0",,,"ulistaz,arm_up,8,-284,-20,0,7,1,1,0","ulistaz,arm_low,13,-246,21,0,5,1,1,0",,"ulistaz,arm_up,60,-260,29,0,18,1,1,0","ulistaz,arm_low,61,-234,-23,0,18,1,1,0",,"ulistaz,leg_up,-31,-261,1.3,0,8,1,1,0","ulistaz,leg_low,-30,-220,34,0,6,1,1,0",,"ulistaz,leg_up,-9,-281,-3.3,0,17,1,1,0","ulistaz,leg_low,42,-207,-0.5,0,18,1,1,0",,,,"ulistaz,ear,13,-398,25,0,9,1,1,0","ulistaz,ear_back,71,-398,-11,0,21,1,1,0","ulistaz,tail,-73,-254,-16,0,11,1,1,0",,,,,,,,,,,,,,,,,,,,,,,,,,,,,,,,,,,,,,,,,,,,,,,,,,,,,,,,,,,,,,,,,,,,,,play_time_mod_1.2,,
Attack1Ready/5,"kelwy,head,46,-247,-20,0,5,1,1,0","kelwy,neck,23,-210,-16,0,6,1,1,0","kelwy,body,-4,-145,-8.5,0,7,1,1,0","kelwy,arm_up,-19,-195,-64,0,5,1,1,0","kelwy,arm_low,-38,-171,-1,0,2,1,1,0","kelwy,fist,-21,-135,-11,0,0,1,1,0","kelwy,arm_up,34,-175,50,1,15,1,1.2,0","kelwy,arm_low,74,-148,85,1,2,1,1,0","kelwy,fist,110,-144,129,1,4,1,1,0","kelwy,leg_up,-43,-51,-22.7,0,6,1,1,0","kelwy,leg_low,-79,-12,-74,0,12,1,1,0","kelwy,foot,-120,-7,-102.6,0,15,1,1,0","kelwy,leg_up,35,-86,64.7,0,14,1,1,0","kelwy,leg_low,66,-48,0.5,0,15,1,1,0","kelwy,foot,62,-7,-46.5,0,17,1,1,0","kelwy,base,34,-241,156,0,1,1,1,0","kelwy,stick,128,-118,-180,0,2,1,1,0","kelwy,ear,8,-327,56,0,2,1,1,0","kelwy,ear_back,59,-324,21,0,22,1,1,0","kelwy,tail,-66,-81,-17,0,8,1,1,0",,,,,,,,"ulistaz,head,25,-293,-25,0,8,1,1,0",,,"ulistaz,arm_up,1,-275,-12,0,7,1,1,0","ulistaz,arm_low,16,-241,37,0,5,1,1,0",,"ulistaz,arm_up,54,-258,37,0,18,1,1,0","ulistaz,arm_low,60,-233,-15,0,18,1,1,0",,"ulistaz,leg_up,-35,-245,9.3,0,8,1,1,0","ulistaz,leg_low,-25,-216,72,0,4,1,1,0",,"ulistaz,leg_up,-17,-269,4.7,0,17,1,1,0","ulistaz,leg_low,44,-203,7.5,0,18,1,1,0",,,,"ulistaz,ear,-10,-388,33,0,9,1,1,0","ulistaz,ear_back,47,-396,-3,0,21,1,1,0","ulistaz,tail,-75,-233,-8,0,11,1,1,0",,,,,,,,,,,,,,,,,,,,,,,,,,,,,,,,,,,,,,,,,,,,,,,,,,,,,,,,,,,,,,,,,,,,,,play_time_mod_1.5,,
Attack1Ready/6,"kelwy,head,48,-245,-22,0,5,1,1,0","kelwy,neck,23,-210,-16,0,6,1,1,0","kelwy,body,-4,-143,-8.5,0,7,1,1,0","kelwy,arm_up,-18,-195,-67,0,5,1,1,0","kelwy,arm_low,-40,-171,-4,0,2,1,1,0","kelwy,fist,-26,-135,-14,0,0,1,1,0","kelwy,arm_up,34,-175,50,1,15,1,1.2,0","kelwy,arm_low,44,-148,-35,1,2,1,1,0","kelwy,fist,11,-134,-46,1,4,1,1,0","kelwy,leg_up,-43,-50,-26.7,0,6,1,1,0","kelwy,leg_low,-81,-11,-78,0,12,1,1,0","kelwy,foot,-120,-7,-102.6,0,15,1,1,0","kelwy,leg_up,36,-79,67.7,0,14,1,1,0","kelwy,leg_low,68,-47,-1.5,0,15,1,1,0","kelwy,foot,62,-7,-46.5,0,17,1,1,0","kelwy,base,44,-208,140,0,1,1,1,0","kelwy,stick,128,-118,-180,0,2,1,1,0","kelwy,ear,12,-324,54,0,2,1,1,0","kelwy,ear_back,63,-321,19,0,22,1,1,0","kelwy,tail,-69,-88,-26,0,8,1,1,0",,,,,,,,"ulistaz,head,24,-288,-26,0,8,1,1,0",,,"ulistaz,arm_up,0,-271,-13,0,7,1,1,0","ulistaz,arm_low,14,-237,36,0,5,1,1,0",,"ulistaz,arm_up,52,-253,36,0,18,1,1,0","ulistaz,arm_low,58,-228,-16,0,18,1,1,0",,"ulistaz,leg_up,-37,-241,8.3,0,8,1,1,0","ulistaz,leg_low,-27,-212,71,0,4,1,1,0",,"ulistaz,leg_up,-19,-265,3.7,0,17,1,1,0","ulistaz,leg_low,41,-198,6.5,0,18,1,1,0",,,,"ulistaz,ear,-9,-384,32,0,9,1,1,0","ulistaz,ear_back,48,-391,-4,0,21,1,1,0","ulistaz,tail,-77,-230,-9,0,11,1,1,0",,,,,,,,,,,,,,,,,,,,,,,,,,,,,,,,,,,,,,,,,,,,,,,,,,,,,,,,,,,,,,,,,,,,,,play_time_mod_1.5,,
Attack1Ready/7,"kelwy,head,48,-243,-23,0,5,1,1,0","kelwy,neck,22,-208,-17,0,6,1,1,0","kelwy,body,-6,-142,-9.5,0,7,1,1,0","kelwy,arm_up,-19,-194,-68,0,5,1,1,0","kelwy,arm_low,-41,-171,-5,0,2,1,1,0","kelwy,fist,-28,-134,-15,0,0,1,1,0","kelwy,arm_up,33,-173,49,1,15,1,1.2,0","kelwy,arm_low,43,-150,-58,1,2,1,1,0","kelwy,fist,8,-149,-69,1,4,1,1,0","kelwy,leg_up,-43,-50,-26.7,0,6,1,1,0","kelwy,leg_low,-81,-11,-78,0,12,1,1,0","kelwy,foot,-120,-7,-102.6,0,15,1,1,0","kelwy,leg_up,36,-79,67.7,0,14,1,1,0","kelwy,leg_low,68,-47,-1.5,0,15,1,1,0","kelwy,foot,62,-7,-46.5,0,17,1,1,0","kelwy,base,43,-206,139,0,1,1,1,0","kelwy,stick,128,-118,-180,0,2,1,1,0","kelwy,ear,13,-323,53,0,2,1,1,0","kelwy,ear_back,64,-319,18,0,22,1,1,0","kelwy,tail,-72,-88,-27,0,8,1,1,0",,,,,,,,"ulistaz,head,25,-286,-27,0,8,1,1,0",,,"ulistaz,arm_up,1,-270,-14,0,7,1,1,0","ulistaz,arm_low,14,-236,35,0,5,1,1,0",,"ulistaz,arm_up,52,-251,35,0,18,1,1,0","ulistaz,arm_low,58,-226,-17,0,18,1,1,0",,"ulistaz,leg_up,-37,-241,7.3,0,8,1,1,0","ulistaz,leg_low,-27,-211,70,0,4,1,1,0",,"ulistaz,leg_up,-19,-264,2.7,0,17,1,1,0","ulistaz,leg_low,40,-196,5.5,0,18,1,1,0",,,,"ulistaz,ear,-6,-383,31,0,9,1,1,0","ulistaz,ear_back,51,-389,-5,0,21,1,1,0","ulistaz,tail,-77,-230,-10,0,11,1,1,0",,,,,,,,,,,,,,,,,,,,,,,,,,,,,,,,,,,,,,,,,,,,,,,,,,,,,,,,,,,,,,,,,,,,,,play_time_mod_1.5,,
Attack1Ready/8,"kelwy,head,29,-254,-18,0,5,1,1,0","kelwy,neck,5,-217,-12,0,6,1,1,0","kelwy,body,-10,-143,-2.5,0,7,1,1,0","kelwy,arm_up,-30,-195,-67,0,5,1,1,0","kelwy,arm_low,-52,-171,-4,0,2,1,1,0","kelwy,fist,-38,-135,-14,0,0,1,1,0","kelwy,arm_up,34,-173,70,1,15,1,1.2,0","kelwy,arm_low,74,-152,65,1,2,1,1,0","kelwy,fist,97,-129,65,1,4,1,1,0","kelwy,leg_up,-43,-50,-26.7,0,6,1,1,0","kelwy,leg_low,-81,-11,-78,0,12,1,1,0","kelwy,foot,-120,-7,-102.6,0,15,1,1,0","kelwy,leg_up,34,-79,67.7,0,14,1,1,0","kelwy,leg_low,66,-47,-0.5,0,15,1,1,0","kelwy,foot,62,-7,-46.5,0,17,1,1,0","kelwy,base,44,-208,140,0,1,1,1,0","kelwy,stick,128,-118,-180,0,2,1,1,0","kelwy,ear,-11,-333,58,0,2,1,1,0","kelwy,ear_back,40,-330,23,0,22,1,1,0","kelwy,tail,-69,-88,-26,0,8,1,1,0",,,,,,,,"ulistaz,head,12,-293,-23,0,8,1,1,0",,,"ulistaz,arm_up,-12,-273,-10,0,7,1,1,0","ulistaz,arm_low,5,-239,39,0,5,1,1,0",,"ulistaz,arm_up,43,-258,39,0,18,1,1,0","ulistaz,arm_low,49,-233,-13,0,18,1,1,0",,"ulistaz,leg_up,-46,-243,11.3,0,8,1,1,0","ulistaz,leg_low,-36,-214,74,0,4,1,1,0",,"ulistaz,leg_up,-28,-267,6.7,0,17,1,1,0","ulistaz,leg_low,35,-203,9.5,0,18,1,1,0",,,,"ulistaz,ear,-27,-386,35,0,9,1,1,0","ulistaz,ear_back,30,-396,-1,0,21,1,1,0","ulistaz,tail,-86,-229,-6,0,11,1,1,0",,,,,,,,,,,,,,,,,,,,,,,,,,,,,,,,,,,,,,,,,,,,,,,,,,,,,,,,,,,,,,,,,,,,,,,,
Attack1Ready/9,"kelwy,head,13,-265,-14,0,5,1,1,0","kelwy,neck,-4,-228,-10,0,6,1,1,0","kelwy,body,-4,-146,-1.5,0,7,1,1,0","kelwy,arm_up,-21,-190,-44,0,5,1,1,0","kelwy,arm_low,-31,-161,19,0,2,1,1,0","kelwy,fist,-3,-133,9,0,0,1,1,0","kelwy,arm_up,43,-189,65,1,15,1,1.3,0","kelwy,arm_low,81,-181,145,1,2,1,1,0","kelwy,fist,105,-211,-180,1,4,1,1,0","kelwy,leg_up,-40,-48,-20.7,0,6,1,1,0","kelwy,leg_low,-79,-12,-76,0,12,1,1,0","kelwy,foot,-120,-7,-102.6,0,15,1,1,0","kelwy,leg_up,33,-81,71.7,0,14,1,1,0","kelwy,leg_low,66,-48,0.5,0,15,1,1,0","kelwy,foot,62,-7,-46.5,0,17,1,1,0","kelwy,base,40,-168,130,0,1,1,1,0","kelwy,stick,128,-118,-180,0,2,1,1,0","kelwy,ear,-43,-332,71,0,2,1,1,0","kelwy,ear_back,15,-342,30,0,22,1,1,0","kelwy,tail,-69,-74,-16,0,8,1,1,0",,,,,,,,"ulistaz,head,-24,-289,-6,0,8,1,1,0",,,"ulistaz,arm_up,-40,-263,7,0,7,1,1,0","ulistaz,arm_low,-14,-233,56,0,5,1,1,0",,"ulistaz,arm_up,19,-265,56,0,18,1,1,0","ulistaz,arm_low,30,-242,4,0,18,1,1,0",,"ulistaz,leg_up,-61,-222,33.3,0,8,1,1,0","ulistaz,leg_low,-41,-202,100,0,4,1,1,0",,"ulistaz,leg_up,-35,-243,23.7,0,17,1,1,0","ulistaz,leg_low,28,-210,26.5,0,18,1,1,0",,,,"ulistaz,ear,-86,-368,52,0,9,1,1,0","ulistaz,ear_back,-38,-394,16,0,21,1,1,0","ulistaz,tail,-98,-200,11,0,11,1,1,0",,,,,,,,,,,,,,,,,,,,,,,,,,,,,,,,,,,,,,,,,,,,,,,,,,,,,,,,,,,,,,,,,,,,,,,,
Attack1Ready/10,"kelwy,head,15,-265,-15,0,5,1,1,0","kelwy,neck,-4,-228,-10,0,6,1,1,0","kelwy,body,-4,-146,-1.5,0,7,1,1,0","kelwy,arm_up,-23,-191,-47,0,5,1,1,0","kelwy,arm_low,-33,-163,13,0,2,1,1,0","kelwy,fist,-14,-131,-5,0,0,1,1,0","kelwy,arm_up,47,-213,114,1,15,1,1.3,0","kelwy,arm_low,129,-243,135,1,2,1,1,0","kelwy,fist,156,-265,178,1,4,1,1,0","kelwy,leg_up,-40,-48,-22.7,0,6,1,1,0","kelwy,leg_low,-79,-12,-76,0,12,1,1,0","kelwy,foot,-120,-7,-102.6,0,15,1,1,0","kelwy,leg_up,33,-81,71.7,0,14,1,1,0","kelwy,leg_low,66,-48,0.5,0,15,1,1,0","kelwy,foot,62,-7,-46.5,0,17,1,1,0","kelwy,base,30,-163,128,0,1,1,1,0","kelwy,stick,128,-118,-180,0,2,1,1,0","kelwy,ear,-41,-336,70,0,2,1,1,0","kelwy,ear_back,18,-339,26,0,22,1,1,0","kelwy,tail,-69,-74,-16,0,8,1,1,0",,,,,,,,"ulistaz,head,-20,-289,-9,0,8,1,1,0",,,"ulistaz,arm_up,-39,-263,4,0,7,1,1,0","ulistaz,arm_low,-13,-233,53,0,5,1,1,0",,"ulistaz,arm_up,20,-262,53,0,18,1,1,0","ulistaz,arm_low,31,-239,1,0,18,1,1,0",,"ulistaz,leg_up,-60,-222,30.3,0,8,1,1,0","ulistaz,leg_low,-43,-202,97,0,4,1,1,0",,"ulistaz,leg_up,-34,-243,20.7,0,17,1,1,0","ulistaz,leg_low,26,-207,23.5,0,18,1,1,0",,,,"ulistaz,ear,-79,-371,49,0,9,1,1,0","ulistaz,ear_back,-28,-394,13,0,21,1,1,0","ulistaz,tail,-100,-203,8,0,11,1,1,0",,,,,,,,,,,,,,,,,,,,,,,,,,,,,,,,,,,,,,,,,,,,,,,,,,,,,,,,,,,,,,,,,,,,,,play_time_mod_1.5,,
Attack1Ready/11,"kelwy,head,22,-263,-18,0,5,1,1,0","kelwy,neck,1,-227,-11,0,6,1,1,0","kelwy,body,-1,-146,-3.5,0,7,1,1,0","kelwy,arm_up,-24,-193,-48,0,5,1,1,0","kelwy,arm_low,-35,-165,12,0,2,1,1,0","kelwy,fist,-17,-133,-6,0,0,1,1,0","kelwy,arm_up,47,-210,103,1,15,1,1.3,0","kelwy,arm_low,123,-242,133,1,2,1,1,0","kelwy,fist,153,-258,164,1,4,1,1,0","kelwy,leg_up,-40,-48,-22.7,0,6,1,1,0","kelwy,leg_low,-79,-12,-76,0,12,1,1,0","kelwy,foot,-120,-7,-102.6,0,15,1,1,0","kelwy,leg_up,33,-81,71.7,0,14,1,1,0","kelwy,leg_low,66,-48,0.5,0,15,1,1,0","kelwy,foot,62,-7,-46.5,0,17,1,1,0","kelwy,base,30,-161,127,0,1,1,1,0","kelwy,stick,128,-118,-180,0,2,1,1,0","kelwy,ear,-32,-335,67,0,2,1,1,0","kelwy,ear_back,26,-337,24,0,22,1,1,0","kelwy,tail,-69,-74,-16,0,8,1,1,0",,,,,,,,"ulistaz,head,-19,-289,-10,0,8,1,1,0",,,"ulistaz,arm_up,-39,-263,3,0,7,1,1,0","ulistaz,arm_low,-13,-233,52,0,5,1,1,0",,"ulistaz,arm_up,20,-261,52,0,18,1,1,0","ulistaz,arm_low,31,-239,0,0,18,1,1,0",,"ulistaz,leg_up,-60,-222,29.3,0,8,1,1,0","ulistaz,leg_low,-44,-198,91,0,4,1,1,0",,"ulistaz,leg_up,-34,-243,19.7,0,17,1,1,0","ulistaz,leg_low,25,-206,22.5,0,18,1,1,0",,,,"ulistaz,ear,-77,-372,48,0,9,1,1,0","ulistaz,ear_back,-25,-394,12,0,21,1,1,0","ulistaz,tail,-101,-204,7,0,11,1,1,0",,,,,,,,,,,,,,,,,,,,,,,,,,,,,,,,,,,,,,,,,,,,,,,,,,,,,,,,,,,,,,,,,,,,,,play_time_mod_1.5,,"metal_click_small,1500,0"
Attack1Ready/12,"kelwy,head,15,-265,-15,0,5,1,1,0","kelwy,neck,-4,-228,-10,0,6,1,1,0","kelwy,body,-4,-146,-1.5,0,7,1,1,0","kelwy,arm_up,-23,-191,-47,0,5,1,1,0","kelwy,arm_low,-33,-163,13,0,2,1,1,0","kelwy,fist,-14,-131,-5,0,0,1,1,0","kelwy,arm_up,47,-213,114,1,15,1,1.3,0","kelwy,arm_low,129,-243,135,1,2,1,1,0","kelwy,fist,156,-265,178,1,4,1,1,0","kelwy,leg_up,-40,-48,-22.7,0,6,1,1,0","kelwy,leg_low,-79,-12,-76,0,12,1,1,0","kelwy,foot,-120,-7,-102.6,0,15,1,1,0","kelwy,leg_up,33,-81,71.7,0,14,1,1,0","kelwy,leg_low,66,-48,0.5,0,15,1,1,0","kelwy,foot,62,-7,-46.5,0,17,1,1,0","kelwy,base,30,-163,128,0,1,1,1,0","kelwy,stick,128,-118,-180,0,2,1,1,0","kelwy,ear,-41,-336,70,0,2,1,1,0","kelwy,ear_back,18,-339,26,0,22,1,1,0","kelwy,tail,-69,-74,-16,0,8,1,1,0",,,,,,,,"ulistaz,head,-20,-289,-9,0,8,1,1,0",,,"ulistaz,arm_up,-39,-263,4,0,7,1,1,0","ulistaz,arm_low,-13,-233,53,0,5,1,1,0",,"ulistaz,arm_up,20,-262,53,0,18,1,1,0","ulistaz,arm_low,31,-239,1,0,18,1,1,0",,"ulistaz,leg_up,-60,-222,30.3,0,8,1,1,0","ulistaz,leg_low,-43,-202,97,0,4,1,1,0",,"ulistaz,leg_up,-34,-243,20.7,0,17,1,1,0","ulistaz,leg_low,26,-207,23.5,0,18,1,1,0",,,,"ulistaz,ear,-79,-371,49,0,9,1,1,0","ulistaz,ear_back,-28,-394,13,0,21,1,1,0","ulistaz,tail,-100,-203,8,0,11,1,1,0",,,,,,,,,,,,,,,,,,,,,,,,,,,,,,,,,,,,,,,,,,,,,,,,,,,,,,,,,,,,,,,,,,,,,,,,
Attack1Ready/13,"kelwy,head,12,-263,-12,0,5,1,1,0","kelwy,neck,-5,-227,-8,0,6,1,1,0","kelwy,body,-3,-146,-0.5,0,7,1,1,0","kelwy,arm_up,-34,-191,-26,0,5,1,1,0","kelwy,arm_low,-29,-159,43,0,2,1,1,0","kelwy,fist,-6,-142,14,0,0,1,1,0","kelwy,arm_up,47,-200,83,1,15,1,1.3,0","kelwy,arm_low,115,-220,143,1,2,1,1,0","kelwy,fist,141,-240,174,1,4,1,1,0","kelwy,leg_up,-40,-48,-22.7,0,6,1,1,0","kelwy,leg_low,-79,-12,-76,0,12,1,1,0","kelwy,foot,-120,-7,-102.6,0,15,1,1,0","kelwy,leg_up,33,-81,71.7,0,14,1,1,0","kelwy,leg_low,66,-48,0.5,0,15,1,1,0","kelwy,foot,62,-7,-46.5,0,17,1,1,0","kelwy,base,71,-193,125,0,1,1,1,0","kelwy,stick,128,-118,-180,0,2,1,1,0","kelwy,ear,-44,-332,70,0,2,1,1,0","kelwy,ear_back,14,-337,27,0,22,1,1,0","kelwy,tail,-69,-74,-16,0,8,1,1,0",,,,,,,,"ulistaz,head,-25,-286,-8,0,8,1,1,0",,,"ulistaz,arm_up,-43,-260,5,0,7,1,1,0","ulistaz,arm_low,-20,-231,50,0,5,1,1,0",,"ulistaz,arm_up,16,-260,54,0,18,1,1,0","ulistaz,arm_low,27,-238,2,0,18,1,1,0",,"ulistaz,leg_up,-64,-219,31.3,0,8,1,1,0","ulistaz,leg_low,-46,-191,81,0,4,1,1,0",,"ulistaz,leg_up,-38,-240,21.7,0,17,1,1,0","ulistaz,leg_low,23,-205,24.5,0,18,1,1,0",,,,"ulistaz,ear,-85,-367,50,0,9,1,1,0","ulistaz,ear_back,-35,-391,14,0,21,1,1,0","ulistaz,tail,-103,-199,9,0,11,1,1,0",,,,,,,,,,,,,,,,,,,,,,,,,,,,,,,,,,,,,,,,,,,,,,,,,,,,,,,,,,,,,,,,,,,,,,,,
Attack1Ready/14,"kelwy,head,12,-263,-21,0,5,1,1,0","kelwy,neck,-5,-227,-8,0,6,1,1,0","kelwy,body,-3,-146,-0.5,0,7,1,1,0","kelwy,arm_up,-36,-191,-39,0,5,1,1,0","kelwy,arm_low,-42,-157,32,0,2,1,1,0","kelwy,fist,-26,-126,-19,0,0,1,1,0","kelwy,arm_up,27,-200,53,1,15,1,1.3,0","kelwy,arm_low,64,-186,133,1,2,1,1,0","kelwy,fist,94,-202,164,1,4,1,1,0","kelwy,leg_up,-40,-48,-22.7,0,6,1,1,0","kelwy,leg_low,-79,-12,-76,0,12,1,1,0","kelwy,foot,-120,-7,-102.6,0,15,1,1,0","kelwy,leg_up,33,-81,71.7,0,14,1,1,0","kelwy,leg_low,66,-48,0.5,0,15,1,1,0","kelwy,foot,62,-7,-46.5,0,17,1,1,0","kelwy,base,92,-203,128,0,1,1,1,0","kelwy,stick,128,-118,-180,0,2,1,1,0","kelwy,ear,-38,-335,65,0,2,1,1,0","kelwy,ear_back,18,-331,22,0,22,1,1,0","kelwy,tail,-69,-74,-16,0,8,1,1,0",,,,,,,,"ulistaz,head,-23,-286,-10,0,8,1,1,0",,,"ulistaz,arm_up,-43,-260,3,0,7,1,1,0","ulistaz,arm_low,-20,-231,48,0,5,1,1,0",,"ulistaz,arm_up,16,-258,52,0,18,1,1,0","ulistaz,arm_low,27,-236,0,0,18,1,1,0",,"ulistaz,leg_up,-64,-219,29.3,0,8,1,1,0","ulistaz,leg_low,-48,-191,79,0,4,1,1,0",,"ulistaz,leg_up,-38,-240,19.7,0,17,1,1,0","ulistaz,leg_low,21,-203,22.5,0,18,1,1,0",,,,"ulistaz,ear,-81,-369,48,0,9,1,1,0","ulistaz,ear_back,-29,-391,12,0,21,1,1,0","ulistaz,tail,-105,-201,7,0,11,1,1,0",,,,,,,,,,,,,,,,,,,,,,,,,,,,,,,,,,,,,,,,,,,,,,,,,,,,,,,,,,,,,,,,,,,,,,,,
Attack1Ready/15,"kelwy,head,12,-262,-24,0,5,1,1,0","kelwy,neck,-5,-227,-8,0,6,1,1,0","kelwy,body,-3,-146,-0.5,0,7,1,1,0","kelwy,arm_up,-36,-188,-41,0,5,1,1,0","kelwy,arm_low,-52,-147,-9,0,2,1,1,0","kelwy,fist,-62,-112,-60,0,0,1,1,0","kelwy,arm_up,27,-191,46,1,15,1,1.3,0","kelwy,arm_low,38,-165,-67,1,2,1,1,0","kelwy,fist,0,-159,-36,1,4,1,1,0","kelwy,leg_up,-40,-48,-22.7,0,6,1,1,0","kelwy,leg_low,-79,-12,-76,0,12,1,1,0","kelwy,foot,-120,-7,-102.6,0,15,1,1,0","kelwy,leg_up,33,-81,71.7,0,14,1,1,0","kelwy,leg_low,66,-48,0.5,0,15,1,1,0","kelwy,foot,62,-7,-46.5,0,17,1,1,0","kelwy,base,92,-203,127,0,1,1,1,0","kelwy,stick,128,-118,-180,0,2,1,1,0","kelwy,ear,-38,-335,64,0,2,1,1,0","kelwy,ear_back,19,-331,21,0,22,1,1,0","kelwy,tail,-69,-74,-16,0,8,1,1,0",,,,,,,,"ulistaz,head,-23,-286,-10,0,8,1,1,0",,,"ulistaz,arm_up,-43,-260,3,0,7,1,1,0","ulistaz,arm_low,-20,-231,48,0,5,1,1,0",,"ulistaz,arm_up,16,-258,52,0,18,1,1,0","ulistaz,arm_low,27,-236,0,0,18,1,1,0",,"ulistaz,leg_up,-64,-219,29.3,0,8,1,1,0","ulistaz,leg_low,-48,-191,79,0,4,1,1,0",,"ulistaz,leg_up,-38,-240,19.7,0,17,1,1,0","ulistaz,leg_low,21,-203,22.5,0,18,1,1,0",,,,"ulistaz,ear,-81,-369,48,0,9,1,1,0","ulistaz,ear_back,-29,-391,12,0,21,1,1,0","ulistaz,tail,-105,-201,7,0,11,1,1,0",,,,,,,,,,,,,,,,,,,,,,,,,,,,,,,,,,,,,,,,,,,,,,,,,,,,,,,,,,,,,,,,,,,,,,,,
Attack1Ready/16,"kelwy,head,13,-262,-26,0,5,1,1,0","kelwy,neck,-5,-227,-8,0,6,1,1,0","kelwy,body,-3,-146,-0.5,0,7,1,1,0","kelwy,arm_up,-36,-191,-39,0,5,1,1,0","kelwy,arm_low,-50,-150,-7,0,2,1,1,0","kelwy,fist,-57,-110,-49,0,0,1,1,0","kelwy,arm_up,20,-191,36,1,15,1,1.3,0","kelwy,arm_low,12,-162,-57,1,2,1,1.1,0","kelwy,fist,-26,-141,-12,1,1,1,1,0","kelwy,leg_up,-40,-48,-22.7,0,6,1,1,0","kelwy,leg_low,-79,-12,-76,0,12,1,1,0","kelwy,foot,-120,-7,-102.6,0,15,1,1,0","kelwy,leg_up,33,-81,70.7,0,14,1,1,0","kelwy,leg_low,66,-48,-1.5,0,15,1,1,0","kelwy,foot,62,-7,-48.5,0,17,1,1,0","kelwy,base,92,-203,126,0,1,1,1,0","kelwy,stick,128,-118,-180,0,2,1,1,0","kelwy,ear,-36,-337,62,0,2,1,1,0","kelwy,ear_back,20,-330,19,0,22,1,1,0","kelwy,tail,-69,-74,-16,0,8,1,1,0",,,,,,,,"ulistaz,head,-23,-286,-10,0,8,1,1,0",,,"ulistaz,arm_up,-43,-260,3,0,7,1,1,0","ulistaz,arm_low,-20,-231,48,0,5,1,1,0",,"ulistaz,arm_up,16,-258,52,0,18,1,1,0","ulistaz,arm_low,27,-236,0,0,18,1,1,0",,"ulistaz,leg_up,-64,-219,29.3,0,8,1,1,0","ulistaz,leg_low,-48,-191,79,0,4,1,1,0",,"ulistaz,leg_up,-38,-240,19.7,0,17,1,1,0","ulistaz,leg_low,21,-203,22.5,0,18,1,1,0",,,,"ulistaz,ear,-81,-369,48,0,9,1,1,0","ulistaz,ear_back,-29,-391,12,0,21,1,1,0","ulistaz,tail,-105,-201,7,0,11,1,1,0",,,,,,,,,,,,,,,,,,,,,,,,,,,,,,,,,,,,,,,,,,,,,,,,,,,,,,,,,,,,,,,,,,,,,,play_time_mod_1.25,,
Attack1Ready/17,"kelwy,head,12,-262,-24,0,5,1,1,0","kelwy,neck,-5,-227,-8,0,6,1,1,0","kelwy,body,-3,-146,-0.5,0,7,1,1,0","kelwy,arm_up,-36,-191,-39,0,5,1,1,0","kelwy,arm_low,-50,-150,-7,0,2,1,1,0","kelwy,fist,-52,-112,-48,0,0,1,1,0","kelwy,arm_up,27,-191,46,1,15,1,1.3,0","kelwy,arm_low,38,-165,-67,1,2,1,1,0","kelwy,fist,0,-159,-36,1,4,1,1,0","kelwy,leg_up,-40,-48,-22.7,0,6,1,1,0","kelwy,leg_low,-79,-12,-76,0,12,1,1,0","kelwy,foot,-120,-7,-102.6,0,15,1,1,0","kelwy,leg_up,33,-81,71.7,0,14,1,1,0","kelwy,leg_low,66,-48,0.5,0,15,1,1,0","kelwy,foot,62,-7,-46.5,0,17,1,1,0","kelwy,base,92,-203,127,0,1,1,1,0","kelwy,stick,128,-118,-180,0,2,1,1,0","kelwy,ear,-38,-335,64,0,2,1,1,0","kelwy,ear_back,19,-331,21,0,22,1,1,0","kelwy,tail,-69,-74,-16,0,8,1,1,0",,,,,,,,"ulistaz,head,-23,-286,-10,0,8,1,1,0",,,"ulistaz,arm_up,-43,-260,3,0,7,1,1,0","ulistaz,arm_low,-20,-231,48,0,5,1,1,0",,"ulistaz,arm_up,16,-258,52,0,18,1,1,0","ulistaz,arm_low,27,-236,0,0,18,1,1,0",,"ulistaz,leg_up,-64,-219,29.3,0,8,1,1,0","ulistaz,leg_low,-48,-191,79,0,4,1,1,0",,"ulistaz,leg_up,-38,-240,19.7,0,17,1,1,0","ulistaz,leg_low,21,-203,22.5,0,18,1,1,0",,,,"ulistaz,ear,-81,-369,48,0,9,1,1,0","ulistaz,ear_back,-29,-391,12,0,21,1,1,0","ulistaz,tail,-105,-201,7,0,11,1,1,0",,,,,,,,,,,,,,,,,,,,,,,,,,,,,,,,,,,,,,,,,,,,,,,,,,,,,,,,,,,,,,,,,,,,,,,,
EVENT_Join/0,"kelwy,happy,-175,-319,-11,0,5,1,1,0","kelwy,neck,-190,-279,-6,0,6,1,1,0","kelwy,body,-195,-206,-7.5,0,7,1,1,0","kelwy,arm_up,-195,-240,24,0,5,1,1,0","kelwy,arm_low,-162,-206,50,0,6,1,1,0","kelwy,fist,-125,-198,59,0,4,1,1,0","kelwy,arm_up,-162,-248,60,1,15,1,1,0","kelwy,arm_low,-121,-225,79,1,2,1,1,0","kelwy,fist,-83,-220,117,1,4,1,1,0","kelwy,leg_up,-223,-115,-14.7,0,6,1,1,0","kelwy,leg_low,-242,-56,-10,0,12,1,1,0","kelwy,foot,-252,-12,-42.6,0,15,1,1,0","kelwy,leg_up,-160,-119,13.7,0,14,1,1,0","kelwy,leg_low,-155,-59,3.5,0,15,1,1,0","kelwy,foot,-156,-17,-33.5,0,17,1,1,0","kelwy,base,-56,-246,130,0,2,1,1,0",,"kelwy,ear,-252,-366,98,0,2,1,1,0","kelwy,ear_back,-229,-385,62,0,22,1,1,0","kelwy,tail,-259,-137,-15,0,8,1,1,0",,,,,,,,"ulistaz,happy,-191,-372,-22,0,8,1,1,0",,,"ulistaz,arm_up,-213,-351,2,0,7,1,1,0","ulistaz,arm_low,-207,-318,21,0,5,1,1,0",,"ulistaz,arm_up,-143,-337,80,0,18,1,1,0","ulistaz,arm_low,-107,-341,103,0,18,1,1,0",,"ulistaz,leg_up,-234,-318,23.3,0,8,1,1,0","ulistaz,leg_low,-219,-286,70,0,5,1,1,0",,"ulistaz,leg_up,-229,-347,7.7,0,17,1,1,0","ulistaz,leg_low,-171,-283,40.5,0,18,1,1,0",,,,"ulistaz,ear,-240,-449,57,0,9,1,1,0","ulistaz,ear_back,-197,-467,23,0,21,1,1,0","ulistaz,tail,-288,-319,-5,0,11,1,1,0",,,,,,,,"iri,hurt,208,-329,-0.5,1,4,1,1,0","iri,neck,204,-270,16,1,7,1,1,0","iri,body,207,-172,-0.5,1,6,1,1,0","iri,arm_up,298,-205,21,1,6,1,1,0","iri,arm_low,310,-137,-50,1,15,1,1,0","iri,open,265,-117,-54,0,4,1,1,0","iri,arm_up_back,141,-219,-36,1,13,1,1,0","iri,arm_low,120,-157,38,1,15,1,1,0","iri,open,153,-106,3,1,17,1,1,0","iri,leg_up,255,-78,16,1,8,1,1,0","iri,leg_low,260,-54,27,1,14,1,1,0","iri,foot,292,-14,7,0,13,1,1,0","iri,leg_up,169,-76,-14.7,1,12,1,1,0","iri,leg_low,149,-47,-20.5,1,15,1,1,0","iri,foot,122,-10,-5.5,1,15,1,1,0",,,"iri,minibag,246,-105,11,1,5,1,1,0",,,,,,,,,,,,,,,,,,,,,,,,,,,,,,,,,,,,,,,,,,,,,play_time_mod_2,,
