Name,p1_head,p1_neck,p1_body,p1_r_arm_up,p1_r_arm_low,p1_r_hand,p1_l_arm_up,p1_l_arm_low,p1_l_hand,p1_r_leg_up,p1_r_leg_low,p1_r_foot,p1_l_leg_up,p1_l_leg_low,p1_l_foot,p1_main_weapon,p1_sub_weapon,p1_special_1,p1_special_2,p1_special_3,p1_special_4,p1_special_5,p1_special_6,p1_special_7,p1_special_8,p1_special_9,p1_special_10,p2_head,p2_neck,p2_body,p2_r_arm_up,p2_r_arm_low,p2_r_hand,p2_l_arm_up,p2_l_arm_low,p2_l_hand,p2_r_leg_up,p2_r_leg_low,p2_r_foot,p2_l_leg_up,p2_l_leg_low,p2_l_foot,p2_main_weapon,p2_sub_weapon,p2_special_1,p2_special_2,p2_special_3,p2_special_4,p2_special_5,p2_special_6,p2_special_7,p2_special_8,p2_special_9,p2_special_10,p3_head,p3_neck,p3_body,p3_r_arm_up,p3_r_arm_low,p3_r_hand,p3_l_arm_up,p3_l_arm_low,p3_l_hand,p3_r_leg_up,p3_r_leg_low,p3_r_foot,p3_l_leg_up,p3_l_leg_low,p3_l_foot,p3_main_weapon,p3_sub_weapon,p3_special_1,p3_special_2,p3_special_3,p3_special_4,p3_special_5,p3_special_6,p3_special_7,p3_special_8,p3_special_9,p3_special_10,p4_head,p4_neck,p4_body,p4_r_arm_up,p4_r_arm_low,p4_r_hand,p4_l_arm_up,p4_l_arm_low,p4_l_hand,p4_r_leg_up,p4_r_leg_low,p4_r_foot,p4_l_leg_up,p4_l_leg_low,p4_l_foot,p4_main_weapon,p4_sub_weapon,p4_special_1,p4_special_2,p4_special_3,p4_special_4,p4_special_5,p4_special_6,p4_special_7,p4_special_8,p4_special_9,p4_special_10,effect_1,effect_2,effect_3,effect_4,effect_5,effect_6,effect_7,effect_8,frame_property,animation_property,sound_effect
EXCLUDE_CityBow/0,"hermanos,head,41,-465.4,-7,0,4,1,1,0","hermanos,neck,34,-442.4,13,0,18,1,1,0","hermanos,body,5.2,-296.4,-6.5,0,15,1,1,0","hermanos,arm_up,-99,-342.4,-51,0,17,1,1,0","hermanos,arm_low,-161.6,-287.6,-35,0,12,1,1,0","hermanos,fist,-194.4,-234.4,-17,0,14,1,1,0","hermanos,arm_up,72,-337.4,20,1,22,1,1,0","hermanos,arm_low,122,-271.2,49,1,22,1,1,0","hermanos,bare,196.4,-232,74,0,27,1,1,0","hermanos,leg_up,-41,-178.4,-7.2,1,17,1,1,0","hermanos,leg_low,-43,-78.4,1,1,23,1,1,0","hermanos,foot,-66.8,-15.4,0,1,22,1,1,0","hermanos,leg_up,40.4,-176.8,7,0,20,1,1,0","hermanos,leg_low,44,-81.4,-2.5,0,25,1,1,0","hermanos,foot,66.2,-14.4,0,0,24,1,1,0",,,"hermanos,cape,-82.4,-286.8,-13,0,25,1,1,0",,,,,,,,,,,,,,,,,,,,,,,,,,,,,,,,,,,,,,,,,,,,,,,,,,,,,,,,,,,,,,,,,,,,,,,,,,,,,,,,,,,,,,,,,,,,,,,,,,,,play_time_mod_0.7,
EXCLUDE_CityBow/1,"hermanos,head,63,-453.4,-12,0,4,1,1,0","hermanos,neck,54,-434.4,2,0,18,1,1,0","hermanos,body,11.2,-288.4,-10.5,0,15,1,1,0","hermanos,arm_up,-93,-346.4,-60,0,17,1,1,0","hermanos,arm_low,-161.6,-303.6,-51,0,12,1,1,0","hermanos,open,-214.4,-250.4,-33,0,14,1,1,0","hermanos,arm_up,88,-313.4,20,1,22,1,1,0","hermanos,arm_low,138,-247.2,58,1,22,1,1,0","hermanos,bare,216.4,-218,77,0,27,1,1,0","hermanos,leg_up,-41,-178.4,-7.2,1,17,1,1,0","hermanos,leg_low,-43,-78.4,1,1,23,1,1,0","hermanos,foot,-66.8,-15.4,0,1,22,1,1,0","hermanos,leg_up,40.4,-176.8,7,0,20,1,1,0","hermanos,leg_low,44,-81.4,-2.5,0,25,1,1,0","hermanos,foot,66.2,-14.4,0,0,24,1,1,0",,,"hermanos,cape,-78.4,-284.8,-21,0,25,1,1,0",,,,,,,,,,,,,,,,,,,,,,,,,,,,,,,,,,,,,,,,,,,,,,,,,,,,,,,,,,,,,,,,,,,,,,,,,,,,,,,,,,,,,,,,,,,,,,,,,,,,play_time_mod_0.7,
EXCLUDE_CityBow/2,"hermanos,head,71,-449.4,-14,0,4,1,1,0","hermanos,neck,62,-430.4,0,0,18,1,1,0","hermanos,body,15.2,-288.4,-12.5,0,15,1,1,0","hermanos,arm_up,-83,-350.4,-61,0,17,1,1,0","hermanos,arm_low,-155.6,-313.6,-54,0,12,1,1,0","hermanos,open,-210.4,-262.4,-42,0,14,1,1,0","hermanos,arm_up,92,-307.4,20,1,22,1,1,0","hermanos,arm_low,144,-241.2,55,1,22,1,1,0","hermanos,bare,216.4,-208,74,0,27,1,1,0","hermanos,leg_up,-41,-178.4,-7.2,1,17,1,1,0","hermanos,leg_low,-43,-78.4,1,1,23,1,1,0","hermanos,foot,-66.8,-15.4,0,1,22,1,1,0","hermanos,leg_up,40.4,-176.8,7,0,20,1,1,0","hermanos,leg_low,44,-81.4,-2.5,0,25,1,1,0","hermanos,foot,66.2,-14.4,0,0,24,1,1,0",,,"hermanos,cape,-78.4,-284.8,-21,0,25,1,1,0",,,,,,,,,,,,,,,,,,,,,,,,,,,,,,,,,,,,,,,,,,,,,,,,,,,,,,,,,,,,,,,,,,,,,,,,,,,,,,,,,,,,,,,,,,,,,,,,,,,,play_time_mod_0.7,
EXCLUDE_CityBow/3,"hermanos,head,71,-449.4,-16,0,4,1,1,0","hermanos,neck,62,-430.4,0,0,18,1,1,0","hermanos,body,15.2,-288.4,-12.5,0,15,1,1,0","hermanos,arm_up,-83,-350.4,-61,0,17,1,1,0","hermanos,arm_low,-155.6,-317.6,-58,0,12,1,1,0","hermanos,open,-210.4,-270.4,-46,0,14,1,1,0","hermanos,arm_up,92,-307.4,20,1,22,1,1,0","hermanos,arm_low,144,-231.2,43,1,22,1,1,0","hermanos,bare,210.4,-186,63,0,27,1,1,0","hermanos,leg_up,-41,-178.4,-7.2,1,17,1,1,0","hermanos,leg_low,-43,-78.4,1,1,23,1,1,0","hermanos,foot,-66.8,-15.4,0,1,22,1,1,0","hermanos,leg_up,40.4,-176.8,7,0,20,1,1,0","hermanos,leg_low,44,-81.4,-2.5,0,25,1,1,0","hermanos,foot,66.2,-14.4,0,0,24,1,1,0",,,"hermanos,cape,-78.4,-284.8,-21,0,25,1,1,0",,,,,,,,,,,,,,,,,,,,,,,,,,,,,,,,,,,,,,,,,,,,,,,,,,,,,,,,,,,,,,,,,,,,,,,,,,,,,,,,,,,,,,,,,,,,,,,,,,,,play_time_mod_0.7,
EXCLUDE_CityBow/4,"hermanos,head,75,-447.4,-23,0,4,1,1,0","hermanos,neck,62,-430.4,0,0,18,1,1,0","hermanos,body,15.2,-288.4,-12.5,0,15,1,1,0","hermanos,arm_up,-83,-354.4,-65,0,17,1,1,0","hermanos,arm_low,-155.6,-323.6,-61,0,12,1,1,0","hermanos,open,-210.4,-282.4,-54,0,14,1,1,0","hermanos,arm_up,92,-307.4,20,1,22,1,1,0","hermanos,arm_low,144,-225.2,34,1,22,1,1,0","hermanos,bare,202.4,-164,52,0,27,1,1,0","hermanos,leg_up,-41,-178.4,-7.2,1,17,1,1,0","hermanos,leg_low,-43,-78.4,1,1,23,1,1,0","hermanos,foot,-66.8,-15.4,0,1,22,1,1,0","hermanos,leg_up,40.4,-176.8,7,0,20,1,1,0","hermanos,leg_low,44,-81.4,-2.5,0,25,1,1,0","hermanos,foot,66.2,-14.4,0,0,24,1,1,0",,,"hermanos,cape,-78.4,-284.8,-21,0,25,1,1,0",,,,,,,,,,,,,,,,,,,,,,,,,,,,,,,,,,,,,,,,,,,,,,,,,,,,,,,,,,,,,,,,,,,,,,,,,,,,,,,,,,,,,,,,,,,,,,,,,,,"play_time_mod_1.5,hold",play_time_mod_0.7,
EXCLUDE_CityCourtEnd/0,"hermanos,head,7,-465.4,0,0,4,1,1,0","hermanos,neck,2,-436.4,13,0,18,1,1,0","hermanos,body,-4.8,-296.4,0.5,0,15,1,1,0","hermanos,arm_up,-99,-328.4,-34,0,17,1,1,0","hermanos,arm_low,-133.6,-255.6,10,0,12,1,1,0","hermanos,fist,-107.2,-188.4,54,0,14,1,1,0","hermanos,arm_up,74,-331.4,28,1,22,1,1,0","hermanos,arm_low,92,-277.2,-27,1,22,1,1,0","hermanos,bare,48,-213.6,-72,0,27,1,1,0","hermanos,leg_up,-41,-178.4,-7.2,1,17,1,1,0","hermanos,leg_low,-43,-78.4,1,1,23,1,1,0","hermanos,foot,-66.8,-15.4,0,1,22,1,1,0","hermanos,leg_up,40.4,-176.8,7,0,20,1,1,0","hermanos,leg_low,44,-81.4,-2.5,0,25,1,1,0","hermanos,foot,66.2,-14.4,0,0,24,1,1,0",,,"hermanos,cape,-78.4,-282.8,-7,0,25,1,1,0",,,,,,,,,,,,,,,,,,,,,,,,,,,,,,,,,,,,,,,,,,,,,,,,,,,,,,,,,,,,,,,,,,,,,,,,,,,,,,,,,,,,,,,,,,,,,,,,,,,,,
EXCLUDE_CityCourtEnd/1,"hermanos,head,7,-465.4,-3,0,4,1,1,0","hermanos,neck,2,-436.4,13,0,18,1,1,0","hermanos,body,-4.8,-296.4,0.5,0,15,1,1,0","hermanos,arm_up,-99,-328.4,-24,0,17,1,1,0","hermanos,arm_low,-109.6,-263.6,33,0,12,1,1,0","hermanos,fist,-61.2,-214.4,64,0,14,1,1,0","hermanos,arm_up,80,-333.4,34,1,22,1,1,0","hermanos,arm_low,132,-281.2,35,1,22,1,1,0","hermanos,fist,167.6,-219.6,37,0,27,1,1,0","hermanos,leg_up,-41,-178.4,-7.2,1,17,1,1,0","hermanos,leg_low,-43,-78.4,1,1,23,1,1,0","hermanos,foot,-66.8,-15.4,0,1,22,1,1,0","hermanos,leg_up,40.4,-176.8,7,0,20,1,1,0","hermanos,leg_low,44,-81.4,-2.5,0,25,1,1,0","hermanos,foot,66.2,-14.4,0,0,24,1,1,0",,,"hermanos,cape,-78.4,-282.8,-7,0,25,1,1,0","hermanos,trumpet,306.8,-230,96,0,29,1,1,0",,,,,,,,,,,,,,,,,,,,,,,,,,,,,,,,,,,,,,,,,,,,,,,,,,,,,,,,,,,,,,,,,,,,,,,,,,,,,,,,,,,,,,,,,,,,,,,,,,play_time_mod_0.8,,
EXCLUDE_CityCourtEnd/2,"hermanos,head,11,-465.4,-5,0,4,1,1,0","hermanos,neck,2,-436.4,13,0,18,1,1,0","hermanos,body,-4.8,-296.4,-1.5,0,15,1,1,0","hermanos,arm_up,-91,-328.4,-11,0,17,1,1,0","hermanos,arm_low,-77.6,-271.6,64,0,12,1,1,0","hermanos,fist,-7.2,-247.2,81,0,14,1,1,0","hermanos,arm_up,80,-331.4,24,1,22,1,1,0","hermanos,arm_low,126,-311.2,96,1,22,1,1,0","hermanos,fist,202,-318,91,1,27,1,1,0","hermanos,leg_up,-41,-178.4,-7.2,1,17,1,1,0","hermanos,leg_low,-43,-78.4,1,1,23,1,1,0","hermanos,foot,-66.8,-15.4,0,1,22,1,1,0","hermanos,leg_up,40.4,-176.8,7,0,20,1,1,0","hermanos,leg_low,44,-81.4,-2.5,0,25,1,1,0","hermanos,foot,66.2,-14.4,0,0,24,1,1,0",,,"hermanos,cape,-78.4,-282.8,-9,0,25,1,1,0","hermanos,trumpet,341.2,-272.8,72,0,29,1,1,0",,,,,,,,,,,,,,,,,,,,,,,,,,,,,,,,,,,,,,,,,,,,,,,,,,,,,,,,,,,,,,,,,,,,,,,,,,,,,,,,,,,,,,,,,,,,,,,,,,play_time_mod_0.5,,
EXCLUDE_CityCourtEnd/3,"hermanos,head,7,-465.4,-3,0,4,1,1,0","hermanos,neck,2,-436.4,13,0,18,1,1,0","hermanos,body,-4.8,-296.4,0.5,0,15,1,1,0","hermanos,arm_up,-91,-328.4,-11,0,17,1,1,0","hermanos,arm_low,-77.6,-297.6,88,0,12,1,1,0","hermanos,fist,-7.2,-303.2,103,0,14,1,1,0","hermanos,arm_up,80,-333.4,34,1,22,1,1,0","hermanos,arm_low,132,-331.2,127,1,22,1,1,0","hermanos,fist,188.8,-356.4,93,1,27,1,1,0","hermanos,leg_up,-41,-178.4,-7.2,1,17,1,1,0","hermanos,leg_low,-43,-78.4,1,1,23,1,1,0","hermanos,foot,-66.8,-15.4,0,1,22,1,1,0","hermanos,leg_up,40.4,-176.8,7,0,20,1,1,0","hermanos,leg_low,44,-81.4,-2.5,0,25,1,1,0","hermanos,foot,66.2,-14.4,0,0,24,1,1,0",,,"hermanos,cape,-78.4,-282.8,-7,0,25,1,1,0","hermanos,trumpet,266.4,-345.2,78,0,29,1,1,0",,,,,,,,,,,,,,,,,,,,,,,,,,,,,,,,,,,,,,,,,,,,,,,,,,,,,,,,,,,,,,,,,,,,,,,,,,,,,,,,,,,,,,,,,,,,,,,,,,play_time_mod_0.5,,
EXCLUDE_CityCourtEnd/4,"hermanos,head,5,-471.4,-2,0,10,1,1,0","hermanos,neck,2,-436.4,13,0,18,1,1,0","hermanos,body,1.2,-296.4,3.5,0,15,1,1,0","hermanos,arm_up,-27,-350.4,74,0,14,1,1,0","hermanos,arm_low,42.4,-358.8,136,0,12,1,1,0","hermanos,fist,83.6,-420,169,0,8,1,1,0","hermanos,arm_up,116,-333.4,58,1,22,1,1,0","hermanos,arm_low,160.4,-356.8,155,1,22,1,1,0","hermanos,open,204.4,-418.8,133,0,27,1,1,0","hermanos,leg_up,-41,-178.4,-7.2,1,17,1,1,0","hermanos,leg_low,-43,-78.4,1,1,23,1,1,0","hermanos,foot,-66.8,-15.4,0,1,22,1,1,0","hermanos,leg_up,40.4,-176.8,7,0,20,1,1,0","hermanos,leg_low,44,-81.4,-2.5,0,25,1,1,0","hermanos,foot,66.2,-14.4,0,0,24,1,1,0",,,"hermanos,cape,-68.4,-300.8,0,0,25,1,1,0","hermanos,trumpet,258.4,-431.2,90,0,9,1,1,0",,,,,,,,,,,,,,,,,,,,,,,,,,,,,,,,,,,,,,,,,,,,,,,,,,,,,,,,,,,,,,,,,,,,,,,,,,,,,,,,,,,,,,,,,,,,,,,,,,,,"trumpet_court_end,1000,10"
EXCLUDE_CityCourtEnd/5,"hermanos,head,5,-471.4,5,0,10,1,1,0","hermanos,neck,2,-436.4,13,0,18,1,1,0","hermanos,body,1.2,-296.4,4.5,0,15,1,1,0","hermanos,arm_up,-27,-350.4,77,0,14,1,1,0","hermanos,arm_low,46.4,-358.8,139,0,12,1,1,0","hermanos,fist,83.6,-424,169,0,8,1,1,0","hermanos,arm_up,116,-333.4,60,1,22,1,1,0","hermanos,arm_low,160.4,-362.8,157,1,22,1,1,0","hermanos,open,204.4,-422.8,133,0,27,1,1,0","hermanos,leg_up,-41,-178.4,-7.2,1,17,1,1,0","hermanos,leg_low,-43,-78.4,1,1,23,1,1,0","hermanos,foot,-66.8,-15.4,0,1,22,1,1,0","hermanos,leg_up,44.4,-176.8,12,0,20,1,1,0","hermanos,leg_low,46,-81.4,-6.5,0,25,1,1,0","hermanos,foot,66.2,-14.4,0,0,24,1,1,0",,,"hermanos,cape,-66.4,-292.8,5,0,25,1,1,0","hermanos,trumpet,258.4,-439.2,92,0,9,1,1,0",,,,,,,,,,,,,,,,,,,,,,,,,,,,,,,,,,,,,,,,,,,,,,,,,,,,,,,,,,,,,,,,,,,,,,,,,,,,,,,,,,,,,,,,,,,,,,,,,,play_time_mod_15,,
EXCLUDE_CityCourtEnd/6,"hermanos,head,5,-471.4,-2,0,10,1,1,0","hermanos,neck,2,-436.4,13,0,18,1,1,0","hermanos,body,1.2,-296.4,3.5,0,15,1,1,0","hermanos,arm_up,-27,-350.4,74,0,14,1,1,0","hermanos,arm_low,42.4,-358.8,136,0,12,1,1,0","hermanos,fist,83.6,-420,169,0,8,1,1,0","hermanos,arm_up,116,-333.4,58,1,22,1,1,0","hermanos,arm_low,160.4,-352.8,150,1,22,1,1,0","hermanos,open,204.4,-410.8,131,0,27,1,1,0","hermanos,leg_up,-41,-178.4,-7.2,1,17,1,1,0","hermanos,leg_low,-43,-78.4,1,1,23,1,1,0","hermanos,foot,-66.8,-15.4,0,1,22,1,1,0","hermanos,leg_up,40.4,-176.8,7,0,20,1,1,0","hermanos,leg_low,44,-81.4,-2.5,0,25,1,1,0","hermanos,foot,66.2,-14.4,0,0,24,1,1,0",,,"hermanos,cape,-68.4,-300.8,0,0,25,1,1,0","hermanos,trumpet,258.4,-413.2,86,0,9,1,1,0",,,,,,,,,,,,,,,,,,,,,,,,,,,,,,,,,,,,,,,,,,,,,,,,,,,,,,,,,,,,,,,,,,,,,,,,,,,,,,,,,,,,,,,,,,,,,,,,,,play_time_mod_20,,
EXCLUDE_CityCourtEnd/7,"hermanos,head,9,-467.4,-7,0,10,1,1,0","hermanos,neck,2,-436.4,13,0,18,1,1,0","hermanos,body,1.2,-296.4,1.5,0,15,1,1,0","hermanos,arm_up,-29,-336.4,58,0,14,1,1,0","hermanos,arm_low,42.4,-336.8,128,0,12,1,1,0","hermanos,fist,87.6,-398,160,0,8,1,1,0","hermanos,arm_up,116,-327.4,45,1,22,1,1,0","hermanos,arm_low,154.4,-334.8,144,1,22,1,1,0","hermanos,open,204.4,-388.8,133,0,27,1,1,0","hermanos,leg_up,-41,-178.4,-7.2,1,17,1,1,0","hermanos,leg_low,-43,-78.4,1,1,23,1,1,0","hermanos,foot,-66.8,-15.4,0,1,22,1,1,0","hermanos,leg_up,40.4,-176.8,7,0,20,1,1,0","hermanos,leg_low,44,-81.4,-2.5,0,25,1,1,0","hermanos,foot,66.2,-14.4,0,0,24,1,1,0",,,"hermanos,cape,-72.4,-308.8,-3,0,25,1,1,0","hermanos,trumpet,258.4,-399.2,85,0,9,1,1,0",,,,,,,,,,,,,,,,,,,,,,,,,,,,,,,,,,,,,,,,,,,,,,,,,,,,,,,,,,,,,,,,,,,,,,,,,,,,,,,,,,,,,,,,,,,,,,,,,,play_time_mod_25,,
EXCLUDE_CityCourtEnd/8,"hermanos,head,11,-465.4,-5,0,4,1,1,0","hermanos,neck,2,-436.4,13,0,18,1,1,0","hermanos,body,-4.8,-296.4,-1.5,0,15,1,1,0","hermanos,arm_up,-91,-328.4,-11,0,17,1,1,0","hermanos,arm_low,-77.6,-271.6,64,0,12,1,1,0","hermanos,fist,-7.2,-247.2,81,0,14,1,1,0","hermanos,arm_up,80,-331.4,24,1,22,1,1,0","hermanos,arm_low,126,-311.2,96,1,22,1,1,0","hermanos,fist,202,-318,91,1,27,1,1,0","hermanos,leg_up,-41,-178.4,-7.2,1,17,1,1,0","hermanos,leg_low,-43,-78.4,1,1,23,1,1,0","hermanos,foot,-66.8,-15.4,0,1,22,1,1,0","hermanos,leg_up,40.4,-176.8,7,0,20,1,1,0","hermanos,leg_low,44,-81.4,-2.5,0,25,1,1,0","hermanos,foot,66.2,-14.4,0,0,24,1,1,0",,,"hermanos,cape,-78.4,-282.8,-9,0,25,1,1,0","hermanos,trumpet,341.2,-272.8,72,0,29,1,1,0",,,,,,,,,,,,,,,,,,,,,,,,,,,,,,,,,,,,,,,,,,,,,,,,,,,,,,,,,,,,,,,,,,,,,,,,,,,,,,,,,,,,,,,,,,,,,,,,,,,,
EXCLUDE_CityCourtEnd/9,"hermanos,head,7,-465.4,0,0,4,1,1,0","hermanos,neck,2,-436.4,13,0,18,1,1,0","hermanos,body,-4.8,-296.4,0.5,0,15,1,1,0","hermanos,arm_up,-99,-328.4,-34,0,17,1,1,0","hermanos,arm_low,-133.6,-255.6,10,0,12,1,1,0","hermanos,fist,-107.2,-188.4,54,0,14,1,1,0","hermanos,arm_up,74,-331.4,28,1,22,1,1,0","hermanos,arm_low,92,-277.2,-27,1,22,1,1,0","hermanos,bare,48,-213.6,-72,0,27,1,1,0","hermanos,leg_up,-41,-178.4,-7.2,1,17,1,1,0","hermanos,leg_low,-43,-78.4,1,1,23,1,1,0","hermanos,foot,-66.8,-15.4,0,1,22,1,1,0","hermanos,leg_up,40.4,-176.8,7,0,20,1,1,0","hermanos,leg_low,44,-81.4,-2.5,0,25,1,1,0","hermanos,foot,66.2,-14.4,0,0,24,1,1,0",,,"hermanos,cape,-78.4,-282.8,-7,0,25,1,1,0",,,,,,,,,,,,,,,,,,,,,,,,,,,,,,,,,,,,,,,,,,,,,,,,,,,,,,,,,,,,,,,,,,,,,,,,,,,,,,,,,,,,,,,,,,,,,,,,,,,,,
EXCLUDE_CityCourtStart/0,"hermanos,head,7,-465.4,0,0,4,1,1,0","hermanos,neck,2,-436.4,13,0,18,1,1,0","hermanos,body,-4.8,-296.4,0.5,0,15,1,1,0","hermanos,arm_up,-99,-328.4,-34,0,17,1,1,0","hermanos,arm_low,-133.6,-255.6,10,0,12,1,1,0","hermanos,fist,-107.2,-188.4,54,0,14,1,1,0","hermanos,arm_up,74,-331.4,28,1,22,1,1,0","hermanos,arm_low,92,-277.2,-27,1,22,1,1,0","hermanos,bare,48,-213.6,-72,0,27,1,1,0","hermanos,leg_up,-41,-178.4,-7.2,1,17,1,1,0","hermanos,leg_low,-43,-78.4,1,1,23,1,1,0","hermanos,foot,-66.8,-15.4,0,1,22,1,1,0","hermanos,leg_up,40.4,-176.8,7,0,20,1,1,0","hermanos,leg_low,44,-81.4,-2.5,0,25,1,1,0","hermanos,foot,66.2,-14.4,0,0,24,1,1,0",,,"hermanos,cape,-78.4,-282.8,-7,0,25,1,1,0",,,,,,,,,,,,,,,,,,,,,,,,,,,,,,,,,,,,,,,,,,,,,,,,,,,,,,,,,,,,,,,,,,,,,,,,,,,,,,,,,,,,,,,,,,,,,,,,,,,,,
EXCLUDE_CityCourtStart/1,"hermanos,head,7,-465.4,-3,0,4,1,1,0","hermanos,neck,2,-436.4,13,0,18,1,1,0","hermanos,body,-4.8,-296.4,0.5,0,15,1,1,0","hermanos,arm_up,-99,-328.4,-24,0,17,1,1,0","hermanos,arm_low,-109.6,-263.6,33,0,12,1,1,0","hermanos,fist,-61.2,-214.4,64,0,14,1,1,0","hermanos,arm_up,80,-333.4,34,1,22,1,1,0","hermanos,arm_low,132,-281.2,35,1,22,1,1,0","hermanos,fist,167.6,-219.6,37,0,27,1,1,0","hermanos,leg_up,-41,-178.4,-7.2,1,17,1,1,0","hermanos,leg_low,-43,-78.4,1,1,23,1,1,0","hermanos,foot,-66.8,-15.4,0,1,22,1,1,0","hermanos,leg_up,40.4,-176.8,7,0,20,1,1,0","hermanos,leg_low,44,-81.4,-2.5,0,25,1,1,0","hermanos,foot,66.2,-14.4,0,0,24,1,1,0",,,"hermanos,cape,-78.4,-282.8,-7,0,25,1,1,0","hermanos,trumpet,306.8,-230,96,0,29,1,1,0",,,,,,,,,,,,,,,,,,,,,,,,,,,,,,,,,,,,,,,,,,,,,,,,,,,,,,,,,,,,,,,,,,,,,,,,,,,,,,,,,,,,,,,,,,,,,,,,,,play_time_mod_0.8,,
EXCLUDE_CityCourtStart/2,"hermanos,head,11,-465.4,-5,0,4,1,1,0","hermanos,neck,2,-436.4,13,0,18,1,1,0","hermanos,body,-4.8,-296.4,-1.5,0,15,1,1,0","hermanos,arm_up,-91,-328.4,-11,0,17,1,1,0","hermanos,arm_low,-77.6,-271.6,64,0,12,1,1,0","hermanos,fist,-7.2,-247.2,81,0,14,1,1,0","hermanos,arm_up,80,-331.4,24,1,22,1,1,0","hermanos,arm_low,126,-311.2,96,1,22,1,1,0","hermanos,fist,202,-318,91,1,27,1,1,0","hermanos,leg_up,-41,-178.4,-7.2,1,17,1,1,0","hermanos,leg_low,-43,-78.4,1,1,23,1,1,0","hermanos,foot,-66.8,-15.4,0,1,22,1,1,0","hermanos,leg_up,40.4,-176.8,7,0,20,1,1,0","hermanos,leg_low,44,-81.4,-2.5,0,25,1,1,0","hermanos,foot,66.2,-14.4,0,0,24,1,1,0",,,"hermanos,cape,-78.4,-282.8,-9,0,25,1,1,0","hermanos,trumpet,341.2,-272.8,72,0,29,1,1,0",,,,,,,,,,,,,,,,,,,,,,,,,,,,,,,,,,,,,,,,,,,,,,,,,,,,,,,,,,,,,,,,,,,,,,,,,,,,,,,,,,,,,,,,,,,,,,,,,,play_time_mod_0.5,,
EXCLUDE_CityCourtStart/3,"hermanos,head,7,-465.4,-3,0,4,1,1,0","hermanos,neck,2,-436.4,13,0,18,1,1,0","hermanos,body,-4.8,-296.4,0.5,0,15,1,1,0","hermanos,arm_up,-91,-328.4,-11,0,17,1,1,0","hermanos,arm_low,-77.6,-297.6,88,0,12,1,1,0","hermanos,fist,-7.2,-303.2,103,0,14,1,1,0","hermanos,arm_up,80,-333.4,34,1,22,1,1,0","hermanos,arm_low,132,-331.2,127,1,22,1,1,0","hermanos,fist,188.8,-356.4,93,1,27,1,1,0","hermanos,leg_up,-41,-178.4,-7.2,1,17,1,1,0","hermanos,leg_low,-43,-78.4,1,1,23,1,1,0","hermanos,foot,-66.8,-15.4,0,1,22,1,1,0","hermanos,leg_up,40.4,-176.8,7,0,20,1,1,0","hermanos,leg_low,44,-81.4,-2.5,0,25,1,1,0","hermanos,foot,66.2,-14.4,0,0,24,1,1,0",,,"hermanos,cape,-78.4,-282.8,-7,0,25,1,1,0","hermanos,trumpet,266.4,-345.2,78,0,29,1,1,0",,,,,,,,,,,,,,,,,,,,,,,,,,,,,,,,,,,,,,,,,,,,,,,,,,,,,,,,,,,,,,,,,,,,,,,,,,,,,,,,,,,,,,,,,,,,,,,,,,play_time_mod_0.5,,
EXCLUDE_CityCourtStart/4,"hermanos,head,5,-471.4,-2,0,10,1,1,0","hermanos,neck,2,-436.4,13,0,18,1,1,0","hermanos,body,1.2,-296.4,3.5,0,15,1,1,0","hermanos,arm_up,-27,-350.4,74,0,14,1,1,0","hermanos,arm_low,42.4,-358.8,136,0,12,1,1,0","hermanos,fist,83.6,-420,169,0,8,1,1,0","hermanos,arm_up,116,-333.4,58,1,22,1,1,0","hermanos,arm_low,160.4,-356.8,155,1,22,1,1,0","hermanos,open,204.4,-418.8,133,0,27,1,1,0","hermanos,leg_up,-41,-178.4,-7.2,1,17,1,1,0","hermanos,leg_low,-43,-78.4,1,1,23,1,1,0","hermanos,foot,-66.8,-15.4,0,1,22,1,1,0","hermanos,leg_up,40.4,-176.8,7,0,20,1,1,0","hermanos,leg_low,44,-81.4,-2.5,0,25,1,1,0","hermanos,foot,66.2,-14.4,0,0,24,1,1,0",,,"hermanos,cape,-68.4,-300.8,0,0,25,1,1,0","hermanos,trumpet,258.4,-431.2,90,0,9,1,1,0",,,,,,,,,,,,,,,,,,,,,,,,,,,,,,,,,,,,,,,,,,,,,,,,,,,,,,,,,,,,,,,,,,,,,,,,,,,,,,,,,,,,,,,,,,,,,,,,,,,,"trumpet_court_start,1000,10"
EXCLUDE_CityCourtStart/5,"hermanos,head,5,-471.4,5,0,10,1,1,0","hermanos,neck,2,-436.4,13,0,18,1,1,0","hermanos,body,1.2,-296.4,4.5,0,15,1,1,0","hermanos,arm_up,-27,-350.4,77,0,14,1,1,0","hermanos,arm_low,46.4,-358.8,139,0,12,1,1,0","hermanos,fist,83.6,-424,169,0,8,1,1,0","hermanos,arm_up,116,-333.4,60,1,22,1,1,0","hermanos,arm_low,160.4,-362.8,157,1,22,1,1,0","hermanos,open,204.4,-422.8,133,0,27,1,1,0","hermanos,leg_up,-41,-178.4,-7.2,1,17,1,1,0","hermanos,leg_low,-43,-78.4,1,1,23,1,1,0","hermanos,foot,-66.8,-15.4,0,1,22,1,1,0","hermanos,leg_up,44.4,-176.8,12,0,20,1,1,0","hermanos,leg_low,46,-81.4,-6.5,0,25,1,1,0","hermanos,foot,66.2,-14.4,0,0,24,1,1,0",,,"hermanos,cape,-66.4,-292.8,5,0,25,1,1,0","hermanos,trumpet,258.4,-439.2,92,0,9,1,1,0",,,,,,,,,,,,,,,,,,,,,,,,,,,,,,,,,,,,,,,,,,,,,,,,,,,,,,,,,,,,,,,,,,,,,,,,,,,,,,,,,,,,,,,,,,,,,,,,,,play_time_mod_20,,
EXCLUDE_CityCourtStart/6,"hermanos,head,5,-471.4,-2,0,10,1,1,0","hermanos,neck,2,-436.4,13,0,18,1,1,0","hermanos,body,1.2,-296.4,3.5,0,15,1,1,0","hermanos,arm_up,-27,-350.4,74,0,14,1,1,0","hermanos,arm_low,42.4,-358.8,136,0,12,1,1,0","hermanos,fist,83.6,-420,169,0,8,1,1,0","hermanos,arm_up,116,-333.4,58,1,22,1,1,0","hermanos,arm_low,160.4,-356.8,155,1,22,1,1,0","hermanos,open,204.4,-418.8,133,0,27,1,1,0","hermanos,leg_up,-41,-178.4,-7.2,1,17,1,1,0","hermanos,leg_low,-43,-78.4,1,1,23,1,1,0","hermanos,foot,-66.8,-15.4,0,1,22,1,1,0","hermanos,leg_up,40.4,-176.8,7,0,20,1,1,0","hermanos,leg_low,44,-81.4,-2.5,0,25,1,1,0","hermanos,foot,66.2,-14.4,0,0,24,1,1,0",,,"hermanos,cape,-68.4,-300.8,0,0,25,1,1,0","hermanos,trumpet,258.4,-431.2,90,0,9,1,1,0",,,,,,,,,,,,,,,,,,,,,,,,,,,,,,,,,,,,,,,,,,,,,,,,,,,,,,,,,,,,,,,,,,,,,,,,,,,,,,,,,,,,,,,,,,,,,,,,,,play_time_mod_20,,
EXCLUDE_CityCourtStart/7,"hermanos,head,5,-471.4,5,0,10,1,1,0","hermanos,neck,2,-436.4,13,0,18,1,1,0","hermanos,body,1.2,-296.4,4.5,0,15,1,1,0","hermanos,arm_up,-27,-350.4,77,0,14,1,1,0","hermanos,arm_low,46.4,-358.8,139,0,12,1,1,0","hermanos,fist,83.6,-424,169,0,8,1,1,0","hermanos,arm_up,116,-333.4,60,1,22,1,1,0","hermanos,arm_low,160.4,-362.8,157,1,22,1,1,0","hermanos,open,204.4,-422.8,133,0,27,1,1,0","hermanos,leg_up,-41,-178.4,-7.2,1,17,1,1,0","hermanos,leg_low,-43,-78.4,1,1,23,1,1,0","hermanos,foot,-66.8,-15.4,0,1,22,1,1,0","hermanos,leg_up,44.4,-176.8,12,0,20,1,1,0","hermanos,leg_low,46,-81.4,-6.5,0,25,1,1,0","hermanos,foot,66.2,-14.4,0,0,24,1,1,0",,,"hermanos,cape,-66.4,-292.8,5,0,25,1,1,0","hermanos,trumpet,258.4,-439.2,92,0,9,1,1,0",,,,,,,,,,,,,,,,,,,,,,,,,,,,,,,,,,,,,,,,,,,,,,,,,,,,,,,,,,,,,,,,,,,,,,,,,,,,,,,,,,,,,,,,,,,,,,,,,,play_time_mod_5,,
EXCLUDE_CityCourtStart/8,"hermanos,head,5,-471.4,3,0,10,1,1,0","hermanos,neck,2,-436.4,11,0,18,1,1,0","hermanos,body,1.2,-296.4,2.5,0,15,1,1,0","hermanos,arm_up,-27,-350.4,75,0,14,1,1,0","hermanos,arm_low,46.4,-358.8,137,0,12,1,1,0","hermanos,fist,83.6,-424,167,0,8,1,1,0","hermanos,arm_up,116,-333.4,58,1,22,1,1,0","hermanos,arm_low,160.4,-362.8,155,1,22,1,1,0","hermanos,open,204.4,-422.8,131,0,27,1,1,0","hermanos,leg_up,-41,-178.4,-9.2,1,17,1,1,0","hermanos,leg_low,-43,-78.4,-1,1,23,1,1,0","hermanos,foot,-66.8,-15.4,-2,1,22,1,1,0","hermanos,leg_up,44.4,-176.8,10,0,20,1,1,0","hermanos,leg_low,46,-81.4,-8.5,0,25,1,1,0","hermanos,foot,66.2,-14.4,-2,0,24,1,1,0",,,"hermanos,cape,-66.4,-292.8,3,0,25,1,1,0","hermanos,trumpet,258.4,-429.2,88,0,9,1,1,0",,,,,,,,,,,,,,,,,,,,,,,,,,,,,,,,,,,,,,,,,,,,,,,,,,,,,,,,,,,,,,,,,,,,,,,,,,,,,,,,,,,,,,,,,,,,,,,,,,play_time_mod_7,,
EXCLUDE_CityCourtStart/9,"hermanos,head,5,-471.4,-2,0,10,1,1,0","hermanos,neck,2,-436.4,13,0,18,1,1,0","hermanos,body,1.2,-296.4,3.5,0,15,1,1,0","hermanos,arm_up,-27,-350.4,74,0,14,1,1,0","hermanos,arm_low,42.4,-358.8,136,0,12,1,1,0","hermanos,fist,83.6,-420,169,0,8,1,1,0","hermanos,arm_up,116,-333.4,58,1,22,1,1,0","hermanos,arm_low,160.4,-356.8,155,1,22,1,1,0","hermanos,open,204.4,-418.8,133,0,27,1,1,0","hermanos,leg_up,-41,-178.4,-7.2,1,17,1,1,0","hermanos,leg_low,-43,-78.4,1,1,23,1,1,0","hermanos,foot,-66.8,-15.4,0,1,22,1,1,0","hermanos,leg_up,40.4,-176.8,7,0,20,1,1,0","hermanos,leg_low,44,-81.4,-2.5,0,25,1,1,0","hermanos,foot,66.2,-14.4,0,0,24,1,1,0",,,"hermanos,cape,-68.4,-300.8,0,0,25,1,1,0","hermanos,trumpet,258.4,-431.2,90,0,9,1,1,0",,,,,,,,,,,,,,,,,,,,,,,,,,,,,,,,,,,,,,,,,,,,,,,,,,,,,,,,,,,,,,,,,,,,,,,,,,,,,,,,,,,,,,,,,,,,,,,,,,play_time_mod_15,,
EXCLUDE_CityCourtStart/10,"hermanos,head,11,-465.4,-5,0,4,1,1,0","hermanos,neck,2,-436.4,13,0,18,1,1,0","hermanos,body,-4.8,-296.4,-1.5,0,15,1,1,0","hermanos,arm_up,-91,-328.4,-11,0,17,1,1,0","hermanos,arm_low,-77.6,-271.6,64,0,12,1,1,0","hermanos,fist,-7.2,-247.2,81,0,14,1,1,0","hermanos,arm_up,80,-331.4,24,1,22,1,1,0","hermanos,arm_low,126,-311.2,96,1,22,1,1,0","hermanos,fist,202,-318,91,1,27,1,1,0","hermanos,leg_up,-41,-178.4,-7.2,1,17,1,1,0","hermanos,leg_low,-43,-78.4,1,1,23,1,1,0","hermanos,foot,-66.8,-15.4,0,1,22,1,1,0","hermanos,leg_up,40.4,-176.8,7,0,20,1,1,0","hermanos,leg_low,44,-81.4,-2.5,0,25,1,1,0","hermanos,foot,66.2,-14.4,0,0,24,1,1,0",,,"hermanos,cape,-78.4,-282.8,-9,0,25,1,1,0","hermanos,trumpet,341.2,-272.8,72,0,29,1,1,0",,,,,,,,,,,,,,,,,,,,,,,,,,,,,,,,,,,,,,,,,,,,,,,,,,,,,,,,,,,,,,,,,,,,,,,,,,,,,,,,,,,,,,,,,,,,,,,,,,,,
EXCLUDE_CityCourtStart/11,"hermanos,head,7,-465.4,0,0,4,1,1,0","hermanos,neck,2,-436.4,13,0,18,1,1,0","hermanos,body,-4.8,-296.4,0.5,0,15,1,1,0","hermanos,arm_up,-99,-328.4,-34,0,17,1,1,0","hermanos,arm_low,-133.6,-255.6,10,0,12,1,1,0","hermanos,fist,-107.2,-188.4,54,0,14,1,1,0","hermanos,arm_up,74,-331.4,28,1,22,1,1,0","hermanos,arm_low,92,-277.2,-27,1,22,1,1,0","hermanos,bare,48,-213.6,-72,0,27,1,1,0","hermanos,leg_up,-41,-178.4,-7.2,1,17,1,1,0","hermanos,leg_low,-43,-78.4,1,1,23,1,1,0","hermanos,foot,-66.8,-15.4,0,1,22,1,1,0","hermanos,leg_up,40.4,-176.8,7,0,20,1,1,0","hermanos,leg_low,44,-81.4,-2.5,0,25,1,1,0","hermanos,foot,66.2,-14.4,0,0,24,1,1,0",,,"hermanos,cape,-78.4,-282.8,-7,0,25,1,1,0",,,,,,,,,,,,,,,,,,,,,,,,,,,,,,,,,,,,,,,,,,,,,,,,,,,,,,,,,,,,,,,,,,,,,,,,,,,,,,,,,,,,,,,,,,,,,,,,,,,,,
EXCLUDE_CityIdle/0,"hermanos,head,7,-475,0,0,4,1,1,0","hermanos,neck,2,-446,13,0,18,1,1,0","hermanos,body,-4,-306,0.5,0,15,1,1,0","hermanos,arm_up,-99,-342,-31,0,17,1,1,0","hermanos,arm_low,-147,-275,-31,0,12,1,1,0","hermanos,fist,-180,-208,-26,0,14,1,1,0","hermanos,arm_up,70,-345,20,1,22,1,1,0","hermanos,arm_low,108,-277,26,1,22,1,1,0","hermanos,bare,148,-205,22,0,27,1,1,0","hermanos,leg_up,-41,-178.4,-7.2,1,17,1,1,0","hermanos,leg_low,-43,-78.4,1,1,23,1,1,0","hermanos,foot,-66.8,-15.4,0,1,22,1,1,0","hermanos,leg_up,40.4,-176.8,7,0,20,1,1,0","hermanos,leg_low,44,-81.4,-2.5,0,25,1,1,0","hermanos,foot,66.2,-14.4,0,0,24,1,1,0",,,"hermanos,cape,-78,-292,-7,0,25,1,1,0",,,,,,,,,,,,,,,,,,,,,,,,,,,,,,,,,,,,,,,,,,,,,,,,,,,,,,,,,,,,,,,,,,,,,,,,,,,,,,,,,,,,,,,,,,,,,,,,,,,,play_time_mod_1.5,
EXCLUDE_CityIdle/1,"hermanos,head,11,-471,-2,0,4,1,1,0","hermanos,neck,6,-442,10,0,18,1,1,0","hermanos,body,-4,-302,-1.5,0,15,1,1,0","hermanos,arm_up,-99,-342,-35,0,17,1,1,0","hermanos,arm_low,-147,-279,-27,0,12,1,1,0","hermanos,fist,-176,-208,-23,0,14,1,1,0","hermanos,arm_up,72,-343,22,1,22,1,1,0","hermanos,arm_low,118,-271,38,1,22,1,1,0","hermanos,bare,168,-211,35,0,27,1,1,0","hermanos,leg_up,-41,-178.4,-10.2,1,17,1,1,0","hermanos,leg_low,-47,-78.4,5,1,23,1,1,0","hermanos,foot,-66.8,-15.4,0,1,22,1,1,0","hermanos,leg_up,44.4,-176.8,3,0,20,1,1,0","hermanos,leg_low,48,-81.4,-2.5,0,25,1,1,0","hermanos,foot,66.2,-14.4,0,0,24,1,1,0",,,"hermanos,cape,-78,-292,-9,0,25,1,1,0",,,,,,,,,,,,,,,,,,,,,,,,,,,,,,,,,,,,,,,,,,,,,,,,,,,,,,,,,,,,,,,,,,,,,,,,,,,,,,,,,,,,,,,,,,,,,,,,,,,play_time_mod_1.8,play_time_mod_1.5,
EXCLUDE_CityIdle/2,"hermanos,head,19,-471,-4,0,4,1,1,0","hermanos,neck,14,-442,8,0,18,1,1,0","hermanos,body,-2,-302,-3.5,0,15,1,1,0","hermanos,arm_up,-95,-342,-35,0,17,1,1,0","hermanos,arm_low,-143,-279,-24,0,12,1,1,0","hermanos,fist,-166,-206,-12,0,14,1,1,0","hermanos,arm_up,74,-339,25,1,22,1,1,0","hermanos,arm_low,124,-279,49,1,22,1,1,0","hermanos,bare,192,-227,47,0,27,1,1,0","hermanos,leg_up,-41,-178.4,-13.2,1,17,1,1,0","hermanos,leg_low,-47,-78.4,7,1,23,1,1,0","hermanos,foot,-66.8,-15.4,0,1,22,1,1,0","hermanos,leg_up,48.4,-176.8,5,0,20,1,1,0","hermanos,leg_low,48,-81.4,-4.5,0,25,1,1,0","hermanos,foot,66.2,-14.4,0,0,24,1,1,0",,,"hermanos,cape,-78,-292,-9,0,25,1,1,0",,,,,,,,,,,,,,,,,,,,,,,,,,,,,,,,,,,,,,,,,,,,,,,,,,,,,,,,,,,,,,,,,,,,,,,,,,,,,,,,,,,,,,,,,,,,,,,,,,,play_time_mod_2,play_time_mod_1.5,
EXCLUDE_CityIdle/3,"hermanos,head,23,-471,-6,0,4,1,1,0","hermanos,neck,18,-442,6,0,18,1,1,0","hermanos,body,1,-302,-4.5,0,15,1,1,0","hermanos,arm_up,-91,-342,-33,0,17,1,1,0","hermanos,arm_low,-135,-279,-20,0,12,1,1,0","hermanos,fist,-156,-206,-10,0,14,1,1,0","hermanos,arm_up,78,-339,25,1,22,1,1,0","hermanos,arm_low,132,-279,54,1,22,1,1,0","hermanos,bare,206,-233,56,0,27,1,1,0","hermanos,leg_up,-45,-174.4,-13.2,1,17,1,1,0","hermanos,leg_low,-51,-78.4,7,1,23,1,1,0","hermanos,foot,-66.8,-15.4,0,1,22,1,1,0","hermanos,leg_up,48.4,-176.8,5,0,20,1,1,0","hermanos,leg_low,48,-81.4,-4.5,0,25,1,1,0","hermanos,foot,66.2,-14.4,0,0,24,1,1,0",,,"hermanos,cape,-78,-292,-9,0,25,1,1,0",,,,,,,,,,,,,,,,,,,,,,,,,,,,,,,,,,,,,,,,,,,,,,,,,,,,,,,,,,,,,,,,,,,,,,,,,,,,,,,,,,,,,,,,,,,,,,,,,,,,play_time_mod_1.5,
EXCLUDE_CityIdle/4,"hermanos,head,27,-465,-7,0,4,1,1,0","hermanos,neck,20,-436,8,0,18,1,1,0","hermanos,body,0,-298,-6.5,0,15,1,1,0","hermanos,arm_up,-91,-342,-38,0,17,1,1,0","hermanos,arm_low,-137,-279,-17,0,12,1,1,0","hermanos,fist,-152,-204,1,0,14,1,1,0","hermanos,arm_up,78,-333,27,1,22,1,1,0","hermanos,arm_low,134,-277,60,1,22,1,1,0","hermanos,bare,218,-237,66,0,27,1,1,0","hermanos,leg_up,-45,-174.4,-12.2,1,17,1,1,0","hermanos,leg_low,-51,-72.4,9,1,23,1,1,0","hermanos,foot,-66.8,-15.4,0,1,22,1,1,0","hermanos,leg_up,48.4,-172.8,6,0,20,1,1,0","hermanos,leg_low,48,-81.4,-6.5,0,25,1,1,0","hermanos,foot,66.2,-14.4,0,0,24,1,1,0",,,"hermanos,cape,-78,-292,-11,0,25,1,1,0",,,,,,,,,,,,,,,,,,,,,,,,,,,,,,,,,,,,,,,,,,,,,,,,,,,,,,,,,,,,,,,,,,,,,,,,,,,,,,,,,,,,,,,,,,,,,,,,,,,play_time_mod_2,play_time_mod_1.5,
EXCLUDE_CityIdle/5,"hermanos,head,23,-471,-6,0,4,1,1,0","hermanos,neck,18,-442,6,0,18,1,1,0","hermanos,body,1,-302,-4.5,0,15,1,1,0","hermanos,arm_up,-91,-342,-33,0,17,1,1,0","hermanos,arm_low,-135,-279,-20,0,12,1,1,0","hermanos,fist,-156,-206,-10,0,14,1,1,0","hermanos,arm_up,78,-339,25,1,22,1,1,0","hermanos,arm_low,132,-279,54,1,22,1,1,0","hermanos,bare,206,-233,56,0,27,1,1,0","hermanos,leg_up,-45,-174.4,-13.2,1,17,1,1,0","hermanos,leg_low,-51,-78.4,7,1,23,1,1,0","hermanos,foot,-66.8,-15.4,0,1,22,1,1,0","hermanos,leg_up,48.4,-176.8,5,0,20,1,1,0","hermanos,leg_low,48,-81.4,-4.5,0,25,1,1,0","hermanos,foot,66.2,-14.4,0,0,24,1,1,0",,,"hermanos,cape,-78,-292,-9,0,25,1,1,0",,,,,,,,,,,,,,,,,,,,,,,,,,,,,,,,,,,,,,,,,,,,,,,,,,,,,,,,,,,,,,,,,,,,,,,,,,,,,,,,,,,,,,,,,,,,,,,,,,,,play_time_mod_1.5,
EXCLUDE_CityIdle/6,"hermanos,head,19,-471,-4,0,4,1,1,0","hermanos,neck,14,-442,8,0,18,1,1,0","hermanos,body,-2,-302,-3.5,0,15,1,1,0","hermanos,arm_up,-95,-342,-35,0,17,1,1,0","hermanos,arm_low,-143,-279,-24,0,12,1,1,0","hermanos,fist,-166,-206,-12,0,14,1,1,0","hermanos,arm_up,74,-339,25,1,22,1,1,0","hermanos,arm_low,124,-279,49,1,22,1,1,0","hermanos,bare,192,-227,47,0,27,1,1,0","hermanos,leg_up,-41,-178.4,-13.2,1,17,1,1,0","hermanos,leg_low,-47,-78.4,7,1,23,1,1,0","hermanos,foot,-66.8,-15.4,0,1,22,1,1,0","hermanos,leg_up,48.4,-176.8,5,0,20,1,1,0","hermanos,leg_low,48,-81.4,-4.5,0,25,1,1,0","hermanos,foot,66.2,-14.4,0,0,24,1,1,0",,,"hermanos,cape,-78,-292,-9,0,25,1,1,0",,,,,,,,,,,,,,,,,,,,,,,,,,,,,,,,,,,,,,,,,,,,,,,,,,,,,,,,,,,,,,,,,,,,,,,,,,,,,,,,,,,,,,,,,,,,,,,,,,,play_time_mod_2,play_time_mod_1.5,
EXCLUDE_CityIdle/7,"hermanos,head,11,-471,-2,0,4,1,1,0","hermanos,neck,6,-442,10,0,18,1,1,0","hermanos,body,-4,-302,-1.5,0,15,1,1,0","hermanos,arm_up,-99,-342,-35,0,17,1,1,0","hermanos,arm_low,-147,-279,-27,0,12,1,1,0","hermanos,fist,-176,-208,-23,0,14,1,1,0","hermanos,arm_up,72,-343,22,1,22,1,1,0","hermanos,arm_low,118,-271,38,1,22,1,1,0","hermanos,bare,168,-211,35,0,27,1,1,0","hermanos,leg_up,-41,-178.4,-10.2,1,17,1,1,0","hermanos,leg_low,-47,-78.4,5,1,23,1,1,0","hermanos,foot,-66.8,-15.4,0,1,22,1,1,0","hermanos,leg_up,44.4,-176.8,3,0,20,1,1,0","hermanos,leg_low,48,-81.4,-2.5,0,25,1,1,0","hermanos,foot,66.2,-14.4,0,0,24,1,1,0",,,"hermanos,cape,-78,-292,-9,0,25,1,1,0",,,,,,,,,,,,,,,,,,,,,,,,,,,,,,,,,,,,,,,,,,,,,,,,,,,,,,,,,,,,,,,,,,,,,,,,,,,,,,,,,,,,,,,,,,,,,,,,,,,,play_time_mod_1.5,
EXCLUDE_CityTalk/0,"hermanos,head,7,-465.4,0,0,4,1,1,0","hermanos,neck,2,-436.4,13,0,18,1,1,0","hermanos,body,-4.8,-296.4,0.5,0,15,1,1,0","hermanos,arm_up,-99,-332.4,-45,0,17,1,1,0","hermanos,arm_low,-133.6,-265.6,7,0,12,1,1,0","hermanos,fist,-127.2,-194.4,-10,0,14,1,1,0","hermanos,arm_up,74,-331.4,28,1,22,1,1,0","hermanos,arm_low,128,-291.2,69,1,22,1,1,0","hermanos,bare,206.4,-266,74,0,27,1,1,0","hermanos,leg_up,-41,-178.4,-7.2,1,17,1,1,0","hermanos,leg_low,-43,-78.4,1,1,23,1,1,0","hermanos,foot,-66.8,-15.4,0,1,22,1,1,0","hermanos,leg_up,40.4,-176.8,7,0,20,1,1,0","hermanos,leg_low,44,-81.4,-2.5,0,25,1,1,0","hermanos,foot,66.2,-14.4,0,0,24,1,1,0",,,"hermanos,cape,-78.4,-282.8,-7,0,25,1,1,0",,,,,,,,,,,,,,,,,,,,,,,,,,,,,,,,,,,,,,,,,,,,,,,,,,,,,,,,,,,,,,,,,,,,,,,,,,,,,,,,,,,,,,,,,,,,,,,,,,,,play_time_mod_0.7,
EXCLUDE_CityTalk/1,"hermanos,head,1,-465.4,-4,0,4,1,1,0","hermanos,neck,-4,-436.4,11,0,18,1,1,0","hermanos,body,-4.8,-296.4,3.5,0,15,1,1,0","hermanos,arm_up,-95,-332.4,-42,0,17,1,1,0","hermanos,arm_low,-117.6,-279.6,28,0,17,1,1,0","hermanos,fist,-91.2,-216.4,-20,0,17,1,1,0","hermanos,arm_up,74,-335.4,36,1,22,1,1,0","hermanos,arm_low,134,-307.2,82,1,22,1,1,0","hermanos,bare,220.4,-302,85,0,27,1,1,0","hermanos,leg_up,-41,-178.4,-7.2,1,17,1,1,0","hermanos,leg_low,-43,-78.4,1,1,23,1,1,0","hermanos,foot,-66.8,-15.4,0,1,22,1,1,0","hermanos,leg_up,40.4,-176.8,7,0,20,1,1,0","hermanos,leg_low,44,-81.4,-2.5,0,25,1,1,0","hermanos,foot,66.2,-14.4,0,0,24,1,1,0",,,"hermanos,cape,-78.4,-282.8,-7,0,25,1,1,0",,,,,,,,,,,,,,,,,,,,,,,,,,,,,,,,,,,,,,,,,,,,,,,,,,,,,,,,,,,,,,,,,,,,,,,,,,,,,,,,,,,,,,,,,,,,,,,,,,,,play_time_mod_0.7,
EXCLUDE_CityTalk/2,"hermanos,head,-3,-465.4,0,0,4,1,1,0","hermanos,neck,-4,-436.4,11,0,18,1,1,0","hermanos,body,-4.8,-296.4,5.5,0,15,1,1,0","hermanos,arm_up,-95,-330.4,-37,0,17,1,1,0","hermanos,arm_low,-109.6,-275.6,37,0,17,1,1,0","hermanos,fist,-81.2,-216.4,-9,0,17,1,1,0","hermanos,arm_up,74,-345.4,43,1,22,1,1,0","hermanos,arm_low,136,-345.2,111,1,22,1,1,0","hermanos,bare,212.8,-372.4,105,0,27,1,1,0","hermanos,leg_up,-41,-178.4,-7.2,1,17,1,1,0","hermanos,leg_low,-43,-78.4,1,1,23,1,1,0","hermanos,foot,-66.8,-15.4,0,1,22,1,1,0","hermanos,leg_up,40.4,-176.8,11,0,20,1,1,0","hermanos,leg_low,48,-81.4,-5.5,0,25,1,1,0","hermanos,foot,66.2,-14.4,0,0,24,1,1,0",,,"hermanos,cape,-78.4,-282.8,-7,0,25,1,1,0",,,,,,,,,,,,,,,,,,,,,,,,,,,,,,,,,,,,,,,,,,,,,,,,,,,,,,,,,,,,,,,,,,,,,,,,,,,,,,,,,,,,,,,,,,,,,,,,,,,,play_time_mod_0.7,
EXCLUDE_CityTalk/3,"hermanos,head,-3,-465.4,2,0,4,1,1,0","hermanos,neck,-4,-436.4,11,0,18,1,1,0","hermanos,body,-4.8,-296.4,5.5,0,15,1,1,0","hermanos,arm_up,-95,-330.4,-33,0,17,1,1,0","hermanos,arm_low,-103.6,-271.6,46,0,17,1,1,0","hermanos,fist,-81.2,-216.4,-9,0,17,1,1,0","hermanos,arm_up,74,-345.4,43,1,22,1,1,0","hermanos,arm_low,136,-355.2,130,1,22,1,1,0","hermanos,twopoint,202.8,-408.4,128,0,27,1,1,0","hermanos,leg_up,-41,-178.4,-7.2,1,17,1,1,0","hermanos,leg_low,-43,-78.4,1,1,23,1,1,0","hermanos,foot,-66.8,-15.4,0,1,22,1,1,0","hermanos,leg_up,40.4,-176.8,15,0,20,1,1,0","hermanos,leg_low,48,-81.4,-5.5,0,25,1,1,0","hermanos,foot,66.2,-14.4,0,0,24,1,1,0",,,"hermanos,cape,-78.4,-282.8,-7,0,25,1,1,0",,,,,,,,,,,,,,,,,,,,,,,,,,,,,,,,,,,,,,,,,,,,,,,,,,,,,,,,,,,,,,,,,,,,,,,,,,,,,,,,,,,,,,,,,,,,,,,,,,,,play_time_mod_0.7,
EXCLUDE_CityTalk/4,"hermanos,head,-7,-467.4,6,0,4,1,1,0","hermanos,neck,-4,-436.4,11,0,18,1,1,0","hermanos,body,-4.8,-296.4,5.5,0,15,1,1,0","hermanos,arm_up,-95,-328.4,-26,0,17,1,1,0","hermanos,arm_low,-103.6,-271.6,46,0,17,1,1,0","hermanos,fist,-81.2,-216.4,-9,0,17,1,1,0","hermanos,arm_up,74,-345.4,43,1,22,1,1,0","hermanos,arm_low,124,-371.2,153,1,22,1,1,0","hermanos,twopoint,178.8,-446.4,133,0,27,1,1,0","hermanos,leg_up,-41,-178.4,-7.2,1,17,1,1,0","hermanos,leg_low,-43,-78.4,1,1,23,1,1,0","hermanos,foot,-66.8,-15.4,0,1,22,1,1,0","hermanos,leg_up,40.4,-176.8,15,0,20,1,1,0","hermanos,leg_low,48,-81.4,-5.5,0,25,1,1,0","hermanos,foot,66.2,-14.4,0,0,24,1,1,0",,,"hermanos,cape,-78.4,-282.8,-7,0,25,1,1,0",,,,,,,,,,,,,,,,,,,,,,,,,,,,,,,,,,,,,,,,,,,,,,,,,,,,,,,,,,,,,,,,,,,,,,,,,,,,,,,,,,,,,,,,,,,,,,,,,,,"play_time_mod_1.5,hold",play_time_mod_0.7,
Damaged/0,"hermanos,head,26,-720,0,0,0,1,1,0","hermanos,neck,23,-677,13,0,7,1,1,0","hermanos,body,17,-538,1.5,0,4,1,1,0","hermanos,arm_up,-68,-573,-32,0,6,1,1,0","hermanos,arm_low,-109,-495,2,0,1,1,1,0","hermanos,fist,-95,-424,15,0,3,1,1,0","hermanos,arm_up,93,-580,25,1,21,1,1,0","hermanos,arm_low,147,-515,46,1,21,1,1,0","hermanos,bare,218,-443,22,0,26,1,1,0","hermanos,leg_up,-14,-399,32.8,0,6,1,1,0","hermanos,leg_low,-7,-312,-13,1,12,1,1,0","hermanos,foot_cav,-14,-234,-13,0,11,1,1,0","hermanos,leg_up,61,-396,7,0,19,1,1,0","hermanos,leg_low,65,-301,-2.5,0,24,1,1,0","hermanos,foot,87,-234,0,0,23,1,1,0",,,"hermanos,cape,-57,-523,-7,0,14,1,1,0",,,,,,,,,,"horse_hermanos,head,353,-509,-4,0,1,1,1,0","horse_hermanos,neck,241,-506,-25,0,14,1,1,0","horse_hermanos,body,-36,-272,0,0,14,1,1,0",,"horse_hermanos,arm_low,180,-120,-2,0,16,1,1,0","horse_hermanos,fist,191,-36,2,0,18,1,1,0",,"horse_hermanos,arm_low,112,-127,-10,0,18,1,1,0","horse_hermanos,fist,114,-44,-3,0,22,1.1,1.1,0",,"horse_hermanos,leg_low,-238,-118,0,0,17,1,1,0","horse_hermanos,foot,-227,-36,2,0,19,1,1,0",,"horse_hermanos,leg_low,-143,-132,0,0,18,1,1,0","horse_hermanos,foot,-129,-43,0,0,19,1,1,0",,,"horse_hermanos,tail,-286,-138,-10,0,20,1,1,0","horse_hermanos,seat,-60,-454,25,0,8,1,1,0","horse_hermanos,seat,63,-462,-15,1,8,1,1,0",,,,,,,,,,,,,,,,,,,,,,,,,,,,,,,,,,,,,,,,,,,,,,,,,,,,,,,,,,,,,,,,,,,,,,,,
Damaged/1,"hermanos,head,38,-720,-5,0,0,1,1,0","hermanos,neck,30,-678,11,0,7,1,1,0","hermanos,body,19,-540,-0.5,0,4,1,1,0","hermanos,arm_up,-64,-577,-34,0,6,1,1,0","hermanos,arm_low,-109,-502,-2,0,1,1,1,0","hermanos,fist,-97,-430,13,0,3,1,1,0","hermanos,arm_up,97,-577,23,1,21,1,1,0","hermanos,arm_low,149,-511,44,1,21,1,1,0","hermanos,bare,216,-437,20,0,26,1,1,0","hermanos,leg_up,-16,-401,30.8,0,6,1,1,0","hermanos,leg_low,-13,-314,-15,1,12,1,1,0","hermanos,foot_cav,-22,-236,-15,0,11,1,1,0","hermanos,leg_up,59,-396,5,0,19,1,1,0","hermanos,leg_low,59,-301,-4.5,0,24,1,1,0","hermanos,foot,79,-233,-2,0,23,1,1,0",,,"hermanos,cape,-55,-527,-9,0,14,1,1,0",,,,,,,,,,"horse_hermanos,head,346,-541,9,0,1,1,1,0","horse_hermanos,neck,234,-514,-23,0,14,1,1,0","horse_hermanos,body,-36,-272,1,0,14,1,1,0",,"horse_hermanos,arm_low,185,-120,1,0,16,1,1,0","horse_hermanos,fist,198,-36,2,0,18,1,1,0",,"horse_hermanos,arm_low,112,-127,-10,0,18,1,1,0","horse_hermanos,fist,114,-44,-3,0,22,1.1,1.1,0",,"horse_hermanos,leg_low,-248,-118,-10,0,17,1,1,0","horse_hermanos,foot,-252,-36,-8,0,19,1,1,0",,"horse_hermanos,leg_low,-143,-132,0,0,18,1,1,0","horse_hermanos,foot,-129,-43,0,0,19,1,1,0",,,"horse_hermanos,tail,-283,-138,-10,0,20,1,1,0","horse_hermanos,seat,-60,-454,25,0,8,1,1,0","horse_hermanos,seat,63,-462,-15,1,8,1,1,0",,,,,,,,,,,,,,,,,,,,,,,,,,,,,,,,,,,,,,,,,,,,,,,,,,,,,,,,,,,,,,,,,,,,,,,,
Damaged/2,"hermanos,close,46,-716,-15,0,0,1,1,0","hermanos,neck,32,-678,11,0,7,1,1,0","hermanos,body,19,-540,-1.5,0,4,1,1,0","hermanos,arm_up,-66,-584,-41,0,6,1,1,0","hermanos,arm_low,-116,-514,-9,0,1,1,1,0","hermanos,fist,-118,-442,6,0,3,1,1,0","hermanos,arm_up,97,-579,26,1,21,1,1,0","hermanos,arm_low,152,-516,47,1,21,1,1,0","hermanos,bare,222,-445,23,0,26,1,1,0","hermanos,leg_up,-14,-399,28.8,0,6,1,1,0","hermanos,leg_low,-14,-314,-23,1,12,1,1,0","hermanos,foot_cav,-28,-244,-21,0,11,1,1,0","hermanos,leg_up,59,-396,5,0,19,1,1,0","hermanos,leg_low,59,-301,-4.5,0,24,1,1,0","hermanos,foot,79,-233,-2,0,23,1,1,0",,,"hermanos,cape,-55,-527,-9,0,14,1,1,0",,,,,,,,,,"horse_hermanos,close,331,-556,18,0,1,1,1,0","horse_hermanos,neck,216,-518,-13,0,14,1,1,0","horse_hermanos,body,-35,-272,2,0,14,1,1,0",,"horse_hermanos,arm_low,195,-120,4,0,16,1,1,0","horse_hermanos,fist,210,-36,2,0,18,1,1,0",,"horse_hermanos,arm_low,112,-127,-10,0,18,1,1,0","horse_hermanos,fist,114,-44,-3,0,22,1.1,1.1,0",,"horse_hermanos,leg_low,-255,-118,-14,0,17,1,1,0","horse_hermanos,foot,-265,-41,-25,0,19,1,1,0",,"horse_hermanos,leg_low,-146,-127,-4,0,18,1,1,0","horse_hermanos,foot,-136,-43,2,0,19,1,1,0",,,"horse_hermanos,tail,-286,-124,-32,0,20,1,1,0","horse_hermanos,seat,-60,-454,25,0,8,1,1,0","horse_hermanos,seat,63,-462,-15,1,8,1,1,0",,,,,,,,,,,,,,,,,,,,,,,,,,,,,,,,,,,,,,,,,,,,,,,,,,,,,,,,,,,,,,,,,,,,,,hold,,
Damaged/3,"hermanos,close,64,-707,-22,0,0,1,1,0","hermanos,neck,46,-673,1,0,7,1,1,0","hermanos,body,20,-534,-6.5,0,4,1,1,0","hermanos,arm_up,-67,-584,-47,0,6,1,1,0","hermanos,arm_low,-118,-521,-11,0,1,1,1,0","hermanos,fist,-124,-449,4,0,3,1,1,0","hermanos,arm_up,97,-573,28,1,21,1,1,0","hermanos,arm_low,154,-512,49,1,21,1,1,0","hermanos,bare,226,-443,25,0,26,1,1,0","hermanos,leg_up,-14,-399,28.8,0,6,1,1,0","hermanos,leg_low,-15,-317,-26,1,12,1,1,0","hermanos,foot_cav,-39,-247,-44,0,11,1,1,0","hermanos,leg_up,59,-396,5,0,19,1,1,0","hermanos,leg_low,59,-301,-4.5,0,24,1,1,0","hermanos,foot,79,-233,-2,0,23,1,1,0",,,"hermanos,cape,-55,-527,-9,0,14,1,1,0",,,,,,,,,,"horse_hermanos,close,331,-562,23,0,1,1,1,0","horse_hermanos,neck,213,-520,-12,0,14,1,1,0","horse_hermanos,body,-35,-272,2,0,14,1,1,0",,"horse_hermanos,arm_low,197,-120,7,0,16,1,1,0","horse_hermanos,fist,218,-36,2,0,18,1,1,0",,"horse_hermanos,arm_low,108,-127,-10,0,18,1,1,0","horse_hermanos,fist,109,-44,-6,0,22,1.1,1.1,0",,"horse_hermanos,leg_low,-255,-118,-14,0,17,1,1,0","horse_hermanos,foot,-265,-41,-25,0,19,1,1,0",,"horse_hermanos,leg_low,-146,-127,-4,0,18,1,1,0","horse_hermanos,foot,-136,-43,2,0,19,1,1,0",,,"horse_hermanos,tail,-292,-121,-38,0,20,1,1,0","horse_hermanos,seat,-60,-454,25,0,8,1,1,0","horse_hermanos,seat,63,-462,-15,1,8,1,1,0",,,,,,,,,,,,,,,,,,,,,,,,,,,,,,,,,,,,,,,,,,,,,,,,,,,,,,,,,,,,,,,,,,,,,,,,
Damaged/4,"hermanos,close,46,-716,-15,0,0,1,1,0","hermanos,neck,32,-678,11,0,7,1,1,0","hermanos,body,19,-540,-1.5,0,4,1,1,0","hermanos,arm_up,-66,-584,-41,0,6,1,1,0","hermanos,arm_low,-116,-514,-9,0,1,1,1,0","hermanos,fist,-118,-442,6,0,3,1,1,0","hermanos,arm_up,97,-579,26,1,21,1,1,0","hermanos,arm_low,152,-516,47,1,21,1,1,0","hermanos,bare,222,-445,23,0,26,1,1,0","hermanos,leg_up,-14,-399,28.8,0,6,1,1,0","hermanos,leg_low,-14,-314,-23,1,12,1,1,0","hermanos,foot_cav,-28,-244,-21,0,11,1,1,0","hermanos,leg_up,59,-396,5,0,19,1,1,0","hermanos,leg_low,59,-301,-4.5,0,24,1,1,0","hermanos,foot,79,-233,-2,0,23,1,1,0",,,"hermanos,cape,-55,-527,-9,0,14,1,1,0",,,,,,,,,,"horse_hermanos,close,331,-556,18,0,1,1,1,0","horse_hermanos,neck,216,-518,-13,0,14,1,1,0","horse_hermanos,body,-35,-272,2,0,14,1,1,0",,"horse_hermanos,arm_low,195,-120,4,0,16,1,1,0","horse_hermanos,fist,210,-36,2,0,18,1,1,0",,"horse_hermanos,arm_low,112,-127,-10,0,18,1,1,0","horse_hermanos,fist,114,-44,-3,0,22,1.1,1.1,0",,"horse_hermanos,leg_low,-255,-118,-14,0,17,1,1,0","horse_hermanos,foot,-265,-41,-25,0,19,1,1,0",,"horse_hermanos,leg_low,-146,-127,-4,0,18,1,1,0","horse_hermanos,foot,-136,-43,2,0,19,1,1,0",,,"horse_hermanos,tail,-286,-124,-32,0,20,1,1,0","horse_hermanos,seat,-60,-454,25,0,8,1,1,0","horse_hermanos,seat,63,-462,-15,1,8,1,1,0",,,,,,,,,,,,,,,,,,,,,,,,,,,,,,,,,,,,,,,,,,,,,,,,,,,,,,,,,,,,,,,,,,,,,,,,
Damaged/5,"hermanos,head,38,-720,-5,0,0,1,1,0","hermanos,neck,30,-678,11,0,7,1,1,0","hermanos,body,19,-540,-0.5,0,4,1,1,0","hermanos,arm_up,-64,-577,-34,0,6,1,1,0","hermanos,arm_low,-109,-502,-2,0,1,1,1,0","hermanos,fist,-97,-430,13,0,3,1,1,0","hermanos,arm_up,97,-577,23,1,21,1,1,0","hermanos,arm_low,149,-511,44,1,21,1,1,0","hermanos,bare,216,-437,20,0,26,1,1,0","hermanos,leg_up,-16,-401,30.8,0,6,1,1,0","hermanos,leg_low,-13,-314,-15,1,12,1,1,0","hermanos,foot_cav,-22,-236,-15,0,11,1,1,0","hermanos,leg_up,59,-396,5,0,19,1,1,0","hermanos,leg_low,59,-301,-4.5,0,24,1,1,0","hermanos,foot,79,-233,-2,0,23,1,1,0",,,"hermanos,cape,-55,-527,-9,0,14,1,1,0",,,,,,,,,,"horse_hermanos,head,346,-541,9,0,1,1,1,0","horse_hermanos,neck,234,-514,-23,0,14,1,1,0","horse_hermanos,body,-36,-272,1,0,14,1,1,0",,"horse_hermanos,arm_low,185,-120,1,0,16,1,1,0","horse_hermanos,fist,198,-36,2,0,18,1,1,0",,"horse_hermanos,arm_low,112,-127,-10,0,18,1,1,0","horse_hermanos,fist,114,-44,-3,0,22,1.1,1.1,0",,"horse_hermanos,leg_low,-248,-118,-10,0,17,1,1,0","horse_hermanos,foot,-252,-36,-8,0,19,1,1,0",,"horse_hermanos,leg_low,-143,-132,0,0,18,1,1,0","horse_hermanos,foot,-129,-43,0,0,19,1,1,0",,,"horse_hermanos,tail,-283,-138,-10,0,20,1,1,0","horse_hermanos,seat,-60,-454,25,0,8,1,1,0","horse_hermanos,seat,63,-462,-15,1,8,1,1,0",,,,,,,,,,,,,,,,,,,,,,,,,,,,,,,,,,,,,,,,,,,,,,,,,,,,,,,,,,,,,,,,,,,,,,,,
Default/0,"hermanos,head,26,-706,1,0,3,1,1,0","hermanos,neck,15,-631,-2,0,6,1,1,0","hermanos,body,14,-535,-0.5,0,4,1,1,0","hermanos,arm_up,-85,-597,-77,0,6,1,1,0","hermanos,arm_low,-181,-598,-86,0,6,1,1,0","hermanos,fist,-250,-590,-88,0,5,1,1,0","hermanos,arm_up,117,-604,84,1,13,1,1,0","hermanos,arm_low,211,-610,87,1,13,1,1,0","hermanos,fist,272,-600,81,1,14,1,1,0","hermanos,leg_up,-38,-406,-13,0,8,1,1,0","hermanos,leg_low,-59,-317,-18,0,11,1,1,0","hermanos,foot,-54,-253,-1.6,0,12,1,1,0","hermanos,leg_up,51,-403,9.2,0,14,1,1,0","hermanos,leg_low,61,-299,-1.5,0,19,1,1,0","hermanos,foot,83,-232,4.5,0,23,1,1,0",,,"hermanos,cape,-55,-549,-7,0,25,1,1,0",,,,,,,,,,"horse_hermanos,head,357,-513,-5,0,2,1,1,0","horse_hermanos,neck,245,-509,-25,0,14,1,1,0","horse_hermanos,body,-36,-272,0,0,14,1,1,0","horse_hermanos,arm_up,122,-177,10,0,16,1,1,0","horse_hermanos,arm_low,180,-120,-2,0,16,1,1,0","horse_hermanos,fist,191,-36,2,0,18,1,1,0",,"horse_hermanos,arm_low,112,-127,-10,0,18,1,1,0","horse_hermanos,fist,114,-44,-3,0,22,1.1,1.1,0",,"horse_hermanos,leg_low,-234,-118,0,0,17,1,1,0","horse_hermanos,foot,-227,-36,2,0,19,1,1,0",,"horse_hermanos,leg_low,-143,-132,0,0,18,1,1,0","horse_hermanos,foot,-129,-43,0,0,19,1,1,0",,,"horse_hermanos,tail,-286,-138,-10,0,20,1,1,0","horse_hermanos,seat,-40,-454,25,0,8,1,1,0","horse_hermanos,seat,63,-462,-15,1,8,1,1,0",,,,,,,,,,,,,,,,,,,,,,,,,,,,,,,,,,,,,,,,,,,,,,,,,,,,,,,,,,,,,,,,,,,,,,,,
Die/0,"hermanos,head,28,-720,1,0,0,1,1,0","hermanos,neck,26,-677,12,0,7,1,1,0","hermanos,body,18,-539,1.5,0,4,1,1,0","hermanos,arm_up,-68,-575,-33,0,6,1,1,0","hermanos,arm_low,-112,-498,-3,0,1,1,1,0","hermanos,fist,-104,-427,10,0,3,1,1,0","hermanos,arm_up,93,-576,29,1,21,1,1,0","hermanos,arm_low,146,-515,45,1,21,1,1,0","hermanos,bare,215,-442,21,0,26,1,1,0","hermanos,leg_up,-14,-400,27.8,0,6,1,1,0","hermanos,leg_low,-9,-313,-17,1,12,1,1,0","hermanos,foot_cav,-18,-235,-19,0,11,1,1,0","hermanos,leg_up,60,-396,6,0,19,1,1,0","hermanos,leg_low,62,-301,-3.5,0,24,1,1,0","hermanos,foot,83,-233,-1,0,23,1,1,0",,,"hermanos,cape,-56,-525,-8,0,14,1,1,0",,,,,,,,,,"horse_hermanos,head,372,-497,-9,0,2,1,1,0","horse_hermanos,neck,258,-497,-32,0,14,1,1,0","horse_hermanos,body,-36,-272,0,0,14,1,1,0",,"horse_hermanos,arm_low,180,-120,-2,0,16,1,1,0","horse_hermanos,fist,191,-36,2,0,18,1,1,0",,"horse_hermanos,arm_low,112,-127,-20,0,18,1,1,0","horse_hermanos,fist,94,-44,-23,0,22,1.1,1.1,0",,"horse_hermanos,leg_low,-259,-115,-10,0,17,1,1,0","horse_hermanos,foot,-267,-36,-18,0,19,1,1,0",,"horse_hermanos,leg_low,-153,-132,0,0,18,1,1,0","horse_hermanos,foot,-159,-43,-20,0,19,1,1,0",,,"horse_hermanos,tail,-286,-138,-10,0,20,1,1,0","horse_hermanos,seat,-60,-454,25,0,8,1,1,0","horse_hermanos,seat,63,-462,-15,1,8,1,1,0",,,,,,,,,,,,,,,,,,,,,,,,,,,,,,,,,,,,,,,,,,,,,,,,,,,,,,,,,,,,,,,,,,,,,,,,
Die/1,"hermanos,close,6,-711,14,0,0,1,1,0","hermanos,neck,14,-668,16,0,7,1,1,0","hermanos,body,14,-529,5.5,0,4,1,1,0","hermanos,arm_up,-86,-561,-39,0,6,1,1,0","hermanos,arm_low,-131,-492,-9,0,1,1,1,0","hermanos,fist,-140,-419,-6,0,3,1,1,0","hermanos,arm_up,85,-584,53,1,21,1,1,0","hermanos,arm_low,171,-546,64,1,21,1,1,0","hermanos,bare,247,-532,95,0,26,1,1,0","hermanos,leg_up,-10,-390,38.8,0,6,1,1,0","hermanos,leg_low,3,-309,-17,1,12,1,1,0","hermanos,foot_cav,-12,-231,-39,0,11,1,1,0","hermanos,leg_up,64,-390,10,0,19,1,1,0","hermanos,leg_low,74,-295,0.5,0,24,1,1,0","hermanos,foot,99,-231,3,0,23,1,1,0",,,"hermanos,cape,-60,-511,-4,0,14,1,1,0",,,,,,,,,,"horse_hermanos,head,394,-438,-20,0,2,1,1,0","horse_hermanos,neck,284,-460,-42,0,14,1,1,0","horse_hermanos,body,-37,-261,-2,0,14,1,1,0",,"horse_hermanos,arm_low,175,-117,-3,0,16,1,1,0","horse_hermanos,fist,176,-33,-19,0,18,1,1,0",,"horse_hermanos,arm_low,97,-106,-31,0,18,1,1,0","horse_hermanos,fist,63,-43,-54,0,22,1.1,1.1,0",,"horse_hermanos,leg_low,-287,-120,-31,0,17,1,1,0","horse_hermanos,foot,-333,-41,-49,0,19,1,1,0",,"horse_hermanos,leg_low,-159,-125,-11,0,18,1,1,0","horse_hermanos,foot,-175,-46,-31,0,19,1,1,0",,,"horse_hermanos,tail,-300,-133,-21,0,20,1,1,0","horse_hermanos,seat,-59,-451,24,0,8,1,1,0","horse_hermanos,seat,64,-456,-16,1,8,1,1,0",,,,,,,,,,,,,,,,,,,,,,,,,,,,,,,,,,,,,,,,,,,,,,,,,,,,,,,,,,,,,,,,,,,,,,hold,,
Die/2,"hermanos,close,-2,-690,16,0,0,1,1,0","hermanos,neck,8,-647,18,0,7,1,1,0","hermanos,body,12,-508,7.5,0,4,1,1,0","hermanos,arm_up,-90,-538,-45,0,6,1,1,0","hermanos,arm_low,-148,-471,-19,0,1,1,1,0","hermanos,fist,-168,-402,-14,0,3,1,1,0","hermanos,arm_up,81,-572,60,1,21,1,1,0","hermanos,arm_low,169,-554,76,1,21,1,1,0","hermanos,bare,255,-549,93,0,26,1,1,0","hermanos,leg_up,-8,-369,40.8,0,6,1,1,0","hermanos,leg_low,9,-288,-15,1,12,1,1,0","hermanos,foot_cav,-4,-210,-37,0,11,1,1,0","hermanos,leg_up,66,-371,12,0,19,1,1,0","hermanos,leg_low,80,-276,2.5,0,24,1,1,0","hermanos,foot,107,-214,5,0,23,1,1,0",,,"hermanos,cape,-62,-488,-2,0,14,1,1,0",,,,,,,,,,"horse_hermanos,close,393,-408,-23,0,2,1,1,0","horse_hermanos,neck,283,-438,-47,0,14,1,1,0","horse_hermanos,body,-39,-253,-3,0,14,1,1,0",,"horse_hermanos,arm_low,170,-105,-4,0,16,1,1,0","horse_hermanos,fist,150,-21,-40,0,18,1,1,0",,"horse_hermanos,arm_low,83,-96,-42,0,18,1,1,0","horse_hermanos,fist,37,-33,-55,0,22,1.1,1.1,0",,"horse_hermanos,leg_low,-312,-106,-42,0,17,1,1,0","horse_hermanos,foot,-369,-48,-60,0,19,1,1,0",,"horse_hermanos,leg_low,-181,-108,-25,0,18,1,1,0","horse_hermanos,foot,-211,-41,-42,0,19,1,1,0",,,"horse_hermanos,tail,-304,-130,-22,0,20,1,1,0","horse_hermanos,seat,-58,-443,23,0,8,1,1,0","horse_hermanos,seat,65,-446,-17,1,8,1,1,0",,,,,,,,,,,,,,,,,,,,,,,,,,,,,,,,,,,,,,,,,,,,,,,,,,,,,,,,,,,,,,,,,,,,,,,,
Die/3,"hermanos,close,-6,-669,17,0,0,1,1,0","hermanos,neck,5,-626,19,0,7,1,1,0","hermanos,body,11,-487,8.5,0,4,1,1,0","hermanos,arm_up,-92,-516,-44,0,6,1,1,0","hermanos,arm_low,-148,-448,-18,0,1,1,1,0","hermanos,fist,-167,-378,-13,0,3,1,1,0","hermanos,arm_up,79,-559,70,1,21,1,1,0","hermanos,arm_low,167,-552,87,1,21,1,1,0","hermanos,bare,253,-563,104,0,26,1,1,0","hermanos,leg_up,-7,-348,41.8,0,6,1,1,0","hermanos,leg_low,12,-267,-14,1,12,1,1,0","hermanos,foot_cav,0,-189,-36,0,11,1,1,0","hermanos,leg_up,67,-351,13,0,19,1,1,0","hermanos,leg_low,83,-257,3.5,0,24,1,1,0","hermanos,foot,111,-195,6,0,23,1,1,0",,,"hermanos,cape,-63,-466,-1,0,14,1,1,0",,,,,,,,,,"horse_hermanos,close,398,-374,-24,0,2,1,1,0","horse_hermanos,neck,288,-401,-46,0,14,1,1,0","horse_hermanos,body,-39,-222,-3,0,14,1,1,0",,"horse_hermanos,arm_low,160,-74,-24,0,16,1,1,0","horse_hermanos,fist,120,0,-60,0,18,1,1,0",,"horse_hermanos,arm_low,54,-59,-42,0,18,1,1,0","horse_hermanos,fist,7,-12,-75,0,22,1.1,1.1,0",,"horse_hermanos,leg_low,-323,-80,-42,0,17,1,1,0","horse_hermanos,foot,-389,-19,-70,0,19,1,1,0",,"horse_hermanos,leg_low,-211,-60,-55,0,18,1,1,0","horse_hermanos,foot,-261,-13,-42,0,19,1,1,0",,,"horse_hermanos,tail,-304,-99,-22,0,20,1,1,0","horse_hermanos,seat,-58,-412,23,0,8,1,1,0","horse_hermanos,seat,65,-415,-17,1,8,1,1,0",,,,,,,,,,,,,,,,,,,,,,,,,,,,,,,,,,,,,,,,,,,,,,,,,,,,,,,,,,,,,,,,,,,,,,,,
Die/4,"hermanos,close,-16,-637,22,0,0,1,1,0","hermanos,neck,-1,-594,21,0,7,1,1,0","hermanos,body,9,-455,10.5,0,4,1,1,0","hermanos,arm_up,-94,-482,-42,0,6,1,1,0","hermanos,arm_low,-150,-412,-20,0,1,1,1,0","hermanos,fist,-170,-340,-14,0,3,1,1,0","hermanos,arm_up,75,-531,72,1,21,1,1,0","hermanos,arm_low,153,-555,119,1,21,1,1,0","hermanos,bare,229,-601,116,0,26,1,1,0","hermanos,leg_up,-5,-316,43.8,0,6,1,1,0","hermanos,leg_low,18,-236,-12,1,12,1,1,0","hermanos,foot_cav,8,-157,-34,0,11,1,1,0","hermanos,leg_up,69,-321,15,0,19,1,1,0","hermanos,leg_low,89,-229,5.5,0,24,1,1,0","hermanos,foot,119,-167,8,0,23,1,1,0",,,"hermanos,cape,-65,-432,1,0,14,1,1,0",,,,,,,,,,"horse_hermanos,close,402,-339,-24,0,2,1,1,0","horse_hermanos,neck,292,-366,-46,0,14,1,1,0","horse_hermanos,body,-39,-182,-3,0,14,1,1,0",,"horse_hermanos,arm_low,149,-14,-44,0,16,1,1,0","horse_hermanos,fist,90,30,-80,0,18,1,1,0",,"horse_hermanos,arm_low,54,-29,-52,0,18,1,1,0","horse_hermanos,fist,-23,8,-95,0,22,1.1,1.1,0",,"horse_hermanos,leg_low,-323,-52,-52,0,17,1,1,0","horse_hermanos,foot,-389,-9,-90,0,19,1,1,0",,"horse_hermanos,leg_low,-211,-31,-65,0,18,1,1,0","horse_hermanos,foot,-271,7,-72,0,19,1,1,0",,,"horse_hermanos,tail,-304,-59,-22,0,20,1,1,0","horse_hermanos,seat,-58,-372,23,0,8,1,1,0","horse_hermanos,seat,65,-375,-17,1,8,1,1,0",,,,,,,,,,,,,,,,,,,,,,,,,,,,,,,,,,,,,,,,,,,,,,,,,,,,,,,,,,,,,,,,,,,,,,,,
Die/5,"hermanos,close,-32,-583,24,0,0,1,1,0","hermanos,neck,-15,-540,23,0,7,1,1,0","hermanos,body,-1,-403,12.5,0,4,1,1,0","hermanos,arm_up,-104,-426,-40,0,6,1,1,0","hermanos,arm_low,-163,-354,-22,0,1,1,1,0","hermanos,fist,-186,-282,-22,0,3,1,1,0","hermanos,arm_up,63,-486,90,1,21,1,1,0","hermanos,arm_low,118,-527,151,1,21,1,1,0","hermanos,bare,150,-615,158,0,26,1,1,0","hermanos,leg_up,-11,-262,39.8,0,6,1,1,0","hermanos,leg_low,13,-180,-3,1,12,1,1,0","hermanos,foot_cav,15,-95,-32,0,11,1,1,0","hermanos,leg_up,63,-271,17,0,19,1,1,0","hermanos,leg_low,87,-179,7.5,0,24,1,1,0","hermanos,foot,119,-119,10,0,23,1,1,0",,,"hermanos,cape,-75,-376,3,0,14,1,1,0",,,,,,,,,,"horse_hermanos,close,401,-276,-28,0,2,1,1,0","horse_hermanos,neck,291,-311,-50,0,14,1,1,0","horse_hermanos,body,-39,-132,-3,0,14,1,1,0",,"horse_hermanos,arm_low,149,16,-64,0,16,1,1,0","horse_hermanos,fist,80,40,-110,0,18,1,1,0",,"horse_hermanos,arm_low,44,11,-62,0,30,1,1,0","horse_hermanos,fist,-23,38,-95,0,34,1.1,1.1,0",,"horse_hermanos,leg_low,-323,-12,-62,0,17,1,1,0","horse_hermanos,foot,-389,13,-90,0,19,1,1,0",,"horse_hermanos,leg_low,-211,-1,-75,0,18,1,1,0","horse_hermanos,foot,-281,27,-72,0,19,1,1,0",,,"horse_hermanos,tail,-304,-9,-22,0,20,1,1,0","horse_hermanos,seat,-58,-322,23,0,8,1,1,0","horse_hermanos,seat,65,-325,-17,1,8,1,1,0",,,,,,,,,,,,,,,,,,,,,,,,,,,,,,,,,,,,,,,,,,,,,,,,,,,,,,,,,,,,,,,,,,,,,,,,
Die/6,"hermanos,close,-47,-563,29,0,0,1,1,0","hermanos,neck,-26,-520,24,0,7,1,1,0","hermanos,body,-2,-381,14.5,0,4,1,1,0","hermanos,arm_up,-105,-404,-39,0,6,1,1,0","hermanos,arm_low,-163,-331,-21,0,1,1,1,0","hermanos,fist,-185,-259,-21,0,3,1,1,0","hermanos,arm_up,61,-477,131,1,21,1,1,0","hermanos,arm_low,72,-548,-165,1,21,1,1,0","hermanos,bare,34,-630,-150,0,26,1,1,0","hermanos,leg_up,-9,-242,40.8,0,6,1,1,0","hermanos,leg_low,16,-161,-2,1,12,1,1,0","hermanos,foot_cav,20,-76,-31,0,11,1,1,0","hermanos,leg_up,64,-252,18,0,19,1,1,0","hermanos,leg_low,90,-161,8.5,0,24,1,1,0","hermanos,foot,123,-101,11,0,23,1,1,0",,,"hermanos,cape,-75,-355,4,0,14,1,1,0",,,,,,,,,,"horse_hermanos,close,404,-244,-32,0,2,1,1,0","horse_hermanos,neck,298,-287,-54,0,14,1,1,0","horse_hermanos,body,-39,-122,-3,0,14,1,1,0",,"horse_hermanos,arm_low,129,26,-74,0,16,1,1,0","horse_hermanos,fist,70,40,-120,0,18,1,1,0",,"horse_hermanos,arm_low,44,1,-82,0,30,1,1,0","horse_hermanos,fist,-23,8,-95,0,34,1.1,1.1,0",,"horse_hermanos,leg_low,-323,-12,-72,0,17,1,1,0","horse_hermanos,foot,-389,12,-90,0,19,1,1,0",,"horse_hermanos,leg_low,-211,7,-80,0,18,1,1,0","horse_hermanos,foot,-291,26,-82,0,19,1,1,0",,,"horse_hermanos,tail,-304,1,-22,0,20,1,1,0","horse_hermanos,seat,-58,-312,23,0,8,1,1,0","horse_hermanos,seat,65,-315,-17,1,8,1,1,0",,,,,,,,,,,,,,,,,,,,,,,,,,,,,,,,,,,,,,,,,,,,,,,,,,,,,,,,,,,,,,,,,,,,,,,,
Die/7,"hermanos,close,-50,-556,30,0,0,1,1,0","hermanos,neck,-32,-513,23,0,7,1,1,0","hermanos,body,-2,-375,13.5,0,4,1,1,0","hermanos,arm_up,-107,-390,-35,0,6,1,1,0","hermanos,arm_low,-158,-312,-15,0,1,1,1,0","hermanos,fist,-170,-230,-2,0,3,1,1,0","hermanos,arm_up,48,-473,130,1,21,1,1,0","hermanos,arm_low,46,-525,-138,1,21,1,1,0","hermanos,bare,-24,-575,-111,0,26,1,1,0","hermanos,leg_up,-5,-235,39.8,0,6,1,1,0","hermanos,leg_low,18,-150,-3,1,12,1,1,0","hermanos,foot_cav,26,-65,-32,0,11,1,1,0","hermanos,leg_up,68,-249,17,0,19,1,1,0","hermanos,leg_low,96,-158,7.5,0,24,1,1,0","hermanos,foot,131,-100,10,0,23,1,1,0",,,"hermanos,cape,-75,-346,3,0,14,1,1,0",,,,,,,,,,"horse_hermanos,close,370,-188,-51,0,1,1,1,0","horse_hermanos,neck,308,-259,-69,0,14,1,1.1,0","horse_hermanos,body,-39,-122,-4,0,14,1,1,0",,"horse_hermanos,arm_low,129,26,-74,0,16,1,1,0","horse_hermanos,fist,70,40,-120,0,18,1,1,0",,"horse_hermanos,arm_low,44,1,-82,0,30,1,1,0","horse_hermanos,fist,-23,8,-95,0,34,1.1,1.1,0",,"horse_hermanos,leg_low,-323,-12,-72,0,17,1,1,0","horse_hermanos,foot,-389,12,-90,0,19,1,1,0",,"horse_hermanos,leg_low,-211,7,-80,0,18,1,1,0","horse_hermanos,foot,-291,26,-82,0,19,1,1,0",,,"horse_hermanos,tail,-304,1,-22,0,20,1,1,0","horse_hermanos,seat,-58,-316,20,0,8,1,1,0","horse_hermanos,seat,63,-315,-17,1,8,1,1,0",,,,,,,,,,,,,,,,,,,,,,,,,,,,,,,,,,,,,,,,,,,,,,,,,,,,,,,,,,,,,,,,,,,,,,,,
Idle/0,"hermanos,head,28,-721,-1,0,0,1,1,0","hermanos,neck,23,-677,13,0,7,1,1,0","hermanos,body,17,-538,0.5,0,4,1,1,0","hermanos,arm_up,-68,-573,-31,0,6,1,1,0","hermanos,arm_low,-102,-495,9,0,1,1,1,0","hermanos,fist,-85,-426,24,0,3,1,1,0","hermanos,arm_up,101,-577,25,1,21,1,1,0","hermanos,arm_low,149,-517,46,1,21,1,1,0","hermanos,bare,220,-445,22,0,26,1,1,0","hermanos,leg_up,-14,-399,32.8,0,6,1,1,0","hermanos,leg_low,-7,-312,-13,1,12,1,1,0","hermanos,foot_cav,-14,-234,-13,0,11,1,1,0","hermanos,leg_up,61,-396,7,0,19,1,1,0","hermanos,leg_low,65,-301,-2.5,0,24,1,1,0","hermanos,foot,87,-234,0,0,23,1,1,0",,,"hermanos,cape,-57,-523,-7,0,14,1,1,0",,,,,,,,,,"horse_hermanos,head,356,-511,-5,0,2,1,1,0","horse_hermanos,neck,244,-507,-25,0,15,1,1,0","horse_hermanos,body,-36,-272,0,0,14,1,1,0",,"horse_hermanos,arm_low,180,-120,-2,0,16,1,1,0","horse_hermanos,fist,191,-36,2,0,18,1,1,0",,"horse_hermanos,arm_low,112,-127,-10,0,18,1,1,0","horse_hermanos,fist,114,-44,-3,0,22,1.1,1.1,0",,"horse_hermanos,leg_low,-238,-118,0,0,17,1,1,0","horse_hermanos,foot,-227,-36,2,0,19,1,1,0",,"horse_hermanos,leg_low,-143,-132,0,0,18,1,1,0","horse_hermanos,foot,-129,-43,0,0,19,1,1,0",,,"horse_hermanos,tail,-286,-138,-10,0,20,1,1,0","horse_hermanos,seat,-60,-454,25,0,8,1,1,0","horse_hermanos,seat,63,-462,-15,1,8,1,1,0",,,,,,,,,,,,,,,,,,,,,,,,,,,,,,,,,,,,,,,,,,,,,,,,,,,,,,,,,,,,,,,,,,,,,,play_time_mod_2,,
Idle/1,"hermanos,head,26,-720,0,0,0,1,1,0","hermanos,neck,23,-677,13,0,7,1,1,0","hermanos,body,17,-538,1.5,0,4,1,1,0","hermanos,arm_up,-68,-573,-32,0,6,1,1,0","hermanos,arm_low,-109,-495,2,0,1,1,1,0","hermanos,fist,-95,-424,15,0,3,1,1,0","hermanos,arm_up,93,-580,25,1,21,1,1,0","hermanos,arm_low,147,-515,46,1,21,1,1,0","hermanos,bare,218,-443,22,0,26,1,1,0","hermanos,leg_up,-14,-399,32.8,0,6,1,1,0","hermanos,leg_low,-7,-312,-13,1,12,1,1,0","hermanos,foot_cav,-14,-234,-13,0,11,1,1,0","hermanos,leg_up,61,-396,7,0,19,1,1,0","hermanos,leg_low,65,-301,-2.5,0,24,1,1,0","hermanos,foot,87,-234,0,0,23,1,1,0",,,"hermanos,cape,-57,-523,-7,0,14,1,1,0",,,,,,,,,,"horse_hermanos,head,355,-508,-6,0,2,1,1,0","horse_hermanos,neck,243,-505,-25,0,15,1,1,0","horse_hermanos,body,-36,-272,0,0,14,1,1,0",,"horse_hermanos,arm_low,180,-120,-2,0,16,1,1,0","horse_hermanos,fist,191,-36,2,0,18,1,1,0",,"horse_hermanos,arm_low,112,-127,-10,0,18,1,1,0","horse_hermanos,fist,114,-44,-3,0,22,1.1,1.1,0",,"horse_hermanos,leg_low,-238,-118,0,0,17,1,1,0","horse_hermanos,foot,-227,-36,2,0,19,1,1,0",,"horse_hermanos,leg_low,-143,-132,0,0,18,1,1,0","horse_hermanos,foot,-129,-43,0,0,19,1,1,0",,,"horse_hermanos,tail,-286,-138,-10,0,20,1,1,0","horse_hermanos,seat,-60,-454,25,0,8,1,1,0","horse_hermanos,seat,63,-462,-15,1,8,1,1,0",,,,,,,,,,,,,,,,,,,,,,,,,,,,,,,,,,,,,,,,,,,,,,,,,,,,,,,,,,,,,,,,,,,,,,,,
Idle/2,"hermanos,head,24,-720,2,0,0,1,1,0","hermanos,neck,23,-677,13,0,7,1,1,0","hermanos,body,17,-538,2.5,0,4,1,1,0","hermanos,arm_up,-70,-573,-32,0,6,1,1,0","hermanos,arm_low,-112,-495,-2,0,1,1,1,0","hermanos,fist,-103,-424,11,0,3,1,1,0","hermanos,arm_up,91,-577,30,1,21,1,1,0","hermanos,arm_low,145,-517,46,1,21,1,1,0","hermanos,bare,216,-445,22,0,26,1,1,0","hermanos,leg_up,-13,-399,28.8,0,6,1,1,0","hermanos,leg_low,-6,-312,-16,1,12,1,1,0","hermanos,foot_cav,-14,-234,-18,0,11,1,1,0","hermanos,leg_up,61,-396,7,0,19,1,1,0","hermanos,leg_low,65,-301,-2.5,0,24,1,1,0","hermanos,foot,87,-234,0,0,23,1,1,0",,,"hermanos,cape,-57,-523,-7,0,14,1,1,0",,,,,,,,,,"horse_hermanos,head,358,-503,-7,0,2,1,1,0","horse_hermanos,neck,248,-505,-27,0,15,1,1,0","horse_hermanos,body,-36,-272,0,0,14,1,1,0",,"horse_hermanos,arm_low,180,-120,-2,0,16,1,1,0","horse_hermanos,fist,191,-36,2,0,18,1,1,0",,"horse_hermanos,arm_low,112,-127,-10,0,18,1,1,0","horse_hermanos,fist,114,-44,-3,0,22,1.1,1.1,0",,"horse_hermanos,leg_low,-238,-118,0,0,17,1,1,0","horse_hermanos,foot,-227,-36,2,0,19,1,1,0",,"horse_hermanos,leg_low,-143,-132,0,0,18,1,1,0","horse_hermanos,foot,-129,-43,0,0,19,1,1,0",,,"horse_hermanos,tail,-287,-138,-11,0,20,1,1,0","horse_hermanos,seat,-60,-454,25,0,8,1,1,0","horse_hermanos,seat,63,-462,-15,1,8,1,1,0",,,,,,,,,,,,,,,,,,,,,,,,,,,,,,,,,,,,,,,,,,,,,,,,,,,,,,,,,,,,,,,,,,,,,,play_time_mod_1.25,,
Idle/3,"hermanos,head,21,-720,4,0,0,1,1,0","hermanos,neck,21,-677,13,0,7,1,1,0","hermanos,body,17,-538,3.5,0,4,1,1,0","hermanos,arm_up,-70,-573,-32,0,6,1,1,0","hermanos,arm_low,-113,-495,-4,0,1,1,1,0","hermanos,fist,-108,-424,10,0,3,1,1,0","hermanos,arm_up,89,-580,28,1,21,1,1,0","hermanos,arm_low,141,-518,44,1,21,1,1,0","hermanos,bare,210,-444,20,0,26,1,1,0","hermanos,leg_up,-13,-399,28.8,0,6,1,1,0","hermanos,leg_low,-7,-312,-18,1,12,1,1,0","hermanos,foot_cav,-16,-234,-19,0,11,1,1,0","hermanos,leg_up,61,-396,7,0,19,1,1,0","hermanos,leg_low,65,-301,-2.5,0,24,1,1,0","hermanos,foot,87,-234,0,0,23,1,1,0",,,"hermanos,cape,-57,-523,-7,0,14,1,1,0",,,,,,,,,,"horse_hermanos,head,359,-500,-8,0,1,1,1,0","horse_hermanos,neck,249,-502,-26,0,14,1,1,0","horse_hermanos,body,-36,-271,0,0,14,1,1,0",,"horse_hermanos,arm_low,181,-119,-2,0,16,1,1,0","horse_hermanos,fist,191,-36,3,0,18,1,1,0",,"horse_hermanos,arm_low,112,-126,-10,0,18,1,1,0","horse_hermanos,fist,114,-44,-3,0,22,1.1,1.1,0",,"horse_hermanos,leg_low,-238,-118,0,0,17,1,1,0","horse_hermanos,foot,-227,-36,2,0,19,1,1,0",,"horse_hermanos,leg_low,-143,-132,0,0,18,1,1,0","horse_hermanos,foot,-129,-43,0,0,19,1,1,0",,,"horse_hermanos,tail,-290,-136,-17,0,20,1,1,0","horse_hermanos,seat,-60,-452,25,0,8,1,1,0","horse_hermanos,seat,63,-460,-15,1,8,1,1,0",,,,,,,,,,,,,,,,,,,,,,,,,,,,,,,,,,,,,,,,,,,,,,,,,,,,,,,,,,,,,,,,,,,,,,play_time_mod_1.25,,
Idle/4,"hermanos,head,20,-716,5,0,0,1,1,0","hermanos,neck,21,-673,13,0,7,1,1,0","hermanos,body,17,-534,3.5,0,4,1,1,0","hermanos,arm_up,-70,-570,-34,0,6,1,1,0","hermanos,arm_low,-113,-493,-5,0,1,1,1,0","hermanos,fist,-110,-420,8,0,3,1,1,0","hermanos,arm_up,90,-577,27,1,21,1,1,0","hermanos,arm_low,141,-514,43,1,21,1,1,0","hermanos,bare,209,-439,19,0,26,1,1,0","hermanos,leg_up,-13,-395,28.8,0,6,1,1,0","hermanos,leg_low,-7,-308,-18,1,12,1,1,0","hermanos,foot_cav,-16,-230,-19,0,11,1,1,0","hermanos,leg_up,61,-392,7,0,19,1,1,0","hermanos,leg_low,65,-297,-2.5,0,24,1,1,0","hermanos,foot,87,-230,0,0,23,1,1,0",,,"hermanos,cape,-57,-519,-7,0,14,1,1,0",,,,,,,,,,"horse_hermanos,head,360,-492,-9,0,1,1,1,0","horse_hermanos,neck,251,-499,-27,0,14,1,1,0","horse_hermanos,body,-36,-268,0,0,14,1,1,0",,"horse_hermanos,arm_low,180,-118,1,0,16,1,1,0","horse_hermanos,fist,191,-36,3,0,18,1,1,0",,"horse_hermanos,arm_low,112,-123,-10,0,18,1,1,0","horse_hermanos,fist,114,-42,-1,0,22,1.1,1.1,0",,"horse_hermanos,leg_low,-238,-118,0,0,17,1,1,0","horse_hermanos,foot,-227,-36,2,0,19,1,1,0",,"horse_hermanos,leg_low,-143,-132,0,0,18,1,1,0","horse_hermanos,foot,-129,-43,0,0,19,1,1,0",,,"horse_hermanos,tail,-295,-134,-20,0,20,1,1,0","horse_hermanos,seat,-60,-451,25,0,8,1,1,0","horse_hermanos,seat,63,-458,-15,1,8,1,1,0",,,,,,,,,,,,,,,,,,,,,,,,,,,,,,,,,,,,,,,,,,,,,,,,,,,,,,,,,,,,,,,,,,,,,,play_time_mod_2,,
Idle/5,"hermanos,head,24,-720,2,0,0,1,1,0","hermanos,neck,23,-677,13,0,7,1,1,0","hermanos,body,17,-538,2.5,0,4,1,1,0","hermanos,arm_up,-70,-573,-32,0,6,1,1,0","hermanos,arm_low,-112,-495,-2,0,1,1,1,0","hermanos,fist,-103,-424,11,0,3,1,1,0","hermanos,arm_up,91,-577,30,1,21,1,1,0","hermanos,arm_low,145,-517,46,1,21,1,1,0","hermanos,bare,216,-445,22,0,26,1,1,0","hermanos,leg_up,-13,-399,28.8,0,6,1,1,0","hermanos,leg_low,-6,-312,-16,1,12,1,1,0","hermanos,foot_cav,-14,-234,-18,0,11,1,1,0","hermanos,leg_up,61,-396,7,0,19,1,1,0","hermanos,leg_low,65,-301,-2.5,0,24,1,1,0","hermanos,foot,87,-234,0,0,23,1,1,0",,,"hermanos,cape,-57,-523,-7,0,14,1,1,0",,,,,,,,,,"horse_hermanos,head,358,-503,-7,0,1,1,1,0","horse_hermanos,neck,248,-505,-27,0,14,1,1,0","horse_hermanos,body,-36,-272,0,0,14,1,1,0",,"horse_hermanos,arm_low,180,-120,-2,0,16,1,1,0","horse_hermanos,fist,191,-36,2,0,18,1,1,0",,"horse_hermanos,arm_low,112,-127,-10,0,18,1,1,0","horse_hermanos,fist,114,-44,-3,0,22,1.1,1.1,0",,"horse_hermanos,leg_low,-238,-118,0,0,17,1,1,0","horse_hermanos,foot,-227,-36,2,0,19,1,1,0",,"horse_hermanos,leg_low,-143,-132,0,0,18,1,1,0","horse_hermanos,foot,-129,-43,0,0,19,1,1,0",,,"horse_hermanos,tail,-287,-138,-11,0,20,1,1,0","horse_hermanos,seat,-60,-454,25,0,8,1,1,0","horse_hermanos,seat,63,-462,-15,1,8,1,1,0",,,,,,,,,,,,,,,,,,,,,,,,,,,,,,,,,,,,,,,,,,,,,,,,,,,,,,,,,,,,,,,,,,,,,,play_time_mod_1.25,,
Idle/6,"hermanos,head,26,-720,0,0,0,1,1,0","hermanos,neck,23,-677,13,0,7,1,1,0","hermanos,body,17,-538,1.5,0,4,1,1,0","hermanos,arm_up,-68,-573,-32,0,6,1,1,0","hermanos,arm_low,-109,-495,2,0,1,1,1,0","hermanos,fist,-95,-424,15,0,3,1,1,0","hermanos,arm_up,93,-580,25,1,21,1,1,0","hermanos,arm_low,147,-515,46,1,21,1,1,0","hermanos,bare,218,-443,22,0,26,1,1,0","hermanos,leg_up,-14,-399,32.8,0,6,1,1,0","hermanos,leg_low,-7,-312,-13,1,12,1,1,0","hermanos,foot_cav,-14,-234,-13,0,11,1,1,0","hermanos,leg_up,61,-396,7,0,19,1,1,0","hermanos,leg_low,65,-301,-2.5,0,24,1,1,0","hermanos,foot,87,-234,0,0,23,1,1,0",,,"hermanos,cape,-57,-523,-7,0,14,1,1,0",,,,,,,,,,"horse_hermanos,head,355,-508,-6,0,1,1,1,0","horse_hermanos,neck,243,-505,-25,0,14,1,1,0","horse_hermanos,body,-36,-272,0,0,14,1,1,0",,"horse_hermanos,arm_low,180,-120,-2,0,16,1,1,0","horse_hermanos,fist,191,-36,2,0,18,1,1,0",,"horse_hermanos,arm_low,112,-127,-10,0,18,1,1,0","horse_hermanos,fist,114,-44,-3,0,22,1.1,1.1,0",,"horse_hermanos,leg_low,-238,-118,0,0,17,1,1,0","horse_hermanos,foot,-227,-36,2,0,19,1,1,0",,"horse_hermanos,leg_low,-143,-132,0,0,18,1,1,0","horse_hermanos,foot,-129,-43,0,0,19,1,1,0",,,"horse_hermanos,tail,-286,-138,-10,0,20,1,1,0","horse_hermanos,seat,-60,-454,25,0,8,1,1,0","horse_hermanos,seat,63,-462,-15,1,8,1,1,0",,,,,,,,,,,,,,,,,,,,,,,,,,,,,,,,,,,,,,,,,,,,,,,,,,,,,,,,,,,,,,,,,,,,,,play_time_mod_1.2,,
Knockdown/0,"hermanos,head,24,-720,2,0,0,1,1,0","hermanos,neck,23,-677,13,0,7,1,1,0","hermanos,body,17,-538,2.5,0,4,1,1,0","hermanos,arm_up,-70,-573,-32,0,6,1,1,0","hermanos,arm_low,-112,-495,-2,0,1,1,1,0","hermanos,fist,-103,-424,11,0,3,1,1,0","hermanos,arm_up,91,-577,30,1,21,1,1,0","hermanos,arm_low,145,-517,46,1,21,1,1,0","hermanos,bare,216,-445,22,0,26,1,1,0","hermanos,leg_up,-13,-399,28.8,0,6,1,1,0","hermanos,leg_low,-6,-312,-16,1,12,1,1,0","hermanos,foot_cav,-14,-234,-18,0,11,1,1,0","hermanos,leg_up,61,-396,7,0,19,1,1,0","hermanos,leg_low,65,-301,-2.5,0,24,1,1,0","hermanos,foot,87,-234,0,0,23,1,1,0",,,"hermanos,cape,-57,-523,-7,0,14,1,1,0",,,,,,,,,,"horse_hermanos,head,370,-495,-9,0,1,1,1,0","horse_hermanos,neck,258,-495,-31,0,14,1,1,0","horse_hermanos,body,-36,-272,0,0,14,1,1,0",,"horse_hermanos,arm_low,180,-120,-2,0,16,1,1,0","horse_hermanos,fist,191,-36,2,0,18,1,1,0",,"horse_hermanos,arm_low,112,-127,-20,0,18,1,1,0","horse_hermanos,fist,94,-44,-23,0,22,1.1,1.1,0",,"horse_hermanos,leg_low,-259,-115,-10,0,17,1,1,0","horse_hermanos,foot,-267,-36,-18,0,19,1,1,0",,"horse_hermanos,leg_low,-153,-132,0,0,18,1,1,0","horse_hermanos,foot,-159,-43,-20,0,19,1,1,0",,,"horse_hermanos,tail,-286,-138,-10,0,20,1,1,0","horse_hermanos,seat,-60,-454,25,0,8,1,1,0","horse_hermanos,seat,63,-462,-15,1,8,1,1,0",,,,,,,,,,,,,,,,,,,,,,,,,,,,,,,,,,,,,,,,,,,,,,,,,,,,,,,,,,,,,,,,,,,,,,,play_time_mod_0.5,
Knockdown/1,"hermanos,head,37,-707,-6,0,0,1,1,0","hermanos,neck,30,-666,11,0,7,1,1,0","hermanos,body,19,-529,0.5,0,4,1,1,0","hermanos,arm_up,-66,-566,-34,0,6,1,1,0","hermanos,arm_low,-112,-490,-4,0,1,1,1,0","hermanos,fist,-105,-419,9,0,3,1,1,0","hermanos,arm_up,95,-564,28,1,21,1,1,0","hermanos,arm_low,147,-502,44,1,21,1,1,0","hermanos,bare,214,-428,20,0,26,1,1,0","hermanos,leg_up,-15,-390,26.8,0,6,1,1,0","hermanos,leg_low,-12,-303,-18,1,12,1,1,0","hermanos,foot_cav,-22,-225,-20,0,11,1,1,0","hermanos,leg_up,59,-385,5,0,19,1,1,0","hermanos,leg_low,59,-290,-4.5,0,24,1,1,0","hermanos,foot,79,-221,-2,0,23,1,1,0",,,"hermanos,cape,-55,-516,-9,0,14,1,1,0",,,,,,,,,,"horse_hermanos,head,392,-438,-20,0,1,1,1,0","horse_hermanos,neck,282,-460,-42,0,14,1,1,0","horse_hermanos,body,-37,-261,-2,0,14,1,1,0",,"horse_hermanos,arm_low,175,-117,-3,0,16,1,1,0","horse_hermanos,fist,176,-33,-19,0,18,1,1,0",,"horse_hermanos,arm_low,97,-106,-31,0,18,1,1,0","horse_hermanos,fist,63,-43,-54,0,22,1.1,1.1,0",,"horse_hermanos,leg_low,-287,-120,-31,0,17,1,1,0","horse_hermanos,foot,-333,-41,-49,0,19,1,1,0",,"horse_hermanos,leg_low,-159,-125,-11,0,18,1,1,0","horse_hermanos,foot,-175,-46,-31,0,19,1,1,0",,,"horse_hermanos,tail,-300,-133,-21,0,20,1,1,0","horse_hermanos,seat,-59,-451,24,0,8,1,1,0","horse_hermanos,seat,64,-456,-16,1,8,1,1,0",,,,,,,,,,,,,,,,,,,,,,,,,,,,,,,,,,,,,,,,,,,,,,,,,,,,,,,,,,,,,,,,,,,,,,,play_time_mod_0.5,
Knockdown/2,"hermanos,close,96,-677,-19,0,0,1,1,0","hermanos,neck,80,-636,-12,0,7,1,1,0","hermanos,body,36,-505,-12.5,0,4,1,1,0","hermanos,arm_up,-42,-567,-57,0,6,1,1,0","hermanos,arm_low,-73,-519,13,0,1,1,1,0","hermanos,fist,-55,-449,26,0,3,1,1,0","hermanos,arm_up,117,-526,15,1,21,1,1,0","hermanos,arm_low,157,-456,31,1,21,1,1,0","hermanos,bare,210,-371,7,0,26,1,1,0","hermanos,leg_up,-22,-374,13.8,0,6,1,1,0","hermanos,leg_low,-34,-288,-31,1,12,1,1,0","hermanos,foot_cav,-63,-219,-43,0,11,1,1,0","hermanos,leg_up,50,-356,-8,0,19,1,1,0","hermanos,leg_low,34,-262,-17.5,0,24,1,1,0","hermanos,foot,41,-193,-19,0,23,1,1,0",,,"hermanos,cape,-39,-505,-22,0,14,1,1,0",,,,,,,,,,"horse_hermanos,close,392,-407,-22,0,1,1,1,0","horse_hermanos,neck,282,-435,-46,0,14,1,1,0","horse_hermanos,body,-39,-253,-3,0,14,1,1,0",,"horse_hermanos,arm_low,170,-105,-4,0,16,1,1,0","horse_hermanos,fist,150,-21,-40,0,18,1,1,0",,"horse_hermanos,arm_low,83,-96,-42,0,18,1,1,0","horse_hermanos,fist,37,-33,-55,0,22,1.1,1.1,0",,"horse_hermanos,leg_low,-312,-106,-42,0,17,1,1,0","horse_hermanos,foot,-369,-48,-60,0,19,1,1,0",,"horse_hermanos,leg_low,-181,-108,-25,0,18,1,1,0","horse_hermanos,foot,-211,-41,-42,0,19,1,1,0",,,"horse_hermanos,tail,-304,-130,-22,0,20,1,1,0","horse_hermanos,seat,-58,-443,23,0,8,1,1,0","horse_hermanos,seat,65,-446,-17,1,8,1,1,0",,,,,,,,,,,,,,,,,,,,,,,,,,,,,,,,,,,,,,,,,,,,,,,,,,,,,,,,,,,,,,,,,,,,,,hold,play_time_mod_0.5,
Knockdown/3,"hermanos,close,105,-607,-29,0,0,1,1,0","hermanos,neck,88,-578,-14,0,7,1,1,0","hermanos,body,38,-446,-15.5,0,4,1,1,0","hermanos,arm_up,-38,-513,-59,0,6,1,1,0","hermanos,arm_low,-69,-465,11,0,1,1,1,0","hermanos,fist,-55,-395,24,0,3,1,1,0","hermanos,arm_up,121,-466,13,1,21,1,1,0","hermanos,arm_low,157,-394,29,1,21,1,1,0","hermanos,bare,208,-309,5,0,26,1,1,0","hermanos,leg_up,-24,-320,11.8,0,6,1,1,0","hermanos,leg_low,-38,-234,-33,1,12,1,1,0","hermanos,foot_cav,-71,-165,-45,0,11,1,1,0","hermanos,leg_up,48,-298,-10,0,19,1,1,0","hermanos,leg_low,28,-206,-19.5,0,24,1,1,0","hermanos,foot,33,-137,-21,0,23,1,1,0",,,"hermanos,cape,-37,-451,-24,0,14,1,1,0",,,,,,,,,,"horse_hermanos,close,389,-372,-24,0,1,1,1,0","horse_hermanos,neck,279,-399,-46,0,14,1,1,0","horse_hermanos,body,-39,-222,-3,0,14,1,1,0",,"horse_hermanos,arm_low,160,-74,-24,0,16,1,1,0","horse_hermanos,fist,120,0,-60,0,18,1,1,0",,"horse_hermanos,arm_low,54,-59,-42,0,18,1,1,0","horse_hermanos,fist,7,-12,-75,0,22,1.1,1.1,0",,"horse_hermanos,leg_low,-323,-80,-42,0,17,1,1,0","horse_hermanos,foot,-389,-19,-70,0,19,1,1,0",,"horse_hermanos,leg_low,-211,-60,-55,0,18,1,1,0","horse_hermanos,foot,-261,-13,-42,0,19,1,1,0",,,"horse_hermanos,tail,-304,-99,-22,0,20,1,1,0","horse_hermanos,seat,-58,-412,23,0,8,1,1,0","horse_hermanos,seat,65,-415,-17,1,8,1,1,0",,,,,,,,,,,,,,,,,,,,,,,,,,,,,,,,,,,,,,,,,,,,,,,,,,,,,,,,,,,,,,,,,,,,,,,play_time_mod_0.5,
Knockdown/4,"hermanos,close,121,-562,-33,0,0,1,1,0","hermanos,neck,104,-535,-18,0,7,1,1,0","hermanos,body,45,-402,-21.5,0,4,1,1,0","hermanos,arm_up,-27,-469,-53,0,6,1,1,0","hermanos,arm_low,-57,-419,17,0,1,1,1,0","hermanos,fist,-38,-351,30,0,3,1,1,0","hermanos,arm_up,129,-417,7,1,21,1,1,0","hermanos,arm_low,157,-345,25,1,21,1,1,0","hermanos,bare,204,-259,1,0,26,1,1,0","hermanos,leg_up,-28,-287,7.8,0,6,1,1,0","hermanos,leg_low,-46,-201,-37,1,12,1,1,0","hermanos,foot_cav,-86,-134,-49,0,11,1,1,0","hermanos,leg_up,44,-257,-14,0,19,1,1,0","hermanos,leg_low,16,-169,-23.5,0,24,1,1,0","hermanos,foot,17,-100,-25,0,23,1,1,0",,,"hermanos,cape,-44,-386,-28,0,14,1,1,0",,,,,,,,,,"horse_hermanos,close,413,-313,-22,0,2,1,1,0","horse_hermanos,neck,299,-346,-54,0,14,1,1,0","horse_hermanos,body,-39,-182,-3,0,14,1,1,0",,"horse_hermanos,arm_low,149,-14,-44,0,16,1,1,0","horse_hermanos,fist,90,30,-80,0,18,1,1,0",,"horse_hermanos,arm_low,54,-29,-52,0,18,1,1,0","horse_hermanos,fist,-23,8,-95,0,22,1.1,1.1,0",,"horse_hermanos,leg_low,-323,-52,-52,0,17,1,1,0","horse_hermanos,foot,-389,-9,-90,0,19,1,1,0",,"horse_hermanos,leg_low,-211,-31,-65,0,18,1,1,0","horse_hermanos,foot,-271,7,-72,0,19,1,1,0",,,"horse_hermanos,tail,-304,-59,-22,0,20,1,1,0","horse_hermanos,seat,-58,-372,23,0,8,1,1,0","horse_hermanos,seat,65,-375,-17,1,8,1,1,0",,,,,,,,,,,,,,,,,,,,,,,,,,,,,,,,,,,,,,,,,,,,,,,,,,,,,,,,,,,,,,,,,,,,,,,play_time_mod_0.5,
Knockdown/5,"hermanos,close,141,-503,-45,0,0,1,1,0","hermanos,neck,112,-478,-28,0,7,1,1,0","hermanos,body,45,-360,-23.5,0,4,1,1,0","hermanos,arm_up,-27,-426,-46,0,6,1,1,0","hermanos,arm_low,-56,-369,17,0,1,1,1,0","hermanos,fist,-37,-301,30,0,3,1,1,0","hermanos,arm_up,130,-367,-4,1,21,1,1,0","hermanos,arm_low,144,-291,14,1,21,1,1,0","hermanos,bare,175,-197,-10,0,26,1,1,0","hermanos,leg_up,-28,-247,7.8,0,6,1,1,0","hermanos,leg_low,-46,-161,-37,1,12,1,1,0","hermanos,foot_cav,-86,-94,-49,0,11,1,1,0","hermanos,leg_up,44,-217,-14,0,19,1,1,0","hermanos,leg_low,16,-129,-23.5,0,24,1,1,0","hermanos,foot,17,-60,-25,0,23,1,1,0",,,"hermanos,cape,-44,-346,-28,0,14,1,1,0",,,,,,,,,,"horse_hermanos,close,388,-234,-26,0,2,1,1,0","horse_hermanos,neck,300,-279,-63,0,14,1,1,0","horse_hermanos,body,-39,-132,-3,0,14,1,1,0",,"horse_hermanos,arm_low,149,16,-64,0,16,1,1,0","horse_hermanos,fist,80,40,-110,0,18,1,1,0",,"horse_hermanos,arm_low,44,11,-62,0,30,1,1,0","horse_hermanos,fist,-23,38,-95,0,34,1.1,1.1,0",,"horse_hermanos,leg_low,-323,-12,-62,0,17,1,1,0","horse_hermanos,foot,-389,13,-90,0,19,1,1,0",,"horse_hermanos,leg_low,-211,-1,-75,0,18,1,1,0","horse_hermanos,foot,-281,27,-72,0,19,1,1,0",,,"horse_hermanos,tail,-304,-9,-22,0,20,1,1,0","horse_hermanos,seat,-58,-322,23,0,8,1,1,0","horse_hermanos,seat,65,-325,-17,1,8,1,1,0",,,,,,,,,,,,,,,,,,,,,,,,,,,,,,,,,,,,,,,,,,,,,,,,,,,,,,,,,,,,,,,,,,,,,,,play_time_mod_0.5,
Knockdown/6,"hermanos,close,148,-491,-47,0,0,1,1,0","hermanos,neck,117,-468,-30,0,7,1,1,0","hermanos,body,46,-352,-25.5,0,4,1,1,0","hermanos,arm_up,-22,-420,-48,0,6,1,1,0","hermanos,arm_low,-53,-365,15,0,1,1,1,0","hermanos,fist,-38,-295,28,0,3,1,1,0","hermanos,arm_up,131,-355,-6,1,21,1,1,0","hermanos,arm_low,143,-279,12,1,21,1,1,0","hermanos,bare,171,-185,-12,0,26,1,1,0","hermanos,leg_up,-31,-241,5.8,0,6,1,1,0","hermanos,leg_low,-51,-157,-39,1,12,1,1,0","hermanos,foot_cav,-93,-90,-51,0,11,1,1,0","hermanos,leg_up,41,-209,-16,0,19,1,1,0","hermanos,leg_low,9,-123,-25.5,0,24,1,1,0","hermanos,foot,8,-54,-27,0,23,1,1,0",,,"hermanos,cape,-43,-341,-30,0,14,1,1,0",,,,,,,,,,"horse_hermanos,close,384,-224,-27,0,2,1,1,0","horse_hermanos,neck,296,-271,-64,0,14,1,1,0","horse_hermanos,body,-39,-122,-3,0,14,1,1,0",,"horse_hermanos,arm_low,129,26,-74,0,16,1,1,0","horse_hermanos,fist,70,40,-120,0,18,1,1,0",,"horse_hermanos,arm_low,44,1,-82,0,30,1,1,0","horse_hermanos,fist,-23,8,-95,0,34,1.1,1.1,0",,"horse_hermanos,leg_low,-323,-12,-72,0,17,1,1,0","horse_hermanos,foot,-389,12,-90,0,19,1,1,0",,"horse_hermanos,leg_low,-211,7,-80,0,18,1,1,0","horse_hermanos,foot,-291,26,-82,0,19,1,1,0",,,"horse_hermanos,tail,-304,1,-22,0,20,1,1,0","horse_hermanos,seat,-58,-312,23,0,8,1,1,0","horse_hermanos,seat,65,-315,-17,1,8,1,1,0",,,,,,,,,,,,,,,,,,,,,,,,,,,,,,,,,,,,,,,,,,,,,,,,,,,,,,,,,,,,,,,,,,,,,,,play_time_mod_0.5,
Knockdown/7,"hermanos,close,148,-486,-54,0,0,1,1,0","hermanos,neck,117,-468,-30,0,7,1,1,0","hermanos,body,46,-352,-25.5,0,4,1,1,0","hermanos,arm_up,-22,-417,-40,0,6,1,1,0","hermanos,arm_low,-51,-355,15,0,1,1,1,0","hermanos,fist,-36,-285,28,0,3,1,1,0","hermanos,arm_up,130,-355,-9,1,21,1,1,0","hermanos,arm_low,138,-278,2,1,21,1,1,0","hermanos,bare,150,-180,-22,0,26,1,1,0","hermanos,leg_up,-31,-241,5.8,0,6,1,1,0","hermanos,leg_low,-51,-157,-39,1,12,1,1,0","hermanos,foot_cav,-93,-90,-51,0,11,1,1,0","hermanos,leg_up,41,-209,-16,0,19,1,1,0","hermanos,leg_low,9,-123,-25.5,0,24,1,1,0","hermanos,foot,8,-54,-27,0,23,1,1,0",,,"hermanos,cape,-43,-341,-30,0,14,1,1,0",,,,,,,,,,"horse_hermanos,close,384,-206,-31,0,2,1,1,0","horse_hermanos,neck,301,-257,-66,0,14,1,1,0","horse_hermanos,body,-39,-122,-3,0,14,1,1,0",,"horse_hermanos,arm_low,129,26,-74,0,16,1,1,0","horse_hermanos,fist,70,40,-120,0,18,1,1,0",,"horse_hermanos,arm_low,44,1,-82,0,30,1,1,0","horse_hermanos,fist,-23,8,-95,0,34,1.1,1.1,0",,"horse_hermanos,leg_low,-323,-12,-72,0,17,1,1,0","horse_hermanos,foot,-389,12,-90,0,19,1,1,0",,"horse_hermanos,leg_low,-211,7,-80,0,18,1,1,0","horse_hermanos,foot,-291,26,-82,0,19,1,1,0",,,"horse_hermanos,tail,-304,1,-22,0,20,1,1,0","horse_hermanos,seat,-58,-316,20,0,8,1,1,0","horse_hermanos,seat,66,-315,-25,1,8,1,1,0",,,,,,,,,,,,,,,,,,,,,,,,,,,,,,,,,,,,,,,,,,,,,,,,,,,,,,,,,,,,,,,,,,,,,,,play_time_mod_0.5,
Run/0,"hermanos,head,45,-716,-6,0,0,1,1,0","hermanos,neck,36,-675,11,0,7,1,1,0","hermanos,body,17,-533,-4.5,0,4,1,1,0","hermanos,arm_up,-63,-576,-23,0,6,1,1,0","hermanos,arm_low,-80,-507,24,0,1,1,1,0","hermanos,fist,-42,-446,32,0,3,1,1,0","hermanos,arm_up,101,-576,22,1,21,1,1,0","hermanos,arm_low,151,-512,44,1,21,1,1,0","hermanos,bare,218,-438,20,0,26,1,1,0","hermanos,leg_up,-18,-402,27.8,0,6,1,1,0","hermanos,leg_low,-9,-312,-10,1,12,1,1,0","hermanos,foot_cav,-11,-234,-20,0,11,1,1,0","hermanos,leg_up,59,-395,5,0,19,1,1,0","hermanos,leg_low,59,-300,-4.5,0,24,1,1,0","hermanos,foot,79,-233,-2,0,23,1,1,0",,,"hermanos,cape,-86,-547,-24,0,14,1,1,0",,,,,,,,,,"horse_hermanos,head,366,-514,9,0,2,1,1,0","horse_hermanos,neck,256,-499,-29,0,15,1,1,0","horse_hermanos,body_move,-36,-270,0,0,14,1,1,0","horse_hermanos,arm_up,244,-246,70,0,16,1,1,0","horse_hermanos,arm_low,269,-184,-3,0,17,1,1,0","horse_hermanos,fist,253,-115,-63,0,18,1,1,0","horse_hermanos,arm_up,161,-236,-10,0,16,1,1,0","horse_hermanos,arm_low,155,-121,0,0,18,1,1,0","horse_hermanos,fist,171,-42,9,0,22,1.1,1.1,0",,"horse_hermanos,leg_low,-246,-111,-18,0,17,1,1,0","horse_hermanos,foot,-248,-38,3,0,19,1,1,0",,"horse_hermanos,leg_low,-233,-134,-20,0,18,1,1,0","horse_hermanos,foot,-309,-68,-84,0,21,1,1,0",,,"horse_hermanos,tail,-333,-156,-32,0,20,1,1,0","horse_hermanos,seat,-60,-453,25,0,8,1,1,0","horse_hermanos,seat,63,-460,-15,1,8,1,1,0",,,,,,,,,,,,,,,,,,,,,,,,,,,,,,,,,,,,,,,,,,,,,,,,,,,,,,,,,,,,,,,,,,,,,,,play_time_mod_0.8,
Run/1,"hermanos,head,45,-721,-6,0,0,1,1,0","hermanos,neck,36,-680,11,0,7,1,1,0","hermanos,body,17,-538,-4.5,0,4,1,1,0","hermanos,arm_up,-63,-581,-23,0,6,1,1,0","hermanos,arm_low,-80,-512,26,0,1,1,1,0","hermanos,fist,-38,-451,34,0,3,1,1,0","hermanos,arm_up,101,-582,25,1,21,1,1,0","hermanos,arm_low,155,-521,47,1,21,1,1,0","hermanos,bare,228,-453,23,0,26,1,1,0","hermanos,leg_up,-18,-407,27.8,0,6,1,1,0","hermanos,leg_low,-14,-321,-15,1,12,1,1,0","hermanos,foot_cav,-26,-243,-25,0,11,1,1,0","hermanos,leg_up,59,-400,5,0,19,1,1,0","hermanos,leg_low,59,-305,-4.5,0,24,1,1,0","hermanos,foot,79,-238,-2,0,23,1,1,0",,,"hermanos,cape,-87,-556,-29,0,14,1,1,0",,,,,,,,,,"horse_hermanos,head,358,-531,10,0,2,1,1,0","horse_hermanos,neck,248,-512,-27,0,15,1,1,0","horse_hermanos,body_move2,-36,-278,0,0,14,1,1,0","horse_hermanos,arm_up,252,-238,63,0,18,1,1,0","horse_hermanos,arm_low,304,-175,23,0,17,1,1,0","horse_hermanos,fist,324,-95,-27,0,18,1,1,0","horse_hermanos,arm_up,138,-223,-20,0,16,1,1,0","horse_hermanos,arm_low,112,-111,-10,0,18,1,1,0","horse_hermanos,fist,114,-30,-1,0,22,1.1,1.1,0",,"horse_hermanos,leg_low,-307,-161,-58,0,17,1,1,0","horse_hermanos,foot,-382,-132,-110,0,19,1,1,0",,"horse_hermanos,leg_low,-283,-131,-27,0,18,1,1,0","horse_hermanos,foot,-319,-46,-34,0,19,1,1,0",,,"horse_hermanos,tail,-341,-160,-32,0,20,1,1,0","horse_hermanos,seat,-60,-461,25,0,8,1,1,0","horse_hermanos,seat,63,-468,-15,1,8,1,1,0",,,,,,,,,,,,,,,,,,,,,,,,,,,,,,,,,,,,,,,,,,,,,,,,,,,,,,,,,,,,,,,,,,,,,,,play_time_mod_0.8,"horse_gallop,1000,0"
Run/2,"hermanos,head,50,-726,-7,0,0,1,1,0","hermanos,neck,41,-686,10,0,7,1,1,0","hermanos,body,19,-544,-5.5,0,4,1,1,0","hermanos,arm_up,-60,-588,-24,0,6,1,1,0","hermanos,arm_low,-78,-522,27,0,1,1,1,0","hermanos,fist,-33,-460,35,0,3,1,1,0","hermanos,arm_up,104,-586,24,1,21,1,1,0","hermanos,arm_low,157,-525,46,1,21,1,1,0","hermanos,bare,229,-455,22,0,26,1,1,0","hermanos,leg_up,-18,-414,26.8,0,6,1,1,0","hermanos,leg_low,-16,-325,-18,1,12,1,1,0","hermanos,foot_cav,-33,-248,-28,0,11,1,1,0","hermanos,leg_up,59,-405,4,0,19,1,1,0","hermanos,leg_low,57,-310,-5.5,0,24,1,1,0","hermanos,foot,76,-243,-3,0,23,1,1,0",,,"hermanos,cape,-85,-564,-30,0,14,1,1,0",,,,,,,,,,"horse_hermanos,head,368,-532,10,0,2,1,1,0","horse_hermanos,neck,256,-513,-28,0,15,1,1,0","horse_hermanos,body_move,-35,-283,-1,0,14,1,1,0","horse_hermanos,arm_up,251,-222,38,0,18,1.1,1,0","horse_hermanos,arm_low,291,-130,17,0,17,1,1,0","horse_hermanos,fist,316,-51,-7,0,18,1,1,0","horse_hermanos,arm_up,138,-228,-20,0,16,1,1,0","horse_hermanos,arm_low,72,-116,-20,0,18,1,1,0","horse_hermanos,fist,54,-35,-11,0,22,1.1,1.1,0",,"horse_hermanos,leg_low,-308,-171,-68,0,17,1,1,0","horse_hermanos,foot,-325,-117,-97,0,19,1,1,0",,"horse_hermanos,leg_low,-279,-165,-30,0,18,1,1,0","horse_hermanos,foot,-379,-151,-114,0,19,1,1,0",,,"horse_hermanos,tail,-341,-188,-53,0,20,1,1,0","horse_hermanos,seat,-60,-466,25,0,8,1,1,0","horse_hermanos,seat,63,-473,-15,1,8,1,1,0",,,,,,,,,,,,,,,,,,,,,,,,,,,,,,,,,,,,,,,,,,,,,,,,,,,,,,,,,,,,,,,,,,,,,,,play_time_mod_0.8,
Run/3,"hermanos,head,43,-730,-3,0,0,1,1,0","hermanos,neck,37,-687,11,0,7,1,1,0","hermanos,body,18,-545,-4.5,0,4,1,1,0","hermanos,arm_up,-62,-588,-23,0,6,1,1,0","hermanos,arm_low,-77,-519,30,0,1,1,1,0","hermanos,fist,-27,-458,38,0,3,1,1,0","hermanos,arm_up,102,-589,25,1,21,1,1,0","hermanos,arm_low,156,-528,47,1,21,1,1,0","hermanos,bare,229,-460,23,0,26,1,1,0","hermanos,leg_up,-17,-414,27.8,0,6,1,1,0","hermanos,leg_low,-15,-325,-20,1,12,1,1,0","hermanos,foot_cav,-37,-247,-30,0,11,1,1,0","hermanos,leg_up,60,-407,5,0,19,1,1,0","hermanos,leg_low,60,-312,-4.5,0,24,1,1,0","hermanos,foot,80,-245,-2,0,23,1,1,0",,,"hermanos,cape,-79,-556,-23,0,14,1,1,0",,,,,,,,,,"horse_hermanos,head,358,-537,11,0,2,1,1,0","horse_hermanos,neck,250,-517,-27,0,15,1,1,0","horse_hermanos,body_move2,-36,-287,0,0,14,1,1,0","horse_hermanos,arm_up,207,-228,8,0,16,1,1,0","horse_hermanos,arm_low,167,-179,-72,0,16,1,1,0","horse_hermanos,fist,101,-133,-97,0,18,1,1,0",,"horse_hermanos,arm_low,88,-174,-10,0,18,1,1,0","horse_hermanos,fist,45,-99,-81,0,22,1.1,1.1,0",,"horse_hermanos,leg_low,-282,-160,50,0,17,1,1,0","horse_hermanos,foot,-233,-101,-38,0,19,1,1,0",,"horse_hermanos,leg_low,-196,-146,2,0,18,1,1,0","horse_hermanos,foot,-196,-67,-34,0,18,1,1,0",,,"horse_hermanos,tail,-339,-167,-36,0,20,1,1,0","horse_hermanos,seat,-60,-470,25,0,8,1,1,0","horse_hermanos,seat,63,-477,-15,1,8,1,1,0",,,,,,,,,,,,,,,,,,,,,,,,,,,,,,,,,,,,,,,,,,,,,,,,,,,,,,,,,,,,,,,,,,,,,,,play_time_mod_0.8,
Run/4,"hermanos,head,43,-721,-3,0,0,1,1,0","hermanos,neck,37,-678,11,0,7,1,1,0","hermanos,body,18,-536,-4.5,0,4,1,1,0","hermanos,arm_up,-62,-579,-23,0,6,1,1,0","hermanos,arm_low,-74,-515,32,0,1,1,1,0","hermanos,fist,-25,-454,40,0,3,1,1,0","hermanos,arm_up,102,-580,25,1,21,1,1,0","hermanos,arm_low,156,-519,47,1,21,1,1,0","hermanos,bare,229,-451,23,0,26,1,1,0","hermanos,leg_up,-17,-405,27.8,0,6,1,1,0","hermanos,leg_low,-9,-315,-13,1,12,1,1,0","hermanos,foot_cav,-17,-237,-23,0,11,1,1,0","hermanos,leg_up,60,-398,5,0,19,1,1,0","hermanos,leg_low,60,-303,-4.5,0,24,1,1,0","hermanos,foot,80,-236,-2,0,23,1,1,0",,,"hermanos,cape,-79,-554,-31,0,14,1,1,0",,,,,,,,,,"horse_hermanos,head,364,-518,13,0,2,1,1,0","horse_hermanos,neck,252,-498,-32,0,15,1,1,0","horse_hermanos,body_move,-36,-277,1,0,14,1,1,0","horse_hermanos,arm_up,207,-238,38,0,16,1,1,0","horse_hermanos,arm_low,195,-166,-32,0,16,1,1,0","horse_hermanos,fist,149,-97,-67,0,18,1,1,0",,"horse_hermanos,arm_low,219,-190,60,0,21,1,1,0","horse_hermanos,fist,244,-146,-51,0,25,1.1,1.1,0",,"horse_hermanos,leg_low,-237,-151,45,0,16,1,1,0","horse_hermanos,foot,-206,-83,-38,0,17,1,1,0",,"horse_hermanos,leg_low,-155,-123,27,0,18,1,1,0","horse_hermanos,foot,-135,-47,-24,0,18,1,1,0",,,"horse_hermanos,tail,-322,-166,-24,0,20,1,1,0","horse_hermanos,seat,-60,-460,25,0,8,1,1,0","horse_hermanos,seat,63,-467,-15,1,8,1,1,0",,,,,,,,,,,,,,,,,,,,,,,,,,,,,,,,,,,,,,,,,,,,,,,,,,,,,,,,,,,,,,,,,,,,,,,play_time_mod_0.8,
Run/5,"hermanos,head,45,-711,-5,0,0,1,1,0","hermanos,neck,37,-668,11,0,7,1,1,0","hermanos,body,18,-526,-5.5,0,4,1,1,0","hermanos,arm_up,-62,-569,-23,0,6,1,1,0","hermanos,arm_low,-77,-503,28,0,1,1,1,0","hermanos,fist,-31,-442,36,0,3,1,1,0","hermanos,arm_up,102,-570,25,1,21,1,1,0","hermanos,arm_low,156,-509,47,1,21,1,1,0","hermanos,bare,229,-441,23,0,26,1,1,0","hermanos,leg_up,-17,-395,27.8,0,6,1,1,0","hermanos,leg_low,-8,-305,-12,1,12,1,1,0","hermanos,foot_cav,-14,-227,-22,0,11,1,1,0","hermanos,leg_up,60,-388,5,0,19,1,1,0","hermanos,leg_low,60,-293,-4.5,0,24,1,1,0","hermanos,foot,80,-226,-2,0,23,1,1,0",,,"hermanos,cape,-79,-559,-41,0,14,1,1,0",,,,,,,,,,"horse_hermanos,head,374,-506,13,0,2,1,1,0","horse_hermanos,neck,253,-493,-32,0,15,1,1,0","horse_hermanos,body_move2,-34,-266,1,0,14,1,1,0","horse_hermanos,arm_up,207,-217,28,0,16,1,1,0","horse_hermanos,arm_low,185,-156,-52,0,16,1,1,0","horse_hermanos,fist,117,-118,-107,0,18,1,1,0","horse_hermanos,arm_up,259,-256,70,0,18,1.2,1,0","horse_hermanos,arm_low,290,-194,0,0,21,1,1,0","horse_hermanos,fist,272,-120,-61,0,25,1.1,1.1,0",,"horse_hermanos,leg_low,-186,-110,25,0,16,1,1,0","horse_hermanos,foot,-148,-31,2,0,17,1,1,0",,"horse_hermanos,leg_low,-95,-123,47,0,18,1,1,0","horse_hermanos,foot,-63,-60,-24,0,18,1,1,0",,,"horse_hermanos,tail,-318,-143,-24,0,20,1,1,0","horse_hermanos,seat,-60,-450,25,0,8,1,1,0","horse_hermanos,seat,63,-457,-15,1,8,1,1,0",,,,,,,,,,,,,,,,,,,,,,,,,,,,,,,,,,,,,,,,,,,,,,,,,,,,,,,,,,,,,,,,,,,,,,,play_time_mod_0.8,"horse_gallop,1000,0"
Run/6,"hermanos,head,53,-713,-7,0,0,1,1,0","hermanos,neck,44,-672,9,0,7,1,1,0","hermanos,body,20,-530,-7.5,0,4,1,1,0","hermanos,arm_up,-58,-575,-25,0,6,1,1,0","hermanos,arm_low,-77,-508,24,0,1,1,1,0","hermanos,fist,-37,-445,32,0,3,1,1,0","hermanos,arm_up,106,-571,23,1,21,1,1,0","hermanos,arm_low,158,-509,45,1,21,1,1,0","hermanos,bare,227,-437,21,0,26,1,1,0","hermanos,leg_up,-19,-401,25.8,0,6,1,1,0","hermanos,leg_low,-15,-311,-15,1,12,1,1,0","hermanos,foot_cav,-25,-233,-25,0,11,1,1,0","hermanos,leg_up,58,-390,3,0,19,1,1,0","hermanos,leg_low,54,-295,-6.5,0,24,1,1,0","hermanos,foot,72,-228,-4,0,23,1,1,0",,,"hermanos,cape,-78,-557,-36,0,14,1,1,0",,,,,,,,,,"horse_hermanos,head,392,-492,9,0,2,1,1,0","horse_hermanos,neck,268,-486,-36,0,14,1,1,0","horse_hermanos,body_move,-34,-272,0,0,14,1,1,0","horse_hermanos,arm_up,162,-179,4,0,16,1,1,0","horse_hermanos,arm_low,134,-104,-22,0,16,1,1,0","horse_hermanos,fist,97,-29,-47,0,18,1,1,0","horse_hermanos,arm_up,227,-211,27,0,18,1.2,1,0","horse_hermanos,arm_low,248,-120,9,0,21,1,1,0","horse_hermanos,fist,267,-33,-1,0,25,1.1,1.1,0",,"horse_hermanos,leg_low,-266,-159,-15,0,16,1,1,0","horse_hermanos,foot,-298,-84,-58,0,17,1,1,0",,"horse_hermanos,leg_low,-193,-131,7,0,18,1,1,0","horse_hermanos,foot,-212,-69,-79,0,18,1,1.1,0",,,"horse_hermanos,tail,-339,-158,-40,0,20,1,1,0","horse_hermanos,seat,-60,-456,25,0,8,1,1,0","horse_hermanos,seat,63,-463,-15,1,8,1,1,0",,,,,,,,,,,,,,,,,,,,,,,,,,,,,,,,,,,,,,,,,,,,,,,,,,,,,,,,,,,,,,,,,,,,,,,play_time_mod_0.8,
Run/7,"hermanos,head,45,-721,-5,0,0,1,1,0","hermanos,neck,37,-678,11,0,7,1,1,0","hermanos,body,18,-536,-5.5,0,4,1,1,0","hermanos,arm_up,-62,-579,-23,0,6,1,1,0","hermanos,arm_low,-79,-510,26,0,1,1,1,0","hermanos,fist,-37,-449,34,0,3,1,1,0","hermanos,arm_up,102,-580,25,1,21,1,1,0","hermanos,arm_low,156,-519,47,1,21,1,1,0","hermanos,bare,229,-451,23,0,26,1,1,0","hermanos,leg_up,-17,-405,27.8,0,6,1,1,0","hermanos,leg_low,-9,-315,-12,1,12,1,1,0","hermanos,foot_cav,-15,-237,-22,0,11,1,1,0","hermanos,leg_up,60,-398,5,0,19,1,1,0","hermanos,leg_low,60,-303,-4.5,0,24,1,1,0","hermanos,foot,80,-236,-2,0,23,1,1,0",,,"hermanos,cape,-80,-541,-21,0,14,1,1,0",,,,,,,,,,"horse_hermanos,head,374,-530,14,0,2,1,1,0","horse_hermanos,neck,254,-510,-28,0,15,1,1,0","horse_hermanos,body_move2,-28,-281,1,0,14,1,1,0","horse_hermanos,arm_up,162,-189,4,0,16,1,1,0","horse_hermanos,arm_low,104,-124,-82,0,16,1,1,0","horse_hermanos,fist,27,-109,-107,0,18,1,1,0","horse_hermanos,arm_up,196,-221,-13,0,18,1.2,1,0","horse_hermanos,arm_low,150,-130,-30,0,21,1,1,0","horse_hermanos,fist,117,-43,-31,0,25,1.1,1.1,0",,"horse_hermanos,leg_low,-276,-189,-55,0,16,1,1,0","horse_hermanos,foot,-328,-124,-48,0,17,1,1,0",,"horse_hermanos,leg_low,-224,-171,37,0,18,1,1,0","horse_hermanos,foot,-224,-106,-53,0,18,1,1.2,0",,,"horse_hermanos,tail,-329,-160,-50,0,20,1,1,0","horse_hermanos,seat,-60,-466,25,0,8,1,1,0","horse_hermanos,seat,63,-473,-15,1,8,1,1,0",,,,,,,,,,,,,,,,,,,,,,,,,,,,,,,,,,,,,,,,,,,,,,,,,,,,,,,,,,,,,,,,,,,,,,,play_time_mod_0.8,
Run/8,"hermanos,head,43,-729,-2,0,0,1,1,0","hermanos,neck,37,-685,11,0,7,1,1,0","hermanos,body,18,-543,-5.5,0,4,1,1,0","hermanos,arm_up,-62,-586,-23,0,6,1,1,0","hermanos,arm_low,-79,-517,26,0,1,1,1,0","hermanos,fist,-37,-456,34,0,3,1,1,0","hermanos,arm_up,102,-587,25,1,21,1,1,0","hermanos,arm_low,156,-526,47,1,21,1,1,0","hermanos,bare,229,-458,23,0,26,1,1,0","hermanos,leg_up,-17,-412,27.8,0,6,1,1,0","hermanos,leg_low,-11,-322,-15,1,12,1,1,0","hermanos,foot_cav,-23,-244,-25,0,11,1,1,0","hermanos,leg_up,60,-405,5,0,19,1,1,0","hermanos,leg_low,60,-310,-4.5,0,24,1,1,0","hermanos,foot,80,-243,-2,0,23,1,1,0",,,"hermanos,cape,-70,-548,-12,0,14,1,1,0",,,,,,,,,,"horse_hermanos,head,380,-547,20,0,2,1,1,0","horse_hermanos,neck,260,-522,-29,0,15,1,1,0","horse_hermanos,body_move,-28,-288,1,0,14,1,1,0","horse_hermanos,arm_up,212,-216,24,0,16,1,1,0","horse_hermanos,arm_low,180,-164,-60,0,16,1,1,0","horse_hermanos,fist,118,-106,-57,0,18,1,1,0","horse_hermanos,arm_up,154,-209,-33,0,18,1.2,1,0","horse_hermanos,arm_low,80,-139,-50,0,21,1,1,0","horse_hermanos,fist,19,-69,-51,0,25,1.1,1.1,0",,"horse_hermanos,leg_low,-241,-206,-25,0,16,1,1,0","horse_hermanos,foot,-277,-131,-48,0,17,1,1,0",,"horse_hermanos,leg_low,-183,-198,37,0,18,1,1,0","horse_hermanos,foot,-153,-116,-12,0,18,1,1.1,0",,,"horse_hermanos,tail,-327,-167,-20,0,20,1,1,0","horse_hermanos,seat,-60,-473,25,0,8,1,1,0","horse_hermanos,seat,63,-480,-15,1,8,1,1,0",,,,,,,,,,,,,,,,,,,,,,,,,,,,,,,,,,,,,,,,,,,,,,,,,,,,,,,,,,,,,,,,,,,,,,,play_time_mod_0.8,
Run/9,"hermanos,head,47,-723,-3,0,0,1,1,0","hermanos,neck,40,-679,10,0,7,1,1,0","hermanos,body,19,-537,-6.5,0,4,1,1,0","hermanos,arm_up,-60,-581,-24,0,6,1,1,0","hermanos,arm_low,-78,-513,25,0,1,1,1,0","hermanos,fist,-38,-451,33,0,3,1,1,0","hermanos,arm_up,104,-580,24,1,21,1,1,0","hermanos,arm_low,157,-518,46,1,21,1,1,0","hermanos,bare,228,-448,22,0,26,1,1,0","hermanos,leg_up,-18,-407,26.8,0,6,1,1,0","hermanos,leg_low,-10,-317,-13,1,12,1,1,0","hermanos,foot_cav,-17,-239,-23,0,11,1,1,0","hermanos,leg_up,59,-398,4,0,19,1,1,0","hermanos,leg_low,57,-303,-5.5,0,24,1,1,0","hermanos,foot,76,-236,-3,0,23,1,1,0",,,"hermanos,cape,-75,-545,-18,0,14,1,1,0",,,,,,,,,,"horse_hermanos,head,376,-539,20,0,2,1,1,0","horse_hermanos,neck,258,-515,-31,0,15,1,1,0","horse_hermanos,body_move2,-28,-278,3,0,14,1,1,0","horse_hermanos,arm_up,242,-226,44,0,16,1,1,0","horse_hermanos,arm_low,250,-154,-20,0,16,1,1,0","horse_hermanos,fist,218,-86,-57,0,18,1,1,0","horse_hermanos,arm_up,195,-259,87,0,18,1.2,1,0","horse_hermanos,arm_low,260,-221,40,0,21,1,1,0","horse_hermanos,fist,291,-163,-21,0,25,1.1,1.1,0",,"horse_hermanos,leg_low,-297,-121,-15,0,16,1,1,0","horse_hermanos,foot,-296,-35,-8,0,17,1,1,0",,"horse_hermanos,leg_low,-181,-154,37,0,18,1,1,0","horse_hermanos,foot,-135,-78,6,0,18,1,1.1,0",,,"horse_hermanos,tail,-312,-146,-20,0,20,1,1,0","horse_hermanos,seat,-60,-463,25,0,8,1,1,0","horse_hermanos,seat,63,-470,-15,1,8,1,1,0",,,,,,,,,,,,,,,,,,,,,,,,,,,,,,,,,,,,,,,,,,,,,,,,,,,,,,,,,,,,,,,,,,,,,,,play_time_mod_0.8,
Run/10,"hermanos,head,43,-719,-2,0,0,1,1,0","hermanos,neck,37,-675,11,0,7,1,1,0","hermanos,body,18,-533,-5.5,0,4,1,1,0","hermanos,arm_up,-62,-576,-23,0,6,1,1,0","hermanos,arm_low,-82,-507,25,0,1,1,1,0","hermanos,fist,-42,-446,33,0,3,1,1,0","hermanos,arm_up,102,-577,25,1,21,1,1,0","hermanos,arm_low,156,-516,47,1,21,1,1,0","hermanos,bare,229,-448,23,0,26,1,1,0","hermanos,leg_up,-17,-402,27.8,0,6,1,1,0","hermanos,leg_low,-3,-312,-5,1,12,1,1,0","hermanos,foot_cav,-1,-234,-15,0,11,1,1,0","hermanos,leg_up,60,-395,5,0,19,1,1,0","hermanos,leg_low,60,-300,-4.5,0,24,1,1,0","hermanos,foot,80,-233,-2,0,23,1,1,0",,,"hermanos,cape,-76,-539,-17,0,14,1,1,0",,,,,,,,,,"horse_hermanos,head,382,-532,18,0,2,1,1,0","horse_hermanos,neck,264,-509,-32,0,15,1,1,0","horse_hermanos,body_move2,-28,-275,2,0,14,1,1,0","horse_hermanos,arm_up,222,-226,34,0,16,1,1,0","horse_hermanos,arm_low,254,-151,20,0,16,1,1,0","horse_hermanos,fist,279,-66,-7,0,18,1,1,0","horse_hermanos,arm_up,235,-261,87,0,18,1.2,1,0","horse_hermanos,arm_low,280,-221,20,0,21,1,1,0","horse_hermanos,fist,289,-152,-41,0,25,1.1,1.1,0",,"horse_hermanos,leg_low,-329,-127,-33,0,16,1,1.1,0","horse_hermanos,foot,-357,-35,-13,0,17,1,1,0",,"horse_hermanos,leg_low,-201,-134,27,0,18,1,1,0","horse_hermanos,foot,-165,-48,-4,0,18,1,1.1,0",,,"horse_hermanos,tail,-312,-146,-20,0,20,1,1,0","horse_hermanos,seat,-60,-463,25,0,8,1,1,0","horse_hermanos,seat,63,-470,-15,1,8,1,1,0",,,,,,,,,,,,,,,,,,,,,,,,,,,,,,,,,,,,,,,,,,,,,,,,,,,,,,,,,,,,,,,,,,,,,,,play_time_mod_0.8,
Standup/0,"hermanos,head,138,-499,-42,0,0,1,1,0","hermanos,neck,111,-474,-28,0,7,1,1,0","hermanos,body,44,-355,-23.5,0,4,1,1,0","hermanos,arm_up,-28,-418,-38,0,6,1,1,0","hermanos,arm_low,-53,-356,17,0,1,1,1,0","hermanos,fist,-36,-286,30,0,3,1,1,0","hermanos,arm_up,127,-362,-7,1,21,1,1,0","hermanos,arm_low,138,-285,4,1,21,1,1,0","hermanos,bare,154,-187,-20,0,26,1,1,0","hermanos,leg_up,-29,-242,7.8,0,6,1,1,0","hermanos,leg_low,-47,-158,-37,1,12,1,1,0","hermanos,foot_cav,-87,-89,-49,0,11,1,1,0","hermanos,leg_up,43,-212,-14,0,19,1,1,0","hermanos,leg_low,15,-126,-23.5,0,24,1,1,0","hermanos,foot,16,-57,-25,0,23,1,1,0",,,"hermanos,cape,-45,-342,-28,0,14,1,1,0",,,,,,,,,,"horse_hermanos,head,382,-235,-14,0,2,1,1,0","horse_hermanos,neck,298,-264,-64,0,14,1,1,0","horse_hermanos,body,-39,-122,-3,0,14,1,1,0",,"horse_hermanos,arm_low,129,26,-74,0,16,1,1,0","horse_hermanos,fist,70,40,-120,0,18,1,1,0",,"horse_hermanos,arm_low,44,1,-82,0,30,1,1,0","horse_hermanos,fist,-23,8,-95,0,34,1.1,1.1,0",,"horse_hermanos,leg_low,-323,-12,-72,0,17,1,1,0","horse_hermanos,foot,-389,12,-90,0,19,1,1,0",,"horse_hermanos,leg_low,-211,7,-80,0,18,1,1,0","horse_hermanos,foot,-291,26,-82,0,19,1,1,0",,,"horse_hermanos,tail,-304,1,-22,0,20,1,1,0","horse_hermanos,seat,-58,-316,20,0,8,1,1,0","horse_hermanos,seat,66,-315,-25,1,8,1,1,0",,,,,,,,,,,,,,,,,,,,,,,,,,,,,,,,,,,,,,,,,,,,,,,,,,,,,,,,,,,,,,,,,,,,,,,,
Standup/1,"hermanos,head,114,-540,-19,0,0,1,1,0","hermanos,neck,99,-497,-24,0,7,1,1,0","hermanos,body,40,-374,-19.5,0,4,1,1,0","hermanos,arm_up,-36,-443,-54,0,6,1,1,0","hermanos,arm_low,-87,-389,-19,0,1,1,1,0","hermanos,fist,-103,-321,-6,0,3,1,1,0","hermanos,arm_up,121,-387,-3,1,21,1,1,0","hermanos,arm_low,138,-312,8,1,21,1,1,0","hermanos,bare,162,-214,-16,0,26,1,1,0","hermanos,leg_up,-25,-257,11.8,0,6,1,1,0","hermanos,leg_low,-39,-173,-33,1,12,1,1,0","hermanos,foot_cav,-75,-100,-45,0,11,1,1,0","hermanos,leg_up,47,-231,-10,0,19,1,1,0","hermanos,leg_low,27,-145,-19.5,0,24,1,1,0","hermanos,foot,32,-76,-21,0,23,1,1,0",,,"hermanos,cape,-49,-355,-24,0,14,1,1,0",,,,,,,,,,"horse_hermanos,head,420,-320,3,0,2,1,1,0","horse_hermanos,neck,290,-323,-50,0,14,1,1,0","horse_hermanos,body,-39,-143,-1,0,14,1,1,0",,"horse_hermanos,arm_low,149,-14,-44,0,16,1,1,0","horse_hermanos,fist,111,40,-40,0,18,1,1,0",,"horse_hermanos,arm_low,44,-17,-77,0,30,1,1,0","horse_hermanos,fist,-23,4,-85,0,34,1.1,1.1,0",,"horse_hermanos,leg_low,-283,-32,-42,0,17,1,1,0","horse_hermanos,foot,-336,30,-56,0,18,1,1,0",,"horse_hermanos,leg_low,-190,-13,-60,0,18,1,1,0","horse_hermanos,foot,-260,26,-82,0,19,1,1,0",,,"horse_hermanos,tail,-304,-19,-22,0,20,1,1,0","horse_hermanos,seat,-58,-336,20,0,8,1,1,0","horse_hermanos,seat,66,-335,-25,1,8,1,1,0",,,,,,,,,,,,,,,,,,,,,,,,,,,,,,,,,,,,,,,,,,,,,,,,,,,,,,,,,,,,,,,,,,,,,,,,
Standup/2,"hermanos,head,72,-577,-9,0,0,1,1,0","hermanos,neck,65,-532,-14,0,7,1,1,0","hermanos,body,28,-401,-9.5,0,4,1,1,0","hermanos,arm_up,-58,-456,-44,0,6,1,1,0","hermanos,arm_low,-122,-394,-39,0,1,1,1,0","hermanos,fist,-163,-344,-26,0,3,1,1,0","hermanos,arm_up,106,-428,7,1,21,1,1,0","hermanos,arm_low,136,-357,18,1,21,1,1,0","hermanos,bare,176,-264,-6,0,26,1,1,0","hermanos,leg_up,-15,-274,21.8,0,6,1,1,0","hermanos,leg_low,-15,-189,-23,1,12,1,1,0","hermanos,foot_cav,-37,-111,-35,0,11,1,1,0","hermanos,leg_up,60,-261,0,0,19,1,1,0","hermanos,leg_low,55,-173,-9.5,0,24,1,1,0","hermanos,foot,72,-106,-11,0,23,1,1,0",,,"hermanos,cape,-56,-367,-14,0,14,1,1,0",,,,,,,,,,"horse_hermanos,head,405,-363,13,0,2,1,1,0","horse_hermanos,neck,272,-361,-40,0,14,1,1,0","horse_hermanos,body,-39,-163,-1,0,14,1,1,0",,"horse_hermanos,arm_low,159,-54,-14,0,16,1,1,0","horse_hermanos,fist,151,20,-10,0,18,1,1,0",,"horse_hermanos,arm_low,56,-57,-57,0,30,1,1,0","horse_hermanos,fist,2,-3,-45,0,34,1.1,1.1,0",,"horse_hermanos,leg_low,-282,-52,-32,0,17,1,1,0","horse_hermanos,foot,-316,20,-36,0,18,1,1,0",,"horse_hermanos,leg_low,-190,-53,-40,0,18,1,1,0","horse_hermanos,foot,-230,7,-42,0,19,1,1,0",,,"horse_hermanos,tail,-304,-39,-22,0,20,1,1,0","horse_hermanos,seat,-58,-356,20,0,8,1,1,0","horse_hermanos,seat,66,-355,-25,1,8,1,1,0",,,,,,,,,,,,,,,,,,,,,,,,,,,,,,,,,,,,,,,,,,,,,,,,,,,,,,,,,,,,,,,,,,,,,,,,
Standup/3,"hermanos,head,63,-596,-4,0,0,1,1,0","hermanos,neck,62,-547,-13,0,7,1,1,0","hermanos,body,27,-415,-8.5,0,4,1,1,0","hermanos,arm_up,-60,-471,-46,0,6,1,1,0","hermanos,arm_low,-127,-416,-41,0,1,1,1,0","hermanos,fist,-173,-358,-35,0,3,1,1,0","hermanos,arm_up,104,-444,8,1,21,1,1,0","hermanos,arm_low,136,-373,19,1,21,1,1,0","hermanos,bare,177,-281,-5,0,26,1,1,0","hermanos,leg_up,-14,-288,22.8,0,6,1,1,0","hermanos,leg_low,-12,-203,-22,1,12,1,1,0","hermanos,foot_cav,-33,-124,-34,0,11,1,1,0","hermanos,leg_up,61,-276,1,0,19,1,1,0","hermanos,leg_low,58,-188,-8.5,0,24,1,1,0","hermanos,foot,76,-121,-10,0,23,1,1,0",,,"hermanos,cape,-56,-380,-13,0,14,1,1,0",,,,,,,,,,"horse_hermanos,head,376,-412,15,0,2,1,1,0","horse_hermanos,neck,248,-400,-29,0,14,1,1,0","horse_hermanos,body,-37,-182,0,0,14,1,1,0",,"horse_hermanos,arm_low,163,-76,-13,0,16,1,1,0","horse_hermanos,fist,178,-2,11,0,18,1,1,0",,"horse_hermanos,arm_low,70,-77,-33,0,30,1,1,0","horse_hermanos,fist,41,-9,-24,0,34,1.1,1.1,0",,"horse_hermanos,leg_low,-275,-66,-31,0,17,1,1,0","horse_hermanos,foot,-300,3,-23,0,18,1,1,0",,"horse_hermanos,leg_low,-166,-79,1,0,18,1,1,0","horse_hermanos,foot,-165,2,-1,0,19,1,1,0",,,"horse_hermanos,tail,-300,-53,-21,0,20,1,1,0","horse_hermanos,seat,-59,-374,21,0,8,1,1,0","horse_hermanos,seat,65,-376,-24,1,8,1,1,0",,,,,,,,,,,,,,,,,,,,,,,,,,,,,,,,,,,,,,,,,,,,,,,,,,,,,,,,,,,,,,,,,,,,,,,,
Standup/4,"hermanos,head,55,-617,-2,0,0,1,1,0","hermanos,neck,56,-568,-11,0,7,1,1,0","hermanos,body,25,-434,-6.5,0,4,1,1,0","hermanos,arm_up,-64,-488,-44,0,6,1,1,0","hermanos,arm_low,-119,-429,-19,0,1,1,1,0","hermanos,fist,-140,-354,-13,0,3,1,1,0","hermanos,arm_up,100,-467,10,1,21,1,1,0","hermanos,arm_low,136,-396,21,1,21,1,1,0","hermanos,bare,179,-306,-3,0,26,1,1,0","hermanos,leg_up,-12,-307,24.8,0,6,1,1,0","hermanos,leg_low,-6,-222,-20,1,12,1,1,0","hermanos,foot_cav,-25,-141,-32,0,11,1,1,0","hermanos,leg_up,63,-297,3,0,19,1,1,0","hermanos,leg_low,64,-209,-6.5,0,24,1,1,0","hermanos,foot,84,-142,-8,0,23,1,1,0",,,"hermanos,cape,-56,-397,-11,0,14,1,1,0",,,,,,,,,,"horse_hermanos,head,376,-444,18,0,2,1,1,0","horse_hermanos,neck,248,-426,-26,0,14,1,1,0","horse_hermanos,body,-35,-201,1,0,14,1,1,0",,"horse_hermanos,arm_low,167,-98,-12,0,16,1,1,0","horse_hermanos,fist,193,-22,2,0,18,1,1,0",,"horse_hermanos,arm_low,81,-108,-22,0,30,1,1,0","horse_hermanos,fist,76,-29,-3,0,34,1.1,1.1,0",,"horse_hermanos,leg_low,-271,-80,-20,0,17,1,1,0","horse_hermanos,foot,-280,-11,-2,0,18,1,1,0",,"horse_hermanos,leg_low,-162,-95,2,0,18,1,1,0","horse_hermanos,foot,-154,-20,3,0,19,1,1,0",,,"horse_hermanos,tail,-285,-65,-10,0,20,1,1,0","horse_hermanos,seat,-60,-392,22,0,8,1,1,0","horse_hermanos,seat,64,-396,-23,1,8,1,1,0",,,,,,,,,,,,,,,,,,,,,,,,,,,,,,,,,,,,,,,,,,,,,,,,,,,,,,,,,,,,,,,,,,,,,,,,
Standup/5,"hermanos,head,51,-643,-1,0,0,1,1,0","hermanos,neck,53,-594,-10,0,7,1,1,0","hermanos,body,24,-459,-5.5,0,4,1,1,0","hermanos,arm_up,-66,-507,-41,0,6,1,1,0","hermanos,arm_low,-115,-444,-14,0,1,1,1,0","hermanos,fist,-127,-368,-3,0,3,1,1,0","hermanos,arm_up,98,-493,11,1,21,1,1,0","hermanos,arm_low,136,-423,22,1,21,1,1,0","hermanos,bare,180,-334,-2,0,26,1,1,0","hermanos,leg_up,-11,-331,25.8,0,6,1,1,0","hermanos,leg_low,-5,-243,-14,1,12,1,1,0","hermanos,foot_cav,-17,-163,-29,0,11,1,1,0","hermanos,leg_up,64,-323,4,0,19,1,1,0","hermanos,leg_low,67,-235,-5.5,0,24,1,1,0","hermanos,foot,88,-168,-7,0,23,1,1,0",,,"hermanos,cape,-56,-421,-10,0,14,1,1,0",,,,,,,,,,"horse_hermanos,head,357,-480,18,0,2,1,1,0","horse_hermanos,neck,237,-453,-22,0,14,1,1,0","horse_hermanos,body,-35,-218,1,0,14,1,1,0",,"horse_hermanos,arm_low,167,-106,-12,0,16,1,1,0","horse_hermanos,fist,196,-30,2,0,18,1,1,0",,"horse_hermanos,arm_low,81,-116,-2,0,30,1,1,0","horse_hermanos,fist,94,-37,3,0,34,1.1,1.1,0",,"horse_hermanos,leg_low,-261,-88,-20,0,17,1,1,0","horse_hermanos,foot,-270,-19,-2,0,18,1,1,0",,"horse_hermanos,leg_low,-142,-103,2,0,18,1,1,0","horse_hermanos,foot,-134,-28,3,0,19,1,1,0",,,"horse_hermanos,tail,-285,-73,-10,0,20,1,1,0","horse_hermanos,seat,-60,-400,22,0,8,1,1,0","horse_hermanos,seat,64,-404,-21,1,8,1,1,0",,,,,,,,,,,,,,,,,,,,,,,,,,,,,,,,,,,,,,,,,,,,,,,,,,,,,,,,,,,,,,,,,,,,,,,,
Standup/6,"hermanos,head,39,-664,2,0,0,1,1,0","hermanos,neck,44,-615,-7,0,7,1,1,0","hermanos,body,21,-480,-2.5,0,4,1,1,0","hermanos,arm_up,-72,-522,-38,0,6,1,1,0","hermanos,arm_low,-118,-457,-11,0,1,1,1,0","hermanos,fist,-124,-380,0,0,3,1,1,0","hermanos,arm_up,95,-519,17,1,21,1,1,0","hermanos,arm_low,136,-450,25,1,21,1,1,0","hermanos,bare,183,-364,1,0,26,1,1,0","hermanos,leg_up,-8,-349,28.8,0,6,1,1,0","hermanos,leg_low,4,-263,-11,1,12,1,1,0","hermanos,foot_cav,-5,-181,-26,0,11,1,1,0","hermanos,leg_up,67,-347,7,0,19,1,1,0","hermanos,leg_low,76,-259,-2.5,0,24,1,1,0","hermanos,foot,100,-192,-4,0,23,1,1,0",,,"hermanos,cape,-56,-439,-7,0,14,1,1,0",,,,,,,,,,"horse_hermanos,head,357,-493,13,0,2,1,1,0","horse_hermanos,neck,237,-472,-22,0,14,1,1,0","horse_hermanos,body,-35,-243,1,0,14,1,1,0",,"horse_hermanos,arm_low,177,-120,8,0,16,1,1,0","horse_hermanos,fist,196,-34,2,0,18,1,1,0",,"horse_hermanos,arm_low,89,-120,-2,0,30,1,1,0","horse_hermanos,fist,102,-41,3,0,34,1.1,1.1,0",,"horse_hermanos,leg_low,-252,-99,-12,0,17,1,1,0","horse_hermanos,foot,-254,-28,2,0,18,1,1,0",,"horse_hermanos,leg_low,-142,-107,2,0,18,1,1,0","horse_hermanos,foot,-134,-32,3,0,19,1,1,0",,,"horse_hermanos,tail,-285,-85,-13,0,20,1,1,0","horse_hermanos,seat,-60,-404,22,0,8,1,1,0","horse_hermanos,seat,64,-408,-21,1,8,1,1,0",,,,,,,,,,,,,,,,,,,,,,,,,,,,,,,,,,,,,,,,,,,,,,,,,,,,,,,,,,,,,,,,,,,,,,,,
Standup/7,"hermanos,head,24,-720,2,0,0,1,1,0","hermanos,neck,23,-677,13,0,7,1,1,0","hermanos,body,17,-538,2.5,0,4,1,1,0","hermanos,arm_up,-70,-573,-32,0,6,1,1,0","hermanos,arm_low,-112,-495,-2,0,1,1,1,0","hermanos,fist,-103,-424,11,0,3,1,1,0","hermanos,arm_up,91,-577,30,1,21,1,1,0","hermanos,arm_low,145,-517,46,1,21,1,1,0","hermanos,bare,216,-445,22,0,26,1,1,0","hermanos,leg_up,-13,-399,28.8,0,6,1,1,0","hermanos,leg_low,-6,-312,-16,1,12,1,1,0","hermanos,foot_cav,-14,-234,-18,0,11,1,1,0","hermanos,leg_up,61,-396,7,0,19,1,1,0","hermanos,leg_low,65,-301,-2.5,0,24,1,1,0","hermanos,foot,87,-234,0,0,23,1,1,0",,,"hermanos,cape,-57,-523,-7,0,14,1,1,0",,,,,,,,,,"horse_hermanos,head,358,-503,-7,0,1,1,1,0","horse_hermanos,neck,248,-505,-27,0,14,1,1,0","horse_hermanos,body,-36,-272,0,0,14,1,1,0",,"horse_hermanos,arm_low,180,-120,-2,0,16,1,1,0","horse_hermanos,fist,191,-36,2,0,18,1,1,0",,"horse_hermanos,arm_low,112,-127,-10,0,18,1,1,0","horse_hermanos,fist,114,-44,-3,0,22,1.1,1.1,0",,"horse_hermanos,leg_low,-238,-118,0,0,17,1,1,0","horse_hermanos,foot,-227,-36,2,0,19,1,1,0",,"horse_hermanos,leg_low,-143,-132,0,0,18,1,1,0","horse_hermanos,foot,-129,-43,0,0,19,1,1,0",,,"horse_hermanos,tail,-287,-138,-11,0,20,1,1,0","horse_hermanos,seat,-60,-454,25,0,8,1,1,0","horse_hermanos,seat,63,-462,-15,1,8,1,1,0",,,,,,,,,,,,,,,,,,,,,,,,,,,,,,,,,,,,,,,,,,,,,,,,,,,,,,,,,,,,,,,,,,,,,,,,
Walk/0,"hermanos,head,35,-713,-4,0,0,1,1,0","hermanos,neck,30,-673,13,0,7,1,1,0","hermanos,body,15,-531,-2.5,0,4,1,1,0","hermanos,arm_up,-76,-572,-35,0,6,1,1,0","hermanos,arm_low,-111,-503,5,0,1,1,1,0","hermanos,fist,-100,-433,13,0,3,1,1,0","hermanos,arm_up,97,-578,24,1,21,1,1,0","hermanos,arm_low,149,-514,46,1,21,1,1,0","hermanos,bare,220,-444,22,0,26,1,1,0","hermanos,leg_up,-16,-400,32.8,0,6,1,1,0","hermanos,leg_low,0,-312,-8,1,12,1,1,0","hermanos,foot_cav,0,-234,-18,0,11,1,1,0","hermanos,leg_up,61,-395,7,0,19,1,1,0","hermanos,leg_low,65,-300,-2.5,0,24,1,1,0","hermanos,foot,87,-233,0,0,23,1,1,0",,,"hermanos,cape,-85,-536,-20,0,14,1,1,0",,,,,,,,,,"horse_hermanos,head,391,-488,0,0,2,1,1,0","horse_hermanos,neck,270,-493,-36,0,15,1,1,0","horse_hermanos,body,-36,-272,0,0,14,1,1,0",,"horse_hermanos,arm_low,168,-124,-42,0,16,1,1,0","horse_hermanos,fist,113,-72,-78,0,18,1,1,0",,"horse_hermanos,arm_low,143,-127,-10,0,21,1,1,0","horse_hermanos,fist,145,-44,-3,0,25,1.1,1.1,0",,"horse_hermanos,leg_low,-282,-118,-11,0,17,1,1,0","horse_hermanos,foot,-290,-36,-12,0,19,1,1,0",,"horse_hermanos,leg_low,-130,-119,30,0,18,1,1,0","horse_hermanos,foot,-89,-43,0,0,19,1,1,0",,,"horse_hermanos,tail,-286,-138,-10,0,20,1,1,0","horse_hermanos,seat,-60,-454,25,0,8,1,1,0","horse_hermanos,seat,63,-462,-15,1,8,1,1,0",,,,,,,,,,,,,,,,,,,,,,,,,,,,,,,,,,,,,,,,,,,,,,,,,,,,,,,,,,,,,,,,,,,,,,,,
Walk/1,"hermanos,head,40,-713,-5,0,0,1,1,0","hermanos,neck,36,-673,12,0,7,1,1,0","hermanos,body,17,-531,-3.5,0,4,1,1,0","hermanos,arm_up,-70,-572,-33,0,6,1,1,0","hermanos,arm_low,-101,-501,11,0,1,1,1,0","hermanos,fist,-84,-435,19,0,3,1,1,0","hermanos,arm_up,100,-576,23,1,21,1,1,0","hermanos,arm_low,151,-512,45,1,21,1,1,0","hermanos,bare,220,-440,21,0,26,1,1,0","hermanos,leg_up,-20,-400,36.8,0,6,1,1,0","hermanos,leg_low,0,-312,-4,1,12,1,1,0","hermanos,foot_cav,4,-234,-14,0,11,1,1,0","hermanos,leg_up,61,-394,6,0,19,1,1,0","hermanos,leg_low,63,-299,-3.5,0,24,1,1,0","hermanos,foot,84,-232,-1,0,23,1,1,0",,,"hermanos,cape,-74,-535,-15,0,14,1,1,0",,,,,,,,,,"horse_hermanos,head,391,-478,-2,0,1,1,1,0","horse_hermanos,neck,275,-482,-39,0,14,1,1,0","horse_hermanos,body,-36,-272,-1,0,14,1,1,0",,"horse_hermanos,arm_low,235,-163,28,0,16,1,1.1,0","horse_hermanos,fist,260,-86,-28,0,18,1,1,0",,"horse_hermanos,arm_low,120,-127,-20,0,21,1,1,0","horse_hermanos,fist,108,-44,-3,0,25,1.1,1.1,0",,"horse_hermanos,leg_low,-302,-118,-41,0,17,1,1,0","horse_hermanos,foot,-350,-67,-82,0,19,1,1,0",,"horse_hermanos,leg_low,-150,-119,20,0,18,1,1,0","horse_hermanos,foot,-119,-40,10,0,19,1,1,0",,,"horse_hermanos,tail,-286,-138,-10,0,20,1,1,0","horse_hermanos,seat,-57,-456,23,0,8,1,1,0","horse_hermanos,seat,66,-460,-17,1,8,1,1,0",,,,,,,,,,,,,,,,,,,,,,,,,,,,,,,,,,,,,,,,,,,,,,,,,,,,,,,,,,,,,,,,,,,,,,,,
Walk/2,"hermanos,head,43,-711,-6,0,0,1,1,0","hermanos,neck,38,-672,12,0,7,1,1,0","hermanos,body,17,-530,-3.5,0,4,1,1,0","hermanos,arm_up,-71,-572,-33,0,6,1,1,0","hermanos,arm_low,-97,-501,14,0,1,1,1,0","hermanos,fist,-77,-433,22,0,3,1,1,0","hermanos,arm_up,100,-575,23,1,21,1,1,0","hermanos,arm_low,151,-511,45,1,21,1,1,0","hermanos,bare,220,-439,21,0,26,1,1,0","hermanos,leg_up,-18,-399,36.8,0,6,1,1,0","hermanos,leg_low,2,-311,-4,1,12,1,1,0","hermanos,foot_cav,6,-233,-14,0,11,1,1,0","hermanos,leg_up,61,-393,6,0,19,1,1,0","hermanos,leg_low,63,-298,-3.5,0,24,1,1,0","hermanos,foot,84,-231,-1,0,23,1,1,0",,,"hermanos,cape,-69,-535,-13,0,14,1,1,0",,,,,,,,,,"horse_hermanos,head,389,-458,-8,0,2,1,1,0","horse_hermanos,neck,277,-474,-41,0,15,1,1,0","horse_hermanos,body,-36,-271,-1,0,14,1,1,0",,"horse_hermanos,arm_low,245,-122,28,0,16,1,1.1,0","horse_hermanos,fist,290,-40,8,0,18,1,1,0",,"horse_hermanos,arm_low,80,-127,-20,0,21,1,1,0","horse_hermanos,fist,58,-44,-23,0,25,1.1,1.1,0",,"horse_hermanos,leg_low,-202,-138,-21,0,17,1,1,0","horse_hermanos,foot,-247,-77,-82,0,19,1,1,0",,"horse_hermanos,leg_low,-191,-119,14,0,18,1,1,0","horse_hermanos,foot,-162,-40,7,0,19,1,1,0",,,"horse_hermanos,tail,-286,-138,-10,0,20,1,1,0","horse_hermanos,seat,-55,-457,22,0,8,1,1,0","horse_hermanos,seat,68,-459,-18,1,8,1,1,0",,,,,,,,,,,,,,,,,,,,,,,,,,,,,,,,,,,,,,,,,,,,,,,,,,,,,,,,,,,,,,,,,,,,,,,,
Walk/3,"hermanos,head,39,-715,-5,0,0,1,1,0","hermanos,neck,34,-675,13,0,7,1,1,0","hermanos,body,16,-533,-2.5,0,4,1,1,0","hermanos,arm_up,-70,-574,-27,0,6,1,1,0","hermanos,arm_low,-90,-503,20,0,1,1,1,0","hermanos,fist,-59,-437,28,0,3,1,1,0","hermanos,arm_up,98,-580,24,1,21,1,1,0","hermanos,arm_low,150,-516,46,1,21,1,1,0","hermanos,bare,221,-446,22,0,26,1,1,0","hermanos,leg_up,-19,-401,36.8,0,6,1,1,0","hermanos,leg_low,1,-313,-4,1,12,1,1,0","hermanos,foot_cav,5,-235,-14,0,11,1,1,0","hermanos,leg_up,62,-397,7,0,19,1,1,0","hermanos,leg_low,66,-302,-2.5,0,24,1,1,0","hermanos,foot,88,-235,0,0,23,1,1,0",,,"hermanos,cape,-73,-532,-9,0,14,1,1,0",,,,,,,,,,"horse_hermanos,head,393,-481,-2,0,2,1,1,0","horse_hermanos,neck,272,-489,-38,0,15,1,1,0","horse_hermanos,body,-36,-274,0,0,14,1,1,0",,"horse_hermanos,arm_low,201,-122,25,0,16,1,1,0","horse_hermanos,fist,240,-40,6,0,18,1,1,0",,"horse_hermanos,arm_low,112,-127,-46,0,21,1,1,0","horse_hermanos,fist,58,-74,-83,0,25,1.1,1.1,0",,"horse_hermanos,leg_low,-122,-158,9,0,17,1,1,0","horse_hermanos,foot,-126,-77,-32,0,19,1,1,0",,"horse_hermanos,leg_low,-244,-122,-15,0,18,1,1,0","horse_hermanos,foot,-246,-37,-3,0,19,1,1,0",,,"horse_hermanos,tail,-289,-138,-15,0,20,1,1,0","horse_hermanos,seat,-60,-455,26,0,8,1,1,0","horse_hermanos,seat,63,-465,-14,1,8,1,1,0",,,,,,,,,,,,,,,,,,,,,,,,,,,,,,,,,,,,,,,,,,,,,,,,,,,,,,,,,,,,,,,,,,,,,,,,
Walk/4,"hermanos,head,36,-715,-2,0,0,1,1,0","hermanos,neck,31,-675,14,0,7,1,1,0","hermanos,body,15,-533,-1.5,0,4,1,1,0","hermanos,arm_up,-68,-573,-20,0,6,1,1,0","hermanos,arm_low,-80,-501,27,0,1,1,1,0","hermanos,fist,-43,-443,35,0,3,1,1,0","hermanos,arm_up,96,-582,25,1,21,1,1,0","hermanos,arm_low,149,-518,47,1,21,1,1,0","hermanos,bare,221,-450,23,0,26,1,1,0","hermanos,leg_up,-18,-401,35.8,0,6,1,1,0","hermanos,leg_low,1,-313,-5,1,12,1,1,0","hermanos,foot_cav,4,-235,-15,0,11,1,1,0","hermanos,leg_up,63,-398,8,0,19,1,1,0","hermanos,leg_low,69,-303,-1.5,0,24,1,1,0","hermanos,foot,92,-236,1,0,23,1,1,0",,,"hermanos,cape,-71,-532,-7,0,14,1,1,0",,,,,,,,,,"horse_hermanos,head,394,-477,-4,0,2,1,1,0","horse_hermanos,neck,273,-487,-38,0,15,1,1,0","horse_hermanos,body,-36,-273,0,0,14,1,1,0",,"horse_hermanos,arm_low,163,-120,15,0,16,1,1,0","horse_hermanos,fist,193,-37,1,0,18,1,1,0",,"horse_hermanos,arm_low,187,-151,-36,0,21,1,1,0","horse_hermanos,fist,143,-90,-73,0,25,1.1,1.1,0",,"horse_hermanos,leg_low,-100,-115,33,0,17,1,1,0","horse_hermanos,foot,-56,-37,5,0,19,1,1,0",,"horse_hermanos,leg_low,-294,-112,-25,0,18,1,1,0","horse_hermanos,foot,-306,-37,-3,0,19,1,1,0",,,"horse_hermanos,tail,-286,-138,-10,0,20,1,1,0","horse_hermanos,seat,-57,-452,27,0,8,1,1,0","horse_hermanos,seat,66,-464,-13,1,8,1,1,0",,,,,,,,,,,,,,,,,,,,,,,,,,,,,,,,,,,,,,,,,,,,,,,,,,,,,,,,,,,,,,,,,,,,,,,,
Walk/5,"hermanos,head,42,-714,-3,0,0,1,1,0","hermanos,neck,38,-675,13,0,7,1,1,0","hermanos,body,18,-533,-2.5,0,4,1,1,0","hermanos,arm_up,-64,-574,-26,0,6,1,1,0","hermanos,arm_low,-83,-503,21,0,1,1,1,0","hermanos,fist,-52,-439,29,0,3,1,1,0","hermanos,arm_up,100,-579,24,1,21,1,1,0","hermanos,arm_low,152,-516,46,1,21,1,1,0","hermanos,bare,223,-446,22,0,26,1,1,0","hermanos,leg_up,-13,-402,29.8,0,6,1,1,0","hermanos,leg_low,0,-312,-8,1,12,1,1,0","hermanos,foot_cav,0,-234,-18,0,11,1,1,0","hermanos,leg_up,64,-397,7,0,19,1,1,0","hermanos,leg_low,68,-302,-2.5,0,24,1,1,0","hermanos,foot,90,-235,0,0,23,1,1,0",,,"hermanos,cape,-74,-534,-10,0,14,1,1,0",,,,,,,,,,"horse_hermanos,head,403,-459,-6,0,2,1,1,0","horse_hermanos,neck,282,-475,-41,0,15,1,1,0","horse_hermanos,body,-36,-271,-1,0,14,1,1,0",,"horse_hermanos,arm_low,103,-117,5,0,16,1,1,0","horse_hermanos,fist,117,-37,1,0,18,1,1,0",,"horse_hermanos,arm_low,251,-141,34,0,21,1,1,0","horse_hermanos,fist,291,-80,-3,0,25,1.1,1.1,0",,"horse_hermanos,leg_low,-145,-115,18,0,17,1,1,0","horse_hermanos,foot,-116,-37,3,0,19,1,1,0",,"horse_hermanos,leg_low,-241,-132,-15,0,18,1,1,0","horse_hermanos,foot,-274,-67,-73,0,19,1,1,0",,,"horse_hermanos,tail,-286,-138,0,0,20,1,1,0","horse_hermanos,seat,-54,-454,25,0,8,1,1,0","horse_hermanos,seat,69,-462,-15,1,8,1,1,0",,,,,,,,,,,,,,,,,,,,,,,,,,,,,,,,,,,,,,,,,,,,,,,,,,,,,,,,,,,,,,,,,,,,,,,,
Walk/6,"hermanos,head,47,-711,-4,0,0,1,1,0","hermanos,neck,43,-673,12,0,7,1,1,0","hermanos,body,20,-531,-3.5,0,4,1,1,0","hermanos,arm_up,-67,-574,-31,0,6,1,1,0","hermanos,arm_low,-91,-503,16,0,1,1,1,0","hermanos,fist,-68,-438,24,0,3,1,1,0","hermanos,arm_up,103,-575,23,1,21,1,1,0","hermanos,arm_low,154,-512,45,1,21,1,1,0","hermanos,bare,223,-440,21,0,26,1,1,0","hermanos,leg_up,-13,-400,28.8,0,6,1,1,0","hermanos,leg_low,-2,-310,-9,1,12,1,1,0","hermanos,foot_cav,-3,-232,-19,0,11,1,1,0","hermanos,leg_up,64,-394,6,0,19,1,1,0","hermanos,leg_low,66,-299,-3.5,0,24,1,1,0","hermanos,foot,87,-232,-1,0,23,1,1,0",,,"hermanos,cape,-76,-538,-17,0,14,1,1,0",,,,,,,,,,"horse_hermanos,head,398,-449,-9,0,2,1,1,0","horse_hermanos,neck,283,-465,-43,0,15,1,1,0","horse_hermanos,body,-36,-271,-2,0,14,1,1,0",,"horse_hermanos,arm_low,75,-117,-25,0,16,1,1.1,0","horse_hermanos,fist,63,-37,1,0,18,1,1,0",,"horse_hermanos,arm_low,239,-118,37,0,21,1,1.2,0","horse_hermanos,fist,291,-40,6,0,25,1.1,1.1,0",,"horse_hermanos,leg_low,-195,-115,-12,0,17,1,1,0","horse_hermanos,foot,-196,-37,3,0,19,1,1,0",,"horse_hermanos,leg_low,-171,-152,5,0,18,1,1,0","horse_hermanos,foot,-194,-94,-83,0,21,1,1,0",,,"horse_hermanos,tail,-291,-138,-10,0,20,1,1,0","horse_hermanos,seat,-52,-456,23,0,8,1,1,0","horse_hermanos,seat,71,-460,-17,1,8,1,1,0",,,,,,,,,,,,,,,,,,,,,,,,,,,,,,,,,,,,,,,,,,,,,,,,,,,,,,,,,,,,,,,,,,,,,,,,
Walk/7,"hermanos,head,36,-715,-2,0,0,1,1,0","hermanos,neck,31,-675,14,0,7,1,1,0","hermanos,body,15,-533,-1.5,0,4,1,1,0","hermanos,arm_up,-68,-574,-36,0,6,1,1,0","hermanos,arm_low,-101,-503,11,0,1,1,1,0","hermanos,fist,-82,-434,19,0,3,1,1,0","hermanos,arm_up,96,-582,25,1,21,1,1,0","hermanos,arm_low,149,-518,47,1,21,1,1,0","hermanos,bare,221,-450,23,0,26,1,1,0","hermanos,leg_up,-15,-402,31.8,0,6,1,1,0","hermanos,leg_low,1,-312,-6,1,12,1,1,0","hermanos,foot_cav,3,-234,-16,0,11,1,1,0","hermanos,leg_up,63,-398,8,0,19,1,1,0","hermanos,leg_low,69,-303,-1.5,0,24,1,1,0","hermanos,foot,92,-236,1,0,23,1,1,0",,,"hermanos,cape,-88,-541,-23,0,14,1,1,0",,,,,,,,,,"horse_hermanos,head,391,-469,-2,0,2,1,1,0","horse_hermanos,neck,270,-477,-37,0,14,1,1,0","horse_hermanos,body,-36,-271,-1,0,14,1,1,0",,"horse_hermanos,arm_low,105,-137,-35,0,16,1,1.1,0","horse_hermanos,fist,63,-77,-69,0,18,1,1,0",,"horse_hermanos,arm_low,209,-138,17,0,21,1,1.2,0","horse_hermanos,fist,241,-40,0,0,25,1.1,1.1,0",,"horse_hermanos,leg_low,-245,-115,-12,0,17,1,1,0","horse_hermanos,foot,-246,-37,3,0,19,1,1,0",,"horse_hermanos,leg_low,-111,-155,25,0,18,1,1,0","horse_hermanos,foot,-80,-70,-23,0,21,1,1,0",,,"horse_hermanos,tail,-286,-138,-3,0,20,1,1,0","horse_hermanos,seat,-56,-455,24,0,8,1,1,0","horse_hermanos,seat,67,-461,-16,1,8,1,1,0",,,,,,,,,,,,,,,,,,,,,,,,,,,,,,,,,,,,,,,,,,,,,,,,,,,,,,,,,,,,,,,,,,,,,,,,
Spirit/0,"hermanos,close,-154,-817,35,0,6,1,1,0","hermanos,neck,-125,-770,47,0,9,1,1,0","hermanos,body,-73,-640,21.5,0,7,1,1,0","hermanos,arm_up,-121,-686,101,0,3,1,1,0","hermanos,arm_low,-63,-716,160,0,4,1,1,0","hermanos,fist,-49,-790,180,0,5,1,1,0","hermanos,arm_up,-9,-704,56,1,19,1,1,0","hermanos,arm_low,73,-708,100,1,18,1,1,0","hermanos,open,149,-724,112,0,21,1,1,0","hermanos,leg_up,-50,-484,25,0,9,1,1,0","hermanos,leg_low,-33,-395,-3,0,12,1,1,0","hermanos,foot_cav,-14,-315,-6.6,0,13,1,1,0","hermanos,leg_up,21,-576,53.2,0,14,1,1,0","hermanos,leg_low,72,-450,6.5,0,19,1,1,0","hermanos,foot,95,-366,6.5,0,23,1,1,0",,,"hermanos,cape,-152,-620,2,0,25,1,1,0","hermanos,trumpet,103,-849,106,0,6,1,1,0",,,,,,,,,"horse_hermanos,close,330,-602,-9,0,0,1,1,0","horse_hermanos,neck,206,-612,-47,0,15,1,1,0","horse_hermanos,body_move,-63,-399,10,0,14,1,1,0","horse_hermanos,arm_up,237,-417,50,0,16,1,1,0","horse_hermanos,arm_low,259,-340,4,0,17,1,1,0","horse_hermanos,fist,271,-253,-23,0,18,1,1,0","horse_hermanos,arm_up,135,-399,0,0,16,1,1,0","horse_hermanos,arm_low,156,-254,10,0,18,1,1,0","horse_hermanos,fist,158,-173,-41,0,22,1.1,1.1,0",,"horse_hermanos,leg_low,-319,-249,-38,0,17,1,1,0","horse_hermanos,foot,-272,-159,-47,0,19,1,1,0",,"horse_hermanos,leg_low,-251,-238,-10,0,18,1,1,0","horse_hermanos,foot,-376,-195,-74,0,21,1,1,0",,,"horse_hermanos,tail,-334,-235,-22,0,20,1,1,0","horse_hermanos,seat,-121,-574,35,0,8,1,1,0","horse_hermanos,seat,2,-602,-5,1,8,1,1,0",,,,,,,,,,,,,,,,,,,,,,,,,,,,,,,,,,,,,,,,,,,,,,,,,,,,,,,,,,,,,,,,,,,,,,"effect_fade_5,hold,effect_grey",,
Skill1/0,"hermanos,head,24,-720,2,0,0,1,1,0","hermanos,neck,23,-677,13,0,7,1,1,0","hermanos,body,17,-538,2.5,0,4,1,1,0","hermanos,arm_up,-70,-573,-32,0,6,1,1,0","hermanos,arm_low,-112,-495,-2,0,1,1,1,0","hermanos,fist,-103,-424,11,0,3,1,1,0","hermanos,arm_up,91,-577,30,1,21,1,1,0","hermanos,arm_low,145,-517,46,1,21,1,1,0","hermanos,bare,216,-445,22,0,26,1,1,0","hermanos,leg_up,-13,-399,28.8,0,6,1,1,0","hermanos,leg_low,-6,-312,-16,1,12,1,1,0","hermanos,foot_cav,-14,-234,-18,0,11,1,1,0","hermanos,leg_up,61,-396,7,0,19,1,1,0","hermanos,leg_low,65,-301,-2.5,0,24,1,1,0","hermanos,foot,87,-234,0,0,23,1,1,0",,,"hermanos,cape,-57,-523,-7,0,14,1,1,0",,,,,,,,,,"horse_hermanos,head,358,-500,-6,0,5,1,1,0","horse_hermanos,neck,248,-500,-26,0,18,1,1,0","horse_hermanos,body,-36,-271,0,0,18,1,1,0",,"horse_hermanos,arm_low,180,-120,0,0,20,1,1,0","horse_hermanos,fist,191,-36,2,0,22,1,1,0",,"horse_hermanos,arm_low,112,-127,-10,0,22,1,1,0","horse_hermanos,fist,114,-44,-3,0,26,1.1,1.1,0",,"horse_hermanos,leg_low,-238,-118,0,0,21,1,1,0","horse_hermanos,foot,-227,-36,2,0,23,1,1,0",,"horse_hermanos,leg_low,-143,-132,0,0,22,1,1,0","horse_hermanos,foot,-129,-43,0,0,23,1,1,0",,,"horse_hermanos,tail,-286,-138,-11,0,24,1,1,0","horse_hermanos,seat,-60,-452,25,0,9,1,1,0","horse_hermanos,seat,63,-460,-15,1,9,1,1,0",,,,,,,,,,,,,,,,,,,,,,,,,,,,,,,,,,,,,,,,,,,,,,,,,,,,,,,,,,,,,,,,,,,,,,,,
Skill1/1,"hermanos,head,34,-720,-7,0,0,1,1,0","hermanos,neck,25,-677,8,0,7,1,1,0","hermanos,body,17,-538,-1.5,0,4,1,1,0","hermanos,arm_up,-90,-573,-42,0,6,1,1,0","hermanos,arm_low,-112,-515,27,0,1,1,1,0","hermanos,fist,-73,-448,33,0,3,1,1,0","hermanos,arm_up,93,-577,20,1,21,1,1,0","hermanos,arm_low,136,-508,36,1,21,1,1,0","hermanos,bare,194,-425,12,0,26,1,1,0","hermanos,leg_up,-13,-399,28.8,0,6,1,1,0","hermanos,leg_low,-6,-312,-16,1,12,1,1,0","hermanos,foot_cav,-14,-234,-18,0,11,1,1,0","hermanos,leg_up,61,-396,7,0,19,1,1,0","hermanos,leg_low,65,-301,-2.5,0,24,1,1,0","hermanos,foot,87,-234,0,0,23,1,1,0",,,"hermanos,cape,-57,-523,-7,0,14,1,1,0",,,,,,,,,,"horse_hermanos,head,358,-500,-6,0,5,1,1,0","horse_hermanos,neck,248,-500,-26,0,18,1,1,0","horse_hermanos,body,-36,-271,0,0,18,1,1,0",,"horse_hermanos,arm_low,180,-120,0,0,20,1,1,0","horse_hermanos,fist,191,-36,2,0,22,1,1,0",,"horse_hermanos,arm_low,112,-127,-10,0,22,1,1,0","horse_hermanos,fist,114,-44,-3,0,26,1.1,1.1,0",,"horse_hermanos,leg_low,-238,-118,0,0,21,1,1,0","horse_hermanos,foot,-227,-36,2,0,23,1,1,0",,"horse_hermanos,leg_low,-143,-132,0,0,22,1,1,0","horse_hermanos,foot,-129,-43,0,0,23,1,1,0",,,"horse_hermanos,tail,-286,-138,-11,0,24,1,1,0","horse_hermanos,seat,-60,-452,25,0,9,1,1,0","horse_hermanos,seat,63,-460,-15,1,9,1,1,0",,,,,,,,,,,,,,,,,,,,,,,,,,,,,,,,,,,,,,,,,,,,,,,,,,,,,,,,,,,,,,,,,,,,,,,,
Skill1/2,"hermanos,head,30,-720,-2,0,0,1,1,0","hermanos,neck,25,-677,8,0,7,1,1,0","hermanos,body,17,-538,0.5,0,4,1,1,0","hermanos,arm_up,-88,-571,-32,0,6,1,1,0","hermanos,arm_low,-96,-524,47,0,1,1,1,0","hermanos,fist,-42,-474,46,0,3,1,1,0","hermanos,arm_up,93,-588,30,1,21,1,1,0","hermanos,arm_low,157,-520,46,1,21,1,1,0","hermanos,bare,229,-448,22,0,26,1,1,0","hermanos,leg_up,-13,-399,28.8,0,6,1,1,0","hermanos,leg_low,-3,-308,-11,1,12,1,1,0","hermanos,foot_cav,-7,-230,-13,0,11,1,1,0","hermanos,leg_up,61,-396,7,0,19,1,1,0","hermanos,leg_low,65,-301,-2.5,0,24,1,1,0","hermanos,foot,87,-234,0,0,23,1,1,0",,,"hermanos,cape,-57,-523,-7,0,14,1,1,0","hermanos,trumpet,273,-456,140,0,20,1,1,0",,,,,,,,,"horse_hermanos,head,358,-502,-2,0,5,1,1,0","horse_hermanos,neck,248,-500,-26,0,18,1,1,0","horse_hermanos,body,-36,-271,0,0,18,1,1,0",,"horse_hermanos,arm_low,180,-120,0,0,20,1,1,0","horse_hermanos,fist,191,-36,2,0,22,1,1,0",,"horse_hermanos,arm_low,112,-127,-10,0,22,1,1,0","horse_hermanos,fist,114,-44,-3,0,26,1.1,1.1,0",,"horse_hermanos,leg_low,-238,-118,0,0,21,1,1,0","horse_hermanos,foot,-227,-36,2,0,23,1,1,0",,"horse_hermanos,leg_low,-143,-132,0,0,22,1,1,0","horse_hermanos,foot,-129,-43,0,0,23,1,1,0",,,"horse_hermanos,tail,-286,-138,-11,0,24,1,1,0","horse_hermanos,seat,-60,-452,25,0,9,1,1,0","horse_hermanos,seat,63,-460,-15,1,9,1,1,0",,,,,,,,,,,,,,,,,,,,,,,,,,,,,,,,,,,,,,,,,,,,,,,,,,,,,,,,,,,,,,,,,,,,,,,,
Skill1/3,"hermanos,head,26,-720,1,0,0,1,1,0","hermanos,neck,25,-677,8,0,7,1,1,0","hermanos,body,17,-538,2.5,0,4,1,1,0","hermanos,arm_up,-76,-570,-22,0,6,1,1,0","hermanos,arm_low,-76,-522,57,0,1,1,1,0","hermanos,fist,-14,-482,56,0,3,1,1,0","hermanos,arm_up,93,-588,30,1,21,1,1,0","hermanos,arm_low,157,-550,86,1,21,1,1,0","hermanos,bare,229,-508,52,0,26,1,1,0","hermanos,leg_up,-13,-399,28.8,0,6,1,1,0","hermanos,leg_low,-3,-308,-11,1,12,1,1,0","hermanos,foot_cav,-7,-230,-13,0,11,1,1,0","hermanos,leg_up,61,-396,7,0,19,1,1,0","hermanos,leg_low,65,-301,-2.5,0,24,1,1,0","hermanos,foot,87,-234,0,0,23,1,1,0",,,"hermanos,cape,-57,-523,-7,0,14,1,1,0","hermanos,trumpet,343,-557,110,0,20,1,1,0",,,,,,,,,"horse_hermanos,head,358,-502,1,0,5,1,1,0","horse_hermanos,neck,248,-500,-26,0,18,1,1,0","horse_hermanos,body,-36,-271,0,0,18,1,1,0",,"horse_hermanos,arm_low,180,-120,0,0,20,1,1,0","horse_hermanos,fist,191,-36,2,0,22,1,1,0",,"horse_hermanos,arm_low,112,-127,-10,0,22,1,1,0","horse_hermanos,fist,114,-44,-3,0,26,1.1,1.1,0",,"horse_hermanos,leg_low,-238,-118,0,0,21,1,1,0","horse_hermanos,foot,-227,-36,2,0,23,1,1,0",,"horse_hermanos,leg_low,-143,-132,0,0,22,1,1,0","horse_hermanos,foot,-129,-43,0,0,23,1,1,0",,,"horse_hermanos,tail,-286,-138,-11,0,24,1,1,0","horse_hermanos,seat,-60,-452,25,0,9,1,1,0","horse_hermanos,seat,63,-460,-15,1,9,1,1,0",,,,,,,,,,,,,,,,,,,,,,,,,,,,,,,,,,,,,,,,,,,,,,,,,,,,,,,,,,,,,,,,,,,,,,,,
Skill1/4,"hermanos,head,29,-720,-2,0,0,1,1,0","hermanos,neck,25,-677,8,0,7,1,1,0","hermanos,body,21,-538,3.5,0,4,1,1,0","hermanos,arm_up,-80,-562,-11,0,4,1,1,0","hermanos,arm_low,-68,-517,75,0,0,1,1,0","hermanos,fist,4,-500,74,0,1,1,1,0","hermanos,arm_up,96,-583,30,1,21,1,1,0","hermanos,arm_low,150,-573,116,1,21,1,1,0","hermanos,open,231,-606,112,0,26,1,1,0","hermanos,leg_up,-13,-399,28.8,0,6,1,1,0","hermanos,leg_low,0,-307,-8,1,12,1,1,0","hermanos,foot_cav,2,-229,-10,0,11,1,1,0","hermanos,leg_up,61,-396,7,0,19,1,1,0","hermanos,leg_low,65,-301,-2.5,0,24,1,1,0","hermanos,foot,87,-234,0,0,23,1,1,0",,,"hermanos,cape,-62,-527,-10,0,14,1,1,0","hermanos,trumpet,354,-614,89,0,25,1,1,0",,,,,,,,,"horse_hermanos,head,358,-502,5,0,5,1,1,0","horse_hermanos,neck,248,-500,-26,0,18,1,1,0","horse_hermanos,body,-36,-271,0,0,18,1,1,0",,"horse_hermanos,arm_low,180,-120,0,0,20,1,1,0","horse_hermanos,fist,191,-36,2,0,22,1,1,0",,"horse_hermanos,arm_low,112,-127,-10,0,22,1,1,0","horse_hermanos,fist,114,-44,-3,0,26,1.1,1.1,0",,"horse_hermanos,leg_low,-238,-118,0,0,21,1,1,0","horse_hermanos,foot,-227,-36,2,0,23,1,1,0",,"horse_hermanos,leg_low,-143,-132,0,0,22,1,1,0","horse_hermanos,foot,-129,-43,0,0,23,1,1,0",,,"horse_hermanos,tail,-286,-138,-11,0,24,1,1,0","horse_hermanos,seat,-60,-452,25,0,9,1,1,0","horse_hermanos,seat,63,-460,-15,1,9,1,1,0",,,,,,,,,,,,,,,,,,,,,,,,,,,,,,,,,,,,,,,,,,,,,,,,,,,,,,,,,,,,,,,,,,,,,,,,
Skill1/5,"hermanos,head,29,-720,-2,0,0,1,1,0","hermanos,neck,25,-677,8,0,7,1,1,0","hermanos,body,21,-538,3.5,0,4,1,1,0","hermanos,arm_up,-45,-567,43,0,4,1,1,0","hermanos,arm_low,2,-550,122,0,0,1,1,0","hermanos,fist,60,-594,121,0,1,1,1,0","hermanos,arm_up,106,-583,40,1,21,1,1,0","hermanos,arm_low,155,-593,136,1,21,1,1,0","hermanos,open,209,-658,152,0,30,1,1,0","hermanos,leg_up,-13,-399,28.8,0,6,1,1,0","hermanos,leg_low,0,-307,-8,1,12,1,1,0","hermanos,foot_cav,2,-229,-10,0,11,1,1,0","hermanos,leg_up,61,-396,7,0,19,1,1,0","hermanos,leg_low,65,-301,-2.5,0,24,1,1,0","hermanos,foot,87,-234,0,0,23,1,1,0",,,"hermanos,cape,-62,-539,-5,0,14,1,1,0","hermanos,trumpet,320,-666,89,0,28,1,1,0",,,,,,,,,"horse_hermanos,head,358,-504,8,0,5,1,1,0","horse_hermanos,neck,248,-500,-26,0,18,1,1,0","horse_hermanos,body,-36,-271,0,0,18,1,1,0",,"horse_hermanos,arm_low,180,-120,0,0,20,1,1,0","horse_hermanos,fist,191,-36,2,0,22,1,1,0",,"horse_hermanos,arm_low,112,-127,-10,0,22,1,1,0","horse_hermanos,fist,114,-44,-3,0,26,1.1,1.1,0",,"horse_hermanos,leg_low,-238,-118,0,0,21,1,1,0","horse_hermanos,foot,-227,-36,2,0,23,1,1,0",,"horse_hermanos,leg_low,-143,-132,0,0,22,1,1,0","horse_hermanos,foot,-129,-43,0,0,23,1,1,0",,,"horse_hermanos,tail,-286,-138,-11,0,24,1,1,0","horse_hermanos,seat,-60,-452,25,0,9,1,1,0","horse_hermanos,seat,63,-460,-15,1,9,1,1,0",,,,,,,,,,,,,,,,,,,,,,,,,,,,,,,,,,,,,,,,,,,,,,,,,,,,,,,,,,,,,,,,,,,,,,,,
Skill1/6,"hermanos,head,18,-718,2,0,2,1,1,0","hermanos,neck,17,-672,16,0,9,1,1,0","hermanos,body,19,-534,5.5,0,6,1,1,0","hermanos,arm_up,-11,-583,75,0,4,1,1,0","hermanos,arm_low,44,-595,154,0,0,1,1,0","hermanos,fist,79,-662,153,0,1,1,1,0","hermanos,arm_up,102,-589,46,1,23,1,1,0","hermanos,arm_low,139,-599,150,1,23,1,1,0","hermanos,open,175,-667,162,0,32,1,1,0","hermanos,leg_up,-11,-395,30.8,0,8,1,1,0","hermanos,leg_low,6,-303,-6,1,14,1,1,0","hermanos,foot_cav,10,-225,-8,0,13,1,1,0","hermanos,leg_up,63,-394,9,0,21,1,1,0","hermanos,leg_low,71,-299,-0.5,0,26,1,1,0","hermanos,foot,95,-232,2,0,25,1,1,0",,,"hermanos,cape,-60,-535,-2,0,16,1,1,0","hermanos,trumpet,265,-678,93,0,2,1,1,0",,,,,,,,,"horse_hermanos,head,358,-517,13,0,5,1,1,0","horse_hermanos,neck,242,-503,-24,0,18,1,1,0","horse_hermanos,body,-36,-271,0,0,18,1,1,0",,"horse_hermanos,arm_low,180,-120,0,0,20,1,1,0","horse_hermanos,fist,191,-36,2,0,22,1,1,0",,"horse_hermanos,arm_low,112,-127,-10,0,22,1,1,0","horse_hermanos,fist,114,-44,-3,0,26,1.1,1.1,0",,"horse_hermanos,leg_low,-238,-118,0,0,21,1,1,0","horse_hermanos,foot,-227,-36,2,0,23,1,1,0",,"horse_hermanos,leg_low,-143,-132,0,0,22,1,1,0","horse_hermanos,foot,-129,-43,0,0,23,1,1,0",,,"horse_hermanos,tail,-286,-138,-11,0,24,1,1,0","horse_hermanos,seat,-60,-452,25,0,9,1,1,0","horse_hermanos,seat,63,-460,-15,1,9,1,1,0",,,,,,,,,,,,,,,,,,,,,,,,,,,,,,,,,,,,,,,,,,,,,,,,,,,,,,,,,,,,,,,,,,,,,,,,
Skill1/7,"hermanos,head,14,-718,8,0,2,1,1,0","hermanos,neck,17,-672,16,0,9,1,1,0","hermanos,body,19,-534,5.5,0,6,1,1,0","hermanos,arm_up,-8,-582,78,0,4,1,1,0","hermanos,arm_low,44,-597,157,0,0,1,1,0","hermanos,fist,76,-667,156,0,1,1,1,0","hermanos,arm_up,106,-589,50,1,23,1,1,0","hermanos,arm_low,143,-603,154,1,23,1,1,0","hermanos,open,171,-675,166,0,32,1,1,0","hermanos,leg_up,-11,-395,30.8,0,8,1,1,0","hermanos,leg_low,6,-303,-6,1,14,1,1,0","hermanos,foot_cav,10,-225,-8,0,13,1,1,0","hermanos,leg_up,63,-394,9,0,21,1,1,0","hermanos,leg_low,71,-299,-0.5,0,26,1,1,0","hermanos,foot,95,-232,2,0,25,1,1,0",,,"hermanos,cape,-60,-535,-2,0,16,1,1,0","hermanos,trumpet,262,-699,97,0,2,1,1,0",,,,,,,,,"horse_hermanos,head,355,-524,21,0,5,1,1,0","horse_hermanos,neck,240,-503,-23,0,18,1,1,0","horse_hermanos,body,-36,-271,0,0,18,1,1,0",,"horse_hermanos,arm_low,180,-120,0,0,20,1,1,0","horse_hermanos,fist,191,-36,2,0,22,1,1,0",,"horse_hermanos,arm_low,112,-127,-10,0,22,1,1,0","horse_hermanos,fist,114,-44,-3,0,26,1.1,1.1,0",,"horse_hermanos,leg_low,-238,-118,0,0,21,1,1,0","horse_hermanos,foot,-227,-36,2,0,23,1,1,0",,"horse_hermanos,leg_low,-143,-132,0,0,22,1,1,0","horse_hermanos,foot,-129,-43,0,0,23,1,1,0",,,"horse_hermanos,tail,-286,-138,-11,0,24,1,1,0","horse_hermanos,seat,-60,-452,25,0,9,1,1,0","horse_hermanos,seat,63,-460,-15,1,9,1,1,0",,,,,,,,,,,,,,,,,,,,,,,,,,,,,,,,,,,,,,,,,,,,,,,,,,,,,,,,,,,,,,,,,,,,,,,,"trumpet1,10000,1"
Skill1/8,"hermanos,head,10,-718,9,0,2,1,1,0","hermanos,neck,14,-673,17,0,9,1,1,0","hermanos,body,18,-535,6.5,0,6,1,1,0","hermanos,arm_up,-10,-582,79,0,4,1,1,0","hermanos,arm_low,42,-598,158,0,0,1,1,0","hermanos,fist,73,-669,157,0,1,1,1,0","hermanos,arm_up,104,-591,51,1,23,1,1,0","hermanos,arm_low,141,-606,155,1,23,1,1,0","hermanos,open,167,-678,167,0,32,1,1,0","hermanos,leg_up,-10,-395,31.8,0,8,1,1,0","hermanos,leg_low,9,-303,-5,1,14,1,1,0","hermanos,foot_cav,14,-225,-7,0,13,1,1,0","hermanos,leg_up,64,-395,10,0,21,1,1,0","hermanos,leg_low,74,-301,0.5,0,26,1,1,0","hermanos,foot,99,-234,3,0,25,1,1,0",,,"hermanos,cape,-61,-534,-1,0,16,1,1,0","hermanos,trumpet,258,-708,99,0,2,1,1,0",,,,,,,,,"horse_hermanos,head,347,-536,24,0,5,1,1,0","horse_hermanos,neck,235,-503,-20,0,18,1,1,0","horse_hermanos,body,-36,-271,0,0,18,1,1,0",,"horse_hermanos,arm_low,180,-120,0,0,20,1,1,0","horse_hermanos,fist,191,-36,2,0,22,1,1,0",,"horse_hermanos,arm_low,112,-127,-10,0,22,1,1,0","horse_hermanos,fist,114,-44,-3,0,26,1.1,1.1,0",,"horse_hermanos,leg_low,-238,-118,0,0,21,1,1,0","horse_hermanos,foot,-227,-36,2,0,23,1,1,0",,"horse_hermanos,leg_low,-143,-132,0,0,22,1,1,0","horse_hermanos,foot,-129,-43,0,0,23,1,1,0",,,"horse_hermanos,tail,-286,-138,-11,0,24,1,1,0","horse_hermanos,seat,-60,-452,25,0,9,1,1,0","horse_hermanos,seat,63,-460,-15,1,9,1,1,0",,,,,,,,,,,,,,,,,,,,,,,,,,,,,,,,,,,,,,,,,,,,,,,,,,,,,,,,,,,,,,"movement,crush,590,-762,-80,0,0,1,1,1",,,,,,,,play_time_mod_3,,
Skill1/9,"hermanos,head,29,-720,-2,0,0,1,1,0","hermanos,neck,25,-677,8,0,7,1,1,0","hermanos,body,21,-538,3.5,0,4,1,1,0","hermanos,arm_up,-45,-567,43,0,4,1,1,0","hermanos,arm_low,2,-550,122,0,0,1,1,0","hermanos,fist,60,-594,121,0,1,1,1,0","hermanos,arm_up,106,-583,40,1,21,1,1,0","hermanos,arm_low,155,-593,136,1,21,1,1,0","hermanos,open,209,-658,152,0,30,1,1,0","hermanos,leg_up,-13,-399,28.8,0,6,1,1,0","hermanos,leg_low,0,-307,-8,1,12,1,1,0","hermanos,foot_cav,2,-229,-10,0,11,1,1,0","hermanos,leg_up,61,-396,7,0,19,1,1,0","hermanos,leg_low,65,-301,-2.5,0,24,1,1,0","hermanos,foot,87,-234,0,0,23,1,1,0",,,"hermanos,cape,-62,-539,-5,0,14,1,1,0","hermanos,trumpet,320,-666,89,0,28,1,1,0",,,,,,,,,"horse_hermanos,head,358,-504,8,0,5,1,1,0","horse_hermanos,neck,248,-500,-26,0,18,1,1,0","horse_hermanos,body,-36,-271,0,0,18,1,1,0",,"horse_hermanos,arm_low,180,-120,0,0,20,1,1,0","horse_hermanos,fist,191,-36,2,0,22,1,1,0",,"horse_hermanos,arm_low,112,-127,-10,0,22,1,1,0","horse_hermanos,fist,114,-44,-3,0,26,1.1,1.1,0",,"horse_hermanos,leg_low,-238,-118,0,0,21,1,1,0","horse_hermanos,foot,-227,-36,2,0,23,1,1,0",,"horse_hermanos,leg_low,-143,-132,0,0,22,1,1,0","horse_hermanos,foot,-129,-43,0,0,23,1,1,0",,,"horse_hermanos,tail,-286,-138,-11,0,24,1,1,0","horse_hermanos,seat,-60,-452,25,0,9,1,1,0","horse_hermanos,seat,63,-460,-15,1,9,1,1,0",,,,,,,,,,,,,,,,,,,,,,,,,,,,,,,,,,,,,,,,,,,,,,,,,,,,,,,,,,,,,,,,,,,,,,,,
Skill1/10,"hermanos,head,26,-720,1,0,0,1,1,0","hermanos,neck,25,-677,8,0,7,1,1,0","hermanos,body,17,-538,2.5,0,4,1,1,0","hermanos,arm_up,-76,-570,-22,0,6,1,1,0","hermanos,arm_low,-76,-522,57,0,1,1,1,0","hermanos,fist,-14,-482,56,0,3,1,1,0","hermanos,arm_up,93,-588,30,1,21,1,1,0","hermanos,arm_low,157,-550,86,1,21,1,1,0","hermanos,bare,229,-508,52,0,26,1,1,0","hermanos,leg_up,-13,-399,28.8,0,6,1,1,0","hermanos,leg_low,-3,-308,-11,1,12,1,1,0","hermanos,foot_cav,-7,-230,-13,0,11,1,1,0","hermanos,leg_up,61,-396,7,0,19,1,1,0","hermanos,leg_low,65,-301,-2.5,0,24,1,1,0","hermanos,foot,87,-234,0,0,23,1,1,0",,,"hermanos,cape,-57,-523,-7,0,14,1,1,0","hermanos,trumpet,343,-557,110,0,20,1,1,0",,,,,,,,,"horse_hermanos,head,358,-502,1,0,5,1,1,0","horse_hermanos,neck,248,-500,-26,0,18,1,1,0","horse_hermanos,body,-36,-271,0,0,18,1,1,0",,"horse_hermanos,arm_low,180,-120,0,0,20,1,1,0","horse_hermanos,fist,191,-36,2,0,22,1,1,0",,"horse_hermanos,arm_low,112,-127,-10,0,22,1,1,0","horse_hermanos,fist,114,-44,-3,0,26,1.1,1.1,0",,"horse_hermanos,leg_low,-238,-118,0,0,21,1,1,0","horse_hermanos,foot,-227,-36,2,0,23,1,1,0",,"horse_hermanos,leg_low,-143,-132,0,0,22,1,1,0","horse_hermanos,foot,-129,-43,0,0,23,1,1,0",,,"horse_hermanos,tail,-286,-138,-11,0,24,1,1,0","horse_hermanos,seat,-60,-452,25,0,9,1,1,0","horse_hermanos,seat,63,-460,-15,1,9,1,1,0",,,,,,,,,,,,,,,,,,,,,,,,,,,,,,,,,,,,,,,,,,,,,,,,,,,,,,,,,,,,,,,,,,,,,,,,
Skill1/11,"hermanos,head,30,-720,-2,0,0,1,1,0","hermanos,neck,25,-677,8,0,7,1,1,0","hermanos,body,17,-538,0.5,0,4,1,1,0","hermanos,arm_up,-88,-571,-32,0,6,1,1,0","hermanos,arm_low,-96,-524,47,0,1,1,1,0","hermanos,fist,-42,-474,46,0,3,1,1,0","hermanos,arm_up,93,-588,30,1,21,1,1,0","hermanos,arm_low,157,-520,46,1,21,1,1,0","hermanos,bare,229,-448,22,0,26,1,1,0","hermanos,leg_up,-13,-399,28.8,0,6,1,1,0","hermanos,leg_low,-3,-308,-11,1,12,1,1,0","hermanos,foot_cav,-7,-230,-13,0,11,1,1,0","hermanos,leg_up,61,-396,7,0,19,1,1,0","hermanos,leg_low,65,-301,-2.5,0,24,1,1,0","hermanos,foot,87,-234,0,0,23,1,1,0",,,"hermanos,cape,-57,-523,-7,0,14,1,1,0","hermanos,trumpet,273,-456,140,0,20,1,1,0",,,,,,,,,"horse_hermanos,head,358,-502,-2,0,5,1,1,0","horse_hermanos,neck,248,-500,-26,0,18,1,1,0","horse_hermanos,body,-36,-271,0,0,18,1,1,0",,"horse_hermanos,arm_low,180,-120,0,0,20,1,1,0","horse_hermanos,fist,191,-36,2,0,22,1,1,0",,"horse_hermanos,arm_low,112,-127,-10,0,22,1,1,0","horse_hermanos,fist,114,-44,-3,0,26,1.1,1.1,0",,"horse_hermanos,leg_low,-238,-118,0,0,21,1,1,0","horse_hermanos,foot,-227,-36,2,0,23,1,1,0",,"horse_hermanos,leg_low,-143,-132,0,0,22,1,1,0","horse_hermanos,foot,-129,-43,0,0,23,1,1,0",,,"horse_hermanos,tail,-286,-138,-11,0,24,1,1,0","horse_hermanos,seat,-60,-452,25,0,9,1,1,0","horse_hermanos,seat,63,-460,-15,1,9,1,1,0",,,,,,,,,,,,,,,,,,,,,,,,,,,,,,,,,,,,,,,,,,,,,,,,,,,,,,,,,,,,,,,,,,,,,,,,
Skill1/12,"hermanos,head,34,-720,-7,0,0,1,1,0","hermanos,neck,25,-677,8,0,7,1,1,0","hermanos,body,17,-538,-1.5,0,4,1,1,0","hermanos,arm_up,-90,-573,-42,0,6,1,1,0","hermanos,arm_low,-112,-515,27,0,1,1,1,0","hermanos,fist,-73,-448,33,0,3,1,1,0","hermanos,arm_up,93,-577,20,1,21,1,1,0","hermanos,arm_low,136,-508,36,1,21,1,1,0","hermanos,bare,194,-425,12,0,26,1,1,0","hermanos,leg_up,-13,-399,28.8,0,6,1,1,0","hermanos,leg_low,-6,-312,-16,1,12,1,1,0","hermanos,foot_cav,-14,-234,-18,0,11,1,1,0","hermanos,leg_up,61,-396,7,0,19,1,1,0","hermanos,leg_low,65,-301,-2.5,0,24,1,1,0","hermanos,foot,87,-234,0,0,23,1,1,0",,,"hermanos,cape,-57,-523,-7,0,14,1,1,0",,,,,,,,,,"horse_hermanos,head,358,-500,-6,0,5,1,1,0","horse_hermanos,neck,248,-500,-26,0,18,1,1,0","horse_hermanos,body,-36,-271,0,0,18,1,1,0",,"horse_hermanos,arm_low,180,-120,0,0,20,1,1,0","horse_hermanos,fist,191,-36,2,0,22,1,1,0",,"horse_hermanos,arm_low,112,-127,-10,0,22,1,1,0","horse_hermanos,fist,114,-44,-3,0,26,1.1,1.1,0",,"horse_hermanos,leg_low,-238,-118,0,0,21,1,1,0","horse_hermanos,foot,-227,-36,2,0,23,1,1,0",,"horse_hermanos,leg_low,-143,-132,0,0,22,1,1,0","horse_hermanos,foot,-129,-43,0,0,23,1,1,0",,,"horse_hermanos,tail,-286,-138,-11,0,24,1,1,0","horse_hermanos,seat,-60,-452,25,0,9,1,1,0","horse_hermanos,seat,63,-460,-15,1,9,1,1,0",,,,,,,,,,,,,,,,,,,,,,,,,,,,,,,,,,,,,,,,,,,,,,,,,,,,,,,,,,,,,,,,,,,,,,,,
Skill1/13,"hermanos,head,24,-720,2,0,0,1,1,0","hermanos,neck,23,-677,13,0,7,1,1,0","hermanos,body,17,-538,2.5,0,4,1,1,0","hermanos,arm_up,-70,-573,-32,0,6,1,1,0","hermanos,arm_low,-112,-495,-2,0,1,1,1,0","hermanos,fist,-103,-424,11,0,3,1,1,0","hermanos,arm_up,91,-577,30,1,21,1,1,0","hermanos,arm_low,145,-517,46,1,21,1,1,0","hermanos,bare,216,-445,22,0,26,1,1,0","hermanos,leg_up,-13,-399,28.8,0,6,1,1,0","hermanos,leg_low,-6,-312,-16,1,12,1,1,0","hermanos,foot_cav,-14,-234,-18,0,11,1,1,0","hermanos,leg_up,61,-396,7,0,19,1,1,0","hermanos,leg_low,65,-301,-2.5,0,24,1,1,0","hermanos,foot,87,-234,0,0,23,1,1,0",,,"hermanos,cape,-57,-523,-7,0,14,1,1,0",,,,,,,,,,"horse_hermanos,head,358,-500,-6,0,5,1,1,0","horse_hermanos,neck,248,-500,-26,0,18,1,1,0","horse_hermanos,body,-36,-271,0,0,18,1,1,0",,"horse_hermanos,arm_low,180,-120,0,0,20,1,1,0","horse_hermanos,fist,191,-36,2,0,22,1,1,0",,"horse_hermanos,arm_low,112,-127,-10,0,22,1,1,0","horse_hermanos,fist,114,-44,-3,0,26,1.1,1.1,0",,"horse_hermanos,leg_low,-238,-118,0,0,21,1,1,0","horse_hermanos,foot,-227,-36,2,0,23,1,1,0",,"horse_hermanos,leg_low,-143,-132,0,0,22,1,1,0","horse_hermanos,foot,-129,-43,0,0,23,1,1,0",,,"horse_hermanos,tail,-286,-138,-11,0,24,1,1,0","horse_hermanos,seat,-60,-452,25,0,9,1,1,0","horse_hermanos,seat,63,-460,-15,1,9,1,1,0",,,,,,,,,,,,,,,,,,,,,,,,,,,,,,,,,,,,,,,,,,,,,,,,,,,,,,,,,,,,,,,,,,,,,,,,
Skill2/0,"hermanos,head,24,-720,2,0,0,1,1,0","hermanos,neck,23,-677,13,0,7,1,1,0","hermanos,body,17,-538,2.5,0,4,1,1,0","hermanos,arm_up,-70,-573,-32,0,6,1,1,0","hermanos,arm_low,-112,-495,-2,0,1,1,1,0","hermanos,fist,-103,-424,11,0,3,1,1,0","hermanos,arm_up,91,-577,30,1,21,1,1,0","hermanos,arm_low,145,-517,46,1,21,1,1,0","hermanos,bare,216,-445,22,0,26,1,1,0","hermanos,leg_up,-13,-399,28.8,0,6,1,1,0","hermanos,leg_low,-6,-312,-16,1,12,1,1,0","hermanos,foot_cav,-14,-234,-18,0,11,1,1,0","hermanos,leg_up,61,-396,7,0,19,1,1,0","hermanos,leg_low,65,-301,-2.5,0,24,1,1,0","hermanos,foot,87,-234,0,0,23,1,1,0",,,"hermanos,cape,-57,-523,-7,0,14,1,1,0",,,,,,,,,,"horse_hermanos,head,358,-500,-6,0,5,1,1,0","horse_hermanos,neck,248,-500,-26,0,18,1,1,0","horse_hermanos,body,-36,-271,0,0,18,1,1,0",,"horse_hermanos,arm_low,180,-120,0,0,20,1,1,0","horse_hermanos,fist,191,-36,2,0,22,1,1,0",,"horse_hermanos,arm_low,112,-127,-10,0,22,1,1,0","horse_hermanos,fist,114,-44,-3,0,26,1.1,1.1,0",,"horse_hermanos,leg_low,-238,-118,0,0,21,1,1,0","horse_hermanos,foot,-227,-36,2,0,23,1,1,0",,"horse_hermanos,leg_low,-143,-132,0,0,22,1,1,0","horse_hermanos,foot,-129,-43,0,0,23,1,1,0",,,"horse_hermanos,tail,-286,-138,-11,0,24,1,1,0","horse_hermanos,seat,-60,-452,25,0,9,1,1,0","horse_hermanos,seat,63,-460,-15,1,9,1,1,0",,,,,,,,,,,,,,,,,,,,,,,,,,,,,,,,,,,,,,,,,,,,,,,,,,,,,,,,,,,,,,,,,,,,,,,,
Skill2/1,"hermanos,head,34,-720,-7,0,0,1,1,0","hermanos,neck,25,-677,8,0,7,1,1,0","hermanos,body,17,-538,-1.5,0,4,1,1,0","hermanos,arm_up,-90,-573,-42,0,6,1,1,0","hermanos,arm_low,-112,-515,27,0,1,1,1,0","hermanos,fist,-73,-448,33,0,3,1,1,0","hermanos,arm_up,93,-577,20,1,21,1,1,0","hermanos,arm_low,136,-508,36,1,21,1,1,0","hermanos,bare,194,-425,12,0,26,1,1,0","hermanos,leg_up,-13,-399,28.8,0,6,1,1,0","hermanos,leg_low,-6,-312,-16,1,12,1,1,0","hermanos,foot_cav,-14,-234,-18,0,11,1,1,0","hermanos,leg_up,61,-396,7,0,19,1,1,0","hermanos,leg_low,65,-301,-2.5,0,24,1,1,0","hermanos,foot,87,-234,0,0,23,1,1,0",,,"hermanos,cape,-57,-523,-7,0,14,1,1,0",,,,,,,,,,"horse_hermanos,head,358,-500,-6,0,5,1,1,0","horse_hermanos,neck,248,-500,-26,0,18,1,1,0","horse_hermanos,body,-36,-271,0,0,18,1,1,0",,"horse_hermanos,arm_low,180,-120,0,0,20,1,1,0","horse_hermanos,fist,191,-36,2,0,22,1,1,0",,"horse_hermanos,arm_low,112,-127,-10,0,22,1,1,0","horse_hermanos,fist,114,-44,-3,0,26,1.1,1.1,0",,"horse_hermanos,leg_low,-238,-118,0,0,21,1,1,0","horse_hermanos,foot,-227,-36,2,0,23,1,1,0",,"horse_hermanos,leg_low,-143,-132,0,0,22,1,1,0","horse_hermanos,foot,-129,-43,0,0,23,1,1,0",,,"horse_hermanos,tail,-286,-138,-11,0,24,1,1,0","horse_hermanos,seat,-60,-452,25,0,9,1,1,0","horse_hermanos,seat,63,-460,-15,1,9,1,1,0",,,,,,,,,,,,,,,,,,,,,,,,,,,,,,,,,,,,,,,,,,,,,,,,,,,,,,,,,,,,,,,,,,,,,,,,
Skill2/2,"hermanos,head,30,-720,-2,0,0,1,1,0","hermanos,neck,25,-677,8,0,7,1,1,0","hermanos,body,17,-538,0.5,0,4,1,1,0","hermanos,arm_up,-88,-571,-32,0,6,1,1,0","hermanos,arm_low,-96,-524,47,0,1,1,1,0","hermanos,fist,-42,-474,46,0,3,1,1,0","hermanos,arm_up,93,-588,30,1,21,1,1,0","hermanos,arm_low,157,-520,46,1,21,1,1,0","hermanos,bare,229,-448,22,0,26,1,1,0","hermanos,leg_up,-13,-399,28.8,0,6,1,1,0","hermanos,leg_low,-3,-308,-11,1,12,1,1,0","hermanos,foot_cav,-7,-230,-13,0,11,1,1,0","hermanos,leg_up,61,-396,7,0,19,1,1,0","hermanos,leg_low,65,-301,-2.5,0,24,1,1,0","hermanos,foot,87,-234,0,0,23,1,1,0",,,"hermanos,cape,-57,-523,-7,0,14,1,1,0","hermanos,trumpet,273,-456,140,0,20,1,1,0",,,,,,,,,"horse_hermanos,head,358,-502,-2,0,5,1,1,0","horse_hermanos,neck,248,-500,-26,0,18,1,1,0","horse_hermanos,body,-36,-271,0,0,18,1,1,0",,"horse_hermanos,arm_low,180,-120,0,0,20,1,1,0","horse_hermanos,fist,191,-36,2,0,22,1,1,0",,"horse_hermanos,arm_low,112,-127,-10,0,22,1,1,0","horse_hermanos,fist,114,-44,-3,0,26,1.1,1.1,0",,"horse_hermanos,leg_low,-238,-118,0,0,21,1,1,0","horse_hermanos,foot,-227,-36,2,0,23,1,1,0",,"horse_hermanos,leg_low,-143,-132,0,0,22,1,1,0","horse_hermanos,foot,-129,-43,0,0,23,1,1,0",,,"horse_hermanos,tail,-286,-138,-11,0,24,1,1,0","horse_hermanos,seat,-60,-452,25,0,9,1,1,0","horse_hermanos,seat,63,-460,-15,1,9,1,1,0",,,,,,,,,,,,,,,,,,,,,,,,,,,,,,,,,,,,,,,,,,,,,,,,,,,,,,,,,,,,,,,,,,,,,,,,
Skill2/3,"hermanos,head,26,-720,1,0,0,1,1,0","hermanos,neck,25,-677,8,0,7,1,1,0","hermanos,body,17,-538,2.5,0,4,1,1,0","hermanos,arm_up,-76,-570,-22,0,6,1,1,0","hermanos,arm_low,-76,-522,57,0,1,1,1,0","hermanos,fist,-14,-482,56,0,3,1,1,0","hermanos,arm_up,93,-588,30,1,21,1,1,0","hermanos,arm_low,157,-550,86,1,21,1,1,0","hermanos,bare,229,-508,52,0,26,1,1,0","hermanos,leg_up,-13,-399,28.8,0,6,1,1,0","hermanos,leg_low,-3,-308,-11,1,12,1,1,0","hermanos,foot_cav,-7,-230,-13,0,11,1,1,0","hermanos,leg_up,61,-396,7,0,19,1,1,0","hermanos,leg_low,65,-301,-2.5,0,24,1,1,0","hermanos,foot,87,-234,0,0,23,1,1,0",,,"hermanos,cape,-57,-523,-7,0,14,1,1,0","hermanos,trumpet,343,-557,110,0,20,1,1,0",,,,,,,,,"horse_hermanos,head,358,-502,1,0,5,1,1,0","horse_hermanos,neck,248,-500,-26,0,18,1,1,0","horse_hermanos,body,-36,-271,0,0,18,1,1,0",,"horse_hermanos,arm_low,180,-120,0,0,20,1,1,0","horse_hermanos,fist,191,-36,2,0,22,1,1,0",,"horse_hermanos,arm_low,112,-127,-10,0,22,1,1,0","horse_hermanos,fist,114,-44,-3,0,26,1.1,1.1,0",,"horse_hermanos,leg_low,-238,-118,0,0,21,1,1,0","horse_hermanos,foot,-227,-36,2,0,23,1,1,0",,"horse_hermanos,leg_low,-143,-132,0,0,22,1,1,0","horse_hermanos,foot,-129,-43,0,0,23,1,1,0",,,"horse_hermanos,tail,-286,-138,-11,0,24,1,1,0","horse_hermanos,seat,-60,-452,25,0,9,1,1,0","horse_hermanos,seat,63,-460,-15,1,9,1,1,0",,,,,,,,,,,,,,,,,,,,,,,,,,,,,,,,,,,,,,,,,,,,,,,,,,,,,,,,,,,,,,,,,,,,,,,,
Skill2/4,"hermanos,head,29,-720,-2,0,0,1,1,0","hermanos,neck,25,-677,8,0,7,1,1,0","hermanos,body,21,-538,3.5,0,4,1,1,0","hermanos,arm_up,-80,-562,-11,0,4,1,1,0","hermanos,arm_low,-68,-517,75,0,0,1,1,0","hermanos,fist,4,-500,74,0,1,1,1,0","hermanos,arm_up,96,-583,30,1,21,1,1,0","hermanos,arm_low,150,-573,116,1,21,1,1,0","hermanos,open,231,-606,112,0,26,1,1,0","hermanos,leg_up,-13,-399,28.8,0,6,1,1,0","hermanos,leg_low,0,-307,-8,1,12,1,1,0","hermanos,foot_cav,2,-229,-10,0,11,1,1,0","hermanos,leg_up,61,-396,7,0,19,1,1,0","hermanos,leg_low,65,-301,-2.5,0,24,1,1,0","hermanos,foot,87,-234,0,0,23,1,1,0",,,"hermanos,cape,-62,-527,-10,0,14,1,1,0","hermanos,trumpet,354,-614,89,0,25,1,1,0",,,,,,,,,"horse_hermanos,head,358,-502,5,0,5,1,1,0","horse_hermanos,neck,248,-500,-26,0,18,1,1,0","horse_hermanos,body,-36,-271,0,0,18,1,1,0",,"horse_hermanos,arm_low,180,-120,0,0,20,1,1,0","horse_hermanos,fist,191,-36,2,0,22,1,1,0",,"horse_hermanos,arm_low,112,-127,-10,0,22,1,1,0","horse_hermanos,fist,114,-44,-3,0,26,1.1,1.1,0",,"horse_hermanos,leg_low,-238,-118,0,0,21,1,1,0","horse_hermanos,foot,-227,-36,2,0,23,1,1,0",,"horse_hermanos,leg_low,-143,-132,0,0,22,1,1,0","horse_hermanos,foot,-129,-43,0,0,23,1,1,0",,,"horse_hermanos,tail,-286,-138,-11,0,24,1,1,0","horse_hermanos,seat,-60,-452,25,0,9,1,1,0","horse_hermanos,seat,63,-460,-15,1,9,1,1,0",,,,,,,,,,,,,,,,,,,,,,,,,,,,,,,,,,,,,,,,,,,,,,,,,,,,,,,,,,,,,,,,,,,,,,,,
Skill2/5,"hermanos,head,29,-720,-2,0,0,1,1,0","hermanos,neck,25,-677,8,0,7,1,1,0","hermanos,body,21,-538,3.5,0,4,1,1,0","hermanos,arm_up,-45,-567,43,0,4,1,1,0","hermanos,arm_low,2,-550,122,0,0,1,1,0","hermanos,fist,60,-594,121,0,1,1,1,0","hermanos,arm_up,106,-583,40,1,21,1,1,0","hermanos,arm_low,155,-593,136,1,21,1,1,0","hermanos,open,209,-658,152,0,30,1,1,0","hermanos,leg_up,-13,-399,28.8,0,6,1,1,0","hermanos,leg_low,0,-307,-8,1,12,1,1,0","hermanos,foot_cav,2,-229,-10,0,11,1,1,0","hermanos,leg_up,61,-396,7,0,19,1,1,0","hermanos,leg_low,65,-301,-2.5,0,24,1,1,0","hermanos,foot,87,-234,0,0,23,1,1,0",,,"hermanos,cape,-62,-539,-5,0,14,1,1,0","hermanos,trumpet,320,-666,89,0,28,1,1,0",,,,,,,,,"horse_hermanos,head,358,-504,8,0,5,1,1,0","horse_hermanos,neck,248,-500,-26,0,18,1,1,0","horse_hermanos,body,-36,-271,0,0,18,1,1,0",,"horse_hermanos,arm_low,180,-120,0,0,20,1,1,0","horse_hermanos,fist,191,-36,2,0,22,1,1,0",,"horse_hermanos,arm_low,112,-127,-10,0,22,1,1,0","horse_hermanos,fist,114,-44,-3,0,26,1.1,1.1,0",,"horse_hermanos,leg_low,-238,-118,0,0,21,1,1,0","horse_hermanos,foot,-227,-36,2,0,23,1,1,0",,"horse_hermanos,leg_low,-143,-132,0,0,22,1,1,0","horse_hermanos,foot,-129,-43,0,0,23,1,1,0",,,"horse_hermanos,tail,-286,-138,-11,0,24,1,1,0","horse_hermanos,seat,-60,-452,25,0,9,1,1,0","horse_hermanos,seat,63,-460,-15,1,9,1,1,0",,,,,,,,,,,,,,,,,,,,,,,,,,,,,,,,,,,,,,,,,,,,,,,,,,,,,,,,,,,,,,,,,,,,,,,,
Skill2/6,"hermanos,head,18,-718,2,0,2,1,1,0","hermanos,neck,17,-672,16,0,9,1,1,0","hermanos,body,19,-534,5.5,0,6,1,1,0","hermanos,arm_up,-11,-583,75,0,4,1,1,0","hermanos,arm_low,44,-595,154,0,0,1,1,0","hermanos,fist,79,-662,153,0,1,1,1,0","hermanos,arm_up,102,-589,46,1,23,1,1,0","hermanos,arm_low,139,-599,150,1,23,1,1,0","hermanos,open,175,-667,162,0,32,1,1,0","hermanos,leg_up,-11,-395,30.8,0,8,1,1,0","hermanos,leg_low,6,-303,-6,1,14,1,1,0","hermanos,foot_cav,10,-225,-8,0,13,1,1,0","hermanos,leg_up,63,-394,9,0,21,1,1,0","hermanos,leg_low,71,-299,-0.5,0,26,1,1,0","hermanos,foot,95,-232,2,0,25,1,1,0",,,"hermanos,cape,-60,-535,-2,0,16,1,1,0","hermanos,trumpet,265,-678,93,0,2,1,1,0",,,,,,,,,"horse_hermanos,head,358,-517,13,0,5,1,1,0","horse_hermanos,neck,242,-503,-24,0,18,1,1,0","horse_hermanos,body,-36,-271,0,0,18,1,1,0",,"horse_hermanos,arm_low,180,-120,0,0,20,1,1,0","horse_hermanos,fist,191,-36,2,0,22,1,1,0",,"horse_hermanos,arm_low,112,-127,-10,0,22,1,1,0","horse_hermanos,fist,114,-44,-3,0,26,1.1,1.1,0",,"horse_hermanos,leg_low,-238,-118,0,0,21,1,1,0","horse_hermanos,foot,-227,-36,2,0,23,1,1,0",,"horse_hermanos,leg_low,-143,-132,0,0,22,1,1,0","horse_hermanos,foot,-129,-43,0,0,23,1,1,0",,,"horse_hermanos,tail,-286,-138,-11,0,24,1,1,0","horse_hermanos,seat,-60,-452,25,0,9,1,1,0","horse_hermanos,seat,63,-460,-15,1,9,1,1,0",,,,,,,,,,,,,,,,,,,,,,,,,,,,,,,,,,,,,,,,,,,,,,,,,,,,,,,,,,,,,,,,,,,,,,,,
Skill2/7,"hermanos,head,14,-718,8,0,2,1,1,0","hermanos,neck,17,-672,16,0,9,1,1,0","hermanos,body,19,-534,5.5,0,6,1,1,0","hermanos,arm_up,-8,-582,78,0,4,1,1,0","hermanos,arm_low,44,-597,157,0,0,1,1,0","hermanos,fist,76,-667,156,0,1,1,1,0","hermanos,arm_up,106,-589,50,1,23,1,1,0","hermanos,arm_low,143,-603,154,1,23,1,1,0","hermanos,open,171,-675,166,0,32,1,1,0","hermanos,leg_up,-11,-395,30.8,0,8,1,1,0","hermanos,leg_low,6,-303,-6,1,14,1,1,0","hermanos,foot_cav,10,-225,-8,0,13,1,1,0","hermanos,leg_up,63,-394,9,0,21,1,1,0","hermanos,leg_low,71,-299,-0.5,0,26,1,1,0","hermanos,foot,95,-232,2,0,25,1,1,0",,,"hermanos,cape,-60,-535,-2,0,16,1,1,0","hermanos,trumpet,262,-699,97,0,2,1,1,0",,,,,,,,,"horse_hermanos,head,355,-524,21,0,5,1,1,0","horse_hermanos,neck,240,-503,-23,0,18,1,1,0","horse_hermanos,body,-36,-271,0,0,18,1,1,0",,"horse_hermanos,arm_low,180,-120,0,0,20,1,1,0","horse_hermanos,fist,191,-36,2,0,22,1,1,0",,"horse_hermanos,arm_low,112,-127,-10,0,22,1,1,0","horse_hermanos,fist,114,-44,-3,0,26,1.1,1.1,0",,"horse_hermanos,leg_low,-238,-118,0,0,21,1,1,0","horse_hermanos,foot,-227,-36,2,0,23,1,1,0",,"horse_hermanos,leg_low,-143,-132,0,0,22,1,1,0","horse_hermanos,foot,-129,-43,0,0,23,1,1,0",,,"horse_hermanos,tail,-286,-138,-11,0,24,1,1,0","horse_hermanos,seat,-60,-452,25,0,9,1,1,0","horse_hermanos,seat,63,-460,-15,1,9,1,1,0",,,,,,,,,,,,,,,,,,,,,,,,,,,,,,,,,,,,,,,,,,,,,,,,,,,,,,,,,,,,,,,,,,,,,,,,"trumpet2,10000,1"
Skill2/8,"hermanos,head,10,-718,9,0,2,1,1,0","hermanos,neck,14,-673,17,0,9,1,1,0","hermanos,body,18,-535,6.5,0,6,1,1,0","hermanos,arm_up,-10,-582,79,0,4,1,1,0","hermanos,arm_low,42,-598,158,0,0,1,1,0","hermanos,fist,73,-669,157,0,1,1,1,0","hermanos,arm_up,104,-591,51,1,23,1,1,0","hermanos,arm_low,141,-606,155,1,23,1,1,0","hermanos,open,167,-678,167,0,32,1,1,0","hermanos,leg_up,-10,-395,31.8,0,8,1,1,0","hermanos,leg_low,9,-303,-5,1,14,1,1,0","hermanos,foot_cav,14,-225,-7,0,13,1,1,0","hermanos,leg_up,64,-395,10,0,21,1,1,0","hermanos,leg_low,74,-301,0.5,0,26,1,1,0","hermanos,foot,99,-234,3,0,25,1,1,0",,,"hermanos,cape,-61,-534,-1,0,16,1,1,0","hermanos,trumpet,258,-708,99,0,2,1,1,0",,,,,,,,,"horse_hermanos,head,347,-536,24,0,5,1,1,0","horse_hermanos,neck,235,-503,-20,0,18,1,1,0","horse_hermanos,body,-36,-271,0,0,18,1,1,0",,"horse_hermanos,arm_low,180,-120,0,0,20,1,1,0","horse_hermanos,fist,191,-36,2,0,22,1,1,0",,"horse_hermanos,arm_low,112,-127,-10,0,22,1,1,0","horse_hermanos,fist,114,-44,-3,0,26,1.1,1.1,0",,"horse_hermanos,leg_low,-238,-118,0,0,21,1,1,0","horse_hermanos,foot,-227,-36,2,0,23,1,1,0",,"horse_hermanos,leg_low,-143,-132,0,0,22,1,1,0","horse_hermanos,foot,-129,-43,0,0,23,1,1,0",,,"horse_hermanos,tail,-286,-138,-11,0,24,1,1,0","horse_hermanos,seat,-60,-452,25,0,9,1,1,0","horse_hermanos,seat,63,-460,-15,1,9,1,1,0",,,,,,,,,,,,,,,,,,,,,,,,,,,,,,,,,,,,,,,,,,,,,,,,,,,,,,,,,,,,,,"movement,crush,590,-762,-80,0,0,1,1,1",,,,,,,,play_time_mod_3,,
Skill2/9,"hermanos,head,29,-720,-2,0,0,1,1,0","hermanos,neck,25,-677,8,0,7,1,1,0","hermanos,body,21,-538,3.5,0,4,1,1,0","hermanos,arm_up,-45,-567,43,0,4,1,1,0","hermanos,arm_low,2,-550,122,0,0,1,1,0","hermanos,fist,60,-594,121,0,1,1,1,0","hermanos,arm_up,106,-583,40,1,21,1,1,0","hermanos,arm_low,155,-593,136,1,21,1,1,0","hermanos,open,209,-658,152,0,30,1,1,0","hermanos,leg_up,-13,-399,28.8,0,6,1,1,0","hermanos,leg_low,0,-307,-8,1,12,1,1,0","hermanos,foot_cav,2,-229,-10,0,11,1,1,0","hermanos,leg_up,61,-396,7,0,19,1,1,0","hermanos,leg_low,65,-301,-2.5,0,24,1,1,0","hermanos,foot,87,-234,0,0,23,1,1,0",,,"hermanos,cape,-62,-539,-5,0,14,1,1,0","hermanos,trumpet,320,-666,89,0,28,1,1,0",,,,,,,,,"horse_hermanos,head,358,-504,8,0,5,1,1,0","horse_hermanos,neck,248,-500,-26,0,18,1,1,0","horse_hermanos,body,-36,-271,0,0,18,1,1,0",,"horse_hermanos,arm_low,180,-120,0,0,20,1,1,0","horse_hermanos,fist,191,-36,2,0,22,1,1,0",,"horse_hermanos,arm_low,112,-127,-10,0,22,1,1,0","horse_hermanos,fist,114,-44,-3,0,26,1.1,1.1,0",,"horse_hermanos,leg_low,-238,-118,0,0,21,1,1,0","horse_hermanos,foot,-227,-36,2,0,23,1,1,0",,"horse_hermanos,leg_low,-143,-132,0,0,22,1,1,0","horse_hermanos,foot,-129,-43,0,0,23,1,1,0",,,"horse_hermanos,tail,-286,-138,-11,0,24,1,1,0","horse_hermanos,seat,-60,-452,25,0,9,1,1,0","horse_hermanos,seat,63,-460,-15,1,9,1,1,0",,,,,,,,,,,,,,,,,,,,,,,,,,,,,,,,,,,,,,,,,,,,,,,,,,,,,,,,,,,,,,,,,,,,,,,,
Skill2/10,"hermanos,head,26,-720,1,0,0,1,1,0","hermanos,neck,25,-677,8,0,7,1,1,0","hermanos,body,17,-538,2.5,0,4,1,1,0","hermanos,arm_up,-76,-570,-22,0,6,1,1,0","hermanos,arm_low,-76,-522,57,0,1,1,1,0","hermanos,fist,-14,-482,56,0,3,1,1,0","hermanos,arm_up,93,-588,30,1,21,1,1,0","hermanos,arm_low,157,-550,86,1,21,1,1,0","hermanos,bare,229,-508,52,0,26,1,1,0","hermanos,leg_up,-13,-399,28.8,0,6,1,1,0","hermanos,leg_low,-3,-308,-11,1,12,1,1,0","hermanos,foot_cav,-7,-230,-13,0,11,1,1,0","hermanos,leg_up,61,-396,7,0,19,1,1,0","hermanos,leg_low,65,-301,-2.5,0,24,1,1,0","hermanos,foot,87,-234,0,0,23,1,1,0",,,"hermanos,cape,-57,-523,-7,0,14,1,1,0","hermanos,trumpet,343,-557,110,0,20,1,1,0",,,,,,,,,"horse_hermanos,head,358,-502,1,0,5,1,1,0","horse_hermanos,neck,248,-500,-26,0,18,1,1,0","horse_hermanos,body,-36,-271,0,0,18,1,1,0",,"horse_hermanos,arm_low,180,-120,0,0,20,1,1,0","horse_hermanos,fist,191,-36,2,0,22,1,1,0",,"horse_hermanos,arm_low,112,-127,-10,0,22,1,1,0","horse_hermanos,fist,114,-44,-3,0,26,1.1,1.1,0",,"horse_hermanos,leg_low,-238,-118,0,0,21,1,1,0","horse_hermanos,foot,-227,-36,2,0,23,1,1,0",,"horse_hermanos,leg_low,-143,-132,0,0,22,1,1,0","horse_hermanos,foot,-129,-43,0,0,23,1,1,0",,,"horse_hermanos,tail,-286,-138,-11,0,24,1,1,0","horse_hermanos,seat,-60,-452,25,0,9,1,1,0","horse_hermanos,seat,63,-460,-15,1,9,1,1,0",,,,,,,,,,,,,,,,,,,,,,,,,,,,,,,,,,,,,,,,,,,,,,,,,,,,,,,,,,,,,,,,,,,,,,,,
Skill2/11,"hermanos,head,30,-720,-2,0,0,1,1,0","hermanos,neck,25,-677,8,0,7,1,1,0","hermanos,body,17,-538,0.5,0,4,1,1,0","hermanos,arm_up,-88,-571,-32,0,6,1,1,0","hermanos,arm_low,-96,-524,47,0,1,1,1,0","hermanos,fist,-42,-474,46,0,3,1,1,0","hermanos,arm_up,93,-588,30,1,21,1,1,0","hermanos,arm_low,157,-520,46,1,21,1,1,0","hermanos,bare,229,-448,22,0,26,1,1,0","hermanos,leg_up,-13,-399,28.8,0,6,1,1,0","hermanos,leg_low,-3,-308,-11,1,12,1,1,0","hermanos,foot_cav,-7,-230,-13,0,11,1,1,0","hermanos,leg_up,61,-396,7,0,19,1,1,0","hermanos,leg_low,65,-301,-2.5,0,24,1,1,0","hermanos,foot,87,-234,0,0,23,1,1,0",,,"hermanos,cape,-57,-523,-7,0,14,1,1,0","hermanos,trumpet,273,-456,140,0,20,1,1,0",,,,,,,,,"horse_hermanos,head,358,-502,-2,0,5,1,1,0","horse_hermanos,neck,248,-500,-26,0,18,1,1,0","horse_hermanos,body,-36,-271,0,0,18,1,1,0",,"horse_hermanos,arm_low,180,-120,0,0,20,1,1,0","horse_hermanos,fist,191,-36,2,0,22,1,1,0",,"horse_hermanos,arm_low,112,-127,-10,0,22,1,1,0","horse_hermanos,fist,114,-44,-3,0,26,1.1,1.1,0",,"horse_hermanos,leg_low,-238,-118,0,0,21,1,1,0","horse_hermanos,foot,-227,-36,2,0,23,1,1,0",,"horse_hermanos,leg_low,-143,-132,0,0,22,1,1,0","horse_hermanos,foot,-129,-43,0,0,23,1,1,0",,,"horse_hermanos,tail,-286,-138,-11,0,24,1,1,0","horse_hermanos,seat,-60,-452,25,0,9,1,1,0","horse_hermanos,seat,63,-460,-15,1,9,1,1,0",,,,,,,,,,,,,,,,,,,,,,,,,,,,,,,,,,,,,,,,,,,,,,,,,,,,,,,,,,,,,,,,,,,,,,,,
Skill2/12,"hermanos,head,34,-720,-7,0,0,1,1,0","hermanos,neck,25,-677,8,0,7,1,1,0","hermanos,body,17,-538,-1.5,0,4,1,1,0","hermanos,arm_up,-90,-573,-42,0,6,1,1,0","hermanos,arm_low,-112,-515,27,0,1,1,1,0","hermanos,fist,-73,-448,33,0,3,1,1,0","hermanos,arm_up,93,-577,20,1,21,1,1,0","hermanos,arm_low,136,-508,36,1,21,1,1,0","hermanos,bare,194,-425,12,0,26,1,1,0","hermanos,leg_up,-13,-399,28.8,0,6,1,1,0","hermanos,leg_low,-6,-312,-16,1,12,1,1,0","hermanos,foot_cav,-14,-234,-18,0,11,1,1,0","hermanos,leg_up,61,-396,7,0,19,1,1,0","hermanos,leg_low,65,-301,-2.5,0,24,1,1,0","hermanos,foot,87,-234,0,0,23,1,1,0",,,"hermanos,cape,-57,-523,-7,0,14,1,1,0",,,,,,,,,,"horse_hermanos,head,358,-500,-6,0,5,1,1,0","horse_hermanos,neck,248,-500,-26,0,18,1,1,0","horse_hermanos,body,-36,-271,0,0,18,1,1,0",,"horse_hermanos,arm_low,180,-120,0,0,20,1,1,0","horse_hermanos,fist,191,-36,2,0,22,1,1,0",,"horse_hermanos,arm_low,112,-127,-10,0,22,1,1,0","horse_hermanos,fist,114,-44,-3,0,26,1.1,1.1,0",,"horse_hermanos,leg_low,-238,-118,0,0,21,1,1,0","horse_hermanos,foot,-227,-36,2,0,23,1,1,0",,"horse_hermanos,leg_low,-143,-132,0,0,22,1,1,0","horse_hermanos,foot,-129,-43,0,0,23,1,1,0",,,"horse_hermanos,tail,-286,-138,-11,0,24,1,1,0","horse_hermanos,seat,-60,-452,25,0,9,1,1,0","horse_hermanos,seat,63,-460,-15,1,9,1,1,0",,,,,,,,,,,,,,,,,,,,,,,,,,,,,,,,,,,,,,,,,,,,,,,,,,,,,,,,,,,,,,,,,,,,,,,,
Skill2/13,"hermanos,head,24,-720,2,0,0,1,1,0","hermanos,neck,23,-677,13,0,7,1,1,0","hermanos,body,17,-538,2.5,0,4,1,1,0","hermanos,arm_up,-70,-573,-32,0,6,1,1,0","hermanos,arm_low,-112,-495,-2,0,1,1,1,0","hermanos,fist,-103,-424,11,0,3,1,1,0","hermanos,arm_up,91,-577,30,1,21,1,1,0","hermanos,arm_low,145,-517,46,1,21,1,1,0","hermanos,bare,216,-445,22,0,26,1,1,0","hermanos,leg_up,-13,-399,28.8,0,6,1,1,0","hermanos,leg_low,-6,-312,-16,1,12,1,1,0","hermanos,foot_cav,-14,-234,-18,0,11,1,1,0","hermanos,leg_up,61,-396,7,0,19,1,1,0","hermanos,leg_low,65,-301,-2.5,0,24,1,1,0","hermanos,foot,87,-234,0,0,23,1,1,0",,,"hermanos,cape,-57,-523,-7,0,14,1,1,0",,,,,,,,,,"horse_hermanos,head,358,-500,-6,0,5,1,1,0","horse_hermanos,neck,248,-500,-26,0,18,1,1,0","horse_hermanos,body,-36,-271,0,0,18,1,1,0",,"horse_hermanos,arm_low,180,-120,0,0,20,1,1,0","horse_hermanos,fist,191,-36,2,0,22,1,1,0",,"horse_hermanos,arm_low,112,-127,-10,0,22,1,1,0","horse_hermanos,fist,114,-44,-3,0,26,1.1,1.1,0",,"horse_hermanos,leg_low,-238,-118,0,0,21,1,1,0","horse_hermanos,foot,-227,-36,2,0,23,1,1,0",,"horse_hermanos,leg_low,-143,-132,0,0,22,1,1,0","horse_hermanos,foot,-129,-43,0,0,23,1,1,0",,,"horse_hermanos,tail,-286,-138,-11,0,24,1,1,0","horse_hermanos,seat,-60,-452,25,0,9,1,1,0","horse_hermanos,seat,63,-460,-15,1,9,1,1,0",,,,,,,,,,,,,,,,,,,,,,,,,,,,,,,,,,,,,,,,,,,,,,,,,,,,,,,,,,,,,,,,,,,,,,,,
