Name,p1_head,p1_neck,p1_body,p1_r_arm_up,p1_r_arm_low,p1_r_hand,p1_l_arm_up,p1_l_arm_low,p1_l_hand,p1_r_leg_up,p1_r_leg_low,p1_r_foot,p1_l_leg_up,p1_l_leg_low,p1_l_foot,p1_main_weapon,p1_sub_weapon,p1_special_1,p1_special_2,p1_special_3,p1_special_4,p1_special_5,p1_special_6,p1_special_7,p1_special_8,p1_special_9,p1_special_10,p2_head,p2_neck,p2_body,p2_r_arm_up,p2_r_arm_low,p2_r_hand,p2_l_arm_up,p2_l_arm_low,p2_l_hand,p2_r_leg_up,p2_r_leg_low,p2_r_foot,p2_l_leg_up,p2_l_leg_low,p2_l_foot,p2_main_weapon,p2_sub_weapon,p2_special_1,p2_special_2,p2_special_3,p2_special_4,p2_special_5,p2_special_6,p2_special_7,p2_special_8,p2_special_9,p2_special_10,p3_head,p3_neck,p3_body,p3_r_arm_up,p3_r_arm_low,p3_r_hand,p3_l_arm_up,p3_l_arm_low,p3_l_hand,p3_r_leg_up,p3_r_leg_low,p3_r_foot,p3_l_leg_up,p3_l_leg_low,p3_l_foot,p3_main_weapon,p3_sub_weapon,p3_special_1,p3_special_2,p3_special_3,p3_special_4,p3_special_5,p3_special_6,p3_special_7,p3_special_8,p3_special_9,p3_special_10,p4_head,p4_neck,p4_body,p4_r_arm_up,p4_r_arm_low,p4_r_hand,p4_l_arm_up,p4_l_arm_low,p4_l_hand,p4_r_leg_up,p4_r_leg_low,p4_r_foot,p4_l_leg_up,p4_l_leg_low,p4_l_foot,p4_main_weapon,p4_sub_weapon,p4_special_1,p4_special_2,p4_special_3,p4_special_4,p4_special_5,p4_special_6,p4_special_7,p4_special_8,p4_special_9,p4_special_10,effect_1,effect_2,effect_3,effect_4,effect_5,effect_6,effect_7,effect_8,frame_property,animation_property,sound_effect
Default/0,"taladamun,head,13,-508,-1,0,4,1,1,0","taladamun,neck,11,-467,-4,0,8,1,1,0","taladamun,body,-1,-343,-4,0,7,1,1,0","taladamun,arm_up,-117,-375,-37,0,7,1,1,0","taladamun,arm_low,-207,-302,-47,0,7,1,1,0","taladamun,fist,-259,-256,-37,0,9,1,1,0","taladamun,arm_up,110,-389,41,1,13,1,1,0","taladamun,arm_low,187,-337,57,0,6,1,1,0","taladamun,fist,244,-302,53,1,7,1,1,0","taladamun,leg_up,-34,-191,-7.2,0,11,1.1,1.1,0","taladamun,leg_low,-63,-95,-9,0,10,1,1,0","taladamun,foot,-57,-20,-5.6,0,13,0.9,0.9,0","taladamun,leg_up,56,-194,23.7,0,15,1,1,0","taladamun,leg_low,68,-94,5.5,0,13,1,1,0","taladamun,foot,90,-26,-1.5,0,15,0.9,0.9,0",,,"taladamun,tophat2,20,-579,1,0,3,1.1,1.1,0","taladamun,cape,-10,-183,0,0,13,1,1,0",,,,,,,,,,,,,,,,,,,,,,,,,,,,,,,,,,,,,,,,,,,,,,,,,,,,,,,,,,,,,,,,,,,,,,,,,,,,,,,,,,,,,,,,,,,,,,,,,,,,
Attack1/0,"taladamun,head,17,-505,-5,0,4,1,1,0","taladamun,neck,11,-467,-4,0,8,1,1,0","taladamun,body,-1,-343,-4,0,7,1,1,0","taladamun,arm_up,-117,-368,-29,0,7,1,1,0","taladamun,arm_low,-107,-339,81,0,5,1,1,0","taladamun,fist,-35,-347,133,0,6,1,1,0","taladamun,arm_up,89,-362,8,1,13,1,1,0","taladamun,arm_low,157,-331,112,0,6,1,1,0","taladamun,fist,221,-360,119,1,7,1,1,0","taladamun,leg_up,-54,-191,-17.2,0,11,1.1,1.1,0","taladamun,leg_low,-93,-91,-27,0,10,1,1,0","taladamun,foot,-107,-24,-5.6,0,13,0.9,0.9,0","taladamun,leg_up,67,-183,53.7,0,15,1,1,0","taladamun,leg_low,93,-94,3.5,0,13,1,1,0","taladamun,foot,113,-26,-1.5,0,15,0.9,0.9,0","taladamun,base,-34,-392,22,0,7,1,1,0",,"taladamun,tophat2,33,-577,-8,0,3,1.1,1.1,0","taladamun,cape,-14,-153,7,0,13,1,1,0",,,,,,,,,,,,,,,,,,,,,,,,,,,,,,,,,,,,,,,,,,,,,,,,,,,,,,,,,,,,,,,,,,,,,,,,,,,,,,,,,,,,,,,,,,,,,,,,,,play_time_mod_0.5,,
Attack1/1,"taladamun,head,25,-505,-6,0,4,1,1,0","taladamun,neck,11,-467,-4,0,8,1,1,0","taladamun,body,2,-342,-7,0,7,1,1,0","taladamun,arm_up,-108,-377,-32,0,7,1,1,0","taladamun,arm_low,-98,-348,78,0,5,1,1,0","taladamun,fist,-26,-350,130,0,6,1,1,0","taladamun,arm_up,78,-364,-22,1,13,1,1,0","taladamun,arm_low,129,-307,92,0,6,1,1,0","taladamun,fist,200,-297,89,1,7,1,1,0","taladamun,leg_up,-54,-191,-17.2,0,11,1.1,1.1,0","taladamun,leg_low,-96,-91,-29,0,10,1,1,0","taladamun,foot,-116,-24,-10.6,0,13,0.9,0.9,0","taladamun,leg_up,67,-183,53.7,0,15,1,1,0","taladamun,leg_low,93,-94,3.5,0,13,1,1,0","taladamun,foot,113,-26,-1.5,0,15,0.9,0.9,0","taladamun,base,-25,-395,19,0,7,1,1,0",,"taladamun,tophat2,43,-577,-9,0,3,1.1,1.1,0","taladamun,cape,-17,-155,0,0,13,1,1,0",,,,,,,,,,,,,,,,,,,,,,,,,,,,,,,,,,,,,,,,,,,,,,,,,,,,,,,,,,,,,,,,,,,,,,,,,,,,,,,,,,,,,,,,,,,,,,,,,,,,
Attack1/2,"taladamun,head,25,-500,-8,0,4,1,1,0","taladamun,neck,11,-467,-4,0,8,1,1,0","taladamun,body,4,-340,-8,0,7,1,1,0","taladamun,arm_up,-108,-376,-34,0,7,1,1,0","taladamun,arm_low,-98,-347,76,0,5,1,1,0","taladamun,fist,-26,-345,128,0,6,1,1,0","taladamun,arm_up,68,-364,-42,1,13,1,1,0","taladamun,arm_low,69,-307,72,0,11,1,1,0","taladamun,fist,137,-293,81,1,12,1,1,0","taladamun,leg_up,-54,-191,-17.2,0,11,1.1,1.1,0","taladamun,leg_low,-105,-91,-30,0,10,1,1,0","taladamun,foot,-127,-24,-11.6,0,13,0.9,0.9,0","taladamun,leg_up,67,-183,53.7,0,15,1,1,0","taladamun,leg_low,93,-94,3.5,0,13,1,1,0","taladamun,foot,113,-26,-1.5,0,15,0.9,0.9,0","taladamun,base,-25,-390,17,0,7,1,1,0",,"taladamun,tophat2,47,-572,-11,0,3,1.1,1.1,0","taladamun,cape,-21,-155,-6,0,13,1,1,0",,,,,,,,,,,,,,,,,,,,,,,,,,,,,,,,,,,,,,,,,,,,,,,,,,,,,,,,,,,,,,,,,,,,,,,,,,,,,,,,,,,,,,,,,,,,,,,,,,,,
Attack1/3,"taladamun,head,23,-497,-10,0,4,1,1,0","taladamun,neck,21,-457,-4,0,8,1,1,0","taladamun,body,4,-340,-8,0,7,1,1,0","taladamun,arm_up,-108,-376,-34,0,7,1,1,0","taladamun,arm_low,-98,-347,76,0,5,1,1,0","taladamun,fist,-26,-345,128,0,6,1,1,0","taladamun,arm_up,48,-364,-62,1,13,1,1,0","taladamun,arm_low,-1,-317,72,0,11,1,1,0","taladamun,fist,67,-303,81,1,12,1,1,0","taladamun,leg_up,-54,-191,-17.2,0,11,1.1,1.1,0","taladamun,leg_low,-107,-91,-31,0,10,1,1,0","taladamun,foot,-129,-24,-13.6,0,13,0.9,0.9,0","taladamun,leg_up,67,-183,53.7,0,15,1,1,0","taladamun,leg_low,93,-94,3.5,0,13,1,1,0","taladamun,foot,113,-26,-1.5,0,15,0.9,0.9,0","taladamun,base,-25,-390,17,0,7,1,1,0",,"taladamun,tophat2,49,-569,-13,0,3,1.1,1.1,0","taladamun,cape,-26,-155,-7,0,13,1,1,0",,,,,,,,,,,,,,,,,,,,,,,,,,,,,,,,,,,,,,,,,,,,,,,,,,,,,,,,,,,,,,,,,,,,,,,,,,,,,,,,,,,,,,,,,,,,,,,,,,play_time_mod_1.5,,
Attack1/4,"taladamun,head,31,-492,-12,0,4,1,1,0","taladamun,neck,21,-457,-4,0,8,1,1,0","taladamun,body,8,-340,-11,0,7,1,1,0","taladamun,arm_up,-106,-380,-36,0,7,1,1,0","taladamun,arm_low,-96,-351,74,0,5,1,1,0","taladamun,fist,-24,-345,126,0,6,1,1,0","taladamun,arm_up,78,-364,-12,1,13,1,1,0","taladamun,arm_low,142,-315,92,0,11,1,1,0","taladamun,fist,212,-315,81,1,12,1,1,0","taladamun,leg_up,-54,-191,-17.2,0,11,1.1,1.1,0","taladamun,leg_low,-107,-91,-31,0,10,1,1,0","taladamun,foot,-129,-24,-13.6,0,13,0.9,0.9,0","taladamun,leg_up,67,-183,53.7,0,15,1,1,0","taladamun,leg_low,93,-94,3.5,0,13,1,1,0","taladamun,foot,113,-26,-1.5,0,15,0.9,0.9,0","taladamun,base,-23,-390,15,0,7,1,1,0",,"taladamun,tophat2,61,-564,-15,0,3,1.1,1.1,0","taladamun,cape,-26,-155,-7,0,13,1,1,0",,,,,,,,,,,,,,,,,,,,,,,,,,,,,,,,,,,,,,,,,,,,,,,,,,,,,,,,,,,,,,,,,,,,,,,,,,,,,,,,,,,,,,,,,,,,,,,,,,play_time_mod_0.5,,
Attack1/5,"taladamun,head,51,-485,-17,0,4,1,1,0","taladamun,neck,41,-447,-4,0,8,1,1,0","taladamun,body,12,-340,-15,0,7,1,1,0","taladamun,arm_up,-106,-385,-37,0,7,1,1,0","taladamun,arm_low,-96,-367,71,0,5,1,1,0","taladamun,fist,-24,-355,123,0,6,1,1,0","taladamun,arm_up,148,-378,58,1,13,1,1,0","taladamun,arm_low,237,-368,93,0,11,1,1,0","taladamun,fist,308,-370,82,1,12,1,1,0","taladamun,leg_up,-54,-191,-17.2,0,11,1.1,1.1,0","taladamun,leg_low,-107,-91,-31,0,10,1,1,0","taladamun,foot,-129,-24,-13.6,0,13,0.9,0.9,0","taladamun,leg_up,67,-183,53.7,0,15,1,1,0","taladamun,leg_low,93,-94,3.5,0,13,1,1,0","taladamun,foot,113,-26,-1.5,0,15,0.9,0.9,0","taladamun,base,-23,-400,12,0,7,1,1,0",,"taladamun,tophat2,81,-549,-25,0,3,1.1,1.1,0","taladamun,cape,-26,-155,-7,0,13,1,1,0",,,,,,,,,,,,,,,,,,,,,,,,,,,,,,,,,,,,,,,,,,,,,,,,,,,,,,,,,,,,,,,,,,,,,,,,,,,,,,,,,,,,,,,,,,,,,,,,,,"play_time_mod_0.7,sprite_deal_damage",,"swing_bulk,1000,0"
Attack1/6,"taladamun,head,59,-482,-19,0,4,1,1,0","taladamun,neck,41,-447,-4,0,8,1,1,0","taladamun,body,15,-340,-17,0,7,1,1,0","taladamun,arm_up,-103,-397,-40,0,7,1,1,0","taladamun,arm_low,-93,-379,68,0,5,1,1,0","taladamun,fist,-21,-361,120,0,6,1,1,0","taladamun,arm_up,154,-383,72,1,13,1,1,0","taladamun,arm_low,356,-381,92,0,11,1,1,0","taladamun,fist,426,-381,81,1,12,1,1,0","taladamun,leg_up,-54,-191,-17.2,0,11,1.1,1.1,0","taladamun,leg_low,-107,-91,-31,0,10,1,1,0","taladamun,foot,-129,-24,-13.6,0,13,0.9,0.9,0","taladamun,leg_up,67,-183,53.7,0,15,1,1,0","taladamun,leg_low,93,-94,3.5,0,13,1,1,0","taladamun,foot,113,-26,-1.5,0,15,0.9,0.9,0","taladamun,base,-20,-406,9,0,7,1,1,0",,"taladamun,tophat2,93,-543,-28,0,3,1.1,1.1,0","taladamun,cape,-26,-155,-7,0,13,1,1,0",,,,,,,,,,,,,,,,,,,,,,,,,,,,,,,,,,,,,,,,,,,,,,,,,,,,,,,,,,,,,,,,,,,,,,,,,,,,,,,,,,,,,,,,,,,,,,,,,,"sprite_deal_damage,play_time_mod_0.2",,"wind_fast,1000,0"
Attack1/7,"taladamun,head,59,-482,-19,0,4,1,1,0","taladamun,neck,41,-447,-4,0,8,1,1,0","taladamun,body,15,-340,-17,0,7,1,1,0","taladamun,arm_up,-103,-397,-40,0,7,1,1,0","taladamun,arm_low,-93,-379,68,0,5,1,1,0","taladamun,fist,-21,-361,120,0,6,1,1,0","taladamun,arm_up,154,-383,72,1,13,1,1,0","taladamun,arm_low,526,-381,92,0,11,1,1,0","taladamun,fist,596,-381,81,1,12,1,1,0","taladamun,leg_up,-54,-191,-17.2,0,11,1.1,1.1,0","taladamun,leg_low,-107,-91,-31,0,10,1,1,0","taladamun,foot,-129,-24,-13.6,0,13,0.9,0.9,0","taladamun,leg_up,67,-183,53.7,0,15,1,1,0","taladamun,leg_low,93,-94,3.5,0,13,1,1,0","taladamun,foot,113,-26,-1.5,0,15,0.9,0.9,0","taladamun,base,-20,-406,9,0,7,1,1,0",,"taladamun,tophat2,93,-543,-28,0,3,1.1,1.1,0","taladamun,cape,-26,-155,-7,0,13,1,1,0",,,,,,,,,,,,,,,,,,,,,,,,,,,,,,,,,,,,,,,,,,,,,,,,,,,,,,,,,,,,,,,,,,,,,,,,,,,,,,,,,,,,,,,,,,,,,,,,,,"sprite_deal_damage,play_time_mod_0.1",,
Attack1/8,"taladamun,head,61,-479,-20,0,4,1,1,0","taladamun,neck,41,-447,-4,0,8,1,1,0","taladamun,body,17,-338,-18,0,7,1,1,0","taladamun,arm_up,-100,-398,-41,0,7,1,1,0","taladamun,arm_low,-90,-380,67,0,5,1,1,0","taladamun,fist,-18,-360,119,0,6,1,1,0","taladamun,arm_up,154,-383,73,1,13,1,1,0","taladamun,arm_low,656,-381,92,0,11,1,1,0","taladamun,fist,726,-381,81,1,12,1,1,0","taladamun,leg_up,-54,-191,-17.2,0,11,1.1,1.1,0","taladamun,leg_low,-107,-91,-31,0,10,1,1,0","taladamun,foot,-129,-24,-13.6,0,13,0.9,0.9,0","taladamun,leg_up,67,-183,53.7,0,15,1,1,0","taladamun,leg_low,93,-94,3.5,0,13,1,1,0","taladamun,foot,113,-26,-1.5,0,15,0.9,0.9,0","taladamun,base,-17,-405,8,0,7,1,1,0",,"taladamun,tophat2,97,-537,-30,0,3,1.1,1.1,0","taladamun,cape,-26,-155,-7,0,13,1,1,0",,,,,,,,,,,,,,,,,,,,,,,,,,,,,,,,,,,,,,,,,,,,,,,,,,,,,,,,,,,,,,,,,,,,,,,,,,,,,,,,,,,,,,,,,,,,,,,,,,"sprite_deal_damage,play_time_mod_0.1",,
Attack1/9,"taladamun,head,61,-479,-20,0,4,1,1,0","taladamun,neck,41,-447,-4,0,8,1,1,0","taladamun,body,17,-338,-18,0,7,1,1,0","taladamun,arm_up,-100,-398,-41,0,7,1,1,0","taladamun,arm_low,-90,-380,67,0,5,1,1,0","taladamun,fist,-18,-360,119,0,6,1,1,0","taladamun,arm_up,154,-383,73,1,13,1,1,0","taladamun,arm_low,806,-381,92,0,11,1,1,0","taladamun,fist,876,-381,81,1,12,1,1,0","taladamun,leg_up,-54,-191,-17.2,0,11,1.1,1.1,0","taladamun,leg_low,-107,-91,-31,0,10,1,1,0","taladamun,foot,-129,-24,-13.6,0,13,0.9,0.9,0","taladamun,leg_up,67,-183,53.7,0,15,1,1,0","taladamun,leg_low,93,-94,3.5,0,13,1,1,0","taladamun,foot,113,-26,-1.5,0,15,0.9,0.9,0","taladamun,base,-17,-405,8,0,7,1,1,0",,"taladamun,tophat2,97,-537,-30,0,3,1.1,1.1,0","taladamun,cape,-26,-155,-7,0,13,1,1,0",,,,,,,,,,,,,,,,,,,,,,,,,,,,,,,,,,,,,,,,,,,,,,,,,,,,,,,,,,,,,,,,,,,,,,,,,,,,,,,,,,,,,,,,,,,,,,,,,,"sprite_deal_damage,play_time_mod_0.1",,
Attack1/10,"taladamun,head,67,-476,-9,0,4,1,1,0","taladamun,neck,41,-447,-4,0,8,1,1,0","taladamun,body,17,-338,-18,0,7,1,1,0","taladamun,arm_up,-100,-398,-41,0,7,1,1,0","taladamun,arm_low,-90,-380,67,0,5,1,1,0","taladamun,fist,-18,-360,119,0,6,1,1,0","taladamun,arm_up,154,-385,77,1,13,1,1,0","taladamun,arm_low,806,-377,96,0,11,1,1,0","taladamun,fist,876,-385,85,1,12,1,1,0","taladamun,leg_up,-54,-191,-17.2,0,11,1.1,1.1,0","taladamun,leg_low,-107,-91,-31,0,10,1,1,0","taladamun,foot,-129,-24,-13.6,0,13,0.9,0.9,0","taladamun,leg_up,67,-183,53.7,0,15,1,1,0","taladamun,leg_low,93,-94,3.5,0,13,1,1,0","taladamun,foot,113,-26,-1.5,0,15,0.9,0.9,0","taladamun,base,-17,-405,8,0,7,1,1,0",,"taladamun,tophat2,91,-540,-19,0,3,1.1,1.1,0","taladamun,cape,-26,-155,-7,0,13,1,1,0",,,,,,,,,,,,,,,,,,,,,,,,,,,,,,,,,,,,,,,,,,,,,,,,,,,,,,,,,,,,,,,,,,,,,,,,,,,,,,,,,,,,,,,,,,,,,,,,,,,,
Attack1/11,"taladamun,head,49,-485,-7,0,4,1,1,0","taladamun,neck,41,-447,-4,0,8,1,1,0","taladamun,body,14,-337,-14,0,7,1,1,0","taladamun,arm_up,-101,-380,-31,0,7,1,1,0","taladamun,arm_low,-88,-364,77,0,5,1,1,0","taladamun,fist,-14,-356,129,0,6,1,1,0","taladamun,arm_up,144,-365,57,1,13,1,1,0","taladamun,arm_low,809,-379,112,0,11,1,1,0","taladamun,fist,873,-403,101,1,12,1,1,0","taladamun,leg_up,-50,-191,-14.2,0,11,1.1,1.1,0","taladamun,leg_low,-98,-91,-30,0,10,1,1,0","taladamun,foot,-118,-24,-12.6,0,13,0.9,0.9,0","taladamun,leg_up,67,-183,53.7,0,15,1,1,0","taladamun,leg_low,93,-94,3.5,0,13,1,1,0","taladamun,foot,113,-26,-1.5,0,15,0.9,0.9,0","taladamun,base,-21,-401,18,0,7,1,1,0",,"taladamun,tophat2,69,-549,-17,0,3,1.1,1.1,0","taladamun,cape,-21,-155,-3,0,13,1,1,0",,,,,,,,,,,,,,,,,,,,,,,,,,,,,,,,,,,,,,,,,,,,,,,,,,,,,,,,,,,,,,,,,,,,,,,,,,,,,,,,,,,,,,,,,,,,,,,,,,,,
Attack1/12,"taladamun,head,43,-491,-4,0,4,1,1,0","taladamun,neck,41,-447,-4,0,8,1,1,0","taladamun,body,12,-337,-12,0,7,1,1,0","taladamun,arm_up,-101,-378,-29,0,7,1,1,0","taladamun,arm_low,-88,-359,76,0,5,1,1,0","taladamun,fist,-14,-349,128,0,6,1,1,0","taladamun,arm_up,138,-365,45,1,13,1,1,0","taladamun,arm_low,669,-359,112,0,11,1,1,0","taladamun,fist,733,-383,101,1,12,1,1,0","taladamun,leg_up,-50,-191,-14.2,0,11,1.1,1.1,0","taladamun,leg_low,-98,-91,-30,0,10,1,1,0","taladamun,foot,-118,-24,-12.6,0,13,0.9,0.9,0","taladamun,leg_up,67,-183,53.7,0,15,1,1,0","taladamun,leg_low,93,-94,3.5,0,13,1,1,0","taladamun,foot,113,-26,-1.5,0,15,0.9,0.9,0","taladamun,base,-21,-394,17,0,7,1,1,0",,"taladamun,tophat2,55,-562,-12,0,3,1.1,1.1,0","taladamun,cape,-21,-155,-3,0,13,1,1,0",,,,,,,,,,,,,,,,,,,,,,,,,,,,,,,,,,,,,,,,,,,,,,,,,,,,,,,,,,,,,,,,,,,,,,,,,,,,,,,,,,,,,,,,,,,,,,,,,,play_time_mod_0.5,,
Attack1/13,"taladamun,head,38,-492,-2,0,4,1,1,0","taladamun,neck,41,-447,-4,0,8,1,1,0","taladamun,body,8,-337,-10,0,7,1,1,0","taladamun,arm_up,-101,-375,-25,0,7,1,1,0","taladamun,arm_low,-88,-348,75,0,5,1,1,0","taladamun,fist,-14,-336,127,0,6,1,1,0","taladamun,arm_up,130,-362,37,1,13,1,1,0","taladamun,arm_low,470,-326,112,0,11,1,1,0","taladamun,fist,534,-350,101,1,12,1,1,0","taladamun,leg_up,-50,-191,-14.2,0,11,1.1,1.1,0","taladamun,leg_low,-98,-91,-30,0,10,1,1,0","taladamun,foot,-118,-24,-12.6,0,13,0.9,0.9,0","taladamun,leg_up,67,-183,53.7,0,15,1,1,0","taladamun,leg_low,93,-94,3.5,0,13,1,1,0","taladamun,foot,113,-26,-1.5,0,15,0.9,0.9,0","taladamun,base,-21,-381,16,0,7,1,1,0",,"taladamun,tophat2,46,-563,-10,0,3,1.1,1.1,0","taladamun,cape,-21,-155,-3,0,13,1,1,0",,,,,,,,,,,,,,,,,,,,,,,,,,,,,,,,,,,,,,,,,,,,,,,,,,,,,,,,,,,,,,,,,,,,,,,,,,,,,,,,,,,,,,,,,,,,,,,,,,play_time_mod_0.5,,
Attack1/14,"taladamun,head,38,-492,-2,0,4,1,1,0","taladamun,neck,41,-447,-4,0,8,1,1,0","taladamun,body,8,-337,-10,0,7,1,1,0","taladamun,arm_up,-101,-375,-25,0,7,1,1,0","taladamun,arm_low,-88,-348,75,0,5,1,1,0","taladamun,fist,-14,-336,127,0,6,1,1,0","taladamun,arm_up,124,-357,31,1,13,1,1,0","taladamun,arm_low,283,-321,122,0,11,1,1,0","taladamun,fist,341,-355,111,1,12,1,1,0","taladamun,leg_up,-50,-191,-14.2,0,11,1.1,1.1,0","taladamun,leg_low,-98,-91,-30,0,10,1,1,0","taladamun,foot,-118,-24,-12.6,0,13,0.9,0.9,0","taladamun,leg_up,67,-183,53.7,0,15,1,1,0","taladamun,leg_low,93,-94,3.5,0,13,1,1,0","taladamun,foot,113,-26,-1.5,0,15,0.9,0.9,0","taladamun,base,-21,-381,16,0,7,1,1,0",,"taladamun,tophat2,46,-563,-10,0,3,1.1,1.1,0","taladamun,cape,-21,-155,-3,0,13,1,1,0",,,,,,,,,,,,,,,,,,,,,,,,,,,,,,,,,,,,,,,,,,,,,,,,,,,,,,,,,,,,,,,,,,,,,,,,,,,,,,,,,,,,,,,,,,,,,,,,,,,,
Attack1/15,"taladamun,head,17,-505,-5,0,4,1,1,0","taladamun,neck,11,-467,-4,0,8,1,1,0","taladamun,body,-1,-343,-4,0,7,1,1,0","taladamun,arm_up,-117,-368,-29,0,7,1,1,0","taladamun,arm_low,-107,-339,81,0,5,1,1,0","taladamun,fist,-35,-347,133,0,6,1,1,0","taladamun,arm_up,89,-362,8,1,13,1,1,0","taladamun,arm_low,157,-331,112,0,6,1,1,0","taladamun,fist,221,-360,119,1,7,1,1,0","taladamun,leg_up,-54,-191,-17.2,0,11,1.1,1.1,0","taladamun,leg_low,-93,-91,-27,0,10,1,1,0","taladamun,foot,-107,-24,-5.6,0,13,0.9,0.9,0","taladamun,leg_up,67,-183,53.7,0,15,1,1,0","taladamun,leg_low,93,-94,3.5,0,13,1,1,0","taladamun,foot,113,-26,-1.5,0,15,0.9,0.9,0","taladamun,base,-34,-392,22,0,7,1,1,0",,"taladamun,tophat2,33,-577,-8,0,3,1.1,1.1,0","taladamun,cape,-14,-153,7,0,13,1,1,0",,,,,,,,,,,,,,,,,,,,,,,,,,,,,,,,,,,,,,,,,,,,,,,,,,,,,,,,,,,,,,,,,,,,,,,,,,,,,,,,,,,,,,,,,,,,,,,,,,,,
Attack2/0,"taladamun,head,17,-505,-5,0,4,1,1,0","taladamun,neck,11,-467,-4,0,8,1,1,0","taladamun,body,-1,-343,-4,0,7,1,1,0","taladamun,arm_up,-117,-368,-29,0,7,1,1,0","taladamun,arm_low,-107,-339,81,0,5,1,1,0","taladamun,fist,-35,-347,133,0,6,1,1,0","taladamun,arm_up,89,-362,8,1,13,1,1,0","taladamun,arm_low,157,-331,112,0,6,1,1,0","taladamun,fist,221,-360,119,1,7,1,1,0","taladamun,leg_up,-54,-191,-17.2,0,11,1.1,1.1,0","taladamun,leg_low,-93,-91,-27,0,10,1,1,0","taladamun,foot,-107,-24,-5.6,0,13,0.9,0.9,0","taladamun,leg_up,67,-183,53.7,0,15,1,1,0","taladamun,leg_low,93,-94,3.5,0,13,1,1,0","taladamun,foot,113,-26,-1.5,0,15,0.9,0.9,0","taladamun,base,-34,-392,22,0,7,1,1,0",,"taladamun,tophat2,33,-577,-8,0,3,1.1,1.1,0","taladamun,cape,-14,-153,7,0,13,1,1,0",,,,,,,,,,,,,,,,,,,,,,,,,,,,,,,,,,,,,,,,,,,,,,,,,,,,,,,,,,,,,,,,,,,,,,,,,,,,,,,,,,,,,,,,,,,,,,,,,,play_time_mod_0.5,,
Attack2/1,"taladamun,head,-12,-504,7,0,4,1,1,0","taladamun,neck,-9,-447,6,0,8,1,1,0","taladamun,body,-11,-343,-3,0,7,1,1,0","taladamun,arm_up,-117,-361,-19,0,7,1,1,0","taladamun,arm_low,-102,-334,91,0,5,1,1,0","taladamun,fist,-32,-354,143,0,6,1,1,0","taladamun,arm_up,69,-382,18,1,13,1,1,0","taladamun,arm_low,134,-353,92,0,6,1,1,0","taladamun,fist,204,-358,99,1,7,1,1,0","taladamun,leg_up,-44,-191,7.8,0,11,1.1,1.1,0","taladamun,leg_low,-86,-92,-17,0,10,1,1,0","taladamun,foot,-88,-23,4.4,0,13,0.9,0.9,0","taladamun,leg_up,45,-183,23.7,0,15,1,1,0","taladamun,leg_low,35,-105,-16.5,0,13,1,1,0","taladamun,foot,31,-35,-21.5,0,15,0.9,0.9,0","taladamun,base,-39,-399,32,0,7,1,1,0",,"taladamun,tophat2,-13,-578,4,0,3,1.1,1.1,0","taladamun,cape,-16,-153,4,0,13,1,1,0",,,,,,,,,,,,,,,,,,,,,,,,,,,,,,,,,,,,,,,,,,,,,,,,,,,,,,,,,,,,,,,,,,,,,,,,,,,,,,,,,,,,,,,,,,,,,,,,,,,,
Attack2/2,"taladamun,head,-12,-504,10,0,4,1,1,0","taladamun,neck,-9,-447,6,0,8,1,1,0","taladamun,body,-11,-343,-3,0,7,1,1,0","taladamun,arm_up,-116,-357,-15,0,7,1,1,0","taladamun,arm_low,-97,-334,95,0,5,1,1,0","taladamun,fist,-31,-358,147,0,6,1,1,0","taladamun,arm_up,69,-382,18,1,13,1,1,0","taladamun,arm_low,140,-366,122,0,6,1,1,0","taladamun,fist,198,-405,129,1,7,1,1,0","taladamun,leg_up,-44,-191,11.8,0,11,1.1,1.1,0","taladamun,leg_low,-75,-92,-20,0,10,1,1,0","taladamun,foot,-81,-23,-0.6,0,13,0.9,0.9,0","taladamun,leg_up,38,-183,31.7,0,15,1,1,0","taladamun,leg_low,4,-135,-76.5,0,13,1,1,0","taladamun,foot,-58,-105,-81.5,0,15,0.9,0.9,0","taladamun,base,-42,-403,36,0,7,1,1,0",,"taladamun,tophat2,-17,-578,7,0,3,1.1,1.1,0","taladamun,cape,-17,-153,2,0,13,1,1,0",,,,,,,,,,,,,,,,,,,,,,,,,,,,,,,,,,,,,,,,,,,,,,,,,,,,,,,,,,,,,,,,,,,,,,,,,,,,,,,,,,,,,,,,,,,,,,,,,,,,
Attack2/3,"taladamun,head,-21,-504,11,0,4,1,1,0","taladamun,neck,-9,-447,6,0,8,1,1,0","taladamun,body,-17,-343,0,0,7,1,1,0","taladamun,arm_up,-126,-358,-16,0,7,1,1,0","taladamun,arm_low,-108,-334,94,0,5,1,1,0","taladamun,fist,-41,-357,146,0,6,1,1,0","taladamun,arm_up,66,-382,20,1,13,1,1,0","taladamun,arm_low,137,-368,124,0,6,1,1,0","taladamun,fist,195,-409,131,1,7,1,1,0","taladamun,leg_up,-44,-191,11.8,0,11,1.1,1.1,0","taladamun,leg_low,-75,-92,-20,0,10,1,1,0","taladamun,foot,-81,-23,-0.6,0,13,0.9,0.9,0","taladamun,leg_up,33,-183,33.7,0,15,1,1,0","taladamun,leg_low,7,-153,-96.5,0,13,1,1,0","taladamun,foot,-61,-147,-101.5,0,15,0.9,0.9,0","taladamun,base,-51,-402,35,0,7,1,1,0",,"taladamun,tophat2,-28,-578,8,0,3,1.1,1.1,0","taladamun,cape,-27,-153,-3,0,13,1,1,0",,,,,,,,,,,,,,,,,,,,,,,,,,,,,,,,,,,,,,,,,,,,,,,,,,,,,,,,,,,,,,,,,,,,,,,,,,,,,,,,,,,,,,,,,,,,,,,,,,,,
Attack2/4,"taladamun,head,-32,-504,12,0,4,1,1,0","taladamun,neck,-9,-447,6,0,8,1,1,0","taladamun,body,-20,-343,2,0,7,1,1,0","taladamun,arm_up,-136,-357,-15,0,7,1,1,0","taladamun,arm_low,-117,-334,95,0,5,1,1,0","taladamun,fist,-51,-358,147,0,6,1,1,0","taladamun,arm_up,68,-387,30,1,13,1,1,0","taladamun,arm_low,140,-385,134,0,6,1,1,0","taladamun,fist,190,-436,141,1,7,1,1,0","taladamun,leg_up,-44,-191,11.8,0,11,1.1,1.1,0","taladamun,leg_low,-75,-92,-20,0,10,1,1,0","taladamun,foot,-81,-23,-0.6,0,13,0.9,0.9,0","taladamun,leg_up,38,-198,57.7,0,15,1,1,0","taladamun,leg_low,33,-151,-56.5,0,13,1,1,0","taladamun,foot,-15,-102,-61.5,0,15,0.9,0.9,0","taladamun,base,-62,-403,36,0,7,1,1,0",,"taladamun,tophat2,-41,-578,9,0,3,1.1,1.1,0","taladamun,cape,-34,-153,-7,0,13,1,1,0",,,,,,,,,,,,,,,,,,,,,,,,,,,,,,,,,,,,,,,,,,,,,,,,,,,,,,,,,,,,,,,,,,,,,,,,,,,,,,,,,,,,,,,,,,,,,,,,,,play_time_mod_0.5,,
Attack2/5,"taladamun,head,-40,-504,14,0,4,1,1,0","taladamun,neck,-9,-447,6,0,8,1,1,0","taladamun,body,-24,-343,5,0,7,1,1,0","taladamun,arm_up,-140,-359,-15,0,7,1,1,0","taladamun,arm_low,-121,-336,95,0,5,1,1,0","taladamun,fist,-55,-360,147,0,6,1,1,0","taladamun,arm_up,74,-387,35,1,13,1,1,0","taladamun,arm_low,141,-392,144,0,6,1,1,0","taladamun,fist,181,-451,151,1,7,1,1,0","taladamun,leg_up,-44,-191,11.8,0,11,1.1,1.1,0","taladamun,leg_low,-75,-92,-20,0,10,1,1,0","taladamun,foot,-81,-23,-0.6,0,13,0.9,0.9,0","taladamun,leg_up,58,-198,77.7,0,15,1,1,0","taladamun,leg_low,103,-148,13.5,0,13,1,1,0","taladamun,foot,135,-85,8.5,0,15,0.9,0.9,0","taladamun,base,-66,-405,36,0,7,1,1,0",,"taladamun,tophat2,-51,-578,11,0,3,1.1,1.1,0","taladamun,cape,-49,-153,-22,0,13,1,1,0",,,,,,,,,,,,,,,,,,,,,,,,,,,,,,,,,,,,,,,,,,,,,,,,,,,,,,,,,,,,,,,,,,,,,,,,,,,,,,,,,,,,,,,,,,,,,,,,,,play_time_mod_0.7,,
Attack2/6,"taladamun,head,-59,-504,15,0,4,1,1,0","taladamun,neck,-51,-467,16,0,8,1,1,0","taladamun,body,-27,-343,8,0,7,1,1,0","taladamun,arm_up,-150,-349,-15,0,7,1,1,0","taladamun,arm_low,-131,-326,95,0,5,1,1,0","taladamun,fist,-65,-350,147,0,6,1,1,0","taladamun,arm_up,80,-398,45,1,13,1,1,0","taladamun,arm_low,145,-415,154,0,6,1,1,0","taladamun,fist,175,-480,161,1,7,1,1,0","taladamun,leg_up,-40,-190,6.8,0,11,1.1,1.1,0","taladamun,leg_low,-75,-92,-20,0,10,1,1,0","taladamun,foot,-81,-23,-0.6,0,13,0.9,0.9,0","taladamun,leg_up,68,-208,77.7,0,15,1,1,0","taladamun,leg_low,142,-182,75.5,0,13,1,1,0","taladamun,foot,292,-146,18.5,0,15,0.9,0.9,0","taladamun,base,-76,-395,36,0,7,1,1,0",,"taladamun,tophat2,-72,-578,12,0,3,1.1,1.1,0","taladamun,cape,-51,-154,-23,0,13,1,1,0",,,,,,,,,,,,,,,,,,,,,,,,,,,,,,,,,,,,,,,,,,,,,,,,,,,,,,,,,,,,,,,,,,,,,,,,,,,,,,,,,,,,,,,,,,,,,,,,,,"play_time_mod_0.6,sprite_deal_damage",,"swing_bulk_small,1000,0"
Attack2/7,"taladamun,head,-61,-504,16,0,4,1,1,0","taladamun,neck,-51,-467,16,0,8,1,1,0","taladamun,body,-27,-343,8,0,7,1,1,0","taladamun,arm_up,-150,-349,-15,0,7,1,1,0","taladamun,arm_low,-131,-326,95,0,5,1,1,0","taladamun,fist,-65,-350,147,0,6,1,1,0","taladamun,arm_up,82,-405,48,1,13,1,1,0","taladamun,arm_low,144,-425,157,0,6,1,1,0","taladamun,fist,171,-493,164,1,7,1,1,0","taladamun,leg_up,-40,-190,6.8,0,11,1.1,1.1,0","taladamun,leg_low,-75,-92,-20,0,10,1,1,0","taladamun,foot,-81,-23,-0.6,0,13,0.9,0.9,0","taladamun,leg_up,48,-208,91.7,0,15,1,1,0","taladamun,leg_low,122,-202,85.5,0,13,1,1,0","taladamun,foot,429,-218,32.5,0,15,0.9,0.9,0","taladamun,base,-76,-395,36,0,7,1,1,0",,"taladamun,tophat2,-75,-575,6,0,3,1.1,1.1,0","taladamun,cape,-51,-154,-23,0,13,1,1,0",,,,,,,,,,,,,,,,,,,,,,,,,,,,,,,,,,,,,,,,,,,,,,,,,,,,,,,,,,,,,,,,,,,,,,,,,,,,,,,,,,,,,,,,,,,,,,,,,,"play_time_mod_0.2,sprite_deal_damage",,
Attack2/8,"taladamun,head,-61,-504,16,0,4,1,1,0","taladamun,neck,-51,-467,16,0,8,1,1,0","taladamun,body,-27,-343,8,0,7,1,1,0","taladamun,arm_up,-150,-349,-15,0,7,1,1,0","taladamun,arm_low,-131,-326,95,0,5,1,1,0","taladamun,fist,-65,-350,147,0,6,1,1,0","taladamun,arm_up,82,-405,48,1,13,1,1,0","taladamun,arm_low,144,-425,157,0,6,1,1,0","taladamun,fist,171,-493,164,1,7,1,1,0","taladamun,leg_up,-40,-190,6.8,0,11,1.1,1.1,0","taladamun,leg_low,-75,-92,-20,0,10,1,1,0","taladamun,foot,-81,-23,-0.6,0,13,0.9,0.9,0","taladamun,leg_up,48,-218,87.7,0,15,1,1,0","taladamun,leg_low,82,-202,74.5,0,13,1,1,0","taladamun,foot,594,-228,28.5,0,15,0.9,0.9,0","taladamun,base,-76,-395,36,0,7,1,1,0",,"taladamun,tophat2,-75,-575,6,0,3,1.1,1.1,0","taladamun,cape,-45,-154,-19,0,13,1,1,0",,,,,,,,,,,,,,,,,,,,,,,,,,,,,,,,,,,,,,,,,,,,,,,,,,,,,,,,,,,,,,,,,,,,,,,,,,,,,,,,,,,,,,,,,,,,,,,,,,"play_time_mod_0.1,sprite_deal_damage",,
Attack2/9,"taladamun,head,-66,-502,21,0,4,1,1,0","taladamun,neck,-51,-467,16,0,8,1,1,0","taladamun,body,-28,-343,10,0,7,1,1,0","taladamun,arm_up,-155,-343,-15,0,7,1,1,0","taladamun,arm_low,-136,-320,95,0,5,1,1,0","taladamun,fist,-70,-344,147,0,6,1,1,0","taladamun,arm_up,63,-405,49,1,13,1,1,0","taladamun,arm_low,124,-426,158,0,6,1,1,0","taladamun,fist,150,-495,165,1,7,1,1,0","taladamun,leg_up,-40,-190,6.8,0,11,1.1,1.1,0","taladamun,leg_low,-75,-92,-20,0,10,1,1,0","taladamun,foot,-81,-23,-0.6,0,13,0.9,0.9,0","taladamun,leg_up,48,-218,87.7,0,15,1,1,0","taladamun,leg_low,63,-203,-75.5,0,13,1,1,0","taladamun,foot,814,-252,28.5,0,15,0.9,0.9,0","taladamun,base,-81,-389,36,0,7,1,1,0",,"taladamun,tophat2,-88,-575,10,0,3,1.1,1.1,0","taladamun,cape,-32,-142,-13,0,13,1,1,0",,,,,,,,,,,,,,,,,,,,,,,,,,,,,,,,,,,,,,,,,,,,,,,,,,,,,,,,,,,,,,,,,,,,,,,,,,,,,,,,,,,,,,,,,,,,,,,,,,"play_time_mod_0.5,sprite_deal_damage",,
Attack2/10,"taladamun,head,-53,-501,11,0,4,1,1,0","taladamun,neck,-51,-467,16,0,8,1,1,0","taladamun,body,-28,-343,8,0,7,1,1,0","taladamun,arm_up,-155,-343,-15,0,7,1,1,0","taladamun,arm_low,-136,-311,77,0,5,1,1,0","taladamun,fist,-66,-315,129,0,6,1,1,0","taladamun,arm_up,63,-405,49,1,13,1,1,0","taladamun,arm_low,134,-426,148,0,6,1,1,0","taladamun,fist,170,-485,145,1,7,1,1,0","taladamun,leg_up,-40,-190,6.8,0,11,1.1,1.1,0","taladamun,leg_low,-75,-92,-20,0,10,1,1,0","taladamun,foot,-81,-23,-0.6,0,13,0.9,0.9,0","taladamun,leg_up,51,-211,67.7,0,15,1,1,0","taladamun,leg_low,10,-200,-97.5,0,13,1,1,0","taladamun,foot,954,-282,-1.5,0,15,0.9,0.9,0","taladamun,base,-60,-362,18,0,7,1,1,0",,"taladamun,tophat2,-61,-576,0,0,3,1.1,1.1,0","taladamun,cape,-16,-142,-3,0,13,1,1,0",,,,,,,,,,,,,,,,,,,,,,,,,,,,,,,,,,,,,,,,,,,,,,,,,,,,,,,,,,,,,,,,,,,,,,,,,,,,,,,,,,,,,,,,,,,,,,,,,,"play_time_mod_0.5,sprite_deal_damage",,
Attack2/11,"taladamun,head,-53,-501,11,0,4,1,1,0","taladamun,neck,-51,-467,16,0,8,1,1,0","taladamun,body,-28,-343,8,0,7,1,1,0","taladamun,arm_up,-155,-343,-15,0,7,1,1,0","taladamun,arm_low,-136,-311,77,0,5,1,1,0","taladamun,fist,-66,-315,129,0,6,1,1,0","taladamun,arm_up,63,-405,49,1,13,1,1,0","taladamun,arm_low,134,-426,148,0,6,1,1,0","taladamun,fist,170,-485,145,1,7,1,1,0","taladamun,leg_up,-40,-190,6.8,0,11,1.1,1.1,0","taladamun,leg_low,-75,-92,-20,0,10,1,1,0","taladamun,foot,-81,-23,-0.6,0,13,0.9,0.9,0","taladamun,leg_up,51,-211,67.7,0,15,1,1,0","taladamun,leg_low,10,-200,-97.5,0,13,1,1,0","taladamun,foot,876,-250,18.5,1,15,0.9,0.9,0","taladamun,base,-60,-362,18,0,7,1,1,0",,"taladamun,tophat2,-61,-576,0,0,3,1.1,1.1,0","taladamun,cape,-16,-142,-3,0,13,1,1,0",,,,,,,,,,,,,,,,,,,,,,,,,,,,,,,,,,,,,,,,,,,,,,,,,,,,,,,,,,,,,,,,,,,,,,,,,,,,,,,,,,,,,,,,,,,,,,,,,,"sprite_deal_damage,play_time_mod_0.1",,"pierce,2000,0"
Attack2/12,"taladamun,head,-10,-501,1,0,4,1,1,0","taladamun,neck,-11,-467,16,0,8,1,1,0","taladamun,body,-22,-343,-2,0,7,1,1,0","taladamun,arm_up,-133,-370,-25,0,7,1,1,0","taladamun,arm_low,-120,-335,67,0,5,1,1,0","taladamun,fist,-50,-327,119,0,6,1,1,0","taladamun,arm_up,88,-391,53,1,13,1,1,0","taladamun,arm_low,154,-415,152,0,6,1,1,0","taladamun,fist,185,-477,149,1,7,1,1,0","taladamun,leg_up,-40,-190,6.8,0,11,1.1,1.1,0","taladamun,leg_low,-80,-92,-24,0,10,1,1,0","taladamun,foot,-86,-23,-0.6,0,13,0.9,0.9,0","taladamun,leg_up,52,-207,57.7,0,15,1,1,0","taladamun,leg_low,9,-204,-107.5,0,13,1,1,0","taladamun,foot,654,-172,8.5,1,15,0.9,0.9,0","taladamun,base,-36,-372,8,0,7,1,1,0",,"taladamun,tophat2,-4,-576,-10,0,3,1.1,1.1,0","taladamun,cape,-18,-142,-6,0,13,1,1,0",,,,,,,,,,,,,,,,,,,,,,,,,,,,,,,,,,,,,,,,,,,,,,,,,,,,,,,,,,,,,,,,,,,,,,,,,,,,,,,,,,,,,,,,,,,,,,,,,,play_time_mod_0.2,,
Attack2/13,"taladamun,head,-12,-501,-1,0,4,1,1,0","taladamun,neck,-11,-467,16,0,8,1,1,0","taladamun,body,-22,-343,-2,0,7,1,1,0","taladamun,arm_up,-131,-362,-15,0,7,1,1,0","taladamun,arm_low,-120,-332,60,0,5,1,1,0","taladamun,fist,-50,-317,112,0,6,1,1,0","taladamun,arm_up,78,-383,40,1,13,1,1,0","taladamun,arm_low,150,-392,139,0,6,1,1,0","taladamun,fist,195,-445,136,1,7,1,1,0","taladamun,leg_up,-40,-190,6.8,0,11,1.1,1.1,0","taladamun,leg_low,-80,-92,-24,0,10,1,1,0","taladamun,foot,-86,-23,-0.6,0,13,0.9,0.9,0","taladamun,leg_up,80,-214,77.7,0,15,1,1,0","taladamun,leg_low,91,-157,-17.5,0,13,1,1,0","taladamun,foot,346,-114,-1.5,1,15,0.9,0.9,0","taladamun,base,-36,-355,1,0,7,1,1,0",,"taladamun,tophat2,-2,-576,-12,0,3,1.1,1.1,0","taladamun,cape,-13,-144,-3,0,13,1,1,0",,,,,,,,,,,,,,,,,,,,,,,,,,,,,,,,,,,,,,,,,,,,,,,,,,,,,,,,,,,,,,,,,,,,,,,,,,,,,,,,,,,,,,,,,,,,,,,,,,play_time_mod_0.5,,
Attack2/14,"taladamun,head,-10,-501,-2,0,4,1,1,0","taladamun,neck,-11,-467,16,0,8,1,1,0","taladamun,body,-20,-343,-5,0,7,1,1,0","taladamun,arm_up,-131,-362,-15,0,7,1,1,0","taladamun,arm_low,-120,-331,66,0,5,1,1,0","taladamun,fist,-50,-322,118,0,6,1,1,0","taladamun,arm_up,76,-380,35,1,13,1,1,0","taladamun,arm_low,150,-384,134,0,6,1,1,0","taladamun,fist,197,-432,131,1,7,1,1,0","taladamun,leg_up,-40,-190,6.8,0,11,1.1,1.1,0","taladamun,leg_low,-80,-92,-24,0,10,1,1,0","taladamun,foot,-86,-23,-0.6,0,13,0.9,0.9,0","taladamun,leg_up,80,-214,77.7,0,15,1,1,0","taladamun,leg_low,121,-157,12.5,0,13,1,1,0","taladamun,foot,122,-88,-1.5,1,15,0.9,0.9,0","taladamun,base,-36,-366,7,0,7,1,1,0",,"taladamun,tophat2,2,-576,-13,0,3,1.1,1.1,0","taladamun,cape,-9,-144,2,0,13,1,1,0",,,,,,,,,,,,,,,,,,,,,,,,,,,,,,,,,,,,,,,,,,,,,,,,,,,,,,,,,,,,,,,,,,,,,,,,,,,,,,,,,,,,,,,,,,,,,,,,,,,,
Attack2/15,"taladamun,head,0,-501,-2,0,4,1,1,0","taladamun,neck,1,-457,16,0,8,1,1,0","taladamun,body,-15,-340,-7,0,7,1,1,0","taladamun,arm_up,-129,-364,-19,0,7,1,1,0","taladamun,arm_low,-120,-335,65,0,5,1,1,0","taladamun,fist,-50,-325,117,0,6,1,1,0","taladamun,arm_up,76,-379,28,1,13,1,1,0","taladamun,arm_low,150,-376,127,0,6,1,1,0","taladamun,fist,197,-417,124,1,7,1,1,0","taladamun,leg_up,-40,-190,6.8,0,11,1.1,1.1,0","taladamun,leg_low,-80,-92,-24,0,10,1,1,0","taladamun,foot,-86,-23,-0.6,0,13,0.9,0.9,0","taladamun,leg_up,80,-214,77.7,0,15,1,1,0","taladamun,leg_low,124,-160,22.5,0,13,1,1,0","taladamun,foot,165,-96,18.5,0,15,0.9,0.9,0","taladamun,base,-36,-368,6,0,7,1,1,0",,"taladamun,tophat2,12,-576,-13,0,3,1.1,1.1,0","taladamun,cape,-9,-144,2,0,13,1,1,0",,,,,,,,,,,,,,,,,,,,,,,,,,,,,,,,,,,,,,,,,,,,,,,,,,,,,,,,,,,,,,,,,,,,,,,,,,,,,,,,,,,,,,,,,,,,,,,,,,,,
Attack2/16,"taladamun,head,6,-501,-3,0,4,1,1,0","taladamun,neck,1,-457,16,0,8,1,1,0","taladamun,body,-15,-340,-9,0,7,1,1,0","taladamun,arm_up,-127,-368,-19,0,7,1,1,0","taladamun,arm_low,-120,-335,69,0,5,1,1,0","taladamun,fist,-50,-329,121,0,6,1,1,0","taladamun,arm_up,86,-368,26,1,13,1,1,0","taladamun,arm_low,160,-363,125,0,6,1,1,0","taladamun,fist,207,-402,122,1,7,1,1,0","taladamun,leg_up,-40,-190,6.8,0,11,1.1,1.1,0","taladamun,leg_low,-92,-92,-24,0,10,1,1,0","taladamun,foot,-104,-23,-4.6,0,13,0.9,0.9,0","taladamun,leg_up,71,-190,67.7,0,15,1,1,0","taladamun,leg_low,105,-130,12.5,0,13,1,1,0","taladamun,foot,134,-60,8.5,0,15,0.9,0.9,0","taladamun,base,-36,-376,10,0,7,1,1,0",,"taladamun,tophat2,20,-576,-14,0,3,1.1,1.1,0","taladamun,cape,-9,-144,2,0,13,1,1,0",,,,,,,,,,,,,,,,,,,,,,,,,,,,,,,,,,,,,,,,,,,,,,,,,,,,,,,,,,,,,,,,,,,,,,,,,,,,,,,,,,,,,,,,,,,,,,,,,,,,
Attack2/17,"taladamun,head,27,-495,-7,0,4,1,1,0","taladamun,neck,11,-467,-4,0,8,1,1,0","taladamun,body,-1,-337,-9,0,7,1,1,0","taladamun,arm_up,-117,-368,-29,0,7,1,1,0","taladamun,arm_low,-108,-339,81,0,5,1,1,0","taladamun,fist,-35,-347,133,0,6,1,1,0","taladamun,arm_up,89,-354,6,1,13,1,1,0","taladamun,arm_low,157,-321,110,0,6,1,1,0","taladamun,fist,221,-348,117,1,7,1,1,0","taladamun,leg_up,-54,-191,-17.2,0,11,1.1,1.1,0","taladamun,leg_low,-93,-91,-27,0,10,1,1,0","taladamun,foot,-107,-24,-5.6,0,13,0.9,0.9,0","taladamun,leg_up,69,-173,52.7,0,15,1,1,0","taladamun,leg_low,93,-88,3.5,0,13,1,1,0","taladamun,foot,113,-26,-1.5,0,15,0.9,0.9,0","taladamun,base,-34,-392,22,0,7,1,1,0",,"taladamun,tophat2,53,-567,-12,0,3,1.1,1.1,0","taladamun,cape,-16,-153,1,0,13,1,1,0",,,,,,,,,,,,,,,,,,,,,,,,,,,,,,,,,,,,,,,,,,,,,,,,,,,,,,,,,,,,,,,,,,,,,,,,,,,,,,,,,,,,,,,,,,,,,,,,,,,,
Attack2/18,"taladamun,head,17,-505,-5,0,4,1,1,0","taladamun,neck,11,-467,-4,0,8,1,1,0","taladamun,body,-1,-343,-4,0,7,1,1,0","taladamun,arm_up,-117,-368,-29,0,7,1,1,0","taladamun,arm_low,-107,-339,81,0,5,1,1,0","taladamun,fist,-35,-347,133,0,6,1,1,0","taladamun,arm_up,89,-362,8,1,13,1,1,0","taladamun,arm_low,157,-331,112,0,6,1,1,0","taladamun,fist,221,-360,119,1,7,1,1,0","taladamun,leg_up,-54,-191,-17.2,0,11,1.1,1.1,0","taladamun,leg_low,-93,-91,-27,0,10,1,1,0","taladamun,foot,-107,-24,-5.6,0,13,0.9,0.9,0","taladamun,leg_up,67,-183,53.7,0,15,1,1,0","taladamun,leg_low,93,-94,3.5,0,13,1,1,0","taladamun,foot,113,-26,-1.5,0,15,0.9,0.9,0","taladamun,base,-34,-392,22,0,7,1,1,0",,"taladamun,tophat2,33,-577,-8,0,3,1.1,1.1,0","taladamun,cape,-14,-153,7,0,13,1,1,0",,,,,,,,,,,,,,,,,,,,,,,,,,,,,,,,,,,,,,,,,,,,,,,,,,,,,,,,,,,,,,,,,,,,,,,,,,,,,,,,,,,,,,,,,,,,,,,,,,,,
Damaged/0,"taladamun,head,17,-505,-5,0,4,1,1,0","taladamun,neck,11,-467,-4,0,8,1,1,0","taladamun,body,-1,-343,-4,0,7,1,1,0","taladamun,arm_up,-117,-368,-29,0,7,1,1,0","taladamun,arm_low,-107,-339,81,0,5,1,1,0","taladamun,fist,-35,-347,133,0,6,1,1,0","taladamun,arm_up,89,-362,8,1,13,1,1,0","taladamun,arm_low,157,-331,112,0,6,1,1,0","taladamun,fist,221,-360,119,1,7,1,1,0","taladamun,leg_up,-54,-191,-17.2,0,11,1.1,1.1,0","taladamun,leg_low,-93,-91,-27,0,10,1,1,0","taladamun,foot,-107,-24,-5.6,0,13,0.9,0.9,0","taladamun,leg_up,67,-183,53.7,0,15,1,1,0","taladamun,leg_low,93,-94,3.5,0,13,1,1,0","taladamun,foot,113,-26,-1.5,0,15,0.9,0.9,0","taladamun,base,-34,-392,22,0,7,1,1,0",,"taladamun,tophat2,33,-577,-8,0,3,1.1,1.1,0","taladamun,cape,-14,-153,7,0,13,1,1,0",,,,,,,,,,,,,,,,,,,,,,,,,,,,,,,,,,,,,,,,,,,,,,,,,,,,,,,,,,,,,,,,,,,,,,,,,,,,,,,,,,,,,,,,,,,,,,,,,,,,
Damaged/1,"taladamun,head,17,-495,-22,0,4,1,1,0","taladamun,neck,11,-467,-4,0,8,1,1,0","taladamun,body,-1,-341,-5,0,7,1,1,0","taladamun,arm_up,-117,-366,-32,0,7,1,1,0","taladamun,arm_low,-107,-337,78,0,5,1,1,0","taladamun,fist,-35,-339,130,0,6,1,1,0","taladamun,arm_up,80,-359,-2,1,13,1,1,0","taladamun,arm_low,147,-325,101,0,6,1,1,0","taladamun,fist,210,-335,109,1,7,1,1,0","taladamun,leg_up,-54,-191,-17.2,0,11,1.1,1.1,0","taladamun,leg_low,-93,-91,-27,0,10,1,1,0","taladamun,foot,-107,-24,-5.6,0,13,0.9,0.9,0","taladamun,leg_up,67,-183,53.7,0,15,1,1,0","taladamun,leg_low,93,-94,3.5,0,13,1,1,0","taladamun,foot,113,-26,-1.5,0,15,0.9,0.9,0","taladamun,base,-34,-384,19,0,7,1,1,0",,"taladamun,tophat2,48,-551,-28,0,3,1.1,1.1,0","taladamun,cape,-14,-153,7,0,13,1,1,0",,,,,,,,,,,,,,,,,,,,,,,,,,,,,,,,,,,,,,,,,,,,,,,,,,,,,,,,,,,,,,,,,,,,,,,,,,,,,,,,,,,,,,,,,,,,,,,,,,,,
Damaged/2,"taladamun,head,27,-489,-22,0,4,1,1,0","taladamun,neck,21,-457,-4,0,8,1,1,0","taladamun,body,3,-341,-7,0,7,1,1,0","taladamun,arm_up,-109,-363,-33,0,7,1,1,0","taladamun,arm_low,-111,-330,68,0,5,1,1,0","taladamun,fist,-39,-319,120,0,6,1,1,0","taladamun,arm_up,80,-359,-2,1,13,1,1,0","taladamun,arm_low,147,-321,91,0,6,1,1,0","taladamun,fist,210,-319,99,1,7,1,1,0","taladamun,leg_up,-54,-191,-17.2,0,11,1.1,1.1,0","taladamun,leg_low,-93,-91,-27,0,10,1,1,0","taladamun,foot,-107,-24,-5.6,0,13,0.9,0.9,0","taladamun,leg_up,67,-183,53.7,0,15,1,1,0","taladamun,leg_low,93,-94,3.5,0,13,1,1,0","taladamun,foot,113,-26,-1.5,0,15,0.9,0.9,0","taladamun,base,-30,-363,9,0,7,1,1,0",,"taladamun,tophat2,58,-539,-31,0,3,1.1,1.1,0","taladamun,cape,-14,-153,1,0,13,1,1,0",,,,,,,,,,,,,,,,,,,,,,,,,,,,,,,,,,,,,,,,,,,,,,,,,,,,,,,,,,,,,,,,,,,,,,,,,,,,,,,,,,,,,,,,,,,,,,,,,,hold,,
Damaged/3,"taladamun,head,29,-484,-22,0,4,1,1,0","taladamun,neck,21,-457,-4,0,8,1,1,0","taladamun,body,3,-338,-9,0,7,1,1,0","taladamun,arm_up,-109,-363,-33,0,7,1,1,0","taladamun,arm_low,-111,-324,65,0,5,1,1,0","taladamun,fist,-39,-307,117,0,6,1,1,0","taladamun,arm_up,80,-354,-8,1,13,1,1,0","taladamun,arm_low,147,-310,85,0,6,1,1,0","taladamun,fist,210,-302,93,1,7,1,1,0","taladamun,leg_up,-54,-191,-17.2,0,11,1.1,1.1,0","taladamun,leg_low,-93,-91,-27,0,10,1,1,0","taladamun,foot,-107,-24,-5.6,0,13,0.9,0.9,0","taladamun,leg_up,67,-183,53.7,0,15,1,1,0","taladamun,leg_low,93,-94,3.5,0,13,1,1,0","taladamun,foot,113,-26,-1.5,0,15,0.9,0.9,0","taladamun,base,-30,-351,6,0,7,1,1,0",,"taladamun,tophat2,60,-531,-31,0,3,1.1,1.1,0","taladamun,cape,-16,-153,-1,0,13,1,1,0",,,,,,,,,,,,,,,,,,,,,,,,,,,,,,,,,,,,,,,,,,,,,,,,,,,,,,,,,,,,,,,,,,,,,,,,,,,,,,,,,,,,,,,,,,,,,,,,,,,,
Damaged/4,"taladamun,head,21,-499,-12,0,4,1,1,0","taladamun,neck,21,-457,-4,0,8,1,1,0","taladamun,body,3,-341,-7,0,7,1,1,0","taladamun,arm_up,-109,-363,-33,0,7,1,1,0","taladamun,arm_low,-111,-330,68,0,5,1,1,0","taladamun,fist,-39,-319,120,0,6,1,1,0","taladamun,arm_up,80,-359,-2,1,13,1,1,0","taladamun,arm_low,147,-321,91,0,6,1,1,0","taladamun,fist,210,-319,99,1,7,1,1,0","taladamun,leg_up,-54,-191,-17.2,0,11,1.1,1.1,0","taladamun,leg_low,-93,-91,-27,0,10,1,1,0","taladamun,foot,-107,-24,-5.6,0,13,0.9,0.9,0","taladamun,leg_up,67,-183,53.7,0,15,1,1,0","taladamun,leg_low,93,-94,3.5,0,13,1,1,0","taladamun,foot,113,-26,-1.5,0,15,0.9,0.9,0","taladamun,base,-30,-363,9,0,7,1,1,0",,"taladamun,tophat2,42,-560,-14,0,3,1.1,1.1,0","taladamun,cape,-14,-153,1,0,13,1,1,0",,,,,,,,,,,,,,,,,,,,,,,,,,,,,,,,,,,,,,,,,,,,,,,,,,,,,,,,,,,,,,,,,,,,,,,,,,,,,,,,,,,,,,,,,,,,,,,,,,,,
Damaged/5,"taladamun,head,17,-505,-5,0,4,1,1,0","taladamun,neck,11,-467,-4,0,8,1,1,0","taladamun,body,-1,-343,-4,0,7,1,1,0","taladamun,arm_up,-117,-368,-29,0,7,1,1,0","taladamun,arm_low,-107,-339,81,0,5,1,1,0","taladamun,fist,-35,-347,133,0,6,1,1,0","taladamun,arm_up,89,-362,8,1,13,1,1,0","taladamun,arm_low,157,-331,112,0,6,1,1,0","taladamun,fist,221,-360,119,1,7,1,1,0","taladamun,leg_up,-54,-191,-17.2,0,11,1.1,1.1,0","taladamun,leg_low,-93,-91,-27,0,10,1,1,0","taladamun,foot,-107,-24,-5.6,0,13,0.9,0.9,0","taladamun,leg_up,67,-183,53.7,0,15,1,1,0","taladamun,leg_low,93,-94,3.5,0,13,1,1,0","taladamun,foot,113,-26,-1.5,0,15,0.9,0.9,0","taladamun,base,-34,-392,22,0,7,1,1,0",,"taladamun,tophat2,33,-577,-8,0,3,1.1,1.1,0","taladamun,cape,-14,-153,7,0,13,1,1,0",,,,,,,,,,,,,,,,,,,,,,,,,,,,,,,,,,,,,,,,,,,,,,,,,,,,,,,,,,,,,,,,,,,,,,,,,,,,,,,,,,,,,,,,,,,,,,,,,,,,
Die/0,"taladamun,head,31,-477,-15,0,4,1,1,0","taladamun,neck,11,-467,-4,0,8,1,1,0","taladamun,body,-1,-363,-14,0,7,1,1,0","taladamun,arm_up,-107,-398,-29,0,7,1,1,0","taladamun,arm_low,-97,-369,81,0,5,1,1,0","taladamun,fist,-25,-377,133,0,6,1,1,0","taladamun,arm_up,89,-362,8,1,13,1,1,0","taladamun,arm_low,157,-331,112,0,6,1,1,0","taladamun,fist,221,-360,119,1,7,1,1,0","taladamun,leg_up,-54,-191,-17.2,0,11,1.1,1.1,0","taladamun,leg_low,-82,-116,-47,0,10,1,1,0","taladamun,foot,-118,-59,-25.6,0,13,0.9,0.9,0","taladamun,leg_up,67,-183,53.7,0,15,1,1,0","taladamun,leg_low,73,-124,-6.5,0,13,1,1,0","taladamun,foot,60,-70,-41.5,0,15,0.9,0.9,0","taladamun,base,-24,-422,22,0,7,1,1,0",,"taladamun,tophat2,59,-545,-18,0,3,1.1,1.1,0","taladamun,cape,-14,-173,-3,0,13,1,1,0",,,,,,,,,,,,,,,,,,,,,,,,,,,,,,,,,,,,,,,,,,,,,,,,,,,,,,,,,,,,,,,,,,,,,,,,,,,,,,,,,,,,,,,,,,,,,,,,,,,,"wavy_hard,1000,0"
Die/1,"taladamun,head,17,-450,-25,0,4,1,1,0","taladamun,neck,1,-437,-4,0,8,1,1,0","taladamun,body,-1,-332,-14,0,7,1,1,0","taladamun,arm_up,-83,-392,-49,0,7,1,1,0","taladamun,arm_low,-83,-362,61,0,5,1,1,0","taladamun,fist,-13,-344,113,0,6,1,1,0","taladamun,arm_up,69,-362,-2,1,13,1,1,0","taladamun,arm_low,97,-337,142,0,6,1,1,0","taladamun,fist,137,-394,149,1,7,1,1,0","taladamun,leg_up,-54,-191,-17.2,0,11,1.1,1.1,0","taladamun,leg_low,-72,-155,-47,0,10,1,1,0","taladamun,foot,-108,-98,-25.6,0,13,0.9,0.9,0","taladamun,leg_up,26,-243,33.7,0,15,1,1,0","taladamun,leg_low,53,-184,3.5,0,13,1,1,0","taladamun,foot,60,-80,-41.5,0,15,0.9,0.9,0","taladamun,base,3,-386,2,0,7,1,1,0",,"taladamun,tophat2,37,-485,-31,0,3,1.1,1.1,0","taladamun,cape,-14,-203,-3,0,6,1,1,0",,,,,,,,,,,,,,,,,,,,,,,,,,,,,,,,,,,,,,,,,,,,,,,,,,,,,,,,,,,,,,,,,,,,,,,,,,,,,,,,,,,,,,,,,,,,,,,,,,play_time_mod_0.5,,
Die/2,"taladamun,head,17,-420,-25,0,4,1,1,0","taladamun,neck,1,-437,-4,0,8,1,1,0","taladamun,body,-1,-332,-14,0,7,1,1,0","taladamun,arm_up,-70,-379,-29,0,7,1,1,0","taladamun,arm_low,-58,-350,81,0,5,1,1,0","taladamun,fist,14,-357,133,0,6,1,1,0","taladamun,arm_up,59,-362,-12,1,13,1,1,0","taladamun,arm_low,73,-331,162,0,8,1,1,0","taladamun,fist,89,-380,169,1,9,1,1,0","taladamun,leg_up,-54,-211,-17.2,0,11,1.1,1.1,0","taladamun,leg_low,-72,-175,-47,0,10,1,1,0","taladamun,foot,-108,-118,-25.6,0,13,0.9,0.9,0","taladamun,leg_up,26,-263,33.7,0,15,1,1,0","taladamun,leg_low,53,-204,3.5,0,13,1,1,0","taladamun,foot,60,-100,-41.5,0,15,0.9,0.9,0","taladamun,base,3,-356,-8,0,7,1,1,0",,"taladamun,tophat2,35,-434,-33,0,3,1.1,1.1,0","taladamun,cape,-14,-223,-3,0,6,1,1,0",,,,,,,,,,,,,,,,,,,,,,,,,,,,,,,,,,,,,,,,,,,,,,,,,,,,,,,,,,,,,,,,,,,,,,,,,,,,,,,,,,,,,,,,,,,,,,,,,,play_time_mod_0.5,,
Die/3,"taladamun,head,17,-420,-25,0,4,1,1,0","taladamun,neck,1,-437,-4,0,8,1,1,0","taladamun,body,-1,-332,-14,0,7,1,1,0","taladamun,arm_up,-70,-379,-29,0,7,1,1,0","taladamun,arm_low,-58,-350,81,0,5,1,1,0","taladamun,fist,14,-357,133,0,6,1,1,0","taladamun,arm_up,59,-362,-12,1,13,1,1,0","taladamun,arm_low,73,-331,162,0,8,1,1,0","taladamun,fist,69,-380,179,1,9,1,1,0","taladamun,leg_up,-54,-231,-17.2,0,11,1.1,1.1,0","taladamun,leg_low,-62,-205,-47,0,10,1,1,0","taladamun,foot,-78,-168,24.4,0,13,0.9,0.9,0","taladamun,leg_up,26,-263,33.7,0,15,1,1,0","taladamun,leg_low,43,-224,3.5,0,13,1,1,0","taladamun,foot,40,-170,-61.5,0,15,0.9,0.9,0","taladamun,base,3,-356,-8,0,7,1,1,0",,"taladamun,tophat2,25,-414,-43,0,3,1.1,1.1,0","taladamun,cape,-14,-273,-3,0,6,1,1,0",,,,,,,,,,,,,,,,,,,,,,,,,,,,,,,,,,,,,,,,,,,,,,,,,,,,,,,,,,,,,,,,,,,,,,,,,,,,,,,,,,,,,,,,,,,,,,,,,,,,
Die/4,"taladamun,head,7,-418,-15,0,4,0.8,0.8,0","taladamun,neck,1,-437,-4,0,8,1,1,0","taladamun,body,-1,-322,-14,0,7,1,1,0","taladamun,arm_up,-60,-369,1,0,7,1,1,0","taladamun,arm_low,-58,-350,81,0,5,1,1,0","taladamun,fist,14,-357,133,0,6,1,1,0","taladamun,arm_up,59,-362,-12,1,13,1,1,0","taladamun,arm_low,61,-331,152,0,8,1,1,0","taladamun,fist,69,-380,179,1,9,1,1,0","taladamun,leg_up,-44,-261,-17.2,0,11,1.1,1.1,0","taladamun,leg_low,-52,-235,-47,0,10,1,1,0","taladamun,foot,-68,-228,24.4,0,13,0.9,0.9,0","taladamun,leg_up,26,-263,33.7,0,15,1,1,0","taladamun,leg_low,43,-254,3.5,0,13,1,1,0","taladamun,foot,40,-230,-51.5,0,15,0.9,0.9,0","taladamun,base,3,-356,-8,0,7,1,1,0",,"taladamun,tophat2,25,-404,-63,0,3,1.1,1.1,0","taladamun,cape,-14,-303,-3,0,6,1,1,0",,,,,,,,,,,,,,,,,,,,,,,,,,,,,,,,,,,,,,,,,,,,,,,,,,,,,,,,,,,,,,,,,,,,,,,,,,,,,,,,,,,,,,,,,,,,,,,,,,,,
Die/5,,,"taladamun,body,-1,-322,-14,0,7,0.7,0.7,0","taladamun,arm_up,-39,-359,-19,0,7,0.7,0.7,0","taladamun,arm_low,-28,-350,61,0,5,0.7,0.7,0",,"taladamun,arm_up,39,-352,-12,1,13,0.7,0.7,0","taladamun,arm_low,51,-331,172,0,8,0.7,0.7,0",,"taladamun,leg_up,-44,-261,-17.2,0,11,0.8,0.8,0","taladamun,leg_low,-22,-245,-47,0,10,0.7,0.7,0","taladamun,foot,-38,-238,24.4,0,13,0.6,0.6,0","taladamun,leg_up,26,-263,33.7,0,15,0.7,0.7,0","taladamun,leg_low,43,-254,3.5,0,13,0.7,0.7,0","taladamun,foot,40,-230,-51.5,0,15,0.6,0.6,0",,,"taladamun,tophat2,7,-364,-83,0,3,0.8,0.8,0","taladamun,cape,-14,-303,-3,0,6,0.7,0.7,0",,,,,,,,,,,,,,,,,,,,,,,,,,,,,,,,,,,,,,,,,,,,,,,,,,,,,,,,,,,,,,,,,,,,,,,,,,,,,,,,,,,,,,,,,,,,,,,,,,play_time_mod_0.5,,
Die/6,,,"taladamun,body,-1,-322,-14,0,7,0.4,0.4,0","taladamun,arm_up,-19,-349,-19,0,7,0.4,0.4,0","taladamun,arm_low,-8,-350,61,0,5,0.4,0.4,0",,"taladamun,arm_up,19,-332,-12,1,13,0.4,0.4,0","taladamun,arm_low,21,-311,172,0,8,0.4,0.4,0",,"taladamun,leg_up,-24,-291,-17.2,0,11,0.5,0.5,0","taladamun,leg_low,-2,-275,-47,0,10,0.4,0.4,0","taladamun,foot,-7,-278,24.4,0,13,0.3,0.3,0","taladamun,leg_up,16,-293,33.7,0,15,0.4,0.4,0","taladamun,leg_low,23,-284,3.5,0,13,0.4,0.4,0","taladamun,foot,20,-270,-51.5,0,15,0.3,0.3,0",,,"taladamun,tophat2,7,-334,-87,0,3,0.5,0.5,0","taladamun,cape,-14,-303,-3,0,6,0.4,0.4,0",,,,,,,,,,,,,,,,,,,,,,,,,,,,,,,,,,,,,,,,,,,,,,,,,,,,,,,,,,,,,,,,,,,,,,,,,,,,,,,,,,,,,,,,,,,,,,,,,,play_time_mod_0.5,,
Die/7,,,,,,,,,,,"taladamun,leg_low,-9,-305,-107,0,10,0.3,0.3,0",,,,,,,,"taladamun,cape,-3,-323,-23,0,6,0.2,0.2,0",,,,,,,,,,,,,,,,,,,,,,,,,,,,,,,,,,,,,,,,,,,,,,,,,,,,,,,,,,,,,,,,,,,,,,,,,,,,,,,,,,,,,,,,,,"crash_player,base,-106,-321,90,0,0,1,1,1","crash_player,base,91,-318,-90,0,0,1,1,1",,,,,,,,,
Idle/0,"taladamun,head,17,-505,-6,0,4,1,1,0","taladamun,neck,11,-467,-4,0,8,1,1,0","taladamun,body,-1,-343,-4,0,7,1,1,0","taladamun,arm_up,-117,-369,-36,0,7,1,1,0","taladamun,arm_low,-116,-340,79,0,5,1,1,0","taladamun,fist,-42,-342,127,0,6,1,1,0","taladamun,arm_up,98,-360,7,1,13,1,1,0","taladamun,arm_low,177,-341,112,0,6,1,1,0","taladamun,fist,241,-369,119,1,7,1,1,0","taladamun,leg_up,-54,-191,-17.2,0,11,1.1,1.1,0","taladamun,leg_low,-93,-91,-27,0,10,1,1,0","taladamun,foot,-107,-24,-5.6,0,13,0.9,0.9,0","taladamun,leg_up,67,-183,53.7,0,15,1,1,0","taladamun,leg_low,93,-94,3.5,0,13,1,1,0","taladamun,foot,113,-26,-1.5,0,15,0.9,0.9,0","taladamun,base,-41,-386,16,0,7,1,1,0",,"taladamun,tophat2,35,-576,-11,0,3,1.1,1.1,0","taladamun,cape,-24,-153,-2,0,13,1,1,0",,,,,,,,,,,,,,,,,,,,,,,,,,,,,,,,,,,,,,,,,,,,,,,,,,,,,,,,,,,,,,,,,,,,,,,,,,,,,,,,,,,,,,,,,,,,,,,,,,,,
Idle/1,"taladamun,head,17,-505,-5,0,4,1,1,0","taladamun,neck,11,-467,-4,0,8,1,1,0","taladamun,body,-1,-343,-4,0,7,1,1,0","taladamun,arm_up,-117,-368,-29,0,7,1,1,0","taladamun,arm_low,-107,-339,81,0,5,1,1,0","taladamun,fist,-35,-347,133,0,6,1,1,0","taladamun,arm_up,89,-362,8,1,13,1,1,0","taladamun,arm_low,157,-331,112,0,6,1,1,0","taladamun,fist,221,-360,119,1,7,1,1,0","taladamun,leg_up,-54,-191,-17.2,0,11,1.1,1.1,0","taladamun,leg_low,-93,-91,-27,0,10,1,1,0","taladamun,foot,-107,-24,-5.6,0,13,0.9,0.9,0","taladamun,leg_up,67,-183,53.7,0,15,1,1,0","taladamun,leg_low,93,-94,3.5,0,13,1,1,0","taladamun,foot,113,-26,-1.5,0,15,0.9,0.9,0","taladamun,base,-34,-392,22,0,7,1,1,0",,"taladamun,tophat2,33,-577,-8,0,3,1.1,1.1,0","taladamun,cape,-14,-153,7,0,13,1,1,0",,,,,,,,,,,,,,,,,,,,,,,,,,,,,,,,,,,,,,,,,,,,,,,,,,,,,,,,,,,,,,,,,,,,,,,,,,,,,,,,,,,,,,,,,,,,,,,,,,,,
Idle/2,"taladamun,head,17,-505,-5,0,4,1,1,0","taladamun,neck,11,-467,-4,0,8,1,1,0","taladamun,body,-1,-343,-4,0,7,1,1,0","taladamun,arm_up,-112,-366,-23,0,7,1,1,0","taladamun,arm_low,-86,-339,83,0,5,1,1,0","taladamun,fist,-20,-339,127,0,6,1,1,0","taladamun,arm_up,85,-364,-1,1,13,1,1,0","taladamun,arm_low,137,-331,112,0,6,1,1,0","taladamun,fist,201,-360,119,1,7,1,1,0","taladamun,leg_up,-54,-191,-17.2,0,11,1.1,1.1,0","taladamun,leg_low,-93,-91,-27,0,10,1,1,0","taladamun,foot,-107,-24,-5.6,0,13,0.9,0.9,0","taladamun,leg_up,67,-183,53.7,0,15,1,1,0","taladamun,leg_low,93,-94,3.5,0,13,1,1,0","taladamun,foot,113,-26,-1.5,0,15,0.9,0.9,0","taladamun,base,-11,-384,16,0,7,1,1,0",,"taladamun,tophat2,33,-577,-8,0,3,1.1,1.1,0","taladamun,cape,1,-153,14,0,13,1,1,0",,,,,,,,,,,,,,,,,,,,,,,,,,,,,,,,,,,,,,,,,,,,,,,,,,,,,,,,,,,,,,,,,,,,,,,,,,,,,,,,,,,,,,,,,,,,,,,,,,,,
Idle/3,"taladamun,head,17,-505,-3,0,4,1,1,0","taladamun,neck,11,-467,-4,0,8,1,1,0","taladamun,body,-1,-343,-4,0,7,1,1,0","taladamun,arm_up,-102,-366,-13,0,7,1,1,0","taladamun,arm_low,-72,-325,73,0,5,1,1,0","taladamun,fist,1,-324,125,0,3,1,1,0","taladamun,arm_up,74,-364,-21,1,13,1,1,0","taladamun,arm_low,104,-313,92,0,7,1,1,0","taladamun,fist,174,-318,99,1,8,1,1,0","taladamun,leg_up,-54,-191,-17.2,0,11,1.1,1.1,0","taladamun,leg_low,-93,-91,-27,0,10,1,1,0","taladamun,foot,-107,-24,-5.6,0,13,0.9,0.9,0","taladamun,leg_up,67,-183,53.7,0,15,1,1,0","taladamun,leg_low,93,-94,3.5,0,13,1,1,0","taladamun,foot,113,-26,-1.5,0,15,0.9,0.9,0","taladamun,base,9,-368,14,0,4,1,1,0",,"taladamun,tophat2,29,-577,-5,0,3,1.1,1.1,0","taladamun,cape,4,-153,17,0,13,1,1,0",,,,,,,,,,,,,,,,,,,,,,,,,,,,,,,,,,,,,,,,,,,,,,,,,,,,,,,,,,,,,,,,,,,,,,,,,,,,,,,,,,,,,,,,,,,,,,,,,,,,
Idle/4,"taladamun,head,16,-505,-1,0,4,1,1,0","taladamun,neck,11,-467,-4,0,8,1,1,0","taladamun,body,-1,-343,-4,0,7,1,1,0","taladamun,arm_up,-91,-364,-3,0,7,1,1,0","taladamun,arm_low,-44,-321,83,0,5,1,1,0","taladamun,fist,24,-324,125,0,3,1,1,0","taladamun,arm_up,64,-364,-31,1,13,1,1,0","taladamun,arm_low,84,-289,82,0,9,1,1,0","taladamun,fist,154,-282,89,1,10,1,1,0","taladamun,leg_up,-54,-191,-17.2,0,11,1.1,1.1,0","taladamun,leg_low,-93,-91,-27,0,10,1,1,0","taladamun,foot,-107,-24,-5.6,0,13,0.9,0.9,0","taladamun,leg_up,67,-183,53.7,0,15,1,1,0","taladamun,leg_low,93,-94,3.5,0,13,1,1,0","taladamun,foot,113,-26,-1.5,0,15,0.9,0.9,0","taladamun,base,33,-369,14,0,4,1,1,0",,"taladamun,tophat2,29,-577,-3,0,3,1.1,1.1,0","taladamun,cape,1,-153,12,0,13,1,1,0",,,,,,,,,,,,,,,,,,,,,,,,,,,,,,,,,,,,,,,,,,,,,,,,,,,,,,,,,,,,,,,,,,,,,,,,,,,,,,,,,,,,,,,,,,,,,,,,,,,,
Idle/5,"taladamun,head,16,-505,-1,0,4,1,1,0","taladamun,neck,11,-467,-4,0,8,1,1,0","taladamun,body,-1,-343,-4,0,7,1,1,0","taladamun,arm_up,-81,-364,17,0,7,1,1,0","taladamun,arm_low,-13,-325,93,0,5,1,1,0","taladamun,fist,53,-339,135,0,3,1,1,0","taladamun,arm_up,54,-363,-43,1,13,1,1,0","taladamun,arm_low,57,-286,70,0,9,1,1,0","taladamun,fist,124,-263,77,1,10,1,1,0","taladamun,leg_up,-54,-191,-17.2,0,11,1.1,1.1,0","taladamun,leg_low,-93,-91,-27,0,10,1,1,0","taladamun,foot,-107,-24,-5.6,0,13,0.9,0.9,0","taladamun,leg_up,67,-183,53.7,0,15,1,1,0","taladamun,leg_low,93,-94,3.5,0,13,1,1,0","taladamun,foot,113,-26,-1.5,0,15,0.9,0.9,0","taladamun,base,54,-385,24,0,4,1,1,0",,"taladamun,tophat2,29,-577,-3,0,3,1.1,1.1,0","taladamun,cape,-3,-153,8,0,13,1,1,0",,,,,,,,,,,,,,,,,,,,,,,,,,,,,,,,,,,,,,,,,,,,,,,,,,,,,,,,,,,,,,,,,,,,,,,,,,,,,,,,,,,,,,,,,,,,,,,,,,,,
Idle/6,"taladamun,head,16,-505,-1,0,4,1,1,0","taladamun,neck,11,-467,-4,0,8,1,1,0","taladamun,body,-1,-343,-4,0,7,1,1,0","taladamun,arm_up,-79,-364,19,0,7,1,1,0","taladamun,arm_low,-19,-319,83,0,5,1,1,0","taladamun,fist,49,-322,125,0,3,1,1,0","taladamun,arm_up,54,-363,-43,1,13,1,1,0","taladamun,arm_low,60,-282,60,0,9,1,1,0","taladamun,fist,121,-247,67,1,10,1,1,0","taladamun,leg_up,-54,-191,-17.2,0,11,1.1,1.1,0","taladamun,leg_low,-93,-91,-27,0,10,1,1,0","taladamun,foot,-107,-24,-5.6,0,13,0.9,0.9,0","taladamun,leg_up,67,-183,53.7,0,15,1,1,0","taladamun,leg_low,93,-94,3.5,0,13,1,1,0","taladamun,foot,113,-26,-1.5,0,15,0.9,0.9,0","taladamun,base,59,-367,14,0,4,1,1,0",,"taladamun,tophat2,29,-577,-3,0,3,1.1,1.1,0","taladamun,cape,-3,-153,8,0,13,1,1,0",,,,,,,,,,,,,,,,,,,,,,,,,,,,,,,,,,,,,,,,,,,,,,,,,,,,,,,,,,,,,,,,,,,,,,,,,,,,,,,,,,,,,,,,,,,,,,,,,,,,
Idle/7,"taladamun,head,16,-504,-3,0,4,1,1,0","taladamun,neck,11,-467,-4,0,8,1,1,0","taladamun,body,-1,-343,-4,0,7,1,1,0","taladamun,arm_up,-83,-358,7,0,7,1,1,0","taladamun,arm_low,-38,-311,83,0,5,1,1,0","taladamun,fist,36,-311,115,0,3,1,1,0","taladamun,arm_up,74,-363,-23,1,13,1,1,0","taladamun,arm_low,96,-280,80,0,9,1,1,0","taladamun,fist,165,-269,87,1,10,1,1,0","taladamun,leg_up,-54,-191,-17.2,0,11,1.1,1.1,0","taladamun,leg_low,-93,-91,-27,0,10,1,1,0","taladamun,foot,-107,-24,-5.6,0,13,0.9,0.9,0","taladamun,leg_up,67,-183,53.7,0,15,1,1,0","taladamun,leg_low,93,-94,3.5,0,13,1,1,0","taladamun,foot,113,-26,-1.5,0,15,0.9,0.9,0","taladamun,base,53,-354,4,0,4,1,1,0",,"taladamun,tophat2,29,-575,-5,0,3,1.1,1.1,0","taladamun,cape,-11,-153,1,0,13,1,1,0",,,,,,,,,,,,,,,,,,,,,,,,,,,,,,,,,,,,,,,,,,,,,,,,,,,,,,,,,,,,,,,,,,,,,,,,,,,,,,,,,,,,,,,,,,,,,,,,,,,,
Idle/8,"taladamun,head,16,-504,-3,0,4,1,1,0","taladamun,neck,11,-467,-4,0,8,1,1,0","taladamun,body,-1,-343,-4,0,7,1,1,0","taladamun,arm_up,-93,-358,-4,0,7,1,1,0","taladamun,arm_low,-68,-313,81,0,5,1,1,0","taladamun,fist,-7,-292,103,0,3,1,1,0","taladamun,arm_up,84,-363,-13,1,13,1,1,0","taladamun,arm_low,134,-290,90,0,9,1,1,0","taladamun,fist,203,-291,97,1,10,1,1,0","taladamun,leg_up,-54,-191,-17.2,0,11,1.1,1.1,0","taladamun,leg_low,-93,-91,-27,0,10,1,1,0","taladamun,foot,-107,-24,-5.6,0,13,0.9,0.9,0","taladamun,leg_up,67,-183,53.7,0,15,1,1,0","taladamun,leg_low,93,-94,3.5,0,13,1,1,0","taladamun,foot,113,-26,-1.5,0,15,0.9,0.9,0","taladamun,base,14,-328,-12,0,4,1,1,0",,"taladamun,tophat2,29,-575,-5,0,3,1.1,1.1,0","taladamun,cape,-19,-153,-4,0,13,1,1,0",,,,,,,,,,,,,,,,,,,,,,,,,,,,,,,,,,,,,,,,,,,,,,,,,,,,,,,,,,,,,,,,,,,,,,,,,,,,,,,,,,,,,,,,,,,,,,,,,,,,
Idle/9,"taladamun,head,16,-504,-5,0,4,1,1,0","taladamun,neck,11,-467,-4,0,8,1,1,0","taladamun,body,-1,-343,-4,0,7,1,1,0","taladamun,arm_up,-103,-358,-14,0,7,1,1,0","taladamun,arm_low,-79,-313,81,0,5,1,1,0","taladamun,fist,-35,-307,113,0,3,1,1,0","taladamun,arm_up,94,-363,-3,1,13,1,1,0","taladamun,arm_low,155,-299,100,0,9,1,1,0","taladamun,fist,222,-312,107,1,10,1,1,0","taladamun,leg_up,-54,-191,-17.2,0,11,1.1,1.1,0","taladamun,leg_low,-93,-91,-27,0,10,1,1,0","taladamun,foot,-107,-24,-5.6,0,13,0.9,0.9,0","taladamun,leg_up,67,-183,53.7,0,15,1,1,0","taladamun,leg_low,93,-94,3.5,0,13,1,1,0","taladamun,foot,113,-26,-1.5,0,15,0.9,0.9,0","taladamun,base,-20,-347,-2,0,4,1,1,0",,"taladamun,tophat2,31,-575,-7,0,3,1.1,1.1,0","taladamun,cape,-29,-153,-6,0,13,1,1,0",,,,,,,,,,,,,,,,,,,,,,,,,,,,,,,,,,,,,,,,,,,,,,,,,,,,,,,,,,,,,,,,,,,,,,,,,,,,,,,,,,,,,,,,,,,,,,,,,,,,
Idle/10,"taladamun,head,16,-504,-5,0,4,1,1,0","taladamun,neck,11,-467,-4,0,8,1,1,0","taladamun,body,-1,-343,-4,0,7,1,1,0","taladamun,arm_up,-109,-363,-21,0,7,1,1,0","taladamun,arm_low,-86,-331,84,0,5,1,1,0","taladamun,fist,-18,-336,126,0,3,1,1,0","taladamun,arm_up,94,-367,0,1,13,1,1,0","taladamun,arm_low,155,-313,103,0,9,1,1,0","taladamun,fist,222,-332,110,1,10,1,1,0","taladamun,leg_up,-54,-191,-17.2,0,11,1.1,1.1,0","taladamun,leg_low,-93,-91,-27,0,10,1,1,0","taladamun,foot,-107,-24,-5.6,0,13,0.9,0.9,0","taladamun,leg_up,67,-183,53.7,0,15,1,1,0","taladamun,leg_low,93,-94,3.5,0,13,1,1,0","taladamun,foot,113,-26,-1.5,0,15,0.9,0.9,0","taladamun,base,-11,-378,11,0,4,1,1,0",,"taladamun,tophat2,31,-575,-7,0,3,1.1,1.1,0","taladamun,cape,-31,-153,-8,0,13,1,1,0",,,,,,,,,,,,,,,,,,,,,,,,,,,,,,,,,,,,,,,,,,,,,,,,,,,,,,,,,,,,,,,,,,,,,,,,,,,,,,,,,,,,,,,,,,,,,,,,,,,,
Run/0,"taladamun,head,61,-478,-16,0,4,1,1,0","taladamun,neck,42,-455,-4,0,8,1,1,0","taladamun,body,9,-343,-17,0,7,1,1,0","taladamun,arm_up,-30,-373,34,0,7,1,1,0","taladamun,arm_low,44,-326,119,0,2,1,1,0","taladamun,fist,109,-360,137,0,3,1,1,0","taladamun,arm_up,68,-352,-53,1,13,1,1,0","taladamun,arm_low,36,-280,62,0,16,1,1,0","taladamun,fist,86,-246,49,1,17,1,1,0","taladamun,leg_up,-54,-191,-17.2,0,11,1.1,1.1,0","taladamun,leg_low,-140,-113,-77,0,10,1,1,0","taladamun,foot,-200,-82,-55.6,0,13,0.9,0.9,0","taladamun,leg_up,62,-167,63.7,0,15,1,1,0","taladamun,leg_low,93,-89,3.5,0,13,1,1,0","taladamun,foot,110,-20,-1.5,0,15,0.9,0.9,0","taladamun,base,101,-402,26,0,4,1,1,0",,"taladamun,tophat2,91,-542,-21,0,3,1.1,1.1,0","taladamun,cape,-74,-174,-43,0,13,1,1,0",,,,,,,,,,,,,,,,,,,,,,,,,,,,,,,,,,,,,,,,,,,,,,,,,,,,,,,,,,,,,,,,,,,,,,,,,,,,,,,,,,,,,,,,,,,,,,,,,,,play_time_mod_0.8,
Run/1,"taladamun,head,61,-478,-19,0,4,1,1,0","taladamun,neck,42,-455,-4,0,8,1,1,0","taladamun,body,9,-343,-19,0,7,1,1,0","taladamun,arm_up,-54,-377,4,0,7,1,1,0","taladamun,arm_low,-15,-300,89,0,2,1,1,0","taladamun,fist,59,-297,107,0,3,1,1,0","taladamun,arm_up,70,-350,-33,1,13,1,1,0","taladamun,arm_low,65,-266,72,0,16,1,1,0","taladamun,fist,123,-257,69,1,17,1,1,0","taladamun,leg_up,-54,-191,-17.2,0,11,1.1,1.1,0","taladamun,leg_low,-98,-118,-87,0,10,1,1,0","taladamun,foot,-162,-97,-65.6,0,13,0.9,0.9,0","taladamun,leg_up,28,-167,40.7,0,15,1,1,0","taladamun,leg_low,43,-89,3.5,0,13,1,1,0","taladamun,foot,60,-20,-1.5,0,15,0.9,0.9,0","taladamun,base,74,-337,-4,0,4,1,1,0",,"taladamun,tophat2,94,-539,-27,0,3,1.1,1.1,0","taladamun,cape,-85,-174,-40,0,13,1,1,0",,,,,,,,,,,,,,,,,,,,,,,,,,,,,,,,,,,,,,,,,,,,,,,,,,,,,,,,,,,,,,,,,,,,,,,,,,,,,,,,,,,,,,,,,,,,,,,,,,play_time_mod_0.5,play_time_mod_0.8,
Run/2,"taladamun,head,58,-476,-22,0,4,1,1,0","taladamun,neck,42,-455,-4,0,8,1,1,0","taladamun,body,12,-343,-21,0,7,1,1,0","taladamun,arm_up,-54,-403,-26,0,7,1,1,0","taladamun,arm_low,-73,-318,49,0,2,1,1,0","taladamun,fist,-19,-267,67,0,3,1,1,0","taladamun,arm_up,114,-341,-3,1,13,1,1,0","taladamun,arm_low,153,-289,92,0,16,1,1,0","taladamun,fist,211,-301,89,1,17,1,1,0","taladamun,leg_up,-13,-188,2.8,0,11,1.1,1.1,0","taladamun,leg_low,-30,-104,-67,0,10,1,1,0","taladamun,foot,-83,-62,-45.6,0,13,0.9,0.9,0","taladamun,leg_up,-9,-169,20.7,0,15,1,1,0","taladamun,leg_low,-19,-89,3.5,0,13,1,1,0","taladamun,foot,-3,-15,-11.5,0,15,0.9,0.9,0","taladamun,base,18,-289,-44,0,4,1,1,0",,"taladamun,tophat2,97,-533,-32,0,3,1.1,1.1,0","taladamun,cape,-87,-170,-39,0,13,1,1,0",,,,,,,,,,,,,,,,,,,,,,,,,,,,,,,,,,,,,,,,,,,,,,,,,,,,,,,,,,,,,,,,,,,,,,,,,,,,,,,,,,,,,,,,,,,,,,,,,,play_time_mod_0.5,play_time_mod_0.8,
Run/3,"taladamun,head,58,-466,-22,0,4,1,1,0","taladamun,neck,42,-455,-4,0,8,1,1,0","taladamun,body,10,-342,-24,0,7,1,1,0","taladamun,arm_up,-78,-407,-56,0,7,1,1,0","taladamun,arm_low,-136,-344,19,0,2,1,1,0","taladamun,fist,-115,-274,37,0,3,1,1,0","taladamun,arm_up,125,-352,27,1,13,1,1,0","taladamun,arm_low,185,-327,122,0,16,1,1,0","taladamun,fist,229,-366,119,1,17,1,1,0","taladamun,leg_up,8,-198,72.8,0,11,1.1,1.1,0","taladamun,leg_low,41,-130,-17,0,10,1,1,0","taladamun,foot,38,-63,4.4,0,13,0.9,0.9,0","taladamun,leg_up,-9,-169,20.7,0,15,1,1,0","taladamun,leg_low,-75,-90,-16.5,0,13,1,1,0","taladamun,foot,-87,-14,-31.5,0,15,0.9,0.9,0","taladamun,base,-72,-274,-74,0,4,1,1,0",,"taladamun,tophat2,107,-519,-42,0,3,1.1,1.1,0","taladamun,cape,-89,-170,-42,1,13,1,1,0",,,,,,,,,,,,,,,,,,,,,,,,,,,,,,,,,,,,,,,,,,,,,,,,,,,,,,,,,,,,,,,,,,,,,,,,,,,,,,,,,,,,,,,,,,,,,,,,,,play_time_mod_0.5,play_time_mod_0.8,
Run/4,"taladamun,head,82,-473,-25,0,4,1,1,0","taladamun,neck,60,-443,-4,0,8,1,1,0","taladamun,body,10,-338,-27,0,7,1,1,0","taladamun,arm_up,-86,-414,-76,0,7,1,1,0","taladamun,arm_low,-162,-376,-1,0,2,1,1,0","taladamun,fist,-166,-302,17,0,3,1,1,0","taladamun,arm_up,147,-354,47,1,13,1,1,0","taladamun,arm_low,212,-352,142,0,16,1,1,0","taladamun,fist,240,-403,139,1,17,1,1,0","taladamun,leg_up,48,-188,82.8,0,11,1.1,1.1,0","taladamun,leg_low,89,-129,3,0,10,1,1,0","taladamun,foot,110,-64,24.4,0,13,0.9,0.9,0","taladamun,leg_up,-46,-132,-17.3,0,15,1,1,0","taladamun,leg_low,-142,-94,-46.5,0,13,1,1,0","taladamun,foot,-190,-34,-61.5,0,15,0.9,0.9,0","taladamun,base,-126,-287,-94,0,4,1,1,0",,"taladamun,tophat2,125,-520,-42,0,3,1.1,1.1,0","taladamun,cape,-86,-173,-50,0,13,1,1,0",,,,,,,,,,,,,,,,,,,,,,,,,,,,,,,,,,,,,,,,,,,,,,,,,,,,,,,,,,,,,,,,,,,,,,,,,,,,,,,,,,,,,,,,,,,,,,,,,,play_time_mod_0.5,play_time_mod_0.8,
Run/5,"taladamun,head,82,-463,-25,0,4,1,1,0","taladamun,neck,60,-443,-4,0,8,1,1,0","taladamun,body,10,-327,-27,0,7,1,1,0","taladamun,arm_up,-66,-417,-96,0,7,1,1,0","taladamun,arm_low,-150,-407,-21,0,2,1,1,0","taladamun,fist,-180,-339,-3,0,3,1,1,0","taladamun,arm_up,165,-363,77,1,13,1,1,0","taladamun,arm_low,223,-395,172,0,16,1,1,0","taladamun,fist,222,-454,169,1,17,1,1,0","taladamun,leg_up,57,-154,68.8,0,11,1.1,1.1,0","taladamun,leg_low,79,-85,-17,0,10,1,1,0","taladamun,foot,77,-18,4.4,0,13,0.9,0.9,0","taladamun,leg_up,-76,-132,-17.3,0,15,1,1,0","taladamun,leg_low,-157,-99,-56.5,0,13,1,1,0","taladamun,foot,-215,-49,-71.5,0,15,0.9,0.9,0","taladamun,base,-147,-311,-114,0,4,1,1,0",,"taladamun,tophat2,125,-510,-42,0,3,1.1,1.1,0","taladamun,cape,-96,-185,-68,0,13,1,1,0",,,,,,,,,,,,,,,,,,,,,,,,,,,,,,,,,,,,,,,,,,,,,,,,,,,,,,,,,,,,,,,,,,,,,,,,,,,,,,,,,,,,,,,,,,,,,,,,,,,play_time_mod_0.8,
Run/6,"taladamun,head,46,-480,-15,0,4,1,1,0","taladamun,neck,30,-453,-4,0,8,1,1,0","taladamun,body,0,-343,-19,0,7,1,1,0","taladamun,arm_up,-89,-404,-66,0,7,1,1,0","taladamun,arm_low,-157,-353,9,0,2,1,1,0","taladamun,fist,-149,-279,27,0,3,1,1,0","taladamun,arm_up,147,-364,47,1,13,1,1,0","taladamun,arm_low,212,-362,142,0,16,1,1,0","taladamun,fist,240,-413,139,1,17,1,1,0","taladamun,leg_up,34,-166,48.8,0,11,1.1,1.1,0","taladamun,leg_low,46,-85,-7,0,10,1,1,0","taladamun,foot,58,-18,-8.6,0,13,0.9,0.9,0","taladamun,leg_up,-76,-132,-17.3,0,15,1,1,0","taladamun,leg_low,-150,-126,-76.5,0,13,1,1,0","taladamun,foot,-222,-98,-91.5,0,15,0.9,0.9,0","taladamun,base,-106,-272,-84,0,4,1,1,0",,"taladamun,tophat2,81,-533,-32,0,3,1.1,1.1,0","taladamun,cape,-88,-164,-42,1,13,1,1,0",,,,,,,,,,,,,,,,,,,,,,,,,,,,,,,,,,,,,,,,,,,,,,,,,,,,,,,,,,,,,,,,,,,,,,,,,,,,,,,,,,,,,,,,,,,,,,,,,,,play_time_mod_0.8,
Run/7,"taladamun,head,45,-491,-15,0,4,1,1,0","taladamun,neck,20,-453,-4,0,8,1,1,0","taladamun,body,-2,-345,-16,0,7,1,1,0","taladamun,arm_up,-107,-387,-36,0,7,1,1,0","taladamun,arm_low,-140,-310,39,0,2,1,1,0","taladamun,fist,-96,-249,57,0,3,1,1,0","taladamun,arm_up,119,-349,7,1,13,1,1,0","taladamun,arm_low,166,-306,102,0,16,1,1,0","taladamun,fist,222,-328,99,1,17,1,1,0","taladamun,leg_up,13,-176,28.8,0,11,1.1,1.1,0","taladamun,leg_low,16,-85,3,0,10,1,1,0","taladamun,foot,38,-18,-8.6,0,13,0.9,0.9,0","taladamun,leg_up,-45,-187,2.7,0,15,1,1,0","taladamun,leg_low,-114,-155,-56.5,0,13,1,1,0","taladamun,foot,-172,-103,-71.5,0,15,0.9,0.9,0","taladamun,base,-56,-265,-54,0,4,1,1,0",,"taladamun,tophat2,68,-548,-23,0,3,1.1,1.1,0","taladamun,cape,-66,-158,-24,0,13,1,1,0",,,,,,,,,,,,,,,,,,,,,,,,,,,,,,,,,,,,,,,,,,,,,,,,,,,,,,,,,,,,,,,,,,,,,,,,,,,,,,,,,,,,,,,,,,,,,,,,,,play_time_mod_0.5,play_time_mod_0.8,
Run/8,"taladamun,head,59,-483,-18,0,4,1,1,0","taladamun,neck,31,-450,-14,0,8,1,1,0","taladamun,body,-2,-343,-21,0,7,1,1,0","taladamun,arm_up,-79,-386,-16,0,7,1,1,0","taladamun,arm_low,-85,-303,59,0,2,1,1,0","taladamun,fist,-21,-260,77,0,3,1,1,0","taladamun,arm_up,88,-347,-11,1,13,1,1,0","taladamun,arm_low,122,-288,84,0,16,1,1,0","taladamun,fist,182,-292,81,1,17,1,1,0","taladamun,leg_up,-9,-175,8.8,0,11,1.1,1.1,0","taladamun,leg_low,-46,-85,-17,0,10,1,1,0","taladamun,foot,-50,-18,-8.6,0,13,0.9,0.9,0","taladamun,leg_up,25,-187,22.7,0,15,1,1,0","taladamun,leg_low,-6,-144,-76.5,0,13,1,1,0","taladamun,foot,-80,-114,-91.5,0,15,0.9,0.9,0","taladamun,base,10,-290,-34,0,4,1,1,0",,"taladamun,tophat2,88,-542,-29,0,3,1.1,1.1,0","taladamun,cape,-72,-151,-25,0,13,1,1,0",,,,,,,,,,,,,,,,,,,,,,,,,,,,,,,,,,,,,,,,,,,,,,,,,,,,,,,,,,,,,,,,,,,,,,,,,,,,,,,,,,,,,,,,,,,,,,,,,,play_time_mod_0.5,play_time_mod_0.8,
Run/9,"taladamun,head,69,-471,-24,0,4,1,1,0","taladamun,neck,46,-441,-20,0,8,1,1,0","taladamun,body,2,-335,-23,0,7,1,1,0","taladamun,arm_up,-42,-372,24,0,7,1,1,0","taladamun,arm_low,7,-304,99,0,2,1,1,0","taladamun,fist,83,-313,117,0,3,1,1,0","taladamun,arm_up,69,-337,-41,1,13,1,1,0","taladamun,arm_low,68,-269,54,0,16,1,1,0","taladamun,fist,122,-242,51,1,17,1,1,0","taladamun,leg_up,-64,-153,-11.2,0,11,1.1,1.1,0","taladamun,leg_low,-129,-81,-37,0,10,1,1,0","taladamun,foot,-155,-20,-28.6,0,13,0.9,0.9,0","taladamun,leg_up,55,-207,82.7,0,15,1,1,0","taladamun,leg_low,82,-159,-16.5,0,13,1,1,0","taladamun,foot,72,-79,-31.5,0,15,0.9,0.9,0","taladamun,base,88,-355,6,0,4,1,1,0",,"taladamun,tophat2,104,-529,-33,0,3,1.1,1.1,0","taladamun,cape,-88,-161,-42,0,13,1,1,0",,,,,,,,,,,,,,,,,,,,,,,,,,,,,,,,,,,,,,,,,,,,,,,,,,,,,,,,,,,,,,,,,,,,,,,,,,,,,,,,,,,,,,,,,,,,,,,,,,play_time_mod_0.5,play_time_mod_0.8,
Run/10,"taladamun,head,77,-460,-26,0,5,1,1,0","taladamun,neck,54,-432,-22,0,8,1,1,0","taladamun,body,2,-330,-26,0,7,1,1,0","taladamun,arm_up,9,-376,71,0,7,1,1,0","taladamun,arm_low,93,-367,146,0,2,1,1,0","taladamun,fist,136,-428,164,0,3,1,1,0","taladamun,arm_up,73,-350,-71,1,13,1,1,0","taladamun,arm_low,39,-291,24,0,16,1,1,0","taladamun,fist,72,-241,21,1,17,1,1,0","taladamun,leg_up,-64,-153,-11.2,0,11,1.1,1.1,0","taladamun,leg_low,-149,-81,-37,0,10,1,1,0","taladamun,foot,-175,-20,-28.6,0,13,0.9,0.9,0","taladamun,leg_up,64,-184,92.7,0,15,1,1,0","taladamun,leg_low,102,-120,3.5,0,13,1,1,0","taladamun,foot,120,-42,-11.5,0,15,0.9,0.9,0","taladamun,base,111,-460,53,0,4,1,1,0",,"taladamun,tophat2,117,-516,-37,0,5,1.1,1.1,0","taladamun,cape,-77,-161,-36,0,13,1,1,0",,,,,,,,,,,,,,,,,,,,,,,,,,,,,,,,,,,,,,,,,,,,,,,,,,,,,,,,,,,,,,,,,,,,,,,,,,,,,,,,,,,,,,,,,,,,,,,,,,play_time_mod_0.5,play_time_mod_0.8,
Run/11,"taladamun,head,75,-454,-26,0,5,1,1,0","taladamun,neck,52,-426,-22,0,8,1,1,0","taladamun,body,12,-330,-28,0,7,1,1,0","taladamun,arm_up,26,-397,91,0,7,1,1,0","taladamun,arm_low,108,-416,166,0,2,1,1,0","taladamun,fist,128,-489,-180,0,3,1,1,0","taladamun,arm_up,62,-346,-81,1,13,1,1,0","taladamun,arm_low,18,-294,14,0,16,1,1,0","taladamun,fist,42,-239,11,1,17,1,1,0","taladamun,leg_up,-64,-153,-11.2,0,11,1.1,1.1,0","taladamun,leg_low,-154,-97,-57,0,10,1,1,0","taladamun,foot,-209,-44,-58.6,0,13,0.9,0.9,0","taladamun,leg_up,55,-158,82.7,0,15,1,1,0","taladamun,leg_low,113,-98,3.5,0,13,1,1,0","taladamun,foot,132,-19,5.5,0,15,0.9,0.9,0","taladamun,base,93,-510,73,0,4,1,1,0",,"taladamun,tophat2,117,-506,-40,0,5,1.1,1.1,0","taladamun,cape,-75,-158,-32,0,13,1,1,0",,,,,,,,,,,,,,,,,,,,,,,,,,,,,,,,,,,,,,,,,,,,,,,,,,,,,,,,,,,,,,,,,,,,,,,,,,,,,,,,,,,,,,,,,,,,,,,,,,,play_time_mod_0.8,
Skill1/0,"taladamun,head,2,-505,4,0,4,1,1,0","taladamun,neck,11,-467,-4,0,8,1,1,0","taladamun,body,-3,-343,-3,0,7,1,1,0","taladamun,arm_up,-33,-411,118,0,7,1,1,0","taladamun,arm_low,54,-453,137,0,3,1,1,0","taladamun,fist,107,-496,90,0,4,1,1,0","taladamun,arm_up,75,-353,-2,1,20,1,1,0","taladamun,arm_low,107,-275,22,0,13,1,1,0","taladamun,fist,137,-210,29,1,14,1,1,0","taladamun,leg_up,-54,-191,-17.2,0,11,1.1,1.1,0","taladamun,leg_low,-93,-91,-27,0,10,1,1,0","taladamun,foot,-107,-24,-5.6,0,13,0.9,0.9,0","taladamun,leg_up,67,-183,53.7,0,15,1,1,0","taladamun,leg_low,93,-94,3.5,0,13,1,1,0","taladamun,foot,113,-26,-1.5,0,15,0.9,0.9,0","taladamun,base,166,-523,-61,0,5,1,1,0",,"taladamun,tophat2,8,-573,2,0,3,1.1,1.1,0","taladamun,cape,-23,-153,-6,0,13,1,1,0",,,,,,,,,,,,,,,,,,,,,,,,,,,,,,,,,,,,,,,,,,,,,,,,,,,,,,,,,,,,,,,,,,,,,,,,,,,,,,,,,,,,,,,,,,,,,,,,,,play_time_mod_0.5,,
Skill2/0,"taladamun,head,17,-505,-5,0,4,1,1,0","taladamun,neck,11,-467,-4,0,8,1,1,0","taladamun,body,-1,-343,-4,0,7,1,1,0","taladamun,arm_up,-117,-368,-29,0,7,1,1,0","taladamun,arm_low,-107,-339,81,0,5,1,1,0","taladamun,fist,-35,-347,133,0,6,1,1,0","taladamun,arm_up,89,-362,8,1,13,1,1,0","taladamun,arm_low,157,-331,112,0,6,1,1,0","taladamun,fist,221,-360,119,1,7,1,1,0","taladamun,leg_up,-54,-191,-17.2,0,11,1.1,1.1,0","taladamun,leg_low,-93,-91,-27,0,10,1,1,0","taladamun,foot,-107,-24,-5.6,0,13,0.9,0.9,0","taladamun,leg_up,67,-183,53.7,0,15,1,1,0","taladamun,leg_low,93,-94,3.5,0,13,1,1,0","taladamun,foot,113,-26,-1.5,0,15,0.9,0.9,0","taladamun,base,-34,-392,22,0,7,1,1,0",,"taladamun,tophat2,33,-577,-8,0,3,1.1,1.1,0","taladamun,cape,-14,-153,7,0,13,1,1,0",,,,,,,,,,,,,,,,,,,,,,,,,,,,,,,,,,,,,,,,,,,,,,,,,,,,,,,,,,,,,,,,,,,,,,,,,,,,,,,,,,,,,,,,,,,,,,,,,,play_time_mod_0.5,,
Skill2/1,"taladamun,head,15,-502,-7,0,4,1,1,0","taladamun,neck,11,-467,-4,0,8,1,1,0","taladamun,body,-1,-343,-4,0,7,1,1,0","taladamun,arm_up,-83,-368,6,0,7,1,1,0","taladamun,arm_low,-63,-303,61,0,5,1,1,0","taladamun,fist,-3,-273,83,0,6,1,1,0","taladamun,arm_up,87,-362,4,1,13,1,1,0","taladamun,arm_low,144,-323,92,0,6,1,1,0","taladamun,fist,214,-328,99,1,7,1,1,0","taladamun,leg_up,-54,-191,-17.2,0,11,1.1,1.1,0","taladamun,leg_low,-93,-91,-27,0,10,1,1,0","taladamun,foot,-107,-24,-5.6,0,13,0.9,0.9,0","taladamun,leg_up,67,-183,53.7,0,15,1,1,0","taladamun,leg_low,93,-94,3.5,0,13,1,1,0","taladamun,foot,113,-26,-1.5,0,15,0.9,0.9,0","taladamun,base,33,-301,-28,0,7,1,1,0",,"taladamun,tophat2,35,-569,-13,0,3,1.1,1.1,0","taladamun,cape,-14,-153,7,0,13,1,1,0",,,,,,,,,,,,,,,,,,,,,,,,,,,,,,,,,,,,,,,,,,,,,,,,,,,,,,,,,,,,,,,,,,,,,,,,,,,,,,,,,,,,,,,,,,,,,,,,,,,,
Skill2/2,"taladamun,head,23,-502,-9,0,4,1,1,0","taladamun,neck,13,-447,-1,0,8,1,1,0","taladamun,body,1,-343,-7,0,7,1,1,0","taladamun,arm_up,-37,-378,61,0,7,1,1,0","taladamun,arm_low,30,-321,51,0,5,1,1,0","taladamun,fist,84,-281,73,0,6,1,1,0","taladamun,arm_up,82,-363,-10,1,26,1,1,0","taladamun,arm_low,134,-292,58,0,19,1,1,0","taladamun,fist,195,-257,65,1,20,1,1,0","taladamun,leg_up,-54,-191,-17.2,0,11,1.1,1.1,0","taladamun,leg_low,-93,-91,-27,0,10,1,1,0","taladamun,foot,-107,-24,-5.6,0,13,0.9,0.9,0","taladamun,leg_up,67,-183,53.7,0,15,1,1,0","taladamun,leg_low,93,-94,3.5,0,13,1,1,0","taladamun,foot,113,-26,-1.5,0,15,0.9,0.9,0","taladamun,base,125,-302,-38,0,7,1,1,0",,"taladamun,tophat2,47,-569,-15,0,3,1.1,1.1,0","taladamun,cape,-16,-153,3,0,13,1,1,0",,,,,,,,,,,,,,,,,,,,,,,,,,,,,,,,,,,,,,,,,,,,,,,,,,,,,,,,,,,,,,,,,,,,,,,,,,,,,,,,,,,,,,,,,,,,,,,,,,,,
Skill2/3,"taladamun,head,27,-492,-14,0,4,1,1,0","taladamun,neck,13,-447,-1,0,8,1,1,0","taladamun,body,1,-343,-7,0,7,1,1,0","taladamun,arm_up,-2,-382,81,0,7,1,1,0","taladamun,arm_low,83,-356,80,0,5,1,1,0","taladamun,fist,150,-347,102,0,6,1,1,0","taladamun,arm_up,72,-362,-20,1,26,1,1,0","taladamun,arm_low,111,-283,48,0,19,1,1,0","taladamun,fist,165,-238,55,1,20,1,1,0","taladamun,leg_up,-54,-191,-17.2,0,11,1.1,1.1,0","taladamun,leg_low,-93,-91,-27,0,10,1,1,0","taladamun,foot,-107,-24,-5.6,0,13,0.9,0.9,0","taladamun,leg_up,67,-183,53.7,0,15,1,1,0","taladamun,leg_low,93,-94,3.5,0,13,1,1,0","taladamun,foot,113,-26,-1.5,0,15,0.9,0.9,0","taladamun,base,231,-359,-83,0,7,1,1.1,0",,"taladamun,tophat2,61,-554,-24,0,3,1.1,1.1,0","taladamun,cape,-16,-153,3,0,13,1,1,0",,,,,,,,,,,,,,,,,,,,,,,,,,,,,,,,,,,,,,,,,,,,,,,,,,,,,,,,,,,,,,,,,,,,,,,,,,,,,,,,,,,,,,,,,,,,,,,,,,,,
Skill2/4,"taladamun,head,23,-495,-4,0,4,1,1,0","taladamun,neck,13,-447,-1,0,8,1,1,0","taladamun,body,1,-343,-6,0,7,1,1,0","taladamun,arm_up,-4,-385,87,0,7,1,1,0","taladamun,arm_low,94,-380,110,0,5,1,1,0","taladamun,fist,155,-405,132,0,6,1,1,0","taladamun,arm_up,72,-362,-20,1,26,1,1,0","taladamun,arm_low,110,-277,38,0,19,1,1,0","taladamun,fist,156,-224,45,1,20,1,1,0","taladamun,leg_up,-54,-191,-17.2,0,11,1.1,1.1,0","taladamun,leg_low,-93,-91,-27,0,10,1,1,0","taladamun,foot,-107,-24,-5.6,0,13,0.9,0.9,0","taladamun,leg_up,67,-183,53.7,0,15,1,1,0","taladamun,leg_low,93,-94,3.5,0,13,1,1,0","taladamun,foot,113,-26,-1.5,0,15,0.9,0.9,0","taladamun,base,219,-455,-53,0,7,1,1.1,0",,"taladamun,tophat2,45,-561,-14,0,3,1.1,1.1,0","taladamun,cape,-16,-153,3,0,13,1,1,0",,,,,,,,,,,,,,,,,,,,,,,,,,,,,,,,,,,,,,,,,,,,,,,,,,,,,,,,,,,,,,,,,,,,,,,,,,,,,,,,,,,,,,,,,,"movement,lines,376,-190,0,0,0,1.5,1.5,0",,,,,,,,sprite_deal_damage,,
Skill2/5,"taladamun,head,8,-504,5,0,4,1,1,0","taladamun,neck,13,-447,-1,0,8,1,1,0","taladamun,body,1,-343,-6,0,7,1,1,0","taladamun,arm_up,-14,-405,107,0,7,1,1,0","taladamun,arm_low,101,-430,120,0,5,1,1,0","taladamun,fist,157,-465,142,0,6,1,1,0","taladamun,arm_up,72,-362,-20,1,26,1,1,0","taladamun,arm_low,110,-287,40,0,19,1,1,0","taladamun,fist,156,-234,47,1,20,1,1,0","taladamun,leg_up,-54,-191,-17.2,0,11,1.1,1.1,0","taladamun,leg_low,-93,-91,-27,0,10,1,1,0","taladamun,foot,-107,-24,-5.6,0,13,0.9,0.9,0","taladamun,leg_up,67,-183,53.7,0,15,1,1,0","taladamun,leg_low,93,-94,3.5,0,13,1,1,0","taladamun,foot,113,-26,-1.5,0,15,0.9,0.9,0","taladamun,base,212,-525,-43,0,7,1,1.1,0",,"taladamun,tophat2,15,-575,0,0,3,1.1,1.1,0","taladamun,cape,-18,-153,1,0,13,1,1,0",,,,,,,,,,,,,,,,,,,,,,,,,,,,,,,,,,,,,,,,,,,,,,,,,,,,,,,,,,,,,,,,,,,,,,,,,,,,,,,,,,,,,,,,,,"movement,lines,376,-380,0,0,0,1.5,1.5,0",,,,,,,,,,
Skill2/6,"taladamun,head,-5,-504,8,0,4,1,1,0","taladamun,neck,-3,-448,9,0,8,1,1,0","taladamun,body,-1,-343,-1,0,7,1,1,0","taladamun,arm_up,-21,-416,117,0,7,1,1,0","taladamun,arm_low,84,-456,140,0,4,1,1,0","taladamun,fist,124,-508,162,0,5,1,1,0","taladamun,arm_up,77,-374,-10,1,26,1,1,0","taladamun,arm_low,127,-306,50,0,19,1,1,0","taladamun,fist,181,-262,57,1,20,1,1,0","taladamun,leg_up,-54,-191,-17.2,0,11,1.1,1.1,0","taladamun,leg_low,-93,-91,-27,0,10,1,1,0","taladamun,foot,-107,-24,-5.6,0,13,0.9,0.9,0","taladamun,leg_up,67,-183,53.7,0,15,1,1,0","taladamun,leg_low,93,-94,3.5,0,13,1,1,0","taladamun,foot,113,-26,-1.5,0,15,0.9,0.9,0","taladamun,base,155,-583,-23,0,6,1,1.1,0",,"taladamun,tophat2,-15,-572,11,0,3,1.1,1.1,0","taladamun,cape,-18,-153,1,0,13,1,1,0",,,,,,,,,,,,,,,,,,,,,,,,,,,,,,,,,,,,,,,,,,,,,,,,,,,,,,,,,,,,,,,,,,,,,,,,,,,,,,,,,,,,,,,,,,"movement,lines,376,-520,0,0,0,1.5,1.5,0",,,,,,,,sprite_deal_damage,,
Skill2/7,"taladamun,head,-5,-504,11,0,4,1,1,0","taladamun,neck,-3,-448,9,0,8,1,1,0","taladamun,body,-1,-343,-1,0,7,1,1,0","taladamun,arm_up,-23,-424,128,0,3,1,1,0","taladamun,arm_low,72,-483,151,0,0,1,1,0","taladamun,fist,102,-542,173,0,1,1,1,0","taladamun,arm_up,78,-374,0,1,26,1,1,0","taladamun,arm_low,137,-320,70,0,19,1,1,0","taladamun,fist,202,-298,77,1,20,1,1,0","taladamun,leg_up,-54,-191,-17.2,0,11,1.1,1.1,0","taladamun,leg_low,-93,-91,-27,0,10,1,1,0","taladamun,foot,-107,-24,-5.6,0,13,0.9,0.9,0","taladamun,leg_up,67,-183,53.7,0,15,1,1,0","taladamun,leg_low,93,-94,3.5,0,13,1,1,0","taladamun,foot,113,-26,-1.5,0,15,0.9,0.9,0","taladamun,base,116,-621,-2,0,2,1,1.1,0",,"taladamun,tophat2,-21,-572,14,0,3,1.1,1.1,0","taladamun,cape,-18,-153,1,0,13,1,1,0",,,,,,,,,,,,,,,,,,,,,,,,,,,,,,,,,,,,,,,,,,,,,,,,,,,,,,,,,,,,,,,,,,,,,,,,,,,,,,,,,,,,,,,,,,"movement,lines,376,-680,0,0,0,1.5,1.5,0",,,,,,,,"play_time_mod_0.6,sprite_deal_damage",,
Skill2/8,"taladamun,head,8,-503,1,0,4,1,1,0","taladamun,neck,-3,-448,9,0,8,1,1,0","taladamun,body,-1,-343,-3,0,7,1,1,0","taladamun,arm_up,-33,-414,108,0,3,1,1,0","taladamun,arm_low,42,-443,151,0,0,1,1,0","taladamun,fist,72,-502,173,0,1,1,1,0","taladamun,arm_up,78,-374,0,1,26,1,1,0","taladamun,arm_low,136,-324,80,0,19,1,1,0","taladamun,fist,203,-314,87,1,20,1,1,0","taladamun,leg_up,-54,-191,-17.2,0,11,1.1,1.1,0","taladamun,leg_low,-93,-91,-27,0,10,1,1,0","taladamun,foot,-107,-24,-5.6,0,13,0.9,0.9,0","taladamun,leg_up,67,-183,53.7,0,15,1,1,0","taladamun,leg_low,93,-94,3.5,0,13,1,1,0","taladamun,foot,113,-26,-1.5,0,15,0.9,0.9,0","taladamun,base,77,-584,-6,0,2,1,1.1,0",,"taladamun,tophat2,4,-573,4,0,3,1.1,1.1,0","taladamun,cape,-18,-153,1,0,13,1,1,0",,,,,,,,,,,,,,,,,,,,,,,,,,,,,,,,,,,,,,,,,,,,,,,,,,,,,,,,,,,,,,,,,,,,,,,,,,,,,,,,,,,,,,,,,,,,,,,,,,play_time_mod_0.2,,
Skill2/9,"taladamun,head,8,-503,-2,0,4,1,1,0","taladamun,neck,-3,-448,9,0,8,1,1,0","taladamun,body,-1,-343,-3,0,7,1,1,0","taladamun,arm_up,-45,-389,86,0,3,1,1,0","taladamun,arm_low,35,-388,129,0,0,1,1,0","taladamun,fist,84,-431,151,0,1,1,1,0","taladamun,arm_up,78,-374,0,1,26,1,1,0","taladamun,arm_low,136,-322,91,0,19,1,1,0","taladamun,fist,203,-328,94,1,20,1,1,0","taladamun,leg_up,-54,-191,-17.2,0,11,1.1,1.1,0","taladamun,leg_low,-93,-91,-27,0,10,1,1,0","taladamun,foot,-107,-24,-5.6,0,13,0.9,0.9,0","taladamun,leg_up,67,-183,53.7,0,15,1,1,0","taladamun,leg_low,93,-94,3.5,0,13,1,1,0","taladamun,foot,113,-26,-1.5,0,15,0.9,0.9,0","taladamun,base,87,-514,4,0,2,1,1.1,0",,"taladamun,tophat2,16,-573,-1,0,3,1.1,1.1,0","taladamun,cape,-18,-153,1,0,13,1,1,0",,,,,,,,,,,,,,,,,,,,,,,,,,,,,,,,,,,,,,,,,,,,,,,,,,,,,,,,,,,,,,,,,,,,,,,,,,,,,,,,,,,,,,,,,,,,,,,,,,play_time_mod_0.1,,
Skill2/10,"taladamun,head,15,-500,-5,0,4,1,1,0","taladamun,neck,-3,-448,9,0,8,1,1,0","taladamun,body,-1,-343,-6,0,7,1,1,0","taladamun,arm_up,-45,-379,56,0,3,1,1,0","taladamun,arm_low,24,-343,119,0,0,1,1,0","taladamun,fist,80,-377,141,0,1,1,1,0","taladamun,arm_up,76,-364,-1,1,26,1,1,0","taladamun,arm_low,130,-312,90,0,19,1,1,0","taladamun,fist,202,-315,93,1,20,1,1,0","taladamun,leg_up,-54,-191,-17.2,0,11,1.1,1.1,0","taladamun,leg_low,-93,-91,-27,0,10,1,1,0","taladamun,foot,-107,-24,-5.6,0,13,0.9,0.9,0","taladamun,leg_up,67,-183,53.7,0,15,1,1,0","taladamun,leg_low,93,-94,3.5,0,13,1,1,0","taladamun,foot,113,-26,-1.5,0,15,0.9,0.9,0","taladamun,base,98,-459,-6,0,2,1,1.1,0",,"taladamun,tophat2,29,-567,-7,0,3,1.1,1.1,0","taladamun,cape,-16,-153,1,0,13,1,1,0",,,,,,,,,,,,,,,,,,,,,,,,,,,,,,,,,,,,,,,,,,,,,,,,,,,,,,,,,,,,,,,,,,,,,,,,,,,,,,,,,,,,,,,,,,,,,,,,,,play_time_mod_0.5,,
Skill2/11,"taladamun,head,14,-500,-7,0,4,1,1,0","taladamun,neck,-3,-448,9,0,8,1,1,0","taladamun,body,-1,-343,-6,0,7,1,1,0","taladamun,arm_up,-66,-364,16,0,3,1,1,0","taladamun,arm_low,-37,-291,79,0,0,1,1,0","taladamun,fist,29,-281,101,0,1,1,1,0","taladamun,arm_up,76,-364,-1,1,26,1,1,0","taladamun,arm_low,130,-312,90,0,19,1,1,0","taladamun,fist,202,-315,93,1,20,1,1,0","taladamun,leg_up,-54,-191,-17.2,0,11,1.1,1.1,0","taladamun,leg_low,-93,-91,-27,0,10,1,1,0","taladamun,foot,-107,-24,-5.6,0,13,0.9,0.9,0","taladamun,leg_up,67,-183,53.7,0,15,1,1,0","taladamun,leg_low,93,-94,3.5,0,13,1,1,0","taladamun,foot,113,-26,-1.5,0,15,0.9,0.9,0","taladamun,base,65,-332,-24,0,2,1,1.1,0",,"taladamun,tophat2,32,-567,-9,0,3,1.1,1.1,0","taladamun,cape,-16,-153,2,0,13,1,1,0",,,,,,,,,,,,,,,,,,,,,,,,,,,,,,,,,,,,,,,,,,,,,,,,,,,,,,,,,,,,,,,,,,,,,,,,,,,,,,,,,,,,,,,,,,,,,,,,,,play_time_mod_0.5,,
Skill2/12,"taladamun,head,14,-504,-3,0,4,1,1,0","taladamun,neck,-3,-448,9,0,8,1,1,0","taladamun,body,-1,-343,-6,0,7,1,1,0","taladamun,arm_up,-97,-374,-14,0,3,1,1,0","taladamun,arm_low,-79,-340,69,0,0,1,1,0","taladamun,fist,-16,-319,91,0,1,1,1,0","taladamun,arm_up,76,-365,5,1,26,1,1,0","taladamun,arm_low,130,-319,96,0,19,1,1,0","taladamun,fist,202,-328,99,1,20,1,1,0","taladamun,leg_up,-54,-191,-17.2,0,11,1.1,1.1,0","taladamun,leg_low,-93,-91,-27,0,10,1,1,0","taladamun,foot,-107,-24,-5.6,0,13,0.9,0.9,0","taladamun,leg_up,67,-183,53.7,0,15,1,1,0","taladamun,leg_low,93,-94,3.5,0,13,1,1,0","taladamun,foot,113,-26,-1.5,0,15,0.9,0.9,0","taladamun,base,29,-363,-34,0,2,1,1.1,0",,"taladamun,tophat2,29,-573,-4,0,3,1.1,1.1,0","taladamun,cape,-16,-153,4,0,13,1,1,0",,,,,,,,,,,,,,,,,,,,,,,,,,,,,,,,,,,,,,,,,,,,,,,,,,,,,,,,,,,,,,,,,,,,,,,,,,,,,,,,,,,,,,,,,,,,,,,,,,play_time_mod_0.5,,
Skill2/13,"taladamun,head,17,-505,-5,0,4,1,1,0","taladamun,neck,11,-467,-4,0,8,1,1,0","taladamun,body,-1,-343,-4,0,7,1,1,0","taladamun,arm_up,-117,-368,-29,0,7,1,1,0","taladamun,arm_low,-107,-339,81,0,5,1,1,0","taladamun,fist,-35,-347,133,0,6,1,1,0","taladamun,arm_up,89,-362,8,1,13,1,1,0","taladamun,arm_low,157,-331,112,0,6,1,1,0","taladamun,fist,221,-360,119,1,7,1,1,0","taladamun,leg_up,-54,-191,-17.2,0,11,1.1,1.1,0","taladamun,leg_low,-93,-91,-27,0,10,1,1,0","taladamun,foot,-107,-24,-5.6,0,13,0.9,0.9,0","taladamun,leg_up,67,-183,53.7,0,15,1,1,0","taladamun,leg_low,93,-94,3.5,0,13,1,1,0","taladamun,foot,113,-26,-1.5,0,15,0.9,0.9,0","taladamun,base,-34,-392,22,0,7,1,1,0",,"taladamun,tophat2,33,-577,-8,0,3,1.1,1.1,0","taladamun,cape,-14,-153,7,0,13,1,1,0",,,,,,,,,,,,,,,,,,,,,,,,,,,,,,,,,,,,,,,,,,,,,,,,,,,,,,,,,,,,,,,,,,,,,,,,,,,,,,,,,,,,,,,,,,,,,,,,,,,,
Skill3/0,"taladamun,head,17,-505,-5,0,4,1,1,0","taladamun,neck,11,-467,-4,0,8,1,1,0","taladamun,body,-1,-343,-4,0,7,1,1,0","taladamun,arm_up,-117,-368,-29,0,7,1,1,0","taladamun,arm_low,-107,-339,81,0,5,1,1,0","taladamun,fist,-35,-347,133,0,6,1,1,0","taladamun,arm_up,89,-362,8,1,13,1,1,0","taladamun,arm_low,157,-331,112,0,6,1,1,0","taladamun,fist,221,-360,119,1,7,1,1,0","taladamun,leg_up,-54,-191,-17.2,0,11,1.1,1.1,0","taladamun,leg_low,-93,-91,-27,0,10,1,1,0","taladamun,foot,-107,-24,-5.6,0,13,0.9,0.9,0","taladamun,leg_up,67,-183,53.7,0,15,1,1,0","taladamun,leg_low,93,-94,3.5,0,13,1,1,0","taladamun,foot,113,-26,-1.5,0,15,0.9,0.9,0","taladamun,base,-34,-392,22,0,7,1,1,0",,"taladamun,tophat2,33,-577,-8,0,3,1.1,1.1,0","taladamun,cape,-14,-153,7,0,13,1,1,0",,,,,,,,,,,,,,,,,,,,,,,,,,,,,,,,,,,,,,,,,,,,,,,,,,,,,,,,,,,,,,,,,,,,,,,,,,,,,,,,,,,,,,,,,,,,,,,,,,play_time_mod_0.5,,
Skill3/1,"taladamun,head,25,-505,-12,0,4,1,1,0","taladamun,neck,11,-467,-4,0,8,1,1,0","taladamun,body,-1,-343,-6,0,7,1,1,0","taladamun,arm_up,-117,-371,-31,0,7,1,1,0","taladamun,arm_low,-107,-342,79,0,5,1,1,0","taladamun,fist,-35,-346,131,0,6,1,1,0","taladamun,arm_up,102,-388,38,1,13,1,1,0","taladamun,arm_low,177,-396,142,0,6,1,1,0","taladamun,open,218,-473,159,0,7,1,1,0","taladamun,leg_up,-54,-191,-17.2,0,11,1.1,1.1,0","taladamun,leg_low,-93,-91,-27,0,10,1,1,0","taladamun,foot,-107,-24,-5.6,0,13,0.9,0.9,0","taladamun,leg_up,67,-183,53.7,0,15,1,1,0","taladamun,leg_low,93,-94,3.5,0,13,1,1,0","taladamun,foot,113,-26,-1.5,0,15,0.9,0.9,0","taladamun,base,-34,-391,20,0,7,1,1,0",,"taladamun,tophat2,48,-573,-14,0,3,1.1,1.1,0","taladamun,cape,-16,-153,4,0,13,1,1,0",,,,,,,,,,,,,,,,,,,,,,,,,,,,,,,,,,,,,,,,,,,,,,,,,,,,,,,,,,,,,,,,,,,,,,,,,,,,,,,,,,,,,,,,,,,,,,,,,,,,
Skill3/2,"taladamun,head,27,-502,-16,0,4,1,1,0","taladamun,neck,11,-467,-4,0,8,1,1,0","taladamun,body,-1,-343,-6,0,7,1,1,0","taladamun,arm_up,-117,-371,-31,0,7,1,1,0","taladamun,arm_low,-107,-342,79,0,5,1,1,0","taladamun,fist,-35,-346,131,0,6,1,1,0","taladamun,arm_up,125,-398,88,1,13,1,1,0","taladamun,arm_low,167,-459,-170,0,6,1,1,0","taladamun,open,135,-540,-160,0,7,1,1,0","taladamun,leg_up,-54,-191,-17.2,0,11,1.1,1.1,0","taladamun,leg_low,-93,-91,-27,0,10,1,1,0","taladamun,foot,-107,-24,-5.6,0,13,0.9,0.9,0","taladamun,leg_up,67,-183,53.7,0,15,1,1,0","taladamun,leg_low,93,-94,3.5,0,13,1,1,0","taladamun,foot,113,-26,-1.5,0,15,0.9,0.9,0","taladamun,base,-34,-391,20,0,7,1,1,0",,"taladamun,tophat2,55,-572,-16,0,3,1.1,1.1,0","taladamun,cape,-16,-153,4,0,13,1,1,0",,,,,,,,,,,,,,,,,,,,,,,,,,,,,,,,,,,,,,,,,,,,,,,,,,,,,,,,,,,,,,,,,,,,,,,,,,,,,,,,,,,,,,,,,,,,,,,,,,,,
Skill3/3,"taladamun,head,27,-502,-17,0,4,1,1,0","taladamun,neck,11,-467,-4,0,8,1,1,0","taladamun,body,-1,-343,-6,0,7,1,1,0","taladamun,arm_up,-117,-371,-31,0,7,1,1,0","taladamun,arm_low,-107,-342,79,0,5,1,1,0","taladamun,fist,-35,-346,131,0,6,1,1,0","taladamun,arm_up,120,-415,108,1,13,1,1,0","taladamun,arm_low,138,-487,-150,0,6,1,1,0","taladamun,open,81,-542,-110,0,7,1,1,0","taladamun,leg_up,-54,-191,-17.2,0,11,1.1,1.1,0","taladamun,leg_low,-93,-91,-27,0,10,1,1,0","taladamun,foot,-107,-24,-5.6,0,13,0.9,0.9,0","taladamun,leg_up,67,-183,53.7,0,15,1,1,0","taladamun,leg_low,93,-94,3.5,0,13,1,1,0","taladamun,foot,113,-26,-1.5,0,15,0.9,0.9,0","taladamun,base,-34,-391,20,0,7,1,1,0",,"taladamun,tophat2,55,-573,-22,0,3,1.1,1.1,0","taladamun,cape,-16,-153,4,0,13,1,1,0",,,,,,,,,,,,,,,,,,,,,,,,,,,,,,,,,,,,,,,,,,,,,,,,,,,,,,,,,,,,,,,,,,,,,,,,,,,,,,,,,,,,,,,,,,,,,,,,,,,,
Skill3/4,"taladamun,head,24,-507,-7,0,4,1,1,0","taladamun,neck,14,-459,-3,0,8,1,1,0","taladamun,body,-1,-343,-6,0,7,1,1,0","taladamun,arm_up,-117,-371,-31,0,7,1,1,0","taladamun,arm_low,-107,-343,75,0,5,1,1,0","taladamun,fist,-35,-339,127,0,6,1,1,0","taladamun,arm_up,102,-393,68,1,13,1,1,0","taladamun,arm_low,162,-436,180,0,6,1,1,0","taladamun,open,155,-514,-150,0,7,1,1,0","taladamun,leg_up,-54,-191,-17.2,0,11,1.1,1.1,0","taladamun,leg_low,-93,-91,-27,0,10,1,1,0","taladamun,foot,-107,-24,-5.6,0,13,0.9,0.9,0","taladamun,leg_up,67,-183,53.7,0,15,1,1,0","taladamun,leg_low,93,-94,3.5,0,13,1,1,0","taladamun,foot,113,-26,-1.5,0,15,0.9,0.9,0","taladamun,base,-34,-384,16,0,7,1,1,0",,"taladamun,tophat2,154,-556,-62,0,3,1.1,1.1,0","taladamun,cape,-16,-153,4,0,13,1,1,0",,,,,,,,,,,,,,,,,,,,,,,,,,,,,,,,,,,,,,,,,,,,,,,,,,,,,,,,,,,,,,,,,,,,,,,,,,,,,,,,,,,,,,,,,,,,,,,,,,,,
Skill3/5,"taladamun,head,18,-509,-3,0,4,1,1,0","taladamun,neck,10,-462,-3,0,8,1,1,0","taladamun,body,-2,-343,-4,0,7,1,1,0","taladamun,arm_up,-107,-363,-17,0,7,1,1,0","taladamun,arm_low,-85,-317,78,0,5,1,1,0","taladamun,fist,-8,-304,90,0,6,1,1,0","taladamun,arm_up,105,-369,28,1,13,1,1,0","taladamun,arm_low,179,-363,140,0,6,1,1,0","taladamun,open,224,-428,180,0,7,1,1,0","taladamun,leg_up,-54,-191,-17.2,0,11,1.1,1.1,0","taladamun,leg_low,-93,-91,-27,0,10,1,1,0","taladamun,foot,-107,-24,-5.6,0,13,0.9,0.9,0","taladamun,leg_up,67,-183,53.7,0,15,1,1,0","taladamun,leg_low,93,-94,3.5,0,13,1,1,0","taladamun,foot,113,-26,-1.5,0,15,0.9,0.9,0","taladamun,base,23,-339,-21,0,7,1,1,0",,"taladamun,tophat2,251,-461,-102,0,3,1.1,1.1,0","taladamun,cape,-16,-153,4,0,13,1,1,0",,,,,,,,,,,,,,,,,,,,,,,,,,,,,,,,,,,,,,,,,,,,,,,,,,,,,,,,,,,,,,,,,,,,,,,,,,,,,,,,,,,,,,,,,,,,,,,,,,,,
Skill3/6,"taladamun,head,23,-509,-11,0,4,1,1,0","taladamun,neck,19,-462,7,0,8,1,1,0","taladamun,body,-2,-341,-4,0,7,1,1,0","taladamun,arm_up,-92,-361,13,0,7,1,1,0","taladamun,arm_low,-68,-307,59,0,5,1,1,0","taladamun,fist,8,-280,91,0,6,1,1,0","taladamun,arm_up,86,-366,8,1,13,1,1,0","taladamun,arm_low,155,-335,100,0,6,1,1,0","taladamun,open,231,-356,140,0,7,1,1,0","taladamun,leg_up,-54,-191,-17.2,0,11,1.1,1.1,0","taladamun,leg_low,-93,-91,-27,0,10,1,1,0","taladamun,foot,-107,-24,-5.6,0,13,0.9,0.9,0","taladamun,leg_up,67,-183,53.7,0,15,1,1,0","taladamun,leg_low,93,-94,3.5,0,13,1,1,0","taladamun,foot,113,-26,-1.5,0,15,0.9,0.9,0","taladamun,base,38,-314,-20,0,7,1,1,0",,"taladamun,tophat2,272,-365,-142,0,3,1.1,1.1,0","taladamun,cape,-13,-152,5,0,13,1,1,0",,,,,,,,,,,,,,,,,,,,,,,,,,,,,,,,,,,,,,,,,,,,,,,,,,,,,,,,,,,,,,,,,,,,,,,,,,,,,,,,,,,,,,,,,,,,,,,,,,,,
Skill3/7,"taladamun,head,23,-503,-16,0,4,1,1,0","taladamun,neck,19,-462,7,0,8,1,1,0","taladamun,body,-2,-341,-5,0,7,1,1,0","taladamun,arm_up,-45,-355,43,0,6,1,1,0","taladamun,arm_low,3,-319,89,0,4,1,1,0","taladamun,fist,85,-319,101,0,5,1,1,0","taladamun,arm_up,86,-366,8,1,13,1,1,0","taladamun,arm_low,145,-316,70,0,6,1,1,0","taladamun,open,222,-297,110,0,7,1,1,0","taladamun,leg_up,-54,-191,-17.2,0,11,1.1,1.1,0","taladamun,leg_low,-93,-91,-27,0,10,1,1,0","taladamun,foot,-107,-24,-5.6,0,13,0.9,0.9,0","taladamun,leg_up,67,-183,53.7,0,15,1,1,0","taladamun,leg_low,93,-94,3.5,0,13,1,1,0","taladamun,foot,113,-26,-1.5,0,15,0.9,0.9,0","taladamun,base,109,-357,-10,0,6,1,1,0",,"taladamun,tophat2,262,-284,-172,0,3,1.1,1.1,0","taladamun,cape,-15,-152,3,0,13,1,1,0",,,,,,,,,,,,,,,,,,,,,,,,,,,,,,,,,,,,,,,,,,,,,,,,,,,,,,,,,,,,,,,,,,,,,,,,,,,,,,,,,,,,,,,,,,,,,,,,,,,,
Skill3/8,"taladamun,head,26,-499,-20,0,4,1,1,0","taladamun,neck,19,-462,7,0,8,1,1,0","taladamun,body,-2,-341,-6,0,7,1,1,0","taladamun,arm_up,-25,-354,63,0,6,1,1,0","taladamun,arm_low,54,-288,59,0,4,1,1,0","taladamun,fist,125,-247,71,0,5,1,1,0","taladamun,arm_up,86,-366,8,1,13,1,1,0","taladamun,arm_low,145,-313,68,0,6,1,1,0","taladamun,open,212,-297,108,0,7,1,1,0","taladamun,leg_up,-54,-191,-17.2,0,11,1.1,1.1,0","taladamun,leg_low,-93,-91,-27,0,10,1,1,0","taladamun,foot,-107,-24,-5.6,0,13,0.9,0.9,0","taladamun,leg_up,67,-183,53.7,0,15,1,1,0","taladamun,leg_low,93,-94,3.5,0,13,1,1,0","taladamun,foot,113,-26,-1.5,0,15,0.9,0.9,0","taladamun,base,165,-268,-40,0,6,1,1,0",,"taladamun,tophat2,260,-276,-177,0,3,1.1,1.1,0","taladamun,cape,-15,-152,3,0,13,1,1,0",,,,,,,,,,,,,,,,,,,,,,,,,,,,,,,,,,,,,,,,,,,,,,,,,,,,,,,,,,,,,,,,,,,,,,,,,,,,,,,,,,,,,,,,,,,,,,,,,,play_time_mod_2,,
Skill3/9,"taladamun,head,28,-496,-21,0,4,1,1,0","taladamun,neck,21,-461,6,0,8,1,1,0","taladamun,body,-3,-340,-7,0,7,1,1,0","taladamun,arm_up,-30,-350,60,0,6,1,1,0","taladamun,arm_low,53,-276,57,0,4,1,1,0","taladamun,fist,123,-233,69,0,5,1,1,0","taladamun,arm_up,86,-362,5,1,13,1,1,0","taladamun,arm_low,144,-310,67,0,6,1,1,0","taladamun,open,211,-292,107,0,7,1,1,0","taladamun,leg_up,-54,-191,-17.2,0,11,1.1,1.1,0","taladamun,leg_low,-93,-91,-27,0,10,1,1,0","taladamun,foot,-107,-24,-5.6,0,13,0.9,0.9,0","taladamun,leg_up,67,-183,53.7,0,15,1,1,0","taladamun,leg_low,93,-94,3.5,0,13,1,1,0","taladamun,foot,113,-26,-1.5,0,15,0.9,0.9,0","taladamun,base,163,-252,-42,0,6,1,1,0",,"taladamun,tophat2,258,-264,-179,0,3,1.1,1.1,0","taladamun,cape,-15,-152,3,0,13,1,1,0",,,,,,,,,,,,,,,,,,,,,,,,,,,,,,,,,,,,,,,,,,,,,,,,,,,,,,,,,,,,,,,,,,,,,,,,,,,,,,,,,,,,,,,,,,,,,,,,,,,,
Skill3/10,"taladamun,head,28,-496,-11,0,4,1,1,0","taladamun,neck,21,-461,6,0,8,1,1,0","taladamun,body,-3,-340,-7,0,7,1,1,0","taladamun,arm_up,-20,-388,80,0,6,1,1,0","taladamun,arm_low,78,-356,67,0,4,1,1,0","taladamun,fist,154,-326,79,0,5,1,1,0","taladamun,arm_up,86,-362,5,1,13,1,1,0","taladamun,arm_low,144,-310,67,0,6,1,1,0","taladamun,open,211,-292,107,0,7,1,1,0","taladamun,leg_up,-54,-191,-17.2,0,11,1.1,1.1,0","taladamun,leg_low,-93,-91,-27,0,10,1,1,0","taladamun,foot,-107,-24,-5.6,0,13,0.9,0.9,0","taladamun,leg_up,67,-183,53.7,0,15,1,1,0","taladamun,leg_low,93,-94,3.5,0,13,1,1,0","taladamun,foot,113,-26,-1.5,0,15,0.9,0.9,0","taladamun,base,190,-351,-32,0,6,1,1,0",,"taladamun,tophat2,258,-259,179,0,3,1.1,1.1,0","taladamun,cape,-15,-152,3,0,13,1,1,0",,,,,,,,,,,,,,,,,,,,,,,,,,,,,,,,,,,,,,,,,,,,,,,,,,,,,,,,,,,,,,,,,,,,,,,,,,,,,,,,,,,,,,,,,,"smoke_pop,base,259,-327,0,0,0,0.7,0.7,1",,,,,,,,,,"smoke_puff,1000,0"
Skill3/11,"taladamun,head,18,-506,9,0,4,1,1,0","taladamun,neck,21,-461,6,0,8,1,1,0","taladamun,body,-9,-340,-2,0,7,1,1,0","taladamun,arm_up,-32,-415,120,0,6,1,1,0","taladamun,arm_low,64,-454,107,0,4,1,1,0","taladamun,fist,141,-479,119,0,5,1,1,0","taladamun,arm_up,81,-357,8,1,13,1,1,0","taladamun,arm_low,146,-295,57,0,6,1,1,0","taladamun,open,209,-265,97,0,7,1,1,0","taladamun,leg_up,-54,-191,-17.2,0,11,1.1,1.1,0","taladamun,leg_low,-93,-91,-27,0,10,1,1,0","taladamun,foot,-107,-24,-5.6,0,13,0.9,0.9,0","taladamun,leg_up,67,-183,53.7,0,15,1,1,0","taladamun,leg_low,93,-94,3.5,0,13,1,1,0","taladamun,foot,113,-26,-1.5,0,15,0.9,0.9,0","taladamun,base,152,-522,8,0,6,1,1,0",,"taladamun,tophat2,258,-249,159,0,3,1.1,1.1,0","taladamun,cape,-15,-152,3,0,13,1,1,0",,,,,,,,,,,,,,,,,,,,,,,,,,,,,,,,,,,,,,,,,,,,,,,,,,,,,,,,,,,,,,,,,,,,,,,,,,,,,,,,,,,,,,,,,,"crash_player,base,342,-420,-30,0,0,1,1,1","taladamun_bird,base,335,-307,20,0,0,1,1,1","taladamun_bird,base,246,-361,-70,1,0,1,1,1",,,,,,,,
Skill3/12,"taladamun,head,-4,-508,12,0,4,1,1,0","taladamun,neck,1,-461,9,0,8,1,1,0","taladamun,body,-16,-340,-2,0,7,1,1,0","taladamun,arm_up,-56,-437,160,0,6,1,1,0","taladamun,arm_low,-8,-528,147,0,4,1,1,0","taladamun,fist,35,-597,159,0,5,1,1,0","taladamun,arm_up,76,-360,2,1,13,1,1,0","taladamun,arm_low,136,-285,57,0,6,1,1,0","taladamun,open,199,-255,97,0,7,1,1,0","taladamun,leg_up,-54,-191,-17.2,0,11,1.1,1.1,0","taladamun,leg_low,-93,-91,-27,0,10,1,1,0","taladamun,foot,-107,-24,-5.6,0,13,0.9,0.9,0","taladamun,leg_up,67,-183,53.7,0,15,1,1,0","taladamun,leg_low,93,-94,3.5,0,13,1,1,0","taladamun,foot,113,-26,-1.5,0,15,0.9,0.9,0","taladamun,base,16,-637,48,0,6,1,1,0",,"taladamun,tophat2,248,-239,159,0,3,1.1,1.1,0","taladamun,cape,-15,-152,3,0,13,1,1,0",,,,,,,,,,,,,,,,,,,,,,,,,,,,,,,,,,,,,,,,,,,,,,,,,,,,,,,,,,,,,,,,,,,,,,,,,,,,,,,,,,,,,,,,,,,,,,,,,,,,
Skill3/13,"taladamun,head,6,-512,2,0,4,1,1,0","taladamun,neck,1,-461,9,0,8,1,1,0","taladamun,body,-15,-340,-4,0,7,1,1,0","taladamun,arm_up,-86,-437,-170,0,6,1,1,0","taladamun,arm_low,-68,-496,157,0,4,1,1,0","taladamun,fist,-38,-573,169,0,5,1,1,0","taladamun,arm_up,76,-362,12,1,13,1,1,0","taladamun,arm_low,133,-325,67,0,6,1,1,0","taladamun,open,200,-306,107,0,7,1,1,0","taladamun,leg_up,-54,-191,-17.2,0,11,1.1,1.1,0","taladamun,leg_low,-93,-91,-27,0,10,1,1,0","taladamun,foot,-107,-24,-5.6,0,13,0.9,0.9,0","taladamun,leg_up,67,-183,53.7,0,15,1,1,0","taladamun,leg_low,93,-94,3.5,0,13,1,1,0","taladamun,foot,113,-26,-1.5,0,15,0.9,0.9,0","taladamun,base,-64,-609,58,0,6,1,1,0",,"taladamun,tophat2,251,-299,169,0,3,1.1,1.1,0","taladamun,cape,-15,-152,3,0,13,1,1,0",,,,,,,,,,,,,,,,,,,,,,,,,,,,,,,,,,,,,,,,,,,,,,,,,,,,,,,,,,,,,,,,,,,,,,,,,,,,,,,,,,,,,,,,,,,,,,,,,,,,
Skill3/14,"taladamun,head,6,-512,-3,0,4,1,1,0","taladamun,neck,1,-461,9,0,8,1,1,0","taladamun,body,-15,-340,-6,0,7,1,1,0","taladamun,arm_up,-116,-387,-30,0,6,1,1,0","taladamun,arm_low,-132,-395,157,0,4,1,1,0","taladamun,fist,-100,-461,169,0,5,1,1,0","taladamun,arm_up,76,-366,16,1,13,1,1,0","taladamun,arm_low,151,-358,127,0,6,1,1,0","taladamun,open,201,-407,167,0,7,1,1,0","taladamun,leg_up,-54,-191,-17.2,0,11,1.1,1.1,0","taladamun,leg_low,-93,-91,-27,0,10,1,1,0","taladamun,foot,-107,-24,-5.6,0,13,0.9,0.9,0","taladamun,leg_up,67,-183,53.7,0,15,1,1,0","taladamun,leg_low,93,-94,3.5,0,13,1,1,0","taladamun,foot,113,-26,-1.5,0,15,0.9,0.9,0","taladamun,base,-128,-500,58,0,6,1,1,0",,"taladamun,tophat2,232,-446,-140,0,3,1.1,1.1,0","taladamun,cape,-15,-152,3,0,13,1,1,0",,,,,,,,,,,,,,,,,,,,,,,,,,,,,,,,,,,,,,,,,,,,,,,,,,,,,,,,,,,,,,,,,,,,,,,,,,,,,,,,,,,,,,,,,,,,,,,,,,,,
Skill3/15,"taladamun,head,28,-505,-18,0,4,1,1,0","taladamun,neck,21,-461,7,0,8,1,1,0","taladamun,body,-12,-340,-9,0,7,1,1,0","taladamun,arm_up,-126,-378,-60,0,6,1,1,0","taladamun,arm_low,-135,-394,127,0,4,1,1,0","taladamun,fist,-70,-431,129,0,5,1,1,0","taladamun,arm_up,105,-390,46,1,13,1,1,0","taladamun,arm_low,175,-420,157,0,6,1,1,0","taladamun,open,193,-487,-170,0,7,1,1,0","taladamun,leg_up,-54,-191,-17.2,0,11,1.1,1.1,0","taladamun,leg_low,-93,-91,-27,0,10,1,1,0","taladamun,foot,-107,-24,-5.6,0,13,0.9,0.9,0","taladamun,leg_up,67,-183,53.7,0,15,1,1,0","taladamun,leg_low,93,-94,3.5,0,13,1,1,0","taladamun,foot,113,-26,-1.5,0,15,0.9,0.9,0","taladamun,base,-79,-483,28,0,6,1,1,0",,"taladamun,tophat2,201,-536,-110,0,3,1.1,1.1,0","taladamun,cape,-15,-152,3,0,13,1,1,0",,,,,,,,,,,,,,,,,,,,,,,,,,,,,,,,,,,,,,,,,,,,,,,,,,,,,,,,,,,,,,,,,,,,,,,,,,,,,,,,,,,,,,,,,,,,,,,,,,play_time_mod_0.5,,
Skill3/16,"taladamun,head,35,-499,-27,0,4,1,1,0","taladamun,neck,27,-461,7,0,8,1,1,0","taladamun,body,-12,-340,-9,0,7,1,1,0","taladamun,arm_up,-124,-380,-39,0,6,1,1,0","taladamun,arm_low,-122,-382,117,0,4,1,1,0","taladamun,fist,-52,-407,119,0,5,1,1,0","taladamun,arm_up,125,-394,76,1,13,1,1,0","taladamun,arm_low,171,-455,-180,0,6,1,1,0","taladamun,open,153,-516,-140,0,7,1,1,0","taladamun,leg_up,-54,-191,-17.2,0,11,1.1,1.1,0","taladamun,leg_low,-93,-91,-27,0,10,1,1,0","taladamun,foot,-107,-24,-5.6,0,13,0.9,0.9,0","taladamun,leg_up,67,-183,53.7,0,15,1,1,0","taladamun,leg_low,93,-94,3.5,0,13,1,1,0","taladamun,foot,113,-26,-1.5,0,15,0.9,0.9,0","taladamun,base,-52,-460,18,0,6,1,1,0",,"taladamun,tophat2,111,-549,-60,0,3,1.1,1.1,0","taladamun,cape,-15,-152,3,0,13,1,1,0",,,,,,,,,,,,,,,,,,,,,,,,,,,,,,,,,,,,,,,,,,,,,,,,,,,,,,,,,,,,,,,,,,,,,,,,,,,,,,,,,,,,,,,,,,"smoke_pop,base,1126,-32,0,0,0,1,1,1",,,,,,,,play_time_mod_0.5,,
Skill3/17,"taladamun,head,35,-494,-29,0,4,1,1,0","taladamun,neck,27,-461,7,0,8,1,1,0","taladamun,body,-12,-340,-9,0,7,1,1,0","taladamun,arm_up,-124,-380,-39,0,6,1,1,0","taladamun,arm_low,-122,-382,117,0,4,1,1,0","taladamun,fist,-52,-407,119,0,5,1,1,0","taladamun,arm_up,125,-394,78,1,13,1,1,0","taladamun,arm_low,159,-461,-170,0,6,1,1,0","taladamun,open,130,-518,-130,0,7,1,1,0","taladamun,leg_up,-54,-191,-17.2,0,11,1.1,1.1,0","taladamun,leg_low,-93,-91,-27,0,10,1,1,0","taladamun,foot,-107,-24,-5.6,0,13,0.9,0.9,0","taladamun,leg_up,67,-183,53.7,0,15,1,1,0","taladamun,leg_low,93,-94,3.5,0,13,1,1,0","taladamun,foot,113,-26,-1.5,0,15,0.9,0.9,0","taladamun,base,-52,-456,18,0,6,1,1,0",,"taladamun,tophat2,83,-543,-50,0,3,1.1,1.1,0","taladamun,cape,-15,-152,3,0,13,1,1,0",,,,,,,,,,,,,,,,,,,,,,,,,,,,,,,,,,,,,,,,,,,,,,,,,,,,,,,,,,,,,,,,,,,,,,,,,,,,,,,,,,,,,,,,,,"smoke_pop,base,1126,-32,0,0,0,1,1,1",,,,,,,,,,
Skill3/18,"taladamun,head,42,-493,-9,0,4,1,1,0","taladamun,neck,27,-461,7,0,8,1,1,0","taladamun,body,-8,-340,-11,0,7,1,1,0","taladamun,arm_up,-118,-378,-33,0,6,1,1,0","taladamun,arm_low,-113,-365,97,0,4,1,1,0","taladamun,fist,-39,-364,99,0,5,1,1,0","taladamun,arm_up,123,-378,65,1,13,1,1,0","taladamun,arm_low,172,-409,180,0,6,1,1,0","taladamun,fist,187,-473,-180,0,7,1,1,0","taladamun,leg_up,-54,-191,-17.2,0,11,1.1,1.1,0","taladamun,leg_low,-93,-91,-27,0,10,1,1,0","taladamun,foot,-107,-24,-5.6,0,13,0.9,0.9,0","taladamun,leg_up,67,-183,53.7,0,15,1,1,0","taladamun,leg_low,93,-94,3.5,0,13,1,1,0","taladamun,foot,113,-26,-1.5,0,15,0.9,0.9,0","taladamun,base,-31,-407,4,0,6,1,1,0",,"taladamun,tophat2,65,-566,-20,0,3,1.1,1.1,0","taladamun,cape,-16,-152,1,0,13,1,1,0",,,,,,,,,,,,,,,,,,,,,,,,,,,,,,,,,,,,,,,,,,,,,,,,,,,,,,,,,,,,,,,,,,,,,,,,,,,,,,,,,,,,,,,,,,"smoke_pop,base,1126,-32,0,0,0,1,1,1",,,,,,,,,,
Skill3/19,"taladamun,head,36,-497,-4,0,4,1,1,0","taladamun,neck,27,-461,7,0,8,1,1,0","taladamun,body,0,-340,-10,0,7,1,1,0","taladamun,arm_up,-118,-378,-33,0,6,1,1,0","taladamun,arm_low,-113,-352,98,0,4,1,1,0","taladamun,fist,-35,-363,110,0,5,1,1,0","taladamun,arm_up,103,-368,34,1,13,1,1,0","taladamun,arm_low,166,-357,140,0,6,1,1,0","taladamun,fist,212,-406,160,0,7,1,1,0","taladamun,leg_up,-54,-191,-17.2,0,11,1.1,1.1,0","taladamun,leg_low,-93,-91,-27,0,10,1,1,0","taladamun,foot,-107,-24,-5.6,0,13,0.9,0.9,0","taladamun,leg_up,67,-183,53.7,0,15,1,1,0","taladamun,leg_low,93,-94,3.5,0,13,1,1,0","taladamun,foot,113,-26,-1.5,0,15,0.9,0.9,0","taladamun,base,-35,-406,15,0,6,1,1,0",,"taladamun,tophat2,51,-570,-10,0,3,1.1,1.1,0","taladamun,cape,-16,-152,1,0,13,1,1,0",,,,,,,,,,,,,,,,,,,,,,,,,,,,,,,,,,,,,,,,,,,,,,,,,,,,,,,,,,,,,,,,,,,,,,,,,,,,,,,,,,,,,,,,,,"smoke_pop,base,1126,-32,0,0,0,1,1,1",,,,,,,,,,
Skill3/20,"taladamun,head,17,-505,-5,0,4,1,1,0","taladamun,neck,11,-467,-4,0,8,1,1,0","taladamun,body,-1,-343,-4,0,7,1,1,0","taladamun,arm_up,-117,-368,-29,0,7,1,1,0","taladamun,arm_low,-107,-339,81,0,5,1,1,0","taladamun,fist,-35,-347,133,0,6,1,1,0","taladamun,arm_up,89,-362,8,1,13,1,1,0","taladamun,arm_low,157,-331,112,0,6,1,1,0","taladamun,fist,221,-360,119,1,7,1,1,0","taladamun,leg_up,-54,-191,-17.2,0,11,1.1,1.1,0","taladamun,leg_low,-93,-91,-27,0,10,1,1,0","taladamun,foot,-107,-24,-5.6,0,13,0.9,0.9,0","taladamun,leg_up,67,-183,53.7,0,15,1,1,0","taladamun,leg_low,93,-94,3.5,0,13,1,1,0","taladamun,foot,113,-26,-1.5,0,15,0.9,0.9,0","taladamun,base,-34,-392,22,0,7,1,1,0",,"taladamun,tophat2,33,-577,-8,0,3,1.1,1.1,0","taladamun,cape,-14,-153,7,0,13,1,1,0",,,,,,,,,,,,,,,,,,,,,,,,,,,,,,,,,,,,,,,,,,,,,,,,,,,,,,,,,,,,,,,,,,,,,,,,,,,,,,,,,,,,,,,,,,,,,,,,,,,,
Walk/0,"taladamun,head,27,-501,-6,0,4,1,1,0","taladamun,neck,21,-463,-4,0,8,1,1,0","taladamun,body,-1,-343,-7,0,7,1,1,0","taladamun,arm_up,-48,-368,54,0,3,1,1,0","taladamun,arm_low,19,-317,109,0,1,1,1,0","taladamun,fist,82,-358,157,0,2,1,1,0","taladamun,arm_up,70,-368,-13,1,13,1,1,0","taladamun,arm_low,78,-293,72,0,11,1,1,0","taladamun,fist,147,-272,79,1,12,1,1,0","taladamun,leg_up,-54,-191,-17.2,0,11,1.1,1.1,0","taladamun,leg_low,-94,-99,-40,0,10,1,1,0","taladamun,foot,-126,-36,-18.6,0,13,0.9,0.9,0","taladamun,leg_up,79,-177,53.7,0,15,1,1,0","taladamun,leg_low,115,-90,4.5,0,13,1,1,0","taladamun,foot,137,-22,-1.5,0,15,0.9,0.9,0","taladamun,base,61,-395,46,0,3,1,1,0",,"taladamun,tophat2,44,-568,-15,0,3,1.1,1.1,0","taladamun,cape,-20,-153,-11,0,13,1,1,0",,,,,,,,,,,,,,,,,,,,,,,,,,,,,,,,,,,,,,,,,,,,,,,,,,,,,,,,,,,,,,,,,,,,,,,,,,,,,,,,,,,,,,,,,,,,,,,,,,,,
Walk/1,"taladamun,head,11,-506,1,0,4,1,1,0","taladamun,neck,12,-463,-4,0,8,1,1,0","taladamun,body,-4,-348,-3,0,7,1,1,0","taladamun,arm_up,-81,-358,14,0,7,1,1,0","taladamun,arm_low,-53,-308,89,0,5,1,1,0","taladamun,fist,20,-324,137,0,6,1,1,0","taladamun,arm_up,61,-370,-13,1,13,1,1,0","taladamun,arm_low,107,-308,72,0,11,1,1,0","taladamun,fist,176,-287,79,1,12,1,1,0","taladamun,leg_up,-33,-191,12.8,0,11,1.1,1.1,0","taladamun,leg_low,-30,-121,-30,0,10,1,1,0","taladamun,foot,-50,-54,-28.6,0,13,0.9,0.9,0","taladamun,leg_up,38,-177,33.7,0,15,1,1,0","taladamun,leg_low,45,-90,-5.5,0,13,1,1,0","taladamun,foot,57,-22,-1.5,0,15,0.9,0.9,0","taladamun,base,13,-366,26,0,7,1,1,0",,"taladamun,tophat2,13,-574,-5,0,3,1.1,1.1,0","taladamun,cape,-37,-156,-18,0,13,1,1,0",,,,,,,,,,,,,,,,,,,,,,,,,,,,,,,,,,,,,,,,,,,,,,,,,,,,,,,,,,,,,,,,,,,,,,,,,,,,,,,,,,,,,,,,,,,,,,,,,,,,
Walk/2,"taladamun,head,12,-503,-4,0,4,1,1,0","taladamun,neck,12,-463,-4,0,8,1,1,0","taladamun,body,-4,-348,-5,0,7,1,1,0","taladamun,arm_up,-92,-374,-6,0,7,1,1,0","taladamun,arm_low,-82,-317,69,0,5,1,1,0","taladamun,fist,-8,-307,117,0,6,1,1,0","taladamun,arm_up,73,-375,1,1,13,1,1,0","taladamun,arm_low,131,-326,86,0,11,1,1,0","taladamun,fist,204,-322,93,1,12,1,1,0","taladamun,leg_up,2,-185,42.8,0,11,1.1,1.1,0","taladamun,leg_low,39,-126,0,0,10,1,1,0","taladamun,foot,55,-58,1.4,0,13,0.9,0.9,0","taladamun,leg_up,28,-177,33.7,0,15,1,1,0","taladamun,leg_low,21,-91,-15.5,0,13,1,1,0","taladamun,foot,21,-21,-11.5,0,15,0.9,0.9,0","taladamun,base,0,-350,6,0,7,1,1,0",,"taladamun,tophat2,26,-571,-8,0,3,1.1,1.1,0","taladamun,cape,-41,-156,-20,0,13,1,1,0",,,,,,,,,,,,,,,,,,,,,,,,,,,,,,,,,,,,,,,,,,,,,,,,,,,,,,,,,,,,,,,,,,,,,,,,,,,,,,,,,,,,,,,,,,,,,,,,,,,,
Walk/3,"taladamun,head,22,-499,-10,0,4,1,1,0","taladamun,neck,22,-459,-4,0,8,1,1,0","taladamun,body,-2,-345,-9,0,7,1,1,0","taladamun,arm_up,-95,-384,-26,0,7,1,1,0","taladamun,arm_low,-108,-320,29,0,5,1,1,0","taladamun,fist,-58,-265,77,0,6,1,1,0","taladamun,arm_up,94,-375,1,1,13,1,1,0","taladamun,arm_low,154,-344,106,0,11,1,1,0","taladamun,fist,225,-364,113,1,12,1,1,0","taladamun,leg_up,23,-185,52.8,0,11,1.1,1.1,0","taladamun,leg_low,58,-121,20,0,10,1,1,0","taladamun,foot,96,-63,21.4,0,13,0.9,0.9,0","taladamun,leg_up,8,-177,-6.3,0,15,1,1,0","taladamun,leg_low,-57,-88,-35.5,0,13,1,1,0","taladamun,foot,-81,-24,-31.5,0,15,0.9,0.9,0","taladamun,base,-23,-294,-34,0,7,1,1,0",,"taladamun,tophat2,44,-565,-12,0,3,1.1,1.1,0","taladamun,cape,-51,-156,-22,0,13,1,1,0",,,,,,,,,,,,,,,,,,,,,,,,,,,,,,,,,,,,,,,,,,,,,,,,,,,,,,,,,,,,,,,,,,,,,,,,,,,,,,,,,,,,,,,,,,,,,,,,,,,,
Walk/4,"taladamun,head,36,-486,-12,0,4,1,1,0","taladamun,neck,22,-459,-4,0,8,1,1,0","taladamun,body,-2,-341,-14,0,7,1,1,0","taladamun,arm_up,-96,-393,-46,0,7,1,1,0","taladamun,arm_low,-130,-337,9,0,5,1,1,0","taladamun,fist,-102,-269,57,0,6,1,1,0","taladamun,arm_up,95,-352,-9,1,13,1,1,0","taladamun,arm_low,142,-303,90,0,11,1,1,0","taladamun,fist,212,-306,97,1,12,1,1,0","taladamun,leg_up,23,-185,52.8,0,11,1.1,1.1,0","taladamun,leg_low,63,-94,10,0,10,1,1,0","taladamun,foot,91,-30,11.4,0,13,0.9,0.9,0","taladamun,leg_up,8,-177,-6.3,0,15,1,1,0","taladamun,leg_low,-82,-95,-45.5,0,13,1,1,0","taladamun,foot,-116,-37,-41.5,0,15,0.9,0.9,0","taladamun,base,-59,-284,-54,0,7,1,1,0",,"taladamun,tophat2,62,-552,-14,0,3,1.1,1.1,0","taladamun,cape,-57,-156,-25,0,13,1,1,0",,,,,,,,,,,,,,,,,,,,,,,,,,,,,,,,,,,,,,,,,,,,,,,,,,,,,,,,,,,,,,,,,,,,,,,,,,,,,,,,,,,,,,,,,,,,,,,,,,,,
Walk/5,"taladamun,head,19,-494,-5,0,4,1,1,0","taladamun,neck,22,-459,-4,0,8,1,1,0","taladamun,body,-6,-343,-10,0,7,1,1,0","taladamun,arm_up,-87,-380,-26,0,7,1,1,0","taladamun,arm_low,-100,-316,29,0,5,1,1,0","taladamun,fist,-50,-262,77,0,6,1,1,0","taladamun,arm_up,75,-356,-19,1,13,1,1,0","taladamun,arm_low,134,-286,70,0,11,1,1,0","taladamun,fist,202,-265,77,1,12,1,1,0","taladamun,leg_up,16,-176,44.8,0,11,1.1,1.1,0","taladamun,leg_low,34,-91,-4,0,10,1,1,0","taladamun,foot,50,-21,-2.6,0,13,0.9,0.9,0","taladamun,leg_up,8,-177,-6.3,0,15,1,1,0","taladamun,leg_low,-73,-138,-65.5,0,13,1,1,0","taladamun,foot,-125,-94,-61.5,0,15,0.9,0.9,0","taladamun,base,-15,-291,-34,0,7,1,1,0",,"taladamun,tophat2,39,-564,-7,0,3,1.1,1.1,0","taladamun,cape,-53,-152,-13,0,13,1,1,0",,,,,,,,,,,,,,,,,,,,,,,,,,,,,,,,,,,,,,,,,,,,,,,,,,,,,,,,,,,,,,,,,,,,,,,,,,,,,,,,,,,,,,,,,,,,,,,,,,,,
Walk/6,"taladamun,head,9,-494,-1,0,4,1,1,0","taladamun,neck,22,-459,-4,0,8,1,1,0","taladamun,body,-12,-343,-7,0,7,1,1,0","taladamun,arm_up,-96,-367,-6,0,7,1,1,0","taladamun,arm_low,-86,-302,49,0,5,1,1,0","taladamun,fist,-21,-267,97,0,6,1,1,0","taladamun,arm_up,36,-368,-49,1,13,1,1,0","taladamun,arm_low,67,-281,60,0,11,1,1,0","taladamun,fist,129,-249,67,1,12,1,1,0","taladamun,leg_up,-10,-178,34.8,0,11,1.1,1.1,0","taladamun,leg_low,-7,-91,-14,0,10,1,1,0","taladamun,foot,-4,-19,-12.6,0,13,0.9,0.9,0","taladamun,leg_up,-3,-213,63.7,0,15,1,1,0","taladamun,leg_low,16,-144,-15.5,0,13,1,1,0","taladamun,foot,13,-79,-11.5,0,15,0.9,0.9,0","taladamun,base,3,-308,-14,0,7,1,1,0",,"taladamun,tophat2,15,-566,-1,0,3,1.1,1.1,0","taladamun,cape,-44,-152,-6,0,13,1,1,0",,,,,,,,,,,,,,,,,,,,,,,,,,,,,,,,,,,,,,,,,,,,,,,,,,,,,,,,,,,,,,,,,,,,,,,,,,,,,,,,,,,,,,,,,,,,,,,,,,,,
Walk/7,"taladamun,head,16,-489,-4,0,4,1,1,0","taladamun,neck,22,-459,-4,0,8,1,1,0","taladamun,body,-12,-339,-10,0,7,1,1,0","taladamun,arm_up,-82,-349,12,0,2,1,1,0","taladamun,arm_low,-52,-290,67,0,0,1,1,0","taladamun,fist,20,-278,115,0,1,1,1,0","taladamun,arm_up,47,-357,-28,1,13,1,1,0","taladamun,arm_low,53,-279,61,0,11,1,1,0","taladamun,fist,117,-248,68,1,12,1,1,0","taladamun,leg_up,-56,-177,24.8,0,11,1.1,1.1,0","taladamun,leg_low,-68,-91,-24,0,10,1,1,0","taladamun,foot,-72,-20,-2.6,0,13,0.9,0.9,0","taladamun,leg_up,30,-202,63.7,0,15,1,1,0","taladamun,leg_low,48,-134,-15.5,0,13,1,1,0","taladamun,foot,45,-69,-11.5,0,15,0.9,0.9,0","taladamun,base,30,-323,4,0,2,1,1,0",,"taladamun,tophat2,28,-558,-6,0,3,1.1,1.1,0","taladamun,cape,-44,-152,-9,0,13,1,1,0",,,,,,,,,,,,,,,,,,,,,,,,,,,,,,,,,,,,,,,,,,,,,,,,,,,,,,,,,,,,,,,,,,,,,,,,,,,,,,,,,,,,,,,,,,,,,,,,,,,,
Walk/8,"taladamun,head,32,-490,-4,0,4,1,1,0","taladamun,neck,28,-459,-4,0,8,1,1,0","taladamun,body,-3,-335,-13,0,7,1,1,0","taladamun,arm_up,-55,-356,26,0,3,1,1,0","taladamun,arm_low,-12,-308,81,0,1,1,1,0","taladamun,fist,65,-314,129,0,2,1,1,0","taladamun,arm_up,63,-357,-28,1,13,1,1,0","taladamun,arm_low,62,-284,51,0,11,1,1,0","taladamun,fist,120,-243,58,1,12,1,1,0","taladamun,leg_up,-56,-174,14.8,0,11,1.1,1.1,0","taladamun,leg_low,-83,-90,-44,0,10,1,1,0","taladamun,foot,-112,-25,-22.6,0,13,0.9,0.9,0","taladamun,leg_up,49,-186,53.7,0,15,1,1,0","taladamun,leg_low,87,-116,14.5,0,13,1,1,0","taladamun,foot,119,-53,17.5,0,15,0.9,0.9,0","taladamun,base,63,-359,18,0,3,1,1,0",,"taladamun,tophat2,39,-558,-9,0,3,1.1,1.1,0","taladamun,cape,-38,-150,-13,0,13,1,1,0",,,,,,,,,,,,,,,,,,,,,,,,,,,,,,,,,,,,,,,,,,,,,,,,,,,,,,,,,,,,,,,,,,,,,,,,,,,,,,,,,,,,,,,,,,,,,,,,,,,,
Spirit/0,"taladamun,head,-55,-533,5,0,4,1,1,0","taladamun,neck,-46,-494,16,0,8,1,1,0","taladamun,body,-16,-374,16,0,7,1,1,0","taladamun,arm_up,-123,-358,11,0,7,1,1,0","taladamun,arm_low,-182,-308,-93,0,5,1,1,0","taladamun,fist,-234,-318,-63,0,6,1,1,0","taladamun,arm_up,63,-443,58,1,13,1,1,0","taladamun,arm_low,167,-419,89,0,6,1,1,0","taladamun,fist,238,-412,59,1,7,1,1,0","taladamun,leg_up,-13,-213,2.8,0,11,1.1,1.1,0","taladamun,leg_low,-15,-106,-7,0,10,1,1,0","taladamun,foot,-16,-28,-45.6,0,13,0.9,0.9,0","taladamun,leg_up,80,-253,63.7,0,15,1,1,0","taladamun,leg_low,116,-170,3.5,0,13,1,1,0","taladamun,foot,126,-102,-31.5,0,15,0.9,0.9,0",,,"taladamun,tophat2,-44,-596,-8,0,3,1.1,1.1,0","taladamun,cape,-7,-184,-23,0,13,1,1,0",,,,,,,,,,,,,,,,,,,,,,,,,,,,,,,,,,,,,,,,,,,,,,,,,,,,,,,,,,,,,,,,,,,,,,,,,,,,,,,,,,,,,,,,,,,,,,,,,,"hold,effect_brightness_10,effect_fade_10",,
EVENT_Join/0,"taladamun,head,18,-505,-6,0,4,1,1,0","taladamun,neck,11,-467,-4,0,8,1,1,0","taladamun,body,-1,-343,-4,0,7,1,1,0","taladamun,arm_up,-117,-369,-36,0,7,1,1,0","taladamun,arm_low,-116,-340,79,0,5,1,1,0","taladamun,point,-42,-363,147,0,6,1,1,0","taladamun,arm_up,98,-360,7,1,13,1,1,0","taladamun,arm_low,84,-294,-78,0,6,1,1,0","taladamun,fist,4,-286,-91,1,7,1,1,0","taladamun,leg_up,-54,-191,-17.2,0,11,1.1,1.1,0","taladamun,leg_low,-93,-91,-27,0,10,1,1,0","taladamun,foot,-108,-20,-12.6,0,13,0.9,0.9,0","taladamun,leg_up,67,-183,53.7,0,15,1,1,0","taladamun,leg_low,93,-94,3.5,0,13,1,1,0","taladamun,foot,113,-26,-1.5,0,15,0.9,0.9,0","taladamun,base,-44,-388,20,0,7,1,1,0",,"taladamun,tophat2,35,-576,-11,0,3,1.1,1.1,0","taladamun,cape,-24,-153,-2,0,13,1,1,0",,,,,,,,,,,,,,,,,,,,,,,,,,,,,,,,,,,,,,,,,,,,,,,,,,,,,,,,,,,,,,,,,,,,,,,,,,,,,,,,,,,,,,,,,,"movement,crush,-101,-533,22,0,0,0.6,0.6,0","taladamun_bird,base,-126,-606,-65,1,0,1,1,0","movement,lines,-96,-530,20,0,0,0.5,0.5,0",,,,,,play_time_mod_2,,
Attack3/0,"taladamun,head,17,-505,-5,0,4,1,1,0","taladamun,neck,11,-467,-4,0,8,1,1,0","taladamun,body,-1,-343,-4,0,7,1,1,0","taladamun,arm_up,-117,-368,-29,0,7,1,1,0","taladamun,arm_low,-107,-339,81,0,5,1,1,0","taladamun,fist,-35,-347,133,0,6,1,1,0","taladamun,arm_up,89,-362,8,1,13,1,1,0","taladamun,arm_low,157,-331,112,0,6,1,1,0","taladamun,fist,221,-360,119,1,7,1,1,0","taladamun,leg_up,-54,-191,-17.2,0,11,1.1,1.1,0","taladamun,leg_low,-93,-91,-27,0,10,1,1,0","taladamun,foot,-107,-24,-5.6,0,13,0.9,0.9,0","taladamun,leg_up,67,-183,53.7,0,15,1,1,0","taladamun,leg_low,93,-94,3.5,0,13,1,1,0","taladamun,foot,113,-26,-1.5,0,15,0.9,0.9,0","taladamun,base,-34,-392,22,0,7,1,1,0",,"taladamun,tophat2,33,-577,-8,0,3,1.1,1.1,0","taladamun,cape,-14,-153,7,0,13,1,1,0",,,,,,,,,,,,,,,,,,,,,,,,,,,,,,,,,,,,,,,,,,,,,,,,,,,,,,,,,,,,,,,,,,,,,,,,,,,,,,,,,,,,,,,,,,,,,,,,,,play_time_mod_0.5,,
Attack3/1,"taladamun,head,25,-505,-12,0,4,1,1,0","taladamun,neck,11,-467,-4,0,8,1,1,0","taladamun,body,-1,-343,-6,0,7,1,1,0","taladamun,arm_up,-117,-371,-31,0,7,1,1,0","taladamun,arm_low,-107,-342,79,0,5,1,1,0","taladamun,fist,-35,-346,131,0,6,1,1,0","taladamun,arm_up,102,-388,38,1,13,1,1,0","taladamun,arm_low,177,-396,142,0,6,1,1,0","taladamun,open,218,-473,159,0,7,1,1,0","taladamun,leg_up,-54,-191,-17.2,0,11,1.1,1.1,0","taladamun,leg_low,-93,-91,-27,0,10,1,1,0","taladamun,foot,-107,-24,-5.6,0,13,0.9,0.9,0","taladamun,leg_up,67,-183,53.7,0,15,1,1,0","taladamun,leg_low,93,-94,3.5,0,13,1,1,0","taladamun,foot,113,-26,-1.5,0,15,0.9,0.9,0","taladamun,base,-34,-391,20,0,7,1,1,0",,"taladamun,tophat2,48,-573,-14,0,3,1.1,1.1,0","taladamun,cape,-16,-153,4,0,13,1,1,0",,,,,,,,,,,,,,,,,,,,,,,,,,,,,,,,,,,,,,,,,,,,,,,,,,,,,,,,,,,,,,,,,,,,,,,,,,,,,,,,,,,,,,,,,,,,,,,,,,,,
Attack3/2,"taladamun,head,27,-502,-16,0,4,1,1,0","taladamun,neck,11,-467,-4,0,8,1,1,0","taladamun,body,-1,-343,-6,0,7,1,1,0","taladamun,arm_up,-117,-371,-31,0,7,1,1,0","taladamun,arm_low,-107,-342,79,0,5,1,1,0","taladamun,fist,-35,-346,131,0,6,1,1,0","taladamun,arm_up,125,-398,88,1,13,1,1,0","taladamun,arm_low,167,-459,-170,0,6,1,1,0","taladamun,open,135,-540,-160,0,7,1,1,0","taladamun,leg_up,-54,-191,-17.2,0,11,1.1,1.1,0","taladamun,leg_low,-93,-91,-27,0,10,1,1,0","taladamun,foot,-107,-24,-5.6,0,13,0.9,0.9,0","taladamun,leg_up,67,-183,53.7,0,15,1,1,0","taladamun,leg_low,93,-94,3.5,0,13,1,1,0","taladamun,foot,113,-26,-1.5,0,15,0.9,0.9,0","taladamun,base,-34,-391,20,0,7,1,1,0",,"taladamun,tophat2,55,-572,-16,0,3,1.1,1.1,0","taladamun,cape,-16,-153,4,0,13,1,1,0",,,,,,,,,,,,,,,,,,,,,,,,,,,,,,,,,,,,,,,,,,,,,,,,,,,,,,,,,,,,,,,,,,,,,,,,,,,,,,,,,,,,,,,,,,,,,,,,,,,,
Attack3/3,"taladamun,head,27,-502,-17,0,4,1,1,0","taladamun,neck,11,-467,-4,0,8,1,1,0","taladamun,body,-1,-343,-6,0,7,1,1,0","taladamun,arm_up,-117,-371,-31,0,7,1,1,0","taladamun,arm_low,-107,-342,79,0,5,1,1,0","taladamun,fist,-35,-346,131,0,6,1,1,0","taladamun,arm_up,120,-415,108,1,13,1,1,0","taladamun,arm_low,138,-487,-150,0,6,1,1,0","taladamun,open,81,-542,-110,0,7,1,1,0","taladamun,leg_up,-54,-191,-17.2,0,11,1.1,1.1,0","taladamun,leg_low,-93,-91,-27,0,10,1,1,0","taladamun,foot,-107,-24,-5.6,0,13,0.9,0.9,0","taladamun,leg_up,67,-183,53.7,0,15,1,1,0","taladamun,leg_low,93,-94,3.5,0,13,1,1,0","taladamun,foot,113,-26,-1.5,0,15,0.9,0.9,0","taladamun,base,-34,-391,20,0,7,1,1,0",,"taladamun,tophat2,55,-573,-22,0,3,1.1,1.1,0","taladamun,cape,-16,-153,4,0,13,1,1,0",,,,,,,,,,,,,,,,,,,,,,,,,,,,,,,,,,,,,,,,,,,,,,,,,,,,,,,,,,,,,,,,,,,,,,,,,,,,,,,,,,,,,,,,,,,,,,,,,,,,
Attack3/4,"taladamun,head,24,-507,-7,0,4,1,1,0","taladamun,neck,14,-459,-3,0,8,1,1,0","taladamun,body,-1,-343,-6,0,7,1,1,0","taladamun,arm_up,-117,-371,-31,0,7,1,1,0","taladamun,arm_low,-107,-343,75,0,5,1,1,0","taladamun,fist,-35,-339,127,0,6,1,1,0","taladamun,arm_up,102,-393,68,1,13,1,1,0","taladamun,arm_low,162,-436,180,0,6,1,1,0","taladamun,open,155,-514,-150,0,7,1,1,0","taladamun,leg_up,-54,-191,-17.2,0,11,1.1,1.1,0","taladamun,leg_low,-93,-91,-27,0,10,1,1,0","taladamun,foot,-107,-24,-5.6,0,13,0.9,0.9,0","taladamun,leg_up,67,-183,53.7,0,15,1,1,0","taladamun,leg_low,93,-94,3.5,0,13,1,1,0","taladamun,foot,113,-26,-1.5,0,15,0.9,0.9,0","taladamun,base,-34,-384,16,0,7,1,1,0",,"taladamun,tophat2,154,-556,-62,0,3,1.1,1.1,0","taladamun,cape,-16,-153,4,0,13,1,1,0",,,,,,,,,,,,,,,,,,,,,,,,,,,,,,,,,,,,,,,,,,,,,,,,,,,,,,,,,,,,,,,,,,,,,,,,,,,,,,,,,,,,,,,,,,,,,,,,,,play_time_mod_0.5,,
Attack3/5,"taladamun,head,18,-509,3,0,4,1,1,0","taladamun,neck,10,-462,-3,0,8,1,1,0","taladamun,body,-2,-343,-4,0,7,1,1,0","taladamun,arm_up,-117,-365,-28,0,7,1,1,0","taladamun,arm_low,-107,-337,78,0,5,1,1,0","taladamun,fist,-35,-339,130,0,6,1,1,0","taladamun,arm_up,105,-369,28,1,13,1,1,0","taladamun,arm_low,179,-363,140,0,6,1,1,0","taladamun,open,224,-428,180,0,7,1,1,0","taladamun,leg_up,-54,-191,-17.2,0,11,1.1,1.1,0","taladamun,leg_low,-93,-91,-27,0,10,1,1,0","taladamun,foot,-107,-24,-5.6,0,13,0.9,0.9,0","taladamun,leg_up,67,-183,53.7,0,15,1,1,0","taladamun,leg_low,93,-94,3.5,0,13,1,1,0","taladamun,foot,113,-26,-1.5,0,15,0.9,0.9,0","taladamun,base,-34,-384,19,0,7,1,1,0",,"taladamun,tophat2,251,-461,-102,0,3,1.1,1.1,0","taladamun,cape,-16,-153,4,0,13,1,1,0",,,,,,,,,,,,,,,,,,,,,,,,,,,,,,,,,,,,,,,,,,,,,,,,,,,,,,,,,,,,,,,,,,,,,,,,,,,,,,,,,,,,,,,,,,,,,,,,,,play_time_mod_0.7,,
Attack3/6,"taladamun,head,-7,-519,23,0,4,1,1,0","taladamun,neck,4,-462,7,0,8,1,1,0","taladamun,body,-4,-343,1,0,7,1,1,0","taladamun,arm_up,-127,-360,-26,0,7,1,1,0","taladamun,arm_low,-117,-332,80,0,5,1,1,0","taladamun,fist,-45,-338,132,0,6,1,1,0","taladamun,arm_up,86,-366,8,1,13,1,1,0","taladamun,arm_low,153,-336,120,0,6,1,1,0","taladamun,open,218,-382,160,0,7,1,1,0","taladamun,leg_up,-54,-191,-17.2,0,11,1.1,1.1,0","taladamun,leg_low,-93,-91,-27,0,10,1,1,0","taladamun,foot,-107,-24,-5.6,0,13,0.9,0.9,0","taladamun,leg_up,67,-183,53.7,0,15,1,1,0","taladamun,leg_low,93,-94,3.5,0,13,1,1,0","taladamun,foot,113,-26,-1.5,0,15,0.9,0.9,0","taladamun,base,-44,-383,21,0,7,1,1,0",,"taladamun,tophat2,254,-404,-122,0,3,1.1,1.1,0","taladamun,cape,-13,-152,5,0,13,1,1,0",,,,,,,,,,,,,,,,,,,,,,,,,,,,,,,,,,,,,,,,,,,,,,,,,,,,,,,,,,,,,,,,,,,,,,,,,,,,,,,,,,,,,,,,,,,,,,,,,,,,
Attack3/7,"taladamun,head,-27,-519,33,0,4,1,1,0","taladamun,neck,-10,-464,10,0,8,1,1,0","taladamun,body,-7,-343,3,0,7,1,1,0","taladamun,arm_up,-127,-358,-23,0,7,1,1,0","taladamun,arm_low,-117,-330,83,0,5,1,1,0","taladamun,fist,-45,-342,135,0,6,1,1,0","taladamun,arm_up,68,-374,-12,1,13,1,1,0","taladamun,arm_low,118,-313,80,0,6,1,1,0","taladamun,open,198,-306,120,0,7,1,1,0","taladamun,leg_up,-54,-191,-17.2,0,11,1.1,1.1,0","taladamun,leg_low,-93,-91,-27,0,10,1,1,0","taladamun,foot,-107,-24,-5.6,0,13,0.9,0.9,0","taladamun,leg_up,67,-183,53.7,0,15,1,1,0","taladamun,leg_low,93,-94,3.5,0,13,1,1,0","taladamun,foot,113,-26,-1.5,0,15,0.9,0.9,0","taladamun,base,-44,-387,24,0,7,1,1,0",,"taladamun,tophat2,241,-299,-162,0,3,1.1,1.1,0","taladamun,cape,-13,-152,5,0,13,1,1,0",,,,,,,,,,,,,,,,,,,,,,,,,,,,,,,,,,,,,,,,,,,,,,,,,,,,,,,,,,,,,,,,,,,,,,,,,,,,,,,,,,,,,,,,,,,,,,,,,,,,
Attack3/8,"taladamun,head,164,-442,-67,0,4,1,1,0","taladamun,neck,90,-434,-30,0,8,1,1,0","taladamun,body,24,-333,-27,0,7,1,1,0","taladamun,arm_up,-66,-395,-33,0,7,1,1,0","taladamun,arm_low,-61,-366,73,0,5,1,1,0","taladamun,fist,12,-365,125,0,6,1,1,0","taladamun,arm_up,116,-338,-22,1,13,1,1,0","taladamun,arm_low,154,-270,70,0,6,1,1,0","taladamun,open,232,-249,110,0,7,1,1,0","taladamun,leg_up,-54,-191,-17.2,0,11,1.1,1.1,0","taladamun,leg_low,-93,-91,-27,0,10,1,1,0","taladamun,foot,-107,-24,-5.6,0,13,0.9,0.9,0","taladamun,leg_up,67,-183,53.7,0,15,1,1,0","taladamun,leg_low,93,-94,3.5,0,13,1,1,0","taladamun,foot,113,-26,-1.5,0,15,0.9,0.9,0","taladamun,base,20,-409,14,0,7,1,1,0",,"taladamun,tophat2,273,-235,-172,0,3,1.1,1.1,0","taladamun,cape,-13,-152,5,0,13,1,1,0",,,,,,,,,,,,,,,,,,,,,,,,,,,,,,,,,,,,,,,,,,,,,,,,,,,,,,,,,,,,,,,,,,,,,,,,,,,,,,,,,,,,,,,,,,,,,,,,,,sprite_deal_damage,,"stone,1000,0"
Attack3/9,"taladamun,head,305,-402,-97,0,4,1,1,0","taladamun,neck,92,-427,-31,0,8,1,1,0","taladamun,body,24,-333,-30,0,7,1,1,0","taladamun,arm_up,-66,-395,-33,0,7,1,1,0","taladamun,arm_low,-61,-366,73,0,5,1,1,0","taladamun,fist,12,-365,125,0,6,1,1,0","taladamun,arm_up,96,-318,-22,1,13,1,1,0","taladamun,arm_low,134,-250,70,0,6,1,1,0","taladamun,open,212,-229,110,0,7,1,1,0","taladamun,leg_up,-54,-191,-17.2,0,11,1.1,1.1,0","taladamun,leg_low,-93,-91,-27,0,10,1,1,0","taladamun,foot,-107,-24,-5.6,0,13,0.9,0.9,0","taladamun,leg_up,67,-183,53.7,0,15,1,1,0","taladamun,leg_low,93,-94,3.5,0,13,1,1,0","taladamun,foot,113,-26,-1.5,0,15,0.9,0.9,0","taladamun,base,20,-409,14,0,7,1,1,0",,"taladamun,tophat2,253,-215,-180,0,3,1.1,1.1,0","taladamun,cape,-13,-152,5,0,13,1,1,0",,,,,,,,,,,,,,,,,,,,,,,,,,,,,,,,,,,,,,,,,,,,,,,,,,,,,,,,,,,,,,,,,,,,,,,,,,,,,,,,,,,,,,,,,,,,,,,,,,"sprite_deal_damage,play_time_mod_0.3",,
Attack3/10,"taladamun,head,475,-382,-97,0,4,1,1,0","taladamun,neck,94,-421,-34,0,8,1,1,0","taladamun,body,24,-331,-31,0,7,1,1,0","taladamun,arm_up,-65,-395,-34,0,7,1,1,0","taladamun,arm_low,-60,-366,72,0,5,1,1,0","taladamun,fist,13,-363,124,0,6,1,1,0","taladamun,arm_up,96,-315,-23,1,13,1,1,0","taladamun,arm_low,133,-246,69,0,6,1,1,0","taladamun,open,210,-224,109,0,7,1,1,0","taladamun,leg_up,-54,-191,-17.2,0,11,1.1,1.1,0","taladamun,leg_low,-93,-91,-27,0,10,1,1,0","taladamun,foot,-107,-24,-5.6,0,13,0.9,0.9,0","taladamun,leg_up,67,-183,53.7,0,15,1,1,0","taladamun,leg_low,93,-94,3.5,0,13,1,1,0","taladamun,foot,113,-26,-1.5,0,15,0.9,0.9,0","taladamun,base,22,-407,13,0,7,1,1,0",,"taladamun,tophat2,251,-209,180,0,3,1.1,1.1,0","taladamun,cape,-13,-152,5,0,13,1,1,0",,,,,,,,,,,,,,,,,,,,,,,,,,,,,,,,,,,,,,,,,,,,,,,,,,,,,,,,,,,,,,,,,,,,,,,,,,,,,,,,,,,,,,,,,,,,,,,,,,"sprite_deal_damage,play_time_mod_0.3",,
Attack3/11,"taladamun,head,675,-352,-97,0,4,1,1,0","taladamun,neck,94,-421,-34,0,8,1,1,0","taladamun,body,24,-331,-31,0,7,1,1,0","taladamun,arm_up,-65,-395,-34,0,7,1,1,0","taladamun,arm_low,-60,-366,72,0,5,1,1,0","taladamun,fist,13,-363,124,0,6,1,1,0","taladamun,arm_up,96,-315,-23,1,13,1,1,0","taladamun,arm_low,133,-246,69,0,6,1,1,0","taladamun,open,210,-224,109,0,7,1,1,0","taladamun,leg_up,-54,-191,-17.2,0,11,1.1,1.1,0","taladamun,leg_low,-93,-91,-27,0,10,1,1,0","taladamun,foot,-107,-24,-5.6,0,13,0.9,0.9,0","taladamun,leg_up,67,-183,53.7,0,15,1,1,0","taladamun,leg_low,93,-94,3.5,0,13,1,1,0","taladamun,foot,113,-26,-1.5,0,15,0.9,0.9,0","taladamun,base,22,-407,13,0,7,1,1,0",,"taladamun,tophat2,251,-209,180,0,3,1.1,1.1,0","taladamun,cape,-13,-152,5,0,13,1,1,0",,,,,,,,,,,,,,,,,,,,,,,,,,,,,,,,,,,,,,,,,,,,,,,,,,,,,,,,,,,,,,,,,,,,,,,,,,,,,,,,,,,,,,,,,,,,,,,,,,"sprite_deal_damage,play_time_mod_0.3",,
Attack3/12,"taladamun,head,845,-332,-107,0,4,1,1,0","taladamun,neck,105,-411,-44,0,8,1,1,0","taladamun,body,28,-329,-37,0,7,1,1,0","taladamun,arm_up,-55,-400,-37,0,7,1,1,0","taladamun,arm_low,-50,-371,69,0,5,1,1,0","taladamun,fist,23,-362,121,0,6,1,1,0","taladamun,arm_up,116,-308,-33,1,13,1,1,0","taladamun,arm_low,141,-233,59,0,6,1,1,0","taladamun,open,213,-198,99,0,7,1,1,0","taladamun,leg_up,-54,-191,-17.2,0,11,1.1,1.1,0","taladamun,leg_low,-93,-91,-27,0,10,1,1,0","taladamun,foot,-107,-24,-5.6,0,13,0.9,0.9,0","taladamun,leg_up,67,-183,53.7,0,15,1,1,0","taladamun,leg_low,93,-94,3.5,0,13,1,1,0","taladamun,foot,113,-26,-1.5,0,15,0.9,0.9,0","taladamun,base,32,-406,10,0,7,1,1,0",,"taladamun,tophat2,251,-176,170,0,3,1.1,1.1,0","taladamun,cape,-13,-152,5,0,13,1,1,0",,,,,,,,,,,,,,,,,,,,,,,,,,,,,,,,,,,,,,,,,,,,,,,,,,,,,,,,,,,,,,,,,,,,,,,,,,,,,,,,,,,,,,,,,,,,,,,,,,"sprite_deal_damage,play_time_mod_0.5",,
Attack3/13,"taladamun,head,995,-322,-107,0,4,1,1,0","taladamun,neck,112,-406,-46,0,8,1,1,0","taladamun,body,33,-326,-39,0,7,1,1,0","taladamun,arm_up,-48,-405,-39,0,7,1,1,0","taladamun,arm_low,-43,-376,67,0,5,1,1,0","taladamun,fist,28,-363,119,0,6,1,1,0","taladamun,arm_up,119,-307,-35,1,13,1,1,0","taladamun,arm_low,142,-230,57,0,6,1,1,0","taladamun,open,213,-193,97,0,7,1,1,0","taladamun,leg_up,-54,-191,-17.2,0,11,1.1,1.1,0","taladamun,leg_low,-93,-91,-27,0,10,1,1,0","taladamun,foot,-107,-24,-5.6,0,13,0.9,0.9,0","taladamun,leg_up,67,-183,53.7,0,15,1,1,0","taladamun,leg_low,93,-94,3.5,0,13,1,1,0","taladamun,foot,113,-26,-1.5,0,15,0.9,0.9,0","taladamun,base,39,-407,8,0,7,1,1,0",,"taladamun,tophat2,250,-169,168,0,3,1.1,1.1,0","taladamun,cape,-14,-155,3,0,13,1,1,0",,,,,,,,,,,,,,,,,,,,,,,,,,,,,,,,,,,,,,,,,,,,,,,,,,,,,,,,,,,,,,,,,,,,,,,,,,,,,,,,,,,,,,,,,,,,,,,,,,"sprite_deal_damage,play_time_mod_0.5",,
Attack3/14,"taladamun,head,1055,-242,-147,0,4,1,1,0","taladamun,neck,112,-406,-46,0,8,1,1,0","taladamun,body,33,-326,-39,0,7,1,1,0","taladamun,arm_up,-48,-405,-39,0,7,1,1,0","taladamun,arm_low,-43,-376,67,0,5,1,1,0","taladamun,fist,28,-363,119,0,6,1,1,0","taladamun,arm_up,119,-307,-35,1,13,1,1,0","taladamun,arm_low,142,-230,57,0,6,1,1,0","taladamun,open,213,-193,97,0,7,1,1,0","taladamun,leg_up,-54,-191,-17.2,0,11,1.1,1.1,0","taladamun,leg_low,-93,-91,-27,0,10,1,1,0","taladamun,foot,-107,-24,-5.6,0,13,0.9,0.9,0","taladamun,leg_up,67,-183,53.7,0,15,1,1,0","taladamun,leg_low,93,-94,3.5,0,13,1,1,0","taladamun,foot,113,-26,-1.5,0,15,0.9,0.9,0","taladamun,base,39,-407,8,0,7,1,1,0",,"taladamun,tophat2,250,-169,168,0,3,1.1,1.1,0","taladamun,cape,-20,-155,0,0,13,1,1,0",,,,,,,,,,,,,,,,,,,,,,,,,,,,,,,,,,,,,,,,,,,,,,,,,,,,,,,,,,,,,,,,,,,,,,,,,,,,,,,,,,,,,,,,,,,,,,,,,,,,
Attack3/15,"taladamun,head,1116,-121,180,0,4,1,1,0","taladamun,neck,112,-406,-46,0,8,1,1,0","taladamun,body,33,-326,-39,0,7,1,1,0","taladamun,arm_up,-48,-405,-39,0,7,1,1,0","taladamun,arm_low,-43,-376,67,0,5,1,1,0","taladamun,fist,28,-363,119,0,6,1,1,0","taladamun,arm_up,119,-307,-35,1,13,1,1,0","taladamun,arm_low,142,-230,57,0,6,1,1,0","taladamun,open,213,-193,97,0,7,1,1,0","taladamun,leg_up,-54,-191,-17.2,0,11,1.1,1.1,0","taladamun,leg_low,-93,-91,-27,0,10,1,1,0","taladamun,foot,-107,-24,-5.6,0,13,0.9,0.9,0","taladamun,leg_up,67,-183,53.7,0,15,1,1,0","taladamun,leg_low,93,-94,3.5,0,13,1,1,0","taladamun,foot,113,-26,-1.5,0,15,0.9,0.9,0","taladamun,base,39,-407,8,0,7,1,1,0",,"taladamun,tophat2,250,-169,168,0,3,1.1,1.1,0","taladamun,cape,-20,-155,0,0,13,1,1,0",,,,,,,,,,,,,,,,,,,,,,,,,,,,,,,,,,,,,,,,,,,,,,,,,,,,,,,,,,,,,,,,,,,,,,,,,,,,,,,,,,,,,,,,,,,,,,,,,,play_time_mod_0.5,,
Attack3/16,"taladamun,head,1136,-31,180,0,4,1,1,0","taladamun,neck,112,-406,-46,0,8,1,1,0","taladamun,body,33,-326,-39,0,7,1,1,0","taladamun,arm_up,-48,-405,-39,0,7,1,1,0","taladamun,arm_low,-43,-376,67,0,5,1,1,0","taladamun,fist,28,-363,119,0,6,1,1,0","taladamun,arm_up,119,-307,-35,1,13,1,1,0","taladamun,arm_low,142,-230,57,0,6,1,1,0","taladamun,open,213,-193,97,0,7,1,1,0","taladamun,leg_up,-54,-191,-17.2,0,11,1.1,1.1,0","taladamun,leg_low,-93,-91,-27,0,10,1,1,0","taladamun,foot,-107,-24,-5.6,0,13,0.9,0.9,0","taladamun,leg_up,67,-183,53.7,0,15,1,1,0","taladamun,leg_low,93,-94,3.5,0,13,1,1,0","taladamun,foot,113,-26,-1.5,0,15,0.9,0.9,0","taladamun,base,39,-407,8,0,7,1,1,0",,"taladamun,tophat2,250,-169,168,0,3,1.1,1.1,0","taladamun,cape,-20,-155,0,0,13,1,1,0",,,,,,,,,,,,,,,,,,,,,,,,,,,,,,,,,,,,,,,,,,,,,,,,,,,,,,,,,,,,,,,,,,,,,,,,,,,,,,,,,,,,,,,,,,"smoke_pop,base,1126,-32,0,0,0,1,1,1",,,,,,,,play_time_mod_0.5,,"smoke_puff,1000,0"
Attack3/17,"taladamun,head,258,-184,150,0,4,1,1,0","taladamun,neck,105,-411,-44,0,8,1,1,0","taladamun,body,28,-329,-37,0,7,1,1,0","taladamun,arm_up,-55,-400,-37,0,7,1,1,0","taladamun,arm_low,-50,-371,69,0,5,1,1,0","taladamun,fist,23,-362,121,0,6,1,1,0","taladamun,arm_up,116,-308,-33,1,13,1,1,0","taladamun,arm_low,141,-233,59,0,6,1,1,0","taladamun,open,213,-198,99,0,7,1,1,0","taladamun,leg_up,-54,-191,-17.2,0,11,1.1,1.1,0","taladamun,leg_low,-93,-91,-27,0,10,1,1,0","taladamun,foot,-107,-24,-5.6,0,13,0.9,0.9,0","taladamun,leg_up,67,-183,53.7,0,15,1,1,0","taladamun,leg_low,93,-94,3.5,0,13,1,1,0","taladamun,foot,113,-26,-1.5,0,15,0.9,0.9,0","taladamun,base,32,-406,10,0,7,1,1,0",,"taladamun,tophat2,251,-176,170,0,3,1.1,1.1,0","taladamun,cape,-19,-155,3,0,13,1,1,0",,,,,,,,,,,,,,,,,,,,,,,,,,,,,,,,,,,,,,,,,,,,,,,,,,,,,,,,,,,,,,,,,,,,,,,,,,,,,,,,,,,,,,,,,,,,,,,,,,,,
Attack3/18,"taladamun,head,262,-307,170,0,4,1,1,0","taladamun,neck,85,-441,-14,0,8,1,1,0","taladamun,body,18,-341,-27,0,7,1,1,0","taladamun,arm_up,-77,-385,-27,0,7,1,1,0","taladamun,arm_low,-67,-358,79,0,5,1,1,0","taladamun,fist,6,-361,131,0,6,1,1,0","taladamun,arm_up,107,-356,-23,1,13,1,1,0","taladamun,arm_low,145,-286,69,0,6,1,1,0","taladamun,open,222,-264,109,0,7,1,1,0","taladamun,leg_up,-54,-191,-17.2,0,11,1.1,1.1,0","taladamun,leg_low,-93,-91,-27,0,10,1,1,0","taladamun,foot,-107,-24,-5.6,0,13,0.9,0.9,0","taladamun,leg_up,67,-183,53.7,0,15,1,1,0","taladamun,leg_low,93,-94,3.5,0,13,1,1,0","taladamun,foot,113,-26,-1.5,0,15,0.9,0.9,0","taladamun,base,8,-406,20,0,7,1,1,0",,"taladamun,tophat2,255,-256,180,0,3,1.1,1.1,0","taladamun,cape,-13,-152,5,0,13,1,1,0",,,,,,,,,,,,,,,,,,,,,,,,,,,,,,,,,,,,,,,,,,,,,,,,,,,,,,,,,,,,,,,,,,,,,,,,,,,,,,,,,,,,,,,,,,,,,,,,,,,,
Attack3/19,"taladamun,head,222,-531,-158,0,4,1,1,0","taladamun,neck,75,-444,-4,0,8,1,1,0","taladamun,body,16,-341,-22,0,7,1,1,0","taladamun,arm_up,-77,-383,-19,0,7,1,1,0","taladamun,arm_low,-71,-345,69,0,5,1,1,0","taladamun,fist,2,-335,121,0,6,1,1,0","taladamun,arm_up,130,-345,-3,1,13,1,1,0","taladamun,arm_low,191,-305,119,0,6,1,1,0","taladamun,open,251,-345,159,0,7,1,1,0","taladamun,leg_up,-54,-191,-17.2,0,11,1.1,1.1,0","taladamun,leg_low,-93,-91,-27,0,10,1,1,0","taladamun,foot,-107,-24,-5.6,0,13,0.9,0.9,0","taladamun,leg_up,67,-183,53.7,0,15,1,1,0","taladamun,leg_low,93,-94,3.5,0,13,1,1,0","taladamun,foot,113,-26,-1.5,0,15,0.9,0.9,0","taladamun,base,12,-379,10,0,7,1,1,0",,"taladamun,tophat2,265,-462,-160,0,3,1.1,1.1,0","taladamun,cape,-13,-152,5,0,13,1,1,0",,,,,,,,,,,,,,,,,,,,,,,,,,,,,,,,,,,,,,,,,,,,,,,,,,,,,,,,,,,,,,,,,,,,,,,,,,,,,,,,,,,,,,,,,,,,,,,,,,,,
Attack3/20,"taladamun,head,102,-535,-98,0,4,1,1,0","taladamun,neck,42,-451,1,0,8,1,1,0","taladamun,body,6,-341,-12,0,7,1,1,0","taladamun,arm_up,-97,-383,-19,0,7,1,1,0","taladamun,arm_low,-91,-345,69,0,5,1,1,0","taladamun,fist,-18,-335,121,0,6,1,1,0","taladamun,arm_up,107,-354,7,1,13,1,1,0","taladamun,arm_low,170,-320,119,0,6,1,1,0","taladamun,fist,232,-360,159,0,7,1,1,0","taladamun,leg_up,-54,-191,-17.2,0,11,1.1,1.1,0","taladamun,leg_low,-93,-91,-27,0,10,1,1,0","taladamun,foot,-107,-24,-5.6,0,13,0.9,0.9,0","taladamun,leg_up,67,-183,53.7,0,15,1,1,0","taladamun,leg_low,93,-94,3.5,0,13,1,1,0","taladamun,foot,113,-26,-1.5,0,15,0.9,0.9,0","taladamun,base,-8,-379,10,0,7,1,1,0",,"taladamun,tophat2,185,-538,-100,0,3,1.1,1.1,0","taladamun,cape,-13,-152,5,0,13,1,1,0",,,,,,,,,,,,,,,,,,,,,,,,,,,,,,,,,,,,,,,,,,,,,,,,,,,,,,,,,,,,,,,,,,,,,,,,,,,,,,,,,,,,,,,,,,,,,,,,,,,,
Attack3/21,"taladamun,head,17,-505,-5,0,4,1,1,0","taladamun,neck,11,-467,-4,0,8,1,1,0","taladamun,body,-1,-343,-4,0,7,1,1,0","taladamun,arm_up,-117,-368,-29,0,7,1,1,0","taladamun,arm_low,-107,-339,81,0,5,1,1,0","taladamun,fist,-35,-347,133,0,6,1,1,0","taladamun,arm_up,89,-362,8,1,13,1,1,0","taladamun,arm_low,157,-331,112,0,6,1,1,0","taladamun,fist,221,-360,119,1,7,1,1,0","taladamun,leg_up,-54,-191,-17.2,0,11,1.1,1.1,0","taladamun,leg_low,-93,-91,-27,0,10,1,1,0","taladamun,foot,-107,-24,-5.6,0,13,0.9,0.9,0","taladamun,leg_up,67,-183,53.7,0,15,1,1,0","taladamun,leg_low,93,-94,3.5,0,13,1,1,0","taladamun,foot,113,-26,-1.5,0,15,0.9,0.9,0","taladamun,base,-34,-392,22,0,7,1,1,0",,"taladamun,tophat2,33,-577,-8,0,3,1.1,1.1,0","taladamun,cape,-14,-153,7,0,13,1,1,0",,,,,,,,,,,,,,,,,,,,,,,,,,,,,,,,,,,,,,,,,,,,,,,,,,,,,,,,,,,,,,,,,,,,,,,,,,,,,,,,,,,,,,,,,,,,,,,,,,,,
Skill1Ready/0,"taladamun,head,17,-505,-5,0,4,1,1,0","taladamun,neck,11,-467,-4,0,8,1,1,0","taladamun,body,-1,-343,-4,0,7,1,1,0","taladamun,arm_up,-117,-368,-29,0,7,1,1,0","taladamun,arm_low,-107,-339,81,0,5,1,1,0","taladamun,fist,-35,-347,133,0,6,1,1,0","taladamun,arm_up,89,-362,8,1,13,1,1,0","taladamun,arm_low,157,-331,112,0,6,1,1,0","taladamun,fist,221,-360,119,1,7,1,1,0","taladamun,leg_up,-54,-191,-17.2,0,11,1.1,1.1,0","taladamun,leg_low,-93,-91,-27,0,10,1,1,0","taladamun,foot,-107,-24,-5.6,0,13,0.9,0.9,0","taladamun,leg_up,67,-183,53.7,0,15,1,1,0","taladamun,leg_low,93,-94,3.5,0,13,1,1,0","taladamun,foot,113,-26,-1.5,0,15,0.9,0.9,0","taladamun,base,-34,-392,22,0,7,1,1,0",,"taladamun,tophat2,33,-577,-8,0,3,1.1,1.1,0","taladamun,cape,-14,-153,7,0,13,1,1,0",,,,,,,,,,,,,,,,,,,,,,,,,,,,,,,,,,,,,,,,,,,,,,,,,,,,,,,,,,,,,,,,,,,,,,,,,,,,,,,,,,,,,,,,,,,,,,,,,,play_time_mod_0.5,,
Skill1Ready/1,"taladamun,head,7,-505,5,0,4,1,1,0","taladamun,neck,11,-467,-4,0,8,1,1,0","taladamun,body,-3,-343,-2,0,7,1,1,0","taladamun,arm_up,-82,-355,1,0,7,1,1,0","taladamun,arm_low,-53,-321,101,0,5,1,1,0","taladamun,fist,13,-353,153,0,6,1,1,0","taladamun,arm_up,89,-362,8,1,13,1,1,0","taladamun,arm_low,154,-319,82,0,6,1,1,0","taladamun,fist,224,-312,89,1,7,1,1,0","taladamun,leg_up,-54,-191,-17.2,0,11,1.1,1.1,0","taladamun,leg_low,-93,-91,-27,0,10,1,1,0","taladamun,foot,-107,-24,-5.6,0,13,0.9,0.9,0","taladamun,leg_up,67,-183,53.7,0,15,1,1,0","taladamun,leg_low,93,-94,3.5,0,13,1,1,0","taladamun,foot,113,-26,-1.5,0,15,0.9,0.9,0","taladamun,base,3,-382,32,0,7,1,1,0",,"taladamun,tophat2,5,-577,2,0,3,1.1,1.1,0","taladamun,cape,-18,-153,1,0,13,1,1,0",,,,,,,,,,,,,,,,,,,,,,,,,,,,,,,,,,,,,,,,,,,,,,,,,,,,,,,,,,,,,,,,,,,,,,,,,,,,,,,,,,,,,,,,,,,,,,,,,,,,
Skill1Ready/2,"taladamun,head,3,-505,8,0,4,1,1,0","taladamun,neck,11,-467,-4,0,8,1,1,0","taladamun,body,-3,-343,-2,0,7,1,1,0","taladamun,arm_up,-42,-374,81,0,7,1,1,0","taladamun,arm_low,33,-367,141,0,5,1,1,0","taladamun,fist,73,-424,130,0,6,1,1,0","taladamun,arm_up,75,-353,-2,1,20,1,1,0","taladamun,arm_low,127,-291,52,0,13,1,1,0","taladamun,fist,185,-250,59,1,14,1,1,0","taladamun,leg_up,-54,-191,-17.2,0,11,1.1,1.1,0","taladamun,leg_low,-93,-91,-27,0,10,1,1,0","taladamun,foot,-107,-24,-5.6,0,13,0.9,0.9,0","taladamun,leg_up,67,-183,53.7,0,15,1,1,0","taladamun,leg_low,93,-94,3.5,0,13,1,1,0","taladamun,foot,113,-26,-1.5,0,15,0.9,0.9,0","taladamun,base,96,-480,-18,0,7,1,1,0",,"taladamun,tophat2,-6,-576,12,0,3,1.1,1.1,0","taladamun,cape,-20,-153,-4,0,13,1,1,0",,,,,,,,,,,,,,,,,,,,,,,,,,,,,,,,,,,,,,,,,,,,,,,,,,,,,,,,,,,,,,,,,,,,,,,,,,,,,,,,,,,,,,,,,,,,,,,,,,,,
Skill1Ready/3,"taladamun,head,2,-505,11,0,4,1,1,0","taladamun,neck,11,-467,-4,0,8,1,1,0","taladamun,body,-3,-343,-2,0,7,1,1,0","taladamun,arm_up,-42,-394,91,0,7,1,1,0","taladamun,arm_low,53,-407,141,0,5,1,1,0","taladamun,fist,93,-464,130,0,6,1,1,0","taladamun,arm_up,75,-353,-2,1,20,1,1,0","taladamun,arm_low,131,-286,42,0,13,1,1,0","taladamun,fist,181,-235,49,1,14,1,1,0","taladamun,leg_up,-54,-191,-17.2,0,11,1.1,1.1,0","taladamun,leg_low,-93,-91,-27,0,10,1,1,0","taladamun,foot,-107,-24,-5.6,0,13,0.9,0.9,0","taladamun,leg_up,67,-183,53.7,0,15,1,1,0","taladamun,leg_low,93,-94,3.5,0,13,1,1,0","taladamun,foot,113,-26,-1.5,0,15,0.9,0.9,0","taladamun,base,116,-520,-18,0,7,1,1,0",,"taladamun,tophat2,-10,-575,10,0,3,1.1,1.1,0","taladamun,cape,-20,-153,-4,0,13,1,1,0",,,,,,,,,,,,,,,,,,,,,,,,,,,,,,,,,,,,,,,,,,,,,,,,,,,,,,,,,,,,,,,,,,,,,,,,,,,,,,,,,,,,,,,,,,,,,,,,,,,,
Skill1Ready/4,"taladamun,head,2,-505,13,0,4,1,1,0","taladamun,neck,11,-467,-4,0,8,1,1,0","taladamun,body,-3,-343,-2,0,7,1,1,0","taladamun,arm_up,-33,-411,118,0,7,1,1,0","taladamun,arm_low,53,-453,141,0,3,1,1,0","taladamun,fist,93,-510,130,0,4,1,1,0","taladamun,arm_up,75,-353,-2,1,20,1,1,0","taladamun,arm_low,112,-272,32,0,13,1,1,0","taladamun,fist,152,-213,39,1,14,1,1,0","taladamun,leg_up,-54,-191,-17.2,0,11,1.1,1.1,0","taladamun,leg_low,-93,-91,-27,0,10,1,1,0","taladamun,foot,-107,-24,-5.6,0,13,0.9,0.9,0","taladamun,leg_up,67,-183,53.7,0,15,1,1,0","taladamun,leg_low,93,-94,3.5,0,13,1,1,0","taladamun,foot,113,-26,-1.5,0,15,0.9,0.9,0","taladamun,base,116,-566,-18,0,5,1,1,0",,"taladamun,tophat2,-12,-573,12,0,3,1.1,1.1,0","taladamun,cape,-20,-153,-4,0,13,1,1,0",,,,,,,,,,,,,,,,,,,,,,,,,,,,,,,,,,,,,,,,,,,,,,,,,,,,,,,,,,,,,,,,,,,,,,,,,,,,,,,,,,,,,,,,,,,,,,,,,,play_time_mod_0.5,,
Skill1Ready/5,"taladamun,head,2,-505,13,0,4,1,1,0","taladamun,neck,11,-467,-4,0,8,1,1,0","taladamun,body,-3,-343,-2,0,7,1,1,0","taladamun,arm_up,-33,-411,118,0,7,1,1,0","taladamun,arm_low,53,-453,141,0,3,1,1,0","taladamun,fist,93,-510,130,0,4,1,1,0","taladamun,arm_up,75,-353,-2,1,20,1,1,0","taladamun,arm_low,112,-272,32,0,13,1,1,0","taladamun,fist,152,-213,39,1,14,1,1,0","taladamun,leg_up,-54,-191,-17.2,0,11,1.1,1.1,0","taladamun,leg_low,-93,-91,-27,0,10,1,1,0","taladamun,foot,-107,-24,-5.6,0,13,0.9,0.9,0","taladamun,leg_up,67,-183,53.7,0,15,1,1,0","taladamun,leg_low,93,-94,3.5,0,13,1,1,0","taladamun,foot,113,-26,-1.5,0,15,0.9,0.9,0","taladamun,base,120,-569,-21,0,5,1,1,0",,"taladamun,tophat2,-12,-573,12,0,3,1.1,1.1,0","taladamun,cape,-20,-153,-4,0,13,1,1,0",,,,,,,,,,,,,,,,,,,,,,,,,,,,,,,,,,,,,,,,,,,,,,,,,,,,,,,,,,,,,,,,,,,,,,,,,,,,,,,,,,,,,,,,,,"smoke_pop,base,172,-657,0,0,0,1,1,0",,,,,,,,play_time_mod_0.7,,
GRAND_Attack/0,"taladamun,head,17,-505,-5,0,4,1,1,0","taladamun,neck,11,-467,-4,0,8,1,1,0","taladamun,body,-1,-343,-4,0,7,1,1,0","taladamun,arm_up,-117,-368,-29,0,7,1,1,0","taladamun,arm_low,-107,-339,81,0,5,1,1,0","taladamun,fist,-35,-347,133,0,6,1,1,0","taladamun,arm_up,89,-362,8,1,13,1,1,0","taladamun,arm_low,157,-331,112,0,6,1,1,0","taladamun,fist,221,-360,119,1,7,1,1,0","taladamun,leg_up,-54,-191,-17.2,0,11,1.1,1.1,0","taladamun,leg_low,-93,-91,-27,0,10,1,1,0","taladamun,foot,-107,-24,-5.6,0,13,0.9,0.9,0","taladamun,leg_up,67,-183,53.7,0,15,1,1,0","taladamun,leg_low,93,-94,3.5,0,13,1,1,0","taladamun,foot,113,-26,-1.5,0,15,0.9,0.9,0","taladamun,base,-34,-392,22,0,7,1,1,0",,"taladamun,tophat2,33,-577,-8,0,3,1.1,1.1,0","taladamun,cape,-14,-153,7,0,13,1,1,0",,,,,,,,,,,,,,,,,,,,,,,,,,,,,,,,,,,,,,,,,,,,,,,,,,,,,,,,,,,,,,,,,,,,,,,,,,,,,,,,,,,,,,,,,,,,,,,,,,play_time_mod_0.5,,
GRAND_Attack/1,"taladamun,head,25,-505,-6,0,4,1,1,0","taladamun,neck,11,-467,-4,0,8,1,1,0","taladamun,body,2,-342,-7,0,7,1,1,0","taladamun,arm_up,-108,-377,-32,0,7,1,1,0","taladamun,arm_low,-98,-348,78,0,5,1,1,0","taladamun,fist,-26,-350,130,0,6,1,1,0","taladamun,arm_up,78,-364,-22,1,13,1,1,0","taladamun,arm_low,129,-307,92,0,6,1,1,0","taladamun,fist,200,-297,89,1,7,1,1,0","taladamun,leg_up,-54,-191,-17.2,0,11,1.1,1.1,0","taladamun,leg_low,-96,-91,-29,0,10,1,1,0","taladamun,foot,-116,-24,-10.6,0,13,0.9,0.9,0","taladamun,leg_up,67,-183,53.7,0,15,1,1,0","taladamun,leg_low,93,-94,3.5,0,13,1,1,0","taladamun,foot,113,-26,-1.5,0,15,0.9,0.9,0","taladamun,base,-25,-395,19,0,7,1,1,0",,"taladamun,tophat2,43,-577,-9,0,3,1.1,1.1,0","taladamun,cape,-17,-155,0,0,13,1,1,0",,,,,,,,,,,,,,,,,,,,,,,,,,,,,,,,,,,,,,,,,,,,,,,,,,,,,,,,,,,,,,,,,,,,,,,,,,,,,,,,,,,,,,,,,,,,,,,,,,,,
GRAND_Attack/2,"taladamun,head,25,-500,-8,0,4,1,1,0","taladamun,neck,11,-467,-4,0,8,1,1,0","taladamun,body,4,-340,-8,0,7,1,1,0","taladamun,arm_up,-108,-376,-34,0,7,1,1,0","taladamun,arm_low,-98,-347,76,0,5,1,1,0","taladamun,fist,-26,-345,128,0,6,1,1,0","taladamun,arm_up,68,-364,-42,1,13,1,1,0","taladamun,arm_low,69,-307,72,0,11,1,1,0","taladamun,fist,137,-293,81,1,12,1,1,0","taladamun,leg_up,-54,-191,-17.2,0,11,1.1,1.1,0","taladamun,leg_low,-105,-91,-30,0,10,1,1,0","taladamun,foot,-127,-24,-11.6,0,13,0.9,0.9,0","taladamun,leg_up,67,-183,53.7,0,15,1,1,0","taladamun,leg_low,93,-94,3.5,0,13,1,1,0","taladamun,foot,113,-26,-1.5,0,15,0.9,0.9,0","taladamun,base,-25,-390,17,0,7,1,1,0",,"taladamun,tophat2,47,-572,-11,0,3,1.1,1.1,0","taladamun,cape,-21,-155,-6,0,13,1,1,0",,,,,,,,,,,,,,,,,,,,,,,,,,,,,,,,,,,,,,,,,,,,,,,,,,,,,,,,,,,,,,,,,,,,,,,,,,,,,,,,,,,,,,,,,,,,,,,,,,,,
GRAND_Attack/3,"taladamun,head,23,-497,-10,0,4,1,1,0","taladamun,neck,21,-457,-4,0,8,1,1,0","taladamun,body,4,-340,-8,0,7,1,1,0","taladamun,arm_up,-108,-376,-34,0,7,1,1,0","taladamun,arm_low,-98,-347,76,0,5,1,1,0","taladamun,fist,-26,-345,128,0,6,1,1,0","taladamun,arm_up,48,-364,-62,1,13,1,1,0","taladamun,arm_low,-1,-317,72,0,11,1,1,0","taladamun,fist,67,-303,81,1,12,1,1,0","taladamun,leg_up,-54,-191,-17.2,0,11,1.1,1.1,0","taladamun,leg_low,-107,-91,-31,0,10,1,1,0","taladamun,foot,-129,-24,-13.6,0,13,0.9,0.9,0","taladamun,leg_up,67,-183,53.7,0,15,1,1,0","taladamun,leg_low,93,-94,3.5,0,13,1,1,0","taladamun,foot,113,-26,-1.5,0,15,0.9,0.9,0","taladamun,base,-25,-390,17,0,7,1,1,0",,"taladamun,tophat2,49,-569,-13,0,3,1.1,1.1,0","taladamun,cape,-26,-155,-7,0,13,1,1,0",,,,,,,,,,,,,,,,,,,,,,,,,,,,,,,,,,,,,,,,,,,,,,,,,,,,,,,,,,,,,,,,,,,,,,,,,,,,,,,,,,,,,,,,,,,,,,,,,,play_time_mod_1.5,,
GRAND_Attack/4,"taladamun,head,31,-492,-12,0,4,1,1,0","taladamun,neck,21,-457,-4,0,8,1,1,0","taladamun,body,8,-340,-11,0,7,1,1,0","taladamun,arm_up,-106,-380,-36,0,7,1,1,0","taladamun,arm_low,-96,-351,74,0,5,1,1,0","taladamun,fist,-24,-345,126,0,6,1,1,0","taladamun,arm_up,78,-364,-12,1,13,1,1,0","taladamun,arm_low,142,-315,92,0,11,1,1,0","taladamun,fist,212,-315,81,1,12,1,1,0","taladamun,leg_up,-54,-191,-17.2,0,11,1.1,1.1,0","taladamun,leg_low,-107,-91,-31,0,10,1,1,0","taladamun,foot,-129,-24,-13.6,0,13,0.9,0.9,0","taladamun,leg_up,67,-183,53.7,0,15,1,1,0","taladamun,leg_low,93,-94,3.5,0,13,1,1,0","taladamun,foot,113,-26,-1.5,0,15,0.9,0.9,0","taladamun,base,-23,-390,15,0,7,1,1,0",,"taladamun,tophat2,61,-564,-15,0,3,1.1,1.1,0","taladamun,cape,-26,-155,-7,0,13,1,1,0",,,,,,,,,,,,,,,,,,,,,,,,,,,,,,,,,,,,,,,,,,,,,,,,,,,,,,,,,,,,,,,,,,,,,,,,,,,,,,,,,,,,,,,,,,,,,,,,,,play_time_mod_0.5,,
GRAND_Attack/5,"taladamun,head,51,-485,-17,0,4,1,1,0","taladamun,neck,41,-447,-4,0,8,1,1,0","taladamun,body,12,-340,-15,0,7,1,1,0","taladamun,arm_up,-106,-385,-37,0,7,1,1,0","taladamun,arm_low,-96,-367,71,0,5,1,1,0","taladamun,fist,-24,-355,123,0,6,1,1,0","taladamun,arm_up,148,-378,58,1,13,1,1,0","taladamun,arm_low,237,-368,93,0,11,1,1,0","taladamun,fist,308,-370,82,1,12,1,1,0","taladamun,leg_up,-54,-191,-17.2,0,11,1.1,1.1,0","taladamun,leg_low,-107,-91,-31,0,10,1,1,0","taladamun,foot,-129,-24,-13.6,0,13,0.9,0.9,0","taladamun,leg_up,67,-183,53.7,0,15,1,1,0","taladamun,leg_low,93,-94,3.5,0,13,1,1,0","taladamun,foot,113,-26,-1.5,0,15,0.9,0.9,0","taladamun,base,-23,-400,12,0,7,1,1,0",,"taladamun,tophat2,81,-549,-25,0,3,1.1,1.1,0","taladamun,cape,-26,-155,-7,0,13,1,1,0",,,,,,,,,,,,,,,,,,,,,,,,,,,,,,,,,,,,,,,,,,,,,,,,,,,,,,,,,,,,,,,,,,,,,,,,,,,,,,,,,,,,,,,,,,,,,,,,,,"play_time_mod_0.7,sprite_deal_damage",,"swing_bulk,1000,0"
GRAND_Attack/6,"taladamun,head,61,-479,-20,0,4,1,1,0","taladamun,neck,41,-447,-4,0,8,1,1,0","taladamun,body,17,-338,-18,0,7,1,1,0","taladamun,arm_up,-100,-398,-41,0,7,1,1,0","taladamun,arm_low,-90,-380,67,0,5,1,1,0","taladamun,fist,-18,-360,119,0,6,1,1,0","taladamun,arm_up,154,-383,73,1,13,1,1,0","taladamun,arm_low,213,-384,92,0,11,1,1,0","taladamun,fist,283,-384,81,1,12,1,1,0","taladamun,leg_up,-54,-191,-17.2,0,11,1.1,1.1,0","taladamun,leg_low,-107,-91,-31,0,10,1,1,0","taladamun,foot,-129,-24,-13.6,0,13,0.9,0.9,0","taladamun,leg_up,67,-183,53.7,0,15,1,1,0","taladamun,leg_low,93,-94,3.5,0,13,1,1,0","taladamun,foot,113,-26,-1.5,0,15,0.9,0.9,0","taladamun,base,-17,-405,8,0,7,1,1,0",,"taladamun,tophat2,97,-537,-30,0,3,1.1,1.1,0","taladamun,cape,-26,-155,-7,0,13,1,1,0",,,,,,,,,,,,,,,,,,,,,,,,,,,,,,,,,,,,,,,,,,,,,,,,,,,,,,,,,,,,,,,,,,,,,,,,,,,,,,,,,,,,,,,,,,,,,,,,,,"sprite_deal_damage,play_time_mod_0.1",,
GRAND_Attack/7,"taladamun,head,67,-476,-9,0,4,1,1,0","taladamun,neck,41,-447,-4,0,8,1,1,0","taladamun,body,17,-338,-18,0,7,1,1,0","taladamun,arm_up,-100,-398,-41,0,7,1,1,0","taladamun,arm_low,-90,-380,67,0,5,1,1,0","taladamun,fist,-18,-360,119,0,6,1,1,0","taladamun,arm_up,154,-385,77,1,13,1,1,0","taladamun,arm_low,213,-384,92,0,11,1,1,0","taladamun,fist,283,-384,81,1,12,1,1,0","taladamun,leg_up,-54,-191,-17.2,0,11,1.1,1.1,0","taladamun,leg_low,-107,-91,-31,0,10,1,1,0","taladamun,foot,-129,-24,-13.6,0,13,0.9,0.9,0","taladamun,leg_up,67,-183,53.7,0,15,1,1,0","taladamun,leg_low,93,-94,3.5,0,13,1,1,0","taladamun,foot,113,-26,-1.5,0,15,0.9,0.9,0","taladamun,base,-17,-405,8,0,7,1,1,0",,"taladamun,tophat2,91,-540,-19,0,3,1.1,1.1,0","taladamun,cape,-26,-155,-7,0,13,1,1,0",,,,,,,,,,,,,,,,,,,,,,,,,,,,,,,,,,,,,,,,,,,,,,,,,,,,,,,,,,,,,,,,,,,,,,,,,,,,,,,,,,,,,,,,,,,,,,,,,,,,
GRAND_Attack/8,"taladamun,head,49,-485,-7,0,4,1,1,0","taladamun,neck,41,-447,-4,0,8,1,1,0","taladamun,body,14,-337,-14,0,7,1,1,0","taladamun,arm_up,-101,-380,-31,0,7,1,1,0","taladamun,arm_low,-88,-364,77,0,5,1,1,0","taladamun,fist,-14,-356,129,0,6,1,1,0","taladamun,arm_up,144,-365,57,1,13,1,1,0","taladamun,arm_low,208,-368,112,0,11,1,1,0","taladamun,fist,272,-392,101,1,12,1,1,0","taladamun,leg_up,-50,-191,-14.2,0,11,1.1,1.1,0","taladamun,leg_low,-98,-91,-30,0,10,1,1,0","taladamun,foot,-118,-24,-12.6,0,13,0.9,0.9,0","taladamun,leg_up,67,-183,53.7,0,15,1,1,0","taladamun,leg_low,93,-94,3.5,0,13,1,1,0","taladamun,foot,113,-26,-1.5,0,15,0.9,0.9,0","taladamun,base,-21,-401,18,0,7,1,1,0",,"taladamun,tophat2,69,-549,-17,0,3,1.1,1.1,0","taladamun,cape,-21,-155,-3,0,13,1,1,0",,,,,,,,,,,,,,,,,,,,,,,,,,,,,,,,,,,,,,,,,,,,,,,,,,,,,,,,,,,,,,,,,,,,,,,,,,,,,,,,,,,,,,,,,,,,,,,,,,,,
GRAND_Attack/9,"taladamun,head,43,-491,-4,0,4,1,1,0","taladamun,neck,41,-447,-4,0,8,1,1,0","taladamun,body,12,-337,-12,0,7,1,1,0","taladamun,arm_up,-101,-378,-29,0,7,1,1,0","taladamun,arm_low,-88,-359,76,0,5,1,1,0","taladamun,fist,-14,-349,128,0,6,1,1,0","taladamun,arm_up,138,-365,45,1,13,1,1,0","taladamun,arm_low,215,-364,112,0,11,1,1,0","taladamun,fist,279,-388,101,1,12,1,1,0","taladamun,leg_up,-50,-191,-14.2,0,11,1.1,1.1,0","taladamun,leg_low,-98,-91,-30,0,10,1,1,0","taladamun,foot,-118,-24,-12.6,0,13,0.9,0.9,0","taladamun,leg_up,67,-183,53.7,0,15,1,1,0","taladamun,leg_low,93,-94,3.5,0,13,1,1,0","taladamun,foot,113,-26,-1.5,0,15,0.9,0.9,0","taladamun,base,-21,-394,17,0,7,1,1,0",,"taladamun,tophat2,55,-562,-12,0,3,1.1,1.1,0","taladamun,cape,-21,-155,-3,0,13,1,1,0",,,,,,,,,,,,,,,,,,,,,,,,,,,,,,,,,,,,,,,,,,,,,,,,,,,,,,,,,,,,,,,,,,,,,,,,,,,,,,,,,,,,,,,,,,,,,,,,,,play_time_mod_0.5,,
GRAND_Attack/10,"taladamun,head,38,-492,-2,0,4,1,1,0","taladamun,neck,41,-447,-4,0,8,1,1,0","taladamun,body,8,-337,-10,0,7,1,1,0","taladamun,arm_up,-101,-375,-25,0,7,1,1,0","taladamun,arm_low,-88,-348,75,0,5,1,1,0","taladamun,fist,-14,-336,127,0,6,1,1,0","taladamun,arm_up,130,-362,37,1,13,1,1,0","taladamun,arm_low,192,-356,112,0,11,1,1,0","taladamun,fist,256,-380,101,1,12,1,1,0","taladamun,leg_up,-50,-191,-14.2,0,11,1.1,1.1,0","taladamun,leg_low,-98,-91,-30,0,10,1,1,0","taladamun,foot,-118,-24,-12.6,0,13,0.9,0.9,0","taladamun,leg_up,67,-183,53.7,0,15,1,1,0","taladamun,leg_low,93,-94,3.5,0,13,1,1,0","taladamun,foot,113,-26,-1.5,0,15,0.9,0.9,0","taladamun,base,-21,-381,16,0,7,1,1,0",,"taladamun,tophat2,46,-563,-10,0,3,1.1,1.1,0","taladamun,cape,-21,-155,-3,0,13,1,1,0",,,,,,,,,,,,,,,,,,,,,,,,,,,,,,,,,,,,,,,,,,,,,,,,,,,,,,,,,,,,,,,,,,,,,,,,,,,,,,,,,,,,,,,,,,,,,,,,,,play_time_mod_0.5,,
GRAND_Attack/11,"taladamun,head,38,-492,-2,0,4,1,1,0","taladamun,neck,41,-447,-4,0,8,1,1,0","taladamun,body,8,-337,-10,0,7,1,1,0","taladamun,arm_up,-101,-375,-25,0,7,1,1,0","taladamun,arm_low,-88,-348,75,0,5,1,1,0","taladamun,fist,-14,-336,127,0,6,1,1,0","taladamun,arm_up,124,-357,31,1,13,1,1,0","taladamun,arm_low,181,-333,122,0,11,1,1,0","taladamun,fist,239,-367,111,1,12,1,1,0","taladamun,leg_up,-50,-191,-14.2,0,11,1.1,1.1,0","taladamun,leg_low,-98,-91,-30,0,10,1,1,0","taladamun,foot,-118,-24,-12.6,0,13,0.9,0.9,0","taladamun,leg_up,67,-183,53.7,0,15,1,1,0","taladamun,leg_low,93,-94,3.5,0,13,1,1,0","taladamun,foot,113,-26,-1.5,0,15,0.9,0.9,0","taladamun,base,-21,-381,16,0,7,1,1,0",,"taladamun,tophat2,46,-563,-10,0,3,1.1,1.1,0","taladamun,cape,-21,-155,-3,0,13,1,1,0",,,,,,,,,,,,,,,,,,,,,,,,,,,,,,,,,,,,,,,,,,,,,,,,,,,,,,,,,,,,,,,,,,,,,,,,,,,,,,,,,,,,,,,,,,,,,,,,,,,,
GRAND_Attack/12,"taladamun,head,17,-505,-5,0,4,1,1,0","taladamun,neck,11,-467,-4,0,8,1,1,0","taladamun,body,-1,-343,-4,0,7,1,1,0","taladamun,arm_up,-117,-368,-29,0,7,1,1,0","taladamun,arm_low,-107,-339,81,0,5,1,1,0","taladamun,fist,-35,-347,133,0,6,1,1,0","taladamun,arm_up,89,-362,8,1,13,1,1,0","taladamun,arm_low,157,-331,112,0,6,1,1,0","taladamun,fist,221,-360,119,1,7,1,1,0","taladamun,leg_up,-54,-191,-17.2,0,11,1.1,1.1,0","taladamun,leg_low,-93,-91,-27,0,10,1,1,0","taladamun,foot,-107,-24,-5.6,0,13,0.9,0.9,0","taladamun,leg_up,67,-183,53.7,0,15,1,1,0","taladamun,leg_low,93,-94,3.5,0,13,1,1,0","taladamun,foot,113,-26,-1.5,0,15,0.9,0.9,0","taladamun,base,-34,-392,22,0,7,1,1,0",,"taladamun,tophat2,33,-577,-8,0,3,1.1,1.1,0","taladamun,cape,-14,-153,7,0,13,1,1,0",,,,,,,,,,,,,,,,,,,,,,,,,,,,,,,,,,,,,,,,,,,,,,,,,,,,,,,,,,,,,,,,,,,,,,,,,,,,,,,,,,,,,,,,,,,,,,,,,,,,
