Name,p1_head,p1_neck,p1_body,p1_r_arm_up,p1_r_arm_low,p1_r_hand,p1_l_arm_up,p1_l_arm_low,p1_l_hand,p1_r_leg_up,p1_r_leg_low,p1_r_foot,p1_l_leg_up,p1_l_leg_low,p1_l_foot,p1_main_weapon,p1_sub_weapon,p1_special_1,p1_special_2,p1_special_3,p1_special_4,p1_special_5,p1_special_6,p1_special_7,p1_special_8,p1_special_9,p1_special_10,p2_head,p2_neck,p2_body,p2_r_arm_up,p2_r_arm_low,p2_r_hand,p2_l_arm_up,p2_l_arm_low,p2_l_hand,p2_r_leg_up,p2_r_leg_low,p2_r_foot,p2_l_leg_up,p2_l_leg_low,p2_l_foot,p2_main_weapon,p2_sub_weapon,p2_special_1,p2_special_2,p2_special_3,p2_special_4,p2_special_5,p2_special_6,p2_special_7,p2_special_8,p2_special_9,p2_special_10,p3_head,p3_neck,p3_body,p3_r_arm_up,p3_r_arm_low,p3_r_hand,p3_l_arm_up,p3_l_arm_low,p3_l_hand,p3_r_leg_up,p3_r_leg_low,p3_r_foot,p3_l_leg_up,p3_l_leg_low,p3_l_foot,p3_main_weapon,p3_sub_weapon,p3_special_1,p3_special_2,p3_special_3,p3_special_4,p3_special_5,p3_special_6,p3_special_7,p3_special_8,p3_special_9,p3_special_10,p4_head,p4_neck,p4_body,p4_r_arm_up,p4_r_arm_low,p4_r_hand,p4_l_arm_up,p4_l_arm_low,p4_l_hand,p4_r_leg_up,p4_r_leg_low,p4_r_foot,p4_l_leg_up,p4_l_leg_low,p4_l_foot,p4_main_weapon,p4_sub_weapon,p4_special_1,p4_special_2,p4_special_3,p4_special_4,p4_special_5,p4_special_6,p4_special_7,p4_special_8,p4_special_9,p4_special_10,effect_1,effect_2,effect_3,effect_4,effect_5,effect_6,effect_7,effect_8,frame_property,animation_property,sound_effect
Attack1/0,"rabbit_spear,head,22.8,-310.8,-15,0,2,1,1,0","rabbit_spear,neck,6.8,-275.6,-8,0,4,1,1,0","rabbit_spear,body,-2.8,-200.6,-9.5,0,5,1,1,0","rabbit_spear,arm_up,-30.2,-248.6,-66,0,3,1,1,0","rabbit_spear,arm_low,-56.6,-222.8,-24,0,4,1,1,0","rabbit_spear,fist,-59.6,-186.4,-35,0,2,1,1,0","rabbit_spear,arm_up,28.4,-247,62,1,13,1,1,0","rabbit_spear,arm_low,73.4,-233.2,110,1,13,1,1,0","rabbit_spear,fist,105,-243.6,146,1,19,1,1,0","rabbit_spear,leg_up,-43.2,-109.4,-29.7,0,4,1,1,0","rabbit_spear,leg_low,-71,-55.4,-17,0,10,1,1,0","rabbit_spear,foot,-86.8,-11.6,-45.6,0,13,1,1,0","rabbit_spear,leg_up,18.2,-112.2,39.7,0,12,1,1,0","rabbit_spear,leg_low,39.2,-58.8,-2.5,0,13,1,1,0","rabbit_spear,foot,32.8,-16.6,-36.5,0,15,1,1,0","rabbit_spear,base,111.4,-238.6,107,0,3,1,1,0",,"rabbit_spear,ear,-42,-371.4,77,0,0,1,1,0","rabbit_spear,ear_back,6.2,-377.4,47,0,12,1,1,0","rabbit_spear,tail,-73.6,-140,-30,0,6,1,1,0",,,,,,,,,,,,,,,,,,,,,,,,,,,,,,,,,,,,,,,,,,,,,,,,,,,,,,,,,,,,,,,,,,,,,,,,,,,,,,,,,,,,,,,,,,,,,,,,,,,
Attack1/1,"rabbit_spear,head,34.8,-308.8,-18,0,2,1,1,0","rabbit_spear,neck,18.8,-273.6,-11,0,4,1,1,0","rabbit_spear,body,3.2,-198.6,-15.5,0,5,1,1,0","rabbit_spear,arm_up,-15.2,-249.6,-68,0,3,1,1,0","rabbit_spear,arm_low,-48.6,-222.8,-44,0,4,1,1,0","rabbit_spear,fist,-61.6,-186.4,-47,0,2,1,1,0","rabbit_spear,arm_up,27.4,-247,74,1,13,1,1,0","rabbit_spear,arm_low,73.4,-228.2,80,1,13,1,1,0","rabbit_spear,fist,105,-214.6,106,1,19,1,1,0","rabbit_spear,leg_up,-43.2,-109.4,-29.7,0,4,1,1,0","rabbit_spear,leg_low,-71,-55.4,-17,0,10,1,1,0","rabbit_spear,foot,-86.8,-11.6,-45.6,0,13,1,1,0","rabbit_spear,leg_up,20.2,-112.2,44.7,0,12,1,1,0","rabbit_spear,leg_low,47.2,-59.8,0.5,0,13,1,1,0","rabbit_spear,foot,40.8,-16.6,-43.5,0,15,1,1,0","rabbit_spear,base,111.4,-210.6,98,0,3,1,1,0",,"rabbit_spear,ear,-31,-369.4,79,0,0,1,1,0","rabbit_spear,ear_back,8.2,-375.4,54,0,12,1,1,0","rabbit_spear,tail,-66.6,-145,-34,0,6,1,1,0",,,,,,,,,,,,,,,,,,,,,,,,,,,,,,,,,,,,,,,,,,,,,,,,,,,,,,,,,,,,,,,,,,,,,,,,,,,,,,,,,,,,,,,,,,,,,,,,,,,
Attack1/2,"rabbit_spear,head,45.8,-302.8,-14,0,2,1,1,0","rabbit_spear,neck,30.8,-265.6,-12,0,4,1,1,0","rabbit_spear,body,11.2,-191.6,-19.5,0,5,1,1,0","rabbit_spear,arm_up,-6.2,-245.6,-68,0,3,1,1,0","rabbit_spear,arm_low,-39.6,-218.8,-44,0,4,1,1,0","rabbit_spear,fist,-52.6,-182.4,-47,0,2,1,1,0","rabbit_spear,arm_up,49.4,-244,53,1,13,1,1,0","rabbit_spear,arm_low,82.4,-209.2,52,1,13,1,1,0","rabbit_spear,fist,100,-183.6,65,1,19,1,1,0","rabbit_spear,leg_up,-43.2,-106.4,-32.7,0,4,1,1,0","rabbit_spear,leg_low,-72,-55.4,-19,0,10,1,1,0","rabbit_spear,foot,-86.8,-11.6,-48.6,0,13,1,1,0","rabbit_spear,leg_up,25.2,-107.2,43.7,0,12,1,1,0","rabbit_spear,leg_low,49.2,-56.8,-4.5,0,13,1,1,0","rabbit_spear,foot,40.8,-14.6,-48.5,0,15,1,1,0","rabbit_spear,base,120.4,-189.6,92,0,3,1,1,0",,"rabbit_spear,ear,-20,-360.4,83,0,0,1,1,0","rabbit_spear,ear_back,14.2,-361.4,65,0,12,1,1,0","rabbit_spear,tail,-62.6,-145,-36,0,6,1,1,0",,,,,,,,,,,,,,,,,,,,,,,,,,,,,,,,,,,,,,,,,,,,,,,,,,,,,,,,,,,,,,,,,,,,,,,,,,,,,,,,,,,,,,,,,,,,,,,,,play_time_mod_1.5,,
Attack1/3,"rabbit_spear,head,48.8,-297.8,-18,0,2,1,1,0","rabbit_spear,neck,30,-265,-15,0,4,1,1,0","rabbit_spear,body,9.2,-189.6,-20.5,0,5,1,1,0","rabbit_spear,arm_up,-14.2,-239.6,-75,0,3,1,1.2,0","rabbit_spear,arm_low,-59.6,-218.8,-64,0,4,1,1,0","rabbit_spear,fist,-77.6,-189.4,-49,0,2,1,1,0","rabbit_spear,arm_up,49,-239,37,1,13,1,1,0","rabbit_spear,arm_low,63,-205,16,1,14,1,1,0","rabbit_spear,fist,57,-171,25,1,19,1,1,0","rabbit_spear,leg_up,-43.2,-104.4,-32.7,0,4,1,1,0","rabbit_spear,leg_low,-72,-53.4,-21,0,10,1,1,0","rabbit_spear,foot,-86.8,-11.6,-48.6,0,13,1,1,0","rabbit_spear,leg_up,26.2,-102.2,45.7,0,12,1,1,0","rabbit_spear,leg_low,49.2,-56.8,-9.5,0,13,1,1,0","rabbit_spear,foot,38.8,-14.6,-48.5,0,15,1,1,0","rabbit_spear,base,73,-179,89,0,3,1,1,0",,"rabbit_spear,ear,-24,-353.4,85,0,0,1,1,0","rabbit_spear,ear_back,10.2,-354.4,70,0,12,1,1,0","rabbit_spear,tail,-62.6,-143,-45,0,6,1,1,0",,,,,,,,,,,,,,,,,,,,,,,,,,,,,,,,,,,,,,,,,,,,,,,,,,,,,,,,,,,,,,,,,,,,,,,,,,,,,,,,,,,,,,,,,,,,,,,,,play_time_mod_2,,
Attack1/4,"rabbit_spear,head,53.8,-294.8,-14,0,2,1,1,0","rabbit_spear,neck,42.8,-263.6,-19,0,4,1,1,0","rabbit_spear,body,20.2,-189.6,-20.5,0,5,1,1,0","rabbit_spear,arm_up,-2.2,-236.6,-64,0,1,1,1.2,0","rabbit_spear,arm_low,-39.6,-205.8,-34,0,4,1,1,0","rabbit_spear,fist,-46.6,-172.4,-39,0,2,1,1,0","rabbit_spear,arm_up,57.4,-238,47,1,13,1,1,0","rabbit_spear,arm_low,87.4,-205.2,42,1,14,1,1,0","rabbit_spear,fist,113,-170.6,75,1,19,1,1,0","rabbit_spear,leg_up,-36.2,-104.4,-38.7,0,4,1,1,0","rabbit_spear,leg_low,-71,-53.4,-27,0,10,1,1,0","rabbit_spear,foot,-91.8,-14.6,-48.6,0,13,1,1,0","rabbit_spear,leg_up,32.2,-106.2,38.7,0,12,1,1,0","rabbit_spear,leg_low,52.2,-56.8,-13.5,0,13,1,1,0","rabbit_spear,foot,38.8,-14.6,-50.5,0,15,1,1,0","rabbit_spear,stab,128.4,-176.6,91,0,3,1,1,1",,"rabbit_spear,ear,-19,-350.4,89,0,0,1,1,0","rabbit_spear,ear_back,15.2,-351.4,74,0,12,1,1,0","rabbit_spear,tail,-56.6,-145,-48,0,6,1,1,0",,,,,,,,,,,,,,,,,,,,,,,,,,,,,,,,,,,,,,,,,,,,,,,,,,,,,,,,,,,,,,,,,,,,,,,,,,,,,,,,,,,,,,,,,,,,,,,,,"play_time_mod_0.2,sprite_deal_damage",,"pierce_small,1000,1"
Attack1/5,"rabbit_spear,head,55.8,-294.8,-12,0,2,1,1,0","rabbit_spear,neck,41.8,-264.6,-16,0,4,1,1,0","rabbit_spear,body,20.2,-189.6,-20.5,0,5,1,1,0","rabbit_spear,arm_up,13.8,-233.6,-39,0,1,1,1,0","rabbit_spear,arm_low,-6.6,-195.8,-14,0,4,1,1,0","rabbit_spear,fist,-3.6,-171.4,-14,0,2,1,1,0","rabbit_spear,arm_up,73.4,-228,57,1,13,1,1,0","rabbit_spear,arm_low,106.4,-202.2,62,1,14,1,1,0","rabbit_spear,fist,137,-177.6,97,1,19,1,1,0","rabbit_spear,leg_up,-36.2,-104.4,-39.7,0,4,1,1,0","rabbit_spear,leg_low,-74,-53.4,-28,0,10,1,1,0","rabbit_spear,foot,-96.8,-14.6,-54.6,0,13,1,1,0","rabbit_spear,leg_up,32.2,-106.2,38.7,0,12,1,1,0","rabbit_spear,leg_low,52.2,-56.8,-13.5,0,13,1,1,0","rabbit_spear,foot,38.8,-14.6,-50.5,0,15,1,1,0","rabbit_spear,stab,178.4,-174.6,92,0,3,1,1,1",,"rabbit_spear,ear,-21,-340.4,93,0,0,1,1,0","rabbit_spear,ear_back,14.2,-351.4,78,0,12,1,1,0","rabbit_spear,tail,-53.6,-150,-51,0,6,1,1,0",,,,,,,,,,,,,,,,,,,,,,,,,,,,,,,,,,,,,,,,,,,,,,,,,,,,,,,,,,,,,,,,,,,,,,,,,,,,,,,,,,,,,,,,,,,,,,,,,"play_time_mod_0.2,sprite_deal_damage",,
Attack1/6,"rabbit_spear,head,67.8,-288.8,-14,0,2,1,1,0","rabbit_spear,neck,53,-256,-13,0,4,1,1,0","rabbit_spear,body,27.2,-185.6,-26.5,0,5,1,1,0","rabbit_spear,arm_up,39.8,-222.6,12,0,1,1,1,0","rabbit_spear,arm_low,64.4,-187.8,47,0,4,1,1,0","rabbit_spear,fist,98.4,-173.4,25,0,2,1,1,0","rabbit_spear,arm_up,86.4,-217,67,1,13,1,1.1,0","rabbit_spear,arm_low,129.4,-196.2,71,1,14,1,1,0","rabbit_spear,fist,160,-174.6,97,1,19,1,1,0","rabbit_spear,leg_up,-36.2,-104.4,-40.7,0,4,1,1,0","rabbit_spear,leg_low,-77,-53.4,-28,0,10,1,1,0","rabbit_spear,foot,-98.8,-14.6,-54.6,0,13,1,1,0","rabbit_spear,leg_up,32.2,-106.2,38.7,0,12,1,1,0","rabbit_spear,leg_low,52.2,-56.8,-13.5,0,13,1,1,0","rabbit_spear,foot,38.8,-14.6,-50.5,0,15,1,1,0","rabbit_spear,stab,284.4,-176.6,92,0,3,1.1,1,1",,"rabbit_spear,ear,-13,-329.4,94,0,0,1,1,0","rabbit_spear,ear_back,22.2,-340.4,76,0,12,1,1,0","rabbit_spear,tail,-52.6,-152,-53,0,6,1,1,0",,,,,,,,,,,,,,,,,,,,,,,,,,,,,,,,,,,,,,,,,,,,,,,,,,,,,,,,,,,,,,,,,,,,,,,,,,,,,,,,,,,,,,,,,,,,,,,,,sprite_deal_damage,,
Attack1/7,"rabbit_spear,head,71.8,-287.8,-20,0,2,1,1,0","rabbit_spear,neck,54.8,-254.6,-20,0,4,1,1,0","rabbit_spear,body,27.2,-185.6,-26.5,0,5,1,1,0","rabbit_spear,arm_up,39.8,-222.6,12,0,1,1,1,0","rabbit_spear,arm_low,64.4,-187.8,47,0,4,1,1,0","rabbit_spear,fist,98.4,-173.4,25,0,2,1,1,0","rabbit_spear,arm_up,86.4,-217,67,1,13,1,1.1,0","rabbit_spear,arm_low,129.4,-196.2,71,1,14,1,1,0","rabbit_spear,fist,160,-174.6,97,1,19,1,1,0","rabbit_spear,leg_up,-36.2,-104.4,-40.7,0,4,1,1,0","rabbit_spear,leg_low,-77,-53.4,-28,0,10,1,1,0","rabbit_spear,foot,-98.8,-14.6,-54.6,0,13,1,1,0","rabbit_spear,leg_up,32.2,-106.2,38.7,0,12,1,1,0","rabbit_spear,leg_low,52.2,-56.8,-13.5,0,13,1,1,0","rabbit_spear,foot,38.8,-14.6,-50.5,0,15,1,1,0","rabbit_spear,base,284.4,-176.6,92,0,3,1,1,1",,"rabbit_spear,ear,-6,-335.4,94,0,0,1,1,0","rabbit_spear,ear_back,28.2,-340.4,79,0,12,1,1,0","rabbit_spear,tail,-48.6,-156,-65,0,6,1,1,0",,,,,,,,,,,,,,,,,,,,,,,,,,,,,,,,,,,,,,,,,,,,,,,,,,,,,,,,,,,,,,,,,,,,,,,,,,,,,,,,,,,,,,,,,,,,,,,,,sprite_deal_damage,,
Attack1/8,"rabbit_spear,head,71.8,-287.8,-19,0,2,1,1,0","rabbit_spear,neck,54.8,-254.6,-19,0,4,1,1,0","rabbit_spear,body,27.2,-185.6,-26.5,0,5,1,1,0","rabbit_spear,arm_up,34.8,-222.6,-3,0,1,1,1,0","rabbit_spear,arm_low,52.4,-187.8,45,0,4,1,1,0","rabbit_spear,fist,86.4,-173.4,23,0,2,1,1,0","rabbit_spear,arm_up,83.4,-220,54,1,13,1,1.1,0","rabbit_spear,arm_low,119.4,-196.2,71,1,14,1,1,0","rabbit_spear,fist,150,-174.6,97,1,19,1,1,0","rabbit_spear,leg_up,-36.2,-104.4,-40.7,0,4,1,1,0","rabbit_spear,leg_low,-77,-53.4,-28,0,10,1,1,0","rabbit_spear,foot,-98.8,-14.6,-54.6,0,13,1,1,0","rabbit_spear,leg_up,32.2,-106.2,38.7,0,12,1,1,0","rabbit_spear,leg_low,52.2,-56.8,-13.5,0,13,1,1,0","rabbit_spear,foot,38.8,-14.6,-50.5,0,15,1,1,0","rabbit_spear,base,242.4,-176.6,92,0,3,1,1,0",,"rabbit_spear,ear,-6,-345.4,84,0,0,1,1,0","rabbit_spear,ear_back,38.2,-350.4,59,0,12,1,1,0","rabbit_spear,tail,-47.6,-149,-43,0,6,1,1,0",,,,,,,,,,,,,,,,,,,,,,,,,,,,,,,,,,,,,,,,,,,,,,,,,,,,,,,,,,,,,,,,,,,,,,,,,,,,,,,,,,,,,,,,,,,,,,,,,,,
Attack1/9,"rabbit_spear,head,40.8,-290.8,-15,0,2,1,1,0","rabbit_spear,neck,24.8,-259.6,-20,0,4,1,1,0","rabbit_spear,body,8.2,-185.6,-13.5,0,5,1,1,0","rabbit_spear,arm_up,6.8,-222.6,-2,0,1,1,1,0","rabbit_spear,arm_low,13.4,-187.8,26,0,4,1,1,0","rabbit_spear,fist,33.4,-154.4,-5,0,2,1,1,0","rabbit_spear,arm_up,55.4,-220,55,1,13,1,1.1,0","rabbit_spear,arm_low,91.4,-196.2,72,1,14,1,1,0","rabbit_spear,fist,122,-174.6,98,1,19,1,1,0","rabbit_spear,leg_up,-37.2,-104.4,-31.7,0,4,1,1,0","rabbit_spear,leg_low,-77,-53.4,-28,0,10,1,1,0","rabbit_spear,foot,-98.8,-14.6,-54.6,0,13,1,1,0","rabbit_spear,leg_up,25.2,-106.2,38.7,0,12,1,1,0","rabbit_spear,leg_low,49.2,-55.8,3.5,0,13,1,1,0","rabbit_spear,foot,45.8,-14.6,-50.5,0,15,1,1,0","rabbit_spear,base,206.4,-177.6,98,0,3,1,1,0",,"rabbit_spear,ear,-24,-352.4,76,0,0,1,1,0","rabbit_spear,ear_back,15.2,-354.4,55,0,12,1,1,0","rabbit_spear,tail,-47.6,-145,-38,0,6,1,1,0",,,,,,,,,,,,,,,,,,,,,,,,,,,,,,,,,,,,,,,,,,,,,,,,,,,,,,,,,,,,,,,,,,,,,,,,,,,,,,,,,,,,,,,,,,,,,,,,,,,
Attack1/10,"rabbit_spear,head,20.8,-302.8,-12,0,2,1,1,0","rabbit_spear,neck,7,-271,-13,0,4,1,1,0","rabbit_spear,body,-2.8,-195.6,-8.5,0,5,1,1,0","rabbit_spear,arm_up,-15.2,-236.6,-32,0,1,1,1,0","rabbit_spear,arm_low,-22.6,-194.8,17,0,4,1,1,0","rabbit_spear,fist,-9.6,-161.4,-14,0,2,1,1,0","rabbit_spear,arm_up,34.4,-234,45,1,13,1,1.1,0","rabbit_spear,arm_low,59.4,-205.2,61,1,14,1,1,0","rabbit_spear,fist,88,-177.6,78,1,19,1,1,0","rabbit_spear,leg_up,-36.2,-104.4,-25.7,0,4,1,1,0","rabbit_spear,leg_low,-68,-53.4,-25,0,10,1,1,0","rabbit_spear,foot,-89.8,-14.6,-47.6,0,13,1,1,0","rabbit_spear,leg_up,22.2,-109.2,38.7,0,12,1,1,0","rabbit_spear,leg_low,47.2,-56.8,5.5,0,13,1,1,0","rabbit_spear,foot,44.8,-14.6,-50.5,0,15,1,1,0","rabbit_spear,base,166.4,-184.6,98,0,3,1,1,0",,"rabbit_spear,ear,-45,-368.4,77,0,0,1,1,0","rabbit_spear,ear_back,1.2,-367.4,54,0,12,1,1,0","rabbit_spear,tail,-47.6,-152,-38,0,6,1,1,0",,,,,,,,,,,,,,,,,,,,,,,,,,,,,,,,,,,,,,,,,,,,,,,,,,,,,,,,,,,,,,,,,,,,,,,,,,,,,,,,,,,,,,,,,,,,,,,,,,,
Attack1/11,"rabbit_spear,head,12.8,-305.8,-11,0,2,1,1,0","rabbit_spear,neck,0.8,-274.6,-8,0,4,1,1,0","rabbit_spear,body,-1.8,-197.6,-4.5,0,5,1,1,0","rabbit_spear,arm_up,-32.2,-238.6,-44,0,1,1,1,0","rabbit_spear,arm_low,-50.6,-204.8,-7,0,4,1,1,0","rabbit_spear,fist,-44.6,-168.4,-28,0,2,1,1,0","rabbit_spear,arm_up,34.4,-240,45,1,13,1,1.1,0","rabbit_spear,arm_low,59.4,-216.2,71,1,14,1,1,0","rabbit_spear,fist,88,-207.6,96,1,19,1,1,0","rabbit_spear,leg_up,-36.2,-102.4,-23.7,0,4,1,1,0","rabbit_spear,leg_low,-58,-53.4,-15,0,10,1,1,0","rabbit_spear,foot,-74.8,-13.6,-44.6,0,13,1,1,0","rabbit_spear,leg_up,19.2,-109.2,35.7,0,12,1,1,0","rabbit_spear,leg_low,42.2,-56.8,3.5,0,13,1,1,0","rabbit_spear,foot,38.8,-14.6,-50.5,0,15,1,1,0","rabbit_spear,base,140.4,-213.6,104,0,3,1,1,0",,"rabbit_spear,ear,-53,-371.4,78,0,0,1,1,0","rabbit_spear,ear_back,-6.8,-370.4,55,0,12,1,1,0","rabbit_spear,tail,-51.6,-146,-33,0,6,1,1,0",,,,,,,,,,,,,,,,,,,,,,,,,,,,,,,,,,,,,,,,,,,,,,,,,,,,,,,,,,,,,,,,,,,,,,,,,,,,,,,,,,,,,,,,,,,,,,,,,,,
Damaged/0,"rabbit_spear,head,35.8,-304.8,-19,0,2,1,1,0","rabbit_spear,neck,18.8,-274.6,-15,0,4,1,1,0","rabbit_spear,body,-0.8,-201.6,-17.5,0,5,1,1,0","rabbit_spear,arm_up,-21.2,-243.6,-56,0,3,1,1,0","rabbit_spear,arm_low,-48.6,-207.8,-29,0,4,1,1,0","rabbit_spear,fist,-53.6,-174.4,-35,0,2,1,1,0","rabbit_spear,arm_up,32.4,-247,62,1,13,1,1,0","rabbit_spear,arm_low,72.4,-227.2,86,1,13,1,1,0","rabbit_spear,fist,102,-224.6,110,1,19,1,1,0","rabbit_spear,leg_up,-43.2,-111.4,-24.7,0,4,1,1,0","rabbit_spear,leg_low,-66,-53.4,-10,0,10,1,1,0","rabbit_spear,foot,-76.8,-11.6,-40.6,0,13,1,1,0","rabbit_spear,leg_up,17.2,-111.2,35.7,0,12,1,1,0","rabbit_spear,leg_low,37.2,-58.8,-1.5,0,13,1,1,0","rabbit_spear,foot,32.8,-17.6,-31.5,0,15,1,1,0","rabbit_spear,base,104.4,-225.6,110,0,3,1,1,0",,"rabbit_spear,ear,-10,-379.4,56,0,0,1,1,0","rabbit_spear,ear_back,27.2,-374.4,30,0,12,1,1,0","rabbit_spear,tail,-68.6,-150,-28,0,6,1,1,0",,,,,,,,,,,,,,,,,,,,,,,,,,,,,,,,,,,,,,,,,,,,,,,,,,,,,,,,,,,,,,,,,,,,,,,,,,,,,,,,,,,,,,,,,,,,,,,,,,,
Damaged/1,"rabbit_spear,close,39.8,-292.8,-27,0,2,1,1,0","rabbit_spear,neck,19.8,-266.6,-19,0,4,1,1,0","rabbit_spear,body,-0.8,-193.6,-19.5,0,5,1,1,0","rabbit_spear,arm_up,-21.2,-237.6,-56,0,3,1,1,0","rabbit_spear,arm_low,-48.6,-201.8,-29,0,4,1,1,0","rabbit_spear,fist,-53.6,-168.4,-35,0,2,1,1,0","rabbit_spear,arm_up,38.4,-232,56,1,13,1,1,0","rabbit_spear,arm_low,76.4,-216.2,86,1,13,1,1,0","rabbit_spear,fist,108,-211.6,121,1,19,1,1,0","rabbit_spear,leg_up,-43.2,-105.4,-20.7,0,4,1,1,0","rabbit_spear,leg_low,-66,-49.4,-19,0,10,1,1,0","rabbit_spear,foot,-82.8,-9.6,-40.6,0,13,1,1,0","rabbit_spear,leg_up,17.2,-111.2,40.7,0,12,1,1,0","rabbit_spear,leg_low,37.2,-57.8,-1.5,0,13,1,1,0","rabbit_spear,foot,32.8,-17.6,-40.5,0,15,1,1,0","rabbit_spear,base,104.4,-209.6,105,0,3,1,1,0",,"rabbit_spear,ear,1,-371.4,56,0,0,1,1,0","rabbit_spear,ear_back,36.2,-369.4,28,0,12,1,1,0","rabbit_spear,tail,-67.6,-147,-28,0,6,1,1,0",,,,,,,,,,,,,,,,,,,,,,,,,,,,,,,,,,,,,,,,,,,,,,,,,,,,,,,,,,,,,,,,,,,,,,,,,,,,,,,,,,,,,,,,,,,,,,,,,,,
Damaged/2,"rabbit_spear,close,52.8,-275.8,-30,0,2,1,1,0","rabbit_spear,neck,29.8,-251.6,-19,0,4,1,1,0","rabbit_spear,body,0.2,-186.6,-29.5,0,5,1,1,0","rabbit_spear,arm_up,-11.2,-221.6,-59,0,3,1,1,0","rabbit_spear,arm_low,-38.6,-185.8,-32,0,4,1,1,0","rabbit_spear,fist,-43.6,-152.4,-38,0,2,1,1,0","rabbit_spear,arm_up,48.4,-216,53,1,13,1,1,0","rabbit_spear,arm_low,86.4,-193.2,83,1,13,1,1,0","rabbit_spear,fist,118,-190.6,121,1,19,1,1,0","rabbit_spear,leg_up,-46.2,-102.4,-11.7,0,4,1,1,0","rabbit_spear,leg_low,-66,-49.4,-19,0,10,1,1,0","rabbit_spear,foot,-85.8,-9.6,-43.6,0,13,1,1,0","rabbit_spear,leg_up,17.2,-107.2,43.7,0,12,1,1,0","rabbit_spear,leg_low,41.2,-56.8,-4.5,0,13,1,1,0","rabbit_spear,foot,32.8,-17.6,-46.5,0,15,1,1,0","rabbit_spear,base,104.4,-186.6,105,0,3,1,1,0",,"rabbit_spear,ear,23,-356.4,48,0,0,1,1,0","rabbit_spear,ear_back,58.2,-354.4,20,0,12,1,1,0","rabbit_spear,tail,-77.6,-147,-31,0,6,1,1,0",,,,,,,,,,,,,,,,,,,,,,,,,,,,,,,,,,,,,,,,,,,,,,,,,,,,,,,,,,,,,,,,,,,,,,,,,,,,,,,,,,,,,,,,,,,,,,,,,hold,,
Damaged/3,"rabbit_spear,close,46.8,-287.8,-29,0,2,1,1,0","rabbit_spear,neck,23.8,-263.6,-18,0,4,1,1,0","rabbit_spear,body,-3.8,-191.6,-24.5,0,5,1,1,0","rabbit_spear,arm_up,-11.2,-236.6,-60,0,3,1,1,0","rabbit_spear,arm_low,-38.6,-200.8,-33,0,4,1,1,0","rabbit_spear,fist,-43.6,-167.4,-39,0,2,1,1,0","rabbit_spear,arm_up,48.4,-231,52,1,13,1,1,0","rabbit_spear,arm_low,86.4,-208.2,82,1,13,1,1,0","rabbit_spear,fist,118,-205.6,120,1,19,1,1,0","rabbit_spear,leg_up,-46.2,-107.4,-14.7,0,4,1,1,0","rabbit_spear,leg_low,-64,-49.4,-16,0,10,1,1,0","rabbit_spear,foot,-77.8,-9.6,-40.6,0,13,1,1,0","rabbit_spear,leg_up,15.2,-115.2,35.7,0,12,1,1,0","rabbit_spear,leg_low,36.2,-60.8,-2.5,0,13,1,1,0","rabbit_spear,foot,32.8,-17.6,-37.5,0,15,1,1,0","rabbit_spear,base,104.4,-201.6,104,0,3,1,1,0",,"rabbit_spear,ear,17,-368.4,49,0,0,1,1,0","rabbit_spear,ear_back,52.2,-366.4,21,0,12,1,1,0","rabbit_spear,tail,-70.6,-149,-29,0,6,1,1,0",,,,,,,,,,,,,,,,,,,,,,,,,,,,,,,,,,,,,,,,,,,,,,,,,,,,,,,,,,,,,,,,,,,,,,,,,,,,,,,,,,,,,,,,,,,,,,,,,,,
Damaged/4,"rabbit_spear,head,33.8,-299.8,-20,0,2,1,1,0","rabbit_spear,neck,14.8,-270.6,-18,0,4,1,1,0","rabbit_spear,body,-4.8,-197.6,-16.5,0,5,1,1,0","rabbit_spear,arm_up,-20.2,-241.6,-57,0,3,1,1,0","rabbit_spear,arm_low,-47.6,-205.8,-33,0,4,1,1,0","rabbit_spear,fist,-52.6,-172.4,-39,0,2,1,1,0","rabbit_spear,arm_up,39.4,-235,54,1,13,1,1,0","rabbit_spear,arm_low,77.4,-212.2,84,1,13,1,1,0","rabbit_spear,fist,109,-212.6,129,1,19,1,1,0","rabbit_spear,leg_up,-46.2,-109.4,-14.7,0,4,1,1,0","rabbit_spear,leg_low,-64,-51.4,-18,0,10,1,1,0","rabbit_spear,foot,-77.8,-9.6,-40.6,0,13,1,1,0","rabbit_spear,leg_up,15.2,-118.2,33.7,0,12,1,1,0","rabbit_spear,leg_low,36.2,-60.8,-2.5,0,13,1,1,0","rabbit_spear,foot,32.8,-17.6,-31.5,0,15,1,1,0","rabbit_spear,base,104.4,-216.6,106,0,3,1,1,0",,"rabbit_spear,ear,-14,-373.4,61,0,0,1,1,0","rabbit_spear,ear_back,21.2,-371.4,33,0,12,1,1,0","rabbit_spear,tail,-76.6,-149,-22,0,6,1,1,0",,,,,,,,,,,,,,,,,,,,,,,,,,,,,,,,,,,,,,,,,,,,,,,,,,,,,,,,,,,,,,,,,,,,,,,,,,,,,,,,,,,,,,,,,,,,,,,,,,,
Damaged/5,"rabbit_spear,head,24.8,-303.8,-15,0,2,1,1,0","rabbit_spear,neck,10.8,-274.6,-14,0,4,1,1,0","rabbit_spear,body,-5.8,-198.6,-15.5,0,5,1,1,0","rabbit_spear,arm_up,-26.2,-246.6,-63,0,3,1,1,0","rabbit_spear,arm_low,-58.6,-217.8,-33,0,4,1,1,0","rabbit_spear,fist,-63.6,-184.4,-39,0,2,1,1,0","rabbit_spear,arm_up,39.4,-240,54,1,13,1,1,0","rabbit_spear,arm_low,77.4,-226.2,104,1,13,1,1,0","rabbit_spear,fist,109,-231.6,149,1,19,1,1,0","rabbit_spear,leg_up,-46.2,-109.4,-18.7,0,4,1,1,0","rabbit_spear,leg_low,-66,-51.4,-14,0,10,1,1,0","rabbit_spear,foot,-77.8,-9.6,-40.6,0,13,1,1,0","rabbit_spear,leg_up,15.2,-118.2,33.7,0,12,1,1,0","rabbit_spear,leg_low,36.2,-60.8,-2.5,0,13,1,1,0","rabbit_spear,foot,32.8,-17.6,-31.5,0,15,1,1,0","rabbit_spear,base,104.4,-229.6,105,0,3,1,1,0",,"rabbit_spear,ear,-23,-377.4,66,0,0,1,1,0","rabbit_spear,ear_back,12.2,-375.4,38,0,12,1,1,0","rabbit_spear,tail,-76.6,-149,-22,0,6,1,1,0",,,,,,,,,,,,,,,,,,,,,,,,,,,,,,,,,,,,,,,,,,,,,,,,,,,,,,,,,,,,,,,,,,,,,,,,,,,,,,,,,,,,,,,,,,,,,,,,,,,
Default/0,"rabbit_spear,head,0.8,-312.8,-9,0,2,1,1,0","rabbit_spear,neck,-5.2,-281.6,-1,0,4,1,1,0","rabbit_spear,body,-4.8,-215.6,-1.5,0,5,1,1,0","rabbit_spear,arm_up,-38.2,-245.6,-67,0,4,1,1,0","rabbit_spear,arm_low,-75.6,-227.2,-82,0,7,1,1,0","rabbit_spear,fist,-110.4,-217.8,-100,0,12,1,1,0","rabbit_spear,arm_up,30.4,-246,65,1,13,1,1,0","rabbit_spear,arm_low,71.4,-226.2,77,1,15,1,1,0","rabbit_spear,fist,101,-206.6,23,0,21,1,1,0","rabbit_spear,leg_up,-29.2,-114.4,-17.7,0,4,1,1,0","rabbit_spear,leg_low,-44,-56.4,6,0,10,1,1,0","rabbit_spear,foot,-40.8,-9.6,-15.6,0,13,1,1,0","rabbit_spear,leg_up,5.2,-121.2,20.7,0,12,1,1,0","rabbit_spear,leg_low,29.2,-57.8,27.5,0,13,1,1,0","rabbit_spear,foot,51.8,-15.6,3.5,0,15,1,1,0",,,"rabbit_spear,ear,-50,-384.4,66,0,0,1,1,0","rabbit_spear,ear_back,-18.8,-390.4,52,0,12,1,1,0","rabbit_spear,tail,-56.6,-145,-5,0,6,1,1,0",,,,,,,,,,,,,,,,,,,,,,,,,,,,,,,,,,,,,,,,,,,,,,,,,,,,,,,,,,,,,,,,,,,,,,,,,,,,,,,,,,,,,,,,,,,,,,,,,,,
Die/0,"rabbit_spear,close,-33.2,-295.8,22,0,2,1,1,0","rabbit_spear,neck,-27.2,-253.6,15,0,5,1,1,0","rabbit_spear,body,-10.8,-181.6,8.5,0,5,1,1,0","rabbit_spear,arm_up,-57.2,-227.6,-75,0,5,1,1,0","rabbit_spear,arm_low,-97.6,-206.8,-60,0,7,1,1,0","rabbit_spear,fist,-116.6,-183.4,-84,0,12,1,1,0","rabbit_spear,arm_up,24.4,-226,100,1,13,1,1,0","rabbit_spear,arm_low,68.4,-236.2,133,1,15,1,1,0","rabbit_spear,fist,97,-255.6,168,1,21,1,1,0","rabbit_spear,leg_up,-21.2,-98.4,-6.7,0,4,1,1,0","rabbit_spear,leg_low,-37,-30.4,-18,0,10,1,1,0","rabbit_spear,foot,-57.8,10.4,-54.6,0,13,1,1,0","rabbit_spear,leg_up,25.2,-106.2,43.7,0,12,1,1,0","rabbit_spear,leg_low,65.2,-56.8,34.5,0,13,1,1,0","rabbit_spear,foot,84.8,-17.6,-16.5,0,15,1,1,0","rabbit_spear,base,86.4,-275.6,-151,0,24,1,1,0",,"rabbit_spear,ear,-113,-335.4,96,0,0,1,1,0","rabbit_spear,ear_back,-81.8,-341.4,82,0,12,1,1,0","rabbit_spear,tail,-51.6,-111,-5,0,6,1,1,0",,,,,,,,,,,,,,,,,,,,,,,,,,,,,,,,,,,,,,,,,,,,,,,,,,,,,,,,,,,,,,,,,,,,,,,,,,,,,,,,,,,,,,,,,,,,,,,,,,,
Die/1,"rabbit_spear,close,-94.6,-293.8,47,0,2,1,1,0","rabbit_spear,neck,-75.6,-266.6,47,0,4,1,1,0","rabbit_spear,body,-29.2,-214.6,38.5,0,5,1,1,0","rabbit_spear,arm_up,-95.6,-220.6,-55,0,5,1,1,0","rabbit_spear,arm_low,-126,-194.8,-60,0,7,1,1,0","rabbit_spear,fist,-144,-176.4,-84,0,12,1,1,0","rabbit_spear,arm_up,-24,-263,109,1,13,1,1,0","rabbit_spear,arm_low,20,-279.2,131,1,15,1,1,0","rabbit_spear,fist,47.6,-302.6,176,1,19,1,1,0","rabbit_spear,leg_up,-26,-127,-31.7,0,4,1,1,0","rabbit_spear,leg_low,-63,-75,-30,0,10,1,1,0","rabbit_spear,foot,-90,-40,-76.6,0,13,1,1,0","rabbit_spear,leg_up,22.8,-172.2,73.7,0,12,1,1,0","rabbit_spear,leg_low,71.8,-143.8,37.5,0,13,1,1,0","rabbit_spear,foot,97.4,-112.6,5.5,0,15,1,1,0","rabbit_spear,base,20,-354.6,-151,0,21,1,1,0",,"rabbit_spear,ear,-176.4,-254.4,145,0,0,1,1,0","rabbit_spear,ear_back,-159.2,-284.4,113,0,12,1,1,0","rabbit_spear,tail,-42,-160,-11,0,6,1,1,0",,,,,,,,,,,,,,,,,,,,,,,,,,,,,,,,,,,,,,,,,,,,,,,,,,,,,,,,,,,,,,,,,,,,,,,,,,,,,,,,,,,,,,,,,,,,,,,,,hold,,
Die/2,"rabbit_spear,close,-109.6,-245.8,54,0,2,1,1,0","rabbit_spear,neck,-85.6,-222.6,52,0,4,1,1,0","rabbit_spear,body,-19.2,-184.6,58.5,0,5,1,1,0","rabbit_spear,arm_up,-85.6,-172.6,-35,0,4,1,1,0","rabbit_spear,arm_low,-113,-130.8,-40,0,7,1,1,0","rabbit_spear,fist,-128,-94.4,-54,0,12,1,1,0","rabbit_spear,arm_up,-24,-233,109,1,13,1,1,0","rabbit_spear,arm_low,20,-249.2,128,1,15,1,1,0","rabbit_spear,fist,48.6,-269.6,173,1,19,1,1,0","rabbit_spear,leg_up,26.4,-105.4,7.3,0,4,1,1,0","rabbit_spear,leg_low,11.6,-54.4,-47,0,10,1,1,0","rabbit_spear,foot,-25.2,-29.6,-102.6,0,13,1,1,0","rabbit_spear,leg_up,44.8,-161.2,91.7,0,12,1,1,0","rabbit_spear,leg_low,97.8,-143.8,42.5,0,13,1,1,0","rabbit_spear,foot,128.4,-108.6,7.5,0,15,1,1,0","rabbit_spear,base,140,-324.6,169,0,21,1,1,0",,"rabbit_spear,ear,-189.4,-200.4,150,0,0,1,1,0","rabbit_spear,ear_back,-177.2,-227.4,126,0,12,1,1,0","rabbit_spear,tail,-3,-118,24,0,6,1,1,0",,,,,,,,,,,,,,,,,,,,,,,,,,,,,,,,,,,,,,,,,,,,,,,,,,,,,,,,,,,,,,,,,,,,,,,,,,,,,,,,,,,,,,,,,,,,,,,,,,,
Die/3,"rabbit_spear,close,-111.6,-195.8,60,0,2,1,1,0","rabbit_spear,neck,-85.6,-176.6,52,0,4,1,1,0","rabbit_spear,body,-19.2,-138.6,58.5,0,5,1,1,0","rabbit_spear,arm_up,-85.6,-126.6,-15,0,4,1,1,0","rabbit_spear,arm_low,-93,-84.8,-10,0,7,1,1,0","rabbit_spear,fist,-90,-48.4,-34,0,12,1,1,0","rabbit_spear,arm_up,-44,-187,109,1,13,1,1,0","rabbit_spear,arm_low,0,-203.2,128,1,15,1,1,0","rabbit_spear,fist,28.6,-223.6,173,1,19,1,1,0","rabbit_spear,leg_up,36.4,-59.4,27.3,0,4,1,1,0","rabbit_spear,leg_low,51.6,-7.4,-7,0,10,1,1,0","rabbit_spear,foot,38.8,36.4,-60,0,13,1,1,0","rabbit_spear,leg_up,44.8,-112.2,91.7,0,12,1,1,0","rabbit_spear,leg_low,98.8,-92.8,44.5,0,13,1,1,0","rabbit_spear,foot,128.4,-57.6,7.5,0,15,1,1,0","rabbit_spear,base,160,-268.6,159,0,21,1,1,0",,"rabbit_spear,ear,-191.4,-145.4,153,0,0,1,1,0","rabbit_spear,ear_back,-179.2,-172.4,129,0,12,1,1,0","rabbit_spear,tail,-3,-72,24,0,6,1,1,0",,,,,,,,,,,,,,,,,,,,,,,,,,,,,,,,,,,,,,,,,,,,,,,,,,,,,,,,,,,,,,,,,,,,,,,,,,,,,,,,,,,,,,,,,,,,,,,,,,,
Die/4,"rabbit_spear,close,-134.6,-56.8,108,0,2,1,1,0","rabbit_spear,neck,-98.6,-61.6,106,0,4,1,1,0","rabbit_spear,body,-23.2,-78.6,98.5,0,5,1,1,0","rabbit_spear,arm_up,-61.6,-39.6,35,0,4,1,1,0","rabbit_spear,arm_low,-28,-14.8,68,0,7,1,1,0","rabbit_spear,fist,10,-14.4,65,0,12,1,1,0","rabbit_spear,arm_up,-70,-87,129,1,13,1,1,0","rabbit_spear,arm_low,-28,-114.2,128,1,15,1,1,0","rabbit_spear,fist,0.6,-134.6,173,1,19,1,1,0","rabbit_spear,leg_up,70.4,-54.4,57.3,0,4,1,1,0","rabbit_spear,leg_low,110.6,-17.4,33,0,10,1,1,0","rabbit_spear,foot,133.8,18.4,9,0,13,1,1,0","rabbit_spear,leg_up,64.8,-96.2,102.7,0,12,1,1,0","rabbit_spear,leg_low,121.8,-88.8,54.5,0,13,1,1,0","rabbit_spear,foot,151.4,-63.6,27.5,0,15,1,1,0","rabbit_spear,base,220,-28.6,79,0,21,1,1,0",,"rabbit_spear,ear,-165.4,24.6,-172,0,0,1,1,0","rabbit_spear,ear_back,-167.2,-5.4,153,0,12,1,1,0","rabbit_spear,tail,-3,-72,24,0,6,1,1,0",,,,,,,,,,,,,,,,,,,,,,,,,,,,,,,,,,,,,,,,,,,,,,,,,,,,,,,,,,,,,,,,,,,,,,,,,,,,,,,,,,,,,,,,,,,,,,,,,,,
Die/5,"rabbit_spear,close,-98.8,-39.2,59,0,2,1,1,0","rabbit_spear,neck,-71.6,-16.6,102,0,4,1,1,0","rabbit_spear,body,-1,-45.4,115.5,0,5,1,1,0","rabbit_spear,arm_up,-33.6,-43,-32,0,5,1,1,0","rabbit_spear,arm_low,-19,-83,165,0,4,1,1,0","rabbit_spear,fist,-17.2,-116.4,139,0,9,1,1,0","rabbit_spear,arm_up,-33.2,-57.8,144,1,13,1,1,0","rabbit_spear,arm_low,-25.8,-86.6,169,1,13,1,1,0","rabbit_spear,fist,-14.2,-120,-150,1,19,1,1,0","rabbit_spear,leg_up,83.6,-77.2,121,0,4,1,1,0","rabbit_spear,leg_low,141.4,-89.6,78,0,10,1,1,0","rabbit_spear,foot,181.8,-78.4,49,0,13,1,1,0","rabbit_spear,leg_up,56.4,-87,176,0,12,1,1,0","rabbit_spear,leg_low,72,-147.2,151,0,13,1,1,0","rabbit_spear,foot,93.2,-183.2,120,0,15,1,1,0","rabbit_spear,base,220,-24.6,99,0,21,1,1,0",,"rabbit_spear,ear,-187.8,-12.4,136,0,0,1,1,0","rabbit_spear,ear_back,-168.2,-50.6,92,0,12,1,1,0","rabbit_spear,tail,90.4,-31.6,119,0,6,1,1,0",,,,,,,,,,,,,,,,,,,,,,,,,,,,,,,,,,,,,,,,,,,,,,,,,,,,,,,,,,,,,,,,,,,,,,,,,,,,,,,,,,,,,,,,,,,,,,,,,,,
Die/6,"rabbit_spear,close,-102.4,-31.2,80,0,2,1,1,0","rabbit_spear,neck,-67.2,-23.6,91,0,4,1,1,0","rabbit_spear,body,4.4,-28.4,90.5,0,5,1,1,0","rabbit_spear,arm_up,-26.2,-20,114,0,4,1,1,0","rabbit_spear,arm_low,9,-49.4,145,0,4,1,1,0","rabbit_spear,fist,30,-72.2,89,0,5,1,1,0","rabbit_spear,arm_up,-40.8,-36.8,122,1,13,1,1,0","rabbit_spear,arm_low,-2.4,-61.6,131,1,13,1,1,0","rabbit_spear,fist,36.2,-74,132,1,19,1,1,0","rabbit_spear,leg_up,103.2,-20.8,87,0,4,1,1,0","rabbit_spear,leg_low,170.4,-10.4,76,0,10,1,1,0","rabbit_spear,foot,216,-4.8,65,0,13,1,1,0","rabbit_spear,leg_up,68.8,-38,127,0,12,1,1,0","rabbit_spear,leg_low,108,-59.2,107,0,13,1,1,0","rabbit_spear,foot,143.2,-70,93,0,15,1,1,0","rabbit_spear,base,220,-16.6,89,0,21,1,1,0",,"rabbit_spear,ear,-182.4,-2.4,131,0,0,1,1,0","rabbit_spear,ear_back,-172.8,-37.6,100,0,12,1,1,0","rabbit_spear,tail,72,12.2,110,0,6,1,1,0",,,,,,,,,,,,,,,,,,,,,,,,,,,,,,,,,,,,,,,,,,,,,,,,,,,,,,,,,,,,,,,,,,,,,,,,,,,,,,,,,,,,,,,,,,,,,,,,,,,
Die/7,"rabbit_spear,close,-102.4,-31.2,85,0,2,1,1,0","rabbit_spear,neck,-67.2,-22.6,98,0,4,1,1,0","rabbit_spear,body,4.4,-28.4,90.5,0,5,1,1,0","rabbit_spear,arm_up,-31.2,-8,84,0,0,1,1,0","rabbit_spear,arm_low,18,-7.4,77,0,2,1,1,0","rabbit_spear,fist,50,-6.2,76,0,3,1,1,0","rabbit_spear,arm_up,-30.8,-32.8,93,1,13,1,1,0","rabbit_spear,arm_low,-7.4,-33.6,145,1,13,1,1,0","rabbit_spear,fist,38.4,-26.4,-168,1,19,1,1,0","rabbit_spear,leg_up,103.2,-20.8,87,0,4,1,1,0","rabbit_spear,leg_low,170.4,-10.4,76,0,10,1,1,0","rabbit_spear,foot,216,-2.8,58,0,13,1,1,0","rabbit_spear,leg_up,72.8,-32,94,0,12,1,1,0","rabbit_spear,leg_low,133.6,-18.6,79,0,13,1,1,0","rabbit_spear,foot,168.8,-29.4,65,0,15,1,1,0","rabbit_spear,base,220,-9.6,90,0,21,1,1,0",,"rabbit_spear,ear,-182.4,-2.4,131,0,0,1,1,0","rabbit_spear,ear_back,-172.8,-37.6,100,0,12,1,1,0","rabbit_spear,tail,72,12.2,110,0,6,1,1,0",,,,,,,,,,,,,,,,,,,,,,,,,,,,,,,,,,,,,,,,,,,,,,,,,,,,,,,,,,,,,,,,,,,,,,,,,,,,,,,,,,,,,,,,,,,,,,,,,,,
EXCLUDE_Arrive2/0,"rabbit_spear,head,38.4,-2001.2,-14,0,2,1,1,0","rabbit_spear,neck,16.4,-1983.2,-71,0,4,1,1,0","rabbit_spear,body,-48.4,-1979.2,-94.5,0,5,1,1,0","rabbit_spear,arm_up,-22,-1966.4,-11,0,5,1,1,0","rabbit_spear,arm_low,-28.8,-1927.2,8,0,4,1,1,0","rabbit_spear,fist,-22.4,-1895.2,-34,0,9,1,1,0","rabbit_spear,arm_up,4.8,-1961.6,22,1,13,1,1,0","rabbit_spear,arm_low,27.6,-1934.8,65,1,13,1,1,0","rabbit_spear,fist,52.8,-1926.4,107,1,19,1,1,0","rabbit_spear,leg_up,-128.8,-1968.4,-44.7,0,4,1,1,0","rabbit_spear,leg_low,-174,-1934,-64,0,10,1,1,0","rabbit_spear,foot,-210,-1919.2,-73,0,13,1,1,0","rabbit_spear,leg_up,-102.8,-1953.2,-40,0,12,1,1,0","rabbit_spear,leg_low,-150,-1913.6,-59,0,13,1,1,0","rabbit_spear,foot,-191.6,-1894.4,-78,0,15,1,1,0","rabbit_spear,base,130,-1954,114,0,21,1.1,1.1,0",,"rabbit_spear,ear,18,-2090.4,40,0,0,1,1,0","rabbit_spear,ear_back,69.6,-2076.8,-5,0,12,1,1,0","rabbit_spear,tail,-126,-2020,-58,0,2,1,1,0",,,,,,,,"animal_eagle,head,114.8,-2212.8,-35,0,4,1,1,0","animal_eagle,neck,63.6,-2182.8,-54,0,6,1,1,0","animal_eagle,body,-24,-2160,-84,0,7,1,1,0","animal_eagle,fly,-178.4,-2275.6,-33,0,10,1,1,0",,,"animal_eagle,fly,-225.2,-2244,-29,0,0,1,1,0",,,"animal_eagle,leg_up,-56.4,-2087.2,-30,0,6,1,1,0","animal_eagle,leg_low,-89.6,-2041.6,-23,0,7,1,1,0","animal_eagle,foot,-82.8,-1994,-19,0,7,1,1,0","animal_eagle,leg_up,-18.8,-2091.2,-12,0,9,1,1,0","animal_eagle,leg_low,-42,-2039.2,-10,0,10,1,1,0","animal_eagle,foot,-20,-1996.4,-4,0,11,1,1,0",,,"animal_eagle,tail,-143.2,-2171.2,-50,0,6,1,1,0",,,,,,,,,,,,,,,,,,,,,,,,,,,,,,,,,,,,,,,,,,,,,,,,,,,,,,,,,,,,,,,,,,,,,,,,,play_time_mod_0.5,
EXCLUDE_Arrive2/1,"rabbit_spear,head,38.4,-2005.2,-12,0,2,1,1,0","rabbit_spear,neck,16.4,-1981.2,-71,0,4,1,1,0","rabbit_spear,body,-48.4,-1981.2,-89.5,0,5,1,1,0","rabbit_spear,arm_up,-22,-1964.4,-11,0,5,1,1,0","rabbit_spear,arm_low,-24.8,-1925.2,16,0,4,1,1,0","rabbit_spear,fist,-14.4,-1893.2,-17,0,9,1,1,0","rabbit_spear,arm_up,4.8,-1959.6,22,1,13,1,1,0","rabbit_spear,arm_low,27.6,-1936.8,78,1,13,1,1,0","rabbit_spear,fist,52.8,-1934.4,125,1,19,1,1,0","rabbit_spear,leg_up,-128.8,-1966.4,-44.7,0,4,1,1,0","rabbit_spear,leg_low,-174,-1932,-64,0,10,1,1,0","rabbit_spear,foot,-210,-1917.2,-73,0,13,1,1,0","rabbit_spear,leg_up,-102.8,-1951.2,-40,0,12,1,1,0","rabbit_spear,leg_low,-150,-1911.6,-59,0,13,1,1,0","rabbit_spear,foot,-191.6,-1892.4,-78,0,15,1,1,0","rabbit_spear,base,130,-1998,129,0,21,1.1,1.1,0",,"rabbit_spear,ear,0,-2092.4,56,0,0,1,1,0","rabbit_spear,ear_back,49.6,-2084.8,18,0,12,1,1,0","rabbit_spear,tail,-126,-2022,-69,0,2,1,1,0",,,,,,,,"animal_eagle,head,114.8,-2210.8,-35,0,4,1,1,0","animal_eagle,neck,63.6,-2180.8,-54,0,6,1,1,0","animal_eagle,body,-24,-2158,-84,0,7,1,1,0","animal_eagle,fly,-184.4,-2265.6,-27,0,10,1,1,0",,,"animal_eagle,fly,-229.2,-2236,-22,0,0,1,1,0",,,"animal_eagle,leg_up,-56.4,-2085.2,-30,0,6,1,1,0","animal_eagle,leg_low,-89.6,-2039.6,-23,0,7,1,1,0","animal_eagle,foot,-82.8,-1992,-19,0,7,1,1,0","animal_eagle,leg_up,-18.8,-2089.2,-12,0,9,1,1,0","animal_eagle,leg_low,-42,-2037.2,-10,0,10,1,1,0","animal_eagle,foot,-20,-1994.4,-4,0,11,1,1,0",,,"animal_eagle,tail,-143.2,-2169.2,-50,0,6,1,1,0",,,,,,,,,,,,,,,,,,,,,,,,,,,,,,,,,,,,,,,,,,,,,,,,,,,,,,,,,,,,,,,,,,,,,,,,,play_time_mod_0.5,
EXCLUDE_Arrive2/2,"rabbit_spear,head,42.6,-2008.2,-9,0,2,1,1,0","rabbit_spear,neck,24.6,-1996.2,-59,0,4,1,1,0","rabbit_spear,body,-50.2,-1982.2,-83.5,0,5,1,1,0","rabbit_spear,arm_up,-17.8,-1953.4,24,0,5,1,1,0","rabbit_spear,arm_low,-0.6,-1924.2,50,0,4,1,1,0","rabbit_spear,fist,29.8,-1902.2,8,0,9,1,1,0","rabbit_spear,arm_up,13,-1970.6,22,1,13,1,1,0","rabbit_spear,arm_low,35.8,-1943.8,65,1,13,1,1,0","rabbit_spear,fist,61,-1935.4,107,1,19,1,1,0","rabbit_spear,leg_up,-130.6,-1963.4,-44.7,0,4,1,1,0","rabbit_spear,leg_low,-175.8,-1929,-64,0,10,1,1,0","rabbit_spear,foot,-211.8,-1914.2,-73,0,13,1,1,0","rabbit_spear,leg_up,-104.6,-1948.2,-40,0,12,1,1,0","rabbit_spear,leg_low,-151.8,-1908.6,-59,0,13,1,1,0","rabbit_spear,foot,-193.4,-1889.4,-78,0,15,1,1,0","rabbit_spear,base,104.2,-2011,154,0,21,1.1,1.1,0",,"rabbit_spear,ear,-19.8,-2075.4,83,0,0,1,1,0","rabbit_spear,ear_back,23.8,-2089.8,53,0,12,1,1,0","rabbit_spear,tail,-127.8,-2023,-78,0,2,1,1,0",,,,,,,,"animal_eagle,head,115,-2179.8,-67,0,4,1,1,0","animal_eagle,neck,61.8,-2169.8,-58,0,6,1,1,0","animal_eagle,body,-25.8,-2151,-84,0,7,1,1,0","animal_eagle,fly,-184.2,-2262.6,-31,0,10,1,1,0",,,"animal_eagle,fly,-231,-2231,-27,0,0,1,1,0",,,"animal_eagle,leg_up,-58.2,-2078.2,-28,0,6,1,1,0","animal_eagle,leg_low,-89.4,-2046.6,-25,0,7,1,1,0","animal_eagle,foot,-84.6,-1999,-17,0,7,1,1,0","animal_eagle,leg_up,-20.6,-2082.2,-10,0,9,1,1,0","animal_eagle,leg_low,-43.8,-2030.2,-8,0,10,1,1,0","animal_eagle,foot,-21.8,-1987.4,-2,0,11,1,1,0",,,"animal_eagle,tail,-145,-2148.2,-37,0,6,1,1,0",,,,,,,,,,,,,,,,,,,,,,,,,,,,,,,,,,,,,,,,,,,,,,,,,,,,,,,,,,,,,,,,,,,,,,,,,play_time_mod_0.5,
EXCLUDE_Arrive2/3,"rabbit_spear,head,46,-2006.2,-21,0,2,1,1,0","rabbit_spear,neck,28,-1998.2,-59,0,4,1,1,0","rabbit_spear,body,-46.8,-1980.2,-90.5,0,5,1,1,0","rabbit_spear,arm_up,-10.4,-1961.4,17,0,5,1,1,0","rabbit_spear,arm_low,-1.2,-1924.2,41,0,4,1,1,0","rabbit_spear,fist,27.2,-1896.2,3,0,9,1,1,0","rabbit_spear,arm_up,16.4,-1966.6,17,1,13,1,1,0","rabbit_spear,arm_low,39.2,-1941.8,59,1,13,1,1,0","rabbit_spear,fist,64.4,-1929.4,107,1,19,1,1,0","rabbit_spear,leg_up,-127.2,-1965.4,-44.7,0,4,1,1,0","rabbit_spear,leg_low,-172.4,-1931,-64,0,10,1,1,0","rabbit_spear,foot,-208.4,-1916.2,-73,0,13,1,1,0","rabbit_spear,leg_up,-101.2,-1950.2,-40,0,12,1,1,0","rabbit_spear,leg_low,-148.4,-1910.6,-59,0,13,1,1,0","rabbit_spear,foot,-190,-1891.4,-78,0,15,1,1,0","rabbit_spear,base,107.6,-1987,146,0,21,1.1,1.1,0",,"rabbit_spear,ear,-2.4,-2077.4,78,0,0,1,1,0","rabbit_spear,ear_back,41.2,-2081.8,45,0,12,1,1,0","rabbit_spear,tail,-124.4,-2017,-58,0,2,1,1,0",,,,,,,,"animal_eagle,head,140.4,-2209.8,-55,0,4,1,1,0","animal_eagle,neck,87.2,-2195.8,-55,0,6,1,1,0","animal_eagle,body,-0.4,-2177,-81,0,7,1,1,0","animal_eagle,fly,-158.8,-2288.6,-28,0,10,1,1,0",,,"animal_eagle,fly,-205.6,-2257,-24,0,0,1,1,0",,,"animal_eagle,leg_up,-32.8,-2104.2,-25,0,6,1,1,0","animal_eagle,leg_low,-64,-2072.6,-22,0,7,1,1,0","animal_eagle,foot,-59.2,-2025,-14,0,7,1,1,0","animal_eagle,leg_up,4.8,-2108.2,-7,0,9,1,1,0","animal_eagle,leg_low,-18.4,-2056.2,-5,0,10,1,1,0","animal_eagle,foot,3.6,-2013.4,1,0,11,1,1,0",,,"animal_eagle,tail,-119.6,-2174.2,-34,0,6,1,1,0",,,,,,,,,,,,,,,,,,,,,,,,,,,,,,,,,,,,,,,,,,,,,,,,,,,,,,,,,,,,,,,,,,,,,,,,,play_time_mod_0.5,
EXCLUDE_Arrive2/4,"rabbit_spear,head,55,-1900.4,-65,0,2,1,1,0","rabbit_spear,neck,29,-1892.4,-89,0,4,1,1,0","rabbit_spear,body,-39.8,-1906.4,-110.5,0,5,1,1,0","rabbit_spear,arm_up,-19.4,-1907.6,-45,0,5,1,1,0","rabbit_spear,arm_low,-42.2,-1884.4,-37,0,4,1,1,0","rabbit_spear,fist,-47.8,-1856.4,-55,0,9,1,1,0","rabbit_spear,arm_up,15.4,-1878.8,16,1,13,1,1,0","rabbit_spear,arm_low,36.2,-1846,42,1,13,1,1,0","rabbit_spear,fist,61.4,-1829.6,92,1,19,1,1,0","rabbit_spear,leg_up,-132.2,-1917.6,-68.7,0,4,1,1,0","rabbit_spear,leg_low,-177.4,-1905.2,-81,0,10,1,1,0","rabbit_spear,foot,-217.4,-1912.4,-162,0,13,1,1,0","rabbit_spear,leg_up,-108.2,-1898.4,-57,0,12,1,1,0","rabbit_spear,leg_low,-151.4,-1878.8,-81,0,13,1,1,0","rabbit_spear,foot,-193,-1881.6,-133,0,15,1,1,0","rabbit_spear,base,96.6,-1819.2,76,0,21,1,1,0",,"rabbit_spear,ear,80.6,-1987.6,15,0,0,1,1,0","rabbit_spear,ear_back,126.2,-1942,-39,0,12,1,1,0","rabbit_spear,tail,-111.4,-1967.2,-76,0,2,1,1,0",,,,,,,,"animal_eagle,head,185.4,-2254,-11,0,4,1,1,0","animal_eagle,neck,150.2,-2220,-43,0,6,1,1,0","animal_eagle,body,64.6,-2175.2,-62,0,7,1,1,0","animal_eagle,fly,-93.8,-2268.8,-27,0,10,1,1,0",,,"animal_eagle,fly,-142.6,-2215.2,-15,0,0,1,1,0",,,"animal_eagle,leg_up,32.2,-2092.4,-28,0,6,1,1,0","animal_eagle,leg_low,-7,-2056.8,-34,0,7,1,1,0","animal_eagle,foot,-10.2,-2013.2,-22,0,7,1,1,0","animal_eagle,leg_up,69.8,-2104.4,-5,0,9,1,1,0","animal_eagle,leg_low,50.6,-2054.4,-20,0,10,1,1,0","animal_eagle,foot,68.6,-2001.6,-2,0,11,1,1,0",,,"animal_eagle,tail,-54.6,-2142.4,-24,0,6,1,1,0",,,,,,,,,,,,,,,,,,,,,,,,,,,,,,,,,,,,,,,,,,,,,,,,,,,,,,,,,,,,,,,,,,,,,,,,,play_time_mod_0.5,
EXCLUDE_Arrive2/5,"rabbit_spear,head,89.8,-1781.6,-93,0,2,1,1,0","rabbit_spear,neck,59.8,-1787.6,-111,0,4,1,1,0","rabbit_spear,body,-9,-1817.6,-120.5,0,5,1,1,0","rabbit_spear,arm_up,11.4,-1818.8,-43,0,5,1,1,0","rabbit_spear,arm_low,-11.4,-1795.6,-35,0,4,1,1,0","rabbit_spear,fist,-17,-1761.6,-53,0,9,1,1,0","rabbit_spear,arm_up,44.2,-1760,-47,1,13,1,1,0","rabbit_spear,arm_low,29.8,-1734,-11,1,13,1,1,0","rabbit_spear,fist,30.6,-1699.2,63,1,19,1,1,0","rabbit_spear,leg_up,-93.4,-1862.8,-114,0,4,1,1,0","rabbit_spear,leg_low,-133.4,-1892.4,-134,0,10,1,1,0","rabbit_spear,foot,-158.2,-1928.8,-166,0,13,1,1,0","rabbit_spear,leg_up,-81.4,-1843.6,-112,0,12,1,1,0","rabbit_spear,leg_low,-119,-1884.4,-176,0,13,1,1,0","rabbit_spear,foot,-121.4,-1924.8,167,0,15,1,1,0","rabbit_spear,stab,51.4,-1670.8,37,0,21,1,1,0",,"rabbit_spear,ear,159.8,-1845.6,-14,0,0,1,1,0","rabbit_spear,ear_back,171.8,-1804.8,-48,0,12,1,1,0","rabbit_spear,tail,-66.6,-1892.4,-84,0,2,1,1,0",,,,,,,,"animal_eagle,head,258.2,-2477.2,-11,0,4,1,1,0","animal_eagle,neck,227,-2435.2,-43,0,6,1,1,0","animal_eagle,body,161.4,-2382.4,-56,0,7,1,1,0","animal_eagle,fly,-35,-2436,-13,0,10,1,1,0",,,"animal_eagle,fly,-55.8,-2378.4,3,0,0,1,1,0",,,"animal_eagle,leg_up,113,-2305.6,-16,0,6,1,1,0","animal_eagle,leg_low,81.8,-2258,-34,0,7,1,1,0","animal_eagle,foot,80.6,-2216.4,-18,0,7,1,1,0","animal_eagle,leg_up,166.6,-2315.6,3,0,9,1,1,0","animal_eagle,leg_low,147.4,-2261.6,-20,0,10,1,1,0","animal_eagle,foot,165.4,-2220.8,-2,0,11,1,1,0",,,"animal_eagle,tail,36.2,-2329.6,-24,0,6,1,1,0",,,,,,,,,,,,,,,,,,,,,,,,,,,,,,,,,,,,,,,,,,,,,,,,,,,,,,,,,,,,,,,,,,,,,,,,,play_time_mod_0.5,
EXCLUDE_Arrive2/6,"rabbit_spear,head,111.6,-1705.4,-96,0,2,1,1,0","rabbit_spear,neck,81.6,-1711.4,-114,0,4,1,1,0","rabbit_spear,body,12.8,-1741.4,-123.5,0,5,1,1,0","rabbit_spear,arm_up,33.2,-1742.6,-46,0,5,1,1,0","rabbit_spear,arm_low,10.4,-1719.4,-38,0,4,1,1,0","rabbit_spear,fist,4.8,-1685.4,-56,0,9,1,1,0","rabbit_spear,arm_up,66,-1683.8,-50,1,13,1,1,0","rabbit_spear,arm_low,51.6,-1657.8,-14,1,13,1,1,0","rabbit_spear,fist,52.4,-1623,60,1,19,1,1,0","rabbit_spear,leg_up,-71.6,-1796.6,-121,0,4,1,1,0","rabbit_spear,leg_low,-111.6,-1816.2,-137,0,10,1,1,0","rabbit_spear,foot,-136.4,-1852.6,-169,0,13,1,1,0","rabbit_spear,leg_up,-59.6,-1771.4,-115,0,12,1,1,0","rabbit_spear,leg_low,-97.2,-1808.2,-179,0,13,1,1,0","rabbit_spear,foot,-99.6,-1848.6,164,0,15,1,1,0","rabbit_spear,stab,69.2,-1576.6,31,0,21,1,1,1",,"rabbit_spear,ear,155.6,-1783.4,8,0,0,1,1,0","rabbit_spear,ear_back,163.6,-1770.6,-1,0,12,1,1,0","rabbit_spear,tail,-28.8,-1820.2,-108,0,2,1,1,0",,,,,,,,"animal_eagle,head,428.4,-2625.4,-8,0,4,0.7,0.7,0","animal_eagle,neck,405.2,-2599.4,-35,0,6,0.7,0.7,0","animal_eagle,body,355.8,-2554.6,-47,0,7,0.7,0.7,0","animal_eagle,fly,241.2,-2612.2,-9,0,10,0.7,0.7,0",,,"animal_eagle,fly,216.4,-2560.6,3,0,0,0.7,0.7,0",,,"animal_eagle,leg_up,307.2,-2517.8,-16,0,6,0.7,0.7,0","animal_eagle,leg_low,280.2,-2486.2,-37,0,7,0.7,0.7,0","animal_eagle,foot,275,-2452.6,-24,0,7,0.7,0.7,0","animal_eagle,leg_up,361,-2511.8,3,0,9,0.7,0.7,0","animal_eagle,leg_low,347.8,-2473.8,-20,0,10,0.7,0.7,0","animal_eagle,foot,355.8,-2445,-13,0,11,0.7,0.7,0",,,"animal_eagle,tail,290.4,-2541.8,-59,0,6,0.7,0.7,0",,,,,,,,,,,,,,,,,,,,,,,,,,,,,,,,,,,,,,,,,,,,,,,,,,,,,,,,,,,,,,,,,,,,,,,,,play_time_mod_0.5,
EXCLUDE_Arrive2/7,"rabbit_spear,head,113.8,-1613.6,-93,0,2,1,1,0","rabbit_spear,neck,83.8,-1619.6,-111,0,4,1,1,0","rabbit_spear,body,15.2,-1649.6,-120.5,0,5,1,1,0","rabbit_spear,arm_up,35.6,-1650.8,-43,0,5,1,1,0","rabbit_spear,arm_low,12.6,-1627.6,-35,0,4,1,1,0","rabbit_spear,fist,7.2,-1593.6,-53,0,9,1,1,0","rabbit_spear,arm_up,68.4,-1592,-47,1,13,1,1,0","rabbit_spear,arm_low,53.8,-1566,-11,1,13,1,1,0","rabbit_spear,fist,54.6,-1531.2,63,1,19,1,1,0","rabbit_spear,leg_up,-69.4,-1694.8,-114,0,4,1,1,0","rabbit_spear,leg_low,-109.2,-1724.4,-134,0,10,1,1,0","rabbit_spear,foot,-134.2,-1760.8,-166,0,13,1,1,0","rabbit_spear,leg_up,-57.4,-1675.6,-112,0,12,1,1,0","rabbit_spear,leg_low,-94.8,-1716.4,-176,0,13,1,1,0","rabbit_spear,foot,-97.4,-1756.8,167,0,15,1,1,0","rabbit_spear,stab,71.6,-1478.8,34,0,21,1,1,1",,"rabbit_spear,ear,145.8,-1689.6,16,0,0,1,1,0","rabbit_spear,ear_back,154,-1676.8,7,0,12,1,1,0","rabbit_spear,tail,-42.4,-1724.4,-84,0,2,1,1,0",,,,,,,,"animal_eagle,head,464.4,-2661.4,-8,0,4,0.5,0.5,0","animal_eagle,neck,447.2,-2641.4,-35,0,6,0.5,0.5,0","animal_eagle,body,415.8,-2614.6,-47,0,7,0.5,0.5,0","animal_eagle,fly,311.2,-2648.2,-9,0,10,0.5,0.5,0",,,"animal_eagle,fly,308.4,-2626.6,3,0,0,0.5,0.5,0",,,"animal_eagle,leg_up,369.2,-2583.8,-16,0,6,0.5,0.5,0","animal_eagle,leg_low,350.2,-2562.2,-37,0,7,0.5,0.5,0","animal_eagle,foot,349,-2548.6,-28,0,7,0.5,0.5,0","animal_eagle,leg_up,411,-2587.8,3,0,9,0.5,0.5,0","animal_eagle,leg_low,407.8,-2559.8,-20,0,10,0.5,0.5,0","animal_eagle,foot,415.8,-2537,-13,0,11,0.5,0.5,0",,,"animal_eagle,tail,362.4,-2603.8,-59,0,6,0.5,0.5,0",,,,,,,,,,,,,,,,,,,,,,,,,,,,,,,,,,,,,,,,,,,,,,,,,,,,,,,,,,,,,,,,,,,,,,,,,play_time_mod_0.5,
EXCLUDE_Arrive2/8,"rabbit_spear,head,113.8,-1333.6,-93,0,2,1,1,0","rabbit_spear,neck,83.8,-1339.6,-111,0,4,1,1,0","rabbit_spear,body,15.2,-1369.6,-120.5,0,5,1,1,0","rabbit_spear,arm_up,35.6,-1370.8,-43,0,5,1,1,0","rabbit_spear,arm_low,12.6,-1347.6,-35,0,4,1,1,0","rabbit_spear,fist,7.2,-1313.6,-53,0,9,1,1,0","rabbit_spear,arm_up,68.4,-1312,-47,1,13,1,1,0","rabbit_spear,arm_low,53.8,-1286,-11,1,13,1,1,0","rabbit_spear,fist,54.6,-1251.2,63,1,19,1,1,0","rabbit_spear,leg_up,-69.4,-1414.8,-114,0,4,1,1,0","rabbit_spear,leg_low,-109.2,-1444.4,-134,0,10,1,1,0","rabbit_spear,foot,-134.2,-1480.8,-166,0,13,1,1,0","rabbit_spear,leg_up,-57.4,-1395.6,-112,0,12,1,1,0","rabbit_spear,leg_low,-94.8,-1436.4,-176,0,13,1,1,0","rabbit_spear,foot,-97.4,-1476.8,167,0,15,1,1,0","rabbit_spear,stab,71.6,-1198.8,34,0,21,1,1,1",,"rabbit_spear,ear,145.8,-1409.6,16,0,0,1,1,0","rabbit_spear,ear_back,154,-1396.8,7,0,12,1,1,0","rabbit_spear,tail,-42.4,-1444.4,-84,0,2,1,1,0",,,,,,,,"animal_eagle,head,494.4,-2667.4,-8,0,4,0.3,0.3,0","animal_eagle,neck,485.2,-2659.4,-35,0,6,0.3,0.3,0","animal_eagle,body,467.8,-2642.6,-47,0,7,0.3,0.3,0","animal_eagle,fly,405.2,-2670.2,-9,0,10,0.3,0.3,0",,,"animal_eagle,fly,402.4,-2648.6,3,0,0,0.3,0.3,0",,,"animal_eagle,leg_up,439.2,-2625.8,-21,0,6,0.3,0.3,0","animal_eagle,leg_low,432.2,-2620.2,-42,0,7,0.3,0.3,0","animal_eagle,foot,431,-2606.6,-33,0,7,0.3,0.3,0","animal_eagle,leg_up,453,-2623.8,3,0,9,0.3,0.3,0","animal_eagle,leg_low,447.8,-2607.8,-20,0,10,0.3,0.3,0","animal_eagle,foot,451.8,-2603,-20,0,11,0.3,0.3,0",,,"animal_eagle,tail,436.4,-2635.8,-59,0,6,0.3,0.3,0",,,,,,,,,,,,,,,,,,,,,,,,,,,,,,,,,,,,,,,,,,,,,,,,,,,,,,,,,,,,,,,,,,,,,,,,,play_time_mod_0.5,
EXCLUDE_Arrive2/9,"rabbit_spear,head,113.8,-1093.6,-93,0,2,1,1,0","rabbit_spear,neck,83.8,-1099.6,-111,0,4,1,1,0","rabbit_spear,body,15.2,-1129.6,-120.5,0,5,1,1,0","rabbit_spear,arm_up,35.6,-1130.8,-43,0,5,1,1,0","rabbit_spear,arm_low,12.6,-1107.6,-35,0,4,1,1,0","rabbit_spear,fist,7.2,-1073.6,-53,0,9,1,1,0","rabbit_spear,arm_up,68.4,-1072,-47,1,13,1,1,0","rabbit_spear,arm_low,53.8,-1046,-11,1,13,1,1,0","rabbit_spear,fist,54.6,-1011.2,63,1,19,1,1,0","rabbit_spear,leg_up,-69.4,-1174.8,-114,0,4,1,1,0","rabbit_spear,leg_low,-109.2,-1204.4,-134,0,10,1,1,0","rabbit_spear,foot,-134.2,-1240.8,-166,0,13,1,1,0","rabbit_spear,leg_up,-57.4,-1155.6,-112,0,12,1,1,0","rabbit_spear,leg_low,-94.8,-1196.4,-176,0,13,1,1,0","rabbit_spear,foot,-97.4,-1236.8,167,0,15,1,1,0","rabbit_spear,stab,71.6,-958.8,34,0,21,1,1,1",,"rabbit_spear,ear,145.8,-1169.6,16,0,0,1,1,0","rabbit_spear,ear_back,154,-1156.8,7,0,12,1,1,0","rabbit_spear,tail,-42.4,-1204.4,-84,0,2,1,1,0",,,,,,,,,,,,,,,,,,,,,,,,,,,,,,,,,,,,,,,,,,,,,,,,,,,,,,,,,,,,,,,,,,,,,,,,,,,,,,,,,,,,,,,,,,,,,,,,,,play_time_mod_0.5,
EXCLUDE_Arrive2/10,"rabbit_spear,head,113.8,-813.6,-93,0,2,1,1,0","rabbit_spear,neck,83.8,-819.6,-111,0,4,1,1,0","rabbit_spear,body,15.2,-849.6,-120.5,0,5,1,1,0","rabbit_spear,arm_up,35.6,-850.8,-43,0,5,1,1,0","rabbit_spear,arm_low,12.6,-827.6,-35,0,4,1,1,0","rabbit_spear,fist,7.2,-793.6,-53,0,9,1,1,0","rabbit_spear,arm_up,68.4,-792,-47,1,13,1,1,0","rabbit_spear,arm_low,53.8,-766,-11,1,13,1,1,0","rabbit_spear,fist,54.6,-731.2,63,1,19,1,1,0","rabbit_spear,leg_up,-69.4,-894.8,-114,0,4,1,1,0","rabbit_spear,leg_low,-109.2,-924.4,-134,0,10,1,1,0","rabbit_spear,foot,-134.2,-960.8,-166,0,13,1,1,0","rabbit_spear,leg_up,-57.4,-875.6,-112,0,12,1,1,0","rabbit_spear,leg_low,-94.8,-916.4,-176,0,13,1,1,0","rabbit_spear,foot,-97.4,-956.8,167,0,15,1,1,0","rabbit_spear,stab,71.6,-678.8,34,0,21,1,1,1",,"rabbit_spear,ear,145.8,-889.6,16,0,0,1,1,0","rabbit_spear,ear_back,154,-876.8,7,0,12,1,1,0","rabbit_spear,tail,-42.4,-924.4,-84,0,2,1,1,0",,,,,,,,,,,,,,,,,,,,,,,,,,,,,,,,,,,,,,,,,,,,,,,,,,,,,,,,,,,,,,,,,,,,,,,,,,,,,,,,,,,,,,,,,,,,,,,,,,play_time_mod_0.5,
EXCLUDE_Arrive2/11,"rabbit_spear,head,113.8,-513.6,-93,0,2,1,1,0","rabbit_spear,neck,83.8,-519.6,-111,0,4,1,1,0","rabbit_spear,body,15.2,-549.6,-120.5,0,5,1,1,0","rabbit_spear,arm_up,35.6,-550.8,-43,0,5,1,1,0","rabbit_spear,arm_low,12.6,-527.6,-35,0,4,1,1,0","rabbit_spear,fist,7.2,-493.6,-53,0,9,1,1,0","rabbit_spear,arm_up,68.4,-492,-47,1,13,1,1,0","rabbit_spear,arm_low,53.8,-466,-11,1,13,1,1,0","rabbit_spear,fist,54.6,-431.2,63,1,19,1,1,0","rabbit_spear,leg_up,-69.4,-594.8,-114,0,4,1,1,0","rabbit_spear,leg_low,-109.2,-624.4,-134,0,10,1,1,0","rabbit_spear,foot,-134.2,-660.8,-166,0,13,1,1,0","rabbit_spear,leg_up,-57.4,-575.6,-112,0,12,1,1,0","rabbit_spear,leg_low,-94.8,-616.4,-176,0,13,1,1,0","rabbit_spear,foot,-97.4,-656.8,167,0,15,1,1,0","rabbit_spear,stab,71.6,-378.8,34,0,21,1,1,1",,"rabbit_spear,ear,145.8,-589.6,16,0,0,1,1,0","rabbit_spear,ear_back,154,-576.8,7,0,12,1,1,0","rabbit_spear,tail,-42.4,-624.4,-84,0,2,1,1,0",,,,,,,,,,,,,,,,,,,,,,,,,,,,,,,,,,,,,,,,,,,,,,,,,,,,,,,,,,,,,,,,,,,,,,,,,,,,,,,,,,,,,,,,,,,,,,,,,,play_time_mod_0.5,
EXCLUDE_Arrive2/12,"rabbit_spear,head,113.8,-233.6,-93,0,2,1,1,0","rabbit_spear,neck,83.8,-239.6,-111,0,4,1,1,0","rabbit_spear,body,15.2,-269.6,-120.5,0,5,1,1,0","rabbit_spear,arm_up,35.6,-270.8,-43,0,5,1,1,0","rabbit_spear,arm_low,12.6,-247.6,-35,0,4,1,1,0","rabbit_spear,fist,7.2,-213.6,-53,0,9,1,1,0","rabbit_spear,arm_up,68.4,-212,-47,1,13,1,1,0","rabbit_spear,arm_low,53.8,-186,-11,1,13,1,1,0","rabbit_spear,fist,54.6,-151.2,63,1,19,1,1,0","rabbit_spear,leg_up,-69.4,-314.8,-114,0,4,1,1,0","rabbit_spear,leg_low,-109.2,-344.4,-134,0,10,1,1,0","rabbit_spear,foot,-134.2,-380.8,-166,0,13,1,1,0","rabbit_spear,leg_up,-57.4,-295.6,-112,0,12,1,1,0","rabbit_spear,leg_low,-94.8,-336.4,-176,0,13,1,1,0","rabbit_spear,foot,-97.4,-376.8,167,0,15,1,1,0","rabbit_spear,stab,71.6,-98.8,34,0,21,1,1,1",,"rabbit_spear,ear,145.8,-309.6,16,0,0,1,1,0","rabbit_spear,ear_back,154,-296.8,7,0,12,1,1,0","rabbit_spear,tail,-42.4,-344.4,-84,0,2,1,1,0",,,,,,,,,,,,,,,,,,,,,,,,,,,,,,,,,,,,,,,,,,,,,,,,,,,,,,,,,,,,,,,,,,,,,,,,,,,,,,,,,,,,,,,,,,,,,,,,,,play_time_mod_0.5,
EXCLUDE_Arrive2/13,"rabbit_spear,head,70.4,-189.2,-96,0,2,1,1,0","rabbit_spear,neck,40.4,-195.2,-114,0,4,1,1,0","rabbit_spear,body,-28.4,-225.2,-123.5,0,5,1,1,0","rabbit_spear,arm_up,0,-202.4,-14,0,5,1,1,0","rabbit_spear,arm_low,-12.8,-167.2,-16,0,4,1,1,0","rabbit_spear,fist,-10.4,-139.2,-31,0,9,1,1,0","rabbit_spear,arm_up,18.8,-159.6,-50,1,13,1,1,0","rabbit_spear,arm_low,0.4,-127.6,-14,1,13,1,1,0","rabbit_spear,fist,1.2,-92.8,60,1,19,1,1,0","rabbit_spear,leg_up,-112.8,-280.4,-121,0,4,1,1,0","rabbit_spear,leg_low,-152.8,-300,-137,0,10,1,1,0","rabbit_spear,foot,-177.6,-336.4,-169,0,13,1,1,0","rabbit_spear,leg_up,-100.8,-255.2,-115,0,12,1,1,0","rabbit_spear,leg_low,-138.4,-292,-179,0,13,1,1,0","rabbit_spear,foot,-140.8,-332.4,164,0,15,1,1,0","rabbit_spear,stab,20,-76.4,17,0,21,1,1,1",,"rabbit_spear,ear,114.4,-267.2,8,0,0,1,1,0","rabbit_spear,ear_back,122.4,-254.4,-1,0,12,1,1,0","rabbit_spear,tail,-70,-304,-108,0,2,1,1,0",,,,,,,,,,,,,,,,,,,,,,,,,,,,,,,,,,,,,,,,,,,,,,,,,,,,,,,,,,,,,,,,,,,,,,,,,,,,,,,,,,,,,,,,,,,,,,,,,,play_time_mod_0.5,
EXCLUDE_Arrive2/14,"rabbit_spear,head,15.2,-138.4,-149,0,2,1,1,0","rabbit_spear,neck,2.4,-169.2,-165,0,4,1,1,0","rabbit_spear,body,-28.4,-233.2,-157.5,0,5,1,1,0","rabbit_spear,arm_up,-12,-204.4,-58,0,5,1,1,0","rabbit_spear,arm_low,-42.8,-185.2,-55,0,4,1,1,0","rabbit_spear,fist,-60.4,-171.2,-76,0,9,1,1,0","rabbit_spear,arm_up,-27.2,-175.6,-50,1,13,1,1,0","rabbit_spear,arm_low,-41.6,-149.6,-14,1,13,1,1,0","rabbit_spear,fist,-64.8,-122.8,-38,1,19,1,1,0","rabbit_spear,leg_up,-86.8,-288.4,-99,0,4,1,1,0","rabbit_spear,leg_low,-150.8,-274,-137,0,10,1,1,0","rabbit_spear,foot,-177.6,-308.4,-169,0,13,1,1,0","rabbit_spear,leg_up,-92.8,-247.2,-101,0,12,1,1,0","rabbit_spear,leg_low,-138.4,-300,-179,0,13,1,1,0","rabbit_spear,foot,-140.8,-340.4,164,0,15,1,1,0","rabbit_spear,base,-79.2,-130.4,-22,0,21,1,1,0",,"rabbit_spear,ear,106.4,-131.2,-56,0,0,1,1,0","rabbit_spear,ear_back,105.2,-116,-70,0,12,1,1,0","rabbit_spear,tail,-22,-316.8,-129,0,2,1,1,0",,,,,,,,,,,,,,,,,,,,,,,,,,,,,,,,,,,,,,,,,,,,,,,,,,,,,,,,,,,,,,,,,,,,,,,,,,,,,,,,,,,,,,,,,,,,,,,,,,play_time_mod_0.5,
EXCLUDE_Arrive2/15,"rabbit_spear,head,-14.8,-140.4,166,0,2,1,1,0","rabbit_spear,neck,0.4,-169.2,166,0,4,1,1,0","rabbit_spear,body,25.6,-233.2,151.5,0,5,1,1,0","rabbit_spear,arm_up,-2,-204.4,-109,0,5,1,1,0","rabbit_spear,arm_low,-42.8,-209.2,-95,0,4,1,1,0","rabbit_spear,fist,-74.4,-193.2,-73,0,9,1,1,0","rabbit_spear,arm_up,-27.2,-175.6,-120,1,13,1,1,0","rabbit_spear,arm_low,-49.6,-179.6,-96,1,13,1,1,0","rabbit_spear,fist,-64.8,-184.8,-38,1,19,1,1,0","rabbit_spear,leg_up,40.8,-290.4,-138,0,4,1,1,0","rabbit_spear,leg_low,21.6,-348.8,163,0,10,1,1,0","rabbit_spear,foot,43.6,-387.2,110,0,13,1,1,0","rabbit_spear,leg_up,15.6,-287.6,-119,0,12,1,1,0","rabbit_spear,leg_low,-8,-338.8,-179,0,13,1,1,0","rabbit_spear,foot,-6.4,-377.2,153,0,15,1,1,0","rabbit_spear,base,-97.2,-166.4,-57,0,21,1,1,0",,"rabbit_spear,ear,20.4,-58,-118,0,0,1,1,0","rabbit_spear,ear_back,48,-70.4,-102,0,12,1,1,0","rabbit_spear,tail,104.4,-257.2,125,0,2,1,1,0",,,,,,,,,,,,,,,,,,,,,,,,,,,,,,,,,,,,,,,,,,,,,,,,,,,,,,,,,,,,,,,,,,,,,,,,,,,,,,,,,,,,,,,,,,,,,,,,,,play_time_mod_0.5,
EXCLUDE_Arrive2/16,"rabbit_spear,head,-68.8,-238,61,0,2,1,1,0","rabbit_spear,neck,-40.8,-224.8,103,0,4,1,1,0","rabbit_spear,body,25.6,-225.2,84.5,0,5,1,1,0","rabbit_spear,arm_up,-2,-242.4,-167,0,5,1,1,0","rabbit_spear,arm_low,-8,-274.8,-163,0,4,1,1,0","rabbit_spear,fist,-18.4,-305.6,156,0,9,1,1,0","rabbit_spear,arm_up,11.6,-272.4,156,1,13,1,1,0","rabbit_spear,arm_low,19.2,-294,178,1,13,1,1,0","rabbit_spear,fist,33.6,-316,179,1,19,1,1,0","rabbit_spear,leg_up,96,-233.6,144,0,4,1,1,0","rabbit_spear,leg_low,130.4,-258.8,96,0,10,1,1,0","rabbit_spear,foot,164.4,-255.2,41,0,13,1,1,0","rabbit_spear,leg_up,69.6,-248,160,0,12,1,1,0","rabbit_spear,leg_low,120.8,-289.6,106,0,13,1,1,0","rabbit_spear,foot,160.8,-296.8,74,0,15,1,1,0","rabbit_spear,base,-110.4,-328.8,-97,0,21,1,1,0",,"rabbit_spear,ear,-152.8,-212,143,0,0,1,1,0","rabbit_spear,ear_back,-134.4,-184,165,0,12,1,1,0","rabbit_spear,tail,96,-165.6,81,0,2,1,1,0",,,,,,,,,,,,,,,,,,,,,,,,,,,,,,,,,,,,,,,,,,,,,,,,,,,,,,,,,,,,,,,,,,,,,,,,,,,,,,,,,,,,,,,,,,,,,,,,,,play_time_mod_0.5,
EXCLUDE_Arrive2/17,"rabbit_spear,head,-10.8,-288,7,0,2,1,1,0","rabbit_spear,neck,2.4,-260,0,0,4,1,1,0","rabbit_spear,body,13.6,-191.2,14.5,0,5,1,1,0","rabbit_spear,arm_up,0,-230.4,53,0,5,1,1,0","rabbit_spear,arm_low,38.4,-208,65,0,4,1,1,0","rabbit_spear,fist,74.4,-194.4,22,0,9,1,1,0","rabbit_spear,arm_up,29.6,-242.4,53,1,13,1,1,0","rabbit_spear,arm_low,68.8,-232.8,94,1,13,1,1,0","rabbit_spear,fist,102.4,-237.6,147,1,19,1,1,0","rabbit_spear,leg_up,42.4,-98.8,27,0,4,1,1,0","rabbit_spear,leg_low,58.4,-42.8,-4,0,10,1,1,0","rabbit_spear,foot,42,-6,-80,0,13,1,1,0","rabbit_spear,leg_up,62.4,-102.4,51,0,12,1,1,0","rabbit_spear,leg_low,98.8,-53.6,6,0,13,1,1,0","rabbit_spear,foot,91.2,-11.2,-61,0,15,1,1,0","rabbit_spear,base,92.4,-278.4,-163,0,21,1,1,0",,"rabbit_spear,ear,-74.8,-349.6,74,0,0,1,1,0","rabbit_spear,ear_back,-37.2,-368,47,0,12,1,1,0","rabbit_spear,tail,-19.6,-110.4,-25,0,2,1,1,0",,,,,,,,,,,,,,,,,,,,,,,,,,,,,,,,,,,,,,,,,,,,,,,,,,,,,,,,,,,,,,,,,,,,,,,,,,,,,,,,,,,,,,,,,,,,,,,,,,play_time_mod_0.5,
EXCLUDE_Arrive2/18,"rabbit_spear,head,21.2,-300,-24,0,2,1,1,0","rabbit_spear,neck,8.4,-272,-6,0,4,1,1,0","rabbit_spear,body,13.6,-203.2,-1.5,0,5,1,1,0","rabbit_spear,arm_up,-6,-234.4,0,0,5,1,1,0","rabbit_spear,arm_low,-6.8,-198.4,16,0,4,1,1,0","rabbit_spear,fist,16.8,-165.2,15,0,5,1,1,0","rabbit_spear,arm_up,45.6,-240.4,49,1,13,1,1,0","rabbit_spear,arm_low,78.8,-234.8,85,1,13,1,1,0","rabbit_spear,fist,108.4,-227.6,147,1,19,1,1,0","rabbit_spear,leg_up,-13.6,-100.8,-16,0,4,1,1,0","rabbit_spear,leg_low,-25.6,-50.8,4,0,10,1,1,0","rabbit_spear,foot,-28,-8,-56,0,13,1,1,0","rabbit_spear,leg_up,30.4,-120.4,10,0,12,1,1,0","rabbit_spear,leg_low,44.8,-61.6,25,0,13,1,1,0","rabbit_spear,foot,51.2,-19.2,-42,0,15,1,1,0","rabbit_spear,base,106.4,-260.4,-179,0,21,1,1,0",,"rabbit_spear,ear,-21.2,-375.6,58,0,0,1,1,0","rabbit_spear,ear_back,6.4,-380,43,0,12,1,1,0","rabbit_spear,tail,-43.6,-134.4,-32,0,2,1,1,0",,,,,,,,,,,,,,,,,,,,,,,,,,,,,,,,,,,,,,,,,,,,,,,,,,,,,,,,,,,,,,,,,,,,,,,,,,,,,,,,,,,,,,,,,,,,,,,,,,play_time_mod_0.5,
EXCLUDE_Arrive/0,"rabbit_spear,head,43.6,-1999.4,-47,0,2,1,1,0","rabbit_spear,neck,17.6,-1979.4,-71,0,4,1,1,0","rabbit_spear,body,-51.2,-1979.4,-94.5,0,5,1,1,0","rabbit_spear,arm_up,-30.8,-1980.6,-38,0,5,1,1,0","rabbit_spear,arm_low,-53.6,-1957.4,-30,0,4,1,1,0","rabbit_spear,fist,-59.2,-1923.4,-48,0,9,1,1,0","rabbit_spear,arm_up,2,-1951.8,16,1,13,1,1,0","rabbit_spear,arm_low,24.8,-1923,54,1,13,1,1,0","rabbit_spear,fist,50,-1906.6,99,1,19,1,1,0","rabbit_spear,leg_up,-131.6,-1968.6,-44.7,0,4,1,1,0","rabbit_spear,leg_low,-176.8,-1934.2,-64,0,10,1,1,0","rabbit_spear,foot,-212.8,-1919.4,-73,0,13,1,1,0","rabbit_spear,leg_up,-105.6,-1953.4,-40,0,12,1,1,0","rabbit_spear,leg_low,-152.8,-1913.8,-59,0,13,1,1,0","rabbit_spear,foot,-194.4,-1894.6,-78,0,15,1,1,0","rabbit_spear,base,85.2,-1892.2,80,0,21,1,1,0",,"rabbit_spear,ear,-0.8,-2082.6,74,0,0,1,1,0","rabbit_spear,ear_back,13.2,-2063.8,74,0,12,1,1,0","rabbit_spear,tail,-128.8,-2020.2,-58,0,2,1,1,0",,,,,,,,"animal_eagle,head,112,-2213,-35,0,4,1,1,0","animal_eagle,neck,60.8,-2183,-54,0,6,1,1,0","animal_eagle,body,-26.8,-2160.2,-84,0,7,1,1,0","animal_eagle,fly,-181.2,-2275.8,-33,0,10,1,1,0",,,"animal_eagle,fly,-228,-2244.2,-29,0,0,1,1,0",,,"animal_eagle,leg_up,-59.2,-2087.4,-30,0,6,1,1,0","animal_eagle,leg_low,-92.4,-2041.8,-23,0,7,1,1,0","animal_eagle,foot,-85.6,-1994.2,-19,0,7,1,1,0","animal_eagle,leg_up,-21.6,-2091.4,-12,0,9,1,1,0","animal_eagle,leg_low,-44.8,-2039.4,-10,0,10,1,1,0","animal_eagle,foot,-22.8,-1996.6,-4,0,11,1,1,0",,,"animal_eagle,tail,-146,-2171.4,-50,0,6,1,1,0",,,,,,,,,,,,,,,,,,,,,,,,,,,,,,,,,,,,,,,,,,,,,,,,,,,,,,,,,,,,,,,,,,,,,,,,,,
EXCLUDE_Arrive/1,"rabbit_spear,head,48.6,-1993.4,-52,0,2,1,1,0","rabbit_spear,neck,22.6,-1973.4,-76,0,4,1,1,0","rabbit_spear,body,-46.2,-1973.4,-99.5,0,5,1,1,0","rabbit_spear,arm_up,-25.8,-1974.6,-43,0,5,1,1,0","rabbit_spear,arm_low,-48.6,-1951.4,-35,0,4,1,1,0","rabbit_spear,fist,-54.2,-1917.4,-53,0,9,1,1,0","rabbit_spear,arm_up,7,-1945.8,11,1,13,1,1,0","rabbit_spear,arm_low,29.8,-1917,49,1,13,1,1,0","rabbit_spear,fist,55,-1900.6,94,1,19,1,1,0","rabbit_spear,leg_up,-130.6,-1966.6,-55.7,0,4,1,1,0","rabbit_spear,leg_low,-175.8,-1942.2,-69,0,10,1,1,0","rabbit_spear,foot,-211.8,-1927.4,-78,0,13,1,1,0","rabbit_spear,leg_up,-106.6,-1953.4,-48,0,12,1,1,0","rabbit_spear,leg_low,-149.8,-1921.8,-64,0,13,1,1,0","rabbit_spear,foot,-191.4,-1902.6,-83,0,15,1,1,0","rabbit_spear,base,90.2,-1890.2,80,0,21,1,1,0",,"rabbit_spear,ear,6.2,-2072.6,74,0,0,1,1,0","rabbit_spear,ear_back,20.2,-2053.8,74,0,12,1,1,0","rabbit_spear,tail,-123.8,-2022.2,-63,0,2,1,1,0",,,,,,,,"animal_eagle,head,115,-2205,-28,0,4,1,1,0","animal_eagle,neck,65.8,-2173,-49,0,6,1,1,0","animal_eagle,body,-21.8,-2150.2,-84,0,7,1,1,0","animal_eagle,fly,-180.2,-2261.8,-31,0,10,1,1,0",,,"animal_eagle,fly,-227,-2230.2,-27,0,0,1,1,0",,,"animal_eagle,leg_up,-54.2,-2077.4,-28,0,6,1,1,0","animal_eagle,leg_low,-85.4,-2045.8,-25,0,7,1,1,0","animal_eagle,foot,-80.6,-1998.2,-17,0,7,1,1,0","animal_eagle,leg_up,-16.6,-2081.4,-10,0,9,1,1,0","animal_eagle,leg_low,-39.8,-2029.4,-8,0,10,1,1,0","animal_eagle,foot,-17.8,-1986.6,-2,0,11,1,1,0",,,"animal_eagle,tail,-141,-2147.4,-37,0,6,1,1,0",,,,,,,,,,,,,,,,,,,,,,,,,,,,,,,,,,,,,,,,,,,,,,,,,,,,,,,,,,,,,,,,,,,,,,,,,,
EXCLUDE_Arrive/2,"rabbit_spear,head,34.6,-1979.4,-54,0,2,1,1,0","rabbit_spear,neck,8.6,-1957.4,-72,0,4,1,1,0","rabbit_spear,body,-60.2,-1959.4,-101.5,0,5,1,1,0","rabbit_spear,arm_up,-39.8,-1960.6,-45,0,5,1,1,0","rabbit_spear,arm_low,-62.6,-1937.4,-37,0,4,1,1,0","rabbit_spear,fist,-68.2,-1909.4,-55,0,9,1,1,0","rabbit_spear,arm_up,-5,-1931.8,16,1,13,1,1,0","rabbit_spear,arm_low,15.8,-1899,42,1,13,1,1,0","rabbit_spear,fist,41,-1882.6,92,1,19,1,1,0","rabbit_spear,leg_up,-152.6,-1958.6,-57.7,0,4,1,1,0","rabbit_spear,leg_low,-197.8,-1934.2,-71,0,10,1,1,0","rabbit_spear,foot,-233.8,-1919.4,-80,0,13,1,1,0","rabbit_spear,leg_up,-128.6,-1945.4,-50,0,12,1,1,0","rabbit_spear,leg_low,-171.8,-1913.8,-66,0,13,1,1,0","rabbit_spear,foot,-213.4,-1894.6,-85,0,15,1,1,0","rabbit_spear,base,76.2,-1872.2,76,0,21,1,1,0",,"rabbit_spear,ear,-5.8,-2056.6,75,0,0,1,1,0","rabbit_spear,ear_back,8.2,-2037.8,75,0,12,1,1,0","rabbit_spear,tail,-137.8,-2010.2,-65,0,2,1,1,0",,,,,,,,"animal_eagle,head,101,-2195,-26,0,4,1,1,0","animal_eagle,neck,55.8,-2163,-52,0,6,1,1,0","animal_eagle,body,-35.8,-2140.2,-84,0,7,1,1,0","animal_eagle,fly,-194.2,-2243.8,-30,0,10,1,1,0",,,"animal_eagle,fly,-241,-2212.2,-26,0,0,1,1,0",,,"animal_eagle,leg_up,-68.2,-2067.4,-28,0,6,1,1,0","animal_eagle,leg_low,-99.4,-2031.8,-25,0,7,1,1,0","animal_eagle,foot,-94.6,-1984.2,-17,0,7,1,1,0","animal_eagle,leg_up,-30.6,-2071.4,-10,0,9,1,1,0","animal_eagle,leg_low,-53.8,-2019.4,-8,0,10,1,1,0","animal_eagle,foot,-31.8,-1976.6,-2,0,11,1,1,0",,,"animal_eagle,tail,-155,-2131.4,-32,0,6,1,1,0",,,,,,,,,,,,,,,,,,,,,,,,,,,,,,,,,,,,,,,,,,,,,,,,,,,,,,,,,,,,,,,,,,,,,,,,,,
EXCLUDE_Arrive/3,"rabbit_spear,head,52.6,-1975.4,-52,0,2,1,1,0","rabbit_spear,neck,26.6,-1955.4,-76,0,4,1,1,0","rabbit_spear,body,-42.2,-1955.4,-99.5,0,5,1,1,0","rabbit_spear,arm_up,-21.8,-1956.6,-43,0,5,1,1,0","rabbit_spear,arm_low,-44.6,-1933.4,-35,0,4,1,1,0","rabbit_spear,fist,-50.2,-1899.4,-53,0,9,1,1,0","rabbit_spear,arm_up,11,-1927.8,11,1,13,1,1,0","rabbit_spear,arm_low,33.8,-1899,49,1,13,1,1,0","rabbit_spear,fist,59,-1882.6,94,1,19,1,1,0","rabbit_spear,leg_up,-126.6,-1948.6,-55.7,0,4,1,1,0","rabbit_spear,leg_low,-171.8,-1924.2,-69,0,10,1,1,0","rabbit_spear,foot,-207.8,-1909.4,-78,0,13,1,1,0","rabbit_spear,leg_up,-102.6,-1935.4,-48,0,12,1,1,0","rabbit_spear,leg_low,-145.8,-1903.8,-64,0,13,1,1,0","rabbit_spear,foot,-187.4,-1884.6,-83,0,15,1,1,0","rabbit_spear,base,94.2,-1872.2,80,0,21,1,1,0",,"rabbit_spear,ear,8.2,-2050.6,80,0,0,1,1,0","rabbit_spear,ear_back,22.2,-2031.8,80,0,12,1,1,0","rabbit_spear,tail,-119.8,-2004.2,-63,0,2,1,1,0",,,,,,,,"animal_eagle,head,119,-2191,-28,0,4,1,1,0","animal_eagle,neck,69.8,-2159,-49,0,6,1,1,0","animal_eagle,body,-17.8,-2136.2,-84,0,7,1,1,0","animal_eagle,fly,-176.2,-2247.8,-31,0,10,1,1,0",,,"animal_eagle,fly,-223,-2216.2,-27,0,0,1,1,0",,,"animal_eagle,leg_up,-50.2,-2063.4,-28,0,6,1,1,0","animal_eagle,leg_low,-81.4,-2027.8,-25,0,7,1,1,0","animal_eagle,foot,-76.6,-1980.2,-17,0,7,1,1,0","animal_eagle,leg_up,-12.6,-2067.4,-10,0,9,1,1,0","animal_eagle,leg_low,-35.8,-2015.4,-8,0,10,1,1,0","animal_eagle,foot,-13.8,-1972.6,-2,0,11,1,1,0",,,"animal_eagle,tail,-137,-2133.4,-37,0,6,1,1,0",,,,,,,,,,,,,,,,,,,,,,,,,,,,,,,,,,,,,,,,,,,,,,,,,,,,,,,,,,,,,,,,,,,,,,,,,,
EXCLUDE_CityIdle/0,"rabbit_spear,head,146,-100,-21,0,2,1,1,0","rabbit_spear,neck,127.2,-72,-48,0,5,1,1,0","rabbit_spear,body,62,-36,-67.5,0,5,1,1,0","rabbit_spear,arm_up,106.8,-42.8,34,0,5,1,1,0","rabbit_spear,arm_low,131.6,-14.4,63,0,4,1,1,0","rabbit_spear,fist,167.2,-6.8,43,0,2,1,1,0","rabbit_spear,arm_up,141,-41,31,1,13,1,1,0","rabbit_spear,arm_low,156,-48,-173,1,13,1,1,0","rabbit_spear,fist,153,-84,-133,1,19,1,1,0","rabbit_spear,leg_up,-34.4,-5.6,-81,0,4,1,1,0","rabbit_spear,leg_low,-83.2,0.4,-85,0,10,1,1,0","rabbit_spear,foot,-124,5.2,-36,1,13,1,1,0","rabbit_spear,leg_up,-38,-19,-78,0,12,1,1,0","rabbit_spear,leg_low,-91.2,-20.4,-123,0,13,1,1,0","rabbit_spear,foot,-122.4,-51.2,-166,0,15,1,1,0",,,"rabbit_spear,ear,105,-174,62,0,0,1,1,0","rabbit_spear,ear_back,124,-186,48,0,12,1,1,0","rabbit_spear,tail,-23.2,-56,-68,0,4,1,1,0",,,,,,,,,,,,,,,,,,,,,,,,,,,,,,,,,,,,,,,,,,,,,,,,,,,,,,,,,,,,,,,,,,,,,,,,,,,,,,,,,,,,,,,,,,,,,,,,,,play_time_mod_1.2,
EXCLUDE_CityIdle/1,"rabbit_spear,head,150.4,-95.6,-25,0,2,1,1,0","rabbit_spear,neck,127.2,-72,-48,0,5,1,1,0","rabbit_spear,body,62,-36,-67.5,0,5,1,1,0","rabbit_spear,arm_up,106.8,-42.8,34,0,5,1,1,0","rabbit_spear,arm_low,131.6,-14.4,63,0,4,1,1,0","rabbit_spear,fist,167.2,-6.8,43,0,2,1,1,0","rabbit_spear,arm_up,141,-41,31,1,13,1,1,0","rabbit_spear,arm_low,156,-48,-173,1,13,1,1,0","rabbit_spear,fist,153,-84,-133,1,19,1,1,0","rabbit_spear,leg_up,-34.4,-5.6,-81,0,4,1,1,0","rabbit_spear,leg_low,-83.2,0.4,-85,0,10,1,1,0","rabbit_spear,foot,-124,5.2,-36,1,13,1,1,0","rabbit_spear,leg_up,-38,-19,-78,0,12,1,1,0","rabbit_spear,leg_low,-91.2,-24.4,-140,0,13,1,1,0","rabbit_spear,foot,-110.4,-65.2,156,0,15,1,1,0",,,"rabbit_spear,ear,124,-179,52,0,0,1,1,0","rabbit_spear,ear_back,145.2,-185,38,0,12,1,1,0","rabbit_spear,tail,-19.2,-62,-76,0,4,1,1,0",,,,,,,,,,,,,,,,,,,,,,,,,,,,,,,,,,,,,,,,,,,,,,,,,,,,,,,,,,,,,,,,,,,,,,,,,,,,,,,,,,,,,,,,,,,,,,,,,,play_time_mod_1.2,
EXCLUDE_CityIdle/2,"rabbit_spear,head,150,-93,-30,0,2,1,1,0","rabbit_spear,neck,127.2,-72,-48,0,5,1,1,0","rabbit_spear,body,62,-36,-67.5,0,5,1,1,0","rabbit_spear,arm_up,106.8,-42.8,34,0,5,1,1,0","rabbit_spear,arm_low,131.6,-14.4,63,0,4,1,1,0","rabbit_spear,fist,167.2,-6.8,43,0,2,1,1,0","rabbit_spear,arm_up,141,-41,31,1,13,1,1,0","rabbit_spear,arm_low,156,-48,-173,1,13,1,1,0","rabbit_spear,fist,153,-84,-133,1,19,1,1,0","rabbit_spear,leg_up,-34.4,-5.6,-81,0,4,1,1,0","rabbit_spear,leg_low,-83.2,0.4,-85,0,10,1,1,0","rabbit_spear,foot,-124,5.2,-36,1,13,1,1,0","rabbit_spear,leg_up,-38,-19,-81,0,12,1,1,0","rabbit_spear,leg_low,-87.2,-24.4,-159,0,13,1,1,0","rabbit_spear,foot,-94.4,-67.2,141,0,15,1,1,0",,,"rabbit_spear,ear,130,-178,43,0,0,1,1,0","rabbit_spear,ear_back,157,-184,27,0,12,1,1,0","rabbit_spear,tail,-19.2,-64,-88,0,4,1,1,0",,,,,,,,,,,,,,,,,,,,,,,,,,,,,,,,,,,,,,,,,,,,,,,,,,,,,,,,,,,,,,,,,,,,,,,,,,,,,,,,,,,,,,,,,,,,,,,,,,play_time_mod_1.2,
EXCLUDE_CityIdle/3,"rabbit_spear,head,151,-92,-35,0,2,1,1,0","rabbit_spear,neck,127.2,-72,-48,0,5,1,1,0","rabbit_spear,body,62,-36,-67.5,0,5,1,1,0","rabbit_spear,arm_up,106.8,-42.8,34,0,5,1,1,0","rabbit_spear,arm_low,131.6,-14.4,63,0,4,1,1,0","rabbit_spear,fist,167.2,-6.8,43,0,2,1,1,0","rabbit_spear,arm_up,141,-41,31,1,13,1,1,0","rabbit_spear,arm_low,156,-48,-173,1,13,1,1,0","rabbit_spear,fist,153,-84,-133,1,19,1,1,0","rabbit_spear,leg_up,-34.4,-5.6,-81,0,4,1,1,0","rabbit_spear,leg_low,-83.2,0.4,-85,0,10,1,1,0","rabbit_spear,foot,-124,5.2,-36,1,13,1,1,0","rabbit_spear,leg_up,-38,-19,-83,0,12,1,1,0","rabbit_spear,leg_low,-87.2,-24.4,-171,0,13,1,1,0","rabbit_spear,foot,-82.4,-63.2,110,0,15,1,1,0",,,"rabbit_spear,ear,139,-177,35,0,0,1,1,0","rabbit_spear,ear_back,176,-177,12,0,12,1,1,0","rabbit_spear,tail,-15.2,-68,-101,0,4,1,1,0",,,,,,,,,,,,,,,,,,,,,,,,,,,,,,,,,,,,,,,,,,,,,,,,,,,,,,,,,,,,,,,,,,,,,,,,,,,,,,,,,,,,,,,,,,,,,,,,,,play_time_mod_1.2,
EXCLUDE_CityIdle/4,"rabbit_spear,head,150.4,-95.6,-28,0,2,1,1,0","rabbit_spear,neck,127.2,-72,-48,0,5,1,1,0","rabbit_spear,body,62,-36,-67.5,0,5,1,1,0","rabbit_spear,arm_up,106.8,-42.8,34,0,5,1,1,0","rabbit_spear,arm_low,131.6,-14.4,63,0,4,1,1,0","rabbit_spear,fist,167.2,-6.8,43,0,2,1,1,0","rabbit_spear,arm_up,141,-41,31,1,13,1,1,0","rabbit_spear,arm_low,156,-48,-173,1,13,1,1,0","rabbit_spear,fist,153,-84,-133,1,19,1,1,0","rabbit_spear,leg_up,-34.4,-5.6,-81,0,4,1,1,0","rabbit_spear,leg_low,-83.2,0.4,-85,0,10,1,1,0","rabbit_spear,foot,-124,5.2,-36,1,13,1,1,0","rabbit_spear,leg_up,-38,-19,-81,0,12,1,1,0","rabbit_spear,leg_low,-87.2,-24.4,-159,0,13,1,1,0","rabbit_spear,foot,-94.4,-67.2,141,0,15,1,1,0",,,"rabbit_spear,ear,130,-180,43,0,0,1,1,0","rabbit_spear,ear_back,157.2,-189,27,0,12,1,1,0","rabbit_spear,tail,-19.2,-64,-88,0,4,1,1,0",,,,,,,,,,,,,,,,,,,,,,,,,,,,,,,,,,,,,,,,,,,,,,,,,,,,,,,,,,,,,,,,,,,,,,,,,,,,,,,,,,,,,,,,,,,,,,,,,,play_time_mod_1.2,
EXCLUDE_CityIdle/5,"rabbit_spear,head,150,-97,-25,0,2,1,1,0","rabbit_spear,neck,127.2,-72,-48,0,5,1,1,0","rabbit_spear,body,62,-36,-67.5,0,5,1,1,0","rabbit_spear,arm_up,106.8,-42.8,34,0,5,1,1,0","rabbit_spear,arm_low,131.6,-14.4,63,0,4,1,1,0","rabbit_spear,fist,167.2,-6.8,43,0,2,1,1,0","rabbit_spear,arm_up,141,-41,31,1,13,1,1,0","rabbit_spear,arm_low,156,-48,-173,1,13,1,1,0","rabbit_spear,fist,153,-84,-133,1,19,1,1,0","rabbit_spear,leg_up,-34.4,-5.6,-81,0,4,1,1,0","rabbit_spear,leg_low,-83.2,0.4,-85,0,10,1,1,0","rabbit_spear,foot,-124,5.2,-36,1,13,1,1,0","rabbit_spear,leg_up,-38,-19,-78,0,12,1,1,0","rabbit_spear,leg_low,-91.2,-24.4,-140,0,13,1,1,0","rabbit_spear,foot,-110.4,-65.2,156,0,15,1,1,0",,,"rabbit_spear,ear,120,-179,53,0,0,1,1,0","rabbit_spear,ear_back,141,-185,39,0,12,1,1,0","rabbit_spear,tail,-19.2,-62,-76,0,4,1,1,0",,,,,,,,,,,,,,,,,,,,,,,,,,,,,,,,,,,,,,,,,,,,,,,,,,,,,,,,,,,,,,,,,,,,,,,,,,,,,,,,,,,,,,,,,,,,,,,,,,play_time_mod_1.2,
EXCLUDE_CityIdle/6,"rabbit_spear,head,144,-101,-20,0,2,1,1,0","rabbit_spear,neck,127.2,-72,-48,0,5,1,1,0","rabbit_spear,body,62,-36,-67.5,0,5,1,1,0","rabbit_spear,arm_up,106.8,-42.8,34,0,5,1,1,0","rabbit_spear,arm_low,131.6,-14.4,63,0,4,1,1,0","rabbit_spear,fist,167.2,-6.8,43,0,2,1,1,0","rabbit_spear,arm_up,141,-41,31,1,13,1,1,0","rabbit_spear,arm_low,156,-48,-173,1,13,1,1,0","rabbit_spear,fist,153,-84,-133,1,19,1,1,0","rabbit_spear,leg_up,-34.4,-5.6,-81,0,4,1,1,0","rabbit_spear,leg_low,-83.2,0.4,-85,0,10,1,1,0","rabbit_spear,foot,-124,5.2,-36,1,13,1,1,0","rabbit_spear,leg_up,-38,-19,-78,0,12,1,1,0","rabbit_spear,leg_low,-91.2,-20.4,-123,0,13,1,1,0","rabbit_spear,foot,-122.4,-51.2,-166,0,15,1,1,0",,,"rabbit_spear,ear,108,-177,58,0,0,1,1,0","rabbit_spear,ear_back,127,-189,44,0,12,1,1,0","rabbit_spear,tail,-23.2,-56,-68,0,4,1,1,0",,,,,,,,,,,,,,,,,,,,,,,,,,,,,,,,,,,,,,,,,,,,,,,,,,,,,,,,,,,,,,,,,,,,,,,,,,,,,,,,,,,,,,,,,,,,,,,,,,play_time_mod_1.2,
EXCLUDE_CityIdle/7,"rabbit_spear,head,141,-104,-12,0,2,1,1,0","rabbit_spear,neck,125,-75,-43,0,5,1,1,0","rabbit_spear,body,62,-36,-67.5,0,5,1,1,0","rabbit_spear,arm_up,106.8,-42.8,34,0,5,1,1,0","rabbit_spear,arm_low,131.6,-14.4,63,0,4,1,1,0","rabbit_spear,fist,167.2,-6.8,43,0,2,1,1,0","rabbit_spear,arm_up,141,-41,31,1,13,1,1,0","rabbit_spear,arm_low,156,-48,-173,1,13,1,1,0","rabbit_spear,fist,153,-84,-133,1,19,1,1,0","rabbit_spear,leg_up,-34.4,-5.6,-81,0,4,1,1,0","rabbit_spear,leg_low,-83.2,0.4,-85,0,10,1,1,0","rabbit_spear,foot,-124,5.2,-36,1,13,1,1,0","rabbit_spear,leg_up,-38,-19,-79,0,12,1,1,0","rabbit_spear,leg_low,-91,-15,-112,0,13,1,1,0","rabbit_spear,foot,-130,-35,-136,0,15,1,1,0",,,"rabbit_spear,ear,77,-168,78,0,0,1,1,0","rabbit_spear,ear_back,106,-181,59,0,12,1,1,0","rabbit_spear,tail,-23,-51,-59,0,4,1,1,0",,,,,,,,,,,,,,,,,,,,,,,,,,,,,,,,,,,,,,,,,,,,,,,,,,,,,,,,,,,,,,,,,,,,,,,,,,,,,,,,,,,,,,,,,,,,,,,,,,play_time_mod_1.2,
EXCLUDE_CityIdle/8,"rabbit_spear,head,137,-107,-8,0,2,1,1,0","rabbit_spear,neck,125,-75,-43,0,5,1,1,0","rabbit_spear,body,62,-36,-67.5,0,5,1,1,0","rabbit_spear,arm_up,106.8,-42.8,34,0,5,1,1,0","rabbit_spear,arm_low,131.6,-14.4,63,0,4,1,1,0","rabbit_spear,fist,167.2,-6.8,43,0,2,1,1,0","rabbit_spear,arm_up,141,-41,31,1,13,1,1,0","rabbit_spear,arm_low,156,-48,-173,1,13,1,1,0","rabbit_spear,fist,153,-84,-133,1,19,1,1,0","rabbit_spear,leg_up,-34.4,-5.6,-81,0,4,1,1,0","rabbit_spear,leg_low,-83.2,0.4,-85,0,10,1,1,0","rabbit_spear,foot,-124,5.2,-36,1,13,1,1,0","rabbit_spear,leg_up,-38,-19,-79,0,12,1,1,0","rabbit_spear,leg_low,-91,-12,-99,0,13,1,1,0","rabbit_spear,foot,-130,-18,-126,0,15,1,1,0",,,"rabbit_spear,ear,68,-160,85,0,0,1,1,0","rabbit_spear,ear_back,98,-181,65,0,12,1,1,0","rabbit_spear,tail,-23,-45,-48,0,4,1,1,0",,,,,,,,,,,,,,,,,,,,,,,,,,,,,,,,,,,,,,,,,,,,,,,,,,,,,,,,,,,,,,,,,,,,,,,,,,,,,,,,,,,,,,,,,,,,,,,,,,play_time_mod_1.2,
EXCLUDE_CityIdle/9,"rabbit_spear,head,141,-104,-12,0,2,1,1,0","rabbit_spear,neck,125,-75,-43,0,5,1,1,0","rabbit_spear,body,62,-36,-67.5,0,5,1,1,0","rabbit_spear,arm_up,106.8,-42.8,34,0,5,1,1,0","rabbit_spear,arm_low,131.6,-14.4,63,0,4,1,1,0","rabbit_spear,fist,167.2,-6.8,43,0,2,1,1,0","rabbit_spear,arm_up,141,-41,31,1,13,1,1,0","rabbit_spear,arm_low,156,-48,-173,1,13,1,1,0","rabbit_spear,fist,153,-84,-133,1,19,1,1,0","rabbit_spear,leg_up,-34.4,-5.6,-81,0,4,1,1,0","rabbit_spear,leg_low,-83.2,0.4,-85,0,10,1,1,0","rabbit_spear,foot,-124,5.2,-36,1,13,1,1,0","rabbit_spear,leg_up,-38,-19,-79,0,12,1,1,0","rabbit_spear,leg_low,-91,-15,-112,0,13,1,1,0","rabbit_spear,foot,-130,-35,-136,0,15,1,1,0",,,"rabbit_spear,ear,77,-168,78,0,0,1,1,0","rabbit_spear,ear_back,106,-181,59,0,12,1,1,0","rabbit_spear,tail,-23,-51,-59,0,4,1,1,0",,,,,,,,,,,,,,,,,,,,,,,,,,,,,,,,,,,,,,,,,,,,,,,,,,,,,,,,,,,,,,,,,,,,,,,,,,,,,,,,,,,,,,,,,,,,,,,,,,play_time_mod_1.2,
EXCLUDE_CityIdle/10,"rabbit_spear,head,143,-102,-18,0,2,1,1,0","rabbit_spear,neck,127.2,-72,-48,0,5,1,1,0","rabbit_spear,body,62,-36,-67.5,0,5,1,1,0","rabbit_spear,arm_up,106.8,-42.8,34,0,5,1,1,0","rabbit_spear,arm_low,131.6,-14.4,63,0,4,1,1,0","rabbit_spear,fist,167.2,-6.8,43,0,2,1,1,0","rabbit_spear,arm_up,141,-41,31,1,13,1,1,0","rabbit_spear,arm_low,156,-48,-173,1,13,1,1,0","rabbit_spear,fist,161,-81,-144,1,19,1,1,0","rabbit_spear,leg_up,-34.4,-5.6,-81,0,4,1,1,0","rabbit_spear,leg_low,-83.2,0.4,-85,0,10,1,1,0","rabbit_spear,foot,-124,5.2,-36,1,13,1,1,0","rabbit_spear,leg_up,-38,-19,-78,0,12,1,1,0","rabbit_spear,leg_low,-91.2,-20.4,-123,0,13,1,1,0","rabbit_spear,foot,-122.4,-51.2,-166,0,15,1,1,0",,,"rabbit_spear,ear,103,-178,60,0,0,1,1,0","rabbit_spear,ear_back,122,-190,46,0,12,1,1,0","rabbit_spear,tail,-23.2,-56,-68,0,4,1,1,0",,,,,,,,,,,,,,,,,,,,,,,,,,,,,,,,,,,,,,,,,,,,,,,,,,,,,,,,,,,,,,,,,,,,,,,,,,,,,,,,,,,,,,,,,,,,,,,,,,play_time_mod_1.2,
Idle/0,"rabbit_spear,head,13.8,-312.8,-9,0,2,1,1,0","rabbit_spear,neck,0.8,-277.6,-7,0,4,1,1,0","rabbit_spear,body,-5.8,-205.6,-7.5,0,5,1,1,0","rabbit_spear,arm_up,-38.2,-248.6,-61,0,3,1,1,0","rabbit_spear,arm_low,-63.6,-216.8,-22,0,4,1,1,0","rabbit_spear,fist,-64.6,-181.4,-25,0,2,1,1,0","rabbit_spear,arm_up,20.4,-256,60,1,13,1,1,0","rabbit_spear,arm_low,64.4,-240.2,111,1,13,1,1,0","rabbit_spear,fist,96,-250.6,147,1,19,1,1,0","rabbit_spear,leg_up,-43.2,-111.4,-24.7,0,4,1,1,0","rabbit_spear,leg_low,-66,-55.4,-10,0,10,1,1,0","rabbit_spear,foot,-76.8,-11.6,-40.6,0,13,1,1,0","rabbit_spear,leg_up,14.2,-116.2,37.7,0,12,1,1,0","rabbit_spear,leg_low,37.2,-59.8,0.5,0,13,1,1,0","rabbit_spear,foot,32.8,-17.6,-31.5,0,15,1,1,0","rabbit_spear,base,104.4,-252.6,114,0,3,1,1,0",,"rabbit_spear,ear,-44,-377.4,69,0,0,1,1,0","rabbit_spear,ear_back,0.2,-384.4,43,0,12,1,1,0","rabbit_spear,tail,-74.6,-142,-25,0,6,1,1,0",,,,,,,,,,,,,,,,,,,,,,,,,,,,,,,,,,,,,,,,,,,,,,,,,,,,,,,,,,,,,,,,,,,,,,,,,,,,,,,,,,,,,,,,,,,,,,,,,play_time_mod_2,,
Idle/1,"rabbit_spear,head,15.8,-311.8,-10,0,2,1,1,0","rabbit_spear,neck,2.8,-276.6,-8,0,4,1,1,0","rabbit_spear,body,-4.8,-202.6,-8.5,0,5,1,1,0","rabbit_spear,arm_up,-36.2,-247.6,-61,0,3,1,1,0","rabbit_spear,arm_low,-61.6,-215.8,-22,0,4,1,1,0","rabbit_spear,fist,-62.6,-181.4,-28,0,2,1,1,0","rabbit_spear,arm_up,20.4,-255,59,1,13,1,1,0","rabbit_spear,arm_low,64.4,-239.2,110,1,13,1,1,0","rabbit_spear,fist,96,-249.6,146,1,19,1,1,0","rabbit_spear,leg_up,-44.2,-111.4,-25.7,0,4,1,1,0","rabbit_spear,leg_low,-68,-55.4,-12,0,10,1,1,0","rabbit_spear,foot,-78.8,-11.6,-41.6,0,13,1,1,0","rabbit_spear,leg_up,16.2,-114.2,39.7,0,12,1,1,0","rabbit_spear,leg_low,38.2,-58.8,-3.5,0,13,1,1,0","rabbit_spear,foot,32.8,-16.6,-32.5,0,15,1,1,0","rabbit_spear,base,105.4,-250.6,113,0,3,1,1,0",,"rabbit_spear,ear,-42,-376.4,68,0,0,1,1,0","rabbit_spear,ear_back,2.2,-383.4,42,0,12,1,1,0","rabbit_spear,tail,-73.6,-143,-25,0,6,1,1,0",,,,,,,,,,,,,,,,,,,,,,,,,,,,,,,,,,,,,,,,,,,,,,,,,,,,,,,,,,,,,,,,,,,,,,,,,,,,,,,,,,,,,,,,,,,,,,,,,play_time_mod_1.5,,
Idle/2,"rabbit_spear,head,21.8,-310.8,-12,0,2,1,1,0","rabbit_spear,neck,6.8,-275.6,-8,0,4,1,1,0","rabbit_spear,body,-2.8,-200.6,-9.5,0,5,1,1,0","rabbit_spear,arm_up,-30.2,-248.6,-66,0,3,1,1,0","rabbit_spear,arm_low,-56.6,-222.8,-24,0,4,1,1,0","rabbit_spear,fist,-59.6,-186.4,-35,0,2,1,1,0","rabbit_spear,arm_up,28.4,-247,62,1,13,1,1,0","rabbit_spear,arm_low,73.4,-233.2,110,1,13,1,1,0","rabbit_spear,fist,105,-243.6,146,1,19,1,1,0","rabbit_spear,leg_up,-43.2,-109.4,-29.7,0,4,1,1,0","rabbit_spear,leg_low,-71,-55.4,-17,0,10,1,1,0","rabbit_spear,foot,-86.8,-11.6,-45.6,0,13,1,1,0","rabbit_spear,leg_up,18.2,-112.2,39.7,0,12,1,1,0","rabbit_spear,leg_low,39.2,-58.8,-2.5,0,13,1,1,0","rabbit_spear,foot,32.8,-16.6,-36.5,0,15,1,1,0","rabbit_spear,base,111.4,-240.6,109,0,3,1,1,0",,"rabbit_spear,ear,-40,-373.4,74,0,0,1,1,0","rabbit_spear,ear_back,10.2,-377.4,37,0,12,1,1,0","rabbit_spear,tail,-73.6,-142,-30,0,6,1,1,0",,,,,,,,,,,,,,,,,,,,,,,,,,,,,,,,,,,,,,,,,,,,,,,,,,,,,,,,,,,,,,,,,,,,,,,,,,,,,,,,,,,,,,,,,,,,,,,,,,,
Idle/3,"rabbit_spear,head,26.8,-309.8,-13,0,2,1,1,0","rabbit_spear,neck,9.8,-272.6,-10,0,4,1,1,0","rabbit_spear,body,-1.8,-198.6,-11.5,0,5,1,1,0","rabbit_spear,arm_up,-29.2,-249.6,-72,0,3,1,1,0","rabbit_spear,arm_low,-56.6,-226.8,-29,0,4,1,1,0","rabbit_spear,fist,-59.6,-191.4,-42,0,2,1,1,0","rabbit_spear,arm_up,31.4,-244,62,1,13,1,1,0","rabbit_spear,arm_low,76.4,-229.2,105,1,13,1,1,0","rabbit_spear,fist,109,-234.6,135,1,19,1,1,0","rabbit_spear,leg_up,-44.2,-107.4,-29.7,0,4,1,1,0","rabbit_spear,leg_low,-73,-55.4,-19,0,10,1,1,0","rabbit_spear,foot,-89.8,-11.6,-47.6,0,13,1,1,0","rabbit_spear,leg_up,18.2,-112.2,37.7,0,12,1,1,0","rabbit_spear,leg_low,39.2,-58.8,-5.5,0,13,1,1,0","rabbit_spear,foot,32.8,-16.6,-34.5,0,15,1,1,0","rabbit_spear,base,111.4,-230.6,105,0,3,1,1,0",,"rabbit_spear,ear,-39,-369.4,77,0,0,1,1,0","rabbit_spear,ear_back,21.2,-371.4,29,0,12,1,1,0","rabbit_spear,tail,-72,-138,-33,0,6,1,1,0",,,,,,,,,,,,,,,,,,,,,,,,,,,,,,,,,,,,,,,,,,,,,,,,,,,,,,,,,,,,,,,,,,,,,,,,,,,,,,,,,,,,,,,,,,,,,,,,,play_time_mod_1.5,,
Idle/4,"rabbit_spear,head,27.8,-307.8,-16,0,2,1,1,0","rabbit_spear,neck,9.8,-272.6,-10,0,4,1,1,0","rabbit_spear,body,-1.8,-198.6,-11.5,0,5,1,1,0","rabbit_spear,arm_up,-29.2,-247.6,-74,0,3,1,1,0","rabbit_spear,arm_low,-56.6,-224.8,-31,0,4,1,1,0","rabbit_spear,fist,-59.6,-189.4,-40,0,2,1,1,0","rabbit_spear,arm_up,31.4,-241,61,1,13,1,1,0","rabbit_spear,arm_low,76.4,-226.2,104,1,13,1,1,0","rabbit_spear,fist,109,-231.6,134,1,19,1,1,0","rabbit_spear,leg_up,-44.2,-107.4,-29.7,0,4,1,1,0","rabbit_spear,leg_low,-73,-55.4,-19,0,10,1,1,0","rabbit_spear,foot,-89.8,-11.6,-47.6,0,13,1,1,0","rabbit_spear,leg_up,18.2,-112.2,37.7,0,12,1,1,0","rabbit_spear,leg_low,39.2,-58.8,-5.5,0,13,1,1,0","rabbit_spear,foot,32.8,-16.6,-34.5,0,15,1,1,0","rabbit_spear,base,111.4,-226.6,103,0,3,1,1,0",,"rabbit_spear,ear,-37,-368.4,78,0,0,1,1,0","rabbit_spear,ear_back,26.2,-370.4,24,0,12,1,1,0","rabbit_spear,tail,-68,-144,-39,0,6,1,1,0",,,,,,,,,,,,,,,,,,,,,,,,,,,,,,,,,,,,,,,,,,,,,,,,,,,,,,,,,,,,,,,,,,,,,,,,,,,,,,,,,,,,,,,,,,,,,,,,,play_time_mod_2,,
Idle/5,"rabbit_spear,head,21.8,-310.8,-12,0,2,1,1,0","rabbit_spear,neck,6.8,-275.6,-8,0,4,1,1,0","rabbit_spear,body,-2.8,-200.6,-9.5,0,5,1,1,0","rabbit_spear,arm_up,-30.2,-248.6,-66,0,3,1,1,0","rabbit_spear,arm_low,-56.6,-222.8,-24,0,4,1,1,0","rabbit_spear,fist,-59.6,-186.4,-35,0,2,1,1,0","rabbit_spear,arm_up,28.4,-247,62,1,13,1,1,0","rabbit_spear,arm_low,73.4,-233.2,110,1,13,1,1,0","rabbit_spear,fist,105,-243.6,146,1,19,1,1,0","rabbit_spear,leg_up,-43.2,-109.4,-29.7,0,4,1,1,0","rabbit_spear,leg_low,-71,-55.4,-17,0,10,1,1,0","rabbit_spear,foot,-86.8,-11.6,-45.6,0,13,1,1,0","rabbit_spear,leg_up,18.2,-112.2,39.7,0,12,1,1,0","rabbit_spear,leg_low,39.2,-58.8,-2.5,0,13,1,1,0","rabbit_spear,foot,32.8,-16.6,-36.5,0,15,1,1,0","rabbit_spear,base,111.4,-240.6,109,0,3,1,1,0",,"rabbit_spear,ear,-40,-373.4,74,0,0,1,1,0","rabbit_spear,ear_back,10.2,-377.4,37,0,12,1,1,0","rabbit_spear,tail,-71,-140,-30,0,6,1,1,0",,,,,,,,,,,,,,,,,,,,,,,,,,,,,,,,,,,,,,,,,,,,,,,,,,,,,,,,,,,,,,,,,,,,,,,,,,,,,,,,,,,,,,,,,,,,,,,,,play_time_mod_1.2,,
Idle/6,"rabbit_spear,head,15.8,-311.8,-10,0,2,1,1,0","rabbit_spear,neck,2.8,-276.6,-8,0,4,1,1,0","rabbit_spear,body,-4.8,-202.6,-8.5,0,5,1,1,0","rabbit_spear,arm_up,-36.2,-247.6,-61,0,3,1,1,0","rabbit_spear,arm_low,-61.6,-215.8,-22,0,4,1,1,0","rabbit_spear,fist,-62.6,-181.4,-28,0,2,1,1,0","rabbit_spear,arm_up,20.4,-255,59,1,13,1,1,0","rabbit_spear,arm_low,64.4,-239.2,110,1,13,1,1,0","rabbit_spear,fist,96,-249.6,146,1,19,1,1,0","rabbit_spear,leg_up,-44.2,-111.4,-25.7,0,4,1,1,0","rabbit_spear,leg_low,-68,-55.4,-12,0,10,1,1,0","rabbit_spear,foot,-78.8,-11.6,-41.6,0,13,1,1,0","rabbit_spear,leg_up,16.2,-114.2,39.7,0,12,1,1,0","rabbit_spear,leg_low,38.2,-58.8,-3.5,0,13,1,1,0","rabbit_spear,foot,32.8,-16.6,-32.5,0,15,1,1,0","rabbit_spear,base,105.4,-250.6,113,0,3,1,1,0",,"rabbit_spear,ear,-42,-376.4,68,0,0,1,1,0","rabbit_spear,ear_back,2.2,-383.4,42,0,12,1,1,0","rabbit_spear,tail,-73.6,-142,-25,0,6,1,1,0",,,,,,,,,,,,,,,,,,,,,,,,,,,,,,,,,,,,,,,,,,,,,,,,,,,,,,,,,,,,,,,,,,,,,,,,,,,,,,,,,,,,,,,,,,,,,,,,,,,
Knockdown/0,"rabbit_spear,head,-32.2,-316.8,11,0,2,1,1,0","rabbit_spear,neck,-31.2,-287.6,3,0,4,1,1,0","rabbit_spear,body,-15.8,-215.6,12.5,0,5,1,1,0","rabbit_spear,arm_up,-56.2,-242.6,-31,0,3,1,1,0","rabbit_spear,arm_low,-63.6,-198.8,6,0,4,1,1,0","rabbit_spear,fist,-49.6,-168.4,-3,0,2,1,1,0","rabbit_spear,arm_up,7.4,-254,63,1,13,1,1,0","rabbit_spear,arm_low,53.4,-241.2,100,1,13,1,1,0","rabbit_spear,fist,90,-247.6,155,1,19,1,1,0","rabbit_spear,leg_up,-20.2,-113.4,-9.7,0,4,1,1,0","rabbit_spear,leg_low,-36,-55.4,-20,0,10,1,1,0","rabbit_spear,foot,-49.8,-11.6,-40.6,0,13,1,1,0","rabbit_spear,leg_up,24.2,-131.2,47.7,0,12,1,1,0","rabbit_spear,leg_low,58.2,-83.8,20.5,0,13,1,1,0","rabbit_spear,foot,72.8,-47.6,-21.5,0,15,1,1,0","rabbit_spear,base,94.4,-262.6,124,0,3,1,1,0",,"rabbit_spear,ear,-114,-352.4,96,0,0,1,1,0","rabbit_spear,ear_back,-90.8,-365.4,78,0,12,1,1,0","rabbit_spear,tail,-54.6,-142,-15,0,6,1,1,0",,,,,,,,,,,,,,,,,,,,,,,,,,,,,,,,,,,,,,,,,,,,,,,,,,,,,,,,,,,,,,,,,,,,,,,,,,,,,,,,,,,,,,,,,,,,,,,,,,,
Knockdown/1,"rabbit_spear,close,-14.2,-348.8,0,0,2,1,1,0","rabbit_spear,neck,-19.2,-313.6,-4,0,4,1,1,0","rabbit_spear,body,-20.8,-239.6,-3.5,0,5,1,1,0","rabbit_spear,arm_up,-53.2,-279.6,-43,0,5,1,1,0","rabbit_spear,arm_low,-76.6,-245.8,-41,0,7,1,1,0","rabbit_spear,fist,-87.6,-219.4,-59,0,12,1,1,0","rabbit_spear,arm_up,-3.6,-284,57,1,13,1,1,0","rabbit_spear,arm_low,32.4,-273.2,102,1,13,1,1,0","rabbit_spear,fist,70,-273.6,137,1,19,1,1,0","rabbit_spear,leg_up,-15.2,-154.4,28.3,0,4,1,1,0","rabbit_spear,leg_low,2.2,-93.2,6,0,10,1,1,0","rabbit_spear,foot,-0.8,-52,-25.6,0,13,1,1,0","rabbit_spear,leg_up,-6.8,-182.2,58.7,0,12,1,1,0","rabbit_spear,leg_low,36.2,-139.8,19.5,0,13,1,1,0","rabbit_spear,foot,43.6,-94.4,-25.5,0,15,1,1,0","rabbit_spear,base,94.4,-285.6,114,0,3,1,1,0",,"rabbit_spear,ear,-82,-406.4,80,0,0,1,1,0","rabbit_spear,ear_back,-51.8,-421.4,65,0,12,1,1,0","rabbit_spear,tail,-75.6,-174,-20,0,8,1,1,0",,,,,,,,,,,,,,,,,,,,,,,,,,,,,,,,,,,,,,,,,,,,,,,,,,,,,,,,,,,,,,,,,,,,,,,,,,,,,,,,,,,,,,,,,,,,,,,,,,,
Knockdown/2,"rabbit_spear,close,-1.2,-346.8,-6,0,2,1,1,0","rabbit_spear,neck,-11.2,-313.6,-11,0,4,1,1,0","rabbit_spear,body,-20.8,-239.6,-11.5,0,5,1,1,0","rabbit_spear,arm_up,-45.2,-286.6,-73,0,4,1,1,0","rabbit_spear,arm_low,-82.6,-261.8,-36,0,4,1,1,0","rabbit_spear,fist,-100.6,-227.4,-69,0,9,1,1,0","rabbit_spear,arm_up,-3.6,-284,57,1,13,1,1,0","rabbit_spear,arm_low,32.4,-273.2,91,1,13,1,1,0","rabbit_spear,fist,70,-271.6,126,1,19,1,1,0","rabbit_spear,leg_up,-21.2,-154.4,42.3,0,4,1,1,0","rabbit_spear,leg_low,11.2,-97.2,12,0,10,1,1,0","rabbit_spear,foot,15.2,-64,-23.6,0,13,1,1,0","rabbit_spear,leg_up,-6.8,-171.2,50.7,0,12,1,1,0","rabbit_spear,leg_low,39.2,-124.8,36.5,0,13,1,1,0","rabbit_spear,foot,60.6,-88.4,-3.5,0,15,1,1,0","rabbit_spear,base,84.4,-272.6,104,0,3,1,1,0",,"rabbit_spear,ear,-45,-444.4,51,0,0,1,1,0","rabbit_spear,ear_back,-23.8,-456.4,39,0,12,1,1,0","rabbit_spear,tail,-83.6,-188,-25,0,2,1,1,0",,,,,,,,,,,,,,,,,,,,,,,,,,,,,,,,,,,,,,,,,,,,,,,,,,,,,,,,,,,,,,,,,,,,,,,,,,,,,,,,,,,,,,,,,,,,,,,,,hold,,
Knockdown/3,"rabbit_spear,close,9.4,-257.8,-17,0,2,1,1,0","rabbit_spear,neck,-0.6,-228.6,-15,0,4,1,1,0","rabbit_spear,body,-22.2,-154.6,-23.5,0,5,1,1,0","rabbit_spear,arm_up,-36.6,-204.6,-71,0,4,1,1,0","rabbit_spear,arm_low,-74,-177.8,-41,0,5,1,1,0","rabbit_spear,fist,-90,-153.4,-60,0,10,1,1,0","rabbit_spear,arm_up,-5,-199,57,1,13,1,1,0","rabbit_spear,arm_low,31,-188.2,77,1,13,1,1,0","rabbit_spear,fist,64.6,-178.6,126,1,19,1,1,0","rabbit_spear,leg_up,-30.6,-86.4,61.3,0,4,1,1,0","rabbit_spear,leg_low,26.4,-42.8,47,0,10,1,1,0","rabbit_spear,foot,47.6,-8.4,-23.6,0,13,1,1,0","rabbit_spear,leg_up,-8.2,-92.2,70.7,0,12,1,1,0","rabbit_spear,leg_low,43.8,-65.8,54.5,0,13,1,1,0","rabbit_spear,foot,75.2,-38.4,2.5,0,15,1,1,0","rabbit_spear,base,84.4,-172.6,104,0,3,1,1,0",,"rabbit_spear,ear,-25.4,-383.4,49,0,0,1,1,0","rabbit_spear,ear_back,-4.2,-395.4,35,0,12,1,1,0","rabbit_spear,tail,-95,-98,-25,0,6,1,1,0",,,,,,,,,,,,,,,,,,,,,,,,,,,,,,,,,,,,,,,,,,,,,,,,,,,,,,,,,,,,,,,,,,,,,,,,,,,,,,,,,,,,,,,,,,,,,,,,,,,
Knockdown/4,"rabbit_spear,close,19.4,-187.8,-26,0,2,1,1,0","rabbit_spear,neck,5.4,-166.6,-18,0,4,1,1,0","rabbit_spear,body,-22.2,-92.6,-23.5,0,5,1,1,0","rabbit_spear,arm_up,-44.6,-138.6,-67,0,5,1,1,0","rabbit_spear,arm_low,-81,-118.8,-68,0,6,1,1,0","rabbit_spear,fist,-103,-101.4,-60,0,9,1,1,0","rabbit_spear,arm_up,-5,-137,57,1,13,1,1,0","rabbit_spear,arm_low,31,-126.2,77,1,13,1,1,0","rabbit_spear,fist,64.6,-116.6,126,1,19,1,1,0","rabbit_spear,leg_up,-22.6,-40.4,77.3,0,4,1,1,0","rabbit_spear,leg_low,42.4,-19.8,69,0,10,1,1,0","rabbit_spear,foot,73.8,2.6,-10.6,0,13,1,1,0","rabbit_spear,leg_up,-8.2,-43.2,82.7,0,12,1,1,0","rabbit_spear,leg_low,43.8,-24.8,44.5,0,13,1,1,0","rabbit_spear,foot,48.2,6.6,-27.5,0,15,1,1,0","rabbit_spear,base,84.4,-105.6,94,0,3,1,1,0",,"rabbit_spear,ear,-10.4,-298.4,51,0,0,1,1,0","rabbit_spear,ear_back,10.8,-310.4,39,0,12,1,1,0","rabbit_spear,tail,-95,-46,-25,0,7,1,1,0",,,,,,,,,,,,,,,,,,,,,,,,,,,,,,,,,,,,,,,,,,,,,,,,,,,,,,,,,,,,,,,,,,,,,,,,,,,,,,,,,,,,,,,,,,,,,,,,,,,
Knockdown/5,"rabbit_spear,close,19.4,-171.8,-26,0,2,1,1,0","rabbit_spear,neck,5.4,-150.6,-18,0,4,1,1,0","rabbit_spear,body,-22.2,-76.6,-23.5,0,5,1,1,0","rabbit_spear,arm_up,-44.6,-132.6,-85,0,5,1,1,0","rabbit_spear,arm_low,-81,-118.8,-61,0,6,1,1,0","rabbit_spear,fist,-103,-92.4,-52,0,9,1,1,0","rabbit_spear,arm_up,-5,-121,57,1,13,1,1,0","rabbit_spear,arm_low,31,-110.2,77,1,13,1,1,0","rabbit_spear,fist,64.6,-100.6,126,1,19,1,1,0","rabbit_spear,leg_up,-19.6,-35.4,100.3,0,4,1,1,0","rabbit_spear,leg_low,46.4,-34.8,75,0,10,1,1,0","rabbit_spear,foot,81.8,-15.4,1.4,0,13,1,1,0","rabbit_spear,leg_up,-8.2,-18.2,81.7,0,14,1,1,0","rabbit_spear,leg_low,47.8,-5.8,71.5,0,15,1,1,0","rabbit_spear,foot,80.2,6.6,2.5,0,17,1,1,0","rabbit_spear,base,84.4,-81.6,85,0,3,1,1,0",,"rabbit_spear,ear,-15.4,-244.4,50,0,0,1,1,0","rabbit_spear,ear_back,21.8,-253.4,26,0,12,1,1,0","rabbit_spear,tail,-93,-33,-25,0,2,1,1,0",,,,,,,,,,,,,,,,,,,,,,,,,,,,,,,,,,,,,,,,,,,,,,,,,,,,,,,,,,,,,,,,,,,,,,,,,,,,,,,,,,,,,,,,,,,,,,,,,,,
Knockdown/6,"rabbit_spear,close,17.4,-167.8,-21,0,2,1,1,0","rabbit_spear,neck,5.4,-150.6,-18,0,4,1,1,0","rabbit_spear,body,-22.2,-72.6,-23.5,0,5,1,1,0","rabbit_spear,arm_up,-44.6,-132.6,-91,0,5,1,1,0","rabbit_spear,arm_low,-83,-122.8,-71,0,6,1,1,0","rabbit_spear,fist,-115,-105.4,-102,0,11,1,1,0","rabbit_spear,arm_up,12,-127,69,1,13,1,1,0","rabbit_spear,arm_low,42,-111.2,83,1,13,1,1,0","rabbit_spear,fist,70.6,-110.6,136,1,19,1,1,0","rabbit_spear,leg_up,-19.6,-38.4,107.3,0,4,1,1,0","rabbit_spear,leg_low,41.4,-40.8,66,0,10,1,1,0","rabbit_spear,foot,74.8,-16.4,1.4,0,13,1,1,0","rabbit_spear,leg_up,-8.2,-22.2,87.7,0,14,1,1,0","rabbit_spear,leg_low,47.8,-15.8,71.5,0,15,1,1,0","rabbit_spear,foot,80.2,6.6,2.5,0,17,1,1,0","rabbit_spear,base,84.4,-56.6,85,0,3,1,1,0",,"rabbit_spear,ear,-15.4,-240.4,50,0,0,1,1,0","rabbit_spear,ear_back,21.8,-242.4,26,0,12,1,1,0","rabbit_spear,tail,-93,-35,-49,0,7,1,1,0",,,,,,,,,,,,,,,,,,,,,,,,,,,,,,,,,,,,,,,,,,,,,,,,,,,,,,,,,,,,,,,,,,,,,,,,,,,,,,,,,,,,,,,,,,,,,,,,,play_time_mod_1.5,,
Knockdown/7,"rabbit_spear,close,18.4,-164.8,-20,0,2,1,1,0","rabbit_spear,neck,5.4,-150.6,-18,0,4,1,1,0","rabbit_spear,body,-22.2,-72.6,-23.5,0,5,1,1,0","rabbit_spear,arm_up,-44.6,-132.6,-91,0,5,1,1,0","rabbit_spear,arm_low,-83,-128.8,-81,0,6,1,1,0","rabbit_spear,fist,-115,-125.4,-126,0,11,1,1,0","rabbit_spear,arm_up,25,-129,93,1,13,1,1,0","rabbit_spear,arm_low,52,-121.2,93,1,13,1,1,0","rabbit_spear,fist,80.6,-120.6,156,1,19,1,1,0","rabbit_spear,leg_up,-19.6,-38.4,107.3,0,4,1,1,0","rabbit_spear,leg_low,41.4,-44.8,82,0,10,1,1,0","rabbit_spear,foot,74.8,-30.4,1.4,0,13,1,1,0","rabbit_spear,leg_up,-8.2,-18.2,81.7,0,14,1,1,0","rabbit_spear,leg_low,47.8,-5.8,71.5,0,15,1,1,0","rabbit_spear,foot,80.2,6.6,2.5,0,17,1,1,0","rabbit_spear,base,84.4,-34.6,95,0,3,1,1,0",,"rabbit_spear,ear,-15.4,-237.4,50,0,0,1,1,0","rabbit_spear,ear_back,21.8,-237.4,25,0,12,1,1,0","rabbit_spear,tail,-93,-35,-49,0,7,1,1,0",,,,,,,,,,,,,,,,,,,,,,,,,,,,,,,,,,,,,,,,,,,,,,,,,,,,,,,,,,,,,,,,,,,,,,,,,,,,,,,,,,,,,,,,,,,,,,,,,,,
Knockdown/8,"rabbit_spear,close,19.4,-167.8,-23,0,2,1,1,0","rabbit_spear,neck,5.4,-150.6,-18,0,4,1,1,0","rabbit_spear,body,-22.2,-72.6,-23.5,0,5,1,1,0","rabbit_spear,arm_up,-44.6,-124.6,-81,0,5,1,1,0","rabbit_spear,arm_low,-83,-110.8,-67,0,6,1,1,0","rabbit_spear,fist,-115,-88.4,-95,0,11,1,1,0","rabbit_spear,arm_up,22,-117,79,1,13,1,1,0","rabbit_spear,arm_low,63,-102.2,89,1,15,1,1,0","rabbit_spear,fist,96.6,-100.6,139,1,19,1,1,0","rabbit_spear,leg_up,-19.6,-35.4,102.3,0,4,1,1,0","rabbit_spear,leg_low,39.4,-32.8,66,0,10,1,1,0","rabbit_spear,foot,72.8,-8.4,1.4,0,13,1,1,0","rabbit_spear,leg_up,-8.2,-18.2,81.7,0,14,1,1,0","rabbit_spear,leg_low,47.8,-5.8,71.5,0,15,1,1,0","rabbit_spear,foot,80.2,6.6,2.5,0,17,1,1,0","rabbit_spear,base,84.4,-27.6,90,0,3,1,1,0",,"rabbit_spear,ear,12.6,-247.4,34,0,0,1,1,0","rabbit_spear,ear_back,53.8,-230.4,6,0,12,1,1,0","rabbit_spear,tail,-93,-35,-49,0,7,1,1,0",,,,,,,,,,,,,,,,,,,,,,,,,,,,,,,,,,,,,,,,,,,,,,,,,,,,,,,,,,,,,,,,,,,,,,,,,,,,,,,,,,,,,,,,,,,,,,,,,,,
Knockdown/9,"rabbit_spear,close,26.4,-157.8,-30,0,2,1,1,0","rabbit_spear,neck,2.4,-129.6,-20,0,4,1,1,0","rabbit_spear,body,-22.2,-60.6,-21.5,0,5,1,1,0","rabbit_spear,arm_up,-31.6,-111.6,-56,0,4,1,1,0","rabbit_spear,arm_low,-67,-84.8,-61,0,5,1,1,0","rabbit_spear,fist,-96,-61.4,-81,0,5,1,1,0","rabbit_spear,arm_up,28,-101,63,1,13,1,1,0","rabbit_spear,arm_low,71,-78.2,73,1,14,1,1,0","rabbit_spear,fist,100.6,-64.6,112,1,20,1,1,0","rabbit_spear,leg_up,-18.6,-19.4,103.3,0,4,1,1,0","rabbit_spear,leg_low,46.4,-21.8,80,0,10,1,1,0","rabbit_spear,foot,84.8,-3.4,6.4,0,13,1,1,0","rabbit_spear,leg_up,-8.2,-18.2,81.7,0,12,1,1,0","rabbit_spear,leg_low,47.8,-5.8,71.5,0,13,1,1,0","rabbit_spear,foot,80.2,6.6,2.5,0,15,1,1,0","rabbit_spear,base,84.4,-20.6,85,0,3,1,1,0",,"rabbit_spear,ear,62.6,-224.4,-9,0,0,1,1,0","rabbit_spear,ear_back,89.8,-195.4,-46,0,12,1,1,0","rabbit_spear,tail,-93,-18,-35,0,7,1,1,0",,,,,,,,,,,,,,,,,,,,,,,,,,,,,,,,,,,,,,,,,,,,,,,,,,,,,,,,,,,,,,,,,,,,,,,,,,,,,,,,,,,,,,,,,,,,,,,,,,,
Knockdown/10,"rabbit_spear,close,25.4,-149.8,-40,0,2,1,1,0","rabbit_spear,neck,5.4,-138.6,-18,0,4,1,1,0","rabbit_spear,body,-22.2,-60.6,-21.5,0,5,1,1,0","rabbit_spear,arm_up,-26.6,-106.6,-41,0,5,1,1,0","rabbit_spear,arm_low,-45,-65,-12,0,4,1,1,0","rabbit_spear,fist,-38,-23.4,-22,0,1,1,1,0","rabbit_spear,arm_up,35,-101,23,1,13,1,1,0","rabbit_spear,arm_low,55,-60.2,43,1,13,1,1,0","rabbit_spear,fist,74.6,-32.6,92,1,19,1,1,0","rabbit_spear,leg_up,-18.6,-15.4,91.3,0,4,1,1,0","rabbit_spear,leg_low,48.4,-10.8,76,0,10,1,1,0","rabbit_spear,foot,88.8,11.6,6.4,0,13,1,1,0","rabbit_spear,leg_up,-8.2,-18.2,81.7,0,12,1,1,0","rabbit_spear,leg_low,47.8,-5.8,71.5,0,13,1,1,0","rabbit_spear,foot,80.2,6.6,2.5,0,15,1,1,0","rabbit_spear,base,84.4,-13.6,87,0,3,1,1,0",,"rabbit_spear,ear,48,-122,-133,0,5,1,1,0","rabbit_spear,ear_back,34,-123.2,-147,0,1,1,1,0","rabbit_spear,tail,-92,-1,-15,0,7,1,1,0",,,,,,,,,,,,,,,,,,,,,,,,,,,,,,,,,,,,,,,,,,,,,,,,,,,,,,,,,,,,,,,,,,,,,,,,,,,,,,,,,,,,,,,,,,,,,,,,,,,
Run/0,"rabbit_spear,happy,4.8,-312.8,1,0,2,1,1,0","rabbit_spear,neck,-3.2,-277.6,-5,0,4,1,1,0","rabbit_spear,body,-5.8,-205.6,-5.5,0,5,1,1,0","rabbit_spear,arm_up,-37.2,-246.6,-59,0,3,1,1,0","rabbit_spear,arm_low,-63.6,-214.8,-22,0,4,1,1,0","rabbit_spear,fist,-61.6,-180.4,-22,0,2,1,1,0","rabbit_spear,arm_up,20.4,-258,62,1,13,1,1,0","rabbit_spear,arm_low,64.4,-243.2,116,1,13,1,1,0","rabbit_spear,fist,96,-253.6,147,1,19,1,1,0","rabbit_spear,leg_up,-23.2,-111.4,-4.7,0,4,1,1,0","rabbit_spear,leg_low,-42,-57.4,-37,0,10,1,1,0","rabbit_spear,foot,-70.8,-22.6,-60.6,0,13,1,1,0","rabbit_spear,leg_up,2.2,-116.2,23.7,0,12,1,1,0","rabbit_spear,leg_low,4.2,-58.8,-19.5,0,13,1,1,0","rabbit_spear,foot,-12.2,-17.6,-51.5,0,15,1,1,0","rabbit_spear,base,104.4,-257.6,116,0,3,1,1,0",,"rabbit_spear,ear,-70,-359.4,90,0,0,1,1,0","rabbit_spear,ear_back,-37.8,-379.4,63,0,12,1,1,0","rabbit_spear,tail,-59.6,-136,-23,0,6,1,1,0",,,,,,,,,,,,,,,,,,,,,,,,,,,,,,,,,,,,,,,,,,,,,,,,,,,,,,,,,,,,,,,,,,,,,,,,,,,,,,,,,,,,,,,,,,,,,,,,,,play_time_mod_0.8,
Run/1,"rabbit_spear,happy,-5.2,-322.8,2,0,2,1,1,0","rabbit_spear,neck,-8.2,-287.6,-4,0,4,1,1,0","rabbit_spear,body,-8.8,-215.6,-3.5,0,5,1,1,0","rabbit_spear,arm_up,-37.2,-256.6,-59,0,3,1,1,0","rabbit_spear,arm_low,-63.6,-224.8,-22,0,4,1,1,0","rabbit_spear,fist,-61.6,-190.4,-22,0,2,1,1,0","rabbit_spear,arm_up,20.4,-267,69,1,13,1,1,0","rabbit_spear,arm_low,64.4,-258.2,116,1,13,1,1,0","rabbit_spear,fist,96,-268.6,147,1,19,1,1,0","rabbit_spear,leg_up,-13.2,-131.4,15.3,0,4,1,1,0","rabbit_spear,leg_low,-21,-77.4,-37,0,10,1,1,0","rabbit_spear,foot,-50.8,-42.6,-60.6,0,13,1,1,0","rabbit_spear,leg_up,-6.8,-126.2,13.7,0,12,1,1,0","rabbit_spear,leg_low,-13.8,-71.8,-39.5,0,13,1,1,0","rabbit_spear,foot,-42.2,-38.6,-82.5,0,15,1,1,0","rabbit_spear,base,104.4,-272.6,117,0,3,1,1,0",,"rabbit_spear,ear,-80,-369.4,91,0,0,1,1,0","rabbit_spear,ear_back,-47.8,-389.4,64,0,12,1,1,0","rabbit_spear,tail,-59.6,-153,-21,0,6,1,1,0",,,,,,,,,,,,,,,,,,,,,,,,,,,,,,,,,,,,,,,,,,,,,,,,,,,,,,,,,,,,,,,,,,,,,,,,,,,,,,,,,,,,,,,,,,,,,,,,,,play_time_mod_0.8,
Run/2,"rabbit_spear,happy,-6.2,-336.8,4,0,2,1,1,0","rabbit_spear,neck,-10.2,-303.6,-6,0,4,1,1,0","rabbit_spear,body,-9.8,-229.6,-1.5,0,5,1,1,0","rabbit_spear,arm_up,-37.2,-271.6,-62,0,3,1,1,0","rabbit_spear,arm_low,-63.6,-241.8,-33,0,4,1,1,0","rabbit_spear,fist,-71.6,-210.4,-42,0,2,1,1,0","rabbit_spear,arm_up,20.4,-281,77,1,13,1,1,0","rabbit_spear,arm_low,64.4,-282.2,121,1,13,1,1,0","rabbit_spear,fist,96,-298.6,156,1,19,1,1,0","rabbit_spear,leg_up,2.8,-142.4,39.3,0,4,1,1,0","rabbit_spear,leg_low,19,-96.4,-20,0,10,1,1,0","rabbit_spear,foot,-1.8,-56.6,-60.6,0,13,1,1,0","rabbit_spear,leg_up,-26.8,-146.2,-16.3,0,12,1,1,0","rabbit_spear,leg_low,-57.8,-96.8,-55.5,0,13,1,1,0","rabbit_spear,foot,-95.2,-79.6,-102.5,0,15,1,1,0","rabbit_spear,base,104.4,-300.6,118,0,3,1,1,0",,"rabbit_spear,ear,-83,-378.4,95,0,0,1,1,0","rabbit_spear,ear_back,-50.8,-398.4,68,0,12,1,1,0","rabbit_spear,tail,-59.6,-163,-21,0,6,1,1,0",,,,,,,,,,,,,,,,,,,,,,,,,,,,,,,,,,,,,,,,,,,,,,,,,,,,,,,,,,,,,,,,,,,,,,,,,,,,,,,,,,,,,,,,,,,,,,,,,,play_time_mod_0.8,
Run/3,"rabbit_spear,happy,-6.2,-369.8,6,0,2,1,1,0","rabbit_spear,neck,-10.2,-335.6,-6,0,4,1,1,0","rabbit_spear,body,-9.8,-261.6,-1.5,0,5,1,1,0","rabbit_spear,arm_up,-37.2,-302.6,-53,0,3,1,1,0","rabbit_spear,arm_low,-62.6,-268.8,-29,0,4,1,1,0","rabbit_spear,fist,-67.6,-238.4,-40,0,2,1,1,0","rabbit_spear,arm_up,20.4,-315,85,1,13,1,1,0","rabbit_spear,arm_low,64.4,-320.2,121,1,13,1,1,0","rabbit_spear,fist,96,-336.6,156,1,19,1,1,0","rabbit_spear,leg_up,5.8,-191.4,61.3,0,4,1,1,0","rabbit_spear,leg_low,32,-154.4,-6,0,10,1,1,0","rabbit_spear,foot,22.2,-111.6,-52.6,0,13,1,1,0","rabbit_spear,leg_up,-26.8,-183.2,-16.3,0,12,1,1,0","rabbit_spear,leg_low,-57.8,-138.8,-65.5,0,13,1,1,0","rabbit_spear,foot,-99.2,-131.6,-122.5,0,15,1,1,0","rabbit_spear,base,104.4,-338.6,120,0,3,1,1,0",,"rabbit_spear,ear,-86,-406.4,97,0,0,1,1,0","rabbit_spear,ear_back,-56.8,-427.4,76,0,12,1,1,0","rabbit_spear,tail,-59.6,-203,-26,0,6,1,1,0",,,,,,,,,,,,,,,,,,,,,,,,,,,,,,,,,,,,,,,,,,,,,,,,,,,,,,,,,,,,,,,,,,,,,,,,,,,,,,,,,,,,,,,,,,,,,,,,,,play_time_mod_0.8,
Run/4,"rabbit_spear,happy,-6.2,-336.8,4,0,2,1,1,0","rabbit_spear,neck,-10.2,-303.6,-5,0,4,1,1,0","rabbit_spear,body,-9.8,-229.6,-1.5,0,5,1,1,0","rabbit_spear,arm_up,-37.2,-271.6,-62,0,3,1,1,0","rabbit_spear,arm_low,-63.6,-241.8,-33,0,4,1,1,0","rabbit_spear,fist,-71.6,-210.4,-42,0,2,1,1,0","rabbit_spear,arm_up,20.4,-281,77,1,13,1,1,0","rabbit_spear,arm_low,64.4,-282.2,121,1,13,1,1,0","rabbit_spear,fist,96,-298.6,156,1,19,1,1,0","rabbit_spear,leg_up,2.8,-142.4,39.3,0,4,1,1,0","rabbit_spear,leg_low,19,-96.4,-20,0,10,1,1,0","rabbit_spear,foot,-1.8,-56.6,-60.6,0,13,1,1,0","rabbit_spear,leg_up,-26.8,-146.2,-16.3,0,12,1,1,0","rabbit_spear,leg_low,-57.8,-96.8,-55.5,0,13,1,1,0","rabbit_spear,foot,-95.2,-79.6,-102.5,0,15,1,1,0","rabbit_spear,base,104.4,-300.6,118,0,3,1,1,0",,"rabbit_spear,ear,-83,-378.4,95,0,0,1,1,0","rabbit_spear,ear_back,-50.8,-398.4,68,0,12,1,1,0","rabbit_spear,tail,-59.6,-163,-21,0,6,1,1,0",,,,,,,,,,,,,,,,,,,,,,,,,,,,,,,,,,,,,,,,,,,,,,,,,,,,,,,,,,,,,,,,,,,,,,,,,,,,,,,,,,,,,,,,,,,,,,,,,,play_time_mod_0.8,
Run/5,"rabbit_spear,happy,2.8,-312.8,-3,0,2,1,1,0","rabbit_spear,neck,-3.2,-277.6,-5,0,4,1,1,0","rabbit_spear,body,-5.8,-205.6,-5.5,0,5,1,1,0","rabbit_spear,arm_up,-37.2,-246.6,-59,0,3,1,1,0","rabbit_spear,arm_low,-63.6,-214.8,-22,0,4,1,1,0","rabbit_spear,fist,-61.6,-180.4,-22,0,2,1,1,0","rabbit_spear,arm_up,20.4,-258,62,1,13,1,1,0","rabbit_spear,arm_low,64.4,-243.2,116,1,13,1,1,0","rabbit_spear,fist,96,-253.6,147,1,19,1,1,0","rabbit_spear,leg_up,-23.2,-111.4,-4.7,0,4,1,1,0","rabbit_spear,leg_low,-34,-54.4,-20,0,10,1,1,0","rabbit_spear,foot,-50.8,-12.6,-50.6,0,13,1,1,0","rabbit_spear,leg_up,2.2,-116.2,23.7,0,12,1,1,0","rabbit_spear,leg_low,4.2,-58.8,-19.5,0,13,1,1,0","rabbit_spear,foot,-12.2,-17.6,-51.5,0,15,1,1,0","rabbit_spear,base,104.4,-257.6,116,0,3,1,1,0",,"rabbit_spear,ear,-68,-359.4,87,0,0,1,1,0","rabbit_spear,ear_back,-33.8,-379.4,59,0,12,1,1,0","rabbit_spear,tail,-59.6,-136,-23,0,6,1,1,0",,,,,,,,,,,,,,,,,,,,,,,,,,,,,,,,,,,,,,,,,,,,,,,,,,,,,,,,,,,,,,,,,,,,,,,,,,,,,,,,,,,,,,,,,,,,,,,,,,play_time_mod_0.8,
Run/6,"rabbit_spear,happy,10.8,-312.8,-7,0,2,1,1,0","rabbit_spear,neck,3.8,-277.6,-11,0,4,1,1,0","rabbit_spear,body,-3.8,-205.6,-7.5,0,5,1,1,0","rabbit_spear,arm_up,-37.2,-248.6,-64,0,3,1,1,0","rabbit_spear,arm_low,-63.6,-220.8,-31,0,4,1,1,0","rabbit_spear,fist,-73.6,-187.4,-52,0,2,1,1,0","rabbit_spear,arm_up,22.4,-258,65,1,13,1,1,0","rabbit_spear,arm_low,64.4,-240.2,92,1,13,1,1,0","rabbit_spear,fist,96,-234.6,117,1,19,1,1,0","rabbit_spear,leg_up,-30.2,-111.4,-14.7,0,4,1,1,0","rabbit_spear,leg_low,-56,-55.4,-34,0,10,1,1,0","rabbit_spear,foot,-83.8,-20.6,-70.6,0,13,1,1,0","rabbit_spear,leg_up,5.2,-126.2,43.7,0,12,1,1,0","rabbit_spear,leg_low,28.2,-78.8,-6.5,0,13,1,1,0","rabbit_spear,foot,16.8,-39.6,-51.5,0,15,1,1,0","rabbit_spear,base,104.4,-239.6,106,0,3,1,1,0",,"rabbit_spear,ear,-60,-368.4,81,0,0,1,1,0","rabbit_spear,ear_back,-25.8,-379.4,55,0,12,1,1,0","rabbit_spear,tail,-59.6,-144,-29,0,6,1,1,0",,,,,,,,,,,,,,,,,,,,,,,,,,,,,,,,,,,,,,,,,,,,,,,,,,,,,,,,,,,,,,,,,,,,,,,,,,,,,,,,,,,,,,,,,,,,,,,,,,play_time_mod_0.8,
Run/7,"rabbit_spear,happy,13.8,-332.8,-9,0,2,1,1,0","rabbit_spear,neck,3.8,-297.6,-10,0,4,1,1,0","rabbit_spear,body,-3.8,-225.6,-7.5,0,5,1,1,0","rabbit_spear,arm_up,-37.2,-271.6,-71,0,3,1,1,0","rabbit_spear,arm_low,-66.6,-250.8,-33,0,4,1,1,0","rabbit_spear,fist,-75.6,-217.4,-52,0,2,1,1,0","rabbit_spear,arm_up,22.4,-278,65,1,13,1,1,0","rabbit_spear,arm_low,64.4,-255.2,88,1,13,1,1,0","rabbit_spear,fist,96,-248.6,111,1,19,1,1,0","rabbit_spear,leg_up,-32.2,-138.4,-18.7,0,4,1,1,0","rabbit_spear,leg_low,-65,-89.4,-50,0,10,1,1,0","rabbit_spear,foot,-102.8,-64.6,-90.6,0,13,1,1,0","rabbit_spear,leg_up,13.2,-148.2,55.7,0,12,1,1,0","rabbit_spear,leg_low,41.2,-108.8,-6.5,0,13,1,1,0","rabbit_spear,foot,30.8,-69.6,-55.5,0,15,1,1,0","rabbit_spear,base,104.4,-252.6,99,0,3,1,1,0",,"rabbit_spear,ear,-53,-392.4,77,0,0,1,1,0","rabbit_spear,ear_back,-20.8,-399.4,57,0,12,1,1,0","rabbit_spear,tail,-59.6,-172,-31,0,6,1,1,0",,,,,,,,,,,,,,,,,,,,,,,,,,,,,,,,,,,,,,,,,,,,,,,,,,,,,,,,,,,,,,,,,,,,,,,,,,,,,,,,,,,,,,,,,,,,,,,,,,play_time_mod_0.8,
Run/8,"rabbit_spear,happy,16.8,-355.8,-15,0,2,1,1,0","rabbit_spear,neck,6.8,-320.6,-9,0,4,1,1,0","rabbit_spear,body,-1.8,-250.6,-9.5,0,5,1,1,0","rabbit_spear,arm_up,-37.2,-295.6,-76,0,3,1,1,0","rabbit_spear,arm_low,-66.6,-276.8,-40,0,4,1,1,0","rabbit_spear,fist,-78.6,-246.4,-56,0,2,1,1,0","rabbit_spear,arm_up,26.4,-298,57,1,13,1,1,0","rabbit_spear,arm_low,64.4,-271.2,68,1,13,1,1,0","rabbit_spear,fist,96,-255.6,101,1,19,1,1,0","rabbit_spear,leg_up,-32.2,-165.4,-21.7,0,4,1,1,0","rabbit_spear,leg_low,-65,-129.4,-80,0,10,1,1,0","rabbit_spear,foot,-107.8,-127.6,-110.6,0,13,1,1,0","rabbit_spear,leg_up,13.2,-181.2,75.7,0,12,1,1,0","rabbit_spear,leg_low,51.2,-151.8,13.5,0,13,1,1,0","rabbit_spear,foot,60,-109,-25.5,0,15,1,1,0","rabbit_spear,base,104.4,-259.6,96,0,3,1,1,0",,"rabbit_spear,ear,-44,-422.4,73,0,0,1,1,0","rabbit_spear,ear_back,-11.8,-429.4,53,0,12,1,1,0","rabbit_spear,tail,-59.6,-202,-37,0,6,1,1,0",,,,,,,,,,,,,,,,,,,,,,,,,,,,,,,,,,,,,,,,,,,,,,,,,,,,,,,,,,,,,,,,,,,,,,,,,,,,,,,,,,,,,,,,,,,,,,,,,,play_time_mod_0.8,
Run/9,"rabbit_spear,happy,13.8,-332.8,-9,0,2,1,1,0","rabbit_spear,neck,3.8,-297.6,-9,0,4,1,1,0","rabbit_spear,body,-3.8,-225.6,-7.5,0,5,1,1,0","rabbit_spear,arm_up,-37.2,-271.6,-71,0,3,1,1,0","rabbit_spear,arm_low,-66.6,-250.8,-33,0,4,1,1,0","rabbit_spear,fist,-75.6,-217.4,-52,0,2,1,1,0","rabbit_spear,arm_up,22.4,-278,65,1,13,1,1,0","rabbit_spear,arm_low,64.4,-255.2,88,1,13,1,1,0","rabbit_spear,fist,96,-248.6,111,1,19,1,1,0","rabbit_spear,leg_up,-32.2,-138.4,-18.7,0,4,1,1,0","rabbit_spear,leg_low,-65,-89.4,-50,0,10,1,1,0","rabbit_spear,foot,-102.8,-64.6,-90.6,0,13,1,1,0","rabbit_spear,leg_up,13.2,-148.2,55.7,0,12,1,1,0","rabbit_spear,leg_low,41.2,-108.8,-6.5,0,13,1,1,0","rabbit_spear,foot,30.8,-69.6,-55.5,0,15,1,1,0","rabbit_spear,base,104.4,-252.6,99,0,3,1,1,0",,"rabbit_spear,ear,-53,-392.4,77,0,0,1,1,0","rabbit_spear,ear_back,-20.8,-399.4,57,0,12,1,1,0","rabbit_spear,tail,-59.6,-172,-31,0,6,1,1,0",,,,,,,,,,,,,,,,,,,,,,,,,,,,,,,,,,,,,,,,,,,,,,,,,,,,,,,,,,,,,,,,,,,,,,,,,,,,,,,,,,,,,,,,,,,,,,,,,,play_time_mod_0.8,
Run/10,"rabbit_spear,happy,10.8,-312.8,-7,0,2,1,1,0","rabbit_spear,neck,3.8,-277.6,-9,0,4,1,1,0","rabbit_spear,body,-3.8,-205.6,-7.5,0,5,1,1,0","rabbit_spear,arm_up,-37.2,-248.6,-64,0,3,1,1,0","rabbit_spear,arm_low,-63.6,-220.8,-31,0,4,1,1,0","rabbit_spear,fist,-73.6,-187.4,-52,0,2,1,1,0","rabbit_spear,arm_up,22.4,-258,65,1,13,1,1,0","rabbit_spear,arm_low,64.4,-240.2,92,1,13,1,1,0","rabbit_spear,fist,96,-234.6,117,1,19,1,1,0","rabbit_spear,leg_up,-30.2,-111.4,-14.7,0,4,1,1,0","rabbit_spear,leg_low,-56,-55.4,-34,0,10,1,1,0","rabbit_spear,foot,-83.8,-20.6,-70.6,0,13,1,1,0","rabbit_spear,leg_up,5.2,-126.2,43.7,0,12,1,1,0","rabbit_spear,leg_low,28.2,-78.8,-6.5,0,13,1,1,0","rabbit_spear,foot,16.8,-39.6,-51.5,0,15,1,1,0","rabbit_spear,base,104.4,-239.6,106,0,3,1,1,0",,"rabbit_spear,ear,-60,-368.4,81,0,0,1,1,0","rabbit_spear,ear_back,-25.8,-379.4,55,0,12,1,1,0","rabbit_spear,tail,-59.6,-144,-29,0,6,1,1,0",,,,,,,,,,,,,,,,,,,,,,,,,,,,,,,,,,,,,,,,,,,,,,,,,,,,,,,,,,,,,,,,,,,,,,,,,,,,,,,,,,,,,,,,,,,,,,,,,,play_time_mod_0.8,
Skill1/0,"rabbit_spear,head,22.8,-310.8,-15,0,2,1,1,0","rabbit_spear,neck,6.8,-275.6,-8,0,4,1,1,0","rabbit_spear,body,-2.8,-200.6,-9.5,0,5,1,1,0","rabbit_spear,arm_up,-30.2,-248.6,-66,0,3,1,1,0","rabbit_spear,arm_low,-56.6,-222.8,-24,0,4,1,1,0","rabbit_spear,fist,-59.6,-186.4,-35,0,2,1,1,0","rabbit_spear,arm_up,28.4,-247,62,1,13,1,1,0","rabbit_spear,arm_low,73.4,-223.2,79,1,13,1,1,0","rabbit_spear,fist,105,-220.6,115,1,19,1,1,0","rabbit_spear,leg_up,-43.2,-109.4,-29.7,0,4,1,1,0","rabbit_spear,leg_low,-71,-55.4,-17,0,10,1,1,0","rabbit_spear,foot,-86.8,-11.6,-45.6,0,13,1,1,0","rabbit_spear,leg_up,18.2,-112.2,39.7,0,12,1,1,0","rabbit_spear,leg_low,39.2,-58.8,-2.5,0,13,1,1,0","rabbit_spear,foot,32.8,-16.6,-36.5,0,15,1,1,0","rabbit_spear,base,111.4,-215.6,100,0,3,1,1,0",,"rabbit_spear,ear,-42,-371.4,77,0,0,1,1,0","rabbit_spear,ear_back,6.2,-377.4,47,0,12,1,1,0","rabbit_spear,tail,-73.6,-140,-30,0,6,1,1,0",,,,,,,,,,,,,,,,,,,,,,,,,,,,,,,,,,,,,,,,,,,,,,,,,,,,,,,,,,,,,,,,,,,,,,,,,,,,,,,,,,,,,,,,,,,,,,,,,play_time_mod_2,,
Skill1/1,"rabbit_spear,head,29.8,-310.8,-19,0,2,1,1,0","rabbit_spear,neck,13.8,-275.6,-12,0,4,1,1,0","rabbit_spear,body,2.2,-200.6,-11.5,0,5,1,1,0","rabbit_spear,arm_up,-33.2,-258.6,-96,0,3,1,1,0","rabbit_spear,arm_low,-73.6,-261.8,-105,0,4,1,1,0","rabbit_spear,fist,-83.6,-244.4,-18,0,2,1,1,0","rabbit_spear,arm_up,41.4,-245,62,1,13,1,1,0","rabbit_spear,arm_low,82.4,-223.2,79,1,13,1,1,0","rabbit_spear,fist,114,-222.6,150,1,19,1,1,0","rabbit_spear,leg_up,-44.2,-109.4,-32.7,0,4,1,1,0","rabbit_spear,leg_low,-76,-55.4,-20,0,10,1,1,0","rabbit_spear,foot,-95.8,-14.6,-47.6,0,13,1,1,0","rabbit_spear,leg_up,22.2,-112.2,39.7,0,12,1,1,0","rabbit_spear,leg_low,43.2,-58.8,-2.5,0,13,1,1,0","rabbit_spear,foot,37.8,-16.6,-36.5,0,15,1,1,0","rabbit_spear,base,100.4,-225.6,85,0,3,1,1,0",,"rabbit_spear,ear,-33,-376.4,72,0,0,1,1,0","rabbit_spear,ear_back,15.2,-382.4,42,0,12,1,1,0","rabbit_spear,tail,-69.6,-143,-33,0,6,1,1,0",,,,,,,,,,,,,,,,,,,,,,,,,,,,,,,,,,,,,,,,,,,,,,,,,,,,,,,,,,,,,,,,,,,,,,,,,,,,,,,,,,,,,,,,,,,,,,,,,,,
Skill1/2,"rabbit_spear,head,40.8,-309.8,-23,0,2,1,1,0","rabbit_spear,neck,19.8,-275.6,-15,0,4,1,1,0","rabbit_spear,body,5.2,-202.6,-13.5,0,5,1,1,0","rabbit_spear,arm_up,-23.2,-275.6,-117,0,3,1,1,0","rabbit_spear,arm_low,-73.6,-291.8,-105,0,4,1,1,0","rabbit_spear,fist,-83.6,-274.4,-28,0,2,1,1,0","rabbit_spear,arm_up,49.4,-244,62,1,13,1,1,0","rabbit_spear,arm_low,90.4,-222.2,79,1,13,1,1,0","rabbit_spear,fist,122,-221.6,150,1,19,1,1,0","rabbit_spear,leg_up,-43.2,-113.4,-32.7,0,4,1,1,0","rabbit_spear,leg_low,-81,-55.4,-24,0,10,1,1,0","rabbit_spear,foot,-100.8,-14.6,-47.6,0,13,1,1,0","rabbit_spear,leg_up,24.2,-112.2,40.7,0,12,1,1,0","rabbit_spear,leg_low,47.2,-58.8,-7.5,0,13,1,1,0","rabbit_spear,foot,39.8,-16.6,-36.5,0,15,1,1,0","rabbit_spear,base,100.4,-227.6,75,0,3,1,1,0",,"rabbit_spear,ear,-10,-383.4,63,0,0,1,1,0","rabbit_spear,ear_back,42.2,-394.4,32,0,12,1,1,0","rabbit_spear,tail,-68.6,-150,-34,0,6,1,1,0",,,,,,,,,,,,,,,,,,,,,,,,,,,,,,,,,,,,,,,,,,,,,,,,,,,,,,,,,,,,,,,,,,,,,,,,,,,,,,,,,,,,,,,,,,,,,,,,,play_time_mod_1.5,,
Skill1/3,"rabbit_spear,head,85.8,-293.8,-33,0,2,1,1,0","rabbit_spear,neck,59.8,-264.6,-25,0,4,1,1,0","rabbit_spear,body,22.2,-193.6,-30.5,0,5,1,1,0","rabbit_spear,arm_up,16.8,-266.6,-119,0,3,1,1,0","rabbit_spear,arm_low,9.4,-270.8,29,0,2,1,1,0","rabbit_spear,fist,35.7,-249.2,25,0,2,1,1,0","rabbit_spear,arm_up,92.4,-222,62,1,13,1,1,0","rabbit_spear,arm_low,132.4,-198.2,76,1,13,1,1,0","rabbit_spear,fist,162,-189.6,115,1,19,1,1,0","rabbit_spear,leg_up,-45.2,-111.4,-35.7,0,4,1,1,0","rabbit_spear,leg_low,-85,-53.4,-26,0,10,1,1,0","rabbit_spear,foot,-105.8,-15.6,-50.6,0,13,1,1,0","rabbit_spear,leg_up,38.2,-105.2,40.7,0,12,1,1,0","rabbit_spear,leg_low,54.2,-54.8,-15.5,0,13,1,1,0","rabbit_spear,foot,36.8,-16.6,-48.5,0,15,1,1,0","rabbit_spear,stab,175.4,-186.6,65,0,3,1,1,1",,"rabbit_spear,ear,48,-377.4,56,0,0,1,1,0","rabbit_spear,ear_back,72.2,-376.4,42,0,12,1,1,0","rabbit_spear,tail,-65.6,-154,-38,0,6,1,1,0",,,,,,,,,,,,,,,,,,,,,,,,,,,,,,,,,,,,,,,,,,,,,,,,,,,,,,,,,,,,,,,,,,,,,,,,,,,,,,,,,,,,,,,,,,,,,,,,,"play_time_mod_0.3,sprite_deal_damage",,"pierce_small,1000,1"
Skill1/4,"rabbit_spear,happy,92.8,-281.8,-37,0,2,1,1,0","rabbit_spear,neck,66.8,-252.6,-29,0,4,1,1,0","rabbit_spear,body,27.2,-188.6,-35.5,0,5,1,1,0","rabbit_spear,arm_up,42.8,-240.6,29,0,3,1,1,0","rabbit_spear,arm_low,72.4,-212.8,49,0,2,1,1,0","rabbit_spear,fist,110.7,-201.2,45,0,2,1,1,0","rabbit_spear,arm_up,100.4,-213,62,1,13,1,1,0","rabbit_spear,arm_low,147.4,-186.2,76,1,13,1,1,0","rabbit_spear,fist,177,-173.6,108,1,19,1,1,0","rabbit_spear,leg_up,-43.2,-112.4,-41.7,0,4,1,1,0","rabbit_spear,leg_low,-85,-59.4,-27,0,10,1,1,0","rabbit_spear,foot,-107.8,-16.6,-57.6,0,13,1,1,0","rabbit_spear,leg_up,40.2,-106.2,35.7,0,12,1,1,0","rabbit_spear,leg_low,54.2,-52.8,-19.5,0,13,1,1,0","rabbit_spear,foot,36.8,-14.6,-51.5,0,15,1,1,0","rabbit_spear,stab,258.4,-128.6,60,0,3,1.1,1,1",,"rabbit_spear,ear,58,-365.4,52,0,0,1,1,0","rabbit_spear,ear_back,92.2,-361.4,33,0,12,1,1,0","rabbit_spear,tail,-63.6,-156,-44,0,6,1,1,0",,,,,,,,,,,,,,,,,,,,,,,,,,,,,,,,,,,,,,,,,,,,,,,,,,,,,,,,,,,,,,,,,,,,,,,,,,,,,,,,,,,,,,,,,,,,,,,,,"play_time_mod_0.2,sprite_deal_damage",,
Skill1/5,"rabbit_spear,happy,94.8,-278.8,-39,0,2,1,1,0","rabbit_spear,neck,68.8,-251.6,-29,0,4,1,1,0","rabbit_spear,body,27.2,-187.6,-36.5,0,5,1,1,0","rabbit_spear,arm_up,49.8,-233.6,33,0,3,1,1,0","rabbit_spear,arm_low,79.4,-205.8,49,0,2,1,1,0","rabbit_spear,fist,117.7,-194.2,45,0,2,1,1,0","rabbit_spear,arm_up,100.4,-213,62,1,13,1,1,0","rabbit_spear,arm_low,147.4,-186.2,76,1,13,1,1,0","rabbit_spear,fist,177,-173.6,94,1,19,1,1,0","rabbit_spear,leg_up,-43.2,-112.4,-41.7,0,4,1,1,0","rabbit_spear,leg_low,-85,-59.4,-27,0,10,1,1,0","rabbit_spear,foot,-107.8,-16.6,-57.6,0,13,1,1,0","rabbit_spear,leg_up,43.2,-104.2,33.7,0,12,1,1,0","rabbit_spear,leg_low,55.2,-52.8,-21.5,0,13,1,1,0","rabbit_spear,foot,36.8,-14.6,-54.5,0,15,1,1,0","rabbit_spear,base,261.4,-122.6,60,0,3,1,1,1",,"rabbit_spear,ear,62,-362.4,55,0,0,1,1,0","rabbit_spear,ear_back,99.2,-358.4,30,0,12,1,1,0","rabbit_spear,tail,-52.6,-169,-76,0,6,1,1,0",,,,,,,,,,,,,,,,,,,,,,,,,,,,,,,,,,,,,,,,,,,,,,,,,,,,,,,,,,,,,,,,,,,,,,,,,,,,,,,,,,,,,,,,,,,,,,,,,"play_time_mod_1.5,sprite_deal_damage",,
Skill1/6,"rabbit_spear,happy,90.8,-284.8,-23,0,2,1,1,0","rabbit_spear,neck,68.8,-251.6,-29,0,4,1,1,0","rabbit_spear,body,27.2,-187.6,-34.5,0,5,1,1,0","rabbit_spear,arm_up,47.8,-233.6,28,0,3,1,1,0","rabbit_spear,arm_low,72.4,-205.8,49,0,2,1,1,0","rabbit_spear,fist,110.7,-194.2,45,0,2,1,1,0","rabbit_spear,arm_up,100.4,-213,62,1,13,1,1,0","rabbit_spear,arm_low,144.4,-187.2,76,1,13,1,1,0","rabbit_spear,fist,174,-174.6,94,1,19,1,1,0","rabbit_spear,leg_up,-43.2,-112.4,-41.7,0,4,1,1,0","rabbit_spear,leg_low,-85,-59.4,-27,0,10,1,1,0","rabbit_spear,foot,-107.8,-16.6,-57.6,0,13,1,1,0","rabbit_spear,leg_up,40.2,-106.2,37.7,0,12,1,1,0","rabbit_spear,leg_low,55.2,-54.8,-15.5,0,13,1,1,0","rabbit_spear,foot,41.8,-14.6,-51.5,0,15,1,1,0","rabbit_spear,base,255.4,-124.6,61,0,3,1,1,1",,"rabbit_spear,ear,38,-356.4,66,0,0,1,1,0","rabbit_spear,ear_back,74.2,-355.4,40,0,12,1,1,0","rabbit_spear,tail,-52.6,-166,-73,0,6,1,1,0",,,,,,,,,,,,,,,,,,,,,,,,,,,,,,,,,,,,,,,,,,,,,,,,,,,,,,,,,,,,,,,,,,,,,,,,,,,,,,,,,,,,,,,,,,,,,,,,,sprite_deal_damage,,
Skill1/7,"rabbit_spear,happy,55.8,-287.8,-13,0,2,1,1,0","rabbit_spear,neck,39.8,-249.6,-19,0,4,1,1,0","rabbit_spear,body,18.2,-190.6,-20.5,0,5,1,1,0","rabbit_spear,arm_up,20.8,-214.6,-2,0,3,1,1,0","rabbit_spear,arm_low,39.4,-189.8,79,0,2,1,1,0","rabbit_spear,fist,80.7,-184.2,55,0,2,1,1,0","rabbit_spear,arm_up,70.4,-229,52,1,13,1,1,0","rabbit_spear,arm_low,110.4,-203.2,72,1,13,1,1,0","rabbit_spear,fist,141,-184.6,94,1,19,1,1,0","rabbit_spear,leg_up,-34.2,-110.4,-32.7,0,4,1,1,0","rabbit_spear,leg_low,-75,-55.4,-27,0,10,1,1,0","rabbit_spear,foot,-96.8,-17.6,-52.6,0,13,1,1,0","rabbit_spear,leg_up,40.2,-106.2,37.7,0,12,1,1,0","rabbit_spear,leg_low,55.2,-54.8,-15.5,0,13,1,1,0","rabbit_spear,foot,41.8,-14.6,-51.5,0,15,1,1,0","rabbit_spear,base,202.4,-165.6,78,0,4,1,1,1",,"rabbit_spear,ear,3,-359.4,76,0,0,1,1,0","rabbit_spear,ear_back,39.2,-358.4,50,0,12,1,1,0","rabbit_spear,tail,-52.6,-161,-66,0,6,1,1,0",,,,,,,,,,,,,,,,,,,,,,,,,,,,,,,,,,,,,,,,,,,,,,,,,,,,,,,,,,,,,,,,,,,,,,,,,,,,,,,,,,,,,,,,,,,,,,,,,sprite_deal_damage,,
Skill1/8,"rabbit_spear,happy,37.8,-300.8,-10,0,2,1,1,0","rabbit_spear,neck,25.8,-265.6,-16,0,4,1,1,0","rabbit_spear,body,12.2,-192.6,-12.5,0,5,1,1,0","rabbit_spear,arm_up,-8.2,-237.6,-52,0,3,1,1,0","rabbit_spear,arm_low,-16.6,-207.8,39,0,2,1,1,0","rabbit_spear,fist,4.7,-182.2,13,0,2,1,1,0","rabbit_spear,arm_up,43.4,-239,52,1,13,1,1,0","rabbit_spear,arm_low,83.4,-213.2,72,1,13,1,1,0","rabbit_spear,fist,114,-194.6,94,1,19,1,1,0","rabbit_spear,leg_up,-33.2,-110.4,-29.7,0,4,1,1,0","rabbit_spear,leg_low,-68,-55.4,-27,0,10,1,1,0","rabbit_spear,foot,-89.8,-17.6,-50.6,0,13,1,1,0","rabbit_spear,leg_up,34.2,-108.2,36.7,0,12,1,1,0","rabbit_spear,leg_low,51.2,-54.8,-9.5,0,13,1,1,0","rabbit_spear,foot,36.8,-14.6,-47.5,0,15,1,1,0","rabbit_spear,base,195.4,-201.6,95,0,4,1,1,0",,"rabbit_spear,ear,-15,-372.4,79,0,0,1,1,0","rabbit_spear,ear_back,21.2,-371.4,53,0,12,1,1,0","rabbit_spear,tail,-52.6,-158,-46,0,6,1,1,0",,,,,,,,,,,,,,,,,,,,,,,,,,,,,,,,,,,,,,,,,,,,,,,,,,,,,,,,,,,,,,,,,,,,,,,,,,,,,,,,,,,,,,,,,,,,,,,,,,,
Skill1/9,"rabbit_spear,head,24.8,-300.8,-5,0,2,1,1,0","rabbit_spear,neck,16.8,-266.6,-13,0,4,1,1,0","rabbit_spear,body,6.2,-192.6,-10.5,0,5,1,1,0","rabbit_spear,arm_up,-19.2,-235.6,-52,0,3,1,1,0","rabbit_spear,arm_low,-27.6,-205.8,19,0,2,1,1,0","rabbit_spear,fist,-18.3,-176.2,-17,0,2,1,1,0","rabbit_spear,arm_up,40.4,-241,47,1,13,1,1,0","rabbit_spear,arm_low,71.4,-213.2,74,1,14,1,1,0","rabbit_spear,fist,102,-201.6,92,1,19,1,1,0","rabbit_spear,leg_up,-36.2,-110.4,-27.7,0,4,1,1,0","rabbit_spear,leg_low,-65,-55.4,-21,0,10,1,1,0","rabbit_spear,foot,-82.8,-17.6,-45.6,0,13,1,1,0","rabbit_spear,leg_up,27.2,-109.2,36.7,0,12,1,1,0","rabbit_spear,leg_low,47.2,-54.8,-6.5,0,13,1,1,0","rabbit_spear,foot,38.8,-14.6,-41.5,0,15,1,1,0","rabbit_spear,base,173.4,-207.6,100,0,4,1,1,0",,"rabbit_spear,ear,-36,-362.4,74,0,0,1,1,0","rabbit_spear,ear_back,0.2,-369.4,49,0,12,1,1,0","rabbit_spear,tail,-52.6,-150,-38,0,6,1,1,0",,,,,,,,,,,,,,,,,,,,,,,,,,,,,,,,,,,,,,,,,,,,,,,,,,,,,,,,,,,,,,,,,,,,,,,,,,,,,,,,,,,,,,,,,,,,,,,,,,,
Skill1/10,"rabbit_spear,head,16.8,-308.8,-6,0,2,1,1,0","rabbit_spear,neck,9.8,-271.6,-12,0,4,1,1,0","rabbit_spear,body,0.2,-200.6,-8.5,0,5,1,1,0","rabbit_spear,arm_up,-23.2,-241.6,-56,0,3,1,1,0","rabbit_spear,arm_low,-41.6,-208.8,-1,0,2,1,1,0","rabbit_spear,fist,-38.3,-176.2,-27,0,2,1,1,0","rabbit_spear,arm_up,34.4,-243,49,1,13,1,1,0","rabbit_spear,arm_low,71.4,-223.2,84,1,14,1,1,0","rabbit_spear,fist,103,-218.6,115,1,19,1,1,0","rabbit_spear,leg_up,-38.2,-110.4,-27.7,0,4,1,1,0","rabbit_spear,leg_low,-68,-55.4,-24,0,10,1,1,0","rabbit_spear,foot,-87.8,-17.6,-45.6,0,13,1,1,0","rabbit_spear,leg_up,27.2,-109.2,36.7,0,12,1,1,0","rabbit_spear,leg_low,47.2,-54.8,-6.5,0,13,1,1,0","rabbit_spear,foot,38.8,-14.6,-41.5,0,15,1,1,0","rabbit_spear,base,158.4,-235.6,108,0,4,1,1,0",,"rabbit_spear,ear,-47,-370.4,75,0,0,1,1,0","rabbit_spear,ear_back,-10.8,-377.4,50,0,12,1,1,0","rabbit_spear,tail,-52.6,-150,-38,0,6,1,1,0",,,,,,,,,,,,,,,,,,,,,,,,,,,,,,,,,,,,,,,,,,,,,,,,,,,,,,,,,,,,,,,,,,,,,,,,,,,,,,,,,,,,,,,,,,,,,,,,,,,
Skill2/0,"rabbit_spear,head,34,-309,-14,0,2,1,1,0","rabbit_spear,neck,19,-277,-14,0,4,1,1,0","rabbit_spear,body,4,-205,-15.5,0,5,1,1,0","rabbit_spear,arm_up,-22,-246,-66,0,3,1,1,0","rabbit_spear,arm_low,-54,-217,-31,0,4,1,1,0","rabbit_spear,fist,-66,-180,-52,0,2,1,1,0","rabbit_spear,arm_up,44,-239,56,1,13,1,1,0","rabbit_spear,arm_low,82,-208,56,1,13,1,1,0","rabbit_spear,fist,108,-177,77,1,2,1,1,0","rabbit_spear,leg_up,-23.2,-111.4,-4.7,0,4,1,1,0","rabbit_spear,leg_low,-42,-57.4,-37,0,10,1,1,0","rabbit_spear,foot,-70.8,-22.6,-60.6,0,13,1,1,0","rabbit_spear,leg_up,2.2,-116.2,23.7,0,12,1,1,0","rabbit_spear,leg_low,6,-58,-21.5,0,13,1,1,0","rabbit_spear,foot,-12.2,-17.6,-51.5,0,15,1,1,0","rabbit_spear,stab,104,-178,90,0,3,1,1,1",,"rabbit_spear,ear,-33,-369,81,0,0,1,1,0","rabbit_spear,ear_back,-12,-371,73,0,12,1,1,0","rabbit_spear,tail,-59.6,-136,-23,0,6,1,1,0",,,,,,,,,,,,,,,,,,,,,,,,,,,,,,,,,,,,,,,,,,,,,,,,,,,,,,,,,,,,,,,,,,,,,,,,,,,,,,,,,,,,,,,,,,,,,,,,,,"play_time_mod_0.8,sprite_deal_damage",
Skill2/1,"rabbit_spear,head,37,-316,-17,0,2,1,1,0","rabbit_spear,neck,22,-284,-17,0,4,1,1,0","rabbit_spear,body,4,-216,-17.5,0,5,1,1,0","rabbit_spear,arm_up,-22,-257,-68,0,3,1,1,0","rabbit_spear,arm_low,-54,-228,-33,0,4,1,1,0","rabbit_spear,fist,-66,-191,-54,0,2,1,1,0","rabbit_spear,arm_up,44,-250,54,1,13,1,1,0","rabbit_spear,arm_low,82,-219,54,1,13,1,1,0","rabbit_spear,fist,108,-188,75,1,2,1,1,0","rabbit_spear,leg_up,-13.2,-131.4,15.3,0,4,1,1,0","rabbit_spear,leg_low,-21,-77.4,-37,0,10,1,1,0","rabbit_spear,foot,-50.8,-42.6,-60.6,0,13,1,1,0","rabbit_spear,leg_up,-6.8,-126.2,13.7,0,12,1,1,0","rabbit_spear,leg_low,-13.8,-71.8,-39.5,0,13,1,1,0","rabbit_spear,foot,-42.2,-38.6,-82.5,0,15,1,1,0","rabbit_spear,stab,104,-189,88,0,3,1,1,1",,"rabbit_spear,ear,-29,-376,78,0,0,1,1,0","rabbit_spear,ear_back,-8,-378,70,0,12,1,1,0","rabbit_spear,tail,-59.6,-153,-21,0,6,1,1,0",,,,,,,,,,,,,,,,,,,,,,,,,,,,,,,,,,,,,,,,,,,,,,,,,,,,,,,,,,,,,,,,,,,,,,,,,,,,,,,,,,,,,,,,,,,,,,,,,,"play_time_mod_0.8,sprite_deal_damage",
Skill2/2,"rabbit_spear,head,43,-323,-18,0,2,1,1,0","rabbit_spear,neck,26,-290,-18,0,4,1,1,0","rabbit_spear,body,7,-221,-17.5,0,5,1,1,0","rabbit_spear,arm_up,-14,-264,-69,0,3,1,1,0","rabbit_spear,arm_low,-48,-238,-34,0,4,1,1,0","rabbit_spear,fist,-63,-202,-54,0,2,1,1,0","rabbit_spear,arm_up,47,-255,54,1,13,1,1,0","rabbit_spear,arm_low,85,-223,56,1,13,1,1,0","rabbit_spear,fist,111,-193,75,1,2,1,1,0","rabbit_spear,leg_up,2.8,-142.4,39.3,0,4,1,1,0","rabbit_spear,leg_low,19,-96.4,-20,0,10,1,1,0","rabbit_spear,foot,-1.8,-56.6,-60.6,0,13,1,1,0","rabbit_spear,leg_up,-26.8,-146.2,-16.3,0,12,1,1,0","rabbit_spear,leg_low,-57.8,-96.8,-55.5,0,13,1,1,0","rabbit_spear,foot,-95.2,-79.6,-102.5,0,15,1,1,0","rabbit_spear,stab,107,-192,87,0,3,1,1,1",,"rabbit_spear,ear,-15,-389,77,0,0,1,1,0","rabbit_spear,ear_back,6,-391,69,0,12,1,1,0","rabbit_spear,tail,-59.6,-163,-21,0,6,1,1,0",,,,,,,,,,,,,,,,,,,,,,,,,,,,,,,,,,,,,,,,,,,,,,,,,,,,,,,,,,,,,,,,,,,,,,,,,,,,,,,,,,,,,,,,,,,,,,,,,,"play_time_mod_0.8,sprite_deal_damage",
Skill2/3,"rabbit_spear,head,45,-354,-19,0,2,1,1,0","rabbit_spear,neck,29,-322,-19,0,4,1,1,0","rabbit_spear,body,4,-254,-22.5,0,5,1,1,0","rabbit_spear,arm_up,-14,-296,-69,0,3,1,1,0","rabbit_spear,arm_low,-51,-269,-35,0,4,1,1,0","rabbit_spear,fist,-66,-230,-53,0,2,1,1,0","rabbit_spear,arm_up,44,-289,55,1,13,1,1,0","rabbit_spear,arm_low,82,-256,55,1,13,1,1,0","rabbit_spear,fist,108,-227,76,1,2,1,1,0","rabbit_spear,leg_up,5.8,-191.4,61.3,0,4,1,1,0","rabbit_spear,leg_low,32,-154.4,-6,0,10,1,1,0","rabbit_spear,foot,22.2,-111.6,-52.6,0,13,1,1,0","rabbit_spear,leg_up,-26.8,-183.2,-16.3,0,12,1,1,0","rabbit_spear,leg_low,-57.8,-138.8,-65.5,0,13,1,1,0","rabbit_spear,foot,-99.2,-131.6,-122.5,0,15,1,1,0","rabbit_spear,stab,104,-228,89,0,3,1,1,1",,"rabbit_spear,ear,-29,-405,87,0,0,1,1,0","rabbit_spear,ear_back,-8,-407,79,0,12,1,1,0","rabbit_spear,tail,-59.6,-203,-26,0,6,1,1,0",,,,,,,,,,,,,,,,,,,,,,,,,,,,,,,,,,,,,,,,,,,,,,,,,,,,,,,,,,,,,,,,,,,,,,,,,,,,,,,,,,,,,,,,,,,,,,,,,,"play_time_mod_0.8,sprite_deal_damage",
Skill2/4,"rabbit_spear,head,54,-315,-25,0,2,1,1,0","rabbit_spear,neck,34,-286,-23,0,4,1,1,0","rabbit_spear,body,10,-217,-20.5,0,5,1,1,0","rabbit_spear,arm_up,-14,-264,-70,0,3,1,1,0","rabbit_spear,arm_low,-48,-238,-35,0,4,1,1,0","rabbit_spear,fist,-63,-202,-55,0,2,1,1,0","rabbit_spear,arm_up,47,-255,53,1,13,1,1,0","rabbit_spear,arm_low,85,-223,55,1,13,1,1,0","rabbit_spear,fist,111,-193,74,1,2,1,1,0","rabbit_spear,leg_up,2.8,-142.4,39.3,0,4,1,1,0","rabbit_spear,leg_low,19,-96.4,-20,0,10,1,1,0","rabbit_spear,foot,-1.8,-56.6,-60.6,0,13,1,1,0","rabbit_spear,leg_up,-26.8,-146.2,-16.3,0,12,1,1,0","rabbit_spear,leg_low,-57.8,-96.8,-55.5,0,13,1,1,0","rabbit_spear,foot,-95.2,-79.6,-102.5,0,15,1,1,0","rabbit_spear,stab,107,-192,86,0,3,1,1,1",,"rabbit_spear,ear,-5,-384,73,0,0,1,1,0","rabbit_spear,ear_back,16,-386,65,0,12,1,1,0","rabbit_spear,tail,-63,-161,-21,0,6,1,1,0",,,,,,,,,,,,,,,,,,,,,,,,,,,,,,,,,,,,,,,,,,,,,,,,,,,,,,,,,,,,,,,,,,,,,,,,,,,,,,,,,,,,,,,,,,,,,,,,,,"play_time_mod_0.8,sprite_deal_damage",
Skill2/5,"rabbit_spear,head,59,-294,-23,0,2,1,1,0","rabbit_spear,neck,38,-265,-21,0,4,1,1,0","rabbit_spear,body,12,-198,-23.5,0,5,1,1,0","rabbit_spear,arm_up,-1,-246,-72,0,3,1,1,0","rabbit_spear,arm_low,-41,-222,-46,0,4,1,1,0","rabbit_spear,fist,-61,-189,-66,0,2,1,1,0","rabbit_spear,arm_up,60,-234,53,1,13,1,1,0","rabbit_spear,arm_low,98,-202,55,1,13,1,1,0","rabbit_spear,fist,124,-177,81,1,2,1,1,0","rabbit_spear,leg_up,-23.2,-111.4,-4.7,0,4,1,1,0","rabbit_spear,leg_low,-34,-54.4,-20,0,10,1,1,0","rabbit_spear,foot,-50.8,-12.6,-50.6,0,13,1,1,0","rabbit_spear,leg_up,2.2,-116.2,23.7,0,12,1,1,0","rabbit_spear,leg_low,4.2,-58.8,-19.5,0,13,1,1,0","rabbit_spear,foot,-12.2,-17.6,-51.5,0,15,1,1,0","rabbit_spear,stab,110,-175,88,0,3,1,1,1",,"rabbit_spear,ear,0,-363,75,0,0,1,1,0","rabbit_spear,ear_back,21,-365,67,0,12,1,1,0","rabbit_spear,tail,-63,-146,-21,0,6,1,1,0",,,,,,,,,,,,,,,,,,,,,,,,,,,,,,,,,,,,,,,,,,,,,,,,,,,,,,,,,,,,,,,,,,,,,,,,,,,,,,,,,,,,,,,,,,,,,,,,,,"play_time_mod_0.8,sprite_deal_damage",
Skill2/6,"rabbit_spear,head,25,-301,-13,0,2,1,1,0","rabbit_spear,neck,16,-270,-16,0,4,1,1,0","rabbit_spear,body,1,-198,-12.5,0,5,1,1,0","rabbit_spear,arm_up,-27,-244,-66,0,3,1,1,0","rabbit_spear,arm_low,-57,-217,-33,0,4,1,1,0","rabbit_spear,fist,-61,-180,-35,0,2,1,1,0","rabbit_spear,arm_up,22.4,-254,53,1,13,1,1,0","rabbit_spear,arm_low,59.4,-221.2,53,1,13,1,1,0","rabbit_spear,fist,84,-189,74,1,2,1,1,0","rabbit_spear,leg_up,-30.2,-111.4,-14.7,0,4,1,1,0","rabbit_spear,leg_low,-56,-55.4,-34,0,10,1,1,0","rabbit_spear,foot,-83.8,-20.6,-70.6,0,13,1,1,0","rabbit_spear,leg_up,5.2,-126.2,43.7,0,12,1,1,0","rabbit_spear,leg_low,28.2,-78.8,-6.5,0,13,1,1,0","rabbit_spear,foot,16.8,-39.6,-51.5,0,15,1,1,0","rabbit_spear,stab,109,-178,91,0,3,1,1,1",,"rabbit_spear,ear,-47,-355,87,0,0,1,1,0","rabbit_spear,ear_back,-13,-369,60,0,12,1,1,0","rabbit_spear,tail,-59.6,-144,-29,0,6,1,1,0",,,,,,,,,,,,,,,,,,,,,,,,,,,,,,,,,,,,,,,,,,,,,,,,,,,,,,,,,,,,,,,,,,,,,,,,,,,,,,,,,,,,,,,,,,,,,,,,,,"play_time_mod_0.8,sprite_deal_damage",
Skill2/7,"rabbit_spear,head,13.8,-332.8,-9,0,2,1,1,0","rabbit_spear,neck,3.8,-297.6,-10,0,4,1,1,0","rabbit_spear,body,-3.8,-225.6,-7.5,0,5,1,1,0","rabbit_spear,arm_up,-38.2,-266.6,-62,0,3,1,1,0","rabbit_spear,arm_low,-64.6,-234.8,-25,0,4,1,1,0","rabbit_spear,fist,-62.6,-203.4,-25,0,2,1,1,0","rabbit_spear,arm_up,23.4,-273,53,1,13,1,1,0","rabbit_spear,arm_low,60.4,-240.2,53,1,13,1,1,0","rabbit_spear,fist,85,-212,74,1,2,1,1,0","rabbit_spear,leg_up,-32.2,-138.4,-18.7,0,4,1,1,0","rabbit_spear,leg_low,-65,-89.4,-50,0,10,1,1,0","rabbit_spear,foot,-102.8,-64.6,-90.6,0,13,1,1,0","rabbit_spear,leg_up,13.2,-148.2,55.7,0,12,1,1,0","rabbit_spear,leg_low,41.2,-108.8,-6.5,0,13,1,1,0","rabbit_spear,foot,30.8,-69.6,-55.5,0,15,1,1,0","rabbit_spear,stab,103,-205,92,0,3,1,1,1",,"rabbit_spear,ear,-53,-392.4,77,0,0,1,1,0","rabbit_spear,ear_back,-20.8,-399.4,57,0,12,1,1,0","rabbit_spear,tail,-59.6,-172,-31,0,6,1,1,0",,,,,,,,,,,,,,,,,,,,,,,,,,,,,,,,,,,,,,,,,,,,,,,,,,,,,,,,,,,,,,,,,,,,,,,,,,,,,,,,,,,,,,,,,,,,,,,,,,"play_time_mod_0.8,sprite_deal_damage",
Skill2/8,"rabbit_spear,head,16.8,-355.8,-15,0,2,1,1,0","rabbit_spear,neck,6.8,-320.6,-9,0,4,1,1,0","rabbit_spear,body,-1.8,-250.6,-9.5,0,5,1,1,0","rabbit_spear,arm_up,-34.2,-295.6,-67,0,3,1,1,0","rabbit_spear,arm_low,-62.6,-274.8,-39,0,4,1,1,0","rabbit_spear,fist,-70.6,-244.4,-46,0,2,1,1,0","rabbit_spear,arm_up,26.4,-298,57,1,13,1,1,0","rabbit_spear,arm_low,64.4,-271.2,68,1,13,1,1,0","rabbit_spear,fist,91,-256.6,78,1,2,1,1,0","rabbit_spear,leg_up,-32.2,-165.4,-21.7,0,4,1,1,0","rabbit_spear,leg_low,-65,-129.4,-80,0,10,1,1,0","rabbit_spear,foot,-107.8,-127.6,-110.6,0,13,1,1,0","rabbit_spear,leg_up,13.2,-181.2,75.7,0,12,1,1,0","rabbit_spear,leg_low,51.2,-151.8,13.5,0,13,1,1,0","rabbit_spear,foot,60,-109,-25.5,0,15,1,1,0","rabbit_spear,stab,104.4,-255.6,93,0,3,1,1,1",,"rabbit_spear,ear,-44,-422.4,73,0,0,1,1,0","rabbit_spear,ear_back,-11.8,-429.4,53,0,12,1,1,0","rabbit_spear,tail,-59.6,-202,-37,0,6,1,1,0",,,,,,,,,,,,,,,,,,,,,,,,,,,,,,,,,,,,,,,,,,,,,,,,,,,,,,,,,,,,,,,,,,,,,,,,,,,,,,,,,,,,,,,,,,,,,,,,,,"play_time_mod_0.8,sprite_deal_damage",
Skill2/9,"rabbit_spear,head,13.8,-332.8,-9,0,2,1,1,0","rabbit_spear,neck,3.8,-297.6,-10,0,4,1,1,0","rabbit_spear,body,-3.8,-225.6,-7.5,0,5,1,1,0","rabbit_spear,arm_up,-36.2,-272.6,-61,0,3,1,1,0","rabbit_spear,arm_low,-62.6,-241.8,-23,0,4,1,1,0","rabbit_spear,fist,-60.6,-207.4,-23,0,2,1,1,0","rabbit_spear,arm_up,25.4,-277,55,1,13,1,1,0","rabbit_spear,arm_low,62.4,-246.2,55,1,13,1,1,0","rabbit_spear,fist,87,-222.6,76,1,2,1,1,0","rabbit_spear,leg_up,-32.2,-138.4,-18.7,0,4,1,1,0","rabbit_spear,leg_low,-65,-89.4,-50,0,10,1,1,0","rabbit_spear,foot,-102.8,-64.6,-90.6,0,13,1,1,0","rabbit_spear,leg_up,13.2,-148.2,55.7,0,12,1,1,0","rabbit_spear,leg_low,41.2,-108.8,-6.5,0,13,1,1,0","rabbit_spear,foot,30.8,-69.6,-55.5,0,15,1,1,0","rabbit_spear,stab,105,-213,92,0,3,1,1,1",,"rabbit_spear,ear,-53,-392.4,77,0,0,1,1,0","rabbit_spear,ear_back,-20.8,-399.4,57,0,12,1,1,0","rabbit_spear,tail,-59.6,-172,-31,0,6,1,1,0",,,,,,,,,,,,,,,,,,,,,,,,,,,,,,,,,,,,,,,,,,,,,,,,,,,,,,,,,,,,,,,,,,,,,,,,,,,,,,,,,,,,,,,,,,,,,,,,,,"play_time_mod_0.8,sprite_deal_damage",
Skill2/10,"rabbit_spear,head,10.8,-312.8,-7,0,2,1,1,0","rabbit_spear,neck,3.8,-277.6,-10,0,4,1,1,0","rabbit_spear,body,-3.8,-205.6,-7.5,0,5,1,1,0","rabbit_spear,arm_up,-37.2,-249.6,-62,0,3,1,1,0","rabbit_spear,arm_low,-63.6,-217.8,-25,0,4,1,1,0","rabbit_spear,fist,-61.6,-186.4,-25,0,2,1,1,0","rabbit_spear,arm_up,24.4,-256,53,1,13,1,1,0","rabbit_spear,arm_low,61.4,-223.2,53,1,13,1,1,0","rabbit_spear,fist,86,-199.6,74,1,2,1,1,0","rabbit_spear,leg_up,-30.2,-111.4,-14.7,0,4,1,1,0","rabbit_spear,leg_low,-56,-55.4,-34,0,10,1,1,0","rabbit_spear,foot,-83.8,-20.6,-70.6,0,13,1,1,0","rabbit_spear,leg_up,5.2,-126.2,43.7,0,12,1,1,0","rabbit_spear,leg_low,28.2,-78.8,-6.5,0,13,1,1,0","rabbit_spear,foot,16.8,-39.6,-51.5,0,15,1,1,0","rabbit_spear,stab,104,-192,91,0,3,1,1,1",,"rabbit_spear,ear,-60,-368.4,81,0,0,1,1,0","rabbit_spear,ear_back,-25.8,-379.4,55,0,12,1,1,0","rabbit_spear,tail,-59.6,-144,-29,0,6,1,1,0",,,,,,,,,,,,,,,,,,,,,,,,,,,,,,,,,,,,,,,,,,,,,,,,,,,,,,,,,,,,,,,,,,,,,,,,,,,,,,,,,,,,,,,,,,,,,,,,,,"play_time_mod_0.8,sprite_deal_damage",
Skill2End/0,"rabbit_spear,head,13.8,-332.8,-9,0,2,1,1,0","rabbit_spear,neck,2.8,-297.6,-9,0,4,1,1,0","rabbit_spear,body,-3.8,-225.6,-7.5,0,5,1,1,0","rabbit_spear,arm_up,-36.2,-272.6,-61,0,3,1,1,0","rabbit_spear,arm_low,-62.6,-241.8,-23,0,4,1,1,0","rabbit_spear,fist,-60.6,-207.4,-23,0,2,1,1,0","rabbit_spear,arm_up,25.4,-277,55,1,13,1,1,0","rabbit_spear,arm_low,62.4,-246.2,55,1,13,1,1,0","rabbit_spear,fist,87,-222.6,76,1,2,1,1,0","rabbit_spear,leg_up,-32.2,-138.4,-18.7,0,4,1,1,0","rabbit_spear,leg_low,-65,-89.4,-50,0,10,1,1,0","rabbit_spear,foot,-102.8,-64.6,-90.6,0,13,1,1,0","rabbit_spear,leg_up,13.2,-148.2,55.7,0,12,1,1,0","rabbit_spear,leg_low,41.2,-108.8,-6.5,0,13,1,1,0","rabbit_spear,foot,30.8,-69.6,-55.5,0,15,1,1,0","rabbit_spear,stab,105.4,-217.6,93,0,3,1,1,0",,"rabbit_spear,ear,-53,-392.4,77,0,0,1,1,0","rabbit_spear,ear_back,-20.8,-399.4,57,0,12,1,1,0","rabbit_spear,tail,-59.6,-172,-31,0,6,1,1,0",,,,,,,,,,,,,,,,,,,,,,,,,,,,,,,,,,,,,,,,,,,,,,,,,,,,,,,,,,,,,,,,,,,,,,,,,,,,,,,,,,,,,,,,,,,,,,,,,sprite_deal_damage,,
Skill2End/1,"rabbit_spear,head,10.8,-312.8,-7,0,2,1,1,0","rabbit_spear,neck,3.8,-277.6,-9,0,4,1,1,0","rabbit_spear,body,-3.8,-205.6,-7.5,0,5,1,1,0","rabbit_spear,arm_up,-37.2,-249.6,-62,0,3,1,1,0","rabbit_spear,arm_low,-63.6,-217.8,-25,0,4,1,1,0","rabbit_spear,fist,-61.6,-186.4,-25,0,2,1,1,0","rabbit_spear,arm_up,24.4,-256,53,1,13,1,1,0","rabbit_spear,arm_low,61.4,-223.2,53,1,13,1,1,0","rabbit_spear,fist,86,-199.6,74,1,2,1,1,0","rabbit_spear,leg_up,-30.2,-111.4,-14.7,0,4,1,1,0","rabbit_spear,leg_low,-56,-55.4,-34,0,10,1,1,0","rabbit_spear,foot,-83.8,-20.6,-70.6,0,13,1,1,0","rabbit_spear,leg_up,5.2,-126.2,63.7,0,12,1,1,0","rabbit_spear,leg_low,35.2,-88.8,-3.5,0,13,1,1,0","rabbit_spear,foot,26.8,-49.6,-51.5,0,15,1,1,0","rabbit_spear,base,104.4,-196.6,92,0,3,1,1,0",,"rabbit_spear,ear,-60,-368.4,81,0,0,1,1,0","rabbit_spear,ear_back,-25.8,-379.4,55,0,12,1,1,0","rabbit_spear,tail,-59.6,-144,-29,0,6,1,1,0",,,,,,,,,,,,,,,,,,,,,,,,,,,,,,,,,,,,,,,,,,,,,,,,,,,,,,,,,,,,,,,,,,,,,,,,,,,,,,,,,,,,,,,,,,,,,,,,,"play_time_mod_0.2,sprite_deal_damage",,
Skill2End/2,"rabbit_spear,head,16.8,-308.8,-11,0,2,1,1,0","rabbit_spear,neck,4.8,-277.6,-10,0,4,1,1,0","rabbit_spear,body,-2.8,-205.6,-9.5,0,5,1,1,0","rabbit_spear,arm_up,-37.2,-247.6,-69,0,3,1,1,0","rabbit_spear,arm_low,-63.6,-221.8,-25,0,4,1,1,0","rabbit_spear,fist,-64.6,-190.4,-26,0,2,1,1,0","rabbit_spear,arm_up,24.4,-253,36,1,13,1,1,0","rabbit_spear,arm_low,51.4,-222.2,50,1,13,1,1,0","rabbit_spear,fist,68,-200.6,56,1,2,1,1,0","rabbit_spear,leg_up,-23.2,-111.4,-4.7,0,4,1,1,0","rabbit_spear,leg_low,-42,-57.4,-37,0,10,1,1,0","rabbit_spear,foot,-70.8,-22.6,-60.6,0,13,1,1,0","rabbit_spear,leg_up,2.2,-126.2,33.7,0,12,1,1,0","rabbit_spear,leg_low,15.2,-72.8,-13.5,0,13,1,1,0","rabbit_spear,foot,-0.2,-27.6,-48.5,0,15,1,1,0","rabbit_spear,base,98.4,-196.6,92,0,3,1,1,0",,"rabbit_spear,ear,-50,-369.4,87,0,0,1,1,0","rabbit_spear,ear_back,-17.8,-381.4,59,0,12,1,1,0","rabbit_spear,tail,-59.6,-136,-23,0,6,1,1,0",,,,,,,,,,,,,,,,,,,,,,,,,,,,,,,,,,,,,,,,,,,,,,,,,,,,,,,,,,,,,,,,,,,,,,,,,,,,,,,,,,,,,,,,,,,,,,,,,"play_time_mod_0.2,sprite_deal_damage",,
Skill2End/3,"rabbit_spear,head,29.8,-292.8,-22,0,2,1,1,0","rabbit_spear,neck,16.8,-264.6,-16,0,4,1,1,0","rabbit_spear,body,-1.8,-194.6,-16.5,0,5,1,1,0","rabbit_spear,arm_up,-27.2,-245.6,-77,0,3,1,1,0","rabbit_spear,arm_low,-62.6,-225.8,-59,0,4,1,1,0","rabbit_spear,fist,-84.6,-198.4,-63,0,2,1,1,0","rabbit_spear,arm_up,24.4,-253,36,1,13,1,1,0","rabbit_spear,arm_low,29.4,-219.2,-20,1,4,1,1,0","rabbit_spear,fist,18,-195.6,14,1,2,1,1,0","rabbit_spear,leg_up,-31.2,-105.4,-6.7,0,4,1,1,0","rabbit_spear,leg_low,-46,-47.4,-27,0,10,1,1,0","rabbit_spear,foot,-72.8,-12.6,-60.6,0,13,1,1,0","rabbit_spear,leg_up,2.2,-113.2,23.7,0,12,1,1,0","rabbit_spear,leg_low,8.2,-58.8,-19.5,0,13,1,1,0","rabbit_spear,foot,-8.2,-17.6,-51.5,0,15,1,1,0","rabbit_spear,base,53.4,-197.6,91,0,3,1,1,0",,"rabbit_spear,ear,-29,-363.4,73,0,0,1,1,0","rabbit_spear,ear_back,-0.8,-362.4,55,0,12,1,1,0","rabbit_spear,tail,-59.6,-145,-25,0,6,1,1,0",,,,,,,,,,,,,,,,,,,,,,,,,,,,,,,,,,,,,,,,,,,,,,,,,,,,,,,,,,,,,,,,,,,,,,,,,,,,,,,,,,,,,,,,,,,,,,,,,"play_time_mod_0.5,sprite_deal_damage",,"pierce_small,1000,0"
Skill2End/4,"rabbit_spear,head,18.8,-296.8,-9,0,2,1,1,0","rabbit_spear,neck,9.8,-268.6,-13,0,4,1,1,0","rabbit_spear,body,-2.8,-195.6,-12.5,0,5,1,1,0","rabbit_spear,arm_up,-24.2,-238.6,-59,0,3,1,1,0","rabbit_spear,arm_low,-52.6,-215.8,-49,0,4,1,1,0","rabbit_spear,fist,-65.6,-194.4,-53,0,2,1,1,0","rabbit_spear,arm_up,34.4,-243,56,1,13,1,1,0","rabbit_spear,arm_low,50.4,-217.2,10,1,4,1,1,0","rabbit_spear,fist,48,-195.6,5,1,2,1,1,0","rabbit_spear,leg_up,-40.2,-105.4,-19.7,0,4,1,1,0","rabbit_spear,leg_low,-65,-47.4,-27,0,10,1,1,0","rabbit_spear,foot,-83.8,-12.6,-60.6,0,13,1,1,0","rabbit_spear,leg_up,6.2,-113.2,26.7,0,12,1,1,0","rabbit_spear,leg_low,19.2,-58.8,-9.5,0,13,1,1,0","rabbit_spear,foot,10.8,-15.6,-48.5,0,15,1,1,0","rabbit_spear,stab,84.4,-197.6,91,0,3,1,1,1",,"rabbit_spear,ear,-41,-362.4,73,0,0,1,1,0","rabbit_spear,ear_back,-8.8,-366.4,55,0,12,1,1,0","rabbit_spear,tail,-59.6,-153,-25,0,6,1,1,0",,,,,,,,,,,,,,,,,,,,,,,,,,,,,,,,,,,,,,,,,,,,,,,,,,,,,,,,,,,,,,,,,,,,,,,,,,,,,,,,,,,,,,,,,,,,,,,,,"play_time_mod_0.3,sprite_deal_damage",,
Skill2End/5,"rabbit_spear,head,13.8,-296.8,-5,0,2,1,1,0","rabbit_spear,neck,4.8,-268.6,-11,0,4,1,1,0","rabbit_spear,body,-5.8,-195.6,-9.5,0,5,1,1,0","rabbit_spear,arm_up,-6.2,-233.6,18,0,3,1,1,0","rabbit_spear,arm_low,16.4,-202.8,31,0,4,1,1,0","rabbit_spear,fist,28.4,-193.4,13,0,2,1,1,0","rabbit_spear,arm_up,32.4,-236,57,1,13,1,1,0","rabbit_spear,arm_low,60.4,-208.2,56,1,4,1,1,0","rabbit_spear,fist,76,-197.6,71,1,2,1,1,0","rabbit_spear,leg_up,-50.2,-105.4,-28.7,0,4,1,1,0","rabbit_spear,leg_low,-82,-47.4,-27,0,10,1,1,0","rabbit_spear,foot,-105.8,-12.6,-60.6,0,13,1,1,0","rabbit_spear,leg_up,13.2,-111.2,33.7,0,12,1,1,0","rabbit_spear,leg_low,26.2,-53.8,-9.5,0,13,1,1,0","rabbit_spear,foot,14.8,-15.6,-48.5,0,15,1,1,0","rabbit_spear,stab,156.4,-197.6,92,0,3,1,1,1",,"rabbit_spear,ear,-46,-362.4,77,0,0,1,1,0","rabbit_spear,ear_back,-13.8,-366.4,59,0,12,1,1,0","rabbit_spear,tail,-59.6,-153,-25,0,6,1,1,0",,,,,,,,,,,,,,,,,,,,,,,,,,,,,,,,,,,,,,,,,,,,,,,,,,,,,,,,,,,,,,,,,,,,,,,,,,,,,,,,,,,,,,,,,,,,,,,,,"play_time_mod_0.2,sprite_deal_damage",,
Skill2End/6,"rabbit_spear,head,2.8,-298.8,-1,0,2,1,1,0","rabbit_spear,neck,-6.2,-270.6,-5,0,4,1,1,0","rabbit_spear,body,-10.8,-195.6,-6.5,0,5,1,1,0","rabbit_spear,arm_up,-9.2,-233.6,41,0,3,1,1,0","rabbit_spear,arm_low,28.4,-204.8,43,0,4,1,1,0","rabbit_spear,fist,53.4,-193.4,21,0,2,1,1,0","rabbit_spear,arm_up,36.4,-235,70,1,13,1,1.1,0","rabbit_spear,arm_low,80.4,-208.2,60,1,4,1,1,0","rabbit_spear,fist,103,-196.6,75,1,2,1,1,0","rabbit_spear,leg_up,-53.2,-105.4,-32.7,0,4,1,1,0","rabbit_spear,leg_low,-89,-49.4,-27,0,10,1,1,0","rabbit_spear,foot,-111.8,-12.6,-60.6,0,13,1,1,0","rabbit_spear,leg_up,20.2,-107.2,43.7,0,12,1,1,0","rabbit_spear,leg_low,38.2,-53.8,-9.5,0,13,1,1,0","rabbit_spear,foot,22.8,-15.6,-48.5,0,15,1,1,0","rabbit_spear,stab,229.4,-197.6,92,0,3,1.1,1,1",,"rabbit_spear,ear,-73,-347.4,86,0,0,1,1,0","rabbit_spear,ear_back,-31.8,-363.4,67,0,12,1,1,0","rabbit_spear,tail,-68.6,-151,-29,0,6,1,1,0",,,,,,,,,,,,,,,,,,,,,,,,,,,,,,,,,,,,,,,,,,,,,,,,,,,,,,,,,,,,,,,,,,,,,,,,,,,,,,,,,,,,,,,,,,,,,,,,,"play_time_mod_0.1,sprite_deal_damage",,
Skill2End/7,"rabbit_spear,head,-15.2,-298.8,4,0,2,1,1,0","rabbit_spear,neck,-24.2,-270.6,0,0,4,1,1,0","rabbit_spear,body,-18.8,-195.6,1.5,0,5,1,1,0","rabbit_spear,arm_up,-15.2,-233.6,57,0,3,1,1.2,0","rabbit_spear,arm_low,29.4,-204.8,53,0,4,1,1,0","rabbit_spear,fist,63.4,-194.4,33,0,2,1,1,0","rabbit_spear,arm_up,18.4,-242,70,1,13,1,1.1,0","rabbit_spear,arm_low,71.4,-215.2,67,1,4,1,1.2,0","rabbit_spear,fist,108,-198.6,79,1,2,1,1,0","rabbit_spear,leg_up,-53.2,-105.4,-34.7,0,4,1,1,0","rabbit_spear,leg_low,-92,-49.4,-32,0,10,1,1,0","rabbit_spear,foot,-117.8,-12.6,-60.6,0,13,1,1,0","rabbit_spear,leg_up,23.2,-107.2,43.7,0,12,1,1,0","rabbit_spear,leg_low,44.2,-53.8,-1.5,0,13,1,1,0","rabbit_spear,foot,37.8,-15.6,-44.5,0,15,1,1,0","rabbit_spear,base,246.4,-200.6,92,0,3,1,1,1",,"rabbit_spear,ear,-98,-330.4,101,0,0,1,1,0","rabbit_spear,ear_back,-70.8,-343.4,82,0,12,1,1,0","rabbit_spear,tail,-73.6,-143,-33,0,6,1,1,0",,,,,,,,,,,,,,,,,,,,,,,,,,,,,,,,,,,,,,,,,,,,,,,,,,,,,,,,,,,,,,,,,,,,,,,,,,,,,,,,,,,,,,,,,,,,,,,,,"play_time_mod_0.5,sprite_deal_damage",,
Skill2End/8,"rabbit_spear,head,-20.2,-298.8,7,0,2,1,1,0","rabbit_spear,neck,-24.2,-270.6,0,0,4,1,1,0","rabbit_spear,body,-18.8,-195.6,1.5,0,5,1,1,0","rabbit_spear,arm_up,-15.2,-233.6,57,0,3,1,1.2,0","rabbit_spear,arm_low,29.4,-204.8,53,0,4,1,1,0","rabbit_spear,fist,63.4,-194.4,33,0,2,1,1,0","rabbit_spear,arm_up,18.4,-242,70,1,13,1,1.1,0","rabbit_spear,arm_low,71.4,-215.2,67,1,4,1,1.2,0","rabbit_spear,fist,108,-198.6,79,1,2,1,1,0","rabbit_spear,leg_up,-53.2,-105.4,-34.7,0,4,1,1,0","rabbit_spear,leg_low,-92,-49.4,-32,0,10,1,1,0","rabbit_spear,foot,-117.8,-12.6,-60.6,0,13,1,1,0","rabbit_spear,leg_up,23.2,-107.2,43.7,0,12,1,1,0","rabbit_spear,leg_low,48.2,-53.8,1.5,0,13,1,1,0","rabbit_spear,foot,43.8,-15.6,-43.5,0,15,1,1,0","rabbit_spear,base,247.4,-204.6,93,0,3,1,1,0",,"rabbit_spear,ear,-103,-323.4,107,0,0,1,1,0","rabbit_spear,ear_back,-83.8,-333.4,92,0,12,1,1,0","rabbit_spear,tail,-74.6,-139,-25,0,6,1,1,0",,,,,,,,,,,,,,,,,,,,,,,,,,,,,,,,,,,,,,,,,,,,,,,,,,,,,,,,,,,,,,,,,,,,,,,,,,,,,,,,,,,,,,,,,,,,,,,,,"play_time_mod_0.7,sprite_deal_damage",,
Skill2End/9,"rabbit_spear,head,-16.2,-298.8,0,0,2,1,1,0","rabbit_spear,neck,-22.2,-270.6,4,0,4,1,1,0","rabbit_spear,body,-16.8,-197.6,1.5,0,5,1,1,0","rabbit_spear,arm_up,-23.2,-228.6,31,0,3,1,1.2,0","rabbit_spear,arm_low,9.4,-194.8,43,0,4,1,1,0","rabbit_spear,fist,31.4,-181.4,28,0,2,1,1,0","rabbit_spear,arm_up,18.4,-242,60,1,13,1,1.1,0","rabbit_spear,arm_low,57.4,-213.2,59,1,4,1,1.1,0","rabbit_spear,fist,80,-198.6,79,1,2,1,1,0","rabbit_spear,leg_up,-53.2,-105.4,-29.7,0,4,1,1,0","rabbit_spear,leg_low,-89,-49.4,-30,0,10,1,1,0","rabbit_spear,foot,-112.8,-12.6,-60.6,0,13,1,1,0","rabbit_spear,leg_up,23.2,-107.2,33.7,0,12,1,1,0","rabbit_spear,leg_low,49.2,-53.8,17.5,0,13,1,1,0","rabbit_spear,foot,56.8,-15.6,-33.5,0,15,1,1,0","rabbit_spear,base,199.4,-217.6,103,0,3,1,1,0",,"rabbit_spear,ear,-97,-336.4,96,0,0,1,1,0","rabbit_spear,ear_back,-77.8,-346.4,81,0,12,1,1,0","rabbit_spear,tail,-75.6,-138,-25,0,6,1,1,0",,,,,,,,,,,,,,,,,,,,,,,,,,,,,,,,,,,,,,,,,,,,,,,,,,,,,,,,,,,,,,,,,,,,,,,,,,,,,,,,,,,,,,,,,,,,,,,,,,,
Skill2End/10,"rabbit_spear,head,-3.2,-306.8,-10,0,2,1,1,0","rabbit_spear,neck,-12.2,-275.6,-4,0,4,1,1,0","rabbit_spear,body,-13.8,-200.6,-4.5,0,5,1,1,0","rabbit_spear,arm_up,-29.2,-239.6,-18,0,3,1,1,0","rabbit_spear,arm_low,-21.6,-198.8,38,0,4,1,1,0","rabbit_spear,fist,11.4,-171.4,8,0,2,1,1,0","rabbit_spear,arm_up,18.4,-242,38,1,13,1,1,0","rabbit_spear,arm_low,41.4,-212.2,56,1,15,1,1,0","rabbit_spear,fist,70,-182.6,74,1,2,1,1,0","rabbit_spear,leg_up,-47.2,-105.4,-20.7,0,4,1,1,0","rabbit_spear,leg_low,-77,-49.4,-30,0,10,1,1,0","rabbit_spear,foot,-96.8,-12.6,-60.6,0,13,1,1,0","rabbit_spear,leg_up,23.2,-107.2,33.7,0,12,1,1,0","rabbit_spear,leg_low,45.2,-53.8,7.5,0,13,1,1,0","rabbit_spear,foot,45.8,-15.6,-23.5,0,15,1,1,0","rabbit_spear,base,172.4,-206.6,103,0,3,1,1,0",,"rabbit_spear,ear,-75,-361.4,84,0,0,1,1,0","rabbit_spear,ear_back,-39.8,-374.4,63,0,12,1,1,0","rabbit_spear,tail,-74.6,-138,-15,0,6,1,1,0",,,,,,,,,,,,,,,,,,,,,,,,,,,,,,,,,,,,,,,,,,,,,,,,,,,,,,,,,,,,,,,,,,,,,,,,,,,,,,,,,,,,,,,,,,,,,,,,,,,
Skill2End/11,"rabbit_spear,head,8.8,-309.8,-16,0,2,1,1,0","rabbit_spear,neck,-6.2,-275.6,-10,0,4,1,1,0","rabbit_spear,body,-13.8,-200.6,-8.5,0,5,1,1,0","rabbit_spear,arm_up,-38.2,-239.6,-42,0,3,1,1,0","rabbit_spear,arm_low,-46.6,-200.8,11,0,4,1,1,0","rabbit_spear,fist,-31.6,-163.4,-7,0,2,1,1,0","rabbit_spear,arm_up,18.4,-244,48,1,13,1,1,0","rabbit_spear,arm_low,41.4,-221.2,76,1,15,1,1,0","rabbit_spear,fist,70,-202.6,94,1,2,1,1,0","rabbit_spear,leg_up,-47.2,-108.4,-20.7,0,4,1,1,0","rabbit_spear,leg_low,-75,-49.4,-19,0,10,1,1,0","rabbit_spear,foot,-89.8,-12.6,-57.6,0,13,1,1,0","rabbit_spear,leg_up,18.2,-107.2,33.7,0,12,1,1,0","rabbit_spear,leg_low,38.2,-53.8,-2.5,0,13,1,1,0","rabbit_spear,foot,33.8,-15.6,-45.5,0,15,1,1,0","rabbit_spear,base,132.4,-216.6,108,0,3,1,1,0",,"rabbit_spear,ear,-45,-374.4,73,0,0,1,1,0","rabbit_spear,ear_back,-15.8,-377.4,49,0,12,1,1,0","rabbit_spear,tail,-74.6,-138,-15,0,6,1,1,0",,,,,,,,,,,,,,,,,,,,,,,,,,,,,,,,,,,,,,,,,,,,,,,,,,,,,,,,,,,,,,,,,,,,,,,,,,,,,,,,,,,,,,,,,,,,,,,,,,,
Standup/0,"rabbit_spear,head,14.4,-158.8,-12,0,2,1,1,0","rabbit_spear,neck,0.4,-127.6,-11,0,4,1,1,0","rabbit_spear,body,-22.2,-60.6,-21.5,0,5,1,1,0","rabbit_spear,arm_up,-34.6,-102.6,-51,0,4,1,1,0","rabbit_spear,arm_low,-59,-70.8,-32,0,5,1,1,0","rabbit_spear,fist,-68,-37.4,-38,0,1,1,1,0","rabbit_spear,arm_up,23,-96,43,1,13,1,1,0","rabbit_spear,arm_low,55,-65.2,61,1,14,1,1,0","rabbit_spear,fist,82.6,-49.6,99,1,20,1,1,0","rabbit_spear,leg_up,-18.6,-19.4,100.3,0,4,1,1,0","rabbit_spear,leg_low,38.4,-8.8,56,0,10,1,1,0","rabbit_spear,foot,69.8,20.6,6.4,0,13,1,1,0","rabbit_spear,leg_up,-8.2,-18.2,81.7,0,12,1,1,0","rabbit_spear,leg_low,47.8,-13.8,87.5,0,13,1,1,0","rabbit_spear,foot,80.2,6.6,2.5,0,15,1,1,0","rabbit_spear,base,84.4,-13.6,87,0,3,1,1,0",,"rabbit_spear,ear,58,-141,-93,0,5,1,1,0","rabbit_spear,ear_back,44,-142,-107,0,1,1,1,0","rabbit_spear,tail,-89,-11,-40,0,7,1,1,0",,,,,,,,,,,,,,,,,,,,,,,,,,,,,,,,,,,,,,,,,,,,,,,,,,,,,,,,,,,,,,,,,,,,,,,,,,,,,,,,,,,,,,,,,,,,,,,,,,,
Standup/1,"rabbit_spear,head,25.4,-207.8,-18,0,2,1,1,0","rabbit_spear,neck,10.4,-184.6,-25,0,4,1,1,0","rabbit_spear,body,-22.2,-116.6,-28.5,0,5,1,1,0","rabbit_spear,arm_up,-27.6,-147.6,-34,0,1,1,1,0","rabbit_spear,arm_low,-44,-101.8,-12,0,2,1,1,0","rabbit_spear,fist,-33,-64.4,-12,0,1,1,1,0","rabbit_spear,arm_up,24,-137,22,1,13,1,1,0","rabbit_spear,arm_low,44,-104.2,61,1,13,1,1,0","rabbit_spear,fist,72.6,-91.6,97,1,19,1,1,0","rabbit_spear,leg_up,-22.6,-51.4,51.3,0,4,1,1,0","rabbit_spear,leg_low,6.4,-14.8,7,0,10,1,1,0","rabbit_spear,foot,3.6,18,-23.6,0,13,1,1,0","rabbit_spear,leg_up,-2.2,-57.2,77.7,0,12,1,1,0","rabbit_spear,leg_low,39.8,-29.8,16.5,0,13,1,1,0","rabbit_spear,foot,54.2,4.6,2.5,0,15,1,1,0","rabbit_spear,base,81.4,-95.6,110,0,3,1,1,0",,"rabbit_spear,ear,68,-264,-3,0,5,1,1,0","rabbit_spear,ear_back,54,-265,-17,0,1,1,1,0","rabbit_spear,tail,-98,-67,-25,0,7,1,1,0",,,,,,,,,,,,,,,,,,,,,,,,,,,,,,,,,,,,,,,,,,,,,,,,,,,,,,,,,,,,,,,,,,,,,,,,,,,,,,,,,,,,,,,,,,,,,,,,,,,
Standup/2,"rabbit_spear,head,32.4,-264.8,-14,0,2,1,1,0","rabbit_spear,neck,20.4,-240.6,-20,0,4,1,1,0","rabbit_spear,body,-0.2,-170.6,-18.5,0,5,1,1,0","rabbit_spear,arm_up,-18.6,-202.6,-54,0,1,1,1,0","rabbit_spear,arm_low,-43,-166.8,-12,0,2,1,1,0","rabbit_spear,fist,-38,-129.4,-21,0,1,1,1,0","rabbit_spear,arm_up,34,-188,22,1,13,1,1,0","rabbit_spear,arm_low,56,-154.2,61,1,15,1,1,0","rabbit_spear,fist,84.6,-141.6,97,1,21,1,1,0","rabbit_spear,leg_up,-23.6,-77.4,17.3,0,4,1,1,0","rabbit_spear,leg_low,-15.6,-28.8,-10,0,10,1,1,0","rabbit_spear,foot,-26.4,8,-33.6,0,13,1,1,0","rabbit_spear,leg_up,7.8,-84.2,46.7,0,12,1,1,0","rabbit_spear,leg_low,33.8,-45.8,3.5,0,13,1,1,0","rabbit_spear,foot,33.2,-0.4,-27.5,0,15,1,1,0","rabbit_spear,base,97.4,-154.6,100,0,3,1,1,0",,"rabbit_spear,ear,19,-345,31,0,0,1,1,0","rabbit_spear,ear_back,50,-351,17,0,12,1,1,0","rabbit_spear,tail,-69,-111,-25,0,5,1,1,0",,,,,,,,,,,,,,,,,,,,,,,,,,,,,,,,,,,,,,,,,,,,,,,,,,,,,,,,,,,,,,,,,,,,,,,,,,,,,,,,,,,,,,,,,,,,,,,,,,,
Standup/3,"rabbit_spear,head,23.4,-287.8,-6,0,2,1,1,0","rabbit_spear,neck,17.4,-270.6,-25,0,4,1,1,0","rabbit_spear,body,5.8,-186.6,-8.5,0,5,1,1,0","rabbit_spear,arm_up,-18.6,-224.6,-54,0,1,1,1,0","rabbit_spear,arm_low,-43,-188.8,-12,0,2,1,1,0","rabbit_spear,fist,-38,-151.4,-21,0,1,1,1,0","rabbit_spear,arm_up,34,-223,34,1,13,1,1,0","rabbit_spear,arm_low,64,-189.2,61,1,15,1,1,0","rabbit_spear,fist,92.6,-176.6,97,1,21,1,1,0","rabbit_spear,leg_up,-19.6,-93.4,-9.7,0,4,1,1,0","rabbit_spear,leg_low,-35.6,-41.8,-23,0,10,1,1,0","rabbit_spear,foot,-56.4,-4,-41.6,0,13,1,1,0","rabbit_spear,leg_up,21.8,-100.2,35.7,0,12,1,1,0","rabbit_spear,leg_low,47.8,-47.8,13.5,0,13,1,1,0","rabbit_spear,foot,58.2,-10.4,-3.5,0,15,1,1,0","rabbit_spear,base,107.4,-188.6,105,0,3,1,1,0",,"rabbit_spear,ear,-29.2,-357.8,66,0,0,1,1,0","rabbit_spear,ear_back,19,-368.8,27,0,12,1,1,0","rabbit_spear,tail,-55,-124,-12,0,6,1,1,0",,,,,,,,,,,,,,,,,,,,,,,,,,,,,,,,,,,,,,,,,,,,,,,,,,,,,,,,,,,,,,,,,,,,,,,,,,,,,,,,,,,,,,,,,,,,,,,,,,,
Standup/4,"rabbit_spear,head,16.4,-292.8,-9,0,2,1,1,0","rabbit_spear,neck,9.4,-275.6,-24,0,4,1,1,0","rabbit_spear,body,4.8,-191.6,-4.5,0,5,1,1,0","rabbit_spear,arm_up,-26.6,-227.6,-54,0,1,1,1,0","rabbit_spear,arm_low,-51,-191.8,-12,0,2,1,1,0","rabbit_spear,fist,-46,-154.4,-21,0,1,1,1,0","rabbit_spear,arm_up,26,-226,34,1,13,1,1,0","rabbit_spear,arm_low,56,-192.2,61,1,15,1,1,0","rabbit_spear,fist,84.6,-179.6,97,1,21,1,1,0","rabbit_spear,leg_up,-23.6,-93.4,-16.7,0,4,1,1,0","rabbit_spear,leg_low,-43.6,-41.8,-23,0,10,1,1,0","rabbit_spear,foot,-62.4,-4,-41.6,0,13,1,1,0","rabbit_spear,leg_up,23.8,-105.2,35.7,0,12,1,1,0","rabbit_spear,leg_low,49.8,-48.8,13.5,0,13,1,1,0","rabbit_spear,foot,58.2,-10.4,-3.5,0,15,1,1,0","rabbit_spear,base,99.4,-191.6,105,0,3,1,1,0",,"rabbit_spear,ear,-3.2,-372.8,38,0,0,1,1,0","rabbit_spear,ear_back,-2,-373.8,38,0,12,1,1,0","rabbit_spear,tail,-55,-130,-16,0,6,1,1,0",,,,,,,,,,,,,,,,,,,,,,,,,,,,,,,,,,,,,,,,,,,,,,,,,,,,,,,,,,,,,,,,,,,,,,,,,,,,,,,,,,,,,,,,,,,,,,,,,,,
Standup/5,"rabbit_spear,head,20.4,-295.8,-11,0,2,1,1,0","rabbit_spear,neck,13.4,-275.6,-24,0,4,1,1,0","rabbit_spear,body,3.8,-201.6,-4.5,0,5,1,1,0","rabbit_spear,arm_up,-26.6,-229.6,-45,0,1,1,1,0","rabbit_spear,arm_low,-51,-192.8,-24,0,2,1,1,0","rabbit_spear,fist,-53,-158.4,-26,0,1,1,1,0","rabbit_spear,arm_up,26,-233,47,1,13,1,1,0","rabbit_spear,arm_low,61,-203.2,64,1,15,1,1,0","rabbit_spear,fist,86.6,-191.6,102,1,21,1,1,0","rabbit_spear,leg_up,-34.6,-98.4,-18.7,0,4,1,1,0","rabbit_spear,leg_low,-54.6,-41.8,-23,0,10,1,1,0","rabbit_spear,foot,-72.4,-4,-59.6,0,13,1,1,0","rabbit_spear,leg_up,24.8,-109.2,32.7,0,12,1,1,0","rabbit_spear,leg_low,46.8,-48.8,7.5,0,13,1,1,0","rabbit_spear,foot,53.2,-10.4,-14.5,0,15,1,1,0","rabbit_spear,base,102.4,-195.6,105,0,3,1,1,0",,"rabbit_spear,ear,15.8,-373.8,21,0,0,1,1,0","rabbit_spear,ear_back,-15,-363.8,58,0,12,1,1,0","rabbit_spear,tail,-63,-135,-16,0,6,1,1,0",,,,,,,,,,,,,,,,,,,,,,,,,,,,,,,,,,,,,,,,,,,,,,,,,,,,,,,,,,,,,,,,,,,,,,,,,,,,,,,,,,,,,,,,,,,,,,,,,,,
Standup/6,"rabbit_spear,head,20.4,-295.8,-15,0,2,1,1,0","rabbit_spear,neck,13.4,-276.6,-24,0,4,1,1,0","rabbit_spear,body,3.8,-202.6,-4.5,0,5,1,1,0","rabbit_spear,arm_up,-26.6,-232.6,-45,0,1,1,1,0","rabbit_spear,arm_low,-51,-195.8,-24,0,2,1,1,0","rabbit_spear,fist,-53,-161.4,-26,0,1,1,1,0","rabbit_spear,arm_up,26,-236,47,1,13,1,1,0","rabbit_spear,arm_low,61,-206.2,64,1,15,1,1,0","rabbit_spear,fist,86.6,-194.6,102,1,21,1,1,0","rabbit_spear,leg_up,-32.6,-103.4,-18.7,0,4,1,1,0","rabbit_spear,leg_low,-54.6,-42.8,-23,0,10,1,1,0","rabbit_spear,foot,-72.4,-5,-59.6,0,13,1,1,0","rabbit_spear,leg_up,23.8,-110.2,31.7,0,12,1,1,0","rabbit_spear,leg_low,43.8,-49.8,3.5,0,13,1,1,0","rabbit_spear,foot,47.2,-11.4,-14.5,0,15,1,1,0","rabbit_spear,base,102.4,-202.6,108,0,3,1,1,0",,"rabbit_spear,ear,38.8,-368.8,1,0,0,1,1,0","rabbit_spear,ear_back,-32,-361.8,68,0,12,1,1,0","rabbit_spear,tail,-63,-136,-16,0,6,1,1,0",,,,,,,,,,,,,,,,,,,,,,,,,,,,,,,,,,,,,,,,,,,,,,,,,,,,,,,,,,,,,,,,,,,,,,,,,,,,,,,,,,,,,,,,,,,,,,,,,,,
Standup/7,"rabbit_spear,head,20.4,-297.8,-13,0,2,1,1,0","rabbit_spear,neck,13.4,-276.6,-24,0,4,1,1,0","rabbit_spear,body,3.8,-202.6,-4.5,0,5,1,1,0","rabbit_spear,arm_up,-26.6,-236.6,-49,0,1,1,1,0","rabbit_spear,arm_low,-51,-202.8,-25,0,2,1,1,0","rabbit_spear,fist,-53,-168.4,-27,0,1,1,1,0","rabbit_spear,arm_up,26,-240,47,1,13,1,1,0","rabbit_spear,arm_low,61,-210.2,64,1,15,1,1,0","rabbit_spear,fist,86.6,-198.6,102,1,21,1,1,0","rabbit_spear,leg_up,-32.6,-103.4,-18.7,0,4,1,1,0","rabbit_spear,leg_low,-54.6,-42.8,-23,0,10,1,1,0","rabbit_spear,foot,-72.4,-5,-59.6,0,13,1,1,0","rabbit_spear,leg_up,23.8,-110.2,31.7,0,12,1,1,0","rabbit_spear,leg_low,43.8,-49.8,3.5,0,13,1,1,0","rabbit_spear,foot,47.2,-11.4,-14.5,0,15,1,1,0","rabbit_spear,base,102.4,-208.6,106,0,3,1,1,0",,"rabbit_spear,ear,10.8,-376.8,23,0,0,1,1,0","rabbit_spear,ear_back,-29,-364.8,60,0,12,1,1,0","rabbit_spear,tail,-63,-136,-16,0,6,1,1,0",,,,,,,,,,,,,,,,,,,,,,,,,,,,,,,,,,,,,,,,,,,,,,,,,,,,,,,,,,,,,,,,,,,,,,,,,,,,,,,,,,,,,,,,,,,,,,,,,,,
Standup/8,"rabbit_spear,head,20.4,-304.8,-14,0,2,1,1,0","rabbit_spear,neck,13.4,-280.6,-24,0,4,1,1,0","rabbit_spear,body,-0.2,-205.6,-7.5,0,5,1,1,0","rabbit_spear,arm_up,-26.6,-243.6,-57,0,1,1,1,0","rabbit_spear,arm_low,-56,-213.8,-24,0,2,1,1,0","rabbit_spear,fist,-62,-179.4,-41,0,1,1,1,0","rabbit_spear,arm_up,26,-243,51,1,13,1,1,0","rabbit_spear,arm_low,61,-216.2,67,1,15,1,1,0","rabbit_spear,fist,86.6,-207.6,107,1,21,1,1,0","rabbit_spear,leg_up,-31.6,-106.4,-16.7,0,4,1,1,0","rabbit_spear,leg_low,-54.6,-46.8,-23,0,10,1,1,0","rabbit_spear,foot,-72.4,-9,-59.6,0,13,1,1,0","rabbit_spear,leg_up,21.8,-114.2,37.7,0,12,1,1,0","rabbit_spear,leg_low,42.8,-56.8,-1.5,0,13,1,1,0","rabbit_spear,foot,40.2,-15.4,-34.5,0,15,1,1,0","rabbit_spear,base,102.4,-207.6,101,0,3,1,1,0",,"rabbit_spear,ear,-7.2,-385.8,44,0,0,1,1,0","rabbit_spear,ear_back,-19,-370.8,59,0,12,1,1,0","rabbit_spear,tail,-63,-140,-16,0,6,1,1,0",,,,,,,,,,,,,,,,,,,,,,,,,,,,,,,,,,,,,,,,,,,,,,,,,,,,,,,,,,,,,,,,,,,,,,,,,,,,,,,,,,,,,,,,,,,,,,,,,,,
Walk/0,"rabbit_spear,head,7.8,-312.8,-2,0,2,1,1,0","rabbit_spear,neck,-3.2,-277.6,-5,0,4,1,1,0","rabbit_spear,body,-5.8,-205.6,-5.5,0,5,1,1,0","rabbit_spear,arm_up,-37.2,-246.6,-59,0,3,1,1,0","rabbit_spear,arm_low,-63.6,-214.8,-22,0,4,1,1,0","rabbit_spear,fist,-61.6,-180.4,-22,0,2,1,1,0","rabbit_spear,arm_up,20.4,-258,62,1,13,1,1,0","rabbit_spear,arm_low,64.4,-243.2,116,1,13,1,1,0","rabbit_spear,fist,96,-253.6,147,1,19,1,1,0","rabbit_spear,leg_up,-33.2,-111.4,-14.7,0,4,1,1,0","rabbit_spear,leg_low,-53,-57.4,-27,0,10,1,1,0","rabbit_spear,foot,-76.8,-22.6,-50.6,0,13,1,1,0","rabbit_spear,leg_up,12.2,-116.2,33.7,0,12,1,1,0","rabbit_spear,leg_low,35.2,-58.8,5.5,0,13,1,1,0","rabbit_spear,foot,36.8,-17.6,-31.5,0,15,1,1,0","rabbit_spear,base,104.4,-257.6,116,0,3,1,1,0",,"rabbit_spear,ear,-60,-369.4,77,0,0,1,1,0","rabbit_spear,ear_back,-18.8,-377.4,53,0,12,1,1,0","rabbit_spear,tail,-64.6,-145,-23,0,6,1,1,0",,,,,,,,,,,,,,,,,,,,,,,,,,,,,,,,,,,,,,,,,,,,,,,,,,,,,,,,,,,,,,,,,,,,,,,,,,,,,,,,,,,,,,,,,,,,,,,,,,,
Walk/1,"rabbit_spear,head,5.8,-313.8,-6,0,2,1,1,0","rabbit_spear,neck,-5.2,-277.6,-3,0,4,1,1,0","rabbit_spear,body,-6.8,-205.6,-3.5,0,5,1,1,0","rabbit_spear,arm_up,-37.2,-246.6,-55,0,3,1,1,0","rabbit_spear,arm_low,-60.6,-214.8,-20,0,4,1,1,0","rabbit_spear,fist,-55.6,-180.4,-18,0,2,1,1,0","rabbit_spear,arm_up,20.4,-259,66,1,13,1,1,0","rabbit_spear,arm_low,64.4,-246.2,117,1,13,1,1,0","rabbit_spear,fist,96,-258.6,148,1,19,1,1,0","rabbit_spear,leg_up,-15.2,-111.4,5.3,0,4,1,1,0","rabbit_spear,leg_low,-33,-58.4,-47,0,10,1,1,0","rabbit_spear,foot,-66.8,-32.6,-80.6,0,13,1,1,0","rabbit_spear,leg_up,2.2,-116.2,19.7,0,12,1,1,0","rabbit_spear,leg_low,12.2,-58.8,1.5,0,13,1,1,0","rabbit_spear,foot,10.8,-17.6,-35.5,0,15,1,1,0","rabbit_spear,base,109.4,-262.6,118,0,3,1,1,0",,"rabbit_spear,ear,-62,-370.4,78,0,0,1,1,0","rabbit_spear,ear_back,-20.8,-379.4,55,0,12,1,1,0","rabbit_spear,tail,-61.6,-144,-23,0,6,1,1,0",,,,,,,,,,,,,,,,,,,,,,,,,,,,,,,,,,,,,,,,,,,,,,,,,,,,,,,,,,,,,,,,,,,,,,,,,,,,,,,,,,,,,,,,,,,,,,,,,,,
Walk/2,"rabbit_spear,head,-0.2,-315.8,-2,0,2,1,1,0","rabbit_spear,neck,-11.2,-278.6,-3,0,4,1,1,0","rabbit_spear,body,-8.8,-205.6,-1.5,0,5,1,1,0","rabbit_spear,arm_up,-38.2,-245.6,-47,0,3,1,1,0","rabbit_spear,arm_low,-61.6,-207.8,-20,0,4,1,1,0","rabbit_spear,fist,-56.6,-173.4,-18,0,2,1,1,0","rabbit_spear,arm_up,20.4,-261,70,1,13,1,1,0","rabbit_spear,arm_low,64.4,-249.2,117,1,13,1,1,0","rabbit_spear,fist,96,-266.6,153,1,19,1,1,0","rabbit_spear,leg_up,-1.2,-112.4,28.3,0,4,1,1,0","rabbit_spear,leg_low,8,-58.4,-20,0,10,1,1,0","rabbit_spear,foot,-8.8,-19.6,-68.6,0,13,1,1,0","rabbit_spear,leg_up,-17.8,-116.2,-3.3,0,12,1,1,0","rabbit_spear,leg_low,-20.8,-58.8,-8.5,0,13,1,1,0","rabbit_spear,foot,-33.2,-15.6,-45.5,0,15,1,1,0","rabbit_spear,base,109.4,-272.6,121,0,3,1,1,0",,"rabbit_spear,ear,-75,-363.4,84,0,0,1,1,0","rabbit_spear,ear_back,-29.8,-375.4,61,0,12,1,1,0","rabbit_spear,tail,-56.6,-137,-2,0,6,1,1,0",,,,,,,,,,,,,,,,,,,,,,,,,,,,,,,,,,,,,,,,,,,,,,,,,,,,,,,,,,,,,,,,,,,,,,,,,,,,,,,,,,,,,,,,,,,,,,,,,,,
Walk/3,"rabbit_spear,head,5.8,-311.8,-4,0,2,1,1,0","rabbit_spear,neck,-2.2,-275.6,-5,0,4,1,1,0","rabbit_spear,body,-4.8,-201.6,-5.5,0,5,1,1,0","rabbit_spear,arm_up,-33.2,-240.6,-49,0,3,1,1,0","rabbit_spear,arm_low,-56.6,-202.8,-22,0,4,1,1,0","rabbit_spear,fist,-51.6,-168.4,-20,0,2,1,1,0","rabbit_spear,arm_up,25.4,-256,68,1,13,1,1,0","rabbit_spear,arm_low,69.4,-244.2,115,1,13,1,1,0","rabbit_spear,fist,101,-261.6,151,1,19,1,1,0","rabbit_spear,leg_up,2.8,-110.4,32.3,0,4,1,1,0","rabbit_spear,leg_low,22,-57.4,-3,0,10,1,1,0","rabbit_spear,foot,15.2,-18.6,-53.6,0,13,1,1,0","rabbit_spear,leg_up,-25.8,-116.2,-23.3,0,12,1,1,0","rabbit_spear,leg_low,-53.8,-57.8,-20.5,0,13,1,1,0","rabbit_spear,foot,-69.2,-15.6,-45.5,0,15,1,1,0","rabbit_spear,base,114.4,-264.6,120,0,3,1,1,0",,"rabbit_spear,ear,-66,-362.4,82,0,0,1,1,0","rabbit_spear,ear_back,-23.8,-371.4,59,0,12,1,1,0","rabbit_spear,tail,-56.6,-137,-9,0,6,1,1,0",,,,,,,,,,,,,,,,,,,,,,,,,,,,,,,,,,,,,,,,,,,,,,,,,,,,,,,,,,,,,,,,,,,,,,,,,,,,,,,,,,,,,,,,,,,,,,,,,,,
Walk/4,"rabbit_spear,head,16.8,-306.8,-13,0,2,1,1,0","rabbit_spear,neck,1.8,-271.6,-11,0,4,1,1,0","rabbit_spear,body,-3.8,-193.6,-5.5,0,5,1,1,0","rabbit_spear,arm_up,-29.2,-243.6,-60,0,3,1,1,0","rabbit_spear,arm_low,-52.6,-211.8,-19,0,4,1,1,0","rabbit_spear,fist,-49.6,-181.4,-25,0,2,1,1,0","rabbit_spear,arm_up,27.4,-239,48,1,13,1,1,0","rabbit_spear,arm_low,61.4,-220.2,95,1,13,1,1,0","rabbit_spear,fist,93,-224.6,142,1,19,1,1,0","rabbit_spear,leg_up,6.8,-108.4,40.3,0,4,1,1,0","rabbit_spear,leg_low,32,-54.4,5,0,10,1,1,0","rabbit_spear,foot,36.2,-7.6,-26.6,0,13,1,1,0","rabbit_spear,leg_up,-27.8,-107.2,-23.3,0,12,1,1,0","rabbit_spear,leg_low,-59.8,-50.8,-29.5,0,13,1,1,0","rabbit_spear,foot,-89.2,-14.6,-75.5,0,15,1,1,0","rabbit_spear,base,114.4,-242.6,110,0,3,1,1,0",,"rabbit_spear,ear,-58,-355.4,91,0,0,1,1,0","rabbit_spear,ear_back,-16.8,-369.4,52,0,12,1,1,0","rabbit_spear,tail,-56.6,-137,-12,0,6,1,1,0",,,,,,,,,,,,,,,,,,,,,,,,,,,,,,,,,,,,,,,,,,,,,,,,,,,,,,,,,,,,,,,,,,,,,,,,,,,,,,,,,,,,,,,,,,,,,,,,,,,
Walk/5,"rabbit_spear,head,12.8,-306.8,-13,0,2,1,1,0","rabbit_spear,neck,-2.2,-269.6,-6,0,4,1,1,0","rabbit_spear,body,-4.8,-194.6,-4.5,0,5,1,1,0","rabbit_spear,arm_up,-33.2,-243.6,-60,0,3,1,1,0","rabbit_spear,arm_low,-56.6,-214.8,-23,0,4,1,1,0","rabbit_spear,fist,-55.6,-184.4,-30,0,2,1,1,0","rabbit_spear,arm_up,23.4,-234,48,1,13,1,1,0","rabbit_spear,arm_low,57.4,-215.2,95,1,13,1,1,0","rabbit_spear,fist,89,-214.6,131,1,19,1,1,0","rabbit_spear,leg_up,0.8,-105.4,29.3,0,4,1,1,0","rabbit_spear,leg_low,21,-50.4,9,0,10,1,1,0","rabbit_spear,foot,24.2,-8.6,-37.6,0,13,1,1,0","rabbit_spear,leg_up,-23.8,-107.2,-12.3,0,12,1,1,0","rabbit_spear,leg_low,-50.8,-52.8,-41.5,0,13,1,1,0","rabbit_spear,foot,-84.2,-22.6,-66.5,0,15,1,1,0","rabbit_spear,base,112.4,-230.6,107,0,3,1,1,0",,"rabbit_spear,ear,-57,-360.4,82,0,0,1,1,0","rabbit_spear,ear_back,-18.8,-371.4,50,0,12,1,1,0","rabbit_spear,tail,-56.6,-138,-18,0,6,1,1,0",,,,,,,,,,,,,,,,,,,,,,,,,,,,,,,,,,,,,,,,,,,,,,,,,,,,,,,,,,,,,,,,,,,,,,,,,,,,,,,,,,,,,,,,,,,,,,,,,,,
Walk/6,"rabbit_spear,head,4.8,-306.8,-11,0,2,1,1,0","rabbit_spear,neck,-9.2,-269.6,0,0,4,1,1,0","rabbit_spear,body,-9.8,-200.6,-2.5,0,5,1,1,0","rabbit_spear,arm_up,-39.2,-240.6,-54,0,3,1,1,0","rabbit_spear,arm_low,-62.6,-208.8,-23,0,4,1,1,0","rabbit_spear,fist,-61.6,-171.4,-30,0,2,1,1,0","rabbit_spear,arm_up,23.4,-233,47,1,13,1,1,0","rabbit_spear,arm_low,57.4,-211.2,90,1,13,1,1,0","rabbit_spear,fist,89,-210.6,126,1,19,1,1,0","rabbit_spear,leg_up,-10.2,-106.4,15.3,0,4,1,1,0","rabbit_spear,leg_low,0,-48.4,0,0,10,1,1,0","rabbit_spear,foot,-2.8,-7.6,-45.6,0,13,1,1,0","rabbit_spear,leg_up,-16.8,-107.2,-2.3,0,12,1,1,0","rabbit_spear,leg_low,-36.8,-52.8,-31.5,0,13,1,1,0","rabbit_spear,foot,-62.2,-19.6,-66.5,0,15,1,1,0","rabbit_spear,base,112.4,-225.6,106,0,3,1,1,0",,"rabbit_spear,ear,-59,-366.4,77,0,0,1,1,0","rabbit_spear,ear_back,-26.8,-371.4,47,0,12,1,1,0","rabbit_spear,tail,-60.6,-135,-24,0,6,1,1,0",,,,,,,,,,,,,,,,,,,,,,,,,,,,,,,,,,,,,,,,,,,,,,,,,,,,,,,,,,,,,,,,,,,,,,,,,,,,,,,,,,,,,,,,,,,,,,,,,,,
Walk/7,"rabbit_spear,head,-1.2,-311.8,-6,0,2,1,1,0","rabbit_spear,neck,-11.2,-274.6,3,0,4,1,1,0","rabbit_spear,body,-9.8,-206.6,-0.5,0,5,1,1,0","rabbit_spear,arm_up,-39.2,-240.6,-46,0,3,1,1,0","rabbit_spear,arm_low,-61.6,-204.8,-23,0,4,1,1,0","rabbit_spear,fist,-60.6,-167.4,-30,0,2,1,1,0","rabbit_spear,arm_up,23.4,-234,44,1,13,1,1,0","rabbit_spear,arm_low,60.4,-207.2,81,1,13,1,1,0","rabbit_spear,fist,92,-201.6,118,1,19,1,1,0","rabbit_spear,leg_up,-18.2,-109.4,3.3,0,4,1,1,0","rabbit_spear,leg_low,-20,-48.4,-5,0,10,1,1,0","rabbit_spear,foot,-26.8,-7.6,-45.6,0,13,1,1,0","rabbit_spear,leg_up,-1.8,-123.2,27.7,0,12,1,1,0","rabbit_spear,leg_low,-3.8,-82.8,-51.5,0,13,1,1,0","rabbit_spear,foot,-35.2,-51.6,-86.5,0,15,1,1,0","rabbit_spear,base,112.4,-214.6,104,0,3,1,1,0",,"rabbit_spear,ear,-64,-374.4,73,0,0,1,1,0","rabbit_spear,ear_back,-29.8,-376.4,46,0,12,1,1,0","rabbit_spear,tail,-60.6,-142,-37,0,6,1,1,0",,,,,,,,,,,,,,,,,,,,,,,,,,,,,,,,,,,,,,,,,,,,,,,,,,,,,,,,,,,,,,,,,,,,,,,,,,,,,,,,,,,,,,,,,,,,,,,,,,,
Walk/8,"rabbit_spear,head,4.8,-309.8,-2,0,2,1,1,0","rabbit_spear,neck,-5.2,-274.6,-3,0,4,1,1,0","rabbit_spear,body,-4.8,-200.6,-3.5,0,5,1,1,0","rabbit_spear,arm_up,-37.2,-241.6,-50,0,3,1,1,0","rabbit_spear,arm_low,-61.6,-208.8,-35,0,4,1,1,0","rabbit_spear,fist,-63.6,-174.4,-30,0,2,1,1,0","rabbit_spear,arm_up,27.4,-238,44,1,13,1,1,0","rabbit_spear,arm_low,64.4,-217.2,88,1,13,1,1,0","rabbit_spear,fist,92,-217.6,130,1,19,1,1,0","rabbit_spear,leg_up,-31.2,-106.4,-14.7,0,4,1,1,0","rabbit_spear,leg_low,-50,-48.4,-15,0,10,1,1,0","rabbit_spear,foot,-62.8,-7.6,-45.6,0,13,1,1,0","rabbit_spear,leg_up,4.2,-125.2,37.7,0,12,1,1,0","rabbit_spear,leg_low,19.2,-80.8,-21.5,0,13,1,1,0","rabbit_spear,foot,3.8,-39.6,-36.5,0,15,1,1,0","rabbit_spear,base,112.4,-230.6,107,0,3,1,1,0",,"rabbit_spear,ear,-60,-370.4,78,0,0,1,1,0","rabbit_spear,ear_back,-21.8,-379.4,49,0,12,1,1,0","rabbit_spear,tail,-59.6,-139,-30,0,6,1,1,0",,,,,,,,,,,,,,,,,,,,,,,,,,,,,,,,,,,,,,,,,,,,,,,,,,,,,,,,,,,,,,,,,,,,,,,,,,,,,,,,,,,,,,,,,,,,,,,,,,,
Walk/9,"rabbit_spear,head,1.8,-313.8,3,0,2,1,1,0","rabbit_spear,neck,-5.2,-274.6,-3,0,4,1,1,0","rabbit_spear,body,-4.8,-200.6,-3.5,0,5,1,1,0","rabbit_spear,arm_up,-37.2,-245.6,-55,0,3,1,1,0","rabbit_spear,arm_low,-61.6,-214.8,-35,0,4,1,1,0","rabbit_spear,fist,-63.6,-181.4,-25,0,2,1,1,0","rabbit_spear,arm_up,27.4,-238,44,1,13,1,1,0","rabbit_spear,arm_low,64.4,-226.2,98,1,13,1,1,0","rabbit_spear,fist,93,-227.6,141,1,19,1,1,0","rabbit_spear,leg_up,-33.2,-105.4,-22.7,0,4,1,1,0","rabbit_spear,leg_low,-64,-47.4,-25,0,10,1,1,0","rabbit_spear,foot,-84.8,-7.6,-55.6,0,13,1,1,0","rabbit_spear,leg_up,15.2,-125.2,40.7,0,12,1,1,0","rabbit_spear,leg_low,41.2,-80.8,12.5,0,13,1,1,0","rabbit_spear,foot,45.8,-35.6,-36.5,0,15,1,1,0","rabbit_spear,base,112.4,-241.6,109,0,3,1,1,0",,"rabbit_spear,ear,-69,-364.4,87,0,0,1,1,0","rabbit_spear,ear_back,-32.8,-369.4,56,0,12,1,1,0","rabbit_spear,tail,-59.6,-144,-30,0,6,1,1,0",,,,,,,,,,,,,,,,,,,,,,,,,,,,,,,,,,,,,,,,,,,,,,,,,,,,,,,,,,,,,,,,,,,,,,,,,,,,,,,,,,,,,,,,,,,,,,,,,,,
Spirit/0,"rabbit_spear,close,-26,-317,1,0,2,1,1,0","rabbit_spear,neck,-28,-284,9,0,4,1,1,0","rabbit_spear,body,-5,-216,18.5,0,5,1,1,0","rabbit_spear,arm_up,-48,-245,-37,0,4,1,1,0","rabbit_spear,arm_low,-75,-217,-82,0,7,1,1,0","rabbit_spear,fist,-110,-207,-100,0,12,1,1,0","rabbit_spear,arm_up,5,-251,45,1,13,1,1,0","rabbit_spear,arm_low,37,-239,117,1,15,1,1,0","rabbit_spear,fist,75,-243,73,0,21,1,1,0","rabbit_spear,leg_up,1,-120,-7.7,0,4,1,1,0","rabbit_spear,leg_low,-3,-56,6,0,10,1,1,0","rabbit_spear,foot,0,-9,-25.6,0,13,1,1,0","rabbit_spear,leg_up,35,-141,40.7,0,12,1,1,0","rabbit_spear,leg_low,55,-90,-2.5,0,13,1,1,0","rabbit_spear,foot,47,-49,-36.5,0,15,1,1,0",,,"rabbit_spear,ear,-89,-379,76,0,0,1,1,0","rabbit_spear,ear_back,-60,-389,62,0,12,1,1,0","rabbit_spear,tail,-36,-135,-5,0,6,1,1,0",,,,,,,,,,,,,,,,,,,,,,,,,,,,,,,,,,,,,,,,,,,,,,,,,,,,,,,,,,,,,,,,,,,,,,,,,,,,,,,,,,,,,,,,,,,,,,,,,"effect_fade_5,hold,effect_grey",,
EXCLUDE_Icon/0,"rabbit_spear,head,-227,-374,-5,0,2,1,1,0","rabbit_spear,neck,-241,-337,-9,0,4,1,1,0","rabbit_spear,body,-248,-265,-9.5,0,5,1,1,0","rabbit_spear,arm_up,-268,-308,-34,0,3,1,1,0","rabbit_spear,arm_low,-270,-273,26,0,4,1,1,0","rabbit_spear,fist,-244,-247,18,0,2,1,1,0","rabbit_spear,arm_up,-221,-316,48,1,13,1,1,0","rabbit_spear,arm_low,-188,-282,59,1,13,1,1,0","rabbit_spear,fist,-158,-274,125,1,19,1,1,0","rabbit_spear,leg_up,-292,-173,-29.7,0,4,1,1,0","rabbit_spear,leg_low,-321,-118,-14,0,10,1,1,0","rabbit_spear,foot,-333,-77,-44.6,0,13,1,1,0","rabbit_spear,leg_up,-231,-176,35.7,0,12,1,1,0","rabbit_spear,leg_low,-210,-119,-1.5,0,13,1,1,0","rabbit_spear,foot,-217,-77,-33.5,0,15,1,1,0","rabbit_knight,base,-97,-311,114,0,3,1,1,0",,"rabbit_spear,ear,-298,-426,87,0,0,1,1,0","rabbit_spear,ear_back,-244,-447,42,0,12,1,1,0","rabbit_spear,tail,-319,-206,-27,0,6,1,1,0",,,,,,,,"human_banner,head,297,-517,18,1,9,0.9,0.9,0","human_banner,neck,329,-468,16,1,12,0.9,0.9,0","human_banner,body,353,-350,13.5,1,10,0.9,0.9,0","human_banner,arm_up,426,-416,62,1,3,0.9,0.9,0","human_banner,arm_low,434,-364,-52,1,5,0.9,0.9,0","white_human,fist,362,-321,-62,1,6,0.9,0.9,0","human_banner,arm_up,282,-372,-8,0,19,0.9,0.9,0","human_banner,arm_low,255,-271,-23,0,11,0.9,0.9,0","white_human,fist,226,-195,-17,0,12,0.9,0.9,0","human_banner,leg_up,429,-208,16,1,12,0.9,0.9,0","human_banner,leg_low,466,-107,26,1,19,0.9,0.9,0","human_banner,foot,475,-37,16.6,1,24,0.9,0.9,0","human_banner,leg_up,347,-167,4.8,1,17,0.9,0.9,0","human_banner,leg_low,368,-64,14.5,1,22,0.9,0.9,0","human_banner,foot,365,17,12.5,1,26,0.9,0.9,0","human_knight,base,252,-401,-132.3,1,8,0.9,0.9,0",,,,,,,,,,,,,,,,,,,,,,,,,,,,,,,,,,,,,,,,,,,,,,,,,,,,,,,,,,,,,,,,,,,,,,,,,,play_time_mod_2,,
