"Name","p1_head","p1_neck","p1_body","p1_r_arm_up","p1_r_arm_low","p1_r_hand","p1_l_arm_up","p1_l_arm_low","p1_l_hand","p1_r_leg_up","p1_r_leg_low","p1_r_foot","p1_l_leg_up","p1_l_leg_low","p1_l_foot","p1_main_weapon","p1_sub_weapon","p1_special_1","p1_special_2","p1_special_3","p1_special_4","p1_special_5","p1_special_6","p1_special_7","p1_special_8","p1_special_9","p1_special_10","p2_head","p2_neck","p2_body","p2_r_arm_up","p2_r_arm_low","p2_r_hand","p2_l_arm_up","p2_l_arm_low","p2_l_hand","p2_r_leg_up","p2_r_leg_low","p2_r_foot","p2_l_leg_up","p2_l_leg_low","p2_l_foot","p2_main_weapon","p2_sub_weapon","p2_special_1","p2_special_2","p2_special_3","p2_special_4","p2_special_5","p2_special_6","p2_special_7","p2_special_8","p2_special_9","p2_special_10","p3_head","p3_neck","p3_body","p3_r_arm_up","p3_r_arm_low","p3_r_hand","p3_l_arm_up","p3_l_arm_low","p3_l_hand","p3_r_leg_up","p3_r_leg_low","p3_r_foot","p3_l_leg_up","p3_l_leg_low","p3_l_foot","p3_main_weapon","p3_sub_weapon","p3_special_1","p3_special_2","p3_special_3","p3_special_4","p3_special_5","p3_special_6","p3_special_7","p3_special_8","p3_special_9","p3_special_10","p4_head","p4_neck","p4_body","p4_r_arm_up","p4_r_arm_low","p4_r_hand","p4_l_arm_up","p4_l_arm_low","p4_l_hand","p4_r_leg_up","p4_r_leg_low","p4_r_foot","p4_l_leg_up","p4_l_leg_low","p4_l_foot","p4_main_weapon","p4_sub_weapon","p4_special_1","p4_special_2","p4_special_3","p4_special_4","p4_special_5","p4_special_6","p4_special_7","p4_special_8","p4_special_9","p4_special_10","effect_1","effect_2","effect_3","effect_4","effect_5","effect_6","effect_7","effect_8","frame_property","animation_property","sound_effect"
"Attack1/0","rabbit_engineer,head,-119,-311,3,0,7,1,1,0","rabbit_engineer,neck,-124,-284,-2,0,9,1,1,0","rabbit_engineer,body,-121,-210,0.5,0,10,1,1,0","rabbit_engineer,arm_up,-155,-237,-45,0,9,1,1,0","rabbit_engineer,arm_low,-161,-207,20,0,9,1,1,0","rabbit_engineer,fist,-139,-174,2,0,6,1,1,0","rabbit_engineer,arm_up,-88,-254,86,1,18,1,1,0","rabbit_engineer,arm_low,-55,-257,112,1,20,1,1,0","rabbit_engineer,fist,-21,-263,64,0,26,1,1,0","rabbit_engineer,leg_up,-147,-111,-17.7,0,9,1,1,0","rabbit_engineer,leg_low,-172,-47,-18,0,15,1,1,0","rabbit_engineer,foot,-187,-9,-49.6,0,18,1,1,0","rabbit_engineer,leg_up,-104,-121,25.7,0,17,1,1,0","rabbit_engineer,leg_low,-89,-57,7.5,0,18,1,1,0","rabbit_engineer,foot,-90,-13,-36.5,0,20,1,1,0",,,"rabbit_engineer,ear,-173,-368,78,0,9,1,1,0","rabbit_engineer,ear_back,-147,-366,60,0,17,1,1,0","rabbit_engineer,tail,-168,-143,-13,0,11,1,1,0",,,,,,,,,,,,,,,,,,,,,,,,,,,,,,,,,,,,,"small_trebuchet,body,51,-286,0,0,4,1,1,0","small_trebuchet,arm_up,-74,-364,-3,0,6,1,1,0","small_trebuchet,arm_low,133,-575,0,0,5,1,1,0",,,,,,,"small_trebuchet,foot,-72,-32,0,0,2,1,1,0",,,"small_trebuchet,foot,174,-29,0,0,2,1,1,0",,,,,,,,,,,,,,,,,,,,,,,,,,,,,,,,,,,,,,,,"stone_big,base,-236,-49,170,0,8,1,1,0",,,,,,,,,,
"Attack1/1","rabbit_engineer,head,-123,-311,7,0,7,1,1,0","rabbit_engineer,neck,-124,-284,-2,0,9,1,1,0","rabbit_engineer,body,-121,-210,0.5,0,10,1,1,0","rabbit_engineer,arm_up,-155,-237,-42,0,9,1,1,0","rabbit_engineer,arm_low,-161,-209,27,0,9,1,1,0","rabbit_engineer,fist,-136,-178,8,0,6,1,1,0","rabbit_engineer,arm_up,-89,-262,136,1,18,1,1,0","rabbit_engineer,arm_low,-55,-297,142,1,20,1,1,0","rabbit_engineer,fist,-41,-326,124,0,26,1,1,0","rabbit_engineer,leg_up,-147,-111,-17.7,0,9,1,1,0","rabbit_engineer,leg_low,-172,-47,-18,0,15,1,1,0","rabbit_engineer,foot,-187,-9,-49.6,0,18,1,1,0","rabbit_engineer,leg_up,-102,-121,27.7,0,17,1,1,0","rabbit_engineer,leg_low,-87,-57,10.5,0,18,1,1,0","rabbit_engineer,foot,-90,-13,-36.5,0,20,1,1,0",,,"rabbit_engineer,ear,-183,-360,88,0,9,1,1,0","rabbit_engineer,ear_back,-157,-362,70,0,17,1,1,0","rabbit_engineer,tail,-170,-141,-5,0,11,1,1,0",,,,,,,,,,,,,,,,,,,,,,,,,,,,,,,,,,,,,"small_trebuchet,body,51,-286,0,0,4,1,1,0","small_trebuchet,arm_up,-74,-364,-3,0,6,1,1,0","small_trebuchet,arm_low,133,-575,0,0,5,1,1,0",,,,,,,"small_trebuchet,foot,-72,-32,0,0,2,1,1,0",,,"small_trebuchet,foot,174,-29,0,0,2,1,1,0",,,,,,,,,,,,,,,,,,,,,,,,,,,,,,,,,,,,,,,,"stone_big,base,-236,-49,170,0,8,1,1,0",,,,,,,,,,
"Attack1/2","rabbit_engineer,head,-125,-311,11,0,7,1,1,0","rabbit_engineer,neck,-124,-284,-2,0,9,1,1,0","rabbit_engineer,body,-121,-210,0.5,0,10,1,1,0","rabbit_engineer,arm_up,-155,-237,-46,0,9,1,1,0","rabbit_engineer,arm_low,-160,-211,32,0,9,1,1,0","rabbit_engineer,fist,-132,-183,8,0,6,1,1,0","rabbit_engineer,arm_up,-99,-264,166,1,18,1,1,0","rabbit_engineer,arm_low,-85,-307,172,1,20,1,1,0","rabbit_engineer,fist,-74,-344,144,0,26,1,1,0","rabbit_engineer,leg_up,-147,-111,-17.7,0,9,1,1,0","rabbit_engineer,leg_low,-172,-47,-18,0,15,1,1,0","rabbit_engineer,foot,-187,-9,-49.6,0,18,1,1,0","rabbit_engineer,leg_up,-102,-121,27.7,0,17,1,1,0","rabbit_engineer,leg_low,-87,-57,10.5,0,18,1,1,0","rabbit_engineer,foot,-90,-13,-36.5,0,20,1,1,0",,,"rabbit_engineer,ear,-193,-352,98,0,9,1,1,0","rabbit_engineer,ear_back,-167,-358,80,0,17,1,1,0","rabbit_engineer,tail,-170,-141,-5,0,11,1,1,0",,,,,,,,,,,,,,,,,,,,,,,,,,,,,,,,,,,,,"small_trebuchet,body,51,-286,0,0,4,1,1,0","small_trebuchet,arm_up,-74,-364,-3,0,6,1,1,0","small_trebuchet,arm_low,133,-575,0,0,5,1,1,0",,,,,,,"small_trebuchet,foot,-72,-32,0,0,2,1,1,0",,,"small_trebuchet,foot,174,-29,0,0,2,1,1,0",,,,,,,,,,,,,,,,,,,,,,,,,,,,,,,,,,,,,,,,"stone_big,base,-236,-49,170,0,8,1,1,0",,,,,,,,,,
"Attack1/3","rabbit_engineer,head,-98,-315,1,0,7,1,1,0","rabbit_engineer,neck,-102,-289,-12,0,9,1,1,0","rabbit_engineer,body,-114,-210,-12.5,0,10,1,1,0","rabbit_engineer,arm_up,-134,-253,-56,0,9,1,1,0","rabbit_engineer,arm_low,-144,-228,22,0,9,1,1,0","rabbit_engineer,fist,-121,-196,-2,0,6,1,1,0","rabbit_engineer,arm_up,-72,-251,146,1,18,1,1,0","rabbit_engineer,arm_low,-45,-287,152,1,20,1,1,0","rabbit_engineer,fist,-21,-317,124,0,26,1,1,0","rabbit_engineer,leg_up,-151,-111,-19.7,0,9,1,1,0","rabbit_engineer,leg_low,-177,-47,-18,0,15,1,1,0","rabbit_engineer,foot,-192,-9,-49.6,0,18,1,1,0","rabbit_engineer,leg_up,-102,-121,27.7,0,17,1,1,0","rabbit_engineer,leg_low,-87,-57,10.5,0,18,1,1,0","rabbit_engineer,foot,-90,-13,-36.5,0,20,1,1,0",,,"rabbit_engineer,ear,-158,-368,88,0,9,1,1,0","rabbit_engineer,ear_back,-131,-369,70,0,17,1,1,0","rabbit_engineer,tail,-174,-148,-11,0,11,1,1,0",,,,,,,,,,,,,,,,,,,,,,,,,,,,,,,,,,,,,"small_trebuchet,body,51,-286,0,0,4,1,1,0","small_trebuchet,arm_up,-74,-364,-3,0,6,1,1,0","small_trebuchet,arm_low,133,-575,0,0,5,1,1,0",,,,,,,"small_trebuchet,foot,-72,-32,0,0,2,1,1,0",,,"small_trebuchet,foot,174,-29,0,0,2,1,1,0",,,,,,,,,,,,,,,,,,,,,,,,,,,,,,,,,,,,,,,,"stone_big,base,-236,-49,170,0,8,1,1,0",,,,,,,,,,"trebuchet_fire_small,3500,0"
"Attack1/4","rabbit_engineer,head,-79,-311,-9,0,7,1,1,0","rabbit_engineer,neck,-87,-286,-22,0,9,1,1,0","rabbit_engineer,body,-110,-210,-19.5,0,10,1,1,0","rabbit_engineer,arm_up,-131,-255,-76,0,9,1,1,0","rabbit_engineer,arm_low,-149,-234,2,0,9,1,1,0","rabbit_engineer,fist,-138,-196,-22,0,6,1,1,0","rabbit_engineer,arm_up,-66,-258,106,1,18,1,1,0","rabbit_engineer,arm_low,-25,-267,112,1,20,1,1,0","rabbit_engineer,fist,13,-273,84,0,26,1,1,0","rabbit_engineer,leg_up,-153,-111,-19.7,0,9,1,1,0","rabbit_engineer,leg_low,-184,-47,-18,0,15,1,1,0","rabbit_engineer,foot,-199,-9,-49.6,0,18,1,1,0","rabbit_engineer,leg_up,-102,-121,27.7,0,17,1,1,0","rabbit_engineer,leg_low,-87,-57,10.5,0,18,1,1,0","rabbit_engineer,foot,-90,-13,-36.5,0,20,1,1,0",,,"rabbit_engineer,ear,-119,-374,78,0,9,1,1,0","rabbit_engineer,ear_back,-92,-370,58,0,17,1,1,0","rabbit_engineer,tail,-174,-158,-21,0,11,1,1,0",,,,,,,,,,,,,,,,,,,,,,,,,,,,,,,,,,,,,"small_trebuchet,body,51,-286,0,0,4,1,1,0","small_trebuchet,arm_up,-74,-364,-3,0,6,1,1,0","small_trebuchet,arm_low,133,-575,0,0,5,1,1,0",,,,,,,"small_trebuchet,foot,-72,-32,0,0,2,1,1,0",,,"small_trebuchet,foot,174,-29,0,0,2,1,1,0",,,,,,,,,,,,,,,,,,,,,,,,,,,,,,,,,,,,,,,,"stone_big,base,-236,-49,170,0,8,1,1,0",,,,,,,,"play_time_mod_0.5",,
"Attack1/5","rabbit_engineer,head,-57,-301,-11,0,7,1,1,0","rabbit_engineer,neck,-67,-276,-24,0,9,1,1,0","rabbit_engineer,body,-100,-200,-29.5,0,10,1,1,0","rabbit_engineer,arm_up,-117,-250,-86,0,9,1,1,0","rabbit_engineer,arm_low,-138,-232,-8,0,9,1,1,0","rabbit_engineer,fist,-134,-193,-32,0,6,1,1,0","rabbit_engineer,arm_up,-57,-235,96,1,18,1,1,0","rabbit_engineer,arm_low,-15,-237,102,1,20,1,1,0","rabbit_engineer,fist,24,-236,74,0,26,1,1,0","rabbit_engineer,leg_up,-153,-111,-19.7,0,9,1,1,0","rabbit_engineer,leg_low,-184,-47,-18,0,15,1,1,0","rabbit_engineer,foot,-199,-9,-49.6,0,18,1,1,0","rabbit_engineer,leg_up,-102,-121,27.7,0,17,1,1,0","rabbit_engineer,leg_low,-87,-57,10.5,0,18,1,1,0","rabbit_engineer,foot,-90,-13,-36.5,0,20,1,1,0",,,"rabbit_engineer,ear,-95,-364,76,0,9,1,1,0","rabbit_engineer,ear_back,-68,-360,56,0,17,1,1,0","rabbit_engineer,tail,-174,-168,-31,0,11,1,1,0",,,,,,,,,,,,,,,,,,,,,,,,,,,,,,,,,,,,,"small_trebuchet,body,51,-286,-1,0,4,1,1,0","small_trebuchet,arm_up,-74,-364,-3,0,6,1,1,0","small_trebuchet,arm_low,133,-575,0,0,5,1,1,0",,,,,,,"small_trebuchet,foot,-72,-32,0,0,2,1,1,0",,,"small_trebuchet,foot,174,-29,0,0,2,1,1,0",,,,,,,,,,,,,,,,,,,,,,,,,,,,,,,,,,,,,,,,"stone_big,base,-236,-49,170,0,8,1,1,0",,,,,,,,,,
"Attack1/6","rabbit_engineer,head,-55,-301,-13,0,7,1,1,0","rabbit_engineer,neck,-67,-276,-24,0,9,1,1,0","rabbit_engineer,body,-100,-200,-29.5,0,10,1,1,0","rabbit_engineer,arm_up,-117,-250,-86,0,9,1,1,0","rabbit_engineer,arm_low,-138,-232,-8,0,9,1,1,0","rabbit_engineer,fist,-134,-193,-32,0,6,1,1,0","rabbit_engineer,arm_up,-57,-235,96,1,18,1,1,0","rabbit_engineer,arm_low,-15,-237,102,1,20,1,1,0","rabbit_engineer,fist,24,-236,74,0,26,1,1,0","rabbit_engineer,leg_up,-153,-111,-19.7,0,9,1,1,0","rabbit_engineer,leg_low,-184,-47,-18,0,15,1,1,0","rabbit_engineer,foot,-199,-9,-49.6,0,18,1,1,0","rabbit_engineer,leg_up,-102,-121,27.7,0,17,1,1,0","rabbit_engineer,leg_low,-87,-57,10.5,0,18,1,1,0","rabbit_engineer,foot,-90,-13,-36.5,0,20,1,1,0",,,"rabbit_engineer,ear,-93,-364,79,0,9,1,1,0","rabbit_engineer,ear_back,-66,-360,59,0,17,1,1,0","rabbit_engineer,tail,-174,-168,-31,0,11,1,1,0",,,,,,,,,,,,,,,,,,,,,,,,,,,,,,,,,,,,,"small_trebuchet,body,51,-286,0,0,4,1,1,0","small_trebuchet,arm_up,-104,-407,-16,0,6,1,1,0","small_trebuchet,arm_low,171,-568,2,0,5,1,1,0",,,,,,,"small_trebuchet,foot,-72,-32,0,0,2,1,1,0",,,"small_trebuchet,foot,174,-29,0,0,2,1,1,0",,,,,,,,,,,,,,,,,,,,,,,,,,,,,,,,,,,,,,,,"stone_big,base,-325,-152,170,0,8,1,1,0",,,,,,,,,,
"Attack1/7","rabbit_engineer,head,-56,-301,-9,0,7,1,1,0","rabbit_engineer,neck,-67,-276,-24,0,9,1,1,0","rabbit_engineer,body,-100,-200,-29.5,0,10,1,1,0","rabbit_engineer,arm_up,-107,-240,-56,0,9,1,1,0","rabbit_engineer,arm_low,-125,-208,-8,0,9,1,1,0","rabbit_engineer,fist,-121,-169,-32,0,6,1,1,0","rabbit_engineer,arm_up,-57,-235,96,1,18,1,1,0","rabbit_engineer,arm_low,-15,-237,102,1,20,1,1,0","rabbit_engineer,fist,24,-236,74,0,26,1,1,0","rabbit_engineer,leg_up,-153,-111,-19.7,0,9,1,1,0","rabbit_engineer,leg_low,-184,-47,-18,0,15,1,1,0","rabbit_engineer,foot,-199,-9,-49.6,0,18,1,1,0","rabbit_engineer,leg_up,-102,-121,27.7,0,17,1,1,0","rabbit_engineer,leg_low,-87,-57,10.5,0,18,1,1,0","rabbit_engineer,foot,-90,-13,-36.5,0,20,1,1,0",,,"rabbit_engineer,ear,-97,-364,81,0,9,1,1,0","rabbit_engineer,ear_back,-68,-360,61,0,17,1,1,0","rabbit_engineer,tail,-174,-168,-31,0,11,1,1,0",,,,,,,,,,,,,,,,,,,,,,,,,,,,,,,,,,,,,"small_trebuchet,body,51,-286,0,0,4,1,1,0","small_trebuchet,arm_up,-144,-466,-36,0,6,1,1,0","small_trebuchet,arm_low,184,-517,2,0,5,1,1,0",,,,,,,"small_trebuchet,foot,-72,-32,0,0,2,1,1,0",,,"small_trebuchet,foot,174,-29,0,0,2,1,1,0",,,,,,,,,,,,,,,,,,,,,,,,,,,,,,,,,,,,,,,,"stone_big,base,-440,-303,170,0,8,1,1,0",,,,,,,,,,
"Attack1/8","rabbit_engineer,head,-59,-301,-2,0,7,1,1,0","rabbit_engineer,neck,-67,-276,-24,0,9,1,1,0","rabbit_engineer,body,-100,-200,-29.5,0,10,1,1,0","rabbit_engineer,arm_up,-101,-237,-46,0,9,1,1,0","rabbit_engineer,arm_low,-109,-202,12,0,9,1,1,0","rabbit_engineer,fist,-96,-166,-12,0,6,1,1,0","rabbit_engineer,arm_up,-59,-237,79,1,18,1,1,0","rabbit_engineer,arm_low,-25,-227,102,1,20,1,1,0","rabbit_engineer,fist,14,-226,64,0,26,1,1,0","rabbit_engineer,leg_up,-153,-111,-19.7,0,9,1,1,0","rabbit_engineer,leg_low,-184,-47,-18,0,15,1,1,0","rabbit_engineer,foot,-199,-9,-49.6,0,18,1,1,0","rabbit_engineer,leg_up,-102,-121,27.7,0,17,1,1,0","rabbit_engineer,leg_low,-87,-57,10.5,0,18,1,1,0","rabbit_engineer,foot,-90,-13,-36.5,0,20,1,1,0",,,"rabbit_engineer,ear,-105,-364,81,0,9,1,1,0","rabbit_engineer,ear_back,-72,-360,62,0,17,1,1,0","rabbit_engineer,tail,-174,-168,-31,0,11,1,1,0",,,,,,,,,,,,,,,,,,,,,,,,,,,,,,,,,,,,,"small_trebuchet,body,51,-286,0,0,4,1,1,0","small_trebuchet,arm_up,-134,-566,-66,0,6,1,1,0","small_trebuchet,arm_low,223,-430,2,0,5,1,1,0",,,,,,,"small_trebuchet,foot,-72,-32,0,0,2,1,1,0",,,"small_trebuchet,foot,174,-29,0,0,2,1,1,0",,,,,,,,,,,,,,,,,,,,,,,,,,,,,,,,,,,,,,,,"stone_big,base,-469,-559,170,0,8,1,1,0",,,,,,,,"play_time_mod_0.2",,
"Attack1/9","rabbit_engineer,head,-64,-300,-9,0,7,1,1,0","rabbit_engineer,neck,-73,-276,-24,0,9,1,1,0","rabbit_engineer,body,-104,-200,-28.5,0,10,1,1,0","rabbit_engineer,arm_up,-104,-235,-36,0,9,1,1,0","rabbit_engineer,arm_low,-106,-199,22,0,9,1,1,0","rabbit_engineer,fist,-87,-166,-2,0,6,1,1,0","rabbit_engineer,arm_up,-62,-237,68,1,18,1,1,0","rabbit_engineer,arm_low,-25,-216,82,1,20,1,1,0","rabbit_engineer,fist,12,-205,54,0,26,1,1,0","rabbit_engineer,leg_up,-153,-111,-19.7,0,9,1,1,0","rabbit_engineer,leg_low,-184,-47,-18,0,15,1,1,0","rabbit_engineer,foot,-199,-9,-49.6,0,18,1,1,0","rabbit_engineer,leg_up,-100,-121,34.7,0,17,1,1,0","rabbit_engineer,leg_low,-75,-60,10.5,0,18,1,1,0","rabbit_engineer,foot,-78,-16,-36.5,0,20,1,1,0",,,"rabbit_engineer,ear,-108,-364,74,0,9,1,1,0","rabbit_engineer,ear_back,-73,-360,52,0,17,1,1,0","rabbit_engineer,tail,-174,-168,-31,0,11,1,1,0",,,,,,,,,,,,,,,,,,,,,,,,,,,,,,,,,,,,,"small_trebuchet,body,51,-286,0,0,4,1,1,0","small_trebuchet,arm_up,-94,-656,-96,0,6,1,1,0","small_trebuchet,arm_low,193,-352,2,0,5,1,1,0",,,,,,,"small_trebuchet,foot,-72,-32,0,0,2,1,1,0",,,"small_trebuchet,foot,174,-29,0,0,2,1,1,0",,,,,,,,,,,,,,,,,,,,,,,,,,,,,,,,,,,,,,,,"stone_big,base,-384,-820,170,0,8,1,1,0",,,,,,,,"play_time_mod_0.2",,
"Attack1/10","rabbit_engineer,head,-61,-300,-15,0,7,1,1,0","rabbit_engineer,neck,-72,-275,-24,0,9,1,1,0","rabbit_engineer,body,-104,-200,-28.5,0,10,1,1,0","rabbit_engineer,arm_up,-99,-235,-22,0,9,1,1,0","rabbit_engineer,arm_low,-98,-199,22,0,9,1,1,0","rabbit_engineer,fist,-79,-166,-2,0,6,1,1,0","rabbit_engineer,arm_up,-64,-240,48,1,18,1,1,0","rabbit_engineer,arm_low,-35,-216,82,1,20,1,1,0","rabbit_engineer,fist,-2,-205,54,0,26,1,1,0","rabbit_engineer,leg_up,-158,-111,-24.7,0,9,1,1,0","rabbit_engineer,leg_low,-191,-47,-18,0,15,1,1,0","rabbit_engineer,foot,-206,-9,-49.6,0,18,1,1,0","rabbit_engineer,leg_up,-100,-121,34.7,0,17,1,1,0","rabbit_engineer,leg_low,-75,-60,10.5,0,18,1,1,0","rabbit_engineer,foot,-78,-16,-36.5,0,20,1,1,0",,,"rabbit_engineer,ear,-98,-364,74,0,9,1,1,0","rabbit_engineer,ear_back,-63,-360,52,0,17,1,1,0","rabbit_engineer,tail,-174,-168,-31,0,11,1,1,0",,,,,,,,,,,,,,,,,,,,,,,,,,,,,,,,,,,,,"small_trebuchet,body,51,-286,0,0,4,1,1,0","small_trebuchet,arm_up,-4,-706,-126,0,6,1,1,0","small_trebuchet,arm_low,140,-296,2,0,5,1,1,0",,,,,,,"small_trebuchet,foot,-72,-32,0,0,2,1,1,0",,,"small_trebuchet,foot,174,-29,0,0,2,1,1,0",,,,,,,,,,,,,,,,,,,,,,,,,,,,,,,,,,,,,,,,"stone_big,base,-170,-974,170,0,8,1,1,0",,,,,,,,"play_time_mod_0.2",,
"Attack1/11","rabbit_engineer,head,-58,-299,-16,0,7,1,1,0","rabbit_engineer,neck,-70,-274,-25,0,9,1,1,0","rabbit_engineer,body,-103,-199,-29.5,0,10,1,1,0","rabbit_engineer,arm_up,-98,-234,-23,0,9,1,1,0","rabbit_engineer,arm_low,-97,-198,21,0,9,1,1,0","rabbit_engineer,fist,-79,-165,-3,0,6,1,1,0","rabbit_engineer,arm_up,-62,-239,47,1,18,1,1,0","rabbit_engineer,arm_low,-34,-214,81,1,20,1,1,0","rabbit_engineer,fist,-1,-203,53,0,26,1,1,0","rabbit_engineer,leg_up,-158,-111,-24.7,0,9,1,1,0","rabbit_engineer,leg_low,-191,-47,-18,0,15,1,1,0","rabbit_engineer,foot,-206,-9,-49.6,0,18,1,1,0","rabbit_engineer,leg_up,-100,-121,34.7,0,17,1,1,0","rabbit_engineer,leg_low,-75,-60,10.5,0,18,1,1,0","rabbit_engineer,foot,-78,-16,-36.5,0,20,1,1,0",,,"rabbit_engineer,ear,-94,-363,73,0,9,1,1,0","rabbit_engineer,ear_back,-59,-359,51,0,17,1,1,0","rabbit_engineer,tail,-174,-172,-39,0,11,1,1,0",,,,,,,,,,,,,,,,,,,,,,,,,,,,,,,,,,,,,"small_trebuchet,body,51,-286,0,0,4,1,1,0","small_trebuchet,arm_up,86,-726,-156,0,6,1,1,0","small_trebuchet,arm_low,54,-278,2,0,5,1,1,0",,,,,,,"small_trebuchet,foot,-72,-32,0,0,2,1,1,0",,,"small_trebuchet,foot,174,-29,0,0,2,1,1,0",,,,,,,,,,,,,,,,,,,,,,,,,,,,,,,,,,,,,,,,"stone_big,speed,268,-1112,-57,0,8,1,1,1",,,,,,,,"play_time_mod_0.2",,
"Attack1/12","rabbit_engineer,head,-59,-299,-14,0,7,1,1,0","rabbit_engineer,neck,-70,-274,-25,0,9,1,1,0","rabbit_engineer,body,-103,-199,-29.5,0,10,1,1,0","rabbit_engineer,arm_up,-91,-234,-3,0,9,1,1,0","rabbit_engineer,arm_low,-77,-198,61,0,2,1,1,0","rabbit_engineer,fist,-38,-194,57,0,1,1,1,0","rabbit_engineer,arm_up,-62,-239,47,1,18,1,1,0","rabbit_engineer,arm_low,-34,-214,81,1,20,1,1,0","rabbit_engineer,fist,-1,-203,53,0,26,1,1,0","rabbit_engineer,leg_up,-158,-111,-24.7,0,9,1,1,0","rabbit_engineer,leg_low,-191,-47,-18,0,15,1,1,0","rabbit_engineer,foot,-206,-9,-49.6,0,18,1,1,0","rabbit_engineer,leg_up,-100,-121,34.7,0,17,1,1,0","rabbit_engineer,leg_low,-75,-60,10.5,0,18,1,1,0","rabbit_engineer,foot,-78,-16,-36.5,0,20,1,1,0",,,"rabbit_engineer,ear,-98,-363,74,0,9,1,1,0","rabbit_engineer,ear_back,-63,-359,52,0,17,1,1,0","rabbit_engineer,tail,-174,-172,-39,0,11,1,1,0",,,,,,,,,,,,,,,,,,,,,,,,,,,,,,,,,,,,,"small_trebuchet,body,51,-286,0,0,4,1,1,0","small_trebuchet,arm_up,166,-720,-176,0,6,1,1,0","small_trebuchet,arm_low,-5,-302,-8,0,5,1,1,0",,,,,,,"small_trebuchet,foot,-72,-32,0,0,2,1,1,0",,,"small_trebuchet,foot,174,-29,0,0,2,1,1,0",,,,,,,,,,,,,,,,,,,,,,,,,,,,,,,,,,,,,,,,,,,,,,,,,,
"Attack1/13","rabbit_engineer,head,-67,-304,-8,0,7,1,1,0","rabbit_engineer,neck,-75,-279,-23,0,9,1,1,0","rabbit_engineer,body,-109,-199,-27.5,0,10,1,1,0","rabbit_engineer,arm_up,-96,-244,-27,0,9,1,1,0","rabbit_engineer,arm_low,-90,-216,58,0,2,1,1,0","rabbit_engineer,fist,-55,-200,27,0,1,1,1,0","rabbit_engineer,arm_up,-63,-239,47,1,18,1,1,0","rabbit_engineer,arm_low,-37,-214,81,1,20,1,1,0","rabbit_engineer,fist,-11,-203,53,0,26,1,1,0","rabbit_engineer,leg_up,-164,-111,-24.7,0,9,1,1,0","rabbit_engineer,leg_low,-197,-47,-18,0,15,1,1,0","rabbit_engineer,foot,-214,-9,-49.6,0,18,1,1,0","rabbit_engineer,leg_up,-100,-121,37.7,0,17,1,1,0","rabbit_engineer,leg_low,-75,-64,4.5,0,18,1,1,0","rabbit_engineer,foot,-83,-16,-36.5,0,20,1,1,0",,,"rabbit_engineer,ear,-102,-372,56,0,9,1,1,0","rabbit_engineer,ear_back,-67,-380,35,0,17,1,1,0","rabbit_engineer,tail,-174,-173,-51,0,11,1,1,0",,,,,,,,,,,,,,,,,,,,,,,,,,,,,,,,,,,,,"small_trebuchet,body,51,-286,0,0,4,1,1,0","small_trebuchet,arm_up,176,-704,-180,0,6,1,1,0","small_trebuchet,arm_low,-20,-296,-11,0,5,1,1,0",,,,,,,"small_trebuchet,foot,-72,-32,0,0,2,1,1,0",,,"small_trebuchet,foot,174,-29,0,0,2,1,1,0",,,,,,,,,,,,,,,,,,,,,,,,,,,,,,,,,,,,,,,,,,,,,,,,"play_time_mod_1.2",,
"Attack1/14","rabbit_engineer,head,-63,-301,-15,0,7,1,1,0","rabbit_engineer,neck,-75,-279,-23,0,9,1,1,0","rabbit_engineer,body,-109,-199,-27.5,0,10,1,1,0","rabbit_engineer,arm_up,-104,-247,-36,0,9,1,1,0","rabbit_engineer,arm_low,-103,-219,49,0,2,1,1,0","rabbit_engineer,fist,-71,-197,18,0,1,1,1,0","rabbit_engineer,arm_up,-63,-239,47,1,18,1,1,0","rabbit_engineer,arm_low,-37,-214,81,1,20,1,1,0","rabbit_engineer,fist,-11,-198,47,0,26,1,1,0","rabbit_engineer,leg_up,-166,-111,-28.7,0,9,1,1,0","rabbit_engineer,leg_low,-206,-50,-22,0,15,1,1,0","rabbit_engineer,foot,-222,-12,-49.6,0,18,1,1,0","rabbit_engineer,leg_up,-100,-121,37.7,0,17,1,1,0","rabbit_engineer,leg_low,-75,-64,4.5,0,18,1,1,0","rabbit_engineer,foot,-83,-16,-36.5,0,20,1,1,0",,,"rabbit_engineer,ear,-82,-372,36,0,9,1,1,0","rabbit_engineer,ear_back,-47,-380,15,0,17,1,1,0","rabbit_engineer,tail,-174,-176,-57,0,11,1,1,0",,,,,,,,,,,,,,,,,,,,,,,,,,,,,,,,,,,,,"small_trebuchet,body,51,-286,0,0,4,1,1,0","small_trebuchet,arm_up,178,-706,179,0,6,1,1,0","small_trebuchet,arm_low,-25,-298,-12,0,5,1,1,0",,,,,,,"small_trebuchet,foot,-72,-32,0,0,2,1,1,0",,,"small_trebuchet,foot,174,-29,0,0,2,1,1,0",,,,,,,,,,,,,,,,,,,,,,,,,,,,,,,,,,,,,,,,,,,,,,,,"play_time_mod_1.4",,
"Attack1/15","rabbit_engineer,head,-59,-299,-14,0,7,1,1,0","rabbit_engineer,neck,-70,-274,-25,0,9,1,1,0","rabbit_engineer,body,-103,-199,-29.5,0,10,1,1,0","rabbit_engineer,arm_up,-91,-234,-3,0,9,1,1,0","rabbit_engineer,arm_low,-77,-198,61,0,2,1,1,0","rabbit_engineer,fist,-38,-194,57,0,1,1,1,0","rabbit_engineer,arm_up,-62,-239,47,1,18,1,1,0","rabbit_engineer,arm_low,-34,-214,81,1,20,1,1,0","rabbit_engineer,fist,-1,-203,53,0,26,1,1,0","rabbit_engineer,leg_up,-158,-111,-24.7,0,9,1,1,0","rabbit_engineer,leg_low,-191,-47,-18,0,15,1,1,0","rabbit_engineer,foot,-206,-9,-49.6,0,18,1,1,0","rabbit_engineer,leg_up,-100,-121,34.7,0,17,1,1,0","rabbit_engineer,leg_low,-75,-60,10.5,0,18,1,1,0","rabbit_engineer,foot,-78,-16,-36.5,0,20,1,1,0",,,"rabbit_engineer,ear,-88,-365,54,0,9,1,1,0","rabbit_engineer,ear_back,-53,-361,32,0,17,1,1,0","rabbit_engineer,tail,-174,-172,-39,0,11,1,1,0",,,,,,,,,,,,,,,,,,,,,,,,,,,,,,,,,,,,,"small_trebuchet,body,51,-286,0,0,4,1,1,0","small_trebuchet,arm_up,156,-706,-176,0,6,1,1,0","small_trebuchet,arm_low,-5,-288,-8,0,5,1,1,0",,,,,,,"small_trebuchet,foot,-72,-32,0,0,2,1,1,0",,,"small_trebuchet,foot,174,-29,0,0,2,1,1,0",,,,,,,,,,,,,,,,,,,,,,,,,,,,,,,,,,,,,,,,,,,,,,,,,,
"Attack1/16","rabbit_engineer,head,-39,-289,-14,0,7,1,1,0","rabbit_engineer,neck,-50,-264,-25,0,9,1,1,0","rabbit_engineer,body,-98,-189,-39.5,0,10,1,1,0","rabbit_engineer,arm_up,-51,-234,47,0,9,1,1,0","rabbit_engineer,arm_low,-23,-214,61,0,5,1,1,0","rabbit_engineer,fist,16,-210,57,0,4,1,1,0","rabbit_engineer,arm_up,-62,-239,47,1,18,1,1,0","rabbit_engineer,arm_low,-14,-214,81,1,20,1,1,0","rabbit_engineer,fist,17,-211,53,0,26,1,1,0","rabbit_engineer,leg_up,-154,-111,-17.7,0,9,1,1,0","rabbit_engineer,leg_low,-181,-47,-18,0,15,1,1,0","rabbit_engineer,foot,-198,-7,-49.6,0,18,1,1,0","rabbit_engineer,leg_up,-97,-121,39.7,0,17,1,1,0","rabbit_engineer,leg_low,-71,-67,10.5,0,18,1,1,0","rabbit_engineer,foot,-74,-23,-36.5,0,20,1,1,0",,,"rabbit_engineer,ear,-78,-353,74,0,9,1,1,0","rabbit_engineer,ear_back,-43,-359,52,0,17,1,1,0","rabbit_engineer,tail,-174,-172,-39,0,11,1,1,0",,,,,,,,,,,,,,,,,,,,,,,,,,,,,,,,,,,,,"small_trebuchet,body,51,-286,0,0,4,1,1,0","small_trebuchet,arm_up,89,-756,-156,0,6,1,1,0","small_trebuchet,arm_low,48,-318,2,0,5,1,1,0",,,,,,,"small_trebuchet,foot,-72,-32,0,0,2,1,1,0",,,"small_trebuchet,foot,174,-29,0,0,2,1,1,0",,,,,,,,,,,,,,,,,,,,,,,,,,,,,,,,,,,,,,,,,,,,,,,,,,
"Attack1/17","rabbit_engineer,head,-43,-295,-4,0,7,1,1,0","rabbit_engineer,neck,-50,-264,-25,0,9,1,1,0","rabbit_engineer,body,-98,-194,-36.5,0,10,1,1,0","rabbit_engineer,arm_up,-41,-241,77,0,9,1,1,0","rabbit_engineer,arm_low,7,-244,101,0,5,1,1,0","rabbit_engineer,fist,46,-280,87,0,4,1,1,0","rabbit_engineer,arm_up,-42,-239,97,1,18,1,1,0","rabbit_engineer,arm_low,16,-244,121,1,20,1,1,0","rabbit_engineer,fist,37,-251,23,0,26,1,1,0","rabbit_engineer,leg_up,-154,-111,-18.7,0,9,1,1,0","rabbit_engineer,leg_low,-180,-47,-18,0,15,1,1,0","rabbit_engineer,foot,-195,-9,-49.6,0,18,1,1,0","rabbit_engineer,leg_up,-95,-125,41.7,0,17,1,1,0","rabbit_engineer,leg_low,-65,-75,14.5,0,18,1,1,0","rabbit_engineer,foot,-68,-31,-32.5,0,20,1,1,0",,,"rabbit_engineer,ear,-93,-351,84,0,9,1,1,0","rabbit_engineer,ear_back,-59,-363,62,0,17,1,1,0","rabbit_engineer,tail,-174,-172,-52,0,11,1,1,0",,,,,,,,,,,,,,,,,,,,,,,,,,,,,,,,,,,,,"small_trebuchet,body,51,-286,0,0,4,1,1,0","small_trebuchet,arm_up,-42,-760,-126,0,6,1,1,0","small_trebuchet,arm_low,152,-332,22,0,5,1,1,0",,,,,,,"small_trebuchet,foot,-72,-32,0,0,2,1,1,0",,,"small_trebuchet,foot,174,-29,0,0,2,1,1,0",,,,,,,,,,,,,,,,,,,,,,,,,,,,,,,,,,,,,,,,,,,,,,,,,,
"Attack1/18","rabbit_engineer,head,-78,-305,2,0,7,1,1,0","rabbit_engineer,neck,-82,-274,-25,0,9,1,1,0","rabbit_engineer,body,-108,-198,-24.5,0,10,1,1,0","rabbit_engineer,arm_up,-79,-251,87,0,9,1,1,0","rabbit_engineer,arm_low,-33,-267,124,0,5,1,1,0","rabbit_engineer,fist,-12,-297,118,0,4,1,1,0","rabbit_engineer,arm_up,-62,-239,107,1,18,1,1,0","rabbit_engineer,arm_low,-24,-254,131,1,20,1,1,0","rabbit_engineer,fist,5,-272,103,0,26,1,1,0","rabbit_engineer,leg_up,-154,-111,-18.7,0,9,1,1,0","rabbit_engineer,leg_low,-182,-47,-16,0,15,1,1,0","rabbit_engineer,foot,-196,-9,-47.6,0,18,1,1,0","rabbit_engineer,leg_up,-102,-123,48.7,0,17,1,1,0","rabbit_engineer,leg_low,-70,-75,11.5,0,18,1,1,0","rabbit_engineer,foot,-72,-31,-32.5,0,20,1,1,0",,,"rabbit_engineer,ear,-144,-348,94,0,9,1,1,0","rabbit_engineer,ear_back,-112,-366,72,0,17,1,1,0","rabbit_engineer,tail,-174,-163,-47,0,11,1,1,0",,,,,,,,,,,,,,,,,,,,,,,,,,,,,,,,,,,,,"small_trebuchet,body,51,-286,0,0,4,1,1,0","small_trebuchet,arm_up,-94,-656,-96,0,6,1,1,0","small_trebuchet,arm_low,234,-356,22,0,5,1,1,0",,,,,,,"small_trebuchet,foot,-72,-32,0,0,2,1,1,0",,,"small_trebuchet,foot,174,-29,0,0,2,1,1,0",,,,,,,,,,,,,,,,,,,,,,,,,,,,,,,,,,,,,,,,,,,,,,,,,,
"Attack1/19","rabbit_engineer,head,-88,-309,2,0,7,1,1,0","rabbit_engineer,neck,-92,-278,-25,0,9,1,1,0","rabbit_engineer,body,-113,-198,-17.5,0,10,1,1,0","rabbit_engineer,arm_up,-93,-251,77,0,9,1,1,0","rabbit_engineer,arm_low,-53,-256,114,0,5,1,1,0","rabbit_engineer,fist,-23,-282,108,0,4,1,1,0","rabbit_engineer,arm_up,-83,-234,77,1,18,1,1,0","rabbit_engineer,arm_low,-44,-230,111,1,20,1,1,0","rabbit_engineer,fist,-6,-232,73,0,26,1,1,0","rabbit_engineer,leg_up,-151,-108,-16.7,0,9,1,1,0","rabbit_engineer,leg_low,-177,-47,-18,0,15,1,1,0","rabbit_engineer,foot,-191,-9,-49.6,0,18,1,1,0","rabbit_engineer,leg_up,-103,-123,42.7,0,17,1,1,0","rabbit_engineer,leg_low,-77,-75,11.5,0,18,1,1,0","rabbit_engineer,foot,-73,-31,-32.5,0,20,1,1,0",,,"rabbit_engineer,ear,-154,-352,94,0,9,1,1,0","rabbit_engineer,ear_back,-122,-370,72,0,17,1,1,0","rabbit_engineer,tail,-174,-157,-49,0,11,1,1,0",,,,,,,,,,,,,,,,,,,,,,,,,,,,,,,,,,,,,"small_trebuchet,body,51,-286,0,0,4,1,1,0","small_trebuchet,arm_up,-134,-566,-66,0,6,1,1,0","small_trebuchet,arm_low,230,-433,11,0,5,1,1,0",,,,,,,"small_trebuchet,foot,-72,-32,0,0,2,1,1,0",,,"small_trebuchet,foot,174,-29,0,0,2,1,1,0",,,,,,,,,,,,,,,,,,,,,,,,,,,,,,,,,,,,,,,,,,,,,,,,,,
"Attack1/20","rabbit_engineer,head,-93,-316,-1,0,7,1,1,0","rabbit_engineer,neck,-105,-276,-8,0,9,1,1,0","rabbit_engineer,body,-119,-198,-11.5,0,10,1,1,0","rabbit_engineer,arm_up,-103,-249,37,0,9,1,1,0","rabbit_engineer,arm_low,-73,-226,84,0,5,1,1,0","rabbit_engineer,fist,-36,-231,58,0,4,1,1,0","rabbit_engineer,arm_up,-93,-249,67,1,18,1,1,0","rabbit_engineer,arm_low,-54,-220,61,1,20,1,1,0","rabbit_engineer,fist,-26,-201,43,0,26,1,1,0","rabbit_engineer,leg_up,-151,-108,-16.7,0,9,1,1,0","rabbit_engineer,leg_low,-177,-47,-18,0,15,1,1,0","rabbit_engineer,foot,-191,-9,-49.6,0,18,1,1,0","rabbit_engineer,leg_up,-108,-123,35.7,0,17,1,1,0","rabbit_engineer,leg_low,-84,-75,11.5,0,18,1,1,0","rabbit_engineer,foot,-80,-31,-32.5,0,20,1,1,0",,,"rabbit_engineer,ear,-154,-373,81,0,9,1,1,0","rabbit_engineer,ear_back,-124,-383,59,0,17,1,1,0","rabbit_engineer,tail,-174,-147,-39,0,11,1,1,0",,,,,,,,,,,,,,,,,,,,,,,,,,,,,,,,,,,,,"small_trebuchet,body,51,-286,0,0,4,1,1,0","small_trebuchet,arm_up,-164,-456,-36,0,6,1,1,0","small_trebuchet,arm_low,174,-511,2,0,5,1,1,0",,,,,,,"small_trebuchet,foot,-72,-32,0,0,2,1,1,0",,,"small_trebuchet,foot,174,-29,0,0,2,1,1,0",,,,,,,,,,,,,,,,,,,,,,,,,,,,,,,,,,,,,,,,,,,,,,,,,,
"Attack1/21","rabbit_engineer,head,-106,-317,-6,0,7,1,1,0","rabbit_engineer,neck,-117,-275,-10,0,9,1,1,0","rabbit_engineer,body,-123,-198,-4.5,0,10,1,1,0","rabbit_engineer,arm_up,-131,-239,-3,0,9,1,1,0","rabbit_engineer,arm_low,-119,-196,36,0,5,1,1,0","rabbit_engineer,fist,-89,-171,18,0,4,1,1,0","rabbit_engineer,arm_up,-96,-249,47,1,18,1,1,0","rabbit_engineer,arm_low,-64,-210,51,1,20,1,1,0","rabbit_engineer,fist,-46,-184,13,0,26,1,1,0","rabbit_engineer,leg_up,-150,-108,-16.7,0,9,1,1,0","rabbit_engineer,leg_low,-176,-47,-18,0,15,1,1,0","rabbit_engineer,foot,-190,-9,-49.6,0,18,1,1,0","rabbit_engineer,leg_up,-111,-123,31.7,0,17,1,1,0","rabbit_engineer,leg_low,-91,-75,11.5,0,18,1,1,0","rabbit_engineer,foot,-84,-31,-32.5,0,20,1,1,0",,,"rabbit_engineer,ear,-164,-374,79,0,9,1,1,0","rabbit_engineer,ear_back,-139,-383,57,0,17,1,1,0","rabbit_engineer,tail,-174,-144,-19,0,11,1,1,0",,,,,,,,,,,,,,,,,,,,,,,,,,,,,,,,,,,,,"small_trebuchet,body,51,-286,0,0,4,1,1,0","small_trebuchet,arm_up,-144,-397,-21,0,6,1,1,0","small_trebuchet,arm_low,141,-547,-8,0,5,1,1,0",,,,,,,"small_trebuchet,foot,-72,-32,0,0,2,1,1,0",,,"small_trebuchet,foot,174,-29,0,0,2,1,1,0",,,,,,,,,,,,,,,,,,,,,,,,,,,,,,,,,,,,,,,,,,,,,,,,,,
"Attack1/22","rabbit_engineer,head,-115,-315,-8,0,4,1,1,0","rabbit_engineer,neck,-125,-284,-3,0,6,1,1,0","rabbit_engineer,body,-124,-213,-0.5,0,7,1,1,0","rabbit_engineer,arm_up,-149,-241,-31,0,6,1,1,0","rabbit_engineer,arm_low,-166,-199,-23,0,6,1,1,0","rabbit_engineer,fist,-168,-158,-31,0,3,1,1,0","rabbit_engineer,arm_up,-102,-246,34,1,15,1,1,0","rabbit_engineer,arm_low,-80,-205,29,1,17,1,1,0","rabbit_engineer,fist,-68,-171,-6,0,23,1,1,0","rabbit_engineer,leg_up,-151,-113,-12.7,0,6,1,1,0","rabbit_engineer,leg_low,-175,-49,-15,0,12,1,1,0","rabbit_engineer,foot,-190,-9,-47.6,0,15,1,1,0","rabbit_engineer,leg_up,-109,-121,22.7,0,14,1,1,0","rabbit_engineer,leg_low,-95,-57,7.5,0,15,1,1,0","rabbit_engineer,foot,-95,-13,-36.5,0,17,1,1,0",,,"rabbit_engineer,ear,-160,-377,66,0,5,1,1,0","rabbit_engineer,ear_back,-134,-371,48,0,14,1,1,0","rabbit_engineer,tail,-171,-145,-15,0,8,1,1,0",,,,,,,,,,,,,,,,,,,,,,,,,,,,,,,,,,,,,"small_trebuchet,body,51,-286,0,0,4,1,1,0","small_trebuchet,arm_up,-74,-364,-3,0,6,1,1,0","small_trebuchet,arm_low,133,-575,0,0,5,1,1,0",,,,,,,"small_trebuchet,foot,-72,-32,0,0,2,1,1,0",,,"small_trebuchet,foot,174,-29,0,0,2,1,1,0",,,,,,,,,,,,,,,,,,,,,,,,,,,,,,,,,,,,,,,,,,,,,,,,,,
"Default/0","rabbit_engineer,head,-106,-319,-2,0,5,1,1,0","rabbit_engineer,neck,-115,-281,-1,0,7,1,1,0","rabbit_engineer,body,-114,-215,-1.5,0,8,1,1,0","rabbit_engineer,arm_up,-148,-250,-67,0,7,1,1,0","rabbit_engineer,arm_low,-185,-233,-82,0,10,1,1,0","rabbit_engineer,fist,-220,-217,-100,0,15,1,1,0","rabbit_engineer,arm_up,-80,-246,65,1,16,1,1,0","rabbit_engineer,arm_low,-39,-226,77,1,18,1,1,0","rabbit_engineer,fist,-9,-206,23,0,24,1,1,0","rabbit_engineer,leg_up,-139,-114,-17.7,0,7,1,1,0","rabbit_engineer,leg_low,-154,-56,6,0,13,1,1,0","rabbit_engineer,foot,-150,-9,-15.6,0,16,1,1,0","rabbit_engineer,leg_up,-104,-121,20.7,0,15,1,1,0","rabbit_engineer,leg_low,-81,-57,27.5,0,16,1,1,0","rabbit_engineer,foot,-59,-15,3.5,0,18,1,1,0",,,"rabbit_engineer,ear,-169,-371,85,0,6,1,1,0","rabbit_engineer,ear_back,-122,-378,52,0,15,1,1,0","rabbit_engineer,tail,-161,-145,-15,0,9,1,1,0",,,,,,,,,,,,,,,,,,,,,,,,,,,,,,,,,,,,,"small_trebuchet,body,51,-286,0,0,4,1,1,0","small_trebuchet,arm_up,-74,-364,-3,0,6,1,1,0","small_trebuchet,arm_low,133,-575,0,0,5,1,1,0",,,,,,,"small_trebuchet,foot,-72,-32,0,0,2,1,1,0",,,"small_trebuchet,foot,174,-29,0,0,2,1,1,0",,,,,,,,,,,,,,,,,,,,,,,,,,,,,,,,,,,,,,,,,,,,,,,,,,
"Die/0","rabbit_engineer,close,-162,-318,22,0,7,1,1,0","rabbit_engineer,neck,-157,-283,15,0,10,1,1,0","rabbit_engineer,body,-140,-211,8.5,0,10,1,1,0","rabbit_engineer,arm_up,-176,-239,-35,0,10,1,1,0","rabbit_engineer,arm_low,-194,-198,0,0,12,1,1,0","rabbit_engineer,fist,-185,-165,-14,0,17,1,1,0","rabbit_engineer,arm_up,-106,-256,100,1,18,1,1,0","rabbit_engineer,arm_low,-62,-266,133,1,20,1,1,0","rabbit_engineer,fist,-33,-285,168,1,26,1,1,0","rabbit_engineer,leg_up,-151,-128,-6.7,0,9,1,1,0","rabbit_engineer,leg_low,-167,-60,-18,0,15,1,1,0","rabbit_engineer,foot,-187,-20,-54.6,0,18,1,1,0","rabbit_engineer,leg_up,-105,-136,43.7,0,17,1,1,0","rabbit_engineer,leg_low,-65,-86,34.5,0,18,1,1,0","rabbit_engineer,foot,-46,-47,-16.5,0,20,1,1,0",,,"rabbit_engineer,ear,-242,-358,96,0,9,1,1,0","rabbit_engineer,ear_back,-210,-364,82,0,17,1,1,0","rabbit_engineer,tail,-181,-141,-5,0,11,1,1,0",,,,,,,,,,,,,,,,,,,,,,,,,,,,,,,,,,,,,"small_trebuchet,body,51,-296,10,0,4,1,1,0","small_trebuchet,arm_up,-144,-370,-9,0,6,1,1,0","small_trebuchet,arm_low,102,-540,40,0,5,1,1,0",,,,,,,"small_trebuchet,foot,-32,-22,0,0,2,1,1,0",,,"small_trebuchet,foot,204,-59,0,0,2,1,1,0",,,,,,,,,,,,,,,,,,,,,,,,,,,,,,,,,,,,,,,,,,,,,,,,,,
"Die/1","rabbit_engineer,close,-251,-294,53,0,6,1,1,0","rabbit_engineer,neck,-229,-266,42,0,9,1,1,0","rabbit_engineer,body,-184,-209,35.5,0,9,1,1,0","rabbit_engineer,arm_up,-228,-219,-8,0,9,1,1,0","rabbit_engineer,arm_low,-225,-172,7,0,11,1,1,0","rabbit_engineer,fist,-210,-140,-17,0,16,1,1,0","rabbit_engineer,arm_up,-172,-265,127,1,17,1,1,0","rabbit_engineer,arm_low,-139,-294,160,1,19,1,1,0","rabbit_engineer,fist,-119,-325,-170,1,25,1,1,0","rabbit_engineer,leg_up,-154,-130,20.3,0,8,1,1,0","rabbit_engineer,leg_low,-137,-64,9,0,14,1,1,0","rabbit_engineer,foot,-137,-18,-27.6,0,17,1,1,0","rabbit_engineer,leg_up,-118,-159,70.7,0,16,1,1,0","rabbit_engineer,leg_low,-59,-133,61.5,0,17,1,1,0","rabbit_engineer,foot,-26,-110,10.5,0,19,1,1,0",,,"rabbit_engineer,ear,-338,-283,133,0,8,1,1,0","rabbit_engineer,ear_back,-316,-306,119,0,16,1,1,0","rabbit_engineer,tail,-187,-129,22,0,10,1,1,0",,,,,,,,,,,,,,,,,,,,,,,,,,,,,,,,,,,,,"small_trebuchet,body,51,-296,11,0,4,1,1,0","small_trebuchet,arm_up,-179,-373,-13,0,6,1,1,0","small_trebuchet,arm_low,141,-575,60,0,5,1,1,0",,,,,,,"small_trebuchet,foot,-22,-22,0,0,2,1,1,0",,,"small_trebuchet,foot,214,-69,0,0,2,1,1,0",,,,,,,,,,,,,,,,,,,,,,,,,,,,,,,,,,,,,,,,,,,,,,,,"hold",,
"Die/2","rabbit_engineer,close,-342,-97,113,0,6,1,1,0","rabbit_engineer,neck,-306,-101,102,0,9,1,1,0","rabbit_engineer,body,-236,-111,95.5,0,9,1,1,0","rabbit_engineer,arm_up,-265,-78,52,0,9,1,1,0","rabbit_engineer,arm_low,-223,-58,67,0,11,1,1,0","rabbit_engineer,fist,-188,-56,43,0,16,1,1,0","rabbit_engineer,arm_up,-307,-149,-150,1,17,1,1,0","rabbit_engineer,arm_low,-331,-188,-120,1,19,1,1,0","rabbit_engineer,fist,-364,-205,-80,1,25,1,1,0","rabbit_engineer,leg_up,-149,-90,60.3,0,8,1,1,0","rabbit_engineer,leg_low,-93,-51,49,0,14,1,1,0","rabbit_engineer,foot,-66,-20,2.4,0,17,1,1,0","rabbit_engineer,leg_up,-169,-143,150.7,0,16,1,1,0","rabbit_engineer,leg_low,-126,-191,121.5,0,17,1,1,0","rabbit_engineer,foot,-90,-208,70.5,0,19,1,1,0",,,"rabbit_engineer,ear,-376,-15,-170,0,8,1,1,0","rabbit_engineer,ear_back,-384,-46,179,0,16,1,1,0","rabbit_engineer,tail,-167,-69,82,0,10,1,1,0",,,,,,,,,,,,,,,,,,,,,,,,,,,,,,,,,,,,,"small_trebuchet,body,32,-307,41,0,4,1,1,0","small_trebuchet,arm_up,-284,-248,17,0,6,1,1,0","small_trebuchet,arm_low,152,-563,90,0,5,1,1,0",,,,,,,"small_trebuchet,foot,26,-33,30,0,2,1,1,0",,,"small_trebuchet,foot,398,-192,30,0,2,1,1,0",,,,,,,,,,,,,,,,,,,,,,,,,,,,,,,,,,,,,,,,,,,,,,,,,,
"Die/3","rabbit_engineer,close,-330,5,139,0,4,1,1,0","rabbit_engineer,neck,-298,-12,122,0,7,1,1,0","rabbit_engineer,body,-236,-45,115.5,0,7,1,1,0","rabbit_engineer,arm_up,-252,-5,72,0,7,1,1,0","rabbit_engineer,arm_low,-205,0,87,0,9,1,1,0","rabbit_engineer,fist,-171,-10,63,0,14,1,1,0","rabbit_engineer,arm_up,-315,-47,-100,1,15,1,1,0","rabbit_engineer,arm_low,-361,-55,-80,1,17,1,1,0","rabbit_engineer,fist,-398,-50,-30,1,23,1,1,0","rabbit_engineer,leg_up,-146,-56,80.3,0,6,1,1,0","rabbit_engineer,leg_low,-80,-38,69,0,12,1,1,0","rabbit_engineer,foot,-45,-18,22.4,0,15,1,1,0","rabbit_engineer,leg_up,-183,-98,170.7,0,14,1,1,0","rabbit_engineer,leg_low,-159,-158,141.5,0,15,1,1,0","rabbit_engineer,foot,-131,-187,90.5,0,17,1,1,0",,,"rabbit_engineer,ear,-312,91,-140,0,6,1,1,0","rabbit_engineer,ear_back,-334,68,-160,0,14,1,1,0","rabbit_engineer,tail,-157,-30,102,0,8,1,1,0",,,,,,,,,,,,,,,,,,,,,,,,,,,,,,,,,,,,,"small_trebuchet,body,22,-247,71,0,4,1,1,0","small_trebuchet,arm_up,-335,-248,57,0,6,1,1,0","small_trebuchet,arm_low,211,-563,50,0,5,1,1,0",,,,,,,"small_trebuchet,foot,-34,-23,120,0,2,1,1,0",,,"small_trebuchet,foot,468,-172,-60,0,2,1,1,0",,,,,,,,,,,,,,,,,,,,,,,,,,,,,,,,,,,,,,,,,,,,,,,,,,
"Die/4","rabbit_engineer,close,-329,5,142,0,4,1,1,0","rabbit_engineer,neck,-298,-12,122,0,7,1,1,0","rabbit_engineer,body,-236,-20,95.5,0,7,1,1,0","rabbit_engineer,arm_up,-255,-4,72,0,7,1,1,0","rabbit_engineer,arm_low,-215,-5,127,0,1,1,1,0","rabbit_engineer,fist,-194,-35,123,0,6,1,1,0","rabbit_engineer,arm_up,-315,-27,-100,1,15,1,1,0","rabbit_engineer,arm_low,-361,-35,-80,1,17,1,1,0","rabbit_engineer,fist,-398,-30,-30,1,23,1,1,0","rabbit_engineer,leg_up,-137,-15,92.3,0,6,1,1,0","rabbit_engineer,leg_low,-69,-11,81,0,12,1,1,0","rabbit_engineer,foot,-32,1,34.4,0,15,1,1,0","rabbit_engineer,leg_up,-173,-58,170.7,0,14,1,1,0","rabbit_engineer,leg_low,-149,-118,141.5,0,15,1,1,0","rabbit_engineer,foot,-121,-147,90.5,0,17,1,1,0",,,"rabbit_engineer,ear,-310,91,-133,0,6,1,1,0","rabbit_engineer,ear_back,-332,68,-153,0,14,1,1,0","rabbit_engineer,tail,-157,20,102,0,8,1,1,0",,,,,,,,,,,,,,,,,,,,,,,,,,,,,,,,,,,,,"small_trebuchet,body,22,-137,101,0,4,1,1,0","small_trebuchet,arm_up,-335,-198,107,0,6,1,1,0","small_trebuchet,arm_low,429,-472,-70,0,5,1,1,0",,,,,,,"small_trebuchet,foot,-114,-23,-140,0,2,1,1,0",,,"small_trebuchet,foot,559,-132,-150,0,2,1,1,0",,,,,,,,,,,,,,,,,,,,,,,,,,,,,,,,,,,,,,,,,,,,,,,,,,
"Die/5","rabbit_engineer,close,-329,5,142,0,4,1,1,0","rabbit_engineer,neck,-298,-9,104,0,7,1,1,0","rabbit_engineer,body,-236,-20,95.5,0,7,1,1,0","rabbit_engineer,arm_up,-257,-2,58,0,7,1,1,0","rabbit_engineer,arm_low,-218,8,113,0,1,1,1,0","rabbit_engineer,fist,-192,-13,109,0,6,1,1,0","rabbit_engineer,arm_up,-317,-11,-80,1,15,1,1,0","rabbit_engineer,arm_low,-363,-3,-60,1,17,1,1,0","rabbit_engineer,fist,-396,14,-10,1,23,1,1,0","rabbit_engineer,leg_up,-125,-9,80.3,0,10,1,1,0","rabbit_engineer,leg_low,-59,9,69,0,16,1,1,0","rabbit_engineer,foot,-24,29,22.4,0,19,1,1,0","rabbit_engineer,leg_up,-153,-48,140.7,0,14,1,1,0","rabbit_engineer,leg_low,-106,-72,80,0,15,1,1,0","rabbit_engineer,foot,-68,-53,20.5,0,17,1,1,0",,,"rabbit_engineer,ear,-310,91,-133,0,6,1,1,0","rabbit_engineer,ear_back,-332,68,-153,0,14,1,1,0","rabbit_engineer,tail,-157,20,102,0,8,1,1,0",,,,,,,,,,,,,,,,,,,,,,,,,,,,,,,,,,,,,"small_trebuchet,body,22,-117,81,0,4,1,1,0","small_trebuchet,arm_up,-365,-198,137,0,6,1,1,0","small_trebuchet,arm_low,574,-324,-130,0,5,1,1,0",,,,,,,"small_trebuchet,foot,-164,-23,-20,0,2,1,1,0",,,"small_trebuchet,foot,630,-98,100,0,2,1,1,0",,,,,,,,,,,,,,,,,,,,,,,,,,,,,,,,,,,,,,,,,,,,,,,,,,
"Die/6","rabbit_engineer,close,-329,5,142,0,8,1,1,0","rabbit_engineer,neck,-298,-9,104,0,11,1,1,0","rabbit_engineer,body,-236,-20,95.5,0,11,1,1,0","rabbit_engineer,arm_up,-257,-2,58,0,11,1,1,0","rabbit_engineer,arm_low,-218,7,93,0,7,1,1,0","rabbit_engineer,fist,-192,-13,109,0,10,1,1,0","rabbit_engineer,arm_up,-317,-11,-80,1,19,1,1,0","rabbit_engineer,arm_low,-363,-3,-60,1,21,1,1,0","rabbit_engineer,fist,-396,14,-10,1,27,1,1,0","rabbit_engineer,leg_up,-125,-9,80.3,0,10,1,1,0","rabbit_engineer,leg_low,-59,9,69,0,16,1,1,0","rabbit_engineer,foot,-24,29,22.4,0,19,1,1,0","rabbit_engineer,leg_up,-152,-40,110.7,0,18,1,1,0","rabbit_engineer,leg_low,-101,-36,46,0,19,1,1,0","rabbit_engineer,foot,-75,-2,-9.5,0,21,1,1,0",,,"rabbit_engineer,ear,-310,91,-133,0,10,1,1,0","rabbit_engineer,ear_back,-332,68,-153,0,18,1,1,0","rabbit_engineer,tail,-157,20,102,0,12,1,1,0",,,,,,,,,,,,,,,,,,,,,,,,,,,,,,,,,,,,,"small_trebuchet,body,22,-97,101,0,4,1,1,0","small_trebuchet,arm_up,-365,-188,107,0,6,1,1,0","small_trebuchet,arm_low,680,-170,140,0,5,1,1,0",,,,,,,"small_trebuchet,foot,-254,-23,60,0,2,1,1,0",,,"small_trebuchet,foot,694,-36,0,0,2,1,1,0",,,,,,,,,,,,,,,,,,,,,,,,,,,,,,,,,,,,,,,,,,,,,,,,,,
"Die/7","rabbit_engineer,close,-329,5,142,0,8,1,1,0","rabbit_engineer,neck,-298,-9,104,0,11,1,1,0","rabbit_engineer,body,-236,-20,95.5,0,11,1,1,0","rabbit_engineer,arm_up,-257,-2,58,0,11,1,1,0","rabbit_engineer,arm_low,-218,10,73,0,7,1,1,0","rabbit_engineer,fist,-182,17,39,0,10,1,1,0","rabbit_engineer,arm_up,-317,-11,-80,1,19,1,1,0","rabbit_engineer,arm_low,-363,-3,-60,1,21,1,1,0","rabbit_engineer,fist,-396,14,-10,1,27,1,1,0","rabbit_engineer,leg_up,-125,-9,80.3,0,10,1,1,0","rabbit_engineer,leg_low,-59,9,69,0,16,1,1,0","rabbit_engineer,foot,-24,29,22.4,0,19,1,1,0","rabbit_engineer,leg_up,-152,-40,110.7,0,18,1,1,0","rabbit_engineer,leg_low,-101,-36,46,0,19,1,1,0","rabbit_engineer,foot,-75,-2,-9.5,0,21,1,1,0",,,"rabbit_engineer,ear,-310,91,-133,0,10,1,1,0","rabbit_engineer,ear_back,-332,68,-153,0,18,1,1,0","rabbit_engineer,tail,-157,20,102,0,12,1,1,0",,,,,,,,,,,,,,,,,,,,,,,,,,,,,,,,,,,,,"small_trebuchet,body,22,-86,83,0,4,1,1,0","small_trebuchet,arm_up,-365,-108,117,0,6,1,1,0","small_trebuchet,arm_low,690,-44,70,0,5,1,1,0",,,,,,,"small_trebuchet,foot,-314,-23,150,0,2,1,1,0",,,"small_trebuchet,foot,784,-16,-90,0,2,1,1,0",,,,,,,,,,,,,,,,,,,,,,,,,,,,,,,,,,,,,,,,,,,,,,,,,,
"Die/8","rabbit_engineer,close,-329,5,142,0,8,1,1,0","rabbit_engineer,neck,-298,-9,104,0,11,1,1,0","rabbit_engineer,body,-236,-20,95.5,0,11,1,1,0","rabbit_engineer,arm_up,-257,-2,58,0,11,1,1,0","rabbit_engineer,arm_low,-218,10,73,0,7,1,1,0","rabbit_engineer,fist,-182,17,39,0,10,1,1,0","rabbit_engineer,arm_up,-317,-11,-80,1,19,1,1,0","rabbit_engineer,arm_low,-363,-3,-60,1,21,1,1,0","rabbit_engineer,fist,-396,14,-10,1,27,1,1,0","rabbit_engineer,leg_up,-125,-9,80.3,0,10,1,1,0","rabbit_engineer,leg_low,-59,9,69,0,16,1,1,0","rabbit_engineer,foot,-24,29,22.4,0,19,1,1,0","rabbit_engineer,leg_up,-152,-40,110.7,0,18,1,1,0","rabbit_engineer,leg_low,-101,-36,46,0,19,1,1,0","rabbit_engineer,foot,-75,-2,-9.5,0,21,1,1,0",,,"rabbit_engineer,ear,-310,91,-133,0,10,1,1,0","rabbit_engineer,ear_back,-332,68,-153,0,18,1,1,0","rabbit_engineer,tail,-157,20,102,0,12,1,1,0",,,,,,,,,,,,,,,,,,,,,,,,,,,,,,,,,,,,,"small_trebuchet,body,22,-46,93,0,4,1,1,0","small_trebuchet,arm_up,-365,10,118,0,6,1,1,0","small_trebuchet,arm_low,690,-38,100,0,5,1,1,0",,,,,,,"small_trebuchet,foot,-384,-23,-120,0,2,1,1,0",,,"small_trebuchet,foot,873,-21,-180,0,2,1,1,0",,,,,,,,,,,,,,,,,,,,,,,,,,,,,,,,,,,,,,,,,,,,,,,,,,
"Die/9","rabbit_engineer,close,-329,5,142,0,8,1,1,0","rabbit_engineer,neck,-298,-9,104,0,11,1,1,0","rabbit_engineer,body,-236,-20,95.5,0,11,1,1,0","rabbit_engineer,arm_up,-257,-2,58,0,11,1,1,0","rabbit_engineer,arm_low,-218,10,73,0,7,1,1,0","rabbit_engineer,fist,-182,17,39,0,10,1,1,0","rabbit_engineer,arm_up,-317,-11,-80,1,19,1,1,0","rabbit_engineer,arm_low,-363,-3,-60,1,21,1,1,0","rabbit_engineer,fist,-396,14,-10,1,27,1,1,0","rabbit_engineer,leg_up,-125,-9,80.3,0,10,1,1,0","rabbit_engineer,leg_low,-59,9,69,0,16,1,1,0","rabbit_engineer,foot,-24,29,22.4,0,19,1,1,0","rabbit_engineer,leg_up,-152,-40,110.7,0,18,1,1,0","rabbit_engineer,leg_low,-101,-36,46,0,19,1,1,0","rabbit_engineer,foot,-75,-2,-9.5,0,21,1,1,0",,,"rabbit_engineer,ear,-310,91,-133,0,10,1,1,0","rabbit_engineer,ear_back,-332,68,-153,0,18,1,1,0","rabbit_engineer,tail,-157,20,102,0,12,1,1,0",,,,,,,,,,,,,,,,,,,,,,,,,,,,,,,,,,,,,"small_trebuchet,body,22,-44,91,0,4,1,1,0","small_trebuchet,arm_up,-365,10,118,0,6,1,1,0","small_trebuchet,arm_low,690,-18,91,0,5,1,1,0",,,,,,,"small_trebuchet,foot,-424,-23,-70,0,2,1,1,0",,,"small_trebuchet,foot,923,-21,40,0,2,1,1,0",,,,,,,,,,,,,,,,,,,,,,,,,,,,,,,,,,,,,,,,,,,,,,,,,,
"Idle/0","rabbit_engineer,head,-114,-315,-10,0,4,1,1,0","rabbit_engineer,neck,-125,-284,-3,0,6,1,1,0","rabbit_engineer,body,-124,-215,-1.5,0,7,1,1,0","rabbit_engineer,arm_up,-147,-240,-30,0,6,1,1,0","rabbit_engineer,arm_low,-163,-198,-22,0,6,1,1,0","rabbit_engineer,fist,-164,-157,-30,0,3,1,1,0","rabbit_engineer,arm_up,-100,-246,35,1,15,1,1,0","rabbit_engineer,arm_low,-77,-206,30,1,17,1,1,0","rabbit_engineer,fist,-65,-172,-5,0,23,1,1,0","rabbit_engineer,leg_up,-151,-114,-13.7,0,6,1,1,0","rabbit_engineer,leg_low,-175,-51,-14,0,12,1,1,0","rabbit_engineer,foot,-190,-9,-45.6,0,15,1,1,0","rabbit_engineer,leg_up,-109,-121,22.7,0,14,1,1,0","rabbit_engineer,leg_low,-95,-57,7.5,0,15,1,1,0","rabbit_engineer,foot,-95,-13,-36.5,0,17,1,1,0",,,"rabbit_engineer,ear,-158,-378,65,0,5,1,1,0","rabbit_engineer,ear_back,-133,-372,47,0,14,1,1,0","rabbit_engineer,tail,-171,-145,-15,0,8,1,1,0",,,,,,,,,,,,,,,,,,,,,,,,,,,,,,,,,,,,,"small_trebuchet,body,51,-286,0,0,4,1,1,0","small_trebuchet,arm_up,-74,-364,-3,0,6,1,1,0","small_trebuchet,arm_low,133,-575,0,0,5,1,1,0",,,,,,,"small_trebuchet,foot,-72,-32,0,0,2,1,1,0",,,"small_trebuchet,foot,174,-29,0,0,2,1,1,0",,,,,,,,,,,,,,,,,,,,,,,,,,,,,,,,,,,,,,,,,,,,,,,,"play_time_mod_2",,
"Idle/1","rabbit_engineer,head,-115,-315,-8,0,4,1,1,0","rabbit_engineer,neck,-125,-284,-3,0,6,1,1,0","rabbit_engineer,body,-124,-213,-0.5,0,7,1,1,0","rabbit_engineer,arm_up,-149,-241,-31,0,6,1,1,0","rabbit_engineer,arm_low,-166,-199,-23,0,6,1,1,0","rabbit_engineer,fist,-168,-158,-31,0,3,1,1,0","rabbit_engineer,arm_up,-102,-246,34,1,15,1,1,0","rabbit_engineer,arm_low,-80,-205,29,1,17,1,1,0","rabbit_engineer,fist,-68,-171,-6,0,23,1,1,0","rabbit_engineer,leg_up,-151,-113,-12.7,0,6,1,1,0","rabbit_engineer,leg_low,-175,-49,-15,0,12,1,1,0","rabbit_engineer,foot,-190,-9,-47.6,0,15,1,1,0","rabbit_engineer,leg_up,-109,-121,22.7,0,14,1,1,0","rabbit_engineer,leg_low,-95,-57,7.5,0,15,1,1,0","rabbit_engineer,foot,-95,-13,-36.5,0,17,1,1,0",,,"rabbit_engineer,ear,-160,-377,66,0,5,1,1,0","rabbit_engineer,ear_back,-134,-371,48,0,14,1,1,0","rabbit_engineer,tail,-171,-145,-15,0,8,1,1,0",,,,,,,,,,,,,,,,,,,,,,,,,,,,,,,,,,,,,"small_trebuchet,body,51,-286,0,0,4,1,1,0","small_trebuchet,arm_up,-74,-364,-3,0,6,1,1,0","small_trebuchet,arm_low,133,-575,0,0,5,1,1,0",,,,,,,"small_trebuchet,foot,-72,-32,0,0,2,1,1,0",,,"small_trebuchet,foot,174,-29,0,0,2,1,1,0",,,,,,,,,,,,,,,,,,,,,,,,,,,,,,,,,,,,,,,,,,,,,,,,"play_time_mod_1.5",,
"Idle/2","rabbit_engineer,head,-118,-311,-5,0,5,1,1,0","rabbit_engineer,neck,-127,-284,-2,0,7,1,1,0","rabbit_engineer,body,-124,-210,0.5,0,8,1,1,0","rabbit_engineer,arm_up,-151,-239,-32,0,7,1,1,0","rabbit_engineer,arm_low,-169,-197,-24,0,7,1,1,0","rabbit_engineer,fist,-172,-156,-32,0,4,1,1,0","rabbit_engineer,arm_up,-104,-243,33,1,16,1,1,0","rabbit_engineer,arm_low,-83,-201,28,1,18,1,1,0","rabbit_engineer,fist,-72,-167,-7,0,24,1,1,0","rabbit_engineer,leg_up,-151,-111,-13.7,0,7,1,1,0","rabbit_engineer,leg_low,-175,-47,-18,0,13,1,1,0","rabbit_engineer,foot,-190,-9,-49.6,0,16,1,1,0","rabbit_engineer,leg_up,-109,-121,22.7,0,15,1,1,0","rabbit_engineer,leg_low,-95,-57,7.5,0,16,1,1,0","rabbit_engineer,foot,-95,-13,-36.5,0,18,1,1,0",,,"rabbit_engineer,ear,-164,-371,68,0,6,1,1,0","rabbit_engineer,ear_back,-138,-365,50,0,15,1,1,0","rabbit_engineer,tail,-171,-143,-13,0,9,1,1,0",,,,,,,,,,,,,,,,,,,,,,,,,,,,,,,,,,,,,"small_trebuchet,body,51,-286,0,0,4,1,1,0","small_trebuchet,arm_up,-74,-364,-3,0,6,1,1,0","small_trebuchet,arm_low,133,-575,0,0,5,1,1,0",,,,,,,"small_trebuchet,foot,-72,-32,0,0,2,1,1,0",,,"small_trebuchet,foot,174,-29,0,0,2,1,1,0",,,,,,,,,,,,,,,,,,,,,,,,,,,,,,,,,,,,,,,,,,,,,,,,,,
"Idle/3","rabbit_engineer,head,-120,-311,-4,0,5,1,1,0","rabbit_engineer,neck,-127,-284,-2,0,7,1,1,0","rabbit_engineer,body,-124,-210,0.5,0,8,1,1,0","rabbit_engineer,arm_up,-151,-238,-32,0,7,1,1,0","rabbit_engineer,arm_low,-169,-196,-24,0,7,1,1,0","rabbit_engineer,fist,-172,-155,-32,0,4,1,1,0","rabbit_engineer,arm_up,-104,-242,33,1,16,1,1,0","rabbit_engineer,arm_low,-83,-200,28,1,18,1,1,0","rabbit_engineer,fist,-72,-166,-7,0,24,1,1,0","rabbit_engineer,leg_up,-151,-111,-13.7,0,7,1,1,0","rabbit_engineer,leg_low,-175,-47,-18,0,13,1,1,0","rabbit_engineer,foot,-190,-9,-49.6,0,16,1,1,0","rabbit_engineer,leg_up,-109,-121,22.7,0,15,1,1,0","rabbit_engineer,leg_low,-95,-57,7.5,0,16,1,1,0","rabbit_engineer,foot,-95,-13,-36.5,0,18,1,1,0",,,"rabbit_engineer,ear,-167,-370,69,0,6,1,1,0","rabbit_engineer,ear_back,-141,-364,51,0,15,1,1,0","rabbit_engineer,tail,-171,-143,-13,0,9,1,1,0",,,,,,,,,,,,,,,,,,,,,,,,,,,,,,,,,,,,,"small_trebuchet,body,51,-286,0,0,4,1,1,0","small_trebuchet,arm_up,-74,-364,-3,0,6,1,1,0","small_trebuchet,arm_low,133,-575,0,0,5,1,1,0",,,,,,,"small_trebuchet,foot,-72,-32,0,0,2,1,1,0",,,"small_trebuchet,foot,174,-29,0,0,2,1,1,0",,,,,,,,,,,,,,,,,,,,,,,,,,,,,,,,,,,,,,,,,,,,,,,,"play_time_mod_1.5",,
"Idle/4","rabbit_engineer,head,-122,-311,-3,0,5,1,1,0","rabbit_engineer,neck,-129,-284,-1,0,7,1,1,0","rabbit_engineer,body,-125,-209,1.5,0,8,1,1,0","rabbit_engineer,arm_up,-152,-237,-32,0,7,1,1,0","rabbit_engineer,arm_low,-170,-195,-24,0,7,1,1,0","rabbit_engineer,fist,-173,-154,-32,0,4,1,1,0","rabbit_engineer,arm_up,-105,-241,33,1,16,1,1,0","rabbit_engineer,arm_low,-84,-199,28,1,18,1,1,0","rabbit_engineer,fist,-73,-165,-7,0,24,1,1,0","rabbit_engineer,leg_up,-151,-110,-14.7,0,7,1,1,0","rabbit_engineer,leg_low,-176,-47,-19,0,13,1,1,0","rabbit_engineer,foot,-191,-9,-44.6,0,16,1,1,0","rabbit_engineer,leg_up,-109,-121,22.7,0,15,1,1,0","rabbit_engineer,leg_low,-95,-57,7.5,0,16,1,1,0","rabbit_engineer,foot,-95,-13,-36.5,0,18,1,1,0",,,"rabbit_engineer,ear,-170,-370,70,0,6,1,1,0","rabbit_engineer,ear_back,-144,-364,52,0,15,1,1,0","rabbit_engineer,tail,-171,-143,-13,0,9,1,1,0",,,,,,,,,,,,,,,,,,,,,,,,,,,,,,,,,,,,,"small_trebuchet,body,51,-286,0,0,4,1,1,0","small_trebuchet,arm_up,-74,-364,-3,0,6,1,1,0","small_trebuchet,arm_low,133,-575,0,0,5,1,1,0",,,,,,,"small_trebuchet,foot,-72,-32,0,0,2,1,1,0",,,"small_trebuchet,foot,174,-29,0,0,2,1,1,0",,,,,,,,,,,,,,,,,,,,,,,,,,,,,,,,,,,,,,,,,,,,,,,,"play_time_mod_2",,
"Idle/5","rabbit_engineer,head,-118,-311,-5,0,5,1,1,0","rabbit_engineer,neck,-127,-284,-2,0,7,1,1,0","rabbit_engineer,body,-124,-210,0.5,0,8,1,1,0","rabbit_engineer,arm_up,-151,-239,-32,0,7,1,1,0","rabbit_engineer,arm_low,-169,-197,-24,0,7,1,1,0","rabbit_engineer,fist,-172,-156,-32,0,4,1,1,0","rabbit_engineer,arm_up,-104,-243,33,1,16,1,1,0","rabbit_engineer,arm_low,-83,-201,28,1,18,1,1,0","rabbit_engineer,fist,-72,-167,-7,0,24,1,1,0","rabbit_engineer,leg_up,-151,-111,-13.7,0,7,1,1,0","rabbit_engineer,leg_low,-175,-47,-18,0,13,1,1,0","rabbit_engineer,foot,-190,-9,-49.6,0,16,1,1,0","rabbit_engineer,leg_up,-109,-121,22.7,0,15,1,1,0","rabbit_engineer,leg_low,-95,-57,7.5,0,16,1,1,0","rabbit_engineer,foot,-95,-13,-36.5,0,18,1,1,0",,,"rabbit_engineer,ear,-164,-371,68,0,6,1,1,0","rabbit_engineer,ear_back,-138,-365,50,0,15,1,1,0","rabbit_engineer,tail,-171,-143,-13,0,9,1,1,0",,,,,,,,,,,,,,,,,,,,,,,,,,,,,,,,,,,,,"small_trebuchet,body,51,-286,0,0,4,1,1,0","small_trebuchet,arm_up,-74,-364,-3,0,6,1,1,0","small_trebuchet,arm_low,133,-575,0,0,5,1,1,0",,,,,,,"small_trebuchet,foot,-72,-32,0,0,2,1,1,0",,,"small_trebuchet,foot,174,-29,0,0,2,1,1,0",,,,,,,,,,,,,,,,,,,,,,,,,,,,,,,,,,,,,,,,,,,,,,,,"play_time_mod_1.2",,
"Idle/6","rabbit_engineer,head,-115,-315,-8,0,4,1,1,0","rabbit_engineer,neck,-125,-284,-3,0,6,1,1,0","rabbit_engineer,body,-124,-213,-0.5,0,7,1,1,0","rabbit_engineer,arm_up,-149,-241,-31,0,6,1,1,0","rabbit_engineer,arm_low,-166,-199,-23,0,6,1,1,0","rabbit_engineer,fist,-168,-158,-31,0,3,1,1,0","rabbit_engineer,arm_up,-102,-246,34,1,15,1,1,0","rabbit_engineer,arm_low,-80,-205,29,1,17,1,1,0","rabbit_engineer,fist,-68,-171,-6,0,23,1,1,0","rabbit_engineer,leg_up,-151,-113,-12.7,0,6,1,1,0","rabbit_engineer,leg_low,-175,-49,-15,0,12,1,1,0","rabbit_engineer,foot,-190,-9,-47.6,0,15,1,1,0","rabbit_engineer,leg_up,-109,-121,22.7,0,14,1,1,0","rabbit_engineer,leg_low,-95,-57,7.5,0,15,1,1,0","rabbit_engineer,foot,-95,-13,-36.5,0,17,1,1,0",,,"rabbit_engineer,ear,-160,-377,66,0,5,1,1,0","rabbit_engineer,ear_back,-134,-371,48,0,14,1,1,0","rabbit_engineer,tail,-171,-145,-15,0,8,1,1,0",,,,,,,,,,,,,,,,,,,,,,,,,,,,,,,,,,,,,"small_trebuchet,body,51,-286,0,0,4,1,1,0","small_trebuchet,arm_up,-74,-364,-3,0,6,1,1,0","small_trebuchet,arm_low,133,-575,0,0,5,1,1,0",,,,,,,"small_trebuchet,foot,-72,-32,0,0,2,1,1,0",,,"small_trebuchet,foot,174,-29,0,0,2,1,1,0",,,,,,,,,,,,,,,,,,,,,,,,,,,,,,,,,,,,,,,,,,,,,,,,,,
"Run/0","rabbit_engineer,head,-75,-309,-24,0,6,1,1,0","rabbit_engineer,neck,-100,-274,-18,0,8,1,1,0","rabbit_engineer,body,-117,-201,-13.5,0,9,1,1,0","rabbit_engineer,arm_up,-92,-259,60,0,8,1,1,0","rabbit_engineer,arm_low,-34,-247,91,0,8,1,1,0","rabbit_engineer,fist,6,-257,130,1,5,1,1,0","rabbit_engineer,arm_up,-62,-247,108,1,17,1,1,0","rabbit_engineer,arm_low,-17,-254,108,1,19,1,1,0","rabbit_engineer,fist,21,-240,51,0,25,1,1,0","rabbit_engineer,leg_up,-160,-117,-22.7,0,8,1,1,0","rabbit_engineer,leg_low,-198,-66,-55,0,14,1,1,0","rabbit_engineer,foot,-241,-38,-83.6,0,17,1,1,0","rabbit_engineer,leg_up,-105,-116,36.7,0,16,1,1,0","rabbit_engineer,leg_low,-82,-58,2.5,0,17,1,1,0","rabbit_engineer,foot,-85,-17,-34.5,0,19,1,1,0",,,"rabbit_engineer,ear,-101,-385,51,0,8,1,1,0","rabbit_engineer,ear_back,-78,-370,29,0,16,1,1,0","rabbit_engineer,tail,-170,-148,-18,0,10,1,1,0",,,,,,,,,,,,,,,,,,,,,,,,,,,,,,,,,,,,,"small_trebuchet,body,51,-286,0,0,4,1,1,0","small_trebuchet,arm_up,-74,-364,-3,0,6,1,1,0","small_trebuchet,arm_low,133,-575,0,0,5,1,1,0",,,,,,,"small_trebuchet,foot,-72,-32,-20,0,2,1,1,0",,,"small_trebuchet,foot,174,-29,-20,0,2,1,1,0",,,,,,,,,,,,,,,,,,,,,,,,,,,,,,,,,,,,,,,,,,,,,,,,,"play_time_mod_0.8",
"Run/1","rabbit_engineer,head,-76,-313,-25,0,7,1,1,0","rabbit_engineer,neck,-101,-276,-18,0,9,1,1,0","rabbit_engineer,body,-119,-205,-15.5,0,10,1,1,0","rabbit_engineer,arm_up,-87,-258,65,0,8,1,1.2,0","rabbit_engineer,arm_low,-32,-249,89,0,8,1,1,0","rabbit_engineer,fist,6,-257,128,1,5,1,1,0","rabbit_engineer,arm_up,-64,-245,106,1,17,1,1,0","rabbit_engineer,arm_low,-19,-252,106,1,19,1,1,0","rabbit_engineer,fist,21,-240,51,0,25,1,1,0","rabbit_engineer,leg_up,-152,-118,-7.7,0,9,1,1,0","rabbit_engineer,leg_low,-180,-66,-53,0,15,1,1,0","rabbit_engineer,foot,-220,-48,-93.6,0,18,1,1,0","rabbit_engineer,leg_up,-123,-116,16.7,0,17,1,1,0","rabbit_engineer,leg_low,-117,-58,-1.5,0,18,1,1,0","rabbit_engineer,foot,-119,-17,-38.5,0,20,1,1,0",,,"rabbit_engineer,ear,-106,-387,50,0,8,1,1,0","rabbit_engineer,ear_back,-82,-375,33,0,17,1,1,0","rabbit_engineer,tail,-174,-153,-20,0,11,1,1,0",,,,,,,,,,,,,,,,,,,,,,,,,,,,,,,,,,,,,"small_trebuchet,body,51,-286,0,0,4,1,1,0","small_trebuchet,arm_up,-78,-367,-4,0,6,1,1,0","small_trebuchet,arm_low,135,-573,1,0,5,1,1,0",,,,,,,"small_trebuchet,foot,-72,-32,-30,0,2,1,1,0",,,"small_trebuchet,foot,174,-29,-30,0,2,1,1,0",,,,,,,,,,,,,,,,,,,,,,,,,,,,,,,,,,,,,,,,,,,,,,,,,"play_time_mod_0.8",
"Run/2","rabbit_engineer,head,-82,-309,-23,0,6,1,1,0","rabbit_engineer,neck,-100,-278,-25,0,8,1,1,0","rabbit_engineer,body,-120,-204,-13.5,0,9,1,1,0","rabbit_engineer,arm_up,-84,-252,64,0,8,1,1.2,0","rabbit_engineer,arm_low,-32,-247,94,0,8,1,1,0","rabbit_engineer,fist,6,-257,124,1,5,1,1,0","rabbit_engineer,arm_up,-63,-239,105,1,17,1,1,0","rabbit_engineer,arm_low,-18,-246,105,1,19,1,1,0","rabbit_engineer,fist,21,-240,51,0,25,1,1,0","rabbit_engineer,leg_up,-127,-116,23.3,0,8,1,1,0","rabbit_engineer,leg_low,-135,-73,-53,0,14,1,1,0","rabbit_engineer,foot,-177,-52,-93,0,17,1,1,0","rabbit_engineer,leg_up,-137,-116,-3.3,0,16,1,1,0","rabbit_engineer,leg_low,-140,-58,-8.5,0,17,1,1,0","rabbit_engineer,foot,-153,-15,-45.5,0,19,1,1,0",,,"rabbit_engineer,ear,-114,-381,51,0,7,1,1,0","rabbit_engineer,ear_back,-90,-372,34,0,16,1,1,0","rabbit_engineer,tail,-172,-149,-18,0,10,1,1,0",,,,,,,,,,,,,,,,,,,,,,,,,,,,,,,,,,,,,"small_trebuchet,body,51,-286,0,0,4,1,1,0","small_trebuchet,arm_up,-81,-372,-6,0,6,1,1,0","small_trebuchet,arm_low,143,-571,0,0,5,1,1,0",,,,,,,"small_trebuchet,foot,-72,-32,-60,0,2,1,1,0",,,"small_trebuchet,foot,174,-29,-60,0,2,1,1,0",,,,,,,,,,,,,,,,,,,,,,,,,,,,,,,,,,,,,,,,,,,,,,,,,"play_time_mod_0.8",
"Run/3","rabbit_engineer,head,-73,-301,-24,0,7,1,1,0","rabbit_engineer,neck,-95,-272,-26,0,9,1,1,0","rabbit_engineer,body,-114,-200,-14.5,0,10,1,1,0","rabbit_engineer,arm_up,-84,-249,66,0,8,1,1.2,0","rabbit_engineer,arm_low,-33,-246,94,0,8,1,1,0","rabbit_engineer,fist,6,-257,127,1,5,1,1,0","rabbit_engineer,arm_up,-62,-237,106,1,17,1,1,0","rabbit_engineer,arm_low,-17,-245,106,1,19,1,1,0","rabbit_engineer,fist,21,-240,51,0,25,1,1,0","rabbit_engineer,leg_up,-112,-127,52.3,0,9,1,1,0","rabbit_engineer,leg_low,-93,-87,-23,0,15,1,1,0","rabbit_engineer,foot,-118,-51,-83.6,0,18,1,1,0","rabbit_engineer,leg_up,-140,-116,-23.3,0,17,1,1,0","rabbit_engineer,leg_low,-168,-57,-20.5,0,18,1,1,0","rabbit_engineer,foot,-184,-15,-45.5,0,20,1,1,0",,,"rabbit_engineer,ear,-104,-373,50,0,8,1,1,0","rabbit_engineer,ear_back,-80,-364,33,0,17,1,1,0","rabbit_engineer,tail,-167,-146,-19,0,11,1,1,0",,,,,,,,,,,,,,,,,,,,,,,,,,,,,,,,,,,,,"small_trebuchet,body,51,-286,0,0,4,1,1,0","small_trebuchet,arm_up,-83,-374,-7,0,6,1,1,0","small_trebuchet,arm_low,145,-569,-1,0,5,1,1,0",,,,,,,"small_trebuchet,foot,-72,-32,-90,0,2,1,1,0",,,"small_trebuchet,foot,174,-29,-90,0,2,1,1,0",,,,,,,,,,,,,,,,,,,,,,,,,,,,,,,,,,,,,,,,,,,,,,,,,"play_time_mod_0.8",
"Run/4","rabbit_engineer,head,-69,-285,-28,0,7,1,1,0","rabbit_engineer,neck,-94,-257,-21,0,9,1,1,0","rabbit_engineer,body,-113,-189,-15.5,0,10,1,1,0","rabbit_engineer,arm_up,-86,-246,66,0,8,1,1.2,0","rabbit_engineer,arm_low,-32,-243,97,0,8,1,1,0","rabbit_engineer,fist,6,-257,135,1,5,1,1,0","rabbit_engineer,arm_up,-62,-231,106,1,17,1,1,0","rabbit_engineer,arm_low,-17,-239,106,1,19,1,1,0","rabbit_engineer,fist,21,-240,51,0,25,1,1,0","rabbit_engineer,leg_up,-113,-108,40.3,0,9,1,1,0","rabbit_engineer,leg_low,-84,-51,15,0,15,1,1,0","rabbit_engineer,foot,-76,-7,-26.6,0,18,1,1,0","rabbit_engineer,leg_up,-157,-107,-43.3,0,17,1,1,0","rabbit_engineer,leg_low,-211,-69,-64.5,0,18,1,1,0","rabbit_engineer,foot,-255,-62,-125.5,0,20,1,1,0",,,"rabbit_engineer,ear,-97,-361,47,0,8,1,1,0","rabbit_engineer,ear_back,-73,-352,30,0,17,1,1,0","rabbit_engineer,tail,-168,-137,-20,0,11,1,1,0",,,,,,,,,,,,,,,,,,,,,,,,,,,,,,,,,,,,,"small_trebuchet,body,51,-286,0,0,4,1,1,0","small_trebuchet,arm_up,-81,-372,-6,0,6,1,1,0","small_trebuchet,arm_low,143,-571,0,0,5,1,1,0",,,,,,,"small_trebuchet,foot,-72,-32,-120,0,2,1,1,0",,,"small_trebuchet,foot,174,-29,-120,0,2,1,1,0",,,,,,,,,,,,,,,,,,,,,,,,,,,,,,,,,,,,,,,,,,,,,,,,,"play_time_mod_0.8",
"Run/5","rabbit_engineer,head,-73,-295,-24,0,7,1,1,0","rabbit_engineer,neck,-95,-267,-26,0,9,1,1,0","rabbit_engineer,body,-115,-194,-14.5,0,10,1,1,0","rabbit_engineer,arm_up,-86,-252,70,0,8,1,1.2,0","rabbit_engineer,arm_low,-34,-245,89,0,8,1,1,0","rabbit_engineer,fist,6,-257,139,1,5,1,1,0","rabbit_engineer,arm_up,-64,-235,107,1,17,1,1,0","rabbit_engineer,arm_low,-19,-244,107,1,19,1,1,0","rabbit_engineer,fist,21,-240,51,0,25,1,1,0","rabbit_engineer,leg_up,-119,-105,29.3,0,9,1,1,0","rabbit_engineer,leg_low,-99,-50,9,0,15,1,1,0","rabbit_engineer,foot,-96,-8,-37.6,0,18,1,1,0","rabbit_engineer,leg_up,-143,-107,-12.3,0,17,1,1,0","rabbit_engineer,leg_low,-171,-62,-59.5,0,18,1,1,0","rabbit_engineer,foot,-214,-43,-99,0,20,1,1,0",,,"rabbit_engineer,ear,-104,-367,50,0,8,1,1,0","rabbit_engineer,ear_back,-80,-358,33,0,17,1,1,0","rabbit_engineer,tail,-168,-140,-19,0,11,1,1,0",,,,,,,,,,,,,,,,,,,,,,,,,,,,,,,,,,,,,"small_trebuchet,body,51,-286,0,0,4,1,1,0","small_trebuchet,arm_up,-78,-367,-4,0,6,1,1,0","small_trebuchet,arm_low,135,-573,1,0,5,1,1,0",,,,,,,"small_trebuchet,foot,-72,-32,-170,0,2,1,1,0",,,"small_trebuchet,foot,174,-29,-170,0,2,1,1,0",,,,,,,,,,,,,,,,,,,,,,,,,,,,,,,,,,,,,,,,,,,,,,,,,"play_time_mod_0.8",
"Run/6","rabbit_engineer,head,-80,-300,-23,0,6,1,1,0","rabbit_engineer,neck,-98,-272,-25,0,8,1,1,0","rabbit_engineer,body,-118,-197,-13.5,0,9,1,1,0","rabbit_engineer,arm_up,-90,-254,71,0,8,1,1.2,0","rabbit_engineer,arm_low,-35,-248,88,0,8,1,1,0","rabbit_engineer,fist,6,-257,128,1,5,1,1,0","rabbit_engineer,arm_up,-66,-234,106,1,17,1,1,0","rabbit_engineer,arm_low,-21,-242,106,1,19,1,1,0","rabbit_engineer,fist,21,-240,51,0,25,1,1,0","rabbit_engineer,leg_up,-130,-106,15.3,0,8,1,1,0","rabbit_engineer,leg_low,-120,-48,0,0,14,1,1,0","rabbit_engineer,foot,-122,-7,-45.6,0,17,1,1,0","rabbit_engineer,leg_up,-135,-109,5.7,0,16,1,1,0","rabbit_engineer,leg_low,-156,-62,-51.5,0,17,1,1,0","rabbit_engineer,foot,-191,-47,-106.5,0,19,1,1,0",,,"rabbit_engineer,ear,-112,-372,51,0,8,1,1,0","rabbit_engineer,ear_back,-88,-363,34,0,16,1,1,0","rabbit_engineer,tail,-170,-142,-18,0,10,1,1,0",,,,,,,,,,,,,,,,,,,,,,,,,,,,,,,,,,,,,"small_trebuchet,body,51,-286,0,0,4,1,1,0","small_trebuchet,arm_up,-74,-364,-3,0,6,1,1,0","small_trebuchet,arm_low,133,-575,0,0,5,1,1,0",,,,,,,"small_trebuchet,foot,-72,-32,130,0,2,1,1,0",,,"small_trebuchet,foot,174,-29,130,0,2,1,1,0",,,,,,,,,,,,,,,,,,,,,,,,,,,,,,,,,,,,,,,,,,,,,,,,,"play_time_mod_0.8",
"Run/7","rabbit_engineer,head,-87,-306,-18,0,6,1,1,0","rabbit_engineer,neck,-108,-275,-17,0,8,1,1,0","rabbit_engineer,body,-121,-201,-10.5,0,9,1,1,0","rabbit_engineer,arm_up,-92,-255,69,0,8,1,1.3,0","rabbit_engineer,arm_low,-35,-248,87,0,8,1,1,0","rabbit_engineer,fist,6,-256,126,1,5,1,1,0","rabbit_engineer,arm_up,-71,-239,105,1,17,1,1,0","rabbit_engineer,arm_low,-26,-246,105,1,19,1,1,0","rabbit_engineer,fist,21,-240,51,0,25,1,1,0","rabbit_engineer,leg_up,-140,-109,-0.7,0,8,1,1,0","rabbit_engineer,leg_low,-144,-48,-5,0,14,1,1,0","rabbit_engineer,foot,-151,-7,-45.6,0,17,1,1,0","rabbit_engineer,leg_up,-121,-123,27.7,0,16,1,1,0","rabbit_engineer,leg_low,-123,-82,-51.5,0,17,1,1,0","rabbit_engineer,foot,-155,-51,-86.5,0,19,1,1,0",,,"rabbit_engineer,ear,-120,-375,56,0,7,1,1,0","rabbit_engineer,ear_back,-96,-365,38,0,16,1,1,0","rabbit_engineer,tail,-171,-145,-15,0,10,1,1,0",,,,,,,,,,,,,,,,,,,,,,,,,,,,,,,,,,,,,"small_trebuchet,body,51,-286,0,0,4,1,1,0","small_trebuchet,arm_up,-78,-367,-4,0,6,1,1,0","small_trebuchet,arm_low,135,-573,1,0,5,1,1,0",,,,,,,"small_trebuchet,foot,-72,-32,80,0,2,1,1,0",,,"small_trebuchet,foot,174,-29,80,0,2,1,1,0",,,,,,,,,,,,,,,,,,,,,,,,,,,,,,,,,,,,,,,,,,,,,,,,,"play_time_mod_0.8",
"Run/8","rabbit_engineer,head,-97,-310,-14,0,7,1,1,0","rabbit_engineer,neck,-115,-275,-5,0,9,1,1,0","rabbit_engineer,body,-120,-205,-6.5,0,10,1,1,0","rabbit_engineer,arm_up,-97,-253,68,0,8,1,1.3,0","rabbit_engineer,arm_low,-38,-247,90,0,8,1,1.1,0","rabbit_engineer,fist,6,-257,128,1,5,1,1,0","rabbit_engineer,arm_up,-65,-243,108,1,17,1,1,0","rabbit_engineer,arm_low,-20,-250,108,1,19,1,1,0","rabbit_engineer,fist,21,-240,51,0,25,1,1,0","rabbit_engineer,leg_up,-151,-106,-14.7,0,9,1,1,0","rabbit_engineer,leg_low,-170,-48,-15,0,15,1,1,0","rabbit_engineer,foot,-184,-7,-45.6,0,18,1,1,0","rabbit_engineer,leg_up,-103,-125,47.7,0,17,1,1,0","rabbit_engineer,leg_low,-89,-80,-31.5,0,18,1,1,0","rabbit_engineer,foot,-114,-49,-76.5,0,20,1,1,0",,,"rabbit_engineer,ear,-136,-378,60,0,8,1,1,0","rabbit_engineer,ear_back,-110,-367,42,0,17,1,1,0","rabbit_engineer,tail,-173,-143,-21,0,11,1,1,0",,,,,,,,,,,,,,,,,,,,,,,,,,,,,,,,,,,,,"small_trebuchet,body,51,-286,0,0,4,1,1,0","small_trebuchet,arm_up,-81,-372,-6,0,6,1,1,0","small_trebuchet,arm_low,143,-571,0,0,5,1,1,0",,,,,,,"small_trebuchet,foot,-72,-32,40,0,2,1,1,0",,,"small_trebuchet,foot,174,-29,40,0,2,1,1,0",,,,,,,,,,,,,,,,,,,,,,,,,,,,,,,,,,,,,,,,,,,,,,,,,"play_time_mod_0.8",
"Run/9","rabbit_engineer,head,-80,-297,-13,0,9,1,1,0","rabbit_engineer,neck,-96,-256,-13,0,11,1,1,0","rabbit_engineer,body,-108,-183,-10.5,0,12,1,1,0","rabbit_engineer,arm_up,-82,-242,68,0,8,1,1.2,0","rabbit_engineer,arm_low,-35,-240,96,0,8,1,1.2,0","rabbit_engineer,fist,6,-257,139,1,5,1,1,0","rabbit_engineer,arm_up,-57,-231,107,1,17,1,1,0","rabbit_engineer,arm_low,-12,-240,107,1,19,1,1,0","rabbit_engineer,fist,21,-240,51,0,25,1,1,0","rabbit_engineer,leg_up,-162,-101,-40.7,0,11,1,1,0","rabbit_engineer,leg_low,-212,-68,-75,0,17,1,1,0","rabbit_engineer,foot,-254,-62,-115.6,0,20,1,1,0","rabbit_engineer,leg_up,-95,-111,48.7,0,19,1,1,0","rabbit_engineer,leg_low,-59,-63,12.5,0,20,1,1,0","rabbit_engineer,foot,-56,-18,-34.5,0,22,1,1,0",,,"rabbit_engineer,ear,-121,-366,55,0,11,1,1,0","rabbit_engineer,ear_back,-97,-357,38,0,19,1,1,0","rabbit_engineer,tail,-168,-133,-23,0,13,1,1,0",,,,,,,,,,,,,,,,,,,,,,,,,,,,,,,,,,,,,"small_trebuchet,body,51,-286,0,0,4,1,1,0","small_trebuchet,arm_up,-78,-367,-4,0,6,1,1,0","small_trebuchet,arm_low,135,-573,1,0,5,1,1,0",,,,,,,"small_trebuchet,foot,-72,-32,10,0,2,1,1,0",,,"small_trebuchet,foot,174,-29,10,0,2,1,1,0",,,,,,,,,,,,,,,,,,,,,,,,,,,,,,,,,,,,,,,,,,,,,,,,,"play_time_mod_0.8",
"Walk/0","rabbit_engineer,head,-97,-305,-18,0,4,1,1,0","rabbit_engineer,neck,-118,-276,-15,0,6,1,1,0","rabbit_engineer,body,-131,-201,-10.5,0,7,1,1,0","rabbit_engineer,arm_up,-150,-244,-46,0,6,1,1,0","rabbit_engineer,arm_low,-162,-210,-2,0,6,1,1,0","rabbit_engineer,fist,-150,-172,-12,0,3,1,1,0","rabbit_engineer,arm_up,-76,-248,91,1,15,1,1,0","rabbit_engineer,arm_low,-25,-246,94,1,17,1,1,0","rabbit_engineer,fist,7,-247,135,1,23,1,1,0","rabbit_engineer,leg_up,-163,-111,-14.7,0,6,1,1,0","rabbit_engineer,leg_low,-183,-57,-27,0,12,1,1,0","rabbit_engineer,foot,-206,-22,-50.6,0,15,1,1,0","rabbit_engineer,leg_up,-118,-116,33.7,0,14,1,1,0","rabbit_engineer,leg_low,-95,-58,5.5,0,15,1,1,0","rabbit_engineer,foot,-94,-17,-31.5,0,17,1,1,0",,,"rabbit_engineer,ear,-130,-374,56,0,6,1,1,0","rabbit_engineer,ear_back,-106,-364,38,0,14,1,1,0","rabbit_engineer,tail,-181,-145,-15,0,8,1,1,0",,,,,,,,,,,,,,,,,,,,,,,,,,,,,,,,,,,,,"small_trebuchet,body,51,-286,0,0,4,1,1,0","small_trebuchet,arm_up,-74,-364,-3,0,6,1,1,0","small_trebuchet,arm_low,133,-575,0,0,5,1,1,0",,,,,,,"small_trebuchet,foot,-72,-32,-11,0,2,1,1,0",,,"small_trebuchet,foot,174,-29,-11,0,2,1,1,0",,,,,,,,,,,,,,,,,,,,,,,,,,,,,,,,,,,,,,,,,,,,,,,,,,
"Walk/1","rabbit_engineer,head,-90,-307,-22,0,8,1,1,0","rabbit_engineer,neck,-115,-280,-15,0,10,1,1,0","rabbit_engineer,body,-129,-205,-12.5,0,11,1,1,0","rabbit_engineer,arm_up,-149,-249,-48,0,10,1,1,0","rabbit_engineer,arm_low,-164,-220,-5,0,10,1,1,0","rabbit_engineer,fist,-160,-180,-33,0,7,1,1,0","rabbit_engineer,arm_up,-76,-250,89,1,15,1,1,0","rabbit_engineer,arm_low,-25,-246,97,1,17,1,1,0","rabbit_engineer,fist,7,-247,135,1,23,1,1,0","rabbit_engineer,leg_up,-145,-111,5.3,0,10,1,1,0","rabbit_engineer,leg_low,-163,-58,-47,0,16,1,1,0","rabbit_engineer,foot,-196,-32,-80.6,0,19,1,1,0","rabbit_engineer,leg_up,-127,-116,19.7,0,18,1,1,0","rabbit_engineer,leg_low,-118,-58,1.5,0,19,1,1,0","rabbit_engineer,foot,-120,-17,-35.5,0,21,1,1,0",,,"rabbit_engineer,ear,-123,-378,53,0,9,1,1,0","rabbit_engineer,ear_back,-99,-368,36,0,18,1,1,0","rabbit_engineer,tail,-181,-150,-17,0,12,1,1,0",,,,,,,,,,,,,,,,,,,,,,,,,,,,,,,,,,,,,"small_trebuchet,body,51,-286,0,0,4,1,1,0","small_trebuchet,arm_up,-74,-364,-2,0,6,1,1,0","small_trebuchet,arm_low,128,-578,-1,0,5,1,1,0",,,,,,,"small_trebuchet,foot,-72,-32,-21,0,2,1,1,0",,,"small_trebuchet,foot,174,-29,-21,0,2,1,1,0",,,,,,,,,,,,,,,,,,,,,,,,,,,,,,,,,,,,,,,,,,,,,,,,,,
"Walk/2","rabbit_engineer,head,-89,-302,-23,0,10,1,1,0","rabbit_engineer,neck,-111,-281,-25,0,12,1,1,0","rabbit_engineer,body,-130,-204,-13.5,0,13,1,1,0","rabbit_engineer,arm_up,-152,-249,-48,0,10,1,1,0","rabbit_engineer,arm_low,-173,-215,-15,0,10,1,1,0","rabbit_engineer,fist,-177,-175,-43,0,7,1,1,0","rabbit_engineer,arm_up,-76,-247,86,1,15,1,1,0","rabbit_engineer,arm_low,-25,-243,98,1,17,1,1,0","rabbit_engineer,fist,7,-247,137,1,23,1,1,0","rabbit_engineer,leg_up,-131,-112,28.3,0,12,1,1,0","rabbit_engineer,leg_low,-122,-58,-20,0,18,1,1,0","rabbit_engineer,foot,-138,-19,-68.6,0,21,1,1,0","rabbit_engineer,leg_up,-147,-116,-3.3,0,20,1,1,0","rabbit_engineer,leg_low,-150,-58,-8.5,0,21,1,1,0","rabbit_engineer,foot,-163,-15,-45.5,0,23,1,1,0",,,"rabbit_engineer,ear,-121,-374,51,0,11,1,1,0","rabbit_engineer,ear_back,-97,-365,34,0,20,1,1,0","rabbit_engineer,tail,-182,-149,-18,0,14,1,1,0",,,,,,,,,,,,,,,,,,,,,,,,,,,,,,,,,,,,,"small_trebuchet,body,51,-286,0,0,4,1,1,0","small_trebuchet,arm_up,-73,-362,-1,0,6,1,1,0","small_trebuchet,arm_low,123,-578,0,0,5,1,1,0",,,,,,,"small_trebuchet,foot,-72,-32,-41,0,2,1,1,0",,,"small_trebuchet,foot,174,-29,-41,0,2,1,1,0",,,,,,,,,,,,,,,,,,,,,,,,,,,,,,,,,,,,,,,,,,,,,,,,,,
"Walk/3","rabbit_engineer,head,-86,-298,-24,0,7,1,1,0","rabbit_engineer,neck,-109,-274,-26,0,9,1,1,0","rabbit_engineer,body,-129,-200,-14.5,0,10,1,1,0","rabbit_engineer,arm_up,-145,-250,-58,0,10,1,1,0","rabbit_engineer,arm_low,-176,-216,-25,0,10,1,1,0","rabbit_engineer,fist,-188,-177,-53,0,7,1,1,0","rabbit_engineer,arm_up,-76,-245,86,1,15,1,1,0","rabbit_engineer,arm_low,-25,-241,102,1,17,1,1,0","rabbit_engineer,fist,7,-245,137,1,23,1,1,0","rabbit_engineer,leg_up,-127,-110,32.3,0,9,1,1,0","rabbit_engineer,leg_low,-108,-57,-3,0,15,1,1,0","rabbit_engineer,foot,-115,-18,-53.6,0,18,1,1,0","rabbit_engineer,leg_up,-155,-116,-23.3,0,17,1,1,0","rabbit_engineer,leg_low,-183,-57,-20.5,0,18,1,1,0","rabbit_engineer,foot,-199,-15,-45.5,0,20,1,1,0",,,"rabbit_engineer,ear,-117,-370,50,0,8,1,1,0","rabbit_engineer,ear_back,-93,-361,33,0,17,1,1,0","rabbit_engineer,tail,-182,-146,-19,0,11,1,1,0",,,,,,,,,,,,,,,,,,,,,,,,,,,,,,,,,,,,,"small_trebuchet,body,51,-286,0,0,4,1,1,0","small_trebuchet,arm_up,-74,-364,-2,0,6,1,1,0","small_trebuchet,arm_low,128,-578,-1,0,5,1,1,0",,,,,,,"small_trebuchet,foot,-72,-32,-61,0,2,1,1,0",,,"small_trebuchet,foot,174,-29,-61,0,2,1,1,0",,,,,,,,,,,,,,,,,,,,,,,,,,,,,,,,,,,,,,,,,,,,,,,,,,
"Walk/4","rabbit_engineer,head,-78,-286,-28,0,7,1,1,0","rabbit_engineer,neck,-106,-260,-21,0,9,1,1,0","rabbit_engineer,body,-125,-192,-15.5,0,10,1,1,0","rabbit_engineer,arm_up,-140,-237,-64,0,10,1,1,0","rabbit_engineer,arm_low,-174,-207,-31,0,10,1,1,0","rabbit_engineer,fist,-190,-171,-59,0,7,1,1,0","rabbit_engineer,arm_up,-74,-239,85,1,15,1,1,0","rabbit_engineer,arm_low,-28,-239,116,1,17,1,1,0","rabbit_engineer,fist,7,-247,135,1,23,1,1,0","rabbit_engineer,leg_up,-123,-108,40.3,0,9,1,1,0","rabbit_engineer,leg_low,-97,-51,5,0,15,1,1,0","rabbit_engineer,foot,-94,-7,-26.6,0,18,1,1,0","rabbit_engineer,leg_up,-157,-107,-23.3,0,17,1,1,0","rabbit_engineer,leg_low,-191,-49,-34.5,0,18,1,1,0","rabbit_engineer,foot,-219,-14,-75.5,0,20,1,1,0",,,"rabbit_engineer,ear,-106,-362,47,0,8,1,1,0","rabbit_engineer,ear_back,-82,-353,30,0,17,1,1,0","rabbit_engineer,tail,-180,-140,-20,0,11,1,1,0",,,,,,,,,,,,,,,,,,,,,,,,,,,,,,,,,,,,,"small_trebuchet,body,51,-286,0,0,4,1,1,0","small_trebuchet,arm_up,-74,-364,-3,0,6,1,1,0","small_trebuchet,arm_low,133,-575,0,0,5,1,1,0",,,,,,,"small_trebuchet,foot,-72,-32,-81,0,2,1,1,0",,,"small_trebuchet,foot,174,-29,-81,0,2,1,1,0",,,,,,,,,,,,,,,,,,,,,,,,,,,,,,,,,,,,,,,,,,,,,,,,,,
"Walk/5","rabbit_engineer,head,-86,-298,-24,0,7,1,1,0","rabbit_engineer,neck,-109,-274,-26,0,9,1,1,0","rabbit_engineer,body,-129,-200,-14.5,0,10,1,1,0","rabbit_engineer,arm_up,-148,-241,-55,0,10,1,1,0","rabbit_engineer,arm_low,-173,-210,-22,0,10,1,1,0","rabbit_engineer,fist,-180,-173,-50,0,7,1,1,0","rabbit_engineer,arm_up,-76,-246,87,1,15,1,1,0","rabbit_engineer,arm_low,-25,-244,101,1,17,1,1,0","rabbit_engineer,fist,7,-247,135,1,23,1,1,0","rabbit_engineer,leg_up,-129,-105,29.3,0,9,1,1,0","rabbit_engineer,leg_low,-109,-50,9,0,15,1,1,0","rabbit_engineer,foot,-106,-8,-37.6,0,18,1,1,0","rabbit_engineer,leg_up,-153,-107,-12.3,0,17,1,1,0","rabbit_engineer,leg_low,-180,-52,-41.5,0,18,1,1,0","rabbit_engineer,foot,-214,-22,-66.5,0,20,1,1,0",,,"rabbit_engineer,ear,-117,-370,50,0,8,1,1,0","rabbit_engineer,ear_back,-93,-361,33,0,17,1,1,0","rabbit_engineer,tail,-182,-146,-19,0,11,1,1,0",,,,,,,,,,,,,,,,,,,,,,,,,,,,,,,,,,,,,"small_trebuchet,body,51,-286,0,0,4,1,1,0","small_trebuchet,arm_up,-74,-364,-2,0,6,1,1,0","small_trebuchet,arm_low,128,-578,-1,0,5,1,1,0",,,,,,,"small_trebuchet,foot,-72,-32,-91,0,2,1,1,0",,,"small_trebuchet,foot,174,-29,-91,0,2,1,1,0",,,,,,,,,,,,,,,,,,,,,,,,,,,,,,,,,,,,,,,,,,,,,,,,,,
"Walk/6","rabbit_engineer,head,-89,-302,-23,0,6,1,1,0","rabbit_engineer,neck,-111,-279,-25,0,8,1,1,0","rabbit_engineer,body,-130,-204,-13.5,0,9,1,1,0","rabbit_engineer,arm_up,-150,-243,-55,0,8,1,1,0","rabbit_engineer,arm_low,-163,-215,5,0,8,1,1,0","rabbit_engineer,fist,-149,-179,-14,0,5,1,1,0","rabbit_engineer,arm_up,-76,-248,87,1,15,1,1,0","rabbit_engineer,arm_low,-25,-246,100,1,17,1,1,0","rabbit_engineer,fist,7,-247,135,1,23,1,1,0","rabbit_engineer,leg_up,-140,-106,15.3,0,8,1,1,0","rabbit_engineer,leg_low,-130,-48,0,0,14,1,1,0","rabbit_engineer,foot,-132,-7,-45.6,0,17,1,1,0","rabbit_engineer,leg_up,-146,-107,-2.3,0,16,1,1,0","rabbit_engineer,leg_low,-166,-52,-31.5,0,17,1,1,0","rabbit_engineer,foot,-192,-19,-66.5,0,19,1,1,0",,,"rabbit_engineer,ear,-121,-374,51,0,7,1,1,0","rabbit_engineer,ear_back,-97,-365,34,0,16,1,1,0","rabbit_engineer,tail,-182,-149,-18,0,10,1,1,0",,,,,,,,,,,,,,,,,,,,,,,,,,,,,,,,,,,,,"small_trebuchet,body,51,-286,0,0,4,1,1,0","small_trebuchet,arm_up,-73,-362,-1,0,6,1,1,0","small_trebuchet,arm_low,123,-578,0,0,5,1,1,0",,,,,,,"small_trebuchet,foot,-72,-32,-101,0,2,1,1,0",,,"small_trebuchet,foot,174,-29,-101,0,2,1,1,0",,,,,,,,,,,,,,,,,,,,,,,,,,,,,,,,,,,,,,,,,,,,,,,,,,
"Walk/7","rabbit_engineer,head,-97,-305,-18,0,6,1,1,0","rabbit_engineer,neck,-118,-275,-17,0,8,1,1,0","rabbit_engineer,body,-131,-201,-10.5,0,9,1,1,0","rabbit_engineer,arm_up,-149,-241,-46,0,8,1,1,0","rabbit_engineer,arm_low,-157,-213,14,0,8,1,1,0","rabbit_engineer,fist,-134,-177,-5,0,5,1,1,0","rabbit_engineer,arm_up,-76,-250,91,1,15,1,1,0","rabbit_engineer,arm_low,-25,-246,94,1,17,1,1,0","rabbit_engineer,fist,7,-247,135,1,23,1,1,0","rabbit_engineer,leg_up,-148,-109,3.3,0,8,1,1,0","rabbit_engineer,leg_low,-150,-48,-5,0,14,1,1,0","rabbit_engineer,foot,-156,-7,-45.6,0,17,1,1,0","rabbit_engineer,leg_up,-131,-123,27.7,0,16,1,1,0","rabbit_engineer,leg_low,-133,-82,-51.5,0,17,1,1,0","rabbit_engineer,foot,-165,-51,-86.5,0,19,1,1,0",,,"rabbit_engineer,ear,-130,-374,56,0,7,1,1,0","rabbit_engineer,ear_back,-106,-364,38,0,16,1,1,0","rabbit_engineer,tail,-181,-145,-15,0,10,1,1,0",,,,,,,,,,,,,,,,,,,,,,,,,,,,,,,,,,,,,"small_trebuchet,body,51,-286,0,0,4,1,1,0","small_trebuchet,arm_up,-74,-364,-2,0,6,1,1,0","small_trebuchet,arm_low,128,-578,-1,0,5,1,1,0",,,,,,,"small_trebuchet,foot,-72,-32,-111,0,2,1,1,0",,,"small_trebuchet,foot,174,-29,-111,0,2,1,1,0",,,,,,,,,,,,,,,,,,,,,,,,,,,,,,,,,,,,,,,,,,,,,,,,,,
"Walk/8","rabbit_engineer,head,-111,-304,-14,0,7,1,1,0","rabbit_engineer,neck,-127,-275,-5,0,9,1,1,0","rabbit_engineer,body,-132,-205,-6.5,0,10,1,1,0","rabbit_engineer,arm_up,-155,-236,-32,0,8,1,1,0","rabbit_engineer,arm_low,-159,-206,28,0,8,1,1,0","rabbit_engineer,fist,-135,-175,9,0,5,1,1,0","rabbit_engineer,arm_up,-78,-250,91,1,15,1,1,0","rabbit_engineer,arm_low,-27,-246,94,1,17,1,1,0","rabbit_engineer,fist,7,-247,135,1,23,1,1,0","rabbit_engineer,leg_up,-161,-106,-14.7,0,9,1,1,0","rabbit_engineer,leg_low,-180,-48,-15,0,15,1,1,0","rabbit_engineer,foot,-192,-7,-45.6,0,18,1,1,0","rabbit_engineer,leg_up,-125,-125,37.7,0,17,1,1,0","rabbit_engineer,leg_low,-111,-80,-21.5,0,18,1,1,0","rabbit_engineer,foot,-126,-39,-36.5,0,20,1,1,0",,,"rabbit_engineer,ear,-150,-372,60,0,8,1,1,0","rabbit_engineer,ear_back,-124,-361,42,0,17,1,1,0","rabbit_engineer,tail,-185,-143,-21,0,11,1,1,0",,,,,,,,,,,,,,,,,,,,,,,,,,,,,,,,,,,,,"small_trebuchet,body,51,-286,0,0,4,1,1,0","small_trebuchet,arm_up,-76,-366,-3,0,6,1,1,0","small_trebuchet,arm_low,130,-576,-2,0,5,1,1,0",,,,,,,"small_trebuchet,foot,-72,-32,-121,0,2,1,1,0",,,"small_trebuchet,foot,174,-29,-121,0,2,1,1,0",,,,,,,,,,,,,,,,,,,,,,,,,,,,,,,,,,,,,,,,,,,,,,,,,,
"Walk/9","rabbit_engineer,head,-101,-302,-18,0,6,1,1,0","rabbit_engineer,neck,-123,-274,-11,0,8,1,1,0","rabbit_engineer,body,-132,-200,-8.5,0,9,1,1,0","rabbit_engineer,arm_up,-152,-236,-32,0,8,1,1,0","rabbit_engineer,arm_low,-156,-204,13,0,8,1,1,0","rabbit_engineer,fist,-140,-169,-14,0,5,1,1,0","rabbit_engineer,arm_up,-76,-248,91,1,15,1,1,0","rabbit_engineer,arm_low,-25,-246,94,1,17,1,1,0","rabbit_engineer,fist,7,-247,135,1,23,1,1,0","rabbit_engineer,leg_up,-164,-105,-22.7,0,8,1,1,0","rabbit_engineer,leg_low,-195,-47,-25,0,14,1,1,0","rabbit_engineer,foot,-215,-7,-55.6,0,17,1,1,0","rabbit_engineer,leg_up,-116,-125,40.7,0,16,1,1,0","rabbit_engineer,leg_low,-90,-80,12.5,0,17,1,1,0","rabbit_engineer,foot,-86,-35,-36.5,0,19,1,1,0",,,"rabbit_engineer,ear,-138,-372,57,0,7,1,1,0","rabbit_engineer,ear_back,-114,-363,40,0,16,1,1,0","rabbit_engineer,tail,-180,-141,-13,0,10,1,1,0",,,,,,,,,,,,,,,,,,,,,,,,,,,,,,,,,,,,,"small_trebuchet,body,51,-286,0,0,4,1,1,0","small_trebuchet,arm_up,-76,-366,-4,0,6,1,1,0","small_trebuchet,arm_low,135,-573,-1,0,5,1,1,0",,,,,,,"small_trebuchet,foot,-72,-32,-141,0,2,1,1,0",,,"small_trebuchet,foot,174,-29,-141,0,2,1,1,0",,,,,,,,,,,,,,,,,,,,,,,,,,,,,,,,,,,,,,,,,,,,,,,,,,
"Damaged/0","rabbit_engineer,head,-97,-303,-18,0,6,1,1,0","rabbit_engineer,neck,-118,-276,-15,0,8,1,1,0","rabbit_engineer,body,-131,-201,-10.5,0,9,1,1,0","rabbit_engineer,arm_up,-155,-239,-46,0,8,1,1,0","rabbit_engineer,arm_low,-169,-206,-11,0,8,1,1,0","rabbit_engineer,fist,-165,-170,-19,0,5,1,1,0","rabbit_engineer,arm_up,-100,-231,21,1,17,1,1,0","rabbit_engineer,arm_low,-81,-188,34,1,19,1,1,0","rabbit_engineer,fist,-72,-153,-15,0,25,1,1,0","rabbit_engineer,leg_up,-163,-111,-14.7,0,8,1,1,0","rabbit_engineer,leg_low,-183,-57,-27,0,14,1,1,0","rabbit_engineer,foot,-205,-17,-50.6,0,17,1,1,0","rabbit_engineer,leg_up,-118,-116,33.7,0,16,1,1,0","rabbit_engineer,leg_low,-95,-58,5.5,0,17,1,1,0","rabbit_engineer,foot,-94,-17,-31.5,0,19,1,1,0",,,"rabbit_engineer,ear,-130,-372,56,0,7,1,1,0","rabbit_engineer,ear_back,-106,-362,38,0,16,1,1,0","rabbit_engineer,tail,-181,-145,-15,0,10,1,1,0",,,,,,,,,,,,,,,,,,,,,,,,,,,,,,,,,,,,,"small_trebuchet,body,51,-286,0,0,4,1,1,0","small_trebuchet,arm_up,-74,-364,-3,0,6,1,1,0","small_trebuchet,arm_low,133,-575,0,0,5,1,1,0",,,,,,,"small_trebuchet,foot,-72,-32,0,0,2,1,1,0",,,"small_trebuchet,foot,174,-29,0,0,2,1,1,0",,,,,,,,,,,,,,,,,,,,,,,,,,,,,,,,,,,,,,,,,,,,,,,,,,
"Damaged/1","rabbit_engineer,head,-87,-300,-21,0,7,1,1,0","rabbit_engineer,neck,-109,-271,-18,0,9,1,1,0","rabbit_engineer,body,-128,-199,-15.5,0,10,1,1,0","rabbit_engineer,arm_up,-149,-242,-64,0,9,1,1,0","rabbit_engineer,arm_low,-167,-214,1,0,9,1,1,0","rabbit_engineer,fist,-156,-177,-14,0,6,1,1,0","rabbit_engineer,arm_up,-93,-232,35,1,18,1,1,0","rabbit_engineer,arm_low,-71,-189,34,1,20,1,1,0","rabbit_engineer,fist,-65,-154,-25,0,26,1,1,0","rabbit_engineer,leg_up,-164,-111,-14.7,0,9,1,1,0","rabbit_engineer,leg_low,-188,-59,-33,0,15,1,1,0","rabbit_engineer,foot,-211,-24,-59.6,0,18,1,1,0","rabbit_engineer,leg_up,-118,-116,33.7,0,17,1,1,0","rabbit_engineer,leg_low,-95,-58,5.5,0,18,1,1,0","rabbit_engineer,foot,-94,-17,-31.5,0,20,1,1,0",,,"rabbit_engineer,ear,-121,-369,53,0,8,1,1,0","rabbit_engineer,ear_back,-97,-359,35,0,17,1,1,0","rabbit_engineer,tail,-181,-145,-15,0,11,1,1,0",,,,,,,,,,,,,,,,,,,,,,,,,,,,,,,,,,,,,"small_trebuchet,body,51,-286,0,0,4,1,1,0","small_trebuchet,arm_up,-74,-364,-3,0,6,1,1,0","small_trebuchet,arm_low,133,-575,0,0,5,1,1,0",,,,,,,"small_trebuchet,foot,-72,-32,0,0,2,1,1,0",,,"small_trebuchet,foot,174,-29,0,0,2,1,1,0",,,,,,,,,,,,,,,,,,,,,,,,,,,,,,,,,,,,,,,,,,,,,,,,,,
"Damaged/2","rabbit_engineer,close,-81,-294,-27,0,7,1,1,0","rabbit_engineer,neck,-109,-271,-18,0,9,1,1,0","rabbit_engineer,body,-128,-199,-15.5,0,10,1,1,0","rabbit_engineer,arm_up,-147,-244,-66,0,9,1,1,0","rabbit_engineer,arm_low,-167,-216,-1,0,9,1,1,0","rabbit_engineer,fist,-158,-179,-16,0,6,1,1,0","rabbit_engineer,arm_up,-92,-226,35,1,18,1,1,0","rabbit_engineer,arm_low,-70,-183,34,1,20,1,1,0","rabbit_engineer,fist,-64,-148,-25,0,26,1,1,0","rabbit_engineer,leg_up,-164,-111,-14.7,0,9,1,1,0","rabbit_engineer,leg_low,-190,-61,-43,0,15,1,1,0","rabbit_engineer,foot,-221,-29,-62.6,0,18,1,1,0","rabbit_engineer,leg_up,-118,-116,33.7,0,17,1,1,0","rabbit_engineer,leg_low,-97,-58,3.5,0,18,1,1,0","rabbit_engineer,foot,-97,-17,-35.5,0,20,1,1,0",,,"rabbit_engineer,ear,-105,-366,46,0,8,1,1,0","rabbit_engineer,ear_back,-81,-356,28,0,17,1,1,0","rabbit_engineer,tail,-181,-145,-15,0,11,1,1,0",,,,,,,,,,,,,,,,,,,,,,,,,,,,,,,,,,,,,"small_trebuchet,body,51,-286,0,0,4,1,1,0","small_trebuchet,arm_up,-74,-364,-3,0,6,1,1,0","small_trebuchet,arm_low,133,-575,0,0,5,1,1,0",,,,,,,"small_trebuchet,foot,-72,-32,0,0,2,1,1,0",,,"small_trebuchet,foot,174,-29,0,0,2,1,1,0",,,,,,,,,,,,,,,,,,,,,,,,,,,,,,,,,,,,,,,,,,,,,,,,"hold",,
"Damaged/3","rabbit_engineer,close,-73,-293,-30,0,8,1,1,0","rabbit_engineer,neck,-104,-270,-21,0,10,1,1,0","rabbit_engineer,body,-126,-199,-19.5,0,11,1,1,0","rabbit_engineer,arm_up,-141,-247,-70,0,10,1,1,0","rabbit_engineer,arm_low,-165,-219,-5,0,10,1,1,0","rabbit_engineer,fist,-160,-182,-20,0,7,1,1,0","rabbit_engineer,arm_up,-91,-225,35,1,18,1,1,0","rabbit_engineer,arm_low,-69,-182,34,1,20,1,1,0","rabbit_engineer,fist,-63,-147,-25,0,26,1,1,0","rabbit_engineer,leg_up,-165,-112,-16.7,0,10,1,1,0","rabbit_engineer,leg_low,-190,-64,-51,0,16,1,1,0","rabbit_engineer,foot,-226,-41,-81,0,19,1,1,0","rabbit_engineer,leg_up,-118,-116,30.7,0,18,1,1,0","rabbit_engineer,leg_low,-97,-58,1.5,0,19,1,1,0","rabbit_engineer,foot,-98,-17,-35.5,0,21,1,1,0",,,"rabbit_engineer,ear,-94,-365,43,0,9,1,1,0","rabbit_engineer,ear_back,-70,-355,25,0,18,1,1,0","rabbit_engineer,tail,-181,-149,-15,0,12,1,1,0",,,,,,,,,,,,,,,,,,,,,,,,,,,,,,,,,,,,,"small_trebuchet,body,51,-286,0,0,4,1,1,0","small_trebuchet,arm_up,-74,-364,-3,0,6,1,1,0","small_trebuchet,arm_low,133,-575,0,0,5,1,1,0",,,,,,,"small_trebuchet,foot,-72,-32,0,0,2,1,1,0",,,"small_trebuchet,foot,174,-29,0,0,2,1,1,0",,,,,,,,,,,,,,,,,,,,,,,,,,,,,,,,,,,,,,,,,,,,,,,,,,
"Damaged/4","rabbit_engineer,head,-87,-300,-21,0,7,1,1,0","rabbit_engineer,neck,-109,-271,-18,0,9,1,1,0","rabbit_engineer,body,-128,-199,-15.5,0,10,1,1,0","rabbit_engineer,arm_up,-149,-242,-64,0,9,1,1,0","rabbit_engineer,arm_low,-167,-214,1,0,9,1,1,0","rabbit_engineer,fist,-156,-177,-14,0,6,1,1,0","rabbit_engineer,arm_up,-93,-232,35,1,18,1,1,0","rabbit_engineer,arm_low,-71,-189,34,1,20,1,1,0","rabbit_engineer,fist,-65,-154,-25,0,26,1,1,0","rabbit_engineer,leg_up,-164,-111,-14.7,0,9,1,1,0","rabbit_engineer,leg_low,-188,-59,-33,0,15,1,1,0","rabbit_engineer,foot,-211,-24,-59.6,0,18,1,1,0","rabbit_engineer,leg_up,-118,-116,33.7,0,17,1,1,0","rabbit_engineer,leg_low,-95,-58,5.5,0,18,1,1,0","rabbit_engineer,foot,-94,-17,-31.5,0,20,1,1,0",,,"rabbit_engineer,ear,-121,-369,53,0,8,1,1,0","rabbit_engineer,ear_back,-97,-359,35,0,17,1,1,0","rabbit_engineer,tail,-181,-145,-15,0,11,1,1,0",,,,,,,,,,,,,,,,,,,,,,,,,,,,,,,,,,,,,"small_trebuchet,body,51,-286,0,0,4,1,1,0","small_trebuchet,arm_up,-74,-364,-3,0,6,1,1,0","small_trebuchet,arm_low,133,-575,0,0,5,1,1,0",,,,,,,"small_trebuchet,foot,-72,-32,0,0,2,1,1,0",,,"small_trebuchet,foot,174,-29,0,0,2,1,1,0",,,,,,,,,,,,,,,,,,,,,,,,,,,,,,,,,,,,,,,,,,,,,,,,,,
"Damaged/5","rabbit_engineer,head,-97,-303,-18,0,6,1,1,0","rabbit_engineer,neck,-118,-276,-15,0,8,1,1,0","rabbit_engineer,body,-131,-201,-10.5,0,9,1,1,0","rabbit_engineer,arm_up,-155,-239,-46,0,8,1,1,0","rabbit_engineer,arm_low,-169,-206,-11,0,8,1,1,0","rabbit_engineer,fist,-165,-170,-19,0,5,1,1,0","rabbit_engineer,arm_up,-100,-231,21,1,17,1,1,0","rabbit_engineer,arm_low,-81,-188,34,1,19,1,1,0","rabbit_engineer,fist,-72,-153,-15,0,25,1,1,0","rabbit_engineer,leg_up,-163,-111,-14.7,0,8,1,1,0","rabbit_engineer,leg_low,-183,-57,-27,0,14,1,1,0","rabbit_engineer,foot,-205,-17,-50.6,0,17,1,1,0","rabbit_engineer,leg_up,-118,-116,33.7,0,16,1,1,0","rabbit_engineer,leg_low,-95,-58,5.5,0,17,1,1,0","rabbit_engineer,foot,-94,-17,-31.5,0,19,1,1,0",,,"rabbit_engineer,ear,-130,-372,56,0,7,1,1,0","rabbit_engineer,ear_back,-106,-362,38,0,16,1,1,0","rabbit_engineer,tail,-181,-145,-15,0,10,1,1,0",,,,,,,,,,,,,,,,,,,,,,,,,,,,,,,,,,,,,"small_trebuchet,body,51,-286,0,0,4,1,1,0","small_trebuchet,arm_up,-74,-364,-3,0,6,1,1,0","small_trebuchet,arm_low,133,-575,0,0,5,1,1,0",,,,,,,"small_trebuchet,foot,-72,-32,0,0,2,1,1,0",,,"small_trebuchet,foot,174,-29,0,0,2,1,1,0",,,,,,,,,,,,,,,,,,,,,,,,,,,,,,,,,,,,,,,,,,,,,,,,,,
"Attack1Ready/0","rabbit_engineer,head,-116,-315,-4,0,4,1,1,0","rabbit_engineer,neck,-125,-284,-3,0,6,1,1,0","rabbit_engineer,body,-124,-215,-1.5,0,7,1,1,0","rabbit_engineer,arm_up,-160,-240,-43,0,6,1,1,0","rabbit_engineer,arm_low,-179,-198,-8,0,6,1,1,0","rabbit_engineer,fist,-181,-158,-40,0,3,1,1,0","rabbit_engineer,arm_up,-100,-246,35,1,15,1,1,0","rabbit_engineer,arm_low,-77,-206,30,1,17,1,1,0","rabbit_engineer,fist,-65,-172,-5,0,23,1,1,0","rabbit_engineer,leg_up,-151,-114,-18.7,0,6,1,1,0","rabbit_engineer,leg_low,-177,-51,-14,0,12,1,1,0","rabbit_engineer,foot,-193,-9,-45.6,0,15,1,1,0","rabbit_engineer,leg_up,-109,-121,22.7,0,14,1,1,0","rabbit_engineer,leg_low,-95,-57,7.5,0,15,1,1,0","rabbit_engineer,foot,-95,-13,-36.5,0,17,1,1,0",,,"rabbit_engineer,ear,-166,-374,69,0,5,1,1,0","rabbit_engineer,ear_back,-133,-372,55,0,14,1,1,0","rabbit_engineer,tail,-175,-145,-10,0,8,1,1,0",,,,,,,,,,,,,,,,,,,,,,,,,,,,,,,,,,,,,"small_trebuchet,body,51,-286,0,0,4,1,1,0","small_trebuchet,arm_up,-74,-364,-3,0,6,1,1,0","small_trebuchet,arm_low,133,-575,0,0,5,1,1,0",,,,,,,"small_trebuchet,foot,-72,-32,0,0,2,1,1,0",,,"small_trebuchet,foot,174,-29,0,0,2,1,1,0",,,,,,,,,,,,,,,,,,,,,,,,,,,,,,,,,,,,,,,,,,,,,,,,,,
"Attack1Ready/1","rabbit_engineer,head,-134,-315,8,1,4,1,1,0","rabbit_engineer,neck,-125,-284,3,1,6,1,1,0","rabbit_engineer,body,-126,-215,1.5,1,7,1,1,0","rabbit_engineer,arm_up,-90,-240,43,1,6,1,1,0","rabbit_engineer,arm_low,-71,-198,8,1,6,1,1,0","rabbit_engineer,fist,-69,-158,40,1,3,1,1,0","rabbit_engineer,arm_up,-150,-246,-35,0,15,1,1,0","rabbit_engineer,arm_low,-173,-206,-30,0,17,1,1,0","rabbit_engineer,fist,-185,-172,5,1,23,1,1,0","rabbit_engineer,leg_up,-99,-114,18.7,1,6,1,1,0","rabbit_engineer,leg_low,-73,-51,14,1,12,1,1,0","rabbit_engineer,foot,-57,-9,45.6,1,15,1,1,0","rabbit_engineer,leg_up,-141,-121,-22.7,1,14,1,1,0","rabbit_engineer,leg_low,-155,-57,-7.5,1,15,1,1,0","rabbit_engineer,foot,-155,-13,36.5,1,17,1,1,0",,,"rabbit_engineer,ear,-87,-381,-69,1,5,1,1,0","rabbit_engineer,ear_back,-117,-372,-49,1,14,1,1,0","rabbit_engineer,tail,-75,-145,10,1,8,1,1,0",,,,,,,,,,,,,,,,,,,,,,,,,,,,,,,,,,,,,"small_trebuchet,body,51,-286,0,0,4,1,1,0","small_trebuchet,arm_up,-74,-364,-3,0,6,1,1,0","small_trebuchet,arm_low,133,-575,0,0,5,1,1,0",,,,,,,"small_trebuchet,foot,-72,-32,0,0,2,1,1,0",,,"small_trebuchet,foot,174,-29,0,0,2,1,1,0",,,,,,,,,,,,,,,,,,,,,,,,,,,,,,,,,,,,,,,,"movement,swirl,-124,-188,0,0,0,1,1,0",,,,,,,,,,
"Attack1Ready/2","rabbit_engineer,head,-153,-306,15,1,4,1,1,0","rabbit_engineer,neck,-136,-279,13,1,6,1,1,0","rabbit_engineer,body,-128,-215,7.5,1,7,1,1,0","rabbit_engineer,arm_up,-100,-240,55,1,6,1,1,0","rabbit_engineer,arm_low,-76,-198,8,1,6,1,1,0","rabbit_engineer,fist,-90,-168,-10,1,7,1,1,0","rabbit_engineer,arm_up,-150,-236,-35,0,15,1,1,0","rabbit_engineer,arm_low,-173,-196,-30,0,17,1,1,0","rabbit_engineer,fist,-185,-162,5,1,23,1,1,0","rabbit_engineer,leg_up,-93,-115,24.7,1,6,1,1,0","rabbit_engineer,leg_low,-64,-52,14,1,12,1,1,0","rabbit_engineer,foot,-48,-10,45.6,1,15,1,1,0","rabbit_engineer,leg_up,-141,-121,-22.7,1,14,1,1,0","rabbit_engineer,leg_low,-156,-57,-7.5,1,15,1,1,0","rabbit_engineer,foot,-156,-13,36.5,1,17,1,1,0",,,"rabbit_engineer,ear,-120,-372,-62,1,5,1,1,0","rabbit_engineer,ear_back,-143,-363,-42,1,14,1,1,0","rabbit_engineer,tail,-72,-150,10,1,8,1,1,0",,,,,,,,,,,,,,,,,,,,,,,,,,,,,,,,,,,,,"small_trebuchet,body,51,-286,0,0,4,1,1,0","small_trebuchet,arm_up,-74,-364,-3,0,6,1,1,0","small_trebuchet,arm_low,133,-575,0,0,5,1,1,0",,,,,,,"small_trebuchet,foot,-72,-32,0,0,2,1,1,0",,,"small_trebuchet,foot,174,-29,0,0,2,1,1,0",,,,,,,,,,,,,,,,,,,,,,,,,,,,,,,,,,,,,,,,,,,,,,,,,,
"Attack1Ready/3","rabbit_engineer,head,-163,-301,28,1,4,1,1,0","rabbit_engineer,neck,-141,-281,18,1,6,1,1,0","rabbit_engineer,body,-130,-214,9.5,1,7,1,1,0","rabbit_engineer,arm_up,-104,-239,52,1,6,1,1,0","rabbit_engineer,arm_low,-82,-200,9,1,6,1,1,0","rabbit_engineer,fist,-95,-170,-9,1,7,1,1,0","rabbit_engineer,arm_up,-153,-230,-32,0,15,1,1,0","rabbit_engineer,arm_low,-173,-190,-27,0,17,1,1,0","rabbit_engineer,fist,-182,-156,8,1,23,1,1,0","rabbit_engineer,leg_up,-91,-116,26.7,1,6,1,1,0","rabbit_engineer,leg_low,-61,-52,14,1,12,1,1,0","rabbit_engineer,foot,-45,-10,45.6,1,15,1,1,0","rabbit_engineer,leg_up,-141,-121,-22.7,1,14,1,1,0","rabbit_engineer,leg_low,-156,-57,-7.5,1,15,1,1,0","rabbit_engineer,foot,-156,-13,36.5,1,17,1,1,0",,,"rabbit_engineer,ear,-139,-374,-52,1,5,1,1,0","rabbit_engineer,ear_back,-162,-365,-32,1,14,1,1,0","rabbit_engineer,tail,-72,-152,15,1,8,1,1,0",,,,,,,,,,,,,,,,,,,,,,,,,,,,,,,,,,,,,"small_trebuchet,body,51,-286,0,0,4,1,1,0","small_trebuchet,arm_up,-74,-364,-3,0,6,1,1,0","small_trebuchet,arm_low,133,-575,0,0,5,1,1,0",,,,,,,"small_trebuchet,foot,-72,-32,0,0,2,1,1,0",,,"small_trebuchet,foot,174,-29,0,0,2,1,1,0",,,,,,,,,,,,,,,,,,,,,,,,,,,,,,,,,,,,,,,,,,,,,,,,,,
"Attack1Ready/4","rabbit_engineer,happy,-152,-312,17,1,4,1,1,0","rabbit_engineer,neck,-137,-288,14,1,6,1,1,0","rabbit_engineer,body,-129,-214,6.5,1,7,1,1,0","rabbit_engineer,arm_up,-100,-243,48,1,6,1,1,0","rabbit_engineer,arm_low,-64,-200,39,1,6,1,1,0","rabbit_engineer,fist,-51,-168,51,1,7,1,1,0","rabbit_engineer,arm_up,-155,-230,-32,0,15,1,1,0","rabbit_engineer,arm_low,-176,-194,-39,0,17,1,1,0","rabbit_engineer,fist,-194,-161,-12,1,23,1,1,0","rabbit_engineer,leg_up,-91,-116,26.7,1,6,1,1,0","rabbit_engineer,leg_low,-61,-52,14,1,12,1,1,0","rabbit_engineer,foot,-45,-10,45.6,1,15,1,1,0","rabbit_engineer,leg_up,-141,-121,-22.7,1,14,1,1,0","rabbit_engineer,leg_low,-156,-57,-7.5,1,15,1,1,0","rabbit_engineer,foot,-156,-13,36.5,1,17,1,1,0",,,"rabbit_engineer,ear,-124,-381,-59,1,5,1,1,0","rabbit_engineer,ear_back,-147,-372,-39,1,14,1,1,0","rabbit_engineer,tail,-59,-152,15,1,8,1,1,0",,,,,,,,,,,,,,,,,,,,,,,,,,,,,,,,,,,,,"small_trebuchet,body,51,-286,0,0,4,1,1,0","small_trebuchet,arm_up,-74,-364,-3,0,6,1,1,0","small_trebuchet,arm_low,133,-575,0,0,5,1,1,0",,,,,,,"small_trebuchet,foot,-72,-32,0,0,2,1,1,0",,,"small_trebuchet,foot,174,-29,0,0,2,1,1,0",,,,,,,,,,,,,,,,,,,,,,,,,,,,,,,,,,,,,,,,"stone_big,base,-69,-170,170,0,8,1,1,0",,,,,,,,,,
"Attack1Ready/5","rabbit_engineer,happy,-142,-316,12,1,4,1,1,0","rabbit_engineer,neck,-130,-290,11,1,6,1,1,0","rabbit_engineer,body,-125,-214,3.5,1,7,1,1,0","rabbit_engineer,arm_up,-100,-243,37,1,6,1,1,0","rabbit_engineer,arm_low,-96,-200,-11,1,6,1,1,0","rabbit_engineer,fist,-110,-171,1,1,6,1,1,0","rabbit_engineer,arm_up,-157,-237,-37,0,15,1,1,0","rabbit_engineer,arm_low,-176,-201,-44,0,17,1,1,0","rabbit_engineer,fist,-184,-163,23,1,23,1,1,0","rabbit_engineer,leg_up,-91,-116,26.7,1,7,1,1,0","rabbit_engineer,leg_low,-61,-52,14,1,12,1,1,0","rabbit_engineer,foot,-45,-10,45.6,1,15,1,1,0","rabbit_engineer,leg_up,-146,-121,-30.7,1,14,1,1,0","rabbit_engineer,leg_low,-164,-61,-1.5,1,15,1,1,0","rabbit_engineer,foot,-162,-13,36.5,1,17,1,1,0",,,"rabbit_engineer,ear,-110,-380,-63,1,5,1,1,0","rabbit_engineer,ear_back,-133,-371,-43,1,14,1,1,0","rabbit_engineer,tail,-65,-147,13,1,8,1,1,0",,,,,,,,,,,,,,,,,,,,,,,,,,,,,,,,,,,,,"small_trebuchet,body,51,-286,0,0,4,1,1,0","small_trebuchet,arm_up,-74,-364,-3,0,6,1,1,0","small_trebuchet,arm_low,133,-575,0,0,5,1,1,0",,,,,,,"small_trebuchet,foot,-72,-32,0,0,2,1,1,0",,,"small_trebuchet,foot,174,-29,0,0,2,1,1,0",,,,,,,,,,,,,,,,,,,,,,,,,,,,,,,,,,,,,,,,"stone_big,base,-134,-181,170,0,7,1,1,0",,,,,,,,,,
"Attack1Ready/6","rabbit_engineer,happy,-186,-283,22,1,4,1,1,0","rabbit_engineer,neck,-167,-253,21,1,6,1,1,0","rabbit_engineer,body,-142,-189,23.5,1,7,1,1,0","rabbit_engineer,arm_up,-139,-224,37,1,6,1,1,0","rabbit_engineer,arm_low,-128,-182,-11,1,6,1,1,0","rabbit_engineer,fist,-141,-144,21,1,6,1,1,0","rabbit_engineer,arm_up,-175,-218,-37,0,15,1,1,0","rabbit_engineer,arm_low,-194,-182,-44,0,17,1,1,0","rabbit_engineer,fist,-201,-143,23,1,23,1,1,0","rabbit_engineer,leg_up,-91,-116,26.7,1,7,1,1,0","rabbit_engineer,leg_low,-61,-52,14,1,12,1,1,0","rabbit_engineer,foot,-45,-10,45.6,1,15,1,1,0","rabbit_engineer,leg_up,-149,-121,-30.7,1,14,1,1,0","rabbit_engineer,leg_low,-167,-61,-1.5,1,15,1,1,0","rabbit_engineer,foot,-162,-13,36.5,1,17,1,1,0",,,"rabbit_engineer,ear,-166,-351,-53,1,5,1,1,0","rabbit_engineer,ear_back,-187,-339,-33,1,14,1,1,0","rabbit_engineer,tail,-66,-147,23,1,8,1,1,0",,,,,,,,,,,,,,,,,,,,,,,,,,,,,,,,,,,,,"small_trebuchet,body,51,-286,0,0,4,1,1,0","small_trebuchet,arm_up,-74,-364,-3,0,6,1,1,0","small_trebuchet,arm_low,133,-575,0,0,5,1,1,0",,,,,,,"small_trebuchet,foot,-72,-32,0,0,2,1,1,0",,,"small_trebuchet,foot,174,-29,0,0,2,1,1,0",,,,,,,,,,,,,,,,,,,,,,,,,,,,,,,,,,,,,,,,"stone_big,base,-187,-161,160,0,7,1,1,0",,,,,,,,,,
"Attack1Ready/7","rabbit_engineer,happy,-218,-267,42,1,4,1,1,0","rabbit_engineer,neck,-194,-248,41,1,6,1,1,0","rabbit_engineer,body,-152,-185,33.5,1,7,1,1,0","rabbit_engineer,arm_up,-160,-213,37,1,6,1,1,0","rabbit_engineer,arm_low,-149,-172,-11,1,6,1,1,0","rabbit_engineer,fist,-162,-133,21,1,6,1,1,0","rabbit_engineer,arm_up,-195,-207,-37,0,15,1,1,0","rabbit_engineer,arm_low,-214,-171,-44,0,17,1,1,0","rabbit_engineer,fist,-222,-133,23,1,23,1,1,0","rabbit_engineer,leg_up,-91,-116,26.7,1,7,1,1,0","rabbit_engineer,leg_low,-61,-52,14,1,12,1,1,0","rabbit_engineer,foot,-45,-10,45.6,1,15,1,1,0","rabbit_engineer,leg_up,-149,-121,-30.7,1,14,1,1,0","rabbit_engineer,leg_low,-167,-61,-1.5,1,15,1,1,0","rabbit_engineer,foot,-162,-13,36.5,1,17,1,1,0",,,"rabbit_engineer,ear,-222,-338,-33,1,5,1,1,0","rabbit_engineer,ear_back,-239,-319,-13,1,14,1,1,0","rabbit_engineer,tail,-64,-149,26,1,8,1,1,0",,,,,,,,,,,,,,,,,,,,,,,,,,,,,,,,,,,,,"small_trebuchet,body,51,-286,0,0,4,1,1,0","small_trebuchet,arm_up,-74,-364,-3,0,6,1,1,0","small_trebuchet,arm_low,133,-575,0,0,5,1,1,0",,,,,,,"small_trebuchet,foot,-72,-32,0,0,2,1,1,0",,,"small_trebuchet,foot,174,-29,0,0,2,1,1,0",,,,,,,,,,,,,,,,,,,,,,,,,,,,,,,,,,,,,,,,"stone_big,base,-193,-131,160,0,7,1,1,0",,,,,,,,,,
"Attack1Ready/8","rabbit_engineer,happy,-249,-223,62,1,4,1,1,0","rabbit_engineer,neck,-221,-213,61,1,6,1,1,0","rabbit_engineer,body,-161,-168,53.5,1,7,1,1,0","rabbit_engineer,arm_up,-190,-183,7,1,6,1,1,0","rabbit_engineer,arm_low,-189,-132,9,1,6,1,1,0","rabbit_engineer,fist,-194,-93,21,1,6,1,1,0","rabbit_engineer,arm_up,-209,-190,-17,0,15,1,1,0","rabbit_engineer,arm_low,-214,-149,-24,0,17,1,1,0","rabbit_engineer,fist,-208,-110,43,1,23,1,1,0","rabbit_engineer,leg_up,-91,-111,28.7,1,7,1,1,0","rabbit_engineer,leg_low,-61,-52,14,1,12,1,1,0","rabbit_engineer,foot,-45,-10,45.6,1,15,1,1,0","rabbit_engineer,leg_up,-146,-121,-30.7,1,14,1,1,0","rabbit_engineer,leg_low,-167,-61,-1.5,1,15,1,1,0","rabbit_engineer,foot,-162,-13,36.5,1,17,1,1,0",,,"rabbit_engineer,ear,-278,-288,-13,1,5,1,1,0","rabbit_engineer,ear_back,-287,-265,7,1,14,1,1,0","rabbit_engineer,tail,-64,-157,49,1,8,1,1,0",,,,,,,,,,,,,,,,,,,,,,,,,,,,,,,,,,,,,"small_trebuchet,body,51,-286,0,0,4,1,1,0","small_trebuchet,arm_up,-74,-364,-3,0,6,1,1,0","small_trebuchet,arm_low,133,-575,0,0,5,1,1,0",,,,,,,"small_trebuchet,foot,-72,-32,0,0,2,1,1,0",,,"small_trebuchet,foot,174,-29,0,0,2,1,1,0",,,,,,,,,,,,,,,,,,,,,,,,,,,,,,,,,,,,,,,,"stone_big,base,-227,-70,160,0,7,1,1,0",,,,,,,,,,
"Attack1Ready/9","rabbit_engineer,happy,-218,-267,42,1,4,1,1,0","rabbit_engineer,neck,-194,-248,41,1,6,1,1,0","rabbit_engineer,body,-152,-185,33.5,1,7,1,1,0","rabbit_engineer,arm_up,-160,-213,37,1,6,1,1,0","rabbit_engineer,arm_low,-149,-172,-11,1,6,1,1,0","rabbit_engineer,fist,-162,-133,21,1,6,1,1,0","rabbit_engineer,arm_up,-195,-207,-37,0,15,1,1,0","rabbit_engineer,arm_low,-214,-171,-44,0,17,1,1,0","rabbit_engineer,fist,-222,-133,23,1,23,1,1,0","rabbit_engineer,leg_up,-91,-116,26.7,1,7,1,1,0","rabbit_engineer,leg_low,-61,-52,14,1,12,1,1,0","rabbit_engineer,foot,-45,-10,45.6,1,15,1,1,0","rabbit_engineer,leg_up,-146,-121,-30.7,1,14,1,1,0","rabbit_engineer,leg_low,-167,-61,-1.5,1,15,1,1,0","rabbit_engineer,foot,-162,-13,36.5,1,17,1,1,0",,,"rabbit_engineer,ear,-222,-338,-33,1,5,1,1,0","rabbit_engineer,ear_back,-239,-319,-13,1,14,1,1,0","rabbit_engineer,tail,-64,-149,26,1,8,1,1,0",,,,,,,,,,,,,,,,,,,,,,,,,,,,,,,,,,,,,"small_trebuchet,body,51,-286,0,0,4,1,1,0","small_trebuchet,arm_up,-74,-364,-3,0,6,1,1,0","small_trebuchet,arm_low,133,-575,0,0,5,1,1,0",,,,,,,"small_trebuchet,foot,-72,-32,0,0,2,1,1,0",,,"small_trebuchet,foot,174,-29,0,0,2,1,1,0",,,,,,,,,,,,,,,,,,,,,,,,,,,,,,,,,,,,,,,,"stone_big,base,-236,-49,170,0,8,1,1,0",,,,,,,,,,
"Attack1Ready/10","rabbit_engineer,happy,-186,-283,22,1,4,1,1,0","rabbit_engineer,neck,-167,-253,21,1,6,1,1,0","rabbit_engineer,body,-142,-189,23.5,1,7,1,1,0","rabbit_engineer,arm_up,-139,-224,37,1,6,1,1,0","rabbit_engineer,arm_low,-123,-182,9,1,6,1,1,0","rabbit_engineer,fist,-121,-144,41,1,6,1,1,0","rabbit_engineer,arm_up,-175,-218,-37,0,15,1,1,0","rabbit_engineer,arm_low,-194,-182,-44,0,17,1,1,0","rabbit_engineer,fist,-211,-153,-7,1,23,1,1,0","rabbit_engineer,leg_up,-91,-116,26.7,1,7,1,1,0","rabbit_engineer,leg_low,-61,-52,14,1,12,1,1,0","rabbit_engineer,foot,-45,-10,45.6,1,15,1,1,0","rabbit_engineer,leg_up,-149,-121,-30.7,1,14,1,1,0","rabbit_engineer,leg_low,-167,-61,-1.5,1,15,1,1,0","rabbit_engineer,foot,-162,-13,36.5,1,17,1,1,0",,,"rabbit_engineer,ear,-166,-351,-53,1,5,1,1,0","rabbit_engineer,ear_back,-187,-339,-33,1,14,1,1,0","rabbit_engineer,tail,-66,-147,23,1,8,1,1,0",,,,,,,,,,,,,,,,,,,,,,,,,,,,,,,,,,,,,"small_trebuchet,body,51,-286,0,0,4,1,1,0","small_trebuchet,arm_up,-74,-364,-3,0,6,1,1,0","small_trebuchet,arm_low,133,-575,0,0,5,1,1,0",,,,,,,"small_trebuchet,foot,-72,-32,0,0,2,1,1,0",,,"small_trebuchet,foot,174,-29,0,0,2,1,1,0",,,,,,,,,,,,,,,,,,,,,,,,,,,,,,,,,,,,,,,,"stone_big,base,-236,-49,170,0,8,1,1,0",,,,,,,,,,
"Attack1Ready/11","rabbit_engineer,head,-138,-313,15,1,4,1,1,0","rabbit_engineer,neck,-125,-284,3,1,6,1,1,0","rabbit_engineer,body,-126,-215,1.5,1,7,1,1,0","rabbit_engineer,arm_up,-90,-240,43,1,6,1,1,0","rabbit_engineer,arm_low,-71,-198,8,1,6,1,1,0","rabbit_engineer,fist,-69,-158,40,1,3,1,1,0","rabbit_engineer,arm_up,-150,-246,-35,0,15,1,1,0","rabbit_engineer,arm_low,-173,-206,-30,0,17,1,1,0","rabbit_engineer,fist,-185,-172,5,1,23,1,1,0","rabbit_engineer,leg_up,-99,-114,18.7,1,6,1,1,0","rabbit_engineer,leg_low,-73,-51,14,1,12,1,1,0","rabbit_engineer,foot,-57,-9,45.6,1,15,1,1,0","rabbit_engineer,leg_up,-141,-121,-22.7,1,14,1,1,0","rabbit_engineer,leg_low,-155,-57,-7.5,1,15,1,1,0","rabbit_engineer,foot,-155,-13,36.5,1,17,1,1,0",,,"rabbit_engineer,ear,-98,-392,-59,1,5,1,1,0","rabbit_engineer,ear_back,-126,-377,-39,1,14,1,1,0","rabbit_engineer,tail,-75,-145,10,1,8,1,1,0",,,,,,,,,,,,,,,,,,,,,,,,,,,,,,,,,,,,,"small_trebuchet,body,51,-286,0,0,4,1,1,0","small_trebuchet,arm_up,-74,-364,-3,0,6,1,1,0","small_trebuchet,arm_low,133,-575,0,0,5,1,1,0",,,,,,,"small_trebuchet,foot,-72,-32,0,0,2,1,1,0",,,"small_trebuchet,foot,174,-29,0,0,2,1,1,0",,,,,,,,,,,,,,,,,,,,,,,,,,,,,,,,,,,,,,,,"stone_big,base,-236,-49,170,0,8,1,1,0",,,,,,,,,,
"Attack1Ready/12","rabbit_engineer,head,-115,-311,-5,0,7,1,1,0","rabbit_engineer,neck,-124,-284,-2,0,9,1,1,0","rabbit_engineer,body,-121,-210,0.5,0,10,1,1,0","rabbit_engineer,arm_up,-155,-237,-45,0,9,1,1,0","rabbit_engineer,arm_low,-161,-207,20,0,9,1,1,0","rabbit_engineer,fist,-139,-174,2,0,6,1,1,0","rabbit_engineer,arm_up,-88,-244,56,1,18,1,1,0","rabbit_engineer,arm_low,-55,-215,52,1,20,1,1,0","rabbit_engineer,fist,-33,-181,4,0,26,1,1,0","rabbit_engineer,leg_up,-147,-111,-17.7,0,9,1,1,0","rabbit_engineer,leg_low,-172,-47,-18,0,15,1,1,0","rabbit_engineer,foot,-187,-9,-49.6,0,18,1,1,0","rabbit_engineer,leg_up,-106,-121,22.7,0,17,1,1,0","rabbit_engineer,leg_low,-92,-57,7.5,0,18,1,1,0","rabbit_engineer,foot,-92,-13,-36.5,0,20,1,1,0",,,"rabbit_engineer,ear,-161,-371,68,0,9,1,1,0","rabbit_engineer,ear_back,-135,-365,50,0,17,1,1,0","rabbit_engineer,tail,-168,-143,-13,0,11,1,1,0",,,,,,,,,,,,,,,,,,,,,,,,,,,,,,,,,,,,,"small_trebuchet,body,51,-286,0,0,4,1,1,0","small_trebuchet,arm_up,-74,-364,-3,0,6,1,1,0","small_trebuchet,arm_low,133,-575,0,0,5,1,1,0",,,,,,,"small_trebuchet,foot,-72,-32,0,0,2,1,1,0",,,"small_trebuchet,foot,174,-29,0,0,2,1,1,0",,,,,,,,,,,,,,,,,,,,,,,,,,,,,,,,,,,,,,,,"stone_big,base,-236,-49,170,0,8,1,1,0","movement,swirl,-127,-191,0,0,0,1,1,0",,,,,,,,,
"Spirit/0","rabbit_engineer,close,-156,-319,38,0,5,1,1,0","rabbit_engineer,neck,-145,-281,29,0,7,1,1,0","rabbit_engineer,body,-124,-215,8.5,0,8,1,1,0","rabbit_engineer,arm_up,-168,-250,-67,0,7,1,1,0","rabbit_engineer,arm_low,-205,-233,-82,0,10,1,1,0","rabbit_engineer,fist,-240,-217,-100,0,15,1,1,0","rabbit_engineer,arm_up,-100,-286,145,1,16,1,1,0","rabbit_engineer,arm_low,-75,-322,167,1,18,1,1,0","rabbit_engineer,fist,-59,-354,128,0,24,1,1,0","rabbit_engineer,leg_up,-117,-114,12.3,0,7,1,1,0","rabbit_engineer,leg_low,-115,-49,-4,0,13,1,1,0","rabbit_engineer,foot,-119,-1,-35.6,0,16,1,1,0","rabbit_engineer,leg_up,-83,-141,40.7,0,15,1,1,0","rabbit_engineer,leg_low,-64,-94,-2.5,0,16,1,1,0","rabbit_engineer,foot,-71,-48,-36.5,0,18,1,1,0",,,"rabbit_engineer,ear,-235,-333,105,0,6,1,1,0","rabbit_engineer,ear_back,-205,-356,72,0,15,1,1,0","rabbit_engineer,tail,-159,-145,-15,0,9,1,1,0",,,,,,,,,,,,,,,,,,,,,,,,,,,,,,,,,,,,,,,,,,,,,,,,,,,,,,,,,,,,,,,,,,,,,,,,,,,,,,,,,,,,,,,,,,,,,,,,,"effect_fade_5,hold,effect_grey",,
