Name,p1_head,p1_neck,p1_body,p1_r_arm_up,p1_r_arm_low,p1_r_hand,p1_l_arm_up,p1_l_arm_low,p1_l_hand,p1_r_leg_up,p1_r_leg_low,p1_r_foot,p1_l_leg_up,p1_l_leg_low,p1_l_foot,p1_main_weapon,p1_sub_weapon,p1_special_1,p1_special_2,p1_special_3,p1_special_4,p1_special_5,p1_special_6,p1_special_7,p1_special_8,p1_special_9,p1_special_10,p2_head,p2_neck,p2_body,p2_r_arm_up,p2_r_arm_low,p2_r_hand,p2_l_arm_up,p2_l_arm_low,p2_l_hand,p2_r_leg_up,p2_r_leg_low,p2_r_foot,p2_l_leg_up,p2_l_leg_low,p2_l_foot,p2_main_weapon,p2_sub_weapon,p2_special_1,p2_special_2,p2_special_3,p2_special_4,p2_special_5,p2_special_6,p2_special_7,p2_special_8,p2_special_9,p2_special_10,p3_head,p3_neck,p3_body,p3_r_arm_up,p3_r_arm_low,p3_r_hand,p3_l_arm_up,p3_l_arm_low,p3_l_hand,p3_r_leg_up,p3_r_leg_low,p3_r_foot,p3_l_leg_up,p3_l_leg_low,p3_l_foot,p3_main_weapon,p3_sub_weapon,p3_special_1,p3_special_2,p3_special_3,p3_special_4,p3_special_5,p3_special_6,p3_special_7,p3_special_8,p3_special_9,p3_special_10,p4_head,p4_neck,p4_body,p4_r_arm_up,p4_r_arm_low,p4_r_hand,p4_l_arm_up,p4_l_arm_low,p4_l_hand,p4_r_leg_up,p4_r_leg_low,p4_r_foot,p4_l_leg_up,p4_l_leg_low,p4_l_foot,p4_main_weapon,p4_sub_weapon,p4_special_1,p4_special_2,p4_special_3,p4_special_4,p4_special_5,p4_special_6,p4_special_7,p4_special_8,p4_special_9,p4_special_10,effect_1,effect_2,effect_3,effect_4,effect_5,effect_6,effect_7,effect_8,frame_property,animation_property,sound_effect
Attack1/0,"rabbit_cav2,head,14,-384,-21,0,2,1,1,0","rabbit_cav2,neck,0,-352,-7,0,4,1,1,0","rabbit_cav2,body,-4,-279,-6.5,0,5,1,1,0","rabbit_cav2,arm_up,-26,-318,-35,0,4,1,1,0","rabbit_cav2,arm_low,-29,-282,22,0,5,1,1,0","rabbit_cav2,fist,4,-257,86,1,4,1,1,0","rabbit_cav2,arm_up,13,-318,15,1,13,1,1,0","rabbit_cav2,arm_low,54,-256,62,1,15,1,1,0","rabbit_cav2,fist,83,-228,16,0,23,1,1,0","rabbit_cav2,leg_up,4,-188,30.3,0,5,1,1,0","rabbit_cav2,leg_low,12,-139,-29,0,5,1,1,0","rabbit_cav2,foot,-11,-101,-63.6,0,6,1,1,0","rabbit_cav2,leg_up,5,-216,47.7,0,18,1,1,0","rabbit_cav2,leg_low,46,-171,13.5,0,19,1,1,0","rabbit_cav2,foot,29,-116,-20.5,0,21,1,1,0","rabbit_cav2,sword_base,72,-336,131,0,5,1,1,0",,"rabbit_cav2,ear,-41,-449,71,0,0,1,1,0","rabbit_cav2,ear_back,1,-451,42,0,12,1,1,0","rabbit_cav2,tail,-70,-182,-48,0,14,1,1,0",,,,,,,,"animal_hound,head,171,-255,-10,0,4,1,1,0","animal_hound,neck,131,-224,-20,0,5,1,1,0","animal_hound,body,9,-168,-6.5,0,7,1,1,0","animal_hound,arm_up,64,-141,-30,0,7,1,1,0","animal_hound,arm_low,41,-64,12,0,6,1,1,0","animal_hound,fist,86,-3,5,0,8,1,1,0","animal_hound,arm_up,70,-155.2,11,1,15,1,1,0","animal_hound,arm_low,101,-88,36,1,15,1,1,0","animal_hound,fist,147.6,-28.2,15,0,21,1,1,0","animal_hound,leg_up,-101,-137,-14.7,0,6,1,1,0","animal_hound,leg_low,-119,-73,0,0,12,1,1,0","animal_hound,foot,-85.8,-2.6,0.4,0,15,1,1,0","animal_hound,leg_up,-56.8,-137.2,-13.3,0,14,1,1,0","animal_hound,leg_low,-61,-74,18.5,0,15,1,1,0","animal_hound,foot,-9,-15,9.5,0,17,1,1,0",,,"animal_hound,ear,114,-235,-1,0,1,1,1,0","animal_hound,ear,137,-248,-7,0,12,1,1,0","animal_hound,tail,-130,-157,-15,0,6,1,1,0","animal_hound,mouth_low,182,-224,-30,0,5,1,1,0",,,,,,,,,,,,,,,,,,,,,,,,,,,,,,,,,,,,,,,,,,,,,,,,,,,,,,,,,,,,,,,,,,,,,,,
Attack1/1,"rabbit_cav2,head,22,-386,-18,0,2,1,1,0","rabbit_cav2,neck,8,-354,-4,0,4,1,1,0","rabbit_cav2,body,1,-279,-8.5,0,5,1,1,0","rabbit_cav2,arm_up,-1,-318,5,0,4,1,1,0","rabbit_cav2,arm_low,17,-286,62,0,5,1,1,0","rabbit_cav2,fist,58,-282,116,1,4,1,1,0","rabbit_cav2,arm_up,13,-318,15,1,13,1,1,0","rabbit_cav2,arm_low,48,-256,62,1,15,1,1,0","rabbit_cav2,fist,70,-230,6,0,23,1,1,0","rabbit_cav2,leg_up,4,-188,30.3,0,5,1,1,0","rabbit_cav2,leg_low,12,-139,-29,0,5,1,1,0","rabbit_cav2,foot,-11,-101,-63.6,0,6,1,1,0","rabbit_cav2,leg_up,5,-216,47.7,0,18,1,1,0","rabbit_cav2,leg_low,46,-171,13.5,0,19,1,1,0","rabbit_cav2,foot,29,-116,-20.5,0,21,1,1,0","rabbit_cav2,sword_base,116,-371,141,0,5,1,1,0",,"rabbit_cav2,ear,-35,-450,74,0,0,1,1,0","rabbit_cav2,ear_back,7,-452,45,0,12,1,1,0","rabbit_cav2,tail,-70,-187,-51,0,14,1,1,0",,,,,,,,"animal_hound,head,187,-244,-12,0,4,1,1,0","animal_hound,neck,138,-216,-25,0,5,1,1,0","animal_hound,body,8,-167,-10.5,0,7,1,1,0","animal_hound,arm_up,64,-141,-30,0,7,1,1,0","animal_hound,arm_low,41,-64,12,0,6,1,1,0","animal_hound,fist,86,-3,5,0,8,1,1,0","animal_hound,arm_up,70,-155.2,11,1,15,1,1,0","animal_hound,arm_low,101,-88,36,1,15,1,1,0","animal_hound,fist,147.6,-28.2,15,0,21,1,1,0","animal_hound,leg_up,-103,-137,-15.7,0,6,1,1,0","animal_hound,leg_low,-125,-73,-3,0,12,1,1,0","animal_hound,foot,-92,-2,0.4,0,15,1,1,0","animal_hound,leg_up,-56.8,-137.2,-11.3,0,14,1,1,0","animal_hound,leg_low,-60,-74,20.5,0,15,1,1,0","animal_hound,foot,-9,-15,5.5,0,17,1,1,0",,,"animal_hound,ear,124,-233,-14,0,1,1,1,0","animal_hound,ear,136,-237,-11,0,12,1,1,0","animal_hound,tail,-130,-163,-17,0,6,1,1,0","animal_hound,mouth_low,198,-213,-32,0,5,1,1,0",,,,,,,,,,,,,,,,,,,,,,,,,,,,,,,,,,,,,,,,,,,,,,,,,,,,,,,,,,,,,,,,,,,,,,,
Attack1/2,"rabbit_cav2,head,18,-391,-14,0,2,1,1,0","rabbit_cav2,neck,5,-357,-2,0,4,1,1,0","rabbit_cav2,body,0,-284,-6.5,0,5,1,1,0","rabbit_cav2,arm_up,1,-325,32,0,4,1,1,0","rabbit_cav2,arm_low,34,-306,92,0,5,1,1,0","rabbit_cav2,fist,68,-322,146,1,4,1,1,0","rabbit_cav2,arm_up,13,-318,15,1,13,1,1,0","rabbit_cav2,arm_low,39,-266,62,1,15,1,1,0","rabbit_cav2,fist,62,-241,16,0,23,1,1,0","rabbit_cav2,leg_up,5,-191,27.3,0,5,1,1,0","rabbit_cav2,leg_low,10,-139,-31,0,5,1,1,0","rabbit_cav2,foot,-14,-103,-68.6,0,6,1,1,0","rabbit_cav2,leg_up,5,-217,46.7,0,18,1,1,0","rabbit_cav2,leg_low,46,-171,13.5,0,19,1,1,0","rabbit_cav2,foot,29,-116,-20.5,0,21,1,1,0","rabbit_cav2,sword_base,95,-431,161,0,5,1,1,0",,"rabbit_cav2,ear,-39,-455,78,0,0,1,1,0","rabbit_cav2,ear_back,3,-457,49,0,12,1,1,0","rabbit_cav2,tail,-70,-187,-51,0,14,1,1,0",,,,,,,,"animal_hound,head,187,-241,-14,0,4,1,1,0","animal_hound,neck,139,-213,-28,0,5,1,1,0","animal_hound,body,8,-167,-11.5,0,7,1,1,0","animal_hound,arm_up,60,-138,-33,0,7,1,1,0","animal_hound,arm_low,38,-66,6,0,6,1,1,0","animal_hound,fist,80,-3,5,0,8,1,1,0","animal_hound,arm_up,70,-155.2,7,1,15,1,1,0","animal_hound,arm_low,103,-88,37,1,15,1,1,0","animal_hound,fist,151,-28,16,0,21,1,1,0","animal_hound,leg_up,-109,-137,-19.7,0,6,1,1,0","animal_hound,leg_low,-132,-73,-5,0,12,1,1,0","animal_hound,foot,-99,-2,-2.6,0,15,1,1,0","animal_hound,leg_up,-56,-138,-9.3,0,14,1,1,0","animal_hound,leg_low,-57,-74,22.5,0,15,1,1,0","animal_hound,foot,-5,-15,0.5,0,17,1,1,0",,,"animal_hound,ear,124,-232,-16,0,1,1,1,0","animal_hound,ear,136,-234,-13,0,12,1,1,0","animal_hound,tail,-130,-165,-20,0,6,1,1,0","animal_hound,mouth_low,198,-210,-34,0,5,1,1,0",,,,,,,,,,,,,,,,,,,,,,,,,,,,,,,,,,,,,,,,,,,,,,,,,,,,,,,,,,,,,,,,,,,,,,,
Attack1/3,"rabbit_cav2,head,0,-398,-14,0,2,1,1,0","rabbit_cav2,neck,-11,-364,-2,0,4,1,1,0","rabbit_cav2,body,-9,-288,2.5,0,5,1,1,0","rabbit_cav2,arm_up,-9,-362,100,0,1,1,1,0","rabbit_cav2,arm_low,34,-380,130,0,2,1,1,0","rabbit_cav2,fist,48,-416,-174,1,1,1,1,0","rabbit_cav2,arm_up,3,-328,45,1,13,1,1,0","rabbit_cav2,arm_low,27,-288,22,1,15,1,1,0","rabbit_cav2,fist,33,-251,-19,0,23,1,1,0","rabbit_cav2,leg_up,5,-196,31.3,0,5,1,1,0","rabbit_cav2,leg_low,10,-149,-34,0,5,1,1,0","rabbit_cav2,foot,-23,-113,-78.6,0,6,1,1,0","rabbit_cav2,leg_up,5,-217,46.7,0,18,1,1,0","rabbit_cav2,leg_low,46,-171,13.5,0,19,1,1,0","rabbit_cav2,foot,29,-116,-20.5,0,21,1,1,0","rabbit_cav2,sword_base,-38,-485,-134,0,2,1,1,0",,"rabbit_cav2,ear,-55,-462,78,0,0,1,1,0","rabbit_cav2,ear_back,-13,-464,49,0,12,1,1,0","rabbit_cav2,tail,-70,-187,-51,0,14,1,1,0",,,,,,,,"animal_hound,head,188,-244,-9,0,4,1,1,0","animal_hound,neck,140,-213,-25,0,5,1,1,0","animal_hound,body,8,-167,-11.5,0,7,1,1,0","animal_hound,arm_up,60,-138,-33,0,7,1,1,0","animal_hound,arm_low,36,-66,3,0,6,1,1,0","animal_hound,fist,75,-3,5,0,8,1,1,0","animal_hound,arm_up,70,-155.2,7,1,15,1,1,0","animal_hound,arm_low,103,-88,37,1,15,1,1,0","animal_hound,fist,151,-28,16,0,21,1,1,0","animal_hound,leg_up,-110,-137,-21.7,0,6,1,1,0","animal_hound,leg_low,-132,-73,-2,0,12,1,1,0","animal_hound,foot,-99,-2,-5.6,0,15,1,1,0","animal_hound,leg_up,-56,-138,-5.3,0,14,1,1,0","animal_hound,leg_low,-53,-74,24.5,0,15,1,1,0","animal_hound,foot,0,-15,0.5,0,17,1,1,0",,,"animal_hound,ear,125,-232,-13,0,1,1,1,0","animal_hound,ear,137,-234,-10,0,12,1,1,0","animal_hound,tail,-130,-165,-20,0,6,1,1,0","animal_hound,mouth_low,198,-208,-36,0,5,1,1,0",,,,,,,,,,,,,,,,,,,,,,,,,,,,,,,,,,,,,,,,,,,,,,,,,,,,,,,,,,,,,,,,,,,,,,,
Attack1/4,"rabbit_cav2,head,60,-385,-34,0,2,1,1,0","rabbit_cav2,neck,37,-353,-20,0,4,1,1,0","rabbit_cav2,body,13,-286,-20.5,0,5,1,1,0","rabbit_cav2,arm_up,32,-339,75,0,1,1,1,0","rabbit_cav2,arm_low,84,-337,90,0,2,1,1,0","rabbit_cav2,fist,124,-343,116,1,1,1,1,0","rabbit_cav2,arm_up,33,-308,35,1,13,1,1,0","rabbit_cav2,arm_low,56,-273,42,1,15,1,1,0","rabbit_cav2,fist,63,-241,-29,0,23,1,1,0","rabbit_cav2,leg_up,5,-196,28.3,0,5,1,1,0","rabbit_cav2,leg_low,7,-144,-34,0,5,1,1,0","rabbit_cav2,foot,-25,-111,-82.6,0,6,1,1,0","rabbit_cav2,leg_up,5,-217,46.7,0,18,1,1,0","rabbit_cav2,leg_low,46,-171,13.5,0,19,1,1,0","rabbit_cav2,foot,29,-116,-20.5,0,21,1,1,0","rabbit_cav2,sword_swing,174,-435,146,0,2,1,1,0",,"rabbit_cav2,ear,34,-460,58,0,0,1,1,0","rabbit_cav2,ear_back,71,-462,29,0,12,1,1,0","rabbit_cav2,tail,-70,-187,-51,0,14,1,1,0",,,,,,,,"animal_hound,head,188,-228,-10,0,4,1,1,0","animal_hound,neck,141,-202,-31,0,5,1,1,0","animal_hound,body,8,-166,-13.5,0,7,1,1,0","animal_hound,arm_up,60,-133,-33,0,7,1,1,0","animal_hound,arm_low,34,-64,8,0,6,1,1,0","animal_hound,fist,76,-3,9,0,8,1,1,0","animal_hound,arm_up,70,-155.2,7,1,15,1,1,0","animal_hound,arm_low,103,-88,37,1,15,1,1,0","animal_hound,fist,151,-28,16,0,21,1,1,0","animal_hound,leg_up,-111,-139,-19.7,0,6,1,1,0","animal_hound,leg_low,-132,-73,0,0,12,1,1,0","animal_hound,foot,-98,-2,-1.6,0,15,1,1,0","animal_hound,leg_up,-56,-138,-5.3,0,14,1,1,0","animal_hound,leg_low,-53,-74,24.5,0,15,1,1,0","animal_hound,foot,0,-15,0.5,0,17,1,1,0",,,"animal_hound,ear,125,-216,-14,0,1,1,1,0","animal_hound,ear,137,-218,-11,0,12,1,1,0","animal_hound,tail,-130,-178,-30,0,6,1,1,0","animal_hound,mouth_low,198,-192,-37,0,5,1,1,0",,,,,,,,,,,,,,,,,,,,,,,,,,,,,,,,,,,,,,,,,,,,,,,,,,,,,,,,,,,,,,,,,,,,,"play_time_mod_0.5,sprite_deal_damage",,"swing_flat,1000,1"
Attack1/5,"rabbit_cav2,head,76,-373,-33,0,2,1,1,0","rabbit_cav2,neck,51,-343,-30,0,4,1,1,0","rabbit_cav2,body,24,-282,-26.5,0,5,1,1,0","rabbit_cav2,arm_up,58,-314,53,0,1,1,1.2,0","rabbit_cav2,arm_low,111,-288,70,0,2,1,1.2,0","rabbit_cav2,fist,164,-275,96,1,1,1,1,0","rabbit_cav2,arm_up,43,-288,35,1,13,1,1,0","rabbit_cav2,arm_low,66,-253,42,1,15,1,1,0","rabbit_cav2,fist,83,-221,1,0,23,1,1,0","rabbit_cav2,leg_up,7,-198,23.3,0,5,1,1,0","rabbit_cav2,leg_low,7,-144,-34,0,5,1,1,0","rabbit_cav2,foot,-25,-111,-82.6,0,6,1,1,0","rabbit_cav2,leg_up,15,-227,35.7,0,18,1,1,0","rabbit_cav2,leg_low,46,-171,13.5,0,19,1,1,0","rabbit_cav2,foot,29,-116,-20.5,0,21,1,1,0","rabbit_cav2,sword_swing,274,-305,96,0,2,1,1,0",,"rabbit_cav2,ear,45,-446,59,0,0,1,1,0","rabbit_cav2,ear_back,89,-448,30,0,12,1,1,0","rabbit_cav2,tail,-70,-217,-71,0,14,1,1,0",,,,,,,,"animal_hound,head,188,-221,-13,0,4,1,1,0","animal_hound,neck,141,-195,-35,0,5,1,1,0","animal_hound,body,8,-166,-14.5,0,7,1,1,0","animal_hound,arm_up,60,-135,-38,0,7,1,1,0","animal_hound,arm_low,31,-71,3,0,6,1,1,0","animal_hound,fist,73,-3,5,0,8,1,1,0","animal_hound,arm_up,70,-155.2,7,1,15,1,1,0","animal_hound,arm_low,103,-88,37,1,15,1,1,0","animal_hound,fist,151,-28,16,0,21,1,1,0","animal_hound,leg_up,-111,-142,-19.7,0,6,1,1,0","animal_hound,leg_low,-132,-74,-3,0,12,1,1,0","animal_hound,foot,-100,-2,-3.6,0,15,1,1,0","animal_hound,leg_up,-56,-138,-5.3,0,14,1,1,0","animal_hound,leg_low,-53,-74,24.5,0,15,1,1,0","animal_hound,foot,0,-15,0.5,0,17,1,1,0",,,"animal_hound,ear,125,-217,-24,0,1,1,1,0","animal_hound,ear,137,-219,-21,0,12,1,1,0","animal_hound,tail,-130,-189,-40,0,6,1,1,0","animal_hound,mouth_low,198,-187,-40,0,5,1,1,0",,,,,,,,,,,,,,,,,,,,,,,,,,,,,,,,,,,,,,,,,,,,,,,,,,,,,,,,,,,,,,,,,,,,,"play_time_mod_0.3,sprite_deal_damage",,
Attack1/6,"rabbit_cav2,head,105,-346,-32,0,2,1,1,0","rabbit_cav2,neck,80,-316,-29,0,4,1,1,0","rabbit_cav2,body,34,-263,-43.5,0,5,1,1,0","rabbit_cav2,arm_up,76,-280,33,0,1,1,1.2,0","rabbit_cav2,arm_low,119,-244,52,0,2,1,1.2,0","rabbit_cav2,fist,162,-229,96,1,1,1,1,0","rabbit_cav2,arm_up,43,-278,35,1,13,1,1,0","rabbit_cav2,arm_low,66,-243,42,1,15,1,1,0","rabbit_cav2,fist,83,-211,1,0,23,1,1,0","rabbit_cav2,leg_up,7,-198,23.3,0,5,1,1,0","rabbit_cav2,leg_low,7,-144,-34,0,5,1,1,0","rabbit_cav2,foot,-25,-111,-82.6,0,6,1,1,0","rabbit_cav2,leg_up,15,-227,35.7,0,18,1,1,0","rabbit_cav2,leg_low,46,-171,13.5,0,19,1,1,0","rabbit_cav2,foot,29,-116,-20.5,0,21,1,1,0","rabbit_cav2,sword_swing,264,-219,76,0,2,1,1,0",,"rabbit_cav2,ear,74,-419,60,0,0,1,1,0","rabbit_cav2,ear_back,118,-421,31,0,12,1,1,0","rabbit_cav2,tail,-70,-222,-80,0,14,1,1,0",,,,,,,,"animal_hound,head,188,-221,-14,0,6,1,1,0","animal_hound,neck,141,-195,-36,0,7,1,1,0","animal_hound,body,8,-166,-15.5,0,9,1,1,0","animal_hound,arm_up,60,-135,-39,0,7,1,1,0","animal_hound,arm_low,31,-71,2,0,6,1,1,0","animal_hound,fist,73,-3,4,0,8,1,1,0","animal_hound,arm_up,70,-155.2,6,1,15,1,1,0","animal_hound,arm_low,103,-88,36,1,17,1,1,0","animal_hound,fist,151,-28,15,0,23,1,1,0","animal_hound,leg_up,-111,-142,-20.7,0,8,1,1,0","animal_hound,leg_low,-132,-74,-4,0,14,1,1,0","animal_hound,foot,-100,-2,-4.6,0,17,1,1,0","animal_hound,leg_up,-56,-138,-6.3,0,16,1,1,0","animal_hound,leg_low,-53,-74,23.5,0,17,1,1,0","animal_hound,foot,0,-15,-0.5,0,19,1,1,0",,,"animal_hound,ear,125,-217,-25,0,3,1,1,0","animal_hound,ear,137,-219,-22,0,14,1,1,0","animal_hound,tail,-130,-194,-43,0,8,1,1,0","animal_hound,mouth_low,198,-187,-41,0,7,1,1,0",,,,,,,,,,,,,,,,,,,,,,,,,,,,,,,,,,,,,,,,,,,,,,,,,,,,,,,,,,,,,,,,,,,,,"play_time_mod_0.2,sprite_deal_damage",,
Attack1/7,"rabbit_cav2,head,119,-336,-34,0,2,1,1,0","rabbit_cav2,neck,92,-306,-34,0,4,1,1,0","rabbit_cav2,body,42,-260,-55.5,0,5,1,1,0","rabbit_cav2,arm_up,66,-270,3,0,1,1,1.2,0","rabbit_cav2,arm_low,79,-224,32,0,2,1,1.2,0","rabbit_cav2,fist,112,-199,76,1,1,1,1,0","rabbit_cav2,arm_up,53,-268,35,1,13,1,1,0","rabbit_cav2,arm_low,76,-233,42,1,15,1,1,0","rabbit_cav2,fist,93,-201,1,0,23,1,1,0","rabbit_cav2,leg_up,3,-204,23.3,0,5,1,1,0","rabbit_cav2,leg_low,3,-150,-34,0,5,1,1,0","rabbit_cav2,foot,-29,-117,-82.6,0,6,1,1,0","rabbit_cav2,leg_up,15,-227,35.7,0,18,1,1,0","rabbit_cav2,leg_low,46,-171,13.5,0,19,1,1,0","rabbit_cav2,foot,29,-116,-20.5,0,21,1,1,0","rabbit_cav2,sword_swing,214,-149,56,0,2,1,1,0",,"rabbit_cav2,ear,84,-410,60,0,0,1,1,0","rabbit_cav2,ear_back,130,-411,26,0,12,1,1,0","rabbit_cav2,tail,-70,-225,-85,0,14,1,1,0",,,,,,,,"animal_hound,head,190,-220,-14,0,6,1,1,0","animal_hound,neck,143,-194,-36,0,7,1,1,0","animal_hound,body,8,-166,-15.5,0,9,1,1,0","animal_hound,arm_up,60,-135,-39,0,7,1,1,0","animal_hound,arm_low,31,-71,2,0,6,1,1,0","animal_hound,fist,73,-3,4,0,8,1,1,0","animal_hound,arm_up,70,-155.2,6,1,15,1,1,0","animal_hound,arm_low,103,-88,36,1,17,1,1,0","animal_hound,fist,151,-28,15,0,23,1,1,0","animal_hound,leg_up,-111,-142,-20.7,0,8,1,1,0","animal_hound,leg_low,-132,-74,-4,0,14,1,1,0","animal_hound,foot,-100,-2,-4.6,0,17,1,1,0","animal_hound,leg_up,-56,-138,-6.3,0,16,1,1,0","animal_hound,leg_low,-53,-74,23.5,0,17,1,1,0","animal_hound,foot,0,-15,-0.5,0,19,1,1,0",,,"animal_hound,ear,127,-216,-25,0,3,1,1,0","animal_hound,ear,139,-218,-22,0,14,1,1,0","animal_hound,tail,-130,-194,-43,0,8,1,1,0","animal_hound,mouth_low,198,-187,-41,0,7,1,1,0",,,,,,,,,,,,,,,,,,,,,,,,,,,,,,,,,,,,,,,,,,,,,,,,,,,,,,,,,,,,,,,,,,,,,"sprite_deal_damage,play_time_mod_0.1",,
Attack1/8,"rabbit_cav2,head,122,-330,-41,0,2,1,1,0","rabbit_cav2,neck,93,-303,-35,0,4,1,1,0","rabbit_cav2,body,42,-260,-55.5,0,5,1,1,0","rabbit_cav2,arm_up,46,-290,-77,0,1,1,1.2,0","rabbit_cav2,arm_low,-14,-268,-70,0,2,1,1.2,0","rabbit_cav2,fist,-47,-249,-44,1,1,1,1,0","rabbit_cav2,arm_up,53,-268,35,1,13,1,1,0","rabbit_cav2,arm_low,76,-233,42,1,15,1,1,0","rabbit_cav2,fist,93,-201,1,0,23,1,1,0","rabbit_cav2,leg_up,3,-204,23.3,0,5,1,1,0","rabbit_cav2,leg_low,3,-150,-34,0,5,1,1,0","rabbit_cav2,foot,-29,-117,-82.6,0,6,1,1,0","rabbit_cav2,leg_up,15,-227,35.7,0,18,1,1,0","rabbit_cav2,leg_low,46,-171,13.5,0,19,1,1,0","rabbit_cav2,foot,29,-116,-20.5,0,21,1,1,0","rabbit_cav2,sword_swing,-21,-132,6,0,2,1,1,0",,"rabbit_cav2,ear,94,-409,50,0,0,1,1,0","rabbit_cav2,ear_back,140,-410,16,0,12,1,1,0","rabbit_cav2,tail,-70,-225,-85,0,14,1,1,0",,,,,,,,"animal_hound,head,190,-218,-16,0,6,1,1,0","animal_hound,neck,143,-194,-36,0,7,1,1,0","animal_hound,body,8,-166,-15.5,0,9,1,1,0","animal_hound,arm_up,60,-135,-39,0,7,1,1,0","animal_hound,arm_low,31,-71,2,0,6,1,1,0","animal_hound,fist,73,-3,4,0,8,1,1,0","animal_hound,arm_up,70,-155.2,6,1,15,1,1,0","animal_hound,arm_low,103,-88,36,1,17,1,1,0","animal_hound,fist,151,-28,15,0,23,1,1,0","animal_hound,leg_up,-111,-142,-20.7,0,8,1,1,0","animal_hound,leg_low,-132,-74,-4,0,14,1,1,0","animal_hound,foot,-100,-2,-4.6,0,17,1,1,0","animal_hound,leg_up,-56,-138,-6.3,0,16,1,1,0","animal_hound,leg_low,-53,-74,23.5,0,17,1,1,0","animal_hound,foot,0,-15,-0.5,0,19,1,1,0",,,"animal_hound,ear,127,-216,-27,0,3,1,1,0","animal_hound,ear,139,-218,-22,0,14,1,1,0","animal_hound,tail,-130,-194,-43,0,8,1,1,0","animal_hound,mouth_low,198,-186,-42,0,7,1,1,0",,,,,,,,,,,,,,,,,,,,,,,,,,,,,,,,,,,,,,,,,,,,,,,,,,,,,,,,,,,,,,,,,,,,,play_time_mod_0.2,,
Attack1/9,"rabbit_cav2,head,122,-330,-34,0,2,1,1,0","rabbit_cav2,neck,93,-303,-35,0,4,1,1,0","rabbit_cav2,body,42,-260,-55.5,0,5,1,1,0","rabbit_cav2,arm_up,46,-294,-89,0,1,1,1.2,0","rabbit_cav2,arm_low,-14,-280,-70,0,2,1,1.2,0","rabbit_cav2,fist,-47,-259,-44,1,1,1,1,0","rabbit_cav2,arm_up,53,-268,35,1,13,1,1,0","rabbit_cav2,arm_low,76,-233,42,1,15,1,1,0","rabbit_cav2,fist,93,-201,1,0,23,1,1,0","rabbit_cav2,leg_up,3,-204,23.3,0,5,1,1,0","rabbit_cav2,leg_low,3,-150,-34,0,5,1,1,0","rabbit_cav2,foot,-29,-117,-82.6,0,6,1,1,0","rabbit_cav2,leg_up,15,-227,35.7,0,18,1,1,0","rabbit_cav2,leg_low,46,-171,13.5,0,19,1,1,0","rabbit_cav2,foot,29,-116,-20.5,0,21,1,1,0","rabbit_cav2,sword_swing,-122,-179,-51,0,2,1,1,0",,"rabbit_cav2,ear,89,-409,55,0,0,1,1,0","rabbit_cav2,ear_back,135,-410,24,0,12,1,1,0","rabbit_cav2,tail,-70,-225,-85,0,14,1,1,0",,,,,,,,"animal_hound,head,190,-218,-16,0,6,1,1,0","animal_hound,neck,143,-194,-36,0,7,1,1,0","animal_hound,body,8,-166,-15.5,0,9,1,1,0","animal_hound,arm_up,60,-135,-39,0,7,1,1,0","animal_hound,arm_low,31,-71,2,0,6,1,1,0","animal_hound,fist,73,-3,4,0,8,1,1,0","animal_hound,arm_up,70,-155.2,6,1,15,1,1,0","animal_hound,arm_low,103,-88,36,1,17,1,1,0","animal_hound,fist,151,-28,15,0,23,1,1,0","animal_hound,leg_up,-111,-142,-20.7,0,8,1,1,0","animal_hound,leg_low,-132,-74,-4,0,14,1,1,0","animal_hound,foot,-100,-2,-4.6,0,17,1,1,0","animal_hound,leg_up,-56,-138,-6.3,0,16,1,1,0","animal_hound,leg_low,-53,-74,23.5,0,17,1,1,0","animal_hound,foot,0,-15,-0.5,0,19,1,1,0",,,"animal_hound,ear,127,-216,-27,0,3,1,1,0","animal_hound,ear,139,-218,-22,0,14,1,1,0","animal_hound,tail,-130,-194,-43,0,8,1,1,0","animal_hound,mouth_low,198,-186,-42,0,7,1,1,0",,,,,,,,,,,,,,,,,,,,,,,,,,,,,,,,,,,,,,,,,,,,,,,,,,,,,,,,,,,,,,,,,,,,,play_time_mod_0.5,,
Attack1/10,"rabbit_cav2,head,120,-335,-25,0,2,1,1,0","rabbit_cav2,neck,93,-303,-35,0,4,1,1,0","rabbit_cav2,body,42,-260,-55.5,0,5,1,1,0","rabbit_cav2,arm_up,46,-304,-103,0,1,1,1.2,0","rabbit_cav2,arm_low,-14,-310,-100,0,2,1,1.2,0","rabbit_cav2,fist,-50,-312,-74,1,1,1,1,0","rabbit_cav2,arm_up,53,-268,35,1,13,1,1,0","rabbit_cav2,arm_low,76,-233,42,1,15,1,1,0","rabbit_cav2,fist,93,-201,1,0,23,1,1,0","rabbit_cav2,leg_up,3,-204,23.3,0,5,1,1,0","rabbit_cav2,leg_low,3,-150,-34,0,5,1,1,0","rabbit_cav2,foot,-29,-117,-82.6,0,6,1,1,0","rabbit_cav2,leg_up,15,-227,35.7,0,18,1,1,0","rabbit_cav2,leg_low,46,-171,13.5,0,19,1,1,0","rabbit_cav2,foot,29,-116,-20.5,0,21,1,1,0","rabbit_cav2,sword_base,-121,-237,-55,0,2,1,1,0",,"rabbit_cav2,ear,83,-409,62,0,0,1,1,0","rabbit_cav2,ear_back,128,-410,33,0,12,1,1,0","rabbit_cav2,tail,-70,-225,-85,0,14,1,1,0",,,,,,,,"animal_hound,head,190,-222,-11,0,6,1,1,0","animal_hound,neck,143,-196,-30,0,7,1,1,0","animal_hound,body,8,-166,-15.5,0,9,1,1,0","animal_hound,arm_up,60,-135,-39,0,7,1,1,0","animal_hound,arm_low,31,-71,2,0,6,1,1,0","animal_hound,fist,73,-3,4,0,8,1,1,0","animal_hound,arm_up,70,-155.2,6,1,15,1,1,0","animal_hound,arm_low,103,-88,36,1,17,1,1,0","animal_hound,fist,151,-28,15,0,23,1,1,0","animal_hound,leg_up,-111,-142,-20.7,0,8,1,1,0","animal_hound,leg_low,-132,-74,-4,0,14,1,1,0","animal_hound,foot,-100,-2,-4.6,0,17,1,1,0","animal_hound,leg_up,-56,-138,-6.3,0,16,1,1,0","animal_hound,leg_low,-53,-74,23.5,0,17,1,1,0","animal_hound,foot,0,-15,-0.5,0,19,1,1,0",,,"animal_hound,ear,127,-216,-27,0,3,1,1,0","animal_hound,ear,139,-218,-22,0,14,1,1,0","animal_hound,tail,-131,-191,-36,0,8,1,1,0","animal_hound,mouth_low,198,-196,-30,0,7,1,1,0",,,,,,,,,,,,,,,,,,,,,,,,,,,,,,,,,,,,,,,,,,,,,,,,,,,,,,,,,,,,,,,,,,,,,play_time_mod_1.5,,
Attack1/11,"rabbit_cav2,head,101,-356,-22,0,2,1,1,0","rabbit_cav2,neck,79,-323,-32,0,4,1,1,0","rabbit_cav2,body,38,-265,-39.5,0,5,1,1,0","rabbit_cav2,arm_up,36,-313,-97,0,1,1,1.2,0","rabbit_cav2,arm_low,-24,-319,-94,0,2,1,1.2,0","rabbit_cav2,fist,-60,-321,-68,1,1,1,1,0","rabbit_cav2,arm_up,53,-268,35,1,13,1,1,0","rabbit_cav2,arm_low,76,-233,42,1,15,1,1,0","rabbit_cav2,fist,93,-201,1,0,23,1,1,0","rabbit_cav2,leg_up,7,-198,23.3,0,5,1,1,0","rabbit_cav2,leg_low,7,-144,-34,0,5,1,1,0","rabbit_cav2,foot,-25,-111,-82.6,0,6,1,1,0","rabbit_cav2,leg_up,15,-215,35.7,0,18,1,1,0","rabbit_cav2,leg_low,46,-171,13.5,0,19,1,1,0","rabbit_cav2,foot,29,-116,-20.5,0,21,1,1,0","rabbit_cav2,sword_base,-125,-234,-42,0,2,1,1,0",,"rabbit_cav2,ear,69,-429,65,0,0,1,1,0","rabbit_cav2,ear_back,114,-430,36,0,12,1,1,0","rabbit_cav2,tail,-70,-207,-65,0,14,1,1,0",,,,,,,,"animal_hound,head,186,-237,-11,0,6,1,1,0","animal_hound,neck,139,-211,-30,0,7,1,1,0","animal_hound,body,8,-173,-8.5,0,9,1,1,0","animal_hound,arm_up,62,-146,-31,0,7,1,1,0","animal_hound,arm_low,35,-77,-2,0,6,1,1,0","animal_hound,fist,75,-3,4,0,8,1,1,0","animal_hound,arm_up,70,-155.2,6,1,15,1,1,0","animal_hound,arm_low,103,-88,36,1,17,1,1,0","animal_hound,fist,151,-28,15,0,23,1,1,0","animal_hound,leg_up,-111,-142,-20.7,0,8,1,1,0","animal_hound,leg_low,-132,-74,-4,0,14,1,1,0","animal_hound,foot,-100,-2,-4.6,0,17,1,1,0","animal_hound,leg_up,-56,-138,-6.3,0,16,1,1,0","animal_hound,leg_low,-53,-74,23.5,0,17,1,1,0","animal_hound,foot,0,-15,-0.5,0,19,1,1,0",,,"animal_hound,ear,123,-231,-27,0,3,1,1,0","animal_hound,ear,135,-233,-22,0,14,1,1,0","animal_hound,tail,-133,-183,-31,0,8,1,1,0","animal_hound,mouth_low,194,-211,-30,0,7,1,1,0",,,,,,,,,,,,,,,,,,,,,,,,,,,,,,,,,,,,,,,,,,,,,,,,,,,,,,,,,,,,,,,,,,,,,play_time_mod_1.2,,
Attack1/12,"rabbit_cav2,head,54,-384,-14,0,2,1,1,0","rabbit_cav2,neck,41,-345,-24,0,4,1,1,0","rabbit_cav2,body,21,-283,-19.5,0,5,1,1,0","rabbit_cav2,arm_up,3,-326,-67,0,1,1,1.2,0","rabbit_cav2,arm_low,-32,-293,-31,0,2,1,1.2,0","rabbit_cav2,fist,-46,-251,9,1,1,1,1,0","rabbit_cav2,arm_up,53,-303,15,1,13,1,1,0","rabbit_cav2,arm_low,63,-270,42,1,15,1,1,0","rabbit_cav2,fist,80,-238,1,0,23,1,1,0","rabbit_cav2,leg_up,5,-201,27.3,0,5,1,1,0","rabbit_cav2,leg_low,7,-144,-34,0,5,1,1,0","rabbit_cav2,foot,-25,-111,-82.6,0,6,1,1,0","rabbit_cav2,leg_up,15,-225,35.7,0,18,1,1,0","rabbit_cav2,leg_low,46,-171,13.5,0,19,1,1,0","rabbit_cav2,foot,29,-116,-20.5,0,21,1,1,0","rabbit_cav2,sword_base,-4,-161,21,0,2,1,1,0",,"rabbit_cav2,ear,-2,-446,78,0,0,1,1,0","rabbit_cav2,ear_back,36,-455,57,0,12,1,1,0","rabbit_cav2,tail,-70,-205,-65,0,14,1,1,0",,,,,,,,"animal_hound,head,183,-243,-9,0,6,1,1,0","animal_hound,neck,135,-219,-25,0,7,1,1,0","animal_hound,body,6,-171,-4.5,0,9,1,1,0","animal_hound,arm_up,62,-146,-31,0,7,1,1,0","animal_hound,arm_low,35,-77,-2,0,6,1,1,0","animal_hound,fist,75,-3,4,0,8,1,1,0","animal_hound,arm_up,70,-155.2,6,1,15,1,1,0","animal_hound,arm_low,103,-88,36,1,17,1,1,0","animal_hound,fist,151,-28,15,0,23,1,1,0","animal_hound,leg_up,-104,-139,-10.7,0,6,1,1,0","animal_hound,leg_low,-122,-75,1,0,12,1,1,0","animal_hound,foot,-88,-2,-1.6,0,15,1,1,0","animal_hound,leg_up,-56.8,-137.2,-12.3,0,14,1,1,0","animal_hound,leg_low,-61.8,-75.8,17.5,0,15,1,1,0","animal_hound,foot,-9.2,-16.6,8.5,0,17,1,1,0",,,"animal_hound,ear,120,-232,-16,0,3,1,1,0","animal_hound,ear,132,-234,-11,0,14,1,1,0","animal_hound,tail,-133,-171,-24,0,8,1,1,0","animal_hound,mouth_low,191,-220,-24,0,7,1,1,0",,,,,,,,,,,,,,,,,,,,,,,,,,,,,,,,,,,,,,,,,,,,,,,,,,,,,,,,,,,,,,,,,,,,,,,
Attack1/13,"rabbit_cav2,head,50,-384,-14,0,2,1,1,0","rabbit_cav2,neck,37,-345,-24,0,4,1,1,0","rabbit_cav2,body,18,-284,-16.5,0,5,1,1,0","rabbit_cav2,arm_up,2,-315,-47,0,1,1,1.2,0","rabbit_cav2,arm_low,-12,-277,6,0,2,1,1.2,0","rabbit_cav2,fist,-1,-241,42,1,1,1,1,0","rabbit_cav2,arm_up,49,-303,22,1,13,1,1,0","rabbit_cav2,arm_low,63,-270,42,1,15,1,1,0","rabbit_cav2,fist,80,-238,1,0,23,1,1,0","rabbit_cav2,leg_up,5,-201,27.3,0,5,1,1,0","rabbit_cav2,leg_low,7,-144,-34,0,5,1,1,0","rabbit_cav2,foot,-25,-111,-82.6,0,6,1,1,0","rabbit_cav2,leg_up,15,-225,35.7,0,18,1,1,0","rabbit_cav2,leg_low,46,-171,13.5,0,19,1,1,0","rabbit_cav2,foot,29,-116,-20.5,0,21,1,1,0","rabbit_cav2,sword_base,91,-192,56,0,2,1,1,0",,"rabbit_cav2,ear,-6,-446,78,0,0,1,1,0","rabbit_cav2,ear_back,32,-455,57,0,12,1,1,0","rabbit_cav2,tail,-70,-205,-65,0,14,1,1,0",,,,,,,,"animal_hound,head,183,-243,-9,0,6,1,1,0","animal_hound,neck,135,-219,-25,0,7,1,1,0","animal_hound,body,6,-171,-4.5,0,9,1,1,0","animal_hound,arm_up,62,-146,-31,0,7,1,1,0","animal_hound,arm_low,35,-77,-2,0,6,1,1,0","animal_hound,fist,75,-3,4,0,8,1,1,0","animal_hound,arm_up,70,-155.2,6,1,15,1,1,0","animal_hound,arm_low,103,-88,36,1,17,1,1,0","animal_hound,fist,151,-28,15,0,23,1,1,0","animal_hound,leg_up,-104,-139,-10.7,0,6,1,1,0","animal_hound,leg_low,-122,-75,1,0,12,1,1,0","animal_hound,foot,-88,-2,-1.6,0,15,1,1,0","animal_hound,leg_up,-56.8,-137.2,-12.3,0,14,1,1,0","animal_hound,leg_low,-61.8,-75.8,17.5,0,15,1,1,0","animal_hound,foot,-9.2,-16.6,8.5,0,17,1,1,0",,,"animal_hound,ear,120,-232,-16,0,3,1,1,0","animal_hound,ear,132,-234,-11,0,14,1,1,0","animal_hound,tail,-133,-171,-24,0,8,1,1,0","animal_hound,mouth_low,191,-220,-24,0,7,1,1,0",,,,,,,,,,,,,,,,,,,,,,,,,,,,,,,,,,,,,,,,,,,,,,,,,,,,,,,,,,,,,,,,,,,,,,,
Attack1/14,"rabbit_cav2,head,44,-385,-12,0,2,1,1,0","rabbit_cav2,neck,34,-346,-22,0,4,1,1,0","rabbit_cav2,body,17,-282,-14.5,0,5,1,1,0","rabbit_cav2,arm_up,-7,-318,-47,0,1,1,1.2,0","rabbit_cav2,arm_low,-20,-279,26,0,2,1,1.2,0","rabbit_cav2,fist,9,-249,72,1,1,1,1,0","rabbit_cav2,arm_up,48,-303,22,1,13,1,1,0","rabbit_cav2,arm_low,63,-270,42,1,15,1,1,0","rabbit_cav2,fist,80,-238,1,0,23,1,1,0","rabbit_cav2,leg_up,5,-201,27.3,0,5,1,1,0","rabbit_cav2,leg_low,7,-144,-34,0,5,1,1,0","rabbit_cav2,foot,-25,-111,-82.6,0,6,1,1,0","rabbit_cav2,leg_up,15,-227,35.7,0,18,1,1,0","rabbit_cav2,leg_low,46,-171,13.5,0,19,1,1,0","rabbit_cav2,foot,29,-116,-20.5,0,21,1,1,0","rabbit_cav2,sword_base,108,-270,94,0,2,1,1,0",,"rabbit_cav2,ear,-12,-447,80,0,0,1,1,0","rabbit_cav2,ear_back,26,-456,59,0,12,1,1,0","rabbit_cav2,tail,-70,-205,-65,0,14,1,1,0",,,,,,,,"animal_hound,head,175,-254,-9,0,6,1,1,0","animal_hound,neck,130,-226,-19,0,7,1,1,0","animal_hound,body,6,-172,-2.5,0,9,1,1,0","animal_hound,arm_up,62,-146,-31,0,7,1,1,0","animal_hound,arm_low,35,-77,-2,0,6,1,1,0","animal_hound,fist,75,-3,4,0,8,1,1,0","animal_hound,arm_up,70,-155.2,6,1,15,1,1,0","animal_hound,arm_low,103,-88,36,1,17,1,1,0","animal_hound,fist,151,-28,15,0,23,1,1,0","animal_hound,leg_up,-104,-139,-10.7,0,6,1,1,0","animal_hound,leg_low,-122,-75,1,0,12,1,1,0","animal_hound,foot,-88,-2,-1.6,0,15,1,1,0","animal_hound,leg_up,-56.8,-137.2,-12.3,0,14,1,1,0","animal_hound,leg_low,-61.8,-75.8,17.5,0,15,1,1,0","animal_hound,foot,-9.2,-16.6,8.5,0,17,1,1,0",,,"animal_hound,ear,112,-243,-16,0,3,1,1,0","animal_hound,ear,124,-245,-11,0,14,1,1,0","animal_hound,tail,-133,-171,-24,0,8,1,1,0","animal_hound,mouth_low,183,-231,-24,0,7,1,1,0",,,,,,,,,,,,,,,,,,,,,,,,,,,,,,,,,,,,,,,,,,,,,,,,,,,,,,,,,,,,,,,,,,,,,,,
Attack1/15,"rabbit_cav2,head,11,-389,-16,0,2,1,1,0","rabbit_cav2,neck,-2,-356,-5,0,4,1,1,0","rabbit_cav2,body,-4,-283,-4.5,0,5,1,1,0","rabbit_cav2,arm_up,-26,-323,-32,0,4,1,1,0","rabbit_cav2,arm_low,-28,-288,26,0,5,1,1,0","rabbit_cav2,fist,4,-270,91,1,4,1,1,0","rabbit_cav2,arm_up,13,-322,17,1,13,1,1,0","rabbit_cav2,arm_low,53,-262,64,1,15,1,1,0","rabbit_cav2,fist,81,-234,14,0,23,1,1,0","rabbit_cav2,leg_up,4,-192,32.3,0,5,1,1,0","rabbit_cav2,leg_low,12,-143,-27,0,5,1,1,0","rabbit_cav2,foot,-11,-105,-61.6,0,6,1,1,0","rabbit_cav2,leg_up,5,-220,49.7,0,18,1,1,0","rabbit_cav2,leg_low,46,-175,15.5,0,19,1,1,0","rabbit_cav2,foot,29,-120,-18.5,0,21,1,1,0","rabbit_cav2,sword_base,69,-346,132,0,5,1,1,0",,"rabbit_cav2,ear,-45,-452,73,0,0,1,1,0","rabbit_cav2,ear_back,-4,-456,44,0,12,1,1,0","rabbit_cav2,tail,-70,-186,-46,0,14,1,1,0",,,,,,,,"animal_hound,head,171,-260,-15,0,4,1,1,0","animal_hound,neck,131,-233,-17,0,5,1,1,0","animal_hound,body,9,-172,-2.5,0,7,1,1,0","animal_hound,arm_up,64,-144,-27,0,7,1,1,0","animal_hound,arm_low,41,-66,8,0,6,1,1,0","animal_hound,fist,85.2,-3.2,4,0,8,1,1,0","animal_hound,arm_up,70,-155.2,11,1,15,1,1,0","animal_hound,arm_low,99,-89,34,1,15,1,1,0","animal_hound,fist,147.6,-28.2,17,0,21,1,1,0","animal_hound,leg_up,-101,-139,-12.7,0,6,1,1,0","animal_hound,leg_low,-119,-75.4,-1,0,12,1,1,0","animal_hound,foot,-85.8,-2.6,-3.6,0,15,1,1,0","animal_hound,leg_up,-56.8,-137.2,-12.3,0,14,1,1,0","animal_hound,leg_low,-61.8,-75.8,17.5,0,15,1,1,0","animal_hound,foot,-9.2,-16.6,8.5,0,17,1,1,0",,,"animal_hound,ear,112,-244,-3,0,1,1,1,0","animal_hound,ear,134,-254,-9,0,12,1,1,0","animal_hound,tail,-132,-150,-12,0,6,1,1,0","animal_hound,mouth_low,182,-233,-27,0,5,1,1,0",,,,,,,,,,,,,,,,,,,,,,,,,,,,,,,,,,,,,,,,,,,,,,,,,,,,,,,,,,,,,,,,,,,,,,,
Damaged/0,"rabbit_cav2,head,14,-384,-21,0,2,1,1,0","rabbit_cav2,neck,0,-352,-7,0,4,1,1,0","rabbit_cav2,body,-4,-279,-6.5,0,5,1,1,0","rabbit_cav2,arm_up,-26,-318,-35,0,4,1,1,0","rabbit_cav2,arm_low,-29,-282,22,0,5,1,1,0","rabbit_cav2,fist,4,-257,86,1,4,1,1,0","rabbit_cav2,arm_up,13,-318,15,1,13,1,1,0","rabbit_cav2,arm_low,54,-256,62,1,15,1,1,0","rabbit_cav2,fist,83,-228,16,0,23,1,1,0","rabbit_cav2,leg_up,4,-188,30.3,0,5,1,1,0","rabbit_cav2,leg_low,12,-139,-29,0,5,1,1,0","rabbit_cav2,foot,-11,-101,-63.6,0,6,1,1,0","rabbit_cav2,leg_up,5,-216,47.7,0,18,1,1,0","rabbit_cav2,leg_low,46,-171,13.5,0,19,1,1,0","rabbit_cav2,foot,29,-116,-20.5,0,21,1,1,0","rabbit_cav2,sword_base,72,-336,131,0,5,1,1,0",,"rabbit_cav2,ear,-41,-449,71,0,0,1,1,0","rabbit_cav2,ear_back,1,-451,42,0,12,1,1,0","rabbit_cav2,tail,-70,-182,-48,0,14,1,1,0",,,,,,,,"animal_hound,head,170,-249,-16,0,4,1,1,0","animal_hound,neck,132,-221,-20,0,5,1,1,0","animal_hound,body,9,-168,-6.5,0,7,1,1,0","animal_hound,arm_up,64,-141,-30,0,7,1,1,0","animal_hound,arm_low,41,-64,12,0,6,1,1,0","animal_hound,fist,86,-3,5,0,8,1,1,0","animal_hound,arm_up,70,-155.2,11,1,15,1,1,0","animal_hound,arm_low,101,-88,36,1,15,1,1,0","animal_hound,fist,147.6,-28.2,15,0,21,1,1,0","animal_hound,leg_up,-101,-137,-14.7,0,6,1,1,0","animal_hound,leg_low,-119,-73,0,0,12,1,1,0","animal_hound,foot,-85.8,-2.6,0.4,0,15,1,1,0","animal_hound,leg_up,-56.8,-137.2,-13.3,0,14,1,1,0","animal_hound,leg_low,-61,-74,18.5,0,15,1,1,0","animal_hound,foot,-9,-15,9.5,0,17,1,1,0",,,"animal_hound,ear,114,-235,-1,0,1,1,1,0","animal_hound,ear,137,-248,-7,0,12,1,1,0","animal_hound,tail,-130,-157,-15,0,6,1,1,0","animal_hound,mouth_low,182,-222,-30,0,5,1,1,0",,,,,,,,,,,,,,,,,,,,,,,,,,,,,,,,,,,,,,,,,,,,,,,,,,,,,,,,,,,,,,,,,,,,,,,
Damaged/1,"rabbit_cav2,head,30,-384,-25,0,2,1,1,0","rabbit_cav2,neck,16,-352,-11,0,4,1,1,0","rabbit_cav2,body,3,-279,-13.5,0,5,1,1,0","rabbit_cav2,arm_up,-14,-318,-37,0,4,1,1,0","rabbit_cav2,arm_low,-17,-282,20,0,5,1,1,0","rabbit_cav2,fist,16,-257,84,1,4,1,1,0","rabbit_cav2,arm_up,13,-318,13,1,13,1,1,0","rabbit_cav2,arm_low,53,-251,60,1,15,1,1,0","rabbit_cav2,fist,82,-223,14,0,23,1,1,0","rabbit_cav2,leg_up,4,-188,28.3,0,5,1,1,0","rabbit_cav2,leg_low,12,-139,-31,0,5,1,1,0","rabbit_cav2,foot,-13,-101,-65.6,0,6,1,1,0","rabbit_cav2,leg_up,5,-216,45.7,0,18,1,1,0","rabbit_cav2,leg_low,46,-171,11.5,0,19,1,1,0","rabbit_cav2,foot,29,-116,-22.5,0,21,1,1,0","rabbit_cav2,sword_base,84,-336,129,0,5,1,1,0",,"rabbit_cav2,ear,-25,-449,67,0,0,1,1,0","rabbit_cav2,ear_back,17,-451,38,0,12,1,1,0","rabbit_cav2,tail,-70,-182,-50,0,14,1,1,0",,,,,,,,"animal_hound,head,170,-245,-22,0,4,1,1,0","animal_hound,neck,132,-221,-22,0,5,1,1,0","animal_hound,body,9,-168,-8.5,0,7,1,1,0","animal_hound,arm_up,64,-141,-32,0,7,1,1,0","animal_hound,arm_low,41,-64,10,0,6,1,1,0","animal_hound,fist,86,-3,3,0,8,1,1,0","animal_hound,arm_up,70,-155.2,9,1,15,1,1,0","animal_hound,arm_low,101,-88,34,1,15,1,1,0","animal_hound,fist,146,-28,13,0,21,1,1,0","animal_hound,leg_up,-101,-137,-16.7,0,6,1,1,0","animal_hound,leg_low,-119,-73,-2,0,12,1,1,0","animal_hound,foot,-85.8,-2.6,-1.6,0,15,1,1,0","animal_hound,leg_up,-56.8,-137.2,-15.3,0,14,1,1,0","animal_hound,leg_low,-61,-74,16.5,0,15,1,1,0","animal_hound,foot,-9,-15,7.5,0,17,1,1,0",,,"animal_hound,ear,114,-240,-9,0,1,1,1,0","animal_hound,ear,135,-244,-9,0,12,1,1,0","animal_hound,tail,-130,-162,-21,0,6,1,1,0","animal_hound,mouth_low,182,-220,-32,0,5,1,1,0",,,,,,,,,,,,,,,,,,,,,,,,,,,,,,,,,,,,,,,,,,,,,,,,,,,,,,,,,,,,,,,,,,,,,,,
Damaged/2,"rabbit_cav2,close,48,-382,-29,0,2,1,1,0","rabbit_cav2,neck,30,-351,-15,0,4,1,1,0","rabbit_cav2,body,12,-279,-17.5,0,5,1,1,0","rabbit_cav2,arm_up,0,-324,-49,0,4,1,1,0","rabbit_cav2,arm_low,-9,-289,8,0,5,1,1,0","rabbit_cav2,fist,19,-259,72,1,4,1,1,0","rabbit_cav2,arm_up,13,-318,11,1,13,1,1,0","rabbit_cav2,arm_low,53,-246,57,1,15,1,1,0","rabbit_cav2,fist,80,-216,11,0,23,1,1,0","rabbit_cav2,leg_up,4,-188,26.3,0,5,1,1,0","rabbit_cav2,leg_low,12,-139,-33,0,5,1,1,0","rabbit_cav2,foot,-13,-104,-67.6,0,6,1,1,0","rabbit_cav2,leg_up,5,-216,43.7,0,18,1,1,0","rabbit_cav2,leg_low,46,-171,9.5,0,19,1,1,0","rabbit_cav2,foot,29,-116,-24.5,0,21,1,1,0","rabbit_cav2,sword_base,100,-319,117,0,5,1,1,0",,"rabbit_cav2,ear,9,-454,61,0,0,1,1,0","rabbit_cav2,ear_back,48,-456,32,0,12,1,1,0","rabbit_cav2,tail,-70,-182,-52,0,14,1,1,0",,,,,,,,"animal_hound,close,170,-236,-26,0,4,1,1,0","animal_hound,neck,134,-212,-26,0,5,1,1,0","animal_hound,body,9,-168,-10.5,0,7,1,1,0","animal_hound,arm_up,63,-141,-34,0,7,1,1,0","animal_hound,arm_low,41,-64,8,0,6,1,1,0","animal_hound,fist,86,-3,1,0,8,1,1,0","animal_hound,arm_up,70,-155.2,7,1,15,1,1,0","animal_hound,arm_low,101,-88,32,1,15,1,1,0","animal_hound,fist,144,-28,11,0,21,1,1,0","animal_hound,leg_up,-101,-137,-18.7,0,6,1,1,0","animal_hound,leg_low,-119,-73,-4,0,12,1,1,0","animal_hound,foot,-85.8,-2.6,-3.6,0,15,1,1,0","animal_hound,leg_up,-56.8,-137.2,-17.3,0,14,1,1,0","animal_hound,leg_low,-61,-74,14.5,0,15,1,1,0","animal_hound,foot,-9,-15,5.5,0,17,1,1,0",,,"animal_hound,ear,111,-236,-18,0,1,1,1,0","animal_hound,ear,135,-235,-13,0,12,1,1,0","animal_hound,tail,-126,-167,-23,0,6,1,1,0","animal_hound,mouth_low,182,-211,-36,0,5,1,1,0",,,,,,,,,,,,,,,,,,,,,,,,,,,,,,,,,,,,,,,,,,,,,,,,,,,,,,,,,,,,,,,,,,,,,hold,,
Damaged/3,"rabbit_cav2,close,52,-377,-35,0,2,1,1,0","rabbit_cav2,neck,30,-351,-15,0,4,1,1,0","rabbit_cav2,body,12,-279,-17.5,0,5,1,1,0","rabbit_cav2,arm_up,-3,-325,-54,0,4,1,1,0","rabbit_cav2,arm_low,-19,-292,6,0,5,1,1,0","rabbit_cav2,fist,4,-259,67,1,4,1,1,0","rabbit_cav2,arm_up,13,-318,11,1,13,1,1,0","rabbit_cav2,arm_low,53,-244,55,1,15,1,1,0","rabbit_cav2,fist,78,-213,9,0,23,1,1,0","rabbit_cav2,leg_up,4,-188,26.3,0,5,1,1,0","rabbit_cav2,leg_low,12,-139,-33,0,5,1,1,0","rabbit_cav2,foot,-15,-105,-77.6,0,6,1,1,0","rabbit_cav2,leg_up,5,-216,43.7,0,18,1,1,0","rabbit_cav2,leg_low,46,-171,9.5,0,19,1,1,0","rabbit_cav2,foot,30,-116,-20.5,0,21,1,1,0","rabbit_cav2,sword_base,91,-310,115,0,5,1,1,0",,"rabbit_cav2,ear,16,-451,54,0,0,1,1,0","rabbit_cav2,ear_back,55,-453,25,0,12,1,1,0","rabbit_cav2,tail,-70,-182,-52,0,14,1,1,0",,,,,,,,"animal_hound,close,170,-235,-28,0,4,1,1,0","animal_hound,neck,134,-212,-26,0,5,1,1,0","animal_hound,body,9,-168,-10.5,0,7,1,1,0","animal_hound,arm_up,63,-141,-34,0,7,1,1,0","animal_hound,arm_low,41,-64,8,0,6,1,1,0","animal_hound,fist,86,-3,1,0,8,1,1,0","animal_hound,arm_up,70,-155.2,7,1,15,1,1,0","animal_hound,arm_low,101,-88,32,1,15,1,1,0","animal_hound,fist,144,-28,11,0,21,1,1,0","animal_hound,leg_up,-101,-137,-18.7,0,6,1,1,0","animal_hound,leg_low,-119,-73,-4,0,12,1,1,0","animal_hound,foot,-85.8,-2.6,-3.6,0,15,1,1,0","animal_hound,leg_up,-56.8,-137.2,-17.3,0,14,1,1,0","animal_hound,leg_low,-61,-74,14.5,0,15,1,1,0","animal_hound,foot,-9,-15,5.5,0,17,1,1,0",,,"animal_hound,ear,111,-236,-18,0,1,1,1,0","animal_hound,ear,135,-235,-13,0,12,1,1,0","animal_hound,tail,-125,-170,-26,0,6,1,1,0","animal_hound,mouth_low,182,-208,-37,0,5,1,1,0",,,,,,,,,,,,,,,,,,,,,,,,,,,,,,,,,,,,,,,,,,,,,,,,,,,,,,,,,,,,,,,,,,,,,,,
Damaged/4,"rabbit_cav2,head,30,-384,-25,0,2,1,1,0","rabbit_cav2,neck,16,-352,-11,0,4,1,1,0","rabbit_cav2,body,3,-279,-13.5,0,5,1,1,0","rabbit_cav2,arm_up,-14,-318,-37,0,4,1,1,0","rabbit_cav2,arm_low,-17,-282,20,0,5,1,1,0","rabbit_cav2,fist,16,-257,84,1,4,1,1,0","rabbit_cav2,arm_up,13,-318,13,1,13,1,1,0","rabbit_cav2,arm_low,54,-256,60,1,15,1,1,0","rabbit_cav2,fist,83,-228,14,0,23,1,1,0","rabbit_cav2,leg_up,4,-188,28.3,0,5,1,1,0","rabbit_cav2,leg_low,12,-139,-31,0,5,1,1,0","rabbit_cav2,foot,-13,-101,-65.6,0,6,1,1,0","rabbit_cav2,leg_up,5,-216,45.7,0,18,1,1,0","rabbit_cav2,leg_low,46,-171,11.5,0,19,1,1,0","rabbit_cav2,foot,29,-116,-22.5,0,21,1,1,0","rabbit_cav2,sword_base,84,-336,129,0,5,1,1,0",,"rabbit_cav2,ear,-25,-449,67,0,0,1,1,0","rabbit_cav2,ear_back,17,-451,38,0,12,1,1,0","rabbit_cav2,tail,-70,-182,-50,0,14,1,1,0",,,,,,,,"animal_hound,head,170,-245,-22,0,4,1,1,0","animal_hound,neck,132,-221,-22,0,5,1,1,0","animal_hound,body,9,-168,-8.5,0,7,1,1,0","animal_hound,arm_up,64,-141,-32,0,7,1,1,0","animal_hound,arm_low,41,-64,10,0,6,1,1,0","animal_hound,fist,86,-3,3,0,8,1,1,0","animal_hound,arm_up,70,-155.2,9,1,15,1,1,0","animal_hound,arm_low,101,-88,34,1,15,1,1,0","animal_hound,fist,147.6,-28.2,13,0,21,1,1,0","animal_hound,leg_up,-101,-137,-16.7,0,6,1,1,0","animal_hound,leg_low,-119,-73,-2,0,12,1,1,0","animal_hound,foot,-85.8,-2.6,-1.6,0,15,1,1,0","animal_hound,leg_up,-56.8,-137.2,-15.3,0,14,1,1,0","animal_hound,leg_low,-61,-74,16.5,0,15,1,1,0","animal_hound,foot,-9,-15,7.5,0,17,1,1,0",,,"animal_hound,ear,114,-240,-9,0,1,1,1,0","animal_hound,ear,135,-244,-9,0,12,1,1,0","animal_hound,tail,-130,-162,-21,0,6,1,1,0","animal_hound,mouth_low,182,-220,-32,0,5,1,1,0",,,,,,,,,,,,,,,,,,,,,,,,,,,,,,,,,,,,,,,,,,,,,,,,,,,,,,,,,,,,,,,,,,,,,,,
Damaged/5,"rabbit_cav2,head,14,-384,-21,0,2,1,1,0","rabbit_cav2,neck,0,-352,-7,0,4,1,1,0","rabbit_cav2,body,-4,-279,-6.5,0,5,1,1,0","rabbit_cav2,arm_up,-26,-318,-35,0,4,1,1,0","rabbit_cav2,arm_low,-29,-282,22,0,5,1,1,0","rabbit_cav2,fist,4,-257,86,1,4,1,1,0","rabbit_cav2,arm_up,13,-318,15,1,13,1,1,0","rabbit_cav2,arm_low,54,-256,62,1,15,1,1,0","rabbit_cav2,fist,83,-228,16,0,23,1,1,0","rabbit_cav2,leg_up,4,-188,30.3,0,5,1,1,0","rabbit_cav2,leg_low,12,-139,-29,0,5,1,1,0","rabbit_cav2,foot,-11,-101,-63.6,0,6,1,1,0","rabbit_cav2,leg_up,5,-216,47.7,0,18,1,1,0","rabbit_cav2,leg_low,46,-171,13.5,0,19,1,1,0","rabbit_cav2,foot,29,-116,-20.5,0,21,1,1,0","rabbit_cav2,sword_base,72,-336,131,0,5,1,1,0",,"rabbit_cav2,ear,-41,-449,71,0,0,1,1,0","rabbit_cav2,ear_back,1,-451,42,0,12,1,1,0","rabbit_cav2,tail,-70,-182,-48,0,14,1,1,0",,,,,,,,"animal_hound,head,170,-249,-16,0,4,1,1,0","animal_hound,neck,132,-221,-20,0,5,1,1,0","animal_hound,body,9,-168,-6.5,0,7,1,1,0","animal_hound,arm_up,64,-141,-30,0,7,1,1,0","animal_hound,arm_low,41,-64,12,0,6,1,1,0","animal_hound,fist,86,-3,5,0,8,1,1,0","animal_hound,arm_up,70,-155.2,11,1,15,1,1,0","animal_hound,arm_low,101,-88,36,1,15,1,1,0","animal_hound,fist,147.6,-28.2,15,0,21,1,1,0","animal_hound,leg_up,-101,-137,-14.7,0,6,1,1,0","animal_hound,leg_low,-119,-73,0,0,12,1,1,0","animal_hound,foot,-85.8,-2.6,0.4,0,15,1,1,0","animal_hound,leg_up,-56.8,-137.2,-13.3,0,14,1,1,0","animal_hound,leg_low,-61,-74,18.5,0,15,1,1,0","animal_hound,foot,-9,-15,9.5,0,17,1,1,0",,,"animal_hound,ear,114,-235,-1,0,1,1,1,0","animal_hound,ear,137,-248,-7,0,12,1,1,0","animal_hound,tail,-130,-157,-15,0,6,1,1,0","animal_hound,mouth_low,182,-222,-30,0,5,1,1,0",,,,,,,,,,,,,,,,,,,,,,,,,,,,,,,,,,,,,,,,,,,,,,,,,,,,,,,,,,,,,,,,,,,,,,,
Default/0,"rabbit_cav2,head,12.2,-392.2,-9,0,2,1,1,0","rabbit_cav2,neck,4.2,-357,-3,0,4,1,1,0","rabbit_cav2,body,5.6,-285,-1.5,0,5,1,1,0","rabbit_cav2,arm_up,-29,-332,-70,0,4,1,1,0","rabbit_cav2,arm_low,-66,-317,-82,0,6,1,1,0","rabbit_cav2,fist,-101,-311,-100,0,11,1,1,0","rabbit_cav2,arm_up,40.8,-323.4,65,1,13,1,1,0","rabbit_cav2,arm_low,80.8,-303.6,77,1,15,1,1,0","rabbit_cav2,fist,108.4,-285,17,0,23,1,1,0","rabbit_cav2,leg_up,-18.8,-183.8,-17.7,0,4,1,1,0","rabbit_cav2,leg_low,-34.6,-125.8,6,0,5,1,1,0","rabbit_cav2,foot,-31.4,-79,-15.6,0,8,1,1,0","rabbit_cav2,leg_up,15.6,-190.6,20.7,0,18,1,1,0","rabbit_cav2,leg_low,16,-175,6.5,0,19,1,1,0","rabbit_cav2,foot,21.2,-110,-17.5,0,21,1,1,0",,,"rabbit_cav2,ear,-38.6,-456.8,68,0,0,1,1,0","rabbit_cav2,ear_back,-7.4,-469.8,52,0,12,1,1,0","rabbit_cav2,tail,-70.2,-179.4,-48,0,14,1,1,0",,,,,,,,"animal_hound,head,171,-262,-20,0,4,1,1,0","animal_hound,neck,131,-237,-14,0,5,1,1,0","animal_hound,body,9.6,-174.4,-1.5,0,7,1,1,0","animal_hound,arm_up,64,-147.8,-25,0,7,1,1,0","animal_hound,arm_low,42.2,-67.6,3,0,6,1,1,0","animal_hound,fist,85.2,-3.2,9,0,8,1,1,0","animal_hound,arm_up,70,-155.2,11,1,15,1,1,0","animal_hound,arm_low,99.8,-93.4,33,1,15,1,1,0","animal_hound,fist,147.6,-28.2,14,0,21,1,1,0","animal_hound,leg_up,-101.2,-140.4,-11.7,0,6,1,1,0","animal_hound,leg_low,-119,-75.4,-2,0,12,1,1,0","animal_hound,foot,-85.8,-2.6,-2.6,0,15,1,1,0","animal_hound,leg_up,-56.8,-137.2,-12.3,0,14,1,1,0","animal_hound,leg_low,-61.8,-75.8,17.5,0,15,1,1,0","animal_hound,foot,-9.2,-16.6,8.5,0,17,1,1,0",,,"animal_hound,ear,111,-247,-3,0,1,1,1,0","animal_hound,ear,134,-258,-10,0,12,1,1,0","animal_hound,tail,-133.6,-154.4,-16,0,6,1,1,0","animal_hound,mouth_low,182,-237,-21,0,5,1,1,0",,,,,,,,,,,,,,,,,,,,,,,,,,,,,,,,,,,,,,,,,,,,,,,,,,,,,,,,,,,,,,,,,,,,,,,
Die/0,"rabbit_cav2,head,-141.2,-370.8,50,0,2,1,1,0","rabbit_cav2,neck,-119.2,-343.6,43,0,4,1,1,0","rabbit_cav2,body,-72.8,-291.6,38.5,0,5,1,1,0","rabbit_cav2,arm_up,-91,-325,146,0,4,1,1,0","rabbit_cav2,arm_low,-78,-371,-20,0,3,1,1,0","rabbit_cav2,fist,-64,-404,111,0,8,1,1,0","rabbit_cav2,arm_up,-78.6,-338,64,1,13,1,1,0","rabbit_cav2,arm_low,-35,-349,124,1,13,1,1,0","rabbit_cav2,fist,-6,-369,176,1,19,1,1,0","rabbit_cav2,leg_up,-27,-198,16.3,0,4,1,1,0","rabbit_cav2,leg_low,-17,-134,2,0,5,1,1,0","rabbit_cav2,foot,-22,-96,-14.6,0,8,1,1,0","rabbit_cav2,leg_up,-26.8,-237.2,63.7,0,15,1,1,0",,,"rabbit_cav2,sword_base,-79,-514,-177,0,11,1,1,0",,"rabbit_cav2,ear,-226,-400.4,99,0,0,1,1,0","rabbit_cav2,ear_back,-194.8,-406.4,85,0,12,1,1,0","rabbit_cav2,tail,-93.6,-179,-20,0,7,1,1,0",,,,,,,,"animal_hound,close,95,-341,23,0,3,1,1,0","animal_hound,neck,75,-295,8,0,6,1,1,0","animal_hound,body,-9,-184,29.5,0,7,1,1,0","animal_hound,arm_up,49,-198,28,0,7,1,1,0","animal_hound,arm_low,45,-135,-20,0,8,1,1,0","animal_hound,fist,59,-63,-11,0,8,1,1,0","animal_hound,arm_up,62,-195,11,1,15,1,1,0","animal_hound,arm_low,81,-121,3,0,15,1,1,0","animal_hound,fist,122,-56,4,0,21,1,1,0","animal_hound,leg_up,-105,-94,-11.7,0,6,1,1,0","animal_hound,leg_low,-96,-32,28,0,12,1,1,0","animal_hound,foot,-38,7,17.4,0,15,1,1,0","animal_hound,leg_up,-64,-117,7.7,0,14,1,1,0","animal_hound,leg_low,-33,-82,57.5,0,15,1,1,0","animal_hound,foot,23,-65,18.5,0,17,1,1,0",,,"animal_hound,ear,55,-305,20,0,2,1,1,0","animal_hound,ear,80,-317,0,0,13,1,1,0","animal_hound,tail,-159,-122,-40,0,6,1,1,0","animal_hound,mouth_low,105,-315,-4,0,6,1,1,0",,,,,,,,,,,,,,,,,,,,,,,,,,,,,,,,,,,,,,,,,,,,,,,,,,,,,,,,,,,,,,,,,,,,,,,
Die/1,"rabbit_cav2,close,-158,-370,60,0,2,1,1,0","rabbit_cav2,neck,-129,-343,53,0,4,1,1,0","rabbit_cav2,body,-74,-291,42.5,0,5,1,1,0","rabbit_cav2,arm_up,-100,-335,156,0,4,1,1,0","rabbit_cav2,arm_low,-88,-377,-20,0,3,1,1,0","rabbit_cav2,fist,-74,-410,111,0,8,1,1,0","rabbit_cav2,arm_up,-78.6,-338,64,1,13,1,1,0","rabbit_cav2,arm_low,-45,-349,134,1,13,1,1,0","rabbit_cav2,fist,-24,-373,-174,1,19,1,1,0","rabbit_cav2,leg_up,-17,-208,36.3,0,4,1,1,0","rabbit_cav2,leg_low,-13,-154,-28,0,5,1,1,0","rabbit_cav2,foot,-33,-126,-62.6,0,8,1,1,0","rabbit_cav2,leg_up,-26,-243,68.7,0,15,1,1,0",,,"rabbit_cav2,sword_base,-100,-507,-173,0,11,1,1,0",,"rabbit_cav2,ear,-236,-360,122,0,0,1,1,0","rabbit_cav2,ear_back,-204,-366,108,0,12,1,1,0","rabbit_cav2,tail,-93.6,-179,-20,0,7,1,1,0",,,,,,,,"animal_hound,close,75,-356,35,0,3,1,1,0","animal_hound,neck,55,-305,18,0,6,1,1,0","animal_hound,body,-9,-193,36.5,0,7,1,1,0","animal_hound,arm_up,49,-208,38,0,7,1,1,0","animal_hound,arm_low,55,-145,-10,0,8,1,1,0","animal_hound,fist,69,-73,-31,0,8,1,1,0","animal_hound,arm_up,72,-195,41,1,15,1,1,0","animal_hound,arm_low,111,-132,13,0,15,1,1,0","animal_hound,fist,162,-66,4,0,21,1,1,0","animal_hound,leg_up,-104,-87,-9.7,0,6,1,1,0","animal_hound,leg_low,-96,-28,28,0,12,1,1,0","animal_hound,foot,-38,7,17.4,0,15,1,1,0","animal_hound,leg_up,-64,-117,27.7,0,14,1,1,0","animal_hound,leg_low,-31,-72,67.5,0,15,1,1,0","animal_hound,foot,43,-65,28.5,0,17,1,1,0",,,"animal_hound,ear,45,-303,40,0,2,1,1,0","animal_hound,ear,70,-315,20,0,13,1,1,0","animal_hound,tail,-159,-114,-30,0,6,1,1,0","animal_hound,mouth_low,103,-333,5,0,6,1,1,0",,,,,,,,,,,,,,,,,,,,,,,,,,,,,,,,,,,,,,,,,,,,,,,,,,,,,,,,,,,,,,,,,,,,,hold,,
Die/2,"rabbit_cav2,close,-256,-295,50,0,2,1,1,0","rabbit_cav2,neck,-224,-267,74,0,4,1,1,0","rabbit_cav2,body,-154,-247,76.5,0,5,1,1,0","rabbit_cav2,arm_up,-218,-270,-153,0,2,1,1,0","rabbit_cav2,arm_low,-256,-314,31,0,1,1,1,0","rabbit_cav2,fist,-278,-347,-149,0,8,1,1,0","rabbit_cav2,arm_up,-191,-253,-106,1,13,1,1,0","rabbit_cav2,arm_low,-185,-254,164,1,13,1,1,0","rabbit_cav2,fist,-168,-290,-174,1,19,1,1,0","rabbit_cav2,leg_up,-62,-210,66.3,0,4,1,1,0","rabbit_cav2,leg_low,-13,-176,42,0,5,1,1,0","rabbit_cav2,foot,6,-142,-12.6,0,8,1,1,0","rabbit_cav2,leg_up,-88,-236,98.7,0,15,1,1,0","rabbit_cav2,leg_low,-131,-234,121.5,0,13,1,1,0","rabbit_cav2,foot,-98,-241,22.5,0,15,1,1,0","rabbit_cav2,sword_base,-392,-374,-113,0,11,1,1,0",,"rabbit_cav2,ear,-337,-266,140,0,0,1,1,0","rabbit_cav2,ear_back,-313,-270,166,0,12,1,1,0","rabbit_cav2,tail,-102,-141,16,0,7,1,1,0",,,,,,,,"animal_hound,close,5,-380,46,0,3,1,1,0","animal_hound,neck,5,-335,28,0,6,1,1,0","animal_hound,body,-32,-203,53.5,0,7,1,1,0","animal_hound,arm_up,29,-248,58,0,7,1,1,0","animal_hound,arm_low,55,-195,10,0,8,1,1,0","animal_hound,fist,83,-117,-31,0,8,1,1,0","animal_hound,arm_up,42,-265,61,1,15,1,1,0","animal_hound,arm_low,91,-222,33,0,15,1,1,0","animal_hound,fist,162,-186,24,0,21,1,1,0","animal_hound,leg_up,-74,-77,20.3,0,6,1,1,0","animal_hound,leg_low,-52,-18,28,0,12,1,1,0","animal_hound,foot,12,17,47.4,0,15,1,1,0","animal_hound,leg_up,-44,-107,47.7,0,14,1,1,0","animal_hound,leg_low,20,-72,87.5,0,15,1,1,0","animal_hound,foot,84,-85,68.5,0,17,1,1,0",,,"animal_hound,ear,-29,-317,31,0,2,1,1,0","animal_hound,ear,-4,-329,11,0,13,1,1,0","animal_hound,tail,-159,-84,-20,0,6,1,1,0","animal_hound,mouth_low,33,-373,35,0,6,1,1,0",,,,,,,,,,,,,,,,,,,,,,,,,,,,,,,,,,,,,,,,,,,,,,,,,,,,,,,,,,,,,,,,,,,,,,,
Die/3,"rabbit_cav2,close,-296,-205,100,0,2,1,1,0","rabbit_cav2,neck,-254,-197,94,0,4,1,1,0","rabbit_cav2,body,-184,-207,96.5,0,5,1,1,0","rabbit_cav2,arm_up,-258,-199,-123,0,2,1,1,0","rabbit_cav2,arm_low,-299,-212,81,0,1,1,1,0","rabbit_cav2,fist,-337,-200,-59,0,8,1,1,0","rabbit_cav2,arm_up,-221,-203,-136,1,13,1,1,0","rabbit_cav2,arm_low,-215,-234,164,1,13,1,1,0","rabbit_cav2,fist,-198,-270,-174,1,19,1,1,0","rabbit_cav2,leg_up,-92,-189,67.3,0,4,1,1,0","rabbit_cav2,leg_low,-63,-146,2,0,5,1,1,0","rabbit_cav2,foot,-65,-97,-32.6,0,6,1,1,0","rabbit_cav2,leg_up,-118,-216,98.7,0,15,1,1,0","rabbit_cav2,leg_low,-161,-214,121.5,0,13,1,1,0","rabbit_cav2,foot,-48,-202,22.5,0,15,1,1,0","rabbit_cav2,sword_base,-442,-184,-93,0,11,1,1,0",,"rabbit_cav2,ear,-329,-128,-178,0,0,1,1,0","rabbit_cav2,ear_back,-303,-139,-152,0,12,1,1,0","rabbit_cav2,tail,-132,-121,16,0,7,1,1,0",,,,,,,,"animal_hound,close,-74,-369,76,0,3,1,1,0","animal_hound,neck,-56,-326,58,0,6,1,1,0","animal_hound,body,-38,-190,73.5,0,7,1,1,0","animal_hound,arm_up,5,-263,88,0,7,1,1,0","animal_hound,arm_low,48,-233,30,0,8,1,1,0","animal_hound,fist,100,-169,-11,0,8,1,1,0","animal_hound,arm_up,11,-275,81,1,15,1,1,0","animal_hound,arm_low,77,-281,83,0,15,1,1,0","animal_hound,fist,153,-287,44,0,21,1,1,0","animal_hound,leg_up,-27,-63,54.3,0,6,1,1,0","animal_hound,leg_low,6,-10,28,0,12,1,1,0","animal_hound,foot,68,22,37.4,0,14,1,1,0","animal_hound,leg_up,5,-95,77.7,0,14,1,1,0","animal_hound,leg_low,67,-100,123.5,0,15,1,1,0","animal_hound,foot,112,-150,78.5,0,17,1,1,0",,,"animal_hound,ear,-93,-298,21,0,2,1,1,0","animal_hound,ear,-74,-319,1,0,13,1,1,0","animal_hound,tail,-116,-35,0,0,6,1,1,0","animal_hound,mouth_low,-45,-373,55,0,6,1,1,0",,,,,,,,,,,,,,,,,,,,,,,,,,,,,,,,,,,,,,,,,,,,,,,,,,,,,,,,,,,,,,,,,,,,,,,
Die/4,"rabbit_cav2,close,-320,-118,120,0,2,1,1,0","rabbit_cav2,neck,-278,-129,124,0,4,1,1,0","rabbit_cav2,body,-214,-167,116.5,0,5,1,1,0","rabbit_cav2,arm_up,-288,-121,-77,0,2,1,1,0","rabbit_cav2,arm_low,-325,-100,125,0,1,1,1,0","rabbit_cav2,fist,-362,-81,-109,0,8,1,1,0","rabbit_cav2,arm_up,-251,-183,-136,1,13,1,1,0","rabbit_cav2,arm_low,-265,-224,-156,1,13,1,1,0","rabbit_cav2,fist,-274,-259,-134,1,19,1,1,0","rabbit_cav2,leg_up,-122,-169,67.3,0,4,1,1,0","rabbit_cav2,leg_low,-93,-126,2,0,5,1,1,0","rabbit_cav2,foot,-95,-77,-32.6,0,6,1,1,0","rabbit_cav2,leg_up,-148,-196,98.7,0,15,1,1,0","rabbit_cav2,leg_low,-85,-204,99.5,0,13,1,1,0","rabbit_cav2,foot,3,-179,42.5,0,15,1,1,0","rabbit_cav2,sword_base,-472,-54,-83,0,11,1,1,0",,"rabbit_cav2,ear,-342,-32,-158,0,2,1,1,0","rabbit_cav2,ear_back,-316,-43,-132,0,14,1,1,0","rabbit_cav2,tail,-162,-101,16,0,7,1,1,0",,,,,,,,"animal_hound,close,-128,-356,76,0,3,1,1,0","animal_hound,neck,-111,-310,58,0,6,1,1,0","animal_hound,body,-58,-183,90.5,0,7,1,1,0","animal_hound,arm_up,-45,-273,108,0,7,1,1,0","animal_hound,arm_low,18,-253,50,0,8,1,1,0","animal_hound,fist,80,-199,-11,0,8,1,1,0","animal_hound,arm_up,-29,-285,131,1,15,1,1,0","animal_hound,arm_low,11,-285,53,0,15,1,1,0","animal_hound,fist,72,-243,-16,0,21,1,1,0","animal_hound,leg_up,-21,-59,63.3,0,6,1,1,0","animal_hound,leg_low,26,-16,48,0,12,1,1,0","animal_hound,foot,98,7,37.4,0,14,1,1,0","animal_hound,leg_up,5,-105,87.7,0,14,1,1,0","animal_hound,leg_low,67,-120,123.5,0,15,1,1,0","animal_hound,foot,112,-170,78.5,0,17,1,1,0",,,"animal_hound,ear,-143,-282,21,0,2,1,1,0","animal_hound,ear,-124,-303,1,0,13,1,1,0","animal_hound,tail,-65,-5,40,0,6,1,1,0","animal_hound,mouth_low,-105,-363,65,0,6,1,1,0",,,,,,,,,,,,,,,,,,,,,,,,,,,,,,,,,,,,,,,,,,,,,,,,,,,,,,,,,,,,,,,,,,,,,,,
Die/5,"rabbit_cav2,close,-330,-76,122,0,2,1,1,0","rabbit_cav2,neck,-287,-89,114,0,4,1,1,0","rabbit_cav2,body,-214,-106,96.5,0,5,1,1,0","rabbit_cav2,arm_up,-288,-80,-67,0,2,1,1,0","rabbit_cav2,arm_low,-335,-60,95,0,1,1,1,0","rabbit_cav2,fist,-382,-54,-114,0,8,1,1,0","rabbit_cav2,arm_up,-271,-123,164,1,13,1,1,0","rabbit_cav2,arm_low,-259,-171,-176,1,13,1,1,0","rabbit_cav2,fist,-264,-206,-134,1,19,1,1,0","rabbit_cav2,leg_up,-112,-99,87.3,0,4,1,1,0","rabbit_cav2,leg_low,-63,-76,32,0,5,1,1,0","rabbit_cav2,foot,-44,-37,-2.6,0,5,1,1,0","rabbit_cav2,leg_up,-148,-116,108.7,0,15,1,1,0","rabbit_cav2,leg_low,-75,-114,99.5,0,13,1,1,0","rabbit_cav2,foot,-7,-99,22.5,0,15,1,1,0","rabbit_cav2,sword_base,-472,-24,-83,0,11,1,1,0",,"rabbit_cav2,ear,-312,8,-128,0,2,1,1,0","rabbit_cav2,ear_back,-305,-13,-112,0,14,1,1,0","rabbit_cav2,tail,-132,-21,36,0,7,1,1,0",,,,,,,,"animal_hound,close,-251,-254,112,0,3,1,1,0","animal_hound,neck,-212,-224,90,0,6,1,1,0","animal_hound,body,-99,-141,123.5,0,7,1,1,0","animal_hound,arm_up,-138,-227,140,0,7,1,1,0","animal_hound,arm_low,-72,-257,92,0,8,1,1,0","animal_hound,fist,8,-262,41,0,8,1,1,0","animal_hound,arm_up,-131,-247,163,1,15,1,1,0","animal_hound,arm_low,-94,-287,95,0,15,1,1,0","animal_hound,fist,-20,-296,26,0,21,1,1,0","animal_hound,leg_up,-5,-60,99.3,0,6,1,1,0","animal_hound,leg_low,65,-46,82,0,12,1,1,0","animal_hound,foot,135,-67,69.4,0,14,1,1,0","animal_hound,leg_up,-7,-111,119.7,0,14,1,1,0","animal_hound,leg_low,40,-157,155.5,0,15,1,1,0","animal_hound,foot,51,-223,110.5,0,17,1,1,0",,,"animal_hound,ear,-212,-182,63,0,2,1,1,0","animal_hound,ear,-218,-210,33,0,13,1,1,0","animal_hound,tail,-11,11,72,0,6,1,1,0","animal_hound,mouth_low,-238,-273,113,0,6,1,1,0",,,,,,,,,,,,,,,,,,,,,,,,,,,,,,,,,,,,,,,,,,,,,,,,,,,,,,,,,,,,,,,,,,,,,,,
Die/6,"rabbit_cav2,close,-339,-40,100,0,2,1,1,0","rabbit_cav2,neck,-290,-39,112,0,4,1,1,0","rabbit_cav2,body,-214,-53,90.5,0,5,1,1,0","rabbit_cav2,arm_up,-288,-30,-67,0,2,1,1,0","rabbit_cav2,arm_low,-335,-10,95,0,1,1,1,0","rabbit_cav2,fist,-382,-4,-114,0,8,1,1,0","rabbit_cav2,arm_up,-271,-73,164,1,13,1,1,0","rabbit_cav2,arm_low,-259,-121,-176,1,13,1,1,0","rabbit_cav2,fist,-264,-156,-134,1,19,1,1,0","rabbit_cav2,leg_up,-112,-47,91.3,0,4,1,1,0","rabbit_cav2,leg_low,-59,-36,62,0,5,1,1,0","rabbit_cav2,foot,-24,-17,17.4,0,5,1,1,0","rabbit_cav2,leg_up,-148,-66,108.7,0,15,1,1,0","rabbit_cav2,leg_low,-75,-64,99.5,0,13,1,1,0","rabbit_cav2,foot,-7,-49,22.5,0,15,1,1,0","rabbit_cav2,sword_base,-472,10,-86,0,11,1,1,0",,"rabbit_cav2,ear,-292,28,-98,0,2,1,1,0","rabbit_cav2,ear_back,-285,5,-82,0,14,1,1,0","rabbit_cav2,tail,-102,-1,76,0,7,1,1,0",,,,,,,,"animal_hound,close,-317,-118,146,0,3,1,1,0","animal_hound,neck,-265,-118,120,0,6,1,1,0","animal_hound,body,-127,-103,152.5,0,7,1,1,0","animal_hound,arm_up,-203,-167,-170,0,7,1,1,0","animal_hound,arm_low,-181,-226,142,0,8,1,1,0","animal_hound,fist,-124,-281,71,0,8,1,1,0","animal_hound,arm_up,-216,-178,-157,1,15,1,1,0","animal_hound,arm_low,-215,-231,145,0,15,1,1,0","animal_hound,fist,-172,-294,70,0,21,1,1,0","animal_hound,leg_up,-6,-91,142.3,0,6,1,1,0","animal_hound,leg_low,57,-115,100,0,12,1,1,0","animal_hound,foot,117,-161,89.4,0,14,1,1,0","animal_hound,leg_up,-32,-121,159.7,0,14,1,1,0","animal_hound,leg_low,17,-185,145.5,0,15,1,1,0","animal_hound,foot,51,-252,90.5,0,17,1,1,0",,,"animal_hound,ear,-245,-81,93,0,2,1,1,0","animal_hound,ear,-263,-102,63,0,13,1,1,0","animal_hound,tail,28,-14,102,0,6,1,1,0","animal_hound,mouth_low,-319,-145,148,0,6,1,1,0",,,,,,,,,,,,,,,,,,,,,,,,,,,,,,,,,,,,,,,,,,,,,,,,,,,,,,,,,,,,,,,,,,,,,,,
Die/7,"rabbit_cav2,close,-339,-10,100,0,2,1,1,0","rabbit_cav2,neck,-290,-9,112,0,4,1,1,0","rabbit_cav2,body,-214,-23,90.5,0,5,1,1,0","rabbit_cav2,arm_up,-288,0,-87,0,2,1,1,0","rabbit_cav2,arm_low,-336,3,83,0,1,1,1,0","rabbit_cav2,fist,-375,-2,-134,0,0,1,1,0","rabbit_cav2,arm_up,-271,-43,164,1,13,1,1,0","rabbit_cav2,arm_low,-259,-71,-156,1,13,1,1,0","rabbit_cav2,fist,-294,-96,-84,1,19,1,1,0","rabbit_cav2,leg_up,-112,-17,91.3,0,4,1,1,0","rabbit_cav2,leg_low,-59,-10,78,0,5,1,1,0","rabbit_cav2,foot,-15,3,37.4,0,5,1,1,0","rabbit_cav2,leg_up,-148,-36,108.7,0,15,1,1,0","rabbit_cav2,leg_low,-75,-34,99.5,0,13,1,1,0","rabbit_cav2,foot,-7,-19,22.5,0,15,1,1,0","rabbit_cav2,sword_base,-472,15,-88,0,11,1,1,0",,"rabbit_cav2,ear,-282,38,-88,0,2,1,1,0","rabbit_cav2,ear_back,-275,15,-72,0,14,1,1,0","rabbit_cav2,tail,-92,9,86,0,7,1,1,0",,,,,,,,"animal_hound,close,-318,-59,154,0,3,1,1,0","animal_hound,neck,-267,-68,128,0,6,1,1,0","animal_hound,body,-128,-77,160.5,0,7,1,1,0","animal_hound,arm_up,-215,-128,-162,0,7,1,1,0","animal_hound,arm_low,-197,-179,130,0,8,1,1,0","animal_hound,fist,-136,-230,69,0,8,1,1,0","animal_hound,arm_up,-229,-137,-149,1,15,1,1,0","animal_hound,arm_low,-237,-189,153,0,15,1,1,0","animal_hound,fist,-205,-252,74,0,21,1,1,0","animal_hound,leg_up,-13,-86,170.3,0,6,1,1,0","animal_hound,leg_low,32,-121,108,0,12,1,1,0","animal_hound,foot,93,-177,97.4,0,14,1,1,0","animal_hound,leg_up,-39,-112,-159.3,0,14,1,1,0","animal_hound,leg_low,-21,-173,143.5,0,15,1,1,0","animal_hound,foot,11,-245,98.5,0,17,1,1,0",,,"animal_hound,ear,-241,-35,101,0,2,1,1,0","animal_hound,ear,-262,-53,71,0,13,1,1,0","animal_hound,tail,40,-16,110,0,6,1,1,0","animal_hound,mouth_low,-325,-85,156,0,6,1,1,0",,,,,,,,,,,,,,,,,,,,,,,,,,,,,,,,,,,,,,,,,,,,,,,,,,,,,,,,,,,,,,,,,,,,,,,
Idle/0,"rabbit_cav2,head,5,-393,-12,0,2,1,1,0","rabbit_cav2,neck,-5,-358,-3,0,4,1,1,0","rabbit_cav2,body,-4,-286,-1.5,0,5,1,1,0","rabbit_cav2,arm_up,-26,-327,-30,0,4,1,1,0","rabbit_cav2,arm_low,-28,-292,28,0,5,1,1,0","rabbit_cav2,fist,4,-274,93,1,4,1,1,0","rabbit_cav2,arm_up,13,-324,18,1,13,1,1,0","rabbit_cav2,arm_low,53,-266,65,1,15,1,1,0","rabbit_cav2,fist,81,-238,17,0,23,1,1,0","rabbit_cav2,leg_up,4,-194,32.3,0,5,1,1,0","rabbit_cav2,leg_low,12,-145,-24,0,5,1,1,0","rabbit_cav2,foot,-11,-106,-58.6,0,6,1,1,0","rabbit_cav2,leg_up,5,-221,50.7,0,18,1,1,0","rabbit_cav2,leg_low,46,-176,16.5,0,19,1,1,0","rabbit_cav2,foot,29,-121,-17.5,0,21,1,1,0","rabbit_cav2,sword_base,69,-354,135,0,5,1,1,0",,"rabbit_cav2,ear,-46,-457,72,0,0,1,1,0","rabbit_cav2,ear_back,-12,-467,50,0,12,1,1,0","rabbit_cav2,tail,-70,-188,-44,0,14,1,1,0",,,,,,,,"animal_hound,head,171,-262,-20,0,4,1,1,0","animal_hound,neck,131,-237,-14,0,5,1,1,0","animal_hound,body,9.6,-174.4,-1.5,0,7,1,1,0","animal_hound,arm_up,64,-147.8,-25,0,7,1,1,0","animal_hound,arm_low,42.2,-67.6,3,0,6,1,1,0","animal_hound,fist,85.2,-3.2,9,0,8,1,1,0","animal_hound,arm_up,70,-155.2,11,1,15,1,1,0","animal_hound,arm_low,99.8,-93.4,33,1,15,1,1,0","animal_hound,fist,147.6,-28.2,14,0,21,1,1,0","animal_hound,leg_up,-101.2,-140.4,-11.7,0,6,1,1,0","animal_hound,leg_low,-119,-75.4,-2,0,12,1,1,0","animal_hound,foot,-85.8,-2.6,-2.6,0,15,1,1,0","animal_hound,leg_up,-56.8,-137.2,-12.3,0,14,1,1,0","animal_hound,leg_low,-61.8,-75.8,17.5,0,15,1,1,0","animal_hound,foot,-9.2,-16.6,8.5,0,17,1,1,0",,,"animal_hound,ear,111,-247,-3,0,1,1,1,0","animal_hound,ear,134,-258,-10,0,12,1,1,0","animal_hound,tail,-133.6,-154.4,-16,0,6,1,1,0","animal_hound,mouth_low,182,-237,-21,0,5,1,1,0",,,,,,,,,,,,,,,,,,,,,,,,,,,,,,,,,,,,,,,,,,,,,,,,,,,,,,,,,,,,,,,,,,,,,play_time_mod_2,,
Idle/1,"rabbit_cav2,head,8,-391,-14,0,2,1,1,0","rabbit_cav2,neck,-3,-357,-4,0,4,1,1,0","rabbit_cav2,body,-4,-285,-2.5,0,5,1,1,0","rabbit_cav2,arm_up,-26,-324,-31,0,4,1,1,0","rabbit_cav2,arm_low,-28,-289,27,0,5,1,1,0","rabbit_cav2,fist,4,-271,92,1,4,1,1,0","rabbit_cav2,arm_up,13,-323,18,1,13,1,1,0","rabbit_cav2,arm_low,53,-265,65,1,15,1,1,0","rabbit_cav2,fist,81,-237,17,0,23,1,1,0","rabbit_cav2,leg_up,4,-193,33.3,0,5,1,1,0","rabbit_cav2,leg_low,12,-144,-26,0,5,1,1,0","rabbit_cav2,foot,-11,-106,-60.6,0,6,1,1,0","rabbit_cav2,leg_up,5,-221,50.7,0,18,1,1,0","rabbit_cav2,leg_low,46,-176,16.5,0,19,1,1,0","rabbit_cav2,foot,29,-121,-17.5,0,21,1,1,0","rabbit_cav2,sword_base,69,-350,134,0,5,1,1,0",,"rabbit_cav2,ear,-45,-454,71,0,0,1,1,0","rabbit_cav2,ear_back,-9,-463,49,0,12,1,1,0","rabbit_cav2,tail,-70,-187,-45,0,14,1,1,0",,,,,,,,"animal_hound,head,171,-261,-18,0,4,1,1,0","animal_hound,neck,131,-236,-15,0,5,1,1,0","animal_hound,body,9,-173,-1.5,0,7,1,1,0","animal_hound,arm_up,64,-146,-26,0,7,1,1,0","animal_hound,arm_low,41,-67,5,0,6,1,1,0","animal_hound,fist,85.2,-3.2,8,0,8,1,1,0","animal_hound,arm_up,70,-155.2,11,1,15,1,1,0","animal_hound,arm_low,99.8,-93.4,34,1,15,1,1,0","animal_hound,fist,147.6,-28.2,14,0,21,1,1,0","animal_hound,leg_up,-101.2,-140.4,-11.7,0,6,1,1,0","animal_hound,leg_low,-119,-75.4,-2,0,12,1,1,0","animal_hound,foot,-85.8,-2.6,-2.6,0,15,1,1,0","animal_hound,leg_up,-56.8,-137.2,-12.3,0,14,1,1,0","animal_hound,leg_low,-61.8,-75.8,17.5,0,15,1,1,0","animal_hound,foot,-9.2,-16.6,8.5,0,17,1,1,0",,,"animal_hound,ear,111,-246,-5,0,1,1,1,0","animal_hound,ear,134,-256,-9,0,12,1,1,0","animal_hound,tail,-133,-153,-15,0,6,1,1,0","animal_hound,mouth_low,182,-236,-22,0,5,1,1,0",,,,,,,,,,,,,,,,,,,,,,,,,,,,,,,,,,,,,,,,,,,,,,,,,,,,,,,,,,,,,,,,,,,,,,,
Idle/2,"rabbit_cav2,head,11,-389,-16,0,2,1,1,0","rabbit_cav2,neck,-2,-356,-5,0,4,1,1,0","rabbit_cav2,body,-4,-283,-4.5,0,5,1,1,0","rabbit_cav2,arm_up,-26,-323,-32,0,4,1,1,0","rabbit_cav2,arm_low,-28,-288,26,0,5,1,1,0","rabbit_cav2,fist,4,-270,91,1,4,1,1,0","rabbit_cav2,arm_up,13,-322,17,1,13,1,1,0","rabbit_cav2,arm_low,53,-262,64,1,15,1,1,0","rabbit_cav2,fist,81,-234,14,0,23,1,1,0","rabbit_cav2,leg_up,4,-192,32.3,0,5,1,1,0","rabbit_cav2,leg_low,12,-143,-27,0,5,1,1,0","rabbit_cav2,foot,-11,-105,-61.6,0,6,1,1,0","rabbit_cav2,leg_up,5,-220,49.7,0,18,1,1,0","rabbit_cav2,leg_low,46,-175,15.5,0,19,1,1,0","rabbit_cav2,foot,29,-120,-18.5,0,21,1,1,0","rabbit_cav2,sword_base,69,-346,132,0,5,1,1,0",,"rabbit_cav2,ear,-45,-452,73,0,0,1,1,0","rabbit_cav2,ear_back,-4,-456,44,0,12,1,1,0","rabbit_cav2,tail,-70,-186,-46,0,14,1,1,0",,,,,,,,"animal_hound,head,171,-260,-15,0,4,1,1,0","animal_hound,neck,131,-233,-17,0,5,1,1,0","animal_hound,body,9,-172,-2.5,0,7,1,1,0","animal_hound,arm_up,64,-144,-27,0,7,1,1,0","animal_hound,arm_low,41,-66,8,0,6,1,1,0","animal_hound,fist,85.2,-3.2,4,0,8,1,1,0","animal_hound,arm_up,70,-155.2,11,1,15,1,1,0","animal_hound,arm_low,99,-89,34,1,15,1,1,0","animal_hound,fist,147.6,-28.2,17,0,21,1,1,0","animal_hound,leg_up,-101,-139,-12.7,0,6,1,1,0","animal_hound,leg_low,-119,-75.4,-1,0,12,1,1,0","animal_hound,foot,-85.8,-2.6,-3.6,0,15,1,1,0","animal_hound,leg_up,-56.8,-137.2,-12.3,0,14,1,1,0","animal_hound,leg_low,-61.8,-75.8,17.5,0,15,1,1,0","animal_hound,foot,-9.2,-16.6,8.5,0,17,1,1,0",,,"animal_hound,ear,112,-244,-3,0,1,1,1,0","animal_hound,ear,134,-254,-9,0,12,1,1,0","animal_hound,tail,-131,-150,-12,0,6,1,1,0","animal_hound,mouth_low,182,-233,-27,0,5,1,1,0",,,,,,,,,,,,,,,,,,,,,,,,,,,,,,,,,,,,,,,,,,,,,,,,,,,,,,,,,,,,,,,,,,,,,,,
Idle/3,"rabbit_cav2,head,12,-386,-18,0,2,1,1,0","rabbit_cav2,neck,-2,-354,-6,0,4,1,1,0","rabbit_cav2,body,-4,-281,-5.5,0,5,1,1,0","rabbit_cav2,arm_up,-26,-321,-33,0,4,1,1,0","rabbit_cav2,arm_low,-28,-286,25,0,5,1,1,0","rabbit_cav2,fist,4,-268,90,1,4,1,1,0","rabbit_cav2,arm_up,13,-320,16,1,13,1,1,0","rabbit_cav2,arm_low,53,-260,63,1,15,1,1,0","rabbit_cav2,fist,81,-232,13,0,23,1,1,0","rabbit_cav2,leg_up,4,-190,31.3,0,5,1,1,0","rabbit_cav2,leg_low,12,-141,-28,0,5,1,1,0","rabbit_cav2,foot,-11,-103,-62.6,0,6,1,1,0","rabbit_cav2,leg_up,5,-218,48.7,0,18,1,1,0","rabbit_cav2,leg_low,46,-173,14.5,0,19,1,1,0","rabbit_cav2,foot,29,-118,-19.5,0,21,1,1,0","rabbit_cav2,sword_base,69,-344,131,0,5,1,1,0",,"rabbit_cav2,ear,-44,-450,72,0,0,1,1,0","rabbit_cav2,ear_back,-4,-453,44,0,12,1,1,0","rabbit_cav2,tail,-70,-184,-47,0,14,1,1,0",,,,,,,,"animal_hound,head,171,-259,-13,0,4,1,1,0","animal_hound,neck,131,-230,-18,0,5,1,1,0","animal_hound,body,9,-171,-3.5,0,7,1,1,0","animal_hound,arm_up,64,-142,-29,0,7,1,1,0","animal_hound,arm_low,41,-65,10,0,6,1,1,0","animal_hound,fist,86,-3,7,0,8,1,1,0","animal_hound,arm_up,70,-155.2,11,1,15,1,1,0","animal_hound,arm_low,99,-89,34,1,15,1,1,0","animal_hound,fist,147.6,-28.2,17,0,21,1,1,0","animal_hound,leg_up,-101,-137,-12.7,0,6,1,1,0","animal_hound,leg_low,-119,-73,-1,0,12,1,1,0","animal_hound,foot,-85.8,-2.6,-1.6,0,15,1,1,0","animal_hound,leg_up,-56.8,-137.2,-13.3,0,14,1,1,0","animal_hound,leg_low,-61,-74,18.5,0,15,1,1,0","animal_hound,foot,-9,-15,9.5,0,17,1,1,0",,,"animal_hound,ear,113,-241,-1,0,1,1,1,0","animal_hound,ear,135,-253,-7,0,12,1,1,0","animal_hound,tail,-131,-150,-12,0,6,1,1,0","animal_hound,mouth_low,182,-230,-30,0,5,1,1,0",,,,,,,,,,,,,,,,,,,,,,,,,,,,,,,,,,,,,,,,,,,,,,,,,,,,,,,,,,,,,,,,,,,,,,,
Idle/4,"rabbit_cav2,head,14,-384,-21,0,2,1,1,0","rabbit_cav2,neck,0,-352,-7,0,4,1,1,0","rabbit_cav2,body,-4,-279,-6.5,0,5,1,1,0","rabbit_cav2,arm_up,-26,-318,-35,0,4,1,1,0","rabbit_cav2,arm_low,-29,-282,22,0,5,1,1,0","rabbit_cav2,fist,4,-257,86,1,4,1,1,0","rabbit_cav2,arm_up,13,-318,15,1,13,1,1,0","rabbit_cav2,arm_low,54,-256,62,1,15,1,1,0","rabbit_cav2,fist,83,-228,16,0,23,1,1,0","rabbit_cav2,leg_up,4,-188,30.3,0,5,1,1,0","rabbit_cav2,leg_low,12,-139,-29,0,5,1,1,0","rabbit_cav2,foot,-11,-101,-63.6,0,6,1,1,0","rabbit_cav2,leg_up,5,-216,47.7,0,18,1,1,0","rabbit_cav2,leg_low,46,-171,13.5,0,19,1,1,0","rabbit_cav2,foot,29,-116,-20.5,0,21,1,1,0","rabbit_cav2,sword_base,72,-336,131,0,5,1,1,0",,"rabbit_cav2,ear,-41,-449,71,0,0,1,1,0","rabbit_cav2,ear_back,1,-451,42,0,12,1,1,0","rabbit_cav2,tail,-70,-182,-48,0,14,1,1,0",,,,,,,,"animal_hound,head,171,-255,-10,0,4,1,1,0","animal_hound,neck,131,-224,-20,0,5,1,1,0","animal_hound,body,9,-168,-6.5,0,7,1,1,0","animal_hound,arm_up,64,-141,-30,0,7,1,1,0","animal_hound,arm_low,41,-64,12,0,6,1,1,0","animal_hound,fist,86,-3,5,0,8,1,1,0","animal_hound,arm_up,70,-155.2,11,1,15,1,1,0","animal_hound,arm_low,101,-88,36,1,15,1,1,0","animal_hound,fist,147.6,-28.2,15,0,21,1,1,0","animal_hound,leg_up,-101,-137,-14.7,0,6,1,1,0","animal_hound,leg_low,-119,-73,0,0,12,1,1,0","animal_hound,foot,-85.8,-2.6,0.4,0,15,1,1,0","animal_hound,leg_up,-56.8,-137.2,-13.3,0,14,1,1,0","animal_hound,leg_low,-61,-74,18.5,0,15,1,1,0","animal_hound,foot,-9,-15,9.5,0,17,1,1,0",,,"animal_hound,ear,114,-235,-1,0,1,1,1,0","animal_hound,ear,137,-248,-7,0,12,1,1,0","animal_hound,tail,-130,-157,-15,0,6,1,1,0","animal_hound,mouth_low,182,-224,-30,0,5,1,1,0",,,,,,,,,,,,,,,,,,,,,,,,,,,,,,,,,,,,,,,,,,,,,,,,,,,,,,,,,,,,,,,,,,,,,,,
Idle/5,"rabbit_cav2,head,19,-381,-20,0,2,1,1,0","rabbit_cav2,neck,5,-349,-9,0,4,1,1,0","rabbit_cav2,body,-1,-277,-5.5,0,5,1,1,0","rabbit_cav2,arm_up,-25,-316,-37,0,4,1,1,0","rabbit_cav2,arm_low,-28,-280,20,0,5,1,1,0","rabbit_cav2,fist,5,-255,84,1,4,1,1,0","rabbit_cav2,arm_up,14,-316,13,1,13,1,1,0","rabbit_cav2,arm_low,55,-254,60,1,15,1,1,0","rabbit_cav2,fist,84,-226,14,0,23,1,1,0","rabbit_cav2,leg_up,5,-186,28.3,0,5,1,1,0","rabbit_cav2,leg_low,13,-137,-31,0,5,1,1,0","rabbit_cav2,foot,-10,-99,-65.6,0,6,1,1,0","rabbit_cav2,leg_up,6,-214,45.7,0,18,1,1,0","rabbit_cav2,leg_low,47,-169,11.5,0,19,1,1,0","rabbit_cav2,foot,30,-114,-22.5,0,21,1,1,0","rabbit_cav2,sword_base,75,-333,130,0,5,1,1,0",,"rabbit_cav2,ear,-38,-444,75,0,0,1,1,0","rabbit_cav2,ear_back,6,-445,45,0,12,1,1,0","rabbit_cav2,tail,-69,-180,-50,0,14,1,1,0",,,,,,,,"animal_hound,head,171,-252,-5,0,4,1,1,0","animal_hound,neck,131,-217,-18,0,5,1,1,0","animal_hound,body,9,-167,-9.5,0,7,1,1,0","animal_hound,arm_up,61,-135,-31,0,7,1,1,0","animal_hound,arm_low,41,-63,15,0,6,1,1,0","animal_hound,fist,86,-1,2,0,8,1,1,0","animal_hound,arm_up,70,-155.2,11,1,15,1,1,0","animal_hound,arm_low,101,-88,36,1,15,1,1,0","animal_hound,fist,147.6,-28.2,18,0,21,1,1,0","animal_hound,leg_up,-101,-139,-14.7,0,6,1,1,0","animal_hound,leg_low,-119,-73,0,0,12,1,1,0","animal_hound,foot,-85.8,-2.6,0.4,0,15,1,1,0","animal_hound,leg_up,-56,-136,-11.3,0,14,1,1,0","animal_hound,leg_low,-60,-74,17.5,0,15,1,1,0","animal_hound,foot,-9,-15,11.5,0,17,1,1,0",,,"animal_hound,ear,111,-231,-4,0,1,1,1,0","animal_hound,ear,134,-242,-10,0,12,1,1,0","animal_hound,tail,-130,-161,-17,0,6,1,1,0","animal_hound,mouth_low,179,-216,-32,0,5,1,1,0",,,,,,,,,,,,,,,,,,,,,,,,,,,,,,,,,,,,,,,,,,,,,,,,,,,,,,,,,,,,,,,,,,,,,play_time_mod_1.2,,
Idle/6,"rabbit_cav2,head,13,-386,-17,0,2,1,1,0","rabbit_cav2,neck,-2,-354,-6,0,4,1,1,0","rabbit_cav2,body,-4,-281,-5.5,0,5,1,1,0","rabbit_cav2,arm_up,-24,-321,-29,0,4,1,1,0","rabbit_cav2,arm_low,-27,-281,25,0,5,1,1,0","rabbit_cav2,fist,5,-263,90,1,4,1,1,0","rabbit_cav2,arm_up,13,-320,16,1,13,1,1,0","rabbit_cav2,arm_low,53,-260,63,1,15,1,1,0","rabbit_cav2,fist,81,-232,13,0,23,1,1,0","rabbit_cav2,leg_up,4,-190,31.3,0,5,1,1,0","rabbit_cav2,leg_low,12,-141,-28,0,5,1,1,0","rabbit_cav2,foot,-11,-103,-62.6,0,6,1,1,0","rabbit_cav2,leg_up,5,-218,48.7,0,18,1,1,0","rabbit_cav2,leg_low,46,-173,14.5,0,19,1,1,0","rabbit_cav2,foot,29,-118,-19.5,0,21,1,1,0","rabbit_cav2,sword_base,76,-340,130,0,5,1,1,0",,"rabbit_cav2,ear,-43,-449,73,0,0,1,1,0","rabbit_cav2,ear_back,-2,-453,45,0,12,1,1,0","rabbit_cav2,tail,-70,-184,-47,0,14,1,1,0",,,,,,,,"animal_hound,head,171,-259,-13,0,4,1,1,0","animal_hound,neck,131,-230,-18,0,5,1,1,0","animal_hound,body,9,-171,-3.5,0,7,1,1,0","animal_hound,arm_up,64,-142,-29,0,7,1,1,0","animal_hound,arm_low,41,-65,10,0,6,1,1,0","animal_hound,fist,86,-3,7,0,8,1,1,0","animal_hound,arm_up,70,-155.2,11,1,15,1,1,0","animal_hound,arm_low,99,-89,34,1,15,1,1,0","animal_hound,fist,147.6,-28.2,17,0,21,1,1,0","animal_hound,leg_up,-101,-137,-12.7,0,6,1,1,0","animal_hound,leg_low,-119,-73,-1,0,12,1,1,0","animal_hound,foot,-85.8,-2.6,-1.6,0,15,1,1,0","animal_hound,leg_up,-56.8,-137.2,-13.3,0,14,1,1,0","animal_hound,leg_low,-61,-74,18.5,0,15,1,1,0","animal_hound,foot,-9,-15,9.5,0,17,1,1,0",,,"animal_hound,ear,113,-241,-1,0,1,1,1,0","animal_hound,ear,136,-253,-7,0,12,1,1,0","animal_hound,tail,-132,-148,-11,0,6,1,1,0","animal_hound,mouth_low,182,-230,-30,0,5,1,1,0",,,,,,,,,,,,,,,,,,,,,,,,,,,,,,,,,,,,,,,,,,,,,,,,,,,,,,,,,,,,,,,,,,,,,play_time_mod_1.2,,
Idle/7,"rabbit_cav2,head,11,-389,-16,0,2,1,1,0","rabbit_cav2,neck,-2,-356,-5,0,4,1,1,0","rabbit_cav2,body,-4,-283,-4.5,0,5,1,1,0","rabbit_cav2,arm_up,-26,-323,-32,0,4,1,1,0","rabbit_cav2,arm_low,-28,-288,26,0,5,1,1,0","rabbit_cav2,fist,4,-270,91,1,4,1,1,0","rabbit_cav2,arm_up,13,-322,17,1,13,1,1,0","rabbit_cav2,arm_low,53,-262,64,1,15,1,1,0","rabbit_cav2,fist,81,-234,14,0,23,1,1,0","rabbit_cav2,leg_up,4,-192,32.3,0,5,1,1,0","rabbit_cav2,leg_low,12,-143,-27,0,5,1,1,0","rabbit_cav2,foot,-11,-105,-61.6,0,6,1,1,0","rabbit_cav2,leg_up,5,-220,49.7,0,18,1,1,0","rabbit_cav2,leg_low,46,-175,15.5,0,19,1,1,0","rabbit_cav2,foot,29,-120,-18.5,0,21,1,1,0","rabbit_cav2,sword_base,69,-346,132,0,5,1,1,0",,"rabbit_cav2,ear,-45,-452,73,0,0,1,1,0","rabbit_cav2,ear_back,-4,-456,44,0,12,1,1,0","rabbit_cav2,tail,-70,-186,-46,0,14,1,1,0",,,,,,,,"animal_hound,head,171,-260,-15,0,4,1,1,0","animal_hound,neck,131,-233,-17,0,5,1,1,0","animal_hound,body,9,-172,-2.5,0,7,1,1,0","animal_hound,arm_up,64,-144,-27,0,7,1,1,0","animal_hound,arm_low,41,-66,8,0,6,1,1,0","animal_hound,fist,85.2,-3.2,4,0,8,1,1,0","animal_hound,arm_up,70,-155.2,11,1,15,1,1,0","animal_hound,arm_low,99,-89,34,1,15,1,1,0","animal_hound,fist,147.6,-28.2,17,0,21,1,1,0","animal_hound,leg_up,-101,-139,-12.7,0,6,1,1,0","animal_hound,leg_low,-119,-75.4,-1,0,12,1,1,0","animal_hound,foot,-85.8,-2.6,-3.6,0,15,1,1,0","animal_hound,leg_up,-56.8,-137.2,-12.3,0,14,1,1,0","animal_hound,leg_low,-61.8,-75.8,17.5,0,15,1,1,0","animal_hound,foot,-9.2,-16.6,8.5,0,17,1,1,0",,,"animal_hound,ear,112,-244,-3,0,1,1,1,0","animal_hound,ear,134,-254,-9,0,12,1,1,0","animal_hound,tail,-132,-150,-12,0,6,1,1,0","animal_hound,mouth_low,182,-233,-27,0,5,1,1,0",,,,,,,,,,,,,,,,,,,,,,,,,,,,,,,,,,,,,,,,,,,,,,,,,,,,,,,,,,,,,,,,,,,,,,,
Idle/8,"rabbit_cav2,head,8,-391,-14,0,2,1,1,0","rabbit_cav2,neck,-3,-357,-4,0,4,1,1,0","rabbit_cav2,body,-4,-285,-2.5,0,5,1,1,0","rabbit_cav2,arm_up,-26,-324,-31,0,4,1,1,0","rabbit_cav2,arm_low,-28,-289,27,0,5,1,1,0","rabbit_cav2,fist,4,-271,92,1,4,1,1,0","rabbit_cav2,arm_up,13,-323,18,1,13,1,1,0","rabbit_cav2,arm_low,53,-265,65,1,15,1,1,0","rabbit_cav2,fist,81,-237,17,0,23,1,1,0","rabbit_cav2,leg_up,4,-193,33.3,0,5,1,1,0","rabbit_cav2,leg_low,12,-144,-26,0,5,1,1,0","rabbit_cav2,foot,-11,-106,-60.6,0,6,1,1,0","rabbit_cav2,leg_up,5,-221,50.7,0,18,1,1,0","rabbit_cav2,leg_low,46,-176,16.5,0,19,1,1,0","rabbit_cav2,foot,29,-121,-17.5,0,21,1,1,0","rabbit_cav2,sword_base,69,-350,134,0,5,1,1,0",,"rabbit_cav2,ear,-45,-454,71,0,0,1,1,0","rabbit_cav2,ear_back,-9,-463,49,0,12,1,1,0","rabbit_cav2,tail,-70,-187,-45,0,14,1,1,0",,,,,,,,"animal_hound,head,171,-261,-18,0,4,1,1,0","animal_hound,neck,131,-236,-15,0,5,1,1,0","animal_hound,body,9,-173,-1.5,0,7,1,1,0","animal_hound,arm_up,64,-146,-26,0,7,1,1,0","animal_hound,arm_low,41,-67,5,0,6,1,1,0","animal_hound,fist,85.2,-3.2,8,0,8,1,1,0","animal_hound,arm_up,70,-155.2,11,1,15,1,1,0","animal_hound,arm_low,99.8,-93.4,34,1,15,1,1,0","animal_hound,fist,147.6,-28.2,14,0,21,1,1,0","animal_hound,leg_up,-101.2,-140.4,-11.7,0,6,1,1,0","animal_hound,leg_low,-119,-75.4,-2,0,12,1,1,0","animal_hound,foot,-85.8,-2.6,-2.6,0,15,1,1,0","animal_hound,leg_up,-56.8,-137.2,-12.3,0,14,1,1,0","animal_hound,leg_low,-61.8,-75.8,17.5,0,15,1,1,0","animal_hound,foot,-9.2,-16.6,8.5,0,17,1,1,0",,,"animal_hound,ear,111,-246,-5,0,1,1,1,0","animal_hound,ear,134,-256,-9,0,12,1,1,0","animal_hound,tail,-133,-153,-15,0,6,1,1,0","animal_hound,mouth_low,182,-236,-22,0,5,1,1,0",,,,,,,,,,,,,,,,,,,,,,,,,,,,,,,,,,,,,,,,,,,,,,,,,,,,,,,,,,,,,,,,,,,,,,,
Knockdown/0,"rabbit_cav2,head,40,-386,-24,0,2,1,1,0","rabbit_cav2,neck,21,-353,-12,0,4,1,1,0","rabbit_cav2,body,6,-283,-14.5,0,5,1,1,0","rabbit_cav2,arm_up,-10,-331,-55,0,4,1,1,0","rabbit_cav2,arm_low,-28,-298,-7,0,5,1,1,0","rabbit_cav2,fist,-16,-260,55,1,4,1,1,0","rabbit_cav2,arm_up,13,-322,14,1,13,1,1,0","rabbit_cav2,arm_low,53,-262,61,1,15,1,1,0","rabbit_cav2,fist,81,-234,11,0,23,1,1,0","rabbit_cav2,leg_up,4,-192,29.3,0,5,1,1,0","rabbit_cav2,leg_low,12,-143,-30,0,5,1,1,0","rabbit_cav2,foot,-11,-105,-64.6,0,6,1,1,0","rabbit_cav2,leg_up,5,-220,46.7,0,18,1,1,0","rabbit_cav2,leg_low,46,-175,12.5,0,19,1,1,0","rabbit_cav2,foot,29,-120,-21.5,0,21,1,1,0","rabbit_cav2,sword_base,59,-315,117,0,5,1,1,0",,"rabbit_cav2,ear,0,-459,61,0,0,1,1,0","rabbit_cav2,ear_back,41,-463,32,0,12,1,1,0","rabbit_cav2,tail,-70,-186,-49,0,14,1,1,0",,,,,,,,"animal_hound,head,178,-233,-27,0,4,1,1,0","animal_hound,neck,133,-218,-25,0,5,1,1,0","animal_hound,body,9,-168,-8.5,0,7,1,1,0","animal_hound,arm_up,64,-145,-40,0,7,1,1,0","animal_hound,arm_low,41,-86,25,0,6,1,1,0","animal_hound,fist,84,-16,-29,0,8,1,1,0","animal_hound,arm_up,70,-155.2,8,1,15,1,1,0","animal_hound,arm_low,102,-89,37,1,15,1,1,0","animal_hound,fist,151,-28,9,0,21,1,1,0","animal_hound,leg_up,-110,-139,-16.7,0,6,1,1,0","animal_hound,leg_low,-144,-75,-24,0,12,1,1,0","animal_hound,foot,-155,8,-46.6,0,15,1,1,0","animal_hound,leg_up,-56.8,-137.2,-20.3,0,14,1,1,0","animal_hound,leg_low,-74,-65,12.5,0,15,1,1,0","animal_hound,foot,-27,-4,5.5,0,17,1,1,0",,,"animal_hound,ear,109,-247,-47,0,1,1,1,0","animal_hound,ear,136,-277,-94,0,12,1,1,0","animal_hound,tail,-133,-160,-23,0,6,1,1,0","animal_hound,mouth_low,181,-201,-41,0,5,1,1,0",,,,,,,,,,,,,,,,,,,,,,,,,,,,,,,,,,,,,,,,,,,,,,,,,,,,,,,,,,,,,,,,,,,,,,,
Knockdown/1,"rabbit_cav2,close,86,-346,-46,0,2,1,1,0","rabbit_cav2,neck,56,-322,-33,0,4,1,1,0","rabbit_cav2,body,26,-260,-24.5,0,5,1,1,0","rabbit_cav2,arm_up,16,-308,-71,0,4,1,1,0","rabbit_cav2,arm_low,-19,-283,-47,0,5,1,1,0","rabbit_cav2,fist,-36,-255,-10,1,0,1,1,0","rabbit_cav2,arm_up,63,-279,14,1,13,1,1,0","rabbit_cav2,arm_low,73,-230,31,1,15,1,1,0","rabbit_cav2,fist,81,-212,-19,0,23,1,1,0","rabbit_cav2,leg_up,4,-179,19.3,0,5,1,1,0","rabbit_cav2,leg_low,-8,-130,-50,0,5,1,1,0","rabbit_cav2,foot,-50,-102,-94.6,0,6,1,1,0","rabbit_cav2,leg_up,25,-197,36.7,0,18,1,1,0","rabbit_cav2,leg_low,66,-147,-1.5,0,19,1,1,0","rabbit_cav2,foot,49,-97,-31.5,0,21,1,1,0","rabbit_cav2,sword_base,55,-204,53,0,2,1,1,0",,"rabbit_cav2,ear,88,-431,29,0,0,1,1,0","rabbit_cav2,ear_back,128,-408,2,0,12,1,1,0","rabbit_cav2,tail,-50,-163,-59,0,14,1,1,0",,,,,,,,"animal_hound,head,188,-205,-37,0,4,1,1,0","animal_hound,neck,143,-193,-35,0,5,1,1,0","animal_hound,body,9,-161,-14.5,0,7,1,1,0","animal_hound,arm_up,64,-135,-50,0,7,1,1,0","animal_hound,arm_low,31,-86,15,0,6,1,1,0","animal_hound,fist,51,-9,-49,0,8,1,1,0","animal_hound,arm_up,70,-155.2,8,1,15,1,1,0","animal_hound,arm_low,113,-89,47,1,15,1,1,0","animal_hound,fist,162,-28,-1,0,21,1,1,0","animal_hound,leg_up,-110,-139,-17.7,0,6,1,1,0","animal_hound,leg_low,-164,-86,-44,0,12,1,1,0","animal_hound,foot,-187,-12,-49.6,0,15,1,1,0","animal_hound,leg_up,-56.8,-137.2,-30.3,0,14,1,1,0","animal_hound,leg_low,-89,-71,-1.5,0,15,1,1,0","animal_hound,foot,-67,6,-24.5,0,17,1,1,0",,,"animal_hound,ear,120,-228,-57,0,1,1,1,0","animal_hound,ear,148,-258,-107,0,12,1,1,0","animal_hound,tail,-133,-164,-25,0,6,1,1,0","animal_hound,mouth_low,191,-175,-51,0,5,1,1,0",,,,,,,,,,,,,,,,,,,,,,,,,,,,,,,,,,,,,,,,,,,,,,,,,,,,,,,,,,,,,,,,,,,,,,,
Knockdown/2,"rabbit_cav2,close,112,-327,-53,0,2,1,1,0","rabbit_cav2,neck,82,-303,-40,0,4,1,1,0","rabbit_cav2,body,46,-244,-30.5,0,5,1,1,0","rabbit_cav2,arm_up,36,-292,-77,0,4,1,1,0","rabbit_cav2,arm_low,-4,-271,-55,0,5,1,1,0","rabbit_cav2,fist,-29,-243,-19,1,0,1,1,0","rabbit_cav2,arm_up,83,-263,8,1,13,1,1,0","rabbit_cav2,arm_low,93,-214,25,1,15,1,1,0","rabbit_cav2,fist,101,-196,-25,0,23,1,1,0","rabbit_cav2,leg_up,24,-163,13.3,0,5,1,1,0","rabbit_cav2,leg_low,12,-114,-56,0,5,1,1,0","rabbit_cav2,foot,-30,-86,-100.6,0,6,1,1,0","rabbit_cav2,leg_up,45,-181,30.7,0,18,1,1,0","rabbit_cav2,leg_low,86,-131,-7.5,0,19,1,1,0","rabbit_cav2,foot,69,-81,-37.5,0,21,1,1,0","rabbit_cav2,sword_base,34,-158,27,0,2,1,1,0",,"rabbit_cav2,ear,114,-412,22,0,0,1,1,0","rabbit_cav2,ear_back,154,-389,-5,0,12,1,1,0","rabbit_cav2,tail,-30,-147,-65,0,14,1,1,0",,,,,,,,"animal_hound,close,193,-173,-48,0,4,1,1,0","animal_hound,neck,145,-174,-40,0,5,1,1,0","animal_hound,body,9,-155,-20.5,0,7,1,1,0","animal_hound,arm_up,64,-129,-56,0,7,1,1,0","animal_hound,arm_low,31,-80,9,0,6,1,1,0","animal_hound,fist,46,-3,-58,0,8,1,1,0","animal_hound,arm_up,70,-149,2,1,15,1,1,0","animal_hound,arm_low,116,-83,46,1,15,1,1,0","animal_hound,fist,157,-15,-19,0,21,1,1,0","animal_hound,leg_up,-110,-138,-20.7,0,6,1,1,0","animal_hound,leg_low,-168,-88,-58,0,12,1,1,0","animal_hound,foot,-212,-19,-67.6,0,15,1,1,0","animal_hound,leg_up,-56,-131,-36.3,0,14,1,1,0","animal_hound,leg_low,-86,-68,-1.5,0,15,1,1,0","animal_hound,foot,-62,10,-25.5,0,17,1,1,0",,,"animal_hound,ear,124,-213,-70,0,1,1,1,0","animal_hound,ear,157,-242,-127,0,12,1,1,0","animal_hound,tail,-129,-180,-39,0,6,1,1,0","animal_hound,mouth_low,184,-146,-63,0,5,1,1,0",,,,,,,,,,,,,,,,,,,,,,,,,,,,,,,,,,,,,,,,,,,,,,,,,,,,,,,,,,,,,,,,,,,,,hold,,
Knockdown/3,"rabbit_cav2,close,152,-293,-66,0,2,1,1,0","rabbit_cav2,neck,120,-282,-50,0,4,1,1,0","rabbit_cav2,body,73,-226,-38.5,0,5,1,1,0","rabbit_cav2,arm_up,76,-273,-83,0,4,1,1,0","rabbit_cav2,arm_low,36,-255,-58,0,5,1,1,0","rabbit_cav2,fist,7,-232,-29,1,0,1,1,0","rabbit_cav2,arm_up,118,-227,28,1,13,1,1,0","rabbit_cav2,arm_low,138,-188,35,1,15,1,1,0","rabbit_cav2,fist,146,-160,-25,0,23,1,1,0","rabbit_cav2,leg_up,29,-147,3.3,0,5,1,1,0","rabbit_cav2,leg_low,7,-108,-66,0,5,1,1,0","rabbit_cav2,foot,-35,-90,-110.6,0,6,1,1,0","rabbit_cav2,leg_up,70,-165,20.7,0,18,1,1,0","rabbit_cav2,leg_low,111,-115,-17.5,0,19,1,1,0","rabbit_cav2,foot,94,-65,-47.5,0,21,1,1,0","rabbit_cav2,sword_base,30,-137,7,0,2,1,1,0",,"rabbit_cav2,ear,182,-368,9,0,0,1,1,0","rabbit_cav2,ear_back,222,-333,-28,0,12,1,1,0","rabbit_cav2,tail,-5,-131,-75,0,14,1,1,0",,,,,,,,"animal_hound,close,197,-111,-62,0,4,1,1,0","animal_hound,neck,149,-129,-61,0,5,1,1,0","animal_hound,body,9,-140,-26.5,0,7,1,1,0","animal_hound,arm_up,64,-119,-66,0,7,1,1,0","animal_hound,arm_low,31,-70,-1,0,6,1,1,0","animal_hound,fist,27,7,-78,0,8,1,1,0","animal_hound,arm_up,70,-139,-8,1,15,1,1,0","animal_hound,arm_low,136,-52,66,1,15,1,1,0","animal_hound,fist,198,1,1,0,21,1,1,0","animal_hound,leg_up,-111,-128,-20.7,0,6,1,1,0","animal_hound,leg_low,-168,-90,-68,0,12,1,1,0","animal_hound,foot,-225,-36,-77.6,0,15,1,1,0","animal_hound,leg_up,-46,-121,-26.3,0,14,1,1,0","animal_hound,leg_low,-96,-68,-31.5,0,15,1,1,0","animal_hound,foot,-102,10,-35.5,0,17,1,1,0",,,"animal_hound,ear,155,-181,-107,0,1,1,1,0","animal_hound,ear,198,-189,-174,0,12,1,1,0","animal_hound,tail,-129,-182,-49,0,6,1,1,0","animal_hound,mouth_low,184,-81,-79,0,5,1,1,0",,,,,,,,,,,,,,,,,,,,,,,,,,,,,,,,,,,,,,,,,,,,,,,,,,,,,,,,,,,,,,,,,,,,,play_time_mod_0.5,,
Knockdown/4,"rabbit_cav2,close,166,-232,-66,0,2,1,1,0","rabbit_cav2,neck,133,-220,-59,0,4,1,1,0","rabbit_cav2,body,73,-180,-58.5,0,5,1,1,0","rabbit_cav2,arm_up,81,-217,-93,0,4,1,1,0","rabbit_cav2,arm_low,44,-201,-40,0,5,1,1,0","rabbit_cav2,fist,27,-166,-6,1,0,1,1,0","rabbit_cav2,arm_up,113,-171,28,1,13,1,1,0","rabbit_cav2,arm_low,133,-132,35,1,15,1,1,0","rabbit_cav2,fist,141,-104,-25,0,23,1,1,0","rabbit_cav2,leg_up,24,-119,5.3,0,5,1,1,0","rabbit_cav2,leg_low,2,-72,-66,0,5,1,1,0","rabbit_cav2,foot,-40,-54,-110.6,0,6,1,1,0","rabbit_cav2,leg_up,65,-129,20.7,0,18,1,1,0","rabbit_cav2,leg_low,106,-79,-17.5,0,19,1,1,0","rabbit_cav2,foot,89,-29,-47.5,0,21,1,1,0","rabbit_cav2,sword_base,73,-74,20,0,2,1,1,0",,"rabbit_cav2,ear,174,-309,29,0,0,1,1,0","rabbit_cav2,ear_back,207,-292,12,0,12,1,1,0","rabbit_cav2,tail,-10,-135,-65,0,14,1,1,0",,,,,,,,"animal_hound,close,197,-93,-64,0,4,1,1,0","animal_hound,neck,154,-111,-60,0,5,1,1,0","animal_hound,body,9,-109,-16.5,0,7,1,1,0","animal_hound,arm_up,64,-79,-61,0,7,1,1,0","animal_hound,arm_low,48,-10,29,0,6,1,1,0","animal_hound,fist,102,48,-18,0,8,1,1,0","animal_hound,arm_up,91,-49,16,1,15,1,1,0","animal_hound,arm_low,136,-22,76,1,15,1,1,0","animal_hound,fist,198,11,11,0,21,1,1,0","animal_hound,leg_up,-101,-98,-10.7,0,6,1,1,0","animal_hound,leg_low,-158,-60,-78,0,12,1,1,0","animal_hound,foot,-225,-6,-87.6,0,15,1,1,0","animal_hound,leg_up,-56,-81,-6.3,0,14,1,1,0","animal_hound,leg_low,-104,-38,-61.5,0,15,1,1,0","animal_hound,foot,-142,26,-55.5,0,17,1,1,0",,,"animal_hound,ear,155,-163,-109,0,1,1,1,0","animal_hound,ear,198,-171,-176,0,12,1,1,0","animal_hound,tail,-131,-172,-79,0,6,1,1,0","animal_hound,mouth_low,184,-63,-81,0,5,1,1,0",,,,,,,,,,,,,,,,,,,,,,,,,,,,,,,,,,,,,,,,,,,,,,,,,,,,,,,,,,,,,,,,,,,,,,,
Knockdown/5,"rabbit_cav2,close,177,-200,-86,0,2,1,1,0","rabbit_cav2,neck,143,-198,-73,0,4,1,1,0","rabbit_cav2,body,73,-170,-68.5,0,5,1,1,0","rabbit_cav2,arm_up,104,-193,-65,0,4,1,1,0","rabbit_cav2,arm_low,69,-165,-40,0,5,1,1,0","rabbit_cav2,fist,62,-131,14,1,0,1,1,0","rabbit_cav2,arm_up,113,-161,18,1,13,1,1,0","rabbit_cav2,arm_low,133,-121,20,1,15,1,1,0","rabbit_cav2,fist,141,-94,-35,0,23,1,1,0","rabbit_cav2,leg_up,16,-117,-3.7,0,5,1,1,0","rabbit_cav2,leg_low,-6,-55,-36,0,5,1,1,0","rabbit_cav2,foot,-38,-24,-95.6,0,6,1,1,0","rabbit_cav2,leg_up,65,-119,10.7,0,18,1,1,0","rabbit_cav2,leg_low,106,-69,-27.5,0,19,1,1,0","rabbit_cav2,foot,89,-19,-57.5,0,21,1,1,0","rabbit_cav2,sword_base,128,-41,30,0,2,1,1,0",,"rabbit_cav2,ear_back,243,-209,-136,1,2,1,1,0","rabbit_cav2,ear_back,227,-186,-102,0,12,1,1,0","rabbit_cav2,tail,-20,-105,-25,0,14,1,1,0",,,,,,,,"animal_hound,close,193,-94,-56,0,4,1,1,0","animal_hound,neck,150,-112,-52,0,5,1,1,0","animal_hound,body,9,-98,-12.5,0,7,1,1,0","animal_hound,arm_up,64,-69,-58,0,7,1,1,0","animal_hound,arm_low,68,-10,39,0,6,1,1,0","animal_hound,fist,122,28,12,0,8,1,1,0","animal_hound,arm_up,91,-49,16,1,15,1,1,0","animal_hound,arm_low,138,-19,86,1,15,1,1,0","animal_hound,fist,205,6,15,0,21,1,1,0","animal_hound,leg_up,-101,-71,-3.7,0,6,1,1,0","animal_hound,leg_low,-150,-41,-88,0,12,1,1,0","animal_hound,foot,-225,-4,-97.6,0,15,1,1,0","animal_hound,leg_up,-56,-59,3.7,0,14,1,1,0","animal_hound,leg_low,-97,-30,-81.5,0,15,1,1,0","animal_hound,foot,-162,16,-85.5,0,17,1,1,0",,,"animal_hound,ear,143,-153,-101,0,1,1,1,0","animal_hound,ear,179,-152,-138,0,12,1,1,0","animal_hound,tail,-149,-134,-57,0,6,1,1,0","animal_hound,mouth_low,177,-63,-71,0,5,1,1,0",,,,,,,,,,,,,,,,,,,,,,,,,,,,,,,,,,,,,,,,,,,,,,,,,,,,,,,,,,,,,,,,,,,,,play_time_mod_0.5,,
Knockdown/6,"rabbit_cav2,close,177,-172,-92,0,2,1,1,0","rabbit_cav2,neck,143,-178,-78,0,4,1,1,0","rabbit_cav2,body,73,-154,-70.5,0,5,1,1,0","rabbit_cav2,arm_up,104,-179,-65,0,4,1,1,0","rabbit_cav2,arm_low,69,-151,-40,0,5,1,1,0","rabbit_cav2,fist,62,-117,14,1,0,1,1,0","rabbit_cav2,arm_up,113,-147,18,1,13,1,1,0","rabbit_cav2,arm_low,133,-107,16,1,15,1,1,0","rabbit_cav2,fist,141,-80,-35,0,23,1,1,0","rabbit_cav2,leg_up,16,-105,0.3,0,5,1,1,0","rabbit_cav2,leg_low,3,-41,-21,0,5,1,1,0","rabbit_cav2,foot,-17,-1,-71.6,0,6,1,1,0","rabbit_cav2,leg_up,65,-105,10.7,0,18,1,1,0","rabbit_cav2,leg_low,106,-55,-27.5,0,19,1,1,0","rabbit_cav2,foot,89,-5,-57.5,0,21,1,1,0","rabbit_cav2,sword_base,128,-27,30,0,2,1,1,0",,"rabbit_cav2,ear_back,217,-151,-173,1,2,1,1,0","rabbit_cav2,ear_back,227,-132,-112,0,12,1,1,0","rabbit_cav2,tail,-20,-91,-25,0,14,1,1,0",,,,,,,,"animal_hound,close,198,-71,-68,0,4,1,1,0","animal_hound,neck,153,-95,-64,0,5,1,1,0","animal_hound,body,9,-84,-6.5,0,7,1,1,0","animal_hound,arm_up,64,-48,-43,0,7,1,1,0","animal_hound,arm_low,61,-3,45,0,6,1,1,0","animal_hound,fist,122,34,12,0,8,1,1,0","animal_hound,arm_up,91,-49,16,1,15,1,1,0","animal_hound,arm_low,138,-15,77,1,15,1,1,0","animal_hound,fist,205,13,23,0,21,1,1,0","animal_hound,leg_up,-94,-46,9.3,0,6,1,1,0","animal_hound,leg_low,-130,-17,-83,0,12,1,1,0","animal_hound,foot,-204,16,-117.6,0,15,1,1,0","animal_hound,leg_up,-46,-44,23.7,0,14,1,1,0","animal_hound,leg_low,-76,-19,-82.5,0,15,1,1,0","animal_hound,foot,-152,12,-115.5,0,17,1,1,0",,,"animal_hound,ear,144,-113,-65,0,1,1,1,0","animal_hound,ear,171,-123,-112,0,12,1,1,0","animal_hound,tail,-142,-89,-33,0,6,1,1,0","animal_hound,mouth_low,181,-51,-68,0,5,1,1,0",,,,,,,,,,,,,,,,,,,,,,,,,,,,,,,,,,,,,,,,,,,,,,,,,,,,,,,,,,,,,,,,,,,,,,,
Knockdown/7,"rabbit_cav2,close,177,-149,-102,0,2,1,1,0","rabbit_cav2,neck,147,-155,-89,0,4,1,1,0","rabbit_cav2,body,73,-141,-78.5,0,5,1,1,0","rabbit_cav2,arm_up,111,-153,-39,0,4,1,1,0","rabbit_cav2,arm_low,90,-116,-38,0,4,1,1,0","rabbit_cav2,fist,83,-82,16,1,0,1,1,0","rabbit_cav2,arm_up,113,-138,18,1,13,1,1,0","rabbit_cav2,arm_low,133,-98,16,1,15,1,1,0","rabbit_cav2,fist,140,-71,-35,0,23,1,1,0","rabbit_cav2,leg_up,19,-100,3.3,0,5,1,1.1,0","rabbit_cav2,leg_low,8,-29,-18,0,5,1,1,0","rabbit_cav2,foot,-13,10,-71.6,0,6,1,1,0","rabbit_cav2,leg_up,65,-96,10.7,0,18,1,1,0","rabbit_cav2,leg_low,106,-46,-27.5,0,19,1,1,0","rabbit_cav2,foot,89,12,-57.5,0,21,1,1,0","rabbit_cav2,sword_base,149,8,32,0,1,1,1,0",,"rabbit_cav2,ear_back,211,-122,174,1,0,1,1,0","rabbit_cav2,ear_back,221,-103,-125,0,10,1,1,0","rabbit_cav2,tail,-14,-85,-18,0,14,1,1,0",,,,,,,,"animal_hound,close,198,-56,-78,0,4,1,1,0","animal_hound,neck,153,-83,-73,0,5,1,1,0","animal_hound,body,9,-78,-4.5,0,7,1,1,0","animal_hound,arm_up,64,-40,-36,0,7,1,1,0","animal_hound,arm_low,61,4,50,0,6,1,1,0","animal_hound,fist,131,29,20,0,8,1,1,0","animal_hound,arm_up,91,-44,16,1,15,1,1,0","animal_hound,arm_low,138,-12,83,1,15,1,1,0","animal_hound,fist,205,15,17,0,21,1,1,0","animal_hound,leg_up,-88,-42,20.3,0,6,1,1,0","animal_hound,leg_low,-119,-13,-83,0,12,1,1,0","animal_hound,foot,-192,16,-117.6,0,15,1,1,0","animal_hound,leg_up,-44,-38,30.7,0,14,1,1,0","animal_hound,leg_low,-70,-12,-84.5,0,15,1,1,0","animal_hound,foot,-141,18,-120.5,0,17,1,1,0",,,"animal_hound,ear,157,-90,-44,0,1,1,1,0","animal_hound,ear,171,-91,-57,0,12,1,1,0","animal_hound,tail,-131,-69,-24,0,6,1,1,0","animal_hound,mouth_low,182,-37,-79,0,5,1,1,0",,,,,,,,,,,,,,,,,,,,,,,,,,,,,,,,,,,,,,,,,,,,,,,,,,,,,,,,,,,,,,,,,,,,,,,
Run/0,"rabbit_cav2,head,56,-396,-18,0,3,1,1,0","rabbit_cav2,neck,37,-362,-25,0,4,1,1,0","rabbit_cav2,body,15,-293,-19.5,0,5,1,1,0","rabbit_cav2,arm_up,19,-329,-1,0,4,1,1,0","rabbit_cav2,arm_low,35,-290,66,0,3,1,1,0","rabbit_cav2,fist,76,-286,122,1,0,1,1,0","rabbit_cav2,arm_up,40,-316,17,1,13,1,1,0","rabbit_cav2,arm_low,66,-280,49,1,14,1,1,0","rabbit_cav2,fist,89,-244,5,0,19,1,1,0","rabbit_cav2,leg_up,4,-216,26.3,0,4,1,1,0","rabbit_cav2,leg_low,9,-169,-36,0,3,1,1,0","rabbit_cav2,foot,-20,-133,-73.6,0,4,1,1,0","rabbit_cav2,leg_up,22,-219,31.7,0,18,1,1,0","rabbit_cav2,leg_low,-14,-199,-63.5,0,19,1,1,0","rabbit_cav2,foot,-31,-144,-97.5,0,21,1,1,0","rabbit_cav2,sword_base,128,-372,141,0,2,1,1,0",,"rabbit_cav2,ear,-8,-447,90,0,3,1,1,0","rabbit_cav2,ear_back,13,-450,84,0,12,1,1,0","rabbit_cav2,tail,-77,-221,-77,0,6,1,1,0",,,,,,,,"animal_hound,head,189,-267,-14,0,2,1,1,0","animal_hound,neck,136,-241,-21,0,4,1,1,0","animal_hound,body,9.6,-188.4,-2.5,0,5,1,1,0","animal_hound,arm_up,72,-179,60,0,4,1,1,0","animal_hound,arm_low,97,-131,4,0,5,1,1,0","animal_hound,fist,123.2,-57.2,-37,0,6,1,1,0","animal_hound,arm_up,70,-163.2,11,1,13,1,1,0","animal_hound,arm_low,76,-119,-19,1,13,1,1,0","animal_hound,fist,61,-49,-27,0,19,1,1,0","animal_hound,leg_up,-81,-152,36,0,4,1,1,0","animal_hound,leg_low,-88,-94,-23,0,10,1,1,0","animal_hound,foot,-84,-16,-29.6,0,13,1,1,0","animal_hound,leg_up,-76,-165,-12.3,0,12,1,1,0","animal_hound,leg_low,-88,-116,17.5,0,13,1,1,0","animal_hound,foot,-53,-57,-29.5,0,15,1,1,0",,,"animal_hound,ear,128,-258,-16,0,0,1,1,0","animal_hound,ear,152,-267,-27,0,12,1,1,0","animal_hound,tail,-131,-182,-29,0,4,1,1,0","animal_hound,mouth_low,197,-235,-26,0,4,1,1,0",,,,,,,,,,,,,,,,,,,,,,,,,,,,,,,,,,,,,,,,,,,,,,,,,,,,,,,,,,,,,,,,,,,,,,play_time_mod_0.8,
Run/1,"rabbit_cav2,head,56,-405,-14,0,3,1,1,0","rabbit_cav2,neck,37,-371,-25,0,4,1,1,0","rabbit_cav2,body,15,-302,-19.5,0,5,1,1,0","rabbit_cav2,arm_up,19,-338,-1,0,4,1,1,0","rabbit_cav2,arm_low,37,-296,59,0,3,1,1,0","rabbit_cav2,fist,76,-289,122,1,0,1,1,0","rabbit_cav2,arm_up,40,-325,17,1,13,1,1,0","rabbit_cav2,arm_low,66,-289,49,1,14,1,1,0","rabbit_cav2,fist,89,-253,5,0,19,1,1,0","rabbit_cav2,leg_up,4,-225,26.3,0,4,1,1,0","rabbit_cav2,leg_low,10,-171,-26,0,3,1,1,0","rabbit_cav2,foot,-16,-139,-65.6,0,4,1,1,0","rabbit_cav2,leg_up,22,-228,31.7,0,18,1,1,0","rabbit_cav2,leg_low,-14,-208,-63.5,0,19,1,1,0","rabbit_cav2,foot,-31,-153,-97.5,0,21,1,1,0","rabbit_cav2,sword_base,128,-381,145,0,2,1,1,0",,"rabbit_cav2,ear,-12,-456,92,0,3,1,1,0","rabbit_cav2,ear_back,9,-459,86,0,12,1,1,0","rabbit_cav2,tail,-77,-243,-87,0,6,1,1,0",,,,,,,,"animal_hound,head,185,-277,-14,0,2,1,1,0","animal_hound,neck,134,-260,-18,0,4,1,1,0","animal_hound,body,9.6,-200.4,-2.5,0,5,1,1,0","animal_hound,arm_up,72,-191,98,0,4,1,1,0","animal_hound,arm_low,101,-157,8,0,5,1,1,0","animal_hound,fist,129,-86,-32,0,6,1,1,0","animal_hound,arm_up,70,-175.2,11,1,13,1,1,0","animal_hound,arm_low,71,-136,-26,1,13,1,1,0","animal_hound,fist,47.6,-73.2,-52,0,19,1,1,0","animal_hound,leg_up,-79,-176,52,0,4,1,1,0","animal_hound,leg_low,-76,-116,-23,0,10,1,1,0","animal_hound,foot,-76,-56,-39.6,0,13,1,1,0","animal_hound,leg_up,-66,-179,-40.3,0,12,1,1,0","animal_hound,leg_low,-88,-131,-1.5,0,13,1,1,0","animal_hound,foot,-77.2,-63.6,-47.5,0,15,1,1,0",,,"animal_hound,ear,120,-278,-32,0,0,1,1,0","animal_hound,ear,133,-275,-17,0,12,1,1,0","animal_hound,tail,-135,-196,-26,0,4,1,1,0","animal_hound,mouth_low,193,-250,-19,0,4,1,1,0",,,,,,,,,,,,,,,,,,,,,,,,,,,,,,,,,,,,,,,,,,,,,,,,,,,,,,,,,,,,,,,,,,,,,,play_time_mod_0.8,
Run/2,"rabbit_cav2,head,50,-397,-12,0,3,1,1,0","rabbit_cav2,neck,34,-355,-15,0,4,1,1,0","rabbit_cav2,body,15,-291,-19.5,0,5,1,1,0","rabbit_cav2,arm_up,19,-327,-1,0,4,1,1,0","rabbit_cav2,arm_low,37,-295,69,0,3,1,1,0","rabbit_cav2,fist,76,-293,123,1,0,1,1,0","rabbit_cav2,arm_up,40,-314,17,1,13,1,1,0","rabbit_cav2,arm_low,66,-278,49,1,14,1,1,0","rabbit_cav2,fist,89,-242,5,0,19,1,1,0","rabbit_cav2,leg_up,4,-214,26.3,0,4,1,1,0","rabbit_cav2,leg_low,5,-168,-38,0,3,1,1,0","rabbit_cav2,foot,-25,-139,-75.6,0,4,1,1,0","rabbit_cav2,leg_up,22,-217,31.7,0,18,1,1,0","rabbit_cav2,leg_low,-14,-197,-63.5,0,19,1,1,0","rabbit_cav2,foot,-31,-142,-97.5,0,21,1,1,0","rabbit_cav2,sword_base,122,-385,146,0,2,1,1,0",,"rabbit_cav2,ear,-9,-462,72,0,3,1,1,0","rabbit_cav2,ear_back,12,-465,66,0,12,1,1,0","rabbit_cav2,tail,-77,-252,-107,0,6,1,1,0",,,,,,,,"animal_hound,head,179,-267,-12,0,2,1,1,0","animal_hound,neck,136,-243,-20,0,4,1,1,0","animal_hound,body,9.6,-188.4,-2.5,0,5,1,1,0","animal_hound,arm_up,67,-176,65,0,4,1,1,0","animal_hound,arm_low,94,-130,9,0,5,1,1,0","animal_hound,fist,123.2,-57.2,-37,0,6,1,1,0","animal_hound,arm_up,70,-163.2,11,1,13,1,1,0","animal_hound,arm_low,73,-114,-19,1,13,1,1,0","animal_hound,fist,63.6,-47.2,-30,0,19,1,1,0","animal_hound,leg_up,-79,-152,36,0,4,1,1,0","animal_hound,leg_low,-86,-94,-23,0,10,1,1,0","animal_hound,foot,-92,-23,-46.6,0,13,1,1,0","animal_hound,leg_up,-56,-155,-32.3,0,12,1,1,0","animal_hound,leg_low,-78,-112,7.5,0,13,1,1,0","animal_hound,foot,-53.2,-51.6,-29.5,0,15,1,1,0",,,"animal_hound,ear,106,-276,-54,0,0,1,1,0","animal_hound,ear,119,-298,-85,0,12,1,1,0","animal_hound,tail,-149,-200,-49,0,4,1,1,0","animal_hound,mouth_low,187,-240,-17,0,4,1,1,0",,,,,,,,,,,,,,,,,,,,,,,,,,,,,,,,,,,,,,,,,,,,,,,,,,,,,,,,,,,,,,,,,,,,,,play_time_mod_0.8,
Run/3,"rabbit_cav2,head,50,-376,-12,0,3,1,1,0","rabbit_cav2,neck,34,-334,-15,0,4,1,1,0","rabbit_cav2,body,15,-270,-19.5,0,5,1,1,0","rabbit_cav2,arm_up,19,-306,-1,0,4,1,1,0","rabbit_cav2,arm_low,37,-278,73,0,3,1,1,0","rabbit_cav2,fist,76,-280,125,1,0,1,1,0","rabbit_cav2,arm_up,40,-293,17,1,13,1,1,0","rabbit_cav2,arm_low,66,-257,49,1,14,1,1,0","rabbit_cav2,fist,89,-221,5,0,19,1,1,0","rabbit_cav2,leg_up,4,-193,26.3,0,4,1,1,0","rabbit_cav2,leg_low,5,-147,-38,0,3,1,1,0","rabbit_cav2,foot,-25,-118,-75.6,0,4,1,1,0","rabbit_cav2,leg_up,22,-196,31.7,0,18,1,1,0","rabbit_cav2,leg_low,-14,-176,-63.5,0,19,1,1,0","rabbit_cav2,foot,-31,-121,-97.5,0,21,1,1,0","rabbit_cav2,sword_base,122,-372,148,0,2,1,1,0",,"rabbit_cav2,ear,-11,-435,72,0,3,1,1,0","rabbit_cav2,ear_back,20,-439,56,0,12,1,1,0","rabbit_cav2,tail,-77,-240,-117,0,6,1,1,0",,,,,,,,"animal_hound,head,178,-234,-17,0,2,1,1,0","animal_hound,neck,135,-215,-24,0,4,1,1,0","animal_hound,body,9,-162,-2.5,0,5,1,1,0","animal_hound,arm_up,68,-142,33,0,4,1,1,0","animal_hound,arm_low,74,-77,-7,0,5,1,1,0","animal_hound,fist,96,-4,-22,0,6,1,1,0","animal_hound,arm_up,82,-135,27,1,13,1,1,0","animal_hound,arm_low,91,-93,-7,1,13,1,1,0","animal_hound,fist,97,-19,-20,0,19,1,1,0","animal_hound,leg_up,-87,-126,16,0,4,1,1,0","animal_hound,leg_low,-98,-64,-23,0,10,1,1,0","animal_hound,foot,-88,14,-24.6,0,13,1,1,0","animal_hound,leg_up,-48,-125,2.7,0,12,1,1,0","animal_hound,leg_low,-48,-66,16.5,0,13,1,1,0","animal_hound,foot,-13,-4,-29.5,0,15,1,1,0",,,"animal_hound,ear,108,-262,-86,0,0,1,1,0","animal_hound,ear,123,-276,-127,0,12,1,1,0","animal_hound,tail,-147,-192,-65,0,4,1,1,0","animal_hound,mouth_low,184,-211,-13,0,4,1,1,0",,,,,,,,,,,,,,,,,,,,,,,,,,,,,,,,,,,,,,,,,,,,,,,,,,,,,,,,,,,,,,,,,,,,,,play_time_mod_0.8,
Run/4,"rabbit_cav2,head,53,-411,-16,0,3,1,1,0","rabbit_cav2,neck,37,-369,-19,0,4,1,1,0","rabbit_cav2,body,14,-305,-22.5,0,5,1,1,0","rabbit_cav2,arm_up,18,-341,-4,0,4,1,1,0","rabbit_cav2,arm_low,34,-306,58,0,3,1,1,0","rabbit_cav2,fist,75,-299,121,1,0,1,1,0","rabbit_cav2,arm_up,39,-328,14,1,13,1,1,0","rabbit_cav2,arm_low,65,-292,46,1,14,1,1,0","rabbit_cav2,fist,88,-256,2,0,19,1,1,0","rabbit_cav2,leg_up,1,-226,26.3,0,4,1,1,0","rabbit_cav2,leg_low,4,-182,-41,0,3,1,1,0","rabbit_cav2,foot,-26,-153,-78.6,0,4,1,1,0","rabbit_cav2,leg_up,21,-231,28.7,0,18,1,1,0","rabbit_cav2,leg_low,-15,-211,-66.5,0,19,1,1,0","rabbit_cav2,foot,-32,-156,-100.5,0,21,1,1,0","rabbit_cav2,sword_base,121,-384,144,0,2,1,1,0",,"rabbit_cav2,ear,-14,-463,84,0,3,1,1,0","rabbit_cav2,ear_back,17,-467,68,0,12,1,1,0","rabbit_cav2,tail,-88,-245,-80,0,6,1,1,0",,,,,,,,"animal_hound,head,178,-286,-5,0,2,1,1,0","animal_hound,neck,133,-255,-18,0,4,1,1,0","animal_hound,body,9,-196,-2.5,0,5,1,1,0","animal_hound,arm_up,68,-170,8,0,4,1,1,0","animal_hound,arm_low,59,-123,-29,0,5,1,1,0","animal_hound,fist,60,-46,-22,0,6,1,1,0","animal_hound,arm_up,90,-187,57,1,13,1,1,0","animal_hound,arm_low,109,-139,5,1,13,1,1,0","animal_hound,fist,115,-65,-33,0,19,1,1,0","animal_hound,leg_up,-93,-164,13,0,4,1,1,0","animal_hound,leg_low,-122,-108,-42,0,10,1,1,0","animal_hound,foot,-138,-41,-44.6,0,13,1,1,0","animal_hound,leg_up,-44,-159,9.7,0,12,1,1,0","animal_hound,leg_low,-34,-110,27.5,0,13,1,1,0","animal_hound,foot,-17,-49,-46.5,0,15,1,1,0",,,"animal_hound,ear,111,-290,-46,0,0,1,1,0","animal_hound,ear,132,-294,-47,0,12,1,1,0","animal_hound,tail,-136,-203,-42,0,4,1,1,0","animal_hound,mouth_low,190,-263,-10,0,4,1,1,0",,,,,,,,,,,,,,,,,,,,,,,,,,,,,,,,,,,,,,,,,,,,,,,,,,,,,,,,,,,,,,,,,,,,,,play_time_mod_0.8,
Run/5,"rabbit_cav2,head,61,-418,-16,0,3,1,1,0","rabbit_cav2,neck,45,-376,-19,0,4,1,1,0","rabbit_cav2,body,13,-313,-29.5,0,5,1,1,0","rabbit_cav2,arm_up,24,-350,-18,0,4,1,1,0","rabbit_cav2,arm_low,34,-318,55,0,3,1,1,0","rabbit_cav2,fist,77,-306,108,1,0,1,1,0","rabbit_cav2,arm_up,39,-336,14,1,13,1,1,0","rabbit_cav2,arm_low,65,-300,46,1,14,1,1,0","rabbit_cav2,fist,88,-264,2,0,19,1,1,0","rabbit_cav2,leg_up,-4,-240,27.3,0,4,1,1,0","rabbit_cav2,leg_low,-1,-197,-51,0,3,1,1,0","rabbit_cav2,foot,-43,-181,-108.6,0,4,1,1,0","rabbit_cav2,leg_up,21,-239,28.7,0,18,1,1,0","rabbit_cav2,leg_low,-15,-219,-66.5,0,19,1,1,0","rabbit_cav2,foot,-32,-172,-100.5,0,21,1,1,0","rabbit_cav2,sword_base,121,-394,144,0,2,1,1,0",,"rabbit_cav2,ear,-6,-457,104,0,3,1,1,0","rabbit_cav2,ear_back,15,-464,87,0,12,1,1,0","rabbit_cav2,tail,-88,-233,-64,0,6,1,1,0",,,,,,,,"animal_hound,head,170,-309,5,0,2,1,1,0","animal_hound,neck,130,-266,-18,0,4,1,1,0","animal_hound,body,9.6,-208.4,-2.5,0,5,1,1,0","animal_hound,arm_up,68,-182.8,8,0,4,1,1,0","animal_hound,arm_low,49.2,-141.6,-50,0,5,1,1,0","animal_hound,fist,34,-75,-32,0,6,1,1,0","animal_hound,arm_up,90,-199.2,57,1,13,1,1,0","animal_hound,arm_low,115,-171,9,1,13,1,1,0","animal_hound,fist,115.6,-95.2,-33,0,19,1,1,0","animal_hound,leg_up,-99,-182,2,0,4,1,1,0","animal_hound,leg_low,-126,-140,-47,0,10,1,1,0","animal_hound,foot,-144,-72,-44.6,0,13,1,1,0","animal_hound,leg_up,-36,-181,64.7,0,12,1,1,0","animal_hound,leg_low,-8,-149,7.5,0,13,1,1,0","animal_hound,foot,2.8,-71.6,-53.5,0,15,1,1,0",,,"animal_hound,ear,114,-292,-13,0,0,1,1,0","animal_hound,ear,137,-306,-34,0,12,1,1,0","animal_hound,tail,-125,-199,-24,0,4,1,1,0","animal_hound,mouth_low,177,-280,-10,0,4,1,1,0",,,,,,,,,,,,,,,,,,,,,,,,,,,,,,,,,,,,,,,,,,,,,,,,,,,,,,,,,,,,,,,,,,,,,,play_time_mod_0.8,
Run/6,"rabbit_cav2,head,55,-409,-15,0,3,1,1,0","rabbit_cav2,neck,39,-367,-18,0,4,1,1,0","rabbit_cav2,body,16,-303,-21.5,0,5,1,1,0","rabbit_cav2,arm_up,20,-339,-3,0,4,1,1,0","rabbit_cav2,arm_low,36,-304,59,0,3,1,1,0","rabbit_cav2,fist,77,-297,122,1,0,1,1,0","rabbit_cav2,arm_up,41,-326,15,1,13,1,1,0","rabbit_cav2,arm_low,67,-290,47,1,14,1,1,0","rabbit_cav2,fist,90,-254,3,0,19,1,1,0","rabbit_cav2,leg_up,3,-224,27.3,0,4,1,1,0","rabbit_cav2,leg_low,6,-180,-40,0,3,1,1,0","rabbit_cav2,foot,-24,-151,-77.6,0,4,1,1,0","rabbit_cav2,leg_up,23,-229,29.7,0,18,1,1,0","rabbit_cav2,leg_low,-13,-209,-65.5,0,19,1,1,0","rabbit_cav2,foot,-30,-154,-99.5,0,21,1,1,0","rabbit_cav2,sword_base,123,-382,145,0,2,1,1,0",,"rabbit_cav2,ear,-12,-461,85,0,3,1,1,0","rabbit_cav2,ear_back,19,-465,69,0,12,1,1,0","rabbit_cav2,tail,-86,-243,-79,0,6,1,1,0",,,,,,,,"animal_hound,head,183,-277,-18,0,2,1,1,0","animal_hound,neck,132,-250,-22,0,4,1,1,0","animal_hound,body,9.6,-194.4,-2.5,0,5,1,1,0","animal_hound,arm_up,68,-168.8,8,0,4,1,1,0","animal_hound,arm_low,53,-113,-29,0,5,1,1,0","animal_hound,fist,60,-42,-15,0,6,1,1,0","animal_hound,arm_up,90,-185.2,57,1,13,1,1,0","animal_hound,arm_low,109.8,-137.4,5,1,13,1,1,0","animal_hound,fist,115.6,-63.2,-33,0,19,1,1,0","animal_hound,leg_up,-93,-162,13,0,4,1,1,0","animal_hound,leg_low,-116,-104,-47,0,10,1,1,0","animal_hound,foot,-128,-38,-34.6,0,13,1,1,0","animal_hound,leg_up,-43,-172,5.7,0,12,1,1,0","animal_hound,leg_low,-40,-108,16.5,0,13,1,1,0","animal_hound,foot,-16,-47,-46.5,0,15,1,1,0",,,"animal_hound,ear,116,-297,-70,0,0,1,1,0","animal_hound,ear,139,-309,-111,0,12,1,1,0","animal_hound,tail,-151,-214,-55,0,4,1,1,0","animal_hound,mouth_low,191,-258,-9,0,4,1,1,0",,,,,,,,,,,,,,,,,,,,,,,,,,,,,,,,,,,,,,,,,,,,,,,,,,,,,,,,,,,,,,,,,,,,,,play_time_mod_0.8,
Run/7,"rabbit_cav2,head,50,-370,-12,0,3,1,1,0","rabbit_cav2,neck,34,-328,-15,0,4,1,1,0","rabbit_cav2,body,15,-264,-19.5,0,5,1,1,0","rabbit_cav2,arm_up,19,-300,-1,0,4,1,1,0","rabbit_cav2,arm_low,37,-272,73,0,3,1,1,0","rabbit_cav2,fist,76,-274,125,1,0,1,1,0","rabbit_cav2,arm_up,40,-287,17,1,13,1,1,0","rabbit_cav2,arm_low,66,-251,49,1,14,1,1,0","rabbit_cav2,fist,89,-215,5,0,19,1,1,0","rabbit_cav2,leg_up,4,-187,26.3,0,4,1,1,0","rabbit_cav2,leg_low,5,-141,-38,0,3,1,1,0","rabbit_cav2,foot,-25,-112,-75.6,0,4,1,1,0","rabbit_cav2,leg_up,22,-190,31.7,0,18,1,1,0","rabbit_cav2,leg_low,-14,-170,-63.5,0,19,1,1,0","rabbit_cav2,foot,-31,-115,-97.5,0,21,1,1,0","rabbit_cav2,sword_base,122,-366,148,0,2,1,1,0",,"rabbit_cav2,ear,-11,-429,72,0,3,1,1,0","rabbit_cav2,ear_back,20,-433,56,0,12,1,1,0","rabbit_cav2,tail,-77,-234,-117,0,6,1,1,0",,,,,,,,"animal_hound,head,178,-239,-14,0,2,1,1,0","animal_hound,neck,131,-212,-20,0,4,1,1,0","animal_hound,body,9,-156,-2.5,0,5,1,1,0","animal_hound,arm_up,70,-136,28,0,4,1,1,0","animal_hound,arm_low,79,-79,-3,0,5,1,1,0","animal_hound,fist,96,2,-22,0,6,1,1,0","animal_hound,arm_up,82,-129,27,1,13,1,1,0","animal_hound,arm_low,91,-87,-7,1,13,1,1,0","animal_hound,fist,97,-13,-20,0,19,1,1,0","animal_hound,leg_up,-94,-124,14,0,4,1,1,0","animal_hound,leg_low,-113,-61,-29,0,10,1,1,0","animal_hound,foot,-104,9,-14.6,0,13,1,1,0","animal_hound,leg_up,-48,-122,-5.3,0,12,1,1,0","animal_hound,leg_low,-58,-70,6.5,0,13,1,1,0","animal_hound,foot,-31,1,-29.5,0,15,1,1,0",,,"animal_hound,ear,108,-248,-47,0,0,1,1,0","animal_hound,ear,134,-266,-89,0,12,1,1,0","animal_hound,tail,-150,-159,-42,0,4,1,1,0","animal_hound,mouth_low,186,-218,-8,0,4,1,1,0",,,,,,,,,,,,,,,,,,,,,,,,,,,,,,,,,,,,,,,,,,,,,,,,,,,,,,,,,,,,,,,,,,,,,,play_time_mod_0.8,
Skill1/0,"rabbit_cav2,head,77,-361,-27,0,3,1,1,0","rabbit_cav2,neck,60,-329,-25,0,4,1,1,0","rabbit_cav2,body,35,-260,-19.5,0,5,1,1,0","rabbit_cav2,arm_up,54,-306,69,0,4,1,1,0","rabbit_cav2,arm_low,105,-297,86,0,3,1,1,0","rabbit_cav2,fist,146,-303,122,1,0,1,1,0","rabbit_cav2,arm_up,60,-283,17,1,13,1,1,0","rabbit_cav2,arm_low,86,-247,49,1,14,1,1,0","rabbit_cav2,fist,109,-211,5,0,19,1,1,0","rabbit_cav2,leg_up,24,-183,26.3,0,4,1,1,0","rabbit_cav2,leg_low,20,-149,-56,0,3,1,1,0","rabbit_cav2,foot,-20,-130,-95.6,0,4,1,1,0","rabbit_cav2,leg_up,42,-186,31.7,0,18,1,1,0","rabbit_cav2,leg_low,6,-166,-63.5,0,19,1,1,0","rabbit_cav2,foot,-11,-111,-97.5,0,21,1,1,0","rabbit_cav2,sword_base,238,-349,111,0,2,1,1,0",,"rabbit_cav2,ear,24,-424,74,0,3,1,1,0","rabbit_cav2,ear_back,45,-427,68,0,12,1,1,0","rabbit_cav2,tail,-61,-186,-79,0,6,1,1,0",,,,,,,,"animal_hound,head,199,-204,-18,0,2,1,1,0","animal_hound,neck,147,-183,-25,0,4,1,1,0","animal_hound,body,15,-154,-14.5,0,5,1,1,0","animal_hound,arm_up,69,-127,17,0,4,1,1,0","animal_hound,arm_low,55,-70,-38,0,5,1,1,0","animal_hound,fist,55,4,-10,0,6,1,1,0","animal_hound,arm_up,67,-114,10,1,13,1,1,0","animal_hound,arm_low,87,-73,1,1,13,1,1,0","animal_hound,fist,98,-10,3,0,19,1,1,0","animal_hound,leg_up,-111,-137,-30.7,0,4,1,1,0","animal_hound,leg_low,-148,-70,-13,0,10,1,1,0","animal_hound,foot,-122,-5,8.4,0,13,1,1,0","animal_hound,leg_up,-50,-133,-32.3,0,12,1,1,0","animal_hound,leg_low,-79,-77,-0.5,0,13,1,1,0","animal_hound,foot,-43.2,-17.6,11.5,0,15,1,1,0",,,"animal_hound,ear,140,-201,-18,0,0,1,1,0","animal_hound,ear,161,-215,-47,0,12,1,1,0","animal_hound,tail,-121,-181,-46,0,4,1,1,0","animal_hound,mouth_low,201,-181,-18,0,3,1,1,0",,,,,,,,,,,,,,,,,,,,,,,,,,,,,,,,,,,,,,,,,,,,,,,,,,,,,,,,,,,,,,,,,,,,,,sprite_deal_damage,
Skill1/1,"rabbit_cav2,head,107,-328,-23,0,3,1,1,0","rabbit_cav2,neck,90,-296,-27,0,4,1,1,0","rabbit_cav2,body,51,-234,-31.5,0,5,1,1,0","rabbit_cav2,arm_up,77,-279,67,0,4,1,1,0","rabbit_cav2,arm_low,128,-270,84,0,3,1,1,0","rabbit_cav2,fist,169,-276,120,1,0,1,1,0","rabbit_cav2,arm_up,81,-253,15,1,13,1,1,0","rabbit_cav2,arm_low,96,-209,32,1,14,1,1,0","rabbit_cav2,fist,106,-170,-17,0,19,1,1,0","rabbit_cav2,leg_up,30,-161,18.3,0,4,1,1,0","rabbit_cav2,leg_low,27,-123,-64,0,3,1,1,0","rabbit_cav2,foot,-18,-110,-119.6,0,4,1,1,0","rabbit_cav2,leg_up,52,-163,29.7,0,18,1,1,0","rabbit_cav2,leg_low,16,-143,-65.5,0,19,1,1,0","rabbit_cav2,foot,-1,-88,-99.5,0,21,1,1,0","rabbit_cav2,sword_base,261,-321,110,0,2,1,1,0",,"rabbit_cav2,ear,47,-383,84,0,3,1,1,0","rabbit_cav2,ear_back,74,-393,71,0,12,1,1,0","rabbit_cav2,tail,-51,-173,-91,1,6,1,1,0",,,,,,,,"animal_hound,head,203,-155,-25,0,2,1,1,0","animal_hound,neck,152,-144,-38,0,4,1,1,0","animal_hound,body,15,-131,-19.5,0,5,1,1,0","animal_hound,arm_up,71,-93,12,0,4,1,1,0","animal_hound,arm_low,45,-53,-60,0,5,1,1,0","animal_hound,fist,25.2,4.8,-18,0,6,1,1,0","animal_hound,arm_up,77,-93,-20,1,13,1,1,0","animal_hound,arm_low,85,-55,-20,1,13,1,1,0","animal_hound,fist,78,6,-5,0,19,1,1,0","animal_hound,leg_up,-109,-125,-35.7,0,4,1,1,0","animal_hound,leg_low,-157,-65,-23,0,10,1,1,0","animal_hound,foot,-141,0,-0.6,0,13,1,1,0","animal_hound,leg_up,-58.8,-127.2,-31.3,0,12,1,1,0","animal_hound,leg_low,-90,-84,-12.5,0,13,1,1,0","animal_hound,foot,-67,-13,-3.5,0,15,1,1,0",,,"animal_hound,ear,145,-155,-16,0,0,1,1,0","animal_hound,ear,162,-167,-39,0,12,1,1,0","animal_hound,tail,-128,-157,-41,0,4,1,1,0","animal_hound,mouth_low,205,-132,-27,0,3,1,1,0",,,,,,,,,,,,,,,,,,,,,,,,,,,,,,,,,,,,,,,,,,,,,,,,,,,,,,,,,,,,,,,,,,,,,,sprite_deal_damage,
Skill1/2,"rabbit_cav2,head,91,-343,-31,0,3,1,1,0","rabbit_cav2,neck,74,-311,-29,0,4,1,1,0","rabbit_cav2,body,40,-251,-29.5,0,5,1,1,0","rabbit_cav2,arm_up,66,-288,67,0,4,1,1,0","rabbit_cav2,arm_low,112,-274,74,0,3,1,1,0","rabbit_cav2,fist,153,-273,120,1,0,1,1,0","rabbit_cav2,arm_up,60,-275,15,1,13,1,1,0","rabbit_cav2,arm_low,86,-231,47,1,14,1,1,0","rabbit_cav2,fist,105,-199,-3,0,19,1,1,0","rabbit_cav2,leg_up,19,-176,21.3,0,4,1,1,0","rabbit_cav2,leg_low,12,-136,-60,0,3,1,1,0","rabbit_cav2,foot,-31,-117,-99.6,0,4,1,1,0","rabbit_cav2,leg_up,42,-178,29.7,0,18,1,1,0","rabbit_cav2,leg_low,6,-158,-65.5,0,19,1,1,0","rabbit_cav2,foot,-11,-103,-99.5,0,21,1,1,0","rabbit_cav2,sword_base,245,-301,101,0,2,1,1,0",,"rabbit_cav2,ear,38,-406,70,0,3,1,1,0","rabbit_cav2,ear_back,59,-409,64,0,12,1,1,0","rabbit_cav2,tail,-61,-218,-102,0,6,1,1,0",,,,,,,,"animal_hound,head,196,-203,-16,0,2,1,1,0","animal_hound,neck,136,-172,-29,0,4,1,1,0","animal_hound,body,5.6,-148.4,-16.5,0,5,1,1,0","animal_hound,arm_up,69,-102,30,0,5,1,1,0","animal_hound,arm_low,55,-49,-47,0,6,1,1,0","animal_hound,fist,50,22,-10,0,6,1,1,0","animal_hound,arm_up,79,-98,0,1,13,1,1,0","animal_hound,arm_low,87,-73,-18,0,13,1,1,0","animal_hound,fist,104,-1,-18,0,19,1,1,0","animal_hound,leg_up,-122,-135,-30.7,0,4,1,1,0","animal_hound,leg_low,-177,-80,-44,0,10,1,1,0","animal_hound,foot,-201,-11,-51.6,0,13,1,1,0","animal_hound,leg_up,-60.8,-127.2,-22.3,0,12,1,1,0","animal_hound,leg_low,-112,-78,-48.5,0,13,1,1,0","animal_hound,foot,-137,-4,-45.5,0,15,1,1,0",,,"animal_hound,ear,123,-200,-34,0,0,1,1,0","animal_hound,ear,144,-214,-63,0,12,1,1,0","animal_hound,tail,-147,-186,-57,0,4,1,1,0","animal_hound,mouth_low,193,-176,-28,0,3,1,1,0",,,,,,,,,,,,,,,,,,,,,,,,,,,,,,,,,,,,,,,,,,,,,,,,,,,,,,,,,,,,,,,,,,,,,play_time_mod_0.5,sprite_deal_damage,
Skill1/3,"rabbit_cav2,head,75,-396,-15,0,3,1,1,0","rabbit_cav2,neck,63,-364,-22,0,4,1,1,0","rabbit_cav2,body,35,-295,-21.5,0,5,1,1,0","rabbit_cav2,arm_up,54,-341,67,0,4,1,1,0","rabbit_cav2,arm_low,105,-332,84,0,3,1,1,0","rabbit_cav2,fist,146,-338,120,1,0,1,1,0","rabbit_cav2,arm_up,60,-318,15,1,13,1,1,0","rabbit_cav2,arm_low,84,-280,42,1,14,1,1,0","rabbit_cav2,fist,103,-242,-8,0,19,1,1,0","rabbit_cav2,leg_up,20,-213,31.3,0,4,1,1,0","rabbit_cav2,leg_low,20,-184,-76,0,3,1,1,0","rabbit_cav2,foot,-28,-180,-109.6,0,4,1,1,0","rabbit_cav2,leg_up,42,-221,29.7,0,18,1,1,0","rabbit_cav2,leg_low,6,-201,-65.5,0,19,1,1,0","rabbit_cav2,foot,-11,-156,-119.5,0,21,1,1,0","rabbit_cav2,sword_base,241,-369,106,0,2,1,1,0",,"rabbit_cav2,ear,13,-451,76,0,3,1,1,0","rabbit_cav2,ear_back,30,-461,74,0,12,1,1,0","rabbit_cav2,tail,-61,-268,-115,1,6,1,1,0",,,,,,,,"animal_hound,head,211,-274,-2,0,2,1,1,1","animal_hound,neck,166,-244,-29,0,4,1,1,0","animal_hound,body,29,-190,2.5,0,5,1,1,0","animal_hound,arm_up,92,-172,10,0,5,1,1,0","animal_hound,arm_low,61,-122,-55,0,6,1,1,0","animal_hound,fist,5,-70,-109,0,6,1,1,0","animal_hound,arm_up,73,-190,-21,1,13,1,1,0","animal_hound,arm_low,75,-125,-39,0,13,1,1,0","animal_hound,fist,41,-65,-89,0,19,1,1,0","animal_hound,leg_up,-111,-154,-50.7,0,4,1,1,0","animal_hound,leg_low,-170,-118,-48,0,10,1,1,0","animal_hound,foot,-218,-49,-83,0,13,1,1,0","animal_hound,leg_up,-68,-153,-39.3,0,12,1,1,0","animal_hound,leg_low,-139,-124,-73,0,13,1,1,0","animal_hound,foot,-211,-97,-114,0,15,1,1,0",,,"animal_hound,ear,145,-277,-45,0,0,1,1,0","animal_hound,ear,166,-291,-74,0,12,1,1,0","animal_hound,tail,-135,-238,-88,0,4,1,1,0","animal_hound,mouth_low,219,-242,-31,0,3,1,1,0",,,,,,,,,,,,,,,,,,,,,,,,,,,,,,,,,,,,,,,,,,,,,,,,,,,,,,,,,,,,,,,,,,,,,play_time_mod_0.3,sprite_deal_damage,
Skill1/4,"rabbit_cav2,head,68,-435,-19,0,3,1,1,0","rabbit_cav2,neck,51,-401,-7,0,4,1,1,0","rabbit_cav2,body,36,-331,-16.5,0,5,1,1,0","rabbit_cav2,arm_up,52,-381,69,0,4,1,1,0","rabbit_cav2,arm_low,103,-372,86,0,3,1,1,0","rabbit_cav2,fist,144,-378,122,1,0,1,1,0","rabbit_cav2,arm_up,62,-350,12,1,13,1,1,0","rabbit_cav2,arm_low,78,-314,37,1,14,1,1,0","rabbit_cav2,fist,91,-276,-10,0,19,1,1,0","rabbit_cav2,leg_up,24,-246,24.3,0,4,1,1,0","rabbit_cav2,leg_low,22,-207,-60,0,3,1,1,0","rabbit_cav2,foot,-18,-188,-99.6,0,4,1,1,0","rabbit_cav2,leg_up,45,-253,29.7,0,18,1,1,0","rabbit_cav2,leg_low,9,-233,-65.5,0,19,1,1,0","rabbit_cav2,foot,-8,-178,-99.5,0,21,1,1,0","rabbit_cav2,sword_base,234,-421,111,0,2,1,1,0",,"rabbit_cav2,ear,-6,-481,92,0,3,1,1,0","rabbit_cav2,ear_back,26,-484,86,0,12,1,1,0","rabbit_cav2,tail,-58,-290,-109,0,6,1,1,0",,,,,,,,"animal_hound,head,221,-293,-11,0,2,1,1,1","animal_hound,neck,164,-264,-40,0,4,1,1,0","animal_hound,body,25,-220,0.5,0,5,1,1,0","animal_hound,arm_up,88,-206,-16,0,4,1,1,0","animal_hound,arm_low,41,-160,-66,0,5,1,1,0","animal_hound,fist,-16,-99,-79,0,6,1,1,0","animal_hound,arm_up,67,-206,-21,1,13,1,1,0","animal_hound,arm_low,61,-159,-48,0,13,1,1,0","animal_hound,fist,18,-103,-98,0,19,1,1,0","animal_hound,leg_up,-119,-190,-50.7,0,4,1,1,0","animal_hound,leg_low,-179,-157,-52,0,10,1,1,0","animal_hound,foot,-219,-93,-77,0,13,1,1,0","animal_hound,leg_up,-54,-183,-39.3,0,12,1,1,0","animal_hound,leg_low,-108,-157,-68,0,13,1,1,0","animal_hound,foot,-160,-102,-78,0,15,1,1,0",,,"animal_hound,ear,148,-312,-70,0,0,1,1,0","animal_hound,ear,169,-321,-89,0,12,1,1,0","animal_hound,tail,-139,-280,-91,0,4,1,1,0","animal_hound,mouth_low,220,-261,-32,0,3,1,1,0",,,,,,,,,,,,,,,,,,,,,,,,,,,,,,,,,,,,,,,,,,,,,,,,,,,,,,,,,,,,,,,,,,,,,play_time_mod_0.3,sprite_deal_damage,
Skill1/5,"rabbit_cav2,head,104,-398,-29,0,3,1,1,0","rabbit_cav2,neck,87,-365,-24,0,4,1,1,0","rabbit_cav2,body,62,-297,-21.5,0,5,1,1,0","rabbit_cav2,arm_up,85,-347,56,0,4,1,1,0","rabbit_cav2,arm_low,132,-324,54,0,3,1,1,0","rabbit_cav2,fist,163,-312,80,1,0,1,1,0","rabbit_cav2,arm_up,87,-320,15,1,13,1,1,0","rabbit_cav2,arm_low,93,-274,47,1,14,1,1,0","rabbit_cav2,fist,116,-248,23,0,19,1,1,0","rabbit_cav2,leg_up,48,-216,24.3,0,4,1,1,0","rabbit_cav2,leg_low,46,-177,-60,0,3,1,1,0","rabbit_cav2,foot,6,-158,-99.6,0,4,1,1,0","rabbit_cav2,leg_up,69,-223,29.7,0,18,1,1,0","rabbit_cav2,leg_low,33,-203,-65.5,0,19,1,1,0","rabbit_cav2,foot,16,-148,-99.5,0,21,1,1,0","rabbit_cav2,sword_base,265,-351,106,0,2,1,1,0",,"rabbit_cav2,ear,51,-461,72,0,3,1,1,0","rabbit_cav2,ear_back,72,-464,66,0,12,1,1,0","rabbit_cav2,tail,-34,-263,-111,1,6,1,1,0",,,,,,,,"animal_hound,head,219,-228,-17,0,2,1,1,1","animal_hound,neck,171,-210,-46,0,4,1,1,0","animal_hound,body,25,-192,-13.5,0,5,1,1,0","animal_hound,arm_up,92,-153,23,0,5,1,1,0","animal_hound,arm_low,81,-110,-46,0,6,1,1,0","animal_hound,fist,49,-41,-60,0,6,1,1,0","animal_hound,arm_up,101,-171,21,1,13,1,1,0","animal_hound,arm_low,108,-121,-39,0,13,1,1,0","animal_hound,fist,91,-61,-52,0,19,1,1,0","animal_hound,leg_up,-105,-174,-36.7,0,4,1,1,0","animal_hound,leg_low,-160,-128,-42,0,10,1,1,0","animal_hound,foot,-200,-65,-84,0,13,1,1,0","animal_hound,leg_up,-52,-168,-8.3,0,12,1,1,0","animal_hound,leg_low,-96,-120,-52,0,13,1,1,0","animal_hound,foot,-123,-55,-47,0,15,1,1,0",,,"animal_hound,ear,148,-258,-79,0,0,1,1,0","animal_hound,ear,169,-272,-128,0,12,1,1,0","animal_hound,tail,-133,-249,-71,0,4,1,1,0","animal_hound,mouth_low,224,-202,-25,0,3,1,1,0",,,,,,,,,,,,,,,,,,,,,,,,,,,,,,,,,,,,,,,,,,,,,,,,,,,,,,,,,,,,,,,,,,,,,play_time_mod_0.2,sprite_deal_damage,
Skill1/6,"rabbit_cav2,head,96,-351,-28,0,3,1,1,0","rabbit_cav2,neck,76,-322,-31,0,4,1,1,0","rabbit_cav2,body,44,-259,-28.5,0,5,1,1,0","rabbit_cav2,arm_up,63,-285,50,0,4,1,1,0","rabbit_cav2,arm_low,104,-266,77,0,3,1,1,0","rabbit_cav2,fist,141,-259,85,1,0,1,1,0","rabbit_cav2,arm_up,69,-282,8,1,13,1,1,0","rabbit_cav2,arm_low,95,-246,40,1,14,1,1,0","rabbit_cav2,fist,118,-210,-4,0,19,1,1,0","rabbit_cav2,leg_up,22,-187,17.3,0,4,1,1,0","rabbit_cav2,leg_low,16,-133,-37,0,3,1,1,0","rabbit_cav2,foot,-20,-100,-76.6,0,4,1,1,0","rabbit_cav2,leg_up,51,-185,22.7,0,18,1,1,0","rabbit_cav2,leg_low,15,-165,-72.5,0,19,1,1,0","rabbit_cav2,foot,-2,-110,-106.5,0,21,1,1,0","rabbit_cav2,sword_base,247,-288,100,0,2,1,1,0",,"rabbit_cav2,ear,40,-413,75,0,3,1,1,0","rabbit_cav2,ear_back,84,-417,49,0,12,1,1,0","rabbit_cav2,tail,-52,-225,-118,0,6,1,1,0",,,,,,,,"animal_hound,head,212,-206,-31,0,2,1,1,1","animal_hound,neck,154,-183,-54,0,4,1,1,0","animal_hound,body,14,-166,-9.5,0,5,1,1,0","animal_hound,arm_up,80,-138,33,0,4,1,1,0","animal_hound,arm_low,96,-82,10,0,5,1,1,0","animal_hound,fist,140,-19,5,0,6,1,1,0","animal_hound,arm_up,83,-130,41,1,13,1,1,0","animal_hound,arm_low,104,-95,8,0,13,1,1,0","animal_hound,fist,132,-31,-16,0,19,1,1,0","animal_hound,leg_up,-108,-134,-20.7,0,4,1,1,0","animal_hound,leg_low,-146,-80,-21,0,10,1,1,0","animal_hound,foot,-143,-11,-38,0,13,1,1,0","animal_hound,leg_up,-52,-145,23.7,0,12,1,1,0","animal_hound,leg_low,-68,-82,-27,0,13,1,1,0","animal_hound,foot,-66,-9,-25,0,15,1,1,0",,,"animal_hound,ear,144,-222,-44,0,0,1,1,0","animal_hound,ear,165,-240,-78,0,12,1,1,0","animal_hound,tail,-140,-190,-46,0,4,1,1,0","animal_hound,mouth_low,212,-180,-33,0,3,1,1,0",,,,,,,,,,,,,,,,,,,,,,,,,,,,,,,,,,,,,,,,,,,,,,,,,,,,,,,,,,,,,,,,,,,,,play_time_mod_0.5,sprite_deal_damage,
Skill1/7,"rabbit_cav2,head,80,-338,-29,0,3,1,1,0","rabbit_cav2,neck,63,-305,-24,0,4,1,1,0","rabbit_cav2,body,38,-237,-21.5,0,5,1,1,0","rabbit_cav2,arm_up,58,-282,39,0,4,1,1,0","rabbit_cav2,arm_low,98,-258,64,0,3,1,1,0","rabbit_cav2,fist,138,-259,130,1,0,1,1,0","rabbit_cav2,arm_up,63,-260,15,1,13,1,1,0","rabbit_cav2,arm_low,89,-224,47,1,14,1,1,0","rabbit_cav2,fist,112,-188,3,0,19,1,1,0","rabbit_cav2,leg_up,24,-156,24.3,0,4,1,1,0","rabbit_cav2,leg_low,22,-117,-60,0,3,1,1,0","rabbit_cav2,foot,-18,-98,-99.6,0,4,1,1,0","rabbit_cav2,leg_up,45,-163,29.7,0,18,1,1,0","rabbit_cav2,leg_low,9,-143,-65.5,0,19,1,1,0","rabbit_cav2,foot,-8,-88,-99.5,0,21,1,1,0","rabbit_cav2,sword_base,227,-302,110,0,2,1,1,0",,"rabbit_cav2,ear,27,-401,72,0,3,1,1,0","rabbit_cav2,ear_back,48,-404,66,0,12,1,1,0","rabbit_cav2,tail,-58,-203,-111,1,6,1,1,0",,,,,,,,"animal_hound,head,207,-195,-29,0,2,1,1,0","animal_hound,neck,152,-181,-35,0,4,1,1,0","animal_hound,body,19,-133,0.5,0,5,1,1,0","animal_hound,arm_up,86,-124,44,0,4,1,1,0","animal_hound,arm_low,118,-59,15,0,5,1,1,0","animal_hound,fist,178,-21,52,0,6,1,1,0","animal_hound,arm_up,89,-112,47,1,13,1,1,0","animal_hound,arm_low,120,-73,33,0,13,1,1,0","animal_hound,fist,194,-27,30,0,19,1,1,0","animal_hound,leg_up,-95,-90,-8.7,0,4,1,1,0","animal_hound,leg_low,-112,-23,-2,0,10,1,1,0","animal_hound,foot,-74,38,12,0,13,1,1,0","animal_hound,leg_up,-36,-107,37.7,0,12,1,1,0","animal_hound,leg_low,-28,-49,3,0,13,1,1,0","animal_hound,foot,9,12,4,0,15,1,1,0",,,"animal_hound,ear,147,-199,-19,0,0,1,1,0","animal_hound,ear,168,-214,-53,0,12,1,1,0","animal_hound,tail,-132,-114,-25,0,4,1,1,0","animal_hound,mouth_low,209,-170,-30,0,3,1,1,0",,,,,,,,,,,,,,,,,,,,,,,,,,,,,,,,,,,,,,,,,,,,,,,,,,,,,,,,,,,,,,,,,,,,,play_time_mod_0.5,sprite_deal_damage,
Skill1/8,"rabbit_cav2,head,70,-350,-29,0,3,1,1,0","rabbit_cav2,neck,53,-317,-24,0,4,1,1,0","rabbit_cav2,body,28,-249,-21.5,0,5,1,1,0","rabbit_cav2,arm_up,47,-295,67,0,4,1,1,0","rabbit_cav2,arm_low,98,-286,84,0,3,1,1,0","rabbit_cav2,fist,139,-292,120,1,0,1,1,0","rabbit_cav2,arm_up,53,-272,15,1,13,1,1,0","rabbit_cav2,arm_low,79,-236,47,1,14,1,1,0","rabbit_cav2,fist,102,-200,3,0,19,1,1,0","rabbit_cav2,leg_up,14,-168,24.3,0,4,1,1,0","rabbit_cav2,leg_low,12,-129,-60,0,3,1,1,0","rabbit_cav2,foot,-28,-110,-99.6,0,4,1,1,0","rabbit_cav2,leg_up,35,-175,29.7,0,18,1,1,0","rabbit_cav2,leg_low,-1,-155,-65.5,0,19,1,1,0","rabbit_cav2,foot,-18,-100,-99.5,0,21,1,1,0","rabbit_cav2,sword_base,231,-338,109,0,2,1,1,0",,"rabbit_cav2,ear,17,-413,72,0,3,1,1,0","rabbit_cav2,ear_back,38,-416,66,0,12,1,1,0","rabbit_cav2,tail,-68,-205,-101,0,6,1,1,0",,,,,,,,"animal_hound,head,202,-218,-15,0,2,1,1,0","animal_hound,neck,150,-189,-37,0,4,1,1,0","animal_hound,body,13,-148,-4.5,0,5,1,1,0","animal_hound,arm_up,81,-124,35,0,4,1,1,0","animal_hound,arm_low,93,-62,-1,0,5,1,1,0","animal_hound,fist,127,13,-10,0,6,1,1,0","animal_hound,arm_up,81,-118,24,1,13,1,1,0","animal_hound,arm_low,104,-95,14,0,13,1,1,0","animal_hound,fist,158,-29,5,0,19,1,1,0","animal_hound,leg_up,-107,-116,-19.7,0,4,1,1,0","animal_hound,leg_low,-135,-51,-8,0,10,1,1,0","animal_hound,foot,-101,14,9,0,13,1,1,0","animal_hound,leg_up,-48,-130,-14.3,0,12,1,1,0","animal_hound,leg_low,-56,-70,9,0,13,1,1,0","animal_hound,foot,-15,-11,-5,0,15,1,1,0",,,"animal_hound,ear,138,-212,-20,0,0,1,1,0","animal_hound,ear,165,-234,-52,0,12,1,1,0","animal_hound,tail,-137,-142,-31,0,4,1,1,0","animal_hound,mouth_low,209,-195,-21,0,3,1,1,0",,,,,,,,,,,,,,,,,,,,,,,,,,,,,,,,,,,,,,,,,,,,,,,,,,,,,,,,,,,,,,,,,,,,,,sprite_deal_damage,
Skill1/9,"rabbit_cav2,head,54,-370,-29,0,3,1,1,0","rabbit_cav2,neck,37,-337,-24,0,4,1,1,0","rabbit_cav2,body,12,-269,-21.5,0,5,1,1,0","rabbit_cav2,arm_up,31,-315,67,0,4,1,1,0","rabbit_cav2,arm_low,82,-306,84,0,3,1,1,0","rabbit_cav2,fist,123,-312,120,1,0,1,1,0","rabbit_cav2,arm_up,37,-292,15,1,13,1,1,0","rabbit_cav2,arm_low,63,-256,47,1,14,1,1,0","rabbit_cav2,fist,86,-220,3,0,19,1,1,0","rabbit_cav2,leg_up,-2,-188,24.3,0,4,1,1,0","rabbit_cav2,leg_low,-4,-149,-60,0,3,1,1,0","rabbit_cav2,foot,-44,-130,-99.6,0,4,1,1,0","rabbit_cav2,leg_up,19,-195,29.7,0,18,1,1,0","rabbit_cav2,leg_low,-17,-175,-65.5,0,19,1,1,0","rabbit_cav2,foot,-34,-120,-99.5,0,21,1,1,0","rabbit_cav2,sword_base,217,-363,112,0,2,1,1,0",,"rabbit_cav2,ear,1,-433,72,0,3,1,1,0","rabbit_cav2,ear_back,22,-436,66,0,12,1,1,0","rabbit_cav2,tail,-84,-198,-81,0,6,1,1,0",,,,,,,,"animal_hound,head,191,-240,-14,0,2,1,1,0","animal_hound,neck,138,-221,-26,0,4,1,1,0","animal_hound,body,9.6,-164.4,-1.5,0,5,1,1,0","animal_hound,arm_up,65,-147,0,0,4,1,1,0","animal_hound,arm_low,54,-72,1,0,5,1,1,0","animal_hound,fist,93.2,-13.2,4,0,6,1,1,0","animal_hound,arm_up,70,-145.2,1,1,13,1,1,0","animal_hound,arm_low,89,-91,10,0,13,1,1,0","animal_hound,fist,133,-27,-6,0,19,1,1,0","animal_hound,leg_up,-113,-124,-21.7,0,4,1,1,0","animal_hound,leg_low,-141,-57,-5,0,10,1,1,0","animal_hound,foot,-105,1,11.4,0,13,1,1,0","animal_hound,leg_up,-56,-129,-19.3,0,12,1,1,0","animal_hound,leg_low,-73,-72,17.5,0,13,1,1,0","animal_hound,foot,-19,-20,18.5,0,15,1,1,0",,,"animal_hound,ear,130,-228,-9,0,0,1,1,0","animal_hound,ear,144,-243,-29,0,12,1,1,0","animal_hound,tail,-143,-151,-25,0,4,1,1,0","animal_hound,mouth_low,195,-218,-14,0,3,1,1,0",,,,,,,,,,,,,,,,,,,,,,,,,,,,,,,,,,,,,,,,,,,,,,,,,,,,,,,,,,,,,,,,,,,,,play_time_mod_0.5,sprite_deal_damage,
Standup/0,"rabbit_cav2,close,177,-190,-81,0,2,1,1,0","rabbit_cav2,neck,140,-187,-65,0,4,1,1,0","rabbit_cav2,body,70,-155,-66.5,0,5,1,1,0","rabbit_cav2,arm_up,110,-179,-49,0,4,1,1,0","rabbit_cav2,arm_low,87,-142,-26,0,4,1,1,0","rabbit_cav2,fist,77,-108,6,1,0,1,1,0","rabbit_cav2,arm_up,123,-174,38,1,13,1,1,0","rabbit_cav2,arm_low,143,-129,29,1,15,1,1,0","rabbit_cav2,fist,151,-88,-35,0,23,1,1,0","rabbit_cav2,leg_up,19,-106,3.3,0,5,1,1.1,0","rabbit_cav2,leg_low,8,-35,-18,0,5,1,1,0","rabbit_cav2,foot,-13,4,-71.6,0,6,1,1,0","rabbit_cav2,leg_up,65,-102,10.7,0,18,1,1,0","rabbit_cav2,leg_low,106,-52,-27.5,0,19,1,1,0","rabbit_cav2,foot,89,2,-57.5,0,21,1,1,0","rabbit_cav2,sword_base,149,-29,37,0,1,1,1,0",,"rabbit_cav2,ear_back,214,-159,174,1,0,1,1,0","rabbit_cav2,ear_back,224,-140,-125,0,10,1,1,0","rabbit_cav2,tail,-20,-92,-30,0,14,1,1,0",,,,,,,,"animal_hound,close,199,-76,-68,0,4,1,1,0","animal_hound,neck,153,-97,-65,0,5,1,1,0","animal_hound,body,9,-84,-4.5,0,7,1,1,0","animal_hound,arm_up,65,-73,-16,0,7,1,1,0","animal_hound,arm_low,69,-12,46,0,6,1,1,0","animal_hound,fist,139,19,20,0,8,1,1,0","animal_hound,arm_up,91,-50,16,1,15,1,1,0","animal_hound,arm_low,138,-18,83,1,15,1,1,0","animal_hound,fist,205,9,17,0,21,1,1,0","animal_hound,leg_up,-93,-48,12.3,0,6,1,1,0","animal_hound,leg_low,-127,-18,-76,0,12,1,1,0","animal_hound,foot,-192,29,-97.6,0,15,1,1,0","animal_hound,leg_up,-53,-38,15.7,0,14,1,1,0","animal_hound,leg_low,-83,-14,-84.5,0,15,1,1,0","animal_hound,foot,-160,8,-130.5,0,17,1,1,0",,,"animal_hound,ear,158,-104,-37,0,1,1,1,0","animal_hound,ear,172,-105,-50,0,12,1,1,0","animal_hound,tail,-131,-75,-24,0,6,1,1,0","animal_hound,mouth_low,179,-55,-74,0,5,1,1,0",,,,,,,,,,,,,,,,,,,,,,,,,,,,,,,,,,,,,,,,,,,,,,,,,,,,,,,,,,,,,,,,,,,,,,,
Standup/1,"rabbit_cav2,head,161,-232,-58,0,2,1,1,0","rabbit_cav2,neck,124,-215,-57,0,4,1,1,0","rabbit_cav2,body,64,-172,-56.5,0,5,1,1,0","rabbit_cav2,arm_up,92,-207,-58,0,4,1,1,0","rabbit_cav2,arm_low,69,-173,-19,0,4,1,1,0","rabbit_cav2,fist,61,-134,6,1,0,1,1,0","rabbit_cav2,arm_up,122,-194,18,1,13,1,1,0","rabbit_cav2,arm_low,137,-149,39,1,15,1,1,0","rabbit_cav2,fist,152,-110,-35,0,23,1,1,0","rabbit_cav2,leg_up,17,-113,12.3,0,5,1,1.1,0","rabbit_cav2,leg_low,10,-49,-25,0,5,1,1,0","rabbit_cav2,foot,-15,-11,-71.6,0,6,1,1,0","rabbit_cav2,leg_up,65,-102,10.7,0,18,1,1,0","rabbit_cav2,leg_low,106,-52,-27.5,0,19,1,1,0","rabbit_cav2,foot,85,-8,-57.5,0,21,1,1,0","rabbit_cav2,sword_base,133,-55,37,0,1,1,1,0",,"rabbit_cav2,ear_back,227,-244,-132,1,0,1,1,0","rabbit_cav2,ear_back,206,-192,-110,0,10,1,1,0","rabbit_cav2,tail,-21,-94,-20,0,14,1,1,0",,,,,,,,"animal_hound,head,199,-97,-58,0,4,1,1,0","animal_hound,neck,152,-111,-61,0,5,1,1,0","animal_hound,body,9,-92,-2.5,0,7,1,1,0","animal_hound,arm_up,63,-78,-6,0,7,1,1,0","animal_hound,arm_low,70,-10,38,0,6,1,1,0","animal_hound,fist,139,33,12,0,8,1,1,0","animal_hound,arm_up,91,-58,18,1,15,1,1,0","animal_hound,arm_low,138,-26,85,1,15,1,1,0","animal_hound,fist,205,1,19,0,21,1,1,0","animal_hound,leg_up,-95,-56,11.3,0,6,1,1,0","animal_hound,leg_low,-130,-26,-77,0,12,1,1,0","animal_hound,foot,-198,18,-95.6,0,15,1,1,0","animal_hound,leg_up,-47,-56,48.7,0,14,1,1,0","animal_hound,leg_low,-62,-25,-78.5,0,15,1,1,0","animal_hound,foot,-106,26,-54.5,0,17,1,1,0",,,"animal_hound,ear,155,-120,-33,0,1,1,1,0","animal_hound,ear,172,-115,-48,0,12,1,1,0","animal_hound,tail,-131,-83,-22,0,6,1,1,0","animal_hound,mouth_low,177,-68,-74,0,5,1,1,0",,,,,,,,,,,,,,,,,,,,,,,,,,,,,,,,,,,,,,,,,,,,,,,,,,,,,,,,,,,,,,,,,,,,,,,
Standup/2,"rabbit_cav2,head,122,-277,-40,0,2,1,1,0","rabbit_cav2,neck,95,-253,-41,0,4,1,1,0","rabbit_cav2,body,50,-201,-43.5,0,5,1,1,0","rabbit_cav2,arm_up,58,-237,-61,0,4,1,1,0","rabbit_cav2,arm_low,35,-203,-22,0,4,1,1,0","rabbit_cav2,fist,27,-164,3,1,0,1,1,0","rabbit_cav2,arm_up,102,-208,18,1,13,1,1,0","rabbit_cav2,arm_low,117,-165,39,1,15,1,1,0","rabbit_cav2,fist,132,-128,-35,0,23,1,1,0","rabbit_cav2,leg_up,17,-127,20.3,0,5,1,1.1,0","rabbit_cav2,leg_low,16,-66,-29,0,5,1,1,0","rabbit_cav2,foot,-3,-24,-46.6,0,6,1,1,0","rabbit_cav2,leg_up,54,-124,10.7,0,18,1,1,0","rabbit_cav2,leg_low,95,-74,-27.5,0,19,1,1,0","rabbit_cav2,foot,74,-30,-57.5,0,21,1,1,0","rabbit_cav2,sword_base,99,-85,34,0,1,1,1,0",,"rabbit_cav2,ear,151,-349,-67,1,2,1,1,0","rabbit_cav2,ear_back,187,-287,-60,0,10,1,1,0","rabbit_cav2,tail,-20,-106,-20,0,14,1,1,0",,,,,,,,"animal_hound,head,199,-132,-43,0,4,1,1,0","animal_hound,neck,154,-134,-50,0,5,1,1,0","animal_hound,body,9,-104,-2.5,0,7,1,1,0","animal_hound,arm_up,63,-90,-6,0,7,1,1,0","animal_hound,arm_low,70,-22,38,0,6,1,1,0","animal_hound,fist,139,21,12,0,8,1,1,0","animal_hound,arm_up,91,-70,18,1,15,1,1,0","animal_hound,arm_low,138,-38,85,1,15,1,1,0","animal_hound,fist,205,-11,19,0,21,1,1,0","animal_hound,leg_up,-91,-68,16.3,0,6,1,1,0","animal_hound,leg_low,-120,-27,-57,0,12,1,1,0","animal_hound,foot,-158,36,-55.6,0,15,1,1,0","animal_hound,leg_up,-49,-68,53.7,0,14,1,1,0","animal_hound,leg_low,-60,-28,-51.5,0,15,1,1,0","animal_hound,foot,-68,39,-20.5,0,17,1,1,0",,,"animal_hound,ear,144,-147,-29,0,1,1,1,0","animal_hound,ear,161,-142,-44,0,12,1,1,0","animal_hound,tail,-131,-95,-22,0,6,1,1,0","animal_hound,mouth_low,187,-98,-66,0,5,1,1,0",,,,,,,,,,,,,,,,,,,,,,,,,,,,,,,,,,,,,,,,,,,,,,,,,,,,,,,,,,,,,,,,,,,,,,,
Standup/3,"rabbit_cav2,head,116,-302,-31,0,2,1,1,0","rabbit_cav2,neck,89,-272,-36,0,4,1,1,0","rabbit_cav2,body,46,-214,-38.5,0,5,1,1,0","rabbit_cav2,arm_up,50,-259,-61,0,4,1,1,0","rabbit_cav2,arm_low,27,-225,-22,0,4,1,1,0","rabbit_cav2,fist,19,-186,3,1,0,1,1,0","rabbit_cav2,arm_up,94,-231,18,1,13,1,1,0","rabbit_cav2,arm_low,109,-188,39,1,15,1,1,0","rabbit_cav2,fist,124,-150,-35,0,23,1,1,0","rabbit_cav2,leg_up,16,-140,24.3,0,5,1,1.1,0","rabbit_cav2,leg_low,21,-79,-23,0,5,1,1,0","rabbit_cav2,foot,5,-36,-44.6,0,6,1,1,0","rabbit_cav2,leg_up,54,-137,10.7,0,18,1,1,0","rabbit_cav2,leg_low,95,-87,-27.5,0,19,1,1,0","rabbit_cav2,foot,74,-43,-57.5,0,21,1,1,0","rabbit_cav2,sword_base,91,-107,34,0,1,1,1,0",,"rabbit_cav2,ear,141,-376,-62,1,2,1,1,0","rabbit_cav2,ear_back,181,-318,-51,0,10,1,1,0","rabbit_cav2,tail,-26,-119,-17,0,14,1,1,0",,,,,,,,"animal_hound,head,199,-162,-33,0,4,1,1,0","animal_hound,neck,151,-164,-44,0,5,1,1,0","animal_hound,body,8,-121,1.5,0,7,1,1,0","animal_hound,arm_up,63,-100,-6,0,7,1,1,0","animal_hound,arm_low,70,-28,31,0,6,1,1,0","animal_hound,fist,129,20,14,0,8,1,1,0","animal_hound,arm_up,91,-80,18,1,15,1,1,0","animal_hound,arm_low,138,-46,73,1,15,1,1,0","animal_hound,fist,204,-2,8,0,21,1,1,0","animal_hound,leg_up,-93,-80,12.3,0,6,1,1,0","animal_hound,leg_low,-114,-24,-35,0,12,1,1,0","animal_hound,foot,-118,46,-17.6,0,15,1,1,0","animal_hound,leg_up,-53,-74,52.7,0,14,1,1,0","animal_hound,leg_low,-58,-32,-40.5,0,15,1,1,0","animal_hound,foot,-50,23,13.5,0,17,1,1,0",,,"animal_hound,ear,140,-167,-29,0,1,1,1,0","animal_hound,ear,157,-162,-44,0,12,1,1,0","animal_hound,tail,-134,-102,-19,0,6,1,1,0","animal_hound,mouth_low,194,-129,-47,0,5,1,1,0",,,,,,,,,,,,,,,,,,,,,,,,,,,,,,,,,,,,,,,,,,,,,,,,,,,,,,,,,,,,,,,,,,,,,,,
Standup/4,"rabbit_cav2,head,93,-327,-18,0,2,1,1,0","rabbit_cav2,neck,75,-291,-29,0,4,1,1,0","rabbit_cav2,body,39,-229,-34.5,0,5,1,1,0","rabbit_cav2,arm_up,34,-276,-62,0,4,1,1,0","rabbit_cav2,arm_low,19,-250,8,0,4,1,1,0","rabbit_cav2,fist,29,-212,33,1,0,1,1,0","rabbit_cav2,arm_up,83,-252,18,1,13,1,1,0","rabbit_cav2,arm_low,98,-209,39,1,15,1,1,0","rabbit_cav2,fist,113,-171,-35,0,23,1,1,0","rabbit_cav2,leg_up,16,-152,24.3,0,5,1,1.1,0","rabbit_cav2,leg_low,21,-91,-23,0,5,1,1,0","rabbit_cav2,foot,5,-48,-44.6,0,6,1,1,0","rabbit_cav2,leg_up,54,-149,10.7,0,18,1,1,0","rabbit_cav2,leg_low,95,-99,-27.5,0,19,1,1,0","rabbit_cav2,foot,74,-55,-57.5,0,21,1,1,0","rabbit_cav2,sword_base,121,-174,59,0,1,1,1,0",,"rabbit_cav2,ear,75,-407,-26,1,2,1,1,0","rabbit_cav2,ear_back,137,-379,-14,0,10,1,1,0","rabbit_cav2,tail,-28,-144,-20,0,14,1,1,0",,,,,,,,"animal_hound,head,199,-198,-29,0,4,1,1,0","animal_hound,neck,146,-186,-38,0,5,1,1,0","animal_hound,body,8,-138,2.5,0,7,1,1,0","animal_hound,arm_up,63,-112,-6,0,7,1,1,0","animal_hound,arm_low,60,-33,17,0,6,1,1,0","animal_hound,fist,112,20,14,0,8,1,1,0","animal_hound,arm_up,90,-112,18,1,15,1,1,0","animal_hound,arm_low,128,-56,43,0,17,1,1,0","animal_hound,fist,193,-4,-2,0,21,1,1,0","animal_hound,leg_up,-97,-98,6.3,0,6,1,1,0","animal_hound,leg_low,-123,-45,-38,0,12,1,1,0","animal_hound,foot,-118,23,-7.6,0,15,1,1,0","animal_hound,leg_up,-60,-95,13.7,0,14,1,1,0","animal_hound,leg_low,-67,-46,-13.5,0,15,1,1,0","animal_hound,foot,-35,13,13.5,0,17,1,1,0",,,"animal_hound,ear,140,-203,-25,0,1,1,1,0","animal_hound,ear,157,-198,-40,0,12,1,1,0","animal_hound,tail,-131,-117,-17,0,6,1,1,0","animal_hound,mouth_low,199,-168,-41,0,5,1,1,0",,,,,,,,,,,,,,,,,,,,,,,,,,,,,,,,,,,,,,,,,,,,,,,,,,,,,,,,,,,,,,,,,,,,,play_time_mod_0.5,,
Standup/5,"rabbit_cav2,head,55,-349,-8,0,2,1,1,0","rabbit_cav2,neck,45,-311,-19,0,4,1,1,0","rabbit_cav2,body,21,-245,-23.5,0,5,1,1,0","rabbit_cav2,arm_up,14,-286,-46,0,4,1,1,0","rabbit_cav2,arm_low,9,-260,38,0,4,1,1,0","rabbit_cav2,fist,39,-236,73,1,0,1,1,0","rabbit_cav2,arm_up,63,-277,18,1,13,1,1,0","rabbit_cav2,arm_low,78,-234,39,1,15,1,1,0","rabbit_cav2,fist,83,-217,-5,0,23,1,1,0","rabbit_cav2,leg_up,6,-162,24.3,0,5,1,1.1,0","rabbit_cav2,leg_low,11,-101,-23,0,5,1,1,0","rabbit_cav2,foot,-5,-58,-44.6,0,6,1,1,0","rabbit_cav2,leg_up,44,-159,10.7,0,18,1,1,0","rabbit_cav2,leg_low,85,-109,-27.5,0,19,1,1,0","rabbit_cav2,foot,64,-65,-57.5,0,21,1,1,0","rabbit_cav2,sword_base,141,-257,93,0,1,1,1,0",,"rabbit_cav2,ear,21,-424,-11,1,2,1,1,0","rabbit_cav2,ear_back,96,-411,6,0,10,1,1,0","rabbit_cav2,tail,-42,-157,-27,0,14,1,1,0",,,,,,,,"animal_hound,head,199,-213,-23,0,4,1,1,0","animal_hound,neck,144,-194,-39,0,5,1,1,0","animal_hound,body,8,-148,2.5,0,7,1,1,0","animal_hound,arm_up,63,-122,-19,0,7,1,1,0","animal_hound,arm_low,46,-49,9,0,6,1,1,0","animal_hound,fist,96,14,14,0,8,1,1,0","animal_hound,arm_up,90,-122,18,1,15,1,1,0","animal_hound,arm_low,125,-62,30,0,17,1,1,0","animal_hound,fist,182,-4,5,0,21,1,1,0","animal_hound,leg_up,-101,-105,-2.7,0,6,1,1,0","animal_hound,leg_low,-115,-41,-8,0,12,1,1,0","animal_hound,foot,-83,23,3.4,0,15,1,1,0","animal_hound,leg_up,-51,-111,-19.3,0,14,1,1,0","animal_hound,leg_low,-72,-51,6.5,0,15,1,1,0","animal_hound,foot,-28,5,6.5,0,17,1,1,0",,,"animal_hound,ear,140,-213,-25,0,2,1,1,0","animal_hound,ear,157,-208,-40,0,12,1,1,0","animal_hound,tail,-131,-127,-17,0,6,1,1,0","animal_hound,mouth_low,200,-188,-25,0,5,1,1,0",,,,,,,,,,,,,,,,,,,,,,,,,,,,,,,,,,,,,,,,,,,,,,,,,,,,,,,,,,,,,,,,,,,,,play_time_mod_0.5,,
Standup/6,"rabbit_cav2,head,42,-361,-12,0,2,1,1,0","rabbit_cav2,neck,30,-326,-19,0,4,1,1,0","rabbit_cav2,body,13,-256,-14.5,0,5,1,1,0","rabbit_cav2,arm_up,-3,-298,-43,0,4,1,1,0","rabbit_cav2,arm_low,-8,-268,41,0,5,1,1,0","rabbit_cav2,fist,27,-249,93,1,0,1,1,0","rabbit_cav2,arm_up,41,-287,20,1,13,1,1,0","rabbit_cav2,arm_low,73,-247,59,1,15,1,1,0","rabbit_cav2,fist,95,-221,11,0,23,1,1,0","rabbit_cav2,leg_up,8,-167,29.3,0,5,1,1.1,0","rabbit_cav2,leg_low,16,-110,-23,0,5,1,1,0","rabbit_cav2,foot,0,-67,-44.6,0,6,1,1,0","rabbit_cav2,leg_up,44,-164,10.7,0,18,1,1,0","rabbit_cav2,leg_low,77,-116,-27.5,0,19,1,1,0","rabbit_cav2,foot,56,-72,-57.5,0,21,1,1,0","rabbit_cav2,sword_base,111,-310,120,0,1,1,1,0",,"rabbit_cav2,ear,3,-434,-6,1,2,1,1,0","rabbit_cav2,ear_back,45,-440,42,0,10,1,1,0","rabbit_cav2,tail,-42,-157,-27,0,14,1,1,0",,,,,,,,"animal_hound,head,183,-239,-21,0,4,1,1,0","animal_hound,neck,132,-215,-26,0,5,1,1,0","animal_hound,body,5,-156,2.5,0,7,1,1,0","animal_hound,arm_up,65,-137,-22,0,7,1,1,0","animal_hound,arm_low,46,-61,3,0,6,1,1,0","animal_hound,fist,85,7,2,0,8,1,1,0","animal_hound,arm_up,86,-129,7,1,15,1,1,0","animal_hound,arm_low,106,-72,30,0,17,1,1,0","animal_hound,fist,162,-16,-2,0,21,1,1,0","animal_hound,leg_up,-104,-111,-12.7,0,6,1,1,0","animal_hound,leg_low,-119,-51,2,0,12,1,1,0","animal_hound,foot,-83,14,3.4,0,15,1,1,0","animal_hound,leg_up,-51,-125,-19.3,0,14,1,1,0","animal_hound,leg_low,-65,-56,13.5,0,15,1,1,0","animal_hound,foot,-17,0,9.5,0,17,1,1,0",,,"animal_hound,ear,124,-239,-23,0,2,1,1,0","animal_hound,ear,141,-234,-38,0,12,1,1,0","animal_hound,tail,-131,-134,-17,0,6,1,1,0","animal_hound,mouth_low,184,-214,-23,0,5,1,1,0",,,,,,,,,,,,,,,,,,,,,,,,,,,,,,,,,,,,,,,,,,,,,,,,,,,,,,,,,,,,,,,,,,,,,,,
Standup/7,"rabbit_cav2,head,11,-389,-16,0,2,1,1,0","rabbit_cav2,neck,-2,-356,-5,0,4,1,1,0","rabbit_cav2,body,-4,-283,-4.5,0,5,1,1,0","rabbit_cav2,arm_up,-26,-323,-32,0,4,1,1,0","rabbit_cav2,arm_low,-28,-288,26,0,5,1,1,0","rabbit_cav2,fist,4,-270,91,1,4,1,1,0","rabbit_cav2,arm_up,13,-322,17,1,13,1,1,0","rabbit_cav2,arm_low,53,-262,64,1,15,1,1,0","rabbit_cav2,fist,75,-237,14,0,23,1,1,0","rabbit_cav2,leg_up,4,-192,32.3,0,5,1,1,0","rabbit_cav2,leg_low,12,-143,-27,0,5,1,1,0","rabbit_cav2,foot,-11,-105,-61.6,0,6,1,1,0","rabbit_cav2,leg_up,5,-220,49.7,0,18,1,1,0","rabbit_cav2,leg_low,46,-175,15.5,0,19,1,1,0","rabbit_cav2,foot,29,-120,-18.5,0,21,1,1,0","rabbit_cav2,sword_base,69,-346,132,0,5,1,1,0",,"rabbit_cav2,ear,-45,-452,73,0,0,1,1,0","rabbit_cav2,ear_back,-4,-456,44,0,12,1,1,0","rabbit_cav2,tail,-70,-186,-46,0,14,1,1,0",,,,,,,,"animal_hound,head,171,-260,-15,0,4,1,1,0","animal_hound,neck,131,-233,-17,0,5,1,1,0","animal_hound,body,9,-172,-2.5,0,7,1,1,0","animal_hound,arm_up,64,-144,-27,0,7,1,1,0","animal_hound,arm_low,41,-66,8,0,6,1,1,0","animal_hound,fist,85.2,-3.2,4,0,8,1,1,0","animal_hound,arm_up,70,-155.2,11,1,15,1,1,0","animal_hound,arm_low,99,-89,34,1,15,1,1,0","animal_hound,fist,147.6,-28.2,17,0,21,1,1,0","animal_hound,leg_up,-101,-139,-12.7,0,6,1,1,0","animal_hound,leg_low,-119,-75.4,-1,0,12,1,1,0","animal_hound,foot,-85.8,-2.6,-3.6,0,15,1,1,0","animal_hound,leg_up,-56.8,-137.2,-12.3,0,14,1,1,0","animal_hound,leg_low,-61.8,-75.8,17.5,0,15,1,1,0","animal_hound,foot,-9.2,-16.6,8.5,0,17,1,1,0",,,"animal_hound,ear,112,-244,-3,0,1,1,1,0","animal_hound,ear,134,-254,-9,0,12,1,1,0","animal_hound,tail,-132,-150,-12,0,6,1,1,0","animal_hound,mouth_low,182,-233,-27,0,5,1,1,0",,,,,,,,,,,,,,,,,,,,,,,,,,,,,,,,,,,,,,,,,,,,,,,,,,,,,,,,,,,,,,,,,,,,,,,
Walk/0,"rabbit_cav2,head,5,-393,-12,0,2,1,1,0","rabbit_cav2,neck,-5,-358,-3,0,4,1,1,0","rabbit_cav2,body,-4,-286,-1.5,0,5,1,1,0","rabbit_cav2,arm_up,-26,-327,-30,0,4,1,1,0","rabbit_cav2,arm_low,-28,-292,28,0,5,1,1,0","rabbit_cav2,fist,4,-274,93,1,4,1,1,0","rabbit_cav2,arm_up,13,-324,18,1,13,1,1,0","rabbit_cav2,arm_low,53,-266,65,1,15,1,1,0","rabbit_cav2,fist,81,-238,17,0,23,1,1,0","rabbit_cav2,leg_up,4,-194,32.3,0,5,1,1,0","rabbit_cav2,leg_low,12,-145,-24,0,5,1,1,0","rabbit_cav2,foot,-11,-106,-58.6,0,6,1,1,0","rabbit_cav2,leg_up,5,-221,50.7,0,18,1,1,0","rabbit_cav2,leg_low,46,-176,16.5,0,19,1,1,0","rabbit_cav2,foot,29,-121,-17.5,0,21,1,1,0","rabbit_cav2,sword_base,72,-348,134,0,5,1,1,0",,"rabbit_cav2,ear,-46,-457,72,0,0,1,1,0","rabbit_cav2,ear_back,-12,-467,50,0,12,1,1,0","rabbit_cav2,tail,-70,-188,-44,0,14,1,1,0",,,,,,,,"animal_hound,head,178,-246,-17,0,4,1,1,0","animal_hound,neck,134,-226,-18,0,6,1,1,0","animal_hound,body,9.6,-170.4,-2.5,0,7,1,1,0","animal_hound,arm_up,57,-139,22,0,7,1,1,0","animal_hound,arm_low,71,-63,10,0,8,1,1,0","animal_hound,fist,123,1,14,0,8,1,1,0","animal_hound,arm_up,70,-145.2,11,1,15,1,1,0","animal_hound,arm_low,69.8,-87.4,-17,1,15,1,1,0","animal_hound,fist,65,-21,-16,0,21,1,1,0","animal_hound,leg_up,-101,-135,-3.7,0,6,1,1,0","animal_hound,leg_low,-134,-75,-29,0,12,1,1,0","animal_hound,foot,-137,-1,-30.6,0,15,1,1,0","animal_hound,leg_up,-56,-132,-17.3,0,14,1,1,0","animal_hound,leg_low,-66.8,-72.8,17.5,0,15,1,1,0","animal_hound,foot,-21,-12,-0.5,0,17,1,1,0",,,"animal_hound,ear,121,-235,-4,0,2,1,1,0","animal_hound,ear,146,-247,-24,0,14,1,1,0","animal_hound,tail,-143,-162,-29,0,6,1,1,0","animal_hound,mouth_low,186,-225,-15,0,6,1,1,0",,,,,,,,,,,,,,,,,,,,,,,,,,,,,,,,,,,,,,,,,,,,,,,,,,,,,,,,,,,,,,,,,,,,,,,
Walk/1,"rabbit_cav2,head,0,-395,-10,0,2,1,1,0","rabbit_cav2,neck,-12,-361,0,0,4,1,1,0","rabbit_cav2,body,-9,-289,-0.5,0,5,1,1,0","rabbit_cav2,arm_up,-31,-328,-29,0,4,1,1,0","rabbit_cav2,arm_low,-33,-293,29,0,5,1,1,0","rabbit_cav2,fist,-1,-275,94,1,4,1,1,0","rabbit_cav2,arm_up,8,-327,20,1,13,1,1,0","rabbit_cav2,arm_low,48,-269,67,1,15,1,1,0","rabbit_cav2,fist,76,-241,19,0,23,1,1,0","rabbit_cav2,leg_up,4,-197,35.3,0,5,1,1,0","rabbit_cav2,leg_low,12,-148,-24,0,5,1,1,0","rabbit_cav2,foot,-11,-110,-58.6,0,6,1,1,0","rabbit_cav2,leg_up,5,-225,52.7,0,18,1,1,0","rabbit_cav2,leg_low,46,-180,18.5,0,19,1,1,0","rabbit_cav2,foot,29,-125,-15.5,0,21,1,1,0","rabbit_cav2,sword_base,61,-354,136,0,5,1,1,0",,"rabbit_cav2,ear,-53,-458,75,0,0,1,1,0","rabbit_cav2,ear_back,-17,-467,53,0,12,1,1,0","rabbit_cav2,tail,-75,-191,-43,0,14,1,1,0",,,,,,,,"animal_hound,head,174,-263,-20,0,4,1,1,0","animal_hound,neck,128,-237,-21,0,6,1,1,0","animal_hound,body,5.6,-174.4,3.5,0,7,1,1,0","animal_hound,arm_up,60,-147,10,0,7,1,1,0","animal_hound,arm_low,57,-73,-4,0,8,1,1,0","animal_hound,fist,94,0,-2,0,8,1,1,0","animal_hound,arm_up,64,-138,21,1,15,1,1,0","animal_hound,arm_low,71.8,-95.4,-10,1,15,1,1,0","animal_hound,fist,79,-39,-2,0,21,1,1,0","animal_hound,leg_up,-91,-127,15.3,0,6,1,1,0","animal_hound,leg_low,-107,-62,-18,0,12,1,1,0","animal_hound,foot,-86,3,2.4,0,15,1,1,0","animal_hound,leg_up,-56.8,-127.2,-16.3,0,14,1,1,0","animal_hound,leg_low,-72.8,-72.8,8.5,0,15,1,1,0","animal_hound,foot,-31,-16,7.5,0,17,1,1,0",,,"animal_hound,ear,115,-255,-10,0,2,1,1,0","animal_hound,ear,140,-267,-30,0,14,1,1,0","animal_hound,tail,-151,-157,-35,0,6,1,1,0","animal_hound,mouth_low,184,-242,-9,0,6,1,1,0",,,,,,,,,,,,,,,,,,,,,,,,,,,,,,,,,,,,,,,,,,,,,,,,,,,,,,,,,,,,,,,,,,,,,,,
Walk/2,"rabbit_cav2,head,11,-391,-16,0,2,1,1,0","rabbit_cav2,neck,-2,-358,-5,0,4,1,1,0","rabbit_cav2,body,-4,-285,-4.5,0,5,1,1,0","rabbit_cav2,arm_up,-26,-325,-32,0,4,1,1,0","rabbit_cav2,arm_low,-28,-290,26,0,5,1,1,0","rabbit_cav2,fist,4,-272,91,1,4,1,1,0","rabbit_cav2,arm_up,13,-324,17,1,13,1,1,0","rabbit_cav2,arm_low,53,-264,64,1,15,1,1,0","rabbit_cav2,fist,81,-236,14,0,23,1,1,0","rabbit_cav2,leg_up,4,-194,32.3,0,5,1,1,0","rabbit_cav2,leg_low,12,-145,-27,0,5,1,1,0","rabbit_cav2,foot,-11,-107,-61.6,0,6,1,1,0","rabbit_cav2,leg_up,5,-222,49.7,0,18,1,1,0","rabbit_cav2,leg_low,46,-177,15.5,0,19,1,1,0","rabbit_cav2,foot,29,-122,-18.5,0,21,1,1,0","rabbit_cav2,sword_base,69,-348,132,0,5,1,1,0",,"rabbit_cav2,ear,-45,-454,73,0,0,1,1,0","rabbit_cav2,ear_back,-4,-458,44,0,12,1,1,0","rabbit_cav2,tail,-70,-188,-46,0,14,1,1,0",,,,,,,,"animal_hound,head,183,-251,-20,0,4,1,1,0","animal_hound,neck,133,-231,-25,0,6,1,1,0","animal_hound,body,5.6,-172.4,1.5,0,7,1,1,0","animal_hound,arm_up,56,-151,2,0,7,1,1,0","animal_hound,arm_low,39.2,-75.6,-17,0,8,1,1,0","animal_hound,fist,53.2,-1.2,-23,0,8,1,1,0","animal_hound,arm_up,64,-128,32,1,15,1,1,0","animal_hound,arm_low,111,-66,34,0,15,1,1,0","animal_hound,fist,163,-13,-18,0,21,1,1,0","animal_hound,leg_up,-89,-136,33.3,0,6,1,1,0","animal_hound,leg_low,-81,-73,-3,0,12,1,1,0","animal_hound,foot,-54,-3,-7.6,0,15,1,1,0","animal_hound,leg_up,-64.8,-127.2,-23.3,0,14,1,1,0","animal_hound,leg_low,-98.8,-72.8,-13.5,0,15,1,1,0","animal_hound,foot,-78,-7,-14.5,0,17,1,1,0",,,"animal_hound,ear,130,-242,-3,0,2,1,1,0","animal_hound,ear,155,-254,-23,0,14,1,1,0","animal_hound,tail,-159,-176,-53,0,6,1,1,0","animal_hound,mouth_low,193,-230,-9,0,6,1,1,0",,,,,,,,,,,,,,,,,,,,,,,,,,,,,,,,,,,,,,,,,,,,,,,,,,,,,,,,,,,,,,,,,,,,,,,
Walk/3,"rabbit_cav2,head,14,-379,-20,0,2,1,1,0","rabbit_cav2,neck,5,-347,-8,0,4,1,1,0","rabbit_cav2,body,-2,-274,-7.5,0,5,1,1,0","rabbit_cav2,arm_up,-24,-314,-35,0,4,1,1,0","rabbit_cav2,arm_low,-26,-279,23,0,5,1,1,0","rabbit_cav2,fist,6,-261,88,1,4,1,1,0","rabbit_cav2,arm_up,15,-313,14,1,13,1,1,0","rabbit_cav2,arm_low,55,-253,61,1,15,1,1,0","rabbit_cav2,fist,83,-225,11,0,23,1,1,0","rabbit_cav2,leg_up,-1,-183,29.3,0,5,1,1,0","rabbit_cav2,leg_low,7,-134,-30,0,5,1,1,0","rabbit_cav2,foot,-16,-96,-64.6,0,6,1,1,0","rabbit_cav2,leg_up,7,-211,46.7,0,18,1,1,0","rabbit_cav2,leg_low,48,-166,12.5,0,19,1,1,0","rabbit_cav2,foot,31,-111,-21.5,0,21,1,1,0","rabbit_cav2,sword_base,72,-333,129,0,5,1,1,0",,"rabbit_cav2,ear,-42,-443,70,0,0,1,1,0","rabbit_cav2,ear_back,-2,-446,42,0,12,1,1,0","rabbit_cav2,tail,-68,-177,-49,0,14,1,1,0",,,,,,,,"animal_hound,head,190,-235,-22,0,4,1,1,0","animal_hound,neck,138,-220,-21,0,6,1,1,0","animal_hound,body,9.6,-168.4,-3.5,0,7,1,1,0","animal_hound,arm_up,58,-150.8,29,0,6,1,1,0","animal_hound,arm_low,61,-86,-26,0,7,1,1,0","animal_hound,fist,56,-12,-45,0,8,1,1,0","animal_hound,arm_up,70,-119.2,18,1,15,1,1,0","animal_hound,arm_low,105,-44,19,0,15,1,1,0","animal_hound,fist,157,8,12,0,21,1,1,0","animal_hound,leg_up,-65,-133,48.3,0,6,1,1.1,0","animal_hound,leg_low,-40,-56.4,9,0,12,1,1,0","animal_hound,foot,4,3,8.4,0,15,1,1,0","animal_hound,leg_up,-56.8,-131.2,-39.3,0,14,1,1,0","animal_hound,leg_low,-114.8,-86.8,-41.5,0,15,1,1,0","animal_hound,foot,-145,-12,-59.5,0,17,1,1,0",,,"animal_hound,ear,132,-226,-5,0,2,1,1,0","animal_hound,ear,157,-238,-25,0,14,1,1,0","animal_hound,tail,-151,-172,-43,0,6,1,1,0","animal_hound,mouth_low,200,-214,-11,0,6,1,1,0",,,,,,,,,,,,,,,,,,,,,,,,,,,,,,,,,,,,,,,,,,,,,,,,,,,,,,,,,,,,,,,,,,,,,,,
Walk/4,"rabbit_cav2,head,14,-384,-21,0,2,1,1,0","rabbit_cav2,neck,0,-352,-7,0,4,1,1,0","rabbit_cav2,body,-4,-279,-6.5,0,5,1,1,0","rabbit_cav2,arm_up,-26,-318,-35,0,4,1,1,0","rabbit_cav2,arm_low,-29,-282,22,0,5,1,1,0","rabbit_cav2,fist,4,-257,86,1,4,1,1,0","rabbit_cav2,arm_up,13,-318,15,1,13,1,1,0","rabbit_cav2,arm_low,54,-256,62,1,15,1,1,0","rabbit_cav2,fist,83,-228,16,0,23,1,1,0","rabbit_cav2,leg_up,1,-186,30.3,0,5,1,1,0","rabbit_cav2,leg_low,9,-137,-29,0,5,1,1,0","rabbit_cav2,foot,-14,-99,-63.6,0,6,1,1,0","rabbit_cav2,leg_up,5,-216,47.7,0,18,1,1,0","rabbit_cav2,leg_low,46,-171,13.5,0,19,1,1,0","rabbit_cav2,foot,29,-116,-20.5,0,21,1,1,0","rabbit_cav2,sword_base,73,-333,131,0,5,1,1,0",,"rabbit_cav2,ear,-41,-449,71,0,0,1,1,0","rabbit_cav2,ear_back,1,-451,42,0,12,1,1,0","rabbit_cav2,tail,-70,-182,-48,0,14,1,1,0",,,,,,,,"animal_hound,head,182,-255,-17,0,4,1,1,0","animal_hound,neck,133,-231,-18,0,6,1,1,0","animal_hound,body,9.6,-170.4,-1.5,0,7,1,1,0","animal_hound,arm_up,70,-151,51,0,6,1,1,0","animal_hound,arm_low,81,-92,-14,0,7,1,1,0","animal_hound,fist,74,-21,-65,0,7,1,1,0","animal_hound,arm_up,66,-135,23,1,15,1,1,0","animal_hound,arm_low,75.8,-53.4,5,0,15,1,1,0","animal_hound,fist,107.6,-0.8,18,0,21,1,1,0","animal_hound,leg_up,-80,-130,32.3,0,6,1,1,0","animal_hound,leg_low,-70,-63,0,0,12,1,1,0","animal_hound,foot,-30.8,-1.6,4.4,0,15,1,1,0","animal_hound,leg_up,-32.8,-131.2,-14.3,0,14,1,1,0","animal_hound,leg_low,-78.8,-86.8,-57.5,0,15,1,1,0","animal_hound,foot,-132,-36,-96.5,0,17,1,1,0",,,"animal_hound,ear,128,-243,0,0,2,1,1,0","animal_hound,ear,153,-255,-20,0,14,1,1,0","animal_hound,tail,-151,-161,-37,0,6,1,1,0","animal_hound,mouth_low,192,-234,-6,0,6,1,1,0",,,,,,,,,,,,,,,,,,,,,,,,,,,,,,,,,,,,,,,,,,,,,,,,,,,,,,,,,,,,,,,,,,,,,,,
Walk/5,"rabbit_cav2,head,17,-386,-18,0,2,1,1,0","rabbit_cav2,neck,1,-354,-7,0,4,1,1,0","rabbit_cav2,body,-1,-282,-3.5,0,5,1,1,0","rabbit_cav2,arm_up,-25,-321,-35,0,4,1,1,0","rabbit_cav2,arm_low,-28,-285,22,0,5,1,1,0","rabbit_cav2,fist,5,-260,86,1,4,1,1,0","rabbit_cav2,arm_up,14,-321,15,1,13,1,1,0","rabbit_cav2,arm_low,55,-259,62,1,15,1,1,0","rabbit_cav2,fist,84,-231,16,0,23,1,1,0","rabbit_cav2,leg_up,5,-191,30.3,0,5,1,1,0","rabbit_cav2,leg_low,13,-142,-29,0,5,1,1,0","rabbit_cav2,foot,-10,-104,-63.6,0,6,1,1,0","rabbit_cav2,leg_up,6,-219,47.7,0,18,1,1,0","rabbit_cav2,leg_low,47,-174,13.5,0,19,1,1,0","rabbit_cav2,foot,30,-119,-20.5,0,21,1,1,0","rabbit_cav2,sword_base,73,-338,132,0,5,1,1,0",,"rabbit_cav2,ear,-38,-449,77,0,0,1,1,0","rabbit_cav2,ear_back,6,-450,47,0,12,1,1,0","rabbit_cav2,tail,-69,-185,-48,0,14,1,1,0",,,,,,,,"animal_hound,head,189,-249,-18,0,4,1,1,0","animal_hound,neck,137,-226,-21,0,6,1,1,0","animal_hound,body,9.6,-174.4,-3.5,0,7,1,1,0","animal_hound,arm_up,65,-155,60,0,6,1,1,0","animal_hound,arm_low,88,-99,1,0,7,1,1,0","animal_hound,fist,96,-19,-57,0,8,1,1,0","animal_hound,arm_up,58,-135.2,-7,1,15,1,1,0","animal_hound,arm_low,45,-61,-8,0,15,1,1,0","animal_hound,fist,70,6,-11,0,21,1,1,0","animal_hound,leg_up,-100,-133,-8.7,0,6,1,1,0","animal_hound,leg_low,-119,-62,-5,0,12,1,1,0","animal_hound,foot,-90,8,-7.6,0,15,1,1,0","animal_hound,leg_up,-27,-142,20.7,0,14,1,1,0","animal_hound,leg_low,-52.8,-96.8,-48.5,0,15,1,1,0","animal_hound,foot,-89,-40,-76.5,0,17,1,1,0",,,"animal_hound,ear,135,-240,-7,0,2,1,1,0","animal_hound,ear,160,-252,-27,0,14,1,1,0","animal_hound,tail,-151,-167,-35,0,6,1,1,0","animal_hound,mouth_low,199,-230,-9,0,6,1,1,0",,,,,,,,,,,,,,,,,,,,,,,,,,,,,,,,,,,,,,,,,,,,,,,,,,,,,,,,,,,,,,,,,,,,,,,
Walk/6,"rabbit_cav2,head,18,-386,-18,0,2,1,1,0","rabbit_cav2,neck,3,-354,-7,0,4,1,1,0","rabbit_cav2,body,-2,-281,-6.5,0,5,1,1,0","rabbit_cav2,arm_up,-22,-321,-30,0,4,1,1,0","rabbit_cav2,arm_low,-25,-281,24,0,5,1,1,0","rabbit_cav2,fist,7,-263,89,1,4,1,1,0","rabbit_cav2,arm_up,15,-320,15,1,13,1,1,0","rabbit_cav2,arm_low,55,-260,62,1,15,1,1,0","rabbit_cav2,fist,83,-232,12,0,23,1,1,0","rabbit_cav2,leg_up,2,-190,30.3,0,5,1,1,0","rabbit_cav2,leg_low,10,-141,-29,0,5,1,1,0","rabbit_cav2,foot,-13,-103,-63.6,0,6,1,1,0","rabbit_cav2,leg_up,7,-218,47.7,0,18,1,1,0","rabbit_cav2,leg_low,48,-173,13.5,0,19,1,1,0","rabbit_cav2,foot,31,-118,-20.5,0,21,1,1,0","rabbit_cav2,sword_base,78,-336,129,0,5,1,1,0",,"rabbit_cav2,ear,-37,-449,72,0,0,1,1,0","rabbit_cav2,ear_back,5,-453,44,0,12,1,1,0","rabbit_cav2,tail,-68,-184,-48,0,14,1,1,0",,,,,,,,"animal_hound,head,185,-241,-23,0,4,1,1,0","animal_hound,neck,134,-222,-21,0,6,1,1,0","animal_hound,body,9.6,-174.4,-6.5,0,7,1,1,0","animal_hound,arm_up,67,-149,65,0,6,1,1,0","animal_hound,arm_low,109,-89,19,0,7,1,1,0","animal_hound,fist,145.2,-17.2,-25,0,8,1,1,0","animal_hound,arm_up,58,-135.2,-7,1,15,1,1,0","animal_hound,arm_low,48,-63,-19,0,15,1,1,0","animal_hound,fist,66,2,-3,0,21,1,1,0","animal_hound,leg_up,-103,-144,-9.7,0,6,1,1,0","animal_hound,leg_low,-134,-82,-15,0,12,1,1,0","animal_hound,foot,-130,0,-42.6,0,15,1,1,0","animal_hound,leg_up,-20,-143,38.7,0,14,1,1,0","animal_hound,leg_low,-22.8,-96.8,-27.5,0,15,1,1,0","animal_hound,foot,-45,-28,-71.5,0,17,1,1,0",,,"animal_hound,ear,128,-236,-9,0,2,1,1,0","animal_hound,ear,157,-248,-38,0,14,1,1,0","animal_hound,tail,-151,-178,-43,0,6,1,1,0","animal_hound,mouth_low,191,-224,-16,0,6,1,1,0",,,,,,,,,,,,,,,,,,,,,,,,,,,,,,,,,,,,,,,,,,,,,,,,,,,,,,,,,,,,,,,,,,,,,,,
Walk/7,"rabbit_cav2,head,20,-377,-23,0,2,1,1,0","rabbit_cav2,neck,5,-344,-8,0,4,1,1,0","rabbit_cav2,body,-2,-271,-7.5,0,5,1,1,0","rabbit_cav2,arm_up,-24,-311,-35,0,4,1,1,0","rabbit_cav2,arm_low,-26,-276,23,0,5,1,1,0","rabbit_cav2,fist,6,-258,88,1,4,1,1,0","rabbit_cav2,arm_up,15,-310,14,1,13,1,1,0","rabbit_cav2,arm_low,55,-250,61,1,15,1,1,0","rabbit_cav2,fist,83,-222,11,0,23,1,1,0","rabbit_cav2,leg_up,-1,-180,29.3,0,5,1,1,0","rabbit_cav2,leg_low,7,-131,-30,0,5,1,1,0","rabbit_cav2,foot,-16,-93,-64.6,0,6,1,1,0","rabbit_cav2,leg_up,7,-208,46.7,0,18,1,1,0","rabbit_cav2,leg_low,48,-163,12.5,0,19,1,1,0","rabbit_cav2,foot,31,-108,-21.5,0,21,1,1,0","rabbit_cav2,sword_base,78,-325,127,0,5,1,1,0",,"rabbit_cav2,ear,-33,-443,70,0,0,1,1,0","rabbit_cav2,ear_back,6,-444,37,0,12,1,1,0","rabbit_cav2,tail,-68,-174,-49,0,14,1,1,0",,,,,,,,"animal_hound,head,190,-227,-29,0,4,1,1,0","animal_hound,neck,138,-213,-28,0,6,1,1,0","animal_hound,body,6,-165,-6.5,0,7,1,1,0","animal_hound,arm_up,80,-137,45,0,6,1,1,0","animal_hound,arm_low,121,-66,28,0,7,1,1,0","animal_hound,fist,182,-5,4,0,8,1,1,0","animal_hound,arm_up,58,-137.2,-7,1,15,1,1,0","animal_hound,arm_low,43,-73,-28,0,15,1,1,0","animal_hound,fist,53.6,-2.8,-5,0,21,1,1,0","animal_hound,leg_up,-115,-136,-23.7,0,6,1,1,0","animal_hound,leg_low,-162,-70,-28,0,12,1,1,0","animal_hound,foot,-191,-3,-89.6,0,15,1,1,0","animal_hound,leg_up,-36.8,-147.2,28.7,0,14,1,1,0","animal_hound,leg_low,-24.8,-78.8,9,0,15,1,1,0","animal_hound,foot,11,-12,-11,0,17,1,1,0",,,"animal_hound,ear,133,-223,-9,0,2,1,1,0","animal_hound,ear,152,-223,-37,0,14,1,1,0","animal_hound,tail,-148,-167,-38,0,6,1,1,0","animal_hound,mouth_low,200,-202,-18,0,6,1,1,0",,,,,,,,,,,,,,,,,,,,,,,,,,,,,,,,,,,,,,,,,,,,,,,,,,,,,,,,,,,,,,,,,,,,,,,
Spirit/0,"rabbit_cav2,close,-108,-388,21,0,0,1,1,0","rabbit_cav2,neck,-97,-354,27,0,2,1,1,0","rabbit_cav2,body,-71,-281,18.5,0,5,1,1,0","rabbit_cav2,arm_up,-84,-316,62,0,2,1,1,0","rabbit_cav2,arm_low,-41,-314,104,0,4,1,1,0","rabbit_cav2,fist,-17,-340,120,0,4,1,1,0","rabbit_cav2,arm_up,-46,-343,95,1,11,1,1,0","rabbit_cav2,arm_low,-1,-347,107,1,13,1,1,0","rabbit_cav2,fist,33,-343,47,0,21,1,1,0","rabbit_cav2,leg_up,-23,-219,82.3,0,4,1,1,0","rabbit_cav2,leg_low,30,-194,46,0,5,1,1,0","rabbit_cav2,foot,53,-159,-25.6,0,8,1,1,0","rabbit_cav2,leg_up,-15,-243,100.7,0,18,1,1,0","rabbit_cav2,leg_low,3,-241,86.5,0,19,1,1,0","rabbit_cav2,foot,68,-235,62.5,0,21,1,1,0",,,"rabbit_cav2,ear,-181,-420,98,0,0,1,1,0","rabbit_cav2,ear_back,-165,-446,82,0,10,1,1,0","rabbit_cav2,tail,-78,-157,-18,0,14,1,1,0",,,,,,,,"animal_hound,close,-57,-408,67,0,4,1,1,0","animal_hound,neck,-39,-367,66,0,5,1,1,0","animal_hound,body,1,-236,78.5,0,7,1,1,0","animal_hound,arm_up,37,-286,55,0,7,1,1,0","animal_hound,arm_low,71,-229,13,0,6,1,1,0","animal_hound,fist,119,-164,9,0,8,1,1,0","animal_hound,arm_up,61,-332,131,1,15,1,1,0","animal_hound,arm_low,118,-361,93,0,17,1,1,0","animal_hound,fist,183,-354,-6,0,23,1,1,0","animal_hound,leg_up,14,-120,68.3,0,6,1,1,0","animal_hound,leg_low,54,-60,28,0,12,1,1,0","animal_hound,foot,100,9,-22.6,0,15,1,1,0","animal_hound,leg_up,24,-162,67.7,0,14,1,1,0","animal_hound,leg_low,86,-128,67.5,0,15,1,1,0","animal_hound,foot,150,-96,-11.5,0,17,1,1,0",,,"animal_hound,ear,-52,-350,77,0,1,1,1,0","animal_hound,ear,-58,-373,70,0,12,1,1,0","animal_hound,tail,-38,-82,24,0,6,1,1,0","animal_hound,mouth_low,-31,-416,59,0,5,1,1,0",,,,,,,,,,,,,,,,,,,,,,,,,,,,,,,,,,,,,,,,,,,,,,,,,,,,,,,,,,,,,,,,,,,,,"hold,effect_fade_5,effect_grey",,
