"Name","p1_head","p1_neck","p1_body","p1_r_arm_up","p1_r_arm_low","p1_r_hand","p1_l_arm_up","p1_l_arm_low","p1_l_hand","p1_r_leg_up","p1_r_leg_low","p1_r_foot","p1_l_leg_up","p1_l_leg_low","p1_l_foot","p1_main_weapon","p1_sub_weapon","p1_special_1","p1_special_2","p1_special_3","p1_special_4","p1_special_5","p1_special_6","p1_special_7","p1_special_8","p1_special_9","p1_special_10","p2_head","p2_neck","p2_body","p2_r_arm_up","p2_r_arm_low","p2_r_hand","p2_l_arm_up","p2_l_arm_low","p2_l_hand","p2_r_leg_up","p2_r_leg_low","p2_r_foot","p2_l_leg_up","p2_l_leg_low","p2_l_foot","p2_main_weapon","p2_sub_weapon","p2_special_1","p2_special_2","p2_special_3","p2_special_4","p2_special_5","p2_special_6","p2_special_7","p2_special_8","p2_special_9","p2_special_10","p3_head","p3_neck","p3_body","p3_r_arm_up","p3_r_arm_low","p3_r_hand","p3_l_arm_up","p3_l_arm_low","p3_l_hand","p3_r_leg_up","p3_r_leg_low","p3_r_foot","p3_l_leg_up","p3_l_leg_low","p3_l_foot","p3_main_weapon","p3_sub_weapon","p3_special_1","p3_special_2","p3_special_3","p3_special_4","p3_special_5","p3_special_6","p3_special_7","p3_special_8","p3_special_9","p3_special_10","p4_head","p4_neck","p4_body","p4_r_arm_up","p4_r_arm_low","p4_r_hand","p4_l_arm_up","p4_l_arm_low","p4_l_hand","p4_r_leg_up","p4_r_leg_low","p4_r_foot","p4_l_leg_up","p4_l_leg_low","p4_l_foot","p4_main_weapon","p4_sub_weapon","p4_special_1","p4_special_2","p4_special_3","p4_special_4","p4_special_5","p4_special_6","p4_special_7","p4_special_8","p4_special_9","p4_special_10","effect_1","effect_2","effect_3","effect_4","effect_5","effect_6","effect_7","effect_8","frame_property","animation_property","sound_effect"
"EXCLUDE_Arrive2/0","rabbit_killer,head,94,-2152.2,-87,0,2,1,1,0","rabbit_killer,neck,52,-2150.2,-89,0,4,1,1,0","rabbit_killer,body,-12.8,-2138.2,-87.5,0,5,1,1,0","rabbit_killer,arm_up,11.8,-2149.4,-21,0,5,1,1,0","rabbit_killer,arm_low,13.8,-2123.4,43,0,4,1,1,0","rabbit_killer,fist,44.2,-2108.2,44,0,9,1,1,0","rabbit_killer,arm_up,48.4,-2100.6,-48,1,13,1,1,0","rabbit_killer,arm_low,23,-2100.6,-153,1,13,1,1,0","rabbit_killer,fist,49.6,-2097,101,1,3,1,1,0","rabbit_killer,leg_up,-116,-2141.8,-92,0,4,1,1,0","rabbit_killer,leg_low,-174.4,-2158.2,-130,0,10,1,1,0","rabbit_killer,foot,-208.8,-2190,-169,0,13,1,1,0","rabbit_killer,leg_up,-117,-2150.2,-85,0,12,1,1,0","rabbit_killer,leg_low,-165.2,-2159,-122,0,13,1,1,0","rabbit_killer,foot,-182,-2184,170,0,15,1,1,0","rabbit_killer,base,107.6,-2128.6,116,0,10,1,1,0","rabbit_killer,base,34.8,-2158.2,-169,0,4,1,1,0","rabbit_killer,ear,74,-2230.2,65,0,0,1,1,0","rabbit_killer,ear_back,92,-2221.4,55,0,12,1,1,0","rabbit_killer,tail,-86.4,-2187.8,-110,0,2,1,1,0",,,,,,,,"animal_eagle,head,148.8,-2376.2,-35,0,4,1,1,0","animal_eagle,neck,97.6,-2346.2,-54,0,6,1,1,0","animal_eagle,body,10,-2323.4,-84,0,7,1,1,0","animal_eagle,fly,-144.4,-2439,-33,0,10,1,1,0",,,"animal_eagle,fly,-191.2,-2407.4,-29,0,0,1,1,0",,,"animal_eagle,leg_up,-22.4,-2250.6,-30,0,6,1,1,0","animal_eagle,leg_low,-55.8,-2205,-23,0,7,1,1,0","animal_eagle,foot,-49,-2157.4,-19,0,7,1,1,0","animal_eagle,leg_up,15,-2254.6,-12,0,9,1,1,0","animal_eagle,leg_low,-8,-2202.6,-10,0,10,1,1,0","animal_eagle,foot,14,-2159.8,-4,0,11,1,1,0",,,"animal_eagle,tail,-109.2,-2334.6,-50,0,6,1,1,0",,,,,,,,,,,,,,,,,,,,,,,,,,,,,,,,,,,,,,,,,,,,,,,,,,,,,,,,,,,,,,,,,,,,,,,,,"play_time_mod_0.5",
"EXCLUDE_Arrive2/1","rabbit_killer,head,111,-2168.2,-90,0,2,1,1,0","rabbit_killer,neck,69,-2166.2,-92,0,4,1,1,0","rabbit_killer,body,4.2,-2154.2,-90.5,0,5,1,1,0","rabbit_killer,arm_up,28.8,-2165.4,-24,0,5,1,1,0","rabbit_killer,arm_low,30.8,-2139.4,40,0,4,1,1,0","rabbit_killer,fist,61.2,-2124.2,41,0,9,1,1,0","rabbit_killer,arm_up,65.6,-2116.6,-51,1,13,1,1,0","rabbit_killer,arm_low,40,-2116.6,-156,1,13,1,1,0","rabbit_killer,fist,66.4,-2113,98,1,3,1,1,0","rabbit_killer,leg_up,-99,-2157.8,-95,0,4,1,1,0","rabbit_killer,leg_low,-157.6,-2174.2,-133,0,10,1,1,0","rabbit_killer,foot,-191.8,-2206,-172,0,13,1,1,0","rabbit_killer,leg_up,-100,-2166.2,-88,0,12,1,1,0","rabbit_killer,leg_low,-148.2,-2175,-125,0,13,1,1,0","rabbit_killer,foot,-165,-2200,167,0,15,1,1,0","rabbit_killer,base,124.4,-2126.6,104,0,10,1,1,0","rabbit_killer,base,29.8,-2154.2,-153,0,4,1,1,0","rabbit_killer,ear,91,-2246.2,62,0,0,1,1,0","rabbit_killer,ear_back,109,-2237.4,52,0,12,1,1,0","rabbit_killer,tail,-69.6,-2203.8,-113,0,2,1,1,0",,,,,,,,"animal_eagle,head,167.8,-2364.2,-67,0,4,1,1,0","animal_eagle,neck,114.4,-2354.2,-58,0,6,1,1,0","animal_eagle,body,27,-2335.4,-84,0,7,1,1,0","animal_eagle,fly,-131.6,-2447,-31,0,10,1,1,0",,,"animal_eagle,fly,-178.2,-2415.4,-27,0,0,1,1,0",,,"animal_eagle,leg_up,-5.6,-2262.6,-28,0,6,1,1,0","animal_eagle,leg_low,-36.8,-2231,-25,0,7,1,1,0","animal_eagle,foot,-32,-2183.4,-17,0,7,1,1,0","animal_eagle,leg_up,32,-2266.6,-10,0,9,1,1,0","animal_eagle,leg_low,9,-2214.6,-8,0,10,1,1,0","animal_eagle,foot,31,-2171.8,-2,0,11,1,1,0",,,"animal_eagle,tail,-92.2,-2332.6,-37,0,6,1,1,0",,,,,,,,,,,,,,,,,,,,,,,,,,,,,,,,,,,,,,,,,,,,,,,,,,,,,,,,,,,,,,,,,,,,,,,,,"play_time_mod_0.5",
"EXCLUDE_Arrive2/2","rabbit_killer,head,94,-2160.4,-93,0,2,1,1,0","rabbit_killer,neck,52,-2158.4,-95,0,4,1,1,0","rabbit_killer,body,-12.8,-2146.4,-93.5,0,5,1,1,0","rabbit_killer,arm_up,11.8,-2157.6,-27,0,5,1,1,0","rabbit_killer,arm_low,13.8,-2131.6,37,0,4,1,1,0","rabbit_killer,fist,44.2,-2116.4,38,0,9,1,1,0","rabbit_killer,arm_up,48.4,-2108.8,-54,1,13,1,1,0","rabbit_killer,arm_low,23,-2108.8,-159,1,13,1,1,0","rabbit_killer,fist,49.6,-2105.2,95,1,3,1,1,0","rabbit_killer,leg_up,-116,-2150,-98,0,4,1,1,0","rabbit_killer,leg_low,-174.4,-2166.4,-136,0,10,1,1,0","rabbit_killer,foot,-208.8,-2198.2,-175,0,13,1,1,0","rabbit_killer,leg_up,-117,-2158.4,-91,0,12,1,1,0","rabbit_killer,leg_low,-165.2,-2167.2,-128,0,13,1,1,0","rabbit_killer,foot,-182,-2192.2,164,0,15,1,1,0","rabbit_killer,base,107.6,-2082.8,90,0,10,1,1,0","rabbit_killer,base,-15.2,-2109.2,-121,0,4,1,1,0","rabbit_killer,ear,74,-2238.4,59,0,0,1,1,0","rabbit_killer,ear_back,92,-2229.6,49,0,12,1,1,0","rabbit_killer,tail,-86.4,-2196,-116,0,2,1,1,0",,,,,,,,"animal_eagle,head,172.8,-2390.4,-55,0,4,1,1,0","animal_eagle,neck,119.6,-2376.4,-55,0,6,1,1,0","animal_eagle,body,32,-2357.6,-81,0,7,1,1,0","animal_eagle,fly,-126.4,-2469.2,-28,0,10,1,1,0",,,"animal_eagle,fly,-173.2,-2437.6,-24,0,0,1,1,0",,,"animal_eagle,leg_up,-0.4,-2284.8,-25,0,6,1,1,0","animal_eagle,leg_low,-31.8,-2253.2,-22,0,7,1,1,0","animal_eagle,foot,-27,-2205.6,-14,0,7,1,1,0","animal_eagle,leg_up,37,-2288.8,-7,0,9,1,1,0","animal_eagle,leg_low,14,-2236.8,-5,0,10,1,1,0","animal_eagle,foot,36,-2194,1,0,11,1,1,0",,,"animal_eagle,tail,-87.2,-2354.8,-34,0,6,1,1,0",,,,,,,,,,,,,,,,,,,,,,,,,,,,,,,,,,,,,,,,,,,,,,,,,,,,,,,,,,,,,,,,,,,,,,,,,"play_time_mod_0.5",
"EXCLUDE_Arrive2/3","rabbit_killer,head,69,-2092.4,-99,0,2,1,1,0","rabbit_killer,neck,23,-2102.4,-96,0,4,1,1,0","rabbit_killer,body,-37.8,-2116.4,-119.5,0,5,1,1,0","rabbit_killer,arm_up,-13.2,-2127.6,-27,0,5,1,1,0","rabbit_killer,arm_low,-11.2,-2103.6,37,0,4,1,1,0","rabbit_killer,fist,19.2,-2088.4,38,0,9,1,1,0","rabbit_killer,arm_up,23.6,-2080.8,-54,1,13,1,1,0","rabbit_killer,arm_low,-2,-2080.8,-159,1,13,1,1,0","rabbit_killer,fist,24.4,-2083.2,95,1,3,1,1,0","rabbit_killer,leg_up,-123,-2160,-106,0,4,1,1,0","rabbit_killer,leg_low,-171.6,-2192.4,-144,0,10,1,1,0","rabbit_killer,foot,-185.8,-2234.2,177,0,13,1,1,0","rabbit_killer,leg_up,-124,-2168.4,-99,0,12,1,1,0","rabbit_killer,leg_low,-162.2,-2183.2,-136,0,13,1,1,0","rabbit_killer,foot,-177,-2218.2,156,0,15,1,1,0","rabbit_killer,base,82.4,-2042.8,66,0,10,1,1,0","rabbit_killer,base,-47,-2056,-76,0,4,1,1,0","rabbit_killer,ear,59,-2174.4,40,0,0,1,1,0","rabbit_killer,ear_back,77,-2165.6,30,0,12,1,1,0","rabbit_killer,tail,-87.6,-2202,-122,0,2,1,1,0",,,,,,,,"animal_eagle,head,185.8,-2478.4,-11,0,4,1,1,0","animal_eagle,neck,150.4,-2444.4,-43,0,6,1,1,0","animal_eagle,body,65,-2399.6,-62,0,7,1,1,0","animal_eagle,fly,-93.6,-2493.2,-27,0,10,1,1,0",,,"animal_eagle,fly,-142.2,-2439.6,-15,0,0,1,1,0",,,"animal_eagle,leg_up,32.4,-2316.8,-28,0,6,1,1,0","animal_eagle,leg_low,-6.8,-2281.2,-34,0,7,1,1,0","animal_eagle,foot,-10,-2237.6,-22,0,7,1,1,0","animal_eagle,leg_up,70,-2328.8,-5,0,9,1,1,0","animal_eagle,leg_low,51,-2278.8,-20,0,10,1,1,0","animal_eagle,foot,69,-2226,-2,0,11,1,1,0",,,"animal_eagle,tail,-54.2,-2366.8,-24,0,6,1,1,0",,,,,,,,,,,,,,,,,,,,,,,,,,,,,,,,,,,,,,,,,,,,,,,,,,,,,,,,,,,,,,,,,,,,,,,,,"play_time_mod_0.5",
"EXCLUDE_Arrive2/4","rabbit_killer,head,87,-1816.4,-110,0,2,1,1,0","rabbit_killer,neck,57,-1830.4,-114,0,4,1,1,0","rabbit_killer,body,-11.8,-1860.4,-123.5,0,5,1,1,0","rabbit_killer,arm_up,20.6,-1819.6,26,0,5,1,1,0","rabbit_killer,arm_low,24.6,-1787.6,1,0,4,1,1,0","rabbit_killer,fist,26.2,-1759.6,-27,0,9,1,1,0","rabbit_killer,arm_up,59.4,-1788.8,1,1,13,1,1,0","rabbit_killer,arm_low,65.8,-1755.2,24,1,13,1,1,0","rabbit_killer,fist,81,-1727.6,57,1,19,1,1,0","rabbit_killer,leg_up,-92.2,-1935.6,-121,0,4,1,1,0","rabbit_killer,leg_low,-132.2,-1955.2,-137,0,10,1,1,0","rabbit_killer,foot,-157,-1991.6,-169,0,13,1,1,0","rabbit_killer,leg_up,-82.2,-1916.4,-115,0,12,1,1,0","rabbit_killer,leg_low,-119.8,-1953.2,-179,0,13,1,1,0","rabbit_killer,foot,-122.2,-1993.6,164,0,15,1,1,0","rabbit_killer,base,25.8,-1690.4,-5,0,21,1,1,0","rabbit_killer,base,118.2,-1670.4,33,0,21,1,1,0","rabbit_killer,ear,121,-1894.4,25,0,0,1,1,0","rabbit_killer,ear_back,145,-1883.6,-4,0,12,1,1,0","rabbit_killer,tail,-43.4,-1949.2,-119,0,2,1,1,0",,,,,,,,"animal_eagle,head,428.4,-2625.4,-8,0,4,0.7,0.7,0","animal_eagle,neck,405.2,-2599.4,-35,0,6,0.7,0.7,0","animal_eagle,body,355.8,-2554.6,-47,0,7,0.7,0.7,0","animal_eagle,fly,241.2,-2612.2,-9,0,10,0.7,0.7,0",,,"animal_eagle,fly,216.4,-2560.6,3,0,0,0.7,0.7,0",,,"animal_eagle,leg_up,307.2,-2517.8,-16,0,6,0.7,0.7,0","animal_eagle,leg_low,280.2,-2486.2,-37,0,7,0.7,0.7,0","animal_eagle,foot,275,-2452.6,-24,0,7,0.7,0.7,0","animal_eagle,leg_up,361,-2511.8,3,0,9,0.7,0.7,0","animal_eagle,leg_low,347.8,-2473.8,-20,0,10,0.7,0.7,0","animal_eagle,foot,355.8,-2445,-13,0,11,0.7,0.7,0",,,"animal_eagle,tail,290.4,-2541.8,-59,0,6,0.7,0.7,0",,,,,,,,,,,,,,,,,,,,,,,,,,,,,,,,,,,,,,,,,,,,,,,,,,,,,,,,,,,,,,,,,,,,,,,,,"play_time_mod_0.5",
"EXCLUDE_Arrive2/5","rabbit_killer,head,84,-1703.4,-112,0,2,1,1,0","rabbit_killer,neck,54,-1717.4,-116,0,4,1,1,0","rabbit_killer,body,-14.8,-1747.4,-125.5,0,5,1,1,0","rabbit_killer,arm_up,17.6,-1706.6,24,0,5,1,1,0","rabbit_killer,arm_low,21.6,-1674.6,-1,0,4,1,1,0","rabbit_killer,fist,23.2,-1646.6,-29,0,9,1,1,0","rabbit_killer,arm_up,56.4,-1675.8,-1,1,13,1,1,0","rabbit_killer,arm_low,62.8,-1642.2,22,1,13,1,1,0","rabbit_killer,fist,78,-1614.6,55,1,19,1,1,0","rabbit_killer,leg_up,-95.2,-1822.6,-123,0,4,1,1,0","rabbit_killer,leg_low,-129.2,-1848.2,-143,0,10,1,1,0","rabbit_killer,foot,-154,-1880.6,-180,0,13,1,1,0","rabbit_killer,leg_up,-85.2,-1803.4,-117,0,12,1,1,0","rabbit_killer,leg_low,-122.8,-1840.2,179,0,13,1,1,0","rabbit_killer,foot,-125.2,-1886.6,152,0,15,1,1,0","rabbit_killer,base,38.8,-1577.4,12,0,21,1,1,1","rabbit_killer,base,99.2,-1557.4,23,0,21,1,1,1","rabbit_killer,ear,118,-1781.4,20,0,0,1,1,0","rabbit_killer,ear_back,142,-1770.6,-10,0,12,1,1,0","rabbit_killer,tail,-42.4,-1836.2,-135,0,2,1,1,0",,,,,,,,"animal_eagle,head,464.4,-2661.4,-8,0,4,0.5,0.5,0","animal_eagle,neck,447.2,-2641.4,-35,0,6,0.5,0.5,0","animal_eagle,body,415.8,-2614.6,-47,0,7,0.5,0.5,0","animal_eagle,fly,311.2,-2648.2,-9,0,10,0.5,0.5,0",,,"animal_eagle,fly,308.4,-2626.6,3,0,0,0.5,0.5,0",,,"animal_eagle,leg_up,369.2,-2583.8,-16,0,6,0.5,0.5,0","animal_eagle,leg_low,350.2,-2562.2,-37,0,7,0.5,0.5,0","animal_eagle,foot,349,-2548.6,-28,0,7,0.5,0.5,0","animal_eagle,leg_up,411,-2587.8,3,0,9,0.5,0.5,0","animal_eagle,leg_low,407.8,-2559.8,-20,0,10,0.5,0.5,0","animal_eagle,foot,415.8,-2537,-13,0,11,0.5,0.5,0",,,"animal_eagle,tail,362.4,-2603.8,-59,0,6,0.5,0.5,0",,,,,,,,,,,,,,,,,,,,,,,,,,,,,,,,,,,,,,,,,,,,,,,,,,,,,,,,,,,,,,,,,,,,,,,,,"play_time_mod_0.5",
"EXCLUDE_Arrive2/6","rabbit_killer,head,81,-1532.4,-110,0,2,1,1,0","rabbit_killer,neck,51,-1546.4,-114,0,4,1,1,0","rabbit_killer,body,-17.8,-1576.4,-123.5,0,5,1,1,0","rabbit_killer,arm_up,14.6,-1535.6,26,0,5,1,1,0","rabbit_killer,arm_low,18.6,-1503.6,1,0,4,1,1,0","rabbit_killer,fist,20.2,-1475.6,-27,0,9,1,1,0","rabbit_killer,arm_up,53.4,-1504.8,1,1,13,1,1,0","rabbit_killer,arm_low,59.8,-1471.2,24,1,13,1,1,0","rabbit_killer,fist,75,-1443.6,57,1,19,1,1,0","rabbit_killer,leg_up,-98.2,-1651.6,-121,0,4,1,1,0","rabbit_killer,leg_low,-138.2,-1671.2,-137,0,10,1,1,0","rabbit_killer,foot,-163,-1707.6,-169,0,13,1,1,0","rabbit_killer,leg_up,-88.2,-1632.4,-115,0,12,1,1,0","rabbit_killer,leg_low,-125.8,-1669.2,-179,0,13,1,1,0","rabbit_killer,foot,-128.2,-1709.6,164,0,15,1,1,0","rabbit_killer,base,39.8,-1406.4,14,0,21,1,1,1","rabbit_killer,base,100.2,-1386.4,25,0,21,1,1,1","rabbit_killer,ear,115,-1610.4,25,0,0,1,1,0","rabbit_killer,ear_back,139,-1599.6,-4,0,12,1,1,0","rabbit_killer,tail,-49.4,-1665.2,-119,0,2,1,1,0",,,,,,,,"animal_eagle,head,494.4,-2667.4,-8,0,4,0.3,0.3,0","animal_eagle,neck,485.2,-2659.4,-35,0,6,0.3,0.3,0","animal_eagle,body,467.8,-2642.6,-47,0,7,0.3,0.3,0","animal_eagle,fly,405.2,-2670.2,-9,0,10,0.3,0.3,0",,,"animal_eagle,fly,402.4,-2648.6,3,0,0,0.3,0.3,0",,,"animal_eagle,leg_up,439.2,-2625.8,-21,0,6,0.3,0.3,0","animal_eagle,leg_low,432.2,-2620.2,-42,0,7,0.3,0.3,0","animal_eagle,foot,431,-2606.6,-33,0,7,0.3,0.3,0","animal_eagle,leg_up,453,-2623.8,3,0,9,0.3,0.3,0","animal_eagle,leg_low,447.8,-2607.8,-20,0,10,0.3,0.3,0","animal_eagle,foot,451.8,-2603,-20,0,11,0.3,0.3,0",,,"animal_eagle,tail,436.4,-2635.8,-59,0,6,0.3,0.3,0",,,,,,,,,,,,,,,,,,,,,,,,,,,,,,,,,,,,,,,,,,,,,,,,,,,,,,,,,,,,,,,,,,,,,,,,,"play_time_mod_0.5",
"EXCLUDE_Arrive2/7","rabbit_killer,head,77,-1132.4,-110,0,2,1,1,0","rabbit_killer,neck,47,-1146.4,-114,0,4,1,1,0","rabbit_killer,body,-21.8,-1176.4,-123.5,0,5,1,1,0","rabbit_killer,arm_up,10.6,-1135.6,26,0,5,1,1,0","rabbit_killer,arm_low,14.6,-1103.6,1,0,4,1,1,0","rabbit_killer,fist,16.2,-1075.6,-27,0,9,1,1,0","rabbit_killer,arm_up,49.4,-1104.8,1,1,13,1,1,0","rabbit_killer,arm_low,55.8,-1071.2,24,1,13,1,1,0","rabbit_killer,fist,71,-1043.6,57,1,19,1,1,0","rabbit_killer,leg_up,-102.2,-1251.6,-121,0,4,1,1,0","rabbit_killer,leg_low,-142.2,-1271.2,-137,0,10,1,1,0","rabbit_killer,foot,-167,-1307.6,-169,0,13,1,1,0","rabbit_killer,leg_up,-92.2,-1232.4,-115,0,12,1,1,0","rabbit_killer,leg_low,-129.8,-1269.2,-179,0,13,1,1,0","rabbit_killer,foot,-132.2,-1309.6,164,0,15,1,1,0","rabbit_killer,base,35.8,-1006.4,14,0,21,1,1,1","rabbit_killer,base,96.2,-986.4,25,0,21,1,1,1","rabbit_killer,ear,111,-1210.4,25,0,0,1,1,0","rabbit_killer,ear_back,135,-1199.6,-4,0,12,1,1,0","rabbit_killer,tail,-53.4,-1265.2,-119,0,2,1,1,0",,,,,,,,,,,,,,,,,,,,,,,,,,,,,,,,,,,,,,,,,,,,,,,,,,,,,,,,,,,,,,,,,,,,,,,,,,,,,,,,,,,,,,,,,,,,,,,,,,"play_time_mod_0.5",
"EXCLUDE_Arrive2/8","rabbit_killer,head,87,-812.4,-110,0,2,1,1,0","rabbit_killer,neck,57,-826.4,-114,0,4,1,1,0","rabbit_killer,body,-11.8,-856.4,-123.5,0,5,1,1,0","rabbit_killer,arm_up,20.6,-815.6,26,0,5,1,1,0","rabbit_killer,arm_low,24.6,-783.6,1,0,4,1,1,0","rabbit_killer,fist,26.2,-755.6,-27,0,9,1,1,0","rabbit_killer,arm_up,59.4,-784.8,1,1,13,1,1,0","rabbit_killer,arm_low,65.8,-751.2,24,1,13,1,1,0","rabbit_killer,fist,81,-723.6,57,1,19,1,1,0","rabbit_killer,leg_up,-92.2,-931.6,-121,0,4,1,1,0","rabbit_killer,leg_low,-132.2,-951.2,-137,0,10,1,1,0","rabbit_killer,foot,-157,-987.6,-169,0,13,1,1,0","rabbit_killer,leg_up,-82.2,-912.4,-115,0,12,1,1,0","rabbit_killer,leg_low,-119.8,-949.2,-179,0,13,1,1,0","rabbit_killer,foot,-122.2,-989.6,164,0,15,1,1,0","rabbit_killer,base,45.8,-686.4,14,0,21,1,1,1","rabbit_killer,base,106.2,-666.4,25,0,21,1,1,1","rabbit_killer,ear,121,-890.4,25,0,0,1,1,0","rabbit_killer,ear_back,145,-879.6,-4,0,12,1,1,0","rabbit_killer,tail,-43.4,-945.2,-119,0,2,1,1,0",,,,,,,,,,,,,,,,,,,,,,,,,,,,,,,,,,,,,,,,,,,,,,,,,,,,,,,,,,,,,,,,,,,,,,,,,,,,,,,,,,,,,,,,,,,,,,,,,,"play_time_mod_0.5",
"EXCLUDE_Arrive2/9","rabbit_killer,head,93,-512.4,-110,0,2,1,1,0","rabbit_killer,neck,63,-526.4,-114,0,4,1,1,0","rabbit_killer,body,-5.8,-556.4,-123.5,0,5,1,1,0","rabbit_killer,arm_up,26.6,-515.6,26,0,5,1,1,0","rabbit_killer,arm_low,30.6,-483.6,1,0,4,1,1,0","rabbit_killer,fist,32.2,-455.6,-27,0,9,1,1,0","rabbit_killer,arm_up,65.4,-484.8,1,1,13,1,1,0","rabbit_killer,arm_low,71.8,-451.2,24,1,13,1,1,0","rabbit_killer,fist,87,-423.6,57,1,19,1,1,0","rabbit_killer,leg_up,-86.2,-631.6,-121,0,4,1,1,0","rabbit_killer,leg_low,-126.2,-651.2,-137,0,10,1,1,0","rabbit_killer,foot,-151,-687.6,-169,0,13,1,1,0","rabbit_killer,leg_up,-76.2,-612.4,-115,0,12,1,1,0","rabbit_killer,leg_low,-113.8,-649.2,-179,0,13,1,1,0","rabbit_killer,foot,-116.2,-689.6,164,0,15,1,1,0","rabbit_killer,base,51.8,-386.4,14,0,21,1,1,1","rabbit_killer,base,112.2,-366.4,25,0,21,1,1,1","rabbit_killer,ear,127,-590.4,25,0,0,1,1,0","rabbit_killer,ear_back,151,-579.6,-4,0,12,1,1,0","rabbit_killer,tail,-37.4,-645.2,-119,0,2,1,1,0",,,,,,,,,,,,,,,,,,,,,,,,,,,,,,,,,,,,,,,,,,,,,,,,,,,,,,,,,,,,,,,,,,,,,,,,,,,,,,,,,,,,,,,,,,,,,,,,,,"play_time_mod_0.5",
"EXCLUDE_Arrive2/10","rabbit_killer,head,93,-330.4,-110,0,2,1,1,0","rabbit_killer,neck,63,-344.4,-114,0,4,1,1,0","rabbit_killer,body,-5.8,-374.4,-123.5,0,5,1,1,0","rabbit_killer,arm_up,26.6,-333.6,26,0,5,1,1,0","rabbit_killer,arm_low,30.6,-301.6,1,0,4,1,1,0","rabbit_killer,fist,32.2,-273.6,-27,0,9,1,1,0","rabbit_killer,arm_up,65.4,-302.8,1,1,13,1,1,0","rabbit_killer,arm_low,71.8,-269.2,24,1,13,1,1,0","rabbit_killer,fist,87,-241.6,57,1,19,1,1,0","rabbit_killer,leg_up,-86.2,-449.6,-121,0,4,1,1,0","rabbit_killer,leg_low,-126.2,-469.2,-137,0,10,1,1,0","rabbit_killer,foot,-151,-505.6,-169,0,13,1,1,0","rabbit_killer,leg_up,-76.2,-430.4,-115,0,12,1,1,0","rabbit_killer,leg_low,-113.8,-467.2,-179,0,13,1,1,0","rabbit_killer,foot,-116.2,-507.6,164,0,15,1,1,0","rabbit_killer,base,51.8,-204.4,14,0,21,1,1,1","rabbit_killer,base,112.2,-184.4,25,0,21,1,1,1","rabbit_killer,ear,127,-408.4,25,0,0,1,1,0","rabbit_killer,ear_back,151,-397.6,-4,0,12,1,1,0","rabbit_killer,tail,-37.4,-463.2,-119,0,2,1,1,0",,,,,,,,,,,,,,,,,,,,,,,,,,,,,,,,,,,,,,,,,,,,,,,,,,,,,,,,,,,,,,,,,,,,,,,,,,,,,,,,,,,,,,,,,,,,,,,,,,"play_time_mod_0.5",
"EXCLUDE_Arrive2/11","rabbit_killer,head,50.4,-205.2,-119,0,2,1,1,0","rabbit_killer,neck,20.4,-225.2,-114,0,4,1,1,0","rabbit_killer,body,-40.4,-233.2,-115.5,0,5,1,1,0","rabbit_killer,arm_up,-14,-204.4,2,0,5,1,1,0","rabbit_killer,arm_low,-24,-172.4,-5,0,4,1,1,0","rabbit_killer,fist,-16.4,-148.4,-27,0,9,1,1,0","rabbit_killer,arm_up,22.8,-173.6,-11,1,13,1,1,0","rabbit_killer,arm_low,29.2,-148,33,1,13,1,1,0","rabbit_killer,fist,44.4,-122.4,69,1,19,1,1,0","rabbit_killer,leg_up,-128.8,-254.4,-72,0,4,1,1,0","rabbit_killer,leg_low,-178,-256.8,-137,0,10,1,1,0","rabbit_killer,foot,-196.8,-285.6,-169,0,13,1,1,0","rabbit_killer,leg_up,-118.8,-293.2,-138,0,12,1,1,0","rabbit_killer,leg_low,-150.4,-348,-179,0,13,1,1,0","rabbit_killer,foot,-148.8,-388.4,153,0,15,1,1,0","rabbit_killer,base,3.2,-79.2,14,0,21,1,1,1","rabbit_killer,base,79.6,-71.2,36,0,21,1,1,1","rabbit_killer,ear,96.4,-275.2,15,0,0,1,1,0","rabbit_killer,ear_back,114.4,-250.4,-16,0,12,1,1,0","rabbit_killer,tail,-82,-319.2,-119,0,2,1,1,0",,,,,,,,,,,,,,,,,,,,,,,,,,,,,,,,,,,,,,,,,,,,,,,,,,,,,,,,,,,,,,,,,,,,,,,,,,,,,,,,,,,,,,,,,,,,,,,,,,"play_time_mod_0.5",
"EXCLUDE_Arrive2/12","rabbit_killer,head,80.4,-141.2,-63,0,2,1,1,0","rabbit_killer,neck,52.8,-136.4,-59,0,4,1,1,0","rabbit_killer,body,-16.4,-113.2,-86.5,0,5,1,1,0","rabbit_killer,arm_up,-7.8,-122.4,-15,0,5,1,1,0","rabbit_killer,arm_low,-23.8,-94.4,-35,0,4,1,1,0","rabbit_killer,fist,-40.2,-62.4,-36,0,9,1,1,0","rabbit_killer,arm_up,26.8,-87.6,12,1,13,1,1,0","rabbit_killer,arm_low,43.2,-62.8,53,1,13,1,1,0","rabbit_killer,fist,70,-40.8,84,1,19,1,1,0","rabbit_killer,leg_up,-99.6,-104.4,-45,0,4,1,1,0","rabbit_killer,leg_low,-150.8,-64,-63,0,10,1,1,0","rabbit_killer,foot,-188.4,-57.2,-122,0,13,1,1,0","rabbit_killer,leg_up,-118.4,-122.4,-87,0,12,1,1,0","rabbit_killer,leg_low,-166.4,-131.2,-137,0,13,1,1,0","rabbit_killer,foot,-180.8,-168.8,153,0,15,1,1,0","rabbit_killer,base,-44,1.2,-6,0,21,1,1,0","rabbit_killer,base,129.6,-22.8,70,0,21,1,1,0","rabbit_killer,ear,111,-229.2,21,0,0,1,1,0","rabbit_killer,ear_back,129,-204.4,-10,0,12,1,1,0","rabbit_killer,tail,-91.2,-163.6,-108,0,2,1,1,0",,,,,,,,,,,,,,,,,,,,,,,,,,,,,,,,,,,,,,,,,,,,,,,,,,,,,,,,,,,,,,,,,,,,,,,,,,,,,,,,,,,,,,,,,,,,,,,,,,"play_time_mod_0.5",
"EXCLUDE_Arrive2/13","rabbit_killer,head,86.4,-129.2,-54,0,2,1,1,0","rabbit_killer,neck,58.8,-124.4,-50,0,4,1,1,0","rabbit_killer,body,7.6,-71.2,-48.5,0,5,1,1,0","rabbit_killer,arm_up,8.2,-122.4,-84,0,5,1,1,0","rabbit_killer,arm_low,-23.8,-122.4,-83,0,4,1,1,0","rabbit_killer,fist,-50.8,-115.2,-104,0,4,1,1,0","rabbit_killer,arm_up,60.8,-89.6,38,1,13,1,1,0","rabbit_killer,arm_low,91.2,-78.8,80,1,13,1,1,0","rabbit_killer,fist,127.6,-68.4,107,1,19,1,1,0","rabbit_killer,leg_up,-60.4,-28.4,-26,0,4,1,1,0","rabbit_killer,leg_low,-92.8,-2.4,-101,0,10,1,1,0","rabbit_killer,foot,-138.8,-18.8,-153,0,13,1,1,0","rabbit_killer,leg_up,-24,-34,42,0,12,1,1,0","rabbit_killer,leg_low,-16.8,1.2,-65,0,13,1,1,0","rabbit_killer,foot,-57.2,13.6,-100,0,15,1,1,0","rabbit_killer,base,-104,-117.6,-93,0,5,1,1,0","rabbit_killer,base,171.6,-16.8,39,0,21,1,1,0","rabbit_killer,ear,77,-217.2,42,0,0,1,1,0","rabbit_killer,ear_back,111,-212.4,20,0,12,1,1,0","rabbit_killer,tail,-77.6,-78,-50,0,2,1,1,0",,,,,,,,,,,,,,,,,,,,,,,,,,,,,,,,,,,,,,,,,,,,,,,,,,,,,,,,,,,,,,,,,,,,,,,,,,,,,,,,,,,,,,,,,,,,,,,,,,"play_time_mod_0.5",
"EXCLUDE_Arrive2/14","rabbit_killer,head,92.4,-149.2,-31,0,2,1,1,0","rabbit_killer,neck,70.8,-130.4,-46,0,4,1,1,0","rabbit_killer,body,15.6,-87.2,-64.5,0,5,1,1,0","rabbit_killer,arm_up,14.2,-134.4,-108,0,5,1,1,0","rabbit_killer,arm_low,-23.8,-142.4,-88,0,4,1,1,0","rabbit_killer,fist,-54.8,-137.2,-104,0,4,1,1,0","rabbit_killer,arm_up,60.8,-91.6,13,1,13,1,1,0","rabbit_killer,arm_low,85.2,-76.8,91,1,13,1,1,0","rabbit_killer,fist,111.6,-76.4,128,1,19,1,1,0","rabbit_killer,leg_up,-60.4,-58.4,-26,0,4,1,1,0","rabbit_killer,leg_low,-100.8,-14.4,-67,0,10,1,1,0","rabbit_killer,foot,-138.8,-10.8,-138,0,13,1,1,0","rabbit_killer,leg_up,-14,-66,42,0,12,1,1,0","rabbit_killer,leg_low,13.2,-28.8,-11,0,13,1,1,0","rabbit_killer,foot,6.8,4,-46,0,15,1,1,0","rabbit_killer,base,-96,-184.8,-142,0,5,1,1,0","rabbit_killer,base,119.6,-8.8,0,0,21,1,1,0","rabbit_killer,ear,55,-233.2,58,0,0,1,1,0","rabbit_killer,ear_back,89,-228.4,36,0,12,1,1,0","rabbit_killer,tail,-65.6,-110.4,-52,0,2,1,1,0",,,,,,,,,,,,,,,,,,,,,,,,,,,,,,,,,,,,,,,,,,,,,,,,,,,,,,,,,,,,,,,,,,,,,,,,,,,,,,,,,,,,,,,,,,,,,,,,,,"play_time_mod_0.5",
"EXCLUDE_Arrive/0","rabbit_killer,head,106,-2148.2,-87,0,2,1,1,0","rabbit_killer,neck,64,-2146.2,-89,0,4,1,1,0","rabbit_killer,body,-0.8,-2134.2,-87.5,0,5,1,1,0","rabbit_killer,arm_up,23.8,-2145.4,-21,0,5,1,1,0","rabbit_killer,arm_low,25.8,-2119.4,43,0,4,1,1,0","rabbit_killer,fist,56.2,-2104.2,44,0,9,1,1,0","rabbit_killer,arm_up,60.4,-2096.6,-48,1,13,1,1,0","rabbit_killer,arm_low,35,-2096.6,-153,1,13,1,1,0","rabbit_killer,fist,61.6,-2093,101,1,3,1,1,0","rabbit_killer,leg_up,-104,-2137.8,-92,0,4,1,1,0","rabbit_killer,leg_low,-162.4,-2154.2,-130,0,10,1,1,0","rabbit_killer,foot,-196.8,-2186,-169,0,13,1,1,0","rabbit_killer,leg_up,-105,-2146.2,-85,0,12,1,1,0","rabbit_killer,leg_low,-153.2,-2155,-122,0,13,1,1,0","rabbit_killer,foot,-170,-2180,170,0,15,1,1,0","rabbit_killer,base,119.6,-2124.6,116,0,10,1,1,0","rabbit_killer,base,46.8,-2154.2,-169,0,4,1,1,0","rabbit_killer,ear,86,-2226.2,65,0,0,1,1,0","rabbit_killer,ear_back,104,-2217.4,55,0,12,1,1,0","rabbit_killer,tail,-86.4,-2183.8,-80,0,2,1,1,0",,,,,,,,"animal_eagle,head,160.8,-2372.2,-35,0,4,1,1,0","animal_eagle,neck,109.6,-2342.2,-54,0,6,1,1,0","animal_eagle,body,22,-2319.4,-84,0,7,1,1,0","animal_eagle,fly,-132.4,-2435,-33,0,10,1,1,0",,,"animal_eagle,fly,-179.2,-2403.4,-29,0,0,1,1,0",,,"animal_eagle,leg_up,-10.4,-2246.6,-30,0,6,1,1,0","animal_eagle,leg_low,-43.8,-2201,-23,0,7,1,1,0","animal_eagle,foot,-37,-2153.4,-19,0,7,1,1,0","animal_eagle,leg_up,27,-2250.6,-12,0,9,1,1,0","animal_eagle,leg_low,4,-2198.6,-10,0,10,1,1,0","animal_eagle,foot,26,-2155.8,-4,0,11,1,1,0",,,"animal_eagle,tail,-97.2,-2330.6,-50,0,6,1,1,0",,,,,,,,,,,,,,,,,,,,,,,,,,,,,,,,,,,,,,,,,,,,,,,,,,,,,,,,,,,,,,,,,,,,,,,,,,
"EXCLUDE_Arrive/1","rabbit_killer,head,119,-2134.2,-89,0,2,1,1,0","rabbit_killer,neck,77,-2132.2,-91,0,4,1,1,0","rabbit_killer,body,12.2,-2120.2,-89.5,0,5,1,1,0","rabbit_killer,arm_up,36.8,-2131.4,-23,0,5,1,1,0","rabbit_killer,arm_low,38.8,-2105.4,41,0,4,1,1,0","rabbit_killer,fist,69.2,-2090.2,42,0,9,1,1,0","rabbit_killer,arm_up,73.6,-2082.6,-50,1,13,1,1,0","rabbit_killer,arm_low,48,-2082.6,-155,1,13,1,1,0","rabbit_killer,fist,74.4,-2079,99,1,3,1,1,0","rabbit_killer,leg_up,-91,-2123.8,-94,0,4,1,1,0","rabbit_killer,leg_low,-149.6,-2140.2,-132,0,10,1,1,0","rabbit_killer,foot,-183.8,-2172,-171,0,13,1,1,0","rabbit_killer,leg_up,-92,-2132.2,-87,0,12,1,1,0","rabbit_killer,leg_low,-140.2,-2141,-124,0,13,1,1,0","rabbit_killer,foot,-157,-2166,168,0,15,1,1,0","rabbit_killer,base,132.4,-2110.6,114,0,10,1,1,0","rabbit_killer,base,59.8,-2140.2,-171,0,4,1,1,0","rabbit_killer,ear,91,-2208.2,71,0,0,1,1,0","rabbit_killer,ear_back,109,-2199.4,61,0,12,1,1,0","rabbit_killer,tail,-73.6,-2165.8,-73,0,2,1,1,0",,,,,,,,"animal_eagle,head,171.8,-2356.2,-28,0,4,1,1,0","animal_eagle,neck,122.4,-2324.2,-49,0,6,1,1,0","animal_eagle,body,35,-2301.4,-84,0,7,1,1,0","animal_eagle,fly,-123.6,-2413,-31,0,10,1,1,0",,,"animal_eagle,fly,-170.2,-2381.4,-27,0,0,1,1,0",,,"animal_eagle,leg_up,2.4,-2228.6,-28,0,6,1,1,0","animal_eagle,leg_low,-28.8,-2197,-25,0,7,1,1,0","animal_eagle,foot,-24,-2149.4,-17,0,7,1,1,0","animal_eagle,leg_up,40,-2232.6,-10,0,9,1,1,0","animal_eagle,leg_low,17,-2180.6,-8,0,10,1,1,0","animal_eagle,foot,39,-2137.8,-2,0,11,1,1,0",,,"animal_eagle,tail,-84.2,-2298.6,-37,0,6,1,1,0",,,,,,,,,,,,,,,,,,,,,,,,,,,,,,,,,,,,,,,,,,,,,,,,,,,,,,,,,,,,,,,,,,,,,,,,,,
"EXCLUDE_Arrive/2","rabbit_killer,head,109,-2142.2,-91,0,2,1,1,0","rabbit_killer,neck,67,-2140.2,-93,0,4,1,1,0","rabbit_killer,body,2.2,-2128.2,-91.5,0,5,1,1,0","rabbit_killer,arm_up,26.8,-2139.4,-25,0,5,1,1,0","rabbit_killer,arm_low,28.8,-2113.4,39,0,4,1,1,0","rabbit_killer,fist,59.2,-2098.2,40,0,9,1,1,0","rabbit_killer,arm_up,63.6,-2090.6,-52,1,13,1,1,0","rabbit_killer,arm_low,38,-2090.6,-157,1,13,1,1,0","rabbit_killer,fist,64.4,-2087,97,1,3,1,1,0","rabbit_killer,leg_up,-101,-2131.8,-96,0,4,1,1,0","rabbit_killer,leg_low,-159.6,-2148.2,-134,0,10,1,1,0","rabbit_killer,foot,-193.8,-2180,-173,0,13,1,1,0","rabbit_killer,leg_up,-102,-2140.2,-89,0,12,1,1,0","rabbit_killer,leg_low,-150.2,-2149,-126,0,13,1,1,0","rabbit_killer,foot,-167,-2174,166,0,15,1,1,0","rabbit_killer,base,122.4,-2118.6,112,0,10,1,1,0","rabbit_killer,base,49.8,-2148.2,-173,0,4,1,1,0","rabbit_killer,ear,85,-2220.2,67,0,0,1,1,0","rabbit_killer,ear_back,103,-2211.4,57,0,12,1,1,0","rabbit_killer,tail,-79.6,-2169.8,-60,0,2,1,1,0",,,,,,,,"animal_eagle,head,161.8,-2364.2,-26,0,4,1,1,0","animal_eagle,neck,116.4,-2332.2,-52,0,6,1,1,0","animal_eagle,body,25,-2309.4,-84,0,7,1,1,0","animal_eagle,fly,-133.6,-2413,-30,0,10,1,1,0",,,"animal_eagle,fly,-180.2,-2381.4,-26,0,0,1,1,0",,,"animal_eagle,leg_up,-7.6,-2236.6,-28,0,6,1,1,0","animal_eagle,leg_low,-38.8,-2201,-25,0,7,1,1,0","animal_eagle,foot,-34,-2153.4,-17,0,7,1,1,0","animal_eagle,leg_up,30,-2240.6,-10,0,9,1,1,0","animal_eagle,leg_low,7,-2188.6,-8,0,10,1,1,0","animal_eagle,foot,29,-2145.8,-2,0,11,1,1,0",,,"animal_eagle,tail,-94.2,-2300.6,-32,0,6,1,1,0",,,,,,,,,,,,,,,,,,,,,,,,,,,,,,,,,,,,,,,,,,,,,,,,,,,,,,,,,,,,,,,,,,,,,,,,,,
"EXCLUDE_Arrive/3","rabbit_killer,head,113,-2150.2,-89,0,2,1,1,0","rabbit_killer,neck,71,-2148.2,-91,0,4,1,1,0","rabbit_killer,body,6.2,-2136.2,-89.5,0,5,1,1,0","rabbit_killer,arm_up,30.8,-2147.4,-23,0,5,1,1,0","rabbit_killer,arm_low,32.8,-2121.4,41,0,4,1,1,0","rabbit_killer,fist,63.2,-2106.2,42,0,9,1,1,0","rabbit_killer,arm_up,67.6,-2098.6,-50,1,13,1,1,0","rabbit_killer,arm_low,42,-2098.6,-155,1,13,1,1,0","rabbit_killer,fist,68.4,-2095,99,1,3,1,1,0","rabbit_killer,leg_up,-97,-2139.8,-94,0,4,1,1,0","rabbit_killer,leg_low,-155.6,-2156.2,-132,0,10,1,1,0","rabbit_killer,foot,-189.8,-2188,-171,0,13,1,1,0","rabbit_killer,leg_up,-98,-2148.2,-87,0,12,1,1,0","rabbit_killer,leg_low,-146.2,-2157,-124,0,13,1,1,0","rabbit_killer,foot,-163,-2182,168,0,15,1,1,0","rabbit_killer,base,126.4,-2126.6,114,0,10,1,1,0","rabbit_killer,base,53.8,-2156.2,-171,0,4,1,1,0","rabbit_killer,ear,85,-2224.2,71,0,0,1,1,0","rabbit_killer,ear_back,103,-2215.4,61,0,12,1,1,0","rabbit_killer,tail,-79.6,-2181.8,-73,0,2,1,1,0",,,,,,,,"animal_eagle,head,165.8,-2376.2,-28,0,4,1,1,0","animal_eagle,neck,116.4,-2344.2,-49,0,6,1,1,0","animal_eagle,body,29,-2321.4,-84,0,7,1,1,0","animal_eagle,fly,-129.6,-2433,-31,0,10,1,1,0",,,"animal_eagle,fly,-176.2,-2401.4,-27,0,0,1,1,0",,,"animal_eagle,leg_up,-3.6,-2248.6,-28,0,6,1,1,0","animal_eagle,leg_low,-34.8,-2213,-25,0,7,1,1,0","animal_eagle,foot,-30,-2165.4,-17,0,7,1,1,0","animal_eagle,leg_up,34,-2252.6,-10,0,9,1,1,0","animal_eagle,leg_low,11,-2200.6,-8,0,10,1,1,0","animal_eagle,foot,33,-2157.8,-2,0,11,1,1,0",,,"animal_eagle,tail,-90.2,-2318.6,-37,0,6,1,1,0",,,,,,,,,,,,,,,,,,,,,,,,,,,,,,,,,,,,,,,,,,,,,,,,,,,,,,,,,,,,,,,,,,,,,,,,,,
"Default/0","rabbit_killer,head,22,-304,-14,0,2,1,1,0","rabbit_killer,neck,4,-277,-3,0,4,1,1,0","rabbit_killer,body,3.2,-201.6,-3.5,0,5,1,1,0","rabbit_killer,arm_up,-36,-236,-77,0,4,1,1,0","rabbit_killer,arm_low,-75,-226,-105,0,4,1,1,0","rabbit_killer,fist,-108,-222,-96,0,9,1,1,0","rabbit_killer,arm_up,39,-248,67,1,13,1,1,0","rabbit_killer,arm_low,80,-227,65,1,13,1,1,0","rabbit_killer,fist,102,-205,21,0,19,1,1,0","rabbit_killer,leg_up,-33.2,-114.4,-24.7,0,4,1,1,0","rabbit_killer,leg_low,-55,-56,-5,0,10,1,1,0","rabbit_killer,foot,-58.8,-9.6,-22.6,0,13,1,1,0","rabbit_killer,leg_up,9.2,-117.2,24.7,0,12,1,1,0","rabbit_killer,leg_low,30,-59,28.5,0,13,1,1,0","rabbit_killer,foot,48.8,-15.6,-10.5,0,15,1,1,0",,,"rabbit_killer,ear,-31,-375,65,0,0,1,1,0","rabbit_killer,ear_back,0,-390,43,0,12,1,1,0","rabbit_killer,tail,-57,-129,-4,0,6,1,1,0",,,,,,,,,,,,,,,,,,,,,,,,,,,,,,,,,,,,,,,,,,,,,,,,,,,,,,,,,,,,,,,,,,,,,,,,,,,,,,,,,,,,,,,,,,,,,,,,,,,
"Die/0","rabbit_killer,head,127,-135,-44,0,2,1,1,0","rabbit_killer,neck,104,-120,-69,0,4,1,1,0","rabbit_killer,body,29.2,-97.6,-78.5,0,5,1,1,0","rabbit_killer,arm_up,37,-136,-131,0,5,1,1,0","rabbit_killer,arm_low,-0.6,-143,-76,0,4,1,1,0","rabbit_killer,fist,-24.6,-134.6,-97,0,9,1,1,0","rabbit_killer,arm_up,82.4,-83.2,30,1,13,1,1,0","rabbit_killer,arm_low,108,-53,77,1,13,1,1,0","rabbit_killer,fist,136,-48,123,1,19,1,1,0","rabbit_killer,leg_up,-45.2,-72.4,-33.7,0,4,1,1,0","rabbit_killer,leg_low,-79.2,-30.4,-55,0,10,1,1,0","rabbit_killer,foot,-119.2,-16,-116,0,13,1,1,0","rabbit_killer,leg_up,7,-66,46,0,12,1,1,0","rabbit_killer,leg_low,19.2,-34.8,-51,0,13,1,1,0","rabbit_killer,foot,-13.2,-13.6,-100,0,15,1,1,0","rabbit_killer,base,-46.4,-193.2,-163,0,21,1,1,0","rabbit_killer,base,119,6,-27,0,21,1,1,0","rabbit_killer,ear,134,-212,22,0,0,1,1,0","rabbit_killer,ear_back,171,-198,-3,0,12,1,1,0","rabbit_killer,tail,-69,-101,-25,0,5,1,1,0",,,,,,,,,,,,,,,,,,,,,,,,,,,,,,,,,,,,,,,,,,,,,,,,,,,,,,,,,,,,,,,,,,,,,,,,,,,,,,,,,,,,,,,,,,,,,,,,,,,
"Die/1","rabbit_killer,head,144,-110,-52,0,2,1,1,0","rabbit_killer,neck,117,-103,-71,0,4,1,1,0","rabbit_killer,body,45.2,-91.6,-86.5,0,5,1,1,0","rabbit_killer,arm_up,51,-134,-136,0,5,1,1,0","rabbit_killer,arm_low,15.4,-147,-87,0,4,1,1,0","rabbit_killer,fist,-14.6,-146.6,-118,0,9,1,1,0","rabbit_killer,arm_up,82.4,-73.2,23,1,13,1,1,0","rabbit_killer,arm_low,101.6,-49.2,66,1,13,1,1,0","rabbit_killer,fist,133.6,-34.8,105,1,19,1,1,0","rabbit_killer,leg_up,-45.2,-78.4,-42.7,0,4,1,1,0","rabbit_killer,leg_low,-85.2,-42.4,-55,0,10,1,1,0","rabbit_killer,foot,-127.2,-30,-123,0,13,1,1,0","rabbit_killer,leg_up,5.2,-69.2,19,0,12,1,1,0","rabbit_killer,leg_low,-4.8,-30.8,-51,0,13,1,1,0","rabbit_killer,foot,-37.2,-9.6,-100,0,15,1,1,0","rabbit_killer,base,-26.4,-203.2,-178,0,21,1,1,0","rabbit_killer,base,78.4,-2.8,-59,0,21,1,1,0","rabbit_killer,ear,182,-185,5,0,0,1,1,0","rabbit_killer,ear_back,212,-163,-20,0,12,1,1,0","rabbit_killer,tail,-54,-121,-56,0,6,1,1,0",,,,,,,,,,,,,,,,,,,,,,,,,,,,,,,,,,,,,,,,,,,,,,,,,,,,,,,,,,,,,,,,,,,,,,,,,,,,,,,,,,,,,,,,,,,,,,,,,"hold",,
"Die/2","rabbit_killer,head,155,-59,-65,0,2,1,1,0","rabbit_killer,neck,127,-54,-77,0,4,1,1,0","rabbit_killer,body,53.2,-69.6,-107.5,0,5,1,1,0","rabbit_killer,arm_up,70,-97,-143,0,5,1,1,0","rabbit_killer,arm_low,37.4,-133,-140,0,4,1,1,0","rabbit_killer,fist,13.4,-152.6,-155,0,9,1,1,0","rabbit_killer,arm_up,88.4,-43.2,71,1,13,1,1,0","rabbit_killer,arm_low,119.6,-39.2,116,1,13,1,1,0","rabbit_killer,fist,148.4,-52.8,158,1,19,1,1,0","rabbit_killer,leg_up,-31.2,-78.4,-52.7,0,4,1,1,0","rabbit_killer,leg_low,-85.2,-36.4,-52,0,10,1,1,0","rabbit_killer,foot,-123.2,-16,-109,0,13,1,1,0","rabbit_killer,leg_up,-0.8,-65.2,4,0,12,1,1,0","rabbit_killer,leg_low,-14.8,-24.8,-69,0,13,1,1,0","rabbit_killer,foot,-51.2,-17.6,-111,0,15,1,1,0","rabbit_killer,base,-58.4,-203.2,-164,0,21,1,1,0","rabbit_killer,base,116.4,1.2,-74,0,21,1,1,0","rabbit_killer,ear,194,-138,9,0,0,1,1,0","rabbit_killer,ear_back,213,-114,-10,0,12,1,1,0","rabbit_killer,tail,-25,-122,-61,0,7,1,1,0",,,,,,,,,,,,,,,,,,,,,,,,,,,,,,,,,,,,,,,,,,,,,,,,,,,,,,,,,,,,,,,,,,,,,,,,,,,,,,,,,,,,,,,,,,,,,,,,,,,
"Die/3","rabbit_killer,head,163,-37,-76,0,2,1,1,0","rabbit_killer,neck,127.2,-38.4,-77,0,4,1,1,0","rabbit_killer,body,59.2,-41.6,-107.5,0,5,1,1,0","rabbit_killer,arm_up,85,-59,-113,0,5,1,1,0","rabbit_killer,arm_low,45,-75,-110,0,4,1,1,0","rabbit_killer,fist,19,-70,-104,0,3,1,1,0","rabbit_killer,arm_up,88.4,-7.2,71,1,13,1,1,0","rabbit_killer,arm_low,119.6,-5.2,116,1,13,1,1,0","rabbit_killer,fist,176.4,-14.8,151,1,19,1,1,0","rabbit_killer,leg_up,-30,-53,-57.7,0,4,1,1,0","rabbit_killer,leg_low,-85.2,-30.4,-66,0,10,1,1,0","rabbit_killer,foot,-129.2,-20,-113,0,13,1,1,0","rabbit_killer,leg_up,-8.8,-41.2,-29,0,12,1,1,0","rabbit_killer,leg_low,-46.8,-10.8,-77,0,13,1,1,0","rabbit_killer,foot,-83.2,-3.6,-119,0,15,1,1,0","rabbit_killer,base,-98.4,-129.2,-140,0,21,1,1,0","rabbit_killer,base,116.4,5.2,-91,0,21,1,1,0","rabbit_killer,ear,218,-108,-3,0,0,1,1,0","rabbit_killer,ear_back,235,-86,-20,0,12,1,1,0","rabbit_killer,tail,-25.2,-100,-73,0,6,1,1,0",,,,,,,,,,,,,,,,,,,,,,,,,,,,,,,,,,,,,,,,,,,,,,,,,,,,,,,,,,,,,,,,,,,,,,,,,,,,,,,,,,,,,,,,,,,,,,,,,,,
"Die/4","rabbit_killer,close,163,-29,-76,0,2,1,1,0","rabbit_killer,neck,137,-28,-77,0,4,1,1,0","rabbit_killer,body,65.2,-23.6,-93.5,0,5,1,1,0","rabbit_killer,arm_up,86,-45,-113,0,5,1,1,0","rabbit_killer,arm_low,47.4,-51,-83,0,4,1,1,0","rabbit_killer,fist,17.4,-34.6,-96,0,3,1,1,0","rabbit_killer,arm_up,88.4,-7.2,71,1,13,1,1,0","rabbit_killer,arm_low,119.6,-5.2,116,1,13,1,1,0","rabbit_killer,fist,176.4,-14.8,151,1,19,1,1,0","rabbit_killer,leg_up,-29,-30,-73.7,0,4,1,1,0","rabbit_killer,leg_low,-85.2,-16.4,-78,0,10,1,1,0","rabbit_killer,foot,-129.2,-14,-113,0,13,1,1,0","rabbit_killer,leg_up,-8,-26,-69,0,12,1,1,0","rabbit_killer,leg_low,-58.8,-10.8,-77,0,13,1,1,0","rabbit_killer,foot,-95.2,-3.6,-119,0,15,1,1,0","rabbit_killer,base,-106.4,-77.2,-121,0,21,1,1,0","rabbit_killer,base,116.4,5.2,-91,0,21,1,1,0","rabbit_killer,ear,222,-90,-16,0,0,1,1,0","rabbit_killer,ear_back,239,-53,-39,0,12,1,1,0","rabbit_killer,tail,-23,-66,-65,0,6,1,1,0",,,,,,,,,,,,,,,,,,,,,,,,,,,,,,,,,,,,,,,,,,,,,,,,,,,,,,,,,,,,,,,,,,,,,,,,,,,,,,,,,,,,,,,,,,,,,,,,,,,
"Die/5","rabbit_killer,close,153,-23,-84,0,2,1,1,0","rabbit_killer,neck,127,-28,-77,0,4,1,1,0","rabbit_killer,body,65.2,-23.6,-93.5,0,5,1,1,0","rabbit_killer,arm_up,77,-37,-66,0,5,1,1,0","rabbit_killer,arm_low,47,-17,-54,0,4,1,1,0","rabbit_killer,fist,29,3,-79,0,3,1,1,0","rabbit_killer,arm_up,88.4,-7.2,71,1,13,1,1,0","rabbit_killer,arm_low,119.6,-5.2,116,1,13,1,1,0","rabbit_killer,fist,176.4,-14.8,151,1,19,1,1,0","rabbit_killer,leg_up,-31,-23,-63.7,0,4,1,1,0","rabbit_killer,leg_low,-85.2,-10.4,-89,0,10,1,1,0","rabbit_killer,foot,-129.2,-14,-113,0,13,1,1,0","rabbit_killer,leg_up,-6.8,-23.2,-68,0,12,1,1,0","rabbit_killer,leg_low,-58.8,-10.8,-77,0,13,1,1,0","rabbit_killer,foot,-95.2,-3.6,-119,0,15,1,1,0","rabbit_killer,base,-106.4,-43.2,-102,0,21,1,1,0","rabbit_killer,base,116.4,5.2,-91,0,21,1,1,0","rabbit_killer,ear,236,-52,-116,1,0,1,1,0","rabbit_killer,ear_back,237,-24,-68,0,12,1,1,0","rabbit_killer,tail,-23,-58,-56,0,6,1,1,0",,,,,,,,,,,,,,,,,,,,,,,,,,,,,,,,,,,,,,,,,,,,,,,,,,,,,,,,,,,,,,,,,,,,,,,,,,,,,,,,,,,,,,,,,,,,,,,,,,,
"Die/6","rabbit_killer,close,153,-17,-99,0,2,1,1,0","rabbit_killer,neck,127,-28,-77,0,4,1,1,0","rabbit_killer,body,65.2,-23.6,-93.5,0,5,1,1,0","rabbit_killer,arm_up,77,-37,-66,0,5,1,1,0","rabbit_killer,arm_low,47,-17,-54,0,4,1,1,0","rabbit_killer,fist,29,3,-79,0,3,1,1,0","rabbit_killer,arm_up,88.4,-7.2,71,1,13,1,1,0","rabbit_killer,arm_low,119.6,-5.2,116,1,13,1,1,0","rabbit_killer,fist,176.4,-14.8,151,1,19,1,1,0","rabbit_killer,leg_up,-31,-24,-66.7,0,4,1,1,0","rabbit_killer,leg_low,-85.2,-10.4,-89,0,10,1,1,0","rabbit_killer,foot,-129.2,-14,-113,0,13,1,1,0","rabbit_killer,leg_up,-6.8,-23.2,-68,0,12,1,1,0","rabbit_killer,leg_low,-58.8,-10.8,-77,0,13,1,1,0","rabbit_killer,foot,-95.2,-3.6,-119,0,15,1,1,0","rabbit_killer,base,-106.4,-21.2,-77,0,21,1,1,0","rabbit_killer,base,116.4,5.2,-91,0,21,1,1,0","rabbit_killer,ear,232,-23,-135,1,0,1,1,0","rabbit_killer,ear_back,237,-2,-82,0,12,1,1,0","rabbit_killer,tail,-23,-52,-46,0,6,1,1,0",,,,,,,,,,,,,,,,,,,,,,,,,,,,,,,,,,,,,,,,,,,,,,,,,,,,,,,,,,,,,,,,,,,,,,,,,,,,,,,,,,,,,,,,,,,,,,,,,,,
"Die/7","rabbit_killer,close,153,-17,-99,0,2,1,1,0","rabbit_killer,neck,127,-28,-77,0,4,1,1,0","rabbit_killer,body,65.2,-23.6,-93.5,0,5,1,1,0","rabbit_killer,arm_up,77,-37,-66,0,5,1,1,0","rabbit_killer,arm_low,47,-17,-54,0,4,1,1,0","rabbit_killer,fist,29,3,-79,0,3,1,1,0","rabbit_killer,arm_up,88.4,-7.2,71,1,13,1,1,0","rabbit_killer,arm_low,119.6,-5.2,116,1,13,1,1,0","rabbit_killer,fist,176.4,-14.8,151,1,19,1,1,0","rabbit_killer,leg_up,-31,-24,-66.7,0,4,1,1,0","rabbit_killer,leg_low,-85.2,-10.4,-89,0,10,1,1,0","rabbit_killer,foot,-129.2,-14,-113,0,13,1,1,0","rabbit_killer,leg_up,-6.8,-23.2,-68,0,12,1,1,0","rabbit_killer,leg_low,-58.8,-10.8,-77,0,13,1,1,0","rabbit_killer,foot,-95.2,-3.6,-119,0,15,1,1,0","rabbit_killer,base,-106.4,-13.2,-87,0,21,1,1,0","rabbit_killer,base,116.4,5.2,-91,0,21,1,1,0","rabbit_killer,ear,232,-23,-135,1,0,1,1,0","rabbit_killer,ear_back,237,-2,-82,0,12,1,1,0","rabbit_killer,tail,-23,-52,-46,0,6,1,1,0",,,,,,,,,,,,,,,,,,,,,,,,,,,,,,,,,,,,,,,,,,,,,,,,,,,,,,,,,,,,,,,,,,,,,,,,,,,,,,,,,,,,,,,,,,,,,,,,,,,
"Idle/0","rabbit_killer,head,77,-176,-24,0,2,1,1,0","rabbit_killer,neck,59.2,-158.4,-49,0,4,1,1,0","rabbit_killer,body,17.2,-109.6,-50.5,0,5,1,1,0","rabbit_killer,arm_up,3,-150,-101,0,5,1,1,0","rabbit_killer,arm_low,-32.6,-153,-76,0,4,1,1,0","rabbit_killer,fist,-56.6,-144.6,-97,0,9,1,1,0","rabbit_killer,arm_up,62.4,-107.2,30,1,13,1,1,0","rabbit_killer,arm_low,85,-80,77,1,13,1,1,0","rabbit_killer,fist,113,-75,123,1,19,1,1,0","rabbit_killer,leg_up,-48,-49,-25.7,0,4,1,1,0","rabbit_killer,leg_low,-79.2,-14.4,-88,0,10,1,1,0","rabbit_killer,foot,-127.2,-16,-124,0,13,1,1,0","rabbit_killer,leg_up,5.2,-75.2,76,0,12,1,1,0","rabbit_killer,leg_low,31.2,-48.8,-22,0,13,1,1,0","rabbit_killer,foot,20.8,-13.6,-16.5,0,15,1,1,0","rabbit_killer,base,-78.4,-203.2,-163,0,21,1,1,0","rabbit_killer,base,80,-21,-37,0,21,1,1,0","rabbit_killer,ear,42,-244.2,51,0,0,1,1,0","rabbit_killer,ear_back,79.2,-250.2,32,0,12,1,1,0","rabbit_killer,tail,-77,-75,-14,0,6,1,1,0",,,,,,,,,,,,,,,,,,,,,,,,,,,,,,,,,,,,,,,,,,,,,,,,,,,,,,,,,,,,,,,,,,,,,,,,,,,,,,,,,,,,,,,,,,,,,,,,,,,
"Idle/1","rabbit_killer,head,81,-169,-27,0,2,1,1,0","rabbit_killer,neck,63.2,-154.4,-52,0,4,1,1,0","rabbit_killer,body,17.2,-105.6,-52.5,0,5,1,1,0","rabbit_killer,arm_up,4,-151,-108,0,5,1,1,0","rabbit_killer,arm_low,-32.6,-157,-81,0,4,1,1,0","rabbit_killer,fist,-56.6,-148.6,-103,0,9,1,1,0","rabbit_killer,arm_up,62,-105,30,1,13,1,1,0","rabbit_killer,arm_low,85,-76,64,1,13,1,1,0","rabbit_killer,fist,113,-65,115,1,19,1,1,0","rabbit_killer,leg_up,-48,-49,-22.7,0,4,1,1,0","rabbit_killer,leg_low,-79.2,-14.4,-90,0,10,1,1,0","rabbit_killer,foot,-127.2,-18,-128,0,13,1,1,0","rabbit_killer,leg_up,5.2,-71.2,77,0,12,1,1,0","rabbit_killer,leg_low,35.2,-48.8,-24,0,13,1,1,0","rabbit_killer,foot,20.8,-13.6,-22.5,0,15,1,1,0","rabbit_killer,base,-77,-207,-166,0,21,1,1,0","rabbit_killer,base,76,-13,-40,0,21,1,1,0","rabbit_killer,ear,50,-244.2,49,0,0,1,1,0","rabbit_killer,ear_back,87.2,-250.2,30,0,12,1,1,0","rabbit_killer,tail,-76,-77,-19,0,6,1,1,0",,,,,,,,,,,,,,,,,,,,,,,,,,,,,,,,,,,,,,,,,,,,,,,,,,,,,,,,,,,,,,,,,,,,,,,,,,,,,,,,,,,,,,,,,,,,,,,,,"play_time_mod_1.2",,
"Idle/2","rabbit_killer,head,84,-165,-27,0,2,1,1,0","rabbit_killer,neck,63.2,-148.4,-54,0,4,1,1,0","rabbit_killer,body,17.2,-101.6,-54.5,0,5,1,1,0","rabbit_killer,arm_up,4,-149,-116,0,5,1,1,0","rabbit_killer,arm_low,-32.6,-157,-86,0,4,1,1,0","rabbit_killer,fist,-56.6,-152.6,-112,0,9,1,1,0","rabbit_killer,arm_up,64,-103,30,1,13,1,1,0","rabbit_killer,arm_low,87,-73,59,1,13,1,1,0","rabbit_killer,fist,115,-56,107,1,19,1,1,0","rabbit_killer,leg_up,-49,-46,-20.7,0,4,1,1,0","rabbit_killer,leg_low,-79.2,-14.4,-90,0,10,1,1,0","rabbit_killer,foot,-127.2,-18,-136,0,13,1,1,0","rabbit_killer,leg_up,5.2,-71.2,77,0,12,1,1,0","rabbit_killer,leg_low,35.2,-48.8,-28,0,13,1,1,0","rabbit_killer,foot,20.8,-13.6,-18.5,0,15,1,1,0","rabbit_killer,base,-74.4,-211.2,-168,0,21,1,1,0","rabbit_killer,base,74,-6,-44,0,21,1,1,0","rabbit_killer,ear,50,-238.2,50,0,0,1,1,0","rabbit_killer,ear_back,87.2,-244.2,28,0,12,1,1,0","rabbit_killer,tail,-77,-79,-25,0,6,1,1,0",,,,,,,,,,,,,,,,,,,,,,,,,,,,,,,,,,,,,,,,,,,,,,,,,,,,,,,,,,,,,,,,,,,,,,,,,,,,,,,,,,,,,,,,,,,,,,,,,"play_time_mod_1.4",,
"Idle/3","rabbit_killer,head,91,-156,-28,0,2,1,1,0","rabbit_killer,neck,68,-140,-47,0,4,1,1,0","rabbit_killer,body,18,-99,-58.5,0,5,1,1,0","rabbit_killer,arm_up,8,-146,-123,0,5,1,1,0","rabbit_killer,arm_low,-28,-160,-88,0,4,1,1,0","rabbit_killer,fist,-53,-156,-114,0,9,1,1,0","rabbit_killer,arm_up,68,-101,30,1,13,1,1,0","rabbit_killer,arm_low,91,-71,59,1,13,1,1,0","rabbit_killer,fist,119,-54,107,1,19,1,1,0","rabbit_killer,leg_up,-48,-46,-17.7,0,4,1,1,0","rabbit_killer,leg_low,-78,-14,-90,0,10,1,1,0","rabbit_killer,foot,-126,-18,-136,0,13,1,1,0","rabbit_killer,leg_up,5,-70,78,0,12,1,1,0","rabbit_killer,leg_low,35.2,-48.8,-26,0,13,1,1,0","rabbit_killer,foot,20.8,-13.6,-21.5,0,15,1,1,0","rabbit_killer,base,-68,-215,-170,0,21,1,1,0","rabbit_killer,base,78,-4,-44,0,21,1,1,0","rabbit_killer,ear,60,-236,50,0,0,1,1,0","rabbit_killer,ear_back,97,-242,28,0,12,1,1,0","rabbit_killer,tail,-77,-82,-32,0,6,1,1,0",,,,,,,,,,,,,,,,,,,,,,,,,,,,,,,,,,,,,,,,,,,,,,,,,,,,,,,,,,,,,,,,,,,,,,,,,,,,,,,,,,,,,,,,,,,,,,,,,"play_time_mod_1.5",,
"Idle/4","rabbit_killer,head,84,-165,-27,0,2,1,1,0","rabbit_killer,neck,63.2,-148.4,-54,0,4,1,1,0","rabbit_killer,body,17.2,-101.6,-54.5,0,5,1,1,0","rabbit_killer,arm_up,4,-149,-116,0,5,1,1,0","rabbit_killer,arm_low,-32.6,-157,-86,0,4,1,1,0","rabbit_killer,fist,-56.6,-152.6,-112,0,9,1,1,0","rabbit_killer,arm_up,64,-103,30,1,13,1,1,0","rabbit_killer,arm_low,87,-73,59,1,13,1,1,0","rabbit_killer,fist,115,-56,107,1,19,1,1,0","rabbit_killer,leg_up,-49,-46,-20.7,0,4,1,1,0","rabbit_killer,leg_low,-79.2,-14.4,-90,0,10,1,1,0","rabbit_killer,foot,-127.2,-18,-136,0,13,1,1,0","rabbit_killer,leg_up,5.2,-71.2,77,0,12,1,1,0","rabbit_killer,leg_low,35.2,-48.8,-28,0,13,1,1,0","rabbit_killer,foot,20.8,-13.6,-18.5,0,15,1,1,0","rabbit_killer,base,-74.4,-211.2,-168,0,21,1,1,0","rabbit_killer,base,74,-6,-44,0,21,1,1,0","rabbit_killer,ear,50,-238.2,50,0,0,1,1,0","rabbit_killer,ear_back,87.2,-244.2,28,0,12,1,1,0","rabbit_killer,tail,-77,-79,-25,0,6,1,1,0",,,,,,,,,,,,,,,,,,,,,,,,,,,,,,,,,,,,,,,,,,,,,,,,,,,,,,,,,,,,,,,,,,,,,,,,,,,,,,,,,,,,,,,,,,,,,,,,,"play_time_mod_1.4",,
"Idle/5","rabbit_killer,head,81,-169,-27,0,2,1,1,0","rabbit_killer,neck,63.2,-154.4,-52,0,4,1,1,0","rabbit_killer,body,17.2,-105.6,-52.5,0,5,1,1,0","rabbit_killer,arm_up,4,-151,-108,0,5,1,1,0","rabbit_killer,arm_low,-32.6,-157,-81,0,4,1,1,0","rabbit_killer,fist,-56.6,-148.6,-103,0,9,1,1,0","rabbit_killer,arm_up,62,-105,30,1,13,1,1,0","rabbit_killer,arm_low,85,-76,64,1,13,1,1,0","rabbit_killer,fist,113,-65,115,1,19,1,1,0","rabbit_killer,leg_up,-48,-49,-22.7,0,4,1,1,0","rabbit_killer,leg_low,-79.2,-14.4,-90,0,10,1,1,0","rabbit_killer,foot,-127.2,-18,-128,0,13,1,1,0","rabbit_killer,leg_up,5.2,-71.2,77,0,12,1,1,0","rabbit_killer,leg_low,35.2,-48.8,-24,0,13,1,1,0","rabbit_killer,foot,20.8,-13.6,-22.5,0,15,1,1,0","rabbit_killer,base,-77,-207,-166,0,21,1,1,0","rabbit_killer,base,76,-13,-40,0,21,1,1,0","rabbit_killer,ear,50,-244.2,49,0,0,1,1,0","rabbit_killer,ear_back,87.2,-250.2,30,0,12,1,1,0","rabbit_killer,tail,-76,-77,-19,0,6,1,1,0",,,,,,,,,,,,,,,,,,,,,,,,,,,,,,,,,,,,,,,,,,,,,,,,,,,,,,,,,,,,,,,,,,,,,,,,,,,,,,,,,,,,,,,,,,,,,,,,,,,
"Knockdown/0","rabbit_killer,head,-9,-228,-3,0,2,1,1,0","rabbit_killer,neck,-13,-203,-12,0,4,1,1,0","rabbit_killer,body,-14.8,-129.6,-9.5,0,5,1,1,0","rabbit_killer,arm_up,-46.2,-155.8,-48,0,5,1,1,0","rabbit_killer,arm_low,-78,-135,87,0,4,1.1,1.1,0","rabbit_killer,fist,-112.8,-142.8,-137,0,1,1,1,0","rabbit_killer,arm_up,18,-175,80,1,13,1,1,0","rabbit_killer,arm_low,55,-174,128,1,13,1,1,0","rabbit_killer,fist,81,-191,166,1,19,1,1,0","rabbit_killer,leg_up,-42,-60,-17.7,0,4,1,1,0","rabbit_killer,leg_low,-79,-18,-70,0,10,1,1,0","rabbit_killer,foot,-119.2,-16,-108,0,13,1,1,0","rabbit_killer,leg_up,7.2,-85.2,88,0,12,1,1,0","rabbit_killer,leg_low,35.2,-70.8,-15,0,13,1,1,0","rabbit_killer,foot,26.8,-23.6,-25.5,0,15,1,1,0","rabbit_killer,base,-129.6,-86.8,-15,0,2,1,1,0","rabbit_killer,base,94.4,-114.8,7,0,21,1,1,0","rabbit_killer,ear,-83,-283,90,0,0,1,1,0","rabbit_killer,ear_back,-47,-311,58,0,12,1,1,0","rabbit_killer,tail,-79,-72,-14,0,7,1,1,0",,,,,,,,,,,,,,,,,,,,,,,,,,,,,,,,,,,,,,,,,,,,,,,,,,,,,,,,,,,,,,,,,,,,,,,,,,,,,,,,,,,,,,,,,,,,,,,,,,"play_time_mod_0.5",
"Knockdown/1","rabbit_killer,head,-74.8,-245.6,22,0,2,1,1,0","rabbit_killer,neck,-66.8,-218.4,19,0,4,1,1,0","rabbit_killer,body,-30.8,-161.6,22.5,0,5,1,1,0","rabbit_killer,arm_up,-72.2,-161.8,-36,0,5,1,1,0","rabbit_killer,arm_low,-96,-129,133,0,4,1.1,1.1,0","rabbit_killer,fist,-118,-107,-86,0,1,1,1,0","rabbit_killer,arm_up,-9.6,-205.2,106,1,13,1,1,0","rabbit_killer,arm_low,33,-216,128,1,13,1,1,0","rabbit_killer,fist,57,-235,171,1,19,1,1,0","rabbit_killer,leg_up,-24,-70,2.3,0,4,1,1,0","rabbit_killer,leg_low,-38,-26,-53,0,10,1,1,0","rabbit_killer,foot,-69.2,-6,-50,0,13,1,1,0","rabbit_killer,leg_up,7.2,-93.2,72,0,12,1,1,0","rabbit_killer,leg_low,41.2,-66.8,-1,0,13,1,1,0","rabbit_killer,foot,36.8,-23.6,-25.5,0,15,1,1,0","rabbit_killer,base,-121,-43,2,0,2,1,1,0","rabbit_killer,base,94,-185,35,0,21,1,1,0","rabbit_killer,ear,-158,-270.2,115,0,0,1,1,0","rabbit_killer,ear_back,-148.8,-290.2,99,0,12,1,1,0","rabbit_killer,tail,-66,-82,-14,0,6,1,1,0",,,,,,,,,,,,,,,,,,,,,,,,,,,,,,,,,,,,,,,,,,,,,,,,,,,,,,,,,,,,,,,,,,,,,,,,,,,,,,,,,,,,,,,,,,,,,,,,,,"play_time_mod_0.5",
"Knockdown/2","rabbit_killer,head,-110.8,-231.6,36,0,2,1,1,0","rabbit_killer,neck,-98.8,-210.4,49,0,4,1,1,0","rabbit_killer,body,-40.8,-161.6,39.5,0,5,1,1,0","rabbit_killer,arm_up,-84.2,-149.8,-11,0,5,1,1,0","rabbit_killer,arm_low,-75,-123,56,0,4,1.1,1.1,0","rabbit_killer,fist,-46,-106,24,0,1,1,1,0","rabbit_killer,arm_up,-35.6,-205.2,120,1,13,1,1,0","rabbit_killer,arm_low,-1,-229,149,1,13,1,1,0","rabbit_killer,fist,20,-254,180,1,19,1,1,0","rabbit_killer,leg_up,-5.2,-78.4,23.3,0,4,1,1,0","rabbit_killer,leg_low,0.8,-24.4,-23,0,10,1,1,0","rabbit_killer,foot,-14.8,11.2,-50,0,13,1,1,0","rabbit_killer,leg_up,16,-109,76,0,12,1,1,0","rabbit_killer,leg_low,59,-81,15,0,13,1,1,0","rabbit_killer,foot,68,-40,-25.5,0,15,1,1,0","rabbit_killer,base,-50,-53,-9,0,2,1,1,0","rabbit_killer,base,63,-208,48,0,21,1,1,0","rabbit_killer,ear,-198,-220.2,135,0,0,1,1,0","rabbit_killer,ear_back,-188.8,-240.2,119,0,12,1,1,0","rabbit_killer,tail,-51,-87,8,0,6,1,1,0",,,,,,,,,,,,,,,,,,,,,,,,,,,,,,,,,,,,,,,,,,,,,,,,,,,,,,,,,,,,,,,,,,,,,,,,,,,,,,,,,,,,,,,,,,,,,,,,,"hold","play_time_mod_0.5",
"Knockdown/3","rabbit_killer,head,-153,-147,84,0,2,1,1,0","rabbit_killer,neck,-123,-147,89,0,3,1,1,0","rabbit_killer,body,-52.8,-125.6,65.5,0,5,1,1,0","rabbit_killer,arm_up,-75,-119,40,0,5,1,1,0","rabbit_killer,arm_low,-32.4,-98,80,0,4,1.1,1.1,0","rabbit_killer,fist,-7.2,-91.2,24,0,1,1,1,0","rabbit_killer,arm_up,-69.6,-155.2,109,1,13,1,1,0","rabbit_killer,arm_low,-48.4,-177.2,168,1,13,1,1,0","rabbit_killer,fist,-36.4,-210.8,-166,1,19,1,1,0","rabbit_killer,leg_up,12,-59,38.3,0,4,1,1,0","rabbit_killer,leg_low,30.8,-10.4,-8,0,10,1,1,0","rabbit_killer,foot,15.2,25.2,-50,0,13,1,1,0","rabbit_killer,leg_up,23.2,-101.2,83,0,12,1,1,0","rabbit_killer,leg_low,69.2,-82.8,37,0,13,1,1,0","rabbit_killer,foot,88.8,-41.6,-11.5,0,15,1,1,0","rabbit_killer,base,-11.6,-38.8,-9,0,2,1,1,0","rabbit_killer,base,16.4,-190.8,70,0,21,1,1,0","rabbit_killer,ear,-216,-84,171,0,0,1,1,0","rabbit_killer,ear_back,-187,-76,-176,0,12,1,1,0","rabbit_killer,tail,-36,-52,25,0,6,1,1,0",,,,,,,,,,,,,,,,,,,,,,,,,,,,,,,,,,,,,,,,,,,,,,,,,,,,,,,,,,,,,,,,,,,,,,,,,,,,,,,,,,,,,,,,,,,,,,,,,,"play_time_mod_0.5",
"Knockdown/4","rabbit_killer,head,-153,-87,109,0,2,1,1,0","rabbit_killer,neck,-128,-93,107,0,4,1,1,0","rabbit_killer,body,-52.8,-99.6,88.5,0,5,1,1,0","rabbit_killer,arm_up,-68,-74,64,0,5,1,1,0","rabbit_killer,arm_low,-24,-63,82,0,4,1.1,1.1,0","rabbit_killer,fist,0,-56,26,0,1,1,1,0","rabbit_killer,arm_up,-79,-122,112,1,13,1,1,0","rabbit_killer,arm_low,-58,-144,171,1,13,1,1,0","rabbit_killer,fist,-46,-177,-163,1,19,1,1,0","rabbit_killer,leg_up,32.8,-60.4,49.3,0,4,1,1,0","rabbit_killer,leg_low,70.8,-22.4,40,0,10,1,1,0","rabbit_killer,foot,87.6,16.8,-19,0,13,1,1,0","rabbit_killer,leg_up,23.2,-105.2,96,0,12,1,1,0","rabbit_killer,leg_low,79.2,-96.8,54,0,13,1,1,0","rabbit_killer,foot,112.8,-65.6,3.5,0,15,1,1,0","rabbit_killer,base,-3,-3,-7,0,2,1,1,0","rabbit_killer,base,6,-157,73,0,21,1,1,0","rabbit_killer,ear,-208,-24,164,0,0,1,1,0","rabbit_killer,ear_back,-185.2,-28.4,174,0,12,1,1,0","rabbit_killer,tail,-13.2,-36,37,0,6,1,1,0",,,,,,,,,,,,,,,,,,,,,,,,,,,,,,,,,,,,,,,,,,,,,,,,,,,,,,,,,,,,,,,,,,,,,,,,,,,,,,,,,,,,,,,,,,,,,,,,,,"play_time_mod_0.5",
"Knockdown/5","rabbit_killer,head,-154,-51,118,0,2,1,1,0","rabbit_killer,neck,-122,-53,108,0,4,1,1,0","rabbit_killer,body,-52.8,-71.6,101.5,0,5,1,1,0","rabbit_killer,arm_up,-68,-50,64,0,5,1,1,0","rabbit_killer,arm_low,-20.4,-42,87,0,4,1.1,1.1,0","rabbit_killer,fist,6.8,-49.2,76,0,1,1,1,0","rabbit_killer,arm_up,-79.6,-71.2,112,1,13,1,1,0","rabbit_killer,arm_low,-58.4,-93.2,171,1,13,1,1,0","rabbit_killer,fist,-46.4,-126.8,-163,1,19,1,1,0","rabbit_killer,leg_up,32.8,-56.4,91.3,0,4,1,1,0","rabbit_killer,leg_low,90.8,-42.4,45,0,10,1,1,0","rabbit_killer,foot,113.6,-11.2,5,0,13,1,1,0","rabbit_killer,leg_up,25.2,-79.2,106,0,12,1,1,0","rabbit_killer,leg_low,81.2,-82.8,70,0,13,1,1,0","rabbit_killer,foot,120.8,-59.6,17.5,0,15,1,1,0","rabbit_killer,base,34.4,3.2,27,0,2,1,1,0","rabbit_killer,base,6.4,-106.8,73,0,21,1,1,0","rabbit_killer,ear,-220,-3,148,0,0,1,1,0","rabbit_killer,ear_back,-195.2,11.6,166,0,12,1,1,0","rabbit_killer,tail,7,-16,97,0,6,1,1,0",,,,,,,,,,,,,,,,,,,,,,,,,,,,,,,,,,,,,,,,,,,,,,,,,,,,,,,,,,,,,,,,,,,,,,,,,,,,,,,,,,,,,,,,,,,,,,,,,,"play_time_mod_0.5",
"Knockdown/6","rabbit_killer,head,-147.2,-29.8,90,0,2,1,1,0","rabbit_killer,neck,-121.2,-24.8,97,0,4,1,1,0","rabbit_killer,body,-52.8,-37.6,91.5,0,5,1,1,0","rabbit_killer,arm_up,-66,-9,71,0,5,1,1,0","rabbit_killer,arm_low,-20.4,-6,105,0,4,1.1,1.1,0","rabbit_killer,fist,16.8,-15.2,86,0,1,1,1,0","rabbit_killer,arm_up,-77.6,-23.2,112,1,13,1,1,0","rabbit_killer,arm_low,-56.4,-45.2,171,1,13,1,1,0","rabbit_killer,fist,-44.4,-78.8,-163,1,19,1,1,0","rabbit_killer,leg_up,32,-16,114.3,0,4,1,1,0","rabbit_killer,leg_low,90.8,-24.4,66,0,10,1,1,0","rabbit_killer,foot,125.6,-3.2,23,0,13,1,1,0","rabbit_killer,leg_up,25.2,-53.2,118,0,12,1,1,0","rabbit_killer,leg_low,75,-64,70,0,13,1,1,0","rabbit_killer,foot,114,-42,17.5,0,15,1,1,0","rabbit_killer,base,68.4,1.2,69,0,2,1,1,0","rabbit_killer,base,8.4,-58.8,73,0,21,1,1,0","rabbit_killer,ear,-232.4,-2.4,129,0,0,1,1,0","rabbit_killer,ear_back,-209.2,11.6,149,0,12,1,1,0","rabbit_killer,tail,6,-3,-20,0,6,1,1,0",,,,,,,,,,,,,,,,,,,,,,,,,,,,,,,,,,,,,,,,,,,,,,,,,,,,,,,,,,,,,,,,,,,,,,,,,,,,,,,,,,,,,,,,,,,,,,,,,,"play_time_mod_0.5",
"Knockdown/7","rabbit_killer,head,-147.2,-29.8,76,0,2,1,1,0","rabbit_killer,neck,-121.2,-24.8,97,0,4,1,1,0","rabbit_killer,body,-52.8,-27.6,86.5,0,5,1,1,0","rabbit_killer,arm_up,-70,-6,71,0,5,1,1,0","rabbit_killer,arm_low,-20,2,85,0,4,1.1,1.1,0","rabbit_killer,fist,16,-4,56,0,1,1,1,0","rabbit_killer,arm_up,-77.6,-23.2,112,1,13,1,1,0","rabbit_killer,arm_low,-42.4,-19.2,171,1,13,1,1,0","rabbit_killer,fist,-30.4,-52.8,-163,1,19,1,1,0","rabbit_killer,leg_up,32.8,-12.4,99.3,0,4,1,1,0","rabbit_killer,leg_low,90.8,-16.4,51,0,10,1,1,0","rabbit_killer,foot,125.6,4.8,8,0,13,1,1,0","rabbit_killer,leg_up,25.2,-27.2,113,0,12,1,1,0","rabbit_killer,leg_low,75.2,-34.8,70,0,13,1,1,0","rabbit_killer,foot,114.8,-11.6,17.5,0,15,1,1,0","rabbit_killer,base,68,13,69,0,2,1,1,0","rabbit_killer,base,22.4,-32.8,73,0,21,1,1,0","rabbit_killer,ear,-232.4,-18.4,118,0,0,1,1,0","rabbit_killer,ear_back,-209.2,1.6,131,0,12,1,1,0","rabbit_killer,tail,2,2,-20,0,6,1,1,0",,,,,,,,,,,,,,,,,,,,,,,,,,,,,,,,,,,,,,,,,,,,,,,,,,,,,,,,,,,,,,,,,,,,,,,,,,,,,,,,,,,,,,,,,,,,,,,,,,"play_time_mod_0.5",
"Run/0","rabbit_killer,head,95.2,-171.6,-32,0,2,1,1,0","rabbit_killer,neck,77.2,-160.4,-54,0,4,1,1,0","rabbit_killer,body,29.2,-113.6,-56.5,0,5,1,1,0","rabbit_killer,arm_up,43,-132,12,0,5,1,1,0","rabbit_killer,arm_low,60,-94,35,0,4,1,1,0","rabbit_killer,fist,84,-68,-17,0,3,1,1,0","rabbit_killer,arm_up,62.4,-115.2,30,1,13,1,1,0","rabbit_killer,arm_low,85.6,-93.2,70,1,13,1,1,0","rabbit_killer,fist,109.6,-82.8,114,1,19,1,1,0","rabbit_killer,leg_up,-9.2,-66.4,25.3,0,4,1,1,0","rabbit_killer,leg_low,2.8,-22.4,-18,0,10,1,1,0","rabbit_killer,foot,-30,4,-73,0,13,1,1,0","rabbit_killer,leg_up,5.2,-75.2,53,0,12,1,1,0","rabbit_killer,leg_low,23.2,-40.8,-33,0,13,1,1,0","rabbit_killer,foot,-1.2,-9.6,-31.5,0,15,1,1,0","rabbit_killer,base,28,-52,-73,0,4,1,1,0","rabbit_killer,base,76.4,-38.8,-40,0,21,1,1,0","rabbit_killer,ear,82,-252.2,42,0,0,1,1,0","rabbit_killer,ear_back,117.2,-254.2,25,0,12,1,1,0","rabbit_killer,tail,-63,-95,-27,0,7,1,1,0",,,,,,,,,,,,,,,,,,,,,,,,,,,,,,,,,,,,,,,,,,,,,,,,,,,,,,,,,,,,,,,,,,,,,,,,,,,,,,,,,,,,,,,,,,,,,,,,,,"play_time_mod_0.8",
"Run/1","rabbit_killer,head,121.2,-149.6,-32,0,2,1,1,0","rabbit_killer,neck,103.2,-138.4,-54,0,4,1,1,0","rabbit_killer,body,45.2,-99.6,-69.5,0,5,1,1,0","rabbit_killer,arm_up,55.8,-107.8,44,0,5,1,1,0","rabbit_killer,arm_low,76,-74,24,0,4,1,1,0","rabbit_killer,fist,102,-30,-17,0,3,1,1,0","rabbit_killer,arm_up,74.4,-89.2,10,1,13,1,1,0","rabbit_killer,arm_low,89.6,-59.2,44,1,13,1,1,0","rabbit_killer,fist,117.6,-2.8,101,1,19,1,1,0","rabbit_killer,leg_up,-23,-68,-36.7,0,4,1,1,0","rabbit_killer,leg_low,-55.2,-24.4,-39,0,10,1,1,0","rabbit_killer,foot,-90,2,-73,0,13,1,1,0","rabbit_killer,leg_up,5.2,-75.2,53,0,12,1,1,0","rabbit_killer,leg_low,18,-38,-32,0,13,1,1,0","rabbit_killer,foot,-23.2,-9.6,-89,0,15,1,1,0","rabbit_killer,base,50,-8,-77,0,4,1,1,0","rabbit_killer,base,56.4,3.2,-82,0,21,1,1,0","rabbit_killer,ear,88,-228.2,56,0,0,1,1,0","rabbit_killer,ear_back,111.2,-232.2,48,0,12,1,1,0","rabbit_killer,tail,-52,-98,-34,0,7,1,1,0",,,,,,,,,,,,,,,,,,,,,,,,,,,,,,,,,,,,,,,,,,,,,,,,,,,,,,,,,,,,,,,,,,,,,,,,,,,,,,,,,,,,,,,,,,,,,,,,,,"play_time_mod_0.8",
"Run/2","rabbit_killer,head,127,-151,-29,0,2,1,1,0","rabbit_killer,neck,109,-140,-51,0,4,1,1,0","rabbit_killer,body,49,-113,-78.5,0,5,1,1,0","rabbit_killer,arm_up,59,-127,-8,0,5,1,1,0","rabbit_killer,arm_low,56,-92,-16,0,4,1,1,0","rabbit_killer,fist,52,-52,-37,0,3,1,1,0","rabbit_killer,arm_up,66,-107,4,1,13,1,1,0","rabbit_killer,arm_low,79,-65,14,1,13,1,1,0","rabbit_killer,fist,77,-24,101,1,19,1,1,0","rabbit_killer,leg_up,-31,-89,-34.7,0,4,1,1,0","rabbit_killer,leg_low,-67,-48,-49,0,10,1,1,0","rabbit_killer,foot,-102,-34,-82,0,13,1,1,0","rabbit_killer,leg_up,5,-97,-37,0,12,1,1,0","rabbit_killer,leg_low,-24,-58,-36,0,13,1,1,0","rabbit_killer,foot,-51,-31,-89,0,15,1,1,0","rabbit_killer,base,-2,-30,-87,0,4,1,1,0","rabbit_killer,base,16,-18,-82,0,21,1,1,0","rabbit_killer,ear,88,-230,62,0,0,1,1,0","rabbit_killer,ear_back,117,-234,51,0,12,1,1,0","rabbit_killer,tail,-48,-144,-74,0,7,1,1,0",,,,,,,,,,,,,,,,,,,,,,,,,,,,,,,,,,,,,,,,,,,,,,,,,,,,,,,,,,,,,,,,,,,,,,,,,,,,,,,,,,,,,,,,,,,,,,,,,,"play_time_mod_0.8",
"Run/3","rabbit_killer,head,127,-171,-24,0,2,1,1,0","rabbit_killer,neck,109,-154,-51,0,4,1,1,0","rabbit_killer,body,49,-127,-78.5,0,5,1,1,0","rabbit_killer,arm_up,53,-140,-60,0,5,1,1,0","rabbit_killer,arm_low,24,-108,-36,0,4,1,1,0","rabbit_killer,fist,6,-76,-57,0,3,1,1,0","rabbit_killer,arm_up,86,-117,-46,1,13,1,1,0","rabbit_killer,arm_low,67,-85,-36,1,13,1,1,0","rabbit_killer,fist,39,-54,-9,1,19,1,1,0","rabbit_killer,leg_up,-39,-108,-55.7,0,4,1,1,0","rabbit_killer,leg_low,-93,-78,-49,0,10,1,1,0","rabbit_killer,foot,-134,-58,-96,0,13,1,1,0","rabbit_killer,leg_up,-16,-107,-43,0,12,1,1,0","rabbit_killer,leg_low,-64,-70,-49,0,13,1,1,0","rabbit_killer,foot,-111,-45,-89,0,15,1,1,0","rabbit_killer,base,-48,-86,-107,0,4,1,1,0","rabbit_killer,base,-23,-76,-106,0,21,1,1,0","rabbit_killer,ear,82,-244,73,0,0,1,1,0","rabbit_killer,ear_back,107,-248,59,0,12,1,1,0","rabbit_killer,tail,-49,-155,-72,0,6,1,1,0",,,,,,,,,,,,,,,,,,,,,,,,,,,,,,,,,,,,,,,,,,,,,,,,,,,,,,,,,,,,,,,,,,,,,,,,,,,,,,,,,,,,,,,,,,,,,,,,,,"play_time_mod_0.8",
"Run/4","rabbit_killer,head,127,-161,-28,0,2,1,1,0","rabbit_killer,neck,109,-144,-51,0,4,1,1,0","rabbit_killer,body,49,-109,-69.5,0,5,1,1,0","rabbit_killer,arm_up,51,-123,13,0,5,1,1,0","rabbit_killer,arm_low,63,-88,4,0,4,1,1,0","rabbit_killer,fist,67,-60,-37,0,3,1,1,0","rabbit_killer,arm_up,88,-107,14,1,13,1,1,0","rabbit_killer,arm_low,103,-75,19,0,13,1,1,0","rabbit_killer,fist,119,-44,31,1,19,1,1,0","rabbit_killer,leg_up,-32,-84,-57.7,0,4,1,1,0","rabbit_killer,leg_low,-69,-61,-49,0,10,1,1,0","rabbit_killer,foot,-110,-33,-96,0,13,1,1,0","rabbit_killer,leg_up,-2,-79,-37,0,12,1,1,0","rabbit_killer,leg_low,-42,-43,-60,0,13,1,1,0","rabbit_killer,foot,-79,-25,-94,0,15,1,1,0","rabbit_killer,base,9,-50,-87,0,4,1,1,0","rabbit_killer,base,56,-26,-76,0,21,1,1,0","rabbit_killer,ear,98,-248,56,0,0,1,1,0","rabbit_killer,ear_back,131,-238,41,0,12,1,1,0","rabbit_killer,tail,-49,-117,-52,0,6,1,1,0",,,,,,,,,,,,,,,,,,,,,,,,,,,,,,,,,,,,,,,,,,,,,,,,,,,,,,,,,,,,,,,,,,,,,,,,,,,,,,,,,,,,,,,,,,,,,,,,,,"play_time_mod_0.8",
"Run/5","rabbit_killer,head,133,-136,-32,0,2,1,1,0","rabbit_killer,neck,109,-122,-54,0,4,1,1,0","rabbit_killer,body,45,-89,-69.5,0,5,1,1,0","rabbit_killer,arm_up,70,-103,0,0,5,1,1,0","rabbit_killer,arm_low,76,-64,24,0,4,1,1,0","rabbit_killer,fist,102,-20,-17,0,3,1,1,0","rabbit_killer,arm_up,74,-79,10,1,13,1,1,0","rabbit_killer,arm_low,89,-49,44,1,13,1,1,0","rabbit_killer,fist,117,7,101,1,19,1,1,0","rabbit_killer,leg_up,-24,-55,-29.7,0,4,1,1,0","rabbit_killer,leg_low,-58,-12,-44,0,10,1,1,0","rabbit_killer,foot,-90,12,-73,0,13,1,1,0","rabbit_killer,leg_up,5,-65,53,0,12,1,1,0","rabbit_killer,leg_low,17,-28,-32,0,13,1,1,0","rabbit_killer,foot,-18,1,-89,0,15,1,1,0","rabbit_killer,base,50,2,-77,0,4,1,1,0","rabbit_killer,base,56,13,-82,0,21,1,1,0","rabbit_killer,ear,100,-215,56,0,0,1,1,0","rabbit_killer,ear_back,123,-219,48,0,12,1,1,0","rabbit_killer,tail,-49,-88,-34,0,6,1,1,0",,,,,,,,,,,,,,,,,,,,,,,,,,,,,,,,,,,,,,,,,,,,,,,,,,,,,,,,,,,,,,,,,,,,,,,,,,,,,,,,,,,,,,,,,,,,,,,,,,"play_time_mod_0.8",
"Damaged/0","rabbit_killer,head,60,-194,-18,0,2,1,1,0","rabbit_killer,neck,46,-172,-19,0,4,1,1,0","rabbit_killer,body,7.2,-109.6,-37.5,0,5,1,1,0","rabbit_killer,arm_up,3,-135,-44,0,5,1,1,0","rabbit_killer,arm_low,-6,-100.8,-2,0,4,1,1,0","rabbit_killer,fist,11.6,-71.2,1,0,1,1,1,0","rabbit_killer,arm_up,54.4,-123.2,48,1,13,1,1,0","rabbit_killer,arm_low,83,-111,121,1,13,1,1,0","rabbit_killer,fist,113.6,-124.8,142,1,19,1,1,0","rabbit_killer,leg_up,-49,-44,-25.7,0,4,1,1,0","rabbit_killer,leg_low,-79.2,-14.4,-88,0,10,1,1,0","rabbit_killer,foot,-127.2,-16,-124,0,13,1,1,0","rabbit_killer,leg_up,7,-71,76,0,12,1,1,0","rabbit_killer,leg_low,31.2,-48.8,-22,0,13,1,1,0","rabbit_killer,foot,20.8,-13.6,-16.5,0,15,1,1,0","rabbit_killer,base,-49.2,-71.2,-85,0,2,1,1,0","rabbit_killer,base,102.4,-70.8,-10,0,21,1,1,0","rabbit_killer,ear,11,-267,64,0,0,1,1,0","rabbit_killer,ear_back,58,-283,37,0,12,1,1,0","rabbit_killer,tail,-75.2,-76,-23,0,7,1,1,0",,,,,,,,,,,,,,,,,,,,,,,,,,,,,,,,,,,,,,,,,,,,,,,,,,,,,,,,,,,,,,,,,,,,,,,,,,,,,,,,,,,,,,,,,,,,,,,,,,,
"Damaged/1","rabbit_killer,head,31.2,-211.6,-10,0,2,1,1,0","rabbit_killer,neck,13.2,-196.4,-41,0,4,1,1,0","rabbit_killer,body,-0.8,-121.6,-23.5,0,5,1,1,0","rabbit_killer,arm_up,11.8,-137.8,58,0,5,1,1,0","rabbit_killer,arm_low,45.6,-127.2,95,0,4,1.1,1.1,0","rabbit_killer,fist,78.4,-142,91,0,1,1,1,0","rabbit_killer,arm_up,54.4,-141.2,48,1,13,1,1,0","rabbit_killer,arm_low,85.6,-143.2,112,1,13,1,1,0","rabbit_killer,fist,113.6,-154.8,152,1,19,1,1,0","rabbit_killer,leg_up,-49,-44,-20.7,0,4,1,1,0","rabbit_killer,leg_low,-77,-14,-88,0,10,1,1,0","rabbit_killer,foot,-125,-16,-124,0,13,1,1,0","rabbit_killer,leg_up,5.2,-75.2,76,0,12,1,1,0","rabbit_killer,leg_low,31.2,-48.8,-22,0,13,1,1,0","rabbit_killer,foot,20.8,-13.6,-16.5,0,15,1,1,0","rabbit_killer,base,62.4,-86.4,-15,0,2,1,1,0","rabbit_killer,base,128.4,-96.8,7,0,21,1,1,0","rabbit_killer,ear,-36,-280.2,80,0,0,1,1,0","rabbit_killer,ear_back,13.2,-300.2,45,0,12,1,1,0","rabbit_killer,tail,-75.2,-76,-23,0,6,1,1,0",,,,,,,,,,,,,,,,,,,,,,,,,,,,,,,,,,,,,,,,,,,,,,,,,,,,,,,,,,,,,,,,,,,,,,,,,,,,,,,,,,,,,,,,,,,,,,,,,,,
"Damaged/2","rabbit_killer,head,5,-239,-4,0,2,1,1,0","rabbit_killer,neck,-4,-211,20,0,4,1,1,0","rabbit_killer,body,-4.8,-135.6,-9.5,0,5,1,1,0","rabbit_killer,arm_up,-6.2,-155.8,78,0,5,1,1,0","rabbit_killer,arm_low,25.6,-151.2,104,0,4,1.1,1.1,0","rabbit_killer,fist,66.4,-174,91,0,1,1,1,0","rabbit_killer,arm_up,54.4,-141.2,48,1,13,1,1,0","rabbit_killer,arm_low,85.6,-157.2,137,1,13,1,1,0","rabbit_killer,fist,113.6,-180.8,157,1,19,1,1,0","rabbit_killer,leg_up,-46,-45,-25.7,0,4,1,1,0","rabbit_killer,leg_low,-79.2,-14.4,-88,0,10,1,1,0","rabbit_killer,foot,-127.2,-16,-124,0,13,1,1,0","rabbit_killer,leg_up,5.2,-75.2,76,0,12,1,1,0","rabbit_killer,leg_low,31.2,-48.8,-22,0,13,1,1,0","rabbit_killer,foot,20.8,-13.6,-16.5,0,15,1,1,0","rabbit_killer,base,88.4,-130.4,18,0,2,1,1,0","rabbit_killer,base,92.4,-132.8,-26,0,21,1,1,0","rabbit_killer,ear,-66,-286,80,0,0,1,1,0","rabbit_killer,ear_back,-19,-310,42,0,12,1,1,0","rabbit_killer,tail,-73,-73,-23,0,5,1,1,0",,,,,,,,,,,,,,,,,,,,,,,,,,,,,,,,,,,,,,,,,,,,,,,,,,,,,,,,,,,,,,,,,,,,,,,,,,,,,,,,,,,,,,,,,,,,,,,,,"hold",,
"Damaged/3","rabbit_killer,head,-12,-237,5,0,2,1,1,0","rabbit_killer,neck,-22,-212,43,0,4,1,1,0","rabbit_killer,body,-10.8,-135.6,-3.5,0,5,1,1,0","rabbit_killer,arm_up,-18.2,-155.8,88,0,5,1,1,0","rabbit_killer,arm_low,17.6,-157.2,115,0,4,1.1,1.1,0","rabbit_killer,fist,48.4,-176,100,0,1,1,1,0","rabbit_killer,arm_up,32.4,-151.2,51,1,13,1,1,0","rabbit_killer,arm_low,63.6,-167.2,140,1,13,1,1,0","rabbit_killer,fist,91.6,-190.8,160,1,19,1,1,0","rabbit_killer,leg_up,-45,-46,-20.7,0,4,1,1,0","rabbit_killer,leg_low,-77,-14,-88,0,10,1,1,0","rabbit_killer,foot,-125,-16,-124,0,13,1,1,0","rabbit_killer,leg_up,5,-71,76,0,12,1,1,0","rabbit_killer,leg_low,32,-48,-10,0,13,1,1,0","rabbit_killer,foot,28,-13,-16.5,0,15,1,1,0","rabbit_killer,base,74.4,-130.4,24,0,2,1,1,0","rabbit_killer,base,70.4,-142.8,-23,0,21,1,1,0","rabbit_killer,ear,-89,-281,84,0,0,1,1,0","rabbit_killer,ear_back,-49,-305,56,0,12,1,1,0","rabbit_killer,tail,-75.2,-72,-19,0,8,1,1,0",,,,,,,,,,,,,,,,,,,,,,,,,,,,,,,,,,,,,,,,,,,,,,,,,,,,,,,,,,,,,,,,,,,,,,,,,,,,,,,,,,,,,,,,,,,,,,,,,,,
"Damaged/4","rabbit_killer,head,31.2,-211.6,-10,0,2,1,1,0","rabbit_killer,neck,13.2,-196.4,-41,0,4,1,1,0","rabbit_killer,body,-0.8,-121.6,-23.5,0,5,1,1,0","rabbit_killer,arm_up,11.8,-137.8,58,0,5,1,1,0","rabbit_killer,arm_low,45.6,-127.2,95,0,4,1.1,1.1,0","rabbit_killer,fist,78.4,-142,91,0,1,1,1,0","rabbit_killer,arm_up,54.4,-141.2,48,1,13,1,1,0","rabbit_killer,arm_low,85.6,-143.2,112,1,13,1,1,0","rabbit_killer,fist,113.6,-154.8,152,1,19,1,1,0","rabbit_killer,leg_up,-47,-46,-25.7,0,4,1,1,0","rabbit_killer,leg_low,-79.2,-14.4,-88,0,10,1,1,0","rabbit_killer,foot,-127.2,-16,-124,0,13,1,1,0","rabbit_killer,leg_up,5.2,-75.2,76,0,12,1,1,0","rabbit_killer,leg_low,34,-48,-15,0,13,1,1,0","rabbit_killer,foot,26,-13,-16.5,0,15,1,1,0","rabbit_killer,base,62.4,-86.4,-15,0,2,1,1,0","rabbit_killer,base,128.4,-96.8,7,0,21,1,1,0","rabbit_killer,ear,-36,-280.2,80,0,0,1,1,0","rabbit_killer,ear_back,13.2,-300.2,45,0,12,1,1,0","rabbit_killer,tail,-75.2,-76,-23,0,5,1,1,0",,,,,,,,,,,,,,,,,,,,,,,,,,,,,,,,,,,,,,,,,,,,,,,,,,,,,,,,,,,,,,,,,,,,,,,,,,,,,,,,,,,,,,,,,,,,,,,,,,,
"Damaged/5","rabbit_killer,head,63,-191,-18,0,2,1,1,0","rabbit_killer,neck,41,-172,-9,0,4,1,1,0","rabbit_killer,body,7.2,-109.6,-37.5,0,5,1,1,0","rabbit_killer,arm_up,6,-136,-34,0,5,1,1,0","rabbit_killer,arm_low,-6,-100.8,-2,0,4,1,1,0","rabbit_killer,fist,11.6,-71.2,1,0,1,1,1,0","rabbit_killer,arm_up,54.4,-123.2,48,1,13,1,1,0","rabbit_killer,arm_low,85,-109,123,1,13,1,1,0","rabbit_killer,fist,113.6,-124.8,142,1,19,1,1,0","rabbit_killer,leg_up,-49,-48,-25.7,0,4,1,1,0","rabbit_killer,leg_low,-81,-14,-88,0,10,1,1,0","rabbit_killer,foot,-129,-16,-124,0,13,1,1,0","rabbit_killer,leg_up,5.2,-75.2,76,0,12,1,1,0","rabbit_killer,leg_low,31.2,-48.8,-22,0,13,1,1,0","rabbit_killer,foot,20.8,-13.6,-16.5,0,15,1,1,0","rabbit_killer,base,-49.2,-71.2,-85,0,2,1,1,0","rabbit_killer,base,102.4,-70.8,-10,0,21,1,1,0","rabbit_killer,ear,14,-266,64,0,0,1,1,0","rabbit_killer,ear_back,61,-280,37,0,12,1,1,0","rabbit_killer,tail,-75.2,-76,-23,0,5,1,1,0",,,,,,,,,,,,,,,,,,,,,,,,,,,,,,,,,,,,,,,,,,,,,,,,,,,,,,,,,,,,,,,,,,,,,,,,,,,,,,,,,,,,,,,,,,,,,,,,,,,
"Standup/0","rabbit_killer,head,-147,-40,64,0,2,1,1,0","rabbit_killer,neck,-121.2,-24.8,97,0,4,1,1,0","rabbit_killer,body,-52.8,-31.6,91.5,0,5,1,1,0","rabbit_killer,arm_up,-63,-10,65,0,5,1,1,0","rabbit_killer,arm_low,-20.4,-10,117,0,4,1.1,1.1,0","rabbit_killer,fist,18.8,-21.2,81,0,1,1,1,0","rabbit_killer,arm_up,-77.6,-23.2,112,1,13,1,1,0","rabbit_killer,arm_low,-42.4,-27.2,175,1,13,1,1,0","rabbit_killer,fist,-22.4,-74.8,-162,1,19,1,1,0","rabbit_killer,leg_up,32,-34,119.3,0,4,1,1,0","rabbit_killer,leg_low,90.8,-30.4,56,0,10,1,1,0","rabbit_killer,foot,113.6,2.8,8,0,13,1,1,0","rabbit_killer,leg_up,25,-40,125,0,12,1,1,0","rabbit_killer,leg_low,67.2,-50.8,61,0,13,1,1,0","rabbit_killer,foot,114.8,-11.6,17.5,0,15,1,1,0","rabbit_killer,base,68.4,1.2,58,0,2,1,1,0","rabbit_killer,base,32.4,-42.8,57,0,21,1,1,0","rabbit_killer,ear,-224,-43,104,0,0,1,1,0","rabbit_killer,ear_back,-207,-20,117,0,12,1,1,0","rabbit_killer,tail,2,4,0,0,6,1,1,0",,,,,,,,,,,,,,,,,,,,,,,,,,,,,,,,,,,,,,,,,,,,,,,,,,,,,,,,,,,,,,,,,,,,,,,,,,,,,,,,,,,,,,,,,,,,,,,,,,"play_time_mod_0.6",
"Standup/1","rabbit_killer,head,-149,-39,56,0,2,1,1,0","rabbit_killer,neck,-124,-26,107,0,4,1,1,0","rabbit_killer,body,-52.8,-31.6,86.5,0,5,1,1,0","rabbit_killer,arm_up,-72,-15,59,0,5,1,1,0","rabbit_killer,arm_low,-30.4,-14,120,0,4,1.1,1.1,0","rabbit_killer,fist,4.8,-39.2,85,0,1,1,1,0","rabbit_killer,arm_up,-77.6,-23.2,112,1,13,1,1,0","rabbit_killer,arm_low,-38.4,-63.2,133,1,13,1,1,0","rabbit_killer,fist,-16.4,-90.8,-173,1,19,1,1,0","rabbit_killer,leg_up,25,-37,140.3,0,4,1,1,0","rabbit_killer,leg_low,82.8,-74.4,109,0,10,1,1,0","rabbit_killer,foot,121.6,-75.2,34,0,13,1,1,0","rabbit_killer,leg_up,21,-54,157,0,12,1,1,0","rabbit_killer,leg_low,57,-89,95,0,13,1,1,0","rabbit_killer,foot,97.6,-86.4,17.5,0,15,1,1,0","rabbit_killer,base,60.4,-6.8,46,0,2,1,1,0","rabbit_killer,base,32.4,-46.8,40,0,21,1,1,0","rabbit_killer,ear,-234,-54,107,0,0,1,1,0","rabbit_killer,ear_back,-223,-34,111,0,12,1,1,0","rabbit_killer,tail,2.8,-2,-20,0,6,1,1,0",,,,,,,,,,,,,,,,,,,,,,,,,,,,,,,,,,,,,,,,,,,,,,,,,,,,,,,,,,,,,,,,,,,,,,,,,,,,,,,,,,,,,,,,,,,,,,,,,,"play_time_mod_0.6",
"Standup/2","rabbit_killer,head,-147,-51,49,0,2,1,1,0","rabbit_killer,neck,-134,-35,97,0,4,1,1,0","rabbit_killer,body,-52,-30,85.5,0,5,1,1,0","rabbit_killer,arm_up,-58.2,-21.8,110,0,5,1,1,0","rabbit_killer,arm_low,-26.4,-32,120,0,4,1.1,1.1,0","rabbit_killer,fist,4.8,-57.2,96,0,1,1,1,0","rabbit_killer,arm_up,-59.6,-43.2,126,1,13,1,1,0","rabbit_killer,arm_low,-34.4,-71.2,127,1,13,1,1,0","rabbit_killer,fist,-6.4,-94.8,166,1,19,1,1,0","rabbit_killer,leg_up,14.8,-34.4,152.3,0,4,1,1,0","rabbit_killer,leg_low,49,-78,136,0,10,1,1,0","rabbit_killer,foot,81.6,-105.2,146,1,13,1,1,0","rabbit_killer,leg_up,11.2,-49.2,177,0,12,1,1,0","rabbit_killer,leg_low,31,-114,138,0,13,1,1,0","rabbit_killer,foot,62.4,-142.8,97,0,15,1,1,0","rabbit_killer,base,50.4,-14.8,38,0,2,1,1,0","rabbit_killer,base,38.4,-56.8,32,0,21,1,1,0","rabbit_killer,ear,-234,-52,118,0,0,1,1,0","rabbit_killer,ear_back,-223,-32,122,0,12,1,1,0","rabbit_killer,tail,2.8,6,-27,0,6,1,1,0",,,,,,,,,,,,,,,,,,,,,,,,,,,,,,,,,,,,,,,,,,,,,,,,,,,,,,,,,,,,,,,,,,,,,,,,,,,,,,,,,,,,,,,,,,,,,,,,,,"play_time_mod_0.6",
"Standup/3","rabbit_killer,head,-125.2,-103.8,47,0,2,1,1,0","rabbit_killer,neck,-111.2,-86.8,92,0,4,1,1,0","rabbit_killer,body,-52.8,-69.6,67.5,0,5,1,1,0","rabbit_killer,arm_up,-68.2,-53.8,66,0,5,1,1,0","rabbit_killer,arm_low,-26.4,-44,102,0,4,1.1,1.1,0","rabbit_killer,fist,12.8,-71.2,83,0,1,1,1,0","rabbit_killer,arm_up,-59,-73,-160,1,13,1,1,0","rabbit_killer,arm_low,-34.4,-71.2,127,1,13,1,1,0","rabbit_killer,fist,-6.4,-94.8,166,1,19,1,1,0","rabbit_killer,leg_up,28.8,-56.4,140.3,0,4,1,1,0","rabbit_killer,leg_low,68.8,-90.4,118,0,10,1,1,0","rabbit_killer,foot,105.6,-97.2,131,1,13,1,1,0","rabbit_killer,leg_up,23.2,-47.2,154,0,12,1,1,0","rabbit_killer,leg_low,59,-102,138,0,13,1,1,0","rabbit_killer,foot,92.4,-126.8,88,0,15,1,1,0","rabbit_killer,base,32.4,-16.8,18,0,2,1,1,0","rabbit_killer,base,38.4,-44.8,23,0,21,1,1,0","rabbit_killer,ear,-202.4,-104.4,124,0,0,1,1,0","rabbit_killer,ear_back,-191.2,-110.4,100,0,12,1,1,0","rabbit_killer,tail,-9,-13,-49,0,13,1,1,0",,,,,,,,,,,,,,,,,,,,,,,,,,,,,,,,,,,,,,,,,,,,,,,,,,,,,,,,,,,,,,,,,,,,,,,,,,,,,,,,,,,,,,,,,,,,,,,,,,"play_time_mod_0.6",
"Standup/4","rabbit_killer,head,-107.2,-187.8,31,0,2,1,1,0","rabbit_killer,neck,-93.2,-164.8,61,0,4,1,1,0","rabbit_killer,body,-34.8,-119.6,44.5,0,5,1,1,0","rabbit_killer,arm_up,-68,-119,22,0,5,1,1,0","rabbit_killer,arm_low,-46.4,-86,37,0,4,1.1,1.1,0","rabbit_killer,fist,-31.2,-69.2,-8,0,1,1,1,0","rabbit_killer,arm_up,-36,-155,69,1,13,1,1,0","rabbit_killer,arm_low,-1.6,-137.2,58,1,13,1,1,0","rabbit_killer,fist,21.6,-120.8,60,1,19,1,1,0","rabbit_killer,leg_up,22.8,-66.4,91.3,0,4,1,1,0","rabbit_killer,leg_low,68.8,-58.4,41,0,10,1,1,0","rabbit_killer,foot,81.2,-22.8,16,1,13,1,1,0","rabbit_killer,leg_up,44,-99,113,0,12,1,1,0","rabbit_killer,leg_low,89.2,-98.8,45,0,13,1,1,0","rabbit_killer,foot,112,-66,-16,0,15,1,1,0","rabbit_killer,base,-55.6,-16.8,-26,0,2,1,1,0","rabbit_killer,base,16.4,-58.8,-18,0,21,1,1,0","rabbit_killer,ear,-188,-211,102,0,0,1,1,0","rabbit_killer,ear_back,-157.2,-238.4,65,0,12,1,1,0","rabbit_killer,tail,-36,-50,-41,0,6,1,1,0",,,,,,,,,,,,,,,,,,,,,,,,,,,,,,,,,,,,,,,,,,,,,,,,,,,,,,,,,,,,,,,,,,,,,,,,,,,,,,,,,,,,,,,,,,,,,,,,,,"play_time_mod_0.6",
"Standup/5","rabbit_killer,head,34.2,-282,7,0,6,1,1,0","rabbit_killer,neck,26.2,-246,-179,0,8,1,1,0","rabbit_killer,body,17.2,-181.6,-15,0,7,1,1,0","rabbit_killer,arm_up,17.2,-245.6,175,0,5,1,1,0","rabbit_killer,arm_low,26.4,-277.2,154,0,4,1,1,0","rabbit_killer,fist,34.8,-309.2,139,0,3,1,1,0","rabbit_killer,arm_up,43.6,-264.4,161,1,13,1,1,0","rabbit_killer,arm_low,52.8,-285.6,155,1,13,1,1,0","rabbit_killer,fist,66,-308.4,-150,1,19,1,1,0","rabbit_killer,leg_up,-26,-105,-29,0,4,1,1,0","rabbit_killer,leg_low,-63,-61,-55,0,10,1,1,0","rabbit_killer,foot,-106.8,-42.4,-96,0,13,1.1,1.1,0","rabbit_killer,leg_up,25.2,-119.2,41,0,12,1,1,0","rabbit_killer,leg_low,64.8,-68.8,33,0,13,1,1,0","rabbit_killer,foot,82.8,-40.8,11,0,15,1,1,0","rabbit_killer,base,-10.8,-353.6,-137,0,4,1,1,0","rabbit_killer,base,89.2,-368,153,0,21,1,1,0","rabbit_killer,ear,-27,-346,74,0,0,1,1,0","rabbit_killer,ear_back,3.2,-364.8,50,0,12,1,1,0","rabbit_killer,tail,-58,-127.2,-23,0,6,1,1,0",,,,,,,,,,,,,,,,,,,,,,,,,,,,,,,,,,,,,,,,,,,,,,,,,,,,,,,,,,,,,,,,,,,,,,,,,,,,,,,,,,,,,,,,,,,,,,,,,,"play_time_mod_0.6",
"Standup/6","rabbit_killer,head,68.4,-222.4,-20,0,6,1,1,0","rabbit_killer,neck,44.4,-174.4,159,0,8,1,1,0","rabbit_killer,body,21.2,-139.6,-33,0,7,1,1,0","rabbit_killer,arm_up,33.2,-177.6,76,0,5,1,1,0","rabbit_killer,arm_low,67.6,-168,97,0,4,1,1,0","rabbit_killer,fist,102.8,-170.4,74,0,3,1,1,0","rabbit_killer,arm_up,66,-164.8,67,1,13,1,1,0","rabbit_killer,arm_low,102.8,-161.2,143,1,13,1,1,0","rabbit_killer,fist,118,-174.8,137,1,19,1,1,0","rabbit_killer,leg_up,-34,-75,-26,0,4,1,1,0","rabbit_killer,leg_low,-67.2,-28.8,-50,0,10,1,1,0","rabbit_killer,foot,-111.2,-7.2,-96,0,13,1.1,1.1,0","rabbit_killer,leg_up,35,-74,58,0,12,1,1,0","rabbit_killer,leg_low,56.8,-44.8,-20,0,13,1,1,0","rabbit_killer,foot,38.8,-2.8,-32,0,15,1,1,0","rabbit_killer,base,158,-141.2,64,0,4,1,1,0","rabbit_killer,base,161.2,-132,43,0,21,1,1,0","rabbit_killer,ear,33,-305.2,53,0,0,1,1,0","rabbit_killer,ear_back,77,-311.2,26,0,12,1,1,0","rabbit_killer,tail,-59,-102,-27,0,6,1,1,0",,,,,,,,,,,,,,,,,,,,,,,,,,,,,,,,,,,,,,,,,,,,,,,,,,,,,,,,,,,,,,,,,,,,,,,,,,,,,,,,,,,,,,,,,,,,,,,,,,"play_time_mod_0.6",
"Standup/7","rabbit_killer,head,70.4,-168.4,-20,0,6,1,1,0","rabbit_killer,neck,46.4,-134.4,159,0,8,1,1,0","rabbit_killer,body,11.2,-85.6,-46,0,7,1,1,0","rabbit_killer,arm_up,25.2,-117.6,76,0,5,1,1,0","rabbit_killer,arm_low,59.6,-108,97,0,4,1,1,0","rabbit_killer,fist,94.8,-110.4,74,0,3,1,1,0","rabbit_killer,arm_up,58,-104.8,67,1,13,1,1,0","rabbit_killer,arm_low,94.8,-101.2,143,1,13,1,1,0","rabbit_killer,fist,110,-114.8,137,1,19,1,1,0","rabbit_killer,leg_up,-55,-31,-40,0,4,1,1,0","rabbit_killer,leg_low,-95.2,-2.8,-75,0,10,1,1,0","rabbit_killer,foot,-137.2,4.8,-96,0,13,1.1,1.1,0","rabbit_killer,leg_up,24,-55,92,0,12,1,1,0","rabbit_killer,leg_low,50.8,-44.8,-31,0,13,1,1,0","rabbit_killer,foot,42.8,-2.8,-13,0,15,1,1,0","rabbit_killer,base,150,-81.2,64,0,4,1,1,0","rabbit_killer,base,153.2,-72,43,0,21,1,1,0","rabbit_killer,ear,35,-245.2,57,0,0,1,1,0","rabbit_killer,ear_back,79,-249.2,19,0,12,1,1,0","rabbit_killer,tail,-76,-64,-27,0,5,1,1,0",,,,,,,,,,,,,,,,,,,,,,,,,,,,,,,,,,,,,,,,,,,,,,,,,,,,,,,,,,,,,,,,,,,,,,,,,,,,,,,,,,,,,,,,,,,,,,,,,"play_time_mod_1","play_time_mod_0.6",
"Standup/8","rabbit_killer,head,78.4,-154.4,-39,0,6,1,1,0","rabbit_killer,neck,48.4,-138.4,159,0,8,1,1,0","rabbit_killer,body,11.2,-93.6,-52,0,7,1,1,0","rabbit_killer,arm_up,26,-111,12,0,5,1,1,0","rabbit_killer,arm_low,35.6,-82,39,0,4,1,1,0","rabbit_killer,fist,66.4,-57.2,38,0,3,1,1,0","rabbit_killer,arm_up,58,-102.8,60,1,13,1,1,0","rabbit_killer,arm_low,94.8,-91.2,120,1,13,1,1,0","rabbit_killer,fist,126,-98.8,126,1,19,1,1,0","rabbit_killer,leg_up,-52,-45.6,-17,0,4,1,1,0","rabbit_killer,leg_low,-81.2,-12.8,-80,0,10,1,1,0","rabbit_killer,foot,-127.2,-9.2,-103,0,13,1.1,1.1,0","rabbit_killer,leg_up,11.2,-59.2,90,0,12,1,1,0","rabbit_killer,leg_low,44.8,-48.8,-40,0,13,1,1,0","rabbit_killer,foot,32.8,-14.8,-23,0,15,1,1,0","rabbit_killer,base,49.2,6.8,-17,0,4,1,1,0","rabbit_killer,base,159.2,-38,27,0,21,1,1,0","rabbit_killer,ear,95,-235.2,19,0,0,1,1,0","rabbit_killer,ear_back,135,-219.2,-7,0,12,1,1,0","rabbit_killer,tail,-76,-88,-40,0,6,1,1,0",,,,,,,,,,,,,,,,,,,,,,,,,,,,,,,,,,,,,,,,,,,,,,,,,,,,,,,,,,,,,,,,,,,,,,,,,,,,,,,,,,,,,,,,,,,,,,,,,,"play_time_mod_0.6",
"Standup/9","rabbit_killer,head,76.4,-162.4,-28,0,6,1,1,0","rabbit_killer,neck,48.4,-138.4,159,0,8,1,1,0","rabbit_killer,body,11.2,-93.6,-52,0,7,1,1,0","rabbit_killer,arm_up,19,-113,-18,0,5,1,1,0","rabbit_killer,arm_low,9.6,-82,16,0,4,1,1,0","rabbit_killer,fist,17.6,-50.4,-18,0,3,1,1,0","rabbit_killer,arm_up,58,-102.8,60,1,13,1,1,0","rabbit_killer,arm_low,82.8,-89.2,106,1,13,1,1,0","rabbit_killer,fist,105.2,-84,114,1,19,1,1,0","rabbit_killer,leg_up,-51,-37,-20,0,4,1,1,0","rabbit_killer,leg_low,-81.2,-12.8,-80,0,10,1,1,0","rabbit_killer,foot,-127.2,-19.2,-121,0,13,1.1,1.1,0","rabbit_killer,leg_up,11.2,-59.2,90,0,12,1,1,0","rabbit_killer,leg_low,50.8,-44.8,-27,0,13,1,1,0","rabbit_killer,foot,38.8,-14.8,-16,0,15,1,1,0","rabbit_killer,base,-34.8,-7.2,-48,0,4,1,1,0","rabbit_killer,base,99.2,-18,-7,0,21,1,1,0","rabbit_killer,ear,73,-249.2,29,0,0,1,1,0","rabbit_killer,ear_back,113,-239.2,8,0,12,1,1,0","rabbit_killer,tail,-76,-76,-30,0,5,1,1,0",,,,,,,,,,,,,,,,,,,,,,,,,,,,,,,,,,,,,,,,,,,,,,,,,,,,,,,,,,,,,,,,,,,,,,,,,,,,,,,,,,,,,,,,,,,,,,,,,,"play_time_mod_0.6",
"Attack1/0","rabbit_killer,head,106,-157,-24,0,2,1,1,0","rabbit_killer,neck,90,-131,-46,0,4,1,1,0","rabbit_killer,body,29.2,-93.6,-66.5,0,5,1,1,0","rabbit_killer,arm_up,26,-131,-104,0,5,1,1,0","rabbit_killer,arm_low,-13,-127,-68,0,4,1,1,0","rabbit_killer,fist,-43,-110,-77,0,9,1,1,0","rabbit_killer,arm_up,64.4,-97.2,30,1,13,1,1,0","rabbit_killer,arm_low,87.6,-75.2,77,1,13,1,1,0","rabbit_killer,fist,115.6,-70.8,123,1,19,1,1,0","rabbit_killer,leg_up,-48,-46,-25.7,0,4,1,1,0","rabbit_killer,leg_low,-79.2,-14.4,-88,0,10,1,1,0","rabbit_killer,foot,-127.2,-16,-124,0,13,1,1,0","rabbit_killer,leg_up,5.2,-75.2,76,0,12,1,1,0","rabbit_killer,leg_low,31.2,-48.8,-22,0,13,1,1,0","rabbit_killer,foot,20.8,-13.6,-16.5,0,15,1,1,0","rabbit_killer,base,-73,-151,-151,0,21,1,1,0","rabbit_killer,base,74.4,-18.8,-43,0,21,1,1,0","rabbit_killer,ear,68,-239,54,0,0,1,1,0","rabbit_killer,ear_back,105.2,-242.2,35,0,12,1,1,0","rabbit_killer,tail,-73,-78,-9,0,6,1,1,0",,,,,,,,,,,,,,,,,,,,,,,,,,,,,,,,,,,,,,,,,,,,,,,,,,,,,,,,,,,,,,,,,,,,,,,,,,,,,,,,,,,,,,,,,,,,,,,,,"play_time_mod_1.5",,
"Attack1/1","rabbit_killer,head,111,-153,-21,0,2,1,1,0","rabbit_killer,neck,88,-132,-46,0,4,1,1,0","rabbit_killer,body,29.2,-93.6,-66.5,0,5,1,1,0","rabbit_killer,arm_up,34,-115,-62,0,5,1,1,0","rabbit_killer,arm_low,7,-91,-56,0,3,1,1,0","rabbit_killer,fist,-9,-58,-47,0,3,1,1,0","rabbit_killer,arm_up,64.4,-97.2,30,1,13,1,1,0","rabbit_killer,arm_low,87.6,-75.2,77,1,13,1,1,0","rabbit_killer,fist,115.6,-70.8,135,1,19,1,1,0","rabbit_killer,leg_up,-45,-45,-23.7,0,4,1,1,0","rabbit_killer,leg_low,-79.2,-14.4,-88,0,10,1,1,0","rabbit_killer,foot,-127.2,-16,-124,0,13,1,1,0","rabbit_killer,leg_up,5.2,-75.2,76,0,12,1,1,0","rabbit_killer,leg_low,31.2,-48.8,-22,0,13,1,1,0","rabbit_killer,foot,20.8,-13.6,-16.5,0,15,1,1,0","rabbit_killer,swing,-63,-77,-108,1,4,1,1,0","rabbit_killer,base,74.4,-22.8,-40,0,21,1,1,0","rabbit_killer,ear,64,-228,66,0,0,1,1,0","rabbit_killer,ear_back,95,-236,50,0,12,1,1,0","rabbit_killer,tail,-70,-74,-14,0,5,1,1,0",,,,,,,,,,,,,,,,,,,,,,,,,,,,,,,,,,,,,,,,,,,,,,,,,,,,,,,,,,,,,,,,,,,,,,,,,,,,,,,,,,,,,,,,,,,,,,,,,"play_time_mod_0.7",,
"Attack1/2","rabbit_killer,head,95.2,-165.6,-24,0,2,1,1,0","rabbit_killer,neck,80,-143,-39,0,4,1,1,0","rabbit_killer,body,23.2,-95.6,-60.5,0,5,1,1,0","rabbit_killer,arm_up,37.8,-117.8,-34,0,5,1,1,0","rabbit_killer,arm_low,25.4,-91,-4,0,3,1,1,0","rabbit_killer,fist,28,-50.2,-19,0,3,1,1,0","rabbit_killer,arm_up,56.4,-101.2,30,1,13,1,1,0","rabbit_killer,arm_low,79.6,-79.2,77,1,13,1,1,0","rabbit_killer,fist,107.6,-74.8,135,1,19,1,1,0","rabbit_killer,leg_up,-44,-46,-23.7,0,4,1,1,0","rabbit_killer,leg_low,-79.2,-14.4,-88,0,10,1,1,0","rabbit_killer,foot,-127.2,-16,-124,0,13,1,1,0","rabbit_killer,leg_up,5.2,-75.2,76,0,12,1,1,0","rabbit_killer,leg_low,31.2,-48.8,-22,0,13,1,1,0","rabbit_killer,foot,20.8,-13.6,-16.5,0,15,1,1,0","rabbit_killer,swing,-18.4,-29.2,-67,1,4,1,1,1","rabbit_killer,base,66.4,-26.8,-40,0,21,1,1,0","rabbit_killer,ear,38,-226.2,85,0,0,1,1,0","rabbit_killer,ear_back,77.2,-240.2,55,0,12,1,1,0","rabbit_killer,tail,-68,-74,-16,0,5,1,1,0",,,,,,,,,,,,,,,,,,,,,,,,,,,,,,,,,,,,,,,,,,,,,,,,,,,,,,,,,,,,,,,,,,,,,,,,,,,,,,,,,,,,,,,,,,,,,,,,,"play_time_mod_0.5",,
"Attack1/3","rabbit_killer,head,81.2,-175.6,-19,0,2,1,1,0","rabbit_killer,neck,64,-154,-34,0,4,1,1,0","rabbit_killer,body,15.2,-99.6,-50.5,0,5,1,1,0","rabbit_killer,arm_up,31,-119,8,0,5,1,1,0","rabbit_killer,arm_low,41.4,-91,40,0,3,1,1,0","rabbit_killer,fist,70,-68.2,29,0,3,1,1,0","rabbit_killer,arm_up,50.4,-115.2,37,1,13,1,1,0","rabbit_killer,arm_low,73.6,-93.2,84,1,13,1,1,0","rabbit_killer,fist,101.6,-88.8,142,1,19,1,1,0","rabbit_killer,leg_up,-46,-39,-19.7,0,4,1,1,0","rabbit_killer,leg_low,-79.2,-10.4,-95,0,10,1,1,0","rabbit_killer,foot,-121.2,-14,-113,0,13,1,1,0","rabbit_killer,leg_up,5.2,-75.2,76,0,12,1,1,0","rabbit_killer,leg_low,31.2,-48.8,-22,0,13,1,1,0","rabbit_killer,foot,20.8,-13.6,-16.5,0,15,1,1,0","rabbit_killer,swing,41.6,-17.2,-28,1,4,1,1,1","rabbit_killer,base,62.4,-42.8,-37,0,21,1,1,0","rabbit_killer,ear,24,-236.2,83,0,0,1,1,0","rabbit_killer,ear_back,53.2,-250.2,60,0,12,1,1,0","rabbit_killer,tail,-70,-64,-6,0,5,1,1,0",,,,,,,,,,,,,,,,,,,,,,,,,,,,,,,,,,,,,,,,,,,,,,,,,,,,,,,,,,,,,,,,,,,,,,,,,,,,,,,,,,,,,,,,,,,,,,,,,"play_time_mod_0.3,sprite_deal_damage",,"swing_flat_small,2500,0"
"Attack1/4","rabbit_killer,head,57.2,-195.6,-11,0,2,1,1,0","rabbit_killer,neck,43.2,-170.4,-30,0,4,1,1,0","rabbit_killer,body,11.2,-111.6,-37.5,0,5,1,1,0","rabbit_killer,arm_up,23.8,-135.8,43,0,5,1,1,0","rabbit_killer,arm_low,59.4,-119,78,0,3,1,1,0","rabbit_killer,fist,92,-118.2,69,0,3,1,1,0","rabbit_killer,arm_up,50.4,-123.2,41,1,13,1,1,0","rabbit_killer,arm_low,69.6,-101.2,88,1,13,1,1,0","rabbit_killer,fist,97.6,-96.8,146,1,19,1,1,0","rabbit_killer,leg_up,-42,-39,-16.7,0,4,1,1,0","rabbit_killer,leg_low,-75.2,-10.4,-92,0,10,1,1,0","rabbit_killer,foot,-121.2,-10,-110,0,13,1,1,0","rabbit_killer,leg_up,8,-72,74,0,12,1,1,0","rabbit_killer,leg_low,31.2,-48.8,-22,0,13,1,1,0","rabbit_killer,foot,20.8,-13.6,-16.5,0,15,1,1,0","rabbit_killer,swing,101.6,-65.2,10,1,4,1,1,1","rabbit_killer,base,66.4,-50.8,-30,0,21,1,1,0","rabbit_killer,ear,-14,-246.2,95,0,0,1,1,0","rabbit_killer,ear_back,17.2,-260.2,72,0,12,1,1,0","rabbit_killer,tail,-70,-58,1,0,5,1,1,0",,,,,,,,,,,,,,,,,,,,,,,,,,,,,,,,,,,,,,,,,,,,,,,,,,,,,,,,,,,,,,,,,,,,,,,,,,,,,,,,,,,,,,,,,,,,,,,,,"play_time_mod_0.2,sprite_deal_damage",,
"Attack1/5","rabbit_killer,head,31.2,-215.6,-4,0,2,1,1,0","rabbit_killer,neck,23.2,-194.4,-23,0,4,1,1,0","rabbit_killer,body,5.2,-125.6,-25.5,0,5,1,1,0","rabbit_killer,arm_up,15,-161,72,0,5,1,1,0","rabbit_killer,arm_low,55.4,-163,114,0,3,1,1,0","rabbit_killer,fist,83,-175,93,0,1,1,1,0","rabbit_killer,arm_up,44.4,-123.2,13,1,13,1,1,0","rabbit_killer,arm_low,59.6,-109.2,78,1,13,1,1,0","rabbit_killer,fist,83.6,-106.8,90,1,19,1,1,0","rabbit_killer,leg_up,-39,-43,-13.7,0,4,1,1,0","rabbit_killer,leg_low,-73.2,-8.4,-83,0,10,1,1,0","rabbit_killer,foot,-117.2,-10,-123,0,13,1,1,0","rabbit_killer,leg_up,5.2,-75.2,76,0,12,1,1,0","rabbit_killer,leg_low,35.2,-48.8,-31,0,13,1,1,0","rabbit_killer,foot,16.8,-13.6,-32.5,0,15,1,1,0","rabbit_killer,swing,110,-122,35,1,2,1,1,1","rabbit_killer,base,42.4,-56.8,-43,0,21,1,1,0","rabbit_killer,ear,-42,-258.2,102,0,0,1,1,0","rabbit_killer,ear_back,-24.8,-274.2,76,0,12,1,1,0","rabbit_killer,tail,-72,-62,-8,0,5,1,1,0",,,,,,,,,,,,,,,,,,,,,,,,,,,,,,,,,,,,,,,,,,,,,,,,,,,,,,,,,,,,,,,,,,,,,,,,,,,,,,,,,,,,,,,,,,,,,,,,,"sprite_deal_damage,play_time_mod_0.1",,
"Attack1/6","rabbit_killer,head,9.2,-225.6,-1,0,2,1,1,0","rabbit_killer,neck,5.2,-204.4,-23,0,4,1,1,0","rabbit_killer,body,-2.8,-135.6,-15.5,0,5,1,1,0","rabbit_killer,arm_up,-1,-167,82,0,5,1,1,0","rabbit_killer,arm_low,45.4,-179,128,0,3,1,1,0","rabbit_killer,fist,66,-199,106,0,1,1,1,0","rabbit_killer,arm_up,26.4,-141.2,19,1,13,1,1,0","rabbit_killer,arm_low,49.6,-127.2,84,1,13,1,1,0","rabbit_killer,fist,73.6,-118.8,81,1,19,1,1,0","rabbit_killer,leg_up,-39,-42,-13.7,0,4,1,1,0","rabbit_killer,leg_low,-73.2,-8.4,-83,0,10,1,1,0","rabbit_killer,foot,-117.2,-10,-123,0,13,1,1,0","rabbit_killer,leg_up,11,-71,73,0,12,1,1,0","rabbit_killer,leg_low,35.2,-48.8,-31,0,13,1,1,0","rabbit_killer,foot,16.8,-13.6,-32.5,0,15,1,1,0","rabbit_killer,swing,113,-180,69,1,2,1,1,1","rabbit_killer,base,34.4,-74.8,-49,0,21,1,1,0","rabbit_killer,ear,-68,-262.2,105,0,0,1,1,0","rabbit_killer,ear_back,-50.8,-278.2,84,0,12,1,1,0","rabbit_killer,tail,-68,-62,-8,0,5,1,1,0",,,,,,,,,,,,,,,,,,,,,,,,,,,,,,,,,,,,,,,,,,,,,,,,,,,,,,,,,,,,,,,,,,,,,,,,,,,,,,,,,,,,,,,,,,,,,,,,,"sprite_deal_damage,play_time_mod_0.1",,
"Attack1/7","rabbit_killer,head,1.2,-225.6,-8,0,2,1,1,0","rabbit_killer,neck,5.2,-204.4,-23,0,4,1,1,0","rabbit_killer,body,-6.8,-135.6,-10.5,0,5,1,1,0","rabbit_killer,arm_up,-3,-171,84,0,5,1,1,0","rabbit_killer,arm_low,45.4,-187,132,0,3,1,1,0","rabbit_killer,fist,69,-216,112,0,1,1,1,0","rabbit_killer,arm_up,22.4,-141.2,22,1,13,1,1,0","rabbit_killer,arm_low,49.6,-133.2,88,1,13,1,1,0","rabbit_killer,fist,73.6,-130.8,88,1,19,1,1,0","rabbit_killer,leg_up,-39,-42,-14.7,0,4,1,1,0","rabbit_killer,leg_low,-72,-8,-83,0,10,1,1,0","rabbit_killer,foot,-116,-10,-123,0,13,1,1,0","rabbit_killer,leg_up,5.2,-75.2,81,0,12,1,1,0","rabbit_killer,leg_low,35.2,-54.8,-24,0,13,1,1,0","rabbit_killer,foot,16.8,-13.6,-32.5,0,15,1,1,0","rabbit_killer,base,128,-211,83,1,2,1,1,1","rabbit_killer,base,30.4,-82.8,-51,0,21,1,1,0","rabbit_killer,ear,-80,-258.2,105,0,0,1,1,0","rabbit_killer,ear_back,-56.8,-278.2,87,0,12,1,1,0","rabbit_killer,tail,-73,-62,-11,0,5,1,1,0",,,,,,,,,,,,,,,,,,,,,,,,,,,,,,,,,,,,,,,,,,,,,,,,,,,,,,,,,,,,,,,,,,,,,,,,,,,,,,,,,,,,,,,,,,,,,,,,,"sprite_deal_damage,play_time_mod_0.5",,
"Attack1/8","rabbit_killer,head,-2.8,-225.6,-5,0,2,1,1,0","rabbit_killer,neck,5.2,-204.4,-23,0,4,1,1,0","rabbit_killer,body,-6.8,-135.6,-10.5,0,5,1,1,0","rabbit_killer,arm_up,2,-178,96,0,1,1,1,0","rabbit_killer,arm_low,37.4,-195,142,0,3,1,1,0","rabbit_killer,fist,60,-220.2,112,0,1,1,1,0","rabbit_killer,arm_up,22.4,-141.2,22,1,13,1,1,0","rabbit_killer,arm_low,49.6,-133.2,88,1,13,1,1,0","rabbit_killer,fist,73.6,-126.8,76,1,19,1,1,0","rabbit_killer,leg_up,-37,-42,-14.7,0,4,1,1,0","rabbit_killer,leg_low,-71,-8,-83,0,10,1,1,0","rabbit_killer,foot,-115,-10,-123,0,13,1,1,0","rabbit_killer,leg_up,5.2,-75.2,81,0,12,1,1,0","rabbit_killer,leg_low,35.2,-54.8,-24,0,13,1,1,0","rabbit_killer,foot,16.8,-13.6,-32.5,0,15,1,1,0","rabbit_killer,base,117,-246,110,1,2,1,1,1","rabbit_killer,base,30.4,-88.8,-55,0,21,1,1,0","rabbit_killer,ear,-84,-254.2,111,0,0,1,1,0","rabbit_killer,ear_back,-60.8,-274.2,91,0,12,1,1,0","rabbit_killer,tail,-75,-63,-18,0,5,1,1,0",,,,,,,,,,,,,,,,,,,,,,,,,,,,,,,,,,,,,,,,,,,,,,,,,,,,,,,,,,,,,,,,,,,,,,,,,,,,,,,,,,,,,,,,,,,,,,,,,"sprite_deal_damage",,
"Attack1/9","rabbit_killer,head,31.2,-215.6,-4,0,2,1,1,0","rabbit_killer,neck,23.2,-194.4,-23,0,4,1,1,0","rabbit_killer,body,5.2,-125.6,-25.5,0,5,1,1,0","rabbit_killer,arm_up,15.8,-151.8,102,0,5,1,1,0","rabbit_killer,arm_low,55.4,-163,114,0,3,1,1,0","rabbit_killer,fist,88,-182.2,93,0,1,1,1,0","rabbit_killer,arm_up,44.4,-123.2,13,1,13,1,1,0","rabbit_killer,arm_low,59.6,-109.2,78,1,13,1,1,0","rabbit_killer,fist,83.6,-106.8,90,1,19,1,1,0","rabbit_killer,leg_up,-41,-44,-19.7,0,4,1,1,0","rabbit_killer,leg_low,-75,-8,-83,0,10,1,1,0","rabbit_killer,foot,-119,-10,-123,0,13,1,1,0","rabbit_killer,leg_up,5.2,-75.2,76,0,12,1,1,0","rabbit_killer,leg_low,35.2,-48.8,-31,0,13,1,1,0","rabbit_killer,foot,16.8,-13.6,-32.5,0,15,1,1,0","rabbit_killer,base,138,-149,55,1,2,1,1,0","rabbit_killer,base,42.4,-56.8,-43,0,21,1,1,0","rabbit_killer,ear,-42,-258.2,102,0,0,1,1,0","rabbit_killer,ear_back,-24.8,-274.2,76,0,12,1,1,0","rabbit_killer,tail,-70,-62,-8,0,5,1,1,0",,,,,,,,,,,,,,,,,,,,,,,,,,,,,,,,,,,,,,,,,,,,,,,,,,,,,,,,,,,,,,,,,,,,,,,,,,,,,,,,,,,,,,,,,,,,,,,,,,,
"Attack1/10","rabbit_killer,head,57.2,-195.6,-11,0,2,1,1,0","rabbit_killer,neck,43.2,-170.4,-30,0,4,1,1,0","rabbit_killer,body,11.2,-111.6,-37.5,0,5,1,1,0","rabbit_killer,arm_up,23,-134,63,0,5,1,1,0","rabbit_killer,arm_low,59,-118,78,0,3,1,1,0","rabbit_killer,fist,92,-117,69,0,3,1,1,0","rabbit_killer,arm_up,50.4,-123.2,41,1,13,1,1,0","rabbit_killer,arm_low,69.6,-101.2,88,1,13,1,1,0","rabbit_killer,fist,97.6,-96.8,146,1,19,1,1,0","rabbit_killer,leg_up,-44,-40,-20.7,0,4,1,1,0","rabbit_killer,leg_low,-75.2,-10.4,-92,0,10,1,1,0","rabbit_killer,foot,-121.2,-10,-110,0,13,1,1,0","rabbit_killer,leg_up,5.2,-75.2,76,0,12,1,1,0","rabbit_killer,leg_low,31.2,-48.8,-22,0,13,1,1,0","rabbit_killer,foot,20.8,-13.6,-16.5,0,15,1,1,0","rabbit_killer,base,101,-57,10,1,4,1,1,0","rabbit_killer,base,66.4,-50.8,-30,0,21,1,1,0","rabbit_killer,ear,-14,-246.2,95,0,0,1,1,0","rabbit_killer,ear_back,17.2,-260.2,72,0,12,1,1,0","rabbit_killer,tail,-73,-65,-16,0,5,1,1,0",,,,,,,,,,,,,,,,,,,,,,,,,,,,,,,,,,,,,,,,,,,,,,,,,,,,,,,,,,,,,,,,,,,,,,,,,,,,,,,,,,,,,,,,,,,,,,,,,,,
"Attack1/11","rabbit_killer,head,95.2,-165.6,-24,0,2,1,1,0","rabbit_killer,neck,75.2,-144.4,-39,0,4,1,1,0","rabbit_killer,body,23.2,-95.6,-60.5,0,5,1,1,0","rabbit_killer,arm_up,30,-114,-34,0,5,1,1,0","rabbit_killer,arm_low,18,-88,-4,0,3,1,1,0","rabbit_killer,fist,21,-47,-19,0,3,1,1,0","rabbit_killer,arm_up,56.4,-101.2,30,1,13,1,1,0","rabbit_killer,arm_low,79.6,-79.2,77,1,13,1,1,0","rabbit_killer,fist,107.6,-74.8,135,1,19,1,1,0","rabbit_killer,leg_up,-45,-48,-23.7,0,4,1,1,0","rabbit_killer,leg_low,-79.2,-14.4,-88,0,10,1,1,0","rabbit_killer,foot,-127.2,-16,-124,0,13,1,1,0","rabbit_killer,leg_up,5.2,-75.2,76,0,12,1,1,0","rabbit_killer,leg_low,31.2,-48.8,-22,0,13,1,1,0","rabbit_killer,foot,20.8,-13.6,-16.5,0,15,1,1,0","rabbit_killer,base,-25,-26,-67,1,4,1,1,0","rabbit_killer,base,66.4,-26.8,-40,0,21,1,1,0","rabbit_killer,ear,38,-226.2,85,0,0,1,1,0","rabbit_killer,ear_back,77.2,-240.2,55,0,12,1,1,0","rabbit_killer,tail,-71,-80,-27,0,5,1,1,0",,,,,,,,,,,,,,,,,,,,,,,,,,,,,,,,,,,,,,,,,,,,,,,,,,,,,,,,,,,,,,,,,,,,,,,,,,,,,,,,,,,,,,,,,,,,,,,,,,,
"Attack1/12","rabbit_killer,head,106,-157,-24,0,2,1,1,0","rabbit_killer,neck,90,-131,-46,0,4,1,1,0","rabbit_killer,body,29.2,-93.6,-66.5,0,5,1,1,0","rabbit_killer,arm_up,26,-131,-104,0,5,1,1,0","rabbit_killer,arm_low,-13,-127,-68,0,4,1,1,0","rabbit_killer,fist,-43,-110,-77,0,9,1,1,0","rabbit_killer,arm_up,64.4,-97.2,30,1,13,1,1,0","rabbit_killer,arm_low,87.6,-75.2,77,1,13,1,1,0","rabbit_killer,fist,115.6,-70.8,123,1,19,1,1,0","rabbit_killer,leg_up,-48,-46,-25.7,0,4,1,1,0","rabbit_killer,leg_low,-79.2,-14.4,-88,0,10,1,1,0","rabbit_killer,foot,-127.2,-16,-124,0,13,1,1,0","rabbit_killer,leg_up,5.2,-75.2,76,0,12,1,1,0","rabbit_killer,leg_low,31.2,-48.8,-22,0,13,1,1,0","rabbit_killer,foot,20.8,-13.6,-16.5,0,15,1,1,0","rabbit_killer,base,-73,-151,-151,0,21,1,1,0","rabbit_killer,base,74.4,-18.8,-43,0,21,1,1,0","rabbit_killer,ear,68,-239,54,0,0,1,1,0","rabbit_killer,ear_back,105.2,-242.2,35,0,12,1,1,0","rabbit_killer,tail,-73,-78,-9,0,6,1,1,0",,,,,,,,,,,,,,,,,,,,,,,,,,,,,,,,,,,,,,,,,,,,,,,,,,,,,,,,,,,,,,,,,,,,,,,,,,,,,,,,,,,,,,,,,,,,,,,,,"play_time_mod_0.5",,
"Attack2/0","rabbit_killer,head,106,-157,-24,0,2,1,1,0","rabbit_killer,neck,90,-131,-46,0,4,1,1,0","rabbit_killer,body,29.2,-93.6,-66.5,0,5,1,1,0","rabbit_killer,arm_up,26,-131,-104,0,5,1,1,0","rabbit_killer,arm_low,-13,-127,-68,0,4,1,1,0","rabbit_killer,fist,-43,-110,-77,0,9,1,1,0","rabbit_killer,arm_up,64.4,-97.2,30,1,13,1,1,0","rabbit_killer,arm_low,87.6,-75.2,77,1,13,1,1,0","rabbit_killer,fist,115.6,-70.8,123,1,19,1,1,0","rabbit_killer,leg_up,-48,-46,-25.7,0,4,1,1,0","rabbit_killer,leg_low,-79.2,-14.4,-88,0,10,1,1,0","rabbit_killer,foot,-127.2,-16,-124,0,13,1,1,0","rabbit_killer,leg_up,5.2,-75.2,76,0,12,1,1,0","rabbit_killer,leg_low,31.2,-48.8,-22,0,13,1,1,0","rabbit_killer,foot,20.8,-13.6,-16.5,0,15,1,1,0","rabbit_killer,base,-73,-151,-151,0,21,1,1,0","rabbit_killer,base,74.4,-18.8,-43,0,21,1,1,0","rabbit_killer,ear,68,-239,54,0,0,1,1,0","rabbit_killer,ear_back,105.2,-242.2,35,0,12,1,1,0","rabbit_killer,tail,-73,-78,-9,0,6,1,1,0",,,,,,,,,,,,,,,,,,,,,,,,,,,,,,,,,,,,,,,,,,,,,,,,,,,,,,,,,,,,,,,,,,,,,,,,,,,,,,,,,,,,,,,,,,,,,,,,,,,
"Attack2/1","rabbit_killer,head,106,-166,-18,0,2,1,1,0","rabbit_killer,neck,90,-139,-41,0,4,1,1,0","rabbit_killer,body,29,-98,-63.5,0,5,1,1,0","rabbit_killer,arm_up,36,-111,-54,0,5,1,1,0","rabbit_killer,arm_low,12,-77,-28,0,4,1,1,0","rabbit_killer,fist,4,-43,-37,0,5,1,1,0","rabbit_killer,arm_up,64.4,-97.2,30,1,13,1,1,0","rabbit_killer,arm_low,87,-72,87,1,13,1,1,0","rabbit_killer,fist,115,-76,128,1,19,1,1,0","rabbit_killer,leg_up,-50,-46,-30.7,0,4,1,1,0","rabbit_killer,leg_low,-86,-14,-88,0,10,1,1,0","rabbit_killer,foot,-132,-16,-124,0,13,1,1,0","rabbit_killer,leg_up,5.2,-75.2,76,0,12,1,1,0","rabbit_killer,leg_low,31.2,-48.8,-22,0,13,1,1,0","rabbit_killer,foot,20.8,-13.6,-16.5,0,15,1,1,0","rabbit_killer,base,48,-8,49,0,6,1,1,0","rabbit_killer,base,129,-17,17,0,21,1,1,0","rabbit_killer,ear,68,-241,59,0,0,1,1,0","rabbit_killer,ear_back,105,-247,40,0,12,1,1,0","rabbit_killer,tail,-70,-76,-19,0,8,1,1,0",,,,,,,,,,,,,,,,,,,,,,,,,,,,,,,,,,,,,,,,,,,,,,,,,,,,,,,,,,,,,,,,,,,,,,,,,,,,,,,,,,,,,,,,,,,,,,,,,,,
"Attack2/2","rabbit_killer,head,89,-182,-21,0,2,1,1,0","rabbit_killer,neck,75,-163,-29,0,4,1,1,0","rabbit_killer,body,21,-106,-45.5,0,5,1,1,0","rabbit_killer,arm_up,34,-126,0,0,5,1,1,0","rabbit_killer,arm_low,41.4,-93,32,0,2,1,1,0","rabbit_killer,fist,68,-64.2,0,0,1,1,1,0","rabbit_killer,arm_up,56.4,-107.2,30,1,13,1,1,0","rabbit_killer,arm_low,83.6,-81.2,60,1,13,1,1,0","rabbit_killer,fist,103.6,-68.8,82,1,19,1,1,0","rabbit_killer,leg_up,-55.2,-42.4,-43.7,0,4,1,1,0","rabbit_killer,leg_low,-105.2,-8.4,-85,0,10,1,1,0","rabbit_killer,foot,-153.2,-10,-123,0,13,1,1,0","rabbit_killer,leg_up,11.2,-65.2,95,0,12,1,1,0","rabbit_killer,leg_low,61.2,-44.8,39,0,13,1,1,0","rabbit_killer,foot,82.8,-9.6,0.5,0,15,1,1,0","rabbit_killer,base,111.6,-23.2,47,0,2,1,1,0","rabbit_killer,base,148.4,-28,47,0,21,1,1,0","rabbit_killer,ear,54,-269,60,0,0,1,1,0","rabbit_killer,ear_back,83,-265,43,0,12,1,1,0","rabbit_killer,tail,-55.2,-98,-82,0,5,1,1,0",,,,,,,,,,,,,,,,,,,,,,,,,,,,,,,,,,,,,,,,,,,,,,,,,,,,,,,,,,,,,,,,,,,,,,,,,,,,,,,,,,,,,,,,,,,,,,,,,"play_time_mod_1.5",,
"Attack2/3","rabbit_killer,head,71,-196,-18,0,2,1,1,0","rabbit_killer,neck,53,-177,-33,0,4,1,1,0","rabbit_killer,body,17.2,-111.6,-35.5,0,5,1,1,0","rabbit_killer,arm_up,21,-133,-4,0,5,1,1,0","rabbit_killer,arm_low,31.4,-99,29,0,2,1,1,0","rabbit_killer,fist,58,-70.2,-3,0,1,1,1,0","rabbit_killer,arm_up,56.4,-117.2,60,1,13,1,1,0","rabbit_killer,arm_low,91.6,-101.2,60,1,13,1,1,0","rabbit_killer,fist,111.6,-88.8,82,1,19,1,1,0","rabbit_killer,leg_up,-55,-39,-41.7,0,4,1,1,0","rabbit_killer,leg_low,-101.2,-8.4,-85,0,10,1,1,0","rabbit_killer,foot,-149.2,-10,-123,0,13,1,1,0","rabbit_killer,leg_up,11.2,-65.2,95,0,12,1,1,0","rabbit_killer,leg_low,51.2,-44.8,34,0,13,1,1,0","rabbit_killer,foot,74.8,-5.6,6.5,0,15,1,1,0","rabbit_killer,swing,99.6,-35.2,43,0,2,1,1,1","rabbit_killer,swing,152.4,-54,54,1,21,1,1,1","rabbit_killer,ear,34,-281,63,0,0,1,1,0","rabbit_killer,ear_back,63,-277,46,0,12,1,1,0","rabbit_killer,tail,-61,-96,-77,0,7,1,1,0",,,,,,,,,,,,,,,,,,,,,,,,,,,,,,,,,,,,,,,,,,,,,,,,,,,,,,,,,,,,,,,,,,,,,,,,,,,,,,,,,,,,,,,,,,,,,,,,,"play_time_mod_0.5,sprite_deal_damage",,
"Attack2/4","rabbit_killer,head,43.2,-197.6,-13,0,2,1,1,0","rabbit_killer,neck,25.2,-178.4,-28,0,4,1,1,0","rabbit_killer,body,9.2,-115.6,-26.5,0,5,1,1,0","rabbit_killer,arm_up,-0.2,-129.8,24,0,5,1,1,0","rabbit_killer,arm_low,7.4,-97,9,0,2,1,1,0","rabbit_killer,fist,24,-70.2,-7,0,1,1,1,0","rabbit_killer,arm_up,46.4,-131.2,60,1,13,1,1,0","rabbit_killer,arm_low,91,-121,83,1,13,1,1,0","rabbit_killer,fist,131,-110,106,1,19,1,1,0","rabbit_killer,leg_up,-49.2,-42.4,-31.7,0,4,1,1,0","rabbit_killer,leg_low,-93.2,-8.4,-85,0,10,1,1,0","rabbit_killer,foot,-141.2,-10,-123,0,13,1,1,0","rabbit_killer,leg_up,11.2,-65.2,95,0,12,1,1,0","rabbit_killer,leg_low,51.2,-44.8,27,0,13,1,1,0","rabbit_killer,foot,68.8,-5.6,6.5,0,15,1,1,0","rabbit_killer,swing,57.6,-25.2,35,0,2,1,1,1","rabbit_killer,swing,200,-104,85,1,21,1,1,1","rabbit_killer,ear,-12,-270.2,73,0,0,1,1,0","rabbit_killer,ear_back,17.2,-266.2,56,0,12,1,1,0","rabbit_killer,tail,-55.2,-90,-86,0,5,1,1,0",,,,,,,,,,,,,,,,,,,,,,,,,,,,,,,,,,,,,,,,,,,,,,,,,,,,,,,,,,,,,,,,,,,,,,,,,,,,,,,,,,,,,,,,,,,,,,,,,"play_time_mod_0.1,sprite_deal_damage",,
"Attack2/5","rabbit_killer,head,33,-217,-3,0,2,1,1,0","rabbit_killer,neck,23,-190,-21,0,4,1,1,0","rabbit_killer,body,5.2,-121.6,-19.5,0,5,1,1,0","rabbit_killer,arm_up,-5,-133,-8,0,5,1,1,0","rabbit_killer,arm_low,-3,-97,-1,0,2,1,1,0","rabbit_killer,fist,4,-70.2,-17,0,1,1,1,0","rabbit_killer,arm_up,42,-152,99,1,13,1,1,0","rabbit_killer,arm_low,85,-155,112,1,13,1,1,0","rabbit_killer,fist,121,-170,157,1,19,1,1,0","rabbit_killer,leg_up,-45.2,-42.4,-28.7,0,4,1,1,0","rabbit_killer,leg_low,-89.2,-8.4,-85,0,10,1,1,0","rabbit_killer,foot,-137.2,-10,-123,0,13,1,1,0","rabbit_killer,leg_up,11.2,-61.2,95,0,12,1,1,0","rabbit_killer,leg_low,51.2,-44.8,14,0,13,1,1,0","rabbit_killer,foot,68.8,-5.6,6.5,0,15,1,1,0","rabbit_killer,swing,34,-18,25,0,3,1,1,1","rabbit_killer,swing,176,-196,112,1,21,0.9,0.9,1","rabbit_killer,ear,-18,-288,83,0,0,1,1,0","rabbit_killer,ear_back,11,-284,66,0,12,1,1,0","rabbit_killer,tail,-59.2,-84,-88,0,5,1,1,0",,,,,,,,,,,,,,,,,,,,,,,,,,,,,,,,,,,,,,,,,,,,,,,,,,,,,,,,,,,,,,,,,,,,,,,,,,,,,,,,,,,,,,,,,,,,,,,,,"play_time_mod_0.1,sprite_deal_damage",,"swing_flat_large,2500,0"
"Attack2/6","rabbit_killer,head,13,-224,0,0,2,1,1,0","rabbit_killer,neck,9,-197,7,0,4,1,1,0","rabbit_killer,body,1.2,-125.6,-12.5,0,5,1,1,0","rabbit_killer,arm_up,-20,-147,-24,0,5,1,1,0","rabbit_killer,arm_low,-27,-115,-21,0,2,1,1,0","rabbit_killer,fist,-29,-74,-31,0,1,1,1,0","rabbit_killer,arm_up,32,-170,117,1,13,1,1,0","rabbit_killer,arm_low,57,-181,135,1,13,1,1,0","rabbit_killer,fist,85,-200,149,1,19,1,1,0","rabbit_killer,leg_up,-45.2,-42.4,-28.7,0,4,1,1,0","rabbit_killer,leg_low,-89.2,-8.4,-85,0,10,1,1,0","rabbit_killer,foot,-137.2,-10,-123,0,13,1,1,0","rabbit_killer,leg_up,11.2,-61.2,95,0,12,1,1,0","rabbit_killer,leg_low,49,-46,9,0,13,1,1,0","rabbit_killer,foot,57,-5,-5.5,0,15,1,1,0","rabbit_killer,swing,-23,-19,1,0,3,1,1,1","rabbit_killer,swing,128,-234,132,1,21,0.9,0.9,1","rabbit_killer,ear,-52,-283,89,0,0,1,1,0","rabbit_killer,ear_back,-22,-279,72,0,12,1,1,0","rabbit_killer,tail,-59.2,-84,-88,0,5,1,1,0",,,,,,,,,,,,,,,,,,,,,,,,,,,,,,,,,,,,,,,,,,,,,,,,,,,,,,,,,,,,,,,,,,,,,,,,,,,,,,,,,,,,,,,,,,,,,,,,,"play_time_mod_0.1,sprite_deal_damage",,
"Attack2/7","rabbit_killer,head,5,-226,0,0,2,1,1,0","rabbit_killer,neck,5,-204,-4,0,4,1,1,0","rabbit_killer,body,-2.8,-125.6,-9.5,0,5,1,1,0","rabbit_killer,arm_up,-24,-152,-61,0,5,1,1,0","rabbit_killer,arm_low,-62.6,-123,-58,0,2,1,1,0","rabbit_killer,fist,-92,-100,-91,0,1,1,1,0","rabbit_killer,arm_up,24.4,-167.2,156,1,13,1,1,0","rabbit_killer,arm_low,37.6,-189.2,153,1,13,1,1,0","rabbit_killer,fist,55.6,-210.8,176,1,19,1,1,0","rabbit_killer,leg_up,-41.2,-42.4,-26.7,0,4,1,1,0","rabbit_killer,leg_low,-85.2,-8.4,-81,0,10,1,1,0","rabbit_killer,foot,-131.2,-10,-123,0,13,1,1,0","rabbit_killer,leg_up,21,-61,95,0,12,1,1,0","rabbit_killer,leg_low,51.2,-44.8,-2,0,13,1,1,0","rabbit_killer,foot,50.8,-5.6,-4.5,0,15,1,1,0","rabbit_killer,swing,-128,-52,-42,0,4,1,1,1","rabbit_killer,swing,80.4,-258,152,1,21,0.9,0.9,1","rabbit_killer,ear,-60,-285,89,0,0,1,1,0","rabbit_killer,ear_back,-30,-281,72,0,12,1,1,0","rabbit_killer,tail,-59.2,-84,-88,0,5,1,1,0",,,,,,,,,,,,,,,,,,,,,,,,,,,,,,,,,,,,,,,,,,,,,,,,,,,,,,,,,,,,,,,,,,,,,,,,,,,,,,,,,,,,,,,,,,,,,,,,,"play_time_mod_0.1,sprite_deal_damage",,
"Attack2/8","rabbit_killer,head,1,-224,10,0,2,1,1,0","rabbit_killer,neck,1,-198,3,0,4,1,1,0","rabbit_killer,body,-2.8,-125.6,-6.5,0,5,1,1,0","rabbit_killer,arm_up,-31,-154,-71,0,5,1,1,0","rabbit_killer,arm_low,-70.6,-137,-78,0,2,1,1,0","rabbit_killer,fist,-102,-128.2,-102,0,1,1,1,0","rabbit_killer,arm_up,16.4,-173.2,133,1,13,1,1,0","rabbit_killer,arm_low,23.6,-191.2,164,1,13,1,1,0","rabbit_killer,fist,41.6,-212.8,-173,1,19,1,1,0","rabbit_killer,leg_up,-41.2,-42.4,-26.7,0,4,1,1,0","rabbit_killer,leg_low,-85.2,-8.4,-81,0,10,1,1,0","rabbit_killer,foot,-131.2,-10,-123,0,13,1,1,0","rabbit_killer,leg_up,21,-61,95,0,12,1,1,0","rabbit_killer,leg_low,51.2,-44.8,-2,0,13,1,1,0","rabbit_killer,foot,50.8,-5.6,-4.5,0,15,1,1,0","rabbit_killer,swing,-150,-97,-68,0,4,1,1,1","rabbit_killer,swing,58.4,-258,164,1,21,0.8,0.8,1","rabbit_killer,ear,-66,-271,95,0,0,1,1,0","rabbit_killer,ear_back,-52,-289,78,0,12,1,1,0","rabbit_killer,tail,-55.2,-90,-80,0,5,1,1,0",,,,,,,,,,,,,,,,,,,,,,,,,,,,,,,,,,,,,,,,,,,,,,,,,,,,,,,,,,,,,,,,,,,,,,,,,,,,,,,,,,,,,,,,,,,,,,,,,"play_time_mod_0.5,sprite_deal_damage",,
"Attack2/9","rabbit_killer,head,-12,-228,12,0,2,1,1,0","rabbit_killer,neck,-5,-197,4,0,4,1,1,0","rabbit_killer,body,-2.8,-125.6,-4.5,0,5,1,1,0","rabbit_killer,arm_up,-39,-155,-71,0,5,1,1,0","rabbit_killer,arm_low,-76.6,-141,-78,0,2,1,1,0","rabbit_killer,fist,-108,-132.2,-102,0,1,1,1,0","rabbit_killer,arm_up,12.4,-173.2,133,1,13,1,1,0","rabbit_killer,arm_low,19.6,-191.2,164,1,13,1,1,0","rabbit_killer,fist,37.6,-212.8,-173,1,19,1,1,0","rabbit_killer,leg_up,-39.2,-42.4,-21.7,0,4,1,1,0","rabbit_killer,leg_low,-81.2,-8.4,-81,0,10,1,1,0","rabbit_killer,foot,-127.2,-10,-123,0,13,1,1,0","rabbit_killer,leg_up,19,-67,87,0,12,1,1,0","rabbit_killer,leg_low,47.2,-48.8,-8,0,13,1,1,0","rabbit_killer,foot,42.8,-5.6,-8.5,0,15,1,1,0","rabbit_killer,base,-168,-114,-75,0,3,1,1,1","rabbit_killer,base,47,-258,174,1,21,0.8,0.8,1","rabbit_killer,ear,-91,-262,101,0,0,1,1,0","rabbit_killer,ear_back,-69,-287,83,0,12,1,1,0","rabbit_killer,tail,-53.2,-96,-86,0,5,1,1,0",,,,,,,,,,,,,,,,,,,,,,,,,,,,,,,,,,,,,,,,,,,,,,,,,,,,,,,,,,,,,,,,,,,,,,,,,,,,,,,,,,,,,,,,,,,,,,,,,,,
"Attack2/10","rabbit_killer,head,-6,-225,-4,0,2,1,1,0","rabbit_killer,neck,-6,-196,14,0,4,1,1,0","rabbit_killer,body,-2.8,-125.6,-4.5,0,5,1,1,0","rabbit_killer,arm_up,-46,-159,-88,0,5,1,1,0","rabbit_killer,arm_low,-76,-155,-86,0,2,1,1,0","rabbit_killer,fist,-112,-146,-108,0,1,1,1,0","rabbit_killer,arm_up,6.4,-173.2,135,1,13,1,1,0","rabbit_killer,arm_low,13.6,-191.2,166,1,13,1,1,0","rabbit_killer,fist,31.6,-212.8,-171,1,19,1,1,0","rabbit_killer,leg_up,-39.2,-42.4,-21.7,0,4,1,1,0","rabbit_killer,leg_low,-81.2,-8.4,-81,0,10,1,1,0","rabbit_killer,foot,-127.2,-10,-123,0,13,1,1,0","rabbit_killer,leg_up,17,-67,85,0,12,1,1,0","rabbit_killer,leg_low,47.2,-48.8,-8,0,13,1,1,0","rabbit_killer,foot,42.8,-5.6,-8.5,0,15,1,1,0","rabbit_killer,base,-170,-134,-81,0,4,1,1,1","rabbit_killer,base,48.4,-258,169,1,21,0.8,0.8,1","rabbit_killer,ear,-69,-290,80,0,0,1,1,0","rabbit_killer,ear_back,-41,-298,59,0,12,1,1,0","rabbit_killer,tail,-53.2,-90,-79,0,5,1,1,0",,,,,,,,,,,,,,,,,,,,,,,,,,,,,,,,,,,,,,,,,,,,,,,,,,,,,,,,,,,,,,,,,,,,,,,,,,,,,,,,,,,,,,,,,,,,,,,,,,,
"Attack2/11","rabbit_killer,head,59,-204,-16,0,2,1,1,0","rabbit_killer,neck,43,-183,-33,0,4,1,1,0","rabbit_killer,body,13.2,-111.6,-28.5,0,5,1,1,0","rabbit_killer,arm_up,-1,-146,-83,0,5,1,1,0","rabbit_killer,arm_low,-42,-126.8,-88,0,2,1,1,0","rabbit_killer,fist,-66,-118.4,-105,0,1,1,1,0","rabbit_killer,arm_up,60.4,-131.2,78,1,13,1,1,0","rabbit_killer,arm_low,94,-115,86,1,13,1,1,0","rabbit_killer,fist,133,-108,128,1,19,1,1,0","rabbit_killer,leg_up,-39,-42,-27.7,0,4,1,1,0","rabbit_killer,leg_low,-81.2,-8.4,-84,0,10,1,1,0","rabbit_killer,foot,-127.2,-10,-126,0,13,1,1,0","rabbit_killer,leg_up,16,-67,85,0,12,1,1,0","rabbit_killer,leg_low,47.2,-48.8,-8,0,13,1,1,0","rabbit_killer,foot,42.8,-5.6,-8.5,0,15,1,1,0","rabbit_killer,base,-110,-90.4,-61,0,2,1,1,0","rabbit_killer,base,193,-92,74,0,21,1,1,0","rabbit_killer,ear,10,-285,75,0,0,1,1,0","rabbit_killer,ear_back,35,-285,60,0,12,1,1,0","rabbit_killer,tail,-65.2,-88,-66,0,5,1,1,0",,,,,,,,,,,,,,,,,,,,,,,,,,,,,,,,,,,,,,,,,,,,,,,,,,,,,,,,,,,,,,,,,,,,,,,,,,,,,,,,,,,,,,,,,,,,,,,,,,,
"Attack2/12","rabbit_killer,head,95.2,-165.6,-24,0,2,1,1,0","rabbit_killer,neck,75.2,-144.4,-39,0,4,1,1,0","rabbit_killer,body,23.2,-95.6,-60.5,0,5,1,1,0","rabbit_killer,arm_up,25,-127,-85,0,5,1,1,0","rabbit_killer,arm_low,-15,-115,-78,0,3,1,1,0","rabbit_killer,fist,-46,-99,-84,0,3,1,1,0","rabbit_killer,arm_up,56.4,-101.2,30,1,13,1,1,0","rabbit_killer,arm_low,79.6,-79.2,77,1,13,1,1,0","rabbit_killer,fist,107.6,-74.8,135,1,19,1,1,0","rabbit_killer,leg_up,-45,-47,-23.7,0,4,1,1,0","rabbit_killer,leg_low,-79.2,-14.4,-88,0,10,1,1,0","rabbit_killer,foot,-127.2,-16,-124,0,13,1,1,0","rabbit_killer,leg_up,5.2,-75.2,76,0,12,1,1,0","rabbit_killer,leg_low,37.2,-48.8,-3,0,13,1,1,0","rabbit_killer,foot,40.8,-13.6,-12.5,0,15,1,1,0","rabbit_killer,base,-110,-121,-111,1,4,1,1,0","rabbit_killer,base,66.4,-26.8,-40,0,21,1,1,0","rabbit_killer,ear,38,-226.2,85,0,0,1,1,0","rabbit_killer,ear_back,77.2,-240.2,55,0,12,1,1,0","rabbit_killer,tail,-73,-83,-22,0,5,1,1,0",,,,,,,,,,,,,,,,,,,,,,,,,,,,,,,,,,,,,,,,,,,,,,,,,,,,,,,,,,,,,,,,,,,,,,,,,,,,,,,,,,,,,,,,,,,,,,,,,,,
"Attack2/13","rabbit_killer,head,106,-157,-24,0,2,1,1,0","rabbit_killer,neck,90,-131,-46,0,4,1,1,0","rabbit_killer,body,29.2,-93.6,-66.5,0,5,1,1,0","rabbit_killer,arm_up,26,-131,-104,0,5,1,1,0","rabbit_killer,arm_low,-13,-127,-68,0,4,1,1,0","rabbit_killer,fist,-43,-110,-77,0,9,1,1,0","rabbit_killer,arm_up,64.4,-97.2,30,1,13,1,1,0","rabbit_killer,arm_low,87.6,-75.2,77,1,13,1,1,0","rabbit_killer,fist,115.6,-70.8,123,1,19,1,1,0","rabbit_killer,leg_up,-48,-46,-25.7,0,4,1,1,0","rabbit_killer,leg_low,-79.2,-14.4,-88,0,10,1,1,0","rabbit_killer,foot,-127.2,-16,-124,0,13,1,1,0","rabbit_killer,leg_up,5.2,-75.2,76,0,12,1,1,0","rabbit_killer,leg_low,31.2,-48.8,-22,0,13,1,1,0","rabbit_killer,foot,20.8,-13.6,-16.5,0,15,1,1,0","rabbit_killer,base,-73,-151,-151,0,21,1,1,0","rabbit_killer,base,74.4,-18.8,-43,0,21,1,1,0","rabbit_killer,ear,68,-239,54,0,0,1,1,0","rabbit_killer,ear_back,105.2,-242.2,35,0,12,1,1,0","rabbit_killer,tail,-73,-78,-9,0,6,1,1,0",,,,,,,,,,,,,,,,,,,,,,,,,,,,,,,,,,,,,,,,,,,,,,,,,,,,,,,,,,,,,,,,,,,,,,,,,,,,,,,,,,,,,,,,,,,,,,,,,,,
"Walk/0","rabbit_killer,head,88,-177,-27,0,2,1,1,0","rabbit_killer,neck,70,-166,-49,0,4,1,1,0","rabbit_killer,body,17.2,-109.6,-49.5,0,5,1,1,0","rabbit_killer,arm_up,8,-147,-99,0,5,1,1,0","rabbit_killer,arm_low,-32,-141,-80,0,4,1,1,0","rabbit_killer,fist,-56,-134,-101,0,9,1,1,0","rabbit_killer,arm_up,65,-110,30,1,13,1,1,0","rabbit_killer,arm_low,85.6,-85.2,70,1,13,1,1,0","rabbit_killer,fist,109.6,-74.8,114,1,19,1,1,0","rabbit_killer,leg_up,-31,-48,5.3,0,4,1,1,0","rabbit_killer,leg_low,-47.2,-14.4,-88,0,10,1,1,0","rabbit_killer,foot,-89.2,-16,-110,0,13,1,1,0","rabbit_killer,leg_up,5.2,-75.2,59,0,12,1,1,0","rabbit_killer,leg_low,29.2,-44.8,-33,0,13,1,1,0","rabbit_killer,foot,4.8,-13.6,-31.5,0,15,1,1,0","rabbit_killer,base,-74,-191,-166,0,21,1,1,0","rabbit_killer,base,76.4,-30.8,-40,0,21,1,1,0","rabbit_killer,ear,61,-256,47,0,0,1,1,0","rabbit_killer,ear_back,96,-258,30,0,12,1,1,0","rabbit_killer,tail,-69,-86,-19,0,6,1,1,0",,,,,,,,,,,,,,,,,,,,,,,,,,,,,,,,,,,,,,,,,,,,,,,,,,,,,,,,,,,,,,,,,,,,,,,,,,,,,,,,,,,,,,,,,,,,,,,,,,,
"Walk/1","rabbit_killer,head,93,-169,-29,0,2,1,1,0","rabbit_killer,neck,75,-158,-51,0,4,1,1,0","rabbit_killer,body,17.2,-105.6,-51.5,0,5,1,1,0","rabbit_killer,arm_up,12,-148,-122,0,5,1,1,0","rabbit_killer,arm_low,-28,-157,-83,0,4,1,1,0","rabbit_killer,fist,-50,-150,-114,0,9,1,1,0","rabbit_killer,arm_up,62.4,-107.2,22,1,13,1,1,0","rabbit_killer,arm_low,79,-74,48,1,13,1,1,0","rabbit_killer,fist,97,-55,105,1,19,1,1,0","rabbit_killer,leg_up,-21.2,-54.4,20.3,0,4,1,1,0","rabbit_killer,leg_low,-25.2,-14.4,-88,0,10,1,1,0","rabbit_killer,foot,-63.2,-16,-110,0,13,1,1,0","rabbit_killer,leg_up,-4.8,-75.2,41,0,12,1,1,0","rabbit_killer,leg_low,13.2,-42.8,-38,0,13,1,1,0","rabbit_killer,foot,-17.2,-17.6,-34.5,0,15,1,1,0","rabbit_killer,base,-65,-210,-172,0,21,1,1,0","rabbit_killer,base,60,-17,-49,0,21,1,1,0","rabbit_killer,ear,72,-254,47,0,0,1,1,0","rabbit_killer,ear_back,107,-250,28,0,12,1,1,0","rabbit_killer,tail,-70,-89,-27,0,6,1,1,0",,,,,,,,,,,,,,,,,,,,,,,,,,,,,,,,,,,,,,,,,,,,,,,,,,,,,,,,,,,,,,,,,,,,,,,,,,,,,,,,,,,,,,,,,,,,,,,,,,,
"Walk/2","rabbit_killer,head,101,-163,-32,0,2,1,1,0","rabbit_killer,neck,77,-152,-51,0,4,1,1,0","rabbit_killer,body,21.2,-105.6,-53.5,0,5,1,1,0","rabbit_killer,arm_up,14,-151,-122,0,5,1,1,0","rabbit_killer,arm_low,-19,-167,-95,0,4,1,1,0","rabbit_killer,fist,-45,-164,-132,0,9,1,1,0","rabbit_killer,arm_up,62.4,-107.2,10,1,13,1,1,0","rabbit_killer,arm_low,73,-74,48,1,13,1,1,0","rabbit_killer,fist,89,-49,87,1,19,1,1,0","rabbit_killer,leg_up,-9.2,-62.4,40.3,0,4,1,1,0","rabbit_killer,leg_low,2.8,-18.4,-68,0,10,1,1,0","rabbit_killer,foot,-33.2,-16,-110,0,13,1,1,0","rabbit_killer,leg_up,-8,-64,5,0,12,1,1,0","rabbit_killer,leg_low,-14.8,-36.8,-46,0,13,1,1,0","rabbit_killer,foot,-57.2,-17.6,-127,0,15,1,1,0","rabbit_killer,base,-49,-221,-179,0,21,1,1,0","rabbit_killer,base,38,-17,-58,0,21,1,1,0","rabbit_killer,ear,88,-252,41,0,0,1,1,0","rabbit_killer,ear_back,125,-240,19,0,12,1,1,0","rabbit_killer,tail,-64,-94,-36,0,6,1,1,0",,,,,,,,,,,,,,,,,,,,,,,,,,,,,,,,,,,,,,,,,,,,,,,,,,,,,,,,,,,,,,,,,,,,,,,,,,,,,,,,,,,,,,,,,,,,,,,,,,,
"Walk/3","rabbit_killer,head,91,-173,-29,0,2,1,1,0","rabbit_killer,neck,73,-162,-51,0,4,1,1,0","rabbit_killer,body,17.2,-105.6,-51.5,0,5,1,1,0","rabbit_killer,arm_up,9,-149,-104,0,5,1,1,0","rabbit_killer,arm_low,-26,-151,-83,0,4,1,1,0","rabbit_killer,fist,-48,-144,-114,0,9,1,1,0","rabbit_killer,arm_up,62.4,-107.2,22,1,13,1,1,0","rabbit_killer,arm_low,79.6,-83.2,48,1,13,1,1,0","rabbit_killer,fist,97.6,-64.8,105,1,19,1,1,0","rabbit_killer,leg_up,-21.2,-54.4,20.3,0,4,1,1,0","rabbit_killer,leg_low,-25.2,-14.4,-88,0,10,1,1,0","rabbit_killer,foot,-63.2,-16,-110,0,13,1,1,0","rabbit_killer,leg_up,0,-76,41,0,12,1,1,0","rabbit_killer,leg_low,13.2,-42.8,-38,0,13,1,1,0","rabbit_killer,foot,-17.2,-17.6,-34.5,0,15,1,1,0","rabbit_killer,base,-62,-203,-172,0,21,1,1,0","rabbit_killer,base,60.4,-26.8,-49,0,21,1,1,0","rabbit_killer,ear,70,-258,47,0,0,1,1,0","rabbit_killer,ear_back,105,-254,28,0,12,1,1,0","rabbit_killer,tail,-68,-90,-27,0,6,1,1,0",,,,,,,,,,,,,,,,,,,,,,,,,,,,,,,,,,,,,,,,,,,,,,,,,,,,,,,,,,,,,,,,,,,,,,,,,,,,,,,,,,,,,,,,,,,,,,,,,,,
"Walk/4","rabbit_killer,head,87,-175,-27,0,2,1,1,0","rabbit_killer,neck,69,-164,-49,0,4,1,1,0","rabbit_killer,body,17.2,-109.6,-49.5,0,5,1,1,0","rabbit_killer,arm_up,7,-147,-92,0,5,1,1,0","rabbit_killer,arm_low,-28,-142,-80,0,4,1,1,0","rabbit_killer,fist,-52,-135,-101,0,9,1,1,0","rabbit_killer,arm_up,62.4,-107.2,30,1,13,1,1,0","rabbit_killer,arm_low,85.6,-85.2,70,1,13,1,1,0","rabbit_killer,fist,109.6,-74.8,114,1,19,1,1,0","rabbit_killer,leg_up,-32,-49,5.3,0,4,1,1,0","rabbit_killer,leg_low,-47.2,-14.4,-88,0,10,1,1,0","rabbit_killer,foot,-89.2,-16,-110,0,13,1,1,0","rabbit_killer,leg_up,5.2,-75.2,59,0,12,1,1,0","rabbit_killer,leg_low,29.2,-44.8,-33,0,13,1,1,0","rabbit_killer,foot,4.8,-13.6,-31.5,0,15,1,1,0","rabbit_killer,base,-70,-192,-166,0,21,1,1,0","rabbit_killer,base,76.4,-30.8,-40,0,21,1,1,0","rabbit_killer,ear,60,-254,47,0,0,1,1,0","rabbit_killer,ear_back,95,-256,30,0,12,1,1,0","rabbit_killer,tail,-71,-82,-19,0,6,1,1,0",,,,,,,,,,,,,,,,,,,,,,,,,,,,,,,,,,,,,,,,,,,,,,,,,,,,,,,,,,,,,,,,,,,,,,,,,,,,,,,,,,,,,,,,,,,,,,,,,,,
"Walk/5","rabbit_killer,head,97,-168,-32,0,2,1,1,0","rabbit_killer,neck,79,-157,-54,0,4,1,1,0","rabbit_killer,body,23.2,-105.6,-53.5,0,5,1,1,0","rabbit_killer,arm_up,17.8,-141.8,-81,0,5,1,1,0","rabbit_killer,arm_low,-16,-127,-54,0,4,1,1,0","rabbit_killer,fist,-40,-106,-85,0,3,1,1,0","rabbit_killer,arm_up,76.4,-103.2,49,1,13,1,1,0","rabbit_killer,arm_low,103.6,-95.2,72,1,13,1,1,0","rabbit_killer,fist,133.6,-90.8,111,1,19,1,1,0","rabbit_killer,leg_up,-47,-49,-17.7,0,4,1,1,0","rabbit_killer,leg_low,-77.2,-14.4,-88,0,10,1,1,0","rabbit_killer,foot,-119.2,-16,-110,0,13,1,1,0","rabbit_killer,leg_up,17.2,-67.2,76,0,12,1,1,0","rabbit_killer,leg_low,53.2,-44.8,-16,0,13,1,1,0","rabbit_killer,foot,40.8,-11.6,-46.5,0,15,1,1,0","rabbit_killer,base,-74,-155,-147,0,4,1,1,0","rabbit_killer,base,122.4,-34.8,-22,0,21,1,1,0","rabbit_killer,ear,78,-247,39,0,0,1,1,0","rabbit_killer,ear_back,113,-249,22,0,12,1,1,0","rabbit_killer,tail,-71,-95,-29,0,7,1,1,0",,,,,,,,,,,,,,,,,,,,,,,,,,,,,,,,,,,,,,,,,,,,,,,,,,,,,,,,,,,,,,,,,,,,,,,,,,,,,,,,,,,,,,,,,,,,,,,,,,,
"Skill1/0","rabbit_killer,head,85,-251,-21,0,2,1,1,0","rabbit_killer,neck,66,-227,-13,0,4,1,1,0","rabbit_killer,body,35,-157,-27.5,0,5,1,1,0","rabbit_killer,arm_up,49,-199,66,0,5,1,1,0","rabbit_killer,arm_low,92,-191,91,0,4,1,1,0","rabbit_killer,fist,125,-194,65,0,3,1,1,0","rabbit_killer,arm_up,88,-184,58,1,13,1,1,0","rabbit_killer,arm_low,121,-177,-81,1,13,1,1,0","rabbit_killer,fist,147,-181,100,1,19,1,1,0","rabbit_killer,leg_up,10,-84,19.3,0,4,1,1,0","rabbit_killer,leg_low,7,-39,-50,0,10,1,1,0","rabbit_killer,foot,-26,-12,-62,0,11,1.1,1.1,0","rabbit_killer,leg_up,2,-74,-24,0,12,1,1,0","rabbit_killer,leg_low,-27,-26,-38,0,13,1,1,0","rabbit_killer,foot,-50,3,-11.5,0,15,1,1,0","rabbit_killer,base,118,-134,-5,0,4,1,1,0","rabbit_killer,base,152,-123,-10,0,21,1,1,0","rabbit_killer,ear,32,-314,76,0,0,1,1,0","rabbit_killer,ear_back,50,-329,63,0,12,1,1,0","rabbit_killer,tail,-36,-119,-53,0,7,1,1,0",,,,,,,,,,,,,,,,,,,,,,,,,,,,,,,,,,,,,,,,,,,,,,,,,,,,,,,,,,,,,,,,,,,,,,,,,,,,,,,,,,,,,,,,,,,,,,,,,"hold,sprite_deal_damage",,
"Skill1End/0","rabbit_killer,head,123,-229,-51,0,2,1,1,0","rabbit_killer,neck,95,-216,-43,0,4,1,1,0","rabbit_killer,body,32,-173,-57.5,0,5,1,1,0","rabbit_killer,arm_up,65,-201,36,0,5,1,1,0","rabbit_killer,arm_low,99,-172,61,0,4,1,1,0","rabbit_killer,fist,128,-159,35,0,3,1,1,0","rabbit_killer,arm_up,92,-168,28,1,13,1,1,0","rabbit_killer,arm_low,117,-145,-111,1,13,1,1,0","rabbit_killer,fist,141,-136,70,1,19,1,1,0","rabbit_killer,leg_up,-26,-120,-10.7,0,4,1,1,0","rabbit_killer,leg_low,-51,-83,-80,0,10,1,1,0","rabbit_killer,foot,-94,-76,-92,0,11,1.1,1.1,0","rabbit_killer,leg_up,-39,-116,-54,0,12,1,1,0","rabbit_killer,leg_low,-86,-89,-68,0,13,1,1,0","rabbit_killer,foot,-121,-76,-41.5,0,15,1,1,0","rabbit_killer,base,143,-99,15,0,4,1,1,0","rabbit_killer,base,176,-83,20,0,22,1,1,0","rabbit_killer,ear,107,-309,46,0,0,1,1,0","rabbit_killer,ear_back,132,-312,33,0,12,1,1,0","rabbit_killer,tail,-47,-176,-83,0,7,1,1,0",,,,,,,,,,,,,,,,,,,,,,,,,,,,,,,,,,,,,,,,,,,,,,,,,,,,,,,,,,,,,,,,,,,,,,,,,,,,,,,,,,,,,,,,,,,,,,,,,"sprite_deal_damage","play_time_mod_0.6",
"Skill1End/1","rabbit_killer,head,113,-105,-44,0,6,1,1,0","rabbit_killer,neck,79,-100,-58,0,8,1,1,0","rabbit_killer,body,35,-121,-120.5,0,7,1,1,0","rabbit_killer,arm_up,69,-105,-167,0,5,1,1,0","rabbit_killer,arm_low,75,-78,27,0,4,1,1,0","rabbit_killer,fist,94,-49,-6,0,3,1,1,0","rabbit_killer,arm_up,102,-83,59,1,13,1,1,0","rabbit_killer,arm_low,125,-56,93,1,13,1,1,0","rabbit_killer,fist,148,-45,54,1,19,1,1,0","rabbit_killer,leg_up,-40,-164,-82.7,0,4,1,1,0","rabbit_killer,leg_low,-87,-177,-151,0,10,1,1,0","rabbit_killer,foot,-99,-223,159,0,13,1.1,1.1,0","rabbit_killer,leg_up,-21,-206,-164,0,12,1,1,0","rabbit_killer,leg_low,-30,-266,179,0,13,1,1,0","rabbit_killer,foot,-29,-309,171,0,15,1,1,0","rabbit_killer,base,109,5,16,0,5,1,1,0","rabbit_killer,base,171,16,23,0,21,1,1,0","rabbit_killer,ear,94,-190,54,0,0,1,1,0","rabbit_killer,ear_back,125,-188,31,0,12,1,1,0","rabbit_killer,tail,23,-203,-165,0,2,1,1,0",,,,,,,,,,,,,,,,,,,,,,,,,,,,,,,,,,,,,,,,,,,,,,,,,,,,,,,,,,,,,,,,,,,,,,,,,,,,,,,,,,,,,,,,,,,,,,,,,"sprite_deal_damage","play_time_mod_0.6",
"Skill1End/2","rabbit_killer,head,75,-117,-80,0,6,1,1,0","rabbit_killer,neck,41,-118,-58,0,8,1,1,0","rabbit_killer,body,27,-183,-177,0,7,1,1,0","rabbit_killer,arm_up,25,-141,179,0,5,1,1,0","rabbit_killer,arm_low,29,-108,28,0,4,1,1,0","rabbit_killer,fist,38,-77,-6,0,3,1,1,0","rabbit_killer,arm_up,64,-101,59,1,13,1,1,0","rabbit_killer,arm_low,93,-74,93,1,13,1,1,0","rabbit_killer,fist,110,-63,54,1,19,1,1,0","rabbit_killer,leg_up,21,-274,-148,0,4,1,1,0","rabbit_killer,leg_low,8,-333,170,0,10,1,1,0","rabbit_killer,foot,24,-380,140,0,13,1.1,1.1,0","rabbit_killer,leg_up,65,-289,147,0,12,1,1,0","rabbit_killer,leg_low,100,-337,131,0,13,1,1,0","rabbit_killer,foot,136,-358,95,0,15,1,1,0","rabbit_killer,base,39,-20,-6,0,4,1,1,0","rabbit_killer,base,86,-2,-8,0,23,1,1,0","rabbit_killer,ear,106,-198,11,0,0,1,1,0","rabbit_killer,ear_back,137,-182,-12,0,12,1,1,0","rabbit_killer,tail,77,-248,175,0,6,1,1,0",,,,,,,,,,,,,,,,,,,,,,,,,,,,,,,,,,,,,,,,,,,,,,,,,,,,,,,,,,,,,,,,,,,,,,,,,,,,,,,,,,,,,,,,,,,,,,,,,"sprite_deal_damage","play_time_mod_0.6",
"Skill1End/3","rabbit_killer,head,59,-95,-130,0,6,1,1,0","rabbit_killer,neck,45,-120,-58,0,8,1,1,0","rabbit_killer,body,43,-195,162,0,7,1,1,0","rabbit_killer,arm_up,23,-152,147,0,5,1,1,0","rabbit_killer,arm_low,13,-114,10,0,4,1,1,0","rabbit_killer,fist,14,-83,-6,0,3,1,1,0","rabbit_killer,arm_up,68,-103,59,1,13,1,1,0","rabbit_killer,arm_low,63,-74,93,1,13,1,1,0","rabbit_killer,fist,62,-65,54,1,19,1,1,0","rabbit_killer,leg_up,54,-290,-165,0,4,1,1,0","rabbit_killer,leg_low,53,-341,156,0,10,1,1,0","rabbit_killer,foot,73,-382,129,0,13,1.1,1.1,0","rabbit_killer,leg_up,93,-291,139,0,12,1,1,0","rabbit_killer,leg_low,140,-325,119,0,13,1,1,0","rabbit_killer,foot,176,-346,83,0,15,1,1,0","rabbit_killer,base,-6,-28,-19,0,4,1,1,0","rabbit_killer,base,40,-10,-21,0,22,1,1,0","rabbit_killer,ear,134,-142,-17,0,0,1,1,0","rabbit_killer,ear_back,137,-100,-51,0,12,1,1,0","rabbit_killer,tail,113,-250,162,0,9,1,1,0",,,,,,,,,,,,,,,,,,,,,,,,,,,,,,,,,,,,,,,,,,,,,,,,,,,,,,,,,,,,,,,,,,,,,,,,,,,,,,,,,,,,,,,,,,,,,,,,,"sprite_deal_damage","play_time_mod_0.6",
"Skill1End/4","rabbit_killer,head,-57.6,-163.6,155,0,6,1,1,0","rabbit_killer,neck,-47.2,-181.2,-46,0,8,1,1,0","rabbit_killer,body,17.2,-235.6,121,0,7,1,1,0","rabbit_killer,arm_up,-22.8,-227.6,-88,0,5,1,1,0","rabbit_killer,arm_low,-61.2,-230.8,-75,0,4,1,1,0","rabbit_killer,fist,-69.2,-213.6,-6,0,3,1,1,0","rabbit_killer,arm_up,-31.2,-236.4,-97,1,13,1,1,0","rabbit_killer,arm_low,-65.6,-229.6,-38,1,13,1,1,0","rabbit_killer,fist,-50.4,-216,54,1,19,1,1,0","rabbit_killer,leg_up,98.4,-292,138,0,4,1,1,0","rabbit_killer,leg_low,146,-322,94,0,10,1,1,0","rabbit_killer,foot,188,-317.6,62,0,13,1.1,1.1,0","rabbit_killer,leg_up,131,-233,73,0,12,1,1,0","rabbit_killer,leg_low,169.2,-202,4,0,13,1,1,0","rabbit_killer,foot,167.6,-162.4,-27,0,15,1,1,0","rabbit_killer,base,-106.4,-176.8,-50,0,4,1,1,0","rabbit_killer,base,-118.4,-224,-98,0,21,1,1,0","rabbit_killer,ear,2,-96,-92,0,0,1,1,0","rabbit_killer,ear_back,-38,-90,-123,0,12,1,1,0","rabbit_killer,tail,93,-217,105,0,9,1,1,0",,,,,,,,,,,,,,,,,,,,,,,,,,,,,,,,,,,,,,,,,,,,,,,,,,,,,,,,,,,,,,,,,,,,,,,,,,,,,,,,,,,,,,,,,,,,,,,,,"sprite_deal_damage","play_time_mod_0.6",
"Skill1End/5","rabbit_killer,head,-22,-322.8,54,0,6,1,1,0","rabbit_killer,neck,-8,-286.8,-159,0,8,1,1,0","rabbit_killer,body,39.2,-235.6,38,0,7,1,1,0","rabbit_killer,arm_up,0,-261,29,0,5,1,1,0","rabbit_killer,arm_low,-14,-285,-156,0,4,1,1,0","rabbit_killer,fist,-35.6,-322.4,-173,0,3,1,1,0","rabbit_killer,arm_up,-8.4,-284.4,-147,1,13,1,1,0","rabbit_killer,arm_low,-27.2,-307.6,-138,1,13,1,1,0","rabbit_killer,fist,-25.6,-317.2,-134,1,19,1,1,0","rabbit_killer,leg_up,68.4,-154.4,0,0,4,1,1,0","rabbit_killer,leg_low,50,-87,-25,0,10,1,1,0","rabbit_killer,foot,18,-54.4,-71,0,13,1.1,1.1,0","rabbit_killer,leg_up,84.8,-183.2,45,0,12,1,1,0","rabbit_killer,leg_low,105.2,-138.8,-10,0,13,1,1,0","rabbit_killer,foot,91.2,-98.4,-71,0,15,1,1,0","rabbit_killer,base,-76.8,-381.6,-149,0,4,1,1,0","rabbit_killer,base,-75.2,-357.6,-133,0,21,1,1,0","rabbit_killer,ear,-110,-317,124,0,0,1,1,0","rabbit_killer,ear_back,-92,-291,142,0,12,1,1,0","rabbit_killer,tail,28,-146,1,0,6,1,1,0",,,,,,,,,,,,,,,,,,,,,,,,,,,,,,,,,,,,,,,,,,,,,,,,,,,,,,,,,,,,,,,,,,,,,,,,,,,,,,,,,,,,,,,,,,,,,,,,,,"play_time_mod_0.6",
"Skill1End/6","rabbit_killer,head,34.2,-282,7,0,6,1,1,0","rabbit_killer,neck,26.2,-246,-179,0,8,1,1,0","rabbit_killer,body,17.2,-181.6,-15,0,7,1,1,0","rabbit_killer,arm_up,17.2,-245.6,150,0,5,1,1,0","rabbit_killer,arm_low,30,-277,154,0,4,1,1,0","rabbit_killer,fist,34.8,-309.2,139,0,3,1,1,0","rabbit_killer,arm_up,43.6,-264.4,161,1,13,1,1,0","rabbit_killer,arm_low,52.8,-285.6,155,1,13,1,1,0","rabbit_killer,fist,66,-308.4,-150,1,19,1,1,0","rabbit_killer,leg_up,-24,-108,-30,0,4,1,1,0","rabbit_killer,leg_low,-61,-62,-59,0,10,1,1,0","rabbit_killer,foot,-106.8,-42.4,-96,0,13,1.1,1.1,0","rabbit_killer,leg_up,25.2,-119.2,41,0,12,1,1,0","rabbit_killer,leg_low,64.8,-68.8,33,0,13,1,1,0","rabbit_killer,foot,82.8,-40.8,11,0,15,1,1,0","rabbit_killer,base,-10.8,-353.6,-137,0,4,1,1,0","rabbit_killer,base,89.2,-368,153,0,21,1,1,0","rabbit_killer,ear,-30,-343,74,0,0,1,1,0","rabbit_killer,ear_back,5,-362,50,0,12,1,1,0","rabbit_killer,tail,-58,-127.2,-23,0,7,1,1,0",,,,,,,,,,,,,,,,,,,,,,,,,,,,,,,,,,,,,,,,,,,,,,,,,,,,,,,,,,,,,,,,,,,,,,,,,,,,,,,,,,,,,,,,,,,,,,,,,,"play_time_mod_0.6",
"Skill1End/7","rabbit_killer,head,68.4,-222.4,-20,0,6,1,1,0","rabbit_killer,neck,44.4,-174.4,159,0,8,1,1,0","rabbit_killer,body,21.2,-139.6,-33,0,7,1,1,0","rabbit_killer,arm_up,36,-176,76,0,5,1,1,0","rabbit_killer,arm_low,67.6,-168,97,0,4,1,1,0","rabbit_killer,fist,102.8,-170.4,74,0,3,1,1,0","rabbit_killer,arm_up,66,-164.8,67,1,13,1,1,0","rabbit_killer,arm_low,102.8,-161.2,143,1,13,1,1,0","rabbit_killer,fist,118,-174.8,137,1,19,1,1,0","rabbit_killer,leg_up,-34,-73,-26,0,4,1,1,0","rabbit_killer,leg_low,-67.2,-28.8,-50,0,10,1,1,0","rabbit_killer,foot,-111.2,-7.2,-96,0,13,1.1,1.1,0","rabbit_killer,leg_up,29.2,-75.2,58,0,12,1,1,0","rabbit_killer,leg_low,56.8,-44.8,-20,0,13,1,1,0","rabbit_killer,foot,38.8,-2.8,-32,0,15,1,1,0","rabbit_killer,base,158,-141.2,64,0,4,1,1,0","rabbit_killer,base,161.2,-132,43,0,21,1,1,0","rabbit_killer,ear,33,-305.2,53,0,0,1,1,0","rabbit_killer,ear_back,77,-311.2,26,0,12,1,1,0","rabbit_killer,tail,-62,-101,-27,0,6,1,1,0",,,,,,,,,,,,,,,,,,,,,,,,,,,,,,,,,,,,,,,,,,,,,,,,,,,,,,,,,,,,,,,,,,,,,,,,,,,,,,,,,,,,,,,,,,,,,,,,,,"play_time_mod_0.6",
"Skill1End/8","rabbit_killer,head,70.4,-168.4,-20,0,6,1,1,0","rabbit_killer,neck,46.4,-134.4,159,0,8,1,1,0","rabbit_killer,body,11.2,-85.6,-46,0,7,1,1,0","rabbit_killer,arm_up,33,-117,66,0,5,1,1,0","rabbit_killer,arm_low,59.6,-108,97,0,4,1,1,0","rabbit_killer,fist,94.8,-110.4,74,0,3,1,1,0","rabbit_killer,arm_up,58,-104.8,67,1,13,1,1,0","rabbit_killer,arm_low,94.8,-101.2,143,1,13,1,1,0","rabbit_killer,fist,110,-114.8,137,1,19,1,1,0","rabbit_killer,leg_up,-56,-33.6,-40,0,4,1,1,0","rabbit_killer,leg_low,-95.2,-2.8,-75,0,10,1,1,0","rabbit_killer,foot,-137.2,4.8,-96,0,13,1.1,1.1,0","rabbit_killer,leg_up,11.2,-55.2,99,0,12,1,1,0","rabbit_killer,leg_low,50.8,-44.8,-31,0,13,1,1,0","rabbit_killer,foot,42.8,-2.8,-13,0,15,1,1,0","rabbit_killer,base,150,-81.2,64,0,4,1,1,0","rabbit_killer,base,153.2,-72,43,0,21,1,1,0","rabbit_killer,ear,35,-245.2,57,0,0,1,1,0","rabbit_killer,ear_back,79,-249.2,19,0,12,1,1,0","rabbit_killer,tail,-76,-61,-27,0,6,1,1,0",,,,,,,,,,,,,,,,,,,,,,,,,,,,,,,,,,,,,,,,,,,,,,,,,,,,,,,,,,,,,,,,,,,,,,,,,,,,,,,,,,,,,,,,,,,,,,,,,"play_time_mod_1","play_time_mod_0.6",
"Skill1End/9","rabbit_killer,head,88,-154,-39,0,6,1,1,0","rabbit_killer,neck,58,-138,130,0,8,1,1,0","rabbit_killer,body,11.2,-93.6,-52,0,7,1,1,0","rabbit_killer,arm_up,27,-113,2,0,5,1,1,0","rabbit_killer,arm_low,35.6,-82,39,0,4,1,1,0","rabbit_killer,fist,66.4,-57.2,38,0,3,1,1,0","rabbit_killer,arm_up,58,-102.8,60,1,13,1,1,0","rabbit_killer,arm_low,94.8,-91.2,120,1,13,1,1,0","rabbit_killer,fist,126,-98.8,126,1,19,1,1,0","rabbit_killer,leg_up,-48,-45,-25,0,4,1,1,0","rabbit_killer,leg_low,-81.2,-12.8,-80,0,10,1,1,0","rabbit_killer,foot,-127.2,-9.2,-103,0,13,1.1,1.1,0","rabbit_killer,leg_up,11.2,-59.2,90,0,12,1,1,0","rabbit_killer,leg_low,44.8,-48.8,-40,0,13,1,1,0","rabbit_killer,foot,32.8,-14.8,-23,0,15,1,1,0","rabbit_killer,base,49.2,6.8,-17,0,4,1,1,0","rabbit_killer,base,159.2,-38,27,0,21,1,1,0","rabbit_killer,ear,105,-235,19,0,0,1,1,0","rabbit_killer,ear_back,145,-219,-7,0,12,1,1,0","rabbit_killer,tail,-76,-85,-40,0,6,1,1,0",,,,,,,,,,,,,,,,,,,,,,,,,,,,,,,,,,,,,,,,,,,,,,,,,,,,,,,,,,,,,,,,,,,,,,,,,,,,,,,,,,,,,,,,,,,,,,,,,,"play_time_mod_0.6",
"Skill1End/10","rabbit_killer,head,86,-162,-28,0,6,1,1,0","rabbit_killer,neck,59,-138,180,0,7,1,1,0","rabbit_killer,body,11.2,-93.6,-52,0,7,1,1,0","rabbit_killer,arm_up,16,-115,-36,0,5,1,1,0","rabbit_killer,arm_low,9.6,-82,16,0,4,1,1,0","rabbit_killer,fist,17.6,-50.4,-18,0,3,1,1,0","rabbit_killer,arm_up,58,-102.8,60,1,13,1,1,0","rabbit_killer,arm_low,82.8,-89.2,106,1,13,1,1,0","rabbit_killer,fist,105.2,-84,114,1,19,1,1,0","rabbit_killer,leg_up,-44,-39,-15,0,4,1,1,0","rabbit_killer,leg_low,-81.2,-12.8,-80,0,10,1,1,0","rabbit_killer,foot,-127.2,-19.2,-121,0,13,1.1,1.1,0","rabbit_killer,leg_up,21,-59,90,0,12,1,1,0","rabbit_killer,leg_low,50.8,-44.8,-27,0,13,1,1,0","rabbit_killer,foot,38.8,-14.8,-16,0,15,1,1,0","rabbit_killer,base,-34.8,-7.2,-48,0,4,1,1,0","rabbit_killer,base,99.2,-18,-7,0,21,1,1,0","rabbit_killer,ear,83,-249,29,0,0,1,1,0","rabbit_killer,ear_back,123,-239,8,0,12,1,1,0","rabbit_killer,tail,-76,-74,-27,0,6,1,1,0",,,,,,,,,,,,,,,,,,,,,,,,,,,,,,,,,,,,,,,,,,,,,,,,,,,,,,,,,,,,,,,,,,,,,,,,,,,,,,,,,,,,,,,,,,,,,,,,,,"play_time_mod_0.6",
"Skill1Ready/0","rabbit_killer,head,102,-161,-36,0,2,1,1,0","rabbit_killer,neck,78,-147,-49,0,4,1,1,0","rabbit_killer,body,17.2,-103.6,-58.5,0,5,1,1,0","rabbit_killer,arm_up,16,-139,-102,0,5,1,1,0","rabbit_killer,arm_low,-21,-135,-59,0,4,1,1,0","rabbit_killer,fist,-51,-112,-88,0,9,1,1,0","rabbit_killer,arm_up,62,-97,15,1,13,1,1,0","rabbit_killer,arm_low,69.6,-73.2,52,1,13,1,1,0","rabbit_killer,fist,86.4,-50,83,1,19,1,1,0","rabbit_killer,leg_up,-37.2,-54.4,6.3,0,4,1,1,0","rabbit_killer,leg_low,-59.2,-14.4,-88,0,10,1,1,0","rabbit_killer,foot,-95.2,-16,-124,0,13,1.1,1.1,0","rabbit_killer,leg_up,5.2,-61.2,78,0,12,1,1,0","rabbit_killer,leg_low,31.2,-48.8,-22,0,13,1,1,0","rabbit_killer,foot,20.8,-13.6,-16.5,0,15,1,1,0","rabbit_killer,base,-83,-153,-144,0,21,1,1,0","rabbit_killer,base,20.4,-30.8,-73,0,21,1,1,0","rabbit_killer,ear,81,-240,44,0,0,1,1,0","rabbit_killer,ear_back,118,-246,25,0,12,1,1,0","rabbit_killer,tail,-75,-83,-14,0,8,1,1,0",,,,,,,,,,,,,,,,,,,,,,,,,,,,,,,,,,,,,,,,,,,,,,,,,,,,,,,,,,,,,,,,,,,,,,,,,,,,,,,,,,,,,,,,,,,,,,,,,,,
"Skill1Ready/1","rabbit_killer,head,119,-117,-49,0,2,1,1,0","rabbit_killer,neck,93,-116,-49,0,4,1,1,0","rabbit_killer,body,23.2,-85.6,-71.5,0,5,1,1,0","rabbit_killer,arm_up,26,-117,-112,0,5,1,1,0","rabbit_killer,arm_low,-14.6,-121,-86,0,4,1,1,0","rabbit_killer,fist,-42.6,-120.6,-113,0,9,1,1,0","rabbit_killer,arm_up,64.4,-79.2,-77,1,13,1,1,0","rabbit_killer,arm_low,37.6,-73.2,-101,1,13,1,1,0","rabbit_killer,fist,4.8,-67.2,-138,1,19,1,1,0","rabbit_killer,leg_up,-27.2,-54.4,19.3,0,4,1,1,0","rabbit_killer,leg_low,-35.2,-14.4,-88,0,10,1,1,0","rabbit_killer,foot,-73.2,-16,-124,0,13,1.1,1.1,0","rabbit_killer,leg_up,11.2,-57.2,73,0,12,1,1,0","rabbit_killer,leg_low,35.2,-36.8,-35,0,13,1,1,0","rabbit_killer,foot,20.8,-13.6,-16.5,0,15,1,1,0","rabbit_killer,base,-80.4,-169.2,-152,0,21,1,1,0","rabbit_killer,base,-8.4,-123.6,-150,0,21,1,1,0","rabbit_killer,ear,120,-202,30,0,0,1,1,0","rabbit_killer,ear_back,155,-198,5,0,12,1,1,0","rabbit_killer,tail,-77,-86,-28,0,6,1,1,0",,,,,,,,,,,,,,,,,,,,,,,,,,,,,,,,,,,,,,,,,,,,,,,,,,,,,,,,,,,,,,,,,,,,,,,,,,,,,,,,,,,,,,,,,,,,,,,,,,,
"Skill1Ready/2","rabbit_killer,head,126,-97,-40,0,2,1,1,0","rabbit_killer,neck,102,-92,-58,0,4,1,1,0","rabbit_killer,body,29.2,-79.6,-85.5,0,5,1,1,0","rabbit_killer,arm_up,43,-111,-120,0,5,1,1,0","rabbit_killer,arm_low,1.4,-125,-108,0,4,1,1,0","rabbit_killer,fist,-34.6,-136.6,-128,0,9,1,1,0","rabbit_killer,arm_up,64.4,-79.2,-77,1,13,1,1,0","rabbit_killer,arm_low,37.6,-73.2,-101,1,13,1,1,0","rabbit_killer,fist,4.8,-67.2,-138,1,19,1,1,0","rabbit_killer,leg_up,-19.2,-54.4,8.3,0,4,1,1,0","rabbit_killer,leg_low,-35.2,-14.4,-88,0,10,1,1,0","rabbit_killer,foot,-73.2,-16,-124,0,13,1.1,1.1,0","rabbit_killer,leg_up,13.2,-55.2,70,0,12,1,1,0","rabbit_killer,leg_low,37.2,-36.8,-47,0,13,1,1,0","rabbit_killer,foot,14.8,-13.6,-22.5,0,15,1,1,0","rabbit_killer,base,-54.4,-187.2,-157,0,21,1,1,0","rabbit_killer,base,5.6,-161.6,-164,0,21,1,1,0","rabbit_killer,ear,117,-192,42,0,0,1,1,0","rabbit_killer,ear_back,150,-180,19,0,12,1,1,0","rabbit_killer,tail,-55,-104,-42,0,7,1,1,0",,,,,,,,,,,,,,,,,,,,,,,,,,,,,,,,,,,,,,,,,,,,,,,,,,,,,,,,,,,,,,,,,,,,,,,,,,,,,,,,,,,,,,,,,,,,,,,,,"play_time_mod_1.5",,
"Skill1Ready/3","rabbit_killer,head,109,-106,-29,0,2,1,1,0","rabbit_killer,neck,86,-93,-68,0,4,1,1,0","rabbit_killer,body,14,-77,-84.5,0,5,1,1,0","rabbit_killer,arm_up,26,-111,-139,0,5,1,1,0","rabbit_killer,arm_low,-11,-129,-115,0,4,1,1,0","rabbit_killer,fist,-45,-135,-138,0,9,1,1,0","rabbit_killer,arm_up,49,-83,-67,1,13,1,1,0","rabbit_killer,arm_low,62,-85,-91,1,13,1,1,0","rabbit_killer,fist,-8,-61,-128,1,19,1,1,0","rabbit_killer,leg_up,-24,-56,34.3,0,4,1,1,0","rabbit_killer,leg_low,-22,-13,-57,0,10,1,1,0","rabbit_killer,foot,-58,0,-114,0,13,1.1,1.1,0","rabbit_killer,leg_up,18,-45,87,0,12,1,1,0","rabbit_killer,leg_low,42,-39,-48,0,13,1,1,0","rabbit_killer,foot,11,-14,-21.5,0,15,1,1,0","rabbit_killer,base,-63,-181,-162,0,21,1,1,0","rabbit_killer,base,-13,-162,-164,0,21,1,1,0","rabbit_killer,ear,79,-191,52,0,0,1,1,0","rabbit_killer,ear_back,110,-196,29,0,12,1,1,0","rabbit_killer,tail,-62,-104,-52,0,6,1,1,0",,,,,,,,,,,,,,,,,,,,,,,,,,,,,,,,,,,,,,,,,,,,,,,,,,,,,,,,,,,,,,,,,,,,,,,,,,,,,,,,,,,,,,,,,,,,,,,,,"play_time_mod_2",,
"Skill1Ready/4","rabbit_killer,head,110,-156,2,0,2,1,1,0","rabbit_killer,neck,85,-135,-38,0,4,1,1,0","rabbit_killer,body,25,-102,-72.5,0,5,1,1,0","rabbit_killer,arm_up,30,-123,-65,0,5,1,1,0","rabbit_killer,arm_low,15,-102,-10,0,4,1,1,0","rabbit_killer,fist,22,-69,-8,0,3,1,1,0","rabbit_killer,arm_up,45,-108,-57,1,13,1,1,0","rabbit_killer,arm_low,57,-112,-81,1,13,1,1,0","rabbit_killer,fist,75,-78,-118,1,19,1,1,0","rabbit_killer,leg_up,-29,-72,3.3,0,4,1,1,0","rabbit_killer,leg_low,-44,-15,-50,0,10,1,1,0","rabbit_killer,foot,-79,4,-102,0,13,1.1,1.1,0","rabbit_killer,leg_up,-10,-61,-156,0,12,1,1,0","rabbit_killer,leg_low,-17,-21,-38,0,13,1,1,0","rabbit_killer,foot,-40,7,-11.5,0,15,1,1,0","rabbit_killer,base,6,-16,-22,0,4,1,1,0","rabbit_killer,base,52,-21,-33,0,21,1,1,0","rabbit_killer,ear,39,-213,88,0,0,1,1,0","rabbit_killer,ear_back,59,-213,84,0,12,1,1,0","rabbit_killer,tail,-66,-118,-53,0,2,1,1,0",,,,,,,,,,,,,,,,,,,,,,,,,,,,,,,,,,,,,,,,,,,,,,,,,,,,,,,,,,,,,,,,,,,,,,,,,,,,,,,,,,,,,,,,,,,,,,,,,"play_time_mod_0.6",,"pierce_small,2500,0"
"Skill1Ready/5","rabbit_killer,head,91,-250,-3,0,2,1,1,0","rabbit_killer,neck,75,-226,-28,0,4,1,1,0","rabbit_killer,body,35,-166,-37.5,0,5,1,1,0","rabbit_killer,arm_up,54,-195,36,0,5,1,1,0","rabbit_killer,arm_low,84,-171,51,0,4,1,1,0","rabbit_killer,fist,113,-149,25,0,3,1,1,0","rabbit_killer,arm_up,92,-183,48,1,13,1,1,0","rabbit_killer,arm_low,123,-171,-91,1,13,1,1,0","rabbit_killer,fist,149,-170,90,1,19,1,1,0","rabbit_killer,leg_up,-27,-105,-40.7,0,4,1,1,0","rabbit_killer,leg_low,-72,-65,-60,0,10,1,1,0","rabbit_killer,foot,-108,-54,-112,0,13,1.1,1.1,0","rabbit_killer,leg_up,-12,-90,-34,0,12,1,1,0","rabbit_killer,leg_low,-49,-48,-48,0,13,1,1,0","rabbit_killer,foot,-77,-23,-21.5,0,15,1,1,0","rabbit_killer,base,136,-90,15,0,4,1,1,0","rabbit_killer,base,165,-98,10,0,21,1,1,0","rabbit_killer,ear,8,-299,96,0,0,1,1,0","rabbit_killer,ear_back,27,-311,83,0,12,1,1,0","rabbit_killer,tail,-43,-147,-63,0,7,1,1,0",,,,,,,,,,,,,,,,,,,,,,,,,,,,,,,,,,,,,,,,,,,,,,,,,,,,,,,,,,,,,,,,,,,,,,,,,,,,,,,,,,,,,,,,,"movement,spin,-99,-17,60,0,11,0.7,0.7,0","movement,spin,-155,34,60,0,4,0.5,0.5,0",,,,,,,"play_time_mod_0.6",,
"Spirit/0","rabbit_killer,close,2,-304,16,0,2,1,1,0","rabbit_killer,neck,4,-277,-3,0,4,1,1,0","rabbit_killer,body,3.2,-201.6,-3.5,0,5,1,1,0","rabbit_killer,arm_up,-36,-236,-77,0,4,1,1,0","rabbit_killer,arm_low,-75,-226,-105,0,4,1,1,0","rabbit_killer,fist,-108,-230,-146,0,9,1,1,0","rabbit_killer,arm_up,39,-238,67,1,13,1,1,0","rabbit_killer,arm_low,78,-234,125,1,13,1,1,0","rabbit_killer,fist,109,-249,91,0,19,1,1,0","rabbit_killer,leg_up,-30,-114,-24.7,0,4,1,1,0","rabbit_killer,leg_low,-55,-56,-25,0,10,1,1,0","rabbit_killer,foot,-78,-19,-62.6,0,13,1,1,0","rabbit_killer,leg_up,9.2,-117.2,24.7,0,12,1,1,0","rabbit_killer,leg_low,33,-58,28.5,0,13,1,1,0","rabbit_killer,foot,53,-18,-10.5,0,15,1,1,0",,,"rabbit_killer,ear,-75,-343,95,0,0,1,1,0","rabbit_killer,ear_back,-56,-372,73,0,12,1,1,0","rabbit_killer,tail,-57,-129,-4,0,6,1,1,0",,,,,,,,,,,,,,,,,,,,,,,,,,,,,,,,,,,,,,,,,,,,,,,,,,,,,,,,,,,,,,,,,,,,,,,,,,,,,,,,,,,,,,,,,,,,,,,,,"effect_fade_5,hold,effect_grey",,
